name,propertyId,propertyType,city,rooms,days,price,checkIn,checkOut,stars,score,advance
Oliver,4865093,NA,Valencia,1,1,€ 63,2019/10/12,2019/10/13,0,"5,5",7
sueñavalencia,5603844,NA,Valencia,1,1,€ 95,2019/10/12,2019/10/13,0,"5,9",7
Ciudad Ciencias- Lujo- Parking- Wi-Fi.,4999636,Apartamento,Valencia,1,1,NA,2019/10/12,2019/10/13,0,"9,8",7
Valencia B&B,2658386,NA,Valencia,1,1,€ 129,2019/10/12,2019/10/13,0,"5,5",7
Guest House Torres de Quart,2275006,NA,Valencia,1,1,€ 50,2019/10/12,2019/10/13,0,"5,3",7
RoomTuristValencia Estacion del Norte,4682632,NA,Valencia,1,1,€ 64,2019/10/12,2019/10/13,0,"5,2",7
Guest House Duc de Gaeta,2275007,NA,Valencia,1,1,€ 41,2019/10/12,2019/10/13,0,"4,9",7
RoomTuristValencia Torres de Quart,4565643,NA,Valencia,1,1,€ 42,2019/10/12,2019/10/13,0,"4,5",7
Guesthouse Plaza de Toros,2985902,NA,Valencia,1,1,€ 72,2019/10/12,2019/10/13,0,"4,9",7
Apartment Regne De Valencia,1533033,Apartamento,Valencia,1,1,NA,2019/10/12,2019/10/13,0,"9,5",7
Malvarosa,3820590,Apartamento,Valencia,1,1,€ 120,2019/10/12,2019/10/13,0,4,7
Constitucion Guesthouse,2985942,NA,Valencia,1,1,€ 67,2019/10/12,2019/10/13,0,"3,7",7
Habitación muy cerca de la playa.,5395908,NA,Valencia,1,1,€ 40,2019/10/12,2019/10/13,0,,7
vosotros sereis parte de mi familia.,5299568,NA,Valencia,1,1,€ 50,2019/10/12,2019/10/13,0,,7
Habitaciones con encanto,5629632,NA,Valencia,1,1,€ 50,2019/10/12,2019/10/13,0,,7
Hogar Dulce Hogar,5426607,NA,Valencia,1,1,€ 60,2019/10/12,2019/10/13,0,,7
Luxury Beach House,3602594,Casa o chalet,Valencia,1,1,NA,2019/10/12,2019/10/13,0,"9,7",7
Loft Turia Gran,5133726,Apartamento,Valencia,1,1,€ 95,2019/10/12,2019/10/13,0,,7
CASA MARQUES DE CARO,4472176,Apartamento,Valencia,1,1,€ 121,2019/10/12,2019/10/13,0,,7
Valencia Puerto Beach 3BD Apartment,5249773,Apartamento,Valencia,1,1,€ 154,2019/10/12,2019/10/13,0,,7
The White Apartment: Luxury- Beach and Design,5631365,Apartamento,Valencia,1,1,€ 167,2019/10/12,2019/10/13,0,,7
Apartment Carrer Ernesto Che Guevara,5598848,Apartamentos,Valencia,1,1,€ 211,2019/10/12,2019/10/13,0,,7
Dreams Rental City Hall,337092,Apartamentos,Valencia,1,1,€ 280,2019/10/12,2019/10/13,0,,7
Travel Habitat Ático Ciutat Vella.,3264750,Apartamento,Valencia,1,1,NA,2019/10/12,2019/10/13,0,"9,5",7
Governor Residence,3799760,Apartahotel,Valencia,1,1,€ 600,2019/10/12,2019/10/13,0,,7
Apartamento con terraza,5238122,Apartahotel,Valencia,1,1,€ 770,2019/10/12,2019/10/13,0,,7
Gulet Why Not,5199364,NA,Valencia,1,1,€ 3.000,2019/10/12,2019/10/13,0,,7
Voyagers Inn Homestay,2682156,NA,Valencia,1,1,€ 42,2019/10/12,2019/10/13,0,"7,8",7
Rio Turia B&B,5531073,NA,Valencia,1,1,€ 48,2019/10/12,2019/10/13,0,"7,6",7
Valencia Just in the Middle,2965508,Apartamento,Valencia,1,1,NA,2019/10/12,2019/10/13,0,"9,9",7
Valencia City Host,1177077,NA,Valencia,1,1,€ 49,2019/10/12,2019/10/13,0,"7,8",7
Como en casa,4802186,NA,Valencia,1,1,€ 54,2019/10/12,2019/10/13,0,"7,9",7
Pensión Universal,304276,NA,Valencia,1,1,€ 55,2019/10/12,2019/10/13,0,"7,9",7
Habitacion por dias Centro Valencia,3977106,NA,Valencia,1,1,€ 58,2019/10/12,2019/10/13,0,"7,8",7
Hostal Moratin,326015,NA,Valencia,1,1,€ 58,2019/10/12,2019/10/13,1,"7,9",7
Lotelito,570027,NA,Valencia,1,1,€ 180,2019/10/12,2019/10/13,0,"8,9",7
Rooms Valencia Center,5507857,NA,Valencia,1,1,€ 59,2019/10/12,2019/10/13,0,"7,8",7
Ambrosio Flats Valencia - El Mercat,3131649,Apartamento,Valencia,1,1,NA,2019/10/12,2019/10/13,0,"9,5",7
Hostal Bisbal,235665,NA,Valencia,1,1,€ 60,2019/10/12,2019/10/13,1,"7,5",7
Hotel Beleret,94652,NA,Valencia,1,1,€ 61,2019/10/12,2019/10/13,3,"7,6",7
Centro & Viaje,4215175,NA,Valencia,1,1,€ 68,2019/10/12,2019/10/13,0,"7,6",7
Valencia Lounge Hostel,337203,NA,Valencia,1,1,€ 71,2019/10/12,2019/10/13,0,"7,7",7
SH Ingles Boutique Hotel,92956,NA,Valencia,1,1,€ 180,2019/10/12,2019/10/13,4,"8,5",7
Apartamento Forn dels Apòstols,3122008,Apartamento,Valencia,1,1,NA,2019/10/12,2019/10/13,0,"9,6",7
Vincci Palace,94163,NA,Valencia,1,1,€ 198,2019/10/12,2019/10/13,4,"8,7",7
Cosy Rooms Tapinería,371192,NA,Valencia,1,1,€ 89,2019/10/12,2019/10/13,2,"7,5",7
Hotel Turia,14441,NA,Valencia,1,1,€ 95,2019/10/12,2019/10/13,4,"7,5",7
Valencia center,3168460,Apartamento,Valencia,1,1,NA,2019/10/12,2019/10/13,0,"9,8",7
Expo Hotel Valencia,91223,NA,Valencia,1,1,€ 96,2019/10/12,2019/10/13,3,"7,6",7
Eurostars Acteón,90495,NA,Valencia,1,1,€ 201,2019/10/12,2019/10/13,4,"8,5",7
Casual Vintage Valencia,1710241,NA,Valencia,1,1,€ 208,2019/10/12,2019/10/13,2,"8,6",7
Vincci Lys,91183,NA,Valencia,1,1,€ 209,2019/10/12,2019/10/13,4,"8,9",7
Melia Plaza Valencia,13270,NA,Valencia,1,1,€ 220,2019/10/12,2019/10/13,4,"8,9",7
The Westin Valencia,93321,NA,Valencia,1,1,€ 248,2019/10/12,2019/10/13,5,"8,7",7
Atico Loft Ruzafa,3152977,Apartamento,Valencia,1,1,NA,2019/10/12,2019/10/13,0,"9,7",7
SH Valencia Palace,91497,NA,Valencia,1,1,€ 250,2019/10/12,2019/10/13,5,"8,5",7
Apartamento Casa con Angel,1079935,Apartamento,Valencia,1,1,€ 256,2019/10/12,2019/10/13,0,"8,8",7
Habitacion Doble Homestay,4037073,NA,Valencia,1,1,€ 100,2019/10/12,2019/10/13,0,"7,9",7
Ilunion Valencia 3,92818,NA,Valencia,1,1,€ 105,2019/10/12,2019/10/13,3,"7,9",7
B&B Hotel Valencia Ciudad de las Ciencias,92242,NA,Valencia,1,1,€ 108,2019/10/12,2019/10/13,3,"7,5",7
Hotel San Lorenzo Boutique,1307718,NA,Valencia,1,1,€ 263,2019/10/12,2019/10/13,3,"8,6",7
Hospes Palau de La Mar,93823,NA,Valencia,1,1,€ 392,2019/10/12,2019/10/13,5,"8,8",7
United Colors of Studios - Mercado Central,2574108,Apartamentos,Valencia,1,1,€ 110,2019/10/12,2019/10/13,0,"7,8",7
Checkin Valencia,93743,NA,Valencia,1,1,€ 119,2019/10/12,2019/10/13,4,"7,8",7
Apartments Torres de Serranos Valencia,1099602,Apartamentos,Valencia,1,1,NA,2019/10/12,2019/10/13,0,"9,6",7
Center Valencia Youth Hostel,246931,NA,Valencia,1,1,€ 30,2019/10/12,2019/10/13,0,8,7
Habitacion en Valencia,4861732,NA,Valencia,1,1,€ 45,2019/10/12,2019/10/13,0,"8,2",7
Charming Ninetta,3220582,Apartamento,Valencia,1,1,NA,2019/10/12,2019/10/13,0,"9,5",7
Casual de la Música Valencia,273130,NA,Valencia,1,1,€ 122,2019/10/12,2019/10/13,2,"7,5",7
STYLISH APARTMENT - CITY CENTER,2861517,Apartamento,Valencia,1,1,€ 140,2019/10/12,2019/10/13,0,"7,8",7
El 16 Ruzafa,865461,Apartamentos,Valencia,1,1,€ 154,2019/10/12,2019/10/13,0,"7,7",7
Friendly Rentals Danna,1634254,Apartamento,Valencia,1,1,€ 176,2019/10/12,2019/10/13,0,"7,7",7
Habitacion en Valencia Barata,4861796,NA,Valencia,1,1,€ 45,2019/10/12,2019/10/13,0,"8,1",7
Pension MonaLisa Luxury Suites,3834224,NA,Valencia,1,1,€ 48,2019/10/12,2019/10/13,0,"8,2",7
Red Nest Hostel,92283,NA,Valencia,1,1,€ 51,2019/10/12,2019/10/13,0,"8,2",7
OYO Pensión El Rincón,476031,NA,Valencia,1,1,€ 201,2019/10/12,2019/10/13,1,"7,6",7
Urban Youth Hostel,1163025,NA,Valencia,1,1,€ 56,2019/10/12,2019/10/13,0,"8,4",7
Hotel Villacarlos,90730,NA,Valencia,1,1,€ 65,2019/10/12,2019/10/13,3,8,7
Albergue Juvenil Colegio Mayor Galileo Galilei,253103,NA,Valencia,1,1,€ 65,2019/10/12,2019/10/13,0,"8,1",7
El Corazon de Canovas,2634817,Apartamento,Valencia,1,1,NA,2019/10/12,2019/10/13,0,"9,5",7
B&B Hi Valencia Canovas,305349,NA,Valencia,1,1,€ 72,2019/10/12,2019/10/13,0,"8,4",7
Tryp Valencia Feria,92852,NA,Valencia,1,1,€ 72,2019/10/12,2019/10/13,4,"8,4",7
7 Moons Bed & Breakfast,464187,NA,Valencia,1,1,€ 75,2019/10/12,2019/10/13,0,"8,4",7
L'Otelet By Sweet,1467935,NA,Valencia,1,1,€ 77,2019/10/12,2019/10/13,0,"8,3",7
APARTAMENTO LAS MELLIZAS,4651578,NA,Valencia,1,1,€ 42,2019/10/12,2019/10/13,0,"8,4",7
Apartamento Comedias,2236348,Apartamento,Valencia,1,1,€ 152,2019/10/12,2019/10/13,0,"9,8",7
Ramirez Flats & Bar,4124528,Apartahotel,Valencia,1,1,€ 225,2019/10/12,2019/10/13,0,"9,5",7
MerKat-Abastos,1231196,Apartamento,Valencia,1,1,NA,2019/10/12,2019/10/13,0,"9,7",7
MARQUÉS HOUSE 4* SUP,2118880,NA,Valencia,1,1,€ 299,2019/10/12,2019/10/13,4,"9,5",7
Cantagua Hostel,4074640,NA,Valencia,1,1,€ 53,2019/10/12,2019/10/13,0,"9,1",7
Habitación privada a 1500 metros de la playa,3789910,NA,Valencia,1,1,€ 60,2019/10/12,2019/10/13,0,"9,3",7
YOU & CO. Saler Beach Boutique,4533007,NA,Valencia,1,1,€ 70,2019/10/12,2019/10/13,3,9,7
Nest Style Valencia,5219046,NA,Valencia,1,1,€ 102,2019/10/12,2019/10/13,3,"9,4",7
Original Domino House,5434091,NA,Valencia,1,1,€ 105,2019/10/12,2019/10/13,0,"9,2",7
Carmen Apartment,3308265,Apartamento,Valencia,1,1,NA,2019/10/12,2019/10/13,0,"9,6",7
Jardín Botánico Hotel Boutique,93369,NA,Valencia,1,1,€ 108,2019/10/12,2019/10/13,3,9,7
Blanq Comedias,4922002,NA,Valencia,1,1,€ 140,2019/10/12,2019/10/13,0,"9,1",7
B BEACH VALENCIA,5125954,Apartamento,Valencia,1,1,€ 150,2019/10/12,2019/10/13,0,"9,1",7
Citizentral Juristas,1113127,Apartamentos,Valencia,1,1,€ 155,2019/10/12,2019/10/13,0,"9,2",7
Mon Suites Catedral,485679,Apartamentos,Valencia,1,1,€ 160,2019/10/12,2019/10/13,0,"9,2",7
Palacio de Rojas,1073276,Apartamentos,Valencia,1,1,€ 171,2019/10/12,2019/10/13,0,"9,3",7
Casa Vich,4457634,Apartamento,Valencia,1,1,NA,2019/10/12,2019/10/13,0,"9,6",7
NH Collection Colón Valencia,3828811,NA,Valencia,1,1,€ 176,2019/10/12,2019/10/13,4,"9,2",7
Rooms Ciencias,94126,NA,Valencia,1,1,€ 180,2019/10/12,2019/10/13,0,9,7
Valenciaflats Centro Ciudad,18544,Apartamentos,Valencia,1,1,€ 180,2019/10/12,2019/10/13,0,"9,2",7
Apartamentos Wallace,1698355,Apartamentos,Valencia,1,1,€ 195,2019/10/12,2019/10/13,0,"9,2",7
Zerka Sendra,4657122,Apartamento,Valencia,1,1,€ 199,2019/10/12,2019/10/13,0,9,7
Apartamentos La más Bonita,2816245,Apartamentos,Valencia,1,1,€ 207,2019/10/12,2019/10/13,0,"9,1",7
Apartments Downtown Valencia,2250421,Apartamentos,Valencia,1,1,NA,2019/10/12,2019/10/13,0,"9,6",7
Vincci Mercat,1279484,NA,Valencia,1,1,€ 209,2019/10/12,2019/10/13,4,9,7
One Shot Mercat 09,2274203,NA,Valencia,1,1,€ 229,2019/10/12,2019/10/13,4,"9,1",7
Las Arenas Balneario Resort,91144,NA,Valencia,1,1,€ 230,2019/10/12,2019/10/13,5,9,7
MYR Hotel Plaza Mercado & Spa,1619029,Apartahotel,Valencia,1,1,€ 239,2019/10/12,2019/10/13,0,"9,2",7
HQ Rooms Apartments San Vicente,2894429,Apartamentos,Valencia,1,1,€ 249,2019/10/12,2019/10/13,0,"9,2",7
