name,propertyId,propertyType,city,rooms,days,price,checkIn,checkOut,stars,score,advance
Hotel Kramer,91106,NA,Valencia,1,1,€ 81,2020/01/02,2020/01/03,3,"8,8",90
Hotel Dimar,90886,NA,Valencia,1,1,€ 81,2020/01/02,2020/01/03,4,"8,7",90
PORT VALENCIA PLAYA,5259971,Apartamento,Valencia,1,1,NA,2020/01/02,2020/01/03,0,"9,8",90
Hotel El Siglo,1741479,NA,Valencia,1,1,€ 82,2020/01/02,2020/01/03,3,"8,5",90
El Palacete Gran Via,3483148,NA,Valencia,1,1,€ 83,2020/01/02,2020/01/03,0,"8,8",90
Melia Valencia,290493,NA,Valencia,1,1,€ 85,2020/01/02,2020/01/03,4,"8,8",90
Burjassot Mestalla,3058627,Apartamento,Valencia,1,1,€ 85,2020/01/02,2020/01/03,0,"8,6",90
vosotros sereis parte de mi familia.,5299568,NA,Valencia,1,1,€ 60,2020/01/02,2020/01/03,0,,90
Valencia- habitacion,5366858,NA,Valencia,1,1,€ 65,2020/01/02,2020/01/03,0,,90
La casita de Palomar,2132386,Apartamentos,Valencia,1,1,NA,2020/01/02,2020/01/03,0,"9,3",90
Cabanyal Apartments Beach,5402234,Apartamento,Valencia,1,1,€ 67,2020/01/02,2020/01/03,0,,90
Bonito Apartamento- confortable y bien comunicado,5572090,Apartamento,Valencia,1,1,€ 68,2020/01/02,2020/01/03,0,,90
Barceló Valencia,91988,NA,Valencia,1,1,€ 86,2020/01/02,2020/01/03,4,"8,7",90
València Centre Torres de Quart,886289,Apartamentos,Valencia,1,1,€ 88,2020/01/02,2020/01/03,0,"8,9",90
Stay at Valencia Downtown,1840715,Apartamento,Valencia,1,1,NA,2020/01/02,2020/01/03,0,"9,6",90
Petit Palace Plaza de la Reina,90443,NA,Valencia,1,1,€ 89,2020/01/02,2020/01/03,3,"8,7",90
Hideout 26,5658117,Apartamentos,Valencia,1,1,€ 72,2020/01/02,2020/01/03,0,,90
Habitación en Valencia,5477394,NA,Valencia,1,1,€ 72,2020/01/02,2020/01/03,0,,90
Piso en Playa de Valencia,5533098,Apartamento,Valencia,1,1,€ 80,2020/01/02,2020/01/03,0,,90
Carrer de l'Arquitecte Alfaro 27 bajo derecha,4353398,Apartamento,Valencia,1,1,€ 102,2020/01/02,2020/01/03,0,,90
Casas Benlliure,3274635,Apartamentos,Valencia,1,1,NA,2020/01/02,2020/01/03,0,"9,1",90
Habitación doble,3599930,NA,Valencia,1,1,€ 90,2020/01/02,2020/01/03,0,"8,9",90
Lotelito,570027,NA,Valencia,1,1,€ 91,2020/01/02,2020/01/03,0,"8,9",90
Suites by Eric Olsan (Florista),4726450,Apartamentos,Valencia,1,1,€ 93,2020/01/02,2020/01/03,0,"8,5",90
Blanq Carmen Hotel,97069,NA,Valencia,1,1,€ 94,2020/01/02,2020/01/03,3,"8,7",90
València Centre Túria,2185255,Apartamento,Valencia,1,1,€ 94,2020/01/02,2020/01/03,0,"8,8",90
Apartments Torres de Serranos Valencia,1099602,Apartamentos,Valencia,1,1,NA,2020/01/02,2020/01/03,0,"9,6",90
Zenit Valencia,92327,NA,Valencia,1,1,€ 95,2020/01/02,2020/01/03,4,"8,8",90
Plaza Sainetero Arniches,3984774,Apartamento,Valencia,1,1,€ 97,2020/01/02,2020/01/03,0,"8,5",90
Casual del Cine Valencia,572187,NA,Valencia,1,1,€ 98,2020/01/02,2020/01/03,2,"8,6",90
Casa de Maria,2467712,Apartamento,Valencia,1,1,€ 98,2020/01/02,2020/01/03,0,"8,6",90
One Shot Colón 46,1394168,NA,Valencia,1,1,€ 98,2020/01/02,2020/01/03,3,"8,7",90
Hotel Gabbeach,403586,NA,Valencia,1,1,€ 99,2020/01/02,2020/01/03,3,"8,5",90
So de Mar,2204496,Apartamento,Valencia,1,1,NA,2020/01/02,2020/01/03,0,"9,6",90
SH Valencia Palace,91497,NA,Valencia,1,1,€ 100,2020/01/02,2020/01/03,5,"8,5",90
Melia Plaza Valencia,13270,NA,Valencia,1,1,€ 105,2020/01/02,2020/01/03,4,"8,9",90
Valenciaflats Centro Histórico,94781,Apartamentos,Valencia,1,1,€ 106,2020/01/02,2020/01/03,0,"8,7",90
Hotel Neptuno,91206,NA,Valencia,1,1,€ 108,2020/01/02,2020/01/03,4,"8,5",90
Comfort Homestay,5423155,NA,Valencia,1,1,€ 105,2020/01/02,2020/01/03,0,,90
Casa los Buhos,4679151,Apartamento,Valencia,1,1,€ 109,2020/01/02,2020/01/03,0,,90
Loft Turia Gran,5133726,Apartamento,Valencia,1,1,€ 120,2020/01/02,2020/01/03,0,,90
Hotel Cosmo,4838858,NA,Valencia,1,1,€ 123,2020/01/02,2020/01/03,3,,90
Victoria Site @ Mercat Central,1958462,Apartamentos,Valencia,1,1,€ 109,2020/01/02,2020/01/03,0,"8,6",90
Cerca de la Playa- el Puerto y del Oceanográfico,5211380,Apartamento,Valencia,1,1,€ 151,2020/01/02,2020/01/03,0,,90
The White Apartment: Luxury- Beach and Design,5631365,Apartamento,Valencia,1,1,€ 167,2020/01/02,2020/01/03,0,,90
La Casa Chica del Carmen,2757078,Apartamento,Valencia,1,1,NA,2020/01/02,2020/01/03,0,"9,2",90
Villa Vista,4292942,Casa o chalet,Valencia,1,1,€ 173,2020/01/02,2020/01/03,0,,90
Casa Del Sueno,4292899,Chalet de montaña,Valencia,1,1,€ 173,2020/01/02,2020/01/03,0,,90
Todo el centro histórico a tu alcance.,5610526,Apartamento,Valencia,1,1,€ 197,2020/01/02,2020/01/03,0,,90
Apartment Carrer Ernesto Che Guevara,5598848,Apartamentos,Valencia,1,1,€ 211,2020/01/02,2020/01/03,0,,90
"Flat ""Ca Alexandre""",3687859,Apartamento,Valencia,1,1,€ 240,2020/01/02,2020/01/03,0,,90
Apartment Carrer de Don Juan de Austria,5464038,Apartamentos,Valencia,1,1,€ 275,2020/01/02,2020/01/03,0,,90
Forn desamparats,2380447,Apartamento,Valencia,1,1,NA,2020/01/02,2020/01/03,0,"9,4",90
Governor Residence,3799760,Apartahotel,Valencia,1,1,€ 600,2020/01/02,2020/01/03,0,,90
Apartment Carrer de Cadis,5531328,Apartamentos,Valencia,1,1,€ 891,2020/01/02,2020/01/03,0,,90
Hostal Antigua Morellana,1273937,NA,Valencia,1,1,€ 80,2020/01/02,2020/01/03,1,"9,5",90
LOFT apartamento duplex en Valencia con parking,5519008,Apartamento,Valencia,1,1,€ 80,2020/01/02,2020/01/03,0,"9,8",90
Casa Vich,4457634,Apartamento,Valencia,1,1,NA,2020/01/02,2020/01/03,0,"9,6",90
Precioso piso junto al antiguo barrio de Campanar,3297078,Apartamento,Valencia,1,1,€ 85,2020/01/02,2020/01/03,0,"9,5",90
L'Esplai Valencia Bed & Breakfast,1282556,NA,Valencia,1,1,€ 89,2020/01/02,2020/01/03,0,"9,6",90
United Colors of Apartments Boutique Style,5372347,Apartamentos,Valencia,1,1,€ 89,2020/01/02,2020/01/03,0,"9,5",90
Calle de Frederica Montseny 'Política' Casa o chalet,5152866,Casa o chalet,Valencia,1,1,€ 95,2020/01/02,2020/01/03,0,"9,5",90
Casa La Buhardilla,2985364,Apartamento,Valencia,1,1,€ 97,2020/01/02,2020/01/03,0,"9,6",90
Opera House Valencia B&B,3533887,NA,Valencia,1,1,€ 106,2020/01/02,2020/01/03,0,"9,5",90
Apartment Cisneros 2,2361375,Apartamento,Valencia,1,1,NA,2020/01/02,2020/01/03,0,"9,7",90
Ramirez Flats & Bar,4124528,Apartahotel,Valencia,1,1,€ 113,2020/01/02,2020/01/03,0,"9,5",90
Valencian Dreams Lonja,4757385,Apartamento,Valencia,1,1,€ 138,2020/01/02,2020/01/03,0,"9,8",90
MARQUÉS HOUSE 4* SUP,2118880,NA,Valencia,1,1,€ 149,2020/01/02,2020/01/03,4,"9,5",90
Olympia Flats,4212801,NA,Valencia,1,1,€ 90,2020/01/02,2020/01/03,0,"9,7",90
Casa Calle Conquista,4691493,Apartamento,Valencia,1,1,€ 240,2020/01/02,2020/01/03,0,"9,6",90
MD PASEO RUZAFA CENTER,5374850,Apartamento,Valencia,1,1,€ 1.030,2020/01/02,2020/01/03,0,"9,6",90
Apartamento Forn dels Apòstols,3122008,Apartamento,Valencia,1,1,NA,2020/01/02,2020/01/03,0,"9,6",90
Host & Home,1663785,NA,Valencia,1,1,€ 60,2020/01/02,2020/01/03,0,9,90
Habitación privada a 1500 metros de la playa,3789910,NA,Valencia,1,1,€ 60,2020/01/02,2020/01/03,0,"9,3",90
YOU & CO. Saler Beach Boutique,4533007,NA,Valencia,1,1,€ 62,2020/01/02,2020/01/03,3,9,90
Brisa Mare Nostrum,2855311,Apartamento,Valencia,1,1,€ 65,2020/01/02,2020/01/03,0,"9,2",90
Blanq Comedias,4922002,NA,Valencia,1,1,€ 68,2020/01/02,2020/01/03,0,"9,1",90
Original Domino House,5434091,NA,Valencia,1,1,€ 75,2020/01/02,2020/01/03,0,"9,2",90
Hexagonal Design Apartment Valencia,4630643,Apartamento,Valencia,1,1,NA,2020/01/02,2020/01/03,0,"9,5",90
OttoH Charm Stay,2459807,NA,Valencia,1,1,€ 79,2020/01/02,2020/01/03,0,"9,3",90
Maison Reina B&B,5004812,NA,Valencia,1,1,€ 80,2020/01/02,2020/01/03,0,"9,2",90
Hotel Valencia Alameda,4019381,NA,Valencia,1,1,€ 80,2020/01/02,2020/01/03,4,"9,3",90
Florista's Room en Valencia,5502152,NA,Valencia,1,1,€ 83,2020/01/02,2020/01/03,0,"9,1",90
Atico de Lujo,2142556,Apartamento,Valencia,1,1,€ 85,2020/01/02,2020/01/03,0,"9,2",90
RUZAFA. Nice apartment and Terrace.,4368595,Apartamento,Valencia,1,1,€ 135,2020/01/02,2020/01/03,0,"9,3",90
Nest Style Valencia,5219046,NA,Valencia,1,1,€ 136,2020/01/02,2020/01/03,3,"9,4",90
Apartamento,3139431,Apartamento,Valencia,1,1,NA,2020/01/02,2020/01/03,0,"9,5",90
MD Design Hotel - Portal del Real,2391685,NA,Valencia,1,1,€ 143,2020/01/02,2020/01/03,2,"9,1",90
HQ Rooms Apartments San Vicente,2894429,Apartamentos,Valencia,1,1,€ 145,2020/01/02,2020/01/03,0,"9,2",90
5 SENSES,3786890,Apartamento,Valencia,1,1,€ 147,2020/01/02,2020/01/03,0,"9,2",90
Vincci Mercat,1279484,NA,Valencia,1,1,€ 150,2020/01/02,2020/01/03,4,9,90
One Shot Mercat 09,2274203,NA,Valencia,1,1,€ 152,2020/01/02,2020/01/03,4,"9,1",90
Las Arenas Balneario Resort,91144,NA,Valencia,1,1,€ 153,2020/01/02,2020/01/03,5,9,90
Valencia what else...,2550483,Apartamento,Valencia,1,1,NA,2020/01/02,2020/01/03,0,"9,5",90
Mediterranean Flats Plaza Redonda,4086496,Apartamentos,Valencia,1,1,€ 155,2020/01/02,2020/01/03,0,"9,3",90
Citizentral Juristas,1113127,Apartamentos,Valencia,1,1,€ 155,2020/01/02,2020/01/03,0,"9,2",90
Loft zona Pechina en Valencia centro,2524985,Apartamento,Valencia,1,1,€ 158,2020/01/02,2020/01/03,0,"9,2",90
Apartamentos La más Bonita,2816245,Apartamentos,Valencia,1,1,€ 165,2020/01/02,2020/01/03,0,"9,1",90
Center City Flats,861452,Apartamentos,Valencia,1,1,€ 171,2020/01/02,2020/01/03,0,"9,1",90
NH Valencia Las Artes,90731,NA,Valencia,1,1,€ 95,2020/01/02,2020/01/03,4,"8,4",90
Cozy fisherman's house,2241663,Casa o chalet,Valencia,1,1,€ 95,2020/01/02,2020/01/03,0,"8,3",90
APARTAMENTO CENTRICO. WI-FI. PARKING,2967593,Apartamento,Valencia,1,1,NA,2020/01/02,2020/01/03,0,"9,1",90
Apartment Valencia,348555,Apartamentos,Valencia,1,1,€ 95,2020/01/02,2020/01/03,0,8,90
Rincón acogedor a un kilómetro y medio de la playa,4501127,NA,Valencia,1,1,€ 97,2020/01/02,2020/01/03,0,"8,4",90
Holiday Inn Express Ciudad de las Ciencias,96737,NA,Valencia,1,1,€ 101,2020/01/02,2020/01/03,3,8,90
Mon Suites San Nicolas,4117225,Apartamentos,Valencia,1,1,€ 179,2020/01/02,2020/01/03,0,"9,2",90
Apartamento centro,3160737,Apartamento,Valencia,1,1,NA,2020/01/02,2020/01/03,0,"9,7",90
Friendly Rentals Montaner Beach,2314997,Apartamento,Valencia,1,1,€ 185,2020/01/02,2020/01/03,0,9,90
ApartUP Viveros Pets,2834736,Apartamento,Valencia,1,1,€ 187,2020/01/02,2020/01/03,0,"9,3",90
Apartamento de Diseño en Ruzafa,4269940,Apartamento,Valencia,1,1,€ 191,2020/01/02,2020/01/03,0,"9,3",90
Loft Superior el Carmen,2784473,Apartamento,Valencia,1,1,€ 197,2020/01/02,2020/01/03,0,"9,2",90
Ilunion Valencia 4,754329,NA,Valencia,1,1,€ 105,2020/01/02,2020/01/03,4,"8,1",90
Apartamento Plaza Sainetero,2743838,Apartamento,Valencia,1,1,€ 106,2020/01/02,2020/01/03,0,"8,2",90
Hotel Conqueridor,91047,NA,Valencia,1,1,€ 108,2020/01/02,2020/01/03,4,"8,4",90
COZY APARTMENT VALENCIA BEACHFRONT!,3128516,Apartamento,Valencia,1,1,NA,2020/01/02,2020/01/03,0,"9,4",90
Apartamento Torres,3654194,Apartamento,Valencia,1,1,€ 115,2020/01/02,2020/01/03,0,"8,3",90
Caro Hotel,348132,NA,Valencia,1,1,€ 199,2020/01/02,2020/01/03,5,"9,2",90
The Flow House,4762375,Apartamentos,Valencia,1,1,€ 210,2020/01/02,2020/01/03,0,"9,2",90
Preciosa Casita Cerca Del Mar,4057271,Apartamento,Valencia,1,1,NA,2020/01/02,2020/01/03,0,"9,7",90
Apartamento Playa Wifi Gratis,3495634,Apartamento,Valencia,1,1,€ 220,2020/01/02,2020/01/03,0,"9,3",90
Apartamento Privado Próximo a Playa y Ciencias,3783163,Apartamento,Valencia,1,1,€ 120,2020/01/02,2020/01/03,0,"8,2",90
Friendly Rentals Pergolesi,1634240,Apartamentos,Valencia,1,1,€ 125,2020/01/02,2020/01/03,0,"8,4",90
Valenciaflats Torres de Serrano,17468,Apartamentos,Valencia,1,1,€ 129,2020/01/02,2020/01/03,0,"8,3",90
Friendly Rentals Puerto Deportivo,2317861,Apartamentos,Valencia,1,1,€ 130,2020/01/02,2020/01/03,0,"8,2",90
City Suites Apartments,3091106,NA,Valencia,1,1,€ 130,2020/01/02,2020/01/03,0,"8,4",90
Piso céntrico Plaza Toros,2961063,Apartamento,Valencia,1,1,NA,2020/01/02,2020/01/03,0,"9,3",90
Ca Carmela,2466364,Casa o chalet,Valencia,1,1,€ 252,2020/01/02,2020/01/03,0,"9,1",90
Zerka Sendra,4657122,Apartamento,Valencia,1,1,€ 309,2020/01/02,2020/01/03,0,9,90
MD Julio Antonio Apartment Center,3961049,Apartamento,Valencia,1,1,€ 367,2020/01/02,2020/01/03,0,"9,2",90
The River Hostel,494202,NA,Valencia,1,1,€ 18,2020/01/02,2020/01/03,0,"8,5",90
Apartamento Obispo don Jerónimo,2079020,Apartamento,Valencia,1,1,€ 135,2020/01/02,2020/01/03,0,"8,2",90
Ilunion Aqua 3,92776,NA,Valencia,1,1,€ 136,2020/01/02,2020/01/03,3,"8,3",90
Friendly Rentals ABC,3656596,Apartamento,Valencia,1,1,€ 150,2020/01/02,2020/01/03,0,"8,3",90
Friendly Rentals Verdi,1634232,Apartamento,Valencia,1,1,€ 150,2020/01/02,2020/01/03,0,"8,1",90
Style Apartments Puerto,1558265,Apartamentos,Valencia,1,1,€ 154,2020/01/02,2020/01/03,0,8,90
Apartment en Mercado Central,2520163,Apartamento,Valencia,1,1,€ 167,2020/01/02,2020/01/03,0,"8,1",90
Apartments Abate 4,2848648,Apartamentos,Valencia,1,1,NA,2020/01/02,2020/01/03,0,9,90
Loft el Carmen amazing views,4932621,Apartamento,Valencia,1,1,€ 170,2020/01/02,2020/01/03,0,"8,1",90
Friendly Rentals Evans,1634220,Apartamentos,Valencia,1,1,€ 180,2020/01/02,2020/01/03,0,"8,4",90
Zerka Centro,4425975,Apartamentos,Valencia,1,1,€ 199,2020/01/02,2020/01/03,0,"8,3",90
Malvarrosa Calle Pavia,3608764,Casa o chalet,Valencia,1,1,€ 271,2020/01/02,2020/01/03,0,8,90
Ca'delsPins,4110201,Villas,Valencia,1,1,€ 290,2020/01/02,2020/01/03,0,"8,1",90
Precioso Apartamento En Pleno Centro Con Wifi,3023494,Apartamento,Valencia,1,1,€ 153,2020/01/02,2020/01/03,0,"8,8",90
Puerta de Serranos,2734333,Apartamentos,Valencia,1,1,€ 153,2020/01/02,2020/01/03,0,"8,8",90
Piso en La Ciudad de Artes,3832790,Apartamento,Valencia,1,1,NA,2020/01/02,2020/01/03,0,"9,6",90
Friendly Rentals Gala,1634252,Apartamento,Valencia,1,1,€ 160,2020/01/02,2020/01/03,0,"8,7",90
Friendly Rentals Desplat,4120221,Apartamento,Valencia,1,1,€ 175,2020/01/02,2020/01/03,0,"8,5",90
Mar & City Apartment,3456759,Apartamento,Valencia,1,1,€ 182,2020/01/02,2020/01/03,0,"8,9",90
ApartUP Patacona Beach I,1712452,Apartamentos,Valencia,1,1,€ 187,2020/01/02,2020/01/03,0,"8,6",90
Friendly Rentals Vives 2,2523871,Apartamento,Valencia,1,1,€ 190,2020/01/02,2020/01/03,0,"8,6",90
ValentiaApartments - MercadoCentral,4185241,Apartamentos,Valencia,1,1,€ 200,2020/01/02,2020/01/03,0,"8,7",90
Ca María,3776707,Apartamento,Valencia,1,1,NA,2020/01/02,2020/01/03,0,"9,7",90
Hospes Palau de La Mar,93823,NA,Valencia,1,1,€ 208,2020/01/02,2020/01/03,5,"8,8",90
Flatsforyou Mercat,1367507,Apartamentos,Valencia,1,1,€ 280,2020/01/02,2020/01/03,3,"8,9",90
SingularStays Parque Central,3054000,Apartamentos,Valencia,1,1,€ 335,2020/01/02,2020/01/03,0,"8,8",90
The Westin Valencia,93321,NA,Valencia,1,1,€ 396,2020/01/02,2020/01/03,5,"8,7",90
Purple Nest Hostel,25278,NA,Valencia,1,1,€ 28,2020/01/02,2020/01/03,0,"8,2",90
Habitación en valencia centro,5418023,NA,Valencia,1,1,€ 30,2020/01/02,2020/01/03,0,"8,3",90
Apartamento Angel Alcazar 35,2174625,Apartamento,Valencia,1,1,€ 90,2020/01/02,2020/01/03,0,"7,5",90
ApartUP Patacona Select,4972015,Apartamento,Valencia,1,1,NA,2020/01/02,2020/01/03,0,"9,9",90
Red Nest Hostel,92283,NA,Valencia,1,1,€ 38,2020/01/02,2020/01/03,0,"8,2",90
Habitacion en Valencia Barata,4861796,NA,Valencia,1,1,€ 40,2020/01/02,2020/01/03,0,"8,1",90
Alex Apartment,1756374,Apartamento,Valencia,1,1,€ 90,2020/01/02,2020/01/03,0,"7,9",90
APARTAMENTO CENTRICO. WI-FI. PARKING,2967593,Apartamento,Valencia,1,1,NA,2020/01/02,2020/01/03,0,"9,1",90
El 16 Ruzafa,865461,Apartamentos,Valencia,1,1,€ 94,2020/01/02,2020/01/03,0,"7,7",90
Suites by Eric Olsan (Peset),4726296,Apartamentos,Valencia,1,1,€ 94,2020/01/02,2020/01/03,0,"7,6",90
Suites by Eric Olsan (L),4287413,Apartamentos,Valencia,1,1,€ 94,2020/01/02,2020/01/03,0,"7,7",90
Apartamento Barato Valencia,3931013,NA,Valencia,1,1,€ 42,2020/01/02,2020/01/03,0,8,90
Hostal Abastos,257057,NA,Valencia,1,1,€ 45,2020/01/02,2020/01/03,2,"8,2",90
Habitacion en Valencia,4861732,NA,Valencia,1,1,€ 45,2020/01/02,2020/01/03,0,"8,2",90
Hotel Turia,14441,NA,Valencia,1,1,€ 99,2020/01/02,2020/01/03,4,"7,5",90
Apartamento Alguer,4005334,Apartamento,Valencia,1,1,€ 100,2020/01/02,2020/01/03,0,"7,8",90
Hostal El Cid,309465,NA,Valencia,1,1,€ 100,2020/01/02,2020/01/03,2,"7,6",90
Homelirose Apartaments,3140406,Apartamento,Valencia,1,1,NA,2020/01/02,2020/01/03,0,"9,3",90
Plaza Sainetero 5,3148458,Apartamento,Valencia,1,1,€ 106,2020/01/02,2020/01/03,0,"7,7",90
Hotel Villacarlos,90730,NA,Valencia,1,1,€ 48,2020/01/02,2020/01/03,3,8,90
Apartamento Frederick “Centrico y con Clase”,4236394,Apartamento,Valencia,1,1,NA,2020/01/02,2020/01/03,0,"9,6",90
Tryp Valencia Feria,92852,NA,Valencia,1,1,€ 50,2020/01/02,2020/01/03,4,"8,4",90
Aventura,5567318,NA,Valencia,1,1,€ 50,2020/01/02,2020/01/03,0,"8,3",90
Apartamentos Valencia,1007682,Apartamentos,Valencia,1,1,€ 50,2020/01/02,2020/01/03,0,"8,2",90
Apartamentos Catedral,2358858,Apartamentos,Valencia,1,1,€ 119,2020/01/02,2020/01/03,0,"7,7",90
Ilunion Valencia 3,92818,NA,Valencia,1,1,€ 123,2020/01/02,2020/01/03,3,"7,9",90
STYLISH APARTMENT - CITY CENTER,2861517,Apartamento,Valencia,1,1,€ 140,2020/01/02,2020/01/03,0,"7,8",90
Patacona Resort Apartments,189782,Apartamentos,Valencia,1,1,€ 161,2020/01/02,2020/01/03,0,"7,8",90
Apartamentos Rusafa,5604325,NA,Valencia,1,1,€ 50,2020/01/02,2020/01/03,0,"8,3",90
Habitación en piso compartido,5433175,NA,Valencia,1,1,€ 50,2020/01/02,2020/01/03,0,"8,3",90
Apartment Plaza de la Merced,3457190,Apartamento,Valencia,1,1,€ 470,2020/01/02,2020/01/03,0,"7,9",90
Vivaldi Center City,2791614,Apartamento,Valencia,1,1,NA,2020/01/02,2020/01/03,0,"9,1",90
Hostal Waksman,281139,NA,Valencia,1,1,€ 30,2020/01/02,2020/01/03,1,"7,3",90
Habitación con cama doble,4794909,NA,Valencia,1,1,€ 32,2020/01/02,2020/01/03,0,7,90
HOSPEDAJE PESET,4718074,NA,Valencia,1,1,€ 40,2020/01/02,2020/01/03,0,"7,3",90
Murillo Apartment,408163,Apartamento,Valencia,1,1,€ 41,2020/01/02,2020/01/03,0,"7,1",90
Cosy Rooms Bolsería,371606,NA,Valencia,1,1,€ 47,2020/01/02,2020/01/03,2,"7,4",90
Centro Valencia Calle Cerrajeros,3476261,NA,Valencia,1,1,€ 50,2020/01/02,2020/01/03,0,"7,1",90
CheValenciaFlats,2064099,Apartamentos,Valencia,1,1,NA,2020/01/02,2020/01/03,0,9,90
PISO ACOGEDOR,4995780,NA,Valencia,1,1,€ 50,2020/01/02,2020/01/03,0,"7,1",90
Malvarrosa Beach Rooms,314048,NA,Valencia,1,1,€ 55,2020/01/02,2020/01/03,2,7,90
Central Station Valencia Hostel,1647017,NA,Valencia,1,1,€ 55,2020/01/02,2020/01/03,0,"7,1",90
Plaza Redonda house.,4399973,NA,Valencia,1,1,€ 59,2020/01/02,2020/01/03,0,"7,4",90
Cosy Rooms Embajador,369728,NA,Valencia,1,1,€ 59,2020/01/02,2020/01/03,2,"7,4",90
