name,propertyId,propertyType,city,rooms,days,price,checkIn,checkOut,stars,score,advance
Apartment Carrer de Cadis,5531328,Apartamentos,Valencia,1,1,€ 648,2020/01/18,2020/01/19,0,,90
EXCLUSIVE VILLA WITH POOL ON THE BEACH,5684273,Villa,Valencia,1,1,€ 970,2020/01/18,2020/01/19,0,,90
Hulot B&B Valencia,585429,NA,Valencia,1,1,€ 56,2020/01/18,2020/01/19,0,"8,5",90
Hotel Olympia Universidades,1301731,NA,Valencia,1,1,€ 56,2020/01/18,2020/01/19,3,"8,5",90
SH Valencia Palace,91497,NA,Valencia,1,1,€ 108,2020/01/18,2020/01/19,5,"8,5",90
MD Design Hotel - Portal del Real,2391685,NA,Valencia,1,1,€ 102,2020/01/18,2020/01/19,2,"9,1",90
Center City Flats,861452,Apartamentos,Valencia,1,1,€ 103,2020/01/18,2020/01/19,0,"9,1",90
Palacio de Rojas,1073276,Apartamentos,Valencia,1,1,NA,2020/01/18,2020/01/19,0,"9,3",90
Hotel Neptuno,91206,NA,Valencia,1,1,€ 108,2020/01/18,2020/01/19,4,"8,5",90
Carlos & Ana,2079019,Apartamento,Valencia,1,1,NA,2020/01/18,2020/01/19,0,"8,9",90
Vincci Lys,91183,NA,Valencia,1,1,€ 110,2020/01/18,2020/01/19,4,"8,9",90
One Shot Palacio Reina Victoria 04,90885,NA,Valencia,1,1,€ 110,2020/01/18,2020/01/19,4,"8,6",90
El Palacete Gran Via,3483148,NA,Valencia,1,1,€ 111,2020/01/18,2020/01/19,0,"8,8",90
El Coral Apartment Valencia,3606766,Apartamento,Valencia,1,1,€ 122,2020/01/18,2020/01/19,0,"8,7",90
Citizentral Juristas,1113127,Apartamentos,Valencia,1,1,€ 103,2020/01/18,2020/01/19,0,"9,2",90
Forn desamparats,2380447,Apartamento,Valencia,1,1,€ 105,2020/01/18,2020/01/19,0,"9,4",90
Comfort Homestay,5423155,NA,Valencia,1,1,€ 105,2020/01/18,2020/01/19,0,9,90
SingularStays Mar44,1002060,Apartamentos,Valencia,1,1,NA,2020/01/18,2020/01/19,0,"8,7",90
Balcón Al Mar,295109,NA,Valencia,1,1,€ 56,2020/01/18,2020/01/19,0,"8,5",90
Apartamentos Plaza Picasso,97063,Apartamentos,Valencia,1,1,€ 59,2020/01/18,2020/01/19,0,"8,5",90
Zalamera BnB,1331238,NA,Valencia,1,1,€ 60,2020/01/18,2020/01/19,0,"8,7",90
València Centre Torres de Quart,886289,Apartamentos,Valencia,1,1,€ 62,2020/01/18,2020/01/19,0,"8,9",90
Petit Palace Ruzafa,90792,NA,Valencia,1,1,€ 62,2020/01/18,2020/01/19,3,"8,7",90
UNIK. Apartments Valencia,2241282,Apartamentos,Valencia,1,1,€ 65,2020/01/18,2020/01/19,0,"8,5",90
SingularStays San Vicente,1423172,Apartamentos,Valencia,1,1,NA,2020/01/18,2020/01/19,0,"8,9",90
AC Hotel Valencia,91063,NA,Valencia,1,1,€ 65,2020/01/18,2020/01/19,4,"8,5",90
Living Valencia - Patacona Beach 56,3718985,Apartamentos,Valencia,1,1,€ 66,2020/01/18,2020/01/19,0,"8,8",90
València Centre Túria,2185255,Apartamento,Valencia,1,1,€ 66,2020/01/18,2020/01/19,0,"8,8",90
Mon Suites San Nicolas,4117225,Apartamentos,Valencia,1,1,€ 106,2020/01/18,2020/01/19,0,"9,2",90
NH Collection Colón Valencia,3828811,NA,Valencia,1,1,€ 109,2020/01/18,2020/01/19,4,"9,2",90
Apartamento centro frente a Torres de Serrano,3408067,Apartamento,Valencia,1,1,€ 110,2020/01/18,2020/01/19,0,"9,4",90
Center Valencia,2944722,Casa o chalet,Valencia,1,1,NA,2020/01/18,2020/01/19,0,"9,3",90
ABCyou Bed&Breakfast,189207,NA,Valencia,1,1,€ 66,2020/01/18,2020/01/19,0,"8,5",90
Jardín Botánico Hotel Boutique,93369,NA,Valencia,1,1,€ 66,2020/01/18,2020/01/19,3,"8,9",90
Apartamento Ciudad de las Artes y las Ciencias,4353552,Apartamento,Valencia,1,1,€ 80,2020/01/18,2020/01/19,0,"8,3",90
Casa del Patriarca,364834,NA,Valencia,1,1,€ 67,2020/01/18,2020/01/19,0,"8,9",90
Sunrise Apartments,640409,Apartamentos,Valencia,1,1,NA,2020/01/18,2020/01/19,0,"8,9",90
Hotel Kramer,91106,NA,Valencia,1,1,€ 67,2020/01/18,2020/01/19,3,"8,8",90
Bianca,4232781,Apartamento,Valencia,1,1,€ 69,2020/01/18,2020/01/19,0,"8,9",90
Soho Valencia,1538641,Apartahotel,Valencia,1,1,€ 70,2020/01/18,2020/01/19,0,"8,9",90
Hotel Conqueridor,91047,NA,Valencia,1,1,€ 81,2020/01/18,2020/01/19,4,"8,4",90
Coroa Malvarrosa,1638172,Apartamentos,Valencia,1,1,NA,2020/01/18,2020/01/19,0,"8,2",90
ApartUP Patacona Beach I,1712452,Apartamentos,Valencia,1,1,€ 124,2020/01/18,2020/01/19,0,"8,8",90
Apartamentos Valencia - Brazil 31 Free WiFi,4948554,Apartamento,Valencia,1,1,€ 125,2020/01/18,2020/01/19,0,"8,8",90
Apartamento Sofia,2552406,Apartamento,Valencia,1,1,NA,2020/01/18,2020/01/19,0,"8,6",90
Cathedral Suites Hotel,1736257,Apartahotel,Valencia,1,1,€ 129,2020/01/18,2020/01/19,4,"8,9",90
"Piso ""Como en tu casa""",2689136,Apartamento,Valencia,1,1,€ 110,2020/01/18,2020/01/19,0,"9,2",90
47 Carrer de Cadis- puerta 1,4511167,Apartamento,Valencia,1,1,€ 113,2020/01/18,2020/01/19,0,9,90
Hotel Boutique Balandret,1281710,NA,Valencia,1,1,€ 114,2020/01/18,2020/01/19,3,"9,2",90
APARTAMENTO LAS MELLIZAS,4651578,NA,Valencia,1,1,€ 49,2020/01/18,2020/01/19,0,"8,3",90
NH Valencia Center,90727,NA,Valencia,1,1,€ 88,2020/01/18,2020/01/19,4,"8,3",90
Atico Ciutat Vella,3446230,Apartamentos,Valencia,1,1,€ 95,2020/01/18,2020/01/19,0,"8,4",90
Valencia maritimo,3020748,Apartamento,Valencia,1,1,€ 70,2020/01/18,2020/01/19,0,"8,9",90
Victoria Site @ Mercat Central,1958462,Apartamentos,Valencia,1,1,€ 70,2020/01/18,2020/01/19,0,"8,6",90
Casual del Cine Valencia,572187,NA,Valencia,1,1,€ 72,2020/01/18,2020/01/19,2,"8,6",90
Hotel San Lorenzo Boutique,1307718,NA,Valencia,1,1,€ 135,2020/01/18,2020/01/19,3,"8,6",90
Dr Lluch,4758818,Apartamento,Valencia,1,1,€ 135,2020/01/18,2020/01/19,0,"8,5",90
Apartments Plaza Ayuntamiento,3506736,Apartamento,Valencia,1,1,€ 146,2020/01/18,2020/01/19,0,"8,7",90
Puerta de Serranos,2734333,Apartamentos,Valencia,1,1,€ 153,2020/01/18,2020/01/19,0,"8,9",90
Apartamentos La más Bonita,2816245,Apartamentos,Valencia,1,1,€ 115,2020/01/18,2020/01/19,0,9,90
Casual Socarrat Valencia,5142800,NA,Valencia,1,1,€ 119,2020/01/18,2020/01/19,3,"9,1",90
Apartamento en el centro de Valencia,4709659,Apartamento,Valencia,1,1,€ 120,2020/01/18,2020/01/19,0,9,90
Vivaldi Valencia,427198,Apartamentos,Valencia,1,1,NA,2020/01/18,2020/01/19,0,"9,3",90
Apartments Trinitarios,364825,Apartamentos,Valencia,1,1,NA,2020/01/18,2020/01/19,0,"8,9",90
Zenit Valencia,92327,NA,Valencia,1,1,€ 74,2020/01/18,2020/01/19,4,"8,8",90
Sercotel Sorolla Palace,93646,NA,Valencia,1,1,€ 74,2020/01/18,2020/01/19,4,"8,6",90
United Colors of Apartments - Catedral,1301545,Apartamentos,Valencia,1,1,€ 99,2020/01/18,2020/01/19,0,"8,2",90
Primus Valencia,331871,NA,Valencia,1,1,€ 107,2020/01/18,2020/01/19,4,"8,3",90
Apartamento Torres,3654194,Apartamento,Valencia,1,1,€ 110,2020/01/18,2020/01/19,0,"8,3",90
SHF Flats Baron,1033085,Apartamentos,Valencia,1,1,NA,2020/01/18,2020/01/19,0,8,90
15 Avinguda Mare Nostrum,4518973,Apartamento,Valencia,1,1,€ 120,2020/01/18,2020/01/19,0,"9,4",90
MYR Hotel Plaza Mercado & Spa,1619029,Apartahotel,Valencia,1,1,€ 122,2020/01/18,2020/01/19,0,"9,2",90
Biopark View Apartment,2381901,Apartamento,Valencia,1,1,€ 127,2020/01/18,2020/01/19,0,9,90
One Shot Mercat 09,2274203,NA,Valencia,1,1,€ 127,2020/01/18,2020/01/19,4,"9,1",90
Apartamento Privado Próximo a Playa y Ciencias,3783163,Apartamento,Valencia,1,1,€ 120,2020/01/18,2020/01/19,0,"8,3",90
Apartments Welcome to Valencia Peset Aleixandre 69,4964856,Apartamento,Valencia,1,1,€ 130,2020/01/18,2020/01/19,0,"8,4",90
Welcome Platanos 13 Valencia Beautiful apartments with terrace,5095795,Apartamento,Valencia,1,1,€ 134,2020/01/18,2020/01/19,0,"8,1",90
Casa los Peces,3234194,Apartamento,Valencia,1,1,€ 170,2020/01/18,2020/01/19,0,"8,3",90
One Shot Colón 46,1394168,NA,Valencia,1,1,€ 76,2020/01/18,2020/01/19,3,"8,7",90
Boutique Creative Rooms,2334726,NA,Valencia,1,1,€ 76,2020/01/18,2020/01/19,0,"8,7",90
Hotel Mediterraneo Valencia,92412,NA,Valencia,1,1,€ 78,2020/01/18,2020/01/19,3,"8,8",90
Mar & City Apartment,3456759,Apartamento,Valencia,1,1,€ 157,2020/01/18,2020/01/19,0,"8,9",90
Flats Hondures,2194645,Apartamentos,Valencia,1,1,NA,2020/01/18,2020/01/19,0,"8,7",90
ValentiaApartments - MercadoCentral,4185241,Apartamentos,Valencia,1,1,€ 163,2020/01/18,2020/01/19,0,"8,8",90
The Westin Valencia,93321,NA,Valencia,1,1,€ 168,2020/01/18,2020/01/19,5,"8,7",90
Live in Chianti Apartaments,2882632,Apartamentos,Valencia,1,1,€ 128,2020/01/18,2020/01/19,0,"9,1",90
OCEANOGRAFIC DELUXE- PARKING- WI-FI,4095746,Apartamento,Valencia,1,1,€ 130,2020/01/18,2020/01/19,0,"9,1",90
Habitación ático muy luminosa con baño y terraza,5292007,NA,Valencia,1,1,NA,2020/01/18,2020/01/19,0,"9,2",90
OCEANOGRAFIC APARTMENT. PARKING. WI-FI,3107716,Apartamentos,Valencia,1,1,€ 130,2020/01/18,2020/01/19,0,9,90
Vincci Mercat,1279484,NA,Valencia,1,1,€ 132,2020/01/18,2020/01/19,4,9,90
Apartamento Casa con Angel,1079935,Apartamentos,Valencia,1,1,€ 182,2020/01/18,2020/01/19,0,"8,8",90
Petit Palace Plaza de la Reina,90443,NA,Valencia,1,1,€ 198,2020/01/18,2020/01/19,3,"8,7",90
Welcome Apartamentos Pintor Stolz 31 Valencia,5019066,Apartamento,Valencia,1,1,€ 133,2020/01/18,2020/01/19,0,"9,3",90
Mon Suites San Martin,2777545,Apartamentos,Valencia,1,1,€ 130,2020/01/18,2020/01/19,0,"9,4",90
Loft el Carmen amazing views,4932621,Apartamento,Valencia,1,1,€ 170,2020/01/18,2020/01/19,0,"8,1",90
Vlc Apartaments el Carmen,389902,Apartamentos,Valencia,1,1,€ 187,2020/01/18,2020/01/19,0,"8,3",90
B&B Una Habitación Propia,1450279,NA,Valencia,1,1,NA,2020/01/18,2020/01/19,0,"8,2",90
Zerka Centro,4425975,Apartamentos,Valencia,1,1,€ 199,2020/01/18,2020/01/19,0,"8,4",90
Hotel Cosmo,4838858,NA,Valencia,1,1,€ 111,2020/01/18,2020/01/19,3,10,90
Colors Rooms,675839,NA,Valencia,1,1,€ 45,2020/01/18,2020/01/19,0,"9,5",90
NWT Central Station Apartments,3964093,Apartamento,Valencia,1,1,€ 300,2020/01/18,2020/01/19,0,"8,2",90
Up Town,2244083,Apartamentos,Valencia,1,1,€ 4.500,2020/01/18,2020/01/19,0,"8,2",90
UP Hostel Valencia,1710137,NA,Valencia,1,1,€ 20,2020/01/18,2020/01/19,0,"7,7",90
Habitación Céntrica en Casa de Familia,4289877,NA,Valencia,1,1,€ 35,2020/01/18,2020/01/19,0,"7,8",90
Flatsforyou Mercat,1367507,Apartamentos,Valencia,1,1,€ 280,2020/01/18,2020/01/19,3,"8,9",90
Flatsforyou Sorolla House,403442,Apartamentos,Valencia,1,1,€ 330,2020/01/18,2020/01/19,0,"8,6",90
Down Town,1656378,Apartamentos,Valencia,1,1,NA,2020/01/18,2020/01/19,0,"8,3",90
Habitacion en Valencia Barata,4861796,NA,Valencia,1,1,€ 40,2020/01/18,2020/01/19,0,"8,2",90
Hostal Waksman,281139,NA,Valencia,1,1,€ 30,2020/01/18,2020/01/19,1,"7,3",90
Habitación Despuig,4901343,NA,Valencia,1,1,€ 30,2020/01/18,2020/01/19,0,"7,3",90
Hostal On Dormire Valencia,432305,NA,Valencia,1,1,€ 36,2020/01/18,2020/01/19,0,"7,8",90
APARTAMENTO DE ENSUEÑO,3043871,Apartamento,Valencia,1,1,NA,2020/01/18,2020/01/19,0,"8,1",90
Valencia City Host,1177077,NA,Valencia,1,1,€ 38,2020/01/18,2020/01/19,0,"7,8",90
Like Apartments XL,558122,Apartamentos,Valencia,1,1,NA,2020/01/18,2020/01/19,0,"7,5",90
Zen House,3671621,NA,Valencia,1,1,€ 39,2020/01/18,2020/01/19,0,"7,1",90
HOSPEDAJE PESET,4718074,NA,Valencia,1,1,€ 40,2020/01/18,2020/01/19,0,"7,4",90
Pensión Universal,304276,NA,Valencia,1,1,€ 38,2020/01/18,2020/01/19,0,"7,9",90
Voyagers Inn Homestay,2682156,NA,Valencia,1,1,€ 40,2020/01/18,2020/01/19,0,"7,8",90
Casual Civilizaciones Valencia,449777,NA,Valencia,1,1,€ 41,2020/01/18,2020/01/19,0,"7,9",90
Purple Nest Hostel,25278,NA,Valencia,1,1,€ 41,2020/01/18,2020/01/19,0,"8,2",90
Red Nest Hostel,92283,NA,Valencia,1,1,€ 42,2020/01/18,2020/01/19,0,"8,2",90
Habitacion en Valencia,4861732,NA,Valencia,1,1,€ 45,2020/01/18,2020/01/19,0,"8,3",90
Cómoda habitación Valencia,4200488,NA,Valencia,1,1,NA,2020/01/18,2020/01/19,0,"9,6",90
Piso en Playa de Valencia,5533098,Apartamento,Valencia,1,1,€ 70,2020/01/18,2020/01/19,0,"9,5",90
Apartments Downtown Valencia,2250421,Apartamentos,Valencia,1,1,€ 80,2020/01/18,2020/01/19,0,"9,6",90
Precioso piso junto al antiguo barrio de Campanar,3297078,Apartamento,Valencia,1,1,€ 85,2020/01/18,2020/01/19,0,"9,5",90
Hostal Abastos,257057,NA,Valencia,1,1,€ 45,2020/01/18,2020/01/19,2,"8,2",90
Loft zona Pechina en Valencia centro,2524985,Apartamento,Valencia,1,1,€ 138,2020/01/18,2020/01/19,0,"9,1",90
Expo Hotel Valencia,91223,NA,Valencia,1,1,€ 43,2020/01/18,2020/01/19,3,"7,6",90
Habitación con cama doble,4794909,NA,Valencia,1,1,€ 41,2020/01/18,2020/01/19,0,"7,2",90
Cosy Rooms Embajador,369728,NA,Valencia,1,1,€ 49,2020/01/18,2020/01/19,2,"7,4",90
Sampedor Apartment,435662,Apartamentos,Valencia,1,1,€ 49,2020/01/18,2020/01/19,0,"7,1",90
Habitacion PLaza Ayuntamiento,4365340,NA,Valencia,1,1,€ 50,2020/01/18,2020/01/19,0,"7,4",90
Ramirez Flats & Bar,4124528,Apartahotel,Valencia,1,1,€ 89,2020/01/18,2020/01/19,0,"9,5",90
LOFT apartamento duplex en Valencia con parking gratis,5519008,Apartamento,Valencia,1,1,€ 90,2020/01/18,2020/01/19,0,"9,9",90
Calle de Frederica Montseny 'Política' Casa o chalet,5152866,Casa o chalet,Valencia,1,1,€ 95,2020/01/18,2020/01/19,0,"9,6",90
Valencia what else...,2550483,Apartamento,Valencia,1,1,NA,2020/01/18,2020/01/19,0,"9,5",90
Sunny House,1998084,NA,Valencia,1,1,NA,2020/01/18,2020/01/19,0,"7,9",90
Habitacion Apartamento soleado Plaza Escultor Frechina,4865043,NA,Valencia,1,1,€ 50,2020/01/18,2020/01/19,0,"7,4",90
Cosy Rooms Bolsería,371606,NA,Valencia,1,1,€ 56,2020/01/18,2020/01/19,2,"7,4",90
Casa La Buhardilla,2985364,Apartamento,Valencia,1,1,€ 97,2020/01/18,2020/01/19,0,"9,6",90
United Colors of Apartments Boutique Style,5372347,Apartamentos,Valencia,1,1,€ 99,2020/01/18,2020/01/19,0,"9,5",90
Valencian Dreams Lonja,4757385,Apartamento,Valencia,1,1,€ 102,2020/01/18,2020/01/19,0,"9,8",90
NWT Central Station Valencia,1647017,NA,Valencia,1,1,€ 59,2020/01/18,2020/01/19,0,"7,1",90
Malvarrosa Beach Rooms,314048,NA,Valencia,1,1,€ 65,2020/01/18,2020/01/19,2,7,90
Apartment Horticultor Bosch,1148669,Apartamentos,Valencia,1,1,€ 70,2020/01/18,2020/01/19,0,"7,3",90
MARQUÉS HOUSE 4* SUP,2118880,NA,Valencia,1,1,€ 129,2020/01/18,2020/01/19,4,"9,4",90
Ciudad Ciencias- Lujo- Parking- Wi-Fi.,4999636,Apartamento,Valencia,1,1,€ 130,2020/01/18,2020/01/19,0,"9,8",90
Hexagonal Design Apartment Valencia,4630643,Apartamento,Valencia,1,1,€ 136,2020/01/18,2020/01/19,0,"9,6",90
BONNIES Suites & Spa Valencia,3631910,Apartamentos,Valencia,1,1,NA,2020/01/18,2020/01/19,0,"9,8",90
Mi casa es vuestra casa,4967097,NA,Valencia,1,1,€ 70,2020/01/18,2020/01/19,0,"7,1",90
Entre la Estación y el Ayuntamiento,3011679,Apartamentos,Valencia,1,1,NA,2020/01/18,2020/01/19,0,"7,6",90
Almiserat,3054886,Apartamento,Valencia,1,1,€ 80,2020/01/18,2020/01/19,0,"7,1",90
Guest House Samuel Ros,4161855,NA,Valencia,1,1,€ 90,2020/01/18,2020/01/19,0,"7,2",90
Olympia Flats,4212801,NA,Valencia,1,1,€ 90,2020/01/18,2020/01/19,0,"9,7",90
Casa Calle Conquista,4691493,Apartamento,Valencia,1,1,€ 240,2020/01/18,2020/01/19,0,"9,6",90
MD PASEO RUZAFA CENTER,5374850,Apartamento,Valencia,1,1,€ 1.030,2020/01/18,2020/01/19,0,"9,6",90
Select Home Catedral,440778,Apartamentos,Valencia,1,1,€ 170,2020/01/18,2020/01/19,0,"7,1",90
Best Valencia Beach Flat,3246772,Apartamento,Valencia,1,1,€ 196,2020/01/18,2020/01/19,0,"7,1",90
HOSTAL BED OF THE SEA,3974636,NA,Valencia,1,1,€ 200,2020/01/18,2020/01/19,0,"7,1",90
Cantagua Hostel,4074640,NA,Valencia,1,1,€ 41,2020/01/18,2020/01/19,0,"9,1",90
YOU & CO. Saler Beach Boutique,4533007,NA,Valencia,1,1,€ 42,2020/01/18,2020/01/19,3,9,90
Host & Home,1663785,NA,Valencia,1,1,€ 57,2020/01/18,2020/01/19,0,"8,9",90
APARTAMENTO DE DISEÑO EN PLAZA MANISES,2823390,Apartamento,Valencia,1,1,NA,2020/01/18,2020/01/19,0,"9,7",90
Ruzafa Rooms,2891693,NA,Valencia,1,1,€ 45,2020/01/18,2020/01/19,0,"6,9",90
Peset Silence,3698967,Apartamento,Valencia,1,1,NA,2020/01/18,2020/01/19,0,"7,5",90
Rooms Ciencias,94126,NA,Valencia,1,1,€ 59,2020/01/18,2020/01/19,0,9,90
Habitación privada a 1500 metros de la playa,3789910,NA,Valencia,1,1,€ 60,2020/01/18,2020/01/19,0,"9,3",90
Habitaciones con Encanto,5629632,NA,Valencia,1,1,€ 50,2020/01/18,2020/01/19,0,"6,9",90
Habitación en Valencia,5477394,NA,Valencia,1,1,€ 72,2020/01/18,2020/01/19,0,"6,8",90
Brugada home,5259150,NA,Valencia,1,1,€ 75,2020/01/18,2020/01/19,0,"6,6",90
Hostal Venecia,92883,NA,Valencia,1,1,€ 65,2020/01/18,2020/01/19,2,"9,1",90
Live in Chianti,2227491,NA,Valencia,1,1,€ 75,2020/01/18,2020/01/19,0,"9,1",90
Blanq Comedias,4922002,NA,Valencia,1,1,€ 77,2020/01/18,2020/01/19,0,9,90
Casita Esmeralda,2040126,Casa o chalet,Valencia,1,1,€ 114,2020/01/18,2020/01/19,0,"6,5",90
Gon & Diego House,4899561,NA,Valencia,1,1,€ 40,2020/01/18,2020/01/19,0,"5,4",90
