name,propertyId,propertyType,city,rooms,days,price,checkIn,checkOut,stars,score,advance
Casa del Patriarca,364834,NA,Valencia,1,1,€ 62,2019/10/27,2019/10/28,0,"8,9",7
Moon Valencia,3560698,Apartamentos,Valencia,1,1,€ 64,2019/10/27,2019/10/28,0,"8,8",7
Apartment Cisneros 2,2361375,Apartamento,Valencia,1,1,NA,2019/10/27,2019/10/28,0,"9,7",7
UNIK. Apartments Valencia,2241282,Apartamentos,Valencia,1,1,€ 65,2019/10/27,2019/10/28,0,"8,5",7
Balcón Al Mar,295109,NA,Valencia,1,1,€ 67,2019/10/27,2019/10/28,0,"8,5",7
Hi Valencia Cánovas,4312120,Apartamentos,Valencia,1,1,€ 68,2019/10/27,2019/10/28,0,"8,8",7
Apartamentos Plaza Picasso,97063,Apartamentos,Valencia,1,1,€ 69,2019/10/27,2019/10/28,0,"8,5",7
ABCyou Bed&Breakfast,189207,NA,Valencia,1,1,€ 69,2019/10/27,2019/10/28,0,"8,5",7
B&B Almirante,369695,NA,Valencia,1,1,€ 70,2019/10/27,2019/10/28,1,"8,8",7
Apartamento Bolseria 28,881275,Apartamentos,Valencia,1,1,NA,2019/10/27,2019/10/28,0,"9,5",7
Carrer de l'Escriptor Rafael Ferreres,4267645,Apartamento,Valencia,1,1,€ 70,2019/10/27,2019/10/28,0,"8,5",7
One Shot Palacio Reina Victoria 04,90885,NA,Valencia,1,1,€ 119,2019/10/27,2019/10/28,4,"8,6",7
Jardín Botánico Hotel Boutique,93369,NA,Valencia,1,1,€ 70,2019/10/27,2019/10/28,3,"8,9",7
Pio XII Apartments Valencia,402080,Apartamentos,Valencia,1,1,€ 72,2019/10/27,2019/10/28,0,"8,5",7
Apartments Madrina,3278589,Apartamentos,Valencia,1,1,€ 74,2019/10/27,2019/10/28,0,"8,9",7
Hotel Kramer,91106,NA,Valencia,1,1,€ 75,2019/10/27,2019/10/28,3,"8,8",7
Apartamento Fos,2149438,Apartamento,Valencia,1,1,€ 119,2019/10/27,2019/10/28,0,"8,8",7
Cool Loft Malvarrosa Beach,4309218,Apartamento,Valencia,1,1,NA,2019/10/27,2019/10/28,0,"9,6",7
Petit Palace Plaza de la Reina,90443,NA,Valencia,1,1,€ 119,2019/10/27,2019/10/28,3,"8,7",7
Habitación doble,3599930,NA,Valencia,1,1,€ 76,2019/10/27,2019/10/28,0,"8,9",7
VIVIENDA DISEÑO CON JARDÍN INTERIOR,4314054,Apartamento,Valencia,1,1,NA,2019/10/27,2019/10/28,0,"9,7",7
Center Venezuela Apartments,4459021,Apartamentos,Valencia,1,1,€ 77,2019/10/27,2019/10/28,0,"8,5",7
B&B Hi Valencia Boutique,1301725,NA,Valencia,1,1,€ 78,2019/10/27,2019/10/28,0,"8,7",7
Lotelito,570027,NA,Valencia,1,1,€ 79,2019/10/27,2019/10/28,0,"8,9",7
Sercotel Sorolla Palace,93646,NA,Valencia,1,1,€ 79,2019/10/27,2019/10/28,4,"8,6",7
AC Hotel Colon Valencia,1117150,NA,Valencia,1,1,€ 124,2019/10/27,2019/10/28,4,"8,7",7
Friendly Rentals Schubert,1634221,Apartamentos,Valencia,1,1,€ 125,2019/10/27,2019/10/28,0,"8,9",7
Hotel Neptuno,91206,NA,Valencia,1,1,€ 126,2019/10/27,2019/10/28,4,"8,5",7
Cathedral Suites Hotel,1736257,Apartahotel,Valencia,1,1,€ 129,2019/10/27,2019/10/28,4,"8,9",7
15 Avinguda Mare Nostrum,4518973,Apartamento,Valencia,1,1,€ 120,2019/10/27,2019/10/28,0,"9,4",7
Valenciaflats Ciudad de las Ciencias,93676,Apartamentos,Valencia,1,1,€ 120,2019/10/27,2019/10/28,0,"9,1",7
Ciudad Ciencias- Lujo- Parking- Wi-Fi.,4999636,Apartamento,Valencia,1,1,NA,2019/10/27,2019/10/28,0,"9,8",7
Hostal Residencial RR,450746,NA,Valencia,1,1,€ 40,2019/10/27,2019/10/28,0,7,7
HOSPEDAJE PESET,4718074,NA,Valencia,1,1,€ 40,2019/10/27,2019/10/28,0,"7,4",7
ApartUP Mestalla Home,3300511,Apartamento,Valencia,1,1,NA,2019/10/27,2019/10/28,0,"9,5",7
La Flamenca,818359,NA,Valencia,1,1,€ 40,2019/10/27,2019/10/28,0,"7,2",7
Murillo Apartment,408163,Apartamento,Valencia,1,1,€ 41,2019/10/27,2019/10/28,0,7,7
Hotel Gabbeach,403586,NA,Valencia,1,1,€ 129,2019/10/27,2019/10/28,3,"8,5",7
Preciosa Casita Cerca Del Mar,4057271,Apartamento,Valencia,1,1,NA,2019/10/27,2019/10/28,0,"9,7",7
Vincci Lys,91183,NA,Valencia,1,1,€ 132,2019/10/27,2019/10/28,4,"8,9",7
Soho Valencia,1538641,Apartahotel,Valencia,1,1,€ 79,2019/10/27,2019/10/28,0,"8,9",7
One Shot Colón 46,1394168,NA,Valencia,1,1,€ 79,2019/10/27,2019/10/28,3,"8,7",7
SH Ingles Boutique Hotel,92956,NA,Valencia,1,1,€ 135,2019/10/27,2019/10/28,4,"8,5",7
Friendly Rentals Ferrero,2314984,Apartamento,Valencia,1,1,€ 150,2019/10/27,2019/10/28,0,"8,8",7
Apartamento Sofia,2552406,Apartamento,Valencia,1,1,€ 150,2019/10/27,2019/10/28,0,"8,6",7
APARTMENTS VALENCIA CENTER,5180014,Apartamentos,Valencia,1,1,NA,2019/10/27,2019/10/28,0,"9,5",7
Balandra Flat,2032624,Apartamento,Valencia,1,1,€ 79,2019/10/27,2019/10/28,0,"8,6",7
Flatsforyou Marina,1793012,Apartamentos,Valencia,1,1,€ 80,2019/10/27,2019/10/28,0,"8,6",7
HOSTAL BED OF THE SEA,3974636,NA,Valencia,1,1,€ 44,2019/10/27,2019/10/28,0,"7,1",7
B&B El Mercat,2203530,NA,Valencia,1,1,€ 45,2019/10/27,2019/10/28,0,"7,2",7
NWT Central Station Valencia,1647017,NA,Valencia,1,1,€ 49,2019/10/27,2019/10/28,0,"7,1",7
Sampedor Apartment,435662,Apartamentos,Valencia,1,1,€ 52,2019/10/27,2019/10/28,0,"7,1",7
Piso en Playa de Valencia,5533098,Apartamento,Valencia,1,1,NA,2019/10/27,2019/10/28,0,"9,5",7
Geography and Arts.,3569110,NA,Valencia,1,1,€ 54,2019/10/27,2019/10/28,0,"7,1",7
Hostal la Barraca,350013,NA,Valencia,1,1,€ 55,2019/10/27,2019/10/28,0,"7,2",7
Apartamento Playa Wifi Gratis,3495634,Apartamento,Valencia,1,1,€ 120,2019/10/27,2019/10/28,0,"9,3",7
Bubuflats Bubu 5,1283519,Apartamento,Valencia,1,1,€ 120,2019/10/27,2019/10/28,0,"9,1",7
Sorolla Centro,90896,NA,Valencia,1,1,€ 121,2019/10/27,2019/10/28,3,"9,1",7
Cosy Rooms Bolsería,371606,NA,Valencia,1,1,€ 56,2019/10/27,2019/10/28,2,"7,4",7
Malvarrosa Beach Rooms,314048,NA,Valencia,1,1,€ 60,2019/10/27,2019/10/28,2,7,7
Almiserat,3054886,Apartamento,Valencia,1,1,€ 60,2019/10/27,2019/10/28,0,"7,1",7
MD Design Hotel - Portal del Real,2391685,NA,Valencia,1,1,€ 124,2019/10/27,2019/10/28,2,"9,1",7
COZY APARTMENT VALENCIA CITY CENTER!,4886758,Apartamento,Valencia,1,1,€ 125,2019/10/27,2019/10/28,0,"9,2",7
PATACONA MARE NOSTRUM APARTMENT,4377670,Apartamento,Valencia,1,1,€ 125,2019/10/27,2019/10/28,0,"9,4",7
La Casa Verde - Ruzafa,2029143,Apartamento,Valencia,1,1,NA,2019/10/27,2019/10/28,0,"9,7",7
Zalamera BnB,1331238,NA,Valencia,1,1,€ 80,2019/10/27,2019/10/28,0,"8,7",7
Suites by Eric Olsan (Florista),4726450,Apartamentos,Valencia,1,1,€ 82,2019/10/27,2019/10/28,0,"8,6",7
Hotel El Siglo,1741479,NA,Valencia,1,1,€ 82,2019/10/27,2019/10/28,3,"8,5",7
Accommodation Beach Apartments,1001766,Apartamentos,Valencia,1,1,€ 70,2019/10/27,2019/10/28,0,"7,2",7
ApartUP Patacona Select,4972015,Apartamento,Valencia,1,1,NA,2019/10/27,2019/10/28,0,"9,9",7
Mi casa es vuestra casa,4967097,NA,Valencia,1,1,€ 70,2019/10/27,2019/10/28,0,"7,1",7
SHF Sevilla Loft,850157,Apartamentos,Valencia,1,1,€ 72,2019/10/27,2019/10/28,0,"7,4",7
NWT Monserrat,3728842,Apartamentos,Valencia,1,1,€ 72,2019/10/27,2019/10/28,0,7,7
Vincci Mercat,1279484,NA,Valencia,1,1,€ 127,2019/10/27,2019/10/28,4,9,7
NH Collection Colón Valencia,3828811,NA,Valencia,1,1,€ 128,2019/10/27,2019/10/28,4,"9,2",7
ALEX- OCEANOGRAFIC APARTMENT. WI-FI,2474071,Apartamento,Valencia,1,1,€ 130,2019/10/27,2019/10/28,0,"9,3",7
Premium Apartments,486507,Apartamentos,Valencia,1,1,€ 74,2019/10/27,2019/10/28,0,"6,9",7
Centro Valencia Calle Cerrajeros,3476261,NA,Valencia,1,1,€ 75,2019/10/27,2019/10/28,0,"7,1",7
Apartment de las Ciencias,2287125,Apartamento,Valencia,1,1,€ 75,2019/10/27,2019/10/28,0,"7,1",7
Mon Suites Catedral,485679,Apartamentos,Valencia,1,1,€ 130,2019/10/27,2019/10/28,0,"9,2",7
Center Valencia,2944722,Casa o chalet,Valencia,1,1,€ 132,2019/10/27,2019/10/28,0,"9,3",7
CheValenciaFlats,2064099,Apartamentos,Valencia,1,1,€ 138,2019/10/27,2019/10/28,0,9,7
Centro en Valencia,2885222,Apartamento,Valencia,1,1,NA,2019/10/27,2019/10/28,0,"9,5",7
Ilunion Aqua 4,92777,NA,Valencia,1,1,€ 156,2019/10/27,2019/10/28,4,"8,6",7
MIhotelitoespecial,3573906,Apartamento,Valencia,1,1,€ 160,2019/10/27,2019/10/28,0,"8,6",7
Barracart Apartments,2125836,Apartamentos,Valencia,1,1,NA,2019/10/27,2019/10/28,0,"9,6",7
SH Valencia Palace,91497,NA,Valencia,1,1,€ 165,2019/10/27,2019/10/28,5,"8,5",7
COZY APARTMENT VALENCIA BEACHFRONT!,3128516,Apartamento,Valencia,1,1,€ 140,2019/10/27,2019/10/28,0,"9,4",7
Palacio de Rojas,1073276,Apartamentos,Valencia,1,1,€ 143,2019/10/27,2019/10/28,0,"9,3",7
Mediterranean Flats Plaza Redonda,4086496,Apartamentos,Valencia,1,1,€ 145,2019/10/27,2019/10/28,0,"9,2",7
Disfruta - Enjoy Valencia Ayuntamiento,4901194,Apartamento,Valencia,1,1,NA,2019/10/27,2019/10/28,0,"9,6",7
Valencia Apartmans El Carmen,847910,Apartamentos,Valencia,1,1,€ 78,2019/10/27,2019/10/28,0,"7,4",7
Valencia Apartments,4367788,Apartamentos,Valencia,1,1,€ 78,2019/10/27,2019/10/28,0,"7,1",7
La Casa dei Fiori,2849727,Apartamento,Valencia,1,1,€ 86,2019/10/27,2019/10/28,0,7,7
Puerta de Serranos,2734333,Apartamentos,Valencia,1,1,€ 185,2019/10/27,2019/10/28,0,"8,9",7
KM0 CENTRO CIUDAD,3628724,Apartamento,Valencia,1,1,€ 185,2019/10/27,2019/10/28,0,"8,8",7
The Westin Valencia,93321,NA,Valencia,1,1,€ 188,2019/10/27,2019/10/28,5,"8,6",7
Kirei Apartment Vienna,4639797,Apartamento,Valencia,1,1,€ 92,2019/10/27,2019/10/28,0,"7,4",7
Cosy Rooms Embajador,369728,NA,Valencia,1,1,€ 94,2019/10/27,2019/10/28,2,"7,4",7
Mon Suites San Martin,2777545,Apartamentos,Valencia,1,1,€ 145,2019/10/27,2019/10/28,0,"9,4",7
Edificio Pentagono,4673669,Apartamento,Valencia,1,1,€ 145,2019/10/27,2019/10/28,0,9,7
Friendly Rentals Montaner Beach,2314997,Apartamento,Valencia,1,1,€ 145,2019/10/27,2019/10/28,0,9,7
Apartments Torres de Serranos Valencia,1099602,Apartamentos,Valencia,1,1,NA,2019/10/27,2019/10/28,0,"9,6",7
MYR Hotel Plaza Mercado & Spa,1619029,Apartahotel,Valencia,1,1,€ 149,2019/10/27,2019/10/28,0,"9,2",7
Hotel Valencia Oceanic Managed by Melia Hotels International,91522,NA,Valencia,1,1,€ 197,2019/10/27,2019/10/28,4,"8,6",7
Barceló Valencia,91988,NA,Valencia,1,1,€ 205,2019/10/27,2019/10/28,4,"8,7",7
Disfruta - Enjoy Valencia Centre,3881970,Apartamento,Valencia,1,1,NA,2019/10/27,2019/10/28,0,"9,8",7
Casa de Vacaciones Pintor Vilar,2093863,Apartamento,Valencia,1,1,€ 222,2019/10/27,2019/10/28,0,"8,9",7
Hospes Palau de La Mar,93823,NA,Valencia,1,1,€ 230,2019/10/27,2019/10/28,5,"8,8",7
AC Hotel Valencia,91063,NA,Valencia,1,1,€ 259,2019/10/27,2019/10/28,4,"8,5",7
ARENAS 2 APARTAMENT,2808815,Apartamento,Valencia,1,1,€ 150,2019/10/27,2019/10/28,0,9,7
Hotel Valencia Alameda,4019381,NA,Valencia,1,1,€ 154,2019/10/27,2019/10/28,4,"9,2",7
Duplex en Blasco Ibáñez,3672426,Apartamento,Valencia,1,1,€ 155,2019/10/27,2019/10/28,0,"9,1",7
SingularStays Parque Central,3054000,Apartamentos,Valencia,1,1,€ 278,2019/10/27,2019/10/28,0,"8,8",7
Canela`s Vintage Ruzafa Centro,4652584,Apartamento,Valencia,1,1,€ 320,2019/10/27,2019/10/28,0,"8,5",7
Las Arenas Balneario Resort,91144,NA,Valencia,1,1,€ 189,2019/10/27,2019/10/28,5,9,7
Pensión Universal,304276,NA,Valencia,1,1,€ 30,2019/10/27,2019/10/28,0,"7,9",7
Hostal Moratin,326015,NA,Valencia,1,1,€ 34,2019/10/27,2019/10/28,1,"7,9",7
Lindala,5250762,NA,Valencia,1,1,NA,2019/10/27,2019/10/28,0,"9,6",7
Apart and Benef,2291245,NA,Valencia,1,1,€ 34,2019/10/27,2019/10/28,0,"7,9",7
Hostal El Cid,309465,NA,Valencia,1,1,€ 34,2019/10/27,2019/10/28,2,"7,6",7
Rio Turia B&B,5531073,NA,Valencia,1,1,€ 35,2019/10/27,2019/10/28,0,"7,7",7
Habitacion Doble Homestay,4037073,NA,Valencia,1,1,€ 36,2019/10/27,2019/10/28,0,"7,9",7
Aventura,5567318,NA,Valencia,1,1,€ 40,2019/10/27,2019/10/28,0,"7,9",7
Kirei Apartment Denver,4585191,Apartamento,Valencia,1,1,€ 161,2019/10/27,2019/10/28,0,"5,6",7
Kirei Apartment Portland,4276529,Apartamentos,Valencia,1,1,€ 200,2019/10/27,2019/10/28,0,"5,9",7
Apartments Abate 4,2848648,Apartamentos,Valencia,1,1,NA,2019/10/27,2019/10/28,0,9,7
Guest House Torres de Quart,2275006,NA,Valencia,1,1,€ 30,2019/10/27,2019/10/28,0,"5,3",7
RoomTuristValencia Estacion del Norte,4682632,NA,Valencia,1,1,€ 35,2019/10/27,2019/10/28,0,5,7
Guest House Ruzafa,2324552,NA,Valencia,1,1,€ 43,2019/10/27,2019/10/28,0,"5,1",7
Habitación San Cayetano,4624401,NA,Valencia,1,1,€ 40,2019/10/27,2019/10/28,0,"7,5",7
Casa Chenano,4262208,Apartamento,Valencia,1,1,NA,2019/10/27,2019/10/28,0,"9,6",7
Valencia Lounge Hostel,337203,NA,Valencia,1,1,€ 44,2019/10/27,2019/10/28,0,"7,7",7
Oliver,4865093,NA,Valencia,1,1,€ 63,2019/10/27,2019/10/28,0,"5,4",7
Port of Valencia,3805735,Apartamento,Valencia,1,1,€ 75,2019/10/27,2019/10/28,0,"5,1",7
RoomTuristValencia Torres de Quart,4565643,NA,Valencia,1,1,€ 28,2019/10/27,2019/10/28,0,"4,6",7
Mr Flats Valencia,2232363,Apartamentos,Valencia,1,1,NA,2019/10/27,2019/10/28,0,9,7
Hospederia del Pilar,327766,NA,Valencia,1,1,€ 45,2019/10/27,2019/10/28,0,"7,9",7
OYO Pensión El Rincón,476031,NA,Valencia,1,1,€ 45,2019/10/27,2019/10/28,1,"7,5",7
Hotel Beleret,94652,NA,Valencia,1,1,€ 41,2019/10/27,2019/10/28,3,"7,6",7
Attic Rooms in Botánico,5522932,NA,Valencia,1,1,€ 48,2019/10/27,2019/10/28,0,"7,6",7
United Colors of Studios - Mercado Central,2574108,Apartamentos,Valencia,1,1,€ 49,2019/10/27,2019/10/28,0,"7,8",7
Central Apartment in Valencia with WIFI + Parking.,4557920,Apartamento,Valencia,1,1,NA,2019/10/27,2019/10/28,0,"9,6",7
Guesthouse Plaza de Toros,2985902,NA,Valencia,1,1,€ 34,2019/10/27,2019/10/28,0,"4,8",7
RoomTuristValencia RuzafaSumsi,4682802,NA,Valencia,1,1,€ 35,2019/10/27,2019/10/28,0,"4,5",7
Guest House Duc de Gaeta,2275007,NA,Valencia,1,1,€ 70,2019/10/27,2019/10/28,0,"4,9",7
Constitucion Guesthouse,2985942,NA,Valencia,1,1,€ 34,2019/10/27,2019/10/28,0,"3,7",7
Masatepe Room Valencia,5687127,NA,Valencia,1,1,€ 26,2019/10/27,2019/10/28,0,,7
B&B Hotel Valencia Ciudad de las Ciencias,92242,NA,Valencia,1,1,€ 50,2019/10/27,2019/10/28,3,"7,5",7
Apartamentos Rusafa,5604325,NA,Valencia,1,1,€ 50,2019/10/27,2019/10/28,0,"7,9",7
Adrian's House,2271869,NA,Valencia,1,1,€ 50,2019/10/27,2019/10/28,0,"7,7",7
Double Room in VALENCIA,5665653,NA,Valencia,1,1,€ 26,2019/10/27,2019/10/28,0,,7
Cozy apartment in Valencia! WI-FI !,4447072,Apartamento,Valencia,1,1,NA,2019/10/27,2019/10/28,0,"9,4",7
Rest room Evi,5710566,NA,Valencia,1,1,€ 28,2019/10/27,2019/10/28,0,,7
chicrooms,5696677,NA,Valencia,1,1,€ 30,2019/10/27,2019/10/28,0,,7
Habitacion por dias Centro Valencia,3977106,NA,Valencia,1,1,€ 52,2019/10/27,2019/10/28,0,"7,9",7
Casual Civilizaciones Valencia,449777,NA,Valencia,1,1,€ 52,2019/10/27,2019/10/28,0,"7,9",7
Ilunion Valencia 3,92818,NA,Valencia,1,1,€ 52,2019/10/27,2019/10/28,3,"7,9",7
Helle & ruhige Zimmer nähe Strand,5698199,NA,Valencia,1,1,€ 38,2019/10/27,2019/10/28,0,,7
Habitación muy cerca de la playa.,5395908,NA,Valencia,1,1,€ 40,2019/10/27,2019/10/28,0,,7
Glorieta,4217752,Apartamento,Valencia,1,1,NA,2019/10/27,2019/10/28,0,"9,7",7
Cosy Rooms Tapinería,371192,NA,Valencia,1,1,€ 54,2019/10/27,2019/10/28,2,"7,5",7
Rooms El Picolino,5326859,NA,Valencia,1,1,€ 52,2019/10/27,2019/10/28,0,,7
vosotros sereis parte de mi familia.,5299568,NA,Valencia,1,1,€ 60,2019/10/27,2019/10/28,0,,7
Flatsforyou Carmen,593824,Apartamentos,Valencia,1,1,NA,2019/10/27,2019/10/28,0,"9,1",7
Hogar Dulce Hogar,5426607,NA,Valencia,1,1,€ 63,2019/10/27,2019/10/28,0,,7
Como en casa,4802186,NA,Valencia,1,1,€ 54,2019/10/27,2019/10/28,0,"7,9",7
Rooms Valencia Center,5507857,NA,Valencia,1,1,€ 54,2019/10/27,2019/10/28,0,"7,7",7
Hotel Cosmo,4838858,NA,Valencia,1,1,€ 85,2019/10/27,2019/10/28,3,10,7
Apartamentos Navío,5647176,Apartamento,Valencia,1,1,€ 70,2019/10/27,2019/10/28,0,"9,8",7
Valencia- habitacion,5366858,NA,Valencia,1,1,€ 65,2019/10/27,2019/10/28,0,,7
Loft Turia Gran,5133726,Apartamento,Valencia,1,1,€ 80,2019/10/27,2019/10/28,0,,7
Expo Hotel Valencia,91223,NA,Valencia,1,1,€ 55,2019/10/27,2019/10/28,3,"7,6",7
SEA YOU HOTEL PORT VALENCIA,92328,NA,Valencia,1,1,€ 63,2019/10/27,2019/10/28,4,"7,7",7
Piso cercano al centro ( 5 min BUS),5607299,Apartamento,Valencia,1,1,€ 89,2019/10/27,2019/10/28,0,,7
Casa Adosada Quintero,5481770,Casa o chalet,Valencia,1,1,€ 98,2019/10/27,2019/10/28,0,,7
Valencia Apartamentos Goya,4256653,Apartamentos,Valencia,1,1,NA,2019/10/27,2019/10/28,0,10,7
Ramirez Flats & Bar,4124528,Apartahotel,Valencia,1,1,€ 89,2019/10/27,2019/10/28,0,"9,5",7
Bubuflats Bubu 3,1014334,Apartamentos,Valencia,1,1,€ 95,2019/10/27,2019/10/28,0,"9,6",7
Casa La Buhardilla,2985364,Apartamento,Valencia,1,1,€ 97,2019/10/27,2019/10/28,0,"9,6",7
RUZAFA- CENTRO-A/C- WI-FI- PARKING,2885994,Apartamento,Valencia,1,1,€ 100,2019/10/27,2019/10/28,0,"9,7",7
Apartments Downtown Valencia,2250421,Apartamentos,Valencia,1,1,€ 105,2019/10/27,2019/10/28,0,"9,6",7
L'Esplai Valencia Bed & Breakfast,1282556,NA,Valencia,1,1,€ 111,2019/10/27,2019/10/28,0,"9,5",7
Cómoda habitación Valencia,4200488,NA,Valencia,1,1,NA,2019/10/27,2019/10/28,0,"9,6",7
MARQUÉS HOUSE 4* SUP,2118880,NA,Valencia,1,1,€ 159,2019/10/27,2019/10/28,4,"9,4",7
Casa Calle Conquista,4691493,Apartamento,Valencia,1,1,€ 240,2019/10/27,2019/10/28,0,"9,6",7
MD PASEO RUZAFA CENTER,5374850,Apartamento,Valencia,1,1,€ 1.030,2019/10/27,2019/10/28,0,"9,6",7
Cantagua Hostel,4074640,NA,Valencia,1,1,€ 33,2019/10/27,2019/10/28,0,"9,1",7
YOU & CO. Saler Beach Boutique,4533007,NA,Valencia,1,1,€ 45,2019/10/27,2019/10/28,3,9,7
Host & Home,1663785,NA,Valencia,1,1,€ 63,2019/10/27,2019/10/28,0,"8,9",7
MerKat-Abastos,1231196,Apartamento,Valencia,1,1,NA,2019/10/27,2019/10/28,0,"9,7",7
Una Ubicacion Perfecta,3114164,Apartamentos,Valencia,1,1,€ 65,2019/10/27,2019/10/28,0,"9,1",7
Comfort Homestay,5423155,NA,Valencia,1,1,€ 67,2019/10/27,2019/10/28,0,9,7
Nest Style Valencia,5219046,NA,Valencia,1,1,€ 68,2019/10/27,2019/10/28,3,"9,3",7
Live in Chianti,2227491,NA,Valencia,1,1,€ 75,2019/10/27,2019/10/28,0,"9,1",7
La casita de Palomar,2132386,Apartamentos,Valencia,1,1,€ 79,2019/10/27,2019/10/28,0,"9,3",7
Rooms Ciencias,94126,NA,Valencia,1,1,€ 79,2019/10/27,2019/10/28,0,9,7
Hexagonal Design Apartment Valencia,4630643,Apartamento,Valencia,1,1,NA,2019/10/27,2019/10/28,0,"9,6",7
Sweet Hotel Renasa,274818,NA,Valencia,1,1,€ 69,2019/10/27,2019/10/28,3,8,7
Blanq Comedias,4922002,NA,Valencia,1,1,€ 81,2019/10/27,2019/10/28,0,9,7
Hostal Venecia,92883,NA,Valencia,1,1,€ 83,2019/10/27,2019/10/28,2,"9,1",7
Apartamentos Edificio Palomar,189277,Apartamentos,Valencia,1,1,€ 85,2019/10/27,2019/10/28,0,"9,2",7
Sol Playa,12656,NA,Valencia,1,1,€ 70,2019/10/27,2019/10/28,2,"8,3",7
AMAZING HOUSE- BEST LOCATION!,4728031,Apartamento,Valencia,1,1,NA,2019/10/27,2019/10/28,0,"9,7",7
Apartment Vicent,1674495,Apartamentos,Valencia,1,1,€ 70,2019/10/27,2019/10/28,0,"8,3",7
Casual de las Artes Valencia,538056,NA,Valencia,1,1,€ 72,2019/10/27,2019/10/28,3,"8,4",7
Palau de Palomar,471283,Apartamentos,Valencia,1,1,€ 85,2019/10/27,2019/10/28,0,"9,1",7
Maison Reina B&B,5004812,NA,Valencia,1,1,€ 85,2019/10/27,2019/10/28,0,"9,2",7
NH Ciudad de Valencia,90729,NA,Valencia,1,1,€ 72,2019/10/27,2019/10/28,3,"8,1",7
Zerka Centro,4425975,Apartamentos,Valencia,1,1,€ 74,2019/10/27,2019/10/28,0,"8,4",7
City Suites Apartments,3091106,NA,Valencia,1,1,€ 74,2019/10/27,2019/10/28,0,"8,3",7
Silken Puerta Valencia,91182,NA,Valencia,1,1,€ 75,2019/10/27,2019/10/28,4,"8,3",7
Colors Rooms,675839,NA,Valencia,1,1,NA,2019/10/27,2019/10/28,0,"9,5",7
Ático cerca del mar,4040503,Apartamento,Valencia,1,1,€ 75,2019/10/27,2019/10/28,0,"8,3",7
Tryp Valencia Feria,92852,NA,Valencia,1,1,€ 77,2019/10/27,2019/10/28,4,"8,3",7
SHF Flats Baron,1033085,Apartamentos,Valencia,1,1,€ 78,2019/10/27,2019/10/28,0,8,7
MD Modern Hotel - Jardines,305447,NA,Valencia,1,1,€ 86,2019/10/27,2019/10/28,1,"8,3",7
Senator Parque Central Hotel,274963,NA,Valencia,1,1,€ 87,2019/10/27,2019/10/28,4,"8,1",7
Preciosos Apartamentos en el Carmen,2918345,Apartamentos,Valencia,1,1,€ 88,2019/10/27,2019/10/28,0,"8,1",7
Espai One Santa Mónica,5471724,Apartamento,Valencia,1,1,NA,2019/10/27,2019/10/28,0,"9,8",7
Ilunion Aqua 3,92776,NA,Valencia,1,1,€ 88,2019/10/27,2019/10/28,3,"8,3",7
APARTAMENTO LAS MELLIZAS,4651578,NA,Valencia,1,1,€ 45,2019/10/27,2019/10/28,0,"8,3",7
NH Valencia Center,90727,NA,Valencia,1,1,€ 93,2019/10/27,2019/10/28,4,"8,3",7
Coroa Malvarrosa,1638172,Apartamentos,Valencia,1,1,€ 94,2019/10/27,2019/10/28,0,"8,2",7
NWT Central Station Apartments,3964093,Apartamento,Valencia,1,1,€ 99,2019/10/27,2019/10/28,0,"8,2",7
City of Arts & Spa Apartment,4820684,Apartamento,Valencia,1,1,€ 100,2019/10/27,2019/10/28,0,8,7
Homely Nest Valencia El Carme,3790877,Apartamento,Valencia,1,1,NA,2019/10/27,2019/10/28,0,"9,7",7
Plaza Del Carmen,1737254,Apartamento,Valencia,1,1,€ 100,2019/10/27,2019/10/28,0,"8,1",7
Style Apartments Puerto,1558265,Apartamentos,Valencia,1,1,€ 103,2019/10/27,2019/10/28,0,"8,1",7
NH Valencia Las Ciencias,90725,NA,Valencia,1,1,€ 108,2019/10/27,2019/10/28,3,8,7
Apartamento frente al mar,3060802,Apartamento,Valencia,1,1,€ 112,2019/10/27,2019/10/28,0,"8,3",7
Apartamentos Sollana 18 Cerca de les Arts i les Ciencies Valencia- FREE WI-FI,5232423,Apartamento,Valencia,1,1,€ 113,2019/10/27,2019/10/28,0,"8,3",7
