name,propertyId,propertyType,city,rooms,days,price,checkIn,checkOut,stars,score,advance
MD Art Apartment Ruzafa,2550955,Apartamento,Valencia,1,1,€ 271,2019/11/08,2019/11/09,0,"7,5",30
MD Pelayo with terrace,1979067,Apartamento,Valencia,1,1,€ 271,2019/11/08,2019/11/09,0,"7,8",30
Valencia City Center New Apartments,1042326,Apartamentos,Valencia,1,1,NA,2019/11/08,2019/11/09,0,9,30
MD Oliag I Apartment Ruzafa,2867488,Apartamento,Valencia,1,1,€ 317,2019/11/08,2019/11/09,0,"7,7",30
Habitación con cama doble,4794909,NA,Valencia,1,1,€ 36,2019/11/08,2019/11/09,0,"7,2",30
feliz como en casa,3676196,NA,Valencia,1,1,€ 36,2019/11/08,2019/11/09,0,"7,3",30
HOSPEDAJE PESET,4718074,NA,Valencia,1,1,€ 40,2019/11/08,2019/11/09,0,"7,3",30
Hostal Waksman,281139,NA,Valencia,1,1,€ 45,2019/11/08,2019/11/09,1,"7,3",30
NWT Central Station Valencia,1647017,NA,Valencia,1,1,€ 46,2019/11/08,2019/11/09,0,"7,1",30
APARTAMENTO CENTRICO. WI-FI. PARKING,2967593,Apartamento,Valencia,1,1,NA,2019/11/08,2019/11/09,0,"9,1",30
Hostal Residencial RR,450746,NA,Valencia,1,1,€ 47,2019/11/08,2019/11/09,0,7,30
B&B El Mercat,2203530,NA,Valencia,1,1,€ 50,2019/11/08,2019/11/09,0,"7,3",30
Centro Valencia Calle Cerrajeros,3476261,NA,Valencia,1,1,€ 50,2019/11/08,2019/11/09,0,"7,1",30
PISO ACOGEDOR,4995780,NA,Valencia,1,1,€ 50,2019/11/08,2019/11/09,0,"7,1",30
La Flamenca,818359,NA,Valencia,1,1,€ 55,2019/11/08,2019/11/09,0,"7,2",30
Attic Rooms in Botánico,5522932,NA,Valencia,1,1,€ 60,2019/11/08,2019/11/09,0,"7,2",30
Apartamento centro frente a Torres de Serrano,3408067,Apartamento,Valencia,1,1,NA,2019/11/08,2019/11/09,0,"9,4",30
Hostal la Barraca,350013,NA,Valencia,1,1,€ 61,2019/11/08,2019/11/09,0,"7,2",30
HOSTAL BED OF THE SEA,3974636,NA,Valencia,1,1,€ 70,2019/11/08,2019/11/09,0,"7,1",30
Mi casa es vuestra casa,4967097,NA,Valencia,1,1,€ 70,2019/11/08,2019/11/09,0,"7,1",30
Cosy Rooms Embajador,369728,NA,Valencia,1,1,€ 78,2019/11/08,2019/11/09,2,"7,4",30
Cosy Rooms Bolsería,371606,NA,Valencia,1,1,€ 78,2019/11/08,2019/11/09,2,"7,4",30
Almiserat,3054886,Apartamento,Valencia,1,1,€ 80,2019/11/08,2019/11/09,0,"7,1",30
Olvida tu Reloj Montichelvo Apartment,3258095,Apartamento,Valencia,1,1,NA,2019/11/08,2019/11/09,0,"9,4",30
Guest House Samuel Ros,4161855,NA,Valencia,1,1,€ 90,2019/11/08,2019/11/09,0,"7,2",30
NWT Monserrat,3728842,Apartamentos,Valencia,1,1,€ 94,2019/11/08,2019/11/09,0,7,30
Kirei Apartment Na Jordana,1702092,Apartamentos,Valencia,1,1,€ 101,2019/11/08,2019/11/09,0,7,30
Premium Apartments,486507,Apartamentos,Valencia,1,1,€ 104,2019/11/08,2019/11/09,0,7,30
Homestay & OLEE,4132920,NA,Valencia,1,1,€ 110,2019/11/08,2019/11/09,0,"7,4",30
Vincci Lys,91183,NA,Valencia,1,1,€ 198,2019/11/08,2019/11/09,4,"8,9",30
Exclusive Beach Apartment,4641691,Apartamento,Valencia,1,1,€ 205,2019/11/08,2019/11/09,0,"8,9",30
Hostal Antigua Morellana,1273937,NA,Valencia,1,1,NA,2019/11/08,2019/11/09,1,"9,5",30
Casa de Vacaciones Pintor Vilar,2093863,Apartamento,Valencia,1,1,€ 222,2019/11/08,2019/11/09,0,"8,9",30
Canela`s Vintage Ruzafa Centro,4652584,Apartamento,Valencia,1,1,€ 230,2019/11/08,2019/11/09,0,"8,5",30
Melia Plaza Valencia,13270,NA,Valencia,1,1,€ 275,2019/11/08,2019/11/09,4,"8,9",30
Petit Palace Plaza de la Reina,90443,NA,Valencia,1,1,€ 278,2019/11/08,2019/11/09,3,"8,7",30
Center Valencia Youth Hostel,246931,NA,Valencia,1,1,€ 30,2019/11/08,2019/11/09,0,8,30
Apartamento Barato Valencia,3931013,NA,Valencia,1,1,€ 42,2019/11/08,2019/11/09,0,8,30
Doctor Oloriz-31-9,3397673,Apartamento,Valencia,1,1,NA,2019/11/08,2019/11/09,0,"9,7",30
Habitacion en Valencia,4861732,NA,Valencia,1,1,€ 45,2019/11/08,2019/11/09,0,"8,2",30
Holiday Inn Express Ciudad de las Ciencias,96737,NA,Valencia,1,1,€ 104,2019/11/08,2019/11/09,3,8,30
Loft Valencia Playa,3954993,Apartamento,Valencia,1,1,€ 75,2019/11/08,2019/11/09,0,"9,7",30
El Coso,14580,NA,Valencia,1,1,€ 109,2019/11/08,2019/11/09,3,"8,2",30
Apartamento,3139431,Apartamento,Valencia,1,1,NA,2019/11/08,2019/11/09,0,"9,4",30
Habitacion en Valencia Barata,4861796,NA,Valencia,1,1,€ 45,2019/11/08,2019/11/09,0,"8,2",30
Apartments Downtown Valencia,2250421,Apartamentos,Valencia,1,1,€ 90,2019/11/08,2019/11/09,0,"9,6",30
Valencia Apartamentos Goya,4256653,Apartamentos,Valencia,1,1,NA,2019/11/08,2019/11/09,0,10,30
Bubuflats Bubu 3,1014334,Apartamento,Valencia,1,1,€ 95,2019/11/08,2019/11/09,0,"9,6",30
B&B Hi Valencia Canovas,305349,NA,Valencia,1,1,€ 110,2019/11/08,2019/11/09,0,"8,3",30
Primus Valencia,331871,NA,Valencia,1,1,€ 114,2019/11/08,2019/11/09,4,"8,3",30
Red Nest Hostel,92283,NA,Valencia,1,1,€ 49,2019/11/08,2019/11/09,0,"8,2",30
Valenciaflats Torres de Serrano,17468,Apartamentos,Valencia,1,1,€ 120,2019/11/08,2019/11/09,0,"8,3",30
Casual Socarrat Valencia,5142800,NA,Valencia,1,1,€ 111,2019/11/08,2019/11/09,3,"9,2",30
Calle de Frederica Montseny 'Política' Casa o chalet,5152866,Casa o chalet,Valencia,1,1,€ 95,2019/11/08,2019/11/09,0,"9,6",30
Hostal Abastos,257057,NA,Valencia,1,1,€ 50,2019/11/08,2019/11/09,2,"8,2",30
Purple Nest Hostel,25278,NA,Valencia,1,1,€ 50,2019/11/08,2019/11/09,0,"8,2",30
Silken Puerta Valencia,91182,NA,Valencia,1,1,€ 120,2019/11/08,2019/11/09,4,"8,3",30
Patacona Beach Apartment,4533678,Apartamento,Valencia,1,1,€ 129,2019/11/08,2019/11/09,0,"8,3",30
Espai One Santa Mónica,5471724,Apartamento,Valencia,1,1,€ 95,2019/11/08,2019/11/09,0,"9,8",30
LOFT apartamento duplex en Valencia con parking,5519008,Apartamento,Valencia,1,1,€ 95,2019/11/08,2019/11/09,0,"9,8",30
Casa La Buhardilla,2985364,Apartamento,Valencia,1,1,€ 97,2019/11/08,2019/11/09,0,"9,6",30
Mon Suites Catedral,485679,Apartamentos,Valencia,1,1,€ 113,2019/11/08,2019/11/09,0,"9,2",30
Ambrosio Flats Valencia - El Mercat,3131649,Apartamento,Valencia,1,1,NA,2019/11/08,2019/11/09,0,"9,5",30
Aparthotel Valencia Rental,17344,Apartahotel,Valencia,1,1,€ 51,2019/11/08,2019/11/09,0,8,30
Apartamento Valencia Ciudad de las Ciencias,4682746,Apartamento,Valencia,1,1,NA,2019/11/08,2019/11/09,0,"9,3",30
City Center Apartment,5084891,Apartamento,Valencia,1,1,€ 130,2019/11/08,2019/11/09,0,"8,1",30
Casas Benlliure,3274635,Apartamentos,Valencia,1,1,NA,2019/11/08,2019/11/09,0,"9,1",30
Apartamento frente al mar,3060802,Apartamento,Valencia,1,1,€ 130,2019/11/08,2019/11/09,0,"8,3",30
Citizentral Juristas,1113127,Apartamentos,Valencia,1,1,€ 118,2019/11/08,2019/11/09,0,"9,2",30
Biopark View Apartment,2381901,Apartamento,Valencia,1,1,€ 118,2019/11/08,2019/11/09,0,9,30
APARTAMENTO CENTRO- RUZAFA. WI-FI. PARKING,3144104,Apartamento,Valencia,1,1,€ 120,2019/11/08,2019/11/09,0,"9,3",30
Valencia-Ruzafa Studio,3235983,Apartamento,Valencia,1,1,€ 120,2019/11/08,2019/11/09,0,"9,1",30
Old Town Flats Casa Burguerini,4552106,Apartamentos,Valencia,1,1,€ 133,2019/11/08,2019/11/09,0,"8,2",30
Casa los Peces,3234194,Apartamento,Valencia,1,1,€ 154,2019/11/08,2019/11/09,0,"8,3",30
Precioso piso junto al antiguo barrio de Campanar,3297078,Apartamento,Valencia,1,1,€ 100,2019/11/08,2019/11/09,0,"9,5",30
Cómoda habitación Valencia,4200488,NA,Valencia,1,1,NA,2019/11/08,2019/11/09,0,"9,6",30
Ramirez Flats & Bar,4124528,Apartahotel,Valencia,1,1,€ 104,2019/11/08,2019/11/09,0,"9,5",30
Valencian Dreams Lonja,4757385,Apartamento,Valencia,1,1,€ 116,2019/11/08,2019/11/09,0,"9,8",30
Loft el Carmen amazing views,4932621,Apartamento,Valencia,1,1,€ 182,2019/11/08,2019/11/09,0,"8,1",30
Apartamentos Dormavalencia,4450983,Apartamentos,Valencia,1,1,€ 187,2019/11/08,2019/11/09,0,"8,4",30
Opera House Valencia B&B,3533887,NA,Valencia,1,1,€ 120,2019/11/08,2019/11/09,0,"9,5",30
Disfruta - Enjoy Valencia Oceanografic,4121345,Apartamento,Valencia,1,1,€ 149,2019/11/08,2019/11/09,0,"9,6",30
Pension MonaLisa Luxury Suites,3834224,NA,Valencia,1,1,€ 56,2019/11/08,2019/11/09,0,"8,2",30
Hotel Olympia Universidades,1301731,NA,Valencia,1,1,€ 59,2019/11/08,2019/11/09,3,"8,4",30
Zerka Centro,4425975,Apartamentos,Valencia,1,1,€ 219,2019/11/08,2019/11/09,0,"8,3",30
Palacio de Rojas,1073276,Apartamentos,Valencia,1,1,NA,2019/11/08,2019/11/09,0,"9,3",30
Disfruta - Enjoy Valencia Ayuntamiento,4901194,Apartamento,Valencia,1,1,€ 149,2019/11/08,2019/11/09,0,"9,6",30
Apartment Sofi,2830696,Apartamento,Valencia,1,1,€ 150,2019/11/08,2019/11/09,0,"9,8",30
Eurostars Gran Valencia,90484,NA,Valencia,1,1,€ 62,2019/11/08,2019/11/09,4,"8,4",30
Hexagonal Design Apartment Valencia,4630643,Apartamento,Valencia,1,1,NA,2019/11/08,2019/11/09,0,"9,5",30
Charming Ninetta,3220582,Apartamento,Valencia,1,1,€ 152,2019/11/08,2019/11/09,0,"9,5",30
Hotel Villacarlos,90730,NA,Valencia,1,1,€ 64,2019/11/08,2019/11/09,3,8,30
Guest House Ruzafa,2324552,NA,Valencia,1,1,€ 39,2019/11/08,2019/11/09,0,"5,1",30
Urban Youth Hostel,1163025,NA,Valencia,1,1,€ 65,2019/11/08,2019/11/09,0,"8,4",30
RUZAFA- CENTRO-A/C- WI-FI- PARKING,2885994,Apartamento,Valencia,1,1,€ 160,2019/11/08,2019/11/09,0,"9,7",30
Olympia Flats,4212801,NA,Valencia,1,1,€ 80,2019/11/08,2019/11/09,0,"9,7",30
15 Avinguda Mare Nostrum,4518973,Apartamento,Valencia,1,1,€ 120,2019/11/08,2019/11/09,0,"9,4",30
RoomTuristValencia Estacion del Norte,4682632,NA,Valencia,1,1,€ 55,2019/11/08,2019/11/09,0,"5,1",30
La Casa Chica del Carmen,2757078,Apartamento,Valencia,1,1,NA,2019/11/08,2019/11/09,0,"9,2",30
Port of Valencia,3805735,Apartamento,Valencia,1,1,€ 120,2019/11/08,2019/11/09,0,"5,1",30
RoomTuristValencia Torres de Quart,4565643,NA,Valencia,1,1,€ 30,2019/11/08,2019/11/09,0,"4,5",30
Tryp Valencia Feria,92852,NA,Valencia,1,1,€ 68,2019/11/08,2019/11/09,4,"8,4",30
Cozy apartment in Valencia! WI-FI !,4447072,Apartamento,Valencia,1,1,NA,2019/11/08,2019/11/09,0,"9,4",30
Apartamento centro,3160737,Apartamento,Valencia,1,1,€ 165,2019/11/08,2019/11/09,0,"9,6",30
Hostal Venecia,92883,NA,Valencia,1,1,€ 121,2019/11/08,2019/11/09,2,"9,1",30
Valencia center,3168460,Apartamento,Valencia,1,1,NA,2019/11/08,2019/11/09,0,"9,8",30
MARQUÉS HOUSE 4* SUP,2118880,NA,Valencia,1,1,€ 189,2019/11/08,2019/11/09,4,"9,5",30
Casa Calle Conquista,4691493,Apartamento,Valencia,1,1,€ 240,2019/11/08,2019/11/09,0,"9,6",30
Carmen Apartment,3308265,Apartamento,Valencia,1,1,NA,2019/11/08,2019/11/09,0,"9,6",30
NH Ciudad de Valencia,90729,NA,Valencia,1,1,€ 68,2019/11/08,2019/11/09,3,"8,1",30
Dormavalencia Hostel,249585,NA,Valencia,1,1,€ 69,2019/11/08,2019/11/09,1,"8,2",30
Cantagua Hostel,4074640,NA,Valencia,1,1,€ 41,2019/11/08,2019/11/09,0,"9,1",30
Guest House Duc de Gaeta,2275007,NA,Valencia,1,1,€ 36,2019/11/08,2019/11/09,0,"4,9",30
City Suites Apartments,3091106,NA,Valencia,1,1,€ 70,2019/11/08,2019/11/09,0,"8,4",30
Sol Playa,12656,NA,Valencia,1,1,€ 70,2019/11/08,2019/11/09,2,"8,3",30
Musico Peydro Apartments,3765069,Apartamentos,Valencia,1,1,€ 271,2019/11/08,2019/11/09,0,8,30
Malvarrosa Calle Pavia,3608764,Casa o chalet,Valencia,1,1,€ 271,2019/11/08,2019/11/09,0,8,30
NWT Central Station Apartments,3964093,Apartamento,Valencia,1,1,€ 300,2019/11/08,2019/11/09,0,"8,3",30
MD Design Hotel - Portal del Real,2391685,NA,Valencia,1,1,€ 122,2019/11/08,2019/11/09,2,"9,1",30
MD Vila Barbera Apartment Center,1957253,Apartamento,Valencia,1,1,€ 330,2019/11/08,2019/11/09,0,"8,3",30
Ilunion Aqua 3,92776,NA,Valencia,1,1,€ 70,2019/11/08,2019/11/09,3,"8,3",30
Guesthouse Plaza de Toros,2985902,NA,Valencia,1,1,€ 40,2019/11/08,2019/11/09,0,"4,8",30
RoomTuristValencia RuzafaSumsi,4682802,NA,Valencia,1,1,€ 50,2019/11/08,2019/11/09,0,"4,5",30
Malvarosa,3820590,Apartamento,Valencia,1,1,€ 120,2019/11/08,2019/11/09,0,4,30
Quart Apartment,1537986,Apartamento,Valencia,1,1,NA,2019/11/08,2019/11/09,0,"9,2",30
UP Hostel Valencia,1710137,NA,Valencia,1,1,€ 31,2019/11/08,2019/11/09,0,"7,7",30
Apart and Benef,2291245,NA,Valencia,1,1,€ 34,2019/11/08,2019/11/09,0,"7,8",30
Piso como en tu casa 2,3834617,Apartamentos,Valencia,1,1,NA,2019/11/08,2019/11/09,0,"9,2",30
Double Room in VALENCIA,5665653,NA,Valencia,1,1,€ 25,2019/11/08,2019/11/09,0,,30
Florista's Room en Valencia,5502152,NA,Valencia,1,1,€ 56,2019/11/08,2019/11/09,0,"9,1",30
YOU & CO. Saler Beach Boutique,4533007,NA,Valencia,1,1,€ 57,2019/11/08,2019/11/09,3,9,30
Hostal On Dormire Valencia,432305,NA,Valencia,1,1,€ 35,2019/11/08,2019/11/09,0,"7,8",30
Habitación privada a 1500 metros de la playa,3789910,NA,Valencia,1,1,€ 60,2019/11/08,2019/11/09,0,"9,3",30
Live in Chianti,2227491,NA,Valencia,1,1,€ 75,2019/11/08,2019/11/09,0,"9,1",30
Habitación Céntrica en Casa de Familia,4289877,NA,Valencia,1,1,€ 35,2019/11/08,2019/11/09,0,"7,8",30
Pensión Universal,304276,NA,Valencia,1,1,€ 38,2019/11/08,2019/11/09,0,"7,9",30
Hostal Moratin,326015,NA,Valencia,1,1,€ 38,2019/11/08,2019/11/09,1,"7,9",30
Mon Suites San Nicolas,4117225,Apartamentos,Valencia,1,1,€ 124,2019/11/08,2019/11/09,0,"9,2",30
Turia Burjassot 12,3237353,Apartamento,Valencia,1,1,€ 125,2019/11/08,2019/11/09,0,9,30
Masatepe Room Valencia,5687127,NA,Valencia,1,1,€ 30,2019/11/08,2019/11/09,0,,30
Bright room with trundle bed,5560260,NA,Valencia,1,1,€ 46,2019/11/08,2019/11/09,0,,30
Habitación San Cayetano,4624401,NA,Valencia,1,1,€ 40,2019/11/08,2019/11/09,0,"7,6",30
Live in Chianti Apartaments,2882632,Apartamentos,Valencia,1,1,€ 128,2019/11/08,2019/11/09,0,9,30
Mon Suites San Martin,2777545,Apartamentos,Valencia,1,1,€ 134,2019/11/08,2019/11/09,0,"9,4",30
Edificio Pentagono,4673669,Apartamento,Valencia,1,1,€ 135,2019/11/08,2019/11/09,0,"9,1",30
Apartment Cabanyal,3172456,Apartamento,Valencia,1,1,NA,2019/11/08,2019/11/09,0,"9,7",30
MYR Hotel Plaza Mercado & Spa,1619029,Apartahotel,Valencia,1,1,€ 140,2019/11/08,2019/11/09,0,"9,2",30
vosotros sereis parte de mi familia.,5299568,NA,Valencia,1,1,€ 60,2019/11/08,2019/11/09,0,,30
Valencia- habitacion,5366858,NA,Valencia,1,1,€ 65,2019/11/08,2019/11/09,0,,30
Rooms El Picolino,5326859,NA,Valencia,1,1,€ 65,2019/11/08,2019/11/09,0,,30
Apartamento Calle Lorca,2111733,Apartamento,Valencia,1,1,NA,2019/11/08,2019/11/09,0,"9,4",30
Apartamento Playa Wifi Gratis,3495634,Apartamento,Valencia,1,1,€ 140,2019/11/08,2019/11/09,0,"9,3",30
Lindala,5250762,NA,Valencia,1,1,€ 69,2019/11/08,2019/11/09,0,,30
Apartamentos Navío,5647176,Apartamento,Valencia,1,1,€ 70,2019/11/08,2019/11/09,0,,30
Piso en Playa de Valencia,5533098,Apartamento,Valencia,1,1,€ 70,2019/11/08,2019/11/09,0,,30
Brugada home,5259150,NA,Valencia,1,1,€ 75,2019/11/08,2019/11/09,0,,30
Hogar Dulce Hogar,5426607,NA,Valencia,1,1,€ 30,2019/11/08,2019/11/09,0,,30
Loft Turia Gran,5133726,Apartamento,Valencia,1,1,€ 95,2019/11/08,2019/11/09,0,,30
Apartamentos Hiedra y Tapinería Mercado Central,1888891,Apartamentos,Valencia,1,1,NA,2019/11/08,2019/11/09,0,"9,2",30
Casa Adosada Quintero,5481770,Casa o chalet,Valencia,1,1,€ 99,2019/11/08,2019/11/09,0,,30
Comfort Homestay,5423155,NA,Valencia,1,1,€ 105,2019/11/08,2019/11/09,0,,30
One Shot Mercat 09,2274203,NA,Valencia,1,1,€ 144,2019/11/08,2019/11/09,4,"9,1",30
ARENAS 2 APARTAMENT,2808815,Apartamento,Valencia,1,1,€ 150,2019/11/08,2019/11/09,0,9,30
Hotel Cosmo,4838858,NA,Valencia,1,1,€ 106,2019/11/08,2019/11/09,3,,30
EL ATICO,5680427,Apartamento,Valencia,1,1,€ 107,2019/11/08,2019/11/09,0,,30
Valencia City Apartment,5460796,Apartamentos,Valencia,1,1,€ 115,2019/11/08,2019/11/09,0,,30
Sweet Caroline Apartment,1811784,Apartamento,Valencia,1,1,€ 150,2019/11/08,2019/11/09,0,"9,2",30
B BEACH VALENCIA,5125954,Apartamento,Valencia,1,1,€ 150,2019/11/08,2019/11/09,0,"9,1",30
Luxury Beach House,3602594,Casa o chalet,Valencia,1,1,NA,2019/11/08,2019/11/09,0,"9,7",30
Las Arenas Balneario Resort,91144,NA,Valencia,1,1,€ 153,2019/11/08,2019/11/09,5,9,30
Duplex en Blasco Ibáñez,3672426,Apartamento,Valencia,1,1,€ 155,2019/11/08,2019/11/09,0,"9,1",30
NH Collection Colón Valencia,3828811,NA,Valencia,1,1,€ 162,2019/11/08,2019/11/09,4,"9,2",30
Mediterranean Flats Plaza Redonda,4086496,Apartamentos,Valencia,1,1,€ 166,2019/11/08,2019/11/09,0,"9,2",30
HQ Rooms Apartments San Vicente,2894429,Apartamentos,Valencia,1,1,€ 207,2019/11/08,2019/11/09,0,"9,2",30
Apartamentos Plaza Picasso,97063,Apartamentos,Valencia,1,1,€ 84,2019/11/08,2019/11/09,0,"8,5",30
Melia Valencia,290493,NA,Valencia,1,1,€ 84,2019/11/08,2019/11/09,4,"8,8",30
El Corazon de Canovas,2634817,Apartamento,Valencia,1,1,NA,2019/11/08,2019/11/09,0,"9,6",30
Ad Hoc Monumental,90719,NA,Valencia,1,1,€ 85,2019/11/08,2019/11/09,3,"8,6",30
Casa de Maria,2467712,Apartamento,Valencia,1,1,€ 85,2019/11/08,2019/11/09,0,"8,6",30
Hotel Valencia Oceanic Managed by Melia Hotels International,91522,NA,Valencia,1,1,€ 88,2019/11/08,2019/11/09,4,"8,6",30
Pio XII Apartments Valencia,402080,Apartamentos,Valencia,1,1,€ 89,2019/11/08,2019/11/09,0,"8,5",30
BUBUFLATS / Mercat,783206,Apartamentos,Valencia,1,1,€ 90,2019/11/08,2019/11/09,0,"8,9",30
Valencian Apartment,2298621,Apartamento,Valencia,1,1,€ 90,2019/11/08,2019/11/09,0,"8,9",30
Colors Rooms,675839,NA,Valencia,1,1,NA,2019/11/08,2019/11/09,0,"9,6",30
One Shot Colón 46,1394168,NA,Valencia,1,1,€ 93,2019/11/08,2019/11/09,3,"8,7",30
Eurostars Acteón,90495,NA,Valencia,1,1,€ 94,2019/11/08,2019/11/09,4,"8,5",30
Casual del Cine Valencia,572187,NA,Valencia,1,1,€ 94,2019/11/08,2019/11/09,2,"8,6",30
ABCyou Bed&Breakfast,189207,NA,Valencia,1,1,€ 94,2019/11/08,2019/11/09,0,"8,5",30
BUBUFLATS Mossén,1141763,Apartamentos,Valencia,1,1,€ 95,2019/11/08,2019/11/09,0,"8,9",30
New Trendy apartment,2426154,Apartamento,Valencia,1,1,€ 95,2019/11/08,2019/11/09,0,"8,7",30
L'Esplai Valencia Bed & Breakfast,1282556,NA,Valencia,1,1,NA,2019/11/08,2019/11/09,0,"9,6",30
AC Hotel Valencia,91063,NA,Valencia,1,1,€ 98,2019/11/08,2019/11/09,4,"8,5",30
Hotel El Siglo,1741479,NA,Valencia,1,1,€ 98,2019/11/08,2019/11/09,3,"8,5",30
Hotel Dimar,90886,NA,Valencia,1,1,€ 99,2019/11/08,2019/11/09,4,"8,7",30
Soho Valencia,1538641,Apartahotel,Valencia,1,1,€ 99,2019/11/08,2019/11/09,0,"8,9",30
Hotel San Lorenzo Boutique,1307718,NA,Valencia,1,1,€ 99,2019/11/08,2019/11/09,3,"8,6",30
IVAM ESQUIFE,4908298,Apartamento,Valencia,1,1,€ 100,2019/11/08,2019/11/09,0,"8,5",30
ÁTICO PTA 13 EN EL CENTRO DE VALENCIA VT-45727-T,4612077,Apartamento,Valencia,1,1,NA,2019/11/08,2019/11/09,0,"9,5",30
Les flors,3985046,Apartamento,Valencia,1,1,€ 100,2019/11/08,2019/11/09,0,"8,7",30
Valenciaflats Centro Histórico,94781,Apartamentos,Valencia,1,1,€ 101,2019/11/08,2019/11/09,0,"8,7",30
Citizentral Gascons,332095,Apartamentos,Valencia,1,1,€ 102,2019/11/08,2019/11/09,0,"8,8",30
Hotel Neptuno,91206,NA,Valencia,1,1,€ 108,2019/11/08,2019/11/09,4,"8,5",30
Hotel Mediterraneo Valencia,92412,NA,Valencia,1,1,€ 111,2019/11/08,2019/11/09,3,"8,8",30
