name,propertyId,propertyType,city,rooms,days,price,checkIn,checkOut,stars,score,advance
Apartment Carrer de Cadis,5531328,Apartamentos,Valencia,1,1,€ 648,2019/12/06,2019/12/07,0,,60
Pension MonaLisa Luxury Suites,3834224,NA,Valencia,1,1,€ 56,2019/12/06,2019/12/07,0,"8,2",60
Hotel Olympia Universidades,1301731,NA,Valencia,1,1,€ 59,2019/12/06,2019/12/07,3,"8,4",60
Teixidors de Palomar,2639791,Apartamentos,Valencia,1,1,NA,2019/12/06,2019/12/07,0,"9,3",60
7 Moons Bed & Breakfast,464187,NA,Valencia,1,1,€ 61,2019/12/06,2019/12/07,0,"8,4",60
Aparthotel Valencia Rental,17344,Apartahotel,Valencia,1,1,€ 61,2019/12/06,2019/12/07,0,8,60
Sol Playa,12656,NA,Valencia,1,1,€ 64,2019/12/06,2019/12/07,2,"8,3",60
NH Ciudad de Valencia,90729,NA,Valencia,1,1,€ 64,2019/12/06,2019/12/07,3,"8,1",60
Hotel Villacarlos,90730,NA,Valencia,1,1,€ 65,2019/12/06,2019/12/07,3,8,60
Tryp Valencia Feria,92852,NA,Valencia,1,1,€ 68,2019/12/06,2019/12/07,4,"8,4",60
MÍ casa YOUR HOME,3328967,Apartamento,Valencia,1,1,NA,2019/12/06,2019/12/07,0,"9,2",60
Style Apartments Puerto,1558265,Apartamentos,Valencia,1,1,€ 68,2019/12/06,2019/12/07,0,8,60
Guest House Samuel Ros,4161855,NA,Valencia,1,1,€ 90,2019/12/06,2019/12/07,0,"7,2",60
Kirei Apartment Na Jordana,1702092,Apartamentos,Valencia,1,1,€ 101,2019/12/06,2019/12/07,0,7,60
V home,2146641,Apartamento,Valencia,1,1,NA,2019/12/06,2019/12/07,0,9,60
Spain Host Valencia Centro- San Vicente II,2567628,Apartamento,Valencia,1,1,€ 114,2019/12/06,2019/12/07,0,"7,3",60
Kirei Apartment En Llop,1765516,Apartamentos,Valencia,1,1,€ 150,2019/12/06,2019/12/07,0,"7,1",60
Best Valencia Beach Flat,3246772,Apartamento,Valencia,1,1,€ 192,2019/12/06,2019/12/07,0,"7,1",60
NH Valencia Las Ciencias,90725,NA,Valencia,1,1,€ 71,2019/12/06,2019/12/07,3,8,60
L'Otelet By Sweet,1467935,NA,Valencia,1,1,€ 72,2019/12/06,2019/12/07,0,"8,3",60
Hotel Medium Valencia,96838,NA,Valencia,1,1,€ 72,2019/12/06,2019/12/07,4,"8,2",60
Happy Apartments Valencia,456043,Apartamentos,Valencia,1,1,€ 72,2019/12/06,2019/12/07,0,"8,2",60
Las Arenas Balneario Resort,91144,NA,Valencia,1,1,€ 144,2019/12/06,2019/12/07,5,9,60
15 Avinguda Mare Nostrum,4518973,Apartamento,Valencia,1,1,€ 145,2019/12/06,2019/12/07,0,"9,4",60
Apartment Sofi,2830696,Apartamento,Valencia,1,1,NA,2019/12/06,2019/12/07,0,"9,8",60
Hotel Valencia Center,91285,NA,Valencia,1,1,€ 75,2019/12/06,2019/12/07,4,"8,4",60
APARTAMENTO CENTRICO. WI-FI. PARKING,2967593,Apartamento,Valencia,1,1,NA,2019/12/06,2019/12/07,0,"9,1",60
NH Valencia Center,90727,NA,Valencia,1,1,€ 76,2019/12/06,2019/12/07,4,"8,3",60
Happy Apartments Valencia – Lope de Vega,575582,Apartamentos,Valencia,1,1,€ 77,2019/12/06,2019/12/07,0,"8,1",60
HOSTAL BED OF THE SEA,3974636,NA,Valencia,1,1,€ 200,2019/12/06,2019/12/07,0,"7,1",60
Select Home Catedral,440778,Apartamentos,Valencia,1,1,€ 340,2019/12/06,2019/12/07,0,"7,1",60
Ruzafa Rooms,2891693,NA,Valencia,1,1,€ 32,2019/12/06,2019/12/07,0,"6,9",60
Una Ubicacion Perfecta,3114164,Apartamentos,Valencia,1,1,NA,2019/12/06,2019/12/07,0,"9,1",60
Guest House Lebon,3124256,NA,Valencia,1,1,€ 60,2019/12/06,2019/12/07,0,"6,8",60
Senator Parque Central Hotel,274963,NA,Valencia,1,1,€ 77,2019/12/06,2019/12/07,4,"8,1",60
Silken Puerta Valencia,91182,NA,Valencia,1,1,€ 79,2019/12/06,2019/12/07,4,"8,3",60
Primus Valencia,331871,NA,Valencia,1,1,€ 79,2019/12/06,2019/12/07,4,"8,3",60
Casita Esmeralda,2040126,Casa o chalet,Valencia,1,1,€ 114,2019/12/06,2019/12/07,0,"6,5",60
Fun and Sun Center 2,2944416,NA,Valencia,1,1,€ 32,2019/12/06,2019/12/07,0,"6,1",60
Vamos A la Playa,5030500,Apartamento,Valencia,1,1,€ 90,2019/12/06,2019/12/07,0,"6,1",60
Gon & Diego House,4899561,NA,Valencia,1,1,€ 40,2019/12/06,2019/12/07,0,"5,5",60
NH Collection Colón Valencia,3828811,NA,Valencia,1,1,€ 148,2019/12/06,2019/12/07,4,"9,2",60
Apartamentos La más Bonita,2816245,Apartamentos,Valencia,1,1,€ 149,2019/12/06,2019/12/07,0,"9,1",60
B BEACH VALENCIA,5125954,Apartamento,Valencia,1,1,€ 150,2019/12/06,2019/12/07,0,"9,1",60
Mon Suites San Martin,2777545,Apartamentos,Valencia,1,1,€ 151,2019/12/06,2019/12/07,0,"9,4",60
Reina 12,1684198,NA,Valencia,1,1,€ 80,2019/12/06,2019/12/07,0,"8,2",60
MOM La Punta,3105661,NA,Valencia,1,1,NA,2019/12/06,2019/12/07,0,"9,4",60
Ilunion Valencia 4,754329,NA,Valencia,1,1,€ 82,2019/12/06,2019/12/07,4,"8,1",60
Sweet Hotel Renasa,274818,NA,Valencia,1,1,€ 84,2019/12/06,2019/12/07,3,8,60
Carrer del Bisbe Jaume Pérez,4900140,NA,Valencia,1,1,€ 60,2019/12/06,2019/12/07,0,"5,8",60
Forn desamparats,2380447,Apartamento,Valencia,1,1,NA,2019/12/06,2019/12/07,0,"9,4",60
Guest House Higinio Noja,2845935,NA,Valencia,1,1,€ 60,2019/12/06,2019/12/07,0,"5,9",60
Oliver,4865093,NA,Valencia,1,1,€ 63,2019/12/06,2019/12/07,0,"5,5",60
Kirei Apartment Berlin,4504570,Apartamentos,Valencia,1,1,€ 108,2019/12/06,2019/12/07,0,"5,6",60
Kirei Apartment Denver,4585191,Apartamento,Valencia,1,1,€ 161,2019/12/06,2019/12/07,0,"5,9",60
Kirei Apartment Portland,4276529,Apartamentos,Valencia,1,1,€ 200,2019/12/06,2019/12/07,0,"5,9",60
Port of Valencia,3805735,Apartamento,Valencia,1,1,€ 120,2019/12/06,2019/12/07,0,"5,1",60
City Center Atico 360,3025679,Apartamento,Valencia,1,1,NA,2019/12/06,2019/12/07,0,"9,4",60
NH Valencia Las Artes,90731,NA,Valencia,1,1,€ 84,2019/12/06,2019/12/07,4,"8,4",60
Atico Ciutat Vella,3446230,Apartamentos,Valencia,1,1,€ 85,2019/12/06,2019/12/07,0,"8,3",60
Ilunion Aqua 3,92776,NA,Valencia,1,1,€ 86,2019/12/06,2019/12/07,3,"8,3",60
Vincci Mercat,1279484,NA,Valencia,1,1,€ 167,2019/12/06,2019/12/07,4,9,60
Mediterranean Flats Plaza Redonda,4086496,Apartamentos,Valencia,1,1,€ 175,2019/12/06,2019/12/07,0,"9,3",60
Ambrosio Flats Valencia - El Mercat,3131649,Apartamento,Valencia,1,1,NA,2019/12/06,2019/12/07,0,"9,5",60
Apartamento Playa Wifi Gratis,3495634,Apartamento,Valencia,1,1,€ 190,2019/12/06,2019/12/07,0,"9,3",60
Arena's Apartament,2156905,Apartamento,Valencia,1,1,€ 200,2019/12/06,2019/12/07,0,"9,1",60
Jardines del Turia - Espacioso apartamento,2734126,Apartamento,Valencia,1,1,€ 200,2019/12/06,2019/12/07,0,"9,1",60
Malvarosa,3820590,Apartamento,Valencia,1,1,€ 190,2019/12/06,2019/12/07,0,4,60
Habitacion doble en piso compartido,5645604,NA,Valencia,1,1,€ 51,2019/12/06,2019/12/07,0,,60
Lindala,5250762,NA,Valencia,1,1,€ 59,2019/12/06,2019/12/07,0,,60
vosotros sereis parte de mi familia.,5299568,NA,Valencia,1,1,€ 60,2019/12/06,2019/12/07,0,,60
Hogar Dulce Hogar,5426607,NA,Valencia,1,1,€ 60,2019/12/06,2019/12/07,0,,60
Habitación Céntrica en Casa de Familia,4289877,NA,Valencia,1,1,€ 35,2019/12/06,2019/12/07,0,"7,8",60
Valencia City Host,1177077,NA,Valencia,1,1,€ 36,2019/12/06,2019/12/07,0,"7,8",60
Apartments Abate 4,2848648,Apartamentos,Valencia,1,1,NA,2019/12/06,2019/12/07,0,9,60
Voyagers Inn Homestay,2682156,NA,Valencia,1,1,€ 40,2019/12/06,2019/12/07,0,"7,8",60
Casual Civilizaciones Valencia,449777,NA,Valencia,1,1,€ 50,2019/12/06,2019/12/07,0,"7,9",60
Apartamentos Rusafa,5604325,NA,Valencia,1,1,€ 50,2019/12/06,2019/12/07,0,"7,8",60
HQ Rooms Apartments San Vicente,2894429,Apartamentos,Valencia,1,1,€ 207,2019/12/06,2019/12/07,0,"9,2",60
Caro Hotel,348132,NA,Valencia,1,1,€ 219,2019/12/06,2019/12/07,5,"9,2",60
Ca Carmela,2466364,Casa o chalet,Valencia,1,1,€ 250,2019/12/06,2019/12/07,0,"9,1",60
Valencia Just in the Middle,2965508,Apartamento,Valencia,1,1,NA,2019/12/06,2019/12/07,0,"9,9",60
Habitacion PLaza Ayuntamiento,4365340,NA,Valencia,1,1,€ 50,2019/12/06,2019/12/07,0,"7,5",60
Como en casa,4802186,NA,Valencia,1,1,€ 54,2019/12/06,2019/12/07,0,"7,9",60
Habitacion por dias Centro Valencia,3977106,NA,Valencia,1,1,€ 55,2019/12/06,2019/12/07,0,"7,8",60
Total Valencia White,2201908,Apartamento,Valencia,1,1,NA,2019/12/06,2019/12/07,0,"9,2",60
Valencia Lounge Hostel,337203,NA,Valencia,1,1,€ 57,2019/12/06,2019/12/07,0,"7,7",60
MD Julio Antonio Apartment Center,3961049,Apartamento,Valencia,1,1,€ 407,2019/12/06,2019/12/07,0,"9,2",60
Old Fisherman's House in Malvarrosa Beach,3618172,Apartamento,Valencia,1,1,€ 720,2019/12/06,2019/12/07,0,"9,4",60
Pensión Alicante,298710,NA,Valencia,1,1,€ 36,2019/12/06,2019/12/07,0,"8,5",60
Quart Youth Hostel,476418,NA,Valencia,1,1,€ 45,2019/12/06,2019/12/07,0,"8,6",60
Expo Hotel Valencia,91223,NA,Valencia,1,1,€ 58,2019/12/06,2019/12/07,3,"7,6",60
Casual de la Música Valencia,273130,NA,Valencia,1,1,€ 58,2019/12/06,2019/12/07,2,"7,5",60
Jero Rooms,296743,NA,Valencia,1,1,€ 62,2019/12/06,2019/12/07,0,"7,7",60
Alex Apartment,1756374,Apartamento,Valencia,1,1,€ 64,2019/12/06,2019/12/07,0,"7,9",60
Art&Flats Bed&Breakfast,5238345,NA,Valencia,1,1,€ 50,2019/12/06,2019/12/07,0,"8,8",60
Home Youth Hostel by Feetup Hostels,189322,NA,Valencia,1,1,€ 51,2019/12/06,2019/12/07,0,"8,8",60
City Valencia Beach 360,4504803,Apartamento,Valencia,1,1,NA,2019/12/06,2019/12/07,0,"9,6",60
Hotel Beleret,94652,NA,Valencia,1,1,€ 65,2019/12/06,2019/12/07,3,"7,6",60
Kasa Katia Eco Guest House,636256,NA,Valencia,1,1,NA,2019/12/06,2019/12/07,0,"9,3",60
B&B Hotel Valencia Ciudad de las Ciencias,92242,NA,Valencia,1,1,€ 65,2019/12/06,2019/12/07,3,"7,5",60
Ilunion Valencia 3,92818,NA,Valencia,1,1,€ 70,2019/12/06,2019/12/07,3,"7,9",60
Zalamera BnB,1331238,NA,Valencia,1,1,€ 56,2019/12/06,2019/12/07,0,"8,7",60
ABCyou Bed&Breakfast,189207,NA,Valencia,1,1,€ 66,2019/12/06,2019/12/07,0,"8,5",60
Hulot B&B Valencia,585429,NA,Valencia,1,1,€ 68,2019/12/06,2019/12/07,0,"8,5",60
Valencia maritimo,3020748,Apartamento,Valencia,1,1,€ 70,2019/12/06,2019/12/07,0,"8,9",60
Hi Valencia Cánovas,4312120,Apartamentos,Valencia,1,1,€ 71,2019/12/06,2019/12/07,0,"8,9",60
Hotel Turia,14441,NA,Valencia,1,1,€ 75,2019/12/06,2019/12/07,4,"7,5",60
OYO Pensión El Rincón,476031,NA,Valencia,1,1,€ 84,2019/12/06,2019/12/07,1,"7,6",60
SEA YOU HOTEL PORT VALENCIA,92328,NA,Valencia,1,1,€ 84,2019/12/06,2019/12/07,4,"7,7",60
Checkin Valencia,93743,NA,Valencia,1,1,€ 89,2019/12/06,2019/12/07,4,"7,8",60
Apartamento Ruzafa Centro II,3718518,Apartamento,Valencia,1,1,NA,2019/12/06,2019/12/07,0,"9,1",60
MyHomestay,2921259,NA,Valencia,1,1,€ 110,2019/12/06,2019/12/07,0,"7,6",60
Apartamento Angel Alcazar 35,2174625,Apartamento,Valencia,1,1,€ 110,2019/12/06,2019/12/07,0,"7,5",60
Apartamento luminoso y acogedor,3489126,Apartamento,Valencia,1,1,€ 78,2019/12/06,2019/12/07,0,"9,5",60
LOFT apartamento duplex en Valencia con parking,5519008,Apartamento,Valencia,1,1,€ 80,2019/12/06,2019/12/07,0,"9,8",60
Valencia Apartamentos Goya,4256653,Apartamentos,Valencia,1,1,NA,2019/12/06,2019/12/07,0,10,60
Apartment Florista,2150187,Apartamento,Valencia,1,1,€ 115,2019/12/06,2019/12/07,0,"7,8",60
Apartamento Alguer,4005334,Apartamento,Valencia,1,1,€ 120,2019/12/06,2019/12/07,0,"7,8",60
Kirei Apartment Vienna,4639797,Apartamento,Valencia,1,1,€ 126,2019/12/06,2019/12/07,0,"7,6",60
Precioso piso junto al antiguo barrio de Campanar,3297078,Apartamento,Valencia,1,1,€ 100,2019/12/06,2019/12/07,0,"9,5",60
Valencian Dreams Lonja,4757385,Apartamento,Valencia,1,1,€ 116,2019/12/06,2019/12/07,0,"9,8",60
Ramirez Flats & Bar,4124528,Apartahotel,Valencia,1,1,€ 122,2019/12/06,2019/12/07,0,"9,5",60
Bubuflats Bubu 3,1014334,Apartamento,Valencia,1,1,€ 130,2019/12/06,2019/12/07,0,"9,6",60
Apartments Downtown Valencia,2250421,Apartamentos,Valencia,1,1,€ 160,2019/12/06,2019/12/07,0,"9,6",60
Olympia Flats,4212801,NA,Valencia,1,1,€ 80,2019/12/06,2019/12/07,0,"9,7",60
MerKat-Abastos,1231196,Apartamento,Valencia,1,1,NA,2019/12/06,2019/12/07,0,"9,7",60
Apartamento centro,3160737,Apartamento,Valencia,1,1,€ 165,2019/12/06,2019/12/07,0,"9,7",60
MARQUÉS HOUSE 4* SUP,2118880,NA,Valencia,1,1,€ 179,2019/12/06,2019/12/07,4,"9,5",60
Disfruta - Enjoy Valencia Oceanografic,4121345,Apartamento,Valencia,1,1,€ 229,2019/12/06,2019/12/07,0,"9,6",60
Disfruta - Enjoy Valencia Ayuntamiento,4901194,Apartamento,Valencia,1,1,€ 229,2019/12/06,2019/12/07,0,"9,6",60
Casa Calle Conquista,4691493,Apartamento,Valencia,1,1,€ 240,2019/12/06,2019/12/07,0,"9,6",60
Luxury Beach Apartment with Pool,3841868,Apartamento,Valencia,1,1,€ 355,2019/12/06,2019/12/07,0,"9,7",60
Apartment Cisneros 2,2361375,Apartamento,Valencia,1,1,NA,2019/12/06,2019/12/07,0,"9,7",60
MD PASEO RUZAFA CENTER,5374850,Apartamento,Valencia,1,1,€ 1.030,2019/12/06,2019/12/07,0,"9,6",60
Cantagua Hostel,4074640,NA,Valencia,1,1,€ 43,2019/12/06,2019/12/07,0,"9,1",60
YOU & CO. Saler Beach Boutique,4533007,NA,Valencia,1,1,€ 57,2019/12/06,2019/12/07,3,9,60
Habitación privada a 1500 metros de la playa,3789910,NA,Valencia,1,1,€ 60,2019/12/06,2019/12/07,0,"9,3",60
Host & Home,1663785,NA,Valencia,1,1,€ 74,2019/12/06,2019/12/07,0,9,60
Live in Chianti,2227491,NA,Valencia,1,1,€ 75,2019/12/06,2019/12/07,0,"9,1",60
Apartment Cabanyal,3172456,Apartamento,Valencia,1,1,NA,2019/12/06,2019/12/07,0,"9,7",60
Atico de Lujo,2142556,Apartamento,Valencia,1,1,€ 85,2019/12/06,2019/12/07,0,"9,2",60
El Cid,2740801,Apartamento,Valencia,1,1,€ 90,2019/12/06,2019/12/07,0,9,60
Jardín Botánico Hotel Boutique,93369,NA,Valencia,1,1,€ 92,2019/12/06,2019/12/07,3,9,60
Hostal Venecia,92883,NA,Valencia,1,1,€ 93,2019/12/06,2019/12/07,2,"9,1",60
OttoH Charm Stay,2459807,NA,Valencia,1,1,€ 94,2019/12/06,2019/12/07,0,"9,3",60
Burjassot Mestalla,3058627,Apartamento,Valencia,1,1,€ 100,2019/12/06,2019/12/07,0,"8,6",60
Apartamento en Valencia,2549783,Apartamento,Valencia,1,1,€ 100,2019/12/06,2019/12/07,0,"8,7",60
Cool Central Market,3424724,Apartamento,Valencia,1,1,NA,2019/12/06,2019/12/07,0,"9,9",60
Les flors,3985046,Apartamento,Valencia,1,1,€ 101,2019/12/06,2019/12/07,0,"8,7",60
AC Hotel Valencia,91063,NA,Valencia,1,1,€ 103,2019/12/06,2019/12/07,4,"8,5",60
Melia Plaza Valencia,13270,NA,Valencia,1,1,€ 105,2019/12/06,2019/12/07,4,"8,9",60
New Trendy apartment,2426154,Apartamento,Valencia,1,1,€ 105,2019/12/06,2019/12/07,0,"8,7",60
SH Ingles Boutique Hotel,92956,NA,Valencia,1,1,€ 108,2019/12/06,2019/12/07,4,"8,5",60
Hotel Neptuno,91206,NA,Valencia,1,1,€ 108,2019/12/06,2019/12/07,4,"8,5",60
Hostal Antigua Morellana,1273937,NA,Valencia,1,1,NA,2019/12/06,2019/12/07,1,"9,5",60
Hotel San Lorenzo Boutique,1307718,NA,Valencia,1,1,€ 113,2019/12/06,2019/12/07,3,"8,6",60
Zenit Valencia,92327,NA,Valencia,1,1,€ 113,2019/12/06,2019/12/07,4,"8,8",60
El Palacete Gran Via,3483148,NA,Valencia,1,1,€ 115,2019/12/06,2019/12/07,0,"8,7",60
Hotel Dimar,90886,NA,Valencia,1,1,€ 115,2019/12/06,2019/12/07,4,"8,7",60
SKY TOURISTIC ATTIC,281640,Apartamentos,Valencia,1,1,€ 117,2019/12/06,2019/12/07,0,"8,5",60
One Shot Palacio Reina Victoria 04,90885,NA,Valencia,1,1,€ 118,2019/12/06,2019/12/07,4,"8,6",60
Casa Chenano,4262208,Apartamento,Valencia,1,1,NA,2019/12/06,2019/12/07,0,"9,5",60
Valenciaflats Centro Histórico,94781,Apartamentos,Valencia,1,1,€ 120,2019/12/06,2019/12/07,0,"8,7",60
Apartment close to park Marchalenes,4418670,Apartamento,Valencia,1,1,€ 120,2019/12/06,2019/12/07,0,"8,9",60
Eurostars Acteón,90495,NA,Valencia,1,1,€ 121,2019/12/06,2019/12/07,4,"8,5",60
Barceló Valencia,91988,NA,Valencia,1,1,€ 122,2019/12/06,2019/12/07,4,"8,7",60
BUBUFLATS / Mercat,783206,Apartamentos,Valencia,1,1,€ 125,2019/12/06,2019/12/07,0,"8,9",60
Citizentral Gascons,332095,Apartamentos,Valencia,1,1,€ 126,2019/12/06,2019/12/07,0,"8,8",60
Piso en La Ciudad de Artes,3832790,Apartamento,Valencia,1,1,NA,2019/12/06,2019/12/07,0,"9,6",60
Ilunion Aqua 4,92777,NA,Valencia,1,1,€ 127,2019/12/06,2019/12/07,4,"8,5",60
Hotel Valencia Oceanic Managed by Melia Hotels International,91522,NA,Valencia,1,1,€ 130,2019/12/06,2019/12/07,4,"8,6",60
Precioso Apartamento En Pleno Centro Con Wifi,3023494,Apartamento,Valencia,1,1,€ 130,2019/12/06,2019/12/07,0,"8,8",60
BUBUFLATS Mossén,1141763,Apartamentos,Valencia,1,1,€ 130,2019/12/06,2019/12/07,0,"8,9",60
Casual Vintage Valencia,1710241,NA,Valencia,1,1,€ 132,2019/12/06,2019/12/07,2,"8,6",60
