name,propertyId,propertyType,city,rooms,days,price,checkIn,checkOut,stars,score,advance
Loft Valencia Playa,3954993,Apartamento,Valencia,1,1,€ 75,2019/11/09,2019/11/10,0,"9,7",30
LOFT apartamento duplex en Valencia con parking,5519008,Apartamento,Valencia,1,1,€ 95,2019/11/09,2019/11/10,0,"9,9",30
Valencia Apartamentos Goya,4256653,Apartamentos,Valencia,1,1,NA,2019/11/09,2019/11/10,0,10,30
Casa La Buhardilla,2985364,Apartamento,Valencia,1,1,€ 97,2019/11/09,2019/11/10,0,"9,6",30
Ramirez Flats & Bar,4124528,Apartahotel,Valencia,1,1,€ 99,2019/11/09,2019/11/10,0,"9,5",30
Precioso piso junto al antiguo barrio de Campanar,3297078,Apartamento,Valencia,1,1,€ 100,2019/11/09,2019/11/10,0,"9,5",30
Valencian Dreams Lonja,4757385,Apartamento,Valencia,1,1,€ 116,2019/11/09,2019/11/10,0,"9,8",30
Opera House Valencia B&B,3533887,NA,Valencia,1,1,€ 120,2019/11/09,2019/11/10,0,"9,5",30
Charming Ninetta,3220582,Apartamento,Valencia,1,1,€ 133,2019/11/09,2019/11/10,0,"9,5",30
Cómoda habitación Valencia,4200488,NA,Valencia,1,1,NA,2019/11/09,2019/11/10,0,"9,6",30
Disfruta - Enjoy Valencia Oceanografic,4121345,Apartamento,Valencia,1,1,€ 149,2019/11/09,2019/11/10,0,"9,6",30
Disfruta - Enjoy Valencia Ayuntamiento,4901194,Apartamento,Valencia,1,1,€ 149,2019/11/09,2019/11/10,0,"9,6",30
Olympia Flats,4212801,NA,Valencia,1,1,€ 80,2019/11/09,2019/11/10,0,"9,7",30
MARQUÉS HOUSE 4* SUP,2118880,NA,Valencia,1,1,€ 189,2019/11/09,2019/11/10,4,"9,4",30
Casa Calle Conquista,4691493,Apartamento,Valencia,1,1,€ 240,2019/11/09,2019/11/10,0,"9,6",30
Cantagua Hostel,4074640,NA,Valencia,1,1,€ 41,2019/11/09,2019/11/10,0,"9,1",30
Hexagonal Design Apartment Valencia,4630643,Apartamento,Valencia,1,1,NA,2019/11/09,2019/11/10,0,"9,5",30
Habitación privada a 1500 metros de la playa,3789910,NA,Valencia,1,1,€ 60,2019/11/09,2019/11/10,0,"9,2",30
YOU & CO. Saler Beach Boutique,4533007,NA,Valencia,1,1,€ 62,2019/11/09,2019/11/10,3,9,30
Blanq Comedias,4922002,NA,Valencia,1,1,€ 81,2019/11/09,2019/11/10,0,9,30
Host & Home,1663785,NA,Valencia,1,1,€ 83,2019/11/09,2019/11/10,0,9,30
Original Domino House,5434091,NA,Valencia,1,1,€ 87,2019/11/09,2019/11/10,0,9,30
Rooms Ciencias,94126,NA,Valencia,1,1,€ 95,2019/11/09,2019/11/10,0,9,30
Carmen Apartment,3308265,Apartamento,Valencia,1,1,NA,2019/11/09,2019/11/10,0,"9,6",30
BUBUSUITES by Bubuflats,2389776,NA,Valencia,1,1,€ 95,2019/11/09,2019/11/10,0,"9,3",30
Loft zona Pechina en Valencia centro,2524985,Apartamento,Valencia,1,1,€ 98,2019/11/09,2019/11/10,0,"9,1",30
Mestalla Paradise,4734619,NA,Valencia,1,1,€ 100,2019/11/09,2019/11/10,0,"9,1",30
Apartamento cerca de la Playa y el Centro,2620264,Apartamento,Valencia,1,1,€ 100,2019/11/09,2019/11/10,0,9,30
Olvida tu Reloj Congresos Apartment,2448036,Apartamento,Valencia,1,1,€ 101,2019/11/09,2019/11/10,0,"9,2",30
L'Otelet By Sweet,1467935,NA,Valencia,1,1,€ 77,2019/11/09,2019/11/10,0,"8,3",30
Apartamento Ciudad de las Artes y las Ciencias,4353552,Apartamento,Valencia,1,1,€ 78,2019/11/09,2019/11/10,0,"8,3",30
ÁTICO PTA 13 EN EL CENTRO DE VALENCIA VT-45727-T,4612077,Apartamento,Valencia,1,1,NA,2019/11/09,2019/11/10,0,"9,5",30
Sweet Hotel Renasa,274818,NA,Valencia,1,1,€ 79,2019/11/09,2019/11/10,3,8,30
Nanit Valencia Hostel,3913497,NA,Valencia,1,1,€ 80,2019/11/09,2019/11/10,0,"8,3",30
Hotel Medium Valencia,96838,NA,Valencia,1,1,€ 81,2019/11/09,2019/11/10,4,"8,2",30
MD Modern Hotel - Jardines,305447,NA,Valencia,1,1,€ 86,2019/11/09,2019/11/10,1,"8,3",30
Senator Parque Central Hotel,274963,NA,Valencia,1,1,€ 86,2019/11/09,2019/11/10,4,"8,1",30
NH Valencia Las Artes,90731,NA,Valencia,1,1,€ 90,2019/11/09,2019/11/10,4,"8,4",30
Piso en barrio del Carmen cerca de Plaza Virgen,3421713,Apartamento,Valencia,1,1,NA,2019/11/09,2019/11/10,0,"9,7",30
Sol Playa,12656,NA,Valencia,1,1,€ 90,2019/11/09,2019/11/10,2,"8,3",30
Homestay Valencia,2597106,NA,Valencia,1,1,€ 90,2019/11/09,2019/11/10,0,8,30
Apartamento Plaza Sainetero,2743838,Apartamento,Valencia,1,1,€ 93,2019/11/09,2019/11/10,0,"8,2",30
APARTAMENTO LAS MELLIZAS,4651578,NA,Valencia,1,1,€ 47,2019/11/09,2019/11/10,0,"8,3",30
Cosy Rooms Tapinería,371192,NA,Valencia,1,1,€ 63,2019/11/09,2019/11/10,2,"7,5",30
Hotel Valencia Center,91285,NA,Valencia,1,1,€ 94,2019/11/09,2019/11/10,4,"8,4",30
Primus Valencia,331871,NA,Valencia,1,1,€ 96,2019/11/09,2019/11/10,4,"8,3",30
Hotel Beleret,94652,NA,Valencia,1,1,€ 65,2019/11/09,2019/11/10,3,"7,6",30
Apartamentos Edificio Palomar,189277,Apartamentos,Valencia,1,1,NA,2019/11/09,2019/11/10,0,"9,2",30
Cool Central Market,3424724,Apartamento,Valencia,1,1,NA,2019/11/09,2019/11/10,0,"9,9",30
Eurostars Rey Don Jaime,91520,NA,Valencia,1,1,€ 98,2019/11/09,2019/11/10,4,"8,2",30
Sweet Hotel Continental,93856,NA,Valencia,1,1,€ 99,2019/11/09,2019/11/10,2,"8,3",30
Apartamento Privado Próximo a Playa y Ciencias,3783163,Apartamento,Valencia,1,1,€ 100,2019/11/09,2019/11/10,0,"8,2",30
Ilunion Valencia 4,754329,NA,Valencia,1,1,€ 102,2019/11/09,2019/11/10,4,"8,1",30
Style Apartments Puerto,1558265,Apartamentos,Valencia,1,1,€ 108,2019/11/09,2019/11/10,0,"8,1",30
Expo Hotel Valencia,91223,NA,Valencia,1,1,€ 66,2019/11/09,2019/11/10,3,"7,6",30
Valencia Lounge Hostel,337203,NA,Valencia,1,1,€ 66,2019/11/09,2019/11/10,0,"7,7",30
ARENAS 2 APARTAMENT,2808815,Apartamento,Valencia,1,1,€ 150,2019/11/09,2019/11/10,0,9,30
Sweet Caroline Apartment,1811784,Apartamento,Valencia,1,1,€ 150,2019/11/09,2019/11/10,0,"9,2",30
Apartment Cabanyal,3172456,Apartamento,Valencia,1,1,NA,2019/11/09,2019/11/10,0,"9,7",30
B BEACH VALENCIA,5125954,Apartamento,Valencia,1,1,€ 150,2019/11/09,2019/11/10,0,"9,1",30
Checkin Valencia,93743,NA,Valencia,1,1,€ 67,2019/11/09,2019/11/10,4,"7,8",30
B&B Hotel Valencia Ciudad de las Ciencias,92242,NA,Valencia,1,1,€ 71,2019/11/09,2019/11/10,3,"7,5",30
B&B Hi Valencia Canovas,305349,NA,Valencia,1,1,€ 110,2019/11/09,2019/11/10,0,"8,3",30
Chic and Central- in a lively but quiet area. All walking distance.,3649090,Apartamento,Valencia,1,1,NA,2019/11/09,2019/11/10,0,"9,6",30
Ilunion Aqua 3,92776,NA,Valencia,1,1,€ 111,2019/11/09,2019/11/10,3,"8,3",30
Las Arenas Balneario Resort,91144,NA,Valencia,1,1,€ 153,2019/11/09,2019/11/10,5,9,30
Duplex en Blasco Ibáñez,3672426,Apartamento,Valencia,1,1,€ 155,2019/11/09,2019/11/10,0,"9,1",30
Mediterranean Flats Plaza Redonda,4086496,Apartamentos,Valencia,1,1,€ 166,2019/11/09,2019/11/10,0,"9,2",30
One Shot Mercat 09,2274203,NA,Valencia,1,1,€ 169,2019/11/09,2019/11/10,4,"9,1",30
SEA YOU HOTEL PORT VALENCIA,92328,NA,Valencia,1,1,€ 71,2019/11/09,2019/11/10,4,"7,7",30
Hotel Turia,14441,NA,Valencia,1,1,€ 79,2019/11/09,2019/11/10,4,"7,5",30
NH Collection Colón Valencia,3828811,NA,Valencia,1,1,€ 171,2019/11/09,2019/11/10,4,"9,2",30
Valencia center,3168460,Apartamento,Valencia,1,1,NA,2019/11/09,2019/11/10,0,"9,8",30
Mon Suites San Martin,2777545,Apartamentos,Valencia,1,1,€ 173,2019/11/09,2019/11/10,0,"9,4",30
Valenciaflats Torres de Serrano,17468,Apartamentos,Valencia,1,1,€ 120,2019/11/09,2019/11/10,0,"8,3",30
Silken Puerta Valencia,91182,NA,Valencia,1,1,€ 120,2019/11/09,2019/11/10,4,"8,3",30
Patacona Beach Apartment,4533678,Apartamento,Valencia,1,1,€ 129,2019/11/09,2019/11/10,0,"8,3",30
Vincci Mercat,1279484,NA,Valencia,1,1,€ 198,2019/11/09,2019/11/10,4,9,30
Apartamento Playa Wifi Gratis,3495634,Apartamento,Valencia,1,1,€ 240,2019/11/09,2019/11/10,0,"9,3",30
Don Herrero,1781239,Apartamentos,Valencia,1,1,NA,2019/11/09,2019/11/10,0,"9,2",30
OYO Pensión El Rincón,476031,NA,Valencia,1,1,€ 84,2019/11/09,2019/11/10,1,"7,6",30
United Colors of Studios - Mercado Central,2574108,Apartamentos,Valencia,1,1,€ 90,2019/11/09,2019/11/10,0,"7,8",30
City Center Apartment,5084891,Apartamento,Valencia,1,1,€ 130,2019/11/09,2019/11/10,0,"8,1",30
Hi Valencia Apartments - Jorge Juan,2373701,Apartamento,Valencia,1,1,€ 245,2019/11/09,2019/11/10,0,"9,4",30
Ca Carmela,2466364,Casa o chalet,Valencia,1,1,€ 250,2019/11/09,2019/11/10,0,"9,1",30
Rosa del mar2,4259814,Apartamento,Valencia,1,1,€ 278,2019/11/09,2019/11/10,0,9,30
Ambrosio Flats Valencia - El Mercat,3131649,Apartamento,Valencia,1,1,NA,2019/11/09,2019/11/10,0,"9,5",30
El 16 Ruzafa,865461,Apartamentos,Valencia,1,1,€ 119,2019/11/09,2019/11/10,0,"7,7",30
Apartment Florista,2150187,Apartamento,Valencia,1,1,€ 129,2019/11/09,2019/11/10,0,"7,9",30
MD Julio Antonio Apartment Center,3961049,Apartamento,Valencia,1,1,€ 285,2019/11/09,2019/11/10,0,"9,2",30
Zerka Sendra,4657122,Apartamento,Valencia,1,1,€ 309,2019/11/09,2019/11/10,0,9,30
Caro Hotel,348132,NA,Valencia,1,1,€ 315,2019/11/09,2019/11/10,5,"9,2",30
Old Fisherman's House in Malvarrosa Beach,3618172,Apartamento,Valencia,1,1,€ 480,2019/11/09,2019/11/10,0,"9,4",30
Art&Flats Bed&Breakfast,5238345,NA,Valencia,1,1,€ 40,2019/11/09,2019/11/10,0,"8,8",30
Quart Youth Hostel,476418,NA,Valencia,1,1,€ 45,2019/11/09,2019/11/10,0,"8,6",30
Apartamento Angel Alcazar 35,2174625,Apartamento,Valencia,1,1,€ 145,2019/11/09,2019/11/10,0,"7,5",30
Apartamento Alguer,4005334,Apartamento,Valencia,1,1,€ 150,2019/11/09,2019/11/10,0,"7,7",30
Kasa Katia Eco Guest House,636256,NA,Valencia,1,1,NA,2019/11/09,2019/11/10,0,"9,3",30
Casita Esmeralda,2040126,Casa o chalet,Valencia,1,1,€ 114,2019/11/09,2019/11/10,0,"6,5",30
Fun and Sun Center 2,2944416,NA,Valencia,1,1,€ 32,2019/11/09,2019/11/10,0,"6,1",30
Casas Benlliure,3274635,Apartamentos,Valencia,1,1,NA,2019/11/09,2019/11/10,0,"9,1",30
Travel Habitat Ático Ciutat Vella.,3264750,Apartamento,Valencia,1,1,NA,2019/11/09,2019/11/10,0,"9,5",30
Homestay Carrer Sagun,5006434,NA,Valencia,1,1,€ 55,2019/11/09,2019/11/10,0,"8,7",30
MD Benlliure Beach.,1957258,Apartamento,Valencia,1,1,€ 271,2019/11/09,2019/11/10,0,"7,8",30
MD Art Apartment Ruzafa,2550955,Apartamento,Valencia,1,1,€ 271,2019/11/09,2019/11/10,0,"7,5",30
MD Pelayo with terrace,1979067,Apartamento,Valencia,1,1,€ 271,2019/11/09,2019/11/10,0,"7,8",30
MD Oliag I Apartment Ruzafa,2867488,Apartamento,Valencia,1,1,€ 317,2019/11/09,2019/11/10,0,"7,7",30
Guest House Higinio Noja,2845935,NA,Valencia,1,1,€ 60,2019/11/09,2019/11/10,0,6,30
Oliver,4865093,NA,Valencia,1,1,€ 35,2019/11/09,2019/11/10,0,"5,5",30
Russafa Youth Hostel,345134,NA,Valencia,1,1,€ 56,2019/11/09,2019/11/10,0,"8,6",30
Home Youth Hostel by Feetup Hostels,189322,NA,Valencia,1,1,€ 57,2019/11/09,2019/11/10,0,"8,8",30
Sercotel Sorolla Palace,93646,NA,Valencia,1,1,€ 67,2019/11/09,2019/11/10,4,"8,6",30
Gon & Diego House,4899561,NA,Valencia,1,1,€ 40,2019/11/09,2019/11/10,0,"5,5",30
RoomTuristValencia - Ruzafa,4608394,NA,Valencia,1,1,€ 41,2019/11/09,2019/11/10,0,"5,6",30
63 Carrer d'Ernest Anastasio,4594613,NA,Valencia,1,1,€ 24,2019/11/09,2019/11/10,0,"7,4",30
Hostal Waksman,281139,NA,Valencia,1,1,€ 30,2019/11/09,2019/11/10,1,"7,3",30
OCEANOGRAFIC DELUXE- PARKING- WI-FI,4095746,Apartamento,Valencia,1,1,NA,2019/11/09,2019/11/10,0,"9,2",30
Moon Valencia,3560698,Apartamentos,Valencia,1,1,€ 70,2019/11/09,2019/11/10,0,"8,8",30
Ruzafa Guesthouse,2269176,NA,Valencia,1,1,€ 45,2019/11/09,2019/11/10,0,"5,6",30
Valencia B&B,2658386,NA,Valencia,1,1,€ 59,2019/11/09,2019/11/10,0,"5,5",30
Piso como en tu casa 2,3834617,Apartamentos,Valencia,1,1,NA,2019/11/09,2019/11/10,0,"9,2",30
Carrer del Bisbe Jaume Pérez,4900140,NA,Valencia,1,1,€ 60,2019/11/09,2019/11/10,0,"5,9",30
Kirei Apartment Berlin,4504570,Apartamentos,Valencia,1,1,€ 92,2019/11/09,2019/11/10,0,"5,6",30
Kirei Apartment Portland,4276529,Apartamentos,Valencia,1,1,€ 200,2019/11/09,2019/11/10,0,"5,9",30
Habitación con cama doble,4794909,NA,Valencia,1,1,€ 36,2019/11/09,2019/11/10,0,"7,2",30
feliz como en casa,3676196,NA,Valencia,1,1,€ 36,2019/11/09,2019/11/10,0,"7,3",30
HOSPEDAJE PESET,4718074,NA,Valencia,1,1,€ 40,2019/11/09,2019/11/10,0,"7,3",30
Centro Valencia Calle Cerrajeros,3476261,NA,Valencia,1,1,€ 50,2019/11/09,2019/11/10,0,"7,1",30
Kirei Apartment Denver,4585191,Apartamento,Valencia,1,1,€ 265,2019/11/09,2019/11/10,0,"5,8",30
Guest House Torres de Quart,2275006,NA,Valencia,1,1,€ 50,2019/11/09,2019/11/10,0,"5,3",30
B&B El Mercat,2203530,NA,Valencia,1,1,€ 50,2019/11/09,2019/11/10,0,"7,3",30
Guest House Ruzafa,2324552,NA,Valencia,1,1,€ 65,2019/11/09,2019/11/10,0,"5,1",30
Austria 4,1605997,Apartamentos,Valencia,1,1,NA,2019/11/09,2019/11/10,0,9,30
Citizentral Gascons,332095,Apartamentos,Valencia,1,1,€ 102,2019/11/09,2019/11/10,0,"8,8",30
Barceló Valencia,91988,NA,Valencia,1,1,€ 104,2019/11/09,2019/11/10,4,"8,7",30
La Casa Verde - Ruzafa,2029143,Apartamento,Valencia,1,1,NA,2019/11/09,2019/11/10,0,"9,7",30
RoomTuristValencia Estacion del Norte,4682632,NA,Valencia,1,1,€ 67,2019/11/09,2019/11/10,0,"5,1",30
Port of Valencia,3805735,Apartamento,Valencia,1,1,€ 120,2019/11/09,2019/11/10,0,"5,1",30
Guesthouse Plaza de Toros,2985902,NA,Valencia,1,1,€ 43,2019/11/09,2019/11/10,0,"4,8",30
Guest House Duc de Gaeta,2275007,NA,Valencia,1,1,€ 48,2019/11/09,2019/11/10,0,"4,9",30
AC Hotel Valencia,91063,NA,Valencia,1,1,€ 108,2019/11/09,2019/11/10,4,"8,5",30
RoomTuristValencia Torres de Quart,4565643,NA,Valencia,1,1,€ 49,2019/11/09,2019/11/10,0,"4,5",30
RoomTuristValencia RuzafaSumsi,4682802,NA,Valencia,1,1,€ 70,2019/11/09,2019/11/10,0,"4,5",30
Hotel Dimar,90886,NA,Valencia,1,1,€ 108,2019/11/09,2019/11/10,4,"8,7",30
Hotel Neptuno,91206,NA,Valencia,1,1,€ 108,2019/11/09,2019/11/10,4,"8,5",30
Soho Valencia,1538641,Apartahotel,Valencia,1,1,€ 109,2019/11/09,2019/11/10,0,"8,9",30
apartamento las torres-botanico,4694090,Apartamento,Valencia,1,1,NA,2019/11/09,2019/11/10,0,9,30
Malvarosa,3820590,Apartamento,Valencia,1,1,€ 120,2019/11/09,2019/11/10,0,4,30
Double Room in VALENCIA,5665653,NA,Valencia,1,1,€ 30,2019/11/09,2019/11/10,0,,30
Masatepe Room Valencia,5687127,NA,Valencia,1,1,€ 30,2019/11/09,2019/11/10,0,,30
One Shot Colón 46,1394168,NA,Valencia,1,1,€ 110,2019/11/09,2019/11/10,3,"8,7",30
Valenciaflats Centro Histórico,94781,Apartamentos,Valencia,1,1,€ 110,2019/11/09,2019/11/10,0,"8,7",30
vosotros sereis parte de mi familia.,5299568,NA,Valencia,1,1,€ 60,2019/11/09,2019/11/10,0,,30
Habitaciones con encanto,5629632,NA,Valencia,1,1,€ 60,2019/11/09,2019/11/10,0,,30
Valencia what else...,2550483,Apartamento,Valencia,1,1,NA,2019/11/09,2019/11/10,0,"9,5",30
Hotel San Lorenzo Boutique,1307718,NA,Valencia,1,1,€ 116,2019/11/09,2019/11/10,3,"8,6",30
Casual Vintage Valencia,1710241,NA,Valencia,1,1,€ 119,2019/11/09,2019/11/10,2,"8,6",30
Catalonia Excelsior,90578,NA,Valencia,1,1,€ 120,2019/11/09,2019/11/10,3,"8,7",30
Lotelito,570027,NA,Valencia,1,1,€ 120,2019/11/09,2019/11/10,0,"8,9",30
BUBUFLATS / Mercat,783206,Apartamentos,Valencia,1,1,€ 120,2019/11/09,2019/11/10,0,"8,9",30
Apartment close to park Marchalenes,4418670,Apartamento,Valencia,1,1,€ 120,2019/11/09,2019/11/10,0,"8,9",30
Valencia Just in the Middle,2965508,Apartamento,Valencia,1,1,NA,2019/11/09,2019/11/10,0,"9,9",30
City of Arts,3031480,Apartamento,Valencia,1,1,€ 125,2019/11/09,2019/11/10,0,"8,8",30
Burjassot Mestalla,3058627,Apartamento,Valencia,1,1,€ 125,2019/11/09,2019/11/10,0,"8,6",30
El Palacete Gran Via,3483148,NA,Valencia,1,1,€ 131,2019/11/09,2019/11/10,0,"8,7",30
B&B Hi Valencia Boutique,1301725,NA,Valencia,1,1,€ 133,2019/11/09,2019/11/10,0,"8,7",30
València Centre Torres de Quart,886289,Apartamentos,Valencia,1,1,€ 133,2019/11/09,2019/11/10,0,"8,9",30
One Shot Palacio Reina Victoria 04,90885,NA,Valencia,1,1,€ 135,2019/11/09,2019/11/10,4,"8,6",30
Apartment Plaza Cisneros,1273377,Apartamentos,Valencia,1,1,NA,2019/11/09,2019/11/10,0,"9,7",30
Zenit Valencia,92327,NA,Valencia,1,1,€ 140,2019/11/09,2019/11/10,4,"8,8",30
València Centre Túria,2185255,Apartamento,Valencia,1,1,€ 142,2019/11/09,2019/11/10,0,"8,8",30
Petit Palace Plaza de la Reina,90443,NA,Valencia,1,1,€ 143,2019/11/09,2019/11/10,3,"8,7",30
Apartamento Gran Vía Marqués del Turia,2358973,Apartamento,Valencia,1,1,€ 144,2019/11/09,2019/11/10,0,"8,5",30
Apartamento LUXURY CENTRO HISTORICO,3664772,Apartamento,Valencia,1,1,€ 149,2019/11/09,2019/11/10,0,"8,5",30
