name,propertyId,propertyType,city,rooms,days,price,checkIn,checkOut,stars,score,advance
Apartments Abate 4,2848648,NA,Valencia,1,1,€ 83,2020/01/28,2020/01/29,0,9,90
Precioso piso junto al antiguo barrio de Campanar,3297078,NA,Valencia,1,1,€ 85,2020/01/28,2020/01/29,0,"9,3",90
Forn desamparats,2380447,NA,Valencia,1,1,NA,2020/01/28,2020/01/29,0,"9,4",90
Atico de Lujo,2142556,NA,Valencia,1,1,€ 85,2020/01/28,2020/01/29,0,"9,1",90
Center City Flats,861452,NA,Valencia,1,1,€ 86,2020/01/28,2020/01/29,0,9,90
Apartamentos El Olivo,1985143,NA,Valencia,1,1,€ 86,2020/01/28,2020/01/29,0,"9,3",90
Apartamento cerca de la Playa y el Centro,2620264,NA,Valencia,1,1,€ 88,2020/01/28,2020/01/29,0,9,90
L'Arbre,3972359,NA,Valencia,1,1,€ 89,2020/01/28,2020/01/29,0,"9,1",90
Teixidors de Palomar,2639791,NA,Valencia,1,1,€ 89,2020/01/28,2020/01/29,0,"9,3",90
Apartment near Arts & Science,2062186,NA,Valencia,1,1,NA,2020/01/28,2020/01/29,0,"9,2",90
One Shot Mercat 09,2274203,NA,Valencia,1,1,€ 89,2020/01/28,2020/01/29,4,"9,1",90
Una Ubicacion Perfecta,3114164,NA,Valencia,1,1,€ 90,2020/01/28,2020/01/29,0,"9,1",90
RUZAFA. Nice apartment and Terrace.,4368595,NA,Valencia,1,1,€ 90,2020/01/28,2020/01/29,0,"9,3",90
Olvida tu Reloj Montichelvo Apartment,3258095,NA,Valencia,1,1,€ 91,2020/01/28,2020/01/29,0,"9,4",90
Olvida tu Reloj Congresos Apartment,2448036,NA,Valencia,1,1,€ 91,2020/01/28,2020/01/29,0,"9,2",90
Biopark View Apartment,2381901,NA,Valencia,1,1,€ 93,2020/01/28,2020/01/29,0,9,90
Vivaldi Valencia,427198,NA,Valencia,1,1,NA,2020/01/28,2020/01/29,0,"9,3",90
Casual Socarrat Valencia,5142800,NA,Valencia,1,1,€ 94,2020/01/28,2020/01/29,3,"9,1",90
apartamento las torres-botanico,4694090,NA,Valencia,1,1,€ 94,2020/01/28,2020/01/29,0,9,90
Mon Suites San Martin,2777545,NA,Valencia,1,1,€ 95,2020/01/28,2020/01/29,0,"9,4",90
Cozy apartment in Valencia center,3402135,NA,Valencia,1,1,€ 96,2020/01/28,2020/01/29,0,"9,2",90
Vincci Mercat,1279484,NA,Valencia,1,1,€ 101,2020/01/28,2020/01/29,4,9,90
MD Design Hotel - Portal del Real,2391685,NA,Valencia,1,1,€ 104,2020/01/28,2020/01/29,2,"9,1",90
La Morella del Carmen,5188541,NA,Valencia,1,1,NA,2020/01/28,2020/01/29,0,"9,4",90
Palacio de Rojas,1073276,NA,Valencia,1,1,€ 105,2020/01/28,2020/01/29,0,"9,3",90
Comfort Homestay,5423155,NA,Valencia,1,1,€ 105,2020/01/28,2020/01/29,0,9,90
Piso como en tu casa 2,3834617,NA,Valencia,1,1,€ 106,2020/01/28,2020/01/29,0,"9,2",90
COZY APARTMENT VALENCIA CITY CENTER!,4886758,NA,Valencia,1,1,€ 109,2020/01/28,2020/01/29,0,"9,1",90
Center Valencia,2944722,NA,Valencia,1,1,€ 109,2020/01/28,2020/01/29,0,"9,3",90
Casita Esmeralda,2040126,NA,Valencia,1,1,€ 114,2020/01/28,2020/01/29,0,"6,5",90
Ruzafa Guesthouse,2269176,NA,Valencia,1,1,€ 35,2020/01/28,2020/01/29,0,"5,5",90
Port of Valencia,3805735,NA,Valencia,1,1,€ 79,2020/01/28,2020/01/29,0,5,90
Oliver,4865093,NA,Valencia,1,1,€ 83,2020/01/28,2020/01/29,0,"5,4",90
Malvarosa,3820590,NA,Valencia,1,1,€ 190,2020/01/28,2020/01/29,0,"3,9",90
Helle & ruhige Zimmer nähe Strand,5698199,NA,Valencia,1,1,€ 27,2020/01/28,2020/01/29,0,,90
Rest room Evi,5710566,NA,Valencia,1,1,€ 32,2020/01/28,2020/01/29,0,,90
Habitacion doble en piso compartido,5645604,NA,Valencia,1,1,€ 46,2020/01/28,2020/01/29,0,,90
Bright room with trundle bed,5560260,NA,Valencia,1,1,€ 46,2020/01/28,2020/01/29,0,,90
Comoda habitacion,5695905,NA,Valencia,1,1,€ 58,2020/01/28,2020/01/29,0,,90
Hogar Dulce Hogar,5426607,NA,Valencia,1,1,€ 60,2020/01/28,2020/01/29,0,,90
vosotros sereis parte de mi familia.,5299568,NA,Valencia,1,1,€ 60,2020/01/28,2020/01/29,0,,90
YOU & CO Quart Boutique,5213598,NA,Valencia,1,1,€ 63,2020/01/28,2020/01/29,3,,90
Valencia- habitacion,5366858,NA,Valencia,1,1,€ 65,2020/01/28,2020/01/29,0,,90
Bonito Apartamento- confortable y bien comunicado,5572090,NA,Valencia,1,1,€ 68,2020/01/28,2020/01/29,0,,90
Cabanyal Apartment con patio,4323384,NA,Valencia,1,1,€ 69,2020/01/28,2020/01/29,0,,90
Hideout 26,5658117,NA,Valencia,1,1,€ 72,2020/01/28,2020/01/29,0,,90
Cabanyal Apartments Beach,5402234,NA,Valencia,1,1,€ 75,2020/01/28,2020/01/29,0,,90
Loft Turia Gran,5133726,NA,Valencia,1,1,€ 80,2020/01/28,2020/01/29,0,,90
Casa Adosada Quintero,5481770,NA,Valencia,1,1,€ 88,2020/01/28,2020/01/29,0,,90
Aparment Canarias,3753027,NA,Valencia,1,1,€ 99,2020/01/28,2020/01/29,0,,90
Carrer de l'Arquitecte Alfaro 27 bajo derecha,4353398,NA,Valencia,1,1,€ 102,2020/01/28,2020/01/29,0,,90
Waksman,2261109,NA,Valencia,1,1,€ 105,2020/01/28,2020/01/29,0,,90
Apartamentos Artesa 22 Valencia,5546723,NA,Valencia,1,1,€ 112,2020/01/28,2020/01/29,0,,90
CENTER-Modern 2BR- 2BA-TERRACE- WI-FI- A/C,5241769,NA,Valencia,1,1,€ 125,2020/01/28,2020/01/29,0,,90
Colors Rooms,675839,NA,Valencia,1,1,€ 40,2020/01/28,2020/01/29,0,"9,5",90
Ciudad Ciencias- Lujo- Parking- Wi-Fi.,4999636,NA,Valencia,1,1,€ 70,2020/01/28,2020/01/29,0,"9,8",90
Apartment Regne De Valencia,1533033,NA,Valencia,1,1,NA,2020/01/28,2020/01/29,0,"9,4",90
Apartamentos Valencia - Brazil 31 Free WiFi,4948554,NA,Valencia,1,1,€ 125,2020/01/28,2020/01/29,0,"8,8",90
Apartments Downtown Valencia,2250421,NA,Valencia,1,1,€ 70,2020/01/28,2020/01/29,0,"9,6",90
Hostal Antigua Morellana,1273937,NA,Valencia,1,1,€ 80,2020/01/28,2020/01/29,1,"9,5",90
Hotel Cosmo,4838858,NA,Valencia,1,1,€ 84,2020/01/28,2020/01/29,3,"9,8",90
Apartments in Villa Oliva Tossal Gros,3083529,NA,Valencia,1,1,€ 130,2020/01/28,2020/01/29,0,"8,8",90
Maritim Apartments,1122048,NA,Valencia,1,1,NA,2020/01/28,2020/01/29,0,"7,7",90
NH Ciudad de Valencia,90729,NA,Valencia,1,1,€ 66,2020/01/28,2020/01/29,3,"8,1",90
Casual de las Artes Valencia,538056,NA,Valencia,1,1,€ 68,2020/01/28,2020/01/29,3,"8,4",90
NH Valencia Las Artes,90731,NA,Valencia,1,1,€ 74,2020/01/28,2020/01/29,4,"8,4",90
Hotel Alkazar,408511,NA,Valencia,1,1,€ 74,2020/01/28,2020/01/29,1,"8,1",90
Friendly Rentals Strauss,1634236,NA,Valencia,1,1,€ 130,2020/01/28,2020/01/29,0,"8,6",90
Dr Lluch,4758818,NA,Valencia,1,1,€ 135,2020/01/28,2020/01/29,0,"8,5",90
Hospes Palau de La Mar,93823,NA,Valencia,1,1,€ 136,2020/01/28,2020/01/29,5,"8,8",90
City Suites Apartments,3091106,NA,Valencia,1,1,€ 74,2020/01/28,2020/01/29,0,"8,3",90
Ático cerca del mar,4040503,NA,Valencia,1,1,€ 75,2020/01/28,2020/01/29,0,"8,3",90
Hotel Conqueridor,91047,NA,Valencia,1,1,€ 77,2020/01/28,2020/01/29,4,"8,4",90
Ilunion Valencia 4,754329,NA,Valencia,1,1,€ 78,2020/01/28,2020/01/29,4,"8,1",90
Primus Valencia,331871,NA,Valencia,1,1,€ 79,2020/01/28,2020/01/29,4,"8,3",90
NH Valencia Center,90727,NA,Valencia,1,1,€ 80,2020/01/28,2020/01/29,4,"8,3",90
Ramirez Flats & Bar,4124528,NA,Valencia,1,1,€ 86,2020/01/28,2020/01/29,0,"9,5",90
L'Esplai Valencia Bed & Breakfast,1282556,NA,Valencia,1,1,€ 89,2020/01/28,2020/01/29,0,"9,5",90
ValentiaApartments - MercadoCentral,4185241,NA,Valencia,1,1,€ 147,2020/01/28,2020/01/29,0,"8,8",90
Puerta de Serranos,2734333,NA,Valencia,1,1,€ 153,2020/01/28,2020/01/29,0,"8,9",90
Mar & City Apartment,3456759,NA,Valencia,1,1,€ 157,2020/01/28,2020/01/29,0,"8,9",90
Victoria Site @ Mercat Central,1958462,NA,Valencia,1,1,€ 70,2020/01/28,2020/01/29,0,"8,6",90
B&B Hotel Valencia Ciudad de las Ciencias,92242,NA,Valencia,1,1,€ 50,2020/01/28,2020/01/29,3,"7,5",90
LOFT apartamento duplex en Valencia con parking gratis,5519008,NA,Valencia,1,1,€ 90,2020/01/28,2020/01/29,0,"9,9",90
BONNIES Suites & Spa Valencia,3631910,NA,Valencia,1,1,NA,2020/01/28,2020/01/29,0,"9,8",90
Valencian Dreams Lonja,4757385,NA,Valencia,1,1,€ 90,2020/01/28,2020/01/29,0,"9,8",90
Hotel San Lorenzo Boutique,1307718,NA,Valencia,1,1,€ 72,2020/01/28,2020/01/29,3,"8,6",90
Apartamentos Valencia,1007682,NA,Valencia,1,1,NA,2020/01/28,2020/01/29,0,"8,1",90
Casual Vintage Valencia,1710241,NA,Valencia,1,1,€ 72,2020/01/28,2020/01/29,2,"8,6",90
Calle de Frederica Montseny 'Política' Casa o chalet,5152866,NA,Valencia,1,1,€ 95,2020/01/28,2020/01/29,0,"9,6",90
Casa La Buhardilla,2985364,NA,Valencia,1,1,€ 97,2020/01/28,2020/01/29,0,"9,6",90
ÁTICO EN EL CENTRO DE VALENCIA VT-45939-T,4752815,NA,Valencia,1,1,€ 100,2020/01/28,2020/01/29,0,"9,6",90
Waksman,2261109,NA,Valencia,1,1,€ 105,2020/01/28,2020/01/29,0,"9,7",90
Apartamento Ciudad de las Artes y las Ciencias,4353552,NA,Valencia,1,1,€ 80,2020/01/28,2020/01/29,0,"8,1",90
Eurostars Gran Valencia,90484,NA,Valencia,1,1,€ 80,2020/01/28,2020/01/29,4,"8,4",90
Apartamento Turistico en Valencia,2877605,NA,Valencia,1,1,€ 85,2020/01/28,2020/01/29,0,"8,1",90
Total Valencia Charming,699756,NA,Valencia,1,1,NA,2020/01/28,2020/01/29,0,"7,8",90
The Westin Valencia,93321,NA,Valencia,1,1,€ 168,2020/01/28,2020/01/29,5,"8,7",90
Enjoy Flat Valencia,3991548,NA,Valencia,1,1,€ 175,2020/01/28,2020/01/29,0,"8,6",90
Carlos & Ana,2079019,NA,Valencia,1,1,€ 195,2020/01/28,2020/01/29,0,"8,9",90
Citizentral Gascons,332095,NA,Valencia,1,1,€ 74,2020/01/28,2020/01/29,0,"8,7",90
AC Hotel Valencia,91063,NA,Valencia,1,1,€ 75,2020/01/28,2020/01/29,4,"8,5",90
Valencia maritimo,3020748,NA,Valencia,1,1,€ 75,2020/01/28,2020/01/29,0,"8,8",90
Opera House Valencia B&B,3533887,NA,Valencia,1,1,€ 106,2020/01/28,2020/01/29,0,"9,5",90
Hexagonal Design Apartment Valencia,4630643,NA,Valencia,1,1,NA,2020/01/28,2020/01/29,0,"9,5",90
MARQUÉS HOUSE 4* SUP,2118880,NA,Valencia,1,1,€ 119,2020/01/28,2020/01/29,4,"9,4",90
APARTAMENTO LAS MELLIZAS,4651578,NA,Valencia,1,1,€ 49,2020/01/28,2020/01/29,0,"8,3",90
NWT Central Station Apartments,3964093,NA,Valencia,1,1,€ 89,2020/01/28,2020/01/29,0,"8,3",90
La Casa,3758586,NA,Valencia,1,1,€ 105,2020/01/28,2020/01/29,0,"8,3",90
Aventura,5567318,NA,Valencia,1,1,€ 50,2020/01/28,2020/01/29,0,"7,7",90
Apartamentos Abastos,1044426,NA,Valencia,1,1,€ 50,2020/01/28,2020/01/29,0,"7,5",90
Habitaciones Rusafa,5604325,NA,Valencia,1,1,€ 50,2020/01/28,2020/01/29,0,"7,7",90
Friendly Rentals ABC,3656596,NA,Valencia,1,1,€ 110,2020/01/28,2020/01/29,0,"8,2",90
Friendly Rentals Puerto Deportivo,2317861,NA,Valencia,1,1,€ 110,2020/01/28,2020/01/29,0,"8,2",90
Welcome Platanos 13 Valencia Beautiful apartments with terrace,5095795,NA,Valencia,1,1,€ 119,2020/01/28,2020/01/29,0,"8,1",90
Burjassot Mestalla,3058627,NA,Valencia,1,1,€ 75,2020/01/28,2020/01/29,0,"8,6",90
Original Domino House,5434091,NA,Valencia,1,1,€ 75,2020/01/28,2020/01/29,0,"8,8",90
Living Valencia - Corregeria,3972561,NA,Valencia,1,1,NA,2020/01/28,2020/01/29,0,"8,3",90
Petit Palace Plaza de la Reina,90443,NA,Valencia,1,1,€ 77,2020/01/28,2020/01/29,3,"8,7",90
Olympia Flats,4212801,NA,Valencia,1,1,€ 80,2020/01/28,2020/01/29,0,"9,7",90
Casa Calle Conquista,4691493,NA,Valencia,1,1,€ 240,2020/01/28,2020/01/29,0,"9,5",90
MD PASEO RUZAFA CENTER,5374850,NA,Valencia,1,1,€ 1.030,2020/01/28,2020/01/29,0,"9,6",90
Apartamento Torres,3654194,NA,Valencia,1,1,€ 120,2020/01/28,2020/01/29,0,"8,3",90
Carrer de María Montessori,3272386,NA,Valencia,1,1,€ 120,2020/01/28,2020/01/29,0,"8,2",90
YOU & CO. Saler Beach Boutique,4533007,NA,Valencia,1,1,€ 38,2020/01/28,2020/01/29,3,"8,9",90
Cantagua Hostel,4074640,NA,Valencia,1,1,€ 44,2020/01/28,2020/01/29,0,"9,1",90
Apartment Cisneros 2,2361375,NA,Valencia,1,1,NA,2020/01/28,2020/01/29,0,"9,7",90
SH Ingles Boutique Hotel,92956,NA,Valencia,1,1,€ 80,2020/01/28,2020/01/29,4,"8,5",90
Homestay Carrer Sagun,5006434,NA,Valencia,1,1,€ 80,2020/01/28,2020/01/29,0,"8,8",90
Hotel Dimar,90886,NA,Valencia,1,1,€ 81,2020/01/28,2020/01/29,4,"8,7",90
Apartments Welcome to Valencia Peset Aleixandre 69,4964856,NA,Valencia,1,1,€ 120,2020/01/28,2020/01/29,0,"8,4",90
Friendly Rentals Gimenez,1634242,NA,Valencia,1,1,€ 120,2020/01/28,2020/01/29,0,"8,2",90
Friendly Rentals Verdi,1634232,NA,Valencia,1,1,€ 130,2020/01/28,2020/01/29,0,"8,1",90
SingularStays Parque Central,3054000,NA,Valencia,1,1,€ 236,2020/01/28,2020/01/29,0,"8,8",90
Zerka Sendra,4657122,NA,Valencia,1,1,€ 309,2020/01/28,2020/01/29,0,"8,9",90
Center Valencia Youth Hostel,246931,NA,Valencia,1,1,€ 22,2020/01/28,2020/01/29,0,8,90
Friendly Rentals Desplat,4120221,NA,Valencia,1,1,€ 140,2020/01/28,2020/01/29,0,"8,3",90
Suites by Eric Olsan (Florista),4726450,NA,Valencia,1,1,€ 82,2020/01/28,2020/01/29,0,"8,5",90
El Palacete Gran Via,3483148,NA,Valencia,1,1,€ 83,2020/01/28,2020/01/29,0,"8,7",90
Travel Habitat Palau De Les Arts,3468148,NA,Valencia,1,1,NA,2020/01/28,2020/01/29,0,"8,3",90
One Shot Palacio Reina Victoria 04,90885,NA,Valencia,1,1,€ 84,2020/01/28,2020/01/29,4,"8,6",90
Valencian Apartment,2298621,NA,Valencia,1,1,€ 84,2020/01/28,2020/01/29,0,"8,9",90
Casa de Maria,2467712,NA,Valencia,1,1,€ 85,2020/01/28,2020/01/29,0,"8,7",90
Blanq Carmen Hotel,97069,NA,Valencia,1,1,€ 85,2020/01/28,2020/01/29,3,"8,7",90
San Antonio Apartment,1121681,NA,Valencia,1,1,NA,2020/01/28,2020/01/29,0,"7,2",90
Urban Youth Hostel,1163025,NA,Valencia,1,1,€ 23,2020/01/28,2020/01/29,0,"8,4",90
Habitación en valencia centro,5418023,NA,Valencia,1,1,€ 30,2020/01/28,2020/01/29,0,"8,3",90
Red Nest Hostel,92283,NA,Valencia,1,1,€ 38,2020/01/28,2020/01/29,0,"8,2",90
Checkin Valencia,93743,NA,Valencia,1,1,€ 53,2020/01/28,2020/01/29,4,"7,8",90
Como en casa,4802186,NA,Valencia,1,1,€ 54,2020/01/28,2020/01/29,0,"7,9",90
Peset Silence,3698967,NA,Valencia,1,1,€ 55,2020/01/28,2020/01/29,0,"7,5",90
Habitacion en Valencia Barata,4861796,NA,Valencia,1,1,€ 40,2020/01/28,2020/01/29,0,"8,2",90
Purple Nest Hostel,25278,NA,Valencia,1,1,€ 41,2020/01/28,2020/01/29,0,"8,2",90
Hotel Villacarlos,90730,NA,Valencia,1,1,€ 41,2020/01/28,2020/01/29,3,8,90
Gon & Diego House,4899561,NA,Valencia,1,1,NA,2020/01/28,2020/01/29,0,"5,4",90
Rooms Ciencias,94126,NA,Valencia,1,1,€ 50,2020/01/28,2020/01/29,0,9,90
Habitación privada a 1500 metros de la playa,3789910,NA,Valencia,1,1,€ 60,2020/01/28,2020/01/29,0,"9,3",90
United Colors of Apartments Boutique Style,5372347,NA,Valencia,1,1,€ 64,2020/01/28,2020/01/29,0,"9,4",90
Host & Home,1663785,NA,Valencia,1,1,€ 64,2020/01/28,2020/01/29,0,9,90
Jero Rooms,296743,NA,Valencia,1,1,€ 55,2020/01/28,2020/01/29,0,"7,7",90
Hostal Bisbal,235665,NA,Valencia,1,1,€ 58,2020/01/28,2020/01/29,1,"7,5",90
Plaza Redonda house.,4399973,NA,Valencia,1,1,€ 59,2020/01/28,2020/01/29,0,"7,4",90
OYO Pensión El Rincón,476031,NA,Valencia,1,1,€ 60,2020/01/28,2020/01/29,1,"7,5",90
Zenit Valencia,92327,NA,Valencia,1,1,€ 86,2020/01/28,2020/01/29,4,"8,8",90
Barceló Valencia,91988,NA,Valencia,1,1,€ 86,2020/01/28,2020/01/29,4,"8,7",90
Xativa Terrace Apartments,1266649,NA,Valencia,1,1,NA,2020/01/28,2020/01/29,0,"8,3",90
Vincci Palace,94163,NA,Valencia,1,1,€ 88,2020/01/28,2020/01/29,4,"8,6",90
Style Apartment Patacona Beach,3233099,NA,Valencia,1,1,€ 67,2020/01/28,2020/01/29,0,"7,7",90
City Center Apartments,4426057,NA,Valencia,1,1,€ 68,2020/01/28,2020/01/29,0,"7,8",90
Perla Apartments,3146781,NA,Valencia,1,1,€ 90,2020/01/28,2020/01/29,0,"8,7",90
Habitación doble,3599930,NA,Valencia,1,1,€ 90,2020/01/28,2020/01/29,0,"8,8",90
El Coral Apartment Valencia,3606766,NA,Valencia,1,1,€ 92,2020/01/28,2020/01/29,0,"8,7",90
El 16 Ruzafa,865461,NA,Valencia,1,1,€ 69,2020/01/28,2020/01/29,0,"7,7",90
SEA YOU HOTEL PORT VALENCIA,92328,NA,Valencia,1,1,€ 71,2020/01/28,2020/01/29,4,"7,8",90
Habitación en Valencia,5477394,NA,Valencia,1,1,€ 72,2020/01/28,2020/01/29,0,"7,5",90
Torres Quart,3702234,NA,Valencia,1,1,€ 83,2020/01/28,2020/01/29,0,"7,5",90
Sercotel Sorolla Palace,93646,NA,Valencia,1,1,€ 95,2020/01/28,2020/01/29,4,"8,6",90
Suites by Eric Olsan (Peset),4726296,NA,Valencia,1,1,€ 83,2020/01/28,2020/01/29,0,"7,5",90
Suites by Eric Olsan (L),4287413,NA,Valencia,1,1,€ 83,2020/01/28,2020/01/29,0,"7,5",90
Plaza Sainetero 5,3148458,NA,Valencia,1,1,€ 93,2020/01/28,2020/01/29,0,"7,7",90
Ilunion Valencia 3,92818,NA,Valencia,1,1,€ 95,2020/01/28,2020/01/29,3,"7,9",90
Happy Apartments Valencia – Lope de Vega,575582,NA,Valencia,1,1,€ 44,2020/01/28,2020/01/29,0,"8,1",90
Happy Apartments Valencia,456043,NA,Valencia,1,1,€ 44,2020/01/28,2020/01/29,0,"8,2",90
Hotel Boutique Balandret,1281710,NA,Valencia,1,1,€ 67,2020/01/28,2020/01/29,3,"9,2",90
Hotel Turia,14441,NA,Valencia,1,1,€ 99,2020/01/28,2020/01/29,4,"7,5",90
STYLISH APARTMENT - CITY CENTER,2861517,NA,Valencia,1,1,€ 120,2020/01/28,2020/01/29,0,"7,8",90
Hostal Abastos,257057,NA,Valencia,1,1,€ 45,2020/01/28,2020/01/29,2,"8,2",90
Habitacion en Valencia,4861732,NA,Valencia,1,1,€ 45,2020/01/28,2020/01/29,0,"8,4",90
Nanit Valencia Hostel,3913497,NA,Valencia,1,1,€ 49,2020/01/28,2020/01/29,0,"8,4",90
Friendly Rentals Danna,1634254,NA,Valencia,1,1,€ 140,2020/01/28,2020/01/29,0,"7,7",90
Apartamento Angel Alcazar 35,2174625,NA,Valencia,1,1,€ 175,2020/01/28,2020/01/29,0,"7,5",90
Caro Hotel,348132,NA,Valencia,1,1,€ 199,2020/01/28,2020/01/29,5,"9,2",90
Ca Carmela,2466364,NA,Valencia,1,1,€ 225,2020/01/28,2020/01/29,0,"9,1",90
Flats Friends Soho Suites,1819642,NA,Valencia,1,1,NA,2020/01/28,2020/01/29,0,"8,6",90
Rosa del mar2,4259814,NA,Valencia,1,1,€ 259,2020/01/28,2020/01/29,0,"9,1",90
MD Julio Antonio Apartment Center,3961049,NA,Valencia,1,1,€ 285,2020/01/28,2020/01/29,0,"9,2",90
V home,2146641,NA,Valencia,1,1,€ 300,2020/01/28,2020/01/29,0,"9,2",90
Old Fisherman's House in Malvarrosa Beach,3618172,NA,Valencia,1,1,€ 360,2020/01/28,2020/01/29,0,"9,4",90
The River Hostel,494202,NA,Valencia,1,1,€ 18,2020/01/28,2020/01/29,0,"8,5",90
Double Room in VALENCIA,5665653,NA,Valencia,1,1,€ 30,2020/01/28,2020/01/29,0,"8,8",90
Valencia Home,1638498,NA,Valencia,1,1,NA,2020/01/28,2020/01/29,0,"8,9",90
Masatepe Room Valencia,5687127,NA,Valencia,1,1,€ 30,2020/01/28,2020/01/29,0,"8,9",90
Pensión Alicante,298710,NA,Valencia,1,1,€ 33,2020/01/28,2020/01/29,0,"8,5",90
Hulot B&B Valencia,585429,NA,Valencia,1,1,€ 38,2020/01/28,2020/01/29,0,"8,5",90
Pio XII Apartments Valencia,402080,NA,Valencia,1,1,€ 43,2020/01/28,2020/01/29,0,"8,5",90
B&B Almirante,369695,NA,Valencia,1,1,€ 43,2020/01/28,2020/01/29,1,"8,8",90
Hotel Malcom and Barret,483261,NA,Valencia,1,1,€ 44,2020/01/28,2020/01/29,3,"8,7",90
Living Valencia - Malvarrosa Beach,3555919,NA,Valencia,1,1,NA,2020/01/28,2020/01/29,0,"8,6",90
Home Youth Hostel by Feetup Hostels,189322,NA,Valencia,1,1,€ 45,2020/01/28,2020/01/29,0,"8,8",90
Estrella de russafa,5352439,NA,Valencia,1,1,€ 45,2020/01/28,2020/01/29,0,"8,7",90
Art&Flats Bed&Breakfast,5238345,NA,Valencia,1,1,€ 45,2020/01/28,2020/01/29,0,"8,8",90
Bright room with trundle bed,5560260,NA,Valencia,1,1,€ 46,2020/01/28,2020/01/29,0,"8,7",90
Russafa Youth Hostel,345134,NA,Valencia,1,1,€ 47,2020/01/28,2020/01/29,0,"8,6",90
UNIK. Apartments Valencia,2241282,NA,Valencia,1,1,€ 48,2020/01/28,2020/01/29,0,"8,5",90
Total Valencia Ruzafa,1971579,NA,Valencia,1,1,NA,2020/01/28,2020/01/29,0,"8,9",90
Hotel El Siglo,1741479,NA,Valencia,1,1,€ 49,2020/01/28,2020/01/29,3,"8,5",90
Zalamera BnB,1331238,NA,Valencia,1,1,€ 50,2020/01/28,2020/01/29,0,"8,7",90
Habitación en piso compartido,5433175,NA,Valencia,1,1,€ 50,2020/01/28,2020/01/29,0,"8,8",90
Apartamentos Plaza Picasso,97063,NA,Valencia,1,1,€ 51,2020/01/28,2020/01/29,0,"8,5",90
Reina Rooms,4211140,NA,Valencia,1,1,€ 51,2020/01/28,2020/01/29,0,"8,9",90
