name,propertyId,propertyType,city,rooms,days,price,checkIn,checkOut,stars,score,advance
Malvarrosa Calle Pavia,3608764,Casa o chalet,Valencia,1,1,€ 271,2020/01/03,2020/01/04,0,8,90
Ca'delsPins,4110201,Villas,Valencia,1,1,€ 290,2020/01/03,2020/01/04,0,"8,1",90
Casa alta del mar,2542826,Apartamento,Valencia,1,1,NA,2020/01/03,2020/01/04,0,"9,2",90
NWT Central Station Apartments,3964093,Apartamento,Valencia,1,1,€ 300,2020/01/03,2020/01/04,0,"8,2",90
UP Hostel Valencia,1710137,NA,Valencia,1,1,€ 20,2020/01/03,2020/01/04,0,"7,7",90
Habitación San Cayetano,4624401,NA,Valencia,1,1,€ 30,2020/01/03,2020/01/04,0,"7,6",90
Hostal On Dormire Valencia,432305,NA,Valencia,1,1,€ 35,2020/01/03,2020/01/04,0,"7,8",90
Habitación Céntrica en Casa de Familia,4289877,NA,Valencia,1,1,€ 35,2020/01/03,2020/01/04,0,"7,7",90
Apartamento Barato Valencia,3931013,NA,Valencia,1,1,€ 32,2020/01/03,2020/01/04,0,8,90
Habitacion en Valencia Barata,4861796,NA,Valencia,1,1,€ 40,2020/01/03,2020/01/04,0,"8,1",90
Hotel Boutique Balandret,1281710,NA,Valencia,1,1,NA,2020/01/03,2020/01/04,3,"9,2",90
Valencia City Host,1177077,NA,Valencia,1,1,€ 36,2020/01/03,2020/01/04,0,"7,8",90
APARTAMENTO CENTRICO. WI-FI. PARKING,2967593,Apartamento,Valencia,1,1,NA,2020/01/03,2020/01/04,0,"9,1",90
Hotel Beleret,94652,NA,Valencia,1,1,€ 41,2020/01/03,2020/01/04,3,"7,6",90
Apartments Downtown Valencia,2250421,Apartamentos,Valencia,1,1,€ 80,2020/01/03,2020/01/04,0,"9,6",90
Red Nest Hostel,92283,NA,Valencia,1,1,€ 44,2020/01/03,2020/01/04,0,"8,2",90
LOFT apartamento duplex en Valencia con parking,5519008,Apartamento,Valencia,1,1,€ 80,2020/01/03,2020/01/04,0,"9,8",90
Carmen Apartment,3308265,Apartamento,Valencia,1,1,NA,2020/01/03,2020/01/04,0,"9,6",90
Precioso piso junto al antiguo barrio de Campanar,3297078,Apartamento,Valencia,1,1,€ 85,2020/01/03,2020/01/04,0,"9,5",90
Casual Civilizaciones Valencia,449777,NA,Valencia,1,1,€ 45,2020/01/03,2020/01/04,0,"7,9",90
Expo Hotel Valencia,91223,NA,Valencia,1,1,€ 45,2020/01/03,2020/01/04,3,"7,6",90
Hostal Abastos,257057,NA,Valencia,1,1,€ 45,2020/01/03,2020/01/04,2,"8,2",90
Habitacion PLaza Ayuntamiento,4365340,NA,Valencia,1,1,€ 50,2020/01/03,2020/01/04,0,"7,5",90
Casual de la Música Valencia,273130,NA,Valencia,1,1,€ 50,2020/01/03,2020/01/04,2,"7,5",90
Habitacion en Valencia,4861732,NA,Valencia,1,1,€ 45,2020/01/03,2020/01/04,0,"8,2",90
Hotel Villacarlos,90730,NA,Valencia,1,1,€ 48,2020/01/03,2020/01/04,3,8,90
Aventura,5567318,NA,Valencia,1,1,€ 50,2020/01/03,2020/01/04,0,"8,2",90
Apartamentos Rusafa,5604325,NA,Valencia,1,1,€ 50,2020/01/03,2020/01/04,0,"8,3",90
Home Club Micalet Apartments,443595,Apartamentos,Valencia,1,1,NA,2020/01/03,2020/01/04,0,9,90
Calle de Frederica Montseny 'Política' Casa o chalet,5152866,Casa o chalet,Valencia,1,1,€ 95,2020/01/03,2020/01/04,0,"9,6",90
Casa La Buhardilla,2985364,Apartamento,Valencia,1,1,€ 97,2020/01/03,2020/01/04,0,"9,6",90
Ramirez Flats & Bar,4124528,Apartahotel,Valencia,1,1,€ 108,2020/01/03,2020/01/04,0,"9,5",90
United Colors of Apartments Boutique Style,5372347,Apartamentos,Valencia,1,1,€ 109,2020/01/03,2020/01/04,0,"9,5",90
Valencian Dreams Lonja,4757385,Apartamento,Valencia,1,1,€ 116,2020/01/03,2020/01/04,0,"9,8",90
Casa Vich,4457634,Apartamento,Valencia,1,1,NA,2020/01/03,2020/01/04,0,"9,6",90
Habitación en piso compartido,5433175,NA,Valencia,1,1,€ 50,2020/01/03,2020/01/04,0,"8,3",90
Center Valencia Youth Hostel,246931,NA,Valencia,1,1,€ 51,2020/01/03,2020/01/04,0,8,90
Tryp Valencia Feria,92852,NA,Valencia,1,1,€ 54,2020/01/03,2020/01/04,4,"8,4",90
Cosy Rooms Tapinería,371192,NA,Valencia,1,1,€ 52,2020/01/03,2020/01/04,2,"7,5",90
Homelirose Apartaments,3140406,Apartamento,Valencia,1,1,NA,2020/01/03,2020/01/04,0,"9,3",90
Como en casa,4802186,NA,Valencia,1,1,€ 54,2020/01/03,2020/01/04,0,"7,9",90
B&B Hotel Valencia Ciudad de las Ciencias,92242,NA,Valencia,1,1,€ 56,2020/01/03,2020/01/04,3,"7,5",90
Senator Parque Central Hotel,274963,NA,Valencia,1,1,€ 55,2020/01/03,2020/01/04,4,"8,1",90
Pension MonaLisa Luxury Suites,3834224,NA,Valencia,1,1,€ 56,2020/01/03,2020/01/04,0,"8,2",90
Hotel Olympia Universidades,1301731,NA,Valencia,1,1,€ 56,2020/01/03,2020/01/04,3,"8,4",90
Valencia Lounge Hostel,337203,NA,Valencia,1,1,€ 57,2020/01/03,2020/01/04,0,"7,7",90
Checkin Valencia,93743,NA,Valencia,1,1,€ 58,2020/01/03,2020/01/04,4,"7,8",90
Jero Rooms,296743,NA,Valencia,1,1,€ 62,2020/01/03,2020/01/04,0,"7,7",90
Teixidors de Palomar,2639791,Apartamentos,Valencia,1,1,NA,2020/01/03,2020/01/04,0,"9,3",90
Sweet Hotel Renasa,274818,NA,Valencia,1,1,€ 56,2020/01/03,2020/01/04,3,8,90
Urban Youth Hostel,1163025,NA,Valencia,1,1,€ 57,2020/01/03,2020/01/04,0,"8,4",90
NH Valencia Las Ciencias,90725,NA,Valencia,1,1,€ 59,2020/01/03,2020/01/04,3,8,90
Hotel Valencia Center,91285,NA,Valencia,1,1,€ 61,2020/01/03,2020/01/04,4,"8,4",90
Silken Puerta Valencia,91182,NA,Valencia,1,1,€ 67,2020/01/03,2020/01/04,4,"8,3",90
Habitación cerca del centro,2789581,NA,Valencia,1,1,€ 63,2020/01/03,2020/01/04,0,"7,5",90
Vivaldi Center City,2791614,Apartamento,Valencia,1,1,NA,2020/01/03,2020/01/04,0,"9,1",90
Alex Apartment,1756374,Apartamento,Valencia,1,1,€ 65,2020/01/03,2020/01/04,0,"7,9",90
Valencia Just in the Middle,2965508,Apartamento,Valencia,1,1,€ 145,2020/01/03,2020/01/04,0,"9,9",90
MARQUÉS HOUSE 4* SUP,2118880,NA,Valencia,1,1,€ 159,2020/01/03,2020/01/04,4,"9,5",90
OYO Pensión El Rincón,476031,NA,Valencia,1,1,€ 67,2020/01/03,2020/01/04,1,"7,6",90
Ilunion Valencia 3,92818,NA,Valencia,1,1,€ 74,2020/01/03,2020/01/04,3,"7,9",90
Olympia Flats,4212801,NA,Valencia,1,1,€ 90,2020/01/03,2020/01/04,0,"9,7",90
Casa Calle Conquista,4691493,Apartamento,Valencia,1,1,€ 240,2020/01/03,2020/01/04,0,"9,6",90
Host & Home,1663785,NA,Valencia,1,1,€ 60,2020/01/03,2020/01/04,0,9,90
United Colors of Studios - Mercado Central,2574108,Apartamentos,Valencia,1,1,€ 87,2020/01/03,2020/01/04,0,"7,8",90
Art of Dance Apartment Valencia,3732969,Apartamento,Valencia,1,1,€ 90,2020/01/03,2020/01/04,0,"7,7",90
Habitación privada a 1500 metros de la playa,3789910,NA,Valencia,1,1,€ 60,2020/01/03,2020/01/04,0,"9,3",90
Apartamento Forn dels Apòstols,3122008,Apartamento,Valencia,1,1,NA,2020/01/03,2020/01/04,0,"9,6",90
YOU & CO. Saler Beach Boutique,4533007,NA,Valencia,1,1,€ 66,2020/01/03,2020/01/04,3,9,90
Sorolla Centro,90896,NA,Valencia,1,1,€ 77,2020/01/03,2020/01/04,3,"9,1",90
OttoH Charm Stay,2459807,NA,Valencia,1,1,€ 79,2020/01/03,2020/01/04,0,"9,3",90
Hotel Medium Valencia,96838,NA,Valencia,1,1,€ 72,2020/01/03,2020/01/04,4,"8,2",90
Tramontana Apartments,1277215,Apartamentos,Valencia,1,1,NA,2020/01/03,2020/01/04,0,9,90
Hotel Valencia Alameda,4019381,NA,Valencia,1,1,€ 80,2020/01/03,2020/01/04,4,"9,3",90
Hostal Venecia,92883,NA,Valencia,1,1,€ 84,2020/01/03,2020/01/04,2,"9,1",90
Apartamento bianca,3205847,Apartamento,Valencia,1,1,€ 85,2020/01/03,2020/01/04,0,"9,1",90
Spain Host Valencia Centro- San Vicente II,2567628,Apartamento,Valencia,1,1,€ 106,2020/01/03,2020/01/04,0,"7,4",90
Select Home Catedral,440778,Apartamentos,Valencia,1,1,€ 170,2020/01/03,2020/01/04,0,"7,1",90
Piso como en tu casa 2,3834617,Apartamentos,Valencia,1,1,NA,2020/01/03,2020/01/04,0,"9,2",90
Select Home Town Hall,1648016,Apartamentos,Valencia,1,1,€ 195,2020/01/03,2020/01/04,0,"7,4",90
Holiday Inn Express Ciudad de las Ciencias,96737,NA,Valencia,1,1,€ 72,2020/01/03,2020/01/04,3,8,90
NH Ciudad de Valencia,90729,NA,Valencia,1,1,€ 73,2020/01/03,2020/01/04,3,"8,1",90
Reina 12,1684198,NA,Valencia,1,1,€ 74,2020/01/03,2020/01/04,0,"8,2",90
NH Valencia Las Artes,90731,NA,Valencia,1,1,€ 76,2020/01/03,2020/01/04,4,"8,4",90
HOSTAL BED OF THE SEA,3974636,NA,Valencia,1,1,€ 200,2020/01/03,2020/01/04,0,"7,1",90
Ruzafa Rooms,2891693,NA,Valencia,1,1,€ 38,2020/01/03,2020/01/04,0,"6,9",90
Casita Esmeralda,2040126,Casa o chalet,Valencia,1,1,€ 144,2020/01/03,2020/01/04,0,"6,5",90
Opera House Valencia B&B,3533887,NA,Valencia,1,1,NA,2020/01/03,2020/01/04,0,"9,5",90
Atico de Lujo,2142556,Apartamento,Valencia,1,1,€ 85,2020/01/03,2020/01/04,0,"9,2",90
Rooms Ciencias,94126,NA,Valencia,1,1,€ 86,2020/01/03,2020/01/04,0,9,90
Fun and Sun Center 2,2944416,NA,Valencia,1,1,€ 32,2020/01/03,2020/01/04,0,"6,1",90
Gon & Diego House,4899561,NA,Valencia,1,1,€ 40,2020/01/03,2020/01/04,0,"5,5",90
OCEANOGRAFIC DELUXE- PARKING- WI-FI,4095746,Apartamento,Valencia,1,1,NA,2020/01/03,2020/01/04,0,"9,2",90
Oliver,4865093,NA,Valencia,1,1,€ 83,2020/01/03,2020/01/04,0,"5,5",90
Kirei Apartment Portland,4276529,Apartamentos,Valencia,1,1,€ 181,2020/01/03,2020/01/04,0,"5,9",90
Port of Valencia,3805735,Apartamento,Valencia,1,1,€ 150,2020/01/03,2020/01/04,0,"5,1",90
Malvarosa,3820590,Apartamento,Valencia,1,1,€ 190,2020/01/03,2020/01/04,0,4,90
Habitaciones con encanto,5629632,NA,Valencia,1,1,€ 50,2020/01/03,2020/01/04,0,,90
Habitacion doble en piso compartido,5645604,NA,Valencia,1,1,€ 51,2020/01/03,2020/01/04,0,,90
La casita de Palomar,2132386,Apartamentos,Valencia,1,1,NA,2020/01/03,2020/01/04,0,"9,3",90
Central private room,5654291,NA,Valencia,1,1,€ 52,2020/01/03,2020/01/04,0,,90
Original Domino House,5434091,NA,Valencia,1,1,€ 87,2020/01/03,2020/01/04,0,"9,2",90
Jardín Botánico Hotel Boutique,93369,NA,Valencia,1,1,€ 88,2020/01/03,2020/01/04,3,9,90
Casual de las Artes Valencia,538056,NA,Valencia,1,1,€ 77,2020/01/03,2020/01/04,3,"8,4",90
Lindala,5250762,NA,Valencia,1,1,€ 54,2020/01/03,2020/01/04,0,,90
vosotros sereis parte de mi familia.,5299568,NA,Valencia,1,1,€ 60,2020/01/03,2020/01/04,0,,90
Hogar Dulce Hogar,5426607,NA,Valencia,1,1,€ 60,2020/01/03,2020/01/04,0,,90
Valencia- habitacion,5366858,NA,Valencia,1,1,€ 65,2020/01/03,2020/01/04,0,,90
Cabanyal Apartments Beach,5402234,Apartamento,Valencia,1,1,€ 67,2020/01/03,2020/01/04,0,,90
City Center Atico 360,3025679,Apartamento,Valencia,1,1,NA,2020/01/03,2020/01/04,0,"9,4",90
Habitación en Valencia,5477394,NA,Valencia,1,1,€ 72,2020/01/03,2020/01/04,0,,90
Una Ubicacion Perfecta,3114164,Apartamentos,Valencia,1,1,€ 90,2020/01/03,2020/01/04,0,"9,1",90
Brugada home,5259150,NA,Valencia,1,1,€ 75,2020/01/03,2020/01/04,0,,90
Loft Turia Gran,5133726,Apartamento,Valencia,1,1,€ 80,2020/01/03,2020/01/04,0,,90
Piso en Playa de Valencia,5533098,Apartamento,Valencia,1,1,€ 80,2020/01/03,2020/01/04,0,,90
Carrer de l'Arquitecte Alfaro 27 bajo derecha,4353398,Apartamento,Valencia,1,1,€ 102,2020/01/03,2020/01/04,0,,90
Melia Valencia,290493,NA,Valencia,1,1,€ 85,2020/01/03,2020/01/04,4,"8,8",90
Barceló Valencia,91988,NA,Valencia,1,1,€ 86,2020/01/03,2020/01/04,4,"8,7",90
Apartamento Alameda,1698817,Apartamento,Valencia,1,1,NA,2020/01/03,2020/01/04,0,"9,5",90
Soho Valencia,1538641,Apartahotel,Valencia,1,1,€ 87,2020/01/03,2020/01/04,0,"8,9",90
València Centre Torres de Quart,886289,Apartamentos,Valencia,1,1,€ 88,2020/01/03,2020/01/04,0,"8,9",90
Habitación doble,3599930,NA,Valencia,1,1,€ 90,2020/01/03,2020/01/04,0,"8,9",90
Lotelito,570027,NA,Valencia,1,1,€ 91,2020/01/03,2020/01/04,0,"8,9",90
Boutique Creative Rooms,2334726,NA,Valencia,1,1,€ 93,2020/01/03,2020/01/04,0,"8,7",90
Valenciaflats Centro Histórico,94781,Apartamentos,Valencia,1,1,€ 97,2020/01/03,2020/01/04,0,"8,7",90
Homely Nest Valencia El Carme,3790877,Apartamento,Valencia,1,1,NA,2020/01/03,2020/01/04,0,"9,9",90
Plaza Sainetero Arniches,3984774,Apartamento,Valencia,1,1,€ 97,2020/01/03,2020/01/04,0,"8,5",90
Blanq Carmen Hotel,97069,NA,Valencia,1,1,€ 98,2020/01/03,2020/01/04,3,"8,7",90
One Shot Colón 46,1394168,NA,Valencia,1,1,€ 98,2020/01/03,2020/01/04,3,"8,7",90
Casa de Maria,2467712,Apartamento,Valencia,1,1,€ 98,2020/01/03,2020/01/04,0,"8,6",90
Petit Palace Plaza de la Reina,90443,NA,Valencia,1,1,€ 98,2020/01/03,2020/01/04,3,"8,7",90
SH Valencia Palace,91497,NA,Valencia,1,1,€ 100,2020/01/03,2020/01/04,5,"8,5",90
La Morella del Carmen,5188541,Apartamento,Valencia,1,1,NA,2020/01/03,2020/01/04,0,"9,5",90
Burjassot Mestalla,3058627,Apartamento,Valencia,1,1,€ 100,2020/01/03,2020/01/04,0,"8,6",90
Melia Plaza Valencia,13270,NA,Valencia,1,1,€ 105,2020/01/03,2020/01/04,4,"8,9",90
Hotel Mediterraneo Valencia,92412,NA,Valencia,1,1,€ 106,2020/01/03,2020/01/04,3,"8,8",90
Zenit Valencia,92327,NA,Valencia,1,1,€ 108,2020/01/03,2020/01/04,4,"8,8",90
Hotel Neptuno,91206,NA,Valencia,1,1,€ 108,2020/01/03,2020/01/04,4,"8,5",90
Victoria Site @ Mercat Central,1958462,Apartamentos,Valencia,1,1,€ 109,2020/01/03,2020/01/04,0,"8,6",90
AMAZING HOUSE- BEST LOCATION!,4728031,Apartamento,Valencia,1,1,NA,2020/01/03,2020/01/04,0,"9,7",90
Hotel San Lorenzo Boutique,1307718,NA,Valencia,1,1,€ 113,2020/01/03,2020/01/04,3,"8,6",90
Casual Vintage Valencia,1710241,NA,Valencia,1,1,€ 115,2020/01/03,2020/01/04,2,"8,6",90
AC Hotel Colon Valencia,1117150,NA,Valencia,1,1,€ 116,2020/01/03,2020/01/04,4,"8,7",90
Cathedral Suites Hotel,1736257,Apartahotel,Valencia,1,1,€ 117,2020/01/03,2020/01/04,4,"8,9",90
Hotel Gabbeach,403586,NA,Valencia,1,1,€ 119,2020/01/03,2020/01/04,3,"8,5",90
MD Design Hotel - Portal del Real,2391685,NA,Valencia,1,1,€ 143,2020/01/03,2020/01/04,2,"9,1",90
apartamento las torres-botanico,4694090,Apartamento,Valencia,1,1,€ 144,2020/01/03,2020/01/04,0,9,90
Apartamento centro,3160737,Apartamento,Valencia,1,1,NA,2020/01/03,2020/01/04,0,"9,7",90
Cozy apartment in Valencia center,3402135,Apartamentos,Valencia,1,1,€ 147,2020/01/03,2020/01/04,0,"9,2",90
Vincci Mercat,1279484,NA,Valencia,1,1,€ 150,2020/01/03,2020/01/04,4,9,90
One Shot Mercat 09,2274203,NA,Valencia,1,1,€ 152,2020/01/03,2020/01/04,4,"9,1",90
Las Arenas Balneario Resort,91144,NA,Valencia,1,1,€ 153,2020/01/03,2020/01/04,5,9,90
Center City Flats,861452,Apartamentos,Valencia,1,1,€ 154,2020/01/03,2020/01/04,0,"9,1",90
Citizentral Juristas,1113127,Apartamentos,Valencia,1,1,€ 155,2020/01/03,2020/01/04,0,"9,2",90
Preciosa Casita Cerca Del Mar,4057271,Apartamento,Valencia,1,1,NA,2020/01/03,2020/01/04,0,"9,8",90
Apartamentos La más Bonita,2816245,Apartamentos,Valencia,1,1,€ 165,2020/01/03,2020/01/04,0,"9,1",90
Mon Suites San Nicolas,4117225,Apartamentos,Valencia,1,1,€ 179,2020/01/03,2020/01/04,0,"9,2",90
Mediterranean Flats Plaza Redonda,4086496,Apartamentos,Valencia,1,1,€ 185,2020/01/03,2020/01/04,0,"9,3",90
ApartUP Viveros Pets,2834736,Apartamento,Valencia,1,1,€ 187,2020/01/03,2020/01/04,0,"9,3",90
Apartamento de Diseño en Ruzafa,4269940,Apartamento,Valencia,1,1,€ 191,2020/01/03,2020/01/04,0,"9,3",90
Caro Hotel,348132,NA,Valencia,1,1,€ 199,2020/01/03,2020/01/04,5,"9,2",90
Bruno Apartment,2715023,Apartamento,Valencia,1,1,NA,2020/01/03,2020/01/04,0,"9,7",90
The Flow House,4762375,Apartamentos,Valencia,1,1,€ 210,2020/01/03,2020/01/04,0,"9,2",90
Apartamento Playa Wifi Gratis,3495634,Apartamento,Valencia,1,1,€ 220,2020/01/03,2020/01/04,0,"9,3",90
Arena's Apartament,2156905,Apartamento,Valencia,1,1,€ 225,2020/01/03,2020/01/04,0,"9,1",90
Ca Carmela,2466364,Casa o chalet,Valencia,1,1,€ 280,2020/01/03,2020/01/04,0,"9,1",90
V home,2146641,Apartamento,Valencia,1,1,€ 300,2020/01/03,2020/01/04,0,9,90
Zerka Sendra,4657122,Apartamento,Valencia,1,1,€ 309,2020/01/03,2020/01/04,0,9,90
Apartment Sofi,2830696,Apartamento,Valencia,1,1,NA,2020/01/03,2020/01/04,0,"9,8",90
MD Julio Antonio Apartment Center,3961049,Apartamento,Valencia,1,1,€ 367,2020/01/03,2020/01/04,0,"9,2",90
Old Fisherman's House in Malvarrosa Beach,3618172,Apartamento,Valencia,1,1,€ 480,2020/01/03,2020/01/04,0,"9,4",90
The River Hostel,494202,NA,Valencia,1,1,€ 22,2020/01/03,2020/01/04,0,"8,5",90
Pensión Alicante,298710,NA,Valencia,1,1,€ 31,2020/01/03,2020/01/04,0,"8,5",90
Buho House,3777691,Apartahotel,Valencia,1,1,€ 49,2020/01/03,2020/01/04,0,"8,5",90
