name,propertyId,propertyType,city,rooms,days,price,checkIn,checkOut,stars,score,advance
MARQUÉS HOUSE 4* SUP,2118880,NA,Valencia,1,1,€ 314,2019/11/30,2019/12/01,4,"9,5",60
Ramirez Flats & Bar,4124528,Apartahotel,Valencia,1,1,€ 513,2019/11/30,2019/12/01,0,"9,5",60
VALENCIA APARTAMENTO GOYA,4256653,Apartamento,Valencia,1,1,NA,2019/11/30,2019/12/01,0,10,60
Mestalla Paradise,4734619,NA,Valencia,1,1,€ 100,2019/11/30,2019/12/01,0,"9,1",60
Lighthouse,2384209,Apartamento,Valencia,1,1,€ 175,2019/11/30,2019/12/01,0,"9,2",60
NH Collection Colón Valencia,3828811,NA,Valencia,1,1,€ 201,2019/11/30,2019/12/01,4,"9,2",60
Las Arenas Balneario Resort,91144,NA,Valencia,1,1,€ 257,2019/11/30,2019/12/01,5,9,60
Citizentral Juristas,1113127,Apartamentos,Valencia,1,1,€ 258,2019/11/30,2019/12/01,0,"9,2",60
MD Design Hotel - Portal del Real,2391685,NA,Valencia,1,1,€ 266,2019/11/30,2019/12/01,2,"9,1",60
Casa Vich,4457634,Apartamento,Valencia,1,1,NA,2019/11/30,2019/12/01,0,"9,6",60
Blanq Comedias,4922002,NA,Valencia,1,1,€ 270,2019/11/30,2019/12/01,0,9,60
MYR Hotel Plaza Mercado & Spa,1619029,Apartahotel,Valencia,1,1,€ 281,2019/11/30,2019/12/01,0,"9,2",60
Mon Suites Catedral,485679,Apartamentos,Valencia,1,1,€ 281,2019/11/30,2019/12/01,0,"9,2",60
Apartamentos Wallace,1698355,Apartamentos,Valencia,1,1,€ 308,2019/11/30,2019/12/01,0,"9,2",60
Valenciaflats Centro Ciudad,18544,Apartamentos,Valencia,1,1,€ 322,2019/11/30,2019/12/01,0,"9,2",60
Center City Flats,861452,Apartamentos,Valencia,1,1,€ 342,2019/11/30,2019/12/01,0,"9,1",60
Cómoda habitación Valencia,4200488,NA,Valencia,1,1,NA,2019/11/30,2019/12/01,0,"9,6",60
Vincci Mercat,1279484,NA,Valencia,1,1,€ 356,2019/11/30,2019/12/01,4,9,60
Mon Suites San Martin,2777545,Apartamentos,Valencia,1,1,€ 359,2019/11/30,2019/12/01,0,"9,4",60
Apartments Madrina,3278589,Apartamentos,Valencia,1,1,€ 395,2019/11/30,2019/12/01,0,9,60
Zerka Sendra,4657122,Apartamento,Valencia,1,1,€ 399,2019/11/30,2019/12/01,0,9,60
APARTAMENTO CENTRICO. WI-FI. PARKING,2967593,Apartamento,Valencia,1,1,€ 450,2019/11/30,2019/12/01,0,"9,1",60
Valenciaflats Ciudad de las Ciencias,93676,Apartamentos,Valencia,1,1,€ 538,2019/11/30,2019/12/01,0,"9,1",60
Opera House Valencia B&B,3533887,NA,Valencia,1,1,NA,2019/11/30,2019/12/01,0,"9,5",60
Caro Hotel,348132,NA,Valencia,1,1,€ 745,2019/11/30,2019/12/01,5,"9,2",60
Art&Flats Bed&Breakfast,5238345,NA,Valencia,1,1,€ 40,2019/11/30,2019/12/01,0,"8,9",60
Homestay Carrer Sagun,5006434,NA,Valencia,1,1,€ 80,2019/11/30,2019/12/01,0,"8,8",60
Home Youth Hostel by Feetup Hostels,189322,NA,Valencia,1,1,€ 107,2019/11/30,2019/12/01,0,"8,8",60
Zalamera BnB,1331238,NA,Valencia,1,1,€ 174,2019/11/30,2019/12/01,0,"8,7",60
The Westin Valencia,93321,NA,Valencia,1,1,€ 4.950,2019/11/30,2019/12/01,5,"8,6",60
Apartamento frente al mar,3060802,Apartamento,Valencia,1,1,€ 130,2019/11/30,2019/12/01,0,"8,3",60
BONNIES Suites & Spa Valencia,3631910,Apartamentos,Valencia,1,1,NA,2019/11/30,2019/12/01,0,"9,8",60
NH Valencia Center,90727,NA,Valencia,1,1,€ 182,2019/11/30,2019/12/01,4,"8,3",60
Sweet Hotel Renasa,274818,NA,Valencia,1,1,€ 189,2019/11/30,2019/12/01,3,8,60
Apartamentos Rusafa,5604325,NA,Valencia,1,1,€ 200,2019/11/30,2019/12/01,0,"8,3",60
Ilunion Valencia 4,754329,NA,Valencia,1,1,€ 238,2019/11/30,2019/12/01,4,"8,1",60
Hotel Conqueridor,91047,NA,Valencia,1,1,€ 270,2019/11/30,2019/12/01,4,"8,4",60
Zerka Centro,4425975,Apartamentos,Valencia,1,1,€ 289,2019/11/30,2019/12/01,0,"8,3",60
Apartment Cabanyal,3172456,Apartamento,Valencia,1,1,NA,2019/11/30,2019/12/01,0,"9,7",60
MD Modern Hotel - Jardines,305447,NA,Valencia,1,1,€ 380,2019/11/30,2019/12/01,1,"8,3",60
Habitación cerca del centro,2789581,NA,Valencia,1,1,€ 63,2019/11/30,2019/12/01,0,"7,5",60
Rooms Valencia Center,5507857,NA,Valencia,1,1,€ 68,2019/11/30,2019/12/01,0,"7,6",60
UP Hostel Valencia,1710137,NA,Valencia,1,1,€ 43,2019/11/30,2019/12/01,0,"7,7",60
City Center Apartment,5084891,Apartamento,Valencia,1,1,€ 130,2019/11/30,2019/12/01,0,"7,8",60
Valencia Lounge Hostel,337203,NA,Valencia,1,1,€ 144,2019/11/30,2019/12/01,0,"7,7",60
Ayuntamiento Panoramic,3089239,Apartamento,Valencia,1,1,NA,2019/11/30,2019/12/01,0,"9,5",60
MyHomestay,2921259,NA,Valencia,1,1,€ 150,2019/11/30,2019/12/01,0,"7,7",60
Adrian's House,2271869,NA,Valencia,1,1,€ 160,2019/11/30,2019/12/01,0,"7,7",60
Ilunion Valencia 3,92818,NA,Valencia,1,1,€ 192,2019/11/30,2019/12/01,3,"7,9",60
Hotel Turia,14441,NA,Valencia,1,1,€ 195,2019/11/30,2019/12/01,4,"7,5",60
Apartment Plaza de la Merced,3457190,Apartamento,Valencia,1,1,€ 470,2019/11/30,2019/12/01,0,"7,9",60
Mi casa es vuestra casa,4967097,NA,Valencia,1,1,€ 70,2019/11/30,2019/12/01,0,"7,1",60
Barracart Apartments,2125836,Apartamentos,Valencia,1,1,NA,2019/11/30,2019/12/01,0,"9,6",60
Plaza Redonda house.,4399973,NA,Valencia,1,1,€ 138,2019/11/30,2019/12/01,0,"7,4",60
HOSTAL BED OF THE SEA,3974636,NA,Valencia,1,1,€ 200,2019/11/30,2019/12/01,0,"7,1",60
La Casa dei Fiori,2849727,Apartamento,Valencia,1,1,€ 482,2019/11/30,2019/12/01,0,"7,1",60
Carrer del Bisbe Jaume Pérez,4900140,NA,Valencia,1,1,€ 60,2019/11/30,2019/12/01,0,6,60
Loft Central Market - Tapas,3187998,Apartamento,Valencia,1,1,€ 328,2019/11/30,2019/12/01,0,"6,4",60
