name,propertyId,propertyType,city,rooms,days,price,checkIn,checkOut,stars,score,advance
The Westin Valencia,93321,NA,Valencia,1,1,€ 213,2019/12/01,2019/12/02,5,"8,6",60
Vincci Palace,94163,NA,Valencia,1,1,€ 220,2019/12/01,2019/12/02,4,"8,6",60
Espai One Santa Mónica,5471724,Apartamento,Valencia,1,1,NA,2019/12/01,2019/12/02,0,"9,8",60
Apartment close to park Marchalenes,4418670,Apartamento,Valencia,1,1,€ 120,2019/12/01,2019/12/02,0,9,60
STYLISH APARTMENT - CITY CENTER,2861517,Apartamento,Valencia,1,1,€ 140,2019/12/01,2019/12/02,0,"7,8",60
Kirei Apartment Calgary,4768322,Apartamento,Valencia,1,1,€ 148,2019/12/01,2019/12/02,0,"7,6",60
Splendid house in Valencia,3091182,Apartamentos,Valencia,1,1,NA,2019/12/01,2019/12/02,0,"9,3",60
Nest Style Valencia,5219046,NA,Valencia,1,1,€ 124,2019/12/01,2019/12/02,3,"9,4",60
La Casa Verde - Ruzafa,2029143,Apartamento,Valencia,1,1,NA,2019/12/01,2019/12/02,0,"9,7",60
Biopark View Apartment,2381901,Apartamento,Valencia,1,1,€ 125,2019/12/01,2019/12/02,0,9,60
NH Collection Colón Valencia,3828811,NA,Valencia,1,1,€ 126,2019/12/01,2019/12/02,4,"9,2",60
Live in Chianti Apartaments,2882632,Apartamentos,Valencia,1,1,€ 128,2019/12/01,2019/12/02,0,"9,1",60
APARTAMENTO CENTRO- RUZAFA. WI-FI. PARKING,3144104,Apartamento,Valencia,1,1,€ 130,2019/12/01,2019/12/02,0,"9,3",60
Las Arenas Balneario Resort,91144,NA,Valencia,1,1,€ 135,2019/12/01,2019/12/02,5,9,60
Mon Suites San Martin,2777545,Apartamentos,Valencia,1,1,€ 138,2019/12/01,2019/12/02,0,"9,4",60
Ilunion Valencia 3,92818,NA,Valencia,1,1,€ 150,2019/12/01,2019/12/02,3,"7,9",60
MyHomestay,2921259,NA,Valencia,1,1,€ 150,2019/12/01,2019/12/02,0,"7,7",60
Apartment Florista,2150187,Apartamento,Valencia,1,1,€ 160,2019/12/01,2019/12/02,0,"7,9",60
Casa de Vacaciones Pintor Vilar,2093863,Apartamento,Valencia,1,1,€ 222,2019/12/01,2019/12/02,0,"8,9",60
Hospes Palau de La Mar,93823,NA,Valencia,1,1,€ 242,2019/12/01,2019/12/02,5,"8,8",60
Cathedral Suites Hotel,1736257,Apartahotel,Valencia,1,1,€ 262,2019/12/01,2019/12/02,4,"8,9",60
Vincci Lys,91183,NA,Valencia,1,1,€ 264,2019/12/01,2019/12/02,4,"8,9",60
Flatsforyou Mercat,1367507,Apartamentos,Valencia,1,1,€ 280,2019/12/01,2019/12/02,3,"8,9",60
Blanq Carmen Hotel,97069,NA,Valencia,1,1,€ 73,2019/12/01,2019/12/02,3,"8,7",60
Moon Valencia,3560698,Apartamentos,Valencia,1,1,€ 74,2019/12/01,2019/12/02,0,"8,8",60
APARTMENTS VALENCIA CENTER,5180014,Apartamentos,Valencia,1,1,NA,2019/12/01,2019/12/02,0,"9,5",60
Apartamentos Plaza Picasso,97063,Apartamentos,Valencia,1,1,€ 74,2019/12/01,2019/12/02,0,"8,5",60
UNIK. Apartments Valencia,2241282,Apartamentos,Valencia,1,1,€ 75,2019/12/01,2019/12/02,0,"8,5",60
Center Valencia Youth Hostel,246931,NA,Valencia,1,1,€ 22,2019/12/01,2019/12/02,0,8,60
Carmen Apartment,3308265,Apartamento,Valencia,1,1,NA,2019/12/01,2019/12/02,0,"9,6",60
Habitación en valencia centro,5418023,NA,Valencia,1,1,€ 30,2019/12/01,2019/12/02,0,"8,4",60
B&B Hi Valencia Canovas,305349,NA,Valencia,1,1,€ 38,2019/12/01,2019/12/02,0,"8,3",60
Apartamento Bolseria 28,881275,Apartamentos,Valencia,1,1,NA,2019/12/01,2019/12/02,0,"9,5",60
Apartamentos Wallace,1698355,Apartamentos,Valencia,1,1,€ 138,2019/12/01,2019/12/02,0,"9,2",60
Loft zona Pechina en Valencia centro,2524985,Apartamento,Valencia,1,1,€ 138,2019/12/01,2019/12/02,0,"9,2",60
Hotel Valencia Alameda,4019381,NA,Valencia,1,1,€ 143,2019/12/01,2019/12/02,4,"9,3",60
Cozy apartment in Valencia center,3402135,Apartamentos,Valencia,1,1,€ 146,2019/12/01,2019/12/02,0,"9,2",60
El Globo,24498,NA,Valencia,1,1,€ 210,2019/12/01,2019/12/02,1,"7,8",60
MD Art Apartment Ruzafa,2550955,Apartamento,Valencia,1,1,€ 271,2019/12/01,2019/12/02,0,"7,5",60
MD Benlliure Beach.,1957258,Apartamento,Valencia,1,1,€ 271,2019/12/01,2019/12/02,0,"7,9",60
Total Valencia White,2201908,Apartamento,Valencia,1,1,NA,2019/12/01,2019/12/02,0,"9,1",60
Dreams Rental City Hall,337092,Apartamentos,Valencia,1,1,€ 280,2019/12/01,2019/12/02,0,"7,5",60
Apartment Plaza de la Merced,3457190,Apartamento,Valencia,1,1,€ 470,2019/12/01,2019/12/02,0,"7,9",60
Habitacion en Valencia Barata,4861796,NA,Valencia,1,1,€ 40,2019/12/01,2019/12/02,0,"8,1",60
Purple Nest Hostel,25278,NA,Valencia,1,1,€ 42,2019/12/01,2019/12/02,0,"8,2",60
Apartamento Barato Valencia,3931013,NA,Valencia,1,1,€ 42,2019/12/01,2019/12/02,0,8,60
Aparthotel Valencia Rental,17344,Apartahotel,Valencia,1,1,€ 44,2019/12/01,2019/12/02,0,8,60
Citizentral Juristas,1113127,Apartamentos,Valencia,1,1,€ 146,2019/12/01,2019/12/02,0,"9,2",60
Valenciaflats Ciudad de las Ciencias,93676,Apartamentos,Valencia,1,1,€ 147,2019/12/01,2019/12/02,0,"9,1",60
Purísima Street I,2471259,Apartamento,Valencia,1,1,NA,2019/12/01,2019/12/02,0,"9,5",60
Rooms Ciencias,94126,NA,Valencia,1,1,€ 149,2019/12/01,2019/12/02,0,9,60
APARTAMENTO CENTRICO. WI-FI. PARKING,2967593,Apartamento,Valencia,1,1,€ 150,2019/12/01,2019/12/02,0,"9,1",60
Habitación Despuig,4901343,NA,Valencia,1,1,€ 30,2019/12/01,2019/12/02,0,"7,3",60
Hostal Waksman,281139,NA,Valencia,1,1,€ 35,2019/12/01,2019/12/02,1,"7,3",60
feliz como en casa,3676196,NA,Valencia,1,1,€ 36,2019/12/01,2019/12/02,0,"7,2",60
Hostal Residencial RR,450746,NA,Valencia,1,1,€ 38,2019/12/01,2019/12/02,0,7,60
Center Valencia,2944722,Casa o chalet,Valencia,1,1,NA,2019/12/01,2019/12/02,0,"9,3",60
Zen House,3671621,NA,Valencia,1,1,€ 39,2019/12/01,2019/12/02,0,"7,1",60
La Flamenca,818359,NA,Valencia,1,1,€ 40,2019/12/01,2019/12/02,0,"7,2",60
HOSPEDAJE PESET,4718074,NA,Valencia,1,1,€ 40,2019/12/01,2019/12/02,0,"7,3",60
Habitación doble,3599930,NA,Valencia,1,1,€ 75,2019/12/01,2019/12/02,0,"8,9",60
Lotelito,570027,NA,Valencia,1,1,€ 78,2019/12/01,2019/12/02,0,"8,9",60
Homestay Carrer Sagun,5006434,NA,Valencia,1,1,€ 80,2019/12/01,2019/12/02,0,"8,8",60
Murillo Apartment,408163,Apartamento,Valencia,1,1,€ 44,2019/12/01,2019/12/02,0,"7,1",60
Habitación con cama doble,4794909,NA,Valencia,1,1,€ 45,2019/12/01,2019/12/02,0,7,60
Sampedor Apartment,435662,Apartamentos,Valencia,1,1,€ 49,2019/12/01,2019/12/02,0,7,60
Calle Mora De Rubielos,2854363,Apartamento,Valencia,1,1,NA,2019/12/01,2019/12/02,0,"9,4",60
Cool Central Market,3424724,Apartamento,Valencia,1,1,NA,2019/12/01,2019/12/02,0,"9,9",60
Hostal Abastos,257057,NA,Valencia,1,1,€ 45,2019/12/01,2019/12/02,2,"8,2",60
Apartamentos Rusafa,5604325,NA,Valencia,1,1,€ 50,2019/12/01,2019/12/02,0,"8,3",60
Aventura,5567318,Apartamentos,Valencia,1,1,€ 50,2019/12/01,2019/12/02,0,"8,2",60
B&B El Mercat,2203530,NA,Valencia,1,1,€ 50,2019/12/01,2019/12/02,0,"7,3",60
Centro Valencia Calle Cerrajeros,3476261,NA,Valencia,1,1,€ 50,2019/12/01,2019/12/02,0,"7,1",60
PISO ACOGEDOR,4995780,NA,Valencia,1,1,€ 50,2019/12/01,2019/12/02,0,"7,1",60
Malvarrosa Beach Rooms,314048,NA,Valencia,1,1,€ 55,2019/12/01,2019/12/02,2,7,60
Happy Apartments Valencia,456043,Apartamentos,Valencia,1,1,€ 51,2019/12/01,2019/12/02,0,"8,2",60
Happy Apartments Valencia – Lope de Vega,575582,Apartamentos,Valencia,1,1,€ 54,2019/12/01,2019/12/02,0,"8,1",60
El Coso,14580,NA,Valencia,1,1,€ 55,2019/12/01,2019/12/02,3,"8,2",60
TTdSSa VLC: Plaza Cisneros- 2- 5 pax 3 Bedrooms,4069293,Apartamento,Valencia,1,1,NA,2019/12/01,2019/12/02,0,"9,7",60
B BEACH VALENCIA,5125954,Apartamento,Valencia,1,1,€ 150,2019/12/01,2019/12/02,0,"9,1",60
MYR Hotel Plaza Mercado & Spa,1619029,Apartahotel,Valencia,1,1,€ 158,2019/12/01,2019/12/02,0,"9,2",60
5 SENSES,3786890,Apartamento,Valencia,1,1,€ 165,2019/12/01,2019/12/02,0,"9,2",60
Apartamentos Edificio Palomar,189277,Apartamentos,Valencia,1,1,€ 169,2019/12/01,2019/12/02,0,"9,2",60
Apartamento,3139431,Apartamento,Valencia,1,1,NA,2019/12/01,2019/12/02,0,"9,5",60
Palacio de Rojas,1073276,Apartamentos,Valencia,1,1,€ 171,2019/12/01,2019/12/02,0,"9,3",60
Central Station Valencia Hostel,1647017,NA,Valencia,1,1,€ 55,2019/12/01,2019/12/02,0,"7,1",60
Casa del Patriarca,364834,NA,Valencia,1,1,€ 81,2019/12/01,2019/12/02,0,"8,9",60
Ciudad Ciencias- Lujo- Parking- Wi-Fi.,4999636,Apartamento,Valencia,1,1,NA,2019/12/01,2019/12/02,0,"9,8",60
Hotel Kramer,91106,NA,Valencia,1,1,€ 84,2019/12/01,2019/12/02,3,"8,8",60
Ad Hoc Monumental,90719,NA,Valencia,1,1,€ 85,2019/12/01,2019/12/02,3,"8,6",60
Burjassot Mestalla,3058627,Apartamento,Valencia,1,1,€ 85,2019/12/01,2019/12/02,0,"8,6",60
Magnífico Adosado- cerca de Valencia ciudad- en zona de montaña y playa fluvial,5354233,Casa o chalet,Valencia,1,1,€ 89,2019/12/01,2019/12/02,0,"8,8",60
Perla Apartments,3146781,Apartamentos,Valencia,1,1,€ 90,2019/12/01,2019/12/02,0,"8,7",60
SKY TOURISTIC ATTIC,281640,Apartamentos,Valencia,1,1,€ 90,2019/12/01,2019/12/02,0,"8,5",60
PORT VALENCIA PLAYA,5259971,Apartamento,Valencia,1,1,NA,2019/12/01,2019/12/02,0,"9,8",60
Sol Playa,12656,NA,Valencia,1,1,€ 55,2019/12/01,2019/12/02,2,"8,3",60
Pension MonaLisa Luxury Suites,3834224,NA,Valencia,1,1,€ 56,2019/12/01,2019/12/02,0,"8,2",60
Hotel Villacarlos,90730,NA,Valencia,1,1,€ 58,2019/12/01,2019/12/02,3,8,60
Melia Valencia,290493,NA,Valencia,1,1,€ 93,2019/12/01,2019/12/02,4,"8,8",60
El Palacete Gran Via,3483148,NA,Valencia,1,1,€ 95,2019/12/01,2019/12/02,0,"8,8",60
Les flors,3985046,Apartamento,Valencia,1,1,€ 98,2019/12/01,2019/12/02,0,"8,7",60
Petit Palace Ruzafa,90792,NA,Valencia,1,1,€ 99,2019/12/01,2019/12/02,3,"8,7",60
Hostal Antigua Morellana,1273937,NA,Valencia,1,1,€ 80,2019/12/01,2019/12/02,1,"9,5",60
LOFT apartamento duplex en Valencia con parking,5519008,Apartamento,Valencia,1,1,€ 80,2019/12/01,2019/12/02,0,"9,8",60
Center City Flats,861452,Apartamentos,Valencia,1,1,€ 171,2019/12/01,2019/12/02,0,"9,1",60
Mediterranean Flats Plaza Redonda,4086496,Apartamentos,Valencia,1,1,€ 175,2019/12/01,2019/12/02,0,"9,2",60
Style Apartments Puerto,1558265,Apartamentos,Valencia,1,1,€ 59,2019/12/01,2019/12/02,0,8,60
Balcón Al Mar,295109,NA,Valencia,1,1,€ 60,2019/12/01,2019/12/02,0,"8,4",60
VALENCIA APARTAMENTO GOYA,4256653,Apartamento,Valencia,1,1,NA,2019/12/01,2019/12/02,0,10,60
Zerka Sendra,4657122,Apartamento,Valencia,1,1,€ 179,2019/12/01,2019/12/02,0,9,60
Apartamento Playa Wifi Gratis,3495634,Apartamento,Valencia,1,1,€ 190,2019/12/01,2019/12/02,0,"9,3",60
Kirei Apartment Portland,4276529,Apartamentos,Valencia,1,1,€ 200,2019/12/01,2019/12/02,0,"5,9",60
Guest House Torres de Quart,2275006,NA,Valencia,1,1,€ 45,2019/12/01,2019/12/02,0,"5,3",60
Valencia City Center New Apartments,1042326,Apartamentos,Valencia,1,1,NA,2019/12/01,2019/12/02,0,9,60
Guest House Ruzafa,2324552,NA,Valencia,1,1,€ 48,2019/12/01,2019/12/02,0,"5,2",60
Guest House Duc de Gaeta,2275007,NA,Valencia,1,1,€ 55,2019/12/01,2019/12/02,0,"4,9",60
Malvarosa,3820590,Apartamento,Valencia,1,1,€ 190,2019/12/01,2019/12/02,0,4,60
Double Room in VALENCIA,5665653,NA,Valencia,1,1,€ 23,2019/12/01,2019/12/02,0,,60
Habitacion doble en piso compartido,5645604,NA,Valencia,1,1,€ 46,2019/12/01,2019/12/02,0,,60
Bright room with trundle bed,5560260,NA,Valencia,1,1,€ 46,2019/12/01,2019/12/02,0,,60
Kasa Katia Eco Guest House,636256,NA,Valencia,1,1,NA,2019/12/01,2019/12/02,0,"9,3",60
Opera House Valencia B&B,3533887,NA,Valencia,1,1,€ 88,2019/12/01,2019/12/02,0,"9,5",60
United Colors of Apartments Boutique Style,5372347,Apartamentos,Valencia,1,1,€ 89,2019/12/01,2019/12/02,0,"9,5",60
Valencian Dreams Lonja,4757385,Apartamento,Valencia,1,1,€ 92,2019/12/01,2019/12/02,0,"9,8",60
Casa La Buhardilla,2985364,Apartamento,Valencia,1,1,€ 97,2019/12/01,2019/12/02,0,"9,6",60
Ramirez Flats & Bar,4124528,Apartahotel,Valencia,1,1,€ 135,2019/12/01,2019/12/02,0,"9,5",60
Piso en barrio del Carmen cerca de Plaza Virgen,3421713,Apartamento,Valencia,1,1,€ 140,2019/12/01,2019/12/02,0,"9,7",60
vosotros sereis parte de mi familia.,5299568,NA,Valencia,1,1,€ 50,2019/12/01,2019/12/02,0,,60
Brugada home,5259150,NA,Valencia,1,1,€ 55,2019/12/01,2019/12/02,0,,60
Florista's Room en Valencia,5502152,NA,Valencia,1,1,€ 56,2019/12/01,2019/12/02,0,,60
Hogar Dulce Hogar,5426607,NA,Valencia,1,1,€ 60,2019/12/01,2019/12/02,0,,60
Hotel Malcom and Barret,483261,NA,Valencia,1,1,€ 102,2019/12/01,2019/12/02,3,"8,7",60
Melia Plaza Valencia,13270,NA,Valencia,1,1,€ 105,2019/12/01,2019/12/02,4,"8,9",60
Stay at Valencia Downtown,1840715,Apartamento,Valencia,1,1,NA,2019/12/01,2019/12/02,0,"9,6",60
Hulot B&B Valencia,585429,NA,Valencia,1,1,€ 105,2019/12/01,2019/12/02,0,"8,5",60
Rooms El Picolino,5326859,NA,Valencia,1,1,€ 60,2019/12/01,2019/12/02,0,,60
Valencia- habitacion,5366858,NA,Valencia,1,1,€ 65,2019/12/01,2019/12/02,0,,60
Casa alta del mar,2542826,Apartamento,Valencia,1,1,NA,2019/12/01,2019/12/02,0,"9,2",60
Cabanyal Apartments Beach,5402234,Apartamento,Valencia,1,1,€ 67,2019/12/01,2019/12/02,0,,60
Bonito Apartamento- confortable y bien comunicado,5572090,Apartamento,Valencia,1,1,€ 68,2019/12/01,2019/12/02,0,,60
Apartamentos Navío,5647176,Apartamento,Valencia,1,1,€ 70,2019/12/01,2019/12/02,0,,60
Casa Vich,4457634,Apartamento,Valencia,1,1,NA,2019/12/01,2019/12/02,0,"9,6",60
Olympia Flats,4212801,NA,Valencia,1,1,€ 70,2019/12/01,2019/12/02,0,"9,7",60
L'Esplai Valencia Bed & Breakfast,1282556,NA,Valencia,1,1,€ 149,2019/12/01,2019/12/02,0,"9,6",60
Disfruta - Enjoy Valencia Oceanografic,4121345,Apartamento,Valencia,1,1,€ 179,2019/12/01,2019/12/02,0,"9,6",60
Loft Turia Gran,5133726,Apartamento,Valencia,1,1,€ 80,2019/12/01,2019/12/02,0,,60
Hideout 26,5658117,Apartamentos,Valencia,1,1,€ 88,2019/12/01,2019/12/02,0,,60
Kirei Apartment Dublin,4639542,Apartamento,Valencia,1,1,€ 103,2019/12/01,2019/12/02,0,,60
OCEANOGRAFIC DELUXE- PARKING- WI-FI,4095746,Apartamento,Valencia,1,1,NA,2019/12/01,2019/12/02,0,"9,2",60
Comfort Homestay,5423155,NA,Valencia,1,1,€ 105,2019/12/01,2019/12/02,0,,60
Disfruta - Enjoy Valencia Ayuntamiento,4901194,Apartamento,Valencia,1,1,€ 189,2019/12/01,2019/12/02,0,"9,6",60
RUZAFA- CENTRO-A/C- WI-FI- PARKING,2885994,Apartamento,Valencia,1,1,€ 190,2019/12/01,2019/12/02,0,"9,7",60
MARQUÉS HOUSE 4* SUP,2118880,NA,Valencia,1,1,€ 229,2019/12/01,2019/12/02,4,"9,5",60
Cómoda habitación Valencia,4200488,NA,Valencia,1,1,NA,2019/12/01,2019/12/02,0,"9,6",60
Casa Calle Conquista,4691493,Apartamento,Valencia,1,1,€ 240,2019/12/01,2019/12/02,0,"9,6",60
Hotel Cosmo,4838858,NA,Valencia,1,1,€ 111,2019/12/01,2019/12/02,3,,60
Casa Adosada Quintero,5481770,Casa o chalet,Valencia,1,1,€ 112,2019/12/01,2019/12/02,0,,60
Todo el centro histórico a tu alcance.,5610526,Apartamento,Valencia,1,1,€ 135,2019/12/01,2019/12/02,0,,60
San Ferdinand B&B,5540960,NA,Valencia,1,1,€ 150,2019/12/01,2019/12/02,0,,60
Luxury Beach Apartment with Pool,3841868,Apartamento,Valencia,1,1,€ 355,2019/12/01,2019/12/02,0,"9,7",60
Cantagua Hostel,4074640,NA,Valencia,1,1,€ 43,2019/12/01,2019/12/02,0,"9,1",60
Habitación privada a 1500 metros de la playa,3789910,NA,Valencia,1,1,€ 60,2019/12/01,2019/12/02,0,"9,3",60
YOU & CO. Saler Beach Boutique,4533007,NA,Valencia,1,1,€ 62,2019/12/01,2019/12/02,3,9,60
Valenciaflats Centro Histórico,94781,Apartamentos,Valencia,1,1,€ 106,2019/12/01,2019/12/02,0,"8,7",60
Hotel Neptuno,91206,NA,Valencia,1,1,€ 108,2019/12/01,2019/12/02,4,"8,5",60
Soho Valencia,1538641,Apartahotel,Valencia,1,1,€ 109,2019/12/01,2019/12/02,0,"8,9",60
One Shot Colón 46,1394168,NA,Valencia,1,1,€ 110,2019/12/01,2019/12/02,3,"8,7",60
Blanq Comedias,4922002,NA,Valencia,1,1,€ 63,2019/12/01,2019/12/02,0,9,60
La seda stay,3335523,Apartamento,Valencia,1,1,NA,2019/12/01,2019/12/02,0,"9,7",60
Bianca,4232781,Apartamento,Valencia,1,1,€ 69,2019/12/01,2019/12/02,0,9,60
Host & Home,1663785,NA,Valencia,1,1,€ 74,2019/12/01,2019/12/02,0,9,60
Live in Chianti,2227491,NA,Valencia,1,1,€ 75,2019/12/01,2019/12/02,0,"9,1",60
Original Domino House,5434091,NA,Valencia,1,1,€ 75,2019/12/01,2019/12/02,0,"9,2",60
Apartamento bianca,3205847,Apartamento,Valencia,1,1,€ 80,2019/12/01,2019/12/02,0,"9,1",60
Zerka Centro,4425975,Apartamentos,Valencia,1,1,€ 129,2019/12/01,2019/12/02,0,"8,3",60
Apartamento frente al mar,3060802,Apartamento,Valencia,1,1,€ 130,2019/12/01,2019/12/02,0,"8,3",60
Puerto Bello,3306497,Apartamento,Valencia,1,1,NA,2019/12/01,2019/12/02,0,"9,7",60
NH Valencia Las Artes,90731,NA,Valencia,1,1,€ 130,2019/12/01,2019/12/02,4,"8,4",60
Apartamento Obispo don Jerónimo,2079020,Apartamento,Valencia,1,1,€ 135,2019/12/01,2019/12/02,0,"8,2",60
MD Modern Hotel - Jardines,305447,NA,Valencia,1,1,€ 144,2019/12/01,2019/12/02,1,"8,3",60
Reina's Apartment,2130930,Apartamentos,Valencia,1,1,€ 150,2019/12/01,2019/12/02,0,"8,3",60
Mercado Central Rooms & Breakfast,2515022,NA,Valencia,1,1,€ 150,2019/12/01,2019/12/02,0,"8,1",60
Hotel Conqueridor,91047,NA,Valencia,1,1,€ 153,2019/12/01,2019/12/02,4,"8,4",60
Oceanografic Apartment,4903549,Apartamento,Valencia,1,1,NA,2019/12/01,2019/12/02,0,"9,5",60
Casa los Peces,3234194,Apartamento,Valencia,1,1,€ 154,2019/12/01,2019/12/02,0,"8,3",60
Ilunion Valencia 4,754329,NA,Valencia,1,1,€ 157,2019/12/01,2019/12/02,4,"8,1",60
NH Ciudad de Valencia,90729,NA,Valencia,1,1,€ 161,2019/12/01,2019/12/02,3,"8,1",60
Eurostars Gran Valencia,90484,NA,Valencia,1,1,€ 184,2019/12/01,2019/12/02,4,"8,4",60
Old Town Flats Casa Burguerini,4552106,Apartamentos,Valencia,1,1,€ 187,2019/12/01,2019/12/02,0,8,60
Ilunion Aqua 3,92776,NA,Valencia,1,1,€ 192,2019/12/01,2019/12/02,3,"8,3",60
palacete echeveste III,2160386,Apartamento,Valencia,1,1,NA,2019/12/01,2019/12/02,0,"9,5",60
Hotel Medium Valencia,96838,NA,Valencia,1,1,€ 207,2019/12/01,2019/12/02,4,"8,2",60
Vlc Apartaments el Carmen,389902,Apartamentos,Valencia,1,1,€ 220,2019/12/01,2019/12/02,0,"8,2",60
ValenciaBonita House.,4862486,Casas y chalets,Valencia,1,1,€ 265,2019/12/01,2019/12/02,0,8,60
Musico Peydro Apartments,3765069,Apartamentos,Valencia,1,1,€ 289,2019/12/01,2019/12/02,0,8,60
NWT Central Station Apartments,3964093,Apartamento,Valencia,1,1,€ 300,2019/12/01,2019/12/02,0,"8,2",60
MD Sueca. Apartment with Terrace Ruzafa,2551179,Apartamento,Valencia,1,1,€ 330,2019/12/01,2019/12/02,0,"8,2",60
MD PASEO RUZAFA CENTER,5374850,Apartamento,Valencia,1,1,NA,2019/12/01,2019/12/02,0,"9,6",60
UP Hostel Valencia,1710137,NA,Valencia,1,1,€ 27,2019/12/01,2019/12/02,0,"7,7",60
Habitación San Cayetano,4624401,NA,Valencia,1,1,€ 30,2019/12/01,2019/12/02,0,"7,6",60
Adrian's House,2271869,NA,Valencia,1,1,€ 33,2019/12/01,2019/12/02,0,"7,7",60
Apart and Benef,2291245,NA,Valencia,1,1,€ 34,2019/12/01,2019/12/02,0,"7,8",60
Valencia City Host,1177077,NA,Valencia,1,1,€ 36,2019/12/01,2019/12/02,0,"7,8",60
