name,propertyId,propertyType,city,rooms,days,price,checkIn,checkOut,stars,score,advance
Kirei Apartment Dublin,4639542,NA,Valencia,1,1,€ 86,2019/11/13,2019/11/14,0,,14
Hi Valencia Cánovas,4312120,NA,Valencia,1,1,€ 63,2019/11/13,2019/11/14,0,"8,8",14
ABCyou Bed&Breakfast,189207,NA,Valencia,1,1,€ 66,2019/11/13,2019/11/14,0,"8,5",14
OCEANOGRAFIC DELUXE- PARKING- WI-FI,4095746,NA,Valencia,1,1,NA,2019/11/13,2019/11/14,0,"9,1",14
Valenciaflats Centro Histórico,94781,NA,Valencia,1,1,€ 69,2019/11/13,2019/11/14,0,"8,7",14
Angel Guimera Rooms & Breakfast,2524241,NA,Valencia,1,1,€ 70,2019/11/13,2019/11/14,0,"8,9",14
Carrer de l'Escriptor Rafael Ferreres,4267645,NA,Valencia,1,1,€ 70,2019/11/13,2019/11/14,0,"8,6",14
Ilunion Aqua 4,92777,NA,Valencia,1,1,€ 71,2019/11/13,2019/11/14,4,"8,6",14
Casa Adosada Quintero,5481770,NA,Valencia,1,1,€ 92,2019/11/13,2019/11/14,0,,14
San Pedro,3819255,NA,Valencia,1,1,NA,2019/11/13,2019/11/14,0,"8,8",14
Aparment Canarias,3753027,NA,Valencia,1,1,€ 99,2019/11/13,2019/11/14,0,,14
Loft en Ruzafa,5739487,NA,Valencia,1,1,€ 102,2019/11/13,2019/11/14,0,,14
EL ATICO,5680427,NA,Valencia,1,1,€ 107,2019/11/13,2019/11/14,0,,14
Piso cercano al centro ( 5 min BUS),5607299,NA,Valencia,1,1,€ 120,2019/11/13,2019/11/14,0,,14
Suit AVE (Valencia),5726860,NA,Valencia,1,1,€ 130,2019/11/13,2019/11/14,0,,14
NEW! Apartamento Ciudad de las Artes,5733189,NA,Valencia,1,1,€ 155,2019/11/13,2019/11/14,0,,14
Apartments Madrina,3278589,NA,Valencia,1,1,€ 74,2019/11/13,2019/11/14,0,"8,9",14
Welcomer Apartments Valencia,19363,NA,Valencia,1,1,€ 74,2019/11/13,2019/11/14,0,"8,7",14
La Roqueta,2652492,NA,Valencia,1,1,NA,2019/11/13,2019/11/14,0,"8,7",14
ACOGEDOR - CON TERRAZA - EN EL PLENO CENTRO,5715086,NA,Valencia,1,1,€ 160,2019/11/13,2019/11/14,0,,14
The White Apartment: Luxury- Beach and Design,5631365,NA,Valencia,1,1,€ 167,2019/11/13,2019/11/14,0,,14
Apartamento Valencia Ciudad de las Ciencias,4682746,NA,Valencia,1,1,NA,2019/11/13,2019/11/14,0,"9,3",14
Burjassot Mestalla,3058627,NA,Valencia,1,1,€ 75,2019/11/13,2019/11/14,0,"8,6",14
Habitación doble,3599930,NA,Valencia,1,1,€ 75,2019/11/13,2019/11/14,0,"8,8",14
Original Domino House,5434091,NA,Valencia,1,1,€ 75,2019/11/13,2019/11/14,0,"8,8",14
Hotel El Siglo,1741479,NA,Valencia,1,1,€ 78,2019/11/13,2019/11/14,3,"8,5",14
Ad Hoc Carmen,1173270,NA,Valencia,1,1,€ 79,2019/11/13,2019/11/14,2,"8,9",14
Balandra Flat,2032624,NA,Valencia,1,1,€ 79,2019/11/13,2019/11/14,0,"8,5",14
Apartamento centro frente a Torres de Serrano,3408067,NA,Valencia,1,1,NA,2019/11/13,2019/11/14,0,"9,4",14
Petit Palace Ruzafa,90792,NA,Valencia,1,1,€ 79,2019/11/13,2019/11/14,3,"8,7",14
Jardín Botánico Hotel Boutique,93369,NA,Valencia,1,1,€ 79,2019/11/13,2019/11/14,3,"8,9",14
Apartment Passeig de la Petxina,5695771,NA,Valencia,1,1,€ 195,2019/11/13,2019/11/14,0,,14
Apartment Carrer Ernesto Che Guevara,5598848,NA,Valencia,1,1,€ 211,2019/11/13,2019/11/14,0,,14
"Flat ""Ca Alexandre""",3687859,NA,Valencia,1,1,€ 240,2019/11/13,2019/11/14,0,,14
Turia Burjassot 12,3237353,NA,Valencia,1,1,€ 80,2019/11/13,2019/11/14,0,"8,9",14
BUBUFLATS / Mercat,783206,NA,Valencia,1,1,€ 80,2019/11/13,2019/11/14,0,"8,9",14
Apartamento con terraza,5238122,NA,Valencia,1,1,€ 240,2019/11/13,2019/11/14,0,,14
Piso Mercado Central,3713625,NA,Valencia,1,1,NA,2019/11/13,2019/11/14,0,"8,7",14
Apartment Carrer de Don Juan de Austria,5464038,NA,Valencia,1,1,€ 279,2019/11/13,2019/11/14,0,,14
LACASAMALVA1 PLAYA DE VALENCIA,5679960,NA,Valencia,1,1,€ 298,2019/11/13,2019/11/14,0,,14
Apartment Carrer de Josep Aguirre,5646705,NA,Valencia,1,1,€ 608,2019/11/13,2019/11/14,0,,14
El Coral Apartment Valencia,3606766,NA,Valencia,1,1,€ 80,2019/11/13,2019/11/14,0,"8,7",14
Hotel Kramer,91106,NA,Valencia,1,1,€ 80,2019/11/13,2019/11/14,3,"8,8",14
RUZAFA. Nice apartment and Terrace.,4368595,NA,Valencia,1,1,NA,2019/11/13,2019/11/14,0,"9,3",14
Perla Apartments,3146781,NA,Valencia,1,1,€ 81,2019/11/13,2019/11/14,0,"8,7",14
Friendly Rentals Brade,1918694,NA,Valencia,1,1,€ 105,2019/11/13,2019/11/14,0,"8,8",14
Zenit Valencia,92327,NA,Valencia,1,1,€ 108,2019/11/13,2019/11/14,4,"8,8",14
Don Herrero,1781239,NA,Valencia,1,1,NA,2019/11/13,2019/11/14,0,"9,2",14
Hotel Neptuno,91206,NA,Valencia,1,1,€ 108,2019/11/13,2019/11/14,4,"8,5",14
Citizentral Gascons,332095,NA,Valencia,1,1,€ 81,2019/11/13,2019/11/14,0,"8,7",14
Hotel Valencia Oceanic Managed by Melia Hotels International,91522,NA,Valencia,1,1,€ 84,2019/11/13,2019/11/14,4,"8,6",14
Barceló Valencia,91988,NA,Valencia,1,1,€ 108,2019/11/13,2019/11/14,4,"8,7",14
Colors Rooms,675839,NA,Valencia,1,1,€ 40,2019/11/13,2019/11/14,0,"9,5",14
Lindala,5250762,NA,Valencia,1,1,€ 49,2019/11/13,2019/11/14,0,"9,6",14
Central Park Apartment Valencia,3881533,NA,Valencia,1,1,NA,2019/11/13,2019/11/14,0,"9,5",14
Apartamentos Navío,5647176,NA,Valencia,1,1,€ 60,2019/11/13,2019/11/14,0,"9,9",14
Apartments Downtown Valencia,2250421,NA,Valencia,1,1,€ 70,2019/11/13,2019/11/14,0,"9,6",14
Hostal Antigua Morellana,1273937,NA,Valencia,1,1,€ 80,2019/11/13,2019/11/14,1,"9,5",14
Hostal Abastos,257057,NA,Valencia,1,1,€ 48,2019/11/13,2019/11/14,2,"8,2",14
Dormavalencia Hostel Regne,291755,NA,Valencia,1,1,€ 50,2019/11/13,2019/11/14,1,8,14
LOFT apartamento duplex en Valencia con parking gratis,5519008,NA,Valencia,1,1,€ 80,2019/11/13,2019/11/14,0,"9,9",14
Ramirez Flats & Bar,4124528,NA,Valencia,1,1,€ 80,2019/11/13,2019/11/14,0,"9,5",14
Valencian Dreams Lonja,4757385,NA,Valencia,1,1,€ 84,2019/11/13,2019/11/14,0,"9,8",14
Apartment Cisneros 2,2361375,NA,Valencia,1,1,NA,2019/11/13,2019/11/14,0,"9,7",14
Opera House Valencia B&B,3533887,NA,Valencia,1,1,€ 86,2019/11/13,2019/11/14,0,"9,5",14
AC Hotel Valencia,91063,NA,Valencia,1,1,€ 84,2019/11/13,2019/11/14,4,"8,5",14
Casa de Maria,2467712,NA,Valencia,1,1,€ 85,2019/11/13,2019/11/14,0,"8,7",14
Buho House,3777691,NA,Valencia,1,1,€ 109,2019/11/13,2019/11/14,0,"8,5",14
Hotel Gabbeach,403586,NA,Valencia,1,1,€ 109,2019/11/13,2019/11/14,3,"8,5",14
Friendly Rentals Schubert,1634221,NA,Valencia,1,1,€ 110,2019/11/13,2019/11/14,0,"8,9",14
Apartments Plaza Ayuntamiento,3506736,NA,Valencia,1,1,€ 110,2019/11/13,2019/11/14,0,"8,7",14
CheValenciaFlats,2064099,NA,Valencia,1,1,NA,2019/11/13,2019/11/14,0,9,14
Ciudad Ciencias- Lujo- Parking- Wi-Fi.,4999636,NA,Valencia,1,1,€ 90,2019/11/13,2019/11/14,0,"9,8",14
ÁTICO PTA 13 EN EL CENTRO DE VALENCIA VT-45727-T,4612077,NA,Valencia,1,1,€ 90,2019/11/13,2019/11/14,0,"9,5",14
Calle de Frederica Montseny 'Política' Casa o chalet,5152866,NA,Valencia,1,1,€ 95,2019/11/13,2019/11/14,0,"9,6",14
Apartamentos Valencia - Brazil 31 Free WiFi,4948554,NA,Valencia,1,1,€ 111,2019/11/13,2019/11/14,0,"8,8",14
Ruzzafa Codrut,3035322,NA,Valencia,1,1,NA,2019/11/13,2019/11/14,0,"9,2",14
Apartamentos Valencia,1007682,NA,Valencia,1,1,€ 50,2019/11/13,2019/11/14,0,"8,1",14
Flats Piera Valencia Center,1490563,NA,Valencia,1,1,€ 95,2019/11/13,2019/11/14,0,"9,7",14
Living Valencia - Tetuán,3217954,NA,Valencia,1,1,€ 52,2019/11/13,2019/11/14,0,"8,1",14
Up Town,2244083,NA,Valencia,1,1,€ 53,2019/11/13,2019/11/14,0,"8,2",14
United Colors of Apartments - Catedral,1301545,NA,Valencia,1,1,€ 54,2019/11/13,2019/11/14,0,"8,2",14
Casa La Buhardilla,2985364,NA,Valencia,1,1,€ 97,2019/11/13,2019/11/14,0,"9,6",14
Apartamento Forn dels Apòstols,3122008,NA,Valencia,1,1,NA,2019/11/13,2019/11/14,0,"9,6",14
Suites by Eric Olsan (Florista),4726450,NA,Valencia,1,1,€ 111,2019/11/13,2019/11/14,0,"8,5",14
SH Ingles Boutique Hotel,92956,NA,Valencia,1,1,€ 112,2019/11/13,2019/11/14,4,"8,5",14
Style Apartments Puerto,1558265,NA,Valencia,1,1,€ 54,2019/11/13,2019/11/14,0,"8,1",14
Happy Apartments Valencia – Lope de Vega,575582,NA,Valencia,1,1,€ 54,2019/11/13,2019/11/14,0,"8,1",14
Hotel Cosmo,4838858,NA,Valencia,1,1,€ 99,2019/11/13,2019/11/14,3,"9,8",14
L'Esplai Valencia Bed & Breakfast,1282556,NA,Valencia,1,1,€ 99,2019/11/13,2019/11/14,0,"9,5",14
Olympia Flats,4212801,NA,Valencia,1,1,€ 50,2019/11/13,2019/11/14,0,"9,7",14
Apartamento Joseph - luminoso y muy céntrico,4267950,NA,Valencia,1,1,NA,2019/11/13,2019/11/14,0,"9,1",14
Happy Apartments Valencia,456043,NA,Valencia,1,1,€ 54,2019/11/13,2019/11/14,0,"8,2",14
AC Hotel Colon Valencia,1117150,NA,Valencia,1,1,€ 116,2019/11/13,2019/11/14,4,"8,7",14
Apartamentos Valencia - Peset Aleixandre 135- FREE WI-FI,4262488,NA,Valencia,1,1,€ 119,2019/11/13,2019/11/14,0,"8,8",14
ValentiaApartments - MercadoCentral,4185241,NA,Valencia,1,1,€ 120,2019/11/13,2019/11/14,0,"8,8",14
TTdSSa VLC: Plaza Cisneros- 2- 5 pax 3 Bedrooms,4069293,NA,Valencia,1,1,€ 107,2019/11/13,2019/11/14,0,"9,5",14
Dormavalencia Hostel,249585,NA,Valencia,1,1,€ 55,2019/11/13,2019/11/14,1,"8,2",14
B&B Hi Valencia Canovas,305349,NA,Valencia,1,1,€ 55,2019/11/13,2019/11/14,0,"8,3",14
Disfruta - Enjoy Valencia Ayuntamiento,4901194,NA,Valencia,1,1,€ 115,2019/11/13,2019/11/14,0,"9,6",14
RUZAFA- CENTRO-A/C- WI-FI- PARKING,2885994,NA,Valencia,1,1,€ 120,2019/11/13,2019/11/14,0,"9,7",14
Constitución,4229663,NA,Valencia,1,1,NA,2019/11/13,2019/11/14,0,"9,5",14
Casa Cosy,375456,NA,Valencia,1,1,NA,2019/11/13,2019/11/14,0,"9,4",14
SH Valencia Palace,91497,NA,Valencia,1,1,€ 120,2019/11/13,2019/11/14,5,"8,5",14
Disfruta - Enjoy Valencia Oceanografic,4121345,NA,Valencia,1,1,€ 125,2019/11/13,2019/11/14,0,"9,6",14
Sweet Hotel Renasa,274818,NA,Valencia,1,1,€ 56,2019/11/13,2019/11/14,3,8,14
Urban Youth Hostel,1163025,NA,Valencia,1,1,€ 57,2019/11/13,2019/11/14,0,"8,4",14
Disfruta - Enjoy Valencia Centre,3881970,NA,Valencia,1,1,€ 127,2019/11/13,2019/11/14,0,"9,8",14
Charming Ninetta,3220582,NA,Valencia,1,1,€ 130,2019/11/13,2019/11/14,0,"9,5",14
Duplex en Blasco Ibáñez,3672426,NA,Valencia,1,1,€ 132,2019/11/13,2019/11/14,0,9,14
Edificio Pentagono,4673669,NA,Valencia,1,1,€ 135,2019/11/13,2019/11/14,0,9,14
Plaza de la Virgen,3167342,NA,Valencia,1,1,€ 120,2019/11/13,2019/11/14,0,"8,8",14
Friendly Rentals Gala,1634252,NA,Valencia,1,1,€ 120,2019/11/13,2019/11/14,0,"8,7",14
Friendly Rentals Soler,1634237,NA,Valencia,1,1,€ 120,2019/11/13,2019/11/14,0,"8,7",14
Atico con vistas - Alfahuir,2860729,NA,Valencia,1,1,€ 124,2019/11/13,2019/11/14,0,"8,5",14
Ilunion Valencia 4,754329,NA,Valencia,1,1,€ 58,2019/11/13,2019/11/14,4,"8,1",14
Habitación Doble Puerto de Valencia,3187483,NA,Valencia,1,1,NA,2019/11/13,2019/11/14,0,9,14
Hotel Villacarlos,90730,NA,Valencia,1,1,€ 58,2019/11/13,2019/11/14,3,8,14
Tryp Valencia Feria,92852,NA,Valencia,1,1,€ 59,2019/11/13,2019/11/14,4,"8,4",14
Ilunion Aqua 3,92776,NA,Valencia,1,1,€ 60,2019/11/13,2019/11/14,3,"8,3",14
Oceanografic Apartment,4903549,NA,Valencia,1,1,NA,2019/11/13,2019/11/14,0,"9,5",14
One Shot Mercat 09,2274203,NA,Valencia,1,1,€ 139,2019/11/13,2019/11/14,4,"9,1",14
Friendly Rentals Montaner Beach,2314997,NA,Valencia,1,1,€ 140,2019/11/13,2019/11/14,0,9,14
Apartamento centro,3160737,NA,Valencia,1,1,€ 140,2019/11/13,2019/11/14,0,"9,7",14
La seda stay,3335523,NA,Valencia,1,1,€ 160,2019/11/13,2019/11/14,0,"9,7",14
Apartamento Playa Wifi Gratis,3495634,NA,Valencia,1,1,€ 140,2019/11/13,2019/11/14,0,"9,3",14
Friendly Rentals Rey,1634248,NA,Valencia,1,1,€ 140,2019/11/13,2019/11/14,0,9,14
Las Arenas Balneario Resort,91144,NA,Valencia,1,1,€ 144,2019/11/13,2019/11/14,5,9,14
NH Collection Colón Valencia,3828811,NA,Valencia,1,1,€ 147,2019/11/13,2019/11/14,4,"9,2",14
Living Valencia - Olympia House,2215435,NA,Valencia,1,1,€ 125,2019/11/13,2019/11/14,0,"8,6",14
Your lovely home,1923614,NA,Valencia,1,1,NA,2019/11/13,2019/11/14,0,"9,3",14
Isabel,4442066,NA,Valencia,1,1,€ 127,2019/11/13,2019/11/14,0,"8,5",14
FREE WI-FI. Apartamentos 90 м2 - Assutzena 5,4828764,NA,Valencia,1,1,€ 128,2019/11/13,2019/11/14,0,"8,7",14
Apartamento Gran Vía Marqués del Turia,2358973,NA,Valencia,1,1,€ 135,2019/11/13,2019/11/14,0,"8,6",14
El Coso,14580,NA,Valencia,1,1,€ 60,2019/11/13,2019/11/14,3,"8,2",14
Sol Playa,12656,NA,Valencia,1,1,€ 60,2019/11/13,2019/11/14,2,"8,3",14
Hospes Palau de La Mar,93823,NA,Valencia,1,1,€ 140,2019/11/13,2019/11/14,5,"8,8",14
Apartamento Valencia Center,410101,NA,Valencia,1,1,NA,2019/11/13,2019/11/14,0,"9,4",14
ARENAS 2 APARTAMENT,2808815,NA,Valencia,1,1,€ 150,2019/11/13,2019/11/14,0,9,14
Friendly Rentals Ferrero,2314984,NA,Valencia,1,1,€ 140,2019/11/13,2019/11/14,0,"8,8",14
SHF Flats Baron,1033085,NA,Valencia,1,1,€ 61,2019/11/13,2019/11/14,0,8,14
Valencia- El Carmen Peace & Rest,5494986,NA,Valencia,1,1,NA,2019/11/13,2019/11/14,0,9,14
Hotel Miramar,23332,NA,Valencia,1,1,€ 61,2019/11/13,2019/11/14,2,"8,4",14
Eurostars Rey Don Jaime,91520,NA,Valencia,1,1,€ 62,2019/11/13,2019/11/14,4,"8,2",14
Mon Suites San Nicolas,4117225,NA,Valencia,1,1,€ 78,2019/11/13,2019/11/14,0,"9,2",14
Valenciaflats Centro Ciudad,18544,NA,Valencia,1,1,€ 78,2019/11/13,2019/11/14,0,"9,2",14
Bruno Apartment,2715023,NA,Valencia,1,1,NA,2019/11/13,2019/11/14,0,"9,7",14
B BEACH VALENCIA,5125954,NA,Valencia,1,1,€ 150,2019/11/13,2019/11/14,0,"9,1",14
NH Valencia Las Ciencias,90725,NA,Valencia,1,1,€ 63,2019/11/13,2019/11/14,3,8,14
La casita de Palomar,2132386,NA,Valencia,1,1,€ 79,2019/11/13,2019/11/14,0,"9,3",14
Arena's Apartament,2156905,NA,Valencia,1,1,€ 170,2019/11/13,2019/11/14,0,"9,1",14
Loft Superior el Carmen,2784473,NA,Valencia,1,1,€ 209,2019/11/13,2019/11/14,0,"9,3",14
L'Otelet By Sweet,1467935,NA,Valencia,1,1,€ 64,2019/11/13,2019/11/14,0,"8,3",14
Reina 12,1684198,NA,Valencia,1,1,€ 64,2019/11/13,2019/11/14,0,"8,3",14
Apartamento bianca,3205847,NA,Valencia,1,1,€ 80,2019/11/13,2019/11/14,0,"9,1",14
APARTAMENTO CENTRO- RUZAFA. WI-FI. PARKING,3144104,NA,Valencia,1,1,€ 80,2019/11/13,2019/11/14,0,"9,3",14
Ca Carmela,2466364,NA,Valencia,1,1,€ 225,2019/11/13,2019/11/14,0,"9,1",14
Caro Hotel,348132,NA,Valencia,1,1,€ 229,2019/11/13,2019/11/14,5,"9,2",14
MÍ casa YOUR HOME,3328967,NA,Valencia,1,1,NA,2019/11/13,2019/11/14,0,"9,2",14
Centro Valencia Calle Cerrajeros,3476261,NA,Valencia,1,1,€ 50,2019/11/13,2019/11/14,0,"7,1",14
BUBUSUITES by Bubuflats,2389776,NA,Valencia,1,1,€ 80,2019/11/13,2019/11/14,0,"9,3",14
City Garden Bed and Breakfast,2204361,NA,Valencia,1,1,€ 81,2019/11/13,2019/11/14,0,"9,4",14
MD Julio Antonio Apartment Center,3961049,NA,Valencia,1,1,€ 285,2019/11/13,2019/11/14,0,"9,2",14
Old Fisherman's House in Malvarrosa Beach,3618172,NA,Valencia,1,1,€ 288,2019/11/13,2019/11/14,0,"9,4",14
Kasa Katia Eco Guest House,636256,NA,Valencia,1,1,€ 81,2019/11/13,2019/11/14,0,"9,3",14
The River Hostel,494202,NA,Valencia,1,1,€ 9,2019/11/13,2019/11/14,0,"8,5",14
Double Room in VALENCIA,5665653,NA,Valencia,1,1,€ 30,2019/11/13,2019/11/14,0,"8,8",14
Cosy Rooms Bolsería,371606,NA,Valencia,1,1,€ 54,2019/11/13,2019/11/14,2,"7,4",14
Apartamentos Turia,355328,NA,Valencia,1,1,NA,2019/11/13,2019/11/14,0,"8,6",14
Masatepe Room Valencia,5687127,NA,Valencia,1,1,€ 30,2019/11/13,2019/11/14,0,"8,9",14
Pensión Alicante,298710,NA,Valencia,1,1,€ 33,2019/11/13,2019/11/14,0,"8,5",14
Stay at Valencia Downtown,1840715,NA,Valencia,1,1,NA,2019/11/13,2019/11/14,0,"9,5",14
Apartments Abate 4,2848648,NA,Valencia,1,1,€ 83,2019/11/13,2019/11/14,0,9,14
CENTRO CIUDAD-PZA AYUNTAMIENTO-WIFI,3604273,NA,Valencia,1,1,NA,2019/11/13,2019/11/14,0,"9,1",14
Art&Flats Bed&Breakfast,5238345,NA,Valencia,1,1,€ 40,2019/11/13,2019/11/14,0,"8,8",14
Living Valencia - Caballeros,3996637,NA,Valencia,1,1,€ 56,2019/11/13,2019/11/14,0,"7,4",14
Cosy Rooms Embajador,369728,NA,Valencia,1,1,€ 58,2019/11/13,2019/11/14,2,"7,4",14
Silken Puerta Valencia,91182,NA,Valencia,1,1,€ 98,2019/11/13,2019/11/14,4,"8,3",14
Almiserat,3054886,NA,Valencia,1,1,€ 60,2019/11/13,2019/11/14,0,7,14
Geography and Arts.,3569110,NA,Valencia,1,1,€ 60,2019/11/13,2019/11/14,0,"7,1",14
Hotel Valencia Alameda,4019381,NA,Valencia,1,1,€ 84,2019/11/13,2019/11/14,4,"9,2",14
Bubuflats Bubu 5,1283519,NA,Valencia,1,1,€ 85,2019/11/13,2019/11/14,0,"9,1",14
Habitación en piso compartido,5433175,NA,Valencia,1,1,€ 40,2019/11/13,2019/11/14,0,"8,8",14
Quart Youth Hostel,476418,NA,Valencia,1,1,€ 42,2019/11/13,2019/11/14,0,"8,6",14
Apartment Horticultor Bosch,1148669,NA,Valencia,1,1,€ 60,2019/11/13,2019/11/14,0,"7,3",14
Hostal la Barraca,350013,NA,Valencia,1,1,€ 60,2019/11/13,2019/11/14,0,"7,2",14
Homestay Carrer Sagun,5006434,NA,Valencia,1,1,€ 45,2019/11/13,2019/11/14,0,"8,8",14
Russafa Youth Hostel,345134,NA,Valencia,1,1,€ 47,2019/11/13,2019/11/14,0,"8,6",14
Dama Del Puerto,3230781,NA,Valencia,1,1,€ 85,2019/11/13,2019/11/14,0,9,14
Atico de Lujo,2142556,NA,Valencia,1,1,€ 85,2019/11/13,2019/11/14,0,"9,1",14
Apartamento Con Vistas Espectaculares,2789610,NA,Valencia,1,1,NA,2019/11/13,2019/11/14,0,"8,9",14
Loft zona Pechina en Valencia centro,2524985,NA,Valencia,1,1,€ 87,2019/11/13,2019/11/14,0,"9,1",14
Barracart Apartments,2125836,NA,Valencia,1,1,NA,2019/11/13,2019/11/14,0,"9,6",14
SHF Sevilla Loft,850157,NA,Valencia,1,1,€ 64,2019/11/13,2019/11/14,0,"7,4",14
NWT Monserrat,3728842,NA,Valencia,1,1,€ 64,2019/11/13,2019/11/14,0,7,14
Valenciaflats Mercado Central,307677,NA,Valencia,1,1,€ 87,2019/11/13,2019/11/14,0,9,14
Accommodation Beach Apartments,1001766,NA,Valencia,1,1,€ 64,2019/11/13,2019/11/14,0,"7,1",14
Malvarrosa Beach Rooms,314048,NA,Valencia,1,1,€ 68,2019/11/13,2019/11/14,2,7,14
Biopark View Apartment,2381901,NA,Valencia,1,1,€ 88,2019/11/13,2019/11/14,0,9,14
Teixidors de Palomar,2639791,NA,Valencia,1,1,€ 89,2019/11/13,2019/11/14,0,"9,3",14
Apartment Valencia,348555,NA,Valencia,1,1,€ 99,2019/11/13,2019/11/14,0,8,14
Precioso piso junto al antiguo barrio de Campanar,3297078,NA,Valencia,1,1,NA,2019/11/13,2019/11/14,0,"9,3",14
Premium Apartments,486507,NA,Valencia,1,1,€ 69,2019/11/13,2019/11/14,0,"6,9",14
Palau de Palomar,471283,NA,Valencia,1,1,€ 89,2019/11/13,2019/11/14,0,"9,1",14
Apartamento Privado Próximo a Playa y Ciencias,3783163,NA,Valencia,1,1,€ 100,2019/11/13,2019/11/14,0,"8,3",14
Old Town Flats Casa Burguerini,4552106,NA,Valencia,1,1,€ 103,2019/11/13,2019/11/14,0,"8,1",14
OCEANOGRAFIC APARTMENT. PARKING. WI-FI,3107716,NA,Valencia,1,1,€ 90,2019/11/13,2019/11/14,0,9,14
Dolz Garden Ruzafa,1123993,NA,Valencia,1,1,€ 90,2019/11/13,2019/11/14,0,"9,2",14
La Casa Verde - Ruzafa,2029143,NA,Valencia,1,1,NA,2019/11/13,2019/11/14,0,"9,7",14
Apartment close to park Marchalenes,4418670,NA,Valencia,1,1,€ 90,2019/11/13,2019/11/14,0,9,14
Mi casa es vuestra casa,4967097,NA,Valencia,1,1,€ 70,2019/11/13,2019/11/14,0,"7,1",14
Flatsforyou Port,733673,NA,Valencia,1,1,NA,2019/11/13,2019/11/14,0,"8,5",14
Olvida tu Reloj Congresos Apartment,2448036,NA,Valencia,1,1,€ 91,2019/11/13,2019/11/14,0,"9,2",14
Valencia Apartmans El Carmen,847910,NA,Valencia,1,1,€ 78,2019/11/13,2019/11/14,0,"7,3",14
Valencia Apartments,4367788,NA,Valencia,1,1,€ 78,2019/11/13,2019/11/14,0,"7,1",14
Carrer de María Montessori,3272386,NA,Valencia,1,1,€ 104,2019/11/13,2019/11/14,0,"8,2",14
Friendly Rentals ABC,3656596,NA,Valencia,1,1,€ 105,2019/11/13,2019/11/14,0,"8,2",14
Olvida tu Reloj Montichelvo Apartment,3258095,NA,Valencia,1,1,€ 91,2019/11/13,2019/11/14,0,"9,4",14
apartamento las torres-botanico,4694090,NA,Valencia,1,1,€ 94,2019/11/13,2019/11/14,0,9,14
Friendly Rentals Puerto Deportivo,2317861,NA,Valencia,1,1,€ 105,2019/11/13,2019/11/14,0,"8,2",14
HOSTAL BED OF THE SEA,3974636,NA,Valencia,1,1,€ 80,2019/11/13,2019/11/14,0,"7,1",14
Select Home Catedral,440778,NA,Valencia,1,1,€ 140,2019/11/13,2019/11/14,0,"7,1",14
Sorolla Centro,90896,NA,Valencia,1,1,€ 99,2019/11/13,2019/11/14,3,"9,1",14
Apartamento Ciudad de las Artes y las Ciencias,4353552,NA,Valencia,1,1,€ 108,2019/11/13,2019/11/14,0,"8,1",14
Travel Habitat Maritím,5473231,NA,Valencia,1,1,NA,2019/11/13,2019/11/14,0,9,14
NH Valencia Center,90727,NA,Valencia,1,1,€ 111,2019/11/13,2019/11/14,4,"8,3",14
Apartamentos Sollana 18 Cerca de les Arts i les Ciencies Valencia- FREE WI-FI,5232423,NA,Valencia,1,1,€ 113,2019/11/13,2019/11/14,0,"8,2",14
Maria Cristina Apartment,4765643,NA,Valencia,1,1,€ 115,2019/11/13,2019/11/14,0,"8,2",14
Loft by the Beach,4441671,NA,Valencia,1,1,€ 115,2019/11/13,2019/11/14,0,"8,3",14
Apartamento frente al mar,3060802,NA,Valencia,1,1,€ 115,2019/11/13,2019/11/14,0,"8,3",14
Select Home Mercado Central,440757,NA,Valencia,1,1,€ 150,2019/11/13,2019/11/14,0,"7,2",14
City Center Apartment,5084891,NA,Valencia,1,1,€ 115,2019/11/13,2019/11/14,0,"8,1",14
Flatsforyou Marina,1793012,NA,Valencia,1,1,NA,2019/11/13,2019/11/14,0,"8,6",14
Best Valencia Beach Flat,3246772,NA,Valencia,1,1,€ 196,2019/11/13,2019/11/14,0,"7,1",14
Valencia maritimo,3020748,NA,Valencia,1,1,NA,2019/11/13,2019/11/14,0,"8,8",14
Welcome Platanos 13 Valencia Beautiful apartments with terrace,5095795,NA,Valencia,1,1,€ 118,2019/11/13,2019/11/14,0,"8,1",14
Patacona Beach Apartment,4533678,NA,Valencia,1,1,€ 119,2019/11/13,2019/11/14,0,"8,3",14
MD Puerto Rico Apartment Ruzafa,3737151,NA,Valencia,1,1,€ 289,2019/11/13,2019/11/14,0,"7,4",14
MD Villalonga Malvarosa Beach,3739661,NA,Valencia,1,1,€ 430,2019/11/13,2019/11/14,0,7,14
Friendly Rentals Gimenez,1634242,NA,Valencia,1,1,€ 120,2019/11/13,2019/11/14,0,"8,2",14
Guest House Lebon,3124256,NA,Valencia,1,1,€ 24,2019/11/13,2019/11/14,0,"6,8",14
Habitación en Colon,2246576,NA,Valencia,1,1,€ 45,2019/11/13,2019/11/14,0,"6,7",14
Zerka Centro,4425975,NA,Valencia,1,1,€ 129,2019/11/13,2019/11/14,0,"8,4",14
Apartments Welcome to Valencia Peset Aleixandre 69,4964856,NA,Valencia,1,1,€ 129,2019/11/13,2019/11/14,0,"8,4",14
Ruzafa Rooms,2891693,NA,Valencia,1,1,€ 48,2019/11/13,2019/11/14,0,"6,8",14
Flatsforyou Las Arcadias,473415,NA,Valencia,1,1,€ 130,2019/11/13,2019/11/14,0,"8,4",14
Apartments Catedral,309686,NA,Valencia,1,1,NA,2019/11/13,2019/11/14,0,"8,8",14
Friendly Rentals Verdi,1634232,NA,Valencia,1,1,€ 130,2019/11/13,2019/11/14,0,"8,1",14
Friendly rentals Enesco Beach,2526514,NA,Valencia,1,1,€ 140,2019/11/13,2019/11/14,0,"8,1",14
Friendly Rentals Telemann,1634241,NA,Valencia,1,1,€ 140,2019/11/13,2019/11/14,0,"8,2",14
Friendly Rentals Evans,1634220,NA,Valencia,1,1,€ 140,2019/11/13,2019/11/14,0,"8,3",14
Apartamentos Dormavalencia,4450983,NA,Valencia,1,1,€ 141,2019/11/13,2019/11/14,0,"8,3",14
Room in apartment,3701648,NA,Valencia,1,1,€ 47,2019/11/13,2019/11/14,0,"7,7",14
Patacona Green Flats,292996,NA,Valencia,1,1,€ 48,2019/11/13,2019/11/14,0,"7,6",14
SingularStays Mar44,1002060,NA,Valencia,1,1,NA,2019/11/13,2019/11/14,0,"8,7",14
Casual de la Música Valencia,273130,NA,Valencia,1,1,€ 49,2019/11/13,2019/11/14,2,"7,5",14
Hostal Bisbal,235665,NA,Valencia,1,1,€ 50,2019/11/13,2019/11/14,1,"7,5",14
Habitaciones Rusafa,5604325,NA,Valencia,1,1,€ 50,2019/11/13,2019/11/14,0,"7,7",14
Apartamentos Abastos,1044426,NA,Valencia,1,1,€ 50,2019/11/13,2019/11/14,0,"7,5",14
Expo Hotel Valencia,91223,NA,Valencia,1,1,€ 53,2019/11/13,2019/11/14,3,"7,6",14
Checkin Valencia,93743,NA,Valencia,1,1,€ 53,2019/11/13,2019/11/14,4,"7,8",14
Apartamento Rosaleda,3014201,NA,Valencia,1,1,NA,2019/11/13,2019/11/14,0,"8,9",14
Cosy Rooms Tapinería,371192,NA,Valencia,1,1,€ 54,2019/11/13,2019/11/14,2,"7,5",14
Como en casa,4802186,NA,Valencia,1,1,€ 54,2019/11/13,2019/11/14,0,"7,9",14
Ilunion Valencia 3,92818,NA,Valencia,1,1,€ 54,2019/11/13,2019/11/14,3,"7,9",14
Habitacion por dias Centro Valencia,3977106,NA,Valencia,1,1,€ 55,2019/11/13,2019/11/14,0,"7,8",14
Plaza Redonda house.,4399973,NA,Valencia,1,1,€ 58,2019/11/13,2019/11/14,0,"7,4",14
El Globo,24498,NA,Valencia,1,1,€ 60,2019/11/13,2019/11/14,1,"7,8",14
Canovas rooms,5296619,NA,Valencia,1,1,NA,2019/11/13,2019/11/14,0,"8,6",14
SHF Plaza de la Reina,1682520,NA,Valencia,1,1,€ 60,2019/11/13,2019/11/14,0,"7,8",14
B&B Hotel Valencia Ciudad de las Ciencias,92242,NA,Valencia,1,1,€ 62,2019/11/13,2019/11/14,3,"7,5",14
Hotel Turia,14441,NA,Valencia,1,1,€ 65,2019/11/13,2019/11/14,4,"7,5",14
Jero Rooms,296743,NA,Valencia,1,1,€ 66,2019/11/13,2019/11/14,0,"7,7",14
City Center Apartments,4426057,NA,Valencia,1,1,€ 68,2019/11/13,2019/11/14,0,"7,8",14
SEA YOU HOTEL PORT VALENCIA,92328,NA,Valencia,1,1,€ 68,2019/11/13,2019/11/14,4,"7,8",14
Apartamento Torres,1887853,NA,Valencia,1,1,NA,2019/11/13,2019/11/14,0,"8,9",14
El 16 Ruzafa,865461,NA,Valencia,1,1,€ 69,2019/11/13,2019/11/14,0,"7,7",14
Oceanográfico Apartments & Spa,324918,NA,Valencia,1,1,€ 70,2019/11/13,2019/11/14,0,"7,5",14
Apartamento Alguer,4005334,NA,Valencia,1,1,€ 75,2019/11/13,2019/11/14,0,"7,7",14
OYO Pensión El Rincón,476031,NA,Valencia,1,1,€ 76,2019/11/13,2019/11/14,1,"7,5",14
Apartamento Angel Alcazar 35,2174625,NA,Valencia,1,1,€ 80,2019/11/13,2019/11/14,0,"7,5",14
