name,propertyId,propertyType,city,rooms,days,price,checkIn,checkOut,stars,score,advance
NH Collection Colón Valencia,3828811,NA,Valencia,1,1,€ 154,2019/10/31,2019/11/01,4,"9,2",7
Apartamentos La más Bonita,2816245,NA,Valencia,1,1,€ 158,2019/10/31,2019/11/01,0,9,7
Centro en Valencia,2885222,NA,Valencia,1,1,NA,2019/10/31,2019/11/01,0,"9,5",7
Vincci Mercat,1279484,NA,Valencia,1,1,€ 187,2019/10/31,2019/11/01,4,9,7
Palacio de Rojas,1073276,NA,Valencia,1,1,€ 190,2019/10/31,2019/11/01,0,"9,3",7
Las Arenas Balneario Resort,91144,NA,Valencia,1,1,€ 198,2019/10/31,2019/11/01,5,9,7
Arena's Apartament,2156905,NA,Valencia,1,1,€ 200,2019/10/31,2019/11/01,0,"9,1",7
Casual Socarrat Valencia,5142800,NA,Valencia,1,1,€ 218,2019/10/31,2019/11/01,3,"9,1",7
Caro Hotel,348132,NA,Valencia,1,1,€ 295,2019/10/31,2019/11/01,5,"9,2",7
Holiday Inn Express Ciudad de las Ciencias,96737,NA,Valencia,1,1,€ 113,2019/10/31,2019/11/01,3,8,7
Apartamentos el Pilar,237104,NA,Valencia,1,1,€ 115,2019/10/31,2019/11/01,0,8,7
Purísima Street I,2471259,NA,Valencia,1,1,NA,2019/10/31,2019/11/01,0,"9,6",7
Bubuflats Bubu 3,1014334,NA,Valencia,1,1,NA,2019/10/31,2019/11/01,0,"9,5",7
The River Hostel,494202,NA,Valencia,1,1,€ 21,2019/10/31,2019/11/01,0,"8,5",7
Art&Flats Bed&Breakfast,5238345,NA,Valencia,1,1,€ 26,2019/10/31,2019/11/01,0,"8,8",7
NWT Central Station Apartments,3964093,NA,Valencia,1,1,€ 119,2019/10/31,2019/11/01,0,"8,3",7
Hotel Conqueridor,91047,NA,Valencia,1,1,€ 120,2019/10/31,2019/11/01,4,"8,4",7
Homestay Carrer Sagun,5006434,NA,Valencia,1,1,€ 36,2019/10/31,2019/11/01,0,"8,8",7
Quart Youth Hostel,476418,NA,Valencia,1,1,€ 45,2019/10/31,2019/11/01,0,"8,6",7
Valencia Suits You Citytel,1106307,NA,Valencia,1,1,€ 48,2019/10/31,2019/11/01,2,"8,6",7
Home Youth Hostel by Feetup Hostels,189322,NA,Valencia,1,1,€ 49,2019/10/31,2019/11/01,0,"8,8",7
RUZAFA- CENTRO-A/C- WI-FI- PARKING,2885994,NA,Valencia,1,1,NA,2019/10/31,2019/11/01,0,"9,7",7
NH Valencia Las Artes,90731,NA,Valencia,1,1,€ 124,2019/10/31,2019/11/01,4,"8,4",7
Friendly Rentals Desplat,4120221,NA,Valencia,1,1,€ 135,2019/10/31,2019/11/01,0,"8,3",7
Eurostars Acteón,90495,NA,Valencia,1,1,€ 53,2019/10/31,2019/11/01,4,"8,5",7
Russafa Youth Hostel,345134,NA,Valencia,1,1,€ 54,2019/10/31,2019/11/01,0,"8,6",7
Primus Valencia,331871,NA,Valencia,1,1,€ 140,2019/10/31,2019/11/01,4,"8,3",7
Palacios Rooms,2773548,NA,Valencia,1,1,€ 56,2019/10/31,2019/11/01,0,"8,6",7
Friendly Rentals Evans,1634220,NA,Valencia,1,1,€ 145,2019/10/31,2019/11/01,0,"8,3",7
Luz de Valencia,2076095,NA,Valencia,1,1,€ 59,2019/10/31,2019/11/01,0,"8,8",7
Balcón Al Mar,295109,NA,Valencia,1,1,€ 60,2019/10/31,2019/11/01,0,"8,5",7
Apartamento Alameda,1698817,NA,Valencia,1,1,NA,2019/10/31,2019/11/01,0,"9,5",7
Flatsforyou Las Arcadias,473415,NA,Valencia,1,1,€ 150,2019/10/31,2019/11/01,0,"8,4",7
Malvarrosa Calle Pavia,3608764,NA,Valencia,1,1,€ 156,2019/10/31,2019/11/01,0,8,7
Apartamentos Dormavalencia,4450983,NA,Valencia,1,1,€ 187,2019/10/31,2019/11/01,0,"8,4",7
Sabía que venias!,3543756,NA,Valencia,1,1,€ 60,2019/10/31,2019/11/01,0,"8,6",7
Ciudad Ciencias- Lujo- Parking- Wi-Fi.,4999636,NA,Valencia,1,1,NA,2019/10/31,2019/11/01,0,"9,8",7
Pio XII Apartments Valencia,402080,NA,Valencia,1,1,€ 63,2019/10/31,2019/11/01,0,"8,5",7
Hotel Olympia Universidades,1301731,NA,Valencia,1,1,€ 65,2019/10/31,2019/11/01,3,"8,4",7
València Centre Túria,2185255,NA,Valencia,1,1,€ 66,2019/10/31,2019/11/01,0,"8,8",7
Casa del Patriarca,364834,NA,Valencia,1,1,€ 67,2019/10/31,2019/11/01,0,"8,9",7
UP Hostel Valencia,1710137,NA,Valencia,1,1,€ 24,2019/10/31,2019/11/01,0,"7,7",7
Habitaciones Barra89,1076252,NA,Valencia,1,1,€ 32,2019/10/31,2019/11/01,0,"7,9",7
ABCyou Bed&Breakfast,189207,NA,Valencia,1,1,€ 69,2019/10/31,2019/11/01,0,"8,5",7
Apart and Benef,2291245,NA,Valencia,1,1,€ 34,2019/10/31,2019/11/01,0,"7,9",7
Apartamento Tiziano,1528645,NA,Valencia,1,1,NA,2019/10/31,2019/11/01,0,"9,5",7
Habitación Céntrica en Casa de Familia,4289877,NA,Valencia,1,1,€ 35,2019/10/31,2019/11/01,0,"7,8",7
Habitacion Doble Homestay,4037073,NA,Valencia,1,1,€ 36,2019/10/31,2019/11/01,0,"7,9",7
Rio Turia B&B,5531073,NA,Valencia,1,1,€ 38,2019/10/31,2019/11/01,0,"7,8",7
Aventura,5567318,NA,Valencia,1,1,€ 40,2019/10/31,2019/11/01,0,"7,9",7
Habitación San Cayetano,4624401,NA,Valencia,1,1,€ 40,2019/10/31,2019/11/01,0,"7,5",7
Hotel Beleret,94652,NA,Valencia,1,1,€ 41,2019/10/31,2019/11/01,3,"7,6",7
Disfruta De Playa Y Ciudad,2470646,NA,Valencia,1,1,NA,2019/10/31,2019/11/01,0,"9,6",7
Hostal El Cid,309465,NA,Valencia,1,1,€ 42,2019/10/31,2019/11/01,2,"7,6",7
Voyagers Inn Homestay,2682156,NA,Valencia,1,1,€ 44,2019/10/31,2019/11/01,0,"7,8",7
Valero Vintage,3315727,NA,Valencia,1,1,€ 45,2019/10/31,2019/11/01,0,"7,9",7
Hospederia del Pilar,327766,NA,Valencia,1,1,€ 45,2019/10/31,2019/11/01,0,"7,9",7
Valencia Lounge Hostel,337203,NA,Valencia,1,1,€ 47,2019/10/31,2019/11/01,0,"7,7",7
Lindala,5250762,NA,Valencia,1,1,€ 59,2019/10/31,2019/11/01,0,"9,6",7
Piso en Playa de Valencia,5533098,NA,Valencia,1,1,€ 70,2019/10/31,2019/11/01,0,"9,5",7
Valencia Apartamentos Goya,4256653,NA,Valencia,1,1,NA,2019/10/31,2019/11/01,0,10,7
Habitacion en Valencia Barata,4861796,NA,Valencia,1,1,€ 45,2019/10/31,2019/11/01,0,"8,2",7
Opera House Valencia B&B,3533887,NA,Valencia,1,1,€ 86,2019/10/31,2019/11/01,0,"9,5",7
L'Esplai Valencia Bed & Breakfast,1282556,NA,Valencia,1,1,€ 93,2019/10/31,2019/11/01,0,"9,5",7
Pension MonaLisa Luxury Suites,3834224,NA,Valencia,1,1,€ 48,2019/10/31,2019/11/01,0,"8,2",7
APARTMENTS VALENCIA CENTER,5180014,NA,Valencia,1,1,NA,2019/10/31,2019/11/01,0,"9,5",7
Guesthouse Plaza de Toros,2985902,NA,Valencia,1,1,€ 33,2019/10/31,2019/11/01,0,"4,8",7
Hostal Abastos,257057,NA,Valencia,1,1,€ 48,2019/10/31,2019/11/01,2,"8,2",7
RoomTuristValencia Torres de Quart,4565643,NA,Valencia,1,1,€ 36,2019/10/31,2019/11/01,0,"4,6",7
Moderno apartamento Joaquín Sorolla,5211323,NA,Valencia,1,1,NA,2019/10/31,2019/11/01,0,"9,5",7
Happy Apartments Valencia,456043,NA,Valencia,1,1,€ 52,2019/10/31,2019/11/01,0,"8,2",7
Valencian Dreams,3268804,NA,Valencia,1,1,€ 97,2019/10/31,2019/11/01,0,"9,8",7
Eurostars Gran Valencia,90484,NA,Valencia,1,1,€ 53,2019/10/31,2019/11/01,4,"8,4",7
RoomTuristValencia RuzafaSumsi,4682802,NA,Valencia,1,1,€ 48,2019/10/31,2019/11/01,0,"4,6",7
Eurostars Rey Don Jaime,91520,NA,Valencia,1,1,€ 53,2019/10/31,2019/11/01,4,"8,2",7
Guest House Duc de Gaeta,2275007,NA,Valencia,1,1,€ 80,2019/10/31,2019/11/01,0,"4,9",7
Constitucion Guesthouse,2985942,NA,Valencia,1,1,€ 30,2019/10/31,2019/11/01,0,"3,7",7
Flats Piera Valencia Center,1490563,NA,Valencia,1,1,€ 105,2019/10/31,2019/11/01,0,"9,7",7
Happy Apartments Valencia – Lope de Vega,575582,NA,Valencia,1,1,€ 54,2019/10/31,2019/11/01,0,"8,1",7
Disfruta - Enjoy Valencia Ayuntamiento,4901194,NA,Valencia,1,1,€ 125,2019/10/31,2019/11/01,0,"9,6",7
Aparthotel Valencia Rental,17344,NA,Valencia,1,1,€ 56,2019/10/31,2019/11/01,0,8,7
City Valencia Beach 360,4504803,NA,Valencia,1,1,NA,2019/10/31,2019/11/01,0,"9,6",7
Duplex+Swimming pool+private entrance=Housen of LOVE,2999152,NA,Valencia,1,1,€ 125,2019/10/31,2019/11/01,0,"9,5",7
Masatepe Room Valencia,5687127,NA,Valencia,1,1,€ 26,2019/10/31,2019/11/01,0,,7
Hotel Villacarlos,90730,NA,Valencia,1,1,€ 58,2019/10/31,2019/11/01,3,8,7
Cómoda habitación Valencia,4200488,NA,Valencia,1,1,NA,2019/10/31,2019/11/01,0,"9,6",7
Dormavalencia Hostel Regne,291755,NA,Valencia,1,1,€ 59,2019/10/31,2019/11/01,1,8,7
Nanit Valencia Hostel,3913497,NA,Valencia,1,1,€ 59,2019/10/31,2019/11/01,0,"8,4",7
Barracart Apartments,2125836,NA,Valencia,1,1,€ 126,2019/10/31,2019/11/01,0,"9,6",7
Hotel Cosmo,4838858,NA,Valencia,1,1,€ 140,2019/10/31,2019/11/01,3,"9,9",7
Double Room in VALENCIA,5665653,NA,Valencia,1,1,€ 26,2019/10/31,2019/11/01,0,,7
Urban Youth Hostel,1163025,NA,Valencia,1,1,€ 60,2019/10/31,2019/11/01,0,"8,4",7
Rest room Evi,5710566,NA,Valencia,1,1,€ 26,2019/10/31,2019/11/01,0,,7
MD PASEO RUZAFA CENTER,5374850,NA,Valencia,1,1,NA,2019/10/31,2019/11/01,0,"9,6",7
Apartment Plaza Cisneros,1273377,NA,Valencia,1,1,€ 140,2019/10/31,2019/11/01,0,"9,7",7
chicrooms,5696677,NA,Valencia,1,1,€ 30,2019/10/31,2019/11/01,0,,7
Disfruta - Enjoy Valencia Centre,3881970,NA,Valencia,1,1,€ 149,2019/10/31,2019/11/01,0,"9,8",7
Suites by Eric Olsan (Peset),4726296,NA,Valencia,1,1,€ 89,2019/10/31,2019/11/01,0,"7,5",7
Helle & ruhige Zimmer nähe Strand,5698199,NA,Valencia,1,1,€ 32,2019/10/31,2019/11/01,0,,7
Apartment Sofi,2830696,NA,Valencia,1,1,€ 150,2019/10/31,2019/11/01,0,"9,8",7
Habitación muy cerca de la playa.,5395908,NA,Valencia,1,1,€ 40,2019/10/31,2019/11/01,0,,7
Valencia- habitacion,5366858,NA,Valencia,1,1,€ 45,2019/10/31,2019/11/01,0,,7
Suites by Eric Olsan (L),4287413,NA,Valencia,1,1,€ 89,2019/10/31,2019/11/01,0,"7,5",7
Hotel Miramar,23332,NA,Valencia,1,1,€ 61,2019/10/31,2019/11/01,2,"8,4",7
Habitación en casa particular con preciosa terraza,5559993,NA,Valencia,1,1,€ 46,2019/10/31,2019/11/01,0,,7
Apartamento con vistas a la Marina Real,3416302,NA,Valencia,1,1,NA,2019/10/31,2019/11/01,0,"9,7",7
Art of Dance Apartment Valencia,3732969,NA,Valencia,1,1,€ 95,2019/10/31,2019/11/01,0,"7,7",7
Apartments Downtown Valencia,2250421,NA,Valencia,1,1,€ 160,2019/10/31,2019/11/01,0,"9,6",7
Comoda habitacion,5695905,NA,Valencia,1,1,€ 48,2019/10/31,2019/11/01,0,,7
MerKat-Abastos,1231196,NA,Valencia,1,1,NA,2019/10/31,2019/11/01,0,"9,6",7
MARQUÉS HOUSE 4* SUP,2118880,NA,Valencia,1,1,€ 179,2019/10/31,2019/11/01,4,"9,4",7
Ca María,3776707,NA,Valencia,1,1,NA,2019/10/31,2019/11/01,0,"9,7",7
Hotel Alkazar,408511,NA,Valencia,1,1,€ 64,2019/10/31,2019/11/01,1,"8,1",7
Ramirez Flats & Bar,4124528,NA,Valencia,1,1,€ 185,2019/10/31,2019/11/01,0,"9,5",7
Moderno Apartamento En Centro Ciudad,2181356,NA,Valencia,1,1,NA,2019/10/31,2019/11/01,0,"9,5",7
Dormavalencia Hostel,249585,NA,Valencia,1,1,€ 65,2019/10/31,2019/11/01,1,"8,2",7
El 16 Ruzafa,865461,NA,Valencia,1,1,€ 99,2019/10/31,2019/11/01,0,"7,7",7
vosotros sereis parte de mi familia.,5299568,NA,Valencia,1,1,€ 50,2019/10/31,2019/11/01,0,,7
Tryp Valencia Feria,92852,NA,Valencia,1,1,€ 68,2019/10/31,2019/11/01,4,"8,4",7
Melia Valencia,290493,NA,Valencia,1,1,€ 98,2019/10/31,2019/11/01,4,"8,8",7
BY SAN - El Carmen,5593088,NA,Valencia,1,1,€ 55,2019/10/31,2019/11/01,0,,7
Hogar Dulce Hogar,5426607,NA,Valencia,1,1,€ 63,2019/10/31,2019/11/01,0,,7
Ilunion Valencia 4,754329,NA,Valencia,1,1,€ 68,2019/10/31,2019/11/01,4,"8,1",7
Piso cercano al centro ( 5 min BUS),5607299,NA,Valencia,1,1,€ 89,2019/10/31,2019/11/01,0,,7
Cantagua Hostel,4074640,NA,Valencia,1,1,€ 40,2019/10/31,2019/11/01,0,"9,1",7
Casual Civilizaciones Valencia,449777,NA,Valencia,1,1,€ 100,2019/10/31,2019/11/01,0,"7,9",7
YOU & CO. Saler Beach Boutique,4533007,NA,Valencia,1,1,€ 45,2019/10/31,2019/11/01,3,"8,9",7
Habitación privada a 1500 metros de la playa,3789910,NA,Valencia,1,1,€ 60,2019/10/31,2019/11/01,0,"9,3",7
Loft Turia Gran,5133726,NA,Valencia,1,1,€ 95,2019/10/31,2019/11/01,0,,7
United Colors of Apartments Boutique Style,5372347,NA,Valencia,1,1,€ 65,2019/10/31,2019/11/01,0,"9,4",7
El Palacete Gran Via,3483148,NA,Valencia,1,1,€ 98,2019/10/31,2019/11/01,0,"8,7",7
Atico Ruzafa,2508716,NA,Valencia,1,1,€ 106,2019/10/31,2019/11/01,0,"7,5",7
Hexagonal Design Apartment Valencia,4630643,NA,Valencia,1,1,NA,2019/10/31,2019/11/01,0,"9,6",7
Apartment Cisneros 2,2361375,NA,Valencia,1,1,NA,2019/10/31,2019/11/01,0,"9,7",7
EL ATICO,5680427,NA,Valencia,1,1,€ 107,2019/10/31,2019/11/01,0,,7
STYLISH APARTMENT - CITY CENTER,2861517,NA,Valencia,1,1,€ 120,2019/10/31,2019/11/01,0,"7,8",7
Comfort Homestay,5423155,NA,Valencia,1,1,€ 67,2019/10/31,2019/11/01,0,9,7
ApartUP Mestalla Home,3300511,NA,Valencia,1,1,NA,2019/10/31,2019/11/01,0,"9,5",7
Suit AVE (Valencia),5726860,NA,Valencia,1,1,€ 130,2019/10/31,2019/11/01,0,,7
Residencia Universitaria Damia Bonet,247451,NA,Valencia,1,1,€ 69,2019/10/31,2019/11/01,0,"8,3",7
Nest Style Valencia,5219046,NA,Valencia,1,1,€ 68,2019/10/31,2019/11/01,3,"9,3",7
ACOGEDOR - CON TERRAZA - EN EL PLENO CENTRO,5715086,NA,Valencia,1,1,€ 160,2019/10/31,2019/11/01,0,,7
Bianca,4232781,NA,Valencia,1,1,€ 74,2019/10/31,2019/11/01,0,"8,9",7
Ad Hoc Carmen,1173270,NA,Valencia,1,1,€ 99,2019/10/31,2019/11/01,2,"8,9",7
Center Valencia Youth Hostel,246931,NA,Valencia,1,1,€ 70,2019/10/31,2019/11/01,0,8,7
The White Apartment: Luxury- Beach and Design,5631365,NA,Valencia,1,1,€ 167,2019/10/31,2019/11/01,0,,7
Melia Plaza Valencia,13270,NA,Valencia,1,1,€ 99,2019/10/31,2019/11/01,4,"8,9",7
Apartment Passeig de la Petxina,5695771,NA,Valencia,1,1,€ 195,2019/10/31,2019/11/01,0,,7
Apartment Vicent,1674495,NA,Valencia,1,1,€ 70,2019/10/31,2019/11/01,0,"8,3",7
Disfruta - Enjoy Valencia Oceanografic,4121345,NA,Valencia,1,1,NA,2019/10/31,2019/11/01,0,"9,6",7
Flatsforyou Sorolla House,403442,NA,Valencia,1,1,€ 99,2019/10/31,2019/11/01,0,"8,6",7
Maison Reina B&B,5004812,NA,Valencia,1,1,€ 75,2019/10/31,2019/11/01,0,"9,2",7
"Flat ""Ca Alexandre""",3687859,NA,Valencia,1,1,€ 200,2019/10/31,2019/11/01,0,,7
Purple Nest Hostel,25278,NA,Valencia,1,1,€ 70,2019/10/31,2019/11/01,0,"8,2",7
Hotel Medium Valencia,96838,NA,Valencia,1,1,€ 72,2019/10/31,2019/11/01,4,"8,2",7
Flatsforyou Turia,312207,NA,Valencia,1,1,€ 100,2019/10/31,2019/11/01,0,"8,8",7
Peset Silence,3698967,NA,Valencia,1,1,€ 300,2019/10/31,2019/11/01,0,"7,5",7
Live in Chianti,2227491,NA,Valencia,1,1,€ 75,2019/10/31,2019/11/01,0,"9,1",7
MAR Y SOL,4652261,NA,Valencia,1,1,NA,2019/10/31,2019/11/01,0,"9,5",7
MD Art Apartment Ruzafa,2550955,NA,Valencia,1,1,€ 311,2019/10/31,2019/11/01,0,"7,5",7
Flatsforyou Marina,1793012,NA,Valencia,1,1,€ 100,2019/10/31,2019/11/01,0,"8,6",7
NH Valencia Las Ciencias,90725,NA,Valencia,1,1,€ 74,2019/10/31,2019/11/01,3,8,7
MODERNO Y ACOGEDOR FRENTE A RUZAFA Y CERCA DEL CENTRO,4490444,NA,Valencia,1,1,€ 100,2019/10/31,2019/11/01,0,"8,8",7
Reina 12,1684198,NA,Valencia,1,1,€ 74,2019/10/31,2019/11/01,0,"8,3",7
Musico Peydro Apartments,3765069,NA,Valencia,1,1,€ 341,2019/10/31,2019/11/01,0,"7,9",7
Ayuntamiento Panoramic,3089239,NA,Valencia,1,1,NA,2019/10/31,2019/11/01,0,"9,5",7
City Suites Apartments,3091106,NA,Valencia,1,1,€ 74,2019/10/31,2019/11/01,0,"8,3",7
MD Abastos Center,2551194,NA,Valencia,1,1,€ 341,2019/10/31,2019/11/01,0,"7,6",7
Apartments Madrina,3278589,NA,Valencia,1,1,€ 101,2019/10/31,2019/11/01,0,"8,9",7
Rooms Jardin Botanico,5423036,NA,Valencia,1,1,€ 35,2019/10/31,2019/11/01,0,7,7
Flatsforyou Mercat,1367507,NA,Valencia,1,1,€ 105,2019/10/31,2019/11/01,3,"8,9",7
Habitación cerca del centro,2789581,NA,Valencia,1,1,€ 37,2019/10/31,2019/11/01,0,"7,4",7
Habitacion Apartamento soleado Plaza Escultor Frechina,4865043,NA,Valencia,1,1,€ 40,2019/10/31,2019/11/01,0,"7,4",7
Friendly Rentals Ravel I,1634234,NA,Valencia,1,1,€ 105,2019/10/31,2019/11/01,0,"8,8",7
Cool Central Market,3424724,NA,Valencia,1,1,NA,2019/10/31,2019/11/01,0,"9,8",7
UNIK. Apartments Valencia,2241282,NA,Valencia,1,1,€ 106,2019/10/31,2019/11/01,0,"8,5",7
Habitaciones con Encanto,5629632,NA,Valencia,1,1,€ 40,2019/10/31,2019/11/01,0,"7,4",7
Ad Hoc Monumental,90719,NA,Valencia,1,1,€ 107,2019/10/31,2019/11/01,3,"8,6",7
Hostal Residencial RR,450746,NA,Valencia,1,1,€ 40,2019/10/31,2019/11/01,0,7,7
Zenit Valencia,92327,NA,Valencia,1,1,€ 108,2019/10/31,2019/11/01,4,"8,8",7
Apartamento Bolseria 28,881275,NA,Valencia,1,1,NA,2019/10/31,2019/11/01,0,"9,5",7
Soho Valencia,1538641,NA,Valencia,1,1,€ 109,2019/10/31,2019/11/01,0,"8,9",7
HOSPEDAJE PESET,4718074,NA,Valencia,1,1,€ 40,2019/10/31,2019/11/01,0,"7,4",7
Habitación con cama doble,4794909,NA,Valencia,1,1,€ 41,2019/10/31,2019/11/01,0,"7,1",7
Apartamentos Valencia - Brazil 31 Free WiFi,4948554,NA,Valencia,1,1,€ 109,2019/10/31,2019/11/01,0,"8,8",7
Geography and Arts.,3569110,NA,Valencia,1,1,€ 54,2019/10/31,2019/11/01,0,"7,1",7
Hotel Dimar,90886,NA,Valencia,1,1,€ 110,2019/10/31,2019/11/01,4,"8,7",7
Malvarrosa Beach Rooms,314048,NA,Valencia,1,1,€ 55,2019/10/31,2019/11/01,2,7,7
Casa Chenano,4262208,NA,Valencia,1,1,NA,2019/10/31,2019/11/01,0,"9,5",7
City of Arts,3031480,NA,Valencia,1,1,€ 110,2019/10/31,2019/11/01,0,"8,7",7
Hostal la Barraca,350013,NA,Valencia,1,1,€ 55,2019/10/31,2019/11/01,0,"7,2",7
Friendly Rentals Nyman,3245521,NA,Valencia,1,1,€ 110,2019/10/31,2019/11/01,0,"8,9",7
AC Hotel Valencia,91063,NA,Valencia,1,1,€ 113,2019/10/31,2019/11/01,4,"8,5",7
La Flamenca,818359,NA,Valencia,1,1,€ 55,2019/10/31,2019/11/01,0,"7,2",7
NWT Central Station Valencia,1647017,NA,Valencia,1,1,€ 59,2019/10/31,2019/11/01,0,"7,1",7
Stay at Valencia Downtown,1840715,NA,Valencia,1,1,NA,2019/10/31,2019/11/01,0,"9,6",7
Cosy Rooms Embajador,369728,NA,Valencia,1,1,€ 65,2019/10/31,2019/11/01,2,"7,4",7
Ilunion Aqua 4,92777,NA,Valencia,1,1,€ 114,2019/10/31,2019/11/01,4,"8,6",7
Almiserat,3054886,NA,Valencia,1,1,€ 70,2019/10/31,2019/11/01,0,"7,1",7
Valenciaflats Centro Histórico,94781,NA,Valencia,1,1,€ 115,2019/10/31,2019/11/01,0,"8,7",7
Zerka Sendra,4657122,NA,Valencia,1,1,€ 119,2019/10/31,2019/11/01,0,"8,9",7
Apartamento Fos,2149438,NA,Valencia,1,1,€ 119,2019/10/31,2019/11/01,0,"8,8",7
Petit Palace Ruzafa,90792,NA,Valencia,1,1,€ 119,2019/10/31,2019/11/01,3,"8,7",7
