name,propertyId,propertyType,city,rooms,days,price,checkIn,checkOut,stars,score,advance
Dormavalencia Hostel,249585,NA,Valencia,1,1,€ 80,2019/10/09,2019/10/10,1,"8,2",7
Ático cerca del mar,4040503,Apartamento,Valencia,1,1,€ 80,2019/10/09,2019/10/10,0,"8,4",7
VALENCIA APARTAMENTO GOYA GRAN TERRAZA,4660558,Apartamento,Valencia,1,1,NA,2019/10/09,2019/10/10,0,"9,6",7
Hotel Medium Valencia,96838,NA,Valencia,1,1,€ 81,2019/10/09,2019/10/10,4,"8,2",7
Purple Nest Hostel,25278,NA,Valencia,1,1,€ 82,2019/10/09,2019/10/10,0,"8,2",7
Ilunion Aqua 3,92776,NA,Valencia,1,1,€ 85,2019/10/09,2019/10/10,3,"8,3",7
Hostal Penalty,189209,NA,Valencia,1,1,€ 85,2019/10/09,2019/10/10,1,8,7
Holiday Inn Express Ciudad de las Ciencias,96737,NA,Valencia,1,1,€ 86,2019/10/09,2019/10/10,3,8,7
SHF Flats Baron,1033085,Apartamentos,Valencia,1,1,€ 87,2019/10/09,2019/10/10,0,8,7
Duplex+Swimming pool+private entrance=Housen of LOVE,2999152,Apartamento,Valencia,1,1,NA,2019/10/09,2019/10/10,0,"9,6",7
NH Ciudad de Valencia,90729,NA,Valencia,1,1,€ 87,2019/10/09,2019/10/10,3,"8,1",7
Valenciaflats Torres de Serrano,17468,Apartamentos,Valencia,1,1,€ 89,2019/10/09,2019/10/10,0,"8,3",7
AC Hotel Valencia,91063,NA,Valencia,1,1,€ 140,2019/10/09,2019/10/10,4,"8,5",7
Vincci Palace,94163,NA,Valencia,1,1,€ 143,2019/10/09,2019/10/10,4,"8,7",7
Carmen Apartment,3308265,Apartamento,Valencia,1,1,NA,2019/10/09,2019/10/10,0,"9,6",7
Melia Valencia,290493,NA,Valencia,1,1,€ 144,2019/10/09,2019/10/10,4,"8,8",7
Zenit Valencia,92327,NA,Valencia,1,1,€ 148,2019/10/09,2019/10/10,4,"8,8",7
AC Hotel Colon Valencia,1117150,NA,Valencia,1,1,€ 151,2019/10/09,2019/10/10,4,"8,7",7
Petit Palace Plaza de la Reina,90443,NA,Valencia,1,1,€ 159,2019/10/09,2019/10/10,3,"8,7",7
MIhotelitoespecial,3573906,Apartamento,Valencia,1,1,€ 160,2019/10/09,2019/10/10,0,"8,5",7
Select Home Mercado de Colón,2960845,Apartamentos,Valencia,1,1,€ 170,2019/10/09,2019/10/10,0,"8,9",7
Cool Central Market,3424724,Apartamento,Valencia,1,1,NA,2019/10/09,2019/10/10,0,"9,9",7
Canela`s Vintage Ruzafa Centro,4652584,Apartamento,Valencia,1,1,€ 170,2019/10/09,2019/10/10,0,"8,5",7
SH Valencia Palace,91497,NA,Valencia,1,1,€ 180,2019/10/09,2019/10/10,5,"8,5",7
Puerta de Serranos,2734333,Apartamentos,Valencia,1,1,€ 185,2019/10/09,2019/10/10,0,"8,8",7
The Westin Valencia,93321,NA,Valencia,1,1,€ 193,2019/10/09,2019/10/10,5,"8,7",7
Catalonia Excelsior,90578,NA,Valencia,1,1,€ 210,2019/10/09,2019/10/10,3,"8,7",7
Hospes Palau de La Mar,93823,NA,Valencia,1,1,€ 212,2019/10/09,2019/10/10,5,"8,8",7
Casa Chenano,4262208,Apartamento,Valencia,1,1,NA,2019/10/09,2019/10/10,0,"9,5",7
Melia Plaza Valencia,13270,NA,Valencia,1,1,€ 220,2019/10/09,2019/10/10,4,"8,9",7
Vincci Lys,91183,NA,Valencia,1,1,€ 242,2019/10/09,2019/10/10,4,"8,9",7
SingularStays Parque Central,3054000,Apartamentos,Valencia,1,1,€ 254,2019/10/09,2019/10/10,0,"8,8",7
Select Home Alma Palace,1381946,Apartamento,Valencia,1,1,€ 265,2019/10/09,2019/10/10,0,"8,8",7
Hotel Valencia Center,91285,NA,Valencia,1,1,€ 89,2019/10/09,2019/10/10,4,"8,4",7
Flatsforyou Las Arcadias,473415,Apartamentos,Valencia,1,1,€ 90,2019/10/09,2019/10/10,0,"8,4",7
Casual de las Artes Valencia,538056,NA,Valencia,1,1,€ 90,2019/10/09,2019/10/10,3,"8,4",7
Red Nest Hostel,92283,NA,Valencia,1,1,€ 91,2019/10/09,2019/10/10,0,"8,2",7
United Colors of Apartments Boutique Style,5372347,Apartamentos,Valencia,1,1,NA,2019/10/09,2019/10/10,0,"9,5",7
Habitación en valencia centro,5418023,NA,Valencia,1,1,€ 29,2019/10/09,2019/10/10,0,"8,4",7
Urban Youth Hostel,1163025,NA,Valencia,1,1,€ 35,2019/10/09,2019/10/10,0,"8,4",7
Flat El Porto - Valencia,3146159,Apartamento,Valencia,1,1,NA,2019/10/09,2019/10/10,0,"9,6",7
Habitacion en Valencia,4861732,NA,Valencia,1,1,€ 45,2019/10/09,2019/10/10,0,"8,2",7
Habitacion en Valencia Barata,4861796,NA,Valencia,1,1,€ 45,2019/10/09,2019/10/10,0,"8,1",7
Pension MonaLisa Luxury Suites,3834224,NA,Valencia,1,1,€ 48,2019/10/09,2019/10/10,0,"8,2",7
Nanit Valencia Hostel,3913497,NA,Valencia,1,1,€ 49,2019/10/09,2019/10/10,0,"8,3",7
Apartamentos Rusafa,5604325,NA,Valencia,1,1,€ 50,2019/10/09,2019/10/10,0,"8,2",7
NH Valencia Las Artes,90731,NA,Valencia,1,1,€ 95,2019/10/09,2019/10/10,4,"8,4",7
Hotel Miramar,23332,NA,Valencia,1,1,€ 99,2019/10/09,2019/10/10,2,"8,4",7
NWT Central Station Apartments,3964093,Apartamento,Valencia,1,1,€ 99,2019/10/09,2019/10/10,0,"8,2",7
Apartment near City of Arts 2,3033254,Apartamentos,Valencia,1,1,€ 100,2019/10/09,2019/10/10,0,"8,3",7
Sweet Hotel Continental,93856,NA,Valencia,1,1,€ 104,2019/10/09,2019/10/10,2,"8,3",7
NH Valencia Center,90727,NA,Valencia,1,1,€ 104,2019/10/09,2019/10/10,4,"8,3",7
Apartamento Frederick “Centrico y con Clase”,4236394,Apartamento,Valencia,1,1,NA,2019/10/09,2019/10/10,0,"9,6",7
Habitaciones con encanto,5629632,NA,Valencia,1,1,€ 50,2019/10/09,2019/10/10,0,,7
vosotros sereis parte de mi familia.,5299568,NA,Valencia,1,1,€ 50,2019/10/09,2019/10/10,0,,7
Apartamento en la Ciudad de las Artes y las Ciencias,3552283,Apartamento,Valencia,1,1,NA,2019/10/09,2019/10/10,0,"9,4",7
Florista's Room en Valencia,5502152,NA,Valencia,1,1,€ 56,2019/10/09,2019/10/10,0,,7
Lindala,5250762,NA,Valencia,1,1,€ 59,2019/10/09,2019/10/10,0,,7
Hogar Dulce Hogar,5426607,NA,Valencia,1,1,€ 60,2019/10/09,2019/10/10,0,,7
Apartamentos Navío,5647176,Apartamento,Valencia,1,1,€ 60,2019/10/09,2019/10/10,0,,7
Casa con terraza en valencia capital,5589846,Apartamento,Valencia,1,1,€ 74,2019/10/09,2019/10/10,0,,7
Loft Turia Gran,5133726,Apartamento,Valencia,1,1,€ 80,2019/10/09,2019/10/10,0,,7
Piso como en tu casa 2,3834617,Apartamentos,Valencia,1,1,NA,2019/10/09,2019/10/10,0,"9,2",7
Friendly Rentals ABC,3656596,Apartamento,Valencia,1,1,€ 110,2019/10/09,2019/10/10,0,"8,2",7
Friendly Rentals Pergolesi,1634240,Apartamentos,Valencia,1,1,€ 110,2019/10/09,2019/10/10,0,"8,4",7
Friendly Rentals Puerto Deportivo,2317861,Apartamentos,Valencia,1,1,€ 110,2019/10/09,2019/10/10,0,"8,2",7
Primus Valencia,331871,NA,Valencia,1,1,€ 114,2019/10/09,2019/10/10,4,"8,3",7
Apartamentos Sollana 18 Cerca de les Arts i les Ciencies Valencia- FREE WI-FI,5232423,Apartamento,Valencia,1,1,€ 114,2019/10/09,2019/10/10,0,"8,2",7
Casa Adosada Quintero,5481770,Casa o chalet,Valencia,1,1,€ 88,2019/10/09,2019/10/10,0,,7
Cabanyal-3 Bed- Beach-City Penthouse-Terrace-WI-FI,5274200,Apartamento,Valencia,1,1,€ 111,2019/10/09,2019/10/10,0,,7
Apartamentos Artesa 22 Valencia,5546723,Apartamento,Valencia,1,1,€ 112,2019/10/09,2019/10/10,0,,7
Kirei Apartment Dublin,4639542,Apartamento,Valencia,1,1,€ 115,2019/10/09,2019/10/10,0,,7
Apartamento en calle Beneficencia,4831426,Apartamento,Valencia,1,1,€ 120,2019/10/09,2019/10/10,0,,7
The White Apartment: Luxury- Beach and Design,5631365,Apartamento,Valencia,1,1,€ 167,2019/10/09,2019/10/10,0,,7
Valencia City Center New Apartments,1042326,Apartamentos,Valencia,1,1,NA,2019/10/09,2019/10/10,0,9,7
Balandra Flat,2032624,Apartamento,Valencia,1,1,€ 79,2019/10/09,2019/10/10,0,"8,6",7
Apartamento Jesus De Medinaceli,1728697,Apartamentos,Valencia,1,1,€ 80,2019/10/09,2019/10/10,0,"8,6",7
City Valencia Beach 360,4504803,Apartamento,Valencia,1,1,NA,2019/10/09,2019/10/10,0,"9,6",7
Apartamentos Plaza Picasso,97063,Apartamentos,Valencia,1,1,€ 84,2019/10/09,2019/10/10,0,"8,5",7
Hostal Antigua Morellana,1273937,NA,Valencia,1,1,€ 80,2019/10/09,2019/10/10,1,"9,5",7
Apartments Downtown Valencia,2250421,Apartamentos,Valencia,1,1,€ 95,2019/10/09,2019/10/10,0,"9,6",7
Apartment Carrer Ernesto Che Guevara,5598848,Apartamentos,Valencia,1,1,€ 211,2019/10/09,2019/10/10,0,,7
"Flat ""Ca Alexandre""",3687859,Apartamento,Valencia,1,1,€ 240,2019/10/09,2019/10/10,0,,7
Apartment Carrer de Don Juan de Austria,5464038,Apartamentos,Valencia,1,1,€ 275,2019/10/09,2019/10/10,0,,7
Governor Residence,3799760,Apartahotel,Valencia,1,1,€ 600,2019/10/09,2019/10/10,0,,7
Apartamento con terraza,5238122,Apartahotel,Valencia,1,1,€ 770,2019/10/09,2019/10/10,0,,7
Petit Palomar,2187491,Apartamentos,Valencia,1,1,€ 85,2019/10/09,2019/10/10,0,"8,9",7
Valenciaflats Centro Histórico,94781,Apartamentos,Valencia,1,1,€ 85,2019/10/09,2019/10/10,0,"8,7",7
Luz de Valencia,2076095,Apartamentos,Valencia,1,1,€ 85,2019/10/09,2019/10/10,0,"8,8",7
Gulet Why Not,5199364,NA,Valencia,1,1,€ 3.000,2019/10/09,2019/10/10,0,,7
MerKat-Abastos,1231196,Apartamento,Valencia,1,1,NA,2019/10/09,2019/10/10,0,"9,7",7
Opera House Valencia B&B,3533887,NA,Valencia,1,1,€ 99,2019/10/09,2019/10/10,0,"9,5",7
Casa La Buhardilla,2985364,Apartamento,Valencia,1,1,€ 115,2019/10/09,2019/10/10,0,"9,6",7
Apartamentos Turia,355328,Apartamentos,Valencia,1,1,€ 86,2019/10/09,2019/10/10,0,"8,6",7
El Palacete Gran Via,3483148,NA,Valencia,1,1,€ 86,2019/10/09,2019/10/10,0,"8,8",7
Luxury Beach House,3602594,Casa o chalet,Valencia,1,1,NA,2019/10/09,2019/10/10,0,"9,7",7
Citizentral Gascons,332095,Apartamentos,Valencia,1,1,€ 87,2019/10/09,2019/10/10,0,"8,8",7
Ramirez Flats & Bar,4124528,Apartahotel,Valencia,1,1,€ 120,2019/10/09,2019/10/10,0,"9,5",7
Barracart Apartments,2125836,Apartamentos,Valencia,1,1,€ 121,2019/10/09,2019/10/10,0,"9,6",7
Disfruta - Enjoy Valencia Ayuntamiento,4901194,Apartamento,Valencia,1,1,€ 169,2019/10/09,2019/10/10,0,"9,6",7
Disfruta - Enjoy Valencia Centre,3881970,Apartamento,Valencia,1,1,€ 175,2019/10/09,2019/10/10,0,"9,8",7
Casa Vich,4457634,Apartamento,Valencia,1,1,NA,2019/10/09,2019/10/10,0,"9,6",7
Disfruta - Enjoy Valencia Oceanografic,4121345,Apartamento,Valencia,1,1,€ 199,2019/10/09,2019/10/10,0,"9,6",7
APARTAMENTO LAS MELLIZAS,4651578,NA,Valencia,1,1,€ 44,2019/10/09,2019/10/10,0,"8,5",7
Casual del Cine Valencia,572187,NA,Valencia,1,1,€ 88,2019/10/09,2019/10/10,2,"8,6",7
Sercotel Sorolla Palace,93646,NA,Valencia,1,1,€ 89,2019/10/09,2019/10/10,4,"8,6",7
Living Valencia - Patacona Beach 56,3718985,Apartamentos,Valencia,1,1,€ 90,2019/10/09,2019/10/10,0,"8,8",7
Casa Calle Conquista,4691493,Apartamento,Valencia,1,1,€ 240,2019/10/09,2019/10/10,0,"9,6",7
MARQUÉS HOUSE 4* SUP,2118880,NA,Valencia,1,1,€ 259,2019/10/09,2019/10/10,4,"9,5",7
Cantagua Hostel,4074640,NA,Valencia,1,1,€ 42,2019/10/09,2019/10/10,0,"9,1",7
Boutique Creative Rooms,2334726,NA,Valencia,1,1,€ 90,2019/10/09,2019/10/10,0,"8,7",7
Travel Habitat Ático Ciutat Vella.,3264750,Apartamento,Valencia,1,1,NA,2019/10/09,2019/10/10,0,"9,5",7
Barceló Valencia,91988,NA,Valencia,1,1,€ 90,2019/10/09,2019/10/10,4,"8,7",7
B&B Hi Valencia Boutique,1301725,NA,Valencia,1,1,€ 91,2019/10/09,2019/10/10,0,"8,7",7
YOU & CO. Saler Beach Boutique,4533007,NA,Valencia,1,1,€ 43,2019/10/09,2019/10/10,3,9,7
Habitación privada a 1500 metros de la playa,3789910,NA,Valencia,1,1,€ 60,2019/10/09,2019/10/10,0,"9,3",7
Bruno Apartment,2715023,Apartamento,Valencia,1,1,NA,2019/10/09,2019/10/10,0,"9,7",7
Bianca,4232781,Apartamento,Valencia,1,1,€ 74,2019/10/09,2019/10/10,0,9,7
Plaza Sainetero Arniches,3984774,Apartamento,Valencia,1,1,€ 92,2019/10/09,2019/10/10,0,"8,5",7
Suites by Eric Olsan (Florista),4726450,Apartamentos,Valencia,1,1,€ 93,2019/10/09,2019/10/10,0,"8,6",7
Welcomer Apartments Valencia,19363,Apartamentos,Valencia,1,1,€ 94,2019/10/09,2019/10/10,0,"8,7",7
Soho Valencia,1538641,Apartahotel,Valencia,1,1,€ 94,2019/10/09,2019/10/10,0,"8,9",7
Ciudad Ciencias- Lujo- Parking- Wi-Fi.,4999636,Apartamento,Valencia,1,1,NA,2019/10/09,2019/10/10,0,"9,8",7
València Centre Torres de Quart,886289,Apartamentos,Valencia,1,1,€ 94,2019/10/09,2019/10/10,0,"8,9",7
Hostal la Barraca,350013,NA,Valencia,1,1,€ 60,2019/10/09,2019/10/10,0,"7,2",7
Homestay & OLEE,4132920,NA,Valencia,1,1,€ 66,2019/10/09,2019/10/10,0,"7,4",7
APARTAMENTO CENTRICO. WI-FI. PARKING,2967593,Apartamento,Valencia,1,1,NA,2019/10/09,2019/10/10,0,"9,1",7
Central Station Valencia Hostel,1647017,NA,Valencia,1,1,€ 69,2019/10/09,2019/10/10,0,"7,1",7
Mi casa es vuestra casa,4967097,NA,Valencia,1,1,€ 70,2019/10/09,2019/10/10,0,"7,1",7
Rooms Ciencias,94126,NA,Valencia,1,1,€ 75,2019/10/09,2019/10/10,0,9,7
City Garden Bed and Breakfast,2204361,NA,Valencia,1,1,€ 76,2019/10/09,2019/10/10,0,"9,4",7
Maison Reina B&B,5004812,NA,Valencia,1,1,€ 80,2019/10/09,2019/10/10,0,"9,2",7
Habitación San Cayetano,4624401,NA,Valencia,1,1,€ 50,2019/10/09,2019/10/10,0,"7,6",7
Cosy Rooms Bolsería,371606,NA,Valencia,1,1,€ 74,2019/10/09,2019/10/10,2,"7,4",7
Centro Valencia Calle Cerrajeros,3476261,NA,Valencia,1,1,€ 75,2019/10/09,2019/10/10,0,"7,1",7
Malvarrosa Beach Rooms,314048,NA,Valencia,1,1,€ 75,2019/10/09,2019/10/10,2,7,7
Habitación cerca del centro,2789581,NA,Valencia,1,1,€ 52,2019/10/09,2019/10/10,0,"7,5",7
Flatsforyou Carmen,593824,Apartamentos,Valencia,1,1,NA,2019/10/09,2019/10/10,0,"9,1",7
Valencia Lounge Hostel,337203,NA,Valencia,1,1,€ 53,2019/10/09,2019/10/10,0,"7,7",7
Hospederia del Pilar,327766,NA,Valencia,1,1,€ 54,2019/10/09,2019/10/10,0,"7,9",7
Hostal Venecia,92883,NA,Valencia,1,1,€ 84,2019/10/09,2019/10/10,2,"9,1",7
Host & Home,1663785,NA,Valencia,1,1,€ 84,2019/10/09,2019/10/10,0,9,7
Musico Art Flat,2925957,Apartamento,Valencia,1,1,NA,2019/10/09,2019/10/10,0,"9,7",7
Biopark View Apartment,2381901,Apartamento,Valencia,1,1,€ 84,2019/10/09,2019/10/10,0,9,7
Apartamentos Edificio Palomar,189277,Apartamentos,Valencia,1,1,€ 85,2019/10/09,2019/10/10,0,"9,2",7
Perla Apartments,3146781,Apartamentos,Valencia,1,1,€ 95,2019/10/09,2019/10/10,0,"8,7",7
ValentiaApartments - MercadoCentral,4185241,Apartamentos,Valencia,1,1,€ 95,2019/10/09,2019/10/10,0,"8,8",7
BUBUFLATS Mossén,1141763,Apartamentos,Valencia,1,1,€ 95,2019/10/09,2019/10/10,0,"8,9",7
Casa del Patriarca,364834,NA,Valencia,1,1,€ 95,2019/10/09,2019/10/10,0,"8,9",7
Valencia Apartmans El Carmen,847910,Apartamentos,Valencia,1,1,€ 83,2019/10/09,2019/10/10,0,"7,4",7
Apartamento Calle Lorca,2111733,Apartamento,Valencia,1,1,NA,2019/10/09,2019/10/10,0,"9,4",7
Cosy Rooms Embajador,369728,NA,Valencia,1,1,€ 84,2019/10/09,2019/10/10,2,"7,4",7
Avenida Cid,3633322,Apartamento,Valencia,1,1,€ 87,2019/10/09,2019/10/10,0,"7,3",7
Premium Apartments,486507,Apartamentos,Valencia,1,1,€ 89,2019/10/09,2019/10/10,0,7,7
Jardín Botánico Hotel Boutique,93369,NA,Valencia,1,1,€ 85,2019/10/09,2019/10/10,3,9,7
Original Domino House,5434091,NA,Valencia,1,1,€ 87,2019/10/09,2019/10/10,0,"9,2",7
RUZAFA. Nice apartment and Terrace.,4368595,Apartamento,Valencia,1,1,€ 90,2019/10/09,2019/10/10,0,"9,3",7
Habitacion por dias Centro Valencia,3977106,NA,Valencia,1,1,€ 54,2019/10/09,2019/10/10,0,"7,8",7
Como en casa,4802186,NA,Valencia,1,1,€ 54,2019/10/09,2019/10/10,0,"7,9",7
Rooms Valencia Center,5507857,NA,Valencia,1,1,€ 59,2019/10/09,2019/10/10,0,"7,6",7
NWT Monserrat,3728842,Apartamentos,Valencia,1,1,€ 92,2019/10/09,2019/10/10,0,7,7
La Casa dei Fiori,2849727,Apartamento,Valencia,1,1,€ 97,2019/10/09,2019/10/10,0,"7,2",7
Spain Host Valencia Centro- San Vicente II,2567628,Apartamento,Valencia,1,1,€ 97,2019/10/09,2019/10/10,0,"7,4",7
COZY APARTMENT VALENCIA BEACHFRONT!,3128516,Apartamento,Valencia,1,1,NA,2019/10/09,2019/10/10,0,"9,4",7
Accommodation Beach Apartments,1001766,Apartamentos,Valencia,1,1,€ 120,2019/10/09,2019/10/10,0,"7,2",7
Select Home Catedral,440778,Apartamentos,Valencia,1,1,€ 150,2019/10/09,2019/10/10,0,"7,1",7
Select Home Mercado Central,440757,Apartamentos,Valencia,1,1,€ 165,2019/10/09,2019/10/10,0,7,7
Select Home Town Hall,1648016,Apartamentos,Valencia,1,1,€ 170,2019/10/09,2019/10/10,0,"7,4",7
Best Valencia Beach Flat,3246772,Apartamento,Valencia,1,1,€ 192,2019/10/09,2019/10/10,0,"7,1",7
MD Villalonga Malvarosa Beach,3739661,Apartamento,Valencia,1,1,€ 490,2019/10/09,2019/10/10,0,"7,1",7
Mediterranean Flats Plaza Redonda,4086496,Apartamentos,Valencia,1,1,NA,2019/10/09,2019/10/10,0,"9,2",7
Guest House Lebon,3124256,NA,Valencia,1,1,€ 29,2019/10/09,2019/10/10,0,"6,8",7
Ruzafa Rooms,2891693,NA,Valencia,1,1,€ 50,2019/10/09,2019/10/10,0,"6,9",7
Casita Esmeralda,2040126,Casa o chalet,Valencia,1,1,€ 114,2019/10/09,2019/10/10,0,"6,5",7
Select Home Boutique Center,387770,Apartamentos,Valencia,1,1,€ 230,2019/10/09,2019/10/10,0,"6,9",7
Ilunion Valencia 3,92818,NA,Valencia,1,1,€ 61,2019/10/09,2019/10/10,3,"7,9",7
Apartamento Valencia Center,410101,Apartamentos,Valencia,1,1,NA,2019/10/09,2019/10/10,0,"9,4",7
B&B Hotel Valencia Ciudad de las Ciencias,92242,NA,Valencia,1,1,€ 62,2019/10/09,2019/10/10,3,"7,5",7
OYO Pensión El Rincón,476031,NA,Valencia,1,1,€ 62,2019/10/09,2019/10/10,1,"7,6",7
Fun and Sun Center 2,2944416,NA,Valencia,1,1,€ 36,2019/10/09,2019/10/10,0,"6,1",7
Hotel Turia,14441,NA,Valencia,1,1,€ 65,2019/10/09,2019/10/10,4,"7,5",7
Jero Rooms,296743,NA,Valencia,1,1,€ 66,2019/10/09,2019/10/10,0,"7,7",7
City Center Apartments,4426057,Apartamentos,Valencia,1,1,€ 68,2019/10/09,2019/10/10,0,"7,8",7
Rio Turia B&B,5531073,NA,Valencia,1,1,€ 68,2019/10/09,2019/10/10,0,"7,6",7
Apartamento Rosaleda,3014201,Apartamento,Valencia,1,1,NA,2019/10/09,2019/10/10,0,9,7
United Colors of Studios - Mercado Central,2574108,Apartamentos,Valencia,1,1,€ 69,2019/10/09,2019/10/10,0,"7,8",7
Expo Hotel Valencia,91223,NA,Valencia,1,1,€ 72,2019/10/09,2019/10/10,3,"7,6",7
Apartamento Angel Alcazar 35,2174625,Apartamento,Valencia,1,1,€ 75,2019/10/09,2019/10/10,0,"7,5",7
Cosy Rooms Tapinería,371192,NA,Valencia,1,1,€ 78,2019/10/09,2019/10/10,2,"7,5",7
Torres Quart,3702234,Apartamentos,Valencia,1,1,€ 83,2019/10/09,2019/10/10,0,"7,5",7
Plaza Sainetero 5,3148458,Apartamento,Valencia,1,1,€ 83,2019/10/09,2019/10/10,0,"7,7",7
Splendid house in Valencia,3091182,Apartamentos,Valencia,1,1,NA,2019/10/09,2019/10/10,0,"9,3",7
El 16 Ruzafa,865461,Apartamentos,Valencia,1,1,€ 84,2019/10/09,2019/10/10,0,"7,7",7
SHF Plaza de la Reina,1682520,Apartamentos,Valencia,1,1,€ 84,2019/10/09,2019/10/10,0,"7,8",7
El Globo,24498,NA,Valencia,1,1,€ 86,2019/10/09,2019/10/10,1,"7,8",7
Checkin Valencia,93743,NA,Valencia,1,1,€ 89,2019/10/09,2019/10/10,4,"7,8",7
Art of Dance Apartment Valencia,3732969,Apartamento,Valencia,1,1,€ 90,2019/10/09,2019/10/10,0,"7,7",7
HQ Rooms Apartments San Vicente,2894429,Apartamentos,Valencia,1,1,€ 126,2019/10/09,2019/10/10,0,"9,2",7
CheValenciaFlats,2064099,Apartamentos,Valencia,1,1,€ 126,2019/10/09,2019/10/10,0,9,7
APARTAMENTO DE DISEÑO EN PLAZA MANISES,2823390,Apartamento,Valencia,1,1,NA,2019/10/09,2019/10/10,0,"9,7",7
Live in Chianti Apartaments,2882632,Apartamentos,Valencia,1,1,€ 128,2019/10/09,2019/10/10,0,"9,1",7
Apartamentos Valencia - Peset Aleixandre 135- FREE WI-FI,4262488,Apartamentos,Valencia,1,1,€ 128,2019/10/09,2019/10/10,0,9,7
Mon Suites Catedral,485679,Apartamentos,Valencia,1,1,€ 130,2019/10/09,2019/10/10,0,"9,2",7
Friendly Rentals Torrealba,1634243,Apartamento,Valencia,1,1,€ 130,2019/10/09,2019/10/10,0,"9,3",7
Pintor Salvador Abril 24 Apartment,3249845,Apartamento,Valencia,1,1,€ 131,2019/10/09,2019/10/10,0,9,7
Valenciaflats Centro Ciudad,18544,Apartamentos,Valencia,1,1,€ 135,2019/10/09,2019/10/10,0,"9,2",7
Central Park Apartment Valencia,3881533,Apartamento,Valencia,1,1,NA,2019/10/09,2019/10/10,0,"9,5",7
Hogar Vera Apartments&Bikes,1807919,Apartamentos,Valencia,1,1,€ 138,2019/10/09,2019/10/10,0,"9,3",7
Palau de Palomar,471283,Apartamentos,Valencia,1,1,€ 139,2019/10/09,2019/10/10,0,"9,1",7
Apartamentos Wallace,1698355,Apartamentos,Valencia,1,1,€ 140,2019/10/09,2019/10/10,0,"9,2",7
Friendly Rentals Rey,1634248,Apartamento,Valencia,1,1,€ 140,2019/10/09,2019/10/10,0,9,7
One Shot Mercat 09,2274203,NA,Valencia,1,1,€ 149,2019/10/09,2019/10/10,4,"9,1",7
Sweet Caroline Apartment,1811784,Apartamento,Valencia,1,1,€ 150,2019/10/09,2019/10/10,0,"9,2",7
RUZAFA- CENTRO-A/C- WI-FI- PARKING,2885994,Apartamento,Valencia,1,1,NA,2019/10/09,2019/10/10,0,"9,7",7
B BEACH VALENCIA,5125954,Apartamento,Valencia,1,1,€ 150,2019/10/09,2019/10/10,0,"9,1",7
Duplex en Blasco Ibáñez,3672426,Apartamento,Valencia,1,1,€ 155,2019/10/09,2019/10/10,0,"9,1",7
Edificio Pentagono,4673669,Apartamento,Valencia,1,1,€ 155,2019/10/09,2019/10/10,0,"9,1",7
NH Collection Colón Valencia,3828811,NA,Valencia,1,1,€ 166,2019/10/09,2019/10/10,4,"9,2",7
MYR Hotel Plaza Mercado & Spa,1619029,Apartahotel,Valencia,1,1,€ 169,2019/10/09,2019/10/10,0,"9,2",7
Hotel Boutique Balandret,1281710,NA,Valencia,1,1,€ 170,2019/10/09,2019/10/10,3,"9,2",7
Charming Ninetta,3220582,Apartamento,Valencia,1,1,NA,2019/10/09,2019/10/10,0,"9,5",7
Zerka Sendra,4657122,Apartamento,Valencia,1,1,€ 179,2019/10/09,2019/10/10,0,9,7
Apartamentos La más Bonita,2816245,Apartamentos,Valencia,1,1,€ 180,2019/10/09,2019/10/10,0,"9,1",7
Old Fisherman's House in Malvarrosa Beach,3618172,Apartamento,Valencia,1,1,€ 187,2019/10/09,2019/10/10,0,"9,4",7
Vincci Mercat,1279484,NA,Valencia,1,1,€ 204,2019/10/09,2019/10/10,4,9,7
Loft Superior el Carmen,2784473,Apartamento,Valencia,1,1,€ 209,2019/10/09,2019/10/10,0,"9,2",7
