name,propertyId,propertyType,city,rooms,days,price,checkIn,checkOut,stars,score,advance
NH Ciudad de Valencia,90729,NA,Valencia,1,1,€ 137,2019/10/25,2019/10/26,3,"8,1",7
Hotel Valencia Center,91285,NA,Valencia,1,1,€ 139,2019/10/25,2019/10/26,4,"8,4",7
Valencia center,3168460,Apartamento,Valencia,1,1,NA,2019/10/25,2019/10/26,0,"9,8",7
Primus Valencia,331871,NA,Valencia,1,1,€ 140,2019/10/25,2019/10/26,4,"8,3",7
Tryp Valencia Feria,92852,NA,Valencia,1,1,€ 146,2019/10/25,2019/10/26,4,"8,3",7
Senator Parque Central Hotel,274963,NA,Valencia,1,1,€ 147,2019/10/25,2019/10/26,4,"8,1",7
NWT Central Station Apartments,3964093,Apartamento,Valencia,1,1,€ 149,2019/10/25,2019/10/26,0,"8,2",7
NH Valencia Las Artes,90731,NA,Valencia,1,1,€ 149,2019/10/25,2019/10/26,4,"8,4",7
Holiday Inn Express Ciudad de las Ciencias,96737,NA,Valencia,1,1,€ 162,2019/10/25,2019/10/26,3,"7,9",7
Charming Ninetta,3220582,Apartamento,Valencia,1,1,NA,2019/10/25,2019/10/26,0,"9,5",7
Hotel Medium Valencia,96838,NA,Valencia,1,1,€ 171,2019/10/25,2019/10/26,4,"8,2",7
Patacona Beach Apartment,4533678,Apartamento,Valencia,1,1,€ 175,2019/10/25,2019/10/26,0,"8,3",7
Sweet Hotel Renasa,274818,NA,Valencia,1,1,€ 179,2019/10/25,2019/10/26,3,8,7
Apartamentos Dormavalencia,4450983,Apartamentos,Valencia,1,1,€ 187,2019/10/25,2019/10/26,0,"8,3",7
Hotel Cosmo,4838858,NA,Valencia,1,1,€ 265,2019/10/25,2019/10/26,3,10,7
NH Valencia Center,90727,NA,Valencia,1,1,€ 195,2019/10/25,2019/10/26,4,"8,3",7
Hotel Conqueridor,91047,NA,Valencia,1,1,€ 220,2019/10/25,2019/10/26,4,"8,4",7
Luxury Center Plaza Redonda,5138960,Apartamento,Valencia,1,1,NA,2019/10/25,2019/10/26,0,"9,7",7
Flatsforyou Las Arcadias,473415,Apartamentos,Valencia,1,1,€ 220,2019/10/25,2019/10/26,0,"8,4",7
Turia Guesthouse - B&B,2884427,Apartamento,Valencia,1,1,€ 265,2019/10/25,2019/10/26,0,"8,2",7
Ilunion Valencia 4,754329,NA,Valencia,1,1,€ 266,2019/10/25,2019/10/26,4,"8,1",7
Habitación Céntrica en Casa de Familia,4289877,NA,Valencia,1,1,€ 27,2019/10/25,2019/10/26,0,"7,8",7
Opera House Valencia B&B,3533887,NA,Valencia,1,1,€ 97,2019/10/25,2019/10/26,0,"9,5",7
Valencia Apartamentos Goya,4256653,Apartamentos,Valencia,1,1,NA,2019/10/25,2019/10/26,0,10,7
Disfruta - Enjoy Valencia Centre,3881970,Apartamento,Valencia,1,1,€ 139,2019/10/25,2019/10/26,0,"9,8",7
Disfruta - Enjoy Valencia Ruzafa,3890328,Apartamento,Valencia,1,1,€ 139,2019/10/25,2019/10/26,0,"9,7",7
Ramirez Flats & Bar,4124528,Apartahotel,Valencia,1,1,€ 145,2019/10/25,2019/10/26,0,"9,5",7
MARQUÉS HOUSE 4* SUP,2118880,NA,Valencia,1,1,€ 229,2019/10/25,2019/10/26,4,"9,5",7
YOU & CO. Saler Beach Boutique,4533007,NA,Valencia,1,1,€ 81,2019/10/25,2019/10/26,3,9,7
Habitación San Cayetano,4624401,NA,Valencia,1,1,€ 40,2019/10/25,2019/10/26,0,"7,5",7
Habitaciones Barra89,1076252,NA,Valencia,1,1,€ 43,2019/10/25,2019/10/26,0,"7,8",7
Stay at Valencia Downtown,1840715,Apartamento,Valencia,1,1,NA,2019/10/25,2019/10/26,0,"9,5",7
Ruzzafa Codrut,3035322,Apartamento,Valencia,1,1,€ 90,2019/10/25,2019/10/26,0,"9,2",7
Cómoda habitación Valencia,4200488,NA,Valencia,1,1,NA,2019/10/25,2019/10/26,0,"9,6",7
Rooms Ciencias,94126,NA,Valencia,1,1,€ 95,2019/10/25,2019/10/26,0,9,7
Kasa Katia Eco Guest House,636256,NA,Valencia,1,1,€ 99,2019/10/25,2019/10/26,0,"9,3",7
Center City Flats,861452,Apartamentos,Valencia,1,1,€ 103,2019/10/25,2019/10/26,0,"9,1",7
Valenciaflats Mercado Central,307677,Apartamentos,Valencia,1,1,€ 115,2019/10/25,2019/10/26,0,9,7
Apartament Cura Femenia,2010355,Apartamento,Valencia,1,1,€ 117,2019/10/25,2019/10/26,0,"9,3",7
Blanq Comedias,4922002,NA,Valencia,1,1,€ 122,2019/10/25,2019/10/26,0,9,7
MerKat-Abastos,1231196,Apartamento,Valencia,1,1,NA,2019/10/25,2019/10/26,0,"9,7",7
Valenciaflats Ciudad de las Ciencias,93676,Apartamentos,Valencia,1,1,€ 125,2019/10/25,2019/10/26,0,"9,1",7
Cabanyal Marina Apartament,3615874,Apartamento,Valencia,1,1,€ 130,2019/10/25,2019/10/26,0,"9,1",7
Valencia City Host,1177077,NA,Valencia,1,1,€ 44,2019/10/25,2019/10/26,0,"7,8",7
Voyagers Inn Homestay,2682156,NA,Valencia,1,1,€ 46,2019/10/25,2019/10/26,0,"7,8",7
Apartamentos Rusafa,5604325,NA,Valencia,1,1,€ 50,2019/10/25,2019/10/26,0,"7,7",7
Live in Chianti Apartaments,2882632,Apartamentos,Valencia,1,1,€ 132,2019/10/25,2019/10/26,0,"9,1",7
Apartamentos La más Bonita,2816245,Apartamentos,Valencia,1,1,€ 135,2019/10/25,2019/10/26,0,9,7
Jardín Botánico Hotel Boutique,93369,NA,Valencia,1,1,€ 136,2019/10/25,2019/10/26,3,9,7
B BEACH VALENCIA,5125954,Apartamento,Valencia,1,1,€ 150,2019/10/25,2019/10/26,0,"9,1",7
Apartments Downtown Valencia,2250421,Apartamentos,Valencia,1,1,NA,2019/10/25,2019/10/26,0,"9,6",7
MD Design Hotel - Portal del Real,2391685,NA,Valencia,1,1,€ 157,2019/10/25,2019/10/26,2,"9,1",7
Pensión Universal,304276,NA,Valencia,1,1,€ 52,2019/10/25,2019/10/26,0,"7,9",7
OYO Pensión El Rincón,476031,NA,Valencia,1,1,€ 52,2019/10/25,2019/10/26,1,"7,5",7
HQ Rooms Apartments San Vicente,2894429,Apartamentos,Valencia,1,1,€ 158,2019/10/25,2019/10/26,0,"9,2",7
Hotel Valencia Alameda,4019381,NA,Valencia,1,1,€ 158,2019/10/25,2019/10/26,4,"9,2",7
Zerka Sendra,4657122,Apartamento,Valencia,1,1,€ 199,2019/10/25,2019/10/26,0,9,7
Arena's Apartament,2156905,Apartamento,Valencia,1,1,€ 200,2019/10/25,2019/10/26,0,"9,1",7
Hostal Waksman,281139,NA,Valencia,1,1,€ 90,2019/10/25,2019/10/26,1,"7,3",7
NWT Monserrat,3728842,Apartamentos,Valencia,1,1,€ 104,2019/10/25,2019/10/26,0,7,7
Casa La Buhardilla,2985364,Apartamento,Valencia,1,1,NA,2019/10/25,2019/10/26,0,"9,6",7
B&B El Mercat,2203530,NA,Valencia,1,1,€ 110,2019/10/25,2019/10/26,0,"7,3",7
Kirei Apartment Calgary,4768322,Apartamento,Valencia,1,1,€ 116,2019/10/25,2019/10/26,0,"7,4",7
Apartamento para 10 personas,5029963,Apartamento,Valencia,1,1,€ 160,2019/10/25,2019/10/26,0,7,7
Dreams Rental City Hall,337092,Apartamentos,Valencia,1,1,€ 247,2019/10/25,2019/10/26,0,"7,1",7
Ruzafa Rooms,2891693,NA,Valencia,1,1,€ 50,2019/10/25,2019/10/26,0,"6,9",7
Habitaciones con Encanto,5629632,NA,Valencia,1,1,€ 50,2019/10/25,2019/10/26,0,"6,9",7
VIVIENDA DISEÑO CON JARDÍN INTERIOR,4314054,Apartamento,Valencia,1,1,NA,2019/10/25,2019/10/26,0,"9,7",7
Casita Esmeralda,2040126,Casa o chalet,Valencia,1,1,€ 114,2019/10/25,2019/10/26,0,"6,5",7
Guest House Higinio Noja,2845935,NA,Valencia,1,1,€ 30,2019/10/25,2019/10/26,0,6,7
RoomTuristValencia - Ruzafa,4608394,NA,Valencia,1,1,€ 28,2019/10/25,2019/10/26,0,"5,5",7
Ruzafa Guesthouse,2269176,NA,Valencia,1,1,€ 38,2019/10/25,2019/10/26,0,"5,5",7
Home Sweet Home,1223953,NA,Valencia,1,1,€ 50,2019/10/25,2019/10/26,0,"5,5",7
Carrer del Bisbe Jaume Pérez,4900140,NA,Valencia,1,1,€ 60,2019/10/25,2019/10/26,0,"5,9",7
JL Ciudad de las Artes,3074378,Apartamento,Valencia,1,1,NA,2019/10/25,2019/10/26,0,"9,6",7
sueñavalencia,5603844,NA,Valencia,1,1,€ 80,2019/10/25,2019/10/26,0,"5,9",7
Valenciaflats Centro Histórico,94781,Apartamentos,Valencia,1,1,€ 120,2019/10/25,2019/10/26,0,"8,7",7
Ilunion Aqua 4,92777,NA,Valencia,1,1,€ 123,2019/10/25,2019/10/26,4,"8,6",7
RUZAFA- CENTRO-A/C- WI-FI- PARKING,2885994,Apartamento,Valencia,1,1,NA,2019/10/25,2019/10/26,0,"9,7",7
Kirei Apartment Berlin,4504570,Apartamentos,Valencia,1,1,€ 137,2019/10/25,2019/10/26,0,"5,6",7
Kirei Apartment Denver,4585191,Apartamento,Valencia,1,1,€ 137,2019/10/25,2019/10/26,0,"5,8",7
Kirei Apartment Portland,4276529,Apartamentos,Valencia,1,1,€ 142,2019/10/25,2019/10/26,0,"5,9",7
Hotel Malcom and Barret,483261,NA,Valencia,1,1,€ 125,2019/10/25,2019/10/26,3,"8,7",7
Eurostars Acteón,90495,NA,Valencia,1,1,€ 125,2019/10/25,2019/10/26,4,"8,5",7
Hotel Dimar,90886,NA,Valencia,1,1,€ 137,2019/10/25,2019/10/26,4,"8,7",7
Guest House Ruzafa,2324552,NA,Valencia,1,1,€ 39,2019/10/25,2019/10/26,0,"5,1",7
RoomTuristValencia Estacion del Norte,4682632,NA,Valencia,1,1,€ 50,2019/10/25,2019/10/26,0,5,7
Luxury Beach House,3602594,Casa o chalet,Valencia,1,1,NA,2019/10/25,2019/10/26,0,"9,7",7
El Palacete Gran Via,3483148,NA,Valencia,1,1,€ 141,2019/10/25,2019/10/26,0,"8,7",7
Hotel Neptuno,91206,NA,Valencia,1,1,€ 144,2019/10/25,2019/10/26,4,"8,5",7
Marina Loft & Apartments,432326,Apartamentos,Valencia,1,1,€ 145,2019/10/25,2019/10/26,0,"8,6",7
Oliver,4865093,NA,Valencia,1,1,€ 63,2019/10/25,2019/10/26,0,"5,4",7
Port of Valencia,3805735,Apartamento,Valencia,1,1,€ 120,2019/10/25,2019/10/26,0,"5,1",7
Guesthouse Plaza de Toros,2985902,NA,Valencia,1,1,€ 39,2019/10/25,2019/10/26,0,"4,8",7
La Casa Verde - Ruzafa,2029143,Apartamento,Valencia,1,1,NA,2019/10/25,2019/10/26,0,"9,7",7
One Shot Colón 46,1394168,NA,Valencia,1,1,€ 149,2019/10/25,2019/10/26,3,"8,7",7
RoomTuristValencia RuzafaSumsi,4682802,NA,Valencia,1,1,€ 45,2019/10/25,2019/10/26,0,"4,5",7
Guest House Duc de Gaeta,2275007,NA,Valencia,1,1,€ 85,2019/10/25,2019/10/26,0,"4,9",7
Casual del Cine Valencia,572187,NA,Valencia,1,1,€ 151,2019/10/25,2019/10/26,2,"8,6",7
Isabel,4442066,Apartamento,Valencia,1,1,€ 185,2019/10/25,2019/10/26,0,"8,6",7
Hotel Kramer,91106,NA,Valencia,1,1,€ 190,2019/10/25,2019/10/26,3,"8,8",7
Barceló Valencia,91988,NA,Valencia,1,1,€ 195,2019/10/25,2019/10/26,4,"8,7",7
Melia Valencia,290493,NA,Valencia,1,1,€ 198,2019/10/25,2019/10/26,4,"8,8",7
La seda stay,3335523,Apartamento,Valencia,1,1,NA,2019/10/25,2019/10/26,0,"9,7",7
Cathedral Suites Hotel,1736257,Apartahotel,Valencia,1,1,€ 199,2019/10/25,2019/10/26,4,"8,9",7
Apartamento Sofia,2552406,Apartamento,Valencia,1,1,€ 200,2019/10/25,2019/10/26,0,"8,6",7
SH Valencia Palace,91497,NA,Valencia,1,1,€ 200,2019/10/25,2019/10/26,5,"8,5",7
Hotel Valencia Oceanic Managed by Melia Hotels International,91522,NA,Valencia,1,1,€ 210,2019/10/25,2019/10/26,4,"8,6",7
Lotelito,570027,NA,Valencia,1,1,€ 220,2019/10/25,2019/10/26,0,"8,9",7
Citizentral Gascons,332095,Apartamentos,Valencia,1,1,€ 221,2019/10/25,2019/10/26,0,"8,8",7
Ciudad Ciencias- Lujo- Parking- Wi-Fi.,4999636,Apartamento,Valencia,1,1,NA,2019/10/25,2019/10/26,0,"9,8",7
One Shot Palacio Reina Victoria 04,90885,NA,Valencia,1,1,€ 305,2019/10/25,2019/10/26,4,"8,6",7
Vincci Lys,91183,NA,Valencia,1,1,€ 308,2019/10/25,2019/10/26,4,"8,9",7
Hospes Palau de La Mar,93823,NA,Valencia,1,1,€ 432,2019/10/25,2019/10/26,5,"8,8",7
Vincci Palace,94163,NA,Valencia,1,1,€ 440,2019/10/25,2019/10/26,4,"8,6",7
The Westin Valencia,93321,NA,Valencia,1,1,€ 1.104,2019/10/25,2019/10/26,5,"8,6",7
