name,propertyId,propertyType,city,rooms,days,price,checkIn,checkOut,stars,score,advance
Kirei Apartment Berlin,4504570,Apartamentos,Valencia,1,1,€ 106,2019/10/19,2019/10/20,0,"5,6",7
Kirei Apartment Portland,4276529,Apartamentos,Valencia,1,1,€ 176,2019/10/19,2019/10/20,0,"5,9",7
Bubuflats Bubu 3,1014334,Apartamentos,Valencia,1,1,NA,2019/10/19,2019/10/20,0,"9,6",7
Guest House Torres de Quart,2275006,NA,Valencia,1,1,€ 43,2019/10/19,2019/10/20,0,"5,3",7
Guest House Ruzafa,2324552,NA,Valencia,1,1,€ 48,2019/10/19,2019/10/20,0,"5,1",7
RoomTuristValencia Estacion del Norte,4682632,NA,Valencia,1,1,€ 62,2019/10/19,2019/10/20,0,"5,1",7
Oliver,4865093,NA,Valencia,1,1,€ 63,2019/10/19,2019/10/20,0,"5,4",7
Guest House Duc de Gaeta,2275007,NA,Valencia,1,1,€ 48,2019/10/19,2019/10/20,0,"4,9",7
RoomTuristValencia Torres de Quart,4565643,NA,Valencia,1,1,€ 50,2019/10/19,2019/10/20,0,"4,5",7
Flats Piera Valencia Center,1490563,Apartamentos,Valencia,1,1,NA,2019/10/19,2019/10/20,0,"9,7",7
Guesthouse Plaza de Toros,2985902,NA,Valencia,1,1,€ 63,2019/10/19,2019/10/20,0,"4,8",7
Vincci Palace,94163,NA,Valencia,1,1,€ 209,2019/10/19,2019/10/20,4,"8,7",7
RoomTuristValencia RuzafaSumsi,4682802,NA,Valencia,1,1,€ 105,2019/10/19,2019/10/20,0,"4,5",7
Constitucion Guesthouse,2985942,NA,Valencia,1,1,€ 68,2019/10/19,2019/10/20,0,"3,7",7
Double Room in VALENCIA,5665653,NA,Valencia,1,1,€ 30,2019/10/19,2019/10/20,0,,7
Masatepe Room Valencia,5687127,NA,Valencia,1,1,€ 30,2019/10/19,2019/10/20,0,,7
Opera House Valencia B&B,3533887,NA,Valencia,1,1,€ 108,2019/10/19,2019/10/20,0,"9,5",7
United Colors of Apartments Boutique Style,5372347,Apartamentos,Valencia,1,1,€ 115,2019/10/19,2019/10/20,0,"9,5",7
Valencia Apartamentos Goya,4256653,Apartamentos,Valencia,1,1,NA,2019/10/19,2019/10/20,0,10,7
Casa de Vacaciones Pintor Vilar,2093863,Apartamento,Valencia,1,1,€ 222,2019/10/19,2019/10/20,0,"8,9",7
Valencia center,3168460,Apartamento,Valencia,1,1,NA,2019/10/19,2019/10/20,0,"9,8",7
Habitación muy cerca de la playa.,5395908,NA,Valencia,1,1,€ 40,2019/10/19,2019/10/20,0,,7
Apartment Plaza Cisneros,1273377,Apartamentos,Valencia,1,1,NA,2019/10/19,2019/10/20,0,"9,7",7
Comfort Room(AVEValencia),5696103,NA,Valencia,1,1,€ 45,2019/10/19,2019/10/20,0,,7
Habitaciones con encanto,5629632,NA,Valencia,1,1,€ 50,2019/10/19,2019/10/20,0,,7
Hospes Palau de La Mar,93823,NA,Valencia,1,1,€ 243,2019/10/19,2019/10/20,5,"8,8",7
Petit Palace Plaza de la Reina,90443,NA,Valencia,1,1,€ 358,2019/10/19,2019/10/20,3,"8,7",7
vosotros sereis parte de mi familia.,5299568,NA,Valencia,1,1,€ 50,2019/10/19,2019/10/20,0,,7
Rooms El Picolino,5326859,NA,Valencia,1,1,€ 60,2019/10/19,2019/10/20,0,,7
Hogar Dulce Hogar,5426607,NA,Valencia,1,1,€ 63,2019/10/19,2019/10/20,0,,7
Comfort Homestay,5423155,NA,Valencia,1,1,€ 67,2019/10/19,2019/10/20,0,,7
Apartamento Tiziano,1528645,Apartamentos,Valencia,1,1,NA,2019/10/19,2019/10/20,0,"9,5",7
Urban Youth Hostel,1163025,NA,Valencia,1,1,€ 24,2019/10/19,2019/10/20,0,"8,4",7
Center Valencia Youth Hostel,246931,NA,Valencia,1,1,€ 17,2019/10/19,2019/10/20,0,8,7
Purple Nest Hostel,25278,NA,Valencia,1,1,€ 45,2019/10/19,2019/10/20,0,"8,2",7
Apartamentos Navío,5647176,Apartamento,Valencia,1,1,€ 70,2019/10/19,2019/10/20,0,"9,8",7
Loft Turia Gran,5133726,Apartamento,Valencia,1,1,€ 80,2019/10/19,2019/10/20,0,,7
CASA MARQUES DE CARO,4472176,Apartamento,Valencia,1,1,€ 121,2019/10/19,2019/10/20,0,,7
The White Apartment: Luxury- Beach and Design,5631365,Apartamento,Valencia,1,1,€ 167,2019/10/19,2019/10/20,0,,7
Hotel Cosmo,4838858,NA,Valencia,1,1,€ 180,2019/10/19,2019/10/20,3,,7
Barracart Apartments,2125836,Apartamentos,Valencia,1,1,€ 158,2019/10/19,2019/10/20,0,"9,6",7
Ramirez Flats & Bar,4124528,Apartahotel,Valencia,1,1,€ 160,2019/10/19,2019/10/20,0,"9,5",7
Disfruta - Enjoy Valencia Oceanografic,4121345,Apartamento,Valencia,1,1,€ 189,2019/10/19,2019/10/20,0,"9,6",7
APARTAMENTO DE DISEÑO EN PLAZA MANISES,2823390,Apartamento,Valencia,1,1,€ 213,2019/10/19,2019/10/20,0,"9,7",7
MARQUÉS HOUSE 4* SUP,2118880,NA,Valencia,1,1,€ 259,2019/10/19,2019/10/20,4,"9,4",7
MD PASEO RUZAFA CENTER,5374850,Apartamento,Valencia,1,1,€ 1.030,2019/10/19,2019/10/20,0,"9,6",7
Cómoda habitación Valencia,4200488,NA,Valencia,1,1,NA,2019/10/19,2019/10/20,0,"9,6",7
Cantagua Hostel,4074640,NA,Valencia,1,1,€ 24,2019/10/19,2019/10/20,0,"9,1",7
Habitación privada a 1500 metros de la playa,3789910,NA,Valencia,1,1,€ 60,2019/10/19,2019/10/20,0,"9,2",7
YOU & CO. Saler Beach Boutique,4533007,NA,Valencia,1,1,€ 70,2019/10/19,2019/10/20,3,9,7
Apartamento en la Ciudad de las Artes y las Ciencias,3552283,Apartamento,Valencia,1,1,€ 86,2019/10/19,2019/10/20,0,"9,4",7
Original Domino House,5434091,NA,Valencia,1,1,€ 87,2019/10/19,2019/10/20,0,9,7
Nest Style Valencia,5219046,NA,Valencia,1,1,€ 87,2019/10/19,2019/10/20,3,"9,4",7
MerKat-Abastos,1231196,Apartamento,Valencia,1,1,NA,2019/10/19,2019/10/20,0,"9,7",7
Bubuflats Bubu 5,1283519,Apartamento,Valencia,1,1,€ 99,2019/10/19,2019/10/20,0,"9,1",7
Apartamento cerca de la Playa y el Centro,2620264,Apartamento,Valencia,1,1,€ 100,2019/10/19,2019/10/20,0,9,7
"Piso ""Como en tu casa""",2689136,Apartamento,Valencia,1,1,€ 108,2019/10/19,2019/10/20,0,"9,2",7
Habitacion en Valencia,4861732,NA,Valencia,1,1,€ 45,2019/10/19,2019/10/20,0,"8,2",7
Apartamento Forn dels Apòstols,3122008,Apartamento,Valencia,1,1,NA,2019/10/19,2019/10/20,0,"9,6",7
Habitacion en Valencia Barata,4861796,NA,Valencia,1,1,€ 45,2019/10/19,2019/10/20,0,"8,2",7
Red Nest Hostel,92283,NA,Valencia,1,1,€ 45,2019/10/19,2019/10/20,0,"8,2",7
Aventura,5567318,NA,Valencia,1,1,€ 50,2019/10/19,2019/10/20,0,"8,1",7
7 Moons Bed & Breakfast,464187,NA,Valencia,1,1,€ 61,2019/10/19,2019/10/20,0,"8,4",7
Albergue Juvenil Colegio Mayor Galileo Galilei,253103,NA,Valencia,1,1,€ 65,2019/10/19,2019/10/20,0,"8,1",7
MD Design Hotel - Portal del Real,2391685,NA,Valencia,1,1,€ 113,2019/10/19,2019/10/20,2,"9,1",7
Sorolla Centro,90896,NA,Valencia,1,1,€ 121,2019/10/19,2019/10/20,3,"9,1",7
Turia Burjassot 12,3237353,Apartamento,Valencia,1,1,€ 125,2019/10/19,2019/10/20,0,9,7
Apartments Downtown Valencia,2250421,Apartamentos,Valencia,1,1,NA,2019/10/19,2019/10/20,0,"9,6",7
Maison Reina B&B,5004812,NA,Valencia,1,1,€ 125,2019/10/19,2019/10/20,0,"9,2",7
Residencia Universitaria Damia Bonet,247451,NA,Valencia,1,1,€ 69,2019/10/19,2019/10/20,0,"8,3",7
Apartment Cabanyal,3172456,Apartamento,Valencia,1,1,NA,2019/10/19,2019/10/20,0,"9,7",7
L'Otelet By Sweet,1467935,NA,Valencia,1,1,€ 77,2019/10/19,2019/10/20,0,"8,3",7
Ilunion Aqua 3,92776,NA,Valencia,1,1,€ 83,2019/10/19,2019/10/20,3,"8,3",7
Valencia City Host,1177077,NA,Valencia,1,1,€ 49,2019/10/19,2019/10/20,0,"7,8",7
Hospederia del Pilar,327766,NA,Valencia,1,1,€ 54,2019/10/19,2019/10/20,0,"7,9",7
Valencia Just in the Middle,2965508,Apartamento,Valencia,1,1,NA,2019/10/19,2019/10/20,0,"9,9",7
Como en casa,4802186,NA,Valencia,1,1,€ 54,2019/10/19,2019/10/20,0,"7,9",7
MD Modern Hotel - Jardines,305447,NA,Valencia,1,1,€ 84,2019/10/19,2019/10/20,1,"8,3",7
APARTAMENTO LAS MELLIZAS,4651578,NA,Valencia,1,1,€ 42,2019/10/19,2019/10/20,0,"8,3",7
Hostal Penalty,189209,NA,Valencia,1,1,€ 85,2019/10/19,2019/10/20,1,8,7
Apartamento Ciudad de las Artes y las Ciencias,4353552,Apartamento,Valencia,1,1,€ 85,2019/10/19,2019/10/20,0,"8,3",7
VIVIENDA DISEÑO CON JARDÍN INTERIOR,4314054,Apartamento,Valencia,1,1,NA,2019/10/19,2019/10/20,0,"9,7",7
Habitacion por dias Centro Valencia,3977106,NA,Valencia,1,1,€ 60,2019/10/19,2019/10/20,0,"7,9",7
Rooms Valencia Center,5507857,NA,Valencia,1,1,€ 60,2019/10/19,2019/10/20,0,"7,7",7
Casual Civilizaciones Valencia,449777,NA,Valencia,1,1,€ 62,2019/10/19,2019/10/20,0,"7,9",7
Valencia Lounge Hostel,337203,NA,Valencia,1,1,€ 66,2019/10/19,2019/10/20,0,"7,7",7
Apartamentos Rusafa,5604325,NA,Valencia,1,1,€ 70,2019/10/19,2019/10/20,0,"7,9",7
Casa La Buhardilla,2985364,Apartamento,Valencia,1,1,NA,2019/10/19,2019/10/20,0,"9,6",7
OYO Pensión El Rincón,476031,NA,Valencia,1,1,€ 70,2019/10/19,2019/10/20,1,"7,6",7
Rooms Ciencias,94126,NA,Valencia,1,1,€ 130,2019/10/19,2019/10/20,0,9,7
Valenciaflats Centro Ciudad,18544,Apartamentos,Valencia,1,1,€ 135,2019/10/19,2019/10/20,0,"9,2",7
Mon Suites Catedral,485679,Apartamentos,Valencia,1,1,€ 140,2019/10/19,2019/10/20,0,"9,2",7
Hostal Moratin,326015,NA,Valencia,1,1,€ 71,2019/10/19,2019/10/20,1,"7,9",7
Expo Hotel Valencia,91223,NA,Valencia,1,1,€ 78,2019/10/19,2019/10/20,3,"7,6",7
B&B Hotel Valencia Ciudad de las Ciencias,92242,NA,Valencia,1,1,€ 80,2019/10/19,2019/10/20,3,"7,5",7
Carrer de l'Escriptor Rafael Ferreres,4267645,Apartamento,Valencia,1,1,€ 70,2019/10/19,2019/10/20,0,"8,6",7
Sabía que venias!,3543756,NA,Valencia,1,1,€ 70,2019/10/19,2019/10/20,0,"8,6",7
Central Park Apartment Valencia,3881533,Apartamento,Valencia,1,1,NA,2019/10/19,2019/10/20,0,"9,5",7
Checkin Valencia,93743,NA,Valencia,1,1,€ 89,2019/10/19,2019/10/20,4,"7,8",7
Hotel Turia,14441,NA,Valencia,1,1,€ 95,2019/10/19,2019/10/20,4,"7,5",7
Preciosa Casita Cerca Del Mar,4057271,Apartamento,Valencia,1,1,NA,2019/10/19,2019/10/20,0,"9,8",7
SEA YOU HOTEL PORT VALENCIA,92328,NA,Valencia,1,1,€ 109,2019/10/19,2019/10/20,4,"7,7",7
Habitación doble,3599930,NA,Valencia,1,1,€ 76,2019/10/19,2019/10/20,0,"8,9",7
Angel Guimera Rooms & Breakfast,2524241,NA,Valencia,1,1,€ 79,2019/10/19,2019/10/20,0,"8,9",7
Suites by Eric Olsan (Florista),4726450,Apartamentos,Valencia,1,1,€ 79,2019/10/19,2019/10/20,0,"8,6",7
B&B Almirante,369695,NA,Valencia,1,1,€ 80,2019/10/19,2019/10/20,1,"8,8",7
Hotel Medium Valencia,96838,NA,Valencia,1,1,€ 86,2019/10/19,2019/10/20,4,"8,2",7
NH Valencia Las Ciencias,90725,NA,Valencia,1,1,€ 87,2019/10/19,2019/10/20,3,8,7
Ilunion Valencia 4,754329,NA,Valencia,1,1,€ 88,2019/10/19,2019/10/20,4,"8,1",7
Jardín Botánico Hotel Boutique,93369,NA,Valencia,1,1,€ 141,2019/10/19,2019/10/20,3,9,7
SHF Plaza de la Reina,1682520,Apartamentos,Valencia,1,1,€ 115,2019/10/19,2019/10/20,0,"7,8",7
Apartment Florista,2150187,Apartamento,Valencia,1,1,€ 133,2019/10/19,2019/10/20,0,"7,9",7
Ilunion Valencia 3,92818,NA,Valencia,1,1,€ 139,2019/10/19,2019/10/20,3,"7,9",7
El 16 Ruzafa,865461,Apartamentos,Valencia,1,1,€ 139,2019/10/19,2019/10/20,0,"7,7",7
Apartamento Alguer,4005334,Apartamento,Valencia,1,1,€ 150,2019/10/19,2019/10/20,0,"7,7",7
Eurostars Acteón,90495,NA,Valencia,1,1,€ 80,2019/10/19,2019/10/20,4,"8,5",7
Casa del Patriarca,364834,NA,Valencia,1,1,€ 81,2019/10/19,2019/10/20,0,"8,9",7
Musico Art Flat,2925957,Apartamento,Valencia,1,1,NA,2019/10/19,2019/10/20,0,"9,7",7
Melia Valencia,290493,NA,Valencia,1,1,€ 84,2019/10/19,2019/10/20,4,"8,8",7
City Valencia Beach 360,4504803,Apartamento,Valencia,1,1,NA,2019/10/19,2019/10/20,0,"9,6",7
Casual de la Música Valencia,273130,NA,Valencia,1,1,€ 152,2019/10/19,2019/10/20,2,"7,5",7
MD Art Apartment Ruzafa,2550955,Apartamento,Valencia,1,1,€ 311,2019/10/19,2019/10/20,0,"7,5",7
MD Abastos Center,2551194,Apartamento,Valencia,1,1,€ 341,2019/10/19,2019/10/20,0,"7,6",7
Home Youth Hostel by Feetup Hostels,189322,NA,Valencia,1,1,€ 85,2019/10/19,2019/10/20,0,"8,8",7
Sercotel Sorolla Palace,93646,NA,Valencia,1,1,€ 89,2019/10/19,2019/10/20,4,"8,6",7
Zalamera BnB,1331238,NA,Valencia,1,1,€ 90,2019/10/19,2019/10/20,0,"8,7",7
Hulot B&B Valencia,585429,NA,Valencia,1,1,€ 95,2019/10/19,2019/10/20,0,"8,5",7
Balandra Flat,2032624,Apartamento,Valencia,1,1,€ 95,2019/10/19,2019/10/20,0,"8,6",7
Luxury Center Plaza Redonda,5138960,Apartamento,Valencia,1,1,NA,2019/10/19,2019/10/20,0,"9,7",7
Hola Valencia - Holiday Apartments,2818140,Apartamentos,Valencia,1,1,€ 100,2019/10/19,2019/10/20,0,"8,8",7
Hotel Malcom and Barret,483261,NA,Valencia,1,1,€ 105,2019/10/19,2019/10/20,3,"8,7",7
Habitación Despuig,4901343,NA,Valencia,1,1,€ 28,2019/10/19,2019/10/20,0,"7,3",7
Guest House Samuel Ros,4161855,NA,Valencia,1,1,€ 30,2019/10/19,2019/10/20,0,"7,2",7
Tryp Valencia Feria,92852,NA,Valencia,1,1,€ 94,2019/10/19,2019/10/20,4,"8,4",7
Nanit Valencia Hostel,3913497,NA,Valencia,1,1,€ 99,2019/10/19,2019/10/20,0,"8,3",7
AC Hotel Valencia,91063,NA,Valencia,1,1,€ 106,2019/10/19,2019/10/20,4,"8,5",7
Apartamentos Plaza Picasso,97063,Apartamentos,Valencia,1,1,€ 109,2019/10/19,2019/10/20,0,"8,5",7
Les flors,3985046,Apartamento,Valencia,1,1,€ 110,2019/10/19,2019/10/20,0,"8,7",7
València Centre Túria,2185255,Apartamento,Valencia,1,1,€ 113,2019/10/19,2019/10/20,0,"8,8",7
Ciudad Ciencias- Lujo- Parking- Wi-Fi.,4999636,Apartamento,Valencia,1,1,NA,2019/10/19,2019/10/20,0,"9,8",7
SKY TOURISTIC ATTIC,281640,Apartamentos,Valencia,1,1,€ 117,2019/10/19,2019/10/20,0,"8,5",7
Hotel Valencia Oceanic Managed by Melia Hotels International,91522,NA,Valencia,1,1,€ 118,2019/10/19,2019/10/20,4,"8,6",7
B&B Hi Valencia Boutique,1301725,NA,Valencia,1,1,€ 120,2019/10/19,2019/10/20,0,"8,7",7
Hotel Kramer,91106,NA,Valencia,1,1,€ 125,2019/10/19,2019/10/20,3,"8,8",7
Barceló Valencia,91988,NA,Valencia,1,1,€ 125,2019/10/19,2019/10/20,4,"8,7",7
