name,propertyId,propertyType,city,rooms,days,price,checkIn,checkOut,stars,score,advance
Hostal Waksman,281139,NA,Valencia,1,1,€ 120,2019/11/15,2019/11/16,1,"7,3",30
Sweet Hotel Continental,93856,NA,Valencia,1,1,€ 124,2019/11/15,2019/11/16,2,"8,3",30
United Colors of Apartments - Catedral,1301545,Apartamentos,Valencia,1,1,€ 129,2019/11/15,2019/11/16,0,"8,2",30
Preciosa Casita Cerca Del Mar,4057271,Apartamento,Valencia,1,1,NA,2019/11/15,2019/11/16,0,"9,7",30
Kirei Apartment Na Jordana,1702092,Apartamentos,Valencia,1,1,€ 168,2019/11/15,2019/11/16,0,7,30
Apartamento Frederick “Centrico y con Clase”,4236394,Apartamento,Valencia,1,1,NA,2019/11/15,2019/11/16,0,"9,6",30
Best Valencia Beach Flat,3246772,Apartamento,Valencia,1,1,€ 196,2019/11/15,2019/11/16,0,"7,1",30
HOSTAL BED OF THE SEA,3974636,NA,Valencia,1,1,€ 240,2019/11/15,2019/11/16,0,"7,1",30
NWT Monserrat,3728842,Apartamentos,Valencia,1,1,€ 244,2019/11/15,2019/11/16,0,7,30
Select Home Catedral,440778,Apartamentos,Valencia,1,1,€ 400,2019/11/15,2019/11/16,0,"7,1",30
Guest House Lebon,3124256,NA,Valencia,1,1,€ 60,2019/11/15,2019/11/16,0,"6,8",30
Habitación en Colon,2246576,NA,Valencia,1,1,€ 160,2019/11/15,2019/11/16,0,"6,7",30
Glorieta,4217752,Apartamento,Valencia,1,1,NA,2019/11/15,2019/11/16,0,"9,6",30
Select Home Boutique Center,387770,Apartamentos,Valencia,1,1,€ 350,2019/11/15,2019/11/16,0,"6,9",30
Guest House Higinio Noja,2845935,NA,Valencia,1,1,€ 60,2019/11/15,2019/11/16,0,"5,9",30
Fun and Sun Center 2,2944416,NA,Valencia,1,1,€ 90,2019/11/15,2019/11/16,0,"6,1",30
RoomTuristValencia - Ruzafa,4608394,NA,Valencia,1,1,€ 33,2019/11/15,2019/11/16,0,"5,5",30
Hotel Villacarlos,90730,NA,Valencia,1,1,€ 130,2019/11/15,2019/11/16,3,8,30
Old Town Flats Casa Burguerini,4552106,Apartamentos,Valencia,1,1,€ 133,2019/11/15,2019/11/16,0,"8,2",30
Valenciaflats Torres de Serrano,17468,Apartamentos,Valencia,1,1,€ 133,2019/11/15,2019/11/16,0,"8,3",30
Apartamento Obispo don Jerónimo,2079020,Apartamento,Valencia,1,1,€ 135,2019/11/15,2019/11/16,0,"8,2",30
Hotel Medium Valencia,96838,NA,Valencia,1,1,€ 135,2019/11/15,2019/11/16,4,"8,2",30
Ruzafa Guesthouse,2269176,NA,Valencia,1,1,€ 35,2019/11/15,2019/11/16,0,"5,5",30
Carrer del Bisbe Jaume Pérez,4900140,NA,Valencia,1,1,€ 60,2019/11/15,2019/11/16,0,"5,9",30
Disfruta - Enjoy Valencia Oceanografic,4121345,Apartamento,Valencia,1,1,NA,2019/11/15,2019/11/16,0,"9,6",30
Kirei Apartment Berlin,4504570,Apartamentos,Valencia,1,1,€ 195,2019/11/15,2019/11/16,0,"5,6",30
Happy Apartments Valencia,456043,Apartamentos,Valencia,1,1,€ 149,2019/11/15,2019/11/16,0,"8,2",30
Lindala,5250762,NA,Valencia,1,1,NA,2019/11/15,2019/11/16,0,"9,7",30
Silken Puerta Valencia,91182,NA,Valencia,1,1,€ 150,2019/11/15,2019/11/16,4,"8,3",30
NH Valencia Las Artes,90731,NA,Valencia,1,1,€ 165,2019/11/15,2019/11/16,4,"8,4",30
Hotel Valencia Center,91285,NA,Valencia,1,1,€ 168,2019/11/15,2019/11/16,4,"8,4",30
NH Ciudad de Valencia,90729,NA,Valencia,1,1,€ 169,2019/11/15,2019/11/16,3,"8,1",30
Sweet Hotel Renasa,274818,NA,Valencia,1,1,€ 169,2019/11/15,2019/11/16,3,8,30
Oliver,4865093,NA,Valencia,1,1,€ 66,2019/11/15,2019/11/16,0,"5,4",30
RoomTuristValencia RuzafaSumsi,4682802,NA,Valencia,1,1,€ 60,2019/11/15,2019/11/16,0,"4,5",30
Masatepe Room Valencia,5687127,NA,Valencia,1,1,€ 30,2019/11/15,2019/11/16,0,,30
NH Valencia Center,90727,NA,Valencia,1,1,€ 170,2019/11/15,2019/11/16,4,"8,3",30
Garden Turia Downtown,5201200,Apartamento,Valencia,1,1,NA,2019/11/15,2019/11/16,0,"9,7",30
Urban Youth Hostel,1163025,NA,Valencia,1,1,€ 174,2019/11/15,2019/11/16,0,"8,4",30
Helle & ruhige Zimmer nähe Strand,5698199,NA,Valencia,1,1,€ 35,2019/11/15,2019/11/16,0,,30
vosotros sereis parte de mi familia.,5299568,NA,Valencia,1,1,€ 60,2019/11/15,2019/11/16,0,,30
Atico Loft Ruzafa,3152977,Apartamento,Valencia,1,1,NA,2019/11/15,2019/11/16,0,"9,6",30
Valencia- habitacion,5366858,NA,Valencia,1,1,€ 65,2019/11/15,2019/11/16,0,,30
City Suites Apartments,3091106,NA,Valencia,1,1,€ 186,2019/11/15,2019/11/16,0,"8,4",30
MD Modern Hotel - Jardines,305447,NA,Valencia,1,1,€ 190,2019/11/15,2019/11/16,1,"8,3",30
Senator Parque Central Hotel,274963,NA,Valencia,1,1,€ 194,2019/11/15,2019/11/16,4,"8,1",30
Friendly Rentals Pergolesi,1634240,Apartamentos,Valencia,1,1,€ 218,2019/11/15,2019/11/16,0,"8,4",30
Zerka Centro,4425975,Apartamentos,Valencia,1,1,€ 239,2019/11/15,2019/11/16,0,"8,4",30
La seda stay,3335523,Apartamento,Valencia,1,1,NA,2019/11/15,2019/11/16,0,"9,7",30
Hotel Conqueridor,91047,NA,Valencia,1,1,€ 270,2019/11/15,2019/11/16,4,"8,4",30
Malvarrosa Calle Pavia,3608764,Casa o chalet,Valencia,1,1,€ 271,2019/11/15,2019/11/16,0,8,30
Eurostars Gran Valencia,90484,NA,Valencia,1,1,€ 283,2019/11/15,2019/11/16,4,"8,4",30
Eurostars Rey Don Jaime,91520,NA,Valencia,1,1,€ 287,2019/11/15,2019/11/16,4,"8,2",30
Musico Peydro Apartments,3765069,Apartamentos,Valencia,1,1,€ 407,2019/11/15,2019/11/16,0,"7,9",30
EL ATICO,5680427,Apartamento,Valencia,1,1,€ 107,2019/11/15,2019/11/16,0,,30
Hogar Dulce Hogar,5426607,NA,Valencia,1,1,€ 108,2019/11/15,2019/11/16,0,,30
Hotel Cosmo,4838858,NA,Valencia,1,1,€ 132,2019/11/15,2019/11/16,3,,30
Habitaciones con encanto,5629632,NA,Valencia,1,1,€ 150,2019/11/15,2019/11/16,0,,30
Apartamentos Plaza Picasso,97063,Apartamentos,Valencia,1,1,€ 140,2019/11/15,2019/11/16,0,"8,5",30
B&B Hi Valencia Boutique,1301725,NA,Valencia,1,1,€ 145,2019/11/15,2019/11/16,0,"8,8",30
Apartment Sofi,2830696,Apartamento,Valencia,1,1,NA,2019/11/15,2019/11/16,0,"9,8",30
Hotel Kramer,91106,NA,Valencia,1,1,€ 153,2019/11/15,2019/11/16,3,"8,9",30
Casa del Patriarca,364834,NA,Valencia,1,1,€ 157,2019/11/15,2019/11/16,0,"8,9",30
Zalamera BnB,1331238,NA,Valencia,1,1,€ 165,2019/11/15,2019/11/16,0,"8,7",30
Melia Valencia,290493,NA,Valencia,1,1,€ 166,2019/11/15,2019/11/16,4,"8,8",30
UNIK. Apartments Valencia,2241282,Apartamentos,Valencia,1,1,€ 168,2019/11/15,2019/11/16,0,"8,5",30
Soho Valencia,1538641,Apartahotel,Valencia,1,1,€ 169,2019/11/15,2019/11/16,0,"8,9",30
PORT VALENCIA PLAYA,5259971,Apartamento,Valencia,1,1,NA,2019/11/15,2019/11/16,0,"9,8",30
Hotel El Siglo,1741479,NA,Valencia,1,1,€ 173,2019/11/15,2019/11/16,3,"8,5",30
Ilunion Aqua 4,92777,NA,Valencia,1,1,€ 173,2019/11/15,2019/11/16,4,"8,6",30
Hotel San Lorenzo Boutique,1307718,NA,Valencia,1,1,€ 180,2019/11/15,2019/11/16,3,"8,6",30
Les flors,3985046,Apartamento,Valencia,1,1,€ 188,2019/11/15,2019/11/16,0,"8,7",30
Hotel Dimar,90886,NA,Valencia,1,1,€ 189,2019/11/15,2019/11/16,4,"8,7",30
Petit Palace Ruzafa,90792,NA,Valencia,1,1,€ 194,2019/11/15,2019/11/16,3,"8,7",30
Apartamento Comedias,2236348,Apartamento,Valencia,1,1,NA,2019/11/15,2019/11/16,0,"9,8",30
Casual Vintage Valencia,1710241,NA,Valencia,1,1,€ 200,2019/11/15,2019/11/16,2,"8,6",30
Apartments Madrina,3278589,Apartamentos,Valencia,1,1,€ 200,2019/11/15,2019/11/16,0,"8,9",30
One Shot Colón 46,1394168,NA,Valencia,1,1,€ 203,2019/11/15,2019/11/16,3,"8,7",30
Melia Plaza Valencia,13270,NA,Valencia,1,1,€ 209,2019/11/15,2019/11/16,4,"8,9",30
AC Hotel Colon Valencia,1117150,NA,Valencia,1,1,€ 209,2019/11/15,2019/11/16,4,"8,7",30
One Shot Palacio Reina Victoria 04,90885,NA,Valencia,1,1,€ 212,2019/11/15,2019/11/16,4,"8,6",30
VIVIENDA DISEÑO CON JARDÍN INTERIOR,4314054,Apartamento,Valencia,1,1,NA,2019/11/15,2019/11/16,0,"9,7",30
Hi Valencia Cánovas,4312120,Apartamentos,Valencia,1,1,€ 214,2019/11/15,2019/11/16,0,"8,9",30
ValentiaApartments - MercadoCentral,4185241,Apartamentos,Valencia,1,1,€ 219,2019/11/15,2019/11/16,0,"8,8",30
AC Hotel Valencia,91063,NA,Valencia,1,1,€ 220,2019/11/15,2019/11/16,4,"8,5",30
Hotel Valencia Oceanic Managed by Melia Hotels International,91522,NA,Valencia,1,1,€ 227,2019/11/15,2019/11/16,4,"8,6",30
El Palacete Gran Via,3483148,NA,Valencia,1,1,€ 235,2019/11/15,2019/11/16,0,"8,8",30
Ramirez Flats & Bar,4124528,Apartahotel,Valencia,1,1,€ 144,2019/11/15,2019/11/16,0,"9,5",30
BONNIES Suites & Spa Valencia,3631910,Apartamentos,Valencia,1,1,€ 276,2019/11/15,2019/11/16,0,"9,8",30
Valencia Apartamentos Goya,4256653,Apartamentos,Valencia,1,1,NA,2019/11/15,2019/11/16,0,10,30
MARQUÉS HOUSE 4* SUP,2118880,NA,Valencia,1,1,€ 349,2019/11/15,2019/11/16,4,"9,5",30
Cantagua Hostel,4074640,NA,Valencia,1,1,€ 24,2019/11/15,2019/11/16,0,"9,1",30
Host & Home,1663785,NA,Valencia,1,1,€ 74,2019/11/15,2019/11/16,0,9,30
YOU & CO. Saler Beach Boutique,4533007,NA,Valencia,1,1,€ 84,2019/11/15,2019/11/16,3,9,30
RUZAFA. Nice apartment and Terrace.,4368595,Apartamento,Valencia,1,1,€ 100,2019/11/15,2019/11/16,0,"9,3",30
Apartamentos La más Bonita,2816245,Apartamentos,Valencia,1,1,€ 113,2019/11/15,2019/11/16,0,9,30
LOFT apartamento duplex en Valencia con parking gratis,5519008,Apartamento,Valencia,1,1,NA,2019/11/15,2019/11/16,0,"9,9",30
Apartamentos Edificio Palomar,189277,Apartamentos,Valencia,1,1,€ 119,2019/11/15,2019/11/16,0,"9,2",30
OCEANOGRAFIC APARTMENT. PARKING. WI-FI,3107716,Apartamentos,Valencia,1,1,€ 130,2019/11/15,2019/11/16,0,9,30
Edificio Pentagono,4673669,Apartamento,Valencia,1,1,€ 145,2019/11/15,2019/11/16,0,9,30
Jardín Botánico Hotel Boutique,93369,NA,Valencia,1,1,€ 145,2019/11/15,2019/11/16,3,9,30
Apartament Cura Femenia,2010355,Apartamento,Valencia,1,1,€ 146,2019/11/15,2019/11/16,0,"9,3",30
Original Domino House,5434091,NA,Valencia,1,1,€ 148,2019/11/15,2019/11/16,0,9,30
Apartment in the Heart of Valencia,4616217,Apartamento,Valencia,1,1,NA,2019/11/15,2019/11/16,0,"9,9",30
Rooms Ciencias,94126,NA,Valencia,1,1,€ 149,2019/11/15,2019/11/16,0,9,30
B BEACH VALENCIA,5125954,Apartamento,Valencia,1,1,€ 150,2019/11/15,2019/11/16,0,"9,1",30
ARENAS 2 APARTAMENT,2808815,Apartamento,Valencia,1,1,€ 150,2019/11/15,2019/11/16,0,9,30
Valenciaflats Centro Ciudad,18544,Apartamentos,Valencia,1,1,€ 156,2019/11/15,2019/11/16,0,"9,2",30
Live in Chianti,2227491,NA,Valencia,1,1,€ 160,2019/11/15,2019/11/16,0,"9,1",30
Blanq Comedias,4922002,NA,Valencia,1,1,€ 162,2019/11/15,2019/11/16,0,9,30
Ático Valencia Centro,4358939,Apartamento,Valencia,1,1,NA,2019/11/15,2019/11/16,0,"9,9",30
Apartamentos Wallace,1698355,Apartamentos,Valencia,1,1,€ 170,2019/11/15,2019/11/16,0,"9,2",30
Valenciaflats Ciudad de las Ciencias,93676,Apartamentos,Valencia,1,1,€ 170,2019/11/15,2019/11/16,0,"9,1",30
One Shot Mercat 09,2274203,NA,Valencia,1,1,€ 195,2019/11/15,2019/11/16,4,"9,1",30
Mon Suites San Martin,2777545,Apartamentos,Valencia,1,1,€ 238,2019/11/15,2019/11/16,0,"9,4",30
NH Collection Colón Valencia,3828811,NA,Valencia,1,1,€ 239,2019/11/15,2019/11/16,4,"9,2",30
