name,propertyId,propertyType,city,rooms,days,price,checkIn,checkOut,stars,score,advance
Apartamento con terraza,5238122,NA,Valencia,1,1,€ 240,2019/11/08,2019/11/09,0,,14
"Flat ""Ca Alexandre""",3687859,NA,Valencia,1,1,€ 240,2019/11/08,2019/11/09,0,,14
Apartamento en la Ciudad de las Artes y las Ciencias,3552283,NA,Valencia,1,1,NA,2019/11/08,2019/11/09,0,"9,4",14
Apartment Carrer de Don Juan de Austria,5464038,NA,Valencia,1,1,€ 279,2019/11/08,2019/11/09,0,,14
LACASAMALVA1 PLAYA DE VALENCIA,5679960,NA,Valencia,1,1,€ 298,2019/11/08,2019/11/09,0,,14
Apartment Carrer de Josep Aguirre,5646705,NA,Valencia,1,1,€ 608,2019/11/08,2019/11/09,0,,14
Apartamento Playa Wifi Gratis,3495634,NA,Valencia,1,1,€ 140,2019/11/08,2019/11/09,0,"9,3",14
Casual Socarrat Valencia,5142800,NA,Valencia,1,1,€ 145,2019/11/08,2019/11/09,3,"9,1",14
Opera House Valencia B&B,3533887,NA,Valencia,1,1,NA,2019/11/08,2019/11/09,0,"9,5",14
ARENAS 2 APARTAMENT,2808815,NA,Valencia,1,1,€ 150,2019/11/08,2019/11/09,0,9,14
B BEACH VALENCIA,5125954,NA,Valencia,1,1,€ 150,2019/11/08,2019/11/09,0,"9,1",14
Duplex en Blasco Ibáñez,3672426,NA,Valencia,1,1,€ 155,2019/11/08,2019/11/09,0,"9,1",14
MYR Hotel Plaza Mercado & Spa,1619029,NA,Valencia,1,1,€ 159,2019/11/08,2019/11/09,0,"9,2",14
Las Arenas Balneario Resort,91144,NA,Valencia,1,1,€ 162,2019/11/08,2019/11/09,5,9,14
Mon Suites San Martin,2777545,NA,Valencia,1,1,€ 165,2019/11/08,2019/11/09,0,"9,4",14
Constitución,4229663,NA,Valencia,1,1,NA,2019/11/08,2019/11/09,0,"9,5",14
Mediterranean Flats Plaza Redonda,4086496,NA,Valencia,1,1,€ 166,2019/11/08,2019/11/09,0,"9,2",14
NH Collection Colón Valencia,3828811,NA,Valencia,1,1,€ 175,2019/11/08,2019/11/09,4,"9,2",14
One Shot Mercat 09,2274203,NA,Valencia,1,1,€ 179,2019/11/08,2019/11/09,4,"9,1",14
Vincci Mercat,1279484,NA,Valencia,1,1,€ 182,2019/11/08,2019/11/09,4,9,14
Caro Hotel,348132,NA,Valencia,1,1,€ 239,2019/11/08,2019/11/09,5,"9,2",14
BUBUFLATS Mossén,1141763,NA,Valencia,1,1,€ 95,2019/11/08,2019/11/09,0,"8,9",14
Jardín Botánico Hotel Boutique,93369,NA,Valencia,1,1,€ 97,2019/11/08,2019/11/09,3,"8,9",14
Hi Valencia Apartments - Jorge Juan,2373701,NA,Valencia,1,1,€ 245,2019/11/08,2019/11/09,0,"9,4",14
La seda stay,3335523,NA,Valencia,1,1,NA,2019/11/08,2019/11/09,0,"9,7",14
Ca Carmela,2466364,NA,Valencia,1,1,€ 250,2019/11/08,2019/11/09,0,"9,1",14
Apartamento Bolseria 28,881275,NA,Valencia,1,1,NA,2019/11/08,2019/11/09,0,"9,5",14
Zalamera BnB,1331238,NA,Valencia,1,1,€ 98,2019/11/08,2019/11/09,0,"8,7",14
Hotel El Siglo,1741479,NA,Valencia,1,1,€ 98,2019/11/08,2019/11/09,3,"8,5",14
Soho Valencia,1538641,NA,Valencia,1,1,€ 99,2019/11/08,2019/11/09,0,"8,9",14
Malvarrosa Calle Pavia,3608764,NA,Valencia,1,1,€ 179,2019/11/08,2019/11/09,0,8,14
Loft el Carmen amazing views,4932621,NA,Valencia,1,1,€ 182,2019/11/08,2019/11/09,0,"8,1",14
Apartamento cerca Ciudad de las Ciencias con WIFI,3070842,NA,Valencia,1,1,NA,2019/11/08,2019/11/09,0,"9,4",14
Hostal la Barraca,350013,NA,Valencia,1,1,€ 65,2019/11/08,2019/11/09,0,"7,2",14
Avenida del Cid (Centrico),4737683,NA,Valencia,1,1,€ 65,2019/11/08,2019/11/09,0,"7,3",14
Apartment near Arts & Science,2062186,NA,Valencia,1,1,NA,2019/11/08,2019/11/09,0,"9,2",14
Casual Vintage Valencia,1710241,NA,Valencia,1,1,€ 100,2019/11/08,2019/11/09,2,"8,6",14
Apartment close to park Marchalenes,4418670,NA,Valencia,1,1,€ 100,2019/11/08,2019/11/09,0,"8,9",14
Zerka Centro,4425975,NA,Valencia,1,1,€ 219,2019/11/08,2019/11/09,0,"8,4",14
Turia Guesthouse - B&B,2884427,NA,Valencia,1,1,€ 265,2019/11/08,2019/11/09,0,"8,2",14
Les flors,3985046,NA,Valencia,1,1,€ 100,2019/11/08,2019/11/09,0,"8,7",14
Luxury Beach House,3602594,NA,Valencia,1,1,NA,2019/11/08,2019/11/09,0,"9,7",14
UP Hostel Valencia,1710137,NA,Valencia,1,1,€ 28,2019/11/08,2019/11/09,0,"7,7",14
Habitación Céntrica en Casa de Familia,4289877,NA,Valencia,1,1,€ 35,2019/11/08,2019/11/09,0,"7,8",14
Habitación San Cayetano,4624401,NA,Valencia,1,1,€ 40,2019/11/08,2019/11/09,0,"7,5",14
Citizentral Gascons,332095,NA,Valencia,1,1,€ 104,2019/11/08,2019/11/09,0,"8,8",14
Turia Burjassot 12,3237353,NA,Valencia,1,1,€ 105,2019/11/08,2019/11/09,0,"8,9",14
Hotel Dimar,90886,NA,Valencia,1,1,€ 108,2019/11/08,2019/11/09,4,"8,7",14
Pensión Universal,304276,NA,Valencia,1,1,€ 40,2019/11/08,2019/11/09,0,"7,9",14
MD PASEO RUZAFA CENTER,5374850,NA,Valencia,1,1,NA,2019/11/08,2019/11/09,0,"9,6",14
Hostal Moratin,326015,NA,Valencia,1,1,€ 42,2019/11/08,2019/11/09,1,"7,9",14
El Palacete Gran Via,3483148,NA,Valencia,1,1,€ 115,2019/11/08,2019/11/09,0,"8,7",14
Burjassot Mestalla,3058627,NA,Valencia,1,1,€ 115,2019/11/08,2019/11/09,0,"8,6",14
B&B Hi Valencia Boutique,1301725,NA,Valencia,1,1,€ 118,2019/11/08,2019/11/09,0,"8,7",14
Apartment Cabanyal,3172456,NA,Valencia,1,1,NA,2019/11/08,2019/11/09,0,"9,7",14
Catalonia Excelsior,90578,NA,Valencia,1,1,€ 120,2019/11/08,2019/11/09,3,"8,7",14
SH Valencia Palace,91497,NA,Valencia,1,1,€ 120,2019/11/08,2019/11/09,5,"8,5",14
MD Julio Antonio Apartment Center,3961049,NA,Valencia,1,1,€ 285,2019/11/08,2019/11/09,0,"9,2",14
Old Fisherman's House in Malvarrosa Beach,3618172,NA,Valencia,1,1,€ 384,2019/11/08,2019/11/09,0,"9,4",14
Casual del Cine Valencia,572187,NA,Valencia,1,1,€ 121,2019/11/08,2019/11/09,2,"8,6",14
Hotel Mediterraneo Valencia,92412,NA,Valencia,1,1,€ 123,2019/11/08,2019/11/09,3,"8,8",14
HOSTAL BED OF THE SEA,3974636,NA,Valencia,1,1,€ 70,2019/11/08,2019/11/09,0,"7,1",14
Plaza Redonda house.,4399973,NA,Valencia,1,1,€ 70,2019/11/08,2019/11/09,0,"7,4",14
Mi casa es vuestra casa,4967097,NA,Valencia,1,1,€ 70,2019/11/08,2019/11/09,0,"7,1",14
Centro Valencia Calle Cerrajeros,3476261,NA,Valencia,1,1,€ 75,2019/11/08,2019/11/09,0,"7,1",14
Cosy Rooms Embajador,369728,NA,Valencia,1,1,€ 78,2019/11/08,2019/11/09,2,"7,4",14
Guest House Samuel Ros,4161855,NA,Valencia,1,1,€ 90,2019/11/08,2019/11/09,0,"7,2",14
Art&Flats Bed&Breakfast,5238345,NA,Valencia,1,1,€ 40,2019/11/08,2019/11/09,0,"8,8",14
Quart Youth Hostel,476418,NA,Valencia,1,1,€ 45,2019/11/08,2019/11/09,0,"8,6",14
Valencia Suits You Citytel,1106307,NA,Valencia,1,1,€ 48,2019/11/08,2019/11/09,2,"8,6",14
AC Hotel Colon Valencia,1117150,NA,Valencia,1,1,€ 123,2019/11/08,2019/11/09,4,"8,7",14
ValentiaApartments - MercadoCentral,4185241,NA,Valencia,1,1,€ 126,2019/11/08,2019/11/09,0,"8,8",14
Ciudad Ciencias- Lujo- Parking- Wi-Fi.,4999636,NA,Valencia,1,1,NA,2019/11/08,2019/11/09,0,"9,8",14
Homestay Carrer Sagun,5006434,NA,Valencia,1,1,€ 50,2019/11/08,2019/11/09,0,"8,8",14
Estrella de russafa,5352439,NA,Valencia,1,1,€ 50,2019/11/08,2019/11/09,0,"8,7",14
Voyagers Inn Homestay,2682156,NA,Valencia,1,1,€ 45,2019/11/08,2019/11/09,0,"7,8",14
Valencia City Host,1177077,NA,Valencia,1,1,€ 49,2019/11/08,2019/11/09,0,"7,7",14
Aventura,5567318,NA,Valencia,1,1,€ 50,2019/11/08,2019/11/09,0,"7,9",14
La Casa Verde - Ruzafa,2029143,NA,Valencia,1,1,NA,2019/11/08,2019/11/09,0,"9,7",14
Hotel Neptuno,91206,NA,Valencia,1,1,€ 126,2019/11/08,2019/11/09,4,"8,5",14
Barceló Valencia,91988,NA,Valencia,1,1,€ 126,2019/11/08,2019/11/09,4,"8,7",14
Lotelito,570027,NA,Valencia,1,1,€ 129,2019/11/08,2019/11/09,0,"8,9",14
APARTAMENTO CENTRICO. WI-FI. PARKING,2967593,NA,Valencia,1,1,NA,2019/11/08,2019/11/09,0,"9,1",14
NWT Monserrat,3728842,NA,Valencia,1,1,€ 94,2019/11/08,2019/11/09,0,7,14
Petit Palace Plaza de la Reina,90443,NA,Valencia,1,1,€ 129,2019/11/08,2019/11/09,3,"8,7",14
València Centre Torres de Quart,886289,NA,Valencia,1,1,€ 133,2019/11/08,2019/11/09,0,"8,9",14
Premium Apartments,486507,NA,Valencia,1,1,€ 104,2019/11/08,2019/11/09,0,"6,9",14
Best Valencia Beach Flat,3246772,NA,Valencia,1,1,€ 196,2019/11/08,2019/11/09,0,"7,1",14
MD Puerto Rico Apartment Ruzafa,3737151,NA,Valencia,1,1,€ 289,2019/11/08,2019/11/09,0,"7,4",14
Habitación en Colon,2246576,NA,Valencia,1,1,€ 40,2019/11/08,2019/11/09,0,"6,7",14
Guest House Lebon,3124256,NA,Valencia,1,1,€ 60,2019/11/08,2019/11/09,0,"6,8",14
Hotel Boutique Balandret,1281710,NA,Valencia,1,1,NA,2019/11/08,2019/11/09,3,"9,2",14
Habitaciones Rusafa,5604325,NA,Valencia,1,1,€ 50,2019/11/08,2019/11/09,0,"7,8",14
Habitacion por dias Centro Valencia,3977106,NA,Valencia,1,1,€ 53,2019/11/08,2019/11/09,0,"7,8",14
ApartUP Patacona Select,4972015,NA,Valencia,1,1,NA,2019/11/08,2019/11/09,0,"9,9",14
Hospederia del Pilar,327766,NA,Valencia,1,1,€ 54,2019/11/08,2019/11/09,0,"7,9",14
Eurostars Acteón,90495,NA,Valencia,1,1,€ 53,2019/11/08,2019/11/09,4,"8,5",14
Home Youth Hostel by Feetup Hostels,189322,NA,Valencia,1,1,€ 53,2019/11/08,2019/11/09,0,"8,8",14
Como en casa,4802186,NA,Valencia,1,1,€ 54,2019/11/08,2019/11/09,0,"7,9",14
Casual Civilizaciones Valencia,449777,NA,Valencia,1,1,€ 55,2019/11/08,2019/11/09,0,"7,9",14
Hotel Beleret,94652,NA,Valencia,1,1,€ 57,2019/11/08,2019/11/09,3,"7,6",14
Dreams Rental City Hall,337092,NA,Valencia,1,1,€ 280,2019/11/08,2019/11/09,0,"6,5",14
Fun and Sun Center 2,2944416,NA,Valencia,1,1,€ 32,2019/11/08,2019/11/09,0,6,14
Loft Central Market - Breakfast Juice!,3187998,NA,Valencia,1,1,€ 115,2019/11/08,2019/11/09,0,"6,4",14
YOU & CO. Saler Beach Boutique,4533007,NA,Valencia,1,1,€ 55,2019/11/08,2019/11/09,3,"8,9",14
Ilunion Valencia 3,92818,NA,Valencia,1,1,€ 58,2019/11/08,2019/11/09,3,"7,9",14
Rooms Valencia Center,5507857,NA,Valencia,1,1,€ 59,2019/11/08,2019/11/09,0,"7,7",14
Disfruta - Enjoy Valencia Ayuntamiento,4901194,NA,Valencia,1,1,NA,2019/11/08,2019/11/09,0,"9,6",14
Hostal Bisbal,235665,NA,Valencia,1,1,€ 60,2019/11/08,2019/11/09,1,"7,5",14
Room in apartment,3701648,NA,Valencia,1,1,€ 60,2019/11/08,2019/11/09,0,"7,7",14
Attic Rooms in Botánico,5522932,NA,Valencia,1,1,€ 60,2019/11/08,2019/11/09,0,"7,6",14
Checkin Valencia,93743,NA,Valencia,1,1,€ 62,2019/11/08,2019/11/09,4,"7,8",14
RoomTuristValencia - Ruzafa,4608394,NA,Valencia,1,1,€ 33,2019/11/08,2019/11/09,0,"5,5",14
Ruzafa Guesthouse,2269176,NA,Valencia,1,1,€ 35,2019/11/08,2019/11/09,0,"5,5",14
Gon & Diego House,4899561,NA,Valencia,1,1,€ 40,2019/11/08,2019/11/09,0,"5,4",14
Fun&Happy VLC Center,3542906,NA,Valencia,1,1,NA,2019/11/08,2019/11/09,0,"9,2",14
Expo Hotel Valencia,91223,NA,Valencia,1,1,€ 63,2019/11/08,2019/11/09,3,"7,6",14
Valencia B&B,2658386,NA,Valencia,1,1,€ 59,2019/11/08,2019/11/09,0,"5,5",14
Guest House Higinio Noja,2845935,NA,Valencia,1,1,€ 60,2019/11/08,2019/11/09,0,"5,9",14
Guest House Torres de Quart,2275006,NA,Valencia,1,1,€ 33,2019/11/08,2019/11/09,0,"5,3",14
Guest House Ruzafa,2324552,NA,Valencia,1,1,€ 45,2019/11/08,2019/11/09,0,"5,1",14
RoomTuristValencia Estacion del Norte,4682632,NA,Valencia,1,1,€ 55,2019/11/08,2019/11/09,0,5,14
Red Nest Hostel,92283,NA,Valencia,1,1,€ 50,2019/11/08,2019/11/09,0,"8,2",14
Hotel Villacarlos,90730,NA,Valencia,1,1,€ 58,2019/11/08,2019/11/09,3,8,14
Musico Art Flat,2925957,NA,Valencia,1,1,NA,2019/11/08,2019/11/09,0,"9,6",14
Dormavalencia Hostel,249585,NA,Valencia,1,1,€ 59,2019/11/08,2019/11/09,1,"8,2",14
Urban Youth Hostel,1163025,NA,Valencia,1,1,€ 61,2019/11/08,2019/11/09,0,"8,4",14
Ilunion Valencia 4,754329,NA,Valencia,1,1,€ 64,2019/11/08,2019/11/09,4,"8,1",14
Hostal Abastos,257057,NA,Valencia,1,1,€ 66,2019/11/08,2019/11/09,2,"8,2",14
Tryp Valencia Feria,92852,NA,Valencia,1,1,€ 68,2019/11/08,2019/11/09,4,"8,4",14
Residencia Universitaria Damia Bonet,247451,NA,Valencia,1,1,€ 69,2019/11/08,2019/11/09,0,"8,3",14
Apartment Plaza Cisneros,1273377,NA,Valencia,1,1,NA,2019/11/08,2019/11/09,0,"9,7",14
NH Valencia Las Ciencias,90725,NA,Valencia,1,1,€ 69,2019/11/08,2019/11/09,3,8,14
Center Valencia Youth Hostel,246931,NA,Valencia,1,1,€ 70,2019/11/08,2019/11/09,0,8,14
Sol Playa,12656,NA,Valencia,1,1,€ 70,2019/11/08,2019/11/09,2,"8,3",14
Eurostars Rey Don Jaime,91520,NA,Valencia,1,1,€ 71,2019/11/08,2019/11/09,4,"8,2",14
Apartment Vicent,1674495,NA,Valencia,1,1,€ 72,2019/11/08,2019/11/09,0,"8,3",14
NH Ciudad de Valencia,90729,NA,Valencia,1,1,€ 73,2019/11/08,2019/11/09,3,"8,1",14
Colors Rooms,675839,NA,Valencia,1,1,NA,2019/11/08,2019/11/09,0,"9,6",14
Reina 12,1684198,NA,Valencia,1,1,€ 74,2019/11/08,2019/11/09,0,"8,3",14
Aparthotel Valencia Rental,17344,NA,Valencia,1,1,€ 74,2019/11/08,2019/11/09,0,8,14
City Suites Apartments,3091106,NA,Valencia,1,1,€ 74,2019/11/08,2019/11/09,0,"8,3",14
Ilunion Aqua 3,92776,NA,Valencia,1,1,€ 74,2019/11/08,2019/11/09,3,"8,3",14
L'Otelet By Sweet,1467935,NA,Valencia,1,1,€ 77,2019/11/08,2019/11/09,0,"8,3",14
Nanit Valencia Hostel,3913497,NA,Valencia,1,1,€ 80,2019/11/08,2019/11/09,0,"8,4",14
L'Esplai Valencia Bed & Breakfast,1282556,NA,Valencia,1,1,NA,2019/11/08,2019/11/09,0,"9,5",14
Happy Apartments Valencia – Lope de Vega,575582,NA,Valencia,1,1,€ 84,2019/11/08,2019/11/09,0,"8,1",14
Lindala,5250762,NA,Valencia,1,1,€ 69,2019/11/08,2019/11/09,0,"9,6",14
Apartamentos Navío,5647176,NA,Valencia,1,1,€ 70,2019/11/08,2019/11/09,0,"9,9",14
Valencia Apartamentos Goya,4256653,NA,Valencia,1,1,NA,2019/11/08,2019/11/09,0,10,14
Happy Apartments Valencia,456043,NA,Valencia,1,1,€ 84,2019/11/08,2019/11/09,0,"8,2",14
Hotel Valencia Center,91285,NA,Valencia,1,1,€ 84,2019/11/08,2019/11/09,4,"8,4",14
Hostal Penalty,189209,NA,Valencia,1,1,€ 85,2019/11/08,2019/11/09,1,8,14
Loft Valencia Playa,3954993,NA,Valencia,1,1,€ 75,2019/11/08,2019/11/09,0,"9,7",14
LOFT apartamento duplex en Valencia con parking gratis,5519008,NA,Valencia,1,1,€ 85,2019/11/08,2019/11/09,0,"9,9",14
Holiday Inn Express Ciudad de las Ciencias,96737,NA,Valencia,1,1,€ 86,2019/11/08,2019/11/09,3,8,14
Apartments Downtown Valencia,2250421,NA,Valencia,1,1,€ 90,2019/11/08,2019/11/09,0,"9,6",14
Bubuflats Bubu 3,1014334,NA,Valencia,1,1,€ 95,2019/11/08,2019/11/09,0,"9,5",14
Espai One Santa Mónica,5471724,NA,Valencia,1,1,€ 95,2019/11/08,2019/11/09,0,"9,8",14
Casa La Buhardilla,2985364,NA,Valencia,1,1,€ 97,2019/11/08,2019/11/09,0,"9,6",14
PLAYA POBLA DE FARNALS,5508533,NA,Valencia,1,1,NA,2019/11/08,2019/11/09,0,10,14
Ramirez Flats & Bar,4124528,NA,Valencia,1,1,€ 104,2019/11/08,2019/11/09,0,"9,5",14
Hotel Cosmo,4838858,NA,Valencia,1,1,€ 117,2019/11/08,2019/11/09,3,"9,9",14
Apartments Torres de Serranos Valencia,1099602,NA,Valencia,1,1,€ 122,2019/11/08,2019/11/09,0,"9,7",14
Disfruta - Enjoy Valencia Ruzafa,3890328,NA,Valencia,1,1,€ 149,2019/11/08,2019/11/09,0,"9,7",14
Disfruta - Enjoy Valencia Oceanografic,4121345,NA,Valencia,1,1,€ 149,2019/11/08,2019/11/09,0,"9,6",14
Apartment Sofi,2830696,NA,Valencia,1,1,€ 150,2019/11/08,2019/11/09,0,"9,8",14
Cómoda habitación Valencia,4200488,NA,Valencia,1,1,NA,2019/11/08,2019/11/09,0,"9,6",14
Apartamento centro,3160737,NA,Valencia,1,1,€ 150,2019/11/08,2019/11/09,0,"9,7",14
RUZAFA- CENTRO-A/C- WI-FI- PARKING,2885994,NA,Valencia,1,1,€ 160,2019/11/08,2019/11/09,0,"9,7",14
MARQUÉS HOUSE 4* SUP,2118880,NA,Valencia,1,1,€ 189,2019/11/08,2019/11/09,4,"9,5",14
Casa Calle Conquista,4691493,NA,Valencia,1,1,€ 240,2019/11/08,2019/11/09,0,"9,6",14
Cantagua Hostel,4074640,NA,Valencia,1,1,€ 44,2019/11/08,2019/11/09,0,"9,1",14
Florista's Room en Valencia,5502152,NA,Valencia,1,1,€ 50,2019/11/08,2019/11/09,0,"9,2",14
Hexagonal Design Apartment Valencia,4630643,NA,Valencia,1,1,NA,2019/11/08,2019/11/09,0,"9,6",14
Habitación privada a 1500 metros de la playa,3789910,NA,Valencia,1,1,€ 60,2019/11/08,2019/11/09,0,"9,3",14
Comfort Homestay,5423155,NA,Valencia,1,1,€ 67,2019/11/08,2019/11/09,0,9,14
Nest Style Valencia,5219046,NA,Valencia,1,1,€ 68,2019/11/08,2019/11/09,3,"9,3",14
Host & Home,1663785,NA,Valencia,1,1,€ 74,2019/11/08,2019/11/09,0,9,14
Blanq Comedias,4922002,NA,Valencia,1,1,€ 81,2019/11/08,2019/11/09,0,9,14
