name,propertyId,propertyType,city,rooms,days,price,checkIn,checkOut,stars,score,advance
Hotel Cosmo,4838858,NA,Valencia,1,1,€ 247,2019/11/30,2019/12/01,3,"9,8",30
MARQUÉS HOUSE 4* SUP,2118880,NA,Valencia,1,1,€ 309,2019/11/30,2019/12/01,4,"9,4",30
PLAYA POBLA DE FARNALS,5508533,NA,Valencia,1,1,NA,2019/11/30,2019/12/01,0,10,30
Ramirez Flats & Bar,4124528,NA,Valencia,1,1,€ 315,2019/11/30,2019/12/01,0,"9,5",30
Host & Home,1663785,NA,Valencia,1,1,€ 221,2019/11/30,2019/12/01,0,9,30
Citizentral Juristas,1113127,NA,Valencia,1,1,€ 240,2019/11/30,2019/12/01,0,"9,2",30
Valenciaflats Centro Ciudad,18544,NA,Valencia,1,1,€ 258,2019/11/30,2019/12/01,0,"9,2",30
MD Design Hotel - Portal del Real,2391685,NA,Valencia,1,1,€ 266,2019/11/30,2019/12/01,2,"9,1",30
Blanq Comedias,4922002,NA,Valencia,1,1,€ 270,2019/11/30,2019/12/01,0,9,30
MerKat-Abastos,1231196,NA,Valencia,1,1,NA,2019/11/30,2019/12/01,0,"9,6",30
Apartamentos Wallace,1698355,NA,Valencia,1,1,€ 276,2019/11/30,2019/12/01,0,"9,2",30
Valenciaflats Mercado Central,307677,NA,Valencia,1,1,€ 276,2019/11/30,2019/12/01,0,9,30
Mon Suites Catedral,485679,NA,Valencia,1,1,€ 281,2019/11/30,2019/12/01,0,"9,2",30
Las Arenas Balneario Resort,91144,NA,Valencia,1,1,€ 297,2019/11/30,2019/12/01,5,9,30
MYR Hotel Plaza Mercado & Spa,1619029,NA,Valencia,1,1,€ 319,2019/11/30,2019/12/01,0,"9,2",30
Vincci Mercat,1279484,NA,Valencia,1,1,€ 356,2019/11/30,2019/12/01,4,9,30
Apartamento Forn dels Apòstols,3122008,NA,Valencia,1,1,NA,2019/11/30,2019/12/01,0,"9,6",30
Rooms Ciencias,94126,NA,Valencia,1,1,€ 378,2019/11/30,2019/12/01,0,9,30
APARTAMENTO CENTRICO. WI-FI. PARKING,2967593,NA,Valencia,1,1,€ 400,2019/11/30,2019/12/01,0,"9,1",30
Valenciaflats Ciudad de las Ciencias,93676,NA,Valencia,1,1,€ 432,2019/11/30,2019/12/01,0,"9,1",30
Caro Hotel,348132,NA,Valencia,1,1,€ 745,2019/11/30,2019/12/01,5,"9,2",30
Home Youth Hostel by Feetup Hostels,189322,NA,Valencia,1,1,€ 55,2019/11/30,2019/12/01,0,"8,8",30
YOU & CO. Saler Beach Boutique,4533007,NA,Valencia,1,1,€ 158,2019/11/30,2019/12/01,3,"8,9",30
Apartamento,3139431,NA,Valencia,1,1,NA,2019/11/30,2019/12/01,0,"9,5",30
Sercotel Sorolla Palace,93646,NA,Valencia,1,1,€ 172,2019/11/30,2019/12/01,4,"8,6",30
Hotel Kramer,91106,NA,Valencia,1,1,€ 204,2019/11/30,2019/12/01,3,"8,8",30
Reina Rooms,4211140,NA,Valencia,1,1,€ 204,2019/11/30,2019/12/01,0,"8,9",30
Citizentral Gascons,332095,NA,Valencia,1,1,€ 207,2019/11/30,2019/12/01,0,"8,8",30
Petit Palace Ruzafa,90792,NA,Valencia,1,1,€ 215,2019/11/30,2019/12/01,3,"8,7",30
Aventura,5567318,NA,Valencia,1,1,€ 150,2019/11/30,2019/12/01,0,"7,8",30
Room in apartment,3701648,NA,Valencia,1,1,€ 160,2019/11/30,2019/12/01,0,"7,7",30
Chic and Central- in a lively but quiet area. All walking distance.,3649090,NA,Valencia,1,1,NA,2019/11/30,2019/12/01,0,"9,5",30
Adrian's House,2271869,NA,Valencia,1,1,€ 170,2019/11/30,2019/12/01,0,"7,7",30
Habitaciones Rusafa,5604325,NA,Valencia,1,1,€ 180,2019/11/30,2019/12/01,0,"7,7",30
Hotel Turia,14441,NA,Valencia,1,1,€ 185,2019/11/30,2019/12/01,4,"7,5",30
OYO Pensión El Rincón,476031,NA,Valencia,1,1,€ 201,2019/11/30,2019/12/01,1,"7,5",30
Mi casa es vuestra casa,4967097,NA,Valencia,1,1,€ 70,2019/11/30,2019/12/01,0,"7,1",30
NWT Central Station Valencia,1647017,NA,Valencia,1,1,€ 169,2019/11/30,2019/12/01,0,"7,1",30
Constitución,4229663,NA,Valencia,1,1,NA,2019/11/30,2019/12/01,0,"9,5",30
HOSTAL BED OF THE SEA,3974636,NA,Valencia,1,1,€ 200,2019/11/30,2019/12/01,0,"7,1",30
La Casa dei Fiori,2849727,NA,Valencia,1,1,€ 505,2019/11/30,2019/12/01,0,7,30
Hogar Dulce Hogar,5426607,NA,Valencia,1,1,€ 160,2019/11/30,2019/12/01,0,"6,8",30
Premium Apartments,486507,NA,Valencia,1,1,€ 250,2019/11/30,2019/12/01,0,"6,9",30
Ruzafa Guesthouse,2269176,NA,Valencia,1,1,€ 152,2019/11/30,2019/12/01,0,"5,5",30
Oliver,4865093,NA,Valencia,1,1,€ 223,2019/11/30,2019/12/01,0,"5,4",30
Casa Botànic - Céntrico y con comodidades,4218273,NA,Valencia,1,1,NA,2019/11/30,2019/12/01,0,"9,8",30
chicrooms,5696677,NA,Valencia,1,1,€ 75,2019/11/30,2019/12/01,0,"4,6",30
Guest House Duc de Gaeta,2275007,NA,Valencia,1,1,€ 143,2019/11/30,2019/12/01,0,"4,9",30
vosotros sereis parte de mi familia.,5299568,NA,Valencia,1,1,€ 65,2019/11/30,2019/12/01,0,,30
"Flat ""Ca Alexandre""",3687859,NA,Valencia,1,1,€ 240,2019/11/30,2019/12/01,0,,30
