name,propertyId,propertyType,city,rooms,days,price,checkIn,checkOut,stars,score,advance
Como en casa !!,5427108,NA,Valencia,1,1,€ 40,2019/10/11,2019/10/12,0,,7
Bright room with trundle bed,5560260,NA,Valencia,1,1,€ 46,2019/10/11,2019/10/12,0,,7
VIVIENDA DISEÑO CON JARDÍN INTERIOR,4314054,Apartamento,Valencia,1,1,NA,2019/10/11,2019/10/12,0,"9,8",7
vosotros sereis parte de mi familia.,5299568,NA,Valencia,1,1,€ 50,2019/10/11,2019/10/12,0,,7
Habitaciones con encanto,5629632,NA,Valencia,1,1,€ 50,2019/10/11,2019/10/12,0,,7
Hogar Dulce Hogar,5426607,NA,Valencia,1,1,€ 60,2019/10/11,2019/10/12,0,,7
Lindala,5250762,NA,Valencia,1,1,€ 64,2019/10/11,2019/10/12,0,,7
Apartamentos Navío,5647176,Apartamento,Valencia,1,1,€ 70,2019/10/11,2019/10/12,0,,7
Casa con terraza en valencia capital,5589846,Apartamento,Valencia,1,1,€ 74,2019/10/11,2019/10/12,0,,7
ApartUP L' Almoina,4220343,Apartamento,Valencia,1,1,NA,2019/10/11,2019/10/12,0,"9,7",7
Loft Turia Gran,5133726,Apartamento,Valencia,1,1,€ 95,2019/10/11,2019/10/12,0,,7
Kirei Apartment Dublin,4639542,Apartamento,Valencia,1,1,€ 115,2019/10/11,2019/10/12,0,,7
CASA MARQUES DE CARO,4472176,Apartamento,Valencia,1,1,€ 121,2019/10/11,2019/10/12,0,,7
Valencia Puerto Beach 3BD Apartment,5249773,Apartamento,Valencia,1,1,€ 144,2019/10/11,2019/10/12,0,,7
The White Apartment: Luxury- Beach and Design,5631365,Apartamento,Valencia,1,1,€ 167,2019/10/11,2019/10/12,0,,7
Ocean Aquarius,5314121,NA,Valencia,1,1,€ 200,2019/10/11,2019/10/12,0,,7
KOA Centric- comfy and relaxed with style in Ruzafa,4105224,Apartamento,Valencia,1,1,NA,2019/10/11,2019/10/12,0,"9,9",7
Apartment Carrer Ernesto Che Guevara,5598848,Apartamentos,Valencia,1,1,€ 211,2019/10/11,2019/10/12,0,,7
"Flat ""Ca Alexandre""",3687859,Apartamento,Valencia,1,1,€ 240,2019/10/11,2019/10/12,0,,7
Guest House Samuel Ros,4161855,NA,Valencia,1,1,€ 30,2019/10/11,2019/10/12,0,"7,3",7
feliz como en casa,3676196,NA,Valencia,1,1,€ 36,2019/10/11,2019/10/12,0,"7,2",7
La Morella del Carmen,5188541,Apartamento,Valencia,1,1,NA,2019/10/11,2019/10/12,0,"9,5",7
Hostal Residencial RR,450746,NA,Valencia,1,1,€ 40,2019/10/11,2019/10/12,0,7,7
Hostal Waksman,281139,NA,Valencia,1,1,€ 40,2019/10/11,2019/10/12,1,"7,3",7
HOSPEDAJE PESET,4718074,NA,Valencia,1,1,€ 40,2019/10/11,2019/10/12,0,"7,3",7
Habitación con cama doble,4794909,NA,Valencia,1,1,€ 41,2019/10/11,2019/10/12,0,7,7
PISO ACOGEDOR,4995780,NA,Valencia,1,1,€ 50,2019/10/11,2019/10/12,0,"7,1",7
B&B El Mercat,2203530,NA,Valencia,1,1,€ 55,2019/10/11,2019/10/12,0,"7,3",7
Mercado de Ruzafa- recién reformado AC y Wifi,4871568,NA,Valencia,1,1,NA,2019/10/11,2019/10/12,0,"9,9",7
La Flamenca,818359,NA,Valencia,1,1,€ 55,2019/10/11,2019/10/12,0,"7,2",7
Attic Rooms in Botánico,5522932,NA,Valencia,1,1,€ 55,2019/10/11,2019/10/12,0,"7,2",7
Governor Residence,3799760,Apartahotel,Valencia,1,1,€ 600,2019/10/11,2019/10/12,0,,7
Apartamento con terraza,5238122,Apartahotel,Valencia,1,1,€ 770,2019/10/11,2019/10/12,0,,7
Gulet Why Not,5199364,NA,Valencia,1,1,€ 3.000,2019/10/11,2019/10/12,0,,7
Homestay & OLEE,4132920,NA,Valencia,1,1,€ 58,2019/10/11,2019/10/12,0,"7,4",7
Mi casa es vuestra casa,4967097,NA,Valencia,1,1,€ 70,2019/10/11,2019/10/12,0,"7,1",7
Central Station Valencia Hostel,1647017,NA,Valencia,1,1,€ 74,2019/10/11,2019/10/12,0,"7,1",7
Malvarrosa Beach Rooms,314048,NA,Valencia,1,1,€ 80,2019/10/11,2019/10/12,2,7,7
Colors Rooms,675839,NA,Valencia,1,1,NA,2019/10/11,2019/10/12,0,"9,6",7
Centro Valencia Calle Cerrajeros,3476261,NA,Valencia,1,1,€ 80,2019/10/11,2019/10/12,0,"7,1",7
HOSTAL BED OF THE SEA,3974636,NA,Valencia,1,1,€ 82,2019/10/11,2019/10/12,0,"7,1",7
Cosy Rooms Bolsería,371606,NA,Valencia,1,1,€ 89,2019/10/11,2019/10/12,2,"7,4",7
NWT Monserrat,3728842,Apartamentos,Valencia,1,1,€ 114,2019/10/11,2019/10/12,0,7,7
Premium Apartments,486507,Apartamentos,Valencia,1,1,€ 119,2019/10/11,2019/10/12,0,7,7
Select Home Town Hall,1648016,Apartamentos,Valencia,1,1,€ 130,2019/10/11,2019/10/12,0,"7,4",7
Carmen Apartment,3308265,Apartamento,Valencia,1,1,NA,2019/10/11,2019/10/12,0,"9,6",7
Kirei Apartment En Llop,1765516,Apartamentos,Valencia,1,1,€ 184,2019/10/11,2019/10/12,0,"7,1",7
Best Valencia Beach Flat,3246772,Apartamento,Valencia,1,1,€ 192,2019/10/11,2019/10/12,0,"7,1",7
MD Villalonga Malvarosa Beach,3739661,Apartamento,Valencia,1,1,€ 490,2019/10/11,2019/10/12,0,"7,1",7
Guest House Lebon,3124256,NA,Valencia,1,1,€ 35,2019/10/11,2019/10/12,0,"6,8",7
Ruzafa Rooms,2891693,NA,Valencia,1,1,€ 50,2019/10/11,2019/10/12,0,"6,9",7
Ca Carmela,2466364,Casa o chalet,Valencia,1,1,€ 280,2019/10/11,2019/10/12,0,"9,1",7
The River Hostel,494202,NA,Valencia,1,1,€ 27,2019/10/11,2019/10/12,0,"8,5",7
El Corazon de Canovas,2634817,Apartamento,Valencia,1,1,NA,2019/10/11,2019/10/12,0,"9,5",7
Homestay Carrer Sagun,5006434,NA,Valencia,1,1,€ 40,2019/10/11,2019/10/12,0,"8,9",7
Quart Youth Hostel,476418,NA,Valencia,1,1,€ 48,2019/10/11,2019/10/12,0,"8,6",7
Moon Valencia,3560698,Apartamentos,Valencia,1,1,€ 55,2019/10/11,2019/10/12,0,"8,8",7
Russafa Youth Hostel,345134,NA,Valencia,1,1,€ 59,2019/10/11,2019/10/12,0,"8,6",7
Namaste Rooms,3799642,NA,Valencia,1,1,€ 65,2019/10/11,2019/10/12,0,"8,7",7
Palacios Rooms,2773548,NA,Valencia,1,1,€ 69,2019/10/11,2019/10/12,0,"8,6",7
Casa Botànic - Céntrico y con comodidades,4218273,Apartamento,Valencia,1,1,NA,2019/10/11,2019/10/12,0,"9,8",7
Sabía que venias!,3543756,NA,Valencia,1,1,€ 70,2019/10/11,2019/10/12,0,"8,6",7
Carrer de l'Escriptor Rafael Ferreres,4267645,Apartamento,Valencia,1,1,€ 70,2019/10/11,2019/10/12,0,"8,6",7
Valencia maritimo,3020748,Apartamento,Valencia,1,1,€ 70,2019/10/11,2019/10/12,0,"8,9",7
Habitación doble,3599930,NA,Valencia,1,1,€ 76,2019/10/11,2019/10/12,0,"8,9",7
Luz de Valencia,2076095,Apartamentos,Valencia,1,1,€ 79,2019/10/11,2019/10/12,0,"8,8",7
Apartamento Jesus De Medinaceli,1728697,Apartamentos,Valencia,1,1,€ 80,2019/10/11,2019/10/12,0,"8,6",7
La seda stay,3335523,Apartamento,Valencia,1,1,NA,2019/10/11,2019/10/12,0,"9,7",7
Apartamentos Turia,355328,Apartamentos,Valencia,1,1,€ 81,2019/10/11,2019/10/12,0,"8,7",7
València Centre Túria,2185255,Apartamento,Valencia,1,1,€ 85,2019/10/11,2019/10/12,0,"8,8",7
Home Youth Hostel by Feetup Hostels,189322,NA,Valencia,1,1,€ 85,2019/10/11,2019/10/12,0,"8,8",7
Hotel Malcom and Barret,483261,NA,Valencia,1,1,€ 85,2019/10/11,2019/10/12,3,"8,7",7
IVAM ESQUIFE,4908298,Apartamento,Valencia,1,1,€ 85,2019/10/11,2019/10/12,0,"8,5",7
Angel Guimera Rooms & Breakfast,2524241,NA,Valencia,1,1,€ 89,2019/10/11,2019/10/12,0,"8,9",7
Charming Ninetta,3220582,Apartamento,Valencia,1,1,NA,2019/10/11,2019/10/12,0,"9,5",7
APARTAMENTO LAS MELLIZAS,4651578,NA,Valencia,1,1,€ 45,2019/10/11,2019/10/12,0,"8,5",7
B&B Hi Valencia Boutique,1301725,NA,Valencia,1,1,€ 91,2019/10/11,2019/10/12,0,"8,7",7
Casa La Buhardilla,2985364,Apartamento,Valencia,1,1,€ 115,2019/10/11,2019/10/12,0,"9,6",7
Barracart Apartments,2125836,Apartamentos,Valencia,1,1,€ 137,2019/10/11,2019/10/12,0,"9,6",7
MerKat-Abastos,1231196,Apartamento,Valencia,1,1,NA,2019/10/11,2019/10/12,0,"9,7",7
Ad Hoc Carmen,1173270,NA,Valencia,1,1,€ 93,2019/10/11,2019/10/12,2,"8,9",7
ABCyou Bed&Breakfast,189207,NA,Valencia,1,1,€ 94,2019/10/11,2019/10/12,0,"8,5",7
Ramirez Flats & Bar,4124528,Apartahotel,Valencia,1,1,€ 150,2019/10/11,2019/10/12,0,"9,5",7
Disfruta - Enjoy Valencia Oceanografic,4121345,Apartamento,Valencia,1,1,€ 209,2019/10/11,2019/10/12,0,"9,6",7
MARQUÉS HOUSE 4* SUP,2118880,NA,Valencia,1,1,€ 229,2019/10/11,2019/10/12,4,"9,5",7
Cool Loft Malvarrosa Beach,4309218,Apartamento,Valencia,1,1,€ 279,2019/10/11,2019/10/12,0,"9,7",7
Cantagua Hostel,4074640,NA,Valencia,1,1,€ 24,2019/10/11,2019/10/12,0,"9,1",7
Habitación privada a 1500 metros de la playa,3789910,NA,Valencia,1,1,€ 60,2019/10/11,2019/10/12,0,"9,3",7
Casa Vich,4457634,Apartamento,Valencia,1,1,NA,2019/10/11,2019/10/12,0,"9,6",7
BUBUFLATS Mossén,1141763,Apartamentos,Valencia,1,1,€ 99,2019/10/11,2019/10/12,0,"8,9",7
YOU & CO. Saler Beach Boutique,4533007,NA,Valencia,1,1,€ 66,2019/10/11,2019/10/12,3,9,7
Original Domino House,5434091,NA,Valencia,1,1,€ 75,2019/10/11,2019/10/12,0,"9,2",7
Apartment close to park Marchalenes,4418670,Apartamento,Valencia,1,1,€ 86,2019/10/11,2019/10/12,0,9,7
Live in Chianti,2227491,NA,Valencia,1,1,€ 90,2019/10/11,2019/10/12,0,"9,1",7
Nest Style Valencia,5219046,NA,Valencia,1,1,€ 102,2019/10/11,2019/10/12,3,"9,4",7
Rooms Ciencias,94126,NA,Valencia,1,1,€ 105,2019/10/11,2019/10/12,0,9,7
Apartments Downtown Valencia,2250421,Apartamentos,Valencia,1,1,NA,2019/10/11,2019/10/12,0,"9,6",7
Luminoso piso + balcón en Valencia,4615515,Apartamento,Valencia,1,1,€ 107,2019/10/11,2019/10/12,0,"9,2",7
Ilunion Aqua 3,92776,NA,Valencia,1,1,€ 112,2019/10/11,2019/10/12,3,"8,3",7
Plaza de la Virgen,3167342,Apartamento,Valencia,1,1,€ 150,2019/10/11,2019/10/12,0,"8,8",7
Hotel Dimar,90886,NA,Valencia,1,1,€ 150,2019/10/11,2019/10/12,4,"8,7",7
Garden Turia Downtown,5201200,Apartamento,Valencia,1,1,NA,2019/10/11,2019/10/12,0,"9,9",7
Blanq Comedias,4922002,NA,Valencia,1,1,€ 108,2019/10/11,2019/10/12,0,"9,1",7
Valenciaflats Mercado Central,307677,Apartamentos,Valencia,1,1,€ 110,2019/10/11,2019/10/12,0,9,7
Kasa Katia Eco Guest House,636256,NA,Valencia,1,1,€ 110,2019/10/11,2019/10/12,0,"9,3",7
Maison Reina B&B,5004812,NA,Valencia,1,1,€ 110,2019/10/11,2019/10/12,0,"9,2",7
AC Hotel Valencia,91063,NA,Valencia,1,1,€ 156,2019/10/11,2019/10/12,4,"8,5",7
Petit Palace Ruzafa,90792,NA,Valencia,1,1,€ 157,2019/10/11,2019/10/12,3,"8,7",7
Lotelito,570027,NA,Valencia,1,1,€ 165,2019/10/11,2019/10/12,0,"8,9",7
Senator Parque Central Hotel,274963,NA,Valencia,1,1,€ 114,2019/10/11,2019/10/12,4,"8,1",7
Stay at Valencia Downtown,1840715,Apartamento,Valencia,1,1,NA,2019/10/11,2019/10/12,0,"9,6",7
Eurostars Rey Don Jaime,91520,NA,Valencia,1,1,€ 116,2019/10/11,2019/10/12,4,"8,2",7
Citizentral Juristas,1113127,Apartamentos,Valencia,1,1,€ 112,2019/10/11,2019/10/12,0,"9,2",7
Apartment Cabanyal,3172456,Apartamento,Valencia,1,1,NA,2019/10/11,2019/10/12,0,"9,7",7
Mon Suites San Nicolas,4117225,Apartamentos,Valencia,1,1,€ 115,2019/10/11,2019/10/12,0,"9,2",7
Hostal Venecia,92883,NA,Valencia,1,1,€ 116,2019/10/11,2019/10/12,2,"9,1",7
Piso como en tu casa 2,3834617,Apartamentos,Valencia,1,1,€ 119,2019/10/11,2019/10/12,0,"9,2",7
One Shot Colón 46,1394168,NA,Valencia,1,1,€ 169,2019/10/11,2019/10/12,3,"8,7",7
AC Hotel Colon Valencia,1117150,NA,Valencia,1,1,€ 178,2019/10/11,2019/10/12,4,"8,7",7
One Shot Palacio Reina Victoria 04,90885,NA,Valencia,1,1,€ 179,2019/10/11,2019/10/12,4,"8,6",7
Valencia center,3168460,Apartamento,Valencia,1,1,NA,2019/10/11,2019/10/12,0,"9,8",7
Lovely Apartment!,3377663,Apartamentos,Valencia,1,1,€ 117,2019/10/11,2019/10/12,0,"8,4",7
Apartamento frente al mar,3060802,Apartamento,Valencia,1,1,€ 119,2019/10/11,2019/10/12,0,"8,3",7
Zerka Centro,4425975,Apartamentos,Valencia,1,1,€ 119,2019/10/11,2019/10/12,0,"8,3",7
NH Valencia Center,90727,NA,Valencia,1,1,€ 122,2019/10/11,2019/10/12,4,"8,3",7
Valenciaflats Ciudad de las Ciencias,93676,Apartamentos,Valencia,1,1,€ 120,2019/10/11,2019/10/12,0,"9,1",7
15 Avinguda Mare Nostrum,4518973,Apartamento,Valencia,1,1,€ 125,2019/10/11,2019/10/12,0,"9,4",7
Hotel San Lorenzo Boutique,1307718,NA,Valencia,1,1,€ 189,2019/10/11,2019/10/12,3,"8,6",7
Vincci Palace,94163,NA,Valencia,1,1,€ 198,2019/10/11,2019/10/12,4,"8,7",7
SH Valencia Palace,91497,NA,Valencia,1,1,€ 200,2019/10/11,2019/10/12,5,"8,5",7
Holiday Inn Express Ciudad de las Ciencias,96737,NA,Valencia,1,1,€ 126,2019/10/11,2019/10/12,3,8,7
PORT VALENCIA PLAYA,5259971,Apartamento,Valencia,1,1,NA,2019/10/11,2019/10/12,0,"9,8",7
Valenciaflats Torres de Serrano,17468,Apartamentos,Valencia,1,1,€ 130,2019/10/11,2019/10/12,0,"8,3",7
United Colors of Apartments - Catedral,1301545,Apartamentos,Valencia,1,1,€ 131,2019/10/11,2019/10/12,0,"8,2",7
NWT Central Station Apartments,3964093,Apartamento,Valencia,1,1,€ 134,2019/10/11,2019/10/12,0,"8,2",7
Vincci Lys,91183,NA,Valencia,1,1,€ 209,2019/10/11,2019/10/12,4,"8,9",7
Petit Palace Plaza de la Reina,90443,NA,Valencia,1,1,€ 234,2019/10/11,2019/10/12,3,"8,7",7
Hospes Palau de La Mar,93823,NA,Valencia,1,1,€ 239,2019/10/11,2019/10/12,5,"8,8",7
Valencia Just in the Middle,2965508,Apartamento,Valencia,1,1,NA,2019/10/11,2019/10/12,0,"9,9",7
Flatsforyou Las Arcadias,473415,Apartamentos,Valencia,1,1,€ 140,2019/10/11,2019/10/12,0,"8,4",7
Old Town Flats Casa Burguerini,4552106,Apartamentos,Valencia,1,1,€ 151,2019/10/11,2019/10/12,0,"8,1",7
Malvarrosa Calle Pavia,3608764,Casa o chalet,Valencia,1,1,€ 156,2019/10/11,2019/10/12,0,8,7
Disfruta - Enjoy Valencia Centre,3881970,Apartamento,Valencia,1,1,NA,2019/10/11,2019/10/12,0,"9,8",7
Hotel Conqueridor,91047,NA,Valencia,1,1,€ 190,2019/10/11,2019/10/12,4,"8,4",7
The Westin Valencia,93321,NA,Valencia,1,1,€ 248,2019/10/11,2019/10/12,5,"8,7",7
Melia Plaza Valencia,13270,NA,Valencia,1,1,€ 253,2019/10/11,2019/10/12,4,"8,9",7
Habitación en valencia centro,5418023,NA,Valencia,1,1,€ 29,2019/10/11,2019/10/12,0,"8,3",7
Center Valencia Youth Hostel,246931,NA,Valencia,1,1,€ 38,2019/10/11,2019/10/12,0,8,7
Red Nest Hostel,92283,NA,Valencia,1,1,€ 40,2019/10/11,2019/10/12,0,"8,2",7
Habitacion en Valencia,4861732,NA,Valencia,1,1,€ 45,2019/10/11,2019/10/12,0,"8,2",7
Stay at Valencia Downtown,1840715,Apartamento,Valencia,1,1,NA,2019/10/11,2019/10/12,0,"9,6",7
Habitacion en Valencia Barata,4861796,NA,Valencia,1,1,€ 45,2019/10/11,2019/10/12,0,"8,1",7
Friendly Rentals Evans,1634220,Apartamentos,Valencia,1,1,€ 200,2019/10/11,2019/10/12,0,"8,4",7
Eurostars Gran Valencia,90484,NA,Valencia,1,1,€ 232,2019/10/11,2019/10/12,4,"8,4",7
Musico Peydro Apartments,3765069,Apartamentos,Valencia,1,1,€ 313,2019/10/11,2019/10/12,0,8,7
Habitación Céntrica en Casa de Familia,4289877,NA,Valencia,1,1,€ 33,2019/10/11,2019/10/12,0,"7,7",7
Pension MonaLisa Luxury Suites,3834224,NA,Valencia,1,1,€ 48,2019/10/11,2019/10/12,0,"8,2",7
7 Moons Bed & Breakfast,464187,NA,Valencia,1,1,€ 49,2019/10/11,2019/10/12,0,"8,4",7
Apartamentos Rusafa,5604325,NA,Valencia,1,1,€ 50,2019/10/11,2019/10/12,0,"8,3",7
Apart and Benef,2291245,NA,Valencia,1,1,€ 34,2019/10/11,2019/10/12,0,"7,8",7
Espai Loft Santa Mónica,4574135,Apartamento,Valencia,1,1,NA,2019/10/11,2019/10/12,0,"9,7",7
UP Hostel Valencia,1710137,NA,Valencia,1,1,€ 34,2019/10/11,2019/10/12,0,"7,7",7
B&B Hi Valencia Canovas,305349,NA,Valencia,1,1,€ 57,2019/10/11,2019/10/12,0,"8,4",7
Voyagers Inn Homestay,2682156,NA,Valencia,1,1,€ 43,2019/10/11,2019/10/12,0,"7,8",7
Pensión Universal,304276,NA,Valencia,1,1,€ 46,2019/10/11,2019/10/12,0,"7,9",7
Rio Turia B&B,5531073,NA,Valencia,1,1,€ 48,2019/10/11,2019/10/12,0,"7,6",7
Valencia City Host,1177077,NA,Valencia,1,1,€ 49,2019/10/11,2019/10/12,0,"7,8",7
