name,propertyId,propertyType,city,rooms,days,price,checkIn,checkOut,stars,score,advance
Select Home Catedral,440778,NA,Valencia,1,1,€ 170,2019/12/26,2019/12/27,0,"7,1",60
HOSTAL BED OF THE SEA,3974636,NA,Valencia,1,1,€ 200,2019/12/26,2019/12/27,0,"7,1",60
Casa Cosy,375456,NA,Valencia,1,1,NA,2019/12/26,2019/12/27,0,"9,4",60
MD Villalonga Malvarosa Beach,3739661,NA,Valencia,1,1,€ 430,2019/12/26,2019/12/27,0,7,60
Ruzafa Rooms,2891693,NA,Valencia,1,1,€ 36,2019/12/26,2019/12/27,0,"6,9",60
Brugada home,5259150,NA,Valencia,1,1,€ 55,2019/12/26,2019/12/27,0,"6,9",60
Guest House Lebon,3124256,NA,Valencia,1,1,€ 60,2019/12/26,2019/12/27,0,"6,8",60
Old Town Cute,4210278,NA,Valencia,1,1,€ 75,2019/12/26,2019/12/27,0,"6,8",60
Casita Esmeralda,2040126,NA,Valencia,1,1,€ 144,2019/12/26,2019/12/27,0,"6,5",60
Casas Benlliure,3274635,NA,Valencia,1,1,NA,2019/12/26,2019/12/27,0,"9,1",60
Fun and Sun Center 2,2944416,NA,Valencia,1,1,€ 32,2019/12/26,2019/12/27,0,"6,1",60
Gon & Diego House,4899561,NA,Valencia,1,1,€ 40,2019/12/26,2019/12/27,0,"5,5",60
Guest House Higinio Noja,2845935,NA,Valencia,1,1,€ 60,2019/12/26,2019/12/27,0,"5,9",60
Carrer del Bisbe Jaume Pérez,4900140,NA,Valencia,1,1,€ 60,2019/12/26,2019/12/27,0,"5,9",60
Oliver,4865093,NA,Valencia,1,1,€ 63,2019/12/26,2019/12/27,0,"5,4",60
Port of Valencia,3805735,NA,Valencia,1,1,€ 75,2019/12/26,2019/12/27,0,"5,1",60
V home,2146641,NA,Valencia,1,1,NA,2019/12/26,2019/12/27,0,"9,2",60
Malvarosa,3820590,NA,Valencia,1,1,€ 190,2019/12/26,2019/12/27,0,4,60
Apartments Madrina,3278589,NA,Valencia,1,1,€ 74,2019/12/26,2019/12/27,0,"8,9",60
Valencia maritimo,3020748,NA,Valencia,1,1,€ 75,2019/12/26,2019/12/27,0,"8,8",60
Cool Loft Malvarrosa Beach,4309218,NA,Valencia,1,1,NA,2019/12/26,2019/12/27,0,"9,6",60
València Centre Túria,2185255,NA,Valencia,1,1,€ 75,2019/12/26,2019/12/27,0,"8,8",60
Boutique Creative Rooms,2334726,NA,Valencia,1,1,€ 77,2019/12/26,2019/12/27,0,"8,7",60
Hotel San Lorenzo Boutique,1307718,NA,Valencia,1,1,€ 77,2019/12/26,2019/12/27,3,"8,6",60
Reina Rooms,4211140,NA,Valencia,1,1,€ 77,2019/12/26,2019/12/27,0,"8,9",60
Barceló Valencia,91988,NA,Valencia,1,1,€ 77,2019/12/26,2019/12/27,4,"8,7",60
Jardín Botánico Hotel Boutique,93369,NA,Valencia,1,1,€ 77,2019/12/26,2019/12/27,3,"8,9",60
Valencia Just in the Middle,2965508,NA,Valencia,1,1,NA,2019/12/26,2019/12/27,0,"9,9",60
Lotelito,570027,NA,Valencia,1,1,€ 78,2019/12/26,2019/12/27,0,"8,9",60
Catalonia Excelsior,90578,NA,Valencia,1,1,€ 80,2019/12/26,2019/12/27,3,"8,7",60
SAN RAMÓN,2238556,NA,Valencia,1,1,€ 80,2019/12/26,2019/12/27,0,"8,5",60
Apartamento Jesus De Medinaceli,1728697,NA,Valencia,1,1,€ 80,2019/12/26,2019/12/27,0,"8,5",60
Masatepe Room Valencia,5687127,NA,Valencia,1,1,€ 30,2019/12/26,2019/12/27,0,,60
Rest room Evi,5710566,NA,Valencia,1,1,€ 32,2019/12/26,2019/12/27,0,,60
Helle & ruhige Zimmer nähe Strand,5698199,NA,Valencia,1,1,€ 36,2019/12/26,2019/12/27,0,,60
Habitacion doble en piso compartido,5645604,NA,Valencia,1,1,€ 46,2019/12/26,2019/12/27,0,,60
Ad Hoc Monumental,90719,NA,Valencia,1,1,€ 82,2019/12/26,2019/12/27,3,"8,6",60
Melia Valencia,290493,NA,Valencia,1,1,€ 84,2019/12/26,2019/12/27,4,"8,8",60
Casa Botànic - Céntrico y con comodidades,4218273,NA,Valencia,1,1,NA,2019/12/26,2019/12/27,0,"9,8",60
Comoda habitacion,5695905,NA,Valencia,1,1,€ 48,2019/12/26,2019/12/27,0,,60
MÍ casa YOUR HOME,3328967,NA,Valencia,1,1,NA,2019/12/26,2019/12/27,0,"9,2",60
vosotros sereis parte de mi familia.,5299568,NA,Valencia,1,1,€ 50,2019/12/26,2019/12/27,0,,60
Hogar Dulce Hogar,5426607,NA,Valencia,1,1,€ 60,2019/12/26,2019/12/27,0,,60
Fantastic Loft near beach and city,5744961,NA,Valencia,1,1,€ 66,2019/12/26,2019/12/27,0,,60
València Centre Torres de Quart,886289,NA,Valencia,1,1,€ 85,2019/12/26,2019/12/27,0,"8,9",60
Burjassot Mestalla,3058627,NA,Valencia,1,1,€ 85,2019/12/26,2019/12/27,0,"8,6",60
Habitación doble,3599930,NA,Valencia,1,1,€ 85,2019/12/26,2019/12/27,0,"8,9",60
Valencia- habitacion,5366858,NA,Valencia,1,1,€ 70,2019/12/26,2019/12/27,0,,60
YOU & CO Quart Boutique,5213598,NA,Valencia,1,1,€ 77,2019/12/26,2019/12/27,3,,60
Zenit Valencia,92327,NA,Valencia,1,1,€ 86,2019/12/26,2019/12/27,4,"8,8",60
AC Hotel Valencia,91063,NA,Valencia,1,1,€ 89,2019/12/26,2019/12/27,4,"8,5",60
Petit Palace Ruzafa,90792,NA,Valencia,1,1,€ 89,2019/12/26,2019/12/27,3,"8,7",60
Preciosa Casita Cerca Del Mar,4057271,NA,Valencia,1,1,NA,2019/12/26,2019/12/27,0,"9,7",60
Hotel Mediterraneo Valencia,92412,NA,Valencia,1,1,€ 90,2019/12/26,2019/12/27,3,"8,8",60
Hotel Dimar,90886,NA,Valencia,1,1,€ 90,2019/12/26,2019/12/27,4,"8,7",60
Piso luminoso cerca de la playa,3583906,NA,Valencia,1,1,€ 90,2019/12/26,2019/12/27,0,"8,5",60
El Palacete Gran Via,3483148,NA,Valencia,1,1,€ 91,2019/12/26,2019/12/27,0,"8,7",60
Valenciaflats Centro Histórico,94781,NA,Valencia,1,1,€ 91,2019/12/26,2019/12/27,0,"8,7",60
United Colors of Apartments - Catedral,1301545,NA,Valencia,1,1,€ 79,2019/12/26,2019/12/27,0,"8,2",60
NH Valencia Las Artes,90731,NA,Valencia,1,1,€ 80,2019/12/26,2019/12/27,4,"8,4",60
Tramontana Apartments,1277215,NA,Valencia,1,1,NA,2019/12/26,2019/12/27,0,9,60
Plaza de la Virgen,3167342,NA,Valencia,1,1,€ 140,2019/12/26,2019/12/27,0,"8,8",60
Style Apartments Puerto,1558265,NA,Valencia,1,1,€ 81,2019/12/26,2019/12/27,0,"8,1",60
NH Ciudad de Valencia,90729,NA,Valencia,1,1,€ 83,2019/12/26,2019/12/27,3,"8,1",60
Dormavalencia Hostel,249585,NA,Valencia,1,1,€ 85,2019/12/26,2019/12/27,1,"8,2",60
Silken Puerta Valencia,91182,NA,Valencia,1,1,€ 85,2019/12/26,2019/12/27,4,"8,3",60
NH Valencia Center,90727,NA,Valencia,1,1,€ 89,2019/12/26,2019/12/27,4,"8,3",60
City Suites Apartments,3091106,NA,Valencia,1,1,€ 93,2019/12/26,2019/12/27,0,"8,3",60
Apartamento en la Ciudad de las ciencias,2837499,NA,Valencia,1,1,NA,2019/12/26,2019/12/27,0,"9,2",60
Cozy fisherman's house,2241663,NA,Valencia,1,1,€ 95,2019/12/26,2019/12/27,0,"8,2",60
Holiday Inn Express Ciudad de las Ciencias,96737,NA,Valencia,1,1,€ 99,2019/12/26,2019/12/27,3,8,60
Hotel Conqueridor,91047,NA,Valencia,1,1,€ 108,2019/12/26,2019/12/27,4,"8,4",60
AC Hotel Colon Valencia,1117150,NA,Valencia,1,1,€ 145,2019/12/26,2019/12/27,4,"8,7",60
La Morella del Carmen,5188541,NA,Valencia,1,1,NA,2019/12/26,2019/12/27,0,"9,5",60
Apartamento Sofia,2552406,NA,Valencia,1,1,€ 150,2019/12/26,2019/12/27,0,"8,7",60
Apartment Valencia,348555,NA,Valencia,1,1,€ 114,2019/12/26,2019/12/27,0,8,60
Old Town Flats Casa Burguerini,4552106,NA,Valencia,1,1,€ 114,2019/12/26,2019/12/27,0,"8,2",60
Apartamento Privado Próximo a Playa y Ciencias,3783163,NA,Valencia,1,1,€ 120,2019/12/26,2019/12/27,0,"8,3",60
Austria 4,1605997,NA,Valencia,1,1,NA,2019/12/26,2019/12/27,0,9,60
Valenciaflats Torres de Serrano,17468,NA,Valencia,1,1,€ 129,2019/12/26,2019/12/27,0,"8,3",60
Ilunion Valencia 4,754329,NA,Valencia,1,1,€ 130,2019/12/26,2019/12/27,4,"8,1",60
Apartments Welcome to Valencia Peset Aleixandre 69,4964856,NA,Valencia,1,1,€ 132,2019/12/26,2019/12/27,0,"8,4",60
Apartamento Gran Vía Marqués del Turia,2358973,NA,Valencia,1,1,€ 151,2019/12/26,2019/12/27,0,"8,6",60
Puerta de Serranos,2734333,NA,Valencia,1,1,€ 161,2019/12/26,2019/12/27,0,"8,9",60
Casa los Peces,3234194,NA,Valencia,1,1,€ 154,2019/12/26,2019/12/27,0,"8,3",60
Alojo Patraix,2710394,NA,Valencia,1,1,€ 175,2019/12/26,2019/12/27,0,"8,3",60
Ilunion Aqua 3,92776,NA,Valencia,1,1,€ 182,2019/12/26,2019/12/27,3,"8,3",60
OCEANOGRAFIC APARTMENT. PARKING. WI-FI,3107716,NA,Valencia,1,1,NA,2019/12/26,2019/12/27,0,9,60
Hospes Palau de La Mar,93823,NA,Valencia,1,1,€ 162,2019/12/26,2019/12/27,5,"8,8",60
SKY TOURISTIC ATTIC,281640,NA,Valencia,1,1,€ 162,2019/12/26,2019/12/27,0,"8,5",60
Enjoy Flat Valencia,3991548,NA,Valencia,1,1,€ 175,2019/12/26,2019/12/27,0,"8,6",60
AMAZING HOUSE- BEST LOCATION!,4728031,NA,Valencia,1,1,NA,2019/12/26,2019/12/27,0,"9,7",60
OYO Pensión El Rincón,476031,NA,Valencia,1,1,€ 56,2019/12/26,2019/12/27,1,"7,5",60
Patacona Green Flats,292996,NA,Valencia,1,1,€ 57,2019/12/26,2019/12/27,0,"7,6",60
Piso céntrico Plaza Toros,2961063,NA,Valencia,1,1,NA,2019/12/26,2019/12/27,0,"9,3",60
ValentiaApartments - MercadoCentral,4185241,NA,Valencia,1,1,€ 188,2019/12/26,2019/12/27,0,"8,8",60
The Westin Valencia,93321,NA,Valencia,1,1,€ 188,2019/12/26,2019/12/27,5,"8,7",60
Mar & City Apartment,3456759,NA,Valencia,1,1,€ 199,2019/12/26,2019/12/27,0,"8,9",60
Vlc Apartaments el Carmen,389902,NA,Valencia,1,1,€ 214,2019/12/26,2019/12/27,0,"8,3",60
Zerka Centro,4425975,NA,Valencia,1,1,€ 238,2019/12/26,2019/12/27,0,"8,4",60
Hotel Turia,14441,NA,Valencia,1,1,€ 59,2019/12/26,2019/12/27,4,"7,5",60
El Globo,24498,NA,Valencia,1,1,€ 60,2019/12/26,2019/12/27,1,"7,8",60
United Colors of Studios - Mercado Central,2574108,NA,Valencia,1,1,€ 65,2019/12/26,2019/12/27,0,"7,8",60
City Center Apartments,4426057,NA,Valencia,1,1,€ 90,2019/12/26,2019/12/27,0,"7,8",60
Apartment Florista,2150187,NA,Valencia,1,1,€ 90,2019/12/26,2019/12/27,0,"7,9",60
Turia Guesthouse - B&B,2884427,NA,Valencia,1,1,€ 265,2019/12/26,2019/12/27,0,"8,2",60
NWT Central Station Apartments,3964093,NA,Valencia,1,1,€ 300,2019/12/26,2019/12/27,0,"8,3",60
Exclusive Beach Apartment,4641691,NA,Valencia,1,1,€ 205,2019/12/26,2019/12/27,0,"8,9",60
Vincci Lys,91183,NA,Valencia,1,1,€ 229,2019/12/26,2019/12/27,4,"8,9",60
Zerka Sendra,4657122,NA,Valencia,1,1,€ 249,2019/12/26,2019/12/27,0,"8,9",60
MD Vila Barbera Apartment Center,1957253,NA,Valencia,1,1,€ 330,2019/12/26,2019/12/27,0,"8,3",60
El 16 Ruzafa,865461,NA,Valencia,1,1,€ 94,2019/12/26,2019/12/27,0,"7,7",60
Mr Flats Valencia 2,2580094,NA,Valencia,1,1,NA,2019/12/26,2019/12/27,0,9,60
Suites by Eric Olsan (Peset),4726296,NA,Valencia,1,1,€ 94,2019/12/26,2019/12/27,0,"7,5",60
Suites by Eric Olsan (L),4287413,NA,Valencia,1,1,€ 94,2019/12/26,2019/12/27,0,"7,5",60
Colors Rooms,675839,NA,Valencia,1,1,€ 40,2019/12/26,2019/12/27,0,"9,6",60
Lindala,5250762,NA,Valencia,1,1,€ 59,2019/12/26,2019/12/27,0,"9,6",60
Apartamento Alguer,4005334,NA,Valencia,1,1,€ 100,2019/12/26,2019/12/27,0,"7,7",60
SEA YOU HOTEL PORT VALENCIA,92328,NA,Valencia,1,1,€ 100,2019/12/26,2019/12/27,4,"7,8",60
Torres Quart,3702234,NA,Valencia,1,1,€ 105,2019/12/26,2019/12/27,0,"7,5",60
Oceanográfico Apartments & Spa,324918,NA,Valencia,1,1,€ 114,2019/12/26,2019/12/27,0,"7,6",60
RUZAFA. Nice apartment and Terrace.,4368595,NA,Valencia,1,1,NA,2019/12/26,2019/12/27,0,"9,3",60
Plaza Sainetero 5,3148458,NA,Valencia,1,1,€ 116,2019/12/26,2019/12/27,0,"7,7",60
Valencia Apartamentos Goya,4256653,NA,Valencia,1,1,NA,2019/12/26,2019/12/27,0,10,60
Homely Nest Valencia El Carme,3790877,NA,Valencia,1,1,NA,2019/12/26,2019/12/27,0,"9,7",60
SingularStays Parque Central,3054000,NA,Valencia,1,1,€ 287,2019/12/26,2019/12/27,0,"8,9",60
Habitación en valencia centro,5418023,NA,Valencia,1,1,€ 30,2019/12/26,2019/12/27,0,"8,2",60
Ilunion Valencia 3,92818,NA,Valencia,1,1,€ 117,2019/12/26,2019/12/27,3,"7,9",60
STYLISH APARTMENT - CITY CENTER,2861517,NA,Valencia,1,1,€ 140,2019/12/26,2019/12/27,0,"7,8",60
Malvarrosa Calle Pavia,3608764,NA,Valencia,1,1,€ 179,2019/12/26,2019/12/27,0,"7,9",60
Apartamentos Navío,5647176,NA,Valencia,1,1,€ 75,2019/12/26,2019/12/27,0,"9,9",60
Hostal Antigua Morellana,1273937,NA,Valencia,1,1,€ 80,2019/12/26,2019/12/27,1,"9,5",60
Piso en Playa de Valencia,5533098,NA,Valencia,1,1,€ 80,2019/12/26,2019/12/27,0,"9,3",60
Purple Nest Hostel,25278,NA,Valencia,1,1,€ 37,2019/12/26,2019/12/27,0,"8,2",60
B&B Hi Valencia Canovas,305349,NA,Valencia,1,1,€ 38,2019/12/26,2019/12/27,0,"8,4",60
Habitacion en Valencia Barata,4861796,NA,Valencia,1,1,€ 40,2019/12/26,2019/12/27,0,"8,2",60
Red Nest Hostel,92283,NA,Valencia,1,1,€ 42,2019/12/26,2019/12/27,0,"8,2",60
Ramirez Flats & Bar,4124528,NA,Valencia,1,1,€ 89,2019/12/26,2019/12/27,0,"9,5",60
LOFT apartamento duplex en Valencia con parking gratis,5519008,NA,Valencia,1,1,€ 90,2019/12/26,2019/12/27,0,"9,9",60
L'Esplai Valencia Bed & Breakfast,1282556,NA,Valencia,1,1,€ 91,2019/12/26,2019/12/27,0,"9,5",60
Musico Peydro Apartments,3765069,NA,Valencia,1,1,€ 271,2019/12/26,2019/12/27,0,"7,9",60
MD Art Apartment Ruzafa,2550955,NA,Valencia,1,1,€ 271,2019/12/26,2019/12/27,0,"7,5",60
COZY APARTMENT VALENCIA BEACHFRONT!,3128516,NA,Valencia,1,1,NA,2019/12/26,2019/12/27,0,"9,4",60
MD Benlliure Beach.,1957258,NA,Valencia,1,1,€ 271,2019/12/26,2019/12/27,0,"7,8",60
MD Pelayo with terrace,1979067,NA,Valencia,1,1,€ 271,2019/12/26,2019/12/27,0,"7,7",60
Peset Silence,3698967,NA,Valencia,1,1,€ 300,2019/12/26,2019/12/27,0,"7,5",60
Ático Valencia Centro,4358939,NA,Valencia,1,1,NA,2019/12/26,2019/12/27,0,"9,9",60
Habitacion en Valencia,4861732,NA,Valencia,1,1,€ 45,2019/12/26,2019/12/27,0,"8,3",60
Pension MonaLisa Luxury Suites,3834224,NA,Valencia,1,1,€ 48,2019/12/26,2019/12/27,0,"8,2",60
Hostal Abastos,257057,NA,Valencia,1,1,€ 48,2019/12/26,2019/12/27,2,"8,2",60
Hexagonal Design Apartment Valencia,4630643,NA,Valencia,1,1,NA,2019/12/26,2019/12/27,0,"9,5",60
Hotel Cosmo,4838858,NA,Valencia,1,1,€ 94,2019/12/26,2019/12/27,3,"9,9",60
Calle de Frederica Montseny 'Política' Casa o chalet,5152866,NA,Valencia,1,1,€ 95,2019/12/26,2019/12/27,0,"9,6",60
Opera House Valencia B&B,3533887,NA,Valencia,1,1,€ 96,2019/12/26,2019/12/27,0,"9,5",60
Casa La Buhardilla,2985364,NA,Valencia,1,1,€ 97,2019/12/26,2019/12/27,0,"9,6",60
Valencian Dreams Lonja,4757385,NA,Valencia,1,1,€ 128,2019/12/26,2019/12/27,0,"9,8",60
Olympia Flats,4212801,NA,Valencia,1,1,€ 70,2019/12/26,2019/12/27,0,"9,7",60
MD Oliag I Apartment Ruzafa,2867488,NA,Valencia,1,1,€ 387,2019/12/26,2019/12/27,0,"7,7",60
MD Abastos Center,2551194,NA,Valencia,1,1,€ 387,2019/12/26,2019/12/27,0,"7,6",60
Eurostars Rey Don Jaime,91520,NA,Valencia,1,1,€ 49,2019/12/26,2019/12/27,4,"8,2",60
Apartamentos Valencia,1007682,NA,Valencia,1,1,€ 50,2019/12/26,2019/12/27,0,"8,1",60
Casa Vich,4457634,NA,Valencia,1,1,NA,2019/12/26,2019/12/27,0,"9,5",60
MARQUÉS HOUSE 4* SUP,2118880,NA,Valencia,1,1,€ 209,2019/12/26,2019/12/27,4,"9,5",60
MD PASEO RUZAFA CENTER,5374850,NA,Valencia,1,1,€ 1.030,2019/12/26,2019/12/27,0,"9,6",60
OCEANOGRAFIC DELUXE- PARKING- WI-FI,4095746,NA,Valencia,1,1,€ 50,2019/12/26,2019/12/27,0,"9,1",60
Rooms Ciencias,94126,NA,Valencia,1,1,€ 59,2019/12/26,2019/12/27,0,9,60
Hostal Venecia,92883,NA,Valencia,1,1,€ 60,2019/12/26,2019/12/27,2,"9,1",60
Florista's Room en Valencia,5502152,NA,Valencia,1,1,€ 68,2019/12/26,2019/12/27,0,"9,2",60
Apartments Downtown Valencia,2250421,NA,Valencia,1,1,NA,2019/12/26,2019/12/27,0,"9,6",60
Nest Style Valencia,5219046,NA,Valencia,1,1,€ 68,2019/12/26,2019/12/27,3,"9,3",60
OttoH Charm Stay,2459807,NA,Valencia,1,1,€ 69,2019/12/26,2019/12/27,0,"9,3",60
Apartamento bianca,3205847,NA,Valencia,1,1,€ 74,2019/12/26,2019/12/27,0,"9,1",60
Mon Suites San Nicolas,4117225,NA,Valencia,1,1,€ 124,2019/12/26,2019/12/27,0,"9,2",60
Hotel Valencia Alameda,4019381,NA,Valencia,1,1,€ 74,2019/12/26,2019/12/27,4,"9,2",60
Live in Chianti,2227491,NA,Valencia,1,1,€ 75,2019/12/26,2019/12/27,0,"9,1",60
MD Design Hotel - Portal del Real,2391685,NA,Valencia,1,1,€ 126,2019/12/26,2019/12/27,2,"9,1",60
Luxury Center Plaza Redonda,5138960,NA,Valencia,1,1,NA,2019/12/26,2019/12/27,0,"9,7",60
Live in Chianti Apartaments,2882632,NA,Valencia,1,1,€ 128,2019/12/26,2019/12/27,0,"9,1",60
MYR Hotel Plaza Mercado & Spa,1619029,NA,Valencia,1,1,€ 129,2019/12/26,2019/12/27,0,"9,2",60
Hotel Boutique Balandret,1281710,NA,Valencia,1,1,€ 133,2019/12/26,2019/12/27,3,"9,2",60
Cozy apartment in Valencia! WI-FI !,4447072,NA,Valencia,1,1,€ 134,2019/12/26,2019/12/27,0,"9,3",60
Las Arenas Balneario Resort,91144,NA,Valencia,1,1,€ 135,2019/12/26,2019/12/27,5,9,60
apartamento las torres-botanico,4694090,NA,Valencia,1,1,€ 144,2019/12/26,2019/12/27,0,9,60
Apartamento,3139431,NA,Valencia,1,1,NA,2019/12/26,2019/12/27,0,"9,5",60
Apartamentos La más Bonita,2816245,NA,Valencia,1,1,€ 149,2019/12/26,2019/12/27,0,9,60
B BEACH VALENCIA,5125954,NA,Valencia,1,1,€ 150,2019/12/26,2019/12/27,0,"9,1",60
One Shot Mercat 09,2274203,NA,Valencia,1,1,€ 152,2019/12/26,2019/12/27,4,"9,1",60
Biopark View Apartment,2381901,NA,Valencia,1,1,€ 154,2019/12/26,2019/12/27,0,9,60
Mediterranean Flats Plaza Redonda,4086496,NA,Valencia,1,1,€ 155,2019/12/26,2019/12/27,0,"9,2",60
Vincci Mercat,1279484,NA,Valencia,1,1,€ 158,2019/12/26,2019/12/27,4,9,60
Ciudad Ciencias- Lujo- Parking- Wi-Fi.,4999636,NA,Valencia,1,1,NA,2019/12/26,2019/12/27,0,"9,8",60
Mon Suites San Martin,2777545,NA,Valencia,1,1,€ 160,2019/12/26,2019/12/27,0,"9,4",60
WeRentVLC Sunny Terrace Ruzafa,2906716,NA,Valencia,1,1,€ 165,2019/12/26,2019/12/27,0,"9,4",60
NH Collection Colón Valencia,3828811,NA,Valencia,1,1,€ 176,2019/12/26,2019/12/27,4,"9,2",60
Arena's Apartament,2156905,NA,Valencia,1,1,€ 200,2019/12/26,2019/12/27,0,"9,1",60
Jardines del Turia - Espacioso apartamento,2734126,NA,Valencia,1,1,€ 200,2019/12/26,2019/12/27,0,"9,1",60
Loft Superior el Carmen,2784473,NA,Valencia,1,1,€ 209,2019/12/26,2019/12/27,0,"9,3",60
La Casa Verde - Ruzafa,2029143,NA,Valencia,1,1,NA,2019/12/26,2019/12/27,0,"9,7",60
Caro Hotel,348132,NA,Valencia,1,1,€ 219,2019/12/26,2019/12/27,5,"9,2",60
WeRentVLC Charming Ruzafa,2839319,NA,Valencia,1,1,€ 230,2019/12/26,2019/12/27,0,"9,2",60
MD Julio Antonio Apartment Center,3961049,NA,Valencia,1,1,€ 285,2019/12/26,2019/12/27,0,"9,2",60
The River Hostel,494202,NA,Valencia,1,1,€ 18,2019/12/26,2019/12/27,0,"8,5",60
Double Room in VALENCIA,5665653,NA,Valencia,1,1,€ 30,2019/12/26,2019/12/27,0,"8,8",60
