name,propertyId,propertyType,city,rooms,days,price,checkIn,checkOut,stars,score,advance
Guest House Ruzafa,2324552,NA,Valencia,1,1,€ 45,2019/12/30,2019/12/31,0,"5,1",60
Guest House Torres de Quart,2275006,NA,Valencia,1,1,€ 60,2019/12/30,2019/12/31,0,"5,3",60
Your home at Valencia- Ruzafa,3809623,NA,Valencia,1,1,NA,2019/12/30,2019/12/31,0,"9,3",60
Oliver,4865093,NA,Valencia,1,1,€ 63,2019/12/30,2019/12/31,0,"5,4",60
Port of Valencia,3805735,NA,Valencia,1,1,€ 79,2019/12/30,2019/12/31,0,5,60
Guest House Duc de Gaeta,2275007,NA,Valencia,1,1,€ 60,2019/12/30,2019/12/31,0,"4,9",60
Malvarosa,3820590,NA,Valencia,1,1,€ 190,2019/12/30,2019/12/31,0,"3,9",60
Helle & ruhige Zimmer nähe Strand,5698199,NA,Valencia,1,1,€ 36,2019/12/30,2019/12/31,0,,60
Valencia- habitacion,5366858,NA,Valencia,1,1,€ 45,2019/12/30,2019/12/31,0,,60
Mr Flats Valencia,2232363,NA,Valencia,1,1,NA,2019/12/30,2019/12/31,0,9,60
Habitacion doble en piso compartido,5645604,NA,Valencia,1,1,€ 46,2019/12/30,2019/12/31,0,,60
Comoda habitacion,5695905,NA,Valencia,1,1,€ 48,2019/12/30,2019/12/31,0,,60
vosotros sereis parte de mi familia.,5299568,NA,Valencia,1,1,€ 60,2019/12/30,2019/12/31,0,,60
Fantastic Loft near beach and city,5744961,NA,Valencia,1,1,€ 66,2019/12/30,2019/12/31,0,,60
Hogar Dulce Hogar,5426607,NA,Valencia,1,1,€ 90,2019/12/30,2019/12/31,0,,60
Kirei Apartment Dublin,4639542,NA,Valencia,1,1,€ 92,2019/12/30,2019/12/31,0,,60
Jardines del Turia - Espacioso apartamento,2734126,NA,Valencia,1,1,NA,2019/12/30,2019/12/31,0,9,60
YOU & CO Quart Boutique,5213598,NA,Valencia,1,1,€ 97,2019/12/30,2019/12/31,3,,60
Aparment Canarias,3753027,NA,Valencia,1,1,€ 99,2019/12/30,2019/12/31,0,,60
Carrer de l'Arquitecte Alfaro 27 bajo derecha,4353398,NA,Valencia,1,1,€ 102,2019/12/30,2019/12/31,0,,60
Loft en Ruzafa,5739487,NA,Valencia,1,1,€ 102,2019/12/30,2019/12/31,0,,60
EL ATICO,5680427,NA,Valencia,1,1,€ 107,2019/12/30,2019/12/31,0,,60
Casa Adosada Quintero,5481770,NA,Valencia,1,1,€ 116,2019/12/30,2019/12/31,0,,60
Total Valencia White,2201908,NA,Valencia,1,1,NA,2019/12/30,2019/12/31,0,9,60
CASA MARQUES DE CARO,4472176,NA,Valencia,1,1,€ 121,2019/12/30,2019/12/31,0,,60
The White Apartment: Luxury- Beach and Design,5631365,NA,Valencia,1,1,€ 167,2019/12/30,2019/12/31,0,,60
Flight Mode Ruzafa,5473258,NA,Valencia,1,1,€ 175,2019/12/30,2019/12/31,0,,60
CENTER-Modern 2BR- 2BA-TERRACE- WI-FI- A/C,5241769,NA,Valencia,1,1,€ 176,2019/12/30,2019/12/31,0,,60
Cerca de la Playa- el Puerto y del Oceanográfico,5211380,NA,Valencia,1,1,€ 179,2019/12/30,2019/12/31,0,,60
Blanq Carmen Hotel,97069,NA,Valencia,1,1,€ 120,2019/12/30,2019/12/31,3,"8,7",60
Barceló Valencia,91988,NA,Valencia,1,1,€ 122,2019/12/30,2019/12/31,4,"8,7",60
Apartment Sofi,2830696,NA,Valencia,1,1,NA,2019/12/30,2019/12/31,0,"9,8",60
Valenciaflats Centro Histórico,94781,NA,Valencia,1,1,€ 129,2019/12/30,2019/12/31,0,"8,7",60
SH Valencia Palace,91497,NA,Valencia,1,1,€ 136,2019/12/30,2019/12/31,5,"8,5",60
Soho Valencia,1538641,NA,Valencia,1,1,€ 139,2019/12/30,2019/12/31,0,"8,9",60
Cathedral Suites Hotel,1736257,NA,Valencia,1,1,€ 139,2019/12/30,2019/12/31,4,"8,9",60
Friendly Rentals Brade,1918694,NA,Valencia,1,1,€ 140,2019/12/30,2019/12/31,0,"8,8",60
Petit Palace Ruzafa,90792,NA,Valencia,1,1,€ 143,2019/12/30,2019/12/31,3,"8,7",60
La Casa Verde - Ruzafa,2029143,NA,Valencia,1,1,NA,2019/12/30,2019/12/31,0,"9,7",60
Hotel Dimar,90886,NA,Valencia,1,1,€ 144,2019/12/30,2019/12/31,4,"8,7",60
Apartments Plaza Ayuntamiento,3506736,NA,Valencia,1,1,€ 146,2019/12/30,2019/12/31,0,"8,7",60
Citizentral Gascons,332095,NA,Valencia,1,1,€ 148,2019/12/30,2019/12/31,0,"8,8",60
El Palacete Gran Via,3483148,NA,Valencia,1,1,€ 155,2019/12/30,2019/12/31,0,"8,7",60
Petit Palace Plaza de la Reina,90443,NA,Valencia,1,1,€ 159,2019/12/30,2019/12/31,3,"8,7",60
Zenit Valencia,92327,NA,Valencia,1,1,€ 176,2019/12/30,2019/12/31,4,"8,8",60
El Corazon de Canovas,2634817,NA,Valencia,1,1,NA,2019/12/30,2019/12/31,0,"9,5",60
Pio XII Apartments Valencia,402080,NA,Valencia,1,1,€ 180,2019/12/30,2019/12/31,0,"8,5",60
AC Hotel Colon Valencia,1117150,NA,Valencia,1,1,€ 184,2019/12/30,2019/12/31,4,"8,7",60
ValentiaApartments - MercadoCentral,4185241,NA,Valencia,1,1,€ 196,2019/12/30,2019/12/31,0,"8,8",60
Perla Apartments,3146781,NA,Valencia,1,1,€ 198,2019/12/30,2019/12/31,0,"8,7",60
Friendly Rentals Vives 2,2523871,NA,Valencia,1,1,€ 215,2019/12/30,2019/12/31,0,"8,8",60
Hospes Palau de La Mar,93823,NA,Valencia,1,1,€ 217,2019/12/30,2019/12/31,5,"8,8",60
Ambrosio Flats Valencia - El Carmen,2401127,NA,Valencia,1,1,NA,2019/12/30,2019/12/31,0,"9,5",60
Vincci Lys,91183,NA,Valencia,1,1,€ 243,2019/12/30,2019/12/31,4,"8,9",60
Vincci Palace,94163,NA,Valencia,1,1,€ 246,2019/12/30,2019/12/31,4,"8,7",60
Zerka Sendra,4657122,NA,Valencia,1,1,€ 249,2019/12/30,2019/12/31,0,"8,9",60
The Westin Valencia,93321,NA,Valencia,1,1,€ 347,2019/12/30,2019/12/31,5,"8,7",60
Apartamento Gran Vía Marqués del Turia,2358973,NA,Valencia,1,1,€ 349,2019/12/30,2019/12/31,0,"8,6",60
Expo Hotel Valencia,91223,NA,Valencia,1,1,€ 69,2019/12/30,2019/12/31,3,"7,6",60
OYO Pensión El Rincón,476031,NA,Valencia,1,1,€ 70,2019/12/30,2019/12/31,1,"7,5",60
Lindala,5250762,NA,Valencia,1,1,NA,2019/12/30,2019/12/31,0,"9,5",60
Habitación en Valencia,5477394,NA,Valencia,1,1,€ 72,2019/12/30,2019/12/31,0,"7,5",60
El Globo,24498,NA,Valencia,1,1,€ 75,2019/12/30,2019/12/31,1,"7,8",60
Ilunion Valencia 3,92818,NA,Valencia,1,1,€ 87,2019/12/30,2019/12/31,3,"7,9",60
El 16 Ruzafa,865461,NA,Valencia,1,1,€ 89,2019/12/30,2019/12/31,0,"7,7",60
Suites by Eric Olsan (Peset),4726296,NA,Valencia,1,1,€ 94,2019/12/30,2019/12/31,0,"7,6",60
Suites by Eric Olsan (L),4287413,NA,Valencia,1,1,€ 94,2019/12/30,2019/12/31,0,"7,5",60
Ruzafa Viva,4475954,NA,Valencia,1,1,NA,2019/12/30,2019/12/31,0,"9,5",60
Hotel Turia,14441,NA,Valencia,1,1,€ 99,2019/12/30,2019/12/31,4,"7,5",60
Apartamentos Dormavalencia,4450983,NA,Valencia,1,1,€ 86,2019/12/30,2019/12/31,0,"8,3",60
Happy Apartments Valencia – Lope de Vega,575582,NA,Valencia,1,1,€ 88,2019/12/30,2019/12/31,0,"8,1",60
So de Mar,2204496,NA,Valencia,1,1,NA,2019/12/30,2019/12/31,0,"9,6",60
Adrian's House,2271869,NA,Valencia,1,1,€ 120,2019/12/30,2019/12/31,0,"7,7",60
City Center Apartments,4426057,NA,Valencia,1,1,€ 135,2019/12/30,2019/12/31,0,"7,8",60
STYLISH APARTMENT - CITY CENTER,2861517,NA,Valencia,1,1,€ 140,2019/12/30,2019/12/31,0,"7,8",60
Torres Quart,3702234,NA,Valencia,1,1,€ 150,2019/12/30,2019/12/31,0,"7,5",60
Apartamento Alguer,4005334,NA,Valencia,1,1,€ 150,2019/12/30,2019/12/31,0,"7,7",60
Cool Central Market,3424724,NA,Valencia,1,1,NA,2019/12/30,2019/12/31,0,"9,8",60
SEA YOU HOTEL PORT VALENCIA,92328,NA,Valencia,1,1,€ 170,2019/12/30,2019/12/31,4,"7,8",60
Happy Apartments Valencia,456043,NA,Valencia,1,1,€ 88,2019/12/30,2019/12/31,0,"8,2",60
Sweet Hotel Continental,93856,NA,Valencia,1,1,€ 89,2019/12/30,2019/12/31,2,"8,3",60
NH Valencia Las Ciencias,90725,NA,Valencia,1,1,€ 89,2019/12/30,2019/12/31,3,8,60
Oceanográfico Apartments & Spa,324918,NA,Valencia,1,1,€ 172,2019/12/30,2019/12/31,0,"7,5",60
Malvarrosa Calle Pavia,3608764,NA,Valencia,1,1,€ 179,2019/12/30,2019/12/31,0,"7,9",60
Patacona Green Flats,292996,NA,Valencia,1,1,€ 210,2019/12/30,2019/12/31,0,"7,6",60
Musico Peydro Apartments,3765069,NA,Valencia,1,1,€ 467,2019/12/30,2019/12/31,0,"7,9",60
MD Oliag I Apartment Ruzafa,2867488,NA,Valencia,1,1,€ 485,2019/12/30,2019/12/31,0,"7,6",60
Apartamento centro,3160737,NA,Valencia,1,1,NA,2019/12/30,2019/12/31,0,"9,6",60
Hostal Waksman,281139,NA,Valencia,1,1,€ 32,2019/12/30,2019/12/31,1,"7,3",60
Hostal Residencial RR,450746,NA,Valencia,1,1,€ 40,2019/12/30,2019/12/31,0,7,60
HOSPEDAJE PESET,4718074,NA,Valencia,1,1,€ 40,2019/12/30,2019/12/31,0,"7,4",60
Habitación con cama doble,4794909,NA,Valencia,1,1,€ 41,2019/12/30,2019/12/31,0,"7,3",60
Alex Apartment,1756374,NA,Valencia,1,1,€ 90,2019/12/30,2019/12/31,0,8,60
Eurostars Gran Valencia,90484,NA,Valencia,1,1,€ 95,2019/12/30,2019/12/31,4,"8,4",60
Apartment Valencia,348555,NA,Valencia,1,1,€ 95,2019/12/30,2019/12/31,0,8,60
Apartamento Alameda,1698817,NA,Valencia,1,1,NA,2019/12/30,2019/12/31,0,"9,5",60
NH Ciudad de Valencia,90729,NA,Valencia,1,1,€ 101,2019/12/30,2019/12/31,3,"8,1",60
NH Valencia Las Artes,90731,NA,Valencia,1,1,€ 101,2019/12/30,2019/12/31,4,"8,4",60
Hotel Valencia Center,91285,NA,Valencia,1,1,€ 103,2019/12/30,2019/12/31,4,"8,4",60
The River Hostel,494202,NA,Valencia,1,1,€ 20,2019/12/30,2019/12/31,0,"8,5",60
Double Room in VALENCIA,5665653,NA,Valencia,1,1,€ 30,2019/12/30,2019/12/31,0,"8,8",60
Colón Market Downtown,4607745,NA,Valencia,1,1,NA,2019/12/30,2019/12/31,0,"9,6",60
La Flamenca,818359,NA,Valencia,1,1,€ 45,2019/12/30,2019/12/31,0,"7,2",60
Masatepe Room Valencia,5687127,NA,Valencia,1,1,€ 30,2019/12/30,2019/12/31,0,"8,9",60
Pensión Alicante,298710,NA,Valencia,1,1,€ 38,2019/12/30,2019/12/31,0,"8,5",60
Art&Flats Bed&Breakfast,5238345,NA,Valencia,1,1,€ 40,2019/12/30,2019/12/31,0,"8,8",60
Apartamento Plaza Sainetero,2743838,NA,Valencia,1,1,€ 106,2019/12/30,2019/12/31,0,"8,1",60
Ilunion Aqua 3,92776,NA,Valencia,1,1,€ 111,2019/12/30,2019/12/31,3,"8,3",60
Primus Valencia,331871,NA,Valencia,1,1,€ 114,2019/12/30,2019/12/31,4,"8,3",60
Disfruta De Playa Y Ciudad,2470646,NA,Valencia,1,1,NA,2019/12/30,2019/12/31,0,"9,5",60
Old Town Flats Casa Burguerini,4552106,NA,Valencia,1,1,€ 114,2019/12/30,2019/12/31,0,"8,1",60
Apartment Florista,2150187,NA,Valencia,1,1,€ 115,2019/12/30,2019/12/31,0,"7,9",60
NWT Central Station Apartments,3964093,NA,Valencia,1,1,€ 119,2019/12/30,2019/12/31,0,"8,3",60
Quart Youth Hostel,476418,NA,Valencia,1,1,€ 42,2019/12/30,2019/12/31,0,"8,6",60
Estrella de russafa,5352439,NA,Valencia,1,1,€ 50,2019/12/30,2019/12/31,0,"8,7",60
YOU & CO. Saler Beach Boutique,4533007,NA,Valencia,1,1,€ 50,2019/12/30,2019/12/31,3,"8,9",60
Stay at Valencia Downtown,1840715,NA,Valencia,1,1,NA,2019/12/30,2019/12/31,0,"9,5",60
Apartamento Privado Próximo a Playa y Ciencias,3783163,NA,Valencia,1,1,€ 120,2019/12/30,2019/12/31,0,"8,3",60
Ilunion Valencia 4,754329,NA,Valencia,1,1,€ 121,2019/12/30,2019/12/31,4,"8,1",60
Style Apartments Puerto,1558265,NA,Valencia,1,1,€ 122,2019/12/30,2019/12/31,0,"8,1",60
Russafa Youth Hostel,345134,NA,Valencia,1,1,€ 51,2019/12/30,2019/12/31,0,"8,6",60
Home Youth Hostel by Feetup Hostels,189322,NA,Valencia,1,1,€ 53,2019/12/30,2019/12/31,0,"8,8",60
ABCyou Bed&Breakfast,189207,NA,Valencia,1,1,€ 56,2019/12/30,2019/12/31,0,"8,5",60
Ático En El Corazón De Ruzafa,3832501,NA,Valencia,1,1,NA,2019/12/30,2019/12/31,0,"9,4",60
NH Valencia Center,90727,NA,Valencia,1,1,€ 127,2019/12/30,2019/12/31,4,"8,3",60
Valenciaflats Torres de Serrano,17468,NA,Valencia,1,1,€ 129,2019/12/30,2019/12/31,0,"8,3",60
Silken Puerta Valencia,91182,NA,Valencia,1,1,€ 129,2019/12/30,2019/12/31,4,"8,3",60
Balcón Al Mar,295109,NA,Valencia,1,1,€ 60,2019/12/30,2019/12/31,0,"8,5",60
Homestay Carrer Sagun,5006434,NA,Valencia,1,1,€ 60,2019/12/30,2019/12/31,0,"8,8",60
Apartaments San Pio V,2456151,NA,Valencia,1,1,€ 65,2019/12/30,2019/12/31,0,"8,9",60
Reina 12,1684198,NA,Valencia,1,1,€ 130,2019/12/30,2019/12/31,0,"8,2",60
Eurostars Rey Don Jaime,91520,NA,Valencia,1,1,€ 134,2019/12/30,2019/12/31,4,"8,2",60
Apartamento Comedias,2236348,NA,Valencia,1,1,NA,2019/12/30,2019/12/31,0,"9,7",60
Ad Hoc Carmen,1173270,NA,Valencia,1,1,€ 66,2019/12/30,2019/12/31,2,"8,9",60
LOFT apartamento duplex en Valencia con parking gratis,5519008,NA,Valencia,1,1,€ 90,2019/12/30,2019/12/31,0,"9,9",60
B&B Hi Valencia Boutique,1301725,NA,Valencia,1,1,€ 69,2019/12/30,2019/12/31,0,"8,7",60
Apartamentos Navío,5647176,NA,Valencia,1,1,€ 95,2019/12/30,2019/12/31,0,"9,9",60
PLAYA POBLA DE FARNALS,5508533,NA,Valencia,1,1,NA,2019/12/30,2019/12/31,0,10,60
Zalamera BnB,1331238,NA,Valencia,1,1,€ 72,2019/12/30,2019/12/31,0,"8,7",60
Hotel Malcom and Barret,483261,NA,Valencia,1,1,€ 72,2019/12/30,2019/12/31,3,"8,7",60
Hotel Olympia Universidades,1301731,NA,Valencia,1,1,€ 73,2019/12/30,2019/12/31,3,"8,5",60
Casa La Buhardilla,2985364,NA,Valencia,1,1,€ 97,2019/12/30,2019/12/31,0,"9,6",60
L'Esplai Valencia Bed & Breakfast,1282556,NA,Valencia,1,1,€ 119,2019/12/30,2019/12/31,0,"9,5",60
Sercotel Sorolla Palace,93646,NA,Valencia,1,1,€ 74,2019/12/30,2019/12/31,4,"8,6",60
Olympia Flats,4212801,NA,Valencia,1,1,€ 70,2019/12/30,2019/12/31,0,"9,7",60
Ramirez Flats & Bar,4124528,NA,Valencia,1,1,€ 140,2019/12/30,2019/12/31,0,"9,5",60
Hotel Cosmo,4838858,NA,Valencia,1,1,€ 157,2019/12/30,2019/12/31,3,"9,8",60
Casa Botànic - Céntrico y con comodidades,4218273,NA,Valencia,1,1,NA,2019/12/30,2019/12/31,0,"9,8",60
Valencia maritimo,3020748,NA,Valencia,1,1,€ 75,2019/12/30,2019/12/31,0,"8,8",60
Apartments Downtown Valencia,2250421,NA,Valencia,1,1,€ 160,2019/12/30,2019/12/31,0,"9,6",60
Central Park Apartment Valencia,3881533,NA,Valencia,1,1,NA,2019/12/30,2019/12/31,0,"9,5",60
Flight Mode Ruzafa,5473258,NA,Valencia,1,1,€ 175,2019/12/30,2019/12/31,0,"9,6",60
SAN RAMÓN,2238556,NA,Valencia,1,1,€ 80,2019/12/30,2019/12/31,0,"8,5",60
Apartamento Jesus De Medinaceli,1728697,NA,Valencia,1,1,€ 80,2019/12/30,2019/12/31,0,"8,6",60
Casual del Cine Valencia,572187,NA,Valencia,1,1,€ 82,2019/12/30,2019/12/31,2,"8,6",60
Moon Valencia,3560698,NA,Valencia,1,1,€ 83,2019/12/30,2019/12/31,0,"8,8",60
MARQUÉS HOUSE 4* SUP,2118880,NA,Valencia,1,1,€ 299,2019/12/30,2019/12/31,4,"9,4",60
Florista's Room en Valencia,5502152,NA,Valencia,1,1,€ 63,2019/12/30,2019/12/31,0,"9,2",60
Bianca,4232781,NA,Valencia,1,1,€ 74,2019/12/30,2019/12/31,0,"8,9",60
Hotel Valencia Alameda,4019381,NA,Valencia,1,1,€ 74,2019/12/30,2019/12/31,4,"9,2",60
Live in Chianti,2227491,NA,Valencia,1,1,€ 75,2019/12/30,2019/12/31,0,"9,1",60
Apartamento,3139431,NA,Valencia,1,1,NA,2019/12/30,2019/12/31,0,"9,5",60
Hostal Venecia,92883,NA,Valencia,1,1,€ 84,2019/12/30,2019/12/31,2,"9,1",60
Rooms Ciencias,94126,NA,Valencia,1,1,€ 89,2019/12/30,2019/12/31,0,9,60
Una Ubicacion Perfecta,3114164,NA,Valencia,1,1,€ 90,2019/12/30,2019/12/31,0,"9,1",60
La casita de Palomar,2132386,NA,Valencia,1,1,€ 99,2019/12/30,2019/12/31,0,"9,3",60
OCEANOGRAFIC DELUXE- PARKING- WI-FI,4095746,NA,Valencia,1,1,€ 100,2019/12/30,2019/12/31,0,"9,1",60
15 Avinguda Mare Nostrum,4518973,NA,Valencia,1,1,€ 100,2019/12/30,2019/12/31,0,"9,1",60
Apartment Regne De Valencia,1533033,NA,Valencia,1,1,NA,2019/12/30,2019/12/31,0,"9,4",60
Forn desamparats,2380447,NA,Valencia,1,1,€ 105,2019/12/30,2019/12/31,0,"9,4",60
Comfort Homestay,5423155,NA,Valencia,1,1,€ 105,2019/12/30,2019/12/31,0,9,60
Blanq Comedias,4922002,NA,Valencia,1,1,€ 108,2019/12/30,2019/12/31,0,9,60
Apartamentos Edificio Palomar,189277,NA,Valencia,1,1,€ 110,2019/12/30,2019/12/31,0,"9,2",60
Hotel Boutique Balandret,1281710,NA,Valencia,1,1,€ 124,2019/12/30,2019/12/31,3,"9,2",60
