name,propertyId,propertyType,city,rooms,days,price,checkIn,checkOut,stars,score,advance
Sweet Caroline Apartment,1811784,Apartamento,Valencia,1,1,€ 150,2019/10/31,2019/11/01,0,"9,2",30
B BEACH VALENCIA,5125954,Apartamento,Valencia,1,1,€ 150,2019/10/31,2019/11/01,0,"9,1",30
Charming Ninetta,3220582,Apartamento,Valencia,1,1,NA,2019/10/31,2019/11/01,0,"9,5",30
One Shot Mercat 09,2274203,NA,Valencia,1,1,€ 152,2019/10/31,2019/11/01,4,"9,1",30
Apartamentos La más Bonita,2816245,Apartamentos,Valencia,1,1,€ 158,2019/10/31,2019/11/01,0,"9,1",30
HQ Rooms Apartments San Vicente,2894429,Apartamentos,Valencia,1,1,€ 160,2019/10/31,2019/11/01,0,"9,2",30
NH Collection Colón Valencia,3828811,NA,Valencia,1,1,€ 172,2019/10/31,2019/11/01,4,"9,2",30
Mon Suites Catedral,485679,Apartamentos,Valencia,1,1,€ 173,2019/10/31,2019/11/01,0,"9,2",30
Zerka Sendra,4657122,Apartamento,Valencia,1,1,€ 179,2019/10/31,2019/11/01,0,9,30
Apartamento,3139431,Apartamento,Valencia,1,1,NA,2019/10/31,2019/11/01,0,"9,5",30
Las Arenas Balneario Resort,91144,NA,Valencia,1,1,€ 198,2019/10/31,2019/11/01,5,9,30
Arena's Apartament,2156905,Apartamento,Valencia,1,1,€ 200,2019/10/31,2019/11/01,0,"9,1",30
Loft Superior el Carmen,2784473,Apartamento,Valencia,1,1,€ 218,2019/10/31,2019/11/01,0,"9,2",30
Vincci Mercat,1279484,NA,Valencia,1,1,€ 228,2019/10/31,2019/11/01,4,9,30
Caro Hotel,348132,NA,Valencia,1,1,€ 285,2019/10/31,2019/11/01,5,"9,2",30
MD Julio Antonio Apartment Center,3961049,Apartamento,Valencia,1,1,€ 407,2019/10/31,2019/11/01,0,"9,2",30
Preciosa Casita Cerca Del Mar,4057271,Apartamento,Valencia,1,1,NA,2019/10/31,2019/11/01,0,"9,7",30
Art&Flats Bed&Breakfast,5238345,NA,Valencia,1,1,€ 26,2019/10/31,2019/11/01,0,"8,9",30
Quart Youth Hostel,476418,NA,Valencia,1,1,€ 42,2019/10/31,2019/11/01,0,"8,6",30
Homestay Carrer Sagun,5006434,NA,Valencia,1,1,€ 45,2019/10/31,2019/11/01,0,"8,8",30
Russafa Youth Hostel,345134,NA,Valencia,1,1,€ 51,2019/10/31,2019/11/01,0,"8,6",30
Home Youth Hostel by Feetup Hostels,189322,NA,Valencia,1,1,€ 51,2019/10/31,2019/11/01,0,"8,8",30
B&B Almirante,369695,NA,Valencia,1,1,€ 57,2019/10/31,2019/11/01,1,"8,8",30
Ambrosio Flats Valencia - El Mercat,3131649,Apartamento,Valencia,1,1,NA,2019/10/31,2019/11/01,0,"9,5",30
Moon Valencia,3560698,Apartamentos,Valencia,1,1,€ 60,2019/10/31,2019/11/01,0,"8,8",30
The River Hostel,494202,NA,Valencia,1,1,€ 60,2019/10/31,2019/11/01,0,"8,5",30
Sabía que venias!,3543756,NA,Valencia,1,1,€ 60,2019/10/31,2019/11/01,0,"8,6",30
Zalamera BnB,1331238,NA,Valencia,1,1,€ 61,2019/10/31,2019/11/01,0,"8,7",30
València Centre Torres de Quart,886289,Apartamentos,Valencia,1,1,€ 62,2019/10/31,2019/11/01,0,"8,9",30
Suites by Eric Olsan (Peset),4726296,Apartamentos,Valencia,1,1,€ 89,2019/10/31,2019/11/01,0,"7,6",30
Colors Rooms,675839,NA,Valencia,1,1,€ 40,2019/10/31,2019/11/01,0,"9,5",30
L'Esplai Valencia Bed & Breakfast,1282556,NA,Valencia,1,1,€ 81,2019/10/31,2019/11/01,0,"9,5",30
VALENCIA APARTAMENTO GOYA,4256653,Apartamento,Valencia,1,1,NA,2019/10/31,2019/11/01,0,10,30
Valencian Dreams,3268804,Apartamento,Valencia,1,1,€ 97,2019/10/31,2019/11/01,0,"9,8",30
Opera House Valencia B&B,3533887,NA,Valencia,1,1,€ 99,2019/10/31,2019/11/01,0,"9,5",30
Suites by Eric Olsan (L),4287413,Apartamentos,Valencia,1,1,€ 89,2019/10/31,2019/11/01,0,"7,7",30
VALENCIA APARTAMENTO GOYA GRAN TERRAZA,4660558,Apartamento,Valencia,1,1,NA,2019/10/31,2019/11/01,0,"9,6",30
Casual de la Música Valencia,273130,NA,Valencia,1,1,€ 91,2019/10/31,2019/11/01,2,"7,5",30
Apartamento Angel Alcazar 35,2174625,Apartamento,Valencia,1,1,€ 95,2019/10/31,2019/11/01,0,"7,5",30
Flats Piera Valencia Center,1490563,Apartamentos,Valencia,1,1,€ 105,2019/10/31,2019/11/01,0,"9,7",30
Duplex+Swimming pool+private entrance=Housen of LOVE,2999152,Apartamento,Valencia,1,1,€ 125,2019/10/31,2019/11/01,0,"9,6",30
Apartment Plaza Cisneros,1273377,Apartamentos,Valencia,1,1,€ 130,2019/10/31,2019/11/01,0,"9,7",30
Apartment Sofi,2830696,Apartamento,Valencia,1,1,€ 150,2019/10/31,2019/11/01,0,"9,8",30
Casa Vich,4457634,Apartamento,Valencia,1,1,NA,2019/10/31,2019/11/01,0,"9,6",30
El 16 Ruzafa,865461,Apartamentos,Valencia,1,1,€ 99,2019/10/31,2019/11/01,0,"7,7",30
Art of Dance Apartment Valencia,3732969,Apartamento,Valencia,1,1,€ 100,2019/10/31,2019/11/01,0,"7,7",30
SHF Plaza de la Reina,1682520,Apartamentos,Valencia,1,1,€ 103,2019/10/31,2019/11/01,0,"7,8",30
Apartment Plaza de la Merced,3457190,Apartamento,Valencia,1,1,€ 110,2019/10/31,2019/11/01,0,"7,9",30
MD PASEO RUZAFA CENTER,5374850,Apartamento,Valencia,1,1,NA,2019/10/31,2019/11/01,0,"9,6",30
Kirei Apartment Vienna,4639797,Apartamento,Valencia,1,1,€ 115,2019/10/31,2019/11/01,0,"7,6",30
STYLISH APARTMENT - CITY CENTER,2861517,Apartamento,Valencia,1,1,€ 120,2019/10/31,2019/11/01,0,"7,8",30
Kirei Apartment Calgary,4768322,Apartamento,Valencia,1,1,€ 137,2019/10/31,2019/11/01,0,"7,7",30
El Globo,24498,NA,Valencia,1,1,€ 144,2019/10/31,2019/11/01,1,"7,8",30
Friendly Rentals Danna,1634254,Apartamento,Valencia,1,1,€ 155,2019/10/31,2019/11/01,0,"7,7",30
SingularStays Parque Central,3054000,Apartamentos,Valencia,1,1,€ 278,2019/10/31,2019/11/01,0,"8,8",30
Habitación en valencia centro,5418023,NA,Valencia,1,1,€ 29,2019/10/31,2019/11/01,0,"8,4",30
Stay at Valencia Downtown,1840715,Apartamento,Valencia,1,1,NA,2019/10/31,2019/11/01,0,"9,6",30
Dreams Rental City Hall,337092,Apartamentos,Valencia,1,1,€ 280,2019/10/31,2019/11/01,0,"7,5",30
ApartUP Mestalla Home,3300511,Apartamento,Valencia,1,1,NA,2019/10/31,2019/11/01,0,"9,5",30
MD Art Apartment Ruzafa,2550955,Apartamento,Valencia,1,1,€ 311,2019/10/31,2019/11/01,0,"7,5",30
MD Benlliure Beach.,1957258,Apartamento,Valencia,1,1,€ 313,2019/10/31,2019/11/01,0,"7,9",30
MD Abastos Center,2551194,Apartamento,Valencia,1,1,€ 341,2019/10/31,2019/11/01,0,"7,7",30
Ramirez Flats & Bar,4124528,Apartahotel,Valencia,1,1,€ 158,2019/10/31,2019/11/01,0,"9,5",30
MARQUÉS HOUSE 4* SUP,2118880,NA,Valencia,1,1,€ 179,2019/10/31,2019/11/01,4,"9,4",30
Apartments Downtown Valencia,2250421,Apartamentos,Valencia,1,1,€ 180,2019/10/31,2019/11/01,0,"9,6",30
Disfruta - Enjoy Valencia Centre,3881970,Apartamento,Valencia,1,1,€ 189,2019/10/31,2019/11/01,0,"9,7",30
Guest House Samuel Ros,4161855,NA,Valencia,1,1,€ 25,2019/10/31,2019/11/01,0,"7,3",30
Hostal Waksman,281139,NA,Valencia,1,1,€ 35,2019/10/31,2019/11/01,1,"7,3",30
feliz como en casa,3676196,NA,Valencia,1,1,€ 36,2019/10/31,2019/11/01,0,"7,2",30
Ca María,3776707,Apartamento,Valencia,1,1,NA,2019/10/31,2019/11/01,0,"9,7",30
Habitación con cama doble,4794909,NA,Valencia,1,1,€ 36,2019/10/31,2019/11/01,0,7,30
Hostal Residencial RR,450746,NA,Valencia,1,1,€ 38,2019/10/31,2019/11/01,0,7,30
Habitacion Apartamento soleado Plaza Escultor Frechina,4865043,NA,Valencia,1,1,€ 40,2019/10/31,2019/11/01,0,"7,1",30
HOSPEDAJE PESET,4718074,NA,Valencia,1,1,€ 40,2019/10/31,2019/11/01,0,"7,3",30
Purple Nest Hostel,25278,NA,Valencia,1,1,€ 37,2019/10/31,2019/11/01,0,"8,2",30
Apartamento Barato Valencia,3931013,NA,Valencia,1,1,€ 38,2019/10/31,2019/11/01,0,8,30
Red Nest Hostel,92283,NA,Valencia,1,1,€ 41,2019/10/31,2019/11/01,0,"8,2",30
B&B Hi Valencia Canovas,305349,NA,Valencia,1,1,€ 42,2019/10/31,2019/11/01,0,"8,3",30
Disfruta - Enjoy Valencia Ayuntamiento,4901194,Apartamento,Valencia,1,1,€ 195,2019/10/31,2019/11/01,0,"9,6",30
Cantagua Hostel,4074640,NA,Valencia,1,1,€ 37,2019/10/31,2019/11/01,0,"9,1",30
Cómoda habitación Valencia,4200488,NA,Valencia,1,1,NA,2019/10/31,2019/11/01,0,"9,6",30
Habitación privada a 1500 metros de la playa,3789910,NA,Valencia,1,1,€ 60,2019/10/31,2019/11/01,0,"9,2",30
Hostal Abastos,257057,NA,Valencia,1,1,€ 45,2019/10/31,2019/11/01,2,"8,2",30
Habitacion en Valencia Barata,4861796,NA,Valencia,1,1,€ 45,2019/10/31,2019/11/01,0,"8,1",30
Bubuflats Bubu 3,1014334,Apartamentos,Valencia,1,1,NA,2019/10/31,2019/11/01,0,"9,6",30
Pension MonaLisa Luxury Suites,3834224,NA,Valencia,1,1,€ 48,2019/10/31,2019/11/01,0,"8,2",30
Apartamentos Rusafa,5604325,NA,Valencia,1,1,€ 50,2019/10/31,2019/11/01,0,"8,2",30
Apartamentos Valencia,1007682,Apartamentos,Valencia,1,1,€ 50,2019/10/31,2019/11/01,0,"8,2",30
Habitación en piso compartido,5433175,NA,Valencia,1,1,€ 50,2019/10/31,2019/11/01,0,"8,3",30
PISO ACOGEDOR,4995780,NA,Valencia,1,1,€ 50,2019/10/31,2019/11/01,0,"7,1",30
YOU & CO. Saler Beach Boutique,4533007,NA,Valencia,1,1,€ 62,2019/10/31,2019/11/01,3,9,30
Host & Home,1663785,NA,Valencia,1,1,€ 70,2019/10/31,2019/11/01,0,9,30
Live in Chianti,2227491,NA,Valencia,1,1,€ 75,2019/10/31,2019/11/01,0,"9,1",30
Original Domino House,5434091,NA,Valencia,1,1,€ 75,2019/10/31,2019/11/01,0,"9,2",30
Hostal Venecia,92883,NA,Valencia,1,1,€ 84,2019/10/31,2019/11/01,2,"9,1",30
MerKat-Abastos,1231196,Apartamento,Valencia,1,1,NA,2019/10/31,2019/11/01,0,"9,7",30
Rooms Ciencias,94126,NA,Valencia,1,1,€ 86,2019/10/31,2019/11/01,0,9,30
"Piso ""Como en tu casa""",2689136,Apartamento,Valencia,1,1,€ 92,2019/10/31,2019/11/01,0,"9,2",30
Welcome Platanos 13 Valencia Beautiful apartments with terrace,5095795,Apartamento,Valencia,1,1,€ 119,2019/10/31,2019/11/01,0,"8,1",30
NH Valencia Center,90727,NA,Valencia,1,1,€ 121,2019/10/31,2019/11/01,4,"8,3",30
ÁTICO PTA 13 EN EL CENTRO DE VALENCIA VT-45727-T,4612077,Apartamento,Valencia,1,1,NA,2019/10/31,2019/11/01,0,"9,5",30
Hotel Conqueridor,91047,NA,Valencia,1,1,€ 126,2019/10/31,2019/11/01,4,"8,4",30
Zerka Centro,4425975,Apartamentos,Valencia,1,1,€ 129,2019/10/31,2019/11/01,0,"8,3",30
Apartamento frente al mar,3060802,Apartamento,Valencia,1,1,€ 130,2019/10/31,2019/11/01,0,"8,3",30
Hotel Valencia Center,91285,NA,Valencia,1,1,€ 139,2019/10/31,2019/11/01,4,"8,4",30
Apartamento Obispo don Jerónimo,2079020,Apartamento,Valencia,1,1,€ 144,2019/10/31,2019/11/01,0,"8,2",30
Jardín Botánico Hotel Boutique,93369,NA,Valencia,1,1,€ 94,2019/10/31,2019/11/01,3,"8,9",30
Nest Style Valencia,5219046,NA,Valencia,1,1,€ 97,2019/10/31,2019/11/01,3,"9,4",30
Palau de Palomar,471283,Apartamentos,Valencia,1,1,€ 99,2019/10/31,2019/11/01,0,"9,1",30
Aventura,5567318,Apartamentos,Valencia,1,1,€ 50,2019/10/31,2019/11/01,0,"8,2",30
Dormavalencia Hostel Regne,291755,NA,Valencia,1,1,€ 55,2019/10/31,2019/11/01,1,8,30
La Morella del Carmen,5188541,Apartamento,Valencia,1,1,NA,2019/10/31,2019/11/01,0,"9,5",30
Balcón Al Mar,295109,NA,Valencia,1,1,€ 56,2019/10/31,2019/11/01,0,"8,4",30
Old Town Flats Casa Burguerini,4552106,Apartamentos,Valencia,1,1,€ 151,2019/10/31,2019/11/01,0,8,30
Chic and Central- in a lively but quiet area. All walking distance.,3649090,Apartamento,Valencia,1,1,NA,2019/10/31,2019/11/01,0,"9,6",30
NH Valencia Las Artes,90731,NA,Valencia,1,1,€ 152,2019/10/31,2019/11/01,4,"8,4",30
Apartment Valencia,348555,Apartamentos,Valencia,1,1,€ 182,2019/10/31,2019/11/01,0,8,30
Apartamentos Dormavalencia,4450983,Apartamentos,Valencia,1,1,€ 187,2019/10/31,2019/11/01,0,"8,3",30
Loft el Carmen amazing views,4932621,Apartamento,Valencia,1,1,€ 191,2019/10/31,2019/11/01,0,"8,1",30
Malvarrosa Calle Pavia,3608764,Casa o chalet,Valencia,1,1,€ 271,2019/10/31,2019/11/01,0,8,30
Musico Peydro Apartments,3765069,Apartamentos,Valencia,1,1,€ 341,2019/10/31,2019/11/01,0,8,30
MAR Y SOL,4652261,Apartamento,Valencia,1,1,NA,2019/10/31,2019/11/01,0,"9,5",30
UP Hostel Valencia,1710137,NA,Valencia,1,1,€ 24,2019/10/31,2019/11/01,0,"7,7",30
Pensión Universal,304276,NA,Valencia,1,1,€ 28,2019/10/31,2019/11/01,0,"7,9",30
Hostal Moratin,326015,NA,Valencia,1,1,€ 31,2019/10/31,2019/11/01,1,"7,9",30
Habitaciones Barra89,1076252,NA,Valencia,1,1,€ 32,2019/10/31,2019/11/01,0,"7,8",30
Apart and Benef,2291245,NA,Valencia,1,1,€ 34,2019/10/31,2019/11/01,0,"7,8",30
Hostal El Cid,309465,NA,Valencia,1,1,€ 34,2019/10/31,2019/11/01,2,"7,6",30
Central Apartment in Valencia with WIFI + Parking.,4557920,Apartamento,Valencia,1,1,NA,2019/10/31,2019/11/01,0,"9,6",30
Habitación Céntrica en Casa de Familia,4289877,NA,Valencia,1,1,€ 35,2019/10/31,2019/11/01,0,"7,7",30
Habitación San Cayetano,4624401,NA,Valencia,1,1,€ 40,2019/10/31,2019/11/01,0,"7,6",30
Voyagers Inn Homestay,2682156,NA,Valencia,1,1,€ 40,2019/10/31,2019/11/01,0,"7,8",30
Habitacion PLaza Ayuntamiento,4365340,NA,Valencia,1,1,€ 40,2019/10/31,2019/11/01,0,"7,5",30
Hotel Beleret,94652,NA,Valencia,1,1,€ 41,2019/10/31,2019/11/01,3,"7,6",30
Casita Esmeralda,2040126,Casa o chalet,Valencia,1,1,€ 114,2019/10/31,2019/11/01,0,"6,5",30
Apartamento para 10 personas,5029963,Apartamento,Valencia,1,1,€ 160,2019/10/31,2019/11/01,0,"6,9",30
Hotel Boutique Balandret,1281710,NA,Valencia,1,1,NA,2019/10/31,2019/11/01,3,"9,2",30
Style Apartments Puerto,1558265,Apartamentos,Valencia,1,1,€ 59,2019/10/31,2019/11/01,0,8,30
Nanit Valencia Hostel,3913497,NA,Valencia,1,1,€ 59,2019/10/31,2019/11/01,0,"8,3",30
Sol Playa,12656,NA,Valencia,1,1,€ 60,2019/10/31,2019/11/01,2,"8,3",30
Fun and Sun Center 2,2944416,NA,Valencia,1,1,€ 36,2019/10/31,2019/11/01,0,"6,1",30
Carrer del Bisbe Jaume Pérez,4900140,NA,Valencia,1,1,€ 60,2019/10/31,2019/11/01,0,6,30
Loft Central Market - Tapas,3187998,Apartamento,Valencia,1,1,€ 108,2019/10/31,2019/11/01,0,"6,4",30
Guest House Higinio Noja,2845935,NA,Valencia,1,1,€ 25,2019/10/31,2019/11/01,0,"5,9",30
RoomTuristValencia - Ruzafa,4608394,NA,Valencia,1,1,€ 25,2019/10/31,2019/11/01,0,"5,5",30
Ruzafa Guesthouse,2269176,NA,Valencia,1,1,€ 30,2019/10/31,2019/11/01,0,"5,6",30
Vivaldi Center City,2791614,Apartamento,Valencia,1,1,NA,2019/10/31,2019/11/01,0,"9,1",30
Gon & Diego House,4899561,NA,Valencia,1,1,€ 40,2019/10/31,2019/11/01,0,"5,4",30
Oliver,4865093,NA,Valencia,1,1,€ 83,2019/10/31,2019/11/01,0,"5,5",30
sueñavalencia,5603844,NA,Valencia,1,1,€ 100,2019/10/31,2019/11/01,0,"5,9",30
Kirei Apartment Berlin,4504570,Apartamentos,Valencia,1,1,€ 103,2019/10/31,2019/11/01,0,"5,6",30
Kirei Apartment Denver,4585191,Apartamento,Valencia,1,1,€ 161,2019/10/31,2019/11/01,0,"5,9",30
Kirei Apartment Portland,4276529,Apartamentos,Valencia,1,1,€ 200,2019/10/31,2019/11/01,0,"5,9",30
Mediterranean Flats Plaza Redonda,4086496,Apartamentos,Valencia,1,1,NA,2019/10/31,2019/11/01,0,"9,2",30
Guest House Torres de Quart,2275006,NA,Valencia,1,1,€ 30,2019/10/31,2019/11/01,0,"5,3",30
Guest House Ruzafa,2324552,NA,Valencia,1,1,€ 33,2019/10/31,2019/11/01,0,"5,2",30
RoomTuristValencia Estacion del Norte,4682632,NA,Valencia,1,1,€ 35,2019/10/31,2019/11/01,0,"5,2",30
Port of Valencia,3805735,Apartamento,Valencia,1,1,€ 75,2019/10/31,2019/11/01,0,5,30
Urban Youth Hostel,1163025,NA,Valencia,1,1,€ 60,2019/10/31,2019/11/01,0,"8,4",30
Tryp Valencia Feria,92852,NA,Valencia,1,1,€ 68,2019/10/31,2019/11/01,4,"8,4",30
Ático Valencia Centro,4358939,Apartamento,Valencia,1,1,NA,2019/10/31,2019/11/01,0,"9,8",30
Center Valencia Youth Hostel,246931,NA,Valencia,1,1,€ 70,2019/10/31,2019/11/01,0,8,30
RoomTuristValencia Torres de Quart,4565643,NA,Valencia,1,1,€ 25,2019/10/31,2019/11/01,0,"4,5",30
Guest House Duc de Gaeta,2275007,NA,Valencia,1,1,€ 28,2019/10/31,2019/11/01,0,"4,9",30
MOM La Punta,3105661,NA,Valencia,1,1,NA,2019/10/31,2019/11/01,0,"9,4",30
Guesthouse Plaza de Toros,2985902,NA,Valencia,1,1,€ 33,2019/10/31,2019/11/01,0,"4,8",30
L'Otelet By Sweet,1467935,NA,Valencia,1,1,€ 72,2019/10/31,2019/11/01,0,"8,3",30
NH Ciudad de Valencia,90729,NA,Valencia,1,1,€ 73,2019/10/31,2019/11/01,3,"8,1",30
Reina 12,1684198,NA,Valencia,1,1,€ 74,2019/10/31,2019/11/01,0,"8,2",30
RoomTuristValencia RuzafaSumsi,4682802,NA,Valencia,1,1,€ 35,2019/10/31,2019/11/01,0,"4,6",30
Constitucion Guesthouse,2985942,NA,Valencia,1,1,€ 30,2019/10/31,2019/11/01,0,"3,7",30
Apartamento Islas Canarias,2304086,Apartamento,Valencia,1,1,€ 48,2019/10/31,2019/11/01,0,"3,8",30
Double Room in VALENCIA,5665653,NA,Valencia,1,1,€ 23,2019/10/31,2019/11/01,0,,30
Residencia Universitaria Damia Bonet,247451,NA,Valencia,1,1,€ 75,2019/10/31,2019/11/01,0,"8,3",30
Casa del Patriarca,364834,NA,Valencia,1,1,€ 90,2019/10/31,2019/11/01,0,"8,9",30
Valenciaflats Centro Histórico,94781,Apartamentos,Valencia,1,1,€ 91,2019/10/31,2019/11/01,0,"8,7",30
Disfruta - Enjoy Valencia Oceanografic,4121345,Apartamento,Valencia,1,1,NA,2019/10/31,2019/11/01,0,"9,6",30
Valencian Apartment,2298621,Apartamento,Valencia,1,1,€ 92,2019/10/31,2019/11/01,0,"8,9",30
Plaza Sainetero Arniches,3984774,Apartamento,Valencia,1,1,€ 92,2019/10/31,2019/11/01,0,"8,5",30
El Palacete Gran Via,3483148,NA,Valencia,1,1,€ 93,2019/10/31,2019/11/01,0,"8,8",30
Casual del Cine Valencia,572187,NA,Valencia,1,1,€ 94,2019/10/31,2019/11/01,2,"8,6",30
BUBUFLATS Mossén,1141763,Apartamentos,Valencia,1,1,€ 95,2019/10/31,2019/11/01,0,"8,9",30
New Trendy apartment,2426154,Apartamento,Valencia,1,1,€ 95,2019/10/31,2019/11/01,0,"8,7",30
Apartment Cisneros 2,2361375,Apartamento,Valencia,1,1,NA,2019/10/31,2019/11/01,0,"9,7",30
Soho Valencia,1538641,Apartahotel,Valencia,1,1,€ 96,2019/10/31,2019/11/01,0,"8,9",30
Lotelito,570027,NA,Valencia,1,1,€ 97,2019/10/31,2019/11/01,0,"8,9",30
Sercotel Sorolla Palace,93646,NA,Valencia,1,1,€ 98,2019/10/31,2019/11/01,4,"8,6",30
Hotel Mediterraneo Valencia,92412,NA,Valencia,1,1,€ 98,2019/10/31,2019/11/01,3,"8,8",30
Hotel Dimar,90886,NA,Valencia,1,1,€ 99,2019/10/31,2019/11/01,4,"8,7",30
Perla Apartments,3146781,Apartamentos,Valencia,1,1,€ 99,2019/10/31,2019/11/01,0,"8,7",30
RUZAFA- CENTRO-A/C- WI-FI- PARKING,2885994,Apartamento,Valencia,1,1,NA,2019/10/31,2019/11/01,0,"9,7",30
Apartamento en Valencia,2549783,Apartamento,Valencia,1,1,€ 100,2019/10/31,2019/11/01,0,"8,6",30
Ad Hoc Monumental,90719,NA,Valencia,1,1,€ 101,2019/10/31,2019/11/01,3,"8,6",30
Citizentral Gascons,332095,Apartamentos,Valencia,1,1,€ 102,2019/10/31,2019/11/01,0,"8,8",30
Melia Plaza Valencia,13270,NA,Valencia,1,1,€ 105,2019/10/31,2019/11/01,4,"8,9",30
MODERNO Y ACOGEDOR FRENTE A RUZAFA Y CERCA DEL CENTRO,4490444,Apartamento,Valencia,1,1,€ 105,2019/10/31,2019/11/01,0,"8,7",30
UNIK. Apartments Valencia,2241282,Apartamentos,Valencia,1,1,€ 106,2019/10/31,2019/11/01,0,"8,5",30
Barracart Apartments,2125836,Apartamentos,Valencia,1,1,NA,2019/10/31,2019/11/01,0,"9,6",30
Melia Valencia,290493,NA,Valencia,1,1,€ 107,2019/10/31,2019/11/01,4,"8,8",30
One Shot Colón 46,1394168,NA,Valencia,1,1,€ 110,2019/10/31,2019/11/01,3,"8,7",30
City of Arts,3031480,Apartamento,Valencia,1,1,€ 110,2019/10/31,2019/11/01,0,"8,7",30
Ilunion Aqua 4,92777,NA,Valencia,1,1,€ 114,2019/10/31,2019/11/01,4,"8,5",30
ValentiaApartments - MercadoCentral,4185241,Apartamentos,Valencia,1,1,€ 115,2019/10/31,2019/11/01,0,"8,8",30
