name,propertyId,propertyType,city,rooms,days,price,checkIn,checkOut,stars,score,advance
Eurostars Gran Valencia,90484,NA,Valencia,1,1,€ 107,2020/01/25,2020/01/26,4,"8,4",90
Apartamento Torres,3654194,NA,Valencia,1,1,€ 110,2020/01/25,2020/01/26,0,"8,3",90
The River Hostel,494202,NA,Valencia,1,1,NA,2020/01/25,2020/01/26,0,"8,5",90
Welcome Platanos 13 Valencia Beautiful apartments with terrace,5095795,NA,Valencia,1,1,€ 129,2020/01/25,2020/01/26,0,"8,1",90
Ilunion Aqua 3,92776,NA,Valencia,1,1,€ 130,2020/01/25,2020/01/26,3,"8,3",90
Apartments Welcome to Valencia Peset Aleixandre 69,4964856,NA,Valencia,1,1,€ 130,2020/01/25,2020/01/26,0,"8,4",90
Holiday Inn Express Ciudad de las Ciencias,96737,NA,Valencia,1,1,€ 151,2020/01/25,2020/01/26,3,8,90
Casa los Peces,3234194,NA,Valencia,1,1,€ 170,2020/01/25,2020/01/26,0,"8,2",90
València Centre Túria,2185255,NA,Valencia,1,1,€ 66,2020/01/25,2020/01/26,0,"8,8",90
ABCyou Bed&Breakfast,189207,NA,Valencia,1,1,€ 66,2020/01/25,2020/01/26,0,"8,5",90
Total Valencia White,2201908,NA,Valencia,1,1,NA,2020/01/25,2020/01/26,0,"9,1",90
Jardín Botánico Hotel Boutique,93369,NA,Valencia,1,1,€ 66,2020/01/25,2020/01/26,3,"8,9",90
Casa del Patriarca,364834,NA,Valencia,1,1,€ 67,2020/01/25,2020/01/26,0,"8,9",90
Victoria Site @ Mercat Central,1958462,NA,Valencia,1,1,€ 70,2020/01/25,2020/01/26,0,"8,6",90
Hotel Kramer,91106,NA,Valencia,1,1,€ 72,2020/01/25,2020/01/26,3,"8,8",90
Zenit Valencia,92327,NA,Valencia,1,1,€ 74,2020/01/25,2020/01/26,4,"8,8",90
Soho Valencia,1538641,NA,Valencia,1,1,€ 74,2020/01/25,2020/01/26,0,"8,9",90
Teixidors de Palomar,2639791,NA,Valencia,1,1,NA,2020/01/25,2020/01/26,0,"9,4",90
Loft el Carmen amazing views,4932621,NA,Valencia,1,1,€ 170,2020/01/25,2020/01/26,0,"8,1",90
Turia Town,4064373,NA,Valencia,1,1,NA,2020/01/25,2020/01/26,0,"8,8",90
Vlc Apartaments el Carmen,389902,NA,Valencia,1,1,€ 187,2020/01/25,2020/01/26,0,"8,3",90
Zerka Centro,4425975,NA,Valencia,1,1,€ 199,2020/01/25,2020/01/26,0,"8,4",90
Ilunion Valencia 4,754329,NA,Valencia,1,1,€ 202,2020/01/25,2020/01/26,4,"8,1",90
NWT Central Station Apartments,3964093,NA,Valencia,1,1,€ 300,2020/01/25,2020/01/26,0,"8,2",90
Up Town,2244083,NA,Valencia,1,1,€ 4.500,2020/01/25,2020/01/26,0,"8,2",90
Valencia maritimo,3020748,NA,Valencia,1,1,€ 75,2020/01/25,2020/01/26,0,"8,9",90
Casual del Cine Valencia,572187,NA,Valencia,1,1,€ 76,2020/01/25,2020/01/26,2,"8,6",90
Boutique Creative Rooms,2334726,NA,Valencia,1,1,€ 76,2020/01/25,2020/01/26,0,"8,8",90
Casual Vintage Valencia,1710241,NA,Valencia,1,1,€ 77,2020/01/25,2020/01/26,2,"8,6",90
Sercotel Sorolla Palace,93646,NA,Valencia,1,1,€ 77,2020/01/25,2020/01/26,4,"8,6",90
Hotel El Siglo,1741479,NA,Valencia,1,1,€ 78,2020/01/25,2020/01/26,3,"8,5",90
Vivaldi Penthouse Ayuntamiento,1289561,NA,Valencia,1,1,NA,2020/01/25,2020/01/26,0,"9,2",90
Homestay Carrer Sagun,5006434,NA,Valencia,1,1,€ 80,2020/01/25,2020/01/26,0,"8,8",90
Petit Palace Ruzafa,90792,NA,Valencia,1,1,€ 80,2020/01/25,2020/01/26,3,"8,7",90
Valenciaflats Centro Histórico,94781,NA,Valencia,1,1,€ 82,2020/01/25,2020/01/26,0,"8,7",90
UP Hostel Valencia,1710137,NA,Valencia,1,1,€ 20,2020/01/25,2020/01/26,0,"7,7",90
Buho House,3777691,NA,Valencia,1,1,NA,2020/01/25,2020/01/26,0,"8,5",90
Habitación Céntrica en Casa de Familia,4289877,NA,Valencia,1,1,€ 35,2020/01/25,2020/01/26,0,"7,7",90
Valencia City Host,1177077,NA,Valencia,1,1,€ 38,2020/01/25,2020/01/26,0,"7,8",90
Hotel Mediterraneo Valencia,92412,NA,Valencia,1,1,€ 82,2020/01/25,2020/01/26,3,"8,9",90
Valencian Apartment,2298621,NA,Valencia,1,1,€ 84,2020/01/25,2020/01/26,0,"8,9",90
Melia Valencia,290493,NA,Valencia,1,1,€ 85,2020/01/25,2020/01/26,4,"8,8",90
Apartamento en la Ciudad de las Artes y las Ciencias,3552283,NA,Valencia,1,1,NA,2020/01/25,2020/01/26,0,"9,4",90
Pensión Universal,304276,NA,Valencia,1,1,€ 38,2020/01/25,2020/01/26,0,"7,9",90
Voyagers Inn Homestay,2682156,NA,Valencia,1,1,€ 40,2020/01/25,2020/01/26,0,"7,8",90
Casual Civilizaciones Valencia,449777,NA,Valencia,1,1,€ 41,2020/01/25,2020/01/26,0,"7,9",90
Casa de Maria,2467712,NA,Valencia,1,1,€ 85,2020/01/25,2020/01/26,0,"8,6",90
Barceló Valencia,91988,NA,Valencia,1,1,€ 86,2020/01/25,2020/01/26,4,"8,7",90
Lotelito,570027,NA,Valencia,1,1,€ 87,2020/01/25,2020/01/26,0,"8,9",90
Hostal On Dormire Valencia,432305,NA,Valencia,1,1,€ 44,2020/01/25,2020/01/26,0,"7,8",90
Welcomer Apartments Valencia,19363,NA,Valencia,1,1,NA,2020/01/25,2020/01/26,0,"8,7",90
Casual de la Música Valencia,273130,NA,Valencia,1,1,€ 48,2020/01/25,2020/01/26,2,"7,5",90
Original Domino House,5434091,NA,Valencia,1,1,€ 87,2020/01/25,2020/01/26,0,"8,8",90
Apartments Madrina,3278589,NA,Valencia,1,1,€ 88,2020/01/25,2020/01/26,0,"8,9",90
Habitaciones Rusafa,5604325,NA,Valencia,1,1,€ 50,2020/01/25,2020/01/26,0,"7,8",90
Hostal Moratin,326015,NA,Valencia,1,1,€ 50,2020/01/25,2020/01/26,1,"7,9",90
Expo Hotel Valencia,91223,NA,Valencia,1,1,€ 50,2020/01/25,2020/01/26,3,"7,6",90
B&B Hotel Valencia Ciudad de las Ciencias,92242,NA,Valencia,1,1,€ 53,2020/01/25,2020/01/26,3,"7,5",90
Habitacion Apartamento soleado Plaza Escultor Frechina,4865043,NA,Valencia,1,1,€ 50,2020/01/25,2020/01/26,0,"7,4",90
Habitacion PLaza Ayuntamiento,4365340,NA,Valencia,1,1,€ 55,2020/01/25,2020/01/26,0,"7,4",90
La Roqueta,2652492,NA,Valencia,1,1,NA,2020/01/25,2020/01/26,0,"8,7",90
Cosy Rooms Bolsería,371606,NA,Valencia,1,1,€ 58,2020/01/25,2020/01/26,2,"7,4",90
NWT Central Station Valencia,1647017,NA,Valencia,1,1,€ 59,2020/01/25,2020/01/26,0,"7,1",90
Geography and Arts.,3569110,NA,Valencia,1,1,€ 60,2020/01/25,2020/01/26,0,"7,1",90
Cosy Rooms Embajador,369728,NA,Valencia,1,1,€ 61,2020/01/25,2020/01/26,2,"7,4",90
Malvarrosa Beach Rooms,314048,NA,Valencia,1,1,€ 65,2020/01/25,2020/01/26,2,7,90
Plaza Redonda house.,4399973,NA,Valencia,1,1,€ 70,2020/01/25,2020/01/26,0,"7,4",90
Living Valencia - Malvarrosa Beach,3555919,NA,Valencia,1,1,NA,2020/01/25,2020/01/26,0,"8,6",90
Apartment Horticultor Bosch,1148669,NA,Valencia,1,1,€ 70,2020/01/25,2020/01/26,0,"7,3",90
Mi casa es vuestra casa,4967097,NA,Valencia,1,1,€ 70,2020/01/25,2020/01/26,0,"7,1",90
Habitación en Valencia,5477394,NA,Valencia,1,1,€ 72,2020/01/25,2020/01/26,0,"7,1",90
Almiserat,3054886,NA,Valencia,1,1,€ 80,2020/01/25,2020/01/26,0,"7,1",90
Guest House Samuel Ros,4161855,NA,Valencia,1,1,€ 90,2020/01/25,2020/01/26,0,"7,2",90
Select Home Catedral,440778,NA,Valencia,1,1,€ 170,2020/01/25,2020/01/26,0,"7,1",90
Bonaire Apartment,2966460,NA,Valencia,1,1,NA,2020/01/25,2020/01/26,0,"8,8",90
Piso en Playa de Valencia,5533098,NA,Valencia,1,1,€ 70,2020/01/25,2020/01/26,0,"9,3",90
Ramirez Flats & Bar,4124528,NA,Valencia,1,1,€ 89,2020/01/25,2020/01/26,0,"9,5",90
Valencia Apartamentos Goya,4256653,NA,Valencia,1,1,NA,2020/01/25,2020/01/26,0,10,90
LOFT apartamento duplex en Valencia con parking gratis,5519008,NA,Valencia,1,1,€ 90,2020/01/25,2020/01/26,0,"9,9",90
Calle de Frederica Montseny 'Política' Casa o chalet,5152866,NA,Valencia,1,1,€ 95,2020/01/25,2020/01/26,0,"9,6",90
Best Valencia Beach Flat,3246772,NA,Valencia,1,1,€ 196,2020/01/25,2020/01/26,0,"7,1",90
HOSTAL BED OF THE SEA,3974636,NA,Valencia,1,1,€ 200,2020/01/25,2020/01/26,0,"7,1",90
Ruzafa Rooms,2891693,NA,Valencia,1,1,€ 45,2020/01/25,2020/01/26,0,"6,9",90
Casa La Buhardilla,2985364,NA,Valencia,1,1,€ 97,2020/01/25,2020/01/26,0,"9,6",90
ÁTICO EN EL CENTRO DE VALENCIA VT-45939-T,4752815,NA,Valencia,1,1,€ 100,2020/01/25,2020/01/26,0,"9,6",90
Hotel Cosmo,4838858,NA,Valencia,1,1,€ 102,2020/01/25,2020/01/26,3,"9,9",90
Valencian Dreams Lonja,4757385,NA,Valencia,1,1,€ 102,2020/01/25,2020/01/26,0,"9,8",90
Hexagonal Design Apartment Valencia,4630643,NA,Valencia,1,1,NA,2020/01/25,2020/01/26,0,"9,5",90
Waksman,2261109,NA,Valencia,1,1,€ 110,2020/01/25,2020/01/26,0,"9,7",90
MARQUÉS HOUSE 4* SUP,2118880,NA,Valencia,1,1,€ 129,2020/01/25,2020/01/26,4,"9,5",90
Apartments Downtown Valencia,2250421,NA,Valencia,1,1,€ 140,2020/01/25,2020/01/26,0,"9,6",90
Olympia Flats,4212801,NA,Valencia,1,1,€ 90,2020/01/25,2020/01/26,0,"9,7",90
Casita Esmeralda,2040126,NA,Valencia,1,1,€ 114,2020/01/25,2020/01/26,0,"6,5",90
Oliver,4865093,NA,Valencia,1,1,€ 83,2020/01/25,2020/01/26,0,"5,4",90
Port of Valencia,3805735,NA,Valencia,1,1,€ 150,2020/01/25,2020/01/26,0,"5,1",90
SingularStays Plaza del Mercado,1755231,NA,Valencia,1,1,NA,2020/01/25,2020/01/26,0,"8,5",90
Malvarosa,3820590,NA,Valencia,1,1,€ 190,2020/01/25,2020/01/26,0,4,90
Helle & ruhige Zimmer nähe Strand,5698199,NA,Valencia,1,1,€ 27,2020/01/25,2020/01/26,0,,90
Masatepe Room Valencia,5687127,NA,Valencia,1,1,€ 30,2020/01/25,2020/01/26,0,,90
Comfort Room(AVEValencia),5696103,NA,Valencia,1,1,€ 50,2020/01/25,2020/01/26,0,,90
Habitacion doble en piso compartido,5645604,NA,Valencia,1,1,€ 51,2020/01/25,2020/01/26,0,,90
Casa Calle Conquista,4691493,NA,Valencia,1,1,€ 240,2020/01/25,2020/01/26,0,"9,6",90
MD PASEO RUZAFA CENTER,5374850,NA,Valencia,1,1,€ 1.030,2020/01/25,2020/01/26,0,"9,6",90
Valencia what else...,2550483,NA,Valencia,1,1,NA,2020/01/25,2020/01/26,0,"9,5",90
Cantagua Hostel,4074640,NA,Valencia,1,1,€ 44,2020/01/25,2020/01/26,0,"9,1",90
Habitación privada a 1500 metros de la playa,3789910,NA,Valencia,1,1,€ 60,2020/01/25,2020/01/26,0,"9,3",90
Rooms Ciencias,94126,NA,Valencia,1,1,€ 65,2020/01/25,2020/01/26,0,9,90
Host & Home,1663785,NA,Valencia,1,1,€ 66,2020/01/25,2020/01/26,0,9,90
Bianca,4232781,NA,Valencia,1,1,€ 69,2020/01/25,2020/01/26,0,9,90
Apartamento bianca,3205847,NA,Valencia,1,1,€ 74,2020/01/25,2020/01/26,0,"9,1",90
Central Park Apartment Valencia,3881533,NA,Valencia,1,1,NA,2020/01/25,2020/01/26,0,"9,5",90
Hostal Venecia,92883,NA,Valencia,1,1,€ 74,2020/01/25,2020/01/26,2,"9,1",90
Live in Chianti,2227491,NA,Valencia,1,1,€ 75,2020/01/25,2020/01/26,0,"9,1",90
Blanq Comedias,4922002,NA,Valencia,1,1,€ 77,2020/01/25,2020/01/26,0,9,90
Sorolla Centro,90896,NA,Valencia,1,1,€ 77,2020/01/25,2020/01/26,3,"9,1",90
Atico de Lujo,2142556,NA,Valencia,1,1,€ 85,2020/01/25,2020/01/26,0,"9,1",90
Dr Lluch,4758818,NA,Valencia,1,1,€ 135,2020/01/25,2020/01/26,0,"8,5",90
Flatsforyou Sorolla House,403442,NA,Valencia,1,1,€ 140,2020/01/25,2020/01/26,0,"8,6",90
Bonito piso en el Barrio del Carmen (Valencia),2796987,NA,Valencia,1,1,NA,2020/01/25,2020/01/26,0,9,90
Apartments Plaza Ayuntamiento,3506736,NA,Valencia,1,1,€ 142,2020/01/25,2020/01/26,0,"8,7",90
Vincci Lys,91183,NA,Valencia,1,1,€ 145,2020/01/25,2020/01/26,4,"8,9",90
Puerta de Serranos,2734333,NA,Valencia,1,1,€ 153,2020/01/25,2020/01/26,0,"8,9",90
Mar & City Apartment,3456759,NA,Valencia,1,1,€ 157,2020/01/25,2020/01/26,0,"8,9",90
Eurostars Acteón,90495,NA,Valencia,1,1,€ 158,2020/01/25,2020/01/26,4,"8,5",90
ValentiaApartments - MercadoCentral,4185241,NA,Valencia,1,1,€ 163,2020/01/25,2020/01/26,0,"8,8",90
Luminoso piso + balcón en Valencia,4615515,NA,Valencia,1,1,NA,2020/01/25,2020/01/26,0,"9,3",90
Enjoy Flat Valencia,3991548,NA,Valencia,1,1,€ 175,2020/01/25,2020/01/26,0,"8,6",90
The Westin Valencia,93321,NA,Valencia,1,1,€ 208,2020/01/25,2020/01/26,5,"8,7",90
Carlos & Ana,2079019,NA,Valencia,1,1,€ 215,2020/01/25,2020/01/26,0,"8,9",90
Zerka Sendra,4657122,NA,Valencia,1,1,€ 309,2020/01/25,2020/01/26,0,"8,9",90
Habitación en valencia centro,5418023,NA,Valencia,1,1,€ 30,2020/01/25,2020/01/26,0,"8,2",90
Habitacion en Valencia Barata,4861796,NA,Valencia,1,1,€ 40,2020/01/25,2020/01/26,0,"8,2",90
My Penthouse Valencia,2020411,NA,Valencia,1,1,NA,2020/01/25,2020/01/26,0,"9,1",90
Red Nest Hostel,92283,NA,Valencia,1,1,€ 42,2020/01/25,2020/01/26,0,"8,2",90
Center City Flats,861452,NA,Valencia,1,1,€ 111,2020/01/25,2020/01/26,0,9,90
Purple Nest Hostel,25278,NA,Valencia,1,1,€ 43,2020/01/25,2020/01/26,0,"8,2",90
Hostal Abastos,257057,NA,Valencia,1,1,€ 45,2020/01/25,2020/01/26,2,"8,2",90
Habitacion en Valencia,4861732,NA,Valencia,1,1,€ 45,2020/01/25,2020/01/26,0,"8,3",90
47 Carrer de Cadis- puerta 1,4511167,NA,Valencia,1,1,€ 113,2020/01/25,2020/01/26,0,9,90
Purísima Street I,2471259,NA,Valencia,1,1,NA,2020/01/25,2020/01/26,0,"9,6",90
Valenciaflats Mercado Central,307677,NA,Valencia,1,1,€ 115,2020/01/25,2020/01/26,0,9,90
Center Valencia Youth Hostel,246931,NA,Valencia,1,1,€ 46,2020/01/25,2020/01/26,0,8,90
Albergue Juvenil Colegio Mayor Galileo Galilei,253103,NA,Valencia,1,1,€ 50,2020/01/25,2020/01/26,0,"8,1",90
OttoH Charm Stay,2459807,NA,Valencia,1,1,NA,2020/01/25,2020/01/26,0,"9,3",90
Habitaciones con Encanto,5629632,NA,Valencia,1,1,€ 50,2020/01/25,2020/01/26,0,8,90
Apartamentos La más Bonita,2816245,NA,Valencia,1,1,€ 115,2020/01/25,2020/01/26,0,9,90
Center Valencia,2944722,NA,Valencia,1,1,€ 117,2020/01/25,2020/01/26,0,"9,3",90
Apartamento en el centro de Valencia,4709659,NA,Valencia,1,1,€ 120,2020/01/25,2020/01/26,0,9,90
15 Avinguda Mare Nostrum,4518973,NA,Valencia,1,1,€ 120,2020/01/25,2020/01/26,0,"9,4",90
Urban Youth Hostel,1163025,NA,Valencia,1,1,€ 52,2020/01/25,2020/01/26,0,"8,4",90
NH Valencia Las Ciencias,90725,NA,Valencia,1,1,€ 54,2020/01/25,2020/01/26,3,8,90
Pension MonaLisa Luxury Suites,3834224,NA,Valencia,1,1,€ 56,2020/01/25,2020/01/26,0,"8,2",90
Sweet Hotel Renasa,274818,NA,Valencia,1,1,€ 56,2020/01/25,2020/01/26,3,8,90
Biopark View Apartment,2381901,NA,Valencia,1,1,€ 121,2020/01/25,2020/01/26,0,9,90
Preciosa Casita Cerca Del Mar,4057271,NA,Valencia,1,1,NA,2020/01/25,2020/01/26,0,"9,7",90
Casual Socarrat Valencia,5142800,NA,Valencia,1,1,€ 126,2020/01/25,2020/01/26,3,"9,1",90
NH Collection Colón Valencia,3828811,NA,Valencia,1,1,€ 126,2020/01/25,2020/01/26,4,"9,2",90
Live in Chianti Apartaments,2882632,NA,Valencia,1,1,€ 128,2020/01/25,2020/01/26,0,"9,1",90
OCEANOGRAFIC APARTMENT. PARKING. WI-FI,3107716,NA,Valencia,1,1,€ 130,2020/01/25,2020/01/26,0,9,90
OCEANOGRAFIC DELUXE- PARKING- WI-FI,4095746,NA,Valencia,1,1,€ 130,2020/01/25,2020/01/26,0,"9,1",90
Vincci Mercat,1279484,NA,Valencia,1,1,€ 132,2020/01/25,2020/01/26,4,9,90
Apartment Plaza Cisneros,1273377,NA,Valencia,1,1,NA,2020/01/25,2020/01/26,0,"9,7",90
Welcome Apartamentos Pintor Stolz 31 Valencia,5019066,NA,Valencia,1,1,€ 133,2020/01/25,2020/01/26,0,"9,2",90
Mon Suites San Martin,2777545,NA,Valencia,1,1,€ 138,2020/01/25,2020/01/26,0,"9,4",90
Loft zona Pechina en Valencia centro,2524985,NA,Valencia,1,1,€ 138,2020/01/25,2020/01/26,0,"9,1",90
APARTAMENTO CENTRICO. WI-FI. PARKING,2967593,NA,Valencia,1,1,€ 140,2020/01/25,2020/01/26,0,"9,1",90
ApartUP Viveros Pets,2834736,NA,Valencia,1,1,€ 141,2020/01/25,2020/01/26,0,"9,3",90
Las Arenas Balneario Resort,91144,NA,Valencia,1,1,€ 144,2020/01/25,2020/01/26,5,9,90
Colors Rooms,675839,NA,Valencia,1,1,NA,2020/01/25,2020/01/26,0,"9,5",90
Dolz Garden Ruzafa,1123993,NA,Valencia,1,1,€ 160,2020/01/25,2020/01/26,0,"9,2",90
Mediterranean Flats Plaza Redonda,4086496,NA,Valencia,1,1,€ 185,2020/01/25,2020/01/26,0,"9,2",90
Edificio Pentagono,4673669,NA,Valencia,1,1,€ 185,2020/01/25,2020/01/26,0,9,90
Loft Superior el Carmen,2784473,NA,Valencia,1,1,€ 197,2020/01/25,2020/01/26,0,"9,3",90
Caro Hotel,348132,NA,Valencia,1,1,€ 199,2020/01/25,2020/01/26,5,"9,2",90
