name,propertyId,propertyType,city,rooms,days,price,checkIn,checkOut,stars,score,advance
Malvarosa,3820590,Apartamento,Valencia,1,1,€ 190,2019/12/19,2019/12/20,0,"3,9",60
Rest room Evi,5710566,NA,Valencia,1,1,€ 25,2019/12/19,2019/12/20,0,,60
central station valencia,2414838,Apartamentos,Valencia,1,1,NA,2019/12/19,2019/12/20,0,"6,9",60
Double Room in VALENCIA,5665653,NA,Valencia,1,1,€ 30,2019/12/19,2019/12/20,0,,60
Masatepe Room Valencia,5687127,NA,Valencia,1,1,€ 30,2019/12/19,2019/12/20,0,,60
Helle & ruhige Zimmer nähe Strand,5698199,NA,Valencia,1,1,€ 38,2019/12/19,2019/12/20,0,,60
Comfort Room(AVEValencia),5696103,NA,Valencia,1,1,€ 45,2019/12/19,2019/12/20,0,,60
Habitacion doble en piso compartido,5645604,NA,Valencia,1,1,€ 46,2019/12/19,2019/12/20,0,,60
Comoda habitacion,5695905,NA,Valencia,1,1,€ 58,2019/12/19,2019/12/20,0,,60
Cabanyal Beach Apartment,5638868,Apartamento,Valencia,1,1,NA,2019/12/19,2019/12/20,0,,60
Hogar Dulce Hogar,5426607,NA,Valencia,1,1,€ 60,2019/12/19,2019/12/20,0,,60
Rooms El Picolino,5326859,NA,Valencia,1,1,€ 60,2019/12/19,2019/12/20,0,,60
vosotros sereis parte de mi familia.,5299568,NA,Valencia,1,1,€ 60,2019/12/19,2019/12/20,0,,60
YOU & CO Quart Boutique,5213598,NA,Valencia,1,1,€ 63,2019/12/19,2019/12/20,3,,60
Valencia- habitacion,5366858,NA,Valencia,1,1,€ 65,2019/12/19,2019/12/20,0,,60
Hideout 26,5658117,Apartamentos,Valencia,1,1,€ 66,2019/12/19,2019/12/20,0,,60
Bonito Apartamento- confortable y bien comunicado,5572090,Apartamento,Valencia,1,1,€ 68,2019/12/19,2019/12/20,0,,60
Loft Turia Gran,5133726,Apartamento,Valencia,1,1,€ 80,2019/12/19,2019/12/20,0,,60
Carrer de l'Arquitecte Alfaro 27 bajo derecha,4353398,Apartamento,Valencia,1,1,€ 102,2019/12/19,2019/12/20,0,,60
Kirei Apartment Dublin,4639542,Apartamento,Valencia,1,1,€ 103,2019/12/19,2019/12/20,0,,60
EL ATICO,5680427,Apartamento,Valencia,1,1,€ 107,2019/12/19,2019/12/20,0,,60
CASA MARQUES DE CARO,4472176,Apartamento,Valencia,1,1,€ 121,2019/12/19,2019/12/20,0,,60
Cerca de la Playa- el Puerto y del Oceanográfico,5211380,Apartamento,Valencia,1,1,€ 151,2019/12/19,2019/12/20,0,,60
The White Apartment: Luxury- Beach and Design,5631365,Apartamento,Valencia,1,1,€ 167,2019/12/19,2019/12/20,0,,60
Apartment Passeig de la Petxina,5695771,Apartamentos,Valencia,1,1,€ 195,2019/12/19,2019/12/20,0,,60
Apartment Carrer Ernesto Che Guevara,5598848,Apartamentos,Valencia,1,1,€ 211,2019/12/19,2019/12/20,0,,60
Apartment Carrer de Don Juan de Austria,5464038,Apartamentos,Valencia,1,1,€ 275,2019/12/19,2019/12/20,0,,60
Adrian's House,2271869,NA,Valencia,1,1,€ 30,2019/12/19,2019/12/20,0,"7,7",60
Habitación San Cayetano,4624401,NA,Valencia,1,1,€ 30,2019/12/19,2019/12/20,0,"7,5",60
Apartamentos FV Flats Valencia - Mestalla III,1513703,Apartamentos,Valencia,1,1,NA,2019/12/19,2019/12/20,0,"8,3",60
Habitaciones Barra89,1076252,NA,Valencia,1,1,€ 31,2019/12/19,2019/12/20,0,"7,9",60
Apart and Benef,2291245,NA,Valencia,1,1,€ 34,2019/12/19,2019/12/20,0,"7,9",60
Habitación Céntrica en Casa de Familia,4289877,NA,Valencia,1,1,€ 35,2019/12/19,2019/12/20,0,"7,8",60
Casual Civilizaciones Valencia,449777,NA,Valencia,1,1,€ 41,2019/12/19,2019/12/20,0,"7,9",60
Valencia Lounge Hostel,337203,NA,Valencia,1,1,€ 42,2019/12/19,2019/12/20,0,"7,7",60
Valencia City Host,1177077,NA,Valencia,1,1,€ 40,2019/12/19,2019/12/20,0,"7,8",60
Living Valencia Studio Serranos,1329794,Apartamento,Valencia,1,1,NA,2019/12/19,2019/12/20,0,"8,4",60
Expo Hotel Valencia,91223,NA,Valencia,1,1,€ 40,2019/12/19,2019/12/20,3,"7,6",60
Voyagers Inn Homestay,2682156,NA,Valencia,1,1,€ 45,2019/12/19,2019/12/20,0,"7,8",60
Hotel Beleret,94652,NA,Valencia,1,1,€ 41,2019/12/19,2019/12/20,3,"7,6",60
OYO Pensión El Rincón,476031,NA,Valencia,1,1,€ 45,2019/12/19,2019/12/20,1,"7,5",60
Patacona Green Flats,292996,Apartamentos,Valencia,1,1,€ 43,2019/12/19,2019/12/20,0,"7,6",60
Casual de la Música Valencia,273130,NA,Valencia,1,1,€ 43,2019/12/19,2019/12/20,2,"7,5",60
Total Valencia Ave Leisure & Culture,897238,Apartamentos,Valencia,1,1,NA,2019/12/19,2019/12/20,0,"8,3",60
Cosy Rooms Tapinería,371192,NA,Valencia,1,1,€ 49,2019/12/19,2019/12/20,2,"7,5",60
Patacona Resort Apartments,189782,Apartamentos,Valencia,1,1,€ 46,2019/12/19,2019/12/20,0,"7,8",60
Hostal On Dormire Valencia,432305,NA,Valencia,1,1,€ 49,2019/12/19,2019/12/20,0,"7,8",60
Aventura,5567318,NA,Valencia,1,1,€ 50,2019/12/19,2019/12/20,0,"7,9",60
Apartamentos Rusafa,5604325,NA,Valencia,1,1,€ 50,2019/12/19,2019/12/20,0,"7,9",60
Hostal Bisbal,235665,NA,Valencia,1,1,€ 50,2019/12/19,2019/12/20,1,"7,5",60
Living Valencia Ayuntamiento,1831537,Apartamentos,Valencia,1,1,NA,2019/12/19,2019/12/20,0,"7,9",60
Apartamentos Abastos,1044426,Apartamentos,Valencia,1,1,€ 50,2019/12/19,2019/12/20,0,"7,5",60
B&B Hotel Valencia Ciudad de las Ciencias,92242,NA,Valencia,1,1,€ 53,2019/12/19,2019/12/20,3,"7,5",60
Como en casa,4802186,NA,Valencia,1,1,€ 54,2019/12/19,2019/12/20,0,"7,9",60
Valenciaflats Centro Histórico,94781,Apartamentos,Valencia,1,1,€ 69,2019/12/19,2019/12/20,0,"8,7",60
Hotel Gabbeach,403586,NA,Valencia,1,1,€ 69,2019/12/19,2019/12/20,3,"8,5",60
Hotel Valencia Oceanic Managed by Melia Hotels International,91522,NA,Valencia,1,1,NA,2019/12/19,2019/12/20,4,"8,6",60
Sercotel Sorolla Palace,93646,NA,Valencia,1,1,€ 70,2019/12/19,2019/12/20,4,"8,6",60
Valencia maritimo,3020748,Apartamento,Valencia,1,1,€ 70,2019/12/19,2019/12/20,0,"8,9",60
Piso luminoso cerca de la playa,3583906,Apartamento,Valencia,1,1,€ 70,2019/12/19,2019/12/20,0,"8,5",60
Ilunion Aqua 4,92777,NA,Valencia,1,1,€ 70,2019/12/19,2019/12/20,4,"8,6",60
Boutique Creative Rooms,2334726,NA,Valencia,1,1,€ 72,2019/12/19,2019/12/20,0,"8,7",60
Apartments Madrina,3278589,Apartamentos,Valencia,1,1,€ 74,2019/12/19,2019/12/20,0,"8,9",60
La Roqueta,2652492,Apartamento,Valencia,1,1,NA,2019/12/19,2019/12/20,0,"8,7",60
Burjassot Mestalla,3058627,Apartamento,Valencia,1,1,€ 75,2019/12/19,2019/12/20,0,"8,6",60
Barceló Valencia,91988,NA,Valencia,1,1,€ 77,2019/12/19,2019/12/20,4,"8,7",60
Ilunion Valencia 3,92818,NA,Valencia,1,1,€ 54,2019/12/19,2019/12/20,3,"7,9",60
Habitacion por dias Centro Valencia,3977106,NA,Valencia,1,1,€ 55,2019/12/19,2019/12/20,0,"7,8",60
Casual Vintage Valencia,1710241,NA,Valencia,1,1,€ 77,2019/12/19,2019/12/20,2,"8,6",60
AC Hotel Valencia,91063,NA,Valencia,1,1,€ 79,2019/12/19,2019/12/20,4,"8,5",60
Catalonia Excelsior,90578,NA,Valencia,1,1,€ 80,2019/12/19,2019/12/20,3,"8,7",60
One Shot Palacio Reina Victoria 04,90885,NA,Valencia,1,1,€ 81,2019/12/19,2019/12/20,4,"8,6",60
Designers flat next to the City of Arts and Sciences,4351753,Apartamento,Valencia,1,1,NA,2019/12/19,2019/12/20,0,"8,7",60
Suites by Eric Olsan (Florista),4726450,Apartamentos,Valencia,1,1,€ 82,2019/12/19,2019/12/20,0,"8,6",60
Ad Hoc Monumental,90719,NA,Valencia,1,1,€ 82,2019/12/19,2019/12/20,3,"8,6",60
Valencian Apartment,2298621,Apartamento,Valencia,1,1,€ 84,2019/12/19,2019/12/20,0,"8,9",60
New Trendy apartment,2426154,Apartamento,Valencia,1,1,€ 85,2019/12/19,2019/12/20,0,"8,6",60
Casa de Maria,2467712,Apartamento,Valencia,1,1,€ 85,2019/12/19,2019/12/20,0,"8,6",60
Citizentral Gascons,332095,Apartamentos,Valencia,1,1,€ 87,2019/12/19,2019/12/20,0,"8,8",60
Living Valencia - Les Arts Apartment,2741683,Apartamento,Valencia,1,1,NA,2019/12/19,2019/12/20,0,"8,8",60
SH Ingles Boutique Hotel,92956,NA,Valencia,1,1,€ 88,2019/12/19,2019/12/20,4,"8,5",60
Magnífico Adosado- cerca de Valencia ciudad- en zona de montaña y playa fluvial,5354233,Casa o chalet,Valencia,1,1,€ 90,2019/12/19,2019/12/20,0,"8,8",60
Hotel Dimar,90886,NA,Valencia,1,1,€ 90,2019/12/19,2019/12/20,4,"8,7",60
Perla Apartments,3146781,Apartamentos,Valencia,1,1,€ 90,2019/12/19,2019/12/20,0,"8,7",60
SKY TOURISTIC ATTIC,281640,Apartamentos,Valencia,1,1,€ 90,2019/12/19,2019/12/20,0,"8,5",60
Jardines del Turia - Espacioso apartamento,2734126,Apartamento,Valencia,1,1,€ 200,2019/12/19,2019/12/20,0,"9,1",60
Loft Superior el Carmen,2784473,Apartamento,Valencia,1,1,€ 209,2019/12/19,2019/12/20,0,"9,3",60
Ático Oasis de Ruzafa,2639518,Apartamento,Valencia,1,1,NA,2019/12/19,2019/12/20,0,9,60
City Center Atico 360,3025679,Apartamento,Valencia,1,1,€ 210,2019/12/19,2019/12/20,0,"9,4",60
Apartamento Sofia,2552406,Apartamento,Valencia,1,1,€ 150,2019/12/19,2019/12/20,0,"8,6",60
ValentiaApartments - MercadoCentral,4185241,Apartamentos,Valencia,1,1,€ 150,2019/12/19,2019/12/20,0,"8,8",60
Total Valencia Elegance,493941,Apartamentos,Valencia,1,1,NA,2019/12/19,2019/12/20,0,"8,6",60
Cathedral Suites Hotel,1736257,Apartahotel,Valencia,1,1,€ 159,2019/12/19,2019/12/20,4,"8,9",60
Puerta de Serranos,2734333,Apartamentos,Valencia,1,1,€ 161,2019/12/19,2019/12/20,0,"8,9",60
Friendly Rentals Vives 2,2523871,Apartamento,Valencia,1,1,€ 165,2019/12/19,2019/12/20,0,"8,8",60
Mar & City Apartment,3456759,Apartamento,Valencia,1,1,€ 166,2019/12/19,2019/12/20,0,"8,9",60
The Westin Valencia,93321,NA,Valencia,1,1,€ 173,2019/12/19,2019/12/20,5,"8,7",60
Carlos & Ana,2079019,Apartamento,Valencia,1,1,€ 195,2019/12/19,2019/12/20,0,"8,9",60
Habitación doble,3599930,NA,Valencia,1,1,NA,2019/12/19,2019/12/20,0,"8,9",60
Exclusive Beach Apartment,4641691,Apartamento,Valencia,1,1,€ 205,2019/12/19,2019/12/20,0,"8,9",60
Ca Carmela,2466364,Casa o chalet,Valencia,1,1,€ 225,2019/12/19,2019/12/20,0,"9,1",60
Rosa del mar2,4259814,Apartamento,Valencia,1,1,€ 259,2019/12/19,2019/12/20,0,"9,1",60
MD Julio Antonio Apartment Center,3961049,Apartamento,Valencia,1,1,€ 285,2019/12/19,2019/12/20,0,"9,2",60
Old Fisherman's House in Malvarrosa Beach,3618172,Apartamento,Valencia,1,1,€ 360,2019/12/19,2019/12/20,0,"9,4",60
The River Hostel,494202,NA,Valencia,1,1,€ 18,2019/12/19,2019/12/20,0,"8,5",60
Vistas al mar,3214362,Apartamento,Valencia,1,1,NA,2019/12/19,2019/12/20,0,9,60
Pensión Alicante,298710,NA,Valencia,1,1,€ 33,2019/12/19,2019/12/20,0,"8,5",60
Hulot B&B Valencia,585429,NA,Valencia,1,1,€ 40,2019/12/19,2019/12/20,0,"8,5",60
Habitación en piso compartido,5433175,NA,Valencia,1,1,€ 40,2019/12/19,2019/12/20,0,"8,5",60
SingularStays Parque Central,3054000,Apartamentos,Valencia,1,1,€ 239,2019/12/19,2019/12/20,0,"8,9",60
Flatsforyou Mercat,1367507,Apartamentos,Valencia,1,1,€ 280,2019/12/19,2019/12/20,3,"8,9",60
Habitación en valencia centro,5418023,NA,Valencia,1,1,€ 30,2019/12/19,2019/12/20,0,"8,3",60
B&B Hi Valencia Canovas,305349,NA,Valencia,1,1,€ 38,2019/12/19,2019/12/20,0,"8,4",60
Center Valencia Youth Hostel,246931,NA,Valencia,1,1,€ 40,2019/12/19,2019/12/20,0,8,60
Living Valencia -Correos,3062274,Apartamentos,Valencia,1,1,NA,2019/12/19,2019/12/20,0,"8,3",60
Habitacion en Valencia Barata,4861796,NA,Valencia,1,1,€ 40,2019/12/19,2019/12/20,0,"8,2",60
Hotel Cosmo,4838858,NA,Valencia,1,1,€ 76,2019/12/19,2019/12/20,3,10,60
Hotel Villacarlos,90730,NA,Valencia,1,1,€ 41,2019/12/19,2019/12/20,3,8,60
Colors Rooms,675839,NA,Valencia,1,1,€ 40,2019/12/19,2019/12/20,0,"9,6",60
Red Nest Hostel,92283,NA,Valencia,1,1,€ 42,2019/12/19,2019/12/20,0,"8,2",60
Habitación Despuig,4901343,NA,Valencia,1,1,€ 26,2019/12/19,2019/12/20,0,"7,3",60
Hostal Waksman,281139,NA,Valencia,1,1,€ 32,2019/12/19,2019/12/20,1,"7,3",60
Living Valencia - Biblioteca,2843260,Apartamentos,Valencia,1,1,NA,2019/12/19,2019/12/20,0,"7,9",60
Art&Flats Bed&Breakfast,5238345,NA,Valencia,1,1,€ 40,2019/12/19,2019/12/20,0,"8,8",60
Hotel Malcom and Barret,483261,NA,Valencia,1,1,€ 42,2019/12/19,2019/12/20,3,"8,7",60
UNIK. Apartments Valencia,2241282,Apartamentos,Valencia,1,1,€ 42,2019/12/19,2019/12/20,0,"8,5",60
Cómoda habitación Valencia,4200488,NA,Valencia,1,1,NA,2019/12/19,2019/12/20,0,"9,6",60
Lindala,5250762,NA,Valencia,1,1,€ 49,2019/12/19,2019/12/20,0,"9,6",60
La Flamenca,818359,NA,Valencia,1,1,€ 40,2019/12/19,2019/12/20,0,"7,2",60
Hostal Residencial RR,450746,NA,Valencia,1,1,€ 40,2019/12/19,2019/12/20,0,7,60
HOSPEDAJE PESET,4718074,NA,Valencia,1,1,€ 40,2019/12/19,2019/12/20,0,"7,4",60
Apartamentos Navío,5647176,Apartamento,Valencia,1,1,€ 60,2019/12/19,2019/12/20,0,"9,9",60
United Colors of Apartments Boutique Style,5372347,Apartamentos,Valencia,1,1,€ 64,2019/12/19,2019/12/20,0,"9,5",60
Ramirez Flats & Bar,4124528,Apartahotel,Valencia,1,1,€ 68,2019/12/19,2019/12/20,0,"9,5",60
Piso en Playa de Valencia,5533098,Apartamento,Valencia,1,1,€ 70,2019/12/19,2019/12/20,0,"9,5",60
Habitación con cama doble,4794909,NA,Valencia,1,1,€ 41,2019/12/19,2019/12/20,0,"7,2",60
Murillo Apartment,408163,Apartamento,Valencia,1,1,€ 41,2019/12/19,2019/12/20,0,7,60
Cosy Rooms Bolsería,371606,NA,Valencia,1,1,€ 47,2019/12/19,2019/12/20,2,"7,4",60
Travel Habitat Ruzafa,2244811,Apartamento,Valencia,1,1,NA,2019/12/19,2019/12/20,0,"7,5",60
Apartments Downtown Valencia,2250421,Apartamentos,Valencia,1,1,€ 80,2019/12/19,2019/12/20,0,"9,6",60
BONNIES Suites & Spa Valencia,3631910,Apartamentos,Valencia,1,1,NA,2019/12/19,2019/12/20,0,"9,8",60
Hostal Antigua Morellana,1273937,NA,Valencia,1,1,€ 80,2019/12/19,2019/12/20,1,"9,5",60
Valencian Dreams Lonja,4757385,Apartamento,Valencia,1,1,€ 87,2019/12/19,2019/12/20,0,"9,8",60
Habitacion en Valencia,4861732,NA,Valencia,1,1,€ 45,2019/12/19,2019/12/20,0,"8,3",60
Style Apartments Puerto,1558265,Apartamentos,Valencia,1,1,€ 47,2019/12/19,2019/12/20,0,"8,1",60
Pension MonaLisa Luxury Suites,3834224,NA,Valencia,1,1,€ 48,2019/12/19,2019/12/20,0,"8,2",60
Cosy Rooms Embajador,369728,NA,Valencia,1,1,€ 49,2019/12/19,2019/12/20,2,"7,4",60
Sampedor Apartment,435662,Apartamentos,Valencia,1,1,€ 49,2019/12/19,2019/12/20,0,"7,1",60
Malvarrosa Beach Rooms,314048,NA,Valencia,1,1,€ 50,2019/12/19,2019/12/20,2,7,60
Flats Friends Nave,2861620,Apartamentos,Valencia,1,1,NA,2019/12/19,2019/12/20,0,"8,4",60
Coroa Malvarrosa,1638172,Apartamentos,Valencia,1,1,€ 48,2019/12/19,2019/12/20,0,"8,2",60
Hostal Abastos,257057,NA,Valencia,1,1,€ 48,2019/12/19,2019/12/20,2,"8,2",60
United Colors of Apartments - Catedral,1301545,Apartamentos,Valencia,1,1,€ 50,2019/12/19,2019/12/20,0,"8,2",60
Centro Valencia Calle Cerrajeros,3476261,NA,Valencia,1,1,€ 50,2019/12/19,2019/12/20,0,"7,1",60
B&B El Mercat,2203530,NA,Valencia,1,1,€ 50,2019/12/19,2019/12/20,0,"7,2",60
Apartamentos Barraca,2609457,Apartamento,Valencia,1,1,€ 50,2019/12/19,2019/12/20,0,"8,2",60
Apartamentos Valencia,1007682,Apartamentos,Valencia,1,1,€ 50,2019/12/19,2019/12/20,0,"8,2",60
Total Valencia Mercado Central,4888886,Apartamento,Valencia,1,1,NA,2019/12/19,2019/12/20,0,"9,1",60
Quart Youth Hostel,476418,NA,Valencia,1,1,€ 42,2019/12/19,2019/12/20,0,"8,6",60
B&B Almirante,369695,NA,Valencia,1,1,€ 43,2019/12/19,2019/12/20,1,"8,8",60
Buho House,3777691,Apartahotel,Valencia,1,1,€ 44,2019/12/19,2019/12/20,0,"8,5",60
LOFT apartamento duplex en Valencia con parking gratis,5519008,Apartamento,Valencia,1,1,€ 90,2019/12/19,2019/12/20,0,"9,9",60
L'Esplai Valencia Bed & Breakfast,1282556,NA,Valencia,1,1,€ 91,2019/12/19,2019/12/20,0,"9,6",60
Calle de Frederica Montseny 'Política' Casa o chalet,5152866,Casa o chalet,Valencia,1,1,€ 95,2019/12/19,2019/12/20,0,"9,6",60
Bright room with trundle bed,5560260,NA,Valencia,1,1,€ 46,2019/12/19,2019/12/20,0,"8,7",60
Zalamera BnB,1331238,NA,Valencia,1,1,€ 47,2019/12/19,2019/12/20,0,"8,7",60
Home Youth Hostel by Feetup Hostels,189322,NA,Valencia,1,1,€ 47,2019/12/19,2019/12/20,0,"8,8",60
Apartamento Ruzafa Centro II,3718518,Apartamento,Valencia,1,1,NA,2019/12/19,2019/12/20,0,"9,1",60
Eurostars Acteón,90495,NA,Valencia,1,1,€ 49,2019/12/19,2019/12/20,4,"8,5",60
Apartamentos Plaza Picasso,97063,Apartamentos,Valencia,1,1,€ 49,2019/12/19,2019/12/20,0,"8,5",60
Habitacion PLaza Ayuntamiento,4365340,NA,Valencia,1,1,€ 55,2019/12/19,2019/12/20,0,"7,4",60
Apartamentos Catedral,2358858,Apartamentos,Valencia,1,1,NA,2019/12/19,2019/12/20,0,"7,8",60
NWT Central Station Valencia,1647017,NA,Valencia,1,1,€ 59,2019/12/19,2019/12/20,0,"7,1",60
Hostal la Barraca,350013,NA,Valencia,1,1,€ 60,2019/12/19,2019/12/20,0,"7,2",60
Hotel El Siglo,1741479,NA,Valencia,1,1,€ 49,2019/12/19,2019/12/20,3,"8,5",60
Estrella de russafa,5352439,NA,Valencia,1,1,€ 50,2019/12/19,2019/12/20,0,"8,7",60
B&B Hi Valencia Boutique,1301725,NA,Valencia,1,1,€ 51,2019/12/19,2019/12/20,0,"8,8",60
Geography and Arts.,3569110,NA,Valencia,1,1,€ 60,2019/12/19,2019/12/20,0,"7,1",60
Accommodation Beach Apartments,1001766,Apartamentos,Valencia,1,1,€ 64,2019/12/19,2019/12/20,0,"7,2",60
Almiserat,3054886,Apartamento,Valencia,1,1,€ 70,2019/12/19,2019/12/20,0,"7,1",60
Mi casa es vuestra casa,4967097,NA,Valencia,1,1,€ 70,2019/12/19,2019/12/20,0,"7,1",60
Apartamento Barato Valencia,3931013,NA,Valencia,1,1,NA,2019/12/19,2019/12/20,0,"7,9",60
Apartment Horticultor Bosch,1148669,Apartamentos,Valencia,1,1,€ 70,2019/12/19,2019/12/20,0,"7,3",60
Valencia Apartmans El Carmen,847910,Apartamentos,Valencia,1,1,€ 78,2019/12/19,2019/12/20,0,"7,4",60
Opera House Valencia B&B,3533887,NA,Valencia,1,1,€ 96,2019/12/19,2019/12/20,0,"9,5",60
La seda stay,3335523,Apartamento,Valencia,1,1,NA,2019/12/19,2019/12/20,0,"9,7",60
Casa La Buhardilla,2985364,Apartamento,Valencia,1,1,€ 97,2019/12/19,2019/12/20,0,"9,6",60
Precioso piso junto al antiguo barrio de Campanar,3297078,Apartamento,Valencia,1,1,€ 100,2019/12/19,2019/12/20,0,"9,5",60
Valencia Apartments,4367788,Apartamentos,Valencia,1,1,€ 78,2019/12/19,2019/12/20,0,"7,1",60
Guest House Samuel Ros,4161855,NA,Valencia,1,1,€ 90,2019/12/19,2019/12/20,0,"7,2",60
MARQUÉS HOUSE 4* SUP,2118880,NA,Valencia,1,1,€ 169,2019/12/19,2019/12/20,4,"9,5",60
Casa Calle Conquista,4691493,Apartamento,Valencia,1,1,€ 240,2019/12/19,2019/12/20,0,"9,6",60
MD PASEO RUZAFA CENTER,5374850,Apartamento,Valencia,1,1,€ 1.030,2019/12/19,2019/12/20,0,"9,6",60
La Casa dei Fiori,2849727,Apartamento,Valencia,1,1,€ 100,2019/12/19,2019/12/20,0,7,60
YOU & CO. Saler Beach Boutique,4533007,NA,Valencia,1,1,€ 38,2019/12/19,2019/12/20,3,9,60
Ciudad Ciencias- Lujo- Parking- Wi-Fi.,4999636,Apartamento,Valencia,1,1,NA,2019/12/19,2019/12/20,0,"9,8",60
Cantagua Hostel,4074640,NA,Valencia,1,1,€ 40,2019/12/19,2019/12/20,0,"9,1",60
Dolz Garden Ruzafa,1123993,Apartamentos,Valencia,1,1,€ 80,2019/12/19,2019/12/20,0,"9,2",60
OCEANOGRAFIC DELUXE- PARKING- WI-FI,4095746,Apartamento,Valencia,1,1,€ 80,2019/12/19,2019/12/20,0,"9,1",60
Kasa Katia Eco Guest House,636256,NA,Valencia,1,1,NA,2019/12/19,2019/12/20,0,"9,3",60
Rooms Ciencias,94126,NA,Valencia,1,1,€ 47,2019/12/19,2019/12/20,0,9,60
OttoH Charm Stay,2459807,NA,Valencia,1,1,€ 54,2019/12/19,2019/12/20,0,"9,3",60
Valenciaflats Ciudad de las Ciencias,93676,Apartamentos,Valencia,1,1,€ 54,2019/12/19,2019/12/20,0,"9,1",60
Casual Socarrat Valencia,5142800,NA,Valencia,1,1,€ 84,2019/12/19,2019/12/20,3,"9,1",60
One Shot Mercat 09,2274203,NA,Valencia,1,1,€ 84,2019/12/19,2019/12/20,4,"9,1",60
Una Ubicacion Perfecta,3114164,Apartamentos,Valencia,1,1,€ 85,2019/12/19,2019/12/20,0,"9,2",60
Apartamentos El Olivo,1985143,Apartamento,Valencia,1,1,€ 86,2019/12/19,2019/12/20,0,"9,4",60
Citizentral Juristas,1113127,Apartamentos,Valencia,1,1,€ 86,2019/12/19,2019/12/20,0,"9,2",60
Apartamento cerca de la Playa y el Centro,2620264,Apartamento,Valencia,1,1,€ 88,2019/12/19,2019/12/20,0,9,60
Tramontana Apartments,1277215,Apartamentos,Valencia,1,1,NA,2019/12/19,2019/12/20,0,9,60
Biopark View Apartment,2381901,Apartamento,Valencia,1,1,€ 89,2019/12/19,2019/12/20,0,9,60
RUZAFA. Nice apartment and Terrace.,4368595,Apartamento,Valencia,1,1,€ 90,2019/12/19,2019/12/20,0,"9,3",60
Loft zona Pechina en Valencia centro,2524985,Apartamento,Valencia,1,1,€ 90,2019/12/19,2019/12/20,0,"9,1",60
Turia Burjassot 12,3237353,Apartamento,Valencia,1,1,€ 90,2019/12/19,2019/12/20,0,9,60
Dama Del Puerto,3230781,Apartamento,Valencia,1,1,€ 90,2019/12/19,2019/12/20,0,"9,1",60
Olvida tu Reloj Montichelvo Apartment,3258095,Apartamento,Valencia,1,1,€ 91,2019/12/19,2019/12/20,0,"9,4",60
Austria 4,1605997,Apartamentos,Valencia,1,1,NA,2019/12/19,2019/12/20,0,9,60
Florista's Room en Valencia,5502152,NA,Valencia,1,1,€ 56,2019/12/19,2019/12/20,0,"9,2",60
Olvida tu Reloj Congresos Apartment,2448036,Apartamento,Valencia,1,1,€ 91,2019/12/19,2019/12/20,0,"9,2",60
Mon Suites Catedral,485679,Apartamentos,Valencia,1,1,€ 91,2019/12/19,2019/12/20,0,"9,2",60
Center City Flats,861452,Apartamentos,Valencia,1,1,€ 94,2019/12/19,2019/12/20,0,"9,1",60
Apartamento centro frente a Torres de Serrano,3408067,Apartamento,Valencia,1,1,€ 95,2019/12/19,2019/12/20,0,"9,4",60
Hi Valencia Apartments - Jorge Juan,2373701,Apartamento,Valencia,1,1,€ 100,2019/12/19,2019/12/20,0,"9,4",60
Mestalla Paradise,4734619,NA,Valencia,1,1,€ 100,2019/12/19,2019/12/20,0,"9,1",60
Apartamento en la Ciudad de las ciencias,2837499,Casa o chalet,Valencia,1,1,NA,2019/12/19,2019/12/20,0,"9,2",60
Piso como en tu casa 2,3834617,Apartamentos,Valencia,1,1,€ 101,2019/12/19,2019/12/20,0,"9,2",60
Mon Suites San Martin,2777545,Apartamentos,Valencia,1,1,€ 103,2019/12/19,2019/12/20,0,"9,4",60
Apartamentos La más Bonita,2816245,Apartamentos,Valencia,1,1,€ 104,2019/12/19,2019/12/20,0,9,60
Palacio de Rojas,1073276,Apartamentos,Valencia,1,1,€ 105,2019/12/19,2019/12/20,0,"9,3",60
Forn desamparats,2380447,Apartamento,Valencia,1,1,€ 105,2019/12/19,2019/12/20,0,"9,4",60
L'Otelet By Sweet,1467935,NA,Valencia,1,1,€ 64,2019/12/19,2019/12/20,0,"8,3",60
Sweet Hotel Renasa,274818,NA,Valencia,1,1,€ 64,2019/12/19,2019/12/20,3,8,60
B&B Una Habitación Propia,1450279,NA,Valencia,1,1,NA,2019/12/19,2019/12/20,0,"8,2",60
Reina 12,1684198,NA,Valencia,1,1,€ 64,2019/12/19,2019/12/20,0,"8,3",60
Hotel Alkazar,408511,NA,Valencia,1,1,€ 64,2019/12/19,2019/12/20,1,"8,1",60
Holiday Inn Express Ciudad de las Ciencias,96737,NA,Valencia,1,1,€ 65,2019/12/19,2019/12/20,3,8,60
Eurostars Gran Valencia,90484,NA,Valencia,1,1,€ 68,2019/12/19,2019/12/20,4,"8,4",60
Casual de las Artes Valencia,538056,NA,Valencia,1,1,€ 68,2019/12/19,2019/12/20,3,"8,4",60
NH Valencia Las Artes,90731,NA,Valencia,1,1,€ 68,2019/12/19,2019/12/20,4,"8,4",60
Beach-Arenas,4728457,Apartamento,Valencia,1,1,NA,2019/12/19,2019/12/20,0,"8,4",60
Silken Puerta Valencia,91182,NA,Valencia,1,1,€ 70,2019/12/19,2019/12/20,4,"8,3",60
Primus Valencia,331871,NA,Valencia,1,1,€ 75,2019/12/19,2019/12/20,4,"8,3",60
Atico Ciutat Vella,3446230,Apartamentos,Valencia,1,1,€ 75,2019/12/19,2019/12/20,0,"8,4",60
Apartment Vicent,1674495,Apartamentos,Valencia,1,1,€ 75,2019/12/19,2019/12/20,0,"8,3",60
Ático cerca del mar,4040503,Apartamento,Valencia,1,1,€ 75,2019/12/19,2019/12/20,0,"8,3",60
NH Valencia Center,90727,NA,Valencia,1,1,€ 78,2019/12/19,2019/12/20,4,"8,3",60
APARTAMENTO DE ENSUEÑO,3043871,Apartamento,Valencia,1,1,NA,2019/12/19,2019/12/20,0,"8,1",60
Apartamento Ciudad de las Artes y las Ciencias,4353552,Apartamento,Valencia,1,1,€ 80,2019/12/19,2019/12/20,0,"8,3",60
Nanit Valencia Hostel,3913497,NA,Valencia,1,1,€ 80,2019/12/19,2019/12/20,0,"8,3",60
City Suites Apartments,3091106,NA,Valencia,1,1,€ 84,2019/12/19,2019/12/20,0,"8,4",60
Dormavalencia Hostel,249585,NA,Valencia,1,1,€ 85,2019/12/19,2019/12/20,1,"8,2",60
Hotel Conqueridor,91047,NA,Valencia,1,1,€ 86,2019/12/19,2019/12/20,4,"8,4",60
Preciosos Apartamentos en el Carmen,2918345,Apartamentos,Valencia,1,1,€ 88,2019/12/19,2019/12/20,0,"8,1",60
xativa style apartment,4267044,Apartamento,Valencia,1,1,NA,2019/12/19,2019/12/20,0,"8,1",60
Apartamento Plaza Sainetero,2743838,Apartamento,Valencia,1,1,€ 93,2019/12/19,2019/12/20,0,"8,2",60
Cozy fisherman's house,2241663,Casa o chalet,Valencia,1,1,€ 95,2019/12/19,2019/12/20,0,"8,2",60
APARTAMENTO LAS MELLIZAS,4651578,NA,Valencia,1,1,€ 49,2019/12/19,2019/12/20,0,"8,3",60
MD Modern Hotel - Jardines,305447,NA,Valencia,1,1,€ 99,2019/12/19,2019/12/20,1,"8,3",60
Friendly Rentals ABC,3656596,Apartamento,Valencia,1,1,€ 110,2019/12/19,2019/12/20,0,"8,3",60
