name,propertyId,propertyType,city,rooms,days,price,checkIn,checkOut,stars,score,advance
Guest House Torres de Quart,2275006,NA,Valencia,1,1,€ 30,2019/11/07,2019/11/08,0,"5,3",30
RoomTuristValencia Estacion del Norte,4682632,NA,Valencia,1,1,€ 35,2019/11/07,2019/11/08,0,"5,1",30
Apartments Viveros,1069530,Apartamentos,Valencia,1,1,NA,2019/11/07,2019/11/08,0,"8,6",30
Guest House Ruzafa,2324552,NA,Valencia,1,1,€ 35,2019/11/07,2019/11/08,0,"5,1",30
Port of Valencia,3805735,Apartamento,Valencia,1,1,€ 75,2019/11/07,2019/11/08,0,"5,1",30
Guest House Duc de Gaeta,2275007,NA,Valencia,1,1,€ 28,2019/11/07,2019/11/08,0,"4,9",30
Hostal Residencial RR,450746,NA,Valencia,1,1,€ 40,2019/11/07,2019/11/08,0,7,30
HOSPEDAJE PESET,4718074,NA,Valencia,1,1,€ 40,2019/11/07,2019/11/08,0,"7,3",30
Apartments Catedral,309686,Apartamentos,Valencia,1,1,NA,2019/11/07,2019/11/08,0,"8,8",30
La Flamenca,818359,NA,Valencia,1,1,€ 40,2019/11/07,2019/11/08,0,"7,2",30
RoomTuristValencia Torres de Quart,4565643,NA,Valencia,1,1,€ 28,2019/11/07,2019/11/08,0,"4,5",30
Guesthouse Plaza de Toros,2985902,NA,Valencia,1,1,€ 33,2019/11/07,2019/11/08,0,"4,8",30
RoomTuristValencia RuzafaSumsi,4682802,NA,Valencia,1,1,€ 40,2019/11/07,2019/11/08,0,"4,5",30
Angel Guimera Rooms & Breakfast,2524241,NA,Valencia,1,1,NA,2019/11/07,2019/11/08,0,"8,9",30
Double Room in VALENCIA,5665653,NA,Valencia,1,1,€ 25,2019/11/07,2019/11/08,0,,30
Bright room with trundle bed,5560260,NA,Valencia,1,1,€ 46,2019/11/07,2019/11/08,0,,30
Lindala,5250762,NA,Valencia,1,1,€ 49,2019/11/07,2019/11/08,0,,30
Brugada home,5259150,NA,Valencia,1,1,€ 55,2019/11/07,2019/11/08,0,,30
Apartamentos Navío,5647176,Apartamento,Valencia,1,1,€ 60,2019/11/07,2019/11/08,0,,30
vosotros sereis parte de mi familia.,5299568,NA,Valencia,1,1,€ 60,2019/11/07,2019/11/08,0,,30
SingularStays Mar44,1002060,Apartamentos,Valencia,1,1,NA,2019/11/07,2019/11/08,0,"8,7",30
Valencia- habitacion,5366858,NA,Valencia,1,1,€ 65,2019/11/07,2019/11/08,0,,30
Rooms El Picolino,5326859,NA,Valencia,1,1,€ 65,2019/11/07,2019/11/08,0,,30
Bonito Apartamento- confortable y bien comunicado,5572090,Apartamento,Valencia,1,1,€ 68,2019/11/07,2019/11/08,0,,30
Piso en Playa de Valencia,5533098,Apartamento,Valencia,1,1,€ 70,2019/11/07,2019/11/08,0,,30
Hotel Cosmo,4838858,NA,Valencia,1,1,€ 76,2019/11/07,2019/11/08,3,,30
Hogar Dulce Hogar,5426607,NA,Valencia,1,1,€ 30,2019/11/07,2019/11/08,0,,30
SingularStays San Vicente,1423172,Apartamentos,Valencia,1,1,NA,2019/11/07,2019/11/08,0,"8,9",30
Loft Turia Gran,5133726,Apartamento,Valencia,1,1,€ 80,2019/11/07,2019/11/08,0,,30
Kirei Apartment Dublin,4639542,Apartamento,Valencia,1,1,€ 96,2019/11/07,2019/11/08,0,,30
Casa Adosada Quintero,5481770,Casa o chalet,Valencia,1,1,€ 99,2019/11/07,2019/11/08,0,,30
Comfort Homestay,5423155,NA,Valencia,1,1,€ 105,2019/11/07,2019/11/08,0,,30
EL ATICO,5680427,Apartamento,Valencia,1,1,€ 107,2019/11/07,2019/11/08,0,,30
NWT Central Station Valencia,1647017,NA,Valencia,1,1,€ 44,2019/11/07,2019/11/08,0,"7,1",30
Sampedor Apartment,435662,Apartamentos,Valencia,1,1,€ 49,2019/11/07,2019/11/08,0,7,30
HOSTAL BED OF THE SEA,3974636,NA,Valencia,1,1,€ 50,2019/11/07,2019/11/08,0,"7,1",30
B&B El Mercat,2203530,NA,Valencia,1,1,€ 50,2019/11/07,2019/11/08,0,"7,3",30
Centro Valencia Calle Cerrajeros,3476261,NA,Valencia,1,1,€ 50,2019/11/07,2019/11/08,0,"7,1",30
Turia Town,4064373,Apartamentos,Valencia,1,1,NA,2019/11/07,2019/11/08,0,"8,8",30
Attic Rooms in Botánico,5522932,NA,Valencia,1,1,€ 50,2019/11/07,2019/11/08,0,"7,2",30
Habitacion Apartamento soleado Plaza Escultor Frechina,4865043,NA,Valencia,1,1,€ 50,2019/11/07,2019/11/08,0,"7,2",30
PISO ACOGEDOR,4995780,NA,Valencia,1,1,€ 50,2019/11/07,2019/11/08,0,"7,1",30
Plaza Redonda house.,4399973,NA,Valencia,1,1,€ 58,2019/11/07,2019/11/08,0,"7,4",30
Hostal la Barraca,350013,NA,Valencia,1,1,€ 60,2019/11/07,2019/11/08,0,"7,2",30
Cosy Rooms Embajador,369728,NA,Valencia,1,1,€ 61,2019/11/07,2019/11/08,2,"7,4",30
Sunrise Apartments,640409,Apartamentos,Valencia,1,1,NA,2019/11/07,2019/11/08,0,"8,9",30
Cosy Rooms Bolsería,371606,NA,Valencia,1,1,€ 61,2019/11/07,2019/11/08,2,"7,4",30
Zerka Sendra,4657122,Apartamento,Valencia,1,1,€ 179,2019/11/07,2019/11/08,0,9,30
NWT Monserrat,3728842,Apartamentos,Valencia,1,1,€ 64,2019/11/07,2019/11/08,0,7,30
Accommodation Beach Apartments,1001766,Apartamentos,Valencia,1,1,€ 64,2019/11/07,2019/11/08,0,"7,1",30
Malvarrosa Beach Rooms,314048,NA,Valencia,1,1,€ 68,2019/11/07,2019/11/08,2,7,30
Premium Apartments,486507,Apartamentos,Valencia,1,1,€ 69,2019/11/07,2019/11/08,0,7,30
Almiserat,3054886,Apartamento,Valencia,1,1,€ 70,2019/11/07,2019/11/08,0,"7,1",30
Welcomer Apartments Valencia,19363,Apartamentos,Valencia,1,1,NA,2019/11/07,2019/11/08,0,"8,7",30
Mi casa es vuestra casa,4967097,NA,Valencia,1,1,€ 70,2019/11/07,2019/11/08,0,"7,1",30
Valencia Apartmans El Carmen,847910,Apartamentos,Valencia,1,1,€ 83,2019/11/07,2019/11/08,0,"7,4",30
Lujoso Apartamento En El Carmen,2814452,Apartamento,Valencia,1,1,€ 88,2019/11/07,2019/11/08,0,"7,4",30
Guest House Samuel Ros,4161855,NA,Valencia,1,1,€ 90,2019/11/07,2019/11/08,0,"7,2",30
Kirei Apartment Na Jordana,1702092,Apartamentos,Valencia,1,1,€ 101,2019/11/07,2019/11/08,0,7,30
Ca Carmela,2466364,Casa o chalet,Valencia,1,1,€ 225,2019/11/07,2019/11/08,0,"9,1",30
La Morella del Carmen,5188541,Apartamento,Valencia,1,1,NA,2019/11/07,2019/11/08,0,"9,5",30
Caro Hotel,348132,NA,Valencia,1,1,€ 265,2019/11/07,2019/11/08,5,"9,2",30
MD Julio Antonio Apartment Center,3961049,Apartamento,Valencia,1,1,€ 285,2019/11/07,2019/11/08,0,"9,3",30
Old Fisherman's House in Malvarrosa Beach,3618172,Apartamento,Valencia,1,1,€ 360,2019/11/07,2019/11/08,0,"9,4",30
Rosa del mar2,4259814,Apartamento,Valencia,1,1,€ 365,2019/11/07,2019/11/08,0,"9,1",30
Hotel Medium Valencia,96838,NA,Valencia,1,1,€ 72,2019/11/07,2019/11/08,4,"8,2",30
Apartment Vicent,1674495,Apartamentos,Valencia,1,1,€ 72,2019/11/07,2019/11/08,0,"8,3",30
Eco-Friendly Apartments,1979834,Apartamentos,Valencia,1,1,NA,2019/11/07,2019/11/08,0,"9,2",30
Sweet Hotel Renasa,274818,NA,Valencia,1,1,€ 74,2019/11/07,2019/11/08,3,8,30
Atico Ciutat Vella,3446230,Apartamentos,Valencia,1,1,€ 75,2019/11/07,2019/11/08,0,"8,3",30
Casual de las Artes Valencia,538056,NA,Valencia,1,1,€ 77,2019/11/07,2019/11/08,3,"8,4",30
Pensión Alicante,298710,NA,Valencia,1,1,€ 31,2019/11/07,2019/11/08,0,"8,5",30
UNIK. Apartments Valencia,2241282,Apartamentos,Valencia,1,1,€ 42,2019/11/07,2019/11/08,0,"8,5",30
Espai One Santa Mónica,5471724,Apartamento,Valencia,1,1,NA,2019/11/07,2019/11/08,0,"9,8",30
Quart Youth Hostel,476418,NA,Valencia,1,1,€ 42,2019/11/07,2019/11/08,0,"8,6",30
Art&Flats Bed&Breakfast,5238345,NA,Valencia,1,1,€ 45,2019/11/07,2019/11/08,0,"8,8",30
Zalamera BnB,1331238,NA,Valencia,1,1,€ 47,2019/11/07,2019/11/08,0,"8,7",30
B&B Hi Valencia Boutique,1301725,NA,Valencia,1,1,€ 51,2019/11/07,2019/11/08,0,"8,7",30
Dormavalencia Hostel,249585,NA,Valencia,1,1,€ 77,2019/11/07,2019/11/08,1,"8,2",30
Dormavalencia Hostel Regne,291755,NA,Valencia,1,1,€ 77,2019/11/07,2019/11/08,1,8,30
Senator Parque Central Hotel,274963,NA,Valencia,1,1,€ 77,2019/11/07,2019/11/08,4,"8,1",30
Apartment near Arts & Science,2062186,Apartamento,Valencia,1,1,NA,2019/11/07,2019/11/08,0,"9,2",30
Apartamento Ciudad de las Artes y las Ciencias,4353552,Apartamento,Valencia,1,1,€ 78,2019/11/07,2019/11/08,0,"8,3",30
NH Valencia Las Artes,90731,NA,Valencia,1,1,€ 80,2019/11/07,2019/11/08,4,"8,4",30
MD Modern Hotel - Jardines,305447,NA,Valencia,1,1,€ 84,2019/11/07,2019/11/08,1,"8,3",30
Preciosos Apartamentos en el Carmen,2918345,Apartamentos,Valencia,1,1,€ 88,2019/11/07,2019/11/08,0,"8,2",30
Hotel Valencia Center,91285,NA,Valencia,1,1,€ 89,2019/11/07,2019/11/08,4,"8,4",30
Eurostars Rey Don Jaime,91520,NA,Valencia,1,1,€ 89,2019/11/07,2019/11/08,4,"8,2",30
Vivaldi Valencia,427198,Apartamentos,Valencia,1,1,NA,2019/11/07,2019/11/08,0,"9,3",30
Russafa Youth Hostel,345134,NA,Valencia,1,1,€ 51,2019/11/07,2019/11/08,0,"8,6",30
Home Youth Hostel by Feetup Hostels,189322,NA,Valencia,1,1,€ 51,2019/11/07,2019/11/08,0,"8,8",30
MAR Y SOL,4652261,Apartamento,Valencia,1,1,NA,2019/11/07,2019/11/08,0,"9,6",30
Pio XII Apartments Valencia,402080,Apartamentos,Valencia,1,1,€ 51,2019/11/07,2019/11/08,0,"8,5",30
Ad Hoc Monumental,90719,NA,Valencia,1,1,€ 85,2019/11/07,2019/11/08,3,"8,6",30
BUBUFLATS / Mercat,783206,Apartamentos,Valencia,1,1,€ 85,2019/11/07,2019/11/08,0,"8,9",30
OCEANOGRAFIC DELUXE- PARKING- WI-FI,4095746,Apartamento,Valencia,1,1,NA,2019/11/07,2019/11/08,0,"9,2",30
BUBUFLATS Mossén,1141763,Apartamentos,Valencia,1,1,€ 85,2019/11/07,2019/11/08,0,"8,9",30
Burjassot Mestalla,3058627,Apartamento,Valencia,1,1,€ 85,2019/11/07,2019/11/08,0,"8,6",30
Casa de Maria,2467712,Apartamento,Valencia,1,1,€ 85,2019/11/07,2019/11/08,0,"8,6",30
Lotelito,570027,NA,Valencia,1,1,€ 87,2019/11/07,2019/11/08,0,"8,9",30
IVAM ESQUIFE,4908298,Apartamento,Valencia,1,1,€ 88,2019/11/07,2019/11/08,0,"8,5",30
Valencian Apartment,2298621,Apartamento,Valencia,1,1,€ 88,2019/11/07,2019/11/08,0,"8,9",30
Casas Benlliure,3274635,Apartamentos,Valencia,1,1,NA,2019/11/07,2019/11/08,0,"9,1",30
Hotel Malcom and Barret,483261,NA,Valencia,1,1,€ 53,2019/11/07,2019/11/08,3,"8,7",30
Hulot B&B Valencia,585429,NA,Valencia,1,1,€ 54,2019/11/07,2019/11/08,0,"8,5",30
Hotel Kramer,91106,NA,Valencia,1,1,€ 55,2019/11/07,2019/11/08,3,"8,8",30
Reina's Apartment,2130930,Apartamentos,Valencia,1,1,€ 89,2019/11/07,2019/11/08,0,"8,3",30
Hotel Conqueridor,91047,NA,Valencia,1,1,€ 90,2019/11/07,2019/11/08,4,"8,4",30
Apartamento Plaza Sainetero,2743838,Apartamento,Valencia,1,1,€ 93,2019/11/07,2019/11/08,0,"8,2",30
APARTAMENTO LAS MELLIZAS,4651578,NA,Valencia,1,1,€ 47,2019/11/07,2019/11/08,0,"8,4",30
Apartamento Privado Próximo a Playa y Ciencias,3783163,Apartamento,Valencia,1,1,€ 95,2019/11/07,2019/11/08,0,"8,2",30
Apartment Valencia,348555,Apartamentos,Valencia,1,1,€ 99,2019/11/07,2019/11/08,0,"8,1",30
Hogar Vera Apartments&Bikes,1807919,Apartamentos,Valencia,1,1,NA,2019/11/07,2019/11/08,0,"9,4",30
Ilunion Valencia 4,754329,NA,Valencia,1,1,€ 102,2019/11/07,2019/11/08,4,"8,1",30
Friendly Rentals ABC,3656596,Apartamento,Valencia,1,1,€ 110,2019/11/07,2019/11/08,0,"8,3",30
Friendly Rentals Pergolesi,1634240,Apartamentos,Valencia,1,1,€ 110,2019/11/07,2019/11/08,0,"8,4",30
Hotel Gabbeach,403586,NA,Valencia,1,1,€ 89,2019/11/07,2019/11/08,3,"8,5",30
Plaza Sainetero Arniches,3984774,Apartamento,Valencia,1,1,€ 92,2019/11/07,2019/11/08,0,"8,5",30
Apartamentos Plaza Picasso,97063,Apartamentos,Valencia,1,1,€ 55,2019/11/07,2019/11/08,0,"8,5",30
València Centre Túria,2185255,Apartamento,Valencia,1,1,€ 56,2019/11/07,2019/11/08,0,"8,8",30
Apartamento luminoso y acogedor,3489126,Apartamento,Valencia,1,1,NA,2019/11/07,2019/11/08,0,"9,5",30
Casa del Patriarca,364834,NA,Valencia,1,1,€ 57,2019/11/07,2019/11/08,0,"8,9",30
Casual Vintage Valencia,1710241,NA,Valencia,1,1,€ 94,2019/11/07,2019/11/08,2,"8,6",30
Eurostars Acteón,90495,NA,Valencia,1,1,€ 94,2019/11/07,2019/11/08,4,"8,5",30
Les flors,3985046,Apartamento,Valencia,1,1,€ 95,2019/11/07,2019/11/08,0,"8,7",30
Buho House,3777691,Apartahotel,Valencia,1,1,€ 59,2019/11/07,2019/11/08,0,"8,5",30
Apartaments San Pio V,2456151,Apartamento,Valencia,1,1,€ 60,2019/11/07,2019/11/08,0,"8,9",30
Homestay Carrer Sagun,5006434,NA,Valencia,1,1,€ 60,2019/11/07,2019/11/08,0,"8,7",30
El Palacete Gran Via,3483148,NA,Valencia,1,1,€ 95,2019/11/07,2019/11/08,0,"8,7",30
Tramontana Apartments,1277215,Apartamentos,Valencia,1,1,NA,2019/11/07,2019/11/08,0,9,30
New Trendy apartment,2426154,Apartamento,Valencia,1,1,€ 95,2019/11/07,2019/11/08,0,"8,7",30
Friendly Rentals Puerto Deportivo,2317861,Apartamentos,Valencia,1,1,€ 110,2019/11/07,2019/11/08,0,"8,2",30
Primus Valencia,331871,NA,Valencia,1,1,€ 114,2019/11/07,2019/11/08,4,"8,3",30
Apartamento Jesus De Medinaceli,1728697,Apartamentos,Valencia,1,1,€ 60,2019/11/07,2019/11/08,0,"8,6",30
El Coral Apartment Valencia,3606766,Apartamento,Valencia,1,1,€ 97,2019/11/07,2019/11/08,0,"8,7",30
Melia Valencia,290493,NA,Valencia,1,1,€ 98,2019/11/07,2019/11/08,4,"8,8",30
Hotel Mediterraneo Valencia,92412,NA,Valencia,1,1,€ 99,2019/11/07,2019/11/08,3,"8,8",30
Hotel Dimar,90886,NA,Valencia,1,1,€ 99,2019/11/07,2019/11/08,4,"8,7",30
Hotel El Siglo,1741479,NA,Valencia,1,1,€ 99,2019/11/07,2019/11/08,3,"8,5",30
APARTMENTS VALENCIA CENTER,5180014,Apartamentos,Valencia,1,1,NA,2019/11/07,2019/11/08,0,"9,4",30
Friendly Rentals Vives 2,2523871,Apartamento,Valencia,1,1,€ 155,2019/11/07,2019/11/08,0,"8,6",30
Puerta de Serranos,2734333,Apartamentos,Valencia,1,1,€ 161,2019/11/07,2019/11/08,0,"8,8",30
Mr Flats Valencia,2232363,Apartamentos,Valencia,1,1,NA,2019/11/07,2019/11/08,0,9,30
Mar & City Apartment,3456759,Apartamento,Valencia,1,1,€ 166,2019/11/07,2019/11/08,0,"8,9",30
Vincci Lys,91183,NA,Valencia,1,1,€ 168,2019/11/07,2019/11/08,4,"8,9",30
Hospes Palau de La Mar,93823,NA,Valencia,1,1,€ 176,2019/11/07,2019/11/08,5,"8,8",30
Vincci Palace,94163,NA,Valencia,1,1,€ 178,2019/11/07,2019/11/08,4,"8,7",30
Isabel,4442066,Apartamento,Valencia,1,1,€ 185,2019/11/07,2019/11/08,0,"8,6",30
The Westin Valencia,93321,NA,Valencia,1,1,€ 198,2019/11/07,2019/11/08,5,"8,7",30
Apartamento Calle Lorca,2111733,Apartamento,Valencia,1,1,NA,2019/11/07,2019/11/08,0,"9,4",30
Canela`s Vintage Ruzafa Centro,4652584,Apartamento,Valencia,1,1,€ 200,2019/11/07,2019/11/08,0,"8,5",30
Catalonia Excelsior,90578,NA,Valencia,1,1,€ 100,2019/11/07,2019/11/08,3,"8,7",30
Zenit Valencia,92327,NA,Valencia,1,1,€ 104,2019/11/07,2019/11/08,4,"8,8",30
Barceló Valencia,91988,NA,Valencia,1,1,€ 104,2019/11/07,2019/11/08,4,"8,7",30
Exclusive Beach Apartment,4641691,Apartamento,Valencia,1,1,€ 205,2019/11/07,2019/11/08,0,"8,9",30
Casa de Vacaciones Pintor Vilar,2093863,Apartamento,Valencia,1,1,€ 222,2019/11/07,2019/11/08,0,"8,9",30
SingularStays Parque Central,3054000,Apartamentos,Valencia,1,1,€ 249,2019/11/07,2019/11/08,0,"8,8",30
Melia Plaza Valencia,13270,NA,Valencia,1,1,€ 275,2019/11/07,2019/11/08,4,"8,9",30
Petit Palace Plaza de la Reina,90443,NA,Valencia,1,1,€ 107,2019/11/07,2019/11/08,3,"8,7",30
Petit Palace Ruzafa,90792,NA,Valencia,1,1,€ 107,2019/11/07,2019/11/08,3,"8,7",30
Turia Burjassot 12,3237353,Apartamento,Valencia,1,1,€ 90,2019/11/07,2019/11/08,0,9,30
Center Valencia Youth Hostel,246931,NA,Valencia,1,1,€ 22,2019/11/07,2019/11/08,0,8,30
Apartamento en la Ciudad de las ciencias,2837499,Casa o chalet,Valencia,1,1,NA,2019/11/07,2019/11/08,0,"9,2",30
Habitación en valencia centro,5418023,NA,Valencia,1,1,€ 30,2019/11/07,2019/11/08,0,"8,3",30
B&B Hi Valencia Canovas,305349,NA,Valencia,1,1,€ 38,2019/11/07,2019/11/08,0,"8,3",30
Purple Nest Hostel,25278,NA,Valencia,1,1,€ 38,2019/11/07,2019/11/08,0,"8,2",30
Red Nest Hostel,92283,NA,Valencia,1,1,€ 42,2019/11/07,2019/11/08,0,"8,2",30
Apartamento Barato Valencia,3931013,NA,Valencia,1,1,€ 42,2019/11/07,2019/11/08,0,8,30
Habitacion en Valencia,4861732,NA,Valencia,1,1,€ 45,2019/11/07,2019/11/08,0,"8,2",30
La Casa Chica del Carmen,2757078,Apartamento,Valencia,1,1,NA,2019/11/07,2019/11/08,0,"9,2",30
Habitacion en Valencia Barata,4861796,NA,Valencia,1,1,€ 45,2019/11/07,2019/11/08,0,"8,2",30
Hostal Abastos,257057,NA,Valencia,1,1,€ 48,2019/11/07,2019/11/08,2,"8,2",30
Aparthotel Valencia Rental,17344,Apartahotel,Valencia,1,1,€ 48,2019/11/07,2019/11/08,0,8,30
Nanit Valencia Hostel,3913497,NA,Valencia,1,1,€ 49,2019/11/07,2019/11/08,0,"8,3",30
Apartamentos Valencia,1007682,Apartamentos,Valencia,1,1,€ 50,2019/11/07,2019/11/08,0,"8,2",30
Dama Del Puerto,3230781,Apartamento,Valencia,1,1,€ 90,2019/11/07,2019/11/08,0,9,30
Ambrosio Flats Valencia - El Mercat,3131649,Apartamento,Valencia,1,1,NA,2019/11/07,2019/11/08,0,"9,5",30
Dolz Garden Ruzafa,1123993,Apartamentos,Valencia,1,1,€ 90,2019/11/07,2019/11/08,0,"9,1",30
RUZAFA. Nice apartment and Terrace.,4368595,Apartamento,Valencia,1,1,€ 90,2019/11/07,2019/11/08,0,"9,3",30
Citizentral Juristas,1113127,Apartamentos,Valencia,1,1,€ 91,2019/11/07,2019/11/08,0,"9,2",30
Hostal Moratin,326015,NA,Valencia,1,1,€ 28,2019/11/07,2019/11/08,1,"7,9",30
Habitaciones Barra89,1076252,NA,Valencia,1,1,€ 31,2019/11/07,2019/11/08,0,"7,8",30
Malvarrosa Apartamentos,5210304,Apartamento,Valencia,1,1,NA,2019/11/07,2019/11/08,0,"9,2",30
Olvida tu Reloj Montichelvo Apartment,3258095,Apartamento,Valencia,1,1,€ 91,2019/11/07,2019/11/08,0,"9,4",30
Olvida tu Reloj Congresos Apartment,2448036,Apartamento,Valencia,1,1,€ 91,2019/11/07,2019/11/08,0,"9,2",30
Mon Suites Catedral,485679,Apartamentos,Valencia,1,1,€ 91,2019/11/07,2019/11/08,0,"9,2",30
Colón Market Downtown,4607745,Apartamento,Valencia,1,1,NA,2019/11/07,2019/11/08,0,"9,6",30
Casual Socarrat Valencia,5142800,NA,Valencia,1,1,€ 94,2019/11/07,2019/11/08,3,"9,2",30
Apart and Benef,2291245,NA,Valencia,1,1,€ 34,2019/11/07,2019/11/08,0,"7,8",30
Hostal On Dormire Valencia,432305,NA,Valencia,1,1,€ 35,2019/11/07,2019/11/08,0,"7,8",30
Habitación Céntrica en Casa de Familia,4289877,NA,Valencia,1,1,€ 35,2019/11/07,2019/11/08,0,"7,8",30
Habitación San Cayetano,4624401,NA,Valencia,1,1,€ 40,2019/11/07,2019/11/08,0,"7,6",30
Center City Flats,861452,Apartamentos,Valencia,1,1,€ 94,2019/11/07,2019/11/08,0,"9,1",30
Casa Cabañal,2436758,Casa o chalet,Valencia,1,1,€ 95,2019/11/07,2019/11/08,0,9,30
Voyagers Inn Homestay,2682156,NA,Valencia,1,1,€ 42,2019/11/07,2019/11/08,0,"7,8",30
Patacona Green Flats,292996,Apartamentos,Valencia,1,1,€ 43,2019/11/07,2019/11/08,0,"7,6",30
Travel Habitat Jardines del Real,3384166,Apartamento,Valencia,1,1,NA,2019/11/07,2019/11/08,0,"9,2",30
Valencia City Host,1177077,NA,Valencia,1,1,€ 45,2019/11/07,2019/11/08,0,"7,8",30
Hotel Boutique Balandret,1281710,NA,Valencia,1,1,€ 95,2019/11/07,2019/11/08,3,"9,2",30
Sorolla Centro,90896,NA,Valencia,1,1,€ 99,2019/11/07,2019/11/08,3,"9,1",30
APARTAMENTO CENTRO- RUZAFA. WI-FI. PARKING,3144104,Apartamento,Valencia,1,1,€ 100,2019/11/07,2019/11/08,0,"9,3",30
Luxury Beach House,3602594,Casa o chalet,Valencia,1,1,NA,2019/11/07,2019/11/08,0,"9,7",30
Patacona Resort Apartments,189782,Apartamentos,Valencia,1,1,€ 46,2019/11/07,2019/11/08,0,"7,8",30
Casual de la Música Valencia,273130,NA,Valencia,1,1,€ 46,2019/11/07,2019/11/08,2,"7,5",30
United Colors of Apartments Boutique Style,5372347,Apartamentos,Valencia,1,1,€ 69,2019/11/07,2019/11/08,0,"9,5",30
Hi Valencia Apartments - Jorge Juan,2373701,Apartamento,Valencia,1,1,€ 100,2019/11/07,2019/11/08,0,"9,4",30
Mestalla Paradise,4734619,NA,Valencia,1,1,€ 100,2019/11/07,2019/11/08,0,"9,1",30
LOFT apartamento duplex en Valencia con parking,5519008,Apartamento,Valencia,1,1,€ 75,2019/11/07,2019/11/08,0,"9,8",30
Valencia Apartamentos Goya,4256653,Apartamentos,Valencia,1,1,NA,2019/11/07,2019/11/08,0,10,30
Casual Civilizaciones Valencia,449777,NA,Valencia,1,1,€ 47,2019/11/07,2019/11/08,0,"7,9",30
MYR Hotel Plaza Mercado & Spa,1619029,Apartahotel,Valencia,1,1,€ 100,2019/11/07,2019/11/08,0,"9,2",30
Piso como en tu casa 2,3834617,Apartamentos,Valencia,1,1,€ 101,2019/11/07,2019/11/08,0,"9,2",30
Apartamentos La más Bonita,2816245,Apartamentos,Valencia,1,1,€ 104,2019/11/07,2019/11/08,0,"9,1",30
Hostal Antigua Morellana,1273937,NA,Valencia,1,1,€ 80,2019/11/07,2019/11/08,1,"9,5",30
Bubuflats Bubu 3,1014334,Apartamentos,Valencia,1,1,€ 85,2019/11/07,2019/11/08,0,"9,6",30
Palacio de Rojas,1073276,Apartamentos,Valencia,1,1,€ 105,2019/11/07,2019/11/08,0,"9,3",30
City Valencia Beach 360,4504803,Apartamento,Valencia,1,1,NA,2019/11/07,2019/11/08,0,"9,6",30
Apartamento centro frente a Torres de Serrano,3408067,Apartamento,Valencia,1,1,€ 105,2019/11/07,2019/11/08,0,"9,4",30
Forn desamparats,2380447,Apartamento,Valencia,1,1,€ 105,2019/11/07,2019/11/08,0,"9,4",30
One Shot Mercat 09,2274203,NA,Valencia,1,1,€ 106,2019/11/07,2019/11/08,4,"9,1",30
Valencia Lounge Hostel,337203,NA,Valencia,1,1,€ 48,2019/11/07,2019/11/08,0,"7,7",30
Expo Hotel Valencia,91223,NA,Valencia,1,1,€ 48,2019/11/07,2019/11/08,3,"7,6",30
Your home at Valencia- Ruzafa,3809623,Apartamento,Valencia,1,1,NA,2019/11/07,2019/11/08,0,"9,2",30
United Colors of Studios - Mercado Central,2574108,Apartamentos,Valencia,1,1,€ 49,2019/11/07,2019/11/08,0,"7,8",30
5 SENSES,3786890,Apartamento,Valencia,1,1,€ 107,2019/11/07,2019/11/08,0,"9,2",30
Mon Suites San Martin,2777545,Apartamentos,Valencia,1,1,€ 108,2019/11/07,2019/11/08,0,"9,4",30
Ramirez Flats & Bar,4124528,Apartahotel,Valencia,1,1,€ 86,2019/11/07,2019/11/08,0,"9,5",30
Valencian Dreams Lonja,4757385,Apartamento,Valencia,1,1,€ 87,2019/11/07,2019/11/08,0,"9,8",30
Apartments Downtown Valencia,2250421,Apartamentos,Valencia,1,1,€ 90,2019/11/07,2019/11/08,0,"9,6",30
Calle de Frederica Montseny 'Política' Casa o chalet,5152866,Casa o chalet,Valencia,1,1,€ 95,2019/11/07,2019/11/08,0,"9,6",30
Carmen Apartment,3308265,Apartamento,Valencia,1,1,NA,2019/11/07,2019/11/08,0,"9,6",30
Casa La Buhardilla,2985364,Apartamento,Valencia,1,1,€ 97,2019/11/07,2019/11/08,0,"9,6",30
Opera House Valencia B&B,3533887,NA,Valencia,1,1,€ 99,2019/11/07,2019/11/08,0,"9,5",30
Rooms Valencia Center,5507857,NA,Valencia,1,1,€ 49,2019/11/07,2019/11/08,0,"7,7",30
Aventura,5567318,NA,Valencia,1,1,€ 50,2019/11/07,2019/11/08,0,"7,9",30
Apartamentos Rusafa,5604325,NA,Valencia,1,1,€ 50,2019/11/07,2019/11/08,0,"7,8",30
Apartamentos Abastos,1044426,Apartamentos,Valencia,1,1,€ 50,2019/11/07,2019/11/08,0,"7,5",30
Precioso piso junto al antiguo barrio de Campanar,3297078,Apartamento,Valencia,1,1,€ 100,2019/11/07,2019/11/08,0,"9,5",30
MARQUÉS HOUSE 4* SUP,2118880,NA,Valencia,1,1,€ 139,2019/11/07,2019/11/08,4,"9,5",30
Disfruta - Enjoy Valencia Oceanografic,4121345,Apartamento,Valencia,1,1,€ 139,2019/11/07,2019/11/08,0,"9,6",30
Disfruta - Enjoy Valencia Ayuntamiento,4901194,Apartamento,Valencia,1,1,€ 139,2019/11/07,2019/11/08,0,"9,6",30
Cómoda habitación Valencia,4200488,NA,Valencia,1,1,NA,2019/11/07,2019/11/08,0,"9,6",30
Habitacion PLaza Ayuntamiento,4365340,NA,Valencia,1,1,€ 50,2019/11/07,2019/11/08,0,"7,5",30
Apartamento Centro Valencia,1810765,Apartamento,Valencia,1,1,NA,2019/11/07,2019/11/08,0,"9,1",30
Como en casa,4802186,NA,Valencia,1,1,€ 54,2019/11/07,2019/11/08,0,"7,9",30
Ilunion Valencia 3,92818,NA,Valencia,1,1,€ 54,2019/11/07,2019/11/08,3,"7,9",30
RUZAFA- CENTRO-A/C- WI-FI- PARKING,2885994,Apartamento,Valencia,1,1,€ 140,2019/11/07,2019/11/08,0,"9,7",30
Apartamento Bolseria 28,881275,Apartamentos,Valencia,1,1,€ 140,2019/11/07,2019/11/08,0,"9,5",30
Apartamento centro,3160737,Apartamento,Valencia,1,1,€ 150,2019/11/07,2019/11/08,0,"9,6",30
Olympia Flats,4212801,NA,Valencia,1,1,€ 80,2019/11/07,2019/11/08,0,"9,7",30
Habitacion por dias Centro Valencia,3977106,NA,Valencia,1,1,€ 55,2019/11/07,2019/11/08,0,"7,8",30
B&B Hotel Valencia Ciudad de las Ciencias,92242,NA,Valencia,1,1,€ 56,2019/11/07,2019/11/08,3,"7,5",30
Cosy Rooms Tapinería,371192,NA,Valencia,1,1,€ 58,2019/11/07,2019/11/08,2,"7,5",30
Casa Calle Conquista,4691493,Apartamento,Valencia,1,1,€ 240,2019/11/07,2019/11/08,0,"9,6",30
MD PASEO RUZAFA CENTER,5374850,Apartamento,Valencia,1,1,€ 1.030,2019/11/07,2019/11/08,0,"9,6",30
Casa Vich,4457634,Apartamento,Valencia,1,1,NA,2019/11/07,2019/11/08,0,"9,6",30
Cantagua Hostel,4074640,NA,Valencia,1,1,€ 37,2019/11/07,2019/11/08,0,"9,1",30
YOU & CO. Saler Beach Boutique,4533007,NA,Valencia,1,1,€ 44,2019/11/07,2019/11/08,3,9,30
Rooms Ciencias,94126,NA,Valencia,1,1,€ 53,2019/11/07,2019/11/08,0,9,30
Florista's Room en Valencia,5502152,NA,Valencia,1,1,€ 56,2019/11/07,2019/11/08,0,"9,1",30
Habitación privada a 1500 metros de la playa,3789910,NA,Valencia,1,1,€ 60,2019/11/07,2019/11/08,0,"9,3",30
