name,propertyId,propertyType,city,rooms,days,price,checkIn,checkOut,stars,score,advance
5 SENSES,3786890,Apartamento,Valencia,1,1,€ 107,2019/10/16,2019/10/17,0,"9,1",14
"Piso ""Como en tu casa""",2689136,Apartamento,Valencia,1,1,€ 108,2019/10/16,2019/10/17,0,"9,2",14
Apartamento Bolseria 28,881275,Apartamentos,Valencia,1,1,NA,2019/10/16,2019/10/17,0,"9,5",14
OCEANOGRAFIC APARTMENT. PARKING. WI-FI,3107716,Apartamentos,Valencia,1,1,€ 110,2019/10/16,2019/10/17,0,9,14
OCEANOGRAFIC DELUXE- PARKING- WI-FI,4095746,Apartamento,Valencia,1,1,€ 110,2019/10/16,2019/10/17,0,"9,2",14
Kirei Apartment Berlin,4504570,Apartamentos,Valencia,1,1,€ 92,2019/10/16,2019/10/17,0,"5,6",14
Valencia B&B,2658386,NA,Valencia,1,1,€ 129,2019/10/16,2019/10/17,0,"5,5",14
City Center Atico 360,3025679,Apartamento,Valencia,1,1,NA,2019/10/16,2019/10/17,0,"9,4",14
BUBUSUITES by Bubuflats,2389776,NA,Valencia,1,1,€ 110,2019/10/16,2019/10/17,0,"9,3",14
Mon Suites Catedral,485679,Apartamentos,Valencia,1,1,€ 113,2019/10/16,2019/10/17,0,"9,2",14
OttoH Charm Stay,2459807,NA,Valencia,1,1,€ 114,2019/10/16,2019/10/17,0,"9,3",14
HQ Rooms Apartments San Vicente,2894429,Apartamentos,Valencia,1,1,€ 115,2019/10/16,2019/10/17,0,"9,2",14
Apartamento,3139431,Apartamento,Valencia,1,1,NA,2019/10/16,2019/10/17,0,"9,5",14
Mon Suites San Nicolas,4117225,Apartamentos,Valencia,1,1,€ 115,2019/10/16,2019/10/17,0,"9,2",14
Luminoso piso + balcón en Valencia,4615515,Apartamento,Valencia,1,1,€ 117,2019/10/16,2019/10/17,0,"9,2",14
Jardín Botánico Hotel Boutique,93369,NA,Valencia,1,1,€ 119,2019/10/16,2019/10/17,3,"8,9",14
Kirei Apartment Portland,4276529,Apartamentos,Valencia,1,1,€ 131,2019/10/16,2019/10/17,0,"5,9",14
Guest House Torres de Quart,2275006,NA,Valencia,1,1,€ 34,2019/10/16,2019/10/17,0,"5,3",14
RoomTuristValencia Estacion del Norte,4682632,NA,Valencia,1,1,€ 35,2019/10/16,2019/10/17,0,"5,2",14
Guest House Ruzafa,2324552,NA,Valencia,1,1,€ 35,2019/10/16,2019/10/17,0,"5,2",14
Port of Valencia,3805735,Apartamento,Valencia,1,1,€ 75,2019/10/16,2019/10/17,0,"5,1",14
Guest House Duc de Gaeta,2275007,NA,Valencia,1,1,€ 24,2019/10/16,2019/10/17,0,"4,9",14
Quart Apartment,1537986,Apartamento,Valencia,1,1,NA,2019/10/16,2019/10/17,0,"9,2",14
Guesthouse Plaza de Toros,2985902,NA,Valencia,1,1,€ 33,2019/10/16,2019/10/17,0,"4,9",14
RoomTuristValencia Torres de Quart,4565643,NA,Valencia,1,1,€ 34,2019/10/16,2019/10/17,0,"4,5",14
RoomTuristValencia RuzafaSumsi,4682802,NA,Valencia,1,1,€ 35,2019/10/16,2019/10/17,0,"4,6",14
Constitucion Guesthouse,2985942,NA,Valencia,1,1,€ 30,2019/10/16,2019/10/17,0,"3,7",14
Apartamento Islas Canarias,2304086,Apartamento,Valencia,1,1,€ 48,2019/10/16,2019/10/17,0,"3,8",14
Double Room in VALENCIA,5665653,NA,Valencia,1,1,€ 23,2019/10/16,2019/10/17,0,,14
Casas Benlliure,3274635,Apartamentos,Valencia,1,1,NA,2019/10/16,2019/10/17,0,"9,1",14
Habitación muy cerca de la playa.,5395908,NA,Valencia,1,1,€ 40,2019/10/16,2019/10/17,0,,14
MD Design Hotel - Portal del Real,2391685,NA,Valencia,1,1,€ 120,2019/10/16,2019/10/17,2,"9,1",14
Apartamentos Wallace,1698355,Apartamentos,Valencia,1,1,€ 120,2019/10/16,2019/10/17,0,"9,2",14
Sorolla Centro,90896,NA,Valencia,1,1,€ 121,2019/10/16,2019/10/17,3,"9,1",14
Preciosa Casita Cerca Del Mar,4057271,Apartamento,Valencia,1,1,NA,2019/10/16,2019/10/17,0,"9,7",14
Valenciaflats Centro Ciudad,18544,Apartamentos,Valencia,1,1,€ 124,2019/10/16,2019/10/17,0,"9,2",14
Live in Chianti Apartaments,2882632,Apartamentos,Valencia,1,1,€ 128,2019/10/16,2019/10/17,0,9,14
Apartamentos Valencia - Peset Aleixandre 135- FREE WI-FI,4262488,Apartamentos,Valencia,1,1,€ 128,2019/10/16,2019/10/17,0,9,14
Friendly Rentals Torrealba,1634243,Apartamento,Valencia,1,1,€ 130,2019/10/16,2019/10/17,0,"9,3",14
Palacio de Rojas,1073276,Apartamentos,Valencia,1,1,€ 133,2019/10/16,2019/10/17,0,"9,3",14
Big sunny room.,5333222,NA,Valencia,1,1,€ 44,2019/10/16,2019/10/17,0,,14
Bright room with trundle bed,5560260,NA,Valencia,1,1,€ 46,2019/10/16,2019/10/17,0,,14
Lindala,5250762,NA,Valencia,1,1,€ 49,2019/10/16,2019/10/17,0,,14
Habitaciones con encanto,5629632,NA,Valencia,1,1,€ 50,2019/10/16,2019/10/17,0,,14
Casual Socarrat Valencia,5142800,NA,Valencia,1,1,€ 139,2019/10/16,2019/10/17,3,"9,2",14
APARTAMENTO DE DISEÑO EN PLAZA MANISES,2823390,Apartamento,Valencia,1,1,NA,2019/10/16,2019/10/17,0,"9,7",14
Friendly Rentals Montaner Beach,2314997,Apartamento,Valencia,1,1,€ 140,2019/10/16,2019/10/17,0,"8,9",14
Palau de Palomar,471283,Apartamentos,Valencia,1,1,€ 145,2019/10/16,2019/10/17,0,"9,1",14
Friendly Rentals Rey,1634248,Apartamento,Valencia,1,1,€ 145,2019/10/16,2019/10/17,0,"8,9",14
ARENAS 2 APARTAMENT,2808815,Apartamento,Valencia,1,1,€ 150,2019/10/16,2019/10/17,0,9,14
B BEACH VALENCIA,5125954,Apartamento,Valencia,1,1,€ 150,2019/10/16,2019/10/17,0,"9,1",14
Rooms El Picolino,5326859,NA,Valencia,1,1,€ 52,2019/10/16,2019/10/17,0,,14
SingularStays Plaza Redonda,1551343,Apartamento,Valencia,1,1,NA,2019/10/16,2019/10/17,0,"9,2",14
Hotel Cosmo,4838858,NA,Valencia,1,1,€ 59,2019/10/16,2019/10/17,3,,14
Hogar Dulce Hogar,5426607,NA,Valencia,1,1,€ 60,2019/10/16,2019/10/17,0,,14
Apartamentos Navío,5647176,Apartamento,Valencia,1,1,€ 60,2019/10/16,2019/10/17,0,,14
Comfort Homestay,5423155,NA,Valencia,1,1,€ 67,2019/10/16,2019/10/17,0,,14
Loft Turia Gran,5133726,Apartamento,Valencia,1,1,€ 80,2019/10/16,2019/10/17,0,,14
Friendly Rentals Strauss,1634236,Apartamento,Valencia,1,1,€ 125,2019/10/16,2019/10/17,0,"8,6",14
Petit Palace Plaza de la Reina,90443,NA,Valencia,1,1,€ 125,2019/10/16,2019/10/17,3,"8,7",14
La Morella del Carmen,5188541,Apartamento,Valencia,1,1,NA,2019/10/16,2019/10/17,0,"9,5",14
FREE WI-FI. Apartamentos 90 м2 - Assutzena 5,4828764,Apartamento,Valencia,1,1,€ 129,2019/10/16,2019/10/17,0,"8,7",14
One Shot Colón 46,1394168,NA,Valencia,1,1,€ 129,2019/10/16,2019/10/17,3,"8,7",14
AC Hotel Valencia,91063,NA,Valencia,1,1,€ 129,2019/10/16,2019/10/17,4,"8,5",14
SH Ingles Boutique Hotel,92956,NA,Valencia,1,1,€ 130,2019/10/16,2019/10/17,4,"8,5",14
Apartamento Sofia,2552406,Apartamento,Valencia,1,1,€ 130,2019/10/16,2019/10/17,0,"8,6",14
Hotel Mediterraneo Valencia,92412,NA,Valencia,1,1,€ 132,2019/10/16,2019/10/17,3,"8,8",14
AMAZING HOUSE- BEST LOCATION!,4728031,Apartamento,Valencia,1,1,NA,2019/10/16,2019/10/17,0,"9,7",14
Ático con estilo en el centro de Valencia,3914735,Apartamento,Valencia,1,1,€ 137,2019/10/16,2019/10/17,0,"8,8",14
Catalonia Excelsior,90578,NA,Valencia,1,1,€ 140,2019/10/16,2019/10/17,3,"8,7",14
Friendly Rentals Desplat,4120221,Apartamento,Valencia,1,1,€ 140,2019/10/16,2019/10/17,0,"8,5",14
In the heart of Soho- Ruzafa,4578496,Apartamento,Valencia,1,1,€ 142,2019/10/16,2019/10/17,0,"8,8",14
Hotel Dimar,90886,NA,Valencia,1,1,€ 144,2019/10/16,2019/10/17,4,"8,7",14
Cathedral Suites Hotel,1736257,Apartahotel,Valencia,1,1,€ 145,2019/10/16,2019/10/17,4,"8,9",14
Carmen Apartment,3308265,Apartamento,Valencia,1,1,NA,2019/10/16,2019/10/17,0,"9,6",14
Hotel Gabbeach,403586,NA,Valencia,1,1,€ 149,2019/10/16,2019/10/17,3,"8,5",14
MIhotelitoespecial,3573906,Apartamento,Valencia,1,1,€ 160,2019/10/16,2019/10/17,0,"8,5",14
Select Home Mercado de Colón,2960845,Apartamentos,Valencia,1,1,€ 160,2019/10/16,2019/10/17,0,"8,9",14
Zenit Valencia,92327,NA,Valencia,1,1,€ 162,2019/10/16,2019/10/17,4,"8,8",14
Hotel Neptuno,91206,NA,Valencia,1,1,€ 167,2019/10/16,2019/10/17,4,"8,5",14
Canela`s Vintage Ruzafa Centro,4652584,Apartamento,Valencia,1,1,€ 170,2019/10/16,2019/10/17,0,"8,5",14
Cool Central Market,3424724,Apartamento,Valencia,1,1,NA,2019/10/16,2019/10/17,0,"9,9",14
SH Valencia Palace,91497,NA,Valencia,1,1,€ 175,2019/10/16,2019/10/17,5,"8,5",14
Vincci Palace,94163,NA,Valencia,1,1,€ 176,2019/10/16,2019/10/17,4,"8,7",14
One Shot Palacio Reina Victoria 04,90885,NA,Valencia,1,1,€ 179,2019/10/16,2019/10/17,4,"8,6",14
Hospes Palau de La Mar,93823,NA,Valencia,1,1,€ 185,2019/10/16,2019/10/17,5,"8,8",14
Puerta de Serranos,2734333,Apartamentos,Valencia,1,1,€ 185,2019/10/16,2019/10/17,0,"8,8",14
LOFT apartamento duplex en Valencia con parking,5519008,Apartamento,Valencia,1,1,€ 65,2019/10/16,2019/10/17,0,"9,8",14
Espai One Santa Mónica,5471724,Apartamento,Valencia,1,1,€ 75,2019/10/16,2019/10/17,0,"9,8",14
VALENCIA APARTAMENTO GOYA,4256653,Apartamento,Valencia,1,1,NA,2019/10/16,2019/10/17,0,10,14
Piso en La Ciudad de Artes,3832790,Apartamento,Valencia,1,1,€ 76,2019/10/16,2019/10/17,0,"9,6",14
United Colors of Apartments Boutique Style,5372347,Apartamentos,Valencia,1,1,€ 79,2019/10/16,2019/10/17,0,"9,5",14
Hostal Antigua Morellana,1273937,NA,Valencia,1,1,€ 80,2019/10/16,2019/10/17,1,"9,5",14
Valencian Dreams,3268804,Apartamento,Valencia,1,1,€ 82,2019/10/16,2019/10/17,0,"9,8",14
Valencian Dreams Lonja,4757385,Apartamento,Valencia,1,1,€ 86,2019/10/16,2019/10/17,0,"9,8",14
Reina 12,1684198,NA,Valencia,1,1,€ 64,2019/10/16,2019/10/17,0,"8,2",14
Balcón Al Mar,295109,NA,Valencia,1,1,€ 65,2019/10/16,2019/10/17,0,"8,4",14
VALENCIA APARTAMENTO GOYA GRAN TERRAZA,4660558,Apartamento,Valencia,1,1,NA,2019/10/16,2019/10/17,0,"9,6",14
Eurostars Gran Valencia,90484,NA,Valencia,1,1,€ 67,2019/10/16,2019/10/17,4,"8,4",14
Casa La Buhardilla,2985364,Apartamento,Valencia,1,1,€ 97,2019/10/16,2019/10/17,0,"9,6",14
Casa Vich,4457634,Apartamento,Valencia,1,1,NA,2019/10/16,2019/10/17,0,"9,6",14
RUZAFA- CENTRO-A/C- WI-FI- PARKING,2885994,Apartamento,Valencia,1,1,€ 100,2019/10/16,2019/10/17,0,"9,7",14
Opera House Valencia B&B,3533887,NA,Valencia,1,1,€ 108,2019/10/16,2019/10/17,0,"9,5",14
Ramirez Flats & Bar,4124528,Apartahotel,Valencia,1,1,€ 108,2019/10/16,2019/10/17,0,"9,5",14
Up Town,2244083,Apartamentos,Valencia,1,1,€ 67,2019/10/16,2019/10/17,0,"8,2",14
Red Nest Hostel,92283,NA,Valencia,1,1,€ 68,2019/10/16,2019/10/17,0,"8,2",14
Ilunion Aqua 3,92776,NA,Valencia,1,1,€ 70,2019/10/16,2019/10/17,3,"8,3",14
United Colors of Apartments - Catedral,1301545,Apartamentos,Valencia,1,1,€ 74,2019/10/16,2019/10/17,0,"8,2",14
Aparthotel Valencia Rental,17344,Apartahotel,Valencia,1,1,€ 74,2019/10/16,2019/10/17,0,8,14
Puerto Bello,3306497,Apartamento,Valencia,1,1,NA,2019/10/16,2019/10/17,0,"9,7",14
NH Valencia Las Ciencias,90725,NA,Valencia,1,1,€ 75,2019/10/16,2019/10/17,3,8,14
Bubuflats Bubu 3,1014334,Apartamentos,Valencia,1,1,€ 110,2019/10/16,2019/10/17,0,"9,6",14
Ciudad Ciencias- Lujo- Parking- Wi-Fi.,4999636,Apartamento,Valencia,1,1,€ 120,2019/10/16,2019/10/17,0,"9,8",14
Disfruta - Enjoy Valencia Ruzafa,3890328,Apartamento,Valencia,1,1,€ 145,2019/10/16,2019/10/17,0,"9,7",14
Apartment Cisneros 2,2361375,Apartamento,Valencia,1,1,NA,2019/10/16,2019/10/17,0,"9,7",14
Disfruta - Enjoy Valencia Centre,3881970,Apartamento,Valencia,1,1,€ 145,2019/10/16,2019/10/17,0,"9,8",14
Residencia Universitaria Damia Bonet,247451,NA,Valencia,1,1,€ 75,2019/10/16,2019/10/17,0,"8,3",14
Apartment Vicent,1674495,Apartamentos,Valencia,1,1,€ 75,2019/10/16,2019/10/17,0,"8,3",14
MD Modern Hotel - Jardines,305447,NA,Valencia,1,1,€ 77,2019/10/16,2019/10/17,1,"8,3",14
NH Ciudad de Valencia,90729,NA,Valencia,1,1,€ 78,2019/10/16,2019/10/17,3,"8,1",14
Eurostars Rey Don Jaime,91520,NA,Valencia,1,1,€ 80,2019/10/16,2019/10/17,4,"8,2",14
Luxury penthouse in the center of Valencia,3127952,Apartamento,Valencia,1,1,NA,2019/10/16,2019/10/17,0,"9,9",14
Hotel Olympia Universidades,1301731,NA,Valencia,1,1,€ 80,2019/10/16,2019/10/17,3,"8,4",14
Stay at Valencia Downtown,1840715,Apartamento,Valencia,1,1,€ 160,2019/10/16,2019/10/17,0,"9,6",14
MARQUÉS HOUSE 4* SUP,2118880,NA,Valencia,1,1,€ 189,2019/10/16,2019/10/17,4,"9,5",14
Cantagua Hostel,4074640,NA,Valencia,1,1,€ 39,2019/10/16,2019/10/17,0,"9,1",14
YOU & CO. Saler Beach Boutique,4533007,NA,Valencia,1,1,€ 55,2019/10/16,2019/10/17,3,9,14
Hostal Penalty,189209,NA,Valencia,1,1,€ 85,2019/10/16,2019/10/17,1,8,14
Apartamento Privado Próximo a Playa y Ciencias,3783163,Apartamento,Valencia,1,1,€ 85,2019/10/16,2019/10/17,0,"8,2",14
SHF Flats Baron,1033085,Apartamentos,Valencia,1,1,€ 89,2019/10/16,2019/10/17,0,8,14
Casual de las Artes Valencia,538056,NA,Valencia,1,1,€ 90,2019/10/16,2019/10/17,3,"8,4",14
Apartamento Ciudad de las Artes y las Ciencias,4353552,Apartamento,Valencia,1,1,€ 90,2019/10/16,2019/10/17,0,"8,3",14
Habitación privada a 1500 metros de la playa,3789910,NA,Valencia,1,1,€ 60,2019/10/16,2019/10/17,0,"9,3",14
La seda stay,3335523,Apartamento,Valencia,1,1,NA,2019/10/16,2019/10/17,0,"9,7",14
Blanq Comedias,4922002,NA,Valencia,1,1,€ 68,2019/10/16,2019/10/17,0,9,14
MD PASEO RUZAFA CENTER,5374850,Apartamento,Valencia,1,1,NA,2019/10/16,2019/10/17,0,"9,6",14
City Suites Apartments,3091106,NA,Valencia,1,1,€ 93,2019/10/16,2019/10/17,0,"8,4",14
NH Valencia Las Artes,90731,NA,Valencia,1,1,€ 93,2019/10/16,2019/10/17,4,"8,4",14
Loft by the Beach,4441671,Apartamento,Valencia,1,1,€ 95,2019/10/16,2019/10/17,0,"8,4",14
Valenciaflats Torres de Serrano,17468,Apartamentos,Valencia,1,1,€ 97,2019/10/16,2019/10/17,0,"8,3",14
Hotel Miramar,23332,NA,Valencia,1,1,€ 97,2019/10/16,2019/10/17,2,"8,4",14
Una Ubicacion Perfecta,3114164,Apartamentos,Valencia,1,1,€ 70,2019/10/16,2019/10/17,0,"9,1",14
Kasa Katia Eco Guest House,636256,NA,Valencia,1,1,€ 70,2019/10/16,2019/10/17,0,"9,3",14
Live in Chianti,2227491,NA,Valencia,1,1,€ 75,2019/10/16,2019/10/17,0,"9,1",14
Original Domino House,5434091,NA,Valencia,1,1,€ 75,2019/10/16,2019/10/17,0,"9,2",14
Luz de Valencia,2076095,Apartamentos,Valencia,1,1,€ 67,2019/10/16,2019/10/17,0,"8,8",14
Turia Town,4064373,Apartamentos,Valencia,1,1,€ 69,2019/10/16,2019/10/17,0,"8,8",14
APARTMENTS VALENCIA CENTER,5180014,Apartamentos,Valencia,1,1,NA,2019/10/16,2019/10/17,0,"9,4",14
Moon Valencia,3560698,Apartamentos,Valencia,1,1,€ 70,2019/10/16,2019/10/17,0,"8,8",14
Apartaments San Pio V,2456151,Apartamento,Valencia,1,1,€ 70,2019/10/16,2019/10/17,0,"8,8",14
B&B Almirante,369695,NA,Valencia,1,1,€ 70,2019/10/16,2019/10/17,1,"8,8",14
Carrer de l'Escriptor Rafael Ferreres,4267645,Apartamento,Valencia,1,1,€ 70,2019/10/16,2019/10/17,0,"8,6",14
Casa del Patriarca,364834,NA,Valencia,1,1,€ 71,2019/10/16,2019/10/17,0,"8,9",14
Petit Palomar,2187491,Apartamentos,Valencia,1,1,€ 75,2019/10/16,2019/10/17,0,"8,9",14
Disfruta - Enjoy Valencia Oceanografic,4121345,Apartamento,Valencia,1,1,NA,2019/10/16,2019/10/17,0,"9,6",14
Habitación doble,3599930,NA,Valencia,1,1,€ 76,2019/10/16,2019/10/17,0,"8,9",14
MODERNO Y ACOGEDOR FRENTE A RUZAFA Y CERCA DEL CENTRO,4490444,Apartamento,Valencia,1,1,€ 76,2019/10/16,2019/10/17,0,"8,7",14
Balandra Flat,2032624,Apartamento,Valencia,1,1,€ 79,2019/10/16,2019/10/17,0,"8,6",14
Welcomer Apartments Valencia,19363,Apartamentos,Valencia,1,1,€ 80,2019/10/16,2019/10/17,0,"8,7",14
Eurostars Acteón,90495,NA,Valencia,1,1,€ 80,2019/10/16,2019/10/17,4,"8,5",14
Pio XII Apartments Valencia,402080,Apartamentos,Valencia,1,1,€ 81,2019/10/16,2019/10/17,0,"8,5",14
PORT VALENCIA PLAYA,5259971,Apartamento,Valencia,1,1,NA,2019/10/16,2019/10/17,0,"9,8",14
Suites by Eric Olsan (Florista),4726450,Apartamentos,Valencia,1,1,€ 82,2019/10/16,2019/10/17,0,"8,6",14
Boutique Creative Rooms,2334726,NA,Valencia,1,1,€ 85,2019/10/16,2019/10/17,0,"8,7",14
Hotel Malcom and Barret,483261,NA,Valencia,1,1,€ 86,2019/10/16,2019/10/17,3,"8,7",14
Hi Valencia Cánovas,4312120,Apartamentos,Valencia,1,1,€ 86,2019/10/16,2019/10/17,0,"8,9",14
El Palacete Gran Via,3483148,NA,Valencia,1,1,€ 86,2019/10/16,2019/10/17,0,"8,8",14
València Centre Torres de Quart,886289,Apartamentos,Valencia,1,1,€ 88,2019/10/16,2019/10/17,0,"8,9",14
Apartments Downtown Valencia,2250421,Apartamentos,Valencia,1,1,NA,2019/10/16,2019/10/17,0,"9,6",14
Buho House,3777691,Apartahotel,Valencia,1,1,€ 89,2019/10/16,2019/10/17,0,"8,5",14
APARTAMENTO LAS MELLIZAS,4651578,NA,Valencia,1,1,€ 45,2019/10/16,2019/10/17,0,"8,5",14
Casa de Maria,2467712,Apartamento,Valencia,1,1,€ 90,2019/10/16,2019/10/17,0,"8,6",14
Casual del Cine Valencia,572187,NA,Valencia,1,1,€ 91,2019/10/16,2019/10/17,2,"8,6",14
Citizentral Gascons,332095,Apartamentos,Valencia,1,1,€ 94,2019/10/16,2019/10/17,0,"8,8",14
Dreams Rental City Hall,337092,Apartamentos,Valencia,1,1,€ 280,2019/10/16,2019/10/17,0,"7,5",14
Select Home Paz Apartment,1687820,Apartamento,Valencia,1,1,€ 300,2019/10/16,2019/10/17,0,"7,8",14
MÍ casa YOUR HOME,3328967,Apartamento,Valencia,1,1,NA,2019/10/16,2019/10/17,0,"9,2",14
MD Art Apartment Ruzafa,2550955,Apartamento,Valencia,1,1,€ 311,2019/10/16,2019/10/17,0,"7,5",14
MD Abastos Center,2551194,Apartamento,Valencia,1,1,€ 341,2019/10/16,2019/10/17,0,"7,7",14
MD Oliag I Apartment Ruzafa,2867488,Apartamento,Valencia,1,1,€ 387,2019/10/16,2019/10/17,0,"7,7",14
MD Olivereta Apartment,3783665,Apartamento,Valencia,1,1,€ 390,2019/10/16,2019/10/17,0,"7,5",14
Vlc Apartaments el Carmen,389902,Apartamentos,Valencia,1,1,€ 214,2019/10/16,2019/10/17,0,"8,2",14
Hotel Conqueridor,91047,NA,Valencia,1,1,€ 216,2019/10/16,2019/10/17,4,"8,4",14
Las Arenas Balneario Resort,91144,NA,Valencia,1,1,NA,2019/10/16,2019/10/17,5,9,14
Guest House Samuel Ros,4161855,NA,Valencia,1,1,€ 25,2019/10/16,2019/10/17,0,"7,3",14
Habitación Despuig,4901343,NA,Valencia,1,1,€ 30,2019/10/16,2019/10/17,0,"7,3",14
Total Valencia White,2201908,Apartamento,Valencia,1,1,NA,2019/10/16,2019/10/17,0,"9,2",14
feliz como en casa,3676196,NA,Valencia,1,1,€ 36,2019/10/16,2019/10/17,0,"7,2",14
Malvarrosa Calle Pavia,3608764,Casa o chalet,Valencia,1,1,€ 271,2019/10/16,2019/10/17,0,8,14
Musico Peydro Apartments,3765069,Apartamentos,Valencia,1,1,€ 313,2019/10/16,2019/10/17,0,8,14
UP Hostel Valencia,1710137,NA,Valencia,1,1,€ 24,2019/10/16,2019/10/17,0,"7,7",14
Habitación Céntrica en Casa de Familia,4289877,NA,Valencia,1,1,€ 27,2019/10/16,2019/10/17,0,"7,7",14
Hostal Residencial RR,450746,NA,Valencia,1,1,€ 38,2019/10/16,2019/10/17,0,7,14
HOSPEDAJE PESET,4718074,NA,Valencia,1,1,€ 40,2019/10/16,2019/10/17,0,"7,3",14
Habitación con cama doble,4794909,NA,Valencia,1,1,€ 41,2019/10/16,2019/10/17,0,7,14
Pensión Universal,304276,NA,Valencia,1,1,€ 28,2019/10/16,2019/10/17,0,"7,9",14
Hostal Moratin,326015,NA,Valencia,1,1,€ 31,2019/10/16,2019/10/17,1,"7,9",14
ALEX- CENTER APARTMENT. WI-FI,2884203,Apartamento,Valencia,1,1,NA,2019/10/16,2019/10/17,0,9,14
Habitaciones Barra89,1076252,NA,Valencia,1,1,€ 32,2019/10/16,2019/10/17,0,"7,8",14
Central Station Valencia Hostel,1647017,NA,Valencia,1,1,€ 46,2019/10/16,2019/10/17,0,"7,1",14
Attic Rooms in Botánico,5522932,NA,Valencia,1,1,€ 48,2019/10/16,2019/10/17,0,"7,2",14
COZY APARTMENT VALENCIA BEACHFRONT!,3128516,Apartamento,Valencia,1,1,NA,2019/10/16,2019/10/17,0,"9,4",14
HOSTAL BED OF THE SEA,3974636,NA,Valencia,1,1,€ 50,2019/10/16,2019/10/17,0,"7,1",14
Apart and Benef,2291245,NA,Valencia,1,1,€ 34,2019/10/16,2019/10/17,0,"7,8",14
Habitación San Cayetano,4624401,NA,Valencia,1,1,€ 40,2019/10/16,2019/10/17,0,"7,6",14
Voyagers Inn Homestay,2682156,NA,Valencia,1,1,€ 43,2019/10/16,2019/10/17,0,"7,8",14
Valencia City Host,1177077,NA,Valencia,1,1,€ 43,2019/10/16,2019/10/17,0,"7,8",14
Centro Valencia Calle Cerrajeros,3476261,NA,Valencia,1,1,€ 50,2019/10/16,2019/10/17,0,"7,1",14
PISO ACOGEDOR,4995780,NA,Valencia,1,1,€ 50,2019/10/16,2019/10/17,0,"7,1",14
B&B El Mercat,2203530,NA,Valencia,1,1,€ 55,2019/10/16,2019/10/17,0,"7,3",14
Hostal El Cid,309465,NA,Valencia,1,1,€ 47,2019/10/16,2019/10/17,2,"7,6",14
Apartment on Carrer del Dr. Lluch,2008997,Apartamento,Valencia,1,1,NA,2019/10/16,2019/10/17,0,"9,1",14
Casual Civilizaciones Valencia,449777,NA,Valencia,1,1,€ 47,2019/10/16,2019/10/17,0,"7,9",14
Rio Turia B&B,5531073,NA,Valencia,1,1,€ 48,2019/10/16,2019/10/17,0,"7,6",14
La Flamenca,818359,NA,Valencia,1,1,€ 55,2019/10/16,2019/10/17,0,"7,2",14
Avenida del Cid (Centrico),4737683,Apartamento,Valencia,1,1,€ 56,2019/10/16,2019/10/17,0,"7,2",14
Home Club Micalet Apartments,443595,Apartamentos,Valencia,1,1,NA,2019/10/16,2019/10/17,0,9,14
Apartment Horticultor Bosch,1148669,Apartamentos,Valencia,1,1,€ 60,2019/10/16,2019/10/17,0,"7,3",14
Cosy Rooms Embajador,369728,NA,Valencia,1,1,€ 61,2019/10/16,2019/10/17,2,"7,4",14
Rooms Valencia Center,5507857,NA,Valencia,1,1,€ 49,2019/10/16,2019/10/17,0,"7,6",14
Patacona Resort Apartments,189782,Apartamentos,Valencia,1,1,€ 52,2019/10/16,2019/10/17,0,"7,8",14
Patacona Green Flats,292996,Apartamentos,Valencia,1,1,€ 53,2019/10/16,2019/10/17,0,"7,6",14
Cosy Rooms Bolsería,371606,NA,Valencia,1,1,€ 61,2019/10/16,2019/10/17,2,"7,4",14
Hostal la Barraca,350013,NA,Valencia,1,1,€ 65,2019/10/16,2019/10/17,0,"7,2",14
Accommodation Beach Apartments,1001766,Apartamentos,Valencia,1,1,€ 69,2019/10/16,2019/10/17,0,"7,2",14
Valencia Lounge Hostel,337203,NA,Valencia,1,1,€ 53,2019/10/16,2019/10/17,0,"7,7",14
Apartamento Rosaleda,3014201,Apartamento,Valencia,1,1,NA,2019/10/16,2019/10/17,0,9,14
Hospederia del Pilar,327766,NA,Valencia,1,1,€ 54,2019/10/16,2019/10/17,0,"7,9",14
Habitacion por dias Centro Valencia,3977106,NA,Valencia,1,1,€ 54,2019/10/16,2019/10/17,0,"7,8",14
Como en casa,4802186,NA,Valencia,1,1,€ 54,2019/10/16,2019/10/17,0,"7,9",14
Ilunion Valencia 3,92818,NA,Valencia,1,1,€ 59,2019/10/16,2019/10/17,3,"7,9",14
OYO Pensión El Rincón,476031,NA,Valencia,1,1,€ 59,2019/10/16,2019/10/17,1,"7,6",14
