name,propertyId,propertyType,city,rooms,days,price,checkIn,checkOut,stars,score,advance
Accommodation Beach Apartments,1001766,NA,Valencia,1,1,€ 79,2019/12/23,2019/12/24,0,"7,1",60
Guest House Samuel Ros,4161855,NA,Valencia,1,1,€ 90,2019/12/23,2019/12/24,0,"7,2",60
Apartamento Ruzafa Centro I,2006333,NA,Valencia,1,1,NA,2019/12/23,2019/12/24,0,"9,2",60
Valencia Apartmans El Carmen,847910,NA,Valencia,1,1,€ 96,2019/12/23,2019/12/24,0,"7,4",60
Valencia Apartments,4367788,NA,Valencia,1,1,€ 96,2019/12/23,2019/12/24,0,"7,1",60
Spain Host Valencia Centro- San Vicente II,2567628,NA,Valencia,1,1,€ 114,2019/12/23,2019/12/24,0,"7,4",60
Select Home Catedral,440778,NA,Valencia,1,1,€ 170,2019/12/23,2019/12/24,0,"7,1",60
Best Valencia Beach Flat,3246772,NA,Valencia,1,1,€ 196,2019/12/23,2019/12/24,0,"7,1",60
HOSTAL BED OF THE SEA,3974636,NA,Valencia,1,1,€ 200,2019/12/23,2019/12/24,0,"7,1",60
Piso con encanto en Ciutat Vella (El Carmen),3019874,NA,Valencia,1,1,NA,2019/12/23,2019/12/24,0,9,60
Ruzafa Rooms,2891693,NA,Valencia,1,1,€ 36,2019/12/23,2019/12/24,0,"6,9",60
Brugada home,5259150,NA,Valencia,1,1,€ 55,2019/12/23,2019/12/24,0,"6,6",60
Guest House Lebon,3124256,NA,Valencia,1,1,€ 60,2019/12/23,2019/12/24,0,"6,8",60
Habitación en Valencia,5477394,NA,Valencia,1,1,€ 72,2019/12/23,2019/12/24,0,"6,8",60
Old Town Cute,4210278,NA,Valencia,1,1,€ 75,2019/12/23,2019/12/24,0,"6,8",60
Casita Esmeralda,2040126,NA,Valencia,1,1,€ 114,2019/12/23,2019/12/24,0,"6,5",60
Luminous Attic Down Town,3973172,NA,Valencia,1,1,NA,2019/12/23,2019/12/24,0,"9,3",60
Dreams Rental City Hall,337092,NA,Valencia,1,1,€ 280,2019/12/23,2019/12/24,0,"6,5",60
Fun and Sun Center 2,2944416,NA,Valencia,1,1,€ 32,2019/12/23,2019/12/24,0,6,60
Vamos A la Playa,5030500,NA,Valencia,1,1,€ 90,2019/12/23,2019/12/24,0,"6,1",60
Carrer del Bisbe Jaume Pérez,4900140,NA,Valencia,1,1,€ 60,2019/12/23,2019/12/24,0,"5,9",60
Guest House Higinio Noja,2845935,NA,Valencia,1,1,€ 60,2019/12/23,2019/12/24,0,"5,9",60
Oliver,4865093,NA,Valencia,1,1,€ 63,2019/12/23,2019/12/24,0,"5,4",60
Hi Valencia Cánovas,4312120,NA,Valencia,1,1,€ 63,2019/12/23,2019/12/24,0,"8,8",60
SKY TOURISTIC ATTIC,281640,NA,Valencia,1,1,€ 63,2019/12/23,2019/12/24,0,"8,5",60
Apartment on the beach-pool-WiFi-garage-Valencia,4525305,NA,Valencia,1,1,NA,2019/12/23,2019/12/24,0,9,60
Port of Valencia,3805735,NA,Valencia,1,1,€ 75,2019/12/23,2019/12/24,0,"5,1",60
Malvarosa,3820590,NA,Valencia,1,1,€ 190,2019/12/23,2019/12/24,0,4,60
Double Room in VALENCIA,5665653,NA,Valencia,1,1,€ 30,2019/12/23,2019/12/24,0,,60
Cool Loft Malvarrosa Beach,4309218,NA,Valencia,1,1,NA,2019/12/23,2019/12/24,0,"9,7",60
Buho House,3777691,NA,Valencia,1,1,€ 64,2019/12/23,2019/12/24,0,"8,5",60
One Shot Colón 46,1394168,NA,Valencia,1,1,€ 64,2019/12/23,2019/12/24,3,"8,7",60
Masatepe Room Valencia,5687127,NA,Valencia,1,1,€ 30,2019/12/23,2019/12/24,0,,60
Rest room Evi,5710566,NA,Valencia,1,1,€ 32,2019/12/23,2019/12/24,0,,60
Ad Hoc Carmen,1173270,NA,Valencia,1,1,€ 66,2019/12/23,2019/12/24,2,"8,9",60
Jardín Botánico Hotel Boutique,93369,NA,Valencia,1,1,€ 66,2019/12/23,2019/12/24,3,"8,9",60
Casa del Patriarca,364834,NA,Valencia,1,1,€ 67,2019/12/23,2019/12/24,0,"8,9",60
Blanq Carmen Hotel,97069,NA,Valencia,1,1,€ 67,2019/12/23,2019/12/24,3,"8,7",60
PORT VALENCIA PLAYA,5259971,NA,Valencia,1,1,NA,2019/12/23,2019/12/24,0,"9,8",60
Petit Palace Ruzafa,90792,NA,Valencia,1,1,€ 68,2019/12/23,2019/12/24,3,"8,7",60
Hotel San Lorenzo Boutique,1307718,NA,Valencia,1,1,€ 68,2019/12/23,2019/12/24,3,"8,6",60
Sercotel Sorolla Palace,93646,NA,Valencia,1,1,€ 68,2019/12/23,2019/12/24,4,"8,6",60
Luz de Valencia,2076095,NA,Valencia,1,1,€ 69,2019/12/23,2019/12/24,0,"8,8",60
B&B Hi Valencia Boutique,1301725,NA,Valencia,1,1,€ 69,2019/12/23,2019/12/24,0,"8,8",60
Valencia maritimo,3020748,NA,Valencia,1,1,€ 70,2019/12/23,2019/12/24,0,"8,9",60
So de Mar,2204496,NA,Valencia,1,1,NA,2019/12/23,2019/12/24,0,"9,6",60
Piso luminoso cerca de la playa,3583906,NA,Valencia,1,1,€ 70,2019/12/23,2019/12/24,0,"8,5",60
Habitación doble,3599930,NA,Valencia,1,1,€ 75,2019/12/23,2019/12/24,0,"8,9",60
València Centre Túria,2185255,NA,Valencia,1,1,€ 75,2019/12/23,2019/12/24,0,"8,8",60
Reina Rooms,4211140,NA,Valencia,1,1,€ 77,2019/12/23,2019/12/24,0,"8,9",60
Barceló Valencia,91988,NA,Valencia,1,1,€ 77,2019/12/23,2019/12/24,4,"8,7",60
Apartments Madrina,3278589,NA,Valencia,1,1,€ 79,2019/12/23,2019/12/24,0,"8,9",60
La Morella del Carmen,5188541,NA,Valencia,1,1,NA,2019/12/23,2019/12/24,0,"9,5",60
Hotel Gabbeach,403586,NA,Valencia,1,1,€ 79,2019/12/23,2019/12/24,3,"8,5",60
València Centre Torres de Quart,886289,NA,Valencia,1,1,€ 79,2019/12/23,2019/12/24,0,"8,9",60
Catalonia Excelsior,90578,NA,Valencia,1,1,€ 80,2019/12/23,2019/12/24,3,"8,7",60
SAN RAMÓN,2238556,NA,Valencia,1,1,€ 80,2019/12/23,2019/12/24,0,"8,6",60
Ad Hoc Monumental,90719,NA,Valencia,1,1,€ 82,2019/12/23,2019/12/24,3,"8,6",60
SH Ingles Boutique Hotel,92956,NA,Valencia,1,1,€ 116,2019/12/23,2019/12/24,4,"8,5",60
AC Hotel Valencia,91063,NA,Valencia,1,1,€ 122,2019/12/23,2019/12/24,4,"8,5",60
Austria 4,1605997,NA,Valencia,1,1,NA,2019/12/23,2019/12/24,0,9,60
Apartamentos Valencia - Brazil 31 Free WiFi,4948554,NA,Valencia,1,1,€ 130,2019/12/23,2019/12/24,0,"8,8",60
Precioso Apartamento En Pleno Centro Con Wifi,3023494,NA,Valencia,1,1,€ 130,2019/12/23,2019/12/24,0,"8,8",60
Vincci Lys,91183,NA,Valencia,1,1,€ 132,2019/12/23,2019/12/24,4,"8,9",60
Perla Apartments,3146781,NA,Valencia,1,1,€ 135,2019/12/23,2019/12/24,0,"8,7",60
Cathedral Suites Hotel,1736257,NA,Valencia,1,1,€ 139,2019/12/23,2019/12/24,4,"8,9",60
Mon Suites San Nicolas,4117225,NA,Valencia,1,1,€ 110,2019/12/23,2019/12/24,0,"9,2",60
Olvida tu Reloj Montichelvo Apartment,3258095,NA,Valencia,1,1,€ 111,2019/12/23,2019/12/24,0,"9,4",60
Valencia center,3168460,NA,Valencia,1,1,NA,2019/12/23,2019/12/24,0,"9,8",60
Olvida tu Reloj Congresos Apartment,2448036,NA,Valencia,1,1,€ 111,2019/12/23,2019/12/24,0,"9,2",60
Mon Suites San Martin,2777545,NA,Valencia,1,1,€ 113,2019/12/23,2019/12/24,0,"9,4",60
FREE WI-FI. Apartamentos 90 м2 - Assutzena 5,4828764,NA,Valencia,1,1,€ 139,2019/12/23,2019/12/24,0,"8,7",60
Apartamento en la Ciudad de las ciencias,2837499,NA,Valencia,1,1,NA,2019/12/23,2019/12/24,0,"9,2",60
Plaza de la Virgen,3167342,NA,Valencia,1,1,€ 140,2019/12/23,2019/12/24,0,"8,8",60
Hospes Palau de La Mar,93823,NA,Valencia,1,1,€ 149,2019/12/23,2019/12/24,5,"8,8",60
Colors Rooms,675839,NA,Valencia,1,1,€ 40,2019/12/23,2019/12/24,0,"9,5",60
Lindala,5250762,NA,Valencia,1,1,€ 49,2019/12/23,2019/12/24,0,"9,6",60
Apartamento LUXURY CENTRO HISTORICO,3664772,NA,Valencia,1,1,€ 149,2019/12/23,2019/12/24,0,"8,5",60
ValentiaApartments - MercadoCentral,4185241,NA,Valencia,1,1,€ 157,2019/12/23,2019/12/24,0,"8,8",60
The Westin Valencia,93321,NA,Valencia,1,1,€ 173,2019/12/23,2019/12/24,5,"8,7",60
Apartamento Casa con Angel,1079935,NA,Valencia,1,1,€ 173,2019/12/23,2019/12/24,0,"8,8",60
OCEANOGRAFIC DELUXE- PARKING- WI-FI,4095746,NA,Valencia,1,1,NA,2019/12/23,2019/12/24,0,"9,1",60
Zerka Sendra,4657122,NA,Valencia,1,1,€ 179,2019/12/23,2019/12/24,0,"8,9",60
Mar & City Apartment,3456759,NA,Valencia,1,1,€ 182,2019/12/23,2019/12/24,0,"8,9",60
Exclusive Beach Apartment,4641691,NA,Valencia,1,1,€ 205,2019/12/23,2019/12/24,0,"8,9",60
Flatsforyou Mercat,1367507,NA,Valencia,1,1,€ 280,2019/12/23,2019/12/24,3,"8,9",60
SingularStays Parque Central,3054000,NA,Valencia,1,1,€ 287,2019/12/23,2019/12/24,0,"8,9",60
Valencia what else...,2550483,NA,Valencia,1,1,NA,2019/12/23,2019/12/24,0,"9,5",60
Apartamentos Navío,5647176,NA,Valencia,1,1,€ 75,2019/12/23,2019/12/24,0,"9,9",60
Hostal Antigua Morellana,1273937,NA,Valencia,1,1,€ 80,2019/12/23,2019/12/24,1,"9,5",60
MYR Hotel Plaza Mercado & Spa,1619029,NA,Valencia,1,1,€ 119,2019/12/23,2019/12/24,0,"9,2",60
MD Design Hotel - Portal del Real,2391685,NA,Valencia,1,1,€ 120,2019/12/23,2019/12/24,2,"9,1",60
APARTAMENTO CENTRICO. WI-FI. PARKING,2967593,NA,Valencia,1,1,€ 120,2019/12/23,2019/12/24,0,"9,1",60
Piso en Playa de Valencia,5533098,NA,Valencia,1,1,€ 80,2019/12/23,2019/12/24,0,"9,5",60
Ramirez Flats & Bar,4124528,NA,Valencia,1,1,€ 80,2019/12/23,2019/12/24,0,"9,5",60
L'Esplai Valencia Bed & Breakfast,1282556,NA,Valencia,1,1,€ 81,2019/12/23,2019/12/24,0,"9,5",60
OCEANOGRAFIC APARTMENT. PARKING. WI-FI,3107716,NA,Valencia,1,1,€ 120,2019/12/23,2019/12/24,0,9,60
Luxury Center Plaza Redonda,5138960,NA,Valencia,1,1,NA,2019/12/23,2019/12/24,0,"9,7",60
5 SENSES,3786890,NA,Valencia,1,1,€ 120,2019/12/23,2019/12/24,0,"9,2",60
WeRentVLC Charming Ruzafa,2839319,NA,Valencia,1,1,€ 120,2019/12/23,2019/12/24,0,"9,2",60
Habitaciones Rusafa,5604325,NA,Valencia,1,1,€ 50,2019/12/23,2019/12/24,0,"7,9",60
Apartamentos Abastos,1044426,NA,Valencia,1,1,€ 50,2019/12/23,2019/12/24,0,"7,5",60
Piso en Malvarrosa,2445244,NA,Valencia,1,1,NA,2019/12/23,2019/12/24,0,9,60
Habitación en valencia centro,5418023,NA,Valencia,1,1,€ 30,2019/12/23,2019/12/24,0,"8,2",60
Splendid house in Valencia,3091182,NA,Valencia,1,1,NA,2019/12/23,2019/12/24,0,"9,3",60
B&B Hi Valencia Canovas,305349,NA,Valencia,1,1,€ 38,2019/12/23,2019/12/24,0,"8,4",60
Center Valencia Youth Hostel,246931,NA,Valencia,1,1,€ 38,2019/12/23,2019/12/24,0,8,60
B&B Hotel Valencia Ciudad de las Ciencias,92242,NA,Valencia,1,1,€ 53,2019/12/23,2019/12/24,3,"7,5",60
Checkin Valencia,93743,NA,Valencia,1,1,€ 53,2019/12/23,2019/12/24,4,"7,8",60
Como en casa,4802186,NA,Valencia,1,1,€ 54,2019/12/23,2019/12/24,0,"7,9",60
Purple Nest Hostel,25278,NA,Valencia,1,1,€ 40,2019/12/23,2019/12/24,0,"8,2",60
Habitacion en Valencia Barata,4861796,NA,Valencia,1,1,€ 40,2019/12/23,2019/12/24,0,"8,2",60
Hotel Villacarlos,90730,NA,Valencia,1,1,€ 45,2019/12/23,2019/12/24,3,8,60
LOFT apartamento duplex en Valencia con parking gratis,5519008,NA,Valencia,1,1,€ 90,2019/12/23,2019/12/24,0,"9,9",60
Casa Vich,4457634,NA,Valencia,1,1,NA,2019/12/23,2019/12/24,0,"9,5",60
Hotel Cosmo,4838858,NA,Valencia,1,1,€ 94,2019/12/23,2019/12/24,3,"9,9",60
Calle de Frederica Montseny 'Política' Casa o chalet,5152866,NA,Valencia,1,1,€ 95,2019/12/23,2019/12/24,0,"9,6",60
15 Avinguda Mare Nostrum,4518973,NA,Valencia,1,1,€ 120,2019/12/23,2019/12/24,0,"9,4",60
Hotel Boutique Balandret,1281710,NA,Valencia,1,1,€ 124,2019/12/23,2019/12/24,3,"9,2",60
apartamento las torres-botanico,4694090,NA,Valencia,1,1,€ 128,2019/12/23,2019/12/24,0,9,60
Opera House Valencia B&B,3533887,NA,Valencia,1,1,€ 96,2019/12/23,2019/12/24,0,"9,5",60
Casa La Buhardilla,2985364,NA,Valencia,1,1,€ 97,2019/12/23,2019/12/24,0,"9,6",60
ÁTICO EN EL CENTRO DE VALENCIA VT-45939-T,4752815,NA,Valencia,1,1,€ 115,2019/12/23,2019/12/24,0,"9,6",60
Ciudad Ciencias- Lujo- Parking- Wi-Fi.,4999636,NA,Valencia,1,1,€ 120,2019/12/23,2019/12/24,0,"9,8",60
Atico Loft Ruzafa,3152977,NA,Valencia,1,1,NA,2019/12/23,2019/12/24,0,"9,6",60
Olympia Flats,4212801,NA,Valencia,1,1,€ 60,2019/12/23,2019/12/24,0,"9,7",60
Valencian Dreams Lonja,4757385,NA,Valencia,1,1,€ 128,2019/12/23,2019/12/24,0,"9,8",60
Live in Chianti Apartaments,2882632,NA,Valencia,1,1,€ 128,2019/12/23,2019/12/24,0,"9,1",60
Apartamento Forn dels Apòstols,3122008,NA,Valencia,1,1,NA,2019/12/23,2019/12/24,0,"9,6",60
NH Collection Colón Valencia,3828811,NA,Valencia,1,1,€ 132,2019/12/23,2019/12/24,4,"9,2",60
Casual Socarrat Valencia,5142800,NA,Valencia,1,1,€ 135,2019/12/23,2019/12/24,3,"9,1",60
Colón Market Downtown,4607745,NA,Valencia,1,1,€ 140,2019/12/23,2019/12/24,0,"9,6",60
Apartments Downtown Valencia,2250421,NA,Valencia,1,1,€ 190,2019/12/23,2019/12/24,0,"9,6",60
MARQUÉS HOUSE 4* SUP,2118880,NA,Valencia,1,1,€ 209,2019/12/23,2019/12/24,4,"9,4",60
Las Arenas Balneario Resort,91144,NA,Valencia,1,1,€ 135,2019/12/23,2019/12/24,5,9,60
Apartamentos La más Bonita,2816245,NA,Valencia,1,1,€ 149,2019/12/23,2019/12/24,0,9,60
Florista's Room en Valencia,5502152,NA,Valencia,1,1,€ 53,2019/12/23,2019/12/24,0,"9,2",60
Central Park Apartment Valencia,3881533,NA,Valencia,1,1,NA,2019/12/23,2019/12/24,0,"9,5",60
Rooms Ciencias,94126,NA,Valencia,1,1,€ 59,2019/12/23,2019/12/24,0,9,60
Habitación privada a 1500 metros de la playa,3789910,NA,Valencia,1,1,€ 60,2019/12/23,2019/12/24,0,"9,3",60
NH Ciudad de Valencia,90729,NA,Valencia,1,1,€ 61,2019/12/23,2019/12/24,3,"8,1",60
Hotel Miramar,23332,NA,Valencia,1,1,€ 61,2019/12/23,2019/12/24,2,"8,4",60
Calle Mora De Rubielos,2854363,NA,Valencia,1,1,NA,2019/12/23,2019/12/24,0,"9,3",60
L'Otelet By Sweet,1467935,NA,Valencia,1,1,€ 64,2019/12/23,2019/12/24,0,"8,3",60
Sweet Caroline Apartment,1811784,NA,Valencia,1,1,€ 150,2019/12/23,2019/12/24,0,"9,2",60
B BEACH VALENCIA,5125954,NA,Valencia,1,1,€ 150,2019/12/23,2019/12/24,0,"9,1",60
Apartment Sofi,2830696,NA,Valencia,1,1,NA,2019/12/23,2019/12/24,0,"9,8",60
Vincci Mercat,1279484,NA,Valencia,1,1,€ 154,2019/12/23,2019/12/24,4,9,60
Hostal Venecia,92883,NA,Valencia,1,1,€ 60,2019/12/23,2019/12/24,2,"9,1",60
United Colors of Apartments Boutique Style,5372347,NA,Valencia,1,1,€ 64,2019/12/23,2019/12/24,0,"9,4",60
Nest Style Valencia,5219046,NA,Valencia,1,1,€ 68,2019/12/23,2019/12/24,3,"9,3",60
Reina 12,1684198,NA,Valencia,1,1,€ 64,2019/12/23,2019/12/24,0,"8,3",60
Alex Apartment,1756374,NA,Valencia,1,1,€ 64,2019/12/23,2019/12/24,0,8,60
Hotel Alkazar,408511,NA,Valencia,1,1,€ 64,2019/12/23,2019/12/24,1,"8,1",60
Mediterranean Flats Plaza Redonda,4086496,NA,Valencia,1,1,€ 155,2019/12/23,2019/12/24,0,"9,2",60
Jardines del Turia - Espacioso apartamento,2734126,NA,Valencia,1,1,€ 200,2019/12/23,2019/12/24,0,"9,1",60
Holiday Inn Express Ciudad de las Ciencias,96737,NA,Valencia,1,1,€ 65,2019/12/23,2019/12/24,3,8,60
Eurostars Gran Valencia,90484,NA,Valencia,1,1,€ 68,2019/12/23,2019/12/24,4,"8,4",60
Palacio de Rojas,1073276,NA,Valencia,1,1,NA,2019/12/23,2019/12/24,0,"9,3",60
NH Valencia Las Artes,90731,NA,Valencia,1,1,€ 68,2019/12/23,2019/12/24,4,"8,4",60
Style Apartments Puerto,1558265,NA,Valencia,1,1,€ 70,2019/12/23,2019/12/24,0,"8,1",60
Apartamentos Dormavalencia,4450983,NA,Valencia,1,1,€ 71,2019/12/23,2019/12/24,0,"8,4",60
City Suites Apartments,3091106,NA,Valencia,1,1,€ 74,2019/12/23,2019/12/24,0,"8,3",60
Jero Rooms,296743,NA,Valencia,1,1,€ 55,2019/12/23,2019/12/24,0,"7,7",60
Habitacion por dias Centro Valencia,3977106,NA,Valencia,1,1,€ 55,2019/12/23,2019/12/24,0,"7,8",60
Patacona Green Flats,292996,NA,Valencia,1,1,€ 57,2019/12/23,2019/12/24,0,"7,6",60
Apartment Savoy,1934973,NA,Valencia,1,1,NA,2019/12/23,2019/12/24,0,"9,2",60
City Center Atico 360,3025679,NA,Valencia,1,1,€ 210,2019/12/23,2019/12/24,0,"9,4",60
Caro Hotel,348132,NA,Valencia,1,1,€ 219,2019/12/23,2019/12/24,5,"9,2",60
Hotel Turia,14441,NA,Valencia,1,1,€ 59,2019/12/23,2019/12/24,4,"7,5",60
El Globo,24498,NA,Valencia,1,1,€ 60,2019/12/23,2019/12/24,1,"7,8",60
Casual Civilizaciones Valencia,449777,NA,Valencia,1,1,€ 68,2019/12/23,2019/12/24,0,"7,9",60
El 16 Ruzafa,865461,NA,Valencia,1,1,€ 84,2019/12/23,2019/12/24,0,"7,7",60
City Center Apartments,4426057,NA,Valencia,1,1,€ 90,2019/12/23,2019/12/24,0,"7,8",60
Apartment Florista,2150187,NA,Valencia,1,1,€ 90,2019/12/23,2019/12/24,0,"7,9",60
Primus Valencia,331871,NA,Valencia,1,1,€ 75,2019/12/23,2019/12/24,4,"8,3",60
Ático cerca del mar,4040503,NA,Valencia,1,1,€ 75,2019/12/23,2019/12/24,0,"8,3",60
COZY APARTMENT VALENCIA BEACHFRONT!,3128516,NA,Valencia,1,1,NA,2019/12/23,2019/12/24,0,"9,4",60
Piso en Malvarrosa,2574698,NA,Valencia,1,1,NA,2019/12/23,2019/12/24,0,"9,1",60
Suites by Eric Olsan (Peset),4726296,NA,Valencia,1,1,€ 94,2019/12/23,2019/12/24,0,"7,5",60
Suites by Eric Olsan (L),4287413,NA,Valencia,1,1,€ 94,2019/12/23,2019/12/24,0,"7,5",60
NH Valencia Center,90727,NA,Valencia,1,1,€ 83,2019/12/23,2019/12/24,4,"8,3",60
Dormavalencia Hostel,249585,NA,Valencia,1,1,€ 85,2019/12/23,2019/12/24,1,"8,2",60
Hotel Conqueridor,91047,NA,Valencia,1,1,€ 86,2019/12/23,2019/12/24,4,"8,4",60
Cozy fisherman's house,2241663,NA,Valencia,1,1,€ 95,2019/12/23,2019/12/24,0,"8,2",60
Apartamento Alguer,4005334,NA,Valencia,1,1,€ 100,2019/12/23,2019/12/24,0,"7,7",60
Torres Quart,3702234,NA,Valencia,1,1,€ 105,2019/12/23,2019/12/24,0,"7,5",60
Oceanográfico Apartments & Spa,324918,NA,Valencia,1,1,€ 114,2019/12/23,2019/12/24,0,"7,6",60
APARTAMENTO LAS MELLIZAS,4651578,NA,Valencia,1,1,€ 49,2019/12/23,2019/12/24,0,"8,3",60
Friendly Rentals ABC,3656596,NA,Valencia,1,1,€ 110,2019/12/23,2019/12/24,0,"8,2",60
Center Valencia,2944722,NA,Valencia,1,1,NA,2019/12/23,2019/12/24,0,"9,3",60
SEA YOU HOTEL PORT VALENCIA,92328,NA,Valencia,1,1,€ 117,2019/12/23,2019/12/24,4,"7,8",60
Hi Valencia Apartments - Jorge Juan,2373701,NA,Valencia,1,1,NA,2019/12/23,2019/12/24,0,"9,4",60
Adrian's House,2271869,NA,Valencia,1,1,€ 120,2019/12/23,2019/12/24,0,"7,7",60
Casual de las Artes Valencia,538056,NA,Valencia,1,1,€ 113,2019/12/23,2019/12/24,3,"8,4",60
Apartment Valencia,348555,NA,Valencia,1,1,€ 114,2019/12/23,2019/12/24,0,8,60
Old Town Flats Casa Burguerini,4552106,NA,Valencia,1,1,€ 114,2019/12/23,2019/12/24,0,"8,2",60
Apartamento Privado Próximo a Playa y Ciencias,3783163,NA,Valencia,1,1,€ 120,2019/12/23,2019/12/24,0,"8,3",60
STYLISH APARTMENT - CITY CENTER,2861517,NA,Valencia,1,1,€ 140,2019/12/23,2019/12/24,0,"7,8",60
Musico Peydro Apartments,3765069,NA,Valencia,1,1,€ 271,2019/12/23,2019/12/24,0,"7,9",60
MD Art Apartment Ruzafa,2550955,NA,Valencia,1,1,€ 271,2019/12/23,2019/12/24,0,"7,5",60
Zerka Centro,4425975,NA,Valencia,1,1,€ 129,2019/12/23,2019/12/24,0,"8,4",60
MD Pelayo with terrace,1979067,NA,Valencia,1,1,€ 271,2019/12/23,2019/12/24,0,"7,7",60
