name,propertyId,propertyType,city,rooms,days,price,checkIn,checkOut,stars,score,advance
Carrer del Bisbe Jaume Pérez,4900140,NA,Valencia,1,1,€ 60,2019/11/17,2019/11/18,0,"5,9",30
Kirei Apartment Berlin,4504570,Apartamentos,Valencia,1,1,€ 92,2019/11/17,2019/11/18,0,"5,6",30
Apartamento,3139431,Apartamento,Valencia,1,1,NA,2019/11/17,2019/11/18,0,"9,4",30
Kirei Apartment Portland,4276529,Apartamentos,Valencia,1,1,€ 200,2019/11/17,2019/11/18,0,"5,9",30
RoomTuristValencia Estacion del Norte,4682632,NA,Valencia,1,1,€ 35,2019/11/17,2019/11/18,0,5,30
Guest House Torres de Quart,2275006,NA,Valencia,1,1,€ 35,2019/11/17,2019/11/18,0,"5,3",30
Oliver,4865093,NA,Valencia,1,1,€ 66,2019/11/17,2019/11/18,0,"5,4",30
RoomTuristValencia Torres de Quart,4565643,NA,Valencia,1,1,€ 25,2019/11/17,2019/11/18,0,"4,6",30
Guesthouse Plaza de Toros,2985902,NA,Valencia,1,1,€ 27,2019/11/17,2019/11/18,0,"4,8",30
Amazing in Town Hall Square,3834085,Apartamento,Valencia,1,1,NA,2019/11/17,2019/11/18,0,9,30
Guest House Duc de Gaeta,2275007,NA,Valencia,1,1,€ 34,2019/11/17,2019/11/18,0,"4,9",30
RoomTuristValencia RuzafaSumsi,4682802,NA,Valencia,1,1,€ 40,2019/11/17,2019/11/18,0,"4,5",30
Double Room in VALENCIA,5665653,NA,Valencia,1,1,€ 30,2019/11/17,2019/11/18,0,,30
Comoda habitacion,5695905,NA,Valencia,1,1,€ 30,2019/11/17,2019/11/18,0,,30
Masatepe Room Valencia,5687127,NA,Valencia,1,1,€ 30,2019/11/17,2019/11/18,0,,30
Rooms El Picolino,5326859,NA,Valencia,1,1,€ 55,2019/11/17,2019/11/18,0,,30
City Center Atico 360,3025679,Apartamento,Valencia,1,1,NA,2019/11/17,2019/11/18,0,"9,4",30
vosotros sereis parte de mi familia.,5299568,NA,Valencia,1,1,€ 60,2019/11/17,2019/11/18,0,,30
Valencia- habitacion,5366858,NA,Valencia,1,1,€ 65,2019/11/17,2019/11/18,0,,30
Bonito Apartamento- confortable y bien comunicado,5572090,Apartamento,Valencia,1,1,€ 68,2019/11/17,2019/11/18,0,,30
AvantGarden Bed & Breakfast,5632754,NA,Valencia,1,1,€ 69,2019/11/17,2019/11/18,0,,30
Cabanyal Apartment con patio,4323384,Apartamento,Valencia,1,1,€ 69,2019/11/17,2019/11/18,0,,30
Hotel Cosmo,4838858,NA,Valencia,1,1,€ 72,2019/11/17,2019/11/18,3,,30
Apartamento Plaza Sainetero,2743838,Apartamento,Valencia,1,1,€ 93,2019/11/17,2019/11/18,0,"8,2",30
Residencia Universitaria Damia Bonet,247451,NA,Valencia,1,1,€ 95,2019/11/17,2019/11/18,0,"8,3",30
Apartamento Frederick “Centrico y con Clase”,4236394,Apartamento,Valencia,1,1,NA,2019/11/17,2019/11/18,0,"9,6",30
Hotel Miramar,23332,NA,Valencia,1,1,€ 95,2019/11/17,2019/11/18,2,"8,4",30
Austria 4,1605997,Apartamentos,Valencia,1,1,NA,2019/11/17,2019/11/18,0,9,30
Hideout 26,5658117,Apartamentos,Valencia,1,1,€ 88,2019/11/17,2019/11/18,0,,30
Kirei Apartment Dublin,4639542,Apartamento,Valencia,1,1,€ 96,2019/11/17,2019/11/18,0,,30
Comfort Homestay,5423155,NA,Valencia,1,1,€ 105,2019/11/17,2019/11/18,0,,30
EL ATICO,5680427,Apartamento,Valencia,1,1,€ 107,2019/11/17,2019/11/18,0,,30
Hogar Dulce Hogar,5426607,NA,Valencia,1,1,€ 108,2019/11/17,2019/11/18,0,,30
Silken Puerta Valencia,91182,NA,Valencia,1,1,€ 95,2019/11/17,2019/11/18,4,"8,3",30
NH Valencia Las Artes,90731,NA,Valencia,1,1,€ 96,2019/11/17,2019/11/18,4,"8,4",30
Casual de las Artes Valencia,538056,NA,Valencia,1,1,€ 98,2019/11/17,2019/11/18,3,"8,4",30
NH Ciudad de Valencia,90729,NA,Valencia,1,1,€ 98,2019/11/17,2019/11/18,3,"8,1",30
United Colors of Apartments - Catedral,1301545,Apartamentos,Valencia,1,1,€ 99,2019/11/17,2019/11/18,0,"8,2",30
Oceanografic Apartment,4903549,Apartamento,Valencia,1,1,NA,2019/11/17,2019/11/18,0,"9,5",30
Mercado Central Rooms & Breakfast,2515022,NA,Valencia,1,1,€ 99,2019/11/17,2019/11/18,0,"8,1",30
Hotel Valencia Center,91285,NA,Valencia,1,1,€ 103,2019/11/17,2019/11/18,4,"8,4",30
Apartamento Privado Próximo a Playa y Ciencias,3783163,Apartamento,Valencia,1,1,€ 110,2019/11/17,2019/11/18,0,"8,2",30
Primus Valencia,331871,NA,Valencia,1,1,€ 114,2019/11/17,2019/11/18,4,"8,3",30
Hotel Valencia Alameda,4019381,NA,Valencia,1,1,€ 119,2019/11/17,2019/11/18,4,"9,2",30
MD Design Hotel - Portal del Real,2391685,NA,Valencia,1,1,€ 120,2019/11/17,2019/11/18,2,"9,1",30
Apartamento Forn dels Apòstols,3122008,Apartamento,Valencia,1,1,NA,2019/11/17,2019/11/18,0,"9,6",30
Hotel Alkazar,408511,NA,Valencia,1,1,€ 119,2019/11/17,2019/11/18,1,"8,1",30
BonApart Apartment Valencia,1490885,Apartamento,Valencia,1,1,€ 120,2019/11/17,2019/11/18,0,"8,4",30
Moderno apartamento Joaquín Sorolla,5211323,Apartamento,Valencia,1,1,NA,2019/11/17,2019/11/18,0,"9,5",30
Apartamento frente al mar,3060802,Apartamento,Valencia,1,1,€ 125,2019/11/17,2019/11/18,0,"8,3",30
Old Town Flats Casa Burguerini,4552106,Apartamentos,Valencia,1,1,€ 128,2019/11/17,2019/11/18,0,"8,2",30
Hotel Conqueridor,91047,NA,Valencia,1,1,€ 135,2019/11/17,2019/11/18,4,"8,4",30
15 Avinguda Mare Nostrum,4518973,Apartamento,Valencia,1,1,€ 120,2019/11/17,2019/11/18,0,"9,4",30
Live in Chianti,2227491,NA,Valencia,1,1,€ 120,2019/11/17,2019/11/18,0,"9,1",30
Hostal Venecia,92883,NA,Valencia,1,1,€ 126,2019/11/17,2019/11/18,2,"9,1",30
HQ Rooms Apartments San Vicente,2894429,Apartamentos,Valencia,1,1,€ 135,2019/11/17,2019/11/18,0,"9,2",30
One Shot Mercat 09,2274203,NA,Valencia,1,1,€ 144,2019/11/17,2019/11/18,4,"9,1",30
Edificio Pentagono,4673669,Apartamento,Valencia,1,1,€ 145,2019/11/17,2019/11/18,0,9,30
Luxury Center Plaza Redonda,5138960,Apartamento,Valencia,1,1,NA,2019/11/17,2019/11/18,0,"9,7",30
ARENAS 2 APARTAMENT,2808815,Apartamento,Valencia,1,1,€ 150,2019/11/17,2019/11/18,0,9,30
B BEACH VALENCIA,5125954,Apartamento,Valencia,1,1,€ 150,2019/11/17,2019/11/18,0,"9,1",30
Duplex en Blasco Ibáñez,3672426,Apartamento,Valencia,1,1,€ 155,2019/11/17,2019/11/18,0,"9,1",30
Zerka Centro,4425975,Apartamentos,Valencia,1,1,€ 139,2019/11/17,2019/11/18,0,"8,4",30
Style Apartments Puerto,1558265,Apartamentos,Valencia,1,1,€ 144,2019/11/17,2019/11/18,0,"8,1",30
NWT Central Station Apartments,3964093,Apartamento,Valencia,1,1,€ 150,2019/11/17,2019/11/18,0,"8,2",30
MD PASEO RUZAFA CENTER,5374850,Apartamento,Valencia,1,1,NA,2019/11/17,2019/11/18,0,"9,6",30
Vincci Mercat,1279484,NA,Valencia,1,1,€ 158,2019/11/17,2019/11/18,4,9,30
Citizentral Juristas,1113127,Apartamentos,Valencia,1,1,€ 163,2019/11/17,2019/11/18,0,"9,2",30
Lighthouse,2384209,Apartamento,Valencia,1,1,€ 175,2019/11/17,2019/11/18,0,"9,2",30
Colón Market Downtown,4607745,Apartamento,Valencia,1,1,NA,2019/11/17,2019/11/18,0,"9,6",30
Nanit Valencia Hostel,3913497,NA,Valencia,1,1,€ 150,2019/11/17,2019/11/18,0,"8,3",30
Holiday Inn Express Ciudad de las Ciencias,96737,NA,Valencia,1,1,€ 162,2019/11/17,2019/11/18,3,"7,9",30
Loft el Carmen amazing views,4932621,Apartamento,Valencia,1,1,€ 201,2019/11/17,2019/11/18,0,"8,1",30
Coroa Malvarrosa,1638172,Apartamentos,Valencia,1,1,€ 209,2019/11/17,2019/11/18,0,"8,2",30
NH Collection Colón Valencia,3828811,NA,Valencia,1,1,€ 176,2019/11/17,2019/11/18,4,"9,2",30
Sorolla Centro,90896,NA,Valencia,1,1,€ 190,2019/11/17,2019/11/18,3,"9,1",30
Ilunion Valencia 3,92818,NA,Valencia,1,1,€ 98,2019/11/17,2019/11/18,3,"7,9",30
Jero Rooms,296743,NA,Valencia,1,1,€ 99,2019/11/17,2019/11/18,0,"7,7",30
Casa Calle Conquista,4691493,Apartamento,Valencia,1,1,NA,2019/11/17,2019/11/18,0,"9,6",30
Habitación San Cayetano,4624401,NA,Valencia,1,1,€ 100,2019/11/17,2019/11/18,0,"7,5",30
Vlc Apartaments el Carmen,389902,Apartamentos,Valencia,1,1,€ 220,2019/11/17,2019/11/18,0,"8,3",30
Expo Hotel Valencia,91223,NA,Valencia,1,1,€ 100,2019/11/17,2019/11/18,3,"7,6",30
Valencia Lounge Hostel,337203,NA,Valencia,1,1,€ 112,2019/11/17,2019/11/18,0,"7,7",30
Suites by Eric Olsan (L),4287413,Apartamentos,Valencia,1,1,€ 112,2019/11/17,2019/11/18,0,"7,5",30
Suites by Eric Olsan (Peset),4726296,Apartamentos,Valencia,1,1,€ 112,2019/11/17,2019/11/18,0,"7,5",30
Hotel Turia,14441,NA,Valencia,1,1,€ 149,2019/11/17,2019/11/18,4,"7,5",30
Apartamento Valencia Ciudad de las Ciencias,4682746,Apartamento,Valencia,1,1,NA,2019/11/17,2019/11/18,0,"9,3",30
Torres Quart,3702234,Apartamentos,Valencia,1,1,€ 150,2019/11/17,2019/11/18,0,"7,5",30
OYO Pensión El Rincón,476031,NA,Valencia,1,1,€ 153,2019/11/17,2019/11/18,1,"7,5",30
Ruzafa centro II- Terraza-Wifi.,4691792,Apartamento,Valencia,1,1,€ 165,2019/11/17,2019/11/18,0,"7,8",30
My Reception - Catedral Apartments,4656612,Apartamentos,Valencia,1,1,€ 178,2019/11/17,2019/11/18,0,"7,7",30
Zerka Sendra,4657122,Apartamento,Valencia,1,1,€ 199,2019/11/17,2019/11/18,0,9,30
Live in Chianti Apartaments,2882632,Apartamentos,Valencia,1,1,€ 216,2019/11/17,2019/11/18,0,"9,1",30
Apartamentos Edificio Palomar,189277,Apartamentos,Valencia,1,1,€ 219,2019/11/17,2019/11/18,0,"9,2",30
BUBUSUITES by Bubuflats,2389776,NA,Valencia,1,1,€ 220,2019/11/17,2019/11/18,0,"9,3",30
Ayuntamiento Panoramic,3089239,Apartamento,Valencia,1,1,NA,2019/11/17,2019/11/18,0,"9,5",30
MYR Hotel Plaza Mercado & Spa,1619029,Apartahotel,Valencia,1,1,€ 239,2019/11/17,2019/11/18,0,"9,2",30
Mon Suites San Martin,2777545,Apartamentos,Valencia,1,1,€ 251,2019/11/17,2019/11/18,0,"9,4",30
Rosa del mar2,4259814,Apartamento,Valencia,1,1,€ 259,2019/11/17,2019/11/18,0,"9,1",30
Musico Peydro Apartments,3765069,Apartamentos,Valencia,1,1,€ 407,2019/11/17,2019/11/18,0,"7,9",30
MD Art Apartment Ruzafa,2550955,Apartamento,Valencia,1,1,€ 407,2019/11/17,2019/11/18,0,"7,5",30
Loft Duplex Valencia Centro,4060198,Apartamento,Valencia,1,1,NA,2019/11/17,2019/11/18,0,"9,3",30
MD Pelayo with terrace,1979067,Apartamento,Valencia,1,1,€ 437,2019/11/17,2019/11/18,0,"7,8",30
MD Oliag I Apartment Ruzafa,2867488,Apartamento,Valencia,1,1,€ 487,2019/11/17,2019/11/18,0,"7,6",30
Hostal Waksman,281139,NA,Valencia,1,1,€ 35,2019/11/17,2019/11/18,1,"7,3",30
HOSPEDAJE PESET,4718074,NA,Valencia,1,1,€ 40,2019/11/17,2019/11/18,0,"7,4",30
Palau de Palomar,471283,Apartamentos,Valencia,1,1,€ 269,2019/11/17,2019/11/18,0,"9,1",30
Caro Hotel,348132,NA,Valencia,1,1,€ 289,2019/11/17,2019/11/18,5,"9,2",30
Hospes Palau de La Mar,93823,NA,Valencia,1,1,€ 167,2019/11/17,2019/11/18,5,"8,8",30
Canela`s Vintage Ruzafa Centro,4652584,Apartamento,Valencia,1,1,€ 170,2019/11/17,2019/11/18,0,"8,5",30
Apartment in the Heart of Valencia,4616217,Apartamento,Valencia,1,1,NA,2019/11/17,2019/11/18,0,"9,9",30
The Westin Valencia,93321,NA,Valencia,1,1,€ 178,2019/11/17,2019/11/18,5,"8,7",30
Hi Valencia Cánovas,4312120,Apartamentos,Valencia,1,1,€ 180,2019/11/17,2019/11/18,0,"8,8",30
SKY TOURISTIC ATTIC,281640,Apartamentos,Valencia,1,1,€ 180,2019/11/17,2019/11/18,0,"8,5",30
Puerta de Serranos,2734333,Apartamentos,Valencia,1,1,€ 185,2019/11/17,2019/11/18,0,"8,9",30
Vincci Palace,94163,NA,Valencia,1,1,€ 188,2019/11/17,2019/11/18,4,"8,7",30
Vincci Lys,91183,NA,Valencia,1,1,€ 198,2019/11/17,2019/11/18,4,"8,9",30
Ático En El Corazón De Ruzafa,3832501,Apartamento,Valencia,1,1,NA,2019/11/17,2019/11/18,0,"9,5",30
Catalonia Excelsior,90578,NA,Valencia,1,1,€ 200,2019/11/17,2019/11/18,3,"8,7",30
Colors Rooms,675839,NA,Valencia,1,1,€ 45,2019/11/17,2019/11/18,0,"9,5",30
Ramirez Flats & Bar,4124528,Apartahotel,Valencia,1,1,€ 68,2019/11/17,2019/11/18,0,"9,5",30
Hostal Residencial RR,450746,NA,Valencia,1,1,€ 40,2019/11/17,2019/11/18,0,7,30
La Flamenca,818359,NA,Valencia,1,1,€ 40,2019/11/17,2019/11/18,0,"7,2",30
Cozy apartment in Valencia! WI-FI !,4447072,Apartamento,Valencia,1,1,NA,2019/11/17,2019/11/18,0,"9,4",30
Melia Plaza Valencia,13270,NA,Valencia,1,1,€ 209,2019/11/17,2019/11/18,4,"8,9",30
Flatsforyou Mercat,1367507,Apartamentos,Valencia,1,1,€ 220,2019/11/17,2019/11/18,3,"8,9",30
BUBUFLATS / Mercat,783206,Apartamentos,Valencia,1,1,€ 220,2019/11/17,2019/11/18,0,"8,9",30
Habitación con cama doble,4794909,NA,Valencia,1,1,€ 41,2019/11/17,2019/11/18,0,"7,2",30
Murillo Apartment,408163,Apartamento,Valencia,1,1,€ 44,2019/11/17,2019/11/18,0,7,30
Centro Valencia Calle Cerrajeros,3476261,NA,Valencia,1,1,€ 50,2019/11/17,2019/11/18,0,"7,1",30
Valencia Apartamentos Goya,4256653,Apartamentos,Valencia,1,1,NA,2019/11/17,2019/11/18,0,10,30
Apartamentos Navío,5647176,Apartamento,Valencia,1,1,€ 70,2019/11/17,2019/11/18,0,"9,8",30
B&B El Mercat,2203530,NA,Valencia,1,1,€ 50,2019/11/17,2019/11/18,0,"7,3",30
BUBUFLATS Mossén,1141763,Apartamentos,Valencia,1,1,€ 220,2019/11/17,2019/11/18,0,"8,9",30
Cathedral Suites Hotel,1736257,Apartahotel,Valencia,1,1,€ 288,2019/11/17,2019/11/18,4,"8,9",30
Habitacion Apartamento soleado Plaza Escultor Frechina,4865043,NA,Valencia,1,1,€ 50,2019/11/17,2019/11/18,0,"7,4",30
Pio XII Apartments Valencia,402080,Apartamentos,Valencia,1,1,€ 77,2019/11/17,2019/11/18,0,"8,5",30
Hostal Antigua Morellana,1273937,NA,Valencia,1,1,€ 80,2019/11/17,2019/11/18,1,"9,5",30
Atico de Lujo,2142556,Apartamento,Valencia,1,1,€ 85,2019/11/17,2019/11/18,0,"9,4",30
Valencian Dreams Lonja,4757385,Apartamento,Valencia,1,1,€ 87,2019/11/17,2019/11/18,0,"9,8",30
Loft Valencia Playa,3954993,Apartamento,Valencia,1,1,NA,2019/11/17,2019/11/18,0,"9,7",30
SingularStays Parque Central,3054000,Apartamentos,Valencia,1,1,€ 344,2019/11/17,2019/11/18,0,"8,9",30
Habitación en valencia centro,5418023,NA,Valencia,1,1,€ 30,2019/11/17,2019/11/18,0,"8,3",30
Moon Valencia,3560698,Apartamentos,Valencia,1,1,€ 79,2019/11/17,2019/11/18,0,"8,8",30
Valencia what else...,2550483,Apartamento,Valencia,1,1,NA,2019/11/17,2019/11/18,0,"9,5",30
Balandra Flat,2032624,Apartamento,Valencia,1,1,€ 79,2019/11/17,2019/11/18,0,"8,6",30
Sabía que venias!,3543756,NA,Valencia,1,1,€ 80,2019/11/17,2019/11/18,0,"8,6",30
Aventura,5567318,NA,Valencia,1,1,€ 40,2019/11/17,2019/11/18,0,"8,1",30
Habitacion en Valencia Barata,4861796,NA,Valencia,1,1,€ 40,2019/11/17,2019/11/18,0,"8,2",30
Casa La Buhardilla,2985364,Apartamento,Valencia,1,1,€ 97,2019/11/17,2019/11/18,0,"9,6",30
United Colors of Apartments Boutique Style,5372347,Apartamentos,Valencia,1,1,€ 99,2019/11/17,2019/11/18,0,"9,5",30
Cómoda habitación Valencia,4200488,NA,Valencia,1,1,NA,2019/11/17,2019/11/18,0,"9,6",30
Precioso piso junto al antiguo barrio de Campanar,3297078,Apartamento,Valencia,1,1,€ 100,2019/11/17,2019/11/18,0,"9,5",30
Red Nest Hostel,92283,NA,Valencia,1,1,€ 42,2019/11/17,2019/11/18,0,"8,2",30
Eurostars Gran Valencia,90484,NA,Valencia,1,1,€ 45,2019/11/17,2019/11/18,4,"8,4",30
Luxury Beach Apartment with Pool,3841868,Apartamento,Valencia,1,1,NA,2019/11/17,2019/11/18,0,"9,7",30
Opera House Valencia B&B,3533887,NA,Valencia,1,1,€ 120,2019/11/17,2019/11/18,0,"9,5",30
Flats Piera Valencia Center,1490563,Apartamentos,Valencia,1,1,€ 125,2019/11/17,2019/11/18,0,"9,7",30
Barracart Apartments,2125836,Apartamentos,Valencia,1,1,€ 137,2019/11/17,2019/11/18,0,"9,6",30
Habitacion en Valencia,4861732,NA,Valencia,1,1,€ 45,2019/11/17,2019/11/18,0,"8,3",30
Purple Nest Hostel,25278,NA,Valencia,1,1,€ 46,2019/11/17,2019/11/18,0,"8,2",30
B&B Hi Valencia Canovas,305349,NA,Valencia,1,1,€ 47,2019/11/17,2019/11/18,0,"8,4",30
Valenciaflats Centro Histórico,94781,Apartamentos,Valencia,1,1,€ 82,2019/11/17,2019/11/18,0,"8,7",30
Host & Home,1663785,NA,Valencia,1,1,€ 83,2019/11/17,2019/11/18,0,"8,9",30
Balcón Al Mar,295109,NA,Valencia,1,1,€ 83,2019/11/17,2019/11/18,0,"8,5",30
Pension MonaLisa Luxury Suites,3834224,NA,Valencia,1,1,€ 48,2019/11/17,2019/11/18,0,"8,2",30
Center Valencia Youth Hostel,246931,NA,Valencia,1,1,€ 48,2019/11/17,2019/11/18,0,8,30
Eurostars Acteón,90495,NA,Valencia,1,1,€ 85,2019/11/17,2019/11/18,4,"8,5",30
Apartamento Bolseria 28,881275,Apartamentos,Valencia,1,1,NA,2019/11/17,2019/11/18,0,"9,5",30
New Trendy apartment,2426154,Apartamento,Valencia,1,1,€ 85,2019/11/17,2019/11/18,0,"8,6",30
Burjassot Mestalla,3058627,Apartamento,Valencia,1,1,€ 85,2019/11/17,2019/11/18,0,"8,6",30
Perla Apartments,3146781,Apartamentos,Valencia,1,1,€ 90,2019/11/17,2019/11/18,0,"8,7",30
Valencian Apartment,2298621,Apartamento,Valencia,1,1,€ 90,2019/11/17,2019/11/18,0,"8,9",30
L'Esplai Valencia Bed & Breakfast,1282556,NA,Valencia,1,1,€ 149,2019/11/17,2019/11/18,0,"9,5",30
Disfruta - Enjoy Valencia Ayuntamiento,4901194,Apartamento,Valencia,1,1,€ 149,2019/11/17,2019/11/18,0,"9,6",30
Hexagonal Design Apartment Valencia,4630643,Apartamento,Valencia,1,1,NA,2019/11/17,2019/11/18,0,"9,6",30
RUZAFA- CENTRO-A/C- WI-FI- PARKING,2885994,Apartamento,Valencia,1,1,€ 160,2019/11/17,2019/11/18,0,"9,7",30
Apartments Madrina,3278589,Apartamentos,Valencia,1,1,€ 92,2019/11/17,2019/11/18,0,"8,9",30
Plaza Sainetero Arniches,3984774,Apartamento,Valencia,1,1,€ 92,2019/11/17,2019/11/18,0,"8,5",30
Apartment Cisneros 2,2361375,Apartamento,Valencia,1,1,NA,2019/11/17,2019/11/18,0,"9,7",30
MARQUÉS HOUSE 4* SUP,2118880,NA,Valencia,1,1,€ 179,2019/11/17,2019/11/18,4,"9,4",30
Disfruta - Enjoy Valencia Oceanografic,4121345,Apartamento,Valencia,1,1,€ 199,2019/11/17,2019/11/18,0,"9,6",30
Cantagua Hostel,4074640,NA,Valencia,1,1,€ 37,2019/11/17,2019/11/18,0,"9,1",30
Ad Hoc Monumental,90719,NA,Valencia,1,1,€ 93,2019/11/17,2019/11/18,3,"8,6",30
Casual Vintage Valencia,1710241,NA,Valencia,1,1,€ 94,2019/11/17,2019/11/18,2,"8,6",30
València Centre Túria,2185255,Apartamento,Valencia,1,1,€ 94,2019/11/17,2019/11/18,0,"8,8",30
Florista's Room en Valencia,5502152,NA,Valencia,1,1,€ 56,2019/11/17,2019/11/18,0,"9,2",30
Una Ubicacion Perfecta,3114164,Apartamentos,Valencia,1,1,€ 62,2019/11/17,2019/11/18,0,"9,1",30
Casa Vich,4457634,Apartamento,Valencia,1,1,NA,2019/11/17,2019/11/18,0,"9,5",30
Hotel Dimar,90886,NA,Valencia,1,1,€ 99,2019/11/17,2019/11/18,4,"8,7",30
Hulot B&B Valencia,585429,NA,Valencia,1,1,€ 100,2019/11/17,2019/11/18,0,"8,5",30
Apartment close to park Marchalenes,4418670,Apartamento,Valencia,1,1,€ 100,2019/11/17,2019/11/18,0,"8,9",30
Valencia Just in the Middle,2965508,Apartamento,Valencia,1,1,NA,2019/11/17,2019/11/18,0,"9,9",30
YOU & CO. Saler Beach Boutique,4533007,NA,Valencia,1,1,€ 64,2019/11/17,2019/11/18,3,9,30
El Cid,2740801,Apartamento,Valencia,1,1,€ 70,2019/11/17,2019/11/18,0,9,30
Nest Style Valencia,5219046,NA,Valencia,1,1,€ 76,2019/11/17,2019/11/18,3,"9,3",30
Apartments Plaza Ayuntamiento,3506736,Apartamento,Valencia,1,1,€ 101,2019/11/17,2019/11/18,0,"8,7",30
Sercotel Sorolla Palace,93646,NA,Valencia,1,1,€ 102,2019/11/17,2019/11/18,4,"8,6",30
B&B Almirante,369695,NA,Valencia,1,1,€ 105,2019/11/17,2019/11/18,1,"8,8",30
Blanq Comedias,4922002,NA,Valencia,1,1,€ 81,2019/11/17,2019/11/18,0,9,30
Valenciaflats Centro Ciudad,18544,Apartamentos,Valencia,1,1,€ 82,2019/11/17,2019/11/18,0,"9,2",30
Casa del Patriarca,364834,NA,Valencia,1,1,€ 105,2019/11/17,2019/11/18,0,"8,9",30
Petit Palace Ruzafa,90792,NA,Valencia,1,1,€ 107,2019/11/17,2019/11/18,3,"8,7",30
