name,propertyId,propertyType,city,rooms,days,price,checkIn,checkOut,stars,score,advance
Governor Residence,3799760,Apartahotel,Valencia,1,1,€ 600,2019/12/03,2019/12/04,0,,60
Apartment Carrer de Cadis,5531328,Apartamentos,Valencia,1,1,€ 648,2019/12/03,2019/12/04,0,,60
Suites by Eric Olsan (Peset),4726296,Apartamentos,Valencia,1,1,€ 83,2019/12/03,2019/12/04,0,"7,6",60
Suites by Eric Olsan (L),4287413,Apartamentos,Valencia,1,1,€ 83,2019/12/03,2019/12/04,0,"7,7",60
Atico Duplex en el Carmen,2954876,Apartamento,Valencia,1,1,NA,2019/12/03,2019/12/04,0,"8,3",60
Torres Quart,3702234,Apartamentos,Valencia,1,1,€ 87,2019/12/03,2019/12/04,0,"7,5",60
Apartamento Angel Alcazar 35,2174625,Apartamento,Valencia,1,1,€ 90,2019/12/03,2019/12/04,0,"7,5",60
Plaza Sainetero 5,3148458,Apartamento,Valencia,1,1,€ 91,2019/12/03,2019/12/04,0,"7,7",60
Art of Dance Apartment Valencia,3732969,Apartamento,Valencia,1,1,€ 95,2019/12/03,2019/12/04,0,"7,7",60
Ilunion Valencia 3,92818,NA,Valencia,1,1,€ 97,2019/12/03,2019/12/04,3,"7,9",60
Apartment Florista,2150187,Apartamento,Valencia,1,1,€ 105,2019/12/03,2019/12/04,0,"7,8",60
Apartment near City of Arts 2,3033254,Apartamentos,Valencia,1,1,NA,2019/12/03,2019/12/04,0,"8,3",60
Kirei Apartment Vienna,4639797,Apartamento,Valencia,1,1,€ 126,2019/12/03,2019/12/04,0,"7,6",60
STYLISH APARTMENT - CITY CENTER,2861517,Apartamento,Valencia,1,1,€ 140,2019/12/03,2019/12/04,0,"7,8",60
Kirei Apartment Calgary,4768322,Apartamento,Valencia,1,1,€ 148,2019/12/03,2019/12/04,0,"7,5",60
Friendly Rentals Danna,1634254,Apartamento,Valencia,1,1,€ 165,2019/12/03,2019/12/04,0,"7,7",60
MD Benlliure Beach.,1957258,Apartamento,Valencia,1,1,€ 271,2019/12/03,2019/12/04,0,"7,9",60
MD Art Apartment Ruzafa,2550955,Apartamento,Valencia,1,1,€ 271,2019/12/03,2019/12/04,0,"7,5",60
Loft by the Beach,4441671,Apartamento,Valencia,1,1,NA,2019/12/03,2019/12/04,0,"8,4",60
MD Pelayo with terrace,1979067,Apartamento,Valencia,1,1,€ 271,2019/12/03,2019/12/04,0,"7,8",60
Dreams Rental City Hall,337092,Apartamentos,Valencia,1,1,€ 280,2019/12/03,2019/12/04,0,"7,5",60
MD Abastos Center,2551194,Apartamento,Valencia,1,1,€ 289,2019/12/03,2019/12/04,0,"7,7",60
Peset Silence,3698967,Apartamento,Valencia,1,1,€ 300,2019/12/03,2019/12/04,0,"7,5",60
MD Oliag I Apartment Ruzafa,2867488,Apartamento,Valencia,1,1,€ 317,2019/12/03,2019/12/04,0,"7,7",60
Apartment Plaza de la Merced,3457190,Apartamento,Valencia,1,1,€ 470,2019/12/03,2019/12/04,0,"7,9",60
My Reception - Edificio San Vicente,5123921,Apartamentos,Valencia,1,1,NA,2019/12/03,2019/12/04,0,"8,1",60
Habitación Despuig,4901343,NA,Valencia,1,1,€ 30,2019/12/03,2019/12/04,0,7,60
Hostal Waksman,281139,NA,Valencia,1,1,€ 35,2019/12/03,2019/12/04,1,"7,3",60
feliz como en casa,3676196,NA,Valencia,1,1,€ 36,2019/12/03,2019/12/04,0,"7,2",60
Hostal Residencial RR,450746,NA,Valencia,1,1,€ 38,2019/12/03,2019/12/04,0,7,60
Zen House,3671621,NA,Valencia,1,1,€ 39,2019/12/03,2019/12/04,0,"7,1",60
Hotel Valencia Alameda,4019381,NA,Valencia,1,1,€ 84,2019/12/03,2019/12/04,4,"9,3",60
Una Ubicacion Perfecta,3114164,Apartamentos,Valencia,1,1,€ 85,2019/12/03,2019/12/04,0,"9,1",60
Austria 4,1605997,Apartamentos,Valencia,1,1,NA,2019/12/03,2019/12/04,0,9,60
Apartments Madrina,3278589,Apartamentos,Valencia,1,1,€ 85,2019/12/03,2019/12/04,0,9,60
Atico de Lujo,2142556,Apartamento,Valencia,1,1,€ 85,2019/12/03,2019/12/04,0,"9,2",60
Hotel Boutique Balandret,1281710,NA,Valencia,1,1,€ 86,2019/12/03,2019/12/04,3,"9,2",60
Apartamentos El Olivo,1985143,Apartamento,Valencia,1,1,€ 86,2019/12/03,2019/12/04,0,"9,4",60
Citizentral Juristas,1113127,Apartamentos,Valencia,1,1,€ 86,2019/12/03,2019/12/04,0,"9,2",60
Mon Suites San Nicolas,4117225,Apartamentos,Valencia,1,1,€ 87,2019/12/03,2019/12/04,0,"9,2",60
Valencia City Center New Apartments,1042326,Apartamentos,Valencia,1,1,NA,2019/12/03,2019/12/04,0,9,60
Sorolla Centro,90896,NA,Valencia,1,1,€ 88,2019/12/03,2019/12/04,3,"9,1",60
Apartamento cerca de la Playa y el Centro,2620264,Apartamento,Valencia,1,1,€ 88,2019/12/03,2019/12/04,0,9,60
Turia Burjassot 12,3237353,Apartamento,Valencia,1,1,€ 90,2019/12/03,2019/12/04,0,9,60
Old Town Flats Casa Burguerini,4552106,Apartamentos,Valencia,1,1,€ 151,2019/12/03,2019/12/04,0,"8,1",60
Ilunion Aqua 3,92776,NA,Valencia,1,1,€ 152,2019/12/03,2019/12/04,3,"8,3",60
Malvarrosa Silence,1907504,Apartamentos,Valencia,1,1,NA,2019/12/03,2019/12/04,0,8,60
Casa los Peces,3234194,Apartamento,Valencia,1,1,€ 154,2019/12/03,2019/12/04,0,"8,3",60
Friendly rentals Enesco Beach,2526514,Apartamento,Valencia,1,1,€ 160,2019/12/03,2019/12/04,0,8,60
Friendly Rentals Evans,1634220,Apartamentos,Valencia,1,1,€ 160,2019/12/03,2019/12/04,0,"8,4",60
Friendly Rentals Telemann,1634241,Apartamento,Valencia,1,1,€ 160,2019/12/03,2019/12/04,0,"8,2",60
RUZAFA. Nice apartment and Terrace.,4368595,Apartamento,Valencia,1,1,€ 90,2019/12/03,2019/12/04,0,"9,3",60
Dama Del Puerto,3230781,Apartamento,Valencia,1,1,€ 90,2019/12/03,2019/12/04,0,9,60
Olvida tu Reloj Montichelvo Apartment,3258095,Apartamento,Valencia,1,1,€ 91,2019/12/03,2019/12/04,0,"9,4",60
Kasa Katia Eco Guest House,636256,NA,Valencia,1,1,NA,2019/12/03,2019/12/04,0,"9,3",60
Olvida tu Reloj Congresos Apartment,2448036,Apartamento,Valencia,1,1,€ 91,2019/12/03,2019/12/04,0,"9,2",60
Mon Suites Catedral,485679,Apartamentos,Valencia,1,1,€ 91,2019/12/03,2019/12/04,0,"9,2",60
Center City Flats,861452,Apartamentos,Valencia,1,1,€ 94,2019/12/03,2019/12/04,0,"9,1",60
Biopark View Apartment,2381901,Apartamento,Valencia,1,1,€ 95,2019/12/03,2019/12/04,0,9,60
Mon Suites San Martin,2777545,Apartamentos,Valencia,1,1,€ 95,2019/12/03,2019/12/04,0,"9,4",60
Friendly Rentals Verdi,1634232,Apartamento,Valencia,1,1,€ 160,2019/12/03,2019/12/04,0,"8,1",60
Loft el Carmen amazing views,4932621,Apartamento,Valencia,1,1,€ 172,2019/12/03,2019/12/04,0,"8,1",60
Flats Friends Tetuan,621683,Apartamentos,Valencia,1,1,NA,2019/12/03,2019/12/04,0,"8,4",60
Alojo Patraix,2710394,Apartamento,Valencia,1,1,€ 175,2019/12/03,2019/12/04,0,"8,3",60
Vlc Apartaments el Carmen,389902,Apartamentos,Valencia,1,1,€ 214,2019/12/03,2019/12/04,0,"8,2",60
Musico Peydro Apartments,3765069,Apartamentos,Valencia,1,1,€ 271,2019/12/03,2019/12/04,0,8,60
Malvarrosa Calle Pavia,3608764,Casa o chalet,Valencia,1,1,€ 271,2019/12/03,2019/12/04,0,8,60
NWT Central Station Apartments,3964093,Apartamento,Valencia,1,1,€ 300,2019/12/03,2019/12/04,0,"8,2",60
MD Vila Barbera Apartment Center,1957253,Apartamento,Valencia,1,1,€ 330,2019/12/03,2019/12/04,0,"8,3",60
Loft zona Pechina en Valencia centro,2524985,Apartamento,Valencia,1,1,€ 98,2019/12/03,2019/12/04,0,"9,2",60
Total Valencia White,2201908,Apartamento,Valencia,1,1,NA,2019/12/03,2019/12/04,0,"9,2",60
Mestalla Paradise,4734619,NA,Valencia,1,1,€ 100,2019/12/03,2019/12/04,0,"9,1",60
Piso como en tu casa 2,3834617,Apartamentos,Valencia,1,1,€ 101,2019/12/03,2019/12/04,0,"9,2",60
Apartamentos La más Bonita,2816245,Apartamentos,Valencia,1,1,€ 104,2019/12/03,2019/12/04,0,"9,1",60
Palacio de Rojas,1073276,Apartamentos,Valencia,1,1,€ 105,2019/12/03,2019/12/04,0,"9,3",60
HQ Rooms Apartments San Vicente,2894429,Apartamentos,Valencia,1,1,€ 105,2019/12/03,2019/12/04,0,"9,2",60
SingularStays Mercado Central,1119829,Apartamentos,Valencia,1,1,NA,2019/12/03,2019/12/04,0,"8,4",60
MD Sueca. Apartment with Terrace Ruzafa,2551179,Apartamento,Valencia,1,1,€ 330,2019/12/03,2019/12/04,0,"8,2",60
UP Hostel Valencia,1710137,NA,Valencia,1,1,€ 24,2019/12/03,2019/12/04,0,"7,7",60
Pensión Universal,304276,NA,Valencia,1,1,€ 26,2019/12/03,2019/12/04,0,"7,9",60
Friendly Rentals Schubert,1634221,Apartamentos,Valencia,1,1,€ 135,2019/12/03,2019/12/04,0,"8,9",60
Habitación San Cayetano,4624401,NA,Valencia,1,1,€ 30,2019/12/03,2019/12/04,0,"7,6",60
Habitaciones Barra89,1076252,NA,Valencia,1,1,€ 31,2019/12/03,2019/12/04,0,"7,8",60
Hostal Moratin,326015,NA,Valencia,1,1,€ 31,2019/12/03,2019/12/04,1,"7,9",60
Living Valencia -Correos,3062274,Apartamentos,Valencia,1,1,NA,2019/12/03,2019/12/04,0,"8,3",60
Apart and Benef,2291245,NA,Valencia,1,1,€ 34,2019/12/03,2019/12/04,0,"7,8",60
Hostal On Dormire Valencia,432305,NA,Valencia,1,1,€ 35,2019/12/03,2019/12/04,0,"7,8",60
Valencia Lounge Hostel,337203,NA,Valencia,1,1,€ 38,2019/12/03,2019/12/04,0,"7,7",60
Voyagers Inn Homestay,2682156,NA,Valencia,1,1,€ 40,2019/12/03,2019/12/04,0,"7,8",60
Valencia City Host,1177077,NA,Valencia,1,1,€ 43,2019/12/03,2019/12/04,0,"7,8",60
Apartamento Casa con Angel,1079935,Apartamentos,Valencia,1,1,€ 137,2019/12/03,2019/12/04,0,"8,8",60
Apartment Oceanografic Arts,2354745,Apartamento,Valencia,1,1,NA,2019/12/03,2019/12/04,0,"8,8",60
Apartamento Gran Vía Marqués del Turia,2358973,Apartamento,Valencia,1,1,€ 139,2019/12/03,2019/12/04,0,"8,5",60
Friendly Rentals Soler,1634237,Apartamento,Valencia,1,1,€ 140,2019/12/03,2019/12/04,0,"8,7",60
FREE WI-FI. Apartamentos 90 м2 - Assutzena 5,4828764,Apartamento,Valencia,1,1,€ 143,2019/12/03,2019/12/04,0,"8,7",60
Cathedral Suites Hotel,1736257,Apartahotel,Valencia,1,1,€ 145,2019/12/03,2019/12/04,4,"8,9",60
Friendly Rentals Strauss,1634236,Apartamento,Valencia,1,1,€ 145,2019/12/03,2019/12/04,0,"8,6",60
ValentiaApartments - MercadoCentral,4185241,Apartamentos,Valencia,1,1,€ 146,2019/12/03,2019/12/04,0,"8,7",60
Santos A,4238287,Apartamento,Valencia,1,1,NA,2019/12/03,2019/12/04,0,"8,9",60
Apartamento LUXURY CENTRO HISTORICO,3664772,Apartamento,Valencia,1,1,€ 149,2019/12/03,2019/12/04,0,"8,6",60
Stylish newly renovated in great location /WIFI,3661070,Apartamento,Valencia,1,1,€ 149,2019/12/03,2019/12/04,0,"8,6",60
Mediterranean Flats Plaza Redonda,4086496,Apartamentos,Valencia,1,1,€ 155,2019/12/03,2019/12/04,0,"9,3",60
Edificio Pentagono,4673669,Apartamento,Valencia,1,1,€ 155,2019/12/03,2019/12/04,0,"9,1",60
Colors Rooms,675839,NA,Valencia,1,1,€ 40,2019/12/03,2019/12/04,0,"9,6",60
United Colors of Apartments Boutique Style,5372347,Apartamentos,Valencia,1,1,€ 64,2019/12/03,2019/12/04,0,"9,5",60
Cómoda habitación Valencia,4200488,NA,Valencia,1,1,NA,2019/12/03,2019/12/04,0,"9,6",60
Ramirez Flats & Bar,4124528,Apartahotel,Valencia,1,1,€ 71,2019/12/03,2019/12/04,0,"9,5",60
Apartamento Sofia,2552406,Apartamento,Valencia,1,1,€ 150,2019/12/03,2019/12/04,0,"8,6",60
Friendly Rentals Gala,1634252,Apartamento,Valencia,1,1,€ 150,2019/12/03,2019/12/04,0,"8,7",60
Apartamento en la Ciudad de las ciencias,2837499,Casa o chalet,Valencia,1,1,NA,2019/12/03,2019/12/04,0,"9,2",60
Friendly Rentals Montaner Beach,2314997,Apartamento,Valencia,1,1,€ 165,2019/12/03,2019/12/04,0,9,60
Friendly Rentals Rey,1634248,Apartamento,Valencia,1,1,€ 170,2019/12/03,2019/12/04,0,9,60
Zerka Sendra,4657122,Apartamento,Valencia,1,1,€ 179,2019/12/03,2019/12/04,0,9,60
Apartamento Playa Wifi Gratis,3495634,Apartamento,Valencia,1,1,€ 190,2019/12/03,2019/12/04,0,"9,3",60
Apartamento luminoso y acogedor,3489126,Apartamento,Valencia,1,1,€ 78,2019/12/03,2019/12/04,0,"9,5",60
Apartments Downtown Valencia,2250421,Apartamentos,Valencia,1,1,€ 80,2019/12/03,2019/12/04,0,"9,6",60
Hostal Antigua Morellana,1273937,NA,Valencia,1,1,€ 80,2019/12/03,2019/12/04,1,"9,5",60
Caro Hotel,348132,NA,Valencia,1,1,€ 199,2019/12/03,2019/12/04,5,"9,2",60
Arena's Apartament,2156905,Apartamento,Valencia,1,1,€ 200,2019/12/03,2019/12/04,0,"9,1",60
Piso en Malvarrosa,2445244,Apartamentos,Valencia,1,1,NA,2019/12/03,2019/12/04,0,9,60
Jardines del Turia - Espacioso apartamento,2734126,Apartamento,Valencia,1,1,€ 200,2019/12/03,2019/12/04,0,"9,1",60
Loft Superior el Carmen,2784473,Apartamento,Valencia,1,1,€ 209,2019/12/03,2019/12/04,0,"9,2",60
LOFT apartamento duplex en Valencia con parking,5519008,Apartamento,Valencia,1,1,€ 80,2019/12/03,2019/12/04,0,"9,8",60
L'Esplai Valencia Bed & Breakfast,1282556,NA,Valencia,1,1,€ 81,2019/12/03,2019/12/04,0,"9,6",60
Hexagonal Design Apartment Valencia,4630643,Apartamento,Valencia,1,1,NA,2019/12/03,2019/12/04,0,"9,5",60
Valencian Dreams Lonja,4757385,Apartamento,Valencia,1,1,€ 92,2019/12/03,2019/12/04,0,"9,8",60
Calle de Frederica Montseny 'Política' Casa o chalet,5152866,Casa o chalet,Valencia,1,1,€ 95,2019/12/03,2019/12/04,0,"9,5",60
City Center Atico 360,3025679,Apartamento,Valencia,1,1,€ 210,2019/12/03,2019/12/04,0,"9,4",60
Ca Carmela,2466364,Casa o chalet,Valencia,1,1,€ 225,2019/12/03,2019/12/04,0,"9,1",60
MD Julio Antonio Apartment Center,3961049,Apartamento,Valencia,1,1,€ 285,2019/12/03,2019/12/04,0,"9,2",60
Old Fisherman's House in Malvarrosa Beach,3618172,Apartamento,Valencia,1,1,€ 360,2019/12/03,2019/12/04,0,"9,4",60
Casa Cosy,375456,Apartamentos,Valencia,1,1,NA,2019/12/03,2019/12/04,0,"9,4",60
Opera House Valencia B&B,3533887,NA,Valencia,1,1,€ 96,2019/12/03,2019/12/04,0,"9,5",60
Casa La Buhardilla,2985364,Apartamento,Valencia,1,1,€ 97,2019/12/03,2019/12/04,0,"9,6",60
Precioso piso junto al antiguo barrio de Campanar,3297078,Apartamento,Valencia,1,1,€ 100,2019/12/03,2019/12/04,0,"9,5",60
MARQUÉS HOUSE 4* SUP,2118880,NA,Valencia,1,1,€ 139,2019/12/03,2019/12/04,4,"9,5",60
BONNIES Suites & Spa Valencia,3631910,Apartamentos,Valencia,1,1,NA,2019/12/03,2019/12/04,0,"9,8",60
Olympia Flats,4212801,NA,Valencia,1,1,€ 70,2019/12/03,2019/12/04,0,"9,7",60
Apartamento centro,3160737,Apartamento,Valencia,1,1,€ 165,2019/12/03,2019/12/04,0,"9,7",60
Disfruta - Enjoy Valencia Oceanografic,4121345,Apartamento,Valencia,1,1,€ 209,2019/12/03,2019/12/04,0,"9,6",60
Disfruta - Enjoy Valencia Ayuntamiento,4901194,Apartamento,Valencia,1,1,€ 209,2019/12/03,2019/12/04,0,"9,6",60
Casa Calle Conquista,4691493,Apartamento,Valencia,1,1,€ 240,2019/12/03,2019/12/04,0,"9,6",60
Luxury Beach Apartment with Pool,3841868,Apartamento,Valencia,1,1,€ 355,2019/12/03,2019/12/04,0,"9,7",60
Apartment Regne De Valencia,1533033,Apartamentos,Valencia,1,1,NA,2019/12/03,2019/12/04,0,"9,5",60
MD PASEO RUZAFA CENTER,5374850,Apartamento,Valencia,1,1,€ 1.030,2019/12/03,2019/12/04,0,"9,6",60
YOU & CO. Saler Beach Boutique,4533007,NA,Valencia,1,1,€ 38,2019/12/03,2019/12/04,3,9,60
Cantagua Hostel,4074640,NA,Valencia,1,1,€ 39,2019/12/03,2019/12/04,0,"9,1",60
OttoH Charm Stay,2459807,NA,Valencia,1,1,€ 49,2019/12/03,2019/12/04,0,"9,3",60
Rooms Ciencias,94126,NA,Valencia,1,1,€ 53,2019/12/03,2019/12/04,0,9,60
Pensión Alicante,298710,NA,Valencia,1,1,€ 31,2019/12/03,2019/12/04,0,"8,5",60
Hulot B&B Valencia,585429,NA,Valencia,1,1,€ 41,2019/12/03,2019/12/04,0,"8,5",60
UNIK. Apartments Valencia,2241282,Apartamentos,Valencia,1,1,€ 42,2019/12/03,2019/12/04,0,"8,5",60
Quart Youth Hostel,476418,NA,Valencia,1,1,€ 42,2019/12/03,2019/12/04,0,"8,6",60
Buho House,3777691,Apartahotel,Valencia,1,1,€ 44,2019/12/03,2019/12/04,0,"8,5",60
Home Youth Hostel by Feetup Hostels,189322,NA,Valencia,1,1,€ 45,2019/12/03,2019/12/04,0,"8,8",60
Apartamento Ruzafa Centro I,2006333,Apartamento,Valencia,1,1,NA,2019/12/03,2019/12/04,0,"9,2",60
Art&Flats Bed&Breakfast,5238345,NA,Valencia,1,1,€ 45,2019/12/03,2019/12/04,0,"8,9",60
Apartamentos Plaza Picasso,97063,Apartamentos,Valencia,1,1,€ 46,2019/12/03,2019/12/04,0,"8,5",60
Zalamera BnB,1331238,NA,Valencia,1,1,€ 47,2019/12/03,2019/12/04,0,"8,7",60
Hotel Malcom and Barret,483261,NA,Valencia,1,1,€ 50,2019/12/03,2019/12/04,3,"8,7",60
Balcón Al Mar,295109,NA,Valencia,1,1,€ 51,2019/12/03,2019/12/04,0,"8,5",60
Friendly Rentals Verdi 2,2523881,Apartamento,Valencia,1,1,€ 150,2019/12/03,2019/12/04,0,"8,8",60
Friendly Rentals Desplat,4120221,Apartamento,Valencia,1,1,€ 160,2019/12/03,2019/12/04,0,"8,5",60
CAMPANAR FLAT,4224360,Apartamento,Valencia,1,1,NA,2019/12/03,2019/12/04,0,"8,5",60
Puerta de Serranos,2734333,Apartamentos,Valencia,1,1,€ 161,2019/12/03,2019/12/04,0,"8,8",60
Ilunion Aqua 4,92777,NA,Valencia,1,1,€ 162,2019/12/03,2019/12/04,4,"8,5",60
Valencia maritimo,3020748,Apartamento,Valencia,1,1,€ 70,2019/12/03,2019/12/04,0,"8,9",60
Boutique Creative Rooms,2334726,NA,Valencia,1,1,€ 72,2019/12/03,2019/12/04,0,"8,7",60
Total Valencia Ruzafa,1971579,Apartamento,Valencia,1,1,NA,2019/12/03,2019/12/04,0,9,60
Friendly Rentals Ferrero,2314984,Apartamento,Valencia,1,1,€ 165,2019/12/03,2019/12/04,0,"8,9",60
Mar & City Apartment,3456759,Apartamento,Valencia,1,1,€ 166,2019/12/03,2019/12/04,0,"8,9",60
Friendly Rentals Vives 2,2523871,Apartamento,Valencia,1,1,€ 175,2019/12/03,2019/12/04,0,"8,6",60
Carlos & Ana,2079019,Apartamento,Valencia,1,1,€ 195,2019/12/03,2019/12/04,0,"8,9",60
En corts Flat,4471441,Apartamento,Valencia,1,1,NA,2019/12/03,2019/12/04,0,"8,5",60
Exclusive Beach Apartment,4641691,Apartamento,Valencia,1,1,€ 205,2019/12/03,2019/12/04,0,"8,9",60
Hotel San Lorenzo Boutique,1307718,NA,Valencia,1,1,€ 72,2019/12/03,2019/12/04,3,"8,6",60
Moon Valencia,3560698,Apartamentos,Valencia,1,1,€ 74,2019/12/03,2019/12/04,0,"8,8",60
Ad Hoc Monumental,90719,NA,Valencia,1,1,€ 74,2019/12/03,2019/12/04,3,"8,6",60
Homestay Carrer Sagun,5006434,NA,Valencia,1,1,€ 75,2019/12/03,2019/12/04,0,"8,9",60
The Westin Valencia,93321,NA,Valencia,1,1,€ 213,2019/12/03,2019/12/04,5,"8,7",60
Casa de Vacaciones Pintor Vilar,2093863,Apartamento,Valencia,1,1,€ 222,2019/12/03,2019/12/04,0,"8,9",60
SingularStays Parque Central,3054000,Apartamentos,Valencia,1,1,€ 239,2019/12/03,2019/12/04,0,"8,8",60
Flatsforyou Mercat,1367507,Apartamentos,Valencia,1,1,€ 280,2019/12/03,2019/12/04,3,"8,9",60
Habitación doble,3599930,NA,Valencia,1,1,€ 75,2019/12/03,2019/12/04,0,"8,9",60
Zenit Valencia,92327,NA,Valencia,1,1,€ 77,2019/12/03,2019/12/04,4,"8,8",60
Apartamentos Valencia - Peset Aleixandre 135- FREE WI-FI,4262488,Apartamentos,Valencia,1,1,NA,2019/12/03,2019/12/04,0,9,60
MODERNO Y ACOGEDOR FRENTE A RUZAFA Y CERCA DEL CENTRO,4490444,Apartamento,Valencia,1,1,€ 77,2019/12/03,2019/12/04,0,"8,7",60
Casual Vintage Valencia,1710241,NA,Valencia,1,1,€ 78,2019/12/03,2019/12/04,2,"8,6",60
Valenciaflats Centro Histórico,94781,Apartamentos,Valencia,1,1,€ 78,2019/12/03,2019/12/04,0,"8,7",60
Citizentral Gascons,332095,Apartamentos,Valencia,1,1,€ 79,2019/12/03,2019/12/04,0,"8,8",60
Hotel Valencia Oceanic Managed by Melia Hotels International,91522,NA,Valencia,1,1,€ 79,2019/12/03,2019/12/04,4,"8,6",60
Catalonia Excelsior,90578,NA,Valencia,1,1,€ 80,2019/12/03,2019/12/04,3,"8,7",60
Apartacona-Playa,2461160,Apartamento,Valencia,1,1,NA,2019/12/03,2019/12/04,0,"9,2",60
Big spacious penthouse next to the sea,3289648,Apartamento,Valencia,1,1,€ 80,2019/12/03,2019/12/04,0,"8,8",60
Barceló Valencia,91988,NA,Valencia,1,1,€ 81,2019/12/03,2019/12/04,4,"8,7",60
Suites by Eric Olsan (Florista),4726450,Apartamentos,Valencia,1,1,€ 82,2019/12/03,2019/12/04,0,"8,5",60
Hotel Mediterraneo Valencia,92412,NA,Valencia,1,1,€ 82,2019/12/03,2019/12/04,3,"8,8",60
One Shot Palacio Reina Victoria 04,90885,NA,Valencia,1,1,€ 84,2019/12/03,2019/12/04,4,"8,6",60
AC Hotel Valencia,91063,NA,Valencia,1,1,€ 84,2019/12/03,2019/12/04,4,"8,5",60
SingularStays Lope de Vega,1760119,Apartamentos,Valencia,1,1,NA,2019/12/03,2019/12/04,0,"8,6",60
Burjassot Mestalla,3058627,Apartamento,Valencia,1,1,€ 85,2019/12/03,2019/12/04,0,"8,6",60
Casa de Maria,2467712,Apartamento,Valencia,1,1,€ 85,2019/12/03,2019/12/04,0,"8,6",60
SH Ingles Boutique Hotel,92956,NA,Valencia,1,1,€ 88,2019/12/03,2019/12/04,4,"8,5",60
Magnífico Adosado- cerca de Valencia ciudad- en zona de montaña y playa fluvial,5354233,Casa o chalet,Valencia,1,1,€ 90,2019/12/03,2019/12/04,0,"8,8",60
Hotel Dimar,90886,NA,Valencia,1,1,€ 90,2019/12/03,2019/12/04,4,"8,7",60
Kirei Apartment En Llop,1765516,Apartamentos,Valencia,1,1,€ 137,2019/12/03,2019/12/04,0,"7,1",60
Best Valencia Beach Flat,3246772,Apartamento,Valencia,1,1,€ 192,2019/12/03,2019/12/04,0,"7,1",60
Living Valencia - Cestas,5453512,Apartamentos,Valencia,1,1,NA,2019/12/03,2019/12/04,0,"7,5",60
HOSTAL BED OF THE SEA,3974636,NA,Valencia,1,1,€ 200,2019/12/03,2019/12/04,0,"7,1",60
MD Puerto Rico Apartment Ruzafa,3737151,Apartamento,Valencia,1,1,€ 289,2019/12/03,2019/12/04,0,"7,4",60
Select Home Catedral,440778,Apartamentos,Valencia,1,1,€ 340,2019/12/03,2019/12/04,0,"7,1",60
Ruzafa Rooms,2891693,NA,Valencia,1,1,€ 32,2019/12/03,2019/12/04,0,"6,9",60
Guest House Lebon,3124256,NA,Valencia,1,1,€ 60,2019/12/03,2019/12/04,0,"6,8",60
Vamos A la Playa,5030500,Apartamento,Valencia,1,1,€ 90,2019/12/03,2019/12/04,0,"6,5",60
La Casa Del Colibri Youth Hostel,2094497,NA,Valencia,1,1,NA,2019/12/03,2019/12/04,0,"7,9",60
Casita Esmeralda,2040126,Casa o chalet,Valencia,1,1,€ 114,2019/12/03,2019/12/04,0,"6,5",60
Fun and Sun Center 2,2944416,NA,Valencia,1,1,€ 32,2019/12/03,2019/12/04,0,"6,1",60
Gon & Diego House,4899561,NA,Valencia,1,1,€ 40,2019/12/03,2019/12/04,0,"5,5",60
Guest House Higinio Noja,2845935,NA,Valencia,1,1,€ 60,2019/12/03,2019/12/04,0,"5,9",60
Carrer del Bisbe Jaume Pérez,4900140,NA,Valencia,1,1,€ 60,2019/12/03,2019/12/04,0,"5,8",60
Oliver,4865093,NA,Valencia,1,1,€ 63,2019/12/03,2019/12/04,0,"5,5",60
Like Apartments Negrito,403555,Apartamentos,Valencia,1,1,NA,2019/12/03,2019/12/04,0,"7,8",60
Kirei Apartment Berlin,4504570,Apartamentos,Valencia,1,1,€ 103,2019/12/03,2019/12/04,0,"5,6",60
Kirei Apartment Denver,4585191,Apartamento,Valencia,1,1,€ 161,2019/12/03,2019/12/04,0,"5,9",60
Kirei Apartment Portland,4276529,Apartamentos,Valencia,1,1,€ 200,2019/12/03,2019/12/04,0,"5,9",60
Guest House Ruzafa,2324552,NA,Valencia,1,1,€ 33,2019/12/03,2019/12/04,0,"5,1",60
Port of Valencia,3805735,Apartamento,Valencia,1,1,€ 75,2019/12/03,2019/12/04,0,"5,1",60
Guest House Duc de Gaeta,2275007,NA,Valencia,1,1,€ 28,2019/12/03,2019/12/04,0,"4,9",60
Living Puerto,189343,Apartamentos,Valencia,1,1,NA,2019/12/03,2019/12/04,0,"7,5",60
Malvarosa,3820590,Apartamento,Valencia,1,1,€ 190,2019/12/03,2019/12/04,0,4,60
Double Room in VALENCIA,5665653,NA,Valencia,1,1,€ 23,2019/12/03,2019/12/04,0,,60
Como en casa !!,5427108,NA,Valencia,1,1,€ 40,2019/12/03,2019/12/04,0,,60
Bright room with trundle bed,5560260,NA,Valencia,1,1,€ 46,2019/12/03,2019/12/04,0,,60
Lindala,5250762,NA,Valencia,1,1,€ 49,2019/12/03,2019/12/04,0,,60
Urban Youth Hostel,1163025,NA,Valencia,1,1,€ 55,2019/12/03,2019/12/04,0,"8,4",60
Senator Parque Central Hotel,274963,NA,Valencia,1,1,€ 55,2019/12/03,2019/12/04,4,"8,1",60
Center Venezuela Apartments,4459021,Apartamentos,Valencia,1,1,NA,2019/12/03,2019/12/04,0,"8,5",60
Pension MonaLisa Luxury Suites,3834224,NA,Valencia,1,1,€ 56,2019/12/03,2019/12/04,0,"8,2",60
Eurostars Rey Don Jaime,91520,NA,Valencia,1,1,€ 58,2019/12/03,2019/12/04,4,"8,2",60
Hotel Medium Valencia,96838,NA,Valencia,1,1,€ 59,2019/12/03,2019/12/04,4,"8,2",60
NH Valencia Las Ciencias,90725,NA,Valencia,1,1,€ 59,2019/12/03,2019/12/04,3,8,60
7 Moons Bed & Breakfast,464187,NA,Valencia,1,1,€ 59,2019/12/03,2019/12/04,0,"8,4",60
El Coso,14580,NA,Valencia,1,1,€ 60,2019/12/03,2019/12/04,3,"8,2",60
Apartments Plaza Ayuntamiento,3506736,Apartamento,Valencia,1,1,NA,2019/12/03,2019/12/04,0,"8,7",60
Dormavalencia Hostel Regne,291755,NA,Valencia,1,1,€ 60,2019/12/03,2019/12/04,1,8,60
Sol Playa,12656,NA,Valencia,1,1,€ 60,2019/12/03,2019/12/04,2,"8,3",60
City of Arts & Spa Apartment,4820684,Apartamento,Valencia,1,1,€ 60,2019/12/03,2019/12/04,0,8,60
Hotel Valencia Center,91285,NA,Valencia,1,1,€ 61,2019/12/03,2019/12/04,4,"8,4",60
NH Ciudad de Valencia,90729,NA,Valencia,1,1,€ 61,2019/12/03,2019/12/04,3,"8,1",60
Hotel Miramar,23332,NA,Valencia,1,1,€ 61,2019/12/03,2019/12/04,2,"8,4",60
Valencia City Designer Bioparc,3085078,Apartamento,Valencia,1,1,NA,2019/12/03,2019/12/04,0,"8,9",60
Valenciaflats Torres de Serrano,17468,Apartamentos,Valencia,1,1,€ 63,2019/12/03,2019/12/04,0,"8,3",60
L'Otelet By Sweet,1467935,NA,Valencia,1,1,€ 64,2019/12/03,2019/12/04,0,"8,3",60
NH Valencia Las Artes,90731,NA,Valencia,1,1,€ 64,2019/12/03,2019/12/04,4,"8,4",60
Reina 12,1684198,NA,Valencia,1,1,€ 64,2019/12/03,2019/12/04,0,"8,2",60
Hotel Alkazar,408511,NA,Valencia,1,1,€ 64,2019/12/03,2019/12/04,1,8,60
Holiday Inn Express Ciudad de las Ciencias,96737,NA,Valencia,1,1,€ 65,2019/12/03,2019/12/04,3,8,60
Ático Oasis de Ruzafa,2639518,Apartamento,Valencia,1,1,NA,2019/12/03,2019/12/04,0,"8,9",60
Silken Puerta Valencia,91182,NA,Valencia,1,1,€ 66,2019/12/03,2019/12/04,4,"8,3",60
Eurostars Gran Valencia,90484,NA,Valencia,1,1,€ 68,2019/12/03,2019/12/04,4,"8,4",60
Casual de las Artes Valencia,538056,NA,Valencia,1,1,€ 68,2019/12/03,2019/12/04,3,"8,4",60
Sweet Hotel Continental,93856,NA,Valencia,1,1,€ 69,2019/12/03,2019/12/04,2,"8,3",60
SHF Flats Baron,1033085,Apartamentos,Valencia,1,1,€ 70,2019/12/03,2019/12/04,0,8,60
