name,propertyId,propertyType,city,rooms,days,price,checkIn,checkOut,stars,score,advance
Hostal Antigua Morellana,1273937,NA,Valencia,1,1,€ 60,2019/12/02,2019/12/03,1,"9,5",60
United Colors of Apartments Boutique Style,5372347,Apartamentos,Valencia,1,1,€ 64,2019/12/02,2019/12/03,0,"9,5",60
VALENCIA APARTAMENTO GOYA,4256653,Apartamento,Valencia,1,1,NA,2019/12/02,2019/12/03,0,10,60
Apartamento luminoso y acogedor,3489126,Apartamento,Valencia,1,1,€ 78,2019/12/02,2019/12/03,0,"9,5",60
Apartments Downtown Valencia,2250421,Apartamentos,Valencia,1,1,€ 80,2019/12/02,2019/12/03,0,"9,6",60
LOFT apartamento duplex en Valencia con parking,5519008,Apartamento,Valencia,1,1,€ 80,2019/12/02,2019/12/03,0,"9,8",60
Ramirez Flats & Bar,4124528,Apartahotel,Valencia,1,1,€ 86,2019/12/02,2019/12/03,0,"9,5",60
Valencian Dreams Lonja,4757385,Apartamento,Valencia,1,1,€ 92,2019/12/02,2019/12/03,0,"9,8",60
Apartamento Playa Wifi Gratis,3495634,Apartamento,Valencia,1,1,€ 190,2019/12/02,2019/12/03,0,"9,3",60
Friendly Rentals Rey,1634248,Apartamento,Valencia,1,1,€ 190,2019/12/02,2019/12/03,0,9,60
Total Valencia White,2201908,Apartamento,Valencia,1,1,NA,2019/12/02,2019/12/03,0,"9,2",60
Opera House Valencia B&B,3533887,NA,Valencia,1,1,€ 96,2019/12/02,2019/12/03,0,"9,5",60
Casa Vich,4457634,Apartamento,Valencia,1,1,NA,2019/12/02,2019/12/03,0,"9,6",60
Casa La Buhardilla,2985364,Apartamento,Valencia,1,1,€ 97,2019/12/02,2019/12/03,0,"9,6",60
Ciudad Ciencias- Lujo- Parking- Wi-Fi.,4999636,Apartamento,Valencia,1,1,€ 100,2019/12/02,2019/12/03,0,"9,8",60
Precioso piso junto al antiguo barrio de Campanar,3297078,Apartamento,Valencia,1,1,€ 100,2019/12/02,2019/12/03,0,"9,5",60
City Center Atico 360,3025679,Apartamento,Valencia,1,1,€ 196,2019/12/02,2019/12/03,0,"9,4",60
Arena's Apartament,2156905,Apartamento,Valencia,1,1,€ 200,2019/12/02,2019/12/03,0,"9,1",60
Jardines del Turia - Espacioso apartamento,2734126,Apartamento,Valencia,1,1,€ 200,2019/12/02,2019/12/03,0,"9,1",60
Loft Superior el Carmen,2784473,Apartamento,Valencia,1,1,€ 209,2019/12/02,2019/12/03,0,"9,2",60
Ca Carmela,2466364,Casa o chalet,Valencia,1,1,€ 225,2019/12/02,2019/12/03,0,"9,1",60
Caro Hotel,348132,NA,Valencia,1,1,€ 265,2019/12/02,2019/12/03,5,"9,2",60
Apartments Abate 4,2848648,Apartamentos,Valencia,1,1,NA,2019/12/02,2019/12/03,0,9,60
MD Julio Antonio Apartment Center,3961049,Apartamento,Valencia,1,1,€ 285,2019/12/02,2019/12/03,0,"9,2",60
Old Fisherman's House in Malvarrosa Beach,3618172,Apartamento,Valencia,1,1,€ 360,2019/12/02,2019/12/03,0,"9,4",60
The River Hostel,494202,NA,Valencia,1,1,€ 18,2019/12/02,2019/12/03,0,"8,5",60
Pensión Alicante,298710,NA,Valencia,1,1,€ 31,2019/12/02,2019/12/03,0,"8,5",60
Hulot B&B Valencia,585429,NA,Valencia,1,1,€ 41,2019/12/02,2019/12/03,0,"8,5",60
UNIK. Apartments Valencia,2241282,Apartamentos,Valencia,1,1,€ 42,2019/12/02,2019/12/03,0,"8,5",60
Olympia Flats,4212801,NA,Valencia,1,1,€ 60,2019/12/02,2019/12/03,0,"9,7",60
MARQUÉS HOUSE 4* SUP,2118880,NA,Valencia,1,1,€ 129,2019/12/02,2019/12/03,4,"9,4",60
L'Esplai Valencia Bed & Breakfast,1282556,NA,Valencia,1,1,€ 129,2019/12/02,2019/12/03,0,"9,5",60
Valencia City Center New Apartments,1042326,Apartamentos,Valencia,1,1,NA,2019/12/02,2019/12/03,0,9,60
Quart Youth Hostel,476418,NA,Valencia,1,1,€ 42,2019/12/02,2019/12/03,0,"8,6",60
Buho House,3777691,Apartahotel,Valencia,1,1,€ 44,2019/12/02,2019/12/03,0,"8,5",60
Home Youth Hostel by Feetup Hostels,189322,NA,Valencia,1,1,€ 45,2019/12/02,2019/12/03,0,"8,8",60
Art&Flats Bed&Breakfast,5238345,NA,Valencia,1,1,€ 45,2019/12/02,2019/12/03,0,"8,9",60
Apartamentos Plaza Picasso,97063,Apartamentos,Valencia,1,1,€ 46,2019/12/02,2019/12/03,0,"8,5",60
Zalamera BnB,1331238,NA,Valencia,1,1,€ 47,2019/12/02,2019/12/03,0,"8,7",60
Austria 4,1605997,Apartamentos,Valencia,1,1,NA,2019/12/02,2019/12/03,0,9,60
Hotel Malcom and Barret,483261,NA,Valencia,1,1,€ 50,2019/12/02,2019/12/03,3,"8,7",60
Ad Hoc Carmen,1173270,NA,Valencia,1,1,€ 51,2019/12/02,2019/12/03,2,"8,9",60
Pio XII Apartments Valencia,402080,Apartamentos,Valencia,1,1,€ 51,2019/12/02,2019/12/03,0,"8,5",60
B&B Hi Valencia Boutique,1301725,NA,Valencia,1,1,€ 51,2019/12/02,2019/12/03,0,"8,7",60
València Centre Torres de Quart,886289,Apartamentos,Valencia,1,1,€ 53,2019/12/02,2019/12/03,0,"8,9",60
Cómoda habitación Valencia,4200488,NA,Valencia,1,1,NA,2019/12/02,2019/12/03,0,"9,6",60
Disfruta - Enjoy Valencia Ayuntamiento,4901194,Apartamento,Valencia,1,1,€ 149,2019/12/02,2019/12/03,0,"9,6",60
Apartamento centro,3160737,Apartamento,Valencia,1,1,€ 165,2019/12/02,2019/12/03,0,"9,7",60
Disfruta - Enjoy Valencia Oceanografic,4121345,Apartamento,Valencia,1,1,€ 209,2019/12/02,2019/12/03,0,"9,6",60
Casa Calle Conquista,4691493,Apartamento,Valencia,1,1,€ 240,2019/12/02,2019/12/03,0,"9,6",60
VALENCIA APARTAMENTO GOYA GRAN TERRAZA,4660558,Apartamentos,Valencia,1,1,€ 255,2019/12/02,2019/12/03,0,"9,6",60
Luxury Beach Apartment with Pool,3841868,Apartamento,Valencia,1,1,€ 355,2019/12/02,2019/12/03,0,"9,7",60
BONNIES Suites & Spa Valencia,3631910,Apartamentos,Valencia,1,1,NA,2019/12/02,2019/12/03,0,"9,8",60
MD PASEO RUZAFA CENTER,5374850,Apartamento,Valencia,1,1,€ 1.030,2019/12/02,2019/12/03,0,"9,6",60
YOU & CO. Saler Beach Boutique,4533007,NA,Valencia,1,1,€ 38,2019/12/02,2019/12/03,3,9,60
Cantagua Hostel,4074640,NA,Valencia,1,1,€ 44,2019/12/02,2019/12/03,0,"9,1",60
Rooms Ciencias,94126,NA,Valencia,1,1,€ 53,2019/12/02,2019/12/03,0,9,60
Jardín Botánico Hotel Boutique,93369,NA,Valencia,1,1,€ 55,2019/12/02,2019/12/03,3,"8,9",60
Apartamento LUXURY CENTRO HISTORICO,3664772,Apartamento,Valencia,1,1,€ 149,2019/12/02,2019/12/03,0,"8,6",60
Stylish newly renovated in great location /WIFI,3661070,Apartamento,Valencia,1,1,€ 149,2019/12/02,2019/12/03,0,"8,6",60
better Oh!,4843954,Apartamentos,Valencia,1,1,NA,2019/12/02,2019/12/03,0,"9,2",60
Apartamento Sofia,2552406,Apartamento,Valencia,1,1,€ 150,2019/12/02,2019/12/03,0,"8,6",60
Friendly Rentals Soler,1634237,Apartamento,Valencia,1,1,€ 155,2019/12/02,2019/12/03,0,"8,7",60
Friendly Rentals Strauss,1634236,Apartamento,Valencia,1,1,€ 155,2019/12/02,2019/12/03,0,"8,6",60
Friendly Rentals Verdi 2,2523881,Apartamento,Valencia,1,1,€ 155,2019/12/02,2019/12/03,0,"8,8",60
Puerta de Serranos,2734333,Apartamentos,Valencia,1,1,€ 161,2019/12/02,2019/12/03,0,"8,8",60
Friendly Rentals Ferrero,2314984,Apartamento,Valencia,1,1,€ 165,2019/12/02,2019/12/03,0,"8,9",60
The Flow House,4762375,Apartamentos,Valencia,1,1,NA,2019/12/02,2019/12/03,0,"9,3",60
Mar & City Apartment,3456759,Apartamento,Valencia,1,1,€ 182,2019/12/02,2019/12/03,0,"8,9",60
Friendly Rentals Gala,1634252,Apartamento,Valencia,1,1,€ 190,2019/12/02,2019/12/03,0,"8,7",60
Friendly Rentals Vives 2,2523871,Apartamento,Valencia,1,1,€ 195,2019/12/02,2019/12/03,0,"8,6",60
Carlos & Ana,2079019,Apartamento,Valencia,1,1,€ 195,2019/12/02,2019/12/03,0,"8,9",60
The Westin Valencia,93321,NA,Valencia,1,1,€ 198,2019/12/02,2019/12/03,5,"8,7",60
feliz como en casa,3676196,NA,Valencia,1,1,€ 36,2019/12/02,2019/12/03,0,"7,2",60
Friendly Rentals Desplat,4120221,Apartamento,Valencia,1,1,€ 200,2019/12/02,2019/12/03,0,"8,5",60
Hogar Vera Apartments&Bikes,1807919,Apartamentos,Valencia,1,1,NA,2019/12/02,2019/12/03,0,"9,3",60
Ilunion Aqua 4,92777,NA,Valencia,1,1,€ 204,2019/12/02,2019/12/03,4,"8,5",60
Exclusive Beach Apartment,4641691,Apartamento,Valencia,1,1,€ 205,2019/12/02,2019/12/03,0,"8,9",60
Casa de Vacaciones Pintor Vilar,2093863,Apartamento,Valencia,1,1,€ 222,2019/12/02,2019/12/03,0,"8,9",60
Hostal Residencial RR,450746,NA,Valencia,1,1,€ 38,2019/12/02,2019/12/03,0,7,60
Flatsforyou Port,733673,Apartamentos,Valencia,1,1,NA,2019/12/02,2019/12/03,0,"8,5",60
Zen House,3671621,NA,Valencia,1,1,€ 39,2019/12/02,2019/12/03,0,"7,1",60
HOSPEDAJE PESET,4718074,NA,Valencia,1,1,€ 40,2019/12/02,2019/12/03,0,"7,3",60
La Flamenca,818359,NA,Valencia,1,1,€ 40,2019/12/02,2019/12/03,0,"7,2",60
Murillo Apartment,408163,Apartamento,Valencia,1,1,€ 44,2019/12/02,2019/12/03,0,"7,1",60
Habitación con cama doble,4794909,NA,Valencia,1,1,€ 45,2019/12/02,2019/12/03,0,7,60
Cosy Rooms Embajador,369728,NA,Valencia,1,1,€ 47,2019/12/02,2019/12/03,2,"7,4",60
Bright room with trundle bed,5560260,NA,Valencia,1,1,€ 46,2019/12/02,2019/12/03,0,,60
Habitacion doble en piso compartido,5645604,NA,Valencia,1,1,€ 46,2019/12/02,2019/12/03,0,,60
PRECIOSO JUNTO CIUDAD DE LAS CIENCIAS- PUERTO Y PLAYAS,4497037,Apartamento,Valencia,1,1,NA,2019/12/02,2019/12/03,0,"8,8",60
Habitaciones con encanto,5629632,NA,Valencia,1,1,€ 50,2019/12/02,2019/12/03,0,,60
Brugada home,5259150,NA,Valencia,1,1,€ 55,2019/12/02,2019/12/03,0,,60
Rooms El Picolino,5326859,NA,Valencia,1,1,€ 60,2019/12/02,2019/12/03,0,,60
Hogar Dulce Hogar,5426607,NA,Valencia,1,1,€ 60,2019/12/02,2019/12/03,0,,60
SingularStays Parque Central,3054000,Apartamentos,Valencia,1,1,€ 239,2019/12/02,2019/12/03,0,"8,8",60
Flatsforyou Mercat,1367507,Apartamentos,Valencia,1,1,€ 280,2019/12/02,2019/12/03,3,"8,9",60
Center Valencia Youth Hostel,246931,NA,Valencia,1,1,€ 20,2019/12/02,2019/12/03,0,8,60
Apartamento Ruzafa Centro I,2006333,Apartamento,Valencia,1,1,NA,2019/12/02,2019/12/03,0,"9,2",60
Habitación en valencia centro,5418023,NA,Valencia,1,1,€ 30,2019/12/02,2019/12/03,0,"8,4",60
Casual Vintage Valencia,1710241,NA,Valencia,1,1,€ 78,2019/12/02,2019/12/03,2,"8,6",60
Valenciaflats Centro Histórico,94781,Apartamentos,Valencia,1,1,€ 78,2019/12/02,2019/12/03,0,"8,7",60
La Casa Chica del Carmen,2757078,Apartamento,Valencia,1,1,NA,2019/12/02,2019/12/03,0,"9,2",60
Citizentral Gascons,332095,Apartamentos,Valencia,1,1,€ 79,2019/12/02,2019/12/03,0,"8,8",60
Apartamentos Turia,355328,Apartamentos,Valencia,1,1,NA,2019/12/02,2019/12/03,0,"8,6",60
Cosy Rooms Bolsería,371606,NA,Valencia,1,1,€ 47,2019/12/02,2019/12/03,2,"7,4",60
Sampedor Apartment,435662,Apartamentos,Valencia,1,1,€ 49,2019/12/02,2019/12/03,0,7,60
B&B Una Habitación Propia,1450279,NA,Valencia,1,1,€ 35,2019/12/02,2019/12/03,0,"8,2",60
B&B Hi Valencia Canovas,305349,NA,Valencia,1,1,€ 38,2019/12/02,2019/12/03,0,"8,4",60
Habitación en piso compartido,5433175,NA,Valencia,1,1,€ 40,2019/12/02,2019/12/03,0,"8,3",60
Hostal Moratin,326015,NA,Valencia,1,1,€ 28,2019/12/02,2019/12/03,1,"7,9",60
Habitación San Cayetano,4624401,NA,Valencia,1,1,€ 30,2019/12/02,2019/12/03,0,"7,6",60
SingularStays Lope de Vega,1760119,Apartamentos,Valencia,1,1,NA,2019/12/02,2019/12/03,0,"8,6",60
Habitaciones Barra89,1076252,NA,Valencia,1,1,€ 31,2019/12/02,2019/12/03,0,"7,8",60
Catalonia Excelsior,90578,NA,Valencia,1,1,€ 80,2019/12/02,2019/12/03,3,"8,7",60
Homestay Carrer Sagun,5006434,NA,Valencia,1,1,€ 80,2019/12/02,2019/12/03,0,"8,8",60
Big spacious penthouse next to the sea,3289648,Apartamento,Valencia,1,1,€ 80,2019/12/02,2019/12/03,0,"8,8",60
MODERNO Y ACOGEDOR FRENTE A RUZAFA Y CERCA DEL CENTRO,4490444,Apartamento,Valencia,1,1,€ 80,2019/12/02,2019/12/03,0,"8,7",60
Suites by Eric Olsan (Florista),4726450,Apartamentos,Valencia,1,1,€ 82,2019/12/02,2019/12/03,0,"8,6",60
Hostal On Dormire Valencia,432305,NA,Valencia,1,1,€ 35,2019/12/02,2019/12/03,0,"7,8",60
Valencia City Host,1177077,NA,Valencia,1,1,€ 36,2019/12/02,2019/12/03,0,"7,8",60
Valencia Lounge Hostel,337203,NA,Valencia,1,1,€ 38,2019/12/02,2019/12/03,0,"7,7",60
vosotros sereis parte de mi familia.,5299568,NA,Valencia,1,1,€ 60,2019/12/02,2019/12/03,0,,60
Apartamentos Navío,5647176,Apartamento,Valencia,1,1,€ 60,2019/12/02,2019/12/03,0,,60
Living Valencia - Parterre,3830646,Apartamento,Valencia,1,1,NA,2019/12/02,2019/12/03,0,"8,5",60
Valencia- habitacion,5366858,NA,Valencia,1,1,€ 65,2019/12/02,2019/12/03,0,,60
B&B El Mercat,2203530,NA,Valencia,1,1,€ 50,2019/12/02,2019/12/03,0,"7,3",60
Centro Valencia Calle Cerrajeros,3476261,NA,Valencia,1,1,€ 50,2019/12/02,2019/12/03,0,"7,1",60
PISO ACOGEDOR,4995780,NA,Valencia,1,1,€ 50,2019/12/02,2019/12/03,0,"7,1",60
Malvarrosa Beach Rooms,314048,NA,Valencia,1,1,€ 55,2019/12/02,2019/12/03,2,7,60
Habitacion en Valencia Barata,4861796,NA,Valencia,1,1,€ 40,2019/12/02,2019/12/03,0,"8,1",60
OCEANOGRAFIC DELUXE- PARKING- WI-FI,4095746,Apartamento,Valencia,1,1,NA,2019/12/02,2019/12/03,0,"9,2",60
Ad Hoc Monumental,90719,NA,Valencia,1,1,€ 82,2019/12/02,2019/12/03,3,"8,6",60
Hotel Valencia Oceanic Managed by Melia Hotels International,91522,NA,Valencia,1,1,€ 84,2019/12/02,2019/12/03,4,"8,6",60
One Shot Colón 46,1394168,NA,Valencia,1,1,€ 84,2019/12/02,2019/12/03,3,"8,7",60
Burjassot Mestalla,3058627,Apartamento,Valencia,1,1,€ 85,2019/12/02,2019/12/03,0,"8,6",60
Casa de Maria,2467712,Apartamento,Valencia,1,1,€ 85,2019/12/02,2019/12/03,0,"8,6",60
Barceló Valencia,91988,NA,Valencia,1,1,€ 86,2019/12/02,2019/12/03,4,"8,7",60
Casas Benlliure,3274635,Apartamentos,Valencia,1,1,NA,2019/12/02,2019/12/03,0,"9,1",60
Living Valencia Peydro,1803435,Apartamento,Valencia,1,1,NA,2019/12/02,2019/12/03,0,"8,6",60
Central Station Valencia Hostel,1647017,NA,Valencia,1,1,€ 55,2019/12/02,2019/12/03,0,"7,1",60
Plaza Redonda house.,4399973,NA,Valencia,1,1,€ 59,2019/12/02,2019/12/03,0,"7,4",60
Geography and Arts.,3569110,NA,Valencia,1,1,€ 60,2019/12/02,2019/12/03,0,"7,1",60
Hotel Beleret,94652,NA,Valencia,1,1,€ 41,2019/12/02,2019/12/03,3,"7,6",60
Casual de la Música Valencia,273130,NA,Valencia,1,1,€ 42,2019/12/02,2019/12/03,2,"7,5",60
Mr Flats Valencia 2,2580094,Apartamentos,Valencia,1,1,NA,2019/12/02,2019/12/03,0,"8,9",60
Hideout 26,5658117,Apartamentos,Valencia,1,1,€ 66,2019/12/02,2019/12/03,0,,60
Cabanyal Apartments Beach,5402234,Apartamento,Valencia,1,1,€ 67,2019/12/02,2019/12/03,0,,60
Bonito Apartamento- confortable y bien comunicado,5572090,Apartamento,Valencia,1,1,€ 68,2019/12/02,2019/12/03,0,,60
Loft Turia Gran,5133726,Apartamento,Valencia,1,1,€ 80,2019/12/02,2019/12/03,0,,60
Hotel Cosmo,4838858,NA,Valencia,1,1,€ 84,2019/12/02,2019/12/03,3,,60
BonApart Apartment Valencia,1490885,Apartamento,Valencia,1,1,NA,2019/12/02,2019/12/03,0,"8,5",60
SH Ingles Boutique Hotel,92956,NA,Valencia,1,1,€ 88,2019/12/02,2019/12/03,4,"8,5",60
Magnífico Adosado- cerca de Valencia ciudad- en zona de montaña y playa fluvial,5354233,Casa o chalet,Valencia,1,1,€ 90,2019/12/02,2019/12/03,0,"8,8",60
Hotel Dimar,90886,NA,Valencia,1,1,€ 90,2019/12/02,2019/12/03,4,"8,7",60
Flight Mode Ruzafa,5473258,Apartamento,Valencia,1,1,€ 100,2019/12/02,2019/12/03,0,,60
Kirei Apartment Dublin,4639542,Apartamento,Valencia,1,1,€ 103,2019/12/02,2019/12/03,0,,60
Comfort Homestay,5423155,NA,Valencia,1,1,€ 105,2019/12/02,2019/12/03,0,,60
Casa Adosada Quintero,5481770,Casa o chalet,Valencia,1,1,€ 112,2019/12/02,2019/12/03,0,,60
Apartamentos Artesa 22 Valencia,5546723,Apartamento,Valencia,1,1,€ 124,2019/12/02,2019/12/03,0,,60
Cerca de la Playa- el Puerto y del Oceanográfico,5211380,Apartamento,Valencia,1,1,€ 151,2019/12/02,2019/12/03,0,,60
NWT Monserrat,3728842,Apartamentos,Valencia,1,1,€ 64,2019/12/02,2019/12/03,0,7,60
Accommodation Beach Apartments,1001766,Apartamentos,Valencia,1,1,€ 64,2019/12/02,2019/12/03,0,"7,2",60
Almiserat,3054886,Apartamento,Valencia,1,1,€ 70,2019/12/02,2019/12/03,0,7,60
Valencia Home,1638498,Apartamentos,Valencia,1,1,NA,2019/12/02,2019/12/03,0,"8,9",60
Mi casa es vuestra casa,4967097,NA,Valencia,1,1,€ 70,2019/12/02,2019/12/03,0,"7,1",60
Patacona Green Flats,292996,Apartamentos,Valencia,1,1,€ 43,2019/12/02,2019/12/03,0,"7,6",60
Voyagers Inn Homestay,2682156,NA,Valencia,1,1,€ 45,2019/12/02,2019/12/03,0,"7,8",60
OYO Pensión El Rincón,476031,NA,Valencia,1,1,€ 45,2019/12/02,2019/12/03,1,"7,6",60
En corts Flat,4471441,Apartamento,Valencia,1,1,NA,2019/12/02,2019/12/03,0,"8,5",60
Todo el centro histórico a tu alcance.,5610526,Apartamento,Valencia,1,1,€ 152,2019/12/02,2019/12/03,0,,60
The White Apartment: Luxury- Beach and Design,5631365,Apartamento,Valencia,1,1,€ 167,2019/12/02,2019/12/03,0,,60
Apartment Carrer Ernesto Che Guevara,5598848,Apartamentos,Valencia,1,1,€ 211,2019/12/02,2019/12/03,0,,60
"Flat ""Ca Alexandre""",3687859,Apartamento,Valencia,1,1,€ 240,2019/12/02,2019/12/03,0,,60
Turia Guesthouse - B&B,2884427,Apartamento,Valencia,1,1,€ 265,2019/12/02,2019/12/03,0,,60
Perla Apartments,3146781,Apartamentos,Valencia,1,1,€ 90,2019/12/02,2019/12/03,0,"8,7",60
SKY TOURISTIC ATTIC,281640,Apartamentos,Valencia,1,1,€ 90,2019/12/02,2019/12/03,0,"8,5",60
Hotel Mediterraneo Valencia,92412,NA,Valencia,1,1,€ 90,2019/12/02,2019/12/03,3,"8,8",60
CheValenciaFlats,2064099,Apartamentos,Valencia,1,1,NA,2019/12/02,2019/12/03,0,9,60
Les flors,3985046,Apartamento,Valencia,1,1,€ 92,2019/12/02,2019/12/03,0,"8,7",60
Melia Valencia,290493,NA,Valencia,1,1,€ 93,2019/12/02,2019/12/03,4,"8,8",60
Expo Hotel Valencia,91223,NA,Valencia,1,1,€ 45,2019/12/02,2019/12/03,3,"7,6",60
Patacona Resort Apartments,189782,Apartamentos,Valencia,1,1,€ 46,2019/12/02,2019/12/03,0,"7,8",60
Cosy Rooms Tapinería,371192,NA,Valencia,1,1,€ 49,2019/12/02,2019/12/03,2,"7,5",60
SingularStays San Vicente,1423172,Apartamentos,Valencia,1,1,NA,2019/12/02,2019/12/03,0,"8,9",60
One Shot Palacio Reina Victoria 04,90885,NA,Valencia,1,1,€ 93,2019/12/02,2019/12/03,4,"8,6",60
APARTAMENTO LAS MELLIZAS,4651578,NA,Valencia,1,1,€ 47,2019/12/02,2019/12/03,0,"8,5",60
Valencian Apartment,2298621,Apartamento,Valencia,1,1,€ 94,2019/12/02,2019/12/03,0,"8,9",60
Casual Civilizaciones Valencia,449777,NA,Valencia,1,1,€ 50,2019/12/02,2019/12/03,0,"7,9",60
Apartamentos Abastos,1044426,Apartamentos,Valencia,1,1,€ 50,2019/12/02,2019/12/03,0,"7,5",60
Hostal Bisbal,235665,NA,Valencia,1,1,€ 50,2019/12/02,2019/12/03,1,"7,5",60
Habitacion PLaza Ayuntamiento,4365340,NA,Valencia,1,1,€ 50,2019/12/02,2019/12/03,0,"7,5",60
Jero Rooms,296743,NA,Valencia,1,1,€ 52,2019/12/02,2019/12/03,0,"7,7",60
B&B Hotel Valencia Ciudad de las Ciencias,92242,NA,Valencia,1,1,€ 53,2019/12/02,2019/12/03,3,"7,5",60
Heart Valencia Apartment,2737003,Apartamento,Valencia,1,1,NA,2019/12/02,2019/12/03,0,"8,6",60
Apartment Horticultor Bosch,1148669,Apartamento,Valencia,1,1,€ 70,2019/12/02,2019/12/03,0,"7,3",60
Valencia Apartmans El Carmen,847910,Apartamentos,Valencia,1,1,€ 87,2019/12/02,2019/12/03,0,"7,3",60
Lujoso Apartamento En El Carmen,2814452,Apartamento,Valencia,1,1,€ 88,2019/12/02,2019/12/03,0,"7,4",60
Guest House Samuel Ros,4161855,NA,Valencia,1,1,€ 90,2019/12/02,2019/12/03,0,"7,3",60
Como en casa,4802186,NA,Valencia,1,1,€ 54,2019/12/02,2019/12/03,0,"7,9",60
Hotel Turia,14441,NA,Valencia,1,1,€ 55,2019/12/02,2019/12/03,4,"7,5",60
Habitacion por dias Centro Valencia,3977106,NA,Valencia,1,1,€ 55,2019/12/02,2019/12/03,0,"7,8",60
Pension MonaLisa Luxury Suites,3834224,NA,Valencia,1,1,€ 56,2019/12/02,2019/12/03,0,"8,2",60
Hotel Medium Valencia,96838,NA,Valencia,1,1,€ 59,2019/12/02,2019/12/03,4,"8,2",60
Apartamento de Carlos,4105085,Apartamento,Valencia,1,1,NA,2019/12/02,2019/12/03,0,"9,3",60
L'Otelet By Sweet,1467935,NA,Valencia,1,1,€ 60,2019/12/02,2019/12/03,0,"8,3",60
El Globo,24498,NA,Valencia,1,1,€ 60,2019/12/02,2019/12/03,1,"7,8",60
Habitación cerca del centro,2789581,NA,Valencia,1,1,€ 63,2019/12/02,2019/12/03,0,"7,5",60
City of Arts & Spa Apartment,4820684,Apartamento,Valencia,1,1,€ 60,2019/12/02,2019/12/03,0,8,60
Hotel Miramar,23332,NA,Valencia,1,1,€ 61,2019/12/02,2019/12/03,2,"8,4",60
Valenciaflats Torres de Serrano,17468,Apartamentos,Valencia,1,1,€ 63,2019/12/02,2019/12/03,0,"8,3",60
NH Ciudad de Valencia,90729,NA,Valencia,1,1,€ 64,2019/12/02,2019/12/03,3,"8,1",60
NH Valencia Las Artes,90731,NA,Valencia,1,1,€ 64,2019/12/02,2019/12/03,4,"8,4",60
SingularStays Ms Rogers,3846056,Apartamento,Valencia,1,1,NA,2019/12/02,2019/12/03,0,9,60
Atico de Lujo,2142556,Apartamento,Valencia,1,1,€ 85,2019/12/02,2019/12/03,0,"9,2",60
Hotel Alkazar,408511,NA,Valencia,1,1,€ 64,2019/12/02,2019/12/03,1,8,60
Casual de las Artes Valencia,538056,NA,Valencia,1,1,€ 68,2019/12/02,2019/12/03,3,"8,4",60
Eurostars Rey Don Jaime,91520,NA,Valencia,1,1,€ 71,2019/12/02,2019/12/03,4,"8,2",60
Hotel Boutique Balandret,1281710,NA,Valencia,1,1,€ 86,2019/12/02,2019/12/03,3,"9,2",60
APARTMENTS VALENCIA CENTER,5180014,Apartamentos,Valencia,1,1,NA,2019/12/02,2019/12/03,0,"9,4",60
Citizentral Juristas,1113127,Apartamentos,Valencia,1,1,€ 86,2019/12/02,2019/12/03,0,"9,2",60
MYR Hotel Plaza Mercado & Spa,1619029,Apartahotel,Valencia,1,1,€ 87,2019/12/02,2019/12/03,0,"9,2",60
Mon Suites San Nicolas,4117225,Apartamentos,Valencia,1,1,€ 87,2019/12/02,2019/12/03,0,"9,2",60
City Suites Apartments,3091106,NA,Valencia,1,1,€ 74,2019/12/02,2019/12/03,0,"8,4",60
Primus Valencia,331871,NA,Valencia,1,1,€ 75,2019/12/02,2019/12/03,4,"8,3",60
Atico Ciutat Vella,3446230,Apartamentos,Valencia,1,1,€ 75,2019/12/02,2019/12/03,0,"8,3",60
Apartamento Playa Malvarrosa- Valencia,4214834,Apartamento,Valencia,1,1,NA,2019/12/02,2019/12/03,0,"9,3",60
Ático cerca del mar,4040503,Apartamento,Valencia,1,1,€ 75,2019/12/02,2019/12/03,0,"8,4",60
Sorolla Centro,90896,NA,Valencia,1,1,€ 88,2019/12/02,2019/12/03,3,"9,1",60
Apartamento cerca de la Playa y el Centro,2620264,Apartamento,Valencia,1,1,€ 88,2019/12/02,2019/12/03,0,9,60
OttoH Charm Stay,2459807,NA,Valencia,1,1,€ 89,2019/12/02,2019/12/03,0,"9,3",60
Apartments Torres de Serranos Valencia,1099602,Apartamentos,Valencia,1,1,NA,2019/12/02,2019/12/03,0,"9,6",60
Apartment Vicent,1674495,Apartamento,Valencia,1,1,€ 75,2019/12/02,2019/12/03,0,"8,3",60
NH Valencia Center,90727,NA,Valencia,1,1,€ 78,2019/12/02,2019/12/03,4,"8,3",60
Hotel Valencia Center,91285,NA,Valencia,1,1,€ 79,2019/12/02,2019/12/03,4,"8,4",60
Turia Burjassot 12,3237353,Apartamento,Valencia,1,1,€ 90,2019/12/02,2019/12/03,0,9,60
RUZAFA. Nice apartment and Terrace.,4368595,Apartamento,Valencia,1,1,€ 90,2019/12/02,2019/12/03,0,"9,3",60
Dama Del Puerto,3230781,Apartamento,Valencia,1,1,€ 90,2019/12/02,2019/12/03,0,9,60
Olvida tu Reloj Montichelvo Apartment,3258095,Apartamento,Valencia,1,1,€ 91,2019/12/02,2019/12/03,0,"9,4",60
Nanit Valencia Hostel,3913497,NA,Valencia,1,1,€ 80,2019/12/02,2019/12/03,0,"8,3",60
Sweet Hotel Continental,93856,NA,Valencia,1,1,€ 84,2019/12/02,2019/12/03,2,"8,3",60
Cabanyal Marina Apartament,3615874,Apartamento,Valencia,1,1,NA,2019/12/02,2019/12/03,0,"9,2",60
Preciosos Apartamentos en el Carmen,2918345,Apartamentos,Valencia,1,1,€ 88,2019/12/02,2019/12/03,0,"8,1",60
Center City Flats,861452,Apartamentos,Valencia,1,1,€ 94,2019/12/02,2019/12/03,0,"9,1",60
Mon Suites San Martin,2777545,Apartamentos,Valencia,1,1,€ 95,2019/12/02,2019/12/03,0,"9,4",60
Apartamento Alameda,1698817,Apartamento,Valencia,1,1,NA,2019/12/02,2019/12/03,0,"9,4",60
Calle de Frederica Montseny 'Política' Casa o chalet,5152866,Casa o chalet,Valencia,1,1,€ 95,2019/12/02,2019/12/03,0,"9,4",60
Hotel Conqueridor,91047,NA,Valencia,1,1,€ 90,2019/12/02,2019/12/03,4,"8,4",60
Apartamento Ciudad de las Artes y las Ciencias,4353552,Apartamento,Valencia,1,1,€ 90,2019/12/02,2019/12/03,0,"8,3",60
Reina 12,1684198,NA,Valencia,1,1,€ 90,2019/12/02,2019/12/03,0,"8,2",60
Apartamento Plaza Sainetero,2743838,Apartamento,Valencia,1,1,€ 93,2019/12/02,2019/12/03,0,"8,2",60
Loft zona Pechina en Valencia centro,2524985,Apartamento,Valencia,1,1,€ 98,2019/12/02,2019/12/03,0,"9,1",60
Mestalla Paradise,4734619,NA,Valencia,1,1,€ 100,2019/12/02,2019/12/03,0,"9,1",60
Biopark View Apartment,2381901,Apartamento,Valencia,1,1,€ 100,2019/12/02,2019/12/03,0,9,60
Piso como en tu casa 2,3834617,Apartamentos,Valencia,1,1,€ 101,2019/12/02,2019/12/03,0,"9,1",60
Apartamentos La más Bonita,2816245,Apartamentos,Valencia,1,1,€ 104,2019/12/02,2019/12/03,0,9,60
Colors Rooms,675839,NA,Valencia,1,1,NA,2019/12/02,2019/12/03,0,"9,5",60
HQ Rooms Apartments San Vicente,2894429,Apartamentos,Valencia,1,1,€ 105,2019/12/02,2019/12/03,0,"9,2",60
Forn desamparats,2380447,Apartamento,Valencia,1,1,€ 105,2019/12/02,2019/12/03,0,"9,4",60
5 SENSES,3786890,Apartamento,Valencia,1,1,€ 107,2019/12/02,2019/12/03,0,"9,1",60
Center Valencia,2944722,Casa o chalet,Valencia,1,1,€ 108,2019/12/02,2019/12/03,0,"9,3",60
Mon Suites Catedral,485679,Apartamentos,Valencia,1,1,€ 108,2019/12/02,2019/12/03,0,"9,2",60
