name,propertyId,propertyType,city,rooms,days,price,checkIn,checkOut,stars,score,advance
Apartamento Islas Canarias,2304086,Apartamento,Valencia,1,1,€ 48,2019/10/08,2019/10/09,0,"3,8",7
Double Room in VALENCIA,5665653,NA,Valencia,1,1,€ 23,2019/10/08,2019/10/09,0,,7
Piso en Malvarrosa,2574698,Apartamento,Valencia,1,1,NA,2019/10/08,2019/10/09,0,"9,1",7
Habitación muy cerca de la playa.,5395908,NA,Valencia,1,1,€ 40,2019/10/08,2019/10/09,0,,7
Como en casa !!,5427108,NA,Valencia,1,1,€ 40,2019/10/08,2019/10/09,0,,7
Pio XII Apartments Valencia,402080,Apartamentos,Valencia,1,1,€ 90,2019/10/08,2019/10/09,0,"8,5",7
BUBUFLATS / Mercat,783206,Apartamentos,Valencia,1,1,€ 90,2019/10/08,2019/10/09,0,"8,9",7
Apartments Downtown Valencia,2250421,Apartamentos,Valencia,1,1,€ 80,2019/10/08,2019/10/09,0,"9,6",7
Casa La Buhardilla,2985364,Apartamento,Valencia,1,1,€ 97,2019/10/08,2019/10/09,0,"9,6",7
VALENCIA APARTAMENTO GOYA,4256653,Apartamento,Valencia,1,1,NA,2019/10/08,2019/10/09,0,10,7
Apartamento Bolseria 28,881275,Apartamentos,Valencia,1,1,€ 120,2019/10/08,2019/10/09,0,"9,5",7
Big sunny room.,5333222,NA,Valencia,1,1,€ 44,2019/10/08,2019/10/09,0,,7
Brugada home,5259150,NA,Valencia,1,1,€ 50,2019/10/08,2019/10/09,0,,7
vosotros sereis parte de mi familia.,5299568,NA,Valencia,1,1,€ 50,2019/10/08,2019/10/09,0,,7
Habitaciones con encanto,5629632,NA,Valencia,1,1,€ 50,2019/10/08,2019/10/09,0,,7
Apartamento en la Ciudad de las Artes y las Ciencias,3552283,Apartamento,Valencia,1,1,NA,2019/10/08,2019/10/09,0,"9,4",7
Barracart Apartments,2125836,Apartamentos,Valencia,1,1,€ 121,2019/10/08,2019/10/09,0,"9,6",7
Chic and Central- in a lively but quiet area. All walking distance.,3649090,Apartamento,Valencia,1,1,€ 162,2019/10/08,2019/10/09,0,"9,6",7
Disfruta - Enjoy Valencia Ayuntamiento,4901194,Apartamento,Valencia,1,1,€ 169,2019/10/08,2019/10/09,0,"9,6",7
Ramirez Flats & Bar,4124528,Apartahotel,Valencia,1,1,€ 170,2019/10/08,2019/10/09,0,"9,5",7
Disfruta - Enjoy Valencia Ruzafa,3890328,Apartamento,Valencia,1,1,€ 189,2019/10/08,2019/10/09,0,"9,7",7
Travel Habitat Ático Ciutat Vella.,3264750,Apartamento,Valencia,1,1,NA,2019/10/08,2019/10/09,0,"9,5",7
Sercotel Sorolla Palace,93646,NA,Valencia,1,1,€ 92,2019/10/08,2019/10/09,4,"8,6",7
Plaza Sainetero Arniches,3984774,Apartamento,Valencia,1,1,€ 92,2019/10/08,2019/10/09,0,"8,5",7
Ad Hoc Carmen,1173270,NA,Valencia,1,1,€ 93,2019/10/08,2019/10/09,2,"8,9",7
Lindala,5250762,NA,Valencia,1,1,€ 54,2019/10/08,2019/10/09,0,,7
Florista's Room en Valencia,5502152,NA,Valencia,1,1,€ 56,2019/10/08,2019/10/09,0,,7
Hogar Dulce Hogar,5426607,NA,Valencia,1,1,€ 60,2019/10/08,2019/10/09,0,,7
Apartamentos Navío,5647176,Apartamento,Valencia,1,1,€ 60,2019/10/08,2019/10/09,0,,7
Loft Turia Gran,5133726,Apartamento,Valencia,1,1,€ 80,2019/10/08,2019/10/09,0,,7
MerKat-Abastos,1231196,Apartamento,Valencia,1,1,NA,2019/10/08,2019/10/09,0,"9,7",7
Disfruta - Enjoy Valencia Centre,3881970,Apartamento,Valencia,1,1,€ 195,2019/10/08,2019/10/09,0,"9,8",7
Disfruta - Enjoy Valencia Oceanografic,4121345,Apartamento,Valencia,1,1,€ 199,2019/10/08,2019/10/09,0,"9,6",7
MARQUÉS HOUSE 4* SUP,2118880,NA,Valencia,1,1,€ 259,2019/10/08,2019/10/09,4,"9,5",7
Casa Adosada Quintero,5481770,Casa o chalet,Valencia,1,1,€ 88,2019/10/08,2019/10/09,0,,7
Quart Apartment,1537986,Apartamento,Valencia,1,1,NA,2019/10/08,2019/10/09,0,"9,2",7
Cabanyal-3 Bed- Beach-City Penthouse-Terrace-WI-FI,5274200,Apartamento,Valencia,1,1,€ 111,2019/10/08,2019/10/09,0,,7
Apartamentos Artesa 22 Valencia,5546723,Apartamento,Valencia,1,1,€ 112,2019/10/08,2019/10/09,0,,7
Kirei Apartment Dublin,4639542,Apartamento,Valencia,1,1,€ 115,2019/10/08,2019/10/09,0,,7
CATHEDRAL MODERN 2BR- 1BA- WIFI- A\C- BALCONY,5263725,Apartamento,Valencia,1,1,€ 134,2019/10/08,2019/10/09,0,,7
Suites by Eric Olsan (Florista),4726450,Apartamentos,Valencia,1,1,€ 93,2019/10/08,2019/10/09,0,"8,6",7
València Centre Torres de Quart,886289,Apartamentos,Valencia,1,1,€ 94,2019/10/08,2019/10/09,0,"8,9",7
El Palacete Gran Via,3483148,NA,Valencia,1,1,€ 96,2019/10/08,2019/10/09,0,"8,8",7
Ciudad Ciencias- Lujo- Parking- Wi-Fi.,4999636,Apartamento,Valencia,1,1,NA,2019/10/08,2019/10/09,0,"9,8",7
SKY TOURISTIC ATTIC,281640,Apartamentos,Valencia,1,1,€ 100,2019/10/08,2019/10/09,0,"8,5",7
The White Apartment: Luxury- Beach and Design,5631365,Apartamento,Valencia,1,1,€ 167,2019/10/08,2019/10/09,0,,7
Apartment Carrer Ernesto Che Guevara,5598848,Apartamentos,Valencia,1,1,€ 211,2019/10/08,2019/10/09,0,,7
Piso como en tu casa 2,3834617,Apartamentos,Valencia,1,1,NA,2019/10/08,2019/10/09,0,"9,2",7
"Flat ""Ca Alexandre""",3687859,Apartamento,Valencia,1,1,€ 240,2019/10/08,2019/10/09,0,,7
Apartment Carrer de Don Juan de Austria,5464038,Apartamentos,Valencia,1,1,€ 275,2019/10/08,2019/10/09,0,,7
Governor Residence,3799760,Apartahotel,Valencia,1,1,€ 600,2019/10/08,2019/10/09,0,,7
Apartment City of Arts,3811530,Apartamentos,Valencia,1,1,€ 102,2019/10/08,2019/10/09,0,"8,6",7
Lotelito,570027,NA,Valencia,1,1,€ 105,2019/10/08,2019/10/09,0,"8,9",7
Hotel Kramer,91106,NA,Valencia,1,1,€ 105,2019/10/08,2019/10/09,3,"8,8",7
Perla Apartments,3146781,Apartamentos,Valencia,1,1,€ 108,2019/10/08,2019/10/09,0,"8,7",7
Hotel Boutique Balandret,1281710,NA,Valencia,1,1,€ 130,2019/10/08,2019/10/09,3,"9,2",7
Pintor Salvador Abril 24 Apartment,3249845,Apartamento,Valencia,1,1,€ 131,2019/10/08,2019/10/09,0,9,7
RUZAFA- CENTRO-A/C- WI-FI- PARKING,2885994,Apartamento,Valencia,1,1,NA,2019/10/08,2019/10/09,0,"9,7",7
Sorolla Centro,90896,NA,Valencia,1,1,€ 132,2019/10/08,2019/10/09,3,"9,1",7
Hotel Dimar,90886,NA,Valencia,1,1,€ 108,2019/10/08,2019/10/09,4,"8,7",7
APARTMENTS VALENCIA CENTER,5180014,Apartamentos,Valencia,1,1,NA,2019/10/08,2019/10/09,0,"9,5",7
Casual Vintage Valencia,1710241,NA,Valencia,1,1,€ 109,2019/10/08,2019/10/09,2,"8,6",7
Soho Valencia,1538641,Apartahotel,Valencia,1,1,€ 109,2019/10/08,2019/10/09,0,"8,9",7
Apartamentos Plaza Picasso,97063,Apartamentos,Valencia,1,1,€ 109,2019/10/08,2019/10/09,0,"8,5",7
One Shot Colón 46,1394168,NA,Valencia,1,1,€ 109,2019/10/08,2019/10/09,3,"8,7",7
Friendly Rentals Schubert,1634221,Apartamentos,Valencia,1,1,€ 110,2019/10/08,2019/10/09,0,"8,9",7
Flatsforyou Mercat,1367507,Apartamentos,Valencia,1,1,€ 110,2019/10/08,2019/10/09,3,"8,9",7
Apartamento con terraza,5238122,Apartahotel,Valencia,1,1,€ 770,2019/10/08,2019/10/09,0,,7
Gulet Why Not,5199364,NA,Valencia,1,1,€ 3.000,2019/10/08,2019/10/09,0,,7
Valenciaflats Centro Ciudad,18544,Apartamentos,Valencia,1,1,€ 135,2019/10/08,2019/10/09,0,"9,2",7
Friendly Rentals Rey,1634248,Apartamento,Valencia,1,1,€ 140,2019/10/08,2019/10/09,0,"8,9",7
Apartamentos La más Bonita,2816245,Apartamentos,Valencia,1,1,€ 149,2019/10/08,2019/10/09,0,9,7
Sweet Caroline Apartment,1811784,Apartamento,Valencia,1,1,€ 150,2019/10/08,2019/10/09,0,"9,2",7
B BEACH VALENCIA,5125954,Apartamento,Valencia,1,1,€ 150,2019/10/08,2019/10/09,0,"9,1",7
Charming Ninetta,3220582,Apartamento,Valencia,1,1,NA,2019/10/08,2019/10/09,0,"9,5",7
Edificio Pentagono,4673669,Apartamento,Valencia,1,1,€ 155,2019/10/08,2019/10/09,0,"9,1",7
NH Collection Colón Valencia,3828811,NA,Valencia,1,1,€ 163,2019/10/08,2019/10/09,4,"9,2",7
Casual Socarrat Valencia,5142800,NA,Valencia,1,1,€ 168,2019/10/08,2019/10/09,3,"9,2",7
Zerka Sendra,4657122,Apartamento,Valencia,1,1,€ 179,2019/10/08,2019/10/09,0,9,7
Cantagua Hostel,4074640,NA,Valencia,1,1,€ 42,2019/10/08,2019/10/09,0,"9,1",7
YOU & CO. Saler Beach Boutique,4533007,NA,Valencia,1,1,€ 43,2019/10/08,2019/10/09,3,9,7
Kasa Katia Eco Guest House,636256,NA,Valencia,1,1,€ 55,2019/10/08,2019/10/09,0,"9,3",7
Casa Vich,4457634,Apartamento,Valencia,1,1,NA,2019/10/08,2019/10/09,0,"9,6",7
Apartamento Comedias,2236348,Apartamento,Valencia,1,1,NA,2019/10/08,2019/10/09,0,"9,7",7
City of Arts,3031480,Apartamento,Valencia,1,1,€ 115,2019/10/08,2019/10/09,0,"8,7",7
Ilunion Aqua 4,92777,NA,Valencia,1,1,€ 116,2019/10/08,2019/10/09,4,"8,5",7
Boutique Creative Rooms,2334726,NA,Valencia,1,1,€ 117,2019/10/08,2019/10/09,0,"8,7",7
Apartamentos Valencia - Brazil 31 Free WiFi,4948554,Apartamento,Valencia,1,1,€ 118,2019/10/08,2019/10/09,0,"8,9",7
Habitación privada a 1500 metros de la playa,3789910,NA,Valencia,1,1,€ 60,2019/10/08,2019/10/09,0,"9,3",7
OCEANOGRAFIC APARTMENT. PARKING. WI-FI,3107716,Apartamentos,Valencia,1,1,€ 70,2019/10/08,2019/10/09,0,9,7
Bianca,4232781,Apartamento,Valencia,1,1,€ 74,2019/10/08,2019/10/09,0,9,7
Rooms Ciencias,94126,NA,Valencia,1,1,€ 75,2019/10/08,2019/10/09,0,9,7
La casita de Palomar,2132386,Apartamentos,Valencia,1,1,€ 75,2019/10/08,2019/10/09,0,"9,3",7
Ad Hoc Monumental,90719,NA,Valencia,1,1,€ 118,2019/10/08,2019/10/09,3,"8,6",7
Habitacion por dias Centro Valencia,3977106,NA,Valencia,1,1,€ 50,2019/10/08,2019/10/09,0,"7,8",7
Habitación cerca del centro,2789581,NA,Valencia,1,1,€ 52,2019/10/08,2019/10/09,0,"7,5",7
Mon Suites San Martin,2777545,Apartamentos,Valencia,1,1,NA,2019/10/08,2019/10/09,0,"9,4",7
Casual de la Música Valencia,273130,NA,Valencia,1,1,€ 52,2019/10/08,2019/10/09,2,"7,5",7
Hospederia del Pilar,327766,NA,Valencia,1,1,€ 54,2019/10/08,2019/10/09,0,"7,9",7
Host & Home,1663785,NA,Valencia,1,1,€ 76,2019/10/08,2019/10/09,0,9,7
Musico Art Flat,2925957,Apartamento,Valencia,1,1,NA,2019/10/08,2019/10/09,0,"9,7",7
Blanq Comedias,4922002,NA,Valencia,1,1,€ 77,2019/10/08,2019/10/09,0,9,7
MYR Hotel Plaza Mercado & Spa,1619029,Apartahotel,Valencia,1,1,€ 179,2019/10/08,2019/10/09,0,"9,2",7
Las Arenas Balneario Resort,91144,NA,Valencia,1,1,€ 189,2019/10/08,2019/10/09,5,9,7
Central Park Apartment Valencia,3881533,Apartamento,Valencia,1,1,NA,2019/10/08,2019/10/09,0,"9,5",7
One Shot Mercat 09,2274203,NA,Valencia,1,1,€ 199,2019/10/08,2019/10/09,4,"9,1",7
Como en casa,4802186,NA,Valencia,1,1,€ 54,2019/10/08,2019/10/09,0,"7,9",7
Rio Turia B&B,5531073,NA,Valencia,1,1,€ 55,2019/10/08,2019/10/09,0,"7,6",7
Patacona Resort Apartments,189782,Apartamentos,Valencia,1,1,€ 55,2019/10/08,2019/10/09,0,"7,8",7
Casual Civilizaciones Valencia,449777,NA,Valencia,1,1,€ 57,2019/10/08,2019/10/09,0,"7,9",7
Casa tipica en la playa,2532733,Apartamento,Valencia,1,1,€ 77,2019/10/08,2019/10/09,0,"9,2",7
OttoH Charm Stay,2459807,NA,Valencia,1,1,€ 79,2019/10/08,2019/10/09,0,"9,3",7
Biopark View Apartment,2381901,Apartamento,Valencia,1,1,€ 85,2019/10/08,2019/10/09,0,9,7
Original Domino House,5434091,NA,Valencia,1,1,€ 87,2019/10/08,2019/10/09,0,"9,2",7
Vincci Mercat,1279484,NA,Valencia,1,1,€ 204,2019/10/08,2019/10/09,4,9,7
Loft Superior el Carmen,2784473,Apartamento,Valencia,1,1,€ 209,2019/10/08,2019/10/09,0,"9,2",7
Ca Carmela,2466364,Casa o chalet,Valencia,1,1,€ 252,2019/10/08,2019/10/09,0,"9,1",7
Calle Mora De Rubielos,2854363,Apartamento,Valencia,1,1,NA,2019/10/08,2019/10/09,0,"9,4",7
Rooms Valencia Center,5507857,NA,Valencia,1,1,€ 59,2019/10/08,2019/10/09,0,"7,6",7
OYO Pensión El Rincón,476031,NA,Valencia,1,1,€ 59,2019/10/08,2019/10/09,1,"7,6",7
Ilunion Valencia 3,92818,NA,Valencia,1,1,€ 61,2019/10/08,2019/10/09,3,"7,9",7
Caro Hotel,348132,NA,Valencia,1,1,€ 259,2019/10/08,2019/10/09,5,"9,2",7
The River Hostel,494202,NA,Valencia,1,1,€ 13,2019/10/08,2019/10/09,0,"8,5",7
Apartment Sofi,2830696,Apartamento,Valencia,1,1,NA,2019/10/08,2019/10/09,0,"9,8",7
Russafa Youth Hostel,345134,NA,Valencia,1,1,€ 36,2019/10/08,2019/10/09,0,"8,6",7
Hotel Turia,14441,NA,Valencia,1,1,€ 65,2019/10/08,2019/10/09,4,"7,5",7
Jero Rooms,296743,NA,Valencia,1,1,€ 66,2019/10/08,2019/10/09,0,"7,7",7
City Center Apartments,4426057,Apartamentos,Valencia,1,1,€ 68,2019/10/08,2019/10/09,0,"7,8",7
APARTAMENTO CENTRICO. WI-FI. PARKING,2967593,Apartamento,Valencia,1,1,NA,2019/10/08,2019/10/09,0,"9,1",7
Art&Flats Bed&Breakfast,5238345,NA,Valencia,1,1,€ 40,2019/10/08,2019/10/09,0,"8,9",7
Homestay Carrer Sagun,5006434,NA,Valencia,1,1,€ 45,2019/10/08,2019/10/09,0,"8,8",7
Quart Youth Hostel,476418,NA,Valencia,1,1,€ 45,2019/10/08,2019/10/09,0,"8,6",7
Expo Hotel Valencia,91223,NA,Valencia,1,1,€ 68,2019/10/08,2019/10/09,3,"7,6",7
Alex Apartment,1756374,Apartamento,Valencia,1,1,€ 69,2019/10/08,2019/10/09,0,"7,8",7
B&B Hotel Valencia Ciudad de las Ciencias,92242,NA,Valencia,1,1,€ 72,2019/10/08,2019/10/09,3,"7,5",7
Patacona Green Flats,292996,Apartamentos,Valencia,1,1,€ 72,2019/10/08,2019/10/09,0,"7,6",7
Valencia Suits You Citytel,1106307,NA,Valencia,1,1,€ 54,2019/10/08,2019/10/09,2,"8,6",7
Apartamento Angel Alcazar 35,2174625,Apartamento,Valencia,1,1,€ 75,2019/10/08,2019/10/09,0,"7,5",7
SEA YOU HOTEL PORT VALENCIA,92328,NA,Valencia,1,1,€ 77,2019/10/08,2019/10/09,4,"7,7",7
Apartamento Calle Lorca,2111733,Apartamento,Valencia,1,1,NA,2019/10/08,2019/10/09,0,"9,4",7
Torres Quart,3702234,Apartamentos,Valencia,1,1,€ 83,2019/10/08,2019/10/09,0,"7,5",7
Plaza Sainetero 5,3148458,Apartamento,Valencia,1,1,€ 83,2019/10/08,2019/10/09,0,"7,7",7
SHF Plaza de la Reina,1682520,Apartamentos,Valencia,1,1,€ 84,2019/10/08,2019/10/09,0,"7,8",7
El Globo,24498,NA,Valencia,1,1,€ 86,2019/10/08,2019/10/09,1,"7,8",7
El 16 Ruzafa,865461,Apartamentos,Valencia,1,1,€ 89,2019/10/08,2019/10/09,0,"7,7",7
Melia Plaza Valencia,13270,NA,Valencia,1,1,€ 220,2019/10/08,2019/10/09,4,"8,9",7
Vincci Lys,91183,NA,Valencia,1,1,€ 242,2019/10/08,2019/10/09,4,"8,9",7
La Flamenca,818359,NA,Valencia,1,1,€ 55,2019/10/08,2019/10/09,0,"7,2",7
B&B El Mercat,2203530,NA,Valencia,1,1,€ 55,2019/10/08,2019/10/09,0,"7,3",7
Apartamento Ruzafa Centro II,3718518,Apartamento,Valencia,1,1,NA,2019/10/08,2019/10/09,0,9,7
Central Station Valencia Hostel,1647017,NA,Valencia,1,1,€ 59,2019/10/08,2019/10/09,0,"7,1",7
Hostal la Barraca,350013,NA,Valencia,1,1,€ 60,2019/10/08,2019/10/09,0,"7,2",7
Apartment Horticultor Bosch,1148669,Apartamentos,Valencia,1,1,€ 60,2019/10/08,2019/10/09,0,"7,3",7
Attic Rooms in Botánico,5522932,NA,Valencia,1,1,€ 60,2019/10/08,2019/10/09,0,"7,2",7
Homestay & OLEE,4132920,NA,Valencia,1,1,€ 66,2019/10/08,2019/10/09,0,"7,4",7
HOSTAL BED OF THE SEA,3974636,NA,Valencia,1,1,€ 70,2019/10/08,2019/10/09,0,"7,1",7
Home Club Micalet Apartments,443595,Apartamentos,Valencia,1,1,NA,2019/10/08,2019/10/09,0,"8,9",7
Mi casa es vuestra casa,4967097,NA,Valencia,1,1,€ 70,2019/10/08,2019/10/09,0,"7,1",7
Cosy Rooms Embajador,369728,NA,Valencia,1,1,€ 70,2019/10/08,2019/10/09,2,"7,4",7
Centro Valencia Calle Cerrajeros,3476261,NA,Valencia,1,1,€ 75,2019/10/08,2019/10/09,0,"7,1",7
Espai One Santa Mónica,5471724,Apartamento,Valencia,1,1,NA,2019/10/08,2019/10/09,0,"9,8",7
The Westin Valencia,93321,NA,Valencia,1,1,€ 248,2019/10/08,2019/10/09,5,"8,7",7
SingularStays Parque Central,3054000,Apartamentos,Valencia,1,1,€ 254,2019/10/08,2019/10/09,0,"8,8",7
Hospes Palau de La Mar,93823,NA,Valencia,1,1,€ 270,2019/10/08,2019/10/09,5,"8,8",7
Malvarrosa Beach Rooms,314048,NA,Valencia,1,1,€ 75,2019/10/08,2019/10/09,2,7,7
NWT Monserrat,3728842,Apartamentos,Valencia,1,1,€ 82,2019/10/08,2019/10/09,0,7,7
Avenida Cid,3633322,Apartamento,Valencia,1,1,€ 87,2019/10/08,2019/10/09,0,"7,3",7
COZY APARTMENT VALENCIA BEACHFRONT!,3128516,Apartamento,Valencia,1,1,NA,2019/10/08,2019/10/09,0,"9,4",7
Cosy Rooms Bolsería,371606,NA,Valencia,1,1,€ 89,2019/10/08,2019/10/09,2,"7,4",7
SH Valencia Palace,91497,NA,Valencia,1,1,€ 860,2019/10/08,2019/10/09,5,"8,5",7
Habitación en valencia centro,5418023,NA,Valencia,1,1,€ 29,2019/10/08,2019/10/09,0,"8,4",7
Apartamento Barato Valencia,3931013,NA,Valencia,1,1,€ 33,2019/10/08,2019/10/09,0,8,7
Carmen Apartment,3308265,Apartamento,Valencia,1,1,NA,2019/10/08,2019/10/09,0,"9,6",7
Premium Apartments,486507,Apartamentos,Valencia,1,1,€ 89,2019/10/08,2019/10/09,0,7,7
Accommodation Beach Apartments,1001766,Apartamentos,Valencia,1,1,€ 89,2019/10/08,2019/10/09,0,"7,2",7
La Casa dei Fiori,2849727,Apartamento,Valencia,1,1,€ 97,2019/10/08,2019/10/09,0,"7,1",7
Select Home Catedral,440778,Apartamentos,Valencia,1,1,€ 150,2019/10/08,2019/10/09,0,"7,1",7
Select Home Town Hall,1648016,Apartamentos,Valencia,1,1,€ 160,2019/10/08,2019/10/09,0,"7,4",7
Apartamento Rosaleda,3014201,Apartamento,Valencia,1,1,NA,2019/10/08,2019/10/09,0,9,7
Select Home Mercado Central,440757,Apartamentos,Valencia,1,1,€ 165,2019/10/08,2019/10/09,0,7,7
Best Valencia Beach Flat,3246772,Apartamento,Valencia,1,1,€ 192,2019/10/08,2019/10/09,0,"7,1",7
MD Villalonga Malvarosa Beach,3739661,Apartamento,Valencia,1,1,€ 490,2019/10/08,2019/10/09,0,"7,1",7
Guest House Lebon,3124256,NA,Valencia,1,1,€ 29,2019/10/08,2019/10/09,0,"6,8",7
Casita Esmeralda,2040126,Casa o chalet,Valencia,1,1,€ 114,2019/10/08,2019/10/09,0,"6,5",7
Urban Youth Hostel,1163025,NA,Valencia,1,1,€ 35,2019/10/08,2019/10/09,0,"8,4",7
Habitacion en Valencia,4861732,NA,Valencia,1,1,€ 45,2019/10/08,2019/10/09,0,"8,2",7
Habitacion en Valencia Barata,4861796,NA,Valencia,1,1,€ 45,2019/10/08,2019/10/09,0,"8,1",7
B&B Hi Valencia Canovas,305349,NA,Valencia,1,1,€ 47,2019/10/08,2019/10/09,0,"8,3",7
Pension MonaLisa Luxury Suites,3834224,NA,Valencia,1,1,€ 48,2019/10/08,2019/10/09,0,"8,2",7
Apartamentos Rusafa,5604325,NA,Valencia,1,1,€ 50,2019/10/08,2019/10/09,0,"8,2",7
Cool Central Market,3424724,Apartamento,Valencia,1,1,NA,2019/10/08,2019/10/09,0,"9,9",7
Aventura,5567318,Apartamentos,Valencia,1,1,€ 50,2019/10/08,2019/10/09,0,"8,2",7
Holiday Inn Express Ciudad de las Ciencias,96737,NA,Valencia,1,1,€ 90,2019/10/08,2019/10/09,3,8,7
Reina's Apartment,2130930,Apartamentos,Valencia,1,1,€ 94,2019/10/08,2019/10/09,0,"8,3",7
Moderno Apartamento en la playa del Cabanyal,3432824,Apartamento,Valencia,1,1,NA,2019/10/08,2019/10/09,0,"9,6",7
Sweet Hotel Continental,93856,NA,Valencia,1,1,€ 94,2019/10/08,2019/10/09,2,"8,3",7
Atico Ciutat Vella,3446230,Apartamentos,Valencia,1,1,€ 95,2019/10/08,2019/10/09,0,"8,3",7
Aparthotel Valencia Rental,17344,Apartahotel,Valencia,1,1,€ 56,2019/10/08,2019/10/09,0,8,7
Hostal Abastos,257057,NA,Valencia,1,1,€ 60,2019/10/08,2019/10/09,2,"8,2",7
L'Otelet By Sweet,1467935,NA,Valencia,1,1,€ 64,2019/10/08,2019/10/09,0,"8,3",7
NH Valencia Las Artes,90731,NA,Valencia,1,1,€ 95,2019/10/08,2019/10/09,4,"8,4",7
Loft by the Beach,4441671,Apartamento,Valencia,1,1,€ 95,2019/10/08,2019/10/09,0,"8,4",7
Hotel Villacarlos,90730,NA,Valencia,1,1,€ 97,2019/10/08,2019/10/09,3,8,7
NWT Central Station Apartments,3964093,Apartamento,Valencia,1,1,€ 99,2019/10/08,2019/10/09,0,"8,2",7
VALENCIA APARTAMENTO GOYA GRAN TERRAZA,4660558,Apartamento,Valencia,1,1,NA,2019/10/08,2019/10/09,0,"9,6",7
Up Town,2244083,Apartamentos,Valencia,1,1,€ 64,2019/10/08,2019/10/09,0,"8,2",7
Happy Apartments Valencia – Lope de Vega,575582,Apartamentos,Valencia,1,1,€ 64,2019/10/08,2019/10/09,0,"8,1",7
Casa Chenano,4262208,Apartamento,Valencia,1,1,NA,2019/10/08,2019/10/09,0,"9,5",7
Hotel Alkazar,408511,NA,Valencia,1,1,€ 64,2019/10/08,2019/10/09,1,8,7
Hotel Medium Valencia,96838,NA,Valencia,1,1,€ 99,2019/10/08,2019/10/09,4,"8,2",7
Apartamentos el Pilar,237104,Apartamentos,Valencia,1,1,€ 99,2019/10/08,2019/10/09,0,8,7
Apartment near City of Arts,2242431,Apartamentos,Valencia,1,1,€ 100,2019/10/08,2019/10/09,0,"8,2",7
NH Valencia Center,90727,NA,Valencia,1,1,€ 104,2019/10/08,2019/10/09,4,"8,3",7
Tryp Valencia Feria,92852,NA,Valencia,1,1,€ 68,2019/10/08,2019/10/09,4,"8,4",7
Balcón Al Mar,295109,NA,Valencia,1,1,€ 69,2019/10/08,2019/10/09,0,"8,4",7
Apartamentos En Plom,3666575,Apartamento,Valencia,1,1,€ 70,2019/10/08,2019/10/09,0,"8,1",7
Nanit Valencia Hostel,3913497,NA,Valencia,1,1,€ 109,2019/10/08,2019/10/09,0,"8,3",7
Flatsforyou Petit Bonaire,455152,Apartamentos,Valencia,1,1,€ 110,2019/10/08,2019/10/09,0,"8,3",7
Duplex+Swimming pool+private entrance=Housen of LOVE,2999152,Apartamento,Valencia,1,1,NA,2019/10/08,2019/10/09,0,"9,6",7
Friendly Rentals Pergolesi,1634240,Apartamentos,Valencia,1,1,€ 110,2019/10/08,2019/10/09,0,"8,4",7
Friendly Rentals ABC,3656596,Apartamento,Valencia,1,1,€ 110,2019/10/08,2019/10/09,0,"8,2",7
Friendly Rentals Puerto Deportivo,2317861,Apartamentos,Valencia,1,1,€ 110,2019/10/08,2019/10/09,0,"8,2",7
Hotel Olympia Universidades,1301731,NA,Valencia,1,1,€ 72,2019/10/08,2019/10/09,3,"8,4",7
Plaza Del Carmen,1737254,Apartamento,Valencia,1,1,€ 110,2019/10/08,2019/10/09,0,8,7
Apartamentos Sollana 18 Cerca de les Arts i les Ciencies Valencia- FREE WI-FI,5232423,Apartamento,Valencia,1,1,€ 114,2019/10/08,2019/10/09,0,"8,2",7
Silken Puerta Valencia,91182,NA,Valencia,1,1,€ 115,2019/10/08,2019/10/09,4,"8,3",7
United Colors of Apartments Boutique Style,5372347,Apartamentos,Valencia,1,1,NA,2019/10/08,2019/10/09,0,"9,5",7
Hotel Miramar,23332,NA,Valencia,1,1,€ 117,2019/10/08,2019/10/09,2,"8,4",7
Welcome Platanos 13 Valencia Beautiful apartments with terrace,5095795,Apartamento,Valencia,1,1,€ 119,2019/10/08,2019/10/09,0,"8,1",7
Flatsforyou Las Arcadias,473415,Apartamentos,Valencia,1,1,€ 120,2019/10/08,2019/10/09,0,"8,4",7
Friendly Rentals Gimenez,1634242,Apartamento,Valencia,1,1,€ 120,2019/10/08,2019/10/09,0,"8,1",7
Friendly Rentals Verdi,1634232,Apartamento,Valencia,1,1,€ 125,2019/10/08,2019/10/09,0,8,7
