name,propertyId,propertyType,city,rooms,days,price,checkIn,checkOut,stars,score,advance
Apartment Carrer de Josep Aguirre,5646705,Apartamentos,Valencia,1,1,€ 608,2019/12/14,2019/12/15,0,,60
Apartment Carrer de Cadis,5531328,Apartamentos,Valencia,1,1,€ 648,2019/12/14,2019/12/15,0,,60
Apartamentos Navío,5647176,Apartamento,Valencia,1,1,€ 70,2019/12/14,2019/12/15,0,"9,8",60
Piso en Playa de Valencia,5533098,Apartamento,Valencia,1,1,€ 70,2019/12/14,2019/12/15,0,"9,5",60
la casita,4333253,Apartamento,Valencia,1,1,NA,2019/12/14,2019/12/15,0,"9,8",60
Atico de Lujo,2142556,Apartamento,Valencia,1,1,€ 85,2019/12/14,2019/12/15,0,"9,5",60
Ramirez Flats & Bar,4124528,Apartahotel,Valencia,1,1,€ 86,2019/12/14,2019/12/15,0,"9,5",60
Hotel Kramer,91106,NA,Valencia,1,1,€ 61,2019/12/14,2019/12/15,3,"8,8",60
UNIK. Apartments Valencia,2241282,Apartamentos,Valencia,1,1,€ 65,2019/12/14,2019/12/15,0,"8,5",60
Luminous Attic Down Town,3973172,Apartamento,Valencia,1,1,NA,2019/12/14,2019/12/15,0,"9,3",60
Ad Hoc Carmen,1173270,NA,Valencia,1,1,€ 66,2019/12/14,2019/12/15,2,"8,9",60
ABCyou Bed&Breakfast,189207,NA,Valencia,1,1,€ 66,2019/12/14,2019/12/15,0,"8,5",60
Host & Home,1663785,NA,Valencia,1,1,€ 66,2019/12/14,2019/12/15,0,"8,9",60
Casa del Patriarca,364834,NA,Valencia,1,1,€ 67,2019/12/14,2019/12/15,0,"8,9",60
Casual del Cine Valencia,572187,NA,Valencia,1,1,€ 68,2019/12/14,2019/12/15,2,"8,6",60
LOFT apartamento duplex en Valencia con parking gratis,5519008,Apartamento,Valencia,1,1,€ 90,2019/12/14,2019/12/15,0,"9,9",60
Calle de Frederica Montseny 'Política' Casa o chalet,5152866,Casa o chalet,Valencia,1,1,€ 95,2019/12/14,2019/12/15,0,"9,6",60
Casa La Buhardilla,2985364,Apartamento,Valencia,1,1,€ 97,2019/12/14,2019/12/15,0,"9,6",60
Valencian Dreams Lonja,4757385,Apartamento,Valencia,1,1,€ 116,2019/12/14,2019/12/15,0,"9,8",60
Casa Botànic - Céntrico y con comodidades,4218273,Apartamento,Valencia,1,1,NA,2019/12/14,2019/12/15,0,"9,8",60
Ciudad Ciencias- Lujo- Parking- Wi-Fi.,4999636,Apartamento,Valencia,1,1,€ 150,2019/12/14,2019/12/15,0,"9,8",60
Apartments Downtown Valencia,2250421,Apartamentos,Valencia,1,1,€ 150,2019/12/14,2019/12/15,0,"9,6",60
MARQUÉS HOUSE 4* SUP,2118880,NA,Valencia,1,1,€ 169,2019/12/14,2019/12/15,4,"9,5",60
Soho Valencia,1538641,Apartahotel,Valencia,1,1,€ 70,2019/12/14,2019/12/15,0,"8,9",60
Palacio de Rojas,1073276,Apartamentos,Valencia,1,1,NA,2019/12/14,2019/12/15,0,"9,3",60
Valencia maritimo,3020748,Apartamento,Valencia,1,1,€ 70,2019/12/14,2019/12/15,0,"8,9",60
Hotel Valencia Oceanic Managed by Melia Hotels International,91522,NA,Valencia,1,1,€ 70,2019/12/14,2019/12/15,4,"8,6",60
Hi Valencia Cánovas,4312120,Apartamentos,Valencia,1,1,€ 71,2019/12/14,2019/12/15,0,"8,9",60
Disfruta - Enjoy Valencia Ayuntamiento,4901194,Apartamento,Valencia,1,1,€ 229,2019/12/14,2019/12/15,0,"9,6",60
Disfruta - Enjoy Valencia Oceanografic,4121345,Apartamento,Valencia,1,1,€ 229,2019/12/14,2019/12/15,0,"9,6",60
Casa Calle Conquista,4691493,Apartamento,Valencia,1,1,€ 240,2019/12/14,2019/12/15,0,"9,6",60
Apartment Sofi,2830696,Apartamento,Valencia,1,1,NA,2019/12/14,2019/12/15,0,"9,8",60
Luxury Beach Apartment with Pool,3841868,Apartamento,Valencia,1,1,€ 355,2019/12/14,2019/12/15,0,"9,7",60
Habitación doble,3599930,NA,Valencia,1,1,€ 75,2019/12/14,2019/12/15,0,"8,9",60
València Centre Torres de Quart,886289,Apartamentos,Valencia,1,1,€ 75,2019/12/14,2019/12/15,0,"8,9",60
València Centre Túria,2185255,Apartamento,Valencia,1,1,€ 75,2019/12/14,2019/12/15,0,"8,8",60
Kasa Katia Eco Guest House,636256,NA,Valencia,1,1,NA,2019/12/14,2019/12/15,0,"9,3",60
Cantagua Hostel,4074640,NA,Valencia,1,1,€ 41,2019/12/14,2019/12/15,0,"9,1",60
YOU & CO. Saler Beach Boutique,4533007,NA,Valencia,1,1,€ 42,2019/12/14,2019/12/15,3,9,60
Florista's Room en Valencia,5502152,NA,Valencia,1,1,€ 58,2019/12/14,2019/12/15,0,"9,2",60
Habitación privada a 1500 metros de la playa,3789910,NA,Valencia,1,1,€ 60,2019/12/14,2019/12/15,0,"9,3",60
Eurostars Acteón,90495,NA,Valencia,1,1,€ 76,2019/12/14,2019/12/15,4,"8,5",60
Sercotel Sorolla Palace,93646,NA,Valencia,1,1,€ 76,2019/12/14,2019/12/15,4,"8,6",60
Barceló Valencia,91988,NA,Valencia,1,1,€ 77,2019/12/14,2019/12/15,4,"8,7",60
Hostal Venecia,92883,NA,Valencia,1,1,€ 60,2019/12/14,2019/12/15,2,"9,1",60
Homely Nest Valencia El Carme,3790877,Apartamento,Valencia,1,1,NA,2019/12/14,2019/12/15,0,"9,7",60
Rooms Ciencias,94126,NA,Valencia,1,1,€ 62,2019/12/14,2019/12/15,0,9,60
Live in Chianti,2227491,NA,Valencia,1,1,€ 75,2019/12/14,2019/12/15,0,"9,1",60
AC Hotel Valencia,91063,NA,Valencia,1,1,€ 79,2019/12/14,2019/12/15,4,"8,5",60
Piso luminoso cerca de la playa,3583906,Apartamento,Valencia,1,1,€ 80,2019/12/14,2019/12/15,0,"8,6",60
B&B Hi Valencia Boutique,1301725,NA,Valencia,1,1,€ 81,2019/12/14,2019/12/15,0,"8,7",60
OttoH Charm Stay,2459807,NA,Valencia,1,1,NA,2019/12/14,2019/12/15,0,"9,3",60
El Cid,2740801,Apartamento,Valencia,1,1,€ 75,2019/12/14,2019/12/15,0,9,60
Blanq Comedias,4922002,NA,Valencia,1,1,€ 77,2019/12/14,2019/12/15,0,9,60
Sorolla Centro,90896,NA,Valencia,1,1,€ 77,2019/12/14,2019/12/15,3,"9,1",60
AC Hotel Colon Valencia,1117150,NA,Valencia,1,1,€ 116,2019/12/14,2019/12/15,4,"8,7",60
Boutique Creative Rooms,2334726,NA,Valencia,1,1,€ 118,2019/12/14,2019/12/15,0,"8,7",60
Vivaldi Penthouse Ayuntamiento,1289561,Apartamento,Valencia,1,1,NA,2019/12/14,2019/12/15,0,"9,2",60
Precioso Apartamento En Pleno Centro Con Wifi,3023494,Apartamento,Valencia,1,1,€ 130,2019/12/14,2019/12/15,0,"8,8",60
Hotel El Siglo,1741479,NA,Valencia,1,1,€ 81,2019/12/14,2019/12/15,3,"8,5",60
Ad Hoc Monumental,90719,NA,Valencia,1,1,€ 82,2019/12/14,2019/12/15,3,"8,6",60
Melia Valencia,290493,NA,Valencia,1,1,€ 84,2019/12/14,2019/12/15,4,"8,8",60
One Shot Colón 46,1394168,NA,Valencia,1,1,€ 84,2019/12/14,2019/12/15,3,"8,7",60
NH Valencia Center,90727,NA,Valencia,1,1,€ 72,2019/12/14,2019/12/15,4,"8,3",60
BUBUFLATS / Mercat,783206,Apartamentos,Valencia,1,1,€ 85,2019/12/14,2019/12/15,0,"8,9",60
Vincci Palace,94163,NA,Valencia,1,1,€ 132,2019/12/14,2019/12/15,4,"8,6",60
SKY TOURISTIC ATTIC,281640,Apartamentos,Valencia,1,1,€ 135,2019/12/14,2019/12/15,0,"8,5",60
Vincci Lys,91183,NA,Valencia,1,1,€ 139,2019/12/14,2019/12/15,4,"8,9",60
Zenit Valencia,92327,NA,Valencia,1,1,€ 144,2019/12/14,2019/12/15,4,"8,8",60
Sweet Hotel Continental,93856,NA,Valencia,1,1,€ 74,2019/12/14,2019/12/15,2,"8,3",60
Apartamento Torres,1887853,Apartamento,Valencia,1,1,NA,2019/12/14,2019/12/15,0,"8,9",60
Reina 12,1684198,NA,Valencia,1,1,€ 74,2019/12/14,2019/12/15,0,"8,3",60
Ático cerca del mar,4040503,Apartamento,Valencia,1,1,€ 75,2019/12/14,2019/12/15,0,"8,3",60
L'Otelet By Sweet,1467935,NA,Valencia,1,1,€ 77,2019/12/14,2019/12/15,0,"8,3",60
Valenciaflats Torres de Serrano,17468,Apartamentos,Valencia,1,1,€ 78,2019/12/14,2019/12/15,0,"8,3",60
Primus Valencia,331871,NA,Valencia,1,1,€ 79,2019/12/14,2019/12/15,4,"8,3",60
Nanit Valencia Hostel,3913497,NA,Valencia,1,1,€ 80,2019/12/14,2019/12/15,0,"8,3",60
Friendly Rentals Rey,1634248,Apartamento,Valencia,1,1,NA,2019/12/14,2019/12/15,0,"8,9",60
Apartamento Ciudad de las Artes y las Ciencias,4353552,Apartamento,Valencia,1,1,€ 80,2019/12/14,2019/12/15,0,"8,3",60
City of Arts & Spa Apartment,4820684,Apartamento,Valencia,1,1,€ 80,2019/12/14,2019/12/15,0,"7,9",60
Tryp Valencia Feria,92852,NA,Valencia,1,1,€ 81,2019/12/14,2019/12/15,4,"8,3",60
Apartamento Plaza Sainetero,2743838,Apartamento,Valencia,1,1,€ 93,2019/12/14,2019/12/15,0,"8,2",60
Atico Ciutat Vella,3446230,Apartamentos,Valencia,1,1,€ 95,2019/12/14,2019/12/15,0,"8,3",60
Cozy fisherman's house,2241663,Casa o chalet,Valencia,1,1,€ 95,2019/12/14,2019/12/15,0,"8,3",60
Apartamento Gran Vía Marqués del Turia,2358973,Apartamento,Valencia,1,1,€ 144,2019/12/14,2019/12/15,0,"8,5",60
CENTRO CIUDAD-PZA AYUNTAMIENTO-WIFI,3604273,Apartamento,Valencia,1,1,NA,2019/12/14,2019/12/15,0,"9,1",60
Apartamento LUXURY CENTRO HISTORICO,3664772,Apartamento,Valencia,1,1,€ 149,2019/12/14,2019/12/15,0,"8,5",60
Catalonia Excelsior,90578,NA,Valencia,1,1,€ 150,2019/12/14,2019/12/15,3,"8,7",60
Cathedral Suites Hotel,1736257,Apartahotel,Valencia,1,1,€ 159,2019/12/14,2019/12/15,4,"8,9",60
ValentiaApartments - MercadoCentral,4185241,Apartamentos,Valencia,1,1,€ 163,2019/12/14,2019/12/15,0,"8,8",60
Puerta de Serranos,2734333,Apartamentos,Valencia,1,1,€ 166,2019/12/14,2019/12/15,0,"8,9",60
Apartamento Casa con Angel,1079935,Apartamento,Valencia,1,1,€ 173,2019/12/14,2019/12/15,0,"8,8",60
Total Valencia White,2201908,Apartamento,Valencia,1,1,NA,2019/12/14,2019/12/15,0,"9,1",60
The Westin Valencia,93321,NA,Valencia,1,1,€ 183,2019/12/14,2019/12/15,5,"8,6",60
Exclusive Beach Apartment,4641691,Apartamento,Valencia,1,1,€ 205,2019/12/14,2019/12/15,0,"8,9",60
Carlos & Ana,2079019,Apartamento,Valencia,1,1,€ 215,2019/12/14,2019/12/15,0,"8,9",60
Petit Palace Plaza de la Reina,90443,NA,Valencia,1,1,€ 278,2019/12/14,2019/12/15,3,"8,7",60
Flatsforyou Mercat,1367507,Apartamentos,Valencia,1,1,€ 280,2019/12/14,2019/12/15,3,"8,9",60
Plaza Conde del RealHostel · SUPER NICE HOUSE GROUPS 12 PAX.. CENTER HISTORIC,4805177,Apartamento,Valencia,1,1,€ 295,2019/12/14,2019/12/15,0,"8,5",60
Palau de Palomar,471283,Apartamentos,Valencia,1,1,NA,2019/12/14,2019/12/15,0,"9,1",60
Center Valencia Youth Hostel,246931,NA,Valencia,1,1,€ 24,2019/12/14,2019/12/15,0,8,60
Habitación en valencia centro,5418023,NA,Valencia,1,1,€ 30,2019/12/14,2019/12/15,0,"8,3",60
Habitacion en Valencia Barata,4861796,NA,Valencia,1,1,€ 40,2019/12/14,2019/12/15,0,"8,2",60
Habitacion en Valencia,4861732,NA,Valencia,1,1,€ 45,2019/12/14,2019/12/15,0,"8,3",60
Red Nest Hostel,92283,NA,Valencia,1,1,€ 46,2019/12/14,2019/12/15,0,"8,2",60
Kirei Apartment Na Jordana,1702092,Apartamentos,Valencia,1,1,€ 101,2019/12/14,2019/12/15,0,7,60
Spain Host Valencia Centro- San Vicente II,2567628,Apartamento,Valencia,1,1,€ 114,2019/12/14,2019/12/15,0,"7,4",60
SingularStays Sorolla,3745653,Apartamento,Valencia,1,1,NA,2019/12/14,2019/12/15,0,"8,9",60
Homestay Valencia,2597106,NA,Valencia,1,1,€ 95,2019/12/14,2019/12/15,0,8,60
Hotel Villacarlos,90730,NA,Valencia,1,1,€ 97,2019/12/14,2019/12/15,3,8,60
United Colors of Apartments - Catedral,1301545,Apartamentos,Valencia,1,1,€ 99,2019/12/14,2019/12/15,0,"8,2",60
Living Valencia - Parterre,3830646,Apartamento,Valencia,1,1,NA,2019/12/14,2019/12/15,0,"8,5",60
Kirei Apartment Vienna,4639797,Apartamento,Valencia,1,1,€ 126,2019/12/14,2019/12/15,0,"7,4",60
Kirei Apartment Calgary,4768322,Apartamento,Valencia,1,1,€ 148,2019/12/14,2019/12/15,0,"7,3",60
Kirei Apartment En Llop,1765516,Apartamentos,Valencia,1,1,€ 150,2019/12/14,2019/12/15,0,"7,1",60
Best Valencia Beach Flat,3246772,Apartamento,Valencia,1,1,€ 196,2019/12/14,2019/12/15,0,"7,1",60
HOSTAL BED OF THE SEA,3974636,NA,Valencia,1,1,€ 200,2019/12/14,2019/12/15,0,"7,1",60
Select Home Catedral,440778,Apartamentos,Valencia,1,1,€ 240,2019/12/14,2019/12/15,0,"7,1",60
Total Valencia Mercat,2779708,Apartamento,Valencia,1,1,NA,2019/12/14,2019/12/15,0,"8,5",60
Dreams Rental City Hall,337092,Apartamentos,Valencia,1,1,€ 280,2019/12/14,2019/12/15,0,"7,1",60
MD Puerto Rico Apartment Ruzafa,3737151,Apartamento,Valencia,1,1,€ 289,2019/12/14,2019/12/15,0,"7,4",60
Habitaciones con encanto,5629632,NA,Valencia,1,1,€ 50,2019/12/14,2019/12/15,0,"6,9",60
Guest House Lebon,3124256,NA,Valencia,1,1,€ 60,2019/12/14,2019/12/15,0,"6,8",60
Casita Esmeralda,2040126,Casa o chalet,Valencia,1,1,€ 114,2019/12/14,2019/12/15,0,"6,5",60
MD Modern Hotel - Jardines,305447,NA,Valencia,1,1,€ 105,2019/12/14,2019/12/15,1,"8,3",60
Hotel Conqueridor,91047,NA,Valencia,1,1,€ 108,2019/12/14,2019/12/15,4,"8,4",60
APARTAMENTO LAS MELLIZAS,4651578,NA,Valencia,1,1,€ 57,2019/12/14,2019/12/15,0,"8,3",60
SingularStays Parque Central,3054000,Apartamentos,Valencia,1,1,NA,2019/12/14,2019/12/15,0,"8,8",60
Loft by the Beach,4441671,Apartamento,Valencia,1,1,€ 115,2019/12/14,2019/12/15,0,"8,3",60
Patacona Beach Apartment,4533678,Apartamento,Valencia,1,1,€ 119,2019/12/14,2019/12/15,0,"8,3",60
Carrer de María Montessori,3272386,Apartamento,Valencia,1,1,€ 120,2019/12/14,2019/12/15,0,"8,2",60
Apartamento Privado Próximo a Playa y Ciencias,3783163,Apartamento,Valencia,1,1,€ 120,2019/12/14,2019/12/15,0,"8,1",60
Apartamentos Sollana 18 Cerca de les Arts i les Ciencies Valencia- FREE WI-FI,5232423,Apartamento,Valencia,1,1,€ 124,2019/12/14,2019/12/15,0,"8,3",60
Fun and Sun Center 2,2944416,NA,Valencia,1,1,€ 32,2019/12/14,2019/12/15,0,"6,1",60
Hotel Gabbeach,403586,NA,Valencia,1,1,NA,2019/12/14,2019/12/15,3,"8,5",60
Vamos A la Playa,5030500,Apartamento,Valencia,1,1,€ 90,2019/12/14,2019/12/15,0,"6,1",60
Gon & Diego House,4899561,NA,Valencia,1,1,€ 40,2019/12/14,2019/12/15,0,"5,4",60
Turia Burjassot 12,3237353,Apartamento,Valencia,1,1,€ 110,2019/12/14,2019/12/15,0,9,60
Carrer del Bisbe Jaume Pérez,4900140,NA,Valencia,1,1,€ 60,2019/12/14,2019/12/15,0,"5,9",60
Guest House Higinio Noja,2845935,NA,Valencia,1,1,€ 60,2019/12/14,2019/12/15,0,"5,9",60
Valencia B&B,2658386,NA,Valencia,1,1,€ 69,2019/12/14,2019/12/15,0,"5,5",60
Kirei Apartment Berlin,4504570,Apartamentos,Valencia,1,1,€ 103,2019/12/14,2019/12/15,0,"5,6",60
Buho House,3777691,Apartahotel,Valencia,1,1,NA,2019/12/14,2019/12/15,0,"8,5",60
"Piso ""Como en tu casa""",2689136,Apartamento,Valencia,1,1,€ 110,2019/12/14,2019/12/15,0,"9,2",60
Colors Rooms,675839,NA,Valencia,1,1,NA,2019/12/14,2019/12/15,0,"9,5",60
Citizentral Juristas,1113127,Apartamentos,Valencia,1,1,€ 112,2019/12/14,2019/12/15,0,"9,2",60
Center Valencia,2944722,Casa o chalet,Valencia,1,1,€ 117,2019/12/14,2019/12/15,0,"9,3",60
One Shot Mercat 09,2274203,NA,Valencia,1,1,€ 118,2019/12/14,2019/12/15,4,"9,1",60
APARTAMENTO CENTRICO. WI-FI. PARKING,2967593,Apartamento,Valencia,1,1,€ 120,2019/12/14,2019/12/15,0,"9,1",60
Mon Suites San Martin,2777545,Apartamentos,Valencia,1,1,€ 113,2019/12/14,2019/12/15,0,"9,4",60
5 SENSES,3786890,Apartamento,Valencia,1,1,€ 120,2019/12/14,2019/12/15,0,"9,2",60
Homely Nest Valencia El Carme,3790877,Apartamento,Valencia,1,1,NA,2019/12/14,2019/12/15,0,"9,7",60
Apartamentos Naranja y Limòn,2250906,Apartamentos,Valencia,1,1,€ 120,2019/12/14,2019/12/15,0,"9,3",60
Kirei Apartment Denver,4585191,Apartamento,Valencia,1,1,€ 161,2019/12/14,2019/12/15,0,"5,8",60
Kirei Apartment Portland,4276529,Apartamentos,Valencia,1,1,€ 200,2019/12/14,2019/12/15,0,"5,9",60
Oliver,4865093,NA,Valencia,1,1,€ 63,2019/12/14,2019/12/15,0,"5,4",60
Port of Valencia,3805735,Apartamento,Valencia,1,1,€ 120,2019/12/14,2019/12/15,0,5,60
Malvarosa,3820590,Apartamento,Valencia,1,1,€ 190,2019/12/14,2019/12/15,0,"3,9",60
15 Avinguda Mare Nostrum,4518973,Apartamento,Valencia,1,1,€ 120,2019/12/14,2019/12/15,0,"9,4",60
Valencia-Ruzafa Studio,3235983,Apartamento,Valencia,1,1,€ 120,2019/12/14,2019/12/15,0,"9,1",60
Hotel Boutique Balandret,1281710,NA,Valencia,1,1,€ 124,2019/12/14,2019/12/15,3,"9,2",60
NH Collection Colón Valencia,3828811,NA,Valencia,1,1,€ 126,2019/12/14,2019/12/15,4,"9,2",60
Live in Chianti Apartaments,2882632,Apartamentos,Valencia,1,1,€ 128,2019/12/14,2019/12/15,0,9,60
L'Esplai Valencia Bed & Breakfast,1282556,NA,Valencia,1,1,NA,2019/12/14,2019/12/15,0,"9,5",60
Center City Flats,861452,Apartamentos,Valencia,1,1,€ 128,2019/12/14,2019/12/15,0,"9,1",60
MYR Hotel Plaza Mercado & Spa,1619029,Apartahotel,Valencia,1,1,€ 129,2019/12/14,2019/12/15,0,"9,2",60
OCEANOGRAFIC DELUXE- PARKING- WI-FI,4095746,Apartamento,Valencia,1,1,€ 130,2019/12/14,2019/12/15,0,"9,1",60
OCEANOGRAFIC APARTMENT. PARKING. WI-FI,3107716,Apartamentos,Valencia,1,1,€ 130,2019/12/14,2019/12/15,0,9,60
MD Design Hotel - Portal del Real,2391685,NA,Valencia,1,1,€ 133,2019/12/14,2019/12/15,2,"9,1",60
Las Arenas Balneario Resort,91144,NA,Valencia,1,1,€ 135,2019/12/14,2019/12/15,5,9,60
Hostal Antigua Morellana,1273937,NA,Valencia,1,1,NA,2019/12/14,2019/12/15,1,"9,5",60
Vincci Mercat,1279484,NA,Valencia,1,1,€ 141,2019/12/14,2019/12/15,4,9,60
Mon Suites Catedral,485679,Apartamentos,Valencia,1,1,€ 134,2019/12/14,2019/12/15,0,"9,2",60
Brisa Mare Nostrum,2855311,Apartamento,Valencia,1,1,€ 145,2019/12/14,2019/12/15,0,"9,2",60
Sweet Caroline Apartment,1811784,Apartamento,Valencia,1,1,€ 150,2019/12/14,2019/12/15,0,"9,2",60
B BEACH VALENCIA,5125954,Apartamento,Valencia,1,1,€ 150,2019/12/14,2019/12/15,0,"9,1",60
Apartamentos Rusafa,5604325,NA,Valencia,1,1,€ 50,2019/12/14,2019/12/15,0,"7,7",60
Habitacion PLaza Ayuntamiento,4365340,NA,Valencia,1,1,€ 50,2019/12/14,2019/12/15,0,"7,4",60
Valencia city,3673068,Apartamentos,Valencia,1,1,NA,2019/12/14,2019/12/15,0,"8,7",60
B&B Hotel Valencia Ciudad de las Ciencias,92242,NA,Valencia,1,1,€ 53,2019/12/14,2019/12/15,3,"7,5",60
Como en casa,4802186,NA,Valencia,1,1,€ 54,2019/12/14,2019/12/15,0,"7,9",60
Hotel Turia,14441,NA,Valencia,1,1,€ 55,2019/12/14,2019/12/15,4,"7,5",60
Habitacion por dias Centro Valencia,3977106,NA,Valencia,1,1,€ 55,2019/12/14,2019/12/15,0,"7,8",60
Expo Hotel Valencia,91223,NA,Valencia,1,1,€ 50,2019/12/14,2019/12/15,3,"7,6",60
Cosy Rooms Tapinería,371192,NA,Valencia,1,1,€ 56,2019/12/14,2019/12/15,2,"7,5",60
SingularStays Plaza del Mercado,1755231,Apartamentos,Valencia,1,1,NA,2019/12/14,2019/12/15,0,"8,5",60
Ilunion Valencia 3,92818,NA,Valencia,1,1,€ 58,2019/12/14,2019/12/15,3,"7,9",60
Checkin Valencia,93743,NA,Valencia,1,1,€ 62,2019/12/14,2019/12/15,4,"7,8",60
Hotel Beleret,94652,NA,Valencia,1,1,€ 57,2019/12/14,2019/12/15,3,"7,6",60
Valencia Lounge Hostel,337203,NA,Valencia,1,1,€ 60,2019/12/14,2019/12/15,0,"7,7",60
Alex Apartment,1756374,Apartamento,Valencia,1,1,€ 64,2019/12/14,2019/12/15,0,"7,9",60
Jero Rooms,296743,NA,Valencia,1,1,€ 66,2019/12/14,2019/12/15,0,"7,7",60
SingularStays Sorolla,3745653,Apartamento,Valencia,1,1,NA,2019/12/14,2019/12/15,0,"8,9",60
OYO Pensión El Rincón,476031,NA,Valencia,1,1,€ 67,2019/12/14,2019/12/15,1,"7,6",60
Brugada home,5259150,NA,Valencia,1,1,€ 75,2019/12/14,2019/12/15,0,"7,6",60
SEA YOU HOTEL PORT VALENCIA,92328,NA,Valencia,1,1,€ 75,2019/12/14,2019/12/15,4,"7,7",60
Casual de la Música Valencia,273130,NA,Valencia,1,1,€ 94,2019/12/14,2019/12/15,2,"7,5",60
Apartamento Angel Alcazar 35,2174625,Apartamento,Valencia,1,1,€ 110,2019/12/14,2019/12/15,0,"7,5",60
Apartamento Alguer,4005334,Apartamento,Valencia,1,1,€ 120,2019/12/14,2019/12/15,0,"7,7",60
Calle D Juan de Austria 4,4036814,Apartamento,Valencia,1,1,NA,2019/12/14,2019/12/15,0,"8,5",60
STYLISH APARTMENT - CITY CENTER,2861517,Apartamento,Valencia,1,1,€ 140,2019/12/14,2019/12/15,0,"7,8",60
El 16 Ruzafa,865461,Apartamentos,Valencia,1,1,€ 149,2019/12/14,2019/12/15,0,"7,7",60
MD Art Apartment Ruzafa,2550955,Apartamento,Valencia,1,1,€ 271,2019/12/14,2019/12/15,0,"7,5",60
MD Benlliure Beach.,1957258,Apartamento,Valencia,1,1,€ 271,2019/12/14,2019/12/15,0,"7,8",60
MD Pelayo with terrace,1979067,Apartamento,Valencia,1,1,€ 271,2019/12/14,2019/12/15,0,"7,8",60
