name,propertyId,propertyType,city,rooms,days,price,checkIn,checkOut,stars,score,advance
Hotel Turia,14441,NA,Valencia,1,1,€ 55,2019/12/04,2019/12/05,4,"7,5",60
Habitacion por dias Centro Valencia,3977106,NA,Valencia,1,1,€ 55,2019/12/04,2019/12/05,0,"7,8",60
Oceanográfico Apartments & Spa,324918,Apartamentos,Valencia,1,1,€ 59,2019/12/04,2019/12/05,0,"7,5",60
El Globo,24498,NA,Valencia,1,1,€ 60,2019/12/04,2019/12/05,1,"7,8",60
Ilunion Valencia 3,92818,NA,Valencia,1,1,€ 62,2019/12/04,2019/12/05,3,"7,9",60
Habitación cerca del centro,2789581,NA,Valencia,1,1,€ 63,2019/12/04,2019/12/05,0,"7,5",60
Alex Apartment,1756374,Apartamento,Valencia,1,1,€ 64,2019/12/04,2019/12/05,0,"7,9",60
Checkin Valencia,93743,NA,Valencia,1,1,€ 67,2019/12/04,2019/12/05,4,"7,8",60
SEA YOU HOTEL PORT VALENCIA,92328,NA,Valencia,1,1,€ 67,2019/12/04,2019/12/05,4,"7,7",60
El 16 Ruzafa,865461,Apartamentos,Valencia,1,1,€ 69,2019/12/04,2019/12/05,0,"7,7",60
City Center Apartments,4426057,Apartamentos,Valencia,1,1,€ 72,2019/12/04,2019/12/05,0,"7,8",60
Apartamento Alguer,4005334,Apartamento,Valencia,1,1,€ 75,2019/12/04,2019/12/05,0,"7,8",60
Suites by Eric Olsan (Peset),4726296,Apartamentos,Valencia,1,1,€ 83,2019/12/04,2019/12/05,0,"7,6",60
Suites by Eric Olsan (L),4287413,Apartamentos,Valencia,1,1,€ 83,2019/12/04,2019/12/05,0,"7,7",60
Torres Quart,3702234,Apartamentos,Valencia,1,1,€ 87,2019/12/04,2019/12/05,0,"7,5",60
Apartamento Angel Alcazar 35,2174625,Apartamento,Valencia,1,1,€ 90,2019/12/04,2019/12/05,0,"7,5",60
Plaza Sainetero 5,3148458,Apartamento,Valencia,1,1,€ 91,2019/12/04,2019/12/05,0,"7,7",60
Apartment Florista,2150187,Apartamento,Valencia,1,1,€ 105,2019/12/04,2019/12/05,0,"7,8",60
Kirei Apartment Vienna,4639797,Apartamento,Valencia,1,1,€ 126,2019/12/04,2019/12/05,0,"7,6",60
STYLISH APARTMENT - CITY CENTER,2861517,Apartamento,Valencia,1,1,€ 140,2019/12/04,2019/12/05,0,"7,8",60
Kirei Apartment Calgary,4768322,Apartamento,Valencia,1,1,€ 148,2019/12/04,2019/12/05,0,"7,5",60
Friendly Rentals Danna,1634254,Apartamento,Valencia,1,1,€ 155,2019/12/04,2019/12/05,0,"7,7",60
MD Pelayo with terrace,1979067,Apartamento,Valencia,1,1,€ 271,2019/12/04,2019/12/05,0,"7,8",60
MD Benlliure Beach.,1957258,Apartamento,Valencia,1,1,€ 271,2019/12/04,2019/12/05,0,"7,9",60
MD Art Apartment Ruzafa,2550955,Apartamento,Valencia,1,1,€ 271,2019/12/04,2019/12/05,0,"7,5",60
Kirei Apartment Dublin,4639542,Apartamento,Valencia,1,1,€ 103,2019/12/04,2019/12/05,0,,60
Comfort Homestay,5423155,NA,Valencia,1,1,€ 105,2019/12/04,2019/12/05,0,,60
Casa Adosada Quintero,5481770,Casa o chalet,Valencia,1,1,€ 112,2019/12/04,2019/12/05,0,,60
Apartamentos Artesa 22 Valencia,5546723,Apartamento,Valencia,1,1,€ 112,2019/12/04,2019/12/05,0,,60
Valencia City Apartment,5460796,Apartamentos,Valencia,1,1,€ 115,2019/12/04,2019/12/05,0,,60
CASA MARQUES DE CARO,4472176,Apartamento,Valencia,1,1,€ 121,2019/12/04,2019/12/05,0,,60
Cerca de la Playa- el Puerto y del Oceanográfico,5211380,Apartamento,Valencia,1,1,€ 151,2019/12/04,2019/12/05,0,,60
Todo el centro histórico a tu alcance.,5610526,Apartamento,Valencia,1,1,€ 152,2019/12/04,2019/12/05,0,,60
The White Apartment: Luxury- Beach and Design,5631365,Apartamento,Valencia,1,1,€ 167,2019/12/04,2019/12/05,0,,60
Apartment Carrer Ernesto Che Guevara,5598848,Apartamentos,Valencia,1,1,€ 211,2019/12/04,2019/12/05,0,,60
"Flat ""Ca Alexandre""",3687859,Apartamento,Valencia,1,1,€ 240,2019/12/04,2019/12/05,0,,60
Turia Guesthouse - B&B,2884427,Apartamento,Valencia,1,1,€ 265,2019/12/04,2019/12/05,0,,60
Apartment Carrer de Don Juan de Austria,5464038,Apartamentos,Valencia,1,1,€ 275,2019/12/04,2019/12/05,0,,60
Dreams Rental City Hall,337092,Apartamentos,Valencia,1,1,€ 280,2019/12/04,2019/12/05,0,,60
Governor Residence,3799760,Apartahotel,Valencia,1,1,€ 600,2019/12/04,2019/12/05,0,,60
Apartment Carrer de Cadis,5531328,Apartamentos,Valencia,1,1,€ 648,2019/12/04,2019/12/05,0,,60
One Shot Colón 46,1394168,NA,Valencia,1,1,€ 67,2019/12/04,2019/12/05,3,"8,7",60
Bianca,4232781,Apartamentos,Valencia,1,1,€ 69,2019/12/04,2019/12/05,0,"8,9",60
Luminous & Cosy Down Town Apartment,3973347,Apartamento,Valencia,1,1,NA,2019/12/04,2019/12/05,0,"8,6",60
Hotel Gabbeach,403586,NA,Valencia,1,1,€ 69,2019/12/04,2019/12/05,3,"8,5",60
Colors Rooms,675839,NA,Valencia,1,1,€ 40,2019/12/04,2019/12/05,0,"9,6",60
United Colors of Apartments Boutique Style,5372347,Apartamentos,Valencia,1,1,€ 64,2019/12/04,2019/12/05,0,"9,5",60
Cómoda habitación Valencia,4200488,NA,Valencia,1,1,NA,2019/12/04,2019/12/05,0,"9,6",60
Sercotel Sorolla Palace,93646,NA,Valencia,1,1,€ 70,2019/12/04,2019/12/05,4,"8,6",60
BUBUFLATS / Mercat,783206,Apartamentos,Valencia,1,1,€ 70,2019/12/04,2019/12/05,0,"8,9",60
Valencia maritimo,3020748,Apartamento,Valencia,1,1,€ 70,2019/12/04,2019/12/05,0,"8,9",60
Apartamentos Valencia,1007682,Apartamentos,Valencia,1,1,€ 50,2019/12/04,2019/12/05,0,"8,2",60
Ramirez Flats & Bar,4124528,Apartahotel,Valencia,1,1,€ 71,2019/12/04,2019/12/05,0,"9,5",60
Bubuflats Bubu 3,1014334,Apartamento,Valencia,1,1,€ 75,2019/12/04,2019/12/05,0,"9,6",60
Apartamento luminoso y acogedor,3489126,Apartamento,Valencia,1,1,€ 78,2019/12/04,2019/12/05,0,"9,5",60
LOFT apartamento duplex en Valencia con parking,5519008,Apartamento,Valencia,1,1,€ 80,2019/12/04,2019/12/05,0,"9,8",60
Apartamentos Barraca,2609457,Apartamento,Valencia,1,1,€ 50,2019/12/04,2019/12/05,0,"8,2",60
Living Puerto,189343,Apartamentos,Valencia,1,1,NA,2019/12/04,2019/12/05,0,"7,5",60
Boutique Creative Rooms,2334726,NA,Valencia,1,1,€ 72,2019/12/04,2019/12/05,0,"8,7",60
Hotel San Lorenzo Boutique,1307718,NA,Valencia,1,1,€ 72,2019/12/04,2019/12/05,3,"8,6",60
Total Valencia Cathedral,1908021,Apartamento,Valencia,1,1,NA,2019/12/04,2019/12/05,0,"8,7",60
Moon Valencia,3560698,Apartamentos,Valencia,1,1,€ 74,2019/12/04,2019/12/05,0,"8,8",60
Apartamentos Rusafa,5604325,NA,Valencia,1,1,€ 50,2019/12/04,2019/12/05,0,"8,3",60
Happy Apartments Valencia – Lope de Vega,575582,Apartamentos,Valencia,1,1,€ 51,2019/12/04,2019/12/05,0,"8,1",60
Happy Apartments Valencia,456043,Apartamentos,Valencia,1,1,€ 51,2019/12/04,2019/12/05,0,"8,2",60
Aparthotel Valencia Rental,17344,Apartahotel,Valencia,1,1,€ 51,2019/12/04,2019/12/05,0,8,60
Down Town,1656378,Apartamentos,Valencia,1,1,€ 53,2019/12/04,2019/12/05,0,"8,3",60
Up Town,2244083,Apartamentos,Valencia,1,1,€ 53,2019/12/04,2019/12/05,0,"8,2",60
La Casa Del Colibri Youth Hostel,2094497,NA,Valencia,1,1,NA,2019/12/04,2019/12/05,0,"7,9",60
Sweet Hotel Continental,93856,NA,Valencia,1,1,€ 54,2019/12/04,2019/12/05,2,"8,3",60
NH Valencia Las Ciencias,90725,NA,Valencia,1,1,€ 54,2019/12/04,2019/12/05,3,8,60
Urban Youth Hostel,1163025,NA,Valencia,1,1,€ 55,2019/12/04,2019/12/05,0,"8,4",60
Senator Parque Central Hotel,274963,NA,Valencia,1,1,€ 55,2019/12/04,2019/12/05,4,"8,1",60
Pension MonaLisa Luxury Suites,3834224,NA,Valencia,1,1,€ 56,2019/12/04,2019/12/05,0,"8,2",60
Hostal Antigua Morellana,1273937,NA,Valencia,1,1,€ 80,2019/12/04,2019/12/05,1,"9,5",60
Valencian Dreams Lonja,4757385,Apartamento,Valencia,1,1,€ 87,2019/12/04,2019/12/05,0,"9,8",60
Hexagonal Design Apartment Valencia,4630643,Apartamento,Valencia,1,1,NA,2019/12/04,2019/12/05,0,"9,5",60
L'Esplai Valencia Bed & Breakfast,1282556,NA,Valencia,1,1,€ 91,2019/12/04,2019/12/05,0,"9,6",60
Homestay Carrer Sagun,5006434,NA,Valencia,1,1,€ 75,2019/12/04,2019/12/05,0,"8,9",60
BUBUFLATS Mossén,1141763,Apartamentos,Valencia,1,1,€ 75,2019/12/04,2019/12/05,0,"8,9",60
Habitación doble,3599930,NA,Valencia,1,1,€ 75,2019/12/04,2019/12/05,0,"8,9",60
Hotel Medium Valencia,96838,NA,Valencia,1,1,€ 59,2019/12/04,2019/12/05,4,"8,2",60
Art of Dance Apartment Valencia,3732969,Apartamento,Valencia,1,1,NA,2019/12/04,2019/12/05,0,"7,7",60
Zenit Valencia,92327,NA,Valencia,1,1,€ 77,2019/12/04,2019/12/05,4,"8,8",60
Casual Vintage Valencia,1710241,NA,Valencia,1,1,€ 78,2019/12/04,2019/12/05,2,"8,6",60
Apartments Plaza Ayuntamiento,3506736,Apartamento,Valencia,1,1,NA,2019/12/04,2019/12/05,0,"8,7",60
Tryp Valencia Feria,92852,NA,Valencia,1,1,€ 59,2019/12/04,2019/12/05,4,"8,4",60
Calle de Frederica Montseny 'Política' Casa o chalet,5152866,Casa o chalet,Valencia,1,1,€ 95,2019/12/04,2019/12/05,0,"9,6",60
Opera House Valencia B&B,3533887,NA,Valencia,1,1,€ 96,2019/12/04,2019/12/05,0,"9,5",60
Casa La Buhardilla,2985364,Apartamento,Valencia,1,1,€ 97,2019/12/04,2019/12/05,0,"9,6",60
Valenciaflats Centro Histórico,94781,Apartamentos,Valencia,1,1,€ 78,2019/12/04,2019/12/05,0,"8,7",60
Citizentral Gascons,332095,Apartamentos,Valencia,1,1,€ 79,2019/12/04,2019/12/05,0,"8,8",60
Hotel Valencia Oceanic Managed by Melia Hotels International,91522,NA,Valencia,1,1,€ 79,2019/12/04,2019/12/05,4,"8,6",60
MODERNO Y ACOGEDOR FRENTE A RUZAFA Y CERCA DEL CENTRO,4490444,Apartamento,Valencia,1,1,€ 79,2019/12/04,2019/12/05,0,"8,7",60
Precioso piso junto al antiguo barrio de Campanar,3297078,Apartamento,Valencia,1,1,€ 100,2019/12/04,2019/12/05,0,"9,5",60
Apartments Downtown Valencia,2250421,Apartamentos,Valencia,1,1,€ 110,2019/12/04,2019/12/05,0,"9,6",60
Central Park Apartment Valencia,3881533,Apartamento,Valencia,1,1,NA,2019/12/04,2019/12/05,0,"9,5",60
Olympia Flats,4212801,NA,Valencia,1,1,€ 70,2019/12/04,2019/12/05,0,"9,7",60
MARQUÉS HOUSE 4* SUP,2118880,NA,Valencia,1,1,€ 149,2019/12/04,2019/12/05,4,"9,5",60
Apartamento centro,3160737,Apartamento,Valencia,1,1,€ 165,2019/12/04,2019/12/05,0,"9,7",60
APARTAMENTO LAS MELLIZAS,4651578,NA,Valencia,1,1,€ 47,2019/12/04,2019/12/05,0,"8,4",60
7 Moons Bed & Breakfast,464187,NA,Valencia,1,1,€ 59,2019/12/04,2019/12/05,0,"8,4",60
El Coso,14580,NA,Valencia,1,1,€ 60,2019/12/04,2019/12/05,3,"8,2",60
Disfruta - Enjoy Valencia Oceanografic,4121345,Apartamento,Valencia,1,1,€ 209,2019/12/04,2019/12/05,0,"9,6",60
Disfruta - Enjoy Valencia Ayuntamiento,4901194,Apartamento,Valencia,1,1,€ 209,2019/12/04,2019/12/05,0,"9,6",60
Dormavalencia Hostel Regne,291755,NA,Valencia,1,1,€ 60,2019/12/04,2019/12/05,1,8,60
Sol Playa,12656,NA,Valencia,1,1,€ 60,2019/12/04,2019/12/05,2,"8,3",60
Patacona Beach Apartment,4533678,Apartamento,Valencia,1,1,€ 109,2019/12/04,2019/12/05,0,"8,3",60
142 Carrer del Progrés,4840482,Apartamento,Valencia,1,1,NA,2019/12/04,2019/12/05,0,"7,1",60
Friendly Rentals ABC,3656596,Apartamento,Valencia,1,1,€ 110,2019/12/04,2019/12/05,0,"8,3",60
Friendly Rentals Puerto Deportivo,2317861,Apartamentos,Valencia,1,1,€ 110,2019/12/04,2019/12/05,0,"8,2",60
Casa Calle Conquista,4691493,Apartamento,Valencia,1,1,€ 240,2019/12/04,2019/12/05,0,"9,6",60
Apartamento Bolseria 28,881275,Apartamentos,Valencia,1,1,NA,2019/12/04,2019/12/05,0,"9,5",60
Luxury Beach Apartment with Pool,3841868,Apartamento,Valencia,1,1,€ 355,2019/12/04,2019/12/05,0,"9,7",60
Apartamentos Sollana 18 Cerca de les Arts i les Ciencies Valencia- FREE WI-FI,5232423,Apartamento,Valencia,1,1,€ 113,2019/12/04,2019/12/05,0,"8,1",60
Loft by the Beach,4441671,Apartamento,Valencia,1,1,€ 115,2019/12/04,2019/12/05,0,"8,4",60
Friendly Rentals Pergolesi,1634240,Apartamento,Valencia,1,1,€ 115,2019/12/04,2019/12/05,0,"8,4",60
Apartamento Privado Próximo a Playa y Ciencias,3783163,Apartamento,Valencia,1,1,€ 120,2019/12/04,2019/12/05,0,"8,2",60
Tranquilo Apartamento En Plaza Cisneros,3127388,Apartamento,Valencia,1,1,€ 111,2019/12/04,2019/12/05,0,"8,9",60
City of Arts & Spa Apartment,4820684,Apartamento,Valencia,1,1,€ 60,2019/12/04,2019/12/05,0,8,60
Like Apartments XL,558122,Apartamentos,Valencia,1,1,NA,2019/12/04,2019/12/05,0,"7,5",60
Hotel Valencia Center,91285,NA,Valencia,1,1,€ 61,2019/12/04,2019/12/05,4,"8,4",60
MD PASEO RUZAFA CENTER,5374850,Apartamento,Valencia,1,1,€ 1.030,2019/12/04,2019/12/05,0,"9,6",60
YOU & CO. Saler Beach Boutique,4533007,NA,Valencia,1,1,€ 38,2019/12/04,2019/12/05,3,9,60
Cantagua Hostel,4074640,NA,Valencia,1,1,€ 39,2019/12/04,2019/12/05,0,"9,1",60
Rooms Ciencias,94126,NA,Valencia,1,1,€ 53,2019/12/04,2019/12/05,0,9,60
NH Ciudad de Valencia,90729,NA,Valencia,1,1,€ 61,2019/12/04,2019/12/05,3,"8,1",60
Hotel Miramar,23332,NA,Valencia,1,1,€ 61,2019/12/04,2019/12/05,2,"8,4",60
Vincci Lys,91183,NA,Valencia,1,1,€ 114,2019/12/04,2019/12/05,4,"8,9",60
Dreams Rental Plaza Redonda,1665625,Apartamentos,Valencia,1,1,NA,2019/12/04,2019/12/05,0,"8,2",60
Plaza de la Virgen,3167342,Apartamento,Valencia,1,1,€ 115,2019/12/04,2019/12/05,0,"8,8",60
Catalonia Excelsior,90578,NA,Valencia,1,1,€ 80,2019/12/04,2019/12/05,3,"8,7",60
Apartments Madrina,3278589,Apartamentos,Valencia,1,1,€ 80,2019/12/04,2019/12/05,0,"8,9",60
Valencia City Designer Bioparc,3085078,Apartamento,Valencia,1,1,NA,2019/12/04,2019/12/05,0,"8,9",60
Big spacious penthouse next to the sea,3289648,Apartamento,Valencia,1,1,€ 80,2019/12/04,2019/12/05,0,"8,8",60
Friendly Rentals Schubert,1634221,Apartamentos,Valencia,1,1,€ 120,2019/12/04,2019/12/05,0,"8,9",60
Friendly Rentals Casals,1769176,Apartamento,Valencia,1,1,€ 120,2019/12/04,2019/12/05,0,"8,7",60
Friendly Rentals Soler,1634237,Apartamento,Valencia,1,1,€ 125,2019/12/04,2019/12/05,0,"8,7",60
SingularStays Botanico 29 Rooms,1643960,NA,Valencia,1,1,NA,2019/12/04,2019/12/05,0,"7,3",60
Zerka Centro,4425975,Apartamentos,Valencia,1,1,€ 129,2019/12/04,2019/12/05,0,"8,3",60
Valenciaflats Torres de Serrano,17468,Apartamentos,Valencia,1,1,€ 63,2019/12/04,2019/12/05,0,"8,3",60
L'Otelet By Sweet,1467935,NA,Valencia,1,1,€ 64,2019/12/04,2019/12/05,0,"8,3",60
Barceló Valencia,91988,NA,Valencia,1,1,€ 81,2019/12/04,2019/12/05,4,"8,7",60
Suites by Eric Olsan (Florista),4726450,Apartamentos,Valencia,1,1,€ 82,2019/12/04,2019/12/05,0,"8,5",60
Ad Hoc Monumental,90719,NA,Valencia,1,1,€ 82,2019/12/04,2019/12/05,3,"8,6",60
Hotel Mediterraneo Valencia,92412,NA,Valencia,1,1,€ 82,2019/12/04,2019/12/05,3,"8,8",60
Almiserat,3054886,Apartamento,Valencia,1,1,€ 70,2019/12/04,2019/12/05,0,"7,1",60
Apartment Horticultor Bosch,1148669,Apartamento,Valencia,1,1,€ 70,2019/12/04,2019/12/05,0,"7,3",60
Mi casa es vuestra casa,4967097,NA,Valencia,1,1,€ 70,2019/12/04,2019/12/05,0,"7,1",60
La Casa dei Fiori,2849727,Apartamento,Valencia,1,1,€ 85,2019/12/04,2019/12/05,0,"7,2",60
Hospes Palau de La Mar,93823,NA,Valencia,1,1,€ 128,2019/12/04,2019/12/05,5,"8,8",60
Precioso Apartamento En Pleno Centro Con Wifi,3023494,Apartamento,Valencia,1,1,€ 130,2019/12/04,2019/12/05,0,"8,8",60
Apartamento Centro de Valencia Old Town,1531242,Apartamentos,Valencia,1,1,NA,2019/12/04,2019/12/05,0,8,60
Apartamentos Valencia - Brazil 31 Free WiFi,4948554,Apartamento,Valencia,1,1,€ 130,2019/12/04,2019/12/05,0,"8,9",60
Friendly Rentals Gala,1634252,Apartamento,Valencia,1,1,€ 130,2019/12/04,2019/12/05,0,"8,7",60
Apartments Welcome to Valencia Peset Aleixandre 69,4964856,Apartamento,Valencia,1,1,€ 131,2019/12/04,2019/12/05,0,"8,5",60
Friendly Rentals Strauss,1634236,Apartamento,Valencia,1,1,€ 135,2019/12/04,2019/12/05,0,"8,6",60
Apartamento Casa con Angel,1079935,Apartamento,Valencia,1,1,€ 137,2019/12/04,2019/12/05,0,"8,8",60
Valencia Apartmans El Carmen,847910,Apartamentos,Valencia,1,1,€ 87,2019/12/04,2019/12/05,0,"7,4",60
Lujoso Apartamento En El Carmen,2814452,Apartamento,Valencia,1,1,€ 88,2019/12/04,2019/12/05,0,"7,4",60
Guest House Samuel Ros,4161855,NA,Valencia,1,1,€ 90,2019/12/04,2019/12/05,0,"7,3",60
Kirei Apartment Na Jordana,1702092,Apartamentos,Valencia,1,1,€ 101,2019/12/04,2019/12/05,0,7,60
Apartamento Gran Vía Marqués del Turia,2358973,Apartamento,Valencia,1,1,€ 139,2019/12/04,2019/12/05,0,"8,5",60
B&B Una Habitación Propia,1450279,NA,Valencia,1,1,NA,2019/12/04,2019/12/05,0,"8,2",60
Friendly Rentals Verdi 2,2523881,Apartamento,Valencia,1,1,€ 140,2019/12/04,2019/12/05,0,"8,8",60
FREE WI-FI. Apartamentos 90 м2 - Assutzena 5,4828764,Apartamento,Valencia,1,1,€ 143,2019/12/04,2019/12/05,0,"8,7",60
Spain Host Valencia Centro- San Vicente II,2567628,Apartamento,Valencia,1,1,€ 114,2019/12/04,2019/12/05,0,"7,4",60
Kirei Apartment En Llop,1765516,Apartamentos,Valencia,1,1,€ 137,2019/12/04,2019/12/05,0,"7,1",60
Cathedral Suites Hotel,1736257,Apartahotel,Valencia,1,1,€ 145,2019/12/04,2019/12/05,4,"8,9",60
Friendly Rentals Desplat,4120221,Apartamento,Valencia,1,1,€ 145,2019/12/04,2019/12/05,0,"8,5",60
ValentiaApartments - MercadoCentral,4185241,Apartamentos,Valencia,1,1,€ 147,2019/12/04,2019/12/05,0,"8,7",60
Apartamento LUXURY CENTRO HISTORICO,3664772,Apartamento,Valencia,1,1,€ 149,2019/12/04,2019/12/05,0,"8,6",60
Calle D Juan de Austria 4,4036814,Apartamento,Valencia,1,1,NA,2019/12/04,2019/12/05,0,"8,4",60
Best Valencia Beach Flat,3246772,Apartamento,Valencia,1,1,€ 192,2019/12/04,2019/12/05,0,"7,1",60
HOSTAL BED OF THE SEA,3974636,NA,Valencia,1,1,€ 200,2019/12/04,2019/12/05,0,"7,1",60
MD Puerto Rico Apartment Ruzafa,3737151,Apartamento,Valencia,1,1,€ 289,2019/12/04,2019/12/05,0,"7,4",60
Select Home Catedral,440778,Apartamentos,Valencia,1,1,€ 340,2019/12/04,2019/12/05,0,"7,1",60
Stylish newly renovated in great location /WIFI,3661070,Apartamento,Valencia,1,1,€ 149,2019/12/04,2019/12/05,0,"8,6",60
Apartamento Sofia,2552406,Apartamento,Valencia,1,1,€ 150,2019/12/04,2019/12/05,0,"8,6",60
Friendly Rentals Ferrero,2314984,Apartamento,Valencia,1,1,€ 150,2019/12/04,2019/12/05,0,"8,9",60
Friendly Rentals Gimenez,1634242,Apartamento,Valencia,1,1,€ 130,2019/12/04,2019/12/05,0,"8,1",60
Apartamento Obispo don Jerónimo,2079020,Apartamento,Valencia,1,1,€ 135,2019/12/04,2019/12/05,0,"8,2",60
Friendly Rentals Verdi,1634232,Apartamento,Valencia,1,1,€ 145,2019/12/04,2019/12/05,0,"8,1",60
Friendly rentals Enesco Beach,2526514,Apartamento,Valencia,1,1,€ 150,2019/12/04,2019/12/05,0,8,60
Friendly Rentals Evans,1634220,Apartamentos,Valencia,1,1,€ 150,2019/12/04,2019/12/05,0,"8,4",60
Ruzafa Rooms,2891693,NA,Valencia,1,1,€ 32,2019/12/04,2019/12/05,0,"6,9",60
Guest House Lebon,3124256,NA,Valencia,1,1,€ 60,2019/12/04,2019/12/05,0,"6,8",60
Vamos A la Playa,5030500,Apartamento,Valencia,1,1,€ 90,2019/12/04,2019/12/05,0,"6,5",60
Puerta de Serranos,2734333,Apartamentos,Valencia,1,1,€ 161,2019/12/04,2019/12/05,0,"8,8",60
Friendly Rentals Vives 2,2523871,Apartamento,Valencia,1,1,€ 165,2019/12/04,2019/12/05,0,"8,6",60
Apartamentos Austria Valencia,390827,Apartamentos,Valencia,1,1,NA,2019/12/04,2019/12/05,0,"7,1",60
Friendly Rentals Telemann,1634241,Apartamento,Valencia,1,1,€ 150,2019/12/04,2019/12/05,0,"8,2",60
Old Town Flats Casa Burguerini,4552106,Apartamentos,Valencia,1,1,€ 151,2019/12/04,2019/12/05,0,"8,2",60
Casa los Peces,3234194,Apartamento,Valencia,1,1,€ 154,2019/12/04,2019/12/05,0,"8,3",60
Loft el Carmen amazing views,4932621,Apartamento,Valencia,1,1,€ 172,2019/12/04,2019/12/05,0,"8,1",60
Alojo Patraix,2710394,Apartamento,Valencia,1,1,€ 175,2019/12/04,2019/12/05,0,"8,3",60
Vlc Apartaments el Carmen,389902,Apartamentos,Valencia,1,1,€ 214,2019/12/04,2019/12/05,0,"8,2",60
MD Villalonga Malvarosa Beach,3739661,Apartamento,Valencia,1,1,NA,2019/12/04,2019/12/05,0,"7,1",60
Musico Peydro Apartments,3765069,Apartamentos,Valencia,1,1,€ 271,2019/12/04,2019/12/05,0,8,60
Casita Esmeralda,2040126,Casa o chalet,Valencia,1,1,€ 114,2019/12/04,2019/12/05,0,"6,5",60
Fun and Sun Center 2,2944416,NA,Valencia,1,1,€ 32,2019/12/04,2019/12/05,0,"6,1",60
Loft Central Market - Tapas,3187998,Apartamentos,Valencia,1,1,€ 93,2019/12/04,2019/12/05,0,"6,4",60
Gon & Diego House,4899561,NA,Valencia,1,1,€ 40,2019/12/04,2019/12/05,0,"5,5",60
Guest House Higinio Noja,2845935,NA,Valencia,1,1,€ 60,2019/12/04,2019/12/05,0,"5,9",60
Carrer del Bisbe Jaume Pérez,4900140,NA,Valencia,1,1,€ 60,2019/12/04,2019/12/05,0,"5,8",60
Oliver,4865093,NA,Valencia,1,1,€ 63,2019/12/04,2019/12/05,0,"5,5",60
Kirei Apartment Berlin,4504570,Apartamentos,Valencia,1,1,€ 103,2019/12/04,2019/12/05,0,"5,6",60
Malvarrosa Calle Pavia,3608764,Casa o chalet,Valencia,1,1,€ 271,2019/12/04,2019/12/05,0,8,60
NWT Central Station Apartments,3964093,Apartamento,Valencia,1,1,€ 300,2019/12/04,2019/12/05,0,"8,2",60
MD Vila Barbera Apartment Center,1957253,Apartamento,Valencia,1,1,€ 330,2019/12/04,2019/12/05,0,"8,3",60
MD Sueca. Apartment with Terrace Ruzafa,2551179,Apartamento,Valencia,1,1,€ 330,2019/12/04,2019/12/05,0,"8,2",60
APARTAMENTO CENTRICO. WI-FI. PARKING,2967593,Apartamento,Valencia,1,1,€ 80,2019/12/04,2019/12/05,0,"9,1",60
Maison Reina B&B,5004812,NA,Valencia,1,1,€ 80,2019/12/04,2019/12/05,0,"9,2",60
Apartments Abate 4,2848648,Apartamentos,Valencia,1,1,NA,2019/12/04,2019/12/05,0,9,60
Dolz Garden Ruzafa,1123993,Apartamentos,Valencia,1,1,€ 80,2019/12/04,2019/12/05,0,"9,1",60
Las Arenas Balneario Resort,91144,NA,Valencia,1,1,€ 135,2019/12/04,2019/12/05,5,9,60
One Shot Mercat 09,2274203,NA,Valencia,1,1,€ 84,2019/12/04,2019/12/05,4,"9,1",60
Hotel Valencia Alameda,4019381,NA,Valencia,1,1,€ 84,2019/12/04,2019/12/05,4,"9,3",60
Friendly Rentals Torrealba,1634243,Apartamento,Valencia,1,1,€ 140,2019/12/04,2019/12/05,0,"9,3",60
Heart Valencia Apartment,2737003,Apartamento,Valencia,1,1,NA,2019/12/04,2019/12/05,0,"8,6",60
Apartament Cura Femenia,2010355,Apartamento,Valencia,1,1,€ 142,2019/12/04,2019/12/05,0,"9,3",60
Una Ubicacion Perfecta,3114164,Apartamentos,Valencia,1,1,€ 85,2019/12/04,2019/12/05,0,"9,1",60
Atico de Lujo,2142556,Apartamento,Valencia,1,1,€ 85,2019/12/04,2019/12/05,0,"9,2",60
Friendly Rentals Montaner Beach,2314997,Apartamento,Valencia,1,1,€ 145,2019/12/04,2019/12/05,0,9,60
Sweet Caroline Apartment,1811784,Apartamento,Valencia,1,1,€ 150,2019/12/04,2019/12/05,0,"9,2",60
Hotel Boutique Balandret,1281710,NA,Valencia,1,1,€ 86,2019/12/04,2019/12/05,3,"9,2",60
Total Valencia White,2201908,Apartamento,Valencia,1,1,NA,2019/12/04,2019/12/05,0,"9,2",60
Citizentral Juristas,1113127,Apartamentos,Valencia,1,1,€ 86,2019/12/04,2019/12/05,0,"9,2",60
Apartamentos El Olivo,1985143,Apartamento,Valencia,1,1,€ 86,2019/12/04,2019/12/05,0,"9,4",60
B BEACH VALENCIA,5125954,Apartamento,Valencia,1,1,€ 150,2019/12/04,2019/12/05,0,"9,1",60
Friendly Rentals Rey,1634248,Apartamento,Valencia,1,1,€ 150,2019/12/04,2019/12/05,0,9,60
Mediterranean Flats Plaza Redonda,4086496,Apartamentos,Valencia,1,1,€ 155,2019/12/04,2019/12/05,0,"9,3",60
SingularStays Lope de Vega,1760119,Apartamentos,Valencia,1,1,NA,2019/12/04,2019/12/05,0,"8,6",60
Edificio Pentagono,4673669,Apartamento,Valencia,1,1,€ 155,2019/12/04,2019/12/05,0,"9,1",60
MYR Hotel Plaza Mercado & Spa,1619029,Apartahotel,Valencia,1,1,€ 87,2019/12/04,2019/12/05,0,"9,2",60
Mon Suites San Nicolas,4117225,Apartamentos,Valencia,1,1,€ 87,2019/12/04,2019/12/05,0,"9,2",60
Sorolla Centro,90896,NA,Valencia,1,1,€ 88,2019/12/04,2019/12/05,3,"9,1",60
Apartamento cerca de la Playa y el Centro,2620264,Apartamento,Valencia,1,1,€ 88,2019/12/04,2019/12/05,0,9,60
Zerka Sendra,4657122,Apartamento,Valencia,1,1,€ 179,2019/12/04,2019/12/05,0,9,60
Apartamento Playa Wifi Gratis,3495634,Apartamento,Valencia,1,1,€ 190,2019/12/04,2019/12/05,0,"9,3",60
Caro Hotel,348132,NA,Valencia,1,1,€ 199,2019/12/04,2019/12/05,5,"9,2",60
Arena's Apartament,2156905,Apartamento,Valencia,1,1,€ 200,2019/12/04,2019/12/05,0,"9,1",60
Kasa Katia Eco Guest House,636256,NA,Valencia,1,1,NA,2019/12/04,2019/12/05,0,"9,3",60
Turia Burjassot 12,3237353,Apartamento,Valencia,1,1,€ 90,2019/12/04,2019/12/05,0,9,60
Jardines del Turia - Espacioso apartamento,2734126,Apartamento,Valencia,1,1,€ 200,2019/12/04,2019/12/05,0,"9,1",60
Apartamento Con Vistas Espectaculares,2789610,Apartamento,Valencia,1,1,NA,2019/12/04,2019/12/05,0,"8,9",60
Loft Superior el Carmen,2784473,Apartamento,Valencia,1,1,€ 209,2019/12/04,2019/12/05,0,"9,2",60
RUZAFA. Nice apartment and Terrace.,4368595,Apartamento,Valencia,1,1,€ 90,2019/12/04,2019/12/05,0,"9,3",60
Dama Del Puerto,3230781,Apartamento,Valencia,1,1,€ 90,2019/12/04,2019/12/05,0,9,60
Olvida tu Reloj Montichelvo Apartment,3258095,Apartamento,Valencia,1,1,€ 91,2019/12/04,2019/12/05,0,"9,4",60
City Center Atico 360,3025679,Apartamento,Valencia,1,1,€ 210,2019/12/04,2019/12/05,0,"9,4",60
Ca Carmela,2466364,Casa o chalet,Valencia,1,1,€ 225,2019/12/04,2019/12/05,0,"9,1",60
Olvida tu Reloj Congresos Apartment,2448036,Apartamento,Valencia,1,1,€ 91,2019/12/04,2019/12/05,0,"9,2",60
Mon Suites Catedral,485679,Apartamentos,Valencia,1,1,€ 91,2019/12/04,2019/12/05,0,"9,2",60
Apartamento Mercado Central,4751166,Apartamento,Valencia,1,1,NA,2019/12/04,2019/12/05,0,"9,2",60
Biopark View Apartment,2381901,Apartamento,Valencia,1,1,€ 92,2019/12/04,2019/12/05,0,9,60
MD Julio Antonio Apartment Center,3961049,Apartamento,Valencia,1,1,€ 285,2019/12/04,2019/12/05,0,"9,2",60
Old Fisherman's House in Malvarrosa Beach,3618172,Apartamento,Valencia,1,1,€ 360,2019/12/04,2019/12/05,0,"9,4",60
Pensión Alicante,298710,NA,Valencia,1,1,€ 31,2019/12/04,2019/12/05,0,"8,5",60
Casual Socarrat Valencia,5142800,NA,Valencia,1,1,€ 94,2019/12/04,2019/12/05,3,"9,2",60
Center City Flats,861452,Apartamentos,Valencia,1,1,€ 94,2019/12/04,2019/12/05,0,"9,1",60
Flats Friends Soho Suites,1819642,Apartamentos,Valencia,1,1,NA,2019/12/04,2019/12/05,0,"8,6",60
Hulot B&B Valencia,585429,NA,Valencia,1,1,€ 41,2019/12/04,2019/12/05,0,"8,5",60
Mon Suites San Martin,2777545,Apartamentos,Valencia,1,1,€ 95,2019/12/04,2019/12/05,0,"9,4",60
Loft zona Pechina en Valencia centro,2524985,Apartamento,Valencia,1,1,€ 98,2019/12/04,2019/12/05,0,"9,2",60
UNIK. Apartments Valencia,2241282,Apartamentos,Valencia,1,1,€ 42,2019/12/04,2019/12/05,0,"8,5",60
B&B Almirante,369695,NA,Valencia,1,1,€ 43,2019/12/04,2019/12/05,1,"8,8",60
Buho House,3777691,Apartahotel,Valencia,1,1,€ 44,2019/12/04,2019/12/05,0,"8,5",60
Home Youth Hostel by Feetup Hostels,189322,NA,Valencia,1,1,€ 45,2019/12/04,2019/12/05,0,"8,8",60
