name,propertyId,propertyType,city,rooms,days,price,checkIn,checkOut,stars,score,advance
Apartamento Ciudad de las Artes y las Ciencias,4353552,Apartamento,Valencia,1,1,€ 78,2019/11/10,2019/11/11,0,"8,3",30
Carlos & Ana,2079019,Apartamento,Valencia,1,1,€ 195,2019/11/10,2019/11/11,0,"8,9",30
Exclusive Beach Apartment,4641691,Apartamento,Valencia,1,1,€ 205,2019/11/10,2019/11/11,0,"8,9",30
Vivaldi Penthouse Ayuntamiento,1289561,Apartamento,Valencia,1,1,NA,2019/11/10,2019/11/11,0,"9,2",30
SingularStays Parque Central,3054000,Apartamentos,Valencia,1,1,€ 249,2019/11/10,2019/11/11,0,"8,8",30
Guest House Duc de Gaeta,2275007,NA,Valencia,1,1,€ 28,2019/11/10,2019/11/11,0,"4,9",30
Guesthouse Plaza de Toros,2985902,NA,Valencia,1,1,€ 33,2019/11/10,2019/11/11,0,"4,8",30
Flatsforyou Ruzafa,3342696,Apartamentos,Valencia,1,1,NA,2019/11/10,2019/11/11,0,"8,7",30
Center Valencia Youth Hostel,246931,NA,Valencia,1,1,€ 20,2019/11/10,2019/11/11,0,8,30
Red Nest Hostel,92283,NA,Valencia,1,1,€ 37,2019/11/10,2019/11/11,0,"8,2",30
Aparthotel Valencia Rental,17344,Apartahotel,Valencia,1,1,€ 44,2019/11/10,2019/11/11,0,8,30
Habitacion en Valencia,4861732,NA,Valencia,1,1,€ 45,2019/11/10,2019/11/11,0,"8,2",30
RoomTuristValencia RuzafaSumsi,4682802,NA,Valencia,1,1,€ 40,2019/11/10,2019/11/11,0,"4,5",30
Malvarosa,3820590,Apartamento,Valencia,1,1,€ 90,2019/11/10,2019/11/11,0,"3,9",30
Double Room in VALENCIA,5665653,NA,Valencia,1,1,€ 30,2019/11/10,2019/11/11,0,,30
Masatepe Room Valencia,5687127,NA,Valencia,1,1,€ 30,2019/11/10,2019/11/11,0,,30
Bright room with trundle bed,5560260,NA,Valencia,1,1,€ 46,2019/11/10,2019/11/11,0,,30
Habitaciones con encanto,5629632,NA,Valencia,1,1,€ 50,2019/11/10,2019/11/11,0,,30
Petit Palomar,2187491,Apartamentos,Valencia,1,1,NA,2019/11/10,2019/11/11,0,"8,9",30
Brugada home,5259150,NA,Valencia,1,1,€ 55,2019/11/10,2019/11/11,0,,30
Rooms El Picolino,5326859,NA,Valencia,1,1,€ 55,2019/11/10,2019/11/11,0,,30
vosotros sereis parte de mi familia.,5299568,NA,Valencia,1,1,€ 60,2019/11/10,2019/11/11,0,,30
Valencia- habitacion,5366858,NA,Valencia,1,1,€ 65,2019/11/10,2019/11/11,0,,30
Hideout 26,5658117,Apartamentos,Valencia,1,1,€ 66,2019/11/10,2019/11/11,0,,30
Hostal Abastos,257057,NA,Valencia,1,1,€ 45,2019/11/10,2019/11/11,2,"8,2",30
Center Valencia,2944722,Casa o chalet,Valencia,1,1,NA,2019/11/10,2019/11/11,0,"9,3",30
Habitacion en Valencia Barata,4861796,NA,Valencia,1,1,€ 45,2019/11/10,2019/11/11,0,"8,1",30
Hotel Cosmo,4838858,NA,Valencia,1,1,€ 67,2019/11/10,2019/11/11,3,,30
Apartments Catedral,309686,Apartamentos,Valencia,1,1,NA,2019/11/10,2019/11/11,0,"8,8",30
Bonito Apartamento- confortable y bien comunicado,5572090,Apartamento,Valencia,1,1,€ 68,2019/11/10,2019/11/11,0,,30
Cabanyal Apartment con patio,4323384,Apartamento,Valencia,1,1,€ 69,2019/11/10,2019/11/11,0,,30
Apartamentos Navío,5647176,Apartamento,Valencia,1,1,€ 70,2019/11/10,2019/11/11,0,,30
Piso en Playa de Valencia,5533098,Apartamento,Valencia,1,1,€ 70,2019/11/10,2019/11/11,0,,30
Hogar Dulce Hogar,5426607,NA,Valencia,1,1,€ 32,2019/11/10,2019/11/11,0,,30
Loft Turia Gran,5133726,Apartamento,Valencia,1,1,€ 80,2019/11/10,2019/11/11,0,,30
SingularStays Comedias,1176158,Apartamentos,Valencia,1,1,NA,2019/11/10,2019/11/11,0,"8,5",30
MD Modern Hotel - Jardines,305447,NA,Valencia,1,1,€ 79,2019/11/10,2019/11/11,1,"8,3",30
Casa Isa,2683762,Apartamento,Valencia,1,1,NA,2019/11/10,2019/11/11,0,"9,2",30
NH Valencia Center,90727,NA,Valencia,1,1,€ 85,2019/11/10,2019/11/11,4,"8,3",30
Eurostars Rey Don Jaime,91520,NA,Valencia,1,1,€ 89,2019/11/10,2019/11/11,4,"8,2",30
El Coso,14580,NA,Valencia,1,1,€ 90,2019/11/10,2019/11/11,3,"8,2",30
Homestay Valencia,2597106,NA,Valencia,1,1,€ 90,2019/11/10,2019/11/11,0,8,30
B&B Hi Valencia Canovas,305349,NA,Valencia,1,1,€ 45,2019/11/10,2019/11/11,0,"8,3",30
Purple Nest Hostel,25278,NA,Valencia,1,1,€ 46,2019/11/10,2019/11/11,0,"8,2",30
Aventura,5567318,NA,Valencia,1,1,€ 50,2019/11/10,2019/11/11,0,8,30
Hotel Olympia Universidades,1301731,NA,Valencia,1,1,€ 50,2019/11/10,2019/11/11,3,"8,4",30
Apartamento Plaza Sainetero,2743838,Apartamento,Valencia,1,1,€ 93,2019/11/10,2019/11/11,0,"8,2",30
APARTAMENTO LAS MELLIZAS,4651578,NA,Valencia,1,1,€ 47,2019/11/10,2019/11/11,0,"8,3",30
Vivaldi Valencia,427198,Apartamento,Valencia,1,1,NA,2019/11/10,2019/11/11,0,"9,3",30
Apartment Valencia,348555,Apartamentos,Valencia,1,1,€ 99,2019/11/10,2019/11/11,0,"8,1",30
Apartamento Privado Próximo a Playa y Ciencias,3783163,Apartamento,Valencia,1,1,€ 100,2019/11/10,2019/11/11,0,"8,1",30
Kirei Apartment Dublin,4639542,Apartamento,Valencia,1,1,€ 96,2019/11/10,2019/11/11,0,,30
Casa Adosada Quintero,5481770,Casa o chalet,Valencia,1,1,€ 99,2019/11/10,2019/11/11,0,,30
Comfort Homestay,5423155,NA,Valencia,1,1,€ 105,2019/11/10,2019/11/11,0,,30
EL ATICO,5680427,Apartamento,Valencia,1,1,€ 107,2019/11/10,2019/11/11,0,,30
Apartamentos Artesa 22 Valencia,5546723,Apartamento,Valencia,1,1,€ 112,2019/11/10,2019/11/11,0,,30
NH Valencia Las Ciencias,90725,NA,Valencia,1,1,€ 51,2019/11/10,2019/11/11,3,8,30
Patacona Beach,1411088,Apartamento,Valencia,1,1,NA,2019/11/10,2019/11/11,0,"9,4",30
Style Apartments Puerto,1558265,Apartamentos,Valencia,1,1,€ 52,2019/11/10,2019/11/11,0,"8,1",30
Hotel Villacarlos,90730,NA,Valencia,1,1,€ 106,2019/11/10,2019/11/11,3,8,30
Hotel Conqueridor,91047,NA,Valencia,1,1,€ 108,2019/11/10,2019/11/11,4,"8,4",30
Friendly Rentals ABC,3656596,Apartamento,Valencia,1,1,€ 110,2019/11/10,2019/11/11,0,"8,2",30
Friendly Rentals Pergolesi,1634240,Apartamento,Valencia,1,1,€ 110,2019/11/10,2019/11/11,0,"8,4",30
Apartment Savoy,1934973,Apartamento,Valencia,1,1,NA,2019/11/10,2019/11/11,0,"9,2",30
Friendly Rentals Puerto Deportivo,2317861,Apartamentos,Valencia,1,1,€ 110,2019/11/10,2019/11/11,0,"8,2",30
Apartamentos Sollana 18 Cerca de les Arts i les Ciencies Valencia- FREE WI-FI,5232423,Apartamento,Valencia,1,1,€ 113,2019/11/10,2019/11/11,0,"8,2",30
Loft by the Beach,4441671,Apartamento,Valencia,1,1,€ 115,2019/11/10,2019/11/11,0,"8,3",30
Patacona Beach Apartment,4533678,Apartamento,Valencia,1,1,€ 119,2019/11/10,2019/11/11,0,"8,3",30
Welcome Platanos 13 Valencia Beautiful apartments with terrace,5095795,Apartamento,Valencia,1,1,€ 119,2019/11/10,2019/11/11,0,"8,1",30
Friendly Rentals Gimenez,1634242,Apartamento,Valencia,1,1,€ 120,2019/11/10,2019/11/11,0,"8,1",30
Bubuflats Bubu 5,1283519,Apartamento,Valencia,1,1,NA,2019/11/10,2019/11/11,0,"9,1",30
Old Town Flats Casa Burguerini,4552106,Apartamentos,Valencia,1,1,€ 128,2019/11/10,2019/11/11,0,"8,2",30
Zerka Centro,4425975,Apartamentos,Valencia,1,1,€ 129,2019/11/10,2019/11/11,0,"8,3",30
City Center Apartment,5084891,Apartamento,Valencia,1,1,€ 130,2019/11/10,2019/11/11,0,"8,1",30
Apartamento frente al mar,3060802,Apartamento,Valencia,1,1,€ 130,2019/11/10,2019/11/11,0,"8,3",30
Friendly Rentals Verdi,1634232,Apartamento,Valencia,1,1,€ 130,2019/11/10,2019/11/11,0,8,30
B&B El Mercat,2203530,NA,Valencia,1,1,€ 50,2019/11/10,2019/11/11,0,"7,3",30
Down Town,1656378,Apartamentos,Valencia,1,1,€ 53,2019/11/10,2019/11/11,0,"8,3",30
Dormavalencia Hostel Regne,291755,NA,Valencia,1,1,€ 55,2019/11/10,2019/11/11,1,8,30
Pension MonaLisa Luxury Suites,3834224,NA,Valencia,1,1,€ 56,2019/11/10,2019/11/11,0,"8,2",30
Tryp Valencia Feria,92852,NA,Valencia,1,1,€ 59,2019/11/10,2019/11/11,4,"8,3",30
Dormavalencia Hostel,249585,NA,Valencia,1,1,€ 59,2019/11/10,2019/11/11,1,"8,2",30
La casita de Palomar,2132386,Apartamentos,Valencia,1,1,NA,2019/11/10,2019/11/11,0,"9,3",30
United Colors of Apartments - Catedral,1301545,Apartamentos,Valencia,1,1,€ 59,2019/11/10,2019/11/11,0,"8,2",30
Ilunion Aqua 3,92776,NA,Valencia,1,1,€ 59,2019/11/10,2019/11/11,3,"8,3",30
Sol Playa,12656,NA,Valencia,1,1,€ 60,2019/11/10,2019/11/11,2,"8,3",30
Urban Youth Hostel,1163025,NA,Valencia,1,1,€ 60,2019/11/10,2019/11/11,0,"8,4",30
Sweet Hotel Renasa,274818,NA,Valencia,1,1,€ 61,2019/11/10,2019/11/11,3,8,30
PISO ACOGEDOR,4995780,NA,Valencia,1,1,€ 50,2019/11/10,2019/11/11,0,"7,1",30
Xativa Terrace II,1760138,Apartamento,Valencia,1,1,NA,2019/11/10,2019/11/11,0,"9,1",30
Hostal Residencial RR,450746,NA,Valencia,1,1,€ 50,2019/11/10,2019/11/11,0,7,30
Centro Valencia Calle Cerrajeros,3476261,NA,Valencia,1,1,€ 50,2019/11/10,2019/11/11,0,"7,1",30
Cosy Rooms Bolsería,371606,NA,Valencia,1,1,€ 54,2019/11/10,2019/11/11,2,"7,4",30
Malvarrosa Beach Rooms,314048,NA,Valencia,1,1,€ 55,2019/11/10,2019/11/11,2,7,30
Hostal la Barraca,350013,NA,Valencia,1,1,€ 56,2019/11/10,2019/11/11,0,"7,1",30
Cosy Rooms Embajador,369728,NA,Valencia,1,1,€ 58,2019/11/10,2019/11/11,2,"7,4",30
Apartamento Torres,1887853,Apartamento,Valencia,1,1,NA,2019/11/10,2019/11/11,0,9,30
Plaza Redonda house.,4399973,NA,Valencia,1,1,€ 58,2019/11/10,2019/11/11,0,"7,4",30
Geography and Arts.,3569110,NA,Valencia,1,1,€ 60,2019/11/10,2019/11/11,0,"7,1",30
NWT Monserrat,3728842,Apartamentos,Valencia,1,1,€ 64,2019/11/10,2019/11/11,0,7,30
Lindala,5250762,NA,Valencia,1,1,€ 44,2019/11/10,2019/11/11,0,"9,9",30
United Colors of Apartments Boutique Style,5372347,Apartamentos,Valencia,1,1,€ 69,2019/11/10,2019/11/11,0,"9,5",30
Valencia Apartamentos Goya,4256653,Apartamentos,Valencia,1,1,NA,2019/11/10,2019/11/11,0,10,30
Loft Valencia Playa,3954993,Apartamento,Valencia,1,1,€ 75,2019/11/10,2019/11/11,0,"9,7",30
Accommodation Beach Apartments,1001766,Apartamentos,Valencia,1,1,€ 64,2019/11/10,2019/11/11,0,"7,1",30
Premium Apartments,486507,Apartamentos,Valencia,1,1,€ 69,2019/11/10,2019/11/11,0,7,30
LOFT apartamento duplex en Valencia con parking,5519008,Apartamento,Valencia,1,1,€ 80,2019/11/10,2019/11/11,0,"9,9",30
Hostal Antigua Morellana,1273937,NA,Valencia,1,1,€ 80,2019/11/10,2019/11/11,1,"9,5",30
Almiserat,3054886,Apartamento,Valencia,1,1,€ 70,2019/11/10,2019/11/11,0,"7,1",30
Lo's Beach Apartment,2312465,Apartamento,Valencia,1,1,NA,2019/11/10,2019/11/11,0,"9,1",30
Mi casa es vuestra casa,4967097,NA,Valencia,1,1,€ 70,2019/11/10,2019/11/11,0,"7,1",30
HOSTAL BED OF THE SEA,3974636,NA,Valencia,1,1,€ 81,2019/11/10,2019/11/11,0,"7,1",30
Valencia Apartmans El Carmen,847910,Apartamentos,Valencia,1,1,€ 83,2019/11/10,2019/11/11,0,"7,4",30
La Casa dei Fiori,2849727,Apartamento,Valencia,1,1,€ 86,2019/11/10,2019/11/11,0,"7,1",30
Guest House Samuel Ros,4161855,NA,Valencia,1,1,€ 90,2019/11/10,2019/11/11,0,"7,2",30
Kirei Apartment Na Jordana,1702092,Apartamentos,Valencia,1,1,€ 101,2019/11/10,2019/11/11,0,7,30
Balcón de Manet Apartments,2121902,Apartamento,Valencia,1,1,NA,2019/11/10,2019/11/11,0,"9,1",30
Kirei Apartment Vienna,4639797,Apartamento,Valencia,1,1,€ 103,2019/11/10,2019/11/11,0,"7,4",30
Homestay & OLEE,4132920,NA,Valencia,1,1,€ 110,2019/11/10,2019/11/11,0,"7,4",30
Kirei Apartment En Llop,1765516,Apartamentos,Valencia,1,1,€ 137,2019/11/10,2019/11/11,0,"7,1",30
Kirei Apartment Calgary,4768322,Apartamento,Valencia,1,1,€ 148,2019/11/10,2019/11/11,0,"7,3",30
Best Valencia Beach Flat,3246772,Apartamento,Valencia,1,1,€ 196,2019/11/10,2019/11/11,0,"7,1",30
Ramirez Flats & Bar,4124528,Apartahotel,Valencia,1,1,€ 80,2019/11/10,2019/11/11,0,"9,5",30
Piso en La Ciudad de Artes,3832790,Apartamento,Valencia,1,1,€ 88,2019/11/10,2019/11/11,0,"9,6",30
Opera House Valencia B&B,3533887,NA,Valencia,1,1,€ 90,2019/11/10,2019/11/11,0,"9,5",30
Cool Central Market,3424724,Apartamento,Valencia,1,1,NA,2019/11/10,2019/11/11,0,"9,9",30
Calle de Frederica Montseny 'Política' Casa o chalet,5152866,Casa o chalet,Valencia,1,1,€ 95,2019/11/10,2019/11/11,0,"9,6",30
Casa La Buhardilla,2985364,Apartamento,Valencia,1,1,€ 97,2019/11/10,2019/11/11,0,"9,6",30
Precioso piso junto al antiguo barrio de Campanar,3297078,Apartamento,Valencia,1,1,€ 100,2019/11/10,2019/11/11,0,"9,5",30
Apartments Downtown Valencia,2250421,Apartamentos,Valencia,1,1,€ 120,2019/11/10,2019/11/11,0,"9,6",30
MARQUÉS HOUSE 4* SUP,2118880,NA,Valencia,1,1,€ 129,2019/11/10,2019/11/11,4,"9,5",30
Charming Ninetta,3220582,Apartamento,Valencia,1,1,€ 133,2019/11/10,2019/11/11,0,"9,5",30
Valencia Just in the Middle,2965508,Apartamento,Valencia,1,1,NA,2019/11/10,2019/11/11,0,"9,9",30
Disfruta - Enjoy Valencia Ayuntamiento,4901194,Apartamento,Valencia,1,1,€ 139,2019/11/10,2019/11/11,0,"9,6",30
Disfruta - Enjoy Valencia Oceanografic,4121345,Apartamento,Valencia,1,1,€ 139,2019/11/10,2019/11/11,0,"9,6",30
RUZAFA- CENTRO-A/C- WI-FI- PARKING,2885994,Apartamento,Valencia,1,1,€ 140,2019/11/10,2019/11/11,0,"9,7",30
Olympia Flats,4212801,NA,Valencia,1,1,€ 80,2019/11/10,2019/11/11,0,"9,7",30
Casa Calle Conquista,4691493,Apartamento,Valencia,1,1,€ 240,2019/11/10,2019/11/11,0,"9,6",30
MD PASEO RUZAFA CENTER,5374850,Apartamento,Valencia,1,1,€ 1.030,2019/11/10,2019/11/11,0,"9,6",30
Ciudad Ciencias- Lujo- Parking- Wi-Fi.,4999636,Apartamento,Valencia,1,1,NA,2019/11/10,2019/11/11,0,"9,8",30
Cantagua Hostel,4074640,NA,Valencia,1,1,€ 37,2019/11/10,2019/11/11,0,"9,1",30
YOU & CO. Saler Beach Boutique,4533007,NA,Valencia,1,1,€ 44,2019/11/10,2019/11/11,3,9,30
Florista's Room en Valencia,5502152,NA,Valencia,1,1,€ 50,2019/11/10,2019/11/11,0,"9,2",30
Rooms Ciencias,94126,NA,Valencia,1,1,€ 53,2019/11/10,2019/11/11,0,9,30
Valenciaflats Ciudad de las Ciencias,93676,Apartamentos,Valencia,1,1,€ 57,2019/11/10,2019/11/11,0,"9,1",30
Apartamento cerca de la Playa y el Centro,2620264,Apartamento,Valencia,1,1,€ 88,2019/11/10,2019/11/11,0,9,30
Apartamentos Edificio Palomar,189277,Apartamentos,Valencia,1,1,€ 89,2019/11/10,2019/11/11,0,"9,2",30
Apartamento Frederick “Centrico y con Clase”,4236394,Apartamento,Valencia,1,1,NA,2019/11/10,2019/11/11,0,"9,6",30
RUZAFA. Nice apartment and Terrace.,4368595,Apartamento,Valencia,1,1,€ 90,2019/11/10,2019/11/11,0,"9,3",30
Turia Burjassot 12,3237353,Apartamento,Valencia,1,1,€ 90,2019/11/10,2019/11/11,0,9,30
Olvida tu Reloj Montichelvo Apartment,3258095,Apartamento,Valencia,1,1,€ 91,2019/11/10,2019/11/11,0,"9,4",30
Olvida tu Reloj Congresos Apartment,2448036,Apartamento,Valencia,1,1,€ 91,2019/11/10,2019/11/11,0,"9,2",30
One Shot Mercat 09,2274203,NA,Valencia,1,1,€ 93,2019/11/10,2019/11/11,4,"9,1",30
Jardín Botánico Hotel Boutique,93369,NA,Valencia,1,1,€ 94,2019/11/10,2019/11/11,3,9,30
Pensión Alicante,298710,NA,Valencia,1,1,€ 33,2019/11/10,2019/11/11,0,"8,5",30
Carmen Apartment,3308265,Apartamento,Valencia,1,1,NA,2019/11/10,2019/11/11,0,"9,6",30
Casa Cabañal,2436758,Casa o chalet,Valencia,1,1,€ 95,2019/11/10,2019/11/11,0,9,30
Hotel Boutique Balandret,1281710,NA,Valencia,1,1,€ 95,2019/11/10,2019/11/11,3,"9,2",30
Apartamento centro frente a Torres de Serrano,3408067,Apartamento,Valencia,1,1,€ 98,2019/11/10,2019/11/11,0,"9,4",30
UNIK. Apartments Valencia,2241282,Apartamentos,Valencia,1,1,€ 42,2019/11/10,2019/11/11,0,"8,5",30
Piso en barrio del Carmen cerca de Plaza Virgen,3421713,Apartamento,Valencia,1,1,NA,2019/11/10,2019/11/11,0,"9,7",30
Quart Youth Hostel,476418,NA,Valencia,1,1,€ 42,2019/11/10,2019/11/11,0,"8,6",30
Art&Flats Bed&Breakfast,5238345,NA,Valencia,1,1,€ 45,2019/11/10,2019/11/11,0,"8,8",30
Hi Valencia Apartments - Jorge Juan,2373701,Apartamento,Valencia,1,1,€ 100,2019/11/10,2019/11/11,0,"9,4",30
APARTAMENTO CENTRO- RUZAFA. WI-FI. PARKING,3144104,Apartamento,Valencia,1,1,€ 100,2019/11/10,2019/11/11,0,"9,3",30
Mestalla Paradise,4734619,NA,Valencia,1,1,€ 100,2019/11/10,2019/11/11,0,"9,1",30
La Morella del Carmen,5188541,Apartamento,Valencia,1,1,NA,2019/11/10,2019/11/11,0,"9,6",30
Casual Socarrat Valencia,5142800,NA,Valencia,1,1,€ 101,2019/11/10,2019/11/11,3,"9,1",30
Apartamentos La más Bonita,2816245,Apartamentos,Valencia,1,1,€ 104,2019/11/10,2019/11/11,0,9,30
Palacio de Rojas,1073276,Apartamentos,Valencia,1,1,€ 105,2019/11/10,2019/11/11,0,"9,3",30
Forn desamparats,2380447,Apartamento,Valencia,1,1,€ 105,2019/11/10,2019/11/11,0,"9,4",30
HQ Rooms Apartments San Vicente,2894429,Apartamentos,Valencia,1,1,€ 105,2019/11/10,2019/11/11,0,"9,2",30
B&B Hi Valencia Boutique,1301725,NA,Valencia,1,1,€ 46,2019/11/10,2019/11/11,0,"8,7",30
Apartamentos Plaza Picasso,97063,Apartamentos,Valencia,1,1,€ 46,2019/11/10,2019/11/11,0,"8,5",30
Zalamera BnB,1331238,NA,Valencia,1,1,€ 47,2019/11/10,2019/11/11,0,"8,7",30
Mon Suites San Martin,2777545,Apartamentos,Valencia,1,1,€ 108,2019/11/10,2019/11/11,0,"9,4",30
Colón Market Downtown,4607745,Apartamento,Valencia,1,1,NA,2019/11/10,2019/11/11,0,"9,5",30
"Piso ""Como en tu casa""",2689136,Apartamento,Valencia,1,1,€ 110,2019/11/10,2019/11/11,0,"9,2",30
Sorolla Centro,90896,NA,Valencia,1,1,€ 110,2019/11/10,2019/11/11,3,"9,1",30
MD Design Hotel - Portal del Real,2391685,NA,Valencia,1,1,€ 111,2019/11/10,2019/11/11,2,"9,1",30
Cozy apartment in Valencia center,3402135,Apartamentos,Valencia,1,1,€ 111,2019/11/10,2019/11/11,0,"9,2",30
Loft Duplex Valencia Centro,4060198,Apartamento,Valencia,1,1,€ 114,2019/11/10,2019/11/11,0,"9,2",30
One Shot Palacio Reina Victoria 04,90885,NA,Valencia,1,1,€ 84,2019/11/10,2019/11/11,4,"8,6",30
Eurostars Acteón,90495,NA,Valencia,1,1,€ 85,2019/11/10,2019/11/11,4,"8,5",30
Piso como en tu casa 2,3834617,Apartamentos,Valencia,1,1,NA,2019/11/10,2019/11/11,0,"9,2",30
Ad Hoc Monumental,90719,NA,Valencia,1,1,€ 85,2019/11/10,2019/11/11,3,"8,6",30
Russafa Youth Hostel,345134,NA,Valencia,1,1,€ 51,2019/11/10,2019/11/11,0,"8,6",30
Cool Central Market,3424724,Apartamento,Valencia,1,1,NA,2019/11/10,2019/11/11,0,"9,9",30
Balcón Al Mar,295109,NA,Valencia,1,1,€ 51,2019/11/10,2019/11/11,0,"8,5",30
Pio XII Apartments Valencia,402080,Apartamentos,Valencia,1,1,€ 51,2019/11/10,2019/11/11,0,"8,5",30
BUBUFLATS / Mercat,783206,Apartamentos,Valencia,1,1,€ 85,2019/11/10,2019/11/11,0,"8,9",30
Burjassot Mestalla,3058627,Apartamento,Valencia,1,1,€ 85,2019/11/10,2019/11/11,0,"8,6",30
Casa de Maria,2467712,Apartamento,Valencia,1,1,€ 85,2019/11/10,2019/11/11,0,"8,6",30
BUBUFLATS Mossén,1141763,Apartamentos,Valencia,1,1,€ 85,2019/11/10,2019/11/11,0,"8,9",30
València Centre Torres de Quart,886289,Apartamentos,Valencia,1,1,€ 53,2019/11/10,2019/11/11,0,"8,9",30
Hotel Malcom and Barret,483261,NA,Valencia,1,1,€ 53,2019/11/10,2019/11/11,3,"8,7",30
Buho House,3777691,Apartahotel,Valencia,1,1,€ 54,2019/11/10,2019/11/11,0,"8,5",30
Barceló Valencia,91988,NA,Valencia,1,1,€ 86,2019/11/10,2019/11/11,4,"8,7",30
Austria 4,1605997,Apartamentos,Valencia,1,1,NA,2019/11/10,2019/11/11,0,9,30
Citizentral Gascons,332095,Apartamentos,Valencia,1,1,€ 87,2019/11/10,2019/11/11,0,"8,8",30
Home Youth Hostel by Feetup Hostels,189322,NA,Valencia,1,1,€ 54,2019/11/10,2019/11/11,0,"8,8",30
Apartamento Frederick “Centrico y con Clase”,4236394,Apartamento,Valencia,1,1,NA,2019/11/10,2019/11/11,0,"9,6",30
Homestay Carrer Sagun,5006434,NA,Valencia,1,1,€ 55,2019/11/10,2019/11/11,0,"8,7",30
Hotel Kramer,91106,NA,Valencia,1,1,€ 55,2019/11/10,2019/11/11,3,"8,8",30
Hulot B&B Valencia,585429,NA,Valencia,1,1,€ 56,2019/11/10,2019/11/11,0,"8,5",30
València Centre Túria,2185255,Apartamento,Valencia,1,1,€ 56,2019/11/10,2019/11/11,0,"8,8",30
B&B Almirante,369695,NA,Valencia,1,1,€ 57,2019/11/10,2019/11/11,1,"8,8",30
SKY TOURISTIC ATTIC,281640,Apartamentos,Valencia,1,1,€ 59,2019/11/10,2019/11/11,0,"8,5",30
Cozy apartment in Valencia! WI-FI !,4447072,Apartamento,Valencia,1,1,NA,2019/11/10,2019/11/11,0,"9,4",30
Apartamento Jesus De Medinaceli,1728697,Apartamento,Valencia,1,1,€ 60,2019/11/10,2019/11/11,0,"8,5",30
Soho Valencia,1538641,Apartahotel,Valencia,1,1,€ 61,2019/11/10,2019/11/11,0,"8,9",30
Luz de Valencia,2076095,Apartamentos,Valencia,1,1,€ 62,2019/11/10,2019/11/11,0,"8,8",30
Valencian Apartment,2298621,Apartamento,Valencia,1,1,€ 87,2019/11/10,2019/11/11,0,"8,9",30
El Coral Apartment Valencia,3606766,Apartamento,Valencia,1,1,€ 88,2019/11/10,2019/11/11,0,"8,7",30
IVAM ESQUIFE,4908298,Apartamento,Valencia,1,1,€ 88,2019/11/10,2019/11/11,0,"8,5",30
Hotel Gabbeach,403586,NA,Valencia,1,1,€ 89,2019/11/10,2019/11/11,3,"8,5",30
Hi Valencia Cánovas,4312120,Apartamentos,Valencia,1,1,€ 63,2019/11/10,2019/11/11,0,"8,9",30
The River Hostel,494202,NA,Valencia,1,1,€ 64,2019/11/10,2019/11/11,0,"8,5",30
Zenit Valencia,92327,NA,Valencia,1,1,€ 90,2019/11/10,2019/11/11,4,"8,8",30
MÍ casa YOUR HOME,3328967,Apartamento,Valencia,1,1,NA,2019/11/10,2019/11/11,0,"9,2",30
Apartment City of Arts,3811530,Apartamentos,Valencia,1,1,€ 90,2019/11/10,2019/11/11,0,"8,6",30
Melia Valencia,290493,NA,Valencia,1,1,€ 93,2019/11/10,2019/11/11,4,"8,8",30
Les flors,3985046,Apartamento,Valencia,1,1,€ 95,2019/11/10,2019/11/11,0,"8,7",30
Catalonia Excelsior,90578,NA,Valencia,1,1,€ 95,2019/11/10,2019/11/11,3,"8,7",30
New Trendy apartment,2426154,Apartamento,Valencia,1,1,€ 95,2019/11/10,2019/11/11,0,"8,7",30
Casual Vintage Valencia,1710241,NA,Valencia,1,1,€ 98,2019/11/10,2019/11/11,2,"8,6",30
apartamento las torres-botanico,4694090,Apartamento,Valencia,1,1,NA,2019/11/10,2019/11/11,0,9,30
Hotel San Lorenzo Boutique,1307718,NA,Valencia,1,1,€ 102,2019/11/10,2019/11/11,3,"8,6",30
Melia Plaza Valencia,13270,NA,Valencia,1,1,€ 105,2019/11/10,2019/11/11,4,"8,9",30
SH Ingles Boutique Hotel,92956,NA,Valencia,1,1,€ 108,2019/11/10,2019/11/11,4,"8,5",30
Hotel Neptuno,91206,NA,Valencia,1,1,€ 108,2019/11/10,2019/11/11,4,"8,5",30
Friendly Rentals Schubert,1634221,Apartamentos,Valencia,1,1,€ 110,2019/11/10,2019/11/11,0,"8,9",30
Expo Hotel Valencia,91223,NA,Valencia,1,1,€ 43,2019/11/10,2019/11/11,3,"7,6",30
Patacona Green Flats,292996,Apartamentos,Valencia,1,1,€ 43,2019/11/10,2019/11/11,0,"7,6",30
New apartment bioparc,4316710,Apartamento,Valencia,1,1,NA,2019/11/10,2019/11/11,0,"9,3",30
OYO Pensión El Rincón,476031,NA,Valencia,1,1,€ 45,2019/11/10,2019/11/11,1,"7,6",30
Casual Civilizaciones Valencia,449777,NA,Valencia,1,1,€ 45,2019/11/10,2019/11/11,0,"7,9",30
Patacona Resort Apartments,189782,Apartamentos,Valencia,1,1,€ 46,2019/11/10,2019/11/11,0,"7,7",30
Ilunion Valencia 3,92818,NA,Valencia,1,1,€ 46,2019/11/10,2019/11/11,3,"7,9",30
United Colors of Studios - Mercado Central,2574108,Apartamentos,Valencia,1,1,€ 49,2019/11/10,2019/11/11,0,"7,8",30
Rooms Valencia Center,5507857,NA,Valencia,1,1,€ 49,2019/11/10,2019/11/11,0,"7,7",30
Piso con encanto en Ciutat Vella (El Carmen),3019874,Apartamento,Valencia,1,1,NA,2019/11/10,2019/11/11,0,9,30
Apartamentos Rusafa,5604325,NA,Valencia,1,1,€ 50,2019/11/10,2019/11/11,0,"7,8",30
Apartamentos Abastos,1044426,Apartamentos,Valencia,1,1,€ 50,2019/11/10,2019/11/11,0,"7,5",30
Attic Rooms in Botánico,5522932,NA,Valencia,1,1,€ 50,2019/11/10,2019/11/11,0,"7,6",30
Cosy Rooms Tapinería,371192,NA,Valencia,1,1,€ 54,2019/11/10,2019/11/11,2,"7,5",30
Como en casa,4802186,NA,Valencia,1,1,€ 54,2019/11/10,2019/11/11,0,"7,9",30
Habitacion por dias Centro Valencia,3977106,NA,Valencia,1,1,€ 55,2019/11/10,2019/11/11,0,"7,8",30
Total Valencia Mercado Central,4888886,Apartamento,Valencia,1,1,NA,2019/11/10,2019/11/11,0,"9,1",30
B&B Hotel Valencia Ciudad de las Ciencias,92242,NA,Valencia,1,1,€ 56,2019/11/10,2019/11/11,3,"7,5",30
Voyagers Inn Homestay,2682156,NA,Valencia,1,1,€ 57,2019/11/10,2019/11/11,0,"7,8",30
Hotel Turia,14441,NA,Valencia,1,1,€ 59,2019/11/10,2019/11/11,4,"7,5",30
Oceanográfico Apartments & Spa,324918,Apartamentos,Valencia,1,1,€ 59,2019/11/10,2019/11/11,0,"7,5",30
Hostal Bisbal,235665,NA,Valencia,1,1,€ 60,2019/11/10,2019/11/11,1,"7,5",30
El Globo,24498,NA,Valencia,1,1,€ 60,2019/11/10,2019/11/11,1,"7,8",30
OttoH Charm Stay,2459807,NA,Valencia,1,1,NA,2019/11/10,2019/11/11,0,"9,3",30
Hotel Beleret,94652,NA,Valencia,1,1,€ 65,2019/11/10,2019/11/11,3,"7,6",30
Jero Rooms,296743,NA,Valencia,1,1,€ 66,2019/11/10,2019/11/11,0,"7,7",30
Checkin Valencia,93743,NA,Valencia,1,1,€ 67,2019/11/10,2019/11/11,4,"7,8",30
SEA YOU HOTEL PORT VALENCIA,92328,NA,Valencia,1,1,€ 67,2019/11/10,2019/11/11,4,"7,7",30
City Center Apartments,4426057,Apartamentos,Valencia,1,1,€ 68,2019/11/10,2019/11/11,0,"7,8",30
