name,propertyId,propertyType,city,rooms,days,price,checkIn,checkOut,stars,score,advance
Loft Turia Gran,5133726,Apartamento,Valencia,1,1,€ 80,2020/01/17,2020/01/18,0,,90
Carrer de l'Arquitecte Alfaro 27 bajo derecha,4353398,Apartamento,Valencia,1,1,€ 102,2020/01/17,2020/01/18,0,,90
Comfort Homestay,5423155,NA,Valencia,1,1,€ 105,2020/01/17,2020/01/18,0,,90
Todo el centro histórico a tu alcance.,5610526,Apartamento,Valencia,1,1,€ 160,2020/01/17,2020/01/18,0,,90
The White Apartment: Luxury- Beach and Design,5631365,Apartamento,Valencia,1,1,€ 167,2020/01/17,2020/01/18,0,,90
Casa Del Sueno,4292899,Chalet de montaña,Valencia,1,1,€ 173,2020/01/17,2020/01/18,0,,90
Villa Vista,4292942,Casa o chalet,Valencia,1,1,€ 173,2020/01/17,2020/01/18,0,,90
Apartment Passeig de la Petxina,5695771,Apartamentos,Valencia,1,1,€ 195,2020/01/17,2020/01/18,0,,90
Apartment Carrer Ernesto Che Guevara,5598848,Apartamentos,Valencia,1,1,€ 211,2020/01/17,2020/01/18,0,,90
ACOGEDOR - CON TERRAZA - EN EL PLENO CENTRO,5715086,Apartamento,Valencia,1,1,€ 215,2020/01/17,2020/01/18,0,,90
Apartment Carrer de Don Juan de Austria,5464038,Apartamentos,Valencia,1,1,€ 275,2020/01/17,2020/01/18,0,,90
LACASAMALVA1 PLAYA DE VALENCIA,5679960,Casa o chalet,Valencia,1,1,€ 298,2020/01/17,2020/01/18,0,,90
Apartment Carrer de Josep Aguirre,5646705,Apartamentos,Valencia,1,1,€ 608,2020/01/17,2020/01/18,0,,90
Apartment Carrer de Cadis,5531328,Apartamentos,Valencia,1,1,€ 648,2020/01/17,2020/01/18,0,,90
EXCLUSIVE VILLA WITH POOL ON THE BEACH,5684273,Villa,Valencia,1,1,€ 970,2020/01/17,2020/01/18,0,,90
SEA YOU HOTEL PORT VALENCIA,92328,NA,Valencia,1,1,€ 80,2020/01/17,2020/01/18,4,"7,7",90
United Colors of Studios - Mercado Central,2574108,Apartamentos,Valencia,1,1,€ 87,2020/01/17,2020/01/18,0,"7,8",90
Hideout 26,5658117,Apartamentos,Valencia,1,1,NA,2020/01/17,2020/01/18,0,,90
Plaza Sainetero 5,3148458,Apartamento,Valencia,1,1,€ 93,2020/01/17,2020/01/18,0,"7,7",90
Hotel Turia,14441,NA,Valencia,1,1,€ 99,2020/01/17,2020/01/18,4,"7,5",90
Apartamento Angel Alcazar 35,2174625,Apartamento,Valencia,1,1,€ 105,2020/01/17,2020/01/18,0,"7,5",90
STYLISH APARTMENT - CITY CENTER,2861517,Apartamento,Valencia,1,1,€ 120,2020/01/17,2020/01/18,0,"7,8",90
Select Home Town Hall,1648016,Apartamentos,Valencia,1,1,€ 195,2020/01/17,2020/01/18,0,"7,5",90
Ca'delsPins,4110201,Villas,Valencia,1,1,€ 290,2020/01/17,2020/01/18,0,"7,8",90
Three-Bedroom Apartment in Valencia,4560796,Apartamentos,Valencia,1,1,NA,2020/01/17,2020/01/18,3,,90
El 16 Ruzafa,865461,Apartamentos,Valencia,1,1,€ 300,2020/01/17,2020/01/18,0,"7,7",90
Apartment Plaza de la Merced,3457190,Apartamento,Valencia,1,1,€ 470,2020/01/17,2020/01/18,0,"7,9",90
Hostal Waksman,281139,NA,Valencia,1,1,€ 30,2020/01/17,2020/01/18,1,"7,3",90
Habitación Despuig,4901343,NA,Valencia,1,1,€ 30,2020/01/17,2020/01/18,0,"7,4",90
Zen House,3671621,NA,Valencia,1,1,€ 39,2020/01/17,2020/01/18,0,"7,1",90
Mestalla Paradise,4734619,NA,Valencia,1,1,€ 100,2020/01/17,2020/01/18,0,"9,1",90
Apartamento cerca de la Playa y el Centro,2620264,Apartamento,Valencia,1,1,€ 100,2020/01/17,2020/01/18,0,"8,9",90
Vivaldi Valencia,427198,Apartamento,Valencia,1,1,NA,2020/01/17,2020/01/18,0,"9,3",90
HOSPEDAJE PESET,4718074,NA,Valencia,1,1,€ 40,2020/01/17,2020/01/18,0,"7,4",90
Habitación con cama doble,4794909,NA,Valencia,1,1,€ 41,2020/01/17,2020/01/18,0,"7,2",90
Cosy Rooms Embajador,369728,NA,Valencia,1,1,€ 49,2020/01/17,2020/01/18,2,"7,4",90
Sampedor Apartment,435662,Apartamentos,Valencia,1,1,€ 49,2020/01/17,2020/01/18,0,"7,1",90
Habitacion PLaza Ayuntamiento,4365340,NA,Valencia,1,1,€ 50,2020/01/17,2020/01/18,0,"7,4",90
Habitacion Apartamento soleado Plaza Escultor Frechina,4865043,NA,Valencia,1,1,€ 50,2020/01/17,2020/01/18,0,"7,4",90
Apartamentos Wallace,1698355,Apartamentos,Valencia,1,1,€ 101,2020/01/17,2020/01/18,0,"9,2",90
Piso como en tu casa 2,3834617,Apartamentos,Valencia,1,1,€ 101,2020/01/17,2020/01/18,0,"9,2",90
Olvida tu Reloj Montichelvo Apartment,3258095,Apartamento,Valencia,1,1,€ 101,2020/01/17,2020/01/18,0,"9,4",90
Malvarrosa Beach Rooms,314048,NA,Valencia,1,1,€ 55,2020/01/17,2020/01/18,2,7,90
Cosy Rooms Bolsería,371606,NA,Valencia,1,1,€ 56,2020/01/17,2020/01/18,2,"7,4",90
Olvida tu Reloj Congresos Apartment,2448036,Apartamento,Valencia,1,1,€ 101,2020/01/17,2020/01/18,0,"9,2",90
MD Design Hotel - Portal del Real,2391685,NA,Valencia,1,1,€ 102,2020/01/17,2020/01/18,2,"9,1",90
Center City Flats,861452,Apartamentos,Valencia,1,1,€ 103,2020/01/17,2020/01/18,0,"9,1",90
Habitación ático muy luminosa con baño y terraza,5292007,NA,Valencia,1,1,NA,2020/01/17,2020/01/18,0,"9,2",90
NWT Central Station Valencia,1647017,NA,Valencia,1,1,€ 59,2020/01/17,2020/01/18,0,"7,1",90
Apartment Horticultor Bosch,1148669,Apartamento,Valencia,1,1,€ 60,2020/01/17,2020/01/18,0,"7,3",90
Geography and Arts.,3569110,NA,Valencia,1,1,€ 60,2020/01/17,2020/01/18,0,"7,1",90
Hostal la Barraca,350013,NA,Valencia,1,1,€ 65,2020/01/17,2020/01/18,0,"7,2",90
Citizentral Juristas,1113127,Apartamentos,Valencia,1,1,€ 103,2020/01/17,2020/01/18,0,"9,2",90
Forn desamparats,2380447,Apartamento,Valencia,1,1,€ 105,2020/01/17,2020/01/18,0,"9,4",90
Comfort Homestay,5423155,NA,Valencia,1,1,€ 105,2020/01/17,2020/01/18,0,9,90
Mon Suites San Nicolas,4117225,Apartamentos,Valencia,1,1,€ 106,2020/01/17,2020/01/18,0,"9,2",90
NH Collection Colón Valencia,3828811,NA,Valencia,1,1,€ 109,2020/01/17,2020/01/18,4,"9,2",90
Apartamento centro frente a Torres de Serrano,3408067,Apartamento,Valencia,1,1,€ 110,2020/01/17,2020/01/18,0,"9,4",90
Cabanyal Pleasant House,3608623,Apartamento,Valencia,1,1,NA,2020/01/17,2020/01/18,0,"9,2",90
"Piso ""Como en tu casa""",2689136,Apartamento,Valencia,1,1,€ 110,2020/01/17,2020/01/18,0,"9,2",90
47 Carrer de Cadis- puerta 1,4511167,Apartamento,Valencia,1,1,€ 113,2020/01/17,2020/01/18,0,9,90
Apartamentos La más Bonita,2816245,Apartamentos,Valencia,1,1,€ 115,2020/01/17,2020/01/18,0,9,90
One Shot Mercat 09,2274203,NA,Valencia,1,1,€ 118,2020/01/17,2020/01/18,4,"9,1",90
Vincci Mercat,1279484,NA,Valencia,1,1,€ 119,2020/01/17,2020/01/18,4,9,90
Casual Socarrat Valencia,5142800,NA,Valencia,1,1,€ 119,2020/01/17,2020/01/18,3,"9,1",90
Turia Town,4064373,Apartamentos,Valencia,1,1,NA,2020/01/17,2020/01/18,0,"8,8",90
Apartamento en el centro de Valencia,4709659,Apartamento,Valencia,1,1,€ 120,2020/01/17,2020/01/18,0,9,90
15 Avinguda Mare Nostrum,4518973,Apartamento,Valencia,1,1,€ 120,2020/01/17,2020/01/18,0,"9,4",90
MYR Hotel Plaza Mercado & Spa,1619029,Apartahotel,Valencia,1,1,€ 122,2020/01/17,2020/01/18,0,"9,2",90
Biopark View Apartment,2381901,Apartamento,Valencia,1,1,€ 128,2020/01/17,2020/01/18,0,9,90
Live in Chianti Apartaments,2882632,Apartamentos,Valencia,1,1,€ 128,2020/01/17,2020/01/18,0,9,90
Hotel Gabbeach,403586,NA,Valencia,1,1,€ 99,2020/01/17,2020/01/18,3,"8,5",90
SH Ingles Boutique Hotel,92956,NA,Valencia,1,1,€ 100,2020/01/17,2020/01/18,4,"8,5",90
Quart Silence,2024765,Apartamentos,Valencia,1,1,NA,2020/01/17,2020/01/18,0,8,90
Burjassot Mestalla,3058627,Apartamento,Valencia,1,1,€ 100,2020/01/17,2020/01/18,0,"8,6",90
Magnífico Adosado- cerca de Valencia ciudad- en zona de montaña y playa fluvial,5354233,Casa o chalet,Valencia,1,1,€ 100,2020/01/17,2020/01/18,0,"8,8",90
One Shot Palacio Reina Victoria 04,90885,NA,Valencia,1,1,€ 101,2020/01/17,2020/01/18,4,"8,6",90
Hotel San Lorenzo Boutique,1307718,NA,Valencia,1,1,€ 105,2020/01/17,2020/01/18,3,"8,6",90
AC Hotel Colon Valencia,1117150,NA,Valencia,1,1,€ 106,2020/01/17,2020/01/18,4,"8,7",90
Reina 12,1684198,NA,Valencia,1,1,€ 74,2020/01/17,2020/01/18,0,"8,3",90
SH Valencia Palace,91497,NA,Valencia,1,1,€ 108,2020/01/17,2020/01/18,5,"8,5",90
Reina's Apartment,2130930,Apartamentos,Valencia,1,1,NA,2020/01/17,2020/01/18,0,"8,3",90
Hotel Neptuno,91206,NA,Valencia,1,1,€ 108,2020/01/17,2020/01/18,4,"8,5",90
Hotel Alkazar,408511,NA,Valencia,1,1,€ 74,2020/01/17,2020/01/18,1,"8,1",90
Sunny House,1998084,NA,Valencia,1,1,NA,2020/01/17,2020/01/18,0,"7,9",90
City Suites Apartments,3091106,NA,Valencia,1,1,€ 74,2020/01/17,2020/01/18,0,"8,4",90
Ático cerca del mar,4040503,Apartamento,Valencia,1,1,€ 75,2020/01/17,2020/01/18,0,"8,3",90
Casual de las Artes Valencia,538056,NA,Valencia,1,1,€ 77,2020/01/17,2020/01/18,3,"8,4",90
L'Otelet By Sweet,1467935,NA,Valencia,1,1,€ 77,2020/01/17,2020/01/18,0,"8,3",90
Hotel Conqueridor,91047,NA,Valencia,1,1,€ 77,2020/01/17,2020/01/18,4,"8,4",90
Valenciaflats Torres de Serrano,17468,Apartamentos,Valencia,1,1,€ 78,2020/01/17,2020/01/18,0,"8,3",90
Living Valencia - Bolseria Street,2615995,Apartamentos,Valencia,1,1,NA,2020/01/17,2020/01/18,0,"7,9",90
Apartamento Ciudad de las Artes y las Ciencias,4353552,Apartamento,Valencia,1,1,€ 80,2020/01/17,2020/01/18,0,"8,3",90
Atico Ciutat Vella,3446230,Apartamentos,Valencia,1,1,€ 85,2020/01/17,2020/01/18,0,"8,3",90
APARTAMENTO LAS MELLIZAS,4651578,NA,Valencia,1,1,€ 49,2020/01/17,2020/01/18,0,"8,3",90
NH Valencia Center,90727,NA,Valencia,1,1,€ 88,2020/01/17,2020/01/18,4,"8,3",90
Vincci Lys,91183,NA,Valencia,1,1,€ 110,2020/01/17,2020/01/18,4,"8,9",90
El Palacete Gran Via,3483148,NA,Valencia,1,1,€ 111,2020/01/17,2020/01/18,0,"8,7",90
Apartments Plaza Ayuntamiento,3506736,Apartamento,Valencia,1,1,€ 115,2020/01/17,2020/01/18,0,"8,7",90
El Coral Apartment Valencia,3606766,Apartamento,Valencia,1,1,€ 122,2020/01/17,2020/01/18,0,"8,7",90
ApartUP Patacona Beach I,1712452,Apartamento,Valencia,1,1,€ 124,2020/01/17,2020/01/18,0,"8,8",90
United Colors of Apartments - Catedral,1301545,Apartamentos,Valencia,1,1,€ 98,2020/01/17,2020/01/18,0,"8,2",90
Ilunion Valencia 4,754329,NA,Valencia,1,1,€ 109,2020/01/17,2020/01/18,4,"8,1",90
Entre la Estación y el Ayuntamiento,3011679,Apartamentos,Valencia,1,1,NA,2020/01/17,2020/01/18,0,"7,6",90
Flats Friends Torres Quart,1108908,Apartamentos,Valencia,1,1,NA,2020/01/17,2020/01/18,0,"8,1",90
Apartamentos Valencia - Brazil 31 Free WiFi,4948554,Apartamento,Valencia,1,1,€ 125,2020/01/17,2020/01/18,0,"8,8",90
Cathedral Suites Hotel,1736257,Apartahotel,Valencia,1,1,€ 129,2020/01/17,2020/01/18,4,"8,9",90
Dr Lluch,4758818,Apartamento,Valencia,1,1,€ 135,2020/01/17,2020/01/18,0,"8,5",90
Apartamento Torres,3654194,Apartamento,Valencia,1,1,€ 110,2020/01/17,2020/01/18,0,"8,3",90
Apartamento Privado Próximo a Playa y Ciencias,3783163,Apartamento,Valencia,1,1,€ 120,2020/01/17,2020/01/18,0,"8,3",90
Apartments Welcome to Valencia Peset Aleixandre 69,4964856,Apartamento,Valencia,1,1,€ 130,2020/01/17,2020/01/18,0,"8,4",90
Welcome Platanos 13 Valencia Beautiful apartments with terrace,5095795,Apartamento,Valencia,1,1,€ 134,2020/01/17,2020/01/18,0,"8,1",90
Hospes Palau de La Mar,93823,NA,Valencia,1,1,€ 145,2020/01/17,2020/01/18,5,"8,8",90
Puerta de Serranos,2734333,Apartamentos,Valencia,1,1,€ 153,2020/01/17,2020/01/18,0,"8,9",90
Mar & City Apartment,3456759,Apartamento,Valencia,1,1,€ 157,2020/01/17,2020/01/18,0,"8,9",90
Malvarrosa Silence,1907504,Apartamentos,Valencia,1,1,NA,2020/01/17,2020/01/18,0,8,90
Primus Valencia,331871,NA,Valencia,1,1,€ 140,2020/01/17,2020/01/18,4,"8,3",90
Casa los Peces,3234194,Apartamento,Valencia,1,1,€ 170,2020/01/17,2020/01/18,0,"8,3",90
Apartamentos Abastos,1044426,Apartamentos,Valencia,1,1,NA,2020/01/17,2020/01/18,0,"7,5",90
Loft el Carmen amazing views,4932621,Apartamento,Valencia,1,1,€ 170,2020/01/17,2020/01/18,0,"8,1",90
ValentiaApartments - MercadoCentral,4185241,Apartamentos,Valencia,1,1,€ 163,2020/01/17,2020/01/18,0,"8,8",90
The Westin Valencia,93321,NA,Valencia,1,1,€ 168,2020/01/17,2020/01/18,5,"8,6",90
Apartamento Casa con Angel,1079935,Apartamento,Valencia,1,1,€ 173,2020/01/17,2020/01/18,0,"8,8",90
Vlc Apartaments el Carmen,389902,Apartamentos,Valencia,1,1,€ 187,2020/01/17,2020/01/18,0,"8,3",90
Zerka Centro,4425975,Apartamentos,Valencia,1,1,€ 199,2020/01/17,2020/01/18,0,"8,4",90
NWT Central Station Apartments,3964093,Apartamento,Valencia,1,1,€ 300,2020/01/17,2020/01/18,0,"8,2",90
Up Town,2244083,Apartamentos,Valencia,1,1,€ 4.500,2020/01/17,2020/01/18,0,"8,2",90
Petit Palace Plaza de la Reina,90443,NA,Valencia,1,1,€ 178,2020/01/17,2020/01/18,3,"8,7",90
Ilunion Aqua 4,92777,NA,Valencia,1,1,€ 199,2020/01/17,2020/01/18,4,"8,6",90
Hotel Cosmo,4838858,NA,Valencia,1,1,€ 111,2020/01/17,2020/01/18,3,10,90
Colors Rooms,675839,NA,Valencia,1,1,€ 45,2020/01/17,2020/01/18,0,"9,6",90
Valencia Apartamentos Goya,4256653,Apartamentos,Valencia,1,1,NA,2020/01/17,2020/01/18,0,10,90
Lindala,5250762,NA,Valencia,1,1,€ 49,2020/01/17,2020/01/18,0,"9,7",90
Piso en Playa de Valencia,5533098,Apartamento,Valencia,1,1,€ 70,2020/01/17,2020/01/18,0,"9,5",90
Apartments Downtown Valencia,2250421,Apartamentos,Valencia,1,1,€ 80,2020/01/17,2020/01/18,0,"9,6",90
Precioso piso junto al antiguo barrio de Campanar,3297078,Apartamento,Valencia,1,1,€ 85,2020/01/17,2020/01/18,0,"9,5",90
Ramirez Flats & Bar,4124528,Apartahotel,Valencia,1,1,€ 89,2020/01/17,2020/01/18,0,"9,5",90
LOFT apartamento duplex en Valencia con parking gratis,5519008,Apartamento,Valencia,1,1,€ 90,2020/01/17,2020/01/18,0,"9,9",90
Cómoda habitación Valencia,4200488,NA,Valencia,1,1,NA,2020/01/17,2020/01/18,0,"9,6",90
Calle de Frederica Montseny 'Política' Casa o chalet,5152866,Casa o chalet,Valencia,1,1,€ 95,2020/01/17,2020/01/18,0,"9,6",90
Casa La Buhardilla,2985364,Apartamento,Valencia,1,1,€ 97,2020/01/17,2020/01/18,0,"9,6",90
United Colors of Apartments Boutique Style,5372347,Apartamentos,Valencia,1,1,€ 98,2020/01/17,2020/01/18,0,"9,5",90
Ciudad Ciencias- Lujo- Parking- Wi-Fi.,4999636,Apartamento,Valencia,1,1,€ 100,2020/01/17,2020/01/18,0,"9,8",90
Valencian Dreams Lonja,4757385,Apartamento,Valencia,1,1,€ 102,2020/01/17,2020/01/18,0,"9,8",90
MARQUÉS HOUSE 4* SUP,2118880,NA,Valencia,1,1,€ 119,2020/01/17,2020/01/18,4,"9,5",90
Valencia what else...,2550483,Apartamento,Valencia,1,1,NA,2020/01/17,2020/01/18,0,"9,5",90
Hexagonal Design Apartment Valencia,4630643,Apartamento,Valencia,1,1,€ 136,2020/01/17,2020/01/18,0,"9,6",90
Olympia Flats,4212801,NA,Valencia,1,1,€ 90,2020/01/17,2020/01/18,0,"9,7",90
Casa Calle Conquista,4691493,Apartamento,Valencia,1,1,€ 240,2020/01/17,2020/01/18,0,"9,6",90
MD PASEO RUZAFA CENTER,5374850,Apartamento,Valencia,1,1,€ 1.030,2020/01/17,2020/01/18,0,"9,6",90
YOU & CO. Saler Beach Boutique,4533007,NA,Valencia,1,1,€ 40,2020/01/17,2020/01/18,3,9,90
Cantagua Hostel,4074640,NA,Valencia,1,1,€ 41,2020/01/17,2020/01/18,0,"9,1",90
BONNIES Suites & Spa Valencia,3631910,Apartamentos,Valencia,1,1,NA,2020/01/17,2020/01/18,0,"9,8",90
Rooms Ciencias,94126,NA,Valencia,1,1,€ 59,2020/01/17,2020/01/18,0,9,90
OttoH Charm Stay,2459807,NA,Valencia,1,1,€ 59,2020/01/17,2020/01/18,0,"9,3",90
Habitación privada a 1500 metros de la playa,3789910,NA,Valencia,1,1,€ 60,2020/01/17,2020/01/18,0,"9,3",90
Jardín Botánico Hotel Boutique,93369,NA,Valencia,1,1,€ 62,2020/01/17,2020/01/18,3,9,90
Hostal Venecia,92883,NA,Valencia,1,1,€ 65,2020/01/17,2020/01/18,2,"9,1",90
Buho House,3777691,Apartahotel,Valencia,1,1,€ 49,2020/01/17,2020/01/18,0,"8,5",90
Habitación en piso compartido,5433175,NA,Valencia,1,1,€ 50,2020/01/17,2020/01/18,0,"8,5",90
Travel Habitat Francia 55,1747955,Apartamento,Valencia,1,1,NA,2020/01/17,2020/01/18,0,"8,7",90
Art&Flats Bed&Breakfast,5238345,NA,Valencia,1,1,€ 50,2020/01/17,2020/01/18,0,"8,7",90
Home Youth Hostel by Feetup Hostels,189322,NA,Valencia,1,1,€ 52,2020/01/17,2020/01/18,0,"8,8",90
Hotel Malcom and Barret,483261,NA,Valencia,1,1,€ 53,2020/01/17,2020/01/18,3,"8,7",90
Apartamentos Plaza Picasso,97063,Apartamentos,Valencia,1,1,€ 54,2020/01/17,2020/01/18,0,"8,5",90
Reina Rooms,4211140,NA,Valencia,1,1,€ 55,2020/01/17,2020/01/18,0,"8,8",90
Hulot B&B Valencia,585429,NA,Valencia,1,1,€ 56,2020/01/17,2020/01/18,0,"8,5",90
Living Valencia - Malvarrosa Beach,3555919,Apartamentos,Valencia,1,1,NA,2020/01/17,2020/01/18,0,"8,5",90
Hotel Olympia Universidades,1301731,NA,Valencia,1,1,€ 56,2020/01/17,2020/01/18,3,"8,5",90
Host & Home,1663785,NA,Valencia,1,1,€ 57,2020/01/17,2020/01/18,0,"8,9",90
UNIK. Apartments Valencia,2241282,Apartamentos,Valencia,1,1,€ 58,2020/01/17,2020/01/18,0,"8,5",90
Petit Palace Ruzafa,90792,NA,Valencia,1,1,€ 59,2020/01/17,2020/01/18,3,"8,7",90
Balcón Al Mar,295109,NA,Valencia,1,1,€ 56,2020/01/17,2020/01/18,0,"8,5",90
Zalamera BnB,1331238,NA,Valencia,1,1,€ 56,2020/01/17,2020/01/18,0,"8,7",90
Total Valencia Cathedral,1908021,Apartamento,Valencia,1,1,NA,2020/01/17,2020/01/18,0,"8,8",90
Soho Valencia,1538641,Apartahotel,Valencia,1,1,€ 61,2020/01/17,2020/01/18,0,"8,9",90
AC Hotel Valencia,91063,NA,Valencia,1,1,€ 65,2020/01/17,2020/01/18,4,"8,5",90
Living Valencia - Patacona Beach 56,3718985,Apartamentos,Valencia,1,1,€ 66,2020/01/17,2020/01/18,0,"8,8",90
València Centre Túria,2185255,Apartamento,Valencia,1,1,€ 66,2020/01/17,2020/01/18,0,"8,8",90
València Centre Torres de Quart,886289,Apartamentos,Valencia,1,1,€ 62,2020/01/17,2020/01/18,0,"8,9",90
ABCyou Bed&Breakfast,189207,NA,Valencia,1,1,€ 66,2020/01/17,2020/01/18,0,"8,5",90
Total Valencia Ruzafa,1971579,Apartamento,Valencia,1,1,NA,2020/01/17,2020/01/18,0,"8,9",90
Casa del Patriarca,364834,NA,Valencia,1,1,€ 67,2020/01/17,2020/01/18,0,"8,9",90
Hotel Kramer,91106,NA,Valencia,1,1,€ 67,2020/01/17,2020/01/18,3,"8,8",90
Bianca,4232781,Apartamentos,Valencia,1,1,€ 69,2020/01/17,2020/01/18,0,"8,9",90
Valencia maritimo,3020748,Apartamento,Valencia,1,1,€ 70,2020/01/17,2020/01/18,0,"8,9",90
Victoria Site @ Mercat Central,1958462,Apartamentos,Valencia,1,1,€ 70,2020/01/17,2020/01/18,0,"8,6",90
