name,propertyId,propertyType,city,rooms,days,price,checkIn,checkOut,stars,score,advance
Colors Rooms,675839,NA,Valencia,1,1,€ 40,2019/10/30,2019/10/31,0,"9,5",7
Lindala,5250762,NA,Valencia,1,1,€ 49,2019/10/30,2019/10/31,0,"9,6",7
Valencia Apartamentos Goya,4256653,NA,Valencia,1,1,NA,2019/10/30,2019/10/31,0,10,7
Apartamentos Navío,5647176,NA,Valencia,1,1,€ 60,2019/10/30,2019/10/31,0,"9,9",7
Valencian Dreams,3268804,NA,Valencia,1,1,€ 69,2019/10/30,2019/10/31,0,"9,8",7
Piso en Playa de Valencia,5533098,NA,Valencia,1,1,€ 70,2019/10/30,2019/10/31,0,"9,5",7
Apartamento luminoso y acogedor,3489126,NA,Valencia,1,1,€ 78,2019/10/30,2019/10/31,0,"9,5",7
Apartments Downtown Valencia,2250421,NA,Valencia,1,1,€ 80,2019/10/30,2019/10/31,0,"9,6",7
Hostal Antigua Morellana,1273937,NA,Valencia,1,1,€ 80,2019/10/30,2019/10/31,1,"9,5",7
Cómoda habitación Valencia,4200488,NA,Valencia,1,1,NA,2019/10/30,2019/10/31,0,"9,6",7
Calle de Frederica Montseny 'Política' Casa o chalet,5152866,NA,Valencia,1,1,€ 85,2019/10/30,2019/10/31,0,"9,6",7
Opera House Valencia B&B,3533887,NA,Valencia,1,1,€ 86,2019/10/30,2019/10/31,0,"9,5",7
L'Esplai Valencia Bed & Breakfast,1282556,NA,Valencia,1,1,€ 99,2019/10/30,2019/10/31,0,"9,5",7
Hostal Abastos,257057,NA,Valencia,1,1,€ 48,2019/10/30,2019/10/31,2,"8,2",7
7 Moons Bed & Breakfast,464187,NA,Valencia,1,1,€ 49,2019/10/30,2019/10/31,0,"8,4",7
Disfruta De Playa Y Ciudad,2470646,NA,Valencia,1,1,NA,2019/10/30,2019/10/31,0,"9,6",7
Dormavalencia Hostel Regne,291755,NA,Valencia,1,1,€ 49,2019/10/30,2019/10/31,1,8,7
Nanit Valencia Hostel,3913497,NA,Valencia,1,1,€ 49,2019/10/30,2019/10/31,0,"8,4",7
Apartamentos Valencia,1007682,NA,Valencia,1,1,€ 50,2019/10/30,2019/10/31,0,"8,1",7
B&B Hi Valencia Canovas,305349,NA,Valencia,1,1,€ 52,2019/10/30,2019/10/31,0,"8,4",7
Happy Apartments Valencia,456043,NA,Valencia,1,1,€ 52,2019/10/30,2019/10/31,0,"8,2",7
Eurostars Gran Valencia,90484,NA,Valencia,1,1,€ 53,2019/10/30,2019/10/31,4,"8,4",7
Hotel Cosmo,4838858,NA,Valencia,1,1,€ 110,2019/10/30,2019/10/31,3,"9,9",7
Ramirez Flats & Bar,4124528,NA,Valencia,1,1,€ 110,2019/10/30,2019/10/31,0,"9,5",7
Disfruta - Enjoy Valencia Ayuntamiento,4901194,NA,Valencia,1,1,€ 115,2019/10/30,2019/10/31,0,"9,6",7
MerKat-Abastos,1231196,NA,Valencia,1,1,NA,2019/10/30,2019/10/31,0,"9,6",7
chicrooms,5696677,NA,Valencia,1,1,€ 30,2019/10/30,2019/10/31,0,,7
Helle & ruhige Zimmer nähe Strand,5698199,NA,Valencia,1,1,€ 34,2019/10/30,2019/10/31,0,,7
Amazing in Town Hall Square,3834085,NA,Valencia,1,1,NA,2019/10/30,2019/10/31,0,9,7
Duplex+Swimming pool+private entrance=Housen of LOVE,2999152,NA,Valencia,1,1,€ 125,2019/10/30,2019/10/31,0,"9,5",7
Barracart Apartments,2125836,NA,Valencia,1,1,€ 137,2019/10/30,2019/10/31,0,"9,6",7
Disfruta - Enjoy Valencia Centre,3881970,NA,Valencia,1,1,€ 139,2019/10/30,2019/10/31,0,"9,8",7
La Morella del Carmen,5188541,NA,Valencia,1,1,NA,2019/10/30,2019/10/31,0,"9,5",7
Eurostars Rey Don Jaime,91520,NA,Valencia,1,1,€ 53,2019/10/30,2019/10/31,4,"8,2",7
Happy Apartments Valencia – Lope de Vega,575582,NA,Valencia,1,1,€ 54,2019/10/30,2019/10/31,0,"8,1",7
Apartment Cisneros 2,2361375,NA,Valencia,1,1,€ 140,2019/10/30,2019/10/31,0,"9,7",7
Stay at Valencia Downtown,1840715,NA,Valencia,1,1,€ 149,2019/10/30,2019/10/31,0,"9,5",7
MARQUÉS HOUSE 4* SUP,2118880,NA,Valencia,1,1,€ 309,2019/10/30,2019/10/31,4,"9,4",7
Hexagonal Design Apartment Valencia,4630643,NA,Valencia,1,1,NA,2019/10/30,2019/10/31,0,"9,6",7
MD PASEO RUZAFA CENTER,5374850,NA,Valencia,1,1,€ 1.030,2019/10/30,2019/10/31,0,"9,6",7
Cantagua Hostel,4074640,NA,Valencia,1,1,€ 40,2019/10/30,2019/10/31,0,"9,1",7
YOU & CO. Saler Beach Boutique,4533007,NA,Valencia,1,1,€ 50,2019/10/30,2019/10/31,3,"8,9",7
Aparthotel Valencia Rental,17344,NA,Valencia,1,1,€ 56,2019/10/30,2019/10/31,0,8,7
Hotel Villacarlos,90730,NA,Valencia,1,1,€ 58,2019/10/30,2019/10/31,3,8,7
Dormavalencia Hostel,249585,NA,Valencia,1,1,€ 59,2019/10/30,2019/10/31,1,"8,2",7
Apartamento Gutenberg,1327120,NA,Valencia,1,1,€ 60,2019/10/30,2019/10/31,0,"8,2",7
Espai One Santa Mónica,5471724,NA,Valencia,1,1,NA,2019/10/30,2019/10/31,0,"9,8",7
Urban Youth Hostel,1163025,NA,Valencia,1,1,€ 60,2019/10/30,2019/10/31,0,"8,4",7
Coroa Malvarrosa,1638172,NA,Valencia,1,1,€ 61,2019/10/30,2019/10/31,0,"8,2",7
Ilunion Valencia 4,754329,NA,Valencia,1,1,€ 61,2019/10/30,2019/10/31,4,"8,1",7
Habitación muy cerca de la playa.,5395908,NA,Valencia,1,1,€ 40,2019/10/30,2019/10/31,0,,7
Big sunny room.,5333222,NA,Valencia,1,1,€ 44,2019/10/30,2019/10/31,0,,7
Valencia- habitacion,5366858,NA,Valencia,1,1,€ 45,2019/10/30,2019/10/31,0,,7
Habitación en casa particular con preciosa terraza,5559993,NA,Valencia,1,1,€ 46,2019/10/30,2019/10/31,0,,7
Florista's Room en Valencia,5502152,NA,Valencia,1,1,€ 53,2019/10/30,2019/10/31,0,"9,2",7
Kasa Katia Eco Guest House,636256,NA,Valencia,1,1,€ 57,2019/10/30,2019/10/31,0,"9,3",7
Comoda habitacion,5695905,NA,Valencia,1,1,€ 48,2019/10/30,2019/10/31,0,,7
vosotros sereis parte de mi familia.,5299568,NA,Valencia,1,1,€ 50,2019/10/30,2019/10/31,0,,7
COZY APARTMENT VALENCIA BEACHFRONT!,3128516,NA,Valencia,1,1,NA,2019/10/30,2019/10/31,0,"9,4",7
City Beach/Arts&Sciences,5738334,NA,Valencia,1,1,€ 50,2019/10/30,2019/10/31,0,,7
Hotel Miramar,23332,NA,Valencia,1,1,€ 61,2019/10/30,2019/10/31,2,"8,4",7
Tryp Valencia Feria,92852,NA,Valencia,1,1,€ 63,2019/10/30,2019/10/31,4,"8,4",7
L'Otelet By Sweet,1467935,NA,Valencia,1,1,€ 64,2019/10/30,2019/10/31,0,"8,3",7
Ático Valencia Centro,4358939,NA,Valencia,1,1,NA,2019/10/30,2019/10/31,0,"9,9",7
Reina 12,1684198,NA,Valencia,1,1,€ 64,2019/10/30,2019/10/31,0,"8,3",7
Up Town,2244083,NA,Valencia,1,1,€ 64,2019/10/30,2019/10/31,0,"8,2",7
Alex Apartment,1756374,NA,Valencia,1,1,€ 64,2019/10/30,2019/10/31,0,8,7
Hogar Dulce Hogar,5426607,NA,Valencia,1,1,€ 63,2019/10/30,2019/10/31,0,,7
Encanto de lo antiguo en el centro de Valencia - Calle Ruzafa,5708534,NA,Valencia,1,1,€ 64,2019/10/30,2019/10/31,0,,7
Loft Turia Gran,5133726,NA,Valencia,1,1,€ 80,2019/10/30,2019/10/31,0,,7
Hideout 26,5658117,NA,Valencia,1,1,€ 88,2019/10/30,2019/10/31,0,,7
Apartamentos Adressadors,1743173,NA,Valencia,1,1,€ 50,2019/10/30,2019/10/31,0,"7,7",7
Expo Hotel Valencia,91223,NA,Valencia,1,1,€ 50,2019/10/30,2019/10/31,3,"7,6",7
Piso cercano al centro ( 5 min BUS),5607299,NA,Valencia,1,1,€ 89,2019/10/30,2019/10/31,0,,7
City Center Atico 360,3025679,NA,Valencia,1,1,NA,2019/10/30,2019/10/31,0,"9,4",7
EL ATICO,5680427,NA,Valencia,1,1,€ 107,2019/10/30,2019/10/31,0,,7
Puerta2 · Enjoy Large Patio! Beautiful. Designer 2bdrm.2bath.,5517776,NA,Valencia,1,1,€ 108,2019/10/30,2019/10/31,0,,7
Hotel Alkazar,408511,NA,Valencia,1,1,€ 64,2019/10/30,2019/10/31,1,"8,1",7
United Colors of Apartments - Catedral,1301545,NA,Valencia,1,1,€ 65,2019/10/30,2019/10/31,0,"8,2",7
Suit AVE (Valencia),5726860,NA,Valencia,1,1,€ 130,2019/10/30,2019/10/31,0,,7
ACOGEDOR - CON TERRAZA - EN EL PLENO CENTRO,5715086,NA,Valencia,1,1,€ 160,2019/10/30,2019/10/31,0,,7
Dreams Rental Central Market,1078335,NA,Valencia,1,1,€ 160,2019/10/30,2019/10/31,0,,7
The White Apartment: Luxury- Beach and Design,5631365,NA,Valencia,1,1,€ 167,2019/10/30,2019/10/31,0,,7
Piso como en tu casa 2,3834617,NA,Valencia,1,1,NA,2019/10/30,2019/10/31,0,"9,2",7
Apartment Passeig de la Petxina,5695771,NA,Valencia,1,1,€ 195,2019/10/30,2019/10/31,0,,7
"Flat ""Ca Alexandre""",3687859,NA,Valencia,1,1,€ 200,2019/10/30,2019/10/31,0,,7
Apartamento con terraza,5238122,NA,Valencia,1,1,€ 770,2019/10/30,2019/10/31,0,,7
Gulet Why Not,5199364,NA,Valencia,1,1,€ 3.000,2019/10/30,2019/10/31,0,,7
Preciosa Casa,2866116,NA,Valencia,1,1,NA,2019/10/30,2019/10/31,0,"9,3",7
Casual Civilizaciones Valencia,449777,NA,Valencia,1,1,€ 52,2019/10/30,2019/10/31,0,"7,9",7
Casual de la Música Valencia,273130,NA,Valencia,1,1,€ 52,2019/10/30,2019/10/31,2,"7,5",7
Cosy Rooms Tapinería,371192,NA,Valencia,1,1,€ 54,2019/10/30,2019/10/31,2,"7,5",7
Como en casa,4802186,NA,Valencia,1,1,€ 54,2019/10/30,2019/10/31,0,"7,9",7
Rooms Valencia Center,5507857,NA,Valencia,1,1,€ 54,2019/10/30,2019/10/31,0,"7,7",7
Habitacion por dias Centro Valencia,3977106,NA,Valencia,1,1,€ 55,2019/10/30,2019/10/31,0,"7,9",7
Mr Flats Valencia 2,2580094,NA,Valencia,1,1,NA,2019/10/30,2019/10/31,0,9,7
United Colors of Studios - Mercado Central,2574108,NA,Valencia,1,1,€ 59,2019/10/30,2019/10/31,0,"7,8",7
Checkin Valencia,93743,NA,Valencia,1,1,€ 62,2019/10/30,2019/10/31,4,"7,8",7
Hotel Turia,14441,NA,Valencia,1,1,€ 65,2019/10/30,2019/10/31,4,"7,5",7
B&B Hotel Valencia Ciudad de las Ciencias,92242,NA,Valencia,1,1,€ 65,2019/10/30,2019/10/31,3,"7,5",7
Jero Rooms,296743,NA,Valencia,1,1,€ 66,2019/10/30,2019/10/31,0,"7,7",7
Valero Vintage,3315727,NA,Valencia,1,1,€ 72,2019/10/30,2019/10/31,0,"7,9",7
Fun&Happy VLC Center,3542906,NA,Valencia,1,1,NA,2019/10/30,2019/10/31,0,"9,2",7
SHF Plaza de la Reina,1682520,NA,Valencia,1,1,€ 74,2019/10/30,2019/10/31,0,"7,8",7
Patacona Resort Apartments,189782,NA,Valencia,1,1,€ 75,2019/10/30,2019/10/31,0,"7,8",7
El Globo,24498,NA,Valencia,1,1,€ 75,2019/10/30,2019/10/31,1,"7,8",7
Apartamento Angel Alcazar 35,2174625,NA,Valencia,1,1,€ 75,2019/10/30,2019/10/31,0,"7,5",7
Apartment Florista,2150187,NA,Valencia,1,1,€ 80,2019/10/30,2019/10/31,0,"7,9",7
Torres Quart,3702234,NA,Valencia,1,1,€ 83,2019/10/30,2019/10/31,0,"7,5",7
Apartamento Giorgeta,2580538,NA,Valencia,1,1,NA,2019/10/30,2019/10/31,0,9,7
Suites by Eric Olsan (Peset),4726296,NA,Valencia,1,1,€ 83,2019/10/30,2019/10/31,0,"7,5",7
Suites by Eric Olsan (L),4287413,NA,Valencia,1,1,€ 83,2019/10/30,2019/10/31,0,"7,5",7
El 16 Ruzafa,865461,NA,Valencia,1,1,€ 84,2019/10/30,2019/10/31,0,"7,7",7
Patacona Green Flats,292996,NA,Valencia,1,1,€ 84,2019/10/30,2019/10/31,0,"7,6",7
SEA YOU HOTEL PORT VALENCIA,92328,NA,Valencia,1,1,€ 88,2019/10/30,2019/10/31,4,"7,8",7
Hotel Kramer,91106,NA,Valencia,1,1,€ 99,2019/10/30,2019/10/31,3,"8,8",7
Sercotel Sorolla Palace,93646,NA,Valencia,1,1,€ 99,2019/10/30,2019/10/31,4,"8,6",7
Disfruta - Enjoy Valencia Oceanografic,4121345,NA,Valencia,1,1,NA,2019/10/30,2019/10/31,0,"9,6",7
One Shot Colón 46,1394168,NA,Valencia,1,1,€ 99,2019/10/30,2019/10/31,3,"8,7",7
SKY TOURISTIC ATTIC,281640,NA,Valencia,1,1,€ 99,2019/10/30,2019/10/31,0,"8,5",7
Casual Vintage Valencia,1710241,NA,Valencia,1,1,€ 99,2019/10/30,2019/10/31,2,"8,6",7
Apartments Plaza Ayuntamiento,3506736,NA,Valencia,1,1,€ 101,2019/10/30,2019/10/31,0,"8,7",7
Citizentral Gascons,332095,NA,Valencia,1,1,€ 102,2019/10/30,2019/10/31,0,"8,8",7
Les flors,3985046,NA,Valencia,1,1,€ 104,2019/10/30,2019/10/31,0,"8,7",7
Cool Loft Malvarrosa Beach,4309218,NA,Valencia,1,1,NA,2019/10/30,2019/10/31,0,"9,7",7
Friendly Rentals Schubert,1634221,NA,Valencia,1,1,€ 105,2019/10/30,2019/10/31,0,"8,9",7
Olvida tu Reloj Montichelvo Apartment,3258095,NA,Valencia,1,1,€ 91,2019/10/30,2019/10/31,0,"9,4",7
Marina Loft & Apartments,432326,NA,Valencia,1,1,€ 105,2019/10/30,2019/10/31,0,"8,6",7
Friendly Rentals Ravel I,1634234,NA,Valencia,1,1,€ 105,2019/10/30,2019/10/31,0,"8,8",7
Friendly Rentals Brade,1918694,NA,Valencia,1,1,€ 105,2019/10/30,2019/10/31,0,"8,8",7
Zenit Valencia,92327,NA,Valencia,1,1,€ 108,2019/10/30,2019/10/31,4,"8,8",7
Hotel Mediterraneo Valencia,92412,NA,Valencia,1,1,€ 108,2019/10/30,2019/10/31,3,"8,8",7
Apartment Regne De Valencia,1533033,NA,Valencia,1,1,NA,2019/10/30,2019/10/31,0,"9,5",7
Zerka Sendra,4657122,NA,Valencia,1,1,€ 109,2019/10/30,2019/10/31,0,"8,9",7
Olvida tu Reloj Congresos Apartment,2448036,NA,Valencia,1,1,€ 91,2019/10/30,2019/10/31,0,"9,2",7
Constitución,4229663,NA,Valencia,1,1,NA,2019/10/30,2019/10/31,0,"9,6",7
"Piso ""Como en tu casa""",2689136,NA,Valencia,1,1,€ 92,2019/10/30,2019/10/31,0,"9,2",7
Apartamentos Valencia - Brazil 31 Free WiFi,4948554,NA,Valencia,1,1,€ 109,2019/10/30,2019/10/31,0,"8,8",7
FREE WI-FI. Apartamentos 90 м2 - Assutzena 5,4828764,NA,Valencia,1,1,€ 109,2019/10/30,2019/10/31,0,"8,7",7
Petit Palace Plaza de la Reina,90443,NA,Valencia,1,1,€ 112,2019/10/30,2019/10/31,3,"8,7",7
Loft in Ruzafa,2842761,NA,Valencia,1,1,€ 112,2019/10/30,2019/10/31,0,"8,6",7
Catalonia Excelsior,90578,NA,Valencia,1,1,€ 120,2019/10/30,2019/10/31,3,"8,7",7
PORT VALENCIA PLAYA,5259971,NA,Valencia,1,1,NA,2019/10/30,2019/10/31,0,"9,8",7
Hotel Valencia Oceanic Managed by Melia Hotels International,91522,NA,Valencia,1,1,€ 122,2019/10/30,2019/10/31,4,"8,6",7
Friendly Rentals Verdi 2,2523881,NA,Valencia,1,1,€ 125,2019/10/30,2019/10/31,0,"8,8",7
Hotel Neptuno,91206,NA,Valencia,1,1,€ 126,2019/10/30,2019/10/31,4,"8,5",7
Palacio de Rojas,1073276,NA,Valencia,1,1,€ 93,2019/10/30,2019/10/31,0,"9,3",7
WeRentVLC Design Ruzafa,2906656,NA,Valencia,1,1,€ 94,2019/10/30,2019/10/31,0,"9,4",7
Bubuflats Bubu 5,1283519,NA,Valencia,1,1,€ 95,2019/10/30,2019/10/31,0,"9,1",7
Vincci Lys,91183,NA,Valencia,1,1,€ 127,2019/10/30,2019/10/31,4,"8,9",7
Apartamento LUXURY CENTRO HISTORICO,3664772,NA,Valencia,1,1,€ 129,2019/10/30,2019/10/31,0,"8,5",7
MD Design Hotel - Portal del Real,2391685,NA,Valencia,1,1,€ 98,2019/10/30,2019/10/31,2,"9,1",7
Sorolla Centro,90896,NA,Valencia,1,1,€ 99,2019/10/30,2019/10/31,3,"9,1",7
RUZAFA- CENTRO-A/C- WI-FI- PARKING,2885994,NA,Valencia,1,1,NA,2019/10/30,2019/10/31,0,"9,7",7
Casa Cosy,375456,NA,Valencia,1,1,€ 100,2019/10/30,2019/10/31,0,"9,4",7
BUBUSUITES by Bubuflats,2389776,NA,Valencia,1,1,€ 100,2019/10/30,2019/10/31,0,"9,3",7
HQ Rooms Apartments San Vicente,2894429,NA,Valencia,1,1,€ 104,2019/10/30,2019/10/31,0,"9,2",7
Mon Suites Catedral,485679,NA,Valencia,1,1,€ 105,2019/10/30,2019/10/31,0,"9,2",7
Apartamento El Viajero,3023830,NA,Valencia,1,1,€ 105,2019/10/30,2019/10/31,0,"9,1",7
Apartamento Calle Porvenir,2855320,NA,Valencia,1,1,€ 105,2019/10/30,2019/10/31,0,9,7
Ciudad Ciencias- Lujo- Parking- Wi-Fi.,4999636,NA,Valencia,1,1,NA,2019/10/30,2019/10/31,0,"9,8",7
Citizentral Juristas,1113127,NA,Valencia,1,1,€ 107,2019/10/30,2019/10/31,0,"9,2",7
Apartamento Ruzafa Centro I,2006333,NA,Valencia,1,1,€ 109,2019/10/30,2019/10/31,0,"9,2",7
Apartamentos La más Bonita,2816245,NA,Valencia,1,1,€ 113,2019/10/30,2019/10/31,0,9,7
Casual Socarrat Valencia,5142800,NA,Valencia,1,1,€ 113,2019/10/30,2019/10/31,3,"9,1",7
Welcome Apartamentos Pintor Stolz 31 Valencia,5019066,NA,Valencia,1,1,€ 114,2019/10/30,2019/10/31,0,"9,2",7
Mon Suites San Nicolas,4117225,NA,Valencia,1,1,€ 115,2019/10/30,2019/10/31,0,"9,2",7
La seda stay,3335523,NA,Valencia,1,1,NA,2019/10/30,2019/10/31,0,"9,7",7
Apartament Cura Femenia,2010355,NA,Valencia,1,1,€ 115,2019/10/30,2019/10/31,0,"9,3",7
Malvarrosa Beach Rooms,314048,NA,Valencia,1,1,€ 55,2019/10/30,2019/10/31,2,7,7
Cosy Rooms Embajador,369728,NA,Valencia,1,1,€ 61,2019/10/30,2019/10/31,2,"7,4",7
Apartments Abate 4,2848648,NA,Valencia,1,1,€ 118,2019/10/30,2019/10/31,0,"9,1",7
Hotel Boutique Balandret,1281710,NA,Valencia,1,1,€ 120,2019/10/30,2019/10/31,3,"9,2",7
Apartamento Playa Wifi Gratis,3495634,NA,Valencia,1,1,€ 120,2019/10/30,2019/10/31,0,"9,3",7
Apartamentos Wallace,1698355,NA,Valencia,1,1,€ 125,2019/10/30,2019/10/31,0,"9,2",7
CheValenciaFlats,2064099,NA,Valencia,1,1,NA,2019/10/30,2019/10/31,0,9,7
Apartment de las Ciencias,2287125,NA,Valencia,1,1,€ 65,2019/10/30,2019/10/31,0,"7,1",7
Accommodation Beach Apartments,1001766,NA,Valencia,1,1,€ 70,2019/10/30,2019/10/31,0,"7,1",7
Apartments Calle Padre Damian,4523326,NA,Valencia,1,1,€ 70,2019/10/30,2019/10/31,0,"7,2",7
Mi casa es vuestra casa,4967097,NA,Valencia,1,1,€ 70,2019/10/30,2019/10/31,0,"7,1",7
NWT Monserrat,3728842,NA,Valencia,1,1,€ 72,2019/10/30,2019/10/31,0,7,7
SHF Sevilla Loft,850157,NA,Valencia,1,1,€ 72,2019/10/30,2019/10/31,0,"7,4",7
Edificio Tiziano Mercado Central,3361250,NA,Valencia,1,1,NA,2019/10/30,2019/10/31,0,"9,3",7
Centro Valencia Calle Cerrajeros,3476261,NA,Valencia,1,1,€ 75,2019/10/30,2019/10/31,0,"7,1",7
Valencia Apartmans El Carmen,847910,NA,Valencia,1,1,€ 78,2019/10/30,2019/10/31,0,"7,4",7
Valencia Apartments,4367788,NA,Valencia,1,1,€ 78,2019/10/30,2019/10/31,0,"7,1",7
Kirei Apartment Vienna,4639797,NA,Valencia,1,1,€ 89,2019/10/30,2019/10/31,0,"7,4",7
Cabanyal Luxury Malvarrosa Beach,2929577,NA,Valencia,1,1,€ 95,2019/10/30,2019/10/31,0,7,7
Kirei Apartment Calgary,4768322,NA,Valencia,1,1,€ 96,2019/10/30,2019/10/31,0,"7,3",7
Apartamento en la Ciudad de las Artes y las Ciencias,3552283,NA,Valencia,1,1,NA,2019/10/30,2019/10/31,0,"9,3",7
Select Home Catedral,440778,NA,Valencia,1,1,€ 140,2019/10/30,2019/10/31,0,"7,1",7
Select Home Mercado Central,440757,NA,Valencia,1,1,€ 300,2019/10/30,2019/10/31,0,"7,2",7
MD Puerto Rico Apartment Ruzafa,3737151,NA,Valencia,1,1,€ 341,2019/10/30,2019/10/31,0,"7,4",7
Guest House Lebon,3124256,NA,Valencia,1,1,€ 29,2019/10/30,2019/10/31,0,"6,8",7
central station valencia,2414838,NA,Valencia,1,1,€ 38,2019/10/30,2019/10/31,0,"6,9",7
Ruzafa Rooms,2891693,NA,Valencia,1,1,€ 43,2019/10/30,2019/10/31,0,"6,9",7
Casa Cabañal,2436758,NA,Valencia,1,1,NA,2019/10/30,2019/10/31,0,9,7
Premium Apartments,486507,NA,Valencia,1,1,€ 74,2019/10/30,2019/10/31,0,"6,9",7
Casita Esmeralda,2040126,NA,Valencia,1,1,€ 114,2019/10/30,2019/10/31,0,"6,5",7
Apartamento para 10 personas,5029963,NA,Valencia,1,1,€ 160,2019/10/30,2019/10/31,0,"6,6",7
Select Home Boutique Center,387770,NA,Valencia,1,1,€ 160,2019/10/30,2019/10/31,0,"6,9",7
Dreams Rental City Hall,337092,NA,Valencia,1,1,€ 245,2019/10/30,2019/10/31,0,"6,5",7
Valencia Suits You Citytel,1106307,NA,Valencia,1,1,€ 48,2019/10/30,2019/10/31,2,"8,6",7
B&B Almirante,369695,NA,Valencia,1,1,€ 50,2019/10/30,2019/10/31,1,"8,8",7
Apartamento Bolseria 28,881275,NA,Valencia,1,1,NA,2019/10/30,2019/10/31,0,"9,5",7
Eurostars Acteón,90495,NA,Valencia,1,1,€ 53,2019/10/30,2019/10/31,4,"8,5",7
Apartamentos Plaza Picasso,97063,NA,Valencia,1,1,€ 54,2019/10/30,2019/10/31,0,"8,5",7
Hulot B&B Valencia,585429,NA,Valencia,1,1,€ 54,2019/10/30,2019/10/31,0,"8,5",7
Russafa Youth Hostel,345134,NA,Valencia,1,1,€ 54,2019/10/30,2019/10/31,0,"8,6",7
UNIK. Apartments Valencia,2241282,NA,Valencia,1,1,€ 55,2019/10/30,2019/10/31,0,"8,5",7
València Centre Torres de Quart,886289,NA,Valencia,1,1,€ 56,2019/10/30,2019/10/31,0,"8,9",7
Colón Market Downtown,4607745,NA,Valencia,1,1,NA,2019/10/30,2019/10/31,0,"9,6",7
Palacios Rooms,2773548,NA,Valencia,1,1,€ 56,2019/10/30,2019/10/31,0,"8,6",7
Casa del Patriarca,364834,NA,Valencia,1,1,€ 57,2019/10/30,2019/10/31,0,"8,9",7
Blanq Carmen Hotel,97069,NA,Valencia,1,1,€ 58,2019/10/30,2019/10/31,3,"8,7",7
Luz de Valencia,2076095,NA,Valencia,1,1,€ 59,2019/10/30,2019/10/31,0,"8,8",7
Balcón Al Mar,295109,NA,Valencia,1,1,€ 60,2019/10/30,2019/10/31,0,"8,5",7
Sabía que venias!,3543756,NA,Valencia,1,1,€ 60,2019/10/30,2019/10/31,0,"8,6",7
Preciosa Casita Cerca Del Mar,4057271,NA,Valencia,1,1,NA,2019/10/30,2019/10/31,0,"9,7",7
Pio XII Apartments Valencia,402080,NA,Valencia,1,1,€ 63,2019/10/30,2019/10/31,0,"8,5",7
Buho House,3777691,NA,Valencia,1,1,€ 64,2019/10/30,2019/10/31,0,"8,5",7
Sweet Hotel Continental,93856,NA,Valencia,1,1,€ 99,2019/10/30,2019/10/31,2,"8,3",7
NWT Central Station Apartments,3964093,NA,Valencia,1,1,€ 99,2019/10/30,2019/10/31,0,"8,3",7
LOFT apartamento duplex en Valencia con parking gratis,5519008,NA,Valencia,1,1,NA,2019/10/30,2019/10/31,0,"9,9",7
Hotel Olympia Universidades,1301731,NA,Valencia,1,1,€ 64,2019/10/30,2019/10/31,3,"8,5",7
Petit Palomar,2187491,NA,Valencia,1,1,€ 69,2019/10/30,2019/10/31,0,"8,9",7
Flatsforyou Las Arcadias,473415,NA,Valencia,1,1,€ 100,2019/10/30,2019/10/31,0,"8,4",7
Apartments Welcome to Valencia Peset Aleixandre 69,4964856,NA,Valencia,1,1,€ 104,2019/10/30,2019/10/31,0,"8,4",7
Friendly Rentals Puerto Deportivo,2317861,NA,Valencia,1,1,€ 105,2019/10/30,2019/10/31,0,"8,2",7
Turia Town,4064373,NA,Valencia,1,1,€ 69,2019/10/30,2019/10/31,0,"8,8",7
Original Domino House,5434091,NA,Valencia,1,1,€ 69,2019/10/30,2019/10/31,0,"8,8",7
Casa La Buhardilla,2985364,NA,Valencia,1,1,NA,2019/10/30,2019/10/31,0,"9,6",7
ABCyou Bed&Breakfast,189207,NA,Valencia,1,1,€ 69,2019/10/30,2019/10/31,0,"8,5",7
Old Town Flats Casa Burguerini,4552106,NA,Valencia,1,1,€ 105,2019/10/30,2019/10/31,0,"8,2",7
Friendly Rentals Pergolesi,1634240,NA,Valencia,1,1,€ 110,2019/10/30,2019/10/31,0,"8,4",7
Apartamento Obispo don Jerónimo,2079020,NA,Valencia,1,1,€ 115,2019/10/30,2019/10/31,0,"8,3",7
Balandra Flat,2032624,NA,Valencia,1,1,€ 69,2019/10/30,2019/10/31,0,"8,6",7
Apartments Madrina,3278589,NA,Valencia,1,1,€ 70,2019/10/30,2019/10/31,0,"8,9",7
Carrer de l'Escriptor Rafael Ferreres,4267645,NA,Valencia,1,1,€ 70,2019/10/30,2019/10/31,0,"8,5",7
Luxury penthouse in the center of Valencia,3127952,NA,Valencia,1,1,NA,2019/10/30,2019/10/31,0,"9,8",7
Lovely Apartment!,3377663,NA,Valencia,1,1,€ 115,2019/10/30,2019/10/31,0,"8,4",7
NH Valencia Center,90727,NA,Valencia,1,1,€ 115,2019/10/30,2019/10/31,4,"8,3",7
NH Valencia Las Ciencias,90725,NA,Valencia,1,1,€ 116,2019/10/30,2019/10/31,3,8,7
Reina Rooms,4211140,NA,Valencia,1,1,€ 70,2019/10/30,2019/10/31,0,"8,9",7
Holiday Inn Express Ciudad de las Ciencias,96737,NA,Valencia,1,1,€ 117,2019/10/30,2019/10/31,3,8,7
BonApart Apartment Valencia,1490885,NA,Valencia,1,1,€ 120,2019/10/30,2019/10/31,0,"8,4",7
Friendly Rentals Gimenez,1634242,NA,Valencia,1,1,€ 120,2019/10/30,2019/10/31,0,"8,2",7
ApartUP Mestalla Home,3300511,NA,Valencia,1,1,NA,2019/10/30,2019/10/31,0,"9,5",7
JUNTO A LOS JARDINES DEL TURIA Y EL ESTADIO DE FÚTBOL MESTALLA,4667816,NA,Valencia,1,1,€ 120,2019/10/30,2019/10/31,0,8,7
Friendly Rentals Desplat,4120221,NA,Valencia,1,1,€ 135,2019/10/30,2019/10/31,0,"8,3",7
Patacona Beach Apartment,4533678,NA,Valencia,1,1,€ 135,2019/10/30,2019/10/31,0,"8,3",7
Apartamentos Dormavalencia,4450983,NA,Valencia,1,1,€ 141,2019/10/30,2019/10/31,0,"8,4",7
Friendly Rentals Evans,1634220,NA,Valencia,1,1,€ 145,2019/10/30,2019/10/31,0,"8,3",7
Ilunion Aqua 3,92776,NA,Valencia,1,1,€ 146,2019/10/30,2019/10/31,3,"8,3",7
Apartamento Jardín de Ayora,2263360,NA,Valencia,1,1,NA,2019/10/30,2019/10/31,0,"9,6",7
Malvarrosa Calle Pavia,3608764,NA,Valencia,1,1,€ 156,2019/10/30,2019/10/31,0,8,7
Hotel Conqueridor,91047,NA,Valencia,1,1,€ 170,2019/10/30,2019/10/31,4,"8,4",7
Loft el Carmen amazing views,4932621,NA,Valencia,1,1,€ 172,2019/10/30,2019/10/31,0,"8,1",7
Primus Valencia,331871,NA,Valencia,1,1,€ 175,2019/10/30,2019/10/31,4,"8,3",7
NH Valencia Las Artes,90731,NA,Valencia,1,1,€ 177,2019/10/30,2019/10/31,4,"8,4",7
