name,propertyId,propertyType,city,rooms,days,price,checkIn,checkOut,stars,score,advance
EL ATICO,5680427,Apartamento,Valencia,1,1,€ 107,2019/11/13,2019/11/14,0,,30
Apartamentos Artesa 22 Valencia,5546723,Apartamento,Valencia,1,1,€ 112,2019/11/13,2019/11/14,0,,30
Total Valencia (Leisure & Culture),824611,Apartamentos,Valencia,1,1,NA,2019/11/13,2019/11/14,0,"8,5",30
Puerta2 · Enjoy Large Patio! Beautiful. Designer 2bdrm.2bath.,5517776,Apartamento,Valencia,1,1,€ 117,2019/11/13,2019/11/14,0,,30
The White Apartment: Luxury- Beach and Design,5631365,Apartamento,Valencia,1,1,€ 167,2019/11/13,2019/11/14,0,,30
Apartment Carrer Ernesto Che Guevara,5598848,Apartamentos,Valencia,1,1,€ 211,2019/11/13,2019/11/14,0,,30
Apartamento con terraza,5238122,Apartahotel,Valencia,1,1,€ 240,2019/11/13,2019/11/14,0,,30
"Flat ""Ca Alexandre""",3687859,Apartamento,Valencia,1,1,€ 240,2019/11/13,2019/11/14,0,,30
Turia Guesthouse - B&B,2884427,Apartamento,Valencia,1,1,€ 265,2019/11/13,2019/11/14,0,,30
Victoria Site @ Mercat Central,1958462,Apartamentos,Valencia,1,1,NA,2019/11/13,2019/11/14,0,"8,6",30
Valenciaflats Mercado Central,307677,Apartamentos,Valencia,1,1,€ 82,2019/11/13,2019/11/14,0,9,30
Hostal Venecia,92883,NA,Valencia,1,1,€ 84,2019/11/13,2019/11/14,2,"9,1",30
Stay at Valencia Downtown,1840715,Apartamento,Valencia,1,1,NA,2019/11/13,2019/11/14,0,"9,5",30
Hotel Valencia Alameda,4019381,NA,Valencia,1,1,€ 84,2019/11/13,2019/11/14,4,"9,2",30
Apartment Carrer de Don Juan de Austria,5464038,Apartamentos,Valencia,1,1,€ 275,2019/11/13,2019/11/14,0,,30
LACASAMALVA1 PLAYA DE VALENCIA,5679960,Casa o chalet,Valencia,1,1,€ 298,2019/11/13,2019/11/14,0,,30
Governor Residence,3799760,Apartahotel,Valencia,1,1,€ 600,2019/11/13,2019/11/14,0,,30
Apartment Carrer de Josep Aguirre,5646705,Apartamentos,Valencia,1,1,€ 608,2019/11/13,2019/11/14,0,,30
EXCLUSIVE VILLA WITH POOL ON THE BEACH,5684273,Villa,Valencia,1,1,€ 1.370,2019/11/13,2019/11/14,0,,30
Atico de Lujo,2142556,Apartamento,Valencia,1,1,€ 85,2019/11/13,2019/11/14,0,"9,2",30
Bubuflats Bubu 5,1283519,Apartamento,Valencia,1,1,€ 85,2019/11/13,2019/11/14,0,"9,1",30
City Garden Bed and Breakfast,2204361,NA,Valencia,1,1,€ 86,2019/11/13,2019/11/14,0,"9,4",30
Citizentral Juristas,1113127,Apartamentos,Valencia,1,1,€ 86,2019/11/13,2019/11/14,0,"9,2",30
Mon Suites Catedral,485679,Apartamentos,Valencia,1,1,€ 87,2019/11/13,2019/11/14,0,"9,2",30
Valencia what else...,2550483,Apartamento,Valencia,1,1,NA,2019/11/13,2019/11/14,0,"9,5",30
Apartamentos Wallace,1698355,Apartamentos,Valencia,1,1,€ 87,2019/11/13,2019/11/14,0,"9,2",30
Loft zona Pechina en Valencia centro,2524985,Apartamento,Valencia,1,1,€ 87,2019/11/13,2019/11/14,0,"9,2",30
Biopark View Apartment,2381901,Apartamento,Valencia,1,1,€ 87,2019/11/13,2019/11/14,0,9,30
Colors Rooms,675839,NA,Valencia,1,1,€ 40,2019/11/13,2019/11/14,0,"9,5",30
Lindala,5250762,NA,Valencia,1,1,€ 54,2019/11/13,2019/11/14,0,"9,8",30
Ático Valencia Centro,4358939,Apartamento,Valencia,1,1,NA,2019/11/13,2019/11/14,0,"9,8",30
Apartamentos Navío,5647176,Apartamento,Valencia,1,1,€ 60,2019/11/13,2019/11/14,0,"9,8",30
United Colors of Apartments Boutique Style,5372347,Apartamentos,Valencia,1,1,€ 69,2019/11/13,2019/11/14,0,"9,5",30
Apartments Downtown Valencia,2250421,Apartamentos,Valencia,1,1,€ 70,2019/11/13,2019/11/14,0,"9,6",30
Piso en Playa de Valencia,5533098,Apartamento,Valencia,1,1,€ 70,2019/11/13,2019/11/14,0,"9,5",30
Apartamento luminoso y acogedor,3489126,Apartamento,Valencia,1,1,€ 78,2019/11/13,2019/11/14,0,"9,5",30
LOFT apartamento duplex en Valencia con parking,5519008,Apartamento,Valencia,1,1,€ 80,2019/11/13,2019/11/14,0,"9,9",30
BONNIES Suites & Spa Valencia,3631910,Apartamentos,Valencia,1,1,NA,2019/11/13,2019/11/14,0,"9,8",30
Hostal Antigua Morellana,1273937,NA,Valencia,1,1,€ 80,2019/11/13,2019/11/14,1,"9,5",30
Ramirez Flats & Bar,4124528,Apartahotel,Valencia,1,1,€ 86,2019/11/13,2019/11/14,0,"9,5",30
Valencian Dreams Lonja,4757385,Apartamento,Valencia,1,1,€ 87,2019/11/13,2019/11/14,0,"9,8",30
Ciudad Ciencias- Lujo- Parking- Wi-Fi.,4999636,Apartamento,Valencia,1,1,€ 90,2019/11/13,2019/11/14,0,"9,8",30
Calle de Frederica Montseny 'Política' Casa o chalet,5152866,Casa o chalet,Valencia,1,1,€ 95,2019/11/13,2019/11/14,0,"9,6",30
Casa La Buhardilla,2985364,Apartamento,Valencia,1,1,€ 97,2019/11/13,2019/11/14,0,"9,6",30
Friendly Rentals Montaner Beach,2314997,Apartamento,Valencia,1,1,€ 145,2019/11/13,2019/11/14,0,9,30
Vincci Mercat,1279484,NA,Valencia,1,1,€ 149,2019/11/13,2019/11/14,4,9,30
Glorieta,4217752,Apartamento,Valencia,1,1,NA,2019/11/13,2019/11/14,0,"9,7",30
Opera House Valencia B&B,3533887,NA,Valencia,1,1,€ 99,2019/11/13,2019/11/14,0,"9,5",30
Precioso piso junto al antiguo barrio de Campanar,3297078,Apartamento,Valencia,1,1,€ 100,2019/11/13,2019/11/14,0,"9,5",30
Olympia Flats,4212801,NA,Valencia,1,1,€ 60,2019/11/13,2019/11/14,0,"9,7",30
OCEANOGRAFIC DELUXE- PARKING- WI-FI,4095746,Apartamento,Valencia,1,1,NA,2019/11/13,2019/11/14,0,"9,1",30
ARENAS 2 APARTAMENT,2808815,Apartamento,Valencia,1,1,€ 150,2019/11/13,2019/11/14,0,9,30
Sweet Caroline Apartment,1811784,Apartamento,Valencia,1,1,€ 150,2019/11/13,2019/11/14,0,"9,2",30
B BEACH VALENCIA,5125954,Apartamento,Valencia,1,1,€ 150,2019/11/13,2019/11/14,0,"9,1",30
Duplex en Blasco Ibáñez,3672426,Apartamento,Valencia,1,1,€ 155,2019/11/13,2019/11/14,0,"9,1",30
Jero Rooms,296743,NA,Valencia,1,1,€ 66,2019/11/13,2019/11/14,0,"7,7",30
City Center Apartments,4426057,Apartamentos,Valencia,1,1,€ 68,2019/11/13,2019/11/14,0,"7,8",30
Arena's Apartament,2156905,Apartamento,Valencia,1,1,€ 170,2019/11/13,2019/11/14,0,"9,1",30
Zerka Sendra,4657122,Apartamento,Valencia,1,1,€ 179,2019/11/13,2019/11/14,0,9,30
Splendid house in Valencia,3091182,Apartamentos,Valencia,1,1,NA,2019/11/13,2019/11/14,0,"9,3",30
Loft Superior el Carmen,2784473,Apartamento,Valencia,1,1,€ 209,2019/11/13,2019/11/14,0,"9,2",30
Caro Hotel,348132,NA,Valencia,1,1,€ 209,2019/11/13,2019/11/14,5,"9,2",30
Santos A,4238287,Apartamento,Valencia,1,1,NA,2019/11/13,2019/11/14,0,"8,9",30
El 16 Ruzafa,865461,Apartamentos,Valencia,1,1,€ 69,2019/11/13,2019/11/14,0,"7,7",30
SEA YOU HOTEL PORT VALENCIA,92328,NA,Valencia,1,1,€ 71,2019/11/13,2019/11/14,4,"7,8",30
Apartamento Alguer,4005334,Apartamento,Valencia,1,1,€ 75,2019/11/13,2019/11/14,0,"7,7",30
Disfruta - Enjoy Valencia Ayuntamiento,4901194,Apartamento,Valencia,1,1,€ 139,2019/11/13,2019/11/14,0,"9,6",30
Disfruta - Enjoy Valencia Oceanografic,4121345,Apartamento,Valencia,1,1,€ 139,2019/11/13,2019/11/14,0,"9,6",30
RUZAFA- CENTRO-A/C- WI-FI- PARKING,2885994,Apartamento,Valencia,1,1,€ 140,2019/11/13,2019/11/14,0,"9,7",30
La Casa Verde - Ruzafa,2029143,Apartamento,Valencia,1,1,NA,2019/11/13,2019/11/14,0,"9,7",30
La seda stay,3335523,Apartamento,Valencia,1,1,€ 150,2019/11/13,2019/11/14,0,"9,7",30
Mon Suites San Nicolas,4117225,Apartamentos,Valencia,1,1,€ 87,2019/11/13,2019/11/14,0,"9,2",30
Dolz Garden Ruzafa,1123993,Apartamentos,Valencia,1,1,€ 90,2019/11/13,2019/11/14,0,"9,2",30
Dama Del Puerto,3230781,Apartamento,Valencia,1,1,€ 90,2019/11/13,2019/11/14,0,9,30
Apartamento Bolseria 28,881275,Apartamentos,Valencia,1,1,NA,2019/11/13,2019/11/14,0,"9,5",30
Turia Burjassot 12,3237353,Apartamento,Valencia,1,1,€ 90,2019/11/13,2019/11/14,0,9,30
Ca Carmela,2466364,Casa o chalet,Valencia,1,1,€ 225,2019/11/13,2019/11/14,0,"9,1",30
MD Julio Antonio Apartment Center,3961049,Apartamento,Valencia,1,1,€ 285,2019/11/13,2019/11/14,0,"9,2",30
Rosa del mar2,4259814,Apartamento,Valencia,1,1,€ 346,2019/11/13,2019/11/14,0,"9,1",30
Old Fisherman's House in Malvarrosa Beach,3618172,Apartamento,Valencia,1,1,€ 360,2019/11/13,2019/11/14,0,"9,4",30
Kasa Katia Eco Guest House,636256,NA,Valencia,1,1,NA,2019/11/13,2019/11/14,0,"9,3",30
Apartamento centro,3160737,Apartamento,Valencia,1,1,€ 150,2019/11/13,2019/11/14,0,"9,6",30
MARQUÉS HOUSE 4* SUP,2118880,NA,Valencia,1,1,€ 164,2019/11/13,2019/11/14,4,"9,4",30
Casa Calle Conquista,4691493,Apartamento,Valencia,1,1,€ 240,2019/11/13,2019/11/14,0,"9,6",30
MD PASEO RUZAFA CENTER,5374850,Apartamento,Valencia,1,1,€ 1.030,2019/11/13,2019/11/14,0,"9,6",30
OCEANOGRAFIC APARTMENT. PARKING. WI-FI,3107716,Apartamentos,Valencia,1,1,€ 90,2019/11/13,2019/11/14,0,9,30
Olvida tu Reloj Montichelvo Apartment,3258095,Apartamento,Valencia,1,1,€ 91,2019/11/13,2019/11/14,0,"9,4",30
Olvida tu Reloj Congresos Apartment,2448036,Apartamento,Valencia,1,1,€ 91,2019/11/13,2019/11/14,0,"9,2",30
apartamento las torres-botanico,4694090,Apartamento,Valencia,1,1,€ 94,2019/11/13,2019/11/14,0,9,30
Pensión Alicante,298710,NA,Valencia,1,1,€ 33,2019/11/13,2019/11/14,0,"8,5",30
Habitación en piso compartido,5433175,NA,Valencia,1,1,€ 40,2019/11/13,2019/11/14,0,"8,5",30
Casual Socarrat Valencia,5142800,NA,Valencia,1,1,€ 94,2019/11/13,2019/11/14,3,"9,1",30
Oceanografic Apartment,4903549,Apartamento,Valencia,1,1,NA,2019/11/13,2019/11/14,0,"9,5",30
Center City Flats,861452,Apartamentos,Valencia,1,1,€ 94,2019/11/13,2019/11/14,0,"9,1",30
Casa Cabañal,2436758,Casa o chalet,Valencia,1,1,€ 95,2019/11/13,2019/11/14,0,9,30
Sorolla Centro,90896,NA,Valencia,1,1,€ 99,2019/11/13,2019/11/14,3,"9,1",30
Russafa Youth Hostel,345134,NA,Valencia,1,1,€ 42,2019/11/13,2019/11/14,0,"8,6",30
Quart Youth Hostel,476418,NA,Valencia,1,1,€ 42,2019/11/13,2019/11/14,0,"8,6",30
Art&Flats Bed&Breakfast,5238345,NA,Valencia,1,1,€ 45,2019/11/13,2019/11/14,0,"8,8",30
Zalamera BnB,1331238,NA,Valencia,1,1,€ 47,2019/11/13,2019/11/14,0,"8,7",30
Apartamento en la Ciudad de las Artes y las Ciencias,3552283,Apartamento,Valencia,1,1,NA,2019/11/13,2019/11/14,0,"9,4",30
B&B Almirante,369695,NA,Valencia,1,1,€ 48,2019/11/13,2019/11/14,1,"8,8",30
Hotel Malcom and Barret,483261,NA,Valencia,1,1,€ 48,2019/11/13,2019/11/14,3,"8,7",30
UNIK. Apartments Valencia,2241282,Apartamentos,Valencia,1,1,€ 50,2019/11/13,2019/11/14,0,"8,5",30
Balcón Al Mar,295109,NA,Valencia,1,1,€ 51,2019/11/13,2019/11/14,0,"8,5",30
Pio XII Apartments Valencia,402080,Apartamentos,Valencia,1,1,€ 51,2019/11/13,2019/11/14,0,"8,5",30
APARTAMENTO CENTRO- RUZAFA. WI-FI. PARKING,3144104,Apartamento,Valencia,1,1,€ 100,2019/11/13,2019/11/14,0,"9,3",30
Cozy apartment in Valencia center,3402135,Apartamentos,Valencia,1,1,€ 101,2019/11/13,2019/11/14,0,"9,2",30
SHF Plaza de la Reina,1682520,Apartamentos,Valencia,1,1,€ 75,2019/11/13,2019/11/14,0,"7,8",30
Torres Quart,3702234,Apartamentos,Valencia,1,1,€ 83,2019/11/13,2019/11/14,0,"7,5",30
Apartment Florista,2150187,Apartamento,Valencia,1,1,€ 90,2019/11/13,2019/11/14,0,"7,9",30
En corts Flat,4471441,Apartamento,Valencia,1,1,NA,2019/11/13,2019/11/14,0,"8,5",30
Apartamento Angel Alcazar 35,2174625,Apartamento,Valencia,1,1,€ 90,2019/11/13,2019/11/14,0,"7,5",30
Suites by Eric Olsan (L),4287413,Apartamentos,Valencia,1,1,€ 112,2019/11/13,2019/11/14,0,"7,5",30
Friendly Rentals Verdi 2,2523881,Apartamento,Valencia,1,1,€ 125,2019/11/13,2019/11/14,0,"8,8",30
Isabel,4442066,Apartamento,Valencia,1,1,€ 127,2019/11/13,2019/11/14,0,"8,6",30
Lo's Beach Apartment,2312465,Apartamento,Valencia,1,1,NA,2019/11/13,2019/11/14,0,"9,1",30
Sercotel Sorolla Palace,93646,NA,Valencia,1,1,€ 76,2019/11/13,2019/11/14,4,"8,6",30
Petit Palace Ruzafa,90792,NA,Valencia,1,1,€ 77,2019/11/13,2019/11/14,3,"8,7",30
Suites by Eric Olsan (Peset),4726296,Apartamentos,Valencia,1,1,€ 112,2019/11/13,2019/11/14,0,"7,6",30
STYLISH APARTMENT - CITY CENTER,2861517,Apartamento,Valencia,1,1,€ 120,2019/11/13,2019/11/14,0,"7,8",30
Friendly Rentals Danna,1634254,Apartamento,Valencia,1,1,€ 140,2019/11/13,2019/11/14,0,"7,8",30
MD Benlliure Beach.,1957258,Apartamento,Valencia,1,1,€ 271,2019/11/13,2019/11/14,0,"7,8",30
VLC Downtown Flats,4637615,Apartamentos,Valencia,1,1,NA,2019/11/13,2019/11/14,0,"8,9",30
Apartments Welcome to Valencia Peset Aleixandre 69,4964856,Apartamento,Valencia,1,1,€ 129,2019/11/13,2019/11/14,0,"8,5",30
Vincci Lys,91183,NA,Valencia,1,1,€ 129,2019/11/13,2019/11/14,4,"8,9",30
ValentiaApartments - MercadoCentral,4185241,Apartamentos,Valencia,1,1,€ 132,2019/11/13,2019/11/14,0,"8,8",30
FREE WI-FI. Apartamentos 90 м2 - Assutzena 5,4828764,Apartamento,Valencia,1,1,€ 132,2019/11/13,2019/11/14,0,"8,6",30
Apartamento Gran Vía Marqués del Turia,2358973,Apartamento,Valencia,1,1,€ 139,2019/11/13,2019/11/14,0,"8,5",30
Don Herrero,1781239,Apartamentos,Valencia,1,1,NA,2019/11/13,2019/11/14,0,"9,2",30
Hotel Mediterraneo Valencia,92412,NA,Valencia,1,1,€ 78,2019/11/13,2019/11/14,3,"8,8",30
BUBUFLATS / Mercat,783206,Apartamentos,Valencia,1,1,€ 80,2019/11/13,2019/11/14,0,"8,9",30
MD Art Apartment Ruzafa,2550955,Apartamento,Valencia,1,1,€ 271,2019/11/13,2019/11/14,0,"7,5",30
MD Pelayo with terrace,1979067,Apartamento,Valencia,1,1,€ 271,2019/11/13,2019/11/14,0,"7,8",30
MD Oliag I Apartment Ruzafa,2867488,Apartamento,Valencia,1,1,€ 317,2019/11/13,2019/11/14,0,"7,7",30
Habitación Despuig,4901343,NA,Valencia,1,1,€ 28,2019/11/13,2019/11/14,0,"7,3",30
Hostal Waksman,281139,NA,Valencia,1,1,€ 30,2019/11/13,2019/11/14,1,"7,3",30
Friendly Rentals Ferrero,2314984,Apartamento,Valencia,1,1,€ 140,2019/11/13,2019/11/14,0,"8,8",30
Xativa Terrace II,1760138,Apartamentos,Valencia,1,1,NA,2019/11/13,2019/11/14,0,"9,1",30
AC Hotel Colon Valencia,1117150,NA,Valencia,1,1,€ 140,2019/11/13,2019/11/14,4,"8,7",30
Hospes Palau de La Mar,93823,NA,Valencia,1,1,€ 144,2019/11/13,2019/11/14,5,"8,8",30
feliz como en casa,3676196,NA,Valencia,1,1,€ 36,2019/11/13,2019/11/14,0,"7,4",30
Centro con encanto.,3614025,Apartamento,Valencia,1,1,NA,2019/11/13,2019/11/14,0,"8,6",30
La Flamenca,818359,NA,Valencia,1,1,€ 40,2019/11/13,2019/11/14,0,"7,2",30
HOSPEDAJE PESET,4718074,NA,Valencia,1,1,€ 40,2019/11/13,2019/11/14,0,"7,3",30
City Center Apartment,5084891,Apartamento,Valencia,1,1,€ 130,2019/11/13,2019/11/14,0,"8,1",30
Apartamento frente al mar,3060802,Apartamento,Valencia,1,1,€ 130,2019/11/13,2019/11/14,0,"8,3",30
Living Valencia Peydro,1803435,Apartamento,Valencia,1,1,NA,2019/11/13,2019/11/14,0,"8,6",30
Friendly Rentals Verdi,1634232,Apartamento,Valencia,1,1,€ 130,2019/11/13,2019/11/14,0,"8,1",30
Apartamento Obispo don Jerónimo,2079020,Apartamento,Valencia,1,1,€ 135,2019/11/13,2019/11/14,0,"8,2",30
Blanq Carmen Hotel,97069,NA,Valencia,1,1,€ 80,2019/11/13,2019/11/14,3,"8,7",30
Perla Apartments,3146781,Apartamentos,Valencia,1,1,€ 81,2019/11/13,2019/11/14,0,"8,7",30
Valencian Apartment,2298621,Apartamento,Valencia,1,1,€ 84,2019/11/13,2019/11/14,0,"8,9",30
AC Hotel Valencia,91063,NA,Valencia,1,1,€ 84,2019/11/13,2019/11/14,4,"8,5",30
Florista's Room en Valencia,5502152,NA,Valencia,1,1,NA,2019/11/13,2019/11/14,0,"9,2",30
Friendly Rentals Desplat,4120221,Apartamento,Valencia,1,1,€ 140,2019/11/13,2019/11/14,0,"8,3",30
Friendly rentals Enesco Beach,2526514,Apartamento,Valencia,1,1,€ 140,2019/11/13,2019/11/14,0,8,30
Friendly Rentals Evans,1634220,Apartamentos,Valencia,1,1,€ 140,2019/11/13,2019/11/14,0,"8,4",30
Friendly Rentals Telemann,1634241,Apartamento,Valencia,1,1,€ 140,2019/11/13,2019/11/14,0,"8,2",30
Home Club Micalet Apartments,443595,Apartamentos,Valencia,1,1,NA,2019/11/13,2019/11/14,0,"8,9",30
Boutique Creative Rooms,2334726,NA,Valencia,1,1,€ 85,2019/11/13,2019/11/14,0,"8,7",30
Ad Hoc Monumental,90719,NA,Valencia,1,1,€ 85,2019/11/13,2019/11/14,3,"8,6",30
BUBUFLATS Mossén,1141763,Apartamentos,Valencia,1,1,€ 85,2019/11/13,2019/11/14,0,"8,9",30
Eurostars Rey Don Jaime,91520,NA,Valencia,1,1,€ 143,2019/11/13,2019/11/14,4,"8,2",30
Casa los Peces,3234194,Apartamento,Valencia,1,1,€ 154,2019/11/13,2019/11/14,0,"8,3",30
Loft el Carmen amazing views,4932621,Apartamento,Valencia,1,1,€ 172,2019/11/13,2019/11/14,0,"8,1",30
Vlc Apartaments el Carmen,389902,Apartamentos,Valencia,1,1,€ 214,2019/11/13,2019/11/14,0,"8,3",30
Musico Peydro Apartments,3765069,Apartamentos,Valencia,1,1,€ 271,2019/11/13,2019/11/14,0,8,30
Eurostars Acteón,90495,NA,Valencia,1,1,€ 148,2019/11/13,2019/11/14,4,"8,5",30
Stylish newly renovated in great location /WIFI,3661070,Apartamento,Valencia,1,1,€ 149,2019/11/13,2019/11/14,0,"8,6",30
Apartamento LUXURY CENTRO HISTORICO,3664772,Apartamento,Valencia,1,1,€ 149,2019/11/13,2019/11/14,0,"8,5",30
Apartamento Sofia,2552406,Apartamento,Valencia,1,1,€ 150,2019/11/13,2019/11/14,0,"8,6",30
Habitación con cama doble,4794909,NA,Valencia,1,1,€ 41,2019/11/13,2019/11/14,0,"7,2",30
NWT Central Station Valencia,1647017,NA,Valencia,1,1,€ 44,2019/11/13,2019/11/14,0,"7,1",30
Apartment de las Ciencias,2287125,Apartamento,Valencia,1,1,€ 49,2019/11/13,2019/11/14,0,"7,1",30
Burjassot Mestalla,3058627,Apartamento,Valencia,1,1,€ 85,2019/11/13,2019/11/14,0,"8,6",30
Casa de Maria,2467712,Apartamento,Valencia,1,1,€ 85,2019/11/13,2019/11/14,0,"8,6",30
Casual Vintage Valencia,1710241,NA,Valencia,1,1,€ 85,2019/11/13,2019/11/14,2,"8,6",30
The Flow House,4762375,Apartamentos,Valencia,1,1,NA,2019/11/13,2019/11/14,0,"9,2",30
Citizentral Gascons,332095,Apartamentos,Valencia,1,1,€ 87,2019/11/13,2019/11/14,0,"8,7",30
Lotelito,570027,NA,Valencia,1,1,€ 87,2019/11/13,2019/11/14,0,"8,9",30
YourPlace apartments Mercado Central,2933554,Apartamentos,Valencia,1,1,NA,2019/11/13,2019/11/14,0,9,30
Friendly Rentals Rey,1634248,Apartamento,Valencia,1,1,€ 155,2019/11/13,2019/11/14,0,"8,9",30
Cathedral Suites Hotel,1736257,Apartahotel,Valencia,1,1,€ 159,2019/11/13,2019/11/14,4,"8,9",30
Friendly Rentals Vives 2,2523871,Apartamento,Valencia,1,1,€ 160,2019/11/13,2019/11/14,0,"8,6",30
Puerta de Serranos,2734333,Apartamentos,Valencia,1,1,€ 161,2019/11/13,2019/11/14,0,"8,9",30
Malvarrosa Calle Pavia,3608764,Casa o chalet,Valencia,1,1,€ 271,2019/11/13,2019/11/14,0,8,30
Marina Loft & Apartments,432326,Apartamentos,Valencia,1,1,NA,2019/11/13,2019/11/14,0,"8,7",30
MD Vila Barbera Apartment Center,1957253,Apartamento,Valencia,1,1,€ 330,2019/11/13,2019/11/14,0,"8,3",30
UP Hostel Valencia,1710137,NA,Valencia,1,1,€ 24,2019/11/13,2019/11/14,0,"7,7",30
The Westin Valencia,93321,NA,Valencia,1,1,€ 178,2019/11/13,2019/11/14,5,"8,7",30
Vincci Palace,94163,NA,Valencia,1,1,€ 183,2019/11/13,2019/11/14,4,"8,6",30
Piso en Malvarrosa,2574698,Apartamento,Valencia,1,1,NA,2019/11/13,2019/11/14,0,"9,1",30
Carlos & Ana,2079019,Apartamento,Valencia,1,1,€ 195,2019/11/13,2019/11/14,0,"8,9",30
Mar & City Apartment,3456759,Apartamento,Valencia,1,1,€ 199,2019/11/13,2019/11/14,0,"8,9",30
Hotel Valencia Oceanic Managed by Melia Hotels International,91522,NA,Valencia,1,1,€ 88,2019/11/13,2019/11/14,4,"8,6",30
IVAM ESQUIFE,4908298,Apartamento,Valencia,1,1,€ 88,2019/11/13,2019/11/14,0,"8,5",30
Hotel El Siglo,1741479,NA,Valencia,1,1,€ 90,2019/11/13,2019/11/14,3,"8,5",30
El Coral Apartment Valencia,3606766,Apartamento,Valencia,1,1,€ 93,2019/11/13,2019/11/14,0,"8,7",30
Canela`s Vintage Ruzafa Centro,4652584,Apartamento,Valencia,1,1,€ 200,2019/11/13,2019/11/14,0,"8,5",30
Exclusive Beach Apartment,4641691,Apartamento,Valencia,1,1,€ 205,2019/11/13,2019/11/14,0,"8,9",30
Casa de Vacaciones Pintor Vilar,2093863,Apartamento,Valencia,1,1,€ 222,2019/11/13,2019/11/14,0,"8,9",30
Pensión Universal,304276,NA,Valencia,1,1,€ 27,2019/11/13,2019/11/14,0,"7,9",30
Habitación San Cayetano,4624401,NA,Valencia,1,1,€ 30,2019/11/13,2019/11/14,0,"7,5",30
Hostal Moratin,326015,NA,Valencia,1,1,€ 31,2019/11/13,2019/11/14,1,"7,9",30
MÍ casa YOUR HOME,3328967,Apartamento,Valencia,1,1,NA,2019/11/13,2019/11/14,0,"9,2",30
Les flors,3985046,Apartamento,Valencia,1,1,€ 95,2019/11/13,2019/11/14,0,"8,7",30
New Trendy apartment,2426154,Apartamento,Valencia,1,1,€ 95,2019/11/13,2019/11/14,0,"8,6",30
Ilunion Aqua 4,92777,NA,Valencia,1,1,€ 98,2019/11/13,2019/11/14,4,"8,6",30
Melia Valencia,290493,NA,Valencia,1,1,€ 98,2019/11/13,2019/11/14,4,"8,8",30
Petit Palace Plaza de la Reina,90443,NA,Valencia,1,1,€ 98,2019/11/13,2019/11/14,3,"8,7",30
Habitaciones Barra89,1076252,NA,Valencia,1,1,€ 31,2019/11/13,2019/11/14,0,"7,8",30
Reino de Valencia Apartments,453225,Apartamentos,Valencia,1,1,NA,2019/11/13,2019/11/14,0,"8,9",30
Hostal El Cid,309465,NA,Valencia,1,1,€ 33,2019/11/13,2019/11/14,2,"7,6",30
Apart and Benef,2291245,NA,Valencia,1,1,€ 34,2019/11/13,2019/11/14,0,"7,9",30
Hostal On Dormire Valencia,432305,NA,Valencia,1,1,€ 35,2019/11/13,2019/11/14,0,"7,8",30
Habitación Céntrica en Casa de Familia,4289877,NA,Valencia,1,1,€ 35,2019/11/13,2019/11/14,0,"7,8",30
Hotel Beleret,94652,NA,Valencia,1,1,€ 41,2019/11/13,2019/11/14,3,"7,6",30
Kirei Apartment En Llop,1765516,Apartamentos,Valencia,1,1,€ 137,2019/11/13,2019/11/14,0,"7,1",30
Kirei Apartment Calgary,4768322,Apartamento,Valencia,1,1,€ 148,2019/11/13,2019/11/14,0,"7,3",30
Luminous & Cosy Down Town Apartment,3973347,Apartamento,Valencia,1,1,NA,2019/11/13,2019/11/14,0,"8,6",30
Best Valencia Beach Flat,3246772,Apartamento,Valencia,1,1,€ 196,2019/11/13,2019/11/14,0,"7,1",30
Select Home Catedral,440778,Apartamentos,Valencia,1,1,€ 240,2019/11/13,2019/11/14,0,"7,1",30
MD Puerto Rico Apartment Ruzafa,3737151,Apartamento,Valencia,1,1,€ 289,2019/11/13,2019/11/14,0,"7,4",30
MD Villalonga Malvarosa Beach,3739661,Apartamento,Valencia,1,1,€ 430,2019/11/13,2019/11/14,0,"7,1",30
Habitación en Colon,2246576,NA,Valencia,1,1,€ 45,2019/11/13,2019/11/14,0,"6,7",30
Ruzafa Rooms,2891693,NA,Valencia,1,1,€ 48,2019/11/13,2019/11/14,0,"6,9",30
Palacios Rooms,2773548,NA,Valencia,1,1,NA,2019/11/13,2019/11/14,0,"8,6",30
Hotel Miramar,23332,NA,Valencia,1,1,€ 61,2019/11/13,2019/11/14,2,"8,4",30
Happy Apartments Valencia – Lope de Vega,575582,Apartamentos,Valencia,1,1,€ 62,2019/11/13,2019/11/14,0,"8,1",30
B&B Hi Valencia Boutique,1301725,NA,Valencia,1,1,NA,2019/11/13,2019/11/14,0,"8,7",30
Happy Apartments Valencia,456043,Apartamentos,Valencia,1,1,€ 62,2019/11/13,2019/11/14,0,"8,2",30
Eurostars Gran Valencia,90484,NA,Valencia,1,1,€ 62,2019/11/13,2019/11/14,4,"8,4",30
Apartment Valencia Denia,1968489,Apartamentos,Valencia,1,1,€ 48,2019/11/13,2019/11/14,0,"6,7",30
Guest House Lebon,3124256,NA,Valencia,1,1,€ 60,2019/11/13,2019/11/14,0,"6,8",30
Casita Esmeralda,2040126,Casa o chalet,Valencia,1,1,€ 114,2019/11/13,2019/11/14,0,"6,5",30
Dreams Rental City Hall,337092,Apartamentos,Valencia,1,1,€ 280,2019/11/13,2019/11/14,0,"6,6",30
Valenciaflats Torres de Serrano,17468,Apartamentos,Valencia,1,1,€ 63,2019/11/13,2019/11/14,0,"8,3",30
L'Otelet By Sweet,1467935,NA,Valencia,1,1,€ 64,2019/11/13,2019/11/14,0,"8,3",30
Reina 12,1684198,NA,Valencia,1,1,€ 64,2019/11/13,2019/11/14,0,"8,3",30
Fun and Sun Center 2,2944416,NA,Valencia,1,1,€ 32,2019/11/13,2019/11/14,0,"6,1",30
Guest House Higinio Noja,2845935,NA,Valencia,1,1,€ 60,2019/11/13,2019/11/14,0,6,30
Sun Studio Valencia,2148309,Apartamento,Valencia,1,1,NA,2019/11/13,2019/11/14,0,"8,6",30
Loft Central Market - Tapas,3187998,Apartamento,Valencia,1,1,€ 87,2019/11/13,2019/11/14,0,"6,4",30
Hotel Alkazar,408511,NA,Valencia,1,1,€ 64,2019/11/13,2019/11/14,1,"8,1",30
Canovas rooms,5296619,NA,Valencia,1,1,NA,2019/11/13,2019/11/14,0,"8,7",30
City of Arts & Spa Apartment,4820684,Apartamento,Valencia,1,1,€ 65,2019/11/13,2019/11/14,0,8,30
Hotel Medium Valencia,96838,NA,Valencia,1,1,€ 68,2019/11/13,2019/11/14,4,"8,2",30
RoomTuristValencia - Ruzafa,4608394,NA,Valencia,1,1,€ 25,2019/11/13,2019/11/14,0,"5,5",30
Ruzafa Guesthouse,2269176,NA,Valencia,1,1,€ 30,2019/11/13,2019/11/14,0,"5,6",30
Gon & Diego House,4899561,NA,Valencia,1,1,€ 40,2019/11/13,2019/11/14,0,"5,5",30
Senator Parque Central Hotel,274963,NA,Valencia,1,1,€ 68,2019/11/13,2019/11/14,4,"8,1",30
City Suites Apartments,3091106,NA,Valencia,1,1,€ 70,2019/11/13,2019/11/14,0,"8,4",30
NH Ciudad de Valencia,90729,NA,Valencia,1,1,€ 70,2019/11/13,2019/11/14,3,"8,1",30
Apartment Vicent,1674495,Apartamentos,Valencia,1,1,€ 72,2019/11/13,2019/11/14,0,"8,3",30
Flatsforyou Ruzafa,3342696,Apartamentos,Valencia,1,1,NA,2019/11/13,2019/11/14,0,"8,7",30
Carrer del Bisbe Jaume Pérez,4900140,NA,Valencia,1,1,€ 60,2019/11/13,2019/11/14,0,"5,9",30
Kirei Apartment Berlin,4504570,Apartamentos,Valencia,1,1,€ 92,2019/11/13,2019/11/14,0,"5,6",30
Friendly Rentals Strauss,1634236,Apartamento,Valencia,1,1,NA,2019/11/13,2019/11/14,0,"8,6",30
Valencia B&B,2658386,NA,Valencia,1,1,€ 99,2019/11/13,2019/11/14,0,"5,5",30
Casual de las Artes Valencia,538056,NA,Valencia,1,1,€ 72,2019/11/13,2019/11/14,3,"8,4",30
Ilunion Aqua 3,92776,NA,Valencia,1,1,€ 74,2019/11/13,2019/11/14,3,"8,3",30
Ilunion Valencia 4,754329,NA,Valencia,1,1,€ 74,2019/11/13,2019/11/14,4,"8,1",30
Kirei Apartment Portland,4276529,Apartamentos,Valencia,1,1,€ 200,2019/11/13,2019/11/14,0,"5,8",30
Guest House Torres de Quart,2275006,NA,Valencia,1,1,€ 30,2019/11/13,2019/11/14,0,"5,3",30
Oliver,4865093,NA,Valencia,1,1,€ 35,2019/11/13,2019/11/14,0,"5,4",30
Hotel Valencia Center,91285,NA,Valencia,1,1,€ 75,2019/11/13,2019/11/14,4,"8,4",30
Atico Ciutat Vella,3446230,Apartamentos,Valencia,1,1,€ 75,2019/11/13,2019/11/14,0,"8,3",30
Residencia Universitaria Damia Bonet,247451,NA,Valencia,1,1,€ 75,2019/11/13,2019/11/14,0,"8,3",30
Apartments Catedral,309686,Apartamentos,Valencia,1,1,NA,2019/11/13,2019/11/14,0,"8,8",30
Nanit Valencia Hostel,3913497,NA,Valencia,1,1,€ 75,2019/11/13,2019/11/14,0,"8,3",30
Guest House Ruzafa,2324552,NA,Valencia,1,1,€ 35,2019/11/13,2019/11/14,0,"5,1",30
Ático cerca del mar,4040503,Apartamento,Valencia,1,1,€ 75,2019/11/13,2019/11/14,0,"8,3",30
NH Valencia Las Artes,90731,NA,Valencia,1,1,€ 76,2019/11/13,2019/11/14,4,"8,4",30
Holiday Inn Express Ciudad de las Ciencias,96737,NA,Valencia,1,1,€ 77,2019/11/13,2019/11/14,3,8,30
Sweet Hotel Continental,93856,NA,Valencia,1,1,€ 79,2019/11/13,2019/11/14,2,"8,3",30
