name,propertyId,propertyType,city,rooms,days,price,checkIn,checkOut,stars,score,advance
Guest House Samuel Ros,4161855,NA,Valencia,1,1,€ 90,2019/11/19,2019/11/20,0,"7,2",30
La Casa dei Fiori,2849727,Apartamento,Valencia,1,1,€ 90,2019/11/19,2019/11/20,0,7,30
Apartamento Ciencias y Playa,3223115,Apartamento,Valencia,1,1,NA,2019/11/19,2019/11/20,0,"8,9",30
Kirei Apartment Na Jordana,1702092,Apartamentos,Valencia,1,1,€ 101,2019/11/19,2019/11/20,0,7,30
EL ATICO,5680427,Apartamento,Valencia,1,1,€ 107,2019/11/19,2019/11/20,0,,30
Todo el centro histórico a tu alcance.,5610526,Apartamento,Valencia,1,1,€ 119,2019/11/19,2019/11/20,0,,30
Total Valencia (Leisure & Culture),824611,Apartamentos,Valencia,1,1,NA,2019/11/19,2019/11/20,0,"8,5",30
The White Apartment: Luxury- Beach and Design,5631365,Apartamento,Valencia,1,1,€ 167,2019/11/19,2019/11/20,0,,30
Kirei Apartment Vienna,4639797,Apartamento,Valencia,1,1,€ 103,2019/11/19,2019/11/20,0,"7,4",30
Kirei Apartment En Llop,1765516,Apartamentos,Valencia,1,1,€ 137,2019/11/19,2019/11/20,0,7,30
Kirei Apartment Calgary,4768322,Apartamento,Valencia,1,1,€ 148,2019/11/19,2019/11/20,0,"7,4",30
Best Valencia Beach Flat,3246772,Apartamento,Valencia,1,1,€ 196,2019/11/19,2019/11/20,0,"7,1",30
ACOGEDOR - CON TERRAZA - EN EL PLENO CENTRO,5715086,Apartamento,Valencia,1,1,€ 180,2019/11/19,2019/11/20,0,,30
Apartment Passeig de la Petxina,5695771,Apartamentos,Valencia,1,1,€ 195,2019/11/19,2019/11/20,0,,30
Apartment Carrer Ernesto Che Guevara,5598848,Apartamentos,Valencia,1,1,€ 211,2019/11/19,2019/11/20,0,,30
MD Puerto Rico Apartment Ruzafa,3737151,Apartamento,Valencia,1,1,€ 289,2019/11/19,2019/11/20,0,"7,4",30
Peppes,3223423,NA,Valencia,1,1,NA,2019/11/19,2019/11/20,0,"8,5",30
Habitaciones con Encanto,5629632,NA,Valencia,1,1,€ 40,2019/11/19,2019/11/20,0,"6,9",30
Ruzafa Rooms,2891693,NA,Valencia,1,1,€ 45,2019/11/19,2019/11/20,0,"6,9",30
Habitación en Colon,2246576,NA,Valencia,1,1,€ 45,2019/11/19,2019/11/20,0,"6,7",30
Apartamento con terraza,5238122,Apartahotel,Valencia,1,1,€ 240,2019/11/19,2019/11/20,0,,30
Apartment Carrer de Don Juan de Austria,5464038,Apartamentos,Valencia,1,1,€ 275,2019/11/19,2019/11/20,0,,30
Brugada home,5259150,NA,Valencia,1,1,€ 55,2019/11/19,2019/11/20,0,"6,6",30
Guest House Lebon,3124256,NA,Valencia,1,1,€ 60,2019/11/19,2019/11/20,0,"6,8",30
Casita Esmeralda,2040126,Casa o chalet,Valencia,1,1,€ 114,2019/11/19,2019/11/20,0,"6,5",30
Hotel Cosmo,4838858,NA,Valencia,1,1,€ 64,2019/11/19,2019/11/20,3,10,30
Friendly Rentals Ferrero,2314984,Apartamento,Valencia,1,1,NA,2019/11/19,2019/11/20,0,"8,8",30
LACASAMALVA1 PLAYA DE VALENCIA,5679960,Casa o chalet,Valencia,1,1,€ 298,2019/11/19,2019/11/20,0,,30
Apartment Carrer de Cadis,5531328,Apartamentos,Valencia,1,1,€ 648,2019/11/19,2019/11/20,0,,30
EXCLUSIVE VILLA WITH POOL ON THE BEACH,5684273,Villa,Valencia,1,1,€ 970,2019/11/19,2019/11/20,0,,30
Lindala,5250762,NA,Valencia,1,1,€ 49,2019/11/19,2019/11/20,0,"9,6",30
Casa Vich,4457634,Apartamento,Valencia,1,1,NA,2019/11/19,2019/11/20,0,"9,5",30
Apartamentos Navío,5647176,Apartamento,Valencia,1,1,€ 60,2019/11/19,2019/11/20,0,"9,9",30
Ramirez Flats & Bar,4124528,Apartahotel,Valencia,1,1,€ 68,2019/11/19,2019/11/20,0,"9,5",30
Casual House Valencia,3446189,Casa o chalet,Valencia,1,1,NA,2019/11/19,2019/11/20,0,"8,5",30
Fun and Sun Center 2,2944416,NA,Valencia,1,1,€ 32,2019/11/19,2019/11/20,0,"6,1",30
Loft Central Market - Tapas,3187998,Apartamento,Valencia,1,1,€ 88,2019/11/19,2019/11/20,0,"6,4",30
United Colors of Apartments Boutique Style,5372347,Apartamentos,Valencia,1,1,€ 69,2019/11/19,2019/11/20,0,"9,5",30
Piso en Playa de Valencia,5533098,Apartamento,Valencia,1,1,€ 70,2019/11/19,2019/11/20,0,"9,5",30
Bubuflats Bubu 3,1014334,Apartamentos,Valencia,1,1,€ 80,2019/11/19,2019/11/20,0,"9,6",30
Hostal Antigua Morellana,1273937,NA,Valencia,1,1,€ 80,2019/11/19,2019/11/20,1,"9,5",30
Central Park Apartment Valencia,3881533,Apartamento,Valencia,1,1,NA,2019/11/19,2019/11/20,0,"9,5",30
ÁTICO PTA 13 EN EL CENTRO DE VALENCIA VT-45727-T,4612077,Apartamento,Valencia,1,1,€ 90,2019/11/19,2019/11/20,0,"9,5",30
L'Esplai Valencia Bed & Breakfast,1282556,NA,Valencia,1,1,€ 91,2019/11/19,2019/11/20,0,"9,6",30
Calle de Frederica Montseny 'Política' Casa o chalet,5152866,Casa o chalet,Valencia,1,1,€ 95,2019/11/19,2019/11/20,0,"9,6",30
Casa La Buhardilla,2985364,Apartamento,Valencia,1,1,€ 97,2019/11/19,2019/11/20,0,"9,6",30
Olympia Flats,4212801,NA,Valencia,1,1,€ 50,2019/11/19,2019/11/20,0,"9,7",30
Vamos A la Playa,5030500,Apartamento,Valencia,1,1,€ 90,2019/11/19,2019/11/20,0,"6,1",30
RoomTuristValencia - Ruzafa,4608394,NA,Valencia,1,1,€ 25,2019/11/19,2019/11/20,0,"5,5",30
Ruzafa Guesthouse,2269176,NA,Valencia,1,1,€ 30,2019/11/19,2019/11/20,0,"5,5",30
Checkin Valencia,93743,NA,Valencia,1,1,€ 62,2019/11/19,2019/11/20,4,"7,8",30
Gon & Diego House,4899561,NA,Valencia,1,1,€ 40,2019/11/19,2019/11/20,0,"5,5",30
Ruzafa,3332824,Apartamento,Valencia,1,1,NA,2019/11/19,2019/11/20,0,"8,5",30
Carrer del Bisbe Jaume Pérez,4900140,NA,Valencia,1,1,€ 60,2019/11/19,2019/11/20,0,"5,9",30
Guest House Higinio Noja,2845935,NA,Valencia,1,1,€ 60,2019/11/19,2019/11/20,0,"5,9",30
Kirei Apartment Berlin,4504570,Apartamentos,Valencia,1,1,€ 92,2019/11/19,2019/11/20,0,"5,6",30
Kirei Apartment Denver,4585191,Apartamento,Valencia,1,1,€ 137,2019/11/19,2019/11/20,0,"5,6",30
Kirei Apartment Portland,4276529,Apartamentos,Valencia,1,1,€ 200,2019/11/19,2019/11/20,0,"5,9",30
Precioso piso junto al antiguo barrio de Campanar,3297078,Apartamento,Valencia,1,1,€ 100,2019/11/19,2019/11/20,0,"9,5",30
BONNIES Suites & Spa Valencia,3631910,Apartamentos,Valencia,1,1,NA,2019/11/19,2019/11/20,0,"9,8",30
Opera House Valencia B&B,3533887,NA,Valencia,1,1,€ 110,2019/11/19,2019/11/20,0,"9,5",30
Disfruta - Enjoy Valencia Ruzafa,3890328,Apartamento,Valencia,1,1,€ 125,2019/11/19,2019/11/20,0,"9,7",30
Disfruta - Enjoy Valencia Centre,3881970,Apartamento,Valencia,1,1,€ 127,2019/11/19,2019/11/20,0,"9,8",30
Flats Piera Valencia Center,1490563,Apartamentos,Valencia,1,1,€ 135,2019/11/19,2019/11/20,0,"9,7",30
MARQUÉS HOUSE 4* SUP,2118880,NA,Valencia,1,1,€ 139,2019/11/19,2019/11/20,4,"9,5",30
Disfruta - Enjoy Valencia Oceanografic,4121345,Apartamento,Valencia,1,1,€ 139,2019/11/19,2019/11/20,0,"9,6",30
Ciudad Ciencias- Lujo- Parking- Wi-Fi.,4999636,Apartamento,Valencia,1,1,NA,2019/11/19,2019/11/20,0,"9,8",30
Disfruta - Enjoy Valencia Ayuntamiento,4901194,Apartamento,Valencia,1,1,€ 139,2019/11/19,2019/11/20,0,"9,6",30
RUZAFA- CENTRO-A/C- WI-FI- PARKING,2885994,Apartamento,Valencia,1,1,€ 140,2019/11/19,2019/11/20,0,"9,7",30
Apartments Downtown Valencia,2250421,Apartamentos,Valencia,1,1,€ 140,2019/11/19,2019/11/20,0,"9,6",30
Casa Calle Conquista,4691493,Apartamento,Valencia,1,1,€ 240,2019/11/19,2019/11/20,0,"9,6",30
MD PASEO RUZAFA CENTER,5374850,Apartamento,Valencia,1,1,€ 1.030,2019/11/19,2019/11/20,0,"9,6",30
Hotel Turia,14441,NA,Valencia,1,1,€ 65,2019/11/19,2019/11/20,4,"7,5",30
Designers flat next to the City of Arts and Sciences,4351753,Apartamento,Valencia,1,1,NA,2019/11/19,2019/11/20,0,"8,7",30
Alex Apartment,1756374,Apartamento,Valencia,1,1,€ 65,2019/11/19,2019/11/20,0,"7,9",30
Jero Rooms,296743,NA,Valencia,1,1,€ 66,2019/11/19,2019/11/20,0,"7,7",30
El 16 Ruzafa,865461,Apartamentos,Valencia,1,1,€ 69,2019/11/19,2019/11/20,0,"7,7",30
Oceanográfico Apartments & Spa,324918,Apartamentos,Valencia,1,1,€ 70,2019/11/19,2019/11/20,0,"7,5",30
City Center Apartments,4426057,Apartamentos,Valencia,1,1,€ 72,2019/11/19,2019/11/20,0,"7,8",30
SEA YOU HOTEL PORT VALENCIA,92328,NA,Valencia,1,1,€ 75,2019/11/19,2019/11/20,4,"7,7",30
piso cerca de la playa,3269379,Apartamento,Valencia,1,1,NA,2019/11/19,2019/11/20,0,"8,6",30
Apartamento Angel Alcazar 35,2174625,Apartamento,Valencia,1,1,€ 80,2019/11/19,2019/11/20,0,"7,5",30
Suites by Eric Olsan (Peset),4726296,Apartamentos,Valencia,1,1,€ 83,2019/11/19,2019/11/20,0,"7,5",30
Turia Burjassot 12,3237353,Apartamento,Valencia,1,1,€ 80,2019/11/19,2019/11/20,0,9,30
Apartamentos Wallace,1698355,Apartamentos,Valencia,1,1,€ 82,2019/11/19,2019/11/20,0,"9,2",30
Suites by Eric Olsan (L),4287413,Apartamentos,Valencia,1,1,€ 83,2019/11/19,2019/11/20,0,"7,5",30
Torres Quart,3702234,Apartamentos,Valencia,1,1,€ 87,2019/11/19,2019/11/20,0,"7,5",30
Plaza Sainetero 5,3148458,Apartamento,Valencia,1,1,€ 93,2019/11/19,2019/11/20,0,"7,7",30
Apartment Florista,2150187,Apartamento,Valencia,1,1,€ 95,2019/11/19,2019/11/20,0,"7,9",30
En corts Flat,4471441,Apartamento,Valencia,1,1,NA,2019/11/19,2019/11/20,0,"8,5",30
STYLISH APARTMENT - CITY CENTER,2861517,Apartamento,Valencia,1,1,€ 120,2019/11/19,2019/11/20,0,"7,8",30
Friendly Rentals Danna,1634254,Apartamento,Valencia,1,1,€ 140,2019/11/19,2019/11/20,0,"7,7",30
Musico Peydro Apartments,3765069,Apartamentos,Valencia,1,1,€ 271,2019/11/19,2019/11/20,0,"7,9",30
MD Benlliure Beach.,1957258,Apartamento,Valencia,1,1,€ 271,2019/11/19,2019/11/20,0,"7,8",30
MD Art Apartment Ruzafa,2550955,Apartamento,Valencia,1,1,€ 271,2019/11/19,2019/11/20,0,"7,5",30
MD Pelayo with terrace,1979067,Apartamento,Valencia,1,1,€ 271,2019/11/19,2019/11/20,0,"7,8",30
Carrer de Dénia,4274046,Apartamento,Valencia,1,1,NA,2019/11/19,2019/11/20,0,"8,7",30
MD Abastos Center,2551194,Apartamento,Valencia,1,1,€ 289,2019/11/19,2019/11/20,0,"7,6",30
Ático Valencia Centro,4358939,Apartamento,Valencia,1,1,NA,2019/11/19,2019/11/20,0,"9,9",30
Casual Socarrat Valencia,5142800,NA,Valencia,1,1,€ 84,2019/11/19,2019/11/20,3,"9,1",30
One Shot Mercat 09,2274203,NA,Valencia,1,1,€ 84,2019/11/19,2019/11/20,4,"9,1",30
Peset Silence,3698967,Apartamento,Valencia,1,1,€ 300,2019/11/19,2019/11/20,0,"7,5",30
MD Oliag I Apartment Ruzafa,2867488,Apartamento,Valencia,1,1,€ 487,2019/11/19,2019/11/20,0,"7,7",30
Habitación Despuig,4901343,NA,Valencia,1,1,€ 28,2019/11/19,2019/11/20,0,"7,3",30
Hostal Waksman,281139,NA,Valencia,1,1,€ 35,2019/11/19,2019/11/20,1,"7,3",30
Hotel Valencia Alameda,4019381,NA,Valencia,1,1,€ 84,2019/11/19,2019/11/20,4,"9,2",30
Atico de Lujo,2142556,Apartamento,Valencia,1,1,€ 85,2019/11/19,2019/11/20,0,"9,2",30
Dama Del Puerto,3230781,Apartamento,Valencia,1,1,€ 85,2019/11/19,2019/11/20,0,"9,1",30
Hotel Boutique Balandret,1281710,NA,Valencia,1,1,€ 86,2019/11/19,2019/11/20,3,"9,2",30
Apartment in the Heart of Valencia,4616217,Apartamento,Valencia,1,1,NA,2019/11/19,2019/11/20,0,"9,9",30
Apartamentos El Olivo,1985143,Apartamento,Valencia,1,1,€ 86,2019/11/19,2019/11/20,0,"9,4",30
Mon Suites Catedral,485679,Apartamentos,Valencia,1,1,€ 82,2019/11/19,2019/11/20,0,"9,2",30
Loft zona Pechina en Valencia centro,2524985,Apartamento,Valencia,1,1,€ 87,2019/11/19,2019/11/20,0,"9,1",30
Mon Suites San Nicolas,4117225,Apartamentos,Valencia,1,1,€ 87,2019/11/19,2019/11/20,0,"9,2",30
RUZAFA. Nice apartment and Terrace.,4368595,Apartamento,Valencia,1,1,€ 88,2019/11/19,2019/11/20,0,"9,3",30
Sol Playa,12656,NA,Valencia,1,1,€ 60,2019/11/19,2019/11/20,2,"8,3",30
El Coso,14580,NA,Valencia,1,1,€ 60,2019/11/19,2019/11/20,3,"8,2",30
Your home at Valencia- Ruzafa,3809623,Apartamento,Valencia,1,1,NA,2019/11/19,2019/11/20,0,"9,2",30
Happy Apartments Valencia,456043,Apartamentos,Valencia,1,1,€ 60,2019/11/19,2019/11/20,0,"8,2",30
Hotel Miramar,23332,NA,Valencia,1,1,€ 61,2019/11/19,2019/11/20,2,"8,4",30
Happy Apartments Valencia – Lope de Vega,575582,Apartamentos,Valencia,1,1,€ 62,2019/11/19,2019/11/20,0,"8,1",30
Apartamento cerca de la Playa y el Centro,2620264,Apartamento,Valencia,1,1,€ 88,2019/11/19,2019/11/20,0,9,30
Glorieta,4217752,Apartamento,Valencia,1,1,NA,2019/11/19,2019/11/20,0,"9,7",30
Palacio de Rojas,1073276,Apartamentos,Valencia,1,1,€ 89,2019/11/19,2019/11/20,0,"9,3",30
Apartamentos Edificio Palomar,189277,Apartamentos,Valencia,1,1,€ 89,2019/11/19,2019/11/20,0,"9,2",30
APARTAMENTO CENTRICO. WI-FI. PARKING,2967593,Apartamento,Valencia,1,1,€ 90,2019/11/19,2019/11/20,0,"9,1",30
Citizentral Juristas,1113127,Apartamentos,Valencia,1,1,€ 91,2019/11/19,2019/11/20,0,"9,2",30
Olvida tu Reloj Montichelvo Apartment,3258095,Apartamento,Valencia,1,1,€ 91,2019/11/19,2019/11/20,0,"9,4",30
Olvida tu Reloj Congresos Apartment,2448036,Apartamento,Valencia,1,1,€ 91,2019/11/19,2019/11/20,0,"9,2",30
LOFT apartamento duplex en Valencia con parking gratis,5519008,Apartamento,Valencia,1,1,NA,2019/11/19,2019/11/20,0,"9,9",30
Apartment on Carrer del Dr. Lluch,2008997,Apartamento,Valencia,1,1,€ 94,2019/11/19,2019/11/20,0,"9,1",30
Center City Flats,861452,Apartamentos,Valencia,1,1,€ 94,2019/11/19,2019/11/20,0,"9,1",30
Casa Cabañal,2436758,Casa o chalet,Valencia,1,1,€ 95,2019/11/19,2019/11/20,0,9,30
Sorolla Centro,90896,NA,Valencia,1,1,€ 99,2019/11/19,2019/11/20,3,"9,1",30
Apartamento centro frente a Torres de Serrano,3408067,Apartamento,Valencia,1,1,€ 100,2019/11/19,2019/11/20,0,"9,4",30
Eurostars Gran Valencia,90484,NA,Valencia,1,1,€ 62,2019/11/19,2019/11/20,4,"8,4",30
Hotel Medium Valencia,96838,NA,Valencia,1,1,€ 63,2019/11/19,2019/11/20,4,"8,2",30
NH Ciudad de Valencia,90729,NA,Valencia,1,1,€ 63,2019/11/19,2019/11/20,3,"8,1",30
Welcome Apartamentos Pintor Stolz 31 Valencia,5019066,Apartamento,Valencia,1,1,NA,2019/11/19,2019/11/20,0,"9,3",30
Valenciaflats Torres de Serrano,17468,Apartamentos,Valencia,1,1,€ 63,2019/11/19,2019/11/20,0,"8,3",30
L'Otelet By Sweet,1467935,NA,Valencia,1,1,€ 64,2019/11/19,2019/11/20,0,"8,3",30
Reina 12,1684198,NA,Valencia,1,1,€ 64,2019/11/19,2019/11/20,0,"8,3",30
Sercotel Sorolla Palace,93646,NA,Valencia,1,1,€ 70,2019/11/19,2019/11/20,4,"8,6",30
Carrer de l'Escriptor Rafael Ferreres,4267645,Apartamento,Valencia,1,1,€ 70,2019/11/19,2019/11/20,0,"8,5",30
Total Valencia White,2201908,Apartamento,Valencia,1,1,NA,2019/11/19,2019/11/20,0,"9,1",30
Valencia maritimo,3020748,Apartamento,Valencia,1,1,€ 70,2019/11/19,2019/11/20,0,"8,9",30
Hotel Alkazar,408511,NA,Valencia,1,1,€ 64,2019/11/19,2019/11/20,1,"8,1",30
Ilunion Aqua 3,92776,NA,Valencia,1,1,€ 65,2019/11/19,2019/11/20,3,"8,3",30
Senator Parque Central Hotel,274963,NA,Valencia,1,1,€ 65,2019/11/19,2019/11/20,4,"8,1",30
Musico Flat III,2985869,Apartamento,Valencia,1,1,NA,2019/11/19,2019/11/20,0,"9,3",30
Sweet Hotel Renasa,274818,NA,Valencia,1,1,€ 65,2019/11/19,2019/11/20,3,8,30
Holiday Inn Express Ciudad de las Ciencias,96737,NA,Valencia,1,1,€ 68,2019/11/19,2019/11/20,3,"7,9",30
Apartment Vicent,1674495,Apartamentos,Valencia,1,1,€ 70,2019/11/19,2019/11/20,0,"8,3",30
Ilunion Valencia 4,754329,NA,Valencia,1,1,€ 70,2019/11/19,2019/11/20,4,"8,1",30
Casual de las Artes Valencia,538056,NA,Valencia,1,1,€ 72,2019/11/19,2019/11/20,3,"8,4",30
Residencia Universitaria Damia Bonet,247451,NA,Valencia,1,1,€ 75,2019/11/19,2019/11/20,0,"8,3",30
Ca Ribera,2175313,Apartamento,Valencia,1,1,NA,2019/11/19,2019/11/20,0,"9,1",30
Hotel San Lorenzo Boutique,1307718,NA,Valencia,1,1,€ 72,2019/11/19,2019/11/20,3,"8,6",30
Pio XII Apartments Valencia,402080,Apartamentos,Valencia,1,1,€ 72,2019/11/19,2019/11/20,0,"8,5",30
Original Domino House,5434091,NA,Valencia,1,1,€ 75,2019/11/19,2019/11/20,0,"8,9",30
BUBUFLATS / Mercat,783206,Apartamentos,Valencia,1,1,€ 75,2019/11/19,2019/11/20,0,"8,9",30
Habitación doble,3599930,NA,Valencia,1,1,€ 75,2019/11/19,2019/11/20,0,"8,9",30
Apartamentos Hiedra y Tapinería Mercado Central,1888891,Apartamentos,Valencia,1,1,NA,2019/11/19,2019/11/20,0,"9,2",30
Burjassot Mestalla,3058627,Apartamento,Valencia,1,1,€ 75,2019/11/19,2019/11/20,0,"8,6",30
Atico Ciutat Vella,3446230,Apartamentos,Valencia,1,1,€ 75,2019/11/19,2019/11/20,0,"8,3",30
Apartamentos Dormavalencia,4450983,Apartamentos,Valencia,1,1,€ 76,2019/11/19,2019/11/20,0,"8,4",30
Apartamento Ciudad de las Artes y las Ciencias,4353552,Apartamento,Valencia,1,1,€ 78,2019/11/19,2019/11/20,0,"8,3",30
Primus Valencia,331871,NA,Valencia,1,1,€ 79,2019/11/19,2019/11/20,4,"8,3",30
València Centre Torres de Quart,886289,Apartamentos,Valencia,1,1,€ 71,2019/11/19,2019/11/20,0,"8,9",30
Ad Hoc Carmen,1173270,NA,Valencia,1,1,€ 75,2019/11/19,2019/11/20,2,"8,9",30
Petit Palace Ruzafa,90792,NA,Valencia,1,1,€ 77,2019/11/19,2019/11/20,3,"8,7",30
Lotelito,570027,NA,Valencia,1,1,€ 78,2019/11/19,2019/11/20,0,"8,9",30
Balandra Flat,2032624,Apartamento,Valencia,1,1,€ 79,2019/11/19,2019/11/20,0,"8,6",30
Apartments Abate 4,2848648,Apartamentos,Valencia,1,1,NA,2019/11/19,2019/11/20,0,9,30
Friendly Rentals Ravel I,1634234,Apartamento,Valencia,1,1,€ 110,2019/11/19,2019/11/20,0,"8,8",30
Friendly Rentals Nyman,3245521,Apartamento,Valencia,1,1,€ 110,2019/11/19,2019/11/20,0,"8,9",30
SingularStays Poeta Querol,3916644,Apartamento,Valencia,1,1,NA,2019/11/19,2019/11/20,0,"9,1",30
SH Ingles Boutique Hotel,92956,NA,Valencia,1,1,€ 113,2019/11/19,2019/11/20,4,"8,5",30
Jardín Botánico Hotel Boutique,93369,NA,Valencia,1,1,€ 79,2019/11/19,2019/11/20,3,"8,9",30
Blanq Carmen Hotel,97069,NA,Valencia,1,1,€ 80,2019/11/19,2019/11/20,3,"8,7",30
BUBUFLATS Mossén,1141763,Apartamentos,Valencia,1,1,€ 80,2019/11/19,2019/11/20,0,"8,9",30
Plaza de la Virgen,3167342,Apartamento,Valencia,1,1,€ 115,2019/11/19,2019/11/20,0,"8,8",30
Friendly Rentals Casals,1769176,Apartamento,Valencia,1,1,€ 115,2019/11/19,2019/11/20,0,"8,6",30
Vincci Lys,91183,NA,Valencia,1,1,€ 119,2019/11/19,2019/11/20,4,"8,9",30
Flatsforyou Mercat,1367507,Apartamentos,Valencia,1,1,€ 120,2019/11/19,2019/11/20,3,"8,9",30
Hotel Valencia Center,91285,NA,Valencia,1,1,€ 79,2019/11/19,2019/11/20,4,"8,4",30
Friendly Rentals Gala,1634252,Apartamento,Valencia,1,1,€ 120,2019/11/19,2019/11/20,0,"8,8",30
Valencia Town Center New Apartments,4652750,Apartamentos,Valencia,1,1,NA,2019/11/19,2019/11/20,0,9,30
Friendly Rentals Soler,1634237,Apartamento,Valencia,1,1,€ 120,2019/11/19,2019/11/20,0,"8,7",30
ValentiaApartments - MercadoCentral,4185241,Apartamentos,Valencia,1,1,€ 123,2019/11/19,2019/11/20,0,"8,8",30
Apartamentos Valencia - Brazil 31 Free WiFi,4948554,Apartamento,Valencia,1,1,€ 125,2019/11/19,2019/11/20,0,"8,8",30
Friendly Rentals Verdi 2,2523881,Apartamento,Valencia,1,1,€ 125,2019/11/19,2019/11/20,0,"8,8",30
Isabel,4442066,Apartamento,Valencia,1,1,€ 127,2019/11/19,2019/11/20,0,"8,6",30
Vincci Palace,94163,NA,Valencia,1,1,€ 129,2019/11/19,2019/11/20,4,"8,7",30
Casual del Cine Valencia,572187,NA,Valencia,1,1,€ 80,2019/11/19,2019/11/20,2,"8,6",30
Suites by Eric Olsan (Florista),4726450,Apartamentos,Valencia,1,1,€ 82,2019/11/19,2019/11/20,0,"8,6",30
Valenciaflats Centro Histórico,94781,Apartamentos,Valencia,1,1,€ 82,2019/11/19,2019/11/20,0,"8,7",30
APARTAMENTO FRENTE AL MAR - Mare Nostrum,1879022,Apartamento,Valencia,1,1,NA,2019/11/19,2019/11/20,0,"9,2",30
Valencian Apartment,2298621,Apartamento,Valencia,1,1,€ 84,2019/11/19,2019/11/20,0,"8,9",30
Ad Hoc Monumental,90719,NA,Valencia,1,1,€ 85,2019/11/19,2019/11/20,3,"8,6",30
New Trendy apartment,2426154,Apartamento,Valencia,1,1,€ 85,2019/11/19,2019/11/20,0,"8,6",30
Casa de Maria,2467712,Apartamento,Valencia,1,1,€ 85,2019/11/19,2019/11/20,0,"8,6",30
CÉNTRICO MUY SOLEADO,4155127,Apartamento,Valencia,1,1,NA,2019/11/19,2019/11/20,0,9,30
AC Hotel Colon Valencia,1117150,NA,Valencia,1,1,€ 131,2019/11/19,2019/11/20,4,"8,7",30
FREE WI-FI. Apartamentos 90 м2 - Assutzena 5,4828764,Apartamento,Valencia,1,1,€ 132,2019/11/19,2019/11/20,0,"8,6",30
Apartamento Gran Vía Marqués del Turia,2358973,Apartamento,Valencia,1,1,€ 139,2019/11/19,2019/11/20,0,"8,5",30
Hotel Mediterraneo Valencia,92412,NA,Valencia,1,1,€ 78,2019/11/19,2019/11/20,3,"8,8",30
Cathedral Suites Hotel,1736257,Apartahotel,Valencia,1,1,€ 139,2019/11/19,2019/11/20,4,"8,9",30
Hospes Palau de La Mar,93823,NA,Valencia,1,1,€ 144,2019/11/19,2019/11/20,5,"8,8",30
Apartamento LUXURY CENTRO HISTORICO,3664772,Apartamento,Valencia,1,1,€ 149,2019/11/19,2019/11/20,0,"8,5",30
Travel Habitat Literato azorin,3699013,Apartamento,Valencia,1,1,NA,2019/11/19,2019/11/20,0,9,30
Apartamento Sofia,2552406,Apartamento,Valencia,1,1,€ 150,2019/11/19,2019/11/20,0,"8,6",30
Friendly Rentals Vives 2,2523871,Apartamento,Valencia,1,1,€ 160,2019/11/19,2019/11/20,0,"8,8",30
Puerta de Serranos,2734333,Apartamentos,Valencia,1,1,€ 161,2019/11/19,2019/11/20,0,"8,9",30
Mar & City Apartment,3456759,Apartamento,Valencia,1,1,€ 174,2019/11/19,2019/11/20,0,"8,9",30
The Westin Valencia,93321,NA,Valencia,1,1,€ 178,2019/11/19,2019/11/20,5,"8,7",30
B BEACH VALENCIA,5125954,Apartamento,Valencia,1,1,€ 150,2019/11/19,2019/11/20,0,"9,1",30
Duplex en Blasco Ibáñez,3672426,Apartamento,Valencia,1,1,€ 155,2019/11/19,2019/11/20,0,"9,1",30
Austria 4,1605997,Apartamentos,Valencia,1,1,NA,2019/11/19,2019/11/20,0,9,30
Arena's Apartament,2156905,Apartamento,Valencia,1,1,€ 170,2019/11/19,2019/11/20,0,"9,1",30
Zerka Sendra,4657122,Apartamento,Valencia,1,1,€ 179,2019/11/19,2019/11/20,0,9,30
Apartamento Playa Wifi Gratis,3495634,Apartamento,Valencia,1,1,€ 190,2019/11/19,2019/11/20,0,"9,3",30
Caro Hotel,348132,NA,Valencia,1,1,€ 199,2019/11/19,2019/11/20,5,"9,2",30
Loft Superior el Carmen,2784473,Apartamento,Valencia,1,1,€ 209,2019/11/19,2019/11/20,0,"9,3",30
City Center Atico 360,3025679,Apartamento,Valencia,1,1,€ 210,2019/11/19,2019/11/20,0,"9,4",30
Tramontana Apartments,1277215,Apartamentos,Valencia,1,1,NA,2019/11/19,2019/11/20,0,9,30
Ca Carmela,2466364,Casa o chalet,Valencia,1,1,€ 225,2019/11/19,2019/11/20,0,"9,1",30
Las Arenas Balneario Resort,91144,NA,Valencia,1,1,€ 230,2019/11/19,2019/11/20,5,9,30
Rosa del mar2,4259814,Apartamento,Valencia,1,1,€ 259,2019/11/19,2019/11/20,0,"9,1",30
Old Town Flats Casa Burguerini,4552106,Apartamentos,Valencia,1,1,€ 128,2019/11/19,2019/11/20,0,"8,2",30
Zerka Centro,4425975,Apartamentos,Valencia,1,1,€ 129,2019/11/19,2019/11/20,0,"8,4",30
Flats Friends Soho Suites,1819642,Apartamentos,Valencia,1,1,NA,2019/11/19,2019/11/20,0,"8,6",30
Apartments Welcome to Valencia Peset Aleixandre 69,4964856,Apartamento,Valencia,1,1,€ 129,2019/11/19,2019/11/20,0,"8,4",30
MD Julio Antonio Apartment Center,3961049,Apartamento,Valencia,1,1,€ 285,2019/11/19,2019/11/20,0,"9,2",30
Old Fisherman's House in Malvarrosa Beach,3618172,Apartamento,Valencia,1,1,€ 360,2019/11/19,2019/11/20,0,"9,4",30
The River Hostel,494202,NA,Valencia,1,1,€ 22,2019/11/19,2019/11/20,0,"8,5",30
apartamento las torres-botanico,4694090,Apartamento,Valencia,1,1,NA,2019/11/19,2019/11/20,0,9,30
City Center Apartment,5084891,Apartamento,Valencia,1,1,€ 130,2019/11/19,2019/11/20,0,"8,1",30
Friendly Rentals Verdi,1634232,Apartamento,Valencia,1,1,€ 130,2019/11/19,2019/11/20,0,8,30
Apartamento Obispo don Jerónimo,2079020,Apartamento,Valencia,1,1,€ 135,2019/11/19,2019/11/20,0,"8,3",30
Pensión Alicante,298710,NA,Valencia,1,1,€ 33,2019/11/19,2019/11/20,0,"8,5",30
Art&Flats Bed&Breakfast,5238345,NA,Valencia,1,1,€ 43,2019/11/19,2019/11/20,0,"8,7",30
Russafa Youth Hostel,345134,NA,Valencia,1,1,€ 42,2019/11/19,2019/11/20,0,"8,6",30
Friendly Rentals Desplat,4120221,Apartamento,Valencia,1,1,€ 140,2019/11/19,2019/11/20,0,"8,2",30
Friendly rentals Enesco Beach,2526514,Apartamento,Valencia,1,1,€ 140,2019/11/19,2019/11/20,0,8,30
Sunrise Apartments,640409,Apartamentos,Valencia,1,1,NA,2019/11/19,2019/11/20,0,"8,9",30
Friendly Rentals Evans,1634220,Apartamentos,Valencia,1,1,€ 140,2019/11/19,2019/11/20,0,"8,4",30
Quart Youth Hostel,476418,NA,Valencia,1,1,€ 42,2019/11/19,2019/11/20,0,"8,6",30
Hotel Malcom and Barret,483261,NA,Valencia,1,1,€ 47,2019/11/19,2019/11/20,3,"8,7",30
Friendly Rentals Telemann,1634241,Apartamento,Valencia,1,1,€ 140,2019/11/19,2019/11/20,0,"8,2",30
Casa los Peces,3234194,Apartamento,Valencia,1,1,€ 154,2019/11/19,2019/11/20,0,"8,2",30
Loft el Carmen amazing views,4932621,Apartamento,Valencia,1,1,€ 172,2019/11/19,2019/11/20,0,"8,1",30
Vlc Apartaments el Carmen,389902,Apartamentos,Valencia,1,1,€ 214,2019/11/19,2019/11/20,0,"8,3",30
B&B Almirante,369695,NA,Valencia,1,1,€ 48,2019/11/19,2019/11/20,1,"8,8",30
Apartamento Giorgeta,2580538,Apartamento,Valencia,1,1,NA,2019/11/19,2019/11/20,0,9,30
Buho House,3777691,Apartahotel,Valencia,1,1,€ 49,2019/11/19,2019/11/20,0,"8,5",30
Turia Guesthouse - B&B,2884427,Apartamento,Valencia,1,1,€ 265,2019/11/19,2019/11/20,0,"8,2",30
Welcomer Apartments Valencia,19363,Apartamentos,Valencia,1,1,NA,2019/11/19,2019/11/20,0,"8,7",30
Malvarrosa Calle Pavia,3608764,Casa o chalet,Valencia,1,1,€ 271,2019/11/19,2019/11/20,0,8,30
MD Vila Barbera Apartment Center,1957253,Apartamento,Valencia,1,1,€ 500,2019/11/19,2019/11/20,0,"8,3",30
Estrella de russafa,5352439,NA,Valencia,1,1,€ 50,2019/11/19,2019/11/20,0,"8,7",30
Zalamera BnB,1331238,NA,Valencia,1,1,€ 47,2019/11/19,2019/11/20,0,"8,7",30
UNIK. Apartments Valencia,2241282,Apartamentos,Valencia,1,1,€ 50,2019/11/19,2019/11/20,0,"8,5",30
MD Sueca. Apartment with Terrace Ruzafa,2551179,Apartamento,Valencia,1,1,€ 500,2019/11/19,2019/11/20,0,"8,2",30
UP Hostel Valencia,1710137,NA,Valencia,1,1,€ 24,2019/11/19,2019/11/20,0,"7,7",30
Pensión Universal,304276,NA,Valencia,1,1,€ 27,2019/11/19,2019/11/20,0,"7,9",30
Hulot B&B Valencia,585429,NA,Valencia,1,1,€ 50,2019/11/19,2019/11/20,0,"8,5",30
Adrian's House,2271869,NA,Valencia,1,1,€ 29,2019/11/19,2019/11/20,0,"7,7",30
Tranquilo Apartamento En Plaza Cisneros,3127388,Apartamento,Valencia,1,1,NA,2019/11/19,2019/11/20,0,"8,9",30
Habitación San Cayetano,4624401,NA,Valencia,1,1,€ 30,2019/11/19,2019/11/20,0,"7,5",30
Hostal Moratin,326015,NA,Valencia,1,1,€ 31,2019/11/19,2019/11/20,1,"7,9",30
Habitaciones Barra89,1076252,NA,Valencia,1,1,€ 31,2019/11/19,2019/11/20,0,"7,9",30
Habitación Céntrica en Casa de Familia,4289877,NA,Valencia,1,1,€ 35,2019/11/19,2019/11/20,0,"7,8",30
Aventura,5567318,NA,Valencia,1,1,€ 40,2019/11/19,2019/11/20,0,"7,9",30
