name,propertyId,propertyType,city,rooms,days,price,checkIn,checkOut,stars,score,advance
Comfort Homestay,5423155,NA,Valencia,1,1,€ 67,2019/10/28,2019/10/29,0,,14
Loft Turia Gran,5133726,Apartamento,Valencia,1,1,€ 80,2019/10/28,2019/10/29,0,,14
PRECIOSO APARTAMENTO CENTRO HISTORICO- WIFI,1293189,Apartamento,Valencia,1,1,NA,2019/10/28,2019/10/29,0,"9,3",14
Hideout 26,5658117,Apartamentos,Valencia,1,1,€ 88,2019/10/28,2019/10/29,0,,14
Hotel Cosmo,4838858,NA,Valencia,1,1,€ 89,2019/10/28,2019/10/29,3,,14
Piso cercano al centro ( 5 min BUS),5607299,Apartamento,Valencia,1,1,€ 89,2019/10/28,2019/10/29,0,,14
Casa Adosada Quintero,5481770,Casa o chalet,Valencia,1,1,€ 94,2019/10/28,2019/10/29,0,,14
EL ATICO,5680427,Apartamento,Valencia,1,1,€ 107,2019/10/28,2019/10/29,0,,14
Apartamentos Artesa 22 Valencia,5546723,Apartamento,Valencia,1,1,€ 109,2019/10/28,2019/10/29,0,,14
Vivaldi Valencia,427198,Apartamentos,Valencia,1,1,NA,2019/10/28,2019/10/29,0,"9,3",14
Puerta2 · Enjoy Large Patio! Beautiful. Designer 2bdrm.2bath.,5517776,Apartamento,Valencia,1,1,€ 117,2019/10/28,2019/10/29,0,,14
Valencia Apartamentos DEL MAR,5421626,Apartamento,Valencia,1,1,€ 129,2019/10/28,2019/10/29,0,,14
Todo el centro histórico a tu alcance.,5610526,Apartamento,Valencia,1,1,€ 130,2019/10/28,2019/10/29,0,,14
The White Apartment: Luxury- Beach and Design,5631365,Apartamento,Valencia,1,1,€ 167,2019/10/28,2019/10/29,0,,14
"Flat ""Ca Alexandre""",3687859,Apartamento,Valencia,1,1,€ 200,2019/10/28,2019/10/29,0,,14
Turia Guesthouse - B&B,2884427,Apartamento,Valencia,1,1,€ 265,2019/10/28,2019/10/29,0,,14
Homelirose Apartaments,3140406,Apartamento,Valencia,1,1,NA,2019/10/28,2019/10/29,0,"9,3",14
LACASAMALVA1 PLAYA DE VALENCIA,5679960,Casa o chalet,Valencia,1,1,€ 298,2019/10/28,2019/10/29,0,,14
Governor Residence,3799760,Apartahotel,Valencia,1,1,€ 600,2019/10/28,2019/10/29,0,,14
Apartamento con terraza,5238122,Apartahotel,Valencia,1,1,€ 770,2019/10/28,2019/10/29,0,,14
EXCLUSIVE VILLA WITH POOL ON THE BEACH,5684273,Villa,Valencia,1,1,€ 870,2019/10/28,2019/10/29,0,,14
Gulet Why Not,5199364,NA,Valencia,1,1,€ 3.000,2019/10/28,2019/10/29,0,,14
Balcón Al Mar,295109,NA,Valencia,1,1,€ 56,2019/10/28,2019/10/29,0,"8,5",14
Luz de Valencia,2076095,Apartamentos,Valencia,1,1,€ 59,2019/10/28,2019/10/29,0,"8,8",14
AMAZING HOUSE- BEST LOCATION!,4728031,Apartamento,Valencia,1,1,NA,2019/10/28,2019/10/29,0,"9,7",14
Sabía que venias!,3543756,NA,Valencia,1,1,€ 60,2019/10/28,2019/10/29,0,"8,6",14
Apartamento Jesus De Medinaceli,1728697,Apartamentos,Valencia,1,1,€ 60,2019/10/28,2019/10/29,0,"8,6",14
Pio XII Apartments Valencia,402080,Apartamentos,Valencia,1,1,€ 63,2019/10/28,2019/10/29,0,"8,5",14
El Globo,24498,NA,Valencia,1,1,€ 75,2019/10/28,2019/10/29,1,"7,8",14
Patacona Green Flats,292996,Apartamentos,Valencia,1,1,€ 79,2019/10/28,2019/10/29,0,"7,6",14
Buho House,3777691,Apartahotel,Valencia,1,1,€ 64,2019/10/28,2019/10/29,0,"8,5",14
UNIK. Apartments Valencia,2241282,Apartamentos,Valencia,1,1,€ 65,2019/10/28,2019/10/29,0,"8,5",14
Moon Valencia,3560698,Apartamentos,Valencia,1,1,€ 65,2019/10/28,2019/10/29,0,"8,8",14
Disfruta - Enjoy Valencia Ruzafa,3890328,Apartamento,Valencia,1,1,NA,2019/10/28,2019/10/29,0,"9,7",14
ABCyou Bed&Breakfast,189207,NA,Valencia,1,1,€ 66,2019/10/28,2019/10/29,0,"8,5",14
Dormavalencia Hostel,249585,NA,Valencia,1,1,€ 55,2019/10/28,2019/10/29,1,"8,2",14
Urban Youth Hostel,1163025,NA,Valencia,1,1,€ 57,2019/10/28,2019/10/29,0,"8,4",14
Colón Market Downtown,4607745,Apartamento,Valencia,1,1,NA,2019/10/28,2019/10/29,0,"9,6",14
Travel Habitat Ático Ciutat Vella.,3264750,Apartamento,Valencia,1,1,NA,2019/10/28,2019/10/29,0,"9,5",14
Apartamento Alguer,4005334,Apartamento,Valencia,1,1,€ 80,2019/10/28,2019/10/29,0,"7,7",14
Torres Quart,3702234,Apartamentos,Valencia,1,1,€ 83,2019/10/28,2019/10/29,0,"7,5",14
Casa del Patriarca,364834,NA,Valencia,1,1,€ 67,2019/10/28,2019/10/29,0,"8,9",14
Turia Town,4064373,Apartamentos,Valencia,1,1,€ 69,2019/10/28,2019/10/29,0,"8,8",14
Carrer de l'Escriptor Rafael Ferreres,4267645,Apartamento,Valencia,1,1,€ 70,2019/10/28,2019/10/29,0,"8,6",14
Zalamera BnB,1331238,NA,Valencia,1,1,€ 71,2019/10/28,2019/10/29,0,"8,7",14
Casual de la Música Valencia,273130,NA,Valencia,1,1,€ 83,2019/10/28,2019/10/29,2,"7,5",14
Suites by Eric Olsan (Peset),4726296,Apartamentos,Valencia,1,1,€ 83,2019/10/28,2019/10/29,0,"7,6",14
Suites by Eric Olsan (L),4287413,Apartamentos,Valencia,1,1,€ 83,2019/10/28,2019/10/29,0,"7,5",14
Spain Host San Vicente,2263435,Apartamento,Valencia,1,1,€ 84,2019/10/28,2019/10/29,0,"7,9",14
Centro en Valencia,2885222,Apartamento,Valencia,1,1,NA,2019/10/28,2019/10/29,0,"9,5",14
Hotel Malcom and Barret,483261,NA,Valencia,1,1,€ 71,2019/10/28,2019/10/29,3,"8,7",14
La seda stay,3335523,Apartamento,Valencia,1,1,NA,2019/10/28,2019/10/29,0,"9,7",14
Eurostars Acteón,90495,NA,Valencia,1,1,€ 71,2019/10/28,2019/10/29,4,"8,5",14
Hi Valencia Cánovas,4312120,Apartamentos,Valencia,1,1,€ 72,2019/10/28,2019/10/29,0,"8,9",14
Petit Palomar,2187491,Apartamentos,Valencia,1,1,€ 75,2019/10/28,2019/10/29,0,"8,9",14
El 16 Ruzafa,865461,Apartamentos,Valencia,1,1,€ 84,2019/10/28,2019/10/29,0,"7,7",14
SHF Plaza de la Reina,1682520,Apartamentos,Valencia,1,1,€ 85,2019/10/28,2019/10/29,0,"7,8",14
Apartment Florista,2150187,Apartamento,Valencia,1,1,€ 90,2019/10/28,2019/10/29,0,"7,9",14
Plaza Sainetero 5,3148458,Apartamento,Valencia,1,1,€ 93,2019/10/28,2019/10/29,0,"7,7",14
Art of Dance Apartment Valencia,3732969,Apartamento,Valencia,1,1,€ 100,2019/10/28,2019/10/29,0,"7,7",14
STYLISH APARTMENT - CITY CENTER,2861517,Apartamento,Valencia,1,1,€ 120,2019/10/28,2019/10/29,0,"7,8",14
Apartamento Alameda,1698817,Apartamento,Valencia,1,1,NA,2019/10/28,2019/10/29,0,"9,5",14
Select Home Town Hall,1648016,Apartamentos,Valencia,1,1,€ 130,2019/10/28,2019/10/29,0,"7,5",14
Friendly Rentals Danna,1634254,Apartamento,Valencia,1,1,€ 140,2019/10/28,2019/10/29,0,"7,8",14
Flatsforyou Las Arcadias,473415,Apartamentos,Valencia,1,1,€ 120,2019/10/28,2019/10/29,0,"8,4",14
Old Town Flats Casa Burguerini,4552106,Apartamentos,Valencia,1,1,€ 124,2019/10/28,2019/10/29,0,"8,2",14
Apartamento Frederick “Centrico y con Clase”,4236394,Apartamento,Valencia,1,1,NA,2019/10/28,2019/10/29,0,"9,6",14
Patacona Beach Apartment,4533678,Apartamento,Valencia,1,1,€ 125,2019/10/28,2019/10/29,0,"8,3",14
Zerka Centro,4425975,Apartamentos,Valencia,1,1,€ 129,2019/10/28,2019/10/29,0,"8,4",14
Apartamento frente al mar,3060802,Apartamento,Valencia,1,1,€ 130,2019/10/28,2019/10/29,0,"8,3",14
Friendly rentals Enesco Beach,2526514,Apartamento,Valencia,1,1,€ 140,2019/10/28,2019/10/29,0,8,14
Apartamentos Dormavalencia,4450983,Apartamentos,Valencia,1,1,€ 141,2019/10/28,2019/10/29,0,"8,4",14
València Centre Túria,2185255,Apartamento,Valencia,1,1,€ 75,2019/10/28,2019/10/29,0,"8,8",14
Habitación doble,3599930,NA,Valencia,1,1,€ 76,2019/10/28,2019/10/29,0,"8,9",14
MODERNO Y ACOGEDOR FRENTE A RUZAFA Y CERCA DEL CENTRO,4490444,Apartamento,Valencia,1,1,€ 79,2019/10/28,2019/10/29,0,"8,7",14
Apartment Cisneros 2,2361375,Apartamento,Valencia,1,1,NA,2019/10/28,2019/10/29,0,"9,7",14
Aparthotel Valencia Rental,17344,Apartahotel,Valencia,1,1,€ 57,2019/10/28,2019/10/29,0,8,14
Happy Apartments Valencia,456043,Apartamentos,Valencia,1,1,€ 59,2019/10/28,2019/10/29,0,"8,2",14
Happy Apartments Valencia – Lope de Vega,575582,Apartamentos,Valencia,1,1,€ 59,2019/10/28,2019/10/29,0,"8,1",14
Sol Playa,12656,NA,Valencia,1,1,€ 60,2019/10/28,2019/10/29,2,"8,3",14
Malvarrosa Calle Pavia,3608764,Casa o chalet,Valencia,1,1,€ 156,2019/10/28,2019/10/29,0,8,14
Chic and Central- in a lively but quiet area. All walking distance.,3649090,Apartamento,Valencia,1,1,NA,2019/10/28,2019/10/29,0,"9,6",14
Hotel Valencia Center,91285,NA,Valencia,1,1,€ 158,2019/10/28,2019/10/29,4,"8,4",14
Loft el Carmen amazing views,4932621,Apartamento,Valencia,1,1,€ 172,2019/10/28,2019/10/29,0,"8,1",14
Apartment Valencia,348555,Apartamentos,Valencia,1,1,€ 182,2019/10/28,2019/10/29,0,"8,1",14
Spain Host Valencia- Plaza del Ayuntamiento,2257049,Apartamentos,Valencia,1,1,€ 140,2019/10/28,2019/10/29,0,"7,5",14
Habitacion Doble Homestay,4037073,NA,Valencia,1,1,€ 150,2019/10/28,2019/10/29,0,"7,9",14
MD Art Apartment Ruzafa,2550955,Apartamento,Valencia,1,1,€ 311,2019/10/28,2019/10/29,0,"7,5",14
MD Benlliure Beach.,1957258,Apartamento,Valencia,1,1,€ 313,2019/10/28,2019/10/29,0,"7,8",14
Old Fisherman's House in Malvarrosa Beach,3618172,Apartamento,Valencia,1,1,NA,2019/10/28,2019/10/29,0,"9,4",14
Sercotel Sorolla Palace,93646,NA,Valencia,1,1,€ 79,2019/10/28,2019/10/29,4,"8,6",14
Suites by Eric Olsan (Florista),4726450,Apartamentos,Valencia,1,1,€ 82,2019/10/28,2019/10/29,0,"8,6",14
Ad Hoc Carmen,1173270,NA,Valencia,1,1,€ 85,2019/10/28,2019/10/29,2,"8,9",14
Loft en el centro de Valencia,4078233,Apartamento,Valencia,1,1,€ 85,2019/10/28,2019/10/29,0,"8,6",14
Vlc Apartaments el Carmen,389902,Apartamentos,Valencia,1,1,€ 214,2019/10/28,2019/10/29,0,"8,2",14
NH Valencia Las Artes,90731,NA,Valencia,1,1,€ 231,2019/10/28,2019/10/29,4,"8,4",14
Musico Peydro Apartments,3765069,Apartamentos,Valencia,1,1,€ 313,2019/10/28,2019/10/29,0,8,14
Glorieta,4217752,Apartamento,Valencia,1,1,NA,2019/10/28,2019/10/29,0,"9,7",14
MD Vila Barbera Apartment Center,1957253,Apartamento,Valencia,1,1,€ 400,2019/10/28,2019/10/29,0,"8,3",14
UP Hostel Valencia,1710137,NA,Valencia,1,1,€ 24,2019/10/28,2019/10/29,0,"7,7",14
Habitación Céntrica en Casa de Familia,4289877,NA,Valencia,1,1,€ 30,2019/10/28,2019/10/29,0,"7,8",14
Pensión Universal,304276,NA,Valencia,1,1,€ 30,2019/10/28,2019/10/29,0,"7,9",14
Habitaciones Barra89,1076252,NA,Valencia,1,1,€ 32,2019/10/28,2019/10/29,0,"7,8",14
Hostal Moratin,326015,NA,Valencia,1,1,€ 34,2019/10/28,2019/10/29,1,"7,9",14
Olympia Flats,4212801,NA,Valencia,1,1,NA,2019/10/28,2019/10/29,0,"9,7",14
Apart and Benef,2291245,NA,Valencia,1,1,€ 34,2019/10/28,2019/10/29,0,"7,8",14
Dormavalencia Hostel Regne,291755,NA,Valencia,1,1,€ 60,2019/10/28,2019/10/29,1,8,14
Coroa Malvarrosa,1638172,Apartamentos,Valencia,1,1,€ 61,2019/10/28,2019/10/29,0,"8,2",14
Casa Chenano,4262208,Apartamento,Valencia,1,1,NA,2019/10/28,2019/10/29,0,"9,6",14
Eurostars Gran Valencia,90484,NA,Valencia,1,1,€ 62,2019/10/28,2019/10/29,4,"8,4",14
Tryp Valencia Feria,92852,NA,Valencia,1,1,€ 63,2019/10/28,2019/10/29,4,"8,4",14
L'Otelet By Sweet,1467935,NA,Valencia,1,1,€ 64,2019/10/28,2019/10/29,0,"8,3",14
Sweet Hotel Continental,93856,NA,Valencia,1,1,€ 64,2019/10/28,2019/10/29,2,"8,3",14
Hotel Olympia Universidades,1301731,NA,Valencia,1,1,€ 65,2019/10/28,2019/10/29,3,"8,4",14
Hostal El Cid,309465,NA,Valencia,1,1,€ 34,2019/10/28,2019/10/29,2,"7,6",14
Hostal On Dormire Valencia,432305,NA,Valencia,1,1,€ 35,2019/10/28,2019/10/29,0,"7,8",14
Rio Turia B&B,5531073,NA,Valencia,1,1,€ 38,2019/10/28,2019/10/29,0,"7,6",14
Valencia Lounge Hostel,337203,NA,Valencia,1,1,€ 39,2019/10/28,2019/10/29,0,"7,7",14
United Colors of Apartments - Catedral,1301545,Apartamentos,Valencia,1,1,€ 65,2019/10/28,2019/10/29,0,"8,2",14
Cómoda habitación Valencia,4200488,NA,Valencia,1,1,NA,2019/10/28,2019/10/29,0,"9,6",14
Down Town,1656378,Apartamentos,Valencia,1,1,€ 67,2019/10/28,2019/10/29,0,"8,3",14
Sweet Hotel Renasa,274818,NA,Valencia,1,1,€ 70,2019/10/28,2019/10/29,3,8,14
MD Oliag I Apartment Ruzafa,2867488,Apartamento,Valencia,1,1,€ 387,2019/10/28,2019/10/29,0,"7,7",14
Guest House Samuel Ros,4161855,NA,Valencia,1,1,€ 25,2019/10/28,2019/10/29,0,"7,2",14
Habitación Despuig,4901343,NA,Valencia,1,1,€ 28,2019/10/28,2019/10/29,0,"7,3",14
Hostal Waksman,281139,NA,Valencia,1,1,€ 35,2019/10/28,2019/10/29,1,"7,3",14
City Suites Apartments,3091106,NA,Valencia,1,1,€ 70,2019/10/28,2019/10/29,0,"8,4",14
Apartment Vicent,1674495,Apartamentos,Valencia,1,1,€ 70,2019/10/28,2019/10/29,0,"8,3",14
Valero Vintage,3315727,NA,Valencia,1,1,€ 70,2019/10/28,2019/10/29,0,8,14
Ilunion Valencia 4,754329,NA,Valencia,1,1,€ 70,2019/10/28,2019/10/29,4,"8,1",14
Chic and Central- in a lively but quiet area. All walking distance.,3649090,Apartamento,Valencia,1,1,NA,2019/10/28,2019/10/29,0,"9,6",14
Eurostars Rey Don Jaime,91520,NA,Valencia,1,1,€ 71,2019/10/28,2019/10/29,4,"8,2",14
Reina 12,1684198,NA,Valencia,1,1,€ 75,2019/10/28,2019/10/29,0,"8,3",14
Hotel Miramar,23332,NA,Valencia,1,1,€ 79,2019/10/28,2019/10/29,2,"8,4",14
Casual de las Artes Valencia,538056,NA,Valencia,1,1,€ 81,2019/10/28,2019/10/29,3,"8,4",14
MD Modern Hotel - Jardines,305447,NA,Valencia,1,1,€ 81,2019/10/28,2019/10/29,1,"8,3",14
feliz como en casa,3676196,NA,Valencia,1,1,€ 36,2019/10/28,2019/10/29,0,"7,4",14
City of Arts,3031480,Apartamento,Valencia,1,1,€ 110,2019/10/28,2019/10/29,0,"8,8",14
Les flors,3985046,Apartamento,Valencia,1,1,€ 110,2019/10/28,2019/10/29,0,"8,7",14
Disfruta - Enjoy Valencia Oceanografic,4121345,Apartamento,Valencia,1,1,NA,2019/10/28,2019/10/29,0,"9,6",14
Apartments Welcome to Valencia Peset Aleixandre 69,4964856,Apartamento,Valencia,1,1,€ 113,2019/10/28,2019/10/29,0,"8,5",14
Casual Vintage Valencia,1710241,NA,Valencia,1,1,€ 85,2019/10/28,2019/10/29,2,"8,6",14
Apartamentos Valencia - Brazil 31 Free WiFi,4948554,Apartamento,Valencia,1,1,€ 114,2019/10/28,2019/10/29,0,"8,8",14
Friendly Rentals Casals,1769176,Apartamento,Valencia,1,1,€ 115,2019/10/28,2019/10/29,0,"8,6",14
Hotel Mediterraneo Valencia,92412,NA,Valencia,1,1,€ 116,2019/10/28,2019/10/29,3,"8,8",14
Apartments Plaza Ayuntamiento,3506736,Apartamento,Valencia,1,1,€ 119,2019/10/28,2019/10/29,0,"8,7",14
Lotelito,570027,NA,Valencia,1,1,€ 120,2019/10/28,2019/10/29,0,"8,9",14
Piso en La Ciudad de Artes,3832790,Apartamento,Valencia,1,1,NA,2019/10/28,2019/10/29,0,"9,6",14
Catalonia Excelsior,90578,NA,Valencia,1,1,€ 120,2019/10/28,2019/10/29,3,"8,7",14
AC Hotel Colon Valencia,1117150,NA,Valencia,1,1,€ 124,2019/10/28,2019/10/29,4,"8,7",14
FREE WI-FI. Apartamentos 90 м2 - Assutzena 5,4828764,Apartamento,Valencia,1,1,€ 126,2019/10/28,2019/10/29,0,"8,6",14
Hotel Neptuno,91206,NA,Valencia,1,1,€ 126,2019/10/28,2019/10/29,4,"8,5",14
Colors Rooms,675839,NA,Valencia,1,1,€ 40,2019/10/28,2019/10/29,0,"9,5",14
Lindala,5250762,NA,Valencia,1,1,€ 54,2019/10/28,2019/10/29,0,"9,8",14
Valencia Apartamentos Goya,4256653,Apartamentos,Valencia,1,1,NA,2019/10/28,2019/10/29,0,10,14
Apartamentos Valencia - Peset Aleixandre 135- FREE WI-FI,4262488,Apartamentos,Valencia,1,1,€ 128,2019/10/28,2019/10/29,0,"8,9",14
Soho Valencia,1538641,Apartahotel,Valencia,1,1,€ 129,2019/10/28,2019/10/29,0,"8,9",14
Carmen Apartment,3308265,Apartamento,Valencia,1,1,NA,2019/10/28,2019/10/29,0,"9,6",14
Petit Palace Plaza de la Reina,90443,NA,Valencia,1,1,€ 129,2019/10/28,2019/10/29,3,"8,7",14
Apartamentos Navío,5647176,Apartamento,Valencia,1,1,€ 60,2019/10/28,2019/10/29,0,"9,8",14
United Colors of Apartments Boutique Style,5372347,Apartamentos,Valencia,1,1,€ 69,2019/10/28,2019/10/29,0,"9,5",14
Piso en Playa de Valencia,5533098,Apartamento,Valencia,1,1,€ 70,2019/10/28,2019/10/29,0,"9,5",14
LOFT apartamento duplex en Valencia con parking,5519008,Apartamento,Valencia,1,1,€ 80,2019/10/28,2019/10/29,0,"9,9",14
Hostal Antigua Morellana,1273937,NA,Valencia,1,1,€ 80,2019/10/28,2019/10/29,1,"9,5",14
One Shot Palacio Reina Victoria 04,90885,NA,Valencia,1,1,€ 129,2019/10/28,2019/10/29,4,"8,6",14
Apartamento Sofia,2552406,Apartamento,Valencia,1,1,€ 130,2019/10/28,2019/10/29,0,"8,6",14
Friendly Rentals Ferrero,2314984,Apartamento,Valencia,1,1,€ 140,2019/10/28,2019/10/29,0,"8,8",14
Apartamento Gran Vía Marqués del Turia,2358973,Apartamento,Valencia,1,1,€ 141,2019/10/28,2019/10/29,0,"8,5",14
Bubuflats Bubu 3,1014334,Apartamentos,Valencia,1,1,€ 95,2019/10/28,2019/10/29,0,"9,6",14
Cómoda habitación Valencia,4200488,NA,Valencia,1,1,NA,2019/10/28,2019/10/29,0,"9,6",14
Casa La Buhardilla,2985364,Apartamento,Valencia,1,1,€ 97,2019/10/28,2019/10/29,0,"9,6",14
Ramirez Flats & Bar,4124528,Apartahotel,Valencia,1,1,€ 99,2019/10/28,2019/10/29,0,"9,5",14
Apartamento LUXURY CENTRO HISTORICO,3664772,Apartamento,Valencia,1,1,€ 149,2019/10/28,2019/10/29,0,"8,5",14
Atico Loft Ruzafa,3152977,Apartamento,Valencia,1,1,NA,2019/10/28,2019/10/29,0,"9,6",14
SH Ingles Boutique Hotel,92956,NA,Valencia,1,1,€ 150,2019/10/28,2019/10/29,4,"8,5",14
Opera House Valencia B&B,3533887,NA,Valencia,1,1,€ 108,2019/10/28,2019/10/29,0,"9,5",14
Duplex+Swimming pool+private entrance=Housen of LOVE,2999152,Apartamento,Valencia,1,1,€ 125,2019/10/28,2019/10/29,0,"9,6",14
MARQUÉS HOUSE 4* SUP,2118880,NA,Valencia,1,1,€ 209,2019/10/28,2019/10/29,4,"9,4",14
Casa Calle Conquista,4691493,Apartamento,Valencia,1,1,€ 240,2019/10/28,2019/10/29,0,"9,6",14
MerKat-Abastos,1231196,Apartamento,Valencia,1,1,NA,2019/10/28,2019/10/29,0,"9,7",14
MD PASEO RUZAFA CENTER,5374850,Apartamento,Valencia,1,1,€ 1.030,2019/10/28,2019/10/29,0,"9,6",14
Cantagua Hostel,4074640,NA,Valencia,1,1,€ 35,2019/10/28,2019/10/29,0,"9,1",14
Florista's Room en Valencia,5502152,NA,Valencia,1,1,€ 50,2019/10/28,2019/10/29,0,"9,2",14
YOU & CO. Saler Beach Boutique,4533007,NA,Valencia,1,1,€ 55,2019/10/28,2019/10/29,3,9,14
Original Domino House,5434091,NA,Valencia,1,1,€ 59,2019/10/28,2019/10/29,0,9,14
Habitación privada a 1500 metros de la playa,3789910,NA,Valencia,1,1,€ 60,2019/10/28,2019/10/29,0,"9,3",14
Hexagonal Design Apartment Valencia,4630643,Apartamento,Valencia,1,1,NA,2019/10/28,2019/10/29,0,"9,5",14
Hotel San Lorenzo Boutique,1307718,NA,Valencia,1,1,€ 155,2019/10/28,2019/10/29,3,"8,6",14
Vincci Lys,91183,NA,Valencia,1,1,€ 157,2019/10/28,2019/10/29,4,"8,9",14
Cathedral Suites Hotel,1736257,Apartahotel,Valencia,1,1,€ 159,2019/10/28,2019/10/29,4,"8,9",14
MIhotelitoespecial,3573906,Apartamento,Valencia,1,1,€ 160,2019/10/28,2019/10/29,0,"8,6",14
Host & Home,1663785,NA,Valencia,1,1,€ 65,2019/10/28,2019/10/29,0,"8,9",14
Blanq Comedias,4922002,NA,Valencia,1,1,€ 68,2019/10/28,2019/10/29,0,9,14
City Garden Bed and Breakfast,2204361,NA,Valencia,1,1,€ 71,2019/10/28,2019/10/29,0,"9,4",14
Turia Burjassot 12,3237353,Apartamento,Valencia,1,1,€ 75,2019/10/28,2019/10/29,0,9,14
Live in Chianti,2227491,NA,Valencia,1,1,€ 75,2019/10/28,2019/10/29,0,"9,1",14
Centro Valencia Calle Cerrajeros,3476261,NA,Valencia,1,1,€ 75,2019/10/28,2019/10/29,0,"7,1",14
Valencia Apartmans El Carmen,847910,Apartamentos,Valencia,1,1,€ 83,2019/10/28,2019/10/29,0,"7,4",14
Casa Cosy,375456,Apartamentos,Valencia,1,1,NA,2019/10/28,2019/10/29,0,"9,4",14
Kirei Apartment Vienna,4639797,Apartamento,Valencia,1,1,€ 92,2019/10/28,2019/10/29,0,"7,4",14
Kirei Apartment Calgary,4768322,Apartamento,Valencia,1,1,€ 99,2019/10/28,2019/10/29,0,"7,3",14
Homestay & OLEE,4132920,NA,Valencia,1,1,€ 110,2019/10/28,2019/10/29,0,"7,4",14
Select Home Catedral,440778,Apartamentos,Valencia,1,1,€ 140,2019/10/28,2019/10/29,0,"7,1",14
Apartamento para 10 personas,5029963,Apartamento,Valencia,1,1,€ 160,2019/10/28,2019/10/29,0,7,14
Dreams Rental Town Hall,866934,Apartamentos,Valencia,1,1,€ 210,2019/10/28,2019/10/29,0,"7,1",14
Apartamento en la Ciudad de las Artes y las Ciencias,3552283,Apartamento,Valencia,1,1,NA,2019/10/28,2019/10/29,0,"9,4",14
MD Puerto Rico Apartment Ruzafa,3737151,Apartamento,Valencia,1,1,€ 341,2019/10/28,2019/10/29,0,"7,4",14
MD Villalonga Malvarosa Beach,3739661,Apartamento,Valencia,1,1,€ 490,2019/10/28,2019/10/29,0,"7,1",14
Guest House Lebon,3124256,NA,Valencia,1,1,€ 29,2019/10/28,2019/10/29,0,"6,8",14
Ruzafa Rooms,2891693,NA,Valencia,1,1,€ 45,2019/10/28,2019/10/29,0,"6,9",14
central station valencia,2414838,Apartamentos,Valencia,1,1,€ 65,2019/10/28,2019/10/29,0,"6,9",14
Casita Esmeralda,2040126,Casa o chalet,Valencia,1,1,€ 114,2019/10/28,2019/10/29,0,"6,5",14
MOM La Punta,3105661,NA,Valencia,1,1,NA,2019/10/28,2019/10/29,0,"9,4",14
Select Home Boutique Center,387770,Apartamentos,Valencia,1,1,€ 170,2019/10/28,2019/10/29,0,"6,9",14
Guest House Higinio Noja,2845935,NA,Valencia,1,1,€ 25,2019/10/28,2019/10/29,0,6,14
Fun and Sun Center 2,2944416,NA,Valencia,1,1,€ 36,2019/10/28,2019/10/29,0,"6,1",14
Loft Central Market - Tapas,3187998,Apartamento,Valencia,1,1,€ 86,2019/10/28,2019/10/29,0,"6,4",14
Select Home Viveros Gardens,1297339,Casa o chalet,Valencia,1,1,€ 265,2019/10/28,2019/10/29,0,"6,3",14
RoomTuristValencia - Ruzafa,4608394,NA,Valencia,1,1,€ 25,2019/10/28,2019/10/29,0,"5,5",14
Hi Valencia Apartments - Jorge Juan,2373701,Apartamento,Valencia,1,1,NA,2019/10/28,2019/10/29,0,"9,4",14
Ruzafa Guesthouse,2269176,NA,Valencia,1,1,€ 30,2019/10/28,2019/10/29,0,"5,6",14
Gon & Diego House,4899561,NA,Valencia,1,1,€ 40,2019/10/28,2019/10/29,0,"5,5",14
Carrer del Bisbe Jaume Pérez,4900140,NA,Valencia,1,1,€ 60,2019/10/28,2019/10/29,0,"5,9",14
sueñavalencia,5603844,NA,Valencia,1,1,€ 75,2019/10/28,2019/10/29,0,"5,7",14
Kirei Apartment Berlin,4504570,Apartamentos,Valencia,1,1,€ 89,2019/10/28,2019/10/29,0,"5,6",14
5 SENSES,3786890,Apartamento,Valencia,1,1,€ 107,2019/10/28,2019/10/29,0,"9,2",14
"Piso ""Como en tu casa""",2689136,Apartamento,Valencia,1,1,€ 108,2019/10/28,2019/10/29,0,"9,2",14
Ciudad Ciencias- Lujo- Parking- Wi-Fi.,4999636,Apartamento,Valencia,1,1,NA,2019/10/28,2019/10/29,0,"9,8",14
Apartamento Ruzafa Centro I,2006333,Apartamento,Valencia,1,1,€ 109,2019/10/28,2019/10/29,0,"9,2",14
MD Design Hotel - Portal del Real,2391685,NA,Valencia,1,1,€ 111,2019/10/28,2019/10/29,2,"9,1",14
Apartamentos La más Bonita,2816245,Apartamentos,Valencia,1,1,€ 113,2019/10/28,2019/10/29,0,9,14
WeRentVLC Charming Ruzafa,2839319,Apartamento,Valencia,1,1,€ 114,2019/10/28,2019/10/29,0,"9,2",14
Mon Suites San Nicolas,4117225,Apartamentos,Valencia,1,1,€ 115,2019/10/28,2019/10/29,0,"9,2",14
COZY APARTMENT VALENCIA CITY CENTER!,4886758,Apartamento,Valencia,1,1,€ 118,2019/10/28,2019/10/29,0,"9,2",14
Colón Market Downtown,4607745,Apartamento,Valencia,1,1,NA,2019/10/28,2019/10/29,0,"9,6",14
15 Avinguda Mare Nostrum,4518973,Apartamento,Valencia,1,1,€ 120,2019/10/28,2019/10/29,0,"9,4",14
Valencia-Ruzafa Studio,3235983,Apartamento,Valencia,1,1,€ 120,2019/10/28,2019/10/29,0,"9,1",14
Apartamento Playa Wifi Gratis,3495634,Apartamento,Valencia,1,1,€ 120,2019/10/28,2019/10/29,0,"9,3",14
Sorolla Centro,90896,NA,Valencia,1,1,€ 121,2019/10/28,2019/10/29,3,"9,1",14
Welcome Apartamentos Pintor Stolz 31 Valencia,5019066,Apartamento,Valencia,1,1,€ 121,2019/10/28,2019/10/29,0,"9,3",14
Apartamentos Wallace,1698355,Apartamentos,Valencia,1,1,€ 124,2019/10/28,2019/10/29,0,"9,2",14
Luxury Center Plaza Redonda,5138960,Apartamento,Valencia,1,1,NA,2019/10/28,2019/10/29,0,"9,7",14
HQ Rooms Apartments San Vicente,2894429,Apartamentos,Valencia,1,1,€ 125,2019/10/28,2019/10/29,0,"9,2",14
Mon Suites San Martin,2777545,Apartamentos,Valencia,1,1,€ 125,2019/10/28,2019/10/29,0,"9,4",14
Casual Socarrat Valencia,5142800,NA,Valencia,1,1,€ 126,2019/10/28,2019/10/29,3,"9,1",14
Mediterranean Flats Plaza Redonda,4086496,Apartamentos,Valencia,1,1,€ 131,2019/10/28,2019/10/29,0,"9,2",14
Live in Chianti Apartaments,2882632,Apartamentos,Valencia,1,1,€ 132,2019/10/28,2019/10/29,0,"9,1",14
Hotel Valencia Alameda,4019381,NA,Valencia,1,1,€ 135,2019/10/28,2019/10/29,4,"9,2",14
Ambrosio Flats Valencia - El Mercat,3131649,Apartamento,Valencia,1,1,NA,2019/10/28,2019/10/29,0,"9,5",14
Friendly Rentals Montaner Beach,2314997,Apartamento,Valencia,1,1,€ 135,2019/10/28,2019/10/29,0,9,14
Sun Apartament Valencia @ City Arts & Sciences + Parking,3287719,Apartamento,Valencia,1,1,€ 145,2019/10/28,2019/10/29,0,"9,2",14
ARENAS 2 APARTAMENT,2808815,Apartamento,Valencia,1,1,€ 150,2019/10/28,2019/10/29,0,9,14
Sweet Caroline Apartment,1811784,Apartamento,Valencia,1,1,€ 150,2019/10/28,2019/10/29,0,"9,2",14
B BEACH VALENCIA,5125954,Apartamento,Valencia,1,1,€ 150,2019/10/28,2019/10/29,0,"9,1",14
