name,propertyId,propertyType,city,rooms,days,price,checkIn,checkOut,stars,score,advance
Up Town,2244083,NA,Valencia,1,1,€ 53,2019/11/25,2019/11/26,0,"8,2",30
Red Nest Hostel,92283,NA,Valencia,1,1,€ 53,2019/11/25,2019/11/26,0,"8,2",30
Petit Palomar,2187491,NA,Valencia,1,1,NA,2019/11/25,2019/11/26,0,"8,9",30
Sweet Hotel Renasa,274818,NA,Valencia,1,1,€ 54,2019/11/25,2019/11/26,3,8,30
Style Apartments Puerto,1558265,NA,Valencia,1,1,€ 54,2019/11/25,2019/11/26,0,"8,1",30
Happy Apartments Valencia – Lope de Vega,575582,NA,Valencia,1,1,€ 54,2019/11/25,2019/11/26,0,"8,1",30
Happy Apartments Valencia,456043,NA,Valencia,1,1,€ 54,2019/11/25,2019/11/26,0,"8,2",30
Urban Youth Hostel,1163025,NA,Valencia,1,1,€ 55,2019/11/25,2019/11/26,0,"8,4",30
Dormavalencia Hostel,249585,NA,Valencia,1,1,€ 55,2019/11/25,2019/11/26,1,"8,2",30
Mestre Valls Apartament,3192875,NA,Valencia,1,1,NA,2019/11/25,2019/11/26,0,"8,5",30
United Colors of Apartments - Catedral,1301545,NA,Valencia,1,1,€ 55,2019/11/25,2019/11/26,0,"8,2",30
Aparthotel Valencia Rental,17344,NA,Valencia,1,1,€ 56,2019/11/25,2019/11/26,0,8,30
Eurostars Rey Don Jaime,91520,NA,Valencia,1,1,€ 58,2019/11/25,2019/11/26,4,"8,2",30
Hotel Medium Valencia,96838,NA,Valencia,1,1,€ 59,2019/11/25,2019/11/26,4,"8,2",30
Tryp Valencia Feria,92852,NA,Valencia,1,1,€ 59,2019/11/25,2019/11/26,4,"8,4",30
Valenciaflats Torres de Serrano,17468,NA,Valencia,1,1,€ 60,2019/11/25,2019/11/26,0,"8,3",30
Flats Friends Soho Suites,1819642,NA,Valencia,1,1,NA,2019/11/25,2019/11/26,0,"8,6",30
El Coso,14580,NA,Valencia,1,1,€ 60,2019/11/25,2019/11/26,3,"8,2",30
Sol Playa,12656,NA,Valencia,1,1,€ 60,2019/11/25,2019/11/26,2,"8,3",30
Hotel Miramar,23332,NA,Valencia,1,1,€ 61,2019/11/25,2019/11/26,2,"8,4",30
Eurostars Gran Valencia,90484,NA,Valencia,1,1,€ 62,2019/11/25,2019/11/26,4,"8,4",30
NH Valencia Las Ciencias,90725,NA,Valencia,1,1,€ 63,2019/11/25,2019/11/26,3,8,30
L'Otelet By Sweet,1467935,NA,Valencia,1,1,€ 64,2019/11/25,2019/11/26,0,"8,3",30
Piso Parque del Oeste,4698500,NA,Valencia,1,1,NA,2019/11/25,2019/11/26,0,"8,7",30
Reina 12,1684198,NA,Valencia,1,1,€ 64,2019/11/25,2019/11/26,0,"8,3",30
Hotel Alkazar,408511,NA,Valencia,1,1,€ 64,2019/11/25,2019/11/26,1,"8,1",30
Senator Parque Central Hotel,274963,NA,Valencia,1,1,€ 65,2019/11/25,2019/11/26,4,"8,1",30
Alex Apartment,1756374,NA,Valencia,1,1,€ 65,2019/11/25,2019/11/26,0,8,30
Sweet Hotel Continental,93856,NA,Valencia,1,1,€ 69,2019/11/25,2019/11/26,2,"8,3",30
Apartamentos Navío,5647176,NA,Valencia,1,1,€ 60,2019/11/25,2019/11/26,0,"9,9",30
Ramirez Flats & Bar,4124528,NA,Valencia,1,1,€ 62,2019/11/25,2019/11/26,0,"9,5",30
Cómoda habitación Valencia,4200488,NA,Valencia,1,1,NA,2019/11/25,2019/11/26,0,"9,6",30
Lindala,5250762,NA,Valencia,1,1,€ 69,2019/11/25,2019/11/26,0,"9,6",30
Piso en Playa de Valencia,5533098,NA,Valencia,1,1,€ 70,2019/11/25,2019/11/26,0,"9,5",30
Hotel Cosmo,4838858,NA,Valencia,1,1,€ 76,2019/11/25,2019/11/26,3,"9,9",30
Bubuflats Bubu 3,1014334,NA,Valencia,1,1,€ 80,2019/11/25,2019/11/26,0,"9,5",30
Hostal Antigua Morellana,1273937,NA,Valencia,1,1,€ 80,2019/11/25,2019/11/26,1,"9,5",30
L'Esplai Valencia Bed & Breakfast,1282556,NA,Valencia,1,1,€ 81,2019/11/25,2019/11/26,0,"9,5",30
Hexagonal Design Apartment Valencia,4630643,NA,Valencia,1,1,NA,2019/11/25,2019/11/26,0,"9,5",30
Valencian Dreams Lonja,4757385,NA,Valencia,1,1,€ 87,2019/11/25,2019/11/26,0,"9,8",30
ÁTICO PTA 13 EN EL CENTRO DE VALENCIA VT-45727-T,4612077,NA,Valencia,1,1,€ 90,2019/11/25,2019/11/26,0,"9,5",30
LOFT apartamento duplex en Valencia con parking gratis,5519008,NA,Valencia,1,1,€ 90,2019/11/25,2019/11/26,0,"9,9",30
Calle de Frederica Montseny 'Política' Casa o chalet,5152866,NA,Valencia,1,1,€ 95,2019/11/25,2019/11/26,0,"9,6",30
Attic Rooms in Botánico,5522932,NA,Valencia,1,1,€ 50,2019/11/25,2019/11/26,0,"7,6",30
Hostal Bisbal,235665,NA,Valencia,1,1,€ 50,2019/11/25,2019/11/26,1,"7,5",30
SingularStays Plaza del Mercado,1755231,NA,Valencia,1,1,NA,2019/11/25,2019/11/26,0,"8,5",30
Cosy Rooms Tapinería,371192,NA,Valencia,1,1,€ 52,2019/11/25,2019/11/26,2,"7,5",30
Checkin Valencia,93743,NA,Valencia,1,1,€ 53,2019/11/25,2019/11/26,4,"7,8",30
Apartments Downtown Valencia,2250421,NA,Valencia,1,1,€ 95,2019/11/25,2019/11/26,0,"9,6",30
Flats Piera Valencia Center,1490563,NA,Valencia,1,1,€ 95,2019/11/25,2019/11/26,0,"9,7",30
Central Park Apartment Valencia,3881533,NA,Valencia,1,1,NA,2019/11/25,2019/11/26,0,"9,5",30
CASA MARQUES DE CARO,4472176,NA,Valencia,1,1,€ 121,2019/11/25,2019/11/26,0,,30
Suit AVE (Valencia),5726860,NA,Valencia,1,1,€ 130,2019/11/25,2019/11/26,0,,30
Flats Friends Nave,2861620,NA,Valencia,1,1,NA,2019/11/25,2019/11/26,0,"8,4",30
NEW! Apartamento Ciudad de las Artes,5733189,NA,Valencia,1,1,€ 155,2019/11/25,2019/11/26,0,,30
ACOGEDOR - CON TERRAZA - EN EL PLENO CENTRO,5715086,NA,Valencia,1,1,€ 160,2019/11/25,2019/11/26,0,,30
The White Apartment: Luxury- Beach and Design,5631365,NA,Valencia,1,1,€ 167,2019/11/25,2019/11/26,0,,30
Como en casa,4802186,NA,Valencia,1,1,€ 54,2019/11/25,2019/11/26,0,"7,9",30
Habitacion por dias Centro Valencia,3977106,NA,Valencia,1,1,€ 55,2019/11/25,2019/11/26,0,"7,9",30
B&B Hotel Valencia Ciudad de las Ciencias,92242,NA,Valencia,1,1,€ 56,2019/11/25,2019/11/26,3,"7,5",30
LUXURIOUS & ALLURING HOME IN HISTORIC TOWN (VALENCIA),5734898,NA,Valencia,1,1,€ 180,2019/11/25,2019/11/26,0,,30
Apartment Passeig de la Petxina,5695771,NA,Valencia,1,1,€ 195,2019/11/25,2019/11/26,0,,30
Apartment Carrer Ernesto Che Guevara,5598848,NA,Valencia,1,1,€ 211,2019/11/25,2019/11/26,0,,30
Mercado Central Rooms & Breakfast,2515022,NA,Valencia,1,1,NA,2019/11/25,2019/11/26,0,"8,1",30
Apartamento con terraza,5238122,NA,Valencia,1,1,€ 240,2019/11/25,2019/11/26,0,,30
Casa La Buhardilla,2985364,NA,Valencia,1,1,€ 97,2019/11/25,2019/11/26,0,"9,6",30
Ciudad Ciencias- Lujo- Parking- Wi-Fi.,4999636,NA,Valencia,1,1,€ 100,2019/11/25,2019/11/26,0,"9,8",30
Olympia Flats,4212801,NA,Valencia,1,1,€ 50,2019/11/25,2019/11/26,0,"9,7",30
Oceanográfico Apartments & Spa,324918,NA,Valencia,1,1,€ 59,2019/11/25,2019/11/26,0,"7,6",30
Namaste Rooms,3799642,NA,Valencia,1,1,NA,2019/11/25,2019/11/26,0,"8,7",30
El Globo,24498,NA,Valencia,1,1,€ 60,2019/11/25,2019/11/26,1,"7,8",30
Hotel Turia,14441,NA,Valencia,1,1,€ 65,2019/11/25,2019/11/26,4,"7,5",30
Apartment Carrer de Don Juan de Austria,5464038,NA,Valencia,1,1,€ 279,2019/11/25,2019/11/26,0,,30
LACASAMALVA1 PLAYA DE VALENCIA,5679960,NA,Valencia,1,1,€ 298,2019/11/25,2019/11/26,0,,30
Apartment Carrer de Josep Aguirre,5646705,NA,Valencia,1,1,€ 608,2019/11/25,2019/11/26,0,,30
SHF Plaza de la Reina,1682520,NA,Valencia,1,1,€ 66,2019/11/25,2019/11/26,0,"7,8",30
Jero Rooms,296743,NA,Valencia,1,1,€ 66,2019/11/25,2019/11/26,0,"7,7",30
El 16 Ruzafa,865461,NA,Valencia,1,1,€ 69,2019/11/25,2019/11/26,0,"7,7",30
Opera House Valencia B&B,3533887,NA,Valencia,1,1,€ 110,2019/11/25,2019/11/26,0,"9,5",30
RUZAFA- CENTRO-A/C- WI-FI- PARKING,2885994,NA,Valencia,1,1,€ 120,2019/11/25,2019/11/26,0,"9,7",30
Disfruta - Enjoy Valencia Centre,3881970,NA,Valencia,1,1,€ 127,2019/11/25,2019/11/26,0,"9,8",30
Atico Loft Ruzafa,3152977,NA,Valencia,1,1,NA,2019/11/25,2019/11/26,0,"9,7",30
Apartamento centro,3160737,NA,Valencia,1,1,€ 145,2019/11/25,2019/11/26,0,"9,7",30
MARQUÉS HOUSE 4* SUP,2118880,NA,Valencia,1,1,€ 159,2019/11/25,2019/11/26,4,"9,5",30
SEA YOU HOTEL PORT VALENCIA,92328,NA,Valencia,1,1,€ 71,2019/11/25,2019/11/26,4,"7,8",30
La Roqueta,2652492,NA,Valencia,1,1,NA,2019/11/25,2019/11/26,0,"8,7",30
City Center Apartments,4426057,NA,Valencia,1,1,€ 72,2019/11/25,2019/11/26,0,"7,8",30
Apartamento Alguer,4005334,NA,Valencia,1,1,€ 75,2019/11/25,2019/11/26,0,"7,7",30
Apartamento Angel Alcazar 35,2174625,NA,Valencia,1,1,€ 80,2019/11/25,2019/11/26,0,"7,5",30
Lujoso Apartamento En El Carmen,2814452,NA,Valencia,1,1,€ 82,2019/11/25,2019/11/26,0,"7,7",30
Suites by Eric Olsan (L),4287413,NA,Valencia,1,1,€ 83,2019/11/25,2019/11/26,0,"7,5",30
Suites by Eric Olsan (Peset),4726296,NA,Valencia,1,1,€ 83,2019/11/25,2019/11/26,0,"7,5",30
Apartamento LUXURY CENTRO HISTORICO,3664772,NA,Valencia,1,1,NA,2019/11/25,2019/11/26,0,"8,5",30
Disfruta - Enjoy Valencia Ruzafa,3890328,NA,Valencia,1,1,€ 159,2019/11/25,2019/11/26,0,"9,7",30
La seda stay,3335523,NA,Valencia,1,1,€ 160,2019/11/25,2019/11/26,0,"9,7",30
Disfruta - Enjoy Valencia Oceanografic,4121345,NA,Valencia,1,1,€ 189,2019/11/25,2019/11/26,0,"9,6",30
Torres Quart,3702234,NA,Valencia,1,1,€ 87,2019/11/25,2019/11/26,0,"7,5",30
Apartment Florista,2150187,NA,Valencia,1,1,€ 90,2019/11/25,2019/11/26,0,"7,9",30
Ilunion Valencia 3,92818,NA,Valencia,1,1,€ 91,2019/11/25,2019/11/26,3,"7,9",30
Plaza Sainetero 5,3148458,NA,Valencia,1,1,€ 93,2019/11/25,2019/11/26,0,"7,7",30
City Garden Bed and Breakfast,2204361,NA,Valencia,1,1,€ 76,2019/11/25,2019/11/26,0,"9,4",30
STYLISH APARTMENT - CITY CENTER,2861517,NA,Valencia,1,1,€ 120,2019/11/25,2019/11/26,0,"7,8",30
Apartamentos Wallace,1698355,NA,Valencia,1,1,€ 78,2019/11/25,2019/11/26,0,"9,2",30
Apartment Sofi,2830696,NA,Valencia,1,1,NA,2019/11/25,2019/11/26,0,"9,8",30
Valenciaflats Centro Ciudad,18544,NA,Valencia,1,1,€ 78,2019/11/25,2019/11/26,0,"9,2",30
Teixidors de Palomar,2639791,NA,Valencia,1,1,€ 79,2019/11/25,2019/11/26,0,"9,3",30
Apartamento bianca,3205847,NA,Valencia,1,1,€ 80,2019/11/25,2019/11/26,0,"9,1",30
OCEANOGRAFIC APARTMENT. PARKING. WI-FI,3107716,NA,Valencia,1,1,€ 80,2019/11/25,2019/11/26,0,9,30
OCEANOGRAFIC DELUXE- PARKING- WI-FI,4095746,NA,Valencia,1,1,€ 80,2019/11/25,2019/11/26,0,"9,1",30
BUBUSUITES by Bubuflats,2389776,NA,Valencia,1,1,€ 80,2019/11/25,2019/11/26,0,"9,3",30
Homely Nest Valencia El Carme,3790877,NA,Valencia,1,1,NA,2019/11/25,2019/11/26,0,"9,7",30
Biopark View Apartment,2381901,NA,Valencia,1,1,€ 83,2019/11/25,2019/11/26,0,9,30
Melia Plaza Valencia,13270,NA,Valencia,1,1,€ 105,2019/11/25,2019/11/26,4,"8,9",30
Tranquilo Apartamento En Plaza Cisneros,3127388,NA,Valencia,1,1,€ 105,2019/11/25,2019/11/26,0,"8,8",30
15 Avinguda Mare Nostrum,4518973,NA,Valencia,1,1,NA,2019/11/25,2019/11/26,0,"9,4",30
One Shot Mercat 09,2274203,NA,Valencia,1,1,€ 84,2019/11/25,2019/11/26,4,"9,1",30
Hotel Valencia Alameda,4019381,NA,Valencia,1,1,€ 84,2019/11/25,2019/11/26,4,"9,2",30
Dama Del Puerto,3230781,NA,Valencia,1,1,€ 85,2019/11/25,2019/11/26,0,9,30
Friendly Rentals Nyman,3245521,NA,Valencia,1,1,€ 105,2019/11/25,2019/11/26,0,"8,9",30
Friendly Rentals Ravel I,1634234,NA,Valencia,1,1,€ 105,2019/11/25,2019/11/26,0,"8,8",30
Friendly Rentals Brade,1918694,NA,Valencia,1,1,€ 105,2019/11/25,2019/11/26,0,"8,8",30
AC Hotel Colon Valencia,1117150,NA,Valencia,1,1,€ 106,2019/11/25,2019/11/26,4,"8,7",30
Zenit Valencia,92327,NA,Valencia,1,1,€ 108,2019/11/25,2019/11/26,4,"8,8",30
Vincci Palace,94163,NA,Valencia,1,1,€ 109,2019/11/25,2019/11/26,4,"8,6",30
Hotel Boutique Balandret,1281710,NA,Valencia,1,1,€ 86,2019/11/25,2019/11/26,3,"9,2",30
HQ Rooms Apartments San Vicente,2894429,NA,Valencia,1,1,€ 86,2019/11/25,2019/11/26,0,"9,2",30
Colors Rooms,675839,NA,Valencia,1,1,NA,2019/11/25,2019/11/26,0,"9,5",30
Cabanyal Marina Apartament,3615874,NA,Valencia,1,1,NA,2019/11/25,2019/11/26,0,"9,1",30
Friendly Rentals Schubert,1634221,NA,Valencia,1,1,€ 110,2019/11/25,2019/11/26,0,"8,9",30
Friendly Rentals Casals,1769176,NA,Valencia,1,1,€ 110,2019/11/25,2019/11/26,0,"8,6",30
SH Valencia Palace,91497,NA,Valencia,1,1,€ 113,2019/11/25,2019/11/26,5,"8,5",30
ValentiaApartments - MercadoCentral,4185241,NA,Valencia,1,1,€ 119,2019/11/25,2019/11/26,0,"8,8",30
Friendly Rentals Soler,1634237,NA,Valencia,1,1,€ 120,2019/11/25,2019/11/26,0,"8,7",30
Friendly Rentals Gala,1634252,NA,Valencia,1,1,€ 120,2019/11/25,2019/11/26,0,"8,7",30
Loft zona Pechina en Valencia centro,2524985,NA,Valencia,1,1,€ 87,2019/11/25,2019/11/26,0,"9,1",30
Mon Suites San Nicolas,4117225,NA,Valencia,1,1,€ 87,2019/11/25,2019/11/26,0,"9,2",30
RUZAFA. Nice apartment and Terrace.,4368595,NA,Valencia,1,1,€ 88,2019/11/25,2019/11/26,0,"9,3",30
Ruzzafa Codrut,3035322,NA,Valencia,1,1,NA,2019/11/25,2019/11/26,0,"9,2",30
Friendly Rentals Strauss,1634236,NA,Valencia,1,1,€ 125,2019/11/25,2019/11/26,0,"8,6",30
Friendly Rentals Verdi 2,2523881,NA,Valencia,1,1,€ 125,2019/11/25,2019/11/26,0,"8,8",30
FREE WI-FI. Apartamentos 90 м2 - Assutzena 5,4828764,NA,Valencia,1,1,€ 126,2019/11/25,2019/11/26,0,"8,7",30
Sorolla Centro,90896,NA,Valencia,1,1,€ 88,2019/11/25,2019/11/26,3,"9,1",30
Apartamento cerca de la Playa y el Centro,2620264,NA,Valencia,1,1,€ 88,2019/11/25,2019/11/26,0,9,30
Apartamentos Edificio Palomar,189277,NA,Valencia,1,1,€ 89,2019/11/25,2019/11/26,0,"9,2",30
Isabel,4442066,NA,Valencia,1,1,€ 127,2019/11/25,2019/11/26,0,"8,5",30
Cathedral Suites Hotel,1736257,NA,Valencia,1,1,€ 129,2019/11/25,2019/11/26,4,"8,9",30
Precioso Apartamento En Pleno Centro Con Wifi,3023494,NA,Valencia,1,1,€ 130,2019/11/25,2019/11/26,0,"8,8",30
Espai One Santa Mónica,5471724,NA,Valencia,1,1,NA,2019/11/25,2019/11/26,0,"9,8",30
Casual Socarrat Valencia,5142800,NA,Valencia,1,1,€ 89,2019/11/25,2019/11/26,3,"9,1",30
Dolz Garden Ruzafa,1123993,NA,Valencia,1,1,€ 90,2019/11/25,2019/11/26,0,"9,2",30
HOSTAL BED OF THE SEA,3974636,NA,Valencia,1,1,€ 61,2019/11/25,2019/11/26,0,"7,1",30
NWT Monserrat,3728842,NA,Valencia,1,1,€ 64,2019/11/25,2019/11/26,0,7,30
My Loft 4 You Maritim,2010981,NA,Valencia,1,1,NA,2019/11/25,2019/11/26,0,"8,8",30
Accommodation Beach Apartments,1001766,NA,Valencia,1,1,€ 64,2019/11/25,2019/11/26,0,"7,1",30
Mi casa es vuestra casa,4967097,NA,Valencia,1,1,€ 70,2019/11/25,2019/11/26,0,"7,1",30
Ruzafa,2726480,NA,Valencia,1,1,NA,2019/11/25,2019/11/26,0,9,30
Barceló Valencia,91988,NA,Valencia,1,1,€ 135,2019/11/25,2019/11/26,4,"8,7",30
Apartamento Gran Vía Marqués del Turia,2358973,NA,Valencia,1,1,€ 139,2019/11/25,2019/11/26,0,"8,6",30
Hospes Palau de La Mar,93823,NA,Valencia,1,1,€ 140,2019/11/25,2019/11/26,5,"8,8",30
Olvida tu Reloj Montichelvo Apartment,3258095,NA,Valencia,1,1,€ 91,2019/11/25,2019/11/26,0,"9,4",30
Olvida tu Reloj Congresos Apartment,2448036,NA,Valencia,1,1,€ 91,2019/11/25,2019/11/26,0,"9,2",30
apartamento las torres-botanico,4694090,NA,Valencia,1,1,€ 94,2019/11/25,2019/11/26,0,9,30
Valencia Apartmans El Carmen,847910,NA,Valencia,1,1,€ 78,2019/11/25,2019/11/26,0,"7,3",30
Valencia Apartments,4367788,NA,Valencia,1,1,€ 78,2019/11/25,2019/11/26,0,"7,1",30
Friendly Rentals Ferrero,2314984,NA,Valencia,1,1,€ 140,2019/11/25,2019/11/26,0,"8,8",30
Apartamento Sofia,2552406,NA,Valencia,1,1,€ 150,2019/11/25,2019/11/26,0,"8,6",30
SHF Sevilla Loft,850157,NA,Valencia,1,1,€ 80,2019/11/25,2019/11/26,0,"7,4",30
Guest House Samuel Ros,4161855,NA,Valencia,1,1,€ 90,2019/11/25,2019/11/26,0,"7,2",30
Heart Valencia Apartment,2737003,NA,Valencia,1,1,NA,2019/11/25,2019/11/26,0,"8,6",30
La Casa dei Fiori,2849727,NA,Valencia,1,1,€ 90,2019/11/25,2019/11/26,0,7,30
Best Valencia Beach Flat,3246772,NA,Valencia,1,1,€ 196,2019/11/25,2019/11/26,0,"7,1",30
MD Puerto Rico Apartment Ruzafa,3737151,NA,Valencia,1,1,€ 289,2019/11/25,2019/11/26,0,"7,4",30
MD Villalonga Malvarosa Beach,3739661,NA,Valencia,1,1,€ 430,2019/11/25,2019/11/26,0,7,30
Ruzafa Rooms,2891693,NA,Valencia,1,1,€ 45,2019/11/25,2019/11/26,0,"6,8",30
Habitación en Colon,2246576,NA,Valencia,1,1,€ 45,2019/11/25,2019/11/26,0,"6,7",30
Total Valencia Elegance,493941,NA,Valencia,1,1,NA,2019/11/25,2019/11/26,0,"8,6",30
Brugada home,5259150,NA,Valencia,1,1,€ 55,2019/11/25,2019/11/26,0,"6,9",30
Guest House Lebon,3124256,NA,Valencia,1,1,€ 60,2019/11/25,2019/11/26,0,"6,8",30
Casita Esmeralda,2040126,NA,Valencia,1,1,€ 114,2019/11/25,2019/11/26,0,"6,5",30
Fun and Sun Center 2,2944416,NA,Valencia,1,1,€ 32,2019/11/25,2019/11/26,0,6,30
Loft Central Market - Breakfast Juice!,3187998,NA,Valencia,1,1,€ 83,2019/11/25,2019/11/26,0,"6,4",30
RoomTuristValencia - Ruzafa,4608394,NA,Valencia,1,1,€ 26,2019/11/25,2019/11/26,0,"5,5",30
YourPlace apartments Mercado Central,2933554,NA,Valencia,1,1,NA,2019/11/25,2019/11/26,0,"8,9",30
Ruzafa Guesthouse,2269176,NA,Valencia,1,1,€ 30,2019/11/25,2019/11/26,0,"5,5",30
Gon & Diego House,4899561,NA,Valencia,1,1,€ 40,2019/11/25,2019/11/26,0,"5,4",30
Carrer del Bisbe Jaume Pérez,4900140,NA,Valencia,1,1,€ 60,2019/11/25,2019/11/26,0,"5,9",30
Blanq Carmen Hotel,97069,NA,Valencia,1,1,€ 67,2019/11/25,2019/11/26,3,"8,7",30
Hotel San Lorenzo Boutique,1307718,NA,Valencia,1,1,€ 68,2019/11/25,2019/11/26,3,"8,6",30
Habitación ático muy luminosa con baño y terraza,5292007,NA,Valencia,1,1,NA,2019/11/25,2019/11/26,0,"9,1",30
Lotelito,570027,NA,Valencia,1,1,€ 69,2019/11/25,2019/11/26,0,"8,9",30
Apartments Madrina,3278589,NA,Valencia,1,1,€ 70,2019/11/25,2019/11/26,0,"8,9",30
Carrer de l'Escriptor Rafael Ferreres,4267645,NA,Valencia,1,1,€ 70,2019/11/25,2019/11/26,0,"8,5",30
València Centre Torres de Quart,886289,NA,Valencia,1,1,€ 71,2019/11/25,2019/11/26,0,"8,9",30
Boutique Creative Rooms,2334726,NA,Valencia,1,1,€ 72,2019/11/25,2019/11/26,0,"8,8",30
Casual Vintage Valencia,1710241,NA,Valencia,1,1,€ 75,2019/11/25,2019/11/26,2,"8,5",30
PRECIOSO JUNTO CIUDAD DE LAS CIENCIAS- PUERTO Y PLAYAS,4497037,NA,Valencia,1,1,NA,2019/11/25,2019/11/26,0,9,30
Turia Burjassot 12,3237353,NA,Valencia,1,1,€ 75,2019/11/25,2019/11/26,0,"8,9",30
Guest House Higinio Noja,2845935,NA,Valencia,1,1,€ 60,2019/11/25,2019/11/26,0,"5,9",30
Guest House Torres de Quart,2275006,NA,Valencia,1,1,€ 30,2019/11/25,2019/11/26,0,"5,3",30
Valencia maritimo,3020748,NA,Valencia,1,1,€ 75,2019/11/25,2019/11/26,0,"8,8",30
BUBUFLATS / Mercat,783206,NA,Valencia,1,1,€ 75,2019/11/25,2019/11/26,0,"8,9",30
Original Domino House,5434091,NA,Valencia,1,1,€ 75,2019/11/25,2019/11/26,0,"8,8",30
Burjassot Mestalla,3058627,NA,Valencia,1,1,€ 75,2019/11/25,2019/11/26,0,"8,6",30
Ad Hoc Carmen,1173270,NA,Valencia,1,1,€ 75,2019/11/25,2019/11/26,2,"8,9",30
12 Carrer del Bisbe,4681037,NA,Valencia,1,1,NA,2019/11/25,2019/11/26,0,9,30
Sercotel Sorolla Palace,93646,NA,Valencia,1,1,€ 76,2019/11/25,2019/11/26,4,"8,6",30
Hotel Mediterraneo Valencia,92412,NA,Valencia,1,1,€ 78,2019/11/25,2019/11/26,3,"8,8",30
Ilunion Aqua 4,92777,NA,Valencia,1,1,€ 78,2019/11/25,2019/11/26,4,"8,6",30
Moon Valencia,3560698,NA,Valencia,1,1,€ 79,2019/11/25,2019/11/26,0,"8,8",30
Hotel Gabbeach,403586,NA,Valencia,1,1,€ 79,2019/11/25,2019/11/26,3,"8,5",30
Balandra Flat,2032624,NA,Valencia,1,1,€ 79,2019/11/25,2019/11/26,0,"8,5",30
Maestro Rodrigo Apartment,3494154,NA,Valencia,1,1,NA,2019/11/25,2019/11/26,0,"9,2",30
Petit Palace Ruzafa,90792,NA,Valencia,1,1,€ 79,2019/11/25,2019/11/26,3,"8,7",30
Casual del Cine Valencia,572187,NA,Valencia,1,1,€ 79,2019/11/25,2019/11/26,2,"8,6",30
SAN RAMÓN,2238556,NA,Valencia,1,1,€ 80,2019/11/25,2019/11/26,0,"8,5",30
Apartamento Playa Wifi Gratis,3495634,NA,Valencia,1,1,€ 140,2019/11/25,2019/11/26,0,"9,3",30
BUBUFLATS Mossén,1141763,NA,Valencia,1,1,€ 80,2019/11/25,2019/11/26,0,"8,9",30
Perla Apartments,3146781,NA,Valencia,1,1,€ 81,2019/11/25,2019/11/26,0,"8,7",30
Friendly Rentals Montaner Beach,2314997,NA,Valencia,1,1,€ 140,2019/11/25,2019/11/26,0,9,30
Casa Cosy,375456,NA,Valencia,1,1,NA,2019/11/25,2019/11/26,0,"9,4",30
Friendly Rentals Rey,1634248,NA,Valencia,1,1,€ 145,2019/11/25,2019/11/26,0,9,30
ARENAS 2 APARTAMENT,2808815,NA,Valencia,1,1,€ 150,2019/11/25,2019/11/26,0,9,30
B BEACH VALENCIA,5125954,NA,Valencia,1,1,€ 150,2019/11/25,2019/11/26,0,"9,1",30
Las Arenas Balneario Resort,91144,NA,Valencia,1,1,€ 153,2019/11/25,2019/11/26,5,9,30
Duplex en Blasco Ibáñez,3672426,NA,Valencia,1,1,€ 155,2019/11/25,2019/11/26,0,"9,1",30
Arena's Apartament,2156905,NA,Valencia,1,1,€ 170,2019/11/25,2019/11/26,0,"9,1",30
Vivaldi Penthouse Ayuntamiento,1289561,NA,Valencia,1,1,NA,2019/11/25,2019/11/26,0,"9,2",30
Caro Hotel,348132,NA,Valencia,1,1,€ 199,2019/11/25,2019/11/26,5,"9,2",30
Old Town Flats Casa Burguerini,4552106,NA,Valencia,1,1,€ 111,2019/11/25,2019/11/26,0,"8,2",30
Loft Superior el Carmen,2784473,NA,Valencia,1,1,€ 209,2019/11/25,2019/11/26,0,"9,3",30
City Center Atico 360,3025679,NA,Valencia,1,1,€ 210,2019/11/25,2019/11/26,0,"9,4",30
Ca Carmela,2466364,NA,Valencia,1,1,€ 225,2019/11/25,2019/11/26,0,"9,1",30
Loft by the Beach,4441671,NA,Valencia,1,1,€ 115,2019/11/25,2019/11/26,0,"8,3",30
Travel Hábitat L'Umbracle,1100150,NA,Valencia,1,1,NA,2019/11/25,2019/11/26,0,"8,9",30
Apartamentos Sollana 18 Cerca de les Arts i les Ciencies Valencia- FREE WI-FI,5232423,NA,Valencia,1,1,€ 116,2019/11/25,2019/11/26,0,"8,2",30
Ilunion Aqua 3,92776,NA,Valencia,1,1,€ 117,2019/11/25,2019/11/26,3,"8,3",30
MD Julio Antonio Apartment Center,3961049,NA,Valencia,1,1,€ 285,2019/11/25,2019/11/26,0,"9,2",30
Old Fisherman's House in Malvarrosa Beach,3618172,NA,Valencia,1,1,€ 360,2019/11/25,2019/11/26,0,"9,4",30
APARTAMENTO CENTRICO. WI-FI. PARKING,2967593,NA,Valencia,1,1,NA,2019/11/25,2019/11/26,0,"9,1",30
Welcome Platanos 13 Valencia Beautiful apartments with terrace,5095795,NA,Valencia,1,1,€ 118,2019/11/25,2019/11/26,0,"8,1",30
Patacona Beach Apartment,4533678,NA,Valencia,1,1,€ 119,2019/11/25,2019/11/26,0,"8,3",30
Apartamento frente al mar,3060802,NA,Valencia,1,1,€ 119,2019/11/25,2019/11/26,0,"8,3",30
The River Hostel,494202,NA,Valencia,1,1,€ 23,2019/11/25,2019/11/26,0,"8,5",30
Double Room in VALENCIA,5665653,NA,Valencia,1,1,€ 30,2019/11/25,2019/11/26,0,"8,8",30
Pensión Alicante,298710,NA,Valencia,1,1,€ 33,2019/11/25,2019/11/26,0,"8,5",30
Carrer de María Montessori,3272386,NA,Valencia,1,1,€ 120,2019/11/25,2019/11/26,0,"8,2",30
Santos A,4238287,NA,Valencia,1,1,NA,2019/11/25,2019/11/26,0,"8,7",30
Friendly Rentals Gimenez,1634242,NA,Valencia,1,1,€ 120,2019/11/25,2019/11/26,0,"8,2",30
City Center Apartment,5084891,NA,Valencia,1,1,€ 125,2019/11/25,2019/11/26,0,"8,1",30
YOU & CO. Saler Beach Boutique,4533007,NA,Valencia,1,1,€ 40,2019/11/25,2019/11/26,3,"8,9",30
Art&Flats Bed&Breakfast,5238345,NA,Valencia,1,1,€ 40,2019/11/25,2019/11/26,0,"8,8",30
UNIK. Apartments Valencia,2241282,NA,Valencia,1,1,€ 42,2019/11/25,2019/11/26,0,"8,5",30
Apartamento Valencia Center,410101,NA,Valencia,1,1,NA,2019/11/25,2019/11/26,0,"9,4",30
Zerka Centro,4425975,NA,Valencia,1,1,€ 129,2019/11/25,2019/11/26,0,"8,4",30
Apartments Welcome to Valencia Peset Aleixandre 69,4964856,NA,Valencia,1,1,€ 129,2019/11/25,2019/11/26,0,"8,4",30
Russafa Youth Hostel,345134,NA,Valencia,1,1,€ 42,2019/11/25,2019/11/26,0,"8,6",30
Hotel Malcom and Barret,483261,NA,Valencia,1,1,€ 47,2019/11/25,2019/11/26,3,"8,7",30
Zalamera BnB,1331238,NA,Valencia,1,1,€ 47,2019/11/25,2019/11/26,0,"8,7",30
Friendly Rentals Verdi,1634232,NA,Valencia,1,1,€ 130,2019/11/25,2019/11/26,0,"8,1",30
Apartamento Obispo don Jerónimo,2079020,NA,Valencia,1,1,€ 135,2019/11/25,2019/11/26,0,"8,3",30
piso cerca de la playa,3269379,NA,Valencia,1,1,NA,2019/11/25,2019/11/26,0,"8,6",30
B&B Almirante,369695,NA,Valencia,1,1,€ 48,2019/11/25,2019/11/26,1,"8,8",30
Buho House,3777691,NA,Valencia,1,1,€ 49,2019/11/25,2019/11/26,0,"8,5",30
Friendly Rentals Desplat,4120221,NA,Valencia,1,1,€ 140,2019/11/25,2019/11/26,0,"8,3",30
Friendly rentals Enesco Beach,2526514,NA,Valencia,1,1,€ 140,2019/11/25,2019/11/26,0,"8,1",30
Friendly Rentals Telemann,1634241,NA,Valencia,1,1,€ 140,2019/11/25,2019/11/26,0,"8,2",30
Friendly Rentals Evans,1634220,NA,Valencia,1,1,€ 140,2019/11/25,2019/11/26,0,"8,3",30
Casa los Peces,3234194,NA,Valencia,1,1,€ 154,2019/11/25,2019/11/26,0,"8,2",30
Loft el Carmen amazing views,4932621,NA,Valencia,1,1,€ 172,2019/11/25,2019/11/26,0,"8,1",30
Sivera-Centro Apartment,4642814,NA,Valencia,1,1,NA,2019/11/25,2019/11/26,0,"8,7",30
Malvarrosa Calle Pavia,3608764,NA,Valencia,1,1,€ 179,2019/11/25,2019/11/26,0,8,30
Preciosos Apartamentos en el Carmen,2918345,NA,Valencia,1,1,€ 180,2019/11/25,2019/11/26,0,"8,1",30
Vlc Apartaments el Carmen,389902,NA,Valencia,1,1,€ 214,2019/11/25,2019/11/26,0,"8,3",30
Turia Guesthouse - B&B,2884427,NA,Valencia,1,1,€ 265,2019/11/25,2019/11/26,0,"8,2",30
MD Vila Barbera Apartment Center,1957253,NA,Valencia,1,1,€ 330,2019/11/25,2019/11/26,0,"8,3",30
