name,propertyId,propertyType,city,rooms,days,price,checkIn,checkOut,stars,score,advance
Apartment Passeig de la Petxina,5695771,NA,Valencia,1,1,€ 195,2019/11/01,2019/11/02,0,,7
Apartamento con terraza,5238122,NA,Valencia,1,1,€ 240,2019/11/01,2019/11/02,0,,7
Colón Market Downtown,4607745,NA,Valencia,1,1,NA,2019/11/01,2019/11/02,0,"9,6",7
"Flat ""Ca Alexandre""",3687859,NA,Valencia,1,1,€ 240,2019/11/01,2019/11/02,0,,7
Hotel Cosmo,4838858,NA,Valencia,1,1,€ 220,2019/11/01,2019/11/02,3,"9,9",7
Ramirez Flats & Bar,4124528,NA,Valencia,1,1,€ 220,2019/11/01,2019/11/02,0,"9,5",7
Valencia Apartamentos Goya,4256653,NA,Valencia,1,1,NA,2019/11/01,2019/11/02,0,10,7
MARQUÉS HOUSE 4* SUP,2118880,NA,Valencia,1,1,€ 299,2019/11/01,2019/11/02,4,"9,5",7
Cantagua Hostel,4074640,NA,Valencia,1,1,€ 44,2019/11/01,2019/11/02,0,"9,1",7
Habitación privada a 1500 metros de la playa,3789910,NA,Valencia,1,1,€ 60,2019/11/01,2019/11/02,0,"9,3",7
Nest Style Valencia,5219046,NA,Valencia,1,1,€ 87,2019/11/01,2019/11/02,3,"9,3",7
Live in Chianti,2227491,NA,Valencia,1,1,€ 100,2019/11/01,2019/11/02,0,"9,1",7
BUBUSUITES by Bubuflats,2389776,NA,Valencia,1,1,€ 120,2019/11/01,2019/11/02,0,"9,3",7
PLAYA POBLA DE FARNALS,5508533,NA,Valencia,1,1,NA,2019/11/01,2019/11/02,0,10,7
Hotel Boutique Balandret,1281710,NA,Valencia,1,1,€ 130,2019/11/01,2019/11/02,3,"9,2",7
MD Design Hotel - Portal del Real,2391685,NA,Valencia,1,1,€ 133,2019/11/01,2019/11/02,2,"9,1",7
Hostal Venecia,92883,NA,Valencia,1,1,€ 140,2019/11/01,2019/11/02,2,"9,1",7
Mon Suites San Nicolas,4117225,NA,Valencia,1,1,€ 143,2019/11/01,2019/11/02,0,"9,2",7
Rooms Ciencias,94126,NA,Valencia,1,1,€ 160,2019/11/01,2019/11/02,0,9,7
Citizentral Juristas,1113127,NA,Valencia,1,1,€ 164,2019/11/01,2019/11/02,0,"9,2",7
Cómoda habitación Valencia,4200488,NA,Valencia,1,1,NA,2019/11/01,2019/11/02,0,"9,6",7
Las Arenas Balneario Resort,91144,NA,Valencia,1,1,€ 198,2019/11/01,2019/11/02,5,9,7
MYR Hotel Plaza Mercado & Spa,1619029,NA,Valencia,1,1,€ 213,2019/11/01,2019/11/02,0,"9,2",7
Vincci Mercat,1279484,NA,Valencia,1,1,€ 220,2019/11/01,2019/11/02,4,9,7
Valenciaflats Centro Ciudad,18544,NA,Valencia,1,1,€ 225,2019/11/01,2019/11/02,0,"9,2",7
Valenciaflats Ciudad de las Ciencias,93676,NA,Valencia,1,1,€ 250,2019/11/01,2019/11/02,0,"9,1",7
Caro Hotel,348132,NA,Valencia,1,1,€ 295,2019/11/01,2019/11/02,5,"9,2",7
MerKat-Abastos,1231196,NA,Valencia,1,1,NA,2019/11/01,2019/11/02,0,"9,6",7
Art&Flats Bed&Breakfast,5238345,NA,Valencia,1,1,€ 26,2019/11/01,2019/11/02,0,"8,8",7
Quart Youth Hostel,476418,NA,Valencia,1,1,€ 30,2019/11/01,2019/11/02,0,"8,6",7
Homestay Carrer Sagun,5006434,NA,Valencia,1,1,€ 43,2019/11/01,2019/11/02,0,"8,8",7
Russafa Youth Hostel,345134,NA,Valencia,1,1,€ 59,2019/11/01,2019/11/02,0,"8,6",7
Sabía que venias!,3543756,NA,Valencia,1,1,€ 60,2019/11/01,2019/11/02,0,"8,6",7
Valencia City Host,1177077,NA,Valencia,1,1,€ 52,2019/11/01,2019/11/02,0,"7,7",7
Hospederia del Pilar,327766,NA,Valencia,1,1,€ 54,2019/11/01,2019/11/02,0,"7,9",7
Apartamento,3139431,NA,Valencia,1,1,NA,2019/11/01,2019/11/02,0,"9,4",7
Como en casa,4802186,NA,Valencia,1,1,€ 54,2019/11/01,2019/11/02,0,"7,9",7
Habitacion por dias Centro Valencia,3977106,NA,Valencia,1,1,€ 55,2019/11/01,2019/11/02,0,"7,8",7
Attic Rooms in Botánico,5522932,NA,Valencia,1,1,€ 60,2019/11/01,2019/11/02,0,"7,6",7
Habitaciones Rusafa,5604325,NA,Valencia,1,1,€ 70,2019/11/01,2019/11/02,0,"7,8",7
Rooms Valencia Center,5507857,NA,Valencia,1,1,€ 70,2019/11/01,2019/11/02,0,"7,7",7
Valencia Lounge Hostel,337203,NA,Valencia,1,1,€ 80,2019/11/01,2019/11/02,0,"7,7",7
Apartamento Comedias,2236348,NA,Valencia,1,1,NA,2019/11/01,2019/11/02,0,"9,7",7
B&B Hotel Valencia Ciudad de las Ciencias,92242,NA,Valencia,1,1,€ 83,2019/11/01,2019/11/02,3,"7,5",7
Petit Palace Ruzafa,90792,NA,Valencia,1,1,€ 159,2019/11/01,2019/11/02,3,"8,7",7
Casual Vintage Valencia,1710241,NA,Valencia,1,1,€ 162,2019/11/01,2019/11/02,2,"8,6",7
Expo Hotel Valencia,91223,NA,Valencia,1,1,€ 83,2019/11/01,2019/11/02,3,"7,6",7
Checkin Valencia,93743,NA,Valencia,1,1,€ 85,2019/11/01,2019/11/02,4,"7,8",7
Apartamento Frederick “Centrico y con Clase”,4236394,NA,Valencia,1,1,NA,2019/11/01,2019/11/02,0,"9,6",7
Casa del Patriarca,364834,NA,Valencia,1,1,€ 166,2019/11/01,2019/11/02,0,"8,9",7
Living Valencia - Jardín del Turia,333591,NA,Valencia,1,1,€ 86,2019/11/01,2019/11/02,0,"7,7",7
Hotel Turia,14441,NA,Valencia,1,1,€ 89,2019/11/01,2019/11/02,4,"7,5",7
One Shot Colón 46,1394168,NA,Valencia,1,1,€ 179,2019/11/01,2019/11/02,3,"8,7",7
Ilunion Valencia 3,92818,NA,Valencia,1,1,€ 101,2019/11/01,2019/11/02,3,"7,9",7
Ambrosio Flats Valencia - El Carmen,2401127,NA,Valencia,1,1,NA,2019/11/01,2019/11/02,0,"9,5",7
Pio XII Apartments Valencia,402080,NA,Valencia,1,1,€ 180,2019/11/01,2019/11/02,0,"8,5",7
Casual de la Música Valencia,273130,NA,Valencia,1,1,€ 122,2019/11/01,2019/11/02,2,"7,5",7
SEA YOU HOTEL PORT VALENCIA,92328,NA,Valencia,1,1,€ 134,2019/11/01,2019/11/02,4,"7,8",7
AC Hotel Colon Valencia,1117150,NA,Valencia,1,1,€ 185,2019/11/01,2019/11/02,4,"8,7",7
One Shot Palacio Reina Victoria 04,90885,NA,Valencia,1,1,€ 189,2019/11/01,2019/11/02,4,"8,6",7
El 16 Ruzafa,865461,NA,Valencia,1,1,€ 139,2019/11/01,2019/11/02,0,"7,7",7
Vincci Palace,94163,NA,Valencia,1,1,€ 198,2019/11/01,2019/11/02,4,"8,6",7
BONNIES Suites & Spa Valencia,3631910,NA,Valencia,1,1,NA,2019/11/01,2019/11/02,0,"9,8",7
Abaixadors Apartment,2639554,NA,Valencia,1,1,€ 143,2019/11/01,2019/11/02,0,"7,7",7
Zerka Sendra,4657122,NA,Valencia,1,1,€ 199,2019/11/01,2019/11/02,0,"8,9",7
Petit Palace Plaza de la Reina,90443,NA,Valencia,1,1,€ 199,2019/11/01,2019/11/02,3,"8,7",7
Habitación Despuig,4901343,NA,Valencia,1,1,€ 28,2019/11/01,2019/11/02,0,"7,3",7
63 Carrer d'Ernest Anastasio,4594613,NA,Valencia,1,1,€ 35,2019/11/01,2019/11/02,0,"7,4",7
Zenit Valencia,92327,NA,Valencia,1,1,€ 207,2019/11/01,2019/11/02,4,"8,8",7
Vincci Lys,91183,NA,Valencia,1,1,€ 220,2019/11/01,2019/11/02,4,"8,9",7
Valencia center,3168460,NA,Valencia,1,1,NA,2019/11/01,2019/11/02,0,"9,8",7
Hostal Residencial RR,450746,NA,Valencia,1,1,€ 40,2019/11/01,2019/11/02,0,7,7
Melia Plaza Valencia,13270,NA,Valencia,1,1,€ 253,2019/11/01,2019/11/02,4,"8,9",7
Habitación con cama doble,4794909,NA,Valencia,1,1,€ 41,2019/11/01,2019/11/02,0,"7,1",7
Habitacion Apartamento soleado Plaza Escultor Frechina,4865043,NA,Valencia,1,1,€ 43,2019/11/01,2019/11/02,0,"7,4",7
Hospes Palau de La Mar,93823,NA,Valencia,1,1,€ 392,2019/11/01,2019/11/02,5,"8,8",7
Musico Art Flat,2925957,NA,Valencia,1,1,NA,2019/11/01,2019/11/02,0,"9,6",7
Habitaciones con Encanto,5629632,NA,Valencia,1,1,€ 50,2019/11/01,2019/11/02,0,"7,4",7
HOSPEDAJE PESET,4718074,NA,Valencia,1,1,€ 60,2019/11/01,2019/11/02,0,"7,3",7
Urban Youth Hostel,1163025,NA,Valencia,1,1,€ 24,2019/11/01,2019/11/02,0,"8,4",7
Center Valencia Youth Hostel,246931,NA,Valencia,1,1,€ 28,2019/11/01,2019/11/02,0,8,7
Habitacion en Valencia Barata,4861796,NA,Valencia,1,1,€ 45,2019/11/01,2019/11/02,0,"8,2",7
Red Nest Hostel,92283,NA,Valencia,1,1,€ 47,2019/11/01,2019/11/02,0,"8,2",7
B&B Hi Valencia Canovas,305349,NA,Valencia,1,1,€ 72,2019/11/01,2019/11/02,0,"8,4",7
Tryp Valencia Feria,92852,NA,Valencia,1,1,€ 72,2019/11/01,2019/11/02,4,"8,4",7
Opera House Valencia B&B,3533887,NA,Valencia,1,1,NA,2019/11/01,2019/11/02,0,"9,5",7
L'Otelet By Sweet,1467935,NA,Valencia,1,1,€ 77,2019/11/01,2019/11/02,0,"8,3",7
Purple Nest Hostel,25278,NA,Valencia,1,1,€ 83,2019/11/01,2019/11/02,0,"8,2",7
Hostal Penalty,189209,NA,Valencia,1,1,€ 85,2019/11/01,2019/11/02,1,8,7
APARTAMENTO LAS MELLIZAS,4651578,NA,Valencia,1,1,€ 48,2019/11/01,2019/11/02,0,"8,3",7
Zerka Centro,4425975,NA,Valencia,1,1,€ 99,2019/11/01,2019/11/02,0,"8,4",7
