name,propertyId,propertyType,city,rooms,days,price,checkIn,checkOut,stars,score,advance
"Flat ""Ca Alexandre""",3687859,NA,Valencia,1,1,€ 240,2019/11/06,2019/11/07,0,,14
ACOGEDOR - CON TERRAZA - EN EL PLENO CENTRO,5715086,NA,Valencia,1,1,€ 250,2019/11/06,2019/11/07,0,,14
SingularStays Lope de Vega,1760119,NA,Valencia,1,1,NA,2019/11/06,2019/11/07,0,"8,6",14
Apartment Carrer de Don Juan de Austria,5464038,NA,Valencia,1,1,€ 279,2019/11/06,2019/11/07,0,,14
LACASAMALVA1 PLAYA DE VALENCIA,5679960,NA,Valencia,1,1,€ 298,2019/11/06,2019/11/07,0,,14
Apartment Carrer de Josep Aguirre,5646705,NA,Valencia,1,1,€ 608,2019/11/06,2019/11/07,0,,14
Suites by Eric Olsan (Florista),4726450,NA,Valencia,1,1,€ 82,2019/11/06,2019/11/07,0,"8,6",14
El Coral Apartment Valencia,3606766,NA,Valencia,1,1,€ 82,2019/11/06,2019/11/07,0,"8,7",14
APARTAMENTO CENTRICO. WI-FI. PARKING,2967593,NA,Valencia,1,1,NA,2019/11/06,2019/11/07,0,"9,1",14
Casual del Cine Valencia,572187,NA,Valencia,1,1,€ 82,2019/11/06,2019/11/07,2,"8,6",14
AC Hotel Valencia,91063,NA,Valencia,1,1,€ 84,2019/11/06,2019/11/07,4,"8,5",14
València Centre Torres de Quart,886289,NA,Valencia,1,1,€ 85,2019/11/06,2019/11/07,0,"8,9",14
BUBUFLATS Mossén,1141763,NA,Valencia,1,1,€ 85,2019/11/06,2019/11/07,0,"8,9",14
BUBUFLATS / Mercat,783206,NA,Valencia,1,1,€ 85,2019/11/06,2019/11/07,0,"8,9",14
One Shot Colón 46,1394168,NA,Valencia,1,1,€ 85,2019/11/06,2019/11/07,3,"8,7",14
Valencia City Center New Apartments,1042326,NA,Valencia,1,1,NA,2019/11/06,2019/11/07,0,9,14
Casa de Maria,2467712,NA,Valencia,1,1,€ 85,2019/11/06,2019/11/07,0,"8,6",14
Friendly Rentals Verdi,1634232,NA,Valencia,1,1,€ 130,2019/11/06,2019/11/07,0,"8,1",14
Friendly Rentals Desplat,4120221,NA,Valencia,1,1,€ 140,2019/11/06,2019/11/07,0,"8,3",14
Travel Habitat Literato azorin,3699013,NA,Valencia,1,1,NA,2019/11/06,2019/11/07,0,9,14
Friendly Rentals Evans,1634220,NA,Valencia,1,1,€ 140,2019/11/06,2019/11/07,0,"8,3",14
Apartamentos Dormavalencia,4450983,NA,Valencia,1,1,€ 141,2019/11/06,2019/11/07,0,"8,4",14
Citizentral Gascons,332095,NA,Valencia,1,1,€ 87,2019/11/06,2019/11/07,0,"8,8",14
Valencian Apartment,2298621,NA,Valencia,1,1,€ 87,2019/11/06,2019/11/07,0,"8,9",14
Colors Rooms,675839,NA,Valencia,1,1,€ 40,2019/11/06,2019/11/07,0,"9,6",14
Casa los Peces,3234194,NA,Valencia,1,1,€ 154,2019/11/06,2019/11/07,0,"8,2",14
Loft el Carmen amazing views,4932621,NA,Valencia,1,1,€ 172,2019/11/06,2019/11/07,0,"8,1",14
Malvarrosa Calle Pavia,3608764,NA,Valencia,1,1,€ 179,2019/11/06,2019/11/07,0,8,14
Lindala,5250762,NA,Valencia,1,1,€ 49,2019/11/06,2019/11/07,0,"9,6",14
Valencia Apartamentos Goya,4256653,NA,Valencia,1,1,NA,2019/11/06,2019/11/07,0,10,14
Apartamentos Navío,5647176,NA,Valencia,1,1,€ 60,2019/11/06,2019/11/07,0,"9,9",14
Piso en Playa de Valencia,5533098,NA,Valencia,1,1,€ 70,2019/11/06,2019/11/07,0,"9,5",14
Ramirez Flats & Bar,4124528,NA,Valencia,1,1,€ 77,2019/11/06,2019/11/07,0,"9,5",14
Hostal Antigua Morellana,1273937,NA,Valencia,1,1,€ 80,2019/11/06,2019/11/07,1,"9,5",14
Bubuflats Bubu 3,1014334,NA,Valencia,1,1,€ 85,2019/11/06,2019/11/07,0,"9,5",14
Vlc Apartaments el Carmen,389902,NA,Valencia,1,1,€ 214,2019/11/06,2019/11/07,0,"8,3",14
Apartamento Joseph - luminoso y muy céntrico,4267950,NA,Valencia,1,1,NA,2019/11/06,2019/11/07,0,"9,1",14
Turia Guesthouse - B&B,2884427,NA,Valencia,1,1,€ 265,2019/11/06,2019/11/07,0,"8,2",14
Valencian Dreams Lonja,4757385,NA,Valencia,1,1,€ 87,2019/11/06,2019/11/07,0,"9,8",14
PLAYA POBLA DE FARNALS,5508533,NA,Valencia,1,1,NA,2019/11/06,2019/11/07,0,10,14
Apartments Downtown Valencia,2250421,NA,Valencia,1,1,€ 90,2019/11/06,2019/11/07,0,"9,6",14
Hotel Valencia Oceanic Managed by Melia Hotels International,91522,NA,Valencia,1,1,€ 88,2019/11/06,2019/11/07,4,"8,6",14
Hotel Gabbeach,403586,NA,Valencia,1,1,€ 89,2019/11/06,2019/11/07,3,"8,5",14
Ad Hoc Monumental,90719,NA,Valencia,1,1,€ 90,2019/11/06,2019/11/07,3,"8,6",14
L'Esplai Valencia Bed & Breakfast,1282556,NA,Valencia,1,1,€ 91,2019/11/06,2019/11/07,0,"9,5",14
Hotel Cosmo,4838858,NA,Valencia,1,1,€ 95,2019/11/06,2019/11/07,3,"9,9",14
Flats Piera Valencia Center,1490563,NA,Valencia,1,1,€ 95,2019/11/06,2019/11/07,0,"9,7",14
Casa La Buhardilla,2985364,NA,Valencia,1,1,€ 97,2019/11/06,2019/11/07,0,"9,6",14
Opera House Valencia B&B,3533887,NA,Valencia,1,1,€ 98,2019/11/06,2019/11/07,0,"9,5",14
Cómoda habitación Valencia,4200488,NA,Valencia,1,1,NA,2019/11/06,2019/11/07,0,"9,6",14
Disfruta - Enjoy Valencia Centre,3881970,NA,Valencia,1,1,€ 115,2019/11/06,2019/11/07,0,"9,8",14
MD Vila Barbera Apartment Center,1957253,NA,Valencia,1,1,€ 330,2019/11/06,2019/11/07,0,"8,3",14
MD Sueca. Apartment with Terrace Ruzafa,2551179,NA,Valencia,1,1,€ 330,2019/11/06,2019/11/07,0,"8,2",14
UP Hostel Valencia,1710137,NA,Valencia,1,1,€ 14,2019/11/06,2019/11/07,0,"7,7",14
Disfruta - Enjoy Valencia Ruzafa,3890328,NA,Valencia,1,1,€ 115,2019/11/06,2019/11/07,0,"9,7",14
Disfruta - Enjoy Valencia Ayuntamiento,4901194,NA,Valencia,1,1,€ 115,2019/11/06,2019/11/07,0,"9,6",14
Barracart Apartments,2125836,NA,Valencia,1,1,€ 116,2019/11/06,2019/11/07,0,"9,6",14
Pensión Universal,304276,NA,Valencia,1,1,€ 27,2019/11/06,2019/11/07,0,"7,9",14
Hostal Moratin,326015,NA,Valencia,1,1,€ 31,2019/11/06,2019/11/07,1,"7,9",14
Cabanyal Pleasant House,3608623,NA,Valencia,1,1,NA,2019/11/06,2019/11/07,0,"9,1",14
Habitaciones Barra89,1076252,NA,Valencia,1,1,€ 31,2019/11/06,2019/11/07,0,"7,8",14
Teixidors de Palomar,2639791,NA,Valencia,1,1,NA,2019/11/06,2019/11/07,0,"9,3",14
Hotel El Siglo,1741479,NA,Valencia,1,1,€ 90,2019/11/06,2019/11/07,3,"8,5",14
Plaza Sainetero Arniches,3984774,NA,Valencia,1,1,€ 92,2019/11/06,2019/11/07,0,"8,5",14
Les flors,3985046,NA,Valencia,1,1,€ 94,2019/11/06,2019/11/07,0,"8,7",14
Disfruta - Enjoy Valencia Oceanografic,4121345,NA,Valencia,1,1,€ 125,2019/11/06,2019/11/07,0,"9,6",14
MARQUÉS HOUSE 4* SUP,2118880,NA,Valencia,1,1,€ 139,2019/11/06,2019/11/07,4,"9,5",14
Hexagonal Design Apartment Valencia,4630643,NA,Valencia,1,1,NA,2019/11/06,2019/11/07,0,"9,6",14
Casual Vintage Valencia,1710241,NA,Valencia,1,1,€ 95,2019/11/06,2019/11/07,2,"8,6",14
New Trendy apartment,2426154,NA,Valencia,1,1,€ 95,2019/11/06,2019/11/07,0,"8,6",14
Apart and Benef,2291245,NA,Valencia,1,1,€ 34,2019/11/06,2019/11/07,0,"7,9",14
Habitación Céntrica en Casa de Familia,4289877,NA,Valencia,1,1,€ 35,2019/11/06,2019/11/07,0,"7,8",14
Aventura,5567318,NA,Valencia,1,1,€ 40,2019/11/06,2019/11/07,0,"7,9",14
Habitación San Cayetano,4624401,NA,Valencia,1,1,€ 40,2019/11/06,2019/11/07,0,"7,5",14
RUZAFA- CENTRO-A/C- WI-FI- PARKING,2885994,NA,Valencia,1,1,€ 140,2019/11/06,2019/11/07,0,"9,7",14
Apartments Torres de Serranos Valencia,1099602,NA,Valencia,1,1,€ 226,2019/11/06,2019/11/07,0,"9,7",14
Casa Calle Conquista,4691493,NA,Valencia,1,1,€ 240,2019/11/06,2019/11/07,0,"9,6",14
MD PASEO RUZAFA CENTER,5374850,NA,Valencia,1,1,€ 1.030,2019/11/06,2019/11/07,0,"9,6",14
Cantagua Hostel,4074640,NA,Valencia,1,1,€ 40,2019/11/06,2019/11/07,0,"9,1",14
El Palacete Gran Via,3483148,NA,Valencia,1,1,€ 96,2019/11/06,2019/11/07,0,"8,8",14
MOM La Punta,3105661,NA,Valencia,1,1,NA,2019/11/06,2019/11/07,0,"9,4",14
Melia Valencia,290493,NA,Valencia,1,1,€ 98,2019/11/06,2019/11/07,4,"8,8",14
Sercotel Sorolla Palace,93646,NA,Valencia,1,1,€ 99,2019/11/06,2019/11/07,4,"8,6",14
Hotel Beleret,94652,NA,Valencia,1,1,€ 41,2019/11/06,2019/11/07,3,"7,6",14
Sunny Apartment in Valencia,4142038,NA,Valencia,1,1,NA,2019/11/06,2019/11/07,0,"9,1",14
Valencia City Host,1177077,NA,Valencia,1,1,€ 42,2019/11/06,2019/11/07,0,"7,8",14
Voyagers Inn Homestay,2682156,NA,Valencia,1,1,€ 43,2019/11/06,2019/11/07,0,"7,8",14
Hospederia del Pilar,327766,NA,Valencia,1,1,€ 45,2019/11/06,2019/11/07,0,"7,9",14
Casual Civilizaciones Valencia,449777,NA,Valencia,1,1,€ 47,2019/11/06,2019/11/07,0,"7,9",14
Catalonia Excelsior,90578,NA,Valencia,1,1,€ 100,2019/11/06,2019/11/07,3,"8,7",14
Apartment close to park Marchalenes,4418670,NA,Valencia,1,1,€ 100,2019/11/06,2019/11/07,0,"8,9",14
Flatsforyou Turia,312207,NA,Valencia,1,1,€ 100,2019/11/06,2019/11/07,0,"8,8",14
Mon Suites Catedral,485679,NA,Valencia,1,1,€ 82,2019/11/06,2019/11/07,0,"9,2",14
Citizentral Juristas,1113127,NA,Valencia,1,1,€ 82,2019/11/06,2019/11/07,0,"9,2",14
La seda stay,3335523,NA,Valencia,1,1,NA,2019/11/06,2019/11/07,0,"9,7",14
Valencia Lounge Hostel,337203,NA,Valencia,1,1,€ 48,2019/11/06,2019/11/07,0,"7,7",14
Apartments Abate 4,2848648,NA,Valencia,1,1,€ 83,2019/11/06,2019/11/07,0,9,14
Hotel Valencia Alameda,4019381,NA,Valencia,1,1,€ 84,2019/11/06,2019/11/07,4,"9,2",14
Bubuflats Bubu 5,1283519,NA,Valencia,1,1,€ 85,2019/11/06,2019/11/07,0,"9,1",14
Loft zona Pechina en Valencia centro,2524985,NA,Valencia,1,1,€ 87,2019/11/06,2019/11/07,0,"9,1",14
City Garden Bed and Breakfast,2204361,NA,Valencia,1,1,€ 87,2019/11/06,2019/11/07,0,"9,4",14
Valenciaflats Centro Ciudad,18544,NA,Valencia,1,1,€ 87,2019/11/06,2019/11/07,0,"9,2",14
Valencia center,3168460,NA,Valencia,1,1,NA,2019/11/06,2019/11/07,0,"9,8",14
Caro Hotel,348132,NA,Valencia,1,1,€ 229,2019/11/06,2019/11/07,5,"9,2",14
Old Fisherman's House in Malvarrosa Beach,3618172,NA,Valencia,1,1,€ 288,2019/11/06,2019/11/07,0,"9,4",14
Apartment Sofi,2830696,NA,Valencia,1,1,NA,2019/11/06,2019/11/07,0,"9,8",14
The River Hostel,494202,NA,Valencia,1,1,€ 19,2019/11/06,2019/11/07,0,"8,5",14
Pensión Alicante,298710,NA,Valencia,1,1,€ 33,2019/11/06,2019/11/07,0,"8,5",14
HQ Rooms Apartments San Vicente,2894429,NA,Valencia,1,1,€ 88,2019/11/06,2019/11/07,0,"9,2",14
RUZAFA. Nice apartment and Terrace.,4368595,NA,Valencia,1,1,€ 88,2019/11/06,2019/11/07,0,"9,3",14
Apartamento cerca de la Playa y el Centro,2620264,NA,Valencia,1,1,€ 88,2019/11/06,2019/11/07,0,9,14
Valencia Suits You Citytel,1106307,NA,Valencia,1,1,€ 39,2019/11/06,2019/11/07,2,"8,6",14
Art&Flats Bed&Breakfast,5238345,NA,Valencia,1,1,€ 40,2019/11/06,2019/11/07,0,"8,8",14
Quart Youth Hostel,476418,NA,Valencia,1,1,€ 42,2019/11/06,2019/11/07,0,"8,6",14
Apartamentos Edificio Palomar,189277,NA,Valencia,1,1,€ 89,2019/11/06,2019/11/07,0,"9,2",14
Casual Socarrat Valencia,5142800,NA,Valencia,1,1,€ 89,2019/11/06,2019/11/07,3,"9,1",14
Olvida tu Reloj Congresos Apartment,2448036,NA,Valencia,1,1,€ 91,2019/11/06,2019/11/07,0,"9,2",14
Zalamera BnB,1331238,NA,Valencia,1,1,€ 47,2019/11/06,2019/11/07,0,"8,7",14
Musico Art Flat,2925957,NA,Valencia,1,1,NA,2019/11/06,2019/11/07,0,"9,6",14
Hotel Olympia Universidades,1301731,NA,Valencia,1,1,€ 48,2019/11/06,2019/11/07,3,"8,5",14
Ayuntamiento Panoramic,3089239,NA,Valencia,1,1,NA,2019/11/06,2019/11/07,0,"9,5",14
Olvida tu Reloj Montichelvo Apartment,3258095,NA,Valencia,1,1,€ 91,2019/11/06,2019/11/07,0,"9,4",14
Center City Flats,861452,NA,Valencia,1,1,€ 94,2019/11/06,2019/11/07,0,9,14
Apartamento centro frente a Torres de Serrano,3408067,NA,Valencia,1,1,€ 98,2019/11/06,2019/11/07,0,"9,4",14
MD Design Hotel - Portal del Real,2391685,NA,Valencia,1,1,€ 98,2019/11/06,2019/11/07,2,"9,1",14
Flatsforyou Carmen,593824,NA,Valencia,1,1,€ 99,2019/11/06,2019/11/07,0,"9,1",14
Valenciaflats Torres de Serrano,17468,NA,Valencia,1,1,€ 63,2019/11/06,2019/11/07,0,"8,3",14
L'Otelet By Sweet,1467935,NA,Valencia,1,1,€ 64,2019/11/06,2019/11/07,0,"8,3",14
Estrella de russafa,5352439,NA,Valencia,1,1,€ 50,2019/11/06,2019/11/07,0,"8,7",14
Russafa Youth Hostel,345134,NA,Valencia,1,1,€ 51,2019/11/06,2019/11/07,0,"8,6",14
Balcón Al Mar,295109,NA,Valencia,1,1,€ 51,2019/11/06,2019/11/07,0,"8,5",14
APARTAMENTO CENTRO- RUZAFA. WI-FI. PARKING,3144104,NA,Valencia,1,1,€ 100,2019/11/06,2019/11/07,0,"9,3",14
Colón Market Downtown,4607745,NA,Valencia,1,1,NA,2019/11/06,2019/11/07,0,"9,6",14
Hi Valencia Apartments - Jorge Juan,2373701,NA,Valencia,1,1,€ 100,2019/11/06,2019/11/07,0,"9,4",14
Hogar Vera Apartments&Bikes,1807919,NA,Valencia,1,1,NA,2019/11/06,2019/11/07,0,"9,4",14
Hotel Alkazar,408511,NA,Valencia,1,1,€ 64,2019/11/06,2019/11/07,1,"8,1",14
City of Arts & Spa Apartment,4820684,NA,Valencia,1,1,€ 65,2019/11/06,2019/11/07,0,"8,1",14
Cozy apartment in Valencia center,3402135,NA,Valencia,1,1,€ 101,2019/11/06,2019/11/07,0,"9,2",14
Piso como en tu casa 2,3834617,NA,Valencia,1,1,€ 101,2019/11/06,2019/11/07,0,"9,2",14
Apartamentos Artesa 22 Valencia,5546723,NA,Valencia,1,1,€ 102,2019/11/06,2019/11/07,0,9,14
Apartment Vicent,1674495,NA,Valencia,1,1,€ 65,2019/11/06,2019/11/07,0,"8,3",14
Alex Apartment,1756374,NA,Valencia,1,1,€ 65,2019/11/06,2019/11/07,0,8,14
SHF Flats Baron,1033085,NA,Valencia,1,1,€ 66,2019/11/06,2019/11/07,0,8,14
Apartamentos La más Bonita,2816245,NA,Valencia,1,1,€ 104,2019/11/06,2019/11/07,0,9,14
Hotel Malcom and Barret,483261,NA,Valencia,1,1,€ 53,2019/11/06,2019/11/07,3,"8,7",14
Pio XII Apartments Valencia,402080,NA,Valencia,1,1,€ 54,2019/11/06,2019/11/07,0,"8,5",14
La Morella del Carmen,5188541,NA,Valencia,1,1,NA,2019/11/06,2019/11/07,0,"9,5",14
Holiday Inn Express Ciudad de las Ciencias,96737,NA,Valencia,1,1,€ 68,2019/11/06,2019/11/07,3,8,14
Casa alta del mar,2542826,NA,Valencia,1,1,NA,2019/11/06,2019/11/07,0,"9,1",14
Senator Parque Central Hotel,274963,NA,Valencia,1,1,€ 68,2019/11/06,2019/11/07,4,"8,1",14
Apartamentos el Pilar,237104,NA,Valencia,1,1,€ 70,2019/11/06,2019/11/07,0,8,14
Hulot B&B Valencia,585429,NA,Valencia,1,1,€ 54,2019/11/06,2019/11/07,0,"8,5",14
Home Youth Hostel by Feetup Hostels,189322,NA,Valencia,1,1,€ 54,2019/11/06,2019/11/07,0,"8,8",14
Homestay Carrer Sagun,5006434,NA,Valencia,1,1,€ 55,2019/11/06,2019/11/07,0,"8,8",14
Ilunion Valencia 4,754329,NA,Valencia,1,1,€ 70,2019/11/06,2019/11/07,4,"8,1",14
NH Valencia Las Ciencias,90725,NA,Valencia,1,1,€ 71,2019/11/06,2019/11/07,3,8,14
Silken Puerta Valencia,91182,NA,Valencia,1,1,€ 71,2019/11/06,2019/11/07,4,"8,3",14
Eurostars Rey Don Jaime,91520,NA,Valencia,1,1,€ 71,2019/11/06,2019/11/07,4,"8,2",14
Pasarela Apartment,1971082,NA,Valencia,1,1,NA,2019/11/06,2019/11/07,0,"9,3",14
Hotel Medium Valencia,96838,NA,Valencia,1,1,€ 72,2019/11/06,2019/11/07,4,"8,2",14
Sweet Hotel Renasa,274818,NA,Valencia,1,1,€ 74,2019/11/06,2019/11/07,3,8,14
City Suites Apartments,3091106,NA,Valencia,1,1,€ 74,2019/11/06,2019/11/07,0,"8,3",14
Ático cerca del mar,4040503,NA,Valencia,1,1,€ 75,2019/11/06,2019/11/07,0,"8,3",14
Reina 12,1684198,NA,Valencia,1,1,€ 75,2019/11/06,2019/11/07,0,"8,3",14
Namaste Rooms,3799642,NA,Valencia,1,1,€ 55,2019/11/06,2019/11/07,0,"8,7",14
B&B Hi Valencia Boutique,1301725,NA,Valencia,1,1,€ 55,2019/11/06,2019/11/07,0,"8,8",14
Apartamentos Plaza Picasso,97063,NA,Valencia,1,1,€ 55,2019/11/06,2019/11/07,0,"8,5",14
MD Modern Hotel - Jardines,305447,NA,Valencia,1,1,€ 77,2019/11/06,2019/11/07,1,"8,3",14
Apartamentos Hiedra y Tapinería Mercado Central,1888891,NA,Valencia,1,1,NA,2019/11/06,2019/11/07,0,"9,2",14
Dreams Rental Plaza Redonda,1665625,NA,Valencia,1,1,€ 79,2019/11/06,2019/11/07,0,"8,2",14
Espai One Santa Mónica,5471724,NA,Valencia,1,1,NA,2019/11/06,2019/11/07,0,"9,8",14
Casa del Patriarca,364834,NA,Valencia,1,1,€ 57,2019/11/06,2019/11/07,0,"8,9",14
Hotel San Lorenzo Boutique,1307718,NA,Valencia,1,1,€ 59,2019/11/06,2019/11/07,3,"8,6",14
Buho House,3777691,NA,Valencia,1,1,€ 59,2019/11/06,2019/11/07,0,"8,5",14
Luz de Valencia,2076095,NA,Valencia,1,1,€ 59,2019/11/06,2019/11/07,0,"8,8",14
Valenciaflats Centro Histórico,94781,NA,Valencia,1,1,€ 60,2019/11/06,2019/11/07,0,"8,7",14
Preciosos Apartamentos en el Carmen,2918345,NA,Valencia,1,1,€ 82,2019/11/06,2019/11/07,0,"8,1",14
Hotel Valencia Center,91285,NA,Valencia,1,1,€ 84,2019/11/06,2019/11/07,4,"8,4",14
Reina's Apartment,2130930,NA,Valencia,1,1,€ 85,2019/11/06,2019/11/07,0,"8,3",14
Hostal Penalty,189209,NA,Valencia,1,1,€ 85,2019/11/06,2019/11/07,1,8,14
Torres Quart,3702234,NA,Valencia,1,1,€ 83,2019/11/06,2019/11/07,0,"7,5",14
Suites by Eric Olsan (Peset),4726296,NA,Valencia,1,1,€ 83,2019/11/06,2019/11/07,0,"7,5",14
El Cactus,3201028,NA,Valencia,1,1,NA,2019/11/06,2019/11/07,0,9,14
Suites by Eric Olsan (L),4287413,NA,Valencia,1,1,€ 83,2019/11/06,2019/11/07,0,"7,5",14
Apartment Florista,2150187,NA,Valencia,1,1,€ 90,2019/11/06,2019/11/07,0,"7,9",14
Plaza Sainetero 5,3148458,NA,Valencia,1,1,€ 93,2019/11/06,2019/11/07,0,"7,7",14
Room in apartment,3701648,NA,Valencia,1,1,€ 100,2019/11/06,2019/11/07,0,"7,7",14
Select Home Town Hall,1648016,NA,Valencia,1,1,€ 130,2019/11/06,2019/11/07,0,"7,5",14
Friendly Rentals Danna,1634254,NA,Valencia,1,1,€ 140,2019/11/06,2019/11/07,0,"7,6",14
Avenida de Francia 155,4753433,NA,Valencia,1,1,NA,2019/11/06,2019/11/07,0,"9,3",14
Musico Peydro Apartments,3765069,NA,Valencia,1,1,€ 271,2019/11/06,2019/11/07,0,"7,9",14
MD Benlliure Beach.,1957258,NA,Valencia,1,1,€ 271,2019/11/06,2019/11/07,0,"7,8",14
MD Art Apartment Ruzafa,2550955,NA,Valencia,1,1,€ 271,2019/11/06,2019/11/07,0,"7,5",14
MD Pelayo with terrace,1979067,NA,Valencia,1,1,€ 271,2019/11/06,2019/11/07,0,"7,7",14
MD Abastos Center,2551194,NA,Valencia,1,1,€ 289,2019/11/06,2019/11/07,0,"7,6",14
Select Home Paz Apartment,1687820,NA,Valencia,1,1,€ 300,2019/11/06,2019/11/07,0,"7,8",14
Friendly Rentals Boyvin,1923141,NA,Valencia,1,1,NA,2019/11/06,2019/11/07,0,"9,2",14
MD Oliag I Apartment Ruzafa,2867488,NA,Valencia,1,1,€ 317,2019/11/06,2019/11/07,0,"7,6",14
Habitación Despuig,4901343,NA,Valencia,1,1,€ 28,2019/11/06,2019/11/07,0,"7,3",14
Habitacion PLaza Ayuntamiento,4365340,NA,Valencia,1,1,€ 38,2019/11/06,2019/11/07,0,"7,4",14
Habitaciones con Encanto,5629632,NA,Valencia,1,1,€ 40,2019/11/06,2019/11/07,0,"7,4",14
HOSPEDAJE PESET,4718074,NA,Valencia,1,1,€ 40,2019/11/06,2019/11/07,0,"7,3",14
Select Home Mercado Central,440757,NA,Valencia,1,1,€ 150,2019/11/06,2019/11/07,0,"7,2",14
Best Valencia Beach Flat,3246772,NA,Valencia,1,1,€ 196,2019/11/06,2019/11/07,0,"7,1",14
Victoria Site @ Luxury Center,1756493,NA,Valencia,1,1,NA,2019/11/06,2019/11/07,0,"8,7",14
MD Puerto Rico Apartment Ruzafa,3737151,NA,Valencia,1,1,€ 289,2019/11/06,2019/11/07,0,"7,4",14
MD Villalonga Malvarosa Beach,3739661,NA,Valencia,1,1,€ 430,2019/11/06,2019/11/07,0,"7,3",14
Habitación en Colon,2246576,NA,Valencia,1,1,€ 40,2019/11/06,2019/11/07,0,"6,7",14
Hostal Residencial RR,450746,NA,Valencia,1,1,€ 40,2019/11/06,2019/11/07,0,7,14
Travel Habitat Ático Ciutat Vella.,3264750,NA,Valencia,1,1,NA,2019/11/06,2019/11/07,0,"9,4",14
La Flamenca,818359,NA,Valencia,1,1,€ 40,2019/11/06,2019/11/07,0,"7,2",14
Habitación con cama doble,4794909,NA,Valencia,1,1,€ 41,2019/11/06,2019/11/07,0,"7,1",14
Sampedor Apartment,435662,NA,Valencia,1,1,€ 42,2019/11/06,2019/11/07,0,"7,1",14
NWT Central Station Valencia,1647017,NA,Valencia,1,1,€ 44,2019/11/06,2019/11/07,0,"7,1",14
Ruzafa Rooms,2891693,NA,Valencia,1,1,€ 45,2019/11/06,2019/11/07,0,"6,9",14
Guest House Lebon,3124256,NA,Valencia,1,1,€ 60,2019/11/06,2019/11/07,0,"6,8",14
Premium Apartments,486507,NA,Valencia,1,1,€ 69,2019/11/06,2019/11/07,0,"6,9",14
SingularStays San Vicente,1423172,NA,Valencia,1,1,NA,2019/11/06,2019/11/07,0,"8,8",14
Select Home Boutique Center,387770,NA,Valencia,1,1,€ 160,2019/11/06,2019/11/07,0,"6,9",14
Dreams Rental City Hall,337092,NA,Valencia,1,1,€ 280,2019/11/06,2019/11/07,0,"6,5",14
FREE WI-FI. Apartamentos 90 м2 - Assutzena 5,4828764,NA,Valencia,1,1,€ 124,2019/11/06,2019/11/07,0,"8,7",14
Friendly Rentals Strauss,1634236,NA,Valencia,1,1,€ 125,2019/11/06,2019/11/07,0,"8,6",14
Fun and Sun Center 2,2944416,NA,Valencia,1,1,€ 32,2019/11/06,2019/11/07,0,6,14
Loft Central Market - Breakfast Juice!,3187998,NA,Valencia,1,1,€ 88,2019/11/06,2019/11/07,0,"6,4",14
Select Home Viveros Gardens,1297339,NA,Valencia,1,1,€ 215,2019/11/06,2019/11/07,0,"6,3",14
Coroa del Mar,1549399,NA,Valencia,1,1,€ 50,2019/11/06,2019/11/07,0,"7,1",14
RoomTuristValencia - Ruzafa,4608394,NA,Valencia,1,1,€ 26,2019/11/06,2019/11/07,0,"5,5",14
Apartments Trinitarios,364825,NA,Valencia,1,1,NA,2019/11/06,2019/11/07,0,"8,9",14
Ruzafa Guesthouse,2269176,NA,Valencia,1,1,€ 30,2019/11/06,2019/11/07,0,"5,5",14
Gon & Diego House,4899561,NA,Valencia,1,1,€ 40,2019/11/06,2019/11/07,0,"5,4",14
Guest House Higinio Noja,2845935,NA,Valencia,1,1,€ 60,2019/11/06,2019/11/07,0,"5,9",14
Kirei Apartment Berlin,4504570,NA,Valencia,1,1,€ 103,2019/11/06,2019/11/07,0,"5,6",14
Kirei Apartment Denver,4585191,NA,Valencia,1,1,€ 115,2019/11/06,2019/11/07,0,"5,6",14
Apartamento,3139431,NA,Valencia,1,1,NA,2019/11/06,2019/11/07,0,"9,4",14
Friendly Rentals Verdi 2,2523881,NA,Valencia,1,1,€ 125,2019/11/06,2019/11/07,0,"8,8",14
Hotel Neptuno,91206,NA,Valencia,1,1,€ 126,2019/11/06,2019/11/07,4,"8,5",14
Valencia B&B,2658386,NA,Valencia,1,1,€ 129,2019/11/06,2019/11/07,0,"5,5",14
Turia Town,4064373,NA,Valencia,1,1,NA,2019/11/06,2019/11/07,0,"8,8",14
Kirei Apartment Portland,4276529,NA,Valencia,1,1,€ 131,2019/11/06,2019/11/07,0,"5,9",14
Guest House Torres de Quart,2275006,NA,Valencia,1,1,€ 30,2019/11/06,2019/11/07,0,"5,3",14
Isabel,4442066,NA,Valencia,1,1,€ 127,2019/11/06,2019/11/07,0,"8,5",14
Cathedral Suites Hotel,1736257,NA,Valencia,1,1,€ 129,2019/11/06,2019/11/07,4,"8,9",14
Apartamento Gran Vía Marqués del Turia,2358973,NA,Valencia,1,1,€ 135,2019/11/06,2019/11/07,0,"8,5",14
Guest House Ruzafa,2324552,NA,Valencia,1,1,€ 35,2019/11/06,2019/11/07,0,"5,1",14
RoomTuristValencia Estacion del Norte,4682632,NA,Valencia,1,1,€ 50,2019/11/06,2019/11/07,0,5,14
sueñavalencia,5603844,NA,Valencia,1,1,€ 75,2019/11/06,2019/11/07,0,"5,4",14
Friendly Rentals Ferrero,2314984,NA,Valencia,1,1,€ 140,2019/11/06,2019/11/07,0,"8,8",14
La Casa Chica del Carmen,2757078,NA,Valencia,1,1,NA,2019/11/06,2019/11/07,0,"9,2",14
Vincci Palace,94163,NA,Valencia,1,1,€ 143,2019/11/06,2019/11/07,4,"8,7",14
Apartamento LUXURY CENTRO HISTORICO,3664772,NA,Valencia,1,1,€ 149,2019/11/06,2019/11/07,0,"8,5",14
Select Home Mercado de Colón,2960845,NA,Valencia,1,1,€ 150,2019/11/06,2019/11/07,0,"8,9",14
Mar & City Apartment,3456759,NA,Valencia,1,1,€ 157,2019/11/06,2019/11/07,0,"8,9",14
Puerta de Serranos,2734333,NA,Valencia,1,1,€ 161,2019/11/06,2019/11/07,0,"8,9",14
Hospes Palau de La Mar,93823,NA,Valencia,1,1,€ 162,2019/11/06,2019/11/07,5,"8,8",14
Vivaldi Penthouse Ayuntamiento,1289561,NA,Valencia,1,1,NA,2019/11/06,2019/11/07,0,"9,2",14
Vincci Lys,91183,NA,Valencia,1,1,€ 165,2019/11/06,2019/11/07,4,"8,9",14
Zerka Sendra,4657122,NA,Valencia,1,1,€ 179,2019/11/06,2019/11/07,0,"8,9",14
Carlos & Ana,2079019,NA,Valencia,1,1,€ 195,2019/11/06,2019/11/07,0,"8,9",14
The Westin Valencia,93321,NA,Valencia,1,1,€ 198,2019/11/06,2019/11/07,5,"8,7",14
Exclusive Beach Apartment,4641691,NA,Valencia,1,1,€ 205,2019/11/06,2019/11/07,0,"8,9",14
Melia Plaza Valencia,13270,NA,Valencia,1,1,€ 220,2019/11/06,2019/11/07,4,"8,9",14
Forn desamparats,2380447,NA,Valencia,1,1,NA,2019/11/06,2019/11/07,0,"9,4",14
Casa de Vacaciones Pintor Vilar,2093863,NA,Valencia,1,1,€ 222,2019/11/06,2019/11/07,0,"8,9",14
SingularStays Parque Central,3054000,NA,Valencia,1,1,€ 249,2019/11/06,2019/11/07,0,"8,9",14
Select Home Alma Palace,1381946,NA,Valencia,1,1,€ 265,2019/11/06,2019/11/07,0,"8,7",14
Center Valencia Youth Hostel,246931,NA,Valencia,1,1,€ 22,2019/11/06,2019/11/07,0,8,14
Habitación en valencia centro,5418023,NA,Valencia,1,1,€ 30,2019/11/06,2019/11/07,0,"8,3",14
