name,propertyId,propertyType,city,rooms,days,price,checkIn,checkOut,stars,score,advance
Comfort Homestay,5423155,NA,Valencia,1,1,€ 105,2020/01/10,2020/01/11,0,,90
Valencia City Apartment,5460796,Apartamentos,Valencia,1,1,€ 115,2020/01/10,2020/01/11,0,,90
Living Valencia - Cestas,5453512,Apartamentos,Valencia,1,1,NA,2020/01/10,2020/01/11,0,"7,6",90
Appartement Elsa Valencia,5007874,Apartamento,Valencia,1,1,€ 135,2020/01/10,2020/01/11,0,,90
Todo el centro histórico a tu alcance.,5610526,Apartamento,Valencia,1,1,€ 160,2020/01/10,2020/01/11,0,,90
The White Apartment: Luxury- Beach and Design,5631365,Apartamento,Valencia,1,1,€ 167,2020/01/10,2020/01/11,0,,90
Villa Vista,4292942,Casa o chalet,Valencia,1,1,€ 173,2020/01/10,2020/01/11,0,,90
Casa Del Sueno,4292899,Chalet de montaña,Valencia,1,1,€ 173,2020/01/10,2020/01/11,0,,90
Apartment Carrer Ernesto Che Guevara,5598848,Apartamentos,Valencia,1,1,€ 211,2020/01/10,2020/01/11,0,,90
San Jaime Silence,2369040,Apartamento,Valencia,1,1,NA,2020/01/10,2020/01/11,0,"7,4",90
"Flat ""Ca Alexandre""",3687859,Apartamento,Valencia,1,1,€ 240,2020/01/10,2020/01/11,0,,90
Apartment Carrer de Don Juan de Austria,5464038,Apartamentos,Valencia,1,1,€ 275,2020/01/10,2020/01/11,0,,90
LACASAMALVA1 PLAYA DE VALENCIA,5679960,Casa o chalet,Valencia,1,1,€ 298,2020/01/10,2020/01/11,0,,90
Governor Residence,3799760,Apartahotel,Valencia,1,1,€ 600,2020/01/10,2020/01/11,0,,90
Apartment Carrer de Josep Aguirre,5646705,Apartamentos,Valencia,1,1,€ 608,2020/01/10,2020/01/11,0,,90
Apartment Carrer de Cadis,5531328,Apartamentos,Valencia,1,1,€ 648,2020/01/10,2020/01/11,0,,90
SingularStays Botanico 29 Rooms,1643960,NA,Valencia,1,1,NA,2020/01/10,2020/01/11,0,"7,3",90
EXCLUSIVE VILLA WITH POOL ON THE BEACH,5684273,Villa,Valencia,1,1,€ 1.370,2020/01/10,2020/01/11,0,,90
Ca'delsPins,4110201,Villas,Valencia,1,1,€ 290,2020/01/10,2020/01/11,0,"7,8",90
El 16 Ruzafa,865461,Apartamentos,Valencia,1,1,€ 300,2020/01/10,2020/01/11,0,"7,7",90
Coroa Malvarrosa,1638172,Apartamentos,Valencia,1,1,NA,2020/01/10,2020/01/11,0,"8,2",90
Apartment Plaza de la Merced,3457190,Apartamento,Valencia,1,1,€ 470,2020/01/10,2020/01/11,0,"7,9",90
Hostal Waksman,281139,NA,Valencia,1,1,€ 30,2020/01/10,2020/01/11,1,"7,3",90
Habitación Despuig,4901343,NA,Valencia,1,1,€ 30,2020/01/10,2020/01/11,0,"7,3",90
HOSPEDAJE PESET,4718074,NA,Valencia,1,1,€ 40,2020/01/10,2020/01/11,0,"7,3",90
Citizentral Juristas,1113127,Apartamentos,Valencia,1,1,€ 103,2020/01/10,2020/01/11,0,"9,2",90
Forn desamparats,2380447,Apartamento,Valencia,1,1,€ 105,2020/01/10,2020/01/11,0,"9,4",90
Olvida tu Reloj Montichelvo Apartment,3258095,Apartamento,Valencia,1,1,NA,2020/01/10,2020/01/11,0,"9,4",90
Habitación con cama doble,4794909,NA,Valencia,1,1,€ 41,2020/01/10,2020/01/11,0,"7,2",90
Murillo Apartment,408163,Apartamento,Valencia,1,1,€ 44,2020/01/10,2020/01/11,0,7,90
Total Valencia Attics I,1714291,Apartamento,Valencia,1,1,NA,2020/01/10,2020/01/11,0,"8,2",90
Cosy Rooms Bolsería,371606,NA,Valencia,1,1,€ 49,2020/01/10,2020/01/11,2,"7,4",90
L'Otelet By Sweet,1467935,NA,Valencia,1,1,€ 77,2020/01/10,2020/01/11,0,"8,3",90
Valenciaflats Torres de Serrano,17468,Apartamentos,Valencia,1,1,€ 78,2020/01/10,2020/01/11,0,"8,3",90
Down Town,1656378,Apartamentos,Valencia,1,1,NA,2020/01/10,2020/01/11,0,"8,3",90
Nanit Valencia Hostel,3913497,NA,Valencia,1,1,€ 80,2020/01/10,2020/01/11,0,"8,3",90
Apartamento Ciudad de las Artes y las Ciencias,4353552,Apartamento,Valencia,1,1,€ 80,2020/01/10,2020/01/11,0,"8,3",90
Hotel Conqueridor,91047,NA,Valencia,1,1,€ 81,2020/01/10,2020/01/11,4,"8,4",90
Brisa Mare Nostrum,2855311,Apartamento,Valencia,1,1,€ 105,2020/01/10,2020/01/11,0,"9,2",90
Mon Suites San Nicolas,4117225,Apartamentos,Valencia,1,1,€ 106,2020/01/10,2020/01/11,0,"9,2",90
Nest Style Valencia,5219046,NA,Valencia,1,1,€ 106,2020/01/10,2020/01/11,3,"9,4",90
NH Collection Colón Valencia,3828811,NA,Valencia,1,1,€ 109,2020/01/10,2020/01/11,4,"9,2",90
Holiday Inn Express Ciudad de las Ciencias,96737,NA,Valencia,1,1,€ 82,2020/01/10,2020/01/11,3,8,90
Primus Valencia,331871,NA,Valencia,1,1,€ 84,2020/01/10,2020/01/11,4,"8,3",90
APARTAMENTO LAS MELLIZAS,4651578,NA,Valencia,1,1,€ 47,2020/01/10,2020/01/11,0,"8,3",90
Piso Carolina,2065367,Apartamento,Valencia,1,1,NA,2020/01/10,2020/01/11,0,"8,4",90
Cosy Rooms Embajador,369728,NA,Valencia,1,1,€ 49,2020/01/10,2020/01/11,2,"7,4",90
Sampedor Apartment,435662,Apartamentos,Valencia,1,1,€ 49,2020/01/10,2020/01/11,0,7,90
Habitacion Apartamento soleado Plaza Escultor Frechina,4865043,NA,Valencia,1,1,€ 50,2020/01/10,2020/01/11,0,"7,2",90
PISO ACOGEDOR,4995780,NA,Valencia,1,1,€ 50,2020/01/10,2020/01/11,0,"7,1",90
Atico Ciutat Vella,3446230,Apartamentos,Valencia,1,1,€ 85,2020/01/10,2020/01/11,0,"8,3",90
United Colors of Apartments - Catedral,1301545,Apartamentos,Valencia,1,1,€ 98,2020/01/10,2020/01/11,0,"8,2",90
Apartamento Plaza Sainetero,2743838,Apartamento,Valencia,1,1,€ 106,2020/01/10,2020/01/11,0,"8,2",90
MD Modern Hotel - Jardines,305447,NA,Valencia,1,1,€ 109,2020/01/10,2020/01/11,1,"8,3",90
Apartamento Torres,3654194,Apartamento,Valencia,1,1,€ 110,2020/01/10,2020/01/11,0,"8,3",90
Malvarrosa Beach Rooms,314048,NA,Valencia,1,1,€ 55,2020/01/10,2020/01/11,2,7,90
B&B Una Habitación Propia,1450279,NA,Valencia,1,1,NA,2020/01/10,2020/01/11,0,"8,2",90
NWT Central Station Valencia,1647017,NA,Valencia,1,1,€ 59,2020/01/10,2020/01/11,0,"7,1",90
Patacona Beach Apartment,4533678,Apartamento,Valencia,1,1,€ 119,2020/01/10,2020/01/11,0,"8,3",90
Hotel Miramar,23332,NA,Valencia,1,1,NA,2020/01/10,2020/01/11,2,"8,4",90
Apartamento Privado Próximo a Playa y Ciencias,3783163,Apartamento,Valencia,1,1,€ 120,2020/01/10,2020/01/11,0,"8,2",90
Apartments Plaza Ayuntamiento,3506736,Apartamento,Valencia,1,1,€ 115,2020/01/10,2020/01/11,0,"8,7",90
Apartamento en el centro de Valencia,4709659,Apartamento,Valencia,1,1,€ 120,2020/01/10,2020/01/11,0,9,90
ApartUP Gulliver Kids,2998856,Apartamento,Valencia,1,1,NA,2020/01/10,2020/01/11,0,"8,8",90
Apartment close to park Marchalenes,4418670,Apartamento,Valencia,1,1,€ 120,2020/01/10,2020/01/11,0,"8,9",90
Colors Rooms,675839,NA,Valencia,1,1,€ 45,2020/01/10,2020/01/11,0,"9,6",90
Lindala,5250762,NA,Valencia,1,1,€ 53,2020/01/10,2020/01/11,0,"9,9",90
Casa Chenano,4262208,Apartamento,Valencia,1,1,NA,2020/01/10,2020/01/11,0,"9,6",90
Welcome Platanos 13 Valencia Beautiful apartments with terrace,5095795,Apartamento,Valencia,1,1,€ 134,2020/01/10,2020/01/11,0,"8,1",90
Apartamento Obispo don Jerónimo,2079020,Apartamento,Valencia,1,1,€ 135,2020/01/10,2020/01/11,0,"8,2",90
MYR Hotel Plaza Mercado & Spa,1619029,Apartahotel,Valencia,1,1,€ 109,2020/01/10,2020/01/11,0,"9,2",90
"Piso ""Como en tu casa""",2689136,Apartamento,Valencia,1,1,€ 110,2020/01/10,2020/01/11,0,"9,2",90
Apartamento centro frente a Torres de Serrano,3408067,Apartamento,Valencia,1,1,NA,2020/01/10,2020/01/11,0,"9,4",90
47 Carrer de Cadis- puerta 1,4511167,Apartamento,Valencia,1,1,€ 113,2020/01/10,2020/01/11,0,9,90
Apartamentos La más Bonita,2816245,Apartamentos,Valencia,1,1,€ 115,2020/01/10,2020/01/11,0,9,90
Casa los Peces,3234194,Apartamento,Valencia,1,1,€ 170,2020/01/10,2020/01/11,0,"8,3",90
Loft el Carmen amazing views,4932621,Apartamento,Valencia,1,1,€ 170,2020/01/10,2020/01/11,0,"8,1",90
Vlc Apartaments el Carmen,389902,Apartamentos,Valencia,1,1,€ 187,2020/01/10,2020/01/11,0,"8,3",90
Living Valencia - Corregeria,3972561,Apartamentos,Valencia,1,1,NA,2020/01/10,2020/01/11,0,"8,3",90
Zerka Centro,4425975,Apartamentos,Valencia,1,1,€ 199,2020/01/10,2020/01/11,0,"8,3",90
NWT Central Station Apartments,3964093,Apartamento,Valencia,1,1,€ 300,2020/01/10,2020/01/11,0,"8,3",90
Geography and Arts.,3569110,NA,Valencia,1,1,€ 60,2020/01/10,2020/01/11,0,"7,1",90
Hostal la Barraca,350013,NA,Valencia,1,1,€ 61,2020/01/10,2020/01/11,0,"7,1",90
LOFT apartamento duplex en Valencia con parking,5519008,Apartamento,Valencia,1,1,€ 85,2020/01/10,2020/01/11,0,"9,9",90
Precioso piso junto al antiguo barrio de Campanar,3297078,Apartamento,Valencia,1,1,€ 85,2020/01/10,2020/01/11,0,"9,5",90
Ramirez Flats & Bar,4124528,Apartahotel,Valencia,1,1,€ 89,2020/01/10,2020/01/11,0,"9,5",90
Ciudad Ciencias- Lujo- Parking- Wi-Fi.,4999636,Apartamento,Valencia,1,1,€ 90,2020/01/10,2020/01/11,0,"9,8",90
Calle de Frederica Montseny 'Política' Casa o chalet,5152866,Casa o chalet,Valencia,1,1,€ 95,2020/01/10,2020/01/11,0,"9,6",90
Casa La Buhardilla,2985364,Apartamento,Valencia,1,1,€ 97,2020/01/10,2020/01/11,0,"9,6",90
Plaza Redonda house.,4399973,NA,Valencia,1,1,€ 70,2020/01/10,2020/01/11,0,"7,4",90
Mi casa es vuestra casa,4967097,NA,Valencia,1,1,€ 70,2020/01/10,2020/01/11,0,"7,1",90
Almiserat,3054886,Apartamento,Valencia,1,1,€ 80,2020/01/10,2020/01/11,0,"7,1",90
Flats Friends Torres Quart,1108908,Apartamentos,Valencia,1,1,NA,2020/01/10,2020/01/11,0,"8,1",90
Homestay & OLEE,4132920,NA,Valencia,1,1,€ 85,2020/01/10,2020/01/11,0,"7,4",90
Casa Vich,4457634,Apartamento,Valencia,1,1,NA,2020/01/10,2020/01/11,0,"9,5",90
United Colors of Apartments Boutique Style,5372347,Apartamentos,Valencia,1,1,€ 98,2020/01/10,2020/01/11,0,"9,5",90
Valencian Dreams Lonja,4757385,Apartamento,Valencia,1,1,€ 116,2020/01/10,2020/01/11,0,"9,8",90
MARQUÉS HOUSE 4* SUP,2118880,NA,Valencia,1,1,€ 119,2020/01/10,2020/01/11,4,"9,5",90
Hexagonal Design Apartment Valencia,4630643,Apartamento,Valencia,1,1,€ 136,2020/01/10,2020/01/11,0,"9,5",90
Ilunion Aqua 4,92777,NA,Valencia,1,1,€ 122,2020/01/10,2020/01/11,4,"8,5",90
ApartUP Patacona Beach I,1712452,Apartamentos,Valencia,1,1,€ 124,2020/01/10,2020/01/11,0,"8,6",90
Apartamentos Valencia - Brazil 31 Free WiFi,4948554,Apartamento,Valencia,1,1,€ 125,2020/01/10,2020/01/11,0,"8,8",90
Cathedral Suites Hotel,1736257,Apartahotel,Valencia,1,1,€ 129,2020/01/10,2020/01/11,4,"8,9",90
Apartments Welcome to Valencia Peset Aleixandre 69,4964856,Apartamento,Valencia,1,1,€ 130,2020/01/10,2020/01/11,0,"8,5",90
Olympia Flats,4212801,NA,Valencia,1,1,€ 90,2020/01/10,2020/01/11,0,"9,7",90
Casa Calle Conquista,4691493,Apartamento,Valencia,1,1,€ 240,2020/01/10,2020/01/11,0,"9,6",90
BONNIES Suites & Spa Valencia,3631910,Apartamentos,Valencia,1,1,NA,2020/01/10,2020/01/11,0,"9,8",90
MD PASEO RUZAFA CENTER,5374850,Apartamento,Valencia,1,1,€ 1.030,2020/01/10,2020/01/11,0,"9,6",90
Guest House Samuel Ros,4161855,NA,Valencia,1,1,€ 90,2020/01/10,2020/01/11,0,"7,2",90
Select Home Catedral,440778,Apartamentos,Valencia,1,1,€ 170,2020/01/10,2020/01/11,0,"7,1",90
Select Home Town Hall,1648016,Apartamentos,Valencia,1,1,€ 195,2020/01/10,2020/01/11,0,"7,4",90
HOSTAL BED OF THE SEA,3974636,NA,Valencia,1,1,€ 200,2020/01/10,2020/01/11,0,"7,1",90
One Shot Mercat 09,2274203,NA,Valencia,1,1,€ 118,2020/01/10,2020/01/11,4,"9,1",90
Casual Socarrat Valencia,5142800,NA,Valencia,1,1,€ 119,2020/01/10,2020/01/11,3,"9,1",90
MD Design Hotel - Portal del Real,2391685,NA,Valencia,1,1,€ 119,2020/01/10,2020/01/11,2,"9,1",90
15 Avinguda Mare Nostrum,4518973,Apartamento,Valencia,1,1,€ 120,2020/01/10,2020/01/11,0,"9,4",90
Patacona Beach,1411088,Apartamento,Valencia,1,1,NA,2020/01/10,2020/01/11,0,"9,4",90
Vincci Mercat,1279484,NA,Valencia,1,1,€ 123,2020/01/10,2020/01/11,4,9,90
Mon Suites San Martin,2777545,Apartamentos,Valencia,1,1,€ 130,2020/01/10,2020/01/11,0,"9,4",90
Biopark View Apartment,2381901,Apartamento,Valencia,1,1,€ 130,2020/01/10,2020/01/11,0,9,90
Welcome Apartamentos Pintor Stolz 31 Valencia,5019066,Apartamento,Valencia,1,1,€ 133,2020/01/10,2020/01/11,0,"9,3",90
Up Town,2244083,Apartamentos,Valencia,1,1,€ 4.500,2020/01/10,2020/01/11,0,"8,2",90
UP Hostel Valencia,1710137,NA,Valencia,1,1,€ 20,2020/01/10,2020/01/11,0,"7,7",90
Hostal On Dormire Valencia,432305,NA,Valencia,1,1,€ 35,2020/01/10,2020/01/11,0,"7,8",90
YOU & CO. Saler Beach Boutique,4533007,NA,Valencia,1,1,€ 40,2020/01/10,2020/01/11,3,9,90
Cantagua Hostel,4074640,NA,Valencia,1,1,€ 41,2020/01/10,2020/01/11,0,"9,1",90
Rooms Ciencias,94126,NA,Valencia,1,1,€ 59,2020/01/10,2020/01/11,0,9,90
OttoH Charm Stay,2459807,NA,Valencia,1,1,€ 59,2020/01/10,2020/01/11,0,"9,3",90
Host & Home,1663785,NA,Valencia,1,1,€ 60,2020/01/10,2020/01/11,0,9,90
Turia Town,4064373,Apartamentos,Valencia,1,1,NA,2020/01/10,2020/01/11,0,"8,8",90
Apartamento Gran Vía Marqués del Turia,2358973,Apartamento,Valencia,1,1,€ 131,2020/01/10,2020/01/11,0,"8,5",90
Dr Lluch,4758818,Apartamento,Valencia,1,1,€ 135,2020/01/10,2020/01/11,0,"8,5",90
Hospes Palau de La Mar,93823,NA,Valencia,1,1,€ 145,2020/01/10,2020/01/11,5,"8,8",90
Puerta de Serranos,2734333,Apartamentos,Valencia,1,1,€ 153,2020/01/10,2020/01/11,0,"8,9",90
Apartment Regne De Valencia,1533033,Apartamentos,Valencia,1,1,NA,2020/01/10,2020/01/11,0,"9,5",90
Habitación privada a 1500 metros de la playa,3789910,NA,Valencia,1,1,€ 60,2020/01/10,2020/01/11,0,"9,3",90
Jardín Botánico Hotel Boutique,93369,NA,Valencia,1,1,€ 62,2020/01/10,2020/01/11,3,9,90
Apartamento Rosaleda,3014201,Apartamento,Valencia,1,1,€ 65,2020/01/10,2020/01/11,0,9,90
Hostal Venecia,92883,NA,Valencia,1,1,€ 65,2020/01/10,2020/01/11,2,"9,1",90
Blanq Comedias,4922002,NA,Valencia,1,1,€ 77,2020/01/10,2020/01/11,0,9,90
Mar & City Apartment,3456759,Apartamento,Valencia,1,1,€ 157,2020/01/10,2020/01/11,0,"8,9",90
ValentiaApartments - MercadoCentral,4185241,Apartamentos,Valencia,1,1,€ 163,2020/01/10,2020/01/11,0,"8,7",90
B&B Almirante,369695,NA,Valencia,1,1,NA,2020/01/10,2020/01/11,1,"8,8",90
The Westin Valencia,93321,NA,Valencia,1,1,€ 168,2020/01/10,2020/01/11,5,"8,6",90
Loft zona Pechina en Valencia centro,2524985,Apartamento,Valencia,1,1,€ 138,2020/01/10,2020/01/11,0,"9,2",90
ApartUP Viveros Pets,2834736,Apartamento,Valencia,1,1,€ 141,2020/01/10,2020/01/11,0,"9,3",90
Casa Cosy,375456,Apartamentos,Valencia,1,1,NA,2020/01/10,2020/01/11,0,"9,4",90
Las Arenas Balneario Resort,91144,NA,Valencia,1,1,€ 144,2020/01/10,2020/01/11,5,9,90
Apartamento Casa con Angel,1079935,Apartamentos,Valencia,1,1,€ 173,2020/01/10,2020/01/11,0,"8,8",90
Carlos & Ana,2079019,Apartamento,Valencia,1,1,€ 215,2020/01/10,2020/01/11,0,"8,9",90
Flatsforyou Mercat,1367507,Apartamentos,Valencia,1,1,€ 280,2020/01/10,2020/01/11,3,"8,9",90
Center Valencia Youth Hostel,246931,NA,Valencia,1,1,€ 30,2020/01/10,2020/01/11,0,8,90
Habitación en valencia centro,5418023,NA,Valencia,1,1,€ 30,2020/01/10,2020/01/11,0,"8,3",90
Total Valencia Cathedral,1908021,Apartamentos,Valencia,1,1,NA,2020/01/10,2020/01/11,0,"8,8",90
Purple Nest Hostel,25278,NA,Valencia,1,1,€ 31,2020/01/10,2020/01/11,0,"8,2",90
Habitacion en Valencia Barata,4861796,NA,Valencia,1,1,€ 40,2020/01/10,2020/01/11,0,"8,1",90
Red Nest Hostel,92283,NA,Valencia,1,1,€ 44,2020/01/10,2020/01/11,0,"8,2",90
Habitacion en Valencia,4861732,NA,Valencia,1,1,€ 45,2020/01/10,2020/01/11,0,"8,2",90
Hostal Abastos,257057,NA,Valencia,1,1,€ 45,2020/01/10,2020/01/11,2,"8,2",90
Cabanyal Marina Apartament,3615874,Apartamento,Valencia,1,1,€ 160,2020/01/10,2020/01/11,0,"9,2",90
Mediterranean Flats Plaza Redonda,4086496,Apartamentos,Valencia,1,1,€ 185,2020/01/10,2020/01/11,0,"9,2",90
Downtown Valencia,2814867,Apartamento,Valencia,1,1,€ 189,2020/01/10,2020/01/11,0,"9,2",90
Apartamento Playa Wifi Gratis,3495634,Apartamento,Valencia,1,1,€ 190,2020/01/10,2020/01/11,0,"9,3",90
Luz de Valencia,2076095,Apartamentos,Valencia,1,1,€ 59,2020/01/10,2020/01/11,0,"8,8",90
Soho Valencia,1538641,Apartahotel,Valencia,1,1,€ 61,2020/01/10,2020/01/11,0,"8,9",90
Total Valencia Lonja,2263771,Apartamento,Valencia,1,1,NA,2020/01/10,2020/01/11,0,"9,2",90
València Centre Torres de Quart,886289,Apartamentos,Valencia,1,1,€ 62,2020/01/10,2020/01/11,0,"8,9",90
AC Hotel Valencia,91063,NA,Valencia,1,1,€ 65,2020/01/10,2020/01/11,4,"8,5",90
Living Valencia - Patacona Beach 56,3718985,Apartamentos,Valencia,1,1,€ 66,2020/01/10,2020/01/11,0,"8,8",90
València Centre Túria,2185255,Apartamento,Valencia,1,1,€ 66,2020/01/10,2020/01/11,0,"8,8",90
ABCyou Bed&Breakfast,189207,NA,Valencia,1,1,€ 66,2020/01/10,2020/01/11,0,"8,5",90
Hotel Kramer,91106,NA,Valencia,1,1,€ 67,2020/01/10,2020/01/11,3,"8,8",90
Cozy apartment in Valencia center,3402135,Apartamentos,Valencia,1,1,NA,2020/01/10,2020/01/11,0,"9,2",90
Boutique Creative Rooms,2334726,NA,Valencia,1,1,€ 68,2020/01/10,2020/01/11,0,"8,7",90
Bianca,4232781,Apartamento,Valencia,1,1,€ 69,2020/01/10,2020/01/11,0,"8,9",90
Hotel El Siglo,1741479,NA,Valencia,1,1,€ 70,2020/01/10,2020/01/11,3,"8,5",90
Valencia maritimo,3020748,Apartamento,Valencia,1,1,€ 70,2020/01/10,2020/01/11,0,"8,9",90
Victoria Site @ Mercat Central,1958462,Apartamentos,Valencia,1,1,€ 70,2020/01/10,2020/01/11,0,"8,6",90
Casual del Cine Valencia,572187,NA,Valencia,1,1,€ 71,2020/01/10,2020/01/11,2,"8,6",90
Vivaldi Valencia,427198,Apartamentos,Valencia,1,1,NA,2020/01/10,2020/01/11,0,"9,3",90
SKY TOURISTIC ATTIC,281640,Apartamentos,Valencia,1,1,€ 72,2020/01/10,2020/01/11,0,"8,5",90
Casual Vintage Valencia,1710241,NA,Valencia,1,1,€ 72,2020/01/10,2020/01/11,2,"8,6",90
Zenit Valencia,92327,NA,Valencia,1,1,€ 74,2020/01/10,2020/01/11,4,"8,8",90
Sercotel Sorolla Palace,93646,NA,Valencia,1,1,€ 74,2020/01/10,2020/01/11,4,"8,6",90
One Shot Colón 46,1394168,NA,Valencia,1,1,€ 76,2020/01/10,2020/01/11,3,"8,7",90
Apartments Madrina,3278589,Apartamentos,Valencia,1,1,€ 79,2020/01/10,2020/01/11,0,"8,9",90
Palacio de Rojas,1073276,Apartamentos,Valencia,1,1,NA,2020/01/10,2020/01/11,0,"9,3",90
Homestay Carrer Sagun,5006434,NA,Valencia,1,1,€ 80,2020/01/10,2020/01/11,0,"8,7",90
Hotel Dimar,90886,NA,Valencia,1,1,€ 81,2020/01/10,2020/01/11,4,"8,7",90
Hotel San Lorenzo Boutique,1307718,NA,Valencia,1,1,€ 81,2020/01/10,2020/01/11,3,"8,6",90
Valenciaflats Centro Histórico,94781,Apartamentos,Valencia,1,1,€ 82,2020/01/10,2020/01/11,0,"8,7",90
Hotel Mediterraneo Valencia,92412,NA,Valencia,1,1,€ 82,2020/01/10,2020/01/11,3,"8,8",90
