name,propertyId,propertyType,city,rooms,days,price,checkIn,checkOut,stars,score,advance
Hotel Kramer,91106,NA,Valencia,1,1,€ 64,2019/12/20,2019/12/21,3,"8,8",60
Host & Home,1663785,NA,Valencia,1,1,€ 64,2019/12/20,2019/12/21,0,"8,9",60
Apartments Abate 4,2848648,Apartamentos,Valencia,1,1,NA,2019/12/20,2019/12/21,0,9,60
Soho Valencia,1538641,Apartahotel,Valencia,1,1,€ 65,2019/12/20,2019/12/21,0,"8,9",60
Hotel El Siglo,1741479,NA,Valencia,1,1,€ 66,2019/12/20,2019/12/21,3,"8,5",60
Ad Hoc Carmen,1173270,NA,Valencia,1,1,€ 66,2019/12/20,2019/12/21,2,"8,9",60
València Centre Túria,2185255,Apartamento,Valencia,1,1,€ 66,2019/12/20,2019/12/21,0,"8,8",60
ABCyou Bed&Breakfast,189207,NA,Valencia,1,1,€ 66,2019/12/20,2019/12/21,0,"8,5",60
Casual del Cine Valencia,572187,NA,Valencia,1,1,€ 68,2019/12/20,2019/12/21,2,"8,6",60
Apartamento en la Ciudad de las Artes y las Ciencias,3552283,Apartamento,Valencia,1,1,NA,2019/12/20,2019/12/21,0,"9,3",60
Valencia maritimo,3020748,Apartamento,Valencia,1,1,€ 70,2019/12/20,2019/12/21,0,"8,9",60
Jardín Botánico Hotel Boutique,93369,NA,Valencia,1,1,€ 70,2019/12/20,2019/12/21,3,"8,9",60
Hi Valencia Cánovas,4312120,Apartamentos,Valencia,1,1,€ 71,2019/12/20,2019/12/21,0,"8,8",60
Casa del Patriarca,364834,NA,Valencia,1,1,€ 71,2019/12/20,2019/12/21,0,"8,9",60
Sercotel Sorolla Palace,93646,NA,Valencia,1,1,€ 71,2019/12/20,2019/12/21,4,"8,6",60
UNIK. Apartments Valencia,2241282,Apartamentos,Valencia,1,1,€ 71,2019/12/20,2019/12/21,0,"8,5",60
APARTAMENTO CENTRICO. WI-FI. PARKING,2967593,Apartamento,Valencia,1,1,NA,2019/12/20,2019/12/21,0,"9,1",60
One Shot Colón 46,1394168,NA,Valencia,1,1,€ 72,2019/12/20,2019/12/21,3,"8,7",60
Zenit Valencia,92327,NA,Valencia,1,1,€ 74,2019/12/20,2019/12/21,4,"8,8",60
Casual Vintage Valencia,1710241,NA,Valencia,1,1,€ 77,2019/12/20,2019/12/21,2,"8,6",60
Barceló Valencia,91988,NA,Valencia,1,1,€ 77,2019/12/20,2019/12/21,4,"8,7",60
Hotel Mediterraneo Valencia,92412,NA,Valencia,1,1,€ 78,2019/12/20,2019/12/21,3,"8,8",60
Luz de Valencia,2076095,Apartamentos,Valencia,1,1,€ 79,2019/12/20,2019/12/21,0,"8,8",60
La casita de Palomar,2132386,Apartamentos,Valencia,1,1,NA,2019/12/20,2019/12/21,0,"9,3",60
AC Hotel Valencia,91063,NA,Valencia,1,1,€ 79,2019/12/20,2019/12/21,4,"8,5",60
Catalonia Excelsior,90578,NA,Valencia,1,1,€ 80,2019/12/20,2019/12/21,3,"8,7",60
SAN RAMÓN,2238556,Apartamento,Valencia,1,1,€ 80,2019/12/20,2019/12/21,0,"8,5",60
Piso luminoso cerca de la playa,3583906,Apartamento,Valencia,1,1,€ 80,2019/12/20,2019/12/21,0,"8,5",60
Hotel San Lorenzo Boutique,1307718,NA,Valencia,1,1,€ 81,2019/12/20,2019/12/21,3,"8,6",60
Kirei Apartment En Llop,1765516,Apartamentos,Valencia,1,1,€ 150,2019/12/20,2019/12/21,0,7,60
Best Valencia Beach Flat,3246772,Apartamento,Valencia,1,1,€ 196,2019/12/20,2019/12/21,0,"7,1",60
Habitación doble,3599930,NA,Valencia,1,1,NA,2019/12/20,2019/12/21,0,"8,9",60
HOSTAL BED OF THE SEA,3974636,NA,Valencia,1,1,€ 200,2019/12/20,2019/12/21,0,"7,1",60
MD Puerto Rico Apartment Ruzafa,3737151,Apartamento,Valencia,1,1,€ 289,2019/12/20,2019/12/21,0,"7,4",60
Ruzafa Rooms,2891693,NA,Valencia,1,1,€ 36,2019/12/20,2019/12/21,0,"6,9",60
Habitaciones con Encanto,5629632,NA,Valencia,1,1,€ 50,2019/12/20,2019/12/21,0,"6,9",60
Guest House Lebon,3124256,NA,Valencia,1,1,€ 60,2019/12/20,2019/12/21,0,"6,8",60
Habitación en Valencia,5477394,NA,Valencia,1,1,€ 72,2019/12/20,2019/12/21,0,"6,8",60
Down Town,1656378,Apartamentos,Valencia,1,1,NA,2019/12/20,2019/12/21,0,"8,3",60
Brugada home,5259150,NA,Valencia,1,1,€ 75,2019/12/20,2019/12/21,0,"6,6",60
Casita Esmeralda,2040126,Casa o chalet,Valencia,1,1,€ 114,2019/12/20,2019/12/21,0,"6,5",60
Dreams Rental City Hall,337092,Apartamentos,Valencia,1,1,€ 280,2019/12/20,2019/12/21,0,"6,5",60
Fun and Sun Center 2,2944416,NA,Valencia,1,1,€ 32,2019/12/20,2019/12/21,0,"6,1",60
Gon & Diego House,4899561,NA,Valencia,1,1,€ 40,2019/12/20,2019/12/21,0,"5,5",60
Carrer del Bisbe Jaume Pérez,4900140,NA,Valencia,1,1,€ 60,2019/12/20,2019/12/21,0,"5,9",60
Living Valencia -Correos,3062274,Apartamentos,Valencia,1,1,NA,2019/12/20,2019/12/21,0,"8,3",60
Guest House Higinio Noja,2845935,NA,Valencia,1,1,€ 60,2019/12/20,2019/12/21,0,"5,9",60
Kirei Apartment Berlin,4504570,Apartamentos,Valencia,1,1,€ 103,2019/12/20,2019/12/21,0,"5,6",60
Kirei Apartment Denver,4585191,Apartamento,Valencia,1,1,€ 161,2019/12/20,2019/12/21,0,"5,6",60
Kirei Apartment Portland,4276529,Apartamentos,Valencia,1,1,€ 200,2019/12/20,2019/12/21,0,"5,9",60
Oliver,4865093,NA,Valencia,1,1,€ 63,2019/12/20,2019/12/21,0,"5,4",60
Port of Valencia,3805735,Apartamento,Valencia,1,1,€ 120,2019/12/20,2019/12/21,0,"5,1",60
Flats Friends Nave,2861620,Apartamentos,Valencia,1,1,NA,2019/12/20,2019/12/21,0,"8,4",60
Malvarosa,3820590,Apartamento,Valencia,1,1,€ 190,2019/12/20,2019/12/21,0,4,60
Double Room in VALENCIA,5665653,NA,Valencia,1,1,€ 30,2019/12/20,2019/12/21,0,,60
Masatepe Room Valencia,5687127,NA,Valencia,1,1,€ 30,2019/12/20,2019/12/21,0,,60
Helle & ruhige Zimmer nähe Strand,5698199,NA,Valencia,1,1,€ 38,2019/12/20,2019/12/21,0,,60
Habitacion doble en piso compartido,5645604,NA,Valencia,1,1,€ 51,2019/12/20,2019/12/21,0,,60
Hotel Turia,14441,NA,Valencia,1,1,€ 59,2019/12/20,2019/12/21,4,"7,5",60
Ático cerca del mar,4040503,Apartamento,Valencia,1,1,€ 75,2019/12/20,2019/12/21,0,"8,3",60
Apartment Vicent,1674495,Apartamento,Valencia,1,1,€ 75,2019/12/20,2019/12/21,0,"8,3",60
Apartments Catedral,309686,Apartamentos,Valencia,1,1,NA,2019/12/20,2019/12/21,0,"8,8",60
L'Otelet By Sweet,1467935,NA,Valencia,1,1,€ 77,2019/12/20,2019/12/21,0,"8,3",60
Checkin Valencia,93743,NA,Valencia,1,1,€ 62,2019/12/20,2019/12/21,4,"7,8",60
En corts Flat,4471441,Apartamento,Valencia,1,1,NA,2019/12/20,2019/12/21,0,"8,5",60
Alex Apartment,1756374,Apartamento,Valencia,1,1,€ 64,2019/12/20,2019/12/21,0,"7,9",60
Jero Rooms,296743,NA,Valencia,1,1,€ 66,2019/12/20,2019/12/21,0,"7,7",60
NH Valencia Center,90727,NA,Valencia,1,1,€ 78,2019/12/20,2019/12/21,4,"8,3",60
Apartamentos Dormavalencia,4450983,Apartamentos,Valencia,1,1,€ 80,2019/12/20,2019/12/21,0,"8,4",60
Nanit Valencia Hostel,3913497,NA,Valencia,1,1,€ 80,2019/12/20,2019/12/21,0,"8,3",60
Apartamento Ciudad de las Artes y las Ciencias,4353552,Apartamento,Valencia,1,1,€ 80,2019/12/20,2019/12/21,0,"8,3",60
Colors Rooms,675839,NA,Valencia,1,1,€ 50,2019/12/20,2019/12/21,0,"9,5",60
Lindala,5250762,NA,Valencia,1,1,€ 59,2019/12/20,2019/12/21,0,"9,6",60
Cómoda habitación Valencia,4200488,NA,Valencia,1,1,NA,2019/12/20,2019/12/21,0,"9,6",60
Plaza Redonda house.,4399973,NA,Valencia,1,1,€ 70,2019/12/20,2019/12/21,0,"7,5",60
SEA YOU HOTEL PORT VALENCIA,92328,NA,Valencia,1,1,€ 71,2019/12/20,2019/12/21,4,"7,7",60
Apartamentos Navío,5647176,Apartamento,Valencia,1,1,€ 70,2019/12/20,2019/12/21,0,"9,9",60
Piso en Playa de Valencia,5533098,Apartamento,Valencia,1,1,€ 70,2019/12/20,2019/12/21,0,"9,5",60
Ramirez Flats & Bar,4124528,Apartahotel,Valencia,1,1,€ 86,2019/12/20,2019/12/21,0,"9,5",60
LOFT apartamento duplex en Valencia con parking gratis,5519008,Apartamento,Valencia,1,1,€ 90,2019/12/20,2019/12/21,0,"9,9",60
Eurostars Gran Valencia,90484,NA,Valencia,1,1,€ 80,2019/12/20,2019/12/21,4,"8,4",60
Select Home Mercado de Colón,2960845,Apartamentos,Valencia,1,1,NA,2019/12/20,2019/12/21,0,"8,9",60
Valenciaflats Torres de Serrano,17468,Apartamentos,Valencia,1,1,€ 82,2019/12/20,2019/12/21,0,"8,3",60
Holiday Inn Express Ciudad de las Ciencias,96737,NA,Valencia,1,1,€ 82,2019/12/20,2019/12/21,3,"7,9",60
City Suites Apartments,3091106,NA,Valencia,1,1,€ 84,2019/12/20,2019/12/21,0,"8,3",60
Lujoso Apartamento En El Carmen,2814452,Apartamento,Valencia,1,1,€ 88,2019/12/20,2019/12/21,0,"7,6",60
Ilunion Valencia 3,92818,NA,Valencia,1,1,€ 91,2019/12/20,2019/12/21,3,"7,9",60
Valencia city,3673068,Apartamentos,Valencia,1,1,NA,2019/12/20,2019/12/21,0,"8,7",60
Apartamento Angel Alcazar 35,2174625,Apartamento,Valencia,1,1,€ 100,2019/12/20,2019/12/21,0,"7,5",60
Apartamento Alguer,4005334,Apartamento,Valencia,1,1,€ 120,2019/12/20,2019/12/21,0,"7,7",60
Atico Ciutat Vella,3446230,Apartamentos,Valencia,1,1,€ 85,2019/12/20,2019/12/21,0,"8,3",60
Dormavalencia Hostel,249585,NA,Valencia,1,1,€ 89,2019/12/20,2019/12/21,1,"8,2",60
Hotel Conqueridor,91047,NA,Valencia,1,1,€ 90,2019/12/20,2019/12/21,4,"8,4",60
B&B Almirante,369695,NA,Valencia,1,1,NA,2019/12/20,2019/12/21,1,"8,8",60
Apartamento Plaza Sainetero,2743838,Apartamento,Valencia,1,1,€ 93,2019/12/20,2019/12/21,0,"8,2",60
Cozy fisherman's house,2241663,Casa o chalet,Valencia,1,1,€ 95,2019/12/20,2019/12/21,0,"8,2",60
Ilunion Valencia 4,754329,NA,Valencia,1,1,€ 97,2019/12/20,2019/12/21,4,"8,1",60
United Colors of Apartments - Catedral,1301545,Apartamentos,Valencia,1,1,€ 98,2019/12/20,2019/12/21,0,"8,2",60
Preciosos Apartamentos en el Carmen,2918345,Apartamentos,Valencia,1,1,€ 99,2019/12/20,2019/12/21,0,"8,1",60
City of Arts & Spa Apartment,4820684,Apartamento,Valencia,1,1,€ 100,2019/12/20,2019/12/21,0,8,60
Flats Friends Soho Suites,1819642,Apartamentos,Valencia,1,1,NA,2019/12/20,2019/12/21,0,"8,6",60
El 16 Ruzafa,865461,Apartamentos,Valencia,1,1,€ 134,2019/12/20,2019/12/21,0,"7,7",60
STYLISH APARTMENT - CITY CENTER,2861517,Apartamento,Valencia,1,1,€ 140,2019/12/20,2019/12/21,0,"7,8",60
Musico Peydro Apartments,3765069,Apartamentos,Valencia,1,1,€ 271,2019/12/20,2019/12/21,0,"7,9",60
MD Art Apartment Ruzafa,2550955,Apartamento,Valencia,1,1,€ 271,2019/12/20,2019/12/21,0,"7,5",60
Living Valencia - Les Arts Apartment,2741683,Apartamento,Valencia,1,1,NA,2019/12/20,2019/12/21,0,"8,8",60
MD Benlliure Beach.,1957258,Apartamento,Valencia,1,1,€ 271,2019/12/20,2019/12/21,0,"7,8",60
"Piso ""Como en tu casa""",2689136,Apartamento,Valencia,1,1,€ 110,2019/12/20,2019/12/21,0,"9,2",60
Biopark View Apartment,2381901,Apartamento,Valencia,1,1,€ 110,2019/12/20,2019/12/21,0,9,60
So de Mar,2204496,Apartamento,Valencia,1,1,NA,2019/12/20,2019/12/21,0,"9,6",60
Mon Suites San Nicolas,4117225,Apartamentos,Valencia,1,1,€ 110,2019/12/20,2019/12/21,0,"9,2",60
Olvida tu Reloj Montichelvo Apartment,3258095,Apartamento,Valencia,1,1,€ 111,2019/12/20,2019/12/21,0,"9,4",60
Olvida tu Reloj Congresos Apartment,2448036,Apartamento,Valencia,1,1,€ 111,2019/12/20,2019/12/21,0,"9,2",60
Hotel Cosmo,4838858,NA,Valencia,1,1,€ 94,2019/12/20,2019/12/21,3,"9,9",60
Calle de Frederica Montseny 'Política' Casa o chalet,5152866,Casa o chalet,Valencia,1,1,€ 95,2019/12/20,2019/12/21,0,"9,6",60
Apartments Downtown Valencia,2250421,Apartamentos,Valencia,1,1,NA,2019/12/20,2019/12/21,0,"9,6",60
Casa La Buhardilla,2985364,Apartamento,Valencia,1,1,€ 97,2019/12/20,2019/12/21,0,"9,6",60
Precioso piso junto al antiguo barrio de Campanar,3297078,Apartamento,Valencia,1,1,€ 100,2019/12/20,2019/12/21,0,"9,5",60
Ciudad Ciencias- Lujo- Parking- Wi-Fi.,4999636,Apartamento,Valencia,1,1,€ 110,2019/12/20,2019/12/21,0,"9,8",60
Apartamentos Artesa 22 Valencia,5546723,Apartamento,Valencia,1,1,€ 112,2019/12/20,2019/12/21,0,9,60
Apartamentos La más Bonita,2816245,Apartamentos,Valencia,1,1,€ 113,2019/12/20,2019/12/21,0,9,60
Vincci Mercat,1279484,NA,Valencia,1,1,€ 114,2019/12/20,2019/12/21,4,9,60
Apartment Plaza Cisneros,1273377,Apartamentos,Valencia,1,1,NA,2019/12/20,2019/12/21,0,"9,7",60
MD Modern Hotel - Jardines,305447,NA,Valencia,1,1,€ 105,2019/12/20,2019/12/21,1,"8,3",60
Apartment Valencia,348555,Apartamentos,Valencia,1,1,€ 114,2019/12/20,2019/12/21,0,8,60
Loft by the Beach,4441671,Apartamento,Valencia,1,1,€ 115,2019/12/20,2019/12/21,0,"8,3",60
APARTAMENTO LAS MELLIZAS,4651578,NA,Valencia,1,1,€ 58,2019/12/20,2019/12/21,0,"8,3",60
Apartamento Privado Próximo a Playa y Ciencias,3783163,Apartamento,Valencia,1,1,€ 120,2019/12/20,2019/12/21,0,"8,3",60
MD Pelayo with terrace,1979067,Apartamento,Valencia,1,1,€ 271,2019/12/20,2019/12/21,0,"7,8",60
MD Abastos Center,2551194,Apartamento,Valencia,1,1,€ 289,2019/12/20,2019/12/21,0,"7,6",60
Peset Silence,3698967,Apartamento,Valencia,1,1,€ 300,2019/12/20,2019/12/21,0,"7,5",60
MD Oliag I Apartment Ruzafa,2867488,Apartamento,Valencia,1,1,€ 317,2019/12/20,2019/12/21,0,"7,7",60
Apartment Plaza de la Merced,3457190,Apartamento,Valencia,1,1,€ 470,2019/12/20,2019/12/21,0,"7,9",60
NH Collection Colón Valencia,3828811,NA,Valencia,1,1,€ 117,2019/12/20,2019/12/21,4,"9,2",60
Mon Suites San Martin,2777545,Apartamentos,Valencia,1,1,€ 120,2019/12/20,2019/12/21,0,"9,4",60
Valencia-Ruzafa Studio,3235983,Apartamento,Valencia,1,1,€ 120,2019/12/20,2019/12/21,0,"9,1",60
15 Avinguda Mare Nostrum,4518973,Apartamento,Valencia,1,1,€ 120,2019/12/20,2019/12/21,0,"9,4",60
Valencian Dreams Lonja,4757385,Apartamento,Valencia,1,1,€ 128,2019/12/20,2019/12/21,0,"9,8",60
Apartment Sofi,2830696,Apartamento,Valencia,1,1,€ 155,2019/12/20,2019/12/21,0,"9,8",60
MARQUÉS HOUSE 4* SUP,2118880,NA,Valencia,1,1,€ 199,2019/12/20,2019/12/21,4,"9,4",60
Casa Vich,4457634,Apartamento,Valencia,1,1,NA,2019/12/20,2019/12/21,0,"9,5",60
Casa Calle Conquista,4691493,Apartamento,Valencia,1,1,€ 240,2019/12/20,2019/12/21,0,"9,6",60
Calle D Juan de Austria 4,4036814,Apartamento,Valencia,1,1,NA,2019/12/20,2019/12/21,0,"8,5",60
Habitación Despuig,4901343,NA,Valencia,1,1,€ 26,2019/12/20,2019/12/21,0,"7,3",60
Hostal Waksman,281139,NA,Valencia,1,1,€ 32,2019/12/20,2019/12/21,1,"7,3",60
La Flamenca,818359,NA,Valencia,1,1,€ 40,2019/12/20,2019/12/21,0,"7,2",60
AC Hotel Colon Valencia,1117150,NA,Valencia,1,1,€ 111,2019/12/20,2019/12/21,4,"8,7",60
El Palacete Gran Via,3483148,NA,Valencia,1,1,€ 115,2019/12/20,2019/12/21,0,"8,8",60
Hotel Boutique Balandret,1281710,NA,Valencia,1,1,€ 124,2019/12/20,2019/12/21,3,"9,2",60
MD Design Hotel - Portal del Real,2391685,NA,Valencia,1,1,€ 126,2019/12/20,2019/12/21,2,"9,1",60
Apartamento Alameda,1698817,Apartamento,Valencia,1,1,NA,2019/12/20,2019/12/21,0,"9,5",60
Live in Chianti Apartaments,2882632,Apartamentos,Valencia,1,1,€ 128,2019/12/20,2019/12/21,0,"9,1",60
MD PASEO RUZAFA CENTER,5374850,Apartamento,Valencia,1,1,€ 1.030,2019/12/20,2019/12/21,0,"9,6",60
Cantagua Hostel,4074640,NA,Valencia,1,1,€ 42,2019/12/20,2019/12/21,0,"9,1",60
YOU & CO. Saler Beach Boutique,4533007,NA,Valencia,1,1,€ 42,2019/12/20,2019/12/21,3,9,60
Hostal Residencial RR,450746,NA,Valencia,1,1,€ 40,2019/12/20,2019/12/21,0,7,60
HOSPEDAJE PESET,4718074,NA,Valencia,1,1,€ 40,2019/12/20,2019/12/21,0,"7,4",60
Casa Cosy,375456,Apartamentos,Valencia,1,1,NA,2019/12/20,2019/12/21,0,"9,4",60
Petit Palace Plaza de la Reina,90443,NA,Valencia,1,1,€ 116,2019/12/20,2019/12/21,3,"8,7",60
Ilunion Aqua 4,92777,NA,Valencia,1,1,€ 117,2019/12/20,2019/12/21,4,"8,6",60
Vincci Palace,94163,NA,Valencia,1,1,€ 123,2019/12/20,2019/12/21,4,"8,6",60
Precioso Apartamento En Pleno Centro Con Wifi,3023494,Apartamento,Valencia,1,1,€ 130,2019/12/20,2019/12/21,0,"8,8",60
Hospes Palau de La Mar,93823,NA,Valencia,1,1,€ 140,2019/12/20,2019/12/21,5,"8,8",60
Brisa Mare Nostrum,2855311,Apartamento,Valencia,1,1,€ 130,2019/12/20,2019/12/21,0,"9,2",60
Las Arenas Balneario Resort,91144,NA,Valencia,1,1,€ 135,2019/12/20,2019/12/21,5,9,60
Mon Suites Catedral,485679,Apartamentos,Valencia,1,1,€ 143,2019/12/20,2019/12/21,0,"9,2",60
Sweet Caroline Apartment,1811784,Apartamento,Valencia,1,1,€ 150,2019/12/20,2019/12/21,0,"9,2",60
B BEACH VALENCIA,5125954,Apartamento,Valencia,1,1,€ 150,2019/12/20,2019/12/21,0,"9,1",60
Florista's Room en Valencia,5502152,NA,Valencia,1,1,€ 56,2019/12/20,2019/12/21,0,"9,2",60
Habitación privada a 1500 metros de la playa,3789910,NA,Valencia,1,1,€ 60,2019/12/20,2019/12/21,0,"9,3",60
Atico Loft Ruzafa,3152977,Apartamento,Valencia,1,1,NA,2019/12/20,2019/12/21,0,"9,6",60
Hostal Venecia,92883,NA,Valencia,1,1,€ 60,2019/12/20,2019/12/21,2,"9,1",60
Apartamento Gran Vía Marqués del Turia,2358973,Apartamento,Valencia,1,1,€ 144,2019/12/20,2019/12/21,0,"8,5",60
better Oh!,4843954,Apartamentos,Valencia,1,1,NA,2019/12/20,2019/12/21,0,"9,2",60
Apartamento LUXURY CENTRO HISTORICO,3664772,Apartamento,Valencia,1,1,€ 149,2019/12/20,2019/12/21,0,"8,5",60
Vincci Lys,91183,NA,Valencia,1,1,€ 158,2019/12/20,2019/12/21,4,"8,9",60
Cathedral Suites Hotel,1736257,Apartahotel,Valencia,1,1,€ 159,2019/12/20,2019/12/21,4,"8,9",60
Rooms Ciencias,94126,NA,Valencia,1,1,€ 62,2019/12/20,2019/12/21,0,9,60
El Cid,2740801,Apartamento,Valencia,1,1,€ 65,2019/12/20,2019/12/21,0,9,60
Bianca,4232781,Apartamentos,Valencia,1,1,€ 69,2019/12/20,2019/12/21,0,"8,9",60
L'Esplai Valencia Bed & Breakfast,1282556,NA,Valencia,1,1,NA,2019/12/20,2019/12/21,0,"9,5",60
Edificio Pentagono,4673669,Apartamento,Valencia,1,1,€ 155,2019/12/20,2019/12/21,0,9,60
Mediterranean Flats Plaza Redonda,4086496,Apartamentos,Valencia,1,1,€ 175,2019/12/20,2019/12/21,0,"9,2",60
Apartamento Playa Wifi Gratis,3495634,Apartamento,Valencia,1,1,€ 190,2019/12/20,2019/12/21,0,"9,3",60
Arena's Apartament,2156905,Apartamento,Valencia,1,1,€ 200,2019/12/20,2019/12/21,0,"9,1",60
ValentiaApartments - MercadoCentral,4185241,Apartamentos,Valencia,1,1,€ 163,2019/12/20,2019/12/21,0,"8,8",60
The Westin Valencia,93321,NA,Valencia,1,1,€ 173,2019/12/20,2019/12/21,5,"8,7",60
Apartamento Casa con Angel,1079935,Apartamento,Valencia,1,1,€ 173,2019/12/20,2019/12/21,0,"8,8",60
Center City Flats,861452,Apartamentos,Valencia,1,1,NA,2019/12/20,2019/12/21,0,"9,1",60
Exclusive Beach Apartment,4641691,Apartamento,Valencia,1,1,€ 205,2019/12/20,2019/12/21,0,"8,9",60
Jardines del Turia - Espacioso apartamento,2734126,Apartamento,Valencia,1,1,€ 200,2019/12/20,2019/12/21,0,"9,1",60
Live in Chianti,2227491,NA,Valencia,1,1,€ 75,2019/12/20,2019/12/21,0,"9,1",60
Flatsforyou Mercat,1367507,Apartamentos,Valencia,1,1,€ 280,2019/12/20,2019/12/21,3,"8,9",60
Plaza Conde del RealHostel · SUPER NICE HOUSE GROUPS 12 PAX.. CENTER HISTORIC,4805177,Apartamento,Valencia,1,1,€ 295,2019/12/20,2019/12/21,0,"8,5",60
Habitación en valencia centro,5418023,NA,Valencia,1,1,€ 30,2019/12/20,2019/12/21,0,"8,3",60
Habitacion en Valencia Barata,4861796,NA,Valencia,1,1,€ 40,2019/12/20,2019/12/21,0,"8,2",60
Hotel Villacarlos,90730,NA,Valencia,1,1,€ 41,2019/12/20,2019/12/21,3,8,60
Cozy apartment in Valencia center,3402135,Apartamentos,Valencia,1,1,NA,2019/12/20,2019/12/21,0,"9,2",60
Red Nest Hostel,92283,NA,Valencia,1,1,€ 43,2019/12/20,2019/12/21,0,"8,2",60
Purple Nest Hostel,25278,NA,Valencia,1,1,€ 44,2019/12/20,2019/12/21,0,"8,2",60
Habitacion en Valencia,4861732,NA,Valencia,1,1,€ 45,2019/12/20,2019/12/21,0,"8,3",60
Pension MonaLisa Luxury Suites,3834224,NA,Valencia,1,1,€ 48,2019/12/20,2019/12/21,0,"8,2",60
B&B Hi Valencia Canovas,305349,NA,Valencia,1,1,€ 48,2019/12/20,2019/12/21,0,"8,4",60
