name,propertyId,propertyType,city,rooms,days,price,checkIn,checkOut,stars,score,advance
Friendly Rentals Nyman,3245521,Apartamento,Valencia,1,1,€ 120,2019/10/22,2019/10/23,0,"8,9",7
Apartamento Sofia,2552406,Apartamento,Valencia,1,1,€ 120,2019/10/22,2019/10/23,0,"8,6",7
Hexagonal Design Apartment Valencia,4630643,Apartamento,Valencia,1,1,NA,2019/10/22,2019/10/23,0,"9,6",7
Quart Youth Hostel,476418,NA,Valencia,1,1,€ 120,2019/10/22,2019/10/23,0,"8,6",7
FREE WI-FI. Apartamentos 90 м2 - Assutzena 5,4828764,Apartamento,Valencia,1,1,€ 121,2019/10/22,2019/10/23,0,"8,6",7
Isabel,4442066,Apartamento,Valencia,1,1,€ 122,2019/10/22,2019/10/23,0,"8,6",7
Friendly Rentals Verdi 2,2523881,Apartamento,Valencia,1,1,€ 125,2019/10/22,2019/10/23,0,"8,8",7
Vincci Lys,91183,NA,Valencia,1,1,€ 127,2019/10/22,2019/10/23,4,"8,9",7
Apartamentos Valencia - Peset Aleixandre 135- FREE WI-FI,4262488,Apartamentos,Valencia,1,1,€ 128,2019/10/22,2019/10/23,0,"8,8",7
Constitución,4229663,Apartamento,Valencia,1,1,NA,2019/10/22,2019/10/23,0,"9,5",7
One Shot Palacio Reina Victoria 04,90885,NA,Valencia,1,1,€ 129,2019/10/22,2019/10/23,4,"8,6",7
AC Hotel Colon Valencia,1117150,NA,Valencia,1,1,€ 129,2019/10/22,2019/10/23,4,"8,7",7
Lotelito,570027,NA,Valencia,1,1,€ 130,2019/10/22,2019/10/23,0,"8,9",7
Catalonia Excelsior,90578,NA,Valencia,1,1,€ 130,2019/10/22,2019/10/23,3,"8,7",7
SH Ingles Boutique Hotel,92956,NA,Valencia,1,1,€ 133,2019/10/22,2019/10/23,4,"8,5",7
In the heart of Soho- Ruzafa,4578496,Apartamento,Valencia,1,1,€ 139,2019/10/22,2019/10/23,0,"8,8",7
Cómoda habitación Valencia,4200488,NA,Valencia,1,1,NA,2019/10/22,2019/10/23,0,"9,6",7
Citizentral Gascons,332095,Apartamentos,Valencia,1,1,€ 139,2019/10/22,2019/10/23,0,"8,7",7
Petit Palace Plaza de la Reina,90443,NA,Valencia,1,1,€ 143,2019/10/22,2019/10/23,3,"8,7",7
Hotel Neptuno,91206,NA,Valencia,1,1,€ 144,2019/10/22,2019/10/23,4,"8,5",7
Barceló Valencia,91988,NA,Valencia,1,1,€ 145,2019/10/22,2019/10/23,4,"8,7",7
Petit Palace Ruzafa,90792,NA,Valencia,1,1,€ 149,2019/10/22,2019/10/23,3,"8,7",7
Vincci Palace,94163,NA,Valencia,1,1,€ 154,2019/10/22,2019/10/23,4,"8,6",7
JL Ciudad de las Artes,3074378,Apartamento,Valencia,1,1,NA,2019/10/22,2019/10/23,0,"9,6",7
Hotel Valencia Oceanic Managed by Melia Hotels International,91522,NA,Valencia,1,1,€ 157,2019/10/22,2019/10/23,4,"8,6",7
Cathedral Suites Hotel,1736257,Apartahotel,Valencia,1,1,€ 159,2019/10/22,2019/10/23,4,"8,9",7
MIhotelitoespecial,3573906,Apartamento,Valencia,1,1,€ 160,2019/10/22,2019/10/23,0,"8,6",7
Hospes Palau de La Mar,93823,NA,Valencia,1,1,€ 176,2019/10/22,2019/10/23,5,"8,8",7
SH Valencia Palace,91497,NA,Valencia,1,1,€ 195,2019/10/22,2019/10/23,5,"8,5",7
ABCyou Bed&Breakfast,189207,NA,Valencia,1,1,€ 69,2019/10/22,2019/10/23,0,"8,5",7
Hotel El Siglo,1741479,NA,Valencia,1,1,€ 70,2019/10/22,2019/10/23,3,"8,5",7
Stay at Valencia Downtown,1840715,Apartamento,Valencia,1,1,NA,2019/10/22,2019/10/23,0,"9,5",7
Carrer de l'Escriptor Rafael Ferreres,4267645,Apartamento,Valencia,1,1,€ 70,2019/10/22,2019/10/23,0,"8,6",7
Perla Apartments,3146781,Apartamentos,Valencia,1,1,€ 72,2019/10/22,2019/10/23,0,"8,7",7
Hotel San Lorenzo Boutique,1307718,NA,Valencia,1,1,€ 72,2019/10/22,2019/10/23,3,"8,6",7
Hi Valencia Cánovas,4312120,Apartamentos,Valencia,1,1,€ 72,2019/10/22,2019/10/23,0,"8,9",7
Buho House,3777691,Apartahotel,Valencia,1,1,€ 74,2019/10/22,2019/10/23,0,"8,5",7
Ilunion Aqua 4,92777,NA,Valencia,1,1,€ 74,2019/10/22,2019/10/23,4,"8,5",7
Apartment Cabanyal,3172456,Apartamento,Valencia,1,1,NA,2019/10/22,2019/10/23,0,"9,7",7
Valencia Apartamentos DEL MAR,5421626,Apartamento,Valencia,1,1,€ 116,2019/10/22,2019/10/23,0,10,7
Apartamentos Navío,5647176,Apartamento,Valencia,1,1,€ 60,2019/10/22,2019/10/23,0,"9,8",7
Valencia Apartamentos Goya,4256653,Apartamentos,Valencia,1,1,NA,2019/10/22,2019/10/23,0,10,7
Hi Valencia Apartments - Jorge Juan,2373701,Apartamento,Valencia,1,1,€ 115,2019/10/22,2019/10/23,0,"9,4",7
Mon Suites San Nicolas,4117225,Apartamentos,Valencia,1,1,€ 115,2019/10/22,2019/10/23,0,"9,2",7
Luxury Beach Apartment with Pool,3841868,Apartamento,Valencia,1,1,NA,2019/10/22,2019/10/23,0,"9,7",7
Valenciaflats Ciudad de las Ciencias,93676,Apartamentos,Valencia,1,1,€ 115,2019/10/22,2019/10/23,0,"9,1",7
Welcome Apartamentos Pintor Stolz 31 Valencia,5019066,Apartamento,Valencia,1,1,€ 119,2019/10/22,2019/10/23,0,"9,3",7
Center City Flats,861452,Apartamentos,Valencia,1,1,€ 120,2019/10/22,2019/10/23,0,"9,1",7
Ruzafa Guesthouse,2269176,NA,Valencia,1,1,€ 35,2019/10/22,2019/10/23,0,"5,5",7
Gon & Diego House,4899561,NA,Valencia,1,1,€ 40,2019/10/22,2019/10/23,0,"5,4",7
APARTAMENTO CENTRICO. WI-FI. PARKING,2967593,Apartamento,Valencia,1,1,NA,2019/10/22,2019/10/23,0,"9,1",7
Turia Guesthouse - B&B,2884427,Apartamento,Valencia,1,1,€ 265,2019/10/22,2019/10/23,0,"8,2",7
Musico Peydro Apartments,3765069,Apartamentos,Valencia,1,1,€ 313,2019/10/22,2019/10/23,0,8,7
Home Sweet Home,1223953,NA,Valencia,1,1,€ 50,2019/10/22,2019/10/23,0,"5,5",7
15 Avinguda Mare Nostrum,4518973,Apartamento,Valencia,1,1,€ 120,2019/10/22,2019/10/23,0,"9,4",7
Sorolla Centro,90896,NA,Valencia,1,1,€ 121,2019/10/22,2019/10/23,3,"9,1",7
HQ Rooms Apartments San Vicente,2894429,Apartamentos,Valencia,1,1,€ 122,2019/10/22,2019/10/23,0,"9,2",7
Apartment Cabanyal,3172456,Apartamento,Valencia,1,1,NA,2019/10/22,2019/10/23,0,"9,7",7
City Center Atico 360,3025679,Apartamento,Valencia,1,1,NA,2019/10/22,2019/10/23,0,"9,4",7
MD Sueca. Apartment with Terrace Ruzafa,2551179,Apartamento,Valencia,1,1,€ 400,2019/10/22,2019/10/23,0,"8,2",7
Carrer del Bisbe Jaume Pérez,4900140,NA,Valencia,1,1,€ 60,2019/10/22,2019/10/23,0,"5,9",7
Kirei Apartment Portland,4276529,Apartamentos,Valencia,1,1,€ 131,2019/10/22,2019/10/23,0,"5,9",7
Guest House Torres de Quart,2275006,NA,Valencia,1,1,€ 30,2019/10/22,2019/10/23,0,"5,3",7
Guest House Ruzafa,2324552,NA,Valencia,1,1,€ 33,2019/10/22,2019/10/23,0,"5,1",7
Lindala,5250762,NA,Valencia,1,1,€ 64,2019/10/22,2019/10/23,0,"9,7",7
United Colors of Apartments Boutique Style,5372347,Apartamentos,Valencia,1,1,€ 69,2019/10/22,2019/10/23,0,"9,5",7
Piso en Playa de Valencia,5533098,Apartamento,Valencia,1,1,€ 70,2019/10/22,2019/10/23,0,"9,5",7
LOFT apartamento duplex en Valencia con parking gratis,5519008,Apartamento,Valencia,1,1,€ 75,2019/10/22,2019/10/23,0,"9,9",7
Apartamentos Wallace,1698355,Apartamentos,Valencia,1,1,€ 125,2019/10/22,2019/10/23,0,"9,2",7
Hogar Vera Apartments&Bikes,1807919,Apartamentos,Valencia,1,1,€ 129,2019/10/22,2019/10/23,0,"9,4",7
One Shot Mercat 09,2274203,NA,Valencia,1,1,€ 129,2019/10/22,2019/10/23,4,"9,1",7
Friendly Rentals Torrealba,1634243,Apartamento,Valencia,1,1,€ 130,2019/10/22,2019/10/23,0,"9,4",7
Opera House Valencia B&B,3533887,NA,Valencia,1,1,€ 88,2019/10/22,2019/10/23,0,"9,5",7
Bubuflats Bubu 3,1014334,Apartamento,Valencia,1,1,€ 95,2019/10/22,2019/10/23,0,"9,6",7
Cómoda habitación Valencia,4200488,NA,Valencia,1,1,NA,2019/10/22,2019/10/23,0,"9,6",7
Centro en Valencia,2885222,Apartamento,Valencia,1,1,€ 95,2019/10/22,2019/10/23,0,"9,5",7
RoomTuristValencia Estacion del Norte,4682632,NA,Valencia,1,1,€ 35,2019/10/22,2019/10/23,0,"5,1",7
La casita de Palomar,2132386,Apartamentos,Valencia,1,1,NA,2019/10/22,2019/10/23,0,"9,3",7
Oliver,4865093,NA,Valencia,1,1,€ 63,2019/10/22,2019/10/23,0,"5,4",7
RoomTuristValencia Torres de Quart,4565643,NA,Valencia,1,1,€ 28,2019/10/22,2019/10/23,0,"4,6",7
Casa La Buhardilla,2985364,Apartamento,Valencia,1,1,€ 97,2019/10/22,2019/10/23,0,"9,6",7
Disfruta - Enjoy Valencia Ayuntamiento,4901194,Apartamento,Valencia,1,1,€ 105,2019/10/22,2019/10/23,0,"9,6",7
Ramirez Flats & Bar,4124528,Apartahotel,Valencia,1,1,€ 115,2019/10/22,2019/10/23,0,"9,5",7
Apartments Torres de Serranos Valencia,1099602,Apartamentos,Valencia,1,1,€ 125,2019/10/22,2019/10/23,0,"9,6",7
Balandra Flat,2032624,Apartamento,Valencia,1,1,€ 79,2019/10/22,2019/10/23,0,"8,6",7
Center Venezuela Apartments,4459021,Apartamentos,Valencia,1,1,€ 80,2019/10/22,2019/10/23,0,"8,5",7
SKY TOURISTIC ATTIC,281640,Apartamentos,Valencia,1,1,€ 81,2019/10/22,2019/10/23,0,"8,5",7
Guest House Samuel Ros,4161855,NA,Valencia,1,1,€ 25,2019/10/22,2019/10/23,0,"7,2",7
Habitación Despuig,4901343,NA,Valencia,1,1,€ 28,2019/10/22,2019/10/23,0,"7,3",7
Live in Chianti Apartaments,2882632,Apartamentos,Valencia,1,1,€ 132,2019/10/22,2019/10/23,0,9,7
Pintor Salvador Abril 24 Apartment,3249845,Apartamento,Valencia,1,1,€ 134,2019/10/22,2019/10/23,0,9,7
La Casa Verde - Ruzafa,2029143,Apartamento,Valencia,1,1,NA,2019/10/22,2019/10/23,0,"9,7",7
Duplex+Swimming pool+private entrance=Housen of LOVE,2999152,Apartamento,Valencia,1,1,€ 125,2019/10/22,2019/10/23,0,"9,6",7
Apartments Downtown Valencia,2250421,Apartamentos,Valencia,1,1,NA,2019/10/22,2019/10/23,0,"9,6",7
Disfruta - Enjoy Valencia Ruzafa,3890328,Apartamento,Valencia,1,1,€ 145,2019/10/22,2019/10/23,0,"9,7",7
Disfruta - Enjoy Valencia Centre,3881970,Apartamento,Valencia,1,1,€ 169,2019/10/22,2019/10/23,0,"9,8",7
Guesthouse Plaza de Toros,2985902,NA,Valencia,1,1,€ 33,2019/10/22,2019/10/23,0,"4,8",7
RoomTuristValencia RuzafaSumsi,4682802,NA,Valencia,1,1,€ 35,2019/10/22,2019/10/23,0,"4,5",7
Guest House Duc de Gaeta,2275007,NA,Valencia,1,1,€ 103,2019/10/22,2019/10/23,0,"4,9",7
Constitucion Guesthouse,2985942,NA,Valencia,1,1,€ 30,2019/10/22,2019/10/23,0,"3,7",7
MARQUÉS HOUSE 4* SUP,2118880,NA,Valencia,1,1,€ 199,2019/10/22,2019/10/23,4,"9,5",7
MD PASEO RUZAFA CENTER,5374850,Apartamento,Valencia,1,1,€ 1.030,2019/10/22,2019/10/23,0,"9,6",7
Cantagua Hostel,4074640,NA,Valencia,1,1,€ 40,2019/10/22,2019/10/23,0,"9,1",7
Florista's Room en Valencia,5502152,NA,Valencia,1,1,€ 50,2019/10/22,2019/10/23,0,"9,2",7
Edificio Pentagono,4673669,Apartamento,Valencia,1,1,€ 135,2019/10/22,2019/10/23,0,9,7
Vincci Mercat,1279484,NA,Valencia,1,1,€ 143,2019/10/22,2019/10/23,4,9,7
Valenciaflats Centro Ciudad,18544,Apartamentos,Valencia,1,1,€ 145,2019/10/22,2019/10/23,0,"9,2",7
Citizentral Juristas,1113127,Apartamentos,Valencia,1,1,€ 146,2019/10/22,2019/10/23,0,"9,2",7
Hexagonal Design Apartment Valencia,4630643,Apartamento,Valencia,1,1,NA,2019/10/22,2019/10/23,0,"9,6",7
Kasa Katia Eco Guest House,636256,NA,Valencia,1,1,€ 54,2019/10/22,2019/10/23,0,"9,3",7
YOU & CO. Saler Beach Boutique,4533007,NA,Valencia,1,1,€ 55,2019/10/22,2019/10/23,3,9,7
Suites by Eric Olsan (Florista),4726450,Apartamentos,Valencia,1,1,€ 82,2019/10/22,2019/10/23,0,"8,6",7
Flatsforyou Sorolla House,403442,Apartamentos,Valencia,1,1,€ 82,2019/10/22,2019/10/23,0,"8,6",7
Hotel Malcom and Barret,483261,NA,Valencia,1,1,€ 82,2019/10/22,2019/10/23,3,"8,7",7
Preciosa Casita Cerca Del Mar,4057271,Apartamento,Valencia,1,1,NA,2019/10/22,2019/10/23,0,"9,7",7
Habitación privada a 1500 metros de la playa,3789910,NA,Valencia,1,1,€ 60,2019/10/22,2019/10/23,0,"9,3",7
Blanq Comedias,4922002,NA,Valencia,1,1,€ 63,2019/10/22,2019/10/23,0,9,7
Hostal Venecia,92883,NA,Valencia,1,1,€ 64,2019/10/22,2019/10/23,2,"9,1",7
València Centre Túria,2185255,Apartamento,Valencia,1,1,€ 85,2019/10/22,2019/10/23,0,"8,8",7
Ad Hoc Carmen,1173270,NA,Valencia,1,1,€ 85,2019/10/22,2019/10/23,2,"8,9",7
Casa de Maria,2467712,Apartamento,Valencia,1,1,€ 85,2019/10/22,2019/10/23,0,"8,6",7
Flats Hondures,2194645,Apartamento,Valencia,1,1,€ 89,2019/10/22,2019/10/23,0,"8,7",7
B BEACH VALENCIA,5125954,Apartamento,Valencia,1,1,€ 150,2019/10/22,2019/10/23,0,"9,1",7
ARENAS 2 APARTAMENT,2808815,Apartamento,Valencia,1,1,€ 150,2019/10/22,2019/10/23,0,9,7
Apartment Plaza Cisneros,1273377,Apartamentos,Valencia,1,1,NA,2019/10/22,2019/10/23,0,"9,7",7
La casita de Palomar,2132386,Apartamentos,Valencia,1,1,NA,2019/10/22,2019/10/23,0,"9,3",7
Hostal Waksman,281139,NA,Valencia,1,1,€ 35,2019/10/22,2019/10/23,1,"7,3",7
feliz como en casa,3676196,NA,Valencia,1,1,€ 36,2019/10/22,2019/10/23,0,"7,3",7
HOSPEDAJE PESET,4718074,NA,Valencia,1,1,€ 40,2019/10/22,2019/10/23,0,"7,4",7
Habitación Céntrica en Casa de Familia,4289877,NA,Valencia,1,1,€ 23,2019/10/22,2019/10/23,0,"7,8",7
UP Hostel Valencia,1710137,NA,Valencia,1,1,€ 24,2019/10/22,2019/10/23,0,"7,7",7
Pensión Universal,304276,NA,Valencia,1,1,€ 30,2019/10/22,2019/10/23,0,"7,9",7
Cristina Apartmento Center,3130386,Apartamento,Valencia,1,1,NA,2019/10/22,2019/10/23,0,"9,3",7
Masatepe Room Valencia,5687127,NA,Valencia,1,1,€ 26,2019/10/22,2019/10/23,0,,7
Double Room in VALENCIA,5665653,NA,Valencia,1,1,€ 26,2019/10/22,2019/10/23,0,,7
Comoda habitacion,5695905,NA,Valencia,1,1,€ 30,2019/10/22,2019/10/23,0,,7
Eurostars Acteón,90495,NA,Valencia,1,1,€ 89,2019/10/22,2019/10/23,4,"8,5",7
Welcomer Apartments Valencia,19363,Apartamentos,Valencia,1,1,€ 90,2019/10/22,2019/10/23,0,"8,7",7
APARTMENTS VALENCIA CENTER,5180014,Apartamentos,Valencia,1,1,NA,2019/10/22,2019/10/23,0,"9,5",7
Helle & ruhige Zimmer nähe Strand,5698199,NA,Valencia,1,1,€ 32,2019/10/22,2019/10/23,0,,7
Habitación muy cerca de la playa.,5395908,NA,Valencia,1,1,€ 40,2019/10/22,2019/10/23,0,,7
Lina,5707990,Apartamentos,Valencia,1,1,€ 40,2019/10/22,2019/10/23,0,,7
Apartamento,3139431,Apartamento,Valencia,1,1,NA,2019/10/22,2019/10/23,0,"9,4",7
Comfort Room(AVEValencia),5696103,NA,Valencia,1,1,€ 45,2019/10/22,2019/10/23,0,,7
Hostal El Cid,309465,NA,Valencia,1,1,€ 30,2019/10/22,2019/10/23,2,"7,6",7
Habitacion Doble Homestay,4037073,NA,Valencia,1,1,€ 32,2019/10/22,2019/10/23,0,"7,9",7
Casa Paula,1857389,Apartamento,Valencia,1,1,NA,2019/10/22,2019/10/23,0,"9,4",7
Habitacion Apartamento soleado Plaza Escultor Frechina,4865043,NA,Valencia,1,1,€ 40,2019/10/22,2019/10/23,0,"7,3",7
La Flamenca,818359,NA,Valencia,1,1,€ 40,2019/10/22,2019/10/23,0,"7,2",7
Hostal Residencial RR,450746,NA,Valencia,1,1,€ 40,2019/10/22,2019/10/23,0,7,7
Duplex en Blasco Ibáñez,3672426,Apartamento,Valencia,1,1,€ 155,2019/10/22,2019/10/23,0,"9,1",7
Apartment Regne De Valencia,1533033,Apartamento,Valencia,1,1,€ 165,2019/10/22,2019/10/23,0,"9,4",7
Hotel Boutique Balandret,1281710,NA,Valencia,1,1,€ 170,2019/10/22,2019/10/23,3,"9,2",7
Melia Valencia,290493,NA,Valencia,1,1,€ 93,2019/10/22,2019/10/23,4,"8,8",7
Valenciaflats Centro Histórico,94781,Apartamentos,Valencia,1,1,€ 95,2019/10/22,2019/10/23,0,"8,7",7
BUBUFLATS / Mercat,783206,Apartamentos,Valencia,1,1,€ 95,2019/10/22,2019/10/23,0,"8,9",7
NH Collection Colón Valencia,3828811,NA,Valencia,1,1,€ 176,2019/10/22,2019/10/23,4,"9,2",7
Zerka Sendra,4657122,Apartamento,Valencia,1,1,€ 179,2019/10/22,2019/10/23,0,9,7
Cómodas Habitaciones cerca de la Playa,5041799,NA,Valencia,1,1,NA,2019/10/22,2019/10/23,0,"9,3",7
Habitación con cama doble,4794909,NA,Valencia,1,1,€ 41,2019/10/22,2019/10/23,0,"7,2",7
B&B El Mercat,2203530,NA,Valencia,1,1,€ 45,2019/10/22,2019/10/23,0,"7,3",7
NWT Central Station Valencia,1647017,NA,Valencia,1,1,€ 49,2019/10/22,2019/10/23,0,"7,1",7
HOSTAL BED OF THE SEA,3974636,NA,Valencia,1,1,€ 50,2019/10/22,2019/10/23,0,"7,1",7
One Shot Colón 46,1394168,NA,Valencia,1,1,€ 95,2019/10/22,2019/10/23,3,"8,7",7
New Trendy apartment,2426154,Apartamento,Valencia,1,1,€ 95,2019/10/22,2019/10/23,0,"8,6",7
Habitaciones Barra89,1076252,NA,Valencia,1,1,€ 32,2019/10/22,2019/10/23,0,"7,8",7
Apart and Benef,2291245,NA,Valencia,1,1,€ 34,2019/10/22,2019/10/23,0,"7,9",7
Hostal Moratin,326015,NA,Valencia,1,1,€ 34,2019/10/22,2019/10/23,1,"7,9",7
Rooms El Picolino,5326859,NA,Valencia,1,1,€ 52,2019/10/22,2019/10/23,0,,7
Hogar Dulce Hogar,5426607,NA,Valencia,1,1,€ 63,2019/10/22,2019/10/23,0,,7
chicrooms,5696677,NA,Valencia,1,1,€ 65,2019/10/22,2019/10/23,0,,7
Valencia- habitacion,5366858,NA,Valencia,1,1,€ 65,2019/10/22,2019/10/23,0,,7
Rio Turia B&B,5531073,NA,Valencia,1,1,€ 38,2019/10/22,2019/10/23,0,"7,6",7
Habitación San Cayetano,4624401,NA,Valencia,1,1,€ 40,2019/10/22,2019/10/23,0,"7,5",7
Centro Valencia Calle Cerrajeros,3476261,NA,Valencia,1,1,€ 50,2019/10/22,2019/10/23,0,"7,1",7
PISO ACOGEDOR,4995780,NA,Valencia,1,1,€ 50,2019/10/22,2019/10/23,0,"7,1",7
Moderno Apartamento en la playa del Cabanyal,3432824,Apartamento,Valencia,1,1,NA,2019/10/22,2019/10/23,0,"9,3",7
Avenida del Cid (Centrico),4737683,Apartamento,Valencia,1,1,€ 51,2019/10/22,2019/10/23,0,"7,2",7
Habitacion PLaza Ayuntamiento,4365340,NA,Valencia,1,1,€ 40,2019/10/22,2019/10/23,0,"7,5",7
Apartamento de Diseño en Ruzafa,4269940,Apartamento,Valencia,1,1,NA,2019/10/22,2019/10/23,0,"9,4",7
Valencia Lounge Hostel,337203,NA,Valencia,1,1,€ 42,2019/10/22,2019/10/23,0,"7,7",7
Voyagers Inn Homestay,2682156,NA,Valencia,1,1,€ 42,2019/10/22,2019/10/23,0,"7,8",7
Hostal la Barraca,350013,NA,Valencia,1,1,€ 55,2019/10/22,2019/10/23,0,"7,1",7
Malvarrosa Beach Rooms,314048,NA,Valencia,1,1,€ 56,2019/10/22,2019/10/23,2,7,7
Apartment Horticultor Bosch,1148669,Apartamento,Valencia,1,1,€ 60,2019/10/22,2019/10/23,0,"7,3",7
Hospederia del Pilar,327766,NA,Valencia,1,1,€ 45,2019/10/22,2019/10/23,0,"7,9",7
OYO Pensión El Rincón,476031,NA,Valencia,1,1,€ 45,2019/10/22,2019/10/23,1,"7,6",7
United Colors of Apartments - Catedral,1301545,Apartamentos,Valencia,1,1,€ 65,2019/10/22,2019/10/23,0,"8,2",7
Urban Youth Hostel,1163025,NA,Valencia,1,1,€ 65,2019/10/22,2019/10/23,0,"8,4",7
Glorieta,4217752,Apartamento,Valencia,1,1,NA,2019/10/22,2019/10/23,0,"9,6",7
Coroa Malvarrosa,1638172,Apartamentos,Valencia,1,1,€ 67,2019/10/22,2019/10/23,0,"8,2",7
Valencia City Host,1177077,NA,Valencia,1,1,€ 46,2019/10/22,2019/10/23,0,"7,8",7
Casual Civilizaciones Valencia,449777,NA,Valencia,1,1,€ 47,2019/10/22,2019/10/23,0,"7,9",7
Apartamento centro frente a Torres de Serrano,3408067,Apartamento,Valencia,1,1,NA,2019/10/22,2019/10/23,0,"9,4",7
Down Town,1656378,Apartamentos,Valencia,1,1,€ 67,2019/10/22,2019/10/23,0,"8,3",7
Residencia Universitaria Damia Bonet,247451,NA,Valencia,1,1,€ 69,2019/10/22,2019/10/23,0,"8,3",7
City Suites Apartments,3091106,NA,Valencia,1,1,€ 70,2019/10/22,2019/10/23,0,"8,4",7
Apartment Vicent,1674495,Apartamento,Valencia,1,1,€ 70,2019/10/22,2019/10/23,0,"8,3",7
Apartamentos Rusafa,5604325,NA,Valencia,1,1,€ 50,2019/10/22,2019/10/23,0,"7,9",7
Apartamentos Adressadors,1743173,Apartamentos,Valencia,1,1,€ 50,2019/10/22,2019/10/23,0,"7,8",7
Apartamentos Abastos,1044426,Apartamentos,Valencia,1,1,€ 50,2019/10/22,2019/10/23,0,"7,5",7
Valencia Apartmans El Carmen,847910,Apartamentos,Valencia,1,1,€ 69,2019/10/22,2019/10/23,0,"7,4",7
Valencia Apartments,4367788,Apartamentos,Valencia,1,1,€ 69,2019/10/22,2019/10/23,0,"7,1",7
Teixidors de Palomar,2639791,Apartamentos,Valencia,1,1,NA,2019/10/22,2019/10/23,0,"9,3",7
Mi casa es vuestra casa,4967097,NA,Valencia,1,1,€ 70,2019/10/22,2019/10/23,0,"7,1",7
Como en casa,4802186,NA,Valencia,1,1,€ 54,2019/10/22,2019/10/23,0,"7,9",7
Ilunion Valencia 3,92818,NA,Valencia,1,1,€ 55,2019/10/22,2019/10/23,3,"7,9",7
Valero Vintage,3315727,NA,Valencia,1,1,€ 70,2019/10/22,2019/10/23,0,8,7
Oceanografic Apartment,4903549,Apartamento,Valencia,1,1,NA,2019/10/22,2019/10/23,0,"9,5",7
Apartamento Cuatro Carreres,2743149,Apartamento,Valencia,1,1,€ 75,2019/10/22,2019/10/23,0,"8,1",7
Reina 12,1684198,NA,Valencia,1,1,€ 75,2019/10/22,2019/10/23,0,"8,3",7
Apartment in Valencia,2339175,Apartamento,Valencia,1,1,€ 75,2019/10/22,2019/10/23,0,"8,1",7
NH Valencia Las Ciencias,90725,NA,Valencia,1,1,€ 76,2019/10/22,2019/10/23,3,8,7
Cosy Rooms Embajador,369728,NA,Valencia,1,1,€ 70,2019/10/22,2019/10/23,2,"7,4",7
NWT Monserrat,3728842,Apartamentos,Valencia,1,1,€ 72,2019/10/22,2019/10/23,0,7,7
Cosy Rooms Bolsería,371606,NA,Valencia,1,1,€ 74,2019/10/22,2019/10/23,2,"7,4",7
Premium Apartments,486507,Apartamentos,Valencia,1,1,€ 74,2019/10/22,2019/10/23,0,7,7
MD Modern Hotel - Jardines,305447,NA,Valencia,1,1,€ 77,2019/10/22,2019/10/23,1,"8,3",7
Senator Parque Central Hotel,274963,NA,Valencia,1,1,€ 77,2019/10/22,2019/10/23,4,"8,1",7
Valencian Dreams,3268804,Apartamento,Valencia,1,1,NA,2019/10/22,2019/10/23,0,"9,8",7
Ilunion Aqua 3,92776,NA,Valencia,1,1,€ 79,2019/10/22,2019/10/23,3,"8,3",7
Hotel Miramar,23332,NA,Valencia,1,1,€ 79,2019/10/22,2019/10/23,2,"8,4",7
SHF Flats Baron,1033085,Apartamentos,Valencia,1,1,€ 80,2019/10/22,2019/10/23,0,8,7
Eurostars Rey Don Jaime,91520,NA,Valencia,1,1,€ 80,2019/10/22,2019/10/23,4,"8,2",7
Valenciaflats Torres de Serrano,17468,Apartamentos,Valencia,1,1,€ 85,2019/10/22,2019/10/23,0,"8,3",7
Hostal Penalty,189209,NA,Valencia,1,1,€ 85,2019/10/22,2019/10/23,1,8,7
la casita,4333253,Apartamento,Valencia,1,1,NA,2019/10/22,2019/10/23,0,"9,8",7
Apartamento Ciudad de las Artes y las Ciencias,4353552,Apartamento,Valencia,1,1,€ 85,2019/10/22,2019/10/23,0,"8,3",7
Apartamento Plaza Sainetero,2743838,Apartamento,Valencia,1,1,€ 86,2019/10/22,2019/10/23,0,"8,2",7
Primus Valencia,331871,NA,Valencia,1,1,€ 87,2019/10/22,2019/10/23,4,"8,3",7
NWT Central Station Apartments,3964093,Apartamento,Valencia,1,1,€ 89,2019/10/22,2019/10/23,0,"8,2",7
Sweet Hotel Renasa,274818,NA,Valencia,1,1,€ 89,2019/10/22,2019/10/23,3,8,7
