name,propertyId,propertyType,city,rooms,days,price,checkIn,checkOut,stars,score,advance
Habitacion doble en piso compartido,5645604,NA,Valencia,1,1,€ 46,2020/01/23,2020/01/24,0,,90
Bright room with trundle bed,5560260,NA,Valencia,1,1,€ 46,2020/01/23,2020/01/24,0,,90
Central private room,5654291,NA,Valencia,1,1,€ 53,2020/01/23,2020/01/24,0,,90
Comoda habitacion,5695905,NA,Valencia,1,1,€ 58,2020/01/23,2020/01/24,0,,90
vosotros sereis parte de mi familia.,5299568,NA,Valencia,1,1,€ 60,2020/01/23,2020/01/24,0,,90
Hogar Dulce Hogar,5426607,NA,Valencia,1,1,€ 60,2020/01/23,2020/01/24,0,,90
Hideout 26,5658117,NA,Valencia,1,1,€ 61,2020/01/23,2020/01/24,0,,90
YOU & CO Quart Boutique,5213598,NA,Valencia,1,1,€ 63,2020/01/23,2020/01/24,3,,90
Valencia- habitacion,5366858,NA,Valencia,1,1,€ 65,2020/01/23,2020/01/24,0,,90
Bonito Apartamento- confortable y bien comunicado,5572090,NA,Valencia,1,1,€ 68,2020/01/23,2020/01/24,0,,90
Loft Turia Gran,5133726,NA,Valencia,1,1,€ 80,2020/01/23,2020/01/24,0,,90
Casa Adosada Quintero,5481770,NA,Valencia,1,1,€ 88,2020/01/23,2020/01/24,0,,90
Carrer de l'Arquitecte Alfaro 27 bajo derecha,4353398,NA,Valencia,1,1,€ 102,2020/01/23,2020/01/24,0,,90
Waksman,2261109,NA,Valencia,1,1,€ 105,2020/01/23,2020/01/24,0,,90
Apartamentos Artesa 22 Valencia,5546723,NA,Valencia,1,1,€ 112,2020/01/23,2020/01/24,0,,90
OYO Pensión El Rincón,476031,NA,Valencia,1,1,€ 60,2020/01/23,2020/01/24,1,"7,5",90
Hotel Beleret,94652,NA,Valencia,1,1,€ 65,2020/01/23,2020/01/24,3,"7,6",90
Style Apartment Patacona Beach,3233099,NA,Valencia,1,1,€ 67,2020/01/23,2020/01/24,0,"7,7",90
CENTER-Modern 2BR- 2BA-TERRACE- WI-FI- A/C,5241769,NA,Valencia,1,1,€ 125,2020/01/23,2020/01/24,0,,90
Suit AVE (Valencia),5726860,NA,Valencia,1,1,€ 130,2020/01/23,2020/01/24,0,,90
NEW! Apartamento Ciudad de las Artes,5733189,NA,Valencia,1,1,€ 155,2020/01/23,2020/01/24,0,,90
Todo el centro histórico a tu alcance.,5610526,NA,Valencia,1,1,€ 160,2020/01/23,2020/01/24,0,,90
The White Apartment: Luxury- Beach and Design,5631365,NA,Valencia,1,1,€ 167,2020/01/23,2020/01/24,0,,90
Casa Del Sueno,4292899,NA,Valencia,1,1,€ 173,2020/01/23,2020/01/24,0,,90
Villa Vista,4292942,NA,Valencia,1,1,€ 173,2020/01/23,2020/01/24,0,,90
VALENCIA PALACE,5739475,NA,Valencia,1,1,€ 179,2020/01/23,2020/01/24,4,,90
Apartment Passeig de la Petxina,5695771,NA,Valencia,1,1,€ 195,2020/01/23,2020/01/24,0,,90
Apartment Carrer de Don Juan de Austria,5464038,NA,Valencia,1,1,€ 279,2020/01/23,2020/01/24,0,,90
City Center Apartments,4426057,NA,Valencia,1,1,€ 68,2020/01/23,2020/01/24,0,"7,8",90
SEA YOU HOTEL PORT VALENCIA,92328,NA,Valencia,1,1,€ 71,2020/01/23,2020/01/24,4,"7,8",90
Torres Quart,3702234,NA,Valencia,1,1,€ 83,2020/01/23,2020/01/24,0,"7,5",90
Suites by Eric Olsan (L),4287413,NA,Valencia,1,1,€ 83,2020/01/23,2020/01/24,0,"7,5",90
Suites by Eric Olsan (Peset),4726296,NA,Valencia,1,1,€ 83,2020/01/23,2020/01/24,0,"7,5",90
Ilunion Valencia 3,92818,NA,Valencia,1,1,€ 90,2020/01/23,2020/01/24,3,"7,9",90
Apartamento Angel Alcazar 35,2174625,NA,Valencia,1,1,€ 90,2020/01/23,2020/01/24,0,"7,5",90
MYR Hotel Plaza Mercado & Spa,1619029,NA,Valencia,1,1,€ 84,2020/01/23,2020/01/24,0,"9,2",90
Plaza Sainetero 5,3148458,NA,Valencia,1,1,€ 93,2020/01/23,2020/01/24,0,"7,7",90
Hotel Turia,14441,NA,Valencia,1,1,€ 99,2020/01/23,2020/01/24,4,"7,5",90
apartamento las torres-botanico,4694090,NA,Valencia,1,1,€ 84,2020/01/23,2020/01/24,0,9,90
Austria 4,1605997,NA,Valencia,1,1,NA,2020/01/23,2020/01/24,0,9,90
Atico de Lujo,2142556,NA,Valencia,1,1,€ 85,2020/01/23,2020/01/24,0,"9,1",90
STYLISH APARTMENT - CITY CENTER,2861517,NA,Valencia,1,1,€ 120,2020/01/23,2020/01/24,0,"7,8",90
Friendly Rentals Danna,1634254,NA,Valencia,1,1,€ 140,2020/01/23,2020/01/24,0,"7,6",90
Select Home Town Hall,1648016,NA,Valencia,1,1,€ 195,2020/01/23,2020/01/24,0,"7,5",90
Apartamentos El Olivo,1985143,NA,Valencia,1,1,€ 86,2020/01/23,2020/01/24,0,"9,4",90
Valenciaflats Mercado Central,307677,NA,Valencia,1,1,€ 87,2020/01/23,2020/01/24,0,9,90
Apartamento cerca de la Playa y el Centro,2620264,NA,Valencia,1,1,€ 88,2020/01/23,2020/01/24,0,9,90
El 16 Ruzafa,865461,NA,Valencia,1,1,€ 300,2020/01/23,2020/01/24,0,"7,7",90
Apartment Plaza de la Merced,3457190,NA,Valencia,1,1,€ 470,2020/01/23,2020/01/24,0,"7,9",90
Hostal Waksman,281139,NA,Valencia,1,1,€ 30,2020/01/23,2020/01/24,1,"7,3",90
Habitación Despuig,4901343,NA,Valencia,1,1,€ 30,2020/01/23,2020/01/24,0,"7,3",90
Zen House,3671621,NA,Valencia,1,1,€ 39,2020/01/23,2020/01/24,0,"7,1",90
L'Arbre,3972359,NA,Valencia,1,1,€ 89,2020/01/23,2020/01/24,0,"9,2",90
RUZAFA. Nice apartment and Terrace.,4368595,NA,Valencia,1,1,€ 90,2020/01/23,2020/01/24,0,"9,3",90
Valencia City Center New Apartments,1042326,NA,Valencia,1,1,NA,2020/01/23,2020/01/24,0,9,90
HOSPEDAJE PESET,4718074,NA,Valencia,1,1,€ 40,2020/01/23,2020/01/24,0,"7,3",90
Habitación con cama doble,4794909,NA,Valencia,1,1,€ 41,2020/01/23,2020/01/24,0,"7,1",90
Sampedor Apartment,435662,NA,Valencia,1,1,€ 45,2020/01/23,2020/01/24,0,"7,1",90
Cosy Rooms Bolsería,371606,NA,Valencia,1,1,€ 47,2020/01/23,2020/01/24,2,"7,4",90
Una Ubicacion Perfecta,3114164,NA,Valencia,1,1,€ 90,2020/01/23,2020/01/24,0,"9,2",90
Olvida tu Reloj Montichelvo Apartment,3258095,NA,Valencia,1,1,€ 91,2020/01/23,2020/01/24,0,"9,4",90
Cosy Rooms Embajador,369728,NA,Valencia,1,1,€ 47,2020/01/23,2020/01/24,2,"7,4",90
Boutique Creative Rooms,2334726,NA,Valencia,1,1,€ 76,2020/01/23,2020/01/24,0,"8,8",90
Hotel Mediterraneo Valencia,92412,NA,Valencia,1,1,€ 77,2020/01/23,2020/01/24,3,"8,8",90
Olvida tu Reloj Congresos Apartment,2448036,NA,Valencia,1,1,€ 91,2020/01/23,2020/01/24,0,"9,2",90
One Shot Mercat 09,2274203,NA,Valencia,1,1,€ 93,2020/01/23,2020/01/24,4,"9,1",90
MÍ casa YOUR HOME,3328967,NA,Valencia,1,1,€ 95,2020/01/23,2020/01/24,0,"9,2",90
Flats Friends Torres Quart,1108908,NA,Valencia,1,1,NA,2020/01/23,2020/01/24,0,"8,1",90
Petit Palace Plaza de la Reina,90443,NA,Valencia,1,1,€ 77,2020/01/23,2020/01/24,3,"8,7",90
Hotel San Lorenzo Boutique,1307718,NA,Valencia,1,1,€ 77,2020/01/23,2020/01/24,3,"8,6",90
Casual del Cine Valencia,572187,NA,Valencia,1,1,€ 79,2020/01/23,2020/01/24,2,"8,6",90
Biopark View Apartment,2381901,NA,Valencia,1,1,€ 96,2020/01/23,2020/01/24,0,9,90
Total Valencia White,2201908,NA,Valencia,1,1,NA,2020/01/23,2020/01/24,0,"9,1",90
Mestalla Paradise,4734619,NA,Valencia,1,1,€ 100,2020/01/23,2020/01/24,0,"9,1",90
Vincci Mercat,1279484,NA,Valencia,1,1,€ 101,2020/01/23,2020/01/24,4,9,90
Homestay Carrer Sagun,5006434,NA,Valencia,1,1,€ 80,2020/01/23,2020/01/24,0,"8,8",90
SH Ingles Boutique Hotel,92956,NA,Valencia,1,1,€ 80,2020/01/23,2020/01/24,4,"8,5",90
Casual Vintage Valencia,1710241,NA,Valencia,1,1,€ 80,2020/01/23,2020/01/24,2,"8,6",90
Malvarrosa Silence,1907504,NA,Valencia,1,1,NA,2020/01/23,2020/01/24,0,8,90
Hotel Dimar,90886,NA,Valencia,1,1,€ 81,2020/01/23,2020/01/24,4,"8,7",90
Suites by Eric Olsan (Florista),4726450,NA,Valencia,1,1,€ 82,2020/01/23,2020/01/24,0,"8,6",90
El Palacete Gran Via,3483148,NA,Valencia,1,1,€ 83,2020/01/23,2020/01/24,0,"8,7",90
MD Design Hotel - Portal del Real,2391685,NA,Valencia,1,1,€ 102,2020/01/23,2020/01/24,2,"9,1",90
Center City Flats,861452,NA,Valencia,1,1,€ 103,2020/01/23,2020/01/24,0,"9,1",90
Palacio de Rojas,1073276,NA,Valencia,1,1,€ 105,2020/01/23,2020/01/24,0,"9,3",90
Enjoy Flat Valencia,3991548,NA,Valencia,1,1,€ 175,2020/01/23,2020/01/24,0,"8,5",90
Carlos & Ana,2079019,NA,Valencia,1,1,€ 195,2020/01/23,2020/01/24,0,"8,9",90
Total Valencia Blue,1177131,NA,Valencia,1,1,NA,2020/01/23,2020/01/24,0,"7,9",90
Forn desamparats,2380447,NA,Valencia,1,1,€ 105,2020/01/23,2020/01/24,0,"9,4",90
Apartamento Serranos CM,2491242,NA,Valencia,1,1,NA,2020/01/23,2020/01/24,0,"9,3",90
Comfort Homestay,5423155,NA,Valencia,1,1,€ 105,2020/01/23,2020/01/24,0,9,90
SingularStays Parque Central,3054000,NA,Valencia,1,1,€ 236,2020/01/23,2020/01/24,0,"8,8",90
Flatsforyou Mercat,1367507,NA,Valencia,1,1,€ 280,2020/01/23,2020/01/24,3,"8,9",90
Zerka Sendra,4657122,NA,Valencia,1,1,€ 309,2020/01/23,2020/01/24,0,"8,9",90
Valencian Apartment,2298621,NA,Valencia,1,1,€ 84,2020/01/23,2020/01/24,0,"8,9",90
One Shot Palacio Reina Victoria 04,90885,NA,Valencia,1,1,€ 84,2020/01/23,2020/01/24,4,"8,6",90
Casa de Maria,2467712,NA,Valencia,1,1,€ 85,2020/01/23,2020/01/24,0,"8,6",90
Center Valencia Youth Hostel,246931,NA,Valencia,1,1,€ 40,2020/01/23,2020/01/24,0,8,90
Habitacion en Valencia Barata,4861796,NA,Valencia,1,1,€ 40,2020/01/23,2020/01/24,0,"8,2",90
ELEGANT APARTMENT CLOSE TO CENTER VT-45925-V,5364412,NA,Valencia,1,1,NA,2020/01/23,2020/01/24,0,"8,1",90
Barceló Valencia,91988,NA,Valencia,1,1,€ 86,2020/01/23,2020/01/24,4,"8,7",90
COZY APARTMENT VALENCIA CITY CENTER!,4886758,NA,Valencia,1,1,€ 109,2020/01/23,2020/01/24,0,"9,1",90
Center Valencia,2944722,NA,Valencia,1,1,€ 109,2020/01/23,2020/01/24,0,"9,3",90
Hotel Villacarlos,90730,NA,Valencia,1,1,€ 41,2020/01/23,2020/01/24,3,8,90
San Jaime Silence,2369040,NA,Valencia,1,1,NA,2020/01/23,2020/01/24,0,"7,4",90
Habitación doble,3599930,NA,Valencia,1,1,€ 90,2020/01/23,2020/01/24,0,"8,9",90
Perla Apartments,3146781,NA,Valencia,1,1,€ 90,2020/01/23,2020/01/24,0,"8,7",90
Rosa del mar2,4259814,NA,Valencia,1,1,€ 259,2020/01/23,2020/01/24,0,"9,1",90
One Shot Colón 46,1394168,NA,Valencia,1,1,€ 93,2020/01/23,2020/01/24,3,"8,7",90
El Coral Apartment Valencia,3606766,NA,Valencia,1,1,€ 95,2020/01/23,2020/01/24,0,"8,7",90
MD Julio Antonio Apartment Center,3961049,NA,Valencia,1,1,€ 285,2020/01/23,2020/01/24,0,"9,2",90
Sunrise Apartments,640409,NA,Valencia,1,1,NA,2020/01/23,2020/01/24,0,"8,9",90
V home,2146641,NA,Valencia,1,1,€ 300,2020/01/23,2020/01/24,0,"9,2",90
NH Valencia Las Artes,90731,NA,Valencia,1,1,€ 87,2020/01/23,2020/01/24,4,"8,4",90
APARTAMENTO LAS MELLIZAS,4651578,NA,Valencia,1,1,€ 49,2020/01/23,2020/01/24,0,"8,3",90
SH Valencia Palace,91497,NA,Valencia,1,1,€ 100,2020/01/23,2020/01/24,5,"8,5",90
APARTAMENTO DE ENSUEÑO,3043871,NA,Valencia,1,1,NA,2020/01/23,2020/01/24,0,"8,1",90
Magnífico Adosado- cerca de Valencia ciudad- en zona de montaña y playa fluvial,5354233,NA,Valencia,1,1,€ 100,2020/01/23,2020/01/24,0,"8,8",90
Colors Rooms,675839,NA,Valencia,1,1,€ 40,2020/01/23,2020/01/24,0,"9,5",90
Lindala,5250762,NA,Valencia,1,1,€ 49,2020/01/23,2020/01/24,0,"9,6",90
Valencia Apartamentos Goya,4256653,NA,Valencia,1,1,NA,2020/01/23,2020/01/24,0,10,90
Eurostars Gran Valencia,90484,NA,Valencia,1,1,€ 89,2020/01/23,2020/01/24,4,"8,4",90
NH Valencia Center,90727,NA,Valencia,1,1,€ 95,2020/01/23,2020/01/24,4,"8,3",90
La Casa,3758586,NA,Valencia,1,1,€ 105,2020/01/23,2020/01/24,0,"8,3",90
Ilunion Valencia 4,754329,NA,Valencia,1,1,€ 105,2020/01/23,2020/01/24,4,"8,1",90
Apartamento centro frente a Torres de Serrano,3408067,NA,Valencia,1,1,€ 110,2020/01/23,2020/01/24,0,"9,4",90
HQ Rooms Apartments San Vicente,2894429,NA,Valencia,1,1,€ 110,2020/01/23,2020/01/24,0,"9,2",90
Melia Plaza Valencia,13270,NA,Valencia,1,1,€ 105,2020/01/23,2020/01/24,4,"8,9",90
Melia Valencia,290493,NA,Valencia,1,1,€ 105,2020/01/23,2020/01/24,4,"8,8",90
AC Hotel Colon Valencia,1117150,NA,Valencia,1,1,€ 106,2020/01/23,2020/01/24,4,"8,7",90
Friendly Rentals Pergolesi,1634240,NA,Valencia,1,1,€ 110,2020/01/23,2020/01/24,0,"8,4",90
Friendly Rentals ABC,3656596,NA,Valencia,1,1,€ 110,2020/01/23,2020/01/24,0,"8,3",90
Apartamento Torres,3654194,NA,Valencia,1,1,€ 110,2020/01/23,2020/01/24,0,"8,3",90
Old Fisherman's House in Malvarrosa Beach,3618172,NA,Valencia,1,1,€ 360,2020/01/23,2020/01/24,0,"9,4",90
The River Hostel,494202,NA,Valencia,1,1,€ 18,2020/01/23,2020/01/24,0,"8,5",90
Vincci Palace,94163,NA,Valencia,1,1,€ 106,2020/01/23,2020/01/24,4,"8,7",90
Ciudad Ciencias- Lujo- Parking- Wi-Fi.,4999636,NA,Valencia,1,1,€ 70,2020/01/23,2020/01/24,0,"9,8",90
Piso en Playa de Valencia,5533098,NA,Valencia,1,1,€ 70,2020/01/23,2020/01/24,0,"9,5",90
Happy Apartments Valencia – Lope de Vega,575582,NA,Valencia,1,1,€ 44,2020/01/23,2020/01/24,0,"8,1",90
Friendly Rentals Puerto Deportivo,2317861,NA,Valencia,1,1,€ 110,2020/01/23,2020/01/24,0,"8,2",90
Welcome Platanos 13 Valencia Beautiful apartments with terrace,5095795,NA,Valencia,1,1,€ 119,2020/01/23,2020/01/24,0,"8,1",90
Friendly Rentals Gimenez,1634242,NA,Valencia,1,1,€ 120,2020/01/23,2020/01/24,0,"8,2",90
Ramirez Flats & Bar,4124528,NA,Valencia,1,1,€ 77,2020/01/23,2020/01/24,0,"9,5",90
Hostal Antigua Morellana,1273937,NA,Valencia,1,1,€ 80,2020/01/23,2020/01/24,1,"9,5",90
Hotel Cosmo,4838858,NA,Valencia,1,1,€ 81,2020/01/23,2020/01/24,3,"9,9",90
Precioso piso junto al antiguo barrio de Campanar,3297078,NA,Valencia,1,1,€ 85,2020/01/23,2020/01/24,0,"9,5",90
Apartments Welcome to Valencia Peset Aleixandre 69,4964856,NA,Valencia,1,1,€ 120,2020/01/23,2020/01/24,0,"8,4",90
Friendly Rentals Verdi,1634232,NA,Valencia,1,1,€ 130,2020/01/23,2020/01/24,0,"8,1",90
Happy Apartments Valencia,456043,NA,Valencia,1,1,€ 44,2020/01/23,2020/01/24,0,"8,2",90
Purple Nest Hostel,25278,NA,Valencia,1,1,€ 44,2020/01/23,2020/01/24,0,"8,2",90
Friendly Rentals Desplat,4120221,NA,Valencia,1,1,€ 140,2020/01/23,2020/01/24,0,"8,3",90
Friendly rentals Enesco Beach,2526514,NA,Valencia,1,1,€ 145,2020/01/23,2020/01/24,0,"8,1",90
Pensión Alicante,298710,NA,Valencia,1,1,€ 33,2020/01/23,2020/01/24,0,"8,5",90
Hulot B&B Valencia,585429,NA,Valencia,1,1,€ 38,2020/01/23,2020/01/24,0,"8,5",90
YOU & CO. Saler Beach Boutique,4533007,NA,Valencia,1,1,€ 38,2020/01/23,2020/01/24,3,"8,9",90
Cómoda habitación Valencia,4200488,NA,Valencia,1,1,NA,2020/01/23,2020/01/24,0,"9,6",90
L'Esplai Valencia Bed & Breakfast,1282556,NA,Valencia,1,1,€ 89,2020/01/23,2020/01/24,0,"9,5",90
Friendly Rentals Evans,1634220,NA,Valencia,1,1,€ 150,2020/01/23,2020/01/24,0,"8,3",90
Friendly Rentals Telemann,1634241,NA,Valencia,1,1,€ 150,2020/01/23,2020/01/24,0,"8,2",90
Casa los Peces,3234194,NA,Valencia,1,1,€ 170,2020/01/23,2020/01/24,0,"8,3",90
SingularStays San Vicente,1423172,NA,Valencia,1,1,NA,2020/01/23,2020/01/24,0,"8,8",90
Home Youth Hostel by Feetup Hostels,189322,NA,Valencia,1,1,€ 42,2020/01/23,2020/01/24,0,"8,8",90
Pio XII Apartments Valencia,402080,NA,Valencia,1,1,€ 43,2020/01/23,2020/01/24,0,"8,5",90
LOFT apartamento duplex en Valencia con parking gratis,5519008,NA,Valencia,1,1,€ 90,2020/01/23,2020/01/24,0,"9,9",90
Calle de Frederica Montseny 'Política' Casa o chalet,5152866,NA,Valencia,1,1,€ 95,2020/01/23,2020/01/24,0,"9,6",90
Casa La Buhardilla,2985364,NA,Valencia,1,1,€ 97,2020/01/23,2020/01/24,0,"9,6",90
B&B Almirante,369695,NA,Valencia,1,1,€ 43,2020/01/23,2020/01/24,1,"8,8",90
Buho House,3777691,NA,Valencia,1,1,€ 44,2020/01/23,2020/01/24,0,"8,5",90
Hotel Malcom and Barret,483261,NA,Valencia,1,1,€ 44,2020/01/23,2020/01/24,3,"8,7",90
ÁTICO EN EL CENTRO DE VALENCIA VT-45939-T,4752815,NA,Valencia,1,1,€ 100,2020/01/23,2020/01/24,0,"9,6",90
Habitacion en Valencia,4861732,NA,Valencia,1,1,€ 45,2020/01/23,2020/01/24,0,"8,4",90
Hostal Abastos,257057,NA,Valencia,1,1,€ 45,2020/01/23,2020/01/24,2,"8,2",90
Apartments Downtown Valencia,2250421,NA,Valencia,1,1,€ 100,2020/01/23,2020/01/24,0,"9,6",90
Valencia what else...,2550483,NA,Valencia,1,1,NA,2020/01/23,2020/01/24,0,"9,5",90
Estrella de russafa,5352439,NA,Valencia,1,1,€ 45,2020/01/23,2020/01/24,0,"8,7",90
SingularStays Mar44,1002060,NA,Valencia,1,1,NA,2020/01/23,2020/01/24,0,"8,7",90
Loft el Carmen amazing views,4932621,NA,Valencia,1,1,€ 170,2020/01/23,2020/01/24,0,"8,1",90
Valencian Dreams Lonja,4757385,NA,Valencia,1,1,€ 102,2020/01/23,2020/01/24,0,"9,8",90
Waksman,2261109,NA,Valencia,1,1,€ 105,2020/01/23,2020/01/24,0,"9,7",90
Opera House Valencia B&B,3533887,NA,Valencia,1,1,€ 106,2020/01/23,2020/01/24,0,"9,5",90
Sweet Hotel Renasa,274818,NA,Valencia,1,1,€ 48,2020/01/23,2020/01/24,3,8,90
San Antonio Apartment,1121681,NA,Valencia,1,1,NA,2020/01/23,2020/01/24,0,"7,2",90
Nanit Valencia Hostel,3913497,NA,Valencia,1,1,€ 49,2020/01/23,2020/01/24,0,"8,3",90
Apartamentos Valencia,1007682,NA,Valencia,1,1,€ 50,2020/01/23,2020/01/24,0,"8,1",90
MARQUÉS HOUSE 4* SUP,2118880,NA,Valencia,1,1,€ 119,2020/01/23,2020/01/24,4,"9,4",90
Art&Flats Bed&Breakfast,5238345,NA,Valencia,1,1,€ 45,2020/01/23,2020/01/24,0,"8,8",90
Bright room with trundle bed,5560260,NA,Valencia,1,1,€ 46,2020/01/23,2020/01/24,0,"8,7",90
Vlc Apartaments el Carmen,389902,NA,Valencia,1,1,€ 187,2020/01/23,2020/01/24,0,"8,3",90
Zerka Centro,4425975,NA,Valencia,1,1,€ 199,2020/01/23,2020/01/24,0,"8,4",90
Malvarrosa Calle Pavia,3608764,NA,Valencia,1,1,€ 271,2020/01/23,2020/01/24,0,8,90
Coroa Malvarrosa,1638172,NA,Valencia,1,1,€ 51,2020/01/23,2020/01/24,0,"8,2",90
Urban Youth Hostel,1163025,NA,Valencia,1,1,€ 52,2020/01/23,2020/01/24,0,"8,4",90
Luz de Valencia,2076095,NA,Valencia,1,1,€ 49,2020/01/23,2020/01/24,0,"8,8",90
Apartamentos Plaza Picasso,97063,NA,Valencia,1,1,€ 49,2020/01/23,2020/01/24,0,"8,5",90
Hotel El Siglo,1741479,NA,Valencia,1,1,€ 49,2020/01/23,2020/01/24,3,"8,5",90
Olympia Flats,4212801,NA,Valencia,1,1,€ 90,2020/01/23,2020/01/24,0,"9,7",90
Casa Calle Conquista,4691493,NA,Valencia,1,1,€ 240,2020/01/23,2020/01/24,0,"9,6",90
UNIK. Apartments Valencia,2241282,NA,Valencia,1,1,€ 49,2020/01/23,2020/01/24,0,"8,5",90
SingularStays Lope de Vega,1760119,NA,Valencia,1,1,NA,2020/01/23,2020/01/24,0,"8,6",90
Zalamera BnB,1331238,NA,Valencia,1,1,€ 50,2020/01/23,2020/01/24,0,"8,7",90
NWT Central Station Apartments,3964093,NA,Valencia,1,1,€ 300,2020/01/23,2020/01/24,0,"8,3",90
UP Hostel Valencia,1710137,NA,Valencia,1,1,€ 20,2020/01/23,2020/01/24,0,"7,7",90
Atico Loft Ruzafa,3152977,NA,Valencia,1,1,NA,2020/01/23,2020/01/24,0,"9,6",90
MD PASEO RUZAFA CENTER,5374850,NA,Valencia,1,1,€ 1.030,2020/01/23,2020/01/24,0,"9,6",90
Cantagua Hostel,4074640,NA,Valencia,1,1,€ 44,2020/01/23,2020/01/24,0,"9,1",90
OttoH Charm Stay,2459807,NA,Valencia,1,1,€ 49,2020/01/23,2020/01/24,0,"9,3",90
Rooms Ciencias,94126,NA,Valencia,1,1,€ 50,2020/01/23,2020/01/24,0,9,90
Up Town,2244083,NA,Valencia,1,1,€ 52,2020/01/23,2020/01/24,0,"8,2",90
Aparthotel Valencia Rental,17344,NA,Valencia,1,1,€ 52,2020/01/23,2020/01/24,0,8,90
Gon & Diego House,4899561,NA,Valencia,1,1,NA,2020/01/23,2020/01/24,0,"5,4",90
Valenciaflats Centro Ciudad,18544,NA,Valencia,1,1,€ 60,2020/01/23,2020/01/24,0,"9,2",90
Down Town,1656378,NA,Valencia,1,1,€ 53,2020/01/23,2020/01/24,0,"8,3",90
Eurostars Rey Don Jaime,91520,NA,Valencia,1,1,€ 53,2020/01/23,2020/01/24,4,"8,2",90
United Colors of Apartments - Catedral,1301545,NA,Valencia,1,1,€ 55,2020/01/23,2020/01/24,0,"8,2",90
Pension MonaLisa Luxury Suites,3834224,NA,Valencia,1,1,€ 56,2020/01/23,2020/01/24,0,"8,2",90
NH Valencia Las Ciencias,90725,NA,Valencia,1,1,€ 56,2020/01/23,2020/01/24,3,8,90
Habitación en piso compartido,5433175,NA,Valencia,1,1,€ 50,2020/01/23,2020/01/24,0,"8,6",90
Valenciaflats Centro Histórico,94781,NA,Valencia,1,1,€ 51,2020/01/23,2020/01/24,0,"8,7",90
Reina Rooms,4211140,NA,Valencia,1,1,€ 51,2020/01/23,2020/01/24,0,"8,9",90
Hotel Olympia Universidades,1301731,NA,Valencia,1,1,€ 52,2020/01/23,2020/01/24,3,"8,5",90
