name,propertyId,propertyType,city,rooms,days,price,checkIn,checkOut,stars,score,advance
Habitación con cama doble,4794909,NA,Valencia,1,1,€ 41,2019/10/24,2019/10/25,0,"7,2",7
B&B El Mercat,2203530,NA,Valencia,1,1,€ 45,2019/10/24,2019/10/25,0,"7,3",7
Ayuntamiento Panoramic,3089239,Apartamento,Valencia,1,1,NA,2019/10/24,2019/10/25,0,"9,5",7
NWT Central Station Valencia,1647017,NA,Valencia,1,1,€ 49,2019/10/24,2019/10/25,0,"7,1",7
Centro Valencia Calle Cerrajeros,3476261,NA,Valencia,1,1,€ 50,2019/10/24,2019/10/25,0,"7,1",7
Geography and Arts.,3569110,NA,Valencia,1,1,€ 54,2019/10/24,2019/10/25,0,"7,1",7
Habitación muy cerca de la playa.,5395908,NA,Valencia,1,1,€ 40,2019/10/24,2019/10/25,0,,7
Hostal la Barraca,350013,NA,Valencia,1,1,€ 55,2019/10/24,2019/10/25,0,"7,2",7
Apartment de las Ciencias,2287125,Apartamento,Valencia,1,1,€ 55,2019/10/24,2019/10/25,0,"7,1",7
Almiserat,3054886,Apartamento,Valencia,1,1,€ 60,2019/10/24,2019/10/25,0,"7,1",7
Apartamento Tiziano,1528645,Apartamento,Valencia,1,1,NA,2019/10/24,2019/10/25,0,"9,5",7
Malvarrosa Beach Rooms,314048,NA,Valencia,1,1,€ 60,2019/10/24,2019/10/25,2,7,7
Comfort Room(AVEValencia),5696103,NA,Valencia,1,1,€ 45,2019/10/24,2019/10/25,0,,7
ApartUP Patacona Palm Beach,5425134,Apartamento,Valencia,1,1,NA,2019/10/24,2019/10/25,0,"9,8",7
Habitación privada con baño privado a 300 metros de la playa.,5587588,NA,Valencia,1,1,€ 49,2019/10/24,2019/10/25,0,,7
Rooms El Picolino,5326859,NA,Valencia,1,1,€ 52,2019/10/24,2019/10/25,0,,7
Hogar Dulce Hogar,5426607,NA,Valencia,1,1,€ 63,2019/10/24,2019/10/25,0,,7
Valencia- habitacion,5366858,NA,Valencia,1,1,€ 65,2019/10/24,2019/10/25,0,,7
Loft Turia Gran,5133726,Apartamento,Valencia,1,1,€ 68,2019/10/24,2019/10/25,0,,7
Piso cercano al centro ( 5 min BUS),5607299,Apartamento,Valencia,1,1,€ 89,2019/10/24,2019/10/25,0,,7
Casa Calle Conquista,4691493,Apartamento,Valencia,1,1,NA,2019/10/24,2019/10/25,0,"9,6",7
Valencia Apartmans El Carmen,847910,Apartamentos,Valencia,1,1,€ 69,2019/10/24,2019/10/25,0,"7,4",7
Valencia Apartments,4367788,Apartamentos,Valencia,1,1,€ 69,2019/10/24,2019/10/25,0,"7,1",7
HOSTAL BED OF THE SEA,3974636,NA,Valencia,1,1,€ 70,2019/10/24,2019/10/25,0,"7,1",7
Mi casa es vuestra casa,4967097,NA,Valencia,1,1,€ 70,2019/10/24,2019/10/25,0,"7,1",7
Cosy Rooms Bolsería,371606,NA,Valencia,1,1,€ 70,2019/10/24,2019/10/25,2,"7,4",7
Apartamento Bolseria 28,881275,Apartamentos,Valencia,1,1,NA,2019/10/24,2019/10/25,0,"9,5",7
NWT Monserrat,3728842,Apartamentos,Valencia,1,1,€ 72,2019/10/24,2019/10/25,0,7,7
Apartments Calle Padre Damian,4523326,Apartamentos,Valencia,1,1,€ 75,2019/10/24,2019/10/25,0,"7,2",7
Premium Apartments,486507,Apartamentos,Valencia,1,1,€ 79,2019/10/24,2019/10/25,0,7,7
La Casa dei Fiori,2849727,Apartamento,Valencia,1,1,€ 90,2019/10/24,2019/10/25,0,7,7
Accommodation Beach Apartments,1001766,Apartamentos,Valencia,1,1,€ 94,2019/10/24,2019/10/25,0,"7,2",7
Kirei Apartment Calgary,4768322,Apartamento,Valencia,1,1,€ 99,2019/10/24,2019/10/25,0,"7,3",7
APARTMENTS VALENCIA CENTER,5180014,Apartamentos,Valencia,1,1,NA,2019/10/24,2019/10/25,0,"9,5",7
Kirei Apartment En Llop,1765516,Apartamentos,Valencia,1,1,€ 115,2019/10/24,2019/10/25,0,7,7
Valencia_1,3698698,Apartamento,Valencia,1,1,€ 140,2019/10/24,2019/10/25,0,"7,2",7
Apartamento para 10 personas,5029963,Apartamento,Valencia,1,1,€ 160,2019/10/24,2019/10/25,0,7,7
Dreams Rental City Hall,337092,Apartamentos,Valencia,1,1,€ 247,2019/10/24,2019/10/25,0,"7,1",7
MD Puerto Rico Apartment Ruzafa,3737151,Apartamento,Valencia,1,1,€ 341,2019/10/24,2019/10/25,0,"7,4",7
Casa Adosada Quintero,5481770,Casa o chalet,Valencia,1,1,€ 95,2019/10/24,2019/10/25,0,,7
Hideout 26,5658117,Apartamentos,Valencia,1,1,€ 104,2019/10/24,2019/10/25,0,,7
Hotel Cosmo,4838858,NA,Valencia,1,1,€ 140,2019/10/24,2019/10/25,3,,7
ACOGEDOR - CON TERRAZA - EN EL PLENO CENTRO,5715086,Apartamento,Valencia,1,1,€ 165,2019/10/24,2019/10/25,0,,7
The White Apartment: Luxury- Beach and Design,5631365,Apartamento,Valencia,1,1,€ 167,2019/10/24,2019/10/25,0,,7
Apartment Passeig de la Petxina,5695771,Apartamento,Valencia,1,1,€ 195,2019/10/24,2019/10/25,0,,7
Precioso piso junto al antiguo barrio de Campanar,3297078,Apartamento,Valencia,1,1,NA,2019/10/24,2019/10/25,0,"9,5",7
"Flat ""Ca Alexandre""",3687859,Apartamento,Valencia,1,1,€ 200,2019/10/24,2019/10/25,0,,7
LACASAMALVA1 PLAYA DE VALENCIA,5679960,Casa o chalet,Valencia,1,1,€ 298,2019/10/24,2019/10/25,0,,7
Apartment Carrer de Josep Aguirre,5646705,Apartamentos,Valencia,1,1,€ 608,2019/10/24,2019/10/25,0,,7
Apartment Carrer de Cadis,5531328,Apartamentos,Valencia,1,1,€ 648,2019/10/24,2019/10/25,0,,7
Apartamento con terraza,5238122,Apartahotel,Valencia,1,1,€ 770,2019/10/24,2019/10/25,0,,7
Gulet Why Not,5199364,NA,Valencia,1,1,€ 3.000,2019/10/24,2019/10/25,0,,7
Edificio Pentagono,4673669,Apartamento,Valencia,1,1,€ 135,2019/10/24,2019/10/25,0,9,7
Apartamentos La más Bonita,2816245,Apartamentos,Valencia,1,1,€ 135,2019/10/24,2019/10/25,0,9,7
Ciudad Ciencias- Lujo- Parking- Wi-Fi.,4999636,Apartamento,Valencia,1,1,NA,2019/10/24,2019/10/25,0,"9,8",7
Hotel Valencia Alameda,4019381,NA,Valencia,1,1,€ 139,2019/10/24,2019/10/25,4,"9,2",7
Valenciaflats Ciudad de las Ciencias,93676,Apartamentos,Valencia,1,1,€ 140,2019/10/24,2019/10/25,0,"9,1",7
Friendly Rentals Montaner Beach,2314997,Apartamento,Valencia,1,1,€ 140,2019/10/24,2019/10/25,0,9,7
MD Design Hotel - Portal del Real,2391685,NA,Valencia,1,1,€ 141,2019/10/24,2019/10/25,2,"9,1",7
Flatsforyou Mercat,1367507,Apartamentos,Valencia,1,1,€ 90,2019/10/24,2019/10/25,3,"8,9",7
Flatsforyou Ruzafa,3342696,Apartamentos,Valencia,1,1,€ 90,2019/10/24,2019/10/25,0,"8,7",7
Apartamento Bolseria 28,881275,Apartamentos,Valencia,1,1,NA,2019/10/24,2019/10/25,0,"9,5",7
Apartamentos Plaza Picasso,97063,Apartamentos,Valencia,1,1,€ 94,2019/10/24,2019/10/25,0,"8,5",7
Casual del Cine Valencia,572187,NA,Valencia,1,1,€ 95,2019/10/24,2019/10/25,2,"8,6",7
Valenciaflats Centro Histórico,94781,Apartamentos,Valencia,1,1,€ 95,2019/10/24,2019/10/25,0,"8,7",7
BUBUFLATS Mossén,1141763,Apartamentos,Valencia,1,1,€ 95,2019/10/24,2019/10/25,0,"8,9",7
Soho Valencia,1538641,Apartahotel,Valencia,1,1,€ 99,2019/10/24,2019/10/25,0,"8,9",7
Apartments Plaza Ayuntamiento,3506736,Apartamento,Valencia,1,1,€ 101,2019/10/24,2019/10/25,0,"8,7",7
APARTAMENTO DE DISEÑO EN PLAZA MANISES,2823390,Apartamento,Valencia,1,1,NA,2019/10/24,2019/10/25,0,"9,7",7
Les flors,3985046,Apartamento,Valencia,1,1,€ 102,2019/10/24,2019/10/25,0,"8,7",7
Noche en las Artes,3026891,Apartamento,Valencia,1,1,€ 104,2019/10/24,2019/10/25,0,"8,5",7
Flatsforyou Sorolla House,403442,Apartamentos,Valencia,1,1,€ 105,2019/10/24,2019/10/25,0,"8,6",7
Friendly Rentals Ravel I,1634234,Apartamento,Valencia,1,1,€ 110,2019/10/24,2019/10/25,0,"8,8",7
Sorolla Centro,90896,NA,Valencia,1,1,€ 143,2019/10/24,2019/10/25,3,"9,1",7
Citizentral Juristas,1113127,Apartamentos,Valencia,1,1,€ 146,2019/10/24,2019/10/25,0,"9,2",7
Bruno Apartment,2715023,Apartamento,Valencia,1,1,NA,2019/10/24,2019/10/25,0,"9,7",7
Apartamentos Edificio Palomar,189277,Apartamentos,Valencia,1,1,€ 149,2019/10/24,2019/10/25,0,"9,2",7
ARENAS 2 APARTAMENT,2808815,Apartamento,Valencia,1,1,€ 150,2019/10/24,2019/10/25,0,9,7
Habitacion en Valencia Barata,4861796,NA,Valencia,1,1,€ 45,2019/10/24,2019/10/25,0,"8,2",7
Red Nest Hostel,92283,NA,Valencia,1,1,€ 47,2019/10/24,2019/10/25,0,"8,2",7
B BEACH VALENCIA,5125954,Apartamento,Valencia,1,1,€ 150,2019/10/24,2019/10/25,0,"9,1",7
Duplex en Blasco Ibáñez,3672426,Apartamento,Valencia,1,1,€ 155,2019/10/24,2019/10/25,0,"9,1",7
Casual Socarrat Valencia,5142800,NA,Valencia,1,1,€ 167,2019/10/24,2019/10/25,3,"9,1",7
Valenciaflats Centro Ciudad,18544,Apartamentos,Valencia,1,1,€ 170,2019/10/24,2019/10/25,0,"9,2",7
El Corazon de Canovas,2634817,Apartamento,Valencia,1,1,NA,2019/10/24,2019/10/25,0,"9,6",7
MerKat-Abastos,1231196,Apartamento,Valencia,1,1,NA,2019/10/24,2019/10/25,0,"9,7",7
Pension MonaLisa Luxury Suites,3834224,NA,Valencia,1,1,€ 48,2019/10/24,2019/10/25,0,"8,2",7
Nanit Valencia Hostel,3913497,NA,Valencia,1,1,€ 49,2019/10/24,2019/10/25,0,"8,3",7
Sol Playa,12656,NA,Valencia,1,1,€ 60,2019/10/24,2019/10/25,2,"8,3",7
Zerka Sendra,4657122,Apartamento,Valencia,1,1,€ 179,2019/10/24,2019/10/25,0,9,7
MYR Hotel Plaza Mercado & Spa,1619029,Apartahotel,Valencia,1,1,€ 189,2019/10/24,2019/10/25,0,"9,2",7
Mon Suites San Martin,2777545,Apartamentos,Valencia,1,1,€ 195,2019/10/24,2019/10/25,0,"9,4",7
HQ Rooms Apartments San Vicente,2894429,Apartamentos,Valencia,1,1,€ 198,2019/10/24,2019/10/25,0,"9,2",7
Arena's Apartament,2156905,Apartamento,Valencia,1,1,€ 200,2019/10/24,2019/10/25,0,"9,1",7
City of Arts,3031480,Apartamento,Valencia,1,1,€ 110,2019/10/24,2019/10/25,0,"8,7",7
Apartments Viveros,1069530,Apartamentos,Valencia,1,1,€ 115,2019/10/24,2019/10/25,0,"8,6",7
Ayuntamiento Panoramic,3089239,Apartamento,Valencia,1,1,NA,2019/10/24,2019/10/25,0,"9,5",7
Melia Plaza Valencia,13270,NA,Valencia,1,1,€ 116,2019/10/24,2019/10/25,4,"8,9",7
FREE WI-FI. Apartamentos 90 м2 - Assutzena 5,4828764,Apartamento,Valencia,1,1,€ 119,2019/10/24,2019/10/25,0,"8,6",7
Urban Youth Hostel,1163025,NA,Valencia,1,1,€ 60,2019/10/24,2019/10/25,0,"8,4",7
L'Otelet By Sweet,1467935,NA,Valencia,1,1,€ 64,2019/10/24,2019/10/25,0,"8,3",7
Aparthotel Valencia Rental,17344,Apartahotel,Valencia,1,1,€ 65,2019/10/24,2019/10/25,0,8,7
Disfruta - Enjoy Valencia Ayuntamiento,4901194,Apartamento,Valencia,1,1,NA,2019/10/24,2019/10/25,0,"9,6",7
Ca Carmela,2466364,Casa o chalet,Valencia,1,1,€ 225,2019/10/24,2019/10/25,0,"9,1",7
Centro en Valencia,2885222,Apartamento,Valencia,1,1,NA,2019/10/24,2019/10/25,0,"9,5",7
Vincci Mercat,1279484,NA,Valencia,1,1,€ 245,2019/10/24,2019/10/25,4,9,7
Rosa del mar2,4259814,Apartamento,Valencia,1,1,€ 259,2019/10/24,2019/10/25,0,"9,1",7
Caro Hotel,348132,NA,Valencia,1,1,€ 745,2019/10/24,2019/10/25,5,"9,2",7
The River Hostel,494202,NA,Valencia,1,1,€ 20,2019/10/24,2019/10/25,0,"8,5",7
Art&Flats Bed&Breakfast,5238345,NA,Valencia,1,1,€ 30,2019/10/24,2019/10/25,0,"8,7",7
Valero Vintage,3315727,NA,Valencia,1,1,€ 65,2019/10/24,2019/10/25,0,8,7
Down Town,1656378,Apartamentos,Valencia,1,1,€ 67,2019/10/24,2019/10/25,0,"8,3",7
Coroa Malvarrosa,1638172,Apartamentos,Valencia,1,1,€ 67,2019/10/24,2019/10/25,0,"8,2",7
Apartamentos Dormavalencia,4450983,Apartamentos,Valencia,1,1,€ 70,2019/10/24,2019/10/25,0,"8,3",7
Reina 12,1684198,NA,Valencia,1,1,€ 70,2019/10/24,2019/10/25,0,"8,3",7
Citizentral Gascons,332095,Apartamentos,Valencia,1,1,€ 123,2019/10/24,2019/10/25,0,"8,8",7
Welcomer Apartments Valencia,19363,Apartamentos,Valencia,1,1,€ 123,2019/10/24,2019/10/25,0,"8,7",7
Hotel Mediterraneo Valencia,92412,NA,Valencia,1,1,€ 124,2019/10/24,2019/10/25,3,"8,8",7
Apartments Trinitarios,364825,Apartamentos,Valencia,1,1,€ 130,2019/10/24,2019/10/25,0,"8,9",7
Apartamentos Navío,5647176,Apartamento,Valencia,1,1,€ 60,2019/10/24,2019/10/25,0,"9,9",7
Lindala,5250762,NA,Valencia,1,1,€ 69,2019/10/24,2019/10/25,0,"9,7",7
Dreams Rental Plaza Redonda,1665625,Apartamentos,Valencia,1,1,€ 70,2019/10/24,2019/10/25,0,"8,2",7
Apartamento Frederick “Centrico y con Clase”,4236394,Apartamento,Valencia,1,1,NA,2019/10/24,2019/10/25,0,"9,6",7
APARTMENTS VALENCIA CENTER,5180014,Apartamentos,Valencia,1,1,NA,2019/10/24,2019/10/25,0,"9,5",7
Hotel Dimar,90886,NA,Valencia,1,1,€ 137,2019/10/24,2019/10/25,4,"8,7",7
Isabel,4442066,Apartamento,Valencia,1,1,€ 140,2019/10/24,2019/10/25,0,"8,6",7
City Suites Apartments,3091106,NA,Valencia,1,1,€ 74,2019/10/24,2019/10/25,0,"8,4",7
Apartamento Ciudad de las Artes y las Ciencias,4353552,Apartamento,Valencia,1,1,€ 75,2019/10/24,2019/10/25,0,"8,3",7
United Colors of Apartments - Catedral,1301545,Apartamentos,Valencia,1,1,€ 75,2019/10/24,2019/10/25,0,"8,2",7
Valencia Apartamentos Goya,4256653,Apartamentos,Valencia,1,1,NA,2019/10/24,2019/10/25,0,10,7
Piso en Playa de Valencia,5533098,Apartamento,Valencia,1,1,€ 70,2019/10/24,2019/10/25,0,"9,5",7
Valencian Dreams Lonja,4757385,Apartamento,Valencia,1,1,€ 84,2019/10/24,2019/10/25,0,"9,8",7
Opera House Valencia B&B,3533887,NA,Valencia,1,1,€ 88,2019/10/24,2019/10/25,0,"9,5",7
Valencia Beach Apartments,393508,Apartamento,Valencia,1,1,€ 80,2019/10/24,2019/10/25,0,"8,4",7
Sweet Hotel Continental,93856,NA,Valencia,1,1,€ 84,2019/10/24,2019/10/25,2,"8,3",7
Bubuflats Bubu 3,1014334,Apartamento,Valencia,1,1,€ 95,2019/10/24,2019/10/25,0,"9,6",7
Oceanografic Apartment,4903549,Apartamento,Valencia,1,1,€ 95,2019/10/24,2019/10/25,0,"9,5",7
Casa La Buhardilla,2985364,Apartamento,Valencia,1,1,€ 97,2019/10/24,2019/10/25,0,"9,6",7
Bright and Modern Apartment near the Beach,4413130,Apartamento,Valencia,1,1,NA,2019/10/24,2019/10/25,0,"9,9",7
Disfruta - Enjoy Valencia Centre,3881970,Apartamento,Valencia,1,1,€ 119,2019/10/24,2019/10/25,0,"9,8",7
Petit Palace Ruzafa,90792,NA,Valencia,1,1,€ 144,2019/10/24,2019/10/25,3,"8,7",7
Hotel Malcom and Barret,483261,NA,Valencia,1,1,€ 150,2019/10/24,2019/10/25,3,"8,7",7
Apartamento Sofia,2552406,Apartamento,Valencia,1,1,€ 150,2019/10/24,2019/10/25,0,"8,6",7
Apartamento Schwarz,2156237,Apartamento,Valencia,1,1,€ 119,2019/10/24,2019/10/25,0,"9,5",7
Disfruta - Enjoy Valencia Ruzafa,3890328,Apartamento,Valencia,1,1,€ 125,2019/10/24,2019/10/25,0,"9,7",7
Duplex+Swimming pool+private entrance=Housen of LOVE,2999152,Apartamento,Valencia,1,1,€ 125,2019/10/24,2019/10/25,0,"9,6",7
Apartment Sofi,2830696,Apartamento,Valencia,1,1,€ 150,2019/10/24,2019/10/25,0,"9,8",7
Ramirez Flats & Bar,4124528,Apartahotel,Valencia,1,1,€ 150,2019/10/24,2019/10/25,0,"9,5",7
Hostal Penalty,189209,NA,Valencia,1,1,€ 85,2019/10/24,2019/10/25,1,8,7
Glorieta,4217752,Apartamento,Valencia,1,1,NA,2019/10/24,2019/10/25,0,"9,6",7
MD Modern Hotel - Jardines,305447,NA,Valencia,1,1,€ 86,2019/10/24,2019/10/25,1,"8,3",7
Preciosos Apartamentos en el Carmen,2918345,Apartamentos,Valencia,1,1,€ 88,2019/10/24,2019/10/25,0,"8,1",7
Dormavalencia Hostel,249585,NA,Valencia,1,1,€ 89,2019/10/24,2019/10/25,1,"8,2",7
Flatsforyou Las Arcadias,473415,Apartamentos,Valencia,1,1,€ 90,2019/10/24,2019/10/25,0,"8,4",7
Flatsforyou Bonaire,455152,Apartamentos,Valencia,1,1,€ 90,2019/10/24,2019/10/25,0,"8,3",7
Apart and Benef,2291245,NA,Valencia,1,1,€ 34,2019/10/24,2019/10/25,0,"7,9",7
Habitacion Doble Homestay,4037073,NA,Valencia,1,1,€ 36,2019/10/24,2019/10/25,0,"7,9",7
La Morella del Carmen,5188541,Apartamento,Valencia,1,1,NA,2019/10/24,2019/10/25,0,"9,6",7
Hostal El Cid,309465,NA,Valencia,1,1,€ 37,2019/10/24,2019/10/25,2,"7,6",7
Habitación San Cayetano,4624401,NA,Valencia,1,1,€ 40,2019/10/24,2019/10/25,0,"7,5",7
Pensión Universal,304276,NA,Valencia,1,1,€ 42,2019/10/24,2019/10/25,0,"7,9",7
LOFT apartamento duplex en Valencia con parking gratis,5519008,Apartamento,Valencia,1,1,NA,2019/10/24,2019/10/25,0,"9,9",7
Apartments Downtown Valencia,2250421,Apartamentos,Valencia,1,1,€ 160,2019/10/24,2019/10/25,0,"9,6",7
Apartments Torres de Serranos Valencia,1099602,Apartamentos,Valencia,1,1,€ 227,2019/10/24,2019/10/25,0,"9,6",7
MD PASEO RUZAFA CENTER,5374850,Apartamento,Valencia,1,1,€ 1.030,2019/10/24,2019/10/25,0,"9,6",7
Voyagers Inn Homestay,2682156,NA,Valencia,1,1,€ 42,2019/10/24,2019/10/25,0,"7,8",7
Casual Civilizaciones Valencia,449777,NA,Valencia,1,1,€ 47,2019/10/24,2019/10/25,0,"7,9",7
Hostal Moratin,326015,NA,Valencia,1,1,€ 48,2019/10/24,2019/10/25,1,"7,9",7
Cantagua Hostel,4074640,NA,Valencia,1,1,€ 35,2019/10/24,2019/10/25,0,"9,1",7
Habitación privada a 1500 metros de la playa,3789910,NA,Valencia,1,1,€ 60,2019/10/24,2019/10/25,0,"9,3",7
YOU & CO. Saler Beach Boutique,4533007,NA,Valencia,1,1,€ 65,2019/10/24,2019/10/25,3,9,7
ApartUP Patacona Select,4972015,Apartamento,Valencia,1,1,NA,2019/10/24,2019/10/25,0,"9,9",7
Hexagonal Design Apartment Valencia,4630643,Apartamento,Valencia,1,1,NA,2019/10/24,2019/10/25,0,"9,6",7
Carrer del Músic Peydró- 46 Apartament 5,4216247,Apartamento,Valencia,1,1,€ 49,2019/10/24,2019/10/25,0,"7,8",7
Valencia City Host,1177077,NA,Valencia,1,1,€ 49,2019/10/24,2019/10/25,0,"7,8",7
Apartamentos Rusafa,5604325,NA,Valencia,1,1,€ 50,2019/10/24,2019/10/25,0,"7,7",7
Apartamentos Adressadors,1743173,Apartamentos,Valencia,1,1,€ 50,2019/10/24,2019/10/25,0,"7,7",7
Kasa Katia Eco Guest House,636256,NA,Valencia,1,1,€ 68,2019/10/24,2019/10/25,0,"9,3",7
Apartamento Rosaleda,3014201,Apartamento,Valencia,1,1,€ 70,2019/10/24,2019/10/25,0,9,7
Live in Chianti,2227491,NA,Valencia,1,1,€ 75,2019/10/24,2019/10/25,0,"9,1",7
Attic Rooms in Botánico,5522932,NA,Valencia,1,1,€ 50,2019/10/24,2019/10/25,0,"7,6",7
Apartamentos Abastos,1044426,Apartamentos,Valencia,1,1,€ 50,2019/10/24,2019/10/25,0,"7,5",7
City Valencia Beach 360,4504803,Apartamento,Valencia,1,1,NA,2019/10/24,2019/10/25,0,"9,6",7
Como en casa,4802186,NA,Valencia,1,1,€ 54,2019/10/24,2019/10/25,0,"7,9",7
Turia Burjassot 12,3237353,Apartamento,Valencia,1,1,€ 75,2019/10/24,2019/10/25,0,9,7
Loft zona Pechina en Valencia centro,2524985,Apartamento,Valencia,1,1,€ 78,2019/10/24,2019/10/25,0,"9,1",7
Habitacion por dias Centro Valencia,3977106,NA,Valencia,1,1,€ 55,2019/10/24,2019/10/25,0,"7,8",7
Valencia Lounge Hostel,337203,NA,Valencia,1,1,€ 56,2019/10/24,2019/10/25,0,"7,7",7
OYO Pensión El Rincón,476031,NA,Valencia,1,1,€ 59,2019/10/24,2019/10/25,1,"7,5",7
Hostal Bisbal,235665,NA,Valencia,1,1,€ 60,2019/10/24,2019/10/25,1,"7,5",7
Patacona Green Flats,292996,Apartamentos,Valencia,1,1,€ 62,2019/10/24,2019/10/25,0,"7,6",7
Constitución,4229663,Apartamento,Valencia,1,1,NA,2019/10/24,2019/10/25,0,"9,5",7
Casual de la Música Valencia,273130,NA,Valencia,1,1,€ 68,2019/10/24,2019/10/25,2,"7,5",7
Hotel Beleret,94652,NA,Valencia,1,1,€ 69,2019/10/24,2019/10/25,3,"7,6",7
Hospederia del Pilar,327766,NA,Valencia,1,1,€ 72,2019/10/24,2019/10/25,0,"7,9",7
B&B Hotel Valencia Ciudad de las Ciencias,92242,NA,Valencia,1,1,€ 74,2019/10/24,2019/10/25,3,"7,5",7
SHF Plaza de la Reina,1682520,Apartamentos,Valencia,1,1,€ 75,2019/10/24,2019/10/25,0,"7,8",7
