name,propertyId,propertyType,city,rooms,days,price,checkIn,checkOut,stars,score,advance
Casa Adosada Quintero,5481770,Casa o chalet,Valencia,1,1,€ 118,2019/11/06,2019/11/07,0,,30
The White Apartment: Luxury- Beach and Design,5631365,Apartamento,Valencia,1,1,€ 167,2019/11/06,2019/11/07,0,,30
Travel Habitat Sur Valencia,2802366,Apartamento,Valencia,1,1,NA,2019/11/06,2019/11/07,0,"8,5",30
Apartment Carrer Ernesto Che Guevara,5598848,Apartamentos,Valencia,1,1,€ 211,2019/11/06,2019/11/07,0,,30
Apartamento con terraza,5238122,Apartahotel,Valencia,1,1,€ 240,2019/11/06,2019/11/07,0,,30
"Flat ""Ca Alexandre""",3687859,Apartamento,Valencia,1,1,€ 240,2019/11/06,2019/11/07,0,,30
Apartment Carrer de Don Juan de Austria,5464038,Apartamentos,Valencia,1,1,€ 275,2019/11/06,2019/11/07,0,,30
Dreams Rental City Hall,337092,Apartamentos,Valencia,1,1,€ 280,2019/11/06,2019/11/07,0,,30
LACASAMALVA1 PLAYA DE VALENCIA,5679960,Casas y chalets,Valencia,1,1,€ 298,2019/11/06,2019/11/07,0,,30
SingularStays Plaza del Mercado,1755231,Apartamentos,Valencia,1,1,NA,2019/11/06,2019/11/07,0,"8,5",30
Governor Residence,3799760,Apartahotel,Valencia,1,1,€ 600,2019/11/06,2019/11/07,0,,30
Apartamento Gran Vía Marqués del Turia,2358973,Apartamento,Valencia,1,1,€ 139,2019/11/06,2019/11/07,0,"8,5",30
Cathedral Suites Hotel,1736257,Apartahotel,Valencia,1,1,€ 145,2019/11/06,2019/11/07,4,"8,9",30
Apartamentos Hiedra y Tapinería Mercado Central,1888891,Apartamentos,Valencia,1,1,NA,2019/11/06,2019/11/07,0,"9,2",30
Friendly Rentals Ferrero,2314984,Apartamento,Valencia,1,1,€ 145,2019/11/06,2019/11/07,0,"8,8",30
Apartamento LUXURY CENTRO HISTORICO,3664772,Apartamento,Valencia,1,1,€ 149,2019/11/06,2019/11/07,0,"8,6",30
Stylish newly renovated in great location /WIFI,3661070,Apartamento,Valencia,1,1,€ 149,2019/11/06,2019/11/07,0,"8,6",30
Vincci Palace,94163,NA,Valencia,1,1,€ 158,2019/11/06,2019/11/07,4,"8,7",30
Friendly Rentals Vives 2,2523871,Apartamento,Valencia,1,1,€ 160,2019/11/06,2019/11/07,0,"8,6",30
Puerta de Serranos,2734333,Apartamentos,Valencia,1,1,€ 161,2019/11/06,2019/11/07,0,"8,8",30
Calle Mora De Rubielos,2854363,Apartamento,Valencia,1,1,NA,2019/11/06,2019/11/07,0,"9,4",30
Mar & City Apartment,3456759,Apartamento,Valencia,1,1,€ 166,2019/11/06,2019/11/07,0,"8,9",30
Vincci Lys,91183,NA,Valencia,1,1,€ 168,2019/11/06,2019/11/07,4,"8,9",30
Hospes Palau de La Mar,93823,NA,Valencia,1,1,€ 176,2019/11/06,2019/11/07,5,"8,8",30
Tryp Valencia Feria,92852,NA,Valencia,1,1,€ 63,2019/11/06,2019/11/07,4,"8,4",30
Reina 12,1684198,NA,Valencia,1,1,€ 64,2019/11/06,2019/11/07,0,"8,2",30
Old Town Russafa,2850245,Apartamento,Valencia,1,1,NA,2019/11/06,2019/11/07,0,"9,3",30
Senator Parque Central Hotel,274963,NA,Valencia,1,1,€ 65,2019/11/06,2019/11/07,4,"8,1",30
City of Arts & Spa Apartment,4820684,Apartamento,Valencia,1,1,€ 65,2019/11/06,2019/11/07,0,8,30
Valenciaflats Torres de Serrano,17468,Apartamentos,Valencia,1,1,€ 66,2019/11/06,2019/11/07,0,"8,3",30
Ilunion Aqua 3,92776,NA,Valencia,1,1,€ 67,2019/11/06,2019/11/07,3,"8,3",30
Holiday Inn Express Ciudad de las Ciencias,96737,NA,Valencia,1,1,€ 68,2019/11/06,2019/11/07,3,8,30
City Suites Apartments,3091106,NA,Valencia,1,1,€ 70,2019/11/06,2019/11/07,0,"8,4",30
Apartamento Joseph - luminoso y muy céntrico,4267950,Apartamento,Valencia,1,1,NA,2019/11/06,2019/11/07,0,"9,1",30
Apartment Vicent,1674495,Apartamento,Valencia,1,1,€ 70,2019/11/06,2019/11/07,0,"8,3",30
Silken Puerta Valencia,91182,NA,Valencia,1,1,€ 71,2019/11/06,2019/11/07,4,"8,3",30
Hotel Medium Valencia,96838,NA,Valencia,1,1,€ 72,2019/11/06,2019/11/07,4,"8,2",30
NH Valencia Las Artes,90731,NA,Valencia,1,1,€ 72,2019/11/06,2019/11/07,4,"8,4",30
Atico Ciutat Vella,3446230,Apartamentos,Valencia,1,1,€ 75,2019/11/06,2019/11/07,0,"8,3",30
Nanit Valencia Hostel,3913497,NA,Valencia,1,1,€ 75,2019/11/06,2019/11/07,0,"8,3",30
Moderno apartamento cerca del casco antiguo,5059456,Apartamento,Valencia,1,1,NA,2019/11/06,2019/11/07,0,9,30
Ático cerca del mar,4040503,Apartamento,Valencia,1,1,€ 75,2019/11/06,2019/11/07,0,"8,3",30
Dormavalencia Hostel Regne,291755,NA,Valencia,1,1,€ 77,2019/11/06,2019/11/07,1,8,30
Apartamento Ciudad de las Artes y las Ciencias,4353552,Apartamento,Valencia,1,1,€ 78,2019/11/06,2019/11/07,0,"8,3",30
Hotel Valencia Center,91285,NA,Valencia,1,1,€ 84,2019/11/06,2019/11/07,4,"8,4",30
Casual de las Artes Valencia,538056,NA,Valencia,1,1,€ 85,2019/11/06,2019/11/07,3,"8,4",30
City Garden Bed and Breakfast,2204361,NA,Valencia,1,1,€ 87,2019/11/06,2019/11/07,0,"9,4",30
Mon Suites San Nicolas,4117225,Apartamentos,Valencia,1,1,€ 87,2019/11/06,2019/11/07,0,"9,2",30
Preciosos Apartamentos en el Carmen,2918345,Apartamentos,Valencia,1,1,€ 88,2019/11/06,2019/11/07,0,"8,2",30
Piso con encanto en Ciutat Vella (El Carmen),3019874,Apartamento,Valencia,1,1,NA,2019/11/06,2019/11/07,0,9,30
Eurostars Rey Don Jaime,91520,NA,Valencia,1,1,€ 89,2019/11/06,2019/11/07,4,"8,2",30
Reina's Apartment,2130930,Apartamentos,Valencia,1,1,€ 89,2019/11/06,2019/11/07,0,"8,3",30
Apartamento Plaza Sainetero,2743838,Apartamento,Valencia,1,1,€ 93,2019/11/06,2019/11/07,0,"8,2",30
City Valencia Beach 360,4504803,Apartamento,Valencia,1,1,NA,2019/11/06,2019/11/07,0,"9,6",30
Nest Style Valencia,5219046,NA,Valencia,1,1,€ 87,2019/11/06,2019/11/07,3,"9,4",30
Apartamento cerca de la Playa y el Centro,2620264,Apartamento,Valencia,1,1,€ 88,2019/11/06,2019/11/07,0,9,30
Palacio de Rojas,1073276,Apartamentos,Valencia,1,1,€ 89,2019/11/06,2019/11/07,0,"9,3",30
Turia Burjassot 12,3237353,Apartamento,Valencia,1,1,€ 90,2019/11/06,2019/11/07,0,9,30
Dolz Garden Ruzafa,1123993,Apartamentos,Valencia,1,1,€ 90,2019/11/06,2019/11/07,0,"9,1",30
RUZAFA. Nice apartment and Terrace.,4368595,Apartamento,Valencia,1,1,€ 90,2019/11/06,2019/11/07,0,"9,3",30
Travel Habitat Ático Ciutat Vella.,3264750,Apartamento,Valencia,1,1,NA,2019/11/06,2019/11/07,0,"9,5",30
Dama Del Puerto,3230781,Apartamento,Valencia,1,1,€ 90,2019/11/06,2019/11/07,0,9,30
Citizentral Juristas,1113127,Apartamentos,Valencia,1,1,€ 91,2019/11/06,2019/11/07,0,"9,2",30
Olvida tu Reloj Montichelvo Apartment,3258095,Apartamento,Valencia,1,1,€ 91,2019/11/06,2019/11/07,0,"9,4",30
Olvida tu Reloj Congresos Apartment,2448036,Apartamento,Valencia,1,1,€ 91,2019/11/06,2019/11/07,0,"9,2",30
Mon Suites Catedral,485679,Apartamentos,Valencia,1,1,€ 91,2019/11/06,2019/11/07,0,"9,2",30
APARTAMENTO LAS MELLIZAS,4651578,NA,Valencia,1,1,€ 47,2019/11/06,2019/11/07,0,"8,4",30
Apartamento Privado Próximo a Playa y Ciencias,3783163,Apartamento,Valencia,1,1,€ 95,2019/11/06,2019/11/07,0,"8,2",30
The Westin Valencia,93321,NA,Valencia,1,1,€ 193,2019/11/06,2019/11/07,5,"8,7",30
Carlos & Ana,2079019,Apartamento,Valencia,1,1,€ 195,2019/11/06,2019/11/07,0,"8,9",30
Canela`s Vintage Ruzafa Centro,4652584,Apartamento,Valencia,1,1,€ 200,2019/11/06,2019/11/07,0,"8,5",30
SingularStays Plaza Redonda,1551343,Apartamento,Valencia,1,1,NA,2019/11/06,2019/11/07,0,"9,2",30
Exclusive Beach Apartment,4641691,Apartamento,Valencia,1,1,€ 205,2019/11/06,2019/11/07,0,"8,9",30
Casa de Vacaciones Pintor Vilar,2093863,Apartamento,Valencia,1,1,€ 222,2019/11/06,2019/11/07,0,"8,9",30
SingularStays Parque Central,3054000,Apartamentos,Valencia,1,1,€ 249,2019/11/06,2019/11/07,0,"8,8",30
Center Valencia Youth Hostel,246931,NA,Valencia,1,1,€ 22,2019/11/06,2019/11/07,0,8,30
Casual Socarrat Valencia,5142800,NA,Valencia,1,1,€ 94,2019/11/06,2019/11/07,3,"9,2",30
Ciudad Ciencias- Lujo- Parking- Wi-Fi.,4999636,Apartamento,Valencia,1,1,NA,2019/11/06,2019/11/07,0,"9,8",30
Center City Flats,861452,Apartamentos,Valencia,1,1,€ 94,2019/11/06,2019/11/07,0,"9,1",30
Casa Cabañal,2436758,Casa o chalet,Valencia,1,1,€ 95,2019/11/06,2019/11/07,0,9,30
Apartamento centro frente a Torres de Serrano,3408067,Apartamento,Valencia,1,1,€ 98,2019/11/06,2019/11/07,0,"9,4",30
Suites by Eric Olsan (Florista),4726450,Apartamentos,Valencia,1,1,€ 82,2019/11/06,2019/11/07,0,"8,6",30
Hotel El Siglo,1741479,NA,Valencia,1,1,€ 82,2019/11/06,2019/11/07,3,"8,5",30
Habitación en valencia centro,5418023,NA,Valencia,1,1,€ 30,2019/11/06,2019/11/07,0,"8,3",30
B&B Hi Valencia Canovas,305349,NA,Valencia,1,1,€ 38,2019/11/06,2019/11/07,0,"8,3",30
Apartments Abate 4,2848648,Apartamentos,Valencia,1,1,NA,2019/11/06,2019/11/07,0,9,30
Red Nest Hostel,92283,NA,Valencia,1,1,€ 38,2019/11/06,2019/11/07,0,"8,2",30
Tramontana Apartments,1277215,Apartamentos,Valencia,1,1,NA,2019/11/06,2019/11/07,0,9,30
One Shot Colón 46,1394168,NA,Valencia,1,1,€ 84,2019/11/06,2019/11/07,3,"8,7",30
AC Hotel Valencia,91063,NA,Valencia,1,1,€ 84,2019/11/06,2019/11/07,4,"8,5",30
Purple Nest Hostel,25278,NA,Valencia,1,1,€ 38,2019/11/06,2019/11/07,0,"8,2",30
Apartamento Barato Valencia,3931013,NA,Valencia,1,1,€ 42,2019/11/06,2019/11/07,0,8,30
Habitacion en Valencia,4861732,NA,Valencia,1,1,€ 45,2019/11/06,2019/11/07,0,"8,2",30
Valencia Apartamentos Goya,4256653,Apartamentos,Valencia,1,1,€ 210,2019/11/06,2019/11/07,0,10,30
Colors Rooms,675839,NA,Valencia,1,1,€ 40,2019/11/06,2019/11/07,0,"9,6",30
Cómoda habitación Valencia,4200488,NA,Valencia,1,1,NA,2019/11/06,2019/11/07,0,"9,6",30
Suites by Eric Olsan (L),4287413,Apartamentos,Valencia,1,1,€ 83,2019/11/06,2019/11/07,0,"7,7",30
Apartamento Angel Alcazar 35,2174625,Apartamento,Valencia,1,1,€ 90,2019/11/06,2019/11/07,0,"7,5",30
Apartments Viveros,1069530,Apartamentos,Valencia,1,1,NA,2019/11/06,2019/11/07,0,"8,6",30
United Colors of Apartments Boutique Style,5372347,Apartamentos,Valencia,1,1,€ 69,2019/11/06,2019/11/07,0,"9,5",30
Hostal Antigua Morellana,1273937,NA,Valencia,1,1,€ 80,2019/11/06,2019/11/07,1,"9,5",30
Bubuflats Bubu 3,1014334,Apartamento,Valencia,1,1,€ 85,2019/11/06,2019/11/07,0,"9,6",30
Habitacion en Valencia Barata,4861796,NA,Valencia,1,1,€ 45,2019/11/06,2019/11/07,0,"8,1",30
Ramirez Flats & Bar,4124528,Apartahotel,Valencia,1,1,€ 86,2019/11/06,2019/11/07,0,"9,5",30
Valencian Dreams Lonja,4757385,Apartamento,Valencia,1,1,€ 87,2019/11/06,2019/11/07,0,"9,8",30
Calle de Frederica Montseny 'Política' Casa o chalet,5152866,Casa o chalet,Valencia,1,1,€ 95,2019/11/06,2019/11/07,0,"9,6",30
Apartment Cabanyal,3172456,Apartamento,Valencia,1,1,NA,2019/11/06,2019/11/07,0,"9,7",30
Apartment Cisneros 2,2361375,Apartamento,Valencia,1,1,€ 95,2019/11/06,2019/11/07,0,"9,7",30
Apartamentos Dormavalencia,4450983,Apartamentos,Valencia,1,1,€ 155,2019/11/06,2019/11/07,0,"8,4",30
Loft el Carmen amazing views,4932621,Apartamento,Valencia,1,1,€ 172,2019/11/06,2019/11/07,0,"8,1",30
Loft Superior el Carmen,2784473,Apartamento,Valencia,1,1,NA,2019/11/06,2019/11/07,0,"9,2",30
Vlc Apartaments el Carmen,389902,Apartamentos,Valencia,1,1,€ 214,2019/11/06,2019/11/07,0,"8,2",30
Apartment Florista,2150187,Apartamento,Valencia,1,1,€ 90,2019/11/06,2019/11/07,0,"7,8",30
Plaza Sainetero 5,3148458,Apartamento,Valencia,1,1,€ 93,2019/11/06,2019/11/07,0,"7,7",30
Kirei Apartment Vienna,4639797,Apartamento,Valencia,1,1,€ 103,2019/11/06,2019/11/07,0,"7,6",30
Friendly Rentals Danna,1634254,Apartamento,Valencia,1,1,€ 145,2019/11/06,2019/11/07,0,"7,7",30
Kirei Apartment Calgary,4768322,Apartamento,Valencia,1,1,€ 148,2019/11/06,2019/11/07,0,"7,5",30
MD Benlliure Beach.,1957258,Apartamento,Valencia,1,1,€ 271,2019/11/06,2019/11/07,0,"7,9",30
Musico Peydro Apartments,3765069,Apartamentos,Valencia,1,1,€ 271,2019/11/06,2019/11/07,0,8,30
Malvarrosa Calle Pavia,3608764,Casa o chalet,Valencia,1,1,€ 271,2019/11/06,2019/11/07,0,8,30
NWT Central Station Apartments,3964093,Apartamento,Valencia,1,1,€ 300,2019/11/06,2019/11/07,0,"8,3",30
MD Vila Barbera Apartment Center,1957253,Apartamento,Valencia,1,1,€ 330,2019/11/06,2019/11/07,0,"8,3",30
MD Sueca. Apartment with Terrace Ruzafa,2551179,Apartamento,Valencia,1,1,€ 330,2019/11/06,2019/11/07,0,"8,2",30
Sorolla Centro,90896,NA,Valencia,1,1,€ 99,2019/11/06,2019/11/07,3,"9,1",30
APARTAMENTO CENTRO- RUZAFA. WI-FI. PARKING,3144104,Apartamento,Valencia,1,1,€ 100,2019/11/06,2019/11/07,0,"9,3",30
Mestalla Paradise,4734619,NA,Valencia,1,1,€ 100,2019/11/06,2019/11/07,0,"9,1",30
Apartamento Bolseria 28,881275,Apartamentos,Valencia,1,1,NA,2019/11/06,2019/11/07,0,"9,5",30
Piso como en tu casa 2,3834617,Apartamentos,Valencia,1,1,€ 101,2019/11/06,2019/11/07,0,"9,2",30
Apt. Salvador Giner,2264544,Apartamento,Valencia,1,1,NA,2019/11/06,2019/11/07,0,"9,1",30
UP Hostel Valencia,1710137,NA,Valencia,1,1,€ 24,2019/11/06,2019/11/07,0,"7,7",30
Pensión Universal,304276,NA,Valencia,1,1,€ 27,2019/11/06,2019/11/07,0,"7,9",30
Hostal Moratin,326015,NA,Valencia,1,1,€ 28,2019/11/06,2019/11/07,1,"7,9",30
Apartamentos La más Bonita,2816245,Apartamentos,Valencia,1,1,€ 104,2019/11/06,2019/11/07,0,"9,1",30
Hotel Boutique Balandret,1281710,NA,Valencia,1,1,€ 105,2019/11/06,2019/11/07,3,"9,2",30
Forn desamparats,2380447,Apartamento,Valencia,1,1,€ 105,2019/11/06,2019/11/07,0,"9,4",30
Casa La Buhardilla,2985364,Apartamento,Valencia,1,1,€ 97,2019/11/06,2019/11/07,0,"9,6",30
Precioso piso junto al antiguo barrio de Campanar,3297078,Apartamento,Valencia,1,1,€ 100,2019/11/06,2019/11/07,0,"9,5",30
Opera House Valencia B&B,3533887,NA,Valencia,1,1,€ 108,2019/11/06,2019/11/07,0,"9,5",30
Apartments Downtown Valencia,2250421,Apartamentos,Valencia,1,1,€ 110,2019/11/06,2019/11/07,0,"9,6",30
One Shot Mercat 09,2274203,NA,Valencia,1,1,€ 106,2019/11/06,2019/11/07,4,"9,1",30
Habitaciones Barra89,1076252,NA,Valencia,1,1,€ 31,2019/11/06,2019/11/07,0,"7,8",30
Hostal El Cid,309465,NA,Valencia,1,1,€ 33,2019/11/06,2019/11/07,2,"7,6",30
Apart and Benef,2291245,NA,Valencia,1,1,€ 34,2019/11/06,2019/11/07,0,"7,8",30
Turia Town,4064373,Apartamentos,Valencia,1,1,NA,2019/11/06,2019/11/07,0,"8,8",30
Hostal On Dormire Valencia,432305,NA,Valencia,1,1,€ 35,2019/11/06,2019/11/07,0,"7,8",30
SingularStays Mar44,1002060,Apartamentos,Valencia,1,1,NA,2019/11/06,2019/11/07,0,"8,7",30
MD Art Apartment Ruzafa,2550955,Apartamento,Valencia,1,1,€ 271,2019/11/06,2019/11/07,0,"7,5",30
MD Pelayo with terrace,1979067,Apartamento,Valencia,1,1,€ 271,2019/11/06,2019/11/07,0,"7,8",30
MD Abastos Center,2551194,Apartamento,Valencia,1,1,€ 289,2019/11/06,2019/11/07,0,"7,7",30
MD Oliag I Apartment Ruzafa,2867488,Apartamento,Valencia,1,1,€ 317,2019/11/06,2019/11/07,0,"7,7",30
MARQUÉS HOUSE 4* SUP,2118880,NA,Valencia,1,1,€ 139,2019/11/06,2019/11/07,4,"9,5",30
BONNIES Suites & Spa Valencia,3631910,Apartamentos,Valencia,1,1,NA,2019/11/06,2019/11/07,0,"9,8",30
Disfruta - Enjoy Valencia Oceanografic,4121345,Apartamento,Valencia,1,1,€ 139,2019/11/06,2019/11/07,0,"9,6",30
Disfruta - Enjoy Valencia Ayuntamiento,4901194,Apartamento,Valencia,1,1,€ 139,2019/11/06,2019/11/07,0,"9,6",30
RUZAFA- CENTRO-A/C- WI-FI- PARKING,2885994,Apartamento,Valencia,1,1,€ 140,2019/11/06,2019/11/07,0,"9,7",30
Habitación Céntrica en Casa de Familia,4289877,NA,Valencia,1,1,€ 35,2019/11/06,2019/11/07,0,"7,8",30
Habitación San Cayetano,4624401,NA,Valencia,1,1,€ 40,2019/11/06,2019/11/07,0,"7,6",30
Hotel Beleret,94652,NA,Valencia,1,1,€ 41,2019/11/06,2019/11/07,3,"7,6",30
63 Carrer d'Ernest Anastasio,4594613,NA,Valencia,1,1,€ 23,2019/11/06,2019/11/07,0,"7,4",30
Habitación Despuig,4901343,NA,Valencia,1,1,€ 30,2019/11/06,2019/11/07,0,7,30
SingularStays San Vicente,1423172,Apartamentos,Valencia,1,1,NA,2019/11/06,2019/11/07,0,"8,9",30
Hostal Waksman,281139,NA,Valencia,1,1,€ 30,2019/11/06,2019/11/07,1,"7,3",30
Ad Hoc Monumental,90719,NA,Valencia,1,1,€ 85,2019/11/06,2019/11/07,3,"8,6",30
BUBUFLATS / Mercat,783206,Apartamentos,Valencia,1,1,€ 85,2019/11/06,2019/11/07,0,"8,9",30
Burjassot Mestalla,3058627,Apartamento,Valencia,1,1,€ 85,2019/11/06,2019/11/07,0,"8,6",30
Casa de Maria,2467712,Apartamento,Valencia,1,1,€ 85,2019/11/06,2019/11/07,0,"8,6",30
APARTMENTS VALENCIA CENTER,5180014,Apartamentos,Valencia,1,1,NA,2019/11/06,2019/11/07,0,"9,4",30
Olympia Flats,4212801,NA,Valencia,1,1,€ 70,2019/11/06,2019/11/07,0,"9,7",30
Apartamento centro,3160737,Apartamento,Valencia,1,1,€ 150,2019/11/06,2019/11/07,0,"9,7",30
Casa Calle Conquista,4691493,Apartamento,Valencia,1,1,€ 240,2019/11/06,2019/11/07,0,"9,6",30
La seda stay,3335523,Apartamento,Valencia,1,1,NA,2019/11/06,2019/11/07,0,"9,7",30
MD PASEO RUZAFA CENTER,5374850,Apartamento,Valencia,1,1,€ 1.030,2019/11/06,2019/11/07,0,"9,6",30
Valencian Apartment,2298621,Apartamento,Valencia,1,1,€ 87,2019/11/06,2019/11/07,0,"8,9",30
Hotel Valencia Oceanic Managed by Melia Hotels International,91522,NA,Valencia,1,1,€ 88,2019/11/06,2019/11/07,4,"8,6",30
IVAM ESQUIFE,4908298,Apartamento,Valencia,1,1,€ 88,2019/11/06,2019/11/07,0,"8,5",30
Hotel Gabbeach,403586,NA,Valencia,1,1,€ 89,2019/11/06,2019/11/07,3,"8,5",30
Casual Vintage Valencia,1710241,NA,Valencia,1,1,€ 89,2019/11/06,2019/11/07,2,"8,6",30
Plaza Sainetero Arniches,3984774,Apartamento,Valencia,1,1,€ 92,2019/11/06,2019/11/07,0,"8,5",30
Austria 4,1605997,Apartamentos,Valencia,1,1,NA,2019/11/06,2019/11/07,0,9,30
Eurostars Acteón,90495,NA,Valencia,1,1,€ 94,2019/11/06,2019/11/07,4,"8,5",30
Voyagers Inn Homestay,2682156,NA,Valencia,1,1,€ 42,2019/11/06,2019/11/07,0,"7,8",30
Valencia City Host,1177077,NA,Valencia,1,1,€ 42,2019/11/06,2019/11/07,0,"7,8",30
Welcomer Apartments Valencia,19363,Apartamentos,Valencia,1,1,NA,2019/11/06,2019/11/07,0,"8,7",30
Patacona Green Flats,292996,Apartamentos,Valencia,1,1,€ 43,2019/11/06,2019/11/07,0,"7,6",30
Habitacion PLaza Ayuntamiento,4365340,NA,Valencia,1,1,€ 45,2019/11/06,2019/11/07,0,"7,5",30
Habitación con cama doble,4794909,NA,Valencia,1,1,€ 36,2019/11/06,2019/11/07,0,7,30
feliz como en casa,3676196,NA,Valencia,1,1,€ 36,2019/11/06,2019/11/07,0,"7,3",30
Hostal Residencial RR,450746,NA,Valencia,1,1,€ 38,2019/11/06,2019/11/07,0,7,30
HOSPEDAJE PESET,4718074,NA,Valencia,1,1,€ 40,2019/11/06,2019/11/07,0,"7,3",30
Cantagua Hostel,4074640,NA,Valencia,1,1,€ 37,2019/11/06,2019/11/07,0,"9,1",30
YOU & CO. Saler Beach Boutique,4533007,NA,Valencia,1,1,€ 44,2019/11/06,2019/11/07,3,9,30
Florista's Room en Valencia,5502152,NA,Valencia,1,1,€ 56,2019/11/06,2019/11/07,0,"9,1",30
Rooms Ciencias,94126,NA,Valencia,1,1,€ 59,2019/11/06,2019/11/07,0,9,30
Les flors,3985046,Apartamento,Valencia,1,1,€ 95,2019/11/06,2019/11/07,0,"8,7",30
El Palacete Gran Via,3483148,NA,Valencia,1,1,€ 95,2019/11/06,2019/11/07,0,"8,7",30
New Trendy apartment,2426154,Apartamento,Valencia,1,1,€ 95,2019/11/06,2019/11/07,0,"8,7",30
El Coral Apartment Valencia,3606766,Apartamento,Valencia,1,1,€ 95,2019/11/06,2019/11/07,0,"8,7",30
Melia Valencia,290493,NA,Valencia,1,1,€ 98,2019/11/06,2019/11/07,4,"8,8",30
Kasa Katia Eco Guest House,636256,NA,Valencia,1,1,NA,2019/11/06,2019/11/07,0,"9,3",30
Petit Palace Ruzafa,90792,NA,Valencia,1,1,€ 98,2019/11/06,2019/11/07,3,"8,7",30
La Flamenca,818359,NA,Valencia,1,1,€ 40,2019/11/06,2019/11/07,0,"7,2",30
Hola Valencia - Holiday Apartments,2818140,Apartamentos,Valencia,1,1,NA,2019/11/06,2019/11/07,0,"8,8",30
Central Station Valencia Hostel,1647017,NA,Valencia,1,1,€ 41,2019/11/06,2019/11/07,0,"7,1",30
Patacona Resort Apartments,189782,Apartamentos,Valencia,1,1,€ 46,2019/11/06,2019/11/07,0,"7,8",30
Casual de la Música Valencia,273130,NA,Valencia,1,1,€ 46,2019/11/06,2019/11/07,2,"7,5",30
Ilunion Valencia 3,92818,NA,Valencia,1,1,€ 46,2019/11/06,2019/11/07,3,"7,9",30
Sampedor Apartment,435662,Apartamentos,Valencia,1,1,€ 49,2019/11/06,2019/11/07,0,7,30
B&B El Mercat,2203530,NA,Valencia,1,1,€ 50,2019/11/06,2019/11/07,0,"7,3",30
HOSTAL BED OF THE SEA,3974636,NA,Valencia,1,1,€ 50,2019/11/06,2019/11/07,0,"7,1",30
Habitacion Apartamento soleado Plaza Escultor Frechina,4865043,NA,Valencia,1,1,€ 50,2019/11/06,2019/11/07,0,"7,3",30
Barceló Valencia,91988,NA,Valencia,1,1,€ 99,2019/11/06,2019/11/07,4,"8,7",30
Catalonia Excelsior,90578,NA,Valencia,1,1,€ 100,2019/11/06,2019/11/07,3,"8,7",30
Zenit Valencia,92327,NA,Valencia,1,1,€ 104,2019/11/06,2019/11/07,4,"8,8",30
Petit Palace Plaza de la Reina,90443,NA,Valencia,1,1,€ 107,2019/11/06,2019/11/07,3,"8,7",30
Vincci Mercat,1279484,NA,Valencia,1,1,€ 178,2019/11/06,2019/11/07,4,9,30
Zerka Sendra,4657122,Apartamento,Valencia,1,1,€ 179,2019/11/06,2019/11/07,0,9,30
Glorieta,4217752,Apartamento,Valencia,1,1,NA,2019/11/06,2019/11/07,0,"9,8",30
Caro Hotel,348132,NA,Valencia,1,1,€ 209,2019/11/06,2019/11/07,5,"9,2",30
City Center Atico 360,3025679,Apartamento,Valencia,1,1,€ 210,2019/11/06,2019/11/07,0,"9,4",30
Ca Carmela,2466364,Casa o chalet,Valencia,1,1,€ 225,2019/11/06,2019/11/07,0,"9,1",30
Old Fisherman's House in Malvarrosa Beach,3618172,Apartamento,Valencia,1,1,€ 360,2019/11/06,2019/11/07,0,"9,4",30
The River Hostel,494202,NA,Valencia,1,1,€ 23,2019/11/06,2019/11/07,0,"8,5",30
Pensión Alicante,298710,NA,Valencia,1,1,€ 33,2019/11/06,2019/11/07,0,"8,5",30
Apartamento Frederick “Centrico y con Clase”,4236394,Apartamento,Valencia,1,1,NA,2019/11/06,2019/11/07,0,"9,6",30
MD Puerto Rico Apartment Ruzafa,3737151,Apartamento,Valencia,1,1,€ 289,2019/11/06,2019/11/07,0,"7,4",30
Quart Youth Hostel,476418,NA,Valencia,1,1,€ 45,2019/11/06,2019/11/07,0,"8,6",30
Art&Flats Bed&Breakfast,5238345,NA,Valencia,1,1,€ 45,2019/11/06,2019/11/07,0,"8,8",30
UNIK. Apartments Valencia,2241282,Apartamentos,Valencia,1,1,€ 50,2019/11/06,2019/11/07,0,"8,5",30
Pio XII Apartments Valencia,402080,Apartamentos,Valencia,1,1,€ 51,2019/11/06,2019/11/07,0,"8,5",30
Select Home Catedral,440778,Apartamentos,Valencia,1,1,€ 340,2019/11/06,2019/11/07,0,"7,1",30
Apartamentos City Beach Valencia,371275,Apartamentos,Valencia,1,1,NA,2019/11/06,2019/11/07,0,"8,7",30
MD Villalonga Malvarosa Beach,3739661,Apartamento,Valencia,1,1,€ 430,2019/11/06,2019/11/07,0,"7,1",30
Habitación en Colon,2246576,NA,Valencia,1,1,€ 40,2019/11/06,2019/11/07,0,"6,7",30
Russafa Youth Hostel,345134,NA,Valencia,1,1,€ 54,2019/11/06,2019/11/07,0,"8,6",30
Home Youth Hostel by Feetup Hostels,189322,NA,Valencia,1,1,€ 54,2019/11/06,2019/11/07,0,"8,8",30
LOFT apartamento duplex en Valencia con parking,5519008,Apartamento,Valencia,1,1,NA,2019/11/06,2019/11/07,0,"9,8",30
Namaste Rooms,3799642,NA,Valencia,1,1,€ 55,2019/11/06,2019/11/07,0,"8,7",30
Ruzafa Rooms,2891693,NA,Valencia,1,1,€ 45,2019/11/06,2019/11/07,0,"6,9",30
Apartment Valencia Denia,1968489,Apartamentos,Valencia,1,1,€ 59,2019/11/06,2019/11/07,0,"6,7",30
Guest House Lebon,3124256,NA,Valencia,1,1,€ 60,2019/11/06,2019/11/07,0,"6,8",30
Casita Esmeralda,2040126,Casa o chalet,Valencia,1,1,€ 114,2019/11/06,2019/11/07,0,"6,5",30
B&B Hi Valencia Boutique,1301725,NA,Valencia,1,1,€ 55,2019/11/06,2019/11/07,0,"8,7",30
Hotel Kramer,91106,NA,Valencia,1,1,€ 55,2019/11/06,2019/11/07,3,"8,8",30
Hotel Malcom and Barret,483261,NA,Valencia,1,1,€ 55,2019/11/06,2019/11/07,3,"8,7",30
Apartamento Casa con Angel,1079935,Apartamento,Valencia,1,1,NA,2019/11/06,2019/11/07,0,"8,8",30
Apartamento para 10 personas,5029963,Apartamento,Valencia,1,1,€ 200,2019/11/06,2019/11/07,0,"6,9",30
Fun and Sun Center 2,2944416,NA,Valencia,1,1,€ 32,2019/11/06,2019/11/07,0,"6,1",30
Hulot B&B Valencia,585429,NA,Valencia,1,1,€ 56,2019/11/06,2019/11/07,0,"8,5",30
València Centre Túria,2185255,Apartamento,Valencia,1,1,€ 56,2019/11/06,2019/11/07,0,"8,8",30
Cozy apartment in Valencia! WI-FI !,4447072,Apartamento,Valencia,1,1,NA,2019/11/06,2019/11/07,0,"9,4",30
Casa del Patriarca,364834,NA,Valencia,1,1,€ 57,2019/11/06,2019/11/07,0,"8,9",30
Buho House,3777691,Apartahotel,Valencia,1,1,€ 59,2019/11/06,2019/11/07,0,"8,5",30
RoomTuristValencia - Ruzafa,4608394,NA,Valencia,1,1,€ 25,2019/11/06,2019/11/07,0,"5,6",30
Ruzafa Guesthouse,2269176,NA,Valencia,1,1,€ 30,2019/11/06,2019/11/07,0,"5,6",30
Gon & Diego House,4899561,NA,Valencia,1,1,€ 40,2019/11/06,2019/11/07,0,"5,5",30
Carrer del Bisbe Jaume Pérez,4900140,NA,Valencia,1,1,€ 60,2019/11/06,2019/11/07,0,"5,8",30
Apartaments San Pio V,2456151,Apartamento,Valencia,1,1,€ 60,2019/11/06,2019/11/07,0,"8,9",30
Homestay Carrer Sagun,5006434,NA,Valencia,1,1,€ 60,2019/11/06,2019/11/07,0,"8,7",30
Apartamento Jesus De Medinaceli,1728697,Apartamento,Valencia,1,1,€ 60,2019/11/06,2019/11/07,0,"8,6",30
San Pedro,3819255,Apartamentos,Valencia,1,1,NA,2019/11/06,2019/11/07,0,"8,8",30
Guest House Higinio Noja,2845935,NA,Valencia,1,1,€ 60,2019/11/06,2019/11/07,0,"5,9",30
Oliver,4865093,NA,Valencia,1,1,€ 83,2019/11/06,2019/11/07,0,"5,5",30
Kirei Apartment Berlin,4504570,Apartamentos,Valencia,1,1,€ 92,2019/11/06,2019/11/07,0,"5,6",30
Valencia B&B,2658386,NA,Valencia,1,1,€ 129,2019/11/06,2019/11/07,0,"5,5",30
Kirei Apartment Denver,4585191,Apartamento,Valencia,1,1,€ 137,2019/11/06,2019/11/07,0,"5,9",30
Kirei Apartment Portland,4276529,Apartamentos,Valencia,1,1,€ 200,2019/11/06,2019/11/07,0,"5,9",30
Living Valencia - Parterre,3830646,Apartamento,Valencia,1,1,NA,2019/11/06,2019/11/07,0,"8,5",30
Guest House Torres de Quart,2275006,NA,Valencia,1,1,€ 30,2019/11/06,2019/11/07,0,"5,3",30
RoomTuristValencia Estacion del Norte,4682632,NA,Valencia,1,1,€ 35,2019/11/06,2019/11/07,0,"5,2",30
Guest House Ruzafa,2324552,NA,Valencia,1,1,€ 35,2019/11/06,2019/11/07,0,"5,1",30
Port of Valencia,3805735,Apartamento,Valencia,1,1,€ 75,2019/11/06,2019/11/07,0,"5,1",30
Guest House Duc de Gaeta,2275007,NA,Valencia,1,1,€ 28,2019/11/06,2019/11/07,0,"4,9",30
