name,propertyId,propertyType,city,rooms,days,price,checkIn,checkOut,stars,score,advance
Loft Turia Gran,5133726,NA,Valencia,1,1,€ 80,2019/12/22,2019/12/23,0,,60
Kirei Apartment Dublin,4639542,NA,Valencia,1,1,€ 92,2019/12/22,2019/12/23,0,,60
Apartments Catedral,309686,NA,Valencia,1,1,NA,2019/12/22,2019/12/23,0,"8,8",60
Comfort Room(AVEValencia),5696103,NA,Valencia,1,1,€ 100,2019/12/22,2019/12/23,0,,60
Carrer de l'Arquitecte Alfaro 27 bajo derecha,4353398,NA,Valencia,1,1,€ 102,2019/12/22,2019/12/23,0,,60
Casa Adosada Quintero,5481770,NA,Valencia,1,1,€ 107,2019/12/22,2019/12/23,0,,60
EL ATICO,5680427,NA,Valencia,1,1,€ 107,2019/12/22,2019/12/23,0,,60
CASA MARQUES DE CARO,4472176,NA,Valencia,1,1,€ 121,2019/12/22,2019/12/23,0,,60
Suit AVE (Valencia),5726860,NA,Valencia,1,1,€ 150,2019/12/22,2019/12/23,0,,60
Select Home Mercado de Colón,2960845,NA,Valencia,1,1,NA,2019/12/22,2019/12/23,0,"8,9",60
The White Apartment: Luxury- Beach and Design,5631365,NA,Valencia,1,1,€ 167,2019/12/22,2019/12/23,0,,60
CENTER-Modern 2BR- 2BA-TERRACE- WI-FI- A/C,5241769,NA,Valencia,1,1,€ 176,2019/12/22,2019/12/23,0,,60
Cerca de la Playa- el Puerto y del Oceanográfico,5211380,NA,Valencia,1,1,€ 179,2019/12/22,2019/12/23,0,,60
LUXURIOUS & ALLURING HOME IN HISTORIC TOWN (VALENCIA),5734898,NA,Valencia,1,1,€ 180,2019/12/22,2019/12/23,0,,60
NEW! Apartamento Ciudad de las Artes,5733189,NA,Valencia,1,1,€ 190,2019/12/22,2019/12/23,0,,60
ACOGEDOR - CON TERRAZA - EN EL PLENO CENTRO,5715086,NA,Valencia,1,1,€ 195,2019/12/22,2019/12/23,0,,60
Flats Friends Soho Suites,1819642,NA,Valencia,1,1,NA,2019/12/22,2019/12/23,0,"8,6",60
Apartment Passeig de la Petxina,5695771,NA,Valencia,1,1,€ 195,2019/12/22,2019/12/23,0,,60
Serranos Apartment,2698760,NA,Valencia,1,1,€ 202,2019/12/22,2019/12/23,0,,60
Apartment Carrer Ernesto Che Guevara,5598848,NA,Valencia,1,1,€ 211,2019/12/22,2019/12/23,0,,60
Apartment Carrer de Don Juan de Austria,5464038,NA,Valencia,1,1,€ 279,2019/12/22,2019/12/23,0,,60
LACASAMALVA1 PLAYA DE VALENCIA,5679960,NA,Valencia,1,1,€ 298,2019/12/22,2019/12/23,0,,60
EXCLUSIVE VILLA WITH POOL ON THE BEACH,5684273,NA,Valencia,1,1,€ 595,2019/12/22,2019/12/23,0,,60
SingularStays Mar44,1002060,NA,Valencia,1,1,NA,2019/12/22,2019/12/23,0,"8,7",60
Apartment Carrer de Cadis,5531328,NA,Valencia,1,1,€ 891,2019/12/22,2019/12/23,0,,60
Colors Rooms,675839,NA,Valencia,1,1,€ 45,2019/12/22,2019/12/23,0,"9,5",60
Habitacion Apartamento soleado Plaza Escultor Frechina,4865043,NA,Valencia,1,1,€ 50,2019/12/22,2019/12/23,0,"7,4",60
Centro Valencia Calle Cerrajeros,3476261,NA,Valencia,1,1,€ 50,2019/12/22,2019/12/23,0,"7,2",60
Céntrico y acogedor,4442222,NA,Valencia,1,1,NA,2019/12/22,2019/12/23,0,"9,3",60
Lindala,5250762,NA,Valencia,1,1,€ 49,2019/12/22,2019/12/23,0,"9,6",60
Apartments Downtown Valencia,2250421,NA,Valencia,1,1,NA,2019/12/22,2019/12/23,0,"9,6",60
Apartamentos Navío,5647176,NA,Valencia,1,1,€ 70,2019/12/22,2019/12/23,0,"9,9",60
B&B El Mercat,2203530,NA,Valencia,1,1,€ 50,2019/12/22,2019/12/23,0,"7,3",60
Habitacion PLaza Ayuntamiento,4365340,NA,Valencia,1,1,€ 50,2019/12/22,2019/12/23,0,"7,4",60
Petit Palace Plaza de la Reina,90443,NA,Valencia,1,1,€ 98,2019/12/22,2019/12/23,3,"8,7",60
Habitaciones con Encanto,5629632,NA,Valencia,1,1,€ 50,2019/12/22,2019/12/23,0,"7,4",60
Plaza Redonda house.,4399973,NA,Valencia,1,1,€ 59,2019/12/22,2019/12/23,0,"7,4",60
NWT Central Station Valencia,1647017,NA,Valencia,1,1,€ 59,2019/12/22,2019/12/23,0,"7,1",60
SH Valencia Palace,91497,NA,Valencia,1,1,€ 100,2019/12/22,2019/12/23,5,"8,5",60
Splendid house in Valencia,3091182,NA,Valencia,1,1,NA,2019/12/22,2019/12/23,0,"9,3",60
Ramirez Flats & Bar,4124528,NA,Valencia,1,1,€ 77,2019/12/22,2019/12/23,0,"9,5",60
Hostal Antigua Morellana,1273937,NA,Valencia,1,1,€ 80,2019/12/22,2019/12/23,1,"9,5",60
Homestay Carrer Sagun,5006434,NA,Valencia,1,1,€ 100,2019/12/22,2019/12/23,0,"8,8",60
New Trendy apartment,2426154,NA,Valencia,1,1,€ 100,2019/12/22,2019/12/23,0,"8,6",60
Malvarrosa Beach Rooms,314048,NA,Valencia,1,1,€ 60,2019/12/22,2019/12/23,2,7,60
OttoH Charm Stay,2459807,NA,Valencia,1,1,NA,2019/12/22,2019/12/23,0,"9,3",60
Apartment City of Arts,3811530,NA,Valencia,1,1,€ 102,2019/12/22,2019/12/23,0,"8,5",60
Hotel Neptuno,91206,NA,Valencia,1,1,€ 108,2019/12/22,2019/12/23,4,"8,5",60
AC Hotel Colon Valencia,1117150,NA,Valencia,1,1,€ 111,2019/12/22,2019/12/23,4,"8,7",60
Vincci Palace,94163,NA,Valencia,1,1,€ 114,2019/12/22,2019/12/23,4,"8,7",60
OCEANOGRAFIC DELUXE- PARKING- WI-FI,4095746,NA,Valencia,1,1,NA,2019/12/22,2019/12/23,0,"9,1",60
Hostal la Barraca,350013,NA,Valencia,1,1,€ 60,2019/12/22,2019/12/23,0,"7,2",60
Geography and Arts.,3569110,NA,Valencia,1,1,€ 60,2019/12/22,2019/12/23,0,"7,1",60
Piso en Playa de Valencia,5533098,NA,Valencia,1,1,€ 80,2019/12/22,2019/12/23,0,"9,5",60
L'Esplai Valencia Bed & Breakfast,1282556,NA,Valencia,1,1,€ 81,2019/12/22,2019/12/23,0,"9,5",60
Hotel Cosmo,4838858,NA,Valencia,1,1,€ 84,2019/12/22,2019/12/23,3,"9,9",60
Plaza de la Virgen,3167342,NA,Valencia,1,1,€ 115,2019/12/22,2019/12/23,0,"8,8",60
Vincci Lys,91183,NA,Valencia,1,1,€ 119,2019/12/22,2019/12/23,4,"8,9",60
Cathedral Suites Hotel,1736257,NA,Valencia,1,1,€ 129,2019/12/22,2019/12/23,4,"8,9",60
Valencia what else...,2550483,NA,Valencia,1,1,NA,2019/12/22,2019/12/23,0,"9,5",60
LOFT apartamento duplex en Valencia con parking gratis,5519008,NA,Valencia,1,1,€ 90,2019/12/22,2019/12/23,0,"9,9",60
Calle de Frederica Montseny 'Política' Casa o chalet,5152866,NA,Valencia,1,1,€ 95,2019/12/22,2019/12/23,0,"9,6",60
Opera House Valencia B&B,3533887,NA,Valencia,1,1,€ 96,2019/12/22,2019/12/23,0,"9,5",60
Casa La Buhardilla,2985364,NA,Valencia,1,1,€ 97,2019/12/22,2019/12/23,0,"9,6",60
Ciudad Ciencias- Lujo- Parking- Wi-Fi.,4999636,NA,Valencia,1,1,€ 110,2019/12/22,2019/12/23,0,"9,8",60
Almiserat,3054886,NA,Valencia,1,1,€ 70,2019/12/22,2019/12/23,0,"7,1",60
Mi casa es vuestra casa,4967097,NA,Valencia,1,1,€ 70,2019/12/22,2019/12/23,0,"7,1",60
Accommodation Beach Apartments,1001766,NA,Valencia,1,1,€ 79,2019/12/22,2019/12/23,0,"7,1",60
Precioso Apartamento En Pleno Centro Con Wifi,3023494,NA,Valencia,1,1,€ 130,2019/12/22,2019/12/23,0,"8,8",60
Kirei Apartment Na Jordana,1702092,NA,Valencia,1,1,€ 84,2019/12/22,2019/12/23,0,7,60
Xativa Terrace II,1760138,NA,Valencia,1,1,NA,2019/12/22,2019/12/23,0,9,60
Kirei Apartment En Llop,1765516,NA,Valencia,1,1,€ 87,2019/12/22,2019/12/23,0,7,60
MARQUÉS HOUSE 4* SUP,2118880,NA,Valencia,1,1,€ 119,2019/12/22,2019/12/23,4,"9,4",60
Casa Vich,4457634,NA,Valencia,1,1,NA,2019/12/22,2019/12/23,0,"9,5",60
Valencian Dreams Lonja,4757385,NA,Valencia,1,1,€ 128,2019/12/22,2019/12/23,0,"9,8",60
la casita,4333253,NA,Valencia,1,1,€ 132,2019/12/22,2019/12/23,0,"9,8",60
Olympia Flats,4212801,NA,Valencia,1,1,€ 70,2019/12/22,2019/12/23,0,"9,7",60
Perla Apartments,3146781,NA,Valencia,1,1,€ 135,2019/12/22,2019/12/23,0,"8,7",60
Hospes Palau de La Mar,93823,NA,Valencia,1,1,€ 136,2019/12/22,2019/12/23,5,"8,8",60
APARTAMENTO CENTRICO. WI-FI. PARKING,2967593,NA,Valencia,1,1,NA,2019/12/22,2019/12/23,0,"9,1",60
YOU & CO. Saler Beach Boutique,4533007,NA,Valencia,1,1,€ 38,2019/12/22,2019/12/23,3,"8,9",60
Cantagua Hostel,4074640,NA,Valencia,1,1,€ 44,2019/12/22,2019/12/23,0,"9,1",60
Valencia Lounge Hostel,337203,NA,Valencia,1,1,€ 38,2019/12/22,2019/12/23,0,"7,7",60
Valencia City Host,1177077,NA,Valencia,1,1,€ 40,2019/12/22,2019/12/23,0,"7,8",60
Apartament Cura Femenia,2010355,NA,Valencia,1,1,NA,2019/12/22,2019/12/23,0,"9,3",60
Rooms Ciencias,94126,NA,Valencia,1,1,€ 47,2019/12/22,2019/12/23,0,9,60
Atico Loft Ruzafa,3152977,NA,Valencia,1,1,NA,2019/12/22,2019/12/23,0,"9,6",60
Florista's Room en Valencia,5502152,NA,Valencia,1,1,€ 53,2019/12/22,2019/12/23,0,"9,2",60
Guest House Samuel Ros,4161855,NA,Valencia,1,1,€ 90,2019/12/22,2019/12/23,0,"7,2",60
Valencia Apartmans El Carmen,847910,NA,Valencia,1,1,€ 96,2019/12/22,2019/12/23,0,"7,4",60
Apartamento Gran Vía Marqués del Turia,2358973,NA,Valencia,1,1,€ 139,2019/12/22,2019/12/23,0,"8,5",60
Habitación privada a 1500 metros de la playa,3789910,NA,Valencia,1,1,€ 60,2019/12/22,2019/12/23,0,"9,3",60
Hostal Venecia,92883,NA,Valencia,1,1,€ 60,2019/12/22,2019/12/23,2,"9,1",60
United Colors of Apartments Boutique Style,5372347,NA,Valencia,1,1,€ 64,2019/12/22,2019/12/23,0,"9,4",60
Soho Valencia,1538641,NA,Valencia,1,1,€ 144,2019/12/22,2019/12/23,0,"8,9",60
Apartamento LUXURY CENTRO HISTORICO,3664772,NA,Valencia,1,1,€ 149,2019/12/22,2019/12/23,0,"8,5",60
Valencia Apartments,4367788,NA,Valencia,1,1,€ 96,2019/12/22,2019/12/23,0,"7,1",60
Kirei Apartment Vienna,4639797,NA,Valencia,1,1,€ 103,2019/12/22,2019/12/23,0,"7,4",60
Spain Host Valencia Centro- San Vicente II,2567628,NA,Valencia,1,1,€ 114,2019/12/22,2019/12/23,0,"7,4",60
Vistas al mar,3214362,NA,Valencia,1,1,NA,2019/12/22,2019/12/23,0,9,60
Kirei Apartment Calgary,4768322,NA,Valencia,1,1,€ 137,2019/12/22,2019/12/23,0,"7,4",60
Select Home Catedral,440778,NA,Valencia,1,1,€ 170,2019/12/22,2019/12/23,0,"7,1",60
Voyagers Inn Homestay,2682156,NA,Valencia,1,1,€ 40,2019/12/22,2019/12/23,0,"7,8",60
Casual Civilizaciones Valencia,449777,NA,Valencia,1,1,€ 41,2019/12/22,2019/12/23,0,"7,9",60
Hotel Beleret,94652,NA,Valencia,1,1,€ 41,2019/12/22,2019/12/23,3,"7,6",60
Casual de la Música Valencia,273130,NA,Valencia,1,1,€ 42,2019/12/22,2019/12/23,2,"7,5",60
OYO Pensión El Rincón,476031,NA,Valencia,1,1,€ 45,2019/12/22,2019/12/23,1,"7,5",60
Ilunion Valencia 3,92818,NA,Valencia,1,1,€ 46,2019/12/22,2019/12/23,3,"7,9",60
Cozy apartment in Valencia center,3402135,NA,Valencia,1,1,NA,2019/12/22,2019/12/23,0,"9,2",60
Cosy Rooms Tapinería,371192,NA,Valencia,1,1,€ 47,2019/12/22,2019/12/23,2,"7,5",60
Best Valencia Beach Flat,3246772,NA,Valencia,1,1,€ 196,2019/12/22,2019/12/23,0,"7,1",60
HOSTAL BED OF THE SEA,3974636,NA,Valencia,1,1,€ 200,2019/12/22,2019/12/23,0,"7,1",60
Blanq Comedias,4922002,NA,Valencia,1,1,€ 68,2019/12/22,2019/12/23,0,9,60
Apartamento Casa con Angel,1079935,NA,Valencia,1,1,€ 155,2019/12/22,2019/12/23,0,"8,8",60
ValentiaApartments - MercadoCentral,4185241,NA,Valencia,1,1,€ 157,2019/12/22,2019/12/23,0,"8,8",60
Mar & City Apartment,3456759,NA,Valencia,1,1,€ 166,2019/12/22,2019/12/23,0,"8,9",60
Apartamento en la Ciudad de las Artes y las Ciencias,3552283,NA,Valencia,1,1,NA,2019/12/22,2019/12/23,0,"9,4",60
MD Puerto Rico Apartment Ruzafa,3737151,NA,Valencia,1,1,€ 289,2019/12/22,2019/12/23,0,"7,4",60
United Colors of Studios - Mercado Central,2574108,NA,Valencia,1,1,€ 49,2019/12/22,2019/12/23,0,"7,8",60
B&B Hotel Valencia Ciudad de las Ciencias,92242,NA,Valencia,1,1,€ 50,2019/12/22,2019/12/23,3,"7,5",60
Aventura,5567318,NA,Valencia,1,1,€ 50,2019/12/22,2019/12/23,0,"7,9",60
Hostal Bisbal,235665,NA,Valencia,1,1,€ 50,2019/12/22,2019/12/23,1,"7,5",60
Habitaciones Rusafa,5604325,NA,Valencia,1,1,€ 50,2019/12/22,2019/12/23,0,"7,9",60
Edificio Pentagono,4673669,NA,Valencia,1,1,NA,2019/12/22,2019/12/23,0,9,60
The Westin Valencia,93321,NA,Valencia,1,1,€ 173,2019/12/22,2019/12/23,5,"8,7",60
Zerka Sendra,4657122,NA,Valencia,1,1,€ 179,2019/12/22,2019/12/23,0,"8,9",60
Apartamentos Abastos,1044426,NA,Valencia,1,1,€ 50,2019/12/22,2019/12/23,0,"7,5",60
Como en casa,4802186,NA,Valencia,1,1,€ 54,2019/12/22,2019/12/23,0,"7,9",60
Jero Rooms,296743,NA,Valencia,1,1,€ 55,2019/12/22,2019/12/23,0,"7,7",60
Friendly Rentals Rey,1634248,NA,Valencia,1,1,€ 185,2019/12/22,2019/12/23,0,"8,9",60
Habitacion por dias Centro Valencia,3977106,NA,Valencia,1,1,€ 55,2019/12/22,2019/12/23,0,"7,9",60
Tryp Valencia Feria,92852,NA,Valencia,1,1,€ 59,2019/12/22,2019/12/23,4,"8,4",60
Ilunion Aqua 3,92776,NA,Valencia,1,1,€ 59,2019/12/22,2019/12/23,3,"8,3",60
Piso como en tu casa 2,3834617,NA,Valencia,1,1,NA,2019/12/22,2019/12/23,0,"9,2",60
Patacona Green Flats,292996,NA,Valencia,1,1,€ 57,2019/12/22,2019/12/23,0,"7,6",60
Hotel Turia,14441,NA,Valencia,1,1,€ 59,2019/12/22,2019/12/23,4,"7,5",60
Apartamentos Hiedra y Tapinería Mercado Central,1888891,NA,Valencia,1,1,NA,2019/12/22,2019/12/23,0,"9,2",60
Valenciaflats Torres de Serrano,17468,NA,Valencia,1,1,€ 60,2019/12/22,2019/12/23,0,"8,3",60
El Coso,14580,NA,Valencia,1,1,€ 60,2019/12/22,2019/12/23,3,"8,2",60
El Globo,24498,NA,Valencia,1,1,€ 60,2019/12/22,2019/12/23,1,"7,8",60
Checkin Valencia,93743,NA,Valencia,1,1,€ 62,2019/12/22,2019/12/23,4,"7,8",60
El 16 Ruzafa,865461,NA,Valencia,1,1,€ 84,2019/12/22,2019/12/23,0,"7,7",60
Exclusive Beach Apartment,4641691,NA,Valencia,1,1,€ 205,2019/12/22,2019/12/23,0,"8,9",60
Flatsforyou Mercat,1367507,NA,Valencia,1,1,€ 280,2019/12/22,2019/12/23,3,"8,9",60
Sol Playa,12656,NA,Valencia,1,1,€ 60,2019/12/22,2019/12/23,2,"8,3",60
Urban Youth Hostel,1163025,NA,Valencia,1,1,€ 60,2019/12/22,2019/12/23,0,"8,4",60
Apartment Florista,2150187,NA,Valencia,1,1,€ 90,2019/12/22,2019/12/23,0,"7,9",60
City Center Apartments,4426057,NA,Valencia,1,1,€ 90,2019/12/22,2019/12/23,0,"7,8",60
Hotel Miramar,23332,NA,Valencia,1,1,€ 61,2019/12/22,2019/12/23,2,"8,4",60
NH Valencia Las Ciencias,90725,NA,Valencia,1,1,€ 62,2019/12/22,2019/12/23,3,8,60
Brisa Mare Nostrum,2855311,NA,Valencia,1,1,NA,2019/12/22,2019/12/23,0,"9,3",60
L'Otelet By Sweet,1467935,NA,Valencia,1,1,€ 64,2019/12/22,2019/12/23,0,"8,3",60
Biopark View Apartment,2381901,NA,Valencia,1,1,€ 103,2019/12/22,2019/12/23,0,9,60
Reina 12,1684198,NA,Valencia,1,1,€ 64,2019/12/22,2019/12/23,0,"8,3",60
Alex Apartment,1756374,NA,Valencia,1,1,€ 64,2019/12/22,2019/12/23,0,8,60
Apartamentos La más Bonita,2816245,NA,Valencia,1,1,€ 104,2019/12/22,2019/12/23,0,9,60
Valencia center,3168460,NA,Valencia,1,1,NA,2019/12/22,2019/12/23,0,"9,8",60
HQ Rooms Apartments San Vicente,2894429,NA,Valencia,1,1,€ 105,2019/12/22,2019/12/23,0,"9,2",60
Hotel Alkazar,408511,NA,Valencia,1,1,€ 64,2019/12/22,2019/12/23,1,"8,1",60
Hotel Valencia Center,91285,NA,Valencia,1,1,€ 65,2019/12/22,2019/12/23,4,"8,4",60
Style Apartments Puerto,1558265,NA,Valencia,1,1,€ 67,2019/12/22,2019/12/23,0,"8,1",60
Center Valencia,2944722,NA,Valencia,1,1,NA,2019/12/22,2019/12/23,0,"9,3",60
Casual de las Artes Valencia,538056,NA,Valencia,1,1,€ 68,2019/12/22,2019/12/23,3,"8,4",60
NH Valencia Las Artes,90731,NA,Valencia,1,1,€ 68,2019/12/22,2019/12/23,4,"8,4",60
Hotel Kramer,91106,NA,Valencia,1,1,€ 55,2019/12/22,2019/12/23,3,"8,8",60
UNIK. Apartments Valencia,2241282,NA,Valencia,1,1,€ 55,2019/12/22,2019/12/23,0,"8,5",60
Apartment Vicent,1674495,NA,Valencia,1,1,€ 70,2019/12/22,2019/12/23,0,"8,3",60
Primus Valencia,331871,NA,Valencia,1,1,€ 70,2019/12/22,2019/12/23,4,"8,3",60
Apartamentos Dormavalencia,4450983,NA,Valencia,1,1,€ 71,2019/12/22,2019/12/23,0,"8,4",60
Forn desamparats,2380447,NA,Valencia,1,1,€ 105,2019/12/22,2019/12/23,0,"9,4",60
WeRentVLC Sunny Terrace Ruzafa,2906716,NA,Valencia,1,1,€ 105,2019/12/22,2019/12/23,0,"9,4",60
City Suites Apartments,3091106,NA,Valencia,1,1,€ 74,2019/12/22,2019/12/23,0,"8,3",60
Piso céntrico Plaza Toros,2961063,NA,Valencia,1,1,NA,2019/12/22,2019/12/23,0,"9,3",60
Atico Ciutat Vella,3446230,NA,Valencia,1,1,€ 75,2019/12/22,2019/12/23,0,"8,3",60
Comfort Homestay,5423155,NA,Valencia,1,1,€ 105,2019/12/22,2019/12/23,0,9,60
"Piso ""Como en tu casa""",2689136,NA,Valencia,1,1,€ 110,2019/12/22,2019/12/23,0,"9,2",60
Ático cerca del mar,4040503,NA,Valencia,1,1,€ 75,2019/12/22,2019/12/23,0,"8,3",60
Hotel Conqueridor,91047,NA,Valencia,1,1,€ 81,2019/12/22,2019/12/23,4,"8,4",60
NH Valencia Center,90727,NA,Valencia,1,1,€ 84,2019/12/22,2019/12/23,4,"8,3",60
Mon Suites San Nicolas,4117225,NA,Valencia,1,1,€ 110,2019/12/22,2019/12/23,0,"9,2",60
Luxury Center Plaza Redonda,5138960,NA,Valencia,1,1,NA,2019/12/22,2019/12/23,0,"9,7",60
Olvida tu Reloj Montichelvo Apartment,3258095,NA,Valencia,1,1,€ 111,2019/12/22,2019/12/23,0,"9,4",60
Dormavalencia Hostel,249585,NA,Valencia,1,1,€ 85,2019/12/22,2019/12/23,1,"8,2",60
Apartment Plaza Cisneros,1273377,NA,Valencia,1,1,NA,2019/12/22,2019/12/23,0,"9,7",60
ABCyou Bed&Breakfast,189207,NA,Valencia,1,1,€ 56,2019/12/22,2019/12/23,0,"8,5",60
Jardín Botánico Hotel Boutique,93369,NA,Valencia,1,1,€ 57,2019/12/22,2019/12/23,3,"8,9",60
Hotel El Siglo,1741479,NA,Valencia,1,1,€ 57,2019/12/22,2019/12/23,3,"8,5",60
Original Domino House,5434091,NA,Valencia,1,1,€ 59,2019/12/22,2019/12/23,0,"8,8",60
Apartamento Jesus De Medinaceli,1728697,NA,Valencia,1,1,€ 60,2019/12/22,2019/12/23,0,"8,6",60
Olvida tu Reloj Congresos Apartment,2448036,NA,Valencia,1,1,€ 111,2019/12/22,2019/12/23,0,"9,2",60
Mon Suites San Martin,2777545,NA,Valencia,1,1,€ 113,2019/12/22,2019/12/23,0,"9,4",60
Ilunion Aqua 4,92777,NA,Valencia,1,1,€ 63,2019/12/22,2019/12/23,4,"8,6",60
Apartamento Alameda,1698817,NA,Valencia,1,1,NA,2019/12/22,2019/12/23,0,"9,5",60
Hi Valencia Cánovas,4312120,NA,Valencia,1,1,€ 63,2019/12/22,2019/12/23,0,"8,8",60
Vincci Mercat,1279484,NA,Valencia,1,1,€ 114,2019/12/22,2019/12/23,4,9,60
MD Design Hotel - Portal del Real,2391685,NA,Valencia,1,1,€ 120,2019/12/22,2019/12/23,2,"9,1",60
Palau de Palomar,471283,NA,Valencia,1,1,€ 120,2019/12/22,2019/12/23,0,"9,1",60
Casual del Cine Valencia,572187,NA,Valencia,1,1,€ 64,2019/12/22,2019/12/23,2,"8,6",60
One Shot Colón 46,1394168,NA,Valencia,1,1,€ 64,2019/12/22,2019/12/23,3,"8,7",60
Apartment Sofi,2830696,NA,Valencia,1,1,NA,2019/12/22,2019/12/23,0,"9,8",60
5 SENSES,3786890,NA,Valencia,1,1,€ 120,2019/12/22,2019/12/23,0,"9,2",60
Ad Hoc Carmen,1173270,NA,Valencia,1,1,€ 66,2019/12/22,2019/12/23,2,"8,9",60
Casa del Patriarca,364834,NA,Valencia,1,1,€ 67,2019/12/22,2019/12/23,0,"8,9",60
Blanq Carmen Hotel,97069,NA,Valencia,1,1,€ 67,2019/12/22,2019/12/23,3,"8,7",60
Valencia-Ruzafa Studio,3235983,NA,Valencia,1,1,€ 120,2019/12/22,2019/12/23,0,"9,1",60
15 Avinguda Mare Nostrum,4518973,NA,Valencia,1,1,€ 120,2019/12/22,2019/12/23,0,"9,4",60
Hotel Boutique Balandret,1281710,NA,Valencia,1,1,€ 124,2019/12/22,2019/12/23,3,"9,2",60
La Morella del Carmen,5188541,NA,Valencia,1,1,NA,2019/12/22,2019/12/23,0,"9,5",60
Sercotel Sorolla Palace,93646,NA,Valencia,1,1,€ 67,2019/12/22,2019/12/23,4,"8,6",60
NH Collection Colón Valencia,3828811,NA,Valencia,1,1,€ 127,2019/12/22,2019/12/23,4,"9,2",60
Live in Chianti Apartaments,2882632,NA,Valencia,1,1,€ 128,2019/12/22,2019/12/23,0,"9,1",60
Zenit Valencia,92327,NA,Valencia,1,1,€ 68,2019/12/22,2019/12/23,4,"8,8",60
Hotel San Lorenzo Boutique,1307718,NA,Valencia,1,1,€ 68,2019/12/22,2019/12/23,3,"8,6",60
Ayuntamiento Panoramic,3089239,NA,Valencia,1,1,NA,2019/12/22,2019/12/23,0,"9,5",60
Las Arenas Balneario Resort,91144,NA,Valencia,1,1,€ 135,2019/12/22,2019/12/23,5,9,60
SKY TOURISTIC ATTIC,281640,NA,Valencia,1,1,€ 68,2019/12/22,2019/12/23,0,"8,5",60
Valencia maritimo,3020748,NA,Valencia,1,1,€ 70,2019/12/22,2019/12/23,0,"8,9",60
Boutique Creative Rooms,2334726,NA,Valencia,1,1,€ 72,2019/12/22,2019/12/23,0,"8,7",60
Sweet Caroline Apartment,1811784,NA,Valencia,1,1,€ 150,2019/12/22,2019/12/23,0,"9,2",60
B BEACH VALENCIA,5125954,NA,Valencia,1,1,€ 150,2019/12/22,2019/12/23,0,"9,1",60
AMAZING HOUSE- BEST LOCATION!,4728031,NA,Valencia,1,1,NA,2019/12/22,2019/12/23,0,"9,7",60
Hotel Dimar,90886,NA,Valencia,1,1,€ 72,2019/12/22,2019/12/23,4,"8,7",60
Luz de Valencia,2076095,NA,Valencia,1,1,€ 72,2019/12/22,2019/12/23,0,"8,8",60
Mediterranean Flats Plaza Redonda,4086496,NA,Valencia,1,1,€ 155,2019/12/22,2019/12/23,0,"9,2",60
Arena's Apartament,2156905,NA,Valencia,1,1,€ 200,2019/12/22,2019/12/23,0,"9,1",60
Casual Vintage Valencia,1710241,NA,Valencia,1,1,€ 72,2019/12/22,2019/12/23,2,"8,6",60
Lotelito,570027,NA,Valencia,1,1,€ 73,2019/12/22,2019/12/23,0,"8,9",60
Apartments Madrina,3278589,NA,Valencia,1,1,€ 74,2019/12/22,2019/12/23,0,"8,9",60
