name,propertyId,propertyType,city,rooms,days,price,checkIn,checkOut,stars,score,advance
Apartment Carrer de Cadis,5531328,Apartamentos,Valencia,1,1,€ 891,2020/01/06,2020/01/07,0,,90
PISO ACOGEDOR,4995780,NA,Valencia,1,1,€ 50,2020/01/06,2020/01/07,0,"7,1",90
Plaza Redonda house.,4399973,NA,Valencia,1,1,€ 59,2020/01/06,2020/01/07,0,"7,4",90
Travel Habitat Torres de Serrano,1864121,Apartamentos,Valencia,1,1,NA,2020/01/06,2020/01/07,0,"8,3",90
NWT Central Station Valencia,1647017,NA,Valencia,1,1,€ 59,2020/01/06,2020/01/07,0,"7,1",90
Geography and Arts.,3569110,NA,Valencia,1,1,€ 60,2020/01/06,2020/01/07,0,"7,1",90
Habitacion Apartamento soleado Plaza Escultor Frechina,4865043,NA,Valencia,1,1,€ 60,2020/01/06,2020/01/07,0,"7,2",90
Malvarrosa Beach Rooms,314048,NA,Valencia,1,1,€ 65,2020/01/06,2020/01/07,2,7,90
Hostal la Barraca,350013,NA,Valencia,1,1,€ 65,2020/01/06,2020/01/07,0,"7,2",90
Almiserat,3054886,Apartamento,Valencia,1,1,€ 70,2020/01/06,2020/01/07,0,"7,1",90
Turia Apartment Valencia,1545765,Apartamento,Valencia,1,1,NA,2020/01/06,2020/01/07,0,8,90
Mi casa es vuestra casa,4967097,NA,Valencia,1,1,€ 70,2020/01/06,2020/01/07,0,"7,1",90
Valencia Apartmans El Carmen,847910,Apartamentos,Valencia,1,1,€ 83,2020/01/06,2020/01/07,0,"7,4",90
Homestay & OLEE,4132920,NA,Valencia,1,1,€ 85,2020/01/06,2020/01/07,0,"7,4",90
La Casa dei Fiori,2849727,Apartamento,Valencia,1,1,€ 90,2020/01/06,2020/01/07,0,"7,1",90
Guest House Samuel Ros,4161855,NA,Valencia,1,1,€ 90,2020/01/06,2020/01/07,0,"7,2",90
Select Home Catedral,440778,Apartamentos,Valencia,1,1,€ 170,2020/01/06,2020/01/07,0,"7,1",90
B&B Una Habitación Propia,1450279,NA,Valencia,1,1,NA,2020/01/06,2020/01/07,0,"8,2",90
Select Home Town Hall,1648016,Apartamentos,Valencia,1,1,€ 195,2020/01/06,2020/01/07,0,"7,4",90
HOSTAL BED OF THE SEA,3974636,NA,Valencia,1,1,€ 200,2020/01/06,2020/01/07,0,"7,1",90
Ruzafa Rooms,2891693,NA,Valencia,1,1,€ 38,2020/01/06,2020/01/07,0,"6,9",90
Casita Esmeralda,2040126,Casa o chalet,Valencia,1,1,€ 114,2020/01/06,2020/01/07,0,"6,5",90
Gon & Diego House,4899561,NA,Valencia,1,1,€ 40,2020/01/06,2020/01/07,0,"5,5",90
Oliver,4865093,NA,Valencia,1,1,€ 83,2020/01/06,2020/01/07,0,"5,5",90
My Reception - Edificio San Vicente,5123921,Apartamentos,Valencia,1,1,NA,2020/01/06,2020/01/07,0,8,90
Kirei Apartment Portland,4276529,Apartamentos,Valencia,1,1,€ 181,2020/01/06,2020/01/07,0,"5,9",90
Port of Valencia,3805735,Apartamento,Valencia,1,1,€ 79,2020/01/06,2020/01/07,0,"5,1",90
Habitacion muy confortable y tranquila,4873493,NA,Valencia,1,1,€ 20,2020/01/06,2020/01/07,0,"4,5",90
Malvarosa,3820590,Apartamento,Valencia,1,1,€ 190,2020/01/06,2020/01/07,0,4,90
Double Room in VALENCIA,5665653,NA,Valencia,1,1,€ 25,2020/01/06,2020/01/07,0,,90
Habitación en piso compartido,5433175,NA,Valencia,1,1,€ 50,2020/01/06,2020/01/07,0,"8,4",90
Hotel Valencia Center,91285,NA,Valencia,1,1,€ 51,2020/01/06,2020/01/07,4,"8,4",90
Reino de Valencia Apartments,453225,Apartamentos,Valencia,1,1,NA,2020/01/06,2020/01/07,0,"8,9",90
Urban Youth Hostel,1163025,NA,Valencia,1,1,€ 52,2020/01/06,2020/01/07,0,"8,4",90
Hotel Olympia Universidades,1301731,NA,Valencia,1,1,€ 52,2020/01/06,2020/01/07,3,"8,4",90
Hotel Medium Valencia,96838,NA,Valencia,1,1,€ 54,2020/01/06,2020/01/07,4,"8,2",90
El Coso,14580,NA,Valencia,1,1,€ 55,2020/01/06,2020/01/07,3,"8,2",90
Senator Parque Central Hotel,274963,NA,Valencia,1,1,€ 55,2020/01/06,2020/01/07,4,"8,1",90
Pension MonaLisa Luxury Suites,3834224,NA,Valencia,1,1,€ 56,2020/01/06,2020/01/07,0,"8,2",90
Travel Habitat Atico Calle la Paz,2801230,Apartamento,Valencia,1,1,NA,2020/01/06,2020/01/07,0,"8,6",90
Balcón Al Mar,295109,NA,Valencia,1,1,€ 56,2020/01/06,2020/01/07,0,"8,4",90
NH Valencia Las Ciencias,90725,NA,Valencia,1,1,€ 56,2020/01/06,2020/01/07,3,8,90
Aparthotel Valencia Rental,17344,Apartahotel,Valencia,1,1,€ 57,2020/01/06,2020/01/07,0,8,90
Silken Puerta Valencia,91182,NA,Valencia,1,1,€ 58,2020/01/06,2020/01/07,4,"8,3",90
Ilunion Aqua 3,92776,NA,Valencia,1,1,€ 58,2020/01/06,2020/01/07,3,"8,3",90
Ilunion Valencia 4,754329,NA,Valencia,1,1,€ 58,2020/01/06,2020/01/07,4,"8,1",90
Total Valencia Cathedral,1908021,Apartamentos,Valencia,1,1,NA,2020/01/06,2020/01/07,0,"8,7",90
Style Apartments Puerto,1558265,Apartamentos,Valencia,1,1,€ 59,2020/01/06,2020/01/07,0,8,90
Casual de las Artes Valencia,538056,NA,Valencia,1,1,€ 60,2020/01/06,2020/01/07,3,"8,4",90
L'Otelet By Sweet,1467935,NA,Valencia,1,1,€ 60,2020/01/06,2020/01/07,0,"8,3",90
NH Ciudad de Valencia,90729,NA,Valencia,1,1,€ 61,2020/01/06,2020/01/07,3,"8,1",90
Hotel Miramar,23332,NA,Valencia,1,1,€ 61,2020/01/06,2020/01/07,2,"8,4",90
NH Valencia Las Artes,90731,NA,Valencia,1,1,€ 64,2020/01/06,2020/01/07,4,"8,4",90
Travel Habitat Jardines Rio Turia.,2436836,Apartamentos,Valencia,1,1,NA,2020/01/06,2020/01/07,0,"8,9",90
Reina 12,1684198,NA,Valencia,1,1,€ 64,2020/01/06,2020/01/07,0,"8,3",90
United Colors of Apartments - Catedral,1301545,Apartamentos,Valencia,1,1,€ 65,2020/01/06,2020/01/07,0,"8,2",90
Holiday Inn Express Ciudad de las Ciencias,96737,NA,Valencia,1,1,€ 65,2020/01/06,2020/01/07,3,8,90
Eurostars Gran Valencia,90484,NA,Valencia,1,1,€ 68,2020/01/06,2020/01/07,4,"8,4",90
Hotel Alkazar,408511,NA,Valencia,1,1,€ 74,2020/01/06,2020/01/07,1,8,90
Pio XII Apartments Valencia,402080,Apartamentos,Valencia,1,1,€ 43,2020/01/06,2020/01/07,0,"8,5",90
Buho House,3777691,Apartahotel,Valencia,1,1,€ 44,2020/01/06,2020/01/07,0,"8,5",90
Apartamento centro frente a Torres de Serrano,3408067,Apartamento,Valencia,1,1,NA,2020/01/06,2020/01/07,0,"9,4",90
Una Ubicacion Perfecta,3114164,Apartamentos,Valencia,1,1,€ 90,2020/01/06,2020/01/07,0,"9,1",90
Apartamento bianca,3205847,Apartamento,Valencia,1,1,€ 91,2020/01/06,2020/01/07,0,"9,1",90
Apartments Torres de Serranos Valencia,1099602,Apartamentos,Valencia,1,1,NA,2020/01/06,2020/01/07,0,"9,6",90
Apartamentos Wallace,1698355,Apartamentos,Valencia,1,1,€ 91,2020/01/06,2020/01/07,0,"9,2",90
Olvida tu Reloj Congresos Apartment,2448036,Apartamento,Valencia,1,1,€ 91,2020/01/06,2020/01/07,0,"9,2",90
SH Valencia Palace,91497,NA,Valencia,1,1,€ 100,2020/01/06,2020/01/07,5,"8,5",90
Piso en la playa,2767716,Apartamento,Valencia,1,1,€ 100,2020/01/06,2020/01/07,0,"8,7",90
Boutique Creative Rooms,2334726,NA,Valencia,1,1,NA,2020/01/06,2020/01/07,0,"8,7",90
Magnífico Adosado- cerca de Valencia ciudad- en zona de montaña y playa fluvial,5354233,Casa o chalet,Valencia,1,1,€ 100,2020/01/06,2020/01/07,0,"8,8",90
Apartamentos Edificio Palomar,189277,Apartamentos,Valencia,1,1,€ 93,2020/01/06,2020/01/07,0,"9,2",90
MÍ casa YOUR HOME,3328967,Apartamento,Valencia,1,1,€ 95,2020/01/06,2020/01/07,0,"9,2",90
Apartamentos El Olivo,1985143,Apartamento,Valencia,1,1,€ 96,2020/01/06,2020/01/07,0,"9,4",90
Vincci Mercat,1279484,NA,Valencia,1,1,€ 97,2020/01/06,2020/01/07,4,9,90
Apartamento en Valencia,2549783,Apartamento,Valencia,1,1,€ 100,2020/01/06,2020/01/07,0,"8,7",90
One Shot Palacio Reina Victoria 04,90885,NA,Valencia,1,1,€ 101,2020/01/06,2020/01/07,4,"8,6",90
Melia Plaza Valencia,13270,NA,Valencia,1,1,€ 105,2020/01/06,2020/01/07,4,"8,9",90
Friendly Rentals Telemann,1634241,Apartamento,Valencia,1,1,€ 160,2020/01/06,2020/01/07,0,"8,2",90
Hotel Neptuno,91206,NA,Valencia,1,1,€ 108,2020/01/06,2020/01/07,4,"8,5",90
Hotel Gabbeach,403586,NA,Valencia,1,1,€ 109,2020/01/06,2020/01/07,3,"8,5",90
Turia Town,4064373,Apartamentos,Valencia,1,1,NA,2020/01/06,2020/01/07,0,"8,8",90
Victoria Site @ Mercat Central,1958462,Apartamentos,Valencia,1,1,€ 109,2020/01/06,2020/01/07,0,"8,6",90
Casa los Peces,3234194,Apartamento,Valencia,1,1,€ 170,2020/01/06,2020/01/07,0,"8,3",90
SingularStays Botanico29,1635721,Apartamentos,Valencia,1,1,NA,2020/01/06,2020/01/07,0,8,90
Vlc Apartaments el Carmen,389902,Apartamentos,Valencia,1,1,€ 187,2020/01/06,2020/01/07,0,"8,2",90
Zerka Centro,4425975,Apartamentos,Valencia,1,1,€ 199,2020/01/06,2020/01/07,0,"8,3",90
NWT Central Station Apartments,3964093,Apartamento,Valencia,1,1,€ 300,2020/01/06,2020/01/07,0,"8,3",90
So de Mar,2204496,Apartamento,Valencia,1,1,NA,2020/01/06,2020/01/07,0,"9,6",90
Cozy apartment in Valencia center,3402135,Apartamentos,Valencia,1,1,€ 99,2020/01/06,2020/01/07,0,"9,2",90
Mon Suites Catedral,485679,Apartamentos,Valencia,1,1,€ 100,2020/01/06,2020/01/07,0,"9,2",90
Citizentral Juristas,1113127,Apartamentos,Valencia,1,1,€ 103,2020/01/06,2020/01/07,0,"9,2",90
Biopark View Apartment,2381901,Apartamento,Valencia,1,1,€ 106,2020/01/06,2020/01/07,0,9,90
UP Hostel Valencia,1710137,NA,Valencia,1,1,€ 20,2020/01/06,2020/01/07,0,"7,7",90
Valencia Lounge Hostel,337203,NA,Valencia,1,1,€ 33,2020/01/06,2020/01/07,0,"7,7",90
Hostal On Dormire Valencia,432305,NA,Valencia,1,1,€ 35,2020/01/06,2020/01/07,0,"7,8",90
Living Valencia - Blanquerías,2860821,Apartamentos,Valencia,1,1,NA,2020/01/06,2020/01/07,0,"8,4",90
Palau de Palomar,471283,Apartamentos,Valencia,1,1,€ 110,2020/01/06,2020/01/07,0,"9,1",90
"Piso ""Como en tu casa""",2689136,Apartamento,Valencia,1,1,€ 110,2020/01/06,2020/01/07,0,"9,2",90
AMAZING HOUSE- BEST LOCATION!,4728031,Apartamento,Valencia,1,1,NA,2020/01/06,2020/01/07,0,"9,7",90
47 Carrer de Cadis- puerta 1,4511167,Apartamento,Valencia,1,1,€ 113,2020/01/06,2020/01/07,0,9,90
Apartamentos La más Bonita,2816245,Apartamentos,Valencia,1,1,€ 115,2020/01/06,2020/01/07,0,"9,1",90
Friendly Rentals Schubert,1634221,Apartamentos,Valencia,1,1,€ 115,2020/01/06,2020/01/07,0,"8,9",90
Friendly Rentals Brade,1918694,Apartamento,Valencia,1,1,€ 115,2020/01/06,2020/01/07,0,"8,8",90
Friendly Rentals Ravel I,1634234,Apartamento,Valencia,1,1,€ 115,2020/01/06,2020/01/07,0,"8,8",90
Friendly Rentals Nyman,3245521,Apartamento,Valencia,1,1,€ 115,2020/01/06,2020/01/07,0,"8,9",90
Art&Flats Bed&Breakfast,5238345,NA,Valencia,1,1,€ 45,2020/01/06,2020/01/07,0,"8,8",90
Apartamentos Plaza Picasso,97063,Apartamentos,Valencia,1,1,€ 46,2020/01/06,2020/01/07,0,"8,5",90
Zalamera BnB,1331238,NA,Valencia,1,1,€ 47,2020/01/06,2020/01/07,0,"8,7",90
UNIK. Apartments Valencia,2241282,Apartamentos,Valencia,1,1,€ 48,2020/01/06,2020/01/07,0,"8,5",90
Piso como en tu casa 2,3834617,Apartamentos,Valencia,1,1,€ 115,2020/01/06,2020/01/07,0,"9,2",90
NH Collection Colón Valencia,3828811,NA,Valencia,1,1,€ 115,2020/01/06,2020/01/07,4,"9,2",90
HQ Rooms Apartments San Vicente,2894429,Apartamentos,Valencia,1,1,€ 120,2020/01/06,2020/01/07,0,"9,2",90
15 Avinguda Mare Nostrum,4518973,Apartamento,Valencia,1,1,€ 120,2020/01/06,2020/01/07,0,"9,4",90
ApartUP L' Almoina,4220343,Apartamento,Valencia,1,1,NA,2020/01/06,2020/01/07,0,"9,7",90
Home Youth Hostel by Feetup Hostels,189322,NA,Valencia,1,1,€ 51,2020/01/06,2020/01/07,0,"8,8",90
Soho Valencia,1538641,Apartahotel,Valencia,1,1,€ 52,2020/01/06,2020/01/07,0,"8,9",90
Forn desamparats,2380447,Apartamento,Valencia,1,1,NA,2020/01/06,2020/01/07,0,"9,4",90
Eurostars Acteón,90495,NA,Valencia,1,1,€ 53,2020/01/06,2020/01/07,4,"8,5",90
Perla Apartments,3146781,Apartamentos,Valencia,1,1,€ 117,2020/01/06,2020/01/07,0,"8,7",90
Sunrise Apartments,640409,Apartamentos,Valencia,1,1,NA,2020/01/06,2020/01/07,0,"8,9",90
Apartments Plaza Ayuntamiento,3506736,Apartamento,Valencia,1,1,€ 119,2020/01/06,2020/01/07,0,"8,7",90
Apartamento en el centro de Valencia,4709659,Apartamento,Valencia,1,1,€ 120,2020/01/06,2020/01/07,0,"8,9",90
Friendly Rentals Casals,1769176,Apartamento,Valencia,1,1,€ 120,2020/01/06,2020/01/07,0,"8,7",90
Luz de Valencia,2076095,Apartamentos,Valencia,1,1,€ 55,2020/01/06,2020/01/07,0,"8,8",90
Hotel Malcom and Barret,483261,NA,Valencia,1,1,€ 55,2020/01/06,2020/01/07,3,"8,7",90
ABCyou Bed&Breakfast,189207,NA,Valencia,1,1,€ 56,2020/01/06,2020/01/07,0,"8,5",90
Habitación Céntrica en Casa de Familia,4289877,NA,Valencia,1,1,€ 35,2020/01/06,2020/01/07,0,"7,8",90
Valencia City Host,1177077,NA,Valencia,1,1,€ 36,2020/01/06,2020/01/07,0,"7,8",90
Casual Civilizaciones Valencia,449777,NA,Valencia,1,1,€ 36,2020/01/06,2020/01/07,0,"7,9",90
Casual de la Música Valencia,273130,NA,Valencia,1,1,€ 39,2020/01/06,2020/01/07,2,"7,5",90
Voyagers Inn Homestay,2682156,NA,Valencia,1,1,€ 40,2020/01/06,2020/01/07,0,"7,8",90
Hotel Beleret,94652,NA,Valencia,1,1,€ 41,2020/01/06,2020/01/07,3,"7,6",90
Flats Friends Tetuan,621683,Apartamentos,Valencia,1,1,NA,2020/01/06,2020/01/07,0,"8,4",90
Apartment close to park Marchalenes,4418670,Apartamento,Valencia,1,1,€ 120,2020/01/06,2020/01/07,0,"8,9",90
Apartments Welcome to Valencia Peset Aleixandre 69,4964856,Apartamento,Valencia,1,1,€ 120,2020/01/06,2020/01/07,0,"8,5",90
Ilunion Aqua 4,92777,NA,Valencia,1,1,€ 122,2020/01/06,2020/01/07,4,"8,5",90
Piso Parque del Oeste,4698500,Apartamento,Valencia,1,1,NA,2020/01/06,2020/01/07,0,"8,7",90
Apartamentos Valencia - Brazil 31 Free WiFi,4948554,Apartamento,Valencia,1,1,€ 125,2020/01/06,2020/01/07,0,"8,9",90
Petit Palace Ruzafa,90792,NA,Valencia,1,1,€ 59,2020/01/06,2020/01/07,3,"8,7",90
SKY TOURISTIC ATTIC,281640,Apartamentos,Valencia,1,1,€ 63,2020/01/06,2020/01/07,0,"8,5",90
Casas Benlliure,3274635,Apartamentos,Valencia,1,1,NA,2020/01/06,2020/01/07,0,"9,1",90
One Shot Colón 46,1394168,NA,Valencia,1,1,€ 64,2020/01/06,2020/01/07,3,"8,7",90
Expo Hotel Valencia,91223,NA,Valencia,1,1,€ 43,2020/01/06,2020/01/07,3,"7,6",90
Apartamentos Catedral,2358858,Apartamentos,Valencia,1,1,€ 44,2020/01/06,2020/01/07,0,"7,7",90
OYO Pensión El Rincón,476031,NA,Valencia,1,1,€ 45,2020/01/06,2020/01/07,1,"7,6",90
MD Design Hotel - Portal del Real,2391685,NA,Valencia,1,1,€ 124,2020/01/06,2020/01/07,2,"9,1",90
Welcome Apartamentos Pintor Stolz 31 Valencia,5019066,Apartamento,Valencia,1,1,€ 125,2020/01/06,2020/01/07,0,"9,2",90
apartamento las torres-botanico,4694090,Apartamento,Valencia,1,1,€ 127,2020/01/06,2020/01/07,0,9,90
Center Valencia,2944722,Casa o chalet,Valencia,1,1,€ 130,2020/01/06,2020/01/07,0,"9,3",90
Friendly Rentals Torrealba,1634243,Apartamento,Valencia,1,1,€ 135,2020/01/06,2020/01/07,0,"9,4",90
Catalonia Excelsior,90578,NA,Valencia,1,1,€ 130,2020/01/06,2020/01/07,3,"8,7",90
Friendly Rentals Soler,1634237,Apartamento,Valencia,1,1,€ 130,2020/01/06,2020/01/07,0,"8,7",90
Dr Lluch,4758818,Apartamento,Valencia,1,1,€ 135,2020/01/06,2020/01/07,0,"8,5",90
Friendly Rentals Gala,1634252,Apartamento,Valencia,1,1,€ 135,2020/01/06,2020/01/07,0,"8,7",90
Cosy Rooms Tapinería,371192,NA,Valencia,1,1,€ 45,2020/01/06,2020/01/07,2,"7,5",90
United Colors of Studios - Mercado Central,2574108,Apartamentos,Valencia,1,1,€ 49,2020/01/06,2020/01/07,0,"7,8",90
Aventura,5567318,NA,Valencia,1,1,€ 50,2020/01/06,2020/01/07,0,"7,9",90
Flats Friends Nave,2861620,Apartamentos,Valencia,1,1,NA,2020/01/06,2020/01/07,0,"8,4",90
Apartamentos Abastos,1044426,Apartamentos,Valencia,1,1,€ 50,2020/01/06,2020/01/07,0,"7,5",90
Living Valencia - Patacona Beach 56,3718985,Apartamentos,Valencia,1,1,€ 66,2020/01/06,2020/01/07,0,"8,8",90
Hotel El Siglo,1741479,NA,Valencia,1,1,€ 66,2020/01/06,2020/01/07,3,"8,5",90
Hotel Kramer,91106,NA,Valencia,1,1,€ 67,2020/01/06,2020/01/07,3,"8,8",90
Zenit Valencia,92327,NA,Valencia,1,1,€ 68,2020/01/06,2020/01/07,4,"8,8",90
Hotel San Lorenzo Boutique,1307718,NA,Valencia,1,1,€ 68,2020/01/06,2020/01/07,3,"8,6",90
Olvida tu Reloj Montichelvo Apartment,3258095,Apartamento,Valencia,1,1,NA,2020/01/06,2020/01/07,0,"9,4",90
Bianca,4232781,Apartamento,Valencia,1,1,€ 69,2020/01/06,2020/01/07,0,"8,9",90
Hotel Mediterraneo Valencia,92412,NA,Valencia,1,1,€ 70,2020/01/06,2020/01/07,3,"8,8",90
Apartamentos Rusafa,5604325,NA,Valencia,1,1,€ 50,2020/01/06,2020/01/07,0,"7,8",90
Habitacion PLaza Ayuntamiento,4365340,NA,Valencia,1,1,€ 50,2020/01/06,2020/01/07,0,"7,5",90
Jero Rooms,296743,NA,Valencia,1,1,€ 52,2020/01/06,2020/01/07,0,"7,7",90
Valencia maritimo,3020748,Apartamento,Valencia,1,1,€ 70,2020/01/06,2020/01/07,0,"8,9",90
Lotelito,570027,NA,Valencia,1,1,€ 73,2020/01/06,2020/01/07,0,"8,9",90
Sercotel Sorolla Palace,93646,NA,Valencia,1,1,€ 74,2020/01/06,2020/01/07,4,"8,6",90
Checkin Valencia,93743,NA,Valencia,1,1,€ 53,2020/01/06,2020/01/07,4,"7,8",90
Colors Rooms,675839,NA,Valencia,1,1,€ 50,2020/01/06,2020/01/07,0,"9,6",90
United Colors of Apartments Boutique Style,5372347,Apartamentos,Valencia,1,1,€ 64,2020/01/06,2020/01/07,0,"9,5",90
Casa Vich,4457634,Apartamento,Valencia,1,1,NA,2020/01/06,2020/01/07,0,"9,6",90
Ciudad Ciencias- Lujo- Parking- Wi-Fi.,4999636,Apartamento,Valencia,1,1,€ 80,2020/01/06,2020/01/07,0,"9,8",90
Hostal Antigua Morellana,1273937,NA,Valencia,1,1,€ 80,2020/01/06,2020/01/07,1,"9,5",90
LOFT apartamento duplex en Valencia con parking,5519008,Apartamento,Valencia,1,1,€ 80,2020/01/06,2020/01/07,0,"9,8",90
Precioso piso junto al antiguo barrio de Campanar,3297078,Apartamento,Valencia,1,1,€ 85,2020/01/06,2020/01/07,0,"9,5",90
L'Esplai Valencia Bed & Breakfast,1282556,NA,Valencia,1,1,€ 93,2020/01/06,2020/01/07,0,"9,6",90
Calle de Frederica Montseny 'Política' Casa o chalet,5152866,Casa o chalet,Valencia,1,1,€ 95,2020/01/06,2020/01/07,0,"9,6",90
Casa Chenano,4262208,Apartamento,Valencia,1,1,NA,2020/01/06,2020/01/07,0,"9,6",90
Casa La Buhardilla,2985364,Apartamento,Valencia,1,1,€ 97,2020/01/06,2020/01/07,0,"9,6",90
Opera House Valencia B&B,3533887,NA,Valencia,1,1,€ 106,2020/01/06,2020/01/07,0,"9,5",90
Ramirez Flats & Bar,4124528,Apartahotel,Valencia,1,1,€ 108,2020/01/06,2020/01/07,0,"9,5",90
Valencian Dreams Lonja,4757385,Apartamento,Valencia,1,1,€ 116,2020/01/06,2020/01/07,0,"9,8",90
MARQUÉS HOUSE 4* SUP,2118880,NA,Valencia,1,1,€ 119,2020/01/06,2020/01/07,4,"9,5",90
Apartment Plaza Cisneros,1273377,Apartamentos,Valencia,1,1,€ 150,2020/01/06,2020/01/07,0,"9,7",90
Apartment Cisneros 2,2361375,Apartamento,Valencia,1,1,NA,2020/01/06,2020/01/07,0,"9,7",90
Olympia Flats,4212801,NA,Valencia,1,1,€ 80,2020/01/06,2020/01/07,0,"9,7",90
Casa Calle Conquista,4691493,Apartamento,Valencia,1,1,€ 430,2020/01/06,2020/01/07,0,"9,6",90
MD PASEO RUZAFA CENTER,5374850,Apartamento,Valencia,1,1,€ 1.030,2020/01/06,2020/01/07,0,"9,6",90
YOU & CO. Saler Beach Boutique,4533007,NA,Valencia,1,1,€ 38,2020/01/06,2020/01/07,3,9,90
Cantagua Hostel,4074640,NA,Valencia,1,1,€ 41,2020/01/06,2020/01/07,0,"9,1",90
Jardín Botánico Hotel Boutique,93369,NA,Valencia,1,1,€ 55,2020/01/06,2020/01/07,3,9,90
Apartments Downtown Valencia,2250421,Apartamentos,Valencia,1,1,NA,2020/01/06,2020/01/07,0,"9,6",90
Host & Home,1663785,NA,Valencia,1,1,€ 60,2020/01/06,2020/01/07,0,9,90
Brisa Mare Nostrum,2855311,Apartamento,Valencia,1,1,€ 60,2020/01/06,2020/01/07,0,"9,2",90
Habitación privada a 1500 metros de la playa,3789910,NA,Valencia,1,1,€ 60,2020/01/06,2020/01/07,0,"9,3",90
Hostal Venecia,92883,NA,Valencia,1,1,€ 65,2020/01/06,2020/01/07,2,"9,1",90
Hotel Boutique Balandret,1281710,NA,Valencia,1,1,€ 67,2020/01/06,2020/01/07,3,"9,2",90
