name,propertyId,propertyType,city,rooms,days,price,checkIn,checkOut,stars,score,advance
Casual de la Música Valencia,273130,NA,Valencia,1,1,€ 66,2019/11/29,2019/11/30,2,"7,5",30
Habitaciones Rusafa,5604325,NA,Valencia,1,1,€ 70,2019/11/29,2019/11/30,0,"7,7",30
Apartment Plaza Cisneros,1273377,NA,Valencia,1,1,NA,2019/11/29,2019/11/30,0,"9,7",30
Casual Civilizaciones Valencia,449777,NA,Valencia,1,1,€ 72,2019/11/29,2019/11/30,0,"7,9",30
Valencia Lounge Hostel,337203,NA,Valencia,1,1,€ 72,2019/11/29,2019/11/30,0,"7,7",30
Rooms Valencia Center,5507857,NA,Valencia,1,1,€ 77,2019/11/29,2019/11/30,0,"7,7",30
OYO Pensión El Rincón,476031,NA,Valencia,1,1,€ 77,2019/11/29,2019/11/30,1,"7,5",30
Hotel Turia,14441,NA,Valencia,1,1,€ 85,2019/11/29,2019/11/30,4,"7,5",30
Jero Rooms,296743,NA,Valencia,1,1,€ 88,2019/11/29,2019/11/30,0,"7,7",30
Apartment Sofi,2830696,NA,Valencia,1,1,NA,2019/11/29,2019/11/30,0,"9,8",30
Carrer del Músic Peydró- 46 Apartament 5,4216247,NA,Valencia,1,1,€ 89,2019/11/29,2019/11/30,0,"7,8",30
Hotel Beleret,94652,NA,Valencia,1,1,€ 89,2019/11/29,2019/11/30,3,"7,6",30
Plaza Sainetero 5,3148458,NA,Valencia,1,1,€ 93,2019/11/29,2019/11/30,0,"7,7",30
Expo Hotel Valencia,91223,NA,Valencia,1,1,€ 96,2019/11/29,2019/11/30,3,"7,6",30
Apartamento Alguer,4005334,NA,Valencia,1,1,€ 100,2019/11/29,2019/11/30,0,"7,7",30
Apartment Florista,2150187,NA,Valencia,1,1,€ 110,2019/11/29,2019/11/30,0,"7,9",30
Musico Art Flat,2925957,NA,Valencia,1,1,NA,2019/11/29,2019/11/30,0,"9,6",30
Plaza Redonda house.,4399973,NA,Valencia,1,1,€ 113,2019/11/29,2019/11/30,0,"7,4",30
STYLISH APARTMENT - CITY CENTER,2861517,NA,Valencia,1,1,€ 120,2019/11/29,2019/11/30,0,"7,8",30
Malvarrosa Calle Pavia,3608764,NA,Valencia,1,1,€ 179,2019/11/29,2019/11/30,0,"7,9",30
Ilunion Valencia 3,92818,NA,Valencia,1,1,€ 192,2019/11/29,2019/11/30,3,"7,9",30
Checkin Valencia,93743,NA,Valencia,1,1,€ 224,2019/11/29,2019/11/30,4,"7,8",30
Guest House Samuel Ros,4161855,NA,Valencia,1,1,€ 30,2019/11/29,2019/11/30,0,"7,2",30
Stay at Valencia Downtown,1840715,NA,Valencia,1,1,NA,2019/11/29,2019/11/30,0,"9,5",30
HOSPEDAJE PESET,4718074,NA,Valencia,1,1,€ 40,2019/11/29,2019/11/30,0,"7,4",30
Hostal Residencial RR,450746,NA,Valencia,1,1,€ 40,2019/11/29,2019/11/30,0,7,30
La Flamenca,818359,NA,Valencia,1,1,€ 40,2019/11/29,2019/11/30,0,"7,2",30
Habitación con cama doble,4794909,NA,Valencia,1,1,€ 41,2019/11/29,2019/11/30,0,"7,3",30
B&B El Mercat,2203530,NA,Valencia,1,1,€ 50,2019/11/29,2019/11/30,0,"7,2",30
Apartamentos Navío,5647176,NA,Valencia,1,1,€ 70,2019/11/29,2019/11/30,0,"9,9",30
Calle de Frederica Montseny 'Política' Casa o chalet,5152866,NA,Valencia,1,1,€ 95,2019/11/29,2019/11/30,0,"9,6",30
PLAYA POBLA DE FARNALS,5508533,NA,Valencia,1,1,NA,2019/11/29,2019/11/30,0,10,30
Bubuflats Bubu 3,1014334,NA,Valencia,1,1,€ 100,2019/11/29,2019/11/30,0,"9,5",30
Flight Mode Ruzafa,5473258,NA,Valencia,1,1,€ 100,2019/11/29,2019/11/30,0,"9,6",30
Olympia Flats,4212801,NA,Valencia,1,1,€ 55,2019/11/29,2019/11/30,0,"9,7",30
Hotel Cosmo,4838858,NA,Valencia,1,1,€ 157,2019/11/29,2019/11/30,3,"9,8",30
Ramirez Flats & Bar,4124528,NA,Valencia,1,1,€ 162,2019/11/29,2019/11/30,0,"9,5",30
Disfruta - Enjoy Valencia Oceanografic,4121345,NA,Valencia,1,1,€ 179,2019/11/29,2019/11/30,0,"9,6",30
MerKat-Abastos,1231196,NA,Valencia,1,1,NA,2019/11/29,2019/11/30,0,"9,6",30
Apartments Torres de Serranos Valencia,1099602,NA,Valencia,1,1,€ 217,2019/11/29,2019/11/30,0,"9,7",30
MARQUÉS HOUSE 4* SUP,2118880,NA,Valencia,1,1,€ 259,2019/11/29,2019/11/30,4,"9,4",30
Cantagua Hostel,4074640,NA,Valencia,1,1,€ 51,2019/11/29,2019/11/30,0,"9,1",30
Florista's Room en Valencia,5502152,NA,Valencia,1,1,€ 56,2019/11/29,2019/11/30,0,"9,2",30
Comfort Homestay,5423155,NA,Valencia,1,1,€ 67,2019/11/29,2019/11/30,0,9,30
Bianca,4232781,NA,Valencia,1,1,€ 69,2019/11/29,2019/11/30,0,9,30
Atico Loft Ruzafa,3152977,NA,Valencia,1,1,NA,2019/11/29,2019/11/30,0,"9,7",30
Rest room Evi,5710566,NA,Valencia,1,1,€ 26,2019/11/29,2019/11/30,0,,30
Comoda habitacion,5695905,NA,Valencia,1,1,€ 48,2019/11/29,2019/11/30,0,,30
Host & Home,1663785,NA,Valencia,1,1,€ 74,2019/11/29,2019/11/30,0,9,30
Apartamento bianca,3205847,NA,Valencia,1,1,€ 74,2019/11/29,2019/11/30,0,"9,1",30
YOU & CO. Saler Beach Boutique,4533007,NA,Valencia,1,1,€ 79,2019/11/29,2019/11/30,3,"8,9",30
Apartamento en la Ciudad de las ciencias,2837499,NA,Valencia,1,1,€ 90,2019/11/29,2019/11/30,0,"9,2",30
Live in Chianti,2227491,NA,Valencia,1,1,€ 95,2019/11/29,2019/11/30,0,"9,1",30
City Garden Bed and Breakfast,2204361,NA,Valencia,1,1,€ 98,2019/11/29,2019/11/30,0,"9,4",30
Apartamento Forn dels Apòstols,3122008,NA,Valencia,1,1,NA,2019/11/29,2019/11/30,0,"9,6",30
Apartamento con vistas a la Marina Real,3416302,NA,Valencia,1,1,NA,2019/11/29,2019/11/30,0,"9,6",30
Habitacion doble en piso compartido,5645604,NA,Valencia,1,1,€ 51,2019/11/29,2019/11/30,0,,30
Valencia- habitacion,5366858,NA,Valencia,1,1,€ 60,2019/11/29,2019/11/30,0,,30
vosotros sereis parte de mi familia.,5299568,NA,Valencia,1,1,€ 60,2019/11/29,2019/11/30,0,,30
Mestalla Paradise,4734619,NA,Valencia,1,1,€ 100,2019/11/29,2019/11/30,0,"9,2",30
BUBUSUITES by Bubuflats,2389776,NA,Valencia,1,1,€ 100,2019/11/29,2019/11/30,0,"9,3",30
Apartamento cerca de la Playa y el Centro,2620264,NA,Valencia,1,1,€ 100,2019/11/29,2019/11/30,0,9,30
Blanq Comedias,4922002,NA,Valencia,1,1,€ 104,2019/11/29,2019/11/30,0,9,30
Forn desamparats,2380447,NA,Valencia,1,1,€ 105,2019/11/29,2019/11/30,0,"9,4",30
AvantGarden Bed & Breakfast,5632754,NA,Valencia,1,1,€ 69,2019/11/29,2019/11/30,0,,30
Cabanyal Apartment con patio,4323384,NA,Valencia,1,1,€ 69,2019/11/29,2019/11/30,0,,30
Loft Turia Gran,5133726,NA,Valencia,1,1,€ 80,2019/11/29,2019/11/30,0,,30
ÁTICO PTA 13 EN EL CENTRO DE VALENCIA VT-45727-T,4612077,NA,Valencia,1,1,NA,2019/11/29,2019/11/30,0,"9,5",30
Arena's Apartament,2156905,NA,Valencia,1,1,€ 200,2019/11/29,2019/11/30,0,"9,1",30
HQ Rooms Apartments San Vicente,2894429,NA,Valencia,1,1,€ 205,2019/11/29,2019/11/30,0,"9,2",30
La seda stay,3335523,NA,Valencia,1,1,NA,2019/11/29,2019/11/30,0,"9,7",30
Hi Valencia Apartments - Jorge Juan,2373701,NA,Valencia,1,1,€ 218,2019/11/29,2019/11/30,0,"9,4",30
Mon Suites San Martin,2777545,NA,Valencia,1,1,€ 225,2019/11/29,2019/11/30,0,"9,4",30
Apartamento Playa Wifi Gratis,3495634,NA,Valencia,1,1,€ 240,2019/11/29,2019/11/30,0,"9,3",30
Ca Carmela,2466364,NA,Valencia,1,1,€ 250,2019/11/29,2019/11/30,0,"9,1",30
Arts & Sciences Museum/Beach wifi,5735573,NA,Valencia,1,1,€ 81,2019/11/29,2019/11/30,0,,30
Flight Mode Ruzafa,5473258,NA,Valencia,1,1,€ 100,2019/11/29,2019/11/30,0,,30
EL ATICO,5680427,NA,Valencia,1,1,€ 107,2019/11/29,2019/11/30,0,,30
Las Arenas Balneario Resort,91144,NA,Valencia,1,1,€ 257,2019/11/29,2019/11/30,5,9,30
Vincci Mercat,1279484,NA,Valencia,1,1,€ 257,2019/11/29,2019/11/30,4,9,30
Casa Botànic - Céntrico y con comodidades,4218273,NA,Valencia,1,1,NA,2019/11/29,2019/11/30,0,"9,8",30
Piso cercano al centro ( 5 min BUS),5607299,NA,Valencia,1,1,€ 140,2019/11/29,2019/11/30,0,,30
ACOGEDOR - CON TERRAZA - EN EL PLENO CENTRO,5715086,NA,Valencia,1,1,€ 160,2019/11/29,2019/11/30,0,,30
Hogar Dulce Hogar,5426607,NA,Valencia,1,1,€ 160,2019/11/29,2019/11/30,0,,30
Homely Nest Valencia El Carme,3790877,NA,Valencia,1,1,NA,2019/11/29,2019/11/30,0,"9,7",30
The White Apartment: Luxury- Beach and Design,5631365,NA,Valencia,1,1,€ 167,2019/11/29,2019/11/30,0,,30
Valenciaflats Ciudad de las Ciencias,93676,NA,Valencia,1,1,€ 267,2019/11/29,2019/11/30,0,"9,1",30
MYR Hotel Plaza Mercado & Spa,1619029,NA,Valencia,1,1,€ 279,2019/11/29,2019/11/30,0,"9,2",30
MD Julio Antonio Apartment Center,3961049,NA,Valencia,1,1,€ 285,2019/11/29,2019/11/30,0,"9,2",30
Caro Hotel,348132,NA,Valencia,1,1,€ 335,2019/11/29,2019/11/30,5,"9,2",30
ALEX- OCEANOGRAFIC APARTMENT. WI-FI,2474071,NA,Valencia,1,1,€ 350,2019/11/29,2019/11/30,0,"9,3",30
Old Fisherman's House in Malvarrosa Beach,3618172,NA,Valencia,1,1,€ 480,2019/11/29,2019/11/30,0,"9,4",30
Apartments Downtown Valencia,2250421,NA,Valencia,1,1,NA,2019/11/29,2019/11/30,0,"9,6",30
SORNELLS-RUZAFA,3671921,NA,Valencia,1,1,€ 240,2019/11/29,2019/11/30,0,,30
"Flat ""Ca Alexandre""",3687859,NA,Valencia,1,1,€ 240,2019/11/29,2019/11/30,0,,30
Double Room in VALENCIA,5665653,NA,Valencia,1,1,€ 30,2019/11/29,2019/11/30,0,"8,8",30
Masatepe Room Valencia,5687127,NA,Valencia,1,1,€ 30,2019/11/29,2019/11/30,0,"8,9",30
Art&Flats Bed&Breakfast,5238345,NA,Valencia,1,1,€ 36,2019/11/29,2019/11/30,0,"8,8",30
The River Hostel,494202,NA,Valencia,1,1,€ 38,2019/11/29,2019/11/30,0,"8,5",30
Apartamento con terraza,5238122,NA,Valencia,1,1,€ 240,2019/11/29,2019/11/30,0,,30
Pensión Alicante,298710,NA,Valencia,1,1,€ 42,2019/11/29,2019/11/30,0,"8,5",30
Russafa Youth Hostel,345134,NA,Valencia,1,1,€ 21,2019/11/29,2019/11/30,0,"8,6",30
Hexagonal Design Apartment Valencia,4630643,NA,Valencia,1,1,NA,2019/11/29,2019/11/30,0,"9,5",30
Estrella de russafa,5352439,NA,Valencia,1,1,€ 45,2019/11/29,2019/11/30,0,"8,7",30
Home Youth Hostel by Feetup Hostels,189322,NA,Valencia,1,1,€ 51,2019/11/29,2019/11/30,0,"8,8",30
Homestay Carrer Sagun,5006434,NA,Valencia,1,1,€ 55,2019/11/29,2019/11/30,0,"8,8",30
Lotelito,570027,NA,Valencia,1,1,€ 120,2019/11/29,2019/11/30,0,"8,9",30
Casual del Cine Valencia,572187,NA,Valencia,1,1,€ 121,2019/11/29,2019/11/30,2,"8,6",30
Cool Loft Malvarrosa Beach,4309218,NA,Valencia,1,1,NA,2019/11/29,2019/11/30,0,"9,6",30
B&B Hi Valencia Boutique,1301725,NA,Valencia,1,1,€ 123,2019/11/29,2019/11/30,0,"8,7",30
Hotel Kramer,91106,NA,Valencia,1,1,€ 123,2019/11/29,2019/11/30,3,"8,8",30
Burjassot Mestalla,3058627,NA,Valencia,1,1,€ 125,2019/11/29,2019/11/30,0,"8,6",30
Hotel Malcom and Barret,483261,NA,Valencia,1,1,€ 128,2019/11/29,2019/11/30,3,"8,7",30
Namaste Rooms,3799642,NA,Valencia,1,1,€ 60,2019/11/29,2019/11/30,0,"8,7",30
Zalamera BnB,1331238,NA,Valencia,1,1,€ 60,2019/11/29,2019/11/30,0,"8,7",30
ValentiaApartments - MercadoCentral,4185241,NA,Valencia,1,1,€ 129,2019/11/29,2019/11/30,0,"8,8",30
Soho Valencia,1538641,NA,Valencia,1,1,€ 129,2019/11/29,2019/11/30,0,"8,9",30
APARTMENTS VALENCIA CENTER,5180014,NA,Valencia,1,1,NA,2019/11/29,2019/11/30,0,"9,5",30
Melia Valencia,290493,NA,Valencia,1,1,€ 130,2019/11/29,2019/11/30,4,"8,8",30
City of Arts,3031480,NA,Valencia,1,1,€ 130,2019/11/29,2019/11/30,0,"8,7",30
Blanq Carmen Hotel,97069,NA,Valencia,1,1,€ 130,2019/11/29,2019/11/30,3,"8,7",30
Citizentral Gascons,332095,NA,Valencia,1,1,€ 133,2019/11/29,2019/11/30,0,"8,7",30
Hotel Dimar,90886,NA,Valencia,1,1,€ 135,2019/11/29,2019/11/30,4,"8,7",30
SKY TOURISTIC ATTIC,281640,NA,Valencia,1,1,€ 135,2019/11/29,2019/11/30,0,"8,5",30
Luxury Beach House,3602594,NA,Valencia,1,1,NA,2019/11/29,2019/11/30,0,"9,8",30
Valenciaflats Centro Histórico,94781,NA,Valencia,1,1,€ 138,2019/11/29,2019/11/30,0,"8,7",30
Zenit Valencia,92327,NA,Valencia,1,1,€ 140,2019/11/29,2019/11/30,4,"8,8",30
One Shot Colón 46,1394168,NA,Valencia,1,1,€ 144,2019/11/29,2019/11/30,3,"8,7",30
El Palacete Gran Via,3483148,NA,Valencia,1,1,€ 147,2019/11/29,2019/11/30,0,"8,7",30
SH Valencia Palace,91497,NA,Valencia,1,1,€ 153,2019/11/29,2019/11/30,5,"8,5",30
Enjoy Flat Valencia,3991548,NA,Valencia,1,1,€ 155,2019/11/29,2019/11/30,0,"8,6",30
Disfruta - Enjoy Valencia Ruzafa,3890328,NA,Valencia,1,1,NA,2019/11/29,2019/11/30,0,"9,7",30
Hotel San Lorenzo Boutique,1307718,NA,Valencia,1,1,€ 158,2019/11/29,2019/11/30,3,"8,6",30
Hotel Valencia Oceanic Managed by Melia Hotels International,91522,NA,Valencia,1,1,€ 161,2019/11/29,2019/11/30,4,"8,6",30
Petit Palace Plaza de la Reina,90443,NA,Valencia,1,1,€ 161,2019/11/29,2019/11/30,3,"8,7",30
Barceló Valencia,91988,NA,Valencia,1,1,€ 167,2019/11/29,2019/11/30,4,"8,7",30
AC Hotel Colon Valencia,1117150,NA,Valencia,1,1,€ 169,2019/11/29,2019/11/30,4,"8,7",30
L'Otelet By Sweet,1467935,NA,Valencia,1,1,€ 77,2019/11/29,2019/11/30,0,"8,3",30
Sweet Hotel Continental,93856,NA,Valencia,1,1,€ 79,2019/11/29,2019/11/30,2,"8,3",30
Apartamento Comedias,2236348,NA,Valencia,1,1,NA,2019/11/29,2019/11/30,0,"9,7",30
Reina 12,1684198,NA,Valencia,1,1,€ 80,2019/11/29,2019/11/30,0,"8,3",30
MD Modern Hotel - Jardines,305447,NA,Valencia,1,1,€ 82,2019/11/29,2019/11/30,1,"8,3",30
Apartamento Gutenberg,1327120,NA,Valencia,1,1,€ 85,2019/11/29,2019/11/30,0,"8,2",30
Apartamento Plaza Sainetero,2743838,NA,Valencia,1,1,€ 93,2019/11/29,2019/11/30,0,"8,1",30
B&B Hi Valencia Canovas,305349,NA,Valencia,1,1,€ 94,2019/11/29,2019/11/30,0,"8,3",30
Apartamentos Barraca,2609457,NA,Valencia,1,1,€ 99,2019/11/29,2019/11/30,0,"8,2",30
Apartamento Bolseria 28,881275,NA,Valencia,1,1,NA,2019/11/29,2019/11/30,0,"9,5",30
Hotel Villacarlos,90730,NA,Valencia,1,1,€ 99,2019/11/29,2019/11/30,3,8,30
Mercado Central Rooms & Breakfast,2515022,NA,Valencia,1,1,€ 105,2019/11/29,2019/11/30,0,"8,1",30
Casual de las Artes Valencia,538056,NA,Valencia,1,1,€ 106,2019/11/29,2019/11/30,3,"8,4",30
Happy Apartments Valencia,456043,NA,Valencia,1,1,€ 109,2019/11/29,2019/11/30,0,"8,2",30
Sol Playa,12656,NA,Valencia,1,1,€ 110,2019/11/29,2019/11/30,2,"8,3",30
Apartamento Privado Próximo a Playa y Ciencias,3783163,NA,Valencia,1,1,€ 110,2019/11/29,2019/11/30,0,"8,3",30
Centro en Valencia,2885222,NA,Valencia,1,1,NA,2019/11/29,2019/11/30,0,"9,5",30
Old Town Flats Casa Burguerini,4552106,NA,Valencia,1,1,€ 111,2019/11/29,2019/11/30,0,"8,1",30
Happy Apartments Valencia – Lope de Vega,575582,NA,Valencia,1,1,€ 115,2019/11/29,2019/11/30,0,"8,1",30
Nanit Valencia Hostel,3913497,NA,Valencia,1,1,€ 119,2019/11/29,2019/11/30,0,"8,4",30
Apartamento frente al mar,3060802,NA,Valencia,1,1,€ 125,2019/11/29,2019/11/30,0,"8,3",30
Hotel Conqueridor,91047,NA,Valencia,1,1,€ 126,2019/11/29,2019/11/30,4,"8,4",30
Tryp Valencia Feria,92852,NA,Valencia,1,1,€ 126,2019/11/29,2019/11/30,4,"8,4",30
Flats Piera Valencia Center,1490563,NA,Valencia,1,1,NA,2019/11/29,2019/11/30,0,"9,7",30
Ilunion Valencia 4,754329,NA,Valencia,1,1,€ 130,2019/11/29,2019/11/30,4,"8,1",30
Apartamento Obispo don Jerónimo,2079020,NA,Valencia,1,1,€ 135,2019/11/29,2019/11/30,0,"8,3",30
Senator Parque Central Hotel,274963,NA,Valencia,1,1,€ 137,2019/11/29,2019/11/30,4,"8,1",30
Sweet Hotel Renasa,274818,NA,Valencia,1,1,€ 139,2019/11/29,2019/11/30,3,8,30
United Colors of Apartments - Catedral,1301545,NA,Valencia,1,1,€ 139,2019/11/29,2019/11/30,0,"8,2",30
