name,propertyId,propertyType,city,rooms,days,price,checkIn,checkOut,stars,score,advance
Port of Valencia,3805735,Apartamento,Valencia,1,1,€ 120,2019/10/26,2019/10/27,0,"5,1",7
Guest House Duc de Gaeta,2275007,NA,Valencia,1,1,€ 89,2019/10/26,2019/10/27,0,"4,9",7
Apartamento Forn dels Apòstols,3122008,Apartamento,Valencia,1,1,NA,2019/10/26,2019/10/27,0,"9,6",7
Guesthouse Plaza de Toros,2985902,NA,Valencia,1,1,€ 90,2019/10/26,2019/10/27,0,"4,8",7
RoomTuristValencia RuzafaSumsi,4682802,NA,Valencia,1,1,€ 105,2019/10/26,2019/10/27,0,"4,5",7
Constitucion Guesthouse,2985942,NA,Valencia,1,1,€ 98,2019/10/26,2019/10/27,0,"3,7",7
Rest room Evi,5710566,NA,Valencia,1,1,€ 28,2019/10/26,2019/10/27,0,,7
Masatepe Room Valencia,5687127,NA,Valencia,1,1,€ 30,2019/10/26,2019/10/27,0,,7
Helle & ruhige Zimmer nähe Strand,5698199,NA,Valencia,1,1,€ 38,2019/10/26,2019/10/27,0,,7
Ambrosio Flats Valencia - El Carmen,2401127,Apartamento,Valencia,1,1,NA,2019/10/26,2019/10/27,0,"9,5",7
Rooms El Picolino,5326859,NA,Valencia,1,1,€ 55,2019/10/26,2019/10/27,0,,7
Hogar Dulce Hogar,5426607,NA,Valencia,1,1,€ 63,2019/10/26,2019/10/27,0,,7
Valencia- habitacion,5366858,NA,Valencia,1,1,€ 65,2019/10/26,2019/10/27,0,,7
chicrooms,5696677,NA,Valencia,1,1,€ 65,2019/10/26,2019/10/27,0,,7
The White Apartment: Luxury- Beach and Design,5631365,Apartamento,Valencia,1,1,€ 167,2019/10/26,2019/10/27,0,,7
Apartment Passeig de la Petxina,5695771,Apartamentos,Valencia,1,1,€ 195,2019/10/26,2019/10/27,0,,7
Valencia center,3168460,Apartamento,Valencia,1,1,NA,2019/10/26,2019/10/27,0,"9,8",7
"Flat ""Ca Alexandre""",3687859,Apartamento,Valencia,1,1,€ 200,2019/10/26,2019/10/27,0,,7
Apartment Carrer de Don Juan de Austria,5464038,Apartamentos,Valencia,1,1,€ 275,2019/10/26,2019/10/27,0,,7
LACASAMALVA1 PLAYA DE VALENCIA,5679960,Casa o chalet,Valencia,1,1,€ 298,2019/10/26,2019/10/27,0,,7
Apartment Carrer de Josep Aguirre,5646705,Apartamentos,Valencia,1,1,€ 608,2019/10/26,2019/10/27,0,,7
Apartment Carrer de Cadis,5531328,Apartamentos,Valencia,1,1,€ 648,2019/10/26,2019/10/27,0,,7
Apartamento con terraza,5238122,Apartahotel,Valencia,1,1,€ 770,2019/10/26,2019/10/27,0,,7
Luxury Center Plaza Redonda,5138960,Apartamento,Valencia,1,1,NA,2019/10/26,2019/10/27,0,"9,7",7
Gulet Why Not,5199364,NA,Valencia,1,1,€ 3.000,2019/10/26,2019/10/27,0,,7
SH Valencia Palace,91497,NA,Valencia,1,1,€ 250,2019/10/26,2019/10/27,5,"8,5",7
Hospes Palau de La Mar,93823,NA,Valencia,1,1,€ 252,2019/10/26,2019/10/27,5,"8,8",7
Constitución,4229663,Apartamento,Valencia,1,1,NA,2019/10/26,2019/10/27,0,"9,6",7
Barceló Valencia,91988,NA,Valencia,1,1,€ 255,2019/10/26,2019/10/27,4,"8,7",7
Zenit Valencia,92327,NA,Valencia,1,1,€ 270,2019/10/26,2019/10/27,4,"8,8",7
Urban Youth Hostel,1163025,NA,Valencia,1,1,€ 78,2019/10/26,2019/10/27,0,"8,4",7
Tryp Valencia Feria,92852,NA,Valencia,1,1,€ 81,2019/10/26,2019/10/27,4,"8,4",7
L'Otelet By Sweet,1467935,NA,Valencia,1,1,€ 88,2019/10/26,2019/10/27,0,"8,3",7
Aventura,5567318,NA,Valencia,1,1,€ 100,2019/10/26,2019/10/27,0,"8,1",7
Opera House Valencia B&B,3533887,NA,Valencia,1,1,NA,2019/10/26,2019/10/27,0,"9,5",7
Ilunion Valencia 4,754329,NA,Valencia,1,1,€ 110,2019/10/26,2019/10/27,4,"8,1",7
Eurostars Gran Valencia,90484,NA,Valencia,1,1,€ 118,2019/10/26,2019/10/27,4,"8,4",7
Happy Apartments Valencia – Lope de Vega,575582,Apartamentos,Valencia,1,1,€ 119,2019/10/26,2019/10/27,0,"8,1",7
NH Ciudad de Valencia,90729,NA,Valencia,1,1,€ 137,2019/10/26,2019/10/27,3,"8,1",7
NH Valencia Center,90727,NA,Valencia,1,1,€ 141,2019/10/26,2019/10/27,4,"8,3",7
Senator Parque Central Hotel,274963,NA,Valencia,1,1,€ 147,2019/10/26,2019/10/27,4,"8,1",7
RUZAFA- CENTRO-A/C- WI-FI- PARKING,2885994,Apartamento,Valencia,1,1,NA,2019/10/26,2019/10/27,0,"9,7",7
Living Valencia -Correos,3062274,Apartamentos,Valencia,1,1,€ 150,2019/10/26,2019/10/27,0,"8,3",7
Zerka Centro,4425975,Apartamentos,Valencia,1,1,€ 159,2019/10/26,2019/10/27,0,"8,4",7
Eurostars Rey Don Jaime,91520,NA,Valencia,1,1,€ 161,2019/10/26,2019/10/27,4,"8,2",7
Hotel Valencia Center,91285,NA,Valencia,1,1,€ 168,2019/10/26,2019/10/27,4,"8,4",7
Lovely in turia gardens.,3870257,Apartamento,Valencia,1,1,€ 175,2019/10/26,2019/10/27,0,"8,4",7
Primus Valencia,331871,NA,Valencia,1,1,€ 175,2019/10/26,2019/10/27,4,"8,3",7
Bruno Apartment,2715023,Apartamento,Valencia,1,1,NA,2019/10/26,2019/10/27,0,"9,7",7
Ilunion Aqua 3,92776,NA,Valencia,1,1,€ 175,2019/10/26,2019/10/27,3,"8,3",7
Sweet Hotel Renasa,274818,NA,Valencia,1,1,€ 179,2019/10/26,2019/10/27,3,8,7
NH Valencia Las Artes,90731,NA,Valencia,1,1,€ 179,2019/10/26,2019/10/27,4,"8,4",7
Silken Puerta Valencia,91182,NA,Valencia,1,1,€ 185,2019/10/26,2019/10/27,4,"8,3",7
Hotel Conqueridor,91047,NA,Valencia,1,1,€ 200,2019/10/26,2019/10/27,4,"8,4",7
Hotel Cosmo,4838858,NA,Valencia,1,1,€ 220,2019/10/26,2019/10/27,3,10,7
Barracart Apartments,2125836,Apartamentos,Valencia,1,1,€ 147,2019/10/26,2019/10/27,0,"9,6",7
Valencia Apartamentos Goya,4256653,Apartamentos,Valencia,1,1,NA,2019/10/26,2019/10/27,0,10,7
Ramirez Flats & Bar,4124528,Apartahotel,Valencia,1,1,€ 230,2019/10/26,2019/10/27,0,"9,5",7
YOU & CO. Saler Beach Boutique,4533007,NA,Valencia,1,1,€ 76,2019/10/26,2019/10/27,3,9,7
RUZAFA. Nice apartment and Terrace.,4368595,Apartamento,Valencia,1,1,€ 95,2019/10/26,2019/10/27,0,"9,3",7
Kasa Katia Eco Guest House,636256,NA,Valencia,1,1,€ 99,2019/10/26,2019/10/27,0,"9,3",7
Apartamento cerca de la Playa y el Centro,2620264,Apartamento,Valencia,1,1,€ 100,2019/10/26,2019/10/27,0,"8,9",7
Casa Cabañal,2436758,Casa o chalet,Valencia,1,1,€ 106,2019/10/26,2019/10/27,0,9,7
Cómoda habitación Valencia,4200488,NA,Valencia,1,1,NA,2019/10/26,2019/10/27,0,"9,6",7
Casual Socarrat Valencia,5142800,NA,Valencia,1,1,€ 135,2019/10/26,2019/10/27,3,"9,1",7
Maison Reina B&B,5004812,NA,Valencia,1,1,€ 150,2019/10/26,2019/10/27,0,"9,2",7
Palacio de Rojas,1073276,Apartamentos,Valencia,1,1,€ 152,2019/10/26,2019/10/27,0,"9,3",7
NH Collection Colón Valencia,3828811,NA,Valencia,1,1,€ 176,2019/10/26,2019/10/27,4,"9,2",7
Rooms Ciencias,94126,NA,Valencia,1,1,€ 190,2019/10/26,2019/10/27,0,9,7
Hotel Valencia Alameda,4019381,NA,Valencia,1,1,€ 193,2019/10/26,2019/10/27,4,"9,2",7
MerKat-Abastos,1231196,Apartamento,Valencia,1,1,NA,2019/10/26,2019/10/27,0,"9,7",7
Vincci Mercat,1279484,NA,Valencia,1,1,€ 198,2019/10/26,2019/10/27,4,9,7
Valenciaflats Centro Ciudad,18544,Apartamentos,Valencia,1,1,€ 210,2019/10/26,2019/10/27,0,"9,2",7
Apartamentos Wallace,1698355,Apartamentos,Valencia,1,1,€ 225,2019/10/26,2019/10/27,0,"9,2",7
One Shot Mercat 09,2274203,NA,Valencia,1,1,€ 229,2019/10/26,2019/10/27,4,"9,1",7
Citizentral Juristas,1113127,Apartamentos,Valencia,1,1,€ 237,2019/10/26,2019/10/27,0,"9,2",7
MYR Hotel Plaza Mercado & Spa,1619029,Apartahotel,Valencia,1,1,€ 289,2019/10/26,2019/10/27,0,"9,2",7
Apartments Downtown Valencia,2250421,Apartamentos,Valencia,1,1,NA,2019/10/26,2019/10/27,0,"9,6",7
Valenciaflats Ciudad de las Ciencias,93676,Apartamentos,Valencia,1,1,€ 290,2019/10/26,2019/10/27,0,"9,1",7
Las Arenas Balneario Resort,91144,NA,Valencia,1,1,€ 297,2019/10/26,2019/10/27,5,9,7
Zerka Sendra,4657122,Apartamento,Valencia,1,1,€ 309,2019/10/26,2019/10/27,0,9,7
Pio XII Apartments Valencia,402080,Apartamentos,Valencia,1,1,€ 90,2019/10/26,2019/10/27,0,"8,5",7
Melia Valencia,290493,NA,Valencia,1,1,€ 93,2019/10/26,2019/10/27,4,"8,8",7
