name,propertyId,propertyType,city,rooms,days,price,checkIn,checkOut,stars,score,advance
BUBUFLATS / Mercat,783206,Apartamentos,Valencia,1,1,€ 85,2019/12/05,2019/12/06,0,"8,9",60
Burjassot Mestalla,3058627,Apartamento,Valencia,1,1,€ 85,2019/12/05,2019/12/06,0,"8,6",60
Biopark View Apartment,2381901,Apartamento,Valencia,1,1,NA,2019/12/05,2019/12/06,0,9,60
Hotel Beleret,94652,NA,Valencia,1,1,€ 41,2019/12/05,2019/12/06,3,"7,6",60
Valencia Lounge Hostel,337203,NA,Valencia,1,1,€ 42,2019/12/05,2019/12/06,0,"7,7",60
Atico con vistas - Alfahuir,2860729,Apartamento,Valencia,1,1,NA,2019/12/05,2019/12/06,0,"8,5",60
vosotros sereis parte de mi familia.,5299568,NA,Valencia,1,1,€ 60,2019/12/05,2019/12/06,0,,60
Apartamentos Navío,5647176,Apartamento,Valencia,1,1,€ 60,2019/12/05,2019/12/06,0,,60
Calle D Juan de Austria 4,4036814,Apartamento,Valencia,1,1,NA,2019/12/05,2019/12/06,0,"8,4",60
Valencia- habitacion,5366858,NA,Valencia,1,1,€ 65,2019/12/05,2019/12/06,0,,60
Cabanyal Apartments Beach,5402234,Apartamento,Valencia,1,1,€ 67,2019/12/05,2019/12/06,0,,60
Piso en Playa de Valencia,5533098,Apartamento,Valencia,1,1,€ 70,2019/12/05,2019/12/06,0,,60
Loft Turia Gran,5133726,Apartamento,Valencia,1,1,€ 80,2019/12/05,2019/12/06,0,,60
Rooms El Picolino,5326859,NA,Valencia,1,1,€ 80,2019/12/05,2019/12/06,0,,60
Patacona Green Flats,292996,Apartamentos,Valencia,1,1,€ 43,2019/12/05,2019/12/06,0,"7,6",60
Casual de la Música Valencia,273130,NA,Valencia,1,1,€ 43,2019/12/05,2019/12/06,2,"7,5",60
OYO Pensión El Rincón,476031,NA,Valencia,1,1,€ 45,2019/12/05,2019/12/06,1,"7,6",60
Barceló Valencia,91988,NA,Valencia,1,1,€ 86,2019/12/05,2019/12/06,4,"8,7",60
Citizentral Gascons,332095,Apartamentos,Valencia,1,1,€ 87,2019/12/05,2019/12/06,0,"8,8",60
Valencian Apartment,2298621,Apartamento,Valencia,1,1,€ 88,2019/12/05,2019/12/06,0,"8,9",60
Magnífico Adosado- cerca de Valencia ciudad- en zona de montaña y playa fluvial,5354233,Casa o chalet,Valencia,1,1,€ 90,2019/12/05,2019/12/06,0,"8,8",60
Hotel Cosmo,4838858,NA,Valencia,1,1,€ 94,2019/12/05,2019/12/06,3,,60
Atico Duplex en el Carmen,2954876,Apartamento,Valencia,1,1,NA,2019/12/05,2019/12/06,0,"8,3",60
Carrer de l'Arquitecte Alfaro 27 bajo derecha,4353398,Apartamento,Valencia,1,1,€ 102,2019/12/05,2019/12/06,0,,60
Kirei Apartment Dublin,4639542,Apartamento,Valencia,1,1,€ 103,2019/12/05,2019/12/06,0,,60
Comfort Homestay,5423155,NA,Valencia,1,1,€ 105,2019/12/05,2019/12/06,0,,60
Perla Apartments,3146781,Apartamentos,Valencia,1,1,€ 90,2019/12/05,2019/12/06,0,"8,7",60
Apartamento Playa el Cabanyal,2469500,Apartamento,Valencia,1,1,€ 90,2019/12/05,2019/12/06,0,"8,9",60
Total Valencia Lonja,2263771,Apartamento,Valencia,1,1,NA,2019/12/05,2019/12/06,0,"9,2",60
BUBUFLATS Mossén,1141763,Apartamentos,Valencia,1,1,€ 90,2019/12/05,2019/12/06,0,"8,9",60
SKY TOURISTIC ATTIC,281640,Apartamentos,Valencia,1,1,€ 90,2019/12/05,2019/12/06,0,"8,5",60
Patacona Resort Apartments,189782,Apartamentos,Valencia,1,1,€ 46,2019/12/05,2019/12/06,0,"7,8",60
Expo Hotel Valencia,91223,NA,Valencia,1,1,€ 48,2019/12/05,2019/12/06,3,"7,6",60
Cosy Rooms Tapinería,371192,NA,Valencia,1,1,€ 49,2019/12/05,2019/12/06,2,"7,5",60
Palacios Rooms,2773548,NA,Valencia,1,1,NA,2019/12/05,2019/12/06,0,"8,6",60
Apartamentos Artesa 22 Valencia,5546723,Apartamento,Valencia,1,1,€ 112,2019/12/05,2019/12/06,0,,60
Valencia City Apartment,5460796,Apartamentos,Valencia,1,1,€ 115,2019/12/05,2019/12/06,0,,60
CASA MARQUES DE CARO,4472176,Apartamento,Valencia,1,1,€ 121,2019/12/05,2019/12/06,0,,60
Apartamentos Marina Beach,2661874,Apartamentos,Valencia,1,1,NA,2019/12/05,2019/12/06,0,"8,2",60
Todo el centro histórico a tu alcance.,5610526,Apartamento,Valencia,1,1,€ 152,2019/12/05,2019/12/06,0,,60
The White Apartment: Luxury- Beach and Design,5631365,Apartamento,Valencia,1,1,€ 167,2019/12/05,2019/12/06,0,,60
Casual Civilizaciones Valencia,449777,NA,Valencia,1,1,€ 50,2019/12/05,2019/12/06,0,"7,9",60
Apartamentos Abastos,1044426,Apartamentos,Valencia,1,1,€ 50,2019/12/05,2019/12/06,0,"7,5",60
Hostal Bisbal,235665,NA,Valencia,1,1,€ 50,2019/12/05,2019/12/06,1,"7,5",60
Habitacion PLaza Ayuntamiento,4365340,NA,Valencia,1,1,€ 50,2019/12/05,2019/12/06,0,"7,5",60
Cerca de la Playa- el Puerto y del Oceanográfico,5211380,Apartamento,Valencia,1,1,€ 179,2019/12/05,2019/12/06,0,,60
Apartment Carrer Ernesto Che Guevara,5598848,Apartamentos,Valencia,1,1,€ 211,2019/12/05,2019/12/06,0,,60
"Flat ""Ca Alexandre""",3687859,Apartamento,Valencia,1,1,€ 240,2019/12/05,2019/12/06,0,,60
Turia Guesthouse - B&B,2884427,Apartamento,Valencia,1,1,€ 265,2019/12/05,2019/12/06,0,,60
Apartment near City of Arts 2,3033254,Apartamentos,Valencia,1,1,NA,2019/12/05,2019/12/06,0,"8,3",60
Apartment Carrer de Don Juan de Austria,5464038,Apartamentos,Valencia,1,1,€ 275,2019/12/05,2019/12/06,0,,60
Hotel Mediterraneo Valencia,92412,NA,Valencia,1,1,€ 90,2019/12/05,2019/12/06,3,"8,8",60
Les flors,3985046,Apartamento,Valencia,1,1,€ 92,2019/12/05,2019/12/06,0,"8,7",60
One Shot Palacio Reina Victoria 04,90885,NA,Valencia,1,1,€ 93,2019/12/05,2019/12/06,4,"8,6",60
Hostal Residencial RR,450746,NA,Valencia,1,1,€ 47,2019/12/05,2019/12/06,0,7,60
Cosy Rooms Embajador,369728,NA,Valencia,1,1,€ 49,2019/12/05,2019/12/06,2,"7,4",60
Flats Friends Nave,2861620,Apartamentos,Valencia,1,1,NA,2019/12/05,2019/12/06,0,"8,4",60
B&B El Mercat,2203530,NA,Valencia,1,1,€ 50,2019/12/05,2019/12/06,0,"7,3",60
El Palacete Gran Via,3483148,NA,Valencia,1,1,€ 95,2019/12/05,2019/12/06,0,"8,7",60
Apartamento Ruzafa Centro I,2006333,Apartamento,Valencia,1,1,NA,2019/12/05,2019/12/06,0,"9,2",60
MODERNO Y ACOGEDOR FRENTE A RUZAFA Y CERCA DEL CENTRO,4490444,Apartamento,Valencia,1,1,€ 95,2019/12/05,2019/12/06,0,"8,7",60
Melia Valencia,290493,NA,Valencia,1,1,€ 98,2019/12/05,2019/12/06,4,"8,8",60
Jero Rooms,296743,NA,Valencia,1,1,€ 52,2019/12/05,2019/12/06,0,"7,7",60
Como en casa,4802186,NA,Valencia,1,1,€ 54,2019/12/05,2019/12/06,0,"7,9",60
City of Arts,3031480,Apartamento,Valencia,1,1,NA,2019/12/05,2019/12/06,0,"8,7",60
Habitacion por dias Centro Valencia,3977106,NA,Valencia,1,1,€ 55,2019/12/05,2019/12/06,0,"7,8",60
PISO ACOGEDOR,4995780,NA,Valencia,1,1,€ 50,2019/12/05,2019/12/06,0,"7,1",60
Centro Valencia Calle Cerrajeros,3476261,NA,Valencia,1,1,€ 50,2019/12/05,2019/12/06,0,"7,1",60
Sampedor Apartment,435662,Apartamentos,Valencia,1,1,€ 53,2019/12/05,2019/12/06,0,7,60
Murillo Apartment,408163,Apartamento,Valencia,1,1,€ 53,2019/12/05,2019/12/06,0,"7,1",60
Zenit Valencia,92327,NA,Valencia,1,1,€ 99,2019/12/05,2019/12/06,4,"8,8",60
Hotel Dimar,90886,NA,Valencia,1,1,€ 99,2019/12/05,2019/12/06,4,"8,7",60
SH Valencia Palace,91497,NA,Valencia,1,1,€ 100,2019/12/05,2019/12/06,5,"8,5",60
Malvarrosa Beach Rooms,314048,NA,Valencia,1,1,€ 55,2019/12/05,2019/12/06,2,7,60
Malvarrosa Silence,1907504,Apartamentos,Valencia,1,1,NA,2019/12/05,2019/12/06,0,8,60
Central Station Valencia Hostel,1647017,NA,Valencia,1,1,€ 55,2019/12/05,2019/12/06,0,"7,1",60
Plaza Redonda house.,4399973,NA,Valencia,1,1,€ 59,2019/12/05,2019/12/06,0,"7,4",60
Dreams Rental City Hall,337092,Apartamentos,Valencia,1,1,€ 280,2019/12/05,2019/12/06,0,,60
Governor Residence,3799760,Apartahotel,Valencia,1,1,€ 600,2019/12/05,2019/12/06,0,,60
Apartment Carrer de Cadis,5531328,Apartamentos,Valencia,1,1,€ 648,2019/12/05,2019/12/06,0,,60
Friendly Rentals Vives 2,2523871,Apartamento,Valencia,1,1,€ 165,2019/12/05,2019/12/06,0,"8,6",60
B&B Hotel Valencia Ciudad de las Ciencias,92242,NA,Valencia,1,1,€ 56,2019/12/05,2019/12/06,3,"7,5",60
El Globo,24498,NA,Valencia,1,1,€ 60,2019/12/05,2019/12/06,1,"7,8",60
Alex Apartment,1756374,Apartamento,Valencia,1,1,€ 64,2019/12/05,2019/12/06,0,"7,9",60
Geography and Arts.,3569110,NA,Valencia,1,1,€ 60,2019/12/05,2019/12/06,0,"7,1",60
Hostal la Barraca,350013,NA,Valencia,1,1,€ 61,2019/12/05,2019/12/06,0,"7,2",60
Accommodation Beach Apartments,1001766,Apartamentos,Valencia,1,1,€ 64,2019/12/05,2019/12/06,0,"7,1",60
Almiserat,3054886,Apartamento,Valencia,1,1,€ 70,2019/12/05,2019/12/06,0,"7,1",60
SingularStays Mercado Central,1119829,Apartamentos,Valencia,1,1,NA,2019/12/05,2019/12/06,0,"8,4",60
Apartment Horticultor Bosch,1148669,Apartamentos,Valencia,1,1,€ 70,2019/12/05,2019/12/06,0,"7,3",60
Mi casa es vuestra casa,4967097,NA,Valencia,1,1,€ 70,2019/12/05,2019/12/06,0,"7,1",60
Valencia Apartmans El Carmen,847910,Apartamentos,Valencia,1,1,€ 87,2019/12/05,2019/12/06,0,"7,4",60
Lujoso Apartamento En El Carmen,2814452,Apartamento,Valencia,1,1,€ 88,2019/12/05,2019/12/06,0,"7,4",60
Guest House Samuel Ros,4161855,NA,Valencia,1,1,€ 90,2019/12/05,2019/12/06,0,"7,2",60
La Casa dei Fiori,2849727,Apartamento,Valencia,1,1,€ 95,2019/12/05,2019/12/06,0,"7,2",60
Quart Silence,2024765,Apartamentos,Valencia,1,1,NA,2019/12/05,2019/12/06,0,8,60
Kirei Apartment Na Jordana,1702092,Apartamentos,Valencia,1,1,€ 101,2019/12/05,2019/12/06,0,7,60
Spain Host Valencia Centro- San Vicente II,2567628,Apartamento,Valencia,1,1,€ 114,2019/12/05,2019/12/06,0,"7,4",60
SEA YOU HOTEL PORT VALENCIA,92328,NA,Valencia,1,1,€ 67,2019/12/05,2019/12/06,4,"7,7",60
Oceanográfico Apartments & Spa,324918,Apartamentos,Valencia,1,1,€ 70,2019/12/05,2019/12/06,0,"7,5",60
Apartamento Jesus De Medinaceli,1728697,Apartamentos,Valencia,1,1,NA,2019/12/05,2019/12/06,0,"8,6",60
City Center Apartments,4426057,Apartamentos,Valencia,1,1,€ 72,2019/12/05,2019/12/06,0,"7,8",60
Kirei Apartment En Llop,1765516,Apartamentos,Valencia,1,1,€ 137,2019/12/05,2019/12/06,0,"7,1",60
Best Valencia Beach Flat,3246772,Apartamento,Valencia,1,1,€ 192,2019/12/05,2019/12/06,0,"7,1",60
HOSTAL BED OF THE SEA,3974636,NA,Valencia,1,1,€ 200,2019/12/05,2019/12/06,0,"7,1",60
Hotel Turia,14441,NA,Valencia,1,1,€ 75,2019/12/05,2019/12/06,4,"7,5",60
Apartamento Alguer,4005334,Apartamento,Valencia,1,1,€ 75,2019/12/05,2019/12/06,0,"7,8",60
El 16 Ruzafa,865461,Apartamentos,Valencia,1,1,€ 79,2019/12/05,2019/12/06,0,"7,7",60
Checkin Valencia,93743,NA,Valencia,1,1,€ 80,2019/12/05,2019/12/06,4,"7,8",60
The Westin Valencia,93321,NA,Valencia,1,1,€ 178,2019/12/05,2019/12/06,5,"8,7",60
Turia Town,4064373,Apartamentos,Valencia,1,1,NA,2019/12/05,2019/12/06,0,"8,8",60
Vincci Lys,91183,NA,Valencia,1,1,€ 194,2019/12/05,2019/12/06,4,"8,9",60
Mar & City Apartment,3456759,Apartamento,Valencia,1,1,€ 199,2019/12/05,2019/12/06,0,"8,9",60
Exclusive Beach Apartment,4641691,Apartamento,Valencia,1,1,€ 205,2019/12/05,2019/12/06,0,"8,9",60
Casa de Vacaciones Pintor Vilar,2093863,Apartamento,Valencia,1,1,€ 222,2019/12/05,2019/12/06,0,"8,9",60
SingularStays Parque Central,3054000,Apartamentos,Valencia,1,1,€ 239,2019/12/05,2019/12/06,0,"8,8",60
Flatsforyou Mercat,1367507,Apartamentos,Valencia,1,1,€ 280,2019/12/05,2019/12/06,3,"8,9",60
Heart Valencia Apartment,2737003,Apartamento,Valencia,1,1,NA,2019/12/05,2019/12/06,0,"8,6",60
Habitación en valencia centro,5418023,NA,Valencia,1,1,€ 30,2019/12/05,2019/12/06,0,"8,3",60
B&B Hi Valencia Canovas,305349,NA,Valencia,1,1,€ 38,2019/12/05,2019/12/06,0,"8,4",60
Habitacion en Valencia Barata,4861796,NA,Valencia,1,1,€ 40,2019/12/05,2019/12/06,0,"8,1",60
Purple Nest Hostel,25278,NA,Valencia,1,1,€ 42,2019/12/05,2019/12/06,0,"8,2",60
Apartamento Barato Valencia,3931013,NA,Valencia,1,1,€ 42,2019/12/05,2019/12/06,0,8,60
Red Nest Hostel,92283,NA,Valencia,1,1,€ 45,2019/12/05,2019/12/06,0,"8,2",60
SingularStays Lope de Vega,1760119,Apartamentos,Valencia,1,1,NA,2019/12/05,2019/12/06,0,"8,6",60
Hostal Abastos,257057,NA,Valencia,1,1,€ 45,2019/12/05,2019/12/06,2,"8,2",60
Habitacion en Valencia,4861732,NA,Valencia,1,1,€ 45,2019/12/05,2019/12/06,0,"8,2",60
Hotel Villacarlos,90730,NA,Valencia,1,1,€ 47,2019/12/05,2019/12/06,3,8,60
United Colors of Apartments - Catedral,1301545,Apartamentos,Valencia,1,1,€ 50,2019/12/05,2019/12/06,0,"8,2",60
Apartamentos Valencia,1007682,Apartamentos,Valencia,1,1,€ 50,2019/12/05,2019/12/06,0,"8,2",60
Aventura,5567318,NA,Valencia,1,1,€ 50,2019/12/05,2019/12/06,0,"8,2",60
Flats Friends Soho Suites,1819642,Apartamentos,Valencia,1,1,NA,2019/12/05,2019/12/06,0,"8,6",60
Apartamentos Barraca,2609457,Apartamento,Valencia,1,1,€ 50,2019/12/05,2019/12/06,0,"8,2",60
Apartamentos Rusafa,5604325,NA,Valencia,1,1,€ 50,2019/12/05,2019/12/06,0,"8,3",60
Habitación en piso compartido,5433175,NA,Valencia,1,1,€ 50,2019/12/05,2019/12/06,0,"8,4",60
Cozy apartment in Valencia center,3402135,Apartamentos,Valencia,1,1,€ 268,2019/12/05,2019/12/06,0,"9,2",60
Old Fisherman's House in Malvarrosa Beach,3618172,Apartamento,Valencia,1,1,€ 360,2019/12/05,2019/12/06,0,"9,4",60
Casual Socarrat Valencia,5142800,NA,Valencia,1,1,NA,2019/12/05,2019/12/06,3,"9,2",60
MD Julio Antonio Apartment Center,3961049,Apartamento,Valencia,1,1,€ 407,2019/12/05,2019/12/06,0,"9,2",60
Pensión Alicante,298710,NA,Valencia,1,1,€ 33,2019/12/05,2019/12/06,0,"8,5",60
B&B Almirante,369695,NA,Valencia,1,1,€ 43,2019/12/05,2019/12/06,1,"8,8",60
Buho House,3777691,Apartahotel,Valencia,1,1,€ 44,2019/12/05,2019/12/06,0,"8,5",60
SH Ingles Boutique Hotel,92956,NA,Valencia,1,1,€ 100,2019/12/05,2019/12/06,4,"8,5",60
Dolz Garden Ruzafa,1123993,Apartamentos,Valencia,1,1,NA,2019/12/05,2019/12/06,0,"9,1",60
New Trendy apartment,2426154,Apartamento,Valencia,1,1,€ 100,2019/12/05,2019/12/06,0,"8,7",60
Apartamento en Valencia,2549783,Apartamento,Valencia,1,1,€ 100,2019/12/05,2019/12/06,0,"8,7",60
AC Hotel Valencia,91063,NA,Valencia,1,1,€ 103,2019/12/05,2019/12/06,4,"8,5",60
Melia Plaza Valencia,13270,NA,Valencia,1,1,€ 105,2019/12/05,2019/12/06,4,"8,9",60
Hotel Neptuno,91206,NA,Valencia,1,1,€ 108,2019/12/05,2019/12/06,4,"8,5",60
Quart Youth Hostel,476418,NA,Valencia,1,1,€ 45,2019/12/05,2019/12/06,0,"8,6",60
Art&Flats Bed&Breakfast,5238345,NA,Valencia,1,1,€ 45,2019/12/05,2019/12/06,0,"8,8",60
Austria 4,1605997,Apartamentos,Valencia,1,1,NA,2019/12/05,2019/12/06,0,9,60
Home Youth Hostel by Feetup Hostels,189322,NA,Valencia,1,1,€ 47,2019/12/05,2019/12/06,0,"8,8",60
Happy Apartments Valencia,456043,Apartamentos,Valencia,1,1,€ 51,2019/12/05,2019/12/06,0,"8,2",60
Balcón Al Mar,295109,NA,Valencia,1,1,€ 51,2019/12/05,2019/12/06,0,"8,4",60
L'Otelet By Sweet,1467935,NA,Valencia,1,1,€ 72,2019/12/05,2019/12/06,0,"8,3",60
NH Valencia Center,90727,NA,Valencia,1,1,€ 72,2019/12/05,2019/12/06,4,"8,3",60
Zalamera BnB,1331238,NA,Valencia,1,1,€ 50,2019/12/05,2019/12/06,0,"8,7",60
Pio XII Apartments Valencia,402080,Apartamentos,Valencia,1,1,€ 51,2019/12/05,2019/12/06,0,"8,5",60
Hotel Malcom and Barret,483261,NA,Valencia,1,1,€ 53,2019/12/05,2019/12/06,3,"8,7",60
Flats Hondures,2194645,Apartamentos,Valencia,1,1,NA,2019/12/05,2019/12/06,0,"8,7",60
Primus Valencia,331871,NA,Valencia,1,1,€ 75,2019/12/05,2019/12/06,4,"8,3",60
Atico Ciutat Vella,3446230,Apartamentos,Valencia,1,1,€ 75,2019/12/05,2019/12/06,0,"8,3",60
Balcón Al Mar,295109,NA,Valencia,1,1,€ 54,2019/12/05,2019/12/06,0,"8,4",60
B&B Hi Valencia Boutique,1301725,NA,Valencia,1,1,€ 56,2019/12/05,2019/12/06,0,"8,7",60
Apartments Abate 4,2848648,Apartamentos,Valencia,1,1,NA,2019/12/05,2019/12/06,0,9,60
València Centre Túria,2185255,Apartamento,Valencia,1,1,€ 56,2019/12/05,2019/12/06,0,"8,8",60
Hotel Alkazar,408511,NA,Valencia,1,1,€ 75,2019/12/05,2019/12/06,1,8,60
ABCyou Bed&Breakfast,189207,NA,Valencia,1,1,€ 56,2019/12/05,2019/12/06,0,"8,5",60
Casa del Patriarca,364834,NA,Valencia,1,1,€ 57,2019/12/05,2019/12/06,0,"8,9",60
Lotelito,570027,NA,Valencia,1,1,€ 60,2019/12/05,2019/12/06,0,"8,9",60
Hotel El Siglo,1741479,NA,Valencia,1,1,€ 63,2019/12/05,2019/12/06,3,"8,5",60
Hi Valencia Cánovas,4312120,Apartamentos,Valencia,1,1,€ 63,2019/12/05,2019/12/06,0,"8,9",60
Colors Rooms,675839,NA,Valencia,1,1,€ 40,2019/12/05,2019/12/06,0,"9,6",60
Ático cerca del mar,4040503,Apartamento,Valencia,1,1,€ 75,2019/12/05,2019/12/06,0,"8,3",60
Valenciaflats Torres de Serrano,17468,Apartamentos,Valencia,1,1,€ 78,2019/12/05,2019/12/06,0,"8,3",60
Nanit Valencia Hostel,3913497,NA,Valencia,1,1,€ 80,2019/12/05,2019/12/06,0,"8,3",60
United Colors of Apartments Boutique Style,5372347,Apartamentos,Valencia,1,1,€ 64,2019/12/05,2019/12/06,0,"9,5",60
Apartment Cisneros 2,2361375,Apartamento,Valencia,1,1,NA,2019/12/05,2019/12/06,0,"9,7",60
Ramirez Flats & Bar,4124528,Apartahotel,Valencia,1,1,€ 77,2019/12/05,2019/12/06,0,"9,5",60
Apartamento luminoso y acogedor,3489126,Apartamento,Valencia,1,1,€ 78,2019/12/05,2019/12/06,0,"9,5",60
Hostal Antigua Morellana,1273937,NA,Valencia,1,1,€ 80,2019/12/05,2019/12/06,1,"9,5",60
Kasa Katia Eco Guest House,636256,NA,Valencia,1,1,NA,2019/12/05,2019/12/06,0,"9,3",60
Hulot B&B Valencia,585429,NA,Valencia,1,1,€ 63,2019/12/05,2019/12/06,0,"8,5",60
The River Hostel,494202,NA,Valencia,1,1,€ 64,2019/12/05,2019/12/06,0,"8,5",60
LOFT apartamento duplex en Valencia con parking,5519008,Apartamento,Valencia,1,1,€ 80,2019/12/05,2019/12/06,0,"9,8",60
Valencian Dreams Lonja,4757385,Apartamento,Valencia,1,1,€ 87,2019/12/05,2019/12/06,0,"9,8",60
Bubuflats Bubu 3,1014334,Apartamentos,Valencia,1,1,€ 90,2019/12/05,2019/12/06,0,"9,6",60
Apartment Cabanyal,3172456,Apartamento,Valencia,1,1,NA,2019/12/05,2019/12/06,0,"9,7",60
L'Esplai Valencia Bed & Breakfast,1282556,NA,Valencia,1,1,€ 91,2019/12/05,2019/12/06,0,"9,6",60
Travel Hábitat L'Umbracle,1100150,Apartamentos,Valencia,1,1,NA,2019/12/05,2019/12/06,0,"8,9",60
Apartment Vicent,1674495,Apartamentos,Valencia,1,1,€ 80,2019/12/05,2019/12/06,0,"8,3",60
Sweet Hotel Renasa,274818,NA,Valencia,1,1,€ 84,2019/12/05,2019/12/06,3,8,60
Preciosos Apartamentos en el Carmen,2918345,Apartamentos,Valencia,1,1,€ 88,2019/12/05,2019/12/06,0,"8,2",60
Casa La Buhardilla,2985364,Apartamento,Valencia,1,1,€ 97,2019/12/05,2019/12/06,0,"9,6",60
Precioso piso junto al antiguo barrio de Campanar,3297078,Apartamento,Valencia,1,1,€ 100,2019/12/05,2019/12/06,0,"9,5",60
Opera House Valencia B&B,3533887,NA,Valencia,1,1,€ 120,2019/12/05,2019/12/06,0,"9,5",60
Apartments Downtown Valencia,2250421,Apartamentos,Valencia,1,1,€ 140,2019/12/05,2019/12/06,0,"9,6",60
Eurostars Gran Valencia,90484,NA,Valencia,1,1,€ 89,2019/12/05,2019/12/06,4,"8,4",60
Apartamento Ciudad de las Artes y las Ciencias,4353552,Apartamento,Valencia,1,1,€ 90,2019/12/05,2019/12/06,0,"8,3",60
City Suites Apartments,3091106,NA,Valencia,1,1,€ 93,2019/12/05,2019/12/06,0,"8,4",60
Travel Habitat Teatro Principal,1719003,Apartamentos,Valencia,1,1,NA,2019/12/05,2019/12/06,0,"8,7",60
Cozy fisherman's house,2241663,Casa o chalet,Valencia,1,1,€ 95,2019/12/05,2019/12/06,0,"8,3",60
MARQUÉS HOUSE 4* SUP,2118880,NA,Valencia,1,1,€ 159,2019/12/05,2019/12/06,4,"9,5",60
Hexagonal Design Apartment Valencia,4630643,Apartamento,Valencia,1,1,NA,2019/12/05,2019/12/06,0,"9,5",60
Olympia Flats,4212801,NA,Valencia,1,1,€ 80,2019/12/05,2019/12/06,0,"9,7",60
Apartamento centro,3160737,Apartamento,Valencia,1,1,€ 165,2019/12/05,2019/12/06,0,"9,7",60
Casual de las Artes Valencia,538056,NA,Valencia,1,1,€ 102,2019/12/05,2019/12/06,3,"8,4",60
APARTAMENTO LAS MELLIZAS,4651578,NA,Valencia,1,1,€ 47,2019/12/05,2019/12/06,0,"8,4",60
Friendly Rentals ABC,3656596,Apartamento,Valencia,1,1,€ 110,2019/12/05,2019/12/06,0,"8,3",60
Friendly Rentals Puerto Deportivo,2317861,Apartamentos,Valencia,1,1,€ 110,2019/12/05,2019/12/06,0,"8,2",60
Hotel Kramer,91106,NA,Valencia,1,1,€ 64,2019/12/05,2019/12/06,3,"8,8",60
Luz de Valencia,2076095,Apartamentos,Valencia,1,1,€ 64,2019/12/05,2019/12/06,0,"8,8",60
Ad Hoc Carmen,1173270,NA,Valencia,1,1,€ 66,2019/12/05,2019/12/06,2,"8,9",60
Apartamentos Sollana 18 Cerca de les Arts i les Ciencies Valencia- FREE WI-FI,5232423,Apartamento,Valencia,1,1,€ 113,2019/12/05,2019/12/06,0,"8,1",60
Carrer de Dénia,4274046,Apartamento,Valencia,1,1,NA,2019/12/05,2019/12/06,0,"8,6",60
Loft by the Beach,4441671,Apartamento,Valencia,1,1,€ 115,2019/12/05,2019/12/06,0,"8,4",60
Friendly Rentals Pergolesi,1634240,Apartamentos,Valencia,1,1,€ 115,2019/12/05,2019/12/06,0,"8,4",60
Hotel Conqueridor,91047,NA,Valencia,1,1,€ 117,2019/12/05,2019/12/06,4,"8,4",60
Disfruta - Enjoy Valencia Oceanografic,4121345,Apartamento,Valencia,1,1,€ 209,2019/12/05,2019/12/06,0,"9,6",60
Disfruta - Enjoy Valencia Ayuntamiento,4901194,Apartamento,Valencia,1,1,€ 209,2019/12/05,2019/12/06,0,"9,6",60
Casa Calle Conquista,4691493,Apartamento,Valencia,1,1,€ 240,2019/12/05,2019/12/06,0,"9,6",60
Luxury Beach Apartment with Pool,3841868,Apartamento,Valencia,1,1,€ 355,2019/12/05,2019/12/06,0,"9,7",60
La Casa Verde - Ruzafa,2029143,Apartamento,Valencia,1,1,NA,2019/12/05,2019/12/06,0,"9,7",60
Ilunion Aqua 3,92776,NA,Valencia,1,1,€ 118,2019/12/05,2019/12/06,3,"8,3",60
Apartamento Privado Próximo a Playa y Ciencias,3783163,Apartamento,Valencia,1,1,€ 120,2019/12/05,2019/12/06,0,"8,2",60
MD PASEO RUZAFA CENTER,5374850,Apartamento,Valencia,1,1,€ 1.030,2019/12/05,2019/12/06,0,"9,6",60
YOU & CO. Saler Beach Boutique,4533007,NA,Valencia,1,1,€ 38,2019/12/05,2019/12/06,3,9,60
Cantagua Hostel,4074640,NA,Valencia,1,1,€ 39,2019/12/05,2019/12/06,0,"9,1",60
Host & Home,1663785,NA,Valencia,1,1,€ 60,2019/12/05,2019/12/06,0,9,60
Habitación privada a 1500 metros de la playa,3789910,NA,Valencia,1,1,€ 60,2019/12/05,2019/12/06,0,"9,3",60
Dama Del Puerto,3230781,Apartamento,Valencia,1,1,€ 90,2019/12/05,2019/12/06,0,9,60
El Cid,2740801,Apartamento,Valencia,1,1,€ 90,2019/12/05,2019/12/06,0,9,60
Apartment Plaza Cisneros,1273377,Apartamentos,Valencia,1,1,NA,2019/12/05,2019/12/06,0,"9,7",60
Mon Suites Catedral,485679,Apartamentos,Valencia,1,1,€ 91,2019/12/05,2019/12/06,0,"9,2",60
Citizentral Juristas,1113127,Apartamentos,Valencia,1,1,€ 94,2019/12/05,2019/12/06,0,"9,2",60
City Garden Bed and Breakfast,2204361,NA,Valencia,1,1,€ 94,2019/12/05,2019/12/06,0,"9,4",60
Mon Suites San Martin,2777545,Apartamentos,Valencia,1,1,€ 95,2019/12/05,2019/12/06,0,"9,4",60
RUZAFA. Nice apartment and Terrace.,4368595,Apartamento,Valencia,1,1,€ 95,2019/12/05,2019/12/06,0,"9,3",60
Apartamentos El Olivo,1985143,Apartamento,Valencia,1,1,€ 96,2019/12/05,2019/12/06,0,"9,4",60
AMAZING HOUSE- BEST LOCATION!,4728031,Apartamento,Valencia,1,1,NA,2019/12/05,2019/12/06,0,"9,7",60
Valenciaflats Ciudad de las Ciencias,93676,Apartamentos,Valencia,1,1,€ 97,2019/12/05,2019/12/06,0,"9,1",60
Sorolla Centro,90896,NA,Valencia,1,1,€ 99,2019/12/05,2019/12/06,3,"9,1",60
Apartamentos Edificio Palomar,189277,Apartamentos,Valencia,1,1,€ 99,2019/12/05,2019/12/06,0,"9,2",60
OCEANOGRAFIC DELUXE- PARKING- WI-FI,4095746,Apartamento,Valencia,1,1,€ 100,2019/12/05,2019/12/06,0,"9,2",60
Hi Valencia Apartments - Jorge Juan,2373701,Apartamento,Valencia,1,1,€ 100,2019/12/05,2019/12/06,0,"9,4",60
Mestalla Paradise,4734619,NA,Valencia,1,1,€ 100,2019/12/05,2019/12/06,0,"9,1",60
Cool Central Market,3424724,Apartamento,Valencia,1,1,NA,2019/12/05,2019/12/06,0,"9,9",60
Piso como en tu casa 2,3834617,Apartamentos,Valencia,1,1,€ 101,2019/12/05,2019/12/06,0,"9,2",60
HQ Rooms Apartments San Vicente,2894429,Apartamentos,Valencia,1,1,€ 105,2019/12/05,2019/12/06,0,"9,2",60
Forn desamparats,2380447,Apartamento,Valencia,1,1,€ 105,2019/12/05,2019/12/06,0,"9,4",60
Nest Style Valencia,5219046,NA,Valencia,1,1,€ 106,2019/12/05,2019/12/06,3,"9,4",60
5 SENSES,3786890,Apartamento,Valencia,1,1,€ 107,2019/12/05,2019/12/06,0,"9,2",60
"Piso ""Como en tu casa""",2689136,Apartamento,Valencia,1,1,€ 110,2019/12/05,2019/12/06,0,"9,2",60
Hotel Boutique Balandret,1281710,NA,Valencia,1,1,NA,2019/12/05,2019/12/06,3,"9,2",60
Center City Flats,861452,Apartamentos,Valencia,1,1,€ 111,2019/12/05,2019/12/06,0,"9,1",60
COZY APARTMENT VALENCIA CITY CENTER!,4886758,Apartamento,Valencia,1,1,€ 115,2019/12/05,2019/12/06,0,"9,2",60
Welcome Apartamentos Pintor Stolz 31 Valencia,5019066,Apartamento,Valencia,1,1,€ 115,2019/12/05,2019/12/06,0,"9,1",60
NH Collection Colón Valencia,3828811,NA,Valencia,1,1,€ 117,2019/12/05,2019/12/06,4,"9,2",60
Apartamentos Naranja y Limòn,2250906,Apartamentos,Valencia,1,1,€ 120,2019/12/05,2019/12/06,0,"9,3",60
