name,propertyId,propertyType,city,rooms,days,price,checkIn,checkOut,stars,score,advance
"Flat ""Ca Alexandre""",3687859,Apartamento,Valencia,1,1,€ 240,2019/12/08,2019/12/09,0,,60
Apartment Carrer de Don Juan de Austria,5464038,Apartamentos,Valencia,1,1,€ 275,2019/12/08,2019/12/09,0,,60
Plaza de la Virgen,3167342,Apartamento,Valencia,1,1,NA,2019/12/08,2019/12/09,0,"8,8",60
Dreams Rental City Hall,337092,Apartamentos,Valencia,1,1,€ 280,2019/12/08,2019/12/09,0,,60
LACASAMALVA1 PLAYA DE VALENCIA,5679960,Casa o chalet,Valencia,1,1,€ 298,2019/12/08,2019/12/09,0,,60
Governor Residence,3799760,Apartahotel,Valencia,1,1,€ 600,2019/12/08,2019/12/09,0,,60
Apartment Carrer de Cadis,5531328,Apartamentos,Valencia,1,1,€ 648,2019/12/08,2019/12/09,0,,60
Urban Youth Hostel,1163025,NA,Valencia,1,1,€ 23,2019/12/08,2019/12/09,0,"8,4",60
Habitación en valencia centro,5418023,NA,Valencia,1,1,€ 30,2019/12/08,2019/12/09,0,"8,3",60
Casa Cosy,375456,Apartamentos,Valencia,1,1,NA,2019/12/08,2019/12/09,0,"9,4",60
Center Valencia Youth Hostel,246931,NA,Valencia,1,1,€ 32,2019/12/08,2019/12/09,0,8,60
Red Nest Hostel,92283,NA,Valencia,1,1,€ 37,2019/12/08,2019/12/09,0,"8,2",60
B&B Hi Valencia Canovas,305349,NA,Valencia,1,1,€ 38,2019/12/08,2019/12/09,0,"8,3",60
Habitación en piso compartido,5433175,NA,Valencia,1,1,€ 40,2019/12/08,2019/12/09,0,"8,4",60
Habitacion en Valencia Barata,4861796,NA,Valencia,1,1,€ 40,2019/12/08,2019/12/09,0,"8,2",60
Hotel Villacarlos,90730,NA,Valencia,1,1,€ 41,2019/12/08,2019/12/09,3,8,60
Apartamento Calle Lorca,2111733,Apartamento,Valencia,1,1,NA,2019/12/08,2019/12/09,0,"9,4",60
Purple Nest Hostel,25278,NA,Valencia,1,1,€ 42,2019/12/08,2019/12/09,0,"8,2",60
Apartamento Barato Valencia,3931013,NA,Valencia,1,1,€ 42,2019/12/08,2019/12/09,0,8,60
Habitacion en Valencia,4861732,NA,Valencia,1,1,€ 45,2019/12/08,2019/12/09,0,"8,2",60
Aparthotel Valencia Rental,17344,Apartahotel,Valencia,1,1,€ 48,2019/12/08,2019/12/09,0,8,60
Sweet Hotel Renasa,274818,NA,Valencia,1,1,€ 49,2019/12/08,2019/12/09,3,8,60
United Colors of Apartments - Catedral,1301545,Apartamentos,Valencia,1,1,€ 50,2019/12/08,2019/12/09,0,"8,2",60
Olvida tu Reloj Montichelvo Apartment,3258095,Apartamento,Valencia,1,1,NA,2019/12/08,2019/12/09,0,"9,4",60
Happy Apartments Valencia,456043,Apartamentos,Valencia,1,1,€ 51,2019/12/08,2019/12/09,0,"8,2",60
B&B Hotel Valencia Ciudad de las Ciencias,92242,NA,Valencia,1,1,€ 62,2019/12/08,2019/12/09,3,"7,5",60
Balcón Al Mar,295109,NA,Valencia,1,1,€ 51,2019/12/08,2019/12/09,0,"8,4",60
Sweet Hotel Continental,93856,NA,Valencia,1,1,€ 54,2019/12/08,2019/12/09,2,"8,3",60
Happy Apartments Valencia – Lope de Vega,575582,Apartamentos,Valencia,1,1,€ 54,2019/12/08,2019/12/09,0,"8,1",60
Hostal Abastos,257057,NA,Valencia,1,1,€ 55,2019/12/08,2019/12/09,2,"8,2",60
Pension MonaLisa Luxury Suites,3834224,NA,Valencia,1,1,€ 56,2019/12/08,2019/12/09,0,"8,2",60
Apartamento Plaza Sainetero,2743838,Apartamento,Valencia,1,1,€ 93,2019/12/08,2019/12/09,0,"8,2",60
Ilunion Aqua 3,92776,NA,Valencia,1,1,€ 94,2019/12/08,2019/12/09,3,"8,3",60
Ático con terraza cerca de la playa,4036864,Apartamento,Valencia,1,1,NA,2019/12/08,2019/12/09,0,"9,1",60
Jero Rooms,296743,NA,Valencia,1,1,€ 62,2019/12/08,2019/12/09,0,"7,7",60
SingularStays Mar44,1002060,Apartamentos,Valencia,1,1,NA,2019/12/08,2019/12/09,0,"8,7",60
Apartamentos El Olivo,1985143,Apartamento,Valencia,1,1,NA,2019/12/08,2019/12/09,0,"9,4",60
Hotel Olympia Universidades,1301731,NA,Valencia,1,1,€ 57,2019/12/08,2019/12/09,3,"8,4",60
Eurostars Gran Valencia,90484,NA,Valencia,1,1,€ 59,2019/12/08,2019/12/09,4,"8,4",60
Style Apartments Puerto,1558265,Apartamentos,Valencia,1,1,€ 59,2019/12/08,2019/12/09,0,8,60
L'Otelet By Sweet,1467935,NA,Valencia,1,1,€ 60,2019/12/08,2019/12/09,0,"8,3",60
City of Arts & Spa Apartment,4820684,Apartamento,Valencia,1,1,€ 60,2019/12/08,2019/12/09,0,8,60
Homestay Valencia,2597106,NA,Valencia,1,1,€ 95,2019/12/08,2019/12/09,0,8,60
Cozy fisherman's house,2241663,Casa o chalet,Valencia,1,1,€ 95,2019/12/08,2019/12/09,0,"8,3",60
APARTAMENTO LAS MELLIZAS,4651578,NA,Valencia,1,1,€ 56,2019/12/08,2019/12/09,0,"8,3",60
Alex Apartment,1756374,Apartamento,Valencia,1,1,€ 64,2019/12/08,2019/12/09,0,"7,9",60
SEA YOU HOTEL PORT VALENCIA,92328,NA,Valencia,1,1,€ 71,2019/12/08,2019/12/09,4,"7,7",60
City Center Apartments,4426057,Apartamentos,Valencia,1,1,€ 72,2019/12/08,2019/12/09,0,"7,8",60
Hotel Turia,14441,NA,Valencia,1,1,€ 75,2019/12/08,2019/12/09,4,"7,5",60
Apartamento Alguer,4005334,Apartamento,Valencia,1,1,€ 75,2019/12/08,2019/12/09,0,"7,7",60
Checkin Valencia,93743,NA,Valencia,1,1,€ 80,2019/12/08,2019/12/09,4,"7,8",60
Flats Friends Soho Suites,1819642,Apartamentos,Valencia,1,1,NA,2019/12/08,2019/12/09,0,"8,6",60
Patacona Beach Apartment,4533678,Apartamento,Valencia,1,1,€ 109,2019/12/08,2019/12/09,0,"8,3",60
Friendly Rentals ABC,3656596,Apartamento,Valencia,1,1,€ 110,2019/12/08,2019/12/09,0,"8,3",60
Suites by Eric Olsan (Peset),4726296,Apartamentos,Valencia,1,1,€ 83,2019/12/08,2019/12/09,0,"7,6",60
Suites by Eric Olsan (L),4287413,Apartamentos,Valencia,1,1,€ 83,2019/12/08,2019/12/09,0,"7,5",60
Torres Quart,3702234,Apartamentos,Valencia,1,1,€ 87,2019/12/08,2019/12/09,0,"7,5",60
Lujoso Apartamento En El Carmen,2814452,Apartamento,Valencia,1,1,€ 88,2019/12/08,2019/12/09,0,"7,5",60
Friendly Rentals Puerto Deportivo,2317861,Apartamentos,Valencia,1,1,€ 110,2019/12/08,2019/12/09,0,"8,2",60
Ruzzafa Codrut,3035322,Apartamento,Valencia,1,1,NA,2019/12/08,2019/12/09,0,"9,2",60
Loft by the Beach,4441671,Apartamento,Valencia,1,1,€ 115,2019/12/08,2019/12/09,0,"8,3",60
Apartamentos Sollana 18 Cerca de les Arts i les Ciencies Valencia- FREE WI-FI,5232423,Apartamento,Valencia,1,1,€ 119,2019/12/08,2019/12/09,0,"8,2",60
Apartamento Privado Próximo a Playa y Ciencias,3783163,Apartamento,Valencia,1,1,€ 120,2019/12/08,2019/12/09,0,"8,2",60
MD Modern Hotel - Jardines,305447,NA,Valencia,1,1,€ 126,2019/12/08,2019/12/09,1,"8,3",60
Zerka Centro,4425975,Apartamentos,Valencia,1,1,€ 129,2019/12/08,2019/12/09,0,"8,3",60
Guest House Samuel Ros,4161855,NA,Valencia,1,1,€ 90,2019/12/08,2019/12/09,0,"7,2",60
Kirei Apartment Na Jordana,1702092,Apartamentos,Valencia,1,1,€ 101,2019/12/08,2019/12/09,0,7,60
Apartamentos Turia,355328,Apartamentos,Valencia,1,1,NA,2019/12/08,2019/12/09,0,"8,7",60
Homestay & OLEE,4132920,NA,Valencia,1,1,€ 110,2019/12/08,2019/12/09,0,"7,4",60
Spain Host Valencia Centro- San Vicente II,2567628,Apartamento,Valencia,1,1,€ 114,2019/12/08,2019/12/09,0,"7,3",60
Apartamento Angel Alcazar 35,2174625,Apartamento,Valencia,1,1,€ 90,2019/12/08,2019/12/09,0,"7,5",60
Plaza Sainetero 5,3148458,Apartamento,Valencia,1,1,€ 91,2019/12/08,2019/12/09,0,"7,7",60
SingularStays Comedias,1176158,Apartamentos,Valencia,1,1,NA,2019/12/08,2019/12/09,0,"8,5",60
El 16 Ruzafa,865461,Apartamentos,Valencia,1,1,€ 94,2019/12/08,2019/12/09,0,"7,7",60
MyHomestay,2921259,NA,Valencia,1,1,€ 100,2019/12/08,2019/12/09,0,"7,6",60
Ilunion Valencia 3,92818,NA,Valencia,1,1,€ 117,2019/12/08,2019/12/09,3,"7,9",60
El Globo,24498,NA,Valencia,1,1,€ 118,2019/12/08,2019/12/09,1,"7,8",60
Friendly Rentals Gimenez,1634242,Apartamento,Valencia,1,1,€ 130,2019/12/08,2019/12/09,0,"8,1",60
Luminoso piso + balcón en Valencia,4615515,Apartamento,Valencia,1,1,NA,2019/12/08,2019/12/09,0,"9,3",60
Apartamento Obispo don Jerónimo,2079020,Apartamento,Valencia,1,1,€ 135,2019/12/08,2019/12/09,0,"8,2",60
Ilunion Valencia 4,754329,NA,Valencia,1,1,€ 136,2019/12/08,2019/12/09,4,"8,1",60
Accommodation Beach Apartments,1001766,Apartamentos,Valencia,1,1,€ 120,2019/12/08,2019/12/09,0,"7,1",60
Kirei Apartment Vienna,4639797,Apartamento,Valencia,1,1,€ 126,2019/12/08,2019/12/09,0,"7,4",60
Kirei Apartment En Llop,1765516,Apartamentos,Valencia,1,1,€ 137,2019/12/08,2019/12/09,0,"7,1",60
Kirei Apartment Calgary,4768322,Apartamento,Valencia,1,1,€ 148,2019/12/08,2019/12/09,0,"7,4",60
Total Valencia Elegance,493941,Apartamentos,Valencia,1,1,NA,2019/12/08,2019/12/09,0,"8,7",60
Apartment Florista,2150187,Apartamento,Valencia,1,1,€ 129,2019/12/08,2019/12/09,0,"7,8",60
STYLISH APARTMENT - CITY CENTER,2861517,Apartamento,Valencia,1,1,€ 140,2019/12/08,2019/12/09,0,"7,8",60
SingularStays Lope de Vega,1760119,Apartamentos,Valencia,1,1,NA,2019/12/08,2019/12/09,0,"8,6",60
Friendly Rentals Danna,1634254,Apartamento,Valencia,1,1,€ 155,2019/12/08,2019/12/09,0,"7,7",60
MD Art Apartment Ruzafa,2550955,Apartamento,Valencia,1,1,€ 271,2019/12/08,2019/12/09,0,"7,5",60
Best Valencia Beach Flat,3246772,Apartamento,Valencia,1,1,€ 196,2019/12/08,2019/12/09,0,"7,1",60
HOSTAL BED OF THE SEA,3974636,NA,Valencia,1,1,€ 200,2019/12/08,2019/12/09,0,"7,1",60
MD Benlliure Beach.,1957258,Apartamento,Valencia,1,1,€ 271,2019/12/08,2019/12/09,0,"7,8",60
MD Pelayo with terrace,1979067,Apartamento,Valencia,1,1,€ 271,2019/12/08,2019/12/09,0,"7,8",60
MD Abastos Center,2551194,Apartamento,Valencia,1,1,€ 289,2019/12/08,2019/12/09,0,"7,6",60
Friendly Rentals Desplat,4120221,Apartamento,Valencia,1,1,€ 145,2019/12/08,2019/12/09,0,"8,3",60
Friendly Rentals Verdi,1634232,Apartamento,Valencia,1,1,€ 145,2019/12/08,2019/12/09,0,"8,1",60
Friendly rentals Enesco Beach,2526514,Apartamento,Valencia,1,1,€ 150,2019/12/08,2019/12/09,0,8,60
Friendly Rentals Evans,1634220,Apartamentos,Valencia,1,1,€ 150,2019/12/08,2019/12/09,0,"8,4",60
Select Home Catedral,440778,Apartamentos,Valencia,1,1,€ 340,2019/12/08,2019/12/09,0,"7,1",60
MD Villalonga Malvarosa Beach,3739661,Apartamento,Valencia,1,1,€ 430,2019/12/08,2019/12/09,0,"7,1",60
Colors Rooms,675839,NA,Valencia,1,1,€ 40,2019/12/08,2019/12/09,0,"9,6",60
New apartment bioparc,4316710,Apartamento,Valencia,1,1,NA,2019/12/08,2019/12/09,0,"9,3",60
Friendly Rentals Telemann,1634241,Apartamento,Valencia,1,1,€ 150,2019/12/08,2019/12/09,0,"8,2",60
Casa los Peces,3234194,Apartamento,Valencia,1,1,€ 154,2019/12/08,2019/12/09,0,"8,3",60
Ruzafa Rooms,2891693,NA,Valencia,1,1,€ 32,2019/12/08,2019/12/09,0,"6,9",60
Guest House Lebon,3124256,NA,Valencia,1,1,€ 60,2019/12/08,2019/12/09,0,"6,8",60
Travel Hábitat L'Umbracle,1100150,Apartamento,Valencia,1,1,NA,2019/12/08,2019/12/09,0,"8,9",60
Casita Esmeralda,2040126,Casa o chalet,Valencia,1,1,€ 114,2019/12/08,2019/12/09,0,"6,5",60
United Colors of Apartments Boutique Style,5372347,Apartamentos,Valencia,1,1,€ 64,2019/12/08,2019/12/09,0,"9,5",60
Valencia Apartamentos Goya,4256653,Apartamentos,Valencia,1,1,NA,2019/12/08,2019/12/09,0,10,60
Ramirez Flats & Bar,4124528,Apartahotel,Valencia,1,1,€ 71,2019/12/08,2019/12/09,0,"9,5",60
Apartamento luminoso y acogedor,3489126,Apartamento,Valencia,1,1,€ 78,2019/12/08,2019/12/09,0,"9,5",60
Fun and Sun Center 2,2944416,NA,Valencia,1,1,€ 32,2019/12/08,2019/12/09,0,"6,1",60
Vamos A la Playa,5030500,Apartamento,Valencia,1,1,€ 90,2019/12/08,2019/12/09,0,"6,1",60
Hostal Antigua Morellana,1273937,NA,Valencia,1,1,€ 80,2019/12/08,2019/12/09,1,"9,5",60
Old Town Flats Casa Burguerini,4552106,Apartamentos,Valencia,1,1,€ 179,2019/12/08,2019/12/09,0,"8,2",60
Musico Peydro Apartments,3765069,Apartamentos,Valencia,1,1,€ 271,2019/12/08,2019/12/09,0,8,60
Malvarrosa Calle Pavia,3608764,Casa o chalet,Valencia,1,1,€ 271,2019/12/08,2019/12/09,0,8,60
L'Esplai Valencia Bed & Breakfast,1282556,NA,Valencia,1,1,€ 81,2019/12/08,2019/12/09,0,"9,6",60
LOFT apartamento duplex en Valencia con parking,5519008,Apartamento,Valencia,1,1,€ 85,2019/12/08,2019/12/09,0,"9,8",60
Valencian Dreams Lonja,4757385,Apartamento,Valencia,1,1,€ 92,2019/12/08,2019/12/09,0,"9,8",60
MerKat-Abastos,1231196,Apartamento,Valencia,1,1,NA,2019/12/08,2019/12/09,0,"9,7",60
Calle de Frederica Montseny 'Política' Casa o chalet,5152866,Casa o chalet,Valencia,1,1,€ 95,2019/12/08,2019/12/09,0,"9,6",60
Gon & Diego House,4899561,NA,Valencia,1,1,€ 40,2019/12/08,2019/12/09,0,"5,5",60
Carrer del Bisbe Jaume Pérez,4900140,NA,Valencia,1,1,€ 60,2019/12/08,2019/12/09,0,"5,9",60
Guest House Higinio Noja,2845935,NA,Valencia,1,1,€ 60,2019/12/08,2019/12/09,0,"5,9",60
Opera House Valencia B&B,3533887,NA,Valencia,1,1,€ 96,2019/12/08,2019/12/09,0,"9,5",60
Precioso piso junto al antiguo barrio de Campanar,3297078,Apartamento,Valencia,1,1,€ 100,2019/12/08,2019/12/09,0,"9,5",60
Ciudad Ciencias- Lujo- Parking- Wi-Fi.,4999636,Apartamento,Valencia,1,1,€ 110,2019/12/08,2019/12/09,0,"9,8",60
Flats Hondures,2194645,Apartamento,Valencia,1,1,NA,2019/12/08,2019/12/09,0,"8,7",60
Oliver,4865093,NA,Valencia,1,1,€ 63,2019/12/08,2019/12/09,0,"5,5",60
Kirei Apartment Berlin,4504570,Apartamentos,Valencia,1,1,€ 103,2019/12/08,2019/12/09,0,"5,6",60
Kirei Apartment Denver,4585191,Apartamento,Valencia,1,1,€ 161,2019/12/08,2019/12/09,0,"5,8",60
Kirei Apartment Portland,4276529,Apartamentos,Valencia,1,1,€ 200,2019/12/08,2019/12/09,0,"5,9",60
Bubuflats Bubu 3,1014334,Apartamento,Valencia,1,1,€ 130,2019/12/08,2019/12/09,0,"9,6",60
MARQUÉS HOUSE 4* SUP,2118880,NA,Valencia,1,1,€ 159,2019/12/08,2019/12/09,4,"9,5",60
Hexagonal Design Apartment Valencia,4630643,Apartamento,Valencia,1,1,NA,2019/12/08,2019/12/09,0,"9,5",60
Disfruta - Enjoy Valencia Oceanografic,4121345,Apartamento,Valencia,1,1,€ 209,2019/12/08,2019/12/09,0,"9,6",60
Disfruta - Enjoy Valencia Ayuntamiento,4901194,Apartamento,Valencia,1,1,€ 209,2019/12/08,2019/12/09,0,"9,6",60
Casa Calle Conquista,4691493,Apartamento,Valencia,1,1,€ 240,2019/12/08,2019/12/09,0,"9,6",60
Luxury Beach Apartment with Pool,3841868,Apartamento,Valencia,1,1,€ 355,2019/12/08,2019/12/09,0,"9,7",60
MD PASEO RUZAFA CENTER,5374850,Apartamento,Valencia,1,1,€ 1.030,2019/12/08,2019/12/09,0,"9,6",60
Port of Valencia,3805735,Apartamento,Valencia,1,1,€ 75,2019/12/08,2019/12/09,0,"5,1",60
YOU & CO. Saler Beach Boutique,4533007,NA,Valencia,1,1,€ 38,2019/12/08,2019/12/09,3,9,60
Casa Chenano,4262208,Apartamento,Valencia,1,1,NA,2019/12/08,2019/12/09,0,"9,6",60
Cantagua Hostel,4074640,NA,Valencia,1,1,€ 43,2019/12/08,2019/12/09,0,"9,1",60
Host & Home,1663785,NA,Valencia,1,1,€ 60,2019/12/08,2019/12/09,0,9,60
Jardín Botánico Hotel Boutique,93369,NA,Valencia,1,1,€ 60,2019/12/08,2019/12/09,3,9,60
Habitación privada a 1500 metros de la playa,3789910,NA,Valencia,1,1,€ 60,2019/12/08,2019/12/09,0,"9,3",60
Rooms Ciencias,94126,NA,Valencia,1,1,€ 62,2019/12/08,2019/12/09,0,9,60
RUZAFA. Nice apartment and Terrace.,4368595,Apartamento,Valencia,1,1,€ 90,2019/12/08,2019/12/09,0,"9,3",60
Olvida tu Reloj Congresos Apartment,2448036,Apartamento,Valencia,1,1,€ 91,2019/12/08,2019/12/09,0,"9,2",60
Apartamento Forn dels Apòstols,3122008,Apartamento,Valencia,1,1,NA,2019/12/08,2019/12/09,0,"9,6",60
La casita de Palomar,2132386,Apartamentos,Valencia,1,1,€ 99,2019/12/08,2019/12/09,0,"9,3",60
Hi Valencia Apartments - Jorge Juan,2373701,Apartamento,Valencia,1,1,€ 100,2019/12/08,2019/12/09,0,"9,4",60
Mestalla Paradise,4734619,NA,Valencia,1,1,€ 100,2019/12/08,2019/12/09,0,"9,1",60
Casual Socarrat Valencia,5142800,NA,Valencia,1,1,€ 101,2019/12/08,2019/12/09,3,"9,2",60
Center City Flats,861452,Apartamentos,Valencia,1,1,€ 103,2019/12/08,2019/12/09,0,"9,1",60
HQ Rooms Apartments San Vicente,2894429,Apartamentos,Valencia,1,1,€ 105,2019/12/08,2019/12/09,0,"9,2",60
Apartamento Bolseria 28,881275,Apartamentos,Valencia,1,1,NA,2019/12/08,2019/12/09,0,"9,5",60
B&B Almirante,369695,NA,Valencia,1,1,€ 43,2019/12/08,2019/12/09,1,"8,8",60
Piso como en tu casa 2,3834617,Apartamentos,Valencia,1,1,€ 106,2019/12/08,2019/12/09,0,"9,2",60
MYR Hotel Plaza Mercado & Spa,1619029,Apartahotel,Valencia,1,1,€ 109,2019/12/08,2019/12/09,0,"9,2",60
Buho House,3777691,Apartahotel,Valencia,1,1,€ 44,2019/12/08,2019/12/09,0,"8,5",60
Kasa Katia Eco Guest House,636256,NA,Valencia,1,1,NA,2019/12/08,2019/12/09,0,"9,3",60
Home Youth Hostel by Feetup Hostels,189322,NA,Valencia,1,1,€ 45,2019/12/08,2019/12/09,0,"8,8",60
Art&Flats Bed&Breakfast,5238345,NA,Valencia,1,1,€ 45,2019/12/08,2019/12/09,0,"8,8",60
Zalamera BnB,1331238,NA,Valencia,1,1,€ 47,2019/12/08,2019/12/09,0,"8,7",60
"Piso ""Como en tu casa""",2689136,Apartamento,Valencia,1,1,€ 110,2019/12/08,2019/12/09,0,"9,2",60
One Shot Mercat 09,2274203,NA,Valencia,1,1,€ 110,2019/12/08,2019/12/09,4,"9,1",60
5 SENSES,3786890,Apartamento,Valencia,1,1,€ 111,2019/12/08,2019/12/09,0,"9,2",60
Citizentral Juristas,1113127,Apartamentos,Valencia,1,1,€ 112,2019/12/08,2019/12/09,0,"9,2",60
Estrella de russafa,5352439,NA,Valencia,1,1,€ 50,2019/12/08,2019/12/09,0,"8,5",60
Apartamentos Plaza Picasso,97063,Apartamentos,Valencia,1,1,€ 51,2019/12/08,2019/12/09,0,"8,5",60
Hotel Malcom and Barret,483261,NA,Valencia,1,1,€ 53,2019/12/08,2019/12/09,3,"8,7",60
Apartamento en la Ciudad de las ciencias,2837499,Casa o chalet,Valencia,1,1,NA,2019/12/08,2019/12/09,0,"9,2",60
Casa Botànic - Céntrico y con comodidades,4218273,Apartamento,Valencia,1,1,NA,2019/12/08,2019/12/09,0,"9,8",60
València Centre Túria,2185255,Apartamento,Valencia,1,1,€ 56,2019/12/08,2019/12/09,0,"8,8",60
ABCyou Bed&Breakfast,189207,NA,Valencia,1,1,€ 56,2019/12/08,2019/12/09,0,"8,5",60
SKY TOURISTIC ATTIC,281640,Apartamentos,Valencia,1,1,€ 59,2019/12/08,2019/12/09,0,"8,5",60
Cozy apartment in Valencia center,3402135,Apartamentos,Valencia,1,1,€ 119,2019/12/08,2019/12/09,0,"9,2",60
Valencia-Ruzafa Studio,3235983,Apartamento,Valencia,1,1,€ 120,2019/12/08,2019/12/09,0,"9,1",60
15 Avinguda Mare Nostrum,4518973,Apartamento,Valencia,1,1,€ 120,2019/12/08,2019/12/09,0,"9,4",60
MD Design Hotel - Portal del Real,2391685,NA,Valencia,1,1,€ 126,2019/12/08,2019/12/09,2,"9,1",60
Hotel Kramer,91106,NA,Valencia,1,1,€ 59,2019/12/08,2019/12/09,3,"8,8",60
NH Collection Colón Valencia,3828811,NA,Valencia,1,1,€ 126,2019/12/08,2019/12/09,4,"9,2",60
Live in Chianti Apartaments,2882632,Apartamentos,Valencia,1,1,€ 128,2019/12/08,2019/12/09,0,9,60
Casa La Buhardilla,2985364,Apartamento,Valencia,1,1,NA,2019/12/08,2019/12/09,0,"9,6",60
Palau de Palomar,471283,Apartamentos,Valencia,1,1,€ 130,2019/12/08,2019/12/09,0,"9,1",60
Ad Hoc Carmen,1173270,NA,Valencia,1,1,€ 60,2019/12/08,2019/12/09,2,"8,9",60
The River Hostel,494202,NA,Valencia,1,1,€ 60,2019/12/08,2019/12/09,0,"8,5",60
Cozy apartment in Valencia! WI-FI !,4447072,Apartamento,Valencia,1,1,NA,2019/12/08,2019/12/09,0,"9,4",60
Apartamento centro frente a Torres de Serrano,3408067,Apartamento,Valencia,1,1,€ 130,2019/12/08,2019/12/09,0,"9,4",60
Apartamentos Naranja y Limòn,2250906,Apartamentos,Valencia,1,1,€ 130,2019/12/08,2019/12/09,0,"9,3",60
BUBUSUITES by Bubuflats,2389776,NA,Valencia,1,1,€ 130,2019/12/08,2019/12/09,0,"9,3",60
Lotelito,570027,NA,Valencia,1,1,€ 60,2019/12/08,2019/12/09,0,"8,9",60
Apartamento Jesus De Medinaceli,1728697,Apartamento,Valencia,1,1,€ 60,2019/12/08,2019/12/09,0,"8,6",60
Luz de Valencia,2076095,Apartamentos,Valencia,1,1,€ 63,2019/12/08,2019/12/09,0,"8,8",60
B&B Hi Valencia Boutique,1301725,NA,Valencia,1,1,€ 64,2019/12/08,2019/12/09,0,"8,7",60
Friendly Rentals Boyvin,1923141,Apartamento,Valencia,1,1,€ 130,2019/12/08,2019/12/09,0,"9,3",60
One Shot Colón 46,1394168,NA,Valencia,1,1,€ 67,2019/12/08,2019/12/09,3,"8,7",60
Sercotel Sorolla Palace,93646,NA,Valencia,1,1,€ 67,2019/12/08,2019/12/09,4,"8,6",60
Hotel Boutique Balandret,1281710,NA,Valencia,1,1,NA,2019/12/08,2019/12/09,3,"9,2",60
Hotel San Lorenzo Boutique,1307718,NA,Valencia,1,1,€ 68,2019/12/08,2019/12/09,3,"8,6",60
Bianca,4232781,Apartamentos,Valencia,1,1,€ 69,2019/12/08,2019/12/09,0,"8,9",60
Blanq Carmen Hotel,97069,NA,Valencia,1,1,€ 69,2019/12/08,2019/12/09,3,"8,7",60
Valencia maritimo,3020748,Apartamento,Valencia,1,1,€ 70,2019/12/08,2019/12/09,0,"8,9",60
Hotel Dimar,90886,NA,Valencia,1,1,€ 72,2019/12/08,2019/12/09,4,"8,7",60
El Palacete Gran Via,3483148,NA,Valencia,1,1,€ 95,2019/12/08,2019/12/09,0,"8,7",60
Hotel Valencia Oceanic Managed by Melia Hotels International,91522,NA,Valencia,1,1,€ 95,2019/12/08,2019/12/09,4,"8,6",60
Don Herrero,1781239,Apartamentos,Valencia,1,1,NA,2019/12/08,2019/12/09,0,"9,2",60
Casual Vintage Valencia,1710241,NA,Valencia,1,1,€ 98,2019/12/08,2019/12/09,2,"8,6",60
Petit Palace Plaza de la Reina,90443,NA,Valencia,1,1,€ 98,2019/12/08,2019/12/09,3,"8,7",60
AC Hotel Valencia,91063,NA,Valencia,1,1,€ 98,2019/12/08,2019/12/09,4,"8,5",60
Hotel El Siglo,1741479,NA,Valencia,1,1,€ 98,2019/12/08,2019/12/09,3,"8,5",60
Melia Plaza Valencia,13270,NA,Valencia,1,1,€ 99,2019/12/08,2019/12/09,4,"8,9",60
Zenit Valencia,92327,NA,Valencia,1,1,€ 99,2019/12/08,2019/12/09,4,"8,8",60
COZY APARTMENT VALENCIA BEACHFRONT!,3128516,Apartamento,Valencia,1,1,NA,2019/12/08,2019/12/09,0,"9,4",60
SH Valencia Palace,91497,NA,Valencia,1,1,€ 100,2019/12/08,2019/12/09,5,"8,5",60
Piso en la playa,2767716,Apartamento,Valencia,1,1,€ 100,2019/12/08,2019/12/09,0,"8,7",60
Apartamento en Valencia,2549783,Apartamento,Valencia,1,1,€ 100,2019/12/08,2019/12/09,0,"8,7",60
One Shot Palacio Reina Victoria 04,90885,NA,Valencia,1,1,€ 101,2019/12/08,2019/12/09,4,"8,6",60
Citizentral Gascons,332095,Apartamentos,Valencia,1,1,€ 102,2019/12/08,2019/12/09,0,"8,8",60
New Trendy apartment,2426154,Apartamento,Valencia,1,1,€ 105,2019/12/08,2019/12/09,0,"8,7",60
Apartamento,3139431,Apartamento,Valencia,1,1,NA,2019/12/08,2019/12/09,0,"9,4",60
Boutique Creative Rooms,2334726,NA,Valencia,1,1,€ 106,2019/12/08,2019/12/09,0,"8,7",60
Hotel Neptuno,91206,NA,Valencia,1,1,€ 108,2019/12/08,2019/12/09,4,"8,5",60
Friendly Rentals Brade,1918694,Apartamento,Valencia,1,1,€ 110,2019/12/08,2019/12/09,0,"8,8",60
Friendly Rentals Ravel I,1634234,Apartamento,Valencia,1,1,€ 110,2019/12/08,2019/12/09,0,"8,8",60
Tranquilo Apartamento En Plaza Cisneros,3127388,Apartamento,Valencia,1,1,€ 111,2019/12/08,2019/12/09,0,"8,9",60
Pio XII Apartments Valencia,402080,Apartamentos,Valencia,1,1,€ 111,2019/12/08,2019/12/09,0,"8,5",60
MÍ casa YOUR HOME,3328967,Apartamento,Valencia,1,1,NA,2019/12/08,2019/12/09,0,"9,2",60
Barceló Valencia,91988,NA,Valencia,1,1,€ 117,2019/12/08,2019/12/09,4,"8,7",60
Friendly Rentals Schubert,1634221,Apartamentos,Valencia,1,1,€ 120,2019/12/08,2019/12/09,0,"8,9",60
Friendly Rentals Casals,1769176,Apartamento,Valencia,1,1,€ 120,2019/12/08,2019/12/09,0,"8,7",60
Apartment close to park Marchalenes,4418670,Apartamento,Valencia,1,1,€ 120,2019/12/08,2019/12/09,0,"8,9",60
AC Hotel Colon Valencia,1117150,NA,Valencia,1,1,€ 121,2019/12/08,2019/12/09,4,"8,7",60
