name,propertyId,propertyType,city,rooms,days,price,checkIn,checkOut,stars,score,advance
Cosy Rooms Bolsería,371606,NA,Valencia,1,1,€ 89,2019/10/18,2019/10/19,2,"7,4",14
NWT Monserrat,3728842,Apartamentos,Valencia,1,1,€ 104,2019/10/18,2019/10/19,0,7,14
Disfruta De Playa Y Ciudad,2470646,Apartamento,Valencia,1,1,NA,2019/10/18,2019/10/19,0,"9,5",14
Premium Apartments,486507,Apartamentos,Valencia,1,1,€ 109,2019/10/18,2019/10/19,0,7,14
Select Home Town Hall,1648016,Apartamentos,Valencia,1,1,€ 170,2019/10/18,2019/10/19,0,"7,4",14
Best Valencia Beach Flat,3246772,Apartamento,Valencia,1,1,€ 192,2019/10/18,2019/10/19,0,"7,1",14
Select Home Catedral,440778,Apartamentos,Valencia,1,1,€ 220,2019/10/18,2019/10/19,0,"7,1",14
MD Puerto Rico Apartment Ruzafa,3737151,Apartamento,Valencia,1,1,€ 341,2019/10/18,2019/10/19,0,"7,4",14
Guest House Lebon,3124256,NA,Valencia,1,1,€ 30,2019/10/18,2019/10/19,0,"6,8",14
ÁTICO EN EL CENTRO DE VALENCIA VT-45939-T,4752815,Apartamento,Valencia,1,1,NA,2019/10/18,2019/10/19,0,"9,6",14
Ruzafa Rooms,2891693,NA,Valencia,1,1,€ 50,2019/10/18,2019/10/19,0,"6,9",14
central station valencia,2414838,Apartamentos,Valencia,1,1,€ 85,2019/10/18,2019/10/19,0,"6,9",14
Casita Esmeralda,2040126,Casa o chalet,Valencia,1,1,€ 114,2019/10/18,2019/10/19,0,"6,5",14
Apartamento para 10 personas,5029963,Apartamento,Valencia,1,1,€ 160,2019/10/18,2019/10/19,0,"6,9",14
Fun and Sun Center 2,2944416,NA,Valencia,1,1,€ 36,2019/10/18,2019/10/19,0,"6,1",14
RoomTuristValencia - Ruzafa,4608394,NA,Valencia,1,1,€ 28,2019/10/18,2019/10/19,0,"5,5",14
AMAZING HOUSE- BEST LOCATION!,4728031,Apartamento,Valencia,1,1,NA,2019/10/18,2019/10/19,0,"9,7",14
Ruzafa Guesthouse,2269176,NA,Valencia,1,1,€ 35,2019/10/18,2019/10/19,0,"5,6",14
Guest House Higinio Noja,2845935,NA,Valencia,1,1,€ 35,2019/10/18,2019/10/19,0,"5,9",14
Carrer del Bisbe Jaume Pérez,4900140,NA,Valencia,1,1,€ 60,2019/10/18,2019/10/19,0,"5,8",14
Oliver,4865093,NA,Valencia,1,1,€ 63,2019/10/18,2019/10/19,0,"5,5",14
sueñavalencia,5603844,NA,Valencia,1,1,€ 75,2019/10/18,2019/10/19,0,"5,9",14
Kirei Apartment Berlin,4504570,Apartamentos,Valencia,1,1,€ 103,2019/10/18,2019/10/19,0,"5,6",14
Apartment in the Heart of Valencia,4616217,Apartamento,Valencia,1,1,NA,2019/10/18,2019/10/19,0,"9,8",14
Valencia B&B,2658386,NA,Valencia,1,1,€ 129,2019/10/18,2019/10/19,0,"5,5",14
Kirei Apartment Portland,4276529,Apartamentos,Valencia,1,1,€ 200,2019/10/18,2019/10/19,0,"5,9",14
Guest House Torres de Quart,2275006,NA,Valencia,1,1,€ 33,2019/10/18,2019/10/19,0,"5,3",14
RoomTuristValencia Estacion del Norte,4682632,NA,Valencia,1,1,€ 50,2019/10/18,2019/10/19,0,"5,2",14
Port of Valencia,3805735,Apartamento,Valencia,1,1,€ 120,2019/10/18,2019/10/19,0,"5,1",14
Calle de Frederica Montseny 'Política' Casa o chalet,5152866,Casa o chalet,Valencia,1,1,€ 85,2019/10/18,2019/10/19,0,"9,5",14
United Colors of Apartments Boutique Style,5372347,Apartamentos,Valencia,1,1,€ 94,2019/10/18,2019/10/19,0,"9,5",14
MerKat-Abastos,1231196,Apartamento,Valencia,1,1,NA,2019/10/18,2019/10/19,0,"9,7",14
Ramirez Flats & Bar,4124528,Apartahotel,Valencia,1,1,€ 113,2019/10/18,2019/10/19,0,"9,5",14
Duplex+Swimming pool+private entrance=Housen of LOVE,2999152,Apartamento,Valencia,1,1,€ 125,2019/10/18,2019/10/19,0,"9,6",14
Apartments Downtown Valencia,2250421,Apartamentos,Valencia,1,1,€ 160,2019/10/18,2019/10/19,0,"9,6",14
Disfruta - Enjoy Valencia Oceanografic,4121345,Apartamento,Valencia,1,1,€ 179,2019/10/18,2019/10/19,0,"9,6",14
MARQUÉS HOUSE 4* SUP,2118880,NA,Valencia,1,1,€ 289,2019/10/18,2019/10/19,4,"9,5",14
MD PASEO RUZAFA CENTER,5374850,Apartamento,Valencia,1,1,€ 1.030,2019/10/18,2019/10/19,0,"9,6",14
Apartment Cisneros 2,2361375,Apartamento,Valencia,1,1,NA,2019/10/18,2019/10/19,0,"9,7",14
Cantagua Hostel,4074640,NA,Valencia,1,1,€ 43,2019/10/18,2019/10/19,0,"9,1",14
YOU & CO. Saler Beach Boutique,4533007,NA,Valencia,1,1,€ 62,2019/10/18,2019/10/19,3,9,14
Nest Style Valencia,5219046,NA,Valencia,1,1,€ 87,2019/10/18,2019/10/19,3,"9,4",14
Petit Palace Plaza de la Reina,90443,NA,Valencia,1,1,€ 199,2019/10/18,2019/10/19,3,"8,7",14
Apartamento Sofia,2552406,Apartamento,Valencia,1,1,€ 200,2019/10/18,2019/10/19,0,"8,6",14
Colón Market Downtown,4607745,Apartamento,Valencia,1,1,NA,2019/10/18,2019/10/19,0,"9,5",14
Hotel San Lorenzo Boutique,1307718,NA,Valencia,1,1,€ 203,2019/10/18,2019/10/19,3,"8,6",14
Zenit Valencia,92327,NA,Valencia,1,1,€ 207,2019/10/18,2019/10/19,4,"8,8",14
Vincci Lys,91183,NA,Valencia,1,1,€ 209,2019/10/18,2019/10/19,4,"8,9",14
Carlos & Ana,2079019,Apartamento,Valencia,1,1,€ 215,2019/10/18,2019/10/19,0,"8,9",14
Vincci Palace,94163,NA,Valencia,1,1,€ 220,2019/10/18,2019/10/19,4,"8,7",14
Melia Plaza Valencia,13270,NA,Valencia,1,1,€ 220,2019/10/18,2019/10/19,4,"8,9",14
Luxury Center Plaza Redonda,5138960,Apartamento,Valencia,1,1,NA,2019/10/18,2019/10/19,0,"9,6",14
The Westin Valencia,93321,NA,Valencia,1,1,€ 223,2019/10/18,2019/10/19,5,"8,7",14
Hospes Palau de La Mar,93823,NA,Valencia,1,1,€ 239,2019/10/18,2019/10/19,5,"8,8",14
Center Valencia Youth Hostel,246931,NA,Valencia,1,1,€ 26,2019/10/18,2019/10/19,0,8,14
Hostal Abastos,257057,NA,Valencia,1,1,€ 45,2019/10/18,2019/10/19,2,"8,2",14
Habitacion en Valencia Barata,4861796,NA,Valencia,1,1,€ 45,2019/10/18,2019/10/19,0,"8,1",14
B&B Una Habitación Propia,1450279,NA,Valencia,1,1,€ 45,2019/10/18,2019/10/19,0,"8,2",14
Purísima Street I,2471259,Apartamento,Valencia,1,1,NA,2019/10/18,2019/10/19,0,"9,5",14
Red Nest Hostel,92283,NA,Valencia,1,1,€ 48,2019/10/18,2019/10/19,0,"8,2",14
Apartamentos Rusafa,5604325,NA,Valencia,1,1,€ 50,2019/10/18,2019/10/19,0,"8,3",14
Purple Nest Hostel,25278,NA,Valencia,1,1,€ 51,2019/10/18,2019/10/19,0,"8,2",14
Urban Youth Hostel,1163025,NA,Valencia,1,1,€ 60,2019/10/18,2019/10/19,0,"8,4",14
Kasa Katia Eco Guest House,636256,NA,Valencia,1,1,€ 90,2019/10/18,2019/10/19,0,"9,3",14
Original Domino House,5434091,NA,Valencia,1,1,€ 93,2019/10/18,2019/10/19,0,"9,2",14
Hotel Valencia Alameda,4019381,NA,Valencia,1,1,€ 95,2019/10/18,2019/10/19,4,"9,3",14
Casa Vich,4457634,Apartamento,Valencia,1,1,NA,2019/10/18,2019/10/19,0,"9,6",14
7 Moons Bed & Breakfast,464187,NA,Valencia,1,1,€ 63,2019/10/18,2019/10/19,0,"8,4",14
Reina 12,1684198,NA,Valencia,1,1,€ 74,2019/10/18,2019/10/19,0,"8,2",14
Valencia what else...,2550483,Apartamento,Valencia,1,1,NA,2019/10/18,2019/10/19,0,"9,5",14
Palau de Palomar,471283,Apartamentos,Valencia,1,1,€ 99,2019/10/18,2019/10/19,0,"9,1",14
Blanq Comedias,4922002,NA,Valencia,1,1,€ 99,2019/10/18,2019/10/19,0,"9,1",14
Apartamento cerca de la Playa y el Centro,2620264,Apartamento,Valencia,1,1,€ 100,2019/10/18,2019/10/19,0,9,14
Olvida tu Reloj Congresos Apartment,2448036,Apartamento,Valencia,1,1,€ 101,2019/10/18,2019/10/19,0,"9,2",14
Center City Flats,861452,Apartamentos,Valencia,1,1,€ 103,2019/10/18,2019/10/19,0,"9,1",14
"Piso ""Como en tu casa""",2689136,Apartamento,Valencia,1,1,€ 108,2019/10/18,2019/10/19,0,"9,2",14
Cómoda habitación Valencia,4200488,NA,Valencia,1,1,NA,2019/10/18,2019/10/19,0,"9,6",14
Piso como en tu casa 2,3834617,Apartamentos,Valencia,1,1,€ 119,2019/10/18,2019/10/19,0,"9,2",14
Valenciaflats Centro Ciudad,18544,Apartamentos,Valencia,1,1,€ 120,2019/10/18,2019/10/19,0,"9,2",14
Valenciaflats Ciudad de las Ciencias,93676,Apartamentos,Valencia,1,1,€ 120,2019/10/18,2019/10/19,0,"9,1",14
Dormavalencia Hostel,249585,NA,Valencia,1,1,€ 75,2019/10/18,2019/10/19,1,"8,2",14
L'Otelet By Sweet,1467935,NA,Valencia,1,1,€ 77,2019/10/18,2019/10/19,0,"8,3",14
Apartment Vicent,1674495,Apartamentos,Valencia,1,1,€ 80,2019/10/18,2019/10/19,0,"8,3",14
Hotel Olympia Universidades,1301731,NA,Valencia,1,1,€ 81,2019/10/18,2019/10/19,3,"8,4",14
WeRentVLC Charming Ruzafa,2839319,Apartamento,Valencia,1,1,€ 120,2019/10/18,2019/10/19,0,"9,2",14
Apartamento Playa Wifi Gratis,3495634,Apartamento,Valencia,1,1,€ 120,2019/10/18,2019/10/19,0,"9,3",14
B&B Hi Valencia Canovas,305349,NA,Valencia,1,1,€ 82,2019/10/18,2019/10/19,0,"8,4",14
Casa los Peces,3234194,Apartamento,Valencia,1,1,€ 154,2019/10/18,2019/10/19,0,"8,3",14
Malvarrosa Calle Pavia,3608764,Casa o chalet,Valencia,1,1,€ 156,2019/10/18,2019/10/19,0,8,14
Disfruta - Enjoy Valencia Centre,3881970,Apartamento,Valencia,1,1,NA,2019/10/18,2019/10/19,0,"9,8",14
Hotel Conqueridor,91047,NA,Valencia,1,1,€ 180,2019/10/18,2019/10/19,4,"8,4",14
Zerka Centro,4425975,Apartamentos,Valencia,1,1,€ 219,2019/10/18,2019/10/19,0,"8,3",14
Musico Peydro Apartments,3765069,Apartamentos,Valencia,1,1,€ 313,2019/10/18,2019/10/19,0,8,14
Habitación Céntrica en Casa de Familia,4289877,NA,Valencia,1,1,€ 30,2019/10/18,2019/10/19,0,"7,7",14
UP Hostel Valencia,1710137,NA,Valencia,1,1,€ 31,2019/10/18,2019/10/19,0,"7,7",14
Pensión Universal,304276,NA,Valencia,1,1,€ 36,2019/10/18,2019/10/19,0,"7,9",14
Bruno Apartment,2715023,Apartamento,Valencia,1,1,NA,2019/10/18,2019/10/19,0,"9,7",14
Habitación San Cayetano,4624401,NA,Valencia,1,1,€ 40,2019/10/18,2019/10/19,0,"7,6",14
Habitacion PLaza Ayuntamiento,4365340,NA,Valencia,1,1,€ 40,2019/10/18,2019/10/19,0,"7,5",14
Habitacion Doble Homestay,4037073,NA,Valencia,1,1,€ 40,2019/10/18,2019/10/19,0,"7,8",14
Voyagers Inn Homestay,2682156,NA,Valencia,1,1,€ 42,2019/10/18,2019/10/19,0,"7,8",14
Valencia City Host,1177077,NA,Valencia,1,1,€ 46,2019/10/18,2019/10/19,0,"7,8",14
Rio Turia B&B,5531073,NA,Valencia,1,1,€ 48,2019/10/18,2019/10/19,0,"7,6",14
Apartment Sofi,2830696,Apartamento,Valencia,1,1,NA,2019/10/18,2019/10/19,0,"9,8",14
Casual Civilizaciones Valencia,449777,NA,Valencia,1,1,€ 53,2019/10/18,2019/10/19,0,"7,9",14
Rooms Valencia Center,5507857,NA,Valencia,1,1,€ 54,2019/10/18,2019/10/19,0,"7,6",14
Como en casa,4802186,NA,Valencia,1,1,€ 54,2019/10/18,2019/10/19,0,"7,9",14
Habitacion por dias Centro Valencia,3977106,NA,Valencia,1,1,€ 55,2019/10/18,2019/10/19,0,"7,8",14
Valencia Lounge Hostel,337203,NA,Valencia,1,1,€ 60,2019/10/18,2019/10/19,0,"7,7",14
B&B Hotel Valencia Ciudad de las Ciencias,92242,NA,Valencia,1,1,€ 71,2019/10/18,2019/10/19,3,"7,5",14
Valencia Just in the Middle,2965508,Apartamento,Valencia,1,1,NA,2019/10/18,2019/10/19,0,"9,9",14
Hospederia del Pilar,327766,NA,Valencia,1,1,€ 72,2019/10/18,2019/10/19,0,"7,9",14
Expo Hotel Valencia,91223,NA,Valencia,1,1,€ 73,2019/10/18,2019/10/19,3,"7,6",14
Plaza Sainetero 5,3148458,Apartamento,Valencia,1,1,€ 85,2019/10/18,2019/10/19,0,"7,7",14
Ilunion Valencia 3,92818,NA,Valencia,1,1,€ 93,2019/10/18,2019/10/19,3,"7,9",14
Hotel Turia,14441,NA,Valencia,1,1,€ 95,2019/10/18,2019/10/19,4,"7,5",14
MD Julio Antonio Apartment Center,3961049,Apartamento,Valencia,1,1,€ 285,2019/10/18,2019/10/19,0,"9,2",14
Old Fisherman's House in Malvarrosa Beach,3618172,Apartamento,Valencia,1,1,€ 307,2019/10/18,2019/10/19,0,"9,4",14
Casa La Buhardilla,2985364,Apartamento,Valencia,1,1,NA,2019/10/18,2019/10/19,0,"9,6",14
Zerka Sendra,4657122,Apartamento,Valencia,1,1,€ 309,2019/10/18,2019/10/19,0,9,14
Caro Hotel,348132,NA,Valencia,1,1,€ 445,2019/10/18,2019/10/19,5,"9,2",14
Art&Flats Bed&Breakfast,5238345,NA,Valencia,1,1,€ 30,2019/10/18,2019/10/19,0,"8,9",14
Quart Youth Hostel,476418,NA,Valencia,1,1,€ 45,2019/10/18,2019/10/19,0,"8,6",14
Homestay Carrer Sagun,5006434,NA,Valencia,1,1,€ 50,2019/10/18,2019/10/19,0,"8,9",14
Russafa Youth Hostel,345134,NA,Valencia,1,1,€ 56,2019/10/18,2019/10/19,0,"8,6",14
Hexagonal Design Apartment Valencia,4630643,Apartamento,Valencia,1,1,NA,2019/10/18,2019/10/19,0,"9,5",14
Carrer de l'Escriptor Rafael Ferreres,4267645,Apartamento,Valencia,1,1,€ 70,2019/10/18,2019/10/19,0,"8,6",14
Sabía que venias!,3543756,NA,Valencia,1,1,€ 70,2019/10/18,2019/10/19,0,"8,6",14
The River Hostel,494202,NA,Valencia,1,1,€ 71,2019/10/18,2019/10/19,0,"8,5",14
Magnífico Adosado- cerca de Valencia ciudad- en zona de montaña y playa fluvial,5354233,Casa o chalet,Valencia,1,1,€ 72,2019/10/18,2019/10/19,0,"8,8",14
Habitación doble,3599930,NA,Valencia,1,1,€ 76,2019/10/18,2019/10/19,0,"8,9",14
Home Youth Hostel by Feetup Hostels,189322,NA,Valencia,1,1,€ 80,2019/10/18,2019/10/19,0,"8,8",14
Ayuntamiento Panoramic,3089239,Apartamento,Valencia,1,1,NA,2019/10/18,2019/10/19,0,"9,5",14
Pio XII Apartments Valencia,402080,Apartamentos,Valencia,1,1,€ 81,2019/10/18,2019/10/19,0,"8,5",14
Melia Valencia,290493,NA,Valencia,1,1,€ 84,2019/10/18,2019/10/19,4,"8,8",14
Burjassot Mestalla,3058627,Apartamento,Valencia,1,1,€ 85,2019/10/18,2019/10/19,0,"8,6",14
Sercotel Sorolla Palace,93646,NA,Valencia,1,1,€ 89,2019/10/18,2019/10/19,4,"8,6",14
Hotel Kramer,91106,NA,Valencia,1,1,€ 89,2019/10/18,2019/10/19,3,"8,8",14
APARTAMENTO LAS MELLIZAS,4651578,NA,Valencia,1,1,€ 45,2019/10/18,2019/10/19,0,"8,5",14
Central Park Apartment Valencia,3881533,Apartamento,Valencia,1,1,NA,2019/10/18,2019/10/19,0,"9,5",14
Ad Hoc Carmen,1173270,NA,Valencia,1,1,€ 90,2019/10/18,2019/10/19,2,"8,9",14
Apartamentos Turia,355328,Apartamentos,Valencia,1,1,€ 94,2019/10/18,2019/10/19,0,"8,7",14
Hotel Malcom and Barret,483261,NA,Valencia,1,1,€ 95,2019/10/18,2019/10/19,3,"8,7",14
BUBUFLATS / Mercat,783206,Apartamentos,Valencia,1,1,€ 95,2019/10/18,2019/10/19,0,"8,9",14
Balandra Flat,2032624,Apartamento,Valencia,1,1,€ 95,2019/10/18,2019/10/19,0,"8,6",14
