name,propertyId,propertyType,city,rooms,days,price,checkIn,checkOut,stars,score,advance
Guest House Higinio Noja,2845935,NA,Valencia,1,1,€ 60,2019/11/05,2019/11/06,0,"5,9",7
Valencia B&B,2658386,NA,Valencia,1,1,€ 129,2019/11/05,2019/11/06,0,"5,4",7
Central new apartment,4526693,NA,Valencia,1,1,NA,2019/11/05,2019/11/06,0,"9,3",7
RoomTuristValencia Estacion del Norte,4682632,NA,Valencia,1,1,€ 50,2019/11/05,2019/11/06,0,"4,9",7
Oliver,4865093,NA,Valencia,1,1,€ 83,2019/11/05,2019/11/06,0,"5,4",7
Guesthouse Plaza de Toros,2985902,NA,Valencia,1,1,€ 43,2019/11/05,2019/11/06,0,"4,8",7
Masatepe Room Valencia,5687127,NA,Valencia,1,1,€ 30,2019/11/05,2019/11/06,0,"8,9",7
Helle & ruhige Zimmer nähe Strand,5698199,NA,Valencia,1,1,€ 32,2019/11/05,2019/11/06,0,,7
Rest room Evi,5710566,NA,Valencia,1,1,€ 32,2019/11/05,2019/11/06,0,,7
Malvarrosa Apartamentos,5210304,NA,Valencia,1,1,NA,2019/11/05,2019/11/06,0,"9,2",7
Comfort Room(AVEValencia),5696103,NA,Valencia,1,1,€ 45,2019/11/05,2019/11/06,0,,7
Valencia- habitacion,5366858,NA,Valencia,1,1,€ 45,2019/11/05,2019/11/06,0,,7
Comoda habitacion,5695905,NA,Valencia,1,1,€ 48,2019/11/05,2019/11/06,0,,7
vosotros sereis parte de mi familia.,5299568,NA,Valencia,1,1,€ 60,2019/11/05,2019/11/06,0,,7
Fantastic Loft near beach and city,5744961,NA,Valencia,1,1,€ 66,2019/11/05,2019/11/06,0,,7
Arts & Sciences Museum/Beach wifi,5735573,NA,Valencia,1,1,€ 66,2019/11/05,2019/11/06,0,,7
Travel Habitat Ático Ciutat Vella.,3264750,NA,Valencia,1,1,NA,2019/11/05,2019/11/06,0,"9,4",7
Bonito Apartamento- confortable y bien comunicado,5572090,NA,Valencia,1,1,€ 76,2019/11/05,2019/11/06,0,,7
Loft Turia Gran,5133726,NA,Valencia,1,1,€ 80,2019/11/05,2019/11/06,0,,7
Kirei Apartment Dublin,4639542,NA,Valencia,1,1,€ 86,2019/11/05,2019/11/06,0,,7
Aparment Canarias,3753027,NA,Valencia,1,1,€ 99,2019/11/05,2019/11/06,0,,7
EL ATICO,5680427,NA,Valencia,1,1,€ 107,2019/11/05,2019/11/06,0,,7
CENTER-Modern 2BR- 2BA-TERRACE- WI-FI- A/C,5241769,NA,Valencia,1,1,€ 118,2019/11/05,2019/11/06,0,,7
Travel Habitat Jardines del Real,3384166,NA,Valencia,1,1,NA,2019/11/05,2019/11/06,0,9,7
Piso cercano al centro ( 5 min BUS),5607299,NA,Valencia,1,1,€ 120,2019/11/05,2019/11/06,0,,7
Suit AVE (Valencia),5726860,NA,Valencia,1,1,€ 130,2019/11/05,2019/11/06,0,,7
NEW! Apartamento Ciudad de las Artes,5733189,NA,Valencia,1,1,€ 155,2019/11/05,2019/11/06,0,,7
ACOGEDOR - CON TERRAZA - EN EL PLENO CENTRO,5715086,NA,Valencia,1,1,€ 160,2019/11/05,2019/11/06,0,,7
The White Apartment: Luxury- Beach and Design,5631365,NA,Valencia,1,1,€ 167,2019/11/05,2019/11/06,0,,7
Eurostars Gran Valencia,90484,NA,Valencia,1,1,€ 62,2019/11/05,2019/11/06,4,"8,4",7
Ilunion Aqua 3,92776,NA,Valencia,1,1,€ 63,2019/11/05,2019/11/06,3,"8,3",7
Tramontana Apartments,1277215,NA,Valencia,1,1,NA,2019/11/05,2019/11/06,0,9,7
L'Otelet By Sweet,1467935,NA,Valencia,1,1,€ 64,2019/11/05,2019/11/06,0,"8,3",7
Reina 12,1684198,NA,Valencia,1,1,€ 64,2019/11/05,2019/11/06,0,"8,3",7
Hotel Gabbeach,403586,NA,Valencia,1,1,€ 79,2019/11/05,2019/11/06,3,"8,5",7
Hotel Alkazar,408511,NA,Valencia,1,1,€ 64,2019/11/05,2019/11/06,1,"8,1",7
City of Arts & Spa Apartment,4820684,NA,Valencia,1,1,€ 65,2019/11/05,2019/11/06,0,8,7
Balandra Flat,2032624,NA,Valencia,1,1,€ 79,2019/11/05,2019/11/06,0,"8,5",7
ApartUP Patacona Select,4972015,NA,Valencia,1,1,NA,2019/11/05,2019/11/06,0,"9,9",7
Turia Burjassot 12,3237353,NA,Valencia,1,1,€ 80,2019/11/05,2019/11/06,0,"8,9",7
Alex Apartment,1756374,NA,Valencia,1,1,€ 65,2019/11/05,2019/11/06,0,8,7
Ilunion Valencia 4,754329,NA,Valencia,1,1,€ 66,2019/11/05,2019/11/06,4,"8,1",7
Calle Mora De Rubielos,2854363,NA,Valencia,1,1,NA,2019/11/05,2019/11/06,0,"9,3",7
Style Apartments Puerto,1558265,NA,Valencia,1,1,€ 67,2019/11/05,2019/11/06,0,"8,1",7
Hotel Medium Valencia,96838,NA,Valencia,1,1,€ 68,2019/11/05,2019/11/06,4,"8,2",7
Holiday Inn Express Ciudad de las Ciencias,96737,NA,Valencia,1,1,€ 68,2019/11/05,2019/11/06,3,8,7
Senator Parque Central Hotel,274963,NA,Valencia,1,1,€ 68,2019/11/05,2019/11/06,4,"8,1",7
NH Valencia Las Ciencias,90725,NA,Valencia,1,1,€ 69,2019/11/05,2019/11/06,3,8,7
City Suites Apartments,3091106,NA,Valencia,1,1,€ 70,2019/11/05,2019/11/06,0,"8,3",7
El Coral Apartment Valencia,3606766,NA,Valencia,1,1,€ 80,2019/11/05,2019/11/06,0,"8,7",7
Lindala,5250762,NA,Valencia,1,1,€ 49,2019/11/05,2019/11/06,0,"9,5",7
Apartamentos Navío,5647176,NA,Valencia,1,1,€ 60,2019/11/05,2019/11/06,0,"9,9",7
PLAYA POBLA DE FARNALS,5508533,NA,Valencia,1,1,NA,2019/11/05,2019/11/06,0,10,7
Hogar Vera Apartments&Bikes,1807919,NA,Valencia,1,1,NA,2019/11/05,2019/11/06,0,"9,3",7
Ramirez Flats & Bar,4124528,NA,Valencia,1,1,€ 79,2019/11/05,2019/11/06,0,"9,5",7
Hostal Antigua Morellana,1273937,NA,Valencia,1,1,€ 80,2019/11/05,2019/11/06,1,"9,5",7
Sol Playa,12656,NA,Valencia,1,1,€ 70,2019/11/05,2019/11/06,2,"8,3",7
Tryp Valencia Feria,92852,NA,Valencia,1,1,€ 72,2019/11/05,2019/11/06,4,"8,4",7
Perla Apartments,3146781,NA,Valencia,1,1,€ 81,2019/11/05,2019/11/06,0,"8,7",7
Soho Valencia,1538641,NA,Valencia,1,1,€ 84,2019/11/05,2019/11/06,0,"8,9",7
Flatsforyou Turia,312207,NA,Valencia,1,1,€ 85,2019/11/05,2019/11/06,0,"8,8",7
Sweet Hotel Renasa,274818,NA,Valencia,1,1,€ 74,2019/11/05,2019/11/06,3,8,7
Dama Del Puerto,3230781,NA,Valencia,1,1,€ 85,2019/11/05,2019/11/06,0,9,7
BUBUSUITES by Bubuflats,2389776,NA,Valencia,1,1,€ 85,2019/11/05,2019/11/06,0,"9,3",7
Hotel Valencia Center,91285,NA,Valencia,1,1,€ 74,2019/11/05,2019/11/06,4,"8,4",7
Ático cerca del mar,4040503,NA,Valencia,1,1,€ 75,2019/11/05,2019/11/06,0,"8,3",7
Opera House Valencia B&B,3533887,NA,Valencia,1,1,€ 80,2019/11/05,2019/11/06,0,"9,5",7
L'Esplai Valencia Bed & Breakfast,1282556,NA,Valencia,1,1,€ 91,2019/11/05,2019/11/06,0,"9,5",7
NWT Central Station Apartments,3964093,NA,Valencia,1,1,€ 79,2019/11/05,2019/11/06,0,"8,3",7
Cozy apartment in Valencia center,3402135,NA,Valencia,1,1,NA,2019/11/05,2019/11/06,0,"9,2",7
Flats Piera Valencia Center,1490563,NA,Valencia,1,1,€ 95,2019/11/05,2019/11/06,0,"9,7",7
Primus Valencia,331871,NA,Valencia,1,1,€ 79,2019/11/05,2019/11/06,4,"8,3",7
Oceanografic Apartment,4903549,NA,Valencia,1,1,€ 95,2019/11/05,2019/11/06,0,"9,5",7
Apartments Downtown Valencia,2250421,NA,Valencia,1,1,NA,2019/11/05,2019/11/06,0,"9,6",7
Casa La Buhardilla,2985364,NA,Valencia,1,1,€ 97,2019/11/05,2019/11/06,0,"9,6",7
Eurostars Rey Don Jaime,91520,NA,Valencia,1,1,€ 80,2019/11/05,2019/11/06,4,"8,2",7
United Colors of Apartments - Catedral,1301545,NA,Valencia,1,1,€ 84,2019/11/05,2019/11/06,0,"8,2",7
Abaixadors Apartment,2639554,NA,Valencia,1,1,€ 111,2019/11/05,2019/11/06,0,"7,7",7
Hotel Cosmo,4838858,NA,Valencia,1,1,€ 99,2019/11/05,2019/11/06,3,"9,8",7
TTdSSa VLC: Plaza Cisneros- 2- 5 pax 3 Bedrooms,4069293,NA,Valencia,1,1,€ 107,2019/11/05,2019/11/06,0,"9,5",7
Disfruta - Enjoy Valencia Ruzafa,3890328,NA,Valencia,1,1,€ 115,2019/11/05,2019/11/06,0,"9,7",7
Torres Quart,3702234,NA,Valencia,1,1,€ 123,2019/11/05,2019/11/06,0,"7,5",7
Xativa Terrace II,1760138,NA,Valencia,1,1,NA,2019/11/05,2019/11/06,0,"9,1",7
Disfruta - Enjoy Valencia Centre,3881970,NA,Valencia,1,1,€ 115,2019/11/05,2019/11/06,0,"9,8",7
RUZAFA- CENTRO-A/C- WI-FI- PARKING,2885994,NA,Valencia,1,1,€ 120,2019/11/05,2019/11/06,0,"9,7",7
Reina's Apartment,2130930,NA,Valencia,1,1,€ 85,2019/11/05,2019/11/06,0,"8,2",7
Valencia what else...,2550483,NA,Valencia,1,1,NA,2019/11/05,2019/11/06,0,"9,5",7
Dormavalencia Hostel Regne,291755,NA,Valencia,1,1,€ 85,2019/11/05,2019/11/06,1,8,7
Charming Ninetta,3220582,NA,Valencia,1,1,€ 120,2019/11/05,2019/11/06,0,"9,5",7
Disfruta - Enjoy Valencia Oceanografic,4121345,NA,Valencia,1,1,€ 125,2019/11/05,2019/11/06,0,"9,6",7
Select Home Town Hall,1648016,NA,Valencia,1,1,€ 130,2019/11/05,2019/11/06,0,"7,5",7
Friendly Rentals Danna,1634254,NA,Valencia,1,1,€ 140,2019/11/05,2019/11/06,0,"7,7",7
BUBUFLATS / Mercat,783206,NA,Valencia,1,1,€ 85,2019/11/05,2019/11/06,0,"8,9",7
Apartamento Centrico - Viveros,2461987,NA,Valencia,1,1,NA,2019/11/05,2019/11/06,0,"9,5",7
Barracart Apartments,2125836,NA,Valencia,1,1,€ 126,2019/11/05,2019/11/06,0,"9,6",7
Duplex+Swimming pool+private entrance=Housen of LOVE,2999152,NA,Valencia,1,1,€ 130,2019/11/05,2019/11/06,0,"9,5",7
Musico Art Flat,2925957,NA,Valencia,1,1,NA,2019/11/05,2019/11/06,0,"9,6",7
Loft zona Pechina en Valencia centro,2524985,NA,Valencia,1,1,€ 87,2019/11/05,2019/11/06,0,"9,1",7
Malvarrosa Calle Pavia,3608764,NA,Valencia,1,1,€ 179,2019/11/05,2019/11/06,0,"7,9",7
Casa de Maria,2467712,NA,Valencia,1,1,€ 85,2019/11/05,2019/11/06,0,"8,7",7
One Shot Colón 46,1394168,NA,Valencia,1,1,€ 85,2019/11/05,2019/11/06,3,"8,7",7
BUBUFLATS Mossén,1141763,NA,Valencia,1,1,€ 85,2019/11/05,2019/11/06,0,"8,9",7
Musico Peydro Apartments,3765069,NA,Valencia,1,1,€ 271,2019/11/05,2019/11/06,0,"7,9",7
MD Art Apartment Ruzafa,2550955,NA,Valencia,1,1,€ 271,2019/11/05,2019/11/06,0,"7,5",7
Casa del Patriarca,364834,NA,Valencia,1,1,€ 86,2019/11/05,2019/11/06,0,"8,9",7
Petit Palace Plaza de la Reina,90443,NA,Valencia,1,1,€ 87,2019/11/05,2019/11/06,3,"8,7",7
MD Benlliure Beach.,1957258,NA,Valencia,1,1,€ 271,2019/11/05,2019/11/06,0,"7,8",7
Habitación ático muy luminosa con baño y terraza,5292007,NA,Valencia,1,1,NA,2019/11/05,2019/11/06,0,"9,1",7
MARQUÉS HOUSE 4* SUP,2118880,NA,Valencia,1,1,€ 169,2019/11/05,2019/11/06,4,"9,4",7
Casa Calle Conquista,4691493,NA,Valencia,1,1,€ 170,2019/11/05,2019/11/06,0,"9,5",7
MD Abastos Center,2551194,NA,Valencia,1,1,€ 289,2019/11/05,2019/11/06,0,"7,6",7
City Garden Bed and Breakfast,2204361,NA,Valencia,1,1,€ 87,2019/11/05,2019/11/06,0,"9,4",7
Mon Suites San Nicolas,4117225,NA,Valencia,1,1,€ 87,2019/11/05,2019/11/06,0,"9,2",7
Central Park Apartment Valencia,3881533,NA,Valencia,1,1,NA,2019/11/05,2019/11/06,0,"9,5",7
Apartments Torres de Serranos Valencia,1099602,NA,Valencia,1,1,€ 217,2019/11/05,2019/11/06,0,"9,7",7
Select Home Paz Apartment,1687820,NA,Valencia,1,1,€ 300,2019/11/05,2019/11/06,0,"7,8",7
Peset Silence,3698967,NA,Valencia,1,1,€ 300,2019/11/05,2019/11/06,0,"7,5",7
Petit Palace Ruzafa,90792,NA,Valencia,1,1,€ 87,2019/11/05,2019/11/06,3,"8,7",7
Casa alta del mar,2542826,NA,Valencia,1,1,NA,2019/11/05,2019/11/06,0,"9,1",7
MD PASEO RUZAFA CENTER,5374850,NA,Valencia,1,1,€ 1.030,2019/11/05,2019/11/06,0,"9,6",7
Cantagua Hostel,4074640,NA,Valencia,1,1,€ 40,2019/11/05,2019/11/06,0,"9,1",7
Sercotel Sorolla Palace,93646,NA,Valencia,1,1,€ 89,2019/11/05,2019/11/06,4,"8,6",7
MD Oliag I Apartment Ruzafa,2867488,NA,Valencia,1,1,€ 317,2019/11/05,2019/11/06,0,"7,6",7
RUZAFA. Nice apartment and Terrace.,4368595,NA,Valencia,1,1,€ 88,2019/11/05,2019/11/06,0,"9,3",7
Apartamento cerca de la Playa y el Centro,2620264,NA,Valencia,1,1,€ 88,2019/11/05,2019/11/06,0,9,7
Teixidors de Palomar,2639791,NA,Valencia,1,1,€ 89,2019/11/05,2019/11/06,0,"9,3",7
Cómoda habitación Valencia,4200488,NA,Valencia,1,1,NA,2019/11/05,2019/11/06,0,"9,6",7
Florista's Room en Valencia,5502152,NA,Valencia,1,1,€ 50,2019/11/05,2019/11/06,0,"9,2",7
HOSPEDAJE PESET,4718074,NA,Valencia,1,1,€ 40,2019/11/05,2019/11/06,0,"7,4",7
Hostal Residencial RR,450746,NA,Valencia,1,1,€ 40,2019/11/05,2019/11/06,0,7,7
Blanq Comedias,4922002,NA,Valencia,1,1,€ 54,2019/11/05,2019/11/06,0,9,7
Apartamento San Nicolas 3,1352835,NA,Valencia,1,1,NA,2019/11/05,2019/11/06,0,9,7
La Flamenca,818359,NA,Valencia,1,1,€ 40,2019/11/05,2019/11/06,0,"7,2",7
Habitación con cama doble,4794909,NA,Valencia,1,1,€ 41,2019/11/05,2019/11/06,0,"7,3",7
OttoH Charm Stay,2459807,NA,Valencia,1,1,€ 89,2019/11/05,2019/11/06,0,"9,3",7
United Colors of Apartments Boutique Style,5372347,NA,Valencia,1,1,€ 89,2019/11/05,2019/11/06,0,"9,4",7
Casual Socarrat Valencia,5142800,NA,Valencia,1,1,€ 89,2019/11/05,2019/11/06,3,"9,1",7
Ilunion Aqua 4,92777,NA,Valencia,1,1,€ 89,2019/11/05,2019/11/06,4,"8,6",7
Flatsforyou Ruzafa,3342696,NA,Valencia,1,1,€ 90,2019/11/05,2019/11/06,0,"8,7",7
Habitacion PLaza Ayuntamiento,4365340,NA,Valencia,1,1,€ 43,2019/11/05,2019/11/06,0,"7,4",7
NWT Central Station Valencia,1647017,NA,Valencia,1,1,€ 44,2019/11/05,2019/11/06,0,"7,1",7
Casual del Cine Valencia,572187,NA,Valencia,1,1,€ 92,2019/11/05,2019/11/06,2,"8,6",7
Les flors,3985046,NA,Valencia,1,1,€ 92,2019/11/05,2019/11/06,0,"8,7",7
Cosy Rooms Bolsería,371606,NA,Valencia,1,1,€ 49,2019/11/05,2019/11/06,2,"7,4",7
Plaza Sainetero Arniches,3984774,NA,Valencia,1,1,€ 92,2019/11/05,2019/11/06,0,"8,5",7
Mr Flats Valencia,2232363,NA,Valencia,1,1,NA,2019/11/05,2019/11/06,0,9,7
HOSTAL BED OF THE SEA,3974636,NA,Valencia,1,1,€ 50,2019/11/05,2019/11/06,0,"7,1",7
Ático con terraza cerca de la playa,4036864,NA,Valencia,1,1,NA,2019/11/05,2019/11/06,0,"9,1",7
FREE WI-FI. Apartamentos 90 м2 - Assutzena 5,4828764,NA,Valencia,1,1,€ 124,2019/11/05,2019/11/06,0,"8,7",7
Friendly Rentals Strauss,1634236,NA,Valencia,1,1,€ 125,2019/11/05,2019/11/06,0,"8,6",7
City Center Atico 360,3025679,NA,Valencia,1,1,€ 210,2019/11/05,2019/11/06,0,"9,4",7
Apartment close to park Marchalenes,4418670,NA,Valencia,1,1,€ 90,2019/11/05,2019/11/06,0,9,7
Olvida tu Reloj Congresos Apartment,2448036,NA,Valencia,1,1,€ 91,2019/11/05,2019/11/06,0,"9,2",7
Habitacion Apartamento soleado Plaza Escultor Frechina,4865043,NA,Valencia,1,1,€ 50,2019/11/05,2019/11/06,0,"7,4",7
Attic Rooms in Botánico,5522932,NA,Valencia,1,1,€ 50,2019/11/05,2019/11/06,0,"7,3",7
Centro Valencia Calle Cerrajeros,3476261,NA,Valencia,1,1,€ 50,2019/11/05,2019/11/06,0,"7,1",7
Geography and Arts.,3569110,NA,Valencia,1,1,€ 51,2019/11/05,2019/11/06,0,"7,1",7
ValentiaApartments - MercadoCentral,4185241,NA,Valencia,1,1,€ 93,2019/11/05,2019/11/06,0,"8,8",7
Olvida tu Reloj Montichelvo Apartment,3258095,NA,Valencia,1,1,€ 91,2019/11/05,2019/11/06,0,"9,4",7
Colón Market Downtown,4607745,NA,Valencia,1,1,NA,2019/11/05,2019/11/06,0,"9,6",7
Ca Carmela,2466364,NA,Valencia,1,1,€ 225,2019/11/05,2019/11/06,0,"9,1",7
Valencia Apartamentos Goya,4256653,NA,Valencia,1,1,NA,2019/11/05,2019/11/06,0,"9,9",7
Melia Plaza Valencia,13270,NA,Valencia,1,1,€ 94,2019/11/05,2019/11/06,4,"8,9",7
Caro Hotel,348132,NA,Valencia,1,1,€ 229,2019/11/05,2019/11/06,5,"9,2",7
Malvarrosa Beach Rooms,314048,NA,Valencia,1,1,€ 55,2019/11/05,2019/11/06,2,7,7
Citizentral Juristas,1113127,NA,Valencia,1,1,€ 94,2019/11/05,2019/11/06,0,"9,2",7
WeRentVLC Charming Ruzafa,2839319,NA,Valencia,1,1,€ 94,2019/11/05,2019/11/06,0,"9,2",7
Cozy apartment in Valencia! WI-FI !,4447072,NA,Valencia,1,1,NA,2019/11/05,2019/11/06,0,"9,3",7
Friendly Rentals Verdi 2,2523881,NA,Valencia,1,1,€ 125,2019/11/05,2019/11/06,0,"8,8",7
Citizentral Gascons,332095,NA,Valencia,1,1,€ 94,2019/11/05,2019/11/06,0,"8,7",7
Home Youth Hostel by Feetup Hostels,189322,NA,Valencia,1,1,€ 94,2019/11/05,2019/11/06,0,"8,8",7
Mon Suites Catedral,485679,NA,Valencia,1,1,€ 95,2019/11/05,2019/11/06,0,"9,2",7
Hotel Neptuno,91206,NA,Valencia,1,1,€ 126,2019/11/05,2019/11/06,4,"8,5",7
Cathedral Suites Hotel,1736257,NA,Valencia,1,1,€ 126,2019/11/05,2019/11/06,4,"8,9",7
Hotel Valencia Oceanic Managed by Melia Hotels International,91522,NA,Valencia,1,1,€ 96,2019/11/05,2019/11/06,4,"8,6",7
Old Fisherman's House in Malvarrosa Beach,3618172,NA,Valencia,1,1,€ 234,2019/11/05,2019/11/06,0,"9,4",7
Apartamento Playa Wifi Gratis,3495634,NA,Valencia,1,1,€ 340,2019/11/05,2019/11/06,0,"9,3",7
The River Hostel,494202,NA,Valencia,1,1,€ 20,2019/11/05,2019/11/06,0,"8,5",7
Art&Flats Bed&Breakfast,5238345,NA,Valencia,1,1,€ 22,2019/11/05,2019/11/06,0,"8,8",7
Double Room in VALENCIA,5665653,NA,Valencia,1,1,€ 30,2019/11/05,2019/11/06,0,"8,8",7
Valenciaflats Mercado Central,307677,NA,Valencia,1,1,€ 95,2019/11/05,2019/11/06,0,9,7
Apartamento centro frente a Torres de Serrano,3408067,NA,Valencia,1,1,€ 98,2019/11/05,2019/11/06,0,"9,4",7
Isabel,4442066,NA,Valencia,1,1,€ 127,2019/11/05,2019/11/06,0,"8,5",7
Bubuflats Bubu 3,1014334,NA,Valencia,1,1,NA,2019/11/05,2019/11/06,0,"9,5",7
MD Design Hotel - Portal del Real,2391685,NA,Valencia,1,1,€ 98,2019/11/05,2019/11/06,2,"9,1",7
El Corazon de Canovas,2634817,NA,Valencia,1,1,NA,2019/11/05,2019/11/06,0,"9,5",7
Welcomer Apartments Valencia,19363,NA,Valencia,1,1,€ 132,2019/11/05,2019/11/06,0,"8,7",7
Apartamento Gran Vía Marqués del Turia,2358973,NA,Valencia,1,1,€ 135,2019/11/05,2019/11/06,0,"8,6",7
Apartamento en la Ciudad de las Artes y las Ciencias,3552283,NA,Valencia,1,1,NA,2019/11/05,2019/11/06,0,"9,4",7
Valencia Suits You Citytel,1106307,NA,Valencia,1,1,€ 38,2019/11/05,2019/11/06,2,"8,6",7
YOU & CO. Saler Beach Boutique,4533007,NA,Valencia,1,1,€ 40,2019/11/05,2019/11/06,3,"8,9",7
Homestay Carrer Sagun,5006434,NA,Valencia,1,1,€ 45,2019/11/05,2019/11/06,0,"8,8",7
One Shot Mercat 09,2274203,NA,Valencia,1,1,€ 99,2019/11/05,2019/11/06,4,"9,1",7
Apartaments San Pio V,2456151,NA,Valencia,1,1,€ 45,2019/11/05,2019/11/06,0,"8,9",7
Quart Youth Hostel,476418,NA,Valencia,1,1,€ 45,2019/11/05,2019/11/06,0,"8,6",7
SH Ingles Boutique Hotel,92956,NA,Valencia,1,1,€ 135,2019/11/05,2019/11/06,4,"8,5",7
Hospes Palau de La Mar,93823,NA,Valencia,1,1,€ 135,2019/11/05,2019/11/06,5,"8,8",7
Pensión Alicante,298710,NA,Valencia,1,1,€ 47,2019/11/05,2019/11/06,0,"8,5",7
ApartUP Patacona Deluxe,2565246,NA,Valencia,1,1,NA,2019/11/05,2019/11/06,0,"9,5",7
Hi Valencia Apartments - Jorge Juan,2373701,NA,Valencia,1,1,€ 100,2019/11/05,2019/11/06,0,"9,4",7
"Piso ""Como en tu casa""",2689136,NA,Valencia,1,1,€ 100,2019/11/05,2019/11/06,0,"9,2",7
Russafa Youth Hostel,345134,NA,Valencia,1,1,€ 50,2019/11/05,2019/11/06,0,"8,6",7
Piso como en tu casa 2,3834617,NA,Valencia,1,1,€ 101,2019/11/05,2019/11/06,0,"9,2",7
Enjoy Flat Valencia,3991548,NA,Valencia,1,1,€ 145,2019/11/05,2019/11/06,0,"8,6",7
B&B Almirante,369695,NA,Valencia,1,1,€ 50,2019/11/05,2019/11/06,1,"8,8",7
Estrella de russafa,5352439,NA,Valencia,1,1,€ 50,2019/11/05,2019/11/06,0,"8,7",7
Apartamentos Artesa 22 Valencia,5546723,NA,Valencia,1,1,€ 102,2019/11/05,2019/11/06,0,"9,3",7
Apartamentos Dormavalencia,4450983,NA,Valencia,1,1,€ 141,2019/11/05,2019/11/06,0,"8,3",7
Palacios Rooms,2773548,NA,Valencia,1,1,€ 50,2019/11/05,2019/11/06,0,"8,6",7
Blanq Carmen Hotel,97069,NA,Valencia,1,1,€ 54,2019/11/05,2019/11/06,3,"8,7",7
Casa los Peces,3234194,NA,Valencia,1,1,€ 154,2019/11/05,2019/11/06,0,"8,2",7
Pasarela Apartment,1971082,NA,Valencia,1,1,NA,2019/11/05,2019/11/06,0,"9,3",7
Loft el Carmen amazing views,4932621,NA,Valencia,1,1,€ 172,2019/11/05,2019/11/06,0,"8,1",7
Pio XII Apartments Valencia,402080,NA,Valencia,1,1,€ 54,2019/11/05,2019/11/06,0,"8,5",7
So de Mar,2204496,NA,Valencia,1,1,NA,2019/11/05,2019/11/06,0,"9,6",7
Balcón Al Mar,295109,NA,Valencia,1,1,€ 54,2019/11/05,2019/11/06,0,"8,5",7
Apartamento LUXURY CENTRO HISTORICO,3664772,NA,Valencia,1,1,€ 149,2019/11/05,2019/11/06,0,"8,6",7
Select Home Mercado de Colón,2960845,NA,Valencia,1,1,€ 150,2019/11/05,2019/11/06,0,"8,9",7
Vlc Apartaments el Carmen,389902,NA,Valencia,1,1,€ 214,2019/11/05,2019/11/06,0,"8,3",7
Namaste Rooms,3799642,NA,Valencia,1,1,€ 55,2019/11/05,2019/11/06,0,"8,7",7
AC Hotel Colon Valencia,1117150,NA,Valencia,1,1,€ 155,2019/11/05,2019/11/06,4,"8,7",7
Hotel Malcom and Barret,483261,NA,Valencia,1,1,€ 55,2019/11/05,2019/11/06,3,"8,7",7
Zalamera BnB,1331238,NA,Valencia,1,1,€ 55,2019/11/05,2019/11/06,0,"8,7",7
CheValenciaFlats,2064099,NA,Valencia,1,1,NA,2019/11/05,2019/11/06,0,9,7
Mar & City Apartment,3456759,NA,Valencia,1,1,€ 157,2019/11/05,2019/11/06,0,"8,9",7
Turia Guesthouse - B&B,2884427,NA,Valencia,1,1,€ 265,2019/11/05,2019/11/06,0,"8,2",7
MD Vila Barbera Apartment Center,1957253,NA,Valencia,1,1,€ 330,2019/11/05,2019/11/06,0,"8,3",7
MIhotelitoespecial,3573906,NA,Valencia,1,1,€ 160,2019/11/05,2019/11/06,0,"8,6",7
Hotel Olympia Universidades,1301731,NA,Valencia,1,1,€ 56,2019/11/05,2019/11/06,3,"8,5",7
SH Valencia Palace,91497,NA,Valencia,1,1,€ 165,2019/11/05,2019/11/06,5,"8,5",7
Puerta de Serranos,2734333,NA,Valencia,1,1,€ 185,2019/11/05,2019/11/06,0,"8,9",7
Carlos & Ana,2079019,NA,Valencia,1,1,€ 195,2019/11/05,2019/11/06,0,"8,9",7
Canela`s Vintage Ruzafa Centro,4652584,NA,Valencia,1,1,€ 200,2019/11/05,2019/11/06,0,"8,5",7
MD Sueca. Apartment with Terrace Ruzafa,2551179,NA,Valencia,1,1,€ 330,2019/11/05,2019/11/06,0,"8,2",7
UP Hostel Valencia,1710137,NA,Valencia,1,1,€ 24,2019/11/05,2019/11/06,0,"7,7",7
Apartamento Valencia Center,410101,NA,Valencia,1,1,NA,2019/11/05,2019/11/06,0,"9,4",7
Exclusive Beach Apartment,4641691,NA,Valencia,1,1,€ 205,2019/11/05,2019/11/06,0,"8,9",7
Center City Flats,861452,NA,Valencia,1,1,NA,2019/11/05,2019/11/06,0,9,7
Habitación Céntrica en Casa de Familia,4289877,NA,Valencia,1,1,€ 30,2019/11/05,2019/11/06,0,"7,6",7
Casa de Vacaciones Pintor Vilar,2093863,NA,Valencia,1,1,€ 222,2019/11/05,2019/11/06,0,"8,9",7
Habitaciones Barra89,1076252,NA,Valencia,1,1,€ 31,2019/11/05,2019/11/06,0,"7,8",7
The Westin Valencia,93321,NA,Valencia,1,1,€ 248,2019/11/05,2019/11/06,5,"8,7",7
SingularStays Parque Central,3054000,NA,Valencia,1,1,€ 249,2019/11/05,2019/11/06,0,"8,8",7
Select Home Alma Palace,1381946,NA,Valencia,1,1,€ 265,2019/11/05,2019/11/06,0,"8,7",7
Apart and Benef,2291245,NA,Valencia,1,1,€ 34,2019/11/05,2019/11/06,0,"7,9",7
Aventura,5567318,NA,Valencia,1,1,€ 40,2019/11/05,2019/11/06,0,"7,7",7
Hotel Beleret,94652,NA,Valencia,1,1,€ 41,2019/11/05,2019/11/06,3,"7,6",7
Valencia Lounge Hostel,337203,NA,Valencia,1,1,€ 42,2019/11/05,2019/11/06,0,"7,7",7
Dolz Garden Ruzafa,1123993,NA,Valencia,1,1,NA,2019/11/05,2019/11/06,0,"9,2",7
Hostal Moratin,326015,NA,Valencia,1,1,€ 42,2019/11/05,2019/11/06,1,"7,9",7
Valencia City Host,1177077,NA,Valencia,1,1,€ 43,2019/11/05,2019/11/06,0,"7,8",7
Voyagers Inn Homestay,2682156,NA,Valencia,1,1,€ 43,2019/11/05,2019/11/06,0,"7,7",7
Hospederia del Pilar,327766,NA,Valencia,1,1,€ 45,2019/11/05,2019/11/06,0,"7,9",7
Habitación San Cayetano,4624401,NA,Valencia,1,1,€ 45,2019/11/05,2019/11/06,0,"7,5",7
Hostal El Cid,309465,NA,Valencia,1,1,€ 45,2019/11/05,2019/11/06,2,"7,5",7
apartamento Sol y Playa,2934764,NA,Valencia,1,1,NA,2019/11/05,2019/11/06,0,"9,2",7
Ilunion Valencia 3,92818,NA,Valencia,1,1,€ 49,2019/11/05,2019/11/06,3,"7,9",7
Cosy Rooms Tapinería,371192,NA,Valencia,1,1,€ 49,2019/11/05,2019/11/06,2,"7,5",7
Apartamentos Abastos,1044426,NA,Valencia,1,1,€ 50,2019/11/05,2019/11/06,0,"7,5",7
Habitacion por dias Centro Valencia,3977106,NA,Valencia,1,1,€ 50,2019/11/05,2019/11/06,0,"7,8",7
Habitaciones Rusafa,5604325,NA,Valencia,1,1,€ 50,2019/11/05,2019/11/06,0,"7,7",7
