name,propertyId,propertyType,city,rooms,days,price,checkIn,checkOut,stars,score,advance
Tryp Valencia Feria,92852,NA,Valencia,1,1,€ 72,2019/11/05,2019/11/06,4,"8,4",30
City Suites Apartments,3091106,NA,Valencia,1,1,€ 74,2019/11/05,2019/11/06,0,"8,4",30
Travel Habitat Jardines del Real,3384166,Apartamento,Valencia,1,1,NA,2019/11/05,2019/11/06,0,"9,2",30
Atico Ciutat Vella,3446230,Apartamentos,Valencia,1,1,€ 75,2019/11/05,2019/11/06,0,"8,3",30
Nanit Valencia Hostel,3913497,NA,Valencia,1,1,€ 75,2019/11/05,2019/11/06,0,"8,3",30
Ático cerca del mar,4040503,Apartamento,Valencia,1,1,€ 75,2019/11/05,2019/11/06,0,"8,3",30
Dormavalencia Hostel,249585,NA,Valencia,1,1,€ 77,2019/11/05,2019/11/06,1,"8,2",30
Apartamento Ciudad de las Artes y las Ciencias,4353552,Apartamento,Valencia,1,1,€ 78,2019/11/05,2019/11/06,0,"8,3",30
APARTAMENTO LAS MELLIZAS,4651578,NA,Valencia,1,1,€ 42,2019/11/05,2019/11/06,0,"8,4",30
COZY APARTMENT VALENCIA CITY CENTER!,4886758,Apartamento,Valencia,1,1,NA,2019/11/05,2019/11/06,0,"9,2",30
Casual de las Artes Valencia,538056,NA,Valencia,1,1,€ 85,2019/11/05,2019/11/06,3,"8,4",30
Preciosos Apartamentos en el Carmen,2918345,Apartamentos,Valencia,1,1,€ 88,2019/11/05,2019/11/06,0,"8,2",30
Reina's Apartment,2130930,Apartamentos,Valencia,1,1,€ 89,2019/11/05,2019/11/06,0,"8,3",30
Apartamento Plaza Sainetero,2743838,Apartamento,Valencia,1,1,€ 93,2019/11/05,2019/11/06,0,"8,2",30
Apartamento Privado Próximo a Playa y Ciencias,3783163,Apartamento,Valencia,1,1,€ 95,2019/11/05,2019/11/06,0,"8,2",30
Sweet Hotel Continental,93856,NA,Valencia,1,1,€ 99,2019/11/05,2019/11/06,2,"8,3",30
WeRentVLC Sunny Terrace Ruzafa,2906716,Apartamento,Valencia,1,1,NA,2019/11/05,2019/11/06,0,"9,4",30
Apartment Valencia,348555,Apartamentos,Valencia,1,1,€ 99,2019/11/05,2019/11/06,0,8,30
Valenciaflats Torres de Serrano,17468,Apartamentos,Valencia,1,1,€ 101,2019/11/05,2019/11/06,0,"8,3",30
Ilunion Aqua 3,92776,NA,Valencia,1,1,€ 101,2019/11/05,2019/11/06,3,"8,3",30
MD Modern Hotel - Jardines,305447,NA,Valencia,1,1,€ 104,2019/11/05,2019/11/06,1,"8,3",30
Valencian Apartment,2298621,Apartamento,Valencia,1,1,€ 88,2019/11/05,2019/11/06,0,"8,9",30
Home Youth Hostel by Feetup Hostels,189322,NA,Valencia,1,1,€ 89,2019/11/05,2019/11/06,0,"8,8",30
Austria 4,1605997,Apartamentos,Valencia,1,1,NA,2019/11/05,2019/11/06,0,9,30
Hotel Gabbeach,403586,NA,Valencia,1,1,€ 89,2019/11/05,2019/11/06,3,"8,5",30
Casual Vintage Valencia,1710241,NA,Valencia,1,1,€ 89,2019/11/05,2019/11/06,2,"8,6",30
Hotel El Siglo,1741479,NA,Valencia,1,1,€ 90,2019/11/05,2019/11/06,3,"8,5",30
El Coral Apartment Valencia,3606766,Apartamento,Valencia,1,1,€ 92,2019/11/05,2019/11/06,0,"8,7",30
Plaza Sainetero Arniches,3984774,Apartamento,Valencia,1,1,€ 92,2019/11/05,2019/11/06,0,"8,5",30
Citizentral Gascons,332095,Apartamentos,Valencia,1,1,€ 94,2019/11/05,2019/11/06,0,"8,8",30
Kasa Katia Eco Guest House,636256,NA,Valencia,1,1,NA,2019/11/05,2019/11/06,0,"9,3",30
Les flors,3985046,Apartamento,Valencia,1,1,€ 95,2019/11/05,2019/11/06,0,"8,7",30
Loft Central Market - Tapas,3187998,Apartamento,Valencia,1,1,€ 91,2019/11/05,2019/11/06,0,"6,4",30
RoomTuristValencia - Ruzafa,4608394,NA,Valencia,1,1,€ 25,2019/11/05,2019/11/06,0,"5,6",30
Valencia city,3673068,Apartamentos,Valencia,1,1,NA,2019/11/05,2019/11/06,0,"8,7",30
NH Valencia Center,90727,NA,Valencia,1,1,€ 104,2019/11/05,2019/11/06,4,"8,3",30
Primus Valencia,331871,NA,Valencia,1,1,€ 105,2019/11/05,2019/11/06,4,"8,3",30
My Penthouse Valencia,2020411,Apartamento,Valencia,1,1,NA,2019/11/05,2019/11/06,0,9,30
Melia Valencia,290493,NA,Valencia,1,1,€ 98,2019/11/05,2019/11/06,4,"8,8",30
Petit Palace Ruzafa,90792,NA,Valencia,1,1,€ 98,2019/11/05,2019/11/06,3,"8,7",30
Boutique Creative Rooms,2334726,NA,Valencia,1,1,€ 102,2019/11/05,2019/11/06,0,"8,7",30
Ruzafa Guesthouse,2269176,NA,Valencia,1,1,€ 30,2019/11/05,2019/11/06,0,"5,6",30
Carrer del Bisbe Jaume Pérez,4900140,NA,Valencia,1,1,€ 60,2019/11/05,2019/11/06,0,"5,8",30
Guest House Higinio Noja,2845935,NA,Valencia,1,1,€ 60,2019/11/05,2019/11/06,0,"5,9",30
SH Ingles Boutique Hotel,92956,NA,Valencia,1,1,€ 108,2019/11/05,2019/11/06,4,"8,5",30
SKY TOURISTIC ATTIC,281640,Apartamentos,Valencia,1,1,€ 108,2019/11/05,2019/11/06,0,"8,5",30
APARTAMENTO CENTRICO. WI-FI. PARKING,2967593,Apartamento,Valencia,1,1,NA,2019/11/05,2019/11/06,0,"9,1",30
Lotelito,570027,NA,Valencia,1,1,€ 110,2019/11/05,2019/11/06,0,"8,9",30
Senator Parque Central Hotel,274963,NA,Valencia,1,1,€ 106,2019/11/05,2019/11/06,4,"8,1",30
Hotel Conqueridor,91047,NA,Valencia,1,1,€ 108,2019/11/05,2019/11/06,4,"8,4",30
Friendly Rentals ABC,3656596,Apartamento,Valencia,1,1,€ 110,2019/11/05,2019/11/06,0,"8,3",30
Friendly Rentals Puerto Deportivo,2317861,Apartamentos,Valencia,1,1,€ 110,2019/11/05,2019/11/06,0,"8,2",30
Apartamentos Sollana 18 Cerca de les Arts i les Ciencies Valencia- FREE WI-FI,5232423,Apartamento,Valencia,1,1,€ 114,2019/11/05,2019/11/06,0,"8,1",30
Oliver,4865093,NA,Valencia,1,1,€ 83,2019/11/05,2019/11/06,0,"5,5",30
Kirei Apartment Berlin,4504570,Apartamentos,Valencia,1,1,€ 115,2019/11/05,2019/11/06,0,"5,6",30
Valencia B&B,2658386,NA,Valencia,1,1,€ 129,2019/11/05,2019/11/06,0,"5,5",30
Luminoso y renovado en Universidad- paseo al mar,4143355,Apartamento,Valencia,1,1,NA,2019/11/05,2019/11/06,0,"8,9",30
Kirei Apartment Denver,4585191,Apartamento,Valencia,1,1,€ 137,2019/11/05,2019/11/06,0,"5,9",30
Kirei Apartment Portland,4276529,Apartamentos,Valencia,1,1,€ 200,2019/11/05,2019/11/06,0,"5,9",30
Friendly Rentals Schubert,1634221,Apartamentos,Valencia,1,1,€ 115,2019/11/05,2019/11/06,0,"8,9",30
Friendly Rentals Brade,1918694,Apartamento,Valencia,1,1,€ 115,2019/11/05,2019/11/06,0,"8,8",30
Plaza de la Virgen,3167342,Apartamento,Valencia,1,1,€ 115,2019/11/05,2019/11/06,0,"8,8",30
Friendly Rentals Ravel I,1634234,Apartamento,Valencia,1,1,€ 115,2019/11/05,2019/11/06,0,"8,8",30
Friendly Rentals Casals,1769176,Apartamento,Valencia,1,1,€ 115,2019/11/05,2019/11/06,0,"8,7",30
Brisa Mare Nostrum,2855311,Apartamento,Valencia,1,1,NA,2019/11/05,2019/11/06,0,"9,2",30
Guest House Torres de Quart,2275006,NA,Valencia,1,1,€ 30,2019/11/05,2019/11/06,0,"5,3",30
RoomTuristValencia Estacion del Norte,4682632,NA,Valencia,1,1,€ 35,2019/11/05,2019/11/06,0,"5,2",30
Guest House Ruzafa,2324552,NA,Valencia,1,1,€ 35,2019/11/05,2019/11/06,0,"5,1",30
Port of Valencia,3805735,Apartamento,Valencia,1,1,€ 75,2019/11/05,2019/11/06,0,"5,1",30
SingularStays Quevedo,3788671,Apartamento,Valencia,1,1,NA,2019/11/05,2019/11/06,0,"8,9",30
Guest House Duc de Gaeta,2275007,NA,Valencia,1,1,€ 28,2019/11/05,2019/11/06,0,"4,9",30
RoomTuristValencia Torres de Quart,4565643,NA,Valencia,1,1,€ 28,2019/11/05,2019/11/06,0,"4,5",30
Guesthouse Plaza de Toros,2985902,NA,Valencia,1,1,€ 33,2019/11/05,2019/11/06,0,"4,9",30
Friendly Rentals Nyman,3245521,Apartamento,Valencia,1,1,€ 115,2019/11/05,2019/11/06,0,"8,9",30
Petit Palace Plaza de la Reina,90443,NA,Valencia,1,1,€ 116,2019/11/05,2019/11/06,3,"8,7",30
One Shot Palacio Reina Victoria 04,90885,NA,Valencia,1,1,€ 118,2019/11/05,2019/11/06,4,"8,6",30
RoomTuristValencia RuzafaSumsi,4682802,NA,Valencia,1,1,€ 40,2019/11/05,2019/11/06,0,"4,6",30
Apartamento Islas Canarias,2304086,Apartamento,Valencia,1,1,€ 48,2019/11/05,2019/11/06,0,"3,8",30
Bright room with trundle bed,5560260,NA,Valencia,1,1,€ 46,2019/11/05,2019/11/06,0,,30
Apartamento Ciencias y Playa,3223115,Apartamento,Valencia,1,1,NA,2019/11/05,2019/11/06,0,"8,9",30
Lindala,5250762,NA,Valencia,1,1,€ 49,2019/11/05,2019/11/06,0,,30
Brugada home,5259150,NA,Valencia,1,1,€ 55,2019/11/05,2019/11/06,0,,30
Cabanyal Beach Apartment,5638868,Apartamento,Valencia,1,1,€ 59,2019/11/05,2019/11/06,0,,30
vosotros sereis parte de mi familia.,5299568,NA,Valencia,1,1,€ 60,2019/11/05,2019/11/06,0,,30
Apartamentos Navío,5647176,Apartamento,Valencia,1,1,€ 60,2019/11/05,2019/11/06,0,,30
Hotel Valencia Oceanic Managed by Melia Hotels International,91522,NA,Valencia,1,1,€ 119,2019/11/05,2019/11/06,4,"8,6",30
ValentiaApartments - MercadoCentral,4185241,Apartamentos,Valencia,1,1,€ 119,2019/11/05,2019/11/06,0,"8,8",30
Casual Socarrat Valencia,5142800,NA,Valencia,1,1,€ 94,2019/11/05,2019/11/06,3,"9,2",30
Casa Cabañal,2436758,Casa o chalet,Valencia,1,1,€ 95,2019/11/05,2019/11/06,0,9,30
Apartamento Bolseria 28,881275,Apartamentos,Valencia,1,1,NA,2019/11/05,2019/11/06,0,"9,5",30
Hotel Boutique Balandret,1281710,NA,Valencia,1,1,€ 95,2019/11/05,2019/11/06,3,"9,2",30
Mon Suites San Nicolas,4117225,Apartamentos,Valencia,1,1,€ 97,2019/11/05,2019/11/06,0,"9,2",30
APARTAMENTO CENTRO- RUZAFA. WI-FI. PARKING,3144104,Apartamento,Valencia,1,1,€ 100,2019/11/05,2019/11/06,0,"9,3",30
Loft Superior el Carmen,2784473,Apartamento,Valencia,1,1,€ 209,2019/11/05,2019/11/06,0,"9,2",30
City Center Atico 360,3025679,Apartamento,Valencia,1,1,€ 210,2019/11/05,2019/11/06,0,"9,4",30
LOFT apartamento duplex en Valencia con parking,5519008,Apartamento,Valencia,1,1,NA,2019/11/05,2019/11/06,0,"9,8",30
Ca Carmela,2466364,Casa o chalet,Valencia,1,1,€ 225,2019/11/05,2019/11/06,0,"9,1",30
Caro Hotel,348132,NA,Valencia,1,1,€ 229,2019/11/05,2019/11/06,5,"9,2",30
Vincci Mercat,1279484,NA,Valencia,1,1,€ 257,2019/11/05,2019/11/06,4,9,30
Hi Valencia Apartments - Jorge Juan,2373701,Apartamento,Valencia,1,1,€ 100,2019/11/05,2019/11/06,0,"9,4",30
BUBUSUITES by Bubuflats,2389776,NA,Valencia,1,1,€ 100,2019/11/05,2019/11/06,0,"9,3",30
Mestalla Paradise,4734619,NA,Valencia,1,1,€ 100,2019/11/05,2019/11/06,0,"9,1",30
Apartamento Comedias,2236348,Apartamento,Valencia,1,1,NA,2019/11/05,2019/11/06,0,"9,8",30
Apartamento Playa Wifi Gratis,3495634,Apartamento,Valencia,1,1,€ 340,2019/11/05,2019/11/06,0,"9,3",30
Old Fisherman's House in Malvarrosa Beach,3618172,Apartamento,Valencia,1,1,€ 360,2019/11/05,2019/11/06,0,"9,4",30
Quart Youth Hostel,476418,NA,Valencia,1,1,€ 42,2019/11/05,2019/11/06,0,"8,6",30
Disfruta - Enjoy Valencia Ayuntamiento,4901194,Apartamento,Valencia,1,1,NA,2019/11/05,2019/11/06,0,"9,6",30
MYR Hotel Plaza Mercado & Spa,1619029,Apartahotel,Valencia,1,1,€ 100,2019/11/05,2019/11/06,0,"9,2",30
Piso como en tu casa 2,3834617,Apartamentos,Valencia,1,1,€ 101,2019/11/05,2019/11/06,0,"9,2",30
Valenciaflats Ciudad de las Ciencias,93676,Apartamentos,Valencia,1,1,€ 101,2019/11/05,2019/11/06,0,"9,1",30
Citizentral Juristas,1113127,Apartamentos,Valencia,1,1,€ 103,2019/11/05,2019/11/06,0,"9,2",30
Art&Flats Bed&Breakfast,5238345,NA,Valencia,1,1,€ 45,2019/11/05,2019/11/06,0,"8,8",30
Zalamera BnB,1331238,NA,Valencia,1,1,€ 47,2019/11/05,2019/11/06,0,"8,7",30
B&B Almirante,369695,NA,Valencia,1,1,€ 48,2019/11/05,2019/11/06,1,"8,8",30
Mon Suites Catedral,485679,Apartamentos,Valencia,1,1,€ 103,2019/11/05,2019/11/06,0,"9,2",30
Apartamentos La más Bonita,2816245,Apartamentos,Valencia,1,1,€ 104,2019/11/05,2019/11/06,0,"9,1",30
Valencia what else...,2550483,Apartamento,Valencia,1,1,NA,2019/11/05,2019/11/06,0,"9,5",30
Apartamento centro frente a Torres de Serrano,3408067,Apartamento,Valencia,1,1,€ 105,2019/11/05,2019/11/06,0,"9,4",30
Forn desamparats,2380447,Apartamento,Valencia,1,1,€ 105,2019/11/05,2019/11/06,0,"9,4",30
Hotel Valencia Alameda,4019381,NA,Valencia,1,1,€ 105,2019/11/05,2019/11/06,4,"9,3",30
Russafa Youth Hostel,345134,NA,Valencia,1,1,€ 51,2019/11/05,2019/11/06,0,"8,6",30
Pio XII Apartments Valencia,402080,Apartamentos,Valencia,1,1,€ 51,2019/11/05,2019/11/06,0,"8,5",30
Turia Town,4064373,Apartamentos,Valencia,1,1,€ 54,2019/11/05,2019/11/06,0,"8,8",30
Apartamento Centrico - Viveros,2461987,Apartamento,Valencia,1,1,NA,2019/11/05,2019/11/06,0,"9,5",30
Homestay Carrer Sagun,5006434,NA,Valencia,1,1,€ 60,2019/11/05,2019/11/06,0,"8,9",30
Apartaments San Pio V,2456151,Apartamento,Valencia,1,1,€ 60,2019/11/05,2019/11/06,0,"8,9",30
Apartamento Jesus De Medinaceli,1728697,Apartamentos,Valencia,1,1,€ 60,2019/11/05,2019/11/06,0,"8,6",30
Apartamentos Plaza Picasso,97063,Apartamentos,Valencia,1,1,€ 60,2019/11/05,2019/11/06,0,"8,5",30
Eurostars Acteón,90495,NA,Valencia,1,1,€ 62,2019/11/05,2019/11/06,4,"8,5",30
Hi Valencia Cánovas,4312120,Apartamentos,Valencia,1,1,€ 63,2019/11/05,2019/11/06,0,"8,9",30
5 SENSES,3786890,Apartamento,Valencia,1,1,€ 107,2019/11/05,2019/11/06,0,"9,2",30
Cozy apartment in Valencia center,3402135,Apartamentos,Valencia,1,1,€ 108,2019/11/05,2019/11/06,0,"9,2",30
Rooms Ciencias,94126,NA,Valencia,1,1,€ 108,2019/11/05,2019/11/06,0,9,30
El Corazon de Canovas,2634817,Apartamento,Valencia,1,1,NA,2019/11/05,2019/11/06,0,"9,6",30
Don Herrero,1781239,Apartamentos,Valencia,1,1,NA,2019/11/05,2019/11/06,0,"9,2",30
The River Hostel,494202,NA,Valencia,1,1,€ 64,2019/11/05,2019/11/06,0,"8,5",30
ABCyou Bed&Breakfast,189207,NA,Valencia,1,1,€ 66,2019/11/05,2019/11/06,0,"8,5",30
Sercotel Sorolla Palace,93646,NA,Valencia,1,1,€ 67,2019/11/05,2019/11/06,4,"8,6",30
Hotel San Lorenzo Boutique,1307718,NA,Valencia,1,1,€ 68,2019/11/05,2019/11/06,3,"8,6",30
Ad Hoc Carmen,1173270,NA,Valencia,1,1,€ 68,2019/11/05,2019/11/06,2,"8,9",30
One Shot Mercat 09,2274203,NA,Valencia,1,1,€ 110,2019/11/05,2019/11/06,4,"9,1",30
"Piso ""Como en tu casa""",2689136,Apartamento,Valencia,1,1,€ 110,2019/11/05,2019/11/06,0,"9,2",30
Valenciaflats Centro Ciudad,18544,Apartamentos,Valencia,1,1,€ 110,2019/11/05,2019/11/06,0,"9,2",30
Valenciaflats Mercado Central,307677,Apartamentos,Valencia,1,1,€ 110,2019/11/05,2019/11/06,0,9,30
Center City Flats,861452,Apartamentos,Valencia,1,1,€ 111,2019/11/05,2019/11/06,0,"9,1",30
MD Pelayo with terrace,1979067,Apartamento,Valencia,1,1,€ 271,2019/11/05,2019/11/06,0,"7,8",30
MD Abastos Center,2551194,Apartamento,Valencia,1,1,€ 289,2019/11/05,2019/11/06,0,"7,7",30
Apartamento Con Vistas Espectaculares,2789610,Apartamento,Valencia,1,1,NA,2019/11/05,2019/11/06,0,"8,9",30
MD Oliag I Apartment Ruzafa,2867488,Apartamento,Valencia,1,1,€ 317,2019/11/05,2019/11/06,0,"7,7",30
Hostal Waksman,281139,NA,Valencia,1,1,€ 30,2019/11/05,2019/11/06,1,"7,3",30
Habitación Despuig,4901343,NA,Valencia,1,1,€ 30,2019/11/05,2019/11/06,0,7,30
feliz como en casa,3676196,NA,Valencia,1,1,€ 36,2019/11/05,2019/11/06,0,"7,3",30
Pensión Universal,304276,NA,Valencia,1,1,€ 27,2019/11/05,2019/11/06,0,"7,9",30
AC Hotel Colon Valencia,1117150,NA,Valencia,1,1,€ 169,2019/11/05,2019/11/06,4,"8,7",30
Puerta de Serranos,2734333,Apartamentos,Valencia,1,1,€ 185,2019/11/05,2019/11/06,0,"8,8",30
Casa alta del mar,2542826,Apartamento,Valencia,1,1,NA,2019/11/05,2019/11/06,0,"9,2",30
Hostal Moratin,326015,NA,Valencia,1,1,€ 31,2019/11/05,2019/11/06,1,"7,9",30
Petit Palomar,2187491,Apartamentos,Valencia,1,1,NA,2019/11/05,2019/11/06,0,"8,9",30
Habitaciones Barra89,1076252,NA,Valencia,1,1,€ 31,2019/11/05,2019/11/06,0,"7,8",30
Apart and Benef,2291245,NA,Valencia,1,1,€ 34,2019/11/05,2019/11/06,0,"7,8",30
Valencia Apartamentos Goya,4256653,Apartamentos,Valencia,1,1,€ 210,2019/11/05,2019/11/06,0,10,30
Colors Rooms,675839,NA,Valencia,1,1,€ 40,2019/11/05,2019/11/06,0,"9,6",30
Cómoda habitación Valencia,4200488,NA,Valencia,1,1,NA,2019/11/05,2019/11/06,0,"9,6",30
Hostal On Dormire Valencia,432305,NA,Valencia,1,1,€ 35,2019/11/05,2019/11/06,0,"7,8",30
Habitación Céntrica en Casa de Familia,4289877,NA,Valencia,1,1,€ 35,2019/11/05,2019/11/06,0,"7,8",30
United Colors of Apartments Boutique Style,5372347,Apartamentos,Valencia,1,1,€ 69,2019/11/05,2019/11/06,0,"9,5",30
Carlos & Ana,2079019,Apartamento,Valencia,1,1,€ 195,2019/11/05,2019/11/06,0,"8,9",30
Canela`s Vintage Ruzafa Centro,4652584,Apartamento,Valencia,1,1,€ 200,2019/11/05,2019/11/06,0,"8,5",30
The Westin Valencia,93321,NA,Valencia,1,1,€ 203,2019/11/05,2019/11/06,5,"8,7",30
Hostal Antigua Morellana,1273937,NA,Valencia,1,1,€ 80,2019/11/05,2019/11/06,1,"9,5",30
Bubuflats Bubu 3,1014334,Apartamentos,Valencia,1,1,€ 85,2019/11/05,2019/11/06,0,"9,6",30
Calle de Frederica Montseny 'Política' Casa o chalet,5152866,Casa o chalet,Valencia,1,1,€ 95,2019/11/05,2019/11/06,0,"9,6",30
Habitación San Cayetano,4624401,NA,Valencia,1,1,€ 40,2019/11/05,2019/11/06,0,"7,6",30
Voyagers Inn Homestay,2682156,NA,Valencia,1,1,€ 42,2019/11/05,2019/11/06,0,"7,8",30
My Apartments - Edificio Visitación,3886510,Apartamentos,Valencia,1,1,NA,2019/11/05,2019/11/06,0,"8,5",30
Exclusive Beach Apartment,4641691,Apartamento,Valencia,1,1,€ 205,2019/11/05,2019/11/06,0,"8,9",30
Vincci Palace,94163,NA,Valencia,1,1,€ 218,2019/11/05,2019/11/06,4,"8,7",30
Casa de Vacaciones Pintor Vilar,2093863,Apartamento,Valencia,1,1,€ 222,2019/11/05,2019/11/06,0,"8,9",30
Friendly Rentals Boyvin,1923141,Apartamento,Valencia,1,1,NA,2019/11/05,2019/11/06,0,"9,3",30
Habitación con cama doble,4794909,NA,Valencia,1,1,€ 36,2019/11/05,2019/11/06,0,7,30
Hostal Residencial RR,450746,NA,Valencia,1,1,€ 38,2019/11/05,2019/11/06,0,7,30
Apartamento Rosaleda,3014201,Apartamento,Valencia,1,1,NA,2019/11/05,2019/11/06,0,"8,9",30
HOSPEDAJE PESET,4718074,NA,Valencia,1,1,€ 40,2019/11/05,2019/11/06,0,"7,3",30
Valencia Lounge Hostel,337203,NA,Valencia,1,1,€ 42,2019/11/05,2019/11/06,0,"7,7",30
Valencia City Host,1177077,NA,Valencia,1,1,€ 45,2019/11/05,2019/11/06,0,"7,8",30
Hotel Beleret,94652,NA,Valencia,1,1,€ 45,2019/11/05,2019/11/06,3,"7,6",30
Hospes Palau de La Mar,93823,NA,Valencia,1,1,€ 225,2019/11/05,2019/11/06,5,"8,8",30
Vincci Lys,91183,NA,Valencia,1,1,€ 248,2019/11/05,2019/11/06,4,"8,9",30
SingularStays Parque Central,3054000,Apartamentos,Valencia,1,1,€ 249,2019/11/05,2019/11/06,0,"8,8",30
Cathedral Suites Hotel,1736257,Apartahotel,Valencia,1,1,€ 262,2019/11/05,2019/11/06,4,"8,9",30
Apartment Cisneros 2,2361375,Apartamento,Valencia,1,1,€ 95,2019/11/05,2019/11/06,0,"9,7",30
Casa La Buhardilla,2985364,Apartamento,Valencia,1,1,€ 97,2019/11/05,2019/11/06,0,"9,6",30
La seda stay,3335523,Apartamento,Valencia,1,1,NA,2019/11/05,2019/11/06,0,"9,7",30
Precioso piso junto al antiguo barrio de Campanar,3297078,Apartamento,Valencia,1,1,€ 100,2019/11/05,2019/11/06,0,"9,5",30
La Flamenca,818359,NA,Valencia,1,1,€ 40,2019/11/05,2019/11/06,0,"7,2",30
Central Station Valencia Hostel,1647017,NA,Valencia,1,1,€ 41,2019/11/05,2019/11/06,0,"7,1",30
Sampedor Apartment,435662,Apartamentos,Valencia,1,1,€ 49,2019/11/05,2019/11/06,0,7,30
B&B El Mercat,2203530,NA,Valencia,1,1,€ 50,2019/11/05,2019/11/06,0,"7,3",30
Habitación en valencia centro,5418023,NA,Valencia,1,1,€ 30,2019/11/05,2019/11/06,0,"8,3",30
B&B Hi Valencia Canovas,305349,NA,Valencia,1,1,€ 38,2019/11/05,2019/11/06,0,"8,4",30
Sorolla Centro,90896,NA,Valencia,1,1,NA,2019/11/05,2019/11/06,3,"9,1",30
Purple Nest Hostel,25278,NA,Valencia,1,1,€ 38,2019/11/05,2019/11/06,0,"8,2",30
Opera House Valencia B&B,3533887,NA,Valencia,1,1,€ 108,2019/11/05,2019/11/06,0,"9,5",30
Valencia Just in the Middle,2965508,Apartamento,Valencia,1,1,€ 120,2019/11/05,2019/11/06,0,"9,9",30
Ramirez Flats & Bar,4124528,Apartahotel,Valencia,1,1,€ 122,2019/11/05,2019/11/06,0,"9,5",30
Barracart Apartments,2125836,Apartamentos,Valencia,1,1,€ 126,2019/11/05,2019/11/06,0,"9,6",30
HOSTAL BED OF THE SEA,3974636,NA,Valencia,1,1,€ 50,2019/11/05,2019/11/06,0,"7,1",30
Apartamentos Turia,355328,Apartamentos,Valencia,1,1,NA,2019/11/05,2019/11/06,0,"8,7",30
Centro Valencia Calle Cerrajeros,3476261,NA,Valencia,1,1,€ 50,2019/11/05,2019/11/06,0,"7,1",30
Attic Rooms in Botánico,5522932,NA,Valencia,1,1,€ 50,2019/11/05,2019/11/06,0,"7,2",30
Red Nest Hostel,92283,NA,Valencia,1,1,€ 40,2019/11/05,2019/11/06,0,"8,2",30
Center Valencia Youth Hostel,246931,NA,Valencia,1,1,€ 40,2019/11/05,2019/11/06,0,8,30
Apartamento Barato Valencia,3931013,NA,Valencia,1,1,€ 42,2019/11/05,2019/11/06,0,8,30
MARQUÉS HOUSE 4* SUP,2118880,NA,Valencia,1,1,€ 139,2019/11/05,2019/11/06,4,"9,5",30
BONNIES Suites & Spa Valencia,3631910,Apartamentos,Valencia,1,1,NA,2019/11/05,2019/11/06,0,"9,8",30
Disfruta - Enjoy Valencia Oceanografic,4121345,Apartamento,Valencia,1,1,€ 139,2019/11/05,2019/11/06,0,"9,6",30
RUZAFA- CENTRO-A/C- WI-FI- PARKING,2885994,Apartamento,Valencia,1,1,€ 140,2019/11/05,2019/11/06,0,"9,7",30
Habitacion en Valencia,4861732,NA,Valencia,1,1,€ 45,2019/11/05,2019/11/06,0,"8,2",30
Habitacion en Valencia Barata,4861796,NA,Valencia,1,1,€ 45,2019/11/05,2019/11/06,0,"8,1",30
Piso en Malvarrosa,2445244,Apartamentos,Valencia,1,1,NA,2019/11/05,2019/11/06,0,9,30
Habitacion PLaza Ayuntamiento,4365340,NA,Valencia,1,1,€ 45,2019/11/05,2019/11/06,0,"7,5",30
Patacona Green Flats,292996,Apartamentos,Valencia,1,1,€ 46,2019/11/05,2019/11/06,0,"7,6",30
Casual Civilizaciones Valencia,449777,NA,Valencia,1,1,€ 47,2019/11/05,2019/11/06,0,"7,9",30
Victoria Site @ Luxury Center,1756493,Apartamentos,Valencia,1,1,NA,2019/11/05,2019/11/06,0,"8,9",30
Olympia Flats,4212801,NA,Valencia,1,1,€ 70,2019/11/05,2019/11/06,0,"9,7",30
Casa Calle Conquista,4691493,Apartamento,Valencia,1,1,€ 240,2019/11/05,2019/11/06,0,"9,6",30
MD PASEO RUZAFA CENTER,5374850,Apartamento,Valencia,1,1,€ 1.030,2019/11/05,2019/11/06,0,"9,6",30
Patacona Resort Apartments,189782,Apartamentos,Valencia,1,1,€ 49,2019/11/05,2019/11/06,0,"7,8",30
Rooms Valencia Center,5507857,NA,Valencia,1,1,€ 49,2019/11/05,2019/11/06,0,"7,7",30
Habitacion por dias Centro Valencia,3977106,NA,Valencia,1,1,€ 50,2019/11/05,2019/11/06,0,"7,8",30
Apartamentos Abastos,1044426,Apartamentos,Valencia,1,1,€ 50,2019/11/05,2019/11/06,0,"7,5",30
Cantagua Hostel,4074640,NA,Valencia,1,1,€ 37,2019/11/05,2019/11/06,0,"9,1",30
Apartamento Forn dels Apòstols,3122008,Apartamento,Valencia,1,1,NA,2019/11/05,2019/11/06,0,"9,6",30
YOU & CO. Saler Beach Boutique,4533007,NA,Valencia,1,1,€ 44,2019/11/05,2019/11/06,3,9,30
Florista's Room en Valencia,5502152,NA,Valencia,1,1,€ 56,2019/11/05,2019/11/06,0,"9,1",30
Casual de la Música Valencia,273130,NA,Valencia,1,1,€ 51,2019/11/05,2019/11/06,2,"7,5",30
Como en casa,4802186,NA,Valencia,1,1,€ 54,2019/11/05,2019/11/06,0,"7,9",30
Flats Friends Soho Suites,1819642,Apartamentos,Valencia,1,1,NA,2019/11/05,2019/11/06,0,"8,6",30
Hostal Abastos,257057,NA,Valencia,1,1,€ 45,2019/11/05,2019/11/06,2,"8,2",30
Hotel Olympia Universidades,1301731,NA,Valencia,1,1,€ 48,2019/11/05,2019/11/06,3,"8,4",30
Aparthotel Valencia Rental,17344,Apartahotel,Valencia,1,1,€ 48,2019/11/05,2019/11/06,0,8,30
Aventura,5567318,NA,Valencia,1,1,€ 50,2019/11/05,2019/11/06,0,"8,2",30
Apartamento Joseph - luminoso y muy céntrico,4267950,Apartamento,Valencia,1,1,€ 60,2019/11/05,2019/11/06,0,"9,1",30
Habitación privada a 1500 metros de la playa,3789910,NA,Valencia,1,1,€ 60,2019/11/05,2019/11/06,0,"9,3",30
Hostal Venecia,92883,NA,Valencia,1,1,€ 65,2019/11/05,2019/11/06,2,"9,1",30
Apartamentos Rusafa,5604325,NA,Valencia,1,1,€ 50,2019/11/05,2019/11/06,0,"8,3",30
Habitacion Apartamento soleado Plaza Escultor Frechina,4865043,NA,Valencia,1,1,€ 50,2019/11/05,2019/11/06,0,"7,3",30
PISO ACOGEDOR,4995780,NA,Valencia,1,1,€ 50,2019/11/05,2019/11/06,0,"7,1",30
Plaza Redonda house.,4399973,NA,Valencia,1,1,€ 58,2019/11/05,2019/11/06,0,"7,4",30
United Colors of Studios - Mercado Central,2574108,Apartamentos,Valencia,1,1,€ 55,2019/11/05,2019/11/06,0,"7,8",30
Expo Hotel Valencia,91223,NA,Valencia,1,1,€ 55,2019/11/05,2019/11/06,3,"7,6",30
Cosy Rooms Tapinería,371192,NA,Valencia,1,1,€ 56,2019/11/05,2019/11/06,2,"7,5",30
B&B Hotel Valencia Ciudad de las Ciencias,92242,NA,Valencia,1,1,€ 56,2019/11/05,2019/11/06,3,"7,5",30
Hotel Turia,14441,NA,Valencia,1,1,€ 59,2019/11/05,2019/11/06,4,"7,5",30
Cosy Rooms Bolsería,371606,NA,Valencia,1,1,€ 59,2019/11/05,2019/11/06,2,"7,4",30
Flatsforyou Mercat,1367507,Apartamentos,Valencia,1,1,NA,2019/11/05,2019/11/06,3,"8,9",30
Geography and Arts.,3569110,NA,Valencia,1,1,€ 60,2019/11/05,2019/11/06,0,"7,1",30
Hostal la Barraca,350013,NA,Valencia,1,1,€ 61,2019/11/05,2019/11/06,0,"7,2",30
Cosy Rooms Embajador,369728,NA,Valencia,1,1,€ 61,2019/11/05,2019/11/06,2,"7,4",30
Malvarrosa Beach Rooms,314048,NA,Valencia,1,1,€ 64,2019/11/05,2019/11/06,2,7,30
NWT Monserrat,3728842,Apartamentos,Valencia,1,1,€ 64,2019/11/05,2019/11/06,0,7,30
