name,propertyId,propertyType,city,rooms,days,price,checkIn,checkOut,stars,score,advance
MD Benlliure Beach.,1957258,NA,Valencia,1,1,€ 313,2019/10/29,2019/10/30,0,"7,8",7
MD Oliag I Apartment Ruzafa,2867488,NA,Valencia,1,1,€ 387,2019/10/29,2019/10/30,0,"7,7",7
La Casa Chica del Carmen,2757078,NA,Valencia,1,1,NA,2019/10/29,2019/10/30,0,"9,2",7
Habitación Despuig,4901343,NA,Valencia,1,1,€ 28,2019/10/29,2019/10/30,0,"7,3",7
Apartment in the Quart Towers,5730463,NA,Valencia,1,1,€ 250,2019/10/29,2019/10/30,0,,7
Turia Guesthouse - B&B,2884427,NA,Valencia,1,1,€ 265,2019/10/29,2019/10/30,0,,7
Sun Apartament Valencia @ City Arts & Sciences + Parking,3287719,NA,Valencia,1,1,NA,2019/10/29,2019/10/30,0,"9,2",7
EXCLUSIVE VILLA WITH POOL ON THE BEACH,5684273,NA,Valencia,1,1,€ 695,2019/10/29,2019/10/30,0,,7
Apartamento con terraza,5238122,NA,Valencia,1,1,€ 770,2019/10/29,2019/10/30,0,,7
Gulet Why Not,5199364,NA,Valencia,1,1,€ 3.000,2019/10/29,2019/10/30,0,,7
Guest House Samuel Ros,4161855,NA,Valencia,1,1,€ 29,2019/10/29,2019/10/30,0,"7,2",7
Habitación cerca del centro,2789581,NA,Valencia,1,1,€ 33,2019/10/29,2019/10/30,0,"7,4",7
Hostal Waksman,281139,NA,Valencia,1,1,€ 35,2019/10/29,2019/10/30,1,"7,3",7
Habitaciones con Encanto,5629632,NA,Valencia,1,1,€ 40,2019/10/29,2019/10/30,0,"7,4",7
Habitacion Apartamento soleado Plaza Escultor Frechina,4865043,NA,Valencia,1,1,€ 40,2019/10/29,2019/10/30,0,"7,4",7
City Center Atico 360,3025679,NA,Valencia,1,1,NA,2019/10/29,2019/10/30,0,"9,4",7
Hostal Residencial RR,450746,NA,Valencia,1,1,€ 40,2019/10/29,2019/10/30,0,7,7
HOSPEDAJE PESET,4718074,NA,Valencia,1,1,€ 40,2019/10/29,2019/10/30,0,"7,4",7
La Flamenca,818359,NA,Valencia,1,1,€ 40,2019/10/29,2019/10/30,0,"7,2",7
Habitación con cama doble,4794909,NA,Valencia,1,1,€ 41,2019/10/29,2019/10/30,0,"7,1",7
B&B El Mercat,2203530,NA,Valencia,1,1,€ 45,2019/10/29,2019/10/30,0,"7,3",7
NWT Central Station Valencia,1647017,NA,Valencia,1,1,€ 49,2019/10/29,2019/10/30,0,"7,1",7
Amazing in Town Hall Square,3834085,NA,Valencia,1,1,NA,2019/10/29,2019/10/30,0,9,7
Sampedor Apartment,435662,NA,Valencia,1,1,€ 52,2019/10/29,2019/10/30,0,"7,1",7
Cosy Rooms Bolsería,371606,NA,Valencia,1,1,€ 54,2019/10/29,2019/10/30,2,"7,4",7
Geography and Arts.,3569110,NA,Valencia,1,1,€ 54,2019/10/29,2019/10/30,0,"7,1",7
Hostal la Barraca,350013,NA,Valencia,1,1,€ 55,2019/10/29,2019/10/30,0,"7,2",7
Malvarrosa Beach Rooms,314048,NA,Valencia,1,1,€ 55,2019/10/29,2019/10/30,2,7,7
Plaza Redonda house.,4399973,NA,Valencia,1,1,€ 59,2019/10/29,2019/10/30,0,"7,4",7
COZY APARTMENT VALENCIA BEACHFRONT!,3128516,NA,Valencia,1,1,NA,2019/10/29,2019/10/30,0,"9,4",7
Almiserat,3054886,NA,Valencia,1,1,€ 60,2019/10/29,2019/10/30,0,"7,1",7
Cosy Rooms Embajador,369728,NA,Valencia,1,1,€ 61,2019/10/29,2019/10/30,2,"7,4",7
HOSTAL BED OF THE SEA,3974636,NA,Valencia,1,1,€ 70,2019/10/29,2019/10/30,0,"7,1",7
Accommodation Beach Apartments,1001766,NA,Valencia,1,1,€ 70,2019/10/29,2019/10/30,0,"7,2",7
Apartments Calle Padre Damian,4523326,NA,Valencia,1,1,€ 70,2019/10/29,2019/10/30,0,"7,1",7
Lindala,5250762,NA,Valencia,1,1,€ 59,2019/10/29,2019/10/30,0,"9,6",7
Hostal Moratin,326015,NA,Valencia,1,1,€ 34,2019/10/29,2019/10/30,1,"7,9",7
Apartamentos Navío,5647176,NA,Valencia,1,1,€ 60,2019/10/29,2019/10/30,0,"9,9",7
Valencia Apartamentos Goya,4256653,NA,Valencia,1,1,NA,2019/10/29,2019/10/30,0,10,7
Piso en Playa de Valencia,5533098,NA,Valencia,1,1,€ 70,2019/10/29,2019/10/30,0,"9,5",7
LOFT apartamento duplex en Valencia con parking gratis,5519008,NA,Valencia,1,1,€ 78,2019/10/29,2019/10/30,0,"9,9",7
Apartamento luminoso y acogedor,3489126,NA,Valencia,1,1,€ 78,2019/10/29,2019/10/30,0,"9,5",7
Apartments Downtown Valencia,2250421,NA,Valencia,1,1,€ 80,2019/10/29,2019/10/30,0,"9,6",7
Apart and Benef,2291245,NA,Valencia,1,1,€ 34,2019/10/29,2019/10/30,0,"7,9",7
MOM La Punta,3105661,NA,Valencia,1,1,NA,2019/10/29,2019/10/30,0,"9,4",7
Habitacion Doble Homestay,4037073,NA,Valencia,1,1,€ 36,2019/10/29,2019/10/30,0,"7,9",7
Rio Turia B&B,5531073,NA,Valencia,1,1,€ 38,2019/10/29,2019/10/30,0,"7,6",7
Hostal El Cid,309465,NA,Valencia,1,1,€ 39,2019/10/29,2019/10/30,2,"7,6",7
Aventura,5567318,NA,Valencia,1,1,€ 40,2019/10/29,2019/10/30,0,"7,9",7
Habitación San Cayetano,4624401,NA,Valencia,1,1,€ 40,2019/10/29,2019/10/30,0,"7,5",7
Hotel Beleret,94652,NA,Valencia,1,1,€ 41,2019/10/29,2019/10/30,3,"7,6",7
Ciudad Ciencias- Lujo- Parking- Wi-Fi.,4999636,NA,Valencia,1,1,€ 80,2019/10/29,2019/10/30,0,"9,8",7
Opera House Valencia B&B,3533887,NA,Valencia,1,1,€ 83,2019/10/29,2019/10/30,0,"9,5",7
Cómoda habitación Valencia,4200488,NA,Valencia,1,1,NA,2019/10/29,2019/10/30,0,"9,6",7
Calle de Frederica Montseny 'Política' Casa o chalet,5152866,NA,Valencia,1,1,€ 85,2019/10/29,2019/10/30,0,"9,6",7
Valencia City Center New Apartments,1042326,NA,Valencia,1,1,NA,2019/10/29,2019/10/30,0,9,7
Valencia Lounge Hostel,337203,NA,Valencia,1,1,€ 42,2019/10/29,2019/10/30,0,"7,7",7
Voyagers Inn Homestay,2682156,NA,Valencia,1,1,€ 42,2019/10/29,2019/10/30,0,"7,8",7
Hospederia del Pilar,327766,NA,Valencia,1,1,€ 45,2019/10/29,2019/10/30,0,"7,9",7
Ramirez Flats & Bar,4124528,NA,Valencia,1,1,€ 89,2019/10/29,2019/10/30,0,"9,5",7
Bubuflats Bubu 3,1014334,NA,Valencia,1,1,€ 95,2019/10/29,2019/10/30,0,"9,5",7
Centro en Valencia,2885222,NA,Valencia,1,1,€ 95,2019/10/29,2019/10/30,0,"9,5",7
Espai One Santa Mónica,5471724,NA,Valencia,1,1,€ 95,2019/10/29,2019/10/30,0,"9,8",7
L'Esplai Valencia Bed & Breakfast,1282556,NA,Valencia,1,1,€ 99,2019/10/29,2019/10/30,0,"9,5",7
MerKat-Abastos,1231196,NA,Valencia,1,1,NA,2019/10/29,2019/10/30,0,"9,6",7
Charming Ninetta,3220582,NA,Valencia,1,1,€ 110,2019/10/29,2019/10/30,0,"9,5",7
Hotel Cosmo,4838858,NA,Valencia,1,1,€ 115,2019/10/29,2019/10/30,3,"9,9",7
Disfruta - Enjoy Valencia Centre,3881970,NA,Valencia,1,1,€ 115,2019/10/29,2019/10/30,0,"9,8",7
OYO Pensión El Rincón,476031,NA,Valencia,1,1,€ 45,2019/10/29,2019/10/30,1,"7,5",7
Habitaciones Barra89,1076252,NA,Valencia,1,1,€ 45,2019/10/29,2019/10/30,0,"7,8",7
Valencia City Host,1177077,NA,Valencia,1,1,€ 46,2019/10/29,2019/10/30,0,"7,7",7
Valenciaflats Mercado Central,307677,NA,Valencia,1,1,€ 89,2019/10/29,2019/10/30,0,9,7
Apartamento centro frente a Torres de Serrano,3408067,NA,Valencia,1,1,€ 89,2019/10/29,2019/10/30,0,"9,4",7
El Corazon de Canovas,2634817,NA,Valencia,1,1,NA,2019/10/29,2019/10/30,0,"9,6",7
La casita de Palomar,2132386,NA,Valencia,1,1,€ 89,2019/10/29,2019/10/30,0,"9,3",7
Teixidors de Palomar,2639791,NA,Valencia,1,1,€ 89,2019/10/29,2019/10/30,0,"9,3",7
Apartamento Giorgeta,2580538,NA,Valencia,1,1,€ 90,2019/10/29,2019/10/30,0,9,7
Apartment on Carrer del Dr. Lluch,2008997,NA,Valencia,1,1,€ 90,2019/10/29,2019/10/30,0,9,7
Olvida tu Reloj Montichelvo Apartment,3258095,NA,Valencia,1,1,€ 91,2019/10/29,2019/10/30,0,"9,4",7
"Piso ""Como en tu casa""",2689136,NA,Valencia,1,1,€ 92,2019/10/29,2019/10/30,0,"9,2",7
Constitución,4229663,NA,Valencia,1,1,NA,2019/10/29,2019/10/30,0,"9,5",7
Bubuflats Bubu 5,1283519,NA,Valencia,1,1,€ 95,2019/10/29,2019/10/30,0,"9,1",7
OCEANOGRAFIC DELUXE- PARKING- WI-FI,4095746,NA,Valencia,1,1,NA,2019/10/29,2019/10/30,0,"9,1",7
Ilunion Valencia 3,92818,NA,Valencia,1,1,€ 48,2019/10/29,2019/10/30,3,"7,9",7
Attic Rooms in Botánico,5522932,NA,Valencia,1,1,€ 48,2019/10/29,2019/10/30,0,"7,6",7
Habitaciones Rusafa,5604325,NA,Valencia,1,1,€ 50,2019/10/29,2019/10/30,0,"7,9",7
Apartamentos Abastos,1044426,NA,Valencia,1,1,€ 50,2019/10/29,2019/10/30,0,"7,5",7
Apartamentos Adressadors,1743173,NA,Valencia,1,1,€ 50,2019/10/29,2019/10/30,0,"7,7",7
Casual Civilizaciones Valencia,449777,NA,Valencia,1,1,€ 52,2019/10/29,2019/10/30,0,"7,9",7
TTdSSa VLC: Casa de las Aguas- 4 pax 2 Bedrooms,4069236,NA,Valencia,1,1,€ 124,2019/10/29,2019/10/30,0,"9,5",7
Duplex+Swimming pool+private entrance=Housen of LOVE,2999152,NA,Valencia,1,1,€ 125,2019/10/29,2019/10/30,0,"9,5",7
Casa Calle Conquista,4691493,NA,Valencia,1,1,€ 240,2019/10/29,2019/10/30,0,"9,6",7
Hexagonal Design Apartment Valencia,4630643,NA,Valencia,1,1,NA,2019/10/29,2019/10/30,0,"9,6",7
APARTAMENTO CENTRO- RUZAFA. WI-FI. PARKING,3144104,NA,Valencia,1,1,€ 100,2019/10/29,2019/10/30,0,"9,3",7
BUBUSUITES by Bubuflats,2389776,NA,Valencia,1,1,€ 100,2019/10/29,2019/10/30,0,"9,3",7
MD Design Hotel - Portal del Real,2391685,NA,Valencia,1,1,€ 103,2019/10/29,2019/10/30,2,"9,1",7
Mon Suites Catedral,485679,NA,Valencia,1,1,€ 105,2019/10/29,2019/10/30,0,"9,2",7
Apartamento El Viajero,3023830,NA,Valencia,1,1,€ 105,2019/10/29,2019/10/30,0,"9,1",7
Apartments Torres de Serranos Valencia,1099602,NA,Valencia,1,1,NA,2019/10/29,2019/10/30,0,"9,6",7
Apartamento Calle Porvenir,2855320,NA,Valencia,1,1,€ 105,2019/10/29,2019/10/30,0,9,7
Purísima Street I,2471259,NA,Valencia,1,1,€ 275,2019/10/29,2019/10/30,0,"9,5",7
MARQUÉS HOUSE 4* SUP,2118880,NA,Valencia,1,1,€ 359,2019/10/29,2019/10/30,4,"9,4",7
MD PASEO RUZAFA CENTER,5374850,NA,Valencia,1,1,€ 1.030,2019/10/29,2019/10/30,0,"9,6",7
Apartamentos Artesa 22 Valencia,5546723,NA,Valencia,1,1,€ 106,2019/10/29,2019/10/30,0,9,7
Palacio de Rojas,1073276,NA,Valencia,1,1,€ 106,2019/10/29,2019/10/30,0,"9,3",7
Zerka Sendra,4657122,NA,Valencia,1,1,€ 109,2019/10/29,2019/10/30,0,9,7
CheValenciaFlats,2064099,NA,Valencia,1,1,NA,2019/10/29,2019/10/30,0,9,7
Casual de la Música Valencia,273130,NA,Valencia,1,1,€ 52,2019/10/29,2019/10/30,2,"7,5",7
Cantagua Hostel,4074640,NA,Valencia,1,1,€ 40,2019/10/29,2019/10/30,0,"9,1",7
YOU & CO. Saler Beach Boutique,4533007,NA,Valencia,1,1,€ 50,2019/10/29,2019/10/30,3,9,7
Apartamento Ruzafa Centro I,2006333,NA,Valencia,1,1,€ 109,2019/10/29,2019/10/30,0,"9,2",7
Sorolla Centro,90896,NA,Valencia,1,1,€ 110,2019/10/29,2019/10/30,3,"9,1",7
Ambrosio Flats Valencia - El Mercat,3131649,NA,Valencia,1,1,NA,2019/10/29,2019/10/30,0,"9,5",7
Loft Central Market - Breakfast Juice!,3187998,NA,Valencia,1,1,€ 81,2019/10/29,2019/10/30,0,"6,4",7
Select Home Viveros Gardens,1297339,NA,Valencia,1,1,€ 265,2019/10/29,2019/10/30,0,"6,3",7
Vivaldi Valencia,427198,NA,Valencia,1,1,NA,2019/10/29,2019/10/30,0,"9,3",7
Guest House Higinio Noja,2845935,NA,Valencia,1,1,€ 25,2019/10/29,2019/10/30,0,"5,9",7
Apartamentos La más Bonita,2816245,NA,Valencia,1,1,€ 113,2019/10/29,2019/10/30,0,9,7
Casual Socarrat Valencia,5142800,NA,Valencia,1,1,€ 113,2019/10/29,2019/10/30,3,"9,1",7
Welcome Apartamentos Pintor Stolz 31 Valencia,5019066,NA,Valencia,1,1,€ 114,2019/10/29,2019/10/30,0,"9,3",7
Expo Hotel Valencia,91223,NA,Valencia,1,1,€ 53,2019/10/29,2019/10/30,3,"7,6",7
Cosy Rooms Tapinería,371192,NA,Valencia,1,1,€ 54,2019/10/29,2019/10/30,2,"7,5",7
Como en casa,4802186,NA,Valencia,1,1,€ 54,2019/10/29,2019/10/30,0,"7,9",7
RoomTuristValencia - Ruzafa,4608394,NA,Valencia,1,1,€ 25,2019/10/29,2019/10/30,0,"5,5",7
Ruzafa Guesthouse,2269176,NA,Valencia,1,1,€ 30,2019/10/29,2019/10/30,0,"5,5",7
Gon & Diego House,4899561,NA,Valencia,1,1,€ 40,2019/10/29,2019/10/30,0,"5,5",7
Apartamento cerca de la playa y de la ciudad,3372933,NA,Valencia,1,1,€ 64,2019/10/29,2019/10/30,0,"5,6",7
Kirei Apartment Berlin,4504570,NA,Valencia,1,1,€ 89,2019/10/29,2019/10/30,0,"5,6",7
Tres Forques,2854630,NA,Valencia,1,1,NA,2019/10/29,2019/10/30,0,"9,4",7
Kirei Apartment Denver,4585191,NA,Valencia,1,1,€ 92,2019/10/29,2019/10/30,0,"5,6",7
Kirei Apartment Portland,4276529,NA,Valencia,1,1,€ 120,2019/10/29,2019/10/30,0,"5,9",7
sueñavalencia,5603844,NA,Valencia,1,1,€ 30,2019/10/29,2019/10/30,0,"5,4",7
Guest House Torres de Quart,2275006,NA,Valencia,1,1,€ 32,2019/10/29,2019/10/30,0,"5,3",7
RoomTuristValencia Estacion del Norte,4682632,NA,Valencia,1,1,€ 35,2019/10/29,2019/10/30,0,5,7
Apartamentos Wallace,1698355,NA,Valencia,1,1,€ 115,2019/10/29,2019/10/30,0,"9,2",7
HQ Rooms Apartments San Vicente,2894429,NA,Valencia,1,1,€ 117,2019/10/29,2019/10/30,0,"9,2",7
Rooms Valencia Center,5507857,NA,Valencia,1,1,€ 54,2019/10/29,2019/10/30,0,"7,7",7
Guest House Ruzafa,2324552,NA,Valencia,1,1,€ 35,2019/10/29,2019/10/30,0,"5,1",7
Don Herrero,1781239,NA,Valencia,1,1,NA,2019/10/29,2019/10/30,0,"9,2",7
Oliver,4865093,NA,Valencia,1,1,€ 63,2019/10/29,2019/10/30,0,"5,4",7
Port of Valencia,3805735,NA,Valencia,1,1,€ 75,2019/10/29,2019/10/30,0,"5,1",7
Guesthouse Plaza de Toros,2985902,NA,Valencia,1,1,€ 33,2019/10/29,2019/10/30,0,"4,8",7
RoomTuristValencia RuzafaSumsi,4682802,NA,Valencia,1,1,€ 35,2019/10/29,2019/10/30,0,"4,5",7
RoomTuristValencia Torres de Quart,4565643,NA,Valencia,1,1,€ 36,2019/10/29,2019/10/30,0,"4,6",7
Guest House Duc de Gaeta,2275007,NA,Valencia,1,1,€ 98,2019/10/29,2019/10/30,0,"4,9",7
Piso en Malvarrosa,2574698,NA,Valencia,1,1,NA,2019/10/29,2019/10/30,0,"9,1",7
Constitucion Guesthouse,2985942,NA,Valencia,1,1,€ 30,2019/10/29,2019/10/30,0,"3,7",7
Masatepe Room Valencia,5687127,NA,Valencia,1,1,€ 26,2019/10/29,2019/10/30,0,,7
Double Room in VALENCIA,5665653,NA,Valencia,1,1,€ 26,2019/10/29,2019/10/30,0,,7
Rest room Evi,5710566,NA,Valencia,1,1,€ 26,2019/10/29,2019/10/30,0,,7
Citizentral Gascons,332095,NA,Valencia,1,1,€ 87,2019/10/29,2019/10/30,0,"8,8",7
Style Apartments Puerto,1558265,NA,Valencia,1,1,€ 69,2019/10/29,2019/10/30,0,"8,1",7
Apartamentos el Pilar,237104,NA,Valencia,1,1,€ 70,2019/10/29,2019/10/30,0,8,7
Disfruta - Enjoy Valencia Ayuntamiento,4901194,NA,Valencia,1,1,NA,2019/10/29,2019/10/30,0,"9,6",7
chicrooms,5696677,NA,Valencia,1,1,€ 30,2019/10/29,2019/10/30,0,,7
MD Julio Antonio Apartment Center,3961049,NA,Valencia,1,1,€ 285,2019/10/29,2019/10/30,0,"9,2",7
Caro Hotel,348132,NA,Valencia,1,1,€ 285,2019/10/29,2019/10/30,5,"9,2",7
Casa La Buhardilla,2985364,NA,Valencia,1,1,NA,2019/10/29,2019/10/30,0,"9,6",7
Casual de las Artes Valencia,538056,NA,Valencia,1,1,€ 72,2019/10/29,2019/10/30,3,"8,4",7
City Suites Apartments,3091106,NA,Valencia,1,1,€ 74,2019/10/29,2019/10/30,0,"8,3",7
Apartamento Privado Próximo a Playa y Ciencias,3783163,NA,Valencia,1,1,€ 75,2019/10/29,2019/10/30,0,"8,3",7
Ático cerca del mar,4040503,NA,Valencia,1,1,€ 75,2019/10/29,2019/10/30,0,"8,3",7
Las Arenas Balneario Resort,91144,NA,Valencia,1,1,€ 338,2019/10/29,2019/10/30,5,9,7
The River Hostel,494202,NA,Valencia,1,1,€ 13,2019/10/29,2019/10/30,0,"8,5",7
Art&Flats Bed&Breakfast,5238345,NA,Valencia,1,1,€ 13,2019/10/29,2019/10/30,0,"8,8",7
Lotelito,570027,NA,Valencia,1,1,€ 89,2019/10/29,2019/10/30,0,"8,9",7
ApartUP Patacona Deluxe,2565246,NA,Valencia,1,1,NA,2019/10/29,2019/10/30,0,"9,5",7
Valenciaflats Centro Histórico,94781,NA,Valencia,1,1,€ 89,2019/10/29,2019/10/30,0,"8,7",7
Hotel Gabbeach,403586,NA,Valencia,1,1,€ 89,2019/10/29,2019/10/30,3,"8,5",7
Apartamento Turistico en Valencia,2877605,NA,Valencia,1,1,€ 75,2019/10/29,2019/10/30,0,"8,1",7
Ilunion Aqua 3,92776,NA,Valencia,1,1,€ 75,2019/10/29,2019/10/30,3,"8,3",7
Apartamento Centrico - Viveros,2461987,NA,Valencia,1,1,NA,2019/10/29,2019/10/30,0,"9,5",7
Home Youth Hostel by Feetup Hostels,189322,NA,Valencia,1,1,€ 37,2019/10/29,2019/10/30,0,"8,9",7
Homestay Carrer Sagun,5006434,NA,Valencia,1,1,€ 40,2019/10/29,2019/10/30,0,"8,7",7
Pensión Alicante,298710,NA,Valencia,1,1,€ 42,2019/10/29,2019/10/30,0,"8,5",7
BUBUFLATS / Mercat,783206,NA,Valencia,1,1,€ 90,2019/10/29,2019/10/30,0,"8,9",7
Plaza Sainetero Arniches,3984774,NA,Valencia,1,1,€ 92,2019/10/29,2019/10/30,0,"8,5",7
Hotel Mediterraneo Valencia,92412,NA,Valencia,1,1,€ 93,2019/10/29,2019/10/30,3,"8,8",7
Eurostars Gran Valencia,90484,NA,Valencia,1,1,€ 77,2019/10/29,2019/10/30,4,"8,4",7
SHF Flats Baron,1033085,NA,Valencia,1,1,€ 78,2019/10/29,2019/10/30,0,8,7
Sweet Hotel Renasa,274818,NA,Valencia,1,1,€ 79,2019/10/29,2019/10/30,3,8,7
Luxury Beach House,3602594,NA,Valencia,1,1,NA,2019/10/29,2019/10/30,0,"9,7",7
Estrella de russafa,5352439,NA,Valencia,1,1,€ 45,2019/10/29,2019/10/30,0,"8,7",7
Quart Youth Hostel,476418,NA,Valencia,1,1,€ 45,2019/10/29,2019/10/30,0,"8,6",7
Valencia Suits You Citytel,1106307,NA,Valencia,1,1,€ 48,2019/10/29,2019/10/30,2,"8,6",7
Soho Valencia,1538641,NA,Valencia,1,1,€ 94,2019/10/29,2019/10/30,0,"8,9",7
Disfruta - Enjoy Valencia Ruzafa,3890328,NA,Valencia,1,1,NA,2019/10/29,2019/10/30,0,"9,7",7
València Centre Túria,2185255,NA,Valencia,1,1,€ 94,2019/10/29,2019/10/30,0,"8,8",7
MD Modern Hotel - Jardines,305447,NA,Valencia,1,1,€ 81,2019/10/29,2019/10/30,1,"8,3",7
Hostal Penalty,189209,NA,Valencia,1,1,€ 85,2019/10/29,2019/10/30,1,8,7
Hotel Medium Valencia,96838,NA,Valencia,1,1,€ 86,2019/10/29,2019/10/30,4,"8,2",7
Apartamento Valencia Ciudad de las Ciencias,4682746,NA,Valencia,1,1,NA,2019/10/29,2019/10/30,0,"9,3",7
Zerka Centro,4425975,NA,Valencia,1,1,€ 89,2019/10/29,2019/10/30,0,"8,4",7
Valenciaflats Torres de Serrano,17468,NA,Valencia,1,1,€ 89,2019/10/29,2019/10/30,0,"8,3",7
APARTAMENTO LAS MELLIZAS,4651578,NA,Valencia,1,1,€ 45,2019/10/29,2019/10/30,0,"8,3",7
Casual Vintage Valencia,1710241,NA,Valencia,1,1,€ 95,2019/10/29,2019/10/30,2,"8,6",7
Perla Apartments,3146781,NA,Valencia,1,1,€ 95,2019/10/29,2019/10/30,0,"8,7",7
Melia Valencia,290493,NA,Valencia,1,1,€ 98,2019/10/29,2019/10/30,4,"8,8",7
Cozy Apartment in Valencia,3833828,NA,Valencia,1,1,€ 25,2019/10/29,2019/10/30,0,"8,6",7
Eurostars Acteón,90495,NA,Valencia,1,1,€ 53,2019/10/29,2019/10/30,4,"8,5",7
Senator Parque Central Hotel,274963,NA,Valencia,1,1,€ 90,2019/10/29,2019/10/30,4,"8,1",7
Apartamentos Sollana 18 Cerca de les Arts i les Ciencies Valencia- FREE WI-FI,5232423,NA,Valencia,1,1,€ 92,2019/10/29,2019/10/30,0,"8,2",7
NH Ciudad de Valencia,90729,NA,Valencia,1,1,€ 93,2019/10/29,2019/10/30,3,"8,1",7
Cozy apartment in Valencia! WI-FI !,4447072,NA,Valencia,1,1,NA,2019/10/29,2019/10/30,0,"9,4",7
El Palacete Gran Via,3483148,NA,Valencia,1,1,€ 98,2019/10/29,2019/10/30,0,"8,8",7
Flatsforyou Sorolla House,403442,NA,Valencia,1,1,€ 99,2019/10/29,2019/10/30,0,"8,6",7
Apartamento Alameda,1698817,NA,Valencia,1,1,NA,2019/10/29,2019/10/30,0,"9,5",7
Apartamentos Plaza Picasso,97063,NA,Valencia,1,1,€ 54,2019/10/29,2019/10/30,0,"8,5",7
VIVIENDA DISEÑO CON JARDÍN INTERIOR,4314054,NA,Valencia,1,1,NA,2019/10/29,2019/10/30,0,"9,7",7
Russafa Youth Hostel,345134,NA,Valencia,1,1,€ 54,2019/10/29,2019/10/30,0,"8,6",7
Casa del Patriarca,364834,NA,Valencia,1,1,€ 57,2019/10/29,2019/10/30,0,"8,9",7
Hotel Kramer,91106,NA,Valencia,1,1,€ 99,2019/10/29,2019/10/30,3,"8,8",7
Sercotel Sorolla Palace,93646,NA,Valencia,1,1,€ 99,2019/10/29,2019/10/30,4,"8,6",7
SKY TOURISTIC ATTIC,281640,NA,Valencia,1,1,€ 99,2019/10/29,2019/10/30,0,"8,5",7
NWT Central Station Apartments,3964093,NA,Valencia,1,1,€ 99,2019/10/29,2019/10/30,0,"8,2",7
Flatsforyou Las Arcadias,473415,NA,Valencia,1,1,€ 100,2019/10/29,2019/10/30,0,"8,4",7
Hotel Conqueridor,91047,NA,Valencia,1,1,€ 100,2019/10/29,2019/10/30,4,"8,3",7
Apartments Plaza Ayuntamiento,3506736,NA,Valencia,1,1,€ 101,2019/10/29,2019/10/30,0,"8,7",7
Jardín Botánico Hotel Boutique,93369,NA,Valencia,1,1,€ 101,2019/10/29,2019/10/30,3,"8,9",7
Les flors,3985046,NA,Valencia,1,1,€ 104,2019/10/29,2019/10/30,0,"8,7",7
Flats Piera Valencia Center,1490563,NA,Valencia,1,1,NA,2019/10/29,2019/10/30,0,"9,7",7
Hulot B&B Valencia,585429,NA,Valencia,1,1,€ 58,2019/10/29,2019/10/30,0,"8,5",7
Hotel Olympia Universidades,1301731,NA,Valencia,1,1,€ 58,2019/10/29,2019/10/30,3,"8,5",7
Luz de Valencia,2076095,NA,Valencia,1,1,€ 59,2019/10/29,2019/10/30,0,"8,8",7
Flatsforyou Mercat,1367507,NA,Valencia,1,1,€ 105,2019/10/29,2019/10/30,3,"8,9",7
Friendly Rentals Schubert,1634221,NA,Valencia,1,1,€ 105,2019/10/29,2019/10/30,0,"8,9",7
Marina Loft & Apartments,432326,NA,Valencia,1,1,€ 105,2019/10/29,2019/10/30,0,"8,6",7
Apartments Welcome to Valencia Peset Aleixandre 69,4964856,NA,Valencia,1,1,€ 104,2019/10/29,2019/10/30,0,"8,4",7
Flatsforyou Bonaire,455152,NA,Valencia,1,1,€ 105,2019/10/29,2019/10/30,0,"8,4",7
Balcón Al Mar,295109,NA,Valencia,1,1,€ 60,2019/10/29,2019/10/30,0,"8,5",7
Apartment Cabanyal,3172456,NA,Valencia,1,1,NA,2019/10/29,2019/10/30,0,"9,7",7
Sabía que venias!,3543756,NA,Valencia,1,1,€ 60,2019/10/29,2019/10/30,0,"8,6",7
Reina Rooms,4211140,NA,Valencia,1,1,€ 60,2019/10/29,2019/10/30,0,"8,9",7
Pio XII Apartments Valencia,402080,NA,Valencia,1,1,€ 63,2019/10/29,2019/10/30,0,"8,5",7
Friendly Rentals Ravel I,1634234,NA,Valencia,1,1,€ 105,2019/10/29,2019/10/30,0,"8,8",7
Friendly Rentals Brade,1918694,NA,Valencia,1,1,€ 105,2019/10/29,2019/10/30,0,"8,8",7
Buho House,3777691,NA,Valencia,1,1,€ 64,2019/10/29,2019/10/30,0,"8,5",7
Moon Valencia,3560698,NA,Valencia,1,1,€ 64,2019/10/29,2019/10/30,0,"8,8",7
Vincci Lys,91183,NA,Valencia,1,1,€ 143,2019/10/29,2019/10/30,4,"8,9",7
AC Hotel Colon Valencia,1117150,NA,Valencia,1,1,€ 146,2019/10/29,2019/10/30,4,"8,7",7
Cool Central Market,3424724,NA,Valencia,1,1,NA,2019/10/29,2019/10/30,0,"9,8",7
MIhotelitoespecial,3573906,NA,Valencia,1,1,€ 160,2019/10/29,2019/10/30,0,"8,6",7
SH Valencia Palace,91497,NA,Valencia,1,1,€ 160,2019/10/29,2019/10/30,5,"8,5",7
Ilunion Aqua 4,92777,NA,Valencia,1,1,€ 166,2019/10/29,2019/10/30,4,"8,6",7
Hotel Valencia Oceanic Managed by Melia Hotels International,91522,NA,Valencia,1,1,€ 167,2019/10/29,2019/10/30,4,"8,6",7
Select Home Mercado de Colón,2960845,NA,Valencia,1,1,€ 180,2019/10/29,2019/10/30,0,"8,9",7
Puerta de Serranos,2734333,NA,Valencia,1,1,€ 185,2019/10/29,2019/10/30,0,"8,9",7
Casa Chenano,4262208,NA,Valencia,1,1,NA,2019/10/29,2019/10/30,0,"9,6",7
The Westin Valencia,93321,NA,Valencia,1,1,€ 198,2019/10/29,2019/10/30,5,"8,7",7
One Shot Palacio Reina Victoria 04,90885,NA,Valencia,1,1,€ 199,2019/10/29,2019/10/30,4,"8,6",7
Canela`s Vintage Ruzafa Centro,4652584,NA,Valencia,1,1,€ 200,2019/10/29,2019/10/30,0,"8,5",7
Hospes Palau de La Mar,93823,NA,Valencia,1,1,€ 221,2019/10/29,2019/10/30,5,"8,8",7
Select Home Alma Palace,1381946,NA,Valencia,1,1,€ 265,2019/10/29,2019/10/30,0,"8,7",7
Melia Plaza Valencia,13270,NA,Valencia,1,1,€ 275,2019/10/29,2019/10/30,4,"8,9",7
Central Apartment in Valencia with WIFI + Parking.,4557920,NA,Valencia,1,1,NA,2019/10/29,2019/10/30,0,"9,6",7
SingularStays Parque Central,3054000,NA,Valencia,1,1,€ 278,2019/10/29,2019/10/30,0,"8,9",7
AC Hotel Valencia,91063,NA,Valencia,1,1,€ 347,2019/10/29,2019/10/30,4,"8,5",7
Habitación en valencia centro,5418023,NA,Valencia,1,1,€ 30,2019/10/29,2019/10/30,0,"8,3",7
Purple Nest Hostel,25278,NA,Valencia,1,1,€ 34,2019/10/29,2019/10/30,0,"8,2",7
Red Nest Hostel,92283,NA,Valencia,1,1,€ 36,2019/10/29,2019/10/30,0,"8,2",7
Center Valencia Youth Hostel,246931,NA,Valencia,1,1,€ 40,2019/10/29,2019/10/30,0,8,7
Glorieta,4217752,NA,Valencia,1,1,NA,2019/10/29,2019/10/30,0,"9,7",7
B&B Una Habitación Propia,1450279,NA,Valencia,1,1,€ 40,2019/10/29,2019/10/30,0,"8,2",7
B&B Hi Valencia Canovas,305349,NA,Valencia,1,1,€ 42,2019/10/29,2019/10/30,0,"8,4",7
Habitacion en Valencia,4861732,NA,Valencia,1,1,€ 45,2019/10/29,2019/10/30,0,"8,4",7
Habitacion en Valencia Barata,4861796,NA,Valencia,1,1,€ 45,2019/10/29,2019/10/30,0,"8,2",7
Pension MonaLisa Luxury Suites,3834224,NA,Valencia,1,1,€ 48,2019/10/29,2019/10/30,0,"8,2",7
