name,propertyId,propertyType,city,rooms,days,price,checkIn,checkOut,stars,score,advance
CASA MARQUES DE CARO,4472176,Apartamento,Valencia,1,1,€ 121,2019/10/10,2019/10/11,0,,7
The White Apartment: Luxury- Beach and Design,5631365,Apartamento,Valencia,1,1,€ 167,2019/10/10,2019/10/11,0,,7
MÍ casa YOUR HOME,3328967,Apartamento,Valencia,1,1,NA,2019/10/10,2019/10/11,0,"9,2",7
CATHEDRAL LUXURY TERRACE FLAT 2BR-2BA- A\C-Wifi,5263870,Apartamento,Valencia,1,1,€ 176,2019/10/10,2019/10/11,0,,7
Apartment Carrer Ernesto Che Guevara,5598848,Apartamentos,Valencia,1,1,€ 211,2019/10/10,2019/10/11,0,,7
"Flat ""Ca Alexandre""",3687859,Apartamento,Valencia,1,1,€ 240,2019/10/10,2019/10/11,0,,7
Apartment Carrer de Don Juan de Austria,5464038,Apartamentos,Valencia,1,1,€ 275,2019/10/10,2019/10/11,0,,7
Governor Residence,3799760,Apartahotel,Valencia,1,1,€ 600,2019/10/10,2019/10/11,0,,7
Apartamento con terraza,5238122,Apartahotel,Valencia,1,1,€ 770,2019/10/10,2019/10/11,0,,7
La Casa Chica del Carmen,2757078,Apartamento,Valencia,1,1,NA,2019/10/10,2019/10/11,0,"9,2",7
Gulet Why Not,5199364,NA,Valencia,1,1,€ 3.000,2019/10/10,2019/10/11,0,,7
Select Home Mercado de Colón,2960845,Apartamentos,Valencia,1,1,€ 170,2019/10/10,2019/10/11,0,"8,9",7
Canela`s Vintage Ruzafa Centro,4652584,Apartamento,Valencia,1,1,€ 170,2019/10/10,2019/10/11,0,"8,5",7
Colors Rooms,675839,NA,Valencia,1,1,NA,2019/10/10,2019/10/11,0,"9,5",7
Vincci Lys,91183,NA,Valencia,1,1,€ 176,2019/10/10,2019/10/11,4,"8,9",7
Vincci Palace,94163,NA,Valencia,1,1,€ 176,2019/10/10,2019/10/11,4,"8,6",7
Petit Palace Plaza de la Reina,90443,NA,Valencia,1,1,€ 179,2019/10/10,2019/10/11,3,"8,7",7
SH Valencia Palace,91497,NA,Valencia,1,1,€ 180,2019/10/10,2019/10/11,5,"8,5",7
SingularStays Parque Central,3054000,Apartamentos,Valencia,1,1,€ 254,2019/10/10,2019/10/11,0,"8,8",7
Hospes Palau de La Mar,93823,NA,Valencia,1,1,€ 358,2019/10/10,2019/10/11,5,"8,8",7
Ático Valencia Centro,4358939,Apartamento,Valencia,1,1,NA,2019/10/10,2019/10/11,0,"9,8",7
The Westin Valencia,93321,NA,Valencia,1,1,€ 955,2019/10/10,2019/10/11,5,"8,6",7
Center Valencia Youth Hostel,246931,NA,Valencia,1,1,€ 24,2019/10/10,2019/10/11,0,8,7
Habitación en valencia centro,5418023,NA,Valencia,1,1,€ 29,2019/10/10,2019/10/11,0,"8,4",7
Purple Nest Hostel,25278,NA,Valencia,1,1,€ 36,2019/10/10,2019/10/11,0,"8,2",7
Urban Youth Hostel,1163025,NA,Valencia,1,1,€ 20,2019/10/10,2019/10/11,0,"8,4",7
Habitacion en Valencia,4861732,NA,Valencia,1,1,€ 45,2019/10/10,2019/10/11,0,"8,2",7
L'Esplai Valencia Bed & Breakfast,1282556,NA,Valencia,1,1,NA,2019/10/10,2019/10/11,0,"9,5",7
Habitacion en Valencia Barata,4861796,NA,Valencia,1,1,€ 45,2019/10/10,2019/10/11,0,"8,1",7
Pension MonaLisa Luxury Suites,3834224,NA,Valencia,1,1,€ 48,2019/10/10,2019/10/11,0,"8,2",7
Apartamentos Rusafa,5604325,NA,Valencia,1,1,€ 50,2019/10/10,2019/10/11,0,"8,3",7
Aventura,5567318,Apartamentos,Valencia,1,1,€ 50,2019/10/10,2019/10/11,0,"8,2",7
Hotel Villacarlos,90730,NA,Valencia,1,1,€ 53,2019/10/10,2019/10/11,3,8,7
7 Moons Bed & Breakfast,464187,NA,Valencia,1,1,€ 53,2019/10/10,2019/10/11,0,"8,4",7
Espai One Santa Mónica,5471724,Apartamento,Valencia,1,1,NA,2019/10/10,2019/10/11,0,"9,8",7
B&B Hi Valencia Canovas,305349,NA,Valencia,1,1,€ 55,2019/10/10,2019/10/11,0,"8,3",7
Dormavalencia Hostel Regne,291755,NA,Valencia,1,1,€ 56,2019/10/10,2019/10/11,1,8,7
Tryp Valencia Feria,92852,NA,Valencia,1,1,€ 59,2019/10/10,2019/10/11,4,"8,3",7
Hostal Abastos,257057,NA,Valencia,1,1,€ 60,2019/10/10,2019/10/11,2,"8,2",7
Coroa Malvarrosa,1638172,Apartamentos,Valencia,1,1,€ 61,2019/10/10,2019/10/11,0,"8,2",7
Malvarrosa Beach Rooms,314048,NA,Valencia,1,1,€ 75,2019/10/10,2019/10/11,2,7,7
Valencia Apartmans El Carmen,847910,Apartamentos,Valencia,1,1,€ 83,2019/10/10,2019/10/11,0,"7,4",7
SingularStays Plaza Redonda,1551343,Apartamento,Valencia,1,1,NA,2019/10/10,2019/10/11,0,"9,2",7
Avenida Cid,3633322,Apartamento,Valencia,1,1,€ 87,2019/10/10,2019/10/11,0,"7,3",7
Premium Apartments,486507,Apartamentos,Valencia,1,1,€ 89,2019/10/10,2019/10/11,0,7,7
NWT Monserrat,3728842,Apartamentos,Valencia,1,1,€ 92,2019/10/10,2019/10/11,0,7,7
La Casa dei Fiori,2849727,Apartamento,Valencia,1,1,€ 97,2019/10/10,2019/10/11,0,"7,2",7
Accommodation Beach Apartments,1001766,Apartamentos,Valencia,1,1,€ 120,2019/10/10,2019/10/11,0,"7,2",7
Select Home Catedral,440778,Apartamentos,Valencia,1,1,€ 140,2019/10/10,2019/10/11,0,"7,1",7
MOM La Punta,3105661,NA,Valencia,1,1,NA,2019/10/10,2019/10/11,0,"9,4",7
Select Home Town Hall,1648016,Apartamentos,Valencia,1,1,€ 170,2019/10/10,2019/10/11,0,"7,4",7
Best Valencia Beach Flat,3246772,Apartamento,Valencia,1,1,€ 192,2019/10/10,2019/10/11,0,"7,1",7
MD Villalonga Malvarosa Beach,3739661,Apartamento,Valencia,1,1,€ 490,2019/10/10,2019/10/11,0,"7,1",7
Guest House Lebon,3124256,NA,Valencia,1,1,€ 29,2019/10/10,2019/10/11,0,"6,8",7
Apartment Valencia Denia,1968489,Apartamentos,Valencia,1,1,€ 49,2019/10/10,2019/10/11,0,"6,7",7
Ruzafa Rooms,2891693,NA,Valencia,1,1,€ 50,2019/10/10,2019/10/11,0,"6,9",7
Mediterranean Flats Plaza Redonda,4086496,Apartamentos,Valencia,1,1,NA,2019/10/10,2019/10/11,0,"9,2",7
central station valencia,2414838,Apartamentos,Valencia,1,1,€ 65,2019/10/10,2019/10/11,0,"6,9",7
Casita Esmeralda,2040126,Casa o chalet,Valencia,1,1,€ 114,2019/10/10,2019/10/11,0,"6,5",7
Select Home Boutique Center,387770,Apartamentos,Valencia,1,1,€ 230,2019/10/10,2019/10/11,0,"6,9",7
Fun and Sun Center 2,2944416,NA,Valencia,1,1,€ 36,2019/10/10,2019/10/11,0,"6,1",7
Carrer del Bisbe Jaume Pérez,4900140,NA,Valencia,1,1,€ 60,2019/10/10,2019/10/11,0,6,7
RoomTuristValencia - Ruzafa,4608394,NA,Valencia,1,1,€ 29,2019/10/10,2019/10/11,0,"5,5",7
COZY APARTMENT VALENCIA BEACHFRONT!,3128516,Apartamento,Valencia,1,1,NA,2019/10/10,2019/10/11,0,"9,4",7
Guest House Higinio Noja,2845935,NA,Valencia,1,1,€ 29,2019/10/10,2019/10/11,0,"5,9",7
Ruzafa Guesthouse,2269176,NA,Valencia,1,1,€ 35,2019/10/10,2019/10/11,0,"5,6",7
Oliver,4865093,NA,Valencia,1,1,€ 63,2019/10/10,2019/10/11,0,"5,5",7
Valencia B&B,2658386,NA,Valencia,1,1,€ 89,2019/10/10,2019/10/11,0,"5,5",7
sueñavalencia,5603844,NA,Valencia,1,1,€ 95,2019/10/10,2019/10/11,0,"5,9",7
Pintor Salvador Abril 24 Apartment,3249845,Apartamento,Valencia,1,1,€ 126,2019/10/10,2019/10/11,0,9,7
United Colors of Apartments Boutique Style,5372347,Apartamentos,Valencia,1,1,€ 79,2019/10/10,2019/10/11,0,"9,5",7
Hostal Antigua Morellana,1273937,NA,Valencia,1,1,€ 80,2019/10/10,2019/10/11,1,"9,5",7
MerKat-Abastos,1231196,Apartamento,Valencia,1,1,NA,2019/10/10,2019/10/11,0,"9,7",7
Live in Chianti Apartaments,2882632,Apartamentos,Valencia,1,1,€ 128,2019/10/10,2019/10/11,0,"9,1",7
RUZAFA- CENTRO-A/C- WI-FI- PARKING,2885994,Apartamento,Valencia,1,1,NA,2019/10/10,2019/10/11,0,"9,7",7
Friendly Rentals Torrealba,1634243,Apartamento,Valencia,1,1,€ 134,2019/10/10,2019/10/11,0,"9,3",7
Valenciaflats Centro Ciudad,18544,Apartamentos,Valencia,1,1,€ 135,2019/10/10,2019/10/11,0,"9,2",7
Hogar Vera Apartments&Bikes,1807919,Apartamentos,Valencia,1,1,€ 138,2019/10/10,2019/10/11,0,"9,3",7
Opera House Valencia B&B,3533887,NA,Valencia,1,1,€ 92,2019/10/10,2019/10/11,0,"9,5",7
Oceanografic Apartment,4903549,Apartamento,Valencia,1,1,€ 100,2019/10/10,2019/10/11,0,"9,5",7
Casa La Buhardilla,2985364,Apartamento,Valencia,1,1,€ 115,2019/10/10,2019/10/11,0,"9,6",7
Apartamentos Wallace,1698355,Apartamentos,Valencia,1,1,€ 140,2019/10/10,2019/10/11,0,"9,2",7
One Shot Mercat 09,2274203,NA,Valencia,1,1,€ 149,2019/10/10,2019/10/11,4,"9,1",7
Ramirez Flats & Bar,4124528,Apartahotel,Valencia,1,1,€ 120,2019/10/10,2019/10/11,0,"9,5",7
Apartments Downtown Valencia,2250421,Apartamentos,Valencia,1,1,€ 130,2019/10/10,2019/10/11,0,"9,6",7
Sweet Caroline Apartment,1811784,Apartamento,Valencia,1,1,€ 150,2019/10/10,2019/10/11,0,"9,2",7
Charming Ninetta,3220582,Apartamento,Valencia,1,1,NA,2019/10/10,2019/10/11,0,"9,5",7
B BEACH VALENCIA,5125954,Apartamento,Valencia,1,1,€ 150,2019/10/10,2019/10/11,0,"9,1",7
Duplex en Blasco Ibáñez,3672426,Apartamento,Valencia,1,1,€ 155,2019/10/10,2019/10/11,0,"9,1",7
Edificio Pentagono,4673669,Apartamento,Valencia,1,1,€ 155,2019/10/10,2019/10/11,0,"9,1",7
Friendly Rentals Boyvin,1923141,Apartamento,Valencia,1,1,€ 156,2019/10/10,2019/10/11,0,"9,3",7
Homelirose Apartaments,3140406,Apartamento,Valencia,1,1,€ 162,2019/10/10,2019/10/11,0,"9,3",7
NH Collection Colón Valencia,3828811,NA,Valencia,1,1,€ 175,2019/10/10,2019/10/11,4,"9,2",7
Apartment Cisneros 2,2361375,Apartamento,Valencia,1,1,NA,2019/10/10,2019/10/11,0,"9,7",7
Hi Valencia Apartments - Jorge Juan,2373701,Apartamento,Valencia,1,1,€ 175,2019/10/10,2019/10/11,0,"9,4",7
Disfruta - Enjoy Valencia Ayuntamiento,4901194,Apartamento,Valencia,1,1,€ 169,2019/10/10,2019/10/11,0,"9,6",7
Casa Vich,4457634,Apartamento,Valencia,1,1,NA,2019/10/10,2019/10/11,0,"9,6",7
Disfruta - Enjoy Valencia Centre,3881970,Apartamento,Valencia,1,1,€ 185,2019/10/10,2019/10/11,0,"9,7",7
Disfruta - Enjoy Valencia Oceanografic,4121345,Apartamento,Valencia,1,1,€ 199,2019/10/10,2019/10/11,0,"9,6",7
Zerka Sendra,4657122,Apartamento,Valencia,1,1,€ 179,2019/10/10,2019/10/11,0,9,7
Apartamentos La más Bonita,2816245,Apartamentos,Valencia,1,1,€ 180,2019/10/10,2019/10/11,0,"9,1",7
Old Fisherman's House in Malvarrosa Beach,3618172,Apartamento,Valencia,1,1,€ 187,2019/10/10,2019/10/11,0,"9,4",7
Loft Superior el Carmen,2784473,Apartamento,Valencia,1,1,€ 209,2019/10/10,2019/10/11,0,"9,2",7
Casa Calle Conquista,4691493,Apartamento,Valencia,1,1,€ 240,2019/10/10,2019/10/11,0,"9,6",7
MARQUÉS HOUSE 4* SUP,2118880,NA,Valencia,1,1,€ 259,2019/10/10,2019/10/11,4,"9,4",7
Cantagua Hostel,4074640,NA,Valencia,1,1,€ 42,2019/10/10,2019/10/11,0,"9,1",7
Vincci Mercat,1279484,NA,Valencia,1,1,€ 220,2019/10/10,2019/10/11,4,9,7
Apartamento,3139431,Apartamento,Valencia,1,1,NA,2019/10/10,2019/10/11,0,"9,5",7
MYR Hotel Plaza Mercado & Spa,1619029,Apartahotel,Valencia,1,1,€ 229,2019/10/10,2019/10/11,0,"9,2",7
Ca Carmela,2466364,Casa o chalet,Valencia,1,1,€ 252,2019/10/10,2019/10/11,0,"9,1",7
YOU & CO. Saler Beach Boutique,4533007,NA,Valencia,1,1,€ 50,2019/10/10,2019/10/11,3,9,7
Bruno Apartment,2715023,Apartamento,Valencia,1,1,NA,2019/10/10,2019/10/11,0,"9,7",7
Florista's Room en Valencia,5502152,NA,Valencia,1,1,€ 56,2019/10/10,2019/10/11,0,"9,1",7
Habitación privada a 1500 metros de la playa,3789910,NA,Valencia,1,1,€ 60,2019/10/10,2019/10/11,0,"9,2",7
Ilunion Valencia 3,92818,NA,Valencia,1,1,€ 61,2019/10/10,2019/10/11,3,"7,9",7
OYO Pensión El Rincón,476031,NA,Valencia,1,1,€ 62,2019/10/10,2019/10/11,1,"7,6",7
Cozy apartment in Valencia center,3402135,Apartamentos,Valencia,1,1,€ 260,2019/10/10,2019/10/11,0,"9,2",7
Hotel Boutique Balandret,1281710,NA,Valencia,1,1,€ 286,2019/10/10,2019/10/11,3,"9,2",7
Las Arenas Balneario Resort,91144,NA,Valencia,1,1,€ 316,2019/10/10,2019/10/11,5,9,7
Rooms Ciencias,94126,NA,Valencia,1,1,€ 75,2019/10/10,2019/10/11,0,9,7
City Garden Bed and Breakfast,2204361,NA,Valencia,1,1,€ 76,2019/10/10,2019/10/11,0,"9,4",7
Apartamentos Edificio Palomar,189277,Apartamentos,Valencia,1,1,€ 85,2019/10/10,2019/10/11,0,"9,2",7
Original Domino House,5434091,NA,Valencia,1,1,€ 87,2019/10/10,2019/10/11,0,"9,2",7
La seda stay,3335523,Apartamento,Valencia,1,1,NA,2019/10/10,2019/10/11,0,"9,7",7
Loft zona Pechina en Valencia centro,2524985,Apartamento,Valencia,1,1,€ 88,2019/10/10,2019/10/11,0,"9,1",7
Mr Flats Valencia,2232363,Apartamentos,Valencia,1,1,NA,2019/10/10,2019/10/11,0,9,7
Hotel Turia,14441,NA,Valencia,1,1,€ 65,2019/10/10,2019/10/11,4,"7,5",7
B&B Hotel Valencia Ciudad de las Ciencias,92242,NA,Valencia,1,1,€ 65,2019/10/10,2019/10/11,3,"7,5",7
City Center Apartments,4426057,Apartamentos,Valencia,1,1,€ 68,2019/10/10,2019/10/11,0,"7,8",7
RUZAFA. Nice apartment and Terrace.,4368595,Apartamento,Valencia,1,1,€ 90,2019/10/10,2019/10/11,0,"9,3",7
Nest Style Valencia,5219046,NA,Valencia,1,1,€ 92,2019/10/10,2019/10/11,3,"9,4",7
Hostal Venecia,92883,NA,Valencia,1,1,€ 93,2019/10/10,2019/10/11,2,"9,1",7
Maritimo Apartment,3615826,Apartamento,Valencia,1,1,€ 68,2019/10/10,2019/10/11,0,"7,7",7
Expo Hotel Valencia,91223,NA,Valencia,1,1,€ 68,2019/10/10,2019/10/11,3,"7,6",7
United Colors of Studios - Mercado Central,2574108,Apartamentos,Valencia,1,1,€ 69,2019/10/10,2019/10/11,0,"7,8",7
Apartments Madrina,3278589,Apartamentos,Valencia,1,1,NA,2019/10/10,2019/10/11,0,"8,9",7
Valenciaflats Ciudad de las Ciencias,93676,Apartamentos,Valencia,1,1,€ 95,2019/10/10,2019/10/11,0,"9,1",7
Flatsforyou Las Arcadias,473415,Apartamentos,Valencia,1,1,€ 90,2019/10/10,2019/10/11,0,"8,4",7
Apartamento Angel Alcazar 35,2174625,Apartamento,Valencia,1,1,€ 75,2019/10/10,2019/10/11,0,"7,5",7
Jero Rooms,296743,NA,Valencia,1,1,€ 77,2019/10/10,2019/10/11,0,"7,7",7
SHF Plaza de la Reina,1682520,Apartamentos,Valencia,1,1,€ 84,2019/10/10,2019/10/11,0,"7,8",7
El 16 Ruzafa,865461,Apartamentos,Valencia,1,1,€ 89,2019/10/10,2019/10/11,0,"7,7",7
Patacona Green Flats,292996,Apartamentos,Valencia,1,1,€ 94,2019/10/10,2019/10/11,0,"7,6",7
Suites by Eric Olsan (L),4287413,Apartamentos,Valencia,1,1,€ 94,2019/10/10,2019/10/11,0,"7,6",7
Casa alta del mar,2542826,Apartamento,Valencia,1,1,NA,2019/10/10,2019/10/11,0,"9,2",7
Suites by Eric Olsan (Peset),4726296,Apartamentos,Valencia,1,1,€ 94,2019/10/10,2019/10/11,0,"7,6",7
El Globo,24498,NA,Valencia,1,1,€ 96,2019/10/10,2019/10/11,1,"7,8",7
Checkin Valencia,93743,NA,Valencia,1,1,€ 98,2019/10/10,2019/10/11,4,"7,8",7
YourPlace Apartments,2896608,Apartamentos,Valencia,1,1,€ 98,2019/10/10,2019/10/11,0,"7,6",7
Kirei Apartment Calgary,4768322,Apartamento,Valencia,1,1,€ 99,2019/10/10,2019/10/11,0,"7,6",7
Casual de las Artes Valencia,538056,NA,Valencia,1,1,€ 90,2019/10/10,2019/10/11,3,"8,4",7
VIVIENDA DISEÑO CON JARDÍN INTERIOR,4314054,Apartamento,Valencia,1,1,NA,2019/10/10,2019/10/11,0,"9,7",7
Red Nest Hostel,92283,NA,Valencia,1,1,€ 91,2019/10/10,2019/10/11,0,"8,2",7
SHF Flats Baron,1033085,Apartamentos,Valencia,1,1,€ 95,2019/10/10,2019/10/11,0,8,7
Reina's Apartment,2130930,Apartamentos,Valencia,1,1,€ 98,2019/10/10,2019/10/11,0,"8,3",7
Patacona Resort Apartments,189782,Apartamentos,Valencia,1,1,€ 100,2019/10/10,2019/10/11,0,"7,8",7
Apartamento Valencia Ciudad de las Ciencias,4682746,Apartamento,Valencia,1,1,NA,2019/10/10,2019/10/11,0,"9,3",7
Catedral Reina Apartaments,5348651,Apartamentos,Valencia,1,1,€ 112,2019/10/10,2019/10/11,0,"7,5",7
STYLISH APARTMENT - CITY CENTER,2861517,Apartamento,Valencia,1,1,€ 114,2019/10/10,2019/10/11,0,"7,8",7
Habitacion Doble Homestay,4037073,NA,Valencia,1,1,€ 128,2019/10/10,2019/10/11,0,"7,8",7
NWT Central Station Apartments,3964093,Apartamento,Valencia,1,1,€ 99,2019/10/10,2019/10/11,0,"8,2",7
Sweet Hotel Continental,93856,NA,Valencia,1,1,€ 99,2019/10/10,2019/10/11,2,"8,3",7
Hotel Medium Valencia,96838,NA,Valencia,1,1,€ 99,2019/10/10,2019/10/11,4,"8,2",7
Olympia Flats,4212801,NA,Valencia,1,1,NA,2019/10/10,2019/10/11,0,"9,7",7
Spain Host Valencia- Plaza del Ayuntamiento,2257049,Apartamentos,Valencia,1,1,€ 200,2019/10/10,2019/10/11,0,"7,5",7
Casual de la Música Valencia,273130,NA,Valencia,1,1,€ 254,2019/10/10,2019/10/11,2,"7,5",7
Valenciaflats Torres de Serrano,17468,Apartamentos,Valencia,1,1,€ 99,2019/10/10,2019/10/11,0,"8,3",7
NH Valencia Las Artes,90731,NA,Valencia,1,1,€ 99,2019/10/10,2019/10/11,4,"8,4",7
Holiday Inn Express Ciudad de las Ciencias,96737,NA,Valencia,1,1,€ 99,2019/10/10,2019/10/11,3,8,7
Apartamentos Dormavalencia,4450983,Apartamentos,Valencia,1,1,€ 100,2019/10/10,2019/10/11,0,"8,3",7
Dreams Rental Valencia Catedral,1541067,Apartamentos,Valencia,1,1,€ 100,2019/10/10,2019/10/11,0,"8,2",7
Reina 12,1684198,NA,Valencia,1,1,€ 100,2019/10/10,2019/10/11,0,"8,2",7
VALENCIA APARTAMENTO GOYA GRAN TERRAZA,4660558,Apartamentos,Valencia,1,1,NA,2019/10/10,2019/10/11,0,"9,6",7
Ilunion Aqua 3,92776,NA,Valencia,1,1,€ 103,2019/10/10,2019/10/11,3,"8,3",7
Primus Valencia,331871,NA,Valencia,1,1,€ 114,2019/10/10,2019/10/11,4,"8,3",7
Apartamentos Sollana 18 Cerca de les Arts i les Ciencies Valencia- FREE WI-FI,5232423,Apartamento,Valencia,1,1,€ 114,2019/10/10,2019/10/11,0,"8,2",7
Friendly Rentals Puerto Deportivo,2317861,Apartamentos,Valencia,1,1,€ 114,2019/10/10,2019/10/11,0,"8,2",7
Senator Parque Central Hotel,274963,NA,Valencia,1,1,€ 114,2019/10/10,2019/10/11,4,"8,1",7
NH Valencia Center,90727,NA,Valencia,1,1,€ 115,2019/10/10,2019/10/11,4,"8,3",7
Moderno Apartamento en la playa del Cabanyal,3432824,Apartamento,Valencia,1,1,NA,2019/10/10,2019/10/11,0,"9,6",7
Welcome Platanos 13 Valencia Beautiful apartments with terrace,5095795,Apartamento,Valencia,1,1,€ 119,2019/10/10,2019/10/11,0,"8,1",7
Apartamento frente al mar,3060802,Apartamento,Valencia,1,1,€ 128,2019/10/10,2019/10/11,0,"8,3",7
Zerka Centro,4425975,Apartamentos,Valencia,1,1,€ 129,2019/10/10,2019/10/11,0,"8,3",7
Hotel Conqueridor,91047,NA,Valencia,1,1,€ 130,2019/10/10,2019/10/11,4,"8,4",7
Old Town Flats Casa Burguerini,4552106,Apartamentos,Valencia,1,1,€ 136,2019/10/10,2019/10/11,0,"8,1",7
APARTAMENTO LAS MELLIZAS,4651578,NA,Valencia,1,1,€ 44,2019/10/10,2019/10/11,0,"8,5",7
Apartamentos Plaza Picasso,97063,Apartamentos,Valencia,1,1,€ 89,2019/10/10,2019/10/11,0,"8,5",7
Luxury Center Plaza Redonda,5138960,Apartamento,Valencia,1,1,NA,2019/10/10,2019/10/11,0,"9,6",7
Soho Valencia,1538641,Apartahotel,Valencia,1,1,€ 89,2019/10/10,2019/10/11,0,"8,9",7
Living Valencia - Patacona Beach 56,3718985,Apartamentos,Valencia,1,1,€ 90,2019/10/10,2019/10/11,0,"8,8",7
BUBUFLATS / Mercat,783206,Apartamentos,Valencia,1,1,€ 90,2019/10/10,2019/10/11,0,"8,9",7
BUBUFLATS Mossén,1141763,Apartamentos,Valencia,1,1,€ 90,2019/10/10,2019/10/11,0,"8,9",7
SHF GRANADA,4747836,Apartamento,Valencia,1,1,€ 90,2019/10/10,2019/10/11,0,"8,7",7
Hotel El Siglo,1741479,NA,Valencia,1,1,€ 90,2019/10/10,2019/10/11,3,"8,5",7
Luxury Beach House,3602594,Casa o chalet,Valencia,1,1,NA,2019/10/10,2019/10/11,0,"9,7",7
Casa del Patriarca,364834,NA,Valencia,1,1,€ 90,2019/10/10,2019/10/11,0,"8,9",7
Suites by Eric Olsan (Florista),4726450,Apartamentos,Valencia,1,1,€ 93,2019/10/10,2019/10/11,0,"8,6",7
Casual del Cine Valencia,572187,NA,Valencia,1,1,€ 94,2019/10/10,2019/10/11,2,"8,6",7
Perla Apartments,3146781,Apartamentos,Valencia,1,1,€ 95,2019/10/10,2019/10/11,0,"8,7",7
El Palacete Gran Via,3483148,NA,Valencia,1,1,€ 96,2019/10/10,2019/10/11,0,,7
Valenciaflats Centro Histórico,94781,Apartamentos,Valencia,1,1,€ 99,2019/10/10,2019/10/11,0,"8,7",7
City Valencia Beach 360,4504803,Apartamento,Valencia,1,1,NA,2019/10/10,2019/10/11,0,"9,6",7
Welcomer Apartments Valencia,19363,Apartamentos,Valencia,1,1,€ 102,2019/10/10,2019/10/11,0,"8,7",7
ValentiaApartments - MercadoCentral,4185241,Apartamentos,Valencia,1,1,€ 103,2019/10/10,2019/10/11,0,"8,8",7
Hotel Dimar,90886,NA,Valencia,1,1,€ 108,2019/10/10,2019/10/11,4,"8,7",7
Casual Vintage Valencia,1710241,NA,Valencia,1,1,€ 109,2019/10/10,2019/10/11,2,"8,6",7
ABCyou Bed&Breakfast,189207,NA,Valencia,1,1,€ 109,2019/10/10,2019/10/11,0,"8,5",7
Flatsforyou Mercat,1367507,Apartamentos,Valencia,1,1,€ 110,2019/10/10,2019/10/11,3,"8,9",7
Travel Habitat Ático Ciutat Vella.,3264750,Apartamento,Valencia,1,1,NA,2019/10/10,2019/10/11,0,"9,5",7
SKY TOURISTIC ATTIC,281640,Apartamentos,Valencia,1,1,€ 110,2019/10/10,2019/10/11,0,"8,5",7
Friendly Rentals Schubert,1634221,Apartamentos,Valencia,1,1,€ 114,2019/10/10,2019/10/11,0,"8,9",7
City of Arts,3031480,Apartamento,Valencia,1,1,€ 115,2019/10/10,2019/10/11,0,"8,7",7
Hotel Valencia Oceanic Managed by Melia Hotels International,91522,NA,Valencia,1,1,€ 118,2019/10/10,2019/10/11,4,"8,6",7
Apartamentos Valencia - Brazil 31 Free WiFi,4948554,Apartamento,Valencia,1,1,€ 118,2019/10/10,2019/10/11,0,"8,9",7
