name,propertyId,propertyType,city,rooms,days,price,checkIn,checkOut,stars,score,advance
Colors Rooms,675839,NA,Valencia,1,1,€ 45,2020/01/24,2020/01/25,0,"9,5",90
Lindala,5250762,NA,Valencia,1,1,€ 54,2020/01/24,2020/01/25,0,"9,6",90
Valencia Apartamentos Goya,4256653,NA,Valencia,1,1,NA,2020/01/24,2020/01/25,0,10,90
Piso en Playa de Valencia,5533098,NA,Valencia,1,1,€ 70,2020/01/24,2020/01/25,0,"9,5",90
CENTER-Modern 2BR- 2BA-TERRACE- WI-FI- A/C,5241769,NA,Valencia,1,1,€ 125,2020/01/24,2020/01/25,0,,90
Suit AVE (Valencia),5726860,NA,Valencia,1,1,€ 130,2020/01/24,2020/01/25,0,,90
Travel Habitat Mestalla,3511341,NA,Valencia,1,1,NA,2020/01/24,2020/01/25,0,"8,2",90
NEW! Apartamento Ciudad de las Artes,5733189,NA,Valencia,1,1,€ 155,2020/01/24,2020/01/25,0,,90
Ramirez Flats & Bar,4124528,NA,Valencia,1,1,€ 89,2020/01/24,2020/01/25,0,"9,5",90
LOFT apartamento duplex en Valencia con parking gratis,5519008,NA,Valencia,1,1,€ 90,2020/01/24,2020/01/25,0,"9,9",90
Calle de Frederica Montseny 'Política' Casa o chalet,5152866,NA,Valencia,1,1,€ 95,2020/01/24,2020/01/25,0,"9,6",90
The White Apartment: Luxury- Beach and Design,5631365,NA,Valencia,1,1,€ 167,2020/01/24,2020/01/25,0,,90
Casa Del Sueno,4292899,NA,Valencia,1,1,€ 173,2020/01/24,2020/01/25,0,,90
Villa Vista,4292942,NA,Valencia,1,1,€ 173,2020/01/24,2020/01/25,0,,90
Apartment Passeig de la Petxina,5695771,NA,Valencia,1,1,€ 195,2020/01/24,2020/01/25,0,,90
VALENCIA PALACE,5739475,NA,Valencia,1,1,€ 199,2020/01/24,2020/01/25,4,,90
Living Valencia - Corregeria,3972561,NA,Valencia,1,1,NA,2020/01/24,2020/01/25,0,"8,3",90
Apartment Carrer Ernesto Che Guevara,5598848,NA,Valencia,1,1,€ 211,2020/01/24,2020/01/25,0,,90
Apartment Carrer de Don Juan de Austria,5464038,NA,Valencia,1,1,€ 279,2020/01/24,2020/01/25,0,,90
LACASAMALVA1 PLAYA DE VALENCIA,5679960,NA,Valencia,1,1,€ 298,2020/01/24,2020/01/25,0,,90
Apartment Carrer de Josep Aguirre,5646705,NA,Valencia,1,1,€ 608,2020/01/24,2020/01/25,0,,90
Casa La Buhardilla,2985364,NA,Valencia,1,1,€ 97,2020/01/24,2020/01/25,0,"9,6",90
ÁTICO EN EL CENTRO DE VALENCIA VT-45939-T,4752815,NA,Valencia,1,1,€ 100,2020/01/24,2020/01/25,0,"9,6",90
Cómoda habitación Valencia,4200488,NA,Valencia,1,1,NA,2020/01/24,2020/01/25,0,"9,6",90
Ciudad Ciencias- Lujo- Parking- Wi-Fi.,4999636,NA,Valencia,1,1,€ 100,2020/01/24,2020/01/25,0,"9,8",90
Hotel Cosmo,4838858,NA,Valencia,1,1,€ 102,2020/01/24,2020/01/25,3,"9,9",90
Valencian Dreams Lonja,4757385,NA,Valencia,1,1,€ 102,2020/01/24,2020/01/25,0,"9,8",90
MARQUÉS HOUSE 4* SUP,2118880,NA,Valencia,1,1,€ 119,2020/01/24,2020/01/25,4,"9,4",90
Apartments Downtown Valencia,2250421,NA,Valencia,1,1,€ 130,2020/01/24,2020/01/25,0,"9,6",90
Olympia Flats,4212801,NA,Valencia,1,1,€ 90,2020/01/24,2020/01/25,0,"9,7",90
Valencia what else...,2550483,NA,Valencia,1,1,NA,2020/01/24,2020/01/25,0,"9,5",90
Casa Calle Conquista,4691493,NA,Valencia,1,1,€ 240,2020/01/24,2020/01/25,0,"9,6",90
MD PASEO RUZAFA CENTER,5374850,NA,Valencia,1,1,€ 1.030,2020/01/24,2020/01/25,0,"9,6",90
Cantagua Hostel,4074640,NA,Valencia,1,1,€ 44,2020/01/24,2020/01/25,0,"9,1",90
Habitación privada a 1500 metros de la playa,3789910,NA,Valencia,1,1,€ 60,2020/01/24,2020/01/25,0,"9,3",90
Host & Home,1663785,NA,Valencia,1,1,€ 64,2020/01/24,2020/01/25,0,9,90
Rooms Ciencias,94126,NA,Valencia,1,1,€ 65,2020/01/24,2020/01/25,0,9,90
Atico Loft Ruzafa,3152977,NA,Valencia,1,1,NA,2020/01/24,2020/01/25,0,"9,7",90
Bianca,4232781,NA,Valencia,1,1,€ 69,2020/01/24,2020/01/25,0,9,90
Apartamento bianca,3205847,NA,Valencia,1,1,€ 74,2020/01/24,2020/01/25,0,"9,1",90
Hostal Venecia,92883,NA,Valencia,1,1,€ 74,2020/01/24,2020/01/25,2,"9,1",90
Hotel Boutique Balandret,1281710,NA,Valencia,1,1,€ 76,2020/01/24,2020/01/25,3,"9,2",90
Blanq Comedias,4922002,NA,Valencia,1,1,€ 77,2020/01/24,2020/01/25,0,9,90
Hotel Conqueridor,91047,NA,Valencia,1,1,€ 81,2020/01/24,2020/01/25,4,"8,4",90
Casual de las Artes Valencia,538056,NA,Valencia,1,1,€ 81,2020/01/24,2020/01/25,3,"8,4",90
La Roqueta,2652492,NA,Valencia,1,1,NA,2020/01/24,2020/01/25,0,"8,7",90
Primus Valencia,331871,NA,Valencia,1,1,€ 84,2020/01/24,2020/01/25,4,"8,3",90
Hotel Valencia Center,91285,NA,Valencia,1,1,€ 84,2020/01/24,2020/01/25,4,"8,4",90
APARTAMENTO LAS MELLIZAS,4651578,NA,Valencia,1,1,€ 49,2020/01/24,2020/01/25,0,"8,3",90
Valenciaflats Torres de Serrano,17468,NA,Valencia,1,1,€ 87,2020/01/24,2020/01/25,0,"8,3",90
NH Valencia Center,90727,NA,Valencia,1,1,€ 93,2020/01/24,2020/01/25,4,"8,3",90
United Colors of Apartments - Catedral,1301545,NA,Valencia,1,1,€ 98,2020/01/24,2020/01/25,0,"8,2",90
Living Valencia - Malvarrosa Beach,3555919,NA,Valencia,1,1,NA,2020/01/24,2020/01/25,0,"8,6",90
La Casa,3758586,NA,Valencia,1,1,€ 105,2020/01/24,2020/01/25,0,"8,3",90
Eurostars Gran Valencia,90484,NA,Valencia,1,1,€ 107,2020/01/24,2020/01/25,4,"8,4",90
Apartamento Torres,3654194,NA,Valencia,1,1,€ 110,2020/01/24,2020/01/25,0,"8,3",90
Welcome Platanos 13 Valencia Beautiful apartments with terrace,5095795,NA,Valencia,1,1,€ 129,2020/01/24,2020/01/25,0,"8,1",90
Ilunion Aqua 3,92776,NA,Valencia,1,1,€ 130,2020/01/24,2020/01/25,3,"8,3",90
Apartments Welcome to Valencia Peset Aleixandre 69,4964856,NA,Valencia,1,1,€ 130,2020/01/24,2020/01/25,0,"8,4",90
Bonaire Apartment,2966460,NA,Valencia,1,1,NA,2020/01/24,2020/01/25,0,"8,8",90
Casa los Peces,3234194,NA,Valencia,1,1,€ 170,2020/01/24,2020/01/25,0,"8,2",90
Loft el Carmen amazing views,4932621,NA,Valencia,1,1,€ 170,2020/01/24,2020/01/25,0,"8,1",90
Vlc Apartaments el Carmen,389902,NA,Valencia,1,1,€ 187,2020/01/24,2020/01/25,0,"8,3",90
Zerka Centro,4425975,NA,Valencia,1,1,€ 199,2020/01/24,2020/01/25,0,"8,4",90
New Trendy apartment,2426154,NA,Valencia,1,1,€ 110,2020/01/24,2020/01/25,0,"8,6",90
Apartments Plaza Ayuntamiento,3506736,NA,Valencia,1,1,€ 115,2020/01/24,2020/01/25,0,"8,7",90
Total Valencia Lonja,2263771,NA,Valencia,1,1,NA,2020/01/24,2020/01/25,0,"9,2",90
Tranquilo Apartamento En Plaza Cisneros,3127388,NA,Valencia,1,1,€ 122,2020/01/24,2020/01/25,0,"8,8",90
El Coral Apartment Valencia,3606766,NA,Valencia,1,1,€ 122,2020/01/24,2020/01/25,0,"8,7",90
ApartUP Patacona Beach I,1712452,NA,Valencia,1,1,€ 124,2020/01/24,2020/01/25,0,"8,8",90
Apartamentos Valencia - Brazil 31 Free WiFi,4948554,NA,Valencia,1,1,€ 125,2020/01/24,2020/01/25,0,"8,8",90
Cathedral Suites Hotel,1736257,NA,Valencia,1,1,€ 129,2020/01/24,2020/01/25,4,"8,9",90
Ilunion Valencia 4,754329,NA,Valencia,1,1,€ 202,2020/01/24,2020/01/25,4,"8,1",90
Malvarrosa Calle Pavia,3608764,NA,Valencia,1,1,€ 271,2020/01/24,2020/01/25,0,8,90
Living Valencia - Parterre,3830646,NA,Valencia,1,1,NA,2020/01/24,2020/01/25,0,"8,5",90
NWT Central Station Apartments,3964093,NA,Valencia,1,1,€ 300,2020/01/24,2020/01/25,0,"8,2",90
Up Town,2244083,NA,Valencia,1,1,€ 4.500,2020/01/24,2020/01/25,0,"8,2",90
UP Hostel Valencia,1710137,NA,Valencia,1,1,€ 20,2020/01/24,2020/01/25,0,"7,7",90
Plaza de la Virgen,3167342,NA,Valencia,1,1,€ 130,2020/01/24,2020/01/25,0,"8,8",90
Apt. New Holiday Valencia Center,2167886,NA,Valencia,1,1,NA,2020/01/24,2020/01/25,0,"9,2",90
Apartments in Villa Oliva Tossal Gros,3083529,NA,Valencia,1,1,€ 130,2020/01/24,2020/01/25,0,"8,8",90
Dr Lluch,4758818,NA,Valencia,1,1,€ 135,2020/01/24,2020/01/25,0,"8,5",90
Pensión Universal,304276,NA,Valencia,1,1,€ 32,2020/01/24,2020/01/25,0,"7,9",90
Habitación Céntrica en Casa de Familia,4289877,NA,Valencia,1,1,€ 35,2020/01/24,2020/01/25,0,"7,7",90
Flatsforyou Sorolla House,403442,NA,Valencia,1,1,€ 140,2020/01/24,2020/01/25,0,"8,6",90
Vincci Lys,91183,NA,Valencia,1,1,€ 145,2020/01/24,2020/01/25,4,"8,9",90
Puerta de Serranos,2734333,NA,Valencia,1,1,€ 153,2020/01/24,2020/01/25,0,"8,9",90
Balcón Al Mar,295109,NA,Valencia,1,1,€ 60,2020/01/24,2020/01/25,0,"8,5",90
Zalamera BnB,1331238,NA,Valencia,1,1,€ 60,2020/01/24,2020/01/25,0,"8,7",90
Mar & City Apartment,3456759,NA,Valencia,1,1,€ 157,2020/01/24,2020/01/25,0,"8,9",90
Turia Town,4064373,NA,Valencia,1,1,NA,2020/01/24,2020/01/25,0,"8,8",90
ValentiaApartments - MercadoCentral,4185241,NA,Valencia,1,1,€ 163,2020/01/24,2020/01/25,0,"8,8",90
Apartamentos Edificio Palomar,189277,NA,Valencia,1,1,NA,2020/01/24,2020/01/25,0,"9,2",90
Pio XII Apartments Valencia,402080,NA,Valencia,1,1,€ 64,2020/01/24,2020/01/25,0,"8,5",90
Soho Valencia,1538641,NA,Valencia,1,1,€ 65,2020/01/24,2020/01/25,0,"8,9",90
Enjoy Flat Valencia,3991548,NA,Valencia,1,1,€ 175,2020/01/24,2020/01/25,0,"8,6",90
The Westin Valencia,93321,NA,Valencia,1,1,€ 208,2020/01/24,2020/01/25,5,"8,7",90
Carlos & Ana,2079019,NA,Valencia,1,1,€ 215,2020/01/24,2020/01/25,0,"8,9",90
Zerka Sendra,4657122,NA,Valencia,1,1,€ 309,2020/01/24,2020/01/25,0,"8,9",90
Habitación en valencia centro,5418023,NA,Valencia,1,1,€ 30,2020/01/24,2020/01/25,0,"8,2",90
Welcomer Apartments Valencia,19363,NA,Valencia,1,1,NA,2020/01/24,2020/01/25,0,"8,7",90
Habitacion en Valencia Barata,4861796,NA,Valencia,1,1,€ 40,2020/01/24,2020/01/25,0,"8,2",90
Red Nest Hostel,92283,NA,Valencia,1,1,€ 41,2020/01/24,2020/01/25,0,"8,2",90
Hotel Villacarlos,90730,NA,Valencia,1,1,€ 41,2020/01/24,2020/01/25,3,8,90
AC Hotel Valencia,91063,NA,Valencia,1,1,€ 65,2020/01/24,2020/01/25,4,"8,5",90
Living Valencia - Patacona Beach 56,3718985,NA,Valencia,1,1,€ 66,2020/01/24,2020/01/25,0,"8,8",90
València Centre Túria,2185255,NA,Valencia,1,1,€ 66,2020/01/24,2020/01/25,0,"8,8",90
València Centre Torres de Quart,886289,NA,Valencia,1,1,€ 66,2020/01/24,2020/01/25,0,"8,9",90
Apartamento Serranos CM,2491242,NA,Valencia,1,1,NA,2020/01/24,2020/01/25,0,"9,3",90
ABCyou Bed&Breakfast,189207,NA,Valencia,1,1,€ 66,2020/01/24,2020/01/25,0,"8,5",90
Jardín Botánico Hotel Boutique,93369,NA,Valencia,1,1,€ 66,2020/01/24,2020/01/25,3,"8,9",90
Purple Nest Hostel,25278,NA,Valencia,1,1,€ 42,2020/01/24,2020/01/25,0,"8,2",90
Hostal Abastos,257057,NA,Valencia,1,1,€ 45,2020/01/24,2020/01/25,2,"8,2",90
Casa del Patriarca,364834,NA,Valencia,1,1,€ 67,2020/01/24,2020/01/25,0,"8,9",90
Victoria Site @ Mercat Central,1958462,NA,Valencia,1,1,€ 70,2020/01/24,2020/01/25,0,"8,6",90
SKY TOURISTIC ATTIC,281640,NA,Valencia,1,1,€ 72,2020/01/24,2020/01/25,0,"8,5",90
Hotel Kramer,91106,NA,Valencia,1,1,€ 72,2020/01/24,2020/01/25,3,"8,8",90
Piso como en tu casa 2,3834617,NA,Valencia,1,1,NA,2020/01/24,2020/01/25,0,"9,2",90
Zenit Valencia,92327,NA,Valencia,1,1,€ 74,2020/01/24,2020/01/25,4,"8,8",90
Valencia maritimo,3020748,NA,Valencia,1,1,€ 75,2020/01/24,2020/01/25,0,"8,8",90
Casual del Cine Valencia,572187,NA,Valencia,1,1,€ 76,2020/01/24,2020/01/25,2,"8,6",90
Sercotel Sorolla Palace,93646,NA,Valencia,1,1,€ 77,2020/01/24,2020/01/25,4,"8,6",90
Hotel Mediterraneo Valencia,92412,NA,Valencia,1,1,€ 77,2020/01/24,2020/01/25,3,"8,8",90
Casual Vintage Valencia,1710241,NA,Valencia,1,1,€ 77,2020/01/24,2020/01/25,2,"8,5",90
Casa Cosy,375456,NA,Valencia,1,1,NA,2020/01/24,2020/01/25,0,"9,4",90
Apartments Madrina,3278589,NA,Valencia,1,1,€ 79,2020/01/24,2020/01/25,0,"8,9",90
Homestay Carrer Sagun,5006434,NA,Valencia,1,1,€ 80,2020/01/24,2020/01/25,0,"8,8",90
Petit Palace Ruzafa,90792,NA,Valencia,1,1,€ 80,2020/01/24,2020/01/25,3,"8,7",90
Boutique Creative Rooms,2334726,NA,Valencia,1,1,€ 81,2020/01/24,2020/01/25,0,"8,8",90
Hotel San Lorenzo Boutique,1307718,NA,Valencia,1,1,€ 81,2020/01/24,2020/01/25,3,"8,6",90
Center City Flats,861452,NA,Valencia,1,1,€ 103,2020/01/24,2020/01/25,0,"9,1",90
Forn desamparats,2380447,NA,Valencia,1,1,€ 105,2020/01/24,2020/01/25,0,"9,4",90
Stay at Valencia Downtown,1840715,NA,Valencia,1,1,NA,2020/01/24,2020/01/25,0,"9,5",90
Comfort Homestay,5423155,NA,Valencia,1,1,€ 105,2020/01/24,2020/01/25,0,9,90
Mon Suites San Nicolas,4117225,NA,Valencia,1,1,€ 106,2020/01/24,2020/01/25,0,"9,2",90
Apartamento centro frente a Torres de Serrano,3408067,NA,Valencia,1,1,€ 110,2020/01/24,2020/01/25,0,"9,4",90
"Piso ""Como en tu casa""",2689136,NA,Valencia,1,1,€ 110,2020/01/24,2020/01/25,0,"9,2",90
One Shot Mercat 09,2274203,NA,Valencia,1,1,€ 110,2020/01/24,2020/01/25,4,"9,1",90
47 Carrer de Cadis- puerta 1,4511167,NA,Valencia,1,1,€ 113,2020/01/24,2020/01/25,0,9,90
Apartment Plaza Cisneros,1273377,NA,Valencia,1,1,NA,2020/01/24,2020/01/25,0,"9,7",90
MD Design Hotel - Portal del Real,2391685,NA,Valencia,1,1,€ 114,2020/01/24,2020/01/25,2,"9,1",90
Apartamentos La más Bonita,2816245,NA,Valencia,1,1,€ 115,2020/01/24,2020/01/25,0,9,90
Valenciaflats Mercado Central,307677,NA,Valencia,1,1,€ 115,2020/01/24,2020/01/25,0,9,90
Center Valencia,2944722,NA,Valencia,1,1,€ 117,2020/01/24,2020/01/25,0,"9,3",90
Apartamento en el centro de Valencia,4709659,NA,Valencia,1,1,€ 120,2020/01/24,2020/01/25,0,9,90
15 Avinguda Mare Nostrum,4518973,NA,Valencia,1,1,€ 120,2020/01/24,2020/01/25,0,"9,4",90
Flight Mode Ruzafa,5473258,NA,Valencia,1,1,NA,2020/01/24,2020/01/25,0,"9,6",90
Biopark View Apartment,2381901,NA,Valencia,1,1,€ 120,2020/01/24,2020/01/25,0,9,90
Vincci Mercat,1279484,NA,Valencia,1,1,€ 123,2020/01/24,2020/01/25,4,9,90
Casual Socarrat Valencia,5142800,NA,Valencia,1,1,€ 126,2020/01/24,2020/01/25,3,"9,1",90
NH Collection Colón Valencia,3828811,NA,Valencia,1,1,€ 126,2020/01/24,2020/01/25,4,"9,2",90
Mon Suites San Martin,2777545,NA,Valencia,1,1,€ 130,2020/01/24,2020/01/25,0,"9,4",90
Welcome Apartamentos Pintor Stolz 31 Valencia,5019066,NA,Valencia,1,1,€ 133,2020/01/24,2020/01/25,0,"9,2",90
Hostal Antigua Morellana,1273937,NA,Valencia,1,1,NA,2020/01/24,2020/01/25,1,"9,5",90
Loft zona Pechina en Valencia centro,2524985,NA,Valencia,1,1,€ 138,2020/01/24,2020/01/25,0,"9,1",90
ApartUP Viveros Pets,2834736,NA,Valencia,1,1,€ 141,2020/01/24,2020/01/25,0,"9,3",90
Las Arenas Balneario Resort,91144,NA,Valencia,1,1,€ 144,2020/01/24,2020/01/25,5,9,90
Mediterranean Flats Plaza Redonda,4086496,NA,Valencia,1,1,€ 185,2020/01/24,2020/01/25,0,"9,2",90
Edificio Pentagono,4673669,NA,Valencia,1,1,€ 185,2020/01/24,2020/01/25,0,9,90
STYLISH APARTMENT - CITY CENTER,2861517,NA,Valencia,1,1,€ 120,2020/01/24,2020/01/25,0,"7,8",90
Apartamento Angel Alcazar 35,2174625,NA,Valencia,1,1,€ 175,2020/01/24,2020/01/25,0,"7,5",90
Hotel Miramar,23332,NA,Valencia,1,1,NA,2020/01/24,2020/01/25,2,"8,4",90
Select Home Town Hall,1648016,NA,Valencia,1,1,€ 195,2020/01/24,2020/01/25,0,"7,5",90
El 16 Ruzafa,865461,NA,Valencia,1,1,€ 300,2020/01/24,2020/01/25,0,"7,7",90
Apartment Plaza de la Merced,3457190,NA,Valencia,1,1,€ 470,2020/01/24,2020/01/25,0,"7,9",90
Hostal Waksman,281139,NA,Valencia,1,1,€ 30,2020/01/24,2020/01/25,1,"7,3",90
Zen House,3671621,NA,Valencia,1,1,€ 39,2020/01/24,2020/01/25,0,"7,1",90
HOSPEDAJE PESET,4718074,NA,Valencia,1,1,€ 40,2020/01/24,2020/01/25,0,"7,3",90
Quart Silence,2024765,NA,Valencia,1,1,NA,2020/01/24,2020/01/25,0,8,90
Habitación con cama doble,4794909,NA,Valencia,1,1,€ 41,2020/01/24,2020/01/25,0,"7,1",90
Sampedor Apartment,435662,NA,Valencia,1,1,€ 49,2020/01/24,2020/01/25,0,"7,1",90
Habitacion Apartamento soleado Plaza Escultor Frechina,4865043,NA,Valencia,1,1,€ 50,2020/01/24,2020/01/25,0,"7,4",90
Habitacion PLaza Ayuntamiento,4365340,NA,Valencia,1,1,€ 50,2020/01/24,2020/01/25,0,"7,4",90
Malvarrosa Beach Rooms,314048,NA,Valencia,1,1,€ 55,2020/01/24,2020/01/25,2,7,90
Cosy Rooms Embajador,369728,NA,Valencia,1,1,€ 56,2020/01/24,2020/01/25,2,"7,4",90
Living Valencia - Blanquerías,2860821,NA,Valencia,1,1,NA,2020/01/24,2020/01/25,0,"8,4",90
Cosy Rooms Bolsería,371606,NA,Valencia,1,1,€ 56,2020/01/24,2020/01/25,2,"7,4",90
NWT Central Station Valencia,1647017,NA,Valencia,1,1,€ 59,2020/01/24,2020/01/25,0,"7,1",90
Geography and Arts.,3569110,NA,Valencia,1,1,€ 60,2020/01/24,2020/01/25,0,"7,1",90
Apartment Horticultor Bosch,1148669,NA,Valencia,1,1,€ 60,2020/01/24,2020/01/25,0,"7,3",90
Hostal la Barraca,350013,NA,Valencia,1,1,€ 65,2020/01/24,2020/01/25,0,"7,2",90
Plaza Redonda house.,4399973,NA,Valencia,1,1,€ 70,2020/01/24,2020/01/25,0,"7,4",90
Reina's Apartment,2130930,NA,Valencia,1,1,NA,2020/01/24,2020/01/25,0,"8,2",90
Mi casa es vuestra casa,4967097,NA,Valencia,1,1,€ 70,2020/01/24,2020/01/25,0,"7,1",90
Habitación en Valencia,5477394,NA,Valencia,1,1,€ 72,2020/01/24,2020/01/25,0,"7,1",90
Almiserat,3054886,NA,Valencia,1,1,€ 80,2020/01/24,2020/01/25,0,"7,1",90
Guest House Samuel Ros,4161855,NA,Valencia,1,1,€ 90,2020/01/24,2020/01/25,0,"7,2",90
Select Home Catedral,440778,NA,Valencia,1,1,€ 170,2020/01/24,2020/01/25,0,"7,1",90
