name,propertyId,propertyType,city,rooms,days,price,checkIn,checkOut,stars,score,advance
Apartment Carrer Ernesto Che Guevara,5598848,Apartamentos,Valencia,1,1,€ 211,2019/11/20,2019/11/21,0,,30
Apartamento con terraza,5238122,Apartahotel,Valencia,1,1,€ 240,2019/11/20,2019/11/21,0,,30
Living Valencia Peydro,1803435,Apartamento,Valencia,1,1,NA,2019/11/20,2019/11/21,0,"8,6",30
Apartment Carrer de Don Juan de Austria,5464038,Apartamentos,Valencia,1,1,€ 275,2019/11/20,2019/11/21,0,,30
LACASAMALVA1 PLAYA DE VALENCIA,5679960,Casa o chalet,Valencia,1,1,€ 298,2019/11/20,2019/11/21,0,,30
Apartment Carrer de Cadis,5531328,Apartamentos,Valencia,1,1,€ 648,2019/11/20,2019/11/21,0,,30
EXCLUSIVE VILLA WITH POOL ON THE BEACH,5684273,Villa,Valencia,1,1,€ 970,2019/11/20,2019/11/21,0,,30
Friendly rentals Enesco Beach,2526514,Apartamento,Valencia,1,1,€ 140,2019/11/20,2019/11/21,0,8,30
Friendly Rentals Evans,1634220,Apartamentos,Valencia,1,1,€ 140,2019/11/20,2019/11/21,0,"8,4",30
Angel Guimera Rooms & Breakfast,2524241,NA,Valencia,1,1,NA,2019/11/20,2019/11/21,0,"8,9",30
City Center Apartments,4426057,Apartamentos,Valencia,1,1,€ 72,2019/11/20,2019/11/21,0,"7,8",30
Apartamento Alguer,4005334,Apartamento,Valencia,1,1,€ 75,2019/11/20,2019/11/21,0,"7,7",30
Friendly Rentals Telemann,1634241,Apartamento,Valencia,1,1,€ 140,2019/11/20,2019/11/21,0,"8,2",30
Casa los Peces,3234194,Apartamento,Valencia,1,1,€ 154,2019/11/20,2019/11/21,0,"8,3",30
Loft el Carmen amazing views,4932621,Apartamento,Valencia,1,1,€ 172,2019/11/20,2019/11/21,0,"8,1",30
NH Valencia Center,90727,NA,Valencia,1,1,€ 176,2019/11/20,2019/11/21,4,"8,3",30
Vlc Apartaments el Carmen,389902,Apartamentos,Valencia,1,1,€ 214,2019/11/20,2019/11/21,0,"8,3",30
Lindala,5250762,NA,Valencia,1,1,€ 49,2019/11/20,2019/11/21,0,"9,6",30
Apartamentos Navío,5647176,Apartamento,Valencia,1,1,€ 60,2019/11/20,2019/11/21,0,"9,9",30
My Loft 4 You Velluters,4126372,Apartamento,Valencia,1,1,NA,2019/11/20,2019/11/21,0,"8,9",30
SEA YOU HOTEL PORT VALENCIA,92328,NA,Valencia,1,1,€ 75,2019/11/20,2019/11/21,4,"7,7",30
Apartamento Angel Alcazar 35,2174625,Apartamento,Valencia,1,1,€ 80,2019/11/20,2019/11/21,0,"7,5",30
Lujoso Apartamento En El Carmen,2814452,Apartamento,Valencia,1,1,€ 82,2019/11/20,2019/11/21,0,"7,6",30
Malvarrosa Calle Pavia,3608764,Casa o chalet,Valencia,1,1,€ 271,2019/11/20,2019/11/21,0,8,30
Select Home Mercado de Colón,2960845,Apartamentos,Valencia,1,1,NA,2019/11/20,2019/11/21,0,"8,9",30
MD Vila Barbera Apartment Center,1957253,Apartamento,Valencia,1,1,€ 500,2019/11/20,2019/11/21,0,"8,3",30
MD Sueca. Apartment with Terrace Ruzafa,2551179,Apartamento,Valencia,1,1,€ 500,2019/11/20,2019/11/21,0,"8,2",30
UP Hostel Valencia,1710137,NA,Valencia,1,1,€ 24,2019/11/20,2019/11/21,0,"7,7",30
Suites by Eric Olsan (Peset),4726296,Apartamentos,Valencia,1,1,€ 83,2019/11/20,2019/11/21,0,"7,5",30
Suites by Eric Olsan (L),4287413,Apartamentos,Valencia,1,1,€ 83,2019/11/20,2019/11/21,0,"7,5",30
Torres Quart,3702234,Apartamentos,Valencia,1,1,€ 87,2019/11/20,2019/11/21,0,"7,5",30
En corts Flat,4471441,Apartamento,Valencia,1,1,NA,2019/11/20,2019/11/21,0,"8,3",30
Ilunion Valencia 3,92818,NA,Valencia,1,1,€ 91,2019/11/20,2019/11/21,3,"7,9",30
Casa Vich,4457634,Apartamento,Valencia,1,1,NA,2019/11/20,2019/11/21,0,"9,5",30
Hotel Cosmo,4838858,NA,Valencia,1,1,€ 64,2019/11/20,2019/11/21,3,"9,9",30
Ramirez Flats & Bar,4124528,Apartahotel,Valencia,1,1,€ 68,2019/11/20,2019/11/21,0,"9,5",30
Piso en Playa de Valencia,5533098,Apartamento,Valencia,1,1,€ 70,2019/11/20,2019/11/21,0,"9,5",30
Bubuflats Bubu 3,1014334,Apartamento,Valencia,1,1,€ 80,2019/11/20,2019/11/21,0,"9,6",30
Plaza Sainetero 5,3148458,Apartamento,Valencia,1,1,€ 93,2019/11/20,2019/11/21,0,"7,7",30
Apartment Florista,2150187,Apartamento,Valencia,1,1,€ 95,2019/11/20,2019/11/21,0,"7,9",30
STYLISH APARTMENT - CITY CENTER,2861517,Apartamento,Valencia,1,1,€ 120,2019/11/20,2019/11/21,0,"7,8",30
Friendly Rentals Danna,1634254,Apartamento,Valencia,1,1,€ 140,2019/11/20,2019/11/21,0,"7,7",30
Musico Peydro Apartments,3765069,Apartamentos,Valencia,1,1,€ 271,2019/11/20,2019/11/21,0,"7,9",30
Carrer de Dénia,4274046,Apartamento,Valencia,1,1,NA,2019/11/20,2019/11/21,0,"8,7",30
MD Benlliure Beach.,1957258,Apartamento,Valencia,1,1,€ 271,2019/11/20,2019/11/21,0,"7,8",30
MD Art Apartment Ruzafa,2550955,Apartamento,Valencia,1,1,€ 271,2019/11/20,2019/11/21,0,"7,5",30
MD Pelayo with terrace,1979067,Apartamento,Valencia,1,1,€ 271,2019/11/20,2019/11/21,0,"7,8",30
MD Abastos Center,2551194,Apartamento,Valencia,1,1,€ 289,2019/11/20,2019/11/21,0,"7,6",30
Eurostars Gran Valencia,90484,NA,Valencia,1,1,€ 62,2019/11/20,2019/11/21,4,"8,4",30
Hotel Medium Valencia,96838,NA,Valencia,1,1,€ 63,2019/11/20,2019/11/21,4,"8,2",30
Casa alta del mar,2542826,Apartamento,Valencia,1,1,NA,2019/11/20,2019/11/21,0,"9,1",30
NH Ciudad de Valencia,90729,NA,Valencia,1,1,€ 63,2019/11/20,2019/11/21,3,"8,1",30
Tryp Valencia Feria,92852,NA,Valencia,1,1,€ 63,2019/11/20,2019/11/21,4,"8,4",30
L'Otelet By Sweet,1467935,NA,Valencia,1,1,€ 64,2019/11/20,2019/11/21,0,"8,3",30
Pensión Universal,304276,NA,Valencia,1,1,€ 27,2019/11/20,2019/11/21,0,"7,9",30
Adrian's House,2271869,NA,Valencia,1,1,€ 29,2019/11/20,2019/11/21,0,"7,7",30
Hostal Antigua Morellana,1273937,NA,Valencia,1,1,€ 80,2019/11/20,2019/11/21,1,"9,5",30
ÁTICO PTA 13 EN EL CENTRO DE VALENCIA VT-45727-T,4612077,Apartamento,Valencia,1,1,€ 90,2019/11/20,2019/11/21,0,"9,5",30
Central Park Apartment Valencia,3881533,Apartamento,Valencia,1,1,NA,2019/11/20,2019/11/21,0,"9,5",30
L'Esplai Valencia Bed & Breakfast,1282556,NA,Valencia,1,1,€ 91,2019/11/20,2019/11/21,0,"9,5",30
MD Oliag I Apartment Ruzafa,2867488,Apartamento,Valencia,1,1,€ 487,2019/11/20,2019/11/21,0,"7,6",30
Hostal Waksman,281139,NA,Valencia,1,1,€ 30,2019/11/20,2019/11/21,1,"7,3",30
Calle D Juan de Austria 4,4036814,Apartamento,Valencia,1,1,NA,2019/11/20,2019/11/21,0,"8,5",30
Hostal Residencial RR,450746,NA,Valencia,1,1,€ 40,2019/11/20,2019/11/21,0,7,30
Palau de Palomar,471283,Apartamentos,Valencia,1,1,€ 79,2019/11/20,2019/11/21,0,"9,1",30
OCEANOGRAFIC APARTMENT. PARKING. WI-FI,3107716,Apartamentos,Valencia,1,1,€ 80,2019/11/20,2019/11/21,0,9,30
ApartUP Patacona Deluxe,2565246,Apartamento,Valencia,1,1,NA,2019/11/20,2019/11/21,0,"9,6",30
Dolz Garden Ruzafa,1123993,Apartamentos,Valencia,1,1,€ 80,2019/11/20,2019/11/21,0,"9,2",30
HOSPEDAJE PESET,4718074,NA,Valencia,1,1,€ 40,2019/11/20,2019/11/21,0,"7,4",30
La Flamenca,818359,NA,Valencia,1,1,€ 40,2019/11/20,2019/11/21,0,"7,2",30
Habitación con cama doble,4794909,NA,Valencia,1,1,€ 41,2019/11/20,2019/11/21,0,"7,2",30
NWT Central Station Valencia,1647017,NA,Valencia,1,1,€ 44,2019/11/20,2019/11/21,0,"7,1",30
Mon Suites Catedral,485679,Apartamentos,Valencia,1,1,€ 82,2019/11/20,2019/11/21,0,"9,2",30
Apartamentos Wallace,1698355,Apartamentos,Valencia,1,1,€ 82,2019/11/20,2019/11/21,0,"9,2",30
Casual Socarrat Valencia,5142800,NA,Valencia,1,1,€ 84,2019/11/20,2019/11/21,3,"9,1",30
Teixidors de Palomar,2639791,Apartamentos,Valencia,1,1,€ 84,2019/11/20,2019/11/21,0,"9,3",30
Habitación San Cayetano,4624401,NA,Valencia,1,1,€ 30,2019/11/20,2019/11/21,0,"7,5",30
SingularStays San Vicente,1423172,Apartamentos,Valencia,1,1,NA,2019/11/20,2019/11/21,0,"8,8",30
Hostal Moratin,326015,NA,Valencia,1,1,€ 31,2019/11/20,2019/11/21,1,"7,9",30
Habitaciones Barra89,1076252,NA,Valencia,1,1,€ 31,2019/11/20,2019/11/21,0,"7,9",30
One Shot Mercat 09,2274203,NA,Valencia,1,1,€ 84,2019/11/20,2019/11/21,4,"9,1",30
AMAZING HOUSE- BEST LOCATION!,4728031,Apartamento,Valencia,1,1,NA,2019/11/20,2019/11/21,0,"9,7",30
Hotel Valencia Alameda,4019381,NA,Valencia,1,1,€ 84,2019/11/20,2019/11/21,4,"9,2",30
Dama Del Puerto,3230781,Apartamento,Valencia,1,1,€ 85,2019/11/20,2019/11/21,0,"9,1",30
Citizentral Juristas,1113127,Apartamentos,Valencia,1,1,€ 86,2019/11/20,2019/11/21,0,"9,2",30
Apartments Downtown Valencia,2250421,Apartamentos,Valencia,1,1,€ 95,2019/11/20,2019/11/21,0,"9,6",30
Calle de Frederica Montseny 'Política' Casa o chalet,5152866,Casa o chalet,Valencia,1,1,€ 95,2019/11/20,2019/11/21,0,"9,6",30
Casa La Buhardilla,2985364,Apartamento,Valencia,1,1,€ 97,2019/11/20,2019/11/21,0,"9,6",30
Olympia Flats,4212801,NA,Valencia,1,1,€ 50,2019/11/20,2019/11/21,0,"9,7",30
Precioso piso junto al antiguo barrio de Campanar,3297078,Apartamento,Valencia,1,1,€ 100,2019/11/20,2019/11/21,0,"9,5",30
B BEACH VALENCIA,5125954,Apartamento,Valencia,1,1,€ 150,2019/11/20,2019/11/21,0,"9,1",30
Duplex en Blasco Ibáñez,3672426,Apartamento,Valencia,1,1,€ 155,2019/11/20,2019/11/21,0,"9,1",30
Cozy apartment in Valencia! WI-FI !,4447072,Apartamento,Valencia,1,1,NA,2019/11/20,2019/11/21,0,"9,4",30
Hostal On Dormire Valencia,432305,NA,Valencia,1,1,€ 35,2019/11/20,2019/11/21,0,"7,8",30
Habitación Céntrica en Casa de Familia,4289877,NA,Valencia,1,1,€ 35,2019/11/20,2019/11/21,0,"7,8",30
Aventura,5567318,NA,Valencia,1,1,€ 40,2019/11/20,2019/11/21,0,"7,9",30
Hotel Beleret,94652,NA,Valencia,1,1,€ 41,2019/11/20,2019/11/21,3,"7,6",30
Apartamentos El Olivo,1985143,Apartamento,Valencia,1,1,€ 86,2019/11/20,2019/11/21,0,"9,4",30
Loft zona Pechina en Valencia centro,2524985,Apartamento,Valencia,1,1,€ 87,2019/11/20,2019/11/21,0,"9,1",30
Mon Suites San Nicolas,4117225,Apartamentos,Valencia,1,1,€ 87,2019/11/20,2019/11/21,0,"9,2",30
Apartamento Alameda,1698817,Apartamento,Valencia,1,1,NA,2019/11/20,2019/11/21,0,"9,5",30
RUZAFA. Nice apartment and Terrace.,4368595,Apartamento,Valencia,1,1,€ 88,2019/11/20,2019/11/21,0,"9,3",30
Happy Apartments Valencia – Lope de Vega,575582,Apartamentos,Valencia,1,1,€ 64,2019/11/20,2019/11/21,0,"8,1",30
Reina 12,1684198,NA,Valencia,1,1,€ 64,2019/11/20,2019/11/21,0,"8,3",30
Hotel Alkazar,408511,NA,Valencia,1,1,€ 64,2019/11/20,2019/11/21,1,"8,1",30
Lola Apartment Encorts,2016138,Apartamento,Valencia,1,1,NA,2019/11/20,2019/11/21,0,9,30
BONNIES Suites & Spa Valencia,3631910,Apartamentos,Valencia,1,1,NA,2019/11/20,2019/11/21,0,"9,8",30
Flats Piera Valencia Center,1490563,Apartamentos,Valencia,1,1,€ 105,2019/11/20,2019/11/21,0,"9,7",30
Opera House Valencia B&B,3533887,NA,Valencia,1,1,€ 110,2019/11/20,2019/11/21,0,"9,5",30
Apartments Torres de Serranos Valencia,1099602,Apartamentos,Valencia,1,1,€ 110,2019/11/20,2019/11/21,0,"9,6",30
Arena's Apartament,2156905,Apartamento,Valencia,1,1,€ 170,2019/11/20,2019/11/21,0,"9,1",30
Zerka Sendra,4657122,Apartamento,Valencia,1,1,€ 179,2019/11/20,2019/11/21,0,9,30
Apartamento Playa Wifi Gratis,3495634,Apartamento,Valencia,1,1,€ 190,2019/11/20,2019/11/21,0,"9,3",30
Caro Hotel,348132,NA,Valencia,1,1,€ 199,2019/11/20,2019/11/21,5,"9,2",30
Loft Superior el Carmen,2784473,Apartamento,Valencia,1,1,€ 209,2019/11/20,2019/11/21,0,"9,3",30
Ilunion Aqua 3,92776,NA,Valencia,1,1,€ 65,2019/11/20,2019/11/21,3,"8,3",30
Senator Parque Central Hotel,274963,NA,Valencia,1,1,€ 65,2019/11/20,2019/11/21,4,"8,1",30
Eurostars Rey Don Jaime,91520,NA,Valencia,1,1,€ 67,2019/11/20,2019/11/21,4,"8,2",30
SingularStays Lope de Vega,1760119,Apartamentos,Valencia,1,1,NA,2019/11/20,2019/11/21,0,"8,6",30
Valencia City Host,1177077,NA,Valencia,1,1,€ 42,2019/11/20,2019/11/21,0,"7,8",30
Voyagers Inn Homestay,2682156,NA,Valencia,1,1,€ 43,2019/11/20,2019/11/21,0,"7,8",30
Patacona Green Flats,292996,Apartamentos,Valencia,1,1,€ 43,2019/11/20,2019/11/21,0,"7,6",30
Apartamento cerca de la Playa y el Centro,2620264,Apartamento,Valencia,1,1,€ 88,2019/11/20,2019/11/21,0,9,30
Palacio de Rojas,1073276,Apartamentos,Valencia,1,1,€ 89,2019/11/20,2019/11/21,0,"9,3",30
APARTAMENTO CENTRICO. WI-FI. PARKING,2967593,Apartamento,Valencia,1,1,€ 90,2019/11/20,2019/11/21,0,"9,1",30
Olvida tu Reloj Montichelvo Apartment,3258095,Apartamento,Valencia,1,1,€ 91,2019/11/20,2019/11/21,0,"9,4",30
Olvida tu Reloj Congresos Apartment,2448036,Apartamento,Valencia,1,1,€ 91,2019/11/20,2019/11/21,0,"9,2",30
Espai One Santa Mónica,5471724,Apartamento,Valencia,1,1,NA,2019/11/20,2019/11/21,0,"9,8",30
Apartment Cisneros 2,2361375,Apartamento,Valencia,1,1,€ 120,2019/11/20,2019/11/21,0,"9,7",30
Disfruta - Enjoy Valencia Oceanografic,4121345,Apartamento,Valencia,1,1,€ 125,2019/11/20,2019/11/21,0,"9,6",30
Disfruta - Enjoy Valencia Ruzafa,3890328,Apartamento,Valencia,1,1,€ 125,2019/11/20,2019/11/21,0,"9,7",30
Ciudad Ciencias- Lujo- Parking- Wi-Fi.,4999636,Apartamento,Valencia,1,1,NA,2019/11/20,2019/11/21,0,"9,8",30
Disfruta - Enjoy Valencia Ayuntamiento,4901194,Apartamento,Valencia,1,1,€ 125,2019/11/20,2019/11/21,0,"9,6",30
Disfruta - Enjoy Valencia Centre,3881970,Apartamento,Valencia,1,1,€ 127,2019/11/20,2019/11/21,0,"9,8",30
Holiday Inn Express Ciudad de las Ciencias,96737,NA,Valencia,1,1,€ 68,2019/11/20,2019/11/21,3,8,30
Valencia Beach Apartments,393508,Apartamento,Valencia,1,1,€ 70,2019/11/20,2019/11/21,0,"8,4",30
Apartment Vicent,1674495,Apartamento,Valencia,1,1,€ 70,2019/11/20,2019/11/21,0,"8,3",30
Apartments Catedral,309686,Apartamentos,Valencia,1,1,NA,2019/11/20,2019/11/21,0,"8,8",30
Casual de las Artes Valencia,538056,NA,Valencia,1,1,€ 72,2019/11/20,2019/11/21,3,"8,4",30
City Center Atico 360,3025679,Apartamento,Valencia,1,1,€ 210,2019/11/20,2019/11/21,0,"9,4",30
Kasa Katia Eco Guest House,636256,NA,Valencia,1,1,NA,2019/11/20,2019/11/21,0,"9,3",30
Ca Carmela,2466364,Casa o chalet,Valencia,1,1,€ 225,2019/11/20,2019/11/21,0,"9,1",30
Las Arenas Balneario Resort,91144,NA,Valencia,1,1,€ 230,2019/11/20,2019/11/21,5,9,30
Hospederia del Pilar,327766,NA,Valencia,1,1,€ 45,2019/11/20,2019/11/21,0,"7,9",30
Patacona Resort Apartments,189782,Apartamentos,Valencia,1,1,€ 46,2019/11/20,2019/11/21,0,"7,8",30
Center City Flats,861452,Apartamentos,Valencia,1,1,€ 94,2019/11/20,2019/11/21,0,"9,1",30
Casa Cabañal,2436758,Casa o chalet,Valencia,1,1,€ 95,2019/11/20,2019/11/21,0,9,30
Mon Suites San Martin,2777545,Apartamentos,Valencia,1,1,€ 95,2019/11/20,2019/11/21,0,"9,4",30
Hotel Boutique Balandret,1281710,NA,Valencia,1,1,€ 95,2019/11/20,2019/11/21,3,"9,2",30
Residencia Universitaria Damia Bonet,247451,NA,Valencia,1,1,€ 75,2019/11/20,2019/11/21,0,"8,3",30
Atico Ciutat Vella,3446230,Apartamentos,Valencia,1,1,€ 75,2019/11/20,2019/11/21,0,"8,4",30
Apartamentos Dormavalencia,4450983,Apartamentos,Valencia,1,1,€ 76,2019/11/20,2019/11/21,0,"8,4",30
Apartamento Ciudad de las Artes y las Ciencias,4353552,Apartamento,Valencia,1,1,€ 78,2019/11/20,2019/11/21,0,"8,3",30
Sweet Hotel Renasa,274818,NA,Valencia,1,1,€ 78,2019/11/20,2019/11/21,3,8,30
MARQUÉS HOUSE 4* SUP,2118880,NA,Valencia,1,1,€ 139,2019/11/20,2019/11/21,4,"9,4",30
RUZAFA- CENTRO-A/C- WI-FI- PARKING,2885994,Apartamento,Valencia,1,1,€ 140,2019/11/20,2019/11/21,0,"9,7",30
Apartamento centro,3160737,Apartamento,Valencia,1,1,€ 145,2019/11/20,2019/11/21,0,"9,7",30
Petit Palomar,2187491,Apartamentos,Valencia,1,1,NA,2019/11/20,2019/11/21,0,"8,9",30
Primus Valencia,331871,NA,Valencia,1,1,€ 79,2019/11/20,2019/11/21,4,"8,3",30
Nanit Valencia Hostel,3913497,NA,Valencia,1,1,€ 80,2019/11/20,2019/11/21,0,"8,3",30
Preciosos Apartamentos en el Carmen,2918345,Apartamentos,Valencia,1,1,€ 82,2019/11/20,2019/11/21,0,"8,1",30
Sorolla Centro,90896,NA,Valencia,1,1,€ 99,2019/11/20,2019/11/21,3,"9,1",30
Best Valencia Beach Flat,3246772,Apartamento,Valencia,1,1,€ 196,2019/11/20,2019/11/21,0,"7,1",30
MD Puerto Rico Apartment Ruzafa,3737151,Apartamento,Valencia,1,1,€ 289,2019/11/20,2019/11/21,0,"7,4",30
SingularStays Plaza del Mercado,1755231,Apartamentos,Valencia,1,1,NA,2019/11/20,2019/11/21,0,"8,5",30
Habitaciones con Encanto,5629632,NA,Valencia,1,1,€ 40,2019/11/20,2019/11/21,0,"6,9",30
Ruzafa Rooms,2891693,NA,Valencia,1,1,€ 45,2019/11/20,2019/11/21,0,"6,9",30
Habitación en Colon,2246576,NA,Valencia,1,1,€ 45,2019/11/20,2019/11/21,0,"6,7",30
Brugada home,5259150,NA,Valencia,1,1,€ 55,2019/11/20,2019/11/21,0,"6,6",30
Guest House Lebon,3124256,NA,Valencia,1,1,€ 60,2019/11/20,2019/11/21,0,"6,8",30
Casita Esmeralda,2040126,Casa o chalet,Valencia,1,1,€ 114,2019/11/20,2019/11/21,0,"6,5",30
Total Valencia Loft Terrace,3367164,Apartamento,Valencia,1,1,NA,2019/11/20,2019/11/21,0,"8,9",30
Fun and Sun Center 2,2944416,NA,Valencia,1,1,€ 32,2019/11/20,2019/11/21,0,"6,1",30
Loft Central Market - Breakfast Juice!,3187998,Apartamentos,Valencia,1,1,€ 83,2019/11/20,2019/11/21,0,"6,4",30
Plaza de la Virgen,3167342,Apartamento,Valencia,1,1,€ 115,2019/11/20,2019/11/21,0,"8,8",30
Friendly Rentals Casals,1769176,Apartamento,Valencia,1,1,€ 115,2019/11/20,2019/11/21,0,"8,6",30
malva-beach,3653248,Apartamento,Valencia,1,1,NA,2019/11/20,2019/11/21,0,"9,2",30
Vamos A la Playa,5030500,Apartamento,Valencia,1,1,€ 90,2019/11/20,2019/11/21,0,"6,1",30
RoomTuristValencia - Ruzafa,4608394,NA,Valencia,1,1,€ 25,2019/11/20,2019/11/21,0,"5,5",30
Ruzafa Guesthouse,2269176,NA,Valencia,1,1,€ 30,2019/11/20,2019/11/21,0,"5,5",30
Gon & Diego House,4899561,NA,Valencia,1,1,€ 40,2019/11/20,2019/11/21,0,"5,5",30
MD Modern Hotel - Jardines,305447,NA,Valencia,1,1,€ 84,2019/11/20,2019/11/21,1,"8,3",30
City Suites Apartments,3091106,NA,Valencia,1,1,€ 84,2019/11/20,2019/11/21,0,"8,4",30
Ad Hoc Monumental,90719,NA,Valencia,1,1,NA,2019/11/20,2019/11/21,3,"8,6",30
Carrer del Bisbe Jaume Pérez,4900140,NA,Valencia,1,1,€ 60,2019/11/20,2019/11/21,0,"5,9",30
Guest House Higinio Noja,2845935,NA,Valencia,1,1,€ 60,2019/11/20,2019/11/21,0,"5,9",30
Kirei Apartment Berlin,4504570,Apartamentos,Valencia,1,1,€ 92,2019/11/20,2019/11/21,0,"5,6",30
Kirei Apartment Denver,4585191,Apartamento,Valencia,1,1,€ 137,2019/11/20,2019/11/21,0,"5,6",30
Rosa del mar2,4259814,Apartamento,Valencia,1,1,€ 259,2019/11/20,2019/11/21,0,"9,1",30
MD Julio Antonio Apartment Center,3961049,Apartamento,Valencia,1,1,€ 285,2019/11/20,2019/11/21,0,"9,2",30
Old Fisherman's House in Malvarrosa Beach,3618172,Apartamento,Valencia,1,1,€ 360,2019/11/20,2019/11/21,0,"9,4",30
The River Hostel,494202,NA,Valencia,1,1,€ 22,2019/11/20,2019/11/21,0,"8,5",30
OCEANOGRAFIC DELUXE- PARKING- WI-FI,4095746,Apartamento,Valencia,1,1,NA,2019/11/20,2019/11/21,0,"9,1",30
Kirei Apartment Portland,4276529,Apartamentos,Valencia,1,1,€ 200,2019/11/20,2019/11/21,0,"5,9",30
Guest House Torres de Quart,2275006,NA,Valencia,1,1,€ 30,2019/11/20,2019/11/21,0,"5,3",30
Living Valencia - Les Arts Apartment,2741683,Apartamento,Valencia,1,1,NA,2019/11/20,2019/11/21,0,"8,8",30
Oliver,4865093,NA,Valencia,1,1,€ 35,2019/11/20,2019/11/21,0,"5,4",30
Pensión Alicante,298710,NA,Valencia,1,1,€ 33,2019/11/20,2019/11/21,0,"8,5",30
UNIK. Apartments Valencia,2241282,Apartamentos,Valencia,1,1,€ 42,2019/11/20,2019/11/21,0,"8,5",30
Russafa Youth Hostel,345134,NA,Valencia,1,1,€ 42,2019/11/20,2019/11/21,0,"8,6",30
Vincci Lys,91183,NA,Valencia,1,1,€ 119,2019/11/20,2019/11/21,4,"8,9",30
Vincci Palace,94163,NA,Valencia,1,1,€ 119,2019/11/20,2019/11/21,4,"8,6",30
Flatsforyou Mercat,1367507,Apartamentos,Valencia,1,1,€ 120,2019/11/20,2019/11/21,3,"8,9",30
RoomTuristValencia Estacion del Norte,4682632,NA,Valencia,1,1,€ 35,2019/11/20,2019/11/21,0,5,30
Guest House Ruzafa,2324552,NA,Valencia,1,1,€ 35,2019/11/20,2019/11/21,0,"5,1",30
Quart Youth Hostel,476418,NA,Valencia,1,1,€ 42,2019/11/20,2019/11/21,0,"8,6",30
Art&Flats Bed&Breakfast,5238345,NA,Valencia,1,1,€ 43,2019/11/20,2019/11/21,0,"8,8",30
Port of Valencia,3805735,Apartamento,Valencia,1,1,€ 75,2019/11/20,2019/11/21,0,"5,1",30
RoomTuristValencia Torres de Quart,4565643,NA,Valencia,1,1,€ 25,2019/11/20,2019/11/21,0,"4,6",30
Friendly Rentals Soler,1634237,Apartamento,Valencia,1,1,€ 120,2019/11/20,2019/11/21,0,"8,7",30
Apartamentos Valencia - Brazil 31 Free WiFi,4948554,Apartamento,Valencia,1,1,€ 125,2019/11/20,2019/11/21,0,"8,8",30
Friendly Rentals Verdi 2,2523881,Apartamento,Valencia,1,1,€ 125,2019/11/20,2019/11/21,0,"8,8",30
Precioso apartamento al lado de la playa,3370990,Apartamento,Valencia,1,1,NA,2019/11/20,2019/11/21,0,"9,2",30
AC Hotel Colon Valencia,1117150,NA,Valencia,1,1,€ 126,2019/11/20,2019/11/21,4,"8,7",30
Hotel Malcom and Barret,483261,NA,Valencia,1,1,€ 47,2019/11/20,2019/11/21,3,"8,7",30
Apartamento en la Ciudad de las Artes y las Ciencias,3552283,Apartamento,Valencia,1,1,NA,2019/11/20,2019/11/21,0,"9,4",30
Zalamera BnB,1331238,NA,Valencia,1,1,€ 47,2019/11/20,2019/11/21,0,"8,7",30
B&B Almirante,369695,NA,Valencia,1,1,€ 48,2019/11/20,2019/11/21,1,"8,8",30
Isabel,4442066,Apartamento,Valencia,1,1,€ 127,2019/11/20,2019/11/21,0,"8,6",30
ValentiaApartments - MercadoCentral,4185241,Apartamentos,Valencia,1,1,€ 129,2019/11/20,2019/11/21,0,"8,8",30
Precioso Apartamento En Pleno Centro Con Wifi,3023494,Apartamento,Valencia,1,1,€ 130,2019/11/20,2019/11/21,0,"8,8",30
FREE WI-FI. Apartamentos 90 м2 - Assutzena 5,4828764,Apartamento,Valencia,1,1,€ 132,2019/11/20,2019/11/21,0,"8,6",30
Buho House,3777691,Apartahotel,Valencia,1,1,€ 49,2019/11/20,2019/11/21,0,"8,5",30
Hotel Olympia Universidades,1301731,NA,Valencia,1,1,€ 49,2019/11/20,2019/11/21,3,"8,5",30
Apartamento Gran Vía Marqués del Turia,2358973,Apartamento,Valencia,1,1,€ 139,2019/11/20,2019/11/21,0,"8,5",30
Travel Habitat Jardines del Real,3384166,Apartamento,Valencia,1,1,NA,2019/11/20,2019/11/21,0,9,30
Cathedral Suites Hotel,1736257,Apartahotel,Valencia,1,1,€ 139,2019/11/20,2019/11/21,4,"8,9",30
Hospes Palau de La Mar,93823,NA,Valencia,1,1,€ 149,2019/11/20,2019/11/21,5,"8,8",30
Estrella de russafa,5352439,NA,Valencia,1,1,€ 50,2019/11/20,2019/11/21,0,"8,7",30
Apartamento LUXURY CENTRO HISTORICO,3664772,Apartamento,Valencia,1,1,€ 149,2019/11/20,2019/11/21,0,"8,5",30
Apartamento Sofia,2552406,Apartamento,Valencia,1,1,€ 150,2019/11/20,2019/11/21,0,"8,6",30
Mar & City Apartment,3456759,Apartamento,Valencia,1,1,€ 157,2019/11/20,2019/11/21,0,"8,9",30
Friendly Rentals Vives 2,2523871,Apartamento,Valencia,1,1,€ 160,2019/11/20,2019/11/21,0,"8,8",30
Apartment Malvarrosa Beach Cavite,1961815,Apartamento,Valencia,1,1,NA,2019/11/20,2019/11/21,0,"9,2",30
Puerta de Serranos,2734333,Apartamentos,Valencia,1,1,€ 161,2019/11/20,2019/11/21,0,"8,9",30
The Westin Valencia,93321,NA,Valencia,1,1,€ 168,2019/11/20,2019/11/21,5,"8,7",30
Carlos & Ana,2079019,Apartamento,Valencia,1,1,€ 195,2019/11/20,2019/11/21,0,"8,9",30
Canela`s Vintage Ruzafa Centro,4652584,Apartamento,Valencia,1,1,€ 200,2019/11/20,2019/11/21,0,"8,5",30
Exclusive Beach Apartment,4641691,Apartamento,Valencia,1,1,€ 205,2019/11/20,2019/11/21,0,"8,9",30
Valencia maritimo,3020748,Apartamento,Valencia,1,1,€ 70,2019/11/20,2019/11/21,0,"8,9",30
Eurostars Acteón,90495,NA,Valencia,1,1,€ 71,2019/11/20,2019/11/21,4,"8,5",30
Center Valencia,2944722,Casa o chalet,Valencia,1,1,NA,2019/11/20,2019/11/21,0,"9,3",30
Hotel San Lorenzo Boutique,1307718,NA,Valencia,1,1,€ 72,2019/11/20,2019/11/21,3,"8,6",30
Pio XII Apartments Valencia,402080,Apartamentos,Valencia,1,1,€ 72,2019/11/20,2019/11/21,0,"8,5",30
BUBUFLATS / Mercat,783206,Apartamentos,Valencia,1,1,€ 75,2019/11/20,2019/11/21,0,"8,9",30
Original Domino House,5434091,NA,Valencia,1,1,€ 75,2019/11/20,2019/11/21,0,"8,8",30
Burjassot Mestalla,3058627,Apartamento,Valencia,1,1,€ 75,2019/11/20,2019/11/21,0,"8,6",30
Boutique Creative Rooms,2334726,NA,Valencia,1,1,€ 76,2019/11/20,2019/11/21,0,"8,7",30
Total Valencia White,2201908,Apartamento,Valencia,1,1,NA,2019/11/20,2019/11/21,0,"9,1",30
Hotel Mediterraneo Valencia,92412,NA,Valencia,1,1,€ 78,2019/11/20,2019/11/21,3,"8,8",30
Lotelito,570027,NA,Valencia,1,1,€ 78,2019/11/20,2019/11/21,0,"8,9",30
Balandra Flat,2032624,Apartamento,Valencia,1,1,€ 79,2019/11/20,2019/11/21,0,"8,6",30
Jardín Botánico Hotel Boutique,93369,NA,Valencia,1,1,€ 79,2019/11/20,2019/11/21,3,"8,9",30
Turia Burjassot 12,3237353,Apartamento,Valencia,1,1,€ 80,2019/11/20,2019/11/21,0,"8,9",30
SAN RAMÓN,2238556,Apartamento,Valencia,1,1,€ 80,2019/11/20,2019/11/21,0,"8,6",30
Apartments Abate 4,2848648,Apartamentos,Valencia,1,1,NA,2019/11/20,2019/11/21,0,"9,1",30
BUBUFLATS Mossén,1141763,Apartamentos,Valencia,1,1,€ 80,2019/11/20,2019/11/21,0,"8,9",30
Petit Palace Ruzafa,90792,NA,Valencia,1,1,€ 80,2019/11/20,2019/11/21,3,"8,7",30
Casual del Cine Valencia,572187,NA,Valencia,1,1,€ 80,2019/11/20,2019/11/21,2,"8,6",30
Suites by Eric Olsan (Florista),4726450,Apartamentos,Valencia,1,1,€ 82,2019/11/20,2019/11/21,0,"8,5",30
Valenciaflats Centro Histórico,94781,Apartamentos,Valencia,1,1,€ 82,2019/11/20,2019/11/21,0,"8,7",30
Hotel El Siglo,1741479,NA,Valencia,1,1,€ 82,2019/11/20,2019/11/21,3,"8,5",30
APARTAMENTO FRENTE AL MAR - Mare Nostrum,1879022,Apartamento,Valencia,1,1,NA,2019/11/20,2019/11/21,0,"9,2",30
One Shot Palacio Reina Victoria 04,90885,NA,Valencia,1,1,€ 84,2019/11/20,2019/11/21,4,"8,6",30
Valencian Apartment,2298621,Apartamento,Valencia,1,1,€ 84,2019/11/20,2019/11/21,0,"8,9",30
Casa de Maria,2467712,Apartamento,Valencia,1,1,€ 85,2019/11/20,2019/11/21,0,"8,6",30
New Trendy apartment,2426154,Apartamento,Valencia,1,1,€ 85,2019/11/20,2019/11/21,0,"8,6",30
Barceló Valencia,91988,NA,Valencia,1,1,€ 86,2019/11/20,2019/11/21,4,"8,7",30
