name,propertyId,propertyType,city,rooms,days,price,checkIn,checkOut,stars,score,advance
Casual Socarrat Valencia,5142800,NA,Valencia,1,1,€ 117,2019/10/22,2019/10/23,3,"9,2",14
Apartments Abate 4,2848648,Apartamentos,Valencia,1,1,€ 118,2019/10/22,2019/10/23,0,9,14
Central Park Apartment Valencia,3881533,Apartamento,Valencia,1,1,NA,2019/10/22,2019/10/23,0,"9,5",14
Welcome Apartamentos Pintor Stolz 31 Valencia,5019066,Apartamento,Valencia,1,1,€ 119,2019/10/22,2019/10/23,0,"9,2",14
15 Avinguda Mare Nostrum,4518973,Apartamento,Valencia,1,1,€ 120,2019/10/22,2019/10/23,0,"9,4",14
Sorolla Centro,90896,NA,Valencia,1,1,€ 121,2019/10/22,2019/10/23,3,"9,1",14
Hogar Vera Apartments&Bikes,1807919,Apartamentos,Valencia,1,1,€ 129,2019/10/22,2019/10/23,0,"9,4",14
Friendly Rentals Torrealba,1634243,Apartamento,Valencia,1,1,€ 130,2019/10/22,2019/10/23,0,"9,4",14
HQ Rooms Apartments San Vicente,2894429,Apartamentos,Valencia,1,1,€ 131,2019/10/22,2019/10/23,0,"9,2",14
Charming Ninetta,3220582,Apartamento,Valencia,1,1,NA,2019/10/22,2019/10/23,0,"9,5",14
Live in Chianti Apartaments,2882632,Apartamentos,Valencia,1,1,€ 132,2019/10/22,2019/10/23,0,"9,1",14
Pintor Salvador Abril 24 Apartment,3249845,Apartamento,Valencia,1,1,€ 134,2019/10/22,2019/10/23,0,9,14
One Shot Mercat 09,2274203,NA,Valencia,1,1,€ 149,2019/10/22,2019/10/23,4,"9,1",14
Apartamentos Edificio Palomar,189277,Apartamentos,Valencia,1,1,€ 149,2019/10/22,2019/10/23,0,"9,2",14
ARENAS 2 APARTAMENT,2808815,Apartamento,Valencia,1,1,€ 150,2019/10/22,2019/10/23,0,9,14
Sweet Caroline Apartment,1811784,Apartamento,Valencia,1,1,€ 150,2019/10/22,2019/10/23,0,"9,2",14
APARTAMENTO DE DISEÑO EN PLAZA MANISES,2823390,Apartamento,Valencia,1,1,NA,2019/10/22,2019/10/23,0,"9,7",14
B BEACH VALENCIA,5125954,Apartamento,Valencia,1,1,€ 150,2019/10/22,2019/10/23,0,"9,1",14
Center City Flats,861452,Apartamentos,Valencia,1,1,€ 154,2019/10/22,2019/10/23,0,"9,1",14
Duplex en Blasco Ibáñez,3672426,Apartamento,Valencia,1,1,€ 155,2019/10/22,2019/10/23,0,"9,1",14
MD Modern Hotel - Jardines,305447,NA,Valencia,1,1,€ 75,2019/10/22,2019/10/23,1,"8,3",14
Silken Puerta Valencia,91182,NA,Valencia,1,1,€ 75,2019/10/22,2019/10/23,4,"8,3",14
Center Valencia,2944722,Casa o chalet,Valencia,1,1,NA,2019/10/22,2019/10/23,0,"9,3",14
Style Apartments Puerto,1558265,Apartamentos,Valencia,1,1,€ 77,2019/10/22,2019/10/23,0,8,14
Senator Parque Central Hotel,274963,NA,Valencia,1,1,€ 77,2019/10/22,2019/10/23,4,"8,1",14
Edificio Pentagono,4673669,Apartamento,Valencia,1,1,€ 155,2019/10/22,2019/10/23,0,"9,1",14
MYR Hotel Plaza Mercado & Spa,1619029,Apartahotel,Valencia,1,1,€ 166,2019/10/22,2019/10/23,0,"9,2",14
Mon Suites San Martin,2777545,Apartamentos,Valencia,1,1,€ 168,2019/10/22,2019/10/23,0,"9,4",14
Preciosa Casita Cerca Del Mar,4057271,Apartamento,Valencia,1,1,NA,2019/10/22,2019/10/23,0,"9,8",14
NH Collection Colón Valencia,3828811,NA,Valencia,1,1,€ 176,2019/10/22,2019/10/23,4,"9,2",14
Zerka Sendra,4657122,Apartamento,Valencia,1,1,€ 179,2019/10/22,2019/10/23,0,9,14
Las Arenas Balneario Resort,91144,NA,Valencia,1,1,€ 189,2019/10/22,2019/10/23,5,9,14
Vincci Mercat,1279484,NA,Valencia,1,1,€ 198,2019/10/22,2019/10/23,4,9,14
Loft Superior el Carmen,2784473,Apartamento,Valencia,1,1,€ 209,2019/10/22,2019/10/23,0,"9,2",14
Sweet Hotel Renasa,274818,NA,Valencia,1,1,€ 79,2019/10/22,2019/10/23,3,8,14
Hotel Miramar,23332,NA,Valencia,1,1,€ 79,2019/10/22,2019/10/23,2,"8,4",14
Eurostars Rey Don Jaime,91520,NA,Valencia,1,1,€ 80,2019/10/22,2019/10/23,4,"8,2",14
Hotel Olympia Universidades,1301731,NA,Valencia,1,1,€ 83,2019/10/22,2019/10/23,3,"8,4",14
Apartamento Valencia Center,410101,Apartamentos,Valencia,1,1,NA,2019/10/22,2019/10/23,0,"9,4",14
SHF Flats Baron,1033085,Apartamentos,Valencia,1,1,€ 84,2019/10/22,2019/10/23,0,8,14
APARTAMENTO LAS MELLIZAS,4651578,NA,Valencia,1,1,€ 42,2019/10/22,2019/10/23,0,"8,4",14
Hotel Valencia Center,91285,NA,Valencia,1,1,€ 84,2019/10/22,2019/10/23,4,"8,4",14
Hostal Penalty,189209,NA,Valencia,1,1,€ 85,2019/10/22,2019/10/23,1,8,14
Holiday Inn Express Ciudad de las Ciencias,96737,NA,Valencia,1,1,€ 86,2019/10/22,2019/10/23,3,8,14
HOSPEDAJE PESET,4718074,NA,Valencia,1,1,€ 40,2019/10/22,2019/10/23,0,"7,3",14
La Flamenca,818359,NA,Valencia,1,1,€ 40,2019/10/22,2019/10/23,0,"7,2",14
OCEANOGRAFIC APARTMENT. PARKING. WI-FI,3107716,Apartamentos,Valencia,1,1,NA,2019/10/22,2019/10/23,0,9,14
NWT Central Station Valencia,1647017,NA,Valencia,1,1,€ 46,2019/10/22,2019/10/23,0,"7,1",14
Attic Rooms in Botánico,5522932,NA,Valencia,1,1,€ 48,2019/10/22,2019/10/23,0,"7,2",14
HOSTAL BED OF THE SEA,3974636,NA,Valencia,1,1,€ 50,2019/10/22,2019/10/23,0,"7,1",14
Apartamento Plaza Sainetero,2743838,Apartamento,Valencia,1,1,€ 86,2019/10/22,2019/10/23,0,"8,2",14
APARTAMENTO CENTRICO. WI-FI. PARKING,2967593,Apartamento,Valencia,1,1,NA,2019/10/22,2019/10/23,0,"9,1",14
Ilunion Valencia 4,754329,NA,Valencia,1,1,€ 87,2019/10/22,2019/10/23,4,"8,1",14
Primus Valencia,331871,NA,Valencia,1,1,€ 87,2019/10/22,2019/10/23,4,"8,3",14
Centro Valencia Calle Cerrajeros,3476261,NA,Valencia,1,1,€ 50,2019/10/22,2019/10/23,0,"7,1",14
PISO ACOGEDOR,4995780,NA,Valencia,1,1,€ 50,2019/10/22,2019/10/23,0,"7,1",14
Avenida del Cid (Centrico),4737683,Apartamento,Valencia,1,1,€ 51,2019/10/22,2019/10/23,0,"7,2",14
Mon Suites San Nicolas,4117225,Apartamentos,Valencia,1,1,NA,2019/10/22,2019/10/23,0,"9,2",14
RoomTuristValencia RuzafaSumsi,4682802,NA,Valencia,1,1,€ 35,2019/10/22,2019/10/23,0,"4,5",14
Constitucion Guesthouse,2985942,NA,Valencia,1,1,€ 30,2019/10/22,2019/10/23,0,"3,7",14
Turia Burjassot 12,3237353,Apartamento,Valencia,1,1,NA,2019/10/22,2019/10/23,0,9,14
Double Room in VALENCIA,5665653,NA,Valencia,1,1,€ 25,2019/10/22,2019/10/23,0,,14
Hostal la Barraca,350013,NA,Valencia,1,1,€ 55,2019/10/22,2019/10/23,0,"7,2",14
B&B El Mercat,2203530,NA,Valencia,1,1,€ 55,2019/10/22,2019/10/23,0,"7,3",14
Plaza Redonda house.,4399973,NA,Valencia,1,1,€ 58,2019/10/22,2019/10/23,0,"7,4",14
Habitación muy cerca de la playa.,5395908,NA,Valencia,1,1,€ 40,2019/10/22,2019/10/23,0,,14
Bright room with trundle bed,5560260,NA,Valencia,1,1,€ 46,2019/10/22,2019/10/23,0,,14
Lindala,5250762,NA,Valencia,1,1,€ 49,2019/10/22,2019/10/23,0,,14
Apartamento Ciudad de las Artes y las Ciencias,4353552,Apartamento,Valencia,1,1,€ 90,2019/10/22,2019/10/23,0,"8,3",14
NH Valencia Las Artes,90731,NA,Valencia,1,1,€ 91,2019/10/22,2019/10/23,4,"8,4",14
NH Ciudad de Valencia,90729,NA,Valencia,1,1,€ 91,2019/10/22,2019/10/23,3,"8,1",14
vosotros sereis parte de mi familia.,5299568,NA,Valencia,1,1,€ 50,2019/10/22,2019/10/23,0,,14
Rooms El Picolino,5326859,NA,Valencia,1,1,€ 52,2019/10/22,2019/10/23,0,,14
Olvida tu Reloj Montichelvo Apartment,3258095,Apartamento,Valencia,1,1,NA,2019/10/22,2019/10/23,0,"9,4",14
Apartamentos Navío,5647176,Apartamento,Valencia,1,1,€ 60,2019/10/22,2019/10/23,0,,14
Hogar Dulce Hogar,5426607,NA,Valencia,1,1,€ 60,2019/10/22,2019/10/23,0,,14
Apartamento cerca de la playa y de la ciudad,3372933,Apartamento,Valencia,1,1,€ 64,2019/10/22,2019/10/23,0,,14
Valencia- habitacion,5366858,NA,Valencia,1,1,€ 65,2019/10/22,2019/10/23,0,,14
Comfort Homestay,5423155,NA,Valencia,1,1,€ 67,2019/10/22,2019/10/23,0,,14
Piso en Playa de Valencia,5533098,Apartamento,Valencia,1,1,€ 70,2019/10/22,2019/10/23,0,,14
Balandra Flat,2032624,Apartamento,Valencia,1,1,€ 79,2019/10/22,2019/10/23,0,"8,6",14
Suites by Eric Olsan (Florista),4726450,Apartamentos,Valencia,1,1,€ 82,2019/10/22,2019/10/23,0,"8,6",14
Espai Loft Santa Mónica,4574135,Apartamento,Valencia,1,1,NA,2019/10/22,2019/10/23,0,"9,8",14
Boutique Creative Rooms,2334726,NA,Valencia,1,1,€ 85,2019/10/22,2019/10/23,0,"8,7",14
Ad Hoc Carmen,1173270,NA,Valencia,1,1,€ 85,2019/10/22,2019/10/23,2,"8,9",14
Apartment Horticultor Bosch,1148669,Apartamentos,Valencia,1,1,€ 60,2019/10/22,2019/10/23,0,"7,3",14
Mi casa es vuestra casa,4967097,NA,Valencia,1,1,€ 70,2019/10/22,2019/10/23,0,"7,1",14
Cosy Rooms Embajador,369728,NA,Valencia,1,1,€ 70,2019/10/22,2019/10/23,2,"7,4",14
Amazing in Town Hall Square,3834085,Apartamento,Valencia,1,1,NA,2019/10/22,2019/10/23,0,9,14
NWT Monserrat,3728842,Apartamentos,Valencia,1,1,€ 72,2019/10/22,2019/10/23,0,7,14
Center Venezuela Apartments,4459021,Apartamentos,Valencia,1,1,€ 87,2019/10/22,2019/10/23,0,"8,5",14
Eurostars Acteón,90495,NA,Valencia,1,1,€ 89,2019/10/22,2019/10/23,4,"8,5",14
BUBUFLATS / Mercat,783206,Apartamentos,Valencia,1,1,€ 90,2019/10/22,2019/10/23,0,"8,9",14
Habitacion PLaza Ayuntamiento,4365340,NA,Valencia,1,1,€ 40,2019/10/22,2019/10/23,0,"7,5",14
Valencia Lounge Hostel,337203,NA,Valencia,1,1,€ 42,2019/10/22,2019/10/23,0,"7,7",14
MÍ casa YOUR HOME,3328967,Apartamento,Valencia,1,1,NA,2019/10/22,2019/10/23,0,"9,2",14
NH Valencia Center,90727,NA,Valencia,1,1,€ 98,2019/10/22,2019/10/23,4,"8,3",14
Casa Cabañal,2436758,Casa o chalet,Valencia,1,1,NA,2019/10/22,2019/10/23,0,9,14
NWT Central Station Apartments,3964093,Apartamento,Valencia,1,1,€ 99,2019/10/22,2019/10/23,0,"8,3",14
Plaza Del Carmen,1737254,Apartamento,Valencia,1,1,€ 100,2019/10/22,2019/10/23,0,8,14
Casual de las Artes Valencia,538056,NA,Valencia,1,1,€ 104,2019/10/22,2019/10/23,3,"8,4",14
Malvarrosa Beach Rooms,314048,NA,Valencia,1,1,€ 73,2019/10/22,2019/10/23,2,7,14
Cosy Rooms Bolsería,371606,NA,Valencia,1,1,€ 74,2019/10/22,2019/10/23,2,"7,4",14
Premium Apartments,486507,Apartamentos,Valencia,1,1,€ 74,2019/10/22,2019/10/23,0,7,14
SHF Sevilla Loft,850157,Apartamentos,Valencia,1,1,€ 79,2019/10/22,2019/10/23,0,"7,3",14
Voyagers Inn Homestay,2682156,NA,Valencia,1,1,€ 42,2019/10/22,2019/10/23,0,"7,8",14
Valencia City Host,1177077,NA,Valencia,1,1,€ 43,2019/10/22,2019/10/23,0,"7,8",14
Apartment Valencia,348555,Apartamentos,Valencia,1,1,€ 108,2019/10/22,2019/10/23,0,"8,1",14
El Coso,14580,NA,Valencia,1,1,€ 109,2019/10/22,2019/10/23,3,"8,2",14
Valencia Apartmans El Carmen,847910,Apartamentos,Valencia,1,1,€ 83,2019/10/22,2019/10/23,0,"7,4",14
Apartamento,3139431,Apartamento,Valencia,1,1,NA,2019/10/22,2019/10/23,0,"9,4",14
Accommodation Beach Apartments,1001766,Apartamentos,Valencia,1,1,€ 90,2019/10/22,2019/10/23,0,"7,1",14
La Casa dei Fiori,2849727,Apartamento,Valencia,1,1,€ 90,2019/10/22,2019/10/23,0,"7,1",14
Kirei Apartment Vienna,4639797,Apartamento,Valencia,1,1,€ 92,2019/10/22,2019/10/23,0,"7,4",14
Kirei Apartment Calgary,4768322,Apartamento,Valencia,1,1,€ 99,2019/10/22,2019/10/23,0,"7,4",14
Homestay & OLEE,4132920,NA,Valencia,1,1,€ 110,2019/10/22,2019/10/23,0,"7,4",14
Hotel Beleret,94652,NA,Valencia,1,1,€ 44,2019/10/22,2019/10/23,3,"7,6",14
Hospederia del Pilar,327766,NA,Valencia,1,1,€ 45,2019/10/22,2019/10/23,0,"7,9",14
OYO Pensión El Rincón,476031,NA,Valencia,1,1,€ 45,2019/10/22,2019/10/23,1,"7,6",14
Casual Civilizaciones Valencia,449777,NA,Valencia,1,1,€ 47,2019/10/22,2019/10/23,0,"7,9",14
APARTAMENTO FRENTE AL MAR - Mare Nostrum,1879022,Apartamento,Valencia,1,1,NA,2019/10/22,2019/10/23,0,"9,3",14
Forn desamparats,2380447,Apartamento,Valencia,1,1,NA,2019/10/22,2019/10/23,0,"9,4",14
Loft Turia Gran,5133726,Apartamento,Valencia,1,1,€ 80,2019/10/22,2019/10/23,0,,14
Casa Adosada Quintero,5481770,Casa o chalet,Valencia,1,1,€ 103,2019/10/22,2019/10/23,0,,14
Hotel Cosmo,4838858,NA,Valencia,1,1,€ 104,2019/10/22,2019/10/23,3,,14
Apartamentos Artesa 22 Valencia,5546723,Apartamento,Valencia,1,1,€ 109,2019/10/22,2019/10/23,0,,14
Apartamento de 3 habitaciones junto al Rio Turia,3182157,Apartamento,Valencia,1,1,€ 115,2019/10/22,2019/10/23,0,,14
CASA MARQUES DE CARO,4472176,Apartamento,Valencia,1,1,€ 121,2019/10/22,2019/10/23,0,,14
La casita de Palomar,2132386,Apartamentos,Valencia,1,1,NA,2019/10/22,2019/10/23,0,"9,3",14
Cerca de la Playa- el Puerto y del Oceanográfico,5211380,Apartamento,Valencia,1,1,€ 151,2019/10/22,2019/10/23,0,,14
The White Apartment: Luxury- Beach and Design,5631365,Apartamento,Valencia,1,1,€ 167,2019/10/22,2019/10/23,0,,14
Cabanyal-3 Bed- Beach-City Penthouse-Terrace-WI-FI,5274200,Apartamento,Valencia,1,1,€ 199,2019/10/22,2019/10/23,0,,14
Rooms Valencia Center,5507857,NA,Valencia,1,1,€ 49,2019/10/22,2019/10/23,0,"7,7",14
Apartamentos Adressadors,1743173,Apartamentos,Valencia,1,1,€ 50,2019/10/22,2019/10/23,0,"7,7",14
Aventura,5567318,NA,Valencia,1,1,€ 50,2019/10/22,2019/10/23,0,"7,9",14
"Flat ""Ca Alexandre""",3687859,Apartamento,Valencia,1,1,€ 200,2019/10/22,2019/10/23,0,,14
Apartment Carrer de Don Juan de Austria,5464038,Apartamentos,Valencia,1,1,€ 275,2019/10/22,2019/10/23,0,,14
Apartamentos Rusafa,5604325,NA,Valencia,1,1,€ 50,2019/10/22,2019/10/23,0,"7,8",14
Casual de la Música Valencia,273130,NA,Valencia,1,1,€ 51,2019/10/22,2019/10/23,2,"7,5",14
Como en casa,4802186,NA,Valencia,1,1,€ 54,2019/10/22,2019/10/23,0,"7,9",14
Cristina Apartmento Center,3130386,Apartamento,Valencia,1,1,NA,2019/10/22,2019/10/23,0,"9,3",14
Habitacion por dias Centro Valencia,3977106,NA,Valencia,1,1,€ 55,2019/10/22,2019/10/23,0,"7,8",14
SEA YOU HOTEL PORT VALENCIA,92328,NA,Valencia,1,1,€ 59,2019/10/22,2019/10/23,4,"7,7",14
Apartments Madrina,3278589,Apartamentos,Valencia,1,1,€ 90,2019/10/22,2019/10/23,0,"8,9",14
Apartment Sofi,2830696,Apartamento,Valencia,1,1,NA,2019/10/22,2019/10/23,0,"9,8",14
SKY TOURISTIC ATTIC,281640,Apartamentos,Valencia,1,1,€ 90,2019/10/22,2019/10/23,0,"8,5",14
Casa de Maria,2467712,Apartamento,Valencia,1,1,€ 90,2019/10/22,2019/10/23,0,"8,6",14
Valenciaflats Centro Histórico,94781,Apartamentos,Valencia,1,1,€ 91,2019/10/22,2019/10/23,0,"8,7",14
Hostal Bisbal,235665,NA,Valencia,1,1,€ 60,2019/10/22,2019/10/23,1,"7,5",14
Jero Rooms,296743,NA,Valencia,1,1,€ 62,2019/10/22,2019/10/23,0,"7,7",14
United Colors of Studios - Mercado Central,2574108,Apartamentos,Valencia,1,1,€ 65,2019/10/22,2019/10/23,0,"7,8",14
València Centre Túria,2185255,Apartamento,Valencia,1,1,€ 94,2019/10/22,2019/10/23,0,"8,8",14
Perla Apartments,3146781,Apartamentos,Valencia,1,1,€ 95,2019/10/22,2019/10/23,0,"8,7",14
One Shot Colón 46,1394168,NA,Valencia,1,1,€ 95,2019/10/22,2019/10/23,3,"8,7",14
Stay at Valencia Downtown,1840715,Apartamento,Valencia,1,1,NA,2019/10/22,2019/10/23,0,"9,5",14
New Trendy apartment,2426154,Apartamento,Valencia,1,1,€ 95,2019/10/22,2019/10/23,0,"8,7",14
B&B Hotel Valencia Ciudad de las Ciencias,92242,NA,Valencia,1,1,€ 65,2019/10/22,2019/10/23,3,"7,5",14
Mediterranean Flats Plaza Redonda,4086496,Apartamentos,Valencia,1,1,NA,2019/10/22,2019/10/23,0,"9,2",14
Ilunion Valencia 3,92818,NA,Valencia,1,1,€ 66,2019/10/22,2019/10/23,3,"7,9",14
City Center Apartments,4426057,Apartamentos,Valencia,1,1,€ 68,2019/10/22,2019/10/23,0,"7,8",14
Hotel Turia,14441,NA,Valencia,1,1,€ 69,2019/10/22,2019/10/23,4,"7,5",14
Expo Hotel Valencia,91223,NA,Valencia,1,1,€ 73,2019/10/22,2019/10/23,3,"7,6",14
Cosy Rooms Tapinería,371192,NA,Valencia,1,1,€ 74,2019/10/22,2019/10/23,2,"7,5",14
Petit Palace Plaza de la Reina,90443,NA,Valencia,1,1,€ 95,2019/10/22,2019/10/23,3,"8,7",14
Melia Valencia,290493,NA,Valencia,1,1,€ 98,2019/10/22,2019/10/23,4,"8,8",14
Citizentral Gascons,332095,Apartamentos,Valencia,1,1,€ 98,2019/10/22,2019/10/23,0,"8,8",14
El Palacete Gran Via,3483148,NA,Valencia,1,1,€ 98,2019/10/22,2019/10/23,0,"8,7",14
Hotel Kramer,91106,NA,Valencia,1,1,€ 99,2019/10/22,2019/10/23,3,"8,8",14
Apartment Plaza Cisneros,1273377,Apartamentos,Valencia,1,1,NA,2019/10/22,2019/10/23,0,"9,7",14
Ad Hoc Monumental,90719,NA,Valencia,1,1,€ 99,2019/10/22,2019/10/23,3,"8,6",14
Casual del Cine Valencia,572187,NA,Valencia,1,1,€ 99,2019/10/22,2019/10/23,2,"8,6",14
United Colors of Apartments Boutique Style,5372347,Apartamentos,Valencia,1,1,€ 75,2019/10/22,2019/10/23,0,"9,5",14
LOFT apartamento duplex en Valencia con parking,5519008,Apartamento,Valencia,1,1,€ 75,2019/10/22,2019/10/23,0,"9,8",14
Valencia Apartamentos Goya,4256653,Apartamentos,Valencia,1,1,NA,2019/10/22,2019/10/23,0,10,14
B&B Hi Valencia Boutique,1301725,NA,Valencia,1,1,€ 103,2019/10/22,2019/10/23,0,"8,7",14
Soho Valencia,1538641,Apartahotel,Valencia,1,1,€ 104,2019/10/22,2019/10/23,0,"8,9",14
Sercotel Sorolla Palace,93646,NA,Valencia,1,1,€ 105,2019/10/22,2019/10/23,4,"8,6",14
Calle de Frederica Montseny 'Política' Casa o chalet,5152866,Casa o chalet,Valencia,1,1,€ 85,2019/10/22,2019/10/23,0,"9,6",14
Carmen Apartment,3308265,Apartamento,Valencia,1,1,€ 90,2019/10/22,2019/10/23,0,"9,6",14
Casa La Buhardilla,2985364,Apartamento,Valencia,1,1,€ 97,2019/10/22,2019/10/23,0,"9,6",14
Opera House Valencia B&B,3533887,NA,Valencia,1,1,€ 99,2019/10/22,2019/10/23,0,"9,5",14
Disfruta - Enjoy Valencia Ayuntamiento,4901194,Apartamento,Valencia,1,1,€ 105,2019/10/22,2019/10/23,0,"9,6",14
Ramirez Flats & Bar,4124528,Apartahotel,Valencia,1,1,€ 108,2019/10/22,2019/10/23,0,"9,5",14
Catalonia Excelsior,90578,NA,Valencia,1,1,€ 130,2019/10/22,2019/10/23,3,"8,7",14
Apartamento Sofia,2552406,Apartamento,Valencia,1,1,€ 130,2019/10/22,2019/10/23,0,"8,6",14
Apartment Cisneros 2,2361375,Apartamento,Valencia,1,1,NA,2019/10/22,2019/10/23,0,"9,7",14
Apartments Torres de Serranos Valencia,1099602,Apartamentos,Valencia,1,1,€ 125,2019/10/22,2019/10/23,0,"9,6",14
Duplex+Swimming pool+private entrance=Housen of LOVE,2999152,Apartamento,Valencia,1,1,€ 125,2019/10/22,2019/10/23,0,"9,6",14
Hostal Antigua Morellana,1273937,NA,Valencia,1,1,NA,2019/10/22,2019/10/23,1,"9,5",14
Disfruta - Enjoy Valencia Ruzafa,3890328,Apartamento,Valencia,1,1,€ 145,2019/10/22,2019/10/23,0,"9,7",14
Disfruta - Enjoy Valencia Oceanografic,4121345,Apartamento,Valencia,1,1,€ 145,2019/10/22,2019/10/23,0,"9,6",14
Apartment Regne De Valencia,1533033,Apartamentos,Valencia,1,1,€ 165,2019/10/22,2019/10/23,0,"9,5",14
SH Ingles Boutique Hotel,92956,NA,Valencia,1,1,€ 133,2019/10/22,2019/10/23,4,"8,5",14
Hotel Valencia Oceanic Managed by Melia Hotels International,91522,NA,Valencia,1,1,€ 142,2019/10/22,2019/10/23,4,"8,6",14
Disfruta - Enjoy Valencia Centre,3881970,Apartamento,Valencia,1,1,€ 169,2019/10/22,2019/10/23,0,"9,8",14
Cómoda habitación Valencia,4200488,NA,Valencia,1,1,NA,2019/10/22,2019/10/23,0,"9,6",14
MARQUÉS HOUSE 4* SUP,2118880,NA,Valencia,1,1,€ 249,2019/10/22,2019/10/23,4,"9,5",14
AC Hotel Colon Valencia,1117150,NA,Valencia,1,1,€ 144,2019/10/22,2019/10/23,4,"8,7",14
Hotel Neptuno,91206,NA,Valencia,1,1,€ 144,2019/10/22,2019/10/23,4,"8,5",14
In the heart of Soho- Ruzafa,4578496,Apartamento,Valencia,1,1,€ 148,2019/10/22,2019/10/23,0,"8,8",14
MD PASEO RUZAFA CENTER,5374850,Apartamento,Valencia,1,1,€ 1.030,2019/10/22,2019/10/23,0,"9,6",14
Cantagua Hostel,4074640,NA,Valencia,1,1,€ 40,2019/10/22,2019/10/23,0,"9,1",14
Vincci Palace,94163,NA,Valencia,1,1,€ 154,2019/10/22,2019/10/23,4,"8,7",14
Piso en La Ciudad de Artes,3832790,Apartamento,Valencia,1,1,NA,2019/10/22,2019/10/23,0,"9,6",14
Ilunion Aqua 4,92777,NA,Valencia,1,1,€ 156,2019/10/22,2019/10/23,4,"8,5",14
Cathedral Suites Hotel,1736257,Apartahotel,Valencia,1,1,€ 159,2019/10/22,2019/10/23,4,"8,9",14
Florista's Room en Valencia,5502152,NA,Valencia,1,1,€ 48,2019/10/22,2019/10/23,0,"9,1",14
YOU & CO. Saler Beach Boutique,4533007,NA,Valencia,1,1,€ 55,2019/10/22,2019/10/23,3,9,14
Habitación privada a 1500 metros de la playa,3789910,NA,Valencia,1,1,€ 60,2019/10/22,2019/10/23,0,"9,3",14
Apartment Cabanyal,3172456,Apartamento,Valencia,1,1,NA,2019/10/22,2019/10/23,0,"9,7",14
MIhotelitoespecial,3573906,Apartamento,Valencia,1,1,€ 160,2019/10/22,2019/10/23,0,"8,6",14
Hospes Palau de La Mar,93823,NA,Valencia,1,1,€ 176,2019/10/22,2019/10/23,5,"8,8",14
SH Valencia Palace,91497,NA,Valencia,1,1,€ 185,2019/10/22,2019/10/23,5,"8,5",14
Blanq Comedias,4922002,NA,Valencia,1,1,€ 63,2019/10/22,2019/10/23,0,9,14
Original Domino House,5434091,NA,Valencia,1,1,€ 69,2019/10/22,2019/10/23,0,9,14
Hostal Venecia,92883,NA,Valencia,1,1,€ 74,2019/10/22,2019/10/23,2,"9,1",14
Vincci Lys,91183,NA,Valencia,1,1,€ 193,2019/10/22,2019/10/23,4,"8,9",14
Apartamento torres serrano,4622232,Apartamento,Valencia,1,1,NA,2019/10/22,2019/10/23,0,"9,5",14
Canela`s Vintage Ruzafa Centro,4652584,Apartamento,Valencia,1,1,€ 200,2019/10/22,2019/10/23,0,"8,5",14
SingularStays Parque Central,3054000,Apartamentos,Valencia,1,1,€ 278,2019/10/22,2019/10/23,0,"8,8",14
The Westin Valencia,93321,NA,Valencia,1,1,€ 446,2019/10/22,2019/10/23,5,"8,7",14
Rooms Ciencias,94126,NA,Valencia,1,1,€ 77,2019/10/22,2019/10/23,0,9,14
APARTAMENTO CENTRO- RUZAFA. WI-FI. PARKING,3144104,Apartamento,Valencia,1,1,€ 80,2019/10/22,2019/10/23,0,"9,3",14
Habitación en valencia centro,5418023,NA,Valencia,1,1,€ 30,2019/10/22,2019/10/23,0,"8,3",14
Center Valencia Youth Hostel,246931,NA,Valencia,1,1,€ 38,2019/10/22,2019/10/23,0,8,14
Red Nest Hostel,92283,NA,Valencia,1,1,€ 38,2019/10/22,2019/10/23,0,"8,2",14
ÁTICO PTA 13 EN EL CENTRO DE VALENCIA VT-45727-T,4612077,Apartamento,Valencia,1,1,NA,2019/10/22,2019/10/23,0,"9,5",14
Apartamento Barato Valencia,3931013,NA,Valencia,1,1,€ 38,2019/10/22,2019/10/23,0,8,14
B&B Hi Valencia Canovas,305349,NA,Valencia,1,1,€ 42,2019/10/22,2019/10/23,0,"8,3",14
Habitacion en Valencia,4861732,NA,Valencia,1,1,€ 45,2019/10/22,2019/10/23,0,"8,2",14
Habitacion en Valencia Barata,4861796,NA,Valencia,1,1,€ 45,2019/10/22,2019/10/23,0,"8,2",14
Purple Nest Hostel,25278,NA,Valencia,1,1,€ 47,2019/10/22,2019/10/23,0,"8,2",14
