name,propertyId,propertyType,city,rooms,days,price,checkIn,checkOut,stars,score,advance
Hi Valencia Cánovas,4312120,Apartamentos,Valencia,1,1,€ 238,2019/10/26,2019/10/27,0,"8,9",14
Hotel San Lorenzo Boutique,1307718,NA,Valencia,1,1,€ 244,2019/10/26,2019/10/27,3,"8,6",14
Opera House Valencia B&B,3533887,NA,Valencia,1,1,NA,2019/10/26,2019/10/27,0,"9,5",14
SH Valencia Palace,91497,NA,Valencia,1,1,€ 250,2019/10/26,2019/10/27,5,"8,5",14
Hospes Palau de La Mar,93823,NA,Valencia,1,1,€ 261,2019/10/26,2019/10/27,5,"8,8",14
Ilunion Aqua 4,92777,NA,Valencia,1,1,€ 335,2019/10/26,2019/10/27,4,"8,5",14
Aventura,5567318,NA,Valencia,1,1,€ 50,2019/10/26,2019/10/27,0,8,14
L'Otelet By Sweet,1467935,NA,Valencia,1,1,€ 77,2019/10/26,2019/10/27,0,"8,3",14
Ilunion Valencia 4,754329,NA,Valencia,1,1,€ 87,2019/10/26,2019/10/27,4,"8,1",14
Valencia what else...,2550483,Apartamento,Valencia,1,1,NA,2019/10/26,2019/10/27,0,"9,5",14
Tryp Valencia Feria,92852,NA,Valencia,1,1,€ 99,2019/10/26,2019/10/27,4,"8,3",14
MD Modern Hotel - Jardines,305447,NA,Valencia,1,1,€ 114,2019/10/26,2019/10/27,1,"8,3",14
NH Valencia Center,90727,NA,Valencia,1,1,€ 127,2019/10/26,2019/10/27,4,"8,3",14
Urban Youth Hostel,1163025,NA,Valencia,1,1,€ 140,2019/10/26,2019/10/27,0,"8,4",14
Eurostars Gran Valencia,90484,NA,Valencia,1,1,€ 142,2019/10/26,2019/10/27,4,"8,4",14
Valenciaflats Torres de Serrano,17468,Apartamentos,Valencia,1,1,€ 147,2019/10/26,2019/10/27,0,"8,3",14
Ciudad Ciencias- Lujo- Parking- Wi-Fi.,4999636,Apartamento,Valencia,1,1,NA,2019/10/26,2019/10/27,0,"9,8",14
Sweet Hotel Continental,93856,NA,Valencia,1,1,€ 149,2019/10/26,2019/10/27,2,"8,3",14
Ilunion Aqua 3,92776,NA,Valencia,1,1,€ 166,2019/10/26,2019/10/27,3,"8,3",14
Senator Parque Central Hotel,274963,NA,Valencia,1,1,€ 166,2019/10/26,2019/10/27,4,"8,1",14
Eurostars Rey Don Jaime,91520,NA,Valencia,1,1,€ 170,2019/10/26,2019/10/27,4,"8,2",14
Lovely in turia gardens.,3870257,Apartamento,Valencia,1,1,€ 175,2019/10/26,2019/10/27,0,"8,4",14
NH Valencia Las Artes,90731,NA,Valencia,1,1,€ 175,2019/10/26,2019/10/27,4,"8,4",14
Luxury Center Plaza Redonda,5138960,Apartamento,Valencia,1,1,NA,2019/10/26,2019/10/27,0,"9,7",14
Primus Valencia,331871,NA,Valencia,1,1,€ 175,2019/10/26,2019/10/27,4,"8,3",14
Hotel Valencia Center,91285,NA,Valencia,1,1,€ 188,2019/10/26,2019/10/27,4,"8,4",14
Hotel Conqueridor,91047,NA,Valencia,1,1,€ 189,2019/10/26,2019/10/27,4,"8,4",14
Sweet Hotel Renasa,274818,NA,Valencia,1,1,€ 209,2019/10/26,2019/10/27,3,8,14
Zerka Centro,4425975,Apartamentos,Valencia,1,1,€ 219,2019/10/26,2019/10/27,0,"8,3",14
Loft Central Market - Tapas,3187998,Apartamento,Valencia,1,1,€ 116,2019/10/26,2019/10/27,0,"6,4",14
RoomTuristValencia - Ruzafa,4608394,NA,Valencia,1,1,€ 41,2019/10/26,2019/10/27,0,"5,6",14
Barracart Apartments,2125836,Apartamentos,Valencia,1,1,NA,2019/10/26,2019/10/27,0,"9,6",14
Home Sweet Home,1223953,NA,Valencia,1,1,€ 50,2019/10/26,2019/10/27,0,"5,5",14
Carrer del Bisbe Jaume Pérez,4900140,NA,Valencia,1,1,€ 60,2019/10/26,2019/10/27,0,"5,9",14
sueñavalencia,5603844,NA,Valencia,1,1,€ 75,2019/10/26,2019/10/27,0,"5,7",14
RoomTuristValencia Estacion del Norte,4682632,NA,Valencia,1,1,€ 64,2019/10/26,2019/10/27,0,"5,1",14
Oliver,4865093,NA,Valencia,1,1,€ 66,2019/10/26,2019/10/27,0,"5,4",14
Guest House Torres de Quart,2275006,NA,Valencia,1,1,€ 98,2019/10/26,2019/10/27,0,"5,3",14
Apartments Downtown Valencia,2250421,Apartamentos,Valencia,1,1,NA,2019/10/26,2019/10/27,0,"9,6",14
Guest House Ruzafa,2324552,NA,Valencia,1,1,€ 115,2019/10/26,2019/10/27,0,"5,1",14
Port of Valencia,3805735,Apartamento,Valencia,1,1,€ 120,2019/10/26,2019/10/27,0,5,14
RoomTuristValencia Torres de Quart,4565643,NA,Valencia,1,1,€ 62,2019/10/26,2019/10/27,0,"4,5",14
Guesthouse Plaza de Toros,2985902,NA,Valencia,1,1,€ 65,2019/10/26,2019/10/27,0,"4,8",14
RoomTuristValencia RuzafaSumsi,4682802,NA,Valencia,1,1,€ 105,2019/10/26,2019/10/27,0,"4,5",14
Guest House Duc de Gaeta,2275007,NA,Valencia,1,1,€ 105,2019/10/26,2019/10/27,0,"4,9",14
Apartamento Bolseria 28,881275,Apartamentos,Valencia,1,1,NA,2019/10/26,2019/10/27,0,"9,5",14
Constitucion Guesthouse,2985942,NA,Valencia,1,1,€ 83,2019/10/26,2019/10/27,0,"3,7",14
Masatepe Room Valencia,5687127,NA,Valencia,1,1,€ 30,2019/10/26,2019/10/27,0,,14
Habitación muy cerca de la playa.,5395908,NA,Valencia,1,1,€ 40,2019/10/26,2019/10/27,0,,14
Habitaciones con encanto,5629632,NA,Valencia,1,1,€ 50,2019/10/26,2019/10/27,0,,14
vosotros sereis parte de mi familia.,5299568,NA,Valencia,1,1,€ 50,2019/10/26,2019/10/27,0,,14
Hogar Dulce Hogar,5426607,NA,Valencia,1,1,€ 63,2019/10/26,2019/10/27,0,,14
La Casa Verde - Ruzafa,2029143,Apartamento,Valencia,1,1,NA,2019/10/26,2019/10/27,0,"9,7",14
Rooms El Picolino,5326859,NA,Valencia,1,1,€ 65,2019/10/26,2019/10/27,0,,14
Valencia- habitacion,5366858,NA,Valencia,1,1,€ 65,2019/10/26,2019/10/27,0,,14
Loft Turia Gran,5133726,Apartamento,Valencia,1,1,€ 80,2019/10/26,2019/10/27,0,,14
Apartamento de 3 habitaciones junto al Rio Turia,3182157,Apartamento,Valencia,1,1,€ 115,2019/10/26,2019/10/27,0,,14
The White Apartment: Luxury- Beach and Design,5631365,Apartamento,Valencia,1,1,€ 167,2019/10/26,2019/10/27,0,,14
Ramirez Flats & Bar,4124528,Apartahotel,Valencia,1,1,€ 216,2019/10/26,2019/10/27,0,"9,5",14
Kasa Katia Eco Guest House,636256,NA,Valencia,1,1,€ 99,2019/10/26,2019/10/27,0,"9,3",14
Valencia Apartamentos Goya,4256653,Apartamentos,Valencia,1,1,NA,2019/10/26,2019/10/27,0,10,14
Apartment on Carrer del Dr. Lluch,2008997,Apartamento,Valencia,1,1,€ 109,2019/10/26,2019/10/27,0,"9,1",14
YOU & CO. Saler Beach Boutique,4533007,NA,Valencia,1,1,€ 114,2019/10/26,2019/10/27,3,9,14
Blanq Comedias,4922002,NA,Valencia,1,1,€ 131,2019/10/26,2019/10/27,0,9,14
Valenciaflats Mercado Central,307677,Apartamentos,Valencia,1,1,€ 143,2019/10/26,2019/10/27,0,9,14
MD Design Hotel - Portal del Real,2391685,NA,Valencia,1,1,€ 147,2019/10/26,2019/10/27,2,"9,1",14
Valenciaflats Centro Ciudad,18544,Apartamentos,Valencia,1,1,€ 175,2019/10/26,2019/10/27,0,"9,2",14
ApartUP Patacona Select,4972015,Apartamento,Valencia,1,1,NA,2019/10/26,2019/10/27,0,"9,9",14
NH Collection Colón Valencia,3828811,NA,Valencia,1,1,€ 178,2019/10/26,2019/10/27,4,"9,2",14
Rooms Ciencias,94126,NA,Valencia,1,1,€ 189,2019/10/26,2019/10/27,0,9,14
Jardín Botánico Hotel Boutique,93369,NA,Valencia,1,1,€ 189,2019/10/26,2019/10/27,3,9,14
Apartamentos Wallace,1698355,Apartamentos,Valencia,1,1,€ 207,2019/10/26,2019/10/27,0,"9,2",14
Citizentral Juristas,1113127,Apartamentos,Valencia,1,1,€ 209,2019/10/26,2019/10/27,0,"9,2",14
Vincci Mercat,1279484,NA,Valencia,1,1,€ 220,2019/10/26,2019/10/27,4,9,14
Bright and Modern Apartment near the Beach,4413130,Apartamento,Valencia,1,1,NA,2019/10/26,2019/10/27,0,"9,9",14
Las Arenas Balneario Resort,91144,NA,Valencia,1,1,€ 230,2019/10/26,2019/10/27,5,9,14
One Shot Mercat 09,2274203,NA,Valencia,1,1,€ 239,2019/10/26,2019/10/27,4,"9,1",14
Vivaldi Center City,2791614,Apartamento,Valencia,1,1,€ 248,2019/10/26,2019/10/27,0,"9,1",14
OCEANOGRAFIC APARTMENT. PARKING. WI-FI,3107716,Apartamentos,Valencia,1,1,€ 260,2019/10/26,2019/10/27,0,9,14
Valenciaflats Ciudad de las Ciencias,93676,Apartamentos,Valencia,1,1,€ 285,2019/10/26,2019/10/27,0,"9,1",14
MYR Hotel Plaza Mercado & Spa,1619029,Apartahotel,Valencia,1,1,€ 289,2019/10/26,2019/10/27,0,"9,2",14
Lindala,5250762,NA,Valencia,1,1,NA,2019/10/26,2019/10/27,0,"9,9",14
Caro Hotel,348132,NA,Valencia,1,1,€ 305,2019/10/26,2019/10/27,5,"9,2",14
Zerka Sendra,4657122,Apartamento,Valencia,1,1,€ 309,2019/10/26,2019/10/27,0,9,14
Valencia Suits You Citytel,1106307,NA,Valencia,1,1,€ 67,2019/10/26,2019/10/27,2,"8,6",14
Habitación doble,3599930,NA,Valencia,1,1,€ 76,2019/10/26,2019/10/27,0,"8,9",14
UNIK. Apartments Valencia,2241282,Apartamentos,Valencia,1,1,€ 86,2019/10/26,2019/10/27,0,"8,5",14
