name,propertyId,propertyType,city,rooms,days,price,checkIn,checkOut,stars,score,advance
MD Modern Hotel - Jardines,305447,NA,Valencia,1,1,€ 104,2020/01/09,2020/01/10,1,"8,3",90
Apartamento Plaza Sainetero,2743838,Apartamento,Valencia,1,1,€ 106,2020/01/09,2020/01/10,0,"8,2",90
Total Valencia Terrace,1075798,Apartamento,Valencia,1,1,NA,2020/01/09,2020/01/10,0,"7,8",90
Patacona Beach Apartment,4533678,Apartamento,Valencia,1,1,€ 109,2020/01/09,2020/01/10,0,"8,3",90
Friendly Rentals ABC,3656596,Apartamento,Valencia,1,1,€ 112,2020/01/09,2020/01/10,0,"8,3",90
Friendly Rentals Pergolesi,1634240,Apartamento,Valencia,1,1,€ 115,2020/01/09,2020/01/10,0,"8,4",90
Apartamento Torres,3654194,Apartamento,Valencia,1,1,€ 115,2020/01/09,2020/01/10,0,"8,3",90
Friendly Rentals Puerto Deportivo,2317861,Apartamentos,Valencia,1,1,€ 115,2020/01/09,2020/01/10,0,"8,2",90
apartamento las torres-botanico,4694090,Apartamento,Valencia,1,1,€ 84,2020/01/09,2020/01/10,0,9,90
Atico de Lujo,2142556,Apartamento,Valencia,1,1,€ 85,2020/01/09,2020/01/10,0,"9,2",90
Olvida tu Reloj Montichelvo Apartment,3258095,Apartamento,Valencia,1,1,NA,2020/01/09,2020/01/10,0,"9,4",90
Citizentral Juristas,1113127,Apartamentos,Valencia,1,1,€ 86,2020/01/09,2020/01/10,0,"9,2",90
Apartamento cerca de la Playa y el Centro,2620264,Apartamento,Valencia,1,1,€ 88,2020/01/09,2020/01/10,0,9,90
Una Ubicacion Perfecta,3114164,Apartamentos,Valencia,1,1,€ 90,2020/01/09,2020/01/10,0,"9,1",90
Apartamento bianca,3205847,Apartamento,Valencia,1,1,€ 91,2020/01/09,2020/01/10,0,"9,1",90
Olvida tu Reloj Congresos Apartment,2448036,Apartamento,Valencia,1,1,€ 91,2020/01/09,2020/01/10,0,"9,2",90
Center City Flats,861452,Apartamentos,Valencia,1,1,€ 94,2020/01/09,2020/01/10,0,"9,1",90
Apartamento centro frente a Torres de Serrano,3408067,Apartamento,Valencia,1,1,NA,2020/01/09,2020/01/10,0,"9,4",90
Mon Suites San Martin,2777545,Apartamentos,Valencia,1,1,€ 95,2020/01/09,2020/01/10,0,"9,4",90
MÍ casa YOUR HOME,3328967,Apartamento,Valencia,1,1,€ 95,2020/01/09,2020/01/10,0,"9,2",90
Apartamento Privado Próximo a Playa y Ciencias,3783163,Apartamento,Valencia,1,1,€ 120,2020/01/09,2020/01/10,0,"8,2",90
Botanico Silence,3175932,Apartamento,Valencia,1,1,NA,2020/01/09,2020/01/10,0,"7,7",90
Welcome Platanos 13 Valencia Beautiful apartments with terrace,5095795,Apartamento,Valencia,1,1,€ 120,2020/01/09,2020/01/10,0,"8,1",90
Friendly Rentals Gimenez,1634242,Apartamento,Valencia,1,1,€ 125,2020/01/09,2020/01/10,0,"8,1",90
Apartamento Obispo don Jerónimo,2079020,Apartamento,Valencia,1,1,€ 135,2020/01/09,2020/01/10,0,"8,2",90
Bonito Apartamento- confortable y bien comunicado,5572090,Apartamento,Valencia,1,1,€ 68,2020/01/09,2020/01/10,0,,90
Piso en Playa de Valencia,5533098,Apartamento,Valencia,1,1,€ 70,2020/01/09,2020/01/10,0,,90
Hideout 26,5658117,Apartamentos,Valencia,1,1,€ 72,2020/01/09,2020/01/10,0,,90
Habitación en Valencia,5477394,NA,Valencia,1,1,€ 72,2020/01/09,2020/01/10,0,,90
Loft Turia Gran,5133726,Apartamento,Valencia,1,1,€ 80,2020/01/09,2020/01/10,0,,90
Hotel Cosmo,4838858,NA,Valencia,1,1,€ 94,2020/01/09,2020/01/10,3,,90
Friendly Rentals Verdi,1634232,Apartamento,Valencia,1,1,€ 135,2020/01/09,2020/01/10,0,"8,1",90
Friendly Rentals Desplat,4120221,Apartamento,Valencia,1,1,€ 145,2020/01/09,2020/01/10,0,"8,3",90
Friendly rentals Enesco Beach,2526514,Apartamento,Valencia,1,1,€ 155,2020/01/09,2020/01/10,0,8,90
Casita Hierbas,2368854,Casa o chalet,Valencia,1,1,NA,2020/01/09,2020/01/10,0,"7,6",90
Friendly Rentals Evans,1634220,Apartamentos,Valencia,1,1,€ 160,2020/01/09,2020/01/10,0,"8,4",90
Friendly Rentals Telemann,1634241,Apartamento,Valencia,1,1,€ 160,2020/01/09,2020/01/10,0,"8,2",90
Casa los Peces,3234194,Apartamento,Valencia,1,1,€ 170,2020/01/09,2020/01/10,0,"8,3",90
Loft el Carmen amazing views,4932621,Apartamento,Valencia,1,1,€ 170,2020/01/09,2020/01/10,0,"8,1",90
Vlc Apartaments el Carmen,389902,Apartamentos,Valencia,1,1,€ 187,2020/01/09,2020/01/10,0,"8,2",90
Zerka Centro,4425975,Apartamentos,Valencia,1,1,€ 199,2020/01/09,2020/01/10,0,"8,4",90
Travel Habitat Ruzafa,2244811,Apartamento,Valencia,1,1,NA,2020/01/09,2020/01/10,0,"7,6",90
Carrer de l'Arquitecte Alfaro 27 bajo derecha,4353398,Apartamento,Valencia,1,1,€ 102,2020/01/09,2020/01/10,0,,90
Comfort Homestay,5423155,NA,Valencia,1,1,€ 105,2020/01/09,2020/01/10,0,,90
Apartamentos Artesa 22 Valencia,5546723,Apartamento,Valencia,1,1,€ 112,2020/01/09,2020/01/10,0,,90
Valencia City Apartment,5460796,Apartamentos,Valencia,1,1,€ 115,2020/01/09,2020/01/10,0,,90
Valencia Apartamentos DEL MAR,5421626,Apartamento,Valencia,1,1,€ 135,2020/01/09,2020/01/10,0,,90
Appartement Elsa Valencia,5007874,Apartamento,Valencia,1,1,€ 135,2020/01/09,2020/01/10,0,,90
NWT Central Station Apartments,3964093,Apartamento,Valencia,1,1,€ 300,2020/01/09,2020/01/10,0,"8,3",90
UP Hostel Valencia,1710137,NA,Valencia,1,1,€ 20,2020/01/09,2020/01/10,0,"7,7",90
Valencia Lounge Hostel,337203,NA,Valencia,1,1,€ 35,2020/01/09,2020/01/10,0,"7,7",90
Todo el centro histórico a tu alcance.,5610526,Apartamento,Valencia,1,1,€ 160,2020/01/09,2020/01/10,0,,90
The White Apartment: Luxury- Beach and Design,5631365,Apartamento,Valencia,1,1,€ 167,2020/01/09,2020/01/10,0,,90
Villa Vista,4292942,Casa o chalet,Valencia,1,1,€ 173,2020/01/09,2020/01/10,0,,90
Casa Del Sueno,4292899,Chalet de montaña,Valencia,1,1,€ 173,2020/01/09,2020/01/10,0,,90
Apartment Carrer Ernesto Che Guevara,5598848,Apartamentos,Valencia,1,1,€ 211,2020/01/09,2020/01/10,0,,90
"Flat ""Ca Alexandre""",3687859,Apartamento,Valencia,1,1,€ 240,2020/01/09,2020/01/10,0,,90
Apartamentos El Olivo,1985143,Apartamento,Valencia,1,1,€ 96,2020/01/09,2020/01/10,0,"9,4",90
Vincci Mercat,1279484,NA,Valencia,1,1,€ 97,2020/01/09,2020/01/10,4,9,90
Nest Style Valencia,5219046,NA,Valencia,1,1,€ 97,2020/01/09,2020/01/10,3,"9,4",90
Mestalla Paradise,4734619,NA,Valencia,1,1,€ 100,2020/01/09,2020/01/10,0,"9,1",90
Patacona Beach,1411088,Apartamento,Valencia,1,1,NA,2020/01/09,2020/01/10,0,"9,4",90
Piso como en tu casa 2,3834617,Apartamentos,Valencia,1,1,€ 101,2020/01/09,2020/01/10,0,"9,2",90
Casual Socarrat Valencia,5142800,NA,Valencia,1,1,€ 101,2020/01/09,2020/01/10,3,"9,1",90
Apartment Carrer de Don Juan de Austria,5464038,Apartamentos,Valencia,1,1,€ 275,2020/01/09,2020/01/10,0,,90
LACASAMALVA1 PLAYA DE VALENCIA,5679960,Casa o chalet,Valencia,1,1,€ 298,2020/01/09,2020/01/10,0,,90
Governor Residence,3799760,Apartahotel,Valencia,1,1,€ 600,2020/01/09,2020/01/10,0,,90
Apartment Carrer de Josep Aguirre,5646705,Apartamentos,Valencia,1,1,€ 608,2020/01/09,2020/01/10,0,,90
Apartment Carrer de Cadis,5531328,Apartamentos,Valencia,1,1,€ 648,2020/01/09,2020/01/10,0,,90
EXCLUSIVE VILLA WITH POOL ON THE BEACH,5684273,Villa,Valencia,1,1,€ 1.370,2020/01/09,2020/01/10,0,,90
One Shot Mercat 09,2274203,NA,Valencia,1,1,€ 101,2020/01/09,2020/01/10,4,"9,1",90
Biopark View Apartment,2381901,Apartamento,Valencia,1,1,€ 103,2020/01/09,2020/01/10,0,9,90
Palacio de Rojas,1073276,Apartamentos,Valencia,1,1,€ 105,2020/01/09,2020/01/10,0,"9,3",90
Forn desamparats,2380447,Apartamento,Valencia,1,1,€ 105,2020/01/09,2020/01/10,0,"9,4",90
Casa Cosy,375456,Apartamentos,Valencia,1,1,NA,2020/01/09,2020/01/10,0,"9,4",90
NH Collection Colón Valencia,3828811,NA,Valencia,1,1,€ 109,2020/01/09,2020/01/10,4,"9,2",90
Center Valencia,2944722,Casa o chalet,Valencia,1,1,€ 109,2020/01/09,2020/01/10,0,"9,3",90
"Piso ""Como en tu casa""",2689136,Apartamento,Valencia,1,1,€ 110,2020/01/09,2020/01/10,0,"9,2",90
5 SENSES,3786890,Apartamento,Valencia,1,1,€ 111,2020/01/09,2020/01/10,0,"9,2",90
47 Carrer de Cadis- puerta 1,4511167,Apartamento,Valencia,1,1,€ 113,2020/01/09,2020/01/10,0,9,90
The River Hostel,494202,NA,Valencia,1,1,€ 18,2020/01/09,2020/01/10,0,"8,5",90
Pensión Alicante,298710,NA,Valencia,1,1,€ 33,2020/01/09,2020/01/10,0,"8,5",90
Vivaldi Valencia,427198,Apartamento,Valencia,1,1,NA,2020/01/09,2020/01/10,0,"9,3",90
Hulot B&B Valencia,585429,NA,Valencia,1,1,€ 36,2020/01/09,2020/01/10,0,"8,5",90
Pio XII Apartments Valencia,402080,Apartamentos,Valencia,1,1,€ 43,2020/01/09,2020/01/10,0,"8,5",90
B&B Almirante,369695,NA,Valencia,1,1,€ 43,2020/01/09,2020/01/10,1,"8,8",90
Buho House,3777691,Apartahotel,Valencia,1,1,€ 44,2020/01/09,2020/01/10,0,"8,5",90
Home Youth Hostel by Feetup Hostels,189322,NA,Valencia,1,1,€ 45,2020/01/09,2020/01/10,0,"8,8",90
Suites by Eric Olsan (Florista),4726450,Apartamentos,Valencia,1,1,€ 82,2020/01/09,2020/01/10,0,"8,6",90
El Palacete Gran Via,3483148,NA,Valencia,1,1,€ 83,2020/01/09,2020/01/10,0,"8,7",90
ApartUP Gulliver Kids,2998856,Apartamento,Valencia,1,1,NA,2020/01/09,2020/01/10,0,"8,8",90
One Shot Palacio Reina Victoria 04,90885,NA,Valencia,1,1,€ 84,2020/01/09,2020/01/10,4,"8,6",90
Valencian Apartment,2298621,Apartamento,Valencia,1,1,€ 84,2020/01/09,2020/01/10,0,"8,9",90
Casual Vintage Valencia,1710241,NA,Valencia,1,1,€ 85,2020/01/09,2020/01/10,2,"8,6",90
Casa de Maria,2467712,Apartamento,Valencia,1,1,€ 85,2020/01/09,2020/01/10,0,"8,6",90
Barceló Valencia,91988,NA,Valencia,1,1,€ 86,2020/01/09,2020/01/10,4,"8,7",90
Citizentral Gascons,332095,Apartamentos,Valencia,1,1,€ 87,2020/01/09,2020/01/10,0,"8,8",90
Canela`s Vintage Ruzafa Centro,4652584,Apartamento,Valencia,1,1,NA,2020/01/09,2020/01/10,0,"8,5",90
Art&Flats Bed&Breakfast,5238345,NA,Valencia,1,1,€ 45,2020/01/09,2020/01/10,0,"8,7",90
ApartUP Patacona Terrace Duplex II,3162207,Apartamento,Valencia,1,1,NA,2020/01/09,2020/01/10,0,"9,2",90
Estrella de russafa,5352439,NA,Valencia,1,1,€ 45,2020/01/09,2020/01/10,0,"8,5",90
Apartamentos Plaza Picasso,97063,Apartamentos,Valencia,1,1,€ 46,2020/01/09,2020/01/10,0,"8,5",90
Zalamera BnB,1331238,NA,Valencia,1,1,€ 47,2020/01/09,2020/01/10,0,"8,7",90
Vincci Lys,91183,NA,Valencia,1,1,€ 88,2020/01/09,2020/01/10,4,"8,9",90
Perla Apartments,3146781,Apartamentos,Valencia,1,1,€ 90,2020/01/09,2020/01/10,0,"8,7",90
Habitación doble,3599930,NA,Valencia,1,1,€ 90,2020/01/09,2020/01/10,0,"8,9",90
Hotel Malcom and Barret,483261,NA,Valencia,1,1,€ 48,2020/01/09,2020/01/10,3,"8,7",90
Hotel El Siglo,1741479,NA,Valencia,1,1,€ 49,2020/01/09,2020/01/10,3,"8,5",90
UNIK. Apartments Valencia,2241282,Apartamentos,Valencia,1,1,€ 49,2020/01/09,2020/01/10,0,"8,5",90
Flatsforyou Marina,1793012,Apartamentos,Valencia,1,1,NA,2020/01/09,2020/01/10,0,"8,6",90
Melia Plaza Valencia,13270,NA,Valencia,1,1,€ 94,2020/01/09,2020/01/10,4,"8,9",90
New Trendy apartment,2426154,Apartamento,Valencia,1,1,€ 95,2020/01/09,2020/01/10,0,"8,7",90
AC Hotel Colon Valencia,1117150,NA,Valencia,1,1,€ 97,2020/01/09,2020/01/10,4,"8,7",90
Total Valencia Cathedral,1908021,Apartamento,Valencia,1,1,NA,2020/01/09,2020/01/10,0,"8,8",90
Hostal On Dormire Valencia,432305,NA,Valencia,1,1,€ 35,2020/01/09,2020/01/10,0,"7,8",90
Habitación Céntrica en Casa de Familia,4289877,NA,Valencia,1,1,€ 35,2020/01/09,2020/01/10,0,"7,8",90
Habitación en piso compartido,5433175,NA,Valencia,1,1,€ 50,2020/01/09,2020/01/10,0,"8,5",90
Valenciaflats Centro Histórico,94781,Apartamentos,Valencia,1,1,€ 51,2020/01/09,2020/01/10,0,"8,7",90
Lotelito,570027,NA,Valencia,1,1,€ 51,2020/01/09,2020/01/10,0,"8,9",90
Soho Valencia,1538641,Apartahotel,Valencia,1,1,€ 52,2020/01/09,2020/01/10,0,"8,9",90
València Centre Torres de Quart,886289,Apartamentos,Valencia,1,1,€ 53,2020/01/09,2020/01/10,0,"8,9",90
Eurostars Acteón,90495,NA,Valencia,1,1,€ 53,2020/01/09,2020/01/10,4,"8,5",90
Flats Friends Soho Suites,1819642,Apartamentos,Valencia,1,1,NA,2020/01/09,2020/01/10,0,"8,6",90
Turia Town,4064373,Apartamentos,Valencia,1,1,€ 55,2020/01/09,2020/01/10,0,"8,8",90
Luz de Valencia,2076095,Apartamentos,Valencia,1,1,€ 55,2020/01/09,2020/01/10,0,"8,8",90
València Centre Túria,2185255,Apartamento,Valencia,1,1,€ 56,2020/01/09,2020/01/10,0,"8,8",90
Cathedral Suites Hotel,1736257,Apartahotel,Valencia,1,1,€ 99,2020/01/09,2020/01/10,4,"8,9",90
SH Valencia Palace,91497,NA,Valencia,1,1,€ 100,2020/01/09,2020/01/10,5,"8,5",90
Apartamento en Valencia,2549783,Apartamento,Valencia,1,1,€ 100,2020/01/09,2020/01/10,0,"8,6",90
Magnífico Adosado- cerca de Valencia ciudad- en zona de montaña y playa fluvial,5354233,Casa o chalet,Valencia,1,1,€ 100,2020/01/09,2020/01/10,0,"8,8",90
Hotel Neptuno,91206,NA,Valencia,1,1,€ 108,2020/01/09,2020/01/10,4,"8,5",90
Apartments Plaza Ayuntamiento,3506736,Apartamento,Valencia,1,1,€ 109,2020/01/09,2020/01/10,0,"8,7",90
Valencia City Designer Bioparc,3085078,Apartamento,Valencia,1,1,NA,2020/01/09,2020/01/10,0,"8,9",90
Apartamento Sofia,2552406,Apartamento,Valencia,1,1,€ 110,2020/01/09,2020/01/10,0,"8,6",90
Friendly Rentals Schubert,1634221,Apartamentos,Valencia,1,1,€ 115,2020/01/09,2020/01/10,0,"8,9",90
Friendly Rentals Ravel I,1634234,Apartamento,Valencia,1,1,€ 115,2020/01/09,2020/01/10,0,"8,8",90
Friendly Rentals Nyman,3245521,Apartamento,Valencia,1,1,€ 115,2020/01/09,2020/01/10,0,"8,9",90
Friendly Rentals Brade,1918694,Apartamento,Valencia,1,1,€ 115,2020/01/09,2020/01/10,0,"8,8",90
ABCyou Bed&Breakfast,189207,NA,Valencia,1,1,€ 56,2020/01/09,2020/01/10,0,"8,5",90
Balcón Al Mar,295109,NA,Valencia,1,1,€ 56,2020/01/09,2020/01/10,0,"8,5",90
Colors Rooms,675839,NA,Valencia,1,1,€ 40,2020/01/09,2020/01/10,0,"9,5",90
Lindala,5250762,NA,Valencia,1,1,€ 44,2020/01/09,2020/01/10,0,"9,9",90
Casa Chenano,4262208,Apartamento,Valencia,1,1,NA,2020/01/09,2020/01/10,0,"9,6",90
United Colors of Apartments Boutique Style,5372347,Apartamentos,Valencia,1,1,€ 64,2020/01/09,2020/01/10,0,"9,5",90
Ramirez Flats & Bar,4124528,Apartahotel,Valencia,1,1,€ 77,2020/01/09,2020/01/10,0,"9,5",90
Ciudad Ciencias- Lujo- Parking- Wi-Fi.,4999636,Apartamento,Valencia,1,1,€ 80,2020/01/09,2020/01/10,0,"9,8",90
Hostal Antigua Morellana,1273937,NA,Valencia,1,1,€ 80,2020/01/09,2020/01/10,1,"9,5",90
LOFT apartamento duplex en Valencia con parking,5519008,Apartamento,Valencia,1,1,€ 85,2020/01/09,2020/01/10,0,"9,9",90
Precioso piso junto al antiguo barrio de Campanar,3297078,Apartamento,Valencia,1,1,€ 85,2020/01/09,2020/01/10,0,"9,5",90
Casa Vich,4457634,Apartamento,Valencia,1,1,NA,2020/01/09,2020/01/10,0,"9,5",90
L'Esplai Valencia Bed & Breakfast,1282556,NA,Valencia,1,1,€ 89,2020/01/09,2020/01/10,0,"9,5",90
Calle de Frederica Montseny 'Política' Casa o chalet,5152866,Casa o chalet,Valencia,1,1,€ 95,2020/01/09,2020/01/10,0,"9,6",90
Casa La Buhardilla,2985364,Apartamento,Valencia,1,1,€ 97,2020/01/09,2020/01/10,0,"9,6",90
Opera House Valencia B&B,3533887,NA,Valencia,1,1,€ 106,2020/01/09,2020/01/10,0,"9,5",90
Hexagonal Design Apartment Valencia,4630643,Apartamento,Valencia,1,1,€ 109,2020/01/09,2020/01/10,0,"9,5",90
Valencian Dreams Lonja,4757385,Apartamento,Valencia,1,1,€ 116,2020/01/09,2020/01/10,0,"9,8",90
BONNIES Suites & Spa Valencia,3631910,Apartamentos,Valencia,1,1,NA,2020/01/09,2020/01/10,0,"9,8",90
MARQUÉS HOUSE 4* SUP,2118880,NA,Valencia,1,1,€ 119,2020/01/09,2020/01/10,4,"9,4",90
Olympia Flats,4212801,NA,Valencia,1,1,€ 90,2020/01/09,2020/01/10,0,"9,7",90
Casa Calle Conquista,4691493,Apartamento,Valencia,1,1,€ 240,2020/01/09,2020/01/10,0,"9,6",90
MD PASEO RUZAFA CENTER,5374850,Apartamento,Valencia,1,1,€ 1.030,2020/01/09,2020/01/10,0,"9,6",90
YOU & CO. Saler Beach Boutique,4533007,NA,Valencia,1,1,€ 38,2020/01/09,2020/01/10,3,9,90
Cantagua Hostel,4074640,NA,Valencia,1,1,€ 41,2020/01/09,2020/01/10,0,"9,1",90
Apartment Regne De Valencia,1533033,Apartamento,Valencia,1,1,NA,2020/01/09,2020/01/10,0,"9,4",90
OttoH Charm Stay,2459807,NA,Valencia,1,1,€ 49,2020/01/09,2020/01/10,0,"9,3",90
Rooms Ciencias,94126,NA,Valencia,1,1,€ 50,2020/01/09,2020/01/10,0,9,90
Valenciaflats Mercado Central,307677,Apartamentos,Valencia,1,1,€ 51,2020/01/09,2020/01/10,0,9,90
Jardín Botánico Hotel Boutique,93369,NA,Valencia,1,1,€ 59,2020/01/09,2020/01/10,3,9,90
Valenciaflats Centro Ciudad,18544,Apartamentos,Valencia,1,1,€ 60,2020/01/09,2020/01/10,0,"9,2",90
Red Nest Hostel,92283,NA,Valencia,1,1,€ 38,2020/01/09,2020/01/10,0,"8,2",90
Center Valencia Youth Hostel,246931,NA,Valencia,1,1,€ 40,2020/01/09,2020/01/10,0,8,90
Travel Habitat Torres de Serrano,1864121,Apartamentos,Valencia,1,1,NA,2020/01/09,2020/01/10,0,"8,3",90
Habitacion en Valencia Barata,4861796,NA,Valencia,1,1,€ 40,2020/01/09,2020/01/10,0,"8,2",90
Hotel Villacarlos,90730,NA,Valencia,1,1,€ 41,2020/01/09,2020/01/10,3,8,90
Sweet Hotel Renasa,274818,NA,Valencia,1,1,€ 43,2020/01/09,2020/01/10,3,8,90
Habitacion en Valencia,4861732,NA,Valencia,1,1,€ 45,2020/01/09,2020/01/10,0,"8,2",90
Hostal Abastos,257057,NA,Valencia,1,1,€ 45,2020/01/09,2020/01/10,2,"8,2",90
Tryp Valencia Feria,92852,NA,Valencia,1,1,€ 50,2020/01/09,2020/01/10,4,"8,4",90
Singular Apartments Station,824674,Apartamentos,Valencia,1,1,NA,2020/01/09,2020/01/10,0,"8,3",90
Eurostars Rey Don Jaime,91520,NA,Valencia,1,1,€ 50,2020/01/09,2020/01/10,4,"8,2",90
Coroa Malvarrosa,1638172,Apartamentos,Valencia,1,1,€ 50,2020/01/09,2020/01/10,0,"8,2",90
Apartamentos Valencia,1007682,Apartamentos,Valencia,1,1,€ 50,2020/01/09,2020/01/10,0,"8,2",90
Aventura,5567318,NA,Valencia,1,1,€ 50,2020/01/09,2020/01/10,0,8,90
Hotel Valencia Center,91285,NA,Valencia,1,1,€ 51,2020/01/09,2020/01/10,4,"8,4",90
Hotel Olympia Universidades,1301731,NA,Valencia,1,1,€ 52,2020/01/09,2020/01/10,3,"8,4",90
Living Valencia - Corregeria,3972561,Apartamentos,Valencia,1,1,NA,2020/01/09,2020/01/10,0,"8,3",90
Up Town,2244083,Apartamentos,Valencia,1,1,€ 52,2020/01/09,2020/01/10,0,"8,2",90
Down Town,1656378,Apartamentos,Valencia,1,1,€ 53,2020/01/09,2020/01/10,0,"8,3",90
Urban Youth Hostel,1163025,NA,Valencia,1,1,€ 55,2020/01/09,2020/01/10,0,"8,4",90
United Colors of Apartments - Catedral,1301545,Apartamentos,Valencia,1,1,€ 55,2020/01/09,2020/01/10,0,"8,2",90
Pension MonaLisa Luxury Suites,3834224,NA,Valencia,1,1,€ 56,2020/01/09,2020/01/10,0,"8,2",90
NH Valencia Las Ciencias,90725,NA,Valencia,1,1,€ 56,2020/01/09,2020/01/10,3,8,90
Mosen Sorell Apartments,683265,Apartamentos,Valencia,1,1,NA,2020/01/09,2020/01/10,0,"8,3",90
Aparthotel Valencia Rental,17344,Apartahotel,Valencia,1,1,€ 57,2020/01/09,2020/01/10,0,8,90
Ilunion Aqua 3,92776,NA,Valencia,1,1,€ 58,2020/01/09,2020/01/10,3,"8,3",90
Ilunion Valencia 4,754329,NA,Valencia,1,1,€ 58,2020/01/09,2020/01/10,4,"8,1",90
Hotel Medium Valencia,96838,NA,Valencia,1,1,€ 59,2020/01/09,2020/01/10,4,"8,2",90
Holiday Inn Express Ciudad de las Ciencias,96737,NA,Valencia,1,1,€ 59,2020/01/09,2020/01/10,3,8,90
Apartamento Angel Alcazar 35,2174625,Apartamento,Valencia,1,1,€ 90,2020/01/09,2020/01/10,0,"7,5",90
Plaza Sainetero 5,3148458,Apartamento,Valencia,1,1,€ 93,2020/01/09,2020/01/10,0,"7,7",90
Hotel Turia,14441,NA,Valencia,1,1,€ 99,2020/01/09,2020/01/10,4,"7,5",90
STYLISH APARTMENT - CITY CENTER,2861517,Apartamento,Valencia,1,1,€ 120,2020/01/09,2020/01/10,0,"7,8",90
Friendly Rentals Danna,1634254,Apartamento,Valencia,1,1,€ 150,2020/01/09,2020/01/10,0,"7,8",90
Ca'delsPins,4110201,Villas,Valencia,1,1,€ 290,2020/01/09,2020/01/10,0,"7,8",90
El 16 Ruzafa,865461,Apartamentos,Valencia,1,1,€ 300,2020/01/09,2020/01/10,0,"7,7",90
Apartment Plaza de la Merced,3457190,Apartamento,Valencia,1,1,€ 470,2020/01/09,2020/01/10,0,"7,9",90
Habitación Despuig,4901343,NA,Valencia,1,1,€ 30,2020/01/09,2020/01/10,0,"7,3",90
Hostal Waksman,281139,NA,Valencia,1,1,€ 30,2020/01/09,2020/01/10,1,"7,3",90
HOSPEDAJE PESET,4718074,NA,Valencia,1,1,€ 40,2020/01/09,2020/01/10,0,"7,3",90
Habitación con cama doble,4794909,NA,Valencia,1,1,€ 41,2020/01/09,2020/01/10,0,"7,2",90
Murillo Apartment,408163,Apartamento,Valencia,1,1,€ 41,2020/01/09,2020/01/10,0,"7,1",90
Sampedor Apartment,435662,Apartamentos,Valencia,1,1,€ 45,2020/01/09,2020/01/10,0,7,90
Cosy Rooms Bolsería,371606,NA,Valencia,1,1,€ 47,2020/01/09,2020/01/10,2,"7,4",90
Cosy Rooms Embajador,369728,NA,Valencia,1,1,€ 47,2020/01/09,2020/01/10,2,"7,4",90
Habitacion Apartamento soleado Plaza Escultor Frechina,4865043,NA,Valencia,1,1,€ 50,2020/01/09,2020/01/10,0,"7,2",90
PISO ACOGEDOR,4995780,NA,Valencia,1,1,€ 50,2020/01/09,2020/01/10,0,"7,1",90
Malvarrosa Beach Rooms,314048,NA,Valencia,1,1,€ 55,2020/01/09,2020/01/10,2,7,90
Hostal la Barraca,350013,NA,Valencia,1,1,€ 56,2020/01/09,2020/01/10,0,"7,1",90
Plaza Redonda house.,4399973,NA,Valencia,1,1,€ 59,2020/01/09,2020/01/10,0,"7,4",90
NWT Central Station Valencia,1647017,NA,Valencia,1,1,€ 59,2020/01/09,2020/01/10,0,"7,1",90
Geography and Arts.,3569110,NA,Valencia,1,1,€ 60,2020/01/09,2020/01/10,0,"7,1",90
Mi casa es vuestra casa,4967097,NA,Valencia,1,1,€ 70,2020/01/09,2020/01/10,0,"7,1",90
Almiserat,3054886,Apartamento,Valencia,1,1,€ 70,2020/01/09,2020/01/10,0,"7,1",90
