name,propertyId,propertyType,city,rooms,days,price,checkIn,checkOut,stars,score,advance
Valenciaflats Torres de Serrano,17468,Apartamentos,Valencia,1,1,€ 65,2019/10/13,2019/10/14,0,"8,3",7
Down Town,1656378,Apartamentos,Valencia,1,1,€ 67,2019/10/13,2019/10/14,0,"8,3",7
Mercado de Ruzafa- recién reformado AC y Wifi,4871568,NA,Valencia,1,1,NA,2019/10/13,2019/10/14,0,"9,9",7
Hotel Olympia Universidades,1301731,NA,Valencia,1,1,€ 68,2019/10/13,2019/10/14,3,"8,4",7
Silken Puerta Valencia,91182,NA,Valencia,1,1,€ 69,2019/10/13,2019/10/14,4,"8,3",7
Hostal Residencial RR,450746,NA,Valencia,1,1,€ 40,2019/10/13,2019/10/14,0,7,7
Habitación con cama doble,4794909,NA,Valencia,1,1,€ 41,2019/10/13,2019/10/14,0,7,7
Ambrosio Flats Valencia - El Carmen,2401127,Apartamento,Valencia,1,1,NA,2019/10/13,2019/10/14,0,"9,4",7
Residencia Universitaria Damia Bonet,247451,NA,Valencia,1,1,€ 69,2019/10/13,2019/10/14,0,"8,3",7
Balcón Al Mar,295109,NA,Valencia,1,1,€ 69,2019/10/13,2019/10/14,0,"8,4",7
Reina 12,1684198,NA,Valencia,1,1,€ 70,2019/10/13,2019/10/14,0,"8,2",7
MD Modern Hotel - Jardines,305447,NA,Valencia,1,1,€ 72,2019/10/13,2019/10/14,1,"8,3",7
ApartUP L' Almoina,4220343,Apartamento,Valencia,1,1,NA,2019/10/13,2019/10/14,0,"9,7",7
Sweet Hotel Continental,93856,NA,Valencia,1,1,€ 74,2019/10/13,2019/10/14,2,"8,3",7
Sweet Hotel Renasa,274818,NA,Valencia,1,1,€ 74,2019/10/13,2019/10/14,3,8,7
Hotel Valencia Center,91285,NA,Valencia,1,1,€ 74,2019/10/13,2019/10/14,4,"8,4",7
HOSTAL BED OF THE SEA,3974636,NA,Valencia,1,1,€ 45,2019/10/13,2019/10/14,0,"7,1",7
Hostal Waksman,281139,NA,Valencia,1,1,€ 45,2019/10/13,2019/10/14,1,"7,3",7
Attic Rooms in Botánico,5522932,NA,Valencia,1,1,€ 48,2019/10/13,2019/10/14,0,"7,2",7
Central Station Valencia Hostel,1647017,NA,Valencia,1,1,€ 49,2019/10/13,2019/10/14,0,"7,1",7
Rooms Jardin Botanico,5423036,NA,Valencia,1,1,€ 49,2019/10/13,2019/10/14,0,"7,1",7
Centro Valencia Calle Cerrajeros,3476261,NA,Valencia,1,1,€ 50,2019/10/13,2019/10/14,0,"7,1",7
Apartamento Calle Lorca,2111733,Apartamento,Valencia,1,1,NA,2019/10/13,2019/10/14,0,"9,4",7
PISO ACOGEDOR,4995780,NA,Valencia,1,1,€ 50,2019/10/13,2019/10/14,0,"7,1",7
Avenida del Cid (Centrico),4737683,Apartamento,Valencia,1,1,€ 51,2019/10/13,2019/10/14,0,"7,2",7
Sampedor Apartment,435662,Apartamentos,Valencia,1,1,€ 52,2019/10/13,2019/10/14,0,7,7
Cosy Rooms Embajador,369728,NA,Valencia,1,1,€ 54,2019/10/13,2019/10/14,2,"7,4",7
B&B El Mercat,2203530,NA,Valencia,1,1,€ 55,2019/10/13,2019/10/14,0,"7,3",7
Apartment Horticultor Bosch,1148669,Apartamentos,Valencia,1,1,€ 60,2019/10/13,2019/10/14,0,"7,3",7
APARTAMENTO CENTRICO. WI-FI. PARKING,2967593,Apartamento,Valencia,1,1,NA,2019/10/13,2019/10/14,0,"9,1",7
Hostal la Barraca,350013,NA,Valencia,1,1,€ 65,2019/10/13,2019/10/14,0,"7,2",7
Apartment de las Ciencias,2287125,Apartamento,Valencia,1,1,€ 65,2019/10/13,2019/10/14,0,"7,1",7
Hotel Medium Valencia,96838,NA,Valencia,1,1,€ 77,2019/10/13,2019/10/14,4,"8,2",7
Casual de las Artes Valencia,538056,NA,Valencia,1,1,€ 77,2019/10/13,2019/10/14,3,"8,4",7
Senator Parque Central Hotel,274963,NA,Valencia,1,1,€ 77,2019/10/13,2019/10/14,4,"8,1",7
KOA Centric- comfy and relaxed with style in Ruzafa,4105224,Apartamento,Valencia,1,1,NA,2019/10/13,2019/10/14,0,"9,9",7
AC Hotel Colon Valencia,1117150,NA,Valencia,1,1,€ 124,2019/10/13,2019/10/14,4,"8,7",7
Friendly Rentals Strauss,1634236,Apartamento,Valencia,1,1,€ 125,2019/10/13,2019/10/14,0,"8,6",7
Barracart Apartments,2125836,Apartamentos,Valencia,1,1,NA,2019/10/13,2019/10/14,0,"9,6",7
Primus Valencia,331871,NA,Valencia,1,1,€ 79,2019/10/13,2019/10/14,4,"8,3",7
Ático cerca del mar,4040503,Apartamento,Valencia,1,1,€ 80,2019/10/13,2019/10/14,0,"8,3",7
SHF Flats Baron,1033085,Apartamentos,Valencia,1,1,€ 83,2019/10/13,2019/10/14,0,8,7
Accommodation Beach Apartments,1001766,Apartamentos,Valencia,1,1,€ 70,2019/10/13,2019/10/14,0,"7,1",7
Mi casa es vuestra casa,4967097,NA,Valencia,1,1,€ 70,2019/10/13,2019/10/14,0,"7,1",7
NWT Monserrat,3728842,Apartamentos,Valencia,1,1,€ 72,2019/10/13,2019/10/14,0,7,7
Malvarrosa Beach Rooms,314048,NA,Valencia,1,1,€ 75,2019/10/13,2019/10/14,2,7,7
Piso céntrico Plaza Toros,2961063,Apartamento,Valencia,1,1,NA,2019/10/13,2019/10/14,0,"9,3",7
Petit Palace Plaza de la Reina,90443,NA,Valencia,1,1,€ 125,2019/10/13,2019/10/14,3,"8,7",7
Apartamentos Valencia - Peset Aleixandre 135- FREE WI-FI,4262488,Apartamentos,Valencia,1,1,€ 127,2019/10/13,2019/10/14,0,"8,8",7
APARTAMENTO LAS MELLIZAS,4651578,NA,Valencia,1,1,€ 42,2019/10/13,2019/10/14,0,"8,4",7
NH Valencia Las Artes,90731,NA,Valencia,1,1,€ 84,2019/10/13,2019/10/14,4,"8,4",7
Sol Playa,12656,NA,Valencia,1,1,€ 85,2019/10/13,2019/10/14,2,"8,3",7
Moderno Apartamento en la playa del Cabanyal,3432824,Apartamento,Valencia,1,1,NA,2019/10/13,2019/10/14,0,"9,6",7
Homestay Valencia,2597106,NA,Valencia,1,1,€ 85,2019/10/13,2019/10/14,0,8,7
Apartamento Plaza Sainetero,2743838,Apartamento,Valencia,1,1,€ 86,2019/10/13,2019/10/14,0,"8,2",7
Holiday Inn Express Ciudad de las Ciencias,96737,NA,Valencia,1,1,€ 86,2019/10/13,2019/10/14,3,8,7
Lujoso Apartamento En El Carmen,2814452,Apartamento,Valencia,1,1,€ 76,2019/10/13,2019/10/14,0,"7,4",7
Cosy Rooms Bolsería,371606,NA,Valencia,1,1,€ 78,2019/10/13,2019/10/14,2,"7,4",7
Premium Apartments,486507,Apartamentos,Valencia,1,1,€ 84,2019/10/13,2019/10/14,0,7,7
Avenida Cid,3633322,Apartamento,Valencia,1,1,€ 98,2019/10/13,2019/10/14,0,"7,3",7
NH Valencia Center,90727,NA,Valencia,1,1,€ 89,2019/10/13,2019/10/14,4,"8,3",7
Reina's Apartment,2130930,Apartamentos,Valencia,1,1,€ 89,2019/10/13,2019/10/14,0,"8,3",7
Hotel Mediterraneo Valencia,92412,NA,Valencia,1,1,€ 127,2019/10/13,2019/10/14,3,"8,8",7
SH Valencia Palace,91497,NA,Valencia,1,1,€ 130,2019/10/13,2019/10/14,5,"8,5",7
Apartamento Sofia,2552406,Apartamento,Valencia,1,1,€ 130,2019/10/13,2019/10/14,0,"8,6",7
Ilunion Aqua 4,92777,NA,Valencia,1,1,€ 131,2019/10/13,2019/10/14,4,"8,5",7
Apartment Plaza Cisneros,1273377,Apartamentos,Valencia,1,1,NA,2019/10/13,2019/10/14,0,"9,7",7
Apartamento Gran Vía Marqués del Turia,2358973,Apartamento,Valencia,1,1,€ 136,2019/10/13,2019/10/14,0,"8,5",7
Hotel Neptuno,91206,NA,Valencia,1,1,€ 144,2019/10/13,2019/10/14,4,"8,5",7
Soho Valencia,1538641,Apartahotel,Valencia,1,1,€ 149,2019/10/13,2019/10/14,0,"8,9",7
Canela`s Vintage Ruzafa Centro,4652584,Apartamento,Valencia,1,1,€ 150,2019/10/13,2019/10/14,0,"8,5",7
MIhotelitoespecial,3573906,Apartamento,Valencia,1,1,€ 160,2019/10/13,2019/10/14,0,"8,5",7
Friendly Rentals Vives 2,2523871,Apartamento,Valencia,1,1,€ 165,2019/10/13,2019/10/14,0,"8,6",7
Apartamento Alameda,1698817,Apartamento,Valencia,1,1,NA,2019/10/13,2019/10/14,0,"9,5",7
Mar & City Apartment,3456759,Apartamento,Valencia,1,1,€ 166,2019/10/13,2019/10/14,0,"8,9",7
Hospes Palau de La Mar,93823,NA,Valencia,1,1,€ 185,2019/10/13,2019/10/14,5,"8,8",7
Carlos & Ana,2079019,Apartamento,Valencia,1,1,€ 185,2019/10/13,2019/10/14,0,"8,9",7
The Westin Valencia,93321,NA,Valencia,1,1,€ 198,2019/10/13,2019/10/14,5,"8,7",7
SingularStays Parque Central,3054000,Apartamentos,Valencia,1,1,€ 278,2019/10/13,2019/10/14,0,"8,8",7
Center Valencia Youth Hostel,246931,NA,Valencia,1,1,€ 20,2019/10/13,2019/10/14,0,8,7
Select Home Town Hall,1648016,Apartamentos,Valencia,1,1,€ 160,2019/10/13,2019/10/14,0,"7,4",7
Flats Piera Valencia Center,1490563,Apartamentos,Valencia,1,1,NA,2019/10/13,2019/10/14,0,"9,7",7
Habitación en valencia centro,5418023,NA,Valencia,1,1,€ 29,2019/10/13,2019/10/14,0,"8,3",7
Apartamento Barato Valencia,3931013,NA,Valencia,1,1,€ 33,2019/10/13,2019/10/14,0,8,7
B&B Hi Valencia Canovas,305349,NA,Valencia,1,1,€ 38,2019/10/13,2019/10/14,0,"8,4",7
B&B Una Habitación Propia,1450279,NA,Valencia,1,1,€ 40,2019/10/13,2019/10/14,0,"8,2",7
Dormavalencia Hostel,249585,NA,Valencia,1,1,€ 42,2019/10/13,2019/10/14,1,"8,2",7
Hostal El Cid,309465,NA,Valencia,1,1,€ 30,2019/10/13,2019/10/14,2,"7,6",7
Hostal Moratin,326015,NA,Valencia,1,1,€ 32,2019/10/13,2019/10/14,1,"7,9",7
Mr Flats Valencia,2232363,Apartamentos,Valencia,1,1,NA,2019/10/13,2019/10/14,0,9,7
Apart and Benef,2291245,NA,Valencia,1,1,€ 34,2019/10/13,2019/10/14,0,"7,8",7
Habitacion PLaza Ayuntamiento,4365340,NA,Valencia,1,1,€ 40,2019/10/13,2019/10/14,0,"7,5",7
Hotel Beleret,94652,NA,Valencia,1,1,€ 41,2019/10/13,2019/10/14,3,"7,6",7
Voyagers Inn Homestay,2682156,NA,Valencia,1,1,€ 42,2019/10/13,2019/10/14,0,"7,8",7
Malvarosa,3820590,Apartamento,Valencia,1,1,€ 90,2019/10/13,2019/10/14,0,4,7
Constitucion Guesthouse,2985942,NA,Valencia,1,1,€ 27,2019/10/13,2019/10/14,0,"3,7",7
Amazing in Town Hall Square,3834085,Apartamento,Valencia,1,1,NA,2019/10/13,2019/10/14,0,9,7
Apartamento Islas Canarias,2304086,Apartamento,Valencia,1,1,€ 48,2019/10/13,2019/10/14,0,"3,8",7
Habitación muy cerca de la playa.,5395908,NA,Valencia,1,1,€ 40,2019/10/13,2019/10/14,0,,7
Flight Mode Ruzafa,5473258,Apartamento,Valencia,1,1,€ 45,2019/10/13,2019/10/14,0,,7
Cabanyal Apartments Beach,5402234,Apartamento,Valencia,1,1,€ 45,2019/10/13,2019/10/14,0,,7
Valencia Lounge Hostel,337203,NA,Valencia,1,1,€ 43,2019/10/13,2019/10/14,0,"7,7",7
Casual Civilizaciones Valencia,449777,NA,Valencia,1,1,€ 47,2019/10/13,2019/10/14,0,"7,9",7
Home Club Micalet Apartments,443595,Apartamentos,Valencia,1,1,NA,2019/10/13,2019/10/14,0,9,7
Rio Turia B&B,5531073,NA,Valencia,1,1,€ 48,2019/10/13,2019/10/14,0,"7,6",7
Brugada home,5259150,NA,Valencia,1,1,€ 47,2019/10/13,2019/10/14,0,,7
Lindala,5250762,NA,Valencia,1,1,€ 49,2019/10/13,2019/10/14,0,,7
CheValenciaFlats,2064099,Apartamentos,Valencia,1,1,NA,2019/10/13,2019/10/14,0,"9,1",7
vosotros sereis parte de mi familia.,5299568,NA,Valencia,1,1,€ 50,2019/10/13,2019/10/14,0,,7
Hogar Dulce Hogar,5426607,NA,Valencia,1,1,€ 60,2019/10/13,2019/10/14,0,,7
Piso en Playa de Valencia,5533098,Apartamento,Valencia,1,1,€ 70,2019/10/13,2019/10/14,0,,7
Apartamentos Navío,5647176,Apartamento,Valencia,1,1,€ 70,2019/10/13,2019/10/14,0,,7
Loft Turia Gran,5133726,Apartamento,Valencia,1,1,€ 80,2019/10/13,2019/10/14,0,,7
Apartamentos Artesa 22 Valencia,5546723,Apartamento,Valencia,1,1,€ 109,2019/10/13,2019/10/14,0,,7
Hostal On Dormire Valencia,432305,NA,Valencia,1,1,€ 49,2019/10/13,2019/10/14,0,"7,8",7
Habitacion por dias Centro Valencia,3977106,NA,Valencia,1,1,€ 50,2019/10/13,2019/10/14,0,"7,8",7
Hospederia del Pilar,327766,NA,Valencia,1,1,€ 54,2019/10/13,2019/10/14,0,"7,9",7
Apartamento Ruzafa Centro II,3718518,Apartamento,Valencia,1,1,NA,2019/10/13,2019/10/14,0,"9,1",7
Valencia City Apartment,5460796,Apartamentos,Valencia,1,1,€ 115,2019/10/13,2019/10/14,0,,7
Valencia Puerto Beach 3BD Apartment,5249773,Apartamento,Valencia,1,1,€ 144,2019/10/13,2019/10/14,0,,7
CENTER-2BR- 2BA-ATTIC-TERRACE-VIEW- WI-FI- A/C,5264557,Apartamento,Valencia,1,1,€ 156,2019/10/13,2019/10/14,0,,7
The White Apartment: Luxury- Beach and Design,5631365,Apartamento,Valencia,1,1,€ 167,2019/10/13,2019/10/14,0,,7
Apartment Carrer de Don Juan de Austria,5464038,Apartamentos,Valencia,1,1,€ 275,2019/10/13,2019/10/14,0,,7
Dreams Rental City Hall,337092,Apartamentos,Valencia,1,1,€ 280,2019/10/13,2019/10/14,0,,7
Como en casa,4802186,NA,Valencia,1,1,€ 54,2019/10/13,2019/10/14,0,"7,9",7
Cosy Rooms Tapinería,371192,NA,Valencia,1,1,€ 54,2019/10/13,2019/10/14,2,"7,5",7
Casa alta del mar,2542826,Apartamento,Valencia,1,1,NA,2019/10/13,2019/10/14,0,"9,2",7
Rooms Valencia Center,5507857,NA,Valencia,1,1,€ 54,2019/10/13,2019/10/14,0,"7,7",7
Expo Hotel Valencia,91223,NA,Valencia,1,1,€ 55,2019/10/13,2019/10/14,3,"7,6",7
B&B Hotel Valencia Ciudad de las Ciencias,92242,NA,Valencia,1,1,€ 56,2019/10/13,2019/10/14,3,"7,5",7
United Colors of Studios - Mercado Central,2574108,Apartamentos,Valencia,1,1,€ 59,2019/10/13,2019/10/14,0,"7,8",7
Apartamento,3139431,Apartamento,Valencia,1,1,NA,2019/10/13,2019/10/14,0,"9,4",7
Governor Residence,3799760,Apartahotel,Valencia,1,1,€ 600,2019/10/13,2019/10/14,0,,7
Apartamento con terraza,5238122,Apartahotel,Valencia,1,1,€ 770,2019/10/13,2019/10/14,0,,7
Gulet Why Not,5199364,NA,Valencia,1,1,€ 3.000,2019/10/13,2019/10/14,0,,7
OYO Pensión El Rincón,476031,NA,Valencia,1,1,€ 59,2019/10/13,2019/10/14,1,"7,6",7
Hostal Bisbal,235665,NA,Valencia,1,1,€ 60,2019/10/13,2019/10/14,1,"7,5",7
Apartamento Giorgeta,2580538,Apartamento,Valencia,1,1,NA,2019/10/13,2019/10/14,0,9,7
Patacona Green Flats,292996,Apartamentos,Valencia,1,1,€ 62,2019/10/13,2019/10/14,0,"7,6",7
Alex Apartment,1756374,Apartamento,Valencia,1,1,€ 64,2019/10/13,2019/10/14,0,"7,9",7
Hotel Turia,14441,NA,Valencia,1,1,€ 65,2019/10/13,2019/10/14,4,"7,5",7
City Center Apartments,4426057,Apartamentos,Valencia,1,1,€ 68,2019/10/13,2019/10/14,0,"7,8",7
Maritimo Apartment,3615826,Apartamento,Valencia,1,1,€ 68,2019/10/13,2019/10/14,0,"7,7",7
Valencia Apartamentos Goya,4256653,Apartamentos,Valencia,1,1,€ 210,2019/10/13,2019/10/14,0,10,7
Espai One Santa Mónica,5471724,Apartamento,Valencia,1,1,€ 55,2019/10/13,2019/10/14,0,"9,8",7
MerKat-Abastos,1231196,Apartamento,Valencia,1,1,NA,2019/10/13,2019/10/14,0,"9,7",7
L'Esplai Valencia Bed & Breakfast,1282556,NA,Valencia,1,1,€ 99,2019/10/13,2019/10/14,0,"9,6",7
RUZAFA- CENTRO-A/C- WI-FI- PARKING,2885994,Apartamento,Valencia,1,1,€ 100,2019/10/13,2019/10/14,0,"9,7",7
Oceanografic Apartment,4903549,Apartamento,Valencia,1,1,€ 100,2019/10/13,2019/10/14,0,"9,5",7
Apartments Downtown Valencia,2250421,Apartamentos,Valencia,1,1,€ 105,2019/10/13,2019/10/14,0,"9,6",7
Ramirez Flats & Bar,4124528,Apartahotel,Valencia,1,1,€ 110,2019/10/13,2019/10/14,0,"9,5",7
Bubuflats Bubu 3,1014334,Apartamentos,Valencia,1,1,€ 110,2019/10/13,2019/10/14,0,"9,6",7
Musico Art Flat,2925957,Apartamento,Valencia,1,1,NA,2019/10/13,2019/10/14,0,"9,7",7
Disfruta - Enjoy Valencia Ruzafa,3890328,Apartamento,Valencia,1,1,€ 145,2019/10/13,2019/10/14,0,"9,7",7
Chic and Central- in a lively but quiet area. All walking distance.,3649090,Apartamento,Valencia,1,1,€ 162,2019/10/13,2019/10/14,0,"9,6",7
MARQUÉS HOUSE 4* SUP,2118880,NA,Valencia,1,1,€ 199,2019/10/13,2019/10/14,4,"9,5",7
Cantagua Hostel,4074640,NA,Valencia,1,1,€ 42,2019/10/13,2019/10/14,0,"9,1",7
YOU & CO. Saler Beach Boutique,4533007,NA,Valencia,1,1,€ 45,2019/10/13,2019/10/14,3,9,7
Rooms Ciencias,94126,NA,Valencia,1,1,€ 55,2019/10/13,2019/10/14,0,9,7
Casa Vich,4457634,Apartamento,Valencia,1,1,NA,2019/10/13,2019/10/14,0,"9,6",7
Florista's Room en Valencia,5502152,NA,Valencia,1,1,€ 56,2019/10/13,2019/10/14,0,"9,1",7
Habitación privada a 1500 metros de la playa,3789910,NA,Valencia,1,1,€ 60,2019/10/13,2019/10/14,0,"9,3",7
Jardín Botánico Hotel Boutique,93369,NA,Valencia,1,1,€ 62,2019/10/13,2019/10/14,3,9,7
Zerka Sendra,4657122,Apartamento,Valencia,1,1,€ 109,2019/10/13,2019/10/14,0,9,7
One Shot Mercat 09,2274203,NA,Valencia,1,1,€ 109,2019/10/13,2019/10/14,4,"9,1",7
Charming Ninetta,3220582,Apartamento,Valencia,1,1,NA,2019/10/13,2019/10/14,0,"9,5",7
5 SENSES,3786890,Apartamento,Valencia,1,1,€ 111,2019/10/13,2019/10/14,0,"9,2",7
HQ Rooms Apartments San Vicente,2894429,Apartamentos,Valencia,1,1,€ 113,2019/10/13,2019/10/14,0,"9,2",7
Blanq Comedias,4922002,NA,Valencia,1,1,€ 63,2019/10/13,2019/10/14,0,"9,1",7
Una Ubicacion Perfecta,3114164,Apartamentos,Valencia,1,1,€ 65,2019/10/13,2019/10/14,0,"9,1",7
Nest Style Valencia,5219046,NA,Valencia,1,1,€ 66,2019/10/13,2019/10/14,3,"9,4",7
Opera House Valencia B&B,3533887,NA,Valencia,1,1,NA,2019/10/13,2019/10/14,0,"9,5",7
Mon Suites San Nicolas,4117225,Apartamentos,Valencia,1,1,€ 115,2019/10/13,2019/10/14,0,"9,2",7
Piso como en tu casa 2,3834617,Apartamentos,Valencia,1,1,€ 119,2019/10/13,2019/10/14,0,"9,2",7
MYR Hotel Plaza Mercado & Spa,1619029,Apartahotel,Valencia,1,1,€ 119,2019/10/13,2019/10/14,0,"9,2",7
Sorolla Centro,90896,NA,Valencia,1,1,€ 121,2019/10/13,2019/10/14,3,"9,1",7
Original Domino House,5434091,NA,Valencia,1,1,€ 69,2019/10/13,2019/10/14,0,"9,2",7
OCEANOGRAFIC DELUXE- PARKING- WI-FI,4095746,Apartamento,Valencia,1,1,€ 70,2019/10/13,2019/10/14,0,"9,2",7
Turia Burjassot 12,3237353,Apartamento,Valencia,1,1,€ 70,2019/10/13,2019/10/14,0,9,7
Host & Home,1663785,NA,Valencia,1,1,€ 72,2019/10/13,2019/10/14,0,9,7
Hostal Venecia,92883,NA,Valencia,1,1,€ 74,2019/10/13,2019/10/14,2,"9,1",7
El Corazon de Canovas,2634817,Apartamento,Valencia,1,1,NA,2019/10/13,2019/10/14,0,"9,6",7
NH Collection Colón Valencia,3828811,NA,Valencia,1,1,€ 123,2019/10/13,2019/10/14,4,"9,2",7
Vincci Mercat,1279484,NA,Valencia,1,1,€ 127,2019/10/13,2019/10/14,4,9,7
Friendly Rentals Torrealba,1634243,Apartamento,Valencia,1,1,€ 130,2019/10/13,2019/10/14,0,"9,3",7
Mediterranean Flats Plaza Redonda,4086496,Apartamentos,Valencia,1,1,€ 131,2019/10/13,2019/10/14,0,"9,3",7
Live in Chianti Apartaments,2882632,Apartamentos,Valencia,1,1,€ 132,2019/10/13,2019/10/14,0,"9,1",7
Palacio de Rojas,1073276,Apartamentos,Valencia,1,1,€ 133,2019/10/13,2019/10/14,0,"9,3",7
Hexagonal Design Apartment Valencia,4630643,Apartamento,Valencia,1,1,NA,2019/10/13,2019/10/14,0,"9,5",7
Pintor Salvador Abril 24 Apartment,3249845,Apartamento,Valencia,1,1,€ 134,2019/10/13,2019/10/14,0,9,7
Mon Suites Catedral,485679,Apartamentos,Valencia,1,1,€ 140,2019/10/13,2019/10/14,0,"9,2",7
Friendly Rentals Montaner Beach,2314997,Apartamento,Valencia,1,1,€ 140,2019/10/13,2019/10/14,0,9,7
Sweet Caroline Apartment,1811784,Apartamento,Valencia,1,1,€ 150,2019/10/13,2019/10/14,0,"9,2",7
B BEACH VALENCIA,5125954,Apartamento,Valencia,1,1,€ 150,2019/10/13,2019/10/14,0,"9,1",7
Casa del Patriarca,364834,NA,Valencia,1,1,€ 76,2019/10/13,2019/10/14,0,"8,9",7
Edificio Pentagono,4673669,Apartamento,Valencia,1,1,€ 155,2019/10/13,2019/10/14,0,"9,1",7
Central Park Apartment Valencia,3881533,Apartamento,Valencia,1,1,NA,2019/10/13,2019/10/14,0,"9,5",7
Palau de Palomar,471283,Apartamentos,Valencia,1,1,€ 165,2019/10/13,2019/10/14,0,"9,1",7
Apartamentos La más Bonita,2816245,Apartamentos,Valencia,1,1,€ 180,2019/10/13,2019/10/14,0,"9,1",7
Habitación doble,3599930,NA,Valencia,1,1,€ 76,2019/10/13,2019/10/14,0,"8,9",7
Colón Market Downtown,4607745,Apartamento,Valencia,1,1,NA,2019/10/13,2019/10/14,0,"9,6",7
Hi Valencia Cánovas,4312120,Apartamentos,Valencia,1,1,€ 77,2019/10/13,2019/10/14,0,"8,9",7
Hotel Valencia Oceanic Managed by Melia Hotels International,91522,NA,Valencia,1,1,€ 79,2019/10/13,2019/10/14,4,"8,6",7
Valenciaflats Centro Histórico,94781,Apartamentos,Valencia,1,1,€ 79,2019/10/13,2019/10/14,0,"8,7",7
Las Arenas Balneario Resort,91144,NA,Valencia,1,1,€ 189,2019/10/13,2019/10/14,5,9,7
Arena's Apartament,2156905,Apartamento,Valencia,1,1,€ 200,2019/10/13,2019/10/14,0,"9,1",7
Caro Hotel,348132,NA,Valencia,1,1,€ 259,2019/10/13,2019/10/14,5,"9,2",7
One Shot Colón 46,1394168,NA,Valencia,1,1,€ 79,2019/10/13,2019/10/14,3,"8,7",7
Balandra Flat,2032624,Apartamento,Valencia,1,1,€ 79,2019/10/13,2019/10/14,0,"8,6",7
Ad Hoc Carmen,1173270,NA,Valencia,1,1,€ 80,2019/10/13,2019/10/14,2,"8,9",7
Luxury Center Plaza Redonda,5138960,Apartamento,Valencia,1,1,NA,2019/10/13,2019/10/14,0,"9,6",7
El Coral Apartment Valencia,3606766,Apartamento,Valencia,1,1,€ 80,2019/10/13,2019/10/14,0,"8,7",7
Apartamentos Turia,355328,Apartamentos,Valencia,1,1,€ 81,2019/10/13,2019/10/14,0,"8,7",7
Suites by Eric Olsan (Florista),4726450,Apartamentos,Valencia,1,1,€ 82,2019/10/13,2019/10/14,0,"8,5",7
Petit Palomar,2187491,Apartamentos,Valencia,1,1,€ 85,2019/10/13,2019/10/14,0,"8,9",7
Turia Town,4064373,Apartamentos,Valencia,1,1,€ 85,2019/10/13,2019/10/14,0,"8,8",7
AC Hotel Valencia,91063,NA,Valencia,1,1,€ 86,2019/10/13,2019/10/14,4,"8,5",7
Apartamento centro,3160737,Apartamento,Valencia,1,1,NA,2019/10/13,2019/10/14,0,"9,7",7
Citizentral Gascons,332095,Apartamentos,Valencia,1,1,€ 87,2019/10/13,2019/10/14,0,"8,8",7
Hotel San Lorenzo Boutique,1307718,NA,Valencia,1,1,€ 88,2019/10/13,2019/10/14,3,"8,6",7
Casual Vintage Valencia,1710241,NA,Valencia,1,1,€ 90,2019/10/13,2019/10/14,2,"8,6",7
BUBUFLATS / Mercat,783206,Apartamentos,Valencia,1,1,€ 90,2019/10/13,2019/10/14,0,"8,9",7
Sercotel Sorolla Palace,93646,NA,Valencia,1,1,€ 90,2019/10/13,2019/10/14,4,"8,6",7
BUBUFLATS Mossén,1141763,Apartamentos,Valencia,1,1,€ 90,2019/10/13,2019/10/14,0,"8,9",7
Cool Loft Malvarrosa Beach,4309218,Apartamento,Valencia,1,1,NA,2019/10/13,2019/10/14,0,"9,7",7
Welcomer Apartments Valencia,19363,Apartamentos,Valencia,1,1,€ 94,2019/10/13,2019/10/14,0,"8,7",7
Petit Palace Ruzafa,90792,NA,Valencia,1,1,€ 94,2019/10/13,2019/10/14,3,"8,7",7
Apartamentos Plaza Picasso,97063,Apartamentos,Valencia,1,1,€ 94,2019/10/13,2019/10/14,0,"8,5",7
València Centre Torres de Quart,886289,Apartamentos,Valencia,1,1,€ 94,2019/10/13,2019/10/14,0,"8,9",7
Perla Apartments,3146781,Apartamentos,Valencia,1,1,€ 95,2019/10/13,2019/10/14,0,"8,7",7
