name,propertyId,propertyType,city,rooms,days,price,checkIn,checkOut,stars,score,advance
Puerta2 · Enjoy Large Patio! Beautiful. Designer 2bdrm.2bath.,5517776,Apartamento,Valencia,1,1,€ 126,2019/10/24,2019/10/25,0,,14
Valencia Apartamentos DEL MAR,5421626,Apartamento,Valencia,1,1,€ 129,2019/10/24,2019/10/25,0,,14
Splendid house in Valencia,3091182,Apartamentos,Valencia,1,1,NA,2019/10/24,2019/10/25,0,"9,3",14
The White Apartment: Luxury- Beach and Design,5631365,Apartamento,Valencia,1,1,€ 167,2019/10/24,2019/10/25,0,,14
Serranos Apartment,2698760,Apartamento,Valencia,1,1,€ 169,2019/10/24,2019/10/25,0,,14
"Flat ""Ca Alexandre""",3687859,Apartamento,Valencia,1,1,€ 200,2019/10/24,2019/10/25,0,,14
Dreams Rental City Hall,337092,Apartamentos,Valencia,1,1,€ 280,2019/10/24,2019/10/25,0,,14
LACASAMALVA1 PLAYA DE VALENCIA,5679960,Casa o chalet,Valencia,1,1,€ 298,2019/10/24,2019/10/25,0,,14
Governor Residence,3799760,Apartahotel,Valencia,1,1,€ 600,2019/10/24,2019/10/25,0,,14
ALEX- CENTER APARTMENT. WI-FI,2884203,Apartamento,Valencia,1,1,NA,2019/10/24,2019/10/25,0,9,14
Apartment Carrer de Josep Aguirre,5646705,Apartamento,Valencia,1,1,€ 608,2019/10/24,2019/10/25,0,,14
Apartment Carrer de Cadis,5531328,Apartamentos,Valencia,1,1,€ 648,2019/10/24,2019/10/25,0,,14
Apartamento con terraza,5238122,Apartahotel,Valencia,1,1,€ 770,2019/10/24,2019/10/25,0,,14
Gulet Why Not,5199364,NA,Valencia,1,1,€ 3.000,2019/10/24,2019/10/25,0,,14
Hi Valencia Cánovas,4312120,Apartamentos,Valencia,1,1,€ 86,2019/10/24,2019/10/25,0,"8,9",14
Welcomer Apartments Valencia,19363,Apartamentos,Valencia,1,1,€ 86,2019/10/24,2019/10/25,0,"8,7",14
Charming Ninetta,3220582,Apartamento,Valencia,1,1,NA,2019/10/24,2019/10/25,0,"9,5",14
El Coral Apartment Valencia,3606766,Apartamento,Valencia,1,1,€ 88,2019/10/24,2019/10/25,0,"8,7",14
València Centre Torres de Quart,886289,Apartamentos,Valencia,1,1,€ 88,2019/10/24,2019/10/25,0,"8,9",14
BUBUFLATS / Mercat,783206,Apartamentos,Valencia,1,1,€ 90,2019/10/24,2019/10/25,0,"8,9",14
Valenciaflats Centro Histórico,94781,Apartamentos,Valencia,1,1,€ 91,2019/10/24,2019/10/25,0,"8,7",14
Perla Apartments,3146781,Apartamentos,Valencia,1,1,€ 95,2019/10/24,2019/10/25,0,"8,7",14
Flatsforyou Mercat,1367507,Apartamentos,Valencia,1,1,€ 95,2019/10/24,2019/10/25,3,"8,9",14
Apartamento Bolseria 28,881275,Apartamentos,Valencia,1,1,NA,2019/10/24,2019/10/25,0,"9,5",14
Apartamentos Sollana 18 Cerca de les Arts i les Ciencies Valencia- FREE WI-FI,5232423,Apartamento,Valencia,1,1,€ 114,2019/10/24,2019/10/25,0,"8,2",14
NH Ciudad de Valencia,90729,NA,Valencia,1,1,€ 117,2019/10/24,2019/10/25,3,"8,1",14
Ático Valencia Centro,4358939,Apartamento,Valencia,1,1,NA,2019/10/24,2019/10/25,0,"9,9",14
BonApart Apartment Valencia,1490885,Apartamento,Valencia,1,1,€ 120,2019/10/24,2019/10/25,0,"8,4",14
Apartamento Obispo don Jerónimo,2079020,Apartamento,Valencia,1,1,€ 123,2019/10/24,2019/10/25,0,"8,2",14
Zerka Centro,4425975,Apartamentos,Valencia,1,1,€ 129,2019/10/24,2019/10/25,0,"8,3",14
BUBUFLATS Mossén,1141763,Apartamentos,Valencia,1,1,€ 95,2019/10/24,2019/10/25,0,"8,9",14
New Trendy apartment,2426154,Apartamento,Valencia,1,1,€ 95,2019/10/24,2019/10/25,0,"8,7",14
Apartments Madrina,3278589,Apartamentos,Valencia,1,1,€ 97,2019/10/24,2019/10/25,0,"8,9",14
Citizentral Gascons,332095,Apartamentos,Valencia,1,1,€ 98,2019/10/24,2019/10/25,0,"8,8",14
Soho Valencia,1538641,Apartahotel,Valencia,1,1,€ 99,2019/10/24,2019/10/25,0,"8,9",14
Apartamento frente al mar,3060802,Apartamento,Valencia,1,1,€ 130,2019/10/24,2019/10/25,0,"8,3",14
Eurostars Rey Don Jaime,91520,NA,Valencia,1,1,€ 134,2019/10/24,2019/10/25,4,"8,2",14
Hotel Malcom and Barret,483261,NA,Valencia,1,1,€ 99,2019/10/24,2019/10/25,3,"8,7",14
PORT VALENCIA PLAYA,5259971,Apartamento,Valencia,1,1,NA,2019/10/24,2019/10/25,0,"9,7",14
Ad Hoc Carmen,1173270,NA,Valencia,1,1,€ 99,2019/10/24,2019/10/25,2,"8,9",14
Hola Valencia - Holiday Apartments,2818140,Apartamentos,Valencia,1,1,€ 100,2019/10/24,2019/10/25,0,"8,8",14
Flatsforyou Ruzafa,3342696,Apartamentos,Valencia,1,1,€ 105,2019/10/24,2019/10/25,0,"8,7",14
City of Arts,3031480,Apartamento,Valencia,1,1,€ 105,2019/10/24,2019/10/25,0,"8,8",14
El Palacete Gran Via,3483148,NA,Valencia,1,1,€ 109,2019/10/24,2019/10/25,0,"8,7",14
Casual Vintage Valencia,1710241,NA,Valencia,1,1,€ 109,2019/10/24,2019/10/25,2,"8,6",14
Holiday Inn Express Ciudad de las Ciencias,96737,NA,Valencia,1,1,€ 135,2019/10/24,2019/10/25,3,8,14
ÁTICO EN EL CENTRO DE VALENCIA VT-45939-T,4752815,Apartamento,Valencia,1,1,NA,2019/10/24,2019/10/25,0,"9,6",14
Apartamento centro,3160737,Apartamento,Valencia,1,1,NA,2019/10/24,2019/10/25,0,"9,7",14
Friendly Rentals Ravel I,1634234,Apartamento,Valencia,1,1,€ 110,2019/10/24,2019/10/25,0,"8,8",14
Les flors,3985046,Apartamento,Valencia,1,1,€ 110,2019/10/24,2019/10/25,0,"8,7",14
Friendly Rentals Casals,1769176,Apartamento,Valencia,1,1,€ 115,2019/10/24,2019/10/25,0,"8,6",14
Friendly rentals Enesco Beach,2526514,Apartamento,Valencia,1,1,€ 140,2019/10/24,2019/10/25,0,8,14
Apartamentos Dormavalencia,4450983,Apartamentos,Valencia,1,1,€ 141,2019/10/24,2019/10/25,0,"8,4",14
Stylish newly renovated in great location /WIFI,3661070,Apartamento,Valencia,1,1,€ 119,2019/10/24,2019/10/25,0,"8,6",14
Flatsforyou Sorolla House,403442,Apartamentos,Valencia,1,1,€ 120,2019/10/24,2019/10/25,0,"8,6",14
Senator Parque Central Hotel,274963,NA,Valencia,1,1,€ 147,2019/10/24,2019/10/25,4,"8,1",14
Old Town Flats Casa Burguerini,4552106,Apartamentos,Valencia,1,1,€ 151,2019/10/24,2019/10/25,0,"8,2",14
Malvarrosa Calle Pavia,3608764,Casa o chalet,Valencia,1,1,€ 156,2019/10/24,2019/10/25,0,8,14
Ilunion Aqua 3,92776,NA,Valencia,1,1,€ 168,2019/10/24,2019/10/25,3,"8,3",14
Bright and Modern Apartment near the Beach,4413130,Apartamento,Valencia,1,1,NA,2019/10/24,2019/10/25,0,"9,9",14
Hotel Valencia Center,91285,NA,Valencia,1,1,€ 168,2019/10/24,2019/10/25,4,"8,4",14
Hotel Conqueridor,91047,NA,Valencia,1,1,€ 180,2019/10/24,2019/10/25,4,"8,4",14
Vlc Apartaments el Carmen,389902,Apartamentos,Valencia,1,1,€ 214,2019/10/24,2019/10/25,0,"8,2",14
Musico Peydro Apartments,3765069,Apartamentos,Valencia,1,1,€ 313,2019/10/24,2019/10/25,0,8,14
MD Vila Barbera Apartment Center,1957253,Apartamento,Valencia,1,1,€ 400,2019/10/24,2019/10/25,0,"8,3",14
UP Hostel Valencia,1710137,NA,Valencia,1,1,€ 23,2019/10/24,2019/10/25,0,"7,7",14
ÁTICO PTA 13 EN EL CENTRO DE VALENCIA VT-45727-T,4612077,Apartamento,Valencia,1,1,NA,2019/10/24,2019/10/25,0,"9,5",14
Habitación Céntrica en Casa de Familia,4289877,NA,Valencia,1,1,€ 30,2019/10/24,2019/10/25,0,"7,8",14
Valencia_1,3698698,Apartamento,Valencia,1,1,€ 140,2019/10/24,2019/10/25,0,"7,2",14
Apartamento para 10 personas,5029963,Apartamento,Valencia,1,1,€ 160,2019/10/24,2019/10/25,0,7,14
Apartamento Valencia Center,410101,Apartamentos,Valencia,1,1,NA,2019/10/24,2019/10/25,0,"9,4",14
Select Home Town Hall,1648016,Apartamentos,Valencia,1,1,€ 165,2019/10/24,2019/10/25,0,"7,4",14
Apart and Benef,2291245,NA,Valencia,1,1,€ 34,2019/10/24,2019/10/25,0,"7,8",14
Select Home Catedral,440778,Apartamentos,Valencia,1,1,€ 180,2019/10/24,2019/10/25,0,"7,1",14
MD Puerto Rico Apartment Ruzafa,3737151,Apartamento,Valencia,1,1,€ 341,2019/10/24,2019/10/25,0,"7,4",14
Habitacion Doble Homestay,4037073,NA,Valencia,1,1,€ 36,2019/10/24,2019/10/25,0,"7,9",14
Hostal El Cid,309465,NA,Valencia,1,1,€ 37,2019/10/24,2019/10/25,2,"7,6",14
MD Villalonga Malvarosa Beach,3739661,Apartamento,Valencia,1,1,€ 490,2019/10/24,2019/10/25,0,"7,1",14
Guest House Lebon,3124256,NA,Valencia,1,1,€ 29,2019/10/24,2019/10/25,0,"6,8",14
Ruzafa Rooms,2891693,NA,Valencia,1,1,€ 45,2019/10/24,2019/10/25,0,"6,8",14
Austria 4,1605997,Apartamentos,Valencia,1,1,NA,2019/10/24,2019/10/25,0,9,14
Casita Esmeralda,2040126,Casa o chalet,Valencia,1,1,€ 114,2019/10/24,2019/10/25,0,"6,5",14
Rio Turia B&B,5531073,NA,Valencia,1,1,€ 38,2019/10/24,2019/10/25,0,"7,6",14
Select Home Boutique Center,387770,Apartamentos,Valencia,1,1,€ 170,2019/10/24,2019/10/25,0,"6,9",14
Guest House Higinio Noja,2845935,NA,Valencia,1,1,€ 25,2019/10/24,2019/10/25,0,6,14
Fun and Sun Center 2,2944416,NA,Valencia,1,1,€ 36,2019/10/24,2019/10/25,0,"6,1",14
RoomTuristValencia - Ruzafa,4608394,NA,Valencia,1,1,€ 22,2019/10/24,2019/10/25,0,"5,6",14
Ruzafa Guesthouse,2269176,NA,Valencia,1,1,€ 30,2019/10/24,2019/10/25,0,"5,6",14
Casa Cabañal,2436758,Casa o chalet,Valencia,1,1,NA,2019/10/24,2019/10/25,0,9,14
Gon & Diego House,4899561,NA,Valencia,1,1,€ 40,2019/10/24,2019/10/25,0,"5,5",14
Home Sweet Home,1223953,NA,Valencia,1,1,€ 50,2019/10/24,2019/10/25,0,"5,5",14
Carrer del Bisbe Jaume Pérez,4900140,NA,Valencia,1,1,€ 60,2019/10/24,2019/10/25,0,"5,9",14
Oliver,4865093,NA,Valencia,1,1,€ 63,2019/10/24,2019/10/25,0,"5,5",14
sueñavalencia,5603844,NA,Valencia,1,1,€ 75,2019/10/24,2019/10/25,0,"5,7",14
Lindala,5250762,NA,Valencia,1,1,€ 59,2019/10/24,2019/10/25,0,"9,8",14
Apartments Downtown Valencia,2250421,Apartamentos,Valencia,1,1,€ 80,2019/10/24,2019/10/25,0,"9,6",14
Valencia Apartamentos Goya,4256653,Apartamentos,Valencia,1,1,NA,2019/10/24,2019/10/25,0,10,14
Kirei Apartment Portland,4276529,Apartamentos,Valencia,1,1,€ 131,2019/10/24,2019/10/25,0,"5,9",14
Apartment near Arts & Science,2062186,Apartamento,Valencia,1,1,NA,2019/10/24,2019/10/25,0,"9,2",14
Valencian Dreams Lonja,4757385,Apartamento,Valencia,1,1,€ 84,2019/10/24,2019/10/25,0,"9,8",14
Casa La Buhardilla,2985364,Apartamento,Valencia,1,1,€ 97,2019/10/24,2019/10/25,0,"9,6",14
Guest House Torres de Quart,2275006,NA,Valencia,1,1,€ 33,2019/10/24,2019/10/25,0,"5,3",14
RoomTuristValencia Estacion del Norte,4682632,NA,Valencia,1,1,€ 35,2019/10/24,2019/10/25,0,"5,1",14
Guest House Ruzafa,2324552,NA,Valencia,1,1,€ 35,2019/10/24,2019/10/25,0,"5,1",14
Port of Valencia,3805735,Apartamento,Valencia,1,1,€ 75,2019/10/24,2019/10/25,0,"5,1",14
Opera House Valencia B&B,3533887,NA,Valencia,1,1,€ 97,2019/10/24,2019/10/25,0,"9,5",14
Ramirez Flats & Bar,4124528,Apartahotel,Valencia,1,1,€ 99,2019/10/24,2019/10/25,0,"9,5",14
Oceanografic Apartment,4903549,Apartamento,Valencia,1,1,€ 115,2019/10/24,2019/10/25,0,"9,5",14
RUZAFA- CENTRO-A/C- WI-FI- PARKING,2885994,Apartamento,Valencia,1,1,€ 120,2019/10/24,2019/10/25,0,"9,7",14
MerKat-Abastos,1231196,Apartamento,Valencia,1,1,NA,2019/10/24,2019/10/25,0,"9,7",14
Duplex+Swimming pool+private entrance=Housen of LOVE,2999152,Apartamento,Valencia,1,1,€ 125,2019/10/24,2019/10/25,0,"9,6",14
RoomTuristValencia Torres de Quart,4565643,NA,Valencia,1,1,€ 21,2019/10/24,2019/10/25,0,"4,5",14
Welcome Apartamentos Pintor Stolz 31 Valencia,5019066,Apartamento,Valencia,1,1,€ 119,2019/10/24,2019/10/25,0,"9,3",14
Sorolla Centro,90896,NA,Valencia,1,1,€ 121,2019/10/24,2019/10/25,3,"9,1",14
Apartment Cabanyal,3172456,Apartamento,Valencia,1,1,NA,2019/10/24,2019/10/25,0,"9,7",14
Mon Suites San Nicolas,4117225,Apartamentos,Valencia,1,1,€ 124,2019/10/24,2019/10/25,0,"9,2",14
Apartment Sofi,2830696,Apartamento,Valencia,1,1,€ 150,2019/10/24,2019/10/25,0,"9,8",14
Disfruta - Enjoy Valencia Centre,3881970,Apartamento,Valencia,1,1,€ 169,2019/10/24,2019/10/25,0,"9,8",14
Live in Chianti Apartaments,2882632,Apartamentos,Valencia,1,1,€ 128,2019/10/24,2019/10/25,0,9,14
Hostal Venecia,92883,NA,Valencia,1,1,€ 130,2019/10/24,2019/10/25,2,"9,1",14
Disfruta - Enjoy Valencia Ruzafa,3890328,Apartamento,Valencia,1,1,€ 189,2019/10/24,2019/10/25,0,"9,7",14
MARQUÉS HOUSE 4* SUP,2118880,NA,Valencia,1,1,€ 209,2019/10/24,2019/10/25,4,"9,5",14
Apartments Torres de Serranos Valencia,1099602,Apartamentos,Valencia,1,1,€ 227,2019/10/24,2019/10/25,0,"9,6",14
Hexagonal Design Apartment Valencia,4630643,Apartamento,Valencia,1,1,NA,2019/10/24,2019/10/25,0,"9,5",14
MD PASEO RUZAFA CENTER,5374850,Apartamento,Valencia,1,1,€ 1.030,2019/10/24,2019/10/25,0,"9,6",14
Palau de Palomar,471283,Apartamentos,Valencia,1,1,€ 135,2019/10/24,2019/10/25,0,"9,1",14
Cantagua Hostel,4074640,NA,Valencia,1,1,€ 33,2019/10/24,2019/10/25,0,"9,1",14
Florista's Room en Valencia,5502152,NA,Valencia,1,1,€ 48,2019/10/24,2019/10/25,0,"9,1",14
YOU & CO. Saler Beach Boutique,4533007,NA,Valencia,1,1,€ 55,2019/10/24,2019/10/25,3,9,14
Hotel Valencia Alameda,4019381,NA,Valencia,1,1,€ 139,2019/10/24,2019/10/25,4,"9,3",14
Friendly Rentals Montaner Beach,2314997,Apartamento,Valencia,1,1,€ 140,2019/10/24,2019/10/25,0,9,14
VIVIENDA DISEÑO CON JARDÍN INTERIOR,4314054,Apartamento,Valencia,1,1,NA,2019/10/24,2019/10/25,0,"9,7",14
Habitación privada a 1500 metros de la playa,3789910,NA,Valencia,1,1,€ 60,2019/10/24,2019/10/25,0,"9,3",14
MD Design Hotel - Portal del Real,2391685,NA,Valencia,1,1,€ 145,2019/10/24,2019/10/25,2,"9,1",14
Apartamentos Edificio Palomar,189277,Apartamentos,Valencia,1,1,€ 149,2019/10/24,2019/10/25,0,"9,2",14
Kasa Katia Eco Guest House,636256,NA,Valencia,1,1,€ 68,2019/10/24,2019/10/25,0,"9,3",14
Carmen Apartment,3308265,Apartamento,Valencia,1,1,NA,2019/10/24,2019/10/25,0,"9,6",14
Una Ubicacion Perfecta,3114164,Apartamentos,Valencia,1,1,€ 68,2019/10/24,2019/10/25,0,"9,1",14
ARENAS 2 APARTAMENT,2808815,Apartamento,Valencia,1,1,€ 150,2019/10/24,2019/10/25,0,9,14
Sweet Caroline Apartment,1811784,Apartamento,Valencia,1,1,€ 150,2019/10/24,2019/10/25,0,"9,2",14
B BEACH VALENCIA,5125954,Apartamento,Valencia,1,1,€ 150,2019/10/24,2019/10/25,0,"9,1",14
Center City Flats,861452,Apartamentos,Valencia,1,1,€ 154,2019/10/24,2019/10/25,0,"9,1",14
Original Domino House,5434091,NA,Valencia,1,1,€ 69,2019/10/24,2019/10/25,0,9,14
Turia Burjassot 12,3237353,Apartamento,Valencia,1,1,€ 75,2019/10/24,2019/10/25,0,9,14
Live in Chianti,2227491,NA,Valencia,1,1,€ 75,2019/10/24,2019/10/25,0,"9,1",14
Host & Home,1663785,NA,Valencia,1,1,€ 75,2019/10/24,2019/10/25,0,9,14
Apartment Regne De Valencia,1533033,Apartamentos,Valencia,1,1,NA,2019/10/24,2019/10/25,0,"9,5",14
Duplex en Blasco Ibáñez,3672426,Apartamento,Valencia,1,1,€ 155,2019/10/24,2019/10/25,0,"9,1",14
Edificio Pentagono,4673669,Apartamento,Valencia,1,1,€ 155,2019/10/24,2019/10/25,0,"9,1",14
MYR Hotel Plaza Mercado & Spa,1619029,Apartahotel,Valencia,1,1,€ 166,2019/10/24,2019/10/25,0,"9,2",14
HQ Rooms Apartments San Vicente,2894429,Apartamentos,Valencia,1,1,€ 167,2019/10/24,2019/10/25,0,"9,2",14
Zerka Sendra,4657122,Apartamento,Valencia,1,1,€ 179,2019/10/24,2019/10/25,0,9,14
One Shot Mercat 09,2274203,NA,Valencia,1,1,€ 179,2019/10/24,2019/10/25,4,"9,1",14
Valencia center,3168460,Apartamento,Valencia,1,1,NA,2019/10/24,2019/10/25,0,"9,8",14
Arena's Apartament,2156905,Apartamento,Valencia,1,1,€ 200,2019/10/24,2019/10/25,0,"9,1",14
Plaza Sainetero 5,3148458,Apartamento,Valencia,1,1,€ 82,2019/10/24,2019/10/25,0,"7,7",14
Suites by Eric Olsan (L),4287413,Apartamentos,Valencia,1,1,€ 83,2019/10/24,2019/10/25,0,"7,5",14
Loft Superior el Carmen,2784473,Apartamento,Valencia,1,1,€ 209,2019/10/24,2019/10/25,0,"9,2",14
Ca Carmela,2466364,Casa o chalet,Valencia,1,1,€ 225,2019/10/24,2019/10/25,0,"9,1",14
ApartUP Patacona Select,4972015,Apartamento,Valencia,1,1,NA,2019/10/24,2019/10/25,0,"9,9",14
Spain Host San Vicente,2263435,Apartamento,Valencia,1,1,€ 84,2019/10/24,2019/10/25,0,"7,9",14
Patacona Resort Apartments,189782,Apartamentos,Valencia,1,1,€ 88,2019/10/24,2019/10/25,0,"7,8",14
Apartment Florista,2150187,Apartamento,Valencia,1,1,€ 90,2019/10/24,2019/10/25,0,"7,9",14
Casual de la Música Valencia,273130,NA,Valencia,1,1,€ 90,2019/10/24,2019/10/25,2,"7,5",14
Mon Suites San Martin,2777545,Apartamentos,Valencia,1,1,€ 268,2019/10/24,2019/10/25,0,"9,4",14
Rosa del mar2,4259814,Apartamento,Valencia,1,1,€ 269,2019/10/24,2019/10/25,0,"9,1",14
SEA YOU HOTEL PORT VALENCIA,92328,NA,Valencia,1,1,€ 92,2019/10/24,2019/10/25,4,"7,7",14
SHF Plaza de la Reina,1682520,Apartamentos,Valencia,1,1,€ 94,2019/10/24,2019/10/25,0,"7,8",14
ApartUP L' Almoina,4220343,Apartamento,Valencia,1,1,NA,2019/10/24,2019/10/25,0,"9,7",14
Hotel Turia,14441,NA,Valencia,1,1,€ 95,2019/10/24,2019/10/25,4,"7,5",14
El 16 Ruzafa,865461,Apartamentos,Valencia,1,1,€ 99,2019/10/24,2019/10/25,0,"7,7",14
Jero Rooms,296743,NA,Valencia,1,1,€ 99,2019/10/24,2019/10/25,0,"7,7",14
Checkin Valencia,93743,NA,Valencia,1,1,€ 113,2019/10/24,2019/10/25,4,"7,8",14
Spain Host Valencia- Plaza del Ayuntamiento,2257049,Apartamentos,Valencia,1,1,€ 140,2019/10/24,2019/10/25,0,"7,5",14
STYLISH APARTMENT - CITY CENTER,2861517,Apartamento,Valencia,1,1,€ 140,2019/10/24,2019/10/25,0,"7,8",14
United Colors of Apartments Boutique Style,5372347,Apartamentos,Valencia,1,1,NA,2019/10/24,2019/10/25,0,"9,5",14
Hotel Valencia Oceanic Managed by Melia Hotels International,91522,NA,Valencia,1,1,€ 220,2019/10/24,2019/10/25,4,"8,6",14
Friendly Rentals Danna,1634254,Apartamento,Valencia,1,1,€ 150,2019/10/24,2019/10/25,0,"7,8",14
Ilunion Valencia 3,92818,NA,Valencia,1,1,€ 184,2019/10/24,2019/10/25,3,"7,9",14
Peset Silence,3698967,Apartamento,Valencia,1,1,€ 300,2019/10/24,2019/10/25,0,"7,5",14
One Shot Palacio Reina Victoria 04,90885,NA,Valencia,1,1,€ 229,2019/10/24,2019/10/25,4,"8,6",14
Espai Loft Santa Mónica,4574135,Apartamento,Valencia,1,1,NA,2019/10/24,2019/10/25,0,"9,7",14
The Westin Valencia,93321,NA,Valencia,1,1,€ 248,2019/10/24,2019/10/25,5,"8,6",14
MD Benlliure Beach.,1957258,Apartamento,Valencia,1,1,€ 313,2019/10/24,2019/10/25,0,"7,8",14
MD Oliag I Apartment Ruzafa,2867488,Apartamento,Valencia,1,1,€ 387,2019/10/24,2019/10/25,0,"7,7",14
AC Hotel Valencia,91063,NA,Valencia,1,1,€ 253,2019/10/24,2019/10/25,4,"8,5",14
Vincci Lys,91183,NA,Valencia,1,1,€ 275,2019/10/24,2019/10/25,4,"8,9",14
Guest House Samuel Ros,4161855,NA,Valencia,1,1,€ 25,2019/10/24,2019/10/25,0,"7,2",14
Valencian Dreams,3268804,Apartamento,Valencia,1,1,NA,2019/10/24,2019/10/25,0,"9,8",14
Habitación Despuig,4901343,NA,Valencia,1,1,€ 28,2019/10/24,2019/10/25,0,"7,3",14
SingularStays Parque Central,3054000,Apartamentos,Valencia,1,1,€ 278,2019/10/24,2019/10/25,0,"8,8",14
AC Hotel Colon Valencia,1117150,NA,Valencia,1,1,€ 312,2019/10/24,2019/10/25,4,"8,7",14
Hostal Waksman,281139,NA,Valencia,1,1,€ 35,2019/10/24,2019/10/25,1,"7,3",14
feliz como en casa,3676196,NA,Valencia,1,1,€ 36,2019/10/24,2019/10/25,0,"7,3",14
Vincci Palace,94163,NA,Valencia,1,1,€ 313,2019/10/24,2019/10/25,4,"8,6",14
Flats Piera Valencia Center,1490563,Apartamentos,Valencia,1,1,NA,2019/10/24,2019/10/25,0,"9,7",14
Rooms Jardin Botanico,5423036,NA,Valencia,1,1,€ 39,2019/10/24,2019/10/25,0,"7,1",14
Hostal Residencial RR,450746,NA,Valencia,1,1,€ 40,2019/10/24,2019/10/25,0,7,14
Hospes Palau de La Mar,93823,NA,Valencia,1,1,€ 630,2019/10/24,2019/10/25,5,"8,8",14
Center Valencia Youth Hostel,246931,NA,Valencia,1,1,€ 20,2019/10/24,2019/10/25,0,8,14
Habitación en valencia centro,5418023,NA,Valencia,1,1,€ 30,2019/10/24,2019/10/25,0,"8,3",14
Habitacion en Valencia,4861732,NA,Valencia,1,1,€ 45,2019/10/24,2019/10/25,0,"8,2",14
Habitacion en Valencia Barata,4861796,NA,Valencia,1,1,€ 45,2019/10/24,2019/10/25,0,"8,1",14
B&B Hi Valencia Canovas,305349,NA,Valencia,1,1,€ 47,2019/10/24,2019/10/25,0,"8,3",14
Apartment Plaza Cisneros,1273377,Apartamentos,Valencia,1,1,NA,2019/10/24,2019/10/25,0,"9,7",14
Red Nest Hostel,92283,NA,Valencia,1,1,€ 47,2019/10/24,2019/10/25,0,"8,2",14
Pension MonaLisa Luxury Suites,3834224,NA,Valencia,1,1,€ 48,2019/10/24,2019/10/25,0,"8,2",14
Hostal Abastos,257057,NA,Valencia,1,1,€ 48,2019/10/24,2019/10/25,2,"8,2",14
Nanit Valencia Hostel,3913497,NA,Valencia,1,1,€ 49,2019/10/24,2019/10/25,0,"8,3",14
Dormavalencia Hostel,249585,NA,Valencia,1,1,€ 59,2019/10/24,2019/10/25,1,"8,2",14
Sol Playa,12656,NA,Valencia,1,1,€ 60,2019/10/24,2019/10/25,2,"8,3",14
So de Mar,2204496,Apartamento,Valencia,1,1,NA,2019/10/24,2019/10/25,0,"9,6",14
Apartamentos Barraca,2609457,Apartamento,Valencia,1,1,€ 60,2019/10/24,2019/10/25,0,"8,2",14
Urban Youth Hostel,1163025,NA,Valencia,1,1,€ 60,2019/10/24,2019/10/25,0,"8,4",14
L'Otelet By Sweet,1467935,NA,Valencia,1,1,€ 64,2019/10/24,2019/10/25,0,"8,3",14
Hotel Alkazar,408511,NA,Valencia,1,1,€ 64,2019/10/24,2019/10/25,1,8,14
Happy Apartments Valencia – Lope de Vega,575582,Apartamentos,Valencia,1,1,€ 65,2019/10/24,2019/10/25,0,"8,1",14
