name,propertyId,propertyType,city,rooms,days,price,checkIn,checkOut,stars,score,advance
Live in Chianti Apartaments,2882632,Apartamentos,Valencia,1,1,€ 128,2019/10/17,2019/10/18,0,9,7
Citizentral Juristas,1113127,Apartamentos,Valencia,1,1,€ 128,2019/10/17,2019/10/18,0,"9,2",7
Lindala,5250762,NA,Valencia,1,1,€ 49,2019/10/17,2019/10/18,0,"9,9",7
LOFT apartamento duplex en Valencia con parking,5519008,Apartamento,Valencia,1,1,€ 70,2019/10/17,2019/10/18,0,"9,9",7
Valencia Apartamentos Goya,4256653,Apartamentos,Valencia,1,1,NA,2019/10/17,2019/10/18,0,10,7
Hostal Antigua Morellana,1273937,NA,Valencia,1,1,€ 80,2019/10/17,2019/10/18,1,"9,5",7
Opera House Valencia B&B,3533887,NA,Valencia,1,1,€ 94,2019/10/17,2019/10/18,0,"9,5",7
Ciudad Ciencias- Lujo- Parking- Wi-Fi.,4999636,Apartamento,Valencia,1,1,NA,2019/10/17,2019/10/18,0,"9,8",7
Rooms Ciencias,94126,NA,Valencia,1,1,€ 130,2019/10/17,2019/10/18,0,9,7
Mon Suites Catedral,485679,Apartamentos,Valencia,1,1,€ 130,2019/10/17,2019/10/18,0,"9,2",7
Friendly Rentals Montaner Beach,2314997,Apartamento,Valencia,1,1,€ 140,2019/10/17,2019/10/18,0,"8,9",7
Casa La Buhardilla,2985364,Apartamento,Valencia,1,1,€ 97,2019/10/17,2019/10/18,0,"9,6",7
RUZAFA- CENTRO-A/C- WI-FI- PARKING,2885994,Apartamento,Valencia,1,1,€ 100,2019/10/17,2019/10/18,0,"9,7",7
Oceanografic Apartment,4903549,Apartamento,Valencia,1,1,€ 100,2019/10/17,2019/10/18,0,"9,5",7
Ramirez Flats & Bar,4124528,Apartahotel,Valencia,1,1,€ 120,2019/10/17,2019/10/18,0,"9,5",7
ARENAS 2 APARTAMENT,2808815,Apartamento,Valencia,1,1,€ 150,2019/10/17,2019/10/18,0,9,7
B BEACH VALENCIA,5125954,Apartamento,Valencia,1,1,€ 150,2019/10/17,2019/10/18,0,"9,1",7
Duplex en Blasco Ibáñez,3672426,Apartamento,Valencia,1,1,€ 155,2019/10/17,2019/10/18,0,"9,1",7
APARTAMENTO DE DISEÑO EN PLAZA MANISES,2823390,Apartamento,Valencia,1,1,NA,2019/10/17,2019/10/18,0,"9,7",7
Edificio Pentagono,4673669,Apartamento,Valencia,1,1,€ 155,2019/10/17,2019/10/18,0,"9,1",7
Cómoda habitación Valencia,4200488,NA,Valencia,1,1,NA,2019/10/17,2019/10/18,0,"9,6",7
Duplex+Swimming pool+private entrance=Housen of LOVE,2999152,Apartamento,Valencia,1,1,€ 125,2019/10/17,2019/10/18,0,"9,6",7
Barracart Apartments,2125836,Apartamentos,Valencia,1,1,€ 126,2019/10/17,2019/10/18,0,"9,6",7
MARQUÉS HOUSE 4* SUP,2118880,NA,Valencia,1,1,€ 229,2019/10/17,2019/10/18,4,"9,4",7
MD PASEO RUZAFA CENTER,5374850,Apartamento,Valencia,1,1,€ 1.030,2019/10/17,2019/10/18,0,"9,6",7
One Shot Mercat 09,2274203,NA,Valencia,1,1,€ 159,2019/10/17,2019/10/18,4,"9,1",7
Mon Suites San Martin,2777545,Apartamentos,Valencia,1,1,€ 170,2019/10/17,2019/10/18,0,"9,4",7
Cantagua Hostel,4074640,NA,Valencia,1,1,€ 42,2019/10/17,2019/10/18,0,"9,1",7
Kasa Katia Eco Guest House,636256,NA,Valencia,1,1,€ 51,2019/10/17,2019/10/18,0,"9,3",7
NH Collection Colón Valencia,3828811,NA,Valencia,1,1,€ 171,2019/10/17,2019/10/18,4,"9,2",7
Zerka Sendra,4657122,Apartamento,Valencia,1,1,€ 179,2019/10/17,2019/10/18,0,9,7
YourPlace apartments Mercado Central,2933554,Apartamentos,Valencia,1,1,€ 186,2019/10/17,2019/10/18,0,9,7
Vincci Lys,91183,NA,Valencia,1,1,€ 154,2019/10/17,2019/10/18,4,"8,9",7
Apartments Downtown Valencia,2250421,Apartamentos,Valencia,1,1,NA,2019/10/17,2019/10/18,0,"9,6",7
YOU & CO. Saler Beach Boutique,4533007,NA,Valencia,1,1,€ 55,2019/10/17,2019/10/18,3,9,7
Original Domino House,5434091,NA,Valencia,1,1,€ 59,2019/10/17,2019/10/18,0,9,7
La Casa Verde - Ruzafa,2029143,Apartamento,Valencia,1,1,NA,2019/10/17,2019/10/18,0,"9,7",7
Old Fisherman's House in Malvarrosa Beach,3618172,Apartamento,Valencia,1,1,€ 187,2019/10/17,2019/10/18,0,"9,4",7
MYR Hotel Plaza Mercado & Spa,1619029,Apartahotel,Valencia,1,1,€ 189,2019/10/17,2019/10/18,0,"9,2",7
Las Arenas Balneario Resort,91144,NA,Valencia,1,1,€ 198,2019/10/17,2019/10/18,5,9,7
One Shot Palacio Reina Victoria 04,90885,NA,Valencia,1,1,€ 159,2019/10/17,2019/10/18,4,"8,6",7
Garden Turia Downtown,5201200,Apartamento,Valencia,1,1,NA,2019/10/17,2019/10/18,0,"9,8",7
Habitación privada a 1500 metros de la playa,3789910,NA,Valencia,1,1,€ 60,2019/10/17,2019/10/18,0,"9,2",7
OCEANOGRAFIC DELUXE- PARKING- WI-FI,4095746,Apartamento,Valencia,1,1,€ 70,2019/10/17,2019/10/18,0,"9,2",7
OCEANOGRAFIC APARTMENT. PARKING. WI-FI,3107716,Apartamentos,Valencia,1,1,€ 70,2019/10/17,2019/10/18,0,9,7
Blanq Comedias,4922002,NA,Valencia,1,1,€ 72,2019/10/17,2019/10/18,0,9,7
Masatepe Room Valencia,5687127,NA,Valencia,1,1,€ 30,2019/10/17,2019/10/18,0,,7
Habitación muy cerca de la playa.,5395908,NA,Valencia,1,1,€ 40,2019/10/17,2019/10/18,0,,7
Apartamento Rosaleda,3014201,Apartamento,Valencia,1,1,NA,2019/10/17,2019/10/18,0,"8,9",7
MIhotelitoespecial,3573906,Apartamento,Valencia,1,1,€ 160,2019/10/17,2019/10/18,0,"8,6",7
Select Home Mercado de Colón,2960845,Apartamentos,Valencia,1,1,€ 160,2019/10/17,2019/10/18,0,"8,9",7
SH Ingles Boutique Hotel,92956,NA,Valencia,1,1,€ 170,2019/10/17,2019/10/18,4,"8,5",7
Canela`s Vintage Ruzafa Centro,4652584,Apartamento,Valencia,1,1,€ 170,2019/10/17,2019/10/18,0,"8,5",7
Hexagonal Design Apartment Valencia,4630643,Apartamento,Valencia,1,1,NA,2019/10/17,2019/10/18,0,"9,5",7
Host & Home,1663785,NA,Valencia,1,1,€ 75,2019/10/17,2019/10/18,0,9,7
Big sunny room.,5333222,NA,Valencia,1,1,€ 44,2019/10/17,2019/10/18,0,,7
Bright room with trundle bed,5560260,NA,Valencia,1,1,€ 46,2019/10/17,2019/10/18,0,,7
Carlos & Ana,2079019,Apartamento,Valencia,1,1,€ 175,2019/10/17,2019/10/18,0,"8,9",7
Petit Palace Plaza de la Reina,90443,NA,Valencia,1,1,€ 179,2019/10/17,2019/10/18,3,"8,7",7
Apartment Regne De Valencia,1533033,Apartamentos,Valencia,1,1,NA,2019/10/17,2019/10/18,0,"9,5",7
Live in Chianti,2227491,NA,Valencia,1,1,€ 75,2019/10/17,2019/10/18,0,"9,1",7
La casita de Palomar,2132386,Apartamentos,Valencia,1,1,€ 79,2019/10/17,2019/10/18,0,"9,3",7
Arena's Apartament,2156905,Apartamento,Valencia,1,1,€ 200,2019/10/17,2019/10/18,0,"9,1",7
Vincci Mercat,1279484,NA,Valencia,1,1,€ 204,2019/10/17,2019/10/18,4,9,7
Palacio de Rojas,1073276,Apartamentos,Valencia,1,1,€ 209,2019/10/17,2019/10/18,0,"9,3",7
Musico Art Flat,2925957,Apartamento,Valencia,1,1,NA,2019/10/17,2019/10/18,0,"9,6",7
SH Valencia Palace,91497,NA,Valencia,1,1,€ 185,2019/10/17,2019/10/18,5,"8,5",7
Puerta de Serranos,2734333,Apartamentos,Valencia,1,1,€ 185,2019/10/17,2019/10/18,0,"8,9",7
Cathedral Suites Hotel,1736257,Apartahotel,Valencia,1,1,€ 199,2019/10/17,2019/10/18,4,"8,9",7
Vincci Palace,94163,NA,Valencia,1,1,€ 215,2019/10/17,2019/10/18,4,"8,7",7
Ca Carmela,2466364,Casa o chalet,Valencia,1,1,€ 225,2019/10/17,2019/10/18,0,"9,1",7
Rosa del mar2,4259814,Apartamento,Valencia,1,1,€ 269,2019/10/17,2019/10/18,0,9,7
MD Julio Antonio Apartment Center,3961049,Apartamento,Valencia,1,1,€ 285,2019/10/17,2019/10/18,0,"9,2",7
Melia Plaza Valencia,13270,NA,Valencia,1,1,€ 275,2019/10/17,2019/10/18,4,"8,9",7
SingularStays Parque Central,3054000,Apartamentos,Valencia,1,1,€ 278,2019/10/17,2019/10/18,0,"8,9",7
Hostal Venecia,92883,NA,Valencia,1,1,€ 83,2019/10/17,2019/10/18,2,"9,1",7
Apartamento Giorgeta,2580538,Apartamento,Valencia,1,1,€ 85,2019/10/17,2019/10/18,0,9,7
Habitaciones con encanto,5629632,NA,Valencia,1,1,€ 50,2019/10/17,2019/10/18,0,,7
Rooms El Picolino,5326859,NA,Valencia,1,1,€ 52,2019/10/17,2019/10/18,0,,7
Apartamentos Navío,5647176,Apartamento,Valencia,1,1,€ 60,2019/10/17,2019/10/18,0,,7
Hogar Dulce Hogar,5426607,NA,Valencia,1,1,€ 63,2019/10/17,2019/10/18,0,,7
Apartamento Valencia Center,410101,Apartamentos,Valencia,1,1,NA,2019/10/17,2019/10/18,0,"9,4",7
Comfort Homestay,5423155,NA,Valencia,1,1,€ 67,2019/10/17,2019/10/18,0,,7
Bonito Apartamento- confortable y bien comunicado,5572090,Apartamento,Valencia,1,1,€ 68,2019/10/17,2019/10/18,0,,7
Disfruta - Enjoy Valencia Ruzafa,3890328,Apartamento,Valencia,1,1,NA,2019/10/17,2019/10/18,0,"9,7",7
AC Hotel Colon Valencia,1117150,NA,Valencia,1,1,€ 286,2019/10/17,2019/10/18,4,"8,7",7
Center Valencia Youth Hostel,246931,NA,Valencia,1,1,€ 28,2019/10/17,2019/10/18,0,8,7
Hotel Boutique Balandret,1281710,NA,Valencia,1,1,€ 286,2019/10/17,2019/10/18,3,"9,2",7
Caro Hotel,348132,NA,Valencia,1,1,€ 305,2019/10/17,2019/10/18,5,"9,2",7
Sampedor Apartment,435662,Apartamentos,Valencia,1,1,€ 50,2019/10/17,2019/10/18,0,7,7
Piso en Playa de Valencia,5533098,Apartamento,Valencia,1,1,€ 70,2019/10/17,2019/10/18,0,,7
Loft Turia Gran,5133726,Apartamento,Valencia,1,1,€ 80,2019/10/17,2019/10/18,0,,7
Casa Adosada Quintero,5481770,Casa o chalet,Valencia,1,1,€ 103,2019/10/17,2019/10/18,0,,7
Apartamentos Artesa 22 Valencia,5546723,Apartamento,Valencia,1,1,€ 109,2019/10/17,2019/10/18,0,,7
Purple Nest Hostel,25278,NA,Valencia,1,1,€ 42,2019/10/17,2019/10/18,0,"8,2",7
B&B Hi Valencia Canovas,305349,NA,Valencia,1,1,€ 42,2019/10/17,2019/10/18,0,"8,3",7
MOM La Punta,3105661,NA,Valencia,1,1,NA,2019/10/17,2019/10/18,0,"9,4",7
Hotel Cosmo,4838858,NA,Valencia,1,1,€ 115,2019/10/17,2019/10/18,3,,7
Puerta2 · Enjoy Large Patio! Beautiful. Designer 2bdrm.2bath.,5517776,Apartamento,Valencia,1,1,€ 126,2019/10/17,2019/10/18,0,,7
Habitacion en Valencia Barata,4861796,NA,Valencia,1,1,€ 45,2019/10/17,2019/10/18,0,"8,2",7
Pension MonaLisa Luxury Suites,3834224,NA,Valencia,1,1,€ 48,2019/10/17,2019/10/18,0,"8,2",7
ORIGINAL Y ESPACIOSO ATICO EN EL CENTRO DE RUZAFA,4744667,Apartamento,Valencia,1,1,NA,2019/10/17,2019/10/18,0,"9,5",7
Apartamentos Valencia,1007682,Apartamentos,Valencia,1,1,€ 50,2019/10/17,2019/10/18,0,"8,2",7
Coroa Malvarrosa,1638172,Apartamentos,Valencia,1,1,€ 52,2019/10/17,2019/10/18,0,"8,2",7
7 Moons Bed & Breakfast,464187,NA,Valencia,1,1,€ 53,2019/10/17,2019/10/18,0,"8,4",7
Hotel Villacarlos,90730,NA,Valencia,1,1,€ 58,2019/10/17,2019/10/18,3,8,7
Dormavalencia Hostel,249585,NA,Valencia,1,1,€ 59,2019/10/17,2019/10/18,1,"8,2",7
Cerca de la Playa- el Puerto y del Oceanográfico,5211380,Apartamento,Valencia,1,1,€ 151,2019/10/17,2019/10/18,0,,7
CALLE BAJA CIUTAT VELLA,3687463,Apartamento,Valencia,1,1,€ 160,2019/10/17,2019/10/18,0,,7
The White Apartment: Luxury- Beach and Design,5631365,Apartamento,Valencia,1,1,€ 167,2019/10/17,2019/10/18,0,,7
Natural loft,3711677,Apartamento,Valencia,1,1,€ 168,2019/10/17,2019/10/18,0,,7
Eco-Friendly Apartments,1979834,Apartamentos,Valencia,1,1,NA,2019/10/17,2019/10/18,0,"9,2",7
"Flat ""Ca Alexandre""",3687859,Apartamento,Valencia,1,1,€ 200,2019/10/17,2019/10/18,0,,7
Apartment Carrer Ernesto Che Guevara,5598848,Apartamentos,Valencia,1,1,€ 211,2019/10/17,2019/10/18,0,,7
Apartment Carrer de Don Juan de Austria,5464038,Apartamentos,Valencia,1,1,€ 275,2019/10/17,2019/10/18,0,,7
Dreams Rental City Hall,337092,Apartamentos,Valencia,1,1,€ 280,2019/10/17,2019/10/18,0,,7
Casual del Cine Valencia,572187,NA,Valencia,1,1,€ 79,2019/10/17,2019/10/18,2,"8,6",7
Zalamera BnB,1331238,NA,Valencia,1,1,€ 80,2019/10/17,2019/10/18,0,"8,7",7
LACASAMALVA1 PLAYA DE VALENCIA,5679960,Casa o chalet,Valencia,1,1,€ 298,2019/10/17,2019/10/18,0,,7
Luxury Beach House,3602594,Casa o chalet,Valencia,1,1,NA,2019/10/17,2019/10/18,0,"9,7",7
Perla Apartments,3146781,Apartamentos,Valencia,1,1,€ 81,2019/10/17,2019/10/18,0,"8,7",7
Suites by Eric Olsan (Florista),4726450,Apartamentos,Valencia,1,1,€ 82,2019/10/17,2019/10/18,0,"8,6",7
Flatsforyou Sorolla House,403442,Apartamentos,Valencia,1,1,€ 82,2019/10/17,2019/10/18,0,"8,6",7
Hostal Residencial RR,450746,NA,Valencia,1,1,€ 50,2019/10/17,2019/10/18,0,7,7
Fun&Happy VLC Center,3542906,Apartamento,Valencia,1,1,NA,2019/10/17,2019/10/18,0,"9,2",7
PISO ACOGEDOR,4995780,NA,Valencia,1,1,€ 50,2019/10/17,2019/10/18,0,"7,1",7
NWT Central Station Valencia,1647017,NA,Valencia,1,1,€ 54,2019/10/17,2019/10/18,0,"7,1",7
Loft en el centro de Valencia,4078233,Apartamento,Valencia,1,1,€ 85,2019/10/17,2019/10/18,0,"8,6",7
El Palacete Gran Via,3483148,NA,Valencia,1,1,€ 86,2019/10/17,2019/10/18,0,"8,7",7
Welcomer Apartments Valencia,19363,Apartamentos,Valencia,1,1,€ 86,2019/10/17,2019/10/18,0,"8,7",7
Residencia Universitaria Damia Bonet,247451,NA,Valencia,1,1,€ 85,2019/10/17,2019/10/18,0,"8,3",7
Geography and Arts.,3569110,NA,Valencia,1,1,€ 54,2019/10/17,2019/10/18,0,"7,1",7
Hostal la Barraca,350013,NA,Valencia,1,1,€ 55,2019/10/17,2019/10/18,0,"7,2",7
B&B El Mercat,2203530,NA,Valencia,1,1,€ 55,2019/10/17,2019/10/18,0,"7,3",7
Stay at Valencia Downtown,1840715,Apartamento,Valencia,1,1,NA,2019/10/17,2019/10/18,0,"9,5",7
Boutique Creative Rooms,2334726,NA,Valencia,1,1,€ 90,2019/10/17,2019/10/18,0,"8,7",7
La Flamenca,818359,NA,Valencia,1,1,€ 55,2019/10/17,2019/10/18,0,"7,2",7
Casa alta del mar,2542826,Apartamento,Valencia,1,1,NA,2019/10/17,2019/10/18,0,"9,1",7
Almiserat,3054886,Apartamento,Valencia,1,1,€ 60,2019/10/17,2019/10/18,0,"7,1",7
Apartment Horticultor Bosch,1148669,Apartamentos,Valencia,1,1,€ 60,2019/10/17,2019/10/18,0,"7,3",7
Casa de Maria,2467712,Apartamento,Valencia,1,1,€ 90,2019/10/17,2019/10/18,0,"8,6",7
Melia Valencia,290493,NA,Valencia,1,1,€ 98,2019/10/17,2019/10/18,4,"8,8",7
Malvarrosa Beach Rooms,314048,NA,Valencia,1,1,€ 70,2019/10/17,2019/10/18,2,7,7
Accommodation Beach Apartments,1001766,Apartamentos,Valencia,1,1,€ 70,2019/10/17,2019/10/18,0,"7,1",7
Mi casa es vuestra casa,4967097,NA,Valencia,1,1,€ 70,2019/10/17,2019/10/18,0,"7,1",7
NWT Monserrat,3728842,Apartamentos,Valencia,1,1,€ 72,2019/10/17,2019/10/18,0,7,7
Eurostars Acteón,90495,NA,Valencia,1,1,€ 98,2019/10/17,2019/10/18,4,"8,5",7
Hotel Malcom and Barret,483261,NA,Valencia,1,1,€ 99,2019/10/17,2019/10/18,3,"8,7",7
Valenciaflats Centro Histórico,94781,Apartamentos,Valencia,1,1,€ 99,2019/10/17,2019/10/18,0,"8,7",7
Apartment Cisneros 2,2361375,Apartamento,Valencia,1,1,NA,2019/10/17,2019/10/18,0,"9,7",7
Ad Hoc Carmen,1173270,NA,Valencia,1,1,€ 99,2019/10/17,2019/10/18,2,"8,9",7
Soho Valencia,1538641,Apartahotel,Valencia,1,1,€ 99,2019/10/17,2019/10/18,0,"8,9",7
Hotel Gabbeach,403586,NA,Valencia,1,1,€ 99,2019/10/17,2019/10/18,3,"8,5",7
Hostal Penalty,189209,NA,Valencia,1,1,€ 85,2019/10/17,2019/10/18,1,8,7
La Morella del Carmen,5188541,Apartamento,Valencia,1,1,NA,2019/10/17,2019/10/18,0,"9,6",7
Casual Socarrat Valencia,5142800,NA,Valencia,1,1,NA,2019/10/17,2019/10/18,3,"9,2",7
Premium Apartments,486507,Apartamentos,Valencia,1,1,€ 74,2019/10/17,2019/10/18,0,7,7
Centro Valencia Calle Cerrajeros,3476261,NA,Valencia,1,1,€ 75,2019/10/17,2019/10/18,0,"7,1",7
NH Ciudad de Valencia,90729,NA,Valencia,1,1,€ 88,2019/10/17,2019/10/18,3,"8,1",7
Eurostars Gran Valencia,90484,NA,Valencia,1,1,€ 89,2019/10/17,2019/10/18,4,"8,4",7
Reina's Apartment,2130930,Apartamentos,Valencia,1,1,€ 89,2019/10/17,2019/10/18,0,"8,3",7
Apartamentos Dormavalencia,4450983,Apartamentos,Valencia,1,1,€ 90,2019/10/17,2019/10/18,0,"8,4",7
SKY TOURISTIC ATTIC,281640,Apartamentos,Valencia,1,1,€ 99,2019/10/17,2019/10/18,0,"8,5",7
Flatsforyou Ruzafa,3342696,Apartamentos,Valencia,1,1,€ 100,2019/10/17,2019/10/18,0,"8,7",7
City of Arts,3031480,Apartamento,Valencia,1,1,€ 100,2019/10/17,2019/10/18,0,"8,8",7
Ayuntamiento Panoramic,3089239,Apartamento,Valencia,1,1,NA,2019/10/17,2019/10/18,0,"9,5",7
Cosy Rooms Bolsería,371606,NA,Valencia,1,1,€ 81,2019/10/17,2019/10/18,2,"7,4",7
Avenida Cid,3633322,Apartamento,Valencia,1,1,€ 87,2019/10/17,2019/10/18,0,"7,3",7
La Casa dei Fiori,2849727,Apartamento,Valencia,1,1,€ 90,2019/10/17,2019/10/18,0,"7,1",7
Blanq Carmen Hotel,97069,NA,Valencia,1,1,€ 103,2019/10/17,2019/10/18,3,"8,7",7
El Coso,14580,NA,Valencia,1,1,€ 90,2019/10/17,2019/10/18,3,"8,2",7
Dormavalencia Hostel Regne,291755,NA,Valencia,1,1,€ 90,2019/10/17,2019/10/18,1,8,7
Colors Rooms,675839,NA,Valencia,1,1,NA,2019/10/17,2019/10/18,0,"9,5",7
Sercotel Sorolla Palace,93646,NA,Valencia,1,1,€ 105,2019/10/17,2019/10/18,4,"8,6",7
Reino de Valencia Apartments,453225,Apartamentos,Valencia,1,1,€ 105,2019/10/17,2019/10/18,0,"8,9",7
Casual Vintage Valencia,1710241,NA,Valencia,1,1,€ 109,2019/10/17,2019/10/18,2,"8,6",7
Flatsforyou Las Arcadias,473415,Apartamentos,Valencia,1,1,€ 90,2019/10/17,2019/10/18,0,"8,4",7
Apartamento Ciudad de las Artes y las Ciencias,4353552,Apartamento,Valencia,1,1,€ 90,2019/10/17,2019/10/18,0,"8,3",7
Loft by the Beach,4441671,Apartamento,Valencia,1,1,€ 95,2019/10/17,2019/10/18,0,"8,3",7
Cosy Rooms Embajador,369728,NA,Valencia,1,1,€ 94,2019/10/17,2019/10/18,2,"7,4",7
Flatsforyou Carmen,593824,Apartamentos,Valencia,1,1,NA,2019/10/17,2019/10/18,0,"9,1",7
Catedral Reina Apartaments,5348651,Apartamentos,Valencia,1,1,€ 98,2019/10/17,2019/10/18,0,"7,3",7
Kirei Apartment Calgary,4768322,Apartamento,Valencia,1,1,€ 98,2019/10/17,2019/10/18,0,"7,4",7
Style Apartments Puerto,1558265,Apartamentos,Valencia,1,1,€ 95,2019/10/17,2019/10/18,0,"8,1",7
Senator Parque Central Hotel,274963,NA,Valencia,1,1,€ 97,2019/10/17,2019/10/18,4,"8,1",7
Lotelito,570027,NA,Valencia,1,1,€ 110,2019/10/17,2019/10/18,0,"8,9",7
Hotel Valencia Center,91285,NA,Valencia,1,1,€ 99,2019/10/17,2019/10/18,4,"8,4",7
ÁTICO EN EL CENTRO DE VALENCIA VT-45939-T,4752815,Apartamento,Valencia,1,1,NA,2019/10/17,2019/10/18,0,"9,6",7
NWT Central Station Apartments,3964093,Apartamento,Valencia,1,1,€ 99,2019/10/17,2019/10/18,0,"8,3",7
Valencia Apartmans El Carmen,847910,Apartamentos,Valencia,1,1,€ 103,2019/10/17,2019/10/18,0,"7,4",7
Select Home Town Hall,1648016,Apartamentos,Valencia,1,1,€ 155,2019/10/17,2019/10/18,0,"7,4",7
Apartamento para 10 personas,5029963,Apartamento,Valencia,1,1,€ 160,2019/10/17,2019/10/18,0,7,7
Hotel Miramar,23332,NA,Valencia,1,1,€ 99,2019/10/17,2019/10/18,2,"8,4",7
Atico Duplex en el Carmen,2954876,Apartamento,Valencia,1,1,€ 99,2019/10/17,2019/10/18,0,"8,3",7
Conde de melito Apartment Premium,3711960,Apartamento,Valencia,1,1,€ 100,2019/10/17,2019/10/18,0,"8,4",7
Casual de las Artes Valencia,538056,NA,Valencia,1,1,€ 104,2019/10/17,2019/10/18,3,"8,4",7
Friendly Rentals Puerto Deportivo,2317861,Apartamentos,Valencia,1,1,€ 105,2019/10/17,2019/10/18,0,"8,2",7
L'Esplai Valencia Bed & Breakfast,1282556,NA,Valencia,1,1,NA,2019/10/17,2019/10/18,0,"9,5",7
Habitación San Cayetano,4624401,NA,Valencia,1,1,€ 40,2019/10/17,2019/10/18,0,"7,6",7
Voyagers Inn Homestay,2682156,NA,Valencia,1,1,€ 42,2019/10/17,2019/10/18,0,"7,8",7
ApartUP Patacona Select,4972015,Apartamento,Valencia,1,1,NA,2019/10/17,2019/10/18,0,"9,9",7
Eurostars Rey Don Jaime,91520,NA,Valencia,1,1,€ 107,2019/10/17,2019/10/18,4,"8,2",7
Apartment Valencia,348555,Apartamentos,Valencia,1,1,€ 108,2019/10/17,2019/10/18,0,"8,1",7
Carrer de María Montessori,3272386,Apartamento,Valencia,1,1,€ 109,2019/10/17,2019/10/18,0,"8,2",7
Hospederia del Pilar,327766,NA,Valencia,1,1,€ 45,2019/10/17,2019/10/18,0,"7,9",7
Casual Civilizaciones Valencia,449777,NA,Valencia,1,1,€ 47,2019/10/17,2019/10/18,0,"7,9",7
Valencia City Host,1177077,NA,Valencia,1,1,€ 49,2019/10/17,2019/10/18,0,"7,8",7
Zerka Centro,4425975,Apartamentos,Valencia,1,1,€ 109,2019/10/17,2019/10/18,0,"8,3",7
Apartamentos Sollana 18 Cerca de les Arts i les Ciencies Valencia- FREE WI-FI,5232423,Apartamento,Valencia,1,1,€ 114,2019/10/17,2019/10/18,0,"8,2",7
OYO Pensión El Rincón,476031,NA,Valencia,1,1,€ 50,2019/10/17,2019/10/18,1,"7,6",7
Aventura,5567318,NA,Valencia,1,1,€ 50,2019/10/17,2019/10/18,0,"7,9",7
Apartamentos Abastos,1044426,Apartamentos,Valencia,1,1,€ 50,2019/10/17,2019/10/18,0,"7,5",7
Luxury penthouse in the center of Valencia,3127952,Apartamento,Valencia,1,1,NA,2019/10/17,2019/10/18,0,"9,8",7
Habitacion por dias Centro Valencia,3977106,NA,Valencia,1,1,€ 50,2019/10/17,2019/10/18,0,"7,8",7
Apartamentos Rusafa,5604325,NA,Valencia,1,1,€ 50,2019/10/17,2019/10/18,0,"7,8",7
Valencia Lounge Hostel,337203,NA,Valencia,1,1,€ 51,2019/10/17,2019/10/18,0,"7,7",7
Hotel Beleret,94652,NA,Valencia,1,1,€ 52,2019/10/17,2019/10/18,3,"7,6",7
Casual de la Música Valencia,273130,NA,Valencia,1,1,€ 52,2019/10/17,2019/10/18,2,"7,5",7
Como en casa,4802186,NA,Valencia,1,1,€ 54,2019/10/17,2019/10/18,0,"7,9",7
United Colors of Apartments Boutique Style,5372347,Apartamentos,Valencia,1,1,NA,2019/10/17,2019/10/18,0,"9,5",7
Rooms Valencia Center,5507857,NA,Valencia,1,1,€ 54,2019/10/17,2019/10/18,0,"7,7",7
United Colors of Studios - Mercado Central,2574108,Apartamentos,Valencia,1,1,€ 64,2019/10/17,2019/10/18,0,"7,8",7
Alex Apartment,1756374,Apartamento,Valencia,1,1,€ 64,2019/10/17,2019/10/18,0,"7,9",7
Jero Rooms,296743,NA,Valencia,1,1,€ 66,2019/10/17,2019/10/18,0,"7,7",7
Patacona Resort Apartments,189782,Apartamentos,Valencia,1,1,€ 69,2019/10/17,2019/10/18,0,"7,8",7
Ilunion Valencia 3,92818,NA,Valencia,1,1,€ 70,2019/10/17,2019/10/18,3,"7,9",7
Valencian Dreams,3268804,Apartamento,Valencia,1,1,NA,2019/10/17,2019/10/18,0,"9,8",7
B&B Hotel Valencia Ciudad de las Ciencias,92242,NA,Valencia,1,1,€ 71,2019/10/17,2019/10/18,3,"7,5",7
SEA YOU HOTEL PORT VALENCIA,92328,NA,Valencia,1,1,€ 71,2019/10/17,2019/10/18,4,"7,7",7
El Globo,24498,NA,Valencia,1,1,€ 75,2019/10/17,2019/10/18,1,"7,8",7
Oceanográfico Apartments & Spa,324918,Apartamentos,Valencia,1,1,€ 79,2019/10/17,2019/10/18,0,"7,5",7
Plaza Sainetero 5,3148458,Apartamento,Valencia,1,1,€ 80,2019/10/17,2019/10/18,0,"7,7",7
