name,propertyId,propertyType,city,rooms,days,price,checkIn,checkOut,stars,score,advance
Valencian Dreams,3268804,Apartamento,Valencia,1,1,€ 97,2019/11/01,2019/11/02,0,"9,8",30
Opera House Valencia B&B,3533887,NA,Valencia,1,1,€ 140,2019/11/01,2019/11/02,0,"9,5",30
VALENCIA APARTAMENTO GOYA,4256653,Apartamento,Valencia,1,1,NA,2019/11/01,2019/11/02,0,10,30
Ramirez Flats & Bar,4124528,Apartahotel,Valencia,1,1,€ 171,2019/11/01,2019/11/02,0,"9,5",30
Disfruta - Enjoy Valencia Centre,3881970,Apartamento,Valencia,1,1,€ 189,2019/11/01,2019/11/02,0,"9,8",30
MARQUÉS HOUSE 4* SUP,2118880,NA,Valencia,1,1,€ 239,2019/11/01,2019/11/02,4,"9,5",30
Cantagua Hostel,4074640,NA,Valencia,1,1,€ 41,2019/11/01,2019/11/02,0,"9,1",30
Habitación privada a 1500 metros de la playa,3789910,NA,Valencia,1,1,€ 60,2019/11/01,2019/11/02,0,"9,3",30
YOU & CO. Saler Beach Boutique,4533007,NA,Valencia,1,1,€ 62,2019/11/01,2019/11/02,3,9,30
Casa Vich,4457634,Apartamento,Valencia,1,1,NA,2019/11/01,2019/11/02,0,"9,6",30
Host & Home,1663785,NA,Valencia,1,1,€ 74,2019/11/01,2019/11/02,0,9,30
Live in Chianti,2227491,NA,Valencia,1,1,€ 75,2019/11/01,2019/11/02,0,"9,1",30
Original Domino House,5434091,NA,Valencia,1,1,€ 87,2019/11/01,2019/11/02,0,"9,2",30
Mestalla Paradise,4734619,NA,Valencia,1,1,€ 100,2019/11/01,2019/11/02,0,"9,1",30
Blanq Comedias,4922002,NA,Valencia,1,1,€ 104,2019/11/01,2019/11/02,0,9,30
Biopark View Apartment,2381901,Apartamento,Valencia,1,1,€ 109,2019/11/01,2019/11/02,0,9,30
Cómoda habitación Valencia,4200488,NA,Valencia,1,1,NA,2019/11/01,2019/11/02,0,"9,6",30
Habitacion en Valencia Barata,4861796,NA,Valencia,1,1,€ 45,2019/11/01,2019/11/02,0,"8,1",30
Center Valencia Youth Hostel,246931,NA,Valencia,1,1,€ 46,2019/11/01,2019/11/02,0,8,30
Garden Turia Downtown,5201200,Apartamento,Valencia,1,1,NA,2019/11/01,2019/11/02,0,"9,9",30
Hostal Venecia,92883,NA,Valencia,1,1,€ 112,2019/11/01,2019/11/02,2,"9,1",30
Rooms Ciencias,94126,NA,Valencia,1,1,€ 117,2019/11/01,2019/11/02,0,9,30
Jardín Botánico Hotel Boutique,93369,NA,Valencia,1,1,€ 117,2019/11/01,2019/11/02,3,9,30
Red Nest Hostel,92283,NA,Valencia,1,1,€ 50,2019/11/01,2019/11/02,0,"8,2",30
Apartamentos Rusafa,5604325,NA,Valencia,1,1,€ 50,2019/11/01,2019/11/02,0,"8,2",30
Pension MonaLisa Luxury Suites,3834224,NA,Valencia,1,1,€ 56,2019/11/01,2019/11/02,0,"8,2",30
OttoH Charm Stay,2459807,NA,Valencia,1,1,€ 119,2019/11/01,2019/11/02,0,"9,3",30
Valencia-Ruzafa Studio,3235983,Apartamento,Valencia,1,1,€ 120,2019/11/01,2019/11/02,0,"9,1",30
Apartment close to park Marchalenes,4418670,Apartamento,Valencia,1,1,€ 120,2019/11/01,2019/11/02,0,9,30
MerKat-Abastos,1231196,Apartamento,Valencia,1,1,NA,2019/11/01,2019/11/02,0,"9,7",30
Live in Chianti Apartaments,2882632,Apartamentos,Valencia,1,1,€ 128,2019/11/01,2019/11/02,0,"9,1",30
Apartamentos Wallace,1698355,Apartamentos,Valencia,1,1,€ 133,2019/11/01,2019/11/02,0,"9,2",30
B&B Hi Valencia Canovas,305349,NA,Valencia,1,1,€ 57,2019/11/01,2019/11/02,0,"8,3",30
Nanit Valencia Hostel,3913497,NA,Valencia,1,1,€ 59,2019/11/01,2019/11/02,0,"8,3",30
Sol Playa,12656,NA,Valencia,1,1,€ 64,2019/11/01,2019/11/02,2,"8,3",30
JL Ciudad de las Artes,3074378,Apartamento,Valencia,1,1,NA,2019/11/01,2019/11/02,0,"9,6",30
Hostal Abastos,257057,NA,Valencia,1,1,€ 70,2019/11/01,2019/11/02,2,"8,2",30
L'Otelet By Sweet,1467935,NA,Valencia,1,1,€ 72,2019/11/01,2019/11/02,0,"8,3",30
Tryp Valencia Feria,92852,NA,Valencia,1,1,€ 72,2019/11/01,2019/11/02,4,"8,4",30
Reina 12,1684198,NA,Valencia,1,1,€ 74,2019/11/01,2019/11/02,0,"8,2",30
Valenciaflats Centro Ciudad,18544,Apartamentos,Valencia,1,1,€ 133,2019/11/01,2019/11/02,0,"9,2",30
Citizentral Juristas,1113127,Apartamentos,Valencia,1,1,€ 137,2019/11/01,2019/11/02,0,"9,2",30
Hotel Valencia Alameda,4019381,NA,Valencia,1,1,€ 139,2019/11/01,2019/11/02,4,"9,3",30
Kirei Apartment Na Jordana,1702092,Apartamentos,Valencia,1,1,€ 101,2019/11/01,2019/11/02,0,"6,9",30
Casita Esmeralda,2040126,Casa o chalet,Valencia,1,1,€ 114,2019/11/01,2019/11/02,0,"6,5",30
Ático Valencia Centro,4358939,Apartamento,Valencia,1,1,NA,2019/11/01,2019/11/02,0,"9,8",30
Fun and Sun Center 2,2944416,NA,Valencia,1,1,€ 32,2019/11/01,2019/11/02,0,"6,1",30
Carrer del Bisbe Jaume Pérez,4900140,NA,Valencia,1,1,€ 60,2019/11/01,2019/11/02,0,6,30
RoomTuristValencia - Ruzafa,4608394,NA,Valencia,1,1,€ 33,2019/11/01,2019/11/02,0,"5,5",30
Ruzafa Guesthouse,2269176,NA,Valencia,1,1,€ 35,2019/11/01,2019/11/02,0,"5,6",30
Purple Nest Hostel,25278,NA,Valencia,1,1,€ 78,2019/11/01,2019/11/02,0,"8,2",30
Apartamentos Marina Beach,2661874,Apartamentos,Valencia,1,1,€ 80,2019/11/01,2019/11/02,0,"8,2",30
Ciudad Ciencias- Lujo- Parking- Wi-Fi.,4999636,Apartamento,Valencia,1,1,NA,2019/11/01,2019/11/02,0,"9,8",30
Apartment Vicent,1674495,Apartamentos,Valencia,1,1,€ 85,2019/11/01,2019/11/02,0,"8,3",30
NH Ciudad de Valencia,90729,NA,Valencia,1,1,€ 89,2019/11/01,2019/11/02,3,"8,1",30
Gon & Diego House,4899561,NA,Valencia,1,1,€ 40,2019/11/01,2019/11/02,0,"5,4",30
Guest House Higinio Noja,2845935,NA,Valencia,1,1,€ 60,2019/11/01,2019/11/02,0,"5,9",30
Apartment in the Heart of Valencia,4616217,Apartamento,Valencia,1,1,NA,2019/11/01,2019/11/02,0,"9,8",30
Oliver,4865093,NA,Valencia,1,1,€ 83,2019/11/01,2019/11/02,0,"5,5",30
Happy Apartments Valencia – Lope de Vega,575582,Apartamentos,Valencia,1,1,€ 94,2019/11/01,2019/11/02,0,"8,1",30
Apartamento Privado Próximo a Playa y Ciencias,3783163,Apartamento,Valencia,1,1,€ 100,2019/11/01,2019/11/02,0,"8,2",30
Eurostars Gran Valencia,90484,NA,Valencia,1,1,€ 101,2019/11/01,2019/11/02,4,"8,4",30
Silken Puerta Valencia,91182,NA,Valencia,1,1,€ 101,2019/11/01,2019/11/02,4,"8,3",30
Kirei Apartment Berlin,4504570,Apartamentos,Valencia,1,1,€ 106,2019/11/01,2019/11/02,0,"5,6",30
Guest House Torres de Quart,2275006,NA,Valencia,1,1,€ 33,2019/11/01,2019/11/02,0,"5,3",30
RoomTuristValencia Estacion del Norte,4682632,NA,Valencia,1,1,€ 60,2019/11/01,2019/11/02,0,"5,2",30
Port of Valencia,3805735,Apartamento,Valencia,1,1,€ 120,2019/11/01,2019/11/02,0,5,30
Disfruta - Enjoy Valencia Ruzafa,3890328,Apartamento,Valencia,1,1,NA,2019/11/01,2019/11/02,0,"9,7",30
Hotel Valencia Center,91285,NA,Valencia,1,1,€ 103,2019/11/01,2019/11/02,4,"8,4",30
Sweet Hotel Continental,93856,NA,Valencia,1,1,€ 104,2019/11/01,2019/11/02,2,"8,3",30
Senator Parque Central Hotel,274963,NA,Valencia,1,1,€ 106,2019/11/01,2019/11/02,4,"8,1",30
RoomTuristValencia Torres de Quart,4565643,NA,Valencia,1,1,€ 30,2019/11/01,2019/11/02,0,"4,5",30
Espai One Santa Mónica,5471724,Apartamento,Valencia,1,1,NA,2019/11/01,2019/11/02,0,"9,8",30
Guest House Duc de Gaeta,2275007,NA,Valencia,1,1,€ 36,2019/11/01,2019/11/02,0,"4,9",30
RoomTuristValencia RuzafaSumsi,4682802,NA,Valencia,1,1,€ 67,2019/11/01,2019/11/02,0,"4,6",30
Hotel Medium Valencia,96838,NA,Valencia,1,1,€ 108,2019/11/01,2019/11/02,4,"8,2",30
Sweet Hotel Renasa,274818,NA,Valencia,1,1,€ 109,2019/11/01,2019/11/02,3,8,30
Apartamento Islas Canarias,2304086,Apartamento,Valencia,1,1,€ 57,2019/11/01,2019/11/02,0,"3,8",30
Double Room in VALENCIA,5665653,NA,Valencia,1,1,€ 23,2019/11/01,2019/11/02,0,,30
vosotros sereis parte de mi familia.,5299568,NA,Valencia,1,1,€ 50,2019/11/01,2019/11/02,0,,30
Habitaciones con encanto,5629632,NA,Valencia,1,1,€ 50,2019/11/01,2019/11/02,0,,30
Carmen Apartment,3308265,Apartamento,Valencia,1,1,NA,2019/11/01,2019/11/02,0,"9,6",30
Lindala,5250762,NA,Valencia,1,1,€ 59,2019/11/01,2019/11/02,0,,30
Hogar Dulce Hogar,5426607,NA,Valencia,1,1,€ 60,2019/11/01,2019/11/02,0,,30
Valencia- habitacion,5366858,NA,Valencia,1,1,€ 65,2019/11/01,2019/11/02,0,,30
Apartamentos Navío,5647176,Apartamento,Valencia,1,1,€ 70,2019/11/01,2019/11/02,0,,30
Rooms El Picolino,5326859,NA,Valencia,1,1,€ 75,2019/11/01,2019/11/02,0,,30
Voyagers Inn Homestay,2682156,NA,Valencia,1,1,€ 50,2019/11/01,2019/11/02,0,"7,8",30
Como en casa,4802186,NA,Valencia,1,1,€ 54,2019/11/01,2019/11/02,0,"7,9",30
Musico Art Flat,2925957,Apartamento,Valencia,1,1,NA,2019/11/01,2019/11/02,0,"9,7",30
Habitacion por dias Centro Valencia,3977106,NA,Valencia,1,1,€ 55,2019/11/01,2019/11/02,0,"7,8",30
Habitacion PLaza Ayuntamiento,4365340,NA,Valencia,1,1,€ 55,2019/11/01,2019/11/02,0,"7,5",30
Hotel Beleret,94652,NA,Valencia,1,1,€ 57,2019/11/01,2019/11/02,3,"7,6",30
Habitación cerca del centro,2789581,NA,Valencia,1,1,€ 63,2019/11/01,2019/11/02,0,"7,5",30
Rooms Valencia Center,5507857,NA,Valencia,1,1,€ 64,2019/11/01,2019/11/02,0,"7,6",30
Casual de la Música Valencia,273130,NA,Valencia,1,1,€ 66,2019/11/01,2019/11/02,2,"7,5",30
Apartment Sofi,2830696,Apartamento,Valencia,1,1,NA,2019/11/01,2019/11/02,0,"9,8",30
Expo Hotel Valencia,91223,NA,Valencia,1,1,€ 71,2019/11/01,2019/11/02,3,"7,6",30
Hotel Turia,14441,NA,Valencia,1,1,€ 79,2019/11/01,2019/11/02,4,"7,5",30
Valencia Lounge Hostel,337203,NA,Valencia,1,1,€ 80,2019/11/01,2019/11/02,0,"7,7",30
Ilunion Valencia 3,92818,NA,Valencia,1,1,€ 83,2019/11/01,2019/11/02,3,"7,9",30
SEA YOU HOTEL PORT VALENCIA,92328,NA,Valencia,1,1,€ 84,2019/11/01,2019/11/02,4,"7,7",30
Checkin Valencia,93743,NA,Valencia,1,1,€ 86,2019/11/01,2019/11/02,4,"7,8",30
Bubuflats Bubu 3,1014334,Apartamentos,Valencia,1,1,NA,2019/11/01,2019/11/02,0,"9,6",30
OYO Pensión El Rincón,476031,NA,Valencia,1,1,€ 95,2019/11/01,2019/11/02,1,"7,6",30
STYLISH APARTMENT - CITY CENTER,2861517,Apartamento,Valencia,1,1,€ 114,2019/11/01,2019/11/02,0,"7,8",30
El 16 Ruzafa,865461,Apartamentos,Valencia,1,1,€ 129,2019/11/01,2019/11/02,0,"7,7",30
City Center Apartment,5084891,Apartamento,Valencia,1,1,€ 130,2019/11/01,2019/11/02,0,"7,8",30
Apartamento Alguer,4005334,Apartamento,Valencia,1,1,€ 145,2019/11/01,2019/11/02,0,"7,8",30
Apartamento Angel Alcazar 35,2174625,Apartamento,Valencia,1,1,€ 145,2019/11/01,2019/11/02,0,"7,5",30
ApartUP Patacona Deluxe,2565246,Apartamento,Valencia,1,1,NA,2019/11/01,2019/11/02,0,"9,6",30
Kirei Apartment Calgary,4768322,Apartamento,Valencia,1,1,€ 148,2019/11/01,2019/11/02,0,"7,7",30
MD Benlliure Beach.,1957258,Apartamento,Valencia,1,1,€ 271,2019/11/01,2019/11/02,0,"7,9",30
MD Art Apartment Ruzafa,2550955,Apartamento,Valencia,1,1,€ 271,2019/11/01,2019/11/02,0,"7,5",30
Dreams Rental City Hall,337092,Apartamentos,Valencia,1,1,€ 280,2019/11/01,2019/11/02,0,"7,5",30
feliz como en casa,3676196,NA,Valencia,1,1,€ 36,2019/11/01,2019/11/02,0,"7,2",30
Valencia maritimo,3020748,Apartamento,Valencia,1,1,€ 70,2019/11/01,2019/11/02,0,"8,9",30
The River Hostel,494202,NA,Valencia,1,1,€ 71,2019/11/01,2019/11/02,0,"8,5",30
Central Park Apartment Valencia,3881533,Apartamento,Valencia,1,1,NA,2019/11/01,2019/11/02,0,"9,5",30
UNIK. Apartments Valencia,2241282,Apartamentos,Valencia,1,1,€ 73,2019/11/01,2019/11/02,0,"8,5",30
Habitación doble,3599930,NA,Valencia,1,1,€ 75,2019/11/01,2019/11/02,0,"8,9",30
Boutique Creative Rooms,2334726,NA,Valencia,1,1,€ 76,2019/11/01,2019/11/02,0,"8,7",30
Hulot B&B Valencia,585429,NA,Valencia,1,1,€ 94,2019/11/01,2019/11/02,0,"8,5",30
Sercotel Sorolla Palace,93646,NA,Valencia,1,1,€ 98,2019/11/01,2019/11/02,4,"8,6",30
Apartamento en Valencia,2549783,Apartamento,Valencia,1,1,€ 100,2019/11/01,2019/11/02,0,"8,7",30
Ayuntamiento Panoramic,3089239,Apartamento,Valencia,1,1,NA,2019/11/01,2019/11/02,0,"9,5",30
Hotel Malcom and Barret,483261,NA,Valencia,1,1,€ 102,2019/11/01,2019/11/02,3,"8,7",30
APARTAMENTO LAS MELLIZAS,4651578,NA,Valencia,1,1,€ 56,2019/11/01,2019/11/02,0,"8,5",30
AC Hotel Valencia,91063,NA,Valencia,1,1,€ 103,2019/11/01,2019/11/02,4,"8,5",30
Ilunion Aqua 4,92777,NA,Valencia,1,1,€ 103,2019/11/01,2019/11/02,4,"8,5",30
València Centre Túria,2185255,Apartamento,Valencia,1,1,€ 104,2019/11/01,2019/11/02,0,"8,8",30
Melia Valencia,290493,NA,Valencia,1,1,€ 107,2019/11/01,2019/11/02,4,"8,8",30
Apartamento,3139431,Apartamento,Valencia,1,1,NA,2019/11/01,2019/11/02,0,"9,5",30
Citizentral Gascons,332095,Apartamentos,Valencia,1,1,€ 109,2019/11/01,2019/11/02,0,"8,8",30
Casual del Cine Valencia,572187,NA,Valencia,1,1,€ 109,2019/11/01,2019/11/02,2,"8,6",30
Blanq Carmen Hotel,97069,NA,Valencia,1,1,€ 109,2019/11/01,2019/11/02,3,"8,7",30
Hotel Dimar,90886,NA,Valencia,1,1,€ 117,2019/11/01,2019/11/02,4,"8,7",30
Hotel Kramer,91106,NA,Valencia,1,1,€ 119,2019/11/01,2019/11/02,3,"8,8",30
B&B Hi Valencia Boutique,1301725,NA,Valencia,1,1,€ 123,2019/11/01,2019/11/02,0,"8,7",30
Apartments Downtown Valencia,2250421,Apartamentos,Valencia,1,1,NA,2019/11/01,2019/11/02,0,"9,6",30
Casa del Patriarca,364834,NA,Valencia,1,1,€ 124,2019/11/01,2019/11/02,0,"8,9",30
Burjassot Mestalla,3058627,Apartamento,Valencia,1,1,€ 125,2019/11/01,2019/11/02,0,"8,6",30
Eurostars Acteón,90495,NA,Valencia,1,1,€ 125,2019/11/01,2019/11/02,4,"8,5",30
Hotel Neptuno,91206,NA,Valencia,1,1,€ 126,2019/11/01,2019/11/02,4,"8,5",30
Valenciaflats Centro Histórico,94781,Apartamentos,Valencia,1,1,€ 129,2019/11/01,2019/11/02,0,"8,7",30
