name,propertyId,propertyType,city,rooms,days,price,checkIn,checkOut,stars,score,advance
Guesthouse Plaza de Toros,2985902,NA,Valencia,1,1,€ 34,2019/10/23,2019/10/24,0,"4,8",7
RoomTuristValencia RuzafaSumsi,4682802,NA,Valencia,1,1,€ 35,2019/10/23,2019/10/24,0,"4,5",7
Forn desamparats,2380447,Apartamento,Valencia,1,1,NA,2019/10/23,2019/10/24,0,"9,4",7
Guest House Duc de Gaeta,2275007,NA,Valencia,1,1,€ 103,2019/10/23,2019/10/24,0,"4,9",7
Constitucion Guesthouse,2985942,NA,Valencia,1,1,€ 30,2019/10/23,2019/10/24,0,"3,7",7
Masatepe Room Valencia,5687127,NA,Valencia,1,1,€ 26,2019/10/23,2019/10/24,0,,7
Double Room in VALENCIA,5665653,NA,Valencia,1,1,€ 26,2019/10/23,2019/10/24,0,,7
chicrooms,5696677,NA,Valencia,1,1,€ 30,2019/10/23,2019/10/24,0,,7
Comoda habitacion,5695905,NA,Valencia,1,1,€ 30,2019/10/23,2019/10/24,0,,7
Patacona Beach,1411088,Apartamento,Valencia,1,1,NA,2019/10/23,2019/10/24,0,"9,4",7
Lina,5707990,Apartamentos,Valencia,1,1,€ 40,2019/10/23,2019/10/24,0,,7
Habitación muy cerca de la playa.,5395908,NA,Valencia,1,1,€ 40,2019/10/23,2019/10/24,0,,7
Comfort Room(AVEValencia),5696103,NA,Valencia,1,1,€ 45,2019/10/23,2019/10/24,0,,7
Rooms El Picolino,5326859,NA,Valencia,1,1,€ 52,2019/10/23,2019/10/24,0,,7
Hogar Dulce Hogar,5426607,NA,Valencia,1,1,€ 63,2019/10/23,2019/10/24,0,,7
Valencia- habitacion,5366858,NA,Valencia,1,1,€ 65,2019/10/23,2019/10/24,0,,7
Casa Cosy,375456,Apartamentos,Valencia,1,1,NA,2019/10/23,2019/10/24,0,"9,4",7
Piso cercano al centro ( 5 min BUS),5607299,Apartamento,Valencia,1,1,€ 89,2019/10/23,2019/10/24,0,,7
Casa Adosada Quintero,5481770,Casa o chalet,Valencia,1,1,€ 95,2019/10/23,2019/10/24,0,,7
Puerta2 · Enjoy Large Patio! Beautiful. Designer 2bdrm.2bath.,5517776,Apartamento,Valencia,1,1,€ 112,2019/10/23,2019/10/24,0,,7
Hotel Cosmo,4838858,NA,Valencia,1,1,€ 125,2019/10/23,2019/10/24,3,,7
The White Apartment: Luxury- Beach and Design,5631365,Apartamento,Valencia,1,1,€ 167,2019/10/23,2019/10/24,0,,7
CATHEDRAL LUXURY TERRACE FLAT 2BR-2BA- A\C-Wifi,5263870,Apartamento,Valencia,1,1,€ 176,2019/10/23,2019/10/24,0,,7
ApartUP Rojas Market,4887857,Apartamento,Valencia,1,1,NA,2019/10/23,2019/10/24,0,"9,4",7
"Flat ""Ca Alexandre""",3687859,Apartamento,Valencia,1,1,€ 200,2019/10/23,2019/10/24,0,,7
Apartment Carrer de Don Juan de Austria,5464038,Apartamentos,Valencia,1,1,€ 275,2019/10/23,2019/10/24,0,,7
LACASAMALVA1 PLAYA DE VALENCIA,5679960,Casa o chalet,Valencia,1,1,€ 298,2019/10/23,2019/10/24,0,,7
Apartment Carrer de Josep Aguirre,5646705,Apartamentos,Valencia,1,1,€ 608,2019/10/23,2019/10/24,0,,7
Apartment Carrer de Cadis,5531328,Apartamentos,Valencia,1,1,€ 648,2019/10/23,2019/10/24,0,,7
Mon Suites San Martin,2777545,Apartamentos,Valencia,1,1,€ 145,2019/10/23,2019/10/24,0,"9,4",7
Apartamentos Wallace,1698355,Apartamentos,Valencia,1,1,€ 145,2019/10/23,2019/10/24,0,"9,2",7
VIVIENDA DISEÑO CON JARDÍN INTERIOR,4314054,Apartamento,Valencia,1,1,NA,2019/10/23,2019/10/24,0,"9,7",7
B BEACH VALENCIA,5125954,Apartamento,Valencia,1,1,€ 150,2019/10/23,2019/10/24,0,"9,1",7
Valenciaflats Ciudad de las Ciencias,93676,Apartamentos,Valencia,1,1,€ 150,2019/10/23,2019/10/24,0,"9,1",7
ARENAS 2 APARTAMENT,2808815,Apartamento,Valencia,1,1,€ 150,2019/10/23,2019/10/24,0,9,7
Sun Apartament Valencia @ City Arts & Sciences + Parking,3287719,Apartamento,Valencia,1,1,€ 155,2019/10/23,2019/10/24,0,"9,2",7
Duplex en Blasco Ibáñez,3672426,Apartamento,Valencia,1,1,€ 155,2019/10/23,2019/10/24,0,"9,1",7
Citizentral Juristas,1113127,Apartamentos,Valencia,1,1,€ 165,2019/10/23,2019/10/24,0,"9,2",7
Luxury Beach Apartment with Pool,3841868,Apartamento,Valencia,1,1,NA,2019/10/23,2019/10/24,0,"9,7",7
One Shot Mercat 09,2274203,NA,Valencia,1,1,€ 169,2019/10/23,2019/10/24,4,"9,1",7
Apartamentos Navío,5647176,Apartamento,Valencia,1,1,€ 60,2019/10/23,2019/10/24,0,"9,8",7
Lindala,5250762,NA,Valencia,1,1,€ 69,2019/10/23,2019/10/24,0,"9,7",7
Valencia Apartamentos Goya,4256653,Apartamentos,Valencia,1,1,NA,2019/10/23,2019/10/24,0,10,7
United Colors of Apartments Boutique Style,5372347,Apartamentos,Valencia,1,1,€ 69,2019/10/23,2019/10/24,0,"9,5",7
Piso en Playa de Valencia,5533098,Apartamento,Valencia,1,1,€ 70,2019/10/23,2019/10/24,0,"9,5",7
Valencian Dreams Lonja,4757385,Apartamento,Valencia,1,1,€ 84,2019/10/23,2019/10/24,0,"9,8",7
Zerka Sendra,4657122,Apartamento,Valencia,1,1,€ 179,2019/10/23,2019/10/24,0,9,7
Old Fisherman's House in Malvarrosa Beach,3618172,Apartamento,Valencia,1,1,€ 187,2019/10/23,2019/10/24,0,"9,4",7
Arena's Apartament,2156905,Apartamento,Valencia,1,1,€ 200,2019/10/23,2019/10/24,0,"9,1",7
Select Home Paz Apartment,1687820,Apartamento,Valencia,1,1,€ 300,2019/10/23,2019/10/24,0,"7,8",7
Peset Silence,3698967,Apartamento,Valencia,1,1,€ 300,2019/10/23,2019/10/24,0,"7,5",7
Centro en Valencia,2885222,Apartamento,Valencia,1,1,NA,2019/10/23,2019/10/24,0,"9,4",7
MD Art Apartment Ruzafa,2550955,Apartamento,Valencia,1,1,€ 311,2019/10/23,2019/10/24,0,"7,5",7
MD Benlliure Beach.,1957258,Apartamento,Valencia,1,1,€ 313,2019/10/23,2019/10/24,0,"7,8",7
MD Oliag I Apartment Ruzafa,2867488,Apartamento,Valencia,1,1,€ 387,2019/10/23,2019/10/24,0,"7,6",7
Guest House Samuel Ros,4161855,NA,Valencia,1,1,€ 25,2019/10/23,2019/10/24,0,"7,2",7
Habitacion PLaza Ayuntamiento,4365340,NA,Valencia,1,1,€ 40,2019/10/23,2019/10/24,0,"7,4",7
HOSPEDAJE PESET,4718074,NA,Valencia,1,1,€ 40,2019/10/23,2019/10/24,0,"7,4",7
Flight Mode Ruzafa,5473258,Apartamento,Valencia,1,1,NA,2019/10/23,2019/10/24,0,"9,4",7
Habitacion Apartamento soleado Plaza Escultor Frechina,4865043,NA,Valencia,1,1,€ 40,2019/10/23,2019/10/24,0,"7,4",7
La Flamenca,818359,NA,Valencia,1,1,€ 40,2019/10/23,2019/10/24,0,"7,2",7
Hostal Residencial RR,450746,NA,Valencia,1,1,€ 40,2019/10/23,2019/10/24,0,7,7
Bubuflats Bubu 3,1014334,Apartamentos,Valencia,1,1,€ 95,2019/10/23,2019/10/24,0,"9,6",7
Casa La Buhardilla,2985364,Apartamento,Valencia,1,1,€ 97,2019/10/23,2019/10/24,0,"9,6",7
Duplex+Swimming pool+private entrance=Housen of LOVE,2999152,Apartamento,Valencia,1,1,€ 125,2019/10/23,2019/10/24,0,"9,6",7
ApartUP Patacona Select,4972015,Apartamento,Valencia,1,1,NA,2019/10/23,2019/10/24,0,"9,9",7
Habitación con cama doble,4794909,NA,Valencia,1,1,€ 41,2019/10/23,2019/10/24,0,"7,2",7
B&B El Mercat,2203530,NA,Valencia,1,1,€ 45,2019/10/23,2019/10/24,0,"7,3",7
NWT Central Station Valencia,1647017,NA,Valencia,1,1,€ 49,2019/10/23,2019/10/24,0,"7,1",7
Apartamento con vistas a la Marina Real,3416302,Apartamentos,Valencia,1,1,NA,2019/10/23,2019/10/24,0,"9,7",7
Centro Valencia Calle Cerrajeros,3476261,NA,Valencia,1,1,€ 50,2019/10/23,2019/10/24,0,"7,1",7
Hostal la Barraca,350013,NA,Valencia,1,1,€ 55,2019/10/23,2019/10/24,0,"7,1",7
Disfruta - Enjoy Valencia Ruzafa,3890328,Apartamento,Valencia,1,1,€ 145,2019/10/23,2019/10/24,0,"9,7",7
Ramirez Flats & Bar,4124528,Apartahotel,Valencia,1,1,€ 165,2019/10/23,2019/10/24,0,"9,5",7
Disfruta - Enjoy Valencia Centre,3881970,Apartamento,Valencia,1,1,€ 169,2019/10/23,2019/10/24,0,"9,8",7
MARQUÉS HOUSE 4* SUP,2118880,NA,Valencia,1,1,€ 209,2019/10/23,2019/10/24,4,"9,4",7
Apartments Torres de Serranos Valencia,1099602,Apartamentos,Valencia,1,1,€ 220,2019/10/23,2019/10/24,0,"9,6",7
MD PASEO RUZAFA CENTER,5374850,Apartamento,Valencia,1,1,€ 1.030,2019/10/23,2019/10/24,0,"9,6",7
LOFT apartamento duplex en Valencia con parking gratis,5519008,Apartamento,Valencia,1,1,NA,2019/10/23,2019/10/24,0,"9,9",7
MYR Hotel Plaza Mercado & Spa,1619029,Apartahotel,Valencia,1,1,€ 219,2019/10/23,2019/10/24,0,"9,2",7
Ca Carmela,2466364,Casa o chalet,Valencia,1,1,€ 225,2019/10/23,2019/10/24,0,"9,1",7
Luxury Beach House,3602594,Casa o chalet,Valencia,1,1,NA,2019/10/23,2019/10/24,0,"9,7",7
Vincci Mercat,1279484,NA,Valencia,1,1,€ 225,2019/10/23,2019/10/24,4,9,7
Cantagua Hostel,4074640,NA,Valencia,1,1,€ 37,2019/10/23,2019/10/24,0,"9,1",7
Florista's Room en Valencia,5502152,NA,Valencia,1,1,€ 50,2019/10/23,2019/10/24,0,"9,2",7
Kasa Katia Eco Guest House,636256,NA,Valencia,1,1,€ 54,2019/10/23,2019/10/24,0,"9,3",7
Vivaldi Center City,2791614,Apartamento,Valencia,1,1,€ 234,2019/10/23,2019/10/24,0,"9,1",7
Cozy apartment in Valencia center,3402135,Apartamentos,Valencia,1,1,€ 256,2019/10/23,2019/10/24,0,"9,2",7
Las Arenas Balneario Resort,91144,NA,Valencia,1,1,€ 257,2019/10/23,2019/10/24,5,9,7
Malvarrosa Beach Rooms,314048,NA,Valencia,1,1,€ 60,2019/10/23,2019/10/24,2,7,7
Valencia Apartmans El Carmen,847910,Apartamentos,Valencia,1,1,€ 69,2019/10/23,2019/10/24,0,"7,4",7
Valencia Apartments,4367788,Apartamentos,Valencia,1,1,€ 69,2019/10/23,2019/10/24,0,"7,1",7
Mi casa es vuestra casa,4967097,NA,Valencia,1,1,€ 70,2019/10/23,2019/10/24,0,"7,1",7
Caro Hotel,348132,NA,Valencia,1,1,€ 259,2019/10/23,2019/10/24,5,"9,2",7
NH Collection Colón Valencia,3828811,NA,Valencia,1,1,€ 259,2019/10/23,2019/10/24,4,"9,2",7
Apartment Cabanyal,3172456,Apartamento,Valencia,1,1,NA,2019/10/23,2019/10/24,0,"9,7",7
Habitación privada a 1500 metros de la playa,3789910,NA,Valencia,1,1,€ 60,2019/10/23,2019/10/24,0,"9,3",7
Una Ubicacion Perfecta,3114164,Apartamentos,Valencia,1,1,€ 65,2019/10/23,2019/10/24,0,"9,1",7
YOU & CO. Saler Beach Boutique,4533007,NA,Valencia,1,1,€ 65,2019/10/23,2019/10/24,3,9,7
ApartUP Patacona Palm Beach,5425134,Apartamento,Valencia,1,1,NA,2019/10/23,2019/10/24,0,"9,8",7
PATACONA MARE NOSTRUM APARTMENT,4377670,Apartamento,Valencia,1,1,NA,2019/10/23,2019/10/24,0,"9,4",7
Cosy Rooms Embajador,369728,NA,Valencia,1,1,€ 70,2019/10/23,2019/10/24,2,"7,4",7
NWT Monserrat,3728842,Apartamentos,Valencia,1,1,€ 72,2019/10/23,2019/10/24,0,7,7
Apartments Calle Padre Damian,4523326,Apartamentos,Valencia,1,1,€ 75,2019/10/23,2019/10/24,0,"7,2",7
Premium Apartments,486507,Apartamentos,Valencia,1,1,€ 79,2019/10/23,2019/10/24,0,"6,9",7
HOSTAL BED OF THE SEA,3974636,NA,Valencia,1,1,€ 80,2019/10/23,2019/10/24,0,"7,1",7
Live in Chianti,2227491,NA,Valencia,1,1,€ 75,2019/10/23,2019/10/24,0,"9,1",7
Original Domino House,5434091,NA,Valencia,1,1,€ 75,2019/10/23,2019/10/24,0,9,7
Blanq Comedias,4922002,NA,Valencia,1,1,€ 77,2019/10/23,2019/10/24,0,9,7
MD Julio Antonio Apartment Center,3961049,Apartamento,Valencia,1,1,€ 285,2019/10/23,2019/10/24,0,"9,2",7
Art&Flats Bed&Breakfast,5238345,NA,Valencia,1,1,€ 22,2019/10/23,2019/10/24,0,"8,8",7
The River Hostel,494202,NA,Valencia,1,1,€ 24,2019/10/23,2019/10/24,0,"8,5",7
Hostal Venecia,92883,NA,Valencia,1,1,€ 79,2019/10/23,2019/10/24,2,"9,1",7
OCEANOGRAFIC DELUXE- PARKING- WI-FI,4095746,Apartamento,Valencia,1,1,€ 80,2019/10/23,2019/10/24,0,"9,1",7
Pensión Alicante,298710,NA,Valencia,1,1,€ 37,2019/10/23,2019/10/24,0,"8,5",7
Valencia Suits You Citytel,1106307,NA,Valencia,1,1,€ 39,2019/10/23,2019/10/24,2,"8,6",7
Habitacion en Valencia Barata,4861796,NA,Valencia,1,1,€ 45,2019/10/23,2019/10/24,0,"8,2",7
Pension MonaLisa Luxury Suites,3834224,NA,Valencia,1,1,€ 48,2019/10/23,2019/10/24,0,"8,2",7
ÁTICO EN EL CENTRO DE VALENCIA VT-45939-T,4752815,Apartamento,Valencia,1,1,NA,2019/10/23,2019/10/24,0,"9,6",7
7 Moons Bed & Breakfast,464187,NA,Valencia,1,1,€ 53,2019/10/23,2019/10/24,0,"8,4",7
Urban Youth Hostel,1163025,NA,Valencia,1,1,€ 55,2019/10/23,2019/10/24,0,"8,4",7
BUBUFLATS / Mercat,783206,Apartamentos,Valencia,1,1,€ 95,2019/10/23,2019/10/24,0,"8,9",7
Valenciaflats Centro Histórico,94781,Apartamentos,Valencia,1,1,€ 95,2019/10/23,2019/10/24,0,"8,7",7
Apartment Cisneros 2,2361375,Apartamento,Valencia,1,1,NA,2019/10/23,2019/10/24,0,"9,7",7
Ad Hoc Monumental,90719,NA,Valencia,1,1,€ 99,2019/10/23,2019/10/24,3,"8,6",7
Les flors,3985046,Apartamento,Valencia,1,1,€ 102,2019/10/23,2019/10/24,0,"8,7",7
Dormavalencia Hostel Regne,291755,NA,Valencia,1,1,€ 55,2019/10/23,2019/10/24,1,8,7
Dormavalencia Hostel,249585,NA,Valencia,1,1,€ 59,2019/10/23,2019/10/24,1,"8,2",7
Happy Apartments Valencia,456043,Apartamentos,Valencia,1,1,€ 59,2019/10/23,2019/10/24,0,"8,2",7
Sol Playa,12656,NA,Valencia,1,1,€ 60,2019/10/23,2019/10/24,2,"8,3",7
Ruzafa Viva,4475954,Apartamento,Valencia,1,1,NA,2019/10/23,2019/10/24,0,"9,6",7
L'Otelet By Sweet,1467935,NA,Valencia,1,1,€ 64,2019/10/23,2019/10/24,0,"8,3",7
Reina 12,1684198,NA,Valencia,1,1,€ 64,2019/10/23,2019/10/24,0,"8,3",7
United Colors of Apartments - Catedral,1301545,Apartamentos,Valencia,1,1,€ 65,2019/10/23,2019/10/24,0,"8,2",7
Valero Vintage,3315727,NA,Valencia,1,1,€ 65,2019/10/23,2019/10/24,0,8,7
Apartamentos Dormavalencia,4450983,Apartamentos,Valencia,1,1,€ 66,2019/10/23,2019/10/24,0,"8,4",7
Noche en las Artes,3026891,Apartamento,Valencia,1,1,€ 104,2019/10/23,2019/10/24,0,"8,5",7
Flatsforyou Sorolla House,403442,Apartamentos,Valencia,1,1,€ 105,2019/10/23,2019/10/24,0,"8,6",7
El Palacete Gran Via,3483148,NA,Valencia,1,1,€ 109,2019/10/23,2019/10/24,0,"8,8",7
Apartments Welcome to Valencia Peset Aleixandre 69,4964856,Apartamento,Valencia,1,1,€ 109,2019/10/23,2019/10/24,0,"8,5",7
Coroa Malvarrosa,1638172,Apartamentos,Valencia,1,1,€ 67,2019/10/23,2019/10/24,0,"8,2",7
Apartments Downtown Valencia,2250421,Apartamentos,Valencia,1,1,NA,2019/10/23,2019/10/24,0,"9,6",7
Residencia Universitaria Damia Bonet,247451,NA,Valencia,1,1,€ 75,2019/10/23,2019/10/24,0,"8,3",7
SHF Flats Baron,1033085,Apartamentos,Valencia,1,1,€ 76,2019/10/23,2019/10/24,0,8,7
Luxury Center Plaza Redonda,5138960,Apartamento,Valencia,1,1,NA,2019/10/23,2019/10/24,0,"9,7",7
Friendly Rentals Ravel I,1634234,Apartamento,Valencia,1,1,€ 110,2019/10/23,2019/10/24,0,"8,8",7
City of Arts,3031480,Apartamento,Valencia,1,1,€ 110,2019/10/23,2019/10/24,0,"8,8",7
Casual del Cine Valencia,572187,NA,Valencia,1,1,€ 111,2019/10/23,2019/10/24,2,"8,6",7
Purple Nest Hostel,25278,NA,Valencia,1,1,€ 79,2019/10/23,2019/10/24,0,"8,2",7
City Suites Apartments,3091106,NA,Valencia,1,1,€ 84,2019/10/23,2019/10/24,0,"8,4",7
Apartamento Ciudad de las Artes y las Ciencias,4353552,Apartamento,Valencia,1,1,€ 85,2019/10/23,2019/10/24,0,"8,3",7
Flatsforyou Ruzafa,3342696,Apartamentos,Valencia,1,1,€ 112,2019/10/23,2019/10/24,0,"8,7",7
Friendly Rentals Casals,1769176,Apartamento,Valencia,1,1,€ 115,2019/10/23,2019/10/24,0,"8,6",7
FREE WI-FI. Apartamentos 90 м2 - Assutzena 5,4828764,Apartamento,Valencia,1,1,€ 119,2019/10/23,2019/10/24,0,"8,6",7
Cool Loft Malvarrosa Beach,4309218,Apartamento,Valencia,1,1,NA,2019/10/23,2019/10/24,0,"9,7",7
Valenciaflats Torres de Serrano,17468,Apartamentos,Valencia,1,1,€ 85,2019/10/23,2019/10/24,0,"8,3",7
Barracart Apartments,2125836,Apartamentos,Valencia,1,1,NA,2019/10/23,2019/10/24,0,"9,6",7
Hostal Penalty,189209,NA,Valencia,1,1,€ 85,2019/10/23,2019/10/24,1,8,7
Apartamento Plaza Sainetero,2743838,Apartamento,Valencia,1,1,€ 86,2019/10/23,2019/10/24,0,"8,2",7
MD Modern Hotel - Jardines,305447,NA,Valencia,1,1,€ 86,2019/10/23,2019/10/24,1,"8,3",7
Preciosos Apartamentos en el Carmen,2918345,Apartamentos,Valencia,1,1,€ 88,2019/10/23,2019/10/24,0,"8,2",7
Flatsforyou Las Arcadias,473415,Apartamentos,Valencia,1,1,€ 90,2019/10/23,2019/10/24,0,"8,4",7
Hotel Gabbeach,403586,NA,Valencia,1,1,€ 119,2019/10/23,2019/10/24,3,"8,5",7
Lotelito,570027,NA,Valencia,1,1,€ 120,2019/10/23,2019/10/24,0,"8,9",7
Apartamento Sofia,2552406,Apartamento,Valencia,1,1,€ 120,2019/10/23,2019/10/24,0,"8,6",7
Quart Youth Hostel,476418,NA,Valencia,1,1,€ 120,2019/10/23,2019/10/24,0,"8,6",7
Isabel,4442066,Apartamento,Valencia,1,1,€ 122,2019/10/23,2019/10/24,0,"8,6",7
Ilunion Aqua 4,92777,NA,Valencia,1,1,€ 123,2019/10/23,2019/10/24,4,"8,6",7
Disfruta - Enjoy Valencia Ayuntamiento,4901194,Apartamento,Valencia,1,1,NA,2019/10/23,2019/10/24,0,"9,6",7
Hotel Malcom and Barret,483261,NA,Valencia,1,1,€ 125,2019/10/23,2019/10/24,3,"8,7",7
Citizentral Gascons,332095,Apartamentos,Valencia,1,1,€ 126,2019/10/23,2019/10/24,0,"8,8",7
Hotel Neptuno,91206,NA,Valencia,1,1,€ 126,2019/10/23,2019/10/24,4,"8,5",7
Apartamentos Valencia - Peset Aleixandre 135- FREE WI-FI,4262488,Apartamentos,Valencia,1,1,€ 128,2019/10/23,2019/10/24,0,"8,9",7
Catalonia Excelsior,90578,NA,Valencia,1,1,€ 130,2019/10/23,2019/10/24,3,"8,7",7
Loft el Carmen amazing views,4932621,Apartamento,Valencia,1,1,€ 172,2019/10/23,2019/10/24,0,"8,1",7
NH Ciudad de Valencia,90729,NA,Valencia,1,1,€ 174,2019/10/23,2019/10/24,3,"8,1",7
Apartamento torres serrano,4622232,Apartamento,Valencia,1,1,NA,2019/10/23,2019/10/24,0,"9,5",7
Hotel Conqueridor,91047,NA,Valencia,1,1,€ 220,2019/10/23,2019/10/24,4,"8,4",7
NH Valencia Center,90727,NA,Valencia,1,1,€ 226,2019/10/23,2019/10/24,4,"8,3",7
Turia Guesthouse - B&B,2884427,Apartamento,Valencia,1,1,€ 265,2019/10/23,2019/10/24,0,"8,2",7
Malvarrosa Calle Pavia,3608764,Casa o chalet,Valencia,1,1,€ 271,2019/10/23,2019/10/24,0,8,7
Musico Peydro Apartments,3765069,Apartamentos,Valencia,1,1,€ 313,2019/10/23,2019/10/24,0,8,7
Habitación Céntrica en Casa de Familia,4289877,NA,Valencia,1,1,€ 23,2019/10/23,2019/10/24,0,"7,8",7
Luxury Beach Apartment with Pool,3841868,Apartamento,Valencia,1,1,NA,2019/10/23,2019/10/24,0,"9,7",7
UP Hostel Valencia,1710137,NA,Valencia,1,1,€ 28,2019/10/23,2019/10/24,0,"7,7",7
Pensión Universal,304276,NA,Valencia,1,1,€ 30,2019/10/23,2019/10/24,0,"7,9",7
Habitacion Doble Homestay,4037073,NA,Valencia,1,1,€ 32,2019/10/23,2019/10/24,0,"7,9",7
Hostal Moratin,326015,NA,Valencia,1,1,€ 34,2019/10/23,2019/10/24,1,"7,9",7
Hostal El Cid,309465,NA,Valencia,1,1,€ 34,2019/10/23,2019/10/24,2,"7,6",7
Apart and Benef,2291245,NA,Valencia,1,1,€ 34,2019/10/23,2019/10/24,0,"7,9",7
Apartamento Frederick “Centrico y con Clase”,4236394,Apartamento,Valencia,1,1,NA,2019/10/23,2019/10/24,0,"9,6",7
Rio Turia B&B,5531073,NA,Valencia,1,1,€ 38,2019/10/23,2019/10/24,0,"7,6",7
Habitación San Cayetano,4624401,NA,Valencia,1,1,€ 40,2019/10/23,2019/10/24,0,"7,5",7
Hospederia del Pilar,327766,NA,Valencia,1,1,€ 45,2019/10/23,2019/10/24,0,"7,9",7
OYO Pensión El Rincón,476031,NA,Valencia,1,1,€ 45,2019/10/23,2019/10/24,1,"7,6",7
Valencia City Host,1177077,NA,Valencia,1,1,€ 46,2019/10/23,2019/10/24,0,"7,8",7
Valencia Lounge Hostel,337203,NA,Valencia,1,1,€ 47,2019/10/23,2019/10/24,0,"7,7",7
Glorieta,4217752,Apartamento,Valencia,1,1,NA,2019/10/23,2019/10/24,0,"9,6",7
Voyagers Inn Homestay,2682156,NA,Valencia,1,1,€ 48,2019/10/23,2019/10/24,0,"7,8",7
Apartamentos Rusafa,5604325,NA,Valencia,1,1,€ 50,2019/10/23,2019/10/24,0,"7,7",7
Apartamentos Abastos,1044426,Apartamentos,Valencia,1,1,€ 50,2019/10/23,2019/10/24,0,"7,5",7
Attic Rooms in Botánico,5522932,NA,Valencia,1,1,€ 50,2019/10/23,2019/10/24,0,"7,6",7
Como en casa,4802186,NA,Valencia,1,1,€ 54,2019/10/23,2019/10/24,0,"7,9",7
