name,propertyId,propertyType,city,rooms,days,price,checkIn,checkOut,stars,score,advance
Helle & ruhige Zimmer nähe Strand,5698199,NA,Valencia,1,1,€ 32,2020/01/16,2020/01/17,0,,90
Comfort Room(AVEValencia),5696103,NA,Valencia,1,1,€ 45,2020/01/16,2020/01/17,0,,90
Habitacion doble en piso compartido,5645604,NA,Valencia,1,1,€ 46,2020/01/16,2020/01/17,0,,90
Hogar Dulce Hogar,5426607,NA,Valencia,1,1,€ 60,2020/01/16,2020/01/17,0,,90
vosotros sereis parte de mi familia.,5299568,NA,Valencia,1,1,€ 60,2020/01/16,2020/01/17,0,,90
Hideout 26,5658117,Apartamentos,Valencia,1,1,€ 61,2020/01/16,2020/01/17,0,,90
YOU & CO Quart Boutique,5213598,NA,Valencia,1,1,€ 63,2020/01/16,2020/01/17,3,,90
Valencia- habitacion,5366858,NA,Valencia,1,1,€ 65,2020/01/16,2020/01/17,0,,90
Bonito Apartamento- confortable y bien comunicado,5572090,Apartamento,Valencia,1,1,€ 68,2020/01/16,2020/01/17,0,,90
Loft Turia Gran,5133726,Apartamento,Valencia,1,1,€ 80,2020/01/16,2020/01/17,0,,90
Hotel Cosmo,4838858,NA,Valencia,1,1,€ 94,2020/01/16,2020/01/17,3,10,90
Casa Adosada Quintero,5481770,Casa o chalet,Valencia,1,1,€ 98,2020/01/16,2020/01/17,0,,90
Carrer de l'Arquitecte Alfaro 27 bajo derecha,4353398,Apartamento,Valencia,1,1,€ 102,2020/01/16,2020/01/17,0,,90
Todo el centro histórico a tu alcance.,5610526,Apartamento,Valencia,1,1,€ 160,2020/01/16,2020/01/17,0,,90
The White Apartment: Luxury- Beach and Design,5631365,Apartamento,Valencia,1,1,€ 167,2020/01/16,2020/01/17,0,,90
Casa Del Sueno,4292899,Chalet de montaña,Valencia,1,1,€ 173,2020/01/16,2020/01/17,0,,90
Villa Vista,4292942,Casa o chalet,Valencia,1,1,€ 173,2020/01/16,2020/01/17,0,,90
Apartment Passeig de la Petxina,5695771,Apartamento,Valencia,1,1,€ 195,2020/01/16,2020/01/17,0,,90
Apartment Carrer Ernesto Che Guevara,5598848,Apartamentos,Valencia,1,1,€ 211,2020/01/16,2020/01/17,0,,90
ACOGEDOR - CON TERRAZA - EN EL PLENO CENTRO,5715086,Apartamento,Valencia,1,1,€ 215,2020/01/16,2020/01/17,0,,90
Apartment Carrer de Don Juan de Austria,5464038,Apartamentos,Valencia,1,1,€ 275,2020/01/16,2020/01/17,0,,90
LACASAMALVA1 PLAYA DE VALENCIA,5679960,Casa o chalet,Valencia,1,1,€ 298,2020/01/16,2020/01/17,0,,90
Apartment Carrer de Josep Aguirre,5646705,Apartamentos,Valencia,1,1,€ 608,2020/01/16,2020/01/17,0,,90
Apartment Carrer de Cadis,5531328,Apartamentos,Valencia,1,1,€ 648,2020/01/16,2020/01/17,0,,90
EXCLUSIVE VILLA WITH POOL ON THE BEACH,5684273,Villa,Valencia,1,1,€ 970,2020/01/16,2020/01/17,0,,90
Maison Reina B&B,5004812,NA,Valencia,1,1,€ 80,2020/01/16,2020/01/17,0,"9,2",90
apartamento las torres-botanico,4694090,Apartamento,Valencia,1,1,€ 84,2020/01/16,2020/01/17,0,9,90
Vivaldi Valencia,427198,Apartamentos,Valencia,1,1,NA,2020/01/16,2020/01/17,0,"9,3",90
Center City Flats,861452,Apartamentos,Valencia,1,1,€ 86,2020/01/16,2020/01/17,0,9,90
Citizentral Juristas,1113127,Apartamentos,Valencia,1,1,€ 86,2020/01/16,2020/01/17,0,"9,2",90
Apartamentos El Olivo,1985143,Apartamento,Valencia,1,1,€ 86,2020/01/16,2020/01/17,0,"9,4",90
Apartamento cerca de la Playa y el Centro,2620264,Apartamento,Valencia,1,1,€ 88,2020/01/16,2020/01/17,0,"8,9",90
L'Arbre,3972359,Apartamento,Valencia,1,1,€ 89,2020/01/16,2020/01/17,0,"9,2",90
One Shot Mercat 09,2274203,NA,Valencia,1,1,€ 89,2020/01/16,2020/01/17,4,"9,1",90
Cabanyal Pleasant House,3608623,Apartamento,Valencia,1,1,NA,2020/01/16,2020/01/17,0,"9,2",90
RUZAFA. Nice apartment and Terrace.,4368595,Apartamento,Valencia,1,1,€ 90,2020/01/16,2020/01/17,0,"9,3",90
Una Ubicacion Perfecta,3114164,Apartamentos,Valencia,1,1,€ 90,2020/01/16,2020/01/17,0,"9,1",90
Hotel Valencia Alameda,4019381,NA,Valencia,1,1,€ 90,2020/01/16,2020/01/17,4,"9,2",90
Apartamento bianca,3205847,Apartamento,Valencia,1,1,€ 91,2020/01/16,2020/01/17,0,"9,1",90
Olvida tu Reloj Montichelvo Apartment,3258095,Apartamento,Valencia,1,1,€ 91,2020/01/16,2020/01/17,0,"9,4",90
Olvida tu Reloj Congresos Apartment,2448036,Apartamento,Valencia,1,1,€ 91,2020/01/16,2020/01/17,0,"9,2",90
Flats Friends Soho Suites,1819642,Apartamentos,Valencia,1,1,NA,2020/01/16,2020/01/17,0,"8,6",90
Mon Suites San Martin,2777545,Apartamentos,Valencia,1,1,€ 95,2020/01/16,2020/01/17,0,"9,4",90
MÍ casa YOUR HOME,3328967,Apartamento,Valencia,1,1,€ 95,2020/01/16,2020/01/17,0,"9,2",90
Boutique Creative Rooms,2334726,NA,Valencia,1,1,€ 72,2020/01/16,2020/01/17,0,"8,7",90
Vincci Mercat,1279484,NA,Valencia,1,1,€ 97,2020/01/16,2020/01/17,4,9,90
Nest Style Valencia,5219046,NA,Valencia,1,1,€ 97,2020/01/16,2020/01/17,3,"9,3",90
Mestalla Paradise,4734619,NA,Valencia,1,1,€ 100,2020/01/16,2020/01/17,0,"9,1",90
Biopark View Apartment,2381901,Apartamento,Valencia,1,1,€ 100,2020/01/16,2020/01/17,0,9,90
SingularStays San Vicente,1423172,Apartamentos,Valencia,1,1,NA,2020/01/16,2020/01/17,0,"8,8",90
Casual Socarrat Valencia,5142800,NA,Valencia,1,1,€ 101,2020/01/16,2020/01/17,3,"9,1",90
Piso como en tu casa 2,3834617,Apartamentos,Valencia,1,1,€ 101,2020/01/16,2020/01/17,0,"9,2",90
Casual Vintage Valencia,1710241,NA,Valencia,1,1,€ 72,2020/01/16,2020/01/17,2,"8,6",90
Coroa del Mar,1549399,Apartamentos,Valencia,1,1,NA,2020/01/16,2020/01/17,0,"7,1",90
Zenit Valencia,92327,NA,Valencia,1,1,€ 74,2020/01/16,2020/01/17,4,"8,8",90
AC Hotel Valencia,91063,NA,Valencia,1,1,€ 75,2020/01/16,2020/01/17,4,"8,5",90
Original Domino House,5434091,NA,Valencia,1,1,€ 75,2020/01/16,2020/01/17,0,"8,9",90
Burjassot Mestalla,3058627,Apartamento,Valencia,1,1,€ 75,2020/01/16,2020/01/17,0,"8,6",90
Hotel San Lorenzo Boutique,1307718,NA,Valencia,1,1,€ 77,2020/01/16,2020/01/17,3,"8,6",90
Citizentral Gascons,332095,Apartamentos,Valencia,1,1,€ 79,2020/01/16,2020/01/17,0,"8,8",90
SingularStays Botanico 29 Rooms,1643960,NA,Valencia,1,1,NA,2020/01/16,2020/01/17,0,"7,3",90
Hotel Valencia Oceanic Managed by Melia Hotels International,91522,NA,Valencia,1,1,€ 79,2020/01/16,2020/01/17,4,"8,6",90
SH Ingles Boutique Hotel,92956,NA,Valencia,1,1,€ 80,2020/01/16,2020/01/17,4,"8,5",90
Palacio de Rojas,1073276,Apartamentos,Valencia,1,1,€ 105,2020/01/16,2020/01/17,0,"9,3",90
Forn desamparats,2380447,Apartamento,Valencia,1,1,€ 105,2020/01/16,2020/01/17,0,"9,4",90
Comfort Homestay,5423155,NA,Valencia,1,1,€ 105,2020/01/16,2020/01/17,0,9,90
Homestay Carrer Sagun,5006434,NA,Valencia,1,1,€ 80,2020/01/16,2020/01/17,0,"8,7",90
Petit Palace Plaza de la Reina,90443,NA,Valencia,1,1,€ 80,2020/01/16,2020/01/17,3,"8,7",90
Hotel Dimar,90886,NA,Valencia,1,1,€ 81,2020/01/16,2020/01/17,4,"8,7",90
Suites by Eric Olsan (Florista),4726450,Apartamentos,Valencia,1,1,€ 82,2020/01/16,2020/01/17,0,"8,6",90
San Jaime Silence,2369040,Apartamento,Valencia,1,1,NA,2020/01/16,2020/01/17,0,"7,4",90
El Palacete Gran Via,3483148,NA,Valencia,1,1,€ 83,2020/01/16,2020/01/17,0,"8,8",90
Valencian Apartment,2298621,Apartamento,Valencia,1,1,€ 84,2020/01/16,2020/01/17,0,"8,9",90
Casa de Maria,2467712,Apartamento,Valencia,1,1,€ 85,2020/01/16,2020/01/17,0,"8,6",90
Vincci Palace,94163,NA,Valencia,1,1,€ 88,2020/01/16,2020/01/17,4,"8,7",90
Perla Apartments,3146781,Apartamentos,Valencia,1,1,€ 90,2020/01/16,2020/01/17,0,"8,7",90
Habitación doble,3599930,NA,Valencia,1,1,€ 90,2020/01/16,2020/01/17,0,"8,9",90
Murillo Apartment,408163,Apartamento,Valencia,1,1,NA,2020/01/16,2020/01/17,0,7,90
One Shot Palacio Reina Victoria 04,90885,NA,Valencia,1,1,€ 93,2020/01/16,2020/01/17,4,"8,6",90
New Trendy apartment,2426154,Apartamento,Valencia,1,1,€ 95,2020/01/16,2020/01/17,0,"8,6",90
City Center Apartments,4426057,Apartamentos,Valencia,1,1,€ 68,2020/01/16,2020/01/17,0,"7,8",90
Barceló Valencia,91988,NA,Valencia,1,1,€ 98,2020/01/16,2020/01/17,4,"8,7",90
Melia Plaza Valencia,13270,NA,Valencia,1,1,€ 99,2020/01/16,2020/01/17,4,"8,9",90
Magnífico Adosado- cerca de Valencia ciudad- en zona de montaña y playa fluvial,5354233,Casa o chalet,Valencia,1,1,€ 100,2020/01/16,2020/01/17,0,"8,8",90
SEA YOU HOTEL PORT VALENCIA,92328,NA,Valencia,1,1,€ 78,2020/01/16,2020/01/17,4,"7,8",90
Torres Quart,3702234,Apartamentos,Valencia,1,1,€ 83,2020/01/16,2020/01/17,0,"7,5",90
Suites by Eric Olsan (L),4287413,Apartamentos,Valencia,1,1,€ 83,2020/01/16,2020/01/17,0,"7,5",90
Loft Superior el Carmen,2784473,Apartamento,Valencia,1,1,€ 197,2020/01/16,2020/01/17,0,"9,3",90
Ca Carmela,2466364,Casa o chalet,Valencia,1,1,€ 225,2020/01/16,2020/01/17,0,"9,1",90
Flats Friends Nave,2861620,Apartamentos,Valencia,1,1,NA,2020/01/16,2020/01/17,0,"8,4",90
Cabanyal Marina Apartament,3615874,Apartamento,Valencia,1,1,€ 250,2020/01/16,2020/01/17,0,"9,1",90
Suites by Eric Olsan (Peset),4726296,Apartamentos,Valencia,1,1,€ 83,2020/01/16,2020/01/17,0,"7,5",90
Hotel Beleret,94652,NA,Valencia,1,1,€ 89,2020/01/16,2020/01/17,3,"7,6",90
Apartamento Angel Alcazar 35,2174625,Apartamento,Valencia,1,1,€ 90,2020/01/16,2020/01/17,0,"7,5",90
Plaza Sainetero 5,3148458,Apartamento,Valencia,1,1,€ 93,2020/01/16,2020/01/17,0,"7,7",90
Rosa del mar2,4259814,Apartamento,Valencia,1,1,€ 259,2020/01/16,2020/01/17,0,"9,1",90
MD Julio Antonio Apartment Center,3961049,Apartamento,Valencia,1,1,€ 285,2020/01/16,2020/01/17,0,"9,2",90
V home,2146641,Apartamento,Valencia,1,1,€ 300,2020/01/16,2020/01/17,0,"9,1",90
Zerka Sendra,4657122,Apartamento,Valencia,1,1,€ 309,2020/01/16,2020/01/17,0,9,90
Old Fisherman's House in Malvarrosa Beach,3618172,Apartamento,Valencia,1,1,€ 360,2020/01/16,2020/01/17,0,"9,4",90
Flats Friends Tetuan,621683,Apartamentos,Valencia,1,1,NA,2020/01/16,2020/01/17,0,"8,4",90
Hotel Turia,14441,NA,Valencia,1,1,€ 99,2020/01/16,2020/01/17,4,"7,5",90
STYLISH APARTMENT - CITY CENTER,2861517,Apartamento,Valencia,1,1,€ 120,2020/01/16,2020/01/17,0,"7,8",90
The Westin Valencia,93321,NA,Valencia,1,1,€ 168,2020/01/16,2020/01/17,5,"8,6",90
Friendly Rentals Rey,1634248,Apartamento,Valencia,1,1,€ 185,2020/01/16,2020/01/17,0,"8,9",90
Carlos & Ana,2079019,Apartamento,Valencia,1,1,€ 195,2020/01/16,2020/01/17,0,"8,9",90
SingularStays Parque Central,3054000,Apartamentos,Valencia,1,1,€ 236,2020/01/16,2020/01/17,0,"8,8",90
The River Hostel,494202,NA,Valencia,1,1,€ 18,2020/01/16,2020/01/17,0,"8,5",90
Pensión Alicante,298710,NA,Valencia,1,1,€ 33,2020/01/16,2020/01/17,0,"8,5",90
Friendly Rentals Danna,1634254,Apartamento,Valencia,1,1,€ 140,2020/01/16,2020/01/17,0,"7,7",90
Select Home Town Hall,1648016,Apartamentos,Valencia,1,1,€ 195,2020/01/16,2020/01/17,0,"7,5",90
Ca'delsPins,4110201,Villas,Valencia,1,1,€ 290,2020/01/16,2020/01/17,0,"7,8",90
Eurostars Acteón,90495,NA,Valencia,1,1,€ 35,2020/01/16,2020/01/17,4,"8,5",90
Hulot B&B Valencia,585429,NA,Valencia,1,1,€ 40,2020/01/16,2020/01/17,0,"8,5",90
Pio XII Apartments Valencia,402080,Apartamentos,Valencia,1,1,€ 43,2020/01/16,2020/01/17,0,"8,5",90
El 16 Ruzafa,865461,Apartamentos,Valencia,1,1,€ 300,2020/01/16,2020/01/17,0,"7,7",90
Apartment Plaza de la Merced,3457190,Apartamento,Valencia,1,1,€ 470,2020/01/16,2020/01/17,0,"7,9",90
Hostal Waksman,281139,NA,Valencia,1,1,€ 30,2020/01/16,2020/01/17,1,"7,3",90
B&B Almirante,369695,NA,Valencia,1,1,€ 43,2020/01/16,2020/01/17,1,"8,8",90
Quart Silence,2024765,Apartamentos,Valencia,1,1,NA,2020/01/16,2020/01/17,0,8,90
Buho House,3777691,Apartahotel,Valencia,1,1,€ 44,2020/01/16,2020/01/17,0,"8,5",90
Home Youth Hostel by Feetup Hostels,189322,NA,Valencia,1,1,€ 45,2020/01/16,2020/01/17,0,"8,8",90
Estrella de russafa,5352439,NA,Valencia,1,1,€ 45,2020/01/16,2020/01/17,0,"8,7",90
Art&Flats Bed&Breakfast,5238345,NA,Valencia,1,1,€ 45,2020/01/16,2020/01/17,0,"8,7",90
Bright room with trundle bed,5560260,NA,Valencia,1,1,€ 46,2020/01/16,2020/01/17,0,"8,7",90
Apartamentos Plaza Picasso,97063,Apartamentos,Valencia,1,1,€ 46,2020/01/16,2020/01/17,0,"8,5",90
Habitación Despuig,4901343,NA,Valencia,1,1,€ 30,2020/01/16,2020/01/17,0,"7,4",90
Zen House,3671621,NA,Valencia,1,1,€ 39,2020/01/16,2020/01/17,0,"7,1",90
Reina's Apartment,2130930,Apartamentos,Valencia,1,1,NA,2020/01/16,2020/01/17,0,"8,3",90
Hotel Malcom and Barret,483261,NA,Valencia,1,1,€ 47,2020/01/16,2020/01/17,3,"8,7",90
HOSPEDAJE PESET,4718074,NA,Valencia,1,1,€ 40,2020/01/16,2020/01/17,0,"7,4",90
Habitación con cama doble,4794909,NA,Valencia,1,1,€ 41,2020/01/16,2020/01/17,0,"7,2",90
Sampedor Apartment,435662,Apartamentos,Valencia,1,1,€ 45,2020/01/16,2020/01/17,0,"7,1",90
Cosy Rooms Embajador,369728,NA,Valencia,1,1,€ 47,2020/01/16,2020/01/17,2,"7,4",90
Cosy Rooms Bolsería,371606,NA,Valencia,1,1,€ 49,2020/01/16,2020/01/17,2,"7,4",90
Habitacion Apartamento soleado Plaza Escultor Frechina,4865043,NA,Valencia,1,1,€ 50,2020/01/16,2020/01/17,0,"7,4",90
Habitacion PLaza Ayuntamiento,4365340,NA,Valencia,1,1,€ 50,2020/01/16,2020/01/17,0,"7,4",90
Zalamera BnB,1331238,NA,Valencia,1,1,€ 47,2020/01/16,2020/01/17,0,"8,7",90
Luz de Valencia,2076095,Apartamentos,Valencia,1,1,€ 49,2020/01/16,2020/01/17,0,"8,8",90
UNIK. Apartments Valencia,2241282,Apartamentos,Valencia,1,1,€ 49,2020/01/16,2020/01/17,0,"8,5",90
Habitación en piso compartido,5433175,NA,Valencia,1,1,€ 50,2020/01/16,2020/01/17,0,"8,5",90
Flatsforyou Mercat,1367507,Apartamentos,Valencia,1,1,€ 280,2020/01/16,2020/01/17,3,"8,9",90
B&B Una Habitación Propia,1450279,NA,Valencia,1,1,€ 19,2020/01/16,2020/01/17,0,"8,2",90
Hotel Cosmo,4838858,NA,Valencia,1,1,€ 94,2020/01/16,2020/01/17,3,10,90
Center Valencia Youth Hostel,246931,NA,Valencia,1,1,€ 24,2020/01/16,2020/01/17,0,8,90
Purple Nest Hostel,25278,NA,Valencia,1,1,€ 25,2020/01/16,2020/01/17,0,"8,2",90
Colors Rooms,675839,NA,Valencia,1,1,€ 40,2020/01/16,2020/01/17,0,"9,5",90
Valencia Apartamentos Goya,4256653,Apartamentos,Valencia,1,1,NA,2020/01/16,2020/01/17,0,10,90
Habitación en valencia centro,5418023,NA,Valencia,1,1,€ 30,2020/01/16,2020/01/17,0,"8,3",90
Lindala,5250762,NA,Valencia,1,1,€ 49,2020/01/16,2020/01/17,0,"9,7",90
United Colors of Apartments Boutique Style,5372347,Apartamentos,Valencia,1,1,€ 64,2020/01/16,2020/01/17,0,"9,5",90
Habitacion en Valencia Barata,4861796,NA,Valencia,1,1,€ 40,2020/01/16,2020/01/17,0,"8,2",90
Hotel Villacarlos,90730,NA,Valencia,1,1,€ 41,2020/01/16,2020/01/17,3,8,90
Red Nest Hostel,92283,NA,Valencia,1,1,€ 42,2020/01/16,2020/01/17,0,"8,2",90
Habitacion en Valencia,4861732,NA,Valencia,1,1,€ 45,2020/01/16,2020/01/17,0,"8,3",90
Piso en Playa de Valencia,5533098,Apartamento,Valencia,1,1,€ 70,2020/01/16,2020/01/17,0,"9,5",90
Ciudad Ciencias- Lujo- Parking- Wi-Fi.,4999636,Apartamento,Valencia,1,1,€ 80,2020/01/16,2020/01/17,0,"9,8",90
Apartments Downtown Valencia,2250421,Apartamentos,Valencia,1,1,€ 80,2020/01/16,2020/01/17,0,"9,6",90
Hostal Abastos,257057,NA,Valencia,1,1,€ 45,2020/01/16,2020/01/17,2,"8,2",90
Sweet Hotel Renasa,274818,NA,Valencia,1,1,€ 48,2020/01/16,2020/01/17,3,8,90
Apartamentos Valencia,1007682,Apartamentos,Valencia,1,1,€ 50,2020/01/16,2020/01/17,0,"8,2",90
Hostal Antigua Morellana,1273937,NA,Valencia,1,1,€ 80,2020/01/16,2020/01/17,1,"9,5",90
Cómoda habitación Valencia,4200488,NA,Valencia,1,1,NA,2020/01/16,2020/01/17,0,"9,6",90
Ramirez Flats & Bar,4124528,Apartahotel,Valencia,1,1,€ 80,2020/01/16,2020/01/17,0,"9,5",90
Atico de Lujo,2142556,Apartamento,Valencia,1,1,€ 85,2020/01/16,2020/01/17,0,"9,4",90
Precioso piso junto al antiguo barrio de Campanar,3297078,Apartamento,Valencia,1,1,€ 85,2020/01/16,2020/01/17,0,"9,5",90
Aventura,5567318,NA,Valencia,1,1,€ 50,2020/01/16,2020/01/17,0,"8,1",90
Hotel Valencia Center,91285,NA,Valencia,1,1,€ 51,2020/01/16,2020/01/17,4,"8,4",90
L'Esplai Valencia Bed & Breakfast,1282556,NA,Valencia,1,1,€ 89,2020/01/16,2020/01/17,0,"9,5",90
LOFT apartamento duplex en Valencia con parking gratis,5519008,Apartamento,Valencia,1,1,€ 90,2020/01/16,2020/01/17,0,"9,9",90
Valencian Dreams Lonja,4757385,Apartamento,Valencia,1,1,€ 92,2020/01/16,2020/01/17,0,"9,8",90
Valencia what else...,2550483,Apartamento,Valencia,1,1,NA,2020/01/16,2020/01/17,0,"9,5",90
Coroa Malvarrosa,1638172,Apartamentos,Valencia,1,1,€ 51,2020/01/16,2020/01/17,0,"8,2",90
Up Town,2244083,Apartamentos,Valencia,1,1,€ 52,2020/01/16,2020/01/17,0,"8,2",90
Down Town,1656378,Apartamentos,Valencia,1,1,€ 53,2020/01/16,2020/01/17,0,"8,3",90
Calle de Frederica Montseny 'Política' Casa o chalet,5152866,Casa o chalet,Valencia,1,1,€ 95,2020/01/16,2020/01/17,0,"9,6",90
Casa La Buhardilla,2985364,Apartamento,Valencia,1,1,€ 97,2020/01/16,2020/01/17,0,"9,6",90
Opera House Valencia B&B,3533887,NA,Valencia,1,1,€ 106,2020/01/16,2020/01/17,0,"9,5",90
Hexagonal Design Apartment Valencia,4630643,Apartamento,Valencia,1,1,€ 109,2020/01/16,2020/01/17,0,"9,6",90
Eurostars Rey Don Jaime,91520,NA,Valencia,1,1,€ 53,2020/01/16,2020/01/17,4,"8,2",90
Hotel Medium Valencia,96838,NA,Valencia,1,1,€ 54,2020/01/16,2020/01/17,4,"8,2",90
Urban Youth Hostel,1163025,NA,Valencia,1,1,€ 55,2020/01/16,2020/01/17,0,"8,4",90
Senator Parque Central Hotel,274963,NA,Valencia,1,1,€ 55,2020/01/16,2020/01/17,4,"8,1",90
MARQUÉS HOUSE 4* SUP,2118880,NA,Valencia,1,1,€ 119,2020/01/16,2020/01/17,4,"9,4",90
Olympia Flats,4212801,NA,Valencia,1,1,€ 90,2020/01/16,2020/01/17,0,"9,7",90
BONNIES Suites & Spa Valencia,3631910,Apartamentos,Valencia,1,1,NA,2020/01/16,2020/01/17,0,"9,8",90
Casa Calle Conquista,4691493,Apartamento,Valencia,1,1,€ 240,2020/01/16,2020/01/17,0,"9,6",90
MD PASEO RUZAFA CENTER,5374850,Apartamento,Valencia,1,1,€ 1.030,2020/01/16,2020/01/17,0,"9,6",90
YOU & CO. Saler Beach Boutique,4533007,NA,Valencia,1,1,€ 38,2020/01/16,2020/01/17,3,9,90
Cantagua Hostel,4074640,NA,Valencia,1,1,€ 41,2020/01/16,2020/01/17,0,"9,1",90
OttoH Charm Stay,2459807,NA,Valencia,1,1,€ 49,2020/01/16,2020/01/17,0,"9,3",90
Apartamento Turistico en Valencia,2877605,Apartamento,Valencia,1,1,€ 85,2020/01/16,2020/01/17,0,"8,1",90
APARTAMENTO LAS MELLIZAS,4651578,NA,Valencia,1,1,€ 49,2020/01/16,2020/01/17,0,"8,3",90
Silken Puerta Valencia,91182,NA,Valencia,1,1,€ 95,2020/01/16,2020/01/17,4,"8,3",90
Primus Valencia,331871,NA,Valencia,1,1,€ 107,2020/01/16,2020/01/17,4,"8,3",90
Ilunion Valencia 4,754329,NA,Valencia,1,1,€ 109,2020/01/16,2020/01/17,4,"8,1",90
Friendly Rentals Pergolesi,1634240,Apartamentos,Valencia,1,1,€ 110,2020/01/16,2020/01/17,0,"8,4",90
Apartamento Torres,3654194,Apartamento,Valencia,1,1,€ 110,2020/01/16,2020/01/17,0,"8,3",90
Friendly Rentals ABC,3656596,Apartamento,Valencia,1,1,€ 110,2020/01/16,2020/01/17,0,"8,2",90
Friendly Rentals Puerto Deportivo,2317861,Apartamentos,Valencia,1,1,€ 110,2020/01/16,2020/01/17,0,"8,2",90
Tryp Valencia Feria,92852,NA,Valencia,1,1,€ 112,2020/01/16,2020/01/17,4,"8,3",90
Friendly Rentals Gimenez,1634242,Apartamento,Valencia,1,1,€ 120,2020/01/16,2020/01/17,0,"8,2",90
Welcome Platanos 13 Valencia Beautiful apartments with terrace,5095795,Apartamento,Valencia,1,1,€ 120,2020/01/16,2020/01/17,0,"8,1",90
Apartamento Privado Próximo a Playa y Ciencias,3783163,Apartamento,Valencia,1,1,€ 120,2020/01/16,2020/01/17,0,"8,2",90
Friendly Rentals Verdi,1634232,Apartamento,Valencia,1,1,€ 130,2020/01/16,2020/01/17,0,8,90
Friendly Rentals Desplat,4120221,Apartamento,Valencia,1,1,€ 140,2020/01/16,2020/01/17,0,"8,2",90
Friendly rentals Enesco Beach,2526514,Apartamento,Valencia,1,1,€ 145,2020/01/16,2020/01/17,0,8,90
Friendly Rentals Evans,1634220,Apartamentos,Valencia,1,1,€ 150,2020/01/16,2020/01/17,0,"8,4",90
Friendly Rentals Telemann,1634241,Apartamento,Valencia,1,1,€ 150,2020/01/16,2020/01/17,0,"8,2",90
Casa los Peces,3234194,Apartamento,Valencia,1,1,€ 170,2020/01/16,2020/01/17,0,"8,2",90
Loft el Carmen amazing views,4932621,Apartamento,Valencia,1,1,€ 170,2020/01/16,2020/01/17,0,"8,1",90
Vlc Apartaments el Carmen,389902,Apartamentos,Valencia,1,1,€ 187,2020/01/16,2020/01/17,0,"8,3",90
Zerka Centro,4425975,Apartamentos,Valencia,1,1,€ 199,2020/01/16,2020/01/17,0,"8,4",90
NWT Central Station Apartments,3964093,Apartamento,Valencia,1,1,€ 300,2020/01/16,2020/01/17,0,"8,2",90
UP Hostel Valencia,1710137,NA,Valencia,1,1,€ 20,2020/01/16,2020/01/17,0,"7,7",90
Pensión Universal,304276,NA,Valencia,1,1,€ 25,2020/01/16,2020/01/17,0,"7,9",90
