name,propertyId,propertyType,city,rooms,days,price,checkIn,checkOut,stars,score,advance
Guest House Higinio Noja,2845935,NA,Valencia,1,1,€ 60,2019/12/30,2019/12/31,0,"5,9",90
Oliver,4865093,NA,Valencia,1,1,€ 63,2019/12/30,2019/12/31,0,"5,5",90
Teixidors de Palomar,2639791,Apartamentos,Valencia,1,1,NA,2019/12/30,2019/12/31,0,"9,4",90
Kirei Apartment Berlin,4504570,Apartamentos,Valencia,1,1,€ 103,2019/12/30,2019/12/31,0,"5,6",90
Kirei Apartment Denver,4585191,Apartamento,Valencia,1,1,€ 161,2019/12/30,2019/12/31,0,"5,9",90
Kirei Apartment Portland,4276529,Apartamentos,Valencia,1,1,€ 200,2019/12/30,2019/12/31,0,"5,9",90
Port of Valencia,3805735,Apartamento,Valencia,1,1,€ 79,2019/12/30,2019/12/31,0,"5,1",90
Malvarosa,3820590,Apartamento,Valencia,1,1,€ 190,2019/12/30,2019/12/31,0,4,90
Double Room in VALENCIA,5665653,NA,Valencia,1,1,€ 23,2019/12/30,2019/12/31,0,,90
Apartments Abate 4,2848648,Apartamentos,Valencia,1,1,NA,2019/12/30,2019/12/31,0,9,90
Habitacion doble en piso compartido,5645604,NA,Valencia,1,1,€ 46,2019/12/30,2019/12/31,0,,90
Habitaciones con encanto,5629632,NA,Valencia,1,1,€ 50,2019/12/30,2019/12/31,0,,90
vosotros sereis parte de mi familia.,5299568,NA,Valencia,1,1,€ 50,2019/12/30,2019/12/31,0,,90
Rooms El Picolino,5326859,NA,Valencia,1,1,€ 60,2019/12/30,2019/12/31,0,,90
Hogar Dulce Hogar,5426607,NA,Valencia,1,1,€ 60,2019/12/30,2019/12/31,0,,90
Florista's Room en Valencia,5502152,NA,Valencia,1,1,€ 63,2019/12/30,2019/12/31,0,,90
Piso céntrico Plaza Toros,2961063,Apartamento,Valencia,1,1,NA,2019/12/30,2019/12/31,0,"9,3",90
Valencia- habitacion,5366858,NA,Valencia,1,1,€ 65,2019/12/30,2019/12/31,0,,90
Habitación en Valencia,5477394,NA,Valencia,1,1,€ 72,2019/12/30,2019/12/31,0,,90
Apartamentos Navío,5647176,Apartamento,Valencia,1,1,€ 95,2019/12/30,2019/12/31,0,,90
Cabanyal Apartments Beach,5402234,Apartamento,Valencia,1,1,€ 100,2019/12/30,2019/12/31,0,,90
Carrer de l'Arquitecte Alfaro 27 bajo derecha,4353398,Apartamento,Valencia,1,1,€ 102,2019/12/30,2019/12/31,0,,90
Kirei Apartment Dublin,4639542,Apartamento,Valencia,1,1,€ 103,2019/12/30,2019/12/31,0,,90
OCEANOGRAFIC APARTMENT. PARKING. WI-FI,3107716,Apartamentos,Valencia,1,1,NA,2019/12/30,2019/12/31,0,9,90
Comfort Homestay,5423155,NA,Valencia,1,1,€ 105,2019/12/30,2019/12/31,0,,90
Loft Turia Gran,5133726,Apartamento,Valencia,1,1,€ 120,2019/12/30,2019/12/31,0,,90
CASA MARQUES DE CARO,4472176,Apartamento,Valencia,1,1,€ 121,2019/12/30,2019/12/31,0,,90
RAVALENCIA 4,3377937,Apartamento,Valencia,1,1,€ 124,2019/12/30,2019/12/31,0,,90
Hotel Cosmo,4838858,NA,Valencia,1,1,€ 136,2019/12/30,2019/12/31,3,,90
Precioso Apartamento En Pleno Centro Con Wifi,3023494,Apartamento,Valencia,1,1,€ 130,2019/12/30,2019/12/31,0,"8,8",90
SH Valencia Palace,91497,NA,Valencia,1,1,€ 136,2019/12/30,2019/12/31,5,"8,5",90
Stay at Valencia Downtown,1840715,Apartamento,Valencia,1,1,NA,2019/12/30,2019/12/31,0,"9,5",90
Eurostars Acteón,90495,NA,Valencia,1,1,€ 139,2019/12/30,2019/12/31,4,"8,5",90
Stylish newly renovated in great location /WIFI,3661070,Apartamento,Valencia,1,1,€ 149,2019/12/30,2019/12/31,0,"8,6",90
El Palacete Gran Via,3483148,NA,Valencia,1,1,€ 155,2019/12/30,2019/12/31,0,"8,8",90
Ilunion Aqua 4,92777,NA,Valencia,1,1,€ 157,2019/12/30,2019/12/31,4,"8,5",90
Citizentral Gascons,332095,Apartamentos,Valencia,1,1,€ 157,2019/12/30,2019/12/31,0,"8,8",90
Apartments Plaza Ayuntamiento,3506736,Apartamento,Valencia,1,1,€ 160,2019/12/30,2019/12/31,0,"8,7",90
So de Mar,2204496,Apartamento,Valencia,1,1,NA,2019/12/30,2019/12/31,0,"9,6",90
Perla Apartments,3146781,Apartamentos,Valencia,1,1,€ 162,2019/12/30,2019/12/31,0,"8,7",90
SKY TOURISTIC ATTIC,281640,Apartamentos,Valencia,1,1,€ 162,2019/12/30,2019/12/31,0,"8,5",90
Petit Palace Plaza de la Reina,90443,NA,Valencia,1,1,€ 169,2019/12/30,2019/12/31,3,"8,7",90
City of Arts,3031480,Apartamento,Valencia,1,1,€ 170,2019/12/30,2019/12/31,0,"8,7",90
Zenit Valencia,92327,NA,Valencia,1,1,€ 176,2019/12/30,2019/12/31,4,"8,8",90
ValentiaApartments - MercadoCentral,4185241,Apartamentos,Valencia,1,1,€ 188,2019/12/30,2019/12/31,0,"8,8",90
Apartment Plaza Cisneros,1273377,Apartamentos,Valencia,1,1,NA,2019/12/30,2019/12/31,0,"9,7",90
AC Hotel Colon Valencia,1117150,NA,Valencia,1,1,€ 194,2019/12/30,2019/12/31,4,"8,7",90
Hospes Palau de La Mar,93823,NA,Valencia,1,1,€ 225,2019/12/30,2019/12/31,5,"8,8",90
Tryp Valencia Feria,92852,NA,Valencia,1,1,€ 81,2019/12/30,2019/12/31,4,"8,4",90
Ilunion Aqua 3,92776,NA,Valencia,1,1,€ 83,2019/12/30,2019/12/31,3,"8,3",90
Apartamento torres serrano,4622232,Apartamento,Valencia,1,1,NA,2019/12/30,2019/12/31,0,"9,5",90
NH Valencia Las Ciencias,90725,NA,Valencia,1,1,€ 86,2019/12/30,2019/12/31,3,8,90
Happy Apartments Valencia – Lope de Vega,575582,Apartamentos,Valencia,1,1,€ 88,2019/12/30,2019/12/31,0,"8,1",90
Dormavalencia Hostel Regne,291755,NA,Valencia,1,1,€ 91,2019/12/30,2019/12/31,1,8,90
Vincci Lys,91183,NA,Valencia,1,1,€ 229,2019/12/30,2019/12/31,4,"8,9",90
Mar & City Apartment,3456759,Apartamento,Valencia,1,1,€ 232,2019/12/30,2019/12/31,0,"8,9",90
Vincci Palace,94163,NA,Valencia,1,1,€ 246,2019/12/30,2019/12/31,4,"8,6",90
Flatsforyou Mercat,1367507,Apartamentos,Valencia,1,1,€ 280,2019/12/30,2019/12/31,3,"8,9",90
Apartamento Alameda,1698817,Apartamento,Valencia,1,1,NA,2019/12/30,2019/12/31,0,"9,4",90
SingularStays Parque Central,3054000,Apartamentos,Valencia,1,1,€ 344,2019/12/30,2019/12/31,0,"8,8",90
The Westin Valencia,93321,NA,Valencia,1,1,€ 347,2019/12/30,2019/12/31,5,"8,6",90
Apartamento Gran Vía Marqués del Turia,2358973,Apartamento,Valencia,1,1,€ 349,2019/12/30,2019/12/31,0,"8,5",90
Eurostars Gran Valencia,90484,NA,Valencia,1,1,€ 95,2019/12/30,2019/12/31,4,"8,4",90
NH Valencia Las Artes,90731,NA,Valencia,1,1,€ 95,2019/12/30,2019/12/31,4,"8,4",90
Apartment Valencia,348555,Apartamentos,Valencia,1,1,€ 95,2019/12/30,2019/12/31,0,8,90
Piso en La Ciudad de Artes,3832790,Apartamento,Valencia,1,1,NA,2019/12/30,2019/12/31,0,"9,6",90
Hotel Alkazar,408511,NA,Valencia,1,1,€ 99,2019/12/30,2019/12/31,1,8,90
Urban Youth Hostel,1163025,NA,Valencia,1,1,€ 24,2019/12/30,2019/12/31,0,"8,4",90
Purple Nest Hostel,25278,NA,Valencia,1,1,€ 29,2019/12/30,2019/12/31,0,"8,2",90
Hotel Valencia Center,91285,NA,Valencia,1,1,€ 103,2019/12/30,2019/12/31,4,"8,4",90
Primus Valencia,331871,NA,Valencia,1,1,€ 105,2019/12/30,2019/12/31,4,"8,3",90
Apartamento Plaza Sainetero,2743838,Apartamento,Valencia,1,1,€ 106,2019/12/30,2019/12/31,0,"8,2",90
Hotel Villacarlos,90730,NA,Valencia,1,1,€ 107,2019/12/30,2019/12/31,3,8,90
Holiday Inn Express Ciudad de las Ciencias,96737,NA,Valencia,1,1,€ 108,2019/12/30,2019/12/31,3,8,90
Central Apartment in Valencia with WIFI + Parking.,4557920,Apartamento,Valencia,1,1,NA,2019/12/30,2019/12/31,0,"9,6",90
NH Valencia Center,90727,NA,Valencia,1,1,€ 113,2019/12/30,2019/12/31,4,"8,3",90
Style Apartments Puerto,1558265,Apartamentos,Valencia,1,1,€ 119,2019/12/30,2019/12/31,0,8,90
Arena's Apartament,2156905,Apartamento,Valencia,1,1,€ 225,2019/12/30,2019/12/31,0,"9,1",90
Caro Hotel,348132,NA,Valencia,1,1,€ 229,2019/12/30,2019/12/31,5,"9,2",90
Apartment Sofi,2830696,Apartamento,Valencia,1,1,NA,2019/12/30,2019/12/31,0,"9,8",90
Apartamento Playa Wifi Gratis,3495634,Apartamento,Valencia,1,1,€ 240,2019/12/30,2019/12/31,0,"9,3",90
Silken Puerta Valencia,91182,NA,Valencia,1,1,€ 120,2019/12/30,2019/12/31,4,"8,3",90
Apartamento Privado Próximo a Playa y Ciencias,3783163,Apartamento,Valencia,1,1,€ 120,2019/12/30,2019/12/31,0,"8,2",90
City Suites Apartments,3091106,NA,Valencia,1,1,€ 121,2019/12/30,2019/12/31,0,"8,4",90
Valenciaflats Torres de Serrano,17468,Apartamentos,Valencia,1,1,€ 129,2019/12/30,2019/12/31,0,"8,3",90
VALENCIA APARTAMENTO GOYA GRAN TERRAZA,4660558,Apartamento,Valencia,1,1,NA,2019/12/30,2019/12/31,0,"9,6",90
Zerka Sendra,4657122,Apartamento,Valencia,1,1,€ 249,2019/12/30,2019/12/31,0,9,90
Vincci Mercat,1279484,NA,Valencia,1,1,€ 255,2019/12/30,2019/12/31,4,9,90
Edificio Pentagono,4673669,Apartamento,Valencia,1,1,€ 285,2019/12/30,2019/12/31,0,"9,1",90
The River Hostel,494202,NA,Valencia,1,1,€ 19,2019/12/30,2019/12/31,0,"8,5",90
Reina 12,1684198,NA,Valencia,1,1,€ 130,2019/12/30,2019/12/31,0,"8,2",90
Eurostars Rey Don Jaime,91520,NA,Valencia,1,1,€ 134,2019/12/30,2019/12/31,4,"8,2",90
Center Valencia Youth Hostel,246931,NA,Valencia,1,1,€ 138,2019/12/30,2019/12/31,0,8,90
Atico Ciutat Vella,3446230,Apartamentos,Valencia,1,1,€ 140,2019/12/30,2019/12/31,0,"8,3",90
Pensión Alicante,298710,NA,Valencia,1,1,€ 36,2019/12/30,2019/12/31,0,"8,5",90
Ambrosio Flats Valencia - El Mercat,3131649,Apartamento,Valencia,1,1,NA,2019/12/30,2019/12/31,0,"9,5",90
Quart Youth Hostel,476418,NA,Valencia,1,1,€ 42,2019/12/30,2019/12/31,0,"8,6",90
Zalamera BnB,1331238,NA,Valencia,1,1,€ 47,2019/12/30,2019/12/31,0,"8,7",90
City of Arts & Spa Apartment,4820684,Apartamento,Valencia,1,1,€ 140,2019/12/30,2019/12/31,0,8,90
Home Youth Hostel by Feetup Hostels,189322,NA,Valencia,1,1,€ 53,2019/12/30,2019/12/31,0,"8,8",90
Art&Flats Bed&Breakfast,5238345,NA,Valencia,1,1,€ 55,2019/12/30,2019/12/31,0,"8,9",90
ABCyou Bed&Breakfast,189207,NA,Valencia,1,1,€ 56,2019/12/30,2019/12/31,0,"8,5",90
Ad Hoc Carmen,1173270,NA,Valencia,1,1,€ 60,2019/12/30,2019/12/31,2,"8,9",90
Colón Market Downtown,4607745,Apartamento,Valencia,1,1,NA,2019/12/30,2019/12/31,0,"9,5",90
B&B Hi Valencia Boutique,1301725,NA,Valencia,1,1,€ 60,2019/12/30,2019/12/31,0,"8,7",90
Hotel San Lorenzo Boutique,1307718,NA,Valencia,1,1,€ 68,2019/12/30,2019/12/31,3,"8,6",90
Valencia maritimo,3020748,Apartamento,Valencia,1,1,€ 70,2019/12/30,2019/12/31,0,"8,9",90
Hotel Malcom and Barret,483261,NA,Valencia,1,1,€ 72,2019/12/30,2019/12/31,3,"8,7",90
Sercotel Sorolla Palace,93646,NA,Valencia,1,1,€ 76,2019/12/30,2019/12/31,4,"8,6",90
Homestay Carrer Sagun,5006434,NA,Valencia,1,1,€ 80,2019/12/30,2019/12/31,0,"8,8",90
Luxury Center Plaza Redonda,5138960,Apartamento,Valencia,1,1,NA,2019/12/30,2019/12/31,0,"9,6",90
Apartamento Jesus De Medinaceli,1728697,Apartamentos,Valencia,1,1,€ 80,2019/12/30,2019/12/31,0,"8,6",90
Casual del Cine Valencia,572187,NA,Valencia,1,1,€ 82,2019/12/30,2019/12/31,2,"8,6",90
Melia Valencia,290493,NA,Valencia,1,1,€ 84,2019/12/30,2019/12/31,4,"8,8",90
AC Hotel Valencia,91063,NA,Valencia,1,1,€ 84,2019/12/30,2019/12/31,4,"8,5",90
Habitación doble,3599930,NA,Valencia,1,1,€ 85,2019/12/30,2019/12/31,0,"8,9",90
Precioso piso junto al antiguo barrio de Campanar,3297078,Apartamento,Valencia,1,1,€ 100,2019/12/30,2019/12/31,0,"9,5",90
L'Esplai Valencia Bed & Breakfast,1282556,NA,Valencia,1,1,€ 119,2019/12/30,2019/12/31,0,"9,6",90
VALENCIA APARTAMENTO GOYA,4256653,Apartamento,Valencia,1,1,NA,2019/12/30,2019/12/31,0,10,90
Olympia Flats,4212801,NA,Valencia,1,1,€ 60,2019/12/30,2019/12/31,0,"9,7",90
LOFT apartamento duplex en Valencia con parking,5519008,Apartamento,Valencia,1,1,€ 120,2019/12/30,2019/12/31,0,"9,8",90
Ramirez Flats & Bar,4124528,Apartahotel,Valencia,1,1,€ 126,2019/12/30,2019/12/31,0,"9,5",90
Valencian Dreams Lonja,4757385,Apartamento,Valencia,1,1,€ 138,2019/12/30,2019/12/31,0,"9,8",90
Apartamento cerca Ciudad de las Ciencias con WIFI,3070842,Apartamento,Valencia,1,1,€ 150,2019/12/30,2019/12/31,0,"9,5",90
Apartments Downtown Valencia,2250421,Apartamentos,Valencia,1,1,€ 160,2019/12/30,2019/12/31,0,"9,6",90
La seda stay,3335523,Apartamento,Valencia,1,1,NA,2019/12/30,2019/12/31,0,"9,7",90
PORT VALENCIA PLAYA,5259971,Apartamento,Valencia,1,1,€ 170,2019/12/30,2019/12/31,0,"9,8",90
MARQUÉS HOUSE 4* SUP,2118880,NA,Valencia,1,1,€ 299,2019/12/30,2019/12/31,4,"9,5",90
YOU & CO. Saler Beach Boutique,4533007,NA,Valencia,1,1,€ 50,2019/12/30,2019/12/31,3,9,90
Bianca,4232781,Apartamento,Valencia,1,1,€ 74,2019/12/30,2019/12/31,0,9,90
Hotel Valencia Alameda,4019381,NA,Valencia,1,1,€ 74,2019/12/30,2019/12/31,4,"9,3",90
Live in Chianti,2227491,NA,Valencia,1,1,€ 75,2019/12/30,2019/12/31,0,"9,1",90
Casa Botànic - Céntrico y con comodidades,4218273,Apartamento,Valencia,1,1,NA,2019/12/30,2019/12/31,0,"9,8",90
Rooms Ciencias,94126,NA,Valencia,1,1,€ 80,2019/12/30,2019/12/31,0,9,90
Jardín Botánico Hotel Boutique,93369,NA,Valencia,1,1,€ 88,2019/12/30,2019/12/31,3,9,90
Hostal Venecia,92883,NA,Valencia,1,1,€ 93,2019/12/30,2019/12/31,2,"9,1",90
Calle de Frederica Montseny 'Política' Casa o chalet,5152866,Casa o chalet,Valencia,1,1,€ 95,2019/12/30,2019/12/31,0,"9,4",90
Brisa Mare Nostrum,2855311,Apartamento,Valencia,1,1,€ 98,2019/12/30,2019/12/31,0,"9,2",90
Original Domino House,5434091,NA,Valencia,1,1,€ 99,2019/12/30,2019/12/31,0,"9,2",90
BONNIES Suites & Spa Valencia,3631910,Apartamentos,Valencia,1,1,NA,2019/12/30,2019/12/31,0,"9,8",90
15 Avinguda Mare Nostrum,4518973,Apartamento,Valencia,1,1,€ 100,2019/12/30,2019/12/31,0,"9,4",90
Forn desamparats,2380447,Apartamento,Valencia,1,1,€ 105,2019/12/30,2019/12/31,0,"9,4",90
Blanq Comedias,4922002,NA,Valencia,1,1,€ 108,2019/12/30,2019/12/31,0,9,90
COZY APARTMENT VALENCIA CITY CENTER!,4886758,Apartamento,Valencia,1,1,€ 115,2019/12/30,2019/12/31,0,"9,3",90
Nest Style Valencia,5219046,NA,Valencia,1,1,€ 118,2019/12/30,2019/12/31,3,"9,4",90
Ilunion Valencia 3,92818,NA,Valencia,1,1,€ 71,2019/12/30,2019/12/31,3,"7,9",90
El Globo,24498,NA,Valencia,1,1,€ 75,2019/12/30,2019/12/31,1,"7,8",90
Palau de Palomar,471283,Apartamentos,Valencia,1,1,NA,2019/12/30,2019/12/31,0,"9,1",90
Room in apartment,3701648,NA,Valencia,1,1,€ 81,2019/12/30,2019/12/31,0,"7,8",90
El 16 Ruzafa,865461,Apartamentos,Valencia,1,1,€ 89,2019/12/30,2019/12/31,0,"7,7",90
Alex Apartment,1756374,Apartamento,Valencia,1,1,€ 90,2019/12/30,2019/12/31,0,"7,8",90
Suites by Eric Olsan (Peset),4726296,Apartamentos,Valencia,1,1,€ 94,2019/12/30,2019/12/31,0,"7,6",90
Suites by Eric Olsan (L),4287413,Apartamentos,Valencia,1,1,€ 94,2019/12/30,2019/12/31,0,"7,6",90
Hotel Turia,14441,NA,Valencia,1,1,€ 99,2019/12/30,2019/12/31,4,"7,5",90
Apartamento Valencia Center,410101,Apartamentos,Valencia,1,1,NA,2019/12/30,2019/12/31,0,"9,4",90
SEA YOU HOTEL PORT VALENCIA,92328,NA,Valencia,1,1,€ 126,2019/12/30,2019/12/31,4,"7,7",90
Kirei Apartment Vienna,4639797,Apartamento,Valencia,1,1,€ 126,2019/12/30,2019/12/31,0,"7,6",90
City Center Apartments,4426057,Apartamentos,Valencia,1,1,€ 135,2019/12/30,2019/12/31,0,"7,8",90
STYLISH APARTMENT - CITY CENTER,2861517,Apartamento,Valencia,1,1,€ 140,2019/12/30,2019/12/31,0,"7,8",90
Kirei Apartment Calgary,4768322,Apartamento,Valencia,1,1,€ 148,2019/12/30,2019/12/31,0,"7,6",90
Torres Quart,3702234,Apartamentos,Valencia,1,1,€ 150,2019/12/30,2019/12/31,0,"7,5",90
Splendid house in Valencia,3091182,Apartamentos,Valencia,1,1,NA,2019/12/30,2019/12/31,0,"9,3",90
Apartamento Alguer,4005334,Apartamento,Valencia,1,1,€ 150,2019/12/30,2019/12/31,0,"7,8",90
Oceanográfico Apartments & Spa,324918,Apartamentos,Valencia,1,1,€ 172,2019/12/30,2019/12/31,0,"7,5",90
Patacona Green Flats,292996,Apartamentos,Valencia,1,1,€ 197,2019/12/30,2019/12/31,0,"7,6",90
Dreams Rental City Hall,337092,Apartamentos,Valencia,1,1,€ 280,2019/12/30,2019/12/31,0,"7,5",90
Apartment Plaza de la Merced,3457190,Apartamento,Valencia,1,1,€ 470,2019/12/30,2019/12/31,0,"7,9",90
MD Oliag I Apartment Ruzafa,2867488,Apartamento,Valencia,1,1,€ 485,2019/12/30,2019/12/31,0,"7,6",90
MD Design Hotel - Portal del Real,2391685,NA,Valencia,1,1,NA,2019/12/30,2019/12/31,2,"9,1",90
Habitación Despuig,4901343,NA,Valencia,1,1,€ 30,2019/12/30,2019/12/31,0,"7,3",90
Habitación con cama doble,4794909,NA,Valencia,1,1,€ 32,2019/12/30,2019/12/31,0,7,90
Hostal Waksman,281139,NA,Valencia,1,1,€ 32,2019/12/30,2019/12/31,1,"7,3",90
feliz como en casa,3676196,NA,Valencia,1,1,€ 36,2019/12/30,2019/12/31,0,"7,2",90
Hostal Residencial RR,450746,NA,Valencia,1,1,€ 38,2019/12/30,2019/12/31,0,7,90
