name,propertyId,propertyType,city,rooms,days,price,checkIn,checkOut,stars,score,advance
Casual Socarrat Valencia,5142800,NA,Valencia,1,1,€ 89,2019/11/05,2019/11/06,3,"9,1",14
OCEANOGRAFIC DELUXE- PARKING- WI-FI,4095746,NA,Valencia,1,1,€ 90,2019/11/05,2019/11/06,0,"9,1",14
Apartamento Forn dels Apòstols,3122008,NA,Valencia,1,1,NA,2019/11/05,2019/11/06,0,"9,6",14
Olvida tu Reloj Congresos Apartment,2448036,NA,Valencia,1,1,€ 91,2019/11/05,2019/11/06,0,"9,2",14
Olvida tu Reloj Montichelvo Apartment,3258095,NA,Valencia,1,1,€ 91,2019/11/05,2019/11/06,0,"9,4",14
Apartment on Carrer del Dr. Lluch,2008997,NA,Valencia,1,1,€ 94,2019/11/05,2019/11/06,0,9,14
Hotel Boutique Balandret,1281710,NA,Valencia,1,1,€ 95,2019/11/05,2019/11/06,3,"9,2",14
HQ Rooms Apartments San Vicente,2894429,NA,Valencia,1,1,€ 95,2019/11/05,2019/11/06,0,"9,2",14
Valenciaflats Ciudad de las Ciencias,93676,NA,Valencia,1,1,€ 97,2019/11/05,2019/11/06,0,"9,1",14
Apartments Downtown Valencia,2250421,NA,Valencia,1,1,NA,2019/11/05,2019/11/06,0,"9,6",14
Apartamento centro frente a Torres de Serrano,3408067,NA,Valencia,1,1,€ 98,2019/11/05,2019/11/06,0,"9,4",14
APARTAMENTO CENTRO- RUZAFA. WI-FI. PARKING,3144104,NA,Valencia,1,1,€ 100,2019/11/05,2019/11/06,0,"9,3",14
Hi Valencia Apartments - Jorge Juan,2373701,NA,Valencia,1,1,€ 100,2019/11/05,2019/11/06,0,"9,4",14
Cozy apartment in Valencia center,3402135,NA,Valencia,1,1,€ 101,2019/11/05,2019/11/06,0,"9,2",14
Piso como en tu casa 2,3834617,NA,Valencia,1,1,€ 101,2019/11/05,2019/11/06,0,"9,2",14
Apartamentos Artesa 22 Valencia,5546723,NA,Valencia,1,1,€ 102,2019/11/05,2019/11/06,0,9,14
Ayuntamiento Panoramic,3089239,NA,Valencia,1,1,NA,2019/11/05,2019/11/06,0,"9,5",14
MD Design Hotel - Portal del Real,2391685,NA,Valencia,1,1,€ 103,2019/11/05,2019/11/06,2,"9,1",14
Apartamentos La más Bonita,2816245,NA,Valencia,1,1,€ 104,2019/11/05,2019/11/06,0,9,14
WeRentVLC Charming Ruzafa,2839319,NA,Valencia,1,1,€ 104,2019/11/05,2019/11/06,0,"9,2",14
Palacio de Rojas,1073276,NA,Valencia,1,1,€ 105,2019/11/05,2019/11/06,0,"9,3",14
Hotel Valencia Alameda,4019381,NA,Valencia,1,1,€ 105,2019/11/05,2019/11/06,4,"9,2",14
Valenciaflats Centro Ciudad,18544,NA,Valencia,1,1,€ 106,2019/11/05,2019/11/06,0,"9,2",14
Colón Market Downtown,4607745,NA,Valencia,1,1,NA,2019/11/05,2019/11/06,0,"9,6",14
5 SENSES,3786890,NA,Valencia,1,1,€ 107,2019/11/05,2019/11/06,0,"9,2",14
Apartamento Ruzafa Centro II,3718518,NA,Valencia,1,1,€ 109,2019/11/05,2019/11/06,0,"9,1",14
"Piso ""Como en tu casa""",2689136,NA,Valencia,1,1,€ 110,2019/11/05,2019/11/06,0,"9,2",14
Welcome Apartamentos Pintor Stolz 31 Valencia,5019066,NA,Valencia,1,1,€ 114,2019/11/05,2019/11/06,0,"9,3",14
Apartamento Ruzafa Centro I,2006333,NA,Valencia,1,1,€ 115,2019/11/05,2019/11/06,0,"9,2",14
Habitaciones Barra89,1076252,NA,Valencia,1,1,€ 31,2019/11/05,2019/11/06,0,"7,8",14
Hostal Moratin,326015,NA,Valencia,1,1,€ 31,2019/11/05,2019/11/06,1,"7,9",14
MUVIM CENTRUM,4756065,NA,Valencia,1,1,NA,2019/11/05,2019/11/06,0,"9,1",14
Apart and Benef,2291245,NA,Valencia,1,1,€ 34,2019/11/05,2019/11/06,0,"7,9",14
Habitación Céntrica en Casa de Familia,4289877,NA,Valencia,1,1,€ 35,2019/11/05,2019/11/06,0,"7,8",14
Aventura,5567318,NA,Valencia,1,1,€ 40,2019/11/05,2019/11/06,0,"7,9",14
Habitación San Cayetano,4624401,NA,Valencia,1,1,€ 40,2019/11/05,2019/11/06,0,"7,5",14
Valencia Lounge Hostel,337203,NA,Valencia,1,1,€ 42,2019/11/05,2019/11/06,0,"7,7",14
Voyagers Inn Homestay,2682156,NA,Valencia,1,1,€ 43,2019/11/05,2019/11/06,0,"7,8",14
WeRentVLC Sunny Terrace Ruzafa,2906716,NA,Valencia,1,1,NA,2019/11/05,2019/11/06,0,"9,4",14
MD Benlliure Beach.,1957258,NA,Valencia,1,1,€ 271,2019/11/05,2019/11/06,0,"7,8",14
MD Pelayo with terrace,1979067,NA,Valencia,1,1,€ 271,2019/11/05,2019/11/06,0,"7,7",14
Travel Habitat Jardines del Real,3384166,NA,Valencia,1,1,NA,2019/11/05,2019/11/06,0,9,14
MD Abastos Center,2551194,NA,Valencia,1,1,€ 289,2019/11/05,2019/11/06,0,"7,6",14
Valencia City Host,1177077,NA,Valencia,1,1,€ 45,2019/11/05,2019/11/06,0,"7,7",14
Hospederia del Pilar,327766,NA,Valencia,1,1,€ 45,2019/11/05,2019/11/06,0,"7,9",14
Hotel Beleret,94652,NA,Valencia,1,1,€ 45,2019/11/05,2019/11/06,3,"7,6",14
Lindala,5250762,NA,Valencia,1,1,€ 59,2019/11/05,2019/11/06,0,"9,6",14
Peset Silence,3698967,NA,Valencia,1,1,€ 300,2019/11/05,2019/11/06,0,"7,5",14
Select Home Paz Apartment,1687820,NA,Valencia,1,1,€ 300,2019/11/05,2019/11/06,0,"7,8",14
Vincci Palace,94163,NA,Valencia,1,1,€ 165,2019/11/05,2019/11/06,4,"8,6",14
AC Hotel Colon Valencia,1117150,NA,Valencia,1,1,€ 174,2019/11/05,2019/11/06,4,"8,7",14
Mr Flats Valencia,2232363,NA,Valencia,1,1,NA,2019/11/05,2019/11/06,0,9,14
MD Oliag I Apartment Ruzafa,2867488,NA,Valencia,1,1,€ 317,2019/11/05,2019/11/06,0,"7,6",14
Habitación Despuig,4901343,NA,Valencia,1,1,€ 28,2019/11/05,2019/11/06,0,"7,3",14
Habitaciones con Encanto,5629632,NA,Valencia,1,1,€ 40,2019/11/05,2019/11/06,0,"7,4",14
Patacona Green Flats,292996,NA,Valencia,1,1,€ 46,2019/11/05,2019/11/06,0,"7,6",14
United Colors of Studios - Mercado Central,2574108,NA,Valencia,1,1,€ 49,2019/11/05,2019/11/06,0,"7,8",14
Rooms Valencia Center,5507857,NA,Valencia,1,1,€ 49,2019/11/05,2019/11/06,0,"7,7",14
Travel Habitat Literato azorin,3699013,NA,Valencia,1,1,NA,2019/11/05,2019/11/06,0,9,14
Apartamentos Navío,5647176,NA,Valencia,1,1,€ 60,2019/11/05,2019/11/06,0,"9,9",14
Valencia Apartamentos Goya,4256653,NA,Valencia,1,1,NA,2019/11/05,2019/11/06,0,10,14
Piso en Playa de Valencia,5533098,NA,Valencia,1,1,€ 70,2019/11/05,2019/11/06,0,"9,5",14
Hostal Antigua Morellana,1273937,NA,Valencia,1,1,€ 80,2019/11/05,2019/11/06,1,"9,5",14
Vincci Lys,91183,NA,Valencia,1,1,€ 176,2019/11/05,2019/11/06,4,"8,9",14
Puerta de Serranos,2734333,NA,Valencia,1,1,€ 185,2019/11/05,2019/11/06,0,"8,9",14
Carlos & Ana,2079019,NA,Valencia,1,1,€ 195,2019/11/05,2019/11/06,0,"8,9",14
Bubuflats Bubu 3,1014334,NA,Valencia,1,1,€ 85,2019/11/05,2019/11/06,0,"9,5",14
L'Esplai Valencia Bed & Breakfast,1282556,NA,Valencia,1,1,€ 91,2019/11/05,2019/11/06,0,"9,5",14
Hotel Cosmo,4838858,NA,Valencia,1,1,€ 95,2019/11/05,2019/11/06,3,"9,9",14
Ilunion Valencia 3,92818,NA,Valencia,1,1,€ 49,2019/11/05,2019/11/06,3,"7,9",14
Hostal Bisbal,235665,NA,Valencia,1,1,€ 50,2019/11/05,2019/11/06,1,"7,5",14
Habitacion por dias Centro Valencia,3977106,NA,Valencia,1,1,€ 50,2019/11/05,2019/11/06,0,"7,8",14
Habitaciones Rusafa,5604325,NA,Valencia,1,1,€ 50,2019/11/05,2019/11/06,0,"7,9",14
El Cactus,3201028,NA,Valencia,1,1,NA,2019/11/05,2019/11/06,0,9,14
Hostal Residencial RR,450746,NA,Valencia,1,1,€ 40,2019/11/05,2019/11/06,0,7,14
HOSPEDAJE PESET,4718074,NA,Valencia,1,1,€ 40,2019/11/05,2019/11/06,0,"7,4",14
La Flamenca,818359,NA,Valencia,1,1,€ 40,2019/11/05,2019/11/06,0,"7,2",14
Apartamentos Abastos,1044426,NA,Valencia,1,1,€ 50,2019/11/05,2019/11/06,0,"7,5",14
Attic Rooms in Botánico,5522932,NA,Valencia,1,1,€ 50,2019/11/05,2019/11/06,0,"7,6",14
Cabanyal Pleasant House,3608623,NA,Valencia,1,1,NA,2019/11/05,2019/11/06,0,"9,1",14
Canela`s Vintage Ruzafa Centro,4652584,NA,Valencia,1,1,€ 200,2019/11/05,2019/11/06,0,"8,5",14
The Westin Valencia,93321,NA,Valencia,1,1,€ 203,2019/11/05,2019/11/06,5,"8,7",14
Exclusive Beach Apartment,4641691,NA,Valencia,1,1,€ 205,2019/11/05,2019/11/06,0,"8,9",14
Habitación con cama doble,4794909,NA,Valencia,1,1,€ 41,2019/11/05,2019/11/06,0,"7,1",14
NWT Central Station Valencia,1647017,NA,Valencia,1,1,€ 44,2019/11/05,2019/11/06,0,"7,1",14
Hostal Waksman,281139,NA,Valencia,1,1,€ 45,2019/11/05,2019/11/06,1,"7,3",14
Friendly Rentals Boyvin,1923141,NA,Valencia,1,1,NA,2019/11/05,2019/11/06,0,"9,2",14
Apartamento Serranos CM,2491242,NA,Valencia,1,1,NA,2019/11/05,2019/11/06,0,"9,3",14
Casa de Vacaciones Pintor Vilar,2093863,NA,Valencia,1,1,€ 222,2019/11/05,2019/11/06,0,"8,9",14
SingularStays Parque Central,3054000,NA,Valencia,1,1,€ 249,2019/11/05,2019/11/06,0,"8,8",14
Select Home Alma Palace,1381946,NA,Valencia,1,1,€ 265,2019/11/05,2019/11/06,0,"8,7",14
Casual de la Música Valencia,273130,NA,Valencia,1,1,€ 54,2019/11/05,2019/11/06,2,"7,5",14
Patacona Resort Apartments,189782,NA,Valencia,1,1,€ 54,2019/11/05,2019/11/06,0,"7,8",14
Cosy Rooms Tapinería,371192,NA,Valencia,1,1,€ 54,2019/11/05,2019/11/06,2,"7,5",14
Como en casa,4802186,NA,Valencia,1,1,€ 54,2019/11/05,2019/11/06,0,"7,9",14
Cathedral Suites Hotel,1736257,NA,Valencia,1,1,€ 288,2019/11/05,2019/11/06,4,"8,9",14
Habitación en valencia centro,5418023,NA,Valencia,1,1,€ 30,2019/11/05,2019/11/06,0,"8,3",14
Red Nest Hostel,92283,NA,Valencia,1,1,€ 36,2019/11/05,2019/11/06,0,"8,2",14
Centro Valencia Calle Cerrajeros,3476261,NA,Valencia,1,1,€ 50,2019/11/05,2019/11/06,0,"7,1",14
B&B El Mercat,2203530,NA,Valencia,1,1,€ 50,2019/11/05,2019/11/06,0,"7,3",14
Habitacion Apartamento soleado Plaza Escultor Frechina,4865043,NA,Valencia,1,1,€ 50,2019/11/05,2019/11/06,0,"7,4",14
Geography and Arts.,3569110,NA,Valencia,1,1,€ 51,2019/11/05,2019/11/06,0,"7,1",14
La Casa Chica del Carmen,2757078,NA,Valencia,1,1,NA,2019/11/05,2019/11/06,0,"9,2",14
Center Valencia Youth Hostel,246931,NA,Valencia,1,1,€ 37,2019/11/05,2019/11/06,0,8,14
B&B Hi Valencia Canovas,305349,NA,Valencia,1,1,€ 38,2019/11/05,2019/11/06,0,"8,3",14
Casa La Buhardilla,2985364,NA,Valencia,1,1,€ 97,2019/11/05,2019/11/06,0,"9,6",14
PLAYA POBLA DE FARNALS,5508533,NA,Valencia,1,1,NA,2019/11/05,2019/11/06,0,10,14
Opera House Valencia B&B,3533887,NA,Valencia,1,1,€ 97,2019/11/05,2019/11/06,0,"9,5",14
Ramirez Flats & Bar,4124528,NA,Valencia,1,1,€ 99,2019/11/05,2019/11/06,0,"9,5",14
Casual Civilizaciones Valencia,449777,NA,Valencia,1,1,€ 56,2019/11/05,2019/11/06,0,"7,9",14
Flats Piera Valencia Center,1490563,NA,Valencia,1,1,€ 105,2019/11/05,2019/11/06,0,"9,7",14
Valencia Just in the Middle,2965508,NA,Valencia,1,1,€ 110,2019/11/05,2019/11/06,0,"9,9",14
Cosy Rooms Bolsería,371606,NA,Valencia,1,1,€ 54,2019/11/05,2019/11/06,2,"7,4",14
Malvarrosa Beach Rooms,314048,NA,Valencia,1,1,€ 55,2019/11/05,2019/11/06,2,7,14
Apartamento San Nicolas 3,1352835,NA,Valencia,1,1,NA,2019/11/05,2019/11/06,0,9,14
Hostal la Barraca,350013,NA,Valencia,1,1,€ 55,2019/11/05,2019/11/06,0,"7,2",14
Select Home Viveros Gardens,1297339,NA,Valencia,1,1,€ 215,2019/11/05,2019/11/06,0,"6,3",14
Purple Nest Hostel,25278,NA,Valencia,1,1,€ 38,2019/11/05,2019/11/06,0,"8,2",14
Habitacion en Valencia,4861732,NA,Valencia,1,1,€ 45,2019/11/05,2019/11/06,0,"8,4",14
Habitacion en Valencia Barata,4861796,NA,Valencia,1,1,€ 45,2019/11/05,2019/11/06,0,"8,2",14
Pension MonaLisa Luxury Suites,3834224,NA,Valencia,1,1,€ 48,2019/11/05,2019/11/06,0,"8,2",14
Disfruta - Enjoy Valencia Centre,3881970,NA,Valencia,1,1,€ 115,2019/11/05,2019/11/06,0,"9,8",14
Disfruta - Enjoy Valencia Ruzafa,3890328,NA,Valencia,1,1,€ 115,2019/11/05,2019/11/06,0,"9,7",14
Cómoda habitación Valencia,4200488,NA,Valencia,1,1,NA,2019/11/05,2019/11/06,0,"9,6",14
Disfruta - Enjoy Valencia Oceanografic,4121345,NA,Valencia,1,1,€ 125,2019/11/05,2019/11/06,0,"9,6",14
Tramontana Apartments,1277215,NA,Valencia,1,1,NA,2019/11/05,2019/11/06,0,9,14
Hostal Abastos,257057,NA,Valencia,1,1,€ 48,2019/11/05,2019/11/06,2,"8,2",14
Dormavalencia Hostel Regne,291755,NA,Valencia,1,1,€ 50,2019/11/05,2019/11/06,1,8,14
Barracart Apartments,2125836,NA,Valencia,1,1,€ 126,2019/11/05,2019/11/06,0,"9,6",14
MARQUÉS HOUSE 4* SUP,2118880,NA,Valencia,1,1,€ 139,2019/11/05,2019/11/06,4,"9,4",14
RUZAFA- CENTRO-A/C- WI-FI- PARKING,2885994,NA,Valencia,1,1,€ 140,2019/11/05,2019/11/06,0,"9,7",14
Cosy Rooms Embajador,369728,NA,Valencia,1,1,€ 56,2019/11/05,2019/11/06,2,"7,4",14
Almiserat,3054886,NA,Valencia,1,1,€ 60,2019/11/05,2019/11/06,0,"7,1",14
Apartment Horticultor Bosch,1148669,NA,Valencia,1,1,€ 60,2019/11/05,2019/11/06,0,"7,3",14
Casa Calle Conquista,4691493,NA,Valencia,1,1,€ 240,2019/11/05,2019/11/06,0,"9,6",14
MD PASEO RUZAFA CENTER,5374850,NA,Valencia,1,1,€ 1.030,2019/11/05,2019/11/06,0,"9,6",14
Hexagonal Design Apartment Valencia,4630643,NA,Valencia,1,1,NA,2019/11/05,2019/11/06,0,"9,6",14
RoomTuristValencia - Ruzafa,4608394,NA,Valencia,1,1,€ 25,2019/11/05,2019/11/06,0,"5,5",14
Apartments Trinitarios,364825,NA,Valencia,1,1,NA,2019/11/05,2019/11/06,0,"8,9",14
Ruzafa Guesthouse,2269176,NA,Valencia,1,1,€ 30,2019/11/05,2019/11/06,0,"5,5",14
Guest House Higinio Noja,2845935,NA,Valencia,1,1,€ 60,2019/11/05,2019/11/06,0,"5,9",14
Apartamento Playa Wifi Gratis,3495634,NA,Valencia,1,1,€ 340,2019/11/05,2019/11/06,0,"9,3",14
The River Hostel,494202,NA,Valencia,1,1,€ 19,2019/11/05,2019/11/06,0,"8,5",14
Cantagua Hostel,4074640,NA,Valencia,1,1,€ 40,2019/11/05,2019/11/06,0,"9,1",14
YOU & CO. Saler Beach Boutique,4533007,NA,Valencia,1,1,€ 44,2019/11/05,2019/11/06,3,9,14
Florista's Room en Valencia,5502152,NA,Valencia,1,1,€ 50,2019/11/05,2019/11/06,0,"9,2",14
Rooms Ciencias,94126,NA,Valencia,1,1,€ 59,2019/11/05,2019/11/06,0,9,14
Apartamentos Valencia,1007682,NA,Valencia,1,1,€ 50,2019/11/05,2019/11/06,0,"8,1",14
Urban Youth Hostel,1163025,NA,Valencia,1,1,€ 52,2019/11/05,2019/11/06,0,"8,4",14
Aparthotel Valencia Rental,17344,NA,Valencia,1,1,€ 52,2019/11/05,2019/11/06,0,8,14
Apartamento Joseph - luminoso y muy céntrico,4267950,NA,Valencia,1,1,€ 60,2019/11/05,2019/11/06,0,"9,1",14
La Morella del Carmen,5188541,NA,Valencia,1,1,NA,2019/11/05,2019/11/06,0,"9,5",14
Art&Flats Bed&Breakfast,5238345,NA,Valencia,1,1,€ 40,2019/11/05,2019/11/06,0,"8,8",14
Pensión Alicante,298710,NA,Valencia,1,1,€ 42,2019/11/05,2019/11/06,0,"8,5",14
NWT Monserrat,3728842,NA,Valencia,1,1,€ 64,2019/11/05,2019/11/06,0,7,14
Quart Youth Hostel,476418,NA,Valencia,1,1,€ 42,2019/11/05,2019/11/06,0,"8,6",14
Hotel Olympia Universidades,1301731,NA,Valencia,1,1,€ 48,2019/11/05,2019/11/06,3,"8,5",14
Valencia Suits You Citytel,1106307,NA,Valencia,1,1,€ 48,2019/11/05,2019/11/06,2,"8,6",14
B&B Almirante,369695,NA,Valencia,1,1,€ 50,2019/11/05,2019/11/06,1,"8,8",14
Espai One Santa Mónica,5471724,NA,Valencia,1,1,NA,2019/11/05,2019/11/06,0,"9,8",14
Estrella de russafa,5352439,NA,Valencia,1,1,€ 50,2019/11/05,2019/11/06,0,"8,7",14
Russafa Youth Hostel,345134,NA,Valencia,1,1,€ 51,2019/11/05,2019/11/06,0,"8,6",14
Ático cerca del mar,4040503,NA,Valencia,1,1,€ 75,2019/11/05,2019/11/06,0,"8,3",14
Kirei Apartment Berlin,4504570,NA,Valencia,1,1,€ 103,2019/11/05,2019/11/06,0,"5,6",14
Kirei Apartment Denver,4585191,NA,Valencia,1,1,€ 115,2019/11/05,2019/11/06,0,"5,6",14
Valencia B&B,2658386,NA,Valencia,1,1,€ 129,2019/11/05,2019/11/06,0,"5,5",14
Kirei Apartment Portland,4276529,NA,Valencia,1,1,€ 131,2019/11/05,2019/11/06,0,"5,9",14
SHF Flats Baron,1033085,NA,Valencia,1,1,€ 80,2019/11/05,2019/11/06,0,8,14
MD Julio Antonio Apartment Center,3961049,NA,Valencia,1,1,NA,2019/11/05,2019/11/06,0,"9,2",14
Preciosos Apartamentos en el Carmen,2918345,NA,Valencia,1,1,€ 82,2019/11/05,2019/11/06,0,"8,1",14
Turia Town,4064373,NA,Valencia,1,1,NA,2019/11/05,2019/11/06,0,"8,8",14
Guest House Torres de Quart,2275006,NA,Valencia,1,1,€ 30,2019/11/05,2019/11/06,0,"5,3",14
Guest House Ruzafa,2324552,NA,Valencia,1,1,€ 35,2019/11/05,2019/11/06,0,"5,1",14
Hotel Gabbeach,403586,NA,Valencia,1,1,€ 89,2019/11/05,2019/11/06,3,"8,5",14
Ad Hoc Monumental,90719,NA,Valencia,1,1,€ 90,2019/11/05,2019/11/06,3,"8,6",14
RoomTuristValencia Estacion del Norte,4682632,NA,Valencia,1,1,€ 50,2019/11/05,2019/11/06,0,5,14
sueñavalencia,5603844,NA,Valencia,1,1,€ 75,2019/11/05,2019/11/06,0,"5,4",14
Oliver,4865093,NA,Valencia,1,1,€ 83,2019/11/05,2019/11/06,0,"5,4",14
RoomTuristValencia Torres de Quart,4565643,NA,Valencia,1,1,€ 28,2019/11/05,2019/11/06,0,"4,6",14
Style Apartments Puerto,1558265,NA,Valencia,1,1,€ 83,2019/11/05,2019/11/06,0,"8,1",14
Ilunion Valencia 4,754329,NA,Valencia,1,1,€ 83,2019/11/05,2019/11/06,4,"8,1",14
MD Modern Hotel - Jardines,305447,NA,Valencia,1,1,€ 84,2019/11/05,2019/11/06,1,"8,3",14
Hotel Valencia Center,91285,NA,Valencia,1,1,€ 84,2019/11/05,2019/11/06,4,"8,4",14
Balcón Al Mar,295109,NA,Valencia,1,1,€ 51,2019/11/05,2019/11/06,0,"8,5",14
Eurostars Acteón,90495,NA,Valencia,1,1,€ 53,2019/11/05,2019/11/06,4,"8,5",14
Pio XII Apartments Valencia,402080,NA,Valencia,1,1,€ 54,2019/11/05,2019/11/06,0,"8,5",14
Austria 4,1605997,NA,Valencia,1,1,NA,2019/11/05,2019/11/06,0,9,14
Hotel El Siglo,1741479,NA,Valencia,1,1,€ 90,2019/11/05,2019/11/06,3,"8,5",14
Casual del Cine Valencia,572187,NA,Valencia,1,1,€ 92,2019/11/05,2019/11/06,2,"8,6",14
Plaza Sainetero Arniches,3984774,NA,Valencia,1,1,€ 92,2019/11/05,2019/11/06,0,"8,5",14
Buho House,3777691,NA,Valencia,1,1,NA,2019/11/05,2019/11/06,0,"8,5",14
Guest House Duc de Gaeta,2275007,NA,Valencia,1,1,€ 30,2019/11/05,2019/11/06,0,"4,9",14
RoomTuristValencia RuzafaSumsi,4682802,NA,Valencia,1,1,€ 40,2019/11/05,2019/11/06,0,"4,5",14
Melia Plaza Valencia,13270,NA,Valencia,1,1,€ 94,2019/11/05,2019/11/06,4,"8,9",14
Citizentral Gascons,332095,NA,Valencia,1,1,€ 94,2019/11/05,2019/11/06,0,"8,8",14
Home Youth Hostel by Feetup Hostels,189322,NA,Valencia,1,1,€ 94,2019/11/05,2019/11/06,0,"8,8",14
Homestay Carrer Sagun,5006434,NA,Valencia,1,1,€ 55,2019/11/05,2019/11/06,0,"8,7",14
Luxury Beach Apartment with Pool,3841868,NA,Valencia,1,1,NA,2019/11/05,2019/11/06,0,"9,7",14
Hotel Malcom and Barret,483261,NA,Valencia,1,1,€ 56,2019/11/05,2019/11/06,3,"8,7",14
Luz de Valencia,2076095,NA,Valencia,1,1,€ 59,2019/11/05,2019/11/06,0,"8,8",14
Hostal Penalty,189209,NA,Valencia,1,1,€ 85,2019/11/05,2019/11/06,1,8,14
Calle Mora De Rubielos,2854363,NA,Valencia,1,1,NA,2019/11/05,2019/11/06,0,"9,3",14
NH Valencia Las Artes,90731,NA,Valencia,1,1,€ 86,2019/11/05,2019/11/06,4,"8,4",14
Guesthouse Plaza de Toros,2985902,NA,Valencia,1,1,€ 43,2019/11/05,2019/11/06,0,"4,8",14
Double Room in VALENCIA,5665653,NA,Valencia,1,1,€ 30,2019/11/05,2019/11/06,0,,14
Masatepe Room Valencia,5687127,NA,Valencia,1,1,€ 30,2019/11/05,2019/11/06,0,,14
Rest room Evi,5710566,NA,Valencia,1,1,€ 32,2019/11/05,2019/11/06,0,,14
Apartments Madrina,3278589,NA,Valencia,1,1,NA,2019/11/05,2019/11/06,0,"8,9",14
Apartamentos Plaza Picasso,97063,NA,Valencia,1,1,€ 59,2019/11/05,2019/11/06,0,"8,5",14
Reina Rooms,4211140,NA,Valencia,1,1,€ 60,2019/11/05,2019/11/06,0,"8,9",14
Sabía que venias!,3543756,NA,Valencia,1,1,€ 60,2019/11/05,2019/11/06,0,"8,6",14
Cozy apartment in Valencia! WI-FI !,4447072,NA,Valencia,1,1,NA,2019/11/05,2019/11/06,0,"9,4",14
Casual Vintage Valencia,1710241,NA,Valencia,1,1,€ 95,2019/11/05,2019/11/06,2,"8,6",14
Barceló Valencia,91988,NA,Valencia,1,1,€ 95,2019/11/05,2019/11/06,4,"8,7",14
Hi Valencia Cánovas,4312120,NA,Valencia,1,1,€ 63,2019/11/05,2019/11/06,0,"8,8",14
MAR Y SOL,4652261,NA,Valencia,1,1,NA,2019/11/05,2019/11/06,0,"9,5",14
Moon Valencia,3560698,NA,Valencia,1,1,€ 64,2019/11/05,2019/11/06,0,"8,8",14
Hotel Kramer,91106,NA,Valencia,1,1,€ 65,2019/11/05,2019/11/06,3,"8,8",14
Helle & ruhige Zimmer nähe Strand,5698199,NA,Valencia,1,1,€ 34,2019/11/05,2019/11/06,0,,14
Comfort Room(AVEValencia),5696103,NA,Valencia,1,1,€ 45,2019/11/05,2019/11/06,0,,14
Comoda habitacion,5695905,NA,Valencia,1,1,€ 48,2019/11/05,2019/11/06,0,,14
vosotros sereis parte de mi familia.,5299568,NA,Valencia,1,1,€ 55,2019/11/05,2019/11/06,0,,14
Les flors,3985046,NA,Valencia,1,1,€ 95,2019/11/05,2019/11/06,0,"8,7",14
One Shot Colón 46,1394168,NA,Valencia,1,1,€ 95,2019/11/05,2019/11/06,3,"8,7",14
Hotel Valencia Oceanic Managed by Melia Hotels International,91522,NA,Valencia,1,1,€ 96,2019/11/05,2019/11/06,4,"8,6",14
Melia Valencia,290493,NA,Valencia,1,1,€ 98,2019/11/05,2019/11/06,4,"8,8",14
Rooms El Picolino,5326859,NA,Valencia,1,1,€ 55,2019/11/05,2019/11/06,0,,14
Valencia City Center New Apartments,1042326,NA,Valencia,1,1,NA,2019/11/05,2019/11/06,0,9,14
Petit Palace Ruzafa,90792,NA,Valencia,1,1,€ 98,2019/11/05,2019/11/06,3,"8,7",14
SKY TOURISTIC ATTIC,281640,NA,Valencia,1,1,€ 99,2019/11/05,2019/11/06,0,"8,5",14
Catalonia Excelsior,90578,NA,Valencia,1,1,€ 100,2019/11/05,2019/11/06,3,"8,7",14
Apartment close to park Marchalenes,4418670,NA,Valencia,1,1,€ 100,2019/11/05,2019/11/06,0,"8,9",14
Boutique Creative Rooms,2334726,NA,Valencia,1,1,€ 102,2019/11/05,2019/11/06,0,"8,7",14
ABCyou Bed&Breakfast,189207,NA,Valencia,1,1,€ 66,2019/11/05,2019/11/06,0,"8,5",14
Hotel San Lorenzo Boutique,1307718,NA,Valencia,1,1,€ 68,2019/11/05,2019/11/06,3,"8,6",14
Blanq Carmen Hotel,97069,NA,Valencia,1,1,€ 70,2019/11/05,2019/11/06,3,"8,7",14
Primus Valencia,331871,NA,Valencia,1,1,€ 87,2019/11/05,2019/11/06,4,"8,3",14
APARTAMENTO LAS MELLIZAS,4651578,NA,Valencia,1,1,€ 44,2019/11/05,2019/11/06,0,"8,3",14
El Coso,14580,NA,Valencia,1,1,€ 90,2019/11/05,2019/11/06,3,"8,2",14
ValentiaApartments - MercadoCentral,4185241,NA,Valencia,1,1,€ 104,2019/11/05,2019/11/06,0,"8,8",14
APARTAMENTO CENTRICO. WI-FI. PARKING,2967593,NA,Valencia,1,1,NA,2019/11/05,2019/11/06,0,"9,1",14
Lotelito,570027,NA,Valencia,1,1,€ 106,2019/11/05,2019/11/06,0,"8,9",14
Atico Ciutat Vella,3446230,NA,Valencia,1,1,€ 90,2019/11/05,2019/11/06,0,"8,3",14
Apartamento Privado Próximo a Playa y Ciencias,3783163,NA,Valencia,1,1,€ 90,2019/11/05,2019/11/06,0,"8,3",14
Pasarela Apartment,1971082,NA,Valencia,1,1,NA,2019/11/05,2019/11/06,0,"9,3",14
Petit Palace Plaza de la Reina,90443,NA,Valencia,1,1,€ 107,2019/11/05,2019/11/06,3,"8,7",14
Hotel Mediterraneo Valencia,92412,NA,Valencia,1,1,€ 109,2019/11/05,2019/11/06,3,"8,8",14
Friendly Rentals Schubert,1634221,NA,Valencia,1,1,€ 110,2019/11/05,2019/11/06,0,"8,9",14
Friendly Rentals Ravel I,1634234,NA,Valencia,1,1,€ 110,2019/11/05,2019/11/06,0,"8,8",14
NWT Central Station Apartments,3964093,NA,Valencia,1,1,€ 94,2019/11/05,2019/11/06,0,"8,2",14
NH Valencia Center,90727,NA,Valencia,1,1,€ 94,2019/11/05,2019/11/06,4,"8,3",14
Silken Puerta Valencia,91182,NA,Valencia,1,1,€ 95,2019/11/05,2019/11/06,4,"8,3",14
Apartment Valencia,348555,NA,Valencia,1,1,€ 99,2019/11/05,2019/11/06,0,8,14
Valenciaflats Torres de Serrano,17468,NA,Valencia,1,1,€ 101,2019/11/05,2019/11/06,0,"8,3",14
Apartamento Ciudad de las Artes y las Ciencias,4353552,NA,Valencia,1,1,€ 108,2019/11/05,2019/11/06,0,"8,3",14
Hogar Vera Apartments&Bikes,1807919,NA,Valencia,1,1,NA,2019/11/05,2019/11/06,0,"9,4",14
Apartamento frente al mar,3060802,NA,Valencia,1,1,€ 109,2019/11/05,2019/11/06,0,"8,3",14
Friendly Rentals Pergolesi,1634240,NA,Valencia,1,1,€ 110,2019/11/05,2019/11/06,0,"8,4",14
Friendly Rentals ABC,3656596,NA,Valencia,1,1,€ 110,2019/11/05,2019/11/06,0,"8,2",14
Friendly Rentals Puerto Deportivo,2317861,NA,Valencia,1,1,€ 110,2019/11/05,2019/11/06,0,"8,2",14
Old Town Flats Casa Burguerini,4552106,NA,Valencia,1,1,€ 111,2019/11/05,2019/11/06,0,"8,2",14
