name,propertyId,propertyType,city,rooms,days,price,checkIn,checkOut,stars,score,advance
feliz como en casa,3676196,NA,Valencia,1,1,€ 36,2019/10/15,2019/10/16,0,"7,3",7
Hostal Residencial RR,450746,NA,Valencia,1,1,€ 40,2019/10/15,2019/10/16,0,7,7
MOM La Punta,3105661,NA,Valencia,1,1,NA,2019/10/15,2019/10/16,0,"9,4",7
HOSPEDAJE PESET,4718074,NA,Valencia,1,1,€ 40,2019/10/15,2019/10/16,0,"7,3",7
Habitación con cama doble,4794909,NA,Valencia,1,1,€ 41,2019/10/15,2019/10/16,0,"7,2",7
Attic Rooms in Botánico,5522932,NA,Valencia,1,1,€ 48,2019/10/15,2019/10/16,0,"7,2",7
HOSTAL BED OF THE SEA,3974636,NA,Valencia,1,1,€ 50,2019/10/15,2019/10/16,0,"7,1",7
Centro Valencia Calle Cerrajeros,3476261,NA,Valencia,1,1,€ 50,2019/10/15,2019/10/16,0,"7,1",7
PISO ACOGEDOR,4995780,NA,Valencia,1,1,€ 50,2019/10/15,2019/10/16,0,"7,1",7
Casa Cosy,375456,Apartamentos,Valencia,1,1,NA,2019/10/15,2019/10/16,0,"9,4",7
NWT Central Station Valencia,1647017,NA,Valencia,1,1,€ 54,2019/10/15,2019/10/16,0,"7,1",7
Hostal la Barraca,350013,NA,Valencia,1,1,€ 55,2019/10/15,2019/10/16,0,"7,2",7
B&B El Mercat,2203530,NA,Valencia,1,1,€ 55,2019/10/15,2019/10/16,0,"7,3",7
La Flamenca,818359,NA,Valencia,1,1,€ 55,2019/10/15,2019/10/16,0,"7,2",7
Avenida del Cid (Centrico),4737683,Apartamento,Valencia,1,1,€ 56,2019/10/15,2019/10/16,0,"7,2",7
Apartment de las Ciencias,2287125,Apartamento,Valencia,1,1,€ 59,2019/10/15,2019/10/16,0,"7,1",7
Piso céntrico Plaza Toros,2961063,Apartamento,Valencia,1,1,NA,2019/10/15,2019/10/16,0,"9,3",7
Cosy Rooms Bolsería,371606,NA,Valencia,1,1,€ 61,2019/10/15,2019/10/16,2,"7,4",7
Accommodation Beach Apartments,1001766,Apartamentos,Valencia,1,1,€ 70,2019/10/15,2019/10/16,0,"7,1",7
Almiserat,3054886,Apartamento,Valencia,1,1,€ 70,2019/10/15,2019/10/16,0,"7,1",7
Mi casa es vuestra casa,4967097,NA,Valencia,1,1,€ 70,2019/10/15,2019/10/16,0,"7,1",7
NWT Monserrat,3728842,Apartamentos,Valencia,1,1,€ 72,2019/10/15,2019/10/16,0,7,7
Cosy Rooms Embajador,369728,NA,Valencia,1,1,€ 73,2019/10/15,2019/10/16,2,"7,4",7
COZY APARTMENT VALENCIA BEACHFRONT!,3128516,Apartamento,Valencia,1,1,NA,2019/10/15,2019/10/16,0,"9,4",7
Premium Apartments,486507,Apartamentos,Valencia,1,1,€ 74,2019/10/15,2019/10/16,0,7,7
Malvarrosa Beach Rooms,314048,NA,Valencia,1,1,€ 74,2019/10/15,2019/10/16,2,7,7
SHF Sevilla Loft,850157,Apartamentos,Valencia,1,1,€ 80,2019/10/15,2019/10/16,0,"7,3",7
Guest House Ruzafa,2324552,NA,Valencia,1,1,€ 35,2019/10/15,2019/10/16,0,"5,1",7
Guest House Duc de Gaeta,2275007,NA,Valencia,1,1,€ 24,2019/10/15,2019/10/16,0,"4,9",7
CheValenciaFlats,2064099,Apartamentos,Valencia,1,1,NA,2019/10/15,2019/10/16,0,9,7
Habitaciones Barra89,1076252,NA,Valencia,1,1,€ 32,2019/10/15,2019/10/16,0,"7,8",7
Apart and Benef,2291245,NA,Valencia,1,1,€ 34,2019/10/15,2019/10/16,0,"7,8",7
Valencia Apartmans El Carmen,847910,Apartamentos,Valencia,1,1,€ 83,2019/10/15,2019/10/16,0,"7,4",7
Avenida Cid,3633322,Apartamento,Valencia,1,1,€ 87,2019/10/15,2019/10/16,0,"7,3",7
Guesthouse Plaza de Toros,2985902,NA,Valencia,1,1,€ 33,2019/10/15,2019/10/16,0,"4,8",7
RoomTuristValencia Torres de Quart,4565643,NA,Valencia,1,1,€ 33,2019/10/15,2019/10/16,0,"4,5",7
RoomTuristValencia RuzafaSumsi,4682802,NA,Valencia,1,1,€ 35,2019/10/15,2019/10/16,0,"4,5",7
Constitucion Guesthouse,2985942,NA,Valencia,1,1,€ 32,2019/10/15,2019/10/16,0,"3,7",7
Double Room in VALENCIA,5665653,NA,Valencia,1,1,€ 25,2019/10/15,2019/10/16,0,,7
Habitación muy cerca de la playa.,5395908,NA,Valencia,1,1,€ 40,2019/10/15,2019/10/16,0,,7
Duplex en Blasco Ibáñez,3672426,Apartamento,Valencia,1,1,NA,2019/10/15,2019/10/16,0,"9,1",7
Big sunny room.,5333222,NA,Valencia,1,1,€ 44,2019/10/15,2019/10/16,0,,7
Lindala,5250762,NA,Valencia,1,1,€ 49,2019/10/15,2019/10/16,0,,7
Rooms El Picolino,5326859,NA,Valencia,1,1,€ 52,2019/10/15,2019/10/16,0,,7
Apartamentos Navío,5647176,Apartamento,Valencia,1,1,€ 60,2019/10/15,2019/10/16,0,,7
Hogar Dulce Hogar,5426607,NA,Valencia,1,1,€ 60,2019/10/15,2019/10/16,0,,7
Comfort Homestay,5423155,NA,Valencia,1,1,€ 67,2019/10/15,2019/10/16,0,,7
Casa Cabañal,2436758,Casa o chalet,Valencia,1,1,NA,2019/10/15,2019/10/16,0,9,7
Piso en Playa de Valencia,5533098,Apartamento,Valencia,1,1,€ 70,2019/10/15,2019/10/16,0,,7
Loft Turia Gran,5133726,Apartamento,Valencia,1,1,€ 80,2019/10/15,2019/10/16,0,,7
Casa Adosada Quintero,5481770,Casa o chalet,Valencia,1,1,€ 88,2019/10/15,2019/10/16,0,,7
Apartamentos Artesa 22 Valencia,5546723,Apartamento,Valencia,1,1,€ 109,2019/10/15,2019/10/16,0,,7
Valencia City Apartment,5460796,Apartamentos,Valencia,1,1,€ 115,2019/10/15,2019/10/16,0,,7
Valencia Puerto Beach 3BD Apartment,5249773,Apartamento,Valencia,1,1,€ 125,2019/10/15,2019/10/16,0,,7
Apartamento en la Ciudad de las Artes y las Ciencias,3552283,Apartamento,Valencia,1,1,NA,2019/10/15,2019/10/16,0,"9,4",7
The White Apartment: Luxury- Beach and Design,5631365,Apartamento,Valencia,1,1,€ 167,2019/10/15,2019/10/16,0,,7
Cozy apartment in Valencia! WI-FI !,4447072,Apartamento,Valencia,1,1,NA,2019/10/15,2019/10/16,0,"9,4",7
Rio Turia B&B,5531073,NA,Valencia,1,1,€ 38,2019/10/15,2019/10/16,0,"7,6",7
Habitación San Cayetano,4624401,NA,Valencia,1,1,€ 40,2019/10/15,2019/10/16,0,"7,6",7
Habitación cerca del centro,2789581,NA,Valencia,1,1,€ 40,2019/10/15,2019/10/16,0,"7,5",7
Hotel Beleret,94652,NA,Valencia,1,1,€ 44,2019/10/15,2019/10/16,3,"7,6",7
Hospederia del Pilar,327766,NA,Valencia,1,1,€ 45,2019/10/15,2019/10/16,0,"7,9",7
OYO Pensión El Rincón,476031,NA,Valencia,1,1,€ 45,2019/10/15,2019/10/16,1,"7,6",7
Apartamento Valencia Center,410101,Apartamentos,Valencia,1,1,NA,2019/10/15,2019/10/16,0,"9,4",7
Valencia Lounge Hostel,337203,NA,Valencia,1,1,€ 46,2019/10/15,2019/10/16,0,"7,7",7
Valencia City Host,1177077,NA,Valencia,1,1,€ 46,2019/10/15,2019/10/16,0,"7,8",7
Casual Civilizaciones Valencia,449777,NA,Valencia,1,1,€ 47,2019/10/15,2019/10/16,0,"7,9",7
Aventura,5567318,NA,Valencia,1,1,€ 50,2019/10/15,2019/10/16,0,"7,9",7
Apartamentos Abastos,1044426,Apartamentos,Valencia,1,1,€ 50,2019/10/15,2019/10/16,0,"7,5",7
Apartamentos Rusafa,5604325,NA,Valencia,1,1,€ 50,2019/10/15,2019/10/16,0,"7,8",7
Apartamento Rosaleda,3014201,Apartamento,Valencia,1,1,NA,2019/10/15,2019/10/16,0,9,7
Apartment Carrer de Don Juan de Austria,5464038,Apartamentos,Valencia,1,1,€ 275,2019/10/15,2019/10/16,0,,7
Dreams Rental City Hall,337092,Apartamentos,Valencia,1,1,€ 280,2019/10/15,2019/10/16,0,,7
LACASAMALVA1 PLAYA DE VALENCIA,5679960,Casa o chalet,Valencia,1,1,€ 298,2019/10/15,2019/10/16,0,,7
Governor Residence,3799760,Apartahotel,Valencia,1,1,€ 600,2019/10/15,2019/10/16,0,,7
Ciudad Ciencias- Lujo- Parking- Wi-Fi.,4999636,Apartamento,Valencia,1,1,€ 90,2019/10/15,2019/10/16,0,"9,8",7
Oceanografic Apartment,4903549,Apartamento,Valencia,1,1,€ 100,2019/10/15,2019/10/16,0,"9,5",7
Valencia Apartamentos Goya,4256653,Apartamentos,Valencia,1,1,NA,2019/10/15,2019/10/16,0,10,7
Pio XII Apartments Valencia,402080,Apartamentos,Valencia,1,1,€ 72,2019/10/15,2019/10/16,0,"8,5",7
Hi Valencia Cánovas,4312120,Apartamentos,Valencia,1,1,€ 72,2019/10/15,2019/10/16,0,"8,9",7
Luxury Center Plaza Redonda,5138960,Apartamento,Valencia,1,1,NA,2019/10/15,2019/10/16,0,"9,6",7
Opera House Valencia B&B,3533887,NA,Valencia,1,1,€ 108,2019/10/15,2019/10/16,0,"9,5",7
Apartments Downtown Valencia,2250421,Apartamentos,Valencia,1,1,€ 110,2019/10/15,2019/10/16,0,"9,6",7
Bubuflats Bubu 3,1014334,Apartamentos,Valencia,1,1,€ 110,2019/10/15,2019/10/16,0,"9,6",7
Ramirez Flats & Bar,4124528,Apartahotel,Valencia,1,1,€ 115,2019/10/15,2019/10/16,0,"9,5",7
Buho House,3777691,Apartahotel,Valencia,1,1,€ 74,2019/10/15,2019/10/16,0,"8,5",7
València Centre Túria,2185255,Apartamento,Valencia,1,1,€ 75,2019/10/15,2019/10/16,0,"8,8",7
Habitacion por dias Centro Valencia,3977106,NA,Valencia,1,1,€ 54,2019/10/15,2019/10/16,0,"7,8",7
Como en casa,4802186,NA,Valencia,1,1,€ 54,2019/10/15,2019/10/16,0,"7,9",7
Rooms Valencia Center,5507857,NA,Valencia,1,1,€ 54,2019/10/15,2019/10/16,0,"7,7",7
Habitación doble,3599930,NA,Valencia,1,1,€ 76,2019/10/15,2019/10/16,0,"8,9",7
MODERNO Y ACOGEDOR FRENTE A RUZAFA Y CERCA DEL CENTRO,4490444,Apartamento,Valencia,1,1,€ 78,2019/10/15,2019/10/16,0,"8,7",7
B&B Hi Valencia Boutique,1301725,NA,Valencia,1,1,€ 78,2019/10/15,2019/10/16,0,"8,7",7
Balandra Flat,2032624,Apartamento,Valencia,1,1,€ 79,2019/10/15,2019/10/16,0,"8,6",7
Cool Loft Malvarrosa Beach,4309218,Apartamento,Valencia,1,1,NA,2019/10/15,2019/10/16,0,"9,7",7
MD Modern Hotel - Jardines,305447,NA,Valencia,1,1,€ 70,2019/10/15,2019/10/16,1,"8,3",7
Apartment Vicent,1674495,Apartamentos,Valencia,1,1,€ 72,2019/10/15,2019/10/16,0,"8,3",7
Glorieta,4217752,Apartamento,Valencia,1,1,NA,2019/10/15,2019/10/16,0,"9,8",7
Hotel Olympia Universidades,1301731,NA,Valencia,1,1,€ 73,2019/10/15,2019/10/16,3,"8,4",7
Center Venezuela Apartments,4459021,Apartamentos,Valencia,1,1,€ 80,2019/10/15,2019/10/16,0,"8,5",7
Suites by Eric Olsan (Florista),4726450,Apartamentos,Valencia,1,1,€ 82,2019/10/15,2019/10/16,0,"8,6",7
Center Puerto Apartments,4875083,Apartamento,Valencia,1,1,€ 83,2019/10/15,2019/10/16,0,"8,8",7
ABCyou Bed&Breakfast,189207,NA,Valencia,1,1,€ 84,2019/10/15,2019/10/16,0,"8,5",7
Hostal Bisbal,235665,NA,Valencia,1,1,€ 60,2019/10/15,2019/10/16,1,"7,5",7
B&B Hotel Valencia Ciudad de las Ciencias,92242,NA,Valencia,1,1,€ 62,2019/10/15,2019/10/16,3,"7,5",7
United Colors of Studios - Mercado Central,2574108,Apartamentos,Valencia,1,1,€ 64,2019/10/15,2019/10/16,0,"7,8",7
València Centre Torres de Quart,886289,Apartamentos,Valencia,1,1,€ 85,2019/10/15,2019/10/16,0,"8,9",7
Ad Hoc Carmen,1173270,NA,Valencia,1,1,€ 85,2019/10/15,2019/10/16,2,"8,9",7
Luxury Beach House,3602594,Casa o chalet,Valencia,1,1,NA,2019/10/15,2019/10/16,0,"9,7",7
Apartment Plaza Cisneros,1273377,Apartamentos,Valencia,1,1,€ 130,2019/10/15,2019/10/16,0,"9,7",7
Disfruta - Enjoy Valencia Ruzafa,3890328,Apartamento,Valencia,1,1,€ 145,2019/10/15,2019/10/16,0,"9,7",7
MerKat-Abastos,1231196,Apartamento,Valencia,1,1,NA,2019/10/15,2019/10/16,0,"9,7",7
Disfruta - Enjoy Valencia Centre,3881970,Apartamento,Valencia,1,1,€ 145,2019/10/15,2019/10/16,0,"9,8",7
MARQUÉS HOUSE 4* SUP,2118880,NA,Valencia,1,1,€ 249,2019/10/15,2019/10/16,4,"9,5",7
Eurostars Acteón,90495,NA,Valencia,1,1,€ 89,2019/10/15,2019/10/16,4,"8,5",7
Welcomer Apartments Valencia,19363,Apartamentos,Valencia,1,1,€ 90,2019/10/15,2019/10/16,0,"8,7",7
Hotel El Siglo,1741479,NA,Valencia,1,1,€ 90,2019/10/15,2019/10/16,3,"8,5",7
SKY TOURISTIC ATTIC,281640,Apartamentos,Valencia,1,1,€ 90,2019/10/15,2019/10/16,0,"8,5",7
Splendid house in Valencia,3091182,Apartamentos,Valencia,1,1,NA,2019/10/15,2019/10/16,0,"9,3",7
Alex Apartment,1756374,Apartamento,Valencia,1,1,€ 64,2019/10/15,2019/10/16,0,"7,9",7
Patacona Resort Apartments,189782,Apartamentos,Valencia,1,1,€ 65,2019/10/15,2019/10/16,0,"7,8",7
City Center Apartments,4426057,Apartamentos,Valencia,1,1,€ 68,2019/10/15,2019/10/16,0,"7,8",7
Maritimo Apartment,3615826,Apartamento,Valencia,1,1,€ 68,2019/10/15,2019/10/16,0,"7,8",7
Sweet Hotel Continental,93856,NA,Valencia,1,1,€ 74,2019/10/15,2019/10/16,2,"8,3",7
United Colors of Apartments - Catedral,1301545,Apartamentos,Valencia,1,1,€ 74,2019/10/15,2019/10/16,0,"8,2",7
City Suites Apartments,3091106,NA,Valencia,1,1,€ 74,2019/10/15,2019/10/16,0,"8,4",7
Ático cerca del mar,4040503,Apartamento,Valencia,1,1,€ 75,2019/10/15,2019/10/16,0,"8,3",7
Apartamentos Dormavalencia,4450983,Apartamentos,Valencia,1,1,€ 76,2019/10/15,2019/10/16,0,"8,4",7
Luxury penthouse in the center of Valencia,3127952,Apartamento,Valencia,1,1,NA,2019/10/15,2019/10/16,0,"9,9",7
NH Valencia Las Ciencias,90725,NA,Valencia,1,1,€ 78,2019/10/15,2019/10/16,3,8,7
Cantagua Hostel,4074640,NA,Valencia,1,1,€ 40,2019/10/15,2019/10/16,0,"9,1",7
YOU & CO. Saler Beach Boutique,4533007,NA,Valencia,1,1,€ 55,2019/10/15,2019/10/16,3,9,7
Habitación privada a 1500 metros de la playa,3789910,NA,Valencia,1,1,€ 60,2019/10/15,2019/10/16,0,"9,3",7
Hotel Turia,14441,NA,Valencia,1,1,€ 69,2019/10/15,2019/10/16,4,"7,5",7
Ilunion Aqua 3,92776,NA,Valencia,1,1,€ 79,2019/10/15,2019/10/16,3,"8,3",7
Hotel Miramar,23332,NA,Valencia,1,1,€ 79,2019/10/15,2019/10/16,2,"8,4",7
Apartamento Privado Próximo a Playa y Ciencias,3783163,Apartamento,Valencia,1,1,€ 80,2019/10/15,2019/10/16,0,"8,2",7
SHF Flats Baron,1033085,Apartamentos,Valencia,1,1,€ 83,2019/10/15,2019/10/16,0,8,7
Casa de Maria,2467712,Apartamento,Valencia,1,1,€ 90,2019/10/15,2019/10/16,0,"8,6",7
Plaza Sainetero Arniches,3984774,Apartamento,Valencia,1,1,€ 92,2019/10/15,2019/10/16,0,"8,5",7
Travel Habitat Ático Ciutat Vella.,3264750,Apartamento,Valencia,1,1,NA,2019/10/15,2019/10/16,0,"9,5",7
Citizentral Gascons,332095,Apartamentos,Valencia,1,1,€ 94,2019/10/15,2019/10/16,0,"8,8",7
BUBUFLATS / Mercat,783206,Apartamentos,Valencia,1,1,€ 95,2019/10/15,2019/10/16,0,"8,9",7
Blanq Comedias,4922002,NA,Valencia,1,1,€ 68,2019/10/15,2019/10/16,0,9,7
Carmen Apartment,3308265,Apartamento,Valencia,1,1,NA,2019/10/15,2019/10/16,0,"9,6",7
Kasa Katia Eco Guest House,636256,NA,Valencia,1,1,€ 70,2019/10/15,2019/10/16,0,"9,3",7
Hotel Malcom and Barret,483261,NA,Valencia,1,1,€ 95,2019/10/15,2019/10/16,3,"8,7",7
BUBUFLATS Mossén,1141763,Apartamentos,Valencia,1,1,€ 95,2019/10/15,2019/10/16,0,"8,9",7
New Trendy apartment,2426154,Apartamento,Valencia,1,1,€ 95,2019/10/15,2019/10/16,0,"8,7",7
Luxury Beachfront Apartment,4107747,Apartamento,Valencia,1,1,€ 109,2019/10/15,2019/10/16,0,9,7
APARTAMENTO LAS MELLIZAS,4651578,NA,Valencia,1,1,€ 42,2019/10/15,2019/10/16,0,"8,4",7
Duplex+Swimming pool+private entrance=Housen of LOVE,2999152,Apartamento,Valencia,1,1,NA,2019/10/15,2019/10/16,0,"9,6",7
Sol Playa,12656,NA,Valencia,1,1,€ 85,2019/10/15,2019/10/16,2,"8,3",7
Live in Chianti,2227491,NA,Valencia,1,1,€ 75,2019/10/15,2019/10/16,0,"9,1",7
Original Domino House,5434091,NA,Valencia,1,1,€ 75,2019/10/15,2019/10/16,0,9,7
Nest Style Valencia,5219046,NA,Valencia,1,1,€ 80,2019/10/15,2019/10/16,3,"9,4",7
OCEANOGRAFIC APARTMENT. PARKING. WI-FI,3107716,Apartamentos,Valencia,1,1,€ 80,2019/10/15,2019/10/16,0,9,7
HQ Rooms Apartments San Vicente,2894429,Apartamentos,Valencia,1,1,€ 115,2019/10/15,2019/10/16,0,"9,2",7
Ayuntamiento Panoramic,3089239,Apartamento,Valencia,1,1,NA,2019/10/15,2019/10/16,0,"9,5",7
Casual Socarrat Valencia,5142800,NA,Valencia,1,1,€ 117,2019/10/15,2019/10/16,3,"9,2",7
Dama Del Puerto,3230781,Apartamento,Valencia,1,1,€ 80,2019/10/15,2019/10/16,0,9,7
Casa Vich,4457634,Apartamento,Valencia,1,1,NA,2019/10/15,2019/10/16,0,"9,6",7
Host & Home,1663785,NA,Valencia,1,1,€ 81,2019/10/15,2019/10/16,0,9,7
Mon Suites San Nicolas,4117225,Apartamentos,Valencia,1,1,€ 82,2019/10/15,2019/10/16,0,"9,2",7
Rooms Ciencias,94126,NA,Valencia,1,1,€ 82,2019/10/15,2019/10/16,0,9,7
Apartamentos Wallace,1698355,Apartamentos,Valencia,1,1,€ 120,2019/10/15,2019/10/16,0,"9,2",7
Sorolla Centro,90896,NA,Valencia,1,1,€ 121,2019/10/15,2019/10/16,3,"9,1",7
Apartament on Calle Aluders,1329733,Apartamento,Valencia,1,1,€ 125,2019/10/15,2019/10/16,0,"9,2",7
Live in Chianti Apartaments,2882632,Apartamentos,Valencia,1,1,€ 128,2019/10/15,2019/10/16,0,"9,1",7
Valenciaflats Ciudad de las Ciencias,93676,Apartamentos,Valencia,1,1,€ 82,2019/10/15,2019/10/16,0,"9,1",7
Valenciaflats Mercado Central,307677,Apartamentos,Valencia,1,1,€ 85,2019/10/15,2019/10/16,0,9,7
Residencia Universitaria Damia Bonet,247451,NA,Valencia,1,1,€ 85,2019/10/15,2019/10/16,0,"8,3",7
Hostal Penalty,189209,NA,Valencia,1,1,€ 85,2019/10/15,2019/10/16,1,8,7
NH Ciudad de Valencia,90729,NA,Valencia,1,1,€ 88,2019/10/15,2019/10/16,3,"8,1",7
Hogar Vera Apartments&Bikes,1807919,Apartamentos,Valencia,1,1,€ 129,2019/10/15,2019/10/16,0,"9,4",7
La Casa Verde - Ruzafa,2029143,Apartamento,Valencia,1,1,NA,2019/10/15,2019/10/16,0,"9,7",7
Mon Suites Catedral,485679,Apartamentos,Valencia,1,1,€ 130,2019/10/15,2019/10/16,0,"9,2",7
Friendly Rentals Torrealba,1634243,Apartamento,Valencia,1,1,€ 130,2019/10/15,2019/10/16,0,"9,4",7
Friendly Rentals Montaner Beach,2314997,Apartamento,Valencia,1,1,€ 140,2019/10/15,2019/10/16,0,9,7
Eurostars Rey Don Jaime,91520,NA,Valencia,1,1,€ 89,2019/10/15,2019/10/16,4,"8,2",7
Hotel Medium Valencia,96838,NA,Valencia,1,1,€ 90,2019/10/15,2019/10/16,4,"8,2",7
MD PASEO RUZAFA CENTER,5374850,Apartamento,Valencia,1,1,NA,2019/10/15,2019/10/16,0,"9,6",7
Flatsforyou Las Arcadias,473415,Apartamentos,Valencia,1,1,€ 90,2019/10/15,2019/10/16,0,"8,4",7
Casual de las Artes Valencia,538056,NA,Valencia,1,1,€ 90,2019/10/15,2019/10/16,3,"8,4",7
Apartamento Ciudad de las Artes y las Ciencias,4353552,Apartamento,Valencia,1,1,€ 90,2019/10/15,2019/10/16,0,"8,3",7
Reina's Apartment,2130930,Apartamentos,Valencia,1,1,€ 94,2019/10/15,2019/10/16,0,"8,3",7
NWT Central Station Apartments,3964093,Apartamento,Valencia,1,1,€ 94,2019/10/15,2019/10/16,0,"8,3",7
Friendly Rentals Rey,1634248,Apartamento,Valencia,1,1,€ 140,2019/10/15,2019/10/16,0,9,7
Mon Suites San Martin,2777545,Apartamentos,Valencia,1,1,€ 145,2019/10/15,2019/10/16,0,"9,4",7
Zerka Sendra,4657122,Apartamento,Valencia,1,1,€ 148,2019/10/15,2019/10/16,0,9,7
Casa La Buhardilla,2985364,Apartamento,Valencia,1,1,NA,2019/10/15,2019/10/16,0,"9,6",7
ARENAS 2 APARTAMENT,2808815,Apartamento,Valencia,1,1,€ 150,2019/10/15,2019/10/16,0,9,7
B BEACH VALENCIA,5125954,Apartamento,Valencia,1,1,€ 150,2019/10/15,2019/10/16,0,"9,1",7
Edificio Pentagono,4673669,Apartamento,Valencia,1,1,€ 155,2019/10/15,2019/10/16,0,"9,1",7
One Shot Mercat 09,2274203,NA,Valencia,1,1,€ 159,2019/10/15,2019/10/16,4,"9,1",7
Palacio de Rojas,1073276,Apartamentos,Valencia,1,1,€ 167,2019/10/15,2019/10/16,0,"9,3",7
MYR Hotel Plaza Mercado & Spa,1619029,Apartahotel,Valencia,1,1,€ 169,2019/10/15,2019/10/16,0,"9,2",7
Apartment Cisneros 2,2361375,Apartamento,Valencia,1,1,NA,2019/10/15,2019/10/16,0,"9,7",7
NH Collection Colón Valencia,3828811,NA,Valencia,1,1,€ 173,2019/10/15,2019/10/16,4,"9,2",7
Vincci Mercat,1279484,NA,Valencia,1,1,€ 176,2019/10/15,2019/10/16,4,9,7
Old Fisherman's House in Malvarrosa Beach,3618172,Apartamento,Valencia,1,1,€ 187,2019/10/15,2019/10/16,0,"9,4",7
Reino de Valencia Apartments,453225,Apartamentos,Valencia,1,1,€ 135,2019/10/15,2019/10/16,0,"8,9",7
One Shot Colón 46,1394168,NA,Valencia,1,1,€ 139,2019/10/15,2019/10/16,3,"8,7",7
Arena's Apartament,2156905,Apartamento,Valencia,1,1,€ 200,2019/10/15,2019/10/16,0,"9,1",7
Ca Carmela,2466364,Casa o chalet,Valencia,1,1,€ 225,2019/10/15,2019/10/16,0,"9,1",7
Colors Rooms,675839,NA,Valencia,1,1,NA,2019/10/15,2019/10/16,0,"9,6",7
In the heart of Soho- Ruzafa,4578496,Apartamento,Valencia,1,1,€ 142,2019/10/15,2019/10/16,0,"8,8",7
Barceló Valencia,91988,NA,Valencia,1,1,€ 145,2019/10/15,2019/10/16,4,"8,7",7
Ilunion Aqua 4,92777,NA,Valencia,1,1,€ 152,2019/10/15,2019/10/16,4,"8,5",7
Mar & City Apartment,3456759,Apartamento,Valencia,1,1,€ 157,2019/10/15,2019/10/16,0,"8,9",7
One Shot Palacio Reina Victoria 04,90885,NA,Valencia,1,1,€ 159,2019/10/15,2019/10/16,4,"8,6",7
MIhotelitoespecial,3573906,Apartamento,Valencia,1,1,€ 160,2019/10/15,2019/10/16,0,"8,6",7
AMAZING HOUSE- BEST LOCATION!,4728031,Apartamento,Valencia,1,1,NA,2019/10/15,2019/10/16,0,"9,7",7
Select Home Mercado de Colón,2960845,Apartamentos,Valencia,1,1,€ 160,2019/10/15,2019/10/16,0,"8,9",7
Zenit Valencia,92327,NA,Valencia,1,1,€ 162,2019/10/15,2019/10/16,4,"8,8",7
Hotel Neptuno,91206,NA,Valencia,1,1,€ 167,2019/10/15,2019/10/16,4,"8,5",7
Canela`s Vintage Ruzafa Centro,4652584,Apartamento,Valencia,1,1,€ 170,2019/10/15,2019/10/16,0,"8,5",7
Hotel Valencia Oceanic Managed by Melia Hotels International,91522,NA,Valencia,1,1,€ 171,2019/10/15,2019/10/16,4,"8,6",7
AC Hotel Colon Valencia,1117150,NA,Valencia,1,1,€ 172,2019/10/15,2019/10/16,4,"8,7",7
La Morella del Carmen,5188541,Apartamento,Valencia,1,1,NA,2019/10/15,2019/10/16,0,"9,5",7
SH Valencia Palace,91497,NA,Valencia,1,1,€ 175,2019/10/15,2019/10/16,5,"8,5",7
Puerta de Serranos,2734333,Apartamentos,Valencia,1,1,€ 185,2019/10/15,2019/10/16,0,"8,8",7
Carlos & Ana,2079019,Apartamento,Valencia,1,1,€ 185,2019/10/15,2019/10/16,0,"8,9",7
Vincci Lys,91183,NA,Valencia,1,1,€ 187,2019/10/15,2019/10/16,4,"8,9",7
Vincci Palace,94163,NA,Valencia,1,1,€ 187,2019/10/15,2019/10/16,4,"8,7",7
Hospes Palau de La Mar,93823,NA,Valencia,1,1,€ 189,2019/10/15,2019/10/16,5,"8,8",7
L'Esplai Valencia Bed & Breakfast,1282556,NA,Valencia,1,1,NA,2019/10/15,2019/10/16,0,"9,6",7
Melia Plaza Valencia,13270,NA,Valencia,1,1,€ 253,2019/10/15,2019/10/16,4,"8,9",7
SingularStays Parque Central,3054000,Apartamentos,Valencia,1,1,€ 278,2019/10/15,2019/10/16,0,"8,8",7
The Westin Valencia,93321,NA,Valencia,1,1,€ 4.950,2019/10/15,2019/10/16,5,"8,7",7
Center Valencia Youth Hostel,246931,NA,Valencia,1,1,€ 20,2019/10/15,2019/10/16,0,8,7
Apartamento Barato Valencia,3931013,NA,Valencia,1,1,€ 33,2019/10/15,2019/10/16,0,8,7
