name,propertyId,propertyType,city,rooms,days,price,checkIn,checkOut,stars,score,advance
Palacio Vallier 5*,4639648,NA,Valencia,1,1,€ 230,2020/03/07,2020/03/08,5,10,90
LOFT apartamento duplex en Valencia con parking gratis,5519008,NA,Valencia,1,1,€ 90,2020/03/07,2020/03/08,0,"9,8",90
Apartments Downtown Valencia,2250421,NA,Valencia,1,1,NA,2020/03/07,2020/03/08,0,"9,6",90
Ramirez Flats & Bar,4124528,NA,Valencia,1,1,€ 131,2020/03/07,2020/03/08,0,"9,5",90
Ruzafa Viva,4475954,NA,Valencia,1,1,€ 140,2020/03/07,2020/03/08,0,"9,6",90
Valencian Dreams Lonja,4757385,NA,Valencia,1,1,€ 158,2020/03/07,2020/03/08,0,"9,6",90
Olympia Flats,4212801,NA,Valencia,1,1,€ 80,2020/03/07,2020/03/08,0,"9,7",90
Hotel Cosmo,4838858,NA,Valencia,1,1,€ 166,2020/03/07,2020/03/08,3,"9,7",90
Casa Calle Conquista,4691493,NA,Valencia,1,1,€ 430,2020/03/07,2020/03/08,0,"9,5",90
Apartamento Frederick “Centrico y con Clase”,4236394,NA,Valencia,1,1,NA,2020/03/07,2020/03/08,0,"9,6",90
Cantagua Hostel,4074640,NA,Valencia,1,1,€ 44,2020/03/07,2020/03/08,0,"9,1",90
Habitación privada a 1500 metros de la playa,3789910,NA,Valencia,1,1,€ 60,2020/03/07,2020/03/08,0,"9,3",90
Bianca,4232781,NA,Valencia,1,1,€ 69,2020/03/07,2020/03/08,0,9,90
Apartamento bianca,3205847,NA,Valencia,1,1,€ 74,2020/03/07,2020/03/08,0,"9,1",90
Host & Home,1663785,NA,Valencia,1,1,€ 78,2020/03/07,2020/03/08,0,9,90
Live in Chianti,2227491,NA,Valencia,1,1,€ 80,2020/03/07,2020/03/08,0,"9,1",90
Central Park Apartment Valencia,3881533,NA,Valencia,1,1,NA,2020/03/07,2020/03/08,0,"9,5",90
Apartamento Juliette,2914491,NA,Valencia,1,1,€ 80,2020/03/07,2020/03/08,0,"9,1",90
Precioso piso junto al antiguo barrio de Campanar,3297078,NA,Valencia,1,1,€ 90,2020/03/07,2020/03/08,0,"9,2",90
Nest Style Valencia,5219046,NA,Valencia,1,1,€ 92,2020/03/07,2020/03/08,3,"9,3",90
Una Ubicacion Perfecta,3114164,NA,Valencia,1,1,€ 95,2020/03/07,2020/03/08,0,"9,2",90
RUZAFA. Nice apartment and Terrace.,4368595,NA,Valencia,1,1,€ 95,2020/03/07,2020/03/08,0,"9,3",90
Dama Del Puerto,3230781,NA,Valencia,1,1,€ 100,2020/03/07,2020/03/08,0,"9,1",90
Valencia what else...,2550483,NA,Valencia,1,1,NA,2020/03/07,2020/03/08,0,"9,5",90
Valencian Apartment,2298621,NA,Valencia,1,1,€ 100,2020/03/07,2020/03/08,0,9,90
Calle de Frederica Montseny 'Política' Casa o chalet,5152866,NA,Valencia,1,1,€ 105,2020/03/07,2020/03/08,0,"9,4",90
Biopark View Apartment,2381901,NA,Valencia,1,1,€ 107,2020/03/07,2020/03/08,0,"9,1",90
L'Arbre,3972359,NA,Valencia,1,1,€ 107,2020/03/07,2020/03/08,0,"9,1",90
BUBUSUITES by Bubuflats,2389776,NA,Valencia,1,1,€ 110,2020/03/07,2020/03/08,0,"9,3",90
Hotel Dimar,90886,NA,Valencia,1,1,€ 140,2020/03/07,2020/03/08,4,"8,7",90
SH Ingles Boutique Hotel,92956,NA,Valencia,1,1,€ 140,2020/03/07,2020/03/08,4,"8,5",90
Valencia City Center New Apartments,1042326,NA,Valencia,1,1,NA,2020/03/07,2020/03/08,0,9,90
Catalonia Excelsior,90578,NA,Valencia,1,1,€ 140,2020/03/07,2020/03/08,3,"8,7",90
Apartamento Gran Vía Marqués del Turia,2358973,NA,Valencia,1,1,€ 140,2020/03/07,2020/03/08,0,"8,6",90
Zenit Valencia,92327,NA,Valencia,1,1,€ 144,2020/03/07,2020/03/08,4,"8,8",90
Duplex en Blasco Ibáñez,3672426,NA,Valencia,1,1,€ 145,2020/03/07,2020/03/08,0,"8,9",90
Flatsforyou Sorolla House,403442,NA,Valencia,1,1,€ 150,2020/03/07,2020/03/08,0,"8,6",90
Ilunion Aqua 4,92777,NA,Valencia,1,1,€ 162,2020/03/07,2020/03/08,4,"8,6",90
Austria 4,1605997,NA,Valencia,1,1,NA,2020/03/07,2020/03/08,0,9,90
Melia Plaza Valencia,13270,NA,Valencia,1,1,€ 165,2020/03/07,2020/03/08,4,"8,9",90
One Shot Palacio Reina Victoria 04,90885,NA,Valencia,1,1,€ 169,2020/03/07,2020/03/08,4,"8,6",90
Hospes Palau de La Mar,93823,NA,Valencia,1,1,€ 170,2020/03/07,2020/03/08,5,"8,8",90
Lotelito,570027,NA,Valencia,1,1,€ 170,2020/03/07,2020/03/08,0,"8,9",90
Puerta de Serranos,2734333,NA,Valencia,1,1,€ 170,2020/03/07,2020/03/08,0,"8,8",90
Enjoy Flat Valencia,3991548,NA,Valencia,1,1,€ 175,2020/03/07,2020/03/08,0,"8,6",90
CENTRO CIUDAD-PZA AYUNTAMIENTO-WIFI,3604273,NA,Valencia,1,1,NA,2020/03/07,2020/03/08,0,"9,1",90
Vincci Palace,94163,NA,Valencia,1,1,€ 176,2020/03/07,2020/03/08,4,"8,7",90
AC Hotel Colon Valencia,1117150,NA,Valencia,1,1,€ 183,2020/03/07,2020/03/08,4,"8,7",90
Edificio Pentagono,4673669,NA,Valencia,1,1,€ 185,2020/03/07,2020/03/08,0,"8,9",90
ApartUP San Vicente Hall,3168199,NA,Valencia,1,1,€ 188,2020/03/07,2020/03/08,0,"8,5",90
El Palacete Gran Via,3483148,NA,Valencia,1,1,€ 211,2020/03/07,2020/03/08,0,"8,7",90
Vlc Apartaments el Carmen,389902,NA,Valencia,1,1,€ 220,2020/03/07,2020/03/08,0,"8,5",90
Ático con estilo en el centro de Valencia,3914735,NA,Valencia,1,1,NA,2020/03/07,2020/03/08,0,9,90
Valenciaflats Centro Histórico,94781,NA,Valencia,1,1,€ 221,2020/03/07,2020/03/08,0,"8,7",90
Vincci Lys,91183,NA,Valencia,1,1,€ 264,2020/03/07,2020/03/08,4,"8,9",90
San Slava,3107574,NA,Valencia,1,1,€ 295,2020/03/07,2020/03/08,0,"8,6",90
Petit Palace Plaza de la Reina,90443,NA,Valencia,1,1,€ 298,2020/03/07,2020/03/08,3,"8,7",90
Zerka Sendra,4657122,NA,Valencia,1,1,€ 309,2020/03/07,2020/03/08,0,"8,9",90
Valenciaflats Mercado Central,307677,NA,Valencia,1,1,€ 170,2020/03/07,2020/03/08,0,9,90
Las Arenas Balneario Resort,91144,NA,Valencia,1,1,€ 171,2020/03/07,2020/03/08,5,9,90
Apartamento Bolseria 28,881275,NA,Valencia,1,1,NA,2020/03/07,2020/03/08,0,"9,5",90
Center City Flats,861452,NA,Valencia,1,1,€ 171,2020/03/07,2020/03/08,0,9,90
Soho Valencia,1538641,NA,Valencia,1,1,€ 99,2020/03/07,2020/03/08,0,"8,9",90
Apartamentos Wallace,1698355,NA,Valencia,1,1,€ 175,2020/03/07,2020/03/08,0,"9,2",90
Moon Valencia,3560698,NA,Valencia,1,1,€ 100,2020/03/07,2020/03/08,0,"8,7",90
PLAYA POBLA DE FARNALS,5508533,NA,Valencia,1,1,NA,2020/03/07,2020/03/08,0,"9,8",90
NH Collection Colón Valencia,3828811,NA,Valencia,1,1,€ 176,2020/03/07,2020/03/08,4,"9,1",90
Vincci Mercat,1279484,NA,Valencia,1,1,€ 176,2020/03/07,2020/03/08,4,9,90
BUBUFLATS / Mercat,783206,NA,Valencia,1,1,€ 100,2020/03/07,2020/03/08,0,"8,9",90
Apartamento cerca de la Playa y el Centro,2620264,NA,Valencia,1,1,€ 100,2020/03/07,2020/03/08,0,"8,9",90
BUBUFLATS Mossén,1141763,NA,Valencia,1,1,€ 100,2020/03/07,2020/03/08,0,"8,8",90
Mon Suites San Martin,2777545,NA,Valencia,1,1,€ 193,2020/03/07,2020/03/08,0,"9,4",90
Lighthouse,2384209,NA,Valencia,1,1,€ 195,2020/03/07,2020/03/08,0,9,90
Valencia Apartamentos Goya,4256653,NA,Valencia,1,1,NA,2020/03/07,2020/03/08,0,"9,9",90
MYR Hotel Plaza Mercado & Spa,1619029,NA,Valencia,1,1,€ 197,2020/03/07,2020/03/08,3,"9,2",90
Caro Hotel,348132,NA,Valencia,1,1,€ 209,2020/03/07,2020/03/08,5,"9,2",90
Citizentral Gascons,332095,NA,Valencia,1,1,€ 96,2020/03/07,2020/03/08,0,"8,8",90
Loft Superior el Carmen,2784473,NA,Valencia,1,1,€ 218,2020/03/07,2020/03/08,0,"9,3",90
MARQUÉS HOUSE 4* SUP,2118880,NA,Valencia,1,1,€ 232,2020/03/07,2020/03/08,4,"9,4",90
Ca Carmela,2466364,NA,Valencia,1,1,€ 280,2020/03/07,2020/03/08,0,"9,1",90
Hotel El Siglo,1741479,NA,Valencia,1,1,€ 102,2020/03/07,2020/03/08,3,"8,5",90
Casa Adosada Quintero,5481770,NA,Valencia,1,1,€ 103,2020/03/07,2020/03/08,0,"8,8",90
la casita,4333253,NA,Valencia,1,1,NA,2020/03/07,2020/03/08,0,"9,8",90
Blanq Comedias,4922002,NA,Valencia,1,1,€ 104,2020/03/07,2020/03/08,0,"8,9",90
Eurostars Acteón,90495,NA,Valencia,1,1,€ 105,2020/03/07,2020/03/08,4,"8,5",90
Comfort Homestay,5423155,NA,Valencia,1,1,€ 105,2020/03/07,2020/03/08,0,"8,7",90
MD Julio Antonio Apartment Center,3961049,NA,Valencia,1,1,€ 409,2020/03/07,2020/03/08,0,"9,1",90
Casa La Buhardilla,2985364,NA,Valencia,1,1,NA,2020/03/07,2020/03/08,0,"9,6",90
Les flors,3985046,NA,Valencia,1,1,€ 107,2020/03/07,2020/03/08,0,"8,6",90
Hotel Neptuno,91206,NA,Valencia,1,1,€ 108,2020/03/07,2020/03/08,4,"8,5",90
Hi Valencia Cánovas,4312120,NA,Valencia,1,1,€ 108,2020/03/07,2020/03/08,0,"8,8",90
Palau de Palomar,471283,NA,Valencia,1,1,NA,2020/03/07,2020/03/08,0,"9,1",90
Barceló Valencia,91988,NA,Valencia,1,1,€ 110,2020/03/07,2020/03/08,4,"8,7",90
SH Valencia Palace,91497,NA,Valencia,1,1,€ 112,2020/03/07,2020/03/08,5,"8,6",90
Hotel Kramer,91106,NA,Valencia,1,1,€ 119,2020/03/07,2020/03/08,3,"8,8",90
Blanq Carmen Hotel,97069,NA,Valencia,1,1,€ 122,2020/03/07,2020/03/08,3,"8,7",90
One Shot Colón 46,1394168,NA,Valencia,1,1,€ 127,2020/03/07,2020/03/08,3,"8,7",90
Casual Vintage Valencia,1710241,NA,Valencia,1,1,€ 128,2020/03/07,2020/03/08,2,"8,6",90
Hostal Venecia,92883,NA,Valencia,1,1,NA,2020/03/07,2020/03/08,2,"9,1",90
Valencia Home,1638498,NA,Valencia,1,1,€ 133,2020/03/07,2020/03/08,0,"8,9",90
Tranquilo Apartamento En Plaza Cisneros,3127388,NA,Valencia,1,1,€ 134,2020/03/07,2020/03/08,0,"8,9",90
Old Fisherman's House in Malvarrosa Beach,3618172,NA,Valencia,1,1,€ 432,2020/03/07,2020/03/08,0,"9,4",90
Petit Palace Ruzafa,90792,NA,Valencia,1,1,€ 134,2020/03/07,2020/03/08,3,"8,7",90
Mar & City Apartment,3456759,NA,Valencia,1,1,€ 135,2020/03/07,2020/03/08,0,"8,9",90
Rest room Evi,5710566,NA,Valencia,1,1,€ 35,2020/03/07,2020/03/08,0,"8,7",90
Art&Flats Bed&Breakfast,5238345,NA,Valencia,1,1,€ 50,2020/03/07,2020/03/08,0,"8,8",90
B&B Almirante,369695,NA,Valencia,1,1,€ 52,2020/03/07,2020/03/08,1,"8,8",90
Hotel San Lorenzo Boutique,1307718,NA,Valencia,1,1,€ 135,2020/03/07,2020/03/08,3,"8,6",90
Russafa Youth Hostel,345134,NA,Valencia,1,1,€ 54,2020/03/07,2020/03/08,0,"8,6",90
Balcón Al Mar,295109,NA,Valencia,1,1,€ 54,2020/03/07,2020/03/08,0,"8,5",90
Valencia Just in the Middle,2965508,NA,Valencia,1,1,NA,2020/03/07,2020/03/08,0,"9,8",90
Habitación en piso compartido,5433175,NA,Valencia,1,1,€ 55,2020/03/07,2020/03/08,0,"8,9",90
YOU & CO Quart Boutique,5213598,NA,Valencia,1,1,€ 97,2020/03/07,2020/03/08,3,,90
A Casa Martínez,5878377,NA,Valencia,1,1,€ 98,2020/03/07,2020/03/08,0,,90
Homestay Carrer Sagun,5006434,NA,Valencia,1,1,€ 60,2020/03/07,2020/03/08,0,"8,8",90
Hotel Olympia Universidades,1301731,NA,Valencia,1,1,€ 60,2020/03/07,2020/03/08,3,"8,5",90
Hotel Valencia Alameda 41,4019381,NA,Valencia,1,1,NA,2020/03/07,2020/03/08,4,"9,2",90
Abuhardillado- luminoso y calido apartamento,4515803,NA,Valencia,1,1,€ 100,2020/03/07,2020/03/08,0,,90
IDEAL Y CERCA DEL CASCO ANTIGUO.NEAR OLD TOWN.,4494959,NA,Valencia,1,1,€ 100,2020/03/07,2020/03/08,0,,90
Carrer de l'Arquitecte Alfaro 27 bajo derecha,4353398,NA,Valencia,1,1,€ 102,2020/03/07,2020/03/08,0,,90
Apartment Florista,2150187,NA,Valencia,1,1,€ 160,2020/03/07,2020/03/08,0,"7,9",90
Select Home Town Hall,1648016,NA,Valencia,1,1,€ 200,2020/03/07,2020/03/08,0,"7,5",90
Апартаменты МЕНОРКА,2465191,NA,Valencia,1,1,NA,2020/03/07,2020/03/08,0,"9,4",90
casa la tranquilidad,5516825,NA,Valencia,1,1,€ 120,2020/03/07,2020/03/08,0,,90
Apartment Schwarz II,2245670,NA,Valencia,1,1,€ 124,2020/03/07,2020/03/08,0,,90
Estrella de russafa,5352439,NA,Valencia,1,1,€ 65,2020/03/07,2020/03/08,0,"8,9",90
Alejandro y Renate,3111488,NA,Valencia,1,1,€ 65,2020/03/07,2020/03/08,0,"8,8",90
MD Abastos Center,2551194,NA,Valencia,1,1,€ 257,2020/03/07,2020/03/08,0,"7,8",90
Malvarrosa Calle Pavia,3608764,NA,Valencia,1,1,€ 271,2020/03/07,2020/03/08,0,"7,7",90
Zalamera BnB,1331238,NA,Valencia,1,1,€ 68,2020/03/07,2020/03/08,0,"8,7",90
Reina Rooms,4211140,NA,Valencia,1,1,€ 68,2020/03/07,2020/03/08,0,"8,9",90
Apartment Plaza Cisneros,1273377,NA,Valencia,1,1,NA,2020/03/07,2020/03/08,0,"9,7",90
CENTER-Modern 2BR- 2BA-TERRACE- WI-FI- A/C,5241769,NA,Valencia,1,1,€ 125,2020/03/07,2020/03/08,0,,90
Sunny Apartment Central Market,1122187,NA,Valencia,1,1,NA,2020/03/07,2020/03/08,0,9,90
CASA MARQUES DE CARO,4472176,NA,Valencia,1,1,€ 130,2020/03/07,2020/03/08,0,,90
Ciutat Vella Apartment,5574768,NA,Valencia,1,1,€ 130,2020/03/07,2020/03/08,0,,90
Christins home,5896886,NA,Valencia,1,1,€ 130,2020/03/07,2020/03/08,0,,90
The White Apartment: Luxury- Beach and Design,5631365,NA,Valencia,1,1,€ 167,2020/03/07,2020/03/08,0,,90
Casa Del Sueno,4292899,NA,Valencia,1,1,€ 173,2020/03/07,2020/03/08,0,,90
Apartment Carrer Ernesto Che Guevara,5598848,NA,Valencia,1,1,€ 182,2020/03/07,2020/03/08,0,,90
YOU & CO. Saler Beach Boutique,4533007,NA,Valencia,1,1,€ 70,2020/03/07,2020/03/08,3,"8,9",90
Apartamentos Plaza Picasso,97063,NA,Valencia,1,1,€ 70,2020/03/07,2020/03/08,0,"8,5",90
Downtown Valencia,2814867,NA,Valencia,1,1,NA,2020/03/07,2020/03/08,0,"9,2",90
Apartment Passeig de la Petxina,5695771,NA,Valencia,1,1,€ 195,2020/03/07,2020/03/08,0,,90
Musico Peydro Apartments,3765069,NA,Valencia,1,1,€ 367,2020/03/07,2020/03/08,0,"7,9",90
MD Art Apartment Ruzafa,2550955,NA,Valencia,1,1,€ 367,2020/03/07,2020/03/08,0,"7,7",90
Hotel Helen Berger,5159105,NA,Valencia,1,1,€ 196,2020/03/07,2020/03/08,4,,90
Apartment Carrer de Don Juan de Austria,5464038,NA,Valencia,1,1,€ 279,2020/03/07,2020/03/08,0,,90
MD Benlliure Beach.,1957258,NA,Valencia,1,1,€ 409,2020/03/07,2020/03/08,0,"7,8",90
Turia Guesthouse - B&B,2884427,NA,Valencia,1,1,€ 285,2020/03/07,2020/03/08,0,,90
Apartment Carrer de Josep Aguirre,5646705,NA,Valencia,1,1,€ 608,2020/03/07,2020/03/08,0,,90
AC Hotel Valencia,91063,NA,Valencia,1,1,€ 75,2020/03/07,2020/03/08,4,"8,5",90
València Centre Túria,2185255,NA,Valencia,1,1,€ 75,2020/03/07,2020/03/08,0,"8,8",90
València Centre Torres de Quart,886289,NA,Valencia,1,1,€ 71,2020/03/07,2020/03/08,0,"8,9",90
MD Pelayo with terrace,1979067,NA,Valencia,1,1,€ 409,2020/03/07,2020/03/08,0,"7,7",90
Apartamento Ruzafa Centro I,2006333,NA,Valencia,1,1,NA,2020/03/07,2020/03/08,0,"9,2",90
MD Oliag I Apartment Ruzafa,2867488,NA,Valencia,1,1,€ 487,2020/03/07,2020/03/08,0,"7,6",90
Hostal Waksman,281139,NA,Valencia,1,1,€ 35,2020/03/07,2020/03/08,1,"7,4",90
ABCyou Bed&Breakfast,189207,NA,Valencia,1,1,€ 75,2020/03/07,2020/03/08,0,"8,5",90
AMAZING HOUSE- BEST LOCATION!,4728031,NA,Valencia,1,1,NA,2020/03/07,2020/03/08,0,"9,7",90
UNIK. Apartments Valencia,2241282,NA,Valencia,1,1,€ 77,2020/03/07,2020/03/08,0,"8,5",90
Valencia maritimo,3020748,NA,Valencia,1,1,€ 80,2020/03/07,2020/03/08,0,"8,9",90
Masatepe Room Valencia,5687127,NA,Valencia,1,1,€ 35,2020/03/07,2020/03/08,0,"7,1",90
Hostal Residencial RR,450746,NA,Valencia,1,1,€ 40,2020/03/07,2020/03/08,0,7,90
Hotel Malcom and Barret,483261,NA,Valencia,1,1,€ 81,2020/03/07,2020/03/08,3,"8,7",90
Ad Hoc Carmen,1173270,NA,Valencia,1,1,€ 82,2020/03/07,2020/03/08,2,"8,9",90
La Patacona apartment,3821938,NA,Valencia,1,1,€ 110,2020/03/07,2020/03/08,0,"9,4",90
apartamento las torres-botanico,4694090,NA,Valencia,1,1,€ 111,2020/03/07,2020/03/08,0,9,90
Apartment Cisneros 2,2361375,NA,Valencia,1,1,NA,2020/03/07,2020/03/08,0,"9,7",90
OYO Pensión El Rincón,476031,NA,Valencia,1,1,€ 43,2020/03/07,2020/03/08,1,"7,4",90
Geography and Arts.,3569110,NA,Valencia,1,1,€ 60,2020/03/07,2020/03/08,0,"7,3",90
Citizentral Juristas,1113127,NA,Valencia,1,1,€ 105,2020/03/07,2020/03/08,0,"9,2",90
Apartamentos La más Bonita,2816245,NA,Valencia,1,1,€ 113,2020/03/07,2020/03/08,0,9,90
Hotel Boutique Balandret,1281710,NA,Valencia,1,1,€ 114,2020/03/07,2020/03/08,3,"9,2",90
Melia Valencia,290493,NA,Valencia,1,1,€ 84,2020/03/07,2020/03/08,4,"8,8",90
Pio XII Apartments Valencia,402080,NA,Valencia,1,1,€ 79,2020/03/07,2020/03/08,0,"8,5",90
La Morella del Carmen,5188541,NA,Valencia,1,1,NA,2020/03/07,2020/03/08,0,"9,5",90
Holiday Apartments Malvarrosa Beach,549860,NA,Valencia,1,1,NA,2020/03/07,2020/03/08,0,"9,2",90
NWT Central Station Valencia,1647017,NA,Valencia,1,1,€ 64,2020/03/07,2020/03/08,0,"7,1",90
Mi casa es vuestra casa,4967097,NA,Valencia,1,1,€ 70,2020/03/07,2020/03/08,0,"7,1",90
Piso como en tu casa 2,3834617,NA,Valencia,1,1,€ 117,2020/03/07,2020/03/08,0,"9,1",90
Apartamento en el centro de Valencia,4709659,NA,Valencia,1,1,€ 120,2020/03/07,2020/03/08,0,9,90
15 Avinguda Mare Nostrum,4518973,NA,Valencia,1,1,€ 120,2020/03/07,2020/03/08,0,"9,1",90
Bloques Playa,2019044,NA,Valencia,1,1,€ 75,2020/03/07,2020/03/08,0,"7,2",90
Almiserat,3054886,NA,Valencia,1,1,€ 80,2020/03/07,2020/03/08,0,"7,1",90
Original Domino House,5434091,NA,Valencia,1,1,€ 87,2020/03/07,2020/03/08,0,"8,7",90
Jardín Botánico Hotel Boutique,93369,NA,Valencia,1,1,€ 88,2020/03/07,2020/03/08,3,"8,9",90
Ad Hoc Monumental,90719,NA,Valencia,1,1,€ 88,2020/03/07,2020/03/08,3,"8,6",90
Casual del Cine Valencia,572187,NA,Valencia,1,1,€ 89,2020/03/07,2020/03/08,2,"8,7",90
Atico Loft Ruzafa,3152977,NA,Valencia,1,1,NA,2020/03/07,2020/03/08,0,"9,6",90
Valenciaflats Centro Ciudad,18544,NA,Valencia,1,1,€ 124,2020/03/07,2020/03/08,0,"9,2",90
Apartamento centro frente a Torres de Serrano,3408067,NA,Valencia,1,1,€ 130,2020/03/07,2020/03/08,0,"9,3",90
Rooms Ciencias,94126,NA,Valencia,1,1,€ 131,2020/03/07,2020/03/08,0,9,90
Plaza Redonda house.,4399973,NA,Valencia,1,1,€ 81,2020/03/07,2020/03/08,0,"7,4",90
Mercat Central brugada home,5259150,NA,Valencia,1,1,€ 81,2020/03/07,2020/03/08,0,7,90
Habitación ático muy luminosa con baño y terraza,5292007,NA,Valencia,1,1,NA,2020/03/07,2020/03/08,0,"9,1",90
Guest House Samuel Ros,4161855,NA,Valencia,1,1,€ 90,2020/03/07,2020/03/08,0,"7,2",90
SKY TOURISTIC ATTIC,281640,NA,Valencia,1,1,€ 90,2020/03/07,2020/03/08,0,"8,5",90
Habitación doble,3599930,NA,Valencia,1,1,€ 90,2020/03/07,2020/03/08,0,"8,9",90
L'Esplai Valencia Bed & Breakfast,1282556,NA,Valencia,1,1,NA,2020/03/07,2020/03/08,0,"9,5",90
Hotel Valencia Oceanic Managed by Melia Hotels International,91522,NA,Valencia,1,1,€ 94,2020/03/07,2020/03/08,4,"8,6",90
Select Home Catedral,440778,NA,Valencia,1,1,€ 170,2020/03/07,2020/03/08,0,"7,2",90
Best Valencia Beach Flat,3246772,NA,Valencia,1,1,€ 174,2020/03/07,2020/03/08,0,7,90
Casa de Maria,2467712,NA,Valencia,1,1,€ 95,2020/03/07,2020/03/08,0,"8,7",90
Burjassot Mestalla,3058627,NA,Valencia,1,1,€ 95,2020/03/07,2020/03/08,0,"8,6",90
Valencia apartamento eje de moda,4854979,NA,Valencia,1,1,€ 132,2020/03/07,2020/03/08,0,"9,3",90
B&B Hi Valencia Boutique,1301725,NA,Valencia,1,1,€ 97,2020/03/07,2020/03/08,0,"8,7",90
Sercotel Sorolla Palace,93646,NA,Valencia,1,1,€ 98,2020/03/07,2020/03/08,4,"8,6",90
Malvarrosa Beach Rooms,314048,NA,Valencia,1,1,€ 70,2020/03/07,2020/03/08,2,"6,9",90
Loft zona Pechina en Valencia centro,2524985,NA,Valencia,1,1,€ 138,2020/03/07,2020/03/08,0,"9,1",90
Mon Suites Catedral,485679,NA,Valencia,1,1,€ 130,2020/03/07,2020/03/08,0,"9,2",90
Centro en Valencia,2885222,NA,Valencia,1,1,NA,2020/03/07,2020/03/08,0,"9,5",90
Valenciaflats Ciudad de las Ciencias,93676,NA,Valencia,1,1,€ 138,2020/03/07,2020/03/08,0,"9,1",90
HOSTAL BED OF THE SEA,3974636,NA,Valencia,1,1,€ 200,2020/03/07,2020/03/08,0,"7,1",90
MD Puerto Rico Apartment Ruzafa,3737151,NA,Valencia,1,1,€ 409,2020/03/07,2020/03/08,0,"7,4",90
Ruzafa Rooms,2891693,NA,Valencia,1,1,€ 80,2020/03/07,2020/03/08,0,"6,9",90
Hideout 26,5658117,NA,Valencia,1,1,NA,2020/03/07,2020/03/08,0,9,90
Center Valencia,2944722,NA,Valencia,1,1,€ 140,2020/03/07,2020/03/08,0,"9,3",90
Vamos A la Playa,5030500,NA,Valencia,1,1,€ 90,2020/03/07,2020/03/08,0,"6,5",90
Casita Esmeralda,2040126,NA,Valencia,1,1,€ 134,2020/03/07,2020/03/08,0,"6,5",90
MD Design Hotel - Portal del Real,2391685,NA,Valencia,1,1,€ 143,2020/03/07,2020/03/08,2,"9,1",90
Mon Suites San Nicolas,4117225,NA,Valencia,1,1,€ 143,2020/03/07,2020/03/08,0,"9,1",90
MD Villalonga Malvarosa Beach,3739661,NA,Valencia,1,1,€ 530,2020/03/07,2020/03/08,0,"6,7",90
Hogar Dulce Hogar,5426607,NA,Valencia,1,1,€ 60,2020/03/07,2020/03/08,0,6,90
Live in Chianti Apartaments,2882632,NA,Valencia,1,1,€ 146,2020/03/07,2020/03/08,0,"9,1",90
Ruzafa Guesthouse,2269176,NA,Valencia,1,1,€ 32,2020/03/07,2020/03/08,0,"5,5",90
Piso cercano al centro ( 5 min BUS),5607299,NA,Valencia,1,1,€ 125,2020/03/07,2020/03/08,0,"5,7",90
Hi Valencia Apartments - Jorge Juan,2373701,NA,Valencia,1,1,€ 149,2020/03/07,2020/03/08,0,"9,4",90
Apartment Sofi,2830696,NA,Valencia,1,1,NA,2020/03/07,2020/03/08,0,"9,8",90
ValentiaApartments - MercadoCentral,4185241,NA,Valencia,1,1,€ 345,2020/03/07,2020/03/08,0,"8,8",90
Sweet Caroline Apartment,1811784,NA,Valencia,1,1,€ 150,2020/03/07,2020/03/08,0,"9,3",90
B BEACH VALENCIA,5125954,NA,Valencia,1,1,€ 150,2020/03/07,2020/03/08,0,9,90
Sweet Hotel Continental,93856,NA,Valencia,1,1,€ 87,2020/03/07,2020/03/08,2,"8,3",90
Mediterranean Flats Plaza Redonda,4086496,NA,Valencia,1,1,€ 165,2020/03/07,2020/03/08,0,"9,2",90
One Shot Mercat 09,2274203,NA,Valencia,1,1,€ 169,2020/03/07,2020/03/08,4,"9,1",90
Apartamento cerca Ciudad de las Ciencias con WIFI,3070842,NA,Valencia,1,1,€ 170,2020/03/07,2020/03/08,0,"9,4",90
Hotel Medium Valencia,96838,NA,Valencia,1,1,€ 90,2020/03/07,2020/03/08,4,"8,2",90
COZY APARTMENT VALENCIA BEACHFRONT!,3128516,NA,Valencia,1,1,NA,2020/03/07,2020/03/08,0,"9,4",90
Preciosos Apartamentos en el Carmen,2918345,NA,Valencia,1,1,€ 90,2020/03/07,2020/03/08,0,8,90
Casual de las Artes Valencia,538056,NA,Valencia,1,1,€ 94,2020/03/07,2020/03/08,3,"8,4",90
Hotel Valencia Center,91285,NA,Valencia,1,1,€ 97,2020/03/07,2020/03/08,4,"8,4",90
NH Valencia Las Artes,90731,NA,Valencia,1,1,€ 98,2020/03/07,2020/03/08,4,"8,4",90
MD Sueca. Apartment with Terrace Ruzafa,2551179,NA,Valencia,1,1,€ 500,2020/03/07,2020/03/08,0,"8,2",90
Double Room in VALENCIA,5665653,NA,Valencia,1,1,€ 30,2020/03/07,2020/03/08,0,"7,9",90
Casa Cosy,375456,NA,Valencia,1,1,NA,2020/03/07,2020/03/08,0,"9,4",90
Ilunion Aqua 3,92776,NA,Valencia,1,1,€ 99,2020/03/07,2020/03/08,3,"8,3",90
Primus Valencia,331871,NA,Valencia,1,1,€ 105,2020/03/07,2020/03/08,4,"8,3",90
Vivaldi Penthouse Ayuntamiento,1289561,NA,Valencia,1,1,NA,2020/03/07,2020/03/08,0,"9,2",90
UP Hostel Valencia,1710137,NA,Valencia,1,1,€ 32,2020/03/07,2020/03/08,0,"7,7",90
Bright and quiet rooms near the beach,5698199,NA,Valencia,1,1,€ 34,2020/03/07,2020/03/08,0,"7,6",90
Habitación Céntrica en Casa de Familia,4289877,NA,Valencia,1,1,€ 35,2020/03/07,2020/03/08,0,"7,8",90
The Westin Valencia,93321,NA,Valencia,1,1,€ 396,2020/03/07,2020/03/08,5,"8,7",90
Casual Socarrat Valencia,5142800,NA,Valencia,1,1,NA,2020/03/07,2020/03/08,3,"9,1",90
Center Valencia Youth Hostel,246931,NA,Valencia,1,1,€ 30,2020/03/07,2020/03/08,0,8,90
Valencia City Host,1177077,NA,Valencia,1,1,€ 38,2020/03/07,2020/03/08,0,"7,7",90
Silken Puerta Valencia,91182,NA,Valencia,1,1,€ 105,2020/03/07,2020/03/08,4,"8,3",90
Eurostars Rey Don Jaime,91520,NA,Valencia,1,1,€ 116,2020/03/07,2020/03/08,4,"8,2",90
HOSPEDAJE PESET,4718074,NA,Valencia,1,1,€ 40,2020/03/07,2020/03/08,0,"7,5",90
Habitación San Cayetano,4624401,NA,Valencia,1,1,€ 45,2020/03/07,2020/03/08,0,"7,6",90
Casas Benlliure,3274635,NA,Valencia,1,1,NA,2020/03/07,2020/03/08,0,9,90
Habitacion en Valencia,4861732,NA,Valencia,1,1,€ 45,2020/03/07,2020/03/08,0,"8,2",90
Purple Nest Hostel,25278,NA,Valencia,1,1,€ 47,2020/03/07,2020/03/08,0,"8,2",90
APARTAMENTO LAS MELLIZAS,4651578,NA,Valencia,1,1,€ 58,2020/03/07,2020/03/08,0,"8,3",90
NH Valencia Center,90727,NA,Valencia,1,1,€ 124,2020/03/07,2020/03/08,4,"8,3",90
Voyagers Inn Homestay,2682156,NA,Valencia,1,1,€ 46,2020/03/07,2020/03/08,0,"7,7",90
Casual Civilizaciones Valencia,449777,NA,Valencia,1,1,€ 50,2020/03/07,2020/03/08,0,"7,9",90
Old Town Flats Casa Burguerini,4552106,NA,Valencia,1,1,€ 126,2020/03/07,2020/03/08,0,"8,3",90
Apartamento Obispo don Jerónimo,2079020,NA,Valencia,1,1,€ 132,2020/03/07,2020/03/08,0,"8,2",90
Pension MonaLisa Luxury Suites,3834224,NA,Valencia,1,1,€ 48,2020/03/07,2020/03/08,0,"8,2",90
Habitación en Valencia Centro,5418023,NA,Valencia,1,1,€ 48,2020/03/07,2020/03/08,0,"8,1",90
Loft in ehemaligem Fischer Haus,2952760,NA,Valencia,1,1,NA,2020/03/07,2020/03/08,0,"9,3",90
Guest House Torres de Quart,2275006,NA,Valencia,1,1,€ 26,2020/03/07,2020/03/08,0,"5,1",90
Apartamentos Edificio Palomar,189277,NA,Valencia,1,1,NA,2020/03/07,2020/03/08,0,"9,2",90
Eurostars Gran Valencia,90484,NA,Valencia,1,1,€ 143,2020/03/07,2020/03/08,4,"8,4",90
Hotel Conqueridor,91047,NA,Valencia,1,1,€ 158,2020/03/07,2020/03/08,4,"8,3",90
Red Nest Hostel,92283,NA,Valencia,1,1,€ 50,2020/03/07,2020/03/08,0,"8,2",90
Apartments Abate 4,2848648,NA,Valencia,1,1,NA,2020/03/07,2020/03/08,0,"9,1",90
Habitaciones con Encanto,5629632,NA,Valencia,1,1,€ 50,2020/03/07,2020/03/08,0,8,90
Flatsforyou Bonaire,455152,NA,Valencia,1,1,€ 160,2020/03/07,2020/03/08,0,"8,4",90
Habitacion Apartamento soleado Plaza Escultor Frechina,4865043,NA,Valencia,1,1,€ 50,2020/03/07,2020/03/08,0,"7,7",90
Como en casa,4802186,NA,Valencia,1,1,€ 54,2020/03/07,2020/03/08,0,"7,9",90
Valenciaflats Torres de Serrano,17468,NA,Valencia,1,1,€ 166,2020/03/07,2020/03/08,0,"8,4",90
NWT Central Station Apartments,3964093,NA,Valencia,1,1,€ 169,2020/03/07,2020/03/08,0,"8,2",90
Hostal Bisbal,235665,NA,Valencia,1,1,€ 58,2020/03/07,2020/03/08,1,"7,5",90
B&B Hotel Valencia Ciudad de las Ciencias,92242,NA,Valencia,1,1,€ 62,2020/03/07,2020/03/08,3,"7,5",90
Urban Youth Hostel,1163025,NA,Valencia,1,1,€ 52,2020/03/07,2020/03/08,0,"8,4",90
Hotel Villacarlos,90730,NA,Valencia,1,1,€ 53,2020/03/07,2020/03/08,3,8,90
Guest House Ruzafa,2324552,NA,Valencia,1,1,€ 28,2020/03/07,2020/03/08,0,5,90
habitaciones mercat de ruzafa,5881952,NA,Valencia,1,1,€ 80,2020/03/07,2020/03/08,0,5,90
Loft el Carmen amazing views,4932621,NA,Valencia,1,1,€ 191,2020/03/07,2020/03/08,0,"8,1",90
Sorolla Centro,90896,NA,Valencia,1,1,NA,2020/03/07,2020/03/08,3,"9,1",90
Sol Playa,12656,NA,Valencia,1,1,€ 55,2020/03/07,2020/03/08,2,"8,3",90
Guest House Duc de Gaeta,2275007,NA,Valencia,1,1,€ 25,2020/03/07,2020/03/08,0,"4,9",90
Port of Valencia,3805735,NA,Valencia,1,1,€ 150,2020/03/07,2020/03/08,0,"4,9",90
Vivaldi Center City,2791614,NA,Valencia,1,1,NA,2020/03/07,2020/03/08,0,"9,1",90
Valencia Lounge Hostel,337203,NA,Valencia,1,1,€ 66,2020/03/07,2020/03/08,0,"7,7",90
Malvarosa,3820590,NA,Valencia,1,1,€ 190,2020/03/07,2020/03/08,0,"3,8",90
Apartment on the beach-pool-WiFi-garage-Valencia,4525305,NA,Valencia,1,1,NA,2020/03/07,2020/03/08,0,9,90
Zerka Centro,4425975,NA,Valencia,1,1,€ 199,2020/03/07,2020/03/08,0,"8,3",90
MD Modern Hotel - Jardines,305447,NA,Valencia,1,1,€ 238,2020/03/07,2020/03/08,1,"8,3",90
Hotel Turia,14441,NA,Valencia,1,1,€ 71,2020/03/07,2020/03/08,4,"7,5",90
Holiday Inn Express Ciudad de las Ciencias,96737,NA,Valencia,1,1,€ 80,2020/03/07,2020/03/08,3,"7,9",90
Ilunion Valencia 3,92818,NA,Valencia,1,1,€ 83,2020/03/07,2020/03/08,3,"7,9",90
7 Moons Bed & Breakfast,464187,NA,Valencia,1,1,€ 55,2020/03/07,2020/03/08,0,"8,4",90
Albergue Juvenil Colegio Mayor Galileo Galilei,253103,NA,Valencia,1,1,€ 55,2020/03/07,2020/03/08,0,"8,1",90
Teixidors de Palomar,2639791,NA,Valencia,1,1,NA,2020/03/07,2020/03/08,0,"9,3",90
Capsule hotel la seu,5918598,NA,Valencia,1,1,€ 20,2020/03/07,2020/03/08,0,,90
Aladin piso,5823993,NA,Valencia,1,1,€ 50,2020/03/07,2020/03/08,0,,90
Checkin Valencia,93743,NA,Valencia,1,1,€ 85,2020/03/07,2020/03/08,4,"7,8",90
SEA YOU HOTEL PORT VALENCIA,92328,NA,Valencia,1,1,€ 86,2020/03/07,2020/03/08,4,"7,8",90
Ilunion Valencia 4,754329,NA,Valencia,1,1,€ 254,2020/03/07,2020/03/08,4,"8,1",90
Carrer de María Montessori,3272386,NA,Valencia,1,1,€ 280,2020/03/07,2020/03/08,0,"8,2",90
Alex Apartment,1756374,NA,Valencia,1,1,€ 60,2020/03/07,2020/03/08,0,8,90
Sweet Hotel Renasa,274818,NA,Valencia,1,1,€ 65,2020/03/07,2020/03/08,3,8,90
Patacona Beach,1411088,NA,Valencia,1,1,NA,2020/03/07,2020/03/08,0,"9,4",90
Apartamento Loft Residence,2225524,NA,Valencia,1,1,€ 89,2020/03/07,2020/03/08,0,"7,8",90
Casual de la Música Valencia,273130,NA,Valencia,1,1,€ 93,2020/03/07,2020/03/08,2,"7,5",90
NH Valencia Las Ciencias,90725,NA,Valencia,1,1,€ 74,2020/03/07,2020/03/08,3,8,90
City Suites Apartments,3091106,NA,Valencia,1,1,€ 74,2020/03/07,2020/03/08,0,"8,3",90
Plaza Sainetero 5,3148458,NA,Valencia,1,1,€ 93,2020/03/07,2020/03/08,0,"7,7",90
STYLISH APARTMENT - CITY CENTER,2861517,NA,Valencia,1,1,€ 140,2020/03/07,2020/03/08,0,"7,8",90
El 16 Ruzafa,865461,NA,Valencia,1,1,€ 149,2020/03/07,2020/03/08,0,"7,7",90
Habitacion doble en piso compartido,5645604,NA,Valencia,1,1,€ 51,2020/03/07,2020/03/08,0,,90
Estrella de valencia,5804852,NA,Valencia,1,1,€ 54,2020/03/07,2020/03/08,0,,90
Comoda habitacion,5695905,NA,Valencia,1,1,€ 58,2020/03/07,2020/03/08,0,,90
vosotros sereis parte de mi familia.,5299568,NA,Valencia,1,1,€ 60,2020/03/07,2020/03/08,0,,90
B&B Hi Valencia Canovas,305349,NA,Valencia,1,1,€ 76,2020/03/07,2020/03/08,0,"8,3",90
L'Otelet By Sweet,1467935,NA,Valencia,1,1,€ 77,2020/03/07,2020/03/08,0,"8,3",90
Apartamento Giorgeta,2580538,NA,Valencia,1,1,NA,2020/03/07,2020/03/08,0,9,90
Apartamento Joseph - luminoso- bonito y muy céntrico,4267950,NA,Valencia,1,1,NA,2020/03/07,2020/03/08,0,"9,2",90
Ciudad de Las Artes,5681064,NA,Valencia,1,1,€ 70,2020/03/07,2020/03/08,0,,90
The Art Boutique Colon,2570881,NA,Valencia,1,1,€ 360,2020/03/07,2020/03/08,0,"8,3",90
Hotel Alkazar,408511,NA,Valencia,1,1,€ 80,2020/03/07,2020/03/08,1,"8,1",90
Senator Parque Central Hotel,274963,NA,Valencia,1,1,€ 82,2020/03/07,2020/03/08,4,"8,1",90
Living Valencia - Tetuán,3217954,NA,Valencia,1,1,€ 82,2020/03/07,2020/03/08,0,8,90
Minimalist room with balcony.FREE bikes & coffee 1,5776697,NA,Valencia,1,1,€ 79,2020/03/07,2020/03/08,0,,90
Loft Valencia,5821610,NA,Valencia,1,1,€ 80,2020/03/07,2020/03/08,0,,90
Apartment Vicent,1674495,NA,Valencia,1,1,€ 85,2020/03/07,2020/03/08,0,"8,3",90
NH Ciudad de Valencia,90729,NA,Valencia,1,1,€ 87,2020/03/07,2020/03/08,3,"8,1",90
Cabanyal Holidays,5833535,NA,Valencia,1,1,€ 84,2020/03/07,2020/03/08,0,,90
Cabanyal Beach Apartment,5638868,NA,Valencia,1,1,€ 89,2020/03/07,2020/03/08,0,,90
