name,propertyId,propertyType,city,rooms,days,price,checkIn,checkOut,stars,score,advance
Casita Esmeralda,2040126,NA,Valencia,1,1,€ 134,2020/03/19,2020/03/20,0,"6,4",90
Hogar Dulce Hogar,5426607,NA,Valencia,1,1,€ 140,2020/03/19,2020/03/20,0,6,90
KOA Centric- comfy and relaxed with style in Ruzafa,4105224,NA,Valencia,1,1,NA,2020/03/19,2020/03/20,0,"9,8",90
Ruzafa Guesthouse,2269176,NA,Valencia,1,1,€ 232,2020/03/19,2020/03/20,0,"5,5",90
Guest House Ruzafa,2324552,NA,Valencia,1,1,€ 204,2020/03/19,2020/03/20,0,5,90
Guest House Torres de Quart,2275006,NA,Valencia,1,1,€ 210,2020/03/19,2020/03/20,0,"5,1",90
Guest House Duc de Gaeta,2275007,NA,Valencia,1,1,€ 204,2020/03/19,2020/03/20,0,"4,9",90
Malvarosa,3820590,NA,Valencia,1,1,€ 190,2020/03/19,2020/03/20,0,"3,8",90
Aladin piso,5823993,NA,Valencia,1,1,€ 59,2020/03/19,2020/03/20,0,,90
PLAYA POBLA DE FARNALS,5508533,NA,Valencia,1,1,NA,2020/03/19,2020/03/20,0,"9,7",90
benimaclet 2,5951927,NA,Valencia,1,1,€ 90,2020/03/19,2020/03/20,0,,90
SWEET HOME,5832435,NA,Valencia,1,1,€ 98,2020/03/19,2020/03/20,0,,90
Zona Feliz Valencia ApartHotel,5949103,NA,Valencia,1,1,€ 100,2020/03/19,2020/03/20,0,,90
casa la tranquilidad,5516825,NA,Valencia,1,1,€ 120,2020/03/19,2020/03/20,0,,90
Cabanyal Holidays,5833535,NA,Valencia,1,1,€ 140,2020/03/19,2020/03/20,0,,90
Minimalist room with balcony.FREE bikes & coffee 1,5776697,NA,Valencia,1,1,€ 146,2020/03/19,2020/03/20,0,,90
Central private room,5654291,NA,Valencia,1,1,NA,2020/03/19,2020/03/20,0,"9,9",90
The White Apartment: Luxury- Beach and Design,5631365,NA,Valencia,1,1,€ 167,2020/03/19,2020/03/20,0,,90
Casa Del Sueno,4292899,NA,Valencia,1,1,€ 173,2020/03/19,2020/03/20,0,,90
HOMESTAY/CENTER.,5818792,NA,Valencia,1,1,€ 180,2020/03/19,2020/03/20,0,,90
Apartment Passeig de la Petxina,5695771,NA,Valencia,1,1,€ 195,2020/03/19,2020/03/20,0,,90
MD Ausias March,5823190,NA,Valencia,1,1,€ 232,2020/03/19,2020/03/20,0,,90
VOGHE PREMIUM FLATS,5538655,NA,Valencia,1,1,€ 270,2020/03/19,2020/03/20,0,,90
Ruzafa Viva,4475954,NA,Valencia,1,1,NA,2020/03/19,2020/03/20,0,"9,6",90
Apartment Carrer d'Alcoi,5953987,NA,Valencia,1,1,€ 697,2020/03/19,2020/03/20,0,,90
Apartment Carrer de Josep Aguirre,5646705,NA,Valencia,1,1,€ 810,2020/03/19,2020/03/20,0,,90
Lighthouse,2384209,NA,Valencia,1,1,€ 195,2020/03/19,2020/03/20,0,9,90
MD Design Hotel - Portal del Real,2391685,NA,Valencia,1,1,€ 198,2020/03/19,2020/03/20,2,"9,1",90
BONNIES Suites & Spa Valencia,3631910,NA,Valencia,1,1,NA,2020/03/19,2020/03/20,0,"9,8",90
OCEANOGRAFIC DELUXE- PARKING- WI-FI,4095746,NA,Valencia,1,1,€ 200,2020/03/19,2020/03/20,0,9,90
OCEANOGRAFIC APARTMENT. PARKING. WI-FI,3107716,NA,Valencia,1,1,€ 200,2020/03/19,2020/03/20,0,9,90
Valenciaflats Ciudad de las Ciencias,93676,NA,Valencia,1,1,€ 202,2020/03/19,2020/03/20,0,"9,1",90
BUBUSUITES by Bubuflats,2389776,NA,Valencia,1,1,€ 210,2020/03/19,2020/03/20,0,"9,3",90
Mon Suites Catedral,485679,NA,Valencia,1,1,€ 230,2020/03/19,2020/03/20,0,"9,2",90
Valenciaflats Mercado Central,307677,NA,Valencia,1,1,€ 230,2020/03/19,2020/03/20,0,9,90
Cool Central Market,3424724,NA,Valencia,1,1,NA,2020/03/19,2020/03/20,0,"9,7",90
Apartamentos Wallace,1698355,NA,Valencia,1,1,€ 239,2020/03/19,2020/03/20,0,"9,2",90
APARTAMENTO CENTRICO. WI-FI. PARKING,2967593,NA,Valencia,1,1,€ 250,2020/03/19,2020/03/20,0,"9,1",90
Ca Carmela,2466364,NA,Valencia,1,1,€ 252,2020/03/19,2020/03/20,0,"9,1",90
Biopark View Apartment,2381901,NA,Valencia,1,1,€ 269,2020/03/19,2020/03/20,0,"9,1",90
Mon Suites San Nicolas,4117225,NA,Valencia,1,1,€ 281,2020/03/19,2020/03/20,0,"9,1",90
Citizentral Juristas,1113127,NA,Valencia,1,1,€ 282,2020/03/19,2020/03/20,0,"9,2",90
Barracart Apartments,2125836,NA,Valencia,1,1,NA,2020/03/19,2020/03/20,0,"9,6",90
NH Collection Colón Valencia,3828811,NA,Valencia,1,1,€ 283,2020/03/19,2020/03/20,4,"9,1",90
Vincci Mercat,1279484,NA,Valencia,1,1,€ 334,2020/03/19,2020/03/20,4,9,90
Mon Suites San Martin,2777545,NA,Valencia,1,1,€ 460,2020/03/19,2020/03/20,0,"9,4",90
Old Fisherman's House in Malvarrosa Beach,3618172,NA,Valencia,1,1,€ 648,2020/03/19,2020/03/20,0,"9,4",90
SEA YOU HOTEL PORT VALENCIA,92328,NA,Valencia,1,1,€ 173,2020/03/19,2020/03/20,4,"7,8",90
Adrian's House,2271869,NA,Valencia,1,1,€ 200,2020/03/19,2020/03/20,0,"7,7",90
Flat El Porto - Valencia,3146159,NA,Valencia,1,1,NA,2020/03/19,2020/03/20,0,"9,6",90
STYLISH APARTMENT - CITY CENTER,2861517,NA,Valencia,1,1,€ 200,2020/03/19,2020/03/20,0,"7,8",90
Russafa Youth Hostel,345134,NA,Valencia,1,1,€ 81,2020/03/19,2020/03/20,0,"8,6",90
Mestalla Paradise,4734619,NA,Valencia,1,1,€ 100,2020/03/19,2020/03/20,0,"8,9",90
Central Park Apartment Valencia,3881533,NA,Valencia,1,1,NA,2020/03/19,2020/03/20,0,"9,5",90
El 16 Ruzafa,865461,NA,Valencia,1,1,€ 260,2020/03/19,2020/03/20,0,"7,7",90
City Center Apartments,4426057,NA,Valencia,1,1,€ 263,2020/03/19,2020/03/20,0,"7,8",90
My Reception - Edificio San Vicente,5123921,NA,Valencia,1,1,€ 270,2020/03/19,2020/03/20,0,"7,7",90
Balcón Al Mar,295109,NA,Valencia,1,1,€ 114,2020/03/19,2020/03/20,0,"8,5",90
YOU & CO. Saler Beach Boutique,4533007,NA,Valencia,1,1,€ 114,2020/03/19,2020/03/20,3,"8,9",90
Apartment Marchalenes,4418670,NA,Valencia,1,1,€ 120,2020/03/19,2020/03/20,0,"8,9",90
Melia Valencia,290493,NA,Valencia,1,1,€ 126,2020/03/19,2020/03/20,4,"8,8",90
Musico Peydro Apartments,3765069,NA,Valencia,1,1,€ 467,2020/03/19,2020/03/20,0,"7,9",90
MD Art Apartment Ruzafa,2550955,NA,Valencia,1,1,€ 467,2020/03/19,2020/03/20,0,"7,8",90
ApartUP L' Almoina,4220343,NA,Valencia,1,1,NA,2020/03/19,2020/03/20,0,"9,5",90
Hotel Malcom and Barret,483261,NA,Valencia,1,1,€ 128,2020/03/19,2020/03/20,3,"8,7",90
MD Pelayo with terrace,1979067,NA,Valencia,1,1,€ 467,2020/03/19,2020/03/20,0,"7,7",90
MD Oliag I Apartment Ruzafa,2867488,NA,Valencia,1,1,€ 587,2020/03/19,2020/03/20,0,"7,6",90
Guest House Samuel Ros,4161855,NA,Valencia,1,1,€ 90,2020/03/19,2020/03/20,0,"7,2",90
Ilunion Valencia 4,754329,NA,Valencia,1,1,€ 189,2020/03/19,2020/03/20,4,"8,1",90
Cabanyal Apartments Beach,5402234,NA,Valencia,1,1,€ 124,2020/03/19,2020/03/20,0,"9,8",90
Palacio Vallier 5*,4639648,NA,Valencia,1,1,NA,2020/03/19,2020/03/20,5,"9,5",90
LOFT apartamento duplex en Valencia con parking gratis,5519008,NA,Valencia,1,1,€ 141,2020/03/19,2020/03/20,0,"9,8",90
Centro en Valencia,2885222,NA,Valencia,1,1,€ 188,2020/03/19,2020/03/20,0,"9,5",90
NWT Central Station Valencia,1647017,NA,Valencia,1,1,€ 170,2020/03/19,2020/03/20,0,"7,1",90
HOSTAL BED OF THE SEA,3974636,NA,Valencia,1,1,€ 200,2020/03/19,2020/03/20,0,"7,1",90
OYO Pensión El Rincón,476031,NA,Valencia,1,1,€ 201,2020/03/19,2020/03/20,1,"7,4",90
GOERLICH SUITES VALENCIA,5795923,NA,Valencia,1,1,NA,2020/03/19,2020/03/20,0,"9,7",90
Valencia Apartmans El Carmen,847910,NA,Valencia,1,1,€ 240,2020/03/19,2020/03/20,0,"7,3",90
Torres Quart,3702234,NA,Valencia,1,1,€ 278,2020/03/19,2020/03/20,0,"7,4",90
Select Home Catedral,440778,NA,Valencia,1,1,€ 330,2020/03/19,2020/03/20,0,"7,1",90
Ramirez Flats & Bar,4124528,NA,Valencia,1,1,€ 194,2020/03/19,2020/03/20,0,"9,5",90
Beach Luxury Apartment,5722332,NA,Valencia,1,1,€ 200,2020/03/19,2020/03/20,0,"9,7",90
Guest House Lebon,3124256,NA,Valencia,1,1,€ 90,2020/03/19,2020/03/20,0,"6,7",90
Ruzafa Rooms,2891693,NA,Valencia,1,1,€ 120,2020/03/19,2020/03/20,0,"6,9",90
MD Villalonga Malvarosa Beach,3739661,NA,Valencia,1,1,€ 530,2020/03/19,2020/03/20,0,"6,7",90
KOA Centric- comfy and relaxed with style in Ruzafa,4105224,NA,Valencia,1,1,NA,2020/03/19,2020/03/20,0,"9,8",90
Guest House Higinio Noja,2845935,NA,Valencia,1,1,€ 90,2020/03/19,2020/03/20,0,6,90
Casita Esmeralda,2040126,NA,Valencia,1,1,€ 134,2020/03/19,2020/03/20,0,"6,4",90
Hogar Dulce Hogar,5426607,NA,Valencia,1,1,€ 140,2020/03/19,2020/03/20,0,6,90
RUZAFA- CENTRO-A/C- WI-FI- PARKING,2885994,NA,Valencia,1,1,€ 228,2020/03/19,2020/03/20,0,"9,7",90
Hotel Cosmo,4838858,NA,Valencia,1,1,€ 281,2020/03/19,2020/03/20,3,"9,6",90
Apartments Downtown Valencia,2250421,NA,Valencia,1,1,NA,2020/03/19,2020/03/20,0,"9,6",90
Olympia Flats,4212801,NA,Valencia,1,1,€ 377,2020/03/19,2020/03/20,0,"9,7",90
Hotel Helen Berger,5159105,NA,Valencia,1,1,€ 377,2020/03/19,2020/03/20,4,"9,7",90
Casa Calle Conquista,4691493,NA,Valencia,1,1,€ 377,2020/03/19,2020/03/20,0,"9,5",90
Cantagua Hostel,4074640,NA,Valencia,1,1,€ 377,2020/03/19,2020/03/20,0,"9,1",90
United Colors of Apartments Boutique Style,5372347,NA,Valencia,1,1,€ 377,2020/03/19,2020/03/20,0,"9,2",90
Rooms Ciencias,94126,NA,Valencia,1,1,€ 377,2020/03/19,2020/03/20,0,9,90
Apartamento Frederick “Centrico y con Clase”,4236394,NA,Valencia,1,1,NA,2020/03/19,2020/03/20,0,"9,6",90
Apartamentos La más Bonita,2816245,NA,Valencia,1,1,€ 377,2020/03/19,2020/03/20,0,9,90
Ruzafa Guesthouse,2269176,NA,Valencia,1,1,€ 232,2020/03/19,2020/03/20,0,"5,5",90
Guest House Ruzafa,2324552,NA,Valencia,1,1,€ 204,2020/03/19,2020/03/20,0,5,90
La Patacona apartment,3821938,NA,Valencia,1,1,€ 377,2020/03/19,2020/03/20,0,"9,4",90
Las Arenas Balneario Resort,91144,NA,Valencia,1,1,€ 377,2020/03/19,2020/03/20,5,9,90
ValentiaApartments - MercadoCentral,4185241,NA,Valencia,1,1,€ 441,2020/03/19,2020/03/20,0,"8,8",90
Hotel Valencia Alameda 41,4019381,NA,Valencia,1,1,€ 377,2020/03/19,2020/03/20,4,"9,1",90
L'Arbre,3972359,NA,Valencia,1,1,€ 377,2020/03/19,2020/03/20,0,"9,1",90
Valenciaflats Centro Ciudad,18544,NA,Valencia,1,1,€ 377,2020/03/19,2020/03/20,0,"9,2",90
Como en casa,4802186,NA,Valencia,1,1,€ 51,2020/03/19,2020/03/20,0,8,90
Casa Botànic - Céntrico y con comodidades,4218273,NA,Valencia,1,1,NA,2020/03/19,2020/03/20,0,"9,8",90
Pension MonaLisa Luxury Suites,3834224,NA,Valencia,1,1,€ 70,2020/03/19,2020/03/20,0,"8,2",90
Purple Nest Hostel,25278,NA,Valencia,1,1,€ 70,2020/03/19,2020/03/20,0,"8,2",90
El Coso,14580,NA,Valencia,1,1,€ 85,2020/03/19,2020/03/20,3,"8,2",90
Reina 12,1684198,NA,Valencia,1,1,€ 90,2020/03/19,2020/03/20,0,"8,2",90
Red Nest Hostel,92283,NA,Valencia,1,1,€ 99,2020/03/19,2020/03/20,0,"8,2",90
Zalamera BnB,1331238,NA,Valencia,1,1,€ 147,2020/03/19,2020/03/20,0,"8,7",90
Valenciaflats Centro Histórico,94781,NA,Valencia,1,1,€ 147,2020/03/19,2020/03/20,0,"8,7",90
Apartamento Bolseria 28,881275,NA,Valencia,1,1,NA,2020/03/19,2020/03/20,0,"9,5",90
Original Domino House,5434091,NA,Valencia,1,1,€ 148,2020/03/19,2020/03/20,0,"8,7",90
ABCyou Bed&Breakfast,189207,NA,Valencia,1,1,€ 148,2020/03/19,2020/03/20,0,"8,5",90
UNIK. Apartments Valencia,2241282,NA,Valencia,1,1,€ 149,2020/03/19,2020/03/20,0,"8,5",90
Barceló Valencia,91988,NA,Valencia,1,1,€ 150,2020/03/19,2020/03/20,4,"8,7",90
Opera House Valencia B&B,3533887,NA,Valencia,1,1,NA,2020/03/19,2020/03/20,0,"9,5",90
Host & Home,1663785,NA,Valencia,1,1,€ 377,2020/03/19,2020/03/20,0,9,90
Apartamento bianca,3205847,NA,Valencia,1,1,€ 377,2020/03/19,2020/03/20,0,"9,1",90
Lighthouse,2384209,NA,Valencia,1,1,€ 377,2020/03/19,2020/03/20,0,9,90
OCEANOGRAFIC DELUXE- PARKING- WI-FI,4095746,NA,Valencia,1,1,€ 377,2020/03/19,2020/03/20,0,9,90
OCEANOGRAFIC APARTMENT. PARKING. WI-FI,3107716,NA,Valencia,1,1,€ 377,2020/03/19,2020/03/20,0,9,90
AC Hotel Valencia,91063,NA,Valencia,1,1,€ 154,2020/03/19,2020/03/20,4,"8,5",90
Apartamentos Plaza Picasso,97063,NA,Valencia,1,1,€ 159,2020/03/19,2020/03/20,0,"8,5",90
Ciudad Ciencias- Lujo- Parking- Wi-Fi.,4999636,NA,Valencia,1,1,NA,2020/03/19,2020/03/20,0,"9,7",90
Sol Playa,12656,NA,Valencia,1,1,€ 105,2020/03/19,2020/03/20,2,"8,3",90
Port Valencia Center,5259971,NA,Valencia,1,1,NA,2020/03/19,2020/03/20,0,"9,8",90
NH Valencia Las Ciencias,90725,NA,Valencia,1,1,€ 118,2020/03/19,2020/03/20,3,8,90
Hotel Neptuno,91206,NA,Valencia,1,1,€ 162,2020/03/19,2020/03/20,4,"8,5",90
Eurostars Acteón,90495,NA,Valencia,1,1,€ 166,2020/03/19,2020/03/20,4,"8,5",90
Turia Burjassot 12,3237353,NA,Valencia,1,1,€ 168,2020/03/19,2020/03/20,0,"8,9",90
Select Home Mercado de Colón,2960845,NA,Valencia,1,1,€ 170,2020/03/19,2020/03/20,0,"8,9",90
Valenciaflats Torres de Serrano,17468,NA,Valencia,1,1,€ 175,2020/03/19,2020/03/20,0,"8,5",90
Pio XII Apartments Valencia,402080,NA,Valencia,1,1,€ 181,2020/03/19,2020/03/20,0,"8,6",90
Preciosa Casita Cerca Del Mar,4057271,NA,Valencia,1,1,NA,2020/03/19,2020/03/20,0,"9,7",90
Apartamento cerca de la Playa y el Centro,2620264,NA,Valencia,1,1,€ 187,2020/03/19,2020/03/20,0,"8,9",90
Apartamento Rosaleda,3014201,NA,Valencia,1,1,€ 190,2020/03/19,2020/03/20,0,"8,9",90
BUBUFLATS Mossén,1141763,NA,Valencia,1,1,€ 190,2020/03/19,2020/03/20,0,"8,8",90
The Westin Valencia,93321,NA,Valencia,1,1,€ 198,2020/03/19,2020/03/20,5,"8,7",90
Soho Valencia,1538641,NA,Valencia,1,1,€ 199,2020/03/19,2020/03/20,0,"8,9",90
NH Ciudad de Valencia,90729,NA,Valencia,1,1,€ 122,2020/03/19,2020/03/20,3,"8,1",90
Primus Valencia,331871,NA,Valencia,1,1,€ 122,2020/03/19,2020/03/20,4,"8,3",90
7 Moons Bed & Breakfast,464187,NA,Valencia,1,1,€ 134,2020/03/19,2020/03/20,0,"8,3",90
Hotel Medium Valencia,96838,NA,Valencia,1,1,€ 135,2020/03/19,2020/03/20,4,"8,2",90
United Colors of Apartments - Catedral,1301545,NA,Valencia,1,1,€ 139,2020/03/19,2020/03/20,0,"8,2",90
JL Ciudad de las Artes,3074378,NA,Valencia,1,1,NA,2020/03/19,2020/03/20,0,"9,6",90
Eurostars Gran Valencia,90484,NA,Valencia,1,1,€ 140,2020/03/19,2020/03/20,4,"8,4",90
Hotel Valencia Center,91285,NA,Valencia,1,1,€ 141,2020/03/19,2020/03/20,4,"8,4",90
Apartments Madrina,3278589,NA,Valencia,1,1,€ 200,2020/03/19,2020/03/20,0,"8,9",90
Apartamento Comedias,2236348,NA,Valencia,1,1,NA,2020/03/19,2020/03/20,0,"9,7",90
BUBUFLATS / Mercat,783206,NA,Valencia,1,1,€ 200,2020/03/19,2020/03/20,0,"8,9",90
Ilunion Aqua 4,92777,NA,Valencia,1,1,€ 201,2020/03/19,2020/03/20,4,"8,5",90
València Centre Túria,2185255,NA,Valencia,1,1,€ 207,2020/03/19,2020/03/20,0,"8,8",90
Hotel Valencia Oceanic Managed by Melia Hotels International,91522,NA,Valencia,1,1,€ 215,2020/03/19,2020/03/20,4,"8,6",90
Lotelito,570027,NA,Valencia,1,1,€ 221,2020/03/19,2020/03/20,0,"8,9",90
NH Valencia Las Artes,90731,NA,Valencia,1,1,€ 148,2020/03/19,2020/03/20,4,"8,4",90
Ilunion Aqua 3,92776,NA,Valencia,1,1,€ 157,2020/03/19,2020/03/20,3,"8,3",90
B&B Hi Valencia Canovas,305349,NA,Valencia,1,1,€ 159,2020/03/19,2020/03/20,0,"8,3",90
Nanit Valencia Hostel,3913497,NA,Valencia,1,1,€ 165,2020/03/19,2020/03/20,0,"8,4",90
Garden Turia Downtown,5201200,NA,Valencia,1,1,NA,2020/03/19,2020/03/20,0,"9,6",90
Eurostars Rey Don Jaime,91520,NA,Valencia,1,1,€ 170,2020/03/19,2020/03/20,4,"8,2",90
MD Modern Hotel - Jardines,305447,NA,Valencia,1,1,€ 171,2020/03/19,2020/03/20,1,"8,3",90
NH Valencia Center,90727,NA,Valencia,1,1,€ 174,2020/03/19,2020/03/20,4,"8,3",90
Silken Puerta Valencia,91182,NA,Valencia,1,1,€ 174,2020/03/19,2020/03/20,4,"8,3",90
Reina's Apartment,2130930,NA,Valencia,1,1,€ 175,2020/03/19,2020/03/20,0,"8,2",90
Petit Palace Ruzafa,90792,NA,Valencia,1,1,€ 225,2020/03/19,2020/03/20,3,"8,7",90
Blanq Carmen Hotel,97069,NA,Valencia,1,1,€ 226,2020/03/19,2020/03/20,3,"8,7",90
Colón Market Downtown,4607745,NA,Valencia,1,1,NA,2020/03/19,2020/03/20,0,"9,6",90
Reina Rooms,4211140,NA,Valencia,1,1,€ 232,2020/03/19,2020/03/20,0,"8,9",90
Casual del Cine Valencia,572187,NA,Valencia,1,1,€ 234,2020/03/19,2020/03/20,2,"8,7",90
Hotel San Lorenzo Boutique,1307718,NA,Valencia,1,1,€ 236,2020/03/19,2020/03/20,3,"8,6",90
Valencia Home,1638498,NA,Valencia,1,1,€ 237,2020/03/19,2020/03/20,0,"8,9",90
Citizentral Gascons,332095,NA,Valencia,1,1,€ 244,2020/03/19,2020/03/20,0,"8,8",90
Carrera Luxury,388247,NA,Valencia,1,1,€ 246,2020/03/19,2020/03/20,0,"8,7",90
APARTMENTS VALENCIA CENTER,5180014,NA,Valencia,1,1,NA,2020/03/19,2020/03/20,0,"9,6",90
Blanq Comedias,4922002,NA,Valencia,1,1,€ 247,2020/03/19,2020/03/20,0,"8,9",90
Hotel El Siglo,1741479,NA,Valencia,1,1,€ 265,2020/03/19,2020/03/20,3,"8,5",90
Zenit Valencia,92327,NA,Valencia,1,1,€ 266,2020/03/19,2020/03/20,4,"8,8",90
Perla Apartments,3146781,NA,Valencia,1,1,€ 270,2020/03/19,2020/03/20,0,"8,7",90
Petit Palace Plaza de la Reina,90443,NA,Valencia,1,1,€ 275,2020/03/19,2020/03/20,3,"8,7",90
AC Hotel Colon Valencia,1117150,NA,Valencia,1,1,€ 275,2020/03/19,2020/03/20,4,"8,7",90
Casa La Buhardilla,2985364,NA,Valencia,1,1,NA,2020/03/19,2020/03/20,0,"9,6",90
ApartUP San Vicente Hall,3168199,NA,Valencia,1,1,€ 280,2020/03/19,2020/03/20,0,"8,5",90
B&B Hi Valencia Boutique,1301725,NA,Valencia,1,1,€ 290,2020/03/19,2020/03/20,0,"8,7",90
El Palacete Gran Via,3483148,NA,Valencia,1,1,€ 307,2020/03/19,2020/03/20,0,"8,7",90
Cathedral Suites Hotel,1736257,NA,Valencia,1,1,€ 314,2020/03/19,2020/03/20,4,"8,9",90
Vincci Palace,94163,NA,Valencia,1,1,€ 317,2020/03/19,2020/03/20,4,"8,7",90
Flatsforyou Sorolla House,403442,NA,Valencia,1,1,€ 330,2020/03/19,2020/03/20,0,"8,6",90
Musico Art Flat,2925957,NA,Valencia,1,1,NA,2020/03/19,2020/03/20,0,"9,5",90
Catalonia Excelsior,90578,NA,Valencia,1,1,€ 350,2020/03/19,2020/03/20,3,"8,7",90
Hospes Palau de La Mar,93823,NA,Valencia,1,1,€ 382,2020/03/19,2020/03/20,5,"8,8",90
Mar & City Apartment,3456759,NA,Valencia,1,1,€ 394,2020/03/19,2020/03/20,0,"8,9",90
Zerka Sendra,4657122,NA,Valencia,1,1,€ 421,2020/03/19,2020/03/20,0,"8,9",90
ValentiaApartments - MercadoCentral,4185241,NA,Valencia,1,1,€ 437,2020/03/19,2020/03/20,0,"8,8",90
Senator Parque Central Hotel,274963,NA,Valencia,1,1,€ 180,2020/03/19,2020/03/20,4,"8,1",90
Urban Youth Hostel,1163025,NA,Valencia,1,1,€ 182,2020/03/19,2020/03/20,0,"8,4",90
Apartamento Tiziano,1528645,NA,Valencia,1,1,NA,2020/03/19,2020/03/20,0,"9,6",90
Habitaciones con Encanto,5629632,NA,Valencia,1,1,€ 190,2020/03/19,2020/03/20,0,"8,1",90
Apartamento Privado Próximo a Playa y Ciencias,3783163,NA,Valencia,1,1,€ 193,2020/03/19,2020/03/20,0,"8,3",90
Hotel Conqueridor,91047,NA,Valencia,1,1,€ 198,2020/03/19,2020/03/20,4,"8,3",90
Sweet Hotel Renasa,274818,NA,Valencia,1,1,€ 209,2020/03/19,2020/03/20,3,8,90
City Suites Apartments,3091106,NA,Valencia,1,1,€ 223,2020/03/19,2020/03/20,0,"8,3",90
Old Town Flats Casa Burguerini,4552106,NA,Valencia,1,1,€ 239,2020/03/19,2020/03/20,0,"8,3",90
La Morella del Carmen,5188541,NA,Valencia,1,1,NA,2020/03/19,2020/03/20,0,"9,5",90
NWT Central Station Apartments,3964093,NA,Valencia,1,1,€ 271,2020/03/19,2020/03/20,0,"8,2",90
Zerka Centro,4425975,NA,Valencia,1,1,€ 277,2020/03/19,2020/03/20,0,"8,3",90
Sweet Hotel Continental,93856,NA,Valencia,1,1,€ 281,2020/03/19,2020/03/20,2,"8,3",90
Apart and Benef,2291245,NA,Valencia,1,1,€ 36,2020/03/19,2020/03/20,0,"7,9",90
Habitación San Cayetano,4624401,NA,Valencia,1,1,€ 76,2020/03/19,2020/03/20,0,"7,5",90
United Colors of Studios - Mercado Central,2574108,NA,Valencia,1,1,€ 105,2020/03/19,2020/03/20,0,"7,7",90
L'Esplai Valencia Bed & Breakfast,1282556,NA,Valencia,1,1,NA,2020/03/19,2020/03/20,0,"9,5",90
UP Hostel Valencia,1710137,NA,Valencia,1,1,€ 107,2020/03/19,2020/03/20,0,"7,7",90
B&B Hotel Valencia Ciudad de las Ciencias,92242,NA,Valencia,1,1,€ 115,2020/03/19,2020/03/20,3,"7,5",90
Valencia Lounge Hostel,337203,NA,Valencia,1,1,€ 118,2020/03/19,2020/03/20,0,"7,7",90
Hotel Beleret,94652,NA,Valencia,1,1,€ 128,2020/03/19,2020/03/20,3,"7,7",90
Expo Hotel Valencia,91223,NA,Valencia,1,1,€ 131,2020/03/19,2020/03/20,3,"7,6",90
Hotel Turia,14441,NA,Valencia,1,1,€ 135,2020/03/19,2020/03/20,4,"7,5",90
Flight Mode Ruzafa,5473258,NA,Valencia,1,1,NA,2020/03/19,2020/03/20,0,"9,8",90
Ilunion Valencia 3,92818,NA,Valencia,1,1,€ 141,2020/03/19,2020/03/20,3,"7,9",90
Homestay Valencia,2597106,NA,Valencia,1,1,€ 150,2020/03/19,2020/03/20,0,"7,8",90
Casual de la Música Valencia,273130,NA,Valencia,1,1,€ 153,2020/03/19,2020/03/20,2,"7,5",90
Apartment Florista,2150187,NA,Valencia,1,1,€ 159,2020/03/19,2020/03/20,0,"7,9",90
Patacona Resort Apartments,189782,NA,Valencia,1,1,€ 172,2020/03/19,2020/03/20,0,"7,8",90
