name,propertyId,propertyType,city,rooms,days,price,checkIn,checkOut,stars,score,advance
Habitación en piso compartido,5433175,NA,Valencia,1,1,€ 40,2019/12/18,2019/12/19,0,9,7
Apartamentos Wallace,1698355,NA,Valencia,1,1,€ 42,2019/12/18,2019/12/19,0,"9,2",7
Apartment Sofi,2830696,NA,Valencia,1,1,NA,2019/12/18,2019/12/19,0,"9,7",7
Hostal Venecia,92883,NA,Valencia,1,1,€ 49,2019/12/18,2019/12/19,2,"9,1",7
Rooms Ciencias,94126,NA,Valencia,1,1,€ 49,2019/12/18,2019/12/19,0,9,7
Comfort Room(AVEValencia),5696103,NA,Valencia,1,1,€ 49,2019/12/18,2019/12/19,0,9,7
Maison Reina B&B,5004812,NA,Valencia,1,1,€ 49,2019/12/18,2019/12/19,0,"9,2",7
Lindala,5250762,NA,Valencia,1,1,€ 49,2019/12/18,2019/12/19,0,"9,3",7
Apartamentos Navío,5647176,NA,Valencia,1,1,€ 49,2019/12/18,2019/12/19,0,"9,3",7
La seda stay,3335523,NA,Valencia,1,1,NA,2019/12/18,2019/12/19,0,"9,6",7
OCEANOGRAFIC DELUXE- PARKING- WI-FI,4095746,NA,Valencia,1,1,€ 50,2019/12/18,2019/12/19,0,9,7
Mon Suites San Nicolas,4117225,NA,Valencia,1,1,€ 51,2019/12/18,2019/12/19,0,"9,1",7
Nest Style Valencia,5219046,NA,Valencia,1,1,€ 51,2019/12/18,2019/12/19,3,"9,3",7
Hideout 26,5658117,NA,Valencia,1,1,€ 54,2019/12/18,2019/12/19,0,9,7
Mon Suites Catedral,485679,NA,Valencia,1,1,€ 55,2019/12/18,2019/12/19,0,"9,2",7
Una Ubicacion Perfecta,3114164,NA,Valencia,1,1,€ 55,2019/12/18,2019/12/19,0,"9,2",7
El Corazon de Canovas,2634817,NA,Valencia,1,1,NA,2019/12/18,2019/12/19,0,"9,5",7
Valenciaflats Centro Ciudad,18544,NA,Valencia,1,1,€ 55,2019/12/18,2019/12/19,0,"9,2",7
Kasa Katia Eco Guest House,636256,NA,Valencia,1,1,€ 55,2019/12/18,2019/12/19,0,"9,3",7
DAD La Punta,5627002,NA,Valencia,1,1,€ 55,2019/12/18,2019/12/19,0,"9,3",7
City Garden Bed and Breakfast,2204361,NA,Valencia,1,1,€ 58,2019/12/18,2019/12/19,0,"9,4",7
Valencian Dreams,3268804,NA,Valencia,1,1,€ 60,2019/12/18,2019/12/19,0,"9,3",7
APARTAMENTO CENTRO- RUZAFA. WI-FI. PARKING,3144104,NA,Valencia,1,1,€ 60,2019/12/18,2019/12/19,0,"9,3",7
Valencia Apartamentos Goya,4256653,NA,Valencia,1,1,NA,2019/12/18,2019/12/19,0,"9,9",7
Live in Chianti,2227491,NA,Valencia,1,1,€ 60,2019/12/18,2019/12/19,0,"9,1",7
Habitación privada a 1500 metros de la playa,3789910,NA,Valencia,1,1,€ 60,2019/12/18,2019/12/19,0,"9,3",7
HQ Rooms Apartments San Vicente,2894429,NA,Valencia,1,1,€ 64,2019/12/18,2019/12/19,0,"9,2",7
La casita de Palomar,2132386,NA,Valencia,1,1,€ 65,2019/12/18,2019/12/19,0,"9,3",7
Brisa Mare Nostrum,2855311,NA,Valencia,1,1,€ 65,2019/12/18,2019/12/19,0,"9,2",7
Hotel Dimar,90886,NA,Valencia,1,1,€ 90,2019/12/18,2019/12/19,4,"8,7",7
Melia Plaza Valencia,13270,NA,Valencia,1,1,€ 94,2019/12/18,2019/12/19,4,"8,9",7
Total Valencia Ruzafa,1971579,NA,Valencia,1,1,NA,2019/12/18,2019/12/19,0,9,7
AC Hotel Colon Valencia,1117150,NA,Valencia,1,1,€ 97,2019/12/18,2019/12/19,4,"8,7",7
Melia Valencia,290493,NA,Valencia,1,1,€ 98,2019/12/18,2019/12/19,4,"8,8",7
New Trendy apartment,2426154,NA,Valencia,1,1,€ 100,2019/12/18,2019/12/19,0,"8,6",7
El Cactus,3201028,NA,Valencia,1,1,€ 100,2019/12/18,2019/12/19,0,"8,8",7
Friendly Rentals Ravel I,1634234,NA,Valencia,1,1,€ 100,2019/12/18,2019/12/19,0,"8,8",7
Mestalla Paradise,4734619,NA,Valencia,1,1,€ 100,2019/12/18,2019/12/19,0,"8,9",7
Cabanyal Marina Apartament,3615874,NA,Valencia,1,1,NA,2019/12/18,2019/12/19,0,"9,1",7
Friendly Rentals Brade,1918694,NA,Valencia,1,1,€ 100,2019/12/18,2019/12/19,0,"8,9",7
Friendly Rentals Schubert,1634221,NA,Valencia,1,1,€ 105,2019/12/18,2019/12/19,0,"8,8",7
Hotel Neptuno,91206,NA,Valencia,1,1,€ 108,2019/12/18,2019/12/19,4,"8,5",7
Apartamentos Valencia - Peset Aleixandre 135- FREE WI-FI,4262488,NA,Valencia,1,1,€ 109,2019/12/18,2019/12/19,0,"8,7",7
Friendly Rentals Soler,1634237,NA,Valencia,1,1,€ 110,2019/12/18,2019/12/19,0,"8,7",7
Tranquilo Apartamento En Plaza Cisneros,3127388,NA,Valencia,1,1,€ 111,2019/12/18,2019/12/19,0,"8,9",7
SingularStays Plaza del Mercado,1755231,NA,Valencia,1,1,NA,2019/12/18,2019/12/19,0,"8,6",7
Cathedral Suites Hotel,1736257,NA,Valencia,1,1,€ 112,2019/12/18,2019/12/19,4,"8,9",7
Mar & City Apartment,3456759,NA,Valencia,1,1,€ 113,2019/12/18,2019/12/19,0,"8,9",7
Apartamentos Valencia - Brazil 31 Free WiFi,4948554,NA,Valencia,1,1,€ 114,2019/12/18,2019/12/19,0,"8,7",7
Friendly Rentals Gala,1634252,NA,Valencia,1,1,€ 115,2019/12/18,2019/12/19,0,"8,8",7
Friendly Rentals Verdi 2,2523881,NA,Valencia,1,1,€ 115,2019/12/18,2019/12/19,0,"8,8",7
Ramirez Flats & Bar,4124528,NA,Valencia,1,1,€ 39,2019/12/18,2019/12/19,0,"9,5",7
PLAYA POBLA DE FARNALS,5508533,NA,Valencia,1,1,€ 46,2019/12/18,2019/12/19,0,"9,7",7
BONNIES Suites & Spa Valencia,3631910,NA,Valencia,1,1,NA,2019/12/18,2019/12/19,0,"9,8",7
Opera House Valencia B&B,3533887,NA,Valencia,1,1,€ 50,2019/12/18,2019/12/19,0,"9,5",7
HoGraFic,5739228,NA,Valencia,1,1,€ 53,2019/12/18,2019/12/19,2,"9,5",7
LOFT apartamento duplex en Valencia con parking gratis,5519008,NA,Valencia,1,1,€ 65,2019/12/18,2019/12/19,0,"9,8",7
Piso en La Ciudad de Artes,3832790,NA,Valencia,1,1,€ 65,2019/12/18,2019/12/19,0,"9,6",7
Bubuflats Bubu 3,1014334,NA,Valencia,1,1,€ 68,2019/12/18,2019/12/19,0,"9,5",7
Hostal Antigua Morellana,1273937,NA,Valencia,1,1,€ 70,2019/12/18,2019/12/19,1,"9,5",7
Apartments Torres de Serranos Valencia,1099602,NA,Valencia,1,1,NA,2019/12/18,2019/12/19,0,"9,7",7
Apartments Downtown Valencia,2250421,NA,Valencia,1,1,€ 75,2019/12/18,2019/12/19,0,"9,6",7
Valencian Dreams Lonja,4757385,NA,Valencia,1,1,€ 76,2019/12/18,2019/12/19,0,"9,6",7
L'Esplai Valencia Bed & Breakfast,1282556,NA,Valencia,1,1,€ 79,2019/12/18,2019/12/19,0,"9,5",7
Apartamento Gran Vía Marqués del Turia,2358973,NA,Valencia,1,1,€ 116,2019/12/18,2019/12/19,0,"8,6",7
Apartments Catedral,309686,NA,Valencia,1,1,NA,2019/12/18,2019/12/19,0,"8,8",7
Welcome Apartamentos Pintor Stolz 31 Valencia,5019066,NA,Valencia,1,1,€ 119,2019/12/18,2019/12/19,0,"8,9",7
Valencia-Ruzafa Studio,3235983,NA,Valencia,1,1,€ 120,2019/12/18,2019/12/19,0,"8,8",7
Friendly Rentals Strauss,1634236,NA,Valencia,1,1,€ 120,2019/12/18,2019/12/19,0,"8,6",7
GOERLICH SUITES VALENCIA,5795923,NA,Valencia,1,1,€ 80,2019/12/18,2019/12/19,0,"9,5",7
Hotel Cosmo,4838858,NA,Valencia,1,1,€ 89,2019/12/18,2019/12/19,3,"9,6",7
ÁTICO PTA 13 EN EL CENTRO DE VALENCIA VT-45727-T,4612077,NA,Valencia,1,1,€ 95,2019/12/18,2019/12/19,0,"9,5",7
Ciudad Ciencias- Lujo- Parking- Wi-Fi.,4999636,NA,Valencia,1,1,NA,2019/12/18,2019/12/19,0,"9,7",7
RUZAFA- CENTRO-A/C- WI-FI- PARKING,2885994,NA,Valencia,1,1,€ 100,2019/12/18,2019/12/19,0,"9,7",7
Disfruta - Enjoy Valencia Ayuntamiento,4901194,NA,Valencia,1,1,€ 124,2019/12/18,2019/12/19,0,"9,6",7
Disfruta - Enjoy Valencia Oceanografic,4121345,NA,Valencia,1,1,€ 124,2019/12/18,2019/12/19,0,"9,6",7
Apartments Sollana Near the Turia Park Valencia,5546417,NA,Valencia,1,1,€ 121,2019/12/18,2019/12/19,0,"8,7",7
SH Valencia Palace,91497,NA,Valencia,1,1,€ 125,2019/12/18,2019/12/19,5,"8,6",7
Brisa Mare Nostrum,2855311,NA,Valencia,1,1,€ 65,2019/12/18,2019/12/19,0,"9,2",7
Citizentral Juristas,1113127,NA,Valencia,1,1,€ 66,2019/12/18,2019/12/19,0,"9,2",7
Disfruta - Enjoy Valencia Ruzafa,3890328,NA,Valencia,1,1,€ 124,2019/12/18,2019/12/19,0,"9,6",7
Beach Luxury Apartment,5722332,NA,Valencia,1,1,€ 130,2019/12/18,2019/12/19,0,"9,7",7
Palacio Vallier 5*,4639648,NA,Valencia,1,1,€ 135,2019/12/18,2019/12/19,5,"9,7",7
Colors Rooms,675839,NA,Valencia,1,1,NA,2019/12/18,2019/12/19,0,"9,5",7
BUBUSUITES by Bubuflats,2389776,NA,Valencia,1,1,€ 68,2019/12/18,2019/12/19,0,"9,3",7
Bianca,4232781,NA,Valencia,1,1,€ 69,2019/12/18,2019/12/19,0,9,7
Mon Suites San Martin,2777545,NA,Valencia,1,1,€ 69,2019/12/18,2019/12/19,0,"9,4",7
OttoH Charm Stay,2459807,NA,Valencia,1,1,€ 69,2019/12/18,2019/12/19,0,"9,3",7
Casual Socarrat Valencia,5142800,NA,Valencia,1,1,€ 71,2019/12/18,2019/12/19,3,"9,1",7
Biopark View Apartment,2381901,NA,Valencia,1,1,€ 72,2019/12/18,2019/12/19,0,"9,1",7
Homely Nest Valencia El Carme,3790877,NA,Valencia,1,1,NA,2019/12/18,2019/12/19,0,"9,8",7
Flatsforyou Carmen,593824,NA,Valencia,1,1,€ 72,2019/12/18,2019/12/19,0,"9,1",7
Palacio de Rojas,1073276,NA,Valencia,1,1,€ 73,2019/12/18,2019/12/19,0,"9,3",7
Apartment Cisneros 2,2361375,NA,Valencia,1,1,NA,2019/12/18,2019/12/19,0,"9,7",7
Disfruta - Enjoy Valencia Centre,3881970,NA,Valencia,1,1,€ 139,2019/12/18,2019/12/19,0,"9,8",7
Casa Calle Conquista,4691493,NA,Valencia,1,1,€ 165,2019/12/18,2019/12/19,0,"9,5",7
Cantagua Hostel,4074640,NA,Valencia,1,1,€ 26,2019/12/18,2019/12/19,0,"9,1",7
United Colors of Apartments Boutique Style,5372347,NA,Valencia,1,1,€ 35,2019/12/18,2019/12/19,0,"9,2",7
Valenciaflats Ciudad de las Ciencias,93676,NA,Valencia,1,1,€ 39,2019/12/18,2019/12/19,0,"9,1",7
Original Domino House,5434091,NA,Valencia,1,1,€ 55,2019/12/18,2019/12/19,0,"8,7",7
Piso luminoso cerca de la playa,3583906,NA,Valencia,1,1,€ 56,2019/12/18,2019/12/19,0,"8,5",7
Forn desamparats,2380447,NA,Valencia,1,1,NA,2019/12/18,2019/12/19,0,"9,4",7
Petit Palace Ruzafa,90792,NA,Valencia,1,1,€ 56,2019/12/18,2019/12/19,3,"8,7",7
Hotel Valencia Alameda 41,4019381,NA,Valencia,1,1,€ 74,2019/12/18,2019/12/19,4,"9,2",7
Apartamentos Edificio Palomar,189277,NA,Valencia,1,1,€ 75,2019/12/18,2019/12/19,0,"9,2",7
Dama Del Puerto,3230781,NA,Valencia,1,1,€ 75,2019/12/18,2019/12/19,0,"9,1",7
RUZAFA. Nice apartment and Terrace.,4368595,NA,Valencia,1,1,€ 75,2019/12/18,2019/12/19,0,"9,3",7
ÁTICO EN EL CENTRO DE VALENCIA VT-45939-T,4752815,NA,Valencia,1,1,NA,2019/12/18,2019/12/19,0,"9,6",7
Teixidors de Palomar,2639791,NA,Valencia,1,1,€ 75,2019/12/18,2019/12/19,0,"9,3",7
Perla Apartments,3146781,NA,Valencia,1,1,€ 57,2019/12/18,2019/12/19,0,"8,7",7
B&B Hi Valencia Boutique,1301725,NA,Valencia,1,1,€ 58,2019/12/18,2019/12/19,0,"8,7",7
Hotel Mediterraneo Valencia,92412,NA,Valencia,1,1,€ 58,2019/12/18,2019/12/19,3,"8,9",7
Apartamento Ruzafa Centro I,2006333,NA,Valencia,1,1,€ 75,2019/12/18,2019/12/19,0,"9,2",7
MD Design Hotel - Portal del Real,2391685,NA,Valencia,1,1,€ 75,2019/12/18,2019/12/19,2,"9,1",7
Center City Flats,861452,NA,Valencia,1,1,€ 77,2019/12/18,2019/12/19,0,9,7
Ad Hoc Carmen,1173270,NA,Valencia,1,1,€ 59,2019/12/18,2019/12/19,2,"8,9",7
Petit Palomar,2187491,NA,Valencia,1,1,€ 60,2019/12/18,2019/12/19,0,"8,9",7
Loft zona Pechina en Valencia centro,2524985,NA,Valencia,1,1,NA,2019/12/18,2019/12/19,0,"9,1",7
Apartamento Jesus De Medinaceli,1728697,NA,Valencia,1,1,€ 60,2019/12/18,2019/12/19,0,"8,6",7
Casual del Cine Valencia,572187,NA,Valencia,1,1,€ 60,2019/12/18,2019/12/19,2,"8,7",7
Apartments Madrina,3278589,NA,Valencia,1,1,€ 61,2019/12/18,2019/12/19,0,"8,9",7
Citizentral Gascons,332095,NA,Valencia,1,1,€ 63,2019/12/18,2019/12/19,0,"8,8",7
Sorolla Centro,90896,NA,Valencia,1,1,€ 77,2019/12/18,2019/12/19,3,"9,1",7
Rosa del mar2,4259814,NA,Valencia,1,1,€ 79,2019/12/18,2019/12/19,0,"9,2",7
Cabanyal Apartments Beach,5402234,NA,Valencia,1,1,NA,2019/12/18,2019/12/19,0,"9,8",7
MOM La Punta,3105661,NA,Valencia,1,1,€ 80,2019/12/18,2019/12/19,0,"9,4",7
Dolz Garden Ruzafa,1123993,NA,Valencia,1,1,€ 80,2019/12/18,2019/12/19,0,"9,2",7
Valencian Apartment,2298621,NA,Valencia,1,1,€ 84,2019/12/18,2019/12/19,0,9,7
Palau de Palomar,471283,NA,Valencia,1,1,€ 85,2019/12/18,2019/12/19,0,"9,1",7
Eurostars Acteón,90495,NA,Valencia,1,1,€ 41,2019/12/18,2019/12/19,4,"8,5",7
Palacios Rooms,2773548,NA,Valencia,1,1,€ 42,2019/12/18,2019/12/19,0,"8,5",7
One Shot Mercat 09,2274203,NA,Valencia,1,1,€ 85,2019/12/18,2019/12/19,4,"9,1",7
Tramontana Apartments,1277215,NA,Valencia,1,1,NA,2019/12/18,2019/12/19,0,9,7
Lotelito,570027,NA,Valencia,1,1,€ 42,2019/12/18,2019/12/19,0,"8,9",7
Boutique Creative Rooms,2334726,NA,Valencia,1,1,€ 63,2019/12/18,2019/12/19,0,"8,8",7
El Palacete Gran Via,3483148,NA,Valencia,1,1,€ 64,2019/12/18,2019/12/19,0,"8,7",7
Apartamento bianca,3205847,NA,Valencia,1,1,NA,2019/12/18,2019/12/19,0,"9,1",7
Turia Burjassot 12,3237353,NA,Valencia,1,1,€ 65,2019/12/18,2019/12/19,0,"8,9",7
Flatsforyou Bonaire,455152,NA,Valencia,1,1,€ 75,2019/12/18,2019/12/19,0,"8,4",7
Ático cerca del mar,4040503,NA,Valencia,1,1,€ 75,2019/12/18,2019/12/19,0,"8,3",7
Zalamera BnB,1331238,NA,Valencia,1,1,NA,2019/12/18,2019/12/19,0,"8,7",7
NH Valencia Center,90727,NA,Valencia,1,1,€ 76,2019/12/18,2019/12/19,4,"8,3",7
Ilunion Aqua 3,92776,NA,Valencia,1,1,€ 77,2019/12/18,2019/12/19,3,"8,3",7
Eurostars Rey Don Jaime,91520,NA,Valencia,1,1,€ 80,2019/12/18,2019/12/19,4,"8,2",7
Preciosos Apartamentos en el Carmen,2918345,NA,Valencia,1,1,€ 80,2019/12/18,2019/12/19,0,8,7
Reina's Apartment,2130930,NA,Valencia,1,1,€ 80,2019/12/18,2019/12/19,0,"8,2",7
NWT Central Station Apartments,3964093,NA,Valencia,1,1,€ 84,2019/12/18,2019/12/19,0,"8,2",7
Total Valencia Cathedral,1908021,NA,Valencia,1,1,NA,2019/12/18,2019/12/19,0,"8,8",7
Apartamento Privado Próximo a Playa y Ciencias,3783163,NA,Valencia,1,1,€ 89,2019/12/18,2019/12/19,0,"8,3",7
Zerka Centro,4425975,NA,Valencia,1,1,€ 89,2019/12/18,2019/12/19,0,"8,3",7
Ilunion Valencia 4,754329,NA,Valencia,1,1,€ 90,2019/12/18,2019/12/19,4,"8,1",7
Apartamento Plaza Sainetero,2743838,NA,Valencia,1,1,€ 93,2019/12/18,2019/12/19,0,"8,1",7
El Coral Apartment Valencia,3606766,NA,Valencia,1,1,€ 65,2019/12/18,2019/12/19,0,"8,7",7
València Centre Torres de Quart,886289,NA,Valencia,1,1,€ 66,2019/12/18,2019/12/19,0,"8,9",7
Casa del Patriarca,364834,NA,Valencia,1,1,€ 43,2019/12/18,2019/12/19,0,"8,9",7
Buho House,3777691,NA,Valencia,1,1,€ 44,2019/12/18,2019/12/19,0,"8,5",7
Hotel Olympia Universidades,1301731,NA,Valencia,1,1,€ 44,2019/12/18,2019/12/19,3,"8,5",7
APARTAMENTO LAS MELLIZAS,4651578,NA,Valencia,1,1,€ 50,2019/12/18,2019/12/19,0,"8,3",7
Friendly Rentals Puerto Deportivo,2317861,NA,Valencia,1,1,€ 100,2019/12/18,2019/12/19,0,"8,2",7
Habitación doble,3599930,NA,Valencia,1,1,NA,2019/12/18,2019/12/19,0,"8,9",7
Friendly Rentals Pergolesi,1634240,NA,Valencia,1,1,€ 105,2019/12/18,2019/12/19,0,"8,3",7
Apartments Welcome to Valencia Peset Aleixandre 69,4964856,NA,Valencia,1,1,€ 109,2019/12/18,2019/12/19,0,"8,2",7
Apartamento frente al mar,3060802,NA,Valencia,1,1,€ 109,2019/12/18,2019/12/19,0,"8,2",7
Apartamentos Sollana 18 Cerca de les Arts i les Ciencies Valencia- FREE WI-FI,5232423,NA,Valencia,1,1,€ 112,2019/12/18,2019/12/19,0,"8,4",7
Friendly Rentals Montaner Beach,2314997,NA,Valencia,1,1,€ 135,2019/12/18,2019/12/19,0,9,7
Petit Palace Plaza de la Reina,90443,NA,Valencia,1,1,€ 67,2019/12/18,2019/12/19,3,"8,7",7
Sercotel Sorolla Palace,93646,NA,Valencia,1,1,€ 67,2019/12/18,2019/12/19,4,"8,6",7
BUBUFLATS / Mercat,783206,NA,Valencia,1,1,€ 68,2019/12/18,2019/12/19,0,"8,9",7
Center Valencia,2944722,NA,Valencia,1,1,NA,2019/12/18,2019/12/19,0,"9,3",7
Valenciaflats Centro Histórico,94781,NA,Valencia,1,1,€ 45,2019/12/18,2019/12/19,0,"8,7",7
Soho Valencia,1538641,NA,Valencia,1,1,€ 45,2019/12/18,2019/12/19,0,"8,9",7
Apartamento centro frente a Torres de Serrano,3408067,NA,Valencia,1,1,NA,2019/12/18,2019/12/19,0,"9,3",7
BUBUFLATS Mossén,1141763,NA,Valencia,1,1,€ 68,2019/12/18,2019/12/19,0,"8,8",7
Superb Central Market Apt,1309446,NA,Valencia,1,1,€ 69,2019/12/18,2019/12/19,0,"8,7",7
SKY TOURISTIC ATTIC,281640,NA,Valencia,1,1,€ 45,2019/12/18,2019/12/19,0,"8,5",7
Jardín Botánico Hotel Boutique,93369,NA,Valencia,1,1,€ 45,2019/12/18,2019/12/19,3,"8,9",7
València Centre Túria,2185255,NA,Valencia,1,1,€ 47,2019/12/18,2019/12/19,0,"8,8",7
Loft by the Beach,4441671,NA,Valencia,1,1,€ 115,2019/12/18,2019/12/19,0,"8,4",7
Friendly Rentals Gimenez,1634242,NA,Valencia,1,1,€ 115,2019/12/18,2019/12/19,0,"8,1",7
Friendly Rentals Vives 2,2523871,NA,Valencia,1,1,NA,2019/12/18,2019/12/19,0,"8,9",7
Mediterranean Flats Plaza Redonda,4086496,NA,Valencia,1,1,€ 136,2019/12/18,2019/12/19,0,"9,2",7
COZY APARTMENT VALENCIA BEACHFRONT!,3128516,NA,Valencia,1,1,NA,2019/12/18,2019/12/19,0,"9,4",7
Sweet Caroline Apartment,1811784,NA,Valencia,1,1,€ 150,2019/12/18,2019/12/19,0,"9,2",7
B BEACH VALENCIA,5125954,NA,Valencia,1,1,€ 150,2019/12/18,2019/12/19,0,9,7
Carrer de María Montessori,3272386,NA,Valencia,1,1,€ 120,2019/12/18,2019/12/19,0,"8,2",7
Friendly Rentals Verdi,1634232,NA,Valencia,1,1,€ 120,2019/12/18,2019/12/19,0,"8,1",7
Apartamentos Dormavalencia,4450983,NA,Valencia,1,1,€ 121,2019/12/18,2019/12/19,0,"8,4",7
Hotel Gabbeach,403586,NA,Valencia,1,1,€ 69,2019/12/18,2019/12/19,3,"8,5",7
One Shot Colón 46,1394168,NA,Valencia,1,1,€ 69,2019/12/18,2019/12/19,3,"8,7",7
Balandra Flat,2032624,NA,Valencia,1,1,€ 69,2019/12/18,2019/12/19,0,"8,5",7
Duplex en Blasco Ibáñez,3672426,NA,Valencia,1,1,€ 155,2019/12/18,2019/12/19,0,9,7
Caro Hotel,348132,NA,Valencia,1,1,€ 179,2019/12/18,2019/12/19,5,"9,2",7
Apartamento Playa Wifi Gratis,3495634,NA,Valencia,1,1,€ 190,2019/12/18,2019/12/19,0,"9,2",7
Turia Town,4064373,NA,Valencia,1,1,€ 47,2019/12/18,2019/12/19,0,"8,8",7
Pio XII Apartments Valencia,402080,NA,Valencia,1,1,€ 47,2019/12/18,2019/12/19,0,"8,6",7
Florista's Room en Valencia,5502152,NA,Valencia,1,1,€ 48,2019/12/18,2019/12/19,0,"8,8",7
Charming Ninetta,3220582,NA,Valencia,1,1,NA,2019/12/18,2019/12/19,0,"9,3",7
Port Feria Valencia,92852,NA,Valencia,1,1,€ 124,2019/12/18,2019/12/19,4,"8,3",7
Friendly rentals Enesco Beach,2526514,NA,Valencia,1,1,€ 130,2019/12/18,2019/12/19,0,"8,1",7
Apartamentos Plaza Picasso,97063,NA,Valencia,1,1,€ 49,2019/12/18,2019/12/19,0,"8,5",7
Luz de Valencia,2076095,NA,Valencia,1,1,€ 49,2019/12/18,2019/12/19,0,"8,8",7
ABCyou Bed&Breakfast,189207,NA,Valencia,1,1,€ 49,2019/12/18,2019/12/19,0,"8,5",7
Moon Valencia,3560698,NA,Valencia,1,1,€ 50,2019/12/18,2019/12/19,0,"8,7",7
Blanq Comedias,4922002,NA,Valencia,1,1,€ 50,2019/12/18,2019/12/19,0,"8,9",7
Comfort Homestay,5423155,NA,Valencia,1,1,€ 50,2019/12/18,2019/12/19,0,"8,7",7
Apartamento en la Ciudad de las ciencias,2837499,NA,Valencia,1,1,NA,2019/12/18,2019/12/19,0,"9,2",7
Hotel El Siglo,1741479,NA,Valencia,1,1,€ 52,2019/12/18,2019/12/19,3,"8,5",7
Reina Rooms,4211140,NA,Valencia,1,1,€ 53,2019/12/18,2019/12/19,0,"8,9",7
Welcomer Apartments Valencia,19363,NA,Valencia,1,1,€ 53,2019/12/18,2019/12/19,0,"8,7",7
Jardines del Turia - Espacioso apartamento,2734126,NA,Valencia,1,1,€ 195,2019/12/18,2019/12/19,0,9,7
APARTAMENTO CENTRICO. WI-FI. PARKING,2967593,NA,Valencia,1,1,NA,2019/12/18,2019/12/19,0,"9,1",7
Loft Superior el Carmen,2784473,NA,Valencia,1,1,€ 209,2019/12/18,2019/12/19,0,"9,3",7
Hotel San Lorenzo Boutique,1307718,NA,Valencia,1,1,€ 54,2019/12/18,2019/12/19,3,"8,6",7
Hotel Kramer,91106,NA,Valencia,1,1,€ 55,2019/12/18,2019/12/19,3,"8,8",7
Old Fisherman's House in Malvarrosa Beach,3618172,NA,Valencia,1,1,€ 234,2019/12/18,2019/12/19,0,"9,4",7
MD Julio Antonio Apartment Center,3961049,NA,Valencia,1,1,€ 285,2019/12/18,2019/12/19,0,"9,1",7
Art&Flats Bed&Breakfast,5238345,NA,Valencia,1,1,€ 14,2019/12/18,2019/12/19,0,"8,8",7
The River Hostel,494202,NA,Valencia,1,1,€ 10,2019/12/18,2019/12/19,0,"8,5",7
City Suites Apartments,3091106,NA,Valencia,1,1,€ 42,2019/12/18,2019/12/19,0,"8,3",7
Valenciaflats Torres de Serrano,17468,NA,Valencia,1,1,€ 42,2019/12/18,2019/12/19,0,"8,4",7
Atico Ruzafa,2071194,NA,Valencia,1,1,NA,2019/12/18,2019/12/19,0,"8,9",7
Valencia Suits You Citytel,1106307,NA,Valencia,1,1,€ 29,2019/12/18,2019/12/19,2,"8,6",7
Austria 4,1605997,NA,Valencia,1,1,NA,2019/12/18,2019/12/19,0,9,7
UNIK. Apartments Valencia,2241282,NA,Valencia,1,1,€ 33,2019/12/18,2019/12/19,0,"8,5",7
HOSPEDAJE PESET,4718074,NA,Valencia,1,1,€ 40,2019/12/18,2019/12/19,0,"7,5",7
Como en casa,4802186,NA,Valencia,1,1,€ 41,2019/12/18,2019/12/19,0,"7,9",7
Total Valencia Elegance,493941,NA,Valencia,1,1,NA,2019/12/18,2019/12/19,0,"8,6",7
Valencia City Host,1177077,NA,Valencia,1,1,€ 43,2019/12/18,2019/12/19,0,"7,7",7
Hotel Beleret,94652,NA,Valencia,1,1,€ 44,2019/12/18,2019/12/19,3,"7,7",7
Valero Vintage,3315727,NA,Valencia,1,1,€ 45,2019/12/18,2019/12/19,0,"7,8",7
Pensión Alicante,298710,NA,Valencia,1,1,€ 35,2019/12/18,2019/12/19,0,"8,5",7
Homestay Carrer Sagun,5006434,NA,Valencia,1,1,€ 36,2019/12/18,2019/12/19,0,"8,8",7
Hotel Malcom and Barret,483261,NA,Valencia,1,1,€ 37,2019/12/18,2019/12/19,3,"8,7",7
Patacona Green Flats,292996,NA,Valencia,1,1,€ 46,2019/12/18,2019/12/19,0,"7,7",7
Hotel Turia,14441,NA,Valencia,1,1,€ 47,2019/12/18,2019/12/19,4,"7,5",7
YOU & CO. Saler Beach Boutique,4533007,NA,Valencia,1,1,€ 37,2019/12/18,2019/12/19,3,"8,9",7
Home Youth Hostel by Feetup Hostels,189322,NA,Valencia,1,1,€ 37,2019/12/18,2019/12/19,0,"8,8",7
MÍ casa YOUR HOME,3328967,NA,Valencia,1,1,NA,2019/12/18,2019/12/19,0,"9,2",7
Blanq Carmen Hotel,97069,NA,Valencia,1,1,€ 39,2019/12/18,2019/12/19,3,"8,7",7
Big sunny room.,5333222,NA,Valencia,1,1,€ 42,2019/12/18,2019/12/19,0,"8,3",7
B&B Hi Valencia Canovas,305349,NA,Valencia,1,1,€ 42,2019/12/18,2019/12/19,0,"8,3",7
Happy Apartments Valencia,456043,NA,Valencia,1,1,€ 43,2019/12/18,2019/12/19,0,"8,2",7
Hulot B&B Valencia,585429,NA,Valencia,1,1,€ 40,2019/12/18,2019/12/19,0,"8,5",7
B&B Almirante,369695,NA,Valencia,1,1,€ 40,2019/12/18,2019/12/19,1,"8,8",7
Quart Youth Hostel,476418,NA,Valencia,1,1,€ 41,2019/12/18,2019/12/19,0,"8,6",7
Happy Apartments Valencia – Lope de Vega,575582,NA,Valencia,1,1,€ 43,2019/12/18,2019/12/19,0,8,7
Balcón Al Mar,295109,NA,Valencia,1,1,€ 41,2019/12/18,2019/12/19,0,"8,5",7
Sweet Hotel Continental,93856,NA,Valencia,1,1,€ 44,2019/12/18,2019/12/19,2,"8,3",7
Coroa Malvarrosa,1638172,NA,Valencia,1,1,€ 44,2019/12/18,2019/12/19,0,"8,2",7
Apartments Viveros,1069530,NA,Valencia,1,1,NA,2019/12/18,2019/12/19,0,"8,6",7
Hotel Villacarlos,90730,NA,Valencia,1,1,€ 43,2019/12/18,2019/12/19,3,8,7
Up Town,2244083,NA,Valencia,1,1,€ 45,2019/12/18,2019/12/19,0,"8,2",7
Dormavalencia Hostel Regne,291755,NA,Valencia,1,1,€ 45,2019/12/18,2019/12/19,1,8,7
Apartamento Gutenberg,1327120,NA,Valencia,1,1,€ 45,2019/12/18,2019/12/19,0,"8,2",7
Aparthotel Valencia Rental,17344,NA,Valencia,1,1,€ 47,2019/12/18,2019/12/19,0,8,7
OYO Style Apartments Puerto,1558265,NA,Valencia,1,1,€ 47,2019/12/18,2019/12/19,0,"8,1",7
Departamento Valencia,2227701,NA,Valencia,1,1,NA,2019/12/18,2019/12/19,0,"8,8",7
Casual de la Música Valencia,273130,NA,Valencia,1,1,€ 47,2019/12/18,2019/12/19,2,"7,5",7
Burjassot Mestalla,3058627,NA,Valencia,1,1,NA,2019/12/18,2019/12/19,0,"8,6",7
Cosy Rooms Tapinería,371192,NA,Valencia,1,1,€ 49,2019/12/18,2019/12/19,2,"7,5",7
B&B Hotel Valencia Ciudad de las Ciencias,92242,NA,Valencia,1,1,€ 50,2019/12/18,2019/12/19,3,"7,5",7
El Globo,24498,NA,Valencia,1,1,€ 50,2019/12/18,2019/12/19,1,"7,7",7
Hostal Bisbal,235665,NA,Valencia,1,1,€ 50,2019/12/18,2019/12/19,1,"7,6",7
City Center Apartments,4426057,NA,Valencia,1,1,€ 53,2019/12/18,2019/12/19,0,"7,8",7
Hotel Medium Valencia,96838,NA,Valencia,1,1,€ 54,2019/12/18,2019/12/19,4,"8,2",7
Dormavalencia Hostel,249585,NA,Valencia,1,1,€ 48,2019/12/18,2019/12/19,1,"8,2",7
Apartamentos el Pilar,237104,NA,Valencia,1,1,€ 49,2019/12/18,2019/12/19,0,8,7
SHF Flats Baron,1033085,NA,Valencia,1,1,€ 49,2019/12/18,2019/12/19,0,8,7
Alex Apartment,1756374,NA,Valencia,1,1,€ 54,2019/12/18,2019/12/19,0,8,7
San Pedro,3819255,NA,Valencia,1,1,NA,2019/12/18,2019/12/19,0,"8,7",7
Hotel Alkazar,408511,NA,Valencia,1,1,€ 54,2019/12/18,2019/12/19,1,8,7
Holiday Inn Express Ciudad de las Ciencias,96737,NA,Valencia,1,1,€ 53,2019/12/18,2019/12/19,3,"7,9",7
Flats Hondures,2194645,NA,Valencia,1,1,NA,2019/12/18,2019/12/19,0,"8,7",7
SHF Plaza de la Reina,1682520,NA,Valencia,1,1,€ 53,2019/12/18,2019/12/19,0,"7,8",7
Patacona Resort Apartments,189782,NA,Valencia,1,1,€ 54,2019/12/18,2019/12/19,0,"7,8",7
Checkin Valencia,93743,NA,Valencia,1,1,€ 54,2019/12/18,2019/12/19,4,"7,8",7
Expo Hotel Valencia,91223,NA,Valencia,1,1,€ 55,2019/12/18,2019/12/19,3,"7,6",7
Habitaciones Valero,3735725,NA,Valencia,1,1,€ 49,2019/12/18,2019/12/19,0,"8,1",7
Nanit Valencia Hostel,3913497,NA,Valencia,1,1,€ 49,2019/12/18,2019/12/19,0,"8,4",7
Apartamentos Valencia,1007682,NA,Valencia,1,1,€ 50,2019/12/18,2019/12/19,0,"8,1",7
Apartamento Alguer,4005334,NA,Valencia,1,1,€ 65,2019/12/18,2019/12/19,0,"7,7",7
Suites by Eric Olsan (L),4287413,NA,Valencia,1,1,€ 73,2019/12/18,2019/12/19,0,"7,6",7
Down Town,1656378,NA,Valencia,1,1,NA,2019/12/18,2019/12/19,0,"8,3",7
Apartment Plaza de la Merced,3457190,NA,Valencia,1,1,€ 79,2019/12/18,2019/12/19,0,"7,9",7
Art of Dance Apartment Valencia,3732969,NA,Valencia,1,1,€ 80,2019/12/18,2019/12/19,0,"7,7",7
Kirei Apartment Dublin,4639542,NA,Valencia,1,1,€ 82,2019/12/18,2019/12/19,0,"7,8",7
Catedral Reina Apartaments,5348651,NA,Valencia,1,1,€ 109,2019/12/18,2019/12/19,0,"7,9",7
Select Home Town Hall,1648016,NA,Valencia,1,1,€ 120,2019/12/18,2019/12/19,0,"7,5",7
Jero Rooms,296743,NA,Valencia,1,1,€ 55,2019/12/18,2019/12/19,0,"7,7",7
Apartamento Angel Alcazar 35,2174625,NA,Valencia,1,1,€ 55,2019/12/18,2019/12/19,0,"7,5",7
Lola Apartment Encorts,2016138,NA,Valencia,1,1,NA,2019/12/18,2019/12/19,0,"8,6",7
El 16 Ruzafa,865461,NA,Valencia,1,1,€ 59,2019/12/18,2019/12/19,0,"7,7",7
Oceanográfico Apartments & Spa,324918,NA,Valencia,1,1,€ 59,2019/12/18,2019/12/19,0,"7,5",7
City of Arts & Spa Apartment,4820684,NA,Valencia,1,1,€ 60,2019/12/18,2019/12/19,0,"7,8",7
Apartaments San Pio V,2456151,NA,Valencia,1,1,NA,2019/12/18,2019/12/19,0,"8,8",7
Hotel Valencia Center,91285,NA,Valencia,1,1,€ 51,2019/12/18,2019/12/19,4,"8,4",7
Hotel Medium Valencia,96838,NA,Valencia,1,1,€ 54,2019/12/18,2019/12/19,4,"8,2",7
Alex Apartment,1756374,NA,Valencia,1,1,€ 54,2019/12/18,2019/12/19,0,8,7
Ilunion Valencia 3,92818,NA,Valencia,1,1,€ 62,2019/12/18,2019/12/19,3,"7,9",7
SEA YOU HOTEL PORT VALENCIA,92328,NA,Valencia,1,1,€ 62,2019/12/18,2019/12/19,4,"7,8",7
Cozy apartment in Valencia center,3402135,NA,Valencia,1,1,€ 87,2019/12/18,2019/12/19,0,"9,1",7
Vincci Mercat,1279484,NA,Valencia,1,1,€ 88,2019/12/18,2019/12/19,4,9,7
Cómoda habitación Valencia,4200488,NA,Valencia,1,1,NA,2019/12/18,2019/12/19,0,"9,4",7
Loft Duplex Valencia Centro,4060198,NA,Valencia,1,1,€ 94,2019/12/18,2019/12/19,0,"9,2",7
Urban Youth Hostel,1163025,NA,Valencia,1,1,€ 55,2019/12/18,2019/12/19,0,"8,4",7
Sol Playa,12656,NA,Valencia,1,1,€ 56,2019/12/18,2019/12/19,2,"8,3",7
Hotel Miramar,23332,NA,Valencia,1,1,€ 58,2019/12/18,2019/12/19,2,"8,4",7
Apartamento Ruzafa Centro II,3718518,NA,Valencia,1,1,€ 94,2019/12/18,2019/12/19,0,9,7
Rosa del mar2,4259814,NA,Valencia,1,1,€ 99,2019/12/18,2019/12/19,0,"9,2",7
Apartments Abate 4,2848648,NA,Valencia,1,1,€ 100,2019/12/18,2019/12/19,0,"9,1",7
Apartamentos La más Bonita,2816245,NA,Valencia,1,1,€ 104,2019/12/18,2019/12/19,0,9,7
Hi Valencia Apartments - Jorge Juan,2373701,NA,Valencia,1,1,€ 105,2019/12/18,2019/12/19,0,"9,4",7
Cozy apartment in Valencia! WI-FI !,4447072,NA,Valencia,1,1,NA,2019/12/18,2019/12/19,0,"9,3",7
Olvida tu Reloj Congresos Apartment,2448036,NA,Valencia,1,1,€ 106,2019/12/18,2019/12/19,0,"9,2",7
SH Valencia Palace,91497,NA,Valencia,1,1,€ 125,2019/12/18,2019/12/19,5,"8,6",7
Friendly Rentals Danna,1634254,NA,Valencia,1,1,€ 130,2019/12/18,2019/12/19,0,"7,9",7
Living Valencia -Correos,3062274,NA,Valencia,1,1,NA,2019/12/18,2019/12/19,0,"8,3",7
Malvarrosa Calle Pavia,3608764,NA,Valencia,1,1,€ 179,2019/12/18,2019/12/19,0,"7,7",7
Olvida tu Reloj Montichelvo Apartment,3258095,NA,Valencia,1,1,€ 106,2019/12/18,2019/12/19,0,"9,4",7
Live in Chianti Apartaments,2882632,NA,Valencia,1,1,€ 106,2019/12/18,2019/12/19,0,"9,1",7
5 SENSES,3786890,NA,Valencia,1,1,€ 107,2019/12/18,2019/12/19,0,"9,2",7
El Coso,14580,NA,Valencia,1,1,€ 58,2019/12/18,2019/12/19,3,"8,2",7
NH Ciudad de Valencia,90729,NA,Valencia,1,1,€ 59,2019/12/18,2019/12/19,3,"8,1",7
Mestalla Sunny Apartment,3294381,NA,Valencia,1,1,NA,2019/12/18,2019/12/19,0,"8,8",7
Hotel Alkazar,408511,NA,Valencia,1,1,€ 54,2019/12/18,2019/12/19,1,8,7
Urban Youth Hostel,1163025,NA,Valencia,1,1,€ 55,2019/12/18,2019/12/19,0,"8,4",7
Enjoy Flat Valencia,3991548,NA,Valencia,1,1,€ 125,2019/12/18,2019/12/19,0,"8,6",7
Flatsforyou Cabanyal,2800327,NA,Valencia,1,1,NA,2019/12/18,2019/12/19,0,"8,8",7
Vincci Palace,94163,NA,Valencia,1,1,€ 127,2019/12/18,2019/12/19,4,"8,7",7
Hospes Palau de La Mar,93823,NA,Valencia,1,1,€ 131,2019/12/18,2019/12/19,5,"8,8",7
MYR Hotel Plaza Mercado & Spa,1619029,NA,Valencia,1,1,€ 109,2019/12/18,2019/12/19,3,"9,2",7
"Piso ""Como en tu casa""",2689136,NA,Valencia,1,1,€ 110,2019/12/18,2019/12/19,0,"9,2",7
Mr Flats Valencia,2232363,NA,Valencia,1,1,NA,2019/12/18,2019/12/19,0,9,7
Plaza de la Virgen,3167342,NA,Valencia,1,1,€ 150,2019/12/18,2019/12/19,0,"8,8",7
Puerta de Serranos,2734333,NA,Valencia,1,1,€ 161,2019/12/18,2019/12/19,0,"8,8",7
The Westin Valencia,93321,NA,Valencia,1,1,€ 168,2019/12/18,2019/12/19,5,"8,7",7
Musico Peydro Apartments,3765069,NA,Valencia,1,1,€ 271,2019/12/18,2019/12/19,0,"7,9",7
MD Art Apartment Ruzafa,2550955,NA,Valencia,1,1,€ 271,2019/12/18,2019/12/19,0,"7,7",7
MD Benlliure Beach.,1957258,NA,Valencia,1,1,€ 271,2019/12/18,2019/12/19,0,"7,8",7
Apartament Cura Femenia,2010355,NA,Valencia,1,1,€ 115,2019/12/18,2019/12/19,0,"9,3",7
15 Avinguda Mare Nostrum,4518973,NA,Valencia,1,1,€ 120,2019/12/18,2019/12/19,0,"9,1",7
MARQUÉS HOUSE 4* SUP,2118880,NA,Valencia,1,1,€ 120,2019/12/18,2019/12/19,4,"9,4",7
Senator Parque Central Hotel,274963,NA,Valencia,1,1,€ 60,2019/12/18,2019/12/19,4,"8,1",7
Apartment Vicent,1674495,NA,Valencia,1,1,€ 62,2019/12/18,2019/12/19,0,"8,3",7
NH Valencia Las Ciencias,90725,NA,Valencia,1,1,€ 62,2019/12/18,2019/12/19,3,8,7
Center Venezuela Apartments,4459021,NA,Valencia,1,1,€ 63,2019/12/18,2019/12/19,0,"8,4",7
Apartament on Calle Aluders,1329733,NA,Valencia,1,1,€ 125,2019/12/18,2019/12/19,0,"9,1",7
Friendly Rentals Boyvin,1923141,NA,Valencia,1,1,€ 125,2019/12/18,2019/12/19,0,"9,3",7
Friendly Rentals Torrealba,1634243,NA,Valencia,1,1,€ 125,2019/12/18,2019/12/19,0,"9,3",7
MD Abastos Center,2551194,NA,Valencia,1,1,€ 289,2019/12/18,2019/12/19,0,"7,9",7
Select Home Paz Apartment,1687820,NA,Valencia,1,1,€ 290,2019/12/18,2019/12/19,0,"7,7",7
Living Valencia - Blanquerías,2860821,NA,Valencia,1,1,NA,2019/12/18,2019/12/19,0,"8,3",7
Casa Cosy,375456,NA,Valencia,1,1,NA,2019/12/18,2019/12/19,0,"9,4",7
NH Collection Colón Valencia,3828811,NA,Valencia,1,1,€ 126,2019/12/18,2019/12/19,4,"9,1",7
Friendly Rentals Mercado Central,3220956,NA,Valencia,1,1,€ 130,2019/12/18,2019/12/19,0,"9,1",7
Select Home Mercado de Colón,2960845,NA,Valencia,1,1,€ 170,2019/12/18,2019/12/19,0,"8,9",7
Flatsforyou Port,733673,NA,Valencia,1,1,NA,2019/12/18,2019/12/19,0,"8,5",7
SingularStays Parque Central,3054000,NA,Valencia,1,1,€ 189,2019/12/18,2019/12/19,0,"8,8",7
Vlc Apartaments el Carmen,389902,NA,Valencia,1,1,€ 214,2019/12/18,2019/12/19,0,"8,5",7
Casual de las Artes Valencia,538056,NA,Valencia,1,1,€ 63,2019/12/18,2019/12/19,3,"8,4",7
L'Otelet By Sweet,1467935,NA,Valencia,1,1,€ 64,2019/12/18,2019/12/19,0,"8,3",7
Calle D Juan de Austria 4,4036814,NA,Valencia,1,1,NA,2019/12/18,2019/12/19,0,"8,6",7
Catedral Apartment,5270717,NA,Valencia,1,1,€ 132,2019/12/18,2019/12/19,0,9,7
Las Arenas Balneario Resort,91144,NA,Valencia,1,1,€ 135,2019/12/18,2019/12/19,5,9,7
Friendly Rentals Ferrero,2314984,NA,Valencia,1,1,€ 135,2019/12/18,2019/12/19,0,9,7
Plaza Conde del RealHostel · SUPER NICE HOUSE GROUPS 12 PAX.. CENTER HISTORIC,4805177,NA,Valencia,1,1,€ 295,2019/12/18,2019/12/19,0,"8,7",7
MD PASEO RUZAFA CENTER,5374850,NA,Valencia,1,1,€ 1.030,2019/12/18,2019/12/19,0,"8,8",7
Center Valencia Youth Hostel,246931,NA,Valencia,1,1,€ 18,2019/12/18,2019/12/19,0,8,7
MD Oliag I Apartment Ruzafa,2867488,NA,Valencia,1,1,€ 317,2019/12/18,2019/12/19,0,"7,6",7
MD Olivereta Apartment,3783665,NA,Valencia,1,1,€ 330,2019/12/18,2019/12/19,0,"7,5",7
Guest House Samuel Ros,4161855,NA,Valencia,1,1,€ 25,2019/12/18,2019/12/19,0,"7,2",7
Masatepe Room Valencia,5687127,NA,Valencia,1,1,€ 28,2019/12/18,2019/12/19,0,"7,3",7
Apartamento Cuatro Carreres,2743149,NA,Valencia,1,1,€ 65,2019/12/18,2019/12/19,0,"8,2",7
Apartamento Turistico en Valencia,2877605,NA,Valencia,1,1,€ 65,2019/12/18,2019/12/19,0,8,7
Apartment in Valencia,2339175,NA,Valencia,1,1,€ 65,2019/12/18,2019/12/19,0,"8,1",7
Old Town Flats Casa Burguerini,4552106,NA,Valencia,1,1,€ 68,2019/12/18,2019/12/19,0,"8,3",7
Casual Vintage Valencia,1710241,NA,Valencia,1,1,€ 69,2019/12/18,2019/12/19,2,"8,6",7
Suites by Eric Olsan (Florista),4726450,NA,Valencia,1,1,€ 70,2019/12/18,2019/12/19,0,"8,5",7
Apartamento torres serrano,4622232,NA,Valencia,1,1,NA,2019/12/18,2019/12/19,0,"9,1",7
Habitación en Valencia Centro,5418023,NA,Valencia,1,1,€ 24,2019/12/18,2019/12/19,0,"8,2",7
SingularStays Lope de Vega,1760119,NA,Valencia,1,1,NA,2019/12/18,2019/12/19,0,"8,6",7
Casa Artes y Ciencias,3865257,NA,Valencia,1,1,€ 25,2019/12/18,2019/12/19,0,8,7
Hostal Waksman,281139,NA,Valencia,1,1,€ 30,2019/12/18,2019/12/19,1,"7,4",7
OYO Pensión El Rincón,476031,NA,Valencia,1,1,€ 36,2019/12/18,2019/12/19,1,"7,4",7
Quart Silence,2024765,NA,Valencia,1,1,NA,2019/12/18,2019/12/19,0,"8,1",7
Atico Ciutat Vella,3446230,NA,Valencia,1,1,€ 69,2019/12/18,2019/12/19,0,"8,2",7
Hotel Conqueridor,91047,NA,Valencia,1,1,€ 70,2019/12/18,2019/12/19,4,"8,3",7
Serranos-Cathedral,4718502,NA,Valencia,1,1,NA,2019/12/18,2019/12/19,0,"8,5",7
Catalonia Excelsior,90578,NA,Valencia,1,1,€ 70,2019/12/18,2019/12/19,3,"8,7",7
Valencia maritimo,3020748,NA,Valencia,1,1,€ 70,2019/12/18,2019/12/19,0,"8,9",7
Flatsforyou Turia,312207,NA,Valencia,1,1,€ 72,2019/12/18,2019/12/19,0,"8,8",7
Zen House,3671621,NA,Valencia,1,1,€ 39,2019/12/18,2019/12/19,0,"7,1",7
Sampedor Apartment,435662,NA,Valencia,1,1,€ 40,2019/12/18,2019/12/19,0,"7,1",7
La Flamenca,818359,NA,Valencia,1,1,€ 40,2019/12/18,2019/12/19,0,"7,2",7
Hostal Residencial RR,450746,NA,Valencia,1,1,€ 40,2019/12/18,2019/12/19,0,7,7
Carrer de l'Escriptor Rafael Ferreres,4267645,NA,Valencia,1,1,€ 70,2019/12/18,2019/12/19,0,"8,4",7
Silken Puerta Valencia,91182,NA,Valencia,1,1,€ 72,2019/12/18,2019/12/19,4,"8,3",7
Ilunion Valencia 4,754329,NA,Valencia,1,1,€ 72,2019/12/18,2019/12/19,4,"8,1",7
Hotel Valencia Oceanic Managed by Melia Hotels International,91522,NA,Valencia,1,1,€ 72,2019/12/18,2019/12/19,4,"8,6",7
Hi Valencia Cánovas,4312120,NA,Valencia,1,1,€ 72,2019/12/18,2019/12/19,0,"8,8",7
Zenit Valencia,92327,NA,Valencia,1,1,€ 74,2019/12/18,2019/12/19,4,"8,8",7
NH Valencia Las Artes,90731,NA,Valencia,1,1,€ 72,2019/12/18,2019/12/19,4,"8,4",7
Port Feria Valencia,92852,NA,Valencia,1,1,€ 74,2019/12/18,2019/12/19,4,"8,3",7
Cosy Rooms Bolsería,371606,NA,Valencia,1,1,€ 47,2019/12/18,2019/12/19,2,"7,4",7
New General,3788286,NA,Valencia,1,1,NA,2019/12/18,2019/12/19,0,9,7
AC Hotel Valencia,91063,NA,Valencia,1,1,€ 75,2019/12/18,2019/12/19,4,"8,5",7
Flatsforyou Sorolla House,403442,NA,Valencia,1,1,€ 75,2019/12/18,2019/12/19,0,"8,6",7
Flatsforyou Mercat,1367507,NA,Valencia,1,1,€ 75,2019/12/18,2019/12/19,3,"8,9",7
Flatsforyou Ruzafa,3342696,NA,Valencia,1,1,€ 75,2019/12/18,2019/12/19,0,"8,7",7
Vincci Lys,91183,NA,Valencia,1,1,€ 78,2019/12/18,2019/12/19,4,"8,9",7
Ilunion Aqua 4,92777,NA,Valencia,1,1,€ 79,2019/12/18,2019/12/19,4,"8,5",7
Travel Habitat Literato azorin,3699013,NA,Valencia,1,1,NA,2019/12/18,2019/12/19,0,"9,1",7
SH Ingles Boutique Hotel,92956,NA,Valencia,1,1,€ 80,2019/12/18,2019/12/19,4,"8,5",7
Habitaciones con Encanto,5629632,NA,Valencia,1,1,€ 30,2019/12/18,2019/12/19,0,8,7
7 Moons Bed & Breakfast,464187,NA,Valencia,1,1,€ 31,2019/12/18,2019/12/19,0,"8,4",7
United Colors of Apartments - Catedral,1301545,NA,Valencia,1,1,€ 33,2019/12/18,2019/12/19,0,"8,2",7
Attic Rooms in Botánico,5522932,NA,Valencia,1,1,€ 34,2019/12/18,2019/12/19,0,"8,2",7
Peppes,3223423,NA,Valencia,1,1,€ 36,2019/12/18,2019/12/19,0,"8,4",7
Apartments Trinitarios,364825,NA,Valencia,1,1,NA,2019/12/18,2019/12/19,0,"8,9",7
SAN RAMÓN,2238556,NA,Valencia,1,1,€ 80,2019/12/18,2019/12/19,0,"8,6",7
Barceló Valencia,91988,NA,Valencia,1,1,€ 80,2019/12/18,2019/12/19,4,"8,7",7
Mestalla Paradise,4734619,NA,Valencia,1,1,€ 80,2019/12/18,2019/12/19,0,"8,9",7
Center Puerto Apartments,4875083,NA,Valencia,1,1,€ 81,2019/12/18,2019/12/19,0,"8,9",7
Innsa,503793,NA,Valencia,1,1,€ 39,2019/12/18,2019/12/19,0,"8,4",7
Red Nest Hostel,92283,NA,Valencia,1,1,€ 40,2019/12/18,2019/12/19,0,"8,2",7
Casa Mati,4217185,NA,Valencia,1,1,€ 40,2019/12/18,2019/12/19,0,"8,2",7
Casa de Maria,2467712,NA,Valencia,1,1,€ 85,2019/12/18,2019/12/19,0,"8,7",7
Céntrico y acogedor,4442222,NA,Valencia,1,1,NA,2019/12/18,2019/12/19,0,"9,3",7
Ad Hoc Monumental,90719,NA,Valencia,1,1,€ 87,2019/12/18,2019/12/19,3,"8,6",7
Hostal Abastos,257057,NA,Valencia,1,1,€ 40,2019/12/18,2019/12/19,2,"8,2",7
Apartamentos Marina Beach,2661874,NA,Valencia,1,1,€ 40,2019/12/18,2019/12/19,0,"8,2",7
ValentiaApartments - MercadoCentral,4185241,NA,Valencia,1,1,€ 87,2019/12/18,2019/12/19,0,"8,8",7
Les flors,3985046,NA,Valencia,1,1,€ 88,2019/12/18,2019/12/19,0,"8,6",7
Apartamento cerca de la Playa y el Centro,2620264,NA,Valencia,1,1,€ 88,2019/12/18,2019/12/19,0,"8,9",7
Zerka Sendra,4657122,NA,Valencia,1,1,€ 89,2019/12/18,2019/12/19,0,"8,9",7
Friendly Rentals Desplat,4120221,NA,Valencia,1,1,€ 130,2019/12/18,2019/12/19,0,"8,4",7
FREE WI-FI. Apartamentos 90 м2 - Assutzena 5,4828764,NA,Valencia,1,1,€ 131,2019/12/18,2019/12/19,0,"8,2",7
Modern Cabanyal Apartment,4691481,NA,Valencia,1,1,NA,2019/12/18,2019/12/19,0,"8,9",7
Friendly Rentals Telemann,1634241,NA,Valencia,1,1,€ 135,2019/12/18,2019/12/19,0,"8,4",7
Friendly Rentals Evans,1634220,NA,Valencia,1,1,€ 135,2019/12/18,2019/12/19,0,"8,3",7
Apartamento Obispo don Jerónimo,2079020,NA,Valencia,1,1,€ 137,2019/12/18,2019/12/19,0,"8,2",7
Casa los Peces,3234194,NA,Valencia,1,1,€ 154,2019/12/18,2019/12/19,0,"8,2",7
The Art Boutique Colon,2570881,NA,Valencia,1,1,€ 160,2019/12/18,2019/12/19,0,"8,3",7
Loft el Carmen amazing views,4932621,NA,Valencia,1,1,€ 172,2019/12/18,2019/12/19,0,"8,1",7
Rest room Evi,5710566,NA,Valencia,1,1,NA,2019/12/18,2019/12/19,0,"8,8",7
Alojo Patraix,2710394,NA,Valencia,1,1,€ 175,2019/12/18,2019/12/19,0,"8,1",7
MD Vila Barbera Apartment Center,1957253,NA,Valencia,1,1,€ 330,2019/12/18,2019/12/19,0,"8,4",7
UP Hostel Valencia,1710137,NA,Valencia,1,1,€ 18,2019/12/18,2019/12/19,0,"7,7",7
Bright and quiet rooms near the beach,5698199,NA,Valencia,1,1,€ 24,2019/12/18,2019/12/19,0,"7,7",7
Habitaciones Barra89,1076252,NA,Valencia,1,1,€ 25,2019/12/18,2019/12/19,0,"7,9",7
Valencia Lounge Hostel,337203,NA,Valencia,1,1,€ 29,2019/12/18,2019/12/19,0,"7,7",7
Piso Visitacion,2106449,NA,Valencia,1,1,NA,2019/12/18,2019/12/19,0,"8,8",7
United Colors of Studios - Mercado Central,2574108,NA,Valencia,1,1,€ 30,2019/12/18,2019/12/19,0,"7,7",7
Hostal El Cid,309465,NA,Valencia,1,1,€ 31,2019/12/18,2019/12/19,2,"7,5",7
Habitación San Cayetano,4624401,NA,Valencia,1,1,€ 35,2019/12/18,2019/12/19,0,"7,5",7
Hostal On Dormire Valencia,432305,NA,Valencia,1,1,€ 35,2019/12/18,2019/12/19,0,"7,8",7
Habitación Céntrica en Casa de Familia,4289877,NA,Valencia,1,1,€ 35,2019/12/18,2019/12/19,0,"7,8",7
Apart and Benef,2291245,NA,Valencia,1,1,€ 35,2019/12/18,2019/12/19,0,"7,9",7
Apartamento Ciencias y Playa,3223115,NA,Valencia,1,1,NA,2019/12/18,2019/12/19,0,"8,8",7
Hospederia del Pilar,327766,NA,Valencia,1,1,€ 36,2019/12/18,2019/12/19,0,"7,9",7
Casual Civilizaciones Valencia,449777,NA,Valencia,1,1,€ 36,2019/12/18,2019/12/19,0,"7,9",7
Voyagers Inn Homestay,2682156,NA,Valencia,1,1,€ 37,2019/12/18,2019/12/19,0,"7,7",7
Rooms Valencia Center,5507857,NA,Valencia,1,1,€ 37,2019/12/18,2019/12/19,0,"7,8",7
Habitacion por dias Centro Valencia,3977106,NA,Valencia,1,1,€ 40,2019/12/18,2019/12/19,0,"7,7",7
