name,propertyId,propertyType,city,rooms,days,price,checkIn,checkOut,stars,score,advance
Casa Del Sueno,4292899,NA,Valencia,1,1,€ 173,2020/03/17,2020/03/18,0,,90
Apartment Passeig de la Petxina,5695771,NA,Valencia,1,1,€ 195,2020/03/17,2020/03/18,0,,90
Hotel Boutique Balandret,1281710,NA,Valencia,1,1,NA,2020/03/17,2020/03/18,3,"9,2",90
VOGHE PREMIUM FLATS,5538655,NA,Valencia,1,1,€ 198,2020/03/17,2020/03/18,0,,90
MD Ausias March,5823190,NA,Valencia,1,1,€ 232,2020/03/17,2020/03/18,0,,90
Hotel Helen Berger,5159105,NA,Valencia,1,1,€ 340,2020/03/17,2020/03/18,4,,90
Apartment Carrer d'Alcoi,5953987,NA,Valencia,1,1,€ 697,2020/03/17,2020/03/18,0,,90
Apartment Carrer de Josep Aguirre,5646705,NA,Valencia,1,1,€ 810,2020/03/17,2020/03/18,0,,90
Blanq Carmen Hotel,97069,NA,Valencia,1,1,€ 228,2020/03/17,2020/03/18,3,"8,7",90
Reina Rooms,4211140,NA,Valencia,1,1,€ 232,2020/03/17,2020/03/18,0,"8,9",90
Casa Botànic - Céntrico y con comodidades,4218273,NA,Valencia,1,1,NA,2020/03/17,2020/03/18,0,"9,8",90
Apartamento Rosaleda,3014201,NA,Valencia,1,1,€ 235,2020/03/17,2020/03/18,0,"8,9",90
Valencia Home,1638498,NA,Valencia,1,1,€ 237,2020/03/17,2020/03/18,0,"8,9",90
B&B Hi Valencia Boutique,1301725,NA,Valencia,1,1,€ 238,2020/03/17,2020/03/18,0,"8,7",90
Zenit Valencia,92327,NA,Valencia,1,1,€ 239,2020/03/17,2020/03/18,4,"8,8",90
Lotelito,570027,NA,Valencia,1,1,€ 239,2020/03/17,2020/03/18,0,"8,9",90
Blanq Comedias,4922002,NA,Valencia,1,1,€ 247,2020/03/17,2020/03/18,0,"8,9",90
Port Valencia Center,5259971,NA,Valencia,1,1,NA,2020/03/17,2020/03/18,0,"9,8",90
Carrera Luxury,388247,NA,Valencia,1,1,€ 248,2020/03/17,2020/03/18,0,"8,7",90
Petit Palace Plaza de la Reina,90443,NA,Valencia,1,1,€ 250,2020/03/17,2020/03/18,3,"8,7",90
El Palacete Gran Via,3483148,NA,Valencia,1,1,€ 253,2020/03/17,2020/03/18,0,"8,7",90
Plaza de la Virgen,3167342,NA,Valencia,1,1,€ 270,2020/03/17,2020/03/18,0,"8,8",90
Perla Apartments,3146781,NA,Valencia,1,1,€ 270,2020/03/17,2020/03/18,0,"8,7",90
Edificio Pentagono,4673669,NA,Valencia,1,1,€ 270,2020/03/17,2020/03/18,0,"8,9",90
Garden Turia Downtown,5201200,NA,Valencia,1,1,NA,2020/03/17,2020/03/18,0,"9,6",90
Hotel San Lorenzo Boutique,1307718,NA,Valencia,1,1,€ 270,2020/03/17,2020/03/18,3,"8,6",90
Turia Guesthouse - B&B,2884427,NA,Valencia,1,1,€ 270,2020/03/17,2020/03/18,0,"8,5",90
AC Hotel Colon Valencia,1117150,NA,Valencia,1,1,€ 275,2020/03/17,2020/03/18,4,"8,7",90
ApartUP San Vicente Hall,3168199,NA,Valencia,1,1,€ 280,2020/03/17,2020/03/18,0,"8,5",90
Vincci Palace,94163,NA,Valencia,1,1,€ 317,2020/03/17,2020/03/18,4,"8,7",90
Cathedral Suites Hotel,1736257,NA,Valencia,1,1,€ 318,2020/03/17,2020/03/18,4,"8,9",90
Apartment Plaza Cisneros,1273377,NA,Valencia,1,1,NA,2020/03/17,2020/03/18,0,"9,7",90
Flatsforyou Sorolla House,403442,NA,Valencia,1,1,€ 330,2020/03/17,2020/03/18,0,"8,6",90
Citizentral Gascons,332095,NA,Valencia,1,1,€ 339,2020/03/17,2020/03/18,0,"8,8",90
Hospes Palau de La Mar,93823,NA,Valencia,1,1,€ 340,2020/03/17,2020/03/18,5,"8,8",90
Mar & City Apartment,3456759,NA,Valencia,1,1,€ 398,2020/03/17,2020/03/18,0,"8,9",90
ValentiaApartments - MercadoCentral,4185241,NA,Valencia,1,1,€ 425,2020/03/17,2020/03/18,0,"8,8",90
HOSTAL BED OF THE SEA,3974636,NA,Valencia,1,1,€ 200,2020/03/17,2020/03/18,0,"7,1",90
OYO Pensión El Rincón,476031,NA,Valencia,1,1,€ 201,2020/03/17,2020/03/18,1,"7,4",90
Valencia City Center New Apartments,1042326,NA,Valencia,1,1,NA,2020/03/17,2020/03/18,0,9,90
Valencia Apartmans El Carmen,847910,NA,Valencia,1,1,€ 240,2020/03/17,2020/03/18,0,"7,3",90
Torres Quart,3702234,NA,Valencia,1,1,€ 267,2020/03/17,2020/03/18,0,"7,4",90
Select Home Catedral,440778,NA,Valencia,1,1,€ 319,2020/03/17,2020/03/18,0,"7,1",90
Casa Adosada Quintero,5481770,NA,Valencia,1,1,€ 123,2020/03/17,2020/03/18,0,"8,8",90
Hotel Malcom and Barret,483261,NA,Valencia,1,1,€ 128,2020/03/17,2020/03/18,3,"8,7",90
Apartamento Comedias,2236348,NA,Valencia,1,1,NA,2020/03/17,2020/03/18,0,"9,7",90
B&B Almirante,369695,NA,Valencia,1,1,€ 138,2020/03/17,2020/03/18,1,"8,8",90
Guest House Lebon,3124256,NA,Valencia,1,1,€ 86,2020/03/17,2020/03/18,0,"6,7",90
Ruzafa Rooms,2891693,NA,Valencia,1,1,€ 120,2020/03/17,2020/03/18,0,"6,9",90
MD Villalonga Malvarosa Beach,3739661,NA,Valencia,1,1,€ 790,2020/03/17,2020/03/18,0,"6,7",90
Tramontana Apartments,1277215,NA,Valencia,1,1,NA,2020/03/17,2020/03/18,0,9,90
Pension MonaLisa Luxury Suites,3834224,NA,Valencia,1,1,€ 70,2020/03/17,2020/03/18,0,"8,2",90
Nanit Valencia Hostel,3913497,NA,Valencia,1,1,€ 90,2020/03/17,2020/03/18,0,"8,4",90
L'Esplai Valencia Bed & Breakfast,1282556,NA,Valencia,1,1,NA,2020/03/17,2020/03/18,0,"9,5",90
Guest House Higinio Noja,2845935,NA,Valencia,1,1,€ 90,2020/03/17,2020/03/18,0,6,90
Casita Esmeralda,2040126,NA,Valencia,1,1,€ 130,2020/03/17,2020/03/18,0,"6,4",90
Hogar Dulce Hogar,5426607,NA,Valencia,1,1,€ 134,2020/03/17,2020/03/18,0,6,90
Ruzafa Guesthouse,2269176,NA,Valencia,1,1,€ 237,2020/03/17,2020/03/18,0,"5,5",90
NH Ciudad de Valencia,90729,NA,Valencia,1,1,€ 109,2020/03/17,2020/03/18,3,"8,1",90
Sol Playa,12656,NA,Valencia,1,1,€ 115,2020/03/17,2020/03/18,2,"8,3",90
Primus Valencia,331871,NA,Valencia,1,1,€ 122,2020/03/17,2020/03/18,4,"8,3",90
Eurostars Gran Valencia,90484,NA,Valencia,1,1,€ 143,2020/03/17,2020/03/18,4,"8,4",90
Homestay Carrer Sagun,5006434,NA,Valencia,1,1,€ 140,2020/03/17,2020/03/18,0,"8,8",90
València Centre Túria,2185255,NA,Valencia,1,1,€ 142,2020/03/17,2020/03/18,0,"8,8",90
Hotel Valencia Oceanic Managed by Melia Hotels International,91522,NA,Valencia,1,1,€ 158,2020/03/17,2020/03/18,4,"8,6",90
Hotel Neptuno,91206,NA,Valencia,1,1,€ 162,2020/03/17,2020/03/18,4,"8,5",90
B&B Hi Valencia Canovas,305349,NA,Valencia,1,1,€ 149,2020/03/17,2020/03/18,0,"8,3",90
MD Modern Hotel - Jardines,305447,NA,Valencia,1,1,€ 153,2020/03/17,2020/03/18,1,"8,3",90
Piso en La Ciudad de Artes,3832790,NA,Valencia,1,1,NA,2020/03/17,2020/03/18,0,"9,6",90
Ilunion Aqua 3,92776,NA,Valencia,1,1,€ 157,2020/03/17,2020/03/18,3,"8,3",90
Eurostars Acteón,90495,NA,Valencia,1,1,€ 162,2020/03/17,2020/03/18,4,"8,5",90
Colón Market Downtown,4607745,NA,Valencia,1,1,NA,2020/03/17,2020/03/18,0,"9,6",90
AC Hotel Valencia,91063,NA,Valencia,1,1,€ 165,2020/03/17,2020/03/18,4,"8,5",90
Zalamera BnB,1331238,NA,Valencia,1,1,€ 167,2020/03/17,2020/03/18,0,"8,7",90
Original Domino House,5434091,NA,Valencia,1,1,€ 170,2020/03/17,2020/03/18,0,"8,7",90
Pio XII Apartments Valencia,402080,NA,Valencia,1,1,€ 177,2020/03/17,2020/03/18,0,"8,6",90
Barceló Valencia,91988,NA,Valencia,1,1,€ 190,2020/03/17,2020/03/18,4,"8,7",90
Hotel Kramer,91106,NA,Valencia,1,1,€ 191,2020/03/17,2020/03/18,3,"8,8",90
APARTMENTS VALENCIA CENTER,5180014,NA,Valencia,1,1,NA,2020/03/17,2020/03/18,0,"9,6",90
Apartamento cerca de la Playa y el Centro,2620264,NA,Valencia,1,1,€ 196,2020/03/17,2020/03/18,0,"8,9",90
Soho Valencia,1538641,NA,Valencia,1,1,€ 197,2020/03/17,2020/03/18,0,"8,9",90
Guest House Ruzafa,2324552,NA,Valencia,1,1,€ 208,2020/03/17,2020/03/18,0,5,90
Guest House Torres de Quart,2275006,NA,Valencia,1,1,€ 210,2020/03/17,2020/03/18,0,"5,1",90
Hotel Boutique Balandret,1281710,NA,Valencia,1,1,NA,2020/03/17,2020/03/18,3,"9,2",90
Guest House Duc de Gaeta,2275007,NA,Valencia,1,1,€ 208,2020/03/17,2020/03/18,0,"4,9",90
Hotel Medium Valencia,96838,NA,Valencia,1,1,€ 162,2020/03/17,2020/03/18,4,"8,2",90
Eurostars Rey Don Jaime,91520,NA,Valencia,1,1,€ 170,2020/03/17,2020/03/18,4,"8,2",90
Apartment Valencia,348555,NA,Valencia,1,1,€ 171,2020/03/17,2020/03/18,0,"8,2",90
The Westin Valencia,93321,NA,Valencia,1,1,€ 198,2020/03/17,2020/03/18,5,"8,7",90
València Centre Torres de Quart,886289,NA,Valencia,1,1,€ 200,2020/03/17,2020/03/18,0,"8,9",90
BUBUFLATS / Mercat,783206,NA,Valencia,1,1,€ 200,2020/03/17,2020/03/18,0,"8,9",90
Ilunion Aqua 4,92777,NA,Valencia,1,1,€ 201,2020/03/17,2020/03/18,4,"8,5",90
Musico Art Flat,2925957,NA,Valencia,1,1,NA,2020/03/17,2020/03/18,0,"9,5",90
Valenciaflats Torres de Serrano,17468,NA,Valencia,1,1,€ 212,2020/03/17,2020/03/18,0,"8,5",90
habitaciones mercat de ruzafa,5881952,NA,Valencia,1,1,€ 80,2020/03/17,2020/03/18,0,"3,9",90
Malvarosa,3820590,NA,Valencia,1,1,€ 185,2020/03/17,2020/03/18,0,"3,8",90
Aladin piso,5823993,NA,Valencia,1,1,€ 56,2020/03/17,2020/03/18,0,,90
SWEET HOME,5832435,NA,Valencia,1,1,€ 98,2020/03/17,2020/03/18,0,,90
Apartamentos Plaza Picasso,97063,NA,Valencia,1,1,€ 219,2020/03/17,2020/03/18,0,"8,5",90
Valenciaflats Centro Histórico,94781,NA,Valencia,1,1,€ 221,2020/03/17,2020/03/18,0,"8,7",90
Hotel El Siglo,1741479,NA,Valencia,1,1,€ 221,2020/03/17,2020/03/18,3,"8,5",90
SH Valencia Palace,91497,NA,Valencia,1,1,€ 224,2020/03/17,2020/03/18,5,"8,6",90
Hotel Valencia Center,91285,NA,Valencia,1,1,€ 178,2020/03/17,2020/03/18,4,"8,4",90
Senator Parque Central Hotel,274963,NA,Valencia,1,1,€ 180,2020/03/17,2020/03/18,4,"8,1",90
Glorieta,4217752,NA,Valencia,1,1,NA,2020/03/17,2020/03/18,0,"9,6",90
Urban Youth Hostel,1163025,NA,Valencia,1,1,€ 182,2020/03/17,2020/03/18,0,"8,4",90
casa la tranquilidad,5516825,NA,Valencia,1,1,€ 115,2020/03/17,2020/03/18,0,,90
Hostal Venecia,92883,NA,Valencia,1,1,NA,2020/03/17,2020/03/18,2,"9,1",90
Cabanyal Holidays,5833535,NA,Valencia,1,1,€ 140,2020/03/17,2020/03/18,0,,90
Minimalist room with balcony.FREE bikes & coffee 1,5776697,NA,Valencia,1,1,€ 141,2020/03/17,2020/03/18,0,,90
Sweet Hotel Renasa,274818,NA,Valencia,1,1,€ 184,2020/03/17,2020/03/18,3,8,90
Ilunion Valencia 4,754329,NA,Valencia,1,1,€ 189,2020/03/17,2020/03/18,4,"8,1",90
Habitaciones con Encanto,5629632,NA,Valencia,1,1,€ 200,2020/03/17,2020/03/18,0,"8,1",90
Apartamento Privado Próximo a Playa y Ciencias,3783163,NA,Valencia,1,1,€ 200,2020/03/17,2020/03/18,0,"8,3",90
City Suites Apartments,3091106,NA,Valencia,1,1,€ 214,2020/03/17,2020/03/18,0,"8,3",90
Flat El Porto - Valencia,3146159,NA,Valencia,1,1,NA,2020/03/17,2020/03/18,0,"9,6",90
Silken Puerta Valencia,91182,NA,Valencia,1,1,€ 220,2020/03/17,2020/03/18,4,"8,3",90
Sweet Hotel Continental,93856,NA,Valencia,1,1,€ 232,2020/03/17,2020/03/18,2,"8,3",90
NWT Central Station Apartments,3964093,NA,Valencia,1,1,€ 275,2020/03/17,2020/03/18,0,"8,2",90
Zerka Centro,4425975,NA,Valencia,1,1,€ 289,2020/03/17,2020/03/18,0,"8,3",90
Double Room in VALENCIA,5665653,NA,Valencia,1,1,€ 30,2020/03/17,2020/03/18,0,"7,9",90
The White Apartment: Luxury- Beach and Design,5631365,NA,Valencia,1,1,€ 160,2020/03/17,2020/03/18,0,,90
Casa Del Sueno,4292899,NA,Valencia,1,1,€ 166,2020/03/17,2020/03/18,0,,90
A Casa Martínez,5878377,NA,Valencia,1,1,€ 183,2020/03/17,2020/03/18,0,,90
PLAYA POBLA DE FARNALS,5508533,NA,Valencia,1,1,€ 58,2020/03/17,2020/03/18,0,"9,7",90
Cabanyal Apartments Beach,5402234,NA,Valencia,1,1,€ 133,2020/03/17,2020/03/18,0,"9,8",90
Apartments Downtown Valencia,2250421,NA,Valencia,1,1,NA,2020/03/17,2020/03/18,0,"9,6",90
LOFT apartamento duplex en Valencia con parking gratis,5519008,NA,Valencia,1,1,€ 141,2020/03/17,2020/03/18,0,"9,8",90
Beach Luxury Apartment,5722332,NA,Valencia,1,1,€ 200,2020/03/17,2020/03/18,0,"9,7",90
Ramirez Flats & Bar,4124528,NA,Valencia,1,1,€ 257,2020/03/17,2020/03/18,0,"9,5",90
Ciudad Ciencias- Lujo- Parking- Wi-Fi.,4999636,NA,Valencia,1,1,€ 282,2020/03/17,2020/03/18,0,"9,7",90
Hotel Cosmo,4838858,NA,Valencia,1,1,€ 298,2020/03/17,2020/03/18,3,"9,6",90
RUZAFA- CENTRO-A/C- WI-FI- PARKING,2885994,NA,Valencia,1,1,€ 322,2020/03/17,2020/03/18,0,"9,7",90
Apartamento Frederick “Centrico y con Clase”,4236394,NA,Valencia,1,1,NA,2020/03/17,2020/03/18,0,"9,6",90
Flight Mode Ruzafa,5473258,NA,Valencia,1,1,€ 337,2020/03/17,2020/03/18,0,"9,8",90
Olympia Flats,4212801,NA,Valencia,1,1,€ 198,2020/03/17,2020/03/18,0,"9,7",90
Casa Calle Conquista,4691493,NA,Valencia,1,1,€ 520,2020/03/17,2020/03/18,0,"9,5",90
Calle de Frederica Montseny 'Política' Casa o chalet,5152866,NA,Valencia,1,1,€ 98,2020/03/17,2020/03/18,0,"9,3",90
Cantagua Hostel,4074640,NA,Valencia,1,1,€ 132,2020/03/17,2020/03/18,0,"9,1",90
Valencian Apartment,2298621,NA,Valencia,1,1,€ 138,2020/03/17,2020/03/18,0,9,90
Opera House Valencia B&B,3533887,NA,Valencia,1,1,NA,2020/03/17,2020/03/18,0,"9,5",90
Hotel Valencia Alameda 41,4019381,NA,Valencia,1,1,€ 140,2020/03/17,2020/03/18,4,"9,1",90
Live in Chianti,2227491,NA,Valencia,1,1,€ 145,2020/03/17,2020/03/18,0,"9,1",90
La Patacona apartment,3821938,NA,Valencia,1,1,€ 146,2020/03/17,2020/03/18,0,"9,4",90
Bianca,4232781,NA,Valencia,1,1,€ 164,2020/03/17,2020/03/18,0,9,90
Apartamentos La más Bonita,2816245,NA,Valencia,1,1,€ 180,2020/03/17,2020/03/18,0,9,90
Apartamento cerca Ciudad de las Ciencias con WIFI,3070842,NA,Valencia,1,1,€ 181,2020/03/17,2020/03/18,0,"9,4",90
Valencia what else...,2550483,NA,Valencia,1,1,NA,2020/03/17,2020/03/18,0,"9,5",90
Apartamento bianca,3205847,NA,Valencia,1,1,€ 185,2020/03/17,2020/03/18,0,"9,1",90
Host & Home,1663785,NA,Valencia,1,1,€ 189,2020/03/17,2020/03/18,0,9,90
Las Arenas Balneario Resort,91144,NA,Valencia,1,1,€ 189,2020/03/17,2020/03/18,5,9,90
Rooms Ciencias,94126,NA,Valencia,1,1,€ 189,2020/03/17,2020/03/18,0,9,90
Una Ubicacion Perfecta,3114164,NA,Valencia,1,1,€ 190,2020/03/17,2020/03/18,0,"9,2",90
Zerka Centro,4425975,NA,Valencia,1,1,€ 274,2020/03/17,2020/03/18,0,"8,3",90
Double Room in VALENCIA,5665653,NA,Valencia,1,1,€ 28,2020/03/17,2020/03/18,0,"7,9",90
Loft Valencia,5821610,NA,Valencia,1,1,NA,2020/03/17,2020/03/18,0,"9,6",90
Habitación San Cayetano,4624401,NA,Valencia,1,1,€ 75,2020/03/17,2020/03/18,0,"7,5",90
Casual Civilizaciones Valencia,449777,NA,Valencia,1,1,€ 90,2020/03/17,2020/03/18,0,"7,9",90
MD Design Hotel - Portal del Real,2391685,NA,Valencia,1,1,€ 198,2020/03/17,2020/03/18,2,"9,1",90
Mon Suites San Martin,2777545,NA,Valencia,1,1,€ 201,2020/03/17,2020/03/18,0,"9,4",90
Cool Central Market,3424724,NA,Valencia,1,1,NA,2020/03/17,2020/03/18,0,"9,7",90
BUBUSUITES by Bubuflats,2389776,NA,Valencia,1,1,€ 210,2020/03/17,2020/03/18,0,"9,3",90
UP Hostel Valencia,1710137,NA,Valencia,1,1,€ 107,2020/03/17,2020/03/18,0,"7,7",90
B&B Hotel Valencia Ciudad de las Ciencias,92242,NA,Valencia,1,1,€ 115,2020/03/17,2020/03/18,3,"7,5",90
Valencia Lounge Hostel,337203,NA,Valencia,1,1,€ 120,2020/03/17,2020/03/18,0,"7,7",90
APARTAMENTO CENTRO- RUZAFA. WI-FI. PARKING,3144104,NA,Valencia,1,1,€ 220,2020/03/17,2020/03/18,0,"9,3",90
Mon Suites Catedral,485679,NA,Valencia,1,1,€ 223,2020/03/17,2020/03/18,0,"9,2",90
Biopark View Apartment,2381901,NA,Valencia,1,1,€ 237,2020/03/17,2020/03/18,0,"9,1",90
Hotel Turia,14441,NA,Valencia,1,1,€ 135,2020/03/17,2020/03/18,4,"7,5",90
ApartUP L' Almoina,4220343,NA,Valencia,1,1,NA,2020/03/17,2020/03/18,0,"9,5",90
Expo Hotel Valencia,91223,NA,Valencia,1,1,€ 137,2020/03/17,2020/03/18,3,"7,6",90
Valenciaflats Centro Ciudad,18544,NA,Valencia,1,1,€ 239,2020/03/17,2020/03/18,0,"9,2",90
OCEANOGRAFIC APARTMENT. PARKING. WI-FI,3107716,NA,Valencia,1,1,€ 250,2020/03/17,2020/03/18,0,9,90
La seda stay,3335523,NA,Valencia,1,1,NA,2020/03/17,2020/03/18,0,"9,6",90
Ilunion Valencia 3,92818,NA,Valencia,1,1,€ 141,2020/03/17,2020/03/18,3,"7,9",90
STYLISH APARTMENT - CITY CENTER,2861517,NA,Valencia,1,1,€ 191,2020/03/17,2020/03/18,0,"7,8",90
Adrian's House,2271869,NA,Valencia,1,1,€ 200,2020/03/17,2020/03/18,0,"7,7",90
Ca Carmela,2466364,NA,Valencia,1,1,€ 252,2020/03/17,2020/03/18,0,"9,1",90
L'Arbre,3972359,NA,Valencia,1,1,€ 255,2020/03/17,2020/03/18,0,"9,1",90
Apartamentos Wallace,1698355,NA,Valencia,1,1,€ 258,2020/03/17,2020/03/18,0,"9,2",90
Plaza Sainetero 5,3148458,NA,Valencia,1,1,€ 205,2020/03/17,2020/03/18,0,"7,7",90
United Colors of Studios - Mercado Central,2574108,NA,Valencia,1,1,€ 209,2020/03/17,2020/03/18,0,"7,7",90
Apartamento 9 Octubre,3578533,NA,Valencia,1,1,NA,2020/03/17,2020/03/18,0,"9,7",90
Art of Dance Apartment Valencia,3732969,NA,Valencia,1,1,€ 226,2020/03/17,2020/03/18,0,"7,7",90
Mon Suites San Nicolas,4117225,NA,Valencia,1,1,€ 281,2020/03/17,2020/03/18,0,"9,1",90
Hideout 26,5658117,NA,Valencia,1,1,€ 285,2020/03/17,2020/03/18,0,"9,1",90
Valenciaflats Ciudad de las Ciencias,93676,NA,Valencia,1,1,€ 285,2020/03/17,2020/03/18,0,"9,1",90
SEA YOU HOTEL PORT VALENCIA,92328,NA,Valencia,1,1,€ 238,2020/03/17,2020/03/18,4,"7,8",90
Apartment Florista,2150187,NA,Valencia,1,1,€ 238,2020/03/17,2020/03/18,0,"7,9",90
City Center Apartments,4426057,NA,Valencia,1,1,€ 247,2020/03/17,2020/03/18,0,"7,8",90
Apartamento Bolseria 28,881275,NA,Valencia,1,1,NA,2020/03/17,2020/03/18,0,"9,5",90
OCEANOGRAFIC DELUXE- PARKING- WI-FI,4095746,NA,Valencia,1,1,€ 300,2020/03/17,2020/03/18,0,9,90
Casual de la Música Valencia,273130,NA,Valencia,1,1,€ 292,2020/03/17,2020/03/18,2,"7,5",90
Musico Peydro Apartments,3765069,NA,Valencia,1,1,€ 467,2020/03/17,2020/03/18,0,"7,9",90
KOA Centric- comfy and relaxed with style in Ruzafa,4105224,NA,Valencia,1,1,NA,2020/03/17,2020/03/18,0,"9,8",90
Valenciaflats Mercado Central,307677,NA,Valencia,1,1,€ 313,2020/03/17,2020/03/18,0,9,90
Vincci Mercat,1279484,NA,Valencia,1,1,€ 334,2020/03/17,2020/03/18,4,9,90
APARTAMENTO CENTRICO. WI-FI. PARKING,2967593,NA,Valencia,1,1,€ 400,2020/03/17,2020/03/18,0,"9,1",90
MD Art Apartment Ruzafa,2550955,NA,Valencia,1,1,€ 467,2020/03/17,2020/03/18,0,"7,8",90
MD Oliag I Apartment Ruzafa,2867488,NA,Valencia,1,1,€ 587,2020/03/17,2020/03/18,0,"7,6",90
Mi casa es vuestra casa,4967097,NA,Valencia,1,1,€ 66,2020/03/17,2020/03/18,0,"7,1",90
Guest House Samuel Ros,4161855,NA,Valencia,1,1,€ 90,2020/03/17,2020/03/18,0,"7,2",90
Old Fisherman's House in Malvarrosa Beach,3618172,NA,Valencia,1,1,€ 648,2020/03/17,2020/03/18,0,"9,4",90
Russafa Youth Hostel,345134,NA,Valencia,1,1,€ 79,2020/03/17,2020/03/18,0,"8,6",90
Preciosa Casita Cerca Del Mar,4057271,NA,Valencia,1,1,NA,2020/03/17,2020/03/18,0,"9,7",90
NWT Central Station Valencia,1647017,NA,Valencia,1,1,€ 170,2020/03/17,2020/03/18,0,"7,1",90
YOU & CO. Saler Beach Boutique,4533007,NA,Valencia,1,1,€ 97,2020/03/17,2020/03/18,3,"8,9",90
Mestalla Paradise,4734619,NA,Valencia,1,1,€ 100,2020/03/17,2020/03/18,0,"8,9",90
Casa de Maria,2467712,NA,Valencia,1,1,€ 100,2020/03/17,2020/03/18,0,"8,7",90
Balcón Al Mar,295109,NA,Valencia,1,1,€ 111,2020/03/17,2020/03/18,0,"8,5",90
Casa Adosada Quintero,5481770,NA,Valencia,1,1,€ 123,2020/03/17,2020/03/18,0,"8,8",90
