name,propertyId,propertyType,city,rooms,days,price,checkIn,checkOut,stars,score,advance
Natural loft,3711677,NA,Valencia,1,1,€ 110,2019/12/24,2019/12/25,0,,14
Habitaciones económicas,5801844,NA,Valencia,1,1,€ 120,2019/12/24,2019/12/25,0,,14
Vivaldi Penthouse Ayuntamiento,1289561,NA,Valencia,1,1,NA,2019/12/24,2019/12/25,0,"9,2",14
CASA MARQUES DE CARO,4472176,NA,Valencia,1,1,€ 121,2019/12/24,2019/12/25,0,,14
Montcada Valencia beautifyl apartments with Terrace,5880207,NA,Valencia,1,1,€ 125,2019/12/24,2019/12/25,0,,14
Christins home,5896886,NA,Valencia,1,1,€ 130,2019/12/24,2019/12/25,0,,14
The White Apartment: Luxury- Beach and Design,5631365,NA,Valencia,1,1,€ 167,2019/12/24,2019/12/25,0,,14
Apartment Carrer Ernesto Che Guevara,5598848,NA,Valencia,1,1,€ 182,2019/12/24,2019/12/25,0,,14
Apartment Passeig de la Petxina,5695771,NA,Valencia,1,1,€ 195,2019/12/24,2019/12/25,0,,14
Mr Flats Valencia 2,2580094,NA,Valencia,1,1,NA,2019/12/24,2019/12/25,0,9,14
Apartamento de lujo con terraza,5240138,NA,Valencia,1,1,€ 770,2019/12/24,2019/12/25,0,,14
Hotel Conqueridor,91047,NA,Valencia,1,1,€ 77,2019/12/24,2019/12/25,4,"8,3",14
OYO Style Apartments Puerto,1558265,NA,Valencia,1,1,€ 79,2019/12/24,2019/12/25,0,"8,1",14
Casa Calle Conquista,4691493,NA,Valencia,1,1,NA,2019/12/24,2019/12/25,0,"9,5",14
Nanit Valencia Hostel,3913497,NA,Valencia,1,1,€ 85,2019/12/24,2019/12/25,0,"8,4",14
Carrer de l'Escriptor Rafael Ferreres,4267645,NA,Valencia,1,1,€ 85,2019/12/24,2019/12/25,0,"8,4",14
Old Town Flats Casa Burguerini,4552106,NA,Valencia,1,1,€ 85,2019/12/24,2019/12/25,0,"8,3",14
Ilunion Valencia 4,754329,NA,Valencia,1,1,€ 89,2019/12/24,2019/12/25,4,"8,1",14
MD Modern Hotel - Jardines,305447,NA,Valencia,1,1,€ 90,2019/12/24,2019/12/25,1,"8,3",14
Sweet Hotel Renasa,274818,NA,Valencia,1,1,€ 99,2019/12/24,2019/12/25,3,8,14
Center Valencia,2944722,NA,Valencia,1,1,NA,2019/12/24,2019/12/25,0,"9,3",14
Friendly Rentals Pergolesi,1634240,NA,Valencia,1,1,€ 105,2019/12/24,2019/12/25,0,"8,3",14
Carrer del Bisbe Jaume Pérez,4900140,NA,Valencia,1,1,€ 60,2019/12/24,2019/12/25,0,"5,9",14
Guest House Ruzafa,2324552,NA,Valencia,1,1,€ 42,2019/12/24,2019/12/25,0,5,14
Brisa Mare Nostrum,2855311,NA,Valencia,1,1,NA,2019/12/24,2019/12/25,0,"9,2",14
Friendly Rentals Puerto Deportivo,2317861,NA,Valencia,1,1,€ 110,2019/12/24,2019/12/25,0,"8,2",14
NWT Central Station Apartments,3964093,NA,Valencia,1,1,€ 114,2019/12/24,2019/12/25,0,"8,2",14
Guest House Torres de Quart,2275006,NA,Valencia,1,1,€ 45,2019/12/24,2019/12/25,0,"5,1",14
Guest House Duc de Gaeta,2275007,NA,Valencia,1,1,€ 42,2019/12/24,2019/12/25,0,"4,9",14
Apartment Valencia,348555,NA,Valencia,1,1,€ 114,2019/12/24,2019/12/25,0,"8,2",14
Apartamento Privado Próximo a Playa y Ciencias,3783163,NA,Valencia,1,1,€ 115,2019/12/24,2019/12/25,0,"8,3",14
RoomTuristValencia Estacion del Norte,4682632,NA,Valencia,1,1,€ 48,2019/12/24,2019/12/25,0,"4,9",14
Guesthouse Plaza de Toros,2985902,NA,Valencia,1,1,€ 73,2019/12/24,2019/12/25,0,"4,8",14
Port of Valencia,3805735,NA,Valencia,1,1,€ 75,2019/12/24,2019/12/25,0,"4,9",14
habitaciones mercat de ruzafa,5881952,NA,Valencia,1,1,€ 80,2019/12/24,2019/12/25,0,"4,3",14
PLAYA POBLA DE FARNALS,5508533,NA,Valencia,1,1,€ 60,2019/12/24,2019/12/25,0,"9,8",14
Opera House Valencia B&B,3533887,NA,Valencia,1,1,€ 70,2019/12/24,2019/12/25,0,"9,5",14
Carmen Apartment,3308265,NA,Valencia,1,1,NA,2019/12/24,2019/12/25,0,"9,6",14
Friendly Rentals Gimenez,1634242,NA,Valencia,1,1,€ 120,2019/12/24,2019/12/25,0,"8,1",14
Apartamento Valencia Center,410101,NA,Valencia,1,1,NA,2019/12/24,2019/12/25,0,"9,3",14
Hostal Antigua Morellana,1273937,NA,Valencia,1,1,€ 70,2019/12/24,2019/12/25,1,"9,5",14
Hotel Cosmo,4838858,NA,Valencia,1,1,€ 71,2019/12/24,2019/12/25,3,"9,6",14
Apartamentos Dormavalencia,4450983,NA,Valencia,1,1,€ 121,2019/12/24,2019/12/25,0,"8,4",14
Friendly Rentals Verdi,1634232,NA,Valencia,1,1,€ 125,2019/12/24,2019/12/25,0,"8,1",14
Apartments Welcome to Valencia Peset Aleixandre 69,4964856,NA,Valencia,1,1,€ 127,2019/12/24,2019/12/25,0,"8,2",14
FREE WI-FI. Apartamentos 90 м2 - Assutzena 5,4828764,NA,Valencia,1,1,€ 139,2019/12/24,2019/12/25,0,"8,2",14
Friendly Rentals Evans,1634220,NA,Valencia,1,1,€ 140,2019/12/24,2019/12/25,0,"8,3",14
Bubuflats Bubu 3,1014334,NA,Valencia,1,1,€ 90,2019/12/24,2019/12/25,0,"9,5",14
Valencian Dreams Lonja,4757385,NA,Valencia,1,1,€ 92,2019/12/24,2019/12/25,0,"9,6",14
Ramirez Flats & Bar,4124528,NA,Valencia,1,1,€ 99,2019/12/24,2019/12/25,0,"9,5",14
Olympia Flats,4212801,NA,Valencia,1,1,€ 50,2019/12/24,2019/12/25,0,"9,7",14
Friendly rentals Enesco Beach,2526514,NA,Valencia,1,1,€ 150,2019/12/24,2019/12/25,0,"8,1",14
Valencia City Center New Apartments,1042326,NA,Valencia,1,1,NA,2019/12/24,2019/12/25,0,9,14
Ambrosio Flats Valencia - El Mercat,3131649,NA,Valencia,1,1,NA,2019/12/24,2019/12/25,0,"9,5",14
Habitacion Doble Homestay,4037073,NA,Valencia,1,1,€ 150,2019/12/24,2019/12/25,0,8,14
Patacona Beach Apartment,4533678,NA,Valencia,1,1,€ 160,2019/12/24,2019/12/25,0,"8,3",14
UP Hostel Valencia,1710137,NA,Valencia,1,1,€ 19,2019/12/24,2019/12/25,0,"7,7",14
Habitación Céntrica en Casa de Familia,4289877,NA,Valencia,1,1,€ 35,2019/12/24,2019/12/25,0,"7,8",14
Casual Civilizaciones Valencia,449777,NA,Valencia,1,1,€ 35,2019/12/24,2019/12/25,0,"7,9",14
El 16 Ruzafa,865461,NA,Valencia,1,1,€ 94,2019/12/24,2019/12/25,0,"7,7",14
MyHomestay,2921259,NA,Valencia,1,1,€ 100,2019/12/24,2019/12/25,0,"7,6",14
Apartamento Mercado Central,4751166,NA,Valencia,1,1,NA,2019/12/24,2019/12/25,0,"9,1",14
Apartamento Alguer,4005334,NA,Valencia,1,1,€ 100,2019/12/24,2019/12/25,0,"7,7",14
Oceanográfico Apartments & Spa,324918,NA,Valencia,1,1,€ 114,2019/12/24,2019/12/25,0,"7,5",14
V home,2146641,NA,Valencia,1,1,NA,2019/12/24,2019/12/25,0,"9,2",14
Malvarosa,3820590,NA,Valencia,1,1,€ 190,2019/12/24,2019/12/25,0,"3,8",14
Aparment Canarias,3753027,NA,Valencia,1,1,€ 89,2019/12/24,2019/12/25,0,"2,6",14
Habitacion doble en piso compartido,5645604,NA,Valencia,1,1,€ 46,2019/12/24,2019/12/25,0,,14
Plaza Sainetero 5,3148458,NA,Valencia,1,1,€ 116,2019/12/24,2019/12/25,0,"7,7",14
Adrian's House,2271869,NA,Valencia,1,1,€ 120,2019/12/24,2019/12/25,0,"7,7",14
ÁTICO PTA 13 EN EL CENTRO DE VALENCIA VT-45727-T,4612077,NA,Valencia,1,1,€ 105,2019/12/24,2019/12/25,0,"9,5",14
Palacio Vallier 5*,4639648,NA,Valencia,1,1,€ 140,2019/12/24,2019/12/25,5,"9,9",14
Estrella de valencia,5804852,NA,Valencia,1,1,€ 26,2019/12/24,2019/12/25,0,,14
vosotros sereis parte de mi familia.,5299568,NA,Valencia,1,1,€ 60,2019/12/24,2019/12/25,0,,14
Ciudad de Las Artes,5681064,NA,Valencia,1,1,€ 60,2019/12/24,2019/12/25,0,,14
Tres Forques,2854630,NA,Valencia,1,1,NA,2019/12/24,2019/12/25,0,"9,4",14
Hotel Helen Berger,5159105,NA,Valencia,1,1,€ 62,2019/12/24,2019/12/25,4,,14
Valencia- habitacion,5366858,NA,Valencia,1,1,€ 70,2019/12/24,2019/12/25,0,,14
APARTAMENTO DE DISEÑO EN PLAZA MANISES,2823390,NA,Valencia,1,1,€ 204,2019/12/24,2019/12/25,0,"9,7",14
Disfruta - Enjoy Valencia Ayuntamiento,4901194,NA,Valencia,1,1,€ 229,2019/12/24,2019/12/25,0,"9,6",14
Disfruta - Enjoy Valencia Ruzafa,3890328,NA,Valencia,1,1,€ 229,2019/12/24,2019/12/25,0,"9,6",14
Cantagua Hostel,4074640,NA,Valencia,1,1,€ 33,2019/12/24,2019/12/25,0,"9,1",14
Friendly Rentals Danna,1634254,NA,Valencia,1,1,€ 130,2019/12/24,2019/12/25,0,"7,9",14
Apartment Florista,2150187,NA,Valencia,1,1,€ 145,2019/12/24,2019/12/25,0,"7,9",14
Luxury Center Plaza Redonda,5138960,NA,Valencia,1,1,NA,2019/12/24,2019/12/25,0,"9,4",14
Select Home Town Hall,1648016,NA,Valencia,1,1,€ 270,2019/12/24,2019/12/25,0,"7,5",14
Hulot B&B Valencia,585429,NA,Valencia,1,1,€ 50,2019/12/24,2019/12/25,0,"8,5",14
Lotelito,570027,NA,Valencia,1,1,€ 51,2019/12/24,2019/12/25,0,"8,9",14
Preciosa Casita Cerca Del Mar,4057271,NA,Valencia,1,1,NA,2019/12/24,2019/12/25,0,"9,7",14
Moon Valencia,3560698,NA,Valencia,1,1,€ 51,2019/12/24,2019/12/25,0,"8,7",14
Balcón Al Mar,295109,NA,Valencia,1,1,€ 52,2019/12/24,2019/12/25,0,"8,5",14
Aparthotel Valencia Rental,17344,NA,Valencia,1,1,€ 56,2019/12/24,2019/12/25,0,8,14
Loft Valencia,5821610,NA,Valencia,1,1,€ 70,2019/12/24,2019/12/25,0,,14
Lonja de la Seda- Apartments,5780809,NA,Valencia,1,1,€ 72,2019/12/24,2019/12/25,0,,14
Chic and Central- in a lively but quiet area. All walking distance.,3649090,NA,Valencia,1,1,NA,2019/12/24,2019/12/25,0,"9,6",14
Lindala,5250762,NA,Valencia,1,1,€ 49,2019/12/24,2019/12/25,0,"9,3",14
Musico Peydro Apartments,3765069,NA,Valencia,1,1,€ 271,2019/12/24,2019/12/25,0,"7,9",14
MD Art Apartment Ruzafa,2550955,NA,Valencia,1,1,€ 271,2019/12/24,2019/12/25,0,"7,7",14
7 Moons Bed & Breakfast,464187,NA,Valencia,1,1,€ 59,2019/12/24,2019/12/25,0,"8,4",14
HoGraFic,5739228,NA,Valencia,1,1,NA,2019/12/24,2019/12/25,2,"9,5",14
MD Benlliure Beach.,1957258,NA,Valencia,1,1,€ 271,2019/12/24,2019/12/25,0,"7,8",14
Malvarrosa Calle Pavia,3608764,NA,Valencia,1,1,€ 271,2019/12/24,2019/12/25,0,"7,7",14
B&B Hi Valencia Boutique,1301725,NA,Valencia,1,1,€ 53,2019/12/24,2019/12/25,0,"8,7",14
Original Domino House,5434091,NA,Valencia,1,1,€ 55,2019/12/24,2019/12/25,0,"8,7",14
MD Olivereta Apartment,3783665,NA,Valencia,1,1,€ 330,2019/12/24,2019/12/25,0,"7,5",14
Apartamentos Edificio Palomar,189277,NA,Valencia,1,1,NA,2019/12/24,2019/12/25,0,"9,2",14
Luz de Valencia,2076095,NA,Valencia,1,1,€ 56,2019/12/24,2019/12/25,0,"8,8",14
València Centre Túria,2185255,NA,Valencia,1,1,€ 56,2019/12/24,2019/12/25,0,"8,8",14
NH Ciudad de Valencia,90729,NA,Valencia,1,1,€ 59,2019/12/24,2019/12/25,3,"8,1",14
Minimalist room with balcony.FREE bikes & coffee 1,5776697,NA,Valencia,1,1,€ 85,2019/12/24,2019/12/25,0,,14
A Casa Martínez,5878377,NA,Valencia,1,1,€ 90,2019/12/24,2019/12/25,0,,14
Casual de las Artes Valencia,538056,NA,Valencia,1,1,€ 63,2019/12/24,2019/12/25,3,"8,4",14
L'Otelet By Sweet,1467935,NA,Valencia,1,1,€ 64,2019/12/24,2019/12/25,0,"8,3",14
Tramontana Apartments,1277215,NA,Valencia,1,1,NA,2019/12/24,2019/12/25,0,9,14
Tu cama,5453790,NA,Valencia,1,1,€ 90,2019/12/24,2019/12/25,0,,14
Alex Apartment,1756374,NA,Valencia,1,1,€ 64,2019/12/24,2019/12/25,0,8,14
Hotel Alkazar,408511,NA,Valencia,1,1,€ 64,2019/12/24,2019/12/25,1,"8,1",14
Apartment Madrina Suites,5791814,NA,Valencia,1,1,€ 100,2019/12/24,2019/12/25,0,,14
Carrer de l'Arquitecte Alfaro 27 bajo derecha,4353398,NA,Valencia,1,1,€ 102,2019/12/24,2019/12/25,0,,14
MD Oliag I Apartment Ruzafa,2867488,NA,Valencia,1,1,€ 407,2019/12/24,2019/12/25,0,"7,6",14
MD Abastos Center,2551194,NA,Valencia,1,1,€ 437,2019/12/24,2019/12/25,0,"7,9",14
La Casa Verde - Ruzafa,2029143,NA,Valencia,1,1,NA,2019/12/24,2019/12/25,0,"9,7",14
Pio XII Apartments Valencia,402080,NA,Valencia,1,1,€ 57,2019/12/24,2019/12/25,0,"8,6",14
Loft en Ruzafa,5739487,NA,Valencia,1,1,€ 102,2019/12/24,2019/12/25,0,,14
EL ATICO,5680427,NA,Valencia,1,1,€ 107,2019/12/24,2019/12/25,0,,14
Guest House Samuel Ros,4161855,NA,Valencia,1,1,€ 25,2019/12/24,2019/12/25,0,"7,2",14
Masatepe Room Valencia,5687127,NA,Valencia,1,1,€ 30,2019/12/24,2019/12/25,0,"7,2",14
B&B El Mercat,2203530,NA,Valencia,1,1,€ 38,2019/12/24,2019/12/25,0,"7,2",14
Senator Parque Central Hotel,274963,NA,Valencia,1,1,€ 65,2019/12/24,2019/12/25,4,"8,1",14
Bioparc Metro Valencia,5302327,NA,Valencia,1,1,NA,2019/12/24,2019/12/25,0,"9,5",14
Hotel Valencia Center,91285,NA,Valencia,1,1,€ 65,2019/12/24,2019/12/25,4,"8,4",14
Urban Youth Hostel,1163025,NA,Valencia,1,1,€ 66,2019/12/24,2019/12/25,0,"8,4",14
Las Arenas Balneario Resort,91144,NA,Valencia,1,1,€ 135,2019/12/24,2019/12/25,5,9,14
apartamento las torres-botanico,4694090,NA,Valencia,1,1,€ 136,2019/12/24,2019/12/25,0,9,14
OYO Pensión El Rincón,476031,NA,Valencia,1,1,€ 53,2019/12/24,2019/12/25,1,"7,4",14
Murillo Apartment,408163,NA,Valencia,1,1,€ 55,2019/12/24,2019/12/25,0,7,14
Kasa Katia Eco Guest House,636256,NA,Valencia,1,1,NA,2019/12/24,2019/12/25,0,"9,3",14
Zen House,3671621,NA,Valencia,1,1,€ 39,2019/12/24,2019/12/25,0,"7,1",14
COZY APARTMENT VALENCIA BEACHFRONT!,3128516,NA,Valencia,1,1,NA,2019/12/24,2019/12/25,0,"9,4",14
Hostal Venecia,92883,NA,Valencia,1,1,€ 50,2019/12/24,2019/12/25,2,"9,1",14
Rooms Ciencias,94126,NA,Valencia,1,1,€ 50,2019/12/24,2019/12/25,0,9,14
La Flamenca,818359,NA,Valencia,1,1,€ 45,2019/12/24,2019/12/25,0,"7,2",14
Mercat Central brugada home,5259150,NA,Valencia,1,1,€ 49,2019/12/24,2019/12/25,0,7,14
Hotel Olympia Universidades,1301731,NA,Valencia,1,1,€ 57,2019/12/24,2019/12/25,3,"8,5",14
Rest room Evi,5710566,NA,Valencia,1,1,€ 58,2019/12/24,2019/12/25,0,"8,7",14
Petit Palace Ruzafa,90792,NA,Valencia,1,1,€ 64,2019/12/24,2019/12/25,3,"8,7",14
Cosy Rooms Embajador,369728,NA,Valencia,1,1,€ 49,2019/12/24,2019/12/25,2,"7,4",14
NWT Central Station Valencia,1647017,NA,Valencia,1,1,€ 49,2019/12/24,2019/12/25,0,"7,1",14
Ayuntamiento Panoramic,3089239,NA,Valencia,1,1,NA,2019/12/24,2019/12/25,0,"9,5",14
Charming Ninetta,3220582,NA,Valencia,1,1,€ 144,2019/12/24,2019/12/25,0,"9,3",14
Nest Style Valencia,5219046,NA,Valencia,1,1,€ 54,2019/12/24,2019/12/25,3,"9,3",14
Apartamentos Navío,5647176,NA,Valencia,1,1,€ 58,2019/12/24,2019/12/25,0,"9,3",14
Reina Rooms,4211140,NA,Valencia,1,1,€ 73,2019/12/24,2019/12/25,0,"8,9",14
Apartamentos Plaza Picasso,97063,NA,Valencia,1,1,€ 74,2019/12/24,2019/12/25,0,"8,5",14
Buho House,3777691,NA,Valencia,1,1,€ 64,2019/12/24,2019/12/25,0,"8,5",14
Garden Turia Downtown,5201200,NA,Valencia,1,1,NA,2019/12/24,2019/12/25,0,"9,6",14
Petit Palace Plaza de la Reina,90443,NA,Valencia,1,1,€ 74,2019/12/24,2019/12/25,3,"8,7",14
Centro Valencia Calle Cerrajeros,3476261,NA,Valencia,1,1,€ 50,2019/12/24,2019/12/25,0,"7,2",14
Hostal la Barraca,350013,NA,Valencia,1,1,€ 55,2019/12/24,2019/12/25,0,"7,1",14
Plaza Redonda house.,4399973,NA,Valencia,1,1,€ 56,2019/12/24,2019/12/25,0,"7,4",14
Cosy Rooms Bolsería,371606,NA,Valencia,1,1,€ 56,2019/12/24,2019/12/25,2,"7,4",14
Geography and Arts.,3569110,NA,Valencia,1,1,€ 60,2019/12/24,2019/12/25,0,"7,3",14
AC Hotel Valencia,91063,NA,Valencia,1,1,€ 75,2019/12/24,2019/12/25,4,"8,5",14
Hotel Valencia Oceanic Managed by Melia Hotels International,91522,NA,Valencia,1,1,€ 77,2019/12/24,2019/12/25,4,"8,6",14
Habitación privada a 1500 metros de la playa,3789910,NA,Valencia,1,1,€ 60,2019/12/24,2019/12/25,0,"9,3",14
BONNIES Suites & Spa Valencia,3631910,NA,Valencia,1,1,NA,2019/12/24,2019/12/25,0,"9,8",14
OttoH Charm Stay,2459807,NA,Valencia,1,1,€ 69,2019/12/24,2019/12/25,0,"9,3",14
B&B Almirante,369695,NA,Valencia,1,1,€ 67,2019/12/24,2019/12/25,1,"8,8",14
Colón Market Downtown,4607745,NA,Valencia,1,1,NA,2019/12/24,2019/12/25,0,"9,6",14
Blanq Carmen Hotel,97069,NA,Valencia,1,1,€ 77,2019/12/24,2019/12/25,3,"8,7",14
Casual Socarrat Valencia,5142800,NA,Valencia,1,1,€ 71,2019/12/24,2019/12/25,3,"9,1",14
Hideout 26,5658117,NA,Valencia,1,1,€ 75,2019/12/24,2019/12/25,0,9,14
Live in Chianti,2227491,NA,Valencia,1,1,€ 75,2019/12/24,2019/12/25,0,"9,1",14
MYR Hotel Plaza Mercado & Spa,1619029,NA,Valencia,1,1,€ 145,2019/12/24,2019/12/25,3,"9,2",14
Apartament Cura Femenia,2010355,NA,Valencia,1,1,€ 145,2019/12/24,2019/12/25,0,"9,3",14
Mon Suites San Nicolas,4117225,NA,Valencia,1,1,€ 78,2019/12/24,2019/12/25,0,"9,1",14
Hospederia del Pilar,327766,NA,Valencia,1,1,€ 36,2019/12/24,2019/12/25,0,"7,9",14
Sampedor Apartment,435662,NA,Valencia,1,1,€ 69,2019/12/24,2019/12/25,0,"7,1",14
Mi casa es vuestra casa,4967097,NA,Valencia,1,1,€ 70,2019/12/24,2019/12/25,0,"7,1",14
Eurostars Rey Don Jaime,91520,NA,Valencia,1,1,€ 67,2019/12/24,2019/12/25,4,"8,2",14
Zerka Centro,4425975,NA,Valencia,1,1,€ 69,2019/12/24,2019/12/25,0,"8,3",14
Petit Palomar,2187491,NA,Valencia,1,1,€ 79,2019/12/24,2019/12/25,0,"8,9",14
One Shot Colón 46,1394168,NA,Valencia,1,1,€ 79,2019/12/24,2019/12/25,3,"8,7",14
Casa Botànic - Céntrico y con comodidades,4218273,NA,Valencia,1,1,NA,2019/12/24,2019/12/25,0,"9,8",14
SAN RAMÓN,2238556,NA,Valencia,1,1,€ 80,2019/12/24,2019/12/25,0,"8,6",14
Apartamento Jesus De Medinaceli,1728697,NA,Valencia,1,1,€ 80,2019/12/24,2019/12/25,0,"8,6",14
Atico Ciutat Vella,3446230,NA,Valencia,1,1,€ 69,2019/12/24,2019/12/25,0,"8,2",14
NH Valencia Las Ciencias,90725,NA,Valencia,1,1,€ 69,2019/12/24,2019/12/25,3,8,14
Hotel Mediterraneo Valencia,92412,NA,Valencia,1,1,€ 82,2019/12/24,2019/12/25,3,"8,9",14
Apartamentos La más Bonita,2816245,NA,Valencia,1,1,€ 149,2019/12/24,2019/12/25,0,9,14
B BEACH VALENCIA,5125954,NA,Valencia,1,1,€ 150,2019/12/24,2019/12/25,0,9,14
Mediterranean Flats Plaza Redonda,4086496,NA,Valencia,1,1,€ 161,2019/12/24,2019/12/25,0,"9,2",14
LOFT apartamento duplex en Valencia con parking gratis,5519008,NA,Valencia,1,1,NA,2019/12/24,2019/12/25,0,"9,8",14
Melia Valencia,290493,NA,Valencia,1,1,€ 84,2019/12/24,2019/12/25,4,"8,8",14
València Centre Torres de Quart,886289,NA,Valencia,1,1,€ 85,2019/12/24,2019/12/25,0,"8,9",14
Mon Suites San Martin,2777545,NA,Valencia,1,1,€ 151,2019/12/24,2019/12/25,0,"9,4",14
Habitación San Cayetano,4624401,NA,Valencia,1,1,€ 40,2019/12/24,2019/12/25,0,"7,5",14
APARTAMENTO CENTRICO. WI-FI. PARKING,2967593,NA,Valencia,1,1,NA,2019/12/24,2019/12/25,0,"9,1",14
ApartUP Panoramic Duplex,4789533,NA,Valencia,1,1,NA,2019/12/24,2019/12/25,0,"9,5",14
Center Valencia Youth Hostel,246931,NA,Valencia,1,1,€ 70,2019/12/24,2019/12/25,0,8,14
Casa del Patriarca,364834,NA,Valencia,1,1,€ 67,2019/12/24,2019/12/25,0,"8,9",14
Ad Hoc Carmen,1173270,NA,Valencia,1,1,€ 69,2019/12/24,2019/12/25,2,"8,9",14
Palacio de Rojas,1073276,NA,Valencia,1,1,€ 164,2019/12/24,2019/12/25,0,"9,3",14
Arena's Apartament,2156905,NA,Valencia,1,1,€ 200,2019/12/24,2019/12/25,0,"9,1",14
Eurostars Gran Valencia,90484,NA,Valencia,1,1,€ 71,2019/12/24,2019/12/25,4,"8,4",14
NH Valencia Las Artes,90731,NA,Valencia,1,1,€ 72,2019/12/24,2019/12/25,4,"8,4",14
Valencia Lounge Hostel,337203,NA,Valencia,1,1,€ 43,2019/12/24,2019/12/25,0,"7,7",14
Habitacion Apartamento soleado Plaza Escultor Frechina,4865043,NA,Valencia,1,1,€ 45,2019/12/24,2019/12/25,0,"7,7",14
Ilunion Aqua 3,92776,NA,Valencia,1,1,€ 72,2019/12/24,2019/12/25,3,"8,3",14
United Colors of Apartments - Catedral,1301545,NA,Valencia,1,1,€ 74,2019/12/24,2019/12/25,0,"8,2",14
Splendid house in Valencia,3091182,NA,Valencia,1,1,NA,2019/12/24,2019/12/25,0,"9,1",14
Valencia Apartmans El Carmen,847910,NA,Valencia,1,1,€ 74,2019/12/24,2019/12/25,0,"7,3",14
Happy Apartments Valencia,456043,NA,Valencia,1,1,€ 74,2019/12/24,2019/12/25,0,"8,2",14
Ruzafa Viva,4475954,NA,Valencia,1,1,NA,2019/12/24,2019/12/25,0,"9,6",14
Caro Hotel,348132,NA,Valencia,1,1,€ 209,2019/12/24,2019/12/25,5,"9,2",14
Jardines del Turia - Espacioso apartamento,2734126,NA,Valencia,1,1,€ 210,2019/12/24,2019/12/25,0,9,14
MARQUÉS HOUSE 4* SUP,2118880,NA,Valencia,1,1,€ 230,2019/12/24,2019/12/25,4,"9,4",14
La seda stay,3335523,NA,Valencia,1,1,NA,2019/12/24,2019/12/25,0,"9,6",14
Ca Carmela,2466364,NA,Valencia,1,1,€ 280,2019/12/24,2019/12/25,0,"9,1",14
Catalonia Excelsior,90578,NA,Valencia,1,1,€ 70,2019/12/24,2019/12/25,3,"8,7",14
Casual Vintage Valencia,1710241,NA,Valencia,1,1,€ 70,2019/12/24,2019/12/25,2,"8,6",14
Casual de la Música Valencia,273130,NA,Valencia,1,1,€ 46,2019/12/24,2019/12/25,2,"7,5",14
Hotel Turia,14441,NA,Valencia,1,1,€ 47,2019/12/24,2019/12/25,4,"7,5",14
Vincci Lys,91183,NA,Valencia,1,1,€ 93,2019/12/24,2019/12/25,4,"8,9",14
MD Julio Antonio Apartment Center,3961049,NA,Valencia,1,1,€ 527,2019/12/24,2019/12/25,0,"9,1",14
The River Hostel,494202,NA,Valencia,1,1,€ 19,2019/12/24,2019/12/25,0,"8,5",14
Happy Apartments Valencia – Lope de Vega,575582,NA,Valencia,1,1,€ 74,2019/12/24,2019/12/25,0,8,14
Primus Valencia,331871,NA,Valencia,1,1,€ 75,2019/12/24,2019/12/25,4,"8,3",14
Expo Hotel Valencia,91223,NA,Valencia,1,1,€ 50,2019/12/24,2019/12/25,3,"7,6",14
HOSPEDAJE PESET,4718074,NA,Valencia,1,1,€ 50,2019/12/24,2019/12/25,0,"7,5",14
BUBUFLATS / Mercat,783206,NA,Valencia,1,1,€ 85,2019/12/24,2019/12/25,0,"8,9",14
Apartment Sofi,2830696,NA,Valencia,1,1,NA,2019/12/24,2019/12/25,0,"9,7",14
Teixidors de Palomar,2639791,NA,Valencia,1,1,NA,2019/12/24,2019/12/25,0,"9,3",14
Cosy Rooms Tapinería,371192,NA,Valencia,1,1,€ 50,2019/12/24,2019/12/25,2,"7,5",14
Habitación doble,3599930,NA,Valencia,1,1,€ 85,2019/12/24,2019/12/25,0,"8,9",14
BUBUFLATS Mossén,1141763,NA,Valencia,1,1,€ 85,2019/12/24,2019/12/25,0,"8,8",14
Casual del Cine Valencia,572187,NA,Valencia,1,1,€ 70,2019/12/24,2019/12/25,2,"8,7",14
Sercotel Sorolla Palace,93646,NA,Valencia,1,1,€ 71,2019/12/24,2019/12/25,4,"8,6",14
HOSTAL BED OF THE SEA,3974636,NA,Valencia,1,1,€ 80,2019/12/24,2019/12/25,0,"7,1",14
Torres Quart,3702234,NA,Valencia,1,1,€ 81,2019/12/24,2019/12/25,0,"7,4",14
B&B Hotel Valencia Ciudad de las Ciencias,92242,NA,Valencia,1,1,€ 53,2019/12/24,2019/12/25,3,"7,5",14
Holiday Inn Express Ciudad de las Ciencias,96737,NA,Valencia,1,1,€ 53,2019/12/24,2019/12/25,3,"7,9",14
Barracart Apartments,2125836,NA,Valencia,1,1,NA,2019/12/24,2019/12/25,0,"9,6",14
UNIK. Apartments Valencia,2241282,NA,Valencia,1,1,€ 71,2019/12/24,2019/12/25,0,"8,5",14
Boutique Creative Rooms,2334726,NA,Valencia,1,1,€ 72,2019/12/24,2019/12/25,0,"8,8",14
Art&Flats Bed&Breakfast,5238345,NA,Valencia,1,1,€ 30,2019/12/24,2019/12/25,0,"8,8",14
Home Youth Hostel by Feetup Hostels,189322,NA,Valencia,1,1,€ 35,2019/12/24,2019/12/25,0,"8,8",14
Select Home Catedral,440778,NA,Valencia,1,1,€ 170,2019/12/24,2019/12/25,0,"7,1",14
Select Home Mercado Central,440757,NA,Valencia,1,1,€ 410,2019/12/24,2019/12/25,0,7,14
Hotel San Lorenzo Boutique,1307718,NA,Valencia,1,1,€ 72,2019/12/24,2019/12/25,3,"8,6",14
Barceló Valencia,91988,NA,Valencia,1,1,€ 72,2019/12/24,2019/12/25,4,"8,7",14
Homestay Carrer Sagun,5006434,NA,Valencia,1,1,€ 36,2019/12/24,2019/12/25,0,"8,8",14
Apartments Downtown Valencia,2250421,NA,Valencia,1,1,NA,2019/12/24,2019/12/25,0,"9,6",14
Quart Youth Hostel,476418,NA,Valencia,1,1,€ 41,2019/12/24,2019/12/25,0,"8,6",14
Hotel El Siglo,1741479,NA,Valencia,1,1,€ 95,2019/12/24,2019/12/25,3,"8,5",14
Apartment Plaza Cisneros,1273377,NA,Valencia,1,1,NA,2019/12/24,2019/12/25,0,"9,7",14
Hotel El Siglo,1741479,NA,Valencia,1,1,€ 86,2019/12/24,2019/12/25,3,"8,5",14
YOU & CO. Saler Beach Boutique,4533007,NA,Valencia,1,1,€ 44,2019/12/24,2019/12/25,3,"8,9",14
Checkin Valencia,93743,NA,Valencia,1,1,€ 53,2019/12/24,2019/12/25,4,"7,8",14
Como en casa,4802186,NA,Valencia,1,1,€ 54,2019/12/24,2019/12/25,0,"7,9",14
SKY TOURISTIC ATTIC,281640,NA,Valencia,1,1,€ 72,2019/12/24,2019/12/25,0,"8,5",14
Hotel Kramer,91106,NA,Valencia,1,1,€ 47,2019/12/24,2019/12/25,3,"8,8",14
Eurostars Acteón,90495,NA,Valencia,1,1,€ 48,2019/12/24,2019/12/25,4,"8,5",14
Hotel Malcom and Barret,483261,NA,Valencia,1,1,€ 50,2019/12/24,2019/12/25,3,"8,7",14
Valenciaflats Centro Histórico,94781,NA,Valencia,1,1,€ 97,2019/12/24,2019/12/25,0,"8,7",14
El Palacete Gran Via,3483148,NA,Valencia,1,1,€ 99,2019/12/24,2019/12/25,0,"8,7",14
ValentiaApartments - MercadoCentral,4185241,NA,Valencia,1,1,€ 140,2019/12/24,2019/12/25,0,"8,8",14
Mar & City Apartment,3456759,NA,Valencia,1,1,€ 143,2019/12/24,2019/12/25,0,"8,9",14
Guest House Lebon,3124256,NA,Valencia,1,1,€ 29,2019/12/24,2019/12/25,0,"6,7",14
Eco-Friendly Apartments,1979834,NA,Valencia,1,1,NA,2019/12/24,2019/12/25,0,"9,1",14
Ático Valencia Centro,4358939,NA,Valencia,1,1,NA,2019/12/24,2019/12/25,0,"9,8",14
One Shot Palacio Reina Victoria 04,90885,NA,Valencia,1,1,€ 99,2019/12/24,2019/12/25,4,"8,6",14
Apartamento cerca de la Playa y el Centro,2620264,NA,Valencia,1,1,€ 100,2019/12/24,2019/12/25,0,"8,9",14
Habitacion por dias Centro Valencia,3977106,NA,Valencia,1,1,€ 55,2019/12/24,2019/12/25,0,"7,7",14
OCEANOGRAFIC DELUXE- PARKING- WI-FI,4095746,NA,Valencia,1,1,NA,2019/12/24,2019/12/25,0,9,14
Ruzafa Rooms,2891693,NA,Valencia,1,1,€ 35,2019/12/24,2019/12/25,0,"6,9",14
Habitación en Colon,2246576,NA,Valencia,1,1,€ 39,2019/12/24,2019/12/25,0,"6,6",14
Citizentral Gascons,332095,NA,Valencia,1,1,€ 102,2019/12/24,2019/12/25,0,"8,8",14
Melia Plaza Valencia,13270,NA,Valencia,1,1,€ 105,2019/12/24,2019/12/25,4,"8,9",14
Ad Hoc Monumental,90719,NA,Valencia,1,1,€ 87,2019/12/24,2019/12/25,3,"8,6",14
AC Hotel Colon Valencia,1117150,NA,Valencia,1,1,€ 87,2019/12/24,2019/12/25,4,"8,7",14
Musico Art Flat,2925957,NA,Valencia,1,1,NA,2019/12/24,2019/12/25,0,"9,5",14
Comfort Homestay,5423155,NA,Valencia,1,1,€ 105,2019/12/24,2019/12/25,0,"8,7",14
Silken Puerta Valencia,91182,NA,Valencia,1,1,€ 75,2019/12/24,2019/12/25,4,"8,3",14
Residencia Universitaria Damia Bonet,247451,NA,Valencia,1,1,€ 75,2019/12/24,2019/12/25,0,"8,3",14
Suites by Eric Olsan (Florista),4726450,NA,Valencia,1,1,€ 88,2019/12/24,2019/12/25,0,"8,5",14
Apartments Torres de Serranos Valencia,1099602,NA,Valencia,1,1,NA,2019/12/24,2019/12/25,0,"9,7",14
Hospes Palau de La Mar,93823,NA,Valencia,1,1,€ 171,2019/12/24,2019/12/25,5,"8,8",14
Zerka Sendra,4657122,NA,Valencia,1,1,€ 179,2019/12/24,2019/12/25,0,"8,9",14
The Westin Valencia,93321,NA,Valencia,1,1,€ 193,2019/12/24,2019/12/25,5,"8,7",14
SingularStays Parque Central,3054000,NA,Valencia,1,1,€ 287,2019/12/24,2019/12/25,0,"8,8",14
Malvarrosa Beach Rooms,314048,NA,Valencia,1,1,€ 46,2019/12/24,2019/12/25,2,"6,9",14
Old Town Cute,4210278,NA,Valencia,1,1,€ 75,2019/12/24,2019/12/25,0,"6,8",14
NH Valencia Center,90727,NA,Valencia,1,1,€ 76,2019/12/24,2019/12/25,4,"8,3",14
SH Ingles Boutique Hotel,92956,NA,Valencia,1,1,€ 90,2019/12/24,2019/12/25,4,"8,5",14
Zenit Valencia,92327,NA,Valencia,1,1,€ 90,2019/12/24,2019/12/25,4,"8,8",14
Friendly Rentals Ravel I,1634234,NA,Valencia,1,1,€ 105,2019/12/24,2019/12/25,0,"8,8",14
Hotel Neptuno,91206,NA,Valencia,1,1,€ 108,2019/12/24,2019/12/25,4,"8,5",14
Red Nest Hostel,92283,NA,Valencia,1,1,€ 26,2019/12/24,2019/12/25,0,"8,2",14
Habitaciones con Encanto,5629632,NA,Valencia,1,1,€ 30,2019/12/24,2019/12/25,0,8,14
Turia Burjassot 12,3237353,NA,Valencia,1,1,€ 90,2019/12/24,2019/12/25,0,"8,9",14
Premium Apartments,486507,NA,Valencia,1,1,€ 119,2019/12/24,2019/12/25,0,"6,9",14
Homely Nest Valencia El Carme,3790877,NA,Valencia,1,1,NA,2019/12/24,2019/12/25,0,"9,8",14
Purple Nest Hostel,25278,NA,Valencia,1,1,€ 34,2019/12/24,2019/12/25,0,"8,2",14
Soho Valencia,1538641,NA,Valencia,1,1,€ 109,2019/12/24,2019/12/25,0,"8,9",14
Flatsforyou Mercat,1367507,NA,Valencia,1,1,€ 90,2019/12/24,2019/12/25,3,"8,9",14
New Trendy apartment,2426154,NA,Valencia,1,1,€ 110,2019/12/24,2019/12/25,0,"8,6",14
Friendly Rentals Schubert,1634221,NA,Valencia,1,1,€ 115,2019/12/24,2019/12/25,0,"8,8",14
Casa Artes y Ciencias,3865257,NA,Valencia,1,1,€ 40,2019/12/24,2019/12/25,0,8,14
B&B Hi Valencia Canovas,305349,NA,Valencia,1,1,€ 42,2019/12/24,2019/12/25,0,"8,3",14
Casita Esmeralda,2040126,NA,Valencia,1,1,€ 144,2019/12/24,2019/12/25,0,"6,5",14
MÍ casa YOUR HOME,3328967,NA,Valencia,1,1,NA,2019/12/24,2019/12/25,0,"9,2",14
Guest House Higinio Noja,2845935,NA,Valencia,1,1,€ 25,2019/12/24,2019/12/25,0,6,14
Fun and Sun Center 2,2944416,NA,Valencia,1,1,€ 36,2019/12/24,2019/12/25,0,6,14
Pension MonaLisa Luxury Suites,3834224,NA,Valencia,1,1,€ 44,2019/12/24,2019/12/25,0,"8,2",14
Habitación en Valencia Centro,5418023,NA,Valencia,1,1,€ 45,2019/12/24,2019/12/25,0,"8,2",14
Blanq Comedias,4922002,NA,Valencia,1,1,€ 90,2019/12/24,2019/12/25,0,"8,9",14
Jero Rooms,296743,NA,Valencia,1,1,€ 55,2019/12/24,2019/12/25,0,"7,7",14
Rooms Valencia Center,5507857,NA,Valencia,1,1,€ 59,2019/12/24,2019/12/25,0,"7,8",14
Ilunion Valencia 3,92818,NA,Valencia,1,1,€ 60,2019/12/24,2019/12/25,3,"7,9",14
El Globo,24498,NA,Valencia,1,1,€ 60,2019/12/24,2019/12/25,1,"7,7",14
Unifamiliar junto al mar,2798778,NA,Valencia,1,1,NA,2019/12/24,2019/12/25,0,"9,5",14
Habitacion en Valencia,4861732,NA,Valencia,1,1,€ 45,2019/12/24,2019/12/25,0,"8,2",14
ÁTICO EN EL CENTRO DE VALENCIA VT-45939-T,4752815,NA,Valencia,1,1,NA,2019/12/24,2019/12/25,0,"9,6",14
Friendly Rentals Soler,1634237,NA,Valencia,1,1,€ 115,2019/12/24,2019/12/25,0,"8,7",14
Balandra Flat,2032624,NA,Valencia,1,1,€ 115,2019/12/24,2019/12/25,0,"8,5",14
Vamos A la Playa,5030500,NA,Valencia,1,1,€ 90,2019/12/24,2019/12/25,0,"6,3",14
Hogar Dulce Hogar,5426607,NA,Valencia,1,1,€ 90,2019/12/24,2019/12/25,0,6,14
Ruzafa Guesthouse,2269176,NA,Valencia,1,1,€ 38,2019/12/24,2019/12/25,0,"5,5",14
Dormavalencia Hostel,249585,NA,Valencia,1,1,€ 48,2019/12/24,2019/12/25,1,"8,2",14
Dormavalencia Hostel Regne,291755,NA,Valencia,1,1,€ 49,2019/12/24,2019/12/25,1,8,14
Habitaciones Valero,3735725,NA,Valencia,1,1,€ 49,2019/12/24,2019/12/25,0,"8,1",14
Vincci Palace,94163,NA,Valencia,1,1,€ 116,2019/12/24,2019/12/25,4,"8,7",14
Perla Apartments,3146781,NA,Valencia,1,1,€ 119,2019/12/24,2019/12/25,0,"8,7",14
Hostal Bisbal,235665,NA,Valencia,1,1,€ 60,2019/12/24,2019/12/25,1,"7,6",14
United Colors of Studios - Mercado Central,2574108,NA,Valencia,1,1,€ 65,2019/12/24,2019/12/25,0,"7,7",14
Les flors,3985046,NA,Valencia,1,1,€ 120,2019/12/24,2019/12/25,0,"8,6",14
Apartamento Gutenberg,1327120,NA,Valencia,1,1,€ 50,2019/12/24,2019/12/25,0,"8,2",14
Attic Rooms in Botánico,5522932,NA,Valencia,1,1,€ 50,2019/12/24,2019/12/25,0,"8,2",14
Piso céntrico Plaza Toros,2961063,NA,Valencia,1,1,NA,2019/12/24,2019/12/25,0,"9,2",14
SEA YOU HOTEL PORT VALENCIA,92328,NA,Valencia,1,1,€ 66,2019/12/24,2019/12/25,4,"7,8",14
Friendly Rentals Verdi 2,2523881,NA,Valencia,1,1,€ 120,2019/12/24,2019/12/25,0,"8,8",14
So de Mar,2204496,NA,Valencia,1,1,NA,2019/12/24,2019/12/25,0,"9,6",14
SH Valencia Palace,91497,NA,Valencia,1,1,€ 125,2019/12/24,2019/12/25,5,"8,6",14
Living Valencia - Cestas,5453512,NA,Valencia,1,1,€ 72,2019/12/24,2019/12/25,0,"7,6",14
Homestay Valencia,2597106,NA,Valencia,1,1,€ 85,2019/12/24,2019/12/25,0,"7,8",14
Reina 12,1684198,NA,Valencia,1,1,€ 51,2019/12/24,2019/12/25,0,"8,2",14
Central Apartment in Valencia with WIFI + Parking.,4557920,NA,Valencia,1,1,NA,2019/12/24,2019/12/25,0,"9,7",14
Suites by Eric Olsan (Peset),4726296,NA,Valencia,1,1,€ 92,2019/12/24,2019/12/25,0,"7,5",14
Suites by Eric Olsan (L),4287413,NA,Valencia,1,1,€ 92,2019/12/24,2019/12/25,0,"7,6",14
Enjoy Flat Valencia,3991548,NA,Valencia,1,1,€ 125,2019/12/24,2019/12/25,0,"8,6",14
Apartamentos Valencia - Brazil 31 Free WiFi,4948554,NA,Valencia,1,1,€ 127,2019/12/24,2019/12/25,0,"8,7",14
Hotel Villacarlos,90730,NA,Valencia,1,1,€ 53,2019/12/24,2019/12/25,3,8,14
Sweet Hotel Continental,93856,NA,Valencia,1,1,€ 54,2019/12/24,2019/12/25,2,"8,3",14
Hotel Medium Valencia,96838,NA,Valencia,1,1,€ 54,2019/12/24,2019/12/25,4,"8,2",14
Ilunion Aqua 4,92777,NA,Valencia,1,1,€ 131,2019/12/24,2019/12/25,4,"8,5",14
Cathedral Suites Hotel,1736257,NA,Valencia,1,1,€ 139,2019/12/24,2019/12/25,4,"8,9",14
El Coso,14580,NA,Valencia,1,1,€ 55,2019/12/24,2019/12/25,3,"8,2",14
Sol Playa,12656,NA,Valencia,1,1,€ 55,2019/12/24,2019/12/25,2,"8,3",14
United Colors of Apartments Boutique Style,5372347,NA,Valencia,1,1,€ 79,2019/12/24,2019/12/25,0,"9,2",14
Sorolla Centro,90896,NA,Valencia,1,1,€ 80,2019/12/24,2019/12/25,3,"9,1",14
Atico Loft Ruzafa,3152977,NA,Valencia,1,1,NA,2019/12/24,2019/12/25,0,"9,6",14
Valenciaflats Centro Ciudad,18544,NA,Valencia,1,1,€ 82,2019/12/24,2019/12/25,0,"9,2",14
RUZAFA. Nice apartment and Terrace.,4368595,NA,Valencia,1,1,€ 85,2019/12/24,2019/12/25,0,"9,3",14
La casita de Palomar,2132386,NA,Valencia,1,1,€ 85,2019/12/24,2019/12/25,0,"9,3",14
BUBUSUITES by Bubuflats,2389776,NA,Valencia,1,1,€ 85,2019/12/24,2019/12/25,0,"9,3",14
Valencian Apartment,2298621,NA,Valencia,1,1,€ 87,2019/12/24,2019/12/25,0,9,14
Valenciaflats Ciudad de las Ciencias,93676,NA,Valencia,1,1,€ 87,2019/12/24,2019/12/25,0,"9,1",14
Valencia what else...,2550483,NA,Valencia,1,1,NA,2019/12/24,2019/12/25,0,"9,5",14
Hotel Valencia Alameda 41,4019381,NA,Valencia,1,1,€ 90,2019/12/24,2019/12/25,4,"9,2",14
MD Design Hotel - Portal del Real,2391685,NA,Valencia,1,1,€ 90,2019/12/24,2019/12/25,2,"9,1",14
Valencian Dreams,3268804,NA,Valencia,1,1,€ 93,2019/12/24,2019/12/25,0,"9,3",14
Palau de Palomar,471283,NA,Valencia,1,1,€ 94,2019/12/24,2019/12/25,0,"9,1",14
Hotel Boutique Balandret,1281710,NA,Valencia,1,1,€ 95,2019/12/24,2019/12/25,3,"9,2",14
One Shot Mercat 09,2274203,NA,Valencia,1,1,€ 95,2019/12/24,2019/12/25,4,"9,1",14
Apartamento luminoso y acogedor,3489126,NA,Valencia,1,1,NA,2019/12/24,2019/12/25,0,"9,5",14
Apartamentos El Olivo,1985143,NA,Valencia,1,1,€ 96,2019/12/24,2019/12/25,0,"9,3",14
Mon Suites Catedral,485679,NA,Valencia,1,1,€ 91,2019/12/24,2019/12/25,0,"9,2",14
Maison Reina B&B,5004812,NA,Valencia,1,1,€ 98,2019/12/24,2019/12/25,0,"9,2",14
OCEANOGRAFIC APARTMENT. PARKING. WI-FI,3107716,NA,Valencia,1,1,€ 100,2019/12/24,2019/12/25,0,9,14
APARTAMENTO CENTRO- RUZAFA. WI-FI. PARKING,3144104,NA,Valencia,1,1,€ 100,2019/12/24,2019/12/25,0,"9,3",14
Apartamentos Wallace,1698355,NA,Valencia,1,1,€ 101,2019/12/24,2019/12/25,0,"9,2",14
Ciudad Ciencias- Lujo- Parking- Wi-Fi.,4999636,NA,Valencia,1,1,NA,2019/12/24,2019/12/25,0,"9,7",14
Vincci Mercat,1279484,NA,Valencia,1,1,€ 110,2019/12/24,2019/12/25,4,9,14
Citizentral Juristas,1113127,NA,Valencia,1,1,€ 111,2019/12/24,2019/12/25,0,"9,2",14
15 Avinguda Mare Nostrum,4518973,NA,Valencia,1,1,€ 120,2019/12/24,2019/12/25,0,"9,1",14
HQ Rooms Apartments San Vicente,2894429,NA,Valencia,1,1,€ 126,2019/12/24,2019/12/25,0,"9,2",14
NH Collection Colón Valencia,3828811,NA,Valencia,1,1,€ 126,2019/12/24,2019/12/25,4,"9,1",14
