name,propertyId,propertyType,city,rooms,days,price,checkIn,checkOut,stars,score,advance
VOGHE PREMIUM FLATS,5538655,NA,Valencia,1,1,€ 81,2020/01/04,2020/01/05,0,,14
COZY & MODERN Apartment next to Metro A. Guimerá,5516886,NA,Valencia,1,1,€ 83,2020/01/04,2020/01/05,0,,14
Cool Loft Malvarrosa Beach,4309218,NA,Valencia,1,1,NA,2020/01/04,2020/01/05,0,"9,4",14
YOU & CO Quart Boutique,5213598,NA,Valencia,1,1,€ 86,2020/01/04,2020/01/05,3,,14
Ciudad de Las Artes,5681064,NA,Valencia,1,1,€ 90,2020/01/04,2020/01/05,0,,14
Carrer de l'Arquitecte Alfaro 27 bajo derecha,4353398,NA,Valencia,1,1,€ 102,2020/01/04,2020/01/05,0,,14
The White Apartment: Luxury- Beach and Design,5631365,NA,Valencia,1,1,€ 167,2020/01/04,2020/01/05,0,,14
MD Caravaca,5823383,NA,Valencia,1,1,€ 168,2020/01/04,2020/01/05,0,,14
MD Ausias March,5823190,NA,Valencia,1,1,€ 168,2020/01/04,2020/01/05,0,,14
Vivaldi Center City,2791614,NA,Valencia,1,1,NA,2020/01/04,2020/01/05,0,"9,1",14
Charming Apartment with Terrace,5715086,NA,Valencia,1,1,€ 170,2020/01/04,2020/01/05,0,,14
Casa Del Sueno,4292899,NA,Valencia,1,1,€ 173,2020/01/04,2020/01/05,0,,14
Apartment Passeig de la Petxina,5695771,NA,Valencia,1,1,€ 195,2020/01/04,2020/01/05,0,,14
Turia Guesthouse - B&B,2884427,NA,Valencia,1,1,€ 285,2020/01/04,2020/01/05,0,,14
Apartment Carrer d'Alcoi,5953987,NA,Valencia,1,1,€ 389,2020/01/04,2020/01/05,0,,14
Apartamento de lujo con terraza,5240138,NA,Valencia,1,1,€ 770,2020/01/04,2020/01/05,0,,14
Don Herrero,1781239,NA,Valencia,1,1,NA,2020/01/04,2020/01/05,0,"9,2",14
Apartment Carrer de Josep Aguirre,5646705,NA,Valencia,1,1,€ 810,2020/01/04,2020/01/05,0,,14
Loft Superior el Carmen,2784473,NA,Valencia,1,1,€ 187,2020/01/04,2020/01/05,0,"9,3",14
Ilunion Valencia 4,754329,NA,Valencia,1,1,€ 70,2020/01/04,2020/01/05,4,"8,1",14
PLAYA POBLA DE FARNALS,5508533,NA,Valencia,1,1,€ 55,2020/01/04,2020/01/05,0,"9,7",14
Caro Hotel,348132,NA,Valencia,1,1,€ 189,2020/01/04,2020/01/05,5,"9,2",14
APARTMENTS VALENCIA CENTER,5180014,NA,Valencia,1,1,NA,2020/01/04,2020/01/05,0,"9,6",14
MYR Hotel Plaza Mercado & Spa,1619029,NA,Valencia,1,1,€ 193,2020/01/04,2020/01/05,3,"9,2",14
Arena's Apartament,2156905,NA,Valencia,1,1,€ 215,2020/01/04,2020/01/05,0,"9,1",14
Ca Carmela,2466364,NA,Valencia,1,1,€ 280,2020/01/04,2020/01/05,0,"9,1",14
Old Fisherman's House in Malvarrosa Beach,3618172,NA,Valencia,1,1,€ 406,2020/01/04,2020/01/05,0,"9,4",14
Casita Esmeralda,2040126,NA,Valencia,1,1,€ 139,2020/01/04,2020/01/05,0,"6,4",14
Fun and Sun Center 2,2944416,NA,Valencia,1,1,€ 23,2020/01/04,2020/01/05,0,"5,9",14
MÍ casa YOUR HOME,3328967,NA,Valencia,1,1,NA,2020/01/04,2020/01/05,0,"9,2",14
Ruzafa Guesthouse,2269176,NA,Valencia,1,1,€ 34,2020/01/04,2020/01/05,0,"5,5",14
Art&Flats Bed&Breakfast,5238345,NA,Valencia,1,1,€ 22,2020/01/04,2020/01/05,0,"8,8",14
Rest room Evi,5710566,NA,Valencia,1,1,€ 29,2020/01/04,2020/01/05,0,"8,9",14
Apartamento Forn dels Apòstols,3122008,NA,Valencia,1,1,NA,2020/01/04,2020/01/05,0,"9,6",14
Pensión Alicante,298710,NA,Valencia,1,1,€ 33,2020/01/04,2020/01/05,0,"8,5",14
Homestay Carrer Sagun,5006434,NA,Valencia,1,1,€ 37,2020/01/04,2020/01/05,0,"8,8",14
YOU & CO. Saler Beach Boutique,4533007,NA,Valencia,1,1,€ 45,2020/01/04,2020/01/05,3,"8,9",14
Estrella de russafa,5352439,NA,Valencia,1,1,€ 50,2020/01/04,2020/01/05,0,"8,9",14
Balcón Al Mar,295109,NA,Valencia,1,1,€ 51,2020/01/04,2020/01/05,0,"8,5",14
Comfort Homestay,5423155,NA,Valencia,1,1,€ 52,2020/01/04,2020/01/05,0,"8,7",14
Port Valencia Center,5259971,NA,Valencia,1,1,NA,2020/01/04,2020/01/05,0,"9,8",14
Home Youth Hostel by Feetup Hostels,189322,NA,Valencia,1,1,€ 52,2020/01/04,2020/01/05,0,"8,8",14
Homely Nest Valencia El Carme,3790877,NA,Valencia,1,1,NA,2020/01/04,2020/01/05,0,"9,8",14
HoGraFic hotel boutique,5739228,NA,Valencia,1,1,€ 88,2020/01/04,2020/01/05,2,"9,5",14
Hotel Cosmo,4838858,NA,Valencia,1,1,€ 95,2020/01/04,2020/01/05,3,"9,6",14
Pio XII Apartments Valencia,402080,NA,Valencia,1,1,€ 55,2020/01/04,2020/01/05,0,"8,6",14
Russafa Youth Hostel,345134,NA,Valencia,1,1,€ 58,2020/01/04,2020/01/05,0,"8,6",14
Eurostars Acteón,90495,NA,Valencia,1,1,€ 58,2020/01/04,2020/01/05,4,"8,5",14
Olympia Flats,4212801,NA,Valencia,1,1,€ 95,2020/01/04,2020/01/05,0,"9,7",14
Ramirez Flats & Bar,4124528,NA,Valencia,1,1,€ 95,2020/01/04,2020/01/05,0,"9,5",14
Cabanyal Apartment con patio,4323384,NA,Valencia,1,1,€ 95,2020/01/04,2020/01/05,0,"9,7",14
Hotel Helen Berger,5159105,NA,Valencia,1,1,€ 95,2020/01/04,2020/01/05,4,"9,7",14
Guest House Torres de Quart,2275006,NA,Valencia,1,1,€ 40,2020/01/04,2020/01/05,0,"5,1",14
Guest House Ruzafa,2324552,NA,Valencia,1,1,€ 44,2020/01/04,2020/01/05,0,5,14
RoomTuristValencia Estacion del Norte,4682632,NA,Valencia,1,1,€ 55,2020/01/04,2020/01/05,0,5,14
Guest House Duc de Gaeta,2275007,NA,Valencia,1,1,€ 52,2020/01/04,2020/01/05,0,"4,9",14
Guesthouse Plaza de Toros,2985902,NA,Valencia,1,1,€ 84,2020/01/04,2020/01/05,0,"4,8",14
Piso como en tu casa 2,3834617,NA,Valencia,1,1,NA,2020/01/04,2020/01/05,0,"9,1",14
Port of Valencia,3805735,NA,Valencia,1,1,€ 145,2020/01/04,2020/01/05,0,"4,9",14
habitaciones mercat de ruzafa,5881952,NA,Valencia,1,1,€ 80,2020/01/04,2020/01/05,0,"3,9",14
Malvarosa,3820590,NA,Valencia,1,1,€ 184,2020/01/04,2020/01/05,0,"3,8",14
Aparment Canarias,3753027,NA,Valencia,1,1,€ 94,2020/01/04,2020/01/05,0,"2,6",14
Apartamento Frederick “Centrico y con Clase”,4236394,NA,Valencia,1,1,NA,2020/01/04,2020/01/05,0,"9,6",14
RUZAFA- CENTRO-A/C- WI-FI- PARKING,2885994,NA,Valencia,1,1,€ 95,2020/01/04,2020/01/05,0,"9,7",14
Casa Calle Conquista,4691493,NA,Valencia,1,1,€ 95,2020/01/04,2020/01/05,0,"9,5",14
Hotel Olympia Universidades,1301731,NA,Valencia,1,1,€ 60,2020/01/04,2020/01/05,3,"8,5",14
Apartamentos Plaza Picasso,97063,NA,Valencia,1,1,€ 64,2020/01/04,2020/01/05,0,"8,5",14
JL Ciudad de las Artes,3074378,NA,Valencia,1,1,NA,2020/01/04,2020/01/05,0,"9,6",14
Disfruta - Enjoy Valencia Ayuntamiento,4901194,NA,Valencia,1,1,€ 95,2020/01/04,2020/01/05,0,"9,6",14
Disfruta - Enjoy Valencia Oceanografic,4121345,NA,Valencia,1,1,€ 95,2020/01/04,2020/01/05,0,"9,6",14
Disfruta - Enjoy Valencia Ruzafa,3890328,NA,Valencia,1,1,€ 95,2020/01/04,2020/01/05,0,"9,6",14
COMO EN CASA NADA,5889751,NA,Valencia,1,1,€ 38,2020/01/04,2020/01/05,0,,14
HoLaQueTaL - Guest Rooms,5900680,NA,Valencia,1,1,€ 40,2020/01/04,2020/01/05,0,,14
Tres Forques,2854630,NA,Valencia,1,1,NA,2020/01/04,2020/01/05,0,"9,4",14
BABEL,5920925,NA,Valencia,1,1,€ 43,2020/01/04,2020/01/05,0,,14
SWEET HOME,5832435,NA,Valencia,1,1,€ 48,2020/01/04,2020/01/05,0,,14
Palacio Vallier 5*,4639648,NA,Valencia,1,1,€ 95,2020/01/04,2020/01/05,5,"9,5",14
Opera House Valencia B&B,3533887,NA,Valencia,1,1,NA,2020/01/04,2020/01/05,0,"9,5",14
Habitación privada a 1500 metros de la playa,3789910,NA,Valencia,1,1,€ 95,2020/01/04,2020/01/05,0,"9,3",14
Apartamentos Navío,5647176,NA,Valencia,1,1,€ 95,2020/01/04,2020/01/05,0,"9,2",14
Nest Style Valencia,5219046,NA,Valencia,1,1,€ 95,2020/01/04,2020/01/05,3,"9,3",14
Kasa Katia Eco Guest House,636256,NA,Valencia,1,1,€ 95,2020/01/04,2020/01/05,0,"9,3",14
Bianca,4232781,NA,Valencia,1,1,€ 95,2020/01/04,2020/01/05,0,9,14
Hotel Kramer,91106,NA,Valencia,1,1,€ 65,2020/01/04,2020/01/05,3,"8,8",14
Jardín Botánico Hotel Boutique,93369,NA,Valencia,1,1,€ 65,2020/01/04,2020/01/05,3,"8,9",14
Ad Hoc Carmen,1173270,NA,Valencia,1,1,€ 66,2020/01/04,2020/01/05,2,"8,9",14
ABCyou Bed&Breakfast,189207,NA,Valencia,1,1,€ 66,2020/01/04,2020/01/05,0,"8,5",14
Habitacion doble en piso compartido,5645604,NA,Valencia,1,1,€ 48,2020/01/04,2020/01/05,0,,14
Loft Valencia,5821610,NA,Valencia,1,1,€ 49,2020/01/04,2020/01/05,0,,14
Comoda habitacion,5695905,NA,Valencia,1,1,€ 51,2020/01/04,2020/01/05,0,,14
Rooms Parque Cabecera,5822049,NA,Valencia,1,1,€ 53,2020/01/04,2020/01/05,0,,14
Casas Benlliure,3274635,NA,Valencia,1,1,NA,2020/01/04,2020/01/05,0,"9,1",14
benimaclet 2,5951927,NA,Valencia,1,1,€ 55,2020/01/04,2020/01/05,0,,14
vosotros sereis parte de mi familia.,5299568,NA,Valencia,1,1,€ 57,2020/01/04,2020/01/05,0,,14
Minimalist room with balcony.FREE bikes & coffee 1,5776697,NA,Valencia,1,1,€ 76,2020/01/04,2020/01/05,0,,14
Friendly Rentals Desplat,4120221,NA,Valencia,1,1,€ 122,2020/01/04,2020/01/05,0,"8,4",14
One Shot Colón 46,1394168,NA,Valencia,1,1,€ 67,2020/01/04,2020/01/05,3,"8,7",14
Bonito Apartamento- confortable y bien comunicado,5572090,NA,Valencia,1,1,€ 76,2020/01/04,2020/01/05,0,,14
COZY & MODERN Apartment next to Metro A. Guimerá,5516886,NA,Valencia,1,1,€ 80,2020/01/04,2020/01/05,0,,14
City Garden Bed and Breakfast,2204361,NA,Valencia,1,1,€ 95,2020/01/04,2020/01/05,0,"9,3",14
Ambrosio Flats Valencia - El Mercat,3131649,NA,Valencia,1,1,NA,2020/01/04,2020/01/05,0,"9,5",14
Apartamento bianca,3205847,NA,Valencia,1,1,€ 95,2020/01/04,2020/01/05,0,"9,1",14
Hostal Venecia,92883,NA,Valencia,1,1,€ 95,2020/01/04,2020/01/05,2,"9,1",14
Friendly rentals Enesco Beach,2526514,NA,Valencia,1,1,€ 122,2020/01/04,2020/01/05,0,"8,1",14
HOUSE In VALENCIA WITH POOL IN FRONT OF THE SEA,5690235,NA,Valencia,1,1,NA,2020/01/04,2020/01/05,0,"9,8",14
City Center Apartment,5084891,NA,Valencia,1,1,€ 123,2020/01/04,2020/01/05,0,"8,4",14
Host & Home,1663785,NA,Valencia,1,1,€ 95,2020/01/04,2020/01/05,0,9,14
Hotel Boutique Balandret,1281710,NA,Valencia,1,1,€ 95,2020/01/04,2020/01/05,3,"9,2",14
Una Ubicacion Perfecta,3114164,NA,Valencia,1,1,€ 95,2020/01/04,2020/01/05,0,"9,2",14
B&B Hotel Valencia Ciudad de las Ciencias,92242,NA,Valencia,1,1,€ 62,2020/01/04,2020/01/05,3,"7,5",14
Ilunion Valencia 3,92818,NA,Valencia,1,1,€ 63,2020/01/04,2020/01/05,3,"7,9",14
Apartamento en la Ciudad de las Artes y las Ciencias,3552283,NA,Valencia,1,1,NA,2020/01/04,2020/01/05,0,"9,3",14
Cosy Rooms Tapinería,371192,NA,Valencia,1,1,€ 65,2020/01/04,2020/01/05,2,"7,5",14
Checkin Valencia,93743,NA,Valencia,1,1,€ 74,2020/01/04,2020/01/05,4,"7,8",14
Homestay Valencia,2597106,NA,Valencia,1,1,€ 80,2020/01/04,2020/01/05,0,"7,8",14
NWT Central Station Apartments,3964093,NA,Valencia,1,1,€ 140,2020/01/04,2020/01/05,0,"8,2",14
Hotel Conqueridor,91047,NA,Valencia,1,1,€ 144,2020/01/04,2020/01/05,4,"8,3",14
Casa los Peces,3234194,NA,Valencia,1,1,€ 145,2020/01/04,2020/01/05,0,"8,2",14
Apartamento Alguer,4005334,NA,Valencia,1,1,€ 86,2020/01/04,2020/01/05,0,"7,7",14
Apartamento acogedor para 4 personas,4391668,NA,Valencia,1,1,€ 87,2020/01/04,2020/01/05,0,"7,8",14
MyHomestay,2921259,NA,Valencia,1,1,€ 88,2020/01/04,2020/01/05,0,"7,6",14
MOM La Punta,3105661,NA,Valencia,1,1,NA,2020/01/04,2020/01/05,0,"9,4",14
United Colors of Studios - Mercado Central,2574108,NA,Valencia,1,1,€ 88,2020/01/04,2020/01/05,0,"7,7",14
València Centre Túria,2185255,NA,Valencia,1,1,€ 71,2020/01/04,2020/01/05,0,"8,8",14
Ilunion Aqua 4,92777,NA,Valencia,1,1,€ 71,2020/01/04,2020/01/05,4,"8,5",14
Ambrosio Flats Valencia - El Carmen,2401127,NA,Valencia,1,1,NA,2020/01/04,2020/01/05,0,"9,5",14
Friendly Rentals Torrealba,1634243,NA,Valencia,1,1,€ 113,2020/01/04,2020/01/05,0,"9,3",14
Apartamentos Edificio Palomar,189277,NA,Valencia,1,1,€ 115,2020/01/04,2020/01/05,0,"9,2",14
Cozy fisherman's house,2241663,NA,Valencia,1,1,€ 92,2020/01/04,2020/01/05,0,"7,9",14
SEA YOU HOTEL PORT VALENCIA,92328,NA,Valencia,1,1,€ 93,2020/01/04,2020/01/05,4,"7,8",14
Holiday Inn Express Ciudad de las Ciencias,96737,NA,Valencia,1,1,€ 99,2020/01/04,2020/01/05,3,"7,9",14
Kirei Apartment Dublin,4639542,NA,Valencia,1,1,€ 110,2020/01/04,2020/01/05,0,"7,8",14
La seda stay,3335523,NA,Valencia,1,1,NA,2020/01/04,2020/01/05,0,"9,6",14
Citizentral Juristas,1113127,NA,Valencia,1,1,€ 116,2020/01/04,2020/01/05,0,"9,2",14
Valenciaflats Mercado Central,307677,NA,Valencia,1,1,€ 120,2020/01/04,2020/01/05,0,9,14
Apartamento Obispo don Jerónimo,2079020,NA,Valencia,1,1,€ 157,2020/01/04,2020/01/05,0,"8,2",14
Zerka Centro,4425975,NA,Valencia,1,1,€ 189,2020/01/04,2020/01/05,0,"8,3",14
Ruzafa Viva,4475954,NA,Valencia,1,1,NA,2020/01/04,2020/01/05,0,"9,6",14
MD Vila Barbera Apartment Center,1957253,NA,Valencia,1,1,€ 500,2020/01/04,2020/01/05,0,"8,4",14
UP Hostel Valencia,1710137,NA,Valencia,1,1,€ 11,2020/01/04,2020/01/05,0,"7,7",14
Double Room in VALENCIA,5665653,NA,Valencia,1,1,€ 28,2020/01/04,2020/01/05,0,"7,9",14
Habitación Céntrica en Casa de Familia,4289877,NA,Valencia,1,1,€ 33,2020/01/04,2020/01/05,0,"7,7",14
Casual Socarrat Valencia,5142800,NA,Valencia,1,1,€ 121,2020/01/04,2020/01/05,3,"9,1",14
Friendly Rentals Montaner Beach,2314997,NA,Valencia,1,1,€ 122,2020/01/04,2020/01/05,0,9,14
Apartament Cura Femenia,2010355,NA,Valencia,1,1,€ 124,2020/01/04,2020/01/05,0,"9,3",14
Hi Valencia Apartments - Jorge Juan,2373701,NA,Valencia,1,1,€ 124,2020/01/04,2020/01/05,0,"9,4",14
Hotel Malcom and Barret,483261,NA,Valencia,1,1,€ 71,2020/01/04,2020/01/05,3,"8,7",14
Sercotel Sorolla Palace,93646,NA,Valencia,1,1,€ 71,2020/01/04,2020/01/05,4,"8,6",14
AC Hotel Valencia,91063,NA,Valencia,1,1,€ 75,2020/01/04,2020/01/05,4,"8,5",14
Apart and Benef,2291245,NA,Valencia,1,1,€ 36,2020/01/04,2020/01/05,0,"7,9",14
Hostal On Dormire Valencia,432305,NA,Valencia,1,1,€ 36,2020/01/04,2020/01/05,0,"7,8",14
Hostal Antigua Morellana,1273937,NA,Valencia,1,1,NA,2020/01/04,2020/01/05,1,"9,5",14
Valero Vintage,3315727,NA,Valencia,1,1,€ 38,2020/01/04,2020/01/05,0,"7,8",14
Original Domino House,5434091,NA,Valencia,1,1,€ 75,2020/01/04,2020/01/05,0,"8,7",14
UNIK. Apartments Valencia,2241282,NA,Valencia,1,1,€ 76,2020/01/04,2020/01/05,0,"8,5",14
Barceló Valencia,91988,NA,Valencia,1,1,€ 77,2020/01/04,2020/01/05,4,"8,7",14
Serranos Apartment,2698760,NA,Valencia,1,1,NA,2020/01/04,2020/01/05,0,"9,5",14
HOSPEDAJE PESET,4718074,NA,Valencia,1,1,€ 38,2020/01/04,2020/01/05,0,"7,5",14
Habitacion por dias Centro Valencia,3977106,NA,Valencia,1,1,€ 39,2020/01/04,2020/01/05,0,"7,7",14
Playa de El Saler,4687003,NA,Valencia,1,1,€ 40,2020/01/04,2020/01/05,0,"7,6",14
STYLISH APARTMENT - CITY CENTER,2861517,NA,Valencia,1,1,€ 116,2020/01/04,2020/01/05,0,"7,8",14
Olvida tu Reloj Montichelvo Apartment,3258095,NA,Valencia,1,1,NA,2020/01/04,2020/01/05,0,"9,4",14
Apartment Florista,2150187,NA,Valencia,1,1,€ 135,2020/01/04,2020/01/05,0,"7,9",14
Hotel Valencia Oceanic Managed by Melia Hotels International,91522,NA,Valencia,1,1,€ 77,2020/01/04,2020/01/05,4,"8,6",14
Melia Valencia,290493,NA,Valencia,1,1,€ 79,2020/01/04,2020/01/05,4,"8,8",14
Zalamera BnB,1331238,NA,Valencia,1,1,€ 79,2020/01/04,2020/01/05,0,"8,7",14
Hotel Beleret,94652,NA,Valencia,1,1,€ 41,2020/01/04,2020/01/05,3,"7,7",14
Habitación San Cayetano,4624401,NA,Valencia,1,1,€ 42,2020/01/04,2020/01/05,0,"7,5",14
Doctor Oloriz-31-9,3397673,NA,Valencia,1,1,NA,2020/01/04,2020/01/05,0,"9,6",14
BUBUFLATS Mossén,1141763,NA,Valencia,1,1,€ 80,2020/01/04,2020/01/05,0,"8,8",14
SH Ingles Boutique Hotel,92956,NA,Valencia,1,1,€ 80,2020/01/04,2020/01/05,4,"8,5",14
Casa del Patriarca,364834,NA,Valencia,1,1,€ 81,2020/01/04,2020/01/05,0,"8,9",14
Habitacion Apartamento soleado Plaza Escultor Frechina,4865043,NA,Valencia,1,1,€ 42,2020/01/04,2020/01/05,0,"7,7",14
Casual Civilizaciones Valencia,449777,NA,Valencia,1,1,€ 43,2020/01/04,2020/01/05,0,"7,9",14
Hospederia del Pilar,327766,NA,Valencia,1,1,€ 45,2020/01/04,2020/01/05,0,"7,9",14
Valencia City Host,1177077,NA,Valencia,1,1,€ 47,2020/01/04,2020/01/05,0,"7,7",14
Expo Hotel Valencia,91223,NA,Valencia,1,1,€ 55,2020/01/04,2020/01/05,3,"7,6",14
Ciudad Ciencias- Lujo- Parking- Wi-Fi.,4999636,NA,Valencia,1,1,NA,2020/01/04,2020/01/05,0,"9,7",14
Apartamento en el centro de Valencia,4709659,NA,Valencia,1,1,€ 125,2020/01/04,2020/01/05,0,9,14
Live in Chianti Apartaments,2882632,NA,Valencia,1,1,€ 125,2020/01/04,2020/01/05,0,9,14
El 16 Ruzafa,865461,NA,Valencia,1,1,€ 159,2020/01/04,2020/01/05,0,"7,7",14
MD Abastos Center,2551194,NA,Valencia,1,1,€ 227,2020/01/04,2020/01/05,0,"7,9",14
Malvarrosa Calle Pavia,3608764,NA,Valencia,1,1,€ 257,2020/01/04,2020/01/05,0,"7,7",14
Valencia what else...,2550483,NA,Valencia,1,1,NA,2020/01/04,2020/01/05,0,"9,5",14
Hotel San Lorenzo Boutique,1307718,NA,Valencia,1,1,€ 81,2020/01/04,2020/01/05,3,"8,6",14
Quart Youth Hostel,476418,NA,Valencia,1,1,€ 81,2020/01/04,2020/01/05,0,"8,6",14
Musico Peydro Apartments,3765069,NA,Valencia,1,1,€ 307,2020/01/04,2020/01/05,0,"7,9",14
MD Benlliure Beach.,1957258,NA,Valencia,1,1,€ 307,2020/01/04,2020/01/05,0,"7,8",14
OCEANOGRAFIC DELUXE- PARKING- WI-FI,4095746,NA,Valencia,1,1,NA,2020/01/04,2020/01/05,0,9,14
MD Art Apartment Ruzafa,2550955,NA,Valencia,1,1,€ 307,2020/01/04,2020/01/05,0,"7,8",14
València Centre Torres de Quart,886289,NA,Valencia,1,1,€ 82,2020/01/04,2020/01/05,0,"8,9",14
Apartments Madrina,3278589,NA,Valencia,1,1,€ 83,2020/01/04,2020/01/05,0,"8,9",14
Reina Rooms,4211140,NA,Valencia,1,1,€ 84,2020/01/04,2020/01/05,0,"8,9",14
BUBUFLATS / Mercat,783206,NA,Valencia,1,1,€ 85,2020/01/04,2020/01/05,0,"8,9",14
Apartment Sofi,2830696,NA,Valencia,1,1,NA,2020/01/04,2020/01/05,0,"9,7",14
Valenciaflats Torres de Serrano,17468,NA,Valencia,1,1,€ 87,2020/01/04,2020/01/05,0,"8,5",14
Petit Palace Plaza de la Reina,90443,NA,Valencia,1,1,€ 89,2020/01/04,2020/01/05,3,"8,7",14
Sweet Caroline Apartment,1811784,NA,Valencia,1,1,€ 128,2020/01/04,2020/01/05,0,"9,2",14
Friendly Rentals Mercado Central,3220956,NA,Valencia,1,1,€ 132,2020/01/04,2020/01/05,0,"9,1",14
Vincci Mercat,1279484,NA,Valencia,1,1,€ 134,2020/01/04,2020/01/05,4,9,14
Blanq Comedias,4922002,NA,Valencia,1,1,€ 90,2020/01/04,2020/01/05,0,"8,9",14
Casa Adosada Quintero,5481770,NA,Valencia,1,1,€ 92,2020/01/04,2020/01/05,0,"8,8",14
Friendly Rentals Schubert,1634221,NA,Valencia,1,1,€ 94,2020/01/04,2020/01/05,0,"8,8",14
MD Oliag I Apartment Ruzafa,2867488,NA,Valencia,1,1,€ 347,2020/01/04,2020/01/05,0,"7,6",14
MD Pelayo with terrace,1979067,NA,Valencia,1,1,€ 409,2020/01/04,2020/01/05,0,"7,7",14
Masatepe Room Valencia,5687127,NA,Valencia,1,1,€ 24,2020/01/04,2020/01/05,0,"7,3",14
Guest House Samuel Ros,4161855,NA,Valencia,1,1,€ 25,2020/01/04,2020/01/05,0,"7,2",14
Mon Suites San Martin,2777545,NA,Valencia,1,1,€ 139,2020/01/04,2020/01/05,0,"9,4",14
Preciosa Casita Cerca Del Mar,4057271,NA,Valencia,1,1,NA,2020/01/04,2020/01/05,0,"9,7",14
B BEACH VALENCIA,5125954,NA,Valencia,1,1,€ 141,2020/01/04,2020/01/05,0,9,14
Apartamentos La más Bonita,2816245,NA,Valencia,1,1,€ 149,2020/01/04,2020/01/05,0,9,14
Ad Hoc Monumental,90719,NA,Valencia,1,1,€ 115,2020/01/04,2020/01/05,3,"8,6",14
Petit Palace Ruzafa,90792,NA,Valencia,1,1,€ 119,2020/01/04,2020/01/05,3,"8,7",14
Apartment Plaza Cisneros,1273377,NA,Valencia,1,1,NA,2020/01/04,2020/01/05,0,"9,7",14
Apartamento 2 en Villa Oliva Tossal Gros,3083529,NA,Valencia,1,1,€ 122,2020/01/04,2020/01/05,0,"8,8",14
Apartamento de Diseño en Ruzafa,4269940,NA,Valencia,1,1,€ 149,2020/01/04,2020/01/05,0,"9,4",14
Dolz Garden Ruzafa,1123993,NA,Valencia,1,1,€ 150,2020/01/04,2020/01/05,0,"9,2",14
Las Arenas Balneario Resort,91144,NA,Valencia,1,1,€ 153,2020/01/04,2020/01/05,5,9,14
NH Collection Colón Valencia,3828811,NA,Valencia,1,1,€ 156,2020/01/04,2020/01/05,4,"9,1",14
Valencia Apartamentos Goya,4256653,NA,Valencia,1,1,NA,2020/01/04,2020/01/05,0,"9,9",14
Mediterranean Flats Plaza Redonda,4086496,NA,Valencia,1,1,€ 161,2020/01/04,2020/01/05,0,"9,2",14
Apartamento cerca Ciudad de las Ciencias con WIFI,3070842,NA,Valencia,1,1,€ 162,2020/01/04,2020/01/05,0,"9,4",14
Charming Apartment with Terrace,5715086,NA,Valencia,1,1,€ 163,2020/01/04,2020/01/05,0,"9,3",14
MARQUÉS HOUSE 4* SUP,2118880,NA,Valencia,1,1,€ 164,2020/01/04,2020/01/05,4,"9,4",14
Palacio de Rojas,1073276,NA,Valencia,1,1,€ 171,2020/01/04,2020/01/05,0,"9,3",14
Mar & City Apartment,3456759,NA,Valencia,1,1,€ 123,2020/01/04,2020/01/05,0,"8,9",14
Vincci Lys,91183,NA,Valencia,1,1,€ 129,2020/01/04,2020/01/05,4,"8,9",14
Valencia City Designer Bioparc,3085078,NA,Valencia,1,1,€ 129,2020/01/04,2020/01/05,0,"8,9",14
Catalonia Excelsior,90578,NA,Valencia,1,1,€ 130,2020/01/04,2020/01/05,3,"8,7",14
Friendly Rentals Vives 2,2523871,NA,Valencia,1,1,€ 136,2020/01/04,2020/01/05,0,"8,9",14
Stay at Valencia Downtown,1840715,NA,Valencia,1,1,NA,2020/01/04,2020/01/05,0,"9,5",14
Habitacion Doble Homestay,4037073,NA,Valencia,1,1,€ 40,2020/01/04,2020/01/05,0,8,14
Attic Rooms in Botánico,5522932,NA,Valencia,1,1,€ 41,2020/01/04,2020/01/05,0,"8,3",14
Hotel Mediterraneo Valencia,92412,NA,Valencia,1,1,€ 141,2020/01/04,2020/01/05,3,"8,8",14
Puerta de Serranos,2734333,NA,Valencia,1,1,€ 145,2020/01/04,2020/01/05,0,"8,9",14
El Palacete Gran Via,3483148,NA,Valencia,1,1,€ 150,2020/01/04,2020/01/05,0,"8,7",14
Apartamento Gran Vía Marqués del Turia,2358973,NA,Valencia,1,1,€ 163,2020/01/04,2020/01/05,0,"8,6",14
ÁTICO PTA 13 EN EL CENTRO DE VALENCIA VT-45727-T,4612077,NA,Valencia,1,1,NA,2020/01/04,2020/01/05,0,"9,5",14
Pension MonaLisa Luxury Suites,3834224,NA,Valencia,1,1,€ 44,2020/01/04,2020/01/05,0,"8,2",14
Hostal Abastos,257057,NA,Valencia,1,1,€ 45,2020/01/04,2020/01/05,2,"8,2",14
Habitacion en Valencia,4861732,NA,Valencia,1,1,€ 45,2020/01/04,2020/01/05,0,"8,2",14
Sweet Hotel Renasa,274818,NA,Valencia,1,1,€ 49,2020/01/04,2020/01/05,3,8,14
Habitaciones con Encanto,5629632,NA,Valencia,1,1,€ 50,2020/01/04,2020/01/05,0,"8,1",14
Casa Mati,4217185,NA,Valencia,1,1,€ 50,2020/01/04,2020/01/05,0,"8,2",14
Hotel Valencia Alameda 41,4019381,NA,Valencia,1,1,€ 80,2020/01/04,2020/01/05,4,"9,1",14
COZY & MODERN Apartment next to Metro A. Guimerá,5516886,NA,Valencia,1,1,€ 83,2020/01/04,2020/01/05,0,"9,1",14
BONNIES Suites & Spa Valencia,3631910,NA,Valencia,1,1,NA,2020/01/04,2020/01/05,0,"9,8",14
City Garden Bed and Breakfast,2204361,NA,Valencia,1,1,€ 85,2020/01/04,2020/01/05,0,"9,3",14
Romantic Apartment,3793453,NA,Valencia,1,1,NA,2020/01/04,2020/01/05,0,"9,8",14
Apartamento Gutenberg,1327120,NA,Valencia,1,1,€ 55,2020/01/04,2020/01/05,0,"8,2",14
Albergue Juvenil Colegio Mayor Galileo Galilei,253103,NA,Valencia,1,1,€ 55,2020/01/04,2020/01/05,0,"8,1",14
B&B Hi Valencia Canovas,305349,NA,Valencia,1,1,€ 56,2020/01/04,2020/01/05,0,"8,3",14
BUBUSUITES by Bubuflats,2389776,NA,Valencia,1,1,€ 85,2020/01/04,2020/01/05,0,"9,3",14
Valenciaflats Ciudad de las Ciencias,93676,NA,Valencia,1,1,€ 87,2020/01/04,2020/01/05,0,"9,1",14
Habitación doble,3599930,NA,Valencia,1,1,€ 90,2020/01/04,2020/01/05,0,9,14
Enjoy Flat Valencia,3991548,NA,Valencia,1,1,€ 166,2020/01/04,2020/01/05,0,"8,6",14
Edificio Pentagono,4673669,NA,Valencia,1,1,€ 167,2020/01/04,2020/01/05,0,"8,9",14
La Morella del Carmen,5188541,NA,Valencia,1,1,NA,2020/01/04,2020/01/05,0,"9,5",14
Hotel Miramar,23332,NA,Valencia,1,1,€ 58,2020/01/04,2020/01/05,2,"8,4",14
Urban Youth Hostel,1163025,NA,Valencia,1,1,€ 59,2020/01/04,2020/01/05,0,"8,4",14
MD Design Hotel - Portal del Real,2391685,NA,Valencia,1,1,€ 95,2020/01/04,2020/01/05,2,"9,1",14
Apartamentos El Olivo,1985143,NA,Valencia,1,1,€ 96,2020/01/04,2020/01/05,0,"9,3",14
Hexagonal Design Apartment Valencia,4630643,NA,Valencia,1,1,NA,2020/01/04,2020/01/05,0,"9,5",14
Apartment on Carrer del Dr. Lluch,2008997,NA,Valencia,1,1,€ 97,2020/01/04,2020/01/05,0,9,14
HQ Rooms Apartments San Vicente,2894429,NA,Valencia,1,1,€ 99,2020/01/04,2020/01/05,0,"9,2",14
Sorolla Centro,90896,NA,Valencia,1,1,€ 99,2020/01/04,2020/01/05,3,"9,1",14
Sol Playa,12656,NA,Valencia,1,1,€ 60,2020/01/04,2020/01/05,2,"8,3",14
Flight Mode Ruzafa,5473258,NA,Valencia,1,1,NA,2020/01/04,2020/01/05,0,"9,8",14
NH Valencia Las Ciencias,90725,NA,Valencia,1,1,€ 61,2020/01/04,2020/01/05,3,8,14
Hotel Medium Valencia,96838,NA,Valencia,1,1,€ 63,2020/01/04,2020/01/05,4,"8,2",14
United Colors of Apartments Boutique Style,5372347,NA,Valencia,1,1,€ 99,2020/01/04,2020/01/05,0,"9,2",14
Sunny Apartment in Valencia,4142038,NA,Valencia,1,1,€ 100,2020/01/04,2020/01/05,0,9,14
One Shot Mercat 09,2274203,NA,Valencia,1,1,€ 101,2020/01/04,2020/01/05,4,"9,1",14
Welcome Apartamentos Pintor Stolz 31 Valencia,5019066,NA,Valencia,1,1,€ 167,2020/01/04,2020/01/05,0,"8,9",14
ValentiaApartments - MercadoCentral,4185241,NA,Valencia,1,1,€ 169,2020/01/04,2020/01/05,0,"8,8",14
Hospes Palau de La Mar,93823,NA,Valencia,1,1,€ 171,2020/01/04,2020/01/05,5,"8,8",14
Plaza de la Virgen,3167342,NA,Valencia,1,1,€ 180,2020/01/04,2020/01/05,0,"8,8",14
Carrera Luxury,388247,NA,Valencia,1,1,€ 192,2020/01/04,2020/01/05,0,"8,7",14
Turia Guesthouse - B&B,2884427,NA,Valencia,1,1,€ 270,2020/01/04,2020/01/05,0,"8,5",14
Ilunion Aqua 3,92776,NA,Valencia,1,1,€ 65,2020/01/04,2020/01/05,3,"8,3",14
Eurostars Gran Valencia,90484,NA,Valencia,1,1,€ 66,2020/01/04,2020/01/05,4,"8,4",14
Rooms Valencia Center,5507857,NA,Valencia,1,1,€ 67,2020/01/04,2020/01/05,0,8,14
Cool Central Market,3424724,NA,Valencia,1,1,NA,2020/01/04,2020/01/05,0,"9,7",14
L'Arbre,3972359,NA,Valencia,1,1,€ 101,2020/01/04,2020/01/05,0,"9,1",14
Mon Suites San Nicolas,4117225,NA,Valencia,1,1,€ 101,2020/01/04,2020/01/05,0,"9,1",14
So de Mar,2204496,NA,Valencia,1,1,NA,2020/01/04,2020/01/05,0,"9,6",14
Zerka Sendra,4657122,NA,Valencia,1,1,€ 293,2020/01/04,2020/01/05,0,"8,9",14
MD PASEO RUZAFA CENTER,5374850,NA,Valencia,1,1,€ 1.130,2020/01/04,2020/01/05,0,"8,8",14
Purple Nest Hostel,25278,NA,Valencia,1,1,€ 24,2020/01/04,2020/01/05,0,"8,2",14
Valenciaflats Centro Ciudad,18544,NA,Valencia,1,1,€ 101,2020/01/04,2020/01/05,0,"9,2",14
Carrer de l'Arquitecte Alfaro 27 bajo derecha,4353398,NA,Valencia,1,1,€ 102,2020/01/04,2020/01/05,0,"9,3",14
Mon Suites Catedral,485679,NA,Valencia,1,1,€ 106,2020/01/04,2020/01/05,0,"9,2",14
Loft zona Pechina en Valencia centro,2524985,NA,Valencia,1,1,€ 108,2020/01/04,2020/01/05,0,"9,1",14
Center Valencia Youth Hostel,246931,NA,Valencia,1,1,€ 32,2020/01/04,2020/01/05,0,8,14
Habitacion Doble Homestay,4037073,NA,Valencia,1,1,€ 38,2020/01/04,2020/01/05,0,8,14
Atico Loft Ruzafa,3152977,NA,Valencia,1,1,NA,2020/01/04,2020/01/05,0,"9,6",14
Apartamentos Wallace,1698355,NA,Valencia,1,1,€ 110,2020/01/04,2020/01/05,0,"9,2",14
Maison Reina B&B,5004812,NA,Valencia,1,1,€ 110,2020/01/04,2020/01/05,0,"9,2",14
Rooms Ciencias,94126,NA,Valencia,1,1,€ 113,2020/01/04,2020/01/05,0,9,14
MD Benlliure Beach.,1957258,NA,Valencia,1,1,€ 307,2020/01/04,2020/01/05,0,"7,8",14
MD Art Apartment Ruzafa,2550955,NA,Valencia,1,1,€ 307,2020/01/04,2020/01/05,0,"7,8",14
Olvida tu Reloj Montichelvo Apartment,3258095,NA,Valencia,1,1,NA,2020/01/04,2020/01/05,0,"9,4",14
MD Oliag I Apartment Ruzafa,2867488,NA,Valencia,1,1,€ 347,2020/01/04,2020/01/05,0,"7,6",14
MD Pelayo with terrace,1979067,NA,Valencia,1,1,€ 409,2020/01/04,2020/01/05,0,"7,7",14
Masatepe Room Valencia,5687127,NA,Valencia,1,1,€ 23,2020/01/04,2020/01/05,0,"7,3",14
Guest House Samuel Ros,4161855,NA,Valencia,1,1,€ 25,2020/01/04,2020/01/05,0,"7,2",14
NH Ciudad de Valencia,90729,NA,Valencia,1,1,€ 68,2020/01/04,2020/01/05,3,"8,1",14
ÁTICO EN EL CENTRO DE VALENCIA VT-45939-T,4752815,NA,Valencia,1,1,NA,2020/01/04,2020/01/05,0,"9,5",14
Senator Parque Central Hotel,274963,NA,Valencia,1,1,€ 68,2020/01/04,2020/01/05,4,"8,1",14
Eurostars Rey Don Jaime,91520,NA,Valencia,1,1,€ 71,2020/01/04,2020/01/05,4,"8,2",14
Center Valencia,2944722,NA,Valencia,1,1,€ 114,2020/01/04,2020/01/05,0,"9,3",14
Apartamentos Edificio Palomar,189277,NA,Valencia,1,1,€ 115,2020/01/04,2020/01/05,0,"9,2",14
NH Valencia Las Artes,90731,NA,Valencia,1,1,€ 74,2020/01/04,2020/01/05,4,"8,4",14
Reina 12,1684198,NA,Valencia,1,1,€ 74,2020/01/04,2020/01/05,0,"8,2",14
Hotel Valencia Center,91285,NA,Valencia,1,1,€ 74,2020/01/04,2020/01/05,4,"8,4",14
Hotel Valencia Center,91285,NA,Valencia,1,1,€ 74,2020/01/04,2020/01/05,4,"8,4",14
Primus Valencia,331871,NA,Valencia,1,1,€ 75,2020/01/04,2020/01/05,4,"8,3",14
Bright and Modern Apartment near the Beach,4413130,NA,Valencia,1,1,NA,2020/01/04,2020/01/05,0,"9,7",14
Hotel Alkazar,408511,NA,Valencia,1,1,€ 75,2020/01/04,2020/01/05,1,8,14
Hostal Waksman,281139,NA,Valencia,1,1,€ 30,2020/01/04,2020/01/05,1,"7,4",14
Zen House,3671621,NA,Valencia,1,1,€ 37,2020/01/04,2020/01/05,0,"7,1",14
OCEANOGRAFIC DELUXE- PARKING- WI-FI,4095746,NA,Valencia,1,1,NA,2020/01/04,2020/01/05,0,9,14
Bonito Apartamento- confortable y bien comunicado,5572090,NA,Valencia,1,1,€ 75,2020/01/04,2020/01/05,0,"8,3",14
L'Otelet By Sweet,1467935,NA,Valencia,1,1,€ 77,2020/01/04,2020/01/05,0,"8,3",14
Casual de las Artes Valencia,538056,NA,Valencia,1,1,€ 77,2020/01/04,2020/01/05,3,"8,4",14
Silken Puerta Valencia,91182,NA,Valencia,1,1,€ 79,2020/01/04,2020/01/05,4,"8,3",14
Carrer de l'Escriptor Rafael Ferreres,4267645,NA,Valencia,1,1,€ 80,2020/01/04,2020/01/05,0,"8,4",14
Piso en La Ciudad de Artes,3832790,NA,Valencia,1,1,NA,2020/01/04,2020/01/05,0,"9,6",14
Old Town Flats Casa Burguerini,4552106,NA,Valencia,1,1,€ 80,2020/01/04,2020/01/05,0,"8,3",14
NH Valencia Center,90727,NA,Valencia,1,1,€ 82,2020/01/04,2020/01/05,4,"8,3",14
APARTAMENTO LAS MELLIZAS,4651578,NA,Valencia,1,1,€ 41,2020/01/04,2020/01/05,0,"8,3",14
Atico Ciutat Vella,3446230,NA,Valencia,1,1,€ 85,2020/01/04,2020/01/05,0,"8,2",14
B&B El Mercat,2203530,NA,Valencia,1,1,€ 38,2020/01/04,2020/01/05,0,"7,2",14
OYO Pensión El Rincón,476031,NA,Valencia,1,1,€ 40,2020/01/04,2020/01/05,1,"7,4",14
Plaza Redonda house.,4399973,NA,Valencia,1,1,€ 58,2020/01/04,2020/01/05,0,"7,4",14
Geography and Arts.,3569110,NA,Valencia,1,1,€ 60,2020/01/04,2020/01/05,0,"7,2",14
Plaza Sainetero Arniches,3984774,NA,Valencia,1,1,€ 94,2020/01/04,2020/01/05,0,"8,4",14
MD Modern Hotel - Jardines,305447,NA,Valencia,1,1,€ 95,2020/01/04,2020/01/05,1,"8,3",14
ApartUP L' Almoina,4220343,NA,Valencia,1,1,NA,2020/01/04,2020/01/05,0,"9,5",14
United Colors of Apartments - Catedral,1301545,NA,Valencia,1,1,€ 99,2020/01/04,2020/01/05,0,"8,2",14
Cosy Rooms Embajador,369728,NA,Valencia,1,1,€ 63,2020/01/04,2020/01/05,2,"7,3",14
Cosy Rooms Bolsería,371606,NA,Valencia,1,1,€ 63,2020/01/04,2020/01/05,2,"7,4",14
OCEANOGRAFIC APARTMENT. PARKING. WI-FI,3107716,NA,Valencia,1,1,NA,2020/01/04,2020/01/05,0,9,14
Mi casa es vuestra casa,4967097,NA,Valencia,1,1,€ 64,2020/01/04,2020/01/05,0,"7,1",14
Apartment Horticultor Bosch,1148669,NA,Valencia,1,1,€ 80,2020/01/04,2020/01/05,0,"7,2",14
NWT Central Station Valencia,1647017,NA,Valencia,1,1,€ 89,2020/01/04,2020/01/05,0,"7,1",14
HOSTAL BED OF THE SEA,3974636,NA,Valencia,1,1,€ 100,2020/01/04,2020/01/05,0,"7,1",14
Friendly Rentals Puerto Deportivo,2317861,NA,Valencia,1,1,€ 100,2020/01/04,2020/01/05,0,"8,2",14
City Suites Apartments,3091106,NA,Valencia,1,1,€ 102,2020/01/04,2020/01/05,0,"8,3",14
Friendly Rentals Pergolesi,1634240,NA,Valencia,1,1,€ 103,2020/01/04,2020/01/05,0,"8,3",14
Select Home Catedral,440778,NA,Valencia,1,1,€ 161,2020/01/04,2020/01/05,0,"7,1",14
Best Valencia Beach Flat,3246772,NA,Valencia,1,1,€ 174,2020/01/04,2020/01/05,0,7,14
Piso céntrico Plaza Toros,2961063,NA,Valencia,1,1,NA,2020/01/04,2020/01/05,0,"9,2",14
Friendly Rentals Gimenez,1634242,NA,Valencia,1,1,€ 103,2020/01/04,2020/01/05,0,"8,1",14
Apartamento Privado Próximo a Playa y Ciencias,3783163,NA,Valencia,1,1,€ 106,2020/01/04,2020/01/05,0,"8,3",14
L'Esplai Valencia Bed & Breakfast,1282556,NA,Valencia,1,1,NA,2020/01/04,2020/01/05,0,"9,5",14
El Coso,14580,NA,Valencia,1,1,€ 110,2020/01/04,2020/01/05,3,"8,2",14
Like Apartments XL,558122,NA,Valencia,1,1,€ 267,2020/01/04,2020/01/05,0,"7,4",14
MD Puerto Rico Apartment Ruzafa,3737151,NA,Valencia,1,1,€ 347,2020/01/04,2020/01/05,0,"7,4",14
Guest House Lebon,3124256,NA,Valencia,1,1,€ 24,2020/01/04,2020/01/05,0,"6,7",14
SHF Flats Baron,1033085,NA,Valencia,1,1,€ 110,2020/01/04,2020/01/05,0,8,14
Carrer de María Montessori,3272386,NA,Valencia,1,1,€ 113,2020/01/04,2020/01/05,0,"8,2",14
Friendly Rentals Verdi,1634232,NA,Valencia,1,1,€ 113,2020/01/04,2020/01/05,0,"8,1",14
Hostal Residencial RR,450746,NA,Valencia,1,1,€ 40,2020/01/04,2020/01/05,0,"6,9",14
Mercat Central brugada home,5259150,NA,Valencia,1,1,€ 51,2020/01/04,2020/01/05,0,"6,9",14
Patacona Beach Apartment,4533678,NA,Valencia,1,1,€ 115,2020/01/04,2020/01/05,0,"8,3",14
Petit Palace Plaza de la Reina,90443,NA,Valencia,1,1,€ 89,2020/01/04,2020/01/05,3,"8,7",14
Blanq Comedias,4922002,NA,Valencia,1,1,€ 90,2020/01/04,2020/01/05,0,"8,9",14
Apartments Torres de Serranos Valencia,1099602,NA,Valencia,1,1,NA,2020/01/04,2020/01/05,0,"9,7",14
Casa Adosada Quintero,5481770,NA,Valencia,1,1,€ 96,2020/01/04,2020/01/05,0,"8,8",14
Soho Valencia,1538641,NA,Valencia,1,1,€ 99,2020/01/04,2020/01/05,0,"8,9",14
Melia Plaza Valencia,13270,NA,Valencia,1,1,€ 99,2020/01/04,2020/01/05,4,"8,9",14
Petit Palomar,2187491,NA,Valencia,1,1,€ 99,2020/01/04,2020/01/05,0,"8,9",14
Hotel Dimar,90886,NA,Valencia,1,1,€ 99,2020/01/04,2020/01/05,4,"8,7",14
Casual del Cine Valencia,572187,NA,Valencia,1,1,€ 99,2020/01/04,2020/01/05,2,"8,7",14
Bruno Apartment,2715023,NA,Valencia,1,1,NA,2020/01/04,2020/01/05,0,"9,7",14
Casual Vintage Valencia,1710241,NA,Valencia,1,1,€ 100,2020/01/04,2020/01/05,2,"8,5",14
SH Valencia Palace,91497,NA,Valencia,1,1,€ 100,2020/01/04,2020/01/05,5,"8,5",14
Friendly Rentals Schubert,1634221,NA,Valencia,1,1,€ 100,2020/01/04,2020/01/05,0,"8,8",14
Mestalla Paradise,4734619,NA,Valencia,1,1,€ 100,2020/01/04,2020/01/05,0,"8,9",14
Friendly Rentals Ravel I,1634234,NA,Valencia,1,1,€ 100,2020/01/04,2020/01/05,0,"8,8",14
Apartamento cerca de la Playa y el Centro,2620264,NA,Valencia,1,1,€ 100,2020/01/04,2020/01/05,0,"8,9",14
ApartUP Patacona Deluxe,2565246,NA,Valencia,1,1,NA,2020/01/04,2020/01/05,0,"9,5",14
One Shot Palacio Reina Victoria 04,90885,NA,Valencia,1,1,€ 101,2020/01/04,2020/01/05,4,"8,6",14
Citizentral Gascons,332095,NA,Valencia,1,1,€ 102,2020/01/04,2020/01/05,0,"8,8",14
AC Hotel Colon Valencia,1117150,NA,Valencia,1,1,€ 103,2020/01/04,2020/01/05,4,"8,7",14
Friendly Rentals Casals,1769176,NA,Valencia,1,1,€ 105,2020/01/04,2020/01/05,0,"8,9",14
Valenciaflats Centro Histórico,94781,NA,Valencia,1,1,€ 106,2020/01/04,2020/01/05,0,"8,7",14
Hotel Neptuno,91206,NA,Valencia,1,1,€ 108,2020/01/04,2020/01/05,4,"8,5",14
Centro en Valencia,2885222,NA,Valencia,1,1,NA,2020/01/04,2020/01/05,0,"9,5",14
Vincci Palace,94163,NA,Valencia,1,1,€ 109,2020/01/04,2020/01/05,4,"8,7",14
Zenit Valencia,92327,NA,Valencia,1,1,€ 113,2020/01/04,2020/01/05,4,"8,8",14
B&B Hi Valencia Boutique,1301725,NA,Valencia,1,1,€ 113,2020/01/04,2020/01/05,0,"8,7",14
Ad Hoc Monumental,90719,NA,Valencia,1,1,€ 115,2020/01/04,2020/01/05,3,"8,6",14
Petit Palace Ruzafa,90792,NA,Valencia,1,1,€ 119,2020/01/04,2020/01/05,3,"8,7",14
