name,propertyId,propertyType,city,rooms,days,price,checkIn,checkOut,stars,score,advance
Apartment Carrer de Josep Aguirre,5646705,NA,Valencia,1,1,€ 810,2020/01/02,2020/01/03,0,,30
Malvarosa,3820590,NA,Valencia,1,1,€ 190,2020/01/02,2020/01/03,0,"3,8",30
Aparment Canarias,3753027,NA,Valencia,1,1,€ 49,2020/01/02,2020/01/03,0,"2,6",30
Cool Loft Malvarrosa Beach,4309218,NA,Valencia,1,1,NA,2020/01/02,2020/01/03,0,"9,4",30
Habitacion doble en piso compartido,5645604,NA,Valencia,1,1,€ 46,2020/01/02,2020/01/03,0,,30
Comoda habitacion,5695905,NA,Valencia,1,1,€ 58,2020/01/02,2020/01/03,0,,30
vosotros sereis parte de mi familia.,5299568,NA,Valencia,1,1,€ 60,2020/01/02,2020/01/03,0,,30
Valencia- habitacion,5366858,NA,Valencia,1,1,€ 65,2020/01/02,2020/01/03,0,,30
Bonito Apartamento- confortable y bien comunicado,5572090,NA,Valencia,1,1,€ 68,2020/01/02,2020/01/03,0,,30
habitaciones mercat de ruzafa,5881952,NA,Valencia,1,1,€ 80,2020/01/02,2020/01/03,0,,30
Kasa Katia Eco Guest House,636256,NA,Valencia,1,1,NA,2020/01/02,2020/01/03,0,"9,3",30
YOU & CO Quart Boutique,5213598,NA,Valencia,1,1,€ 84,2020/01/02,2020/01/03,3,,30
Ciudad de Las Artes,5681064,NA,Valencia,1,1,€ 85,2020/01/02,2020/01/03,0,,30
Minimalist room with balcony.FREE bikes & coffee 1,5776697,NA,Valencia,1,1,€ 85,2020/01/02,2020/01/03,0,,30
Carrer de l'Arquitecte Alfaro 27 bajo derecha,4353398,NA,Valencia,1,1,€ 102,2020/01/02,2020/01/03,0,,30
A Casa Martínez,5878377,NA,Valencia,1,1,€ 105,2020/01/02,2020/01/03,0,,30
Hotel Helen Berger,5159105,NA,Valencia,1,1,€ 111,2020/01/02,2020/01/03,4,,30
Austria 4,1605997,NA,Valencia,1,1,NA,2020/01/02,2020/01/03,0,9,30
Ciutat Vella Apartment,5574768,NA,Valencia,1,1,€ 115,2020/01/02,2020/01/03,0,,30
Loft Turia Gran,5133726,NA,Valencia,1,1,€ 120,2020/01/02,2020/01/03,0,,30
Piso cercano al centro ( 5 min BUS),5607299,NA,Valencia,1,1,€ 130,2020/01/02,2020/01/03,0,,30
Christins home,5896886,NA,Valencia,1,1,€ 130,2020/01/02,2020/01/03,0,,30
Todo el centro histórico a tu alcance.,5610526,NA,Valencia,1,1,€ 135,2020/01/02,2020/01/03,0,,30
The White Apartment: Luxury- Beach and Design,5631365,NA,Valencia,1,1,€ 167,2020/01/02,2020/01/03,0,,30
Ático con estilo en el centro de Valencia,3914735,NA,Valencia,1,1,NA,2020/01/02,2020/01/03,0,9,30
Casa Del Sueno,4292899,NA,Valencia,1,1,€ 173,2020/01/02,2020/01/03,0,,30
Apartment Carrer Ernesto Che Guevara,5598848,NA,Valencia,1,1,€ 182,2020/01/02,2020/01/03,0,,30
Apartment Passeig de la Petxina,5695771,NA,Valencia,1,1,€ 195,2020/01/02,2020/01/03,0,,30
Turia Guesthouse - B&B,2884427,NA,Valencia,1,1,€ 285,2020/01/02,2020/01/03,0,,30
Apartamento de lujo con terraza,5240138,NA,Valencia,1,1,€ 770,2020/01/02,2020/01/03,0,,30
Blanq Carmen Hotel,97069,NA,Valencia,1,1,€ 74,2020/01/02,2020/01/03,3,"8,7",30
Geography and Arts.,3569110,NA,Valencia,1,1,€ 60,2020/01/02,2020/01/03,0,"7,3",30
Hostal la Barraca,350013,NA,Valencia,1,1,€ 65,2020/01/02,2020/01/03,0,"7,1",30
City Center Atico 360,3025679,NA,Valencia,1,1,NA,2020/01/02,2020/01/03,0,"9,4",30
Valencia Apartmans El Carmen,847910,NA,Valencia,1,1,€ 68,2020/01/02,2020/01/03,0,"7,3",30
Cosy Rooms Bolsería,371606,NA,Valencia,1,1,NA,2020/01/02,2020/01/03,2,"7,4",30
AC Hotel Valencia,91063,NA,Valencia,1,1,€ 75,2020/01/02,2020/01/03,4,"8,5",30
Centro en Valencia,2885222,NA,Valencia,1,1,NA,2020/01/02,2020/01/03,0,"9,5",30
Jardín Botánico Hotel Boutique,93369,NA,Valencia,1,1,€ 75,2020/01/02,2020/01/03,3,"8,9",30
Apartaments San Pio V,2456151,NA,Valencia,1,1,€ 75,2020/01/02,2020/01/03,0,"8,9",30
Almiserat,3054886,NA,Valencia,1,1,€ 70,2020/01/02,2020/01/03,0,"7,1",30
Mi casa es vuestra casa,4967097,NA,Valencia,1,1,€ 70,2020/01/02,2020/01/03,0,"7,1",30
Cosy Rooms Embajador,369728,NA,Valencia,1,1,NA,2020/01/02,2020/01/03,2,"7,4",30
Spain Host Valencia- Plaza del Ayuntamiento,2257049,NA,Valencia,1,1,€ 117,2020/01/02,2020/01/03,0,"7,3",30
COZY APARTMENT VALENCIA BEACHFRONT!,3128516,NA,Valencia,1,1,NA,2020/01/02,2020/01/03,0,"9,4",30
Valencia maritimo,3020748,NA,Valencia,1,1,€ 75,2020/01/02,2020/01/03,0,"8,9",30
Dreams Rental Plaza Redonda,1665625,NA,Valencia,1,1,€ 75,2020/01/02,2020/01/03,0,"8,6",30
Select Home Catedral,440778,NA,Valencia,1,1,€ 170,2020/01/02,2020/01/03,0,"7,1",30
MD Puerto Rico Apartment Ruzafa,3737151,NA,Valencia,1,1,€ 409,2020/01/02,2020/01/03,0,"7,4",30
Guest House Lebon,3124256,NA,Valencia,1,1,€ 26,2020/01/02,2020/01/03,0,"6,7",30
Ruzafa Rooms,2891693,NA,Valencia,1,1,€ 45,2020/01/02,2020/01/03,0,"6,9",30
Malvarrosa Beach Rooms,314048,NA,Valencia,1,1,NA,2020/01/02,2020/01/03,2,"6,9",30
Casita Esmeralda,2040126,NA,Valencia,1,1,€ 144,2020/01/02,2020/01/03,0,"6,5",30
Olvida tu Reloj Montichelvo Apartment,3258095,NA,Valencia,1,1,NA,2020/01/02,2020/01/03,0,"9,4",30
MD Villalonga Malvarosa Beach,3739661,NA,Valencia,1,1,€ 610,2020/01/02,2020/01/03,0,"6,7",30
Melia Valencia,290493,NA,Valencia,1,1,€ 79,2020/01/02,2020/01/03,4,"8,8",30
Hotel Valencia Oceanic Managed by Melia Hotels International,91522,NA,Valencia,1,1,€ 81,2020/01/02,2020/01/03,4,"8,6",30
MD Abastos Center,2551194,NA,Valencia,1,1,€ 257,2020/01/02,2020/01/03,0,"7,8",30
Malvarrosa Calle Pavia,3608764,NA,Valencia,1,1,€ 271,2020/01/02,2020/01/03,0,"7,7",30
Loft Duplex Valencia Centro,4060198,NA,Valencia,1,1,NA,2020/01/02,2020/01/03,0,"9,2",30
Musico Peydro Apartments,3765069,NA,Valencia,1,1,€ 367,2020/01/02,2020/01/03,0,"7,9",30
Guest House Higinio Noja,2845935,NA,Valencia,1,1,€ 25,2020/01/02,2020/01/03,0,6,30
Fun and Sun Center 2,2944416,NA,Valencia,1,1,€ 29,2020/01/02,2020/01/03,0,6,30
Hogar Dulce Hogar,5426607,NA,Valencia,1,1,€ 90,2020/01/02,2020/01/03,0,6,30
Ruzafa Guesthouse,2269176,NA,Valencia,1,1,€ 29,2020/01/02,2020/01/03,0,"5,5",30
Guest House Torres de Quart,2275006,NA,Valencia,1,1,€ 34,2020/01/02,2020/01/03,0,"5,1",30
Apartamento bianca,3205847,NA,Valencia,1,1,NA,2020/01/02,2020/01/03,0,"9,1",30
MD Art Apartment Ruzafa,2550955,NA,Valencia,1,1,€ 367,2020/01/02,2020/01/03,0,"7,7",30
MD Benlliure Beach.,1957258,NA,Valencia,1,1,€ 409,2020/01/02,2020/01/03,0,"7,8",30
Guest House Ruzafa,2324552,NA,Valencia,1,1,€ 60,2020/01/02,2020/01/03,0,5,30
Port of Valencia,3805735,NA,Valencia,1,1,€ 79,2020/01/02,2020/01/03,0,5,30
RoomTuristValencia Estacion del Norte,4682632,NA,Valencia,1,1,€ 35,2020/01/02,2020/01/03,0,"4,9",30
Guest House Duc de Gaeta,2275007,NA,Valencia,1,1,€ 36,2020/01/02,2020/01/03,0,"4,9",30
MD Pelayo with terrace,1979067,NA,Valencia,1,1,€ 409,2020/01/02,2020/01/03,0,"7,7",30
Apartment Plaza de la Merced,3457190,NA,Valencia,1,1,€ 470,2020/01/02,2020/01/03,0,"7,9",30
MD Oliag I Apartment Ruzafa,2867488,NA,Valencia,1,1,€ 487,2020/01/02,2020/01/03,0,"7,6",30
Piso como en tu casa 2,3834617,NA,Valencia,1,1,NA,2020/01/02,2020/01/03,0,"9,1",30
Guest House Samuel Ros,4161855,NA,Valencia,1,1,€ 25,2020/01/02,2020/01/03,0,"7,2",30
Valencia what else...,2550483,NA,Valencia,1,1,NA,2020/01/02,2020/01/03,0,"9,5",30
Barceló Valencia,91988,NA,Valencia,1,1,€ 81,2020/01/02,2020/01/03,4,"8,7",30
El Palacete Gran Via,3483148,NA,Valencia,1,1,€ 83,2020/01/02,2020/01/03,0,"8,7",30
Masatepe Room Valencia,5687127,NA,Valencia,1,1,€ 30,2020/01/02,2020/01/03,0,"7,1",30
Hostal Waksman,281139,NA,Valencia,1,1,NA,2020/01/02,2020/01/03,1,"7,4",30
OYO Pensión El Rincón,476031,NA,Valencia,1,1,NA,2020/01/02,2020/01/03,1,"7,4",30
Zen House,3671621,NA,Valencia,1,1,€ 39,2020/01/02,2020/01/03,0,"7,1",30
B&B El Mercat,2203530,NA,Valencia,1,1,€ 40,2020/01/02,2020/01/03,0,"7,2",30
Guesthouse Plaza de Toros,2985902,NA,Valencia,1,1,€ 49,2020/01/02,2020/01/03,0,"4,8",30
Casas Benlliure,3274635,NA,Valencia,1,1,NA,2020/01/02,2020/01/03,0,9,30
Hostal Residencial RR,450746,NA,Valencia,1,1,€ 40,2020/01/02,2020/01/03,0,7,30
Habitación con cama doble,4794909,NA,Valencia,1,1,€ 41,2020/01/02,2020/01/03,0,"7,4",30
Florista's Room en Valencia,5502152,NA,Valencia,1,1,€ 83,2020/01/02,2020/01/03,0,"8,8",30
Ad Hoc Monumental,90719,NA,Valencia,1,1,€ 84,2020/01/02,2020/01/03,3,"8,6",30
Hotel Kramer,91106,NA,Valencia,1,1,€ 84,2020/01/02,2020/01/03,3,"8,8",30
Hulot B&B Valencia,585429,NA,Valencia,1,1,€ 85,2020/01/02,2020/01/03,0,"8,5",30
Apartment Cisneros 2,2361375,NA,Valencia,1,1,NA,2020/01/02,2020/01/03,0,"9,7",30
BUBUFLATS / Mercat,783206,NA,Valencia,1,1,€ 85,2020/01/02,2020/01/03,0,"8,9",30
BUBUFLATS Mossén,1141763,NA,Valencia,1,1,€ 85,2020/01/02,2020/01/03,0,"8,8",30
UNIK. Apartments Valencia,2241282,NA,Valencia,1,1,€ 88,2020/01/02,2020/01/03,0,"8,5",30
Casa Adosada Quintero,5481770,NA,Valencia,1,1,€ 88,2020/01/02,2020/01/03,0,"8,8",30
Sercotel Sorolla Palace,93646,NA,Valencia,1,1,€ 89,2020/01/02,2020/01/03,4,"8,6",30
Murillo Apartment,408163,NA,Valencia,1,1,€ 41,2020/01/02,2020/01/03,0,7,30
Habitación San Cayetano,4624401,NA,Valencia,1,1,€ 45,2020/01/02,2020/01/03,0,"7,4",30
Bright and quiet rooms near the beach,5698199,NA,Valencia,1,1,€ 45,2020/01/02,2020/01/03,0,"7,3",30
València Centre Torres de Quart,886289,NA,Valencia,1,1,€ 89,2020/01/02,2020/01/03,0,"8,9",30
El Corazon de Canovas,2634817,NA,Valencia,1,1,NA,2020/01/02,2020/01/03,0,"9,5",30
Mercat Central brugada home,5259150,NA,Valencia,1,1,€ 49,2020/01/02,2020/01/03,0,7,30
apartamento las torres-botanico,4694090,NA,Valencia,1,1,NA,2020/01/02,2020/01/03,0,9,30
NWT Central Station Valencia,1647017,NA,Valencia,1,1,€ 49,2020/01/02,2020/01/03,0,"7,1",30
Hotel El Siglo,1741479,NA,Valencia,1,1,€ 90,2020/01/02,2020/01/03,3,"8,5",30
Suites by Eric Olsan (Florista),4726450,NA,Valencia,1,1,€ 93,2020/01/02,2020/01/03,0,"8,5",30
Casual del Cine Valencia,572187,NA,Valencia,1,1,€ 94,2020/01/02,2020/01/03,2,"8,7",30
València Centre Túria,2185255,NA,Valencia,1,1,€ 94,2020/01/02,2020/01/03,0,"8,8",30
Sampedor Apartment,435662,NA,Valencia,1,1,€ 49,2020/01/02,2020/01/03,0,"7,1",30
HOSTAL BED OF THE SEA,3974636,NA,Valencia,1,1,€ 50,2020/01/02,2020/01/03,0,"7,1",30
Apartamentos Abastos,1044426,NA,Valencia,1,1,€ 50,2020/01/02,2020/01/03,0,"7,4",30
Soho Valencia,1538641,NA,Valencia,1,1,€ 99,2020/01/02,2020/01/03,0,"8,9",30
Mon Suites San Martin,2777545,NA,Valencia,1,1,€ 134,2020/01/02,2020/01/03,0,"9,4",30
Valenciaflats Mercado Central,307677,NA,Valencia,1,1,€ 143,2020/01/02,2020/01/03,0,9,30
Ciudad Ciencias- Lujo- Parking- Wi-Fi.,4999636,NA,Valencia,1,1,NA,2020/01/02,2020/01/03,0,"9,8",30
One Shot Mercat 09,2274203,NA,Valencia,1,1,NA,2020/01/02,2020/01/03,4,"9,1",30
Citizentral Juristas,1113127,NA,Valencia,1,1,€ 146,2020/01/02,2020/01/03,0,"9,2",30
Valenciaflats Ciudad de las Ciencias,93676,NA,Valencia,1,1,€ 147,2020/01/02,2020/01/03,0,"9,1",30
Centro Valencia Calle Cerrajeros,3476261,NA,Valencia,1,1,€ 50,2020/01/02,2020/01/03,0,"7,1",30
Habitaciones con Encanto,5629632,NA,Valencia,1,1,€ 50,2020/01/02,2020/01/03,0,8,30
Apartamentos Valencia,1007682,NA,Valencia,1,1,€ 50,2020/01/02,2020/01/03,0,"8,1",30
Luxury Beach Apartment with Pool,3841868,NA,Valencia,1,1,NA,2020/01/02,2020/01/03,0,"9,8",30
El Coso,14580,NA,Valencia,1,1,€ 55,2020/01/02,2020/01/03,3,"8,2",30
Sweet Caroline Apartment,1811784,NA,Valencia,1,1,€ 150,2020/01/02,2020/01/03,0,"9,3",30
Apartamento cerca Ciudad de las Ciencias con WIFI,3070842,NA,Valencia,1,1,€ 150,2020/01/02,2020/01/03,0,"9,4",30
B BEACH VALENCIA,5125954,NA,Valencia,1,1,€ 150,2020/01/02,2020/01/03,0,9,30
Colón Market Downtown,4607745,NA,Valencia,1,1,NA,2020/01/02,2020/01/03,0,"9,6",30
Las Arenas Balneario Resort,91144,NA,Valencia,1,1,NA,2020/01/02,2020/01/03,5,9,30
Mediterranean Flats Plaza Redonda,4086496,NA,Valencia,1,1,€ 155,2020/01/02,2020/01/03,0,"9,2",30
Pension MonaLisa Luxury Suites,3834224,NA,Valencia,1,1,€ 56,2020/01/02,2020/01/03,0,"8,2",30
Urban Youth Hostel,1163025,NA,Valencia,1,1,€ 57,2020/01/02,2020/01/03,0,"8,4",30
Eurostars Rey Don Jaime,91520,NA,Valencia,1,1,€ 58,2020/01/02,2020/01/03,4,"8,2",30
Apartamentos Wallace,1698355,NA,Valencia,1,1,€ 156,2020/01/02,2020/01/03,0,"9,2",30
Valenciaflats Centro Ciudad,18544,NA,Valencia,1,1,€ 156,2020/01/02,2020/01/03,0,"9,2",30
Eurostars Gran Valencia,90484,NA,Valencia,1,1,€ 59,2020/01/02,2020/01/03,4,"8,4",30
Sweet Hotel Renasa,274818,NA,Valencia,1,1,€ 59,2020/01/02,2020/01/03,3,8,30
Loft Valencia Playa,3954993,NA,Valencia,1,1,NA,2020/01/02,2020/01/03,0,"9,6",30
Hotel Miramar,23332,NA,Valencia,1,1,€ 61,2020/01/02,2020/01/03,2,"8,4",30
Apartamentos La más Bonita,2816245,NA,Valencia,1,1,€ 158,2020/01/02,2020/01/03,0,9,30
Loft zona Pechina en Valencia centro,2524985,NA,Valencia,1,1,€ 158,2020/01/02,2020/01/03,0,"9,1",30
Apartamento centro,3160737,NA,Valencia,1,1,NA,2020/01/02,2020/01/03,0,"9,7",30
Friendly Rentals Montaner Beach,2314997,NA,Valencia,1,1,€ 160,2020/01/02,2020/01/03,0,9,30
MYR Hotel Plaza Mercado & Spa,1619029,NA,Valencia,1,1,NA,2020/01/02,2020/01/03,3,"9,2",30
Vincci Mercat,1279484,NA,Valencia,1,1,NA,2020/01/02,2020/01/03,4,9,30
Center City Flats,861452,NA,Valencia,1,1,€ 171,2020/01/02,2020/01/03,0,9,30
Apartamento de Diseño en Ruzafa,4269940,NA,Valencia,1,1,€ 191,2020/01/02,2020/01/03,0,"9,4",30
Sol Playa,12656,NA,Valencia,1,1,€ 64,2020/01/02,2020/01/03,2,"8,3",30
L'Otelet By Sweet,1467935,NA,Valencia,1,1,€ 64,2020/01/02,2020/01/03,0,"8,3",30
Reina 12,1684198,NA,Valencia,1,1,€ 64,2020/01/02,2020/01/03,0,"8,2",30
Hotel Valencia Center,91285,NA,Valencia,1,1,€ 66,2020/01/02,2020/01/03,4,"8,4",30
NH Ciudad de Valencia,90729,NA,Valencia,1,1,€ 67,2020/01/02,2020/01/03,3,"8,1",30
Bright and Modern Apartment near the Beach,4413130,NA,Valencia,1,1,NA,2020/01/02,2020/01/03,0,"9,8",30
NH Valencia Las Ciencias,90725,NA,Valencia,1,1,€ 69,2020/01/02,2020/01/03,3,8,30
Hotel Medium Valencia,96838,NA,Valencia,1,1,€ 72,2020/01/02,2020/01/03,4,"8,2",30
Senator Parque Central Hotel,274963,NA,Valencia,1,1,€ 72,2020/01/02,2020/01/03,4,"8,1",30
Loft Superior el Carmen,2784473,NA,Valencia,1,1,€ 197,2020/01/02,2020/01/03,0,"9,3",30
JL Ciudad de las Artes,3074378,NA,Valencia,1,1,NA,2020/01/02,2020/01/03,0,"9,6",30
Apartamento Playa Wifi Gratis,3495634,NA,Valencia,1,1,€ 220,2020/01/02,2020/01/03,0,"9,3",30
MARQUÉS HOUSE 4* SUP,2118880,NA,Valencia,1,1,NA,2020/01/02,2020/01/03,4,"9,4",30
Hotel Alkazar,408511,NA,Valencia,1,1,€ 74,2020/01/02,2020/01/03,1,"8,1",30
City Suites Apartments,3091106,NA,Valencia,1,1,€ 74,2020/01/02,2020/01/03,0,"8,3",30
Residencia Universitaria Damia Bonet,247451,NA,Valencia,1,1,€ 75,2020/01/02,2020/01/03,0,"8,3",30
ApartUP Patacona Select,4972015,NA,Valencia,1,1,NA,2020/01/02,2020/01/03,0,"9,9",30
Caro Hotel,348132,NA,Valencia,1,1,NA,2020/01/02,2020/01/03,5,"9,2",30
Ca Carmela,2466364,NA,Valencia,1,1,€ 280,2020/01/02,2020/01/03,0,"9,1",30
The River Hostel,494202,NA,Valencia,1,1,€ 22,2020/01/02,2020/01/03,0,"8,5",30
Ático cerca del mar,4040503,NA,Valencia,1,1,€ 75,2020/01/02,2020/01/03,0,"8,3",30
Ilunion Valencia 4,754329,NA,Valencia,1,1,€ 79,2020/01/02,2020/01/03,4,"8,1",30
Old Town Flats Casa Burguerini,4552106,NA,Valencia,1,1,€ 79,2020/01/02,2020/01/03,0,"8,3",30
Casual de las Artes Valencia,538056,NA,Valencia,1,1,€ 81,2020/01/02,2020/01/03,3,"8,4",30
Primus Valencia,331871,NA,Valencia,1,1,€ 84,2020/01/02,2020/01/03,4,"8,3",30
Pensión Alicante,298710,NA,Valencia,1,1,€ 33,2020/01/02,2020/01/03,0,"8,5",30
Rest room Evi,5710566,NA,Valencia,1,1,€ 36,2020/01/02,2020/01/03,0,"8,7",30
Cool Central Market,3424724,NA,Valencia,1,1,NA,2020/01/02,2020/01/03,0,"9,7",30
Art&Flats Bed&Breakfast,5238345,NA,Valencia,1,1,€ 40,2020/01/02,2020/01/03,0,"8,8",30
Quart Youth Hostel,476418,NA,Valencia,1,1,€ 42,2020/01/02,2020/01/03,0,"8,6",30
B&B Almirante,369695,NA,Valencia,1,1,NA,2020/01/02,2020/01/03,1,"8,8",30
Home Youth Hostel by Feetup Hostels,189322,NA,Valencia,1,1,€ 44,2020/01/02,2020/01/03,0,"8,8",30
Homestay Carrer Sagun,5006434,NA,Valencia,1,1,€ 45,2020/01/02,2020/01/03,0,"8,8",30
Russafa Youth Hostel,345134,NA,Valencia,1,1,€ 47,2020/01/02,2020/01/03,0,"8,6",30
Preciosa Casita Cerca Del Mar,4057271,NA,Valencia,1,1,NA,2020/01/02,2020/01/03,0,"9,7",30
Pio XII Apartments Valencia,402080,NA,Valencia,1,1,€ 49,2020/01/02,2020/01/03,0,"8,6",30
Moon Valencia,3560698,NA,Valencia,1,1,€ 50,2020/01/02,2020/01/03,0,"8,7",30
Luz de Valencia,2076095,NA,Valencia,1,1,€ 51,2020/01/02,2020/01/03,0,"8,8",30
Hotel Olympia Universidades,1301731,NA,Valencia,1,1,NA,2020/01/02,2020/01/03,3,"8,5",30
ABCyou Bed&Breakfast,189207,NA,Valencia,1,1,€ 56,2020/01/02,2020/01/03,0,"8,5",30
Balcón Al Mar,295109,NA,Valencia,1,1,€ 56,2020/01/02,2020/01/03,0,"8,5",30
Garden Turia Downtown,5201200,NA,Valencia,1,1,NA,2020/01/02,2020/01/03,0,"9,6",30
Living Valencia - Patacona Beach 56,3718985,NA,Valencia,1,1,€ 57,2020/01/02,2020/01/03,0,"8,8",30
BUBUSUITES by Bubuflats,2389776,NA,Valencia,1,1,€ 85,2020/01/02,2020/01/03,0,"9,3",30
Hotel Valencia Alameda 41,4019381,NA,Valencia,1,1,NA,2020/01/02,2020/01/03,4,"9,2",30
Carmen Apartment,3308265,NA,Valencia,1,1,NA,2020/01/02,2020/01/03,0,"9,6",30
Original Domino House,5434091,NA,Valencia,1,1,€ 59,2020/01/02,2020/01/03,0,"8,7",30
YOU & CO. Saler Beach Boutique,4533007,NA,Valencia,1,1,NA,2020/01/02,2020/01/03,3,"8,9",30
Eurostars Acteón,90495,NA,Valencia,1,1,NA,2020/01/02,2020/01/03,4,"8,5",30
Hotel Malcom and Barret,483261,NA,Valencia,1,1,NA,2020/01/02,2020/01/03,3,"8,7",30
Apartamentos Plaza Picasso,97063,NA,Valencia,1,1,€ 64,2020/01/02,2020/01/03,0,"8,5",30
LOFT apartamento duplex en Valencia con parking gratis,5519008,NA,Valencia,1,1,NA,2020/01/02,2020/01/03,0,"9,8",30
Melia Plaza Valencia,13270,NA,Valencia,1,1,NA,2020/01/02,2020/01/03,4,"8,9",30
Ilunion Aqua 4,92777,NA,Valencia,1,1,NA,2020/01/02,2020/01/03,4,"8,6",30
Reina Rooms,4211140,NA,Valencia,1,1,€ 64,2020/01/02,2020/01/03,0,"8,9",30
Ad Hoc Carmen,1173270,NA,Valencia,1,1,NA,2020/01/02,2020/01/03,2,"8,9",30
Casa del Patriarca,364834,NA,Valencia,1,1,€ 67,2020/01/02,2020/01/03,0,"8,9",30
Blanq Comedias,4922002,NA,Valencia,1,1,€ 68,2020/01/02,2020/01/03,0,"8,9",30
Valencian Dreams,3268804,NA,Valencia,1,1,€ 86,2020/01/02,2020/01/03,0,"9,3",30
Sorolla Centro,90896,NA,Valencia,1,1,NA,2020/01/02,2020/01/03,3,"9,1",30
United Colors of Apartments Boutique Style,5372347,NA,Valencia,1,1,€ 89,2020/01/02,2020/01/03,0,"9,2",30
City Garden Bed and Breakfast,2204361,NA,Valencia,1,1,€ 89,2020/01/02,2020/01/03,0,"9,4",30
Una Ubicacion Perfecta,3114164,NA,Valencia,1,1,€ 90,2020/01/02,2020/01/03,0,"9,1",30
HQ Rooms Apartments San Vicente,2894429,NA,Valencia,1,1,€ 90,2020/01/02,2020/01/03,0,"9,2",30
Atico Loft Ruzafa,3152977,NA,Valencia,1,1,NA,2020/01/02,2020/01/03,0,"9,6",30
Apartamentos Navío,5647176,NA,Valencia,1,1,€ 95,2020/01/02,2020/01/03,0,"9,3",30
Apartment Sofi,2830696,NA,Valencia,1,1,NA,2020/01/02,2020/01/03,0,"9,8",30
Apartamento cerca de la Playa y el Centro,2620264,NA,Valencia,1,1,€ 100,2020/01/02,2020/01/03,0,"8,9",30
Apartments Madrina,3278589,NA,Valencia,1,1,€ 101,2020/01/02,2020/01/03,0,"8,9",30
Hotel Mediterraneo Valencia,92412,NA,Valencia,1,1,NA,2020/01/02,2020/01/03,3,"8,9",30
Zalamera BnB,1331238,NA,Valencia,1,1,€ 70,2020/01/02,2020/01/03,0,"8,7",30
Apartamentos El Olivo,1985143,NA,Valencia,1,1,€ 96,2020/01/02,2020/01/03,0,"9,3",30
Mon Suites Catedral,485679,NA,Valencia,1,1,€ 100,2020/01/02,2020/01/03,0,"9,2",30
RUZAFA. Nice apartment and Terrace.,4368595,NA,Valencia,1,1,€ 100,2020/01/02,2020/01/03,0,"9,3",30
Comfort Homestay,5423155,NA,Valencia,1,1,€ 105,2020/01/02,2020/01/03,0,"8,7",30
Hotel Dimar,90886,NA,Valencia,1,1,NA,2020/01/02,2020/01/03,4,"8,7",30
Hotel Neptuno,91206,NA,Valencia,1,1,NA,2020/01/02,2020/01/03,4,"8,5",30
Apartments Torres de Serranos Valencia,1099602,NA,Valencia,1,1,NA,2020/01/02,2020/01/03,0,"9,7",30
Petit Palace Ruzafa,90792,NA,Valencia,1,1,NA,2020/01/02,2020/01/03,3,"8,7",30
One Shot Colón 46,1394168,NA,Valencia,1,1,NA,2020/01/02,2020/01/03,3,"8,7",30
Puerta de Serranos,2734333,NA,Valencia,1,1,€ 153,2020/01/02,2020/01/03,0,"8,8",30
Vincci Palace,94163,NA,Valencia,1,1,€ 158,2020/01/02,2020/01/03,4,"8,7",30
Stay at Valencia Downtown,1840715,NA,Valencia,1,1,NA,2020/01/02,2020/01/03,0,"9,6",30
WeRentVLC Sunny Terrace Ruzafa,2906716,NA,Valencia,1,1,€ 105,2020/01/02,2020/01/03,0,"9,4",30
Palacio Vallier 5*,4639648,NA,Valencia,1,1,NA,2020/01/02,2020/01/03,5,10,30
Opera House Valencia B&B,3533887,NA,Valencia,1,1,€ 60,2020/01/02,2020/01/03,0,"9,5",30
Apartment on Carrer del Dr. Lluch,2008997,NA,Valencia,1,1,€ 111,2020/01/02,2020/01/03,0,"9,1",30
SH Ingles Boutique Hotel,92956,NA,Valencia,1,1,€ 160,2020/01/02,2020/01/03,4,"8,5",30
Plaza de la Virgen,3167342,NA,Valencia,1,1,€ 180,2020/01/02,2020/01/03,0,"8,8",30
The Westin Valencia,93321,NA,Valencia,1,1,€ 183,2020/01/02,2020/01/03,5,"8,7",30
Apartamento Forn dels Apòstols,3122008,NA,Valencia,1,1,NA,2020/01/02,2020/01/03,0,"9,6",30
Casa Cosy,375456,NA,Valencia,1,1,€ 115,2020/01/02,2020/01/03,0,"9,4",30
Hotel San Lorenzo Boutique,1307718,NA,Valencia,1,1,NA,2020/01/02,2020/01/03,3,"8,6",30
Zenit Valencia,92327,NA,Valencia,1,1,NA,2020/01/02,2020/01/03,4,"8,8",30
Casual Vintage Valencia,1710241,NA,Valencia,1,1,NA,2020/01/02,2020/01/03,2,"8,6",30
Valenciaflats Centro Histórico,94781,NA,Valencia,1,1,€ 120,2020/01/02,2020/01/03,0,"8,7",30
El Globo,24498,NA,Valencia,1,1,NA,2020/01/02,2020/01/03,1,"7,7",30
Vincci Lys,91183,NA,Valencia,1,1,€ 188,2020/01/02,2020/01/03,4,"8,9",30
ValentiaApartments - MercadoCentral,4185241,NA,Valencia,1,1,€ 191,2020/01/02,2020/01/03,0,"8,8",30
So de Mar,2204496,NA,Valencia,1,1,NA,2020/01/02,2020/01/03,0,"9,6",30
Les flors,3985046,NA,Valencia,1,1,€ 120,2020/01/02,2020/01/03,0,"8,6",30
Hospes Palau de La Mar,93823,NA,Valencia,1,1,€ 207,2020/01/02,2020/01/03,5,"8,8",30
Disfruta De Playa Y Ciudad,2470646,NA,Valencia,1,1,NA,2020/01/02,2020/01/03,0,"9,6",30
Edificio Pentagono,4673669,NA,Valencia,1,1,€ 235,2020/01/02,2020/01/03,0,"8,9",30
B&B Hotel Valencia Ciudad de las Ciencias,92242,NA,Valencia,1,1,NA,2020/01/02,2020/01/03,3,"7,5",30
Apartamento Mercado Central,4751166,NA,Valencia,1,1,NA,2020/01/02,2020/01/03,0,"9,1",30
Jero Rooms,296743,NA,Valencia,1,1,€ 66,2020/01/02,2020/01/03,0,"7,7",30
Torres Quart,3702234,NA,Valencia,1,1,€ 71,2020/01/02,2020/01/03,0,"7,5",30
United Colors of Studios - Mercado Central,2574108,NA,Valencia,1,1,€ 75,2020/01/02,2020/01/03,0,"7,7",30
Ilunion Valencia 3,92818,NA,Valencia,1,1,NA,2020/01/02,2020/01/03,3,"7,9",30
Apartamento Loft Residence,2225524,NA,Valencia,1,1,€ 76,2020/01/02,2020/01/03,0,"7,8",30
SEA YOU HOTEL PORT VALENCIA,92328,NA,Valencia,1,1,NA,2020/01/02,2020/01/03,4,"7,8",30
Dama Del Puerto,3230781,NA,Valencia,1,1,NA,2020/01/02,2020/01/03,0,"9,1",30
Biopark View Apartment,2381901,NA,Valencia,1,1,€ 116,2020/01/02,2020/01/03,0,"9,1",30
MD Design Hotel - Portal del Real,2391685,NA,Valencia,1,1,NA,2020/01/02,2020/01/03,2,"9,1",30
Palacio de Rojas,1073276,NA,Valencia,1,1,€ 119,2020/01/02,2020/01/03,0,"9,3",30
Apartamento en el centro de Valencia,4709659,NA,Valencia,1,1,€ 120,2020/01/02,2020/01/03,0,9,30
Friendly Rentals Pergolesi,1634240,NA,Valencia,1,1,€ 120,2020/01/02,2020/01/03,0,"8,5",30
AC Hotel Colon Valencia,1117150,NA,Valencia,1,1,NA,2020/01/02,2020/01/03,4,"8,7",30
SH Valencia Palace,91497,NA,Valencia,1,1,NA,2020/01/02,2020/01/03,5,"8,5",30
One Shot Palacio Reina Victoria 04,90885,NA,Valencia,1,1,NA,2020/01/02,2020/01/03,4,"8,6",30
Citizentral Gascons,332095,NA,Valencia,1,1,€ 127,2020/01/02,2020/01/03,0,"8,8",30
Ambrosio Flats Valencia - El Carmen,2401127,NA,Valencia,1,1,NA,2020/01/02,2020/01/03,0,"9,5",30
YourPlace Apartments,2896608,NA,Valencia,1,1,€ 80,2020/01/02,2020/01/03,0,"7,6",30
Apartamento Angel Alcazar 35,2174625,NA,Valencia,1,1,€ 80,2020/01/02,2020/01/03,0,"7,6",30
Cosy Rooms Tapinería,371192,NA,Valencia,1,1,NA,2020/01/02,2020/01/03,2,"7,5",30
15 Avinguda Mare Nostrum,4518973,NA,Valencia,1,1,€ 120,2020/01/02,2020/01/03,0,"9,1",30
Apartamento luminoso y acogedor,3489126,NA,Valencia,1,1,NA,2020/01/02,2020/01/03,0,"9,5",30
L'Arbre,3972359,NA,Valencia,1,1,€ 120,2020/01/02,2020/01/03,0,"9,1",30
Ático Oasis de Ruzafa,2639518,NA,Valencia,1,1,€ 121,2020/01/02,2020/01/03,0,"9,3",30
SingularStays Parque Central,3054000,NA,Valencia,1,1,€ 291,2020/01/02,2020/01/03,0,"8,8",30
Zerka Sendra,4657122,NA,Valencia,1,1,€ 309,2020/01/02,2020/01/03,0,"8,9",30
MD PASEO RUZAFA CENTER,5374850,NA,Valencia,1,1,€ 1.130,2020/01/02,2020/01/03,0,"8,8",30
Center Valencia,2944722,NA,Valencia,1,1,€ 125,2020/01/02,2020/01/03,0,"9,3",30
NH Collection Colón Valencia,3828811,NA,Valencia,1,1,NA,2020/01/02,2020/01/03,4,"9,1",30
Casual Socarrat Valencia,5142800,NA,Valencia,1,1,NA,2020/01/02,2020/01/03,3,"9,1",30
Lotelito,570027,NA,Valencia,1,1,€ 129,2020/01/02,2020/01/03,0,"8,9",30
Catalonia Excelsior,90578,NA,Valencia,1,1,NA,2020/01/02,2020/01/03,3,"8,7",30
Apartments in Villa Oliva Tossal Gros,3083529,NA,Valencia,1,1,€ 130,2020/01/02,2020/01/03,0,"8,8",30
Valencia City Designer Bioparc,3085078,NA,Valencia,1,1,€ 133,2020/01/02,2020/01/03,0,"8,9",30
Purple Nest Hostel,25278,NA,Valencia,1,1,€ 28,2020/01/02,2020/01/03,0,"8,2",30
Habitación en Valencia Centro,5418023,NA,Valencia,1,1,€ 30,2020/01/02,2020/01/03,0,"8,1",30
Apartamento Alameda,1698817,NA,Valencia,1,1,NA,2020/01/02,2020/01/03,0,"9,5",30
B&B Hi Valencia Canovas,305349,NA,Valencia,1,1,€ 38,2020/01/02,2020/01/03,0,"8,3",30
Red Nest Hostel,92283,NA,Valencia,1,1,€ 38,2020/01/02,2020/01/03,0,"8,2",30
Attic Rooms in Botánico,5522932,NA,Valencia,1,1,€ 40,2020/01/02,2020/01/03,0,"8,1",30
Habitacion en Valencia Barata,4861796,NA,Valencia,1,1,€ 40,2020/01/02,2020/01/03,0,"8,2",30
BONNIES Suites & Spa Valencia,3631910,NA,Valencia,1,1,NA,2020/01/02,2020/01/03,0,"9,8",30
HoGraFic,5739228,NA,Valencia,1,1,NA,2020/01/02,2020/01/03,2,"9,5",30
L'Esplai Valencia Bed & Breakfast,1282556,NA,Valencia,1,1,€ 89,2020/01/02,2020/01/03,0,"9,5",30
ÁTICO PTA 13 EN EL CENTRO DE VALENCIA VT-45727-T,4612077,NA,Valencia,1,1,€ 105,2020/01/02,2020/01/03,0,"9,5",30
Apartamento acogedor para 4 personas,4391668,NA,Valencia,1,1,€ 90,2020/01/02,2020/01/03,0,"7,8",30
Valero Vintage,3315727,NA,Valencia,1,1,€ 90,2020/01/02,2020/01/03,0,"7,8",30
Suites by Eric Olsan (Peset),4726296,NA,Valencia,1,1,€ 94,2020/01/02,2020/01/03,0,"7,5",30
Enjoy Flat Valencia,3991548,NA,Valencia,1,1,€ 145,2020/01/02,2020/01/03,0,"8,6",30
Fun&Happy VLC Center,3542906,NA,Valencia,1,1,NA,2020/01/02,2020/01/03,0,"9,1",30
Suites by Eric Olsan (L),4287413,NA,Valencia,1,1,€ 94,2020/01/02,2020/01/03,0,"7,6",30
Cozy fisherman's house,2241663,NA,Valencia,1,1,€ 95,2020/01/02,2020/01/03,0,"7,9",30
Casual de la Música Valencia,273130,NA,Valencia,1,1,NA,2020/01/02,2020/01/03,2,"7,5",30
Cabanyal Apartment con patio,4323384,NA,Valencia,1,1,€ 114,2020/01/02,2020/01/03,0,"9,6",30
Hotel Cosmo,4838858,NA,Valencia,1,1,NA,2020/01/02,2020/01/03,3,"9,7",30
Ramirez Flats & Bar,4124528,NA,Valencia,1,1,€ 135,2020/01/02,2020/01/03,0,"9,5",30
El 16 Ruzafa,865461,NA,Valencia,1,1,€ 99,2020/01/02,2020/01/03,0,"7,7",30
Apartamento Alguer,4005334,NA,Valencia,1,1,€ 100,2020/01/02,2020/01/03,0,"7,7",30
Kirei Apartment Dublin,4639542,NA,Valencia,1,1,€ 103,2020/01/02,2020/01/03,0,"7,8",30
Apartamento centro frente a Torres de Serrano,3408067,NA,Valencia,1,1,NA,2020/01/02,2020/01/03,0,"9,3",30
Apartment Florista,2150187,NA,Valencia,1,1,€ 110,2020/01/02,2020/01/03,0,"7,9",30
Apartamentos Catedral,2358858,NA,Valencia,1,1,€ 119,2020/01/02,2020/01/03,0,"7,8",30
Happy Apartments Valencia – Lope de Vega,575582,NA,Valencia,1,1,€ 84,2020/01/02,2020/01/03,0,"8,1",30
NH Valencia Las Artes,90731,NA,Valencia,1,1,NA,2020/01/02,2020/01/03,4,"8,4",30
STYLISH APARTMENT - CITY CENTER,2861517,NA,Valencia,1,1,€ 140,2020/01/02,2020/01/03,0,"7,8",30
Holiday Inn Express Ciudad de las Ciencias,96737,NA,Valencia,1,1,NA,2020/01/02,2020/01/03,3,"7,9",30
Select Home Town Hall,1648016,NA,Valencia,1,1,€ 200,2020/01/02,2020/01/03,0,"7,5",30
Piso en La Ciudad de Artes,3832790,NA,Valencia,1,1,NA,2020/01/02,2020/01/03,0,"9,6",30
Happy Apartments Valencia,456043,NA,Valencia,1,1,€ 84,2020/01/02,2020/01/03,0,"8,2",30
Atico Ciutat Vella,3446230,NA,Valencia,1,1,€ 85,2020/01/02,2020/01/03,0,"8,2",30
Carrer de l'Escriptor Rafael Ferreres,4267645,NA,Valencia,1,1,€ 85,2020/01/02,2020/01/03,0,"8,4",30
La seda stay,3335523,NA,Valencia,1,1,NA,2020/01/02,2020/01/03,0,"9,6",30
Serranos Apartment,2698760,NA,Valencia,1,1,€ 167,2020/01/02,2020/01/03,0,"9,6",30
Casa Calle Conquista,4691493,NA,Valencia,1,1,€ 175,2020/01/02,2020/01/03,0,"9,5",30
Casa Mati,4217185,NA,Valencia,1,1,€ 40,2020/01/02,2020/01/03,0,"8,2",30
Habitacion en Valencia,4861732,NA,Valencia,1,1,€ 45,2020/01/02,2020/01/03,0,"8,2",30
AMAZING HOUSE- BEST LOCATION!,4728031,NA,Valencia,1,1,NA,2020/01/02,2020/01/03,0,"9,7",30
Hostal Abastos,257057,NA,Valencia,1,1,€ 45,2020/01/02,2020/01/03,2,"8,2",30
Disfruta - Enjoy Valencia Ruzafa,3890328,NA,Valencia,1,1,€ 199,2020/01/02,2020/01/03,0,"9,6",30
Disfruta - Enjoy Valencia Oceanografic,4121345,NA,Valencia,1,1,€ 199,2020/01/02,2020/01/03,0,"9,6",30
Disfruta - Enjoy Valencia Ayuntamiento,4901194,NA,Valencia,1,1,€ 199,2020/01/02,2020/01/03,0,"9,6",30
Disfruta - Enjoy Valencia Centre,3881970,NA,Valencia,1,1,€ 209,2020/01/02,2020/01/03,0,"9,8",30
Central Park Apartment Valencia,3881533,NA,Valencia,1,1,NA,2020/01/02,2020/01/03,0,"9,5",30
Olympia Flats,4212801,NA,Valencia,1,1,€ 105,2020/01/02,2020/01/03,0,"9,7",30
DAD La Punta,5627002,NA,Valencia,1,1,€ 55,2020/01/02,2020/01/03,0,"9,1",30
Apartamento Turistico en Valencia,2877605,NA,Valencia,1,1,€ 85,2020/01/02,2020/01/03,0,8,30
United Colors of Apartments - Catedral,1301545,NA,Valencia,1,1,€ 87,2020/01/02,2020/01/03,0,"8,2",30
Alex Apartment,1756374,NA,Valencia,1,1,€ 90,2020/01/02,2020/01/03,0,8,30
Doctor Oloriz-31-9,3397673,NA,Valencia,1,1,NA,2020/01/02,2020/01/03,0,"9,6",30
Habitación privada a 1500 metros de la playa,3789910,NA,Valencia,1,1,€ 60,2020/01/02,2020/01/03,0,"9,3",30
Maison Reina B&B,5004812,NA,Valencia,1,1,€ 64,2020/01/02,2020/01/03,0,"9,2",30
Host & Home,1663785,NA,Valencia,1,1,€ 64,2020/01/02,2020/01/03,0,9,30
Nest Style Valencia,5219046,NA,Valencia,1,1,NA,2020/01/02,2020/01/03,3,"9,3",30
Lounge by the sea,4756780,NA,Valencia,1,1,NA,2020/01/02,2020/01/03,0,"9,8",30
Live in Chianti,2227491,NA,Valencia,1,1,€ 75,2020/01/02,2020/01/03,0,"9,1",30
MOM La Punta,3105661,NA,Valencia,1,1,€ 75,2020/01/02,2020/01/03,0,"9,4",30
Hostal Venecia,92883,NA,Valencia,1,1,NA,2020/01/02,2020/01/03,2,"9,1",30
Center Valencia Youth Hostel,246931,NA,Valencia,1,1,€ 46,2020/01/02,2020/01/03,0,8,30
Hotel Villacarlos,90730,NA,Valencia,1,1,€ 48,2020/01/02,2020/01/03,3,8,30
Apartment Valencia,348555,NA,Valencia,1,1,€ 95,2020/01/02,2020/01/03,0,"8,2",30
Silken Puerta Valencia,91182,NA,Valencia,1,1,NA,2020/01/02,2020/01/03,4,"8,3",30
NWT Central Station Apartments,3964093,NA,Valencia,1,1,€ 99,2020/01/02,2020/01/03,0,"8,2",30
Ilunion Aqua 3,92776,NA,Valencia,1,1,NA,2020/01/02,2020/01/03,3,"8,3",30
Rooms Ciencias,94126,NA,Valencia,1,1,€ 77,2020/01/02,2020/01/03,0,9,30
APARTAMENTO CENTRO- RUZAFA. WI-FI. PARKING,3144104,NA,Valencia,1,1,€ 80,2020/01/02,2020/01/03,0,"9,3",30
7 Moons Bed & Breakfast,464187,NA,Valencia,1,1,€ 49,2020/01/02,2020/01/03,0,"8,4",30
Nanit Valencia Hostel,3913497,NA,Valencia,1,1,€ 49,2020/01/02,2020/01/03,0,"8,4",30
Apartamento Privado Próximo a Playa y Ciencias,3783163,NA,Valencia,1,1,€ 105,2020/01/02,2020/01/03,0,"8,3",30
Friendly Rentals Puerto Deportivo,2317861,NA,Valencia,1,1,€ 110,2020/01/02,2020/01/03,0,"8,2",30
Hostal Antigua Morellana,1273937,NA,Valencia,1,1,NA,2020/01/02,2020/01/03,1,"9,5",30
NH Valencia Center,90727,NA,Valencia,1,1,NA,2020/01/02,2020/01/03,4,"8,3",30
Maria Cristina Apartment,4765643,NA,Valencia,1,1,€ 119,2020/01/02,2020/01/03,0,"8,2",30
Valenciaflats Torres de Serrano,17468,NA,Valencia,1,1,€ 120,2020/01/02,2020/01/03,0,"8,4",30
City Center Apartment,5084891,NA,Valencia,1,1,€ 120,2020/01/02,2020/01/03,0,"8,2",30
BonApart Apartment Valencia,1490885,NA,Valencia,1,1,€ 120,2020/01/02,2020/01/03,0,"8,4",30
OYO Style Apartments Puerto,1558265,NA,Valencia,1,1,€ 122,2020/01/02,2020/01/03,0,"8,1",30
PLAYA POBLA DE FARNALS,5508533,NA,Valencia,1,1,NA,2020/01/02,2020/01/03,0,"9,8",30
Hotel Conqueridor,91047,NA,Valencia,1,1,NA,2020/01/02,2020/01/03,4,"8,3",30
Apartamento Obispo don Jerónimo,2079020,NA,Valencia,1,1,€ 135,2020/01/02,2020/01/03,0,"8,2",30
Casa reformada Playa,3920401,NA,Valencia,1,1,€ 163,2020/01/02,2020/01/03,0,"8,4",30
Patacona Beach Apartment,4533678,NA,Valencia,1,1,€ 180,2020/01/02,2020/01/03,0,"8,3",30
Zerka Centro,4425975,NA,Valencia,1,1,€ 199,2020/01/02,2020/01/03,0,"8,3",30
MD Vila Barbera Apartment Center,1957253,NA,Valencia,1,1,€ 500,2020/01/02,2020/01/03,0,"8,4",30
MD Sueca. Apartment with Terrace Ruzafa,2551179,NA,Valencia,1,1,€ 500,2020/01/02,2020/01/03,0,"8,2",30
MÍ casa YOUR HOME,3328967,NA,Valencia,1,1,NA,2020/01/02,2020/01/03,0,"9,2",30
UP Hostel Valencia,1710137,NA,Valencia,1,1,€ 20,2020/01/02,2020/01/03,0,"7,7",30
Adrian's House,2271869,NA,Valencia,1,1,€ 24,2020/01/02,2020/01/03,0,"7,7",30
Double Room in VALENCIA,5665653,NA,Valencia,1,1,€ 30,2020/01/02,2020/01/03,0,"7,9",30
Habitaciones Barra89,1076252,NA,Valencia,1,1,€ 30,2020/01/02,2020/01/03,0,"7,9",30
Playa de El Saler,4687003,NA,Valencia,1,1,€ 35,2020/01/02,2020/01/03,0,"7,6",30
Habitación Céntrica en Casa de Familia,4289877,NA,Valencia,1,1,€ 35,2020/01/02,2020/01/03,0,"7,8",30
Apartamento en la Ciudad de las Artes y las Ciencias,3552283,NA,Valencia,1,1,NA,2020/01/02,2020/01/03,0,"9,3",30
Hospederia del Pilar,327766,NA,Valencia,1,1,€ 36,2020/01/02,2020/01/03,0,"7,9",30
Hostal El Cid,309465,NA,Valencia,1,1,€ 36,2020/01/02,2020/01/03,2,"7,5",30
Habitacion por dias Centro Valencia,3977106,NA,Valencia,1,1,€ 38,2020/01/02,2020/01/03,0,"7,7",30
HOSPEDAJE PESET,4718074,NA,Valencia,1,1,€ 40,2020/01/02,2020/01/03,0,"7,5",30
Casual Civilizaciones Valencia,449777,NA,Valencia,1,1,€ 41,2020/01/02,2020/01/03,0,"7,9",30
Hotel Beleret,94652,NA,Valencia,1,1,€ 41,2020/01/02,2020/01/03,3,"7,7",30
OCEANOGRAFIC DELUXE- PARKING- WI-FI,4095746,NA,Valencia,1,1,NA,2020/01/02,2020/01/03,0,"9,1",30
Valencia City Host,1177077,NA,Valencia,1,1,€ 44,2020/01/02,2020/01/03,0,"7,7",30
Rooms Valencia Center,5507857,NA,Valencia,1,1,€ 45,2020/01/02,2020/01/03,0,"7,8",30
Habitacion Apartamento soleado Plaza Escultor Frechina,4865043,NA,Valencia,1,1,€ 45,2020/01/02,2020/01/03,0,"7,7",30
Valencia Lounge Hostel,337203,NA,Valencia,1,1,€ 47,2020/01/02,2020/01/03,0,"7,7",30
Hotel Turia,14441,NA,Valencia,1,1,€ 48,2020/01/02,2020/01/03,4,"7,5",30
Como en casa,4802186,NA,Valencia,1,1,€ 54,2020/01/02,2020/01/03,0,"7,9",30
Mon Suites San Nicolas,4117225,NA,Valencia,1,1,NA,2020/01/02,2020/01/03,0,"9,1",30
Expo Hotel Valencia,91223,NA,Valencia,1,1,€ 55,2020/01/02,2020/01/03,3,"7,6",30
Plaza Redonda house.,4399973,NA,Valencia,1,1,€ 56,2020/01/02,2020/01/03,0,"7,5",30
Hostal Bisbal,235665,NA,Valencia,1,1,€ 58,2020/01/02,2020/01/03,1,"7,6",30
Room in apartment,3701648,NA,Valencia,1,1,€ 60,2020/01/02,2020/01/03,0,"7,8",30
Checkin Valencia,93743,NA,Valencia,1,1,€ 62,2020/01/02,2020/01/03,4,"7,8",30
