name,propertyId,propertyType,city,rooms,days,price,checkIn,checkOut,stars,score,advance
Apartment Passeig de la Petxina,5695771,NA,Valencia,1,1,€ 195,2019/12/28,2019/12/29,0,,7
Apartment Carrer d'Alcoi,5953987,NA,Valencia,1,1,€ 389,2019/12/28,2019/12/29,0,,7
Loft Valencia Playa,3954993,NA,Valencia,1,1,NA,2019/12/28,2019/12/29,0,"9,6",7
Apartamento de lujo con terraza,5240138,NA,Valencia,1,1,€ 770,2019/12/28,2019/12/29,0,,7
habitaciones mercat de ruzafa,5881952,NA,Valencia,1,1,€ 65,2019/12/28,2019/12/29,0,"3,9",7
Malvarosa,3820590,NA,Valencia,1,1,€ 190,2019/12/28,2019/12/29,0,"3,8",7
La Morella del Carmen,5188541,NA,Valencia,1,1,NA,2019/12/28,2019/12/29,0,"9,5",7
Aparment Canarias,3753027,NA,Valencia,1,1,€ 99,2019/12/28,2019/12/29,0,"2,6",7
benimaclet 2,5951927,NA,Valencia,1,1,€ 40,2019/12/28,2019/12/29,0,,7
Zona Feliz Valencia ApartHotel,5949103,NA,Valencia,1,1,€ 40,2019/12/28,2019/12/29,0,,7
HoLaQueTaL - Guest Rooms,5900680,NA,Valencia,1,1,€ 40,2019/12/28,2019/12/29,0,,7
BABEL,5920925,NA,Valencia,1,1,€ 45,2019/12/28,2019/12/29,0,,7
SWEET HOME,5832435,NA,Valencia,1,1,€ 48,2019/12/28,2019/12/29,0,,7
L'Esplai Valencia Bed & Breakfast,1282556,NA,Valencia,1,1,NA,2019/12/28,2019/12/29,0,"9,5",7
Habitacion doble en piso compartido,5645604,NA,Valencia,1,1,€ 51,2019/12/28,2019/12/29,0,,7
Rooms Parque Cabecera,5822049,NA,Valencia,1,1,€ 55,2019/12/28,2019/12/29,0,,7
COMO EN CASA NADA,5889751,NA,Valencia,1,1,€ 60,2019/12/28,2019/12/29,0,,7
Tu cama,5453790,NA,Valencia,1,1,€ 60,2019/12/28,2019/12/29,0,,7
Ciudad de Las Artes,5681064,NA,Valencia,1,1,€ 60,2019/12/28,2019/12/29,0,,7
Mestalla paradise Rooms,5929380,NA,Valencia,1,1,€ 64,2019/12/28,2019/12/29,0,,7
Ático Valencia Centro,4358939,NA,Valencia,1,1,NA,2019/12/28,2019/12/29,0,"9,8",7
vosotros sereis parte de mi familia.,5299568,NA,Valencia,1,1,€ 65,2019/12/28,2019/12/29,0,,7
YOU & CO Quart Boutique,5213598,NA,Valencia,1,1,€ 90,2019/12/28,2019/12/29,3,,7
Carrer de l'Arquitecte Alfaro 27 bajo derecha,4353398,NA,Valencia,1,1,€ 102,2019/12/28,2019/12/29,0,,7
EL ATICO,5680427,NA,Valencia,1,1,€ 107,2019/12/28,2019/12/29,0,,7
VOGHE PREMIUM FLATS,5538655,NA,Valencia,1,1,€ 108,2019/12/28,2019/12/29,0,,7
CASA MARQUES DE CARO,4472176,NA,Valencia,1,1,€ 121,2019/12/28,2019/12/29,0,,7
Hostal Antigua Morellana,1273937,NA,Valencia,1,1,NA,2019/12/28,2019/12/29,1,"9,5",7
The White Apartment: Luxury- Beach and Design,5631365,NA,Valencia,1,1,€ 167,2019/12/28,2019/12/29,0,,7
MD Caravaca,5823383,NA,Valencia,1,1,€ 168,2019/12/28,2019/12/29,0,,7
MD Ausias March,5823190,NA,Valencia,1,1,€ 168,2019/12/28,2019/12/29,0,,7
Charming Apartment with Terrace,5715086,NA,Valencia,1,1,€ 170,2019/12/28,2019/12/29,0,,7
Apartment Carrer Ernesto Che Guevara,5598848,NA,Valencia,1,1,€ 182,2019/12/28,2019/12/29,0,,7
Hostal Waksman,281139,NA,Valencia,1,1,€ 45,2019/12/28,2019/12/29,1,"7,4",7
La Flamenca,818359,NA,Valencia,1,1,€ 45,2019/12/28,2019/12/29,0,"7,2",7
ApartUP Patacona Deluxe,2565246,NA,Valencia,1,1,NA,2019/12/28,2019/12/29,0,"9,5",7
B&B El Mercat,2203530,NA,Valencia,1,1,€ 45,2019/12/28,2019/12/29,0,"7,2",7
Habitacion PLaza Ayuntamiento,4365340,NA,Valencia,1,1,€ 47,2019/12/28,2019/12/29,0,"7,1",7
NWT Central Station Valencia,1647017,NA,Valencia,1,1,€ 64,2019/12/28,2019/12/29,0,"7,1",7
Mi casa es vuestra casa,4967097,NA,Valencia,1,1,€ 70,2019/12/28,2019/12/29,0,"7,1",7
Cosy Rooms Bolsería,371606,NA,Valencia,1,1,€ 76,2019/12/28,2019/12/29,2,"7,4",7
Cosy Rooms Embajador,369728,NA,Valencia,1,1,€ 83,2019/12/28,2019/12/29,2,"7,3",7
Disfruta - Enjoy Valencia Ruzafa,3890328,NA,Valencia,1,1,NA,2019/12/28,2019/12/29,0,"9,6",7
HOSTAL BED OF THE SEA,3974636,NA,Valencia,1,1,€ 120,2019/12/28,2019/12/29,0,"7,1",7
Select Home Catedral,440778,NA,Valencia,1,1,€ 170,2019/12/28,2019/12/29,0,"7,1",7
MD Puerto Rico Apartment Ruzafa,3737151,NA,Valencia,1,1,€ 287,2019/12/28,2019/12/29,0,"7,4",7
Hostal Residencial RR,450746,NA,Valencia,1,1,€ 40,2019/12/28,2019/12/29,0,"6,9",7
Malvarrosa Beach Rooms,314048,NA,Valencia,1,1,€ 59,2019/12/28,2019/12/29,2,"6,9",7
NWT Monserrat,3728842,NA,Valencia,1,1,€ 129,2019/12/28,2019/12/29,0,"6,9",7
Stay at Valencia Downtown,1840715,NA,Valencia,1,1,NA,2019/12/28,2019/12/29,0,"9,5",7
Premium Apartments,486507,NA,Valencia,1,1,€ 129,2019/12/28,2019/12/29,0,"6,9",7
Vamos A la Playa,5030500,NA,Valencia,1,1,€ 90,2019/12/28,2019/12/29,0,"6,3",7
Hogar Dulce Hogar,5426607,NA,Valencia,1,1,€ 100,2019/12/28,2019/12/29,0,6,7
Casita Esmeralda,2040126,NA,Valencia,1,1,€ 144,2019/12/28,2019/12/29,0,"6,4",7
Ruzafa Guesthouse,2269176,NA,Valencia,1,1,€ 34,2019/12/28,2019/12/29,0,"5,5",7
Carrer del Bisbe Jaume Pérez,4900140,NA,Valencia,1,1,€ 60,2019/12/28,2019/12/29,0,"5,9",7
Apartment Sofi,2830696,NA,Valencia,1,1,NA,2019/12/28,2019/12/29,0,"9,7",7
Guest House Torres de Quart,2275006,NA,Valencia,1,1,€ 29,2019/12/28,2019/12/29,0,"5,1",7
RoomTuristValencia Estacion del Norte,4682632,NA,Valencia,1,1,€ 69,2019/12/28,2019/12/29,0,5,7
Guest House Duc de Gaeta,2275007,NA,Valencia,1,1,€ 30,2019/12/28,2019/12/29,0,"4,9",7
Guesthouse Plaza de Toros,2985902,NA,Valencia,1,1,€ 88,2019/12/28,2019/12/29,0,"4,8",7
Port of Valencia,3805735,NA,Valencia,1,1,€ 120,2019/12/28,2019/12/29,0,"4,9",7
Ilunion Valencia 4,754329,NA,Valencia,1,1,€ 114,2019/12/28,2019/12/29,4,"8,1",7
Opera House Valencia B&B,3533887,NA,Valencia,1,1,€ 80,2019/12/28,2019/12/29,0,"9,5",7
MerKat-Abastos,1231196,NA,Valencia,1,1,NA,2019/12/28,2019/12/29,0,"9,6",7
Hotel Helen Berger,5159105,NA,Valencia,1,1,€ 150,2019/12/28,2019/12/29,4,"9,7",7
Disfruta - Enjoy Valencia Centre,3881970,NA,Valencia,1,1,€ 190,2019/12/28,2019/12/29,0,"9,8",7
Hotel Cosmo,4838858,NA,Valencia,1,1,€ 195,2019/12/28,2019/12/29,3,"9,6",7
Ramirez Flats & Bar,4124528,NA,Valencia,1,1,€ 210,2019/12/28,2019/12/29,0,"9,5",7
Palacio Vallier 5*,4639648,NA,Valencia,1,1,€ 230,2019/12/28,2019/12/29,5,"9,5",7
Disfruta - Enjoy Valencia Oceanografic,4121345,NA,Valencia,1,1,€ 237,2019/12/28,2019/12/29,0,"9,6",7
Apartment Cisneros 2,2361375,NA,Valencia,1,1,NA,2019/12/28,2019/12/29,0,"9,7",7
Cantagua Hostel,4074640,NA,Valencia,1,1,€ 28,2019/12/28,2019/12/29,0,"9,1",7
Live in Chianti,2227491,NA,Valencia,1,1,€ 70,2019/12/28,2019/12/29,0,"9,1",7
Habitación doble,3599930,NA,Valencia,1,1,€ 80,2019/12/28,2019/12/29,0,9,7
OttoH Charm Stay,2459807,NA,Valencia,1,1,€ 94,2019/12/28,2019/12/29,0,"9,3",7
Comfort Room(AVEValencia),5696103,NA,Valencia,1,1,€ 94,2019/12/28,2019/12/29,0,9,7
MD Design Hotel - Portal del Real,2391685,NA,Valencia,1,1,€ 100,2019/12/28,2019/12/29,2,"9,1",7
Apartments Downtown Valencia,2250421,NA,Valencia,1,1,NA,2019/12/28,2019/12/29,0,"9,6",7
Mon Suites San Nicolas,4117225,NA,Valencia,1,1,€ 117,2019/12/28,2019/12/29,0,"9,1",7
Casual Socarrat Valencia,5142800,NA,Valencia,1,1,€ 120,2019/12/28,2019/12/29,3,"9,1",7
Apartamento La Reina del Cabañal,1558224,NA,Valencia,1,1,€ 124,2019/12/28,2019/12/29,0,"9,1",7
Soho Valencia,1538641,NA,Valencia,1,1,€ 129,2019/12/28,2019/12/29,0,"8,9",7
Rooms Ciencias,94126,NA,Valencia,1,1,€ 125,2019/12/28,2019/12/29,0,9,7
Sorolla Centro,90896,NA,Valencia,1,1,€ 132,2019/12/28,2019/12/29,3,"9,1",7
Citizentral Juristas,1113127,NA,Valencia,1,1,€ 134,2019/12/28,2019/12/29,0,"9,2",7
Apartamento Frederick “Centrico y con Clase”,4236394,NA,Valencia,1,1,NA,2019/12/28,2019/12/29,0,"9,6",7
Biopark View Apartment,2381901,NA,Valencia,1,1,€ 138,2019/12/28,2019/12/29,0,"9,1",7
Valenciaflats Centro Ciudad,18544,NA,Valencia,1,1,€ 165,2019/12/28,2019/12/29,0,"9,2",7
One Shot Mercat 09,2274203,NA,Valencia,1,1,€ 169,2019/12/28,2019/12/29,4,"9,1",7
One Shot Colón 46,1394168,NA,Valencia,1,1,€ 129,2019/12/28,2019/12/29,3,"8,7",7
La seda stay,3335523,NA,Valencia,1,1,NA,2019/12/28,2019/12/29,0,"9,6",7
Hotel Dimar,90886,NA,Valencia,1,1,€ 135,2019/12/28,2019/12/29,4,"8,7",7
Casual Vintage Valencia,1710241,NA,Valencia,1,1,€ 137,2019/12/28,2019/12/29,2,"8,5",7
SH Ingles Boutique Hotel,92956,NA,Valencia,1,1,€ 140,2019/12/28,2019/12/29,4,"8,5",7
Catalonia Excelsior,90578,NA,Valencia,1,1,€ 140,2019/12/28,2019/12/29,3,"8,7",7
One Shot Palacio Reina Victoria 04,90885,NA,Valencia,1,1,€ 149,2019/12/28,2019/12/29,4,"8,6",7
SH Valencia Palace,91497,NA,Valencia,1,1,€ 150,2019/12/28,2019/12/29,5,"8,5",7
Casa La Buhardilla,2985364,NA,Valencia,1,1,NA,2019/12/28,2019/12/29,0,"9,6",7
Mon Suites Catedral,485679,NA,Valencia,1,1,€ 170,2019/12/28,2019/12/29,0,"9,2",7
Exclusive Beach Apartment,4641691,NA,Valencia,1,1,€ 171,2019/12/28,2019/12/29,0,9,7
El Palacete Gran Via,3483148,NA,Valencia,1,1,€ 150,2019/12/28,2019/12/29,0,"8,7",7
Vincci Palace,94163,NA,Valencia,1,1,€ 154,2019/12/28,2019/12/29,4,"8,7",7
Edificio Pentagono,4673669,NA,Valencia,1,1,€ 155,2019/12/28,2019/12/29,0,"8,9",7
Hospederia del Pilar,327766,NA,Valencia,1,1,€ 45,2019/12/28,2019/12/29,0,"7,9",7
Hotel Beleret,94652,NA,Valencia,1,1,€ 49,2019/12/28,2019/12/29,3,"7,7",7
Vincci Lys,91183,NA,Valencia,1,1,€ 160,2019/12/28,2019/12/29,4,"8,9",7
Pio XII Apartments Valencia,402080,NA,Valencia,1,1,€ 165,2019/12/28,2019/12/29,0,"8,6",7
Zerka Sendra,4657122,NA,Valencia,1,1,€ 169,2019/12/28,2019/12/29,0,"8,9",7
La Casa Verde - Ruzafa,2029143,NA,Valencia,1,1,NA,2019/12/28,2019/12/29,0,"9,7",7
JL Ciudad de las Artes,3074378,NA,Valencia,1,1,NA,2019/12/28,2019/12/29,0,"9,6",7
Valencia- habitacion,5366858,NA,Valencia,1,1,€ 55,2019/12/28,2019/12/29,0,"7,8",7
Valencia Lounge Hostel,337203,NA,Valencia,1,1,€ 57,2019/12/28,2019/12/29,0,"7,7",7
Hostal Bisbal,235665,NA,Valencia,1,1,€ 60,2019/12/28,2019/12/29,1,"7,6",7
Cosy Rooms Tapinería,371192,NA,Valencia,1,1,€ 65,2019/12/28,2019/12/29,2,"7,5",7
Hotel Turia,14441,NA,Valencia,1,1,€ 69,2019/12/28,2019/12/29,4,"7,5",7
Jero Rooms,296743,NA,Valencia,1,1,€ 77,2019/12/28,2019/12/29,0,"7,7",7
Zenit Valencia,92327,NA,Valencia,1,1,€ 171,2019/12/28,2019/12/29,4,"8,8",7
Hotel San Lorenzo Boutique,1307718,NA,Valencia,1,1,€ 184,2019/12/28,2019/12/29,3,"8,6",7
Hospes Palau de La Mar,93823,NA,Valencia,1,1,€ 211,2019/12/28,2019/12/29,5,"8,8",7
Melia Plaza Valencia,13270,NA,Valencia,1,1,€ 220,2019/12/28,2019/12/29,4,"8,9",7
Select Home Mercado de Colón,2960845,NA,Valencia,1,1,€ 240,2019/12/28,2019/12/29,0,"8,9",7
The Westin Valencia,93321,NA,Valencia,1,1,€ 242,2019/12/28,2019/12/29,5,"8,7",7
Apartamento Bolseria 28,881275,NA,Valencia,1,1,NA,2019/12/28,2019/12/29,0,"9,5",7
Lounge by the sea,4756780,NA,Valencia,1,1,NA,2019/12/28,2019/12/29,0,"9,8",7
B&B Hotel Valencia Ciudad de las Ciencias,92242,NA,Valencia,1,1,€ 80,2019/12/28,2019/12/29,3,"7,5",7
Expo Hotel Valencia,91223,NA,Valencia,1,1,€ 88,2019/12/28,2019/12/29,3,"7,6",7
Checkin Valencia,93743,NA,Valencia,1,1,€ 90,2019/12/28,2019/12/29,4,"7,8",7
MD PASEO RUZAFA CENTER,5374850,NA,Valencia,1,1,€ 1.030,2019/12/28,2019/12/29,0,"8,8",7
Center Valencia Youth Hostel,246931,NA,Valencia,1,1,€ 29,2019/12/28,2019/12/29,0,8,7
Rooms Valencia Center,5507857,NA,Valencia,1,1,€ 29,2019/12/28,2019/12/29,0,8,7
Red Nest Hostel,92283,NA,Valencia,1,1,€ 29,2019/12/28,2019/12/29,0,"8,2",7
Attic Rooms in Botánico,5522932,NA,Valencia,1,1,€ 29,2019/12/28,2019/12/29,0,"8,3",7
Ilunion Valencia 3,92818,NA,Valencia,1,1,€ 107,2019/12/28,2019/12/29,3,"7,9",7
Apartamento Alguer,4005334,NA,Valencia,1,1,€ 112,2019/12/28,2019/12/29,0,"7,7",7
Holiday Inn Express Ciudad de las Ciencias,96737,NA,Valencia,1,1,€ 126,2019/12/28,2019/12/29,3,"7,9",7
El Corazon de Canovas,2634817,NA,Valencia,1,1,NA,2019/12/28,2019/12/29,0,"9,5",7
SHF Plaza de la Reina,1682520,NA,Valencia,1,1,€ 129,2019/12/28,2019/12/29,0,"7,9",7
Casual de la Música Valencia,273130,NA,Valencia,1,1,€ 143,2019/12/28,2019/12/29,2,"7,5",7
Apartment Florista,2150187,NA,Valencia,1,1,€ 147,2019/12/28,2019/12/29,0,"7,9",7
Like Apartments Negrito,403555,NA,Valencia,1,1,€ 184,2019/12/28,2019/12/29,0,"7,8",7
El 16 Ruzafa,865461,NA,Valencia,1,1,€ 184,2019/12/28,2019/12/29,0,"7,7",7
Malvarrosa Calle Pavia,3608764,NA,Valencia,1,1,€ 253,2019/12/28,2019/12/29,0,"7,7",7
Centro en Valencia,2885222,NA,Valencia,1,1,NA,2019/12/28,2019/12/29,0,"9,5",7
Patacona Resort Apartments,189782,NA,Valencia,1,1,€ 285,2019/12/28,2019/12/29,0,"7,8",7
Musico Peydro Apartments,3765069,NA,Valencia,1,1,€ 287,2019/12/28,2019/12/29,0,"7,9",7
MD Modern Hotel - Jardines,305447,NA,Valencia,1,1,€ 95,2019/12/28,2019/12/29,1,"8,3",7
Apartamentos Dormavalencia,4450983,NA,Valencia,1,1,€ 96,2019/12/28,2019/12/29,0,"8,4",7
Casa Botànic - Céntrico y con comodidades,4218273,NA,Valencia,1,1,NA,2019/12/28,2019/12/29,0,"9,8",7
Primus Valencia,331871,NA,Valencia,1,1,€ 105,2019/12/28,2019/12/29,4,"8,3",7
NH Valencia Las Artes,90731,NA,Valencia,1,1,€ 105,2019/12/28,2019/12/29,4,"8,4",7
El Coso,14580,NA,Valencia,1,1,€ 110,2019/12/28,2019/12/29,3,"8,2",7
Silken Puerta Valencia,91182,NA,Valencia,1,1,€ 114,2019/12/28,2019/12/29,4,"8,3",7
APARTAMENTO LAS MELLIZAS,4651578,NA,Valencia,1,1,€ 60,2019/12/28,2019/12/29,0,"8,3",7
Ilunion Aqua 3,92776,NA,Valencia,1,1,€ 116,2019/12/28,2019/12/29,3,"8,3",7
Apartamento Comedias,2236348,NA,Valencia,1,1,NA,2019/12/28,2019/12/29,0,"9,7",7
Eurostars Rey Don Jaime,91520,NA,Valencia,1,1,€ 116,2019/12/28,2019/12/29,4,"8,2",7
Zerka Centro,4425975,NA,Valencia,1,1,€ 119,2019/12/28,2019/12/29,0,"8,3",7
Eurostars Gran Valencia,90484,NA,Valencia,1,1,€ 122,2019/12/28,2019/12/29,4,"8,4",7
Habitacion Doble Homestay,4037073,NA,Valencia,1,1,€ 150,2019/12/28,2019/12/29,0,8,7
Hotel Conqueridor,91047,NA,Valencia,1,1,€ 162,2019/12/28,2019/12/29,4,"8,3",7
Apartment Valencia,348555,NA,Valencia,1,1,€ 180,2019/12/28,2019/12/29,0,"8,2",7
MD Benlliure Beach.,1957258,NA,Valencia,1,1,€ 307,2019/12/28,2019/12/29,0,"7,8",7
MD Art Apartment Ruzafa,2550955,NA,Valencia,1,1,€ 327,2019/12/28,2019/12/29,0,"7,8",7
Guest House Samuel Ros,4161855,NA,Valencia,1,1,€ 25,2019/12/28,2019/12/29,0,"7,2",7
Hostal Abastos,257057,NA,Valencia,1,1,€ 48,2019/12/28,2019/12/29,2,"8,2",7
Habitaciones con Encanto,5629632,NA,Valencia,1,1,€ 50,2019/12/28,2019/12/29,0,"8,1",7
LOFT apartamento duplex en Valencia con parking gratis,5519008,NA,Valencia,1,1,NA,2019/12/28,2019/12/29,0,"9,8",7
Purple Nest Hostel,25278,NA,Valencia,1,1,€ 53,2019/12/28,2019/12/29,0,"8,2",7
Dormavalencia Hostel,249585,NA,Valencia,1,1,€ 58,2019/12/28,2019/12/29,1,"8,3",7
Sol Playa,12656,NA,Valencia,1,1,€ 60,2019/12/28,2019/12/29,2,"8,3",7
Reina 12,1684198,NA,Valencia,1,1,€ 66,2019/12/28,2019/12/29,0,"8,2",7
Urban Youth Hostel,1163025,NA,Valencia,1,1,€ 68,2019/12/28,2019/12/29,0,"8,4",7
City Suites Apartments,3091106,NA,Valencia,1,1,€ 74,2019/12/28,2019/12/29,0,"8,3",7
Apartments Torres de Serranos Valencia,1099602,NA,Valencia,1,1,NA,2019/12/28,2019/12/29,0,"9,7",7
NWT Central Station Apartments,3964093,NA,Valencia,1,1,€ 215,2019/12/28,2019/12/29,0,"8,2",7
UP Hostel Valencia,1710137,NA,Valencia,1,1,€ 24,2019/12/28,2019/12/29,0,"7,7",7
Double Room in VALENCIA,5665653,NA,Valencia,1,1,€ 30,2019/12/28,2019/12/29,0,"7,9",7
Apartamento Forn dels Apòstols,3122008,NA,Valencia,1,1,NA,2019/12/28,2019/12/29,0,"9,6",7
Residencia Universitaria Damia Bonet,247451,NA,Valencia,1,1,€ 75,2019/12/28,2019/12/29,0,"8,3",7
Nanit Valencia Hostel,3913497,NA,Valencia,1,1,€ 75,2019/12/28,2019/12/29,0,"8,4",7
NH Ciudad de Valencia,90729,NA,Valencia,1,1,€ 76,2019/12/28,2019/12/29,3,"8,1",7
L'Otelet By Sweet,1467935,NA,Valencia,1,1,€ 77,2019/12/28,2019/12/29,0,"8,3",7
Aparthotel Valencia Rental,17344,NA,Valencia,1,1,€ 78,2019/12/28,2019/12/29,0,8,7
Center Venezuela Apartments,4459021,NA,Valencia,1,1,€ 80,2019/12/28,2019/12/29,0,"8,4",7
Barracart Apartments,2125836,NA,Valencia,1,1,NA,2019/12/28,2019/12/29,0,"9,6",7
Hotel Medium Valencia,96838,NA,Valencia,1,1,€ 81,2019/12/28,2019/12/29,4,"8,2",7
Senator Parque Central Hotel,274963,NA,Valencia,1,1,€ 85,2019/12/28,2019/12/29,4,"8,1",7
Hotel Valencia Center,91285,NA,Valencia,1,1,€ 85,2019/12/28,2019/12/29,4,"8,4",7
Carrer de l'Escriptor Rafael Ferreres,4267645,NA,Valencia,1,1,€ 85,2019/12/28,2019/12/29,0,"8,4",7
Hotel Miramar,23332,NA,Valencia,1,1,€ 86,2019/12/28,2019/12/29,2,"8,4",7
NH Valencia Las Ciencias,90725,NA,Valencia,1,1,€ 86,2019/12/28,2019/12/29,3,8,7
Casa Botànic - Céntrico y con comodidades,4218273,NA,Valencia,1,1,NA,2019/12/28,2019/12/29,0,"9,8",7
Casual de las Artes Valencia,538056,NA,Valencia,1,1,€ 90,2019/12/28,2019/12/29,3,"8,4",7
NH Valencia Center,90727,NA,Valencia,1,1,€ 95,2019/12/28,2019/12/29,4,"8,3",7
MD Modern Hotel - Jardines,305447,NA,Valencia,1,1,€ 95,2019/12/28,2019/12/29,1,"8,3",7
Apartamentos Dormavalencia,4450983,NA,Valencia,1,1,€ 96,2019/12/28,2019/12/29,0,"8,4",7
Primus Valencia,331871,NA,Valencia,1,1,€ 105,2019/12/28,2019/12/29,4,"8,3",7
Valencia City Host,1177077,NA,Valencia,1,1,€ 35,2019/12/28,2019/12/29,0,"7,7",7
Habitación Céntrica en Casa de Familia,4289877,NA,Valencia,1,1,€ 35,2019/12/28,2019/12/29,0,"7,7",7
Apart and Benef,2291245,NA,Valencia,1,1,€ 35,2019/12/28,2019/12/29,0,"7,9",7
Apartamento centro,3160737,NA,Valencia,1,1,NA,2019/12/28,2019/12/29,0,"9,7",7
Habitacion por dias Centro Valencia,3977106,NA,Valencia,1,1,€ 36,2019/12/28,2019/12/29,0,"7,7",7
Habitación San Cayetano,4624401,NA,Valencia,1,1,€ 40,2019/12/28,2019/12/29,0,"7,5",7
Valero Vintage,3315727,NA,Valencia,1,1,€ 40,2019/12/28,2019/12/29,0,"7,8",7
HOSPEDAJE PESET,4718074,NA,Valencia,1,1,€ 40,2019/12/28,2019/12/29,0,"7,5",7
Hospederia del Pilar,327766,NA,Valencia,1,1,€ 45,2019/12/28,2019/12/29,0,"7,9",7
Mon Suites Catedral,485679,NA,Valencia,1,1,€ 170,2019/12/28,2019/12/29,0,"9,2",7
Charming Apartment with Terrace,5715086,NA,Valencia,1,1,€ 170,2019/12/28,2019/12/29,0,"9,3",7
Apartamento Frederick “Centrico y con Clase”,4236394,NA,Valencia,1,1,NA,2019/12/28,2019/12/29,0,"9,6",7
Exclusive Beach Apartment,4641691,NA,Valencia,1,1,€ 171,2019/12/28,2019/12/29,0,9,7
ABCyou Bed&Breakfast,189207,NA,Valencia,1,1,€ 84,2019/12/28,2019/12/29,0,"8,5",7
Flatsforyou Marina,1793012,NA,Valencia,1,1,€ 90,2019/12/28,2019/12/29,0,"8,6",7
RUZAFA- CENTRO-A/C- WI-FI- PARKING,2885994,NA,Valencia,1,1,NA,2019/12/28,2019/12/29,0,"9,7",7
MYR Hotel Plaza Mercado & Spa,1619029,NA,Valencia,1,1,€ 177,2019/12/28,2019/12/29,3,"9,2",7
Las Arenas Balneario Resort,91144,NA,Valencia,1,1,€ 198,2019/12/28,2019/12/29,5,9,7
Vincci Mercat,1279484,NA,Valencia,1,1,€ 198,2019/12/28,2019/12/29,4,9,7
Valenciaflats Ciudad de las Ciencias,93676,NA,Valencia,1,1,€ 200,2019/12/28,2019/12/29,0,"9,1",7
AC Hotel Valencia,91063,NA,Valencia,1,1,€ 94,2019/12/28,2019/12/29,4,"8,5",7
Hotel Malcom and Barret,483261,NA,Valencia,1,1,€ 95,2019/12/28,2019/12/29,3,"8,7",7
Hotel Kramer,91106,NA,Valencia,1,1,€ 95,2019/12/28,2019/12/29,3,"8,8",7
Petit Palace Ruzafa,90792,NA,Valencia,1,1,€ 98,2019/12/28,2019/12/29,3,"8,7",7
MARQUÉS HOUSE 4* SUP,2118880,NA,Valencia,1,1,€ 209,2019/12/28,2019/12/29,4,"9,4",7
Ambrosio Flats Valencia - El Mercat,3131649,NA,Valencia,1,1,NA,2019/12/28,2019/12/29,0,"9,5",7
Eurostars Acteón,90495,NA,Valencia,1,1,€ 103,2019/12/28,2019/12/29,4,"8,5",7
València Centre Túria,2185255,NA,Valencia,1,1,€ 104,2019/12/28,2019/12/29,0,"8,8",7
MAR Y SOL,4652261,NA,Valencia,1,1,NA,2019/12/28,2019/12/29,0,"9,6",7
My Loft 4 You Ruzafa Style II,3208552,NA,Valencia,1,1,€ 227,2019/12/28,2019/12/29,0,"9,1",7
B BEACH VALENCIA,5125954,NA,Valencia,1,1,€ 250,2019/12/28,2019/12/29,0,9,7
Hotel Valencia Oceanic Managed by Melia Hotels International,91522,NA,Valencia,1,1,€ 104,2019/12/28,2019/12/29,4,"8,6",7
Hotel Neptuno,91206,NA,Valencia,1,1,€ 108,2019/12/28,2019/12/29,4,"8,5",7
Reina Rooms,4211140,NA,Valencia,1,1,€ 112,2019/12/28,2019/12/29,0,"8,9",7
Friendly Rentals Soler,1634237,NA,Valencia,1,1,€ 115,2019/12/28,2019/12/29,0,"8,7",7
Palacio de Rojas,1073276,NA,Valencia,1,1,€ 261,2019/12/28,2019/12/29,0,"9,3",7
Ca Carmela,2466364,NA,Valencia,1,1,€ 280,2019/12/28,2019/12/29,0,"9,1",7
Mon Suites San Martin,2777545,NA,Valencia,1,1,€ 340,2019/12/28,2019/12/29,0,"9,4",7
Caro Hotel,348132,NA,Valencia,1,1,€ 445,2019/12/28,2019/12/29,5,"9,2",7
Barceló Valencia,91988,NA,Valencia,1,1,€ 115,2019/12/28,2019/12/29,4,"8,7",7
Petit Palace Plaza de la Reina,90443,NA,Valencia,1,1,€ 118,2019/12/28,2019/12/29,3,"8,7",7
Atico Loft Ruzafa,3152977,NA,Valencia,1,1,NA,2019/12/28,2019/12/29,0,"9,6",7
BONNIES Suites & Spa Valencia,3631910,NA,Valencia,1,1,NA,2019/12/28,2019/12/29,0,"9,8",7
Quart Youth Hostel,476418,NA,Valencia,1,1,€ 8,2019/12/28,2019/12/29,0,"8,6",7
Ilunion Aqua 4,92777,NA,Valencia,1,1,€ 119,2019/12/28,2019/12/29,4,"8,5",7
Citizentral Gascons,332095,NA,Valencia,1,1,€ 120,2019/12/28,2019/12/29,0,"8,8",7
València Centre Torres de Quart,886289,NA,Valencia,1,1,€ 121,2019/12/28,2019/12/29,0,"8,9",7
Art&Flats Bed&Breakfast,5238345,NA,Valencia,1,1,€ 22,2019/12/28,2019/12/29,0,"8,8",7
Homestay Carrer Sagun,5006434,NA,Valencia,1,1,€ 36,2019/12/28,2019/12/29,0,"8,8",7
Balcón Al Mar,295109,NA,Valencia,1,1,€ 48,2019/12/28,2019/12/29,0,"8,5",7
Lotelito,570027,NA,Valencia,1,1,€ 125,2019/12/28,2019/12/29,0,"8,9",7
Valenciaflats Torres de Serrano,17468,NA,Valencia,1,1,€ 125,2019/12/28,2019/12/29,0,"8,5",7
AC Hotel Colon Valencia,1117150,NA,Valencia,1,1,€ 126,2019/12/28,2019/12/29,4,"8,7",7
La seda stay,3335523,NA,Valencia,1,1,NA,2019/12/28,2019/12/29,0,"9,6",7
Comfort Homestay,5423155,NA,Valencia,1,1,€ 55,2019/12/28,2019/12/29,0,"8,7",7
YOU & CO. Saler Beach Boutique,4533007,NA,Valencia,1,1,€ 55,2019/12/28,2019/12/29,3,"8,9",7
Carmen Apartment,3308265,NA,Valencia,1,1,NA,2019/12/28,2019/12/29,0,"9,6",7
Soho Valencia,1538641,NA,Valencia,1,1,€ 129,2019/12/28,2019/12/29,0,"8,9",7
One Shot Colón 46,1394168,NA,Valencia,1,1,€ 129,2019/12/28,2019/12/29,3,"8,7",7
Hotel El Siglo,1741479,NA,Valencia,1,1,€ 130,2019/12/28,2019/12/29,3,"8,5",7
Russafa Youth Hostel,345134,NA,Valencia,1,1,€ 58,2019/12/28,2019/12/29,0,"8,6",7
Home Youth Hostel by Feetup Hostels,189322,NA,Valencia,1,1,€ 64,2019/12/28,2019/12/29,0,"8,8",7
Sercotel Sorolla Palace,93646,NA,Valencia,1,1,€ 67,2019/12/28,2019/12/29,4,"8,6",7
Blanq Carmen Hotel,97069,NA,Valencia,1,1,€ 130,2019/12/28,2019/12/29,3,"8,7",7
Hotel Dimar,90886,NA,Valencia,1,1,€ 135,2019/12/28,2019/12/29,4,"8,7",7
Casa del Patriarca,364834,NA,Valencia,1,1,€ 71,2019/12/28,2019/12/29,0,"8,9",7
Mestalla Paradise,4734619,NA,Valencia,1,1,€ 75,2019/12/28,2019/12/29,0,"8,9",7
