name,propertyId,propertyType,city,rooms,days,price,checkIn,checkOut,stars,score,advance
Rooms Ciencias,94126,NA,Valencia,1,1,€ 59,2020/01/17,2020/01/18,0,9,30
Maison Reina B&B,5004812,NA,Valencia,1,1,€ 59,2020/01/17,2020/01/18,0,"9,2",30
Chic and Central- in a lively but quiet area. All walking distance.,3649090,NA,Valencia,1,1,NA,2020/01/17,2020/01/18,0,"9,6",30
Nest Style Valencia,5219046,NA,Valencia,1,1,€ 59,2020/01/17,2020/01/18,3,"9,3",30
Apartamentos Navío,5647176,NA,Valencia,1,1,€ 59,2020/01/17,2020/01/18,0,"9,2",30
Una Ubicacion Perfecta,3114164,NA,Valencia,1,1,€ 60,2020/01/17,2020/01/18,0,"9,2",30
Habitación privada a 1500 metros de la playa,3789910,NA,Valencia,1,1,€ 60,2020/01/17,2020/01/18,0,"9,3",30
Host & Home,1663785,NA,Valencia,1,1,€ 64,2020/01/17,2020/01/18,0,9,30
Hostal Venecia,92883,NA,Valencia,1,1,€ 65,2020/01/17,2020/01/18,2,"9,1",30
Valencia center,3168460,NA,Valencia,1,1,NA,2020/01/17,2020/01/18,0,"9,8",30
Bianca,4232781,NA,Valencia,1,1,€ 69,2020/01/17,2020/01/18,0,9,30
Valenciaflats Centro Ciudad,18544,NA,Valencia,1,1,€ 69,2020/01/17,2020/01/18,0,"9,2",30
Valenciaflats Ciudad de las Ciencias,93676,NA,Valencia,1,1,€ 69,2020/01/17,2020/01/18,0,"9,1",30
Live in Chianti,2227491,NA,Valencia,1,1,€ 70,2020/01/17,2020/01/18,0,"9,1",30
Casual Socarrat Valencia,5142800,NA,Valencia,1,1,€ 72,2020/01/17,2020/01/18,3,"9,1",30
Apartamento bianca,3205847,NA,Valencia,1,1,€ 74,2020/01/17,2020/01/18,0,"9,1",30
Atico Loft Ruzafa,3152977,NA,Valencia,1,1,NA,2020/01/17,2020/01/18,0,"9,6",30
United Colors of Apartments Boutique Style,5372347,NA,Valencia,1,1,€ 76,2020/01/17,2020/01/18,0,"9,2",30
Sorolla Centro,90896,NA,Valencia,1,1,€ 77,2020/01/17,2020/01/18,3,"9,1",30
Valenciaflats Mercado Central,307677,NA,Valencia,1,1,€ 78,2020/01/17,2020/01/18,0,9,30
COZY & MODERN Apartment next to Metro A. Guimerá,5516886,NA,Valencia,1,1,€ 79,2020/01/17,2020/01/18,0,"9,1",30
OttoH Charm Stay,2459807,NA,Valencia,1,1,€ 79,2020/01/17,2020/01/18,0,"9,3",30
BUBUSUITES by Bubuflats,2389776,NA,Valencia,1,1,€ 80,2020/01/17,2020/01/18,0,"9,3",30
Ayuntamiento Panoramic,3089239,NA,Valencia,1,1,NA,2020/01/17,2020/01/18,0,"9,5",30
Apartamentos Wallace,1698355,NA,Valencia,1,1,€ 82,2020/01/17,2020/01/18,0,"9,2",30
RUZAFA. Nice apartment and Terrace.,4368595,NA,Valencia,1,1,€ 85,2020/01/17,2020/01/18,0,"9,3",30
Precioso piso junto al antiguo barrio de Campanar,3297078,NA,Valencia,1,1,€ 85,2020/01/17,2020/01/18,0,"9,2",30
Mon Suites San Nicolas,4117225,NA,Valencia,1,1,€ 87,2020/01/17,2020/01/18,0,"9,1",30
"Piso ""Como en tu casa""",2689136,NA,Valencia,1,1,€ 88,2020/01/17,2020/01/18,0,"9,2",30
YOU & CO Quart Boutique,5213598,NA,Valencia,1,1,€ 70,2020/01/17,2020/01/18,3,,30
Minimalist room with balcony.FREE bikes & coffee 1,5776697,NA,Valencia,1,1,€ 75,2020/01/17,2020/01/18,0,,30
B&B Almirante,369695,NA,Valencia,1,1,NA,2020/01/17,2020/01/18,1,"8,8",30
Loft Turia Gran,5133726,NA,Valencia,1,1,€ 75,2020/01/17,2020/01/18,0,,30
Mestalla paradise Rooms,5929380,NA,Valencia,1,1,€ 80,2020/01/17,2020/01/18,0,,30
VOGHE PREMIUM FLATS,5538655,NA,Valencia,1,1,€ 99,2020/01/17,2020/01/18,0,,30
Suit AVE (Valencia),5726860,NA,Valencia,1,1,€ 122,2020/01/17,2020/01/18,0,,30
Hotel Helen Berger,5159105,NA,Valencia,1,1,€ 128,2020/01/17,2020/01/18,4,,30
MD Ausias March,5823190,NA,Valencia,1,1,€ 155,2020/01/17,2020/01/18,0,,30
SingularStays San Vicente,1423172,NA,Valencia,1,1,NA,2020/01/17,2020/01/18,0,"8,8",30
The White Apartment: Luxury- Beach and Design,5631365,NA,Valencia,1,1,€ 157,2020/01/17,2020/01/18,0,,30
Casa Del Sueno,4292899,NA,Valencia,1,1,€ 163,2020/01/17,2020/01/18,0,,30
MD Caravaca,5823383,NA,Valencia,1,1,€ 168,2020/01/17,2020/01/18,0,,30
Apartment Carrer Ernesto Che Guevara,5598848,NA,Valencia,1,1,€ 182,2020/01/17,2020/01/18,0,,30
Apartment Passeig de la Petxina,5695771,NA,Valencia,1,1,€ 195,2020/01/17,2020/01/18,0,,30
Apartment Carrer de Don Juan de Austria,5464038,NA,Valencia,1,1,€ 279,2020/01/17,2020/01/18,0,,30
Hola Valencia - Holiday Apartments,2818140,NA,Valencia,1,1,NA,2020/01/17,2020/01/18,0,"8,8",30
Apartment Carrer d'Alcoi,5953987,NA,Valencia,1,1,€ 389,2020/01/17,2020/01/18,0,,30
Apartment Carrer de Josep Aguirre,5646705,NA,Valencia,1,1,€ 608,2020/01/17,2020/01/18,0,,30
HOSTAL BED OF THE SEA,3974636,NA,Valencia,1,1,€ 50,2020/01/17,2020/01/18,0,"7,1",30
Cosy Rooms Embajador,369728,NA,Valencia,1,1,€ 50,2020/01/17,2020/01/18,2,"7,3",30
Flatsforyou Ruzafa,3342696,NA,Valencia,1,1,NA,2020/01/17,2020/01/18,0,"8,7",30
Mercat Central brugada home,5259150,NA,Valencia,1,1,€ 53,2020/01/17,2020/01/18,0,7,30
Hostal la Barraca,350013,NA,Valencia,1,1,€ 55,2020/01/17,2020/01/18,0,"7,1",30
Cosy Rooms Bolsería,371606,NA,Valencia,1,1,€ 56,2020/01/17,2020/01/18,2,"7,4",30
Almiserat,3054886,NA,Valencia,1,1,€ 60,2020/01/17,2020/01/18,0,"7,1",30
Geography and Arts.,3569110,NA,Valencia,1,1,€ 60,2020/01/17,2020/01/18,0,"7,2",30
Plaza Redonda house.,4399973,NA,Valencia,1,1,€ 61,2020/01/17,2020/01/18,0,"7,4",30
Piso Parque del Oeste,4698500,NA,Valencia,1,1,NA,2020/01/17,2020/01/18,0,"8,8",30
Mi casa es vuestra casa,4967097,NA,Valencia,1,1,€ 70,2020/01/17,2020/01/18,0,"7,1",30
Bloques Playa,2019044,NA,Valencia,1,1,€ 75,2020/01/17,2020/01/18,0,"7,2",30
Select Home Catedral,440778,NA,Valencia,1,1,€ 170,2020/01/17,2020/01/18,0,"7,1",30
Best Valencia Beach Flat,3246772,NA,Valencia,1,1,€ 174,2020/01/17,2020/01/18,0,7,30
MD Puerto Rico Apartment Ruzafa,3737151,NA,Valencia,1,1,€ 287,2020/01/17,2020/01/18,0,"7,4",30
Guest House Lebon,3124256,NA,Valencia,1,1,€ 26,2020/01/17,2020/01/18,0,"6,7",30
Welcomer Apartments Valencia,19363,NA,Valencia,1,1,NA,2020/01/17,2020/01/18,0,"8,7",30
Ruzafa Rooms,2891693,NA,Valencia,1,1,€ 40,2020/01/17,2020/01/18,0,"6,9",30
Hostal Residencial RR,450746,NA,Valencia,1,1,€ 40,2020/01/17,2020/01/18,0,"6,9",30
Malvarrosa Beach Rooms,314048,NA,Valencia,1,1,€ 55,2020/01/17,2020/01/18,2,"6,9",30
Habitación en Colon,2246576,NA,Valencia,1,1,€ 90,2020/01/17,2020/01/18,0,"6,6",30
MD Villalonga Malvarosa Beach,3739661,NA,Valencia,1,1,€ 510,2020/01/17,2020/01/18,0,"6,7",30
Fun and Sun Center 2,2944416,NA,Valencia,1,1,€ 23,2020/01/17,2020/01/18,0,6,30
Sunrise Apartments,640409,NA,Valencia,1,1,NA,2020/01/17,2020/01/18,0,"8,9",30
Guest House Higinio Noja,2845935,NA,Valencia,1,1,€ 25,2020/01/17,2020/01/18,0,6,30
Hogar Dulce Hogar,5426607,NA,Valencia,1,1,€ 100,2020/01/17,2020/01/18,0,6,30
Casita Esmeralda,2040126,NA,Valencia,1,1,€ 114,2020/01/17,2020/01/18,0,"6,4",30
Ruzafa Guesthouse,2269176,NA,Valencia,1,1,€ 27,2020/01/17,2020/01/18,0,"5,5",30
Piso cercano al centro ( 5 min BUS),5607299,NA,Valencia,1,1,€ 130,2020/01/17,2020/01/18,0,"5,7",30
BonApart Apartment Valencia,1490885,NA,Valencia,1,1,€ 120,2020/01/17,2020/01/18,0,"8,4",30
Friendly Rentals Verdi,1634232,NA,Valencia,1,1,€ 120,2020/01/17,2020/01/18,0,"8,1",30
Total Valencia Mercado Central,4888886,NA,Valencia,1,1,NA,2020/01/17,2020/01/18,0,"9,2",30
Apartments Welcome to Valencia Peset Aleixandre 69,4964856,NA,Valencia,1,1,€ 125,2020/01/17,2020/01/18,0,"8,2",30
Friendly Rentals Desplat,4120221,NA,Valencia,1,1,€ 130,2020/01/17,2020/01/18,0,"8,4",30
Apartamento Obispo don Jerónimo,2079020,NA,Valencia,1,1,€ 132,2020/01/17,2020/01/18,0,"8,2",30
Friendly Rentals Telemann,1634241,NA,Valencia,1,1,€ 135,2020/01/17,2020/01/18,0,"8,4",30
Friendly Rentals Evans,1634220,NA,Valencia,1,1,€ 135,2020/01/17,2020/01/18,0,"8,3",30
Primus Valencia,331871,NA,Valencia,1,1,€ 140,2020/01/17,2020/01/18,4,"8,3",30
Cabanyal Pleasant House,3608623,NA,Valencia,1,1,NA,2020/01/17,2020/01/18,0,9,30
NWT Central Station Apartments,3964093,NA,Valencia,1,1,€ 159,2020/01/17,2020/01/18,0,"8,2",30
Casa los Peces,3234194,NA,Valencia,1,1,€ 170,2020/01/17,2020/01/18,0,"8,2",30
Loft el Carmen amazing views,4932621,NA,Valencia,1,1,€ 170,2020/01/17,2020/01/18,0,"8,1",30
Zerka Centro,4425975,NA,Valencia,1,1,€ 199,2020/01/17,2020/01/18,0,"8,3",30
El Coso,14580,NA,Valencia,1,1,€ 67,2020/01/17,2020/01/18,3,"8,2",30
Hotel Valencia Center,91285,NA,Valencia,1,1,€ 67,2020/01/17,2020/01/18,4,"8,4",30
Hideout 26,5658117,NA,Valencia,1,1,NA,2020/01/17,2020/01/18,0,"9,1",30
Casual de las Artes Valencia,538056,NA,Valencia,1,1,€ 68,2020/01/17,2020/01/18,3,"8,4",30
NH Valencia Las Artes,90731,NA,Valencia,1,1,€ 71,2020/01/17,2020/01/18,4,"8,4",30
MD Modern Hotel - Jardines,305447,NA,Valencia,1,1,€ 72,2020/01/17,2020/01/18,1,"8,3",30
Reina 12,1684198,NA,Valencia,1,1,€ 74,2020/01/17,2020/01/18,0,"8,2",30
Hotel Alkazar,408511,NA,Valencia,1,1,€ 74,2020/01/17,2020/01/18,1,8,30
Residencia Universitaria Damia Bonet,247451,NA,Valencia,1,1,€ 75,2020/01/17,2020/01/18,0,"8,3",30
SingularStays Poeta Querol,3916644,NA,Valencia,1,1,NA,2020/01/17,2020/01/18,0,"9,2",30
Atico Ciutat Vella,3446230,NA,Valencia,1,1,€ 75,2020/01/17,2020/01/18,0,"8,2",30
United Colors of Apartments - Catedral,1301545,NA,Valencia,1,1,€ 76,2020/01/17,2020/01/18,0,"8,2",30
L'Otelet By Sweet,1467935,NA,Valencia,1,1,€ 77,2020/01/17,2020/01/18,0,"8,3",30
MD Sueca. Apartment with Terrace Ruzafa,2551179,NA,Valencia,1,1,€ 330,2020/01/17,2020/01/18,0,"8,2",30
MD Vila Barbera Apartment Center,1957253,NA,Valencia,1,1,€ 460,2020/01/17,2020/01/18,0,"8,4",30
Apartamento Ruzafa Centro II,3718518,NA,Valencia,1,1,NA,2020/01/17,2020/01/18,0,9,30
UP Hostel Valencia,1710137,NA,Valencia,1,1,€ 20,2020/01/17,2020/01/18,0,"7,7",30
Adrian's House,2271869,NA,Valencia,1,1,€ 23,2020/01/17,2020/01/18,0,"7,7",30
Apart and Benef,2291245,NA,Valencia,1,1,€ 28,2020/01/17,2020/01/18,0,"7,9",30
Bright and quiet rooms near the beach,5698199,NA,Valencia,1,1,€ 29,2020/01/17,2020/01/18,0,"7,7",30
SHF Flats Baron,1033085,NA,Valencia,1,1,€ 80,2020/01/17,2020/01/18,0,8,30
City Suites Apartments,3091106,NA,Valencia,1,1,€ 84,2020/01/17,2020/01/18,0,"8,3",30
Preciosos Apartamentos en el Carmen,2918345,NA,Valencia,1,1,€ 85,2020/01/17,2020/01/18,0,8,30
Friendly Rentals Mercado Central,3220956,NA,Valencia,1,1,NA,2020/01/17,2020/01/18,0,"9,1",30
Attic Rooms in Botánico,5522932,NA,Valencia,1,1,€ 38,2020/01/17,2020/01/18,0,"8,3",30
Habitacion en Valencia,4861732,NA,Valencia,1,1,€ 43,2020/01/17,2020/01/18,0,"8,2",30
Double Room in VALENCIA,5665653,NA,Valencia,1,1,€ 30,2020/01/17,2020/01/18,0,"7,9",30
Pensión Universal,304276,NA,Valencia,1,1,€ 32,2020/01/17,2020/01/18,0,"7,9",30
Apartamentos DM LIC.VT-43435-V,3504346,NA,Valencia,1,1,NA,2020/01/17,2020/01/18,0,"9,2",30
Old Town Flats Casa Burguerini,4552106,NA,Valencia,1,1,€ 85,2020/01/17,2020/01/18,0,"8,3",30
Ilunion Valencia 4,754329,NA,Valencia,1,1,€ 86,2020/01/17,2020/01/18,4,"8,1",30
APARTAMENTO LAS MELLIZAS,4651578,NA,Valencia,1,1,€ 44,2020/01/17,2020/01/18,0,"8,3",30
Apartamento Plaza Sainetero,2743838,NA,Valencia,1,1,€ 93,2020/01/17,2020/01/18,0,"8,2",30
Friendly Rentals ABC,3656596,NA,Valencia,1,1,€ 100,2020/01/17,2020/01/18,0,"8,2",30
Friendly Rentals Puerto Deportivo,2317861,NA,Valencia,1,1,€ 100,2020/01/17,2020/01/18,0,"8,2",30
Central new apartment,4526693,NA,Valencia,1,1,NA,2020/01/17,2020/01/18,0,"9,2",30
Reino de Valencia Apartments,453225,NA,Valencia,1,1,NA,2020/01/17,2020/01/18,0,9,30
Pension MonaLisa Luxury Suites,3834224,NA,Valencia,1,1,€ 44,2020/01/17,2020/01/18,0,"8,2",30
Center Valencia Youth Hostel,246931,NA,Valencia,1,1,€ 46,2020/01/17,2020/01/18,0,8,30
Casa de Maria,2467712,NA,Valencia,1,1,€ 85,2020/01/17,2020/01/18,0,"8,7",30
Petit Palace Plaza de la Reina,90443,NA,Valencia,1,1,€ 85,2020/01/17,2020/01/18,3,"8,7",30
Austria 4,1605997,NA,Valencia,1,1,NA,2020/01/17,2020/01/18,0,9,30
Barceló Valencia,91988,NA,Valencia,1,1,€ 85,2020/01/17,2020/01/18,4,"8,7",30
Lotelito,570027,NA,Valencia,1,1,€ 87,2020/01/17,2020/01/18,0,"8,9",30
B&B Hi Valencia Canovas,305349,NA,Valencia,1,1,€ 46,2020/01/17,2020/01/18,0,"8,3",30
Habitaciones con Encanto,5629632,NA,Valencia,1,1,€ 48,2020/01/17,2020/01/18,0,"8,1",30
Albergue Juvenil Colegio Mayor Galileo Galilei,253103,NA,Valencia,1,1,€ 50,2020/01/17,2020/01/18,0,"8,1",30
Hostal Abastos,257057,NA,Valencia,1,1,€ 50,2020/01/17,2020/01/18,2,"8,2",30
Apartment Savoy,1934973,NA,Valencia,1,1,NA,2020/01/17,2020/01/18,0,"9,4",30
Como en casa,4802186,NA,Valencia,1,1,€ 52,2020/01/17,2020/01/18,0,8,30
Alex Apartment,1756374,NA,Valencia,1,1,€ 52,2020/01/17,2020/01/18,0,"8,2",30
Apartamento Privado Próximo a Playa y Ciencias,3783163,NA,Valencia,1,1,€ 105,2020/01/17,2020/01/18,0,"8,3",30
Apartamento frente al mar,3060802,NA,Valencia,1,1,€ 105,2020/01/17,2020/01/18,0,"8,2",30
Friendly Rentals Pergolesi,1634240,NA,Valencia,1,1,€ 105,2020/01/17,2020/01/18,0,"8,3",30
Habitación Céntrica en Casa de Familia,4289877,NA,Valencia,1,1,€ 35,2020/01/17,2020/01/18,0,"7,8",30
Habitacion por dias Centro Valencia,3977106,NA,Valencia,1,1,€ 39,2020/01/17,2020/01/18,0,"7,7",30
Hostal On Dormire Valencia,432305,NA,Valencia,1,1,€ 40,2020/01/17,2020/01/18,0,"7,8",30
Hotel Conqueridor,91047,NA,Valencia,1,1,€ 108,2020/01/17,2020/01/18,4,"8,3",30
47 Carrer de Cadis- puerta 1,4511167,NA,Valencia,1,1,€ 113,2020/01/17,2020/01/18,0,"8,3",30
Sweet Hotel Renasa,274818,NA,Valencia,1,1,€ 54,2020/01/17,2020/01/18,3,8,30
Urban Youth Hostel,1163025,NA,Valencia,1,1,€ 54,2020/01/17,2020/01/18,0,"8,4",30
Hotel Villacarlos,90730,NA,Valencia,1,1,€ 56,2020/01/17,2020/01/18,3,8,30
Petit Palomar,2187491,NA,Valencia,1,1,€ 89,2020/01/17,2020/01/18,0,"8,9",30
Casa Adosada Quintero,5481770,NA,Valencia,1,1,€ 89,2020/01/17,2020/01/18,0,"8,8",30
Les flors,3985046,NA,Valencia,1,1,€ 89,2020/01/17,2020/01/18,0,"8,6",30
Ilunion Aqua 3,92776,NA,Valencia,1,1,€ 57,2020/01/17,2020/01/18,3,"8,3",30
Piso en Malvarrosa,2445244,NA,Valencia,1,1,NA,2020/01/17,2020/01/18,0,9,30
Hotel Miramar,23332,NA,Valencia,1,1,€ 58,2020/01/17,2020/01/18,2,"8,4",30
Silken Puerta Valencia,91182,NA,Valencia,1,1,€ 58,2020/01/17,2020/01/18,4,"8,3",30
Habitacion Apartamento soleado Plaza Escultor Frechina,4865043,NA,Valencia,1,1,€ 40,2020/01/17,2020/01/18,0,"7,7",30
Casual Civilizaciones Valencia,449777,NA,Valencia,1,1,€ 40,2020/01/17,2020/01/18,0,"7,9",30
SH Ingles Boutique Hotel,92956,NA,Valencia,1,1,€ 90,2020/01/17,2020/01/18,4,"8,5",30
Valencia City Center New Apartments,1042326,NA,Valencia,1,1,NA,2020/01/17,2020/01/18,0,9,30
Zenit Valencia,92327,NA,Valencia,1,1,€ 92,2020/01/17,2020/01/18,4,"8,8",30
One Shot Palacio Reina Victoria 04,90885,NA,Valencia,1,1,€ 93,2020/01/17,2020/01/18,4,"8,6",30
Casual Vintage Valencia,1710241,NA,Valencia,1,1,€ 94,2020/01/17,2020/01/18,2,"8,5",30
Citizentral Gascons,332095,NA,Valencia,1,1,€ 94,2020/01/17,2020/01/18,0,"8,8",30
Melia Plaza Valencia,13270,NA,Valencia,1,1,€ 99,2020/01/17,2020/01/18,4,"8,9",30
Friendly Rentals Schubert,1634221,NA,Valencia,1,1,€ 100,2020/01/17,2020/01/18,0,"8,8",30
Total Valencia White,2201908,NA,Valencia,1,1,NA,2020/01/17,2020/01/18,0,9,30
Mestalla Paradise,4734619,NA,Valencia,1,1,€ 100,2020/01/17,2020/01/18,0,"8,9",30
Friendly Rentals Ravel I,1634234,NA,Valencia,1,1,€ 100,2020/01/17,2020/01/18,0,"8,8",30
Apartamento cerca de la Playa y el Centro,2620264,NA,Valencia,1,1,€ 100,2020/01/17,2020/01/18,0,"8,9",30
New Trendy apartment,2426154,NA,Valencia,1,1,€ 100,2020/01/17,2020/01/18,0,"8,6",30
AC Hotel Colon Valencia,1117150,NA,Valencia,1,1,€ 102,2020/01/17,2020/01/18,4,"8,7",30
Friendly Rentals Casals,1769176,NA,Valencia,1,1,€ 105,2020/01/17,2020/01/18,0,"8,9",30
Casa Cosy,375456,NA,Valencia,1,1,NA,2020/01/17,2020/01/18,0,"9,4",30
Hotel Medium Valencia,96838,NA,Valencia,1,1,€ 59,2020/01/17,2020/01/18,4,"8,2",30
NH Valencia Las Ciencias,90725,NA,Valencia,1,1,€ 60,2020/01/17,2020/01/18,3,8,30
Hotel Neptuno,91206,NA,Valencia,1,1,€ 108,2020/01/17,2020/01/18,4,"8,5",30
Hotel Mediterraneo Valencia,92412,NA,Valencia,1,1,€ 110,2020/01/17,2020/01/18,3,"8,9",30
Friendly Rentals Gala,1634252,NA,Valencia,1,1,€ 110,2020/01/17,2020/01/18,0,"8,8",30
Sol Playa,12656,NA,Valencia,1,1,€ 60,2020/01/17,2020/01/18,2,"8,3",30
Senator Parque Central Hotel,274963,NA,Valencia,1,1,€ 60,2020/01/17,2020/01/18,4,"8,1",30
Vivaldi Valencia,427198,NA,Valencia,1,1,NA,2020/01/17,2020/01/18,0,"9,3",30
NH Ciudad de Valencia,90729,NA,Valencia,1,1,€ 61,2020/01/17,2020/01/18,3,"8,1",30
Eurostars Rey Don Jaime,91520,NA,Valencia,1,1,€ 62,2020/01/17,2020/01/18,4,"8,2",30
Eurostars Gran Valencia,90484,NA,Valencia,1,1,€ 67,2020/01/17,2020/01/18,4,"8,4",30
Happy Apartments Valencia,456043,NA,Valencia,1,1,€ 67,2020/01/17,2020/01/18,0,"8,2",30
Friendly Rentals Soler,1634237,NA,Valencia,1,1,€ 110,2020/01/17,2020/01/18,0,"8,7",30
Apartments Plaza Ayuntamiento,3506736,NA,Valencia,1,1,€ 115,2020/01/17,2020/01/18,0,"8,6",30
Guest House Torres de Quart,2275006,NA,Valencia,1,1,€ 28,2020/01/17,2020/01/18,0,"5,1",30
Guest House Ruzafa,2324552,NA,Valencia,1,1,€ 31,2020/01/17,2020/01/18,0,5,30
SingularStays Plaza del Mercado,1755231,NA,Valencia,1,1,NA,2020/01/17,2020/01/18,0,"8,6",30
Guest House Duc de Gaeta,2275007,NA,Valencia,1,1,€ 27,2020/01/17,2020/01/18,0,"4,9",30
Guesthouse Plaza de Toros,2985902,NA,Valencia,1,1,€ 49,2020/01/17,2020/01/18,0,"4,8",30
Port of Valencia,3805735,NA,Valencia,1,1,€ 150,2020/01/17,2020/01/18,0,"4,9",30
habitaciones mercat de ruzafa,5881952,NA,Valencia,1,1,€ 80,2020/01/17,2020/01/18,0,"3,9",30
Malvarosa,3820590,NA,Valencia,1,1,€ 190,2020/01/17,2020/01/18,0,"3,8",30
Aparment Canarias,3753027,NA,Valencia,1,1,€ 69,2020/01/17,2020/01/18,0,"2,6",30
SingularStays Mar44,1002060,NA,Valencia,1,1,NA,2020/01/17,2020/01/18,0,"8,7",30
FEYV,5820019,NA,Valencia,1,1,€ 20,2020/01/17,2020/01/18,0,,30
Happy Apartments Valencia – Lope de Vega,575582,NA,Valencia,1,1,€ 67,2020/01/17,2020/01/18,0,8,30
benimaclet 2,5951927,NA,Valencia,1,1,€ 40,2020/01/17,2020/01/18,0,,30
HoLaQueTaL - Guest Rooms,5900680,NA,Valencia,1,1,€ 40,2020/01/17,2020/01/18,0,,30
Aladin piso,5823993,NA,Valencia,1,1,€ 40,2020/01/17,2020/01/18,0,,30
BABEL,5920925,NA,Valencia,1,1,€ 45,2020/01/17,2020/01/18,0,,30
SWEET HOME,5832435,NA,Valencia,1,1,€ 48,2020/01/17,2020/01/18,0,,30
Apartments Viveros,1069530,NA,Valencia,1,1,NA,2020/01/17,2020/01/18,0,"8,6",30
Rooms Parque Cabecera,5822049,NA,Valencia,1,1,€ 50,2020/01/17,2020/01/18,0,,30
Habitacion doble en piso compartido,5645604,NA,Valencia,1,1,€ 51,2020/01/17,2020/01/18,0,,30
Loft Valencia,5821610,NA,Valencia,1,1,€ 52,2020/01/17,2020/01/18,0,,30
Comoda habitacion,5695905,NA,Valencia,1,1,€ 53,2020/01/17,2020/01/18,0,,30
Ciudad de Las Artes,5681064,NA,Valencia,1,1,€ 55,2020/01/17,2020/01/18,0,,30
vosotros sereis parte de mi familia.,5299568,NA,Valencia,1,1,€ 60,2020/01/17,2020/01/18,0,,30
B&B Almirante,369695,NA,Valencia,1,1,NA,2020/01/17,2020/01/18,1,"8,8",30
Plaza Sainetero 5,3148458,NA,Valencia,1,1,€ 91,2020/01/17,2020/01/18,0,"7,7",30
Valero Vintage,3315727,NA,Valencia,1,1,€ 92,2020/01/17,2020/01/18,0,"7,8",30
YOU & CO Quart Boutique,5213598,NA,Valencia,1,1,€ 70,2020/01/17,2020/01/18,3,,30
Apartment Madrina Suites,5791814,NA,Valencia,1,1,€ 78,2020/01/17,2020/01/18,0,,30
COZY & MODERN Apartment next to Metro A. Guimerá,5516886,NA,Valencia,1,1,€ 79,2020/01/17,2020/01/18,0,,30
Minimalist room with balcony.FREE bikes & coffee 1,5776697,NA,Valencia,1,1,€ 79,2020/01/17,2020/01/18,0,,30
Friendly Rentals Boyvin,1923141,NA,Valencia,1,1,NA,2020/01/17,2020/01/18,0,"9,2",30
Apartamentos Catedral,2358858,NA,Valencia,1,1,€ 95,2020/01/17,2020/01/18,0,"7,7",30
Apartment Florista,2150187,NA,Valencia,1,1,€ 108,2020/01/17,2020/01/18,0,"7,9",30
Loft Turia Gran,5133726,NA,Valencia,1,1,€ 80,2020/01/17,2020/01/18,0,,30
Hotel Neptuno,91206,NA,Valencia,1,1,€ 108,2020/01/17,2020/01/18,4,"8,5",30
Friendly Rentals Gala,1634252,NA,Valencia,1,1,€ 110,2020/01/17,2020/01/18,0,"8,8",30
Apartamento Calle Lorca,2111733,NA,Valencia,1,1,NA,2020/01/17,2020/01/18,0,"9,3",30
Friendly Rentals Soler,1634237,NA,Valencia,1,1,€ 110,2020/01/17,2020/01/18,0,"8,7",30
Apartments Plaza Ayuntamiento,3506736,NA,Valencia,1,1,€ 115,2020/01/17,2020/01/18,0,"8,6",30
Hotel Mediterraneo Valencia,92412,NA,Valencia,1,1,€ 117,2020/01/17,2020/01/18,3,"8,9",30
Vincci Palace,94163,NA,Valencia,1,1,€ 119,2020/01/17,2020/01/18,4,"8,7",30
Mar & City Apartment,3456759,NA,Valencia,1,1,€ 120,2020/01/17,2020/01/18,0,"8,9",30
Kirei Apartment Dublin,4639542,NA,Valencia,1,1,€ 112,2020/01/17,2020/01/18,0,"7,8",30
STYLISH APARTMENT - CITY CENTER,2861517,NA,Valencia,1,1,€ 117,2020/01/17,2020/01/18,0,"7,8",30
Friendly Rentals Danna,1634254,NA,Valencia,1,1,€ 125,2020/01/17,2020/01/18,0,"7,9",30
Friendly Rentals Strauss,1634236,NA,Valencia,1,1,€ 120,2020/01/17,2020/01/18,0,"8,6",30
Flatsforyou Carmen,593824,NA,Valencia,1,1,NA,2020/01/17,2020/01/18,0,"9,1",30
Apartamentos Valencia - Brazil 31 Free WiFi,4948554,NA,Valencia,1,1,€ 125,2020/01/17,2020/01/18,0,"8,5",30
Vincci Lys,91183,NA,Valencia,1,1,€ 129,2020/01/17,2020/01/18,4,"8,9",30
Duplex en Blasco Ibáñez,3672426,NA,Valencia,1,1,€ 130,2020/01/17,2020/01/18,0,"8,9",30
Apartamento 2 en Villa Oliva Tossal Gros,3083529,NA,Valencia,1,1,€ 130,2020/01/17,2020/01/18,0,"8,8",30
ValentiaApartments - MercadoCentral,4185241,NA,Valencia,1,1,€ 133,2020/01/17,2020/01/18,0,"8,8",30
El 16 Ruzafa,865461,NA,Valencia,1,1,€ 139,2020/01/17,2020/01/18,0,"7,7",30
SingularStays Plaza Redonda,1551343,NA,Valencia,1,1,NA,2020/01/17,2020/01/18,0,"9,1",30
Malvarrosa Calle Pavia,3608764,NA,Valencia,1,1,€ 195,2020/01/17,2020/01/18,0,"7,7",30
Select Home Town Hall,1648016,NA,Valencia,1,1,€ 195,2020/01/17,2020/01/18,0,"7,5",30
SH Valencia Palace,91497,NA,Valencia,1,1,€ 135,2020/01/17,2020/01/18,5,"8,6",30
Teixidors de Palomar,2639791,NA,Valencia,1,1,NA,2020/01/17,2020/01/18,0,"9,3",30
Welcome Apartamentos Pintor Stolz 31 Valencia,5019066,NA,Valencia,1,1,€ 138,2020/01/17,2020/01/18,0,"8,9",30
Cathedral Suites Hotel,1736257,NA,Valencia,1,1,€ 139,2020/01/17,2020/01/18,4,"8,9",30
Hospes Palau de La Mar,93823,NA,Valencia,1,1,€ 140,2020/01/17,2020/01/18,5,"8,8",30
Flatsforyou Sorolla House,403442,NA,Valencia,1,1,€ 140,2020/01/17,2020/01/18,0,"8,6",30
Apartamento Gran Vía Marqués del Turia,2358973,NA,Valencia,1,1,€ 140,2020/01/17,2020/01/18,0,"8,6",30
MD Abastos Center,2551194,NA,Valencia,1,1,€ 231,2020/01/17,2020/01/18,0,"7,9",30
Musico Peydro Apartments,3765069,NA,Valencia,1,1,€ 267,2020/01/17,2020/01/18,0,"7,9",30
Edificio Pentagono,4673669,NA,Valencia,1,1,€ 150,2020/01/17,2020/01/18,0,"8,9",30
Casa alta del mar,2542826,NA,Valencia,1,1,NA,2020/01/17,2020/01/18,0,"9,1",30
The Westin Valencia,93321,NA,Valencia,1,1,€ 153,2020/01/17,2020/01/18,5,"8,7",30
Ilunion Aqua 4,92777,NA,Valencia,1,1,€ 161,2020/01/17,2020/01/18,4,"8,5",30
Carrera Luxury,388247,NA,Valencia,1,1,€ 170,2020/01/17,2020/01/18,0,"8,7",30
Enjoy Flat Valencia,3991548,NA,Valencia,1,1,€ 175,2020/01/17,2020/01/18,0,"8,6",30
Puerta de Serranos,2734333,NA,Valencia,1,1,€ 175,2020/01/17,2020/01/18,0,"8,9",30
Estrella de russafa,5352439,NA,Valencia,1,1,€ 50,2020/01/17,2020/01/18,0,"8,9",30
Hotel Olympia Universidades,1301731,NA,Valencia,1,1,€ 50,2020/01/17,2020/01/18,3,"8,5",30
MD Art Apartment Ruzafa,2550955,NA,Valencia,1,1,€ 267,2020/01/17,2020/01/18,0,"7,8",30
MD Benlliure Beach.,1957258,NA,Valencia,1,1,€ 287,2020/01/17,2020/01/18,0,"7,8",30
Flatsforyou Marina,1793012,NA,Valencia,1,1,NA,2020/01/17,2020/01/18,0,"8,6",30
Pensión Universal,304276,NA,Valencia,1,1,€ 32,2020/01/17,2020/01/18,0,"7,9",30
Colors Rooms,675839,NA,Valencia,1,1,NA,2020/01/17,2020/01/18,0,"9,5",30
Home Youth Hostel by Feetup Hostels,189322,NA,Valencia,1,1,€ 51,2020/01/17,2020/01/18,0,"8,8",30
Pio XII Apartments Valencia,402080,NA,Valencia,1,1,€ 52,2020/01/17,2020/01/18,0,"8,6",30
Apartamentos Plaza Picasso,97063,NA,Valencia,1,1,€ 54,2020/01/17,2020/01/18,0,"8,5",30
Zalamera BnB,1331238,NA,Valencia,1,1,€ 55,2020/01/17,2020/01/18,0,"8,7",30
Hotel Malcom and Barret,483261,NA,Valencia,1,1,€ 55,2020/01/17,2020/01/18,3,"8,7",30
Comfort Homestay,5423155,NA,Valencia,1,1,€ 57,2020/01/17,2020/01/18,0,"8,7",30
ÁTICO PTA 13 EN EL CENTRO DE VALENCIA VT-45727-T,4612077,NA,Valencia,1,1,NA,2020/01/17,2020/01/18,0,"9,5",30
Valenciaflats Torres de Serrano,17468,NA,Valencia,1,1,€ 57,2020/01/17,2020/01/18,0,"8,5",30
Estrella de valencia,5804852,NA,Valencia,1,1,€ 28,2020/01/17,2020/01/18,0,"8,7",30
Habitación Céntrica en Casa de Familia,4289877,NA,Valencia,1,1,€ 34,2020/01/17,2020/01/18,0,"7,8",30
COZY APARTMENT VALENCIA CITY CENTER!,4886758,NA,Valencia,1,1,NA,2020/01/17,2020/01/18,0,"9,1",30
Habitacion por dias Centro Valencia,3977106,NA,Valencia,1,1,€ 37,2020/01/17,2020/01/18,0,"7,7",30
MD Oliag I Apartment Ruzafa,2867488,NA,Valencia,1,1,€ 317,2020/01/17,2020/01/18,0,"7,6",30
MD Pelayo with terrace,1979067,NA,Valencia,1,1,€ 387,2020/01/17,2020/01/18,0,"7,7",30
Apartment Plaza de la Merced,3457190,NA,Valencia,1,1,€ 470,2020/01/17,2020/01/18,0,"7,9",30
Habitacion Apartamento soleado Plaza Escultor Frechina,4865043,NA,Valencia,1,1,€ 38,2020/01/17,2020/01/18,0,"7,7",30
Hostal On Dormire Valencia,432305,NA,Valencia,1,1,€ 40,2020/01/17,2020/01/18,0,"7,8",30
Casual Civilizaciones Valencia,449777,NA,Valencia,1,1,€ 40,2020/01/17,2020/01/18,0,"7,9",30
Habitación San Cayetano,4624401,NA,Valencia,1,1,€ 43,2020/01/17,2020/01/18,0,"7,5",30
Masatepe Room Valencia,5687127,NA,Valencia,1,1,€ 24,2020/01/17,2020/01/18,0,"7,3",30
Guest House Samuel Ros,4161855,NA,Valencia,1,1,€ 25,2020/01/17,2020/01/18,0,"7,2",30
Hostal Waksman,281139,NA,Valencia,1,1,€ 30,2020/01/17,2020/01/18,1,"7,4",30
Buho House,3777691,NA,Valencia,1,1,NA,2020/01/17,2020/01/18,0,"8,5",30
Hulot B&B Valencia,585429,NA,Valencia,1,1,€ 58,2020/01/17,2020/01/18,0,"8,5",30
Russafa Youth Hostel,345134,NA,Valencia,1,1,€ 58,2020/01/17,2020/01/18,0,"8,6",30
UNIK. Apartments Valencia,2241282,NA,Valencia,1,1,€ 58,2020/01/17,2020/01/18,0,"8,5",30
Rooms Valencia Center,5507857,NA,Valencia,1,1,€ 44,2020/01/17,2020/01/18,0,"7,9",30
City Garden Bed and Breakfast,2204361,NA,Valencia,1,1,NA,2020/01/17,2020/01/18,0,"9,3",30
Hostal Moratin,326015,NA,Valencia,1,1,€ 44,2020/01/17,2020/01/18,1,"7,8",30
Hospederia del Pilar,327766,NA,Valencia,1,1,€ 45,2020/01/17,2020/01/18,0,"7,9",30
Original Domino House,5434091,NA,Valencia,1,1,€ 59,2020/01/17,2020/01/18,0,"8,7",30
Piso en La Ciudad de Artes,3832790,NA,Valencia,1,1,NA,2020/01/17,2020/01/18,0,"9,6",30
Hotel Kramer,91106,NA,Valencia,1,1,€ 61,2020/01/17,2020/01/18,3,"8,8",30
Blanq Comedias,4922002,NA,Valencia,1,1,€ 63,2020/01/17,2020/01/18,0,"8,9",30
Voyagers Inn Homestay,2682156,NA,Valencia,1,1,€ 45,2020/01/17,2020/01/18,0,"7,7",30
Holiday Inn Express Ciudad de las Ciencias,96737,NA,Valencia,1,1,€ 45,2020/01/17,2020/01/18,3,"7,9",30
València Centre Torres de Quart,886289,NA,Valencia,1,1,€ 64,2020/01/17,2020/01/18,0,"8,9",30
Reina Rooms,4211140,NA,Valencia,1,1,€ 64,2020/01/17,2020/01/18,0,"8,9",30
Zen House,3671621,NA,Valencia,1,1,€ 38,2020/01/17,2020/01/18,0,"7,1",30
HOSPEDAJE PESET,4718074,NA,Valencia,1,1,€ 38,2020/01/17,2020/01/18,0,"7,4",30
Hotel Beleret,94652,NA,Valencia,1,1,€ 47,2020/01/17,2020/01/18,3,"7,7",30
Expo Hotel Valencia,91223,NA,Valencia,1,1,€ 47,2020/01/17,2020/01/18,3,"7,6",30
OYO Pensión El Rincón,476031,NA,Valencia,1,1,€ 44,2020/01/17,2020/01/18,1,"7,4",30
NWT Central Station Valencia,1647017,NA,Valencia,1,1,€ 49,2020/01/17,2020/01/18,0,"7,1",30
A Casa Martínez,5878377,NA,Valencia,1,1,€ 83,2020/01/17,2020/01/18,0,10,30
PLAYA POBLA DE FARNALS,5508533,NA,Valencia,1,1,€ 42,2020/01/17,2020/01/18,0,"9,7",30
SingularStays Gulliver,5480177,NA,Valencia,1,1,NA,2020/01/17,2020/01/18,0,"9,4",30
Ilunion Valencia 3,92818,NA,Valencia,1,1,€ 47,2020/01/17,2020/01/18,3,"7,9",30
Sampedor Apartment,435662,NA,Valencia,1,1,€ 49,2020/01/17,2020/01/18,0,"7,1",30
Apartamento Frederick “Centrico y con Clase”,4236394,NA,Valencia,1,1,NA,2020/01/17,2020/01/18,0,"9,6",30
Loft Valencia,5821610,NA,Valencia,1,1,€ 49,2020/01/17,2020/01/18,0,"9,6",30
Cabanyal Apartments Beach,5402234,NA,Valencia,1,1,€ 53,2020/01/17,2020/01/18,0,"9,8",30
Ad Hoc Carmen,1173270,NA,Valencia,1,1,€ 66,2020/01/17,2020/01/18,2,"8,9",30
València Centre Túria,2185255,NA,Valencia,1,1,€ 66,2020/01/17,2020/01/18,0,"8,8",30
Cabanyal Apartment con patio,4323384,NA,Valencia,1,1,NA,2020/01/17,2020/01/18,0,"9,7",30
ABCyou Bed&Breakfast,189207,NA,Valencia,1,1,€ 66,2020/01/17,2020/01/18,0,"8,5",30
Valencia City Host,1177077,NA,Valencia,1,1,€ 48,2020/01/17,2020/01/18,0,"7,7",30
Playa de El Saler,4687003,NA,Valencia,1,1,€ 48,2020/01/17,2020/01/18,0,"7,6",30
Hotel Turia,14441,NA,Valencia,1,1,€ 50,2020/01/17,2020/01/18,4,"7,5",30
Cosy Rooms Tapinería,371192,NA,Valencia,1,1,€ 50,2020/01/17,2020/01/18,2,"7,5",30
B&B Hotel Valencia Ciudad de las Ciencias,92242,NA,Valencia,1,1,€ 53,2020/01/17,2020/01/18,3,"7,5",30
Musico Flat III,2985869,NA,Valencia,1,1,NA,2020/01/17,2020/01/18,0,"9,1",30
ABCyou Bed&Breakfast,189207,NA,Valencia,1,1,€ 66,2020/01/17,2020/01/18,0,"8,5",30
LOFT apartamento duplex en Valencia con parking gratis,5519008,NA,Valencia,1,1,€ 61,2020/01/17,2020/01/18,0,"9,8",30
HoGraFic,5739228,NA,Valencia,1,1,€ 65,2020/01/17,2020/01/18,2,"9,5",30
Apartment Madrina Suites,5791814,NA,Valencia,1,1,€ 73,2020/01/17,2020/01/18,0,"9,8",30
Casa del Patriarca,364834,NA,Valencia,1,1,€ 66,2020/01/17,2020/01/18,0,"8,9",30
One Shot Colón 46,1394168,NA,Valencia,1,1,€ 67,2020/01/17,2020/01/18,3,"8,7",30
The River Hostel,494202,NA,Valencia,1,1,€ 68,2020/01/17,2020/01/18,0,"8,5",30
Casa del Patriarca,364834,NA,Valencia,1,1,€ 66,2020/01/17,2020/01/18,0,"8,9",30
Apartamento en la Ciudad de las Artes y las Ciencias,3552283,NA,Valencia,1,1,NA,2020/01/17,2020/01/18,0,"9,3",30
One Shot Colón 46,1394168,NA,Valencia,1,1,€ 67,2020/01/17,2020/01/18,3,"8,7",30
The River Hostel,494202,NA,Valencia,1,1,€ 68,2020/01/17,2020/01/18,0,"8,5",30
Casual de la Música Valencia,273130,NA,Valencia,1,1,€ 53,2020/01/17,2020/01/18,2,"7,5",30
Valencia Lounge Hostel,337203,NA,Valencia,1,1,€ 57,2020/01/17,2020/01/18,0,"7,7",30
Room in apartment,3701648,NA,Valencia,1,1,€ 58,2020/01/17,2020/01/18,0,"7,8",30
Hostal Bisbal,235665,NA,Valencia,1,1,€ 58,2020/01/17,2020/01/18,1,"7,6",30
Valenciaflats Centro Histórico,94781,NA,Valencia,1,1,€ 69,2020/01/17,2020/01/18,0,"8,7",30
Jardín Botánico Hotel Boutique,93369,NA,Valencia,1,1,€ 70,2020/01/17,2020/01/18,3,"8,9",30
Sercotel Sorolla Palace,93646,NA,Valencia,1,1,€ 71,2020/01/17,2020/01/18,4,"8,6",30
Checkin Valencia,93743,NA,Valencia,1,1,€ 59,2020/01/17,2020/01/18,4,"7,8",30
Bubuflats Bubu 3,1014334,NA,Valencia,1,1,€ 75,2020/01/17,2020/01/18,0,"9,5",30
Ambrosio Flats Valencia - El Mercat,3131649,NA,Valencia,1,1,NA,2020/01/17,2020/01/18,0,"9,5",30
Opera House Valencia B&B,3533887,NA,Valencia,1,1,€ 76,2020/01/17,2020/01/18,0,"9,5",30
Valenciaflats Centro Histórico,94781,NA,Valencia,1,1,€ 69,2020/01/17,2020/01/18,0,"8,7",30
Ramirez Flats & Bar,4124528,NA,Valencia,1,1,€ 77,2020/01/17,2020/01/18,0,"9,5",30
Ciudad Ciencias- Lujo- Parking- Wi-Fi.,4999636,NA,Valencia,1,1,€ 94,2020/01/17,2020/01/18,0,"9,7",30
Hotel Cosmo,4838858,NA,Valencia,1,1,€ 98,2020/01/17,2020/01/18,3,"9,6",30
Boutique Creative Rooms,2334726,NA,Valencia,1,1,€ 71,2020/01/17,2020/01/18,0,"8,8",30
Apartamentos Edificio Palomar,189277,NA,Valencia,1,1,NA,2020/01/17,2020/01/18,0,"9,2",30
Apartamento Rosaleda,3014201,NA,Valencia,1,1,€ 73,2020/01/17,2020/01/18,0,"8,9",30
Apartaments San Pio V,2456151,NA,Valencia,1,1,€ 75,2020/01/17,2020/01/18,0,"8,8",30
Olympia Flats,4212801,NA,Valencia,1,1,€ 52,2020/01/17,2020/01/18,0,"9,7",30
ÁTICO EN EL CENTRO DE VALENCIA VT-45939-T,4752815,NA,Valencia,1,1,€ 106,2020/01/17,2020/01/18,0,"9,5",30
BONNIES Suites & Spa Valencia,3631910,NA,Valencia,1,1,NA,2020/01/17,2020/01/18,0,"9,8",30
Apartment Cisneros 2,2361375,NA,Valencia,1,1,€ 122,2020/01/17,2020/01/18,0,"9,7",30
RUZAFA- CENTRO-A/C- WI-FI- PARKING,2885994,NA,Valencia,1,1,€ 134,2020/01/17,2020/01/18,0,"9,7",30
Disfruta - Enjoy Valencia Oceanografic,4121345,NA,Valencia,1,1,€ 153,2020/01/17,2020/01/18,0,"9,6",30
Palacio Vallier 5*,4639648,NA,Valencia,1,1,€ 155,2020/01/17,2020/01/18,5,"9,5",30
Disfruta - Enjoy Valencia Ayuntamiento,4901194,NA,Valencia,1,1,€ 158,2020/01/17,2020/01/18,0,"9,6",30
Disfruta - Enjoy Valencia Ruzafa,3890328,NA,Valencia,1,1,€ 162,2020/01/17,2020/01/18,0,"9,6",30
Valencia maritimo,3020748,NA,Valencia,1,1,€ 75,2020/01/17,2020/01/18,0,"8,9",30
Ad Hoc Monumental,90719,NA,Valencia,1,1,€ 76,2020/01/17,2020/01/18,3,"8,6",30
Petit Palace Ruzafa,90792,NA,Valencia,1,1,€ 77,2020/01/17,2020/01/18,3,"8,7",30
Apartments Downtown Valencia,2250421,NA,Valencia,1,1,NA,2020/01/17,2020/01/18,0,"9,6",30
Casa Calle Conquista,4691493,NA,Valencia,1,1,€ 168,2020/01/17,2020/01/18,0,"9,5",30
Disfruta - Enjoy Valencia Centre,3881970,NA,Valencia,1,1,€ 171,2020/01/17,2020/01/18,0,"9,8",30
Hotel Valencia Oceanic Managed by Melia Hotels International,91522,NA,Valencia,1,1,€ 77,2020/01/17,2020/01/18,4,"8,6",30
Piso céntrico Plaza Toros,2961063,NA,Valencia,1,1,NA,2020/01/17,2020/01/18,0,"9,2",30
Apartments Madrina,3278589,NA,Valencia,1,1,€ 79,2020/01/17,2020/01/18,0,"8,9",30
Cantagua Hostel,4074640,NA,Valencia,1,1,€ 28,2020/01/17,2020/01/18,0,"9,1",30
Habitación en piso compartido,5433175,NA,Valencia,1,1,€ 38,2020/01/17,2020/01/18,0,9,30
Lindala,5250762,NA,Valencia,1,1,€ 54,2020/01/17,2020/01/18,0,"9,2",30
Soho Valencia,1538641,NA,Valencia,1,1,€ 79,2020/01/17,2020/01/18,0,"8,9",30
Melia Valencia,290493,NA,Valencia,1,1,€ 79,2020/01/17,2020/01/18,4,"8,8",30
Turia Burjassot 12,3237353,NA,Valencia,1,1,€ 80,2020/01/17,2020/01/18,0,"8,9",30
15 Avinguda Mare Nostrum,4518973,NA,Valencia,1,1,€ 115,2020/01/17,2020/01/18,0,9,30
MARQUÉS HOUSE 4* SUP,2118880,NA,Valencia,1,1,€ 115,2020/01/17,2020/01/18,4,"9,4",30
Apartments Torres de Serranos Valencia,1099602,NA,Valencia,1,1,NA,2020/01/17,2020/01/18,0,"9,7",30
Vincci Mercat,1279484,NA,Valencia,1,1,€ 119,2020/01/17,2020/01/18,4,9,30
Kasa Katia Eco Guest House,636256,NA,Valencia,1,1,€ 121,2020/01/17,2020/01/18,0,"9,3",30
Apartamento en el centro de Valencia,4709659,NA,Valencia,1,1,€ 125,2020/01/17,2020/01/18,0,9,30
BUBUFLATS / Mercat,783206,NA,Valencia,1,1,€ 80,2020/01/17,2020/01/18,0,"8,9",30
MODERNO Y ACOGEDOR FRENTE A RUZAFA Y CERCA DEL CENTRO,4490444,NA,Valencia,1,1,€ 80,2020/01/17,2020/01/18,0,"8,6",30
Luxury Center Plaza Redonda,5138960,NA,Valencia,1,1,NA,2020/01/17,2020/01/18,0,"9,4",30
Live in Chianti Apartaments,2882632,NA,Valencia,1,1,€ 125,2020/01/17,2020/01/18,0,9,30
Loft zona Pechina en Valencia centro,2524985,NA,Valencia,1,1,€ 131,2020/01/17,2020/01/18,0,"9,1",30
Mon Suites San Martin,2777545,NA,Valencia,1,1,€ 134,2020/01/17,2020/01/18,0,"9,4",30
OCEANOGRAFIC APARTMENT. PARKING. WI-FI,3107716,NA,Valencia,1,1,€ 85,2020/01/17,2020/01/18,0,9,30
APARTAMENTO CENTRICO. WI-FI. PARKING,2967593,NA,Valencia,1,1,€ 85,2020/01/17,2020/01/18,0,"9,1",30
BUBUFLATS Mossén,1141763,NA,Valencia,1,1,€ 80,2020/01/17,2020/01/18,0,"8,8",30
Hi Valencia Cánovas,4312120,NA,Valencia,1,1,€ 81,2020/01/17,2020/01/18,0,"8,8",30
Hotel Dimar,90886,NA,Valencia,1,1,€ 81,2020/01/17,2020/01/18,4,"8,7",30
Hotel San Lorenzo Boutique,1307718,NA,Valencia,1,1,€ 81,2020/01/17,2020/01/18,3,"8,6",30
Apartment Sofi,2830696,NA,Valencia,1,1,NA,2020/01/17,2020/01/18,0,"9,7",30
Apartamento cerca Ciudad de las Ciencias con WIFI,3070842,NA,Valencia,1,1,€ 134,2020/01/17,2020/01/18,0,"9,4",30
Sweet Caroline Apartment,1811784,NA,Valencia,1,1,€ 141,2020/01/17,2020/01/18,0,"9,2",30
Lounge by the sea,4756780,NA,Valencia,1,1,NA,2020/01/17,2020/01/18,0,"9,8",30
Dama Del Puerto,3230781,NA,Valencia,1,1,€ 85,2020/01/17,2020/01/18,0,"9,1",30
Habitación doble,3599930,NA,Valencia,1,1,€ 85,2020/01/17,2020/01/18,0,9,30
B BEACH VALENCIA,5125954,NA,Valencia,1,1,€ 141,2020/01/17,2020/01/18,0,9,30
Las Arenas Balneario Resort,91144,NA,Valencia,1,1,€ 144,2020/01/17,2020/01/18,5,9,30
Palacio de Rojas,1073276,NA,Valencia,1,1,€ 152,2020/01/17,2020/01/18,0,"9,3",30
Hotel El Siglo,1741479,NA,Valencia,1,1,€ 82,2020/01/17,2020/01/18,3,"8,5",30
apartamento las torres-botanico,4694090,NA,Valencia,1,1,€ 88,2020/01/17,2020/01/18,0,9,30
Mon Suites Catedral,485679,NA,Valencia,1,1,€ 88,2020/01/17,2020/01/18,0,"9,2",30
Apartments Abate 4,2848648,NA,Valencia,1,1,€ 89,2020/01/17,2020/01/18,0,"9,1",30
Piso como en tu casa 2,3834617,NA,Valencia,1,1,€ 89,2020/01/17,2020/01/18,0,"9,1",30
Mediterranean Flats Plaza Redonda,4086496,NA,Valencia,1,1,€ 153,2020/01/17,2020/01/18,0,"9,2",30
Moderno Apartamento En Centro Ciudad,2181356,NA,Valencia,1,1,NA,2020/01/17,2020/01/18,0,"9,5",30
MYR Hotel Plaza Mercado & Spa,1619029,NA,Valencia,1,1,€ 153,2020/01/17,2020/01/18,3,"9,2",30
Apartamento Bolseria 28,881275,NA,Valencia,1,1,NA,2020/01/17,2020/01/18,0,"9,5",30
MD Design Hotel - Portal del Real,2391685,NA,Valencia,1,1,€ 90,2020/01/17,2020/01/18,2,"9,1",30
Hotel Valencia Alameda 41,4019381,NA,Valencia,1,1,€ 90,2020/01/17,2020/01/18,4,"9,1",30
Apartamentos El Olivo,1985143,NA,Valencia,1,1,€ 90,2020/01/17,2020/01/18,0,"9,3",30
Loft Superior el Carmen,2784473,NA,Valencia,1,1,€ 187,2020/01/17,2020/01/18,0,"9,3",30
Caro Hotel,348132,NA,Valencia,1,1,€ 189,2020/01/17,2020/01/18,5,"9,2",30
APARTAMENTO CENTRO- RUZAFA. WI-FI. PARKING,3144104,NA,Valencia,1,1,€ 95,2020/01/17,2020/01/18,0,"9,3",30
HQ Rooms Apartments San Vicente,2894429,NA,Valencia,1,1,€ 98,2020/01/17,2020/01/18,0,"9,2",30
Ca Carmela,2466364,NA,Valencia,1,1,€ 250,2020/01/17,2020/01/18,0,"9,1",30
Rosa del mar2,4259814,NA,Valencia,1,1,€ 263,2020/01/17,2020/01/18,0,"9,2",30
MD Julio Antonio Apartment Center,3961049,NA,Valencia,1,1,€ 275,2020/01/17,2020/01/18,0,"9,1",30
Ambrosio Flats Valencia - El Carmen,2401127,NA,Valencia,1,1,NA,2020/01/17,2020/01/18,0,"9,5",30
One Shot Mercat 09,2274203,NA,Valencia,1,1,€ 98,2020/01/17,2020/01/18,4,"9,1",30
APARTAMENTO DE DISEÑO EN PLAZA MANISES,2823390,NA,Valencia,1,1,NA,2020/01/17,2020/01/18,0,"9,7",30
Calle de Frederica Montseny 'Política' Casa o chalet,5152866,NA,Valencia,1,1,€ 98,2020/01/17,2020/01/18,0,"9,3",30
Old Fisherman's House in Malvarrosa Beach,3618172,NA,Valencia,1,1,€ 406,2020/01/17,2020/01/18,0,"9,4",30
Art&Flats Bed&Breakfast,5238345,NA,Valencia,1,1,€ 30,2020/01/17,2020/01/18,0,"8,8",30
Quart Youth Hostel,476418,NA,Valencia,1,1,€ 31,2020/01/17,2020/01/18,0,"8,6",30
Carrer de l'Arquitecte Alfaro 27 bajo derecha,4353398,NA,Valencia,1,1,€ 98,2020/01/17,2020/01/18,0,"9,3",30
"Piso ""Como en tu casa""",2689136,NA,Valencia,1,1,€ 100,2020/01/17,2020/01/18,0,"9,2",30
Citizentral Juristas,1113127,NA,Valencia,1,1,€ 100,2020/01/17,2020/01/18,0,"9,2",30
Rest room Evi,5710566,NA,Valencia,1,1,€ 32,2020/01/17,2020/01/18,0,"8,9",30
Homestay Carrer Sagun,5006434,NA,Valencia,1,1,€ 37,2020/01/17,2020/01/18,0,"8,8",30
Forn desamparats,2380447,NA,Valencia,1,1,€ 100,2020/01/17,2020/01/18,0,"9,4",30
Olvida tu Reloj Montichelvo Apartment,3258095,NA,Valencia,1,1,€ 101,2020/01/17,2020/01/18,0,"9,4",30
Centro en Valencia,2885222,NA,Valencia,1,1,NA,2020/01/17,2020/01/18,0,"9,5",30
Olvida tu Reloj Congresos Apartment,2448036,NA,Valencia,1,1,€ 102,2020/01/17,2020/01/18,0,"9,2",30
Apartamentos La más Bonita,2816245,NA,Valencia,1,1,€ 103,2020/01/17,2020/01/18,0,9,30
Apartamento centro frente a Torres de Serrano,3408067,NA,Valencia,1,1,€ 105,2020/01/17,2020/01/18,0,"9,3",30
Friendly Rentals Torrealba,1634243,NA,Valencia,1,1,€ 113,2020/01/17,2020/01/18,0,"9,3",30
NH Collection Colón Valencia,3828811,NA,Valencia,1,1,€ 114,2020/01/17,2020/01/18,4,"9,1",30
