name,propertyId,propertyType,city,rooms,days,price,checkIn,checkOut,stars,score,advance
Jero Rooms,296743,NA,Valencia,1,1,€ 66,2020/03/09,2020/03/10,0,"7,7",90
Carrer de María Montessori,3272386,NA,Valencia,1,1,€ 96,2020/03/09,2020/03/10,0,"8,2",90
Ilunion Aqua 3,92776,NA,Valencia,1,1,€ 99,2020/03/09,2020/03/10,3,"8,3",90
Flats Friends Nave,2861620,NA,Valencia,1,1,NA,2020/03/09,2020/03/10,0,"8,4",90
Old Town Flats Casa Burguerini,4552106,NA,Valencia,1,1,€ 101,2020/03/09,2020/03/10,0,"8,3",90
Style Apartment Patacona Beach,3233099,NA,Valencia,1,1,€ 67,2020/03/09,2020/03/10,0,"7,7",90
SingularStays Marina,4684419,NA,Valencia,1,1,NA,2020/03/09,2020/03/10,0,"8,4",90
Cosy Rooms Tapinería,371192,NA,Valencia,1,1,€ 68,2020/03/09,2020/03/10,2,"7,5",90
El 16 Ruzafa,865461,NA,Valencia,1,1,€ 69,2020/03/09,2020/03/10,0,"7,7",90
Hotel Turia,14441,NA,Valencia,1,1,€ 80,2020/03/09,2020/03/10,4,"7,5",90
Expo Hotel Valencia,91223,NA,Valencia,1,1,€ 80,2020/03/09,2020/03/10,3,"7,6",90
Oceanográfico Apartments & Spa,324918,NA,Valencia,1,1,€ 87,2020/03/09,2020/03/10,0,"7,5",90
Holiday Inn Express Ciudad de las Ciencias,96737,NA,Valencia,1,1,€ 87,2020/03/09,2020/03/10,3,"7,9",90
Living Valencia - Patacona Beach 40,4049287,NA,Valencia,1,1,NA,2020/03/09,2020/03/10,0,"8,1",90
Checkin Valencia,93743,NA,Valencia,1,1,€ 89,2020/03/09,2020/03/10,4,"7,8",90
City Center Apartments,4426057,NA,Valencia,1,1,€ 90,2020/03/09,2020/03/10,0,"7,8",90
Plaza Sainetero 5,3148458,NA,Valencia,1,1,€ 93,2020/03/09,2020/03/10,0,"7,7",90
Apartamento Angel Alcazar 35,2174625,NA,Valencia,1,1,€ 100,2020/03/09,2020/03/10,0,"7,5",90
Apartment Florista,2150187,NA,Valencia,1,1,€ 110,2020/03/09,2020/03/10,0,"7,9",90
Suites by Eric Olsan (Peset),4726296,NA,Valencia,1,1,€ 122,2020/03/09,2020/03/10,0,"7,5",90
Living Valencia - Corregeria,3972561,NA,Valencia,1,1,NA,2020/03/09,2020/03/10,0,"8,1",90
Ruzafa Rooms,2891693,NA,Valencia,1,1,€ 50,2020/03/09,2020/03/10,0,"6,9",90
Malvarrosa Beach Rooms,314048,NA,Valencia,1,1,€ 55,2020/03/09,2020/03/10,2,"6,9",90
Total Valencia Ave Leisure & Culture,897238,NA,Valencia,1,1,NA,2020/03/09,2020/03/10,0,"8,3",90
Habitación en Colon,2246576,NA,Valencia,1,1,€ 90,2020/03/09,2020/03/10,0,"6,6",90
Casual de las Artes Valencia,538056,NA,Valencia,1,1,€ 102,2020/03/09,2020/03/10,3,"8,4",90
NH Valencia Las Ciencias,90725,NA,Valencia,1,1,€ 106,2020/03/09,2020/03/10,3,8,90
Friendly Rentals Puerto Deportivo,2317861,NA,Valencia,1,1,€ 110,2020/03/09,2020/03/10,0,"8,2",90
Friendly Rentals ABC,3656596,NA,Valencia,1,1,€ 115,2020/03/09,2020/03/10,0,"8,2",90
Casita Esmeralda,2040126,NA,Valencia,1,1,€ 134,2020/03/09,2020/03/10,0,"6,5",90
MD Villalonga Malvarosa Beach,3739661,NA,Valencia,1,1,€ 530,2020/03/09,2020/03/10,0,"6,7",90
Hogar Dulce Hogar,5426607,NA,Valencia,1,1,€ 60,2020/03/09,2020/03/10,0,6,90
Apartament Cura Femenia,2010355,NA,Valencia,1,1,€ 140,2020/03/09,2020/03/10,0,"9,3",90
Hi Valencia Apartments - Jorge Juan,2373701,NA,Valencia,1,1,€ 144,2020/03/09,2020/03/10,0,"9,4",90
Suites by Eric Olsan (L),4287413,NA,Valencia,1,1,€ 122,2020/03/09,2020/03/10,0,"7,6",90
Ilunion Valencia 3,92818,NA,Valencia,1,1,€ 123,2020/03/09,2020/03/10,3,"7,9",90
SEA YOU HOTEL PORT VALENCIA,92328,NA,Valencia,1,1,€ 125,2020/03/09,2020/03/10,4,"7,8",90
STYLISH APARTMENT - CITY CENTER,2861517,NA,Valencia,1,1,€ 140,2020/03/09,2020/03/10,0,"7,8",90
Friendly Rentals Danna,1634254,NA,Valencia,1,1,€ 165,2020/03/09,2020/03/10,0,"7,9",90
Select Home Town Hall,1648016,NA,Valencia,1,1,€ 200,2020/03/09,2020/03/10,0,"7,5",90
Acogedor piso completo en el centro de Valencia,4307000,NA,Valencia,1,1,NA,2020/03/09,2020/03/10,0,"8,4",90
MD Abastos Center,2551194,NA,Valencia,1,1,€ 257,2020/03/09,2020/03/10,0,"7,9",90
Malvarrosa Calle Pavia,3608764,NA,Valencia,1,1,€ 271,2020/03/09,2020/03/10,0,"7,7",90
Valero Vintage,3315727,NA,Valencia,1,1,€ 360,2020/03/09,2020/03/10,0,"7,8",90
Musico Peydro Apartments,3765069,NA,Valencia,1,1,€ 367,2020/03/09,2020/03/10,0,"7,9",90
MD Art Apartment Ruzafa,2550955,NA,Valencia,1,1,€ 367,2020/03/09,2020/03/10,0,"7,7",90
Friendly Rentals Pergolesi,1634240,NA,Valencia,1,1,€ 115,2020/03/09,2020/03/10,0,"8,3",90
Quart Silence,2024765,NA,Valencia,1,1,NA,2020/03/09,2020/03/10,0,8,90
APARTAMENTO LAS MELLIZAS,4651578,NA,Valencia,1,1,€ 58,2020/03/09,2020/03/10,0,"8,3",90
Vamos A la Playa,5030500,NA,Valencia,1,1,€ 90,2020/03/09,2020/03/10,0,"6,3",90
Ruzafa Guesthouse,2269176,NA,Valencia,1,1,€ 27,2020/03/09,2020/03/10,0,"5,5",90
Living Valencia Ayuntamiento,1831537,NA,Valencia,1,1,NA,2020/03/09,2020/03/10,0,"7,8",90
Piso cercano al centro ( 5 min BUS),5607299,NA,Valencia,1,1,€ 125,2020/03/09,2020/03/10,0,"5,7",90
Guest House Ruzafa,2324552,NA,Valencia,1,1,€ 32,2020/03/09,2020/03/10,0,5,90
Guest House Torres de Quart,2275006,NA,Valencia,1,1,€ 34,2020/03/09,2020/03/10,0,"5,1",90
Guest House Duc de Gaeta,2275007,NA,Valencia,1,1,€ 32,2020/03/09,2020/03/10,0,"4,9",90
Port of Valencia,3805735,NA,Valencia,1,1,€ 79,2020/03/09,2020/03/10,0,"4,9",90
habitaciones mercat de ruzafa,5881952,NA,Valencia,1,1,€ 80,2020/03/09,2020/03/10,0,"4,3",90
Living Valencia - Cestas,5453512,NA,Valencia,1,1,NA,2020/03/09,2020/03/10,0,"7,6",90
COZY APARTMENT VALENCIA BEACHFRONT!,3128516,NA,Valencia,1,1,NA,2020/03/09,2020/03/10,0,"9,4",90
Duplex en Blasco Ibáñez,3672426,NA,Valencia,1,1,€ 145,2020/03/09,2020/03/10,0,9,90
COZY APARTMENT VALENCIA CITY CENTER!,4886758,NA,Valencia,1,1,€ 149,2020/03/09,2020/03/10,0,"9,1",90
Malvarosa,3820590,NA,Valencia,1,1,€ 190,2020/03/09,2020/03/10,0,"3,8",90
Bright room with trundle bed,5560260,NA,Valencia,1,1,€ 46,2020/03/09,2020/03/10,0,,90
Habitacion doble en piso compartido,5645604,NA,Valencia,1,1,€ 46,2020/03/09,2020/03/10,0,,90
Estrella de valencia,5804852,NA,Valencia,1,1,€ 49,2020/03/09,2020/03/10,0,,90
Sweet Caroline Apartment,1811784,NA,Valencia,1,1,€ 150,2020/03/09,2020/03/10,0,"9,2",90
B BEACH VALENCIA,5125954,NA,Valencia,1,1,€ 150,2020/03/09,2020/03/10,0,9,90
Hotel Conqueridor,91047,NA,Valencia,1,1,€ 117,2020/03/09,2020/03/10,4,"8,3",90
Apartamentos Dormavalencia,4450983,NA,Valencia,1,1,€ 121,2020/03/09,2020/03/10,0,"8,4",90
Flatsforyou Bonaire,455152,NA,Valencia,1,1,€ 125,2020/03/09,2020/03/10,0,"8,4",90
Friendly Rentals Gimenez,1634242,NA,Valencia,1,1,€ 125,2020/03/09,2020/03/10,0,"8,1",90
Apartment in Valencia,2339175,NA,Valencia,1,1,€ 125,2020/03/09,2020/03/10,0,"8,1",90
Reina's Apartment,2130930,NA,Valencia,1,1,NA,2020/03/09,2020/03/10,0,"8,2",90
NH Valencia Center,90727,NA,Valencia,1,1,€ 134,2020/03/09,2020/03/10,4,"8,3",90
Comoda habitacion,5695905,NA,Valencia,1,1,€ 58,2020/03/09,2020/03/10,0,,90
Aladin piso,5823993,NA,Valencia,1,1,€ 59,2020/03/09,2020/03/10,0,,90
SingularStays Botanico29,1635721,NA,Valencia,1,1,NA,2020/03/09,2020/03/10,0,"7,9",90
vosotros sereis parte de mi familia.,5299568,NA,Valencia,1,1,€ 60,2020/03/09,2020/03/10,0,,90
Cabanyal Holidays,5833535,NA,Valencia,1,1,€ 69,2020/03/09,2020/03/10,0,,90
Cabanyal Beach Apartment,5638868,NA,Valencia,1,1,€ 69,2020/03/09,2020/03/10,0,,90
Ciudad de Las Artes,5681064,NA,Valencia,1,1,€ 70,2020/03/09,2020/03/10,0,,90
Treasure Cabanyal,5899802,NA,Valencia,1,1,€ 77,2020/03/09,2020/03/10,0,,90
Friendly Rentals Verdi,1634232,NA,Valencia,1,1,€ 135,2020/03/09,2020/03/10,0,"8,1",90
Friendly Rentals Telemann,1634241,NA,Valencia,1,1,€ 140,2020/03/09,2020/03/10,0,"8,4",90
Friendly rentals Enesco Beach,2526514,NA,Valencia,1,1,€ 145,2020/03/09,2020/03/10,0,"8,1",90
Friendly Rentals Desplat,4120221,NA,Valencia,1,1,€ 145,2020/03/09,2020/03/10,0,"8,4",90
Friendly Rentals Evans,1634220,NA,Valencia,1,1,€ 145,2020/03/09,2020/03/10,0,"8,3",90
Flats Friends Torres Quart,1108908,NA,Valencia,1,1,NA,2020/03/09,2020/03/10,0,"8,1",90
Eurostars Gran Valencia,90484,NA,Valencia,1,1,€ 152,2020/03/09,2020/03/10,4,"8,4",90
Apartments Welcome to Valencia Peset Aleixandre 69,4964856,NA,Valencia,1,1,€ 180,2020/03/09,2020/03/10,0,"8,2",90
Loft el Carmen amazing views,4932621,NA,Valencia,1,1,€ 191,2020/03/09,2020/03/10,0,"8,1",90
Eurostars Acteón,90495,NA,Valencia,1,1,€ 94,2020/03/09,2020/03/10,4,"8,5",90
Hi Valencia Cánovas,4312120,NA,Valencia,1,1,€ 94,2020/03/09,2020/03/10,0,"8,8",90
SingularStays Plaza del Mercado,1755231,NA,Valencia,1,1,NA,2020/03/09,2020/03/10,0,"8,6",90
Les flors,3985046,NA,Valencia,1,1,€ 95,2020/03/09,2020/03/10,0,"8,6",90
Casa de Maria,2467712,NA,Valencia,1,1,€ 95,2020/03/09,2020/03/10,0,"8,7",90
Hotel Valencia Oceanic Managed by Melia Hotels International,91522,NA,Valencia,1,1,€ 98,2020/03/09,2020/03/10,4,"8,6",90
Cozy apartment in Valencia center,3402135,NA,Valencia,1,1,€ 152,2020/03/09,2020/03/10,0,"9,1",90
Las Arenas Balneario Resort,91144,NA,Valencia,1,1,€ 153,2020/03/09,2020/03/10,5,9,90
Vivaldi Penthouse Ayuntamiento,1289561,NA,Valencia,1,1,NA,2020/03/09,2020/03/10,0,"9,2",90
MYR Hotel Plaza Mercado & Spa,1619029,NA,Valencia,1,1,€ 154,2020/03/09,2020/03/10,3,"9,2",90
Perla Apartments,3146781,NA,Valencia,1,1,€ 99,2020/03/09,2020/03/10,0,"8,7",90
Homestay Carrer Sagun,5006434,NA,Valencia,1,1,€ 100,2020/03/09,2020/03/10,0,"8,8",90
Hotel Kramer,91106,NA,Valencia,1,1,€ 102,2020/03/09,2020/03/10,3,"8,8",90
MARQUÉS HOUSE 4* SUP,2118880,NA,Valencia,1,1,€ 154,2020/03/09,2020/03/10,4,"9,4",90
Mediterranean Flats Plaza Redonda,4086496,NA,Valencia,1,1,€ 155,2020/03/09,2020/03/10,0,"9,2",90
La Patacona apartment,3821938,NA,Valencia,1,1,€ 155,2020/03/09,2020/03/10,0,"9,4",90
Friendly Rentals Montaner Beach,2314997,NA,Valencia,1,1,€ 160,2020/03/09,2020/03/10,0,9,90
Friendly Rentals Mercado Central,3220956,NA,Valencia,1,1,€ 165,2020/03/09,2020/03/10,0,"9,2",90
Pintor Salvador Abril 24 Apartment,3249845,NA,Valencia,1,1,NA,2020/03/09,2020/03/10,0,9,90
Friendly Rentals Boyvin,1923141,NA,Valencia,1,1,€ 165,2020/03/09,2020/03/10,0,"9,3",90
Apartamento cerca Ciudad de las Ciencias con WIFI,3070842,NA,Valencia,1,1,€ 170,2020/03/09,2020/03/10,0,"9,4",90
NH Collection Colón Valencia,3828811,NA,Valencia,1,1,€ 184,2020/03/09,2020/03/10,4,"9,1",90
Welcomer Apartments Valencia,19363,NA,Valencia,1,1,NA,2020/03/09,2020/03/10,0,"8,7",90
Citizentral Gascons,332095,NA,Valencia,1,1,€ 102,2020/03/09,2020/03/10,0,"8,8",90
Casa Adosada Quintero,5481770,NA,Valencia,1,1,€ 103,2020/03/09,2020/03/10,0,"8,8",90
Comfort Homestay,5423155,NA,Valencia,1,1,€ 105,2020/03/09,2020/03/10,0,"8,7",90
MD Julio Antonio Apartment Center,3961049,NA,Valencia,1,1,€ 409,2020/03/09,2020/03/10,0,"9,1",90
The River Hostel,494202,NA,Valencia,1,1,€ 23,2020/03/09,2020/03/10,0,"8,5",90
Casas Benlliure,3274635,NA,Valencia,1,1,NA,2020/03/09,2020/03/10,0,"9,1",90
Apartamento Playa Wifi Gratis,3495634,NA,Valencia,1,1,€ 190,2020/03/09,2020/03/10,0,"9,2",90
Lighthouse,2384209,NA,Valencia,1,1,€ 195,2020/03/09,2020/03/10,0,9,90
Caro Hotel,348132,NA,Valencia,1,1,€ 199,2020/03/09,2020/03/10,5,"9,2",90
Eco-Friendly Apartments,1979834,NA,Valencia,1,1,NA,2020/03/09,2020/03/10,0,"9,1",90
Loft Superior el Carmen,2784473,NA,Valencia,1,1,€ 218,2020/03/09,2020/03/10,0,"9,3",90
Vincci Mercat,1279484,NA,Valencia,1,1,€ 220,2020/03/09,2020/03/10,4,9,90
Ca Carmela,2466364,NA,Valencia,1,1,€ 252,2020/03/09,2020/03/10,0,"9,1",90
Blanq Carmen Hotel,97069,NA,Valencia,1,1,€ 106,2020/03/09,2020/03/10,3,"8,7",90
Hotel Neptuno,91206,NA,Valencia,1,1,€ 108,2020/03/09,2020/03/10,4,"8,5",90
SH Valencia Palace,91497,NA,Valencia,1,1,€ 108,2020/03/09,2020/03/10,5,"8,6",90
Zerka Centro,4425975,NA,Valencia,1,1,€ 199,2020/03/09,2020/03/10,0,"8,3",90
Ilunion Valencia 4,754329,NA,Valencia,1,1,€ 220,2020/03/09,2020/03/10,4,"8,1",90
Old Fisherman's House in Malvarrosa Beach,3618172,NA,Valencia,1,1,€ 324,2020/03/09,2020/03/10,0,"9,4",90
Rosa del mar2,4259814,NA,Valencia,1,1,€ 329,2020/03/09,2020/03/10,0,"9,2",90
Flatsforyou Ruzafa,3342696,NA,Valencia,1,1,NA,2020/03/09,2020/03/10,0,"8,7",90
Sercotel Sorolla Palace,93646,NA,Valencia,1,1,€ 109,2020/03/09,2020/03/10,4,"8,6",90
Friendly Rentals Schubert,1634221,NA,Valencia,1,1,€ 110,2020/03/09,2020/03/10,0,"8,8",90
Apartment Madrina Suites,5791814,NA,Valencia,1,1,€ 78,2020/03/09,2020/03/10,0,,90
Lotelito,570027,NA,Valencia,1,1,€ 110,2020/03/09,2020/03/10,0,"8,9",90
One Shot Colón 46,1394168,NA,Valencia,1,1,€ 110,2020/03/09,2020/03/10,3,"8,7",90
Friendly Rentals Ravel I,1634234,NA,Valencia,1,1,€ 115,2020/03/09,2020/03/10,0,"8,8",90
Pensión Alicante,298710,NA,Valencia,1,1,€ 33,2020/03/09,2020/03/10,0,"8,5",90
B&B Almirante,369695,NA,Valencia,1,1,€ 43,2020/03/09,2020/03/10,1,"8,8",90
Apartamentos Plaza Picasso,97063,NA,Valencia,1,1,€ 41,2020/03/09,2020/03/10,0,"8,5",90
Friendly Rentals Brade,1918694,NA,Valencia,1,1,€ 115,2020/03/09,2020/03/10,0,"8,9",90
CheValenciaFlats,2064099,NA,Valencia,1,1,NA,2020/03/09,2020/03/10,0,"8,9",90
Suites by Eric Olsan (Florista),4726450,NA,Valencia,1,1,€ 117,2020/03/09,2020/03/10,0,"8,5",90
Colors Rooms,675839,NA,Valencia,1,1,€ 45,2020/03/09,2020/03/10,0,"9,5",90
PLAYA POBLA DE FARNALS,5508533,NA,Valencia,1,1,€ 46,2020/03/09,2020/03/10,0,"9,8",90
Apartments Downtown Valencia,2250421,NA,Valencia,1,1,NA,2020/03/09,2020/03/10,0,"9,6",90
SH Ingles Boutique Hotel,92956,NA,Valencia,1,1,€ 120,2020/03/09,2020/03/10,4,"8,5",90
New Trendy apartment,2426154,NA,Valencia,1,1,€ 120,2020/03/09,2020/03/10,0,"8,6",90
Friendly Rentals Nyman,3245521,NA,Valencia,1,1,€ 120,2020/03/09,2020/03/10,0,"8,9",90
Friendly Rentals Soler,1634237,NA,Valencia,1,1,€ 120,2020/03/09,2020/03/10,0,"8,7",90
Minimalist room with balcony.FREE bikes & coffee 1,5776697,NA,Valencia,1,1,€ 79,2020/03/09,2020/03/10,0,,90
Like Apartments Negrito,403555,NA,Valencia,1,1,NA,2020/03/09,2020/03/10,0,"7,7",90
YOU & CO Quart Boutique,5213598,NA,Valencia,1,1,€ 84,2020/03/09,2020/03/10,3,,90
A Casa Martínez,5878377,NA,Valencia,1,1,€ 98,2020/03/09,2020/03/10,0,,90
Abuhardillado- luminoso y calido apartamento,4515803,NA,Valencia,1,1,€ 100,2020/03/09,2020/03/10,0,,90
IDEAL Y CERCA DEL CASCO ANTIGUO.NEAR OLD TOWN.,4494959,NA,Valencia,1,1,€ 100,2020/03/09,2020/03/10,0,,90
Russafa Youth Hostel,345134,NA,Valencia,1,1,€ 47,2020/03/09,2020/03/10,0,"8,6",90
UNIK. Apartments Valencia,2241282,NA,Valencia,1,1,€ 48,2020/03/09,2020/03/10,0,"8,5",90
MD Benlliure Beach.,1957258,NA,Valencia,1,1,€ 409,2020/03/09,2020/03/10,0,"7,8",90
MD Pelayo with terrace,1979067,NA,Valencia,1,1,€ 409,2020/03/09,2020/03/10,0,"7,7",90
Dreams Rental Town Hall,866934,NA,Valencia,1,1,NA,2020/03/09,2020/03/10,0,8,90
YOU & CO. Saler Beach Boutique,4533007,NA,Valencia,1,1,€ 48,2020/03/09,2020/03/10,3,"8,9",90
Vivaldi Center City,2791614,NA,Valencia,1,1,NA,2020/03/09,2020/03/10,0,"9,1",90
Home Youth Hostel by Feetup Hostels,189322,NA,Valencia,1,1,€ 49,2020/03/09,2020/03/10,0,"8,8",90
Carrer de l'Arquitecte Alfaro 27 bajo derecha,4353398,NA,Valencia,1,1,€ 102,2020/03/09,2020/03/10,0,,90
Valencia City Apartment,5460796,NA,Valencia,1,1,€ 107,2020/03/09,2020/03/10,0,,90
Living Puerto,189343,NA,Valencia,1,1,NA,2020/03/09,2020/03/10,0,"7,7",90
casa la tranquilidad,5516825,NA,Valencia,1,1,€ 120,2020/03/09,2020/03/10,0,,90
Loft Valencia,5821610,NA,Valencia,1,1,€ 120,2020/03/09,2020/03/10,0,,90
Barceló Valencia,91988,NA,Valencia,1,1,€ 120,2020/03/09,2020/03/10,4,"8,7",90
Hotel Malcom and Barret,483261,NA,Valencia,1,1,€ 53,2020/03/09,2020/03/10,3,"8,7",90
Art&Flats Bed&Breakfast,5238345,NA,Valencia,1,1,€ 55,2020/03/09,2020/03/10,0,"8,8",90
Reina Rooms,4211140,NA,Valencia,1,1,€ 56,2020/03/09,2020/03/10,0,"8,9",90
Balcón Al Mar,295109,NA,Valencia,1,1,€ 56,2020/03/09,2020/03/10,0,"8,5",90
CENTER-Modern 2BR- 2BA-TERRACE- WI-FI- A/C,5241769,NA,Valencia,1,1,€ 125,2020/03/09,2020/03/10,0,,90
CASA MARQUES DE CARO,4472176,NA,Valencia,1,1,€ 130,2020/03/09,2020/03/10,0,,90
Christins home,5896886,NA,Valencia,1,1,€ 130,2020/03/09,2020/03/10,0,,90
LOFT apartamento duplex en Valencia con parking gratis,5519008,NA,Valencia,1,1,€ 80,2020/03/09,2020/03/10,0,"9,8",90
Hostal Antigua Morellana,1273937,NA,Valencia,1,1,€ 80,2020/03/09,2020/03/10,1,"9,5",90
Ramirez Flats & Bar,4124528,NA,Valencia,1,1,€ 86,2020/03/09,2020/03/10,0,"9,5",90
Apartment Marchalenes,4418670,NA,Valencia,1,1,€ 120,2020/03/09,2020/03/10,0,"8,9",90
Tranquilo Apartamento En Plaza Cisneros,3127388,NA,Valencia,1,1,NA,2020/03/09,2020/03/10,0,"8,9",90
Melia Valencia,290493,NA,Valencia,1,1,€ 121,2020/03/09,2020/03/10,4,"8,8",90
Opera House Valencia B&B,3533887,NA,Valencia,1,1,€ 88,2020/03/09,2020/03/10,0,"9,5",90
Apartment Cisneros 2,2361375,NA,Valencia,1,1,€ 105,2020/03/09,2020/03/10,0,"9,7",90
Flats Piera Valencia Center,1490563,NA,Valencia,1,1,€ 105,2020/03/09,2020/03/10,0,"9,7",90
Melia Plaza Valencia,13270,NA,Valencia,1,1,€ 121,2020/03/09,2020/03/10,4,"8,9",90
Zenit Valencia,92327,NA,Valencia,1,1,€ 126,2020/03/09,2020/03/10,4,"8,8",90
Mar & City Apartment,3456759,NA,Valencia,1,1,€ 128,2020/03/09,2020/03/10,0,"8,9",90
Living Valencia - Patacona Beach 56,3718985,NA,Valencia,1,1,€ 57,2020/03/09,2020/03/10,0,"8,8",90
Apartment Savoy,1934973,NA,Valencia,1,1,NA,2020/03/09,2020/03/10,0,"9,4",90
Zalamera BnB,1331238,NA,Valencia,1,1,€ 58,2020/03/09,2020/03/10,0,"8,7",90
Valencia what else...,2550483,NA,Valencia,1,1,NA,2020/03/09,2020/03/10,0,"9,5",90
Hotel Cosmo,4838858,NA,Valencia,1,1,€ 132,2020/03/09,2020/03/10,3,"9,6",90
Olympia Flats,4212801,NA,Valencia,1,1,€ 70,2020/03/09,2020/03/10,0,"9,7",90
MD Oliag I Apartment Ruzafa,2867488,NA,Valencia,1,1,€ 487,2020/03/09,2020/03/10,0,"7,6",90
Hostal Waksman,281139,NA,Valencia,1,1,€ 30,2020/03/09,2020/03/10,1,"7,4",90
Masatepe Room Valencia,5687127,NA,Valencia,1,1,€ 35,2020/03/09,2020/03/10,0,"7,2",90
Ruzafa Viva,4475954,NA,Valencia,1,1,€ 140,2020/03/09,2020/03/10,0,"9,6",90
ÁTICO EN EL CENTRO DE VALENCIA VT-45939-T,4752815,NA,Valencia,1,1,€ 145,2020/03/09,2020/03/10,0,"9,6",90
Valencian Dreams Lonja,4757385,NA,Valencia,1,1,€ 158,2020/03/09,2020/03/10,0,"9,6",90
Hostal Residencial RR,450746,NA,Valencia,1,1,€ 40,2020/03/09,2020/03/10,0,7,90
NWT Central Station Valencia,1647017,NA,Valencia,1,1,€ 44,2020/03/09,2020/03/10,0,"7,1",90
Sampedor Apartment,435662,NA,Valencia,1,1,€ 49,2020/03/09,2020/03/10,0,"7,1",90
Travel Habitat Gran Vía Ruzafa,2228902,NA,Valencia,1,1,NA,2020/03/09,2020/03/10,0,"8,4",90
Palacio Vallier 5*,4639648,NA,Valencia,1,1,€ 180,2020/03/09,2020/03/10,5,"9,9",90
BONNIES Suites & Spa Valencia,3631910,NA,Valencia,1,1,NA,2020/03/09,2020/03/10,0,"9,8",90
Casa Calle Conquista,4691493,NA,Valencia,1,1,€ 430,2020/03/09,2020/03/10,0,"9,5",90
AC Hotel Colon Valencia,1117150,NA,Valencia,1,1,€ 129,2020/03/09,2020/03/10,4,"8,7",90
Flatsforyou Sorolla House,403442,NA,Valencia,1,1,€ 130,2020/03/09,2020/03/10,0,"8,6",90
Apartamentos City Beach Lluch,2130664,NA,Valencia,1,1,NA,2020/03/09,2020/03/10,0,"8,7",90
Ciutat Vella Apartment,5574768,NA,Valencia,1,1,€ 135,2020/03/09,2020/03/10,0,,90
Carrer del Músic Peydró- 46 Apartament 5,4216247,NA,Valencia,1,1,NA,2020/03/09,2020/03/10,0,"7,8",90
The White Apartment: Luxury- Beach and Design,5631365,NA,Valencia,1,1,€ 167,2020/03/09,2020/03/10,0,,90
Hotel Helen Berger,5159105,NA,Valencia,1,1,€ 170,2020/03/09,2020/03/10,4,,90
Cantagua Hostel,4074640,NA,Valencia,1,1,€ 43,2020/03/09,2020/03/10,0,"9,1",90
Lindala,5250762,NA,Valencia,1,1,€ 49,2020/03/09,2020/03/10,0,"9,3",90
Habitación en piso compartido,5433175,NA,Valencia,1,1,€ 55,2020/03/09,2020/03/10,0,9,90
Casa Del Sueno,4292899,NA,Valencia,1,1,€ 173,2020/03/09,2020/03/10,0,,90
Apartment Carrer Ernesto Che Guevara,5598848,NA,Valencia,1,1,€ 182,2020/03/09,2020/03/10,0,,90
Apartment Passeig de la Petxina,5695771,NA,Valencia,1,1,€ 195,2020/03/09,2020/03/10,0,,90
Apartment Carrer de Don Juan de Austria,5464038,NA,Valencia,1,1,€ 279,2020/03/09,2020/03/10,0,,90
My Reception - Edificio San Vicente,5123921,NA,Valencia,1,1,NA,2020/03/09,2020/03/10,0,"7,7",90
Turia Guesthouse - B&B,2884427,NA,Valencia,1,1,€ 285,2020/03/09,2020/03/10,0,,90
Apartment Carrer de Josep Aguirre,5646705,NA,Valencia,1,1,€ 608,2020/03/09,2020/03/10,0,,90
Habitación privada a 1500 metros de la playa,3789910,NA,Valencia,1,1,€ 60,2020/03/09,2020/03/10,0,"9,3",90
Apartment Regne De Valencia,1533033,NA,Valencia,1,1,€ 65,2020/03/09,2020/03/10,0,"9,4",90
Central Park Apartment Valencia,3881533,NA,Valencia,1,1,NA,2020/03/09,2020/03/10,0,"9,5",90
Bianca,4232781,NA,Valencia,1,1,€ 69,2020/03/09,2020/03/10,0,9,90
Valencia Home,1638498,NA,Valencia,1,1,€ 133,2020/03/09,2020/03/10,0,"8,9",90
Apartamento Gran Vía Marqués del Turia,2358973,NA,Valencia,1,1,€ 135,2020/03/09,2020/03/10,0,"8,6",90
One Shot Palacio Reina Victoria 04,90885,NA,Valencia,1,1,€ 135,2020/03/09,2020/03/10,4,"8,6",90
United Colors of Apartments Boutique Style,5372347,NA,Valencia,1,1,€ 69,2020/03/09,2020/03/10,0,"9,2",90
OttoH Charm Stay,2459807,NA,Valencia,1,1,€ 69,2020/03/09,2020/03/10,0,"9,3",90
Rooms Ciencias,94126,NA,Valencia,1,1,€ 71,2020/03/09,2020/03/10,0,9,90
City Garden Bed and Breakfast,2204361,NA,Valencia,1,1,€ 71,2020/03/09,2020/03/10,0,"9,4",90
MD Modern Hotel - Jardines,305447,NA,Valencia,1,1,€ 225,2020/03/09,2020/03/10,1,"8,3",90
Luz de Valencia,2076095,NA,Valencia,1,1,€ 59,2020/03/09,2020/03/10,0,"8,8",90
Hulot B&B Valencia,585429,NA,Valencia,1,1,€ 59,2020/03/09,2020/03/10,0,"8,5",90
Ad Hoc Carmen,1173270,NA,Valencia,1,1,€ 63,2020/03/09,2020/03/10,2,"8,9",90
Cathedral Suites Hotel,1736257,NA,Valencia,1,1,€ 131,2020/03/09,2020/03/10,4,"8,9",90
Edificio Pentagono,4673669,NA,Valencia,1,1,€ 145,2020/03/09,2020/03/10,0,"8,9",90
Turia Town,4064373,NA,Valencia,1,1,€ 63,2020/03/09,2020/03/10,0,"8,8",90
ABCyou Bed&Breakfast,189207,NA,Valencia,1,1,€ 66,2020/03/09,2020/03/10,0,"8,5",90
Habitación ático muy luminosa con baño y terraza,5292007,NA,Valencia,1,1,NA,2020/03/09,2020/03/10,0,"9,1",90
Pio XII Apartments Valencia,402080,NA,Valencia,1,1,€ 63,2020/03/09,2020/03/10,0,"8,6",90
Hotel San Lorenzo Boutique,1307718,NA,Valencia,1,1,€ 68,2020/03/09,2020/03/10,3,"8,6",90
Casual del Cine Valencia,572187,NA,Valencia,1,1,€ 68,2020/03/09,2020/03/10,2,"8,7",90
Soho Valencia,1538641,NA,Valencia,1,1,€ 70,2020/03/09,2020/03/10,0,"8,9",90
Hotel Olympia Universidades,1301731,NA,Valencia,1,1,€ 73,2020/03/09,2020/03/10,3,"8,5",90
Apartments Madrina,3278589,NA,Valencia,1,1,€ 74,2020/03/09,2020/03/10,0,"8,9",90
Loft in ehemaligem Fischer Haus,2952760,NA,Valencia,1,1,NA,2020/03/09,2020/03/10,0,"9,3",90
Original Domino House,5434091,NA,Valencia,1,1,€ 75,2020/03/09,2020/03/10,0,"8,7",90
Vincci Palace,94163,NA,Valencia,1,1,€ 220,2020/03/09,2020/03/10,4,"8,7",90
SingularStays Parque Central,3054000,NA,Valencia,1,1,€ 244,2020/03/09,2020/03/10,0,"8,8",90
SingularStays Quevedo,3788671,NA,Valencia,1,1,NA,2020/03/09,2020/03/10,0,"8,8",90
València Centre Túria,2185255,NA,Valencia,1,1,€ 75,2020/03/09,2020/03/10,0,"8,8",90
València Centre Torres de Quart,886289,NA,Valencia,1,1,€ 71,2020/03/09,2020/03/10,0,"8,9",90
B&B Hi Valencia Boutique,1301725,NA,Valencia,1,1,€ 76,2020/03/09,2020/03/10,0,"8,7",90
Valencia maritimo,3020748,NA,Valencia,1,1,€ 70,2020/03/09,2020/03/10,0,"8,9",90
San Slava,3107574,NA,Valencia,1,1,€ 295,2020/03/09,2020/03/10,0,"8,6",90
Zerka Sendra,4657122,NA,Valencia,1,1,€ 309,2020/03/09,2020/03/10,0,"8,9",90
The Westin Valencia,93321,NA,Valencia,1,1,€ 396,2020/03/09,2020/03/10,5,"8,7",90
MD PASEO RUZAFA CENTER,5374850,NA,Valencia,1,1,€ 1.030,2020/03/09,2020/03/10,0,"8,8",90
Center Valencia Youth Hostel,246931,NA,Valencia,1,1,€ 40,2020/03/09,2020/03/10,0,8,90
Habitacion en Valencia,4861732,NA,Valencia,1,1,€ 45,2020/03/09,2020/03/10,0,"8,2",90
Apartamentos La más Bonita,2816245,NA,Valencia,1,1,€ 104,2020/03/09,2020/03/10,0,9,90
Valencian Apartment,2298621,NA,Valencia,1,1,€ 104,2020/03/09,2020/03/10,0,9,90
La Morella del Carmen,5188541,NA,Valencia,1,1,NA,2020/03/09,2020/03/10,0,"9,5",90
Hotel Gabbeach,403586,NA,Valencia,1,1,€ 79,2020/03/09,2020/03/10,3,"8,5",90
Jardín Botánico Hotel Boutique,93369,NA,Valencia,1,1,€ 79,2020/03/09,2020/03/10,3,"8,9",90
Apartment on the beach-pool-WiFi-garage-Valencia,4525305,NA,Valencia,1,1,NA,2020/03/09,2020/03/10,0,9,90
Ad Hoc Monumental,90719,NA,Valencia,1,1,€ 84,2020/03/09,2020/03/10,3,"8,6",90
Travel Habitat Atico Calle la Paz,2801230,NA,Valencia,1,1,NA,2020/03/09,2020/03/10,0,"8,5",90
Red Nest Hostel,92283,NA,Valencia,1,1,€ 46,2020/03/09,2020/03/10,0,"8,2",90
Purple Nest Hostel,25278,NA,Valencia,1,1,€ 47,2020/03/09,2020/03/10,0,"8,2",90
Live in Chianti,2227491,NA,Valencia,1,1,€ 75,2020/03/09,2020/03/10,0,"9,1",90
MD Vila Barbera Apartment Center,1957253,NA,Valencia,1,1,€ 500,2020/03/09,2020/03/10,0,"8,4",90
Living Valencia Apartments - Merced,12120,NA,Valencia,1,1,NA,2020/03/09,2020/03/10,0,"8,3",90
MD Sueca. Apartment with Terrace Ruzafa,2551179,NA,Valencia,1,1,€ 500,2020/03/09,2020/03/10,0,"8,2",90
Double Room in VALENCIA,5665653,NA,Valencia,1,1,€ 30,2020/03/09,2020/03/10,0,"7,9",90
Pension MonaLisa Luxury Suites,3834224,NA,Valencia,1,1,€ 48,2020/03/09,2020/03/10,0,"8,2",90
Habitación en Valencia Centro,5418023,NA,Valencia,1,1,€ 48,2020/03/09,2020/03/10,0,"8,2",90
7 Moons Bed & Breakfast,464187,NA,Valencia,1,1,€ 49,2020/03/09,2020/03/10,0,"8,4",90
Nanit Valencia Hostel,3913497,NA,Valencia,1,1,€ 49,2020/03/09,2020/03/10,0,"8,4",90
OYO Pensión El Rincón,476031,NA,Valencia,1,1,€ 54,2020/03/09,2020/03/10,1,"7,4",90
Hostal la Barraca,350013,NA,Valencia,1,1,€ 60,2020/03/09,2020/03/10,0,"7,1",90
Geography and Arts.,3569110,NA,Valencia,1,1,€ 60,2020/03/09,2020/03/10,0,"7,3",90
Palacio de Rojas,1073276,NA,Valencia,1,1,€ 105,2020/03/09,2020/03/10,0,"9,3",90
Calle de Frederica Montseny 'Política' Casa o chalet,5152866,NA,Valencia,1,1,€ 105,2020/03/09,2020/03/10,0,"9,4",90
Valenciaflats Mercado Central,307677,NA,Valencia,1,1,€ 106,2020/03/09,2020/03/10,0,9,90
Hotel Mediterraneo Valencia,92412,NA,Valencia,1,1,€ 84,2020/03/09,2020/03/10,3,"8,9",90
AC Hotel Valencia,91063,NA,Valencia,1,1,€ 84,2020/03/09,2020/03/10,4,"8,5",90
Burjassot Mestalla,3058627,NA,Valencia,1,1,€ 85,2020/03/09,2020/03/10,0,"8,6",90
Hotel El Siglo,1741479,NA,Valencia,1,1,€ 86,2020/03/09,2020/03/10,3,"8,5",90
Valenciaflats Centro Histórico,94781,NA,Valencia,1,1,€ 87,2020/03/09,2020/03/10,0,"8,7",90
Apartamento Joseph - luminoso- bonito y muy céntrico,4267950,NA,Valencia,1,1,NA,2020/03/09,2020/03/10,0,"9,2",90
Apartment Horticultor Bosch,1148669,NA,Valencia,1,1,€ 60,2020/03/09,2020/03/10,0,"7,2",90
Cosy Rooms Embajador,369728,NA,Valencia,1,1,€ 68,2020/03/09,2020/03/10,2,"7,4",90
BUBUFLATS / Mercat,783206,NA,Valencia,1,1,€ 88,2020/03/09,2020/03/10,0,"8,9",90
Apartamento cerca de la Playa y el Centro,2620264,NA,Valencia,1,1,€ 88,2020/03/09,2020/03/10,0,"8,9",90
BUBUFLATS Mossén,1141763,NA,Valencia,1,1,€ 88,2020/03/09,2020/03/10,0,"8,8",90
Casual Socarrat Valencia,5142800,NA,Valencia,1,1,€ 106,2020/03/09,2020/03/10,3,"9,1",90
Piso como en tu casa 2,3834617,NA,Valencia,1,1,€ 110,2020/03/09,2020/03/10,0,"9,1",90
5 SENSES,3786890,NA,Valencia,1,1,€ 111,2020/03/09,2020/03/10,0,"9,2",90
L'Esplai Valencia Bed & Breakfast,1282556,NA,Valencia,1,1,NA,2020/03/09,2020/03/10,0,"9,5",90
Enjoy Flat Valencia,3991548,NA,Valencia,1,1,€ 145,2020/03/09,2020/03/10,0,"8,6",90
CESTAS Apartment. WIFI,2494212,NA,Valencia,1,1,NA,2020/03/09,2020/03/10,0,"8,5",90
Apartamentos Valencia - Brazil 31 Free WiFi,4948554,NA,Valencia,1,1,€ 150,2020/03/09,2020/03/10,0,"8,7",90
Total Valencia Cathedral,1908021,NA,Valencia,1,1,NA,2020/03/09,2020/03/10,0,"8,8",90
Habitaciones con Encanto,5629632,NA,Valencia,1,1,€ 50,2020/03/09,2020/03/10,0,8,90
Albergue Juvenil Colegio Mayor Galileo Galilei,253103,NA,Valencia,1,1,€ 50,2020/03/09,2020/03/10,0,"8,1",90
Urban Youth Hostel,1163025,NA,Valencia,1,1,€ 52,2020/03/09,2020/03/10,0,"8,4",90
Cosy Rooms Bolsería,371606,NA,Valencia,1,1,€ 68,2020/03/09,2020/03/10,2,"7,4",90
Xativa Terrace Apartments,1266649,NA,Valencia,1,1,NA,2020/03/09,2020/03/10,0,"8,3",90
Almiserat,3054886,NA,Valencia,1,1,€ 70,2020/03/09,2020/03/10,0,"7,1",90
Mi casa es vuestra casa,4967097,NA,Valencia,1,1,€ 70,2020/03/09,2020/03/10,0,"7,1",90
Petit Palace Ruzafa,90792,NA,Valencia,1,1,€ 89,2020/03/09,2020/03/10,3,"8,7",90
Catalonia Excelsior,90578,NA,Valencia,1,1,€ 90,2020/03/09,2020/03/10,3,"8,7",90
Boutique Creative Rooms,2334726,NA,Valencia,1,1,€ 90,2020/03/09,2020/03/10,0,"8,8",90
Bloques Playa,2019044,NA,Valencia,1,1,€ 75,2020/03/09,2020/03/10,0,"7,2",90
Plaza Redonda house.,4399973,NA,Valencia,1,1,€ 81,2020/03/09,2020/03/10,0,"7,4",90
Mercat Central brugada home,5259150,NA,Valencia,1,1,€ 81,2020/03/09,2020/03/10,0,7,90
Hotel Boutique Balandret,1281710,NA,Valencia,1,1,€ 114,2020/03/09,2020/03/10,3,"9,2",90
Apartamentos Wallace,1698355,NA,Valencia,1,1,€ 115,2020/03/09,2020/03/10,0,"9,2",90
HQ Rooms Apartments San Vicente,2894429,NA,Valencia,1,1,€ 115,2020/03/09,2020/03/10,0,"9,2",90
Sunny Apartment Central Market,1122187,NA,Valencia,1,1,NA,2020/03/09,2020/03/10,0,9,90
Hotel Dimar,90886,NA,Valencia,1,1,€ 90,2020/03/09,2020/03/10,4,"8,7",90
Blanq Comedias,4922002,NA,Valencia,1,1,€ 90,2020/03/09,2020/03/10,0,"8,9",90
Habitación doble,3599930,NA,Valencia,1,1,€ 90,2020/03/09,2020/03/10,0,"8,9",90
UP Hostel Valencia,1710137,NA,Valencia,1,1,€ 31,2020/03/09,2020/03/10,0,"7,7",90
Hostal El Cid,309465,NA,Valencia,1,1,€ 31,2020/03/09,2020/03/10,2,"7,5",90
Bright and quiet rooms near the beach,5698199,NA,Valencia,1,1,€ 34,2020/03/09,2020/03/10,0,"7,6",90
El Palacete Gran Via,3483148,NA,Valencia,1,1,€ 91,2020/03/09,2020/03/10,0,"8,7",90
Casual Vintage Valencia,1710241,NA,Valencia,1,1,€ 91,2020/03/09,2020/03/10,2,"8,6",90
Sol Playa,12656,NA,Valencia,1,1,€ 55,2020/03/09,2020/03/10,2,"8,3",90
Hotel Miramar,23332,NA,Valencia,1,1,€ 56,2020/03/09,2020/03/10,2,"8,4",90
Sweet Hotel Renasa,274818,NA,Valencia,1,1,€ 56,2020/03/09,2020/03/10,3,8,90
Friendly Rentals Casals,1769176,NA,Valencia,1,1,NA,2020/03/09,2020/03/10,0,"8,9",90
Dormavalencia Hostel,249585,NA,Valencia,1,1,€ 59,2020/03/09,2020/03/10,1,"8,2",90
Hostal On Dormire Valencia,432305,NA,Valencia,1,1,€ 35,2020/03/09,2020/03/10,0,"7,8",90
Apartamentos City Beach Malvarrosa,2130820,NA,Valencia,1,1,NA,2020/03/09,2020/03/10,0,"8,4",90
Pensión Universal,304276,NA,Valencia,1,1,€ 35,2020/03/09,2020/03/10,0,"7,9",90
Valencia City Host,1177077,NA,Valencia,1,1,€ 37,2020/03/09,2020/03/10,0,"7,7",90
Alex Apartment,1756374,NA,Valencia,1,1,€ 60,2020/03/09,2020/03/10,0,8,90
Aparthotel Valencia Rental,17344,NA,Valencia,1,1,€ 60,2020/03/09,2020/03/10,0,8,90
B&B Hi Valencia Canovas,305349,NA,Valencia,1,1,€ 61,2020/03/09,2020/03/10,0,"8,3",90
Valencia Lounge Hostel,337203,NA,Valencia,1,1,€ 38,2020/03/09,2020/03/10,0,"7,7",90
HOSPEDAJE PESET,4718074,NA,Valencia,1,1,€ 40,2020/03/09,2020/03/10,0,"7,5",90
Hostal Moratin,326015,NA,Valencia,1,1,€ 40,2020/03/09,2020/03/10,1,"7,8",90
L'Otelet By Sweet,1467935,NA,Valencia,1,1,€ 64,2020/03/09,2020/03/10,0,"8,3",90
Valenciaflats Ciudad de las Ciencias,93676,NA,Valencia,1,1,€ 78,2020/03/09,2020/03/10,0,"9,1",90
Apartment Sofi,2830696,NA,Valencia,1,1,NA,2020/03/09,2020/03/10,0,"9,7",90
Host & Home,1663785,NA,Valencia,1,1,€ 78,2020/03/09,2020/03/10,0,9,90
Palau de Palomar,471283,NA,Valencia,1,1,€ 79,2020/03/09,2020/03/10,0,"9,1",90
Apartamentos Edificio Palomar,189277,NA,Valencia,1,1,€ 79,2020/03/09,2020/03/10,0,"9,2",90
Friendly Rentals Gala,1634252,NA,Valencia,1,1,€ 150,2020/03/09,2020/03/10,0,"8,8",90
Hospes Palau de La Mar,93823,NA,Valencia,1,1,€ 153,2020/03/09,2020/03/10,5,"8,8",90
Friendly Rentals Vives 2,2523871,NA,Valencia,1,1,€ 170,2020/03/09,2020/03/10,0,"8,9",90
Puerta de Serranos,2734333,NA,Valencia,1,1,€ 170,2020/03/09,2020/03/10,0,"8,8",90
Casual de la Música Valencia,273130,NA,Valencia,1,1,€ 40,2020/03/09,2020/03/10,2,"7,5",90
The Art Boutique Colon,2570881,NA,Valencia,1,1,NA,2020/03/09,2020/03/10,0,"8,3",90
Casual Civilizaciones Valencia,449777,NA,Valencia,1,1,€ 41,2020/03/09,2020/03/10,0,"7,9",90
Habitaciones Barra89,1076252,NA,Valencia,1,1,€ 41,2020/03/09,2020/03/10,0,"7,9",90
Guest House Samuel Ros,4161855,NA,Valencia,1,1,€ 90,2020/03/09,2020/03/10,0,"7,2",90
Port Feria Valencia,92852,NA,Valencia,1,1,NA,2020/03/09,2020/03/10,4,"8,3",90
Select Home Catedral,440778,NA,Valencia,1,1,€ 170,2020/03/09,2020/03/10,0,"7,1",90
HOSTAL BED OF THE SEA,3974636,NA,Valencia,1,1,€ 200,2020/03/09,2020/03/10,0,"7,1",90
Hostal Venecia,92883,NA,Valencia,1,1,€ 79,2020/03/09,2020/03/10,2,"9,1",90
Apartamento bianca,3205847,NA,Valencia,1,1,€ 80,2020/03/09,2020/03/10,0,"9,1",90
Nest Style Valencia,5219046,NA,Valencia,1,1,€ 80,2020/03/09,2020/03/10,3,"9,3",90
APARTMENTS VALENCIA CENTER,5180014,NA,Valencia,1,1,NA,2020/03/09,2020/03/10,0,"9,6",90
Teixidors de Palomar,2639791,NA,Valencia,1,1,€ 119,2020/03/09,2020/03/10,0,"9,3",90
Apartamento en el centro de Valencia,4709659,NA,Valencia,1,1,€ 120,2020/03/09,2020/03/10,0,9,90
Mon Suites San Martin,2777545,NA,Valencia,1,1,€ 120,2020/03/09,2020/03/10,0,"9,4",90
Valencia Apartmans El Carmen,847910,NA,Valencia,1,1,€ 240,2020/03/09,2020/03/10,0,"7,3",90
Torres Quart,3702234,NA,Valencia,1,1,€ 278,2020/03/09,2020/03/10,0,"7,4",90
MD Puerto Rico Apartment Ruzafa,3737151,NA,Valencia,1,1,€ 409,2020/03/09,2020/03/10,0,"7,4",90
ValentiaApartments - MercadoCentral,4185241,NA,Valencia,1,1,€ 183,2020/03/09,2020/03/10,0,"8,8",90
ELEGANT APARTMENT CLOSE TO CENTER VT-45925-V,5364412,NA,Valencia,1,1,NA,2020/03/09,2020/03/10,0,"8,7",90
ApartUP San Vicente Hall,3168199,NA,Valencia,1,1,€ 188,2020/03/09,2020/03/10,0,"8,5",90
Ilunion Aqua 4,92777,NA,Valencia,1,1,€ 189,2020/03/09,2020/03/10,4,"8,5",90
Tramontana Apartments,1277215,NA,Valencia,1,1,NA,2020/03/09,2020/03/10,0,9,90
Brisa Mare Nostrum,2855311,NA,Valencia,1,1,€ 120,2020/03/09,2020/03/10,0,"9,2",90
15 Avinguda Mare Nostrum,4518973,NA,Valencia,1,1,€ 120,2020/03/09,2020/03/10,0,"9,1",90
Maison Reina B&B,5004812,NA,Valencia,1,1,€ 81,2020/03/09,2020/03/10,0,"9,2",90
Valenciaflats Centro Ciudad,18544,NA,Valencia,1,1,€ 82,2020/03/09,2020/03/10,0,"9,2",90
Biopark View Apartment,2381901,NA,Valencia,1,1,€ 86,2020/03/09,2020/03/10,0,9,90
"Piso ""Como en tu casa""",2689136,NA,Valencia,1,1,€ 125,2020/03/09,2020/03/10,0,"9,2",90
MD Design Hotel - Portal del Real,2391685,NA,Valencia,1,1,€ 126,2020/03/09,2020/03/10,2,"9,1",90
Hotel Valencia Alameda 41,4019381,NA,Valencia,1,1,€ 126,2020/03/09,2020/03/10,4,"9,2",90
Apartamento centro frente a Torres de Serrano,3408067,NA,Valencia,1,1,€ 130,2020/03/09,2020/03/10,0,"9,3",90
Habitación San Cayetano,4624401,NA,Valencia,1,1,€ 45,2020/03/09,2020/03/10,0,"7,5",90
Habitacion Apartamento soleado Plaza Escultor Frechina,4865043,NA,Valencia,1,1,€ 50,2020/03/09,2020/03/10,0,"7,7",90
Habitación Céntrica en Casa de Familia,4289877,NA,Valencia,1,1,€ 50,2020/03/09,2020/03/10,0,"7,8",90
Moon Valencia,3560698,NA,Valencia,1,1,€ 200,2020/03/09,2020/03/10,0,"8,7",90
Vincci Lys,91183,NA,Valencia,1,1,€ 217,2020/03/09,2020/03/10,4,"8,9",90
Vlc Apartaments el Carmen,389902,NA,Valencia,1,1,€ 220,2020/03/09,2020/03/10,0,"8,5",90
Austria 4,1605997,NA,Valencia,1,1,NA,2020/03/09,2020/03/10,0,9,90
Live in Chianti Apartaments,2882632,NA,Valencia,1,1,€ 132,2020/03/09,2020/03/10,0,"9,1",90
Valencia apartamento eje de moda,4854979,NA,Valencia,1,1,€ 132,2020/03/09,2020/03/10,0,"9,3",90
Una Ubicacion Perfecta,3114164,NA,Valencia,1,1,€ 88,2020/03/09,2020/03/10,0,"9,2",90
La casita de Palomar,2132386,NA,Valencia,1,1,€ 89,2020/03/09,2020/03/10,0,"9,3",90
Precioso piso junto al antiguo barrio de Campanar,3297078,NA,Valencia,1,1,€ 90,2020/03/09,2020/03/10,0,"9,2",90
Apartamento Bolseria 28,881275,NA,Valencia,1,1,NA,2020/03/09,2020/03/10,0,"9,5",90
United Colors of Studios - Mercado Central,2574108,NA,Valencia,1,1,€ 54,2020/03/09,2020/03/10,0,"7,7",90
Loft by the Beach,4441671,NA,Valencia,1,1,NA,2020/03/09,2020/03/10,0,"8,2",90
Como en casa,4802186,NA,Valencia,1,1,€ 54,2020/03/09,2020/03/10,0,"7,9",90
Patacona Green Flats,292996,NA,Valencia,1,1,€ 56,2020/03/09,2020/03/10,0,"7,7",90
Center Valencia,2944722,NA,Valencia,1,1,€ 132,2020/03/09,2020/03/10,0,"9,3",90
One Shot Mercat 09,2274203,NA,Valencia,1,1,€ 135,2020/03/09,2020/03/10,4,"9,1",90
Loft zona Pechina en Valencia centro,2524985,NA,Valencia,1,1,€ 138,2020/03/09,2020/03/10,0,"9,1",90
Hostal Bisbal,235665,NA,Valencia,1,1,€ 58,2020/03/09,2020/03/10,1,"7,6",90
Patacona Resort Apartments,189782,NA,Valencia,1,1,€ 59,2020/03/09,2020/03/10,0,"7,8",90
B&B Hotel Valencia Ciudad de las Ciencias,92242,NA,Valencia,1,1,€ 62,2020/03/09,2020/03/10,3,"7,5",90
Mon Suites San Nicolas,4117225,NA,Valencia,1,1,€ 91,2020/03/09,2020/03/10,0,"9,1",90
BUBUSUITES by Bubuflats,2389776,NA,Valencia,1,1,€ 92,2020/03/09,2020/03/10,0,"9,3",90
L'Arbre,3972359,NA,Valencia,1,1,€ 95,2020/03/09,2020/03/10,0,"9,1",90
RUZAFA. Nice apartment and Terrace.,4368595,NA,Valencia,1,1,€ 95,2020/03/09,2020/03/10,0,"9,3",90
Hideout 26,5658117,NA,Valencia,1,1,€ 97,2020/03/09,2020/03/10,0,9,90
Sorolla Centro,90896,NA,Valencia,1,1,€ 99,2020/03/09,2020/03/10,3,"9,1",90
Preciosa Casita Cerca Del Mar,4057271,NA,Valencia,1,1,NA,2020/03/09,2020/03/10,0,"9,7",90
Dama Del Puerto,3230781,NA,Valencia,1,1,€ 100,2020/03/09,2020/03/10,0,"9,1",90
Mon Suites Catedral,485679,NA,Valencia,1,1,€ 95,2020/03/09,2020/03/10,0,"9,2",90
apartamento las torres-botanico,4694090,NA,Valencia,1,1,€ 102,2020/03/09,2020/03/10,0,9,90
Citizentral Juristas,1113127,NA,Valencia,1,1,€ 97,2020/03/09,2020/03/10,0,"9,2",90
Apartamento Juliette,2914491,NA,Valencia,1,1,€ 103,2020/03/09,2020/03/10,0,"9,1",90
Coroa Malvarrosa,1638172,NA,Valencia,1,1,€ 64,2020/03/09,2020/03/10,0,"8,2",90
Reina 12,1684198,NA,Valencia,1,1,€ 64,2020/03/09,2020/03/10,0,"8,2",90
Travel Hábitat Aragón,1662477,NA,Valencia,1,1,NA,2020/03/09,2020/03/10,0,"8,8",90
United Colors of Apartments - Catedral,1301545,NA,Valencia,1,1,€ 69,2020/03/09,2020/03/10,0,"8,2",90
Senator Parque Central Hotel,274963,NA,Valencia,1,1,€ 71,2020/03/09,2020/03/10,4,"8,1",90
Hotel Medium Valencia,96838,NA,Valencia,1,1,€ 72,2020/03/09,2020/03/10,4,"8,2",90
Up Town,2244083,NA,Valencia,1,1,€ 73,2020/03/09,2020/03/10,0,"8,2",90
Down Town,1656378,NA,Valencia,1,1,€ 73,2020/03/09,2020/03/10,0,"8,3",90
City Suites Apartments,3091106,NA,Valencia,1,1,€ 74,2020/03/09,2020/03/10,0,"8,3",90
Friendly Rentals Rey,1634248,NA,Valencia,1,1,NA,2020/03/09,2020/03/10,0,"8,9",90
El Coso,14580,NA,Valencia,1,1,€ 75,2020/03/09,2020/03/10,3,"8,2",90
Dormavalencia Hostel Regne,291755,NA,Valencia,1,1,€ 75,2020/03/09,2020/03/10,1,8,90
Habitaciones Valero,3735725,NA,Valencia,1,1,€ 75,2020/03/09,2020/03/10,0,"8,1",90
Apartment Vicent,1674495,NA,Valencia,1,1,€ 75,2020/03/09,2020/03/10,0,"8,3",90
Sweet Hotel Continental,93856,NA,Valencia,1,1,€ 78,2020/03/09,2020/03/10,2,"8,3",90
Hotel Alkazar,408511,NA,Valencia,1,1,€ 79,2020/03/09,2020/03/10,1,"8,1",90
My Loft 4 You Ayuntamiento,1161893,NA,Valencia,1,1,NA,2020/03/09,2020/03/10,0,"8,8",90
Living Valencia - Tetuán,3217954,NA,Valencia,1,1,€ 82,2020/03/09,2020/03/10,0,8,90
Hotel Valencia Center,91285,NA,Valencia,1,1,€ 84,2020/03/09,2020/03/10,4,"8,4",90
OYO Style Apartments Puerto,1558265,NA,Valencia,1,1,€ 86,2020/03/09,2020/03/10,0,"8,1",90
NWT Central Station Apartments,3964093,NA,Valencia,1,1,€ 89,2020/03/09,2020/03/10,0,"8,2",90
NH Ciudad de Valencia,90729,NA,Valencia,1,1,€ 89,2020/03/09,2020/03/10,3,"8,1",90
Eurostars Rey Don Jaime,91520,NA,Valencia,1,1,€ 89,2020/03/09,2020/03/10,4,"8,2",90
Living Valencia -Correos,3062274,NA,Valencia,1,1,NA,2020/03/09,2020/03/10,0,"8,3",90
Preciosos Apartamentos en el Carmen,2918345,NA,Valencia,1,1,€ 90,2020/03/09,2020/03/10,0,8,90
Valenciaflats Torres de Serrano,17468,NA,Valencia,1,1,€ 91,2020/03/09,2020/03/10,0,"8,4",90
NH Valencia Las Artes,90731,NA,Valencia,1,1,€ 94,2020/03/09,2020/03/10,4,"8,4",90
Silken Puerta Valencia,91182,NA,Valencia,1,1,€ 95,2020/03/09,2020/03/10,4,"8,3",90
Primus Valencia,331871,NA,Valencia,1,1,€ 96,2020/03/09,2020/03/10,4,"8,3",90
