name,propertyId,propertyType,city,rooms,days,price,checkIn,checkOut,stars,score,advance
vosotros sereis parte de mi familia.,5299568,NA,Valencia,1,1,€ 60,2020/01/01,2020/01/02,0,,14
Ciudad de Las Artes,5681064,NA,Valencia,1,1,€ 70,2020/01/01,2020/01/02,0,,14
Apartamento Valencia Center,410101,NA,Valencia,1,1,NA,2020/01/01,2020/01/02,0,"9,3",14
COZY & MODERN Apartment next to Metro A. Guimerá,5516886,NA,Valencia,1,1,€ 88,2020/01/01,2020/01/02,0,,14
A Casa Martínez,5878377,NA,Valencia,1,1,€ 88,2020/01/01,2020/01/02,0,,14
YOU & CO Quart Boutique,5213598,NA,Valencia,1,1,€ 88,2020/01/01,2020/01/02,3,,14
cozy apartment+wifi,5658351,NA,Valencia,1,1,€ 89,2020/01/01,2020/01/02,0,,14
VOGHE PREMIUM FLATS,5538655,NA,Valencia,1,1,€ 99,2020/01/01,2020/01/02,0,,14
Carrer de l'Arquitecte Alfaro 27 bajo derecha,4353398,NA,Valencia,1,1,€ 102,2020/01/01,2020/01/02,0,,14
Valencia City Center New Apartments,1042326,NA,Valencia,1,1,NA,2020/01/01,2020/01/02,0,9,14
Ciutat Vella Apartment,5574768,NA,Valencia,1,1,€ 115,2020/01/01,2020/01/02,0,,14
Hotel Helen Berger,5159105,NA,Valencia,1,1,€ 153,2020/01/01,2020/01/02,4,,14
The White Apartment: Luxury- Beach and Design,5631365,NA,Valencia,1,1,€ 167,2020/01/01,2020/01/02,0,,14
Charming Apartment with Terrace,5715086,NA,Valencia,1,1,€ 170,2020/01/01,2020/01/02,0,,14
Casa Del Sueno,4292899,NA,Valencia,1,1,€ 173,2020/01/01,2020/01/02,0,,14
MD Ausias March,5823190,NA,Valencia,1,1,€ 177,2020/01/01,2020/01/02,0,,14
Austria 4,1605997,NA,Valencia,1,1,NA,2020/01/01,2020/01/02,0,9,14
Apartment Passeig de la Petxina,5695771,NA,Valencia,1,1,€ 195,2020/01/01,2020/01/02,0,,14
Apartment Carrer d'Alcoi,5953987,NA,Valencia,1,1,€ 534,2020/01/01,2020/01/02,0,,14
Apartamento de lujo con terraza,5240138,NA,Valencia,1,1,€ 770,2020/01/01,2020/01/02,0,,14
Apartment Carrer de Josep Aguirre,5646705,NA,Valencia,1,1,€ 810,2020/01/01,2020/01/02,0,,14
Happy Apartments Valencia,456043,NA,Valencia,1,1,€ 109,2020/01/01,2020/01/02,0,"8,2",14
SHF Flats Baron,1033085,NA,Valencia,1,1,€ 110,2020/01/01,2020/01/02,0,8,14
La Morella del Carmen,5188541,NA,Valencia,1,1,NA,2020/01/01,2020/01/02,0,"9,5",14
Maria Cristina Apartment,4765643,NA,Valencia,1,1,€ 114,2020/01/01,2020/01/02,0,"8,2",14
Hotel Conqueridor,91047,NA,Valencia,1,1,€ 117,2020/01/01,2020/01/02,4,"8,3",14
United Colors of Apartments - Catedral,1301545,NA,Valencia,1,1,€ 131,2020/01/01,2020/01/02,0,"8,2",14
Apartamento Obispo don Jerónimo,2079020,NA,Valencia,1,1,€ 206,2020/01/01,2020/01/02,0,"8,2",14
MD Sueca. Apartment with Terrace Ruzafa,2551179,NA,Valencia,1,1,€ 400,2020/01/01,2020/01/02,0,"8,2",14
UP Hostel Valencia,1710137,NA,Valencia,1,1,€ 11,2020/01/01,2020/01/02,0,"7,7",14
HoGraFic,5739228,NA,Valencia,1,1,NA,2020/01/01,2020/01/02,2,"9,5",14
Bright and quiet rooms near the beach,5698199,NA,Valencia,1,1,€ 28,2020/01/01,2020/01/02,0,"7,7",14
Double Room in VALENCIA,5665653,NA,Valencia,1,1,€ 28,2020/01/01,2020/01/02,0,"7,9",14
Habitaciones Barra89,1076252,NA,Valencia,1,1,€ 30,2020/01/01,2020/01/02,0,"7,9",14
Habitación Céntrica en Casa de Familia,4289877,NA,Valencia,1,1,€ 33,2020/01/01,2020/01/02,0,"7,8",14
Habitacion por dias Centro Valencia,3977106,NA,Valencia,1,1,€ 36,2020/01/01,2020/01/02,0,"7,7",14
Hospederia del Pilar,327766,NA,Valencia,1,1,€ 36,2020/01/01,2020/01/02,0,"7,9",14
Homely Nest Valencia El Carme,3790877,NA,Valencia,1,1,NA,2020/01/01,2020/01/02,0,"9,8",14
Valero Vintage,3315727,NA,Valencia,1,1,€ 38,2020/01/01,2020/01/02,0,"7,8",14
Playa de El Saler,4687003,NA,Valencia,1,1,€ 40,2020/01/01,2020/01/02,0,"7,6",14
Rooms Valencia Center,5507857,NA,Valencia,1,1,€ 42,2020/01/01,2020/01/02,0,"7,9",14
Habitación San Cayetano,4624401,NA,Valencia,1,1,€ 42,2020/01/01,2020/01/02,0,"7,5",14
Valencia- habitacion,5366858,NA,Valencia,1,1,€ 42,2020/01/01,2020/01/02,0,"7,8",14
Casual Civilizaciones Valencia,449777,NA,Valencia,1,1,€ 43,2020/01/01,2020/01/02,0,"7,9",14
Espai One Santa Mónica,5471724,NA,Valencia,1,1,NA,2020/01/01,2020/01/02,0,"9,8",14
Valencia Lounge Hostel,337203,NA,Valencia,1,1,€ 47,2020/01/01,2020/01/02,0,"7,7",14
Hostal On Dormire Valencia,432305,NA,Valencia,1,1,€ 50,2020/01/01,2020/01/02,0,"7,8",14
Hostal Bisbal,235665,NA,Valencia,1,1,€ 58,2020/01/01,2020/01/02,1,"7,6",14
Casual de la Música Valencia,273130,NA,Valencia,1,1,€ 59,2020/01/01,2020/01/02,2,"7,5",14
Hostal El Cid,309465,NA,Valencia,1,1,€ 59,2020/01/01,2020/01/02,2,"7,6",14
MARQUÉS HOUSE 4* SUP,2118880,NA,Valencia,1,1,€ 184,2020/01/01,2020/01/02,4,"9,4",14
Mon Suites San Martin,2777545,NA,Valencia,1,1,€ 187,2020/01/01,2020/01/02,0,"9,4",14
Casa La Buhardilla,2985364,NA,Valencia,1,1,NA,2020/01/01,2020/01/02,0,"9,6",14
One Shot Mercat 09,2274203,NA,Valencia,1,1,€ 189,2020/01/01,2020/01/02,4,"9,1",14
Vincci Mercat,1279484,NA,Valencia,1,1,€ 198,2020/01/01,2020/01/02,4,9,14
MYR Hotel Plaza Mercado & Spa,1619029,NA,Valencia,1,1,€ 211,2020/01/01,2020/01/02,3,"9,2",14
Caro Hotel,348132,NA,Valencia,1,1,€ 229,2020/01/01,2020/01/02,5,"9,2",14
Ca Carmela,2466364,NA,Valencia,1,1,€ 280,2020/01/01,2020/01/02,0,"9,1",14
MD Benlliure Beach.,1957258,NA,Valencia,1,1,€ 307,2020/01/01,2020/01/02,0,"7,8",14
Musico Peydro Apartments,3765069,NA,Valencia,1,1,€ 317,2020/01/01,2020/01/02,0,"7,9",14
KOA Centric- comfy and relaxed with style in Ruzafa,4105224,NA,Valencia,1,1,NA,2020/01/01,2020/01/02,0,"9,8",14
MD Pelayo with terrace,1979067,NA,Valencia,1,1,€ 409,2020/01/01,2020/01/02,0,"7,7",14
Masatepe Room Valencia,5687127,NA,Valencia,1,1,€ 24,2020/01/01,2020/01/02,0,"7,3",14
Guest House Samuel Ros,4161855,NA,Valencia,1,1,€ 29,2020/01/01,2020/01/02,0,"7,2",14
Vivaldi Center City,2791614,NA,Valencia,1,1,€ 360,2020/01/01,2020/01/02,0,"9,1",14
Ciudad Ciencias- Lujo- Parking- Wi-Fi.,4999636,NA,Valencia,1,1,NA,2020/01/01,2020/01/02,0,"9,7",14
The River Hostel,494202,NA,Valencia,1,1,€ 19,2020/01/01,2020/01/02,0,"8,5",14
Art&Flats Bed&Breakfast,5238345,NA,Valencia,1,1,€ 25,2020/01/01,2020/01/02,0,"8,8",14
Zen House,3671621,NA,Valencia,1,1,€ 38,2020/01/01,2020/01/02,0,"7,1",14
HOSPEDAJE PESET,4718074,NA,Valencia,1,1,€ 38,2020/01/01,2020/01/02,0,"7,4",14
La Flamenca,818359,NA,Valencia,1,1,€ 45,2020/01/01,2020/01/02,0,"7,2",14
PLAYA POBLA DE FARNALS,5508533,NA,Valencia,1,1,NA,2020/01/01,2020/01/02,0,"9,7",14
Quart Youth Hostel,476418,NA,Valencia,1,1,€ 31,2020/01/01,2020/01/02,0,"8,6",14
Estrella de valencia,5804852,NA,Valencia,1,1,€ 36,2020/01/01,2020/01/02,0,"8,7",14
Home Youth Hostel by Feetup Hostels,189322,NA,Valencia,1,1,€ 46,2020/01/01,2020/01/02,0,"8,8",14
Moon Valencia,3560698,NA,Valencia,1,1,€ 48,2020/01/01,2020/01/02,0,"8,7",14
Apartments Downtown Valencia,2250421,NA,Valencia,1,1,NA,2020/01/01,2020/01/02,0,"9,6",14
Estrella de russafa,5352439,NA,Valencia,1,1,€ 50,2020/01/01,2020/01/02,0,"8,9",14
Homestay Carrer Sagun,5006434,NA,Valencia,1,1,€ 53,2020/01/01,2020/01/02,0,"8,8",14
ABCyou Bed&Breakfast,189207,NA,Valencia,1,1,€ 56,2020/01/01,2020/01/02,0,"8,5",14
Russafa Youth Hostel,345134,NA,Valencia,1,1,€ 59,2020/01/01,2020/01/02,0,"8,6",14
YOU & CO. Saler Beach Boutique,4533007,NA,Valencia,1,1,€ 59,2020/01/01,2020/01/02,3,"8,9",14
Balcón Al Mar,295109,NA,Valencia,1,1,€ 61,2020/01/01,2020/01/02,0,"8,5",14
Preciosa Casita Cerca Del Mar,4057271,NA,Valencia,1,1,NA,2020/01/01,2020/01/02,0,"9,7",14
Zalamera BnB,1331238,NA,Valencia,1,1,€ 65,2020/01/01,2020/01/02,0,"8,7",14
Mercat Central brugada home,5259150,NA,Valencia,1,1,€ 52,2020/01/01,2020/01/02,0,7,14
OYO Pensión El Rincón,476031,NA,Valencia,1,1,€ 56,2020/01/01,2020/01/02,1,"7,4",14
Plaza Redonda house.,4399973,NA,Valencia,1,1,€ 62,2020/01/01,2020/01/02,0,"7,4",14
Ad Hoc Carmen,1173270,NA,Valencia,1,1,€ 66,2020/01/01,2020/01/02,2,"8,9",14
Balandra Flat,2032624,NA,Valencia,1,1,€ 66,2020/01/01,2020/01/02,0,"8,5",14
Casa del Patriarca,364834,NA,Valencia,1,1,€ 66,2020/01/01,2020/01/02,0,"8,9",14
Blanq Comedias,4922002,NA,Valencia,1,1,€ 68,2020/01/01,2020/01/02,0,"8,9",14
Cosy Rooms Bolsería,371606,NA,Valencia,1,1,€ 63,2020/01/01,2020/01/02,2,"7,4",14
NWT Central Station Valencia,1647017,NA,Valencia,1,1,€ 64,2020/01/01,2020/01/02,0,"7,1",14
Mi casa es vuestra casa,4967097,NA,Valencia,1,1,€ 67,2020/01/01,2020/01/02,0,"7,1",14
GOERLICH SUITES VALENCIA,5795923,NA,Valencia,1,1,NA,2020/01/01,2020/01/02,0,"9,6",14
Cosy Rooms Embajador,369728,NA,Valencia,1,1,€ 70,2020/01/01,2020/01/02,2,"7,3",14
Valencia_1,3698698,NA,Valencia,1,1,€ 163,2020/01/01,2020/01/02,0,"7,2",14
Select Home Catedral,440778,NA,Valencia,1,1,€ 166,2020/01/01,2020/01/02,0,"7,1",14
Like Apartments Lonja,173107,NA,Valencia,1,1,€ 199,2020/01/01,2020/01/02,0,"7,2",14
HOSTAL BED OF THE SEA,3974636,NA,Valencia,1,1,€ 200,2020/01/01,2020/01/02,0,"7,1",14
Like Apartments XL,558122,NA,Valencia,1,1,€ 240,2020/01/01,2020/01/02,0,"7,4",14
Bioparc Metro Valencia,5302327,NA,Valencia,1,1,NA,2020/01/01,2020/01/02,0,"9,5",14
Guest House Lebon,3124256,NA,Valencia,1,1,€ 28,2020/01/01,2020/01/02,0,"6,7",14
Ruzafa Rooms,2891693,NA,Valencia,1,1,€ 40,2020/01/01,2020/01/02,0,"6,9",14
Hostal Residencial RR,450746,NA,Valencia,1,1,€ 50,2020/01/01,2020/01/02,0,"6,9",14
Malvarrosa Beach Rooms,314048,NA,Valencia,1,1,€ 75,2020/01/01,2020/01/02,2,"6,9",14
NWT Monserrat,3728842,NA,Valencia,1,1,€ 81,2020/01/01,2020/01/02,0,"6,9",14
Melia Plaza Valencia,13270,NA,Valencia,1,1,€ 104,2020/01/01,2020/01/02,4,"8,9",14
Comfort Homestay,5423155,NA,Valencia,1,1,€ 105,2020/01/01,2020/01/02,0,"8,7",14
Lounge by the sea,4756780,NA,Valencia,1,1,NA,2020/01/01,2020/01/02,0,"9,8",14
Hotel Neptuno,91206,NA,Valencia,1,1,€ 108,2020/01/01,2020/01/02,4,"8,5",14
Hotel El Siglo,1741479,NA,Valencia,1,1,€ 112,2020/01/01,2020/01/02,3,"8,5",14
Boutique Creative Rooms,2334726,NA,Valencia,1,1,€ 118,2020/01/01,2020/01/02,0,"8,8",14
Les flors,3985046,NA,Valencia,1,1,€ 119,2020/01/01,2020/01/02,0,"8,6",14
Valenciaflats Torres de Serrano,17468,NA,Valencia,1,1,€ 120,2020/01/01,2020/01/02,0,"8,5",14
Zenit Valencia,92327,NA,Valencia,1,1,€ 121,2020/01/01,2020/01/02,4,"8,8",14
JL Ciudad de las Artes,3074378,NA,Valencia,1,1,NA,2020/01/01,2020/01/02,0,"9,6",14
Blanq Carmen Hotel,97069,NA,Valencia,1,1,€ 122,2020/01/01,2020/01/02,3,"8,7",14
Carrer de l'Arquitecte Alfaro 27 bajo derecha,4353398,NA,Valencia,1,1,€ 100,2020/01/01,2020/01/02,0,"9,3",14
B&B Hotel Valencia Ciudad de las Ciencias,92242,NA,Valencia,1,1,€ 65,2020/01/01,2020/01/02,3,"7,5",14
Valenciaflats Ciudad de las Ciencias,93676,NA,Valencia,1,1,€ 101,2020/01/01,2020/01/02,0,"9,1",14
Cool Central Market,3424724,NA,Valencia,1,1,NA,2020/01/01,2020/01/02,0,"9,7",14
Forn desamparats,2380447,NA,Valencia,1,1,€ 102,2020/01/01,2020/01/02,0,"9,4",14
Hotel Turia,14441,NA,Valencia,1,1,€ 69,2020/01/01,2020/01/02,4,"7,5",14
Ático En El Corazón De Ruzafa,3832501,NA,Valencia,1,1,NA,2020/01/01,2020/01/02,0,"9,5",14
Expo Hotel Valencia,91223,NA,Valencia,1,1,€ 72,2020/01/01,2020/01/02,3,"7,6",14
Ilunion Valencia 3,92818,NA,Valencia,1,1,€ 76,2020/01/01,2020/01/02,3,"7,9",14
MD Design Hotel - Portal del Real,2391685,NA,Valencia,1,1,€ 104,2020/01/01,2020/01/02,2,"9,1",14
United Colors of Apartments Boutique Style,5372347,NA,Valencia,1,1,€ 105,2020/01/01,2020/01/02,0,"9,2",14
Sorolla Centro,90896,NA,Valencia,1,1,€ 110,2020/01/01,2020/01/02,3,"9,1",14
SEA YOU HOTEL PORT VALENCIA,92328,NA,Valencia,1,1,€ 79,2020/01/01,2020/01/02,4,"7,8",14
Art of Dance Apartment Valencia,3732969,NA,Valencia,1,1,€ 80,2020/01/01,2020/01/02,0,"7,7",14
Homestay Valencia,2597106,NA,Valencia,1,1,€ 80,2020/01/01,2020/01/02,0,"7,8",14
Ciutat Vella Apartment,5574768,NA,Valencia,1,1,€ 112,2020/01/01,2020/01/02,0,"9,4",14
Hotel Boutique Balandret,1281710,NA,Valencia,1,1,€ 114,2020/01/01,2020/01/02,3,"9,2",14
Central Park Apartment Valencia,3881533,NA,Valencia,1,1,NA,2020/01/01,2020/01/02,0,"9,5",14
El 16 Ruzafa,865461,NA,Valencia,1,1,€ 84,2020/01/01,2020/01/02,0,"7,7",14
Piso en La Ciudad de Artes,3832790,NA,Valencia,1,1,NA,2020/01/01,2020/01/02,0,"9,6",14
Cosy Rooms Tapinería,371192,NA,Valencia,1,1,€ 84,2020/01/01,2020/01/02,2,"7,5",14
Apartamento Angel Alcazar 35,2174625,NA,Valencia,1,1,€ 85,2020/01/01,2020/01/02,0,"7,5",14
Casual Socarrat Valencia,5142800,NA,Valencia,1,1,€ 117,2020/01/01,2020/01/02,3,"9,1",14
Valenciaflats Mercado Central,307677,NA,Valencia,1,1,€ 120,2020/01/01,2020/01/02,0,9,14
HQ Rooms Apartments San Vicente,2894429,NA,Valencia,1,1,€ 122,2020/01/01,2020/01/02,0,"9,2",14
València Centre Túria,2185255,NA,Valencia,1,1,€ 123,2020/01/01,2020/01/02,0,"8,8",14
SH Valencia Palace,91497,NA,Valencia,1,1,€ 125,2020/01/01,2020/01/02,5,"8,6",14
One Shot Colón 46,1394168,NA,Valencia,1,1,€ 125,2020/01/01,2020/01/02,3,"8,7",14
Checkin Valencia,93743,NA,Valencia,1,1,€ 94,2020/01/01,2020/01/02,4,"7,8",14
Holiday Inn Express Ciudad de las Ciencias,96737,NA,Valencia,1,1,€ 99,2020/01/01,2020/01/02,3,"7,9",14
Jero Rooms,296743,NA,Valencia,1,1,€ 99,2020/01/01,2020/01/02,0,"7,7",14
Biopark View Apartment,2381901,NA,Valencia,1,1,€ 122,2020/01/01,2020/01/02,0,"9,1",14
Hotel Valencia Alameda 41,4019381,NA,Valencia,1,1,€ 123,2020/01/01,2020/01/02,4,"9,1",14
Mon Suites Catedral,485679,NA,Valencia,1,1,€ 128,2020/01/01,2020/01/02,0,"9,2",14
Valencia what else...,2550483,NA,Valencia,1,1,NA,2020/01/01,2020/01/02,0,"9,5",14
Petit Palace Ruzafa,90792,NA,Valencia,1,1,€ 125,2020/01/01,2020/01/02,3,"8,7",14
Casual Vintage Valencia,1710241,NA,Valencia,1,1,€ 125,2020/01/01,2020/01/02,2,"8,5",14
Apartamento Comedias,2236348,NA,Valencia,1,1,NA,2020/01/01,2020/01/02,0,"9,7",14
Citizentral Gascons,332095,NA,Valencia,1,1,€ 126,2020/01/01,2020/01/02,0,"8,8",14
Apartamento 2 en Villa Oliva Tossal Gros,3083529,NA,Valencia,1,1,€ 130,2020/01/01,2020/01/02,0,"8,8",14
Reina Rooms,4211140,NA,Valencia,1,1,€ 130,2020/01/01,2020/01/02,0,"8,9",14
MyHomestay,2921259,NA,Valencia,1,1,€ 100,2020/01/01,2020/01/02,0,"7,6",14
Bright and Modern Apartment near the Beach,4413130,NA,Valencia,1,1,NA,2020/01/01,2020/01/02,0,"9,7",14
Room in apartment,3701648,NA,Valencia,1,1,€ 100,2020/01/01,2020/01/02,0,"7,8",14
Your home in Valencia,2215828,NA,Valencia,1,1,€ 100,2020/01/01,2020/01/02,0,"7,9",14
Kirei Apartment Dublin,4639542,NA,Valencia,1,1,€ 103,2020/01/01,2020/01/02,0,"7,8",14
Apartamento Alguer,4005334,NA,Valencia,1,1,€ 105,2020/01/01,2020/01/02,0,"7,7",14
Like Apartments XL,558122,NA,Valencia,1,1,€ 250,2020/01/01,2020/01/02,0,"7,4",14
Guest House Lebon,3124256,NA,Valencia,1,1,€ 29,2020/01/01,2020/01/02,0,"6,7",14
GOERLICH SUITES VALENCIA,5795923,NA,Valencia,1,1,NA,2020/01/01,2020/01/02,0,"9,6",14
Ruzafa Rooms,2891693,NA,Valencia,1,1,€ 40,2020/01/01,2020/01/02,0,"6,9",14
Hostal Residencial RR,450746,NA,Valencia,1,1,€ 50,2020/01/01,2020/01/02,0,"6,9",14
Malvarrosa Beach Rooms,314048,NA,Valencia,1,1,€ 75,2020/01/01,2020/01/02,2,"6,9",14
NWT Monserrat,3728842,NA,Valencia,1,1,€ 84,2020/01/01,2020/01/02,0,"6,9",14
Habitación en Colon,2246576,NA,Valencia,1,1,€ 90,2020/01/01,2020/01/02,0,"6,6",14
MD Villalonga Malvarosa Beach,3739661,NA,Valencia,1,1,€ 610,2020/01/01,2020/01/02,0,"6,7",14
Bioparc Metro Valencia,5302327,NA,Valencia,1,1,NA,2020/01/01,2020/01/02,0,"9,5",14
Fun and Sun Center 2,2944416,NA,Valencia,1,1,€ 23,2020/01/01,2020/01/02,0,6,14
Guest House Higinio Noja,2845935,NA,Valencia,1,1,€ 25,2020/01/01,2020/01/02,0,6,14
La casita de Palomar,2132386,NA,Valencia,1,1,€ 133,2020/01/01,2020/01/02,0,"9,3",14
Apartamento Ruzafa Centro II,3718518,NA,Valencia,1,1,€ 137,2020/01/01,2020/01/02,0,9,14
El Globo,24498,NA,Valencia,1,1,€ 118,2020/01/01,2020/01/02,1,"7,7",14
Adrian's House,2271869,NA,Valencia,1,1,€ 120,2020/01/01,2020/01/02,0,"7,7",14
Luxury Beach Apartment with Pool,3841868,NA,Valencia,1,1,NA,2020/01/01,2020/01/02,0,"9,8",14
Apartment Florista,2150187,NA,Valencia,1,1,€ 120,2020/01/01,2020/01/02,0,"7,9",14
Cathedral Suites Hotel,1736257,NA,Valencia,1,1,€ 131,2020/01/01,2020/01/02,4,"8,9",14
Soho Valencia,1538641,NA,Valencia,1,1,€ 139,2020/01/01,2020/01/02,0,"8,9",14
Petit Palace Plaza de la Reina,90443,NA,Valencia,1,1,€ 139,2020/01/01,2020/01/02,3,"8,7",14
Port Valencia Center,5259971,NA,Valencia,1,1,NA,2020/01/01,2020/01/02,0,"9,8",14
Valenciaflats Centro Ciudad,18544,NA,Valencia,1,1,€ 138,2020/01/01,2020/01/02,0,"9,2",14
Apartamentos Wallace,1698355,NA,Valencia,1,1,€ 138,2020/01/01,2020/01/02,0,"9,2",14
Apartamentos Edificio Palomar,189277,NA,Valencia,1,1,€ 149,2020/01/01,2020/01/02,0,"9,2",14
NH Valencia Las Ciencias,90725,NA,Valencia,1,1,€ 70,2020/01/01,2020/01/02,3,8,14
NH Ciudad de Valencia,90729,NA,Valencia,1,1,€ 71,2020/01/01,2020/01/02,3,"8,1",14
Centro en Valencia,2885222,NA,Valencia,1,1,NA,2020/01/01,2020/01/02,0,"9,5",14
Hostal Antigua Morellana,1273937,NA,Valencia,1,1,€ 70,2020/01/01,2020/01/02,1,"9,5",14
MD Abastos Center,2551194,NA,Valencia,1,1,€ 227,2020/01/01,2020/01/02,0,"7,9",14
Friendly Rentals Verdi 2,2523881,NA,Valencia,1,1,€ 145,2020/01/01,2020/01/02,0,"8,8",14
Zerka Sendra,4657122,NA,Valencia,1,1,€ 149,2020/01/01,2020/01/02,0,"8,9",14
Vamos A la Playa,5030500,NA,Valencia,1,1,€ 90,2020/01/01,2020/01/02,0,"6,3",14
Malvarrosa Calle Pavia,3608764,NA,Valencia,1,1,€ 271,2020/01/01,2020/01/02,0,"7,7",14
Ca'delsPins,4110201,NA,Valencia,1,1,€ 290,2020/01/01,2020/01/02,0,"7,8",14
MD Art Apartment Ruzafa,2550955,NA,Valencia,1,1,€ 307,2020/01/01,2020/01/02,0,"7,8",14
Apartamento de Diseño en Ruzafa,4269940,NA,Valencia,1,1,€ 151,2020/01/01,2020/01/02,0,"9,4",14
Atico Loft Ruzafa,3152977,NA,Valencia,1,1,NA,2020/01/01,2020/01/02,0,"9,6",14
Apartamentos La más Bonita,2816245,NA,Valencia,1,1,€ 157,2020/01/01,2020/01/02,0,9,14
Bubuflats Bubu 3,1014334,NA,Valencia,1,1,€ 80,2020/01/01,2020/01/02,0,"9,5",14
Apartment Cisneros 2,2361375,NA,Valencia,1,1,NA,2020/01/01,2020/01/02,0,"9,7",14
Olympia Flats,4212801,NA,Valencia,1,1,€ 48,2020/01/01,2020/01/02,0,"9,7",14
Hogar Dulce Hogar,5426607,NA,Valencia,1,1,€ 100,2020/01/01,2020/01/02,0,6,14
Casita Esmeralda,2040126,NA,Valencia,1,1,€ 144,2020/01/01,2020/01/02,0,"6,4",14
Ruzafa Guesthouse,2269176,NA,Valencia,1,1,€ 44,2020/01/01,2020/01/02,0,"5,5",14
Hotel Medium Valencia,96838,NA,Valencia,1,1,€ 72,2020/01/01,2020/01/02,4,"8,2",14
Urban Youth Hostel,1163025,NA,Valencia,1,1,€ 72,2020/01/01,2020/01/02,0,"8,4",14
Hotel Alkazar,408511,NA,Valencia,1,1,€ 74,2020/01/01,2020/01/02,1,8,14
Las Arenas Balneario Resort,91144,NA,Valencia,1,1,€ 162,2020/01/01,2020/01/02,5,9,14
Charming Apartment with Terrace,5715086,NA,Valencia,1,1,€ 165,2020/01/01,2020/01/02,0,"9,3",14
Citizentral Juristas,1113127,NA,Valencia,1,1,€ 180,2020/01/01,2020/01/02,0,"9,2",14
Apartaments San Pio V,2456151,NA,Valencia,1,1,€ 150,2020/01/01,2020/01/02,0,"8,8",14
AC Hotel Colon Valencia,1117150,NA,Valencia,1,1,€ 150,2020/01/01,2020/01/02,4,"8,7",14
City Suites Apartments,3091106,NA,Valencia,1,1,€ 74,2020/01/01,2020/01/02,0,"8,3",14
Hotel Valencia Center,91285,NA,Valencia,1,1,€ 74,2020/01/01,2020/01/02,4,"8,4",14
Residencia Universitaria Damia Bonet,247451,NA,Valencia,1,1,€ 75,2020/01/01,2020/01/02,0,"8,3",14
Hotel Mediterraneo Valencia,92412,NA,Valencia,1,1,€ 150,2020/01/01,2020/01/02,3,"8,9",14
Flats Piera Valencia Center,1490563,NA,Valencia,1,1,NA,2020/01/01,2020/01/02,0,"9,7",14
Ático cerca del mar,4040503,NA,Valencia,1,1,€ 75,2020/01/01,2020/01/02,0,"8,3",14
NH Valencia Las Artes,90731,NA,Valencia,1,1,€ 75,2020/01/01,2020/01/02,4,"8,4",14
Senator Parque Central Hotel,274963,NA,Valencia,1,1,€ 77,2020/01/01,2020/01/02,4,"8,1",14
Ilunion Valencia 4,754329,NA,Valencia,1,1,€ 79,2020/01/01,2020/01/02,4,"8,1",14
Old Town Flats Casa Burguerini,4552106,NA,Valencia,1,1,€ 79,2020/01/01,2020/01/02,0,"8,3",14
Silken Puerta Valencia,91182,NA,Valencia,1,1,€ 81,2020/01/01,2020/01/02,4,"8,3",14
Hotel Dimar,90886,NA,Valencia,1,1,€ 157,2020/01/01,2020/01/02,4,"8,7",14
Catalonia Excelsior,90578,NA,Valencia,1,1,€ 160,2020/01/01,2020/01/02,3,"8,7",14
Center Valencia,2944722,NA,Valencia,1,1,€ 182,2020/01/01,2020/01/02,0,"9,3",14
HOUSE In VALENCIA WITH POOL IN FRONT OF THE SEA,5690235,NA,Valencia,1,1,NA,2020/01/01,2020/01/02,0,"9,8",14
Guest House Ruzafa,2324552,NA,Valencia,1,1,€ 44,2020/01/01,2020/01/02,0,5,14
RoomTuristValencia Estacion del Norte,4682632,NA,Valencia,1,1,€ 45,2020/01/01,2020/01/02,0,5,14
Guest House Torres de Quart,2275006,NA,Valencia,1,1,€ 45,2020/01/01,2020/01/02,0,"5,1",14
vosotros sereis parte de mi familia.,5299568,NA,Valencia,1,1,€ 60,2020/01/01,2020/01/02,0,5,14
Guest House Duc de Gaeta,2275007,NA,Valencia,1,1,€ 44,2020/01/01,2020/01/02,0,"4,9",14
Guesthouse Plaza de Toros,2985902,NA,Valencia,1,1,€ 49,2020/01/01,2020/01/02,0,"4,8",14
So de Mar,2204496,NA,Valencia,1,1,NA,2020/01/01,2020/01/02,0,"9,6",14
Carrer de l'Escriptor Rafael Ferreres,4267645,NA,Valencia,1,1,€ 85,2020/01/01,2020/01/02,0,"8,4",14
Alex Apartment,1756374,NA,Valencia,1,1,€ 90,2020/01/01,2020/01/02,0,"8,2",14
L'Esplai Valencia Bed & Breakfast,1282556,NA,Valencia,1,1,€ 106,2020/01/01,2020/01/02,0,"9,5",14
RUZAFA- CENTRO-A/C- WI-FI- PARKING,2885994,NA,Valencia,1,1,€ 115,2020/01/01,2020/01/02,0,"9,7",14
Ramirez Flats & Bar,4124528,NA,Valencia,1,1,€ 144,2020/01/01,2020/01/02,0,"9,5",14
Hotel Cosmo,4838858,NA,Valencia,1,1,€ 157,2020/01/01,2020/01/02,3,"9,6",14
Disfruta - Enjoy Valencia Oceanografic,4121345,NA,Valencia,1,1,€ 181,2020/01/01,2020/01/02,0,"9,6",14
Opera House Valencia B&B,3533887,NA,Valencia,1,1,NA,2020/01/01,2020/01/02,0,"9,5",14
ApartUP Patacona Select,4972015,NA,Valencia,1,1,NA,2020/01/01,2020/01/02,0,"9,9",14
Port of Valencia,3805735,NA,Valencia,1,1,€ 150,2020/01/01,2020/01/02,0,"4,9",14
habitaciones mercat de ruzafa,5881952,NA,Valencia,1,1,€ 50,2020/01/01,2020/01/02,0,"3,9",14
Malvarosa,3820590,NA,Valencia,1,1,€ 190,2020/01/01,2020/01/02,0,"3,8",14
Apartments Torres de Serranos Valencia,1099602,NA,Valencia,1,1,NA,2020/01/01,2020/01/02,0,"9,7",14
El Palacete Gran Via,3483148,NA,Valencia,1,1,€ 176,2020/01/01,2020/01/02,0,"8,7",14
Vincci Palace,94163,NA,Valencia,1,1,€ 176,2020/01/01,2020/01/02,4,"8,7",14
Disfruta - Enjoy Valencia Ruzafa,3890328,NA,Valencia,1,1,€ 190,2020/01/01,2020/01/02,0,"9,6",14
Palacio Vallier 5*,4639648,NA,Valencia,1,1,€ 290,2020/01/01,2020/01/02,5,"9,5",14
Live in Chianti,2227491,NA,Valencia,1,1,€ 70,2020/01/01,2020/01/02,0,"9,1",14
Hideout 26,5658117,NA,Valencia,1,1,€ 72,2020/01/01,2020/01/02,0,"9,1",14
RUZAFA. Nice apartment and Terrace.,4368595,NA,Valencia,1,1,€ 75,2020/01/01,2020/01/02,0,"9,3",14
OCEANOGRAFIC APARTMENT. PARKING. WI-FI,3107716,NA,Valencia,1,1,€ 75,2020/01/01,2020/01/02,0,9,14
Carmen Apartment,3308265,NA,Valencia,1,1,NA,2020/01/01,2020/01/02,0,"9,6",14
Hostal Venecia,92883,NA,Valencia,1,1,€ 81,2020/01/01,2020/01/02,2,"9,1",14
OCEANOGRAFIC DELUXE- PARKING- WI-FI,4095746,NA,Valencia,1,1,€ 85,2020/01/01,2020/01/02,0,9,14
BUBUSUITES by Bubuflats,2389776,NA,Valencia,1,1,€ 85,2020/01/01,2020/01/02,0,"9,3",14
MD Modern Hotel - Jardines,305447,NA,Valencia,1,1,€ 95,2020/01/01,2020/01/02,1,"8,3",14
Primus Valencia,331871,NA,Valencia,1,1,€ 96,2020/01/01,2020/01/02,4,"8,3",14
Ilunion Aqua 3,92776,NA,Valencia,1,1,€ 97,2020/01/01,2020/01/02,3,"8,3",14
Dreams Rental Plaza Redonda,1665625,NA,Valencia,1,1,€ 71,2020/01/01,2020/01/02,0,"8,5",14
Casual de las Artes Valencia,538056,NA,Valencia,1,1,€ 99,2020/01/01,2020/01/02,3,"8,4",14
Apartamento Alameda,1698817,NA,Valencia,1,1,NA,2020/01/01,2020/01/02,0,"9,5",14
Apartment Vicent,1674495,NA,Valencia,1,1,€ 100,2020/01/01,2020/01/02,0,"8,3",14
NWT Central Station Apartments,3964093,NA,Valencia,1,1,€ 104,2020/01/01,2020/01/02,0,"8,2",14
Apartamentos Navío,5647176,NA,Valencia,1,1,€ 89,2020/01/01,2020/01/02,0,"9,2",14
Palau de Palomar,471283,NA,Valencia,1,1,€ 93,2020/01/01,2020/01/02,0,"9,1",14
MUVIM CENTRUM,4756065,NA,Valencia,1,1,€ 93,2020/01/01,2020/01/02,0,"9,1",14
SH Ingles Boutique Hotel,92956,NA,Valencia,1,1,€ 180,2020/01/01,2020/01/02,4,"8,5",14
Plaza de la Virgen,3167342,NA,Valencia,1,1,€ 180,2020/01/01,2020/01/02,0,"8,8",14
One Shot Palacio Reina Victoria 04,90885,NA,Valencia,1,1,€ 189,2020/01/01,2020/01/02,4,"8,6",14
BONNIES Suites & Spa Valencia,3631910,NA,Valencia,1,1,NA,2020/01/01,2020/01/02,0,"9,8",14
APARTAMENTO CENTRICO. WI-FI. PARKING,2967593,NA,Valencia,1,1,€ 94,2020/01/01,2020/01/02,0,"9,1",14
Rooms Ciencias,94126,NA,Valencia,1,1,€ 95,2020/01/01,2020/01/02,0,9,14
Sercotel Sorolla Palace,93646,NA,Valencia,1,1,€ 71,2020/01/01,2020/01/02,4,"8,6",14
LOFT apartamento duplex en Valencia con parking gratis,5519008,NA,Valencia,1,1,NA,2020/01/01,2020/01/02,0,"9,8",14
Hotel Malcom and Barret,483261,NA,Valencia,1,1,€ 71,2020/01/01,2020/01/02,3,"8,7",14
ValentiaApartments - MercadoCentral,4185241,NA,Valencia,1,1,€ 189,2020/01/01,2020/01/02,0,"8,8",14
Bruno Apartment,2715023,NA,Valencia,1,1,NA,2020/01/01,2020/01/02,0,"9,7",14
Nanit Valencia Hostel,3913497,NA,Valencia,1,1,€ 109,2020/01/01,2020/01/02,0,"8,4",14
Happy Apartments Valencia – Lope de Vega,575582,NA,Valencia,1,1,€ 109,2020/01/01,2020/01/02,0,8,14
Happy Apartments Valencia,456043,NA,Valencia,1,1,€ 109,2020/01/01,2020/01/02,0,"8,2",14
Apartamentos Plaza Picasso,97063,NA,Valencia,1,1,€ 74,2020/01/01,2020/01/02,0,"8,5",14
Original Domino House,5434091,NA,Valencia,1,1,€ 75,2020/01/01,2020/01/02,0,"8,7",14
Hotel Olympia Universidades,1301731,NA,Valencia,1,1,€ 75,2020/01/01,2020/01/02,3,"8,5",14
Eurostars Acteón,90495,NA,Valencia,1,1,€ 75,2020/01/01,2020/01/02,4,"8,5",14
Flatsforyou Marina,1793012,NA,Valencia,1,1,€ 190,2020/01/01,2020/01/02,0,"8,6",14
Edificio Pentagono,4673669,NA,Valencia,1,1,€ 195,2020/01/01,2020/01/02,0,"8,9",14
The Westin Valencia,93321,NA,Valencia,1,1,€ 208,2020/01/01,2020/01/02,5,"8,7",14
Vincci Lys,91183,NA,Valencia,1,1,€ 214,2020/01/01,2020/01/02,4,"8,9",14
Aparment Canarias,3753027,NA,Valencia,1,1,€ 49,2020/01/01,2020/01/02,0,"2,6",14
HoLaQueTaL - Guest Rooms,5900680,NA,Valencia,1,1,€ 40,2020/01/01,2020/01/02,0,,14
UNIK. Apartments Valencia,2241282,NA,Valencia,1,1,€ 76,2020/01/01,2020/01/02,0,"8,5",14
Colón Market Downtown,4607745,NA,Valencia,1,1,NA,2020/01/01,2020/01/02,0,"9,6",14
Melia Valencia,290493,NA,Valencia,1,1,€ 79,2020/01/01,2020/01/02,4,"8,8",14
Suites by Eric Olsan (Florista),4726450,NA,Valencia,1,1,€ 79,2020/01/01,2020/01/02,0,"8,5",14
Jardín Botánico Hotel Boutique,93369,NA,Valencia,1,1,€ 79,2020/01/01,2020/01/02,3,"8,9",14
Forn desamparats,2380447,NA,Valencia,1,1,€ 100,2020/01/01,2020/01/02,0,"9,4",14
Valenciaflats Ciudad de las Ciencias,93676,NA,Valencia,1,1,€ 101,2020/01/01,2020/01/02,0,"9,1",14
Hospes Palau de La Mar,93823,NA,Valencia,1,1,€ 234,2020/01/01,2020/01/02,5,"8,8",14
SingularStays Parque Central,3054000,NA,Valencia,1,1,€ 305,2020/01/01,2020/01/02,0,"8,8",14
Garden Turia Downtown,5201200,NA,Valencia,1,1,NA,2020/01/01,2020/01/02,0,"9,6",14
BUBUFLATS Mossén,1141763,NA,Valencia,1,1,€ 80,2020/01/01,2020/01/02,0,"8,8",14
Hulot B&B Valencia,585429,NA,Valencia,1,1,€ 82,2020/01/01,2020/01/02,0,"8,5",14
AC Hotel Valencia,91063,NA,Valencia,1,1,€ 84,2020/01/01,2020/01/02,4,"8,5",14
APARTMENTS VALENCIA CENTER,5180014,NA,Valencia,1,1,NA,2020/01/01,2020/01/02,0,"9,6",14
United Colors of Apartments Boutique Style,5372347,NA,Valencia,1,1,€ 102,2020/01/01,2020/01/02,0,"9,2",14
Purple Nest Hostel,25278,NA,Valencia,1,1,€ 24,2020/01/01,2020/01/02,0,"8,2",14
Habitación en Valencia Centro,5418023,NA,Valencia,1,1,€ 29,2020/01/01,2020/01/02,0,"8,2",14
Innsa,503793,NA,Valencia,1,1,€ 34,2020/01/01,2020/01/02,0,"8,3",14
Casa Mati,4217185,NA,Valencia,1,1,€ 40,2020/01/01,2020/01/02,0,"8,2",14
BUBUFLATS / Mercat,783206,NA,Valencia,1,1,€ 85,2020/01/01,2020/01/02,0,"8,9",14
Hotel Kramer,91106,NA,Valencia,1,1,€ 85,2020/01/01,2020/01/02,3,"8,8",14
Barceló Valencia,91988,NA,Valencia,1,1,€ 85,2020/01/01,2020/01/02,4,"8,7",14
Attic Rooms in Botánico,5522932,NA,Valencia,1,1,€ 43,2020/01/01,2020/01/02,0,"8,3",14
Pension MonaLisa Luxury Suites,3834224,NA,Valencia,1,1,€ 44,2020/01/01,2020/01/02,0,"8,2",14
Disfruta - Enjoy Valencia Ayuntamiento,4901194,NA,Valencia,1,1,NA,2020/01/01,2020/01/02,0,"9,6",14
B&B Hi Valencia Canovas,305349,NA,Valencia,1,1,€ 45,2020/01/01,2020/01/02,0,"8,3",14
7 Moons Bed & Breakfast,464187,NA,Valencia,1,1,€ 49,2020/01/01,2020/01/02,0,"8,3",14
Habitaciones con Encanto,5629632,NA,Valencia,1,1,€ 50,2020/01/01,2020/01/02,0,"8,1",14
Casa Adosada Quintero,5481770,NA,Valencia,1,1,€ 88,2020/01/01,2020/01/02,0,"8,8",14
Hotel Valencia Oceanic Managed by Melia Hotels International,91522,NA,Valencia,1,1,€ 88,2020/01/01,2020/01/02,4,"8,6",14
Petit Palomar,2187491,NA,Valencia,1,1,€ 89,2020/01/01,2020/01/02,0,"8,9",14
Casa Botànic - Céntrico y con comodidades,4218273,NA,Valencia,1,1,NA,2020/01/01,2020/01/02,0,"9,8",14
Red Nest Hostel,92283,NA,Valencia,1,1,€ 51,2020/01/01,2020/01/02,0,"8,2",14
Sweet Hotel Renasa,274818,NA,Valencia,1,1,€ 54,2020/01/01,2020/01/02,3,8,14
Ad Hoc Monumental,90719,NA,Valencia,1,1,€ 89,2020/01/01,2020/01/02,3,"8,6",14
Lotelito,570027,NA,Valencia,1,1,€ 91,2020/01/01,2020/01/02,0,"8,9",14
Ilunion Aqua 4,92777,NA,Valencia,1,1,€ 91,2020/01/01,2020/01/02,4,"8,5",14
Pio XII Apartments Valencia,402080,NA,Valencia,1,1,€ 92,2020/01/01,2020/01/02,0,"8,6",14
Hotel San Lorenzo Boutique,1307718,NA,Valencia,1,1,€ 94,2020/01/01,2020/01/02,3,"8,6",14
