name,propertyId,propertyType,city,rooms,days,price,checkIn,checkOut,stars,score,advance
The White Apartment: Luxury- Beach and Design,5631365,NA,Valencia,1,1,€ 167,2020/03/14,2020/03/15,0,,90
Casa Del Sueno,4292899,NA,Valencia,1,1,€ 173,2020/03/14,2020/03/15,0,,90
MARQUÉS HOUSE 4* SUP,2118880,NA,Valencia,1,1,NA,2020/03/14,2020/03/15,4,"9,4",90
Apartment Passeig de la Petxina,5695771,NA,Valencia,1,1,€ 195,2020/03/14,2020/03/15,0,,90
A Casa Martínez,5878377,NA,Valencia,1,1,€ 204,2020/03/14,2020/03/15,0,,90
MD Ausias March,5823190,NA,Valencia,1,1,€ 232,2020/03/14,2020/03/15,0,,90
CASA MARQUES DE CARO,4472176,NA,Valencia,1,1,€ 265,2020/03/14,2020/03/15,0,,90
Turia Guesthouse - B&B,2884427,NA,Valencia,1,1,€ 285,2020/03/14,2020/03/15,0,,90
Hotel Helen Berger,5159105,NA,Valencia,1,1,€ 383,2020/03/14,2020/03/15,4,,90
MD Julio Antonio Apartment Center,3961049,NA,Valencia,1,1,NA,2020/03/14,2020/03/15,0,"9,1",90
Apartment Carrer de Josep Aguirre,5646705,NA,Valencia,1,1,€ 810,2020/03/14,2020/03/15,0,,90
Zenit Valencia,92327,NA,Valencia,1,1,€ 270,2020/03/14,2020/03/15,4,"8,8",90
AC Hotel Colon Valencia,1117150,NA,Valencia,1,1,€ 275,2020/03/14,2020/03/15,4,"8,7",90
Ambrosio Flats Valencia - El Carmen,2401127,NA,Valencia,1,1,NA,2020/03/14,2020/03/15,0,"9,5",90
ApartUP San Vicente Hall,3168199,NA,Valencia,1,1,€ 280,2020/03/14,2020/03/15,0,"8,5",90
Citizentral Gascons,332095,NA,Valencia,1,1,€ 283,2020/03/14,2020/03/15,0,"8,8",90
Puerta de Serranos,2734333,NA,Valencia,1,1,€ 286,2020/03/14,2020/03/15,0,"8,9",90
Hospes Palau de La Mar,93823,NA,Valencia,1,1,€ 298,2020/03/14,2020/03/15,5,"8,8",90
Cathedral Suites Hotel,1736257,NA,Valencia,1,1,€ 318,2020/03/14,2020/03/15,4,"8,9",90
Valenciaflats Centro Histórico,94781,NA,Valencia,1,1,€ 331,2020/03/14,2020/03/15,0,"8,7",90
APARTMENTS VALENCIA CENTER,5180014,NA,Valencia,1,1,NA,2020/03/14,2020/03/15,0,"9,6",90
Lotelito,570027,NA,Valencia,1,1,€ 350,2020/03/14,2020/03/15,0,"8,9",90
Vincci Palace,94163,NA,Valencia,1,1,€ 352,2020/03/14,2020/03/15,4,"8,7",90
Vincci Lys,91183,NA,Valencia,1,1,€ 370,2020/03/14,2020/03/15,4,"8,9",90
Zerka Sendra,4657122,NA,Valencia,1,1,€ 399,2020/03/14,2020/03/15,0,"8,9",90
Mar & City Apartment,3456759,NA,Valencia,1,1,€ 420,2020/03/14,2020/03/15,0,"8,9",90
MD PASEO RUZAFA CENTER,5374850,NA,Valencia,1,1,€ 1.330,2020/03/14,2020/03/15,0,"8,8",90
Casa La Buhardilla,2985364,NA,Valencia,1,1,NA,2020/03/14,2020/03/15,0,"9,6",90
Habitacion en Valencia,4861732,NA,Valencia,1,1,€ 45,2020/03/14,2020/03/15,0,"8,2",90
Purple Nest Hostel,25278,NA,Valencia,1,1,€ 51,2020/03/14,2020/03/15,0,"8,2",90
Como en casa,4802186,NA,Valencia,1,1,€ 54,2020/03/14,2020/03/15,0,8,90
Center Valencia Youth Hostel,246931,NA,Valencia,1,1,€ 68,2020/03/14,2020/03/15,0,8,90
Pension MonaLisa Luxury Suites,3834224,NA,Valencia,1,1,€ 70,2020/03/14,2020/03/15,0,"8,2",90
L'Otelet By Sweet,1467935,NA,Valencia,1,1,€ 77,2020/03/14,2020/03/15,0,"8,3",90
JL Ciudad de las Artes,3074378,NA,Valencia,1,1,NA,2020/03/14,2020/03/15,0,"9,6",90
Reina 12,1684198,NA,Valencia,1,1,€ 90,2020/03/14,2020/03/15,0,"8,2",90
Habitaciones con Encanto,5629632,NA,Valencia,1,1,€ 100,2020/03/14,2020/03/15,0,"8,1",90
Hotel Villacarlos,90730,NA,Valencia,1,1,€ 103,2020/03/14,2020/03/15,3,8,90
7 Moons Bed & Breakfast,464187,NA,Valencia,1,1,€ 104,2020/03/14,2020/03/15,0,"8,4",90
Sol Playa,12656,NA,Valencia,1,1,€ 105,2020/03/14,2020/03/15,2,"8,3",90
Valencia Lounge Hostel,337203,NA,Valencia,1,1,€ 95,2020/03/14,2020/03/15,0,"7,7",90
Casual Civilizaciones Valencia,449777,NA,Valencia,1,1,€ 117,2020/03/14,2020/03/15,0,"7,9",90
Glorieta,4217752,NA,Valencia,1,1,NA,2020/03/14,2020/03/15,0,"9,6",90
Hotel Turia,14441,NA,Valencia,1,1,€ 132,2020/03/14,2020/03/15,4,"7,5",90
Homestay Valencia,2597106,NA,Valencia,1,1,€ 135,2020/03/14,2020/03/15,0,"7,8",90
Expo Hotel Valencia,91223,NA,Valencia,1,1,€ 145,2020/03/14,2020/03/15,3,"7,6",90
Ilunion Valencia 3,92818,NA,Valencia,1,1,€ 150,2020/03/14,2020/03/15,3,"7,9",90
Hotel Beleret,94652,NA,Valencia,1,1,€ 163,2020/03/14,2020/03/15,3,"7,7",90
SEA YOU HOTEL PORT VALENCIA,92328,NA,Valencia,1,1,€ 167,2020/03/14,2020/03/15,4,"7,8",90
PLAYA POBLA DE FARNALS,5508533,NA,Valencia,1,1,NA,2020/03/14,2020/03/15,0,"9,7",90
STYLISH APARTMENT - CITY CENTER,2861517,NA,Valencia,1,1,€ 210,2020/03/14,2020/03/15,0,"7,8",90
Apartamento Angel Alcazar 35,2174625,NA,Valencia,1,1,€ 225,2020/03/14,2020/03/15,0,"7,5",90
Plaza Sainetero 5,3148458,NA,Valencia,1,1,€ 235,2020/03/14,2020/03/15,0,"7,7",90
Apartment Florista,2150187,NA,Valencia,1,1,€ 330,2020/03/14,2020/03/15,0,"7,9",90
ABCyou Bed&Breakfast,189207,NA,Valencia,1,1,€ 148,2020/03/14,2020/03/15,0,"8,5",90
BUBUFLATS / Mercat,783206,NA,Valencia,1,1,€ 150,2020/03/14,2020/03/15,0,"8,9",90
Select Home Town Hall,1648016,NA,Valencia,1,1,€ 410,2020/03/14,2020/03/15,0,"7,5",90
Musico Peydro Apartments,3765069,NA,Valencia,1,1,€ 467,2020/03/14,2020/03/15,0,"7,9",90
Ruzafa Viva,4475954,NA,Valencia,1,1,NA,2020/03/14,2020/03/15,0,"9,6",90
MD Benlliure Beach.,1957258,NA,Valencia,1,1,€ 467,2020/03/14,2020/03/15,0,"7,8",90
Preciosa Casita Cerca Del Mar,4057271,NA,Valencia,1,1,NA,2020/03/14,2020/03/15,0,"9,7",90
Hotel Malcom and Barret,483261,NA,Valencia,1,1,€ 162,2020/03/14,2020/03/15,3,"8,7",90
Hotel Neptuno,91206,NA,Valencia,1,1,€ 162,2020/03/14,2020/03/15,4,"8,5",90
AC Hotel Valencia,91063,NA,Valencia,1,1,€ 165,2020/03/14,2020/03/15,4,"8,5",90
Ca Carmela,2466364,NA,Valencia,1,1,€ 280,2020/03/14,2020/03/15,0,"9,1",90
NH Collection Colón Valencia,3828811,NA,Valencia,1,1,€ 292,2020/03/14,2020/03/15,4,"9,1",90
Atico Loft Ruzafa,3152977,NA,Valencia,1,1,NA,2020/03/14,2020/03/15,0,"9,6",90
MD Art Apartment Ruzafa,2550955,NA,Valencia,1,1,€ 467,2020/03/14,2020/03/15,0,"7,8",90
MD Pelayo with terrace,1979067,NA,Valencia,1,1,€ 467,2020/03/14,2020/03/15,0,"7,7",90
MD Oliag I Apartment Ruzafa,2867488,NA,Valencia,1,1,€ 587,2020/03/14,2020/03/15,0,"7,6",90
Rooms Ciencias,94126,NA,Valencia,1,1,€ 297,2020/03/14,2020/03/15,0,9,90
OCEANOGRAFIC DELUXE- PARKING- WI-FI,4095746,NA,Valencia,1,1,€ 300,2020/03/14,2020/03/15,0,9,90
Valenciaflats Centro Ciudad,18544,NA,Valencia,1,1,€ 304,2020/03/14,2020/03/15,0,"9,2",90
Burjassot Mestalla,3058627,NA,Valencia,1,1,€ 175,2020/03/14,2020/03/15,0,"8,6",90
Pio XII Apartments Valencia,402080,NA,Valencia,1,1,€ 185,2020/03/14,2020/03/15,0,"8,6",90
Barceló Valencia,91988,NA,Valencia,1,1,€ 185,2020/03/14,2020/03/15,4,"8,7",90
Apartamento Comedias,2236348,NA,Valencia,1,1,NA,2020/03/14,2020/03/15,0,"9,7",90
Guest House Lebon,3124256,NA,Valencia,1,1,€ 85,2020/03/14,2020/03/15,0,"6,7",90
Habitación en Colon,2246576,NA,Valencia,1,1,€ 90,2020/03/14,2020/03/15,0,"6,6",90
Hostal Venecia,92883,NA,Valencia,1,1,NA,2020/03/14,2020/03/15,2,"9,1",90
Ruzafa Rooms,2891693,NA,Valencia,1,1,€ 120,2020/03/14,2020/03/15,0,"6,9",90
Citizentral Juristas,1113127,NA,Valencia,1,1,€ 318,2020/03/14,2020/03/15,0,"9,2",90
Mon Suites San Martin,2777545,NA,Valencia,1,1,€ 335,2020/03/14,2020/03/15,0,"9,4",90
Valenciaflats Mercado Central,307677,NA,Valencia,1,1,€ 340,2020/03/14,2020/03/15,0,9,90
MD Villalonga Malvarosa Beach,3739661,NA,Valencia,1,1,€ 790,2020/03/14,2020/03/15,0,"6,7",90
Guest House Higinio Noja,2845935,NA,Valencia,1,1,€ 90,2020/03/14,2020/03/15,0,6,90
Casita Esmeralda,2040126,NA,Valencia,1,1,€ 128,2020/03/14,2020/03/15,0,"6,4",90
Hogar Dulce Hogar,5426607,NA,Valencia,1,1,€ 132,2020/03/14,2020/03/15,0,6,90
Centro en Valencia,2885222,NA,Valencia,1,1,NA,2020/03/14,2020/03/15,0,"9,5",90
Apartamentos Wallace,1698355,NA,Valencia,1,1,€ 363,2020/03/14,2020/03/15,0,"9,2",90
Loft Superior el Carmen,2784473,NA,Valencia,1,1,€ 383,2020/03/14,2020/03/15,0,"9,3",90
Valenciaflats Ciudad de las Ciencias,93676,NA,Valencia,1,1,€ 386,2020/03/14,2020/03/15,0,"9,1",90
Mi casa es vuestra casa,4967097,NA,Valencia,1,1,€ 70,2020/03/14,2020/03/15,0,"7,1",90
Guest House Samuel Ros,4161855,NA,Valencia,1,1,€ 90,2020/03/14,2020/03/15,0,"7,2",90
Valencia Apartamentos DEL MAR,5421626,NA,Valencia,1,1,NA,2020/03/14,2020/03/15,0,"9,8",90
NWT Central Station Valencia,1647017,NA,Valencia,1,1,€ 170,2020/03/14,2020/03/15,0,"7,1",90
Ruzafa Guesthouse,2269176,NA,Valencia,1,1,€ 232,2020/03/14,2020/03/15,0,"5,5",90
Tramontana Apartments,1277215,NA,Valencia,1,1,NA,2020/03/14,2020/03/15,0,9,90
SH Valencia Palace,91497,NA,Valencia,1,1,€ 188,2020/03/14,2020/03/15,5,"8,5",90
València Centre Torres de Quart,886289,NA,Valencia,1,1,€ 189,2020/03/14,2020/03/15,0,"8,9",90
Hotel El Siglo,1741479,NA,Valencia,1,1,€ 190,2020/03/14,2020/03/15,3,"8,5",90
Vincci Mercat,1279484,NA,Valencia,1,1,€ 396,2020/03/14,2020/03/15,4,9,90
APARTAMENTO CENTRICO. WI-FI. PARKING,2967593,NA,Valencia,1,1,€ 400,2020/03/14,2020/03/15,0,"9,1",90
Old Fisherman's House in Malvarrosa Beach,3618172,NA,Valencia,1,1,€ 648,2020/03/14,2020/03/15,0,"9,4",90
Reina Rooms,4211140,NA,Valencia,1,1,€ 195,2020/03/14,2020/03/15,0,"8,9",90
The Westin Valencia,93321,NA,Valencia,1,1,€ 198,2020/03/14,2020/03/15,5,"8,7",90
Apartamentos Plaza Picasso,97063,NA,Valencia,1,1,€ 199,2020/03/14,2020/03/15,0,"8,5",90
Musico Art Flat,2925957,NA,Valencia,1,1,NA,2020/03/14,2020/03/15,0,"9,5",90
Guest House Ruzafa,2324552,NA,Valencia,1,1,€ 204,2020/03/14,2020/03/15,0,5,90
Guest House Torres de Quart,2275006,NA,Valencia,1,1,€ 210,2020/03/14,2020/03/15,0,"5,1",90
Port of Valencia,3805735,NA,Valencia,1,1,€ 144,2020/03/14,2020/03/15,0,"4,9",90
Sampedor Apartment,435662,NA,Valencia,1,1,€ 180,2020/03/14,2020/03/15,0,"7,1",90
HOSTAL BED OF THE SEA,3974636,NA,Valencia,1,1,€ 200,2020/03/14,2020/03/15,0,"7,1",90
OYO Pensión El Rincón,476031,NA,Valencia,1,1,€ 240,2020/03/14,2020/03/15,1,"7,4",90
Select Home Catedral,440778,NA,Valencia,1,1,€ 330,2020/03/14,2020/03/15,0,"7,1",90
Blanq Comedias,4922002,NA,Valencia,1,1,€ 203,2020/03/14,2020/03/15,0,"8,9",90
Soho Valencia,1538641,NA,Valencia,1,1,€ 209,2020/03/14,2020/03/15,0,"8,9",90
Hotel Kramer,91106,NA,Valencia,1,1,€ 213,2020/03/14,2020/03/15,3,"8,8",90
Hotel Valencia Oceanic Managed by Melia Hotels International,91522,NA,Valencia,1,1,€ 217,2020/03/14,2020/03/15,4,"8,6",90
Hotel San Lorenzo Boutique,1307718,NA,Valencia,1,1,€ 236,2020/03/14,2020/03/15,3,"8,6",90
Valencia Home,1638498,NA,Valencia,1,1,€ 238,2020/03/14,2020/03/15,0,"8,9",90
Valencia Just in the Middle,2965508,NA,Valencia,1,1,NA,2020/03/14,2020/03/15,0,"9,9",90
Guest House Duc de Gaeta,2275007,NA,Valencia,1,1,€ 204,2020/03/14,2020/03/15,0,"4,9",90
habitaciones mercat de ruzafa,5881952,NA,Valencia,1,1,€ 80,2020/03/14,2020/03/15,0,"3,9",90
Malvarosa,3820590,NA,Valencia,1,1,€ 182,2020/03/14,2020/03/15,0,"3,8",90
Melia Plaza Valencia,13270,NA,Valencia,1,1,€ 242,2020/03/14,2020/03/15,4,"8,9",90
Blanq Carmen Hotel,97069,NA,Valencia,1,1,€ 243,2020/03/14,2020/03/15,3,"8,7",90
El Palacete Gran Via,3483148,NA,Valencia,1,1,€ 265,2020/03/14,2020/03/15,0,"8,7",90
Zenit Valencia,92327,NA,Valencia,1,1,€ 270,2020/03/14,2020/03/15,4,"8,8",90
La Casa Verde - Ruzafa,2029143,NA,Valencia,1,1,NA,2020/03/14,2020/03/15,0,"9,7",90
Valencia maritimo,3020748,NA,Valencia,1,1,€ 80,2020/03/14,2020/03/15,0,"8,9",90
Art&Flats Bed&Breakfast,5238345,NA,Valencia,1,1,€ 100,2020/03/14,2020/03/15,0,"8,8",90
Home Youth Hostel by Feetup Hostels,189322,NA,Valencia,1,1,€ 101,2020/03/14,2020/03/15,0,"8,8",90
Homestay Carrer Sagun,5006434,NA,Valencia,1,1,€ 110,2020/03/14,2020/03/15,0,"8,8",90
Casa Adosada Quintero,5481770,NA,Valencia,1,1,€ 118,2020/03/14,2020/03/15,0,"8,8",90
AC Hotel Colon Valencia,1117150,NA,Valencia,1,1,€ 275,2020/03/14,2020/03/15,4,"8,7",90
Casa Vich,4457634,NA,Valencia,1,1,NA,2020/03/14,2020/03/15,0,"9,3",90
Comoda habitacion,5695905,NA,Valencia,1,1,€ 56,2020/03/14,2020/03/15,0,,90
vosotros sereis parte de mi familia.,5299568,NA,Valencia,1,1,€ 56,2020/03/14,2020/03/15,0,,90
Habitacion doble en piso compartido,5645604,NA,Valencia,1,1,€ 57,2020/03/14,2020/03/15,0,,90
B&B Almirante,369695,NA,Valencia,1,1,€ 138,2020/03/14,2020/03/15,1,"8,8",90
La seda stay,3335523,NA,Valencia,1,1,NA,2020/03/14,2020/03/15,0,"9,6",90
Les flors,3985046,NA,Valencia,1,1,€ 138,2020/03/14,2020/03/15,0,"8,6",90
Superb Central Market Apt,1309446,NA,Valencia,1,1,€ 139,2020/03/14,2020/03/15,0,"8,7",90
B&B Hi Valencia Boutique,1301725,NA,Valencia,1,1,€ 142,2020/03/14,2020/03/15,0,"8,7",90
Casual del Cine Valencia,572187,NA,Valencia,1,1,€ 144,2020/03/14,2020/03/15,2,"8,7",90
Original Domino House,5434091,NA,Valencia,1,1,€ 148,2020/03/14,2020/03/15,0,"8,7",90
Mestalla paradise Rooms,5929380,NA,Valencia,1,1,€ 80,2020/03/14,2020/03/15,0,,90
Ciudad de Las Artes,5681064,NA,Valencia,1,1,€ 108,2020/03/14,2020/03/15,0,,90
Loft Valencia,5821610,NA,Valencia,1,1,€ 113,2020/03/14,2020/03/15,0,,90
Valencia City Center New Apartments,1042326,NA,Valencia,1,1,NA,2020/03/14,2020/03/15,0,9,90
casa la tranquilidad,5516825,NA,Valencia,1,1,€ 113,2020/03/14,2020/03/15,0,,90
Cabanyal Beach Apartment,5638868,NA,Valencia,1,1,€ 124,2020/03/14,2020/03/15,0,,90
Treasure Cabanyal,5899802,NA,Valencia,1,1,€ 130,2020/03/14,2020/03/15,0,,90
Minimalist room with balcony.FREE bikes & coffee 1,5776697,NA,Valencia,1,1,€ 138,2020/03/14,2020/03/15,0,,90
Cabanyal Holidays,5833535,NA,Valencia,1,1,€ 140,2020/03/14,2020/03/15,0,,90
Cabanyal Apartments Beach,5402234,NA,Valencia,1,1,€ 140,2020/03/14,2020/03/15,0,"9,8",90
LOFT apartamento duplex en Valencia con parking gratis,5519008,NA,Valencia,1,1,€ 150,2020/03/14,2020/03/15,0,"9,8",90
Apartments Downtown Valencia,2250421,NA,Valencia,1,1,NA,2020/03/14,2020/03/15,0,"9,6",90
Ramirez Flats & Bar,4124528,NA,Valencia,1,1,€ 266,2020/03/14,2020/03/15,0,"9,5",90
Ciudad Ciencias- Lujo- Parking- Wi-Fi.,4999636,NA,Valencia,1,1,€ 300,2020/03/14,2020/03/15,0,"9,7",90
Hotel Cosmo,4838858,NA,Valencia,1,1,€ 315,2020/03/14,2020/03/15,3,"9,6",90
RUZAFA- CENTRO-A/C- WI-FI- PARKING,2885994,NA,Valencia,1,1,€ 340,2020/03/14,2020/03/15,0,"9,7",90
Olympia Flats,4212801,NA,Valencia,1,1,€ 210,2020/03/14,2020/03/15,0,"9,7",90
Habitación privada a 1500 metros de la playa,3789910,NA,Valencia,1,1,€ 70,2020/03/14,2020/03/15,0,"9,3",90
Valencia what else...,2550483,NA,Valencia,1,1,NA,2020/03/14,2020/03/15,0,"9,5",90
Valencian Apartment,2298621,NA,Valencia,1,1,€ 125,2020/03/14,2020/03/15,0,9,90
L'Arbre,3972359,NA,Valencia,1,1,€ 138,2020/03/14,2020/03/15,0,"9,1",90
Cantagua Hostel,4074640,NA,Valencia,1,1,€ 143,2020/03/14,2020/03/15,0,"9,1",90
Apartamentos La más Bonita,2816245,NA,Valencia,1,1,€ 149,2020/03/14,2020/03/15,0,9,90
B BEACH VALENCIA,5125954,NA,Valencia,1,1,€ 150,2020/03/14,2020/03/15,0,9,90
BUBUSUITES by Bubuflats,2389776,NA,Valencia,1,1,€ 150,2020/03/14,2020/03/15,0,"9,3",90
BONNIES Suites & Spa Valencia,3631910,NA,Valencia,1,1,NA,2020/03/14,2020/03/15,0,"9,8",90
La Patacona apartment,3821938,NA,Valencia,1,1,€ 155,2020/03/14,2020/03/15,0,"9,4",90
MD Design Hotel - Portal del Real,2391685,NA,Valencia,1,1,€ 162,2020/03/14,2020/03/15,2,"9,1",90
RUZAFA. Nice apartment and Terrace.,4368595,NA,Valencia,1,1,€ 175,2020/03/14,2020/03/15,0,"9,3",90
Hotel Boutique Balandret,1281710,NA,Valencia,1,1,€ 181,2020/03/14,2020/03/15,3,"9,2",90
Las Arenas Balneario Resort,91144,NA,Valencia,1,1,€ 189,2020/03/14,2020/03/15,5,9,90
Lighthouse,2384209,NA,Valencia,1,1,€ 195,2020/03/14,2020/03/15,0,9,90
Central Park Apartment Valencia,3881533,NA,Valencia,1,1,NA,2020/03/14,2020/03/15,0,"9,5",90
APARTAMENTO CENTRO- RUZAFA. WI-FI. PARKING,3144104,NA,Valencia,1,1,€ 220,2020/03/14,2020/03/15,0,"9,3",90
Live in Chianti,2227491,NA,Valencia,1,1,€ 230,2020/03/14,2020/03/15,0,"9,1",90
Mon Suites San Nicolas,4117225,NA,Valencia,1,1,€ 253,2020/03/14,2020/03/15,0,"9,1",90
OCEANOGRAFIC APARTMENT. PARKING. WI-FI,3107716,NA,Valencia,1,1,€ 270,2020/03/14,2020/03/15,0,9,90
Mon Suites Catedral,485679,NA,Valencia,1,1,€ 271,2020/03/14,2020/03/15,0,"9,2",90
APARTAMENTO LAS MELLIZAS,4651578,NA,Valencia,1,1,€ 58,2020/03/14,2020/03/15,0,"8,3",90
B&B Hi Valencia Canovas,305349,NA,Valencia,1,1,€ 119,2020/03/14,2020/03/15,0,"8,3",90
Unifamiliar junto al mar,2798778,NA,Valencia,1,1,NA,2020/03/14,2020/03/15,0,"9,5",90
Sweet Hotel Renasa,274818,NA,Valencia,1,1,€ 131,2020/03/14,2020/03/15,3,8,90
Ilunion Aqua 3,92776,NA,Valencia,1,1,€ 150,2020/03/14,2020/03/15,3,"8,3",90
MD Modern Hotel - Jardines,305447,NA,Valencia,1,1,€ 157,2020/03/14,2020/03/15,1,"8,3",90
NH Valencia Center,90727,NA,Valencia,1,1,€ 166,2020/03/14,2020/03/15,4,"8,3",90
Hotel Valencia Center,91285,NA,Valencia,1,1,€ 168,2020/03/14,2020/03/15,4,"8,4",90
Eurostars Rey Don Jaime,91520,NA,Valencia,1,1,€ 170,2020/03/14,2020/03/15,4,"8,2",90
Apartment Plaza Cisneros,1273377,NA,Valencia,1,1,NA,2020/03/14,2020/03/15,0,"9,7",90
Apartment Valencia,348555,NA,Valencia,1,1,€ 171,2020/03/14,2020/03/15,0,"8,2",90
Senator Parque Central Hotel,274963,NA,Valencia,1,1,€ 180,2020/03/14,2020/03/15,4,"8,1",90
Urban Youth Hostel,1163025,NA,Valencia,1,1,€ 186,2020/03/14,2020/03/15,0,"8,4",90
Sweet Hotel Continental,93856,NA,Valencia,1,1,€ 193,2020/03/14,2020/03/15,2,"8,3",90
Eurostars Gran Valencia,90484,NA,Valencia,1,1,€ 206,2020/03/14,2020/03/15,4,"8,4",90
Hotel Conqueridor,91047,NA,Valencia,1,1,€ 216,2020/03/14,2020/03/15,4,"8,3",90
L'Esplai Valencia Bed & Breakfast,1282556,NA,Valencia,1,1,NA,2020/03/14,2020/03/15,0,"9,5",90
Ilunion Valencia 4,754329,NA,Valencia,1,1,€ 221,2020/03/14,2020/03/15,4,"8,1",90
City Suites Apartments,3091106,NA,Valencia,1,1,€ 279,2020/03/14,2020/03/15,0,"8,3",90
Zerka Centro,4425975,NA,Valencia,1,1,€ 289,2020/03/14,2020/03/15,0,"8,3",90
Valenciaflats Torres de Serrano,17468,NA,Valencia,1,1,€ 331,2020/03/14,2020/03/15,0,"8,4",90
NWT Central Station Apartments,3964093,NA,Valencia,1,1,€ 350,2020/03/14,2020/03/15,0,"8,2",90
Loft el Carmen amazing views,4932621,NA,Valencia,1,1,€ 372,2020/03/14,2020/03/15,0,"8,1",90
ÁTICO EN EL CENTRO DE VALENCIA VT-45939-T,4752815,NA,Valencia,1,1,NA,2020/03/14,2020/03/15,0,"9,6",90
UP Hostel Valencia,1710137,NA,Valencia,1,1,€ 26,2020/03/14,2020/03/15,0,"7,7",90
Hospederia del Pilar,327766,NA,Valencia,1,1,€ 54,2020/03/14,2020/03/15,0,"7,9",90
Adrian's House,2271869,NA,Valencia,1,1,€ 80,2020/03/14,2020/03/15,0,"7,7",90
Habitación San Cayetano,4624401,NA,Valencia,1,1,€ 80,2020/03/14,2020/03/15,0,"7,5",90
Casual de la Música Valencia,273130,NA,Valencia,1,1,€ 85,2020/03/14,2020/03/15,2,"7,5",90
