name,propertyId,propertyType,city,rooms,days,price,checkIn,checkOut,stars,score,advance
Apartment Carrer d'Alcoi,5953987,NA,Valencia,1,1,€ 519,2019/12/31,2020/01/01,0,,14
CALLE BAJA CIUTAT VELLA,3687463,NA,Valencia,1,1,€ 550,2019/12/31,2020/01/01,0,,14
Apartment Sofi,2830696,NA,Valencia,1,1,NA,2019/12/31,2020/01/01,0,"9,7",14
Apartamento de lujo con terraza,5240138,NA,Valencia,1,1,€ 770,2019/12/31,2020/01/01,0,,14
Hotel Valencia Center,91285,NA,Valencia,1,1,€ 149,2019/12/31,2020/01/01,4,"8,4",14
Habitacion Doble Homestay,4037073,NA,Valencia,1,1,€ 150,2019/12/31,2020/01/01,0,8,14
Preciosa Casita Cerca Del Mar,4057271,NA,Valencia,1,1,NA,2019/12/31,2020/01/01,0,"9,7",14
City Suites Apartments,3091106,NA,Valencia,1,1,€ 186,2019/12/31,2020/01/01,0,"8,3",14
Aparthotel Valencia Rental,17344,NA,Valencia,1,1,€ 199,2019/12/31,2020/01/01,0,8,14
Zerka Centro,4425975,NA,Valencia,1,1,€ 219,2019/12/31,2020/01/01,0,"8,3",14
NWT Central Station Apartments,3964093,NA,Valencia,1,1,€ 260,2019/12/31,2020/01/01,0,"8,2",14
Senator Parque Central Hotel,274963,NA,Valencia,1,1,€ 368,2019/12/31,2020/01/01,4,"8,1",14
Old Town Flats Casa Burguerini,4552106,NA,Valencia,1,1,€ 413,2019/12/31,2020/01/01,0,"8,3",14
Colón Market Downtown,4607745,NA,Valencia,1,1,NA,2019/12/31,2020/01/01,0,"9,6",14
UP Hostel Valencia,1710137,NA,Valencia,1,1,€ 29,2019/12/31,2020/01/01,0,"7,7",14
Valencia- habitacion,5366858,NA,Valencia,1,1,€ 45,2019/12/31,2020/01/01,0,"7,8",14
Valencia City Host,1177077,NA,Valencia,1,1,€ 47,2019/12/31,2020/01/01,0,"7,7",14
Habitación San Cayetano,4624401,NA,Valencia,1,1,€ 64,2019/12/31,2020/01/01,0,"7,5",14
Rooms Valencia Center,5507857,NA,Valencia,1,1,€ 76,2019/12/31,2020/01/01,0,"7,9",14
Hotel Turia,14441,NA,Valencia,1,1,€ 89,2019/12/31,2020/01/01,4,"7,5",14
Casa Botànic - Céntrico y con comodidades,4218273,NA,Valencia,1,1,NA,2019/12/31,2020/01/01,0,"9,8",14
MyHomestay,2921259,NA,Valencia,1,1,€ 100,2019/12/31,2020/01/01,0,"7,6",14
Hotel Cosmo,4838858,NA,Valencia,1,1,€ 211,2019/12/31,2020/01/01,3,"9,6",14
B&B Hotel Valencia Ciudad de las Ciencias,92242,NA,Valencia,1,1,€ 107,2019/12/31,2020/01/01,3,"7,5",14
Ilunion Valencia 3,92818,NA,Valencia,1,1,€ 110,2019/12/31,2020/01/01,3,"7,9",14
Patacona Green Flats,292996,NA,Valencia,1,1,€ 116,2019/12/31,2020/01/01,0,"7,7",14
Adrian's House,2271869,NA,Valencia,1,1,€ 120,2019/12/31,2020/01/01,0,"7,7",14
Holiday Inn Express Ciudad de las Ciencias,96737,NA,Valencia,1,1,€ 132,2019/12/31,2020/01/01,3,"7,9",14
LOFT apartamento duplex en Valencia con parking gratis,5519008,NA,Valencia,1,1,NA,2019/12/31,2020/01/01,0,"9,8",14
El Globo,24498,NA,Valencia,1,1,€ 160,2019/12/31,2020/01/01,1,"7,7",14
SHF Plaza de la Reina,1682520,NA,Valencia,1,1,€ 185,2019/12/31,2020/01/01,0,"7,8",14
El 16 Ruzafa,865461,NA,Valencia,1,1,€ 200,2019/12/31,2020/01/01,0,"7,7",14
Disfruta - Enjoy Valencia Centre,3881970,NA,Valencia,1,1,€ 309,2019/12/31,2020/01/01,0,"9,8",14
Apartment Cisneros 2,2361375,NA,Valencia,1,1,NA,2019/12/31,2020/01/01,0,"9,7",14
Disfruta - Enjoy Valencia Ruzafa,3890328,NA,Valencia,1,1,€ 369,2019/12/31,2020/01/01,0,"9,6",14
Disfruta - Enjoy Valencia Ayuntamiento,4901194,NA,Valencia,1,1,€ 370,2019/12/31,2020/01/01,0,"9,6",14
Disfruta - Enjoy Valencia Oceanografic,4121345,NA,Valencia,1,1,€ 370,2019/12/31,2020/01/01,0,"9,6",14
Select Home Town Hall,1648016,NA,Valencia,1,1,€ 325,2019/12/31,2020/01/01,0,"7,5",14
Musico Peydro Apartments,3765069,NA,Valencia,1,1,€ 407,2019/12/31,2020/01/01,0,"7,9",14
Palacio Vallier 5*,4639648,NA,Valencia,1,1,€ 420,2019/12/31,2020/01/01,5,"9,7",14
Valencia Apartamentos Goya,4256653,NA,Valencia,1,1,€ 455,2019/12/31,2020/01/01,0,"9,9",14
Rooms Ciencias,94126,NA,Valencia,1,1,€ 140,2019/12/31,2020/01/01,0,9,14
Ramirez Flats & Bar,4124528,NA,Valencia,1,1,NA,2019/12/31,2020/01/01,0,"9,5",14
Hotel Boutique Balandret,1281710,NA,Valencia,1,1,€ 143,2019/12/31,2020/01/01,3,"9,2",14
Hotel Valencia Alameda 41,4019381,NA,Valencia,1,1,€ 149,2019/12/31,2020/01/01,4,"9,1",14
Valenciaflats Mercado Central,307677,NA,Valencia,1,1,€ 179,2019/12/31,2020/01/01,0,9,14
BUBUSUITES by Bubuflats,2389776,NA,Valencia,1,1,€ 195,2019/12/31,2020/01/01,0,"9,3",14
Especial Valencia,4218497,NA,Valencia,1,1,€ 200,2019/12/31,2020/01/01,0,"9,2",14
Valenciaflats Centro Ciudad,18544,NA,Valencia,1,1,€ 207,2019/12/31,2020/01/01,0,"9,2",14
Ambrosio Flats Valencia - El Mercat,3131649,NA,Valencia,1,1,NA,2019/12/31,2020/01/01,0,"9,5",14
Valenciaflats Ciudad de las Ciencias,93676,NA,Valencia,1,1,€ 212,2019/12/31,2020/01/01,0,"9,1",14
Citizentral Juristas,1113127,NA,Valencia,1,1,€ 226,2019/12/31,2020/01/01,0,"9,2",14
B BEACH VALENCIA,5125954,NA,Valencia,1,1,€ 250,2019/12/31,2020/01/01,0,9,14
Apartamentos Wallace,1698355,NA,Valencia,1,1,€ 267,2019/12/31,2020/01/01,0,"9,2",14
NH Collection Colón Valencia,3828811,NA,Valencia,1,1,€ 294,2019/12/31,2020/01/01,4,"9,1",14
MYR Hotel Plaza Mercado & Spa,1619029,NA,Valencia,1,1,€ 297,2019/12/31,2020/01/01,3,"9,2",14
Carmen Apartment,3308265,NA,Valencia,1,1,NA,2019/12/31,2020/01/01,0,"9,6",14
MARQUÉS HOUSE 4* SUP,2118880,NA,Valencia,1,1,€ 308,2019/12/31,2020/01/01,4,"9,4",14
Apartamentos Edificio Palomar,189277,NA,Valencia,1,1,€ 309,2019/12/31,2020/01/01,0,"9,2",14
Lotelito,570027,NA,Valencia,1,1,€ 202,2019/12/31,2020/01/01,0,"8,9",14
Vincci Mercat,1279484,NA,Valencia,1,1,€ 330,2019/12/31,2020/01/01,4,9,14
Home Youth Hostel by Feetup Hostels,189322,NA,Valencia,1,1,€ 55,2019/12/31,2020/01/01,0,"8,8",14
Russafa Youth Hostel,345134,NA,Valencia,1,1,€ 68,2019/12/31,2020/01/01,0,"8,6",14
AC Hotel Colon Valencia,1117150,NA,Valencia,1,1,€ 203,2019/12/31,2020/01/01,4,"8,7",14
Apartamento Bolseria 28,881275,NA,Valencia,1,1,NA,2019/12/31,2020/01/01,0,"9,5",14
SH Valencia Palace,91497,NA,Valencia,1,1,€ 240,2019/12/31,2020/01/01,5,"8,6",14
Hotel San Lorenzo Boutique,1307718,NA,Valencia,1,1,€ 283,2019/12/31,2020/01/01,3,"8,6",14
Soho Valencia,1538641,NA,Valencia,1,1,€ 299,2019/12/31,2020/01/01,0,"8,9",14
Zerka Sendra,4657122,NA,Valencia,1,1,€ 299,2019/12/31,2020/01/01,0,"8,9",14
Vincci Palace,94163,NA,Valencia,1,1,€ 308,2019/12/31,2020/01/01,4,"8,7",14
Vincci Lys,91183,NA,Valencia,1,1,€ 319,2019/12/31,2020/01/01,4,"8,9",14
Barracart Apartments,2125836,NA,Valencia,1,1,NA,2019/12/31,2020/01/01,0,"9,6",14
Cathedral Suites Hotel,1736257,NA,Valencia,1,1,€ 338,2019/12/31,2020/01/01,4,"8,9",14
El Palacete Gran Via,3483148,NA,Valencia,1,1,€ 355,2019/12/31,2020/01/01,0,"8,7",14
The Westin Valencia,93321,NA,Valencia,1,1,€ 495,2019/12/31,2020/01/01,5,"8,7",14
Red Nest Hostel,92283,NA,Valencia,1,1,€ 31,2019/12/31,2020/01/01,0,"8,2",14
Urban Youth Hostel,1163025,NA,Valencia,1,1,€ 32,2019/12/31,2020/01/01,0,"8,4",14
Center Valencia Youth Hostel,246931,NA,Valencia,1,1,€ 19,2019/12/31,2020/01/01,0,8,14
Apartments Downtown Valencia,2250421,NA,Valencia,1,1,NA,2019/12/31,2020/01/01,0,"9,6",14
Purple Nest Hostel,25278,NA,Valencia,1,1,€ 25,2019/12/31,2020/01/01,0,"8,2",14
7 Moons Bed & Breakfast,464187,NA,Valencia,1,1,€ 73,2019/12/31,2020/01/01,0,"8,3",14
Habitaciones con Encanto,5629632,NA,Valencia,1,1,€ 80,2019/12/31,2020/01/01,0,"8,1",14
Sweet Hotel Renasa,274818,NA,Valencia,1,1,€ 109,2019/12/31,2020/01/01,3,8,14
MD Modern Hotel - Jardines,305447,NA,Valencia,1,1,€ 113,2019/12/31,2020/01/01,1,"8,3",14
Silken Puerta Valencia,91182,NA,Valencia,1,1,€ 116,2019/12/31,2020/01/01,4,"8,3",14
Ciudad Ciencias- Lujo- Parking- Wi-Fi.,4999636,NA,Valencia,1,1,NA,2019/12/31,2020/01/01,0,"9,7",14
Sweet Hotel Continental,93856,NA,Valencia,1,1,€ 124,2019/12/31,2020/01/01,2,"8,3",14
Eurostars Gran Valencia,90484,NA,Valencia,1,1,€ 134,2019/12/31,2020/01/01,4,"8,4",14
Hotel Medium Valencia,96838,NA,Valencia,1,1,€ 135,2019/12/31,2020/01/01,4,"8,2",14
Ilunion Valencia 4,754329,NA,Valencia,1,1,€ 140,2019/12/31,2020/01/01,4,"8,1",14
Primus Valencia,331871,NA,Valencia,1,1,€ 149,2019/12/31,2020/01/01,4,"8,3",14
MD Benlliure Beach.,1957258,NA,Valencia,1,1,€ 427,2019/12/31,2020/01/01,0,"7,8",14
HOSPEDAJE PESET,4718074,NA,Valencia,1,1,€ 50,2019/12/31,2020/01/01,0,"7,4",14
JL Ciudad de las Artes,3074378,NA,Valencia,1,1,NA,2019/12/31,2020/01/01,0,"9,6",14
Mi casa es vuestra casa,4967097,NA,Valencia,1,1,€ 70,2019/12/31,2020/01/01,0,"7,1",14
OYO Pensión El Rincón,476031,NA,Valencia,1,1,€ 115,2019/12/31,2020/01/01,1,"7,4",14
NWT Central Station Valencia,1647017,NA,Valencia,1,1,€ 140,2019/12/31,2020/01/01,0,"7,1",14
HOSTAL BED OF THE SEA,3974636,NA,Valencia,1,1,€ 200,2019/12/31,2020/01/01,0,"7,1",14
NWT Monserrat,3728842,NA,Valencia,1,1,€ 180,2019/12/31,2020/01/01,0,"6,9",14
Hogar Dulce Hogar,5426607,NA,Valencia,1,1,€ 100,2019/12/31,2020/01/01,0,6,14
Lounge by the sea,4756780,NA,Valencia,1,1,NA,2019/12/31,2020/01/01,0,"9,8",14
Carrer del Bisbe Jaume Pérez,4900140,NA,Valencia,1,1,€ 60,2019/12/31,2020/01/01,0,"5,9",14
Ruzafa Guesthouse,2269176,NA,Valencia,1,1,€ 85,2019/12/31,2020/01/01,0,"5,5",14
Guest House Torres de Quart,2275006,NA,Valencia,1,1,€ 89,2019/12/31,2020/01/01,0,"5,1",14
RoomTuristValencia Estacion del Norte,4682632,NA,Valencia,1,1,€ 145,2019/12/31,2020/01/01,0,5,14
Guest House Duc de Gaeta,2275007,NA,Valencia,1,1,€ 85,2019/12/31,2020/01/01,0,"4,9",14
Guesthouse Plaza de Toros,2985902,NA,Valencia,1,1,€ 90,2019/12/31,2020/01/01,0,"4,8",14
ApartUP Patacona Deluxe,2565246,NA,Valencia,1,1,NA,2019/12/31,2020/01/01,0,"9,5",14
habitaciones mercat de ruzafa,5881952,NA,Valencia,1,1,€ 80,2019/12/31,2020/01/01,0,"3,9",14
BABEL,5920925,NA,Valencia,1,1,€ 45,2019/12/31,2020/01/01,0,,14
Habitacion doble en piso compartido,5645604,NA,Valencia,1,1,€ 46,2019/12/31,2020/01/01,0,,14
vosotros sereis parte de mi familia.,5299568,NA,Valencia,1,1,€ 60,2019/12/31,2020/01/01,0,,14
Minimalist room with balcony.FREE bikes & coffee 1,5776697,NA,Valencia,1,1,€ 85,2019/12/31,2020/01/01,0,,14
COMO EN CASA NADA,5889751,NA,Valencia,1,1,€ 100,2019/12/31,2020/01/01,0,,14
Apartamento Comedias,2236348,NA,Valencia,1,1,NA,2019/12/31,2020/01/01,0,"9,7",14
YOU & CO. Saler Beach Boutique,4533007,NA,Valencia,1,1,€ 87,2019/12/31,2020/01/01,3,"8,9",14
Eurostars Acteón,90495,NA,Valencia,1,1,€ 101,2019/12/31,2020/01/01,4,"8,5",14
BONNIES Suites & Spa Valencia,3631910,NA,Valencia,1,1,NA,2019/12/31,2020/01/01,0,"9,8",14
Comfort Homestay,5423155,NA,Valencia,1,1,€ 108,2019/12/31,2020/01/01,0,"8,7",14
The White Apartment: Luxury- Beach and Design,5631365,NA,Valencia,1,1,€ 167,2019/12/31,2020/01/01,0,,14
Apartment Passeig de la Petxina,5695771,NA,Valencia,1,1,€ 195,2019/12/31,2020/01/01,0,,14
MD Ausias March,5823190,NA,Valencia,1,1,€ 222,2019/12/31,2020/01/01,0,,14
Hotel Helen Berger,5159105,NA,Valencia,1,1,€ 234,2019/12/31,2020/01/01,4,,14
Melia Valencia,290493,NA,Valencia,1,1,€ 120,2019/12/31,2020/01/01,4,"8,8",14
Hotel Malcom and Barret,483261,NA,Valencia,1,1,€ 126,2019/12/31,2020/01/01,3,"8,7",14
Blanq Comedias,4922002,NA,Valencia,1,1,€ 126,2019/12/31,2020/01/01,0,"8,9",14
Apartment Madrina Suites,5791814,NA,Valencia,1,1,€ 258,2019/12/31,2020/01/01,0,,14
Pio XII Apartments Valencia,402080,NA,Valencia,1,1,€ 128,2019/12/31,2020/01/01,0,"8,6",14
AC Hotel Valencia,91063,NA,Valencia,1,1,€ 131,2019/12/31,2020/01/01,4,"8,5",14
Hexagonal Design Apartment Valencia,4630643,NA,Valencia,1,1,NA,2019/12/31,2020/01/01,0,"9,5",14
Hotel Valencia Oceanic Managed by Melia Hotels International,91522,NA,Valencia,1,1,€ 132,2019/12/31,2020/01/01,4,"8,6",14
Original Domino House,5434091,NA,Valencia,1,1,€ 139,2019/12/31,2020/01/01,0,"8,7",14
Hotel Kramer,91106,NA,Valencia,1,1,€ 144,2019/12/31,2020/01/01,3,"8,8",14
Sercotel Sorolla Palace,93646,NA,Valencia,1,1,€ 152,2019/12/31,2020/01/01,4,"8,6",14
Barceló Valencia,91988,NA,Valencia,1,1,€ 157,2019/12/31,2020/01/01,4,"8,7",14
Les flors,3985046,NA,Valencia,1,1,€ 165,2019/12/31,2020/01/01,0,"8,6",14
Cool Central Market,3424724,NA,Valencia,1,1,NA,2019/12/31,2020/01/01,0,"9,7",14
Ilunion Aqua 4,92777,NA,Valencia,1,1,€ 166,2019/12/31,2020/01/01,4,"8,5",14
Apartamentos Plaza Picasso,97063,NA,Valencia,1,1,€ 174,2019/12/31,2020/01/01,0,"8,5",14
Valenciaflats Torres de Serrano,17468,NA,Valencia,1,1,€ 175,2019/12/31,2020/01/01,0,"8,5",14
Reina Rooms,4211140,NA,Valencia,1,1,€ 177,2019/12/31,2020/01/01,0,"8,9",14
Apartments Madrina,3278589,NA,Valencia,1,1,€ 177,2019/12/31,2020/01/01,0,"8,9",14
València Centre Túria,2185255,NA,Valencia,1,1,€ 178,2019/12/31,2020/01/01,0,"8,8",14
Central Park Apartment Valencia,3881533,NA,Valencia,1,1,NA,2019/12/31,2020/01/01,0,"9,5",14
Valenciaflats Centro Histórico,94781,NA,Valencia,1,1,€ 183,2019/12/31,2020/01/01,0,"8,7",14
SKY TOURISTIC ATTIC,281640,NA,Valencia,1,1,€ 186,2019/12/31,2020/01/01,0,"8,5",14
Citizentral Gascons,332095,NA,Valencia,1,1,€ 189,2019/12/31,2020/01/01,0,"8,8",14
Zalamera BnB,1331238,NA,Valencia,1,1,€ 190,2019/12/31,2020/01/01,0,"8,7",14
SH Ingles Boutique Hotel,92956,NA,Valencia,1,1,€ 200,2019/12/31,2020/01/01,4,"8,5",14
