name,propertyId,propertyType,city,rooms,days,price,checkIn,checkOut,stars,score,advance
Apartment Passeig de la Petxina,5695771,NA,Valencia,1,1,€ 195,2020/03/13,2020/03/14,0,,90
Apartment Carrer Ernesto Che Guevara,5598848,NA,Valencia,1,1,€ 211,2020/03/13,2020/03/14,0,,90
City Center Atico 360,3025679,NA,Valencia,1,1,NA,2020/03/13,2020/03/14,0,"9,4",90
MD Ausias March,5823190,NA,Valencia,1,1,€ 232,2020/03/13,2020/03/14,0,,90
CASA MARQUES DE CARO,4472176,NA,Valencia,1,1,€ 258,2020/03/13,2020/03/14,0,,90
Turia Guesthouse - B&B,2884427,NA,Valencia,1,1,€ 278,2020/03/13,2020/03/14,0,,90
Hotel Helen Berger,5159105,NA,Valencia,1,1,€ 289,2020/03/13,2020/03/14,4,,90
Apartment Carrer de Josep Aguirre,5646705,NA,Valencia,1,1,€ 810,2020/03/13,2020/03/14,0,,90
Colors Rooms,675839,NA,Valencia,1,1,€ 45,2020/03/13,2020/03/14,0,"9,5",90
Ramirez Flats & Bar,4124528,NA,Valencia,1,1,€ 144,2020/03/13,2020/03/14,0,"9,5",90
Apartments Downtown Valencia,2250421,NA,Valencia,1,1,NA,2020/03/13,2020/03/14,0,"9,6",90
LOFT apartamento duplex en Valencia con parking gratis,5519008,NA,Valencia,1,1,€ 150,2020/03/13,2020/03/14,0,"9,8",90
Olympia Flats,4212801,NA,Valencia,1,1,€ 80,2020/03/13,2020/03/14,0,"9,7",90
Apartment Florista,2150187,NA,Valencia,1,1,€ 174,2020/03/13,2020/03/14,0,"7,9",90
Hotel Cosmo,4838858,NA,Valencia,1,1,€ 213,2020/03/13,2020/03/14,3,"9,6",90
Ciudad Ciencias- Lujo- Parking- Wi-Fi.,4999636,NA,Valencia,1,1,€ 250,2020/03/13,2020/03/14,0,"9,7",90
RUZAFA- CENTRO-A/C- WI-FI- PARKING,2885994,NA,Valencia,1,1,€ 340,2020/03/13,2020/03/14,0,"9,7",90
Habitación en piso compartido,5433175,NA,Valencia,1,1,€ 55,2020/03/13,2020/03/14,0,9,90
Valencia what else...,2550483,NA,Valencia,1,1,NA,2020/03/13,2020/03/14,0,"9,5",90
Habitación privada a 1500 metros de la playa,3789910,NA,Valencia,1,1,€ 70,2020/03/13,2020/03/14,0,"9,3",90
STYLISH APARTMENT - CITY CENTER,2861517,NA,Valencia,1,1,€ 202,2020/03/13,2020/03/14,0,"7,8",90
Apartamento en la Ciudad de las Artes y las Ciencias,3552283,NA,Valencia,1,1,NA,2020/03/13,2020/03/14,0,"9,3",90
Host & Home,1663785,NA,Valencia,1,1,€ 87,2020/03/13,2020/03/14,0,9,90
Lindala,5250762,NA,Valencia,1,1,€ 89,2020/03/13,2020/03/14,0,"9,2",90
Vivaldi Penthouse Ayuntamiento,1289561,NA,Valencia,1,1,€ 382,2020/03/13,2020/03/14,0,"9,2",90
Loft Superior el Carmen,2784473,NA,Valencia,1,1,€ 383,2020/03/13,2020/03/14,0,"9,3",90
Apartment Sofi,2830696,NA,Valencia,1,1,NA,2020/03/13,2020/03/14,0,"9,7",90
MD Julio Antonio Apartment Center,3961049,NA,Valencia,1,1,€ 467,2020/03/13,2020/03/14,0,"9,1",90
Precioso piso junto al antiguo barrio de Campanar,3297078,NA,Valencia,1,1,€ 90,2020/03/13,2020/03/14,0,"9,2",90
Live in Chianti,2227491,NA,Valencia,1,1,€ 105,2020/03/13,2020/03/14,0,"9,1",90
BUBUSUITES by Bubuflats,2389776,NA,Valencia,1,1,€ 105,2020/03/13,2020/03/14,0,"9,3",90
Plaza Sainetero 5,3148458,NA,Valencia,1,1,€ 225,2020/03/13,2020/03/14,0,"7,7",90
Select Home Town Hall,1648016,NA,Valencia,1,1,€ 393,2020/03/13,2020/03/14,0,"7,5",90
Old Fisherman's House in Malvarrosa Beach,3618172,NA,Valencia,1,1,€ 648,2020/03/13,2020/03/14,0,"9,4",90
BONNIES Suites & Spa Valencia,3631910,NA,Valencia,1,1,NA,2020/03/13,2020/03/14,0,"9,8",90
Piso como en tu casa 2,3834617,NA,Valencia,1,1,€ 110,2020/03/13,2020/03/14,0,"9,1",90
Russafa Youth Hostel,345134,NA,Valencia,1,1,€ 57,2020/03/13,2020/03/14,0,"8,6",90
Estrella de russafa,5352439,NA,Valencia,1,1,€ 65,2020/03/13,2020/03/14,0,"8,9",90
Musico Peydro Apartments,3765069,NA,Valencia,1,1,€ 467,2020/03/13,2020/03/14,0,"7,9",90
Ad Hoc Carmen,1173270,NA,Valencia,1,1,€ 66,2020/03/13,2020/03/14,2,"8,9",90
MD Benlliure Beach.,1957258,NA,Valencia,1,1,€ 467,2020/03/13,2020/03/14,0,"7,8",90
MD Art Apartment Ruzafa,2550955,NA,Valencia,1,1,€ 467,2020/03/13,2020/03/14,0,"7,8",90
MD Pelayo with terrace,1979067,NA,Valencia,1,1,€ 467,2020/03/13,2020/03/14,0,"7,7",90
OttoH Charm Stay,2459807,NA,Valencia,1,1,€ 119,2020/03/13,2020/03/14,0,"9,3",90
Valencian Apartment,2298621,NA,Valencia,1,1,€ 125,2020/03/13,2020/03/14,0,9,90
Cantagua Hostel,4074640,NA,Valencia,1,1,€ 132,2020/03/13,2020/03/14,0,"9,1",90
Valencia maritimo,3020748,NA,Valencia,1,1,€ 80,2020/03/13,2020/03/14,0,"8,9",90
Apartamento Bolseria 28,881275,NA,Valencia,1,1,NA,2020/03/13,2020/03/14,0,"9,5",90
La Patacona apartment,3821938,NA,Valencia,1,1,€ 155,2020/03/13,2020/03/14,0,"9,4",90
Buho House,3777691,NA,Valencia,1,1,€ 84,2020/03/13,2020/03/14,0,"8,5",90
València Centre Túria,2185255,NA,Valencia,1,1,€ 85,2020/03/13,2020/03/14,0,"8,8",90
Valencia apartamento eje de moda,4854979,NA,Valencia,1,1,€ 132,2020/03/13,2020/03/14,0,"9,3",90
Hotel Valencia Alameda 41,4019381,NA,Valencia,1,1,€ 135,2020/03/13,2020/03/14,4,"9,2",90
Casual Socarrat Valencia,5142800,NA,Valencia,1,1,NA,2020/03/13,2020/03/14,3,"9,1",90
MD Oliag I Apartment Ruzafa,2867488,NA,Valencia,1,1,€ 587,2020/03/13,2020/03/14,0,"7,6",90
Central Park Apartment Valencia,3881533,NA,Valencia,1,1,NA,2020/03/13,2020/03/14,0,"9,5",90
Masatepe Room Valencia,5687127,NA,Valencia,1,1,€ 29,2020/03/13,2020/03/14,0,"7,3",90
Hostal Residencial RR,450746,NA,Valencia,1,1,€ 40,2020/03/13,2020/03/14,0,7,90
L'Arbre,3972359,NA,Valencia,1,1,€ 138,2020/03/13,2020/03/14,0,"9,1",90
Apartamentos La más Bonita,2816245,NA,Valencia,1,1,€ 149,2020/03/13,2020/03/14,0,9,90
Hostal la Barraca,350013,NA,Valencia,1,1,€ 60,2020/03/13,2020/03/14,0,"7,1",90
Mi casa es vuestra casa,4967097,NA,Valencia,1,1,€ 67,2020/03/13,2020/03/14,0,"7,1",90
Bloques Playa,2019044,NA,Valencia,1,1,€ 73,2020/03/13,2020/03/14,0,"7,2",90
Una Ubicacion Perfecta,3114164,NA,Valencia,1,1,NA,2020/03/13,2020/03/14,0,"9,2",90
Mon Suites Catedral,485679,NA,Valencia,1,1,€ 156,2020/03/13,2020/03/14,0,"9,2",90
Apartment Cisneros 2,2361375,NA,Valencia,1,1,NA,2020/03/13,2020/03/14,0,"9,7",90
Guest House Samuel Ros,4161855,NA,Valencia,1,1,€ 90,2020/03/13,2020/03/14,0,"7,2",90
NWT Central Station Valencia,1647017,NA,Valencia,1,1,€ 140,2020/03/13,2020/03/14,0,"7,1",90
Sampedor Apartment,435662,NA,Valencia,1,1,€ 180,2020/03/13,2020/03/14,0,"7,1",90
MD Design Hotel - Portal del Real,2391685,NA,Valencia,1,1,€ 162,2020/03/13,2020/03/14,2,"9,1",90
Rooms Ciencias,94126,NA,Valencia,1,1,€ 162,2020/03/13,2020/03/14,0,9,90
Home Youth Hostel by Feetup Hostels,189322,NA,Valencia,1,1,€ 100,2020/03/13,2020/03/14,0,"8,8",90
Homestay Carrer Sagun,5006434,NA,Valencia,1,1,€ 100,2020/03/13,2020/03/14,0,"8,8",90
City Garden Bed and Breakfast,2204361,NA,Valencia,1,1,€ 149,2020/03/13,2020/03/14,0,"9,3",90
Valencia Old City Serranos Towers,2643748,NA,Valencia,1,1,€ 150,2020/03/13,2020/03/14,0,"9,1",90
Art&Flats Bed&Breakfast,5238345,NA,Valencia,1,1,€ 100,2020/03/13,2020/03/14,0,"8,8",90
Casa de Maria,2467712,NA,Valencia,1,1,€ 100,2020/03/13,2020/03/14,0,"8,7",90
Preciosa Casita Cerca Del Mar,4057271,NA,Valencia,1,1,NA,2020/03/13,2020/03/14,0,"9,7",90
Live in Chianti Apartaments,2882632,NA,Valencia,1,1,€ 173,2020/03/13,2020/03/14,0,9,90
Valenciaflats Centro Ciudad,18544,NA,Valencia,1,1,€ 175,2020/03/13,2020/03/14,0,"9,2",90
HOSTAL BED OF THE SEA,3974636,NA,Valencia,1,1,€ 200,2020/03/13,2020/03/14,0,"7,1",90
Ad Hoc Monumental,90719,NA,Valencia,1,1,€ 103,2020/03/13,2020/03/14,3,"8,6",90
BUBUFLATS / Mercat,783206,NA,Valencia,1,1,€ 105,2020/03/13,2020/03/14,0,"8,9",90
Original Domino House,5434091,NA,Valencia,1,1,€ 105,2020/03/13,2020/03/14,0,"8,7",90
OYO Pensión El Rincón,476031,NA,Valencia,1,1,€ 301,2020/03/13,2020/03/14,1,"7,4",90
Select Home Catedral,440778,NA,Valencia,1,1,€ 317,2020/03/13,2020/03/14,0,"7,1",90
B BEACH VALENCIA,5125954,NA,Valencia,1,1,€ 150,2020/03/13,2020/03/14,0,9,90
Apartamento en la Ciudad de las ciencias,2837499,NA,Valencia,1,1,NA,2020/03/13,2020/03/14,0,"9,2",90
Ruzafa Rooms,2891693,NA,Valencia,1,1,€ 80,2020/03/13,2020/03/14,0,"6,9",90
RUZAFA. Nice apartment and Terrace.,4368595,NA,Valencia,1,1,€ 175,2020/03/13,2020/03/14,0,"9,3",90
BUBUFLATS Mossén,1141763,NA,Valencia,1,1,€ 105,2020/03/13,2020/03/14,0,"8,8",90
YOU & CO. Saler Beach Boutique,4533007,NA,Valencia,1,1,€ 106,2020/03/13,2020/03/14,3,"8,9",90
Hulot B&B Valencia,585429,NA,Valencia,1,1,€ 108,2020/03/13,2020/03/14,0,"8,5",90
Apartamento centro,3160737,NA,Valencia,1,1,NA,2020/03/13,2020/03/14,0,"9,7",90
OCEANOGRAFIC APARTMENT. PARKING. WI-FI,3107716,NA,Valencia,1,1,€ 180,2020/03/13,2020/03/14,0,9,90
Constitución,4229663,NA,Valencia,1,1,NA,2020/03/13,2020/03/14,0,"9,5",90
Las Arenas Balneario Resort,91144,NA,Valencia,1,1,€ 189,2020/03/13,2020/03/14,5,9,90
Habitación en Colon,2246576,NA,Valencia,1,1,€ 90,2020/03/13,2020/03/14,0,"6,6",90
Malvarrosa Beach Rooms,314048,NA,Valencia,1,1,€ 90,2020/03/13,2020/03/14,2,"6,9",90
MD Villalonga Malvarosa Beach,3739661,NA,Valencia,1,1,€ 790,2020/03/13,2020/03/14,0,"6,7",90
Lighthouse,2384209,NA,Valencia,1,1,€ 195,2020/03/13,2020/03/14,0,9,90
NH Collection Colón Valencia,3828811,NA,Valencia,1,1,€ 198,2020/03/13,2020/03/14,4,"9,1",90
OCEANOGRAFIC DELUXE- PARKING- WI-FI,4095746,NA,Valencia,1,1,€ 200,2020/03/13,2020/03/14,0,9,90
Casita Esmeralda,2040126,NA,Valencia,1,1,€ 129,2020/03/13,2020/03/14,0,"6,4",90
Citizentral Juristas,1113127,NA,Valencia,1,1,€ 209,2020/03/13,2020/03/14,0,"9,2",90
Casa Adosada Quintero,5481770,NA,Valencia,1,1,€ 108,2020/03/13,2020/03/14,0,"8,8",90
Hotel Malcom and Barret,483261,NA,Valencia,1,1,€ 111,2020/03/13,2020/03/14,3,"8,7",90
Caro Hotel,348132,NA,Valencia,1,1,€ 209,2020/03/13,2020/03/14,5,"9,2",90
Atico Loft Ruzafa,3152977,NA,Valencia,1,1,NA,2020/03/13,2020/03/14,0,"9,6",90
Valenciaflats Mercado Central,307677,NA,Valencia,1,1,€ 212,2020/03/13,2020/03/14,0,9,90
Apartamentos Wallace,1698355,NA,Valencia,1,1,€ 212,2020/03/13,2020/03/14,0,"9,2",90
Mon Suites San Martin,2777545,NA,Valencia,1,1,€ 214,2020/03/13,2020/03/14,0,"9,4",90
AC Hotel Valencia,91063,NA,Valencia,1,1,€ 112,2020/03/13,2020/03/14,4,"8,5",90
Hotel Dimar,90886,NA,Valencia,1,1,€ 113,2020/03/13,2020/03/14,4,"8,7",90
APARTAMENTO CENTRO- RUZAFA. WI-FI. PARKING,3144104,NA,Valencia,1,1,€ 220,2020/03/13,2020/03/14,0,"9,3",90
Calle de Frederica Montseny 'Política' Casa o chalet,5152866,NA,Valencia,1,1,€ 220,2020/03/13,2020/03/14,0,"9,4",90
Hotel San Lorenzo Boutique,1307718,NA,Valencia,1,1,€ 113,2020/03/13,2020/03/14,3,"8,6",90
Valenciaflats Ciudad de las Ciencias,93676,NA,Valencia,1,1,€ 239,2020/03/13,2020/03/14,0,"9,1",90
Centro en Valencia,2885222,NA,Valencia,1,1,NA,2020/03/13,2020/03/14,0,"9,5",90
APARTAMENTO CENTRICO. WI-FI. PARKING,2967593,NA,Valencia,1,1,€ 250,2020/03/13,2020/03/14,0,"9,1",90
Mon Suites San Nicolas,4117225,NA,Valencia,1,1,€ 253,2020/03/13,2020/03/14,0,"9,1",90
Vincci Mercat,1279484,NA,Valencia,1,1,€ 264,2020/03/13,2020/03/14,4,9,90
Ca Carmela,2466364,NA,Valencia,1,1,€ 280,2020/03/13,2020/03/14,0,"9,1",90
Palau de Palomar,471283,NA,Valencia,1,1,€ 329,2020/03/13,2020/03/14,0,"9,1",90
Eurostars Rey Don Jaime,91520,NA,Valencia,1,1,€ 170,2020/03/13,2020/03/14,4,"8,2",90
Apartment Valencia,348555,NA,Valencia,1,1,€ 171,2020/03/13,2020/03/14,0,"8,2",90
CheValenciaFlats,2064099,NA,Valencia,1,1,NA,2020/03/13,2020/03/14,0,9,90
Urban Youth Hostel,1163025,NA,Valencia,1,1,€ 180,2020/03/13,2020/03/14,0,"8,4",90
Eurostars Gran Valencia,90484,NA,Valencia,1,1,€ 188,2020/03/13,2020/03/14,4,"8,4",90
Zerka Centro,4425975,NA,Valencia,1,1,€ 199,2020/03/13,2020/03/14,0,"8,3",90
Valenciaflats Torres de Serrano,17468,NA,Valencia,1,1,€ 212,2020/03/13,2020/03/14,0,"8,4",90
Apartamentos Plaza Picasso,97063,NA,Valencia,1,1,€ 119,2020/03/13,2020/03/14,0,"8,5",90
Zalamera BnB,1331238,NA,Valencia,1,1,€ 122,2020/03/13,2020/03/14,0,"8,7",90
Port Valencia Center,5259971,NA,Valencia,1,1,NA,2020/03/13,2020/03/14,0,"9,8",90
ABCyou Bed&Breakfast,189207,NA,Valencia,1,1,€ 127,2020/03/13,2020/03/14,0,"8,5",90
Soho Valencia,1538641,NA,Valencia,1,1,€ 129,2020/03/13,2020/03/14,0,"8,9",90
Blanq Carmen Hotel,97069,NA,Valencia,1,1,€ 130,2020/03/13,2020/03/14,3,"8,7",90
B&B Hi Valencia Boutique,1301725,NA,Valencia,1,1,€ 132,2020/03/13,2020/03/14,0,"8,7",90
Valencia Home,1638498,NA,Valencia,1,1,€ 133,2020/03/13,2020/03/14,0,"8,9",90
B&B Almirante,369695,NA,Valencia,1,1,€ 138,2020/03/13,2020/03/14,1,"8,8",90
Stay at Valencia Downtown,1840715,NA,Valencia,1,1,NA,2020/03/13,2020/03/14,0,"9,5",90
Ilunion Valencia 4,754329,NA,Valencia,1,1,€ 240,2020/03/13,2020/03/14,4,"8,1",90
City Suites Apartments,3091106,NA,Valencia,1,1,€ 279,2020/03/13,2020/03/14,0,"8,3",90
Les flors,3985046,NA,Valencia,1,1,€ 138,2020/03/13,2020/03/14,0,"8,6",90
Superb Central Market Apt,1309446,NA,Valencia,1,1,€ 139,2020/03/13,2020/03/14,0,"8,7",90
MARQUÉS HOUSE 4* SUP,2118880,NA,Valencia,1,1,NA,2020/03/13,2020/03/14,4,"9,4",90
Loft el Carmen amazing views,4932621,NA,Valencia,1,1,€ 372,2020/03/13,2020/03/14,0,"8,1",90
MD Vila Barbera Apartment Center,1957253,NA,Valencia,1,1,€ 600,2020/03/13,2020/03/14,0,"8,4",90
Hogar Dulce Hogar,5426607,NA,Valencia,1,1,€ 132,2020/03/13,2020/03/14,0,6,90
Ruzafa Guesthouse,2269176,NA,Valencia,1,1,€ 28,2020/03/13,2020/03/14,0,"5,5",90
Double Room in VALENCIA,5665653,NA,Valencia,1,1,€ 25,2020/03/13,2020/03/14,0,"7,9",90
Valencia City Host,1177077,NA,Valencia,1,1,€ 45,2020/03/13,2020/03/14,0,"7,7",90
Casual del Cine Valencia,572187,NA,Valencia,1,1,€ 144,2020/03/13,2020/03/14,2,"8,7",90
Melia Valencia,290493,NA,Valencia,1,1,€ 144,2020/03/13,2020/03/14,4,"8,8",90
Apartamento,3139431,NA,Valencia,1,1,NA,2020/03/13,2020/03/14,0,"9,4",90
Guest House Torres de Quart,2275006,NA,Valencia,1,1,€ 24,2020/03/13,2020/03/14,0,"5,1",90
Guest House Ruzafa,2324552,NA,Valencia,1,1,€ 204,2020/03/13,2020/03/14,0,5,90
Guest House Duc de Gaeta,2275007,NA,Valencia,1,1,€ 23,2020/03/13,2020/03/14,0,"4,9",90
Habitación San Cayetano,4624401,NA,Valencia,1,1,€ 45,2020/03/13,2020/03/14,0,"7,5",90
UP Hostel Valencia,1710137,NA,Valencia,1,1,€ 46,2020/03/13,2020/03/14,0,"7,7",90
Apartment Regne De Valencia,1533033,NA,Valencia,1,1,NA,2020/03/13,2020/03/14,0,"9,4",90
Hospederia del Pilar,327766,NA,Valencia,1,1,€ 54,2020/03/13,2020/03/14,0,"7,9",90
Hostal Bisbal,235665,NA,Valencia,1,1,€ 58,2020/03/13,2020/03/14,1,"7,6",90
Adrian's House,2271869,NA,Valencia,1,1,€ 80,2020/03/13,2020/03/14,0,"7,7",90
Casual Civilizaciones Valencia,449777,NA,Valencia,1,1,€ 81,2020/03/13,2020/03/14,0,"7,9",90
Barceló Valencia,91988,NA,Valencia,1,1,€ 150,2020/03/13,2020/03/14,4,"8,7",90
Port of Valencia,3805735,NA,Valencia,1,1,€ 144,2020/03/13,2020/03/14,0,"4,9",90
habitaciones mercat de ruzafa,5881952,NA,Valencia,1,1,€ 80,2020/03/13,2020/03/14,0,"3,9",90
Petit Palace Ruzafa,90792,NA,Valencia,1,1,€ 159,2020/03/13,2020/03/14,3,"8,7",90
Unifamiliar junto al mar,2798778,NA,Valencia,1,1,NA,2020/03/13,2020/03/14,0,"9,5",90
Casual Vintage Valencia,1710241,NA,Valencia,1,1,€ 159,2020/03/13,2020/03/14,2,"8,6",90
Hotel Neptuno,91206,NA,Valencia,1,1,€ 162,2020/03/13,2020/03/14,4,"8,5",90
Malvarosa,3820590,NA,Valencia,1,1,€ 182,2020/03/13,2020/03/14,0,"3,8",90
MYR Hotel Plaza Mercado & Spa,1619029,NA,Valencia,1,1,NA,2020/03/13,2020/03/14,3,"9,2",90
Casual de la Música Valencia,273130,NA,Valencia,1,1,€ 85,2020/03/13,2020/03/14,2,"7,5",90
Valencia Lounge Hostel,337203,NA,Valencia,1,1,€ 90,2020/03/13,2020/03/14,0,"7,7",90
FEYV,5820019,NA,Valencia,1,1,€ 19,2020/03/13,2020/03/14,0,,90
Estrella de valencia,5804852,NA,Valencia,1,1,€ 49,2020/03/13,2020/03/14,0,,90
Comoda habitacion,5695905,NA,Valencia,1,1,€ 56,2020/03/13,2020/03/14,0,,90
Reina Rooms,4211140,NA,Valencia,1,1,€ 195,2020/03/13,2020/03/14,0,"8,9",90
CENTRO CIUDAD-PZA AYUNTAMIENTO-WIFI,3604273,NA,Valencia,1,1,NA,2020/03/13,2020/03/14,0,"9,1",90
B&B Hotel Valencia Ciudad de las Ciencias,92242,NA,Valencia,1,1,€ 99,2020/03/13,2020/03/14,3,"7,5",90
The Westin Valencia,93321,NA,Valencia,1,1,€ 163,2020/03/13,2020/03/14,5,"8,7",90
Hotel Valencia Oceanic Managed by Melia Hotels International,91522,NA,Valencia,1,1,€ 174,2020/03/13,2020/03/14,4,"8,6",90
Hotel Turia,14441,NA,Valencia,1,1,€ 108,2020/03/13,2020/03/14,4,"7,5",90
SEA YOU HOTEL PORT VALENCIA,92328,NA,Valencia,1,1,€ 112,2020/03/13,2020/03/14,4,"7,8",90
vosotros sereis parte de mi familia.,5299568,NA,Valencia,1,1,€ 56,2020/03/13,2020/03/14,0,,90
Habitacion doble en piso compartido,5645604,NA,Valencia,1,1,€ 57,2020/03/13,2020/03/14,0,,90
Mestalla paradise Rooms,5929380,NA,Valencia,1,1,€ 80,2020/03/13,2020/03/14,0,,90
Hotel Kramer,91106,NA,Valencia,1,1,€ 174,2020/03/13,2020/03/14,3,"8,8",90
Eurostars Acteón,90495,NA,Valencia,1,1,€ 175,2020/03/13,2020/03/14,4,"8,5",90
Expo Hotel Valencia,91223,NA,Valencia,1,1,€ 117,2020/03/13,2020/03/14,3,"7,6",90
Ilunion Valencia 3,92818,NA,Valencia,1,1,€ 150,2020/03/13,2020/03/14,3,"7,9",90
Teixidors de Palomar,2639791,NA,Valencia,1,1,NA,2020/03/13,2020/03/14,0,"9,3",90
Abuhardillado- luminoso y calido apartamento,4515803,NA,Valencia,1,1,€ 95,2020/03/13,2020/03/14,0,,90
A Casa Martínez,5878377,NA,Valencia,1,1,€ 102,2020/03/13,2020/03/14,0,,90
Citizentral Gascons,332095,NA,Valencia,1,1,€ 197,2020/03/13,2020/03/14,0,"8,8",90
Ciudad de Las Artes,5681064,NA,Valencia,1,1,€ 108,2020/03/13,2020/03/14,0,,90
Loft Valencia,5821610,NA,Valencia,1,1,€ 113,2020/03/13,2020/03/14,0,,90
casa la tranquilidad,5516825,NA,Valencia,1,1,€ 113,2020/03/13,2020/03/14,0,,90
Apartment Plaza Cisneros,1273377,NA,Valencia,1,1,NA,2020/03/13,2020/03/14,0,"9,7",90
SH Valencia Palace,91497,NA,Valencia,1,1,€ 184,2020/03/13,2020/03/14,5,"8,5",90
Cabanyal Beach Apartment,5638868,NA,Valencia,1,1,€ 115,2020/03/13,2020/03/14,0,,90
COZY APARTMENT VALENCIA BEACHFRONT!,3128516,NA,Valencia,1,1,NA,2020/03/13,2020/03/14,0,"9,4",90
Cabanyal Holidays,5833535,NA,Valencia,1,1,€ 120,2020/03/13,2020/03/14,0,,90
ÁTICO EN EL CENTRO DE VALENCIA VT-45939-T,4752815,NA,Valencia,1,1,NA,2020/03/13,2020/03/14,0,"9,6",90
Lotelito,570027,NA,Valencia,1,1,€ 202,2020/03/13,2020/03/14,0,"8,9",90
Treasure Cabanyal,5899802,NA,Valencia,1,1,€ 120,2020/03/13,2020/03/14,0,,90
Valenciaflats Centro Histórico,94781,NA,Valencia,1,1,€ 202,2020/03/13,2020/03/14,0,"8,7",90
Petit Palace Plaza de la Reina,90443,NA,Valencia,1,1,€ 203,2020/03/13,2020/03/14,3,"8,7",90
Pio XII Apartments Valencia,402080,NA,Valencia,1,1,€ 185,2020/03/13,2020/03/14,0,"8,6",90
València Centre Torres de Quart,886289,NA,Valencia,1,1,€ 189,2020/03/13,2020/03/14,0,"8,9",90
Hotel El Siglo,1741479,NA,Valencia,1,1,€ 190,2020/03/13,2020/03/14,3,"8,5",90
Minimalist room with balcony.FREE bikes & coffee 1,5776697,NA,Valencia,1,1,€ 138,2020/03/13,2020/03/14,0,,90
The White Apartment: Luxury- Beach and Design,5631365,NA,Valencia,1,1,€ 157,2020/03/13,2020/03/14,0,,90
Casa Del Sueno,4292899,NA,Valencia,1,1,€ 163,2020/03/13,2020/03/14,0,,90
Blanq Comedias,4922002,NA,Valencia,1,1,€ 203,2020/03/13,2020/03/14,0,"8,9",90
Edificio Pentagono,4673669,NA,Valencia,1,1,€ 205,2020/03/13,2020/03/14,0,"8,9",90
Melia Plaza Valencia,13270,NA,Valencia,1,1,€ 209,2020/03/13,2020/03/14,4,"8,9",90
Piso en La Ciudad de Artes,3832790,NA,Valencia,1,1,NA,2020/03/13,2020/03/14,0,"9,6",90
Ilunion Aqua 4,92777,NA,Valencia,1,1,€ 213,2020/03/13,2020/03/14,4,"8,5",90
Flatsforyou Sorolla House,403442,NA,Valencia,1,1,€ 195,2020/03/13,2020/03/14,0,"8,6",90
Zenit Valencia,92327,NA,Valencia,1,1,€ 216,2020/03/13,2020/03/14,4,"8,8",90
Hospes Palau de La Mar,93823,NA,Valencia,1,1,€ 234,2020/03/13,2020/03/14,5,"8,8",90
Vincci Palace,94163,NA,Valencia,1,1,€ 246,2020/03/13,2020/03/14,4,"8,7",90
Pension MonaLisa Luxury Suites,3834224,NA,Valencia,1,1,€ 70,2020/03/13,2020/03/14,0,"8,2",90
AC Hotel Colon Valencia,1117150,NA,Valencia,1,1,€ 248,2020/03/13,2020/03/14,4,"8,7",90
El Palacete Gran Via,3483148,NA,Valencia,1,1,€ 265,2020/03/13,2020/03/14,0,"8,7",90
Hostal Antigua Morellana,1273937,NA,Valencia,1,1,NA,2020/03/13,2020/03/14,1,"9,5",90
ApartUP San Vicente Hall,3168199,NA,Valencia,1,1,€ 280,2020/03/13,2020/03/14,0,"8,5",90
Reina 12,1684198,NA,Valencia,1,1,€ 74,2020/03/13,2020/03/14,0,"8,2",90
Valencia Apartamentos DEL MAR,5421626,NA,Valencia,1,1,NA,2020/03/13,2020/03/14,0,"9,8",90
Puerta de Serranos,2734333,NA,Valencia,1,1,€ 286,2020/03/13,2020/03/14,0,"8,9",90
Vincci Lys,91183,NA,Valencia,1,1,€ 308,2020/03/13,2020/03/14,4,"8,9",90
El Coso,14580,NA,Valencia,1,1,€ 80,2020/03/13,2020/03/14,3,"8,2",90
Habitaciones con Encanto,5629632,NA,Valencia,1,1,€ 80,2020/03/13,2020/03/14,0,"8,1",90
Zerka Sendra,4657122,NA,Valencia,1,1,€ 309,2020/03/13,2020/03/14,0,"8,9",90
Cathedral Suites Hotel,1736257,NA,Valencia,1,1,€ 321,2020/03/13,2020/03/14,4,"8,9",90
Mar & City Apartment,3456759,NA,Valencia,1,1,€ 345,2020/03/13,2020/03/14,0,"8,9",90
Sweet Hotel Continental,93856,NA,Valencia,1,1,€ 92,2020/03/13,2020/03/14,2,"8,3",90
Hotel Villacarlos,90730,NA,Valencia,1,1,€ 103,2020/03/13,2020/03/14,3,8,90
Casa Calle Conquista,4691493,NA,Valencia,1,1,NA,2020/03/13,2020/03/14,0,"9,5",90
MD PASEO RUZAFA CENTER,5374850,NA,Valencia,1,1,€ 1.330,2020/03/13,2020/03/14,0,"8,8",90
Habitacion en Valencia,4861732,NA,Valencia,1,1,€ 45,2020/03/13,2020/03/14,0,"8,2",90
Apartment Vicent,1674495,NA,Valencia,1,1,€ 100,2020/03/13,2020/03/14,0,"8,3",90
Purple Nest Hostel,25278,NA,Valencia,1,1,€ 48,2020/03/13,2020/03/14,0,"8,2",90
Como en casa,4802186,NA,Valencia,1,1,€ 54,2020/03/13,2020/03/14,0,8,90
Center Valencia Youth Hostel,246931,NA,Valencia,1,1,€ 68,2020/03/13,2020/03/14,0,8,90
7 Moons Bed & Breakfast,464187,NA,Valencia,1,1,€ 104,2020/03/13,2020/03/14,0,"8,4",90
Hostal Venecia,92883,NA,Valencia,1,1,NA,2020/03/13,2020/03/14,2,"9,1",90
Sol Playa,12656,NA,Valencia,1,1,€ 105,2020/03/13,2020/03/14,2,"8,3",90
Hotel Valencia Center,91285,NA,Valencia,1,1,€ 105,2020/03/13,2020/03/14,4,"8,4",90
NH Ciudad de Valencia,90729,NA,Valencia,1,1,€ 108,2020/03/13,2020/03/14,3,"8,1",90
NH Valencia Las Ciencias,90725,NA,Valencia,1,1,€ 108,2020/03/13,2020/03/14,3,8,90
NH Valencia Las Artes,90731,NA,Valencia,1,1,€ 109,2020/03/13,2020/03/14,4,"8,4",90
Ilunion Aqua 3,92776,NA,Valencia,1,1,€ 115,2020/03/13,2020/03/14,3,"8,3",90
Hotel Boutique Balandret,1281710,NA,Valencia,1,1,NA,2020/03/13,2020/03/14,3,"9,2",90
APARTAMENTO LAS MELLIZAS,4651578,NA,Valencia,1,1,€ 58,2020/03/13,2020/03/14,0,"8,3",90
B&B Hi Valencia Canovas,305349,NA,Valencia,1,1,€ 119,2020/03/13,2020/03/14,0,"8,3",90
Silken Puerta Valencia,91182,NA,Valencia,1,1,€ 120,2020/03/13,2020/03/14,4,"8,3",90
Senator Parque Central Hotel,274963,NA,Valencia,1,1,€ 122,2020/03/13,2020/03/14,4,"8,1",90
Sweet Hotel Renasa,274818,NA,Valencia,1,1,€ 122,2020/03/13,2020/03/14,3,8,90
NH Valencia Center,90727,NA,Valencia,1,1,€ 128,2020/03/13,2020/03/14,4,"8,3",90
Casa Vich,4457634,NA,Valencia,1,1,NA,2020/03/13,2020/03/14,0,"9,3",90
Hotel Medium Valencia,96838,NA,Valencia,1,1,€ 144,2020/03/13,2020/03/14,4,"8,2",90
Primus Valencia,331871,NA,Valencia,1,1,€ 144,2020/03/13,2020/03/14,4,"8,3",90
Hotel Conqueridor,91047,NA,Valencia,1,1,€ 153,2020/03/13,2020/03/14,4,"8,3",90
MD Modern Hotel - Jardines,305447,NA,Valencia,1,1,€ 157,2020/03/13,2020/03/14,1,"8,3",90
NWT Central Station Apartments,3964093,NA,Valencia,1,1,€ 169,2020/03/13,2020/03/14,0,"8,2",90
