name,propertyId,propertyType,city,rooms,days,price,checkIn,checkOut,stars,score,advance
Apartment Passeig de la Petxina,5695771,NA,Valencia,1,1,€ 195,2019/12/27,2019/12/28,0,,14
Dreams Rental Oceanografico,387785,NA,Valencia,1,1,€ 235,2019/12/27,2019/12/28,0,,14
Doctor Oloriz-31-9,3397673,NA,Valencia,1,1,NA,2019/12/27,2019/12/28,0,"9,6",14
Apartamento de lujo con terraza,5240138,NA,Valencia,1,1,€ 770,2019/12/27,2019/12/28,0,,14
Colors Rooms,675839,NA,Valencia,1,1,€ 40,2019/12/27,2019/12/28,0,"9,5",14
PLAYA POBLA DE FARNALS,5508533,NA,Valencia,1,1,€ 60,2019/12/27,2019/12/28,0,"9,7",14
Apartment Sofi,2830696,NA,Valencia,1,1,NA,2019/12/27,2019/12/28,0,"9,7",14
Opera House Valencia B&B,3533887,NA,Valencia,1,1,€ 70,2019/12/27,2019/12/28,0,"9,5",14
Olympia Flats,4212801,NA,Valencia,1,1,€ 60,2019/12/27,2019/12/28,0,"9,7",14
Hotel Cosmo,4838858,NA,Valencia,1,1,€ 131,2019/12/27,2019/12/28,3,"9,6",14
Ramirez Flats & Bar,4124528,NA,Valencia,1,1,€ 135,2019/12/27,2019/12/28,0,"9,5",14
Disfruta - Enjoy Valencia Ruzafa,3890328,NA,Valencia,1,1,€ 209,2019/12/27,2019/12/28,0,"9,6",14
Palacio Vallier 5*,4639648,NA,Valencia,1,1,€ 210,2019/12/27,2019/12/28,5,"9,8",14
Apartments Downtown Valencia,2250421,NA,Valencia,1,1,NA,2019/12/27,2019/12/28,0,"9,6",14
Disfruta - Enjoy Valencia Oceanografic,4121345,NA,Valencia,1,1,€ 260,2019/12/27,2019/12/28,0,"9,6",14
Purísima Street I,2471259,NA,Valencia,1,1,€ 329,2019/12/27,2019/12/28,0,"9,5",14
Cantagua Hostel,4074640,NA,Valencia,1,1,€ 28,2019/12/27,2019/12/28,0,"9,1",14
Habitación privada a 1500 metros de la playa,3789910,NA,Valencia,1,1,€ 60,2019/12/27,2019/12/28,0,"9,3",14
Rooms Ciencias,94126,NA,Valencia,1,1,€ 62,2019/12/27,2019/12/28,0,9,14
Nest Style Valencia,5219046,NA,Valencia,1,1,€ 63,2019/12/27,2019/12/28,3,"9,3",14
Valencia what else...,2550483,NA,Valencia,1,1,NA,2019/12/27,2019/12/28,0,"9,5",14
Kasa Katia Eco Guest House,636256,NA,Valencia,1,1,€ 63,2019/12/27,2019/12/28,0,"9,3",14
City Garden Bed and Breakfast,2204361,NA,Valencia,1,1,€ 68,2019/12/27,2019/12/28,0,"9,3",14
Hotel Boutique Balandret,1281710,NA,Valencia,1,1,€ 68,2019/12/27,2019/12/28,3,"9,2",14
Lindala,5250762,NA,Valencia,1,1,€ 69,2019/12/27,2019/12/28,0,"9,2",14
Live in Chianti,2227491,NA,Valencia,1,1,€ 70,2019/12/27,2019/12/28,0,"9,1",14
Apartamentos Navío,5647176,NA,Valencia,1,1,€ 75,2019/12/27,2019/12/28,0,"9,3",14
Carmen Apartment,3308265,NA,Valencia,1,1,NA,2019/12/27,2019/12/28,0,"9,6",14
Calle de Frederica Montseny 'Política' Casa o chalet,5152866,NA,Valencia,1,1,€ 79,2019/12/27,2019/12/28,0,"9,4",14
Guest House Torres de Quart,2275006,NA,Valencia,1,1,€ 24,2019/12/27,2019/12/28,0,"5,1",14
Guest House Duc de Gaeta,2275007,NA,Valencia,1,1,€ 24,2019/12/27,2019/12/28,0,"4,9",14
Habitación doble,3599930,NA,Valencia,1,1,€ 85,2019/12/27,2019/12/28,0,9,14
MUVIM CENTRUM,4756065,NA,Valencia,1,1,€ 89,2019/12/27,2019/12/28,0,"9,1",14
BUBUSUITES by Bubuflats,2389776,NA,Valencia,1,1,€ 90,2019/12/27,2019/12/28,0,"9,3",14
Apartamento torres serrano,4622232,NA,Valencia,1,1,€ 92,2019/12/27,2019/12/28,0,"9,1",14
TTdSSa VLC: Casa de las Aguas- 4 pax 2 Bedrooms,4069236,NA,Valencia,1,1,NA,2019/12/27,2019/12/28,0,"9,5",14
RoomTuristValencia Estacion del Norte,4682632,NA,Valencia,1,1,€ 48,2019/12/27,2019/12/28,0,"4,9",14
Guesthouse Plaza de Toros,2985902,NA,Valencia,1,1,€ 59,2019/12/27,2019/12/28,0,"4,8",14
Port of Valencia,3805735,NA,Valencia,1,1,€ 120,2019/12/27,2019/12/28,0,"4,9",14
habitaciones mercat de ruzafa,5881952,NA,Valencia,1,1,€ 80,2019/12/27,2019/12/28,0,"3,9",14
Malvarosa,3820590,NA,Valencia,1,1,€ 190,2019/12/27,2019/12/28,0,"3,8",14
Aparment Canarias,3753027,NA,Valencia,1,1,€ 69,2019/12/27,2019/12/28,0,"2,6",14
KOA Centric- comfy and relaxed with style in Ruzafa,4105224,NA,Valencia,1,1,NA,2019/12/27,2019/12/28,0,"9,8",14
COMO EN CASA NADA,5889751,NA,Valencia,1,1,€ 35,2019/12/27,2019/12/28,0,,14
BABEL,5920925,NA,Valencia,1,1,€ 45,2019/12/27,2019/12/28,0,,14
Tu cama,5453790,NA,Valencia,1,1,€ 60,2019/12/27,2019/12/28,0,,14
vosotros sereis parte de mi familia.,5299568,NA,Valencia,1,1,€ 60,2019/12/27,2019/12/28,0,,14
Mestalla paradise Rooms,5929380,NA,Valencia,1,1,€ 80,2019/12/27,2019/12/28,0,,14
A Casa Martínez,5878377,NA,Valencia,1,1,€ 90,2019/12/27,2019/12/28,0,,14
TTdSSa VLC: Plaza Cisneros- 2- 5 pax 3 Bedrooms,4069293,NA,Valencia,1,1,NA,2019/12/27,2019/12/28,0,"9,5",14
Lonja de la Seda- Apartments,5780809,NA,Valencia,1,1,€ 90,2019/12/27,2019/12/28,0,,14
Carrer de l'Arquitecte Alfaro 27 bajo derecha,4353398,NA,Valencia,1,1,€ 102,2019/12/27,2019/12/28,0,,14
EL ATICO,5680427,NA,Valencia,1,1,€ 107,2019/12/27,2019/12/28,0,,14
Ciutat Vella Apartment,5574768,NA,Valencia,1,1,€ 115,2019/12/27,2019/12/28,0,,14
CASA MARQUES DE CARO,4472176,NA,Valencia,1,1,€ 121,2019/12/27,2019/12/28,0,,14
Hotel Helen Berger,5159105,NA,Valencia,1,1,€ 122,2019/12/27,2019/12/28,4,,14
Bioparc Metro Valencia,5302327,NA,Valencia,1,1,NA,2019/12/27,2019/12/28,0,"9,5",14
CENTER-2BR- 2BA-ATTIC-TERRACE-VIEW- WI-FI- A/C,5264557,NA,Valencia,1,1,€ 150,2019/12/27,2019/12/28,0,,14
The White Apartment: Luxury- Beach and Design,5631365,NA,Valencia,1,1,€ 167,2019/12/27,2019/12/28,0,,14
MD Caravaca,5823383,NA,Valencia,1,1,€ 168,2019/12/27,2019/12/28,0,,14
MD Ausias March,5823190,NA,Valencia,1,1,€ 168,2019/12/27,2019/12/28,0,,14
Charming Apartment with Terrace,5715086,NA,Valencia,1,1,€ 170,2019/12/27,2019/12/28,0,,14
Nanit Valencia Hostel,3913497,NA,Valencia,1,1,€ 75,2019/12/27,2019/12/28,0,"8,4",14
Hotel Alkazar,408511,NA,Valencia,1,1,€ 75,2019/12/27,2019/12/28,1,8,14
Lounge by the sea,4756780,NA,Valencia,1,1,NA,2019/12/27,2019/12/28,0,"9,8",14
NH Valencia Las Artes,90731,NA,Valencia,1,1,€ 76,2019/12/27,2019/12/28,4,"8,4",14
NH Valencia Las Ciencias,90725,NA,Valencia,1,1,€ 76,2019/12/27,2019/12/28,3,8,14
L'Otelet By Sweet,1467935,NA,Valencia,1,1,€ 77,2019/12/27,2019/12/28,0,"8,3",14
Casual de las Artes Valencia,538056,NA,Valencia,1,1,€ 77,2019/12/27,2019/12/28,3,"8,4",14
Ilunion Valencia 4,754329,NA,Valencia,1,1,€ 84,2019/12/27,2019/12/28,4,"8,1",14
Senator Parque Central Hotel,274963,NA,Valencia,1,1,€ 85,2019/12/27,2019/12/28,4,"8,1",14
Casa La Buhardilla,2985364,NA,Valencia,1,1,NA,2019/12/27,2019/12/28,0,"9,6",14
Carrer de l'Escriptor Rafael Ferreres,4267645,NA,Valencia,1,1,€ 85,2019/12/27,2019/12/28,0,"8,4",14
Hotel Medium Valencia,96838,NA,Valencia,1,1,€ 86,2019/12/27,2019/12/28,4,"8,2",14
Valenciaflats Torres de Serrano,17468,NA,Valencia,1,1,€ 91,2019/12/27,2019/12/28,0,"8,4",14
NH Valencia Center,90727,NA,Valencia,1,1,€ 95,2019/12/27,2019/12/28,4,"8,3",14
Happy Apartments Valencia – Lope de Vega,575582,NA,Valencia,1,1,€ 97,2019/12/27,2019/12/28,0,8,14
Sweet Hotel Renasa,274818,NA,Valencia,1,1,€ 99,2019/12/27,2019/12/28,3,8,14
Port Valencia Center,5259971,NA,Valencia,1,1,NA,2019/12/27,2019/12/28,0,"9,8",14
Sweet Hotel Continental,93856,NA,Valencia,1,1,€ 99,2019/12/27,2019/12/28,2,"8,3",14
Apartamento Privado Próximo a Playa y Ciencias,3783163,NA,Valencia,1,1,€ 100,2019/12/27,2019/12/28,0,"8,3",14
Patacona Beach Apartment,4533678,NA,Valencia,1,1,€ 100,2019/12/27,2019/12/28,0,"8,3",14
Ilunion Aqua 3,92776,NA,Valencia,1,1,€ 101,2019/12/27,2019/12/28,3,"8,3",14
SEA YOU HOTEL PORT VALENCIA,92328,NA,Valencia,1,1,€ 66,2019/12/27,2019/12/28,4,"7,8",14
Ilunion Valencia 3,92818,NA,Valencia,1,1,€ 67,2019/12/27,2019/12/28,3,"7,9",14
Primus Valencia,331871,NA,Valencia,1,1,€ 105,2019/12/27,2019/12/28,4,"8,3",14
MD Modern Hotel - Jardines,305447,NA,Valencia,1,1,€ 109,2019/12/27,2019/12/28,1,"8,3",14
VIVIENDA DISEÑO CON JARDÍN INTERIOR,4314054,NA,Valencia,1,1,NA,2019/12/27,2019/12/28,0,"9,6",14
APARTAMENTO LAS MELLIZAS,4651578,NA,Valencia,1,1,€ 58,2019/12/27,2019/12/28,0,"8,3",14
La Morella del Carmen,5188541,NA,Valencia,1,1,NA,2019/12/27,2019/12/28,0,"9,5",14
Apartamento Angel Alcazar 35,2174625,NA,Valencia,1,1,€ 86,2019/12/27,2019/12/28,0,"7,5",14
Apartamento Alguer,4005334,NA,Valencia,1,1,€ 96,2019/12/27,2019/12/28,0,"7,7",14
Holiday Inn Express Ciudad de las Ciencias,96737,NA,Valencia,1,1,€ 110,2019/12/27,2019/12/28,3,"7,9",14
Plaza Sainetero 5,3148458,NA,Valencia,1,1,€ 111,2019/12/27,2019/12/28,0,"7,7",14
Apartment Florista,2150187,NA,Valencia,1,1,€ 121,2019/12/27,2019/12/28,0,"7,9",14
SHF Plaza de la Reina,1682520,NA,Valencia,1,1,€ 129,2019/12/27,2019/12/28,0,"7,8",14
Ático Valencia Centro,4358939,NA,Valencia,1,1,NA,2019/12/27,2019/12/28,0,"9,8",14
El 16 Ruzafa,865461,NA,Valencia,1,1,€ 149,2019/12/27,2019/12/28,0,"7,7",14
Malvarrosa Calle Pavia,3608764,NA,Valencia,1,1,€ 170,2019/12/27,2019/12/28,0,"7,7",14
MD Abastos Center,2551194,NA,Valencia,1,1,€ 185,2019/12/27,2019/12/28,0,"7,9",14
Select Home Town Hall,1648016,NA,Valencia,1,1,€ 197,2019/12/27,2019/12/28,0,"7,5",14
Musico Peydro Apartments,3765069,NA,Valencia,1,1,€ 267,2019/12/27,2019/12/28,0,"7,9",14
MD Benlliure Beach.,1957258,NA,Valencia,1,1,€ 267,2019/12/27,2019/12/28,0,"7,8",14
Homely Nest Valencia El Carme,3790877,NA,Valencia,1,1,NA,2019/12/27,2019/12/28,0,"9,8",14
MD Oliag I Apartment Ruzafa,2867488,NA,Valencia,1,1,€ 287,2019/12/27,2019/12/28,0,"7,6",14
Hotel Conqueridor,91047,NA,Valencia,1,1,€ 126,2019/12/27,2019/12/28,4,"8,3",14
SHF Flats Baron,1033085,NA,Valencia,1,1,€ 129,2019/12/27,2019/12/28,0,8,14
Habitacion Doble Homestay,4037073,NA,Valencia,1,1,€ 150,2019/12/27,2019/12/28,0,8,14
NWT Central Station Apartments,3964093,NA,Valencia,1,1,€ 154,2019/12/27,2019/12/28,0,"8,2",14
MD Art Apartment Ruzafa,2550955,NA,Valencia,1,1,€ 327,2019/12/27,2019/12/28,0,"7,8",14
Apartment Plaza de la Merced,3457190,NA,Valencia,1,1,€ 470,2019/12/27,2019/12/28,0,"7,9",14
Masatepe Room Valencia,5687127,NA,Valencia,1,1,€ 24,2019/12/27,2019/12/28,0,"7,3",14
Guest House Samuel Ros,4161855,NA,Valencia,1,1,€ 25,2019/12/27,2019/12/28,0,"7,2",14
Hostal Waksman,281139,NA,Valencia,1,1,€ 30,2019/12/27,2019/12/28,1,"7,4",14
L'Esplai Valencia Bed & Breakfast,1282556,NA,Valencia,1,1,NA,2019/12/27,2019/12/28,0,"9,5",14
Zen House,3671621,NA,Valencia,1,1,€ 37,2019/12/27,2019/12/28,0,"7,1",14
Hostal Residencial RR,450746,NA,Valencia,1,1,€ 40,2019/12/27,2019/12/28,0,7,14
Habitación cerca del centro,2789581,NA,Valencia,1,1,€ 42,2019/12/27,2019/12/28,0,"7,4",14
La Flamenca,818359,NA,Valencia,1,1,€ 45,2019/12/27,2019/12/28,0,"7,2",14
Sampedor Apartment,435662,NA,Valencia,1,1,€ 46,2019/12/27,2019/12/28,0,"7,1",14
Comfort Room(AVEValencia),5696103,NA,Valencia,1,1,€ 95,2019/12/27,2019/12/28,0,9,14
APARTAMENTO CENTRO- RUZAFA. WI-FI. PARKING,3144104,NA,Valencia,1,1,€ 96,2019/12/27,2019/12/28,0,"9,3",14
Hexagonal Design Apartment Valencia,4630643,NA,Valencia,1,1,NA,2019/12/27,2019/12/28,0,"9,5",14
Sorolla Centro,90896,NA,Valencia,1,1,€ 99,2019/12/27,2019/12/28,3,"9,1",14
Valenciaflats Centro Ciudad,18544,NA,Valencia,1,1,€ 101,2019/12/27,2019/12/28,0,"9,2",14
Apartment on Carrer del Dr. Lluch,2008997,NA,Valencia,1,1,€ 104,2019/12/27,2019/12/28,0,9,14
Hotel Valencia Alameda 41,4019381,NA,Valencia,1,1,€ 108,2019/12/27,2019/12/28,4,"9,2",14
Centro Valencia Calle Cerrajeros,3476261,NA,Valencia,1,1,€ 50,2019/12/27,2019/12/28,0,"7,2",14
Plaza Redonda house.,4399973,NA,Valencia,1,1,€ 59,2019/12/27,2019/12/28,0,"7,4",14
Piso en La Ciudad de Artes,3832790,NA,Valencia,1,1,NA,2019/12/27,2019/12/28,0,"9,6",14
OYO Pensión El Rincón,476031,NA,Valencia,1,1,€ 66,2019/12/27,2019/12/28,1,"7,4",14
15 Avinguda Mare Nostrum,4518973,NA,Valencia,1,1,€ 116,2019/12/27,2019/12/28,0,"9,1",14
Mon Suites San Nicolas,4117225,NA,Valencia,1,1,€ 118,2019/12/27,2019/12/28,0,"9,1",14
Apartamento Frederick “Centrico y con Clase”,4236394,NA,Valencia,1,1,NA,2019/12/27,2019/12/28,0,"9,6",14
Hostal Venecia,92883,NA,Valencia,1,1,€ 121,2019/12/27,2019/12/28,2,"9,1",14
MD Design Hotel - Portal del Real,2391685,NA,Valencia,1,1,€ 124,2019/12/27,2019/12/28,2,"9,1",14
Biopark View Apartment,2381901,NA,Valencia,1,1,€ 128,2019/12/27,2019/12/28,0,"9,1",14
Mediterranean Flats Plaza Redonda,4086496,NA,Valencia,1,1,€ 129,2019/12/27,2019/12/28,0,"9,2",14
One Shot Mercat 09,2274203,NA,Valencia,1,1,€ 129,2019/12/27,2019/12/28,4,"9,1",14
Citizentral Juristas,1113127,NA,Valencia,1,1,€ 136,2019/12/27,2019/12/28,0,"9,2",14
MAR Y SOL,4652261,NA,Valencia,1,1,NA,2019/12/27,2019/12/28,0,"9,6",14
Mi casa es vuestra casa,4967097,NA,Valencia,1,1,€ 67,2019/12/27,2019/12/28,0,"7,1",14
HOSTAL BED OF THE SEA,3974636,NA,Valencia,1,1,€ 70,2019/12/27,2019/12/28,0,"7,1",14
Cosy Rooms Bolsería,371606,NA,Valencia,1,1,€ 70,2019/12/27,2019/12/28,2,"7,4",14
Cosy Rooms Embajador,369728,NA,Valencia,1,1,€ 74,2019/12/27,2019/12/28,2,"7,4",14
B&B El Mercat,2203530,NA,Valencia,1,1,€ 77,2019/12/27,2019/12/28,0,"7,2",14
Bright and Modern Apartment near the Beach,4413130,NA,Valencia,1,1,NA,2019/12/27,2019/12/28,0,"9,7",14
NWT Central Station Valencia,1647017,NA,Valencia,1,1,€ 79,2019/12/27,2019/12/28,0,"7,1",14
Apartamentos Wallace,1698355,NA,Valencia,1,1,€ 138,2019/12/27,2019/12/28,0,"9,2",14
Ático Oasis de Ruzafa,2639518,NA,Valencia,1,1,€ 143,2019/12/27,2019/12/28,0,"9,2",14
Casual Socarrat Valencia,5142800,NA,Valencia,1,1,€ 144,2019/12/27,2019/12/28,3,"9,1",14
Ático con estilo en el centro de Valencia,3914735,NA,Valencia,1,1,€ 148,2019/12/27,2019/12/28,0,9,14
Apartamentos La más Bonita,2816245,NA,Valencia,1,1,€ 149,2019/12/27,2019/12/28,0,9,14
NH Collection Colón Valencia,3828811,NA,Valencia,1,1,€ 152,2019/12/27,2019/12/28,4,"9,1",14
ApartUP Patacona Deluxe,2565246,NA,Valencia,1,1,NA,2019/12/27,2019/12/28,0,"9,5",14
Casa del Patriarca,364834,NA,Valencia,1,1,€ 81,2019/12/27,2019/12/28,0,"8,9",14
Mon Suites Catedral,485679,NA,Valencia,1,1,€ 158,2019/12/27,2019/12/28,0,"9,2",14
Valenciaflats Ciudad de las Ciencias,93676,NA,Valencia,1,1,€ 166,2019/12/27,2019/12/28,0,"9,1",14
Mon Suites San Martin,2777545,NA,Valencia,1,1,€ 167,2019/12/27,2019/12/28,0,"9,4",14
Las Arenas Balneario Resort,91144,NA,Valencia,1,1,€ 189,2019/12/27,2019/12/28,5,9,14
Vincci Mercat,1279484,NA,Valencia,1,1,€ 198,2019/12/27,2019/12/28,4,9,14
Constitución,4229663,NA,Valencia,1,1,NA,2019/12/27,2019/12/28,0,"9,5",14
MARQUÉS HOUSE 4* SUP,2118880,NA,Valencia,1,1,€ 208,2019/12/27,2019/12/28,4,"9,4",14
Reino de Valencia Apartments,453225,NA,Valencia,1,1,€ 178,2019/12/27,2019/12/28,0,9,14
MYR Hotel Plaza Mercado & Spa,1619029,NA,Valencia,1,1,€ 186,2019/12/27,2019/12/28,3,"9,2",14
Select Home Mercado Central,440757,NA,Valencia,1,1,€ 141,2019/12/27,2019/12/28,0,"7,2",14
Select Home Catedral,440778,NA,Valencia,1,1,€ 165,2019/12/27,2019/12/28,0,"7,1",14
MD Puerto Rico Apartment Ruzafa,3737151,NA,Valencia,1,1,€ 287,2019/12/27,2019/12/28,0,"7,4",14
Ca Carmela,2466364,NA,Valencia,1,1,€ 280,2019/12/27,2019/12/28,0,"9,1",14
Caro Hotel,348132,NA,Valencia,1,1,€ 315,2019/12/27,2019/12/28,5,"9,2",14
Art&Flats Bed&Breakfast,5238345,NA,Valencia,1,1,€ 18,2019/12/27,2019/12/28,0,"8,8",14
UNIK. Apartments Valencia,2241282,NA,Valencia,1,1,€ 82,2019/12/27,2019/12/28,0,"8,5",14
Ciudad Ciencias- Lujo- Parking- Wi-Fi.,4999636,NA,Valencia,1,1,NA,2019/12/27,2019/12/28,0,"9,7",14
Reina Rooms,4211140,NA,Valencia,1,1,€ 84,2019/12/27,2019/12/28,0,"8,9",14
Melia Valencia,290493,NA,Valencia,1,1,€ 84,2019/12/27,2019/12/28,4,"8,8",14
Apartamentos Plaza Picasso,97063,NA,Valencia,1,1,€ 81,2019/12/27,2019/12/28,0,"8,5",14
Hotel Valencia Oceanic Managed by Melia Hotels International,91522,NA,Valencia,1,1,€ 86,2019/12/27,2019/12/28,4,"8,6",14
Lotelito,570027,NA,Valencia,1,1,€ 87,2019/12/27,2019/12/28,0,"8,9",14
The River Hostel,494202,NA,Valencia,1,1,€ 12,2019/12/27,2019/12/28,0,"8,5",14
Homestay Carrer Sagun,5006434,NA,Valencia,1,1,€ 34,2019/12/27,2019/12/28,0,"8,8",14
Cool Central Market,3424724,NA,Valencia,1,1,NA,2019/12/27,2019/12/28,0,"9,7",14
Quart Youth Hostel,476418,NA,Valencia,1,1,€ 43,2019/12/27,2019/12/28,0,"8,6",14
Hotel Dimar,90886,NA,Valencia,1,1,€ 90,2019/12/27,2019/12/28,4,"8,7",14
La Casa Verde - Ruzafa,2029143,NA,Valencia,1,1,NA,2019/12/27,2019/12/28,0,"9,7",14
Tranquilo Apartamento En Plaza Cisneros,3127388,NA,Valencia,1,1,€ 90,2019/12/27,2019/12/28,0,"8,9",14
Zalamera BnB,1331238,NA,Valencia,1,1,€ 90,2019/12/27,2019/12/28,0,"8,7",14
Guest House Lebon,3124256,NA,Valencia,1,1,€ 25,2019/12/27,2019/12/28,0,"6,7",14
Ruzafa Rooms,2891693,NA,Valencia,1,1,€ 38,2019/12/27,2019/12/28,0,"6,9",14
Estrella de russafa,5352439,NA,Valencia,1,1,€ 45,2019/12/27,2019/12/28,0,"8,9",14
YOU & CO. Saler Beach Boutique,4533007,NA,Valencia,1,1,€ 51,2019/12/27,2019/12/28,3,"8,9",14
Ad Hoc Monumental,90719,NA,Valencia,1,1,€ 90,2019/12/27,2019/12/28,3,"8,6",14
Burjassot Mestalla,3058627,NA,Valencia,1,1,€ 90,2019/12/27,2019/12/28,0,"8,6",14
El Palacete Gran Via,3483148,NA,Valencia,1,1,€ 93,2019/12/27,2019/12/28,0,"8,7",14
Blanq Carmen Hotel,97069,NA,Valencia,1,1,€ 55,2019/12/27,2019/12/28,3,"8,7",14
Comfort Homestay,5423155,NA,Valencia,1,1,€ 55,2019/12/27,2019/12/28,0,"8,7",14
Russafa Youth Hostel,345134,NA,Valencia,1,1,€ 58,2019/12/27,2019/12/28,0,"8,6",14
Central Apartment in Valencia with WIFI + Parking.,4557920,NA,Valencia,1,1,NA,2019/12/27,2019/12/28,0,"9,7",14
Malvarrosa Beach Rooms,314048,NA,Valencia,1,1,€ 50,2019/12/27,2019/12/28,2,"6,9",14
La Casa dei Fiori,2849727,NA,Valencia,1,1,€ 99,2019/12/27,2019/12/28,0,"6,8",14
Premium Apartments,486507,NA,Valencia,1,1,€ 124,2019/12/27,2019/12/28,0,"6,9",14
Valencia center,3168460,NA,Valencia,1,1,NA,2019/12/27,2019/12/28,0,"9,8",14
Eurostars Acteón,90495,NA,Valencia,1,1,€ 58,2019/12/27,2019/12/28,4,"8,5",14
Original Domino House,5434091,NA,Valencia,1,1,€ 59,2019/12/27,2019/12/28,0,"8,7",14
Hotel Malcom and Barret,483261,NA,Valencia,1,1,€ 62,2019/12/27,2019/12/28,3,"8,7",14
Hulot B&B Valencia,585429,NA,Valencia,1,1,€ 63,2019/12/27,2019/12/28,0,"8,5",14
Home Youth Hostel by Feetup Hostels,189322,NA,Valencia,1,1,€ 64,2019/12/27,2019/12/28,0,"8,8",14
ABCyou Bed&Breakfast,189207,NA,Valencia,1,1,€ 69,2019/12/27,2019/12/28,0,"8,5",14
MD Villalonga Malvarosa Beach,3739661,NA,Valencia,1,1,€ 430,2019/12/27,2019/12/28,0,"6,7",14
Fun and Sun Center 2,2944416,NA,Valencia,1,1,€ 26,2019/12/27,2019/12/28,0,6,14
Vamos A la Playa,5030500,NA,Valencia,1,1,€ 87,2019/12/27,2019/12/28,0,"6,3",14
Atico Loft Ruzafa,3152977,NA,Valencia,1,1,NA,2019/12/27,2019/12/28,0,"9,6",14
Apartaments San Pio V,2456151,NA,Valencia,1,1,€ 71,2019/12/27,2019/12/28,0,"8,8",14
Apartments Madrina,3278589,NA,Valencia,1,1,€ 74,2019/12/27,2019/12/28,0,"8,9",14
AC Hotel Valencia,91063,NA,Valencia,1,1,€ 94,2019/12/27,2019/12/28,4,"8,5",14
La seda stay,3335523,NA,Valencia,1,1,NA,2019/12/27,2019/12/28,0,"9,6",14
València Centre Torres de Quart,886289,NA,Valencia,1,1,€ 91,2019/12/27,2019/12/28,0,"8,9",14
Hostal Antigua Morellana,1273937,NA,Valencia,1,1,NA,2019/12/27,2019/12/28,1,"9,5",14
Hogar Dulce Hogar,5426607,NA,Valencia,1,1,€ 95,2019/12/27,2019/12/28,0,6,14
Casita Esmeralda,2040126,NA,Valencia,1,1,€ 139,2019/12/27,2019/12/28,0,"6,4",14
Ruzafa Guesthouse,2269176,NA,Valencia,1,1,€ 24,2019/12/27,2019/12/28,0,"5,5",14
Carrer del Bisbe Jaume Pérez,4900140,NA,Valencia,1,1,€ 58,2019/12/27,2019/12/28,0,"5,9",14
Guest House Ruzafa,2324552,NA,Valencia,1,1,€ 24,2019/12/27,2019/12/28,0,5,14
Hotel Olympia Universidades,1301731,NA,Valencia,1,1,€ 74,2019/12/27,2019/12/28,3,"8,5",14
Hotel Kramer,91106,NA,Valencia,1,1,€ 77,2019/12/27,2019/12/28,3,"8,8",14
UNIK. Apartments Valencia,2241282,NA,Valencia,1,1,€ 77,2019/12/27,2019/12/28,0,"8,5",14
Jardín Botánico Hotel Boutique,93369,NA,Valencia,1,1,€ 97,2019/12/27,2019/12/28,3,"8,9",14
One Shot Colón 46,1394168,NA,Valencia,1,1,€ 99,2019/12/27,2019/12/28,3,"8,7",14
Apartamento cerca de la Playa y el Centro,2620264,NA,Valencia,1,1,€ 100,2019/12/27,2019/12/28,0,"8,9",14
Ilunion Aqua 4,92777,NA,Valencia,1,1,€ 112,2019/12/27,2019/12/28,4,"8,5",14
Precioso Apartamento En Pleno Centro Con Wifi,3023494,NA,Valencia,1,1,€ 115,2019/12/27,2019/12/28,0,"8,8",14
Colón Market Downtown,4607745,NA,Valencia,1,1,NA,2019/12/27,2019/12/28,0,"9,6",14
Valenciaflats Centro Histórico,94781,NA,Valencia,1,1,€ 115,2019/12/27,2019/12/28,0,"8,7",14
Petit Palace Ruzafa,90792,NA,Valencia,1,1,€ 116,2019/12/27,2019/12/28,3,"8,7",14
Casual del Cine Valencia,572187,NA,Valencia,1,1,€ 117,2019/12/27,2019/12/28,2,"8,7",14
Citizentral Gascons,332095,NA,Valencia,1,1,€ 120,2019/12/27,2019/12/28,0,"8,8",14
Mar & City Apartment,3456759,NA,Valencia,1,1,€ 120,2019/12/27,2019/12/28,0,"8,9",14
Eurostars Acteón,90495,NA,Valencia,1,1,€ 97,2019/12/27,2019/12/28,4,"8,5",14
Blanq Comedias,4922002,NA,Valencia,1,1,€ 104,2019/12/27,2019/12/28,0,"8,9",14
Ayuntamiento Panoramic,3089239,NA,Valencia,1,1,NA,2019/12/27,2019/12/28,0,"9,5",14
Soho Valencia,1538641,NA,Valencia,1,1,€ 104,2019/12/27,2019/12/28,0,"8,9",14
Zenit Valencia,92327,NA,Valencia,1,1,€ 122,2019/12/27,2019/12/28,4,"8,8",14
Preciosa Casita Cerca Del Mar,4057271,NA,Valencia,1,1,NA,2019/12/27,2019/12/28,0,"9,7",14
València Centre Túria,2185255,NA,Valencia,1,1,€ 123,2019/12/27,2019/12/28,0,"8,8",14
SH Valencia Palace,91497,NA,Valencia,1,1,€ 125,2019/12/27,2019/12/28,5,"8,5",14
Melia Plaza Valencia,13270,NA,Valencia,1,1,€ 105,2019/12/27,2019/12/28,4,"8,9",14
Hotel Neptuno,91206,NA,Valencia,1,1,€ 108,2019/12/27,2019/12/28,4,"8,5",14
Hotel El Siglo,1741479,NA,Valencia,1,1,€ 102,2019/12/27,2019/12/28,3,"8,5",14
Barceló Valencia,91988,NA,Valencia,1,1,€ 110,2019/12/27,2019/12/28,4,"8,7",14
SH Ingles Boutique Hotel,92956,NA,Valencia,1,1,€ 130,2019/12/27,2019/12/28,4,"8,5",14
Catalonia Excelsior,90578,NA,Valencia,1,1,€ 130,2019/12/27,2019/12/28,3,"8,7",14
One Shot Palacio Reina Victoria 04,90885,NA,Valencia,1,1,€ 139,2019/12/27,2019/12/28,4,"8,6",14
Apartment Valencia,348555,NA,Valencia,1,1,€ 181,2019/12/27,2019/12/28,0,"8,2",14
Zerka Centro,4425975,NA,Valencia,1,1,€ 238,2019/12/27,2019/12/28,0,"8,3",14
Garden Turia Downtown,5201200,NA,Valencia,1,1,NA,2019/12/27,2019/12/28,0,"9,6",14
UP Hostel Valencia,1710137,NA,Valencia,1,1,€ 24,2019/12/27,2019/12/28,0,"7,7",14
Casual Vintage Valencia,1710241,NA,Valencia,1,1,€ 140,2019/12/27,2019/12/28,2,"8,6",14
Casa Botànic - Céntrico y con comodidades,4218273,NA,Valencia,1,1,NA,2019/12/27,2019/12/28,0,"9,8",14
AC Hotel Colon Valencia,1117150,NA,Valencia,1,1,€ 155,2019/12/27,2019/12/28,4,"8,7",14
Adrian's House,2271869,NA,Valencia,1,1,€ 29,2019/12/27,2019/12/28,0,"7,7",14
Habitación Céntrica en Casa de Familia,4289877,NA,Valencia,1,1,€ 35,2019/12/27,2019/12/28,0,"7,8",14
Apart and Benef,2291245,NA,Valencia,1,1,€ 35,2019/12/27,2019/12/28,0,8,14
Habitación San Cayetano,4624401,NA,Valencia,1,1,€ 36,2019/12/27,2019/12/28,0,"7,5",14
Valencia City Host,1177077,NA,Valencia,1,1,€ 37,2019/12/27,2019/12/28,0,"7,7",14
Stay at Valencia Downtown,1840715,NA,Valencia,1,1,NA,2019/12/27,2019/12/28,0,"9,5",14
Habitacion por dias Centro Valencia,3977106,NA,Valencia,1,1,€ 39,2019/12/27,2019/12/28,0,"7,7",14
Hotel San Lorenzo Boutique,1307718,NA,Valencia,1,1,€ 158,2019/12/27,2019/12/28,3,"8,6",14
Petit Palace Plaza de la Reina,90443,NA,Valencia,1,1,€ 159,2019/12/27,2019/12/28,3,"8,7",14
Edificio Pentagono,4673669,NA,Valencia,1,1,€ 163,2019/12/27,2019/12/28,0,"8,9",14
Vincci Lys,91183,NA,Valencia,1,1,€ 165,2019/12/27,2019/12/28,4,"8,9",14
Valero Vintage,3315727,NA,Valencia,1,1,€ 40,2019/12/27,2019/12/28,0,"7,8",14
HOSPEDAJE PESET,4718074,NA,Valencia,1,1,€ 40,2019/12/27,2019/12/28,0,"7,5",14
Hospederia del Pilar,327766,NA,Valencia,1,1,€ 45,2019/12/27,2019/12/28,0,"7,9",14
Casual Civilizaciones Valencia,449777,NA,Valencia,1,1,€ 48,2019/12/27,2019/12/28,0,"7,9",14
Rooms Valencia Center,5507857,NA,Valencia,1,1,€ 53,2019/12/27,2019/12/28,0,"7,9",14
Bubuflats Bubu 3,1014334,NA,Valencia,1,1,NA,2019/12/27,2019/12/28,0,"9,5",14
Hotel Turia,14441,NA,Valencia,1,1,€ 55,2019/12/27,2019/12/28,4,"7,5",14
Valencia Lounge Hostel,337203,NA,Valencia,1,1,€ 56,2019/12/27,2019/12/28,0,"7,7",14
Vincci Palace,94163,NA,Valencia,1,1,€ 165,2019/12/27,2019/12/28,4,"8,7",14
Apartment Cisneros 2,2361375,NA,Valencia,1,1,NA,2019/12/27,2019/12/28,0,"9,7",14
ValentiaApartments - MercadoCentral,4185241,NA,Valencia,1,1,€ 165,2019/12/27,2019/12/28,0,"8,8",14
Hotel Beleret,94652,NA,Valencia,1,1,€ 58,2019/12/27,2019/12/28,3,"7,7",14
Valencia- habitacion,5366858,NA,Valencia,1,1,€ 60,2019/12/27,2019/12/28,0,"7,8",14
Hostal Bisbal,235665,NA,Valencia,1,1,€ 60,2019/12/27,2019/12/28,1,"7,6",14
Boutique Creative Rooms,2334726,NA,Valencia,1,1,€ 166,2019/12/27,2019/12/28,0,"8,8",14
Plaza de la Virgen,3167342,NA,Valencia,1,1,€ 190,2019/12/27,2019/12/28,0,"8,8",14
Hospes Palau de La Mar,93823,NA,Valencia,1,1,€ 198,2019/12/27,2019/12/28,5,"8,8",14
Expo Hotel Valencia,91223,NA,Valencia,1,1,€ 61,2019/12/27,2019/12/28,3,"7,6",14
Apartment Plaza Cisneros,1273377,NA,Valencia,1,1,NA,2019/12/27,2019/12/28,0,"9,7",14
Checkin Valencia,93743,NA,Valencia,1,1,€ 62,2019/12/27,2019/12/28,4,"7,8",14
Casual de la Música Valencia,273130,NA,Valencia,1,1,€ 63,2019/12/27,2019/12/28,2,"7,5",14
Cosy Rooms Tapinería,371192,NA,Valencia,1,1,€ 65,2019/12/27,2019/12/28,2,"7,5",14
B&B Hotel Valencia Ciudad de las Ciencias,92242,NA,Valencia,1,1,€ 65,2019/12/27,2019/12/28,3,"7,5",14
Jero Rooms,296743,NA,Valencia,1,1,€ 66,2019/12/27,2019/12/28,0,"7,7",14
The Westin Valencia,93321,NA,Valencia,1,1,€ 215,2019/12/27,2019/12/28,5,"8,7",14
The Westin Valencia,93321,NA,Valencia,1,1,€ 215,2019/12/27,2019/12/28,5,"8,7",14
Zerka Sendra,4657122,NA,Valencia,1,1,€ 237,2019/12/27,2019/12/28,0,"8,9",14
Apartamento Forn dels Apòstols,3122008,NA,Valencia,1,1,NA,2019/12/27,2019/12/28,0,"9,6",14
MD PASEO RUZAFA CENTER,5374850,NA,Valencia,1,1,€ 1.030,2019/12/27,2019/12/28,0,"8,8",14
Urban Youth Hostel,1163025,NA,Valencia,1,1,€ 23,2019/12/27,2019/12/28,0,"8,4",14
Habitación en Valencia Centro,5418023,NA,Valencia,1,1,€ 24,2019/12/27,2019/12/28,0,"8,1",14
Center Valencia Youth Hostel,246931,NA,Valencia,1,1,€ 11,2019/12/27,2019/12/28,0,8,14
Red Nest Hostel,92283,NA,Valencia,1,1,€ 34,2019/12/27,2019/12/28,0,"8,2",14
Attic Rooms in Botánico,5522932,NA,Valencia,1,1,€ 37,2019/12/27,2019/12/28,0,"8,2",14
Ambrosio Flats Valencia - El Carmen,2401127,NA,Valencia,1,1,NA,2019/12/27,2019/12/28,0,"9,5",14
Purple Nest Hostel,25278,NA,Valencia,1,1,€ 44,2019/12/27,2019/12/28,0,"8,2",14
Reina 12,1684198,NA,Valencia,1,1,€ 44,2019/12/27,2019/12/28,0,"8,2",14
Eurostars Gran Valencia,90484,NA,Valencia,1,1,€ 47,2019/12/27,2019/12/28,4,"8,4",14
Habitaciones con Encanto,5629632,NA,Valencia,1,1,€ 47,2019/12/27,2019/12/28,0,"8,1",14
Hostal Abastos,257057,NA,Valencia,1,1,€ 48,2019/12/27,2019/12/28,2,"8,2",14
B&B Hi Valencia Canovas,305349,NA,Valencia,1,1,€ 53,2019/12/27,2019/12/28,0,"8,3",14
El Corazon de Canovas,2634817,NA,Valencia,1,1,NA,2019/12/27,2019/12/28,0,"9,5",14
7 Moons Bed & Breakfast,464187,NA,Valencia,1,1,€ 54,2019/12/27,2019/12/28,0,"8,4",14
Hotel Villacarlos,90730,NA,Valencia,1,1,€ 54,2019/12/27,2019/12/28,3,8,14
Pension MonaLisa Luxury Suites,3834224,NA,Valencia,1,1,€ 56,2019/12/27,2019/12/28,0,"8,2",14
Sol Playa,12656,NA,Valencia,1,1,€ 60,2019/12/27,2019/12/28,2,"8,3",14
El Coso,14580,NA,Valencia,1,1,€ 66,2019/12/27,2019/12/28,3,"8,2",14
NH Ciudad de Valencia,90729,NA,Valencia,1,1,€ 66,2019/12/27,2019/12/28,3,"8,1",14
Apartments Torres de Serranos Valencia,1099602,NA,Valencia,1,1,NA,2019/12/27,2019/12/28,0,"9,7",14
City Suites Apartments,3091106,NA,Valencia,1,1,€ 70,2019/12/27,2019/12/28,0,"8,3",14
Hotel Valencia Center,91285,NA,Valencia,1,1,€ 70,2019/12/27,2019/12/28,4,"8,4",14
Eurostars Rey Don Jaime,91520,NA,Valencia,1,1,€ 71,2019/12/27,2019/12/28,4,"8,2",14
Silken Puerta Valencia,91182,NA,Valencia,1,1,€ 72,2019/12/27,2019/12/28,4,"8,3",14
Residencia Universitaria Damia Bonet,247451,NA,Valencia,1,1,€ 75,2019/12/27,2019/12/28,0,"8,3",14
