name,propertyId,propertyType,city,rooms,days,price,checkIn,checkOut,stars,score,advance
Oliver,4865093,NA,Valencia,1,1,€ 73,2019/09/23,2019/09/24,0,"5,8",7
Kirei Apartment Berlin,4504570,Apartamentos,Valencia,1,1,€ 92,2019/09/23,2019/09/24,0,"5,5",7
Casa Cabañal,2436758,Casa o chalet,Valencia,1,1,NA,2019/09/23,2019/09/24,0,9,7
Kirei Apartment Portland,4276529,Apartamentos,Valencia,1,1,€ 131,2019/09/23,2019/09/24,0,"5,9",7
Guest House Torres de Quart,2275006,NA,Valencia,1,1,€ 30,2019/09/23,2019/09/24,0,"5,3",7
RoomTuristValencia Estacion del Norte,4682632,NA,Valencia,1,1,€ 35,2019/09/23,2019/09/24,0,"5,3",7
Guest House Ruzafa,2324552,NA,Valencia,1,1,€ 38,2019/09/23,2019/09/24,0,"5,3",7
Guest House Duc de Gaeta,2275007,NA,Valencia,1,1,€ 33,2019/09/23,2019/09/24,0,"4,9",7
Guesthouse Plaza de Toros,2985902,NA,Valencia,1,1,€ 33,2019/09/23,2019/09/24,0,"4,9",7
COZY APARTMENT VALENCIA BEACHFRONT!,3128516,Apartamento,Valencia,1,1,NA,2019/09/23,2019/09/24,0,"9,4",7
RoomTuristValencia Torres de Quart,4565643,NA,Valencia,1,1,€ 35,2019/09/23,2019/09/24,0,"4,5",7
RoomTuristValencia RuzafaSumsi,4682802,NA,Valencia,1,1,€ 40,2019/09/23,2019/09/24,0,"4,6",7
Port of Valencia,3805735,Apartamento,Valencia,1,1,€ 79,2019/09/23,2019/09/24,0,"4,9",7
Malvarosa,3820590,Apartamento,Valencia,1,1,€ 90,2019/09/23,2019/09/24,0,"4,1",7
Constitucion Guesthouse,2985942,NA,Valencia,1,1,€ 22,2019/09/23,2019/09/24,0,"3,5",7
sueñavalencia,5603844,NA,Valencia,1,1,€ 40,2019/09/23,2019/09/24,0,,7
Una Ubicacion Perfecta,3114164,Apartamentos,Valencia,1,1,NA,2019/09/23,2019/09/24,0,"9,1",7
Bright room with trundle bed,5560260,NA,Valencia,1,1,€ 46,2019/09/23,2019/09/24,0,,7
Habitación privada con baño privado a 300 metros de la playa.,5587588,NA,Valencia,1,1,€ 49,2019/09/23,2019/09/24,0,,7
vosotros sereis parte de mi familia.,5299568,NA,Valencia,1,1,€ 50,2019/09/23,2019/09/24,0,,7
Aventura Valencia 2,5604325,NA,Valencia,1,1,€ 50,2019/09/23,2019/09/24,0,,7
Attic Rooms in Botánico,5522932,NA,Valencia,1,1,€ 55,2019/09/23,2019/09/24,0,,7
playa Perellonet- albufera - valencia,5585916,Apartamento,Valencia,1,1,€ 60,2019/09/23,2019/09/24,0,,7
OCEANOGRAFIC DELUXE- PARKING- WI-FI,4095746,Apartamento,Valencia,1,1,NA,2019/09/23,2019/09/24,0,"9,2",7
LOFT apartamento duplex en Valencia con parking,5519008,Apartamento,Valencia,1,1,€ 60,2019/09/23,2019/09/24,0,,7
Hogar Dulce Hogar,5426607,NA,Valencia,1,1,€ 60,2019/09/23,2019/09/24,0,,7
Apartamento con compartir,5366858,NA,Valencia,1,1,€ 65,2019/09/23,2019/09/24,0,,7
Petxina78 Valencia,5503912,Apartamento,Valencia,1,1,€ 70,2019/09/23,2019/09/24,0,,7
Mi casa es vuestra casa,4967097,NA,Valencia,1,1,€ 70,2019/09/23,2019/09/24,0,,7
MD Vila Barbera Apartment Center,1957253,Apartamento,Valencia,1,1,€ 398,2019/09/23,2019/09/24,0,"8,3",7
MD Sueca. Apartment with Terrace Ruzafa,2551179,Apartamento,Valencia,1,1,€ 398,2019/09/23,2019/09/24,0,"8,2",7
Apartamento luminoso y acogedor,3489126,Apartamento,Valencia,1,1,NA,2019/09/23,2019/09/24,0,"9,5",7
Adrian's House,2271869,NA,Valencia,1,1,€ 32,2019/09/23,2019/09/24,0,"7,8",7
Apart and Benef,2291245,NA,Valencia,1,1,€ 34,2019/09/23,2019/09/24,0,"7,8",7
Habitación Céntrica en Casa de Familia,4289877,NA,Valencia,1,1,€ 35,2019/09/23,2019/09/24,0,"7,8",7
UP Hostel Valencia,1710137,NA,Valencia,1,1,€ 37,2019/09/23,2019/09/24,0,"7,8",7
Pensión Universal,304276,NA,Valencia,1,1,€ 39,2019/09/23,2019/09/24,0,"7,9",7
Habitación San Cayetano,4624401,NA,Valencia,1,1,€ 40,2019/09/23,2019/09/24,0,"7,7",7
Apartamento Centrico - Viveros,2461987,Apartamento,Valencia,1,1,NA,2019/09/23,2019/09/24,0,"9,5",7
Hotel Beleret,94652,NA,Valencia,1,1,€ 41,2019/09/23,2019/09/24,3,"7,6",7
Voyagers Inn Homestay,2682156,NA,Valencia,1,1,€ 42,2019/09/23,2019/09/24,0,"7,8",7
FREE WI-FI. Apartamentos 90 м2 - Assutzena 5,4828764,Apartamento,Valencia,1,1,€ 128,2019/09/23,2019/09/24,0,"8,7",7
Flatsforyou Ruzafa,3342696,Apartamentos,Valencia,1,1,€ 130,2019/09/23,2019/09/24,0,"8,8",7
La Morella del Carmen,5188541,Apartamento,Valencia,1,1,NA,2019/09/23,2019/09/24,0,"9,5",7
Valencia City Host,1177077,NA,Valencia,1,1,€ 44,2019/09/23,2019/09/24,0,"7,8",7
Casual Civilizaciones Valencia,449777,NA,Valencia,1,1,€ 46,2019/09/23,2019/09/24,0,"7,9",7
El Palacete Gran Via,3483148,NA,Valencia,1,1,€ 131,2019/09/23,2019/09/24,0,"8,8",7
In the heart of Soho- Ruzafa,4578496,Apartamento,Valencia,1,1,€ 131,2019/09/23,2019/09/24,0,"8,8",7
Hotel Dimar,90886,NA,Valencia,1,1,€ 135,2019/09/23,2019/09/24,4,"8,7",7
Friendly Rentals Strauss,1634236,Apartamento,Valencia,1,1,€ 135,2019/09/23,2019/09/24,0,"8,8",7
Sercotel Sorolla Palace,93646,NA,Valencia,1,1,€ 139,2019/09/23,2019/09/24,4,"8,6",7
Friendly Rentals Ferrero,2314984,Apartamento,Valencia,1,1,€ 140,2019/09/23,2019/09/24,0,"8,8",7
Colors Rooms,675839,NA,Valencia,1,1,NA,2019/09/23,2019/09/24,0,"9,6",7
Zenit Valencia,92327,NA,Valencia,1,1,€ 140,2019/09/23,2019/09/24,4,"8,8",7
Petit Palace Plaza de la Reina,90443,NA,Valencia,1,1,€ 143,2019/09/23,2019/09/24,3,"8,7",7
Boutique Creative Rooms,2334726,NA,Valencia,1,1,€ 144,2019/09/23,2019/09/24,0,"8,7",7
Pintor Salvador Abril 24 Apartment,3249845,Apartamento,Valencia,1,1,€ 148,2019/09/23,2019/09/24,0,"8,9",7
Vincci Palace,94163,NA,Valencia,1,1,€ 149,2019/09/23,2019/09/24,4,"8,6",7
Valero Vintage,3315727,NA,Valencia,1,1,€ 47,2019/09/23,2019/09/24,0,"7,9",7
Hostal Moratin,326015,NA,Valencia,1,1,€ 49,2019/09/23,2019/09/24,1,"7,9",7
Ecobet Apartments,2963381,Apartamentos,Valencia,1,1,NA,2019/09/23,2019/09/24,0,"9,2",7
Hotel Gabbeach,403586,NA,Valencia,1,1,€ 149,2019/09/23,2019/09/24,3,"8,5",7
Cómoda habitación Valencia,4200488,NA,Valencia,1,1,NA,2019/09/23,2019/09/24,0,"9,5",7
Hotel Valencia Oceanic Managed by Melia Hotels International,91522,NA,Valencia,1,1,€ 150,2019/09/23,2019/09/24,4,"8,6",7
Citizentral Gascons,332095,Apartamentos,Valencia,1,1,€ 155,2019/09/23,2019/09/24,0,"8,8",7
Hostal El Cid,309465,NA,Valencia,1,1,€ 51,2019/09/23,2019/09/24,2,"7,6",7
Valencia Lounge Hostel,337203,NA,Valencia,1,1,€ 51,2019/09/23,2019/09/24,0,"7,8",7
Hospederia del Pilar,327766,NA,Valencia,1,1,€ 54,2019/09/23,2019/09/24,0,"7,9",7
Rooms Valencia Center,5507857,NA,Valencia,1,1,€ 54,2019/09/23,2019/09/24,0,"7,9",7
SH Ingles Boutique Hotel,92956,NA,Valencia,1,1,€ 160,2019/09/23,2019/09/24,4,"8,5",7
Friendly Rentals Gala,1634252,Apartamento,Valencia,1,1,€ 160,2019/09/23,2019/09/24,0,"8,7",7
Puerta de Serranos,2734333,Apartamentos,Valencia,1,1,€ 161,2019/09/23,2019/09/24,0,"8,8",7
Cathedral Suites Hotel,1736257,Apartahotel,Valencia,1,1,€ 169,2019/09/23,2019/09/24,4,"8,9",7
AMAZING HOUSE- BEST LOCATION!,4728031,Apartamento,Valencia,1,1,NA,2019/09/23,2019/09/24,0,"9,7",7
One Shot Palacio Reina Victoria 04,90885,NA,Valencia,1,1,€ 169,2019/09/23,2019/09/24,4,"8,6",7
Canela`s Vintage Ruzafa Centro,4652584,Apartamento,Valencia,1,1,€ 170,2019/09/23,2019/09/24,0,"8,6",7
AC Hotel Colon Valencia- a Marriott Lifestyle Hotel,1117150,NA,Valencia,1,1,€ 176,2019/09/23,2019/09/24,4,"8,7",7
Hotel San Lorenzo Boutique,1307718,NA,Valencia,1,1,€ 180,2019/09/23,2019/09/24,3,"8,6",7
Habitacion PLaza Ayuntamiento,4365340,NA,Valencia,1,1,€ 55,2019/09/23,2019/09/24,0,"7,6",7
Habitacion por dias Centro Valencia,3977106,NA,Valencia,1,1,€ 55,2019/09/23,2019/09/24,0,"7,9",7
Quart Apartment,1537986,Apartamento,Valencia,1,1,NA,2019/09/23,2019/09/24,0,"9,2",7
Ilunion Aqua 4,92777,NA,Valencia,1,1,€ 185,2019/09/23,2019/09/24,4,"8,5",7
Centro & Viaje,4215175,NA,Valencia,1,1,€ 58,2019/09/23,2019/09/24,0,"7,6",7
Hostal Bisbal,235665,NA,Valencia,1,1,€ 60,2019/09/23,2019/09/24,1,"7,5",7
B&B Hotel Valencia Ciudad de las Ciencias,92242,NA,Valencia,1,1,€ 62,2019/09/23,2019/09/24,3,"7,5",7
City Center Apartments,4426057,Apartamentos,Valencia,1,1,€ 63,2019/09/23,2019/09/24,0,"7,8",7
Alex Apartment,1756374,Apartamento,Valencia,1,1,€ 64,2019/09/23,2019/09/24,0,"7,9",7
Reina 12,1684198,NA,Valencia,1,1,€ 60,2019/09/23,2019/09/24,0,"8,2",7
Tryp Valencia Feria,92852,NA,Valencia,1,1,€ 63,2019/09/23,2019/09/24,4,"8,4",7
Casa Chenano,4262208,Apartamento,Valencia,1,1,NA,2019/09/23,2019/09/24,0,"9,5",7
L'Otelet By Sweet,1467935,NA,Valencia,1,1,€ 64,2019/09/23,2019/09/24,0,"8,3",7
B&B Hi Valencia Canovas,305349,NA,Valencia,1,1,€ 64,2019/09/23,2019/09/24,0,"8,4",7
Happy Apartments Valencia – Lope de Vega,575582,Apartamentos,Valencia,1,1,€ 64,2019/09/23,2019/09/24,0,"8,1",7
Nanit Valencia Hostel,3913497,NA,Valencia,1,1,€ 69,2019/09/23,2019/09/24,0,"8,3",7
Aparthotel Valencia Rental,17344,Apartahotel,Valencia,1,1,€ 74,2019/09/23,2019/09/24,0,8,7
United Colors of Apartments - Catedral,1301545,Apartamentos,Valencia,1,1,€ 79,2019/09/23,2019/09/24,0,"8,2",7
Flat El Porto - Valencia,3146159,Apartamentos,Valencia,1,1,NA,2019/09/23,2019/09/24,0,"9,7",7
Apartamento Ciudad de las Artes y las Ciencias,4353552,Apartamento,Valencia,1,1,€ 80,2019/09/23,2019/09/24,0,"8,3",7
Down Town,1656378,Apartamentos,Valencia,1,1,€ 81,2019/09/23,2019/09/24,0,"8,3",7
Sol Playa,12656,NA,Valencia,1,1,€ 82,2019/09/23,2019/09/24,2,"8,3",7
SHF Flats Baron,1033085,Apartamentos,Valencia,1,1,€ 85,2019/09/23,2019/09/24,0,8,7
Apartment in Valencia,2339175,Apartamento,Valencia,1,1,€ 85,2019/09/23,2019/09/24,0,"8,1",7
Sweet Hotel Renasa,274818,NA,Valencia,1,1,€ 89,2019/09/23,2019/09/24,3,8,7
Glorieta,4217752,Apartamento,Valencia,1,1,NA,2019/09/23,2019/09/24,0,"9,7",7
Zerka Centro,4425975,Apartamentos,Valencia,1,1,€ 89,2019/09/23,2019/09/24,0,"8,3",7
MD Modern Hotel - Jardines,305447,NA,Valencia,1,1,€ 90,2019/09/23,2019/09/24,1,"8,3",7
NH Valencia Las Ciencias,90725,NA,Valencia,1,1,€ 93,2019/09/23,2019/09/24,3,8,7
Ilunion Aqua 3,92776,NA,Valencia,1,1,€ 93,2019/09/23,2019/09/24,3,"8,3",7
NWT Central Station Apartments,3964093,Apartamento,Valencia,1,1,€ 94,2019/09/23,2019/09/24,0,"8,2",7
Valenciaflats Torres de Serrano,17468,Apartamentos,Valencia,1,1,€ 95,2019/09/23,2019/09/24,0,"8,3",7
TTdSSa VLC: Plaza Cisneros- 2- 5 pax 3 Bedrooms,4069293,Apartamento,Valencia,1,1,NA,2019/09/23,2019/09/24,0,"9,7",7
Living Valencia -Correos,3062274,Apartamentos,Valencia,1,1,€ 95,2019/09/23,2019/09/24,0,"8,3",7
Holiday Inn Express Ciudad de las Ciencias,96737,NA,Valencia,1,1,€ 96,2019/09/23,2019/09/24,3,8,7
NH Ciudad de Valencia,90729,NA,Valencia,1,1,€ 97,2019/09/23,2019/09/24,3,"8,1",7
Sweet Hotel Continental,93856,NA,Valencia,1,1,€ 99,2019/09/23,2019/09/24,2,"8,3",7
Hotel Medium Valencia,96838,NA,Valencia,1,1,€ 99,2019/09/23,2019/09/24,4,"8,2",7
València Centre Túria,2185255,Apartamento,Valencia,1,1,€ 66,2019/09/23,2019/09/24,0,"8,8",7
Estrella de russafa,5352439,NA,Valencia,1,1,€ 70,2019/09/23,2019/09/24,0,"8,7",7
Apartamento Bolseria 28,881275,Apartamentos,Valencia,1,1,NA,2019/09/23,2019/09/24,0,"9,5",7
Carrer de l'Escriptor Rafael Ferreres,4267645,Apartamento,Valencia,1,1,€ 70,2019/09/23,2019/09/24,0,"8,6",7
Pio XII Apartments Valencia,402080,Apartamentos,Valencia,1,1,€ 72,2019/09/23,2019/09/24,0,"8,5",7
Luz de Valencia,2076095,Apartamentos,Valencia,1,1,€ 74,2019/09/23,2019/09/24,0,"8,8",7
Hotel Malcom and Barret,483261,NA,Valencia,1,1,€ 75,2019/09/23,2019/09/24,3,"8,7",7
Habitación doble,3599930,NA,Valencia,1,1,€ 76,2019/09/23,2019/09/24,0,"8,9",7
Valenciaflats Centro Histórico,94781,Apartamentos,Valencia,1,1,€ 79,2019/09/23,2019/09/24,0,"8,7",7
Travel Habitat Ático Ciutat Vella.,3264750,Apartamento,Valencia,1,1,NA,2019/09/23,2019/09/24,0,"9,5",7
Balandra Flat,2032624,Apartamento,Valencia,1,1,€ 79,2019/09/23,2019/09/24,0,"8,7",7
Apartamento Jesus De Medinaceli,1728697,Apartamento,Valencia,1,1,€ 80,2019/09/23,2019/09/24,0,"8,5",7
Burjassot Mestalla,3058627,Apartamento,Valencia,1,1,€ 80,2019/09/23,2019/09/24,0,"8,6",7
Casa del Patriarca,364834,NA,Valencia,1,1,€ 81,2019/09/23,2019/09/24,0,"8,9",7
MD Abastos Center,2551194,Apartamento,Valencia,1,1,€ 341,2019/09/23,2019/09/24,0,"7,7",7
MD Oliag I Apartment Ruzafa,2867488,Apartamento,Valencia,1,1,€ 385,2019/09/23,2019/09/24,0,"7,7",7
La Morella del Carmen,5188541,Apartamento,Valencia,1,1,NA,2019/09/23,2019/09/24,0,"9,5",7
Valencian Dreams,3268804,Apartamento,Valencia,1,1,€ 79,2019/09/23,2019/09/24,0,"9,8",7
Nest Style Valencia -Nueva apertura-,5219046,NA,Valencia,1,1,€ 84,2019/09/23,2019/09/24,3,"9,6",7
VALENCIA APARTAMENTO GOYA,4256653,Apartamento,Valencia,1,1,NA,2019/09/23,2019/09/24,0,10,7
Casual del Cine Valencia,572187,NA,Valencia,1,1,€ 82,2019/09/23,2019/09/24,2,"8,6",7
Buho House,3777691,Apartahotel,Valencia,1,1,€ 84,2019/09/23,2019/09/24,0,"8,5",7
RUZAFA- CENTRO-A/C- WI-FI- PARKING,2885994,Apartamento,Valencia,1,1,NA,2019/09/23,2019/09/24,0,"9,7",7
Zalamera BnB,1331238,NA,Valencia,1,1,€ 85,2019/09/23,2019/09/24,0,"8,7",7
Opera House Valencia B&B,3533887,NA,Valencia,1,1,€ 88,2019/09/23,2019/09/24,0,"9,5",7
Bubuflats Bubu 3,1014334,Apartamento,Valencia,1,1,€ 110,2019/09/23,2019/09/24,0,"9,6",7
Casa La Buhardilla,2985364,Apartamento,Valencia,1,1,€ 115,2019/09/23,2019/09/24,0,"9,6",7
Apartments Downtown Valencia,2250421,Apartamentos,Valencia,1,1,€ 120,2019/09/23,2019/09/24,0,"9,6",7
feliz como en casa,3676196,NA,Valencia,1,1,€ 36,2019/09/23,2019/09/24,0,"7,2",7
Hostal Residencial RR,450746,NA,Valencia,1,1,€ 40,2019/09/23,2019/09/24,0,7,7
HOSPEDAJE PESET,4718074,NA,Valencia,1,1,€ 40,2019/09/23,2019/09/24,0,"7,3",7
Disfruta - Enjoy Valencia Oceanografic,4121345,Apartamento,Valencia,1,1,€ 129,2019/09/23,2019/09/24,0,"9,6",7
Disfruta - Enjoy Valencia Ruzafa,3890328,Apartamento,Valencia,1,1,€ 129,2019/09/23,2019/09/24,0,"9,7",7
Apartamento Frederick “Centrico y con Clase”,4236394,Apartamento,Valencia,1,1,NA,2019/09/23,2019/09/24,0,"9,7",7
Disfruta - Enjoy Valencia Centre,3881970,Apartamento,Valencia,1,1,€ 129,2019/09/23,2019/09/24,0,"9,8",7
El Coral Apartment Valencia,3606766,Apartamento,Valencia,1,1,€ 88,2019/09/23,2019/09/24,0,"8,7",7
Petit Palomar,2187491,Apartamentos,Valencia,1,1,€ 89,2019/09/23,2019/09/24,0,"8,9",7
APARTAMENTO LAS MELLIZAS,4651578,NA,Valencia,1,1,€ 45,2019/09/23,2019/09/24,0,"8,5",7
La Flamenca,818359,NA,Valencia,1,1,€ 40,2019/09/23,2019/09/24,0,"7,2",7
B&B El Mercat,2203530,NA,Valencia,1,1,€ 55,2019/09/23,2019/09/24,0,"7,3",7
Hostal la Barraca,350013,NA,Valencia,1,1,€ 60,2019/09/23,2019/09/24,0,"7,2",7
Ad Hoc Carmen,1173270,NA,Valencia,1,1,€ 90,2019/09/23,2019/09/24,2,"8,9",7
Suites by Eric Olsan (Florista),4726450,Apartamentos,Valencia,1,1,€ 91,2019/09/23,2019/09/24,0,"8,6",7
Apartments Torres de Serranos Valencia,1099602,Apartamentos,Valencia,1,1,NA,2019/09/23,2019/09/24,0,"9,6",7
Apartments Madrina,3278589,Apartamentos,Valencia,1,1,€ 95,2019/09/23,2019/09/24,0,"8,9",7
Living Valencia - Patacona Beach 56,3718985,Apartamentos,Valencia,1,1,€ 97,2019/09/23,2019/09/24,0,"8,8",7
Disfruta - Enjoy Valencia Ayuntamiento,4901194,Apartamento,Valencia,1,1,€ 129,2019/09/23,2019/09/24,0,"9,6",7
Valencia Just in the Middle,2965508,Apartamento,Valencia,1,1,€ 135,2019/09/23,2019/09/24,0,"9,9",7
Ramirez Flats & Bar,4124528,Apartahotel,Valencia,1,1,€ 135,2019/09/23,2019/09/24,0,"9,5",7
Duplex+Swimming pool+private entrance=Housen of LOVE,2999152,Apartamento,Valencia,1,1,€ 135,2019/09/23,2019/09/24,0,"9,5",7
Barracart Apartments,2125836,Apartamentos,Valencia,1,1,€ 137,2019/09/23,2019/09/24,0,"9,6",7
Colors Rooms,675839,NA,Valencia,1,1,NA,2019/09/23,2019/09/24,0,"9,6",7
Almiserat,3054886,Apartamento,Valencia,1,1,€ 60,2019/09/23,2019/09/24,0,"7,1",7
HOSTAL BED OF THE SEA,3974636,NA,Valencia,1,1,€ 60,2019/09/23,2019/09/24,0,"7,1",7
Central Station Valencia Hostel,1647017,NA,Valencia,1,1,€ 64,2019/09/23,2019/09/24,0,"7,1",7
Valencia what else...,2550483,Apartamento,Valencia,1,1,NA,2019/09/23,2019/09/24,0,"9,5",7
Chic and Central- in a lively but quiet area. All walking distance.,3649090,Apartamento,Valencia,1,1,€ 172,2019/09/23,2019/09/24,0,"9,6",7
MARQUÉS HOUSE 4* SUP,2118880,NA,Valencia,1,1,€ 189,2019/09/23,2019/09/24,4,"9,5",7
Casa Calle Conquista,4691493,Apartamento,Valencia,1,1,€ 300,2019/09/23,2019/09/24,0,"9,7",7
Plaza Sainetero Arniches,3984774,Apartamento,Valencia,1,1,€ 97,2019/09/23,2019/09/24,0,"8,6",7
Casual Vintage Valencia,1710241,NA,Valencia,1,1,€ 99,2019/09/23,2019/09/24,2,"8,6",7
Avenida del Cid (Centrico),4737683,Apartamento,Valencia,1,1,€ 65,2019/09/23,2019/09/24,0,"7,1",7
Valencia Apartments,4367788,Apartamentos,Valencia,1,1,€ 69,2019/09/23,2019/09/24,0,"7,2",7
Cosy Rooms Embajador,369728,NA,Valencia,1,1,€ 74,2019/09/23,2019/09/24,2,"7,4",7
Cómoda habitación Valencia,4200488,NA,Valencia,1,1,NA,2019/09/23,2019/09/24,0,"9,5",7
MD PASEO RUZAFA CENTER,5374850,Apartamento,Valencia,1,1,€ 1.130,2019/09/23,2019/09/24,0,"9,5",7
Art&Flats Bed&Breakfast,5238345,NA,Valencia,1,1,€ 35,2019/09/23,2019/09/24,0,9,7
Cantagua Hostel,4074640,NA,Valencia,1,1,€ 44,2019/09/23,2019/09/24,0,"9,1",7
BONNIES Suites & Spa Valencia,3631910,Apartamentos,Valencia,1,1,NA,2019/09/23,2019/09/24,0,"9,8",7
Quart Youth Hostel,476418,NA,Valencia,1,1,€ 100,2019/09/23,2019/09/24,0,"8,6",7
Jardín Botánico Hotel Boutique,93369,NA,Valencia,1,1,€ 101,2019/09/23,2019/09/24,3,"8,9",7
Apartment Sofi,2830696,Apartamento,Valencia,1,1,NA,2019/09/23,2019/09/24,0,"9,8",7
Hola Valencia - Holiday Apartments,2818140,Apartamentos,Valencia,1,1,€ 105,2019/09/23,2019/09/24,0,"8,8",7
Perla Apartments,3146781,Apartamentos,Valencia,1,1,€ 108,2019/09/23,2019/09/24,0,"8,7",7
Centro Valencia Calle Cerrajeros,3476261,NA,Valencia,1,1,€ 75,2019/09/23,2019/09/24,0,"7,1",7
NWT Monserrat,3728842,Apartamentos,Valencia,1,1,€ 79,2019/09/23,2019/09/24,0,7,7
Cosy Rooms Bolsería,371606,NA,Valencia,1,1,€ 81,2019/09/23,2019/09/24,2,"7,4",7
Kirei Apartment San Vicente,1774062,Apartamento,Valencia,1,1,€ 83,2019/09/23,2019/09/24,0,"7,3",7
One Shot Colón 46,1394168,NA,Valencia,1,1,€ 109,2019/09/23,2019/09/24,3,"8,7",7
Friendly Rentals Schubert,1634221,Apartamentos,Valencia,1,1,€ 110,2019/09/23,2019/09/24,0,"8,9",7
City of Arts,3031480,Apartamento,Valencia,1,1,€ 110,2019/09/23,2019/09/24,0,"8,8",7
New Trendy apartment,2426154,Apartamento,Valencia,1,1,€ 110,2019/09/23,2019/09/24,0,"8,7",7
Centro en Valencia,2885222,Apartamento,Valencia,1,1,NA,2019/09/23,2019/09/24,0,"9,5",7
Malvarrosa Beach Rooms,314048,NA,Valencia,1,1,€ 85,2019/09/23,2019/09/24,2,"7,1",7
Apartments Calle Padre Damian,4523326,Apartamentos,Valencia,1,1,€ 85,2019/09/23,2019/09/24,0,"7,2",7
AMAZING HOUSE- BEST LOCATION!,4728031,Apartamento,Valencia,1,1,NA,2019/09/23,2019/09/24,0,"9,7",7
Kirei Apartment Vienna,4639797,Apartamento,Valencia,1,1,€ 92,2019/09/23,2019/09/24,0,"7,4",7
BUBUFLATS Mossén,1141763,Apartamentos,Valencia,1,1,€ 110,2019/09/23,2019/09/24,0,"8,9",7
Stylish newly renovated in great location /WIFI,3661070,Apartamento,Valencia,1,1,€ 115,2019/09/23,2019/09/24,0,"8,6",7
Hotel Sercotel Acteón Valencia,90495,NA,Valencia,1,1,€ 116,2019/09/23,2019/09/24,4,"8,5",7
APARTAMENTO JUNTO AL RÍO TURIA,3950182,Apartamento,Valencia,1,1,€ 117,2019/09/23,2019/09/24,0,"8,6",7
La Casa dei Fiori,2849727,Apartamento,Valencia,1,1,€ 92,2019/09/23,2019/09/24,0,"7,1",7
Suites by Eric Olsan (Peset),4726296,Apartamentos,Valencia,1,1,€ 92,2019/09/23,2019/09/24,0,"7,4",7
Las casitas de la playa,3177809,Apartamentos,Valencia,1,1,€ 108,2019/09/23,2019/09/24,0,7,7
Select Home Catedral,440778,Apartamentos,Valencia,1,1,€ 160,2019/09/23,2019/09/24,0,"7,1",7
Select Home Town Hall,1648016,Apartamentos,Valencia,1,1,€ 160,2019/09/23,2019/09/24,0,"7,3",7
Apartment Denia 66,1545445,Apartamento,Valencia,1,1,NA,2019/09/23,2019/09/24,0,"9,7",7
SKY TOURISTIC ATTIC,281640,Apartamentos,Valencia,1,1,€ 117,2019/09/23,2019/09/24,0,"8,5",7
B&B Hi Valencia Boutique,1301725,NA,Valencia,1,1,€ 117,2019/09/23,2019/09/24,0,"8,7",7
Hotel Kramer,91106,NA,Valencia,1,1,€ 120,2019/09/23,2019/09/24,3,"8,8",7
Apartamento para 10 personas,5029963,Apartamento,Valencia,1,1,€ 200,2019/09/23,2019/09/24,0,7,7
Dreams Rental La Paz,1107542,Apartamentos,Valencia,1,1,€ 245,2019/09/23,2019/09/24,0,"7,1",7
MD Puerto Rico Apartment Ruzafa,3737151,Apartamento,Valencia,1,1,€ 297,2019/09/23,2019/09/24,0,"7,4",7
MD Villalonga Malvarosa Beach,3739661,Apartamento,Valencia,1,1,€ 490,2019/09/23,2019/09/24,0,"7,1",7
Lotelito,570027,NA,Valencia,1,1,€ 120,2019/09/23,2019/09/24,0,"8,9",7
BUBUFLATS / Mercat,783206,Apartamentos,Valencia,1,1,€ 120,2019/09/23,2019/09/24,0,"8,9",7
Valenciaflats Mercado Central,307677,Apartamentos,Valencia,1,1,€ 120,2019/09/23,2019/09/24,0,"8,9",7
Friendly Rentals Soler,1634237,Apartamento,Valencia,1,1,€ 120,2019/09/23,2019/09/24,0,"8,6",7
Apartments Plaza Ayuntamiento,3506736,Apartamento,Valencia,1,1,€ 120,2019/09/23,2019/09/24,0,"8,7",7
Kasa Katia Eco Guest House,636256,NA,Valencia,1,1,€ 60,2019/09/23,2019/09/24,0,"9,4",7
YOU & CO. Saler Beach Boutique,4533007,NA,Valencia,1,1,€ 65,2019/09/23,2019/09/24,3,"9,1",7
APARTAMENTO CENTRO- RUZAFA. WI-FI. PARKING,3144104,Apartamento,Valencia,1,1,€ 70,2019/09/23,2019/09/24,0,"9,3",7
Loyola Room Habitación en Piso Compartido,3298489,NA,Valencia,1,1,€ 30,2019/09/23,2019/09/24,0,"6,8",7
Guest House Lebon,3124256,NA,Valencia,1,1,€ 35,2019/09/23,2019/09/24,0,"6,9",7
Loft Valencia Playa,3954993,Apartamento,Valencia,1,1,NA,2019/09/23,2019/09/24,0,"9,7",7
Ruzafa Rooms,2891693,NA,Valencia,1,1,€ 40,2019/09/23,2019/09/24,0,"6,9",7
Petit Palace Ruzafa,90792,NA,Valencia,1,1,€ 121,2019/09/23,2019/09/24,3,"8,7",7
Biopark View Apartment,2381901,Apartamento,Valencia,1,1,€ 122,2019/09/23,2019/09/24,0,"8,9",7
ABCyou Bed&Breakfast,189207,NA,Valencia,1,1,€ 124,2019/09/23,2019/09/24,0,"8,5",7
PISO ACOGEDOR,4995780,NA,Valencia,1,1,€ 50,2019/09/23,2019/09/24,0,"6,9",7
Beach Valencia - Arts and Science,3188371,Apartamento,Valencia,1,1,€ 99,2019/09/23,2019/09/24,0,"6,5",7
Miresa flats,5300418,Apartamento,Valencia,1,1,€ 125,2019/09/23,2019/09/24,0,"6,6",7
Casita Esmeralda,2040126,Casa o chalet,Valencia,1,1,€ 139,2019/09/23,2019/09/24,0,"6,5",7
Select Home Boutique Center,387770,Apartamentos,Valencia,1,1,€ 180,2019/09/23,2019/09/24,0,"6,9",7
Magnífico Adosado- cerca de Valencia ciudad- en zona de montaña y playa fluvial,5354233,Casa o chalet,Valencia,1,1,€ 72,2019/09/23,2019/09/24,0,"9,1",7
Bianca,4232781,Apartamentos,Valencia,1,1,€ 74,2019/09/23,2019/09/24,0,9,7
Original Domino House,5434091,NA,Valencia,1,1,€ 75,2019/09/23,2019/09/24,0,"9,3",7
Loft by the Beach,4441671,Apartamento,Valencia,1,1,€ 125,2019/09/23,2019/09/24,0,"8,5",7
Light and bright apartment in central Valencia,3767109,Apartamentos,Valencia,1,1,€ 125,2019/09/23,2019/09/24,0,"8,9",7
Apartment in the Quart Towers II,4947694,Apartamento,Valencia,1,1,€ 127,2019/09/23,2019/09/24,0,"8,7",7
Select Home Mercado Central,440757,Apartamentos,Valencia,1,1,€ 300,2019/09/23,2019/09/24,0,"6,8",7
Guest House Higinio Noja,2845935,NA,Valencia,1,1,€ 30,2019/09/23,2019/09/24,0,6,7
Fun and Sun Center 2,2944416,NA,Valencia,1,1,€ 45,2019/09/23,2019/09/24,0,"6,1",7
Carrer del Bisbe Jaume Pérez,4900140,NA,Valencia,1,1,€ 55,2019/09/23,2019/09/24,0,6,7
Loft Central Market - Tapas,3187998,Apartamentos,Valencia,1,1,€ 83,2019/09/23,2019/09/24,0,"6,4",7
Kirei Apartment San Agustin,1712323,Apartamentos,Valencia,1,1,€ 92,2019/09/23,2019/09/24,0,"6,1",7
Kirei Apartment Denver,4585191,Apartamento,Valencia,1,1,€ 103,2019/09/23,2019/09/24,0,"6,3",7
Select Home Viveros Gardens,1297339,Casa o chalet,Valencia,1,1,€ 265,2019/09/23,2019/09/24,0,"6,3",7
RoomTuristValencia - Ruzafa,4608394,NA,Valencia,1,1,€ 30,2019/09/23,2019/09/24,0,"5,6",7
Bruno Apartment,2715023,Apartamento,Valencia,1,1,NA,2019/09/23,2019/09/24,0,"9,7",7
Apartamento bianca,3205847,Apartamento,Valencia,1,1,€ 85,2019/09/23,2019/09/24,0,"9,1",7
Blanq Comedias,4922002,NA,Valencia,1,1,€ 86,2019/09/23,2019/09/24,0,"9,1",7
Apartamento cerca de la Playa y el Centro,2620264,Apartamento,Valencia,1,1,€ 88,2019/09/23,2019/09/24,0,9,7
Ruzafa Guesthouse,2269176,NA,Valencia,1,1,€ 38,2019/09/23,2019/09/24,0,"5,6",7
Gon & Diego House,4899561,NA,Valencia,1,1,€ 40,2019/09/23,2019/09/24,0,"5,6",7
Home Sweet Home,1223953,NA,Valencia,1,1,€ 60,2019/09/23,2019/09/24,0,"5,5",7
OttoH Charm Stay,2459807,NA,Valencia,1,1,€ 89,2019/09/23,2019/09/24,0,"9,3",7
RUZAFA. Nice apartment and Terrace.,4368595,Apartamento,Valencia,1,1,€ 93,2019/09/23,2019/09/24,0,"9,3",7
Cozy apartment in Valencia! WI-FI !,4447072,Apartamento,Valencia,1,1,€ 94,2019/09/23,2019/09/24,0,"9,4",7
Central Park Apartment Valencia,3881533,Apartamento,Valencia,1,1,NA,2019/09/23,2019/09/24,0,"9,5",7
Apartment close to park Marchalenes,4418670,Apartamento,Valencia,1,1,€ 94,2019/09/23,2019/09/24,0,"9,1",7
La casita de Palomar,2132386,Apartamentos,Valencia,1,1,€ 95,2019/09/23,2019/09/24,0,"9,4",7
City Garden Bed and Breakfast,2204361,NA,Valencia,1,1,€ 98,2019/09/23,2019/09/24,0,"9,4",7
Valenciaflats Ciudad de las Ciencias,93676,Apartamentos,Valencia,1,1,€ 99,2019/09/23,2019/09/24,0,"9,1",7
Olvida tu Reloj Congresos Apartment,2448036,Apartamento,Valencia,1,1,€ 101,2019/09/23,2019/09/24,0,"9,2",7
Olvida tu Reloj Montichelvo Apartment,3258095,Apartamento,Valencia,1,1,€ 103,2019/09/23,2019/09/24,0,"9,4",7
Live in Chianti,2227491,NA,Valencia,1,1,€ 104,2019/09/23,2019/09/24,0,"9,1",7
HQ Rooms Apartments San Vicente,2894429,Apartamentos,Valencia,1,1,€ 104,2019/09/23,2019/09/24,0,"9,2",7
Rooms Ciencias,94126,NA,Valencia,1,1,€ 105,2019/09/23,2019/09/24,0,9,7
Apartments Welcome to Valencia Peset Aleixandre 69,4964856,Apartamento,Valencia,1,1,€ 108,2019/09/23,2019/09/24,0,"9,1",7
Zerka Sendra,4657122,Apartamento,Valencia,1,1,€ 109,2019/09/23,2019/09/24,0,9,7
Teixidors de Palomar,2639791,Apartamentos,Valencia,1,1,€ 109,2019/09/23,2019/09/24,0,"9,4",7
Sorolla Centro,90896,NA,Valencia,1,1,€ 110,2019/09/23,2019/09/24,3,"9,1",7
BUBUSUITES by Bubuflats,2389776,NA,Valencia,1,1,€ 110,2019/09/23,2019/09/24,0,"9,3",7
Casual Socarrat Valencia,5142800,NA,Valencia,1,1,€ 115,2019/09/23,2019/09/24,3,"9,2",7
Apartamentos Wallace,1698355,Apartamentos,Valencia,1,1,€ 115,2019/09/23,2019/09/24,0,"9,2",7
Maison Reina B&B,5004812,NA,Valencia,1,1,€ 115,2019/09/23,2019/09/24,0,"9,3",7
Hotel Valencia Alameda,4019381,NA,Valencia,1,1,€ 115,2019/09/23,2019/09/24,4,"9,3",7
Piso como en tu casa 2,3834617,Apartamentos,Valencia,1,1,€ 119,2019/09/23,2019/09/24,0,"9,2",7
Apartamento Ruzafa Centro I,2006333,Apartamento,Valencia,1,1,€ 119,2019/09/23,2019/09/24,0,"9,2",7
Atico Loft Ruzafa,3152977,Apartamento,Valencia,1,1,NA,2019/09/23,2019/09/24,0,"9,7",7
MD Design Hotel - Portal del Real,2391685,NA,Valencia,1,1,€ 120,2019/09/23,2019/09/24,2,"9,1",7
Casa Cosy,375456,Apartamentos,Valencia,1,1,€ 120,2019/09/23,2019/09/24,0,"9,4",7
Brisa Mare Nostrum,2855311,Apartamento,Valencia,1,1,€ 120,2019/09/23,2019/09/24,0,"9,3",7
Mon Suites Catedral,485679,Apartamentos,Valencia,1,1,€ 125,2019/09/23,2019/09/24,0,"9,2",7
Friendly Rentals Boyvin,1923141,Apartamento,Valencia,1,1,€ 125,2019/09/23,2019/09/24,0,"9,3",7
Center City Flats,861452,Apartamentos,Valencia,1,1,€ 128,2019/09/23,2019/09/24,0,"9,1",7
Ciudad Ciencias- Lujo- Parking- Wi-Fi.,4999636,Apartamento,Valencia,1,1,NA,2019/09/23,2019/09/24,0,"9,8",7
Apartamentos Valencia - Peset Aleixandre 135- FREE WI-FI,4262488,Apartamentos,Valencia,1,1,€ 129,2019/09/23,2019/09/24,0,9,7
Palacio de Rojas,1073276,Apartamentos,Valencia,1,1,€ 133,2019/09/23,2019/09/24,0,"9,3",7
Soho Valencia,1538641,Apartahotel,Valencia,1,1,€ 134,2019/09/23,2019/09/24,0,9,7
Valenciaflats Centro Ciudad,18544,Apartamentos,Valencia,1,1,€ 135,2019/09/23,2019/09/24,0,"9,2",7
Piso céntrico Plaza Toros,2961063,Apartamento,Valencia,1,1,€ 135,2019/09/23,2019/09/24,0,"9,3",7
Mon Suites San Nicolas,4117225,Apartamentos,Valencia,1,1,€ 138,2019/09/23,2019/09/24,0,"9,2",7
La seda stay,3335523,Apartamento,Valencia,1,1,NA,2019/09/23,2019/09/24,0,"9,7",7
Loft zona Pechina en Valencia centro,2524985,Apartamento,Valencia,1,1,€ 138,2019/09/23,2019/09/24,0,"9,2",7
Friendly Rentals Montaner Beach,2314997,Apartamento,Valencia,1,1,€ 140,2019/09/23,2019/09/24,0,9,7
Mediterranean Flats Plaza Redonda,4086496,Apartamentos,Valencia,1,1,€ 145,2019/09/23,2019/09/24,0,"9,2",7
The Flow House,4762375,Apartamentos,Valencia,1,1,€ 146,2019/09/23,2019/09/24,0,"9,2",7
Hostal Venecia,92883,NA,Valencia,1,1,€ 149,2019/09/23,2019/09/24,2,"9,1",7
Sweet Caroline Apartment,1811784,Apartamento,Valencia,1,1,€ 150,2019/09/23,2019/09/24,0,"9,2",7
Luxury Center Plaza Redonda,5138960,Apartamento,Valencia,1,1,NA,2019/09/23,2019/09/24,0,"9,8",7
B BEACH VALENCIA,5125954,Apartamento,Valencia,1,1,€ 150,2019/09/23,2019/09/24,0,"9,1",7
MYR Hotel Plaza Mercado & Spa,1619029,Apartahotel,Valencia,1,1,€ 154,2019/09/23,2019/09/24,0,"9,2",7
Apartamentos La más Bonita,2816245,Apartamentos,Valencia,1,1,€ 158,2019/09/23,2019/09/24,0,"9,1",7
Hotel Boutique Balandret,1281710,NA,Valencia,1,1,€ 160,2019/09/23,2019/09/24,3,"9,2",7
Edificio Pentagono,4673669,Apartamento,Valencia,1,1,€ 160,2019/09/23,2019/09/24,0,9,7
Apartamentos Edificio Palomar,189277,Apartamentos,Valencia,1,1,€ 169,2019/09/23,2019/09/24,0,"9,2",7
APARTAMENTO DE DISEÑO EN PLAZA MANISES,2823390,Apartamento,Valencia,1,1,NA,2019/09/23,2019/09/24,0,"9,7",7
Palau de Palomar,471283,Apartamentos,Valencia,1,1,€ 169,2019/09/23,2019/09/24,0,"9,1",7
Jardines del Turia - Espacioso apartamento,2734126,Apartamento,Valencia,1,1,€ 170,2019/09/23,2019/09/24,0,"9,1",7
Citizentral Juristas,1113127,Apartamentos,Valencia,1,1,€ 173,2019/09/23,2019/09/24,0,"9,2",7
Live in Chianti Apartaments,2882632,Apartamentos,Valencia,1,1,€ 175,2019/09/23,2019/09/24,0,9,7
NH Collection Colón Valencia,3828811,NA,Valencia,1,1,€ 176,2019/09/23,2019/09/24,4,"9,2",7
Cozy apartment in Valencia center,3402135,Apartamentos,Valencia,1,1,€ 194,2019/09/23,2019/09/24,0,"9,2",7
Ambrosio Flats Valencia - El Mercat,3131649,Apartamento,Valencia,1,1,NA,2019/09/23,2019/09/24,0,"9,5",7
Vincci Mercat,1279484,NA,Valencia,1,1,€ 198,2019/09/23,2019/09/24,4,9,7
Arena's Apartament,2156905,Apartamento,Valencia,1,1,€ 225,2019/09/23,2019/09/24,0,"9,1",7
Ca Carmela,2466364,Casa o chalet,Valencia,1,1,€ 225,2019/09/23,2019/09/24,0,"9,1",7
Las Arenas Balneario Resort,91144,NA,Valencia,1,1,€ 230,2019/09/23,2019/09/24,5,9,7
Caro Hotel,348132,NA,Valencia,1,1,€ 305,2019/09/23,2019/09/24,5,"9,2",7
Mon Suites San Martin,2777545,Apartamentos,Valencia,1,1,€ 330,2019/09/23,2019/09/24,0,"9,4",7
The River Hostel,494202,NA,Valencia,1,1,€ 30,2019/09/23,2019/09/24,0,"8,5",7
Homestay Carrer Sagun,5006434,NA,Valencia,1,1,€ 40,2019/09/23,2019/09/24,0,"8,6",7
Aventura,5567318,Apartamentos,Valencia,1,1,€ 40,2019/09/23,2019/09/24,0,"8,7",7
Home Youth Hostel by Feetup Hostels,189322,NA,Valencia,1,1,€ 41,2019/09/23,2019/09/24,0,"8,8",7
Pensión Alicante,298710,NA,Valencia,1,1,€ 42,2019/09/23,2019/09/24,0,"8,5",7
Valencia Suits You Citytel,1106307,NA,Valencia,1,1,€ 49,2019/09/23,2019/09/24,2,"8,6",7
Russafa Youth Hostel,345134,NA,Valencia,1,1,€ 54,2019/09/23,2019/09/24,0,"8,6",7
Palacios Rooms,2773548,NA,Valencia,1,1,€ 59,2019/09/23,2019/09/24,0,"8,6",7
Hulot B&B Valencia,585429,NA,Valencia,1,1,€ 59,2019/09/23,2019/09/24,0,"8,5",7
Namaste Rooms,3799642,NA,Valencia,1,1,€ 60,2019/09/23,2019/09/24,0,"8,7",7
Apartamentos Plaza Picasso,97063,Apartamentos,Valencia,1,1,€ 64,2019/09/23,2019/09/24,0,"8,5",7
Apartaments San Pio V,2456151,Apartamento,Valencia,1,1,€ 64,2019/09/23,2019/09/24,0,"8,8",7
