name,propertyId,propertyType,city,rooms,days,price,checkIn,checkOut,stars,score,advance
Voyagers Inn Homestay,2682156,NA,Valencia,1,1,€ 48,2019/09/13,2019/09/14,0,"7,8",7
UP Hostel Valencia,1710137,NA,Valencia,1,1,€ 26,2019/09/13,2019/09/14,0,"7,8",7
So de Mar,2204496,Apartamento,Valencia,1,1,NA,2019/09/13,2019/09/14,0,"9,6",7
Valencia City Host,1177077,NA,Valencia,1,1,€ 49,2019/09/13,2019/09/14,0,"7,8",7
Habitacion por dias Centro Valencia,3977106,NA,Valencia,1,1,€ 64,2019/09/13,2019/09/14,0,"7,9",7
OYO Pensión El Rincón,476031,NA,Valencia,1,1,€ 65,2019/09/13,2019/09/14,1,"7,6",7
Pensión Universal,304276,NA,Valencia,1,1,€ 65,2019/09/13,2019/09/14,0,"7,9",7
Centro & Viaje,4215175,NA,Valencia,1,1,€ 78,2019/09/13,2019/09/14,0,"7,6",7
Cosy Rooms Tapinería,371192,NA,Valencia,1,1,€ 78,2019/09/13,2019/09/14,2,"7,5",7
Charming Ninetta,3220582,Apartamento,Valencia,1,1,NA,2019/09/13,2019/09/14,0,"9,5",7
Casual Civilizaciones Valencia,449777,NA,Valencia,1,1,€ 78,2019/09/13,2019/09/14,0,"7,9",7
Hotel Turia,14441,NA,Valencia,1,1,€ 79,2019/09/13,2019/09/14,4,"7,5",7
Ilunion Valencia 3,92818,NA,Valencia,1,1,€ 80,2019/09/13,2019/09/14,3,"7,9",7
B&B Hotel Valencia Ciudad de las Ciencias,92242,NA,Valencia,1,1,€ 83,2019/09/13,2019/09/14,3,"7,5",7
Checkin Valencia,93743,NA,Valencia,1,1,€ 85,2019/09/13,2019/09/14,4,"7,8",7
Hostal Penalty,189209,NA,Valencia,1,1,€ 85,2019/09/13,2019/09/14,1,"7,9",7
Espai Loft Santa Mónica,4574135,Apartamento,Valencia,1,1,NA,2019/09/13,2019/09/14,0,"9,8",7
Valencia Lounge Hostel,337203,NA,Valencia,1,1,€ 90,2019/09/13,2019/09/14,0,"7,8",7
United Colors of Studios - Mercado Central,2574108,Apartamentos,Valencia,1,1,€ 94,2019/09/13,2019/09/14,0,"7,9",7
Living Valencia - Merced Estudio,3702039,Apartamento,Valencia,1,1,€ 94,2019/09/13,2019/09/14,0,"7,6",7
SEA YOU HOTEL PORT VALENCIA,92328,NA,Valencia,1,1,€ 96,2019/09/13,2019/09/14,4,"7,7",7
Casual de la Música Valencia,273130,NA,Valencia,1,1,€ 107,2019/09/13,2019/09/14,2,"7,5",7
Expo Hotel Valencia,91223,NA,Valencia,1,1,€ 111,2019/09/13,2019/09/14,3,"7,6",7
Melia Valencia,290493,NA,Valencia,1,1,€ 84,2019/09/13,2019/09/14,4,"8,8",7
Sercotel Sorolla Palace,93646,NA,Valencia,1,1,€ 90,2019/09/13,2019/09/14,4,"8,6",7
Lounge by the sea,4756780,Apartamento,Valencia,1,1,NA,2019/09/13,2019/09/14,0,"9,8",7
Habitación doble,3599930,NA,Valencia,1,1,€ 90,2019/09/13,2019/09/14,0,"8,9",7
Casa del Patriarca,364834,NA,Valencia,1,1,€ 90,2019/09/13,2019/09/14,0,"8,9",7
Hotel Valencia Oceanic Managed by Melia Hotels International,91522,NA,Valencia,1,1,€ 93,2019/09/13,2019/09/14,4,"8,6",7
Home Youth Hostel by Feetup Hostels,189322,NA,Valencia,1,1,€ 94,2019/09/13,2019/09/14,0,"8,8",7
València Centre Túria,2185255,Apartamento,Valencia,1,1,€ 94,2019/09/13,2019/09/14,0,"8,8",7
Hotel San Lorenzo Boutique,1307718,NA,Valencia,1,1,€ 95,2019/09/13,2019/09/14,3,"8,6",7
Apartments Torres de Serranos Valencia,1099602,Apartamentos,Valencia,1,1,NA,2019/09/13,2019/09/14,0,"9,6",7
Plaza Sainetero Arniches,3984774,Apartamento,Valencia,1,1,€ 97,2019/09/13,2019/09/14,0,"8,5",7
Hotel Sercotel Acteón Valencia,90495,NA,Valencia,1,1,€ 98,2019/09/13,2019/09/14,4,"8,5",7
Melia Plaza Valencia,13270,NA,Valencia,1,1,€ 220,2019/09/13,2019/09/14,4,"8,9",7
Apartamentos Dormavalencia,4450983,Apartamentos,Valencia,1,1,€ 226,2019/09/13,2019/09/14,0,"8,5",7
Preciosa Casita Cerca Del Mar,4057271,Apartamento,Valencia,1,1,NA,2019/09/13,2019/09/14,0,"9,7",7
Ca Carmela,2466364,Casa o chalet,Valencia,1,1,€ 250,2019/09/13,2019/09/14,0,"8,9",7
Blanq Carmen Hotel,97069,NA,Valencia,1,1,€ 100,2019/09/13,2019/09/14,3,"8,7",7
Quart Youth Hostel,476418,NA,Valencia,1,1,€ 100,2019/09/13,2019/09/14,0,"8,7",7
ABCyou Bed&Breakfast,189207,NA,Valencia,1,1,€ 104,2019/09/13,2019/09/14,0,"8,5",7
AC Hotel Valencia- a Marriott Lifestyle Hotel,91063,NA,Valencia,1,1,€ 108,2019/09/13,2019/09/14,4,"8,6",7
Cool Loft Malvarrosa Beach,4309218,Apartamento,Valencia,1,1,NA,2019/09/13,2019/09/14,0,"9,6",7
Pio XII Apartments Valencia,402080,Apartamentos,Valencia,1,1,€ 108,2019/09/13,2019/09/14,0,"8,5",7
Hospes Palau de La Mar,93823,NA,Valencia,1,1,€ 385,2019/09/13,2019/09/14,5,"8,8",7
Center Valencia Youth Hostel,246931,NA,Valencia,1,1,€ 42,2019/09/13,2019/09/14,0,8,7
Red Nest Hostel,92283,NA,Valencia,1,1,€ 49,2019/09/13,2019/09/14,0,"8,2",7
Como en casa,4802186,NA,Valencia,1,1,€ 54,2019/09/13,2019/09/14,0,"8,1",7
Purple Nest Hostel,25278,NA,Valencia,1,1,€ 57,2019/09/13,2019/09/14,0,"8,1",7
Apartment Cisneros 2,2361375,Apartamento,Valencia,1,1,NA,2019/09/13,2019/09/14,0,"9,7",7
Pension MonaLisa Luxury Suites,3834224,NA,Valencia,1,1,€ 60,2019/09/13,2019/09/14,0,"8,3",7
Hostal Abastos,257057,NA,Valencia,1,1,€ 60,2019/09/13,2019/09/14,2,"8,2",7
Apartamento Gutenberg,1327120,Apartamentos,Valencia,1,1,€ 60,2019/09/13,2019/09/14,0,"8,1",7
B&B Hi Valencia Canovas,305349,NA,Valencia,1,1,€ 62,2019/09/13,2019/09/14,0,"8,4",7
L'Otelet By Sweet,1467935,NA,Valencia,1,1,€ 64,2019/09/13,2019/09/14,0,"8,3",7
Aparthotel Valencia Rental,17344,Apartahotel,Valencia,1,1,€ 65,2019/09/13,2019/09/14,0,8,7
Casa Botànic - Céntrico y con comodidades,4218273,Apartamento,Valencia,1,1,NA,2019/09/13,2019/09/14,0,"9,8",7
Premium Apartments,486507,Apartamentos,Valencia,1,1,€ 139,2019/09/13,2019/09/14,0,"6,9",7
Fun and Sun Center 2,2944416,NA,Valencia,1,1,€ 45,2019/09/13,2019/09/14,0,"6,1",7
Apartamento Peris Ruzafa Center,2618251,Apartamento,Valencia,1,1,NA,2019/09/13,2019/09/14,0,"9,7",7
Tryp Valencia Feria,92852,NA,Valencia,1,1,€ 68,2019/09/13,2019/09/14,4,"8,4",7
RoomTuristValencia - Ruzafa,4608394,NA,Valencia,1,1,€ 45,2019/09/13,2019/09/14,0,"5,7",7
Palacios Rooms,2773548,NA,Valencia,1,1,€ 76,2019/09/13,2019/09/14,0,"8,3",7
Hotel Olympia Universidades,1301731,NA,Valencia,1,1,€ 80,2019/09/13,2019/09/14,3,"8,4",7
Ruzafa Guesthouse,2269176,NA,Valencia,1,1,€ 45,2019/09/13,2019/09/14,0,"5,6",7
Carrer del Bisbe Jaume Pérez,4900140,NA,Valencia,1,1,€ 55,2019/09/13,2019/09/14,0,"5,9",7
Sweet Hotel Renasa,274818,NA,Valencia,1,1,€ 84,2019/09/13,2019/09/14,3,8,7
Home Sweet Home,1223953,NA,Valencia,1,1,€ 60,2019/09/13,2019/09/14,0,"5,5",7
Oliver,4865093,NA,Valencia,1,1,€ 73,2019/09/13,2019/09/14,0,"5,8",7
Ilunion Valencia 4,754329,NA,Valencia,1,1,€ 85,2019/09/13,2019/09/14,4,8,7
Residencia Universitaria Damia Bonet,247451,NA,Valencia,1,1,€ 85,2019/09/13,2019/09/14,0,"8,3",7
Kirei Apartment Berlin,4504570,Apartamentos,Valencia,1,1,€ 115,2019/09/13,2019/09/14,0,"5,5",7
Colors Rooms,675839,NA,Valencia,1,1,NA,2019/09/13,2019/09/14,0,"9,6",7
Kirei Apartment Portland,4276529,Apartamentos,Valencia,1,1,€ 223,2019/09/13,2019/09/14,0,"5,9",7
Guest House Duc de Gaeta,2275007,NA,Valencia,1,1,€ 38,2019/09/13,2019/09/14,0,5,7
Guest House Torres de Quart,2275006,NA,Valencia,1,1,€ 48,2019/09/13,2019/09/14,0,"5,3",7
RoomTuristValencia Estacion del Norte,4682632,NA,Valencia,1,1,€ 50,2019/09/13,2019/09/14,0,"5,3",7
Guesthouse Plaza de Toros,2985902,NA,Valencia,1,1,€ 39,2019/09/13,2019/09/14,0,"4,9",7
RoomTuristValencia Torres de Quart,4565643,NA,Valencia,1,1,€ 45,2019/09/13,2019/09/14,0,"4,5",7
Ático Valencia Centro,4358939,Apartamento,Valencia,1,1,NA,2019/09/13,2019/09/14,0,"9,9",7
Port of Valencia,3805735,Apartamento,Valencia,1,1,€ 150,2019/09/13,2019/09/14,0,"4,9",7
Constitucion Guesthouse,2985942,NA,Valencia,1,1,€ 35,2019/09/13,2019/09/14,0,"3,4",7
Como en casa !!,5427108,NA,Valencia,1,1,€ 40,2019/09/13,2019/09/14,0,,7
Florista's Rooms en Valencia,5502152,NA,Valencia,1,1,€ 40,2019/09/13,2019/09/14,0,,7
Habitación muy cerca de la playa.,5395908,NA,Valencia,1,1,€ 40,2019/09/13,2019/09/14,0,,7
Rio Turia B&B,5531073,NA,Valencia,1,1,€ 48,2019/09/13,2019/09/14,0,,7
Homely Nest Valencia El Carme,3790877,Apartamento,Valencia,1,1,NA,2019/09/13,2019/09/14,0,"9,8",7
vosotros sereis parte de mi familia.,5299568,NA,Valencia,1,1,€ 50,2019/09/13,2019/09/14,0,,7
Bright room with trundle bed,5560260,NA,Valencia,1,1,€ 51,2019/09/13,2019/09/14,0,,7
Habitación en casa particular con preciosa terraza,5559993,NA,Valencia,1,1,€ 51,2019/09/13,2019/09/14,0,,7
Attic Rooms in Botánico,5522932,NA,Valencia,1,1,€ 55,2019/09/13,2019/09/14,0,,7
Apartamento con compartir,5366858,NA,Valencia,1,1,€ 56,2019/09/13,2019/09/14,0,,7
Ramirez Flats & Bar,4124528,Apartahotel,Valencia,1,1,€ 120,2019/09/13,2019/09/14,0,"9,5",7
Barracart Apartments,2125836,Apartamentos,Valencia,1,1,€ 137,2019/09/13,2019/09/14,0,"9,6",7
VALENCIA APARTAMENTO GOYA,4256653,Apartamento,Valencia,1,1,NA,2019/09/13,2019/09/14,0,10,7
Disfruta - Enjoy Valencia Ayuntamiento,4901194,Apartamento,Valencia,1,1,€ 179,2019/09/13,2019/09/14,0,"9,7",7
Apartment Plaza Cisneros,1273377,Apartamentos,Valencia,1,1,€ 180,2019/09/13,2019/09/14,0,"9,8",7
Disfruta - Enjoy Valencia Ruzafa,3890328,Apartamento,Valencia,1,1,€ 188,2019/09/13,2019/09/14,0,"9,7",7
Disfruta - Enjoy Valencia Oceanografic,4121345,Apartamento,Valencia,1,1,€ 189,2019/09/13,2019/09/14,0,"9,6",7
Disfruta - Enjoy Valencia Centre,3881970,Apartamento,Valencia,1,1,€ 189,2019/09/13,2019/09/14,0,"9,8",7
Cantagua Hostel,4074640,NA,Valencia,1,1,€ 53,2019/09/13,2019/09/14,0,"9,1",7
MerKat-Abastos,1231196,Apartamento,Valencia,1,1,NA,2019/09/13,2019/09/14,0,"9,7",7
Magnífico Adosado- cerca de Valencia ciudad- en zona de montaña y playa fluvial,5354233,Casa o chalet,Valencia,1,1,€ 72,2019/09/13,2019/09/14,0,"9,4",7
YOU & CO. Saler Beach Boutique,4533007,NA,Valencia,1,1,€ 75,2019/09/13,2019/09/14,3,"9,1",7
Blanq Comedias,4922002,NA,Valencia,1,1,€ 90,2019/09/13,2019/09/14,0,"9,2",7
"Piso ""Como en tu casa""",2689136,Apartamento,Valencia,1,1,€ 98,2019/09/13,2019/09/14,0,"9,3",7
Casa Cabañal,2436758,Casa o chalet,Valencia,1,1,€ 106,2019/09/13,2019/09/14,0,9,7
Hotel Valencia Alameda,4019381,NA,Valencia,1,1,€ 108,2019/09/13,2019/09/14,4,"9,3",7
Apartments Downtown Valencia,2250421,Apartamentos,Valencia,1,1,NA,2019/09/13,2019/09/14,0,"9,6",7
Soho Valencia,1538641,Apartahotel,Valencia,1,1,€ 109,2019/09/13,2019/09/14,0,9,7
OttoH Charm Stay,2459807,NA,Valencia,1,1,€ 109,2019/09/13,2019/09/14,0,"9,3",7
apartamento las torres-botanico,4694090,Apartamento,Valencia,1,1,€ 111,2019/09/13,2019/09/14,0,9,7
APARTAMENTO CENTRO- RUZAFA. WI-FI. PARKING,3144104,Apartamento,Valencia,1,1,€ 120,2019/09/13,2019/09/14,0,"9,3",7
Live in Chianti,2227491,NA,Valencia,1,1,€ 124,2019/09/13,2019/09/14,0,"9,1",7
Valenciaflats Ciudad de las Ciencias,93676,Apartamentos,Valencia,1,1,€ 130,2019/09/13,2019/09/14,0,"9,1",7
Central Park Apartment Valencia,3881533,Apartamento,Valencia,1,1,NA,2019/09/13,2019/09/14,0,"9,6",7
OCEANOGRAFIC DELUXE- PARKING- WI-FI,4095746,Apartamento,Valencia,1,1,€ 130,2019/09/13,2019/09/14,0,"9,2",7
Valenciaflats Centro Ciudad,18544,Apartamentos,Valencia,1,1,€ 130,2019/09/13,2019/09/14,0,"9,2",7
Edificio Pentagono,4673669,Apartamento,Valencia,1,1,€ 145,2019/09/13,2019/09/14,0,"9,1",7
Apartamentos Wallace,1698355,Apartamentos,Valencia,1,1,€ 145,2019/09/13,2019/09/14,0,"9,2",7
Citizentral Juristas,1113127,Apartamentos,Valencia,1,1,€ 146,2019/09/13,2019/09/14,0,"9,2",7
