name,propertyId,propertyType,city,rooms,days,price,checkIn,checkOut,stars,score,advance
Voyagers Inn Homestay,2682156,NA,Valencia,1,1,€ 45,2019/11/27,2019/11/28,0,"7,8",60
Patacona Resort Apartments,189782,Apartamentos,Valencia,1,1,€ 46,2019/11/27,2019/11/28,0,"7,8",60
Bonaire Apartment,2966460,Apartamento,Valencia,1,1,NA,2019/11/27,2019/11/28,0,"8,8",60
Casual de la Música Valencia,273130,NA,Valencia,1,1,€ 46,2019/11/27,2019/11/28,2,"7,5",60
Rio Turia B&B,5531073,NA,Valencia,1,1,€ 48,2019/11/27,2019/11/28,0,"7,6",60
Apartamentos Abastos,1044426,Apartamentos,Valencia,1,1,€ 50,2019/11/27,2019/11/28,0,"7,5",60
Habitacion PLaza Ayuntamiento,4365340,NA,Valencia,1,1,€ 50,2019/11/27,2019/11/28,0,"7,6",60
Como en casa,4802186,NA,Valencia,1,1,€ 54,2019/11/27,2019/11/28,0,"7,9",60
Habitacion por dias Centro Valencia,3977106,NA,Valencia,1,1,€ 55,2019/11/27,2019/11/28,0,"7,8",60
Piso Mercado Central,3713625,Apartamento,Valencia,1,1,NA,2019/11/27,2019/11/28,0,"8,9",60
Expo Hotel Valencia,91223,NA,Valencia,1,1,€ 55,2019/11/27,2019/11/28,3,"7,6",60
Cosy Rooms Tapinería,371192,NA,Valencia,1,1,€ 56,2019/11/27,2019/11/28,2,"7,5",60
B&B Hotel Valencia Ciudad de las Ciencias,92242,NA,Valencia,1,1,€ 56,2019/11/27,2019/11/28,3,"7,5",60
Valencia Lounge Hostel,337203,NA,Valencia,1,1,€ 58,2019/11/27,2019/11/28,0,"7,7",60
Hotel Turia,14441,NA,Valencia,1,1,€ 59,2019/11/27,2019/11/28,4,"7,5",60
Oceanográfico Apartments & Spa,324918,Apartamentos,Valencia,1,1,€ 59,2019/11/27,2019/11/28,0,"7,5",60
Living Valencia - Parterre,3830646,Apartamento,Valencia,1,1,NA,2019/11/27,2019/11/28,0,"8,5",60
El Globo,24498,NA,Valencia,1,1,€ 60,2019/11/27,2019/11/28,1,"7,8",60
Hostal Bisbal,235665,NA,Valencia,1,1,€ 60,2019/11/27,2019/11/28,1,"7,5",60
Jero Rooms,296743,NA,Valencia,1,1,€ 62,2019/11/27,2019/11/28,0,"7,7",60
Colors Rooms,675839,NA,Valencia,1,1,€ 40,2019/11/27,2019/11/28,0,"9,5",60
Checkin Valencia,93743,NA,Valencia,1,1,€ 62,2019/11/27,2019/11/28,4,"7,8",60
Apartamentos La más Bonita,2816245,Apartamentos,Valencia,1,1,€ 104,2019/11/27,2019/11/28,0,9,60
MYR Hotel Plaza Mercado & Spa,1619029,Apartahotel,Valencia,1,1,€ 105,2019/11/27,2019/11/28,0,"9,2",60
Espai One Santa Mónica,5471724,Apartamento,Valencia,1,1,NA,2019/11/27,2019/11/28,0,"9,8",60
Alex Apartment,1756374,Apartamento,Valencia,1,1,€ 65,2019/11/27,2019/11/28,0,"7,8",60
El 16 Ruzafa,865461,Apartamentos,Valencia,1,1,€ 69,2019/11/27,2019/11/28,0,"7,7",60
Casa en el Cabañal,2112386,Casa o chalet,Valencia,1,1,NA,2019/11/27,2019/11/28,0,"8,6",60
SEA YOU HOTEL PORT VALENCIA,92328,NA,Valencia,1,1,€ 71,2019/11/27,2019/11/28,4,"7,7",60
LOFT apartamento duplex en Valencia con parking,5519008,Apartamento,Valencia,1,1,€ 65,2019/11/27,2019/11/28,0,"9,8",60
Hexagonal Design Apartment Valencia,4630643,Apartamento,Valencia,1,1,NA,2019/11/27,2019/11/28,0,"9,5",60
United Colors of Apartments Boutique Style,5372347,Apartamentos,Valencia,1,1,€ 69,2019/11/27,2019/11/28,0,"9,6",60
Apartamento luminoso y acogedor,3489126,Apartamento,Valencia,1,1,€ 78,2019/11/27,2019/11/28,0,"9,4",60
Hostal Antigua Morellana,1273937,NA,Valencia,1,1,€ 80,2019/11/27,2019/11/28,1,"9,5",60
Forn desamparats,2380447,Apartamento,Valencia,1,1,€ 105,2019/11/27,2019/11/28,0,"9,4",60
Apartamento centro frente a Torres de Serrano,3408067,Apartamento,Valencia,1,1,€ 105,2019/11/27,2019/11/28,0,"9,4",60
5 SENSES,3786890,Apartamento,Valencia,1,1,€ 107,2019/11/27,2019/11/28,0,"9,1",60
Valencian Dreams Lonja,4757385,Apartamento,Valencia,1,1,€ 92,2019/11/27,2019/11/28,0,"9,8",60
Casa La Buhardilla,2985364,Apartamento,Valencia,1,1,€ 97,2019/11/27,2019/11/28,0,"9,6",60
Bubuflats Bubu 3,1014334,Apartamentos,Valencia,1,1,€ 100,2019/11/27,2019/11/28,0,"9,6",60
Musico Art Flat,2925957,Apartamento,Valencia,1,1,NA,2019/11/27,2019/11/28,0,"9,6",60
Precioso piso junto al antiguo barrio de Campanar,3297078,Apartamento,Valencia,1,1,€ 100,2019/11/27,2019/11/28,0,"9,5",60
United Colors of Studios - Mercado Central,2574108,Apartamentos,Valencia,1,1,€ 75,2019/11/27,2019/11/28,0,"7,8",60
Apartamento Alguer,4005334,Apartamento,Valencia,1,1,€ 75,2019/11/27,2019/11/28,0,"7,6",60
Suites by Eric Olsan (L),4287413,Apartamentos,Valencia,1,1,€ 83,2019/11/27,2019/11/28,0,"7,5",60
Suites by Eric Olsan (Peset),4726296,Apartamentos,Valencia,1,1,€ 83,2019/11/27,2019/11/28,0,"7,5",60
Teixidors de Palomar,2639791,Apartamentos,Valencia,1,1,€ 109,2019/11/27,2019/11/28,0,"9,3",60
Apartamentos Edificio Palomar,189277,Apartamentos,Valencia,1,1,€ 109,2019/11/27,2019/11/28,0,"9,2",60
OCEANOGRAFIC APARTMENT. PARKING. WI-FI,3107716,Apartamentos,Valencia,1,1,€ 110,2019/11/27,2019/11/28,0,9,60
Piso en La Ciudad de Artes,3832790,Apartamento,Valencia,1,1,NA,2019/11/27,2019/11/28,0,"9,6",60
HQ Rooms Apartments San Vicente,2894429,Apartamentos,Valencia,1,1,€ 110,2019/11/27,2019/11/28,0,"9,2",60
"Piso ""Como en tu casa""",2689136,Apartamento,Valencia,1,1,€ 110,2019/11/27,2019/11/28,0,"9,2",60
Valenciaflats Centro Ciudad,18544,Apartamentos,Valencia,1,1,€ 110,2019/11/27,2019/11/28,0,"9,2",60
Rooms Ciencias,94126,NA,Valencia,1,1,€ 113,2019/11/27,2019/11/28,0,9,60
Valenciaflats Mercado Central,307677,Apartamentos,Valencia,1,1,€ 115,2019/11/27,2019/11/28,0,9,60
COZY APARTMENT VALENCIA CITY CENTER!,4886758,Apartamento,Valencia,1,1,€ 115,2019/11/27,2019/11/28,0,"9,3",60
15 Avinguda Mare Nostrum,4518973,Apartamento,Valencia,1,1,NA,2019/11/27,2019/11/28,0,"9,6",60
Apartments Torres de Serranos Valencia,1099602,Apartamentos,Valencia,1,1,€ 110,2019/11/27,2019/11/28,0,"9,6",60
Apartments Downtown Valencia,2250421,Apartamentos,Valencia,1,1,€ 110,2019/11/27,2019/11/28,0,"9,6",60
Hotel Valencia Alameda,4019381,NA,Valencia,1,1,€ 115,2019/11/27,2019/11/28,4,"9,3",60
MD Design Hotel - Portal del Real,2391685,NA,Valencia,1,1,€ 120,2019/11/27,2019/11/28,2,"9,1",60
Valencia-Ruzafa Studio,3235983,Apartamento,Valencia,1,1,€ 120,2019/11/27,2019/11/28,0,"9,1",60
Apartment close to park Marchalenes,4418670,Apartamento,Valencia,1,1,€ 120,2019/11/27,2019/11/28,0,"9,1",60
Palacio de Rojas,1073276,Apartamentos,Valencia,1,1,€ 124,2019/11/27,2019/11/28,0,"9,3",60
Ramirez Flats & Bar,4124528,Apartahotel,Valencia,1,1,€ 117,2019/11/27,2019/11/28,0,"9,5",60
Olympia Flats,4212801,NA,Valencia,1,1,€ 60,2019/11/27,2019/11/28,0,"9,8",60
Barracart Apartments,2125836,Apartamentos,Valencia,1,1,€ 126,2019/11/27,2019/11/28,0,"9,6",60
La seda stay,3335523,Apartamento,Valencia,1,1,NA,2019/11/27,2019/11/28,0,"9,7",60
Welcome Apartamentos Pintor Stolz 31 Valencia,5019066,Apartamento,Valencia,1,1,€ 124,2019/11/27,2019/11/28,0,"9,1",60
Disfruta - Enjoy Valencia Ayuntamiento,4901194,Apartamento,Valencia,1,1,NA,2019/11/27,2019/11/28,0,"9,6",60
Apartamentos Valencia - Brazil 31 Free WiFi,4948554,Apartamento,Valencia,1,1,€ 125,2019/11/27,2019/11/28,0,"8,9",60
Opera House Valencia B&B,3533887,NA,Valencia,1,1,€ 136,2019/11/27,2019/11/28,0,"9,5",60
Apartamento centro,3160737,Apartamento,Valencia,1,1,€ 165,2019/11/27,2019/11/28,0,"9,7",60
MARQUÉS HOUSE 4* SUP,2118880,NA,Valencia,1,1,€ 169,2019/11/27,2019/11/28,4,"9,4",60
Disfruta - Enjoy Valencia Oceanografic,4121345,Apartamento,Valencia,1,1,€ 189,2019/11/27,2019/11/28,0,"9,6",60
Nest Style Valencia -Nueva apertura-,5219046,NA,Valencia,1,1,€ 221,2019/11/27,2019/11/28,3,"9,5",60
MD PASEO RUZAFA CENTER,5374850,Apartamento,Valencia,1,1,€ 1.030,2019/11/27,2019/11/28,0,"9,6",60
BONNIES Suites & Spa Valencia,3631910,Apartamentos,Valencia,1,1,NA,2019/11/27,2019/11/28,0,"9,8",60
Cantagua Hostel,4074640,NA,Valencia,1,1,€ 40,2019/11/27,2019/11/28,0,"9,1",60
YOU & CO. Saler Beach Boutique,4533007,NA,Valencia,1,1,€ 44,2019/11/27,2019/11/28,3,"9,1",60
Habitación privada a 1500 metros de la playa,3789910,NA,Valencia,1,1,€ 60,2019/11/27,2019/11/28,0,"9,2",60
Blanq Comedias,4922002,NA,Valencia,1,1,€ 68,2019/11/27,2019/11/28,0,"9,1",60
Jardín Botánico Hotel Boutique,93369,NA,Valencia,1,1,€ 94,2019/11/27,2019/11/28,3,"8,9",60
Apartamentos Wallace,1698355,Apartamentos,Valencia,1,1,€ 129,2019/11/27,2019/11/28,0,"9,2",60
Mediterranean Flats Plaza Redonda,4086496,Apartamentos,Valencia,1,1,€ 131,2019/11/27,2019/11/28,0,"9,2",60
Live in Chianti Apartaments,2882632,Apartamentos,Valencia,1,1,€ 132,2019/11/27,2019/11/28,0,9,60
Cozy apartment in Valencia center,3402135,Apartamentos,Valencia,1,1,€ 134,2019/11/27,2019/11/28,0,"9,2",60
Les flors,3985046,Apartamento,Valencia,1,1,€ 95,2019/11/27,2019/11/28,0,"8,7",60
Una Ubicacion Perfecta,3114164,Apartamentos,Valencia,1,1,NA,2019/11/27,2019/11/28,0,"9,1",60
New Trendy apartment,2426154,Apartamento,Valencia,1,1,€ 95,2019/11/27,2019/11/28,0,"8,7",60
Blanq Carmen Hotel,97069,NA,Valencia,1,1,€ 98,2019/11/27,2019/11/28,3,"8,7",60
Melia Valencia,290493,NA,Valencia,1,1,€ 98,2019/11/27,2019/11/28,4,"8,8",60
Kirei Apartment Portland,4276529,Apartamentos,Valencia,1,1,€ 200,2019/11/27,2019/11/28,0,"5,9",60
Guest House Torres de Quart,2275006,NA,Valencia,1,1,€ 30,2019/11/27,2019/11/28,0,"5,3",60
Bianca,4232781,Apartamento,Valencia,1,1,€ 69,2019/11/27,2019/11/28,0,9,60
Living Valencia - Blanquerías,2860821,Apartamentos,Valencia,1,1,NA,2019/11/27,2019/11/28,0,"8,4",60
RoomTuristValencia Estacion del Norte,4682632,NA,Valencia,1,1,€ 35,2019/11/27,2019/11/28,0,"5,2",60
Port of Valencia,3805735,Apartamento,Valencia,1,1,€ 75,2019/11/27,2019/11/28,0,"5,1",60
El Coral Apartment Valencia,3606766,Apartamento,Valencia,1,1,€ 99,2019/11/27,2019/11/28,0,"8,7",60
Luz de Valencia,2076095,Apartamentos,Valencia,1,1,€ 99,2019/11/27,2019/11/28,0,"8,8",60
BUBUFLATS / Mercat,783206,Apartamentos,Valencia,1,1,€ 100,2019/11/27,2019/11/28,0,"8,9",60
NH Collection Colón Valencia,3828811,NA,Valencia,1,1,NA,2019/11/27,2019/11/28,4,"9,2",60
RoomTuristValencia Torres de Quart,4565643,NA,Valencia,1,1,€ 25,2019/11/27,2019/11/28,0,"4,5",60
Guest House Duc de Gaeta,2275007,NA,Valencia,1,1,€ 28,2019/11/27,2019/11/28,0,"4,9",60
BUBUFLATS Mossén,1141763,Apartamentos,Valencia,1,1,€ 100,2019/11/27,2019/11/28,0,"8,9",60
València Centre Torres de Quart,886289,Apartamentos,Valencia,1,1,€ 110,2019/11/27,2019/11/28,0,"8,9",60
One Shot Colón 46,1394168,NA,Valencia,1,1,€ 110,2019/11/27,2019/11/28,3,"8,7",60
Tranquilo Apartamento En Plaza Cisneros,3127388,Apartamento,Valencia,1,1,€ 111,2019/11/27,2019/11/28,0,"8,9",60
RoomTuristValencia RuzafaSumsi,4682802,NA,Valencia,1,1,€ 40,2019/11/27,2019/11/28,0,"4,6",60
Malvarosa,3820590,Apartamento,Valencia,1,1,€ 90,2019/11/27,2019/11/28,0,"4,1",60
Living Valencia -Correos,3062274,Apartamentos,Valencia,1,1,NA,2019/11/27,2019/11/28,0,"8,3",60
Apartamento Islas Canarias,2304086,Apartamento,Valencia,1,1,€ 48,2019/11/27,2019/11/28,0,"3,8",60
Lotelito,570027,NA,Valencia,1,1,€ 115,2019/11/27,2019/11/28,0,"8,9",60
Friendly Rentals Schubert,1634221,Apartamentos,Valencia,1,1,€ 115,2019/11/27,2019/11/28,0,"8,9",60
Bright room with trundle bed,5560260,NA,Valencia,1,1,€ 46,2019/11/27,2019/11/28,0,,60
Lindala,5250762,NA,Valencia,1,1,€ 49,2019/11/27,2019/11/28,0,,60
Aventura Valencia 2,5604325,NA,Valencia,1,1,€ 50,2019/11/27,2019/11/28,0,,60
Russafa Youth Hostel,345134,NA,Valencia,1,1,€ 42,2019/11/27,2019/11/28,0,"8,6",60
vosotros sereis parte de mi familia.,5299568,NA,Valencia,1,1,€ 50,2019/11/27,2019/11/28,0,,60
Habitaciones con encanto,5629632,NA,Valencia,1,1,€ 50,2019/11/27,2019/11/28,0,,60
SingularStays Mercado Central,1119829,Apartamentos,Valencia,1,1,NA,2019/11/27,2019/11/28,0,"8,4",60
Amazing in Town Hall Square,3834085,Apartamento,Valencia,1,1,NA,2019/11/27,2019/11/28,0,9,60
City of Arts,3031480,Apartamento,Valencia,1,1,€ 115,2019/11/27,2019/11/28,0,"8,7",60
Plaza de la Virgen,3167342,Apartamento,Valencia,1,1,€ 115,2019/11/27,2019/11/28,0,"8,8",60
Friendly Rentals Nyman,3245521,Apartamento,Valencia,1,1,€ 115,2019/11/27,2019/11/28,0,"8,9",60
Friendly Rentals Casals,1769176,Apartamento,Valencia,1,1,€ 115,2019/11/27,2019/11/28,0,"8,7",60
Art&Flats Bed&Breakfast,5238345,NA,Valencia,1,1,€ 45,2019/11/27,2019/11/28,0,"8,9",60
Austria 4,1605997,Apartamentos,Valencia,1,1,NA,2019/11/27,2019/11/28,0,9,60
Zalamera BnB,1331238,NA,Valencia,1,1,€ 47,2019/11/27,2019/11/28,0,"8,7",60
Buho House,3777691,Apartahotel,Valencia,1,1,€ 49,2019/11/27,2019/11/28,0,"8,5",60
SH Ingles Boutique Hotel,92956,NA,Valencia,1,1,€ 120,2019/11/27,2019/11/28,4,"8,5",60
Hotel Mediterraneo Valencia,92412,NA,Valencia,1,1,€ 123,2019/11/27,2019/11/28,3,"8,8",60
Olvida tu Reloj Congresos Apartment,2448036,Apartamento,Valencia,1,1,NA,2019/11/27,2019/11/28,0,"9,2",60
Ilunion Aqua 4,92777,NA,Valencia,1,1,€ 123,2019/11/27,2019/11/28,4,"8,5",60
Aventura,5567318,Apartamentos,Valencia,1,1,€ 50,2019/11/27,2019/11/28,0,"8,5",60
Balcón Al Mar,295109,NA,Valencia,1,1,€ 51,2019/11/27,2019/11/28,0,"8,5",60
Friendly Rentals Soler,1634237,Apartamento,Valencia,1,1,€ 125,2019/11/27,2019/11/28,0,"8,7",60
Citizentral Gascons,332095,Apartamentos,Valencia,1,1,€ 126,2019/11/27,2019/11/28,0,"8,8",60
Brugada home,5259150,NA,Valencia,1,1,€ 55,2019/11/27,2019/11/28,0,,60
Rooms El Picolino,5326859,NA,Valencia,1,1,€ 55,2019/11/27,2019/11/28,0,,60
Melia Plaza Valencia,13270,NA,Valencia,1,1,€ 127,2019/11/27,2019/11/28,4,"8,9",60
Hotel San Lorenzo Boutique,1307718,NA,Valencia,1,1,€ 129,2019/11/27,2019/11/28,3,"8,6",60
Cabanyal Beach Apartment,5638868,Apartamento,Valencia,1,1,€ 59,2019/11/27,2019/11/28,0,,60
Hogar Dulce Hogar,5426607,NA,Valencia,1,1,€ 60,2019/11/27,2019/11/28,0,,60
Florista's Room en Valencia,5502152,NA,Valencia,1,1,€ 63,2019/11/27,2019/11/28,0,,60
Pio XII Apartments Valencia,402080,Apartamentos,Valencia,1,1,€ 51,2019/11/27,2019/11/28,0,"8,5",60
Turia Town,4064373,Apartamentos,Valencia,1,1,€ 53,2019/11/27,2019/11/28,0,"8,8",60
Hi Valencia Apartments - Jorge Juan,2373701,Apartamento,Valencia,1,1,NA,2019/11/27,2019/11/28,0,"9,4",60
Namaste Rooms,3799642,NA,Valencia,1,1,€ 55,2019/11/27,2019/11/28,0,"8,7",60
Apartamentos Plaza Picasso,97063,Apartamentos,Valencia,1,1,€ 55,2019/11/27,2019/11/28,0,"8,5",60
València Centre Túria,2185255,Apartamento,Valencia,1,1,€ 56,2019/11/27,2019/11/28,0,"8,8",60
Apartamento Joseph - luminoso y muy céntrico,4267950,Apartamento,Valencia,1,1,€ 60,2019/11/27,2019/11/28,0,"8,9",60
Apartamento Jesus De Medinaceli,1728697,Apartamentos,Valencia,1,1,€ 60,2019/11/27,2019/11/28,0,"8,6",60
ABCyou Bed&Breakfast,189207,NA,Valencia,1,1,€ 62,2019/11/27,2019/11/28,0,"8,5",60
Cabanyal Apartments Beach,5402234,Apartamento,Valencia,1,1,€ 65,2019/11/27,2019/11/28,0,,60
Marina Silence,2065570,Apartamento,Valencia,1,1,NA,2019/11/27,2019/11/28,0,"8,3",60
Holiday Inn Express Ciudad de las Ciencias,96737,NA,Valencia,1,1,€ 90,2019/11/27,2019/11/28,3,8,60
Eurostars Gran Valencia,90484,NA,Valencia,1,1,€ 92,2019/11/27,2019/11/28,4,"8,4",60
My Apartments - Edificio Visitación,3886510,Apartamentos,Valencia,1,1,NA,2019/11/27,2019/11/28,0,"8,5",60
Valencia- habitacion,5366858,NA,Valencia,1,1,€ 65,2019/11/27,2019/11/28,0,,60
Bonito Apartamento- confortable y bien comunicado,5572090,Apartamento,Valencia,1,1,€ 68,2019/11/27,2019/11/28,0,,60
Cabanyal Apartment con patio,4323384,Apartamento,Valencia,1,1,€ 69,2019/11/27,2019/11/28,0,,60
Habitación en Valencia,5477394,NA,Valencia,1,1,€ 72,2019/11/27,2019/11/28,0,,60
Loft Turia Gran,5133726,Apartamento,Valencia,1,1,€ 80,2019/11/27,2019/11/28,0,,60
OCEANOGRAFIC DELUXE- PARKING- WI-FI,4095746,Apartamento,Valencia,1,1,NA,2019/11/27,2019/11/28,0,"9,2",60
Apartaments San Pio V,2456151,Apartamento,Valencia,1,1,€ 62,2019/11/27,2019/11/28,0,"8,8",60
Hi Valencia Cánovas,4312120,Apartamentos,Valencia,1,1,€ 63,2019/11/27,2019/11/28,0,"8,9",60
Ad Hoc Carmen,1173270,NA,Valencia,1,1,€ 68,2019/11/27,2019/11/28,2,"8,9",60
Valencia maritimo,3020748,Apartamento,Valencia,1,1,€ 70,2019/11/27,2019/11/28,0,"8,9",60
Apartamento Plaza Sainetero,2743838,Apartamento,Valencia,1,1,€ 93,2019/11/27,2019/11/28,0,"8,2",60
MD Modern Hotel - Jardines,305447,NA,Valencia,1,1,€ 93,2019/11/27,2019/11/28,1,"8,3",60
Senator Parque Central Hotel,274963,NA,Valencia,1,1,€ 97,2019/11/27,2019/11/28,4,"8,1",60
Apartment Valencia,348555,Apartamentos,Valencia,1,1,€ 99,2019/11/27,2019/11/28,0,8,60
Primus Valencia,331871,NA,Valencia,1,1,€ 105,2019/11/27,2019/11/28,4,"8,3",60
Friendly Rentals Puerto Deportivo,2317861,Apartamentos,Valencia,1,1,€ 110,2019/11/27,2019/11/28,0,"8,2",60
Apartamentos City Beach Valencia,371275,Apartamentos,Valencia,1,1,NA,2019/11/27,2019/11/28,0,"8,7",60
Friendly Rentals ABC,3656596,Apartamento,Valencia,1,1,€ 115,2019/11/27,2019/11/28,0,"8,3",60
Estrella de russafa,5352439,NA,Valencia,1,1,€ 70,2019/11/27,2019/11/28,0,"8,5",60
Hulot B&B Valencia,585429,NA,Valencia,1,1,€ 72,2019/11/27,2019/11/28,0,"8,5",60
CheValenciaFlats,2064099,Apartamentos,Valencia,1,1,NA,2019/11/27,2019/11/28,0,9,60
Habitación doble,3599930,NA,Valencia,1,1,€ 75,2019/11/27,2019/11/28,0,"8,9",60
Loft by the Beach,4441671,Apartamento,Valencia,1,1,€ 115,2019/11/27,2019/11/28,0,"8,4",60
Apartamentos Sollana 18 Cerca de les Arts i les Ciencies Valencia- FREE WI-FI,5232423,Apartamento,Valencia,1,1,€ 116,2019/11/27,2019/11/28,0,8,60
AC Hotel Colon Valencia,1117150,NA,Valencia,1,1,€ 194,2019/11/27,2019/11/28,4,"8,7",60
Carlos & Ana,2079019,Apartamento,Valencia,1,1,€ 195,2019/11/27,2019/11/28,0,"8,9",60
Precioso apartamento al lado de la playa,3370990,Apartamento,Valencia,1,1,NA,2019/11/27,2019/11/28,0,"9,3",60
Hospes Palau de La Mar,93823,NA,Valencia,1,1,€ 196,2019/11/27,2019/11/28,5,"8,8",60
Hotel Malcom and Barret,483261,NA,Valencia,1,1,€ 76,2019/11/27,2019/11/28,3,"8,7",60
B&B Almirante,369695,NA,Valencia,1,1,€ 76,2019/11/27,2019/11/28,1,"8,8",60
Boutique Creative Rooms,2334726,NA,Valencia,1,1,€ 76,2019/11/27,2019/11/28,0,"8,7",60
Ad Hoc Monumental,90719,NA,Valencia,1,1,€ 77,2019/11/27,2019/11/28,3,"8,6",60
Eurostars Rey Don Jaime,91520,NA,Valencia,1,1,€ 116,2019/11/27,2019/11/28,4,"8,2",60
NH Valencia Center,90727,NA,Valencia,1,1,€ 117,2019/11/27,2019/11/28,4,"8,3",60
Welcome Platanos 13 Valencia Beautiful apartments with terrace,5095795,Apartamento,Valencia,1,1,€ 119,2019/11/27,2019/11/28,0,"8,1",60
Living Valencia Peydro,1803435,Apartamento,Valencia,1,1,NA,2019/11/27,2019/11/28,0,"8,6",60
Canela`s Vintage Ruzafa Centro,4652584,Apartamento,Valencia,1,1,€ 200,2019/11/27,2019/11/28,0,"8,5",60
Vincci Palace,94163,NA,Valencia,1,1,€ 202,2019/11/27,2019/11/28,4,"8,7",60
Exclusive Beach Apartment,4641691,Apartamento,Valencia,1,1,€ 205,2019/11/27,2019/11/28,0,"8,9",60
Patacona Beach Apartment,4533678,Apartamento,Valencia,1,1,€ 119,2019/11/27,2019/11/28,0,"8,3",60
Valenciaflats Torres de Serrano,17468,Apartamentos,Valencia,1,1,€ 120,2019/11/27,2019/11/28,0,"8,3",60
Carrer de María Montessori,3272386,Apartamento,Valencia,1,1,€ 120,2019/11/27,2019/11/28,0,"8,2",60
Hostal Residencial RR,450746,NA,Valencia,1,1,€ 49,2019/11/27,2019/11/28,0,7,60
Sampedor Apartment,435662,Apartamentos,Valencia,1,1,€ 49,2019/11/27,2019/11/28,0,7,60
My Loft 4 You Maritim,2010981,Apartamento,Valencia,1,1,NA,2019/11/27,2019/11/28,0,"8,9",60
B&B El Mercat,2203530,NA,Valencia,1,1,€ 50,2019/11/27,2019/11/28,0,"7,3",60
Centro Valencia Calle Cerrajeros,3476261,NA,Valencia,1,1,€ 50,2019/11/27,2019/11/28,0,"7,1",60
Apartamento Privado Próximo a Playa y Ciencias,3783163,Apartamento,Valencia,1,1,€ 120,2019/11/27,2019/11/28,0,"8,2",60
Friendly Rentals Gimenez,1634242,Apartamento,Valencia,1,1,€ 125,2019/11/27,2019/11/28,0,"8,2",60
Tryp Valencia Feria,92852,NA,Valencia,1,1,€ 126,2019/11/27,2019/11/28,4,"8,4",60
Flats Hondures,2194645,Apartamentos,Valencia,1,1,NA,2019/11/27,2019/11/28,0,"8,7",60
Vincci Lys,91183,NA,Valencia,1,1,€ 220,2019/11/27,2019/11/28,4,"8,9",60
Casa de Vacaciones Pintor Vilar,2093863,Apartamento,Valencia,1,1,€ 222,2019/11/27,2019/11/28,0,"8,9",60
Ruzzafa Codrut,3035322,Apartamento,Valencia,1,1,NA,2019/11/27,2019/11/28,0,"9,2",60
Barceló Valencia,91988,NA,Valencia,1,1,€ 225,2019/11/27,2019/11/28,4,"8,7",60
SingularStays Parque Central,3054000,Apartamentos,Valencia,1,1,€ 278,2019/11/27,2019/11/28,0,"8,8",60
Habitacion Apartamento soleado Plaza Escultor Frechina,4865043,NA,Valencia,1,1,€ 50,2019/11/27,2019/11/28,0,"7,1",60
PISO ACOGEDOR,4995780,NA,Valencia,1,1,€ 50,2019/11/27,2019/11/28,0,"7,1",60
Coroa del Mar,1549399,Apartamentos,Valencia,1,1,€ 54,2019/11/27,2019/11/28,0,"7,1",60
Zerka Centro,4425975,Apartamentos,Valencia,1,1,€ 129,2019/11/27,2019/11/28,0,"8,3",60
Apartamento Obispo don Jerónimo,2079020,Apartamento,Valencia,1,1,€ 135,2019/11/27,2019/11/28,0,"8,2",60
Friendly Rentals Verdi,1634232,Apartamento,Valencia,1,1,€ 135,2019/11/27,2019/11/28,0,"8,1",60
Hotel Valencia Center,91285,NA,Valencia,1,1,€ 140,2019/11/27,2019/11/28,4,"8,4",60
Friendly Rentals Telemann,1634241,Apartamento,Valencia,1,1,€ 145,2019/11/27,2019/11/28,0,"8,2",60
Flatsforyou Mercat,1367507,Apartamentos,Valencia,1,1,€ 280,2019/11/27,2019/11/28,3,"8,9",60
Cathedral Suites Hotel,1736257,Apartahotel,Valencia,1,1,€ 328,2019/11/27,2019/11/28,4,"8,9",60
The Westin Valencia,93321,NA,Valencia,1,1,€ 347,2019/11/27,2019/11/28,5,"8,7",60
Cosy Rooms Bolsería,371606,NA,Valencia,1,1,€ 54,2019/11/27,2019/11/28,2,"7,4",60
ApartUP Concorde,2330664,Apartamento,Valencia,1,1,NA,2019/11/27,2019/11/28,0,"8,9",60
Cosy Rooms Embajador,369728,NA,Valencia,1,1,€ 56,2019/11/27,2019/11/28,2,"7,4",60
Central Station Valencia Hostel,1647017,NA,Valencia,1,1,€ 57,2019/11/27,2019/11/28,0,"7,1",60
Center Valencia Youth Hostel,246931,NA,Valencia,1,1,€ 10,2019/11/27,2019/11/28,0,8,60
Your lovely home,1923614,Apartamento,Valencia,1,1,NA,2019/11/27,2019/11/28,0,"9,1",60
Habitación en valencia centro,5418023,NA,Valencia,1,1,€ 30,2019/11/27,2019/11/28,0,"8,3",60
Malvarrosa Beach Rooms,314048,NA,Valencia,1,1,€ 58,2019/11/27,2019/11/28,2,7,60
Plaza Redonda house.,4399973,NA,Valencia,1,1,€ 59,2019/11/27,2019/11/28,0,"7,4",60
Purple Nest Hostel,25278,NA,Valencia,1,1,€ 38,2019/11/27,2019/11/28,0,"8,2",60
Habitacion en Valencia Barata,4861796,NA,Valencia,1,1,€ 40,2019/11/27,2019/11/28,0,"8,2",60
Habitacion Barata Valencia,3931013,NA,Valencia,1,1,€ 45,2019/11/27,2019/11/28,0,8,60
Hostal Abastos,257057,NA,Valencia,1,1,€ 45,2019/11/27,2019/11/28,2,"8,2",60
HOSTAL BED OF THE SEA,3974636,NA,Valencia,1,1,€ 61,2019/11/27,2019/11/28,0,"7,1",60
Hostal la Barraca,350013,NA,Valencia,1,1,€ 63,2019/11/27,2019/11/28,0,"7,2",60
Palacios Rooms,2773548,NA,Valencia,1,1,NA,2019/11/27,2019/11/28,0,"8,6",60
NWT Monserrat,3728842,Apartamentos,Valencia,1,1,€ 64,2019/11/27,2019/11/28,0,7,60
Red Nest Hostel,92283,NA,Valencia,1,1,€ 45,2019/11/27,2019/11/28,0,"8,2",60
One Shot Mercat 09,2274203,NA,Valencia,1,1,NA,2019/11/27,2019/11/28,4,"9,1",60
Casa Mati,4217185,NA,Valencia,1,1,€ 50,2019/11/27,2019/11/28,0,"8,3",60
Beautiful early 20th century room,3563293,NA,Valencia,1,1,€ 64,2019/11/27,2019/11/28,0,"7,3",60
Accommodation Beach Apartments,1001766,Apartamentos,Valencia,1,1,€ 64,2019/11/27,2019/11/28,0,"7,2",60
Apartment Horticultor Bosch,1148669,Apartamentos,Valencia,1,1,€ 65,2019/11/27,2019/11/28,0,"7,2",60
Almiserat,3054886,Apartamento,Valencia,1,1,€ 70,2019/11/27,2019/11/28,0,"7,1",60
Mi casa es vuestra casa,4967097,NA,Valencia,1,1,€ 70,2019/11/27,2019/11/28,0,"7,1",60
Dormavalencia Hostel Regne,291755,NA,Valencia,1,1,€ 50,2019/11/27,2019/11/28,1,8,60
Urban Youth Hostel,1163025,NA,Valencia,1,1,€ 52,2019/11/27,2019/11/28,0,"8,4",60
B&B Hi Valencia Canovas,305349,NA,Valencia,1,1,€ 52,2019/11/27,2019/11/28,0,"8,4",60
Hotel Olympia Universidades,1301731,NA,Valencia,1,1,€ 53,2019/11/27,2019/11/28,3,"8,4",60
Valencia Suits You Citytel,1106307,NA,Valencia,1,1,NA,2019/11/27,2019/11/28,2,"8,6",60
Apartments Calle Padre Damian,4523326,Apartamentos,Valencia,1,1,€ 80,2019/11/27,2019/11/28,0,"7,3",60
Avenida Cid,3633322,Apartamento,Valencia,1,1,€ 87,2019/11/27,2019/11/28,0,"7,3",60
Lujoso Apartamento En El Carmen,2814452,Apartamento,Valencia,1,1,€ 88,2019/11/27,2019/11/28,0,"7,4",60
Guest House Samuel Ros,4161855,NA,Valencia,1,1,€ 90,2019/11/27,2019/11/28,0,"7,3",60
Vamos A la Playa,5030500,Apartamento,Valencia,1,1,€ 90,2019/11/27,2019/11/28,0,"7,3",60
