name,propertyId,propertyType,city,rooms,days,price,checkIn,checkOut,stars,score,advance
Apartment Carrer de Cadis,5531328,Apartamentos,Valencia,1,1,€ 648,2019/11/19,2019/11/20,0,,60
Aparthotel Valencia Rental,17344,Apartahotel,Valencia,1,1,€ 59,2019/11/19,2019/11/20,0,8,60
Senator Parque Central Hotel,274963,NA,Valencia,1,1,€ 59,2019/11/19,2019/11/20,4,"8,1",60
My Loft 4 You Maritim,2010981,Apartamento,Valencia,1,1,NA,2019/11/19,2019/11/20,0,"8,9",60
El Coso,14580,NA,Valencia,1,1,€ 60,2019/11/19,2019/11/20,3,"8,2",60
Holiday Inn Express Ciudad de las Ciencias,96737,NA,Valencia,1,1,€ 60,2019/11/19,2019/11/20,3,8,60
Happy Apartments Valencia,456043,Apartamentos,Valencia,1,1,€ 60,2019/11/19,2019/11/20,0,"8,2",60
Hotel Miramar,23332,NA,Valencia,1,1,€ 61,2019/11/19,2019/11/20,2,"8,4",60
Happy Apartments Valencia – Lope de Vega,575582,Apartamentos,Valencia,1,1,€ 62,2019/11/19,2019/11/20,0,"8,1",60
Hotel Medium Valencia,96838,NA,Valencia,1,1,€ 63,2019/11/19,2019/11/20,4,"8,1",60
SingularStays Opera,2496461,Apartamento,Valencia,1,1,NA,2019/11/19,2019/11/20,0,"8,8",60
NH Ciudad de Valencia,90729,NA,Valencia,1,1,€ 63,2019/11/19,2019/11/20,3,"8,1",60
NH Valencia Las Ciencias,90725,NA,Valencia,1,1,€ 63,2019/11/19,2019/11/20,3,8,60
L'Otelet By Sweet,1467935,NA,Valencia,1,1,€ 64,2019/11/19,2019/11/20,0,"8,3",60
Reina 12,1684198,NA,Valencia,1,1,€ 64,2019/11/19,2019/11/20,0,"8,3",60
Hotel Alkazar,408511,NA,Valencia,1,1,€ 64,2019/11/19,2019/11/20,1,8,60
Valenciaflats Torres de Serrano,17468,Apartamentos,Valencia,1,1,€ 66,2019/11/19,2019/11/20,0,"8,3",60
Apartamento Ciencias y Playa,3223115,Apartamento,Valencia,1,1,NA,2019/11/19,2019/11/20,0,"8,9",60
Eurostars Rey Don Jaime,91520,NA,Valencia,1,1,€ 67,2019/11/19,2019/11/20,4,"8,2",60
Casual de las Artes Valencia,538056,NA,Valencia,1,1,€ 68,2019/11/19,2019/11/20,3,"8,4",60
Sweet Hotel Renasa,274818,NA,Valencia,1,1,€ 70,2019/11/19,2019/11/20,3,8,60
Hotel Valencia Center,91285,NA,Valencia,1,1,€ 70,2019/11/19,2019/11/20,4,"8,4",60
City Suites Apartments,3091106,NA,Valencia,1,1,€ 74,2019/11/19,2019/11/20,0,"8,4",60
Atico Ciutat Vella,3446230,Apartamentos,Valencia,1,1,€ 75,2019/11/19,2019/11/20,0,"8,4",60
Ruzafa,3332824,Apartamento,Valencia,1,1,NA,2019/11/19,2019/11/20,0,"8,5",60
Apartment Vicent,1674495,Apartamento,Valencia,1,1,€ 75,2019/11/19,2019/11/20,0,"8,3",60
Tryp Valencia Feria,92852,NA,Valencia,1,1,€ 77,2019/11/19,2019/11/20,4,"8,4",60
Silken Puerta Valencia,91182,NA,Valencia,1,1,€ 77,2019/11/19,2019/11/20,4,"8,3",60
Primus Valencia,331871,NA,Valencia,1,1,€ 79,2019/11/19,2019/11/20,4,"8,3",60
Nanit Valencia Hostel,3913497,NA,Valencia,1,1,€ 80,2019/11/19,2019/11/20,0,"8,3",60
Colors Rooms,675839,NA,Valencia,1,1,€ 40,2019/11/19,2019/11/20,0,"9,6",60
LOFT apartamento duplex en Valencia con parking,5519008,Apartamento,Valencia,1,1,€ 65,2019/11/19,2019/11/20,0,"9,8",60
BONNIES Suites & Spa Valencia,3631910,Apartamentos,Valencia,1,1,NA,2019/11/19,2019/11/20,0,"9,8",60
United Colors of Apartments Boutique Style,5372347,Apartamentos,Valencia,1,1,€ 69,2019/11/19,2019/11/20,0,"9,8",60
Nest Style Valencia -Nueva apertura-,5219046,NA,Valencia,1,1,€ 76,2019/11/19,2019/11/20,3,"9,6",60
Ramirez Flats & Bar,4124528,Apartahotel,Valencia,1,1,€ 77,2019/11/19,2019/11/20,0,"9,5",60
Apartamento luminoso y acogedor,3489126,Apartamento,Valencia,1,1,€ 78,2019/11/19,2019/11/20,0,"9,5",60
Bubuflats Bubu 3,1014334,Apartamento,Valencia,1,1,€ 80,2019/11/19,2019/11/20,0,"9,6",60
Hostal Antigua Morellana,1273937,NA,Valencia,1,1,€ 80,2019/11/19,2019/11/20,1,"9,5",60
Apartment Cisneros 2,2361375,Apartamento,Valencia,1,1,NA,2019/11/19,2019/11/20,0,"9,7",60
Apartments Downtown Valencia,2250421,Apartamentos,Valencia,1,1,€ 95,2019/11/19,2019/11/20,0,"9,6",60
Opera House Valencia B&B,3533887,NA,Valencia,1,1,€ 96,2019/11/19,2019/11/20,0,"9,5",60
Casa La Buhardilla,2985364,Apartamento,Valencia,1,1,€ 97,2019/11/19,2019/11/20,0,"9,6",60
Olympia Flats,4212801,NA,Valencia,1,1,€ 50,2019/11/19,2019/11/20,0,"9,8",60
Precioso piso junto al antiguo barrio de Campanar,3297078,Apartamento,Valencia,1,1,€ 100,2019/11/19,2019/11/20,0,"9,5",60
15 Avinguda Mare Nostrum,4518973,Apartamento,Valencia,1,1,€ 120,2019/11/19,2019/11/20,0,"9,8",60
Apartamento Alameda,1698817,Apartamento,Valencia,1,1,NA,2019/11/19,2019/11/20,0,"9,5",60
MARQUÉS HOUSE 4* SUP,2118880,NA,Valencia,1,1,€ 129,2019/11/19,2019/11/20,4,"9,5",60
Ciudad Ciencias- Lujo- Parking- Wi-Fi.,4999636,Apartamento,Valencia,1,1,€ 130,2019/11/19,2019/11/20,0,"9,8",60
Disfruta - Enjoy Valencia Oceanografic,4121345,Apartamento,Valencia,1,1,€ 139,2019/11/19,2019/11/20,0,"9,6",60
Disfruta - Enjoy Valencia Ayuntamiento,4901194,Apartamento,Valencia,1,1,€ 139,2019/11/19,2019/11/20,0,"9,6",60
Apartamento centro,3160737,Apartamento,Valencia,1,1,€ 165,2019/11/19,2019/11/20,0,"9,7",60
Ca María,3776707,Apartamento,Valencia,1,1,€ 180,2019/11/19,2019/11/20,0,"9,7",60
Ático Valencia Centro,4358939,Apartamento,Valencia,1,1,NA,2019/11/19,2019/11/20,0,"9,8",60
MD PASEO RUZAFA CENTER,5374850,Apartamento,Valencia,1,1,€ 1.030,2019/11/19,2019/11/20,0,"9,5",60
Cantagua Hostel,4074640,NA,Valencia,1,1,€ 38,2019/11/19,2019/11/20,0,"9,1",60
YOU & CO. Saler Beach Boutique,4533007,NA,Valencia,1,1,€ 44,2019/11/19,2019/11/20,3,"9,1",60
Apartamentos Edificio Palomar,189277,Apartamentos,Valencia,1,1,€ 59,2019/11/19,2019/11/20,0,"9,2",60
Habitación privada a 1500 metros de la playa,3789910,NA,Valencia,1,1,€ 60,2019/11/19,2019/11/20,0,"9,3",60
Friendly Rentals Evans,1634220,Apartamentos,Valencia,1,1,€ 150,2019/11/19,2019/11/20,0,"8,4",60
Casa los Peces,3234194,Apartamento,Valencia,1,1,€ 154,2019/11/19,2019/11/20,0,"8,3",60
Apartments Trinitarios,364825,Apartamentos,Valencia,1,1,NA,2019/11/19,2019/11/20,0,"8,9",60
Loft el Carmen amazing views,4932621,Apartamento,Valencia,1,1,€ 172,2019/11/19,2019/11/20,0,"8,1",60
Vlc Apartaments el Carmen,389902,Apartamentos,Valencia,1,1,€ 214,2019/11/19,2019/11/20,0,"8,3",60
Musico Peydro Apartments,3765069,Apartamentos,Valencia,1,1,€ 271,2019/11/19,2019/11/20,0,8,60
Malvarrosa Calle Pavia,3608764,Casa o chalet,Valencia,1,1,€ 271,2019/11/19,2019/11/20,0,8,60
NWT Central Station Apartments,3964093,Apartamento,Valencia,1,1,€ 300,2019/11/19,2019/11/20,0,"8,2",60
MD Vila Barbera Apartment Center,1957253,Apartamento,Valencia,1,1,€ 500,2019/11/19,2019/11/20,0,"8,3",60
Flats Friends Soho Suites,1819642,Apartamentos,Valencia,1,1,NA,2019/11/19,2019/11/20,0,"8,6",60
MD Sueca. Apartment with Terrace Ruzafa,2551179,Apartamento,Valencia,1,1,€ 500,2019/11/19,2019/11/20,0,"8,2",60
UP Hostel Valencia,1710137,NA,Valencia,1,1,€ 24,2019/11/19,2019/11/20,0,"7,8",60
Pensión Universal,304276,NA,Valencia,1,1,€ 26,2019/11/19,2019/11/20,0,"7,9",60
Habitación San Cayetano,4624401,NA,Valencia,1,1,€ 30,2019/11/19,2019/11/20,0,"7,7",60
Hostal Moratin,326015,NA,Valencia,1,1,€ 30,2019/11/19,2019/11/20,1,"7,9",60
Habitaciones Barra89,1076252,NA,Valencia,1,1,€ 31,2019/11/19,2019/11/20,0,"7,8",60
Mar & City Apartment,3456759,Apartamento,Valencia,1,1,NA,2019/11/19,2019/11/20,0,"8,9",60
Adrian's House,2271869,NA,Valencia,1,1,€ 32,2019/11/19,2019/11/20,0,"7,8",60
Hostal El Cid,309465,NA,Valencia,1,1,€ 32,2019/11/19,2019/11/20,2,"7,6",60
Hostal On Dormire Valencia,432305,NA,Valencia,1,1,€ 35,2019/11/19,2019/11/20,0,"7,8",60
Habitación Céntrica en Casa de Familia,4289877,NA,Valencia,1,1,€ 35,2019/11/19,2019/11/20,0,"7,8",60
OYO Pensión El Rincón,476031,NA,Valencia,1,1,€ 36,2019/11/19,2019/11/20,1,"7,6",60
Hotel Beleret,94652,NA,Valencia,1,1,€ 41,2019/11/19,2019/11/20,3,"7,6",60
Apartments Viveros,1069530,Apartamentos,Valencia,1,1,NA,2019/11/19,2019/11/20,0,"8,5",60
Voyagers Inn Homestay,2682156,NA,Valencia,1,1,€ 42,2019/11/19,2019/11/20,0,"7,8",60
Valencia Lounge Hostel,337203,NA,Valencia,1,1,€ 42,2019/11/19,2019/11/20,0,"7,8",60
Valencia City Host,1177077,NA,Valencia,1,1,€ 44,2019/11/19,2019/11/20,0,"7,8",60
Patacona Green Flats,292996,Apartamentos,Valencia,1,1,€ 45,2019/11/19,2019/11/20,0,"7,6",60
Vincci Lys,91183,NA,Valencia,1,1,€ 123,2019/11/19,2019/11/20,4,"8,9",60
Vincci Palace,94163,NA,Valencia,1,1,€ 123,2019/11/19,2019/11/20,4,"8,6",60
Apartamento bianca,3205847,Apartamento,Valencia,1,1,NA,2019/11/19,2019/11/20,0,"9,1",60
Friendly Rentals Soler,1634237,Apartamento,Valencia,1,1,€ 125,2019/11/19,2019/11/20,0,"8,7",60
Apartamentos Valencia - Brazil 31 Free WiFi,4948554,Apartamento,Valencia,1,1,€ 125,2019/11/19,2019/11/20,0,"8,8",60
Isabel,4442066,Apartamento,Valencia,1,1,€ 127,2019/11/19,2019/11/20,0,"8,6",60
Friendly Rentals Gala,1634252,Apartamento,Valencia,1,1,€ 130,2019/11/19,2019/11/20,0,"8,8",60
Friendly Rentals Strauss,1634236,Apartamento,Valencia,1,1,€ 130,2019/11/19,2019/11/20,0,"8,7",60
Expo Hotel Valencia,91223,NA,Valencia,1,1,€ 45,2019/11/19,2019/11/20,3,"7,6",60
Patacona Resort Apartments,189782,Apartamentos,Valencia,1,1,€ 48,2019/11/19,2019/11/20,0,"7,8",60
Valencia Home,1638498,Apartamentos,Valencia,1,1,NA,2019/11/19,2019/11/20,0,"8,9",60
United Colors of Studios - Mercado Central,2574108,Apartamentos,Valencia,1,1,€ 49,2019/11/19,2019/11/20,0,"7,8",60
Casual de la Música Valencia,273130,NA,Valencia,1,1,€ 49,2019/11/19,2019/11/20,2,"7,5",60
Casual Civilizaciones Valencia,449777,NA,Valencia,1,1,€ 50,2019/11/19,2019/11/20,0,"7,9",60
Friendly Rentals Verdi 2,2523881,Apartamento,Valencia,1,1,€ 130,2019/11/19,2019/11/20,0,"8,8",60
Apartment Malvarrosa Beach Cavite,1961815,Apartamento,Valencia,1,1,NA,2019/11/19,2019/11/20,0,"9,2",60
AC Hotel Colon Valencia,1117150,NA,Valencia,1,1,€ 131,2019/11/19,2019/11/20,4,"8,7",60
FREE WI-FI. Apartamentos 90 м2 - Assutzena 5,4828764,Apartamento,Valencia,1,1,€ 132,2019/11/19,2019/11/20,0,"8,7",60
Apartamentos Abastos,1044426,Apartamentos,Valencia,1,1,€ 50,2019/11/19,2019/11/20,0,"7,6",60
Cosy Rooms Tapinería,371192,NA,Valencia,1,1,€ 54,2019/11/19,2019/11/20,2,"7,5",60
Habitacion por dias Centro Valencia,3977106,NA,Valencia,1,1,€ 55,2019/11/19,2019/11/20,0,"7,9",60
Hospes Palau de La Mar,93823,NA,Valencia,1,1,€ 136,2019/11/19,2019/11/20,5,"8,8",60
Apartamento Gran Vía Marqués del Turia,2358973,Apartamento,Valencia,1,1,€ 139,2019/11/19,2019/11/20,0,"8,5",60
Cathedral Suites Hotel,1736257,Apartahotel,Valencia,1,1,€ 139,2019/11/19,2019/11/20,4,"8,9",60
Friendly Rentals Desplat,4120221,Apartamento,Valencia,1,1,€ 140,2019/11/19,2019/11/20,0,"8,5",60
VLC Downtown Flats,4637615,Apartamentos,Valencia,1,1,NA,2019/11/19,2019/11/20,0,9,60
Friendly Rentals Ferrero,2314984,Apartamento,Valencia,1,1,€ 145,2019/11/19,2019/11/20,0,"8,8",60
Apartamento LUXURY CENTRO HISTORICO,3664772,Apartamento,Valencia,1,1,€ 149,2019/11/19,2019/11/20,0,"8,7",60
ValentiaApartments - MercadoCentral,4185241,Apartamentos,Valencia,1,1,€ 150,2019/11/19,2019/11/20,0,"8,8",60
Apartamento Sofia,2552406,Apartamento,Valencia,1,1,€ 150,2019/11/19,2019/11/20,0,"8,6",60
Friendly Rentals Vives 2,2523871,Apartamento,Valencia,1,1,€ 160,2019/11/19,2019/11/20,0,"8,7",60
Puerta de Serranos,2734333,Apartamentos,Valencia,1,1,€ 161,2019/11/19,2019/11/20,0,"8,8",60
Maestro Rodrigo Apartment,3494154,Apartamento,Valencia,1,1,NA,2019/11/19,2019/11/20,0,"9,4",60
The Westin Valencia,93321,NA,Valencia,1,1,€ 173,2019/11/19,2019/11/20,5,"8,7",60
Carlos & Ana,2079019,Apartamento,Valencia,1,1,€ 195,2019/11/19,2019/11/20,0,"8,9",60
Canela`s Vintage Ruzafa Centro,4652584,Apartamento,Valencia,1,1,€ 200,2019/11/19,2019/11/20,0,"8,7",60
Exclusive Beach Apartment,4641691,Apartamento,Valencia,1,1,€ 205,2019/11/19,2019/11/20,0,"8,9",60
Casa de Vacaciones Pintor Vilar,2093863,Apartamento,Valencia,1,1,€ 222,2019/11/19,2019/11/20,0,"8,9",60
SingularStays Parque Central,3054000,Apartamentos,Valencia,1,1,€ 267,2019/11/19,2019/11/20,0,"8,8",60
Precioso apartamento al lado de la playa,3370990,Apartamento,Valencia,1,1,NA,2019/11/19,2019/11/20,0,"9,3",60
Center Valencia Youth Hostel,246931,NA,Valencia,1,1,€ 19,2019/11/19,2019/11/20,0,8,60
Habitación en valencia centro,5418023,NA,Valencia,1,1,€ 35,2019/11/19,2019/11/20,0,"8,3",60
Apartamentos Turia,355328,Apartamentos,Valencia,1,1,NA,2019/11/19,2019/11/20,0,"8,7",60
Habitacion PLaza Ayuntamiento,4365340,NA,Valencia,1,1,€ 55,2019/11/19,2019/11/20,0,"7,6",60
B&B Hotel Valencia Ciudad de las Ciencias,92242,NA,Valencia,1,1,€ 56,2019/11/19,2019/11/20,3,"7,5",60
Hotel Turia,14441,NA,Valencia,1,1,€ 59,2019/11/19,2019/11/20,4,"7,5",60
Habitacion Barata Valencia,3931013,NA,Valencia,1,1,€ 35,2019/11/19,2019/11/20,0,8,60
Purple Nest Hostel,25278,NA,Valencia,1,1,€ 37,2019/11/19,2019/11/20,0,"8,2",60
B&B Hi Valencia Canovas,305349,NA,Valencia,1,1,€ 38,2019/11/19,2019/11/20,0,"8,4",60
Habitación en piso compartido,5433175,NA,Valencia,1,1,€ 40,2019/11/19,2019/11/20,0,8,60
Travel Habitat Literato azorin,3699013,Apartamento,Valencia,1,1,NA,2019/11/19,2019/11/20,0,9,60
Habitacion en Valencia Barata,4861796,NA,Valencia,1,1,€ 40,2019/11/19,2019/11/20,0,"8,2",60
Hostal Abastos,257057,NA,Valencia,1,1,€ 45,2019/11/19,2019/11/20,2,"8,2",60
Style Apartments Puerto,1558265,Apartamentos,Valencia,1,1,€ 45,2019/11/19,2019/11/20,0,"8,1",60
Red Nest Hostel,92283,NA,Valencia,1,1,€ 45,2019/11/19,2019/11/20,0,"8,2",60
El Globo,24498,NA,Valencia,1,1,€ 60,2019/11/19,2019/11/20,1,"7,8",60
Hostal Bisbal,235665,NA,Valencia,1,1,€ 60,2019/11/19,2019/11/20,1,"7,5",60
Checkin Valencia,93743,NA,Valencia,1,1,€ 62,2019/11/19,2019/11/20,4,"7,8",60
Ilunion Valencia 3,92818,NA,Valencia,1,1,€ 63,2019/11/19,2019/11/20,3,"7,9",60
Jero Rooms,296743,NA,Valencia,1,1,€ 64,2019/11/19,2019/11/20,0,"7,7",60
Alex Apartment,1756374,Apartamento,Valencia,1,1,€ 65,2019/11/19,2019/11/20,0,"7,9",60
El 16 Ruzafa,865461,Apartamentos,Valencia,1,1,€ 69,2019/11/19,2019/11/20,0,"7,7",60
Oceanográfico Apartments & Spa,324918,Apartamentos,Valencia,1,1,€ 70,2019/11/19,2019/11/20,0,"7,6",60
SEA YOU HOTEL PORT VALENCIA,92328,NA,Valencia,1,1,€ 71,2019/11/19,2019/11/20,4,"7,7",60
City Center Apartments,4426057,Apartamentos,Valencia,1,1,€ 72,2019/11/19,2019/11/20,0,"7,8",60
Rio Turia B&B,5531073,NA,Valencia,1,1,€ 48,2019/11/19,2019/11/20,0,8,60
Apartamentos Valencia,1007682,Apartamentos,Valencia,1,1,€ 50,2019/11/19,2019/11/20,0,"8,2",60
Casa Mati,4217185,NA,Valencia,1,1,€ 50,2019/11/19,2019/11/20,0,"8,2",60
Aventura,5567318,Apartamentos,Valencia,1,1,€ 50,2019/11/19,2019/11/20,0,"8,3",60
Suites by Eric Olsan (L),4287413,Apartamentos,Valencia,1,1,€ 83,2019/11/19,2019/11/20,0,"7,6",60
Torres Quart,3702234,Apartamentos,Valencia,1,1,€ 87,2019/11/19,2019/11/20,0,"7,6",60
Apartamento Angel Alcazar 35,2174625,Apartamento,Valencia,1,1,€ 90,2019/11/19,2019/11/20,0,"7,6",60
Plaza Sainetero 5,3148458,Apartamento,Valencia,1,1,€ 93,2019/11/19,2019/11/20,0,"7,7",60
Apartment Florista,2150187,Apartamento,Valencia,1,1,€ 95,2019/11/19,2019/11/20,0,"7,9",60
Dormavalencia Hostel Regne,291755,NA,Valencia,1,1,€ 52,2019/11/19,2019/11/20,1,8,60
Urban Youth Hostel,1163025,NA,Valencia,1,1,€ 53,2019/11/19,2019/11/20,0,"8,4",60
Hotel Olympia Universidades,1301731,NA,Valencia,1,1,€ 53,2019/11/19,2019/11/20,3,"8,4",60
Down Town,1656378,Apartamentos,Valencia,1,1,€ 53,2019/11/19,2019/11/20,0,"8,3",60
Up Town,2244083,Apartamentos,Valencia,1,1,€ 53,2019/11/19,2019/11/20,0,"8,2",60
Como en casa,4802186,NA,Valencia,1,1,€ 54,2019/11/19,2019/11/20,0,"8,1",60
United Colors of Apartments - Catedral,1301545,Apartamentos,Valencia,1,1,€ 55,2019/11/19,2019/11/20,0,"8,2",60
Pension MonaLisa Luxury Suites,3834224,NA,Valencia,1,1,€ 56,2019/11/19,2019/11/20,0,"8,3",60
Sol Playa,12656,NA,Valencia,1,1,€ 56,2019/11/19,2019/11/20,2,"8,3",60
Hotel Villacarlos,90730,NA,Valencia,1,1,€ 58,2019/11/19,2019/11/20,3,8,60
Apartment Valencia,348555,Apartamentos,Valencia,1,1,€ 99,2019/11/19,2019/11/20,0,"7,9",60
STYLISH APARTMENT - CITY CENTER,2861517,Apartamento,Valencia,1,1,€ 120,2019/11/19,2019/11/20,0,"7,8",60
Apartamento Casa con Angel,1079935,Apartamento,Valencia,1,1,NA,2019/11/19,2019/11/20,0,"8,8",60
Apartamentos El Olivo,1985143,Apartamento,Valencia,1,1,€ 86,2019/11/19,2019/11/20,0,"9,3",60
Friendly Rentals Danna,1634254,Apartamento,Valencia,1,1,€ 145,2019/11/19,2019/11/20,0,"7,8",60
Kirei Apartment Calgary,4768322,Apartamento,Valencia,1,1,€ 148,2019/11/19,2019/11/20,0,"7,6",60
Old Town Flats Casa Burguerini,4552106,Apartamentos,Valencia,1,1,€ 151,2019/11/19,2019/11/20,0,"7,8",60
MD Benlliure Beach.,1957258,Apartamento,Valencia,1,1,€ 271,2019/11/19,2019/11/20,0,"7,9",60
Citizentral Juristas,1113127,Apartamentos,Valencia,1,1,€ 86,2019/11/19,2019/11/20,0,"9,2",60
CENTRO CIUDAD-PZA AYUNTAMIENTO-WIFI,3604273,Apartamento,Valencia,1,1,NA,2019/11/19,2019/11/20,0,"9,3",60
Mon Suites San Nicolas,4117225,Apartamentos,Valencia,1,1,€ 87,2019/11/19,2019/11/20,0,"9,2",60
Apartamento cerca de la Playa y el Centro,2620264,Apartamento,Valencia,1,1,€ 88,2019/11/19,2019/11/20,0,9,60
MD Art Apartment Ruzafa,2550955,Apartamento,Valencia,1,1,€ 271,2019/11/19,2019/11/20,0,"7,5",60
MD Pelayo with terrace,1979067,Apartamento,Valencia,1,1,€ 271,2019/11/19,2019/11/20,0,"7,8",60
Flats Hondures,2194645,Apartamento,Valencia,1,1,NA,2019/11/19,2019/11/20,0,"8,8",60
Dreams Rental City Hall,337092,Apartamentos,Valencia,1,1,€ 280,2019/11/19,2019/11/20,0,"7,5",60
MD Abastos Center,2551194,Apartamento,Valencia,1,1,€ 289,2019/11/19,2019/11/20,0,"7,7",60
Magnífico Adosado- cerca de Valencia ciudad- en zona de montaña y playa fluvial,5354233,Casa o chalet,Valencia,1,1,€ 90,2019/11/19,2019/11/20,0,"9,1",60
Turia Burjassot 12,3237353,Apartamento,Valencia,1,1,€ 90,2019/11/19,2019/11/20,0,9,60
Dolz Garden Ruzafa,1123993,Apartamentos,Valencia,1,1,€ 90,2019/11/19,2019/11/20,0,"9,1",60
RUZAFA. Nice apartment and Terrace.,4368595,Apartamento,Valencia,1,1,€ 90,2019/11/19,2019/11/20,0,"9,3",60
Austria 4,1605997,Apartamentos,Valencia,1,1,NA,2019/11/19,2019/11/20,0,9,60
Olvida tu Reloj Montichelvo Apartment,3258095,Apartamento,Valencia,1,1,€ 91,2019/11/19,2019/11/20,0,"9,4",60
Apartment Plaza de la Merced,3457190,Apartamento,Valencia,1,1,€ 470,2019/11/19,2019/11/20,0,"7,9",60
MD Oliag I Apartment Ruzafa,2867488,Apartamento,Valencia,1,1,€ 487,2019/11/19,2019/11/20,0,"7,7",60
Hostal Waksman,281139,NA,Valencia,1,1,€ 30,2019/11/19,2019/11/20,1,"7,3",60
Olvida tu Reloj Congresos Apartment,2448036,Apartamento,Valencia,1,1,€ 91,2019/11/19,2019/11/20,0,"9,2",60
One Shot Mercat 09,2274203,NA,Valencia,1,1,€ 93,2019/11/19,2019/11/20,4,"9,1",60
Center City Flats,861452,Apartamentos,Valencia,1,1,€ 94,2019/11/19,2019/11/20,0,"9,1",60
Mon Suites San Martin,2777545,Apartamentos,Valencia,1,1,€ 95,2019/11/19,2019/11/20,0,"9,4",60
feliz como en casa,3676196,NA,Valencia,1,1,€ 36,2019/11/19,2019/11/20,0,"7,2",60
Atarazanas Flat,4570058,Apartamento,Valencia,1,1,NA,2019/11/19,2019/11/20,0,"8,8",60
Hostal Residencial RR,450746,NA,Valencia,1,1,€ 38,2019/11/19,2019/11/20,0,7,60
HOSPEDAJE PESET,4718074,NA,Valencia,1,1,€ 40,2019/11/19,2019/11/20,0,"7,2",60
Calle de Frederica Montseny 'Política' Casa o chalet,5152866,Casa o chalet,Valencia,1,1,€ 95,2019/11/19,2019/11/20,0,"9,4",60
Total Valencia White,2201908,Apartamento,Valencia,1,1,NA,2019/11/19,2019/11/20,0,"9,2",60
Hi Valencia Apartments - Jorge Juan,2373701,Apartamento,Valencia,1,1,€ 100,2019/11/19,2019/11/20,0,"9,4",60
Piso como en tu casa 2,3834617,Apartamentos,Valencia,1,1,€ 101,2019/11/19,2019/11/20,0,"9,2",60
Apartamentos La más Bonita,2816245,Apartamentos,Valencia,1,1,€ 104,2019/11/19,2019/11/20,0,"9,1",60
La Flamenca,818359,NA,Valencia,1,1,€ 40,2019/11/19,2019/11/20,0,"7,2",60
Central Station Valencia Hostel,1647017,NA,Valencia,1,1,€ 41,2019/11/19,2019/11/20,0,"7,1",60
Murillo Apartment,408163,Apartamento,Valencia,1,1,€ 44,2019/11/19,2019/11/20,0,7,60
Sampedor Apartment,435662,Apartamentos,Valencia,1,1,€ 49,2019/11/19,2019/11/20,0,7,60
PRECIOSO JUNTO CIUDAD DE LAS CIENCIAS- PUERTO Y PLAYAS,4497037,Apartamento,Valencia,1,1,NA,2019/11/19,2019/11/20,0,"8,7",60
Palacio de Rojas,1073276,Apartamentos,Valencia,1,1,€ 105,2019/11/19,2019/11/20,0,"9,3",60
MYR Hotel Plaza Mercado & Spa,1619029,Apartahotel,Valencia,1,1,€ 105,2019/11/19,2019/11/20,0,"9,2",60
Forn desamparats,2380447,Apartamento,Valencia,1,1,€ 105,2019/11/19,2019/11/20,0,"9,4",60
Apartments Abate 4,2848648,Apartamentos,Valencia,1,1,NA,2019/11/19,2019/11/20,0,9,60
HQ Rooms Apartments San Vicente,2894429,Apartamentos,Valencia,1,1,€ 105,2019/11/19,2019/11/20,0,"9,2",60
Apartamento centro frente a Torres de Serrano,3408067,Apartamento,Valencia,1,1,€ 105,2019/11/19,2019/11/20,0,"9,4",60
5 SENSES,3786890,Apartamento,Valencia,1,1,€ 107,2019/11/19,2019/11/20,0,"9,1",60
OCEANOGRAFIC APARTMENT. PARKING. WI-FI,3107716,Apartamentos,Valencia,1,1,€ 110,2019/11/19,2019/11/20,0,9,60
OCEANOGRAFIC DELUXE- PARKING- WI-FI,4095746,Apartamento,Valencia,1,1,€ 110,2019/11/19,2019/11/20,0,"9,2",60
"Piso ""Como en tu casa""",2689136,Apartamento,Valencia,1,1,€ 110,2019/11/19,2019/11/20,0,"9,2",60
MOM La Punta,3105661,NA,Valencia,1,1,NA,2019/11/19,2019/11/20,0,"9,4",60
COZY APARTMENT VALENCIA CITY CENTER!,4886758,Apartamento,Valencia,1,1,€ 115,2019/11/19,2019/11/20,0,"9,2",60
APARTAMENTO CENTRICO. WI-FI. PARKING,2967593,Apartamento,Valencia,1,1,€ 120,2019/11/19,2019/11/20,0,"9,1",60
Casa Cosy,375456,Apartamentos,Valencia,1,1,€ 120,2019/11/19,2019/11/20,0,"9,4",60
Valencia-Ruzafa Studio,3235983,Apartamento,Valencia,1,1,€ 120,2019/11/19,2019/11/20,0,"9,1",60
Sorolla Centro,90896,NA,Valencia,1,1,€ 121,2019/11/19,2019/11/20,3,"9,1",60
Vincci Mercat,1279484,NA,Valencia,1,1,€ 123,2019/11/19,2019/11/20,4,9,60
Oceanografic Arts center 46,2929640,Apartamento,Valencia,1,1,NA,2019/11/19,2019/11/20,0,9,60
MD Design Hotel - Portal del Real,2391685,NA,Valencia,1,1,€ 126,2019/11/19,2019/11/20,2,"9,1",60
Apartment on Carrer del Dr. Lluch,2008997,Apartamento,Valencia,1,1,€ 127,2019/11/19,2019/11/20,0,"9,1",60
Live in Chianti Apartaments,2882632,Apartamentos,Valencia,1,1,€ 128,2019/11/19,2019/11/20,0,9,60
Apartments Welcome to Valencia Peset Aleixandre 69,4964856,Apartamento,Valencia,1,1,€ 129,2019/11/19,2019/11/20,0,"9,1",60
Mediterranean Flats Plaza Redonda,4086496,Apartamentos,Valencia,1,1,€ 131,2019/11/19,2019/11/20,0,"9,2",60
Cozy apartment in Valencia center,3402135,Apartamentos,Valencia,1,1,€ 132,2019/11/19,2019/11/20,0,"9,2",60
Coroa del Mar,1549399,Apartamentos,Valencia,1,1,€ 50,2019/11/19,2019/11/20,0,"7,1",60
Habitacion Apartamento soleado Plaza Escultor Frechina,4865043,NA,Valencia,1,1,€ 50,2019/11/19,2019/11/20,0,"7,1",60
Centro Valencia Calle Cerrajeros,3476261,NA,Valencia,1,1,€ 50,2019/11/19,2019/11/20,0,"7,1",60
Cosy Rooms Bolsería,371606,NA,Valencia,1,1,€ 52,2019/11/19,2019/11/20,2,"7,4",60
NH Collection Colón Valencia,3828811,NA,Valencia,1,1,€ 132,2019/11/19,2019/11/20,4,"9,2",60
Edificio Pentagono,4673669,Apartamento,Valencia,1,1,€ 135,2019/11/19,2019/11/20,0,9,60
Loft zona Pechina en Valencia centro,2524985,Apartamento,Valencia,1,1,€ 138,2019/11/19,2019/11/20,0,"9,1",60
Apartamento Playa Wifi Gratis,3495634,Apartamento,Valencia,1,1,€ 140,2019/11/19,2019/11/20,0,"9,4",60
Friendly Rentals Torrealba,1634243,Apartamento,Valencia,1,1,€ 140,2019/11/19,2019/11/20,0,"9,3",60
Cosy Rooms Embajador,369728,NA,Valencia,1,1,€ 54,2019/11/19,2019/11/20,2,"7,4",60
Plaza Redonda house.,4399973,NA,Valencia,1,1,€ 59,2019/11/19,2019/11/20,0,"7,4",60
La Roqueta,2652492,Apartamento,Valencia,1,1,NA,2019/11/19,2019/11/20,0,"8,7",60
Malvarrosa Beach Rooms,314048,NA,Valencia,1,1,€ 59,2019/11/19,2019/11/20,2,7,60
Ruzafa Rooms,2891693,NA,Valencia,1,1,€ 45,2019/11/19,2019/11/20,0,"6,9",60
PISO ACOGEDOR,4995780,NA,Valencia,1,1,€ 50,2019/11/19,2019/11/20,0,"6,9",60
Santos A,4238287,Apartamento,Valencia,1,1,NA,2019/11/19,2019/11/20,0,"8,9",60
Guest House Lebon,3124256,NA,Valencia,1,1,€ 60,2019/11/19,2019/11/20,0,"6,9",60
HOSTAL BED OF THE SEA,3974636,NA,Valencia,1,1,€ 61,2019/11/19,2019/11/20,0,"7,1",60
NWT Monserrat,3728842,Apartamentos,Valencia,1,1,€ 64,2019/11/19,2019/11/20,0,7,60
Beautiful early 20th century room,3563293,NA,Valencia,1,1,€ 64,2019/11/19,2019/11/20,0,"7,3",60
Friendly Rentals Montaner Beach,2314997,Apartamento,Valencia,1,1,€ 145,2019/11/19,2019/11/20,0,9,60
Sweet Caroline Apartment,1811784,Apartamento,Valencia,1,1,€ 150,2019/11/19,2019/11/20,0,"9,2",60
ARENAS 2 APARTAMENT,2808815,Apartamento,Valencia,1,1,€ 150,2019/11/19,2019/11/20,0,9,60
Duplex en Blasco Ibáñez,3672426,Apartamento,Valencia,1,1,€ 155,2019/11/19,2019/11/20,0,"9,1",60
Arena's Apartament,2156905,Apartamento,Valencia,1,1,€ 170,2019/11/19,2019/11/20,0,"9,1",60
Accommodation Beach Apartments,1001766,Apartamentos,Valencia,1,1,€ 64,2019/11/19,2019/11/20,0,"7,2",60
Hostal la Barraca,350013,NA,Valencia,1,1,€ 65,2019/11/19,2019/11/20,0,"7,2",60
piso cerca de la playa,3269379,Apartamento,Valencia,1,1,NA,2019/11/19,2019/11/20,0,"8,7",60
Almiserat,3054886,Apartamento,Valencia,1,1,€ 70,2019/11/19,2019/11/20,0,"7,1",60
Apartment Horticultor Bosch,1148669,Apartamento,Valencia,1,1,€ 70,2019/11/19,2019/11/20,0,"7,3",60
Jardines del Turia - Espacioso apartamento,2734126,Apartamento,Valencia,1,1,€ 170,2019/11/19,2019/11/20,0,"9,1",60
Original Domino House,5434091,NA,Valencia,1,1,€ 170,2019/11/19,2019/11/20,0,"9,1",60
Valencia Apartments,4367788,Apartamentos,Valencia,1,1,€ 78,2019/11/19,2019/11/20,0,"7,2",60
Apartments Calle Padre Damian,4523326,Apartamentos,Valencia,1,1,€ 80,2019/11/19,2019/11/20,0,"7,2",60
Suites by Eric Olsan (Peset),4726296,Apartamentos,Valencia,1,1,€ 83,2019/11/19,2019/11/20,0,"7,4",60
Valencia Apartmans El Carmen,847910,Apartamentos,Valencia,1,1,€ 87,2019/11/19,2019/11/20,0,"7,4",60
Geography and Arts.,3569110,NA,Valencia,1,1,€ 60,2019/11/19,2019/11/20,0,"6,9",60
Kirei Apartment Na Jordana,1702092,Apartamentos,Valencia,1,1,€ 101,2019/11/19,2019/11/20,0,"6,9",60
Casita Esmeralda,2040126,Casa o chalet,Valencia,1,1,€ 114,2019/11/19,2019/11/20,0,"6,5",60
Miresa flats,5300418,Apartamento,Valencia,1,1,€ 125,2019/11/19,2019/11/20,0,"6,6",60
Fun and Sun Center 2,2944416,NA,Valencia,1,1,€ 36,2019/11/19,2019/11/20,0,"6,1",60
BonApart Apartment Valencia,1490885,Apartamento,Valencia,1,1,NA,2019/11/19,2019/11/20,0,"8,5",60
Carrer del Bisbe Jaume Pérez,4900140,NA,Valencia,1,1,€ 60,2019/11/19,2019/11/20,0,6,60
Guest House Higinio Noja,2845935,NA,Valencia,1,1,€ 60,2019/11/19,2019/11/20,0,6,60
Kirei Apartment Denver,4585191,Apartamento,Valencia,1,1,€ 137,2019/11/19,2019/11/20,0,"6,2",60
Kirei Apartment San Agustin,1712323,Apartamentos,Valencia,1,1,€ 137,2019/11/19,2019/11/20,0,"6,1",60
RoomTuristValencia - Ruzafa,4608394,NA,Valencia,1,1,€ 25,2019/11/19,2019/11/20,0,"5,5",60
Ruzafa Guesthouse,2269176,NA,Valencia,1,1,€ 30,2019/11/19,2019/11/20,0,"5,6",60
SingularStays Plaza del Mercado,1755231,Apartamentos,Valencia,1,1,NA,2019/11/19,2019/11/20,0,"8,5",60
Vamos A la Playa,5030500,Apartamento,Valencia,1,1,€ 90,2019/11/19,2019/11/20,0,"7,3",60
Guest House Samuel Ros,4161855,NA,Valencia,1,1,€ 90,2019/11/19,2019/11/20,0,"7,3",60
La Casa dei Fiori,2849727,Apartamento,Valencia,1,1,€ 92,2019/11/19,2019/11/20,0,"7,1",60
Kirei Apartment San Vicente,1774062,Apartamento,Valencia,1,1,€ 98,2019/11/19,2019/11/20,0,"7,3",60
Kirei Apartment Vienna,4639797,Apartamento,Valencia,1,1,€ 115,2019/11/19,2019/11/20,0,"7,4",60
Kirei Apartment En Llop,1765516,Apartamentos,Valencia,1,1,€ 137,2019/11/19,2019/11/20,0,"7,1",60
Best Valencia Beach Flat,3246772,Apartamento,Valencia,1,1,€ 192,2019/11/19,2019/11/20,0,"7,1",60
MD Puerto Rico Apartment Ruzafa,3737151,Apartamento,Valencia,1,1,€ 289,2019/11/19,2019/11/20,0,"7,4",60
Select Home Catedral,440778,Apartamentos,Valencia,1,1,€ 340,2019/11/19,2019/11/20,0,"7,1",60
MD Villalonga Malvarosa Beach,3739661,Apartamento,Valencia,1,1,€ 430,2019/11/19,2019/11/20,0,"7,1",60
Oliver,4865093,NA,Valencia,1,1,€ 35,2019/11/19,2019/11/20,0,"5,8",60
Gon & Diego House,4899561,NA,Valencia,1,1,€ 40,2019/11/19,2019/11/20,0,"5,6",60
Kirei Apartment Berlin,4504570,Apartamentos,Valencia,1,1,€ 108,2019/11/19,2019/11/20,0,"5,5",60
Kirei Apartment Portland,4276529,Apartamentos,Valencia,1,1,€ 200,2019/11/19,2019/11/20,0,"5,9",60
Guest House Torres de Quart,2275006,NA,Valencia,1,1,€ 30,2019/11/19,2019/11/20,0,"5,3",60
Habitación Despuig,4901343,NA,Valencia,1,1,€ 28,2019/11/19,2019/11/20,0,"6,8",60
Habitación con cama doble,4794909,NA,Valencia,1,1,€ 36,2019/11/19,2019/11/20,0,"6,7",60
Port of Valencia,3805735,Apartamento,Valencia,1,1,€ 79,2019/11/19,2019/11/20,0,5,60
En corts Flat,4471441,Apartamento,Valencia,1,1,NA,2019/11/19,2019/11/20,0,"8,5",60
RoomTuristValencia Torres de Quart,4565643,NA,Valencia,1,1,€ 25,2019/11/19,2019/11/20,0,"4,6",60
Guest House Duc de Gaeta,2275007,NA,Valencia,1,1,€ 28,2019/11/19,2019/11/20,0,"4,9",60
Malvarosa,3820590,Apartamento,Valencia,1,1,€ 190,2019/11/19,2019/11/20,0,"4,1",60
Apartamento Islas Canarias,2304086,Apartamento,Valencia,1,1,€ 48,2019/11/19,2019/11/20,0,"3,8",60
Bright room with trundle bed,5560260,NA,Valencia,1,1,€ 46,2019/11/19,2019/11/20,0,,60
Habitación privada con baño privado a 300 metros de la playa.,5587588,NA,Valencia,1,1,€ 49,2019/11/19,2019/11/20,0,,60
Carrer de Dénia,4274046,Apartamento,Valencia,1,1,NA,2019/11/19,2019/11/20,0,"8,5",60
Lindala,5250762,NA,Valencia,1,1,€ 49,2019/11/19,2019/11/20,0,,60
Aventura Valencia 2,5604325,NA,Valencia,1,1,€ 50,2019/11/19,2019/11/20,0,,60
vosotros sereis parte de mi familia.,5299568,NA,Valencia,1,1,€ 50,2019/11/19,2019/11/20,0,,60
Rooms El Picolino,5326859,NA,Valencia,1,1,€ 55,2019/11/19,2019/11/20,0,,60
Hogar Dulce Hogar,5426607,NA,Valencia,1,1,€ 60,2019/11/19,2019/11/20,0,,60
Apartamento con compartir,5366858,NA,Valencia,1,1,€ 65,2019/11/19,2019/11/20,0,,60
Calle D Juan de Austria 4,4036814,Apartamento,Valencia,1,1,NA,2019/11/19,2019/11/20,0,"8,5",60
Bonito Apartamento- confortable y bien comunicado,5572090,Apartamento,Valencia,1,1,€ 68,2019/11/19,2019/11/20,0,,60
Cabanyal Apartment con patio,4323384,Apartamento,Valencia,1,1,€ 69,2019/11/19,2019/11/20,0,,60
Florista's Room en Valencia,5502152,NA,Valencia,1,1,€ 70,2019/11/19,2019/11/20,0,,60
Mi casa es vuestra casa,4967097,NA,Valencia,1,1,€ 70,2019/11/19,2019/11/20,0,,60
Habitación en Valencia,5477394,NA,Valencia,1,1,€ 72,2019/11/19,2019/11/20,0,,60
Loft Turia Gran,5133726,Apartamento,Valencia,1,1,€ 80,2019/11/19,2019/11/20,0,,60
Casa Adosada Quintero,5481770,Casa o chalet,Valencia,1,1,€ 93,2019/11/19,2019/11/20,0,,60
Kirei Apartment Dublin,4639542,Apartamento,Valencia,1,1,€ 96,2019/11/19,2019/11/20,0,,60
Comfort Homestay,5423155,NA,Valencia,1,1,€ 105,2019/11/19,2019/11/20,0,,60
Apartamentos Artesa 22 Valencia,5546723,Apartamento,Valencia,1,1,€ 112,2019/11/19,2019/11/20,0,,60
RAVALENCIA 4,3377937,Apartamento,Valencia,1,1,€ 124,2019/11/19,2019/11/20,0,,60
Todo el centro histórico a tu alcance.,5610526,Apartamento,Valencia,1,1,€ 132,2019/11/19,2019/11/20,0,,60
Apartment Carrer Ernesto Che Guevara,5598848,Apartamentos,Valencia,1,1,€ 211,2019/11/19,2019/11/20,0,,60
"Flat ""Ca Alexandre""",3687859,Apartamento,Valencia,1,1,€ 240,2019/11/19,2019/11/20,0,,60
Apartamento con terraza,5238122,Apartahotel,Valencia,1,1,€ 240,2019/11/19,2019/11/20,0,,60
Turia Guesthouse - B&B,2884427,Apartamento,Valencia,1,1,€ 265,2019/11/19,2019/11/20,0,,60
Apartment Carrer de Don Juan de Austria,5464038,Apartamentos,Valencia,1,1,€ 275,2019/11/19,2019/11/20,0,,60
Governor Residence,3799760,Apartahotel,Valencia,1,1,€ 600,2019/11/19,2019/11/20,0,,60
Valenciaflats Centro Histórico,94781,Apartamentos,Valencia,1,1,€ 78,2019/11/19,2019/11/20,0,"8,7",60
Citizentral Gascons,332095,Apartamentos,Valencia,1,1,€ 79,2019/11/19,2019/11/20,0,"8,8",60
Friendly Rentals Boyvin,1923141,Apartamento,Valencia,1,1,NA,2019/11/19,2019/11/20,0,"9,3",60
Hotel Valencia Oceanic Managed by Melia Hotels International,91522,NA,Valencia,1,1,€ 79,2019/11/19,2019/11/20,4,"8,6",60
Apartments Madrina,3278589,Apartamentos,Valencia,1,1,€ 80,2019/11/19,2019/11/20,0,"8,9",60
Blanq Carmen Hotel,97069,NA,Valencia,1,1,€ 80,2019/11/19,2019/11/20,3,"8,7",60
Homestay Carrer Sagun,5006434,NA,Valencia,1,1,€ 80,2019/11/19,2019/11/20,0,"8,6",60
BUBUFLATS Mossén,1141763,Apartamentos,Valencia,1,1,€ 80,2019/11/19,2019/11/20,0,"8,9",60
Suites by Eric Olsan (Florista),4726450,Apartamentos,Valencia,1,1,€ 82,2019/11/19,2019/11/20,0,"8,6",60
apartamento las torres-botanico,4694090,Apartamento,Valencia,1,1,NA,2019/11/19,2019/11/20,0,9,60
One Shot Palacio Reina Victoria 04,90885,NA,Valencia,1,1,€ 84,2019/11/19,2019/11/20,4,"8,6",60
Ad Hoc Monumental,90719,NA,Valencia,1,1,€ 85,2019/11/19,2019/11/20,3,"8,6",60
Casa de Maria,2467712,Apartamento,Valencia,1,1,€ 85,2019/11/19,2019/11/20,0,"8,6",60
Burjassot Mestalla,3058627,Apartamento,Valencia,1,1,€ 85,2019/11/19,2019/11/20,0,"8,6",60
Petit Palace Plaza de la Reina,90443,NA,Valencia,1,1,€ 86,2019/11/19,2019/11/20,3,"8,7",60
Barceló Valencia,91988,NA,Valencia,1,1,€ 86,2019/11/19,2019/11/20,4,"8,7",60
Brisa Mare Nostrum,2855311,Apartamento,Valencia,1,1,NA,2019/11/19,2019/11/20,0,"9,3",60
Guillem Sorolla Apartment,2961464,Apartamento,Valencia,1,1,€ 89,2019/11/19,2019/11/20,0,"8,9",60
Hotel Gabbeach,403586,NA,Valencia,1,1,€ 89,2019/11/19,2019/11/20,3,"8,5",60
Hotel El Siglo,1741479,NA,Valencia,1,1,€ 90,2019/11/19,2019/11/20,3,"8,5",60
Perla Apartments,3146781,Apartamentos,Valencia,1,1,€ 90,2019/11/19,2019/11/20,0,"8,7",60
SKY TOURISTIC ATTIC,281640,Apartamentos,Valencia,1,1,€ 90,2019/11/19,2019/11/20,0,"8,5",60
Plaza Sainetero Arniches,3984774,Apartamento,Valencia,1,1,€ 92,2019/11/19,2019/11/20,0,"8,5",60
Apartamentos Hiedra y Tapinería Mercado Central,1888891,Apartamentos,Valencia,1,1,NA,2019/11/19,2019/11/20,0,"9,2",60
Biopark View Apartment,2381901,Apartamento,Valencia,1,1,€ 93,2019/11/19,2019/11/20,0,"8,9",60
Casual Vintage Valencia,1710241,NA,Valencia,1,1,€ 94,2019/11/19,2019/11/20,2,"8,6",60
AC Hotel Valencia,91063,NA,Valencia,1,1,€ 94,2019/11/19,2019/11/20,4,"8,5",60
Hotel San Lorenzo Boutique,1307718,NA,Valencia,1,1,€ 94,2019/11/19,2019/11/20,3,"8,6",60
Valencian Apartment,2298621,Apartamento,Valencia,1,1,€ 94,2019/11/19,2019/11/20,0,"8,9",60
Les flors,3985046,Apartamento,Valencia,1,1,€ 95,2019/11/19,2019/11/20,0,"8,6",60
Apartamento Mercado Central,4751166,Apartamento,Valencia,1,1,NA,2019/11/19,2019/11/20,0,"9,2",60
Catalonia Excelsior,90578,NA,Valencia,1,1,€ 95,2019/11/19,2019/11/20,3,"8,7",60
New Trendy apartment,2426154,Apartamento,Valencia,1,1,€ 95,2019/11/19,2019/11/20,0,"8,7",60
El Coral Apartment Valencia,3606766,Apartamento,Valencia,1,1,€ 95,2019/11/19,2019/11/20,0,"8,7",60
Melia Valencia,290493,NA,Valencia,1,1,€ 98,2019/11/19,2019/11/20,4,"8,8",60
Hotel Dimar,90886,NA,Valencia,1,1,€ 99,2019/11/19,2019/11/20,4,"8,7",60
APARTAMENTO LAS MELLIZAS,4651578,NA,Valencia,1,1,€ 50,2019/11/19,2019/11/20,0,"8,5",60
APARTAMENTO FRENTE AL MAR - Mare Nostrum,1879022,Apartamento,Valencia,1,1,NA,2019/11/19,2019/11/20,0,"9,3",60
SH Ingles Boutique Hotel,92956,NA,Valencia,1,1,€ 100,2019/11/19,2019/11/20,4,"8,5",60
Ilunion Aqua 4,92777,NA,Valencia,1,1,€ 102,2019/11/19,2019/11/20,4,"8,5",60
Melia Plaza Valencia,13270,NA,Valencia,1,1,€ 105,2019/11/19,2019/11/20,4,"8,9",60
Zerka Sendra,4657122,Apartamento,Valencia,1,1,€ 179,2019/11/19,2019/11/20,0,9,60
City Center Atico 360,3025679,Apartamento,Valencia,1,1,€ 188,2019/11/19,2019/11/20,0,"9,4",60
Apartamento Ruzafa Centro II,3718518,Apartamento,Valencia,1,1,NA,2019/11/19,2019/11/20,0,9,60
Loft Superior el Carmen,2784473,Apartamento,Valencia,1,1,€ 209,2019/11/19,2019/11/20,0,"9,2",60
Zenit Valencia,92327,NA,Valencia,1,1,€ 108,2019/11/19,2019/11/20,4,"8,8",60
Hotel Neptuno,91206,NA,Valencia,1,1,€ 108,2019/11/19,2019/11/20,4,"8,5",60
Tranquilo Apartamento En Plaza Cisneros,3127388,Apartamento,Valencia,1,1,€ 111,2019/11/19,2019/11/20,0,"8,8",60
El Palacete Gran Via,3483148,NA,Valencia,1,1,€ 114,2019/11/19,2019/11/20,0,"8,9",60
Caro Hotel,348132,NA,Valencia,1,1,€ 209,2019/11/19,2019/11/20,5,"9,2",60
Ca Carmela,2466364,Casa o chalet,Valencia,1,1,€ 225,2019/11/19,2019/11/20,0,"9,1",60
Las Arenas Balneario Resort,91144,NA,Valencia,1,1,€ 230,2019/11/19,2019/11/20,5,9,60
MD Julio Antonio Apartment Center,3961049,Apartamento,Valencia,1,1,€ 285,2019/11/19,2019/11/20,0,"9,3",60
Friendly Rentals Schubert,1634221,Apartamentos,Valencia,1,1,€ 115,2019/11/19,2019/11/20,0,"8,9",60
Loft by the Beach,4441671,Apartamento,Valencia,1,1,€ 115,2019/11/19,2019/11/20,0,"8,5",60
Plaza de la Virgen,3167342,Apartamento,Valencia,1,1,€ 115,2019/11/19,2019/11/20,0,"8,8",60
City of Arts,3031480,Apartamento,Valencia,1,1,€ 115,2019/11/19,2019/11/20,0,"8,8",60
Old Fisherman's House in Malvarrosa Beach,3618172,Apartamento,Valencia,1,1,€ 360,2019/11/19,2019/11/20,0,"9,4",60
Apartment near Arts & Science,2062186,Apartamento,Valencia,1,1,NA,2019/11/19,2019/11/20,0,"9,2",60
The River Hostel,494202,NA,Valencia,1,1,€ 23,2019/11/19,2019/11/20,0,"8,5",60
Pensión Alicante,298710,NA,Valencia,1,1,€ 33,2019/11/19,2019/11/20,0,"8,5",60
UNIK. Apartments Valencia,2241282,Apartamentos,Valencia,1,1,€ 42,2019/11/19,2019/11/20,0,"8,5",60
Friendly Rentals Nyman,3245521,Apartamento,Valencia,1,1,€ 115,2019/11/19,2019/11/20,0,"8,9",60
Friendly Rentals Casals,1769176,Apartamento,Valencia,1,1,€ 115,2019/11/19,2019/11/20,0,"8,7",60
Friendly Rentals Ravel I,1634234,Apartamento,Valencia,1,1,€ 115,2019/11/19,2019/11/20,0,"8,8",60
Friendly Rentals Brade,1918694,Apartamento,Valencia,1,1,€ 115,2019/11/19,2019/11/20,0,"8,8",60
SH Valencia Palace,91497,NA,Valencia,1,1,€ 120,2019/11/19,2019/11/20,5,"8,5",60
Russafa Youth Hostel,345134,NA,Valencia,1,1,€ 43,2019/11/19,2019/11/20,0,"8,6",60
Art&Flats Bed&Breakfast,5238345,NA,Valencia,1,1,€ 45,2019/11/19,2019/11/20,0,"8,9",60
Apartamentos Plaza Picasso,97063,Apartamentos,Valencia,1,1,€ 47,2019/11/19,2019/11/20,0,"8,5",60
Calle Mora De Rubielos,2854363,Apartamento,Valencia,1,1,NA,2019/11/19,2019/11/20,0,"9,4",60
Flatsforyou Mercat,1367507,Apartamentos,Valencia,1,1,€ 120,2019/11/19,2019/11/20,3,"8,9",60
Apartments Plaza Ayuntamiento,3506736,Apartamento,Valencia,1,1,€ 120,2019/11/19,2019/11/20,0,"8,6",60
B&B Almirante,369695,NA,Valencia,1,1,€ 48,2019/11/19,2019/11/20,1,"8,8",60
Zalamera BnB,1331238,NA,Valencia,1,1,€ 48,2019/11/19,2019/11/20,0,"8,7",60
Hulot B&B Valencia,585429,NA,Valencia,1,1,€ 49,2019/11/19,2019/11/20,0,"8,5",60
Buho House,3777691,Apartahotel,Valencia,1,1,€ 49,2019/11/19,2019/11/20,0,"8,5",60
Pio XII Apartments Valencia,402080,Apartamentos,Valencia,1,1,€ 51,2019/11/19,2019/11/20,0,"8,5",60
B&B Hi Valencia Boutique,1301725,NA,Valencia,1,1,€ 51,2019/11/19,2019/11/20,0,"8,7",60
Mr Flats Valencia,2232363,Apartamentos,Valencia,1,1,NA,2019/11/19,2019/11/20,0,9,60
Home Youth Hostel by Feetup Hostels,189322,NA,Valencia,1,1,€ 52,2019/11/19,2019/11/20,0,"8,8",60
Balcón Al Mar,295109,NA,Valencia,1,1,€ 52,2019/11/19,2019/11/20,0,"8,5",60
Hotel Malcom and Barret,483261,NA,Valencia,1,1,€ 53,2019/11/19,2019/11/20,3,"8,7",60
Turia Town,4064373,Apartamentos,Valencia,1,1,€ 53,2019/11/19,2019/11/20,0,"8,8",60
Namaste Rooms,3799642,NA,Valencia,1,1,€ 55,2019/11/19,2019/11/20,0,"8,7",60
València Centre Túria,2185255,Apartamento,Valencia,1,1,€ 56,2019/11/19,2019/11/20,0,"8,8",60
Vivaldi Penthouse Ayuntamiento,1289561,Apartamento,Valencia,1,1,NA,2019/11/19,2019/11/20,0,"9,2",60
Casa del Patriarca,364834,NA,Valencia,1,1,€ 57,2019/11/19,2019/11/20,0,"8,9",60
Hotel Sercotel Acteón Valencia,90495,NA,Valencia,1,1,€ 59,2019/11/19,2019/11/20,4,"8,5",60
Petit Palomar,2187491,Apartamentos,Valencia,1,1,€ 59,2019/11/19,2019/11/20,0,"8,9",60
Apartamento Joseph - luminoso y muy céntrico,4267950,Apartamento,Valencia,1,1,€ 60,2019/11/19,2019/11/20,0,"8,9",60
Apartamento Jesus De Medinaceli,1728697,Apartamento,Valencia,1,1,€ 60,2019/11/19,2019/11/20,0,"8,6",60
Hotel Kramer,91106,NA,Valencia,1,1,€ 61,2019/11/19,2019/11/20,3,"8,8",60
Center Valencia,2944722,Casa o chalet,Valencia,1,1,NA,2019/11/19,2019/11/20,0,"9,3",60
ABCyou Bed&Breakfast,189207,NA,Valencia,1,1,€ 63,2019/11/19,2019/11/20,0,"8,5",60
Luz de Valencia,2076095,Apartamentos,Valencia,1,1,€ 64,2019/11/19,2019/11/20,0,"8,8",60
Hotel Mediterraneo Valencia,92412,NA,Valencia,1,1,€ 66,2019/11/19,2019/11/20,3,"8,8",60
València Centre Torres de Quart,886289,Apartamentos,Valencia,1,1,€ 66,2019/11/19,2019/11/20,0,"8,9",60
Lotelito,570027,NA,Valencia,1,1,€ 66,2019/11/19,2019/11/20,0,"8,9",60
One Shot Colón 46,1394168,NA,Valencia,1,1,€ 67,2019/11/19,2019/11/20,3,"8,7",60
Host & Home,1663785,NA,Valencia,1,1,€ 68,2019/11/19,2019/11/20,0,"8,9",60
Moon Valencia,3560698,Apartamentos,Valencia,1,1,€ 70,2019/11/19,2019/11/20,0,"8,9",60
Apartaments San Pio V,2456151,Apartamento,Valencia,1,1,€ 70,2019/11/19,2019/11/20,0,"8,8",60
Estrella de russafa,5352439,NA,Valencia,1,1,€ 70,2019/11/19,2019/11/20,0,"8,5",60
Valencia maritimo,3020748,Apartamento,Valencia,1,1,€ 70,2019/11/19,2019/11/20,0,"8,9",60
Ad Hoc Carmen,1173270,NA,Valencia,1,1,€ 71,2019/11/19,2019/11/20,2,"8,9",60
Casual del Cine Valencia,572187,NA,Valencia,1,1,€ 71,2019/11/19,2019/11/20,2,"8,6",60
Petit Palace Ruzafa,90792,NA,Valencia,1,1,€ 71,2019/11/19,2019/11/20,3,"8,7",60
Blanq Carmen Hotel,97069,NA,Valencia,1,1,€ 73,2019/11/19,2019/11/20,3,"8,7",60
Boutique Creative Rooms,2334726,NA,Valencia,1,1,€ 73,2019/11/19,2019/11/20,0,"8,7",60
BUBUFLATS / Mercat,783206,Apartamentos,Valencia,1,1,€ 75,2019/11/19,2019/11/20,0,"8,9",60
Habitación doble,3599930,NA,Valencia,1,1,€ 75,2019/11/19,2019/11/20,0,"8,9",60
