name,propertyId,propertyType,city,rooms,days,price,checkIn,checkOut,stars,score,advance
B&B Hotel Valencia Ciudad de las Ciencias,92242,NA,Valencia,1,1,€ 80,2019/09/21,2019/09/22,3,"7,5",7
MyHomestay,2921259,NA,Valencia,1,1,€ 90,2019/09/21,2019/09/22,0,"7,6",7
Apartamento Forn dels Apòstols,3122008,Apartamento,Valencia,1,1,NA,2019/09/21,2019/09/22,0,"9,6",7
Valencia Lounge Hostel,337203,NA,Valencia,1,1,€ 91,2019/09/21,2019/09/22,0,"7,8",7
Hotel Turia,14441,NA,Valencia,1,1,€ 95,2019/09/21,2019/09/22,4,"7,5",7
Hotel Beleret,94652,NA,Valencia,1,1,€ 98,2019/09/21,2019/09/22,3,"7,6",7
Ilunion Valencia 3,92818,NA,Valencia,1,1,€ 103,2019/09/21,2019/09/22,3,"7,9",7
United Colors of Studios - Mercado Central,2574108,Apartamentos,Valencia,1,1,€ 105,2019/09/21,2019/09/22,0,"7,9",7
Expo Hotel Valencia,91223,NA,Valencia,1,1,€ 115,2019/09/21,2019/09/22,3,"7,6",7
Stay at Valencia Downtown,1840715,Apartamento,Valencia,1,1,NA,2019/09/21,2019/09/22,0,"9,6",7
Old Town Flats Casa Burguerini,4552106,Apartamentos,Valencia,1,1,€ 125,2019/09/21,2019/09/22,0,"7,7",7
Checkin Valencia,93743,NA,Valencia,1,1,€ 134,2019/09/21,2019/09/22,4,"7,8",7
Spain Host Valencia- Plaza del Ayuntamiento,2257049,Apartamentos,Valencia,1,1,€ 160,2019/09/21,2019/09/22,0,"7,5",7
Casual de la Música Valencia,273130,NA,Valencia,1,1,€ 162,2019/09/21,2019/09/22,2,"7,5",7
El 16 Ruzafa,865461,Apartamentos,Valencia,1,1,€ 169,2019/09/21,2019/09/22,0,"7,7",7
Dreams Rental City Hall,337092,Apartamentos,Valencia,1,1,€ 220,2019/09/21,2019/09/22,0,"7,5",7
Apartamento,3139431,Apartamento,Valencia,1,1,NA,2019/09/21,2019/09/22,0,"9,5",7
feliz como en casa,3676196,NA,Valencia,1,1,€ 36,2019/09/21,2019/09/22,0,"7,2",7
Central Station Valencia Hostel,1647017,NA,Valencia,1,1,€ 89,2019/09/21,2019/09/22,0,"7,1",7
Apartments Calle Padre Damian,4523326,Apartamentos,Valencia,1,1,€ 105,2019/09/21,2019/09/22,0,"7,2",7
HOSTAL BED OF THE SEA,3974636,NA,Valencia,1,1,€ 120,2019/09/21,2019/09/22,0,"7,1",7
Apartamento para 10 personas,5029963,Apartamento,Valencia,1,1,€ 128,2019/09/21,2019/09/22,0,7,7
Centro Valencia Calle Cerrajeros,3476261,NA,Valencia,1,1,€ 150,2019/09/21,2019/09/22,0,"7,1",7
Apartment Cisneros 2,2361375,Apartamento,Valencia,1,1,NA,2019/09/21,2019/09/22,0,"9,7",7
Select Home Catedral,440778,Apartamentos,Valencia,1,1,€ 160,2019/09/21,2019/09/22,0,"7,1",7
MD Puerto Rico Apartment Ruzafa,3737151,Apartamento,Valencia,1,1,€ 297,2019/09/21,2019/09/22,0,"7,4",7
Carrer del Bisbe Jaume Pérez,4900140,NA,Valencia,1,1,€ 55,2019/09/21,2019/09/22,0,6,7
Oliver,4865093,NA,Valencia,1,1,€ 57,2019/09/21,2019/09/22,0,"5,8",7
Home Sweet Home,1223953,NA,Valencia,1,1,€ 60,2019/09/21,2019/09/22,0,"5,5",7
Nest Style Valencia -Nueva apertura-,5219046,NA,Valencia,1,1,€ 107,2019/09/21,2019/09/22,3,"9,7",7
United Colors of Apartments Boutique Style,5372347,Apartamentos,Valencia,1,1,€ 125,2019/09/21,2019/09/22,0,"9,8",7
VALENCIA APARTAMENTO GOYA,4256653,Apartamento,Valencia,1,1,NA,2019/09/21,2019/09/22,0,10,7
Cantagua Hostel,4074640,NA,Valencia,1,1,€ 28,2019/09/21,2019/09/22,0,"9,1",7
YOU & CO. Saler Beach Boutique,4533007,NA,Valencia,1,1,€ 84,2019/09/21,2019/09/22,3,"9,1",7
Original Domino House,5434091,NA,Valencia,1,1,€ 87,2019/09/21,2019/09/22,0,"9,2",7
Live in Chianti,2227491,NA,Valencia,1,1,€ 104,2019/09/21,2019/09/22,0,"9,1",7
Casa Cabañal,2436758,Casa o chalet,Valencia,1,1,€ 127,2019/09/21,2019/09/22,0,9,7
Rooms Ciencias,94126,NA,Valencia,1,1,€ 135,2019/09/21,2019/09/22,0,9,7
MerKat-Abastos,1231196,Apartamento,Valencia,1,1,NA,2019/09/21,2019/09/22,0,"9,7",7
Apartamentos Edificio Palomar,189277,Apartamentos,Valencia,1,1,€ 149,2019/09/21,2019/09/22,0,"9,2",7
Mon Suites San Nicolas,4117225,Apartamentos,Valencia,1,1,€ 152,2019/09/21,2019/09/22,0,"9,2",7
Citizentral Juristas,1113127,Apartamentos,Valencia,1,1,€ 155,2019/09/21,2019/09/22,0,"9,2",7
Valenciaflats Ciudad de las Ciencias,93676,Apartamentos,Valencia,1,1,€ 160,2019/09/21,2019/09/22,0,"9,1",7
Live in Chianti Apartaments,2882632,Apartamentos,Valencia,1,1,€ 169,2019/09/21,2019/09/22,0,9,7
Mon Suites Catedral,485679,Apartamentos,Valencia,1,1,€ 175,2019/09/21,2019/09/22,0,"9,2",7
Apartments Downtown Valencia,2250421,Apartamentos,Valencia,1,1,NA,2019/09/21,2019/09/22,0,"9,6",7
Hostal Venecia,92883,NA,Valencia,1,1,€ 177,2019/09/21,2019/09/22,2,"9,1",7
Valenciaflats Centro Ciudad,18544,Apartamentos,Valencia,1,1,€ 185,2019/09/21,2019/09/22,0,"9,2",7
Rosa del mar2,4259814,Apartamento,Valencia,1,1,€ 192,2019/09/21,2019/09/22,0,"9,2",7
Hi Valencia Cánovas,4312120,Apartamentos,Valencia,1,1,€ 205,2019/09/21,2019/09/22,0,9,7
Apartamentos Wallace,1698355,Apartamentos,Valencia,1,1,€ 210,2019/09/21,2019/09/22,0,"9,2",7
MARQUÉS HOUSE 4* SUP,2118880,NA,Valencia,1,1,€ 239,2019/09/21,2019/09/22,4,"9,4",7
Valencia what else...,2550483,Apartamento,Valencia,1,1,NA,2019/09/21,2019/09/22,0,"9,5",7
NH Collection Colón Valencia,3828811,NA,Valencia,1,1,€ 264,2019/09/21,2019/09/22,4,"9,2",7
Vincci Mercat,1279484,NA,Valencia,1,1,€ 275,2019/09/21,2019/09/22,4,9,7
Zerka Sendra,4657122,Apartamento,Valencia,1,1,€ 309,2019/09/21,2019/09/22,0,9,7
HQ Rooms Apartments San Vicente,2894429,Apartamentos,Valencia,1,1,€ 310,2019/09/21,2019/09/22,0,"9,2",7
Caro Hotel,348132,NA,Valencia,1,1,€ 355,2019/09/21,2019/09/22,5,"9,2",7
Quart Youth Hostel,476418,NA,Valencia,1,1,€ 36,2019/09/21,2019/09/22,0,"8,6",7
Central Park Apartment Valencia,3881533,Apartamento,Valencia,1,1,NA,2019/09/21,2019/09/22,0,"9,5",7
Habitación doble,3599930,NA,Valencia,1,1,€ 76,2019/09/21,2019/09/22,0,"8,9",7
Apartamentos Plaza Picasso,97063,Apartamentos,Valencia,1,1,€ 84,2019/09/21,2019/09/22,0,"8,5",7
Suites by Eric Olsan (Florista),4726450,Apartamentos,Valencia,1,1,€ 84,2019/09/21,2019/09/22,0,"8,7",7
B&B Hi Valencia Boutique,1301725,NA,Valencia,1,1,€ 91,2019/09/21,2019/09/22,0,"8,8",7
Melia Valencia,290493,NA,Valencia,1,1,€ 100,2019/09/21,2019/09/22,4,"8,8",7
Hola Valencia - Holiday Apartments,2818140,Apartamentos,Valencia,1,1,€ 105,2019/09/21,2019/09/22,0,"8,8",7
Atico Loft Ruzafa,3152977,Apartamento,Valencia,1,1,NA,2019/09/21,2019/09/22,0,"9,7",7
Hotel Sercotel Acteón Valencia,90495,NA,Valencia,1,1,€ 107,2019/09/21,2019/09/22,4,"8,5",7
Sercotel Sorolla Palace,93646,NA,Valencia,1,1,€ 109,2019/09/21,2019/09/22,4,"8,6",7
Hotel Malcom and Barret,483261,NA,Valencia,1,1,€ 110,2019/09/21,2019/09/22,3,"8,7",7
Ilunion Aqua 4,92777,NA,Valencia,1,1,€ 112,2019/09/21,2019/09/22,4,"8,5",7
Hotel Kramer,91106,NA,Valencia,1,1,€ 115,2019/09/21,2019/09/22,3,"8,8",7
AC Hotel Valencia- a Marriott Lifestyle Hotel,91063,NA,Valencia,1,1,€ 119,2019/09/21,2019/09/22,4,"8,5",7
Flatsforyou Marina,1793012,Apartamentos,Valencia,1,1,€ 130,2019/09/21,2019/09/22,0,"8,6",7
Barceló Valencia,91988,NA,Valencia,1,1,€ 130,2019/09/21,2019/09/22,4,"8,7",7
Jardín Botánico Hotel Boutique,93369,NA,Valencia,1,1,€ 130,2019/09/21,2019/09/22,3,"8,9",7
Hotel Valencia Oceanic Managed by Melia Hotels International,91522,NA,Valencia,1,1,€ 135,2019/09/21,2019/09/22,4,"8,6",7
Home Youth Hostel by Feetup Hostels,189322,NA,Valencia,1,1,€ 142,2019/09/21,2019/09/22,0,"8,8",7
Pio XII Apartments Valencia,402080,Apartamentos,Valencia,1,1,€ 144,2019/09/21,2019/09/22,0,"8,5",7
Valenciaflats Centro Histórico,94781,Apartamentos,Valencia,1,1,€ 145,2019/09/21,2019/09/22,0,"8,7",7
Citizentral Gascons,332095,Apartamentos,Valencia,1,1,€ 147,2019/09/21,2019/09/22,0,"8,8",7
Patacona Beach Apartment,4533678,Apartamento,Valencia,1,1,€ 154,2019/09/21,2019/09/22,0,"8,5",7
Petit Palace Ruzafa,90792,NA,Valencia,1,1,€ 157,2019/09/21,2019/09/22,3,"8,7",7
One Shot Colón 46,1394168,NA,Valencia,1,1,€ 159,2019/09/21,2019/09/22,3,"8,7",7
Apartments Madrina,3278589,Apartamentos,Valencia,1,1,€ 165,2019/09/21,2019/09/22,0,"8,9",7
Casual del Cine Valencia,572187,NA,Valencia,1,1,€ 165,2019/09/21,2019/09/22,2,"8,6",7
Biopark View Apartment,2381901,Apartamento,Valencia,1,1,€ 172,2019/09/21,2019/09/22,0,"8,9",7
Opera House Valencia B&B,3533887,NA,Valencia,1,1,NA,2019/09/21,2019/09/22,0,"9,5",7
Puerta de Serranos,2734333,Apartamentos,Valencia,1,1,€ 185,2019/09/21,2019/09/22,0,"8,8",7
Vincci Lys,91183,NA,Valencia,1,1,€ 187,2019/09/21,2019/09/22,4,"8,9",7
Lotelito,570027,NA,Valencia,1,1,€ 190,2019/09/21,2019/09/22,0,"8,9",7
One Shot Palacio Reina Victoria 04,90885,NA,Valencia,1,1,€ 199,2019/09/21,2019/09/22,4,"8,6",7
SH Ingles Boutique Hotel,92956,NA,Valencia,1,1,€ 200,2019/09/21,2019/09/22,4,"8,5",7
Vincci Palace,94163,NA,Valencia,1,1,€ 204,2019/09/21,2019/09/22,4,"8,6",7
Bruno Apartment,2715023,Apartamento,Valencia,1,1,NA,2019/09/21,2019/09/22,0,"9,7",7
AC Hotel Colon Valencia- a Marriott Lifestyle Hotel,1117150,NA,Valencia,1,1,€ 205,2019/09/21,2019/09/22,4,"8,7",7
SH Valencia Palace,91497,NA,Valencia,1,1,€ 205,2019/09/21,2019/09/22,5,"8,5",7
Hotel San Lorenzo Boutique,1307718,NA,Valencia,1,1,€ 252,2019/09/21,2019/09/22,3,"8,6",7
Melia Plaza Valencia,13270,NA,Valencia,1,1,€ 253,2019/09/21,2019/09/22,4,"8,9",7
Zenit Valencia,92327,NA,Valencia,1,1,€ 268,2019/09/21,2019/09/22,4,"8,8",7
Cathedral Suites Hotel,1736257,Apartahotel,Valencia,1,1,€ 288,2019/09/21,2019/09/22,4,"8,9",7
Luxury Center Plaza Redonda,5138960,Apartamento,Valencia,1,1,NA,2019/09/21,2019/09/22,0,"9,8",7
Hospes Palau de La Mar,93823,NA,Valencia,1,1,€ 313,2019/09/21,2019/09/22,5,"8,8",7
The Westin Valencia,93321,NA,Valencia,1,1,€ 347,2019/09/21,2019/09/22,5,"8,7",7
Rio Turia B&B,5531073,NA,Valencia,1,1,€ 38,2019/09/21,2019/09/22,0,"8,3",7
Center Valencia Youth Hostel,246931,NA,Valencia,1,1,€ 42,2019/09/21,2019/09/22,0,8,7
Purple Nest Hostel,25278,NA,Valencia,1,1,€ 53,2019/09/21,2019/09/22,0,"8,1",7
Como en casa,4802186,NA,Valencia,1,1,€ 54,2019/09/21,2019/09/22,0,"8,1",7
Ciudad Ciencias- Lujo- Parking- Wi-Fi.,4999636,Apartamento,Valencia,1,1,NA,2019/09/21,2019/09/22,0,"9,8",7
Red Nest Hostel,92283,NA,Valencia,1,1,€ 63,2019/09/21,2019/09/22,0,"8,2",7
Albergue Juvenil Colegio Mayor Galileo Galilei,253103,NA,Valencia,1,1,€ 65,2019/09/21,2019/09/22,0,"8,1",7
Tryp Valencia Feria,92852,NA,Valencia,1,1,€ 72,2019/09/21,2019/09/22,4,"8,4",7
B&B Hi Valencia Canovas,305349,NA,Valencia,1,1,€ 76,2019/09/21,2019/09/22,0,"8,4",7
Sol Playa,12656,NA,Valencia,1,1,€ 90,2019/09/21,2019/09/22,2,"8,3",7
Eurostars Gran Valencia,90484,NA,Valencia,1,1,€ 98,2019/09/21,2019/09/22,4,"8,4",7
Ramirez Flats & Bar,4124528,Apartahotel,Valencia,1,1,NA,2019/09/21,2019/09/22,0,"9,5",7
NH Valencia Las Ciencias,90725,NA,Valencia,1,1,€ 99,2019/09/21,2019/09/22,3,8,7
NH Ciudad de Valencia,90729,NA,Valencia,1,1,€ 106,2019/09/21,2019/09/22,3,"8,1",7
NH Valencia Las Artes,90731,NA,Valencia,1,1,€ 107,2019/09/21,2019/09/22,4,"8,4",7
Ilunion Aqua 3,92776,NA,Valencia,1,1,€ 107,2019/09/21,2019/09/22,3,"8,3",7
MD Modern Hotel - Jardines,305447,NA,Valencia,1,1,€ 109,2019/09/21,2019/09/22,1,"8,3",7
Zerka Centro,4425975,Apartamentos,Valencia,1,1,€ 114,2019/09/21,2019/09/22,0,"8,3",7
La seda stay,3335523,Apartamento,Valencia,1,1,NA,2019/09/21,2019/09/22,0,"9,7",7
NH Valencia Center,90727,NA,Valencia,1,1,€ 118,2019/09/21,2019/09/22,4,"8,3",7
Hotel Valencia Center,91285,NA,Valencia,1,1,€ 119,2019/09/21,2019/09/22,4,"8,4",7
Ilunion Valencia 4,754329,NA,Valencia,1,1,€ 121,2019/09/21,2019/09/22,4,"8,1",7
Primus Valencia,331871,NA,Valencia,1,1,€ 122,2019/09/21,2019/09/22,4,"8,3",7
Pension MonaLisa Luxury Suites,3834224,NA,Valencia,1,1,€ 130,2019/09/21,2019/09/22,0,"8,3",7
Silken Puerta Valencia,91182,NA,Valencia,1,1,€ 135,2019/09/21,2019/09/22,4,"8,3",7
United Colors of Apartments - Catedral,1301545,Apartamentos,Valencia,1,1,€ 142,2019/09/21,2019/09/22,0,"8,2",7
Eurostars Rey Don Jaime,91520,NA,Valencia,1,1,€ 143,2019/09/21,2019/09/22,4,"8,2",7
Hotel Medium Valencia,96838,NA,Valencia,1,1,€ 144,2019/09/21,2019/09/22,4,"8,1",7
Apartamentos Dormavalencia,4450983,Apartamentos,Valencia,1,1,€ 152,2019/09/21,2019/09/22,0,"8,4",7
Senator Parque Central Hotel,274963,NA,Valencia,1,1,€ 152,2019/09/21,2019/09/22,4,"8,1",7
Hotel Conqueridor,91047,NA,Valencia,1,1,€ 170,2019/09/21,2019/09/22,4,"8,4",7
NWT Central Station Apartments,3964093,Apartamento,Valencia,1,1,€ 209,2019/09/21,2019/09/22,0,"8,2",7
Casual de las Artes Valencia,538056,NA,Valencia,1,1,€ 261,2019/09/21,2019/09/22,3,"8,4",7
Habitación San Cayetano,4624401,NA,Valencia,1,1,€ 45,2019/09/21,2019/09/22,0,"7,7",7
Hospederia del Pilar,327766,NA,Valencia,1,1,€ 63,2019/09/21,2019/09/22,0,"7,9",7
Habitacion por dias Centro Valencia,3977106,NA,Valencia,1,1,€ 64,2019/09/21,2019/09/22,0,"7,9",7
Rooms Valencia Center,5507857,NA,Valencia,1,1,€ 65,2019/09/21,2019/09/22,0,"7,9",7
