name,propertyId,propertyType,city,rooms,days,price,checkIn,checkOut,stars,score,advance
Kirei Apartment San Agustin,1712323,Apartamentos,Valencia,1,1,€ 161,2019/10/17,2019/10/18,0,"6,1",30
RoomTuristValencia - Ruzafa,4608394,NA,Valencia,1,1,€ 25,2019/10/17,2019/10/18,0,"5,6",30
Olvida tu Reloj Montichelvo Apartment,3258095,Apartamento,Valencia,1,1,NA,2019/10/17,2019/10/18,0,"9,4",30
Ruzafa Guesthouse,2269176,NA,Valencia,1,1,€ 30,2019/10/17,2019/10/18,0,"5,6",30
Gon & Diego House,4899561,NA,Valencia,1,1,€ 40,2019/10/17,2019/10/18,0,"5,6",30
Oliver,4865093,NA,Valencia,1,1,€ 73,2019/10/17,2019/10/18,0,"5,8",30
Kirei Apartment Berlin,4504570,Apartamentos,Valencia,1,1,€ 103,2019/10/17,2019/10/18,0,"5,5",30
Valencia B&B,2658386,NA,Valencia,1,1,€ 129,2019/10/17,2019/10/18,0,"5,6",30
Kirei Apartment Portland,4276529,Apartamentos,Valencia,1,1,€ 200,2019/10/17,2019/10/18,0,"5,9",30
Valencia City Center New Apartments,1042326,Apartamentos,Valencia,1,1,NA,2019/10/17,2019/10/18,0,9,30
Guest House Torres de Quart,2275006,NA,Valencia,1,1,€ 30,2019/10/17,2019/10/18,0,"5,3",30
RoomTuristValencia Torres de Quart,4565643,NA,Valencia,1,1,€ 28,2019/10/17,2019/10/18,0,"4,5",30
Guesthouse Plaza de Toros,2985902,NA,Valencia,1,1,€ 33,2019/10/17,2019/10/18,0,"4,9",30
Guest House Duc de Gaeta,2275007,NA,Valencia,1,1,€ 34,2019/10/17,2019/10/18,0,"4,9",30
RoomTuristValencia RuzafaSumsi,4682802,NA,Valencia,1,1,€ 35,2019/10/17,2019/10/18,0,"4,6",30
Port of Valencia,3805735,Apartamento,Valencia,1,1,€ 79,2019/10/17,2019/10/18,0,"4,9",30
Apartamento centro frente a Torres de Serrano,3408067,Apartamento,Valencia,1,1,NA,2019/10/17,2019/10/18,0,"9,4",30
Malvarosa,3820590,Apartamento,Valencia,1,1,€ 90,2019/10/17,2019/10/18,0,"4,1",30
Constitucion Guesthouse,2985942,NA,Valencia,1,1,€ 30,2019/10/17,2019/10/18,0,"3,5",30
Apartamento Islas Canarias,2304086,Apartamento,Valencia,1,1,€ 62,2019/10/17,2019/10/18,0,"3,8",30
Habitación matrimonial,4696818,NA,Valencia,1,1,€ 37,2019/10/17,2019/10/18,0,,30
Bright room with trundle bed,5560260,NA,Valencia,1,1,€ 46,2019/10/17,2019/10/18,0,,30
Attic Rooms in Botánico,5522932,NA,Valencia,1,1,€ 48,2019/10/17,2019/10/18,0,,30
Casa Cosy,375456,Apartamentos,Valencia,1,1,NA,2019/10/17,2019/10/18,0,"9,4",30
Apartamentos Edificio Palomar,189277,Apartamentos,Valencia,1,1,€ 109,2019/10/17,2019/10/18,0,"9,2",30
BUBUSUITES by Bubuflats,2389776,NA,Valencia,1,1,€ 110,2019/10/17,2019/10/18,0,"9,3",30
City Center Atico 360,3025679,Apartamento,Valencia,1,1,NA,2019/10/17,2019/10/18,0,"9,5",30
Teixidors de Palomar,2639791,Apartamentos,Valencia,1,1,€ 115,2019/10/17,2019/10/18,0,"9,3",30
Habitación privada con baño privado a 300 metros de la playa.,5587588,NA,Valencia,1,1,€ 49,2019/10/17,2019/10/18,0,,30
Aventura Valencia 2,5604325,NA,Valencia,1,1,€ 50,2019/10/17,2019/10/18,0,,30
Rooms El Picolino,5326859,NA,Valencia,1,1,€ 52,2019/10/17,2019/10/18,0,,30
Hogar Dulce Hogar,5426607,NA,Valencia,1,1,€ 60,2019/10/17,2019/10/18,0,,30
One Shot Mercat 09,2274203,NA,Valencia,1,1,€ 116,2019/10/17,2019/10/18,4,"9,1",30
Apartamento Playa Wifi Gratis,3495634,Apartamento,Valencia,1,1,€ 120,2019/10/17,2019/10/18,0,"9,3",30
Sorolla Centro,90896,NA,Valencia,1,1,€ 121,2019/10/17,2019/10/18,3,"9,1",30
Apartments Welcome to Valencia Peset Aleixandre 69,4964856,Apartamento,Valencia,1,1,€ 122,2019/10/17,2019/10/18,0,"9,1",30
Mon Suites San Nicolas,4117225,Apartamentos,Valencia,1,1,€ 124,2019/10/17,2019/10/18,0,"9,2",30
Ayuntamiento Panoramic,3089239,Apartamento,Valencia,1,1,NA,2019/10/17,2019/10/18,0,"9,5",30
HQ Rooms Apartments San Vicente,2894429,Apartamentos,Valencia,1,1,€ 125,2019/10/17,2019/10/18,0,"9,2",30
Apartamento Ruzafa Centro I,2006333,Apartamento,Valencia,1,1,€ 127,2019/10/17,2019/10/18,0,"9,2",30
Live in Chianti Apartaments,2882632,Apartamentos,Valencia,1,1,€ 128,2019/10/17,2019/10/18,0,9,30
Apartamentos Valencia - Peset Aleixandre 135- FREE WI-FI,4262488,Apartamentos,Valencia,1,1,€ 128,2019/10/17,2019/10/18,0,9,30
LOFT apartamento duplex en Valencia con parking,5519008,Apartamento,Valencia,1,1,€ 65,2019/10/17,2019/10/18,0,,30
MD Design Hotel - Portal del Real,2391685,NA,Valencia,1,1,€ 128,2019/10/17,2019/10/18,2,"9,1",30
Mon Suites San Martin,2777545,Apartamentos,Valencia,1,1,€ 129,2019/10/17,2019/10/18,0,"9,4",30
Cool Loft Malvarrosa Beach,4309218,Apartamento,Valencia,1,1,NA,2019/10/17,2019/10/18,0,"9,6",30
OCEANOGRAFIC APARTMENT. PARKING. WI-FI,3107716,Apartamentos,Valencia,1,1,€ 130,2019/10/17,2019/10/18,0,9,30
Loft zona Pechina en Valencia centro,2524985,Apartamento,Valencia,1,1,€ 138,2019/10/17,2019/10/18,0,"9,2",30
MYR Hotel Plaza Mercado & Spa,1619029,Apartahotel,Valencia,1,1,€ 140,2019/10/17,2019/10/18,0,"9,2",30
Friendly Rentals Montaner Beach,2314997,Apartamento,Valencia,1,1,€ 145,2019/10/17,2019/10/18,0,9,30
Sweet Caroline Apartment,1811784,Apartamento,Valencia,1,1,€ 150,2019/10/17,2019/10/18,0,"9,2",30
ARENAS 2 APARTAMENT,2808815,Apartamento,Valencia,1,1,€ 150,2019/10/17,2019/10/18,0,9,30
Apartment Cabanyal,3172456,Apartamento,Valencia,1,1,NA,2019/10/17,2019/10/18,0,"9,7",30
Duplex en Blasco Ibáñez,3672426,Apartamento,Valencia,1,1,€ 155,2019/10/17,2019/10/18,0,"9,1",30
Edificio Pentagono,4673669,Apartamento,Valencia,1,1,€ 155,2019/10/17,2019/10/18,0,9,30
WeRentVLC Charming Ruzafa,2839319,Apartamento,Valencia,1,1,€ 170,2019/10/17,2019/10/18,0,"9,2",30
Jardines del Turia - Espacioso apartamento,2734126,Apartamento,Valencia,1,1,€ 170,2019/10/17,2019/10/18,0,"9,1",30
Zerka Sendra,4657122,Apartamento,Valencia,1,1,€ 179,2019/10/17,2019/10/18,0,9,30
Valencian Dreams,3268804,Apartamento,Valencia,1,1,€ 89,2019/10/17,2019/10/18,0,"9,8",30
Casa La Buhardilla,2985364,Apartamento,Valencia,1,1,€ 97,2019/10/17,2019/10/18,0,"9,6",30
VALENCIA APARTAMENTO GOYA,4256653,Apartamento,Valencia,1,1,NA,2019/10/17,2019/10/18,0,10,30
ÁTICO PTA 13 EN EL CENTRO DE VALENCIA VT-45727-T,4612077,Apartamento,Valencia,1,1,€ 100,2019/10/17,2019/10/18,0,"9,5",30
Nest Style Valencia -Nueva apertura-,5219046,NA,Valencia,1,1,€ 102,2019/10/17,2019/10/18,3,"9,6",30
Apartments Downtown Valencia,2250421,Apartamentos,Valencia,1,1,€ 105,2019/10/17,2019/10/18,0,"9,6",30
Opera House Valencia B&B,3533887,NA,Valencia,1,1,€ 120,2019/10/17,2019/10/18,0,"9,5",30
RUZAFA- CENTRO-A/C- WI-FI- PARKING,2885994,Apartamento,Valencia,1,1,€ 120,2019/10/17,2019/10/18,0,"9,7",30
15 Avinguda Mare Nostrum,4518973,Apartamento,Valencia,1,1,€ 120,2019/10/17,2019/10/18,0,"9,7",30
Apartamento Frederick “Centrico y con Clase”,4236394,Apartamento,Valencia,1,1,NA,2019/10/17,2019/10/18,0,"9,7",30
Ramirez Flats & Bar,4124528,Apartahotel,Valencia,1,1,€ 122,2019/10/17,2019/10/18,0,"9,5",30
Duplex+Swimming pool+private entrance=Housen of LOVE,2999152,Apartamento,Valencia,1,1,€ 125,2019/10/17,2019/10/18,0,"9,5",30
Barracart Apartments,2125836,Apartamentos,Valencia,1,1,€ 126,2019/10/17,2019/10/18,0,"9,6",30
Disfruta - Enjoy Valencia Oceanografic,4121345,Apartamento,Valencia,1,1,€ 145,2019/10/17,2019/10/18,0,"9,6",30
Disfruta - Enjoy Valencia Ruzafa,3890328,Apartamento,Valencia,1,1,€ 145,2019/10/17,2019/10/18,0,"9,7",30
Disfruta - Enjoy Valencia Centre,3881970,Apartamento,Valencia,1,1,€ 145,2019/10/17,2019/10/18,0,"9,8",30
BONNIES Suites & Spa Valencia,3631910,Apartamentos,Valencia,1,1,NA,2019/10/17,2019/10/18,0,"9,8",30
MARQUÉS HOUSE 4* SUP,2118880,NA,Valencia,1,1,€ 189,2019/10/17,2019/10/18,4,"9,5",30
MD PASEO RUZAFA CENTER,5374850,Apartamento,Valencia,1,1,€ 1.030,2019/10/17,2019/10/18,0,"9,5",30
Art&Flats Bed&Breakfast,5238345,NA,Valencia,1,1,€ 40,2019/10/17,2019/10/18,0,9,30
Cantagua Hostel,4074640,NA,Valencia,1,1,€ 43,2019/10/17,2019/10/18,0,"9,1",30
YOU & CO. Saler Beach Boutique,4533007,NA,Valencia,1,1,€ 55,2019/10/17,2019/10/18,3,"9,1",30
Habitación privada a 1500 metros de la playa,3789910,NA,Valencia,1,1,€ 60,2019/10/17,2019/10/18,0,"9,2",30
Central Park Apartment Valencia,3881533,Apartamento,Valencia,1,1,NA,2019/10/17,2019/10/18,0,"9,5",30
Blanq Comedias,4922002,NA,Valencia,1,1,€ 68,2019/10/17,2019/10/18,0,"9,1",30
Una Ubicacion Perfecta,3114164,Apartamentos,Valencia,1,1,€ 70,2019/10/17,2019/10/18,0,"9,1",30
Hostal Venecia,92883,NA,Valencia,1,1,€ 74,2019/10/17,2019/10/18,2,"9,1",30
Live in Chianti,2227491,NA,Valencia,1,1,€ 75,2019/10/17,2019/10/18,0,"9,1",30
Original Domino House,5434091,NA,Valencia,1,1,€ 75,2019/10/17,2019/10/18,0,"9,1",30
STYLISH APARTMENT - CITY CENTER,2861517,Apartamento,Valencia,1,1,€ 140,2019/10/17,2019/10/18,0,"7,8",30
Old Town Flats Casa Burguerini,4552106,Apartamentos,Valencia,1,1,€ 151,2019/10/17,2019/10/18,0,"7,7",30
MÍ casa YOUR HOME,3328967,Apartamento,Valencia,1,1,NA,2019/10/17,2019/10/18,0,"9,2",30
Friendly Rentals Danna,1634254,Apartamento,Valencia,1,1,€ 180,2019/10/17,2019/10/18,0,"7,8",30
Dreams Rental City Hall,337092,Apartamentos,Valencia,1,1,€ 280,2019/10/17,2019/10/18,0,"7,5",30
MD Art Apartment Ruzafa,2550955,Apartamento,Valencia,1,1,€ 313,2019/10/17,2019/10/18,0,"7,6",30
MD Pelayo with terrace,1979067,Apartamento,Valencia,1,1,€ 313,2019/10/17,2019/10/18,0,"7,8",30
MD Abastos Center,2551194,Apartamento,Valencia,1,1,€ 341,2019/10/17,2019/10/18,0,"7,7",30
MD Olivereta Apartment,3783665,Apartamento,Valencia,1,1,€ 400,2019/10/17,2019/10/18,0,"7,5",30
Palacio de Rojas,1073276,Apartamentos,Valencia,1,1,NA,2019/10/17,2019/10/18,0,"9,3",30
Guest House Samuel Ros,4161855,NA,Valencia,1,1,€ 30,2019/10/17,2019/10/18,0,"7,3",30
Hostal Waksman,281139,NA,Valencia,1,1,€ 35,2019/10/17,2019/10/18,1,"7,3",30
feliz como en casa,3676196,NA,Valencia,1,1,€ 36,2019/10/17,2019/10/18,0,"7,2",30
HOSPEDAJE PESET,4718074,NA,Valencia,1,1,€ 40,2019/10/17,2019/10/18,0,"7,3",30
Central Station Valencia Hostel,1647017,NA,Valencia,1,1,€ 48,2019/10/17,2019/10/18,0,"7,1",30
Centro Valencia Calle Cerrajeros,3476261,NA,Valencia,1,1,€ 50,2019/10/17,2019/10/18,0,"7,1",30
Piso céntrico Plaza Toros,2961063,Apartamento,Valencia,1,1,NA,2019/10/17,2019/10/18,0,"9,3",30
Sampedor Apartment,435662,Apartamentos,Valencia,1,1,€ 52,2019/10/17,2019/10/18,0,7,30
B&B El Mercat,2203530,NA,Valencia,1,1,€ 55,2019/10/17,2019/10/18,0,"7,3",30
La Flamenca,818359,NA,Valencia,1,1,€ 55,2019/10/17,2019/10/18,0,"7,2",30
Avenida del Cid (Centrico),4737683,Apartamento,Valencia,1,1,€ 56,2019/10/17,2019/10/18,0,"7,1",30
Hostal Residencial RR,450746,NA,Valencia,1,1,€ 58,2019/10/17,2019/10/18,0,7,30
HOSTAL BED OF THE SEA,3974636,NA,Valencia,1,1,€ 61,2019/10/17,2019/10/18,0,"7,1",30
Piso como en tu casa 2,3834617,Apartamentos,Valencia,1,1,NA,2019/10/17,2019/10/18,0,"9,2",30
Hostal la Barraca,350013,NA,Valencia,1,1,€ 65,2019/10/17,2019/10/18,0,"7,2",30
central station valencia,2414838,Apartamentos,Valencia,1,1,€ 65,2019/10/17,2019/10/18,0,7,30
Accommodation Beach Apartments,1001766,Apartamentos,Valencia,1,1,€ 69,2019/10/17,2019/10/18,0,"7,1",30
Apartment Horticultor Bosch,1148669,Apartamentos,Valencia,1,1,€ 70,2019/10/17,2019/10/18,0,"7,3",30
NWT Monserrat,3728842,Apartamentos,Valencia,1,1,€ 72,2019/10/17,2019/10/18,0,7,30
Vlc Apartaments el Carmen,389902,Apartamentos,Valencia,1,1,€ 214,2019/10/17,2019/10/18,0,"8,2",30
Malvarrosa Calle Pavia,3608764,Casa o chalet,Valencia,1,1,€ 271,2019/10/17,2019/10/18,0,8,30
Fun&Happy VLC Center,3542906,Apartamento,Valencia,1,1,NA,2019/10/17,2019/10/18,0,"9,2",30
NWT Central Station Apartments,3964093,Apartamento,Valencia,1,1,€ 300,2019/10/17,2019/10/18,0,"8,2",30
Musico Peydro Apartments,3765069,Apartamentos,Valencia,1,1,€ 313,2019/10/17,2019/10/18,0,8,30
MD Vila Barbera Apartment Center,1957253,Apartamento,Valencia,1,1,€ 400,2019/10/17,2019/10/18,0,"8,3",30
UP Hostel Valencia,1710137,NA,Valencia,1,1,€ 24,2019/10/17,2019/10/18,0,"7,8",30
Pensión Universal,304276,NA,Valencia,1,1,€ 29,2019/10/17,2019/10/18,0,"7,9",30
Hostal Moratin,326015,NA,Valencia,1,1,€ 33,2019/10/17,2019/10/18,1,"7,9",30
Canovas rooms,5296619,NA,Valencia,1,1,NA,2019/10/17,2019/10/18,0,"9,2",30
Apart and Benef,2291245,NA,Valencia,1,1,€ 34,2019/10/17,2019/10/18,0,"7,8",30
Habitación Céntrica en Casa de Familia,4289877,NA,Valencia,1,1,€ 35,2019/10/17,2019/10/18,0,"7,8",30
Habitaciones Barra89,1076252,NA,Valencia,1,1,€ 35,2019/10/17,2019/10/18,0,"7,8",30
Habitación San Cayetano,4624401,NA,Valencia,1,1,€ 40,2019/10/17,2019/10/18,0,"7,7",30
Hotel Beleret,94652,NA,Valencia,1,1,€ 41,2019/10/17,2019/10/18,3,"7,6",30
Voyagers Inn Homestay,2682156,NA,Valencia,1,1,€ 42,2019/10/17,2019/10/18,0,"7,8",30
Apartments Madrina,3278589,Apartamentos,Valencia,1,1,NA,2019/10/17,2019/10/18,0,9,30
Valencia City Host,1177077,NA,Valencia,1,1,€ 45,2019/10/17,2019/10/18,0,"7,8",30
Casual Civilizaciones Valencia,449777,NA,Valencia,1,1,€ 47,2019/10/17,2019/10/18,0,"7,9",30
Rooms Valencia Center,5507857,NA,Valencia,1,1,€ 49,2019/10/17,2019/10/18,0,"7,9",30
Valencia Lounge Hostel,337203,NA,Valencia,1,1,€ 50,2019/10/17,2019/10/18,0,"7,8",30
Apartamentos Adressadors,1743173,Apartamentos,Valencia,1,1,€ 50,2019/10/17,2019/10/18,0,"7,8",30
Apartamentos Abastos,1044426,Apartamentos,Valencia,1,1,€ 50,2019/10/17,2019/10/18,0,"7,6",30
Kasa Katia Eco Guest House,636256,NA,Valencia,1,1,NA,2019/10/17,2019/10/18,0,"9,4",30
Habitacion por dias Centro Valencia,3977106,NA,Valencia,1,1,€ 50,2019/10/17,2019/10/18,0,"7,9",30
Casual de la Música Valencia,273130,NA,Valencia,1,1,€ 51,2019/10/17,2019/10/18,2,"7,5",30
Patacona Resort Apartments,189782,Apartamentos,Valencia,1,1,€ 53,2019/10/17,2019/10/18,0,"7,8",30
Patacona Green Flats,292996,Apartamentos,Valencia,1,1,€ 54,2019/10/17,2019/10/18,0,"7,6",30
Centro & Viaje,4215175,NA,Valencia,1,1,€ 58,2019/10/17,2019/10/18,0,"7,6",30
Hotel Mediterraneo Valencia,92412,NA,Valencia,1,1,€ 123,2019/10/17,2019/10/18,3,"8,8",30
Friendly Rentals Schubert,1634221,Apartamentos,Valencia,1,1,€ 125,2019/10/17,2019/10/18,0,"8,9",30
Garden Turia Downtown,5201200,Apartamento,Valencia,1,1,NA,2019/10/17,2019/10/18,0,"9,9",30
Zenit Valencia,92327,NA,Valencia,1,1,€ 126,2019/10/17,2019/10/18,4,"8,8",30
Friendly Rentals Verdi 2,2523881,Apartamento,Valencia,1,1,€ 130,2019/10/17,2019/10/18,0,"8,8",30
FREE WI-FI. Apartamentos 90 м2 - Assutzena 5,4828764,Apartamento,Valencia,1,1,€ 134,2019/10/17,2019/10/18,0,"8,7",30
Friendly Rentals Soler,1634237,Apartamento,Valencia,1,1,€ 135,2019/10/17,2019/10/18,0,"8,6",30
Hotel El Siglo,1741479,NA,Valencia,1,1,€ 139,2019/10/17,2019/10/18,3,"8,5",30
Ilunion Aqua 4,92777,NA,Valencia,1,1,€ 141,2019/10/17,2019/10/18,4,"8,5",30
Preciosa Casita Cerca Del Mar,4057271,Apartamento,Valencia,1,1,NA,2019/10/17,2019/10/18,0,"9,7",30
Hotel Neptuno,91206,NA,Valencia,1,1,€ 144,2019/10/17,2019/10/18,4,"8,5",30
ValentiaApartments - MercadoCentral,4185241,Apartamentos,Valencia,1,1,€ 144,2019/10/17,2019/10/18,0,"8,8",30
Friendly Rentals Desplat,4120221,Apartamento,Valencia,1,1,€ 145,2019/10/17,2019/10/18,0,"8,5",30
Friendly Rentals Ferrero,2314984,Apartamento,Valencia,1,1,€ 150,2019/10/17,2019/10/18,0,"8,8",30
Petit Palace Plaza de la Reina,90443,NA,Valencia,1,1,€ 159,2019/10/17,2019/10/18,3,"8,7",30
Puerta de Serranos,2734333,Apartamentos,Valencia,1,1,€ 161,2019/10/17,2019/10/18,0,"8,8",30
City Valencia Beach 360,4504803,Apartamento,Valencia,1,1,NA,2019/10/17,2019/10/18,0,"9,6",30
Carrer de l'Escriptor Rafael Ferreres,4267645,Apartamento,Valencia,1,1,€ 70,2019/10/17,2019/10/18,0,"8,6",30
Valencia maritimo,3020748,Apartamento,Valencia,1,1,€ 70,2019/10/17,2019/10/18,0,"8,9",30
City Center Atico 360,3025679,Apartamento,Valencia,1,1,NA,2019/10/17,2019/10/18,0,"9,5",30
Casa del Patriarca,364834,NA,Valencia,1,1,€ 71,2019/10/17,2019/10/18,0,"8,9",30
SH Ingles Boutique Hotel,92956,NA,Valencia,1,1,€ 167,2019/10/17,2019/10/18,4,"8,5",30
Cathedral Suites Hotel,1736257,Apartahotel,Valencia,1,1,€ 169,2019/10/17,2019/10/18,4,"8,9",30
Canela`s Vintage Ruzafa Centro,4652584,Apartamento,Valencia,1,1,€ 170,2019/10/17,2019/10/18,0,"8,6",30
One Shot Palacio Reina Victoria 04,90885,NA,Valencia,1,1,€ 170,2019/10/17,2019/10/18,4,"8,6",30
Zalamera BnB,1331238,NA,Valencia,1,1,€ 73,2019/10/17,2019/10/18,0,"8,7",30
Burjassot Mestalla,3058627,Apartamento,Valencia,1,1,€ 75,2019/10/17,2019/10/18,0,"8,6",30
Casual del Cine Valencia,572187,NA,Valencia,1,1,€ 76,2019/10/17,2019/10/18,2,"8,6",30
Habitación doble,3599930,NA,Valencia,1,1,€ 76,2019/10/17,2019/10/18,0,"8,9",30
Pio XII Apartments Valencia,402080,Apartamentos,Valencia,1,1,€ 77,2019/10/17,2019/10/18,0,"8,5",30
Ayuntamiento Panoramic,3089239,Apartamento,Valencia,1,1,NA,2019/10/17,2019/10/18,0,"9,5",30
Hotel San Lorenzo Boutique,1307718,NA,Valencia,1,1,€ 77,2019/10/17,2019/10/18,3,"8,6",30
Buho House,3777691,Apartahotel,Valencia,1,1,€ 79,2019/10/17,2019/10/18,0,"8,5",30
Petit Palomar,2187491,Apartamentos,Valencia,1,1,€ 79,2019/10/17,2019/10/18,0,"8,9",30
Balandra Flat,2032624,Apartamento,Valencia,1,1,€ 79,2019/10/17,2019/10/18,0,"8,7",30
B&B Hi Valencia Boutique,1301725,NA,Valencia,1,1,€ 79,2019/10/17,2019/10/18,0,"8,7",30
Hotel Malcom and Barret,483261,NA,Valencia,1,1,€ 81,2019/10/17,2019/10/18,3,"8,7",30
Cool Loft Malvarrosa Beach,4309218,Apartamento,Valencia,1,1,NA,2019/10/17,2019/10/18,0,"9,6",30
Suites by Eric Olsan (Florista),4726450,Apartamentos,Valencia,1,1,€ 82,2019/10/17,2019/10/18,0,"8,6",30
Sercotel Sorolla Palace,93646,NA,Valencia,1,1,€ 84,2019/10/17,2019/10/18,4,"8,6",30
Friendly Rentals Rey,1634248,Apartamento,Valencia,1,1,€ 170,2019/10/17,2019/10/18,0,"8,9",30
Vincci Lys,91183,NA,Valencia,1,1,€ 208,2019/10/17,2019/10/18,4,"8,9",30
APARTMENTS VALENCIA CENTER,5180014,Apartamentos,Valencia,1,1,NA,2019/10/17,2019/10/18,0,"9,6",30
Vincci Palace,94163,NA,Valencia,1,1,€ 208,2019/10/17,2019/10/18,4,"8,6",30
Hotel Kramer,91106,NA,Valencia,1,1,€ 84,2019/10/17,2019/10/18,3,"8,8",30
Hotel Sercotel Acteón Valencia,90495,NA,Valencia,1,1,€ 84,2019/10/17,2019/10/18,4,"8,5",30
Melia Plaza Valencia,13270,NA,Valencia,1,1,€ 220,2019/10/17,2019/10/18,4,"8,9",30
AC Hotel Colon Valencia- a Marriott Lifestyle Hotel,1117150,NA,Valencia,1,1,€ 223,2019/10/17,2019/10/18,4,"8,7",30
SingularStays Parque Central,3054000,Apartamentos,Valencia,1,1,€ 269,2019/10/17,2019/10/18,0,"8,8",30
The Westin Valencia,93321,NA,Valencia,1,1,€ 272,2019/10/17,2019/10/18,5,"8,7",30
APARTAMENTO LAS MELLIZAS,4651578,NA,Valencia,1,1,€ 45,2019/10/17,2019/10/18,0,"8,5",30
Citizentral Gascons,332095,Apartamentos,Valencia,1,1,€ 90,2019/10/17,2019/10/18,0,"8,8",30
SH Valencia Palace,91497,NA,Valencia,1,1,€ 284,2019/10/17,2019/10/18,5,"8,5",30
La Casa Verde - Ruzafa,2029143,Apartamento,Valencia,1,1,NA,2019/10/17,2019/10/18,0,"9,7",30
Apartment Cabanyal,3172456,Apartamento,Valencia,1,1,NA,2019/10/17,2019/10/18,0,"9,7",30
Casa de Maria,2467712,Apartamento,Valencia,1,1,€ 90,2019/10/17,2019/10/18,0,"8,6",30
Valenciaflats Centro Histórico,94781,Apartamentos,Valencia,1,1,€ 91,2019/10/17,2019/10/18,0,"8,7",30
Hospes Palau de La Mar,93823,NA,Valencia,1,1,€ 346,2019/10/17,2019/10/18,5,"8,8",30
Center Valencia Youth Hostel,246931,NA,Valencia,1,1,€ 27,2019/10/17,2019/10/18,0,8,30
Habitacion Barata Valencia,3931013,NA,Valencia,1,1,€ 35,2019/10/17,2019/10/18,0,8,30
Habitación en piso compartido,5433175,NA,Valencia,1,1,€ 40,2019/10/17,2019/10/18,0,8,30
València Centre Torres de Quart,886289,Apartamentos,Valencia,1,1,€ 91,2019/10/17,2019/10/18,0,"8,9",30
Barceló Valencia,91988,NA,Valencia,1,1,€ 95,2019/10/17,2019/10/18,4,"8,7",30
BUBUFLATS Mossén,1141763,Apartamentos,Valencia,1,1,€ 95,2019/10/17,2019/10/18,0,"8,9",30
New Trendy apartment,2426154,Apartamento,Valencia,1,1,€ 95,2019/10/17,2019/10/18,0,"8,7",30
B&B Hi Valencia Canovas,305349,NA,Valencia,1,1,€ 42,2019/10/17,2019/10/18,0,"8,4",30
Habitacion en Valencia Barata,4861796,NA,Valencia,1,1,€ 45,2019/10/17,2019/10/18,0,"8,2",30
Apartamento Bolseria 28,881275,Apartamentos,Valencia,1,1,NA,2019/10/17,2019/10/18,0,"9,5",30
Rio Turia B&B,5531073,NA,Valencia,1,1,€ 48,2019/10/17,2019/10/18,0,8,30
PORT VALENCIA PLAYA,5259971,Apartamento,Valencia,1,1,NA,2019/10/17,2019/10/18,0,"9,8",30
Apartamentos Plaza Picasso,97063,Apartamentos,Valencia,1,1,€ 96,2019/10/17,2019/10/18,0,"8,5",30
Lotelito,570027,NA,Valencia,1,1,€ 97,2019/10/17,2019/10/18,0,"8,9",30
Melia Valencia,290493,NA,Valencia,1,1,€ 98,2019/10/17,2019/10/18,4,"8,8",30
Casa Mati,4217185,NA,Valencia,1,1,€ 50,2019/10/17,2019/10/18,0,"8,2",30
Urban Youth Hostel,1163025,NA,Valencia,1,1,€ 53,2019/10/17,2019/10/18,0,"8,4",30
Como en casa,4802186,NA,Valencia,1,1,€ 54,2019/10/17,2019/10/18,0,"8,1",30
Valencian Apartment,2298621,Apartamento,Valencia,1,1,€ 98,2019/10/17,2019/10/18,0,"8,9",30
El Palacete Gran Via,3483148,NA,Valencia,1,1,€ 99,2019/10/17,2019/10/18,0,"8,8",30
Biopark View Apartment,2381901,Apartamento,Valencia,1,1,€ 100,2019/10/17,2019/10/18,0,"8,9",30
Luxury Beach House,3602594,Casa o chalet,Valencia,1,1,NA,2019/10/17,2019/10/18,0,"9,7",30
Casual Vintage Valencia,1710241,NA,Valencia,1,1,€ 102,2019/10/17,2019/10/18,2,"8,6",30
Hotel Valencia Oceanic Managed by Melia Hotels International,91522,NA,Valencia,1,1,€ 103,2019/10/17,2019/10/18,4,"8,6",30
Pension MonaLisa Luxury Suites,3834224,NA,Valencia,1,1,€ 56,2019/10/17,2019/10/18,0,"8,3",30
Dormavalencia Hostel,249585,NA,Valencia,1,1,€ 57,2019/10/17,2019/10/18,1,"8,2",30
Dormavalencia Hostel Regne,291755,NA,Valencia,1,1,€ 58,2019/10/17,2019/10/18,1,8,30
Boutique Creative Rooms,2334726,NA,Valencia,1,1,€ 105,2019/10/17,2019/10/18,0,"8,7",30
One Shot Colón 46,1394168,NA,Valencia,1,1,€ 107,2019/10/17,2019/10/18,3,"8,7",30
Petit Palace Ruzafa,90792,NA,Valencia,1,1,€ 107,2019/10/17,2019/10/18,3,"8,7",30
Tryp Valencia Feria,92852,NA,Valencia,1,1,€ 59,2019/10/17,2019/10/18,4,"8,4",30
Red Nest Hostel,92283,NA,Valencia,1,1,€ 59,2019/10/17,2019/10/18,0,"8,2",30
Apartamentos Marina Beach,2661874,Apartamentos,Valencia,1,1,€ 60,2019/10/17,2019/10/18,0,"8,2",30
Perla Apartments,3146781,Apartamentos,Valencia,1,1,€ 108,2019/10/17,2019/10/18,0,"8,7",30
SKY TOURISTIC ATTIC,281640,Apartamentos,Valencia,1,1,€ 108,2019/10/17,2019/10/18,0,"8,5",30
Hotel Gabbeach,403586,NA,Valencia,1,1,€ 109,2019/10/17,2019/10/18,3,"8,5",30
Hostal Abastos,257057,NA,Valencia,1,1,€ 60,2019/10/17,2019/10/18,2,"8,2",30
Purple Nest Hostel,25278,NA,Valencia,1,1,€ 62,2019/10/17,2019/10/18,0,"8,1",30
Aparthotel Valencia Rental,17344,Apartahotel,Valencia,1,1,€ 63,2019/10/17,2019/10/18,0,8,30
L'Otelet By Sweet,1467935,NA,Valencia,1,1,€ 64,2019/10/17,2019/10/18,0,"8,3",30
City of Arts,3031480,Apartamento,Valencia,1,1,€ 110,2019/10/17,2019/10/18,0,"8,8",30
Ad Hoc Monumental,90719,NA,Valencia,1,1,€ 111,2019/10/17,2019/10/18,3,"8,6",30
Loft by the Beach,4441671,Apartamento,Valencia,1,1,€ 115,2019/10/17,2019/10/18,0,"8,5",30
Up Town,2244083,Apartamentos,Valencia,1,1,€ 64,2019/10/17,2019/10/18,0,"8,2",30
Reina 12,1684198,NA,Valencia,1,1,€ 64,2019/10/17,2019/10/18,0,"8,2",30
Hotel Alkazar,408511,NA,Valencia,1,1,€ 64,2019/10/17,2019/10/18,1,8,30
Down Town,1656378,Apartamentos,Valencia,1,1,€ 67,2019/10/17,2019/10/18,0,"8,3",30
Friendly Rentals Ravel I,1634234,Apartamento,Valencia,1,1,€ 115,2019/10/17,2019/10/18,0,"8,8",30
Apartamentos Valencia - Brazil 31 Free WiFi,4948554,Apartamento,Valencia,1,1,€ 118,2019/10/17,2019/10/18,0,"8,8",30
AC Hotel Valencia- a Marriott Lifestyle Hotel,91063,NA,Valencia,1,1,€ 119,2019/10/17,2019/10/18,4,"8,5",30
Jardín Botánico Hotel Boutique,93369,NA,Valencia,1,1,€ 119,2019/10/17,2019/10/18,3,"8,9",30
Catalonia Excelsior,90578,NA,Valencia,1,1,€ 120,2019/10/17,2019/10/18,3,"8,7",30
Coroa Malvarrosa,1638172,Apartamentos,Valencia,1,1,€ 67,2019/10/17,2019/10/18,0,"8,2",30
City Suites Apartments,3091106,NA,Valencia,1,1,€ 70,2019/10/17,2019/10/18,0,"8,4",30
Stylish newly renovated in great location /WIFI,3661070,Apartamento,Valencia,1,1,€ 122,2019/10/17,2019/10/18,0,"8,6",30
Isabel,4442066,Apartamento,Valencia,1,1,€ 122,2019/10/17,2019/10/18,0,"8,6",30
APARTAMENTO DE DISEÑO EN PLAZA MANISES,2823390,Apartamento,Valencia,1,1,NA,2019/10/17,2019/10/18,0,"9,7",30
Hotel Olympia Universidades,1301731,NA,Valencia,1,1,€ 71,2019/10/17,2019/10/18,3,"8,4",30
NH Ciudad de Valencia,90729,NA,Valencia,1,1,€ 71,2019/10/17,2019/10/18,3,"8,1",30
Eurostars Gran Valencia,90484,NA,Valencia,1,1,€ 71,2019/10/17,2019/10/18,4,"8,4",30
United Colors of Apartments - Catedral,1301545,Apartamentos,Valencia,1,1,€ 74,2019/10/17,2019/10/18,0,"8,2",30
Style Apartments Puerto,1558265,Apartamentos,Valencia,1,1,€ 77,2019/10/17,2019/10/18,0,"8,1",30
SHF Flats Baron,1033085,Apartamentos,Valencia,1,1,€ 80,2019/10/17,2019/10/18,0,8,30
Valencia what else...,2550483,Apartamento,Valencia,1,1,NA,2019/10/17,2019/10/18,0,"9,5",30
Apartment Vicent,1674495,Apartamentos,Valencia,1,1,€ 80,2019/10/17,2019/10/18,0,"8,3",30
Senator Parque Central Hotel,274963,NA,Valencia,1,1,€ 85,2019/10/17,2019/10/18,4,"8,1",30
Ilunion Aqua 3,92776,NA,Valencia,1,1,€ 87,2019/10/17,2019/10/18,3,"8,3",30
Sweet Hotel Renasa,274818,NA,Valencia,1,1,€ 89,2019/10/17,2019/10/18,3,8,30
Sweet Hotel Continental,93856,NA,Valencia,1,1,€ 89,2019/10/17,2019/10/18,2,"8,3",30
NH Valencia Las Ciencias,90725,NA,Valencia,1,1,€ 89,2019/10/17,2019/10/18,3,8,30
Valencia Just in the Middle,2965508,Apartamento,Valencia,1,1,NA,2019/10/17,2019/10/18,0,"9,9",30
Living Valencia -Correos,3062274,Apartamentos,Valencia,1,1,€ 90,2019/10/17,2019/10/18,0,"8,3",30
El Coso,14580,NA,Valencia,1,1,€ 90,2019/10/17,2019/10/18,3,"8,2",30
MD Modern Hotel - Jardines,305447,NA,Valencia,1,1,€ 90,2019/10/17,2019/10/18,1,"8,3",30
Holiday Inn Express Ciudad de las Ciencias,96737,NA,Valencia,1,1,€ 91,2019/10/17,2019/10/18,3,8,30
Hotel Valencia Center,91285,NA,Valencia,1,1,€ 94,2019/10/17,2019/10/18,4,"8,4",30
Sol Playa,12656,NA,Valencia,1,1,€ 97,2019/10/17,2019/10/18,2,"8,3",30
Apartment Cisneros 2,2361375,Apartamento,Valencia,1,1,NA,2019/10/17,2019/10/18,0,"9,7",30
Hotel Miramar,23332,NA,Valencia,1,1,€ 99,2019/10/17,2019/10/18,2,"8,4",30
Silken Puerta Valencia,91182,NA,Valencia,1,1,€ 99,2019/10/17,2019/10/18,4,"8,3",30
Apartamento Privado Próximo a Playa y Ciencias,3783163,Apartamento,Valencia,1,1,€ 100,2019/10/17,2019/10/18,0,"8,2",30
NH Valencia Las Artes,90731,NA,Valencia,1,1,€ 100,2019/10/17,2019/10/18,4,"8,4",30
Plaza Del Carmen,1737254,Apartamento,Valencia,1,1,€ 100,2019/10/17,2019/10/18,0,8,30
Valenciaflats Torres de Serrano,17468,Apartamentos,Valencia,1,1,€ 101,2019/10/17,2019/10/18,0,"8,3",30
Centro en Valencia,2885222,Apartamento,Valencia,1,1,NA,2019/10/17,2019/10/18,0,"9,5",30
Apartamento Plaza Sainetero,2743838,Apartamento,Valencia,1,1,€ 102,2019/10/17,2019/10/18,0,"8,2",30
Casual de las Artes Valencia,538056,NA,Valencia,1,1,€ 102,2019/10/17,2019/10/18,3,"8,4",30
Reina's Apartment,2130930,Apartamentos,Valencia,1,1,€ 103,2019/10/17,2019/10/18,0,"8,3",30
Hotel Medium Valencia,96838,NA,Valencia,1,1,€ 108,2019/10/17,2019/10/18,4,"8,2",30
NH Valencia Center,90727,NA,Valencia,1,1,€ 108,2019/10/17,2019/10/18,4,"8,3",30
Atico Duplex en el Carmen,2954876,Apartamento,Valencia,1,1,€ 111,2019/10/17,2019/10/18,0,"8,4",30
Apartment Plaza Cisneros,1273377,Apartamentos,Valencia,1,1,NA,2019/10/17,2019/10/18,0,"9,8",30
Ilunion Valencia 4,754329,NA,Valencia,1,1,€ 114,2019/10/17,2019/10/18,4,"8,1",30
Friendly Rentals Puerto Deportivo,2317861,Apartamentos,Valencia,1,1,€ 115,2019/10/17,2019/10/18,0,"8,2",30
Eurostars Rey Don Jaime,91520,NA,Valencia,1,1,€ 116,2019/10/17,2019/10/18,4,"8,2",30
Apartamentos Sollana 18 Cerca de les Arts i les Ciencies Valencia- FREE WI-FI,5232423,Apartamento,Valencia,1,1,€ 119,2019/10/17,2019/10/18,0,"8,1",30
Welcome Platanos 13 Valencia Beautiful apartments with terrace,5095795,Apartamento,Valencia,1,1,€ 119,2019/10/17,2019/10/18,0,"8,1",30
Hotel Conqueridor,91047,NA,Valencia,1,1,€ 126,2019/10/17,2019/10/18,4,"8,4",30
Patacona Beach Apartment,4533678,Apartamento,Valencia,1,1,€ 126,2019/10/17,2019/10/18,0,"8,3",30
Zerka Centro,4425975,Apartamentos,Valencia,1,1,€ 129,2019/10/17,2019/10/18,0,"8,3",30
Apartamento frente al mar,3060802,Apartamento,Valencia,1,1,€ 130,2019/10/17,2019/10/18,0,"8,4",30
Friendly Rentals Gimenez,1634242,Apartamento,Valencia,1,1,€ 140,2019/10/17,2019/10/18,0,"8,3",30
Apartamento Gran Vía Marqués del Turia,2358973,Apartamento,Valencia,1,1,€ 144,2019/10/17,2019/10/18,0,"8,4",30
Apartamento Obispo don Jerónimo,2079020,Apartamento,Valencia,1,1,€ 144,2019/10/17,2019/10/18,0,"8,2",30
Friendly Rentals Verdi,1634232,Apartamento,Valencia,1,1,€ 145,2019/10/17,2019/10/18,0,"8,2",30
Friendly Rentals Telemann,1634241,Apartamento,Valencia,1,1,€ 150,2019/10/17,2019/10/18,0,"8,1",30
Friendly rentals Enesco Beach,2526514,Apartamento,Valencia,1,1,€ 155,2019/10/17,2019/10/18,0,8,30
Primus Valencia,331871,NA,Valencia,1,1,€ 158,2019/10/17,2019/10/18,4,"8,3",30
Loft el Carmen amazing views,4932621,Apartamento,Valencia,1,1,€ 172,2019/10/17,2019/10/18,0,"8,1",30
Friendly Rentals Evans,1634220,Apartamentos,Valencia,1,1,€ 175,2019/10/17,2019/10/18,0,"8,4",30
