name,propertyId,propertyType,city,rooms,days,price,checkIn,checkOut,stars,score,advance
RUZAFA. Nice apartment and Terrace.,4368595,Apartamento,Valencia,1,1,€ 88,2019/11/05,2019/11/06,0,"9,3",60
Apartamento cerca de la Playa y el Centro,2620264,Apartamento,Valencia,1,1,€ 88,2019/11/05,2019/11/06,0,9,60
Piso en Malvarrosa,2445244,Apartamentos,Valencia,1,1,NA,2019/11/05,2019/11/06,0,9,60
Magnífico Adosado- cerca de Valencia ciudad- en zona de montaña y playa fluvial,5354233,Casa o chalet,Valencia,1,1,€ 90,2019/11/05,2019/11/06,0,"9,4",60
Turia Burjassot 12,3237353,Apartamento,Valencia,1,1,€ 90,2019/11/05,2019/11/06,0,9,60
Dolz Garden Ruzafa,1123993,Apartamentos,Valencia,1,1,€ 90,2019/11/05,2019/11/06,0,"9,2",60
Olvida tu Reloj Montichelvo Apartment,3258095,Apartamento,Valencia,1,1,€ 91,2019/11/05,2019/11/06,0,"9,4",60
Olvida tu Reloj Congresos Apartment,2448036,Apartamento,Valencia,1,1,€ 91,2019/11/05,2019/11/06,0,"9,2",60
Center City Flats,861452,Apartamentos,Valencia,1,1,€ 94,2019/11/05,2019/11/06,0,"9,1",60
Calle Mora De Rubielos,2854363,Apartamento,Valencia,1,1,NA,2019/11/05,2019/11/06,0,"9,4",60
Mon Suites Catedral,485679,Apartamentos,Valencia,1,1,€ 94,2019/11/05,2019/11/06,0,"9,2",60
Casual Socarrat Valencia,5142800,NA,Valencia,1,1,€ 95,2019/11/05,2019/11/06,3,"9,3",60
Calle de Frederica Montseny 'Política' Casa o chalet,5152866,Casa o chalet,Valencia,1,1,€ 95,2019/11/05,2019/11/06,0,"9,4",60
MYR Hotel Plaza Mercado & Spa,1619029,Apartahotel,Valencia,1,1,€ 100,2019/11/05,2019/11/06,0,"9,2",60
Piso como en tu casa 2,3834617,Apartamentos,Valencia,1,1,€ 101,2019/11/05,2019/11/06,0,"9,1",60
Apartamentos La más Bonita,2816245,Apartamentos,Valencia,1,1,€ 104,2019/11/05,2019/11/06,0,"9,1",60
Vivaldi Penthouse Ayuntamiento,1289561,Apartamento,Valencia,1,1,NA,2019/11/05,2019/11/06,0,"9,2",60
MOM La Punta,3105661,NA,Valencia,1,1,€ 104,2019/11/05,2019/11/06,0,"9,4",60
Central Station Valencia Hostel,1647017,NA,Valencia,1,1,€ 43,2019/11/05,2019/11/06,0,"7,1",60
Sampedor Apartment,435662,Apartamentos,Valencia,1,1,€ 49,2019/11/05,2019/11/06,0,7,60
Centro Valencia Calle Cerrajeros,3476261,NA,Valencia,1,1,€ 50,2019/11/05,2019/11/06,0,"7,1",60
Plaza Redonda house.,4399973,NA,Valencia,1,1,€ 58,2019/11/05,2019/11/06,0,"7,4",60
HOSTAL BED OF THE SEA,3974636,NA,Valencia,1,1,€ 61,2019/11/05,2019/11/06,0,"7,1",60
Cosy Rooms Embajador,369728,NA,Valencia,1,1,€ 61,2019/11/05,2019/11/06,2,"7,4",60
Cosy Rooms Bolsería,371606,NA,Valencia,1,1,€ 61,2019/11/05,2019/11/06,2,"7,4",60
NWT Monserrat,3728842,Apartamentos,Valencia,1,1,€ 64,2019/11/05,2019/11/06,0,7,60
Beautiful early 20th century room,3563293,NA,Valencia,1,1,€ 64,2019/11/05,2019/11/06,0,"7,3",60
Accommodation Beach Apartments,1001766,Apartamentos,Valencia,1,1,€ 64,2019/11/05,2019/11/06,0,"7,1",60
Malvarrosa Beach Rooms,314048,NA,Valencia,1,1,€ 68,2019/11/05,2019/11/06,2,"7,1",60
SHF Sevilla Loft,850157,Apartamentos,Valencia,1,1,€ 70,2019/11/05,2019/11/06,0,"7,4",60
Almiserat,3054886,Apartamento,Valencia,1,1,€ 70,2019/11/05,2019/11/06,0,"7,1",60
Apartment Horticultor Bosch,1148669,Apartamentos,Valencia,1,1,€ 70,2019/11/05,2019/11/06,0,"7,3",60
Apartments Calle Padre Damian,4523326,Apartamentos,Valencia,1,1,€ 80,2019/11/05,2019/11/06,0,"7,2",60
Guest House Torres de Quart,2275006,NA,Valencia,1,1,€ 30,2019/11/05,2019/11/06,0,"5,3",60
RoomTuristValencia Torres de Quart,4565643,NA,Valencia,1,1,€ 25,2019/11/05,2019/11/06,0,"4,5",60
SingularStays Guillem de Castro,1182220,Apartamento,Valencia,1,1,NA,2019/11/05,2019/11/06,0,"8,5",60
RoomTuristValencia RuzafaSumsi,4682802,NA,Valencia,1,1,€ 35,2019/11/05,2019/11/06,0,"4,6",60
Port of Valencia,3805735,Apartamento,Valencia,1,1,€ 79,2019/11/05,2019/11/06,0,"4,9",60
Vincci Palace,94163,NA,Valencia,1,1,€ 194,2019/11/05,2019/11/06,4,"8,6",60
Carlos & Ana,2079019,Apartamento,Valencia,1,1,€ 195,2019/11/05,2019/11/06,0,"8,9",60
Hulot B&B Valencia,585429,NA,Valencia,1,1,NA,2019/11/05,2019/11/06,0,"8,5",60
AC Hotel Colon Valencia- a Marriott Lifestyle Hotel,1117150,NA,Valencia,1,1,€ 198,2019/11/05,2019/11/06,4,"8,7",60
Canela`s Vintage Ruzafa Centro,4652584,Apartamento,Valencia,1,1,€ 200,2019/11/05,2019/11/06,0,"8,5",60
Exclusive Beach Apartment,4641691,Apartamento,Valencia,1,1,€ 205,2019/11/05,2019/11/06,0,"8,9",60
Hotel Neptuno,91206,NA,Valencia,1,1,€ 216,2019/11/05,2019/11/06,4,"8,5",60
Vincci Lys,91183,NA,Valencia,1,1,€ 220,2019/11/05,2019/11/06,4,"8,9",60
Casa de Vacaciones Pintor Vilar,2093863,Apartamento,Valencia,1,1,€ 222,2019/11/05,2019/11/06,0,"8,9",60
Apartamento Jesus De Medinaceli,1728697,Apartamentos,Valencia,1,1,NA,2019/11/05,2019/11/06,0,"8,5",60
Ca Carmela,2466364,Casa o chalet,Valencia,1,1,€ 225,2019/11/05,2019/11/06,0,"8,9",60
Malvarosa,3820590,Apartamento,Valencia,1,1,€ 190,2019/11/05,2019/11/06,0,4,60
Apartamento Islas Canarias,2304086,Apartamento,Valencia,1,1,€ 62,2019/11/05,2019/11/06,0,"3,8",60
Rio Turia B&B,5531073,NA,Valencia,1,1,€ 48,2019/11/05,2019/11/06,0,,60
Florista's Rooms en Valencia,5502152,NA,Valencia,1,1,€ 48,2019/11/05,2019/11/06,0,,60
Biopark View Apartment,2381901,Apartamento,Valencia,1,1,NA,2019/11/05,2019/11/06,0,"8,9",60
SingularStays Parque Central,3054000,Apartamentos,Valencia,1,1,€ 257,2019/11/05,2019/11/06,0,"8,8",60
Cathedral Suites Hotel,1736257,Apartahotel,Valencia,1,1,€ 288,2019/11/05,2019/11/06,4,"8,9",60
The Westin Valencia,93321,NA,Valencia,1,1,€ 297,2019/11/05,2019/11/06,5,"8,7",60
Center Valencia Youth Hostel,246931,NA,Valencia,1,1,€ 19,2019/11/05,2019/11/06,0,8,60
Habitación en valencia centro,5418023,NA,Valencia,1,1,€ 35,2019/11/05,2019/11/06,0,"8,1",60
Plaza Sainetero Arniches,3984774,Apartamento,Valencia,1,1,NA,2019/11/05,2019/11/06,0,"8,5",60
B&B Hi Valencia Canovas,305349,NA,Valencia,1,1,€ 38,2019/11/05,2019/11/06,0,"8,4",60
Habitación en piso compartido,5433175,NA,Valencia,1,1,€ 40,2019/11/05,2019/11/06,0,8,60
Purple Nest Hostel,25278,NA,Valencia,1,1,€ 43,2019/11/05,2019/11/06,0,"8,1",60
Hostal Abastos,257057,NA,Valencia,1,1,€ 45,2019/11/05,2019/11/06,2,"8,2",60
Habitacion en Valencia Barata,4861796,NA,Valencia,1,1,€ 45,2019/11/05,2019/11/06,0,"8,2",60
Bright room with trundle bed,5560260,NA,Valencia,1,1,€ 51,2019/11/05,2019/11/06,0,,60
Rooms El Picolino,5326859,NA,Valencia,1,1,€ 55,2019/11/05,2019/11/06,0,,60
Aventura,5567318,Apartamento,Valencia,1,1,€ 58,2019/11/05,2019/11/06,0,,60
LOFT apartamento duplex en Valencia con parking,5519008,Apartamento,Valencia,1,1,€ 60,2019/11/05,2019/11/06,0,,60
Hogar Dulce Hogar,5426607,NA,Valencia,1,1,€ 60,2019/11/05,2019/11/06,0,,60
Style Apartments Puerto,1558265,Apartamentos,Valencia,1,1,€ 45,2019/11/05,2019/11/06,0,"8,1",60
vosotros sereis parte de mi familia.,5299568,NA,Valencia,1,1,€ 60,2019/11/05,2019/11/06,0,,60
Apartamento abuhardillado,2807651,Apartamento,Valencia,1,1,NA,2019/11/05,2019/11/06,0,"8,9",60
Bonito Apartamento- confortable y bien comunicado,5572090,Apartamento,Valencia,1,1,€ 64,2019/11/05,2019/11/06,0,,60
Petxina78 Valencia,5503912,Apartamento,Valencia,1,1,€ 70,2019/11/05,2019/11/06,0,,60
Mi casa es vuestra casa,4967097,NA,Valencia,1,1,€ 70,2019/11/05,2019/11/06,0,,60
Habitación en Valencia,5477394,NA,Valencia,1,1,€ 72,2019/11/05,2019/11/06,0,,60
Brugada home,5259150,NA,Valencia,1,1,€ 75,2019/11/05,2019/11/06,0,,60
Original Domino House,5434091,NA,Valencia,1,1,€ 75,2019/11/05,2019/11/06,0,,60
Luminoso y renovado en Universidad- paseo al mar,4143355,Apartamento,Valencia,1,1,NA,2019/11/05,2019/11/06,0,"8,9",60
Loft Turia Gran,5133726,Apartamento,Valencia,1,1,€ 80,2019/11/05,2019/11/06,0,,60
Habitación en casa particular,5500863,NA,Valencia,1,1,€ 80,2019/11/05,2019/11/06,0,,60
Apartments Sollana Near the Turia Park Valencia,5546417,Apartamento,Valencia,1,1,€ 85,2019/11/05,2019/11/06,0,,60
Kirei Apartment Dublin,4639542,Apartamento,Valencia,1,1,€ 96,2019/11/05,2019/11/06,0,,60
Apartamento Centrico Y Muy Bien Ubicado,4800241,Apartamento,Valencia,1,1,€ 101,2019/11/05,2019/11/06,0,,60
Arena's Apartament,2156905,Apartamento,Valencia,1,1,€ 170,2019/11/05,2019/11/06,0,"9,1",60
WeRentVLC Charming Ruzafa,2839319,Apartamento,Valencia,1,1,€ 170,2019/11/05,2019/11/06,0,"9,2",60
Total Valencia Lonja,2263771,Apartamento,Valencia,1,1,NA,2019/11/05,2019/11/06,0,"9,2",60
Jardines del Turia - Espacioso apartamento,2734126,Apartamento,Valencia,1,1,€ 170,2019/11/05,2019/11/06,0,"9,1",60
Zerka Sendra,4657122,Apartamento,Valencia,1,1,€ 179,2019/11/05,2019/11/06,0,9,60
Loft Superior el Carmen,2784473,Apartamento,Valencia,1,1,€ 209,2019/11/05,2019/11/06,0,"9,3",60
Comfort Homestay,5423155,NA,Valencia,1,1,€ 105,2019/11/05,2019/11/06,0,,60
La Roqueta,2652492,Apartamento,Valencia,1,1,NA,2019/11/05,2019/11/06,0,"8,7",60
Casa Adosada Quintero,5481770,Casa o chalet,Valencia,1,1,€ 109,2019/11/05,2019/11/06,0,,60
Apartamentos Artesa 22 Valencia,5546723,Apartamento,Valencia,1,1,€ 112,2019/11/05,2019/11/06,0,,60
RAVALENCIA 4,3377937,Apartamento,Valencia,1,1,€ 124,2019/11/05,2019/11/06,0,,60
"Flat ""Ca Alexandre""",3687859,Apartamento,Valencia,1,1,€ 240,2019/11/05,2019/11/06,0,,60
Vincci Mercat,1279484,NA,Valencia,1,1,€ 229,2019/11/05,2019/11/06,4,9,60
Caro Hotel,348132,NA,Valencia,1,1,€ 229,2019/11/05,2019/11/06,5,"9,2",60
MD Julio Antonio Apartment Center,3961049,Apartamento,Valencia,1,1,€ 268,2019/11/05,2019/11/06,0,"9,3",60
Hi Valencia Apartments - Jorge Juan,2373701,Apartamento,Valencia,1,1,NA,2019/11/05,2019/11/06,0,"9,4",60
Apartamento con terraza,5238122,Apartahotel,Valencia,1,1,€ 240,2019/11/05,2019/11/06,0,,60
Apartment Carrer de Don Juan de Austria,5464038,Apartamentos,Valencia,1,1,€ 275,2019/11/05,2019/11/06,0,,60
Victoria Site @ Mercat Central,1958462,Apartamentos,Valencia,1,1,NA,2019/11/05,2019/11/06,0,"8,6",60
Governor Residence,3799760,Apartahotel,Valencia,1,1,€ 600,2019/11/05,2019/11/06,0,,60
Old Fisherman's House in Malvarrosa Beach,3618172,Apartamento,Valencia,1,1,€ 360,2019/11/05,2019/11/06,0,"9,4",60
The River Hostel,494202,NA,Valencia,1,1,€ 22,2019/11/05,2019/11/06,0,"8,5",60
UNIK. Apartments Valencia,2241282,Apartamentos,Valencia,1,1,€ 42,2019/11/05,2019/11/06,0,"8,5",60
Russafa Youth Hostel,345134,NA,Valencia,1,1,€ 44,2019/11/05,2019/11/06,0,"8,6",60
B&B Almirante,369695,NA,Valencia,1,1,€ 48,2019/11/05,2019/11/06,1,"8,8",60
Adrian's House,2271869,NA,Valencia,1,1,€ 40,2019/11/05,2019/11/06,0,"7,8",60
Habitación San Cayetano,4624401,NA,Valencia,1,1,€ 40,2019/11/05,2019/11/06,0,"7,7",60
Flats Friends Tetuan,621683,Apartamentos,Valencia,1,1,NA,2019/11/05,2019/11/06,0,"8,4",60
Hotel Beleret,94652,NA,Valencia,1,1,€ 42,2019/11/05,2019/11/06,3,"7,6",60
Apartamentos Plaza Picasso,97063,Apartamentos,Valencia,1,1,€ 48,2019/11/05,2019/11/06,0,"8,5",60
La Morella del Carmen,5188541,Apartamento,Valencia,1,1,NA,2019/11/05,2019/11/06,0,"9,4",60
Zalamera BnB,1331238,NA,Valencia,1,1,€ 49,2019/11/05,2019/11/06,0,"8,7",60
Pio XII Apartments Valencia,402080,Apartamentos,Valencia,1,1,€ 51,2019/11/05,2019/11/06,0,"8,5",60
Balcón Al Mar,295109,NA,Valencia,1,1,€ 53,2019/11/05,2019/11/06,0,"8,5",60
Voyagers Inn Homestay,2682156,NA,Valencia,1,1,€ 43,2019/11/05,2019/11/06,0,"7,8",60
Valencia City Host,1177077,NA,Valencia,1,1,€ 44,2019/11/05,2019/11/06,0,"7,8",60
Patacona Green Flats,292996,Apartamentos,Valencia,1,1,€ 45,2019/11/05,2019/11/06,0,"7,6",60
Turia Town,4064373,Apartamentos,Valencia,1,1,€ 53,2019/11/05,2019/11/06,0,"8,8",60
Namaste Rooms,3799642,NA,Valencia,1,1,€ 55,2019/11/05,2019/11/06,0,"8,7",60
Casa del Patriarca,364834,NA,Valencia,1,1,€ 57,2019/11/05,2019/11/06,0,"8,9",60
Moderno apartamento cerca del casco antiguo,5059456,Apartamento,Valencia,1,1,NA,2019/11/05,2019/11/06,0,"9,1",60
Atico Ciutat Vella,3446230,Apartamentos,Valencia,1,1,€ 75,2019/11/05,2019/11/06,0,"8,4",60
Hotel Sercotel Acteón Valencia,90495,NA,Valencia,1,1,€ 59,2019/11/05,2019/11/06,4,"8,5",60
Petit Palomar,2187491,Apartamentos,Valencia,1,1,€ 59,2019/11/05,2019/11/06,0,"8,9",60
Jardín Botánico Hotel Boutique,93369,NA,Valencia,1,1,€ 62,2019/11/05,2019/11/06,3,"8,9",60
Casual Civilizaciones Valencia,449777,NA,Valencia,1,1,€ 47,2019/11/05,2019/11/06,0,"7,9",60
Patacona Resort Apartments,189782,Apartamentos,Valencia,1,1,€ 48,2019/11/05,2019/11/06,0,"7,8",60
Flats Friends Nave,2861620,Apartamentos,Valencia,1,1,NA,2019/11/05,2019/11/06,0,"8,4",60
Expo Hotel Valencia,91223,NA,Valencia,1,1,€ 49,2019/11/05,2019/11/06,3,"7,6",60
Host & Home,1663785,NA,Valencia,1,1,€ 63,2019/11/05,2019/11/06,0,"8,9",60
València Centre Torres de Quart,886289,Apartamentos,Valencia,1,1,€ 64,2019/11/05,2019/11/06,0,"8,9",60
Nanit Valencia Hostel,3913497,NA,Valencia,1,1,€ 75,2019/11/05,2019/11/06,0,"8,3",60
Hulot B&B Valencia,585429,NA,Valencia,1,1,NA,2019/11/05,2019/11/06,0,"8,5",60
Apartment Vicent,1674495,Apartamentos,Valencia,1,1,€ 75,2019/11/05,2019/11/06,0,"8,3",60
Ático cerca del mar,4040503,Apartamento,Valencia,1,1,€ 75,2019/11/05,2019/11/06,0,"8,3",60
Dormavalencia Hostel Regne,291755,NA,Valencia,1,1,€ 82,2019/11/05,2019/11/06,1,8,60
Ilunion Aqua 3,92776,NA,Valencia,1,1,€ 83,2019/11/05,2019/11/06,3,"8,3",60
Preciosos Apartamentos en el Carmen,2918345,Apartamentos,Valencia,1,1,€ 88,2019/11/05,2019/11/06,0,"8,2",60
NH Valencia Center,90727,NA,Valencia,1,1,€ 89,2019/11/05,2019/11/06,4,"8,3",60
Apartamento Jesus De Medinaceli,1728697,Apartamentos,Valencia,1,1,NA,2019/11/05,2019/11/06,0,"8,5",60
Apartamento Plaza Sainetero,2743838,Apartamento,Valencia,1,1,€ 93,2019/11/05,2019/11/06,0,"8,2",60
Reina's Apartment,2130930,Apartamentos,Valencia,1,1,€ 94,2019/11/05,2019/11/06,0,"8,4",60
Eurostars Gran Valencia,90484,NA,Valencia,1,1,€ 95,2019/11/05,2019/11/06,4,"8,4",60
MD Modern Hotel - Jardines,305447,NA,Valencia,1,1,€ 96,2019/11/05,2019/11/06,1,"8,2",60
Casual de la Música Valencia,273130,NA,Valencia,1,1,€ 49,2019/11/05,2019/11/06,2,"7,5",60
Apartamentos Abastos,1044426,Apartamentos,Valencia,1,1,€ 50,2019/11/05,2019/11/06,0,"7,5",60
Habitacion PLaza Ayuntamiento,4365340,NA,Valencia,1,1,€ 50,2019/11/05,2019/11/06,0,"7,6",60
Habitacion por dias Centro Valencia,3977106,NA,Valencia,1,1,€ 55,2019/11/05,2019/11/06,0,"7,9",60
Senator Parque Central Hotel,274963,NA,Valencia,1,1,€ 97,2019/11/05,2019/11/06,4,"8,1",60
Sweet Hotel Continental,93856,NA,Valencia,1,1,€ 99,2019/11/05,2019/11/06,2,"8,3",60
Plaza Sainetero Arniches,3984774,Apartamento,Valencia,1,1,NA,2019/11/05,2019/11/06,0,"8,5",60
APARTAMENTO LAS MELLIZAS,4651578,NA,Valencia,1,1,€ 50,2019/11/05,2019/11/06,0,"8,4",60
B&B Hotel Valencia Ciudad de las Ciencias,92242,NA,Valencia,1,1,€ 56,2019/11/05,2019/11/06,3,"7,5",60
Quart Silence,2024765,Apartamentos,Valencia,1,1,NA,2019/11/05,2019/11/06,0,"8,1",60
Hotel Turia,14441,NA,Valencia,1,1,€ 59,2019/11/05,2019/11/06,4,"7,5",60
Oceanográfico Apartments & Spa,324918,Apartamentos,Valencia,1,1,€ 59,2019/11/05,2019/11/06,0,"7,6",60
Cosy Rooms Tapinería,371192,NA,Valencia,1,1,€ 59,2019/11/05,2019/11/06,2,"7,5",60
El Globo,24498,NA,Valencia,1,1,€ 60,2019/11/05,2019/11/06,1,"7,8",60
Primus Valencia,331871,NA,Valencia,1,1,€ 105,2019/11/05,2019/11/06,4,"8,3",60
Silken Puerta Valencia,91182,NA,Valencia,1,1,€ 105,2019/11/05,2019/11/06,4,"8,3",60
Hotel Conqueridor,91047,NA,Valencia,1,1,€ 108,2019/11/05,2019/11/06,4,"8,4",60
Apartamento Ciudad de las Artes y las Ciencias,4353552,Apartamento,Valencia,1,1,€ 110,2019/11/05,2019/11/06,0,"8,3",60
Hostal Bisbal,235665,NA,Valencia,1,1,€ 60,2019/11/05,2019/11/06,1,"7,5",60
Checkin Valencia,93743,NA,Valencia,1,1,€ 62,2019/11/05,2019/11/06,4,"7,8",60
Living Valencia - Tetuán,3217954,Apartamentos,Valencia,1,1,NA,2019/11/05,2019/11/06,0,"8,1",60
Jero Rooms,296743,NA,Valencia,1,1,€ 64,2019/11/05,2019/11/06,0,"7,7",60
City of Arts & Spa Apartment,4820684,Apartamento,Valencia,1,1,€ 65,2019/11/05,2019/11/06,0,"7,8",60
Alex Apartment,1756374,Apartamento,Valencia,1,1,€ 65,2019/11/05,2019/11/06,0,"7,8",60
SEA YOU HOTEL PORT VALENCIA,92328,NA,Valencia,1,1,€ 67,2019/11/05,2019/11/06,4,"7,7",60
Ilunion Valencia 3,92818,NA,Valencia,1,1,€ 67,2019/11/05,2019/11/06,3,"7,9",60
Friendly Rentals Puerto Deportivo,2317861,Apartamentos,Valencia,1,1,€ 110,2019/11/05,2019/11/06,0,"8,1",60
Total Valencia (Leisure & Culture),824611,Apartamentos,Valencia,1,1,NA,2019/11/05,2019/11/06,0,"8,5",60
Friendly Rentals ABC,3656596,Apartamento,Valencia,1,1,€ 115,2019/11/05,2019/11/06,0,"8,3",60
Friendly Rentals Pergolesi,1634240,Apartamentos,Valencia,1,1,€ 115,2019/11/05,2019/11/06,0,"8,4",60
Valenciaflats Torres de Serrano,17468,Apartamentos,Valencia,1,1,€ 120,2019/11/05,2019/11/06,0,"8,3",60
Carrer de María Montessori,3272386,Apartamento,Valencia,1,1,€ 120,2019/11/05,2019/11/06,0,"8,2",60
Apartamento Privado Próximo a Playa y Ciencias,3783163,Apartamento,Valencia,1,1,€ 120,2019/11/05,2019/11/06,0,"8,2",60
Colors Rooms,675839,NA,Valencia,1,1,€ 40,2019/11/05,2019/11/06,0,"9,6",60
Apartments Downtown Valencia,2250421,Apartamentos,Valencia,1,1,€ 70,2019/11/05,2019/11/06,0,"9,6",60
VALENCIA APARTAMENTO GOYA,4256653,Apartamento,Valencia,1,1,NA,2019/11/05,2019/11/06,0,10,60
United Colors of Apartments Boutique Style,5372347,Apartamentos,Valencia,1,1,€ 79,2019/11/05,2019/11/06,0,"9,9",60
Hostal Antigua Morellana,1273937,NA,Valencia,1,1,€ 80,2019/11/05,2019/11/06,1,"9,5",60
Bubuflats Bubu 3,1014334,Apartamentos,Valencia,1,1,€ 85,2019/11/05,2019/11/06,0,"9,6",60
Nest Style Valencia -Nueva apertura-,5219046,NA,Valencia,1,1,€ 87,2019/11/05,2019/11/06,3,"9,6",60
Casa La Buhardilla,2985364,Apartamento,Valencia,1,1,€ 97,2019/11/05,2019/11/06,0,"9,6",60
Precioso piso junto al antiguo barrio de Campanar,3297078,Apartamento,Valencia,1,1,€ 100,2019/11/05,2019/11/06,0,"9,5",60
Central Park Apartment Valencia,3881533,Apartamento,Valencia,1,1,NA,2019/11/05,2019/11/06,0,"9,6",60
Valencian Dreams Lonja,4757385,Apartamento,Valencia,1,1,€ 102,2019/11/05,2019/11/06,0,"9,7",60
Apartment Cisneros 2,2361375,Apartamento,Valencia,1,1,€ 110,2019/11/05,2019/11/06,0,"9,7",60
Olympia Flats,4212801,NA,Valencia,1,1,€ 55,2019/11/05,2019/11/06,0,"9,7",60
Apartment Plaza Cisneros,1273377,Apartamentos,Valencia,1,1,€ 120,2019/11/05,2019/11/06,0,"9,8",60
15 Avinguda Mare Nostrum,4518973,Apartamento,Valencia,1,1,€ 120,2019/11/05,2019/11/06,0,"9,8",60
Colón Market Downtown,4607745,Apartamento,Valencia,1,1,€ 124,2019/11/05,2019/11/06,0,"9,7",60
Apartamento Frederick “Centrico y con Clase”,4236394,Apartamento,Valencia,1,1,NA,2019/11/05,2019/11/06,0,"9,7",60
la casita,4333253,Apartamento,Valencia,1,1,€ 132,2019/11/05,2019/11/06,0,"9,8",60
Ramirez Flats & Bar,4124528,Apartahotel,Valencia,1,1,€ 135,2019/11/05,2019/11/06,0,"9,5",60
Opera House Valencia B&B,3533887,NA,Valencia,1,1,€ 136,2019/11/05,2019/11/06,0,"9,5",60
Disfruta - Enjoy Valencia Oceanografic,4121345,Apartamento,Valencia,1,1,€ 139,2019/11/05,2019/11/06,0,"9,6",60
Disfruta - Enjoy Valencia Ayuntamiento,4901194,Apartamento,Valencia,1,1,€ 139,2019/11/05,2019/11/06,0,"9,7",60
Ciudad Ciencias- Lujo- Parking- Wi-Fi.,4999636,Apartamento,Valencia,1,1,€ 140,2019/11/05,2019/11/06,0,"9,8",60
BONNIES Suites & Spa Valencia,3631910,Apartamentos,Valencia,1,1,NA,2019/11/05,2019/11/06,0,"9,8",60
Apartamento Playa Wifi Gratis,3495634,Apartamento,Valencia,1,1,€ 140,2019/11/05,2019/11/06,0,"9,6",60
Ca María,3776707,Apartamento,Valencia,1,1,€ 180,2019/11/05,2019/11/06,0,"9,7",60
City Center Atico 360,3025679,Apartamento,Valencia,1,1,€ 188,2019/11/05,2019/11/06,0,"9,5",60
Cantagua Hostel,4074640,NA,Valencia,1,1,€ 40,2019/11/05,2019/11/06,0,"9,1",60
YOU & CO. Saler Beach Boutique,4533007,NA,Valencia,1,1,€ 44,2019/11/05,2019/11/06,3,"9,1",60
Art&Flats Bed&Breakfast,5238345,NA,Valencia,1,1,€ 45,2019/11/05,2019/11/06,0,9,60
Valencia what else...,2550483,Apartamento,Valencia,1,1,NA,2019/11/05,2019/11/06,0,"9,5",60
OttoH Charm Stay,2459807,NA,Valencia,1,1,€ 59,2019/11/05,2019/11/06,0,"9,3",60
Apartamento Joseph - luminoso y muy céntrico,4267950,Apartamento,Valencia,1,1,€ 60,2019/11/05,2019/11/06,0,"9,2",60
Brisa Mare Nostrum,2855311,Apartamento,Valencia,1,1,€ 60,2019/11/05,2019/11/06,0,"9,3",60
Habitación privada a 1500 metros de la playa,3789910,NA,Valencia,1,1,€ 60,2019/11/05,2019/11/06,0,"9,2",60
Hi Valencia Cánovas,4312120,Apartamentos,Valencia,1,1,€ 63,2019/11/05,2019/11/06,0,9,60
Hostal Venecia,92883,NA,Valencia,1,1,€ 65,2019/11/05,2019/11/06,2,"9,1",60
El Corazon de Canovas,2634817,Apartamento,Valencia,1,1,NA,2019/11/05,2019/11/06,0,"9,6",60
Blanq Comedias,4922002,NA,Valencia,1,1,€ 68,2019/11/05,2019/11/06,0,"9,2",60
Hotel Valencia Oceanic Managed by Melia Hotels International,91522,NA,Valencia,1,1,€ 93,2019/11/05,2019/11/06,4,"8,6",60
Valencian Apartment,2298621,Apartamento,Valencia,1,1,€ 94,2019/11/05,2019/11/06,0,"8,9",60
Piso en Malvarrosa,2445244,Apartamentos,Valencia,1,1,NA,2019/11/05,2019/11/06,0,9,60
La casita de Palomar,2132386,Apartamentos,Valencia,1,1,€ 69,2019/11/05,2019/11/06,0,"9,4",60
Soho Valencia,1538641,Apartahotel,Valencia,1,1,€ 70,2019/11/05,2019/11/06,0,9,60
Bianca,4232781,Apartamento,Valencia,1,1,€ 74,2019/11/05,2019/11/06,0,9,60
El Cid,2740801,Apartamento,Valencia,1,1,€ 75,2019/11/05,2019/11/06,0,9,60
El Coral Apartment Valencia,3606766,Apartamento,Valencia,1,1,€ 95,2019/11/05,2019/11/06,0,"8,7",60
Hotel Kramer,91106,NA,Valencia,1,1,€ 98,2019/11/05,2019/11/06,3,"8,8",60
Melia Valencia,290493,NA,Valencia,1,1,€ 98,2019/11/05,2019/11/06,4,"8,8",60
Live in Chianti,2227491,NA,Valencia,1,1,€ 75,2019/11/05,2019/11/06,0,"9,1",60
apartamento las torres-botanico,4694090,Apartamento,Valencia,1,1,€ 76,2019/11/05,2019/11/06,0,9,60
Palau de Palomar,471283,Apartamentos,Valencia,1,1,€ 79,2019/11/05,2019/11/06,0,"9,1",60
Teixidors de Palomar,2639791,Apartamentos,Valencia,1,1,€ 79,2019/11/05,2019/11/06,0,"9,4",60
Apartamentos Edificio Palomar,189277,Apartamentos,Valencia,1,1,€ 79,2019/11/05,2019/11/06,0,"9,2",60
Blanq Carmen Hotel,97069,NA,Valencia,1,1,€ 101,2019/11/05,2019/11/06,3,"8,7",60
Petit Palace Plaza de la Reina,90443,NA,Valencia,1,1,€ 103,2019/11/05,2019/11/06,3,"8,7",60
SKY TOURISTIC ATTIC,281640,Apartamentos,Valencia,1,1,€ 108,2019/11/05,2019/11/06,0,"8,5",60
Calle Mora De Rubielos,2854363,Apartamento,Valencia,1,1,NA,2019/11/05,2019/11/06,0,"9,4",60
Apartamento bianca,3205847,Apartamento,Valencia,1,1,€ 80,2019/11/05,2019/11/06,0,"9,2",60
Apartments Madrina,3278589,Apartamentos,Valencia,1,1,€ 80,2019/11/05,2019/11/06,0,9,60
Maison Reina B&B,5004812,NA,Valencia,1,1,€ 80,2019/11/05,2019/11/06,0,"9,3",60
BUBUSUITES by Bubuflats,2389776,NA,Valencia,1,1,€ 80,2019/11/05,2019/11/06,0,"9,3",60
Citizentral Gascons,332095,Apartamentos,Valencia,1,1,€ 110,2019/11/05,2019/11/06,0,"8,7",60
Hotel Malcom and Barret,483261,NA,Valencia,1,1,€ 111,2019/11/05,2019/11/06,3,"8,7",60
AC Hotel Valencia- a Marriott Lifestyle Hotel,91063,NA,Valencia,1,1,€ 112,2019/11/05,2019/11/06,4,"8,6",60
Una Ubicacion Perfecta,3114164,Apartamentos,Valencia,1,1,€ 85,2019/11/05,2019/11/06,0,"9,1",60
Bubuflats Bubu 5,1283519,Apartamento,Valencia,1,1,€ 85,2019/11/05,2019/11/06,0,"9,1",60
City Garden Bed and Breakfast,2204361,NA,Valencia,1,1,€ 87,2019/11/05,2019/11/06,0,"9,4",60
Mon Suites San Nicolas,4117225,Apartamentos,Valencia,1,1,€ 87,2019/11/05,2019/11/06,0,"9,2",60
Rooms Ciencias,94126,NA,Valencia,1,1,€ 113,2019/11/05,2019/11/06,0,"8,9",60
Friendly Rentals Nyman,3245521,Apartamento,Valencia,1,1,€ 115,2019/11/05,2019/11/06,0,"8,9",60
Plaza de la Virgen,3167342,Apartamento,Valencia,1,1,€ 115,2019/11/05,2019/11/06,0,"8,8",60
Vivaldi Penthouse Ayuntamiento,1289561,Apartamento,Valencia,1,1,NA,2019/11/05,2019/11/06,0,"9,2",60
Friendly Rentals Ravel I,1634234,Apartamento,Valencia,1,1,€ 115,2019/11/05,2019/11/06,0,"8,8",60
Patacona Beach Apartment,4533678,Apartamento,Valencia,1,1,€ 119,2019/11/05,2019/11/06,0,"8,5",60
Lotelito,570027,NA,Valencia,1,1,€ 120,2019/11/05,2019/11/06,0,"8,9",60
Apartments Plaza Ayuntamiento,3506736,Apartamento,Valencia,1,1,€ 120,2019/11/05,2019/11/06,0,"8,7",60
Friendly Rentals Casals,1769176,Apartamento,Valencia,1,1,€ 120,2019/11/05,2019/11/06,0,"8,7",60
Friendly Rentals Brade,1918694,Apartamento,Valencia,1,1,€ 120,2019/11/05,2019/11/06,0,"8,8",60
Mr Flats Valencia,2232363,Apartamentos,Valencia,1,1,NA,2019/11/05,2019/11/06,0,9,60
Melia Plaza Valencia,13270,NA,Valencia,1,1,€ 127,2019/11/05,2019/11/06,4,"8,9",60
Isabel,4442066,Apartamento,Valencia,1,1,€ 127,2019/11/05,2019/11/06,0,"8,6",60
Valenciaflats Mercado Central,307677,Apartamentos,Valencia,1,1,€ 129,2019/11/05,2019/11/06,0,"8,9",60
Valenciaflats Centro Histórico,94781,Apartamentos,Valencia,1,1,€ 129,2019/11/05,2019/11/06,0,"8,7",60
Catalonia Excelsior,90578,NA,Valencia,1,1,€ 130,2019/11/05,2019/11/06,3,"8,7",60
Friendly Rentals Soler,1634237,Apartamento,Valencia,1,1,€ 130,2019/11/05,2019/11/06,0,"8,6",60
Center Valencia,2944722,Casa o chalet,Valencia,1,1,NA,2019/11/05,2019/11/06,0,"9,3",60
Friendly Rentals Strauss,1634236,Apartamento,Valencia,1,1,€ 130,2019/11/05,2019/11/06,0,"8,8",60
Friendly Rentals Verdi 2,2523881,Apartamento,Valencia,1,1,€ 130,2019/11/05,2019/11/06,0,"8,7",60
SH Ingles Boutique Hotel,92956,NA,Valencia,1,1,€ 130,2019/11/05,2019/11/06,4,"8,5",60
Hotel Mediterraneo Valencia,92412,NA,Valencia,1,1,€ 135,2019/11/05,2019/11/06,3,"8,8",60
Hotel Dimar,90886,NA,Valencia,1,1,€ 135,2019/11/05,2019/11/06,4,"8,7",60
Friendly Rentals Gala,1634252,Apartamento,Valencia,1,1,€ 135,2019/11/05,2019/11/06,0,"8,8",60
Friendly Rentals Boyvin,1923141,Apartamento,Valencia,1,1,NA,2019/11/05,2019/11/06,0,"9,3",60
SH Valencia Palace,91497,NA,Valencia,1,1,€ 136,2019/11/05,2019/11/06,5,"8,5",60
Apartamento Gran Vía Marqués del Turia,2358973,Apartamento,Valencia,1,1,€ 139,2019/11/05,2019/11/06,0,"8,5",60
Friendly Rentals Montaner Beach,2314997,Apartamento,Valencia,1,1,€ 145,2019/11/05,2019/11/06,0,"8,9",60
FREE WI-FI. Apartamentos 90 м2 - Assutzena 5,4828764,Apartamento,Valencia,1,1,€ 145,2019/11/05,2019/11/06,0,"8,7",60
Stylish newly renovated in great location /WIFI,3661070,Apartamento,Valencia,1,1,€ 149,2019/11/05,2019/11/06,0,"8,6",60
Apartamento LUXURY CENTRO HISTORICO,3664772,Apartamento,Valencia,1,1,€ 149,2019/11/05,2019/11/06,0,"8,7",60
Ilunion Aqua 4,92777,NA,Valencia,1,1,€ 150,2019/11/05,2019/11/06,4,"8,5",60
Apartamento Sofia,2552406,Apartamento,Valencia,1,1,€ 150,2019/11/05,2019/11/06,0,"8,6",60
Enjoy Flat Valencia,3991548,Apartamentos,Valencia,1,1,€ 150,2019/11/05,2019/11/06,0,"8,6",60
Friendly Rentals Ferrero,2314984,Apartamento,Valencia,1,1,€ 150,2019/11/05,2019/11/06,0,"8,6",60
ValentiaApartments - MercadoCentral,4185241,Apartamentos,Valencia,1,1,€ 153,2019/11/05,2019/11/06,0,"8,7",60
El Palacete Gran Via,3483148,NA,Valencia,1,1,€ 155,2019/11/05,2019/11/06,0,"8,8",60
Perla Apartments,3146781,Apartamentos,Valencia,1,1,€ 162,2019/11/05,2019/11/06,0,"8,8",60
Zenit Valencia,92327,NA,Valencia,1,1,€ 162,2019/11/05,2019/11/06,4,"8,8",60
Mar & City Apartment,3456759,Apartamento,Valencia,1,1,€ 166,2019/11/05,2019/11/06,0,"8,8",60
Hospes Palau de La Mar,93823,NA,Valencia,1,1,€ 170,2019/11/05,2019/11/06,5,"8,8",60
Barceló Valencia,91988,NA,Valencia,1,1,€ 171,2019/11/05,2019/11/06,4,"8,7",60
Puerta de Serranos,2734333,Apartamentos,Valencia,1,1,€ 185,2019/11/05,2019/11/06,0,"8,8",60
