name,propertyId,propertyType,city,rooms,days,price,checkIn,checkOut,stars,score,advance
Tryp Valencia Feria,92852,NA,Valencia,1,1,€ 63,2019/10/05,2019/10/06,4,"8,4",14
L'Otelet By Sweet,1467935,NA,Valencia,1,1,€ 64,2019/10/05,2019/10/06,0,"8,3",14
Ayuntamiento Panoramic,3089239,Apartamento,Valencia,1,1,NA,2019/10/05,2019/10/06,0,"9,5",14
Valero Vintage,3315727,NA,Valencia,1,1,€ 64,2019/10/05,2019/10/06,0,8,14
Mercado Central Rooms & Breakfast,2515022,NA,Valencia,1,1,€ 65,2019/10/05,2019/10/06,0,"8,2",14
Albergue Juvenil Colegio Mayor Galileo Galilei,253103,NA,Valencia,1,1,€ 65,2019/10/05,2019/10/06,0,"8,1",14
Red Nest Hostel,92283,NA,Valencia,1,1,€ 68,2019/10/05,2019/10/06,0,"8,2",14
Purple Nest Hostel,25278,NA,Valencia,1,1,€ 73,2019/10/05,2019/10/06,0,"8,2",14
Eurostars Gran Valencia,90484,NA,Valencia,1,1,€ 77,2019/10/05,2019/10/06,4,"8,4",14
Colón Market Downtown,4607745,Apartamento,Valencia,1,1,NA,2019/10/05,2019/10/06,0,"9,7",14
Hostal Penalty,189209,NA,Valencia,1,1,€ 85,2019/10/05,2019/10/06,1,8,14
Apartment Vicent,1674495,Apartamento,Valencia,1,1,€ 85,2019/10/05,2019/10/06,0,"8,3",14
Ilunion Valencia 4,754329,NA,Valencia,1,1,€ 88,2019/10/05,2019/10/06,4,"8,1",14
Happy Apartments Valencia,456043,Apartamentos,Valencia,1,1,€ 89,2019/10/05,2019/10/06,0,"8,2",14
Hotel Medium Valencia,96838,NA,Valencia,1,1,€ 90,2019/10/05,2019/10/06,4,"8,1",14
Homestay Valencia,2597106,NA,Valencia,1,1,€ 90,2019/10/05,2019/10/06,0,"8,1",14
Casa La Buhardilla,2985364,Apartamento,Valencia,1,1,NA,2019/10/05,2019/10/06,0,"9,6",14
Happy Apartments Valencia – Lope de Vega,575582,Apartamentos,Valencia,1,1,€ 94,2019/10/05,2019/10/06,0,"8,1",14
NH Ciudad de Valencia,90729,NA,Valencia,1,1,€ 95,2019/10/05,2019/10/06,3,"8,1",14
Sol Playa,12656,NA,Valencia,1,1,€ 97,2019/10/05,2019/10/06,2,"8,3",14
Senator Parque Central Hotel,274963,NA,Valencia,1,1,€ 97,2019/10/05,2019/10/06,4,"8,1",14
RoomTuristValencia Torres de Quart,4565643,NA,Valencia,1,1,€ 49,2019/10/05,2019/10/06,0,"4,6",14
Guesthouse Plaza de Toros,2985902,NA,Valencia,1,1,€ 88,2019/10/05,2019/10/06,0,"4,9",14
Ayuntamiento Panoramic,3089239,Apartamento,Valencia,1,1,NA,2019/10/05,2019/10/06,0,"9,5",14
Centro en Valencia,2885222,Apartamento,Valencia,1,1,€ 95,2019/10/05,2019/10/06,0,"9,5",14
RoomTuristValencia RuzafaSumsi,4682802,NA,Valencia,1,1,€ 105,2019/10/05,2019/10/06,0,"4,6",14
Malvarosa,3820590,Apartamento,Valencia,1,1,€ 170,2019/10/05,2019/10/06,0,"4,1",14
Constitucion Guesthouse,2985942,NA,Valencia,1,1,€ 68,2019/10/05,2019/10/06,0,"3,5",14
Apartamento Islas Canarias,2304086,Apartamento,Valencia,1,1,€ 71,2019/10/05,2019/10/06,0,"3,8",14
Nest Style Valencia -Nueva apertura-,5219046,NA,Valencia,1,1,€ 112,2019/10/05,2019/10/06,3,"9,6",14
VALENCIA APARTAMENTO GOYA,4256653,Apartamento,Valencia,1,1,NA,2019/10/05,2019/10/06,0,10,14
15 Avinguda Mare Nostrum,4518973,Apartamento,Valencia,1,1,€ 125,2019/10/05,2019/10/06,0,"9,8",14
Charming Ninetta,3220582,Apartamento,Valencia,1,1,€ 139,2019/10/05,2019/10/06,0,"9,5",14
Ramirez Flats & Bar,4124528,Apartahotel,Valencia,1,1,€ 162,2019/10/05,2019/10/06,0,"9,5",14
Disfruta - Enjoy Valencia Centre,3881970,Apartamento,Valencia,1,1,€ 189,2019/10/05,2019/10/06,0,"9,8",14
Disfruta - Enjoy Valencia Ruzafa,3890328,Apartamento,Valencia,1,1,€ 198,2019/10/05,2019/10/06,0,"9,7",14
Disfruta - Enjoy Valencia Oceanografic,4121345,Apartamento,Valencia,1,1,€ 199,2019/10/05,2019/10/06,0,"9,6",14
Habitación privada con baño privado a 300 metros de la playa.,5587588,NA,Valencia,1,1,€ 49,2019/10/05,2019/10/06,0,,14
Aventura Valencia 2,5604325,NA,Valencia,1,1,€ 50,2019/10/05,2019/10/06,0,,14
Colón Market Downtown,4607745,Apartamento,Valencia,1,1,NA,2019/10/05,2019/10/06,0,"9,7",14
vosotros sereis parte de mi familia.,5299568,NA,Valencia,1,1,€ 50,2019/10/05,2019/10/06,0,,14
Attic Rooms in Botánico,5522932,NA,Valencia,1,1,€ 55,2019/10/05,2019/10/06,0,,14
Atico Ciutat Vella,3446230,Apartamentos,Valencia,1,1,€ 100,2019/10/05,2019/10/06,0,"8,4",14
NH Valencia Las Artes,90731,NA,Valencia,1,1,€ 106,2019/10/05,2019/10/06,4,"8,4",14
Apartments Downtown Valencia,2250421,Apartamentos,Valencia,1,1,NA,2019/10/05,2019/10/06,0,"9,6",14
Primus Valencia,331871,NA,Valencia,1,1,€ 114,2019/10/05,2019/10/06,4,"8,3",14
MerKat-Abastos,1231196,Apartamento,Valencia,1,1,NA,2019/10/05,2019/10/06,0,"9,7",14
MARQUÉS HOUSE 4* SUP,2118880,NA,Valencia,1,1,€ 309,2019/10/05,2019/10/06,4,"9,5",14
Cantagua Hostel,4074640,NA,Valencia,1,1,€ 53,2019/10/05,2019/10/06,0,"9,1",14
YOU & CO. Saler Beach Boutique,4533007,NA,Valencia,1,1,€ 70,2019/10/05,2019/10/06,3,"9,1",14
Apartment close to park Marchalenes,4418670,Apartamento,Valencia,1,1,€ 86,2019/10/05,2019/10/06,0,"9,1",14
Original Domino House,5434091,NA,Valencia,1,1,€ 87,2019/10/05,2019/10/06,0,"9,1",14
Apartments Abate 4,2848648,Apartamentos,Valencia,1,1,€ 89,2019/10/05,2019/10/06,0,9,14
Apartment Cisneros 2,2361375,Apartamento,Valencia,1,1,NA,2019/10/05,2019/10/06,0,"9,7",14
Magnífico Adosado- cerca de Valencia ciudad- en zona de montaña y playa fluvial,5354233,Casa o chalet,Valencia,1,1,€ 96,2019/10/05,2019/10/06,0,"9,1",14
Hogar Dulce Hogar,5426607,NA,Valencia,1,1,€ 60,2019/10/05,2019/10/06,0,,14
Apartamento con compartir,5366858,NA,Valencia,1,1,€ 65,2019/10/05,2019/10/06,0,,14
Comfort Homestay,5423155,NA,Valencia,1,1,€ 67,2019/10/05,2019/10/06,0,,14
Habitación en Valencia,5477394,NA,Valencia,1,1,€ 72,2019/10/05,2019/10/06,0,,14
Casa La Buhardilla,2985364,Apartamento,Valencia,1,1,NA,2019/10/05,2019/10/06,0,"9,6",14
Ilunion Aqua 3,92776,NA,Valencia,1,1,€ 114,2019/10/05,2019/10/06,3,"8,3",14
NH Valencia Center,90727,NA,Valencia,1,1,€ 117,2019/10/05,2019/10/06,4,"8,3",14
MD Modern Hotel - Jardines,305447,NA,Valencia,1,1,€ 124,2019/10/05,2019/10/06,1,"8,3",14
Rio Turia Skatehouse,4624602,Apartamento,Valencia,1,1,€ 125,2019/10/05,2019/10/06,0,"8,2",14
"Piso ""Como en tu casa""",2689136,Apartamento,Valencia,1,1,€ 100,2019/10/05,2019/10/06,0,"9,2",14
Blanq Comedias,4922002,NA,Valencia,1,1,€ 108,2019/10/05,2019/10/06,0,"9,1",14
Rooms Ciencias,94126,NA,Valencia,1,1,€ 117,2019/10/05,2019/10/06,0,9,14
Valenciaflats Ciudad de las Ciencias,93676,Apartamentos,Valencia,1,1,€ 120,2019/10/05,2019/10/06,0,"9,1",14
Valencia-Ruzafa Studio,3235983,Apartamento,Valencia,1,1,€ 120,2019/10/05,2019/10/06,0,"9,1",14
sueñavalencia,5603844,NA,Valencia,1,1,€ 75,2019/10/05,2019/10/06,0,,14
Florista's Room en Valencia,5502152,NA,Valencia,1,1,€ 75,2019/10/05,2019/10/06,0,,14
Loft Turia Gran,5133726,Apartamento,Valencia,1,1,€ 80,2019/10/05,2019/10/06,0,,14
PISO DE DISEÑO A 5 MIN ANDANDO DE LA PLAYA,5546265,Apartamento,Valencia,1,1,€ 95,2019/10/05,2019/10/06,0,,14
casa completa,5593030,Casa o chalet,Valencia,1,1,€ 119,2019/10/05,2019/10/06,0,,14
Duplex Rosario,5619328,Apartamento,Valencia,1,1,€ 125,2019/10/05,2019/10/06,0,,14
Apartments Downtown Valencia,2250421,Apartamentos,Valencia,1,1,NA,2019/10/05,2019/10/06,0,"9,6",14
Ciutat Vella Apartment,5574768,Apartamento,Valencia,1,1,€ 130,2019/10/05,2019/10/06,0,,14
Kirei Apartment Dublin,4639542,Apartamento,Valencia,1,1,€ 137,2019/10/05,2019/10/06,0,,14
"Flat ""Ca Alexandre""",3687859,Apartamento,Valencia,1,1,€ 200,2019/10/05,2019/10/06,0,,14
Apartment Carrer de Don Juan de Austria,5464038,Apartamentos,Valencia,1,1,€ 275,2019/10/05,2019/10/06,0,,14
Governor Residence,3799760,Apartahotel,Valencia,1,1,€ 600,2019/10/05,2019/10/06,0,,14
Apartment Carrer de Cadis,5531328,Apartamentos,Valencia,1,1,€ 648,2019/10/05,2019/10/06,0,,14
Valencia center,3168460,Apartamento,Valencia,1,1,NA,2019/10/05,2019/10/06,0,"9,8",14
Apartamento con terraza,5238122,Apartahotel,Valencia,1,1,€ 770,2019/10/05,2019/10/06,0,,14
Gulet Why Not,5199364,NA,Valencia,1,1,€ 3.000,2019/10/05,2019/10/06,0,,14
BONNIES Suites & Spa Valencia,3631910,Apartamentos,Valencia,1,1,NA,2019/10/05,2019/10/06,0,"9,8",14
Apartamento San Nicolas 3,1352835,Apartamento,Valencia,1,1,€ 122,2019/10/05,2019/10/06,0,9,14
Jardín Botánico Hotel Boutique,93369,NA,Valencia,1,1,€ 123,2019/10/05,2019/10/06,3,9,14
Valenciaflats Centro Ciudad,18544,Apartamentos,Valencia,1,1,€ 129,2019/10/05,2019/10/06,0,"9,2",14
Loft zona Pechina en Valencia centro,2524985,Apartamento,Valencia,1,1,€ 138,2019/10/05,2019/10/06,0,"9,1",14
Valenciaflats Mercado Central,307677,Apartamentos,Valencia,1,1,€ 138,2019/10/05,2019/10/06,0,9,14
UNIK. Apartments Valencia,2241282,Apartamentos,Valencia,1,1,€ 82,2019/10/05,2019/10/06,0,"8,5",14
Melia Valencia,290493,NA,Valencia,1,1,€ 84,2019/10/05,2019/10/06,4,"8,8",14
Barracart Apartments,2125836,Apartamentos,Valencia,1,1,NA,2019/10/05,2019/10/06,0,"9,6",14
Sercotel Sorolla Palace,93646,NA,Valencia,1,1,€ 89,2019/10/05,2019/10/06,4,"8,6",14
Hotel El Siglo,1741479,NA,Valencia,1,1,€ 90,2019/10/05,2019/10/06,3,"8,5",14
Hotel Malcom and Barret,483261,NA,Valencia,1,1,€ 95,2019/10/05,2019/10/06,3,"8,7",14
Balandra Flat,2032624,Apartamento,Valencia,1,1,€ 95,2019/10/05,2019/10/06,0,"8,7",14
APARTAMENTO LAS MELLIZAS,4651578,NA,Valencia,1,1,€ 49,2019/10/05,2019/10/06,0,"8,5",14
Hotel Sercotel Acteón Valencia,90495,NA,Valencia,1,1,€ 98,2019/10/05,2019/10/06,4,"8,5",14
Ambrosio Flats Valencia - El Mercat,3131649,Apartamento,Valencia,1,1,NA,2019/10/05,2019/10/06,0,"9,5",14
Center Puerto Apartments,4875083,Apartamento,Valencia,1,1,€ 99,2019/10/05,2019/10/06,0,"8,9",14
Apartamentos Plaza Picasso,97063,Apartamentos,Valencia,1,1,€ 100,2019/10/05,2019/10/06,0,"8,5",14
Hotel Kramer,91106,NA,Valencia,1,1,€ 104,2019/10/05,2019/10/06,3,"8,8",14
Hotel Valencia Oceanic Managed by Melia Hotels International,91522,NA,Valencia,1,1,€ 110,2019/10/05,2019/10/06,4,"8,6",14
Burjassot Mestalla,3058627,Apartamento,Valencia,1,1,€ 110,2019/10/05,2019/10/06,0,"8,6",14
Pio XII Apartments Valencia,402080,Apartamentos,Valencia,1,1,€ 117,2019/10/05,2019/10/06,0,"8,5",14
Valencia what else...,2550483,Apartamento,Valencia,1,1,NA,2019/10/05,2019/10/06,0,"9,5",14
Barceló Valencia,91988,NA,Valencia,1,1,€ 122,2019/10/05,2019/10/06,4,"8,7",14
Citizentral Gascons,332095,Apartamentos,Valencia,1,1,€ 126,2019/10/05,2019/10/06,0,"8,8",14
AC Hotel Valencia,91063,NA,Valencia,1,1,€ 129,2019/10/05,2019/10/06,4,"8,5",14
City of Arts,3031480,Apartamento,Valencia,1,1,€ 130,2019/10/05,2019/10/06,0,"8,8",14
Blanq Carmen Hotel,97069,NA,Valencia,1,1,€ 132,2019/10/05,2019/10/06,3,"8,7",14
ValentiaApartments - MercadoCentral,4185241,Apartamentos,Valencia,1,1,€ 138,2019/10/05,2019/10/06,0,"8,8",14
Travel Habitat Ático Ciutat Vella.,3264750,Apartamento,Valencia,1,1,NA,2019/10/05,2019/10/06,0,"9,5",14
El Palacete Gran Via,3483148,NA,Valencia,1,1,€ 150,2019/10/05,2019/10/06,0,"8,9",14
Casual Vintage Valencia,1710241,NA,Valencia,1,1,€ 156,2019/10/05,2019/10/06,2,"8,6",14
Petit Palace Ruzafa,90792,NA,Valencia,1,1,€ 159,2019/10/05,2019/10/06,3,"8,7",14
Catalonia Excelsior,90578,NA,Valencia,1,1,€ 160,2019/10/05,2019/10/06,3,"8,7",14
Hotel Dimar,90886,NA,Valencia,1,1,€ 162,2019/10/05,2019/10/06,4,"8,7",14
MyHomestay,2921259,NA,Valencia,1,1,€ 85,2019/10/05,2019/10/06,0,"7,6",14
Hotel Turia,14441,NA,Valencia,1,1,€ 89,2019/10/05,2019/10/06,4,"7,5",14
Luxury Center Plaza Redonda,5138960,Apartamento,Valencia,1,1,NA,2019/10/05,2019/10/06,0,"9,8",14
Checkin Valencia,93743,NA,Valencia,1,1,€ 98,2019/10/05,2019/10/06,4,"7,8",14
My Reception - Edificio San Vicente,5123921,Apartamentos,Valencia,1,1,€ 105,2019/10/05,2019/10/06,0,"7,9",14
United Colors of Studios - Mercado Central,2574108,Apartamentos,Valencia,1,1,€ 121,2019/10/05,2019/10/06,0,"7,8",14
SEA YOU HOTEL PORT VALENCIA,92328,NA,Valencia,1,1,€ 126,2019/10/05,2019/10/06,4,"7,7",14
Apartment Florista,2150187,Apartamento,Valencia,1,1,€ 135,2019/10/05,2019/10/06,0,"7,9",14
Kirei Apartment Calgary,4768322,Apartamento,Valencia,1,1,€ 137,2019/10/05,2019/10/06,0,"7,6",14
APARTAMENTO DE DISEÑO EN PLAZA MANISES,2823390,Apartamento,Valencia,1,1,NA,2019/10/05,2019/10/06,0,"9,7",14
Apartamento Alguer,4005334,Apartamento,Valencia,1,1,€ 150,2019/10/05,2019/10/06,0,"7,6",14
Old Town Flats Casa Burguerini,4552106,Apartamentos,Valencia,1,1,€ 162,2019/10/05,2019/10/06,0,"7,8",14
MD Art Apartment Ruzafa,2550955,Apartamento,Valencia,1,1,€ 313,2019/10/05,2019/10/06,0,"7,5",14
MD Benlliure Beach.,1957258,Apartamento,Valencia,1,1,€ 313,2019/10/05,2019/10/06,0,"7,9",14
MD Pelayo with terrace,1979067,Apartamento,Valencia,1,1,€ 313,2019/10/05,2019/10/06,0,"7,8",14
MD Oliag I Apartment Ruzafa,2867488,Apartamento,Valencia,1,1,€ 387,2019/10/05,2019/10/06,0,"7,7",14
Casa Botànic - Céntrico y con comodidades,4218273,Apartamento,Valencia,1,1,NA,2019/10/05,2019/10/06,0,"9,8",14
Casual de la Música Valencia,273130,NA,Valencia,1,1,€ 457,2019/10/05,2019/10/06,2,"7,5",14
feliz como en casa,3676196,NA,Valencia,1,1,€ 36,2019/10/05,2019/10/06,0,"7,2",14
Hostal Residencial RR,450746,NA,Valencia,1,1,€ 38,2019/10/05,2019/10/06,0,7,14
Habitacion Apartamento soleado Plaza Escultor Frechina,4865043,NA,Valencia,1,1,€ 40,2019/10/05,2019/10/06,0,"7,1",14
HOSPEDAJE PESET,4718074,NA,Valencia,1,1,€ 40,2019/10/05,2019/10/06,0,"7,2",14
Sampedor Apartment,435662,Apartamentos,Valencia,1,1,€ 59,2019/10/05,2019/10/06,0,7,14
Lounge by the sea,4756780,Apartamento,Valencia,1,1,NA,2019/10/05,2019/10/06,0,"9,8",14
La Flamenca,818359,NA,Valencia,1,1,€ 60,2019/10/05,2019/10/06,0,"7,2",14
Central Station Valencia Hostel,1647017,NA,Valencia,1,1,€ 61,2019/10/05,2019/10/06,0,"7,1",14
Centro & Viaje,4215175,NA,Valencia,1,1,€ 68,2019/10/05,2019/10/06,0,"7,4",14
Rooms Jardin Botanico,5423036,NA,Valencia,1,1,€ 70,2019/10/05,2019/10/06,0,"7,4",14
Mi casa es vuestra casa,4967097,NA,Valencia,1,1,€ 70,2019/10/05,2019/10/06,0,"7,1",14
Centro Valencia Calle Cerrajeros,3476261,NA,Valencia,1,1,€ 75,2019/10/05,2019/10/06,0,"7,1",14
Apartamento,3139431,Apartamento,Valencia,1,1,NA,2019/10/05,2019/10/06,0,"9,5",14
Cosy Rooms Embajador,369728,NA,Valencia,1,1,€ 78,2019/10/05,2019/10/06,2,"7,4",14
Guest House Samuel Ros,4161855,NA,Valencia,1,1,€ 90,2019/10/05,2019/10/06,0,"7,3",14
B&B El Mercat,2203530,NA,Valencia,1,1,€ 110,2019/10/05,2019/10/06,0,"7,3",14
HOSTAL BED OF THE SEA,3974636,NA,Valencia,1,1,€ 120,2019/10/05,2019/10/06,0,"7,1",14
NWT Monserrat,3728842,Apartamentos,Valencia,1,1,€ 122,2019/10/05,2019/10/06,0,7,14
Apartamento para 10 personas,5029963,Apartamento,Valencia,1,1,€ 160,2019/10/05,2019/10/06,0,7,14
Apartment Cabanyal,3172456,Apartamento,Valencia,1,1,NA,2019/10/05,2019/10/06,0,"9,7",14
Best Valencia Beach Flat,3246772,Apartamento,Valencia,1,1,€ 192,2019/10/05,2019/10/06,0,"7,1",14
MD Puerto Rico Apartment Ruzafa,3737151,Apartamento,Valencia,1,1,€ 341,2019/10/05,2019/10/06,0,"7,4",14
Habitación con cama doble,4794909,NA,Valencia,1,1,€ 36,2019/10/05,2019/10/06,0,"6,7",14
PISO ACOGEDOR,4995780,NA,Valencia,1,1,€ 50,2019/10/05,2019/10/06,0,"6,9",14
Geography and Arts.,3569110,NA,Valencia,1,1,€ 54,2019/10/05,2019/10/06,0,"6,9",14
Guest House Lebon,3124256,NA,Valencia,1,1,€ 60,2019/10/05,2019/10/06,0,"6,9",14
Miresa flats,5300418,Apartamento,Valencia,1,1,€ 148,2019/10/05,2019/10/06,0,"6,6",14
Fun and Sun Center 2,2944416,NA,Valencia,1,1,€ 36,2019/10/05,2019/10/06,0,"6,1",14
Carrer del Bisbe Jaume Pérez,4900140,NA,Valencia,1,1,€ 55,2019/10/05,2019/10/06,0,6,14
Loft Central Market - Tapas,3187998,Apartamentos,Valencia,1,1,€ 120,2019/10/05,2019/10/06,0,"6,4",14
Kirei Apartment Denver,4585191,Apartamento,Valencia,1,1,€ 161,2019/10/05,2019/10/06,0,"6,2",14
RoomTuristValencia - Ruzafa,4608394,NA,Valencia,1,1,€ 41,2019/10/05,2019/10/06,0,"5,5",14
Ruzafa Guesthouse,2269176,NA,Valencia,1,1,€ 45,2019/10/05,2019/10/06,0,"5,6",14
Oliver,4865093,NA,Valencia,1,1,€ 83,2019/10/05,2019/10/06,0,"5,8",14
Guest House Ruzafa,2324552,NA,Valencia,1,1,€ 45,2019/10/05,2019/10/06,0,"5,2",14
Guest House Torres de Quart,2275006,NA,Valencia,1,1,€ 50,2019/10/05,2019/10/06,0,"5,3",14
Port of Valencia,3805735,Apartamento,Valencia,1,1,€ 150,2019/10/05,2019/10/06,0,"5,1",14
Guest House Duc de Gaeta,2275007,NA,Valencia,1,1,€ 48,2019/10/05,2019/10/06,0,"4,9",14
