name,propertyId,propertyType,city,rooms,days,price,checkIn,checkOut,stars,score,advance
LOFT apartamento duplex en Valencia con parking,5519008,Apartamento,Valencia,1,1,€ 65,2019/10/29,2019/10/30,0,"9,8",30
United Colors of Apartments Boutique Style,5372347,Apartamentos,Valencia,1,1,€ 74,2019/10/29,2019/10/30,0,"9,6",30
VALENCIA APARTAMENTO GOYA,4256653,Apartamento,Valencia,1,1,NA,2019/10/29,2019/10/30,0,10,30
Apartamento luminoso y acogedor,3489126,Apartamento,Valencia,1,1,€ 78,2019/10/29,2019/10/30,0,"9,4",30
Apartments Downtown Valencia,2250421,Apartamentos,Valencia,1,1,€ 80,2019/10/29,2019/10/30,0,"9,6",30
Hostal Antigua Morellana,1273937,NA,Valencia,1,1,€ 80,2019/10/29,2019/10/30,1,"9,5",30
Piso en La Ciudad de Artes,3832790,Apartamento,Valencia,1,1,€ 88,2019/10/29,2019/10/30,0,"9,6",30
Valencian Dreams Lonja,4757385,Apartamento,Valencia,1,1,€ 92,2019/10/29,2019/10/30,0,"9,8",30
Bubuflats Bubu 3,1014334,Apartamentos,Valencia,1,1,€ 95,2019/10/29,2019/10/30,0,"9,6",30
Cómoda habitación Valencia,4200488,NA,Valencia,1,1,NA,2019/10/29,2019/10/30,0,"9,5",30
Espai One Santa Mónica,5471724,Apartamento,Valencia,1,1,€ 95,2019/10/29,2019/10/30,0,"9,8",30
Precioso piso junto al antiguo barrio de Campanar,3297078,Apartamento,Valencia,1,1,€ 100,2019/10/29,2019/10/30,0,"9,5",30
Palau de Palomar,471283,Apartamentos,Valencia,1,1,€ 99,2019/10/29,2019/10/30,0,"9,1",30
OttoH Charm Stay,2459807,NA,Valencia,1,1,€ 99,2019/10/29,2019/10/30,0,"9,3",30
Apartamento,3139431,Apartamento,Valencia,1,1,NA,2019/10/29,2019/10/30,0,"9,5",30
Apartamentos Abastos,1044426,Apartamentos,Valencia,1,1,€ 50,2019/10/29,2019/10/30,0,"7,5",30
Apartamentos Adressadors,1743173,Apartamentos,Valencia,1,1,€ 50,2019/10/29,2019/10/30,0,"7,7",30
Piso como en tu casa 2,3834617,Apartamentos,Valencia,1,1,NA,2019/10/29,2019/10/30,0,"9,1",30
APARTAMENTO CENTRO- RUZAFA. WI-FI. PARKING,3144104,Apartamento,Valencia,1,1,€ 100,2019/10/29,2019/10/30,0,"9,3",30
Maison Reina B&B,5004812,NA,Valencia,1,1,€ 100,2019/10/29,2019/10/30,0,"9,2",30
BUBUSUITES by Bubuflats,2389776,NA,Valencia,1,1,€ 100,2019/10/29,2019/10/30,0,"9,3",30
Casual Socarrat Valencia,5142800,NA,Valencia,1,1,€ 101,2019/10/29,2019/10/30,3,"9,2",30
Ramirez Flats & Bar,4124528,Apartahotel,Valencia,1,1,€ 104,2019/10/29,2019/10/30,0,"9,5",30
Opera House Valencia B&B,3533887,NA,Valencia,1,1,€ 110,2019/10/29,2019/10/30,0,"9,5",30
Ciudad Ciencias- Lujo- Parking- Wi-Fi.,4999636,Apartamento,Valencia,1,1,€ 120,2019/10/29,2019/10/30,0,"9,8",30
Mon Suites Catedral,485679,Apartamentos,Valencia,1,1,€ 102,2019/10/29,2019/10/30,0,"9,2",30
Apartamento centro frente a Torres de Serrano,3408067,Apartamento,Valencia,1,1,€ 105,2019/10/29,2019/10/30,0,"9,4",30
APARTMENTS VALENCIA CENTER,5180014,Apartamentos,Valencia,1,1,NA,2019/10/29,2019/10/30,0,"9,6",30
Forn desamparats,2380447,Apartamento,Valencia,1,1,€ 105,2019/10/29,2019/10/30,0,"9,4",30
Casual de la Música Valencia,273130,NA,Valencia,1,1,€ 51,2019/10/29,2019/10/30,2,"7,5",30
Casual Civilizaciones Valencia,449777,NA,Valencia,1,1,€ 51,2019/10/29,2019/10/30,0,"7,9",30
Valencia Just in the Middle,2965508,Apartamento,Valencia,1,1,€ 120,2019/10/29,2019/10/30,0,"9,9",30
Hexagonal Design Apartment Valencia,4630643,Apartamento,Valencia,1,1,NA,2019/10/29,2019/10/30,0,"9,5",30
TTdSSa VLC: Casa de las Aguas- 4 pax 2 Bedrooms,4069236,Apartamento,Valencia,1,1,€ 124,2019/10/29,2019/10/30,0,"9,7",30
Duplex+Swimming pool+private entrance=Housen of LOVE,2999152,Apartamento,Valencia,1,1,€ 125,2019/10/29,2019/10/30,0,"9,5",30
"Piso ""Como en tu casa""",2689136,Apartamento,Valencia,1,1,€ 108,2019/10/29,2019/10/30,0,"9,2",30
Apartamento Ruzafa Centro II,3718518,Apartamento,Valencia,1,1,€ 112,2019/10/29,2019/10/30,0,9,30
Citizentral Juristas,1113127,Apartamentos,Valencia,1,1,€ 112,2019/10/29,2019/10/30,0,"9,2",30
Apartamentos La más Bonita,2816245,Apartamentos,Valencia,1,1,€ 113,2019/10/29,2019/10/30,0,"9,1",30
SEA YOU HOTEL PORT VALENCIA,92328,NA,Valencia,1,1,€ 52,2019/10/29,2019/10/30,4,"7,7",30
Habitación cerca del centro,2789581,NA,Valencia,1,1,€ 52,2019/10/29,2019/10/30,0,"7,5",30
Charming Ninetta,3220582,Apartamento,Valencia,1,1,€ 130,2019/10/29,2019/10/30,0,"9,5",30
Disfruta - Enjoy Valencia Centre,3881970,Apartamento,Valencia,1,1,€ 145,2019/10/29,2019/10/30,0,"9,7",30
MARQUÉS HOUSE 4* SUP,2118880,NA,Valencia,1,1,€ 239,2019/10/29,2019/10/30,4,"9,4",30
Purísima Street I,2471259,Apartamento,Valencia,1,1,€ 275,2019/10/29,2019/10/30,0,"9,5",30
Apartamento Forn dels Apòstols,3122008,Apartamento,Valencia,1,1,NA,2019/10/29,2019/10/30,0,"9,6",30
Hospederia del Pilar,327766,NA,Valencia,1,1,€ 54,2019/10/29,2019/10/30,0,"7,9",30
Como en casa,4802186,NA,Valencia,1,1,€ 54,2019/10/29,2019/10/30,0,"7,9",30
Amazing in Town Hall Square,3834085,Apartamento,Valencia,1,1,NA,2019/10/29,2019/10/30,0,9,30
Luminoso piso + balcón en Valencia,4615515,Apartamento,Valencia,1,1,€ 113,2019/10/29,2019/10/30,0,"9,4",30
City Valencia Beach 360,4504803,Apartamento,Valencia,1,1,NA,2019/10/29,2019/10/30,0,"9,6",30
Mon Suites San Nicolas,4117225,Apartamentos,Valencia,1,1,€ 115,2019/10/29,2019/10/30,0,"9,2",30
Habitacion por dias Centro Valencia,3977106,NA,Valencia,1,1,€ 55,2019/10/29,2019/10/30,0,"7,8",30
Ilunion Valencia 3,92818,NA,Valencia,1,1,€ 55,2019/10/29,2019/10/30,3,"7,9",30
MD Design Hotel - Portal del Real,2391685,NA,Valencia,1,1,€ 115,2019/10/29,2019/10/30,2,"9,1",30
Apartamentos Valencia - Brazil 31 Free WiFi,4948554,Apartamento,Valencia,1,1,€ 118,2019/10/29,2019/10/30,0,9,30
Teixidors de Palomar,2639791,Apartamentos,Valencia,1,1,€ 119,2019/10/29,2019/10/30,0,"9,4",30
Cosy Rooms Tapinería,371192,NA,Valencia,1,1,€ 58,2019/10/29,2019/10/30,2,"7,5",30
Hotel Turia,14441,NA,Valencia,1,1,€ 59,2019/10/29,2019/10/30,4,"7,5",30
Hostal Bisbal,235665,NA,Valencia,1,1,€ 60,2019/10/29,2019/10/30,1,"7,5",30
Expo Hotel Valencia,91223,NA,Valencia,1,1,€ 60,2019/10/29,2019/10/30,3,"7,6",30
5 SENSES,3786890,Apartamento,Valencia,1,1,NA,2019/10/29,2019/10/30,0,"9,1",30
Casa Calle Conquista,4691493,Apartamento,Valencia,1,1,€ 300,2019/10/29,2019/10/30,0,"9,7",30
MD PASEO RUZAFA CENTER,5374850,Apartamento,Valencia,1,1,€ 1.030,2019/10/29,2019/10/30,0,"9,6",30
Cantagua Hostel,4074640,NA,Valencia,1,1,€ 38,2019/10/29,2019/10/30,0,"9,1",30
Apartamento Ruzafa Centro I,2006333,Apartamento,Valencia,1,1,€ 119,2019/10/29,2019/10/30,0,"9,2",30
Mon Suites San Martin,2777545,Apartamentos,Valencia,1,1,€ 119,2019/10/29,2019/10/30,0,"9,4",30
Luxury Center Plaza Redonda,5138960,Apartamento,Valencia,1,1,NA,2019/10/29,2019/10/30,0,"9,6",30
YOU & CO. Saler Beach Boutique,4533007,NA,Valencia,1,1,€ 55,2019/10/29,2019/10/30,3,"9,1",30
Habitación privada a 1500 metros de la playa,3789910,NA,Valencia,1,1,€ 60,2019/10/29,2019/10/30,0,"9,2",30
Valencia-Ruzafa Studio,3235983,Apartamento,Valencia,1,1,€ 120,2019/10/29,2019/10/30,0,"9,1",30
Apartamento Playa Wifi Gratis,3495634,Apartamento,Valencia,1,1,€ 120,2019/10/29,2019/10/30,0,"9,3",30
COZY APARTMENT VALENCIA CITY CENTER!,4886758,Apartamento,Valencia,1,1,€ 120,2019/10/29,2019/10/30,0,"9,3",30
Sorolla Centro,90896,NA,Valencia,1,1,€ 121,2019/10/29,2019/10/30,3,"9,1",30
Welcome Apartamentos Pintor Stolz 31 Valencia,5019066,Apartamento,Valencia,1,1,€ 122,2019/10/29,2019/10/30,0,"9,1",30
B&B Hotel Valencia Ciudad de las Ciencias,92242,NA,Valencia,1,1,€ 62,2019/10/29,2019/10/30,3,"7,5",30
Alex Apartment,1756374,Apartamento,Valencia,1,1,€ 64,2019/10/29,2019/10/30,0,"7,8",30
Jero Rooms,296743,NA,Valencia,1,1,€ 64,2019/10/29,2019/10/30,0,"7,7",30
United Colors of Studios - Mercado Central,2574108,Apartamentos,Valencia,1,1,€ 65,2019/10/29,2019/10/30,0,"7,8",30
Checkin Valencia,93743,NA,Valencia,1,1,€ 67,2019/10/29,2019/10/30,4,"7,8",30
City Center Apartments,4426057,Apartamentos,Valencia,1,1,€ 68,2019/10/29,2019/10/30,0,"7,8",30
Oceanografic Arts center 46,2929640,Apartamento,Valencia,1,1,NA,2019/10/29,2019/10/30,0,9,30
Apartamento Alguer,4005334,Apartamento,Valencia,1,1,€ 80,2019/10/29,2019/10/30,0,"7,6",30
APARTAMENTO LAS MELLIZAS,4651578,NA,Valencia,1,1,€ 45,2019/10/29,2019/10/30,0,"8,5",30
BUBUFLATS / Mercat,783206,Apartamentos,Valencia,1,1,€ 90,2019/10/29,2019/10/30,0,"8,9",30
Apartamento Tiziano,1528645,Apartamentos,Valencia,1,1,NA,2019/10/29,2019/10/30,0,"9,5",30
BUBUFLATS Mossén,1141763,Apartamentos,Valencia,1,1,€ 90,2019/10/29,2019/10/30,0,"8,9",30
Lotelito,570027,NA,Valencia,1,1,€ 91,2019/10/29,2019/10/30,0,"8,9",30
Pensión Alicante,298710,NA,Valencia,1,1,€ 37,2019/10/29,2019/10/30,0,"8,5",30
Art&Flats Bed&Breakfast,5238345,NA,Valencia,1,1,€ 40,2019/10/29,2019/10/30,0,"8,9",30
Apartment Cisneros 2,2361375,Apartamento,Valencia,1,1,NA,2019/10/29,2019/10/30,0,"9,7",30
Patacona Green Flats,292996,Apartamentos,Valencia,1,1,€ 81,2019/10/29,2019/10/30,0,"7,6",30
Torres Quart,3702234,Apartamentos,Valencia,1,1,€ 83,2019/10/29,2019/10/30,0,"7,5",30
Suites by Eric Olsan (L),4287413,Apartamentos,Valencia,1,1,€ 83,2019/10/29,2019/10/30,0,"7,5",30
Suites by Eric Olsan (Peset),4726296,Apartamentos,Valencia,1,1,€ 83,2019/10/29,2019/10/30,0,"7,4",30
Ad Hoc Monumental,90719,NA,Valencia,1,1,€ 92,2019/10/29,2019/10/30,3,"8,6",30
Plaza Sainetero Arniches,3984774,Apartamento,Valencia,1,1,€ 92,2019/10/29,2019/10/30,0,"8,5",30
Valencian Apartment,2298621,Apartamento,Valencia,1,1,€ 93,2019/10/29,2019/10/30,0,"8,9",30
Casual del Cine Valencia,572187,NA,Valencia,1,1,€ 94,2019/10/29,2019/10/30,2,"8,6",30
Casa Vich,4457634,Apartamento,Valencia,1,1,NA,2019/10/29,2019/10/30,0,"9,6",30
Perla Apartments,3146781,Apartamentos,Valencia,1,1,€ 95,2019/10/29,2019/10/30,0,"8,8",30
New Trendy apartment,2426154,Apartamento,Valencia,1,1,€ 95,2019/10/29,2019/10/30,0,"8,7",30
Melia Valencia,290493,NA,Valencia,1,1,€ 98,2019/10/29,2019/10/30,4,"8,8",30
Hotel Mediterraneo Valencia,92412,NA,Valencia,1,1,€ 98,2019/10/29,2019/10/30,3,"8,8",30
Hotel Dimar,90886,NA,Valencia,1,1,€ 99,2019/10/29,2019/10/30,4,"8,7",30
Citizentral Gascons,332095,Apartamentos,Valencia,1,1,€ 102,2019/10/29,2019/10/30,0,"8,8",30
Colors Rooms,675839,NA,Valencia,1,1,NA,2019/10/29,2019/10/30,0,"9,6",30
ValentiaApartments - MercadoCentral,4185241,Apartamentos,Valencia,1,1,€ 103,2019/10/29,2019/10/30,0,"8,8",30
Quart Youth Hostel,476418,NA,Valencia,1,1,€ 44,2019/10/29,2019/10/30,0,"8,6",30
Estrella de russafa,5352439,NA,Valencia,1,1,€ 45,2019/10/29,2019/10/30,0,"8,4",30
Melia Plaza Valencia,13270,NA,Valencia,1,1,€ 105,2019/10/29,2019/10/30,4,"8,9",30
Hola Valencia - Holiday Apartments,2818140,Apartamentos,Valencia,1,1,€ 105,2019/10/29,2019/10/30,0,"8,8",30
SKY TOURISTIC ATTIC,281640,Apartamentos,Valencia,1,1,€ 108,2019/10/29,2019/10/30,0,"8,5",30
Apartamentos Plaza Picasso,97063,Apartamentos,Valencia,1,1,€ 48,2019/10/29,2019/10/30,0,"8,5",30
Aventura,5567318,Apartamentos,Valencia,1,1,€ 50,2019/10/29,2019/10/30,0,"8,4",30
Russafa Youth Hostel,345134,NA,Valencia,1,1,€ 52,2019/10/29,2019/10/30,0,"8,6",30
Home Youth Hostel by Feetup Hostels,189322,NA,Valencia,1,1,€ 52,2019/10/29,2019/10/30,0,"8,8",30
Disfruta - Enjoy Valencia Oceanografic,4121345,Apartamento,Valencia,1,1,NA,2019/10/29,2019/10/30,0,"9,6",30
Namaste Rooms,3799642,NA,Valencia,1,1,€ 55,2019/10/29,2019/10/30,0,"8,7",30
Homestay Carrer Sagun,5006434,NA,Valencia,1,1,€ 56,2019/10/29,2019/10/30,0,"8,7",30
Friendly Rentals Schubert,1634221,Apartamentos,Valencia,1,1,€ 110,2019/10/29,2019/10/30,0,"8,9",30
City of Arts,3031480,Apartamento,Valencia,1,1,€ 110,2019/10/29,2019/10/30,0,"8,7",30
L'Esplai Valencia Bed & Breakfast,1282556,NA,Valencia,1,1,NA,2019/10/29,2019/10/30,0,"9,6",30
Friendly Rentals Ravel I,1634234,Apartamento,Valencia,1,1,€ 110,2019/10/29,2019/10/30,0,"8,8",30
B&B Almirante,369695,NA,Valencia,1,1,€ 57,2019/10/29,2019/10/30,1,"8,8",30
Balcón Al Mar,295109,NA,Valencia,1,1,€ 58,2019/10/29,2019/10/30,0,"8,5",30
Friendly Rentals Brade,1918694,Apartamento,Valencia,1,1,€ 110,2019/10/29,2019/10/30,0,"8,8",30
Les flors,3985046,Apartamento,Valencia,1,1,€ 111,2019/10/29,2019/10/30,0,"8,7",30
Friendly Rentals Casals,1769176,Apartamento,Valencia,1,1,€ 115,2019/10/29,2019/10/30,0,"8,7",30
Hotel Malcom and Barret,483261,NA,Valencia,1,1,€ 59,2019/10/29,2019/10/30,3,"8,7",30
Hulot B&B Valencia,585429,NA,Valencia,1,1,€ 59,2019/10/29,2019/10/30,0,"8,5",30
Flats Piera Valencia Center,1490563,Apartamentos,Valencia,1,1,NA,2019/10/29,2019/10/30,0,"9,7",30
Catalonia Excelsior,90578,NA,Valencia,1,1,€ 120,2019/10/29,2019/10/30,3,"8,7",30
Pio XII Apartments Valencia,402080,Apartamentos,Valencia,1,1,€ 60,2019/10/29,2019/10/30,0,"8,5",30
Sabía que venias!,3543756,NA,Valencia,1,1,€ 60,2019/10/29,2019/10/30,0,"8,6",30
ABCyou Bed&Breakfast,189207,NA,Valencia,1,1,€ 64,2019/10/29,2019/10/30,0,"8,5",30
Buho House,3777691,Apartahotel,Valencia,1,1,€ 64,2019/10/29,2019/10/30,0,"8,5",30
UNIK. Apartments Valencia,2241282,Apartamentos,Valencia,1,1,€ 65,2019/10/29,2019/10/30,0,"8,5",30
Sampedor Apartment,435662,Apartamentos,Valencia,1,1,€ 52,2019/10/29,2019/10/30,0,7,30
B&B El Mercat,2203530,NA,Valencia,1,1,€ 55,2019/10/29,2019/10/30,0,"7,3",30
APARTAMENTO CENTRICO. WI-FI. PARKING,2967593,Apartamento,Valencia,1,1,NA,2019/10/29,2019/10/30,0,"9,1",30
Coroa del Mar,1549399,Apartamentos,Valencia,1,1,€ 56,2019/10/29,2019/10/30,0,"7,1",30
Plaza Redonda house.,4399973,NA,Valencia,1,1,€ 58,2019/10/29,2019/10/30,0,"7,4",30
The Westin Valencia,93321,NA,Valencia,1,1,€ 188,2019/10/29,2019/10/30,5,"8,6",30
Cosy Rooms Bolsería,371606,NA,Valencia,1,1,€ 59,2019/10/29,2019/10/30,2,"7,4",30
Avenida del Cid (Centrico),4737683,Apartamento,Valencia,1,1,€ 59,2019/10/29,2019/10/30,0,"7,1",30
Cosy Rooms Embajador,369728,NA,Valencia,1,1,€ 61,2019/10/29,2019/10/30,2,"7,4",30
Valencia city,3673068,Apartamentos,Valencia,1,1,€ 68,2019/10/29,2019/10/30,0,"8,7",30
Casa La Buhardilla,2985364,Apartamento,Valencia,1,1,NA,2019/10/29,2019/10/30,0,"9,6",30
Turia Town,4064373,Apartamentos,Valencia,1,1,€ 69,2019/10/29,2019/10/30,0,"8,8",30
Moon Valencia,3560698,Apartamentos,Valencia,1,1,€ 70,2019/10/29,2019/10/30,0,"8,8",30
Soho Valencia,1538641,Apartahotel,Valencia,1,1,€ 70,2019/10/29,2019/10/30,0,"8,9",30
Vincci Palace,94163,NA,Valencia,1,1,€ 188,2019/10/29,2019/10/30,4,"8,6",30
Valencian Dreams,3268804,Apartamento,Valencia,1,1,NA,2019/10/29,2019/10/30,0,"9,8",30
Canela`s Vintage Ruzafa Centro,4652584,Apartamento,Valencia,1,1,€ 200,2019/10/29,2019/10/30,0,"8,5",30
SH Valencia Palace,91497,NA,Valencia,1,1,€ 203,2019/10/29,2019/10/30,5,"8,5",30
Hotel Valencia Oceanic Managed by Melia Hotels International,91522,NA,Valencia,1,1,€ 206,2019/10/29,2019/10/30,4,"8,6",30
El Coso,14580,NA,Valencia,1,1,€ 82,2019/10/29,2019/10/30,3,"8,2",30
Ilunion Valencia 4,754329,NA,Valencia,1,1,€ 83,2019/10/29,2019/10/30,4,"8,1",30
Mediterranean Flats Plaza Redonda,4086496,Apartamentos,Valencia,1,1,NA,2019/10/29,2019/10/30,0,"9,2",30
Casa de Vacaciones Pintor Vilar,2093863,Apartamento,Valencia,1,1,€ 222,2019/10/29,2019/10/30,0,"8,9",30
Vincci Lys,91183,NA,Valencia,1,1,€ 228,2019/10/29,2019/10/30,4,"8,9",30
Carrer de l'Escriptor Rafael Ferreres,4267645,Apartamento,Valencia,1,1,€ 70,2019/10/29,2019/10/30,0,"8,6",30
Valencia maritimo,3020748,Apartamento,Valencia,1,1,€ 70,2019/10/29,2019/10/30,0,"8,9",30
Hostal la Barraca,350013,NA,Valencia,1,1,€ 63,2019/10/29,2019/10/30,0,"7,2",30
Center Valencia,2944722,Casa o chalet,Valencia,1,1,NA,2019/10/29,2019/10/30,0,"9,3",30
Malvarrosa Beach Rooms,314048,NA,Valencia,1,1,€ 68,2019/10/29,2019/10/30,2,7,30
Almiserat,3054886,Apartamento,Valencia,1,1,€ 70,2019/10/29,2019/10/30,0,"7,1",30
Mi casa es vuestra casa,4967097,NA,Valencia,1,1,€ 70,2019/10/29,2019/10/30,0,"7,1",30
NWT Monserrat,3728842,Apartamentos,Valencia,1,1,€ 72,2019/10/29,2019/10/30,0,7,30
Casual de las Artes Valencia,538056,NA,Valencia,1,1,€ 85,2019/10/29,2019/10/30,3,"8,4",30
Senator Parque Central Hotel,274963,NA,Valencia,1,1,€ 90,2019/10/29,2019/10/30,4,"8,1",30
NH Ciudad de Valencia,90729,NA,Valencia,1,1,€ 91,2019/10/29,2019/10/30,3,"8,1",30
Hospes Palau de La Mar,93823,NA,Valencia,1,1,€ 270,2019/10/29,2019/10/30,5,"8,8",30
VIVIENDA DISEÑO CON JARDÍN INTERIOR,4314054,Apartamento,Valencia,1,1,NA,2019/10/29,2019/10/30,0,"9,7",30
SingularStays Parque Central,3054000,Apartamentos,Valencia,1,1,€ 278,2019/10/29,2019/10/30,0,"8,8",30
Center Valencia Youth Hostel,246931,NA,Valencia,1,1,€ 20,2019/10/29,2019/10/30,0,8,30
RoomTuristValencia RuzafaSumsi,4682802,NA,Valencia,1,1,€ 35,2019/10/29,2019/10/30,0,"4,6",30
Malvarosa,3820590,Apartamento,Valencia,1,1,€ 90,2019/10/29,2019/10/30,0,"4,1",30
Preciosa Casa,2866116,Apartamento,Valencia,1,1,NA,2019/10/29,2019/10/30,0,"9,3",30
NH Valencia Center,90727,NA,Valencia,1,1,€ 93,2019/10/29,2019/10/30,4,"8,3",30
NH Valencia Las Ciencias,90725,NA,Valencia,1,1,€ 96,2019/10/29,2019/10/30,3,8,30
Habitación en valencia centro,5418023,NA,Valencia,1,1,€ 29,2019/10/29,2019/10/30,0,"8,2",30
Purple Nest Hostel,25278,NA,Valencia,1,1,€ 38,2019/10/29,2019/10/30,0,"8,2",30
HOSTAL BED OF THE SEA,3974636,NA,Valencia,1,1,€ 72,2019/10/29,2019/10/30,0,"7,1",30
Centro Valencia Calle Cerrajeros,3476261,NA,Valencia,1,1,€ 75,2019/10/29,2019/10/30,0,"7,1",30
Rosa del mar2,4259814,Apartamento,Valencia,1,1,NA,2019/10/29,2019/10/30,0,"9,1",30
Valencia Apartments,4367788,Apartamentos,Valencia,1,1,€ 78,2019/10/29,2019/10/30,0,7,30
Eurostars Rey Don Jaime,91520,NA,Valencia,1,1,€ 98,2019/10/29,2019/10/30,4,"8,2",30
Splendid house in Valencia,3091182,Apartamentos,Valencia,1,1,NA,2019/10/29,2019/10/30,0,"9,3",30
Apartamento Privado Próximo a Playa y Ciencias,3783163,Apartamento,Valencia,1,1,€ 100,2019/10/29,2019/10/30,0,"8,2",30
Constitucion Guesthouse,2985942,NA,Valencia,1,1,€ 30,2019/10/29,2019/10/30,0,"3,5",30
Apartamento Islas Canarias,2304086,Apartamento,Valencia,1,1,€ 48,2019/10/29,2019/10/30,0,"3,8",30
Bright room with trundle bed,5560260,NA,Valencia,1,1,€ 46,2019/10/29,2019/10/30,0,,30
Holiday Inn Express Ciudad de las Ciencias,96737,NA,Valencia,1,1,€ 110,2019/10/29,2019/10/30,3,8,30
Friendly Rentals Puerto Deportivo,2317861,Apartamentos,Valencia,1,1,€ 110,2019/10/29,2019/10/30,0,"8,2",30
Valencia Apartmans El Carmen,847910,Apartamentos,Valencia,1,1,€ 83,2019/10/29,2019/10/30,0,"7,3",30
Accommodation Beach Apartments,1001766,Apartamentos,Valencia,1,1,€ 120,2019/10/29,2019/10/30,0,"7,2",30
Select Home Catedral,440778,Apartamentos,Valencia,1,1,€ 170,2019/10/29,2019/10/30,0,"7,1",30
vosotros sereis parte de mi familia.,5299568,NA,Valencia,1,1,€ 50,2019/10/29,2019/10/30,0,,30
Aventura Valencia 2,5604325,NA,Valencia,1,1,€ 50,2019/10/29,2019/10/30,0,,30
Florista's Room en Valencia,5502152,NA,Valencia,1,1,€ 50,2019/10/29,2019/10/30,0,,30
Silken Puerta Valencia,91182,NA,Valencia,1,1,€ 111,2019/10/29,2019/10/30,4,"8,3",30
Ilunion Aqua 3,92776,NA,Valencia,1,1,€ 111,2019/10/29,2019/10/30,3,"8,3",30
Friendly Rentals ABC,3656596,Apartamento,Valencia,1,1,€ 115,2019/10/29,2019/10/30,0,"8,3",30
Select Home Town Hall,1648016,Apartamentos,Valencia,1,1,€ 195,2019/10/29,2019/10/30,0,"7,4",30
Dreams Rental City Hall,337092,Apartamentos,Valencia,1,1,€ 280,2019/10/29,2019/10/30,0,"7,4",30
Apartamento Valencia Center,410101,Apartamentos,Valencia,1,1,NA,2019/10/29,2019/10/30,0,"9,4",30
MD Puerto Rico Apartment Ruzafa,3737151,Apartamento,Valencia,1,1,€ 341,2019/10/29,2019/10/30,0,"7,4",30
Piso en Malvarrosa,2574698,Apartamento,Valencia,1,1,NA,2019/10/29,2019/10/30,0,"9,1",30
Habitaciones con encanto,5629632,NA,Valencia,1,1,€ 50,2019/10/29,2019/10/30,0,,30
Rooms El Picolino,5326859,NA,Valencia,1,1,€ 52,2019/10/29,2019/10/30,0,,30
Apartamentos Edificio Palomar,189277,Apartamentos,Valencia,1,1,NA,2019/10/29,2019/10/30,0,"9,2",30
Loft by the Beach,4441671,Apartamento,Valencia,1,1,€ 115,2019/10/29,2019/10/30,0,"8,4",30
Hotel Conqueridor,91047,NA,Valencia,1,1,€ 117,2019/10/29,2019/10/30,4,"8,4",30
Apartamentos Sollana 18 Cerca de les Arts i les Ciencies Valencia- FREE WI-FI,5232423,Apartamento,Valencia,1,1,€ 118,2019/10/29,2019/10/30,0,8,30
Brugada home,5259150,NA,Valencia,1,1,€ 55,2019/10/29,2019/10/30,0,,30
Lindala,5250762,NA,Valencia,1,1,€ 59,2019/10/29,2019/10/30,0,,30
Hogar Dulce Hogar,5426607,NA,Valencia,1,1,€ 60,2019/10/29,2019/10/30,0,,30
Apartamento cerca de la playa y de la ciudad,3372933,Apartamento,Valencia,1,1,€ 64,2019/10/29,2019/10/30,0,,30
Habitacion Barata Valencia,3931013,NA,Valencia,1,1,€ 41,2019/10/29,2019/10/30,0,8,30
B&B Hi Valencia Canovas,305349,NA,Valencia,1,1,€ 42,2019/10/29,2019/10/30,0,"8,3",30
MD Villalonga Malvarosa Beach,3739661,Apartamento,Valencia,1,1,€ 490,2019/10/29,2019/10/30,0,"7,1",30
Ruzafa Rooms,2891693,NA,Valencia,1,1,€ 45,2019/10/29,2019/10/30,0,"6,9",30
Guest House Lebon,3124256,NA,Valencia,1,1,€ 45,2019/10/29,2019/10/30,0,"6,8",30
VALENCIA APARTAMENTO GOYA GRAN TERRAZA,4660558,Apartamento,Valencia,1,1,NA,2019/10/29,2019/10/30,0,"9,6",30
Red Nest Hostel,92283,NA,Valencia,1,1,€ 44,2019/10/29,2019/10/30,0,"8,1",30
Habitacion en Valencia Barata,4861796,NA,Valencia,1,1,€ 45,2019/10/29,2019/10/30,0,"8,2",30
Moderno Apartamento En Centro Ciudad,2181356,Apartamento,Valencia,1,1,NA,2019/10/29,2019/10/30,0,"9,4",30
Valencia- habitacion,5366858,NA,Valencia,1,1,€ 65,2019/10/29,2019/10/30,0,,30
Comfort Homestay,5423155,NA,Valencia,1,1,€ 67,2019/10/29,2019/10/30,0,,30
Welcome Platanos 13 Valencia Beautiful apartments with terrace,5095795,Apartamento,Valencia,1,1,€ 119,2019/10/29,2019/10/30,0,"8,1",30
Hotel Valencia Center,91285,NA,Valencia,1,1,€ 122,2019/10/29,2019/10/30,4,"8,4",30
Bonito Apartamento- confortable y bien comunicado,5572090,Apartamento,Valencia,1,1,€ 68,2019/10/29,2019/10/30,0,,30
Loft Turia Gran,5133726,Apartamento,Valencia,1,1,€ 80,2019/10/29,2019/10/30,0,,30
Hotel Cosmo,4838858,NA,Valencia,1,1,€ 89,2019/10/29,2019/10/30,3,,30
Geography and Arts.,3569110,NA,Valencia,1,1,€ 60,2019/10/29,2019/10/30,0,"6,9",30
Hostal Abastos,257057,NA,Valencia,1,1,€ 45,2019/10/29,2019/10/30,2,"8,2",30
Pension MonaLisa Luxury Suites,3834224,NA,Valencia,1,1,€ 48,2019/10/29,2019/10/30,0,"8,2",30
Apartamentos Valencia,1007682,Apartamentos,Valencia,1,1,€ 50,2019/10/29,2019/10/30,0,"8,2",30
Piso cercano al centro ( 5 min BUS),5607299,Apartamento,Valencia,1,1,€ 89,2019/10/29,2019/10/30,0,,30
Calle Mora De Rubielos,2854363,Apartamento,Valencia,1,1,NA,2019/10/29,2019/10/30,0,"9,4",30
Casa Adosada Quintero,5481770,Casa o chalet,Valencia,1,1,€ 103,2019/10/29,2019/10/30,0,,30
Apartamentos Artesa 22 Valencia,5546723,Apartamento,Valencia,1,1,€ 112,2019/10/29,2019/10/30,0,,30
Casa Mati,4217185,NA,Valencia,1,1,€ 50,2019/10/29,2019/10/30,0,"8,3",30
ApartUP Mestalla Home,3300511,Apartamento,Valencia,1,1,NA,2019/10/29,2019/10/30,0,"9,5",30
Apartamento Gutenberg,1327120,Apartamentos,Valencia,1,1,€ 55,2019/10/29,2019/10/30,0,"8,1",30
Primus Valencia,331871,NA,Valencia,1,1,€ 122,2019/10/29,2019/10/30,4,"8,3",30
Homelirose Apartaments,3140406,Apartamento,Valencia,1,1,NA,2019/10/29,2019/10/30,0,"9,3",30
Friendly Rentals Gimenez,1634242,Apartamento,Valencia,1,1,€ 125,2019/10/29,2019/10/30,0,"8,2",30
Zerka Centro,4425975,Apartamentos,Valencia,1,1,€ 129,2019/10/29,2019/10/30,0,"8,3",30
Hotel Olympia Universidades,1301731,NA,Valencia,1,1,€ 56,2019/10/29,2019/10/30,3,"8,4",30
Hotel Villacarlos,90730,NA,Valencia,1,1,€ 58,2019/10/29,2019/10/30,3,8,30
Patacona Beach Apartment,4533678,Apartamento,Valencia,1,1,€ 130,2019/10/29,2019/10/30,0,"8,3",30
Apartamento frente al mar,3060802,Apartamento,Valencia,1,1,€ 130,2019/10/29,2019/10/30,0,"8,3",30
Apartamentos Dormavalencia,4450983,Apartamentos,Valencia,1,1,€ 141,2019/10/29,2019/10/30,0,"8,4",30
RAVALENCIA 4,3377937,Apartamento,Valencia,1,1,€ 124,2019/10/29,2019/10/30,0,,30
Kirei Apartment Dublin,4639542,Apartamento,Valencia,1,1,€ 137,2019/10/29,2019/10/30,0,,30
The White Apartment: Luxury- Beach and Design,5631365,Apartamento,Valencia,1,1,€ 167,2019/10/29,2019/10/30,0,,30
Style Apartments Puerto,1558265,Apartamentos,Valencia,1,1,€ 59,2019/10/29,2019/10/30,0,"8,1",30
Dormavalencia Hostel,249585,NA,Valencia,1,1,€ 59,2019/10/29,2019/10/30,1,"8,2",30
