name,propertyId,propertyType,city,rooms,days,price,checkIn,checkOut,stars,score,advance
Hotel Cosmo,4838858,NA,Valencia,1,1,€ 162,2019/11/29,2019/11/30,3,,60
The White Apartment: Luxury- Beach and Design,5631365,Apartamento,Valencia,1,1,€ 167,2019/11/29,2019/11/30,0,,60
Hostal Antigua Morellana,1273937,NA,Valencia,1,1,NA,2019/11/29,2019/11/30,1,"9,5",60
"Flat ""Ca Alexandre""",3687859,Apartamento,Valencia,1,1,€ 240,2019/11/29,2019/11/30,0,,60
Apartamento con terraza,5238122,Apartahotel,Valencia,1,1,€ 240,2019/11/29,2019/11/30,0,,60
SORNELLS-RUZAFA,3671921,Apartamentos,Valencia,1,1,€ 250,2019/11/29,2019/11/30,0,,60
Apartment Carrer de Don Juan de Austria,5464038,Apartamentos,Valencia,1,1,€ 486,2019/11/29,2019/11/30,0,,60
Governor Residence,3799760,Apartahotel,Valencia,1,1,€ 600,2019/11/29,2019/11/30,0,,60
Apartment Carrer de Cadis,5531328,Apartamentos,Valencia,1,1,€ 648,2019/11/29,2019/11/30,0,,60
LOFT apartamento duplex en Valencia con parking,5519008,Apartamento,Valencia,1,1,€ 65,2019/11/29,2019/11/30,0,"9,8",60
Apartamento luminoso y acogedor,3489126,Apartamento,Valencia,1,1,€ 78,2019/11/29,2019/11/30,0,"9,5",60
VALENCIA APARTAMENTO GOYA,4256653,Apartamento,Valencia,1,1,NA,2019/11/29,2019/11/30,0,10,60
Bubuflats Bubu 3,1014334,Apartamentos,Valencia,1,1,€ 100,2019/11/29,2019/11/30,0,"9,6",60
Olympia Flats,4212801,NA,Valencia,1,1,€ 70,2019/11/29,2019/11/30,0,"9,8",60
Valencian Dreams Lonja,4757385,Apartamento,Valencia,1,1,€ 146,2019/11/29,2019/11/30,0,"9,8",60
Disfruta - Enjoy Valencia Oceanografic,4121345,Apartamento,Valencia,1,1,€ 179,2019/11/29,2019/11/30,0,"9,6",60
Ramirez Flats & Bar,4124528,Apartahotel,Valencia,1,1,€ 216,2019/11/29,2019/11/30,0,"9,5",60
MARQUÉS HOUSE 4* SUP,2118880,NA,Valencia,1,1,€ 259,2019/11/29,2019/11/30,4,"9,4",60
Cómoda habitación Valencia,4200488,NA,Valencia,1,1,NA,2019/11/29,2019/11/30,0,"9,5",60
Cantagua Hostel,4074640,NA,Valencia,1,1,€ 48,2019/11/29,2019/11/30,0,"9,1",60
Bianca,4232781,Apartamento,Valencia,1,1,€ 69,2019/11/29,2019/11/30,0,9,60
Host & Home,1663785,NA,Valencia,1,1,€ 74,2019/11/29,2019/11/30,0,9,60
Apartamento bianca,3205847,Apartamento,Valencia,1,1,€ 80,2019/11/29,2019/11/30,0,"9,1",60
Una Ubicacion Perfecta,3114164,Apartamentos,Valencia,1,1,€ 85,2019/11/29,2019/11/30,0,"9,1",60
Atico de Lujo,2142556,Apartamento,Valencia,1,1,€ 85,2019/11/29,2019/11/30,0,"9,2",60
Hexagonal Design Apartment Valencia,4630643,Apartamento,Valencia,1,1,NA,2019/11/29,2019/11/30,0,"9,5",60
El Cid,2740801,Apartamento,Valencia,1,1,€ 85,2019/11/29,2019/11/30,0,9,60
Apartamento en la Ciudad de las ciencias,2837499,Casa o chalet,Valencia,1,1,€ 90,2019/11/29,2019/11/30,0,"9,2",60
Calle de Frederica Montseny 'Política' Casa o chalet,5152866,Casa o chalet,Valencia,1,1,€ 95,2019/11/29,2019/11/30,0,"9,4",60
Live in Chianti,2227491,NA,Valencia,1,1,€ 95,2019/11/29,2019/11/30,0,"9,1",60
La casita de Palomar,2132386,Apartamentos,Valencia,1,1,€ 99,2019/11/29,2019/11/30,0,"9,3",60
BUBUSUITES by Bubuflats,2389776,NA,Valencia,1,1,€ 100,2019/11/29,2019/11/30,0,"9,3",60
La Casa Verde - Ruzafa,2029143,Apartamento,Valencia,1,1,NA,2019/11/29,2019/11/30,0,"9,7",60
Apartamento cerca de la Playa y el Centro,2620264,Apartamento,Valencia,1,1,€ 100,2019/11/29,2019/11/30,0,9,60
Blanq Comedias,4922002,NA,Valencia,1,1,€ 104,2019/11/29,2019/11/30,0,"9,1",60
Piso como en tu casa 2,3834617,Apartamentos,Valencia,1,1,€ 106,2019/11/29,2019/11/30,0,"9,1",60
Hostal Venecia,92883,NA,Valencia,1,1,€ 112,2019/11/29,2019/11/30,2,"9,1",60
Apartamentos La más Bonita,2816245,Apartamentos,Valencia,1,1,€ 113,2019/11/29,2019/11/30,0,9,60
City Suites Apartments,3091106,NA,Valencia,1,1,€ 102,2019/11/29,2019/11/30,0,"8,4",60
MD Modern Hotel - Jardines,305447,NA,Valencia,1,1,€ 109,2019/11/29,2019/11/30,1,"8,3",60
Apartamento Frederick “Centrico y con Clase”,4236394,Apartamento,Valencia,1,1,NA,2019/11/29,2019/11/30,0,"9,7",60
Apartamento Privado Próximo a Playa y Ciencias,3783163,Apartamento,Valencia,1,1,€ 120,2019/11/29,2019/11/30,0,"8,1",60
Happy Apartments Valencia,456043,Apartamentos,Valencia,1,1,€ 120,2019/11/29,2019/11/30,0,"8,2",60
Senator Parque Central Hotel,274963,NA,Valencia,1,1,€ 125,2019/11/29,2019/11/30,4,"8,1",60
Tryp Valencia Feria,92852,NA,Valencia,1,1,€ 126,2019/11/29,2019/11/30,4,"8,3",60
Sweet Hotel Renasa,274818,NA,Valencia,1,1,€ 129,2019/11/29,2019/11/30,3,8,60
Happy Apartments Valencia – Lope de Vega,575582,Apartamentos,Valencia,1,1,€ 129,2019/11/29,2019/11/30,0,"8,1",60
Travel Habitat Ático Ciutat Vella.,3264750,Apartamento,Valencia,1,1,NA,2019/11/29,2019/11/30,0,"9,5",60
Casual de las Artes Valencia,538056,NA,Valencia,1,1,€ 136,2019/11/29,2019/11/30,3,"8,4",60
Hotel Valencia Center,91285,NA,Valencia,1,1,€ 140,2019/11/29,2019/11/30,4,"8,4",60
Silken Puerta Valencia,91182,NA,Valencia,1,1,€ 145,2019/11/29,2019/11/30,4,"8,3",60
NH Valencia Center,90727,NA,Valencia,1,1,€ 157,2019/11/29,2019/11/30,4,"8,3",60
Hotel Medium Valencia,96838,NA,Valencia,1,1,€ 162,2019/11/29,2019/11/30,4,"8,2",60
Hotel Conqueridor,91047,NA,Valencia,1,1,€ 162,2019/11/29,2019/11/30,4,"8,4",60
So de Mar,2204496,Apartamento,Valencia,1,1,NA,2019/11/29,2019/11/30,0,"9,6",60
Melia Valencia,290493,NA,Valencia,1,1,€ 130,2019/11/29,2019/11/30,4,"8,8",60
City of Arts,3031480,Apartamento,Valencia,1,1,€ 130,2019/11/29,2019/11/30,0,"8,7",60
Apartment Sofi,2830696,Apartamento,Valencia,1,1,NA,2019/11/29,2019/11/30,0,"9,8",60
Citizentral Gascons,332095,Apartamentos,Valencia,1,1,€ 134,2019/11/29,2019/11/30,0,"8,8",60
Dreams Rental City Hall,337092,Apartamentos,Valencia,1,1,€ 280,2019/11/29,2019/11/30,0,"7,5",60
Peset Silence,3698967,Apartamento,Valencia,1,1,€ 300,2019/11/29,2019/11/30,0,"7,5",60
TTdSSa VLC: Casa de las Aguas- 4 pax 2 Bedrooms,4069236,Apartamento,Valencia,1,1,NA,2019/11/29,2019/11/30,0,"9,7",60
Hotel Dimar,90886,NA,Valencia,1,1,€ 135,2019/11/29,2019/11/30,4,"8,7",60
Hotel Kramer,91106,NA,Valencia,1,1,€ 136,2019/11/29,2019/11/30,3,"8,8",60
Valenciaflats Centro Histórico,94781,Apartamentos,Valencia,1,1,€ 138,2019/11/29,2019/11/30,0,"8,7",60
NH Ciudad de Valencia,90729,NA,Valencia,1,1,€ 166,2019/11/29,2019/11/30,3,"8,1",60
Loft el Carmen amazing views,4932621,Apartamento,Valencia,1,1,€ 182,2019/11/29,2019/11/30,0,"8,1",60
Mercado Central Rooms & Breakfast,2515022,NA,Valencia,1,1,€ 185,2019/11/29,2019/11/30,0,"8,1",60
Valenciaflats Torres de Serrano,17468,Apartamentos,Valencia,1,1,€ 198,2019/11/29,2019/11/30,0,"8,3",60
Apartment Plaza de la Merced,3457190,Apartamento,Valencia,1,1,€ 470,2019/11/29,2019/11/30,0,"7,9",60
Habitación con cama doble,4794909,NA,Valencia,1,1,€ 36,2019/11/29,2019/11/30,0,7,60
feliz como en casa,3676196,NA,Valencia,1,1,€ 36,2019/11/29,2019/11/30,0,"7,2",60
Hostal Residencial RR,450746,NA,Valencia,1,1,€ 38,2019/11/29,2019/11/30,0,7,60
Vlc Apartaments el Carmen,389902,Apartamentos,Valencia,1,1,€ 220,2019/11/29,2019/11/30,0,"8,2",60
Zerka Centro,4425975,Apartamentos,Valencia,1,1,€ 238,2019/11/29,2019/11/30,0,"8,3",60
Apartamento Tiziano,1528645,Apartamentos,Valencia,1,1,NA,2019/11/29,2019/11/30,0,"9,5",60
Ilunion Valencia 4,754329,NA,Valencia,1,1,€ 240,2019/11/29,2019/11/30,4,"8,1",60
Hotel San Lorenzo Boutique,1307718,NA,Valencia,1,1,€ 142,2019/11/29,2019/11/30,3,"8,6",60
Casual Vintage Valencia,1710241,NA,Valencia,1,1,€ 146,2019/11/29,2019/11/30,2,"8,6",60
Garden Turia Downtown,5201200,Apartamento,Valencia,1,1,NA,2019/11/29,2019/11/30,0,"9,9",60
Hotel Malcom and Barret,483261,NA,Valencia,1,1,€ 149,2019/11/29,2019/11/30,3,"8,7",60
One Shot Palacio Reina Victoria 04,90885,NA,Valencia,1,1,€ 152,2019/11/29,2019/11/30,4,"8,6",60
Petit Palace Ruzafa,90792,NA,Valencia,1,1,€ 159,2019/11/29,2019/11/30,3,"8,7",60
Petit Palace Plaza de la Reina,90443,NA,Valencia,1,1,€ 161,2019/11/29,2019/11/30,3,"8,7",60
Malvarrosa Calle Pavia,3608764,Casa o chalet,Valencia,1,1,€ 271,2019/11/29,2019/11/30,0,8,60
Eurostars Rey Don Jaime,91520,NA,Valencia,1,1,€ 287,2019/11/29,2019/11/30,4,"8,2",60
Eurostars Gran Valencia,90484,NA,Valencia,1,1,€ 302,2019/11/29,2019/11/30,4,"8,4",60
UP Hostel Valencia,1710137,NA,Valencia,1,1,€ 28,2019/11/29,2019/11/30,0,"7,7",60
ValentiaApartments - MercadoCentral,4185241,Apartamentos,Valencia,1,1,€ 166,2019/11/29,2019/11/30,0,"8,8",60
Barceló Valencia,91988,NA,Valencia,1,1,€ 167,2019/11/29,2019/11/30,4,"8,7",60
Valencia Just in the Middle,2965508,Apartamento,Valencia,1,1,NA,2019/11/29,2019/11/30,0,"9,9",60
Hotel Valencia Oceanic Managed by Melia Hotels International,91522,NA,Valencia,1,1,€ 168,2019/11/29,2019/11/30,4,"8,6",60
AC Hotel Colon Valencia,1117150,NA,Valencia,1,1,€ 168,2019/11/29,2019/11/30,4,"8,7",60
La Flamenca,818359,NA,Valencia,1,1,€ 40,2019/11/29,2019/11/30,0,"7,2",60
HOSPEDAJE PESET,4718074,NA,Valencia,1,1,€ 40,2019/11/29,2019/11/30,0,"7,3",60
Loft in ehemaligem Fischer Haus,2952760,Apartamento,Valencia,1,1,NA,2019/11/29,2019/11/30,0,"9,5",60
B&B El Mercat,2203530,NA,Valencia,1,1,€ 50,2019/11/29,2019/11/30,0,"7,3",60
Cathedral Suites Hotel,1736257,Apartahotel,Valencia,1,1,€ 169,2019/11/29,2019/11/30,4,"8,9",60
Hi Valencia Cánovas,4312120,Apartamentos,Valencia,1,1,€ 174,2019/11/29,2019/11/30,0,"8,9",60
Zenit Valencia,92327,NA,Valencia,1,1,€ 176,2019/11/29,2019/11/30,4,"8,8",60
SKY TOURISTIC ATTIC,281640,Apartamentos,Valencia,1,1,€ 180,2019/11/29,2019/11/30,0,"8,5",60
Apartamento,3139431,Apartamento,Valencia,1,1,NA,2019/11/29,2019/11/30,0,"9,5",60
Habitacion Apartamento soleado Plaza Escultor Frechina,4865043,NA,Valencia,1,1,€ 50,2019/11/29,2019/11/30,0,"7,1",60
Centro Valencia Calle Cerrajeros,3476261,NA,Valencia,1,1,€ 50,2019/11/29,2019/11/30,0,"7,1",60
PISO ACOGEDOR,4995780,NA,Valencia,1,1,€ 50,2019/11/29,2019/11/30,0,"7,1",60
SH Valencia Palace,91497,NA,Valencia,1,1,€ 184,2019/11/29,2019/11/30,5,"8,5",60
Lotelito,570027,NA,Valencia,1,1,€ 184,2019/11/29,2019/11/30,0,"8,9",60
Catalonia Excelsior,90578,NA,Valencia,1,1,€ 200,2019/11/29,2019/11/30,3,"8,7",60
AC Hotel Valencia,91063,NA,Valencia,1,1,€ 204,2019/11/29,2019/11/30,4,"8,5",60
Hostal Waksman,281139,NA,Valencia,1,1,€ 55,2019/11/29,2019/11/30,1,"7,3",60
Beautiful early 20th century room,3563293,NA,Valencia,1,1,€ 64,2019/11/29,2019/11/30,0,"7,3",60
Apartamento torres serrano,4622232,Apartamento,Valencia,1,1,NA,2019/11/29,2019/11/30,0,"9,5",60
Mi casa es vuestra casa,4967097,NA,Valencia,1,1,€ 70,2019/11/29,2019/11/30,0,"7,1",60
Exclusive Beach Apartment,4641691,Apartamento,Valencia,1,1,€ 205,2019/11/29,2019/11/30,0,"8,9",60
HOSTAL BED OF THE SEA,3974636,NA,Valencia,1,1,€ 80,2019/11/29,2019/11/30,0,"7,1",60
Lujoso Apartamento En El Carmen,2814452,Apartamento,Valencia,1,1,€ 88,2019/11/29,2019/11/30,0,"7,4",60
Central Station Valencia Hostel,1647017,NA,Valencia,1,1,€ 88,2019/11/29,2019/11/30,0,"7,1",60
Guest House Samuel Ros,4161855,NA,Valencia,1,1,€ 90,2019/11/29,2019/11/30,0,"7,3",60
La Casa dei Fiori,2849727,Apartamento,Valencia,1,1,€ 117,2019/11/29,2019/11/30,0,"7,1",60
L'Esplai Valencia Bed & Breakfast,1282556,NA,Valencia,1,1,NA,2019/11/29,2019/11/30,0,"9,6",60
Kirei Apartment En Llop,1765516,Apartamentos,Valencia,1,1,€ 137,2019/11/29,2019/11/30,0,7,60
Best Valencia Beach Flat,3246772,Apartamento,Valencia,1,1,€ 192,2019/11/29,2019/11/30,0,"7,1",60
Habitación en Colon,2246576,NA,Valencia,1,1,€ 45,2019/11/29,2019/11/30,0,"6,7",60
Ruzafa Rooms,2891693,NA,Valencia,1,1,€ 47,2019/11/29,2019/11/30,0,"6,8",60
Guest House Lebon,3124256,NA,Valencia,1,1,€ 100,2019/11/29,2019/11/30,0,"6,8",60
Las Arenas Balneario Resort,91144,NA,Valencia,1,1,€ 198,2019/11/29,2019/11/30,5,9,60
Rooms Ciencias,94126,NA,Valencia,1,1,€ 198,2019/11/29,2019/11/30,0,9,60
BONNIES Suites & Spa Valencia,3631910,Apartamentos,Valencia,1,1,NA,2019/11/29,2019/11/30,0,"9,8",60
Arena's Apartament,2156905,Apartamento,Valencia,1,1,€ 200,2019/11/29,2019/11/30,0,"9,1",60
Valenciaflats Centro Ciudad,18544,Apartamentos,Valencia,1,1,€ 207,2019/11/29,2019/11/30,0,"9,2",60
Hi Valencia Apartments - Jorge Juan,2373701,Apartamento,Valencia,1,1,€ 218,2019/11/29,2019/11/30,0,"9,4",60
Mon Suites San Martin,2777545,Apartamentos,Valencia,1,1,€ 225,2019/11/29,2019/11/30,0,"9,4",60
Vincci Mercat,1279484,NA,Valencia,1,1,€ 226,2019/11/29,2019/11/30,4,9,60
MYR Hotel Plaza Mercado & Spa,1619029,Apartahotel,Valencia,1,1,€ 246,2019/11/29,2019/11/30,0,"9,2",60
La seda stay,3335523,Apartamento,Valencia,1,1,NA,2019/11/29,2019/11/30,0,"9,7",60
Ca Carmela,2466364,Casa o chalet,Valencia,1,1,€ 250,2019/11/29,2019/11/30,0,"9,1",60
Valenciaflats Ciudad de las Ciencias,93676,Apartamentos,Valencia,1,1,€ 281,2019/11/29,2019/11/30,0,"9,1",60
MD Julio Antonio Apartment Center,3961049,Apartamento,Valencia,1,1,€ 285,2019/11/29,2019/11/30,0,"9,3",60
Caro Hotel,348132,NA,Valencia,1,1,€ 335,2019/11/29,2019/11/30,5,"9,2",60
Zerka Sendra,4657122,Apartamento,Valencia,1,1,€ 349,2019/11/29,2019/11/30,0,9,60
ALEX- OCEANOGRAFIC APARTMENT. WI-FI,2474071,Apartamento,Valencia,1,1,€ 350,2019/11/29,2019/11/30,0,"9,3",60
El Corazon de Canovas,2634817,Apartamento,Valencia,1,1,NA,2019/11/29,2019/11/30,0,"9,5",60
Old Fisherman's House in Malvarrosa Beach,3618172,Apartamento,Valencia,1,1,€ 480,2019/11/29,2019/11/30,0,"9,4",60
The River Hostel,494202,NA,Valencia,1,1,€ 38,2019/11/29,2019/11/30,0,"8,5",60
Pensión Alicante,298710,NA,Valencia,1,1,€ 40,2019/11/29,2019/11/30,0,"8,5",60
Art&Flats Bed&Breakfast,5238345,NA,Valencia,1,1,€ 40,2019/11/29,2019/11/30,0,"8,9",60
Home Youth Hostel by Feetup Hostels,189322,NA,Valencia,1,1,€ 48,2019/11/29,2019/11/30,0,"8,8",60
Zalamera BnB,1331238,NA,Valencia,1,1,€ 56,2019/11/29,2019/11/30,0,"8,7",60
Casa La Buhardilla,2985364,Apartamento,Valencia,1,1,NA,2019/11/29,2019/11/30,0,"9,6",60
Quart Youth Hostel,476418,NA,Valencia,1,1,€ 66,2019/11/29,2019/11/30,0,"8,6",60
Ad Hoc Carmen,1173270,NA,Valencia,1,1,€ 68,2019/11/29,2019/11/30,2,"8,9",60
Moon Valencia,3560698,Apartamentos,Valencia,1,1,€ 70,2019/11/29,2019/11/30,0,"8,8",60
Valencia maritimo,3020748,Apartamento,Valencia,1,1,€ 70,2019/11/29,2019/11/30,0,"8,9",60
ABCyou Bed&Breakfast,189207,NA,Valencia,1,1,€ 75,2019/11/29,2019/11/30,0,"8,5",60
