name,propertyId,propertyType,city,rooms,days,price,checkIn,checkOut,stars,score,advance
Eurostars Gran Valencia,90484,NA,Valencia,1,1,€ 359,2019/11/17,2019/11/18,4,"8,4",60
Musico Peydro Apartments,3765069,Apartamentos,Valencia,1,1,€ 407,2019/11/17,2019/11/18,0,8,60
Sorolla Centro,90896,NA,Valencia,1,1,NA,2019/11/17,2019/11/18,3,"9,1",60
MD Vila Barbera Apartment Center,1957253,Apartamento,Valencia,1,1,€ 500,2019/11/17,2019/11/18,0,"8,3",60
Apart and Benef,2291245,NA,Valencia,1,1,€ 34,2019/11/17,2019/11/18,0,"7,8",60
Habitación Céntrica en Casa de Familia,4289877,NA,Valencia,1,1,€ 35,2019/11/17,2019/11/18,0,"7,8",60
Valencia City Host,1177077,NA,Valencia,1,1,€ 45,2019/11/17,2019/11/18,0,"7,8",60
Patacona Green Flats,292996,Apartamentos,Valencia,1,1,€ 46,2019/11/17,2019/11/18,0,"7,6",60
OYO Pensión El Rincón,476031,NA,Valencia,1,1,€ 49,2019/11/17,2019/11/18,1,"7,6",60
Hotel Boutique Balandret,1281710,NA,Valencia,1,1,NA,2019/11/17,2019/11/18,3,"9,2",60
Habitaciones Barra89,1076252,NA,Valencia,1,1,€ 50,2019/11/17,2019/11/18,0,"7,8",60
Apartamentos Abastos,1044426,Apartamentos,Valencia,1,1,€ 50,2019/11/17,2019/11/18,0,"7,6",60
Patacona Resort Apartments,189782,Apartamentos,Valencia,1,1,€ 54,2019/11/17,2019/11/18,0,"7,8",60
Habitacion por dias Centro Valencia,3977106,NA,Valencia,1,1,€ 55,2019/11/17,2019/11/18,0,"7,9",60
Hotel Beleret,94652,NA,Valencia,1,1,€ 62,2019/11/17,2019/11/18,3,"7,6",60
Casual de la Música Valencia,273130,NA,Valencia,1,1,€ 65,2019/11/17,2019/11/18,2,"7,5",60
OttoH Charm Stay,2459807,NA,Valencia,1,1,NA,2019/11/17,2019/11/18,0,"9,3",60
City Center Apartments,4426057,Apartamentos,Valencia,1,1,€ 68,2019/11/17,2019/11/18,0,"7,8",60
Expo Hotel Valencia,91223,NA,Valencia,1,1,€ 69,2019/11/17,2019/11/18,3,"7,6",60
Oceanográfico Apartments & Spa,324918,Apartamentos,Valencia,1,1,€ 70,2019/11/17,2019/11/18,0,"7,6",60
B&B Hotel Valencia Ciudad de las Ciencias,92242,NA,Valencia,1,1,€ 71,2019/11/17,2019/11/18,3,"7,5",60
UP Hostel Valencia,1710137,NA,Valencia,1,1,€ 77,2019/11/17,2019/11/18,0,"7,8",60
United Colors of Studios - Mercado Central,2574108,Apartamentos,Valencia,1,1,€ 79,2019/11/17,2019/11/18,0,"7,8",60
City Garden Bed and Breakfast,2204361,NA,Valencia,1,1,NA,2019/11/17,2019/11/18,0,"9,4",60
Apartamento Angel Alcazar 35,2174625,Apartamento,Valencia,1,1,€ 90,2019/11/17,2019/11/18,0,"7,6",60
El 16 Ruzafa,865461,Apartamentos,Valencia,1,1,€ 90,2019/11/17,2019/11/18,0,"7,7",60
Plaza Sainetero 5,3148458,Apartamento,Valencia,1,1,€ 93,2019/11/17,2019/11/18,0,"7,8",60
Jero Rooms,296743,NA,Valencia,1,1,€ 99,2019/11/17,2019/11/18,0,"7,7",60
Habitación San Cayetano,4624401,NA,Valencia,1,1,€ 100,2019/11/17,2019/11/18,0,"7,7",60
Up Town,2244083,Apartamentos,Valencia,1,1,€ 53,2019/11/17,2019/11/18,0,"8,2",60
Red Nest Hostel,92283,NA,Valencia,1,1,€ 53,2019/11/17,2019/11/18,0,"8,2",60
Apartamento Alameda,1698817,Apartamento,Valencia,1,1,NA,2019/11/17,2019/11/18,0,"9,5",60
Purple Nest Hostel,25278,NA,Valencia,1,1,€ 55,2019/11/17,2019/11/18,0,"8,2",60
L'Otelet By Sweet,1467935,NA,Valencia,1,1,€ 64,2019/11/17,2019/11/18,0,"8,3",60
Hotel Villacarlos,90730,NA,Valencia,1,1,€ 65,2019/11/17,2019/11/18,3,8,60
Sol Playa,12656,NA,Valencia,1,1,€ 66,2019/11/17,2019/11/18,2,"8,3",60
Colors Rooms,675839,NA,Valencia,1,1,€ 45,2019/11/17,2019/11/18,0,"9,6",60
Nest Style Valencia -Nueva apertura-,5219046,NA,Valencia,1,1,€ 73,2019/11/17,2019/11/18,3,"9,6",60
VALENCIA APARTAMENTO GOYA,4256653,Apartamento,Valencia,1,1,NA,2019/11/17,2019/11/18,0,10,60
City Suites Apartments,3091106,NA,Valencia,1,1,€ 70,2019/11/17,2019/11/18,0,"8,4",60
Hostal Antigua Morellana,1273937,NA,Valencia,1,1,€ 80,2019/11/17,2019/11/18,1,"9,5",60
Casa La Buhardilla,2985364,Apartamento,Valencia,1,1,€ 97,2019/11/17,2019/11/18,0,"9,6",60
Ramirez Flats & Bar,4124528,Apartahotel,Valencia,1,1,€ 99,2019/11/17,2019/11/18,0,"9,5",60
Apartment Vicent,1674495,Apartamentos,Valencia,1,1,€ 70,2019/11/17,2019/11/18,0,"8,3",60
Ático Valencia Centro,4358939,Apartamento,Valencia,1,1,NA,2019/11/17,2019/11/18,0,"9,8",60
Valenciaflats Torres de Serrano,17468,Apartamentos,Valencia,1,1,€ 73,2019/11/17,2019/11/18,0,"8,3",60
Sweet Hotel Renasa,274818,NA,Valencia,1,1,€ 78,2019/11/17,2019/11/18,3,8,60
NH Valencia Las Artes,90731,NA,Valencia,1,1,€ 79,2019/11/17,2019/11/18,4,"8,4",60
Precioso piso junto al antiguo barrio de Campanar,3297078,Apartamento,Valencia,1,1,€ 100,2019/11/17,2019/11/18,0,"9,5",60
Valencian Dreams Lonja,4757385,Apartamento,Valencia,1,1,€ 102,2019/11/17,2019/11/18,0,"9,8",60
United Colors of Apartments Boutique Style,5372347,Apartamentos,Valencia,1,1,€ 119,2019/11/17,2019/11/18,0,"9,8",60
Apartamento Frederick “Centrico y con Clase”,4236394,Apartamento,Valencia,1,1,NA,2019/11/17,2019/11/18,0,"9,7",60
NH Valencia Las Ciencias,90725,NA,Valencia,1,1,€ 81,2019/11/17,2019/11/18,3,8,60
Eurostars Rey Don Jaime,91520,NA,Valencia,1,1,€ 89,2019/11/17,2019/11/18,4,"8,2",60
Reina 12,1684198,NA,Valencia,1,1,€ 90,2019/11/17,2019/11/18,0,"8,3",60
Opera House Valencia B&B,3533887,NA,Valencia,1,1,€ 120,2019/11/17,2019/11/18,0,"9,5",60
Ciudad Ciencias- Lujo- Parking- Wi-Fi.,4999636,Apartamento,Valencia,1,1,€ 120,2019/11/17,2019/11/18,0,"9,8",60
15 Avinguda Mare Nostrum,4518973,Apartamento,Valencia,1,1,€ 120,2019/11/17,2019/11/18,0,"9,7",60
Disfruta - Enjoy Valencia Ayuntamiento,4901194,Apartamento,Valencia,1,1,€ 149,2019/11/17,2019/11/18,0,"9,6",60
RUZAFA- CENTRO-A/C- WI-FI- PARKING,2885994,Apartamento,Valencia,1,1,€ 160,2019/11/17,2019/11/18,0,"9,7",60
BONNIES Suites & Spa Valencia,3631910,Apartamentos,Valencia,1,1,NA,2019/11/17,2019/11/18,0,"9,8",60
Hotel Medium Valencia,96838,NA,Valencia,1,1,€ 90,2019/11/17,2019/11/18,4,"8,1",60
Apartamento Ciudad de las Artes y las Ciencias,4353552,Apartamento,Valencia,1,1,€ 90,2019/11/17,2019/11/18,0,"8,3",60
Atico Ciutat Vella,3446230,Apartamentos,Valencia,1,1,€ 90,2019/11/17,2019/11/18,0,"8,4",60
Apartamento Plaza Sainetero,2743838,Apartamento,Valencia,1,1,€ 93,2019/11/17,2019/11/18,0,"8,2",60
Hotel Miramar,23332,NA,Valencia,1,1,€ 95,2019/11/17,2019/11/18,2,"8,4",60
MARQUÉS HOUSE 4* SUP,2118880,NA,Valencia,1,1,€ 179,2019/11/17,2019/11/18,4,"9,5",60
BONNIES Suites & Spa Valencia,3631910,Apartamentos,Valencia,1,1,NA,2019/11/17,2019/11/18,0,"9,8",60
Ca María,3776707,Apartamento,Valencia,1,1,€ 180,2019/11/17,2019/11/18,0,"9,7",60
City Center Atico 360,3025679,Apartamento,Valencia,1,1,€ 188,2019/11/17,2019/11/18,0,"9,5",60
Disfruta - Enjoy Valencia Oceanografic,4121345,Apartamento,Valencia,1,1,€ 199,2019/11/17,2019/11/18,0,"9,6",60
Cantagua Hostel,4074640,NA,Valencia,1,1,€ 37,2019/11/17,2019/11/18,0,"9,1",60
Art&Flats Bed&Breakfast,5238345,NA,Valencia,1,1,€ 45,2019/11/17,2019/11/18,0,9,60
NH Ciudad de Valencia,90729,NA,Valencia,1,1,€ 98,2019/11/17,2019/11/18,3,"8,1",60
Colón Market Downtown,4607745,Apartamento,Valencia,1,1,NA,2019/11/17,2019/11/18,0,"9,7",60
Happy Apartments Valencia,456043,Apartamentos,Valencia,1,1,€ 100,2019/11/17,2019/11/18,0,"8,2",60
Casual de las Artes Valencia,538056,NA,Valencia,1,1,€ 106,2019/11/17,2019/11/18,3,"8,4",60
Happy Apartments Valencia – Lope de Vega,575582,Apartamentos,Valencia,1,1,€ 109,2019/11/17,2019/11/18,0,"8,1",60
YOU & CO. Saler Beach Boutique,4533007,NA,Valencia,1,1,€ 64,2019/11/17,2019/11/18,3,"9,1",60
Apartments Downtown Valencia,2250421,Apartamentos,Valencia,1,1,NA,2019/11/17,2019/11/18,0,"9,6",60
Blanq Comedias,4922002,NA,Valencia,1,1,€ 68,2019/11/17,2019/11/18,0,"9,1",60
Silken Puerta Valencia,91182,NA,Valencia,1,1,€ 110,2019/11/17,2019/11/18,4,"8,3",60
Homestay Valencia,2597106,NA,Valencia,1,1,€ 110,2019/11/17,2019/11/18,0,"8,1",60
Valenciaflats Mercado Central,307677,Apartamentos,Valencia,1,1,€ 78,2019/11/17,2019/11/18,0,9,60
Mon Suites Catedral,485679,Apartamentos,Valencia,1,1,€ 82,2019/11/17,2019/11/18,0,"9,2",60
Una Ubicacion Perfecta,3114164,Apartamentos,Valencia,1,1,€ 82,2019/11/17,2019/11/18,0,"9,1",60
Atico de Lujo,2142556,Apartamento,Valencia,1,1,€ 85,2019/11/17,2019/11/18,0,"9,2",60
Hostal Residencial RR,450746,NA,Valencia,1,1,€ 87,2019/11/17,2019/11/18,0,7,60
Guest House Samuel Ros,4161855,NA,Valencia,1,1,€ 90,2019/11/17,2019/11/18,0,"7,3",60
Piso en barrio del Carmen cerca de Plaza Virgen,3421713,Apartamento,Valencia,1,1,NA,2019/11/17,2019/11/18,0,"9,8",60
NWT Monserrat,3728842,Apartamentos,Valencia,1,1,€ 90,2019/11/17,2019/11/18,0,7,60
Malvarrosa Beach Rooms,314048,NA,Valencia,1,1,€ 95,2019/11/17,2019/11/18,2,"7,1",60
Kirei Apartment San Vicente,1774062,Apartamento,Valencia,1,1,€ 98,2019/11/17,2019/11/18,0,"7,3",60
Valencia Apartments,4367788,Apartamentos,Valencia,1,1,€ 105,2019/11/17,2019/11/18,0,"7,2",60
Suites by Eric Olsan (Peset),4726296,Apartamentos,Valencia,1,1,€ 112,2019/11/17,2019/11/18,0,"7,4",60
Kirei Apartment Vienna,4639797,Apartamento,Valencia,1,1,€ 115,2019/11/17,2019/11/18,0,"7,4",60
Doctor Oloriz-31-9,3397673,Apartamento,Valencia,1,1,NA,2019/11/17,2019/11/18,0,"9,7",60
Valencia Apartmans El Carmen,847910,Apartamentos,Valencia,1,1,€ 150,2019/11/17,2019/11/18,0,"7,4",60
Best Valencia Beach Flat,3246772,Apartamento,Valencia,1,1,€ 192,2019/11/17,2019/11/18,0,"7,1",60
MD Puerto Rico Apartment Ruzafa,3737151,Apartamento,Valencia,1,1,€ 437,2019/11/17,2019/11/18,0,"7,4",60
Select Home Catedral,440778,Apartamentos,Valencia,1,1,€ 600,2019/11/17,2019/11/18,0,"7,1",60
MD Villalonga Malvarosa Beach,3739661,Apartamento,Valencia,1,1,€ 810,2019/11/17,2019/11/18,0,"7,1",60
Habitación con cama doble,4794909,NA,Valencia,1,1,€ 36,2019/11/17,2019/11/18,0,"6,7",60
Atico Loft Ruzafa,3152977,Apartamento,Valencia,1,1,NA,2019/11/17,2019/11/18,0,"9,7",60
Geography and Arts.,3569110,NA,Valencia,1,1,€ 60,2019/11/17,2019/11/18,0,"6,9",60
Guest House Lebon,3124256,NA,Valencia,1,1,€ 60,2019/11/17,2019/11/18,0,"6,9",60
Ruzafa Rooms,2891693,NA,Valencia,1,1,€ 100,2019/11/17,2019/11/18,0,"6,9",60
Casita Esmeralda,2040126,Casa o chalet,Valencia,1,1,€ 114,2019/11/17,2019/11/18,0,"6,5",60
Miresa flats,5300418,Apartamento,Valencia,1,1,€ 125,2019/11/17,2019/11/18,0,"6,6",60
Kirei Apartment Na Jordana,1702092,Apartamentos,Valencia,1,1,€ 168,2019/11/17,2019/11/18,0,"6,9",60
JL Ciudad de las Artes,3074378,Apartamento,Valencia,1,1,NA,2019/11/17,2019/11/18,0,"9,6",60
Guest House Higinio Noja,2845935,NA,Valencia,1,1,€ 60,2019/11/17,2019/11/18,0,6,60
Carrer del Bisbe Jaume Pérez,4900140,NA,Valencia,1,1,€ 60,2019/11/17,2019/11/18,0,6,60
Fun and Sun Center 2,2944416,NA,Valencia,1,1,€ 63,2019/11/17,2019/11/18,0,"6,1",60
Kirei Apartment San Agustin,1712323,Apartamentos,Valencia,1,1,€ 137,2019/11/17,2019/11/18,0,"6,1",60
Ruzafa Guesthouse,2269176,NA,Valencia,1,1,€ 33,2019/11/17,2019/11/18,0,"5,6",60
Gon & Diego House,4899561,NA,Valencia,1,1,€ 40,2019/11/17,2019/11/18,0,"5,6",60
Apartment Cisneros 2,2361375,Apartamento,Valencia,1,1,NA,2019/11/17,2019/11/18,0,"9,7",60
Oliver,4865093,NA,Valencia,1,1,€ 66,2019/11/17,2019/11/18,0,"5,8",60
Kirei Apartment Berlin,4504570,Apartamentos,Valencia,1,1,€ 115,2019/11/17,2019/11/18,0,"5,5",60
Kirei Apartment Portland,4276529,Apartamentos,Valencia,1,1,€ 200,2019/11/17,2019/11/18,0,"5,9",60
Guest House Torres de Quart,2275006,NA,Valencia,1,1,€ 30,2019/11/17,2019/11/18,0,"5,3",60
Guest House Ruzafa,2324552,NA,Valencia,1,1,€ 33,2019/11/17,2019/11/18,0,"5,2",60
Guest House Duc de Gaeta,2275007,NA,Valencia,1,1,€ 28,2019/11/17,2019/11/18,0,"4,9",60
Stay at Valencia Downtown,1840715,Apartamento,Valencia,1,1,NA,2019/11/17,2019/11/18,0,"9,6",60
Malvarosa,3820590,Apartamento,Valencia,1,1,€ 190,2019/11/17,2019/11/18,0,"4,1",60
Apartamento Islas Canarias,2304086,Apartamento,Valencia,1,1,€ 48,2019/11/17,2019/11/18,0,"3,8",60
Aventura Valencia 2,5604325,NA,Valencia,1,1,€ 50,2019/11/17,2019/11/18,0,,60
Rooms El Picolino,5326859,NA,Valencia,1,1,€ 55,2019/11/17,2019/11/18,0,,60
vosotros sereis parte de mi familia.,5299568,NA,Valencia,1,1,€ 60,2019/11/17,2019/11/18,0,,60
Apartamento con compartir,5366858,NA,Valencia,1,1,€ 65,2019/11/17,2019/11/18,0,,60
LOFT apartamento duplex en Valencia con parking,5519008,Apartamento,Valencia,1,1,€ 65,2019/11/17,2019/11/18,0,,60
Bonito Apartamento- confortable y bien comunicado,5572090,Apartamento,Valencia,1,1,€ 68,2019/11/17,2019/11/18,0,,60
Cabanyal Apartment con patio,4323384,Apartamento,Valencia,1,1,€ 69,2019/11/17,2019/11/18,0,,60
Florista's Room en Valencia,5502152,NA,Valencia,1,1,€ 70,2019/11/17,2019/11/18,0,,60
Kirei Apartment Dublin,4639542,Apartamento,Valencia,1,1,€ 96,2019/11/17,2019/11/18,0,,60
Comfort Homestay,5423155,NA,Valencia,1,1,€ 105,2019/11/17,2019/11/18,0,,60
Hogar Dulce Hogar,5426607,NA,Valencia,1,1,€ 120,2019/11/17,2019/11/18,0,,60
RAVALENCIA 4,3377937,Apartamento,Valencia,1,1,€ 124,2019/11/17,2019/11/18,0,,60
Yanhome,5611847,NA,Valencia,1,1,€ 180,2019/11/17,2019/11/18,0,,60
"Flat ""Ca Alexandre""",3687859,Apartamento,Valencia,1,1,€ 240,2019/11/17,2019/11/18,0,,60
Apartment Carrer de Don Juan de Austria,5464038,Apartamentos,Valencia,1,1,€ 275,2019/11/17,2019/11/18,0,,60
Governor Residence,3799760,Apartahotel,Valencia,1,1,€ 600,2019/11/17,2019/11/18,0,,60
One Shot Mercat 09,2274203,NA,Valencia,1,1,€ 152,2019/11/17,2019/11/18,4,"9,1",60
Casual Socarrat Valencia,5142800,NA,Valencia,1,1,€ 153,2019/11/17,2019/11/18,3,"9,2",60
Central Park Apartment Valencia,3881533,Apartamento,Valencia,1,1,NA,2019/11/17,2019/11/18,0,"9,5",60
Duplex en Blasco Ibáñez,3672426,Apartamento,Valencia,1,1,€ 155,2019/11/17,2019/11/18,0,"9,1",60
Hostal Venecia,92883,NA,Valencia,1,1,€ 158,2019/11/17,2019/11/18,2,"9,1",60
Vincci Mercat,1279484,NA,Valencia,1,1,€ 158,2019/11/17,2019/11/18,4,9,60
NH Collection Colón Valencia,3828811,NA,Valencia,1,1,€ 162,2019/11/17,2019/11/18,4,"9,2",60
El Cid,2740801,Apartamento,Valencia,1,1,€ 165,2019/11/17,2019/11/18,0,9,60
OCEANOGRAFIC APARTMENT. PARKING. WI-FI,3107716,Apartamentos,Valencia,1,1,€ 170,2019/11/17,2019/11/18,0,9,60
Ambrosio Flats Valencia - El Mercat,3131649,Apartamento,Valencia,1,1,NA,2019/11/17,2019/11/18,0,"9,5",60
Lighthouse,2384209,Apartamento,Valencia,1,1,€ 175,2019/11/17,2019/11/18,0,"9,2",60
Hi Valencia Cánovas,4312120,Apartamentos,Valencia,1,1,€ 180,2019/11/17,2019/11/18,0,9,60
Zerka Sendra,4657122,Apartamento,Valencia,1,1,€ 199,2019/11/17,2019/11/18,0,9,60
Calle de Frederica Montseny 'Política' Casa o chalet,5152866,Casa o chalet,Valencia,1,1,€ 200,2019/11/17,2019/11/18,0,"9,4",60
MYR Hotel Plaza Mercado & Spa,1619029,Apartahotel,Valencia,1,1,€ 210,2019/11/17,2019/11/18,0,"9,2",60
Live in Chianti Apartaments,2882632,Apartamentos,Valencia,1,1,€ 216,2019/11/17,2019/11/18,0,9,60
Apartment Cisneros 2,2361375,Apartamento,Valencia,1,1,NA,2019/11/17,2019/11/18,0,"9,7",60
Bubuflats Bubu 5,1283519,Apartamento,Valencia,1,1,€ 220,2019/11/17,2019/11/18,0,"9,1",60
BUBUSUITES by Bubuflats,2389776,NA,Valencia,1,1,€ 220,2019/11/17,2019/11/18,0,"9,3",60
Mon Suites San Martin,2777545,Apartamentos,Valencia,1,1,€ 267,2019/11/17,2019/11/18,0,"9,4",60
Edificio Pentagono,4673669,Apartamento,Valencia,1,1,€ 335,2019/11/17,2019/11/18,0,9,60
Las Arenas Balneario Resort,91144,NA,Valencia,1,1,€ 351,2019/11/17,2019/11/18,5,9,60
Russafa Youth Hostel,345134,NA,Valencia,1,1,€ 41,2019/11/17,2019/11/18,0,"8,6",60
Travel Habitat Ático Ciutat Vella.,3264750,Apartamento,Valencia,1,1,NA,2019/11/17,2019/11/18,0,"9,5",60
Valenciaflats Centro Histórico,94781,Apartamentos,Valencia,1,1,€ 60,2019/11/17,2019/11/18,0,"8,7",60
Zalamera BnB,1331238,NA,Valencia,1,1,€ 65,2019/11/17,2019/11/18,0,"8,7",60
València Centre Torres de Quart,886289,Apartamentos,Valencia,1,1,€ 66,2019/11/17,2019/11/18,0,"8,9",60
ABCyou Bed&Breakfast,189207,NA,Valencia,1,1,€ 66,2019/11/17,2019/11/18,0,"8,5",60
Estrella de russafa,5352439,NA,Valencia,1,1,€ 70,2019/11/17,2019/11/18,0,"8,5",60
Valencia maritimo,3020748,Apartamento,Valencia,1,1,€ 70,2019/11/17,2019/11/18,0,"8,9",60
Apartment Sofi,2830696,Apartamento,Valencia,1,1,NA,2019/11/17,2019/11/18,0,"9,8",60
Luz de Valencia,2076095,Apartamentos,Valencia,1,1,€ 74,2019/11/17,2019/11/18,0,"8,8",60
Habitación doble,3599930,NA,Valencia,1,1,€ 75,2019/11/17,2019/11/18,0,"8,9",60
Ad Hoc Carmen,1173270,NA,Valencia,1,1,€ 75,2019/11/17,2019/11/18,2,"8,9",60
València Centre Túria,2185255,Apartamento,Valencia,1,1,€ 75,2019/11/17,2019/11/18,0,"8,8",60
Hotel Malcom and Barret,483261,NA,Valencia,1,1,€ 76,2019/11/17,2019/11/18,3,"8,7",60
Moon Valencia,3560698,Apartamentos,Valencia,1,1,€ 80,2019/11/17,2019/11/18,0,"8,9",60
Apartamento Forn dels Apòstols,3122008,Apartamento,Valencia,1,1,NA,2019/11/17,2019/11/18,0,"9,6",60
The River Hostel,494202,NA,Valencia,1,1,€ 80,2019/11/17,2019/11/18,0,"8,5",60
Blanq Carmen Hotel,97069,NA,Valencia,1,1,€ 80,2019/11/17,2019/11/18,3,"8,7",60
Casa de Maria,2467712,Apartamento,Valencia,1,1,€ 80,2019/11/17,2019/11/18,0,"8,5",60
Homestay Carrer Sagun,5006434,NA,Valencia,1,1,€ 80,2019/11/17,2019/11/18,0,"8,6",60
Host & Home,1663785,NA,Valencia,1,1,€ 83,2019/11/17,2019/11/18,0,"8,9",60
Hotel Sercotel Acteón Valencia,90495,NA,Valencia,1,1,€ 84,2019/11/17,2019/11/18,4,"8,5",60
Burjassot Mestalla,3058627,Apartamento,Valencia,1,1,€ 85,2019/11/17,2019/11/18,0,"8,6",60
Jardín Botánico Hotel Boutique,93369,NA,Valencia,1,1,€ 88,2019/11/17,2019/11/18,3,"8,9",60
Balcón Al Mar,295109,NA,Valencia,1,1,€ 88,2019/11/17,2019/11/18,0,"8,5",60
Apartamentos Plaza Picasso,97063,Apartamentos,Valencia,1,1,€ 89,2019/11/17,2019/11/18,0,"8,5",60
Hotel El Siglo,1741479,NA,Valencia,1,1,€ 90,2019/11/17,2019/11/18,3,"8,5",60
Perla Apartments,3146781,Apartamentos,Valencia,1,1,€ 90,2019/11/17,2019/11/18,0,"8,7",60
Ad Hoc Monumental,90719,NA,Valencia,1,1,€ 93,2019/11/17,2019/11/18,3,"8,6",60
New Trendy apartment,2426154,Apartamento,Valencia,1,1,€ 95,2019/11/17,2019/11/18,0,"8,7",60
Apartments Madrina,3278589,Apartamentos,Valencia,1,1,€ 100,2019/11/17,2019/11/18,0,"8,9",60
Valencian Apartment,2298621,Apartamento,Valencia,1,1,€ 100,2019/11/17,2019/11/18,0,"8,9",60
B&B Almirante,369695,NA,Valencia,1,1,€ 105,2019/11/17,2019/11/18,1,"8,8",60
Casa del Patriarca,364834,NA,Valencia,1,1,€ 105,2019/11/17,2019/11/18,0,"8,9",60
Hotel Dimar,90886,NA,Valencia,1,1,€ 108,2019/11/17,2019/11/18,4,"8,7",60
Lotelito,570027,NA,Valencia,1,1,€ 110,2019/11/17,2019/11/18,0,"8,9",60
Apartamento,3139431,Apartamento,Valencia,1,1,NA,2019/11/17,2019/11/18,0,"9,5",60
Tranquilo Apartamento En Plaza Cisneros,3127388,Apartamento,Valencia,1,1,€ 111,2019/11/17,2019/11/18,0,"8,8",60
Suites by Eric Olsan (Florista),4726450,Apartamentos,Valencia,1,1,€ 111,2019/11/17,2019/11/18,0,"8,6",60
Melia Valencia,290493,NA,Valencia,1,1,€ 112,2019/11/17,2019/11/18,4,"8,8",60
Zenit Valencia,92327,NA,Valencia,1,1,€ 113,2019/11/17,2019/11/18,4,"8,8",60
AC Hotel Valencia- a Marriott Lifestyle Hotel,91063,NA,Valencia,1,1,€ 113,2019/11/17,2019/11/18,4,"8,5",60
Hulot B&B Valencia,585429,NA,Valencia,1,1,€ 113,2019/11/17,2019/11/18,0,"8,5",60
Ambrosio Flats Valencia - El Mercat,3131649,Apartamento,Valencia,1,1,NA,2019/11/17,2019/11/18,0,"9,5",60
Hotel Kramer,91106,NA,Valencia,1,1,€ 115,2019/11/17,2019/11/18,3,"8,8",60
Plaza de la Virgen,3167342,Apartamento,Valencia,1,1,€ 115,2019/11/17,2019/11/18,0,"8,8",60
Barceló Valencia,91988,NA,Valencia,1,1,€ 117,2019/11/17,2019/11/18,4,"8,7",60
One Shot Colón 46,1394168,NA,Valencia,1,1,€ 118,2019/11/17,2019/11/18,3,"8,7",60
Hotel San Lorenzo Boutique,1307718,NA,Valencia,1,1,€ 118,2019/11/17,2019/11/18,3,"8,6",60
Casual Vintage Valencia,1710241,NA,Valencia,1,1,€ 119,2019/11/17,2019/11/18,2,"8,6",60
Ayuntamiento Panoramic,3089239,Apartamento,Valencia,1,1,NA,2019/11/17,2019/11/18,0,"9,5",60
Namaste Rooms,3799642,NA,Valencia,1,1,€ 120,2019/11/17,2019/11/18,0,"8,7",60
Les flors,3985046,Apartamento,Valencia,1,1,€ 122,2019/11/17,2019/11/18,0,"8,6",60
Casual del Cine Valencia,572187,NA,Valencia,1,1,€ 123,2019/11/17,2019/11/18,2,"8,6",60
Petit Palace Ruzafa,90792,NA,Valencia,1,1,€ 125,2019/11/17,2019/11/18,3,"8,7",60
One Shot Palacio Reina Victoria 04,90885,NA,Valencia,1,1,€ 127,2019/11/17,2019/11/18,4,"8,6",60
Biopark View Apartment,2381901,Apartamento,Valencia,1,1,€ 128,2019/11/17,2019/11/18,0,"8,9",60
Valencia what else...,2550483,Apartamento,Valencia,1,1,NA,2019/11/17,2019/11/18,0,"9,5",60
Hotel Valencia Oceanic Managed by Melia Hotels International,91522,NA,Valencia,1,1,€ 140,2019/11/17,2019/11/18,4,"8,6",60
Apartments Plaza Ayuntamiento,3506736,Apartamento,Valencia,1,1,€ 140,2019/11/17,2019/11/18,0,"8,6",60
SH Ingles Boutique Hotel,92956,NA,Valencia,1,1,€ 144,2019/11/17,2019/11/18,4,"8,5",60
AC Hotel Colon Valencia- a Marriott Lifestyle Hotel,1117150,NA,Valencia,1,1,€ 155,2019/11/17,2019/11/18,4,"8,7",60
El Palacete Gran Via,3483148,NA,Valencia,1,1,€ 155,2019/11/17,2019/11/18,0,"8,8",60
Vincci Palace,94163,NA,Valencia,1,1,€ 158,2019/11/17,2019/11/18,4,"8,6",60
Apartamento Tiziano,1528645,Apartamentos,Valencia,1,1,NA,2019/11/17,2019/11/18,0,"9,5",60
SH Valencia Palace,91497,NA,Valencia,1,1,€ 162,2019/11/17,2019/11/18,5,"8,5",60
Hospes Palau de La Mar,93823,NA,Valencia,1,1,€ 170,2019/11/17,2019/11/18,5,"8,8",60
Canela`s Vintage Ruzafa Centro,4652584,Apartamento,Valencia,1,1,€ 170,2019/11/17,2019/11/18,0,"8,6",60
The Westin Valencia,93321,NA,Valencia,1,1,€ 173,2019/11/17,2019/11/18,5,"8,7",60
Friendly Rentals Rey,1634248,Apartamento,Valencia,1,1,€ 185,2019/11/17,2019/11/18,0,"8,9",60
Puerta de Serranos,2734333,Apartamentos,Valencia,1,1,€ 185,2019/11/17,2019/11/18,0,"8,8",60
Apartamento Bolseria 28,881275,Apartamentos,Valencia,1,1,NA,2019/11/17,2019/11/18,0,"9,5",60
ValentiaApartments - MercadoCentral,4185241,Apartamentos,Valencia,1,1,€ 188,2019/11/17,2019/11/18,0,"8,8",60
Ilunion Aqua 4,92777,NA,Valencia,1,1,€ 190,2019/11/17,2019/11/18,4,"8,5",60
Melia Plaza Valencia,13270,NA,Valencia,1,1,€ 220,2019/11/17,2019/11/18,4,"8,9",60
Flatsforyou Mercat,1367507,Apartamentos,Valencia,1,1,€ 220,2019/11/17,2019/11/18,3,"8,9",60
BUBUFLATS Mossén,1141763,Apartamentos,Valencia,1,1,€ 220,2019/11/17,2019/11/18,0,"8,9",60
BUBUFLATS / Mercat,783206,Apartamentos,Valencia,1,1,€ 220,2019/11/17,2019/11/18,0,"8,9",60
Boutique Creative Rooms,2334726,NA,Valencia,1,1,€ 238,2019/11/17,2019/11/18,0,"8,7",60
Vincci Lys,91183,NA,Valencia,1,1,€ 242,2019/11/17,2019/11/18,4,"8,9",60
Cathedral Suites Hotel,1736257,Apartahotel,Valencia,1,1,€ 288,2019/11/17,2019/11/18,4,"8,9",60
SingularStays Parque Central,3054000,Apartamentos,Valencia,1,1,€ 369,2019/11/17,2019/11/18,0,"8,8",60
Habitación en valencia centro,5418023,NA,Valencia,1,1,€ 35,2019/11/17,2019/11/18,0,"8,3",60
B&B Hi Valencia Canovas,305349,NA,Valencia,1,1,€ 38,2019/11/17,2019/11/18,0,"8,4",60
Aventura,5567318,Apartamentos,Valencia,1,1,€ 40,2019/11/17,2019/11/18,0,"8,2",60
Habitacion en Valencia Barata,4861796,NA,Valencia,1,1,€ 40,2019/11/17,2019/11/18,0,"8,2",60
Hostal Abastos,257057,NA,Valencia,1,1,€ 45,2019/11/17,2019/11/18,2,"8,2",60
Center Valencia Youth Hostel,246931,NA,Valencia,1,1,€ 46,2019/11/17,2019/11/18,0,8,60
Hotel Olympia Universidades,1301731,NA,Valencia,1,1,€ 49,2019/11/17,2019/11/18,3,"8,4",60
Dormavalencia Hostel Regne,291755,NA,Valencia,1,1,€ 52,2019/11/17,2019/11/18,1,8,60
