name,propertyId,propertyType,city,rooms,days,price,checkIn,checkOut,stars,score,advance
Checkin Valencia,93743,NA,Valencia,1,1,€ 107,2019/10/11,2019/10/12,4,"7,8",14
Casual de la Música Valencia,273130,NA,Valencia,1,1,€ 110,2019/10/11,2019/10/12,2,"7,5",14
Casa Vich,4457634,Apartamento,Valencia,1,1,NA,2019/10/11,2019/10/12,0,"9,6",14
Kirei Apartment San Vicente,1774062,Apartamento,Valencia,1,1,€ 110,2019/10/11,2019/10/12,0,"7,5",14
STYLISH APARTMENT - CITY CENTER,2861517,Apartamento,Valencia,1,1,€ 114,2019/10/11,2019/10/12,0,"7,8",14
El 16 Ruzafa,865461,Apartamentos,Valencia,1,1,€ 124,2019/10/11,2019/10/12,0,"7,7",14
Old Town Flats Casa Burguerini,4552106,Apartamentos,Valencia,1,1,€ 151,2019/10/11,2019/10/12,0,"7,9",14
Friendly Rentals Danna,1634254,Apartamento,Valencia,1,1,€ 176,2019/10/11,2019/10/12,0,"7,7",14
Dreams Rental City Hall,337092,Apartamentos,Valencia,1,1,€ 280,2019/10/11,2019/10/12,0,"7,5",14
Flat El Porto - Valencia,3146159,Apartamentos,Valencia,1,1,NA,2019/10/11,2019/10/12,0,"9,6",14
MD Art Apartment Ruzafa,2550955,Apartamento,Valencia,1,1,€ 313,2019/10/11,2019/10/12,0,"7,5",14
MD Benlliure Beach.,1957258,Apartamento,Valencia,1,1,€ 313,2019/10/11,2019/10/12,0,"7,9",14
MD Pelayo with terrace,1979067,Apartamento,Valencia,1,1,€ 313,2019/10/11,2019/10/12,0,"7,8",14
MD Abastos Center,2551194,Apartamento,Valencia,1,1,€ 341,2019/10/11,2019/10/12,0,"7,7",14
MD Oliag I Apartment Ruzafa,2867488,Apartamento,Valencia,1,1,€ 387,2019/10/11,2019/10/12,0,"7,7",14
feliz como en casa,3676196,NA,Valencia,1,1,€ 36,2019/10/11,2019/10/12,0,"7,2",14
Espai One Santa Mónica,5471724,Apartamento,Valencia,1,1,NA,2019/10/11,2019/10/12,0,"9,8",14
Habitación con cama doble,4794909,NA,Valencia,1,1,€ 36,2019/10/11,2019/10/12,0,7,14
Hostal Residencial RR,450746,NA,Valencia,1,1,€ 38,2019/10/11,2019/10/12,0,7,14
HOSPEDAJE PESET,4718074,NA,Valencia,1,1,€ 40,2019/10/11,2019/10/12,0,"7,2",14
Hostal Waksman,281139,NA,Valencia,1,1,€ 45,2019/10/11,2019/10/12,1,"7,3",14
PISO ACOGEDOR,4995780,NA,Valencia,1,1,€ 50,2019/10/11,2019/10/12,0,"7,1",14
Rooms Valencia Center,5507857,NA,Valencia,1,1,€ 54,2019/10/11,2019/10/12,0,"7,4",14
Apartamento torres serrano,4622232,Apartamento,Valencia,1,1,NA,2019/10/11,2019/10/12,0,"9,5",14
Precioso piso junto al antiguo barrio de Campanar,3297078,Apartamento,Valencia,1,1,€ 100,2019/10/11,2019/10/12,0,"9,5",14
Opera House Valencia B&B,3533887,NA,Valencia,1,1,€ 110,2019/10/11,2019/10/12,0,"9,5",14
Hexagonal Design Apartment Valencia,4630643,Apartamento,Valencia,1,1,NA,2019/10/11,2019/10/12,0,"9,5",14
B&B El Mercat,2203530,NA,Valencia,1,1,€ 55,2019/10/11,2019/10/12,0,"7,3",14
La Flamenca,818359,NA,Valencia,1,1,€ 55,2019/10/11,2019/10/12,0,"7,2",14
Homestay & OLEE,4132920,NA,Valencia,1,1,€ 58,2019/10/11,2019/10/12,0,"7,4",14
Mi casa es vuestra casa,4967097,NA,Valencia,1,1,€ 70,2019/10/11,2019/10/12,0,"7,1",14
Central Station Valencia Hostel,1647017,NA,Valencia,1,1,€ 71,2019/10/11,2019/10/12,0,"7,1",14
Casa La Buhardilla,2985364,Apartamento,Valencia,1,1,€ 115,2019/10/11,2019/10/12,0,"9,6",14
15 Avinguda Mare Nostrum,4518973,Apartamento,Valencia,1,1,€ 125,2019/10/11,2019/10/12,0,"9,6",14
Barracart Apartments,2125836,Apartamentos,Valencia,1,1,€ 131,2019/10/11,2019/10/12,0,"9,6",14
Ramirez Flats & Bar,4124528,Apartahotel,Valencia,1,1,€ 135,2019/10/11,2019/10/12,0,"9,5",14
Nest Style Valencia -Nueva apertura-,5219046,NA,Valencia,1,1,€ 136,2019/10/11,2019/10/12,3,"9,5",14
Disfruta - Enjoy Valencia Oceanografic,4121345,Apartamento,Valencia,1,1,€ 209,2019/10/11,2019/10/12,0,"9,6",14
MerKat-Abastos,1231196,Apartamento,Valencia,1,1,NA,2019/10/11,2019/10/12,0,"9,7",14
Cool Loft Malvarrosa Beach,4309218,Apartamento,Valencia,1,1,€ 279,2019/10/11,2019/10/12,0,"9,7",14
MARQUÉS HOUSE 4* SUP,2118880,NA,Valencia,1,1,€ 289,2019/10/11,2019/10/12,4,"9,5",14
Cantagua Hostel,4074640,NA,Valencia,1,1,€ 45,2019/10/11,2019/10/12,0,"9,1",14
Habitación privada a 1500 metros de la playa,3789910,NA,Valencia,1,1,€ 60,2019/10/11,2019/10/12,0,"9,3",14
Apartment close to park Marchalenes,4418670,Apartamento,Valencia,1,1,€ 86,2019/10/11,2019/10/12,0,"9,1",14
Original Domino House,5434091,NA,Valencia,1,1,€ 87,2019/10/11,2019/10/12,0,"9,1",14
Apartment Cisneros 2,2361375,Apartamento,Valencia,1,1,NA,2019/10/11,2019/10/12,0,"9,7",14
YOU & CO. Saler Beach Boutique,4533007,NA,Valencia,1,1,€ 88,2019/10/11,2019/10/12,3,"9,1",14
Live in Chianti,2227491,NA,Valencia,1,1,€ 90,2019/10/11,2019/10/12,0,"9,1",14
Calle de Frederica Montseny 'Política' Casa o chalet,5152866,Casa o chalet,Valencia,1,1,€ 95,2019/10/11,2019/10/12,0,"9,4",14
RUZAFA. Nice apartment and Terrace.,4368595,Apartamento,Valencia,1,1,€ 95,2019/10/11,2019/10/12,0,"9,3",14
apartamento las torres-botanico,4694090,Apartamento,Valencia,1,1,€ 102,2019/10/11,2019/10/12,0,9,14
Hotel Valencia Alameda,4019381,NA,Valencia,1,1,€ 105,2019/10/11,2019/10/12,4,"9,3",14
Casa Botànic - Céntrico y con comodidades,4218273,Apartamento,Valencia,1,1,NA,2019/10/11,2019/10/12,0,"9,8",14
Blanq Comedias,4922002,NA,Valencia,1,1,€ 108,2019/10/11,2019/10/12,0,"9,1",14
Maison Reina B&B,5004812,NA,Valencia,1,1,€ 110,2019/10/11,2019/10/12,0,"9,2",14
Olvida tu Reloj Montichelvo Apartment,3258095,Apartamento,Valencia,1,1,€ 111,2019/10/11,2019/10/12,0,"9,4",14
Rooms Ciencias,94126,NA,Valencia,1,1,€ 113,2019/10/11,2019/10/12,0,9,14
Valenciaflats Centro Ciudad,18544,Apartamentos,Valencia,1,1,€ 115,2019/10/11,2019/10/12,0,"9,2",14
Hotel Medium Valencia,96838,NA,Valencia,1,1,€ 99,2019/10/11,2019/10/12,4,"8,2",14
Sweet Hotel Continental,93856,NA,Valencia,1,1,€ 104,2019/10/11,2019/10/12,2,"8,3",14
PORT VALENCIA PLAYA,5259971,Apartamento,Valencia,1,1,NA,2019/10/11,2019/10/12,0,"9,8",14
Ilunion Aqua 3,92776,NA,Valencia,1,1,€ 105,2019/10/11,2019/10/12,3,"8,3",14
Ilunion Valencia 4,754329,NA,Valencia,1,1,€ 105,2019/10/11,2019/10/12,4,"8,1",14
Hotel Villacarlos,90730,NA,Valencia,1,1,€ 107,2019/10/11,2019/10/12,3,8,14
One Shot Mercat 09,2274203,NA,Valencia,1,1,€ 239,2019/10/11,2019/10/12,4,"9,1",14
Carrer de María Montessori,3272386,Apartamento,Valencia,1,1,€ 109,2019/10/11,2019/10/12,0,"8,2",14
Valenciaflats Torres de Serrano,17468,Apartamentos,Valencia,1,1,€ 110,2019/10/11,2019/10/12,0,"8,3",14
SHF Flats Baron,1033085,Apartamentos,Valencia,1,1,€ 113,2019/10/11,2019/10/12,0,8,14
Apartment Plaza Cisneros,1273377,Apartamentos,Valencia,1,1,NA,2019/10/11,2019/10/12,0,"9,8",14
Loft by the Beach,4441671,Apartamento,Valencia,1,1,€ 115,2019/10/11,2019/10/12,0,"8,4",14
Ca Carmela,2466364,Casa o chalet,Valencia,1,1,€ 280,2019/10/11,2019/10/12,0,"9,1",14
Apartamento Forn dels Apòstols,3122008,Apartamento,Valencia,1,1,NA,2019/10/11,2019/10/12,0,"9,6",14
Old Fisherman's House in Malvarrosa Beach,3618172,Apartamento,Valencia,1,1,€ 307,2019/10/11,2019/10/12,0,"9,4",14
Zerka Sendra,4657122,Apartamento,Valencia,1,1,€ 309,2019/10/11,2019/10/12,0,9,14
Vincci Mercat,1279484,NA,Valencia,1,1,€ 330,2019/10/11,2019/10/12,4,9,14
The River Hostel,494202,NA,Valencia,1,1,€ 27,2019/10/11,2019/10/12,0,"8,5",14
Art&Flats Bed&Breakfast,5238345,NA,Valencia,1,1,€ 30,2019/10/11,2019/10/12,0,"8,9",14
Pensión Alicante,298710,NA,Valencia,1,1,€ 37,2019/10/11,2019/10/12,0,"8,5",14
Eurostars Rey Don Jaime,91520,NA,Valencia,1,1,€ 116,2019/10/11,2019/10/12,4,"8,2",14
Lovely Apartment!,3377663,Apartamentos,Valencia,1,1,€ 117,2019/10/11,2019/10/12,0,"8,4",14
Central Park Apartment Valencia,3881533,Apartamento,Valencia,1,1,NA,2019/10/11,2019/10/12,0,"9,6",14
Quart Youth Hostel,476418,NA,Valencia,1,1,€ 47,2019/10/11,2019/10/12,0,"8,6",14
Homestay Carrer Sagun,5006434,NA,Valencia,1,1,€ 50,2019/10/11,2019/10/12,0,"8,7",14
Russafa Youth Hostel,345134,NA,Valencia,1,1,€ 58,2019/10/11,2019/10/12,0,"8,6",14
Moon Valencia,3560698,Apartamentos,Valencia,1,1,€ 60,2019/10/11,2019/10/12,0,"8,8",14
Holiday Inn Express Ciudad de las Ciencias,96737,NA,Valencia,1,1,€ 126,2019/10/11,2019/10/12,3,8,14
Sweet Hotel Renasa,274818,NA,Valencia,1,1,€ 129,2019/10/11,2019/10/12,3,8,14
United Colors of Apartments - Catedral,1301545,Apartamentos,Valencia,1,1,€ 131,2019/10/11,2019/10/12,0,"8,2",14
Flats Piera Valencia Center,1490563,Apartamentos,Valencia,1,1,NA,2019/10/11,2019/10/12,0,"9,7",14
Namaste Rooms,3799642,NA,Valencia,1,1,€ 60,2019/10/11,2019/10/12,0,"8,7",14
Estrella de russafa,5352439,NA,Valencia,1,1,€ 70,2019/10/11,2019/10/12,0,"8,5",14
Luxury Center Plaza Redonda,5138960,Apartamento,Valencia,1,1,NA,2019/10/11,2019/10/12,0,"9,6",14
Carrer de l'Escriptor Rafael Ferreres,4267645,Apartamento,Valencia,1,1,€ 70,2019/10/11,2019/10/12,0,"8,6",14
Sabía que venias!,3543756,NA,Valencia,1,1,€ 70,2019/10/11,2019/10/12,0,"8,6",14
Hotel Valencia Center,91285,NA,Valencia,1,1,€ 139,2019/10/11,2019/10/12,4,"8,4",14
City Suites Apartments,3091106,NA,Valencia,1,1,€ 140,2019/10/11,2019/10/12,0,"8,4",14
NH Valencia Center,90727,NA,Valencia,1,1,€ 142,2019/10/11,2019/10/12,4,"8,3",14
Apartamento frente al mar,3060802,Apartamento,Valencia,1,1,€ 145,2019/10/11,2019/10/12,0,"8,4",14
Valencia maritimo,3020748,Apartamento,Valencia,1,1,€ 70,2019/10/11,2019/10/12,0,"8,9",14
Habitación doble,3599930,NA,Valencia,1,1,€ 76,2019/10/11,2019/10/12,0,"8,9",14
Luz de Valencia,2076095,Apartamentos,Valencia,1,1,€ 79,2019/10/11,2019/10/12,0,"8,8",14
Apartamento Jesus De Medinaceli,1728697,Apartamento,Valencia,1,1,€ 80,2019/10/11,2019/10/12,0,"8,6",14
Guest House Torres de Quart,2275006,NA,Valencia,1,1,€ 33,2019/10/11,2019/10/12,0,"5,3",14
Senator Parque Central Hotel,274963,NA,Valencia,1,1,€ 152,2019/10/11,2019/10/12,4,"8,1",14
Eurostars Gran Valencia,90484,NA,Valencia,1,1,€ 153,2019/10/11,2019/10/12,4,"8,4",14
Valencia Just in the Middle,2965508,Apartamento,Valencia,1,1,NA,2019/10/11,2019/10/12,0,"9,9",14
Guest House Ruzafa,2324552,NA,Valencia,1,1,€ 33,2019/10/11,2019/10/12,0,"5,2",14
Travel Habitat Ático Ciutat Vella.,3264750,Apartamento,Valencia,1,1,NA,2019/10/11,2019/10/12,0,"9,5",14
RoomTuristValencia Estacion del Norte,4682632,NA,Valencia,1,1,€ 50,2019/10/11,2019/10/12,0,"5,2",14
Port of Valencia,3805735,Apartamento,Valencia,1,1,€ 120,2019/10/11,2019/10/12,0,"5,1",14
Preciosa Casita Cerca Del Mar,4057271,Apartamento,Valencia,1,1,NA,2019/10/11,2019/10/12,0,"9,7",14
Home Youth Hostel by Feetup Hostels,189322,NA,Valencia,1,1,€ 82,2019/10/11,2019/10/12,0,"8,8",14
Hotel Malcom and Barret,483261,NA,Valencia,1,1,€ 86,2019/10/11,2019/10/12,3,"8,7",14
Hotel Conqueridor,91047,NA,Valencia,1,1,€ 171,2019/10/11,2019/10/12,4,"8,4",14
Friendly Rentals Evans,1634220,Apartamentos,Valencia,1,1,€ 200,2019/10/11,2019/10/12,0,"8,4",14
Zerka Centro,4425975,Apartamentos,Valencia,1,1,€ 219,2019/10/11,2019/10/12,0,"8,3",14
Malvarrosa Calle Pavia,3608764,Casa o chalet,Valencia,1,1,€ 271,2019/10/11,2019/10/12,0,8,14
Sercotel Sorolla Palace,93646,NA,Valencia,1,1,€ 89,2019/10/11,2019/10/12,4,"8,6",14
APARTAMENTO LAS MELLIZAS,4651578,NA,Valencia,1,1,€ 45,2019/10/11,2019/10/12,0,"8,5",14
Living Valencia - Patacona Beach 56,3718985,Apartamentos,Valencia,1,1,€ 90,2019/10/11,2019/10/12,0,"8,9",14
Hotel Kramer,91106,NA,Valencia,1,1,€ 140,2019/10/11,2019/10/12,3,"8,8",14
Valenciaflats Centro Histórico,94781,Apartamentos,Valencia,1,1,€ 143,2019/10/11,2019/10/12,0,"8,7",14
Ambrosio Flats Valencia - El Mercat,3131649,Apartamento,Valencia,1,1,NA,2019/10/11,2019/10/12,0,"9,5",14
RoomTuristValencia Torres de Quart,4565643,NA,Valencia,1,1,€ 30,2019/10/11,2019/10/12,0,"4,5",14
Guest House Duc de Gaeta,2275007,NA,Valencia,1,1,€ 36,2019/10/11,2019/10/12,0,"4,9",14
NWT Central Station Apartments,3964093,Apartamento,Valencia,1,1,€ 300,2019/10/11,2019/10/12,0,"8,2",14
Casual Vintage Valencia,1710241,NA,Valencia,1,1,€ 144,2019/10/11,2019/10/12,2,"8,6",14
Hotel Mediterraneo Valencia,92412,NA,Valencia,1,1,€ 146,2019/10/11,2019/10/12,3,"8,8",14
Hi Valencia Cánovas,4312120,Apartamentos,Valencia,1,1,€ 147,2019/10/11,2019/10/12,0,"8,9",14
Plaza de la Virgen,3167342,Apartamento,Valencia,1,1,€ 150,2019/10/11,2019/10/12,0,"8,8",14
ValentiaApartments - MercadoCentral,4185241,Apartamentos,Valencia,1,1,€ 151,2019/10/11,2019/10/12,0,"8,8",14
Hotel Dimar,90886,NA,Valencia,1,1,€ 153,2019/10/11,2019/10/12,4,"8,7",14
RoomTuristValencia RuzafaSumsi,4682802,NA,Valencia,1,1,€ 38,2019/10/11,2019/10/12,0,"4,6",14
Guesthouse Plaza de Toros,2985902,NA,Valencia,1,1,€ 39,2019/10/11,2019/10/12,0,"4,9",14
Luxury Beach House,3602594,Casa o chalet,Valencia,1,1,NA,2019/10/11,2019/10/12,0,"9,7",14
Malvarosa,3820590,Apartamento,Valencia,1,1,€ 120,2019/10/11,2019/10/12,0,"4,1",14
Stay at Valencia Downtown,1840715,Apartamento,Valencia,1,1,NA,2019/10/11,2019/10/12,0,"9,6",14
Petit Palace Ruzafa,90792,NA,Valencia,1,1,€ 154,2019/10/11,2019/10/12,3,"8,7",14
Your home at Valencia- Cabañal,3840164,Apartamento,Valencia,1,1,€ 159,2019/10/11,2019/10/12,0,"8,9",14
AC Hotel Colon Valencia,1117150,NA,Valencia,1,1,€ 159,2019/10/11,2019/10/12,4,"8,7",14
Constitucion Guesthouse,2985942,NA,Valencia,1,1,€ 30,2019/10/11,2019/10/12,0,"3,5",14
Apartamento Islas Canarias,2304086,Apartamento,Valencia,1,1,€ 57,2019/10/11,2019/10/12,0,"3,8",14
Como en casa !!,5427108,NA,Valencia,1,1,€ 40,2019/10/11,2019/10/12,0,,14
Lotelito,570027,NA,Valencia,1,1,€ 161,2019/10/11,2019/10/12,0,"8,9",14
Zenit Valencia,92327,NA,Valencia,1,1,€ 179,2019/10/11,2019/10/12,4,"8,8",14
Hotel San Lorenzo Boutique,1307718,NA,Valencia,1,1,€ 189,2019/10/11,2019/10/12,3,"8,6",14
Apartments Downtown Valencia,2250421,Apartamentos,Valencia,1,1,NA,2019/10/11,2019/10/12,0,"9,6",14
Bright room with trundle bed,5560260,NA,Valencia,1,1,€ 46,2019/10/11,2019/10/12,0,,14
Aventura Valencia 2,5604325,NA,Valencia,1,1,€ 50,2019/10/11,2019/10/12,0,,14
Apartamento Frederick “Centrico y con Clase”,4236394,Apartamento,Valencia,1,1,NA,2019/10/11,2019/10/12,0,"9,7",14
Petit Palace Plaza de la Reina,90443,NA,Valencia,1,1,€ 199,2019/10/11,2019/10/12,3,"8,7",14
vosotros sereis parte de mi familia.,5299568,NA,Valencia,1,1,€ 50,2019/10/11,2019/10/12,0,,14
Hogar Dulce Hogar,5426607,NA,Valencia,1,1,€ 60,2019/10/11,2019/10/12,0,,14
Lindala,5250762,NA,Valencia,1,1,€ 69,2019/10/11,2019/10/12,0,,14
BY SAN - El Carmen,5593088,NA,Valencia,1,1,€ 70,2019/10/11,2019/10/12,0,,14
One Shot Colón 46,1394168,NA,Valencia,1,1,€ 199,2019/10/11,2019/10/12,3,"8,7",14
One Shot Palacio Reina Victoria 04,90885,NA,Valencia,1,1,€ 209,2019/10/11,2019/10/12,4,"8,6",14
The Westin Valencia,93321,NA,Valencia,1,1,€ 213,2019/10/11,2019/10/12,5,"8,7",14
Casa con terraza en valencia capital,5589846,Apartamento,Valencia,1,1,€ 102,2019/10/11,2019/10/12,0,,14
casa completa,5593030,Casa o chalet,Valencia,1,1,€ 119,2019/10/11,2019/10/12,0,,14
Apartment Sofi,2830696,Apartamento,Valencia,1,1,NA,2019/10/11,2019/10/12,0,"9,8",14
Duplex Rosario,5619328,Apartamento,Valencia,1,1,€ 125,2019/10/11,2019/10/12,0,,14
Denia 68 - Puerta 4 · Enjoy: Ruzafa in Valencia,5517911,Apartamento,Valencia,1,1,€ 133,2019/10/11,2019/10/12,0,,14
Kirei Apartment Dublin,4639542,Apartamento,Valencia,1,1,€ 137,2019/10/11,2019/10/12,0,,14
CASA MARQUES DE CARO,4472176,Apartamento,Valencia,1,1,€ 139,2019/10/11,2019/10/12,0,,14
Vincci Lys,91183,NA,Valencia,1,1,€ 231,2019/10/11,2019/10/12,4,"8,9",14
Hospes Palau de La Mar,93823,NA,Valencia,1,1,€ 239,2019/10/11,2019/10/12,5,"8,8",14
Ciudad Ciencias- Lujo- Parking- Wi-Fi.,4999636,Apartamento,Valencia,1,1,NA,2019/10/11,2019/10/12,0,"9,8",14
Vincci Palace,94163,NA,Valencia,1,1,€ 242,2019/10/11,2019/10/12,4,"8,7",14
The White Apartment: Luxury- Beach and Design,5631365,Apartamento,Valencia,1,1,€ 167,2019/10/11,2019/10/12,0,,14
Ocean Aquarius,5314121,NA,Valencia,1,1,€ 200,2019/10/11,2019/10/12,0,,14
Disfruta - Enjoy Valencia Ruzafa,3890328,Apartamento,Valencia,1,1,NA,2019/10/11,2019/10/12,0,"9,7",14
Apartment Carrer Ernesto Che Guevara,5598848,Apartamentos,Valencia,1,1,€ 211,2019/10/11,2019/10/12,0,,14
"Flat ""Ca Alexandre""",3687859,Apartamento,Valencia,1,1,€ 240,2019/10/11,2019/10/12,0,,14
Melia Plaza Valencia,13270,NA,Valencia,1,1,€ 253,2019/10/11,2019/10/12,4,"8,9",14
SH Valencia Palace,91497,NA,Valencia,1,1,€ 325,2019/10/11,2019/10/12,5,"8,5",14
Apartment Carrer de Don Juan de Austria,5464038,Apartamentos,Valencia,1,1,€ 275,2019/10/11,2019/10/12,0,,14
Governor Residence,3799760,Apartahotel,Valencia,1,1,€ 600,2019/10/11,2019/10/12,0,,14
Apartamento con terraza,5238122,Apartahotel,Valencia,1,1,€ 770,2019/10/11,2019/10/12,0,,14
Gulet Why Not,5199364,NA,Valencia,1,1,€ 3.000,2019/10/11,2019/10/12,0,,14
Hotel Neptuno,91206,NA,Valencia,1,1,€ 334,2019/10/11,2019/10/12,4,"8,5",14
Melia Valencia,290493,NA,Valencia,1,1,€ 1.410,2019/10/11,2019/10/12,4,"8,8",14
