name,propertyId,propertyType,city,rooms,days,price,checkIn,checkOut,stars,score,advance
RAVALENCIA 4,3377937,Apartamento,Valencia,1,1,€ 124,2019/09/22,2019/09/23,0,,7
Art of Music Apartment Valencia,5263849,Apartamentos,Valencia,1,1,€ 125,2019/09/22,2019/09/23,0,,7
Splendid house in Valencia,3091182,Apartamentos,Valencia,1,1,NA,2019/09/22,2019/09/23,0,"9,3",7
Valencia Apartamentos DEL MAR,5421626,Apartamento,Valencia,1,1,€ 137,2019/09/22,2019/09/23,0,,7
Puerta1 · Enjoy: Large Patio! New. Designer. 2bdrm.2bath. Ruzafa,5517695,Apartamento,Valencia,1,1,€ 143,2019/09/22,2019/09/23,0,,7
Natural loft,3711677,Apartamento,Valencia,1,1,€ 145,2019/09/22,2019/09/23,0,,7
CENTER-2BR- 2BA-ATTIC-TERRACE-VIEW- WI-FI- A/C,5264557,Apartamento,Valencia,1,1,€ 161,2019/09/22,2019/09/23,0,,7
Valencia Puerto Beach 3BD Apartment,5249773,Apartamento,Valencia,1,1,€ 173,2019/09/22,2019/09/23,0,,7
"Flat ""Ca Alexandre""",3687859,Apartamento,Valencia,1,1,€ 200,2019/09/22,2019/09/23,0,,7
Eco-Friendly Apartments,1979834,Apartamentos,Valencia,1,1,NA,2019/09/22,2019/09/23,0,"9,2",7
Governor Residence,3799760,Apartahotel,Valencia,1,1,€ 600,2019/09/22,2019/09/23,0,,7
Gulet Why Not,5199364,NA,Valencia,1,1,€ 3.600,2019/09/22,2019/09/23,0,,7
Cosy Rooms Tapinería,371192,NA,Valencia,1,1,€ 68,2019/09/22,2019/09/23,2,"7,5",7
Expo Hotel Valencia,91223,NA,Valencia,1,1,€ 73,2019/09/22,2019/09/23,3,"7,6",7
Moderno apartamento Joaquín Sorolla,5211323,Apartamento,Valencia,1,1,NA,2019/09/22,2019/09/23,0,"9,6",7
Jero Rooms,296743,NA,Valencia,1,1,€ 77,2019/09/22,2019/09/23,0,"7,7",7
SHF Plaza de la Reina,1682520,Apartamentos,Valencia,1,1,€ 79,2019/09/22,2019/09/23,0,"7,7",7
OYO Pensión El Rincón,476031,NA,Valencia,1,1,€ 79,2019/09/22,2019/09/23,1,"7,6",7
Patacona Resort Apartments,189782,Apartamentos,Valencia,1,1,€ 85,2019/09/22,2019/09/23,0,"7,8",7
Apartment Florista,2150187,Apartamento,Valencia,1,1,€ 85,2019/09/22,2019/09/23,0,"7,9",7
Torres Quart,3702234,Apartamentos,Valencia,1,1,€ 87,2019/09/22,2019/09/23,0,"7,6",7
United Colors of Apartments Boutique Style,5372347,Apartamentos,Valencia,1,1,NA,2019/09/22,2019/09/23,0,"9,8",7
MyHomestay,2921259,NA,Valencia,1,1,€ 90,2019/09/22,2019/09/23,0,"7,6",7
Apartamento Alguer,4005334,Apartamento,Valencia,1,1,€ 90,2019/09/22,2019/09/23,0,"7,6",7
Suites by Eric Olsan (L),4287413,Apartamentos,Valencia,1,1,€ 92,2019/09/22,2019/09/23,0,"7,6",7
El 16 Ruzafa,865461,Apartamentos,Valencia,1,1,€ 94,2019/09/22,2019/09/23,0,"7,7",7
SEA YOU HOTEL PORT VALENCIA,92328,NA,Valencia,1,1,€ 96,2019/09/22,2019/09/23,4,"7,7",7
Spain Host Valencia Centro- San Vicente II,2567628,Apartamento,Valencia,1,1,€ 97,2019/09/22,2019/09/23,0,"7,5",7
VIVIENDA DISEÑO CON JARDÍN INTERIOR,4314054,Apartamento,Valencia,1,1,NA,2019/09/22,2019/09/23,0,"9,7",7
YourPlace Apartments,2896608,Apartamentos,Valencia,1,1,€ 99,2019/09/22,2019/09/23,0,"7,6",7
Art of Dance Apartment Valencia,3732969,Apartamento,Valencia,1,1,€ 105,2019/09/22,2019/09/23,0,"7,7",7
Kirei Apartment Calgary,4768322,Apartamento,Valencia,1,1,€ 106,2019/09/22,2019/09/23,0,"7,6",7
El Globo,24498,NA,Valencia,1,1,€ 118,2019/09/22,2019/09/23,1,"7,8",7
Old Town Flats Casa Burguerini,4552106,Apartamentos,Valencia,1,1,€ 120,2019/09/22,2019/09/23,0,"7,7",7
Apartment Valencia,348555,Apartamentos,Valencia,1,1,€ 139,2019/09/22,2019/09/23,0,"7,9",7
15 Avinguda Mare Nostrum,4518973,Apartamento,Valencia,1,1,NA,2019/09/22,2019/09/23,0,"9,7",7
Patacona Green Flats,292996,Apartamentos,Valencia,1,1,€ 140,2019/09/22,2019/09/23,0,"7,6",7
Friendly Rentals Danna,1634254,Apartamento,Valencia,1,1,€ 140,2019/09/22,2019/09/23,0,"7,8",7
Spain Host Valencia- Plaza del Ayuntamiento,2257049,Apartamentos,Valencia,1,1,€ 150,2019/09/22,2019/09/23,0,"7,5",7
Dreams Rental City Hall,337092,Apartamentos,Valencia,1,1,€ 220,2019/09/22,2019/09/23,0,"7,5",7
MD Art Apartment Ruzafa,2550955,Apartamento,Valencia,1,1,€ 297,2019/09/22,2019/09/23,0,"7,6",7
Senator Parque Central Hotel,274963,NA,Valencia,1,1,€ 77,2019/09/22,2019/09/23,4,"8,1",7
Hotel Valencia Center,91285,NA,Valencia,1,1,€ 79,2019/09/22,2019/09/23,4,"8,4",7
Loft in ehemaligem Fischer Haus,2952760,Apartamento,Valencia,1,1,NA,2019/09/22,2019/09/23,0,"9,5",7
Primus Valencia,331871,NA,Valencia,1,1,€ 79,2019/09/22,2019/09/23,4,"8,3",7
Hotel Medium Valencia,96838,NA,Valencia,1,1,€ 81,2019/09/22,2019/09/23,4,"8,2",7
Down Town,1656378,Apartamentos,Valencia,1,1,€ 81,2019/09/22,2019/09/23,0,"8,3",7
SHF Flats Baron,1033085,Apartamentos,Valencia,1,1,€ 85,2019/09/22,2019/09/23,0,8,7
Sweet Hotel Renasa,274818,NA,Valencia,1,1,€ 89,2019/09/22,2019/09/23,3,8,7
NWT Central Station Apartments,3964093,Apartamento,Valencia,1,1,€ 89,2019/09/22,2019/09/23,0,"8,2",7
Hostal Antigua Morellana,1273937,NA,Valencia,1,1,NA,2019/09/22,2019/09/23,1,"9,5",7
Sol Playa,12656,NA,Valencia,1,1,€ 90,2019/09/22,2019/09/23,2,"8,3",7
Reina 12,1684198,NA,Valencia,1,1,€ 90,2019/09/22,2019/09/23,0,"8,2",7
Silken Puerta Valencia,91182,NA,Valencia,1,1,€ 92,2019/09/22,2019/09/23,4,"8,3",7
Atico Ciutat Vella,3446230,Apartamentos,Valencia,1,1,€ 95,2019/09/22,2019/09/23,0,"8,4",7
MD Modern Hotel - Jardines,305447,NA,Valencia,1,1,€ 108,2019/09/22,2019/09/23,1,"8,3",7
Hotel Conqueridor,91047,NA,Valencia,1,1,€ 110,2019/09/22,2019/09/23,4,"8,4",7
Hexagonal Design Apartment Valencia,4630643,Apartamento,Valencia,1,1,NA,2019/09/22,2019/09/23,0,"9,5",7
Dreams Rental Valencia Catedral,1541067,Apartamentos,Valencia,1,1,€ 115,2019/09/22,2019/09/23,0,"8,2",7
Friendly Rentals Puerto Deportivo,2317861,Apartamentos,Valencia,1,1,€ 125,2019/09/22,2019/09/23,0,"8,1",7
Zerka Centro,4425975,Apartamentos,Valencia,1,1,€ 129,2019/09/22,2019/09/23,0,"8,3",7
Malvarrosa Calle Pavia,3608764,Casa o chalet,Valencia,1,1,€ 140,2019/09/22,2019/09/23,0,8,7
Friendly rentals Enesco Beach,2526514,Apartamento,Valencia,1,1,€ 145,2019/09/22,2019/09/23,0,8,7
Apartment Sun & Light near the beach,4479540,Apartamento,Valencia,1,1,€ 146,2019/09/22,2019/09/23,0,"8,3",7
Central apartment,4597029,Apartamento,Valencia,1,1,NA,2019/09/22,2019/09/23,0,"9,5",7
Apartamento Obispo don Jerónimo,2079020,Apartamento,Valencia,1,1,€ 148,2019/09/22,2019/09/23,0,"8,2",7
Friendly Rentals Evans,1634220,Apartamentos,Valencia,1,1,€ 160,2019/09/22,2019/09/23,0,"8,4",7
Ilunion Valencia 4,754329,NA,Valencia,1,1,€ 216,2019/09/22,2019/09/23,4,"8,1",7
Vlc Apartaments el Carmen,389902,Apartamentos,Valencia,1,1,€ 220,2019/09/22,2019/09/23,0,"8,2",7
Musico Peydro Apartments,3765069,Apartamentos,Valencia,1,1,€ 297,2019/09/22,2019/09/23,0,8,7
Boutique Creative Rooms,2334726,NA,Valencia,1,1,€ 86,2019/09/22,2019/09/23,0,"8,7",7
Casa del Patriarca,364834,NA,Valencia,1,1,€ 86,2019/09/22,2019/09/23,0,"8,9",7
Ambrosio Flats Valencia - El Mercat,3131649,Apartamento,Valencia,1,1,NA,2019/09/22,2019/09/23,0,"9,5",7
MODERNO Y ACOGEDOR FRENTE A RUZAFA Y CERCA DEL CENTRO,4490444,Apartamento,Valencia,1,1,€ 86,2019/09/22,2019/09/23,0,"8,8",7
One Shot Colón 46,1394168,NA,Valencia,1,1,€ 89,2019/09/22,2019/09/23,3,"8,7",7
Ilunion Aqua 4,92777,NA,Valencia,1,1,€ 89,2019/09/22,2019/09/23,4,"8,5",7
AC Hotel Valencia- a Marriott Lifestyle Hotel,91063,NA,Valencia,1,1,€ 92,2019/09/22,2019/09/23,4,"8,5",7
Melia Valencia,290493,NA,Valencia,1,1,€ 93,2019/09/22,2019/09/23,4,"8,8",7
apartamento las torres-botanico,4694090,Apartamento,Valencia,1,1,€ 94,2019/09/22,2019/09/23,0,"8,9",7
Apartamento Bolseria 28,881275,Apartamentos,Valencia,1,1,NA,2019/09/22,2019/09/23,0,"9,5",7
Zenit Valencia,92327,NA,Valencia,1,1,€ 94,2019/09/22,2019/09/23,4,"8,8",7
Lotelito,570027,NA,Valencia,1,1,€ 95,2019/09/22,2019/09/23,0,"8,9",7
Plaza Sainetero Arniches,3984774,Apartamento,Valencia,1,1,€ 97,2019/09/22,2019/09/23,0,"8,6",7
Ad Hoc Carmen,1173270,NA,Valencia,1,1,€ 99,2019/09/22,2019/09/23,2,"8,9",7
El Palacete Gran Via,3483148,NA,Valencia,1,1,€ 99,2019/09/22,2019/09/23,0,"8,8",7
One Shot Palacio Reina Victoria 04,90885,NA,Valencia,1,1,€ 99,2019/09/22,2019/09/23,4,"8,6",7
Travel Habitat Ático Ciutat Vella.,3264750,Apartamento,Valencia,1,1,NA,2019/09/22,2019/09/23,0,"9,5",7
Hotel San Lorenzo Boutique,1307718,NA,Valencia,1,1,€ 101,2019/09/22,2019/09/23,3,"8,6",7
Apartment City of Arts,3811530,Apartamentos,Valencia,1,1,€ 102,2019/09/22,2019/09/23,0,"8,5",7
Petit Palace Ruzafa,90792,NA,Valencia,1,1,€ 103,2019/09/22,2019/09/23,3,"8,7",7
Melia Plaza Valencia,13270,NA,Valencia,1,1,€ 105,2019/09/22,2019/09/23,4,"8,9",7
Vincci Palace,94163,NA,Valencia,1,1,€ 105,2019/09/22,2019/09/23,4,"8,6",7
ValentiaApartments - MercadoCentral,4185241,Apartamentos,Valencia,1,1,€ 106,2019/09/22,2019/09/23,0,"8,8",7
Valencia Just in the Middle,2965508,Apartamento,Valencia,1,1,NA,2019/09/22,2019/09/23,0,"9,9",7
Perla Apartments,3146781,Apartamentos,Valencia,1,1,€ 108,2019/09/22,2019/09/23,0,"8,7",7
Hotel El Siglo,1741479,NA,Valencia,1,1,€ 108,2019/09/22,2019/09/23,3,"8,5",7
Catalonia Excelsior,90578,NA,Valencia,1,1,€ 110,2019/09/22,2019/09/23,3,"8,7",7
Valenciaflats Centro Histórico,94781,Apartamentos,Valencia,1,1,€ 110,2019/09/22,2019/09/23,0,"8,7",7
La Casa dei Fiori,2849727,Apartamento,Valencia,1,1,€ 89,2019/09/22,2019/09/23,0,"7,1",7
Suites by Eric Olsan (Peset),4726296,Apartamentos,Valencia,1,1,€ 92,2019/09/22,2019/09/23,0,"7,4",7
Disfruta - Enjoy Valencia Ruzafa,3890328,Apartamento,Valencia,1,1,NA,2019/09/22,2019/09/23,0,"9,7",7
Kirei Apartment En Llop,1765516,Apartamentos,Valencia,1,1,€ 103,2019/09/22,2019/09/23,0,7,7
Las casitas de la playa,3177809,Apartamentos,Valencia,1,1,€ 108,2019/09/22,2019/09/23,0,"7,1",7
Apartamento para 10 personas,5029963,Apartamento,Valencia,1,1,€ 150,2019/09/22,2019/09/23,0,7,7
Select Home Catedral,440778,Apartamentos,Valencia,1,1,€ 170,2019/09/22,2019/09/23,0,"7,1",7
SH Ingles Boutique Hotel,92956,NA,Valencia,1,1,€ 110,2019/09/22,2019/09/23,4,"8,5",7
City of Arts,3031480,Apartamento,Valencia,1,1,€ 110,2019/09/22,2019/09/23,0,"8,8",7
Apartments Torres de Serranos Valencia,1099602,Apartamentos,Valencia,1,1,NA,2019/09/22,2019/09/23,0,"9,6",7
Friendly Rentals Nyman,3245521,Apartamento,Valencia,1,1,€ 110,2019/09/22,2019/09/23,0,"8,9",7
New Trendy apartment,2426154,Apartamento,Valencia,1,1,€ 110,2019/09/22,2019/09/23,0,"8,7",7
Select Home Town Hall,1648016,Apartamentos,Valencia,1,1,€ 215,2019/09/22,2019/09/23,0,"7,3",7
Dreams Rental La Paz,1107542,Apartamentos,Valencia,1,1,€ 245,2019/09/22,2019/09/23,0,"7,1",7
Flats Piera Valencia Center,1490563,Apartamentos,Valencia,1,1,NA,2019/09/22,2019/09/23,0,"9,6",7
MD Puerto Rico Apartment Ruzafa,3737151,Apartamento,Valencia,1,1,€ 297,2019/09/22,2019/09/23,0,"7,4",7
Guest House Lebon,3124256,NA,Valencia,1,1,€ 35,2019/09/22,2019/09/23,0,"6,9",7
Kirei Apartment Na Jordana,1702092,Apartamentos,Valencia,1,1,€ 91,2019/09/22,2019/09/23,0,"6,9",7
Miresa flats,5300418,Apartamento,Valencia,1,1,€ 125,2019/09/22,2019/09/23,0,"6,6",7
Casita Esmeralda,2040126,Casa o chalet,Valencia,1,1,€ 139,2019/09/22,2019/09/23,0,"6,5",7
Guest House Higinio Noja,2845935,NA,Valencia,1,1,€ 34,2019/09/22,2019/09/23,0,6,7
Apartment Plaza Cisneros,1273377,Apartamentos,Valencia,1,1,NA,2019/09/22,2019/09/23,0,"9,8",7
Jardín Botánico Hotel Boutique,93369,NA,Valencia,1,1,€ 110,2019/09/22,2019/09/23,3,"8,9",7
BUBUFLATS Mossén,1141763,Apartamentos,Valencia,1,1,€ 110,2019/09/22,2019/09/23,0,"8,9",7
Barceló Valencia,91988,NA,Valencia,1,1,€ 110,2019/09/22,2019/09/23,4,"8,7",7
Stylish newly renovated in great location /WIFI,3661070,Apartamento,Valencia,1,1,€ 115,2019/09/22,2019/09/23,0,"8,6",7
Centro en Valencia,2885222,Apartamento,Valencia,1,1,NA,2019/09/22,2019/09/23,0,"9,5",7
Blanq Carmen Hotel,97069,NA,Valencia,1,1,€ 115,2019/09/22,2019/09/23,3,"8,7",7
Ad Hoc Monumental,90719,NA,Valencia,1,1,€ 118,2019/09/22,2019/09/23,3,"8,6",7
Fun and Sun Center 2,2944416,NA,Valencia,1,1,€ 45,2019/09/22,2019/09/23,0,"6,1",7
Carrer del Bisbe Jaume Pérez,4900140,NA,Valencia,1,1,€ 55,2019/09/22,2019/09/23,0,6,7
Kirei Apartment San Agustin,1712323,Apartamentos,Valencia,1,1,€ 92,2019/09/22,2019/09/23,0,6,7
Kirei Apartment Denver,4585191,Apartamento,Valencia,1,1,€ 103,2019/09/22,2019/09/23,0,"6,3",7
Apartments Plaza Ayuntamiento,3506736,Apartamento,Valencia,1,1,€ 119,2019/09/22,2019/09/23,0,"8,7",7
Flatsforyou Ruzafa,3342696,Apartamentos,Valencia,1,1,€ 120,2019/09/22,2019/09/23,0,"8,8",7
Biopark View Apartment,2381901,Apartamento,Valencia,1,1,€ 122,2019/09/22,2019/09/23,0,"8,9",7
Apartment in the Quart Towers II,4947694,Apartamento,Valencia,1,1,€ 127,2019/09/22,2019/09/23,0,"8,5",7
Petit Palace Plaza de la Reina,90443,NA,Valencia,1,1,€ 129,2019/09/22,2019/09/23,3,"8,7",7
AC Hotel Colon Valencia- a Marriott Lifestyle Hotel,1117150,NA,Valencia,1,1,€ 129,2019/09/22,2019/09/23,4,"8,7",7
RoomTuristValencia - Ruzafa,4608394,NA,Valencia,1,1,€ 30,2019/09/22,2019/09/23,0,"5,6",7
Ruzafa Guesthouse,2269176,NA,Valencia,1,1,€ 38,2019/09/22,2019/09/23,0,"5,6",7
Apartamento Alameda,1698817,Apartamento,Valencia,1,1,NA,2019/09/22,2019/09/23,0,"9,5",7
Gon & Diego House,4899561,NA,Valencia,1,1,€ 40,2019/09/22,2019/09/23,0,"5,6",7
Hotel Mediterraneo Valencia,92412,NA,Valencia,1,1,€ 130,2019/09/22,2019/09/23,3,"8,8",7
SH Valencia Palace,91497,NA,Valencia,1,1,€ 130,2019/09/22,2019/09/23,5,"8,5",7
Plaza de la Virgen,3167342,Apartamento,Valencia,1,1,€ 130,2019/09/22,2019/09/23,0,"8,8",7
Citizentral Gascons,332095,Apartamentos,Valencia,1,1,€ 131,2019/09/22,2019/09/23,0,"8,8",7
Home Sweet Home,1223953,NA,Valencia,1,1,€ 60,2019/09/22,2019/09/23,0,"5,5",7
Oliver,4865093,NA,Valencia,1,1,€ 73,2019/09/22,2019/09/23,0,"5,8",7
Kirei Apartment Berlin,4504570,Apartamentos,Valencia,1,1,€ 92,2019/09/22,2019/09/23,0,"5,5",7
Kirei Apartment Portland,4276529,Apartamentos,Valencia,1,1,€ 131,2019/09/22,2019/09/23,0,"5,9",7
Guest House Torres de Quart,2275006,NA,Valencia,1,1,€ 30,2019/09/22,2019/09/23,0,"5,4",7
Disfruta De Playa Y Ciudad,2470646,Apartamento,Valencia,1,1,NA,2019/09/22,2019/09/23,0,"9,5",7
RoomTuristValencia Estacion del Norte,4682632,NA,Valencia,1,1,€ 35,2019/09/22,2019/09/23,0,"5,3",7
Guest House Ruzafa,2324552,NA,Valencia,1,1,€ 40,2019/09/22,2019/09/23,0,"5,3",7
RoomTuristValencia Torres de Quart,4565643,NA,Valencia,1,1,€ 30,2019/09/22,2019/09/23,0,"4,5",7
In the heart of Soho- Ruzafa,4578496,Apartamento,Valencia,1,1,€ 131,2019/09/22,2019/09/23,0,"8,7",7
Welcome Platanos 13 Valencia Beautiful apartments with terrace,5095795,Apartamento,Valencia,1,1,€ 134,2019/09/22,2019/09/23,0,"8,5",7
Guest House Duc de Gaeta,2275007,NA,Valencia,1,1,€ 33,2019/09/22,2019/09/23,0,"4,9",7
Mestalla Sunny Apartment,3294381,Apartamento,Valencia,1,1,€ 135,2019/09/22,2019/09/23,0,"8,8",7
FREE WI-FI. Apartamentos 90 м2 - Assutzena 5,4828764,Apartamento,Valencia,1,1,€ 136,2019/09/22,2019/09/23,0,"8,7",7
Friendly Rentals Ferrero,2314984,Apartamento,Valencia,1,1,€ 140,2019/09/22,2019/09/23,0,"8,8",7
Hotel Neptuno,91206,NA,Valencia,1,1,€ 144,2019/09/22,2019/09/23,4,"8,5",7
Guesthouse Plaza de Toros,2985902,NA,Valencia,1,1,€ 33,2019/09/22,2019/09/23,0,"4,9",7
RoomTuristValencia RuzafaSumsi,4682802,NA,Valencia,1,1,€ 45,2019/09/22,2019/09/23,0,"4,6",7
Espai One Santa Mónica,5471724,Apartamento,Valencia,1,1,NA,2019/09/22,2019/09/23,0,"9,8",7
Port of Valencia,3805735,Apartamento,Valencia,1,1,€ 79,2019/09/22,2019/09/23,0,"4,9",7
Constitucion Guesthouse,2985942,NA,Valencia,1,1,€ 19,2019/09/22,2019/09/23,0,"3,5",7
Apartamento Islas Canarias,2304086,Apartamento,Valencia,1,1,€ 52,2019/09/22,2019/09/23,0,"3,8",7
Aventura,5567318,Apartamentos,Valencia,1,1,€ 40,2019/09/22,2019/09/23,0,,7
sueñavalencia,5603844,NA,Valencia,1,1,€ 40,2019/09/22,2019/09/23,0,,7
Bright room with trundle bed,5560260,NA,Valencia,1,1,€ 46,2019/09/22,2019/09/23,0,,7
Nest Style Valencia -Nueva apertura-,5219046,NA,Valencia,1,1,€ 60,2019/09/22,2019/09/23,3,"9,6",7
Habitación privada con baño privado a 300 metros de la playa.,5587588,NA,Valencia,1,1,€ 49,2019/09/22,2019/09/23,0,,7
vosotros sereis parte de mi familia.,5299568,NA,Valencia,1,1,€ 50,2019/09/22,2019/09/23,0,,7
Aventura Valencia 2,5604325,NA,Valencia,1,1,€ 50,2019/09/22,2019/09/23,0,,7
Attic Rooms in Botánico,5522932,NA,Valencia,1,1,€ 55,2019/09/22,2019/09/23,0,,7
Opera House Valencia B&B,3533887,NA,Valencia,1,1,€ 78,2019/09/22,2019/09/23,0,"9,5",7
Hogar Dulce Hogar,5426607,NA,Valencia,1,1,€ 60,2019/09/22,2019/09/23,0,,7
Apartamento con compartir,5366858,NA,Valencia,1,1,€ 65,2019/09/22,2019/09/23,0,,7
VALENCIA APARTAMENTO GOYA,4256653,Apartamento,Valencia,1,1,NA,2019/09/22,2019/09/23,0,10,7
Ramirez Flats & Bar,4124528,Apartahotel,Valencia,1,1,€ 85,2019/09/22,2019/09/23,0,"9,5",7
Petxina78 Valencia,5503912,Apartamento,Valencia,1,1,€ 70,2019/09/22,2019/09/23,0,,7
Mi casa es vuestra casa,4967097,NA,Valencia,1,1,€ 70,2019/09/22,2019/09/23,0,,7
Habitación en Valencia,5477394,NA,Valencia,1,1,€ 72,2019/09/22,2019/09/23,0,,7
Apartments Sollana Near the Turia Park Valencia,5546417,Apartamento,Valencia,1,1,€ 78,2019/09/22,2019/09/23,0,,7
Apartamentos Artesa 22 Valencia,5546723,Apartamento,Valencia,1,1,€ 112,2019/09/22,2019/09/23,0,,7
L'Esplai Valencia Bed & Breakfast,1282556,NA,Valencia,1,1,€ 99,2019/09/22,2019/09/23,0,"9,6",7
Disfruta - Enjoy Valencia Ayuntamiento,4901194,Apartamento,Valencia,1,1,€ 99,2019/09/22,2019/09/23,0,"9,6",7
casa la tranquilidad,5516825,NA,Valencia,1,1,€ 120,2019/09/22,2019/09/23,0,,7
Bubuflats Bubu 3,1014334,Apartamentos,Valencia,1,1,€ 110,2019/09/22,2019/09/23,0,"9,6",7
Disfruta - Enjoy Valencia Centre,3881970,Apartamento,Valencia,1,1,€ 129,2019/09/22,2019/09/23,0,"9,8",7
MARQUÉS HOUSE 4* SUP,2118880,NA,Valencia,1,1,€ 139,2019/09/22,2019/09/23,4,"9,5",7
Apartments Downtown Valencia,2250421,Apartamentos,Valencia,1,1,NA,2019/09/22,2019/09/23,0,"9,6",7
Apartment Sofi,2830696,Apartamento,Valencia,1,1,€ 150,2019/09/22,2019/09/23,0,"9,8",7
Chic and Central- in a lively but quiet area. All walking distance.,3649090,Apartamento,Valencia,1,1,€ 172,2019/09/22,2019/09/23,0,"9,6",7
MD PASEO RUZAFA CENTER,5374850,Apartamento,Valencia,1,1,€ 930,2019/09/22,2019/09/23,0,"9,5",7
Art&Flats Bed&Breakfast,5238345,NA,Valencia,1,1,€ 26,2019/09/22,2019/09/23,0,9,7
Cantagua Hostel,4074640,NA,Valencia,1,1,€ 48,2019/09/22,2019/09/23,0,"9,1",7
YOU & CO. Saler Beach Boutique,4533007,NA,Valencia,1,1,€ 50,2019/09/22,2019/09/23,3,"9,1",7
Apartamento Frederick “Centrico y con Clase”,4236394,Apartamento,Valencia,1,1,NA,2019/09/22,2019/09/23,0,"9,7",7
Blanq Comedias,4922002,NA,Valencia,1,1,€ 68,2019/09/22,2019/09/23,0,"9,1",7
Rooms Ciencias,94126,NA,Valencia,1,1,€ 69,2019/09/22,2019/09/23,0,9,7
Una Ubicacion Perfecta,3114164,Apartamentos,Valencia,1,1,€ 70,2019/09/22,2019/09/23,0,"9,1",7
APARTAMENTO CENTRO- RUZAFA. WI-FI. PARKING,3144104,Apartamento,Valencia,1,1,€ 70,2019/09/22,2019/09/23,0,"9,3",7
Magnífico Adosado- cerca de Valencia ciudad- en zona de montaña y playa fluvial,5354233,Casa o chalet,Valencia,1,1,€ 72,2019/09/22,2019/09/23,0,"9,1",7
Bianca,4232781,Apartamento,Valencia,1,1,€ 74,2019/09/22,2019/09/23,0,"9,1",7
Valencia what else...,2550483,Apartamento,Valencia,1,1,NA,2019/09/22,2019/09/23,0,"9,5",7
Original Domino House,5434091,NA,Valencia,1,1,€ 75,2019/09/22,2019/09/23,0,"9,2",7
Hotel Valencia Alameda,4019381,NA,Valencia,1,1,€ 84,2019/09/22,2019/09/23,4,"9,3",7
Mon Suites San Nicolas,4117225,Apartamentos,Valencia,1,1,€ 87,2019/09/22,2019/09/23,0,"9,2",7
Apartamento cerca de la Playa y el Centro,2620264,Apartamento,Valencia,1,1,€ 88,2019/09/22,2019/09/23,0,9,7
Apartamentos Edificio Palomar,189277,Apartamentos,Valencia,1,1,€ 89,2019/09/22,2019/09/23,0,"9,2",7
Soho Valencia,1538641,Apartahotel,Valencia,1,1,€ 89,2019/09/22,2019/09/23,0,9,7
Bruno Apartment,2715023,Apartamento,Valencia,1,1,NA,2019/09/22,2019/09/23,0,"9,7",7
Valenciaflats Ciudad de las Ciencias,93676,Apartamentos,Valencia,1,1,€ 89,2019/09/22,2019/09/23,0,"9,1",7
Apartments Abate 4,2848648,Apartamentos,Valencia,1,1,€ 94,2019/09/22,2019/09/23,0,"9,1",7
La casita de Palomar,2132386,Apartamentos,Valencia,1,1,€ 95,2019/09/22,2019/09/23,0,"9,4",7
Teixidors de Palomar,2639791,Apartamentos,Valencia,1,1,€ 95,2019/09/22,2019/09/23,0,"9,3",7
Valenciaflats Centro Ciudad,18544,Apartamentos,Valencia,1,1,€ 99,2019/09/22,2019/09/23,0,"9,2",7
Olvida tu Reloj Congresos Apartment,2448036,Apartamento,Valencia,1,1,€ 101,2019/09/22,2019/09/23,0,"9,2",7
Central Park Apartment Valencia,3881533,Apartamento,Valencia,1,1,NA,2019/09/22,2019/09/23,0,"9,5",7
Casual Socarrat Valencia,5142800,NA,Valencia,1,1,€ 102,2019/09/22,2019/09/23,3,"9,2",7
Olvida tu Reloj Montichelvo Apartment,3258095,Apartamento,Valencia,1,1,€ 103,2019/09/22,2019/09/23,0,"9,4",7
Live in Chianti,2227491,NA,Valencia,1,1,€ 104,2019/09/22,2019/09/23,0,"9,1",7
HQ Rooms Apartments San Vicente,2894429,Apartamentos,Valencia,1,1,€ 104,2019/09/22,2019/09/23,0,"9,2",7
BUBUSUITES by Bubuflats,2389776,NA,Valencia,1,1,€ 105,2019/09/22,2019/09/23,0,"9,3",7
Palau de Palomar,471283,Apartamentos,Valencia,1,1,€ 109,2019/09/22,2019/09/23,0,"9,1",7
malva-beach,3653248,Apartamento,Valencia,1,1,€ 110,2019/09/22,2019/09/23,0,"9,2",7
Hostal Venecia,92883,NA,Valencia,1,1,€ 112,2019/09/22,2019/09/23,2,"9,1",7
Maison Reina B&B,5004812,NA,Valencia,1,1,€ 115,2019/09/22,2019/09/23,0,"9,3",7
Casa Cabañal,2436758,Casa o chalet,Valencia,1,1,€ 116,2019/09/22,2019/09/23,0,9,7
Piso como en tu casa 2,3834617,Apartamentos,Valencia,1,1,€ 119,2019/09/22,2019/09/23,0,"9,1",7
OttoH Charm Stay,2459807,NA,Valencia,1,1,€ 119,2019/09/22,2019/09/23,0,"9,3",7
Apartamentos Wallace,1698355,Apartamentos,Valencia,1,1,€ 120,2019/09/22,2019/09/23,0,"9,2",7
MD Design Hotel - Portal del Real,2391685,NA,Valencia,1,1,€ 124,2019/09/22,2019/09/23,2,"9,1",7
Mon Suites Catedral,485679,Apartamentos,Valencia,1,1,€ 125,2019/09/22,2019/09/23,0,"9,2",7
MYR Hotel Plaza Mercado & Spa,1619029,Apartahotel,Valencia,1,1,€ 129,2019/09/22,2019/09/23,0,"9,2",7
Hi Valencia Apartments - Jorge Juan,2373701,Apartamento,Valencia,1,1,€ 129,2019/09/22,2019/09/23,0,"9,4",7
Palacio de Rojas,1073276,Apartamentos,Valencia,1,1,€ 133,2019/09/22,2019/09/23,0,"9,3",7
Citizentral Juristas,1113127,Apartamentos,Valencia,1,1,€ 137,2019/09/22,2019/09/23,0,"9,2",7
Loft zona Pechina en Valencia centro,2524985,Apartamento,Valencia,1,1,€ 138,2019/09/22,2019/09/23,0,"9,2",7
Casa Botànic - Céntrico y con comodidades,4218273,Apartamento,Valencia,1,1,NA,2019/09/22,2019/09/23,0,"9,8",7
Sun Apartament Valencia @ City Arts & Sciences + Parking,3287719,Apartamento,Valencia,1,1,€ 145,2019/09/22,2019/09/23,0,"9,1",7
The Flow House,4762375,Apartamentos,Valencia,1,1,€ 146,2019/09/22,2019/09/23,0,"9,2",7
Sweet Caroline Apartment,1811784,Apartamento,Valencia,1,1,€ 150,2019/09/22,2019/09/23,0,"9,2",7
B BEACH VALENCIA,5125954,Apartamento,Valencia,1,1,€ 150,2019/09/22,2019/09/23,0,"9,1",7
NH Collection Colón Valencia,3828811,NA,Valencia,1,1,€ 154,2019/09/22,2019/09/23,4,"9,2",7
Mon Suites San Martin,2777545,Apartamentos,Valencia,1,1,€ 155,2019/09/22,2019/09/23,0,"9,4",7
Atico Loft Ruzafa,3152977,Apartamento,Valencia,1,1,NA,2019/09/22,2019/09/23,0,"9,7",7
Edificio Pentagono,4673669,Apartamento,Valencia,1,1,€ 160,2019/09/22,2019/09/23,0,9,7
Live in Chianti Apartaments,2882632,Apartamentos,Valencia,1,1,€ 169,2019/09/22,2019/09/23,0,9,7
Sorolla Centro,90896,NA,Valencia,1,1,€ 170,2019/09/22,2019/09/23,3,"9,1",7
Arena's Apartament,2156905,Apartamento,Valencia,1,1,€ 170,2019/09/22,2019/09/23,0,"9,1",7
Jardines del Turia - Espacioso apartamento,2734126,Apartamento,Valencia,1,1,€ 170,2019/09/22,2019/09/23,0,"9,1",7
Hi Valencia Cánovas,4312120,Apartamentos,Valencia,1,1,€ 170,2019/09/22,2019/09/23,0,9,7
Ciudad Ciencias- Lujo- Parking- Wi-Fi.,4999636,Apartamento,Valencia,1,1,NA,2019/09/22,2019/09/23,0,"9,8",7
Zerka Sendra,4657122,Apartamento,Valencia,1,1,€ 179,2019/09/22,2019/09/23,0,9,7
Cozy apartment in Valencia center,3402135,Apartamentos,Valencia,1,1,€ 194,2019/09/22,2019/09/23,0,"9,2",7
Vincci Mercat,1279484,NA,Valencia,1,1,€ 220,2019/09/22,2019/09/23,4,9,7
Las Arenas Balneario Resort,91144,NA,Valencia,1,1,€ 230,2019/09/22,2019/09/23,5,9,7
Caro Hotel,348132,NA,Valencia,1,1,€ 305,2019/09/22,2019/09/23,5,"9,2",7
The River Hostel,494202,NA,Valencia,1,1,€ 24,2019/09/22,2019/09/23,0,"8,5",7
La seda stay,3335523,Apartamento,Valencia,1,1,NA,2019/09/22,2019/09/23,0,"9,7",7
Pensión Alicante,298710,NA,Valencia,1,1,€ 42,2019/09/22,2019/09/23,0,"8,5",7
Quart Youth Hostel,476418,NA,Valencia,1,1,€ 45,2019/09/22,2019/09/23,0,"8,6",7
Homestay Carrer Sagun,5006434,NA,Valencia,1,1,€ 50,2019/09/22,2019/09/23,0,"8,6",7
Russafa Youth Hostel,345134,NA,Valencia,1,1,€ 54,2019/09/22,2019/09/23,0,"8,6",7
Pintor Salvador Abril 24 Apartment,3249845,Apartamento,Valencia,1,1,€ 148,2019/09/22,2019/09/23,0,"8,9",7
Hotel Gabbeach,403586,NA,Valencia,1,1,€ 158,2019/09/22,2019/09/23,3,"8,5",7
Hotel Malcom and Barret,483261,NA,Valencia,1,1,€ 55,2019/09/22,2019/09/23,3,"8,7",7
Home Youth Hostel by Feetup Hostels,189322,NA,Valencia,1,1,€ 56,2019/09/22,2019/09/23,0,"8,8",7
Luxury Center Plaza Redonda,5138960,Apartamento,Valencia,1,1,NA,2019/09/22,2019/09/23,0,"9,8",7
Apartamento Forn dels Apòstols,3122008,Apartamento,Valencia,1,1,NA,2019/09/22,2019/09/23,0,"9,6",7
Friendly Rentals Gala,1634252,Apartamento,Valencia,1,1,€ 160,2019/09/22,2019/09/23,0,"8,7",7
Canela`s Vintage Ruzafa Centro,4652584,Apartamento,Valencia,1,1,€ 180,2019/09/22,2019/09/23,0,"8,6",7
Puerta de Serranos,2734333,Apartamentos,Valencia,1,1,€ 185,2019/09/22,2019/09/23,0,"8,8",7
Hospes Palau de La Mar,93823,NA,Valencia,1,1,€ 194,2019/09/22,2019/09/23,5,"8,8",7
Valencia Suits You Citytel,1106307,NA,Valencia,1,1,€ 58,2019/09/22,2019/09/23,2,"8,6",7
Pio XII Apartments Valencia,402080,Apartamentos,Valencia,1,1,€ 63,2019/09/22,2019/09/23,0,"8,5",7
Hulot B&B Valencia,585429,NA,Valencia,1,1,€ 63,2019/09/22,2019/09/23,0,"8,5",7
Apartamentos Plaza Picasso,97063,Apartamentos,Valencia,1,1,€ 64,2019/09/22,2019/09/23,0,"8,5",7
Carlos & Ana,2079019,Apartamento,Valencia,1,1,€ 195,2019/09/22,2019/09/23,0,"8,9",7
Vincci Lys,91183,NA,Valencia,1,1,€ 198,2019/09/22,2019/09/23,4,"8,9",7
Apartamento,3139431,Apartamento,Valencia,1,1,NA,2019/09/22,2019/09/23,0,"9,5",7
The Westin Valencia,93321,NA,Valencia,1,1,€ 198,2019/09/22,2019/09/23,5,"8,7",7
Hotel Sercotel Acteón Valencia,90495,NA,Valencia,1,1,€ 68,2019/09/22,2019/09/23,4,"8,5",7
Estrella de russafa,5352439,NA,Valencia,1,1,€ 70,2019/09/22,2019/09/23,0,"8,7",7
APARTAMENTO DE DISEÑO EN PLAZA MANISES,2823390,Apartamento,Valencia,1,1,NA,2019/09/22,2019/09/23,0,"9,7",7
Cathedral Suites Hotel,1736257,Apartahotel,Valencia,1,1,€ 199,2019/09/22,2019/09/23,4,"8,9",7
SingularStays Parque Central,3054000,Apartamentos,Valencia,1,1,€ 232,2019/09/22,2019/09/23,0,"8,8",7
Select Home Alma Palace,1381946,Apartamento,Valencia,1,1,€ 440,2019/09/22,2019/09/23,0,"8,8",7
Urban Youth Hostel,1163025,NA,Valencia,1,1,€ 30,2019/09/22,2019/09/23,0,"8,4",7
Zalamera BnB,1331238,NA,Valencia,1,1,€ 70,2019/09/22,2019/09/23,0,"8,7",7
Palacios Rooms,2773548,NA,Valencia,1,1,€ 70,2019/09/22,2019/09/23,0,"8,6",7
Apartments Madrina,3278589,Apartamentos,Valencia,1,1,€ 75,2019/09/22,2019/09/23,0,"8,9",7
Host & Home,1663785,NA,Valencia,1,1,€ 75,2019/09/22,2019/09/23,0,"8,9",7
Rio Turia B&B,5531073,NA,Valencia,1,1,€ 35,2019/09/22,2019/09/23,0,"8,3",7
Stay at Valencia Downtown,1840715,Apartamento,Valencia,1,1,NA,2019/09/22,2019/09/23,0,"9,6",7
Center Valencia Youth Hostel,246931,NA,Valencia,1,1,€ 36,2019/09/22,2019/09/23,0,8,7
Eurostars Gran Valencia,90484,NA,Valencia,1,1,€ 44,2019/09/22,2019/09/23,4,"8,4",7
Habitación doble,3599930,NA,Valencia,1,1,€ 76,2019/09/22,2019/09/23,0,"8,9",7
Suites by Eric Olsan (Florista),4726450,Apartamentos,Valencia,1,1,€ 78,2019/09/22,2019/09/23,0,"8,7",7
Hotel Kramer,91106,NA,Valencia,1,1,€ 79,2019/09/22,2019/09/23,3,"8,8",7
Purple Nest Hostel,25278,NA,Valencia,1,1,€ 45,2019/09/22,2019/09/23,0,"8,1",7
B&B Una Habitación Propia,1450279,NA,Valencia,1,1,€ 45,2019/09/22,2019/09/23,0,"8,2",7
Habitación en piso compartido,5433175,NA,Valencia,1,1,€ 45,2019/09/22,2019/09/23,0,8,7
Sercotel Sorolla Palace,93646,NA,Valencia,1,1,€ 79,2019/09/22,2019/09/23,4,"8,6",7
ABCyou Bed&Breakfast,189207,NA,Valencia,1,1,€ 79,2019/09/22,2019/09/23,0,"8,5",7
Balandra Flat,2032624,Apartamento,Valencia,1,1,€ 79,2019/09/22,2019/09/23,0,"8,7",7
B&B Hi Valencia Boutique,1301725,NA,Valencia,1,1,€ 79,2019/09/22,2019/09/23,0,"8,8",7
Apartamento Jesus De Medinaceli,1728697,Apartamentos,Valencia,1,1,€ 80,2019/09/22,2019/09/23,0,"8,5",7
Habitacion en Valencia Barata,4861796,NA,Valencia,1,1,€ 45,2019/09/22,2019/09/23,0,"8,2",7
City Center Atico 360,3025679,Apartamento,Valencia,1,1,NA,2019/09/22,2019/09/23,0,"9,5",7
Dormavalencia Hostel,249585,NA,Valencia,1,1,€ 45,2019/09/22,2019/09/23,1,"8,2",7
Burjassot Mestalla,3058627,Apartamento,Valencia,1,1,€ 80,2019/09/22,2019/09/23,0,"8,6",7
Casual del Cine Valencia,572187,NA,Valencia,1,1,€ 80,2019/09/22,2019/09/23,2,"8,6",7
Hotel Valencia Oceanic Managed by Melia Hotels International,91522,NA,Valencia,1,1,€ 81,2019/09/22,2019/09/23,4,"8,6",7
Apartamentos Marina Beach,2661874,Apartamentos,Valencia,1,1,€ 50,2019/09/22,2019/09/23,0,"8,2",7
Hostal Abastos,257057,NA,Valencia,1,1,€ 50,2019/09/22,2019/09/23,2,"8,2",7
Red Nest Hostel,92283,NA,Valencia,1,1,€ 50,2019/09/22,2019/09/23,0,"8,2",7
Hotel Dimar,90886,NA,Valencia,1,1,€ 81,2019/09/22,2019/09/23,4,"8,7",7
Casual Vintage Valencia,1710241,NA,Valencia,1,1,€ 82,2019/09/22,2019/09/23,2,"8,6",7
Apartments Trinitarios,364825,Apartamentos,Valencia,1,1,€ 85,2019/09/22,2019/09/23,0,"8,9",7
7 Moons Bed & Breakfast,464187,NA,Valencia,1,1,€ 51,2019/09/22,2019/09/23,0,"8,4",7
Aparthotel Valencia Rental,17344,Apartahotel,Valencia,1,1,€ 51,2019/09/22,2019/09/23,0,8,7
Apartment Cisneros 2,2361375,Apartamento,Valencia,1,1,NA,2019/09/22,2019/09/23,0,"9,7",7
B&B Hi Valencia Canovas,305349,NA,Valencia,1,1,€ 52,2019/09/22,2019/09/23,0,"8,4",7
Hotel Villacarlos,90730,NA,Valencia,1,1,€ 53,2019/09/22,2019/09/23,3,8,7
Eurostars Rey Don Jaime,91520,NA,Valencia,1,1,€ 53,2019/09/22,2019/09/23,4,"8,2",7
Como en casa,4802186,NA,Valencia,1,1,€ 54,2019/09/22,2019/09/23,0,"8,1",7
Sweet Hotel Continental,93856,NA,Valencia,1,1,€ 59,2019/09/22,2019/09/23,2,"8,3",7
Pension MonaLisa Luxury Suites,3834224,NA,Valencia,1,1,€ 60,2019/09/22,2019/09/23,0,"8,2",7
Ayuntamiento Panoramic,3089239,Apartamento,Valencia,1,1,NA,2019/09/22,2019/09/23,0,"9,5",7
Hotel Alkazar,408511,NA,Valencia,1,1,€ 60,2019/09/22,2019/09/23,1,8,7
Apartamentos Valencia,1007682,Apartamentos,Valencia,1,1,€ 60,2019/09/22,2019/09/23,0,"8,3",7
Tryp Valencia Feria,92852,NA,Valencia,1,1,€ 62,2019/09/22,2019/09/23,4,"8,4",7
Dormavalencia Hostel Regne,291755,NA,Valencia,1,1,€ 63,2019/09/22,2019/09/23,1,8,7
L'Otelet By Sweet,1467935,NA,Valencia,1,1,€ 64,2019/09/22,2019/09/23,0,"8,3",7
Happy Apartments Valencia – Lope de Vega,575582,Apartamentos,Valencia,1,1,€ 64,2019/09/22,2019/09/23,0,"8,1",7
Happy Apartments Valencia,456043,Apartamentos,Valencia,1,1,€ 64,2019/09/22,2019/09/23,0,"8,2",7
NH Ciudad de Valencia,90729,NA,Valencia,1,1,€ 65,2019/09/22,2019/09/23,3,"8,1",7
Ilunion Aqua 3,92776,NA,Valencia,1,1,€ 67,2019/09/22,2019/09/23,3,"8,3",7
Holiday Inn Express Ciudad de las Ciencias,96737,NA,Valencia,1,1,€ 68,2019/09/22,2019/09/23,3,8,7
Nanit Valencia Hostel,3913497,NA,Valencia,1,1,€ 69,2019/09/22,2019/09/23,0,"8,3",7
NH Valencia Las Ciencias,90725,NA,Valencia,1,1,€ 69,2019/09/22,2019/09/23,3,8,7
United Colors of Apartments - Catedral,1301545,Apartamentos,Valencia,1,1,€ 74,2019/09/22,2019/09/23,0,"8,2",7
City Suites Apartments,3091106,NA,Valencia,1,1,€ 74,2019/09/22,2019/09/23,0,"8,4",7
Valenciaflats Torres de Serrano,17468,Apartamentos,Valencia,1,1,€ 75,2019/09/22,2019/09/23,0,"8,3",7
NH Valencia Las Artes,90731,NA,Valencia,1,1,€ 76,2019/09/22,2019/09/23,4,"8,4",7
Casual de las Artes Valencia,538056,NA,Valencia,1,1,€ 77,2019/09/22,2019/09/23,3,"8,4",7
Hotel Miramar,23332,NA,Valencia,1,1,€ 77,2019/09/22,2019/09/23,2,"8,4",7
