name,propertyId,propertyType,city,rooms,days,price,checkIn,checkOut,stars,score,advance
Nest Style Valencia -Nueva apertura-,5219046,NA,Valencia,1,1,€ 73,2019/10/15,2019/10/16,3,"9,6",30
United Colors of Apartments Boutique Style,5372347,Apartamentos,Valencia,1,1,€ 79,2019/10/15,2019/10/16,0,"9,8",30
VALENCIA APARTAMENTO GOYA,4256653,Apartamento,Valencia,1,1,NA,2019/10/15,2019/10/16,0,10,30
Hostal Antigua Morellana,1273937,NA,Valencia,1,1,€ 80,2019/10/15,2019/10/16,1,"9,5",30
Valencian Dreams,3268804,Apartamento,Valencia,1,1,€ 89,2019/10/15,2019/10/16,0,"9,8",30
Bubuflats Bubu 3,1014334,Apartamentos,Valencia,1,1,€ 95,2019/10/15,2019/10/16,0,"9,6",30
ÁTICO PTA 13 EN EL CENTRO DE VALENCIA VT-45727-T,4612077,Apartamento,Valencia,1,1,€ 100,2019/10/15,2019/10/16,0,"9,5",30
Precioso piso junto al antiguo barrio de Campanar,3297078,Apartamento,Valencia,1,1,€ 100,2019/10/15,2019/10/16,0,"9,5",30
L'Esplai Valencia Bed & Breakfast,1282556,NA,Valencia,1,1,€ 109,2019/10/15,2019/10/16,0,"9,6",30
Apartamento Frederick “Centrico y con Clase”,4236394,Apartamento,Valencia,1,1,NA,2019/10/15,2019/10/16,0,"9,7",30
Ramirez Flats & Bar,4124528,Apartahotel,Valencia,1,1,€ 117,2019/10/15,2019/10/16,0,"9,5",30
Opera House Valencia B&B,3533887,NA,Valencia,1,1,€ 120,2019/10/15,2019/10/16,0,"9,5",30
RUZAFA- CENTRO-A/C- WI-FI- PARKING,2885994,Apartamento,Valencia,1,1,€ 120,2019/10/15,2019/10/16,0,"9,7",30
Apartment Plaza Cisneros,1273377,Apartamentos,Valencia,1,1,€ 130,2019/10/15,2019/10/16,0,"9,8",30
Disfruta - Enjoy Valencia Oceanografic,4121345,Apartamento,Valencia,1,1,€ 145,2019/10/15,2019/10/16,0,"9,6",30
Disfruta - Enjoy Valencia Ruzafa,3890328,Apartamento,Valencia,1,1,€ 145,2019/10/15,2019/10/16,0,"9,7",30
BONNIES Suites & Spa Valencia,3631910,Apartamentos,Valencia,1,1,NA,2019/10/15,2019/10/16,0,"9,8",30
Disfruta - Enjoy Valencia Centre,3881970,Apartamento,Valencia,1,1,€ 145,2019/10/15,2019/10/16,0,"9,8",30
Ciudad Ciencias- Lujo- Parking- Wi-Fi.,4999636,Apartamento,Valencia,1,1,€ 150,2019/10/15,2019/10/16,0,"9,8",30
MARQUÉS HOUSE 4* SUP,2118880,NA,Valencia,1,1,€ 209,2019/10/15,2019/10/16,4,"9,5",30
MD PASEO RUZAFA CENTER,5374850,Apartamento,Valencia,1,1,€ 1.030,2019/10/15,2019/10/16,0,"9,5",30
Art&Flats Bed&Breakfast,5238345,NA,Valencia,1,1,€ 40,2019/10/15,2019/10/16,0,9,30
Cantagua Hostel,4074640,NA,Valencia,1,1,€ 41,2019/10/15,2019/10/16,0,"9,1",30
Barracart Apartments,2125836,Apartamentos,Valencia,1,1,NA,2019/10/15,2019/10/16,0,"9,6",30
YOU & CO. Saler Beach Boutique,4533007,NA,Valencia,1,1,€ 55,2019/10/15,2019/10/16,3,"9,1",30
Habitación privada a 1500 metros de la playa,3789910,NA,Valencia,1,1,€ 60,2019/10/15,2019/10/16,0,"9,2",30
Rooms Ciencias,94126,NA,Valencia,1,1,€ 68,2019/10/15,2019/10/16,0,9,30
Blanq Comedias,4922002,NA,Valencia,1,1,€ 68,2019/10/15,2019/10/16,0,"9,1",30
Hi Valencia Cánovas,4312120,Apartamentos,Valencia,1,1,€ 72,2019/10/15,2019/10/16,0,9,30
Loft Turia Gran,5133726,Apartamento,Valencia,1,1,€ 80,2019/10/15,2019/10/16,0,,30
Casa Adosada Quintero,5481770,Casa o chalet,Valencia,1,1,€ 80,2019/10/15,2019/10/16,0,,30
Apartamento Valencia Center II,1509557,Apartamentos,Valencia,1,1,NA,2019/10/15,2019/10/16,0,"9,2",30
Apartments Sollana Near the Turia Park Valencia,5546417,Apartamento,Valencia,1,1,€ 85,2019/10/15,2019/10/16,0,,30
PISO DE DISEÑO A 5 MIN ANDANDO DE LA PLAYA,5546265,Apartamento,Valencia,1,1,€ 95,2019/10/15,2019/10/16,0,,30
Apartamentos Artesa 22 Valencia,5546723,Apartamento,Valencia,1,1,€ 112,2019/10/15,2019/10/16,0,,30
casa completa,5593030,Casa o chalet,Valencia,1,1,€ 119,2019/10/15,2019/10/16,0,,30
RAVALENCIA 4,3377937,Apartamento,Valencia,1,1,€ 124,2019/10/15,2019/10/16,0,,30
Kirei Apartment Dublin,4639542,Apartamento,Valencia,1,1,€ 137,2019/10/15,2019/10/16,0,,30
Apartamento Rosaleda,3014201,Apartamento,Valencia,1,1,NA,2019/10/15,2019/10/16,0,9,30
Apartamento con terraza,5238122,Apartahotel,Valencia,1,1,€ 240,2019/10/15,2019/10/16,0,,30
Apartment Carrer de Don Juan de Austria,5464038,Apartamentos,Valencia,1,1,€ 275,2019/10/15,2019/10/16,0,,30
Governor Residence,3799760,Apartahotel,Valencia,1,1,€ 600,2019/10/15,2019/10/16,0,,30
Gulet Why Not,5199364,NA,Valencia,1,1,€ 3.000,2019/10/15,2019/10/16,0,,30
Center Valencia,2944722,Casa o chalet,Valencia,1,1,€ 108,2019/10/15,2019/10/16,0,"9,3",30
"Piso ""Como en tu casa""",2689136,Apartamento,Valencia,1,1,€ 108,2019/10/15,2019/10/16,0,"9,2",30
Colón Market Downtown,4607745,Apartamento,Valencia,1,1,NA,2019/10/15,2019/10/16,0,"9,7",30
Atico de Lujo,2142556,Apartamento,Valencia,1,1,€ 110,2019/10/15,2019/10/16,0,"9,2",30
Friendly Rentals Ravel I,1634234,Apartamento,Valencia,1,1,€ 115,2019/10/15,2019/10/16,0,"8,8",30
Les flors,3985046,Apartamento,Valencia,1,1,€ 116,2019/10/15,2019/10/16,0,"8,6",30
Ático En El Corazón De Ruzafa,3832501,Apartamento,Valencia,1,1,NA,2019/10/15,2019/10/16,0,"9,5",30
Catalonia Excelsior,90578,NA,Valencia,1,1,€ 120,2019/10/15,2019/10/16,3,"8,7",30
Valenciaflats Ciudad de las Ciencias,93676,Apartamentos,Valencia,1,1,€ 110,2019/10/15,2019/10/16,0,"9,1",30
HQ Rooms Apartments San Vicente,2894429,Apartamentos,Valencia,1,1,€ 115,2019/10/15,2019/10/16,0,"9,2",30
Teixidors de Palomar,2639791,Apartamentos,Valencia,1,1,€ 119,2019/10/15,2019/10/16,0,"9,3",30
Sorolla Centro,90896,NA,Valencia,1,1,€ 121,2019/10/15,2019/10/16,3,"9,1",30
Stylish newly renovated in great location /WIFI,3661070,Apartamento,Valencia,1,1,€ 122,2019/10/15,2019/10/16,0,"8,6",30
Isabel,4442066,Apartamento,Valencia,1,1,€ 122,2019/10/15,2019/10/16,0,"8,6",30
Hotel Mediterraneo Valencia,92412,NA,Valencia,1,1,€ 123,2019/10/15,2019/10/16,3,"8,8",30
Friendly Rentals Schubert,1634221,Apartamentos,Valencia,1,1,€ 125,2019/10/15,2019/10/16,0,"8,9",30
Apartamentos Valencia - Brazil 31 Free WiFi,4948554,Apartamento,Valencia,1,1,€ 125,2019/10/15,2019/10/16,0,"8,8",30
Carmen Apartment,3308265,Apartamento,Valencia,1,1,NA,2019/10/15,2019/10/16,0,"9,6",30
Patacona Beach Apartment,4533678,Apartamento,Valencia,1,1,€ 126,2019/10/15,2019/10/16,0,"8,5",30
Zenit Valencia,92327,NA,Valencia,1,1,€ 128,2019/10/15,2019/10/16,4,"8,8",30
Apartamento Sofia,2552406,Apartamento,Valencia,1,1,€ 130,2019/10/15,2019/10/16,0,"8,6",30
Friendly Rentals Verdi 2,2523881,Apartamento,Valencia,1,1,€ 130,2019/10/15,2019/10/16,0,"8,8",30
Friendly Rentals Strauss,1634236,Apartamento,Valencia,1,1,€ 135,2019/10/15,2019/10/16,0,"8,8",30
AC Hotel Valencia- a Marriott Lifestyle Hotel,91063,NA,Valencia,1,1,€ 139,2019/10/15,2019/10/16,4,"8,5",30
Casa Chenano,4262208,Apartamento,Valencia,1,1,NA,2019/10/15,2019/10/16,0,"9,5",30
Apartments Welcome to Valencia Peset Aleixandre 69,4964856,Apartamento,Valencia,1,1,€ 122,2019/10/15,2019/10/16,0,"9,1",30
City Center Atico 360,3025679,Apartamento,Valencia,1,1,NA,2019/10/15,2019/10/16,0,"9,5",30
Mon Suites San Nicolas,4117225,Apartamentos,Valencia,1,1,€ 124,2019/10/15,2019/10/16,0,"9,2",30
MD Design Hotel - Portal del Real,2391685,NA,Valencia,1,1,€ 128,2019/10/15,2019/10/16,2,"9,1",30
Center City Flats,861452,Apartamentos,Valencia,1,1,€ 128,2019/10/15,2019/10/16,0,"9,1",30
Casual de la Música Valencia,273130,NA,Valencia,1,1,€ 82,2019/10/15,2019/10/16,2,"7,5",30
Torres Quart,3702234,Apartamentos,Valencia,1,1,€ 83,2019/10/15,2019/10/16,0,"7,6",30
Luxury Beachfront Apartment,4107747,Apartamento,Valencia,1,1,€ 129,2019/10/15,2019/10/16,0,9,30
Mon Suites San Martin,2777545,Apartamentos,Valencia,1,1,€ 129,2019/10/15,2019/10/16,0,"9,4",30
Apartamento centro frente a Torres de Serrano,3408067,Apartamento,Valencia,1,1,€ 130,2019/10/15,2019/10/16,0,"9,4",30
Ayuntamiento Panoramic,3089239,Apartamento,Valencia,1,1,NA,2019/10/15,2019/10/16,0,"9,5",30
Live in Chianti Apartaments,2882632,Apartamentos,Valencia,1,1,€ 132,2019/10/15,2019/10/16,0,9,30
Hotel Boutique Balandret,1281710,NA,Valencia,1,1,NA,2019/10/15,2019/10/16,3,"9,2",30
Suites by Eric Olsan (L),4287413,Apartamentos,Valencia,1,1,€ 83,2019/10/15,2019/10/16,0,"7,6",30
Ilunion Valencia 3,92818,NA,Valencia,1,1,€ 83,2019/10/15,2019/10/16,3,"7,9",30
El 16 Ruzafa,865461,Apartamentos,Valencia,1,1,€ 89,2019/10/15,2019/10/16,0,"7,7",30
Checkin Valencia,93743,NA,Valencia,1,1,€ 89,2019/10/15,2019/10/16,4,"7,8",30
Plaza Sainetero 5,3148458,Apartamento,Valencia,1,1,€ 93,2019/10/15,2019/10/16,0,"7,8",30
Apartment Florista,2150187,Apartamento,Valencia,1,1,€ 95,2019/10/15,2019/10/16,0,"7,9",30
APARTAMENTO CENTRICO. WI-FI. PARKING,2967593,Apartamento,Valencia,1,1,NA,2019/10/15,2019/10/16,0,"9,1",30
ValentiaApartments - MercadoCentral,4185241,Apartamentos,Valencia,1,1,€ 141,2019/10/15,2019/10/16,0,"8,8",30
Hotel Neptuno,91206,NA,Valencia,1,1,€ 144,2019/10/15,2019/10/16,4,"8,5",30
Friendly Rentals Desplat,4120221,Apartamento,Valencia,1,1,€ 145,2019/10/15,2019/10/16,0,"8,5",30
Petit Palace Plaza de la Reina,90443,NA,Valencia,1,1,€ 149,2019/10/15,2019/10/16,3,"8,7",30
El Globo,24498,NA,Valencia,1,1,€ 96,2019/10/15,2019/10/16,1,"7,8",30
Kirei Apartment Calgary,4768322,Apartamento,Valencia,1,1,€ 137,2019/10/15,2019/10/16,0,"7,6",30
STYLISH APARTMENT - CITY CENTER,2861517,Apartamento,Valencia,1,1,€ 140,2019/10/15,2019/10/16,0,"7,8",30
Old Town Flats Casa Burguerini,4552106,Apartamentos,Valencia,1,1,€ 151,2019/10/15,2019/10/16,0,"7,7",30
Friendly Rentals Ferrero,2314984,Apartamento,Valencia,1,1,€ 150,2019/10/15,2019/10/16,0,"8,8",30
Puerta de Serranos,2734333,Apartamentos,Valencia,1,1,€ 161,2019/10/15,2019/10/16,0,"8,8",30
Flat El Porto - Valencia,3146159,Apartamento,Valencia,1,1,NA,2019/10/15,2019/10/16,0,"9,7",30
AC Hotel Colon Valencia- a Marriott Lifestyle Hotel,1117150,NA,Valencia,1,1,€ 163,2019/10/15,2019/10/16,4,"8,7",30
SH Valencia Palace,91497,NA,Valencia,1,1,€ 166,2019/10/15,2019/10/16,5,"8,5",30
Vincci Palace,94163,NA,Valencia,1,1,€ 168,2019/10/15,2019/10/16,4,"8,6",30
Canela`s Vintage Ruzafa Centro,4652584,Apartamento,Valencia,1,1,€ 170,2019/10/15,2019/10/16,0,"8,6",30
One Shot Palacio Reina Victoria 04,90885,NA,Valencia,1,1,€ 170,2019/10/15,2019/10/16,4,"8,6",30
Friendly Rentals Danna,1634254,Apartamento,Valencia,1,1,€ 180,2019/10/15,2019/10/16,0,"7,8",30
Dreams Rental City Hall,337092,Apartamentos,Valencia,1,1,€ 220,2019/10/15,2019/10/16,0,"7,5",30
Cozy apartment in Valencia center,3402135,Apartamentos,Valencia,1,1,NA,2019/10/15,2019/10/16,0,"9,2",30
MD Benlliure Beach.,1957258,Apartamento,Valencia,1,1,€ 313,2019/10/15,2019/10/16,0,"7,9",30
MD Art Apartment Ruzafa,2550955,Apartamento,Valencia,1,1,€ 313,2019/10/15,2019/10/16,0,"7,6",30
Loft zona Pechina en Valencia centro,2524985,Apartamento,Valencia,1,1,€ 138,2019/10/15,2019/10/16,0,"9,2",30
OCEANOGRAFIC APARTMENT. PARKING. WI-FI,3107716,Apartamentos,Valencia,1,1,€ 140,2019/10/15,2019/10/16,0,9,30
Friendly Rentals Montaner Beach,2314997,Apartamento,Valencia,1,1,€ 145,2019/10/15,2019/10/16,0,9,30
MYR Hotel Plaza Mercado & Spa,1619029,Apartahotel,Valencia,1,1,€ 149,2019/10/15,2019/10/16,0,"9,2",30
Sweet Caroline Apartment,1811784,Apartamento,Valencia,1,1,€ 150,2019/10/15,2019/10/16,0,"9,2",30
Cool Loft Malvarrosa Beach,4309218,Apartamento,Valencia,1,1,NA,2019/10/15,2019/10/16,0,"9,6",30
ARENAS 2 APARTAMENT,2808815,Apartamento,Valencia,1,1,€ 150,2019/10/15,2019/10/16,0,9,30
Duplex en Blasco Ibáñez,3672426,Apartamento,Valencia,1,1,€ 155,2019/10/15,2019/10/16,0,"9,1",30
Edificio Pentagono,4673669,Apartamento,Valencia,1,1,€ 155,2019/10/15,2019/10/16,0,9,30
MD Pelayo with terrace,1979067,Apartamento,Valencia,1,1,€ 313,2019/10/15,2019/10/16,0,"7,8",30
MD Abastos Center,2551194,Apartamento,Valencia,1,1,€ 341,2019/10/15,2019/10/16,0,"7,7",30
MD Oliag I Apartment Ruzafa,2867488,Apartamento,Valencia,1,1,€ 387,2019/10/15,2019/10/16,0,"7,7",30
MD Olivereta Apartment,3783665,Apartamento,Valencia,1,1,€ 400,2019/10/15,2019/10/16,0,"7,5",30
Olvida tu Reloj Montichelvo Apartment,3258095,Apartamento,Valencia,1,1,NA,2019/10/15,2019/10/16,0,"9,4",30
NH Collection Colón Valencia,3828811,NA,Valencia,1,1,€ 162,2019/10/15,2019/10/16,4,"9,2",30
WeRentVLC Charming Ruzafa,2839319,Apartamento,Valencia,1,1,€ 170,2019/10/15,2019/10/16,0,"9,2",30
Guest House Samuel Ros,4161855,NA,Valencia,1,1,€ 30,2019/10/15,2019/10/16,0,"7,3",30
Hostal Waksman,281139,NA,Valencia,1,1,€ 35,2019/10/15,2019/10/16,1,"7,3",30
feliz como en casa,3676196,NA,Valencia,1,1,€ 36,2019/10/15,2019/10/16,0,"7,2",30
Hostal Residencial RR,450746,NA,Valencia,1,1,€ 39,2019/10/15,2019/10/16,0,7,30
HOSPEDAJE PESET,4718074,NA,Valencia,1,1,€ 40,2019/10/15,2019/10/16,0,"7,3",30
Friendly Rentals Gimenez,1634242,Apartamento,Valencia,1,1,€ 140,2019/10/15,2019/10/16,0,"8,3",30
Ilunion Valencia 4,754329,NA,Valencia,1,1,€ 141,2019/10/15,2019/10/16,4,"8,1",30
Casas Benlliure,3274635,Apartamentos,Valencia,1,1,NA,2019/10/15,2019/10/16,0,"9,1",30
Apartamento Gran Vía Marqués del Turia,2358973,Apartamento,Valencia,1,1,€ 144,2019/10/15,2019/10/16,0,"8,4",30
Apartamento Obispo don Jerónimo,2079020,Apartamento,Valencia,1,1,€ 144,2019/10/15,2019/10/16,0,"8,2",30
Friendly Rentals Verdi,1634232,Apartamento,Valencia,1,1,€ 145,2019/10/15,2019/10/16,0,"8,2",30
Friendly Rentals Telemann,1634241,Apartamento,Valencia,1,1,€ 150,2019/10/15,2019/10/16,0,"8,1",30
Friendly rentals Enesco Beach,2526514,Apartamento,Valencia,1,1,€ 155,2019/10/15,2019/10/16,0,8,30
Vlc Apartaments el Carmen,389902,Apartamentos,Valencia,1,1,€ 214,2019/10/15,2019/10/16,0,"8,2",30
MÍ casa YOUR HOME,3328967,Apartamento,Valencia,1,1,NA,2019/10/15,2019/10/16,0,"9,2",30
Malvarrosa Calle Pavia,3608764,Casa o chalet,Valencia,1,1,€ 271,2019/10/15,2019/10/16,0,8,30
NWT Central Station Apartments,3964093,Apartamento,Valencia,1,1,€ 300,2019/10/15,2019/10/16,0,"8,2",30
Musico Peydro Apartments,3765069,Apartamentos,Valencia,1,1,€ 313,2019/10/15,2019/10/16,0,8,30
UP Hostel Valencia,1710137,NA,Valencia,1,1,€ 24,2019/10/15,2019/10/16,0,"7,8",30
Pensión Universal,304276,NA,Valencia,1,1,€ 29,2019/10/15,2019/10/16,0,"7,9",30
Hostal Moratin,326015,NA,Valencia,1,1,€ 33,2019/10/15,2019/10/16,1,"7,9",30
Palacio de Rojas,1073276,Apartamentos,Valencia,1,1,NA,2019/10/15,2019/10/16,0,"9,3",30
Hostal El Cid,309465,NA,Valencia,1,1,€ 33,2019/10/15,2019/10/16,2,"7,6",30
Apart and Benef,2291245,NA,Valencia,1,1,€ 34,2019/10/15,2019/10/16,0,"7,8",30
Hostal On Dormire Valencia,432305,NA,Valencia,1,1,€ 35,2019/10/15,2019/10/16,0,"7,8",30
Habitación Céntrica en Casa de Familia,4289877,NA,Valencia,1,1,€ 35,2019/10/15,2019/10/16,0,"7,8",30
Habitaciones Barra89,1076252,NA,Valencia,1,1,€ 35,2019/10/15,2019/10/16,0,"7,8",30
Habitacion PLaza Ayuntamiento,4365340,NA,Valencia,1,1,€ 40,2019/10/15,2019/10/16,0,"7,6",30
Piso céntrico Plaza Toros,2961063,Apartamento,Valencia,1,1,NA,2019/10/15,2019/10/16,0,"9,3",30
Habitación San Cayetano,4624401,NA,Valencia,1,1,€ 40,2019/10/15,2019/10/16,0,"7,7",30
Hotel Beleret,94652,NA,Valencia,1,1,€ 41,2019/10/15,2019/10/16,3,"7,6",30
Voyagers Inn Homestay,2682156,NA,Valencia,1,1,€ 42,2019/10/15,2019/10/16,0,"7,8",30
Valencia City Host,1177077,NA,Valencia,1,1,€ 44,2019/10/15,2019/10/16,0,"7,8",30
Valencia Lounge Hostel,337203,NA,Valencia,1,1,€ 44,2019/10/15,2019/10/16,0,"7,8",30
Red Nest Hostel,92283,NA,Valencia,1,1,€ 63,2019/10/15,2019/10/16,0,"8,2",30
L'Otelet By Sweet,1467935,NA,Valencia,1,1,€ 64,2019/10/15,2019/10/16,0,"8,3",30
Valencia Just in the Middle,2965508,Apartamento,Valencia,1,1,NA,2019/10/15,2019/10/16,0,"9,9",30
Up Town,2244083,Apartamentos,Valencia,1,1,€ 64,2019/10/15,2019/10/16,0,"8,2",30
Reina 12,1684198,NA,Valencia,1,1,€ 64,2019/10/15,2019/10/16,0,"8,2",30
Turia Town,4064373,Apartamentos,Valencia,1,1,€ 69,2019/10/15,2019/10/16,0,"8,8",30
Host & Home,1663785,NA,Valencia,1,1,€ 69,2019/10/15,2019/10/16,0,"8,9",30
Colón Market Downtown,4607745,Apartamento,Valencia,1,1,NA,2019/10/15,2019/10/16,0,"9,7",30
Hotel Alkazar,408511,NA,Valencia,1,1,€ 64,2019/10/15,2019/10/16,1,8,30
Happy Apartments Valencia – Lope de Vega,575582,Apartamentos,Valencia,1,1,€ 65,2019/10/15,2019/10/16,0,"8,1",30
Down Town,1656378,Apartamentos,Valencia,1,1,€ 67,2019/10/15,2019/10/16,0,"8,3",30
SHF Flats Baron,1033085,Apartamentos,Valencia,1,1,€ 68,2019/10/15,2019/10/16,0,8,30
Apartment Cisneros 2,2361375,Apartamento,Valencia,1,1,NA,2019/10/15,2019/10/16,0,"9,7",30
Estrella de russafa,5352439,NA,Valencia,1,1,€ 70,2019/10/15,2019/10/16,0,"8,7",30
Carrer de l'Escriptor Rafael Ferreres,4267645,Apartamento,Valencia,1,1,€ 70,2019/10/15,2019/10/16,0,"8,6",30
Valencia maritimo,3020748,Apartamento,Valencia,1,1,€ 70,2019/10/15,2019/10/16,0,"8,9",30
Citizentral Gascons,332095,Apartamentos,Valencia,1,1,€ 71,2019/10/15,2019/10/16,0,"8,8",30
Hotel Olympia Universidades,1301731,NA,Valencia,1,1,€ 68,2019/10/15,2019/10/16,3,"8,4",30
United Colors of Apartments - Catedral,1301545,Apartamentos,Valencia,1,1,€ 69,2019/10/15,2019/10/16,0,"8,2",30
Aparthotel Valencia Rental,17344,Apartahotel,Valencia,1,1,€ 72,2019/10/15,2019/10/16,0,8,30
City Suites Apartments,3091106,NA,Valencia,1,1,€ 74,2019/10/15,2019/10/16,0,"8,4",30
Ático cerca del mar,4040503,Apartamento,Valencia,1,1,€ 75,2019/10/15,2019/10/16,0,"8,3",30
Casa del Patriarca,364834,NA,Valencia,1,1,€ 71,2019/10/15,2019/10/16,0,"8,9",30
Hotel San Lorenzo Boutique,1307718,NA,Valencia,1,1,€ 72,2019/10/15,2019/10/16,3,"8,6",30
City Center Atico 360,3025679,Apartamento,Valencia,1,1,NA,2019/10/15,2019/10/16,0,"9,5",30
Hotel Malcom and Barret,483261,NA,Valencia,1,1,€ 72,2019/10/15,2019/10/16,3,"8,7",30
Hotel Medium Valencia,96838,NA,Valencia,1,1,€ 77,2019/10/15,2019/10/16,4,"8,2",30
Centro en Valencia,2885222,Apartamento,Valencia,1,1,NA,2019/10/15,2019/10/16,0,"9,5",30
NH Valencia Las Ciencias,90725,NA,Valencia,1,1,€ 78,2019/10/15,2019/10/16,3,8,30
Hotel Miramar,23332,NA,Valencia,1,1,€ 79,2019/10/15,2019/10/16,2,"8,4",30
Nanit Valencia Hostel,3913497,NA,Valencia,1,1,€ 80,2019/10/15,2019/10/16,0,"8,3",30
Apartment Vicent,1674495,Apartamentos,Valencia,1,1,€ 80,2019/10/15,2019/10/16,0,"8,3",30
Holiday Inn Express Ciudad de las Ciencias,96737,NA,Valencia,1,1,€ 80,2019/10/15,2019/10/16,3,8,30
Sweet Hotel Continental,93856,NA,Valencia,1,1,€ 84,2019/10/15,2019/10/16,2,"8,3",30
Casa La Buhardilla,2985364,Apartamento,Valencia,1,1,NA,2019/10/15,2019/10/16,0,"9,6",30
Senator Parque Central Hotel,274963,NA,Valencia,1,1,€ 85,2019/10/15,2019/10/16,4,"8,1",30
Residencia Universitaria Damia Bonet,247451,NA,Valencia,1,1,€ 85,2019/10/15,2019/10/16,0,"8,3",30
Happy Apartments Valencia,456043,Apartamentos,Valencia,1,1,€ 86,2019/10/15,2019/10/16,0,"8,2",30
València Centre Torres de Quart,886289,Apartamentos,Valencia,1,1,€ 73,2019/10/15,2019/10/16,0,"8,9",30
Buho House,3777691,Apartahotel,Valencia,1,1,€ 74,2019/10/15,2019/10/16,0,"8,5",30
Burjassot Mestalla,3058627,Apartamento,Valencia,1,1,€ 75,2019/10/15,2019/10/16,0,"8,6",30
València Centre Túria,2185255,Apartamento,Valencia,1,1,€ 75,2019/10/15,2019/10/16,0,"8,8",30
NH Ciudad de Valencia,90729,NA,Valencia,1,1,€ 86,2019/10/15,2019/10/16,3,"8,1",30
Valenciaflats Torres de Serrano,17468,Apartamentos,Valencia,1,1,€ 87,2019/10/15,2019/10/16,0,"8,3",30
Sweet Hotel Renasa,274818,NA,Valencia,1,1,€ 89,2019/10/15,2019/10/16,3,8,30
Apartment Sofi,2830696,Apartamento,Valencia,1,1,NA,2019/10/15,2019/10/16,0,"9,8",30
Habitación doble,3599930,NA,Valencia,1,1,€ 76,2019/10/15,2019/10/16,0,"8,9",30
Ayuntamiento Panoramic,3089239,Apartamento,Valencia,1,1,NA,2019/10/15,2019/10/16,0,"9,5",30
Ad Hoc Carmen,1173270,NA,Valencia,1,1,€ 78,2019/10/15,2019/10/16,2,"8,9",30
El Coso,14580,NA,Valencia,1,1,€ 90,2019/10/15,2019/10/16,3,"8,2",30
MD Modern Hotel - Jardines,305447,NA,Valencia,1,1,€ 90,2019/10/15,2019/10/16,1,"8,3",30
NH Valencia Las Artes,90731,NA,Valencia,1,1,€ 91,2019/10/15,2019/10/16,4,"8,4",30
Hotel Valencia Center,91285,NA,Valencia,1,1,€ 94,2019/10/15,2019/10/16,4,"8,4",30
Balandra Flat,2032624,Apartamento,Valencia,1,1,€ 79,2019/10/15,2019/10/16,0,"8,7",30
B&B Hi Valencia Boutique,1301725,NA,Valencia,1,1,€ 79,2019/10/15,2019/10/16,0,"8,8",30
ABCyou Bed&Breakfast,189207,NA,Valencia,1,1,€ 81,2019/10/15,2019/10/16,0,"8,5",30
Suites by Eric Olsan (Florista),4726450,Apartamentos,Valencia,1,1,€ 82,2019/10/15,2019/10/16,0,"8,7",30
Casual de las Artes Valencia,538056,NA,Valencia,1,1,€ 94,2019/10/15,2019/10/16,3,"8,4",30
Primus Valencia,331871,NA,Valencia,1,1,€ 96,2019/10/15,2019/10/16,4,"8,3",30
Stay at Valencia Downtown,1840715,Apartamento,Valencia,1,1,NA,2019/10/15,2019/10/16,0,"9,6",30
Eurostars Rey Don Jaime,91520,NA,Valencia,1,1,€ 98,2019/10/15,2019/10/16,4,"8,2",30
Hotel El Siglo,1741479,NA,Valencia,1,1,€ 82,2019/10/15,2019/10/16,3,"8,5",30
Cool Loft Malvarrosa Beach,4309218,Apartamento,Valencia,1,1,NA,2019/10/15,2019/10/16,0,"9,6",30
Blanq Carmen Hotel,97069,NA,Valencia,1,1,€ 86,2019/10/15,2019/10/16,3,"8,7",30
APARTAMENTO LAS MELLIZAS,4651578,NA,Valencia,1,1,€ 45,2019/10/15,2019/10/16,0,"8,5",30
Hotel Valencia Oceanic Managed by Melia Hotels International,91522,NA,Valencia,1,1,€ 90,2019/10/15,2019/10/16,4,"8,6",30
Casa de Maria,2467712,Apartamento,Valencia,1,1,€ 90,2019/10/15,2019/10/16,0,"8,6",30
Casual del Cine Valencia,572187,NA,Valencia,1,1,€ 90,2019/10/15,2019/10/16,2,"8,6",30
Valenciaflats Centro Histórico,94781,Apartamentos,Valencia,1,1,€ 91,2019/10/15,2019/10/16,0,"8,7",30
Apartment Cabanyal,3172456,Apartamento,Valencia,1,1,NA,2019/10/15,2019/10/16,0,"9,7",30
Silken Puerta Valencia,91182,NA,Valencia,1,1,€ 99,2019/10/15,2019/10/16,4,"8,3",30
Tryp Valencia Feria,92852,NA,Valencia,1,1,€ 99,2019/10/15,2019/10/16,4,"8,4",30
Ilunion Aqua 3,92776,NA,Valencia,1,1,€ 99,2019/10/15,2019/10/16,3,"8,3",30
Sol Playa,12656,NA,Valencia,1,1,€ 100,2019/10/15,2019/10/16,2,"8,3",30
apartamento las torres-botanico,4694090,Apartamento,Valencia,1,1,€ 94,2019/10/15,2019/10/16,0,"8,9",30
Valencian Apartment,2298621,Apartamento,Valencia,1,1,€ 94,2019/10/15,2019/10/16,0,"8,9",30
Barceló Valencia,91988,NA,Valencia,1,1,€ 95,2019/10/15,2019/10/16,4,"8,7",30
BUBUFLATS / Mercat,783206,Apartamentos,Valencia,1,1,€ 95,2019/10/15,2019/10/16,0,"8,9",30
BUBUFLATS Mossén,1141763,Apartamentos,Valencia,1,1,€ 95,2019/10/15,2019/10/16,0,"8,9",30
Apartamento Privado Próximo a Playa y Ciencias,3783163,Apartamento,Valencia,1,1,€ 100,2019/10/15,2019/10/16,0,"8,2",30
Plaza Del Carmen,1737254,Apartamento,Valencia,1,1,€ 100,2019/10/15,2019/10/16,0,8,30
Eurostars Gran Valencia,90484,NA,Valencia,1,1,€ 101,2019/10/15,2019/10/16,4,"8,4",30
Apartamento Plaza Sainetero,2743838,Apartamento,Valencia,1,1,€ 102,2019/10/15,2019/10/16,0,"8,2",30
Reina's Apartment,2130930,Apartamentos,Valencia,1,1,€ 103,2019/10/15,2019/10/16,0,"8,3",30
New Trendy apartment,2426154,Apartamento,Valencia,1,1,€ 95,2019/10/15,2019/10/16,0,"8,7",30
PORT VALENCIA PLAYA,5259971,Apartamento,Valencia,1,1,NA,2019/10/15,2019/10/16,0,"9,8",30
Valenciaflats Mercado Central,307677,Apartamentos,Valencia,1,1,€ 97,2019/10/15,2019/10/16,0,"8,9",30
Lotelito,570027,NA,Valencia,1,1,€ 97,2019/10/15,2019/10/16,0,"8,9",30
Hotel Dimar,90886,NA,Valencia,1,1,€ 99,2019/10/15,2019/10/16,4,"8,7",30
Biopark View Apartment,2381901,Apartamento,Valencia,1,1,€ 99,2019/10/15,2019/10/16,0,"8,9",30
Ad Hoc Monumental,90719,NA,Valencia,1,1,€ 101,2019/10/15,2019/10/16,3,"8,6",30
Petit Palace Ruzafa,90792,NA,Valencia,1,1,€ 103,2019/10/15,2019/10/16,3,"8,7",30
Apartamento Ciudad de las Artes y las Ciencias,4353552,Apartamento,Valencia,1,1,€ 110,2019/10/15,2019/10/16,0,"8,3",30
Friendly Rentals ABC,3656596,Apartamento,Valencia,1,1,€ 115,2019/10/15,2019/10/16,0,"8,3",30
Friendly Rentals Puerto Deportivo,2317861,Apartamentos,Valencia,1,1,€ 115,2019/10/15,2019/10/16,0,"8,1",30
NH Valencia Center,90727,NA,Valencia,1,1,€ 117,2019/10/15,2019/10/16,4,"8,3",30
Rio Turia Skatehouse,4624602,Apartamento,Valencia,1,1,€ 125,2019/10/15,2019/10/16,0,"8,2",30
Hotel Conqueridor,91047,NA,Valencia,1,1,€ 126,2019/10/15,2019/10/16,4,"8,4",30
Zerka Centro,4425975,Apartamentos,Valencia,1,1,€ 129,2019/10/15,2019/10/16,0,"8,3",30
Apartamento frente al mar,3060802,Apartamento,Valencia,1,1,€ 130,2019/10/15,2019/10/16,0,"8,4",30
One Shot Colón 46,1394168,NA,Valencia,1,1,€ 104,2019/10/15,2019/10/16,3,"8,7",30
Melia Plaza Valencia,13270,NA,Valencia,1,1,€ 105,2019/10/15,2019/10/16,4,"8,9",30
Boutique Creative Rooms,2334726,NA,Valencia,1,1,€ 105,2019/10/15,2019/10/16,0,"8,7",30
Melia Valencia,290493,NA,Valencia,1,1,€ 105,2019/10/15,2019/10/16,4,"8,8",30
Hotel Kramer,91106,NA,Valencia,1,1,€ 106,2019/10/15,2019/10/16,3,"8,8",30
El Palacete Gran Via,3483148,NA,Valencia,1,1,€ 107,2019/10/15,2019/10/16,0,"8,8",30
Perla Apartments,3146781,Apartamentos,Valencia,1,1,€ 108,2019/10/15,2019/10/16,0,"8,7",30
SKY TOURISTIC ATTIC,281640,Apartamentos,Valencia,1,1,€ 108,2019/10/15,2019/10/16,0,"8,5",30
Sercotel Sorolla Palace,93646,NA,Valencia,1,1,€ 110,2019/10/15,2019/10/16,4,"8,6",30
City of Arts,3031480,Apartamento,Valencia,1,1,€ 110,2019/10/15,2019/10/16,0,"8,8",30
Casual Vintage Valencia,1710241,NA,Valencia,1,1,€ 111,2019/10/15,2019/10/16,2,"8,6",30
Plaza de la Virgen,3167342,Apartamento,Valencia,1,1,€ 115,2019/10/15,2019/10/16,0,"8,8",30
Best Valencia Beach Flat,3246772,Apartamento,Valencia,1,1,€ 192,2019/10/15,2019/10/16,0,"7,1",30
Select Home Town Hall,1648016,Apartamentos,Valencia,1,1,€ 215,2019/10/15,2019/10/16,0,"7,3",30
Glorieta,4217752,Apartamento,Valencia,1,1,NA,2019/10/15,2019/10/16,0,"9,7",30
Ruzafa Apartments,1431031,Apartamentos,Valencia,1,1,€ 290,2019/10/15,2019/10/16,0,"7,1",30
MD Puerto Rico Apartment Ruzafa,3737151,Apartamento,Valencia,1,1,€ 341,2019/10/15,2019/10/16,0,"7,4",30
Habitación Despuig,4901343,NA,Valencia,1,1,€ 28,2019/10/15,2019/10/16,0,"6,8",30
Guest House Lebon,3124256,NA,Valencia,1,1,€ 35,2019/10/15,2019/10/16,0,"6,9",30
Ruzafa Rooms,2891693,NA,Valencia,1,1,€ 36,2019/10/15,2019/10/16,0,"6,9",30
Habitación con cama doble,4794909,NA,Valencia,1,1,€ 36,2019/10/15,2019/10/16,0,"6,7",30
Puerto Bello,3306497,Apartamento,Valencia,1,1,NA,2019/10/15,2019/10/16,0,"9,7",30
PISO ACOGEDOR,4995780,NA,Valencia,1,1,€ 50,2019/10/15,2019/10/16,0,"6,9",30
Apartment Valencia Denia,1968489,Apartamentos,Valencia,1,1,€ 69,2019/10/15,2019/10/16,0,"6,7",30
Casita Esmeralda,2040126,Casa o chalet,Valencia,1,1,€ 114,2019/10/15,2019/10/16,0,"6,5",30
Miresa flats,5300418,Apartamento,Valencia,1,1,€ 125,2019/10/15,2019/10/16,0,"6,6",30
MD Villalonga Malvarosa Beach,3739661,Apartamento,Valencia,1,1,€ 490,2019/10/15,2019/10/16,0,"6,8",30
Guest House Higinio Noja,2845935,NA,Valencia,1,1,€ 30,2019/10/15,2019/10/16,0,6,30
TTdSSa VLC: Plaza Cisneros- 2- 5 pax 3 Bedrooms,4069293,Apartamento,Valencia,1,1,NA,2019/10/15,2019/10/16,0,"9,7",30
Fun and Sun Center 2,2944416,NA,Valencia,1,1,€ 36,2019/10/15,2019/10/16,0,"6,1",30
Carrer del Bisbe Jaume Pérez,4900140,NA,Valencia,1,1,€ 60,2019/10/15,2019/10/16,0,6,30
Kirei Apartment San Agustin,1712323,Apartamentos,Valencia,1,1,€ 161,2019/10/15,2019/10/16,0,6,30
RoomTuristValencia - Ruzafa,4608394,NA,Valencia,1,1,€ 29,2019/10/15,2019/10/16,0,"5,6",30
Ruzafa Guesthouse,2269176,NA,Valencia,1,1,€ 33,2019/10/15,2019/10/16,0,"5,6",30
Oliver,4865093,NA,Valencia,1,1,€ 73,2019/10/15,2019/10/16,0,"5,8",30
VALENCIA APARTAMENTO GOYA GRAN TERRAZA,4660558,Apartamento,Valencia,1,1,NA,2019/10/15,2019/10/16,0,"9,6",30
Kirei Apartment Berlin,4504570,Apartamentos,Valencia,1,1,€ 103,2019/10/15,2019/10/16,0,"5,5",30
Valencia B&B,2658386,NA,Valencia,1,1,€ 129,2019/10/15,2019/10/16,0,"5,6",30
Kirei Apartment Portland,4276529,Apartamentos,Valencia,1,1,€ 200,2019/10/15,2019/10/16,0,"5,9",30
Guest House Torres de Quart,2275006,NA,Valencia,1,1,€ 30,2019/10/15,2019/10/16,0,"5,4",30
RoomTuristValencia Torres de Quart,4565643,NA,Valencia,1,1,€ 25,2019/10/15,2019/10/16,0,"4,5",30
Guest House Duc de Gaeta,2275007,NA,Valencia,1,1,€ 28,2019/10/15,2019/10/16,0,"4,9",30
Olympia Flats,4212801,NA,Valencia,1,1,NA,2019/10/15,2019/10/16,0,"9,7",30
Guesthouse Plaza de Toros,2985902,NA,Valencia,1,1,€ 33,2019/10/15,2019/10/16,0,"4,9",30
RoomTuristValencia RuzafaSumsi,4682802,NA,Valencia,1,1,€ 35,2019/10/15,2019/10/16,0,"4,6",30
Port of Valencia,3805735,Apartamento,Valencia,1,1,€ 79,2019/10/15,2019/10/16,0,"4,9",30
Malvarosa,3820590,Apartamento,Valencia,1,1,€ 120,2019/10/15,2019/10/16,0,"4,1",30
Constitucion Guesthouse,2985942,NA,Valencia,1,1,€ 30,2019/10/15,2019/10/16,0,"3,5",30
Apartamento Islas Canarias,2304086,Apartamento,Valencia,1,1,€ 62,2019/10/15,2019/10/16,0,"3,8",30
Luxury penthouse in the center of Valencia,3127952,Apartamento,Valencia,1,1,NA,2019/10/15,2019/10/16,0,"9,9",30
Habitación matrimonial,4696818,NA,Valencia,1,1,€ 37,2019/10/15,2019/10/16,0,,30
Como en casa !!,5427108,NA,Valencia,1,1,€ 40,2019/10/15,2019/10/16,0,,30
Aventura,5567318,Apartamentos,Valencia,1,1,€ 40,2019/10/15,2019/10/16,0,,30
Bright room with trundle bed,5560260,NA,Valencia,1,1,€ 46,2019/10/15,2019/10/16,0,,30
Habitación privada con baño privado a 300 metros de la playa.,5587588,NA,Valencia,1,1,€ 49,2019/10/15,2019/10/16,0,,30
Attic Rooms in Botánico,5522932,NA,Valencia,1,1,€ 50,2019/10/15,2019/10/16,0,,30
Aventura Valencia 2,5604325,NA,Valencia,1,1,€ 50,2019/10/15,2019/10/16,0,,30
Rooms El Picolino,5326859,NA,Valencia,1,1,€ 52,2019/10/15,2019/10/16,0,,30
Brugada home,5259150,NA,Valencia,1,1,€ 55,2019/10/15,2019/10/16,0,,30
Hogar Dulce Hogar,5426607,NA,Valencia,1,1,€ 60,2019/10/15,2019/10/16,0,,30
Comfort Homestay,5423155,NA,Valencia,1,1,€ 67,2019/10/15,2019/10/16,0,,30
Cabañal Port Marina,5478007,Apartamento,Valencia,1,1,€ 70,2019/10/15,2019/10/16,0,,30
Florista's Room en Valencia,5502152,NA,Valencia,1,1,€ 70,2019/10/15,2019/10/16,0,,30
Petxina78 Valencia,5503912,Apartamento,Valencia,1,1,€ 70,2019/10/15,2019/10/16,0,,30
Mi casa es vuestra casa,4967097,NA,Valencia,1,1,€ 70,2019/10/15,2019/10/16,0,,30
BY SAN - El Carmen,5593088,NA,Valencia,1,1,€ 72,2019/10/15,2019/10/16,0,,30
Habitación en Valencia,5477394,NA,Valencia,1,1,€ 72,2019/10/15,2019/10/16,0,,30
sueñavalencia,5603844,NA,Valencia,1,1,€ 75,2019/10/15,2019/10/16,0,,30
