name,propertyId,propertyType,city,rooms,days,price,checkIn,checkOut,stars,score,advance
Hostal Antigua Morellana,1273937,NA,Valencia,1,1,€ 80,2019/10/14,2019/10/15,1,"9,5",14
Valencian Dreams,3268804,Apartamento,Valencia,1,1,€ 82,2019/10/14,2019/10/15,0,"9,8",14
VALENCIA APARTAMENTO GOYA,4256653,Apartamento,Valencia,1,1,NA,2019/10/14,2019/10/15,0,10,14
Nest Style Valencia -Nueva apertura-,5219046,NA,Valencia,1,1,€ 87,2019/10/14,2019/10/15,3,"9,5",14
Opera House Valencia B&B,3533887,NA,Valencia,1,1,€ 88,2019/10/14,2019/10/15,0,"9,5",14
ÁTICO PTA 13 EN EL CENTRO DE VALENCIA VT-45727-T,4612077,Apartamento,Valencia,1,1,€ 100,2019/10/14,2019/10/15,0,"9,5",14
Precioso piso junto al antiguo barrio de Campanar,3297078,Apartamento,Valencia,1,1,€ 100,2019/10/14,2019/10/15,0,"9,5",14
Bubuflats Bubu 3,1014334,Apartamentos,Valencia,1,1,€ 110,2019/10/14,2019/10/15,0,"9,6",14
Ramirez Flats & Bar,4124528,Apartahotel,Valencia,1,1,€ 113,2019/10/14,2019/10/15,0,"9,5",14
MerKat-Abastos,1231196,Apartamento,Valencia,1,1,NA,2019/10/14,2019/10/15,0,"9,7",14
RUZAFA- CENTRO-A/C- WI-FI- PARKING,2885994,Apartamento,Valencia,1,1,€ 120,2019/10/14,2019/10/15,0,"9,7",14
Apartments Downtown Valencia,2250421,Apartamentos,Valencia,1,1,€ 120,2019/10/14,2019/10/15,0,"9,6",14
15 Avinguda Mare Nostrum,4518973,Apartamento,Valencia,1,1,€ 125,2019/10/14,2019/10/15,0,"9,6",14
Disfruta - Enjoy Valencia Ayuntamiento,4901194,Apartamento,Valencia,1,1,€ 129,2019/10/14,2019/10/15,0,"9,6",14
Disfruta - Enjoy Valencia Ruzafa,3890328,Apartamento,Valencia,1,1,€ 145,2019/10/14,2019/10/15,0,"9,7",14
MARQUÉS HOUSE 4* SUP,2118880,NA,Valencia,1,1,€ 169,2019/10/14,2019/10/15,4,"9,5",14
Casa Botànic - Céntrico y con comodidades,4218273,Apartamento,Valencia,1,1,NA,2019/10/14,2019/10/15,0,"9,8",14
Friendly Rentals Nyman,3245521,Apartamento,Valencia,1,1,€ 120,2019/10/14,2019/10/15,0,"8,9",14
Stylish newly renovated in great location /WIFI,3661070,Apartamento,Valencia,1,1,€ 122,2019/10/14,2019/10/15,0,"8,6",14
Disfruta De Playa Y Ciudad,2470646,Apartamento,Valencia,1,1,NA,2019/10/14,2019/10/15,0,"9,5",14
Casa los Peces,3234194,Apartamento,Valencia,1,1,€ 154,2019/10/14,2019/10/15,0,"8,2",14
Preciosos Apartamentos en el Carmen,2918345,Apartamentos,Valencia,1,1,€ 180,2019/10/14,2019/10/15,0,"8,1",14
Apartamento Valencia Center,410101,Apartamentos,Valencia,1,1,NA,2019/10/14,2019/10/15,0,"9,4",14
Vlc Apartaments el Carmen,389902,Apartamentos,Valencia,1,1,€ 214,2019/10/14,2019/10/15,0,"8,2",14
NWT Central Station Apartments,3964093,Apartamento,Valencia,1,1,€ 300,2019/10/14,2019/10/15,0,"8,2",14
Apartments Welcome to Valencia Peset Aleixandre 69,4964856,Apartamento,Valencia,1,1,€ 122,2019/10/14,2019/10/15,0,"8,9",14
ABCyou Bed&Breakfast,189207,NA,Valencia,1,1,€ 127,2019/10/14,2019/10/15,0,"8,5",14
AC Hotel Colon Valencia,1117150,NA,Valencia,1,1,€ 129,2019/10/14,2019/10/15,4,"8,7",14
Musico Peydro Apartments,3765069,Apartamentos,Valencia,1,1,€ 313,2019/10/14,2019/10/15,0,8,14
UP Hostel Valencia,1710137,NA,Valencia,1,1,€ 24,2019/10/14,2019/10/15,0,"7,7",14
Pensión Universal,304276,NA,Valencia,1,1,€ 29,2019/10/14,2019/10/15,0,"7,9",14
Chic and Central- in a lively but quiet area. All walking distance.,3649090,Apartamento,Valencia,1,1,€ 169,2019/10/14,2019/10/15,0,"9,6",14
Casa Calle Conquista,4691493,Apartamento,Valencia,1,1,€ 300,2019/10/14,2019/10/15,0,"9,7",14
Cantagua Hostel,4074640,NA,Valencia,1,1,€ 44,2019/10/14,2019/10/15,0,"9,1",14
Rooms Ciencias,94126,NA,Valencia,1,1,€ 53,2019/10/14,2019/10/15,0,9,14
Petit Palace Plaza de la Reina,90443,NA,Valencia,1,1,€ 129,2019/10/14,2019/10/15,3,"8,7",14
FREE WI-FI. Apartamentos 90 м2 - Assutzena 5,4828764,Apartamento,Valencia,1,1,€ 129,2019/10/14,2019/10/15,0,"8,7",14
Catalonia Excelsior,90578,NA,Valencia,1,1,€ 130,2019/10/14,2019/10/15,3,"8,7",14
Ático Valencia Centro,4358939,Apartamento,Valencia,1,1,NA,2019/10/14,2019/10/15,0,"9,8",14
Apartamento Sofia,2552406,Apartamento,Valencia,1,1,€ 130,2019/10/14,2019/10/15,0,"8,6",14
Friendly Rentals Strauss,1634236,Apartamento,Valencia,1,1,€ 130,2019/10/14,2019/10/15,0,"8,6",14
Hotel Mediterraneo Valencia,92412,NA,Valencia,1,1,€ 132,2019/10/14,2019/10/15,3,"8,8",14
ValentiaApartments - MercadoCentral,4185241,Apartamentos,Valencia,1,1,€ 135,2019/10/14,2019/10/15,0,"8,8",14
One Shot Palacio Reina Victoria 04,90885,NA,Valencia,1,1,€ 139,2019/10/14,2019/10/15,4,"8,6",14
Habitación Céntrica en Casa de Familia,4289877,NA,Valencia,1,1,€ 30,2019/10/14,2019/10/15,0,"7,8",14
Total Valencia White,2201908,Apartamento,Valencia,1,1,NA,2019/10/14,2019/10/15,0,"9,1",14
Apart and Benef,2291245,NA,Valencia,1,1,€ 34,2019/10/14,2019/10/15,0,"7,8",14
Habitaciones Barra89,1076252,NA,Valencia,1,1,€ 35,2019/10/14,2019/10/15,0,"7,8",14
YOU & CO. Saler Beach Boutique,4533007,NA,Valencia,1,1,€ 55,2019/10/14,2019/10/15,3,"9,1",14
Blanq Comedias,4922002,NA,Valencia,1,1,€ 59,2019/10/14,2019/10/15,0,"9,1",14
Apartment Cabanyal,3172456,Apartamento,Valencia,1,1,NA,2019/10/14,2019/10/15,0,"9,7",14
Habitación privada a 1500 metros de la playa,3789910,NA,Valencia,1,1,€ 60,2019/10/14,2019/10/15,0,"9,3",14
Hotel Neptuno,91206,NA,Valencia,1,1,€ 144,2019/10/14,2019/10/15,4,"8,5",14
ÁTICO EN EL CENTRO DE VALENCIA VT-45939-T,4752815,Apartamento,Valencia,1,1,NA,2019/10/14,2019/10/15,0,"9,6",14
Ilunion Aqua 4,92777,NA,Valencia,1,1,€ 150,2019/10/14,2019/10/15,4,"8,5",14
Zenit Valencia,92327,NA,Valencia,1,1,€ 153,2019/10/14,2019/10/15,4,"8,8",14
Select Home Mercado de Colón,2960845,Apartamentos,Valencia,1,1,€ 160,2019/10/14,2019/10/15,0,"8,9",14
SH Ingles Boutique Hotel,92956,NA,Valencia,1,1,€ 165,2019/10/14,2019/10/15,4,"8,5",14
Hostal On Dormire Valencia,432305,NA,Valencia,1,1,€ 35,2019/10/14,2019/10/15,0,"7,8",14
Habitación San Cayetano,4624401,NA,Valencia,1,1,€ 40,2019/10/14,2019/10/15,0,"7,6",14
Habitacion PLaza Ayuntamiento,4365340,NA,Valencia,1,1,€ 40,2019/10/14,2019/10/15,0,"7,5",14
Hotel Beleret,94652,NA,Valencia,1,1,€ 41,2019/10/14,2019/10/15,3,"7,6",14
Art of Dance Apartment Valencia,3732969,Apartamento,Valencia,1,1,€ 100,2019/10/14,2019/10/15,0,"7,7",14
Checkin Valencia,93743,NA,Valencia,1,1,€ 104,2019/10/14,2019/10/15,4,"7,8",14
Apartamento Mercado Central,4751166,Apartamento,Valencia,1,1,NA,2019/10/14,2019/10/15,0,"9,2",14
Kirei Apartment Vienna,4639797,Apartamento,Valencia,1,1,€ 115,2019/10/14,2019/10/15,0,"7,6",14
Kirei Apartment Calgary,4768322,Apartamento,Valencia,1,1,€ 137,2019/10/14,2019/10/15,0,"7,7",14
STYLISH APARTMENT - CITY CENTER,2861517,Apartamento,Valencia,1,1,€ 140,2019/10/14,2019/10/15,0,"7,8",14
Old Town Flats Casa Burguerini,4552106,Apartamentos,Valencia,1,1,€ 151,2019/10/14,2019/10/15,0,"7,9",14
COZY APARTMENT VALENCIA BEACHFRONT!,3128516,Apartamento,Valencia,1,1,NA,2019/10/14,2019/10/15,0,"9,4",14
Voyagers Inn Homestay,2682156,NA,Valencia,1,1,€ 42,2019/10/14,2019/10/15,0,"7,8",14
Valencia City Host,1177077,NA,Valencia,1,1,€ 43,2019/10/14,2019/10/15,0,"7,8",14
Valencia Lounge Hostel,337203,NA,Valencia,1,1,€ 46,2019/10/14,2019/10/15,0,"7,7",14
Host & Home,1663785,NA,Valencia,1,1,€ 64,2019/10/14,2019/10/15,0,9,14
Apartamento Rosaleda,3014201,Apartamento,Valencia,1,1,€ 68,2019/10/14,2019/10/15,0,9,14
Una Ubicacion Perfecta,3114164,Apartamentos,Valencia,1,1,€ 68,2019/10/14,2019/10/15,0,"9,1",14
Hostal Venecia,92883,NA,Valencia,1,1,€ 70,2019/10/14,2019/10/15,2,"9,1",14
Friendly Rentals Danna,1634254,Apartamento,Valencia,1,1,€ 160,2019/10/14,2019/10/15,0,"7,7",14
Dreams Rental City Hall,337092,Apartamentos,Valencia,1,1,€ 280,2019/10/14,2019/10/15,0,"7,5",14
Apartment on Carrer del Dr. Lluch,2008997,Apartamento,Valencia,1,1,NA,2019/10/14,2019/10/15,0,"9,1",14
MD Art Apartment Ruzafa,2550955,Apartamento,Valencia,1,1,€ 313,2019/10/14,2019/10/15,0,"7,5",14
MD Benlliure Beach.,1957258,Apartamento,Valencia,1,1,€ 313,2019/10/14,2019/10/15,0,"7,9",14
Vincci Palace,94163,NA,Valencia,1,1,€ 165,2019/10/14,2019/10/15,4,"8,6",14
AC Hotel Valencia,91063,NA,Valencia,1,1,€ 167,2019/10/14,2019/10/15,4,"8,5",14
AMAZING HOUSE- BEST LOCATION!,4728031,Apartamento,Valencia,1,1,NA,2019/10/14,2019/10/15,0,"9,7",14
Canela`s Vintage Ruzafa Centro,4652584,Apartamento,Valencia,1,1,€ 170,2019/10/14,2019/10/15,0,"8,5",14
Mar & City Apartment,3456759,Apartamento,Valencia,1,1,€ 174,2019/10/14,2019/10/15,0,"8,8",14
MD Abastos Center,2551194,Apartamento,Valencia,1,1,€ 341,2019/10/14,2019/10/15,0,"7,7",14
MD Oliag I Apartment Ruzafa,2867488,Apartamento,Valencia,1,1,€ 387,2019/10/14,2019/10/15,0,"7,7",14
MD Olivereta Apartment,3783665,Apartamento,Valencia,1,1,€ 400,2019/10/14,2019/10/15,0,"7,5",14
Guest House Samuel Ros,4161855,NA,Valencia,1,1,€ 25,2019/10/14,2019/10/15,0,"7,3",14
Austria 4,1605997,Apartamentos,Valencia,1,1,NA,2019/10/14,2019/10/15,0,9,14
Puerta de Serranos,2734333,Apartamentos,Valencia,1,1,€ 185,2019/10/14,2019/10/15,0,"8,8",14
SH Valencia Palace,91497,NA,Valencia,1,1,€ 195,2019/10/14,2019/10/15,5,"8,5",14
Hospes Palau de La Mar,93823,NA,Valencia,1,1,€ 198,2019/10/14,2019/10/15,5,"8,8",14
feliz como en casa,3676196,NA,Valencia,1,1,€ 36,2019/10/14,2019/10/15,0,"7,2",14
Hostal Residencial RR,450746,NA,Valencia,1,1,€ 38,2019/10/14,2019/10/15,0,7,14
Habitacion Apartamento soleado Plaza Escultor Frechina,4865043,NA,Valencia,1,1,€ 40,2019/10/14,2019/10/15,0,"7,1",14
HOSPEDAJE PESET,4718074,NA,Valencia,1,1,€ 40,2019/10/14,2019/10/15,0,"7,3",14
Habitación con cama doble,4794909,NA,Valencia,1,1,€ 41,2019/10/14,2019/10/15,0,7,14
Central Station Valencia Hostel,1647017,NA,Valencia,1,1,€ 46,2019/10/14,2019/10/15,0,"7,1",14
Mediterranean Flats Plaza Redonda,4086496,Apartamentos,Valencia,1,1,NA,2019/10/14,2019/10/15,0,"9,2",14
Attic Rooms in Botánico,5522932,NA,Valencia,1,1,€ 48,2019/10/14,2019/10/15,0,"7,2",14
Hostal El Cid,309465,NA,Valencia,1,1,€ 47,2019/10/14,2019/10/15,2,"7,6",14
Casual Civilizaciones Valencia,449777,NA,Valencia,1,1,€ 47,2019/10/14,2019/10/15,0,"7,9",14
HOSTAL BED OF THE SEA,3974636,NA,Valencia,1,1,€ 50,2019/10/14,2019/10/15,0,"7,1",14
Centro Valencia Calle Cerrajeros,3476261,NA,Valencia,1,1,€ 50,2019/10/14,2019/10/15,0,"7,1",14
PISO ACOGEDOR,4995780,NA,Valencia,1,1,€ 50,2019/10/14,2019/10/15,0,"7,1",14
Avenida del Cid (Centrico),4737683,Apartamento,Valencia,1,1,€ 51,2019/10/14,2019/10/15,0,"7,1",14
Casual de la Música Valencia,273130,NA,Valencia,1,1,€ 47,2019/10/14,2019/10/15,2,"7,5",14
Valencia City Center New Apartments,1042326,Apartamentos,Valencia,1,1,NA,2019/10/14,2019/10/15,0,9,14
Rio Turia B&B,5531073,NA,Valencia,1,1,€ 48,2019/10/14,2019/10/15,0,"7,6",14
Hostal Moratin,326015,NA,Valencia,1,1,€ 49,2019/10/14,2019/10/15,1,"7,9",14
Home Youth Hostel by Feetup Hostels,189322,NA,Valencia,1,1,€ 64,2019/10/14,2019/10/15,0,"8,8",14
The River Hostel,494202,NA,Valencia,1,1,€ 66,2019/10/14,2019/10/15,0,"8,5",14
Luxury Beach House,3602594,Casa o chalet,Valencia,1,1,NA,2019/10/14,2019/10/15,0,"9,7",14
Casa del Patriarca,364834,NA,Valencia,1,1,€ 67,2019/10/14,2019/10/15,0,"8,9",14
Rooms Valencia Center,5507857,NA,Valencia,1,1,€ 49,2019/10/14,2019/10/15,0,"7,5",14
OYO Pensión El Rincón,476031,NA,Valencia,1,1,€ 50,2019/10/14,2019/10/15,1,"7,6",14
Apartamentos Abastos,1044426,Apartamentos,Valencia,1,1,€ 50,2019/10/14,2019/10/15,0,"7,5",14
Balcón Al Mar,295109,NA,Valencia,1,1,€ 67,2019/10/14,2019/10/15,0,"8,4",14
Blanq Carmen Hotel,97069,NA,Valencia,1,1,€ 68,2019/10/14,2019/10/15,3,"8,7",14
Moon Valencia,3560698,Apartamentos,Valencia,1,1,€ 70,2019/10/14,2019/10/15,0,"8,8",14
Turia Town,4064373,Apartamentos,Valencia,1,1,€ 70,2019/10/14,2019/10/15,0,"8,8",14
Carrer de l'Escriptor Rafael Ferreres,4267645,Apartamento,Valencia,1,1,€ 70,2019/10/14,2019/10/15,0,"8,6",14
Ciudad Ciencias- Lujo- Parking- Wi-Fi.,4999636,Apartamento,Valencia,1,1,NA,2019/10/14,2019/10/15,0,"9,8",14
Valencia maritimo,3020748,Apartamento,Valencia,1,1,€ 70,2019/10/14,2019/10/15,0,"8,9",14
Apartamentos Plaza Picasso,97063,Apartamentos,Valencia,1,1,€ 72,2019/10/14,2019/10/15,0,"8,5",14
Valenciaflats Centro Histórico,94781,Apartamentos,Valencia,1,1,€ 73,2019/10/14,2019/10/15,0,"8,7",14
Buho House,3777691,Apartahotel,Valencia,1,1,€ 74,2019/10/14,2019/10/15,0,"8,5",14
Apartamento para 10 personas,5029963,Apartamento,Valencia,1,1,€ 160,2019/10/14,2019/10/15,0,"6,9",14
Select Home Mercado Central,440757,Apartamentos,Valencia,1,1,€ 165,2019/10/14,2019/10/15,0,"6,9",14
Apartamento en la Ciudad de las Artes y las Ciencias,3552283,Apartamento,Valencia,1,1,NA,2019/10/14,2019/10/15,0,"9,4",14
Select Home Boutique Center,387770,Apartamentos,Valencia,1,1,€ 230,2019/10/14,2019/10/15,0,"6,9",14
Fun and Sun Center 2,2944416,NA,Valencia,1,1,€ 36,2019/10/14,2019/10/15,0,"6,1",14
Carrer del Bisbe Jaume Pérez,4900140,NA,Valencia,1,1,€ 60,2019/10/14,2019/10/15,0,6,14
Loft Central Market - Tapas,3187998,Apartamento,Valencia,1,1,€ 90,2019/10/14,2019/10/15,0,"6,4",14
Kirei Apartment San Agustin,1712323,Apartamentos,Valencia,1,1,€ 161,2019/10/14,2019/10/15,0,"6,1",14
Habitación doble,3599930,NA,Valencia,1,1,€ 76,2019/10/14,2019/10/15,0,"8,9",14
Apartaments San Pio V,2456151,Apartamento,Valencia,1,1,€ 77,2019/10/14,2019/10/15,0,"8,8",14
Travel Habitat Ático Ciutat Vella.,3264750,Apartamento,Valencia,1,1,NA,2019/10/14,2019/10/15,0,"9,5",14
MODERNO Y ACOGEDOR FRENTE A RUZAFA Y CERCA DEL CENTRO,4490444,Apartamento,Valencia,1,1,€ 79,2019/10/14,2019/10/15,0,"8,7",14
Balandra Flat,2032624,Apartamento,Valencia,1,1,€ 79,2019/10/14,2019/10/15,0,"8,6",14
Guest House Higinio Noja,2845935,NA,Valencia,1,1,€ 25,2019/10/14,2019/10/15,0,"5,9",14
La casita de Palomar,2132386,Apartamentos,Valencia,1,1,NA,2019/10/14,2019/10/15,0,"9,4",14
RoomTuristValencia - Ruzafa,4608394,NA,Valencia,1,1,€ 26,2019/10/14,2019/10/15,0,"5,5",14
Ruzafa Guesthouse,2269176,NA,Valencia,1,1,€ 30,2019/10/14,2019/10/15,0,"5,6",14
Style Apartments Puerto,1558265,Apartamentos,Valencia,1,1,€ 59,2019/10/14,2019/10/15,0,"8,1",14
Apartamentos En Plom,3666575,Apartamento,Valencia,1,1,€ 60,2019/10/14,2019/10/15,0,"8,1",14
Casa Chenano,4262208,Apartamento,Valencia,1,1,NA,2019/10/14,2019/10/15,0,"9,5",14
Suites by Eric Olsan (Florista),4726450,Apartamentos,Valencia,1,1,€ 82,2019/10/14,2019/10/15,0,"8,5",14
B&B Hi Valencia Boutique,1301725,NA,Valencia,1,1,€ 83,2019/10/14,2019/10/15,0,"8,7",14
Jardín Botánico Hotel Boutique,93369,NA,Valencia,1,1,€ 84,2019/10/14,2019/10/15,3,"8,9",14
València Centre Túria,2185255,Apartamento,Valencia,1,1,€ 85,2019/10/14,2019/10/15,0,"8,8",14
L'Otelet By Sweet,1467935,NA,Valencia,1,1,€ 62,2019/10/14,2019/10/15,0,"8,3",14
Coroa Malvarrosa,1638172,Apartamentos,Valencia,1,1,€ 67,2019/10/14,2019/10/15,0,"8,2",14
NH Valencia Las Ciencias,90725,NA,Valencia,1,1,€ 67,2019/10/14,2019/10/15,3,8,14
United Colors of Apartments - Catedral,1301545,Apartamentos,Valencia,1,1,€ 69,2019/10/14,2019/10/15,0,"8,2",14
Oliver,4865093,NA,Valencia,1,1,€ 63,2019/10/14,2019/10/15,0,"5,5",14
sueñavalencia,5603844,NA,Valencia,1,1,€ 75,2019/10/14,2019/10/15,0,"5,9",14
Kirei Apartment Berlin,4504570,Apartamentos,Valencia,1,1,€ 103,2019/10/14,2019/10/15,0,"5,6",14
Valencia B&B,2658386,NA,Valencia,1,1,€ 129,2019/10/14,2019/10/15,0,"5,5",14
City Center Atico 360,3025679,Apartamento,Valencia,1,1,NA,2019/10/14,2019/10/15,0,"9,4",14
Kirei Apartment Portland,4276529,Apartamentos,Valencia,1,1,€ 200,2019/10/14,2019/10/15,0,"5,9",14
Guest House Torres de Quart,2275006,NA,Valencia,1,1,€ 34,2019/10/14,2019/10/15,0,"5,3",14
RoomTuristValencia Estacion del Norte,4682632,NA,Valencia,1,1,€ 35,2019/10/14,2019/10/15,0,"5,2",14
Valencia Just in the Middle,2965508,Apartamento,Valencia,1,1,NA,2019/10/14,2019/10/15,0,"9,9",14
Petit Palomar,2187491,Apartamentos,Valencia,1,1,€ 85,2019/10/14,2019/10/15,0,"8,9",14
Hi Valencia Cánovas,4312120,Apartamentos,Valencia,1,1,€ 86,2019/10/14,2019/10/15,0,"8,9",14
Citizentral Gascons,332095,Apartamentos,Valencia,1,1,€ 87,2019/10/14,2019/10/15,0,"8,8",14
Guest House Ruzafa,2324552,NA,Valencia,1,1,€ 55,2019/10/14,2019/10/15,0,"5,2",14
Guest House Duc de Gaeta,2275007,NA,Valencia,1,1,€ 28,2019/10/14,2019/10/15,0,"4,9",14
Guesthouse Plaza de Toros,2985902,NA,Valencia,1,1,€ 33,2019/10/14,2019/10/15,0,"4,9",14
Your Home at Valencia- El Carme,3692617,Apartamento,Valencia,1,1,NA,2019/10/14,2019/10/15,0,"9,3",14
Sweet Hotel Renasa,274818,NA,Valencia,1,1,€ 70,2019/10/14,2019/10/15,3,8,14
Apartment Vicent,1674495,Apartamentos,Valencia,1,1,€ 70,2019/10/14,2019/10/15,0,"8,3",14
Glorieta,4217752,Apartamento,Valencia,1,1,NA,2019/10/14,2019/10/15,0,"9,7",14
Reina 12,1684198,NA,Valencia,1,1,€ 70,2019/10/14,2019/10/15,0,"8,2",14
RoomTuristValencia Torres de Quart,4565643,NA,Valencia,1,1,€ 34,2019/10/14,2019/10/15,0,"4,5",14
RoomTuristValencia RuzafaSumsi,4682802,NA,Valencia,1,1,€ 48,2019/10/14,2019/10/15,0,"4,6",14
Malvarosa,3820590,Apartamento,Valencia,1,1,€ 90,2019/10/14,2019/10/15,0,"4,1",14
Constitucion Guesthouse,2985942,NA,Valencia,1,1,€ 30,2019/10/14,2019/10/15,0,"3,5",14
Hotel San Lorenzo Boutique,1307718,NA,Valencia,1,1,€ 88,2019/10/14,2019/10/15,3,"8,6",14
Hotel Kramer,91106,NA,Valencia,1,1,€ 89,2019/10/14,2019/10/15,3,"8,8",14
Hotel Olympia Universidades,1301731,NA,Valencia,1,1,€ 71,2019/10/14,2019/10/15,3,"8,4",14
Aparthotel Valencia Rental,17344,Apartahotel,Valencia,1,1,€ 72,2019/10/14,2019/10/15,0,8,14
Ilunion Aqua 3,92776,NA,Valencia,1,1,€ 72,2019/10/14,2019/10/15,3,"8,3",14
Ático cerca del mar,4040503,Apartamento,Valencia,1,1,€ 75,2019/10/14,2019/10/15,0,"8,4",14
Hotel Medium Valencia,96838,NA,Valencia,1,1,€ 77,2019/10/14,2019/10/15,4,"8,2",14
KOA Centric- comfy and relaxed with style in Ruzafa,4105224,Apartamento,Valencia,1,1,NA,2019/10/14,2019/10/15,0,"9,9",14
Apartamento Islas Canarias,2304086,Apartamento,Valencia,1,1,€ 48,2019/10/14,2019/10/15,0,"3,8",14
BUBUSUITES by Bubuflats,2389776,NA,Valencia,1,1,€ 110,2019/10/14,2019/10/15,0,"9,3",14
Casual de las Artes Valencia,538056,NA,Valencia,1,1,€ 77,2019/10/14,2019/10/15,3,"8,4",14
MD Modern Hotel - Jardines,305447,NA,Valencia,1,1,€ 79,2019/10/14,2019/10/15,1,"8,3",14
Hotel Miramar,23332,NA,Valencia,1,1,€ 79,2019/10/14,2019/10/15,2,"8,4",14
Atico de Lujo,2142556,Apartamento,Valencia,1,1,€ 110,2019/10/14,2019/10/15,0,"9,2",14
Musico Art Flat,2925957,Apartamento,Valencia,1,1,NA,2019/10/14,2019/10/15,0,"9,6",14
Center City Flats,861452,Apartamentos,Valencia,1,1,€ 111,2019/10/14,2019/10/15,0,"9,1",14
Apartamento Ruzafa Centro I,2006333,Apartamento,Valencia,1,1,€ 114,2019/10/14,2019/10/15,0,"9,2",14
Mon Suites San Nicolas,4117225,Apartamentos,Valencia,1,1,€ 115,2019/10/14,2019/10/15,0,"9,2",14
OCEANOGRAFIC DELUXE- PARKING- WI-FI,4095746,Apartamento,Valencia,1,1,€ 115,2019/10/14,2019/10/15,0,"9,2",14
Apartamento Ciudad de las Artes y las Ciencias,4353552,Apartamento,Valencia,1,1,€ 80,2019/10/14,2019/10/15,0,"8,3",14
Dormavalencia Hostel,249585,NA,Valencia,1,1,€ 82,2019/10/14,2019/10/15,1,"8,2",14
City Suites Apartments,3091106,NA,Valencia,1,1,€ 84,2019/10/14,2019/10/15,0,"8,4",14
Puerto Bello,3306497,Apartamento,Valencia,1,1,NA,2019/10/14,2019/10/15,0,"9,7",14
MD Design Hotel - Portal del Real,2391685,NA,Valencia,1,1,€ 115,2019/10/14,2019/10/15,2,"9,1",14
Casual Socarrat Valencia,5142800,NA,Valencia,1,1,€ 117,2019/10/14,2019/10/15,3,"9,2",14
Charming Ninetta,3220582,Apartamento,Valencia,1,1,NA,2019/10/14,2019/10/15,0,"9,5",14
Apartamentos Valencia - Brazil 31 Free WiFi,4948554,Apartamento,Valencia,1,1,€ 118,2019/10/14,2019/10/15,0,"8,9",14
Senator Parque Central Hotel,274963,NA,Valencia,1,1,€ 85,2019/10/14,2019/10/15,4,"8,1",14
Hostal Penalty,189209,NA,Valencia,1,1,€ 85,2019/10/14,2019/10/15,1,8,14
Eurostars Rey Don Jaime,91520,NA,Valencia,1,1,€ 89,2019/10/14,2019/10/15,4,"8,2",14
Piso como en tu casa 2,3834617,Apartamentos,Valencia,1,1,€ 119,2019/10/14,2019/10/15,0,"9,1",14
APARTAMENTO CENTRICO. WI-FI. PARKING,2967593,Apartamento,Valencia,1,1,€ 120,2019/10/14,2019/10/15,0,"9,1",14
Sorolla Centro,90896,NA,Valencia,1,1,€ 121,2019/10/14,2019/10/15,3,"9,1",14
Reina's Apartment,2130930,Apartamentos,Valencia,1,1,€ 89,2019/10/14,2019/10/15,0,"8,3",14
Valenciaflats Torres de Serrano,17468,Apartamentos,Valencia,1,1,€ 91,2019/10/14,2019/10/15,0,"8,3",14
Hotel Boutique Balandret,1281710,NA,Valencia,1,1,€ 124,2019/10/14,2019/10/15,3,"9,2",14
Apartamentos Valencia - Peset Aleixandre 135- FREE WI-FI,4262488,Apartamentos,Valencia,1,1,€ 128,2019/10/14,2019/10/15,0,9,14
Apartamento centro,3160737,Apartamento,Valencia,1,1,NA,2019/10/14,2019/10/15,0,"9,7",14
Palau de Palomar,471283,Apartamentos,Valencia,1,1,€ 129,2019/10/14,2019/10/15,0,"9,1",14
Mon Suites San Martin,2777545,Apartamentos,Valencia,1,1,€ 129,2019/10/14,2019/10/15,0,"9,4",14
HQ Rooms Apartments San Vicente,2894429,Apartamentos,Valencia,1,1,€ 130,2019/10/14,2019/10/15,0,"9,2",14
Live in Chianti Apartaments,2882632,Apartamentos,Valencia,1,1,€ 132,2019/10/14,2019/10/15,0,9,14
Palacio de Rojas,1073276,Apartamentos,Valencia,1,1,€ 133,2019/10/14,2019/10/15,0,"9,3",14
Pintor Salvador Abril 24 Apartment,3249845,Apartamento,Valencia,1,1,€ 133,2019/10/14,2019/10/15,0,9,14
Preciosa Casita Cerca Del Mar,4057271,Apartamento,Valencia,1,1,NA,2019/10/14,2019/10/15,0,"9,7",14
MYR Hotel Plaza Mercado & Spa,1619029,Apartahotel,Valencia,1,1,€ 140,2019/10/14,2019/10/15,0,"9,2",14
Friendly Rentals Montaner Beach,2314997,Apartamento,Valencia,1,1,€ 140,2019/10/14,2019/10/15,0,"8,9",14
Sweet Caroline Apartment,1811784,Apartamento,Valencia,1,1,€ 150,2019/10/14,2019/10/15,0,"9,2",14
B BEACH VALENCIA,5125954,Apartamento,Valencia,1,1,€ 150,2019/10/14,2019/10/15,0,"9,1",14
Edificio Pentagono,4673669,Apartamento,Valencia,1,1,€ 155,2019/10/14,2019/10/15,0,"9,1",14
