name,propertyId,propertyType,city,rooms,days,price,checkIn,checkOut,stars,score,advance
Ramirez Flats & Bar,4124528,Apartahotel,Valencia,1,1,€ 531,2019/11/30,2019/12/01,0,"9,5",90
BUBUSUITES by Bubuflats,2389776,NA,Valencia,1,1,€ 180,2019/11/30,2019/12/01,0,"9,3",90
Mercado de Ruzafa- recién reformado AC y Wifi,4871568,NA,Valencia,1,1,NA,2019/11/30,2019/12/01,0,10,90
Blanq Comedias,4922002,NA,Valencia,1,1,€ 225,2019/11/30,2019/12/01,0,"9,2",90
Mon Suites San Martin,2777545,Apartamentos,Valencia,1,1,€ 232,2019/11/30,2019/12/01,0,"9,4",90
Mon Suites Catedral,485679,Apartamentos,Valencia,1,1,€ 254,2019/11/30,2019/12/01,0,"9,2",90
MD Design Hotel - Portal del Real,2391685,NA,Valencia,1,1,€ 266,2019/11/30,2019/12/01,2,"9,1",90
MYR Hotel Plaza Mercado & Spa,1619029,Apartahotel,Valencia,1,1,€ 281,2019/11/30,2019/12/01,0,"9,2",90
Vincci Mercat,1279484,NA,Valencia,1,1,€ 288,2019/11/30,2019/12/01,4,9,90
VALENCIA APARTAMENTO GOYA,4256653,Apartamento,Valencia,1,1,NA,2019/11/30,2019/12/01,0,10,90
Las Arenas Balneario Resort,91144,NA,Valencia,1,1,€ 289,2019/11/30,2019/12/01,5,9,90
Apartamentos Wallace,1698355,Apartamentos,Valencia,1,1,€ 308,2019/11/30,2019/12/01,0,"9,2",90
Hi Valencia Cánovas,4312120,Apartamentos,Valencia,1,1,€ 314,2019/11/30,2019/12/01,0,9,90
MARQUÉS HOUSE 4* SUP,2118880,NA,Valencia,1,1,€ 314,2019/11/30,2019/12/01,4,"9,4",90
Valenciaflats Centro Ciudad,18544,Apartamentos,Valencia,1,1,€ 322,2019/11/30,2019/12/01,0,"9,2",90
Apartments Madrina,3278589,Apartamentos,Valencia,1,1,€ 330,2019/11/30,2019/12/01,0,9,90
Nest Style Valencia -Nueva apertura-,5219046,NA,Valencia,1,1,NA,2019/11/30,2019/12/01,3,"9,7",90
Zerka Sendra,4657122,Apartamento,Valencia,1,1,€ 399,2019/11/30,2019/12/01,0,9,90
Valenciaflats Ciudad de las Ciencias,93676,Apartamentos,Valencia,1,1,€ 557,2019/11/30,2019/12/01,0,"9,1",90
Home Youth Hostel by Feetup Hostels,189322,NA,Valencia,1,1,€ 110,2019/11/30,2019/12/01,0,"8,8",90
Blanq Carmen Hotel,97069,NA,Valencia,1,1,€ 167,2019/11/30,2019/12/01,3,"8,7",90
BUBUFLATS Mossén,1141763,Apartamentos,Valencia,1,1,€ 170,2019/11/30,2019/12/01,0,"8,9",90
BUBUFLATS / Mercat,783206,Apartamentos,Valencia,1,1,€ 170,2019/11/30,2019/12/01,0,"8,9",90
Hostal Antigua Morellana,1273937,NA,Valencia,1,1,NA,2019/11/30,2019/12/01,1,"9,5",90
Sercotel Sorolla Palace,93646,NA,Valencia,1,1,€ 189,2019/11/30,2019/12/01,4,"8,6",90
Catalonia Excelsior,90578,NA,Valencia,1,1,€ 200,2019/11/30,2019/12/01,3,"8,7",90
València Centre Túria,2185255,Apartamento,Valencia,1,1,€ 237,2019/11/30,2019/12/01,0,"8,8",90
Hotel Kramer,91106,NA,Valencia,1,1,€ 242,2019/11/30,2019/12/01,3,"8,8",90
Apartamentos Plaza Picasso,97063,Apartamentos,Valencia,1,1,€ 271,2019/11/30,2019/12/01,0,"8,5",90
València Centre Torres de Quart,886289,Apartamentos,Valencia,1,1,€ 276,2019/11/30,2019/12/01,0,"8,9",90
L'Esplai Valencia Bed & Breakfast,1282556,NA,Valencia,1,1,NA,2019/11/30,2019/12/01,0,"9,6",90
Flatsforyou Mercat,1367507,Apartamentos,Valencia,1,1,€ 280,2019/11/30,2019/12/01,3,"8,9",90
Petit Palace Plaza de la Reina,90443,NA,Valencia,1,1,€ 281,2019/11/30,2019/12/01,3,"8,7",90
Hotel San Lorenzo Boutique,1307718,NA,Valencia,1,1,€ 284,2019/11/30,2019/12/01,3,"8,6",90
Petit Palace Ruzafa,90792,NA,Valencia,1,1,€ 299,2019/11/30,2019/12/01,3,"8,7",90
Lotelito,570027,NA,Valencia,1,1,€ 299,2019/11/30,2019/12/01,0,"8,9",90
Melia Plaza Valencia,13270,NA,Valencia,1,1,€ 300,2019/11/30,2019/12/01,4,"8,9",90
Opera House Valencia B&B,3533887,NA,Valencia,1,1,NA,2019/11/30,2019/12/01,0,"9,5",90
Vincci Palace,94163,NA,Valencia,1,1,€ 304,2019/11/30,2019/12/01,4,"8,6",90
Vincci Lys,91183,NA,Valencia,1,1,€ 304,2019/11/30,2019/12/01,4,"8,9",90
Hotel Malcom and Barret,483261,NA,Valencia,1,1,€ 344,2019/11/30,2019/12/01,3,"8,7",90
Cathedral Suites Hotel,1736257,Apartahotel,Valencia,1,1,€ 348,2019/11/30,2019/12/01,4,"8,9",90
Hotel Valencia Oceanic Managed by Melia Hotels International,91522,NA,Valencia,1,1,€ 357,2019/11/30,2019/12/01,4,"8,6",90
Zenit Valencia,92327,NA,Valencia,1,1,€ 439,2019/11/30,2019/12/01,4,"8,8",90
Hotel Neptuno,91206,NA,Valencia,1,1,€ 553,2019/11/30,2019/12/01,4,"8,5",90
SH Valencia Palace,91497,NA,Valencia,1,1,€ 801,2019/11/30,2019/12/01,5,"8,5",90
The Westin Valencia,93321,NA,Valencia,1,1,€ 856,2019/11/30,2019/12/01,5,"8,7",90
Red Nest Hostel,92283,NA,Valencia,1,1,€ 68,2019/11/30,2019/12/01,0,"8,2",90
Purple Nest Hostel,25278,NA,Valencia,1,1,€ 79,2019/11/30,2019/12/01,0,"8,1",90
Urban Youth Hostel,1163025,NA,Valencia,1,1,€ 90,2019/11/30,2019/12/01,0,"8,4",90
Living Valencia - Bolseria Street,2615995,Apartamentos,Valencia,1,1,€ 134,2019/11/30,2019/12/01,0,8,90
NH Valencia Center,90727,NA,Valencia,1,1,€ 192,2019/11/30,2019/12/01,4,"8,3",90
Zerka Centro,4425975,Apartamentos,Valencia,1,1,€ 238,2019/11/30,2019/12/01,0,"8,4",90
Sweet Hotel Renasa,274818,NA,Valencia,1,1,€ 239,2019/11/30,2019/12/01,3,8,90
Ilunion Valencia 4,754329,NA,Valencia,1,1,€ 240,2019/11/30,2019/12/01,4,8,90
Hotel Conqueridor,91047,NA,Valencia,1,1,€ 270,2019/11/30,2019/12/01,4,"8,4",90
MD Modern Hotel - Jardines,305447,NA,Valencia,1,1,€ 361,2019/11/30,2019/12/01,1,"8,2",90
Alex Apartment,1756374,Apartamento,Valencia,1,1,€ 64,2019/11/30,2019/12/01,0,"7,8",90
Preciosa Casita Cerca Del Mar,4057271,Apartamento,Valencia,1,1,NA,2019/11/30,2019/12/01,0,"9,7",90
UP Hostel Valencia,1710137,NA,Valencia,1,1,€ 41,2019/11/30,2019/12/01,0,"7,8",90
MyHomestay,2921259,NA,Valencia,1,1,€ 150,2019/11/30,2019/12/01,0,"7,6",90
Apartment Florista,2150187,Apartamento,Valencia,1,1,€ 160,2019/11/30,2019/12/01,0,"7,9",90
Hotel Turia,14441,NA,Valencia,1,1,€ 249,2019/11/30,2019/12/01,4,"7,5",90
Apartment Plaza de la Merced,3457190,Apartamento,Valencia,1,1,€ 470,2019/11/30,2019/12/01,0,"7,9",90
Select Home Catedral,440778,Apartamentos,Valencia,1,1,€ 226,2019/11/30,2019/12/01,0,"7,1",90
Apartments Downtown Valencia,2250421,Apartamentos,Valencia,1,1,NA,2019/11/30,2019/12/01,0,"9,6",90
HOSTAL BED OF THE SEA,3974636,NA,Valencia,1,1,€ 300,2019/11/30,2019/12/01,0,"7,1",90
Malvarrosa Beach Rooms,314048,NA,Valencia,1,1,€ 999,2019/11/30,2019/12/01,2,7,90
Habitación con cama doble,4794909,NA,Valencia,1,1,€ 36,2019/11/30,2019/12/01,0,"6,6",90
Guest House Lebon,3124256,NA,Valencia,1,1,€ 100,2019/11/30,2019/12/01,0,"6,9",90
Fun and Sun Center 2,2944416,NA,Valencia,1,1,€ 153,2019/11/30,2019/12/01,0,"6,1",90
RoomTuristValencia - Ruzafa,4608394,NA,Valencia,1,1,€ 40,2019/11/30,2019/12/01,0,"5,6",90
Opera House Valencia B&B,3533887,NA,Valencia,1,1,NA,2019/11/30,2019/12/01,0,"9,5",90
Ruzafa Guesthouse,2269176,NA,Valencia,1,1,€ 45,2019/11/30,2019/12/01,0,"5,6",90
Carrer del Bisbe Jaume Pérez,4900140,NA,Valencia,1,1,€ 60,2019/11/30,2019/12/01,0,"5,9",90
Guest House Higinio Noja,2845935,NA,Valencia,1,1,€ 90,2019/11/30,2019/12/01,0,"5,9",90
Guest House Duc de Gaeta,2275007,NA,Valencia,1,1,€ 48,2019/11/30,2019/12/01,0,5,90
Guest House Torres de Quart,2275006,NA,Valencia,1,1,€ 50,2019/11/30,2019/12/01,0,"5,3",90
RoomTuristValencia Torres de Quart,4565643,NA,Valencia,1,1,€ 49,2019/11/30,2019/12/01,0,"4,5",90
Apartment Cisneros 2,2361375,Apartamento,Valencia,1,1,NA,2019/11/30,2019/12/01,0,"9,7",90
Apartamento Islas Canarias,2304086,Apartamento,Valencia,1,1,€ 84,2019/11/30,2019/12/01,0,"3,9",90
Rio Turia B&B,5531073,NA,Valencia,1,1,€ 48,2019/11/30,2019/12/01,0,,90
Florista's Rooms en Valencia,5502152,NA,Valencia,1,1,€ 50,2019/11/30,2019/12/01,0,,90
Hogar Dulce Hogar,5426607,NA,Valencia,1,1,€ 60,2019/11/30,2019/12/01,0,,90
vosotros sereis parte de mi familia.,5299568,NA,Valencia,1,1,€ 60,2019/11/30,2019/12/01,0,,90
Mi casa es vuestra casa,4967097,NA,Valencia,1,1,€ 70,2019/11/30,2019/12/01,0,,90
El Corazon de Canovas,2634817,Apartamento,Valencia,1,1,NA,2019/11/30,2019/12/01,0,"9,6",90
Rooms El Picolino,5326859,NA,Valencia,1,1,€ 75,2019/11/30,2019/12/01,0,,90
Habitación en casa particular,5500863,NA,Valencia,1,1,€ 80,2019/11/30,2019/12/01,0,,90
Original Domino House,5434091,NA,Valencia,1,1,€ 190,2019/11/30,2019/12/01,0,,90
"Flat ""Ca Alexandre""",3687859,Apartamento,Valencia,1,1,€ 240,2019/11/30,2019/12/01,0,,90
Apartment Carrer de Don Juan de Austria,5464038,Apartamentos,Valencia,1,1,€ 534,2019/11/30,2019/12/01,0,,90
Governor Residence,3799760,Apartahotel,Valencia,1,1,€ 600,2019/11/30,2019/12/01,0,,90
Apartment Sofi,2830696,Apartamento,Valencia,1,1,NA,2019/11/30,2019/12/01,0,"9,8",90
Apartment Carrer de Cadis,5531328,Apartamentos,Valencia,1,1,€ 648,2019/11/30,2019/12/01,0,,90
