name,propertyId,propertyType,city,rooms,days,price,checkIn,checkOut,stars,score,advance
El 16 Ruzafa,865461,Apartamentos,Valencia,1,1,€ 109,2019/10/18,2019/10/19,0,"7,7",30
United Colors of Studios - Mercado Central,2574108,Apartamentos,Valencia,1,1,€ 120,2019/10/18,2019/10/19,0,"7,8",30
Cool Central Market,3424724,Apartamento,Valencia,1,1,NA,2019/10/18,2019/10/19,0,"9,9",30
Kirei Apartment Calgary,4768322,Apartamento,Valencia,1,1,€ 137,2019/10/18,2019/10/19,0,"7,6",30
STYLISH APARTMENT - CITY CENTER,2861517,Apartamento,Valencia,1,1,€ 140,2019/10/18,2019/10/19,0,"7,8",30
Old Town Flats Casa Burguerini,4552106,Apartamentos,Valencia,1,1,€ 151,2019/10/18,2019/10/19,0,"7,7",30
MD Art Apartment Ruzafa,2550955,Apartamento,Valencia,1,1,€ 313,2019/10/18,2019/10/19,0,"7,6",30
MD Pelayo with terrace,1979067,Apartamento,Valencia,1,1,€ 313,2019/10/18,2019/10/19,0,"7,8",30
MD Abastos Center,2551194,Apartamento,Valencia,1,1,€ 341,2019/10/18,2019/10/19,0,"7,7",30
Nest Style Valencia -Nueva apertura-,5219046,NA,Valencia,1,1,NA,2019/10/18,2019/10/19,3,"9,6",30
Hostal Waksman,281139,NA,Valencia,1,1,€ 35,2019/10/18,2019/10/19,1,"7,3",30
feliz como en casa,3676196,NA,Valencia,1,1,€ 36,2019/10/18,2019/10/19,0,"7,2",30
HOSPEDAJE PESET,4718074,NA,Valencia,1,1,€ 40,2019/10/18,2019/10/19,0,"7,2",30
Central Station Valencia Hostel,1647017,NA,Valencia,1,1,€ 52,2019/10/18,2019/10/19,0,"7,1",30
B&B El Mercat,2203530,NA,Valencia,1,1,€ 55,2019/10/18,2019/10/19,0,"7,3",30
La Flamenca,818359,NA,Valencia,1,1,€ 55,2019/10/18,2019/10/19,0,"7,2",30
VIVIENDA DISEÑO CON JARDÍN INTERIOR,4314054,Apartamento,Valencia,1,1,NA,2019/10/18,2019/10/19,0,"9,7",30
Sampedor Apartment,435662,Apartamentos,Valencia,1,1,€ 56,2019/10/18,2019/10/19,0,7,30
Hostal Residencial RR,450746,NA,Valencia,1,1,€ 58,2019/10/18,2019/10/19,0,7,30
Plaza Redonda house.,4399973,NA,Valencia,1,1,€ 70,2019/10/18,2019/10/19,0,"7,4",30
Centro Valencia Calle Cerrajeros,3476261,NA,Valencia,1,1,€ 75,2019/10/18,2019/10/19,0,"7,1",30
Malvarrosa Beach Rooms,314048,NA,Valencia,1,1,€ 80,2019/10/18,2019/10/19,2,"7,1",30
HOSTAL BED OF THE SEA,3974636,NA,Valencia,1,1,€ 82,2019/10/18,2019/10/19,0,"7,1",30
L'Esplai Valencia Bed & Breakfast,1282556,NA,Valencia,1,1,NA,2019/10/18,2019/10/19,0,"9,6",30
central station valencia,2414838,Apartamentos,Valencia,1,1,€ 85,2019/10/18,2019/10/19,0,7,30
Cosy Rooms Bolsería,371606,NA,Valencia,1,1,€ 89,2019/10/18,2019/10/19,2,"7,4",30
Guest House Samuel Ros,4161855,NA,Valencia,1,1,€ 90,2019/10/18,2019/10/19,0,"7,3",30
Cosy Rooms Embajador,369728,NA,Valencia,1,1,€ 94,2019/10/18,2019/10/19,2,"7,4",30
NWT Monserrat,3728842,Apartamentos,Valencia,1,1,€ 104,2019/10/18,2019/10/19,0,7,30
Apartamentos Plaza Picasso,97063,Apartamentos,Valencia,1,1,€ 139,2019/10/18,2019/10/19,0,"8,5",30
Hotel Neptuno,91206,NA,Valencia,1,1,€ 144,2019/10/18,2019/10/19,4,"8,5",30
Apartamento Forn dels Apòstols,3122008,Apartamento,Valencia,1,1,NA,2019/10/18,2019/10/19,0,"9,6",30
Valenciaflats Centro Histórico,94781,Apartamentos,Valencia,1,1,€ 147,2019/10/18,2019/10/19,0,"8,7",30
Blanq Carmen Hotel,97069,NA,Valencia,1,1,€ 150,2019/10/18,2019/10/19,3,"8,7",30
ValentiaApartments - MercadoCentral,4185241,Apartamentos,Valencia,1,1,€ 150,2019/10/18,2019/10/19,0,"8,8",30
Hotel San Lorenzo Boutique,1307718,NA,Valencia,1,1,€ 158,2019/10/18,2019/10/19,3,"8,6",30
Catalonia Excelsior,90578,NA,Valencia,1,1,€ 160,2019/10/18,2019/10/19,3,"8,7",30
Hotel Medium Valencia,96838,NA,Valencia,1,1,€ 99,2019/10/18,2019/10/19,4,"8,1",30
Silken Puerta Valencia,91182,NA,Valencia,1,1,€ 99,2019/10/18,2019/10/19,4,"8,3",30
Centro en Valencia,2885222,Apartamento,Valencia,1,1,NA,2019/10/18,2019/10/19,0,"9,5",30
El Coso,14580,NA,Valencia,1,1,€ 100,2019/10/18,2019/10/19,3,"8,2",30
Apartamento Privado Próximo a Playa y Ciencias,3783163,Apartamento,Valencia,1,1,€ 100,2019/10/18,2019/10/19,0,"8,2",30
Petit Palace Plaza de la Reina,90443,NA,Valencia,1,1,€ 161,2019/10/18,2019/10/19,3,"8,7",30
Barracart Apartments,2125836,Apartamentos,Valencia,1,1,NA,2019/10/18,2019/10/19,0,"9,6",30
One Shot Palacio Reina Victoria 04,90885,NA,Valencia,1,1,€ 170,2019/10/18,2019/10/19,4,"8,6",30
Puerta de Serranos,2734333,Apartamentos,Valencia,1,1,€ 185,2019/10/18,2019/10/19,0,"8,8",30
Hotel Valencia Center,91285,NA,Valencia,1,1,€ 103,2019/10/18,2019/10/19,4,"8,4",30
Senator Parque Central Hotel,274963,NA,Valencia,1,1,€ 106,2019/10/18,2019/10/19,4,"8,1",30
Eurostars Rey Don Jaime,91520,NA,Valencia,1,1,€ 107,2019/10/18,2019/10/19,4,"8,2",30
Plaza Del Carmen,1737254,Apartamento,Valencia,1,1,€ 110,2019/10/18,2019/10/19,0,8,30
Casa La Buhardilla,2985364,Apartamento,Valencia,1,1,NA,2019/10/18,2019/10/19,0,"9,6",30
Casual de las Artes Valencia,538056,NA,Valencia,1,1,€ 119,2019/10/18,2019/10/19,3,"8,4",30
The Westin Valencia,93321,NA,Valencia,1,1,€ 198,2019/10/18,2019/10/19,5,"8,7",30
Primus Valencia,331871,NA,Valencia,1,1,€ 122,2019/10/18,2019/10/19,4,"8,3",30
Rio Turia Skatehouse,4624602,Apartamento,Valencia,1,1,€ 125,2019/10/18,2019/10/19,0,"8,2",30
Valenciaflats Torres de Serrano,17468,Apartamentos,Valencia,1,1,€ 129,2019/10/18,2019/10/19,0,"8,3",30
Apartamento frente al mar,3060802,Apartamento,Valencia,1,1,€ 130,2019/10/18,2019/10/19,0,"8,4",30
Port of Valencia,3805735,Apartamento,Valencia,1,1,€ 150,2019/10/18,2019/10/19,0,"4,9",30
Malvarosa,3820590,Apartamento,Valencia,1,1,€ 90,2019/10/18,2019/10/19,0,"4,1",30
United Colors of Apartments - Catedral,1301545,Apartamentos,Valencia,1,1,€ 131,2019/10/18,2019/10/19,0,"8,2",30
Apartment Plaza Cisneros,1273377,Apartamentos,Valencia,1,1,NA,2019/10/18,2019/10/19,0,"9,8",30
Apartamento Obispo don Jerónimo,2079020,Apartamento,Valencia,1,1,€ 144,2019/10/18,2019/10/19,0,"8,2",30
Ilunion Valencia 4,754329,NA,Valencia,1,1,€ 148,2019/10/18,2019/10/19,4,"8,1",30
Centro en Valencia,2885222,Apartamento,Valencia,1,1,NA,2019/10/18,2019/10/19,0,"9,5",30
Constitucion Guesthouse,2985942,NA,Valencia,1,1,€ 35,2019/10/18,2019/10/19,0,"3,5",30
Apartamento Islas Canarias,2304086,Apartamento,Valencia,1,1,€ 57,2019/10/18,2019/10/19,0,"3,8",30
Bright room with trundle bed,5560260,NA,Valencia,1,1,€ 46,2019/10/18,2019/10/19,0,,30
Apartamento Gran Vía Marqués del Turia,2358973,Apartamento,Valencia,1,1,€ 149,2019/10/18,2019/10/19,0,"8,4",30
Casa los Peces,3234194,Apartamento,Valencia,1,1,€ 154,2019/10/18,2019/10/19,0,"8,3",30
Habitación privada con baño privado a 300 metros de la playa.,5587588,NA,Valencia,1,1,€ 49,2019/10/18,2019/10/19,0,,30
vosotros sereis parte de mi familia.,5299568,NA,Valencia,1,1,€ 50,2019/10/18,2019/10/19,0,,30
Loft el Carmen amazing views,4932621,Apartamento,Valencia,1,1,€ 182,2019/10/18,2019/10/19,0,"8,1",30
Hotel Conqueridor,91047,NA,Valencia,1,1,€ 198,2019/10/18,2019/10/19,4,"8,4",30
So de Mar,2204496,Apartamento,Valencia,1,1,NA,2019/10/18,2019/10/19,0,"9,6",30
Aventura Valencia 2,5604325,NA,Valencia,1,1,€ 50,2019/10/18,2019/10/19,0,,30
Valencia Just in the Middle,2965508,Apartamento,Valencia,1,1,NA,2019/10/18,2019/10/19,0,"9,9",30
Attic Rooms in Botánico,5522932,NA,Valencia,1,1,€ 55,2019/10/18,2019/10/19,0,,30
Rooms El Picolino,5326859,NA,Valencia,1,1,€ 60,2019/10/18,2019/10/19,0,,30
Zerka Centro,4425975,Apartamentos,Valencia,1,1,€ 219,2019/10/18,2019/10/19,0,"8,3",30
Malvarrosa Calle Pavia,3608764,Casa o chalet,Valencia,1,1,€ 271,2019/10/18,2019/10/19,0,8,30
Hogar Dulce Hogar,5426607,NA,Valencia,1,1,€ 60,2019/10/18,2019/10/19,0,,30
Comfort Homestay,5423155,NA,Valencia,1,1,€ 67,2019/10/18,2019/10/19,0,,30
AC Hotel Colon Valencia- a Marriott Lifestyle Hotel,1117150,NA,Valencia,1,1,€ 198,2019/10/18,2019/10/19,4,"8,7",30
Zenit Valencia,92327,NA,Valencia,1,1,€ 203,2019/10/18,2019/10/19,4,"8,8",30
NWT Central Station Apartments,3964093,Apartamento,Valencia,1,1,€ 300,2019/10/18,2019/10/19,0,"8,2",30
Musico Peydro Apartments,3765069,Apartamentos,Valencia,1,1,€ 313,2019/10/18,2019/10/19,0,8,30
UP Hostel Valencia,1710137,NA,Valencia,1,1,€ 29,2019/10/18,2019/10/19,0,"7,8",30
Arena's Apartament,2156905,Apartamento,Valencia,1,1,€ 200,2019/10/18,2019/10/19,0,"9,1",30
Vincci Mercat,1279484,NA,Valencia,1,1,€ 228,2019/10/18,2019/10/19,4,9,30
Apartamento luminoso y acogedor,3489126,Apartamento,Valencia,1,1,NA,2019/10/18,2019/10/19,0,"9,5",30
Ca Carmela,2466364,Casa o chalet,Valencia,1,1,€ 250,2019/10/18,2019/10/19,0,"9,1",30
MD Julio Antonio Apartment Center,3961049,Apartamento,Valencia,1,1,€ 285,2019/10/18,2019/10/19,0,"9,3",30
SH Valencia Palace,91497,NA,Valencia,1,1,€ 207,2019/10/18,2019/10/19,5,"8,5",30
Apartments Downtown Valencia,2250421,Apartamentos,Valencia,1,1,NA,2019/10/18,2019/10/19,0,"9,6",30
Vincci Palace,94163,NA,Valencia,1,1,€ 218,2019/10/18,2019/10/19,4,"8,6",30
Vincci Lys,91183,NA,Valencia,1,1,€ 238,2019/10/18,2019/10/19,4,"8,9",30
Hospes Palau de La Mar,93823,NA,Valencia,1,1,€ 239,2019/10/18,2019/10/19,5,"8,8",30
Mi casa es vuestra casa,4967097,NA,Valencia,1,1,€ 70,2019/10/18,2019/10/19,0,,30
Florista's Room en Valencia,5502152,NA,Valencia,1,1,€ 70,2019/10/18,2019/10/19,0,,30
La Casa Verde - Ruzafa,2029143,Apartamento,Valencia,1,1,NA,2019/10/18,2019/10/19,0,"9,7",30
Habitación en Valencia,5477394,NA,Valencia,1,1,€ 72,2019/10/18,2019/10/19,0,,30
LOFT apartamento duplex en Valencia con parking,5519008,Apartamento,Valencia,1,1,€ 75,2019/10/18,2019/10/19,0,,30
Carlos & Ana,2079019,Apartamento,Valencia,1,1,€ 255,2019/10/18,2019/10/19,0,"8,9",30
Urban Youth Hostel,1163025,NA,Valencia,1,1,€ 24,2019/10/18,2019/10/19,0,"8,4",30
Center Valencia Youth Hostel,246931,NA,Valencia,1,1,€ 26,2019/10/18,2019/10/19,0,8,30
RUZAFA- CENTRO-A/C- WI-FI- PARKING,2885994,Apartamento,Valencia,1,1,NA,2019/10/18,2019/10/19,0,"9,7",30
Habitación en piso compartido,5433175,NA,Valencia,1,1,€ 40,2019/10/18,2019/10/19,0,8,30
Aventura,5567318,Apartamentos,Valencia,1,1,€ 40,2019/10/18,2019/10/19,0,"8,2",30
Hostal Abastos,257057,NA,Valencia,1,1,€ 45,2019/10/18,2019/10/19,2,"8,2",30
Zerka Sendra,4657122,Apartamento,Valencia,1,1,€ 309,2019/10/18,2019/10/19,0,9,30
Hotel Boutique Balandret,1281710,NA,Valencia,1,1,€ 312,2019/10/18,2019/10/19,3,"9,2",30
Old Fisherman's House in Malvarrosa Beach,3618172,Apartamento,Valencia,1,1,€ 384,2019/10/18,2019/10/19,0,"9,4",30
Habitacion en Valencia Barata,4861796,NA,Valencia,1,1,€ 45,2019/10/18,2019/10/19,0,"8,2",30
Rio Turia B&B,5531073,NA,Valencia,1,1,€ 48,2019/10/18,2019/10/19,0,8,30
sueñavalencia,5603844,NA,Valencia,1,1,€ 75,2019/10/18,2019/10/19,0,,30
Loft Turia Gran,5133726,Apartamento,Valencia,1,1,€ 80,2019/10/18,2019/10/19,0,,30
PISO DE DISEÑO A 5 MIN ANDANDO DE LA PLAYA,5546265,Apartamento,Valencia,1,1,€ 95,2019/10/18,2019/10/19,0,,30
casa completa,5593030,Casa o chalet,Valencia,1,1,€ 119,2019/10/18,2019/10/19,0,,30
Caro Hotel,348132,NA,Valencia,1,1,€ 445,2019/10/18,2019/10/19,5,"9,2",30
Apartamento,3139431,Apartamento,Valencia,1,1,NA,2019/10/18,2019/10/19,0,"9,5",30
Homestay Carrer Sagun,5006434,NA,Valencia,1,1,€ 42,2019/10/18,2019/10/19,0,"8,6",30
Quart Youth Hostel,476418,NA,Valencia,1,1,€ 45,2019/10/18,2019/10/19,0,"8,6",30
Bubuflats Bubu 3,1014334,Apartamentos,Valencia,1,1,NA,2019/10/18,2019/10/19,0,"9,6",30
Kirei Apartment Dublin,4639542,Apartamento,Valencia,1,1,€ 137,2019/10/18,2019/10/19,0,,30
Yanhome,5611847,NA,Valencia,1,1,€ 180,2019/10/18,2019/10/19,0,,30
"Flat ""Ca Alexandre""",3687859,Apartamento,Valencia,1,1,€ 200,2019/10/18,2019/10/19,0,,30
Apartment Carrer Ernesto Che Guevara,5598848,Apartamentos,Valencia,1,1,€ 211,2019/10/18,2019/10/19,0,,30
Apartment Carrer de Don Juan de Austria,5464038,Apartamentos,Valencia,1,1,€ 275,2019/10/18,2019/10/19,0,,30
Governor Residence,3799760,Apartahotel,Valencia,1,1,€ 600,2019/10/18,2019/10/19,0,,30
Apartamento Bolseria 28,881275,Apartamentos,Valencia,1,1,NA,2019/10/18,2019/10/19,0,"9,5",30
Apartment Carrer de Cadis,5531328,Apartamentos,Valencia,1,1,€ 648,2019/10/18,2019/10/19,0,,30
Apartamento con terraza,5238122,Apartahotel,Valencia,1,1,€ 770,2019/10/18,2019/10/19,0,,30
Russafa Youth Hostel,345134,NA,Valencia,1,1,€ 56,2019/10/18,2019/10/19,0,"8,6",30
Namaste Rooms,3799642,NA,Valencia,1,1,€ 60,2019/10/18,2019/10/19,0,"8,7",30
Sabía que venias!,3543756,NA,Valencia,1,1,€ 70,2019/10/18,2019/10/19,0,"8,6",30
Gulet Why Not,5199364,NA,Valencia,1,1,€ 3.000,2019/10/18,2019/10/19,0,,30
Carrer de l'Escriptor Rafael Ferreres,4267645,Apartamento,Valencia,1,1,€ 70,2019/10/18,2019/10/19,0,"8,6",30
Ambrosio Flats Valencia - El Mercat,3131649,Apartamento,Valencia,1,1,NA,2019/10/18,2019/10/19,0,"9,5",30
The River Hostel,494202,NA,Valencia,1,1,€ 76,2019/10/18,2019/10/19,0,"8,5",30
Sercotel Sorolla Palace,93646,NA,Valencia,1,1,€ 76,2019/10/18,2019/10/19,4,"8,6",30
Habitación doble,3599930,NA,Valencia,1,1,€ 76,2019/10/18,2019/10/19,0,"8,9",30
Home Youth Hostel by Feetup Hostels,189322,NA,Valencia,1,1,€ 80,2019/10/18,2019/10/19,0,"8,8",30
Melia Valencia,290493,NA,Valencia,1,1,€ 84,2019/10/18,2019/10/19,4,"8,8",30
Hotel Sercotel Acteón Valencia,90495,NA,Valencia,1,1,€ 84,2019/10/18,2019/10/19,4,"8,5",30
Ayuntamiento Panoramic,3089239,Apartamento,Valencia,1,1,NA,2019/10/18,2019/10/19,0,"9,5",30
Pio XII Apartments Valencia,402080,Apartamentos,Valencia,1,1,€ 85,2019/10/18,2019/10/19,0,"8,5",30
Hotel Valencia Oceanic Managed by Melia Hotels International,91522,NA,Valencia,1,1,€ 88,2019/10/18,2019/10/19,4,"8,6",30
APARTAMENTO LAS MELLIZAS,4651578,NA,Valencia,1,1,€ 45,2019/10/18,2019/10/19,0,"8,5",30
Hotel Kramer,91106,NA,Valencia,1,1,€ 94,2019/10/18,2019/10/19,3,"8,8",30
Balandra Flat,2032624,Apartamento,Valencia,1,1,€ 95,2019/10/18,2019/10/19,0,"8,7",30
15 Avinguda Mare Nostrum,4518973,Apartamento,Valencia,1,1,€ 120,2019/10/18,2019/10/19,0,"9,7",30
Duplex+Swimming pool+private entrance=Housen of LOVE,2999152,Apartamento,Valencia,1,1,€ 125,2019/10/18,2019/10/19,0,"9,5",30
VALENCIA APARTAMENTO GOYA,4256653,Apartamento,Valencia,1,1,NA,2019/10/18,2019/10/19,0,10,30
Ramirez Flats & Bar,4124528,Apartahotel,Valencia,1,1,€ 140,2019/10/18,2019/10/19,0,"9,5",30
Disfruta - Enjoy Valencia Oceanografic,4121345,Apartamento,Valencia,1,1,€ 179,2019/10/18,2019/10/19,0,"9,6",30
Disfruta - Enjoy Valencia Centre,3881970,Apartamento,Valencia,1,1,€ 179,2019/10/18,2019/10/19,0,"9,8",30
MARQUÉS HOUSE 4* SUP,2118880,NA,Valencia,1,1,€ 369,2019/10/18,2019/10/19,4,"9,5",30
MD PASEO RUZAFA CENTER,5374850,Apartamento,Valencia,1,1,€ 1.030,2019/10/18,2019/10/19,0,"9,5",30
Art&Flats Bed&Breakfast,5238345,NA,Valencia,1,1,€ 40,2019/10/18,2019/10/19,0,9,30
Nest Style Valencia -Nueva apertura-,5219046,NA,Valencia,1,1,NA,2019/10/18,2019/10/19,3,"9,6",30
Cantagua Hostel,4074640,NA,Valencia,1,1,€ 43,2019/10/18,2019/10/19,0,"9,1",30
YOU & CO. Saler Beach Boutique,4533007,NA,Valencia,1,1,€ 62,2019/10/18,2019/10/19,3,"9,1",30
Magnífico Adosado- cerca de Valencia ciudad- en zona de montaña y playa fluvial,5354233,Casa o chalet,Valencia,1,1,€ 72,2019/10/18,2019/10/19,0,"9,1",30
Calle de Frederica Montseny 'Política' Casa o chalet,5152866,Casa o chalet,Valencia,1,1,€ 85,2019/10/18,2019/10/19,0,"9,4",30
Original Domino House,5434091,NA,Valencia,1,1,€ 87,2019/10/18,2019/10/19,0,"9,1",30
Una Ubicacion Perfecta,3114164,Apartamentos,Valencia,1,1,€ 87,2019/10/18,2019/10/19,0,"9,1",30
Hostal Antigua Morellana,1273937,NA,Valencia,1,1,NA,2019/10/18,2019/10/19,1,"9,5",30
Hi Valencia Cánovas,4312120,Apartamentos,Valencia,1,1,€ 95,2019/10/18,2019/10/19,0,9,30
Hotel Valencia Alameda,4019381,NA,Valencia,1,1,€ 97,2019/10/18,2019/10/19,4,"9,3",30
Palau de Palomar,471283,Apartamentos,Valencia,1,1,€ 99,2019/10/18,2019/10/19,0,"9,1",30
Apartamento cerca de la Playa y el Centro,2620264,Apartamento,Valencia,1,1,€ 100,2019/10/18,2019/10/19,0,9,30
Olvida tu Reloj Congresos Apartment,2448036,Apartamento,Valencia,1,1,€ 101,2019/10/18,2019/10/19,0,"9,2",30
Center City Flats,861452,Apartamentos,Valencia,1,1,€ 103,2019/10/18,2019/10/19,0,"9,1",30
Experiencia en Caravana,5441777,NA,Valencia,1,1,NA,2019/10/18,2019/10/19,0,"9,5",30
Apartamentos La más Bonita,2816245,Apartamentos,Valencia,1,1,€ 104,2019/10/18,2019/10/19,0,"9,1",30
"Piso ""Como en tu casa""",2689136,Apartamento,Valencia,1,1,€ 108,2019/10/18,2019/10/19,0,"9,2",30
Blanq Comedias,4922002,NA,Valencia,1,1,€ 113,2019/10/18,2019/10/19,0,"9,1",30
BUBUSUITES by Bubuflats,2389776,NA,Valencia,1,1,€ 115,2019/10/18,2019/10/19,0,"9,3",30
Rooms Ciencias,94126,NA,Valencia,1,1,€ 117,2019/10/18,2019/10/19,0,9,30
Valencia-Ruzafa Studio,3235983,Apartamento,Valencia,1,1,€ 120,2019/10/18,2019/10/19,0,"9,1",30
Colors Rooms,675839,NA,Valencia,1,1,NA,2019/10/18,2019/10/19,0,"9,6",30
APARTAMENTO CENTRO- RUZAFA. WI-FI. PARKING,3144104,Apartamento,Valencia,1,1,€ 120,2019/10/18,2019/10/19,0,"9,3",30
Apartamento Playa Wifi Gratis,3495634,Apartamento,Valencia,1,1,€ 120,2019/10/18,2019/10/19,0,"9,4",30
Mon Suites Catedral,485679,Apartamentos,Valencia,1,1,€ 121,2019/10/18,2019/10/19,0,"9,2",30
Casual Socarrat Valencia,5142800,NA,Valencia,1,1,€ 124,2019/10/18,2019/10/19,3,"9,2",30
Mon Suites San Nicolas,4117225,Apartamentos,Valencia,1,1,€ 124,2019/10/18,2019/10/19,0,"9,2",30
Valenciaflats Ciudad de las Ciencias,93676,Apartamentos,Valencia,1,1,€ 124,2019/10/18,2019/10/19,0,"9,1",30
Opera House Valencia B&B,3533887,NA,Valencia,1,1,NA,2019/10/18,2019/10/19,0,"9,5",30
Valenciaflats Centro Ciudad,18544,Apartamentos,Valencia,1,1,€ 124,2019/10/18,2019/10/19,0,"9,2",30
Hostal Venecia,92883,NA,Valencia,1,1,€ 130,2019/10/18,2019/10/19,2,"9,1",30
Valenciaflats Mercado Central,307677,Apartamentos,Valencia,1,1,€ 133,2019/10/18,2019/10/19,0,9,30
MD Design Hotel - Portal del Real,2391685,NA,Valencia,1,1,€ 135,2019/10/18,2019/10/19,2,"9,1",30
Soho Valencia,1538641,Apartahotel,Valencia,1,1,€ 136,2019/10/18,2019/10/19,0,9,30
Citizentral Juristas,1113127,Apartamentos,Valencia,1,1,€ 146,2019/10/18,2019/10/19,0,"9,2",30
OCEANOGRAFIC APARTMENT. PARKING. WI-FI,3107716,Apartamentos,Valencia,1,1,€ 150,2019/10/18,2019/10/19,0,9,30
Mediterranean Flats Plaza Redonda,4086496,Apartamentos,Valencia,1,1,€ 153,2019/10/18,2019/10/19,0,"9,2",30
Duplex en Blasco Ibáñez,3672426,Apartamento,Valencia,1,1,€ 155,2019/10/18,2019/10/19,0,"9,1",30
Edificio Pentagono,4673669,Apartamento,Valencia,1,1,€ 155,2019/10/18,2019/10/19,0,9,30
Mon Suites San Martin,2777545,Apartamentos,Valencia,1,1,€ 160,2019/10/18,2019/10/19,0,"9,4",30
Homelirose Apartaments,3140406,Apartamento,Valencia,1,1,€ 162,2019/10/18,2019/10/19,0,"9,3",30
HQ Rooms Apartments San Vicente,2894429,Apartamentos,Valencia,1,1,€ 165,2019/10/18,2019/10/19,0,"9,2",30
Apartamentos Wallace,1698355,Apartamentos,Valencia,1,1,€ 166,2019/10/18,2019/10/19,0,"9,2",30
One Shot Mercat 09,2274203,NA,Valencia,1,1,€ 170,2019/10/18,2019/10/19,4,"9,1",30
Jardines del Turia - Espacioso apartamento,2734126,Apartamento,Valencia,1,1,€ 170,2019/10/18,2019/10/19,0,"9,1",30
MYR Hotel Plaza Mercado & Spa,1619029,Apartahotel,Valencia,1,1,€ 193,2019/10/18,2019/10/19,0,"9,2",30
Las Arenas Balneario Resort,91144,NA,Valencia,1,1,€ 198,2019/10/18,2019/10/19,5,9,30
