name,propertyId,propertyType,city,rooms,days,price,checkIn,checkOut,stars,score,advance
Apartment Carrer de Don Juan de Austria,5464038,Apartamentos,Valencia,1,1,€ 275,2019/10/25,2019/10/26,0,,30
Governor Residence,3799760,Apartahotel,Valencia,1,1,€ 600,2019/10/25,2019/10/26,0,,30
Cool Central Market,3424724,Apartamento,Valencia,1,1,NA,2019/10/25,2019/10/26,0,"9,9",30
Apartment Carrer de Cadis,5531328,Apartamentos,Valencia,1,1,€ 648,2019/10/25,2019/10/26,0,,30
Apartamento con terraza,5238122,Apartahotel,Valencia,1,1,€ 770,2019/10/25,2019/10/26,0,,30
Gulet Why Not,5199364,NA,Valencia,1,1,€ 3.000,2019/10/25,2019/10/26,0,,30
Urban Youth Hostel,1163025,NA,Valencia,1,1,€ 44,2019/10/25,2019/10/26,0,"8,4",30
Habitacion en Valencia Barata,4861796,NA,Valencia,1,1,€ 45,2019/10/25,2019/10/26,0,"8,2",30
City Valencia Beach 360,4504803,Apartamento,Valencia,1,1,NA,2019/10/25,2019/10/26,0,"9,6",30
Habitacion Barata Valencia,3931013,NA,Valencia,1,1,€ 45,2019/10/25,2019/10/26,0,8,30
Pension MonaLisa Luxury Suites,3834224,NA,Valencia,1,1,€ 48,2019/10/25,2019/10/26,0,"8,2",30
Hostal Abastos,257057,NA,Valencia,1,1,€ 50,2019/10/25,2019/10/26,2,"8,2",30
Casa Mati,4217185,NA,Valencia,1,1,€ 50,2019/10/25,2019/10/26,0,"8,3",30
Como en casa,4802186,NA,Valencia,1,1,€ 54,2019/10/25,2019/10/26,0,"8,1",30
Apartamentos Marina Beach,2661874,Apartamentos,Valencia,1,1,€ 60,2019/10/25,2019/10/26,0,"8,2",30
JL Ciudad de las Artes,3074378,Apartamento,Valencia,1,1,NA,2019/10/25,2019/10/26,0,"9,6",30
Sol Playa,12656,NA,Valencia,1,1,€ 64,2019/10/25,2019/10/26,2,"8,3",30
B&B Hi Valencia Canovas,305349,NA,Valencia,1,1,€ 72,2019/10/25,2019/10/26,0,"8,4",30
Purple Nest Hostel,25278,NA,Valencia,1,1,€ 72,2019/10/25,2019/10/26,0,"8,2",30
L'Otelet By Sweet,1467935,NA,Valencia,1,1,€ 77,2019/10/25,2019/10/26,0,"8,3",30
Reina 12,1684198,NA,Valencia,1,1,€ 80,2019/10/25,2019/10/26,0,"8,3",30
Atico Ciutat Vella,3446230,Apartamentos,Valencia,1,1,€ 85,2019/10/25,2019/10/26,0,"8,3",30
Garden Turia Downtown,5201200,Apartamento,Valencia,1,1,NA,2019/10/25,2019/10/26,0,"9,9",30
Dormavalencia Hostel Regne,291755,NA,Valencia,1,1,€ 86,2019/10/25,2019/10/26,1,8,30
Hotel Olympia Universidades,1301731,NA,Valencia,1,1,€ 95,2019/10/25,2019/10/26,3,"8,4",30
Red Nest Hostel,92283,NA,Valencia,1,1,€ 95,2019/10/25,2019/10/26,0,"8,2",30
Hotel Villacarlos,90730,NA,Valencia,1,1,€ 99,2019/10/25,2019/10/26,3,8,30
NH Valencia Las Ciencias,90725,NA,Valencia,1,1,€ 100,2019/10/25,2019/10/26,3,8,30
NH Ciudad de Valencia,90729,NA,Valencia,1,1,€ 102,2019/10/25,2019/10/26,3,"8,1",30
Espai Loft Santa Mónica,4574135,Apartamento,Valencia,1,1,NA,2019/10/25,2019/10/26,0,"9,8",30
Happy Apartments Valencia,456043,Apartamentos,Valencia,1,1,€ 102,2019/10/25,2019/10/26,0,"8,2",30
Reina's Apartment,2130930,Apartamentos,Valencia,1,1,€ 103,2019/10/25,2019/10/26,0,"8,3",30
Sweet Hotel Continental,93856,NA,Valencia,1,1,€ 104,2019/10/25,2019/10/26,2,"8,3",30
Happy Apartments Valencia – Lope de Vega,575582,Apartamentos,Valencia,1,1,€ 109,2019/10/25,2019/10/26,0,"8,1",30
Silken Puerta Valencia,91182,NA,Valencia,1,1,€ 115,2019/10/25,2019/10/26,4,"8,3",30
B&B Almirante,369695,NA,Valencia,1,1,€ 67,2019/10/25,2019/10/26,1,"8,8",30
Estrella de russafa,5352439,NA,Valencia,1,1,€ 70,2019/10/25,2019/10/26,0,"8,6",30
Ambrosio Flats Valencia - El Mercat,3131649,Apartamento,Valencia,1,1,NA,2019/10/25,2019/10/26,0,"9,5",30
Sabía que venias!,3543756,NA,Valencia,1,1,€ 70,2019/10/25,2019/10/26,0,"8,6",30
Valencia maritimo,3020748,Apartamento,Valencia,1,1,€ 70,2019/10/25,2019/10/26,0,"8,9",30
Habitación doble,3599930,NA,Valencia,1,1,€ 76,2019/10/25,2019/10/26,0,"8,9",30
Apartamentos Plaza Picasso,97063,Apartamentos,Valencia,1,1,€ 77,2019/10/25,2019/10/26,0,"8,5",30
Home Youth Hostel by Feetup Hostels,189322,NA,Valencia,1,1,€ 82,2019/10/25,2019/10/26,0,"8,8",30
LOFT apartamento duplex en Valencia con parking,5519008,Apartamento,Valencia,1,1,€ 75,2019/10/25,2019/10/26,0,"9,8",30
Precioso piso junto al antiguo barrio de Campanar,3297078,Apartamento,Valencia,1,1,€ 100,2019/10/25,2019/10/26,0,"9,5",30
VALENCIA APARTAMENTO GOYA,4256653,Apartamento,Valencia,1,1,NA,2019/10/25,2019/10/26,0,10,30
Nest Style Valencia -Nueva apertura-,5219046,NA,Valencia,1,1,€ 130,2019/10/25,2019/10/26,3,"9,5",30
Opera House Valencia B&B,3533887,NA,Valencia,1,1,€ 130,2019/10/25,2019/10/26,0,"9,5",30
Ramirez Flats & Bar,4124528,Apartahotel,Valencia,1,1,€ 135,2019/10/25,2019/10/26,0,"9,5",30
APARTAMENTO LAS MELLIZAS,4651578,NA,Valencia,1,1,€ 45,2019/10/25,2019/10/26,0,"8,5",30
Luxury Center Plaza Redonda,5138960,Apartamento,Valencia,1,1,NA,2019/10/25,2019/10/26,0,"9,8",30
Ciudad Ciencias- Lujo- Parking- Wi-Fi.,4999636,Apartamento,Valencia,1,1,€ 170,2019/10/25,2019/10/26,0,"9,8",30
RUZAFA- CENTRO-A/C- WI-FI- PARKING,2885994,Apartamento,Valencia,1,1,€ 180,2019/10/25,2019/10/26,0,"9,7",30
Disfruta - Enjoy Valencia Centre,3881970,Apartamento,Valencia,1,1,€ 209,2019/10/25,2019/10/26,0,"9,8",30
Cómoda habitación Valencia,4200488,NA,Valencia,1,1,NA,2019/10/25,2019/10/26,0,"9,5",30
Disfruta - Enjoy Valencia Oceanografic,4121345,Apartamento,Valencia,1,1,€ 229,2019/10/25,2019/10/26,0,"9,6",30
Disfruta - Enjoy Valencia Ruzafa,3890328,Apartamento,Valencia,1,1,€ 239,2019/10/25,2019/10/26,0,"9,7",30
MARQUÉS HOUSE 4* SUP,2118880,NA,Valencia,1,1,€ 289,2019/10/25,2019/10/26,4,"9,5",30
Habitación privada a 1500 metros de la playa,3789910,NA,Valencia,1,1,€ 60,2019/10/25,2019/10/26,0,"9,3",30
YOU & CO. Saler Beach Boutique,4533007,NA,Valencia,1,1,€ 88,2019/10/25,2019/10/26,3,"9,1",30
RUZAFA. Nice apartment and Terrace.,4368595,Apartamento,Valencia,1,1,€ 95,2019/10/25,2019/10/26,0,"9,3",30
MerKat-Abastos,1231196,Apartamento,Valencia,1,1,NA,2019/10/25,2019/10/26,0,"9,7",30
La casita de Palomar,2132386,Apartamentos,Valencia,1,1,€ 99,2019/10/25,2019/10/26,0,"9,4",30
Apartamento cerca de la Playa y el Centro,2620264,Apartamento,Valencia,1,1,€ 100,2019/10/25,2019/10/26,0,9,30
Forn desamparats,2380447,Apartamento,Valencia,1,1,€ 105,2019/10/25,2019/10/26,0,"9,4",30
Piso como en tu casa 2,3834617,Apartamentos,Valencia,1,1,€ 108,2019/10/25,2019/10/26,0,"9,2",30
"Piso ""Como en tu casa""",2689136,Apartamento,Valencia,1,1,€ 108,2019/10/25,2019/10/26,0,"9,2",30
Ruzzafa Codrut,3035322,Apartamento,Valencia,1,1,€ 110,2019/10/25,2019/10/26,0,"9,2",30
BONNIES Suites & Spa Valencia,3631910,Apartamentos,Valencia,1,1,NA,2019/10/25,2019/10/26,0,"9,8",30
Original Domino House,5434091,NA,Valencia,1,1,€ 111,2019/10/25,2019/10/26,0,"9,1",30
BUBUSUITES by Bubuflats,2389776,NA,Valencia,1,1,€ 115,2019/10/25,2019/10/26,0,"9,3",30
Blanq Comedias,4922002,NA,Valencia,1,1,€ 117,2019/10/25,2019/10/26,0,"9,1",30
Zalamera BnB,1331238,NA,Valencia,1,1,€ 92,2019/10/25,2019/10/26,0,"8,7",30
València Centre Túria,2185255,Apartamento,Valencia,1,1,€ 94,2019/10/25,2019/10/26,0,"8,8",30
Balandra Flat,2032624,Apartamento,Valencia,1,1,€ 95,2019/10/25,2019/10/26,0,"8,6",30
New Trendy apartment,2426154,Apartamento,Valencia,1,1,€ 95,2019/10/25,2019/10/26,0,"8,7",30
Hotel Malcom and Barret,483261,NA,Valencia,1,1,€ 98,2019/10/25,2019/10/26,3,"8,7",30
Hulot B&B Valencia,585429,NA,Valencia,1,1,€ 99,2019/10/25,2019/10/26,0,"8,5",30
Travel Habitat Ático Ciutat Vella.,3264750,Apartamento,Valencia,1,1,NA,2019/10/25,2019/10/26,0,"9,5",30
BUBUFLATS Mossén,1141763,Apartamentos,Valencia,1,1,€ 99,2019/10/25,2019/10/26,0,"8,9",30
Hotel Dimar,90886,NA,Valencia,1,1,€ 108,2019/10/25,2019/10/26,4,"8,7",30
Hotel Sercotel Acteón Valencia,90495,NA,Valencia,1,1,€ 110,2019/10/25,2019/10/26,4,"8,5",30
B&B Hi Valencia Boutique,1301725,NA,Valencia,1,1,€ 113,2019/10/25,2019/10/26,0,"8,7",30
Blanq Carmen Hotel,97069,NA,Valencia,1,1,€ 114,2019/10/25,2019/10/26,3,"8,7",30
Luz de Valencia,2076095,Apartamentos,Valencia,1,1,€ 115,2019/10/25,2019/10/26,0,"8,8",30
Casa Botànic - Céntrico y con comodidades,4218273,Apartamento,Valencia,1,1,NA,2019/10/25,2019/10/26,0,"9,8",30
Valenciaflats Centro Histórico,94781,Apartamentos,Valencia,1,1,€ 120,2019/10/25,2019/10/26,0,"8,7",30
Burjassot Mestalla,3058627,Apartamento,Valencia,1,1,€ 120,2019/10/25,2019/10/26,0,"8,6",30
HOSTAL BED OF THE SEA,3974636,NA,Valencia,1,1,€ 82,2019/10/25,2019/10/26,0,"7,1",30
Lotelito,570027,NA,Valencia,1,1,€ 124,2019/10/25,2019/10/26,0,"8,9",30
Casual del Cine Valencia,572187,NA,Valencia,1,1,€ 125,2019/10/25,2019/10/26,2,"8,6",30
Valenciaflats Ciudad de las Ciencias,93676,Apartamentos,Valencia,1,1,€ 124,2019/10/25,2019/10/26,0,"9,1",30
Rooms Ciencias,94126,NA,Valencia,1,1,€ 126,2019/10/25,2019/10/26,0,9,30
El Coral Apartment Valencia,3606766,Apartamento,Valencia,1,1,€ 126,2019/10/25,2019/10/26,0,"8,7",30
Lujoso Apartamento En El Carmen,2814452,Apartamento,Valencia,1,1,€ 88,2019/10/25,2019/10/26,0,"7,4",30
City Valencia Beach 360,4504803,Apartamento,Valencia,1,1,NA,2019/10/25,2019/10/26,0,"9,6",30
Guest House Samuel Ros,4161855,NA,Valencia,1,1,€ 90,2019/10/25,2019/10/26,0,"7,3",30
Cosy Rooms Embajador,369728,NA,Valencia,1,1,€ 94,2019/10/25,2019/10/26,2,"7,4",30
Avenida Cid,3633322,Apartamento,Valencia,1,1,€ 98,2019/10/25,2019/10/26,0,"7,3",30
NWT Monserrat,3728842,Apartamentos,Valencia,1,1,€ 104,2019/10/25,2019/10/26,0,7,30
La Casa dei Fiori,2849727,Apartamento,Valencia,1,1,€ 122,2019/10/25,2019/10/26,0,"7,2",30
Kirei Apartment En Llop,1765516,Apartamentos,Valencia,1,1,€ 161,2019/10/25,2019/10/26,0,7,30
JL Ciudad de las Artes,3074378,Apartamento,Valencia,1,1,NA,2019/10/25,2019/10/26,0,"9,6",30
Select Home Catedral,440778,Apartamentos,Valencia,1,1,€ 170,2019/10/25,2019/10/26,0,"7,1",30
Select Home Town Hall,1648016,Apartamentos,Valencia,1,1,€ 195,2019/10/25,2019/10/26,0,"7,4",30
Ruzafa Rooms,2891693,NA,Valencia,1,1,€ 45,2019/10/25,2019/10/26,0,"6,9",30
Geography and Arts.,3569110,NA,Valencia,1,1,€ 54,2019/10/25,2019/10/26,0,"6,9",30
Guest House Lebon,3124256,NA,Valencia,1,1,€ 80,2019/10/25,2019/10/26,0,"6,9",30
Casita Esmeralda,2040126,Casa o chalet,Valencia,1,1,€ 114,2019/10/25,2019/10/26,0,"6,5",30
Garden Turia Downtown,5201200,Apartamento,Valencia,1,1,NA,2019/10/25,2019/10/26,0,"9,9",30
Apartamento para 10 personas,5029963,Apartamento,Valencia,1,1,€ 160,2019/10/25,2019/10/26,0,"6,9",30
Guest House Higinio Noja,2845935,NA,Valencia,1,1,€ 35,2019/10/25,2019/10/26,0,6,30
Fun and Sun Center 2,2944416,NA,Valencia,1,1,€ 36,2019/10/25,2019/10/26,0,"6,1",30
Carrer del Bisbe Jaume Pérez,4900140,NA,Valencia,1,1,€ 60,2019/10/25,2019/10/26,0,6,30
sueñavalencia,5603844,NA,Valencia,1,1,€ 75,2019/10/25,2019/10/26,0,"6,4",30
RoomTuristValencia - Ruzafa,4608394,NA,Valencia,1,1,€ 33,2019/10/25,2019/10/26,0,"5,5",30
Espai Loft Santa Mónica,4574135,Apartamento,Valencia,1,1,NA,2019/10/25,2019/10/26,0,"9,8",30
Ruzafa Guesthouse,2269176,NA,Valencia,1,1,€ 35,2019/10/25,2019/10/26,0,"5,6",30
Oliver,4865093,NA,Valencia,1,1,€ 63,2019/10/25,2019/10/26,0,"5,6",30
Valencia B&B,2658386,NA,Valencia,1,1,€ 129,2019/10/25,2019/10/26,0,"5,5",30
Kirei Apartment Berlin,4504570,Apartamentos,Valencia,1,1,€ 137,2019/10/25,2019/10/26,0,"5,5",30
Kirei Apartment Portland,4276529,Apartamentos,Valencia,1,1,€ 200,2019/10/25,2019/10/26,0,"5,9",30
Guest House Torres de Quart,2275006,NA,Valencia,1,1,€ 33,2019/10/25,2019/10/26,0,"5,3",30
La Casa Verde - Ruzafa,2029143,Apartamento,Valencia,1,1,NA,2019/10/25,2019/10/26,0,"9,7",30
Guest House Ruzafa,2324552,NA,Valencia,1,1,€ 38,2019/10/25,2019/10/26,0,"5,2",30
Port of Valencia,3805735,Apartamento,Valencia,1,1,€ 150,2019/10/25,2019/10/26,0,"5,1",30
RoomTuristValencia Torres de Quart,4565643,NA,Valencia,1,1,€ 30,2019/10/25,2019/10/26,0,"4,5",30
Guest House Duc de Gaeta,2275007,NA,Valencia,1,1,€ 36,2019/10/25,2019/10/26,0,"4,9",30
RoomTuristValencia RuzafaSumsi,4682802,NA,Valencia,1,1,€ 38,2019/10/25,2019/10/26,0,"4,6",30
Guesthouse Plaza de Toros,2985902,NA,Valencia,1,1,€ 39,2019/10/25,2019/10/26,0,"4,9",30
Apartamento Bolseria 28,881275,Apartamentos,Valencia,1,1,NA,2019/10/25,2019/10/26,0,"9,5",30
Malvarosa,3820590,Apartamento,Valencia,1,1,€ 120,2019/10/25,2019/10/26,0,"4,1",30
Constitucion Guesthouse,2985942,NA,Valencia,1,1,€ 35,2019/10/25,2019/10/26,0,"3,5",30
Bright room with trundle bed,5560260,NA,Valencia,1,1,€ 46,2019/10/25,2019/10/26,0,,30
Aventura Valencia 2,5604325,NA,Valencia,1,1,€ 50,2019/10/25,2019/10/26,0,,30
vosotros sereis parte de mi familia.,5299568,NA,Valencia,1,1,€ 50,2019/10/25,2019/10/26,0,,30
Attic Rooms in Botánico,5522932,NA,Valencia,1,1,€ 55,2019/10/25,2019/10/26,0,,30
Rooms El Picolino,5326859,NA,Valencia,1,1,€ 60,2019/10/25,2019/10/26,0,,30
Apartamento con compartir,5366858,NA,Valencia,1,1,€ 65,2019/10/25,2019/10/26,0,,30
Comfort Homestay,5423155,NA,Valencia,1,1,€ 67,2019/10/25,2019/10/26,0,,30
Habitación en Valencia,5477394,NA,Valencia,1,1,€ 72,2019/10/25,2019/10/26,0,,30
Hogar Dulce Hogar,5426607,NA,Valencia,1,1,€ 30,2019/10/25,2019/10/26,0,,30
Loft Turia Gran,5133726,Apartamento,Valencia,1,1,€ 80,2019/10/25,2019/10/26,0,,30
Apartamento de 3 habitaciones junto al Rio Turia,3182157,Apartamento,Valencia,1,1,€ 115,2019/10/25,2019/10/26,0,,30
Duplex Rosario,5619328,Apartamento,Valencia,1,1,€ 125,2019/10/25,2019/10/26,0,,30
Kirei Apartment Dublin,4639542,Apartamento,Valencia,1,1,€ 137,2019/10/25,2019/10/26,0,,30
The White Apartment: Luxury- Beach and Design,5631365,Apartamento,Valencia,1,1,€ 167,2019/10/25,2019/10/26,0,,30
Patacona lujo,5636052,NA,Valencia,1,1,€ 190,2019/10/25,2019/10/26,0,,30
"Flat ""Ca Alexandre""",3687859,Apartamento,Valencia,1,1,€ 200,2019/10/25,2019/10/26,0,,30
Apart and Benef,2291245,NA,Valencia,1,1,€ 34,2019/10/25,2019/10/26,0,"7,8",30
Habitación Céntrica en Casa de Familia,4289877,NA,Valencia,1,1,€ 35,2019/10/25,2019/10/26,0,"7,7",30
Ayuntamiento Panoramic,3089239,Apartamento,Valencia,1,1,NA,2019/10/25,2019/10/26,0,"9,5",30
Hostal Moratin,326015,NA,Valencia,1,1,€ 38,2019/10/25,2019/10/26,1,"7,9",30
Habitación San Cayetano,4624401,NA,Valencia,1,1,€ 40,2019/10/25,2019/10/26,0,"7,5",30
Adrian's House,2271869,NA,Valencia,1,1,€ 40,2019/10/25,2019/10/26,0,"7,7",30
Voyagers Inn Homestay,2682156,NA,Valencia,1,1,€ 45,2019/10/25,2019/10/26,0,"7,8",30
Valencia City Host,1177077,NA,Valencia,1,1,€ 46,2019/10/25,2019/10/26,0,"7,8",30
Rio Turia B&B,5531073,NA,Valencia,1,1,€ 48,2019/10/25,2019/10/26,0,"7,8",30
Colón Market Downtown,4607745,Apartamento,Valencia,1,1,NA,2019/10/25,2019/10/26,0,"9,6",30
Hostal On Dormire Valencia,432305,NA,Valencia,1,1,€ 50,2019/10/25,2019/10/26,0,"7,8",30
UP Hostel Valencia,1710137,NA,Valencia,1,1,€ 51,2019/10/25,2019/10/26,0,"7,8",30
Habitación cerca del centro,2789581,NA,Valencia,1,1,€ 52,2019/10/25,2019/10/26,0,"7,5",30
Habitacion por dias Centro Valencia,3977106,NA,Valencia,1,1,€ 55,2019/10/25,2019/10/26,0,"7,9",30
Casual Civilizaciones Valencia,449777,NA,Valencia,1,1,€ 56,2019/10/25,2019/10/26,0,"7,9",30
Valencia Lounge Hostel,337203,NA,Valencia,1,1,€ 75,2019/10/25,2019/10/26,0,"7,8",30
Valencia center,3168460,Apartamento,Valencia,1,1,NA,2019/10/25,2019/10/26,0,"9,8",30
Cosy Rooms Tapinería,371192,NA,Valencia,1,1,€ 78,2019/10/25,2019/10/26,2,"7,5",30
Patacona Green Flats,292996,Apartamentos,Valencia,1,1,€ 79,2019/10/25,2019/10/26,0,"7,6",30
OYO Pensión El Rincón,476031,NA,Valencia,1,1,€ 79,2019/10/25,2019/10/26,1,"7,6",30
B&B Hotel Valencia Ciudad de las Ciencias,92242,NA,Valencia,1,1,€ 89,2019/10/25,2019/10/26,3,"7,5",30
Hotel Beleret,94652,NA,Valencia,1,1,€ 89,2019/10/25,2019/10/26,3,"7,6",30
Expo Hotel Valencia,91223,NA,Valencia,1,1,€ 91,2019/10/25,2019/10/26,3,"7,6",30
PORT VALENCIA PLAYA,5259971,Apartamento,Valencia,1,1,NA,2019/10/25,2019/10/26,0,"9,8",30
Plaza Sainetero 5,3148458,Apartamento,Valencia,1,1,€ 93,2019/10/25,2019/10/26,0,"7,7",30
Hotel Turia,14441,NA,Valencia,1,1,€ 95,2019/10/25,2019/10/26,4,"7,5",30
Apartment Florista,2150187,Apartamento,Valencia,1,1,€ 105,2019/10/25,2019/10/26,0,"7,9",30
Apartamento Angel Alcazar 35,2174625,Apartamento,Valencia,1,1,€ 105,2019/10/25,2019/10/26,0,"7,6",30
El 16 Ruzafa,865461,Apartamentos,Valencia,1,1,€ 109,2019/10/25,2019/10/26,0,"7,7",30
Kirei Apartment Vienna,4639797,Apartamento,Valencia,1,1,€ 115,2019/10/25,2019/10/26,0,"7,6",30
Luxury Beach House,3602594,Casa o chalet,Valencia,1,1,NA,2019/10/25,2019/10/26,0,"9,7",30
United Colors of Studios - Mercado Central,2574108,Apartamentos,Valencia,1,1,€ 120,2019/10/25,2019/10/26,0,"7,8",30
Kirei Apartment Calgary,4768322,Apartamento,Valencia,1,1,€ 137,2019/10/25,2019/10/26,0,"7,6",30
STYLISH APARTMENT - CITY CENTER,2861517,Apartamento,Valencia,1,1,€ 140,2019/10/25,2019/10/26,0,"7,8",30
Apartamento Alguer,4005334,Apartamento,Valencia,1,1,€ 150,2019/10/25,2019/10/26,0,"7,6",30
Old Town Flats Casa Burguerini,4552106,Apartamentos,Valencia,1,1,€ 151,2019/10/25,2019/10/26,0,"7,9",30
Ilunion Valencia 3,92818,NA,Valencia,1,1,€ 260,2019/10/25,2019/10/26,3,"7,9",30
APARTMENTS VALENCIA CENTER,5180014,Apartamentos,Valencia,1,1,NA,2019/10/25,2019/10/26,0,"9,6",30
Dreams Rental City Hall,337092,Apartamentos,Valencia,1,1,€ 280,2019/10/25,2019/10/26,0,"7,5",30
MD Benlliure Beach.,1957258,Apartamento,Valencia,1,1,€ 313,2019/10/25,2019/10/26,0,"7,9",30
MD Art Apartment Ruzafa,2550955,Apartamento,Valencia,1,1,€ 313,2019/10/25,2019/10/26,0,"7,5",30
MD Pelayo with terrace,1979067,Apartamento,Valencia,1,1,€ 313,2019/10/25,2019/10/26,0,"7,8",30
MD Olivereta Apartment,3783665,Apartamento,Valencia,1,1,€ 400,2019/10/25,2019/10/26,0,"7,5",30
Habitación con cama doble,4794909,NA,Valencia,1,1,€ 36,2019/10/25,2019/10/26,0,7,30
feliz como en casa,3676196,NA,Valencia,1,1,€ 36,2019/10/25,2019/10/26,0,"7,2",30
HOSPEDAJE PESET,4718074,NA,Valencia,1,1,€ 40,2019/10/25,2019/10/26,0,"7,2",30
PISO ACOGEDOR,4995780,NA,Valencia,1,1,€ 50,2019/10/25,2019/10/26,0,"7,1",30
Central Station Valencia Hostel,1647017,NA,Valencia,1,1,€ 51,2019/10/25,2019/10/26,0,"7,1",30
Rooms Valencia Center,5507857,NA,Valencia,1,1,€ 54,2019/10/25,2019/10/26,0,"7,4",30
B&B El Mercat,2203530,NA,Valencia,1,1,€ 55,2019/10/25,2019/10/26,0,"7,3",30
La Flamenca,818359,NA,Valencia,1,1,€ 55,2019/10/25,2019/10/26,0,"7,2",30
Sampedor Apartment,435662,Apartamentos,Valencia,1,1,€ 56,2019/10/25,2019/10/26,0,7,30
Mi casa es vuestra casa,4967097,NA,Valencia,1,1,€ 70,2019/10/25,2019/10/26,0,"7,1",30
Centro Valencia Calle Cerrajeros,3476261,NA,Valencia,1,1,€ 75,2019/10/25,2019/10/26,0,"7,1",30
Cosy Rooms Bolsería,371606,NA,Valencia,1,1,€ 78,2019/10/25,2019/10/26,2,"7,4",30
Malvarrosa Beach Rooms,314048,NA,Valencia,1,1,€ 82,2019/10/25,2019/10/26,2,7,30
