name,propertyId,propertyType,city,rooms,days,price,checkIn,checkOut,stars,score,advance
Apartamento con compartir,5366858,NA,Valencia,1,1,€ 65,2019/12/19,2019/12/20,0,,90
Bonito Apartamento- confortable y bien comunicado,5572090,Apartamento,Valencia,1,1,€ 68,2019/12/19,2019/12/20,0,,90
La Casa Del Colibri Youth Hostel,2094497,NA,Valencia,1,1,NA,2019/12/19,2019/12/20,0,"7,9",90
Florista's Room en Valencia,5502152,NA,Valencia,1,1,€ 70,2019/12/19,2019/12/20,0,,90
Mi casa es vuestra casa,4967097,NA,Valencia,1,1,€ 70,2019/12/19,2019/12/20,0,,90
Habitación en Valencia,5477394,NA,Valencia,1,1,€ 72,2019/12/19,2019/12/20,0,,90
Loft Turia Gran,5133726,Apartamento,Valencia,1,1,€ 80,2019/12/19,2019/12/20,0,,90
Hotel Cosmo,4838858,NA,Valencia,1,1,€ 81,2019/12/19,2019/12/20,3,,90
Carrer de l'Arquitecte Alfaro 27 bajo derecha,4353398,Apartamento,Valencia,1,1,€ 102,2019/12/19,2019/12/20,0,,90
Living Puerto,189343,Apartamentos,Valencia,1,1,NA,2019/12/19,2019/12/20,0,"7,5",90
Kirei Apartment Dublin,4639542,Apartamento,Valencia,1,1,€ 103,2019/12/19,2019/12/20,0,,90
Comfort Homestay,5423155,NA,Valencia,1,1,€ 105,2019/12/19,2019/12/20,0,,90
Apartamentos Artesa 22 Valencia,5546723,Apartamento,Valencia,1,1,€ 112,2019/12/19,2019/12/20,0,,90
CASA MARQUES DE CARO,4472176,Apartamento,Valencia,1,1,€ 121,2019/12/19,2019/12/20,0,,90
Apartment Carrer Ernesto Che Guevara,5598848,Apartamentos,Valencia,1,1,€ 211,2019/12/19,2019/12/20,0,,90
"Flat ""Ca Alexandre""",3687859,Apartamento,Valencia,1,1,€ 240,2019/12/19,2019/12/20,0,,90
My Reception - Edificio San Vicente,5123921,Apartamentos,Valencia,1,1,NA,2019/12/19,2019/12/20,0,"7,9",90
Turia Guesthouse - B&B,2884427,Apartamento,Valencia,1,1,€ 265,2019/12/19,2019/12/20,0,,90
Apartment Carrer de Don Juan de Austria,5464038,Apartamentos,Valencia,1,1,€ 275,2019/12/19,2019/12/20,0,,90
Plaza Conde del RealHostel · SUPER NICE HOUSE GROUPS 12 PAX.. CENTER HISTORIC,4805177,Apartamento,Valencia,1,1,€ 295,2019/12/19,2019/12/20,0,,90
Governor Residence,3799760,Apartahotel,Valencia,1,1,€ 600,2019/12/19,2019/12/20,0,,90
Apartment Carrer de Cadis,5531328,Apartamentos,Valencia,1,1,€ 891,2019/12/19,2019/12/20,0,,90
Apartamento Casa con Angel,1079935,Apartamento,Valencia,1,1,€ 155,2019/12/19,2019/12/20,0,"8,8",90
Cathedral Suites Hotel,1736257,Apartahotel,Valencia,1,1,€ 159,2019/12/19,2019/12/20,4,"8,9",90
La Casa Del Colibri Youth Hostel,2094497,NA,Valencia,1,1,NA,2019/12/19,2019/12/20,0,"7,9",90
Puerta de Serranos,2734333,Apartamentos,Valencia,1,1,€ 161,2019/12/19,2019/12/20,0,"8,8",90
Friendly Rentals Vives 2,2523871,Apartamento,Valencia,1,1,€ 165,2019/12/19,2019/12/20,0,"8,7",90
Mar & City Apartment,3456759,Apartamento,Valencia,1,1,€ 166,2019/12/19,2019/12/20,0,"8,9",90
Friendly Rentals Verdi 2,2523881,Apartamento,Valencia,1,1,€ 170,2019/12/19,2019/12/20,0,"8,8",90
The Westin Valencia,93321,NA,Valencia,1,1,€ 173,2019/12/19,2019/12/20,5,"8,7",90
Petit Palace Plaza de la Reina,90443,NA,Valencia,1,1,€ 178,2019/12/19,2019/12/20,3,"8,7",90
Living Puerto,189343,Apartamentos,Valencia,1,1,NA,2019/12/19,2019/12/20,0,"7,5",90
Carlos & Ana,2079019,Apartamento,Valencia,1,1,€ 195,2019/12/19,2019/12/20,0,"8,9",90
Exclusive Beach Apartment,4641691,Apartamento,Valencia,1,1,€ 205,2019/12/19,2019/12/20,0,"8,9",90
SingularStays Parque Central,3054000,Apartamentos,Valencia,1,1,€ 251,2019/12/19,2019/12/20,0,"8,8",90
Flatsforyou Mercat,1367507,Apartamentos,Valencia,1,1,€ 280,2019/12/19,2019/12/20,3,"8,9",90
Habitacion Barata Valencia,3931013,NA,Valencia,1,1,€ 35,2019/12/19,2019/12/20,0,8,90
Center Valencia Youth Hostel,246931,NA,Valencia,1,1,€ 37,2019/12/19,2019/12/20,0,8,90
My Reception - Edificio San Vicente,5123921,Apartamentos,Valencia,1,1,NA,2019/12/19,2019/12/20,0,"7,9",90
B&B Hi Valencia Canovas,305349,NA,Valencia,1,1,€ 38,2019/12/19,2019/12/20,0,"8,4",90
Habitación en piso compartido,5433175,NA,Valencia,1,1,€ 40,2019/12/19,2019/12/20,0,8,90
Habitacion en Valencia Barata,4861796,NA,Valencia,1,1,€ 40,2019/12/19,2019/12/20,0,"8,2",90
Hotel Villacarlos,90730,NA,Valencia,1,1,€ 41,2019/12/19,2019/12/20,3,8,90
Purple Nest Hostel,25278,NA,Valencia,1,1,€ 42,2019/12/19,2019/12/20,0,"8,2",90
Red Nest Hostel,92283,NA,Valencia,1,1,€ 45,2019/12/19,2019/12/20,0,"8,2",90
Travel Habitat Ruzafa,2244811,Apartamento,Valencia,1,1,NA,2019/12/19,2019/12/20,0,"7,6",90
Hostal Abastos,257057,NA,Valencia,1,1,€ 45,2019/12/19,2019/12/20,2,"8,2",90
Style Apartments Puerto,1558265,Apartamentos,Valencia,1,1,€ 45,2019/12/19,2019/12/20,0,"8,1",90
Rio Turia B&B,5531073,NA,Valencia,1,1,€ 48,2019/12/19,2019/12/20,0,8,90
Sweet Hotel Continental,93856,NA,Valencia,1,1,€ 49,2019/12/19,2019/12/20,2,"8,3",90
United Colors of Apartments - Catedral,1301545,Apartamentos,Valencia,1,1,€ 50,2019/12/19,2019/12/20,0,"8,2",90
Teixidors de Palomar,2639791,Apartamentos,Valencia,1,1,€ 79,2019/12/19,2019/12/20,0,"9,3",90
Apartamento bianca,3205847,Apartamento,Valencia,1,1,€ 80,2019/12/19,2019/12/20,0,"9,1",90
Apartamento en la Ciudad de las Artes y las Ciencias,3552283,Apartamento,Valencia,1,1,NA,2019/12/19,2019/12/20,0,"9,4",90
Maison Reina B&B,5004812,NA,Valencia,1,1,€ 80,2019/12/19,2019/12/20,0,"9,2",90
Dolz Garden Ruzafa,1123993,Apartamentos,Valencia,1,1,€ 80,2019/12/19,2019/12/20,0,"9,1",90
Una Ubicacion Perfecta,3114164,Apartamentos,Valencia,1,1,€ 85,2019/12/19,2019/12/20,0,"9,1",90
Atico de Lujo,2142556,Apartamento,Valencia,1,1,€ 85,2019/12/19,2019/12/20,0,"9,1",90
Apartamento cerca de la Playa y el Centro,2620264,Apartamento,Valencia,1,1,€ 88,2019/12/19,2019/12/20,0,9,90
Magnífico Adosado- cerca de Valencia ciudad- en zona de montaña y playa fluvial,5354233,Casa o chalet,Valencia,1,1,€ 90,2019/12/19,2019/12/20,0,"9,1",90
COZY APARTMENT VALENCIA BEACHFRONT!,3128516,Apartamento,Valencia,1,1,NA,2019/12/19,2019/12/20,0,"9,4",90
Turia Burjassot 12,3237353,Apartamento,Valencia,1,1,€ 90,2019/12/19,2019/12/20,0,9,90
RUZAFA. Nice apartment and Terrace.,4368595,Apartamento,Valencia,1,1,€ 90,2019/12/19,2019/12/20,0,"9,3",90
Olvida tu Reloj Montichelvo Apartment,3258095,Apartamento,Valencia,1,1,€ 91,2019/12/19,2019/12/20,0,"9,4",90
Olvida tu Reloj Congresos Apartment,2448036,Apartamento,Valencia,1,1,€ 91,2019/12/19,2019/12/20,0,"9,2",90
One Shot Mercat 09,2274203,NA,Valencia,1,1,€ 93,2019/12/19,2019/12/20,4,"9,1",90
Center City Flats,861452,Apartamentos,Valencia,1,1,€ 94,2019/12/19,2019/12/20,0,"9,1",90
Apartamento Ruzafa Centro II,3718518,Apartamento,Valencia,1,1,NA,2019/12/19,2019/12/20,0,9,90
Mon Suites Catedral,485679,Apartamentos,Valencia,1,1,€ 94,2019/12/19,2019/12/20,0,"9,2",90
Casual Civilizaciones Valencia,449777,NA,Valencia,1,1,€ 41,2019/12/19,2019/12/20,0,"7,9",90
Hotel Beleret,94652,NA,Valencia,1,1,€ 41,2019/12/19,2019/12/20,3,"7,6",90
Apartamentos FV Flats Valencia - San Felipe Neri,839213,Apartamentos,Valencia,1,1,NA,2019/12/19,2019/12/20,0,"8,4",90
Valencia Lounge Hostel,337203,NA,Valencia,1,1,€ 42,2019/12/19,2019/12/20,0,"7,8",90
Patacona Green Flats,292996,Apartamentos,Valencia,1,1,€ 43,2019/12/19,2019/12/20,0,"7,6",90
Casual de la Música Valencia,273130,NA,Valencia,1,1,€ 43,2019/12/19,2019/12/20,2,"7,5",90
Patacona Resort Apartments,189782,Apartamentos,Valencia,1,1,€ 46,2019/12/19,2019/12/20,0,"7,8",90
Cosy Rooms Tapinería,371192,NA,Valencia,1,1,€ 49,2019/12/19,2019/12/20,2,"7,5",90
Hostal On Dormire Valencia,432305,NA,Valencia,1,1,€ 49,2019/12/19,2019/12/20,0,"7,8",90
Calle de Frederica Montseny 'Política' Casa o chalet,5152866,Casa o chalet,Valencia,1,1,€ 95,2019/12/19,2019/12/20,0,"9,4",90
Mon Suites San Martin,2777545,Apartamentos,Valencia,1,1,€ 98,2019/12/19,2019/12/20,0,"9,4",90
HQ Rooms Apartments San Vicente,2894429,Apartamentos,Valencia,1,1,€ 99,2019/12/19,2019/12/20,0,"9,2",90
OCEANOGRAFIC DELUXE- PARKING- WI-FI,4095746,Apartamento,Valencia,1,1,€ 100,2019/12/19,2019/12/20,0,"9,2",90
APARTAMENTO CENTRICO. WI-FI. PARKING,2967593,Apartamento,Valencia,1,1,€ 100,2019/12/19,2019/12/20,0,"9,1",90
Vistas al mar,3214362,Apartamento,Valencia,1,1,NA,2019/12/19,2019/12/20,0,9,90
Reina's Apartment,2130930,Apartamentos,Valencia,1,1,NA,2019/12/19,2019/12/20,0,"8,3",90
Apartamentos Abastos,1044426,Apartamentos,Valencia,1,1,€ 50,2019/12/19,2019/12/20,0,"7,6",90
Hostal Bisbal,235665,NA,Valencia,1,1,€ 50,2019/12/19,2019/12/20,1,"7,5",90
Habitacion PLaza Ayuntamiento,4365340,NA,Valencia,1,1,€ 50,2019/12/19,2019/12/20,0,"7,6",90
Jero Rooms,296743,NA,Valencia,1,1,€ 52,2019/12/19,2019/12/20,0,"7,7",90
B&B Hotel Valencia Ciudad de las Ciencias,92242,NA,Valencia,1,1,€ 53,2019/12/19,2019/12/20,3,"7,5",90
Hotel Turia,14441,NA,Valencia,1,1,€ 55,2019/12/19,2019/12/20,4,"7,5",90
Malvarrosa Silence,1907504,Apartamentos,Valencia,1,1,NA,2019/12/19,2019/12/20,0,8,90
Hi Valencia Apartments - Jorge Juan,2373701,Apartamento,Valencia,1,1,€ 100,2019/12/19,2019/12/20,0,"9,4",90
OCEANOGRAFIC APARTMENT. PARKING. WI-FI,3107716,Apartamentos,Valencia,1,1,€ 100,2019/12/19,2019/12/20,0,9,90
Center Valencia,2944722,Casa o chalet,Valencia,1,1,€ 100,2019/12/19,2019/12/20,0,"9,3",90
Piso como en tu casa 2,3834617,Apartamentos,Valencia,1,1,€ 101,2019/12/19,2019/12/20,0,"9,2",90
Apartamentos La más Bonita,2816245,Apartamentos,Valencia,1,1,€ 104,2019/12/19,2019/12/20,0,"9,1",90
Habitacion por dias Centro Valencia,3977106,NA,Valencia,1,1,€ 55,2019/12/19,2019/12/20,0,"7,9",90
Oceanográfico Apartments & Spa,324918,Apartamentos,Valencia,1,1,€ 59,2019/12/19,2019/12/20,0,"7,6",90
Ilunion Valencia 3,92818,NA,Valencia,1,1,€ 59,2019/12/19,2019/12/20,3,"7,9",90
El Globo,24498,NA,Valencia,1,1,€ 60,2019/12/19,2019/12/20,1,"7,8",90
Checkin Valencia,93743,NA,Valencia,1,1,€ 62,2019/12/19,2019/12/20,4,"7,8",90
Alex Apartment,1756374,Apartamento,Valencia,1,1,€ 64,2019/12/19,2019/12/20,0,"7,9",90
Apartamentos Con Terraza San Francisco De Borja,730198,Apartamentos,Valencia,1,1,NA,2019/12/19,2019/12/20,0,8,90
SEA YOU HOTEL PORT VALENCIA,92328,NA,Valencia,1,1,€ 67,2019/12/19,2019/12/20,4,"7,7",90
City Center Apartments,4426057,Apartamentos,Valencia,1,1,€ 72,2019/12/19,2019/12/20,0,"7,8",90
El 16 Ruzafa,865461,Apartamentos,Valencia,1,1,€ 74,2019/12/19,2019/12/20,0,"7,7",90
Apartamento Alguer,4005334,Apartamento,Valencia,1,1,€ 75,2019/12/19,2019/12/20,0,"7,6",90
Suites by Eric Olsan (L),4287413,Apartamentos,Valencia,1,1,€ 83,2019/12/19,2019/12/20,0,"7,6",90
Torres Quart,3702234,Apartamentos,Valencia,1,1,€ 87,2019/12/19,2019/12/20,0,"7,6",90
B&B Una Habitación Propia,1450279,NA,Valencia,1,1,NA,2019/12/19,2019/12/20,0,"8,2",90
Apartamento Angel Alcazar 35,2174625,Apartamento,Valencia,1,1,€ 90,2019/12/19,2019/12/20,0,"7,6",90
Plaza Sainetero 5,3148458,Apartamento,Valencia,1,1,€ 91,2019/12/19,2019/12/20,0,"7,7",90
STYLISH APARTMENT - CITY CENTER,2861517,Apartamento,Valencia,1,1,€ 140,2019/12/19,2019/12/20,0,"7,8",90
Kirei Apartment Calgary,4768322,Apartamento,Valencia,1,1,€ 148,2019/12/19,2019/12/20,0,"7,6",90
Old Town Flats Casa Burguerini,4552106,Apartamentos,Valencia,1,1,€ 151,2019/12/19,2019/12/20,0,"7,8",90
Friendly Rentals Danna,1634254,Apartamento,Valencia,1,1,€ 160,2019/12/19,2019/12/20,0,"7,8",90
APARTAMENTO DE ENSUEÑO,3043871,Apartamento,Valencia,1,1,NA,2019/12/19,2019/12/20,0,"8,3",90
MD Art Apartment Ruzafa,2550955,Apartamento,Valencia,1,1,€ 271,2019/12/19,2019/12/20,0,"7,5",90
MD Benlliure Beach.,1957258,Apartamento,Valencia,1,1,€ 271,2019/12/19,2019/12/20,0,"7,9",90
MD Pelayo with terrace,1979067,Apartamento,Valencia,1,1,€ 271,2019/12/19,2019/12/20,0,"7,8",90
Dreams Rental City Hall,337092,Apartamentos,Valencia,1,1,€ 280,2019/12/19,2019/12/20,0,"7,5",90
MD Abastos Center,2551194,Apartamento,Valencia,1,1,€ 289,2019/12/19,2019/12/20,0,"7,7",90
MD Oliag I Apartment Ruzafa,2867488,Apartamento,Valencia,1,1,€ 317,2019/12/19,2019/12/20,0,"7,7",90
Apartment Plaza de la Merced,3457190,Apartamento,Valencia,1,1,€ 470,2019/12/19,2019/12/20,0,"7,9",90
Hostal Waksman,281139,NA,Valencia,1,1,€ 35,2019/12/19,2019/12/20,1,"7,3",90
feliz como en casa,3676196,NA,Valencia,1,1,€ 36,2019/12/19,2019/12/20,0,"7,2",90
Zen House,3671621,NA,Valencia,1,1,€ 39,2019/12/19,2019/12/20,0,"7,1",90
La Flamenca,818359,NA,Valencia,1,1,€ 40,2019/12/19,2019/12/20,0,"7,2",90
HOSPEDAJE PESET,4718074,NA,Valencia,1,1,€ 40,2019/12/19,2019/12/20,0,"7,2",90
Murillo Apartment,408163,Apartamento,Valencia,1,1,€ 44,2019/12/19,2019/12/20,0,7,90
City Center Atico 360,3025679,Apartamento,Valencia,1,1,€ 188,2019/12/19,2019/12/20,0,"9,4",90
Apartamento Playa Wifi Gratis,3495634,Apartamento,Valencia,1,1,€ 190,2019/12/19,2019/12/20,0,"9,4",90
Apartamento en la Ciudad de las Artes y las Ciencias,3552283,Apartamento,Valencia,1,1,NA,2019/12/19,2019/12/20,0,"9,4",90
Caro Hotel,348132,NA,Valencia,1,1,€ 199,2019/12/19,2019/12/20,5,"9,2",90
Jardines del Turia - Espacioso apartamento,2734126,Apartamento,Valencia,1,1,€ 200,2019/12/19,2019/12/20,0,"9,1",90
Loft Superior el Carmen,2784473,Apartamento,Valencia,1,1,€ 209,2019/12/19,2019/12/20,0,"9,2",90
Ca Carmela,2466364,Casa o chalet,Valencia,1,1,€ 225,2019/12/19,2019/12/20,0,"9,1",90
Cosy Rooms Bolsería,371606,NA,Valencia,1,1,€ 47,2019/12/19,2019/12/20,2,"7,4",90
Cosy Rooms Embajador,369728,NA,Valencia,1,1,€ 49,2019/12/19,2019/12/20,2,"7,4",90
Sampedor Apartment,435662,Apartamentos,Valencia,1,1,€ 49,2019/12/19,2019/12/20,0,7,90
Coroa del Mar,1549399,Apartamentos,Valencia,1,1,€ 50,2019/12/19,2019/12/20,0,"7,1",90
Colors Rooms,675839,NA,Valencia,1,1,€ 40,2019/12/19,2019/12/20,0,"9,6",90
United Colors of Apartments Boutique Style,5372347,Apartamentos,Valencia,1,1,€ 64,2019/12/19,2019/12/20,0,"9,8",90
BONNIES Suites & Spa Valencia,3631910,Apartamentos,Valencia,1,1,NA,2019/12/19,2019/12/20,0,"9,8",90
Ramirez Flats & Bar,4124528,Apartahotel,Valencia,1,1,€ 68,2019/12/19,2019/12/20,0,"9,5",90
Centro Valencia Calle Cerrajeros,3476261,NA,Valencia,1,1,€ 50,2019/12/19,2019/12/20,0,"7,1",90
MD Julio Antonio Apartment Center,3961049,Apartamento,Valencia,1,1,€ 285,2019/12/19,2019/12/20,0,"9,3",90
Old Fisherman's House in Malvarrosa Beach,3618172,Apartamento,Valencia,1,1,€ 360,2019/12/19,2019/12/20,0,"9,4",90
COZY APARTMENT VALENCIA BEACHFRONT!,3128516,Apartamento,Valencia,1,1,NA,2019/12/19,2019/12/20,0,"9,4",90
The River Hostel,494202,NA,Valencia,1,1,€ 19,2019/12/19,2019/12/20,0,"8,5",90
Pensión Alicante,298710,NA,Valencia,1,1,€ 33,2019/12/19,2019/12/20,0,"8,5",90
Nest Style Valencia -Nueva apertura-,5219046,NA,Valencia,1,1,€ 76,2019/12/19,2019/12/20,3,"9,6",90
Apartamento luminoso y acogedor,3489126,Apartamento,Valencia,1,1,€ 78,2019/12/19,2019/12/20,0,"9,5",90
Apartments Downtown Valencia,2250421,Apartamentos,Valencia,1,1,€ 80,2019/12/19,2019/12/20,0,"9,6",90
Hulot B&B Valencia,585429,NA,Valencia,1,1,€ 40,2019/12/19,2019/12/20,0,"8,5",90
UNIK. Apartments Valencia,2241282,Apartamentos,Valencia,1,1,€ 42,2019/12/19,2019/12/20,0,"8,5",90
B&B Almirante,369695,NA,Valencia,1,1,€ 43,2019/12/19,2019/12/20,1,"8,8",90
Buho House,3777691,Apartahotel,Valencia,1,1,€ 44,2019/12/19,2019/12/20,0,"8,5",90
Hostal Antigua Morellana,1273937,NA,Valencia,1,1,€ 80,2019/12/19,2019/12/20,1,"9,5",90
L'Esplai Valencia Bed & Breakfast,1282556,NA,Valencia,1,1,€ 81,2019/12/19,2019/12/20,0,"9,6",90
Barracart Apartments,2125836,Apartamentos,Valencia,1,1,NA,2019/12/19,2019/12/20,0,"9,6",90
Hotel Miramar,23332,NA,Valencia,1,1,€ 61,2019/12/19,2019/12/20,2,"8,4",90
L'Otelet By Sweet,1467935,NA,Valencia,1,1,€ 64,2019/12/19,2019/12/20,0,"8,3",90
Select Home Mercado de Colón,2960845,Apartamentos,Valencia,1,1,NA,2019/12/19,2019/12/20,0,"8,9",90
NH Valencia Las Artes,90731,NA,Valencia,1,1,€ 64,2019/12/19,2019/12/20,4,"8,4",90
Apartamento Ruzafa Centro II,3718518,Apartamento,Valencia,1,1,NA,2019/12/19,2019/12/20,0,9,90
Art&Flats Bed&Breakfast,5238345,NA,Valencia,1,1,€ 45,2019/12/19,2019/12/20,0,"8,9",90
Hotel Malcom and Barret,483261,NA,Valencia,1,1,€ 47,2019/12/19,2019/12/20,3,"8,7",90
Home Youth Hostel by Feetup Hostels,189322,NA,Valencia,1,1,€ 47,2019/12/19,2019/12/20,0,"8,8",90
Reina 12,1684198,NA,Valencia,1,1,€ 64,2019/12/19,2019/12/20,0,"8,3",90
Hotel Alkazar,408511,NA,Valencia,1,1,€ 64,2019/12/19,2019/12/20,1,8,90
Ilunion Aqua 3,92776,NA,Valencia,1,1,€ 66,2019/12/19,2019/12/20,3,"8,3",90
Opera House Valencia B&B,3533887,NA,Valencia,1,1,€ 96,2019/12/19,2019/12/20,0,"9,5",90
Casa La Buhardilla,2985364,Apartamento,Valencia,1,1,€ 97,2019/12/19,2019/12/20,0,"9,6",90
Precioso piso junto al antiguo barrio de Campanar,3297078,Apartamento,Valencia,1,1,€ 100,2019/12/19,2019/12/20,0,"9,5",90
Valencian Dreams Lonja,4757385,Apartamento,Valencia,1,1,€ 102,2019/12/19,2019/12/20,0,"9,8",90
Ciudad Ciencias- Lujo- Parking- Wi-Fi.,4999636,Apartamento,Valencia,1,1,€ 120,2019/12/19,2019/12/20,0,"9,8",90
Apartamentos Plaza Picasso,97063,Apartamentos,Valencia,1,1,€ 49,2019/12/19,2019/12/20,0,"8,5",90
Zalamera BnB,1331238,NA,Valencia,1,1,€ 50,2019/12/19,2019/12/20,0,"8,7",90
Pio XII Apartments Valencia,402080,Apartamentos,Valencia,1,1,€ 51,2019/12/19,2019/12/20,0,"8,5",90
Vistas al mar,3214362,Apartamento,Valencia,1,1,NA,2019/12/19,2019/12/20,0,9,90
Eurostars Gran Valencia,90484,NA,Valencia,1,1,€ 68,2019/12/19,2019/12/20,4,"8,4",90
City Suites Apartments,3091106,NA,Valencia,1,1,€ 70,2019/12/19,2019/12/20,0,"8,4",90
Total Valencia Ruzafa,1971579,Apartamento,Valencia,1,1,NA,2019/12/19,2019/12/20,0,"8,9",90
Ilunion Valencia 4,754329,NA,Valencia,1,1,€ 71,2019/12/19,2019/12/20,4,"8,1",90
Hotel Conqueridor,91047,NA,Valencia,1,1,€ 72,2019/12/19,2019/12/20,4,"8,4",90
15 Avinguda Mare Nostrum,4518973,Apartamento,Valencia,1,1,€ 120,2019/12/19,2019/12/20,0,"9,8",90
La seda stay,3335523,Apartamento,Valencia,1,1,NA,2019/12/19,2019/12/20,0,"9,7",90
MARQUÉS HOUSE 4* SUP,2118880,NA,Valencia,1,1,€ 129,2019/12/19,2019/12/20,4,"9,5",90
Apartamento centro,3160737,Apartamento,Valencia,1,1,€ 165,2019/12/19,2019/12/20,0,"9,7",90
B&B Hi Valencia Boutique,1301725,NA,Valencia,1,1,€ 51,2019/12/19,2019/12/20,0,"8,7",90
Turia Town,4064373,Apartamentos,Valencia,1,1,€ 53,2019/12/19,2019/12/20,0,"8,8",90
Hotel El Siglo,1741479,NA,Valencia,1,1,€ 54,2019/12/19,2019/12/20,3,"8,5",90
Balcón Al Mar,295109,NA,Valencia,1,1,€ 54,2019/12/19,2019/12/20,0,"8,5",90
Primus Valencia,331871,NA,Valencia,1,1,€ 75,2019/12/19,2019/12/20,4,"8,3",90
Atico Ciutat Vella,3446230,Apartamentos,Valencia,1,1,€ 75,2019/12/19,2019/12/20,0,"8,4",90
Ático cerca del mar,4040503,Apartamento,Valencia,1,1,€ 75,2019/12/19,2019/12/20,0,"8,3",90
NH Valencia Center,90727,NA,Valencia,1,1,€ 78,2019/12/19,2019/12/20,4,"8,3",90
Habitación doble,3599930,NA,Valencia,1,1,NA,2019/12/19,2019/12/20,0,"8,9",90
Estrella de russafa,5352439,NA,Valencia,1,1,€ 55,2019/12/19,2019/12/20,0,"8,5",90
Hotel Sercotel Acteón Valencia,90495,NA,Valencia,1,1,€ 55,2019/12/19,2019/12/20,4,"8,5",90
Total Valencia Mercado Central,4888886,Apartamento,Valencia,1,1,NA,2019/12/19,2019/12/20,0,"9,1",90
Valencia center,3168460,Apartamento,Valencia,1,1,€ 180,2019/12/19,2019/12/20,0,"9,8",90
Ca María,3776707,Apartamento,Valencia,1,1,€ 180,2019/12/19,2019/12/20,0,"9,7",90
Luxury Beach Apartment with Pool,3841868,Apartamento,Valencia,1,1,€ 355,2019/12/19,2019/12/20,0,"9,7",90
MD PASEO RUZAFA CENTER,5374850,Apartamento,Valencia,1,1,€ 1.030,2019/12/19,2019/12/20,0,"9,5",90
Apartamento Bolseria 28,881275,Apartamentos,Valencia,1,1,NA,2019/12/19,2019/12/20,0,"9,5",90
Ad Hoc Carmen,1173270,NA,Valencia,1,1,€ 56,2019/12/19,2019/12/20,2,"8,9",90
València Centre Túria,2185255,Apartamento,Valencia,1,1,€ 56,2019/12/19,2019/12/20,0,"8,8",90
ABCyou Bed&Breakfast,189207,NA,Valencia,1,1,€ 56,2019/12/19,2019/12/20,0,"8,5",90
Petit Palace Ruzafa,90792,NA,Valencia,1,1,€ 56,2019/12/19,2019/12/20,3,"8,7",90
Hotel Kramer,91106,NA,Valencia,1,1,€ 59,2019/12/19,2019/12/20,3,"8,8",90
Casual del Cine Valencia,572187,NA,Valencia,1,1,€ 60,2019/12/19,2019/12/20,2,"8,6",90
Cabanyal Marina Apartament,3615874,Apartamento,Valencia,1,1,NA,2019/12/19,2019/12/20,0,"9,2",90
Apartamento Jesus De Medinaceli,1728697,Apartamento,Valencia,1,1,€ 60,2019/12/19,2019/12/20,0,"8,6",90
Citizentral Gascons,332095,Apartamentos,Valencia,1,1,€ 63,2019/12/19,2019/12/20,0,"8,8",90
Nanit Valencia Hostel,3913497,NA,Valencia,1,1,€ 80,2019/12/19,2019/12/20,0,"8,3",90
Apartment Vicent,1674495,Apartamento,Valencia,1,1,€ 80,2019/12/19,2019/12/20,0,"8,3",90
Preciosos Apartamentos en el Carmen,2918345,Apartamentos,Valencia,1,1,€ 88,2019/12/19,2019/12/20,0,"8,1",90
Apartamento Plaza Sainetero,2743838,Apartamento,Valencia,1,1,€ 93,2019/12/19,2019/12/20,0,"8,2",90
Cozy fisherman's house,2241663,Casa o chalet,Valencia,1,1,€ 95,2019/12/19,2019/12/20,0,"8,3",90
YOU & CO. Saler Beach Boutique,4533007,NA,Valencia,1,1,€ 38,2019/12/19,2019/12/20,3,"9,1",90
Cantagua Hostel,4074640,NA,Valencia,1,1,€ 41,2019/12/19,2019/12/20,0,"9,1",90
Soho Valencia,1538641,Apartahotel,Valencia,1,1,€ 49,2019/12/19,2019/12/20,0,9,90
Rooms Ciencias,94126,NA,Valencia,1,1,€ 50,2019/12/19,2019/12/20,0,9,90
OttoH Charm Stay,2459807,NA,Valencia,1,1,€ 54,2019/12/19,2019/12/20,0,"9,3",90
Jardín Botánico Hotel Boutique,93369,NA,Valencia,1,1,€ 55,2019/12/19,2019/12/20,3,9,90
Apartment Sofi,2830696,Apartamento,Valencia,1,1,NA,2019/12/19,2019/12/20,0,"9,8",90
Apartamentos Edificio Palomar,189277,Apartamentos,Valencia,1,1,€ 59,2019/12/19,2019/12/20,0,"9,2",90
Palau de Palomar,471283,Apartamentos,Valencia,1,1,€ 59,2019/12/19,2019/12/20,0,"9,1",90
MD Modern Hotel - Jardines,305447,NA,Valencia,1,1,€ 99,2019/12/19,2019/12/20,1,"8,3",90
Piso Carolina,2065367,Apartamento,Valencia,1,1,NA,2019/12/19,2019/12/20,0,"8,4",90
Apartamento Ciudad de las Artes y las Ciencias,4353552,Apartamento,Valencia,1,1,€ 99,2019/12/19,2019/12/20,0,"8,3",90
Friendly Rentals ABC,3656596,Apartamento,Valencia,1,1,€ 115,2019/12/19,2019/12/20,0,"8,3",90
Friendly Rentals Puerto Deportivo,2317861,Apartamentos,Valencia,1,1,€ 120,2019/12/19,2019/12/20,0,"8,2",90
Lotelito,570027,NA,Valencia,1,1,€ 63,2019/12/19,2019/12/20,0,"8,9",90
Sercotel Sorolla Palace,93646,NA,Valencia,1,1,€ 64,2019/12/19,2019/12/20,4,"8,6",90
Luz de Valencia,2076095,Apartamentos,Valencia,1,1,€ 64,2019/12/19,2019/12/20,0,"8,8",90
One Shot Colón 46,1394168,NA,Valencia,1,1,€ 64,2019/12/19,2019/12/20,3,"8,7",90
Host & Home,1663785,NA,Valencia,1,1,€ 64,2019/12/19,2019/12/20,0,"8,9",90
Brisa Mare Nostrum,2855311,Apartamento,Valencia,1,1,€ 60,2019/12/19,2019/12/20,0,"9,3",90
Habitación privada a 1500 metros de la playa,3789910,NA,Valencia,1,1,€ 60,2019/12/19,2019/12/20,0,"9,3",90
Hostal Venecia,92883,NA,Valencia,1,1,€ 60,2019/12/19,2019/12/20,2,"9,1",90
Carrer de María Montessori,3272386,Apartamento,Valencia,1,1,€ 120,2019/12/19,2019/12/20,0,"8,2",90
Apartamento Privado Próximo a Playa y Ciencias,3783163,Apartamento,Valencia,1,1,€ 120,2019/12/19,2019/12/20,0,"8,2",90
Friendly Rentals Pergolesi,1634240,Apartamento,Valencia,1,1,€ 125,2019/12/19,2019/12/20,0,"8,4",90
Living Valencia -Correos,3062274,Apartamentos,Valencia,1,1,NA,2019/12/19,2019/12/20,0,"8,3",90
Zerka Centro,4425975,Apartamentos,Valencia,1,1,€ 129,2019/12/19,2019/12/20,0,"8,3",90
Apartamento Obispo don Jerónimo,2079020,Apartamento,Valencia,1,1,€ 135,2019/12/19,2019/12/20,0,"8,2",90
Friendly Rentals Gimenez,1634242,Apartamento,Valencia,1,1,€ 135,2019/12/19,2019/12/20,0,"8,3",90
Casa los Peces,3234194,Apartamento,Valencia,1,1,€ 154,2019/12/19,2019/12/20,0,"8,3",90
Friendly rentals Enesco Beach,2526514,Apartamento,Valencia,1,1,€ 155,2019/12/19,2019/12/20,0,8,90
Friendly Rentals Evans,1634220,Apartamentos,Valencia,1,1,€ 155,2019/12/19,2019/12/20,0,"8,4",90
Flats Friends Tetuan,621683,Apartamentos,Valencia,1,1,NA,2019/12/19,2019/12/20,0,"8,4",90
Friendly Rentals Verdi,1634232,Apartamento,Valencia,1,1,€ 160,2019/12/19,2019/12/20,0,"8,1",90
Loft el Carmen amazing views,4932621,Apartamento,Valencia,1,1,€ 172,2019/12/19,2019/12/20,0,"8,1",90
Alojo Patraix,2710394,Apartamento,Valencia,1,1,€ 175,2019/12/19,2019/12/20,0,"8,3",90
Friendly Rentals Telemann,1634241,Apartamento,Valencia,1,1,€ 180,2019/12/19,2019/12/20,0,"8,1",90
Vlc Apartaments el Carmen,389902,Apartamentos,Valencia,1,1,€ 214,2019/12/19,2019/12/20,0,"8,3",90
Apartamentos Wallace,1698355,Apartamentos,Valencia,1,1,€ 63,2019/12/19,2019/12/20,0,"9,2",90
Apartamento,3139431,Apartamento,Valencia,1,1,NA,2019/12/19,2019/12/20,0,"9,5",90
Hi Valencia Cánovas,4312120,Apartamentos,Valencia,1,1,€ 63,2019/12/19,2019/12/20,0,9,90
Blanq Comedias,4922002,NA,Valencia,1,1,€ 68,2019/12/19,2019/12/20,0,"9,1",90
Bianca,4232781,Apartamentos,Valencia,1,1,€ 69,2019/12/19,2019/12/20,0,9,90
Musico Peydro Apartments,3765069,Apartamentos,Valencia,1,1,€ 271,2019/12/19,2019/12/20,0,8,90
Malvarrosa Calle Pavia,3608764,Casa o chalet,Valencia,1,1,€ 271,2019/12/19,2019/12/20,0,8,90
NWT Central Station Apartments,3964093,Apartamento,Valencia,1,1,€ 300,2019/12/19,2019/12/20,0,"8,2",90
MD Vila Barbera Apartment Center,1957253,Apartamento,Valencia,1,1,€ 330,2019/12/19,2019/12/20,0,"8,3",90
UP Hostel Valencia,1710137,NA,Valencia,1,1,€ 24,2019/12/19,2019/12/20,0,"7,8",90
València Centre Torres de Quart,886289,Apartamentos,Valencia,1,1,€ 66,2019/12/19,2019/12/20,0,"8,9",90
Zenit Valencia,92327,NA,Valencia,1,1,€ 68,2019/12/19,2019/12/20,4,"8,8",90
Valenciaflats Centro Histórico,94781,Apartamentos,Valencia,1,1,€ 69,2019/12/19,2019/12/20,0,"8,7",90
Hotel Gabbeach,403586,NA,Valencia,1,1,€ 69,2019/12/19,2019/12/20,3,"8,5",90
Valencia maritimo,3020748,Apartamento,Valencia,1,1,€ 70,2019/12/19,2019/12/20,0,"8,9",90
Hotel Mediterraneo Valencia,92412,NA,Valencia,1,1,€ 72,2019/12/19,2019/12/20,3,"8,8",90
AC Hotel Valencia,91063,NA,Valencia,1,1,€ 75,2019/12/19,2019/12/20,4,"8,5",90
Hotel Valencia Oceanic Managed by Melia Hotels International,91522,NA,Valencia,1,1,€ 75,2019/12/19,2019/12/20,4,"8,6",90
Blanq Carmen Hotel,97069,NA,Valencia,1,1,€ 76,2019/12/19,2019/12/20,3,"8,7",90
Boutique Creative Rooms,2334726,NA,Valencia,1,1,€ 77,2019/12/19,2019/12/20,0,"8,7",90
Casual Vintage Valencia,1710241,NA,Valencia,1,1,€ 77,2019/12/19,2019/12/20,2,"8,6",90
Valenciaflats Centro Ciudad,18544,Apartamentos,Valencia,1,1,€ 69,2019/12/19,2019/12/20,0,"9,2",90
Valenciaflats Ciudad de las Ciencias,93676,Apartamentos,Valencia,1,1,€ 69,2019/12/19,2019/12/20,0,"9,1",90
La casita de Palomar,2132386,Apartamentos,Valencia,1,1,€ 69,2019/12/19,2019/12/20,0,"9,4",90
Valenciaflats Mercado Central,307677,Apartamentos,Valencia,1,1,€ 73,2019/12/19,2019/12/20,0,9,90
Casual Socarrat Valencia,5142800,NA,Valencia,1,1,€ 74,2019/12/19,2019/12/20,3,"9,2",90
Hotel Valencia Alameda,4019381,NA,Valencia,1,1,€ 74,2019/12/19,2019/12/20,4,"9,3",90
Live in Chianti,2227491,NA,Valencia,1,1,€ 75,2019/12/19,2019/12/20,0,"9,1",90
Original Domino House,5434091,NA,Valencia,1,1,€ 75,2019/12/19,2019/12/20,0,"9,1",90
El Cid,2740801,Apartamento,Valencia,1,1,€ 75,2019/12/19,2019/12/20,0,9,90
Habitación San Cayetano,4624401,NA,Valencia,1,1,€ 30,2019/12/19,2019/12/20,0,"7,7",90
Habitaciones Barra89,1076252,NA,Valencia,1,1,€ 31,2019/12/19,2019/12/20,0,"7,8",90
Apart and Benef,2291245,NA,Valencia,1,1,€ 34,2019/12/19,2019/12/20,0,"7,8",90
Habitación Céntrica en Casa de Familia,4289877,NA,Valencia,1,1,€ 35,2019/12/19,2019/12/20,0,"7,8",90
apartamento las torres-botanico,4694090,Apartamento,Valencia,1,1,€ 76,2019/12/19,2019/12/20,0,9,90
City Garden Bed and Breakfast,2204361,NA,Valencia,1,1,€ 76,2019/12/19,2019/12/20,0,"9,4",90
Sorolla Centro,90896,NA,Valencia,1,1,€ 77,2019/12/19,2019/12/20,3,"9,1",90
OYO Pensión El Rincón,476031,NA,Valencia,1,1,€ 36,2019/12/19,2019/12/20,1,"7,6",90
Valencia City Host,1177077,NA,Valencia,1,1,€ 36,2019/12/19,2019/12/20,0,"7,8",90
Expo Hotel Valencia,91223,NA,Valencia,1,1,€ 37,2019/12/19,2019/12/20,3,"7,6",90
Citizentral Juristas,1113127,Apartamentos,Valencia,1,1,€ 77,2019/12/19,2019/12/20,0,"9,2",90
Mon Suites San Nicolas,4117225,Apartamentos,Valencia,1,1,€ 78,2019/12/19,2019/12/20,0,"9,2",90
MYR Hotel Plaza Mercado & Spa,1619029,Apartahotel,Valencia,1,1,€ 78,2019/12/19,2019/12/20,0,"9,2",90
Voyagers Inn Homestay,2682156,NA,Valencia,1,1,€ 40,2019/12/19,2019/12/20,0,"7,8",90
Plaza Redonda house.,4399973,NA,Valencia,1,1,€ 59,2019/12/19,2019/12/20,0,"7,4",90
Central Station Valencia Hostel,1647017,NA,Valencia,1,1,€ 59,2019/12/19,2019/12/20,0,"7,1",90
Atico Duplex en el Carmen,2954876,Apartamento,Valencia,1,1,NA,2019/12/19,2019/12/20,0,"8,4",90
Malvarrosa Beach Rooms,314048,NA,Valencia,1,1,€ 60,2019/12/19,2019/12/20,2,7,90
Accommodation Beach Apartments,1001766,Apartamentos,Valencia,1,1,€ 64,2019/12/19,2019/12/20,0,"7,2",90
Hostal la Barraca,350013,NA,Valencia,1,1,€ 65,2019/12/19,2019/12/20,0,"7,2",90
Almiserat,3054886,Apartamento,Valencia,1,1,€ 70,2019/12/19,2019/12/20,0,"7,1",90
Apartment Horticultor Bosch,1148669,Apartamento,Valencia,1,1,€ 70,2019/12/19,2019/12/20,0,"7,3",90
Valencia Apartments,4367788,Apartamentos,Valencia,1,1,€ 78,2019/12/19,2019/12/20,0,"7,2",90
xativa style apartment,4267044,Apartamento,Valencia,1,1,NA,2019/12/19,2019/12/20,0,"8,3",90
Suites by Eric Olsan (Peset),4726296,Apartamentos,Valencia,1,1,€ 83,2019/12/19,2019/12/20,0,"7,4",90
Valencia Apartmans El Carmen,847910,Apartamentos,Valencia,1,1,€ 87,2019/12/19,2019/12/20,0,"7,4",90
Lujoso Apartamento En El Carmen,2814452,Apartamento,Valencia,1,1,€ 88,2019/12/19,2019/12/20,0,"7,4",90
Vamos A la Playa,5030500,Apartamento,Valencia,1,1,€ 90,2019/12/19,2019/12/20,0,"7,3",90
Guest House Samuel Ros,4161855,NA,Valencia,1,1,€ 90,2019/12/19,2019/12/20,0,"7,3",90
La Casa dei Fiori,2849727,Apartamento,Valencia,1,1,€ 97,2019/12/19,2019/12/20,0,"7,1",90
Total Valencia Attics I,1714291,Apartamento,Valencia,1,1,NA,2019/12/19,2019/12/20,0,"8,1",90
Spain Host Valencia Centro- San Vicente II,2567628,Apartamento,Valencia,1,1,€ 114,2019/12/19,2019/12/20,0,"7,4",90
Kirei Apartment Vienna,4639797,Apartamento,Valencia,1,1,€ 126,2019/12/19,2019/12/20,0,"7,4",90
Kirei Apartment San Vicente,1774062,Apartamento,Valencia,1,1,€ 132,2019/12/19,2019/12/20,0,"7,3",90
Kirei Apartment En Llop,1765516,Apartamentos,Valencia,1,1,€ 137,2019/12/19,2019/12/20,0,"7,1",90
Best Valencia Beach Flat,3246772,Apartamento,Valencia,1,1,€ 192,2019/12/19,2019/12/20,0,"7,1",90
HOSTAL BED OF THE SEA,3974636,NA,Valencia,1,1,€ 200,2019/12/19,2019/12/20,0,"7,1",90
Patacona Beach Apartment,4533678,Apartamento,Valencia,1,1,NA,2019/12/19,2019/12/20,0,"8,3",90
MD Puerto Rico Apartment Ruzafa,3737151,Apartamento,Valencia,1,1,€ 289,2019/12/19,2019/12/20,0,"7,4",90
Select Home Catedral,440778,Apartamentos,Valencia,1,1,€ 340,2019/12/19,2019/12/20,0,"7,1",90
MD Villalonga Malvarosa Beach,3739661,Apartamento,Valencia,1,1,€ 430,2019/12/19,2019/12/20,0,"7,1",90
Apartments Calle Padre Damian,4523326,Apartamentos,Valencia,1,1,€ 530,2019/12/19,2019/12/20,0,"7,2",90
Habitación Despuig,4901343,NA,Valencia,1,1,€ 28,2019/12/19,2019/12/20,0,"6,8",90
Habitación con cama doble,4794909,NA,Valencia,1,1,€ 32,2019/12/19,2019/12/20,0,"6,7",90
Singular Apartments Candela III,1119969,Apartamentos,Valencia,1,1,NA,2019/12/19,2019/12/20,0,"8,4",90
Ruzafa Rooms,2891693,NA,Valencia,1,1,€ 45,2019/12/19,2019/12/20,0,"6,9",90
PISO ACOGEDOR,4995780,NA,Valencia,1,1,€ 50,2019/12/19,2019/12/20,0,"6,9",90
Guest House Lebon,3124256,NA,Valencia,1,1,€ 60,2019/12/19,2019/12/20,0,"6,9",90
Geography and Arts.,3569110,NA,Valencia,1,1,€ 60,2019/12/19,2019/12/20,0,"6,9",90
Kirei Apartment Na Jordana,1702092,Apartamentos,Valencia,1,1,€ 101,2019/12/19,2019/12/20,0,"6,9",90
Hotel San Lorenzo Boutique,1307718,NA,Valencia,1,1,€ 77,2019/12/19,2019/12/20,3,"8,6",90
Barceló Valencia,91988,NA,Valencia,1,1,€ 77,2019/12/19,2019/12/20,4,"8,7",90
Apartments Catedral,309686,Apartamentos,Valencia,1,1,NA,2019/12/19,2019/12/20,0,"8,8",90
Casita Esmeralda,2040126,Casa o chalet,Valencia,1,1,€ 114,2019/12/19,2019/12/20,0,"6,5",90
Apartamentos FV Flats Valencia - Mestalla III,1513703,Apartamentos,Valencia,1,1,NA,2019/12/19,2019/12/20,0,"8,4",90
Miresa flats,5300418,Apartamento,Valencia,1,1,€ 125,2019/12/19,2019/12/20,0,"6,6",90
Carrer del Bisbe Jaume Pérez,4900140,NA,Valencia,1,1,€ 60,2019/12/19,2019/12/20,0,6,90
Catalonia Excelsior,90578,NA,Valencia,1,1,€ 80,2019/12/19,2019/12/20,3,"8,7",90
Apartments Madrina,3278589,Apartamentos,Valencia,1,1,€ 80,2019/12/19,2019/12/20,0,"8,9",90
Suites by Eric Olsan (Florista),4726450,Apartamentos,Valencia,1,1,€ 82,2019/12/19,2019/12/20,0,"8,6",90
Guest House Higinio Noja,2845935,NA,Valencia,1,1,€ 60,2019/12/19,2019/12/20,0,6,90
Kirei Apartment San Agustin,1712323,Apartamentos,Valencia,1,1,€ 137,2019/12/19,2019/12/20,0,"6,1",90
Kirei Apartment Denver,4585191,Apartamento,Valencia,1,1,€ 161,2019/12/19,2019/12/20,0,"6,2",90
Ad Hoc Monumental,90719,NA,Valencia,1,1,€ 82,2019/12/19,2019/12/20,3,"8,6",90
One Shot Palacio Reina Victoria 04,90885,NA,Valencia,1,1,€ 84,2019/12/19,2019/12/20,4,"8,6",90
Burjassot Mestalla,3058627,Apartamento,Valencia,1,1,€ 85,2019/12/19,2019/12/20,0,"8,6",90
Apartments Trinitarios,364825,Apartamentos,Valencia,1,1,NA,2019/12/19,2019/12/20,0,"8,9",90
Gon & Diego House,4899561,NA,Valencia,1,1,€ 40,2019/12/19,2019/12/20,0,"5,6",90
Oliver,4865093,NA,Valencia,1,1,€ 63,2019/12/19,2019/12/20,0,"5,8",90
Kirei Apartment Berlin,4504570,Apartamentos,Valencia,1,1,€ 103,2019/12/19,2019/12/20,0,"5,5",90
Kirei Apartment Portland,4276529,Apartamentos,Valencia,1,1,€ 200,2019/12/19,2019/12/20,0,"5,9",90
Port of Valencia,3805735,Apartamento,Valencia,1,1,€ 79,2019/12/19,2019/12/20,0,5,90
SH Ingles Boutique Hotel,92956,NA,Valencia,1,1,€ 88,2019/12/19,2019/12/20,4,"8,5",90
Hotel Dimar,90886,NA,Valencia,1,1,€ 90,2019/12/19,2019/12/20,4,"8,7",90
Perla Apartments,3146781,Apartamentos,Valencia,1,1,€ 90,2019/12/19,2019/12/20,0,"8,7",90
Malvarosa,3820590,Apartamento,Valencia,1,1,€ 190,2019/12/19,2019/12/20,0,"4,1",90
Bright room with trundle bed,5560260,NA,Valencia,1,1,€ 46,2019/12/19,2019/12/20,0,,90
Habitación privada con baño privado a 300 metros de la playa.,5587588,NA,Valencia,1,1,€ 49,2019/12/19,2019/12/20,0,,90
Lindala,5250762,NA,Valencia,1,1,€ 49,2019/12/19,2019/12/20,0,,90
SKY TOURISTIC ATTIC,281640,Apartamentos,Valencia,1,1,€ 90,2019/12/19,2019/12/20,0,"8,5",90
Casa de Maria,2467712,Apartamento,Valencia,1,1,€ 90,2019/12/19,2019/12/20,0,"8,6",90
Biopark View Apartment,2381901,Apartamento,Valencia,1,1,€ 94,2019/12/19,2019/12/20,0,"8,9",90
Apartamentos City Beach Valencia,371275,Apartamentos,Valencia,1,1,NA,2019/12/19,2019/12/20,0,"8,7",90
Valencian Apartment,2298621,Apartamento,Valencia,1,1,€ 94,2019/12/19,2019/12/20,0,"8,9",90
Aventura Valencia 2,5604325,NA,Valencia,1,1,€ 50,2019/12/19,2019/12/20,0,,90
vosotros sereis parte de mi familia.,5299568,NA,Valencia,1,1,€ 60,2019/12/19,2019/12/20,0,,90
Hogar Dulce Hogar,5426607,NA,Valencia,1,1,€ 60,2019/12/19,2019/12/20,0,,90
Ilunion Aqua 4,92777,NA,Valencia,1,1,€ 94,2019/12/19,2019/12/20,4,"8,5",90
AC Hotel Colon Valencia,1117150,NA,Valencia,1,1,€ 97,2019/12/19,2019/12/20,4,"8,7",90
Rooms El Picolino,5326859,NA,Valencia,1,1,€ 60,2019/12/19,2019/12/20,0,,90
Melia Valencia,290493,NA,Valencia,1,1,€ 98,2019/12/19,2019/12/20,4,"8,8",90
Homestay Carrer Sagun,5006434,NA,Valencia,1,1,€ 98,2019/12/19,2019/12/20,0,"8,6",90
Melia Plaza Valencia,13270,NA,Valencia,1,1,€ 99,2019/12/19,2019/12/20,4,"8,9",90
Flats Friends Soho Suites,1819642,Apartamentos,Valencia,1,1,NA,2019/12/19,2019/12/20,0,"8,6",90
APARTAMENTO LAS MELLIZAS,4651578,NA,Valencia,1,1,€ 50,2019/12/19,2019/12/20,0,"8,5",90
Apartments Plaza Ayuntamiento,3506736,Apartamento,Valencia,1,1,€ 100,2019/12/19,2019/12/20,0,"8,6",90
New Trendy apartment,2426154,Apartamento,Valencia,1,1,€ 100,2019/12/19,2019/12/20,0,"8,7",90
Apartamento en Valencia,2549783,Apartamento,Valencia,1,1,€ 100,2019/12/19,2019/12/20,0,"8,7",90
Isabel,4442066,Apartamento,Valencia,1,1,€ 104,2019/12/19,2019/12/20,0,"8,6",90
Vincci Palace,94163,NA,Valencia,1,1,€ 106,2019/12/19,2019/12/20,4,"8,6",90
Apartaments San Pio V,2456151,Apartamento,Valencia,1,1,NA,2019/12/19,2019/12/20,0,"8,8",90
Hotel Neptuno,91206,NA,Valencia,1,1,€ 108,2019/12/19,2019/12/20,4,"8,5",90
Tranquilo Apartamento En Plaza Cisneros,3127388,Apartamento,Valencia,1,1,€ 111,2019/12/19,2019/12/20,0,"8,8",90
SH Valencia Palace,91497,NA,Valencia,1,1,€ 112,2019/12/19,2019/12/20,5,"8,5",90
Vincci Lys,91183,NA,Valencia,1,1,€ 114,2019/12/19,2019/12/20,4,"8,9",90
El Palacete Gran Via,3483148,NA,Valencia,1,1,€ 115,2019/12/19,2019/12/20,0,"8,9",90
Loft by the Beach,4441671,Apartamento,Valencia,1,1,€ 115,2019/12/19,2019/12/20,0,"8,5",90
Total Valencia Elegance,493941,Apartamentos,Valencia,1,1,NA,2019/12/19,2019/12/20,0,"8,7",90
Plaza de la Virgen,3167342,Apartamento,Valencia,1,1,€ 115,2019/12/19,2019/12/20,0,"8,8",90
Friendly Rentals Ravel I,1634234,Apartamento,Valencia,1,1,€ 115,2019/12/19,2019/12/20,0,"8,8",90
Friendly Rentals Brade,1918694,Apartamento,Valencia,1,1,€ 115,2019/12/19,2019/12/20,0,"8,8",90
Friendly Rentals Casals,1769176,Apartamento,Valencia,1,1,€ 125,2019/12/19,2019/12/20,0,"8,7",90
Hospes Palau de La Mar,93823,NA,Valencia,1,1,€ 128,2019/12/19,2019/12/20,5,"8,8",90
Friendly Rentals Schubert,1634221,Apartamentos,Valencia,1,1,€ 130,2019/12/19,2019/12/20,0,"8,9",90
Precioso Apartamento En Pleno Centro Con Wifi,3023494,Apartamento,Valencia,1,1,€ 130,2019/12/19,2019/12/20,0,"8,8",90
Apartamentos Valencia - Brazil 31 Free WiFi,4948554,Apartamento,Valencia,1,1,€ 130,2019/12/19,2019/12/20,0,"8,8",90
Friendly Rentals Gala,1634252,Apartamento,Valencia,1,1,€ 135,2019/12/19,2019/12/20,0,"8,8",90
Friendly Rentals Soler,1634237,Apartamento,Valencia,1,1,€ 135,2019/12/19,2019/12/20,0,"8,7",90
Apartamento Gran Vía Marqués del Turia,2358973,Apartamento,Valencia,1,1,€ 139,2019/12/19,2019/12/20,0,"8,5",90
Friendly Rentals Strauss,1634236,Apartamento,Valencia,1,1,€ 145,2019/12/19,2019/12/20,0,"8,7",90
FREE WI-FI. Apartamentos 90 м2 - Assutzena 5,4828764,Apartamento,Valencia,1,1,€ 148,2019/12/19,2019/12/20,0,"8,7",90
Apartamento LUXURY CENTRO HISTORICO,3664772,Apartamento,Valencia,1,1,€ 149,2019/12/19,2019/12/20,0,"8,7",90
Apartamento Sofia,2552406,Apartamento,Valencia,1,1,€ 150,2019/12/19,2019/12/20,0,"8,6",90
ValentiaApartments - MercadoCentral,4185241,Apartamentos,Valencia,1,1,€ 153,2019/12/19,2019/12/20,0,"8,8",90
Friendly Rentals Ferrero,2314984,Apartamento,Valencia,1,1,€ 155,2019/12/19,2019/12/20,0,"8,8",90
Friendly Rentals Desplat,4120221,Apartamento,Valencia,1,1,€ 155,2019/12/19,2019/12/20,0,"8,5",90
