name,propertyId,propertyType,city,rooms,days,price,checkIn,checkOut,stars,score,advance
Nest Style Valencia -Nueva apertura-,5219046,NA,Valencia,1,1,€ 84,2019/09/23,2019/09/24,3,"9,6",14
Valencian Dreams,3268804,Apartamento,Valencia,1,1,€ 84,2019/09/23,2019/09/24,0,"9,8",14
VALENCIA APARTAMENTO GOYA,4256653,Apartamento,Valencia,1,1,NA,2019/09/23,2019/09/24,0,10,14
Opera House Valencia B&B,3533887,NA,Valencia,1,1,€ 88,2019/09/23,2019/09/24,0,"9,5",14
Valencian Dreams Lonja,4757385,Apartamento,Valencia,1,1,€ 96,2019/09/23,2019/09/24,0,"9,7",14
Bubuflats Bubu 3,1014334,Apartamento,Valencia,1,1,€ 110,2019/09/23,2019/09/24,0,"9,6",14
Casa La Buhardilla,2985364,Apartamento,Valencia,1,1,€ 115,2019/09/23,2019/09/24,0,"9,6",14
Ramirez Flats & Bar,4124528,Apartahotel,Valencia,1,1,€ 117,2019/09/23,2019/09/24,0,"9,5",14
Ciudad Ciencias- Lujo- Parking- Wi-Fi.,4999636,Apartamento,Valencia,1,1,€ 130,2019/09/23,2019/09/24,0,"9,8",14
Central Park Apartment Valencia,3881533,Apartamento,Valencia,1,1,NA,2019/09/23,2019/09/24,0,"9,6",14
Barracart Apartments,2125836,Apartamentos,Valencia,1,1,€ 131,2019/09/23,2019/09/24,0,"9,6",14
Valencia Just in the Middle,2965508,Apartamento,Valencia,1,1,€ 135,2019/09/23,2019/09/24,0,"9,9",14
Duplex+Swimming pool+private entrance=Housen of LOVE,2999152,Apartamento,Valencia,1,1,€ 135,2019/09/23,2019/09/24,0,"9,5",14
Disfruta - Enjoy Valencia Ayuntamiento,4901194,Apartamento,Valencia,1,1,€ 149,2019/09/23,2019/09/24,0,"9,6",14
Disfruta - Enjoy Valencia Oceanografic,4121345,Apartamento,Valencia,1,1,€ 149,2019/09/23,2019/09/24,0,"9,6",14
Disfruta - Enjoy Valencia Ruzafa,3890328,Apartamento,Valencia,1,1,€ 149,2019/09/23,2019/09/24,0,"9,7",14
Apartamento Frederick “Centrico y con Clase”,4236394,Apartamento,Valencia,1,1,NA,2019/09/23,2019/09/24,0,"9,7",14
Disfruta - Enjoy Valencia Centre,3881970,Apartamento,Valencia,1,1,€ 169,2019/09/23,2019/09/24,0,"9,8",14
Flatsforyou Ruzafa,3342696,Apartamentos,Valencia,1,1,€ 130,2019/09/23,2019/09/24,0,"8,8",14
City of Arts,3031480,Apartamento,Valencia,1,1,€ 130,2019/09/23,2019/09/24,0,"8,7",14
Casa Cabañal,2436758,Casa o chalet,Valencia,1,1,NA,2019/09/23,2019/09/24,0,9,14
Friendly Rentals Soler,1634237,Apartamento,Valencia,1,1,€ 130,2019/09/23,2019/09/24,0,"8,6",14
MD Vila Barbera Apartment Center,1957253,Apartamento,Valencia,1,1,€ 388,2019/09/23,2019/09/24,0,"8,3",14
Apart and Benef,2291245,NA,Valencia,1,1,€ 34,2019/09/23,2019/09/24,0,"7,8",14
Studios Las Arenas,444155,Apartamentos,Valencia,1,1,NA,2019/09/23,2019/09/24,0,9,14
Adrian's House,2271869,NA,Valencia,1,1,€ 35,2019/09/23,2019/09/24,0,"7,8",14
Habitación Céntrica en Casa de Familia,4289877,NA,Valencia,1,1,€ 35,2019/09/23,2019/09/24,0,"7,8",14
UP Hostel Valencia,1710137,NA,Valencia,1,1,€ 36,2019/09/23,2019/09/24,0,"7,8",14
Pensión Universal,304276,NA,Valencia,1,1,€ 38,2019/09/23,2019/09/24,0,"7,9",14
Hotel Kramer,91106,NA,Valencia,1,1,€ 131,2019/09/23,2019/09/24,3,"8,8",14
Ilunion Aqua 4,92777,NA,Valencia,1,1,€ 131,2019/09/23,2019/09/24,4,"8,5",14
Welcome Platanos 13 Valencia Beautiful apartments with terrace,5095795,Apartamento,Valencia,1,1,€ 134,2019/09/23,2019/09/24,0,"8,5",14
FREE WI-FI. Apartamentos 90 м2 - Assutzena 5,4828764,Apartamento,Valencia,1,1,€ 136,2019/09/23,2019/09/24,0,"8,7",14
El Palacete Gran Via,3483148,NA,Valencia,1,1,€ 137,2019/09/23,2019/09/24,0,"8,9",14
Valencia City Center New Apartments,1042326,Apartamentos,Valencia,1,1,NA,2019/09/23,2019/09/24,0,9,14
Habitación San Cayetano,4624401,NA,Valencia,1,1,€ 40,2019/09/23,2019/09/24,0,"7,7",14
Hotel Beleret,94652,NA,Valencia,1,1,€ 42,2019/09/23,2019/09/24,3,"7,6",14
Casas Benlliure,3274635,Apartamentos,Valencia,1,1,NA,2019/09/23,2019/09/24,0,"9,1",14
Lotelito,570027,NA,Valencia,1,1,€ 138,2019/09/23,2019/09/24,0,"8,9",14
Friendly Rentals Verdi 2,2523881,Apartamento,Valencia,1,1,€ 140,2019/09/23,2019/09/24,0,"8,7",14
Petit Palace Plaza de la Reina,90443,NA,Valencia,1,1,€ 143,2019/09/23,2019/09/24,3,"8,7",14
Hotel San Lorenzo Boutique,1307718,NA,Valencia,1,1,€ 144,2019/09/23,2019/09/24,3,"8,6",14
Hotel Neptuno,91206,NA,Valencia,1,1,€ 144,2019/09/23,2019/09/24,4,"8,5",14
Friendly Rentals Ferrero,2314984,Apartamento,Valencia,1,1,€ 145,2019/09/23,2019/09/24,0,"8,6",14
APARTAMENTO CENTRICO. WI-FI. PARKING,2967593,Apartamento,Valencia,1,1,NA,2019/09/23,2019/09/24,0,"9,1",14
Friendly Rentals Strauss,1634236,Apartamento,Valencia,1,1,€ 145,2019/09/23,2019/09/24,0,"8,8",14
Valencia City Host,1177077,NA,Valencia,1,1,€ 42,2019/09/23,2019/09/24,0,"7,8",14
Voyagers Inn Homestay,2682156,NA,Valencia,1,1,€ 43,2019/09/23,2019/09/24,0,"7,8",14
Casual Civilizaciones Valencia,449777,NA,Valencia,1,1,€ 46,2019/09/23,2019/09/24,0,"7,9",14
Valencia Lounge Hostel,337203,NA,Valencia,1,1,€ 49,2019/09/23,2019/09/24,0,"7,8",14
Hostal Moratin,326015,NA,Valencia,1,1,€ 52,2019/09/23,2019/09/24,1,"7,9",14
Hospederia del Pilar,327766,NA,Valencia,1,1,€ 54,2019/09/23,2019/09/24,0,"7,9",14
OCEANOGRAFIC DELUXE- PARKING- WI-FI,4095746,Apartamento,Valencia,1,1,NA,2019/09/23,2019/09/24,0,"9,2",14
Habitacion PLaza Ayuntamiento,4365340,NA,Valencia,1,1,€ 55,2019/09/23,2019/09/24,0,"7,6",14
Hostal El Cid,309465,NA,Valencia,1,1,€ 56,2019/09/23,2019/09/24,2,"7,6",14
Centro & Viaje,4215175,NA,Valencia,1,1,€ 58,2019/09/23,2019/09/24,0,"7,6",14
Apartamentos Abastos,1044426,Apartamentos,Valencia,1,1,€ 60,2019/09/23,2019/09/24,0,"7,5",14
Hostal Bisbal,235665,NA,Valencia,1,1,€ 60,2019/09/23,2019/09/24,1,"7,5",14
Habitacion por dias Centro Valencia,3977106,NA,Valencia,1,1,€ 60,2019/09/23,2019/09/24,0,"7,9",14
Pension MonaLisa Luxury Suites,3834224,NA,Valencia,1,1,€ 60,2019/09/23,2019/09/24,0,"8,2",14
Apartamentos Valencia,1007682,Apartamentos,Valencia,1,1,€ 60,2019/09/23,2019/09/24,0,"8,3",14
Casa Cabañal,2436758,Casa o chalet,Valencia,1,1,NA,2019/09/23,2019/09/24,0,9,14
Reina 12,1684198,NA,Valencia,1,1,€ 60,2019/09/23,2019/09/24,0,"8,2",14
Tryp Valencia Feria,92852,NA,Valencia,1,1,€ 63,2019/09/23,2019/09/24,4,"8,4",14
Dormavalencia Hostel Regne,291755,NA,Valencia,1,1,€ 63,2019/09/23,2019/09/24,1,8,14
Aparthotel Valencia Rental,17344,Apartahotel,Valencia,1,1,€ 63,2019/09/23,2019/09/24,0,8,14
L'Otelet By Sweet,1467935,NA,Valencia,1,1,€ 64,2019/09/23,2019/09/24,0,"8,3",14
Happy Apartments Valencia – Lope de Vega,575582,Apartamentos,Valencia,1,1,€ 64,2019/09/23,2019/09/24,0,"8,1",14
Valencia City Center New Apartments,1042326,Apartamentos,Valencia,1,1,NA,2019/09/23,2019/09/24,0,9,14
Nanit Valencia Hostel,3913497,NA,Valencia,1,1,€ 69,2019/09/23,2019/09/24,0,"8,3",14
Hotel Alkazar,408511,NA,Valencia,1,1,€ 69,2019/09/23,2019/09/24,1,8,14
Apartamento Gutenberg,1327120,Apartamentos,Valencia,1,1,€ 70,2019/09/23,2019/09/24,0,"8,1",14
Dreams Rental Plaza Redonda,1665625,Apartamentos,Valencia,1,1,€ 75,2019/09/23,2019/09/24,0,"8,2",14
United Colors of Apartments - Catedral,1301545,Apartamentos,Valencia,1,1,€ 79,2019/09/23,2019/09/24,0,"8,2",14
Down Town,1656378,Apartamentos,Valencia,1,1,€ 80,2019/09/23,2019/09/24,0,"8,3",14
APARTAMENTO CENTRICO. WI-FI. PARKING,2967593,Apartamento,Valencia,1,1,NA,2019/09/23,2019/09/24,0,"9,1",14
Holiday Inn Express Ciudad de las Ciencias,96737,NA,Valencia,1,1,€ 80,2019/09/23,2019/09/24,3,8,14
Eurostars Rey Don Jaime,91520,NA,Valencia,1,1,€ 80,2019/09/23,2019/09/24,4,"8,2",14
Valenciaflats Torres de Serrano,17468,Apartamentos,Valencia,1,1,€ 82,2019/09/23,2019/09/24,0,"8,3",14
Dormavalencia Hostel,249585,NA,Valencia,1,1,€ 82,2019/09/23,2019/09/24,1,"8,2",14
SHF Flats Baron,1033085,Apartamentos,Valencia,1,1,€ 82,2019/09/23,2019/09/24,0,8,14
NH Valencia Las Ciencias,90725,NA,Valencia,1,1,€ 85,2019/09/23,2019/09/24,3,8,14
MD Oliag I Apartment Ruzafa,2867488,Apartamento,Valencia,1,1,€ 373,2019/09/23,2019/09/24,0,"7,7",14
feliz como en casa,3676196,NA,Valencia,1,1,€ 36,2019/09/23,2019/09/24,0,"7,1",14
Studios Las Arenas,444155,Apartamentos,Valencia,1,1,NA,2019/09/23,2019/09/24,0,9,14
Hostal Residencial RR,450746,NA,Valencia,1,1,€ 39,2019/09/23,2019/09/24,0,7,14
HOSPEDAJE PESET,4718074,NA,Valencia,1,1,€ 40,2019/09/23,2019/09/24,0,"7,2",14
La Flamenca,818359,NA,Valencia,1,1,€ 40,2019/09/23,2019/09/24,0,"7,3",14
B&B El Mercat,2203530,NA,Valencia,1,1,€ 55,2019/09/23,2019/09/24,0,"7,3",14
Plaza Redonda house.,4399973,NA,Valencia,1,1,€ 56,2019/09/23,2019/09/24,0,"7,3",14
HOSTAL BED OF THE SEA,3974636,NA,Valencia,1,1,€ 60,2019/09/23,2019/09/24,0,"7,1",14
Casas Benlliure,3274635,Apartamentos,Valencia,1,1,NA,2019/09/23,2019/09/24,0,"9,1",14
Hostal la Barraca,350013,NA,Valencia,1,1,€ 65,2019/09/23,2019/09/24,0,"7,2",14
Central Station Valencia Hostel,1647017,NA,Valencia,1,1,€ 67,2019/09/23,2019/09/24,0,"7,1",14
Avenida del Cid (Centrico),4737683,Apartamento,Valencia,1,1,€ 68,2019/09/23,2019/09/24,0,7,14
Guest House Duc de Gaeta,2275007,NA,Valencia,1,1,€ 33,2019/09/23,2019/09/24,0,5,14
RoomTuristValencia Estacion del Norte,4682632,NA,Valencia,1,1,€ 35,2019/09/23,2019/09/24,0,"5,3",14
Cosy Rooms Bolsería,371606,NA,Valencia,1,1,€ 70,2019/09/23,2019/09/24,2,"7,4",14
Cosy Rooms Embajador,369728,NA,Valencia,1,1,€ 74,2019/09/23,2019/09/24,2,"7,4",14
Centro Valencia Calle Cerrajeros,3476261,NA,Valencia,1,1,€ 75,2019/09/23,2019/09/24,0,"7,1",14
OCEANOGRAFIC DELUXE- PARKING- WI-FI,4095746,Apartamento,Valencia,1,1,NA,2019/09/23,2019/09/24,0,"9,2",14
SHF Sevilla Loft,850157,Apartamentos,Valencia,1,1,€ 79,2019/09/23,2019/09/24,0,"7,4",14
Almiserat,3054886,Apartamento,Valencia,1,1,€ 80,2019/09/23,2019/09/24,0,"7,1",14
VALENCIA APARTAMENTO GOYA GRAN TERRAZA,4660558,Apartamento,Valencia,1,1,NA,2019/09/23,2019/09/24,0,"9,6",14
Guest House Torres de Quart,2275006,NA,Valencia,1,1,€ 35,2019/09/23,2019/09/24,0,"5,3",14
Guest House Ruzafa,2324552,NA,Valencia,1,1,€ 38,2019/09/23,2019/09/24,0,"5,3",14
Malvarrosa Beach Rooms,314048,NA,Valencia,1,1,€ 82,2019/09/23,2019/09/24,2,7,14
Valencia Apartments,4367788,Apartamentos,Valencia,1,1,€ 87,2019/09/23,2019/09/24,0,"7,2",14
NWT Monserrat,3728842,Apartamentos,Valencia,1,1,€ 89,2019/09/23,2019/09/24,0,7,14
Suites by Eric Olsan (Peset),4726296,Apartamentos,Valencia,1,1,€ 98,2019/09/23,2019/09/24,0,"7,4",14
MÍ casa YOUR HOME,3328967,Apartamento,Valencia,1,1,NA,2019/09/23,2019/09/24,0,"9,2",14
Kirei Apartment San Vicente,1774062,Apartamento,Valencia,1,1,€ 98,2019/09/23,2019/09/24,0,"7,4",14
Kirei Apartment Berlin,4504570,Apartamentos,Valencia,1,1,€ 103,2019/09/23,2019/09/24,0,"5,4",14
Guesthouse Plaza de Toros,2985902,NA,Valencia,1,1,€ 33,2019/09/23,2019/09/24,0,"4,9",14
Las casitas de la playa,3177809,Apartamentos,Valencia,1,1,€ 109,2019/09/23,2019/09/24,0,"7,1",14
Kirei Apartment En Llop,1765516,Apartamentos,Valencia,1,1,€ 115,2019/09/23,2019/09/24,0,"7,1",14
RoomTuristValencia Torres de Quart,4565643,NA,Valencia,1,1,€ 35,2019/09/23,2019/09/24,0,"4,5",14
RoomTuristValencia RuzafaSumsi,4682802,NA,Valencia,1,1,€ 40,2019/09/23,2019/09/24,0,"4,6",14
Hostal Antigua Morellana,1273937,NA,Valencia,1,1,NA,2019/09/23,2019/09/24,1,"9,5",14
Port of Valencia,3805735,Apartamento,Valencia,1,1,€ 79,2019/09/23,2019/09/24,0,"4,9",14
Constitucion Guesthouse,2985942,NA,Valencia,1,1,€ 30,2019/09/23,2019/09/24,0,"3,5",14
Apartamento Islas Canarias,2304086,Apartamento,Valencia,1,1,€ 65,2019/09/23,2019/09/24,0,"3,8",14
Kirei Apartment Vienna,4639797,Apartamento,Valencia,1,1,€ 115,2019/09/23,2019/09/24,0,"7,4",14
Apartamento para 10 personas,5029963,Apartamento,Valencia,1,1,€ 150,2019/09/23,2019/09/24,0,"7,3",14
Rio Turia B&B,5531073,NA,Valencia,1,1,€ 38,2019/09/23,2019/09/24,0,,14
Aventura,5567318,Apartamentos,Valencia,1,1,€ 40,2019/09/23,2019/09/24,0,,14
Florista's Rooms en Valencia,5502152,NA,Valencia,1,1,€ 40,2019/09/23,2019/09/24,0,,14
TTdSSa VLC: Plaza Cisneros- 2- 5 pax 3 Bedrooms,4069293,Apartamento,Valencia,1,1,NA,2019/09/23,2019/09/24,0,"9,7",14
Attic Rooms in Botánico,5522932,NA,Valencia,1,1,€ 45,2019/09/23,2019/09/24,0,,14
Bright room with trundle bed,5560260,NA,Valencia,1,1,€ 46,2019/09/23,2019/09/24,0,,14
vosotros sereis parte de mi familia.,5299568,NA,Valencia,1,1,€ 50,2019/09/23,2019/09/24,0,,14
Apartamento con compartir,5366858,NA,Valencia,1,1,€ 55,2019/09/23,2019/09/24,0,,14
Hogar Dulce Hogar,5426607,NA,Valencia,1,1,€ 60,2019/09/23,2019/09/24,0,,14
Valencia_PatraiX,5450613,NA,Valencia,1,1,€ 65,2019/09/23,2019/09/24,0,,14
Loft in ehemaligem Fischer Haus,2952760,Apartamento,Valencia,1,1,NA,2019/09/23,2019/09/24,0,"9,5",14
Mi casa es vuestra casa,4967097,NA,Valencia,1,1,€ 70,2019/09/23,2019/09/24,0,,14
Habitación en Valencia,5477394,NA,Valencia,1,1,€ 72,2019/09/23,2019/09/24,0,,14
Apartments Sollana Near the Turia Park Valencia,5546417,Apartamento,Valencia,1,1,€ 83,2019/09/23,2019/09/24,0,,14
APARTAMENTO EN LA PLAYA,5503515,Apartamento,Valencia,1,1,€ 85,2019/09/23,2019/09/24,0,,14
Casa Adosada Quintero,5481770,Casa o chalet,Valencia,1,1,€ 93,2019/09/23,2019/09/24,0,,14
Kirei Apartment Dublin,4639542,Apartamento,Valencia,1,1,€ 108,2019/09/23,2019/09/24,0,,14
Moderno apartamento Joaquín Sorolla,5211323,Apartamento,Valencia,1,1,NA,2019/09/23,2019/09/24,0,"9,6",14
Apartamentos Artesa 22 Valencia,5546723,Apartamento,Valencia,1,1,€ 112,2019/09/23,2019/09/24,0,,14
casa la tranquilidad,5516825,NA,Valencia,1,1,€ 120,2019/09/23,2019/09/24,0,,14
RAVALENCIA 4,3377937,Apartamento,Valencia,1,1,€ 124,2019/09/23,2019/09/24,0,,14
Ciutat Vella Apartment,5574768,Apartamento,Valencia,1,1,€ 125,2019/09/23,2019/09/24,0,,14
CENTER-Modern 2BR- 2BA-TERRACE- WI-FI- A/C,5241769,Apartamento,Valencia,1,1,€ 133,2019/09/23,2019/09/24,0,,14
Valencia Apartamentos DEL MAR,5421626,Apartamento,Valencia,1,1,€ 137,2019/09/23,2019/09/24,0,,14
United Colors of Apartments Boutique Style,5372347,Apartamentos,Valencia,1,1,NA,2019/09/23,2019/09/24,0,"9,9",14
CASA MARQUES DE CARO,4472176,Apartamento,Valencia,1,1,€ 139,2019/09/23,2019/09/24,0,,14
Valencia Puerto Beach 3BD Apartment,5249773,Apartamento,Valencia,1,1,€ 173,2019/09/23,2019/09/24,0,,14
"Flat ""Ca Alexandre""",3687859,Apartamento,Valencia,1,1,€ 200,2019/09/23,2019/09/24,0,,14
Governor Residence,3799760,Apartahotel,Valencia,1,1,€ 600,2019/09/23,2019/09/24,0,,14
Gulet Why Not,5199364,NA,Valencia,1,1,€ 3.600,2019/09/23,2019/09/24,0,,14
Apartamento Ruzafa Centro I,2006333,Apartamento,Valencia,1,1,€ 119,2019/09/23,2019/09/24,0,"9,2",14
Casa Cosy,375456,Apartamentos,Valencia,1,1,€ 120,2019/09/23,2019/09/24,0,"9,4",14
RUZAFA- CENTRO-A/C- WI-FI- PARKING,2885994,Apartamento,Valencia,1,1,NA,2019/09/23,2019/09/24,0,"9,7",14
Friendly Rentals Schubert,1634221,Apartamentos,Valencia,1,1,€ 120,2019/09/23,2019/09/24,0,9,14
Apartamentos Wallace,1698355,Apartamentos,Valencia,1,1,€ 120,2019/09/23,2019/09/24,0,"9,2",14
Hostal Venecia,92883,NA,Valencia,1,1,€ 121,2019/09/23,2019/09/24,2,"9,1",14
Apartments Welcome to Valencia Peset Aleixandre 69,4964856,Apartamento,Valencia,1,1,€ 124,2019/09/23,2019/09/24,0,"9,1",14
Valenciaflats Centro Ciudad,18544,Apartamentos,Valencia,1,1,€ 124,2019/09/23,2019/09/24,0,"9,2",14
MD Design Hotel - Portal del Real,2391685,NA,Valencia,1,1,€ 128,2019/09/23,2019/09/24,2,"9,1",14
Ambrosio Flats Valencia - El Mercat,3131649,Apartamento,Valencia,1,1,NA,2019/09/23,2019/09/24,0,"9,5",14
Center City Flats,861452,Apartamentos,Valencia,1,1,€ 128,2019/09/23,2019/09/24,0,"9,1",14
Mon Suites San Nicolas,4117225,Apartamentos,Valencia,1,1,€ 129,2019/09/23,2019/09/24,0,"9,2",14
Hi Valencia Apartments - Jorge Juan,2373701,Apartamento,Valencia,1,1,€ 129,2019/09/23,2019/09/24,0,"9,4",14
Kasa Katia Eco Guest House,636256,NA,Valencia,1,1,€ 130,2019/09/23,2019/09/24,0,"9,4",14
Soho Valencia,1538641,Apartahotel,Valencia,1,1,€ 134,2019/09/23,2019/09/24,0,9,14
Piso céntrico Plaza Toros,2961063,Apartamento,Valencia,1,1,€ 135,2019/09/23,2019/09/24,0,"9,3",14
La seda stay,3335523,Apartamento,Valencia,1,1,NA,2019/09/23,2019/09/24,0,"9,7",14
Loft zona Pechina en Valencia centro,2524985,Apartamento,Valencia,1,1,€ 138,2019/09/23,2019/09/24,0,"9,2",14
Friendly Rentals Boyvin,1923141,Apartamento,Valencia,1,1,€ 140,2019/09/23,2019/09/24,0,"9,3",14
Brisa Mare Nostrum,2855311,Apartamento,Valencia,1,1,€ 140,2019/09/23,2019/09/24,0,"9,3",14
Mediterranean Flats Plaza Redonda,4086496,Apartamentos,Valencia,1,1,€ 145,2019/09/23,2019/09/24,0,"9,3",14
The Flow House,4762375,Apartamentos,Valencia,1,1,€ 146,2019/09/23,2019/09/24,0,"9,4",14
Sweet Caroline Apartment,1811784,Apartamento,Valencia,1,1,€ 150,2019/09/23,2019/09/24,0,"9,2",14
Travel Habitat Ático Ciutat Vella.,3264750,Apartamento,Valencia,1,1,NA,2019/09/23,2019/09/24,0,"9,5",14
B BEACH VALENCIA,5125954,Apartamento,Valencia,1,1,€ 150,2019/09/23,2019/09/24,0,9,14
Hotel Boutique Balandret,1281710,NA,Valencia,1,1,€ 152,2019/09/23,2019/09/24,3,"9,2",14
Moon Valencia,3560698,Apartamentos,Valencia,1,1,€ 61,2019/09/23,2019/09/24,0,"8,9",14
Apartamentos Plaza Picasso,97063,Apartamentos,Valencia,1,1,€ 62,2019/09/23,2019/09/24,0,"8,5",14
Cool Loft Malvarrosa Beach,4309218,Apartamento,Valencia,1,1,NA,2019/09/23,2019/09/24,0,"9,6",14
Apartaments San Pio V,2456151,Apartamento,Valencia,1,1,€ 65,2019/09/23,2019/09/24,0,"8,8",14
Hulot B&B Valencia,585429,NA,Valencia,1,1,€ 68,2019/09/23,2019/09/24,0,"8,5",14
Apartamentos La más Bonita,2816245,Apartamentos,Valencia,1,1,€ 158,2019/09/23,2019/09/24,0,"9,1",14
MYR Hotel Plaza Mercado & Spa,1619029,Apartahotel,Valencia,1,1,€ 159,2019/09/23,2019/09/24,0,"9,2",14
Edificio Pentagono,4673669,Apartamento,Valencia,1,1,€ 160,2019/09/23,2019/09/24,0,"9,1",14
Apartamentos Edificio Palomar,189277,Apartamentos,Valencia,1,1,€ 169,2019/09/23,2019/09/24,0,"9,2",14
Valencia what else...,2550483,Apartamento,Valencia,1,1,NA,2019/09/23,2019/09/24,0,"9,5",14
Carrer de l'Escriptor Rafael Ferreres,4267645,Apartamento,Valencia,1,1,€ 70,2019/09/23,2019/09/24,0,"8,6",14
Balcón Al Mar,295109,NA,Valencia,1,1,€ 71,2019/09/23,2019/09/24,0,"8,5",14
Pio XII Apartments Valencia,402080,Apartamentos,Valencia,1,1,€ 72,2019/09/23,2019/09/24,0,"8,5",14
Live in Chianti Apartaments,2882632,Apartamentos,Valencia,1,1,€ 169,2019/09/23,2019/09/24,0,"9,1",14
Jardines del Turia - Espacioso apartamento,2734126,Apartamento,Valencia,1,1,€ 170,2019/09/23,2019/09/24,0,"9,1",14
NH Collection Colón Valencia,3828811,NA,Valencia,1,1,€ 176,2019/09/23,2019/09/24,4,"9,2",14
Zerka Sendra,4657122,Apartamento,Valencia,1,1,€ 179,2019/09/23,2019/09/24,0,9,14
Citizentral Juristas,1113127,Apartamentos,Valencia,1,1,€ 200,2019/09/23,2019/09/24,0,"9,2",14
ABCyou Bed&Breakfast,189207,NA,Valencia,1,1,€ 73,2019/09/23,2019/09/24,0,"8,5",14
Luxury Beach House,3602594,Casa o chalet,Valencia,1,1,NA,2019/09/23,2019/09/24,0,"9,7",14
Luz de Valencia,2076095,Apartamentos,Valencia,1,1,€ 74,2019/09/23,2019/09/24,0,"8,8",14
Buho House,3777691,Apartahotel,Valencia,1,1,€ 74,2019/09/23,2019/09/24,0,"8,5",14
Habitación doble,3599930,NA,Valencia,1,1,€ 76,2019/09/23,2019/09/24,0,"8,9",14
Loft Superior el Carmen,2784473,Apartamento,Valencia,1,1,€ 209,2019/09/23,2019/09/24,0,"9,2",14
Apartamento Bolseria 28,881275,Apartamentos,Valencia,1,1,NA,2019/09/23,2019/09/24,0,"9,5",14
Palacio de Rojas,1073276,Apartamentos,Valencia,1,1,€ 209,2019/09/23,2019/09/24,0,"9,3",14
Arena's Apartament,2156905,Apartamento,Valencia,1,1,€ 225,2019/09/23,2019/09/24,0,"9,1",14
Zalamera BnB,1331238,NA,Valencia,1,1,€ 78,2019/09/23,2019/09/24,0,"8,7",14
Balandra Flat,2032624,Apartamento,Valencia,1,1,€ 79,2019/09/23,2019/09/24,0,"8,7",14
Casual del Cine Valencia,572187,NA,Valencia,1,1,€ 79,2019/09/23,2019/09/24,2,"8,6",14
Apartamento Forn dels Apòstols,3122008,Apartamento,Valencia,1,1,NA,2019/09/23,2019/09/24,0,"9,6",14
Ca Carmela,2466364,Casa o chalet,Valencia,1,1,€ 225,2019/09/23,2019/09/24,0,9,14
MARQUÉS HOUSE 4* SUP,2118880,NA,Valencia,1,1,€ 229,2019/09/23,2019/09/24,4,"9,4",14
Las Arenas Balneario Resort,91144,NA,Valencia,1,1,€ 230,2019/09/23,2019/09/24,5,9,14
Apartamento Jesus De Medinaceli,1728697,Apartamento,Valencia,1,1,€ 80,2019/09/23,2019/09/24,0,"8,5",14
Burjassot Mestalla,3058627,Apartamento,Valencia,1,1,€ 80,2019/09/23,2019/09/24,0,"8,6",14
Casa del Patriarca,364834,NA,Valencia,1,1,€ 81,2019/09/23,2019/09/24,0,"8,9",14
Boutique Creative Rooms,2334726,NA,Valencia,1,1,€ 87,2019/09/23,2019/09/24,0,"8,7",14
Cozy apartment in Valencia center,3402135,Apartamentos,Valencia,1,1,€ 231,2019/09/23,2019/09/24,0,"9,2",14
Vincci Mercat,1279484,NA,Valencia,1,1,€ 253,2019/09/23,2019/09/24,4,9,14
Mon Suites San Martin,2777545,Apartamentos,Valencia,1,1,€ 295,2019/09/23,2019/09/24,0,"9,4",14
Valenciaflats Centro Histórico,94781,Apartamentos,Valencia,1,1,€ 87,2019/09/23,2019/09/24,0,"8,7",14
Petit Palomar,2187491,Apartamentos,Valencia,1,1,€ 89,2019/09/23,2019/09/24,0,"8,9",14
City Center Atico 360,3025679,Apartamento,Valencia,1,1,NA,2019/09/23,2019/09/24,0,"9,5",14
Hotel Sercotel Acteón Valencia,90495,NA,Valencia,1,1,€ 89,2019/09/23,2019/09/24,4,"8,5",14
Caro Hotel,348132,NA,Valencia,1,1,€ 305,2019/09/23,2019/09/24,5,"9,2",14
The River Hostel,494202,NA,Valencia,1,1,€ 29,2019/09/23,2019/09/24,0,"8,5",14
Pensión Alicante,298710,NA,Valencia,1,1,€ 38,2019/09/23,2019/09/24,0,"8,5",14
APARTAMENTO LAS MELLIZAS,4651578,NA,Valencia,1,1,€ 45,2019/09/23,2019/09/24,0,"8,5",14
El Coral Apartment Valencia,3606766,Apartamento,Valencia,1,1,€ 90,2019/09/23,2019/09/24,0,"8,7",14
Casual Vintage Valencia,1710241,NA,Valencia,1,1,€ 90,2019/09/23,2019/09/24,2,"8,6",14
València Centre Torres de Quart,886289,Apartamentos,Valencia,1,1,€ 91,2019/09/23,2019/09/24,0,"8,9",14
Russafa Youth Hostel,345134,NA,Valencia,1,1,€ 44,2019/09/23,2019/09/24,0,"8,6",14
Home Youth Hostel by Feetup Hostels,189322,NA,Valencia,1,1,€ 46,2019/09/23,2019/09/24,0,"8,8",14
Homestay Carrer Sagun,5006434,NA,Valencia,1,1,€ 76,2019/09/23,2019/09/24,0,"8,5",14
Hotel Malcom and Barret,483261,NA,Valencia,1,1,€ 95,2019/09/23,2019/09/24,3,"8,7",14
APARTAMENTO DE DISEÑO EN PLAZA MANISES,2823390,Apartamento,Valencia,1,1,NA,2019/09/23,2019/09/24,0,"9,7",14
Ad Hoc Carmen,1173270,NA,Valencia,1,1,€ 96,2019/09/23,2019/09/24,2,"8,9",14
Suites by Eric Olsan (Florista),4726450,Apartamentos,Valencia,1,1,€ 97,2019/09/23,2019/09/24,0,"8,7",14
Rooms Valencia Center,5507857,NA,Valencia,1,1,€ 49,2019/09/23,2019/09/24,0,"8,8",14
Quart Youth Hostel,476418,NA,Valencia,1,1,€ 53,2019/09/23,2019/09/24,0,"8,7",14
Valencia Suits You Citytel,1106307,NA,Valencia,1,1,€ 59,2019/09/23,2019/09/24,2,"8,6",14
Sercotel Sorolla Palace,93646,NA,Valencia,1,1,€ 99,2019/09/23,2019/09/24,4,"8,6",14
Rooms Ciencias,94126,NA,Valencia,1,1,€ 99,2019/09/23,2019/09/24,0,"8,9",14
Apartment City of Arts,3811530,Apartamentos,Valencia,1,1,€ 102,2019/09/23,2019/09/24,0,"8,5",14
Namaste Rooms,3799642,NA,Valencia,1,1,€ 60,2019/09/23,2019/09/24,0,"8,7",14
Blanq Carmen Hotel,97069,NA,Valencia,1,1,€ 106,2019/09/23,2019/09/24,3,"8,7",14
CÓMODAS HABITACIONES CERCA DE LA PLAYA,5041799,NA,Valencia,1,1,NA,2019/09/23,2019/09/24,0,"9,5",14
Plaza Sainetero Arniches,3984774,Apartamento,Valencia,1,1,€ 107,2019/09/23,2019/09/24,0,"8,5",14
Perla Apartments,3146781,Apartamentos,Valencia,1,1,€ 108,2019/09/23,2019/09/24,0,"8,8",14
Hola Valencia - Holiday Apartments,2818140,Apartamentos,Valencia,1,1,€ 110,2019/09/23,2019/09/24,0,"8,8",14
New Trendy apartment,2426154,Apartamento,Valencia,1,1,€ 110,2019/09/23,2019/09/24,0,"8,7",14
BUBUFLATS Mossén,1141763,Apartamentos,Valencia,1,1,€ 110,2019/09/23,2019/09/24,0,"8,9",14
Hotel Mediterraneo Valencia,92412,NA,Valencia,1,1,€ 111,2019/09/23,2019/09/24,3,"8,8",14
Stylish newly renovated in great location /WIFI,3661070,Apartamento,Valencia,1,1,€ 115,2019/09/23,2019/09/24,0,"8,6",14
SKY TOURISTIC ATTIC,281640,Apartamentos,Valencia,1,1,€ 117,2019/09/23,2019/09/24,0,"8,5",14
B&B Hi Valencia Boutique,1301725,NA,Valencia,1,1,€ 117,2019/09/23,2019/09/24,0,"8,7",14
BUBUFLATS / Mercat,783206,Apartamentos,Valencia,1,1,€ 120,2019/09/23,2019/09/24,0,"8,9",14
Apartments Plaza Ayuntamiento,3506736,Apartamento,Valencia,1,1,€ 120,2019/09/23,2019/09/24,0,"8,7",14
Petit Palace Ruzafa,90792,NA,Valencia,1,1,€ 121,2019/09/23,2019/09/24,3,"8,7",14
Biopark View Apartment,2381901,Apartamento,Valencia,1,1,€ 121,2019/09/23,2019/09/24,0,"8,9",14
Living Valencia - Patacona Beach 56,3718985,Apartamentos,Valencia,1,1,€ 122,2019/09/23,2019/09/24,0,"8,8",14
Jardín Botánico Hotel Boutique,93369,NA,Valencia,1,1,€ 123,2019/09/23,2019/09/24,3,"8,9",14
Loft by the Beach,4441671,Apartamento,Valencia,1,1,€ 125,2019/09/23,2019/09/24,0,"8,5",14
Apartamentos Valencia - Brazil 31 Free WiFi,4948554,Apartamento,Valencia,1,1,€ 127,2019/09/23,2019/09/24,0,"8,8",14
Valenciaflats Mercado Central,307677,Apartamentos,Valencia,1,1,€ 129,2019/09/23,2019/09/24,0,"8,9",14
