name,propertyId,propertyType,city,rooms,days,price,checkIn,checkOut,stars,score,advance
Alojo Patraix,2710394,Apartamento,Valencia,1,1,€ 175,2019/12/24,2019/12/25,0,"8,3",90
Musico Peydro Apartments,3765069,Apartamentos,Valencia,1,1,€ 271,2019/12/24,2019/12/25,0,8,90
Palacio de Rojas,1073276,Apartamentos,Valencia,1,1,NA,2019/12/24,2019/12/25,0,"9,3",90
Malvarrosa Calle Pavia,3608764,Casa o chalet,Valencia,1,1,€ 271,2019/12/24,2019/12/25,0,8,90
NWT Central Station Apartments,3964093,Apartamento,Valencia,1,1,€ 300,2019/12/24,2019/12/25,0,"8,2",90
ValenciaBonita House.,4862486,Casas y chalets,Valencia,1,1,€ 315,2019/12/24,2019/12/25,0,8,90
MD Vila Barbera Apartment Center,1957253,Apartamento,Valencia,1,1,€ 330,2019/12/24,2019/12/25,0,"8,3",90
UP Hostel Valencia,1710137,NA,Valencia,1,1,€ 24,2019/12/24,2019/12/25,0,"7,8",90
Habitación San Cayetano,4624401,NA,Valencia,1,1,€ 30,2019/12/24,2019/12/25,0,"7,5",90
Center Valencia,2944722,Casa o chalet,Valencia,1,1,NA,2019/12/24,2019/12/25,0,"9,3",90
Apart and Benef,2291245,NA,Valencia,1,1,€ 34,2019/12/24,2019/12/25,0,"7,8",90
Hostal On Dormire Valencia,432305,NA,Valencia,1,1,€ 35,2019/12/24,2019/12/25,0,"7,8",90
Habitación Céntrica en Casa de Familia,4289877,NA,Valencia,1,1,€ 35,2019/12/24,2019/12/25,0,"7,7",90
OYO Pensión El Rincón,476031,NA,Valencia,1,1,€ 36,2019/12/24,2019/12/25,1,"7,6",90
Valencia City Host,1177077,NA,Valencia,1,1,€ 37,2019/12/24,2019/12/25,0,"7,8",90
Valencia Lounge Hostel,337203,NA,Valencia,1,1,€ 38,2019/12/24,2019/12/25,0,"7,8",90
Piso céntrico Plaza Toros,2961063,Apartamento,Valencia,1,1,NA,2019/12/24,2019/12/25,0,"9,3",90
Voyagers Inn Homestay,2682156,NA,Valencia,1,1,€ 40,2019/12/24,2019/12/25,0,"7,8",90
Casual Civilizaciones Valencia,449777,NA,Valencia,1,1,€ 41,2019/12/24,2019/12/25,0,"7,9",90
Hotel Beleret,94652,NA,Valencia,1,1,€ 41,2019/12/24,2019/12/25,3,"7,6",90
Expo Hotel Valencia,91223,NA,Valencia,1,1,€ 43,2019/12/24,2019/12/25,3,"7,6",90
Habitaciones Barra89,1076252,NA,Valencia,1,1,€ 45,2019/12/24,2019/12/25,0,"7,8",90
Casual de la Música Valencia,273130,NA,Valencia,1,1,€ 46,2019/12/24,2019/12/25,2,"7,5",90
Apartamentos Edificio Palomar,189277,Apartamentos,Valencia,1,1,NA,2019/12/24,2019/12/25,0,"9,2",90
Cosy Rooms Tapinería,371192,NA,Valencia,1,1,€ 47,2019/12/24,2019/12/25,2,"7,5",90
Habitacion PLaza Ayuntamiento,4365340,NA,Valencia,1,1,€ 50,2019/12/24,2019/12/25,0,"7,5",90
Hostal Bisbal,235665,NA,Valencia,1,1,€ 50,2019/12/24,2019/12/25,1,"7,5",90
B&B Hotel Valencia Ciudad de las Ciencias,92242,NA,Valencia,1,1,€ 53,2019/12/24,2019/12/25,3,"7,5",90
Jero Rooms,296743,NA,Valencia,1,1,€ 53,2019/12/24,2019/12/25,0,"7,7",90
Kirei Apartment Denver,4585191,Apartamento,Valencia,1,1,€ 161,2019/12/24,2019/12/25,0,"5,9",90
Kirei Apartment Portland,4276529,Apartamentos,Valencia,1,1,€ 200,2019/12/24,2019/12/25,0,"5,9",90
APARTAMENTO CENTRICO. WI-FI. PARKING,2967593,Apartamento,Valencia,1,1,NA,2019/12/24,2019/12/25,0,"9,1",90
Habitación en valencia centro,5418023,NA,Valencia,1,1,€ 35,2019/12/24,2019/12/25,0,"8,3",90
Purple Nest Hostel,25278,NA,Valencia,1,1,€ 37,2019/12/24,2019/12/25,0,"8,2",90
APARTAMENTO CENTRICO. WI-FI. PARKING,2967593,Apartamento,Valencia,1,1,NA,2019/12/24,2019/12/25,0,"9,1",90
B&B Hi Valencia Canovas,305349,NA,Valencia,1,1,€ 38,2019/12/24,2019/12/25,0,"8,4",90
Habitacion en Valencia Barata,4861796,NA,Valencia,1,1,€ 40,2019/12/24,2019/12/25,0,"8,2",90
Hotel Villacarlos,90730,NA,Valencia,1,1,€ 41,2019/12/24,2019/12/25,3,8,90
Red Nest Hostel,92283,NA,Valencia,1,1,€ 45,2019/12/24,2019/12/25,0,"8,2",90
Sweet Hotel Continental,93856,NA,Valencia,1,1,€ 49,2019/12/24,2019/12/25,2,"8,3",90
Habitación en piso compartido,5433175,NA,Valencia,1,1,€ 50,2019/12/24,2019/12/25,0,"8,3",90
COZY APARTMENT VALENCIA BEACHFRONT!,3128516,Apartamento,Valencia,1,1,NA,2019/12/24,2019/12/25,0,"9,4",90
Holiday Inn Express Ciudad de las Ciencias,96737,NA,Valencia,1,1,€ 52,2019/12/24,2019/12/25,3,8,90
Port of Valencia,3805735,Apartamento,Valencia,1,1,€ 79,2019/12/24,2019/12/25,0,"5,1",90
Malvarosa,3820590,Apartamento,Valencia,1,1,€ 190,2019/12/24,2019/12/25,0,"4,1",90
Lindala,5250762,NA,Valencia,1,1,€ 49,2019/12/24,2019/12/25,0,,90
vosotros sereis parte de mi familia.,5299568,NA,Valencia,1,1,€ 50,2019/12/24,2019/12/25,0,,90
Hogar Dulce Hogar,5426607,NA,Valencia,1,1,€ 60,2019/12/24,2019/12/25,0,,90
Apartamento con compartir,5366858,NA,Valencia,1,1,€ 65,2019/12/24,2019/12/25,0,,90
COZY APARTMENT VALENCIA BEACHFRONT!,3128516,Apartamento,Valencia,1,1,NA,2019/12/24,2019/12/25,0,"9,4",90
Habitación en Valencia,5477394,NA,Valencia,1,1,€ 72,2019/12/24,2019/12/25,0,,90
Loft Turia Gran,5133726,Apartamento,Valencia,1,1,€ 80,2019/12/24,2019/12/25,0,,90
Hotel Cosmo,4838858,NA,Valencia,1,1,€ 81,2019/12/24,2019/12/25,3,,90
NH Valencia Las Ciencias,90725,NA,Valencia,1,1,€ 54,2019/12/24,2019/12/25,3,8,90
Como en casa,4802186,NA,Valencia,1,1,€ 54,2019/12/24,2019/12/25,0,"8,1",90
Sol Playa,12656,NA,Valencia,1,1,€ 55,2019/12/24,2019/12/25,2,"8,3",90
Senator Parque Central Hotel,274963,NA,Valencia,1,1,€ 55,2019/12/24,2019/12/25,4,"8,1",90
Pension MonaLisa Luxury Suites,3834224,NA,Valencia,1,1,€ 56,2019/12/24,2019/12/25,0,"8,2",90
Teixidors de Palomar,2639791,Apartamentos,Valencia,1,1,NA,2019/12/24,2019/12/25,0,"9,4",90
Urban Youth Hostel,1163025,NA,Valencia,1,1,€ 57,2019/12/24,2019/12/25,0,"8,4",90
Hotel Olympia Universidades,1301731,NA,Valencia,1,1,€ 57,2019/12/24,2019/12/25,3,"8,4",90
Hotel Medium Valencia,96838,NA,Valencia,1,1,€ 59,2019/12/24,2019/12/25,4,"8,2",90
Tryp Valencia Feria,92852,NA,Valencia,1,1,€ 59,2019/12/24,2019/12/25,4,"8,4",90
Sweet Hotel Renasa,274818,NA,Valencia,1,1,€ 59,2019/12/24,2019/12/25,3,8,90
El Coso,14580,NA,Valencia,1,1,€ 60,2019/12/24,2019/12/25,3,"8,2",90
Apartamento Ruzafa Centro II,3718518,Apartamento,Valencia,1,1,NA,2019/12/24,2019/12/25,0,9,90
NH Ciudad de Valencia,90729,NA,Valencia,1,1,€ 61,2019/12/24,2019/12/25,3,"8,1",90
Cabanyal Apartments Beach,5402234,Apartamento,Valencia,1,1,€ 90,2019/12/24,2019/12/25,0,,90
Carrer de l'Arquitecte Alfaro 27 bajo derecha,4353398,Apartamento,Valencia,1,1,€ 102,2019/12/24,2019/12/25,0,,90
Kirei Apartment Dublin,4639542,Apartamento,Valencia,1,1,€ 103,2019/12/24,2019/12/25,0,,90
Teixidors de Palomar,2639791,Apartamentos,Valencia,1,1,NA,2019/12/24,2019/12/25,0,"9,4",90
Comfort Homestay,5423155,NA,Valencia,1,1,€ 105,2019/12/24,2019/12/25,0,,90
CASA MARQUES DE CARO,4472176,Apartamento,Valencia,1,1,€ 121,2019/12/24,2019/12/25,0,,90
Aparthotel Valencia Rental,17344,Apartahotel,Valencia,1,1,€ 61,2019/12/24,2019/12/25,0,8,90
L'Otelet By Sweet,1467935,NA,Valencia,1,1,€ 64,2019/12/24,2019/12/25,0,"8,3",90
NH Valencia Las Artes,90731,NA,Valencia,1,1,€ 64,2019/12/24,2019/12/25,4,"8,4",90
Reina 12,1684198,NA,Valencia,1,1,€ 64,2019/12/24,2019/12/25,0,"8,3",90
The White Apartment: Luxury- Beach and Design,5631365,Apartamento,Valencia,1,1,€ 167,2019/12/24,2019/12/25,0,,90
CENTER-Modern 2BR- 2BA-TERRACE- WI-FI- A/C,5241769,Apartamento,Valencia,1,1,€ 175,2019/12/24,2019/12/25,0,,90
Patacona lujo,5636052,NA,Valencia,1,1,€ 190,2019/12/24,2019/12/25,0,,90
Apartment Carrer Ernesto Che Guevara,5598848,Apartamentos,Valencia,1,1,€ 211,2019/12/24,2019/12/25,0,,90
Apartamento Ruzafa Centro II,3718518,Apartamento,Valencia,1,1,NA,2019/12/24,2019/12/25,0,9,90
"Flat ""Ca Alexandre""",3687859,Apartamento,Valencia,1,1,€ 240,2019/12/24,2019/12/25,0,,90
Turia Guesthouse - B&B,2884427,Apartamento,Valencia,1,1,€ 265,2019/12/24,2019/12/25,0,,90
Apartment Carrer de Don Juan de Austria,5464038,Apartamentos,Valencia,1,1,€ 275,2019/12/24,2019/12/25,0,,90
Governor Residence,3799760,Apartahotel,Valencia,1,1,€ 600,2019/12/24,2019/12/25,0,,90
Apartment Carrer de Cadis,5531328,Apartamentos,Valencia,1,1,€ 891,2019/12/24,2019/12/25,0,,90
MD Abastos Center,2551194,Apartamento,Valencia,1,1,€ 289,2019/12/24,2019/12/25,0,"7,7",90
MD Oliag I Apartment Ruzafa,2867488,Apartamento,Valencia,1,1,€ 317,2019/12/24,2019/12/25,0,"7,7",90
Austria 4,1605997,Apartamentos,Valencia,1,1,NA,2019/12/24,2019/12/25,0,9,90
Apartment Plaza de la Merced,3457190,Apartamento,Valencia,1,1,€ 470,2019/12/24,2019/12/25,0,"7,9",90
Habitación con cama doble,4794909,NA,Valencia,1,1,€ 32,2019/12/24,2019/12/25,0,7,90
Hostal Waksman,281139,NA,Valencia,1,1,€ 32,2019/12/24,2019/12/25,1,"7,3",90
feliz como en casa,3676196,NA,Valencia,1,1,€ 36,2019/12/24,2019/12/25,0,"7,2",90
Zen House,3671621,NA,Valencia,1,1,€ 39,2019/12/24,2019/12/25,0,"7,1",90
La Flamenca,818359,NA,Valencia,1,1,€ 45,2019/12/24,2019/12/25,0,"7,2",90
Tramontana Apartments,1277215,Apartamentos,Valencia,1,1,NA,2019/12/24,2019/12/25,0,9,90
Cosy Rooms Embajador,369728,NA,Valencia,1,1,€ 47,2019/12/24,2019/12/25,2,"7,4",90
Cosy Rooms Bolsería,371606,NA,Valencia,1,1,€ 47,2019/12/24,2019/12/25,2,"7,4",90
B&B El Mercat,2203530,NA,Valencia,1,1,€ 50,2019/12/24,2019/12/25,0,"7,3",90
Centro Valencia Calle Cerrajeros,3476261,NA,Valencia,1,1,€ 50,2019/12/24,2019/12/25,0,"7,1",90
HOSPEDAJE PESET,4718074,NA,Valencia,1,1,€ 50,2019/12/24,2019/12/25,0,"7,2",90
Habitacion Apartamento soleado Plaza Escultor Frechina,4865043,NA,Valencia,1,1,€ 50,2019/12/24,2019/12/25,0,"7,1",90
Total Valencia White,2201908,Apartamento,Valencia,1,1,NA,2019/12/24,2019/12/25,0,"9,1",90
PISO ACOGEDOR,4995780,NA,Valencia,1,1,€ 50,2019/12/24,2019/12/25,0,"7,1",90
Malvarrosa Beach Rooms,314048,NA,Valencia,1,1,€ 55,2019/12/24,2019/12/25,2,7,90
Central Station Valencia Hostel,1647017,NA,Valencia,1,1,€ 55,2019/12/24,2019/12/25,0,"7,1",90
Plaza Redonda house.,4399973,NA,Valencia,1,1,€ 59,2019/12/24,2019/12/25,0,"7,4",90
Sampedor Apartment,435662,Apartamentos,Valencia,1,1,€ 59,2019/12/24,2019/12/25,0,7,90
Murillo Apartment,408163,Apartamento,Valencia,1,1,€ 60,2019/12/24,2019/12/25,0,7,90
Splendid house in Valencia,3091182,Apartamentos,Valencia,1,1,NA,2019/12/24,2019/12/25,0,"9,3",90
Hostal la Barraca,350013,NA,Valencia,1,1,€ 61,2019/12/24,2019/12/25,0,"7,2",90
Mi casa es vuestra casa,4967097,NA,Valencia,1,1,€ 70,2019/12/24,2019/12/25,0,"7,1",90
Coroa del Mar,1549399,Apartamentos,Valencia,1,1,€ 72,2019/12/24,2019/12/25,0,"7,1",90
Accommodation Beach Apartments,1001766,Apartamentos,Valencia,1,1,€ 79,2019/12/24,2019/12/25,0,"7,2",90
Vamos A la Playa,5030500,Apartamento,Valencia,1,1,€ 90,2019/12/24,2019/12/25,0,"7,3",90
Guest House Samuel Ros,4161855,NA,Valencia,1,1,€ 90,2019/12/24,2019/12/25,0,"7,3",90
Apartment Regne De Valencia,1533033,Apartamento,Valencia,1,1,NA,2019/12/24,2019/12/25,0,"9,4",90
Suites by Eric Olsan (Peset),4726296,Apartamentos,Valencia,1,1,€ 94,2019/12/24,2019/12/25,0,"7,4",90
Valencia Apartments,4367788,Apartamentos,Valencia,1,1,€ 96,2019/12/24,2019/12/25,0,7,90
Valencia Apartmans El Carmen,847910,Apartamentos,Valencia,1,1,€ 105,2019/12/24,2019/12/25,0,"7,3",90
Spain Host Valencia Centro- San Vicente II,2567628,Apartamento,Valencia,1,1,€ 114,2019/12/24,2019/12/25,0,"7,4",90
La Casa dei Fiori,2849727,Apartamento,Valencia,1,1,€ 132,2019/12/24,2019/12/25,0,"7,2",90
Kirei Apartment San Vicente,1774062,Apartamento,Valencia,1,1,€ 132,2019/12/24,2019/12/25,0,"7,4",90
Apartamento en la Ciudad de las Artes y las Ciencias,3552283,Apartamento,Valencia,1,1,NA,2019/12/24,2019/12/25,0,"9,4",90
Select Home Catedral,440778,Apartamentos,Valencia,1,1,€ 170,2019/12/24,2019/12/25,0,"7,1",90
Best Valencia Beach Flat,3246772,Apartamento,Valencia,1,1,€ 192,2019/12/24,2019/12/25,0,"7,1",90
Apartamento luminoso y acogedor,3489126,Apartamento,Valencia,1,1,€ 78,2019/12/24,2019/12/25,0,"9,5",90
United Colors of Apartments Boutique Style,5372347,Apartamentos,Valencia,1,1,€ 79,2019/12/24,2019/12/25,0,"9,7",90
Select Home Town Hall,1648016,Apartamentos,Valencia,1,1,€ 195,2019/12/24,2019/12/25,0,"7,4",90
HOSTAL BED OF THE SEA,3974636,NA,Valencia,1,1,€ 200,2019/12/24,2019/12/25,0,"7,1",90
MD Villalonga Malvarosa Beach,3739661,Apartamento,Valencia,1,1,€ 430,2019/12/24,2019/12/25,0,"7,1",90
Apartments Calle Padre Damian,4523326,Apartamentos,Valencia,1,1,€ 530,2019/12/24,2019/12/25,0,"7,2",90
Ruzafa Rooms,2891693,NA,Valencia,1,1,€ 60,2019/12/24,2019/12/25,0,"6,9",90
BONNIES Suites & Spa Valencia,3631910,Apartamentos,Valencia,1,1,NA,2019/12/24,2019/12/25,0,"9,8",90
Hostal Antigua Morellana,1273937,NA,Valencia,1,1,€ 80,2019/12/24,2019/12/25,1,"9,5",90
Ramirez Flats & Bar,4124528,Apartahotel,Valencia,1,1,€ 89,2019/12/24,2019/12/25,0,"9,5",90
Opera House Valencia B&B,3533887,NA,Valencia,1,1,€ 96,2019/12/24,2019/12/25,0,"9,5",90
Precioso piso junto al antiguo barrio de Campanar,3297078,Apartamento,Valencia,1,1,€ 100,2019/12/24,2019/12/25,0,"9,5",90
15 Avinguda Mare Nostrum,4518973,Apartamento,Valencia,1,1,€ 120,2019/12/24,2019/12/25,0,"9,6",90
Olympia Flats,4212801,NA,Valencia,1,1,€ 60,2019/12/24,2019/12/25,0,"9,8",90
Barracart Apartments,2125836,Apartamentos,Valencia,1,1,NA,2019/12/24,2019/12/25,0,"9,6",90
Live in Chianti Apartaments,2882632,Apartamentos,Valencia,1,1,€ 128,2019/12/24,2019/12/25,0,"9,1",90
NH Collection Colón Valencia,3828811,NA,Valencia,1,1,€ 129,2019/12/24,2019/12/25,4,"9,2",90
Central Park Apartment Valencia,3881533,Apartamento,Valencia,1,1,NA,2019/12/24,2019/12/25,0,"9,6",90
Guest House Lebon,3124256,NA,Valencia,1,1,€ 60,2019/12/24,2019/12/25,0,"6,9",90
Nest Style Valencia -Nueva apertura-,5219046,NA,Valencia,1,1,€ 123,2019/12/24,2019/12/25,3,"9,5",90
Valencian Dreams Lonja,4757385,Apartamento,Valencia,1,1,€ 158,2019/12/24,2019/12/25,0,"9,8",90
Apartamento centro,3160737,Apartamento,Valencia,1,1,€ 165,2019/12/24,2019/12/25,0,"9,7",90
Geography and Arts.,3569110,NA,Valencia,1,1,€ 60,2019/12/24,2019/12/25,0,"6,9",90
Kirei Apartment Na Jordana,1702092,Apartamentos,Valencia,1,1,€ 101,2019/12/24,2019/12/25,0,"6,9",90
Miresa flats,5300418,Apartamento,Valencia,1,1,€ 125,2019/12/24,2019/12/25,0,"6,6",90
Vincci Mercat,1279484,NA,Valencia,1,1,€ 132,2019/12/24,2019/12/25,4,9,90
MD Design Hotel - Portal del Real,2391685,NA,Valencia,1,1,€ 133,2019/12/24,2019/12/25,2,"9,1",90
Mon Suites San Martin,2777545,Apartamentos,Valencia,1,1,€ 134,2019/12/24,2019/12/25,0,"9,4",90
Casita Esmeralda,2040126,Casa o chalet,Valencia,1,1,€ 144,2019/12/24,2019/12/25,0,"6,5",90
Fun and Sun Center 2,2944416,NA,Valencia,1,1,€ 36,2019/12/24,2019/12/25,0,"6,1",90
Carrer del Bisbe Jaume Pérez,4900140,NA,Valencia,1,1,€ 60,2019/12/24,2019/12/25,0,6,90
Guest House Higinio Noja,2845935,NA,Valencia,1,1,€ 60,2019/12/24,2019/12/25,0,6,90
Las Arenas Balneario Resort,91144,NA,Valencia,1,1,€ 135,2019/12/24,2019/12/25,5,9,90
Apartamentos La más Bonita,2816245,Apartamentos,Valencia,1,1,€ 149,2019/12/24,2019/12/25,0,"9,1",90
MARQUÉS HOUSE 4* SUP,2118880,NA,Valencia,1,1,€ 169,2019/12/24,2019/12/25,4,"9,5",90
Apartment Plaza Cisneros,1273377,Apartamentos,Valencia,1,1,€ 180,2019/12/24,2019/12/25,0,"9,8",90
Ciudad Ciencias- Lujo- Parking- Wi-Fi.,4999636,Apartamento,Valencia,1,1,€ 220,2019/12/24,2019/12/25,0,"9,8",90
Apartments Downtown Valencia,2250421,Apartamentos,Valencia,1,1,NA,2019/12/24,2019/12/25,0,"9,6",90
Espai Loft Santa Mónica,4574135,Apartamento,Valencia,1,1,€ 240,2019/12/24,2019/12/25,0,"9,8",90
Gon & Diego House,4899561,NA,Valencia,1,1,€ 40,2019/12/24,2019/12/25,0,"5,6",90
Oliver,4865093,NA,Valencia,1,1,€ 63,2019/12/24,2019/12/25,0,"5,6",90
Kirei Apartment Berlin,4504570,Apartamentos,Valencia,1,1,€ 103,2019/12/24,2019/12/25,0,"5,5",90
Sweet Caroline Apartment,1811784,Apartamento,Valencia,1,1,€ 150,2019/12/24,2019/12/25,0,"9,2",90
La seda stay,3335523,Apartamento,Valencia,1,1,NA,2019/12/24,2019/12/25,0,"9,7",90
Edificio Pentagono,4673669,Apartamento,Valencia,1,1,€ 155,2019/12/24,2019/12/25,0,"9,1",90
My Loft 4 You Borgia,2009492,Apartamento,Valencia,1,1,€ 160,2019/12/24,2019/12/25,0,9,90
OCEANOGRAFIC APARTMENT. PARKING. WI-FI,3107716,Apartamentos,Valencia,1,1,€ 170,2019/12/24,2019/12/25,0,9,90
Mediterranean Flats Plaza Redonda,4086496,Apartamentos,Valencia,1,1,€ 175,2019/12/24,2019/12/25,0,"9,2",90
Zerka Sendra,4657122,Apartamento,Valencia,1,1,€ 179,2019/12/24,2019/12/25,0,9,90
MD PASEO RUZAFA CENTER,5374850,Apartamento,Valencia,1,1,€ 1.030,2019/12/24,2019/12/25,0,"9,5",90
YOU & CO. Saler Beach Boutique,4533007,NA,Valencia,1,1,€ 50,2019/12/24,2019/12/25,3,"9,1",90
Rooms Ciencias,94126,NA,Valencia,1,1,€ 53,2019/12/24,2019/12/25,0,9,90
City Center Atico 360,3025679,Apartamento,Valencia,1,1,€ 188,2019/12/24,2019/12/25,0,"9,4",90
Apartamento Forn dels Apòstols,3122008,Apartamento,Valencia,1,1,NA,2019/12/24,2019/12/25,0,"9,6",90
apartamento las torres-botanico,4694090,Apartamento,Valencia,1,1,€ 191,2019/12/24,2019/12/25,0,9,90
Habitación privada a 1500 metros de la playa,3789910,NA,Valencia,1,1,€ 60,2019/12/24,2019/12/25,0,"9,3",90
Jardín Botánico Hotel Boutique,93369,NA,Valencia,1,1,€ 68,2019/12/24,2019/12/25,3,9,90
La Casa Verde - Ruzafa,2029143,Apartamento,Valencia,1,1,NA,2019/12/24,2019/12/25,0,"9,7",90
OttoH Charm Stay,2459807,NA,Valencia,1,1,€ 69,2019/12/24,2019/12/25,0,"9,3",90
Arena's Apartament,2156905,Apartamento,Valencia,1,1,€ 200,2019/12/24,2019/12/25,0,"9,1",90
Jardines del Turia - Espacioso apartamento,2734126,Apartamento,Valencia,1,1,€ 200,2019/12/24,2019/12/25,0,"9,1",90
Caro Hotel,348132,NA,Valencia,1,1,€ 219,2019/12/24,2019/12/25,5,"9,2",90
Hostal Venecia,92883,NA,Valencia,1,1,€ 70,2019/12/24,2019/12/25,2,"9,1",90
Hotel Valencia Alameda,4019381,NA,Valencia,1,1,€ 74,2019/12/24,2019/12/25,4,"9,3",90
Original Domino House,5434091,NA,Valencia,1,1,€ 75,2019/12/24,2019/12/25,0,"9,1",90
Mon Suites San Nicolas,4117225,Apartamentos,Valencia,1,1,€ 235,2019/12/24,2019/12/25,0,"9,2",90
Ca Carmela,2466364,Casa o chalet,Valencia,1,1,€ 252,2019/12/24,2019/12/25,0,"9,1",90
Apartamento Bolseria 28,881275,Apartamentos,Valencia,1,1,NA,2019/12/24,2019/12/25,0,"9,5",90
Old Fisherman's House in Malvarrosa Beach,3618172,Apartamento,Valencia,1,1,€ 360,2019/12/24,2019/12/25,0,"9,4",90
MD Julio Antonio Apartment Center,3961049,Apartamento,Valencia,1,1,€ 527,2019/12/24,2019/12/25,0,"9,3",90
The River Hostel,494202,NA,Valencia,1,1,€ 19,2019/12/24,2019/12/25,0,"8,5",90
Home Youth Hostel by Feetup Hostels,189322,NA,Valencia,1,1,€ 45,2019/12/24,2019/12/25,0,"8,8",90
Hulot B&B Valencia,585429,NA,Valencia,1,1,€ 45,2019/12/24,2019/12/25,0,"8,5",90
Art&Flats Bed&Breakfast,5238345,NA,Valencia,1,1,€ 45,2019/12/24,2019/12/25,0,"8,9",90
Apartment Sofi,2830696,Apartamento,Valencia,1,1,NA,2019/12/24,2019/12/25,0,"9,8",90
Hotel Malcom and Barret,483261,NA,Valencia,1,1,€ 47,2019/12/24,2019/12/25,3,"8,7",90
Live in Chianti,2227491,NA,Valencia,1,1,€ 75,2019/12/24,2019/12/25,0,"9,1",90
Apartamento bianca,3205847,Apartamento,Valencia,1,1,€ 80,2019/12/24,2019/12/25,0,"9,1",90
Atico Loft Ruzafa,3152977,Apartamento,Valencia,1,1,NA,2019/12/24,2019/12/25,0,"9,7",90
Sorolla Centro,90896,NA,Valencia,1,1,€ 80,2019/12/24,2019/12/25,3,"9,1",90
Balcón Al Mar,295109,NA,Valencia,1,1,€ 51,2019/12/24,2019/12/25,0,"8,5",90
Apartamento Jesus De Medinaceli,1728697,Apartamento,Valencia,1,1,€ 80,2019/12/24,2019/12/25,0,"8,6",90
Casual Socarrat Valencia,5142800,NA,Valencia,1,1,€ 86,2019/12/24,2019/12/25,3,"9,2",90
Apartamentos Wallace,1698355,Apartamentos,Valencia,1,1,€ 87,2019/12/24,2019/12/25,0,"9,2",90
Una Ubicacion Perfecta,3114164,Apartamentos,Valencia,1,1,€ 90,2019/12/24,2019/12/25,0,"9,2",90
Mon Suites Catedral,485679,Apartamentos,Valencia,1,1,€ 93,2019/12/24,2019/12/25,0,"9,2",90
Casual Vintage Valencia,1710241,NA,Valencia,1,1,€ 81,2019/12/24,2019/12/25,2,"8,6",90
Apartamento,3139431,Apartamento,Valencia,1,1,NA,2019/12/24,2019/12/25,0,"9,5",90
Hotel Mediterraneo Valencia,92412,NA,Valencia,1,1,€ 82,2019/12/24,2019/12/25,3,"8,8",90
Calle de Frederica Montseny 'Política' Casa o chalet,5152866,Casa o chalet,Valencia,1,1,€ 95,2019/12/24,2019/12/25,0,"9,4",90
Valencia what else...,2550483,Apartamento,Valencia,1,1,NA,2019/12/24,2019/12/25,0,"9,5",90
Apartamentos El Olivo,1985143,Apartamento,Valencia,1,1,€ 96,2019/12/24,2019/12/25,0,"9,4",90
Pio XII Apartments Valencia,402080,Apartamentos,Valencia,1,1,€ 51,2019/12/24,2019/12/25,0,"8,5",90
B&B Hi Valencia Boutique,1301725,NA,Valencia,1,1,€ 51,2019/12/24,2019/12/25,0,"8,7",90
Estrella de russafa,5352439,NA,Valencia,1,1,€ 55,2019/12/24,2019/12/25,0,"8,6",90
Hotel El Siglo,1741479,NA,Valencia,1,1,€ 82,2019/12/24,2019/12/25,3,"8,5",90
SH Ingles Boutique Hotel,92956,NA,Valencia,1,1,€ 83,2019/12/24,2019/12/25,4,"8,5",90
Hotel Sercotel Acteón Valencia,90495,NA,Valencia,1,1,€ 55,2019/12/24,2019/12/25,4,"8,5",90
Casa Botànic - Céntrico y con comodidades,4218273,Apartamento,Valencia,1,1,NA,2019/12/24,2019/12/25,0,"9,8",90
Apartamentos Plaza Picasso,97063,Apartamentos,Valencia,1,1,€ 55,2019/12/24,2019/12/25,0,"8,5",90
Melia Valencia,290493,NA,Valencia,1,1,€ 84,2019/12/24,2019/12/25,4,"8,8",90
València Centre Torres de Quart,886289,Apartamentos,Valencia,1,1,€ 85,2019/12/24,2019/12/25,0,"8,9",90
Habitación doble,3599930,NA,Valencia,1,1,€ 85,2019/12/24,2019/12/25,0,"8,9",90
Cool Loft Malvarrosa Beach,4309218,Apartamento,Valencia,1,1,NA,2019/12/24,2019/12/25,0,"9,7",90
Petit Palace Ruzafa,90792,NA,Valencia,1,1,€ 56,2019/12/24,2019/12/25,3,"8,7",90
Ad Hoc Carmen,1173270,NA,Valencia,1,1,€ 60,2019/12/24,2019/12/25,2,"8,9",90
Hotel Kramer,91106,NA,Valencia,1,1,€ 61,2019/12/24,2019/12/25,3,"8,8",90
Valenciaflats Centro Histórico,94781,Apartamentos,Valencia,1,1,€ 87,2019/12/24,2019/12/25,0,"8,7",90
Soho Valencia,1538641,Apartahotel,Valencia,1,1,€ 92,2019/12/24,2019/12/25,0,"8,9",90
Suites by Eric Olsan (Florista),4726450,Apartamentos,Valencia,1,1,€ 93,2019/12/24,2019/12/25,0,"8,5",90
Melia Plaza Valencia,13270,NA,Valencia,1,1,€ 94,2019/12/24,2019/12/25,4,"8,9",90
Lotelito,570027,NA,Valencia,1,1,€ 63,2019/12/24,2019/12/25,0,"8,9",90
Buho House,3777691,Apartahotel,Valencia,1,1,€ 64,2019/12/24,2019/12/25,0,"8,5",90
Luz de Valencia,2076095,Apartamentos,Valencia,1,1,€ 69,2019/12/24,2019/12/25,0,"8,8",90
Casual del Cine Valencia,572187,NA,Valencia,1,1,€ 70,2019/12/24,2019/12/25,2,"8,6",90
Valenciaflats Centro Ciudad,18544,Apartamentos,Valencia,1,1,€ 97,2019/12/24,2019/12/25,0,"9,2",90
Valenciaflats Ciudad de las Ciencias,93676,Apartamentos,Valencia,1,1,€ 97,2019/12/24,2019/12/25,0,"9,1",90
RUZAFA. Nice apartment and Terrace.,4368595,Apartamento,Valencia,1,1,€ 99,2019/12/24,2019/12/25,0,"9,3",90
Turia Burjassot 12,3237353,Apartamento,Valencia,1,1,€ 100,2019/12/24,2019/12/25,0,9,90
Apartamento cerca de la Playa y el Centro,2620264,Apartamento,Valencia,1,1,€ 100,2019/12/24,2019/12/25,0,9,90
Citizentral Gascons,332095,Apartamentos,Valencia,1,1,€ 94,2019/12/24,2019/12/25,0,"8,8",90
Burjassot Mestalla,3058627,Apartamento,Valencia,1,1,€ 95,2019/12/24,2019/12/25,0,"8,6",90
Ayuntamiento Panoramic,3089239,Apartamento,Valencia,1,1,NA,2019/12/24,2019/12/25,0,"9,5",90
AC Hotel Colon Valencia,1117150,NA,Valencia,1,1,€ 97,2019/12/24,2019/12/25,4,"8,7",90
AC Hotel Valencia,91063,NA,Valencia,1,1,€ 70,2019/12/24,2019/12/25,4,"8,5",90
UNIK. Apartments Valencia,2241282,Apartamentos,Valencia,1,1,€ 71,2019/12/24,2019/12/25,0,"8,5",90
Hotel San Lorenzo Boutique,1307718,NA,Valencia,1,1,€ 72,2019/12/24,2019/12/25,3,"8,6",90
Blanq Carmen Hotel,97069,NA,Valencia,1,1,€ 98,2019/12/24,2019/12/25,3,"8,7",90
Homestay Carrer Sagun,5006434,NA,Valencia,1,1,€ 98,2019/12/24,2019/12/25,0,"8,7",90
Apartments Madrina,3278589,Apartamentos,Valencia,1,1,€ 100,2019/12/24,2019/12/25,0,"8,9",90
Apartamento en Valencia,2549783,Apartamento,Valencia,1,1,€ 100,2019/12/24,2019/12/25,0,"8,7",90
Ad Hoc Monumental,90719,NA,Valencia,1,1,€ 74,2019/12/24,2019/12/25,3,"8,6",90
València Centre Túria,2185255,Apartamento,Valencia,1,1,€ 75,2019/12/24,2019/12/25,0,"8,8",90
Sercotel Sorolla Palace,93646,NA,Valencia,1,1,€ 76,2019/12/24,2019/12/25,4,"8,6",90
One Shot Palacio Reina Victoria 04,90885,NA,Valencia,1,1,€ 101,2019/12/24,2019/12/25,4,"8,6",90
Colón Market Downtown,4607745,Apartamento,Valencia,1,1,NA,2019/12/24,2019/12/25,0,"9,6",90
Casa Susi - Apartamento con WIFI muy cerca del mar,4583389,Casas y chalets,Valencia,1,1,€ 105,2019/12/24,2019/12/25,0,"8,6",90
New Trendy apartment,2426154,Apartamento,Valencia,1,1,€ 105,2019/12/24,2019/12/25,0,"8,7",90
One Shot Colón 46,1394168,NA,Valencia,1,1,€ 76,2019/12/24,2019/12/25,3,"8,7",90
Barceló Valencia,91988,NA,Valencia,1,1,€ 77,2019/12/24,2019/12/25,4,"8,7",90
SH Valencia Palace,91497,NA,Valencia,1,1,€ 108,2019/12/24,2019/12/25,5,"8,5",90
Boutique Creative Rooms,2334726,NA,Valencia,1,1,€ 108,2019/12/24,2019/12/25,0,"8,7",90
Hotel Valencia Oceanic Managed by Melia Hotels International,91522,NA,Valencia,1,1,€ 79,2019/12/24,2019/12/25,4,"8,6",90
Catalonia Excelsior,90578,NA,Valencia,1,1,€ 80,2019/12/24,2019/12/25,3,"8,7",90
Citizentral Juristas,1113127,Apartamentos,Valencia,1,1,€ 103,2019/12/24,2019/12/25,0,"9,2",90
Blanq Comedias,4922002,NA,Valencia,1,1,€ 104,2019/12/24,2019/12/25,0,"9,1",90
Forn desamparats,2380447,Apartamento,Valencia,1,1,€ 105,2019/12/24,2019/12/25,0,"9,4",90
HQ Rooms Apartments San Vicente,2894429,Apartamentos,Valencia,1,1,€ 110,2019/12/24,2019/12/25,0,"9,2",90
Piso como en tu casa 2,3834617,Apartamentos,Valencia,1,1,€ 110,2019/12/24,2019/12/25,0,"9,2",90
"Piso ""Como en tu casa""",2689136,Apartamento,Valencia,1,1,€ 110,2019/12/24,2019/12/25,0,"9,2",90
Hotel Neptuno,91206,NA,Valencia,1,1,€ 108,2019/12/24,2019/12/25,4,"8,5",90
Hi Valencia Cánovas,4312120,Apartamentos,Valencia,1,1,€ 108,2019/12/24,2019/12/25,0,"8,9",90
PORT VALENCIA PLAYA,5259971,Apartamento,Valencia,1,1,NA,2019/12/24,2019/12/25,0,"9,8",90
Biopark View Apartment,2381901,Apartamento,Valencia,1,1,€ 108,2019/12/24,2019/12/25,0,"8,9",90
One Shot Mercat 09,2274203,NA,Valencia,1,1,€ 110,2019/12/24,2019/12/25,4,"9,1",90
Olvida tu Reloj Montichelvo Apartment,3258095,Apartamento,Valencia,1,1,€ 111,2019/12/24,2019/12/25,0,"9,4",90
Olvida tu Reloj Congresos Apartment,2448036,Apartamento,Valencia,1,1,€ 111,2019/12/24,2019/12/25,0,"9,2",90
MYR Hotel Plaza Mercado & Spa,1619029,Apartahotel,Valencia,1,1,€ 114,2019/12/24,2019/12/25,0,"9,2",90
5 SENSES,3786890,Apartamento,Valencia,1,1,€ 120,2019/12/24,2019/12/25,0,"9,2",90
Vincci Palace,94163,NA,Valencia,1,1,€ 114,2019/12/24,2019/12/25,4,"8,7",90
El Palacete Gran Via,3483148,NA,Valencia,1,1,€ 115,2019/12/24,2019/12/25,0,"8,8",90
Plaza de la Virgen,3167342,Apartamento,Valencia,1,1,€ 115,2019/12/24,2019/12/25,0,"8,8",90
Hotel Boutique Balandret,1281710,NA,Valencia,1,1,€ 124,2019/12/24,2019/12/25,3,"9,2",90
Valencian Apartment,2298621,Apartamento,Valencia,1,1,€ 120,2019/12/24,2019/12/25,0,"8,9",90
Precioso Apartamento En Pleno Centro Con Wifi,3023494,Apartamento,Valencia,1,1,€ 130,2019/12/24,2019/12/25,0,"8,8",90
City Valencia Beach 360,4504803,Apartamento,Valencia,1,1,NA,2019/12/24,2019/12/25,0,"9,6",90
Apartamentos Valencia - Brazil 31 Free WiFi,4948554,Apartamento,Valencia,1,1,€ 130,2019/12/24,2019/12/25,0,"8,9",90
Vincci Lys,91183,NA,Valencia,1,1,€ 130,2019/12/24,2019/12/25,4,"8,9",90
Ilunion Aqua 4,92777,NA,Valencia,1,1,€ 131,2019/12/24,2019/12/25,4,"8,5",90
Apartments Welcome to Valencia Peset Aleixandre 69,4964856,Apartamento,Valencia,1,1,€ 132,2019/12/24,2019/12/25,0,"8,9",90
Perla Apartments,3146781,Apartamentos,Valencia,1,1,€ 135,2019/12/24,2019/12/25,0,"8,8",90
Cathedral Suites Hotel,1736257,Apartahotel,Valencia,1,1,€ 139,2019/12/24,2019/12/25,4,"8,9",90
Zenit Valencia,92327,NA,Valencia,1,1,€ 144,2019/12/24,2019/12/25,4,"8,8",90
Hospes Palau de La Mar,93823,NA,Valencia,1,1,€ 153,2019/12/24,2019/12/25,5,"8,8",90
FREE WI-FI. Apartamentos 90 м2 - Assutzena 5,4828764,Apartamento,Valencia,1,1,€ 160,2019/12/24,2019/12/25,0,"8,7",90
SKY TOURISTIC ATTIC,281640,Apartamentos,Valencia,1,1,€ 162,2019/12/24,2019/12/25,0,"8,5",90
ValentiaApartments - MercadoCentral,4185241,Apartamentos,Valencia,1,1,€ 169,2019/12/24,2019/12/25,0,"8,8",90
The Westin Valencia,93321,NA,Valencia,1,1,€ 173,2019/12/24,2019/12/25,5,"8,7",90
Mar & City Apartment,3456759,Apartamento,Valencia,1,1,€ 199,2019/12/24,2019/12/25,0,"8,9",90
Exclusive Beach Apartment,4641691,Apartamento,Valencia,1,1,€ 205,2019/12/24,2019/12/25,0,"8,9",90
Petit Palace Plaza de la Reina,90443,NA,Valencia,1,1,€ 218,2019/12/24,2019/12/25,3,"8,7",90
Flatsforyou Mercat,1367507,Apartamentos,Valencia,1,1,€ 280,2019/12/24,2019/12/25,3,"8,9",90
SingularStays Parque Central,3054000,Apartamentos,Valencia,1,1,€ 321,2019/12/24,2019/12/25,0,"8,8",90
Habitación en valencia centro,5418023,NA,Valencia,1,1,€ 35,2019/12/24,2019/12/25,0,"8,3",90
