name,propertyId,propertyType,city,rooms,days,price,checkIn,checkOut,stars,score,advance
Gulet Why Not,5199364,NA,Valencia,1,1,€ 3.600,2019/09/27,2019/09/28,0,,14
Russafa Youth Hostel,345134,NA,Valencia,1,1,€ 40,2019/09/27,2019/09/28,0,"8,6",14
Pensión Alicante,298710,NA,Valencia,1,1,€ 42,2019/09/27,2019/09/28,0,"8,5",14
Travel Habitat Ático Ciutat Vella.,3264750,Apartamento,Valencia,1,1,NA,2019/09/27,2019/09/28,0,"9,5",14
Homestay Carrer Sagun,5006434,NA,Valencia,1,1,€ 48,2019/09/27,2019/09/28,0,"8,6",14
Home Youth Hostel by Feetup Hostels,189322,NA,Valencia,1,1,€ 53,2019/09/27,2019/09/28,0,"8,8",14
Rooms Valencia Center,5507857,NA,Valencia,1,1,€ 59,2019/09/27,2019/09/28,0,"8,5",14
Namaste Rooms,3799642,NA,Valencia,1,1,€ 65,2019/09/27,2019/09/28,0,"8,7",14
Estrella de russafa,5352439,NA,Valencia,1,1,€ 70,2019/09/27,2019/09/28,0,"8,7",14
Carrer de l'Escriptor Rafael Ferreres,4267645,Apartamento,Valencia,1,1,€ 70,2019/09/27,2019/09/28,0,"8,6",14
Valencia what else...,2550483,Apartamento,Valencia,1,1,NA,2019/09/27,2019/09/28,0,"9,5",14
Quart Youth Hostel,476418,NA,Valencia,1,1,€ 73,2019/09/27,2019/09/28,0,"8,6",14
Boutique Creative Rooms,2334726,NA,Valencia,1,1,€ 74,2019/09/27,2019/09/28,0,"8,7",14
Habitación doble,3599930,NA,Valencia,1,1,€ 76,2019/09/27,2019/09/28,0,"8,9",14
Lotelito,570027,NA,Valencia,1,1,€ 189,2019/09/27,2019/09/28,0,"8,9",14
SH Valencia Palace,91497,NA,Valencia,1,1,€ 190,2019/09/27,2019/09/28,5,"8,5",14
Apartamento centro,3160737,Apartamento,Valencia,1,1,NA,2019/09/27,2019/09/28,0,"9,7",14
Hulot B&B Valencia,585429,NA,Valencia,1,1,€ 81,2019/09/27,2019/09/28,0,"8,5",14
ABCyou Bed&Breakfast,189207,NA,Valencia,1,1,€ 82,2019/09/27,2019/09/28,0,"8,5",14
Melia Valencia,290493,NA,Valencia,1,1,€ 84,2019/09/27,2019/09/28,4,"8,8",14
Barracart Apartments,2125836,Apartamentos,Valencia,1,1,NA,2019/09/27,2019/09/28,0,"9,6",14
València Centre Túria,2185255,Apartamento,Valencia,1,1,€ 85,2019/09/27,2019/09/28,0,"8,8",14
Sercotel Sorolla Palace,93646,NA,Valencia,1,1,€ 89,2019/09/27,2019/09/28,4,"8,6",14
Hotel Sercotel Acteón Valencia,90495,NA,Valencia,1,1,€ 89,2019/09/27,2019/09/28,4,"8,5",14
B&B Hi Valencia Boutique,1301725,NA,Valencia,1,1,€ 93,2019/09/27,2019/09/28,0,"8,8",14
Ad Hoc Carmen,1173270,NA,Valencia,1,1,€ 96,2019/09/27,2019/09/28,2,"8,9",14
APARTAMENTO LAS MELLIZAS,4651578,NA,Valencia,1,1,€ 49,2019/09/27,2019/09/28,0,"8,5",14
The Westin Valencia,93321,NA,Valencia,1,1,€ 223,2019/09/27,2019/09/28,5,"8,7",14
Apartamento Casa con Angel,1079935,Apartamentos,Valencia,1,1,€ 230,2019/09/27,2019/09/28,0,"8,8",14
One Shot Palacio Reina Victoria 04,90885,NA,Valencia,1,1,€ 239,2019/09/27,2019/09/28,4,"8,6",14
Vincci Lys,91183,NA,Valencia,1,1,€ 253,2019/09/27,2019/09/28,4,"8,9",14
Hospes Palau de La Mar,93823,NA,Valencia,1,1,€ 266,2019/09/27,2019/09/28,5,"8,8",14
Vincci Palace,94163,NA,Valencia,1,1,€ 297,2019/09/27,2019/09/28,4,"8,6",14
Apartamento Bolseria 28,881275,Apartamentos,Valencia,1,1,NA,2019/09/27,2019/09/28,0,"9,5",14
Hotel Valencia Oceanic Managed by Melia Hotels International,91522,NA,Valencia,1,1,€ 98,2019/09/27,2019/09/28,4,"8,6",14
Apartment Cabanyal,3172456,Apartamento,Valencia,1,1,NA,2019/09/27,2019/09/28,0,"9,7",14
Hotel Neptuno,91206,NA,Valencia,1,1,€ 334,2019/09/27,2019/09/28,4,"8,5",14
Ilunion Aqua 3,92776,NA,Valencia,1,1,€ 159,2019/09/27,2019/09/28,3,"8,3",14
NWT Central Station Apartments,3964093,Apartamento,Valencia,1,1,€ 159,2019/09/27,2019/09/28,0,"8,2",14
Valencia Just in the Middle,2965508,Apartamento,Valencia,1,1,NA,2019/09/27,2019/09/28,0,"9,9",14
Cathedral Suites Hotel,1736257,Apartahotel,Valencia,1,1,€ 368,2019/09/27,2019/09/28,4,"8,9",14
Valencian Apartment,2298621,Apartamento,Valencia,1,1,€ 98,2019/09/27,2019/09/28,0,"8,9",14
BUBUFLATS Mossén,1141763,Apartamentos,Valencia,1,1,€ 100,2019/09/27,2019/09/28,0,"8,9",14
NH Valencia Center,90727,NA,Valencia,1,1,€ 177,2019/09/27,2019/09/28,4,"8,3",14
Holiday Inn Express Ciudad de las Ciencias,96737,NA,Valencia,1,1,€ 180,2019/09/27,2019/09/28,3,8,14
Hotel Conqueridor,91047,NA,Valencia,1,1,€ 189,2019/09/27,2019/09/28,4,"8,4",14
Center Valencia Youth Hostel,246931,NA,Valencia,1,1,€ 37,2019/09/27,2019/09/28,0,8,14
Habitacion en Valencia Barata,4861796,NA,Valencia,1,1,€ 45,2019/09/27,2019/09/28,0,"8,2",14
Purple Nest Hostel,25278,NA,Valencia,1,1,€ 48,2019/09/27,2019/09/28,0,"8,1",14
Hostal Abastos,257057,NA,Valencia,1,1,€ 50,2019/09/27,2019/09/28,2,"8,2",14
Apartments Downtown Valencia,2250421,Apartamentos,Valencia,1,1,NA,2019/09/27,2019/09/28,0,"9,6",14
Como en casa,4802186,NA,Valencia,1,1,€ 54,2019/09/27,2019/09/28,0,"8,1",14
Burjassot Mestalla,3058627,Apartamento,Valencia,1,1,€ 100,2019/09/27,2019/09/28,0,"8,6",14
Hotel Kramer,91106,NA,Valencia,1,1,€ 104,2019/09/27,2019/09/28,3,"8,8",14
Red Nest Hostel,92283,NA,Valencia,1,1,€ 57,2019/09/27,2019/09/28,0,"8,2",14
Pension MonaLisa Luxury Suites,3834224,NA,Valencia,1,1,€ 60,2019/09/27,2019/09/28,0,"8,2",14
B&B Hi Valencia Canovas,305349,NA,Valencia,1,1,€ 62,2019/09/27,2019/09/28,0,"8,4",14
Zerka Centro,4425975,Apartamentos,Valencia,1,1,€ 219,2019/09/27,2019/09/28,0,"8,3",14
MD Benlliure Beach.,1957258,Apartamento,Valencia,1,1,€ 287,2019/09/27,2019/09/28,0,8,14
Musico Peydro Apartments,3765069,Apartamentos,Valencia,1,1,€ 297,2019/09/27,2019/09/28,0,8,14
Espai Loft Santa Mónica,4574135,Apartamento,Valencia,1,1,NA,2019/09/27,2019/09/28,0,"9,8",14
MD Vila Barbera Apartment Center,1957253,Apartamento,Valencia,1,1,€ 398,2019/09/27,2019/09/28,0,"8,3",14
UP Hostel Valencia,1710137,NA,Valencia,1,1,€ 46,2019/09/27,2019/09/28,0,"7,8",14
Pensión Universal,304276,NA,Valencia,1,1,€ 46,2019/09/27,2019/09/28,0,"7,9",14
Valencia City Host,1177077,NA,Valencia,1,1,€ 49,2019/09/27,2019/09/28,0,"7,8",14
Reina 12,1684198,NA,Valencia,1,1,€ 70,2019/09/27,2019/09/28,0,"8,2",14
Living Valencia - Blanquerías,2860821,Apartamentos,Valencia,1,1,€ 75,2019/09/27,2019/09/28,0,"8,4",14
Cool Loft Malvarrosa Beach,4309218,Apartamento,Valencia,1,1,NA,2019/09/27,2019/09/28,0,"9,6",14
Aparthotel Valencia Rental,17344,Apartahotel,Valencia,1,1,€ 76,2019/09/27,2019/09/28,0,8,14
Apartamento Ciudad de las Artes y las Ciencias,4353552,Apartamento,Valencia,1,1,€ 80,2019/09/27,2019/09/28,0,"8,3",14
Hostal Moratin,326015,NA,Valencia,1,1,€ 50,2019/09/27,2019/09/28,1,"7,9",14
Habitación San Cayetano,4624401,NA,Valencia,1,1,€ 50,2019/09/27,2019/09/28,0,"7,7",14
Garden Turia Downtown,5201200,Apartamento,Valencia,1,1,NA,2019/09/27,2019/09/28,0,"9,9",14
Casual Civilizaciones Valencia,449777,NA,Valencia,1,1,€ 50,2019/09/27,2019/09/28,0,"7,9",14
Eurostars Gran Valencia,90484,NA,Valencia,1,1,€ 80,2019/09/27,2019/09/28,4,"8,4",14
Tryp Valencia Feria,92852,NA,Valencia,1,1,€ 85,2019/09/27,2019/09/28,4,"8,4",14
Happy Apartments Valencia,456043,Apartamentos,Valencia,1,1,€ 86,2019/09/27,2019/09/28,0,"8,2",14
Voyagers Inn Homestay,2682156,NA,Valencia,1,1,€ 52,2019/09/27,2019/09/28,0,"7,8",14
Habitación cerca del centro,2789581,NA,Valencia,1,1,€ 52,2019/09/27,2019/09/28,0,"7,5",14
Hotel Beleret,94652,NA,Valencia,1,1,€ 53,2019/09/27,2019/09/28,3,"7,6",14
Habitacion por dias Centro Valencia,3977106,NA,Valencia,1,1,€ 64,2019/09/27,2019/09/28,0,"7,9",14
Valencia Lounge Hostel,337203,NA,Valencia,1,1,€ 66,2019/09/27,2019/09/28,0,"7,8",14
Purísima Street I,2471259,Apartamento,Valencia,1,1,NA,2019/09/27,2019/09/28,0,"9,5",14
Centro & Viaje,4215175,NA,Valencia,1,1,€ 68,2019/09/27,2019/09/28,0,"7,5",14
United Colors of Studios - Mercado Central,2574108,Apartamentos,Valencia,1,1,€ 79,2019/09/27,2019/09/28,0,"7,9",14
Hotel Turia,14441,NA,Valencia,1,1,€ 79,2019/09/27,2019/09/28,4,"7,5",14
B&B Hotel Valencia Ciudad de las Ciencias,92242,NA,Valencia,1,1,€ 80,2019/09/27,2019/09/28,3,"7,5",14
Checkin Valencia,93743,NA,Valencia,1,1,€ 85,2019/09/27,2019/09/28,4,"7,8",14
Cosy Rooms Bolsería,371606,NA,Valencia,1,1,€ 111,2019/09/27,2019/09/28,2,"7,4",14
Malvarrosa Beach Rooms,314048,NA,Valencia,1,1,€ 120,2019/09/27,2019/09/28,2,7,14
Apartamento centro,3160737,Apartamento,Valencia,1,1,NA,2019/09/27,2019/09/28,0,"9,7",14
NWT Monserrat,3728842,Apartamentos,Valencia,1,1,€ 129,2019/09/27,2019/09/28,0,7,14
Apartamento para 10 personas,5029963,Apartamento,Valencia,1,1,€ 150,2019/09/27,2019/09/28,0,"7,3",14
Select Home Catedral,440778,Apartamentos,Valencia,1,1,€ 160,2019/09/27,2019/09/28,0,"7,1",14
Best Valencia Beach Flat,3246772,Apartamento,Valencia,1,1,€ 192,2019/09/27,2019/09/28,0,"7,1",14
MD Puerto Rico Apartment Ruzafa,3737151,Apartamento,Valencia,1,1,€ 297,2019/09/27,2019/09/28,0,"7,4",14
Loyola Room Habitación en Piso Compartido,3298489,NA,Valencia,1,1,€ 30,2019/09/27,2019/09/28,0,"6,8",14
Apartment Cabanyal,3172456,Apartamento,Valencia,1,1,NA,2019/09/27,2019/09/28,0,"9,7",14
Guest House Lebon,3124256,NA,Valencia,1,1,€ 34,2019/09/27,2019/09/28,0,"6,9",14
Habitación con cama doble,4794909,NA,Valencia,1,1,€ 50,2019/09/27,2019/09/28,0,"6,7",14
PISO ACOGEDOR,4995780,NA,Valencia,1,1,€ 50,2019/09/27,2019/09/28,0,"6,9",14
Kirei Apartment Na Jordana,1702092,Apartamentos,Valencia,1,1,€ 97,2019/09/27,2019/09/28,0,"6,9",14
Fun and Sun Center 2,2944416,NA,Valencia,1,1,€ 45,2019/09/27,2019/09/28,0,"6,1",14
Carrer del Bisbe Jaume Pérez,4900140,NA,Valencia,1,1,€ 55,2019/09/27,2019/09/28,0,6,14
Apartments Downtown Valencia,2250421,Apartamentos,Valencia,1,1,NA,2019/09/27,2019/09/28,0,"9,6",14
Kirei Apartment San Agustin,1712323,Apartamentos,Valencia,1,1,€ 115,2019/09/27,2019/09/28,0,6,14
RoomTuristValencia - Ruzafa,4608394,NA,Valencia,1,1,€ 45,2019/09/27,2019/09/28,0,"5,6",14
Ruzafa Guesthouse,2269176,NA,Valencia,1,1,€ 45,2019/09/27,2019/09/28,0,"5,6",14
Home Sweet Home,1223953,NA,Valencia,1,1,€ 60,2019/09/27,2019/09/28,0,"5,5",14
Oliver,4865093,NA,Valencia,1,1,€ 73,2019/09/27,2019/09/28,0,"5,8",14
Kirei Apartment Berlin,4504570,Apartamentos,Valencia,1,1,€ 106,2019/09/27,2019/09/28,0,"5,5",14
Cool Loft Malvarrosa Beach,4309218,Apartamento,Valencia,1,1,NA,2019/09/27,2019/09/28,0,"9,6",14
Guest House Torres de Quart,2275006,NA,Valencia,1,1,€ 37,2019/09/27,2019/09/28,0,"5,4",14
Guest House Ruzafa,2324552,NA,Valencia,1,1,€ 45,2019/09/27,2019/09/28,0,"5,3",14
RoomTuristValencia Estacion del Norte,4682632,NA,Valencia,1,1,€ 50,2019/09/27,2019/09/28,0,"5,3",14
Guest House Duc de Gaeta,2275007,NA,Valencia,1,1,€ 38,2019/09/27,2019/09/28,0,"4,9",14
Guesthouse Plaza de Toros,2985902,NA,Valencia,1,1,€ 39,2019/09/27,2019/09/28,0,"4,9",14
RoomTuristValencia Torres de Quart,4565643,NA,Valencia,1,1,€ 50,2019/09/27,2019/09/28,0,"4,5",14
Valencia center,3168460,Apartamento,Valencia,1,1,NA,2019/09/27,2019/09/28,0,"9,8",14
RoomTuristValencia RuzafaSumsi,4682802,NA,Valencia,1,1,€ 70,2019/09/27,2019/09/28,0,"4,6",14
Port of Valencia,3805735,Apartamento,Valencia,1,1,€ 150,2019/09/27,2019/09/28,0,"4,9",14
Constitucion Guesthouse,2985942,NA,Valencia,1,1,€ 35,2019/09/27,2019/09/28,0,"3,5",14
Aventura,5567318,Apartamentos,Valencia,1,1,€ 40,2019/09/27,2019/09/28,0,,14
Habitación muy cerca de la playa.,5395908,NA,Valencia,1,1,€ 40,2019/09/27,2019/09/28,0,,14
Bright room with trundle bed,5560260,NA,Valencia,1,1,€ 46,2019/09/27,2019/09/28,0,,14
Preciosa Casita Cerca Del Mar,4057271,Apartamento,Valencia,1,1,NA,2019/09/27,2019/09/28,0,"9,7",14
Habitación privada con baño privado a 300 metros de la playa.,5587588,NA,Valencia,1,1,€ 49,2019/09/27,2019/09/28,0,,14
vosotros sereis parte de mi familia.,5299568,NA,Valencia,1,1,€ 50,2019/09/27,2019/09/28,0,,14
Ramirez Flats & Bar,4124528,Apartahotel,Valencia,1,1,€ 122,2019/09/27,2019/09/28,0,"9,5",14
Nest Style Valencia -Nueva apertura-,5219046,NA,Valencia,1,1,€ 136,2019/09/27,2019/09/28,3,"9,7",14
VALENCIA APARTAMENTO GOYA,4256653,Apartamento,Valencia,1,1,NA,2019/09/27,2019/09/28,0,10,14
RUZAFA- CENTRO-A/C- WI-FI- PARKING,2885994,Apartamento,Valencia,1,1,€ 160,2019/09/27,2019/09/28,0,"9,7",14
Attic Rooms in Botánico,5522932,NA,Valencia,1,1,€ 55,2019/09/27,2019/09/28,0,,14
Rooms El Picolino,5326859,NA,Valencia,1,1,€ 60,2019/09/27,2019/09/28,0,,14
Hogar Dulce Hogar,5426607,NA,Valencia,1,1,€ 60,2019/09/27,2019/09/28,0,,14
Disfruta - Enjoy Valencia Ruzafa,3890328,Apartamento,Valencia,1,1,€ 178,2019/09/27,2019/09/28,0,"9,7",14
Disfruta - Enjoy Valencia Centre,3881970,Apartamento,Valencia,1,1,€ 199,2019/09/27,2019/09/28,0,"9,8",14
Art&Flats Bed&Breakfast,5238345,NA,Valencia,1,1,€ 36,2019/09/27,2019/09/28,0,9,14
Cantagua Hostel,4074640,NA,Valencia,1,1,€ 53,2019/09/27,2019/09/28,0,"9,1",14
Florista's Room en Valencia,5502152,NA,Valencia,1,1,€ 69,2019/09/27,2019/09/28,0,,14
Mi casa es vuestra casa,4967097,NA,Valencia,1,1,€ 70,2019/09/27,2019/09/28,0,,14
Habitación en Valencia,5477394,NA,Valencia,1,1,€ 72,2019/09/27,2019/09/28,0,,14
Habitación privada a 1500 metros de la playa,3789910,NA,Valencia,1,1,€ 60,2019/09/27,2019/09/28,0,"9,2",14
Espai One Santa Mónica,5471724,Apartamento,Valencia,1,1,NA,2019/09/27,2019/09/28,0,10,14
Magnífico Adosado- cerca de Valencia ciudad- en zona de montaña y playa fluvial,5354233,Casa o chalet,Valencia,1,1,€ 72,2019/09/27,2019/09/28,0,"9,1",14
YOU & CO. Saler Beach Boutique,4533007,NA,Valencia,1,1,€ 84,2019/09/27,2019/09/28,3,"9,1",14
Brugada home,5259150,NA,Valencia,1,1,€ 75,2019/09/27,2019/09/28,0,,14
Acogedor apartamento en zona universitaria y playa,5414090,Casa o chalet,Valencia,1,1,€ 82,2019/09/27,2019/09/28,0,,14
Loft Turia Gran,5133726,Apartamento,Valencia,1,1,€ 105,2019/09/27,2019/09/28,0,,14
casa completa,5593030,Casa o chalet,Valencia,1,1,€ 119,2019/09/27,2019/09/28,0,,14
Art of Music Apartment Valencia,5263849,Apartamentos,Valencia,1,1,€ 125,2019/09/27,2019/09/28,0,,14
Valencia Puerto Beach 3BD Apartment,5249773,Apartamento,Valencia,1,1,€ 192,2019/09/27,2019/09/28,0,,14
Blanq Comedias,4922002,NA,Valencia,1,1,€ 86,2019/09/27,2019/09/28,0,"9,1",14
Original Domino House,5434091,NA,Valencia,1,1,€ 87,2019/09/27,2019/09/28,0,"9,3",14
Apartments Abate 4,2848648,Apartamentos,Valencia,1,1,€ 106,2019/09/27,2019/09/28,0,"9,1",14
Piso como en tu casa 2,3834617,Apartamentos,Valencia,1,1,€ 108,2019/09/27,2019/09/28,0,"9,1",14
"Flat ""Ca Alexandre""",3687859,Apartamento,Valencia,1,1,€ 200,2019/09/27,2019/09/28,0,,14
Apartment Carrer Ernesto Che Guevara,5598848,Apartamento,Valencia,1,1,€ 270,2019/09/27,2019/09/28,0,,14
Governor Residence,3799760,Apartahotel,Valencia,1,1,€ 600,2019/09/27,2019/09/28,0,,14
Apartment Carrer de Cadis,5531328,Apartamentos,Valencia,1,1,€ 648,2019/09/27,2019/09/28,0,,14
MerKat-Abastos,1231196,Apartamento,Valencia,1,1,NA,2019/09/27,2019/09/28,0,"9,7",14
Olvida tu Reloj Congresos Apartment,2448036,Apartamento,Valencia,1,1,€ 111,2019/09/27,2019/09/28,0,"9,2",14
Rooms Ciencias,94126,NA,Valencia,1,1,€ 113,2019/09/27,2019/09/28,0,9,14
Hotel Valencia Alameda,4019381,NA,Valencia,1,1,€ 114,2019/09/27,2019/09/28,4,"9,3",14
Teixidors de Palomar,2639791,Apartamentos,Valencia,1,1,€ 119,2019/09/27,2019/09/28,0,"9,4",14
apartamento las torres-botanico,4694090,Apartamento,Valencia,1,1,€ 119,2019/09/27,2019/09/28,0,9,14
Valenciaflats Centro Ciudad,18544,Apartamentos,Valencia,1,1,€ 120,2019/09/27,2019/09/28,0,"9,2",14
Apartment Cisneros 2,2361375,Apartamento,Valencia,1,1,NA,2019/09/27,2019/09/28,0,"9,7",14
Valenciaflats Ciudad de las Ciencias,93676,Apartamentos,Valencia,1,1,€ 120,2019/09/27,2019/09/28,0,"9,1",14
Citizentral Juristas,1113127,Apartamentos,Valencia,1,1,€ 120,2019/09/27,2019/09/28,0,"9,2",14
Valencia-Ruzafa Studio,3235983,Apartamento,Valencia,1,1,€ 120,2019/09/27,2019/09/28,0,"9,1",14
COZY APARTMENT VALENCIA CITY CENTER!,4886758,Apartamento,Valencia,1,1,€ 127,2019/09/27,2019/09/28,0,"9,2",14
L'Arbre,3972359,Apartamento,Valencia,1,1,€ 127,2019/09/27,2019/09/28,0,"9,4",14
Hi Valencia Cánovas,4312120,Apartamentos,Valencia,1,1,€ 133,2019/09/27,2019/09/28,0,9,14
BONNIES Suites & Spa Valencia,3631910,Apartamentos,Valencia,1,1,NA,2019/09/27,2019/09/28,0,"9,8",14
Mon Suites San Nicolas,4117225,Apartamentos,Valencia,1,1,€ 143,2019/09/27,2019/09/28,0,"9,2",14
Sorolla Centro,90896,NA,Valencia,1,1,€ 143,2019/09/27,2019/09/28,3,"9,1",14
Casual Socarrat Valencia,5142800,NA,Valencia,1,1,€ 147,2019/09/27,2019/09/28,3,"9,2",14
HQ Rooms Apartments San Vicente,2894429,Apartamentos,Valencia,1,1,€ 149,2019/09/27,2019/09/28,0,"9,2",14
Soho Valencia,1538641,Apartahotel,Valencia,1,1,€ 149,2019/09/27,2019/09/28,0,9,14
OCEANOGRAFIC APARTMENT. PARKING. WI-FI,3107716,Apartamentos,Valencia,1,1,€ 150,2019/09/27,2019/09/28,0,9,14
Atico Loft Ruzafa,3152977,Apartamento,Valencia,1,1,NA,2019/09/27,2019/09/28,0,"9,7",14
OCEANOGRAFIC DELUXE- PARKING- WI-FI,4095746,Apartamento,Valencia,1,1,€ 150,2019/09/27,2019/09/28,0,"9,2",14
B BEACH VALENCIA,5125954,Apartamento,Valencia,1,1,€ 150,2019/09/27,2019/09/28,0,"9,1",14
YourPlace apartments Mercado Central,2933554,Apartamentos,Valencia,1,1,€ 154,2019/09/27,2019/09/28,0,9,14
Apartamentos Wallace,1698355,Apartamentos,Valencia,1,1,€ 166,2019/09/27,2019/09/28,0,"9,2",14
Jardines del Turia - Espacioso apartamento,2734126,Apartamento,Valencia,1,1,€ 170,2019/09/27,2019/09/28,0,"9,1",14
Mon Suites Catedral,485679,Apartamentos,Valencia,1,1,€ 170,2019/09/27,2019/09/28,0,"9,2",14
Hotel Boutique Balandret,1281710,NA,Valencia,1,1,€ 171,2019/09/27,2019/09/28,3,"9,2",14
Casa Isa,2683762,Apartamento,Valencia,1,1,€ 175,2019/09/27,2019/09/28,0,"9,2",14
Hostal Venecia,92883,NA,Valencia,1,1,€ 186,2019/09/27,2019/09/28,2,"9,1",14
Friendly Rentals Mercado Central,3220956,Apartamento,Valencia,1,1,€ 190,2019/09/27,2019/09/28,0,"9,3",14
Loft Superior el Carmen,2784473,Apartamento,Valencia,1,1,€ 212,2019/09/27,2019/09/28,0,"9,2",14
NH Collection Colón Valencia,3828811,NA,Valencia,1,1,€ 219,2019/09/27,2019/09/28,4,"9,2",14
Las Arenas Balneario Resort,91144,NA,Valencia,1,1,€ 257,2019/09/27,2019/09/28,5,9,14
MARQUÉS HOUSE 4* SUP,2118880,NA,Valencia,1,1,€ 279,2019/09/27,2019/09/28,4,"9,4",14
Zerka Sendra,4657122,Apartamento,Valencia,1,1,€ 309,2019/09/27,2019/09/28,0,9,14
Vincci Mercat,1279484,NA,Valencia,1,1,€ 330,2019/09/27,2019/09/28,4,9,14
Caro Hotel,348132,NA,Valencia,1,1,€ 355,2019/09/27,2019/09/28,5,"9,2",14
The River Hostel,494202,NA,Valencia,1,1,€ 34,2019/09/27,2019/09/28,0,"8,5",14
