name,propertyId,propertyType,city,rooms,days,price,checkIn,checkOut,stars,score,advance
Hotel Beleret,94652,NA,Valencia,1,1,€ 48,2019/09/24,2019/09/25,3,"7,6",7
Hospederia del Pilar,327766,NA,Valencia,1,1,€ 54,2019/09/24,2019/09/25,0,"7,9",7
Quart Apartment,1537986,Apartamento,Valencia,1,1,NA,2019/09/24,2019/09/25,0,"9,2",7
Rooms Valencia Center,5507857,NA,Valencia,1,1,€ 54,2019/09/24,2019/09/25,0,"7,9",7
Habitacion por dias Centro Valencia,3977106,NA,Valencia,1,1,€ 55,2019/09/24,2019/09/25,0,"7,9",7
Valencia Lounge Hostel,337203,NA,Valencia,1,1,€ 56,2019/09/24,2019/09/25,0,"7,8",7
Centro & Viaje,4215175,NA,Valencia,1,1,€ 58,2019/09/24,2019/09/25,0,"7,6",7
Apartamentos Catedral,2358858,Apartamentos,Valencia,1,1,€ 59,2019/09/24,2019/09/25,0,"7,8",7
Hostal Bisbal,235665,NA,Valencia,1,1,€ 60,2019/09/24,2019/09/25,1,"7,5",7
Preciosa Casa,2866116,Apartamento,Valencia,1,1,NA,2019/09/24,2019/09/25,0,"9,3",7
City Center Apartments,4426057,Apartamentos,Valencia,1,1,€ 63,2019/09/24,2019/09/25,0,"7,8",7
Alex Apartment,1756374,Apartamento,Valencia,1,1,€ 64,2019/09/24,2019/09/25,0,"7,9",7
United Colors of Studios - Mercado Central,2574108,Apartamentos,Valencia,1,1,€ 65,2019/09/24,2019/09/25,0,"7,8",7
B&B Hotel Valencia Ciudad de las Ciencias,92242,NA,Valencia,1,1,€ 65,2019/09/24,2019/09/25,3,"7,5",7
Jero Rooms,296743,NA,Valencia,1,1,€ 77,2019/09/24,2019/09/25,0,"7,7",7
Cosy Rooms Tapinería,371192,NA,Valencia,1,1,€ 78,2019/09/24,2019/09/25,2,"7,5",7
Your Home at Valencia- El Carme,3692617,Apartamento,Valencia,1,1,NA,2019/09/24,2019/09/25,0,"9,4",7
Hotel Turia,14441,NA,Valencia,1,1,€ 79,2019/09/24,2019/09/25,4,"7,5",7
OYO Pensión El Rincón,476031,NA,Valencia,1,1,€ 79,2019/09/24,2019/09/25,1,"7,6",7
Expo Hotel Valencia,91223,NA,Valencia,1,1,€ 81,2019/09/24,2019/09/25,3,"7,6",7
Casual de la Música Valencia,273130,NA,Valencia,1,1,€ 82,2019/09/24,2019/09/25,2,"7,5",7
Torres Quart,3702234,Apartamentos,Valencia,1,1,€ 87,2019/09/24,2019/09/25,0,"7,6",7
Apartamento Alguer,4005334,Apartamento,Valencia,1,1,€ 90,2019/09/24,2019/09/25,0,"7,6",7
Fun&Happy VLC Center,3542906,Apartamento,Valencia,1,1,NA,2019/09/24,2019/09/25,0,"9,2",7
Apartment Florista,2150187,Apartamento,Valencia,1,1,€ 90,2019/09/24,2019/09/25,0,"7,9",7
Patacona Green Flats,292996,Apartamentos,Valencia,1,1,€ 91,2019/09/24,2019/09/25,0,"7,6",7
Suites by Eric Olsan (L),4287413,Apartamentos,Valencia,1,1,€ 92,2019/09/24,2019/09/25,0,"7,6",7
El Globo,24498,NA,Valencia,1,1,€ 96,2019/09/24,2019/09/25,1,"7,8",7
Oceanográfico Apartments & Spa,324918,Apartamentos,Valencia,1,1,€ 98,2019/09/24,2019/09/25,0,"7,6",7
RoomTuristValencia Torres de Quart,4565643,NA,Valencia,1,1,€ 35,2019/09/24,2019/09/25,0,"4,5",7
Guesthouse Plaza de Toros,2985902,NA,Valencia,1,1,€ 38,2019/09/24,2019/09/25,0,"4,9",7
Hostal Antigua Morellana,1273937,NA,Valencia,1,1,NA,2019/09/24,2019/09/25,1,"9,5",7
RoomTuristValencia RuzafaSumsi,4682802,NA,Valencia,1,1,€ 40,2019/09/24,2019/09/25,0,"4,6",7
Malvarosa,3820590,Apartamento,Valencia,1,1,€ 90,2019/09/24,2019/09/25,0,"4,1",7
sueñavalencia,5603844,NA,Valencia,1,1,€ 40,2019/09/24,2019/09/25,0,,7
Big sunny room.,5333222,NA,Valencia,1,1,€ 44,2019/09/24,2019/09/25,0,,7
Bright room with trundle bed,5560260,NA,Valencia,1,1,€ 46,2019/09/24,2019/09/25,0,,7
Habitación privada con baño privado a 300 metros de la playa.,5587588,NA,Valencia,1,1,€ 49,2019/09/24,2019/09/25,0,,7
Hexagonal Design Apartment Valencia,4630643,Apartamento,Valencia,1,1,NA,2019/09/24,2019/09/25,0,"9,5",7
vosotros sereis parte de mi familia.,5299568,NA,Valencia,1,1,€ 50,2019/09/24,2019/09/25,0,,7
Aventura Valencia 2,5604325,NA,Valencia,1,1,€ 50,2019/09/24,2019/09/25,0,,7
Attic Rooms in Botánico,5522932,NA,Valencia,1,1,€ 55,2019/09/24,2019/09/25,0,,7
Hogar Dulce Hogar,5426607,NA,Valencia,1,1,€ 60,2019/09/24,2019/09/25,0,,7
Florista's Room en Valencia,5502152,NA,Valencia,1,1,€ 60,2019/09/24,2019/09/25,0,,7
Apartamento con compartir,5366858,NA,Valencia,1,1,€ 65,2019/09/24,2019/09/25,0,,7
Central apartment,4597029,Apartamento,Valencia,1,1,NA,2019/09/24,2019/09/25,0,"9,5",7
Mi casa es vuestra casa,4967097,NA,Valencia,1,1,€ 70,2019/09/24,2019/09/25,0,,7
Habitación en Valencia,5477394,NA,Valencia,1,1,€ 72,2019/09/24,2019/09/25,0,,7
Piso cercano al centro ( 5 min BUS),5607299,Apartamento,Valencia,1,1,€ 89,2019/09/24,2019/09/25,0,,7
Kirei Apartment Dublin,4639542,Apartamento,Valencia,1,1,€ 92,2019/09/24,2019/09/25,0,,7
PISO DE DISEÑO A 5 MIN ANDANDO DE LA PLAYA,5546265,Apartamento,Valencia,1,1,€ 95,2019/09/24,2019/09/25,0,,7
Apartamentos Artesa 22 Valencia,5546723,Apartamento,Valencia,1,1,€ 112,2019/09/24,2019/09/25,0,,7
Carmen Apartment,3308265,Apartamento,Valencia,1,1,NA,2019/09/24,2019/09/25,0,"9,6",7
Todo el centro histórico a tu alcance.,5610526,Apartamento,Valencia,1,1,€ 118,2019/09/24,2019/09/25,0,,7
casa completa,5593030,Casa o chalet,Valencia,1,1,€ 119,2019/09/24,2019/09/25,0,,7
casa la tranquilidad,5516825,NA,Valencia,1,1,€ 120,2019/09/24,2019/09/25,0,,7
RAVALENCIA 4,3377937,Apartamento,Valencia,1,1,€ 124,2019/09/24,2019/09/25,0,,7
Valencia Apartamentos DEL MAR,5421626,Apartamento,Valencia,1,1,€ 129,2019/09/24,2019/09/25,0,,7
Valencia Puerto Beach 3BD Apartment,5249773,Apartamento,Valencia,1,1,€ 135,2019/09/24,2019/09/25,0,,7
Casa Chenano,4262208,Apartamento,Valencia,1,1,NA,2019/09/24,2019/09/25,0,"9,5",7
CATHEDRAL MODERN 2BR- 1BA- WIFI- A\C- BALCONY,5263725,Apartamento,Valencia,1,1,€ 141,2019/09/24,2019/09/25,0,,7
Yanhome,5611847,NA,Valencia,1,1,€ 180,2019/09/24,2019/09/25,0,,7
"Flat ""Ca Alexandre""",3687859,Apartamento,Valencia,1,1,€ 200,2019/09/24,2019/09/25,0,,7
Hotel San Lorenzo Boutique,1307718,NA,Valencia,1,1,€ 149,2019/09/24,2019/09/25,3,"8,6",7
Zenit Valencia,92327,NA,Valencia,1,1,€ 151,2019/09/24,2019/09/25,4,"8,8",7
Cómoda habitación Valencia,4200488,NA,Valencia,1,1,NA,2019/09/24,2019/09/25,0,"9,5",7
Casual Vintage Valencia,1710241,NA,Valencia,1,1,€ 153,2019/09/24,2019/09/25,2,"8,6",7
Hotel Dimar,90886,NA,Valencia,1,1,€ 153,2019/09/24,2019/09/25,4,"8,7",7
Aloha Apartment Center Valencia,3101443,Apartamento,Valencia,1,1,€ 350,2019/09/24,2019/09/25,0,,7
Governor Residence,3799760,Apartahotel,Valencia,1,1,€ 600,2019/09/24,2019/09/25,0,,7
Gulet Why Not,5199364,NA,Valencia,1,1,€ 3.600,2019/09/24,2019/09/25,0,,7
Cathedral Suites Hotel,1736257,Apartahotel,Valencia,1,1,€ 159,2019/09/24,2019/09/25,4,"8,9",7
Friendly Rentals Gala,1634252,Apartamento,Valencia,1,1,€ 160,2019/09/24,2019/09/25,0,"8,7",7
AC Hotel Colon Valencia- a Marriott Lifestyle Hotel,1117150,NA,Valencia,1,1,€ 165,2019/09/24,2019/09/25,4,"8,7",7
Canela`s Vintage Ruzafa Centro,4652584,Apartamento,Valencia,1,1,€ 170,2019/09/24,2019/09/25,0,"8,6",7
Ático Valencia Centro,4358939,Apartamento,Valencia,1,1,NA,2019/09/24,2019/09/25,0,"9,9",7
Vincci Palace,94163,NA,Valencia,1,1,€ 176,2019/09/24,2019/09/25,4,"8,6",7
One Shot Palacio Reina Victoria 04,90885,NA,Valencia,1,1,€ 179,2019/09/24,2019/09/25,4,"8,6",7
Melia Valencia,290493,NA,Valencia,1,1,€ 180,2019/09/24,2019/09/25,4,"8,8",7
Puerta de Serranos,2734333,Apartamentos,Valencia,1,1,€ 185,2019/09/24,2019/09/25,0,"8,8",7
Vincci Lys,91183,NA,Valencia,1,1,€ 187,2019/09/24,2019/09/25,4,"8,9",7
Carlos & Ana,2079019,Apartamento,Valencia,1,1,€ 195,2019/09/24,2019/09/25,0,"8,9",7
Apartment Denia 66,1545445,Apartamentos,Valencia,1,1,NA,2019/09/24,2019/09/25,0,"9,7",7
Select Home Mercado de Colón,2960845,Apartamentos,Valencia,1,1,€ 210,2019/09/24,2019/09/25,0,"8,9",7
Melia Plaza Valencia,13270,NA,Valencia,1,1,€ 220,2019/09/24,2019/09/25,4,"8,9",7
AC Hotel Valencia- a Marriott Lifestyle Hotel,91063,NA,Valencia,1,1,€ 220,2019/09/24,2019/09/25,4,"8,5",7
Barceló Valencia,91988,NA,Valencia,1,1,€ 224,2019/09/24,2019/09/25,4,"8,7",7
SH Valencia Palace,91497,NA,Valencia,1,1,€ 230,2019/09/24,2019/09/25,5,"8,5",7
SingularStays Parque Central,3054000,Apartamentos,Valencia,1,1,€ 230,2019/09/24,2019/09/25,0,"8,8",7
Loft Valencia Playa,3954993,Apartamento,Valencia,1,1,NA,2019/09/24,2019/09/25,0,"9,7",7
Ilunion Aqua 4,92777,NA,Valencia,1,1,€ 243,2019/09/24,2019/09/25,4,"8,5",7
Select Home Alma Palace,1381946,Apartamento,Valencia,1,1,€ 265,2019/09/24,2019/09/25,0,"8,8",7
Hospes Palau de La Mar,93823,NA,Valencia,1,1,€ 351,2019/09/24,2019/09/25,5,"8,8",7
The Westin Valencia,93321,NA,Valencia,1,1,€ 5.163,2019/09/24,2019/09/25,5,"8,7",7
Center Valencia Youth Hostel,246931,NA,Valencia,1,1,€ 24,2019/09/24,2019/09/25,0,8,7
Valencian Dreams,3268804,Apartamento,Valencia,1,1,€ 79,2019/09/24,2019/09/25,0,"9,8",7
Nest Style Valencia -Nueva apertura-,5219046,NA,Valencia,1,1,€ 84,2019/09/24,2019/09/25,3,"9,6",7
VALENCIA APARTAMENTO GOYA,4256653,Apartamento,Valencia,1,1,NA,2019/09/24,2019/09/25,0,10,7
Opera House Valencia B&B,3533887,NA,Valencia,1,1,€ 94,2019/09/24,2019/09/25,0,"9,5",7
L'Esplai Valencia Bed & Breakfast,1282556,NA,Valencia,1,1,€ 99,2019/09/24,2019/09/25,0,"9,6",7
Ciudad Ciencias- Lujo- Parking- Wi-Fi.,4999636,Apartamento,Valencia,1,1,€ 100,2019/09/24,2019/09/25,0,"9,8",7
Brisa Mare Nostrum,2855311,Apartamento,Valencia,1,1,€ 120,2019/09/24,2019/09/25,0,"9,3",7
Cozy apartment in Valencia center,3402135,Apartamentos,Valencia,1,1,€ 120,2019/09/24,2019/09/25,0,"9,2",7
APARTAMENTO DE DISEÑO EN PLAZA MANISES,2823390,Apartamento,Valencia,1,1,NA,2019/09/24,2019/09/25,0,"9,7",7
Bubuflats Bubu 3,1014334,Apartamentos,Valencia,1,1,€ 110,2019/09/24,2019/09/25,0,"9,6",7
Casa La Buhardilla,2985364,Apartamento,Valencia,1,1,€ 115,2019/09/24,2019/09/25,0,"9,6",7
Apartments Downtown Valencia,2250421,Apartamentos,Valencia,1,1,€ 120,2019/09/24,2019/09/25,0,"9,6",7
Apartamento Frederick “Centrico y con Clase”,4236394,Apartamento,Valencia,1,1,NA,2019/09/24,2019/09/25,0,"9,7",7
Barracart Apartments,2125836,Apartamentos,Valencia,1,1,€ 121,2019/09/24,2019/09/25,0,"9,6",7
HOSTAL BED OF THE SEA,3974636,NA,Valencia,1,1,€ 60,2019/09/24,2019/09/25,0,"7,1",7
Flats Piera Valencia Center,1490563,Apartamentos,Valencia,1,1,€ 125,2019/09/24,2019/09/25,0,"9,6",7
Disfruta - Enjoy Valencia Ruzafa,3890328,Apartamento,Valencia,1,1,€ 129,2019/09/24,2019/09/25,0,"9,7",7
Disfruta - Enjoy Valencia Centre,3881970,Apartamento,Valencia,1,1,€ 139,2019/09/24,2019/09/25,0,"9,8",7
Ramirez Flats & Bar,4124528,Apartahotel,Valencia,1,1,€ 140,2019/09/24,2019/09/25,0,"9,5",7
Disfruta - Enjoy Valencia Oceanografic,4121345,Apartamento,Valencia,1,1,€ 149,2019/09/24,2019/09/25,0,"9,6",7
BONNIES Suites & Spa Valencia,3631910,Apartamentos,Valencia,1,1,NA,2019/09/24,2019/09/25,0,"9,8",7
Disfruta - Enjoy Valencia Ayuntamiento,4901194,Apartamento,Valencia,1,1,€ 149,2019/09/24,2019/09/25,0,"9,6",7
MARQUÉS HOUSE 4* SUP,2118880,NA,Valencia,1,1,€ 189,2019/09/24,2019/09/25,4,"9,5",7
MD PASEO RUZAFA CENTER,5374850,Apartamento,Valencia,1,1,€ 1.130,2019/09/24,2019/09/25,0,"9,5",7
Art&Flats Bed&Breakfast,5238345,NA,Valencia,1,1,€ 30,2019/09/24,2019/09/25,0,9,7
HQ Rooms Apartments San Vicente,2894429,Apartamentos,Valencia,1,1,€ 122,2019/09/24,2019/09/25,0,"9,2",7
MD Design Hotel - Portal del Real,2391685,NA,Valencia,1,1,€ 124,2019/09/24,2019/09/25,2,"9,1",7
Mon Suites Catedral,485679,Apartamentos,Valencia,1,1,€ 125,2019/09/24,2019/09/25,0,"9,2",7
Friendly Rentals Boyvin,1923141,Apartamento,Valencia,1,1,€ 125,2019/09/24,2019/09/25,0,"9,3",7
Cantagua Hostel,4074640,NA,Valencia,1,1,€ 23,2019/09/24,2019/09/25,0,"9,1",7
Kasa Katia Eco Guest House,636256,NA,Valencia,1,1,€ 60,2019/09/24,2019/09/25,0,"9,4",7
Central Park Apartment Valencia,3881533,Apartamento,Valencia,1,1,NA,2019/09/24,2019/09/25,0,"9,5",7
Habitación privada a 1500 metros de la playa,3789910,NA,Valencia,1,1,€ 60,2019/09/24,2019/09/25,0,"9,2",7
Hostal la Barraca,350013,NA,Valencia,1,1,€ 60,2019/09/24,2019/09/25,0,"7,2",7
Cómoda habitación Valencia,4200488,NA,Valencia,1,1,NA,2019/09/24,2019/09/25,0,"9,5",7
Almiserat,3054886,Apartamento,Valencia,1,1,€ 60,2019/09/24,2019/09/25,0,"7,1",7
YOU & CO. Saler Beach Boutique,4533007,NA,Valencia,1,1,€ 65,2019/09/24,2019/09/25,3,"9,1",7
Magnífico Adosado- cerca de Valencia ciudad- en zona de montaña y playa fluvial,5354233,Casa o chalet,Valencia,1,1,€ 72,2019/09/24,2019/09/25,0,"9,1",7
Bianca,4232781,Apartamento,Valencia,1,1,€ 74,2019/09/24,2019/09/25,0,9,7
Central Station Valencia Hostel,1647017,NA,Valencia,1,1,€ 64,2019/09/24,2019/09/25,0,"7,1",7
Valencia Apartments,4367788,Apartamentos,Valencia,1,1,€ 69,2019/09/24,2019/09/25,0,"7,2",7
Centro Valencia Calle Cerrajeros,3476261,NA,Valencia,1,1,€ 75,2019/09/24,2019/09/25,0,"7,1",7
Valencia Apartmans El Carmen,847910,Apartamentos,Valencia,1,1,€ 78,2019/09/24,2019/09/25,0,"7,4",7
Kirei Apartment San Vicente,1774062,Apartamento,Valencia,1,1,€ 83,2019/09/24,2019/09/25,0,"7,3",7
Ático Valencia Centro,4358939,Apartamento,Valencia,1,1,NA,2019/09/24,2019/09/25,0,"9,9",7
Casual Socarrat Valencia,5142800,NA,Valencia,1,1,€ 126,2019/09/24,2019/09/25,3,"9,2",7
Center City Flats,861452,Apartamentos,Valencia,1,1,€ 128,2019/09/24,2019/09/25,0,"9,1",7
Luxury Center Plaza Redonda,5138960,Apartamento,Valencia,1,1,NA,2019/09/24,2019/09/25,0,"9,8",7
Apartamentos Valencia - Peset Aleixandre 135- FREE WI-FI,4262488,Apartamentos,Valencia,1,1,€ 129,2019/09/24,2019/09/25,0,9,7
Hotel Valencia Alameda,4019381,NA,Valencia,1,1,€ 130,2019/09/24,2019/09/25,4,"9,3",7
NWT Monserrat,3728842,Apartamentos,Valencia,1,1,€ 84,2019/09/24,2019/09/25,0,7,7
Malvarrosa Beach Rooms,314048,NA,Valencia,1,1,€ 85,2019/09/24,2019/09/25,2,7,7
Apartments Calle Padre Damian,4523326,Apartamentos,Valencia,1,1,€ 85,2019/09/24,2019/09/25,0,"7,2",7
Lujoso Apartamento En El Carmen,2814452,Apartamento,Valencia,1,1,€ 88,2019/09/24,2019/09/25,0,"7,4",7
Sorolla Centro,90896,NA,Valencia,1,1,€ 132,2019/09/24,2019/09/25,3,"9,1",7
Palacio de Rojas,1073276,Apartamentos,Valencia,1,1,€ 133,2019/09/24,2019/09/25,0,"9,3",7
Valenciaflats Centro Ciudad,18544,Apartamentos,Valencia,1,1,€ 135,2019/09/24,2019/09/25,0,"9,2",7
Kirei Apartment Vienna,4639797,Apartamento,Valencia,1,1,€ 92,2019/09/24,2019/09/25,0,"7,4",7
Suites by Eric Olsan (Peset),4726296,Apartamentos,Valencia,1,1,€ 92,2019/09/24,2019/09/25,0,"7,4",7
Apartment Denia 66,1545445,Apartamentos,Valencia,1,1,NA,2019/09/24,2019/09/25,0,"9,7",7
Cosy Rooms Embajador,369728,NA,Valencia,1,1,€ 94,2019/09/24,2019/09/25,2,"7,4",7
Kirei Apartment En Llop,1765516,Apartamentos,Valencia,1,1,€ 103,2019/09/24,2019/09/25,0,7,7
Original Domino House,5434091,NA,Valencia,1,1,€ 75,2019/09/24,2019/09/25,0,"9,1",7
City Garden Bed and Breakfast,2204361,NA,Valencia,1,1,€ 76,2019/09/24,2019/09/25,0,"9,4",7
Atico Loft Ruzafa,3152977,Apartamento,Valencia,1,1,NA,2019/09/24,2019/09/25,0,"9,7",7
Apartamento bianca,3205847,Apartamento,Valencia,1,1,€ 85,2019/09/24,2019/09/25,0,"9,1",7
Blanq Comedias,4922002,NA,Valencia,1,1,€ 86,2019/09/24,2019/09/25,0,"9,1",7
Las casitas de la playa,3177809,Apartamentos,Valencia,1,1,€ 108,2019/09/24,2019/09/25,0,7,7
B&B El Mercat,2203530,NA,Valencia,1,1,€ 110,2019/09/24,2019/09/25,0,"7,3",7
Apartamento para 10 personas,5029963,Apartamento,Valencia,1,1,€ 160,2019/09/24,2019/09/25,0,7,7
Select Home Catedral,440778,Apartamentos,Valencia,1,1,€ 160,2019/09/24,2019/09/25,0,"7,1",7
Loft Valencia Playa,3954993,Apartamento,Valencia,1,1,NA,2019/09/24,2019/09/25,0,"9,7",7
Apartment close to park Marchalenes,4418670,Apartamento,Valencia,1,1,€ 86,2019/09/24,2019/09/25,0,"9,1",7
Apartamento cerca de la Playa y el Centro,2620264,Apartamento,Valencia,1,1,€ 88,2019/09/24,2019/09/25,0,9,7
OttoH Charm Stay,2459807,NA,Valencia,1,1,€ 89,2019/09/24,2019/09/25,0,"9,3",7
RUZAFA. Nice apartment and Terrace.,4368595,Apartamento,Valencia,1,1,€ 93,2019/09/24,2019/09/25,0,"9,3",7
La seda stay,3335523,Apartamento,Valencia,1,1,NA,2019/09/24,2019/09/25,0,"9,7",7
Apartments Abate 4,2848648,Apartamentos,Valencia,1,1,€ 94,2019/09/24,2019/09/25,0,"9,1",7
Rooms Ciencias,94126,NA,Valencia,1,1,€ 95,2019/09/24,2019/09/25,0,9,7
L'Arbre,3972359,Apartamento,Valencia,1,1,€ 98,2019/09/24,2019/09/25,0,"9,4",7
Valenciaflats Ciudad de las Ciencias,93676,Apartamentos,Valencia,1,1,€ 99,2019/09/24,2019/09/25,0,"9,1",7
Palau de Palomar,471283,Apartamentos,Valencia,1,1,€ 139,2019/09/24,2019/09/25,0,"9,1",7
Apartamento Bolseria 28,881275,Apartamentos,Valencia,1,1,NA,2019/09/24,2019/09/25,0,"9,5",7
Friendly Rentals Montaner Beach,2314997,Apartamento,Valencia,1,1,€ 140,2019/09/24,2019/09/25,0,9,7
One Shot Mercat 09,2274203,NA,Valencia,1,1,€ 149,2019/09/24,2019/09/25,4,"9,1",7
Sweet Caroline Apartment,1811784,Apartamento,Valencia,1,1,€ 150,2019/09/24,2019/09/25,0,"9,2",7
Valenciaflats Mercado Central,307677,Apartamentos,Valencia,1,1,€ 99,2019/09/24,2019/09/25,0,9,7
Olvida tu Reloj Congresos Apartment,2448036,Apartamento,Valencia,1,1,€ 101,2019/09/24,2019/09/25,0,"9,2",7
Olvida tu Reloj Montichelvo Apartment,3258095,Apartamento,Valencia,1,1,€ 103,2019/09/24,2019/09/25,0,"9,4",7
Loft zona Pechina en Valencia centro,2524985,Apartamento,Valencia,1,1,€ 103,2019/09/24,2019/09/25,0,"9,2",7
Live in Chianti,2227491,NA,Valencia,1,1,€ 104,2019/09/24,2019/09/25,0,"9,1",7
B BEACH VALENCIA,5125954,Apartamento,Valencia,1,1,€ 150,2019/09/24,2019/09/25,0,"9,1",7
Mon Suites San Martin,2777545,Apartamentos,Valencia,1,1,€ 155,2019/09/24,2019/09/25,0,"9,4",7
Edificio Pentagono,4673669,Apartamento,Valencia,1,1,€ 160,2019/09/24,2019/09/25,0,9,7
Travel Habitat Ático Ciutat Vella.,3264750,Apartamento,Valencia,1,1,NA,2019/09/24,2019/09/25,0,"9,5",7
Jardines del Turia - Espacioso apartamento,2734126,Apartamento,Valencia,1,1,€ 170,2019/09/24,2019/09/25,0,"9,1",7
Live in Chianti Apartaments,2882632,Apartamentos,Valencia,1,1,€ 175,2019/09/24,2019/09/25,0,9,7
Select Home Town Hall,1648016,Apartamentos,Valencia,1,1,€ 160,2019/09/24,2019/09/25,0,"7,3",7
Dreams Rental La Paz,1107542,Apartamentos,Valencia,1,1,€ 245,2019/09/24,2019/09/25,0,"7,1",7
MD Puerto Rico Apartment Ruzafa,3737151,Apartamento,Valencia,1,1,€ 297,2019/09/24,2019/09/25,0,"7,4",7
Select Home Mercado Central,440757,Apartamentos,Valencia,1,1,€ 300,2019/09/24,2019/09/25,0,7,7
MD Villalonga Malvarosa Beach,3739661,Apartamento,Valencia,1,1,€ 490,2019/09/24,2019/09/25,0,"7,1",7
Zerka Sendra,4657122,Apartamento,Valencia,1,1,€ 179,2019/09/24,2019/09/25,0,9,7
MYR Hotel Plaza Mercado & Spa,1619029,Apartahotel,Valencia,1,1,€ 184,2019/09/24,2019/09/25,0,"9,2",7
NH Collection Colón Valencia,3828811,NA,Valencia,1,1,€ 192,2019/09/24,2019/09/25,4,"9,2",7
Apartamentos La más Bonita,2816245,Apartamentos,Valencia,1,1,€ 207,2019/09/24,2019/09/25,0,"9,1",7
RUZAFA- CENTRO-A/C- WI-FI- PARKING,2885994,Apartamento,Valencia,1,1,NA,2019/09/24,2019/09/25,0,"9,7",7
Living Valencia-Patacona Beach 44,2993615,Apartamentos,Valencia,1,1,€ 105,2019/09/24,2019/09/25,0,"9,1",7
Apartamento centro frente a Torres de Serrano,3408067,Apartamento,Valencia,1,1,€ 105,2019/09/24,2019/09/25,0,"9,4",7
Apartments Welcome to Valencia Peset Aleixandre 69,4964856,Apartamento,Valencia,1,1,€ 108,2019/09/24,2019/09/25,0,"9,1",7
BUBUSUITES by Bubuflats,2389776,NA,Valencia,1,1,€ 110,2019/09/24,2019/09/25,0,"9,3",7
Vincci Mercat,1279484,NA,Valencia,1,1,€ 209,2019/09/24,2019/09/25,4,9,7
Hotel Boutique Balandret,1281710,NA,Valencia,1,1,€ 210,2019/09/24,2019/09/25,3,"9,2",7
Arena's Apartament,2156905,Apartamento,Valencia,1,1,€ 225,2019/09/24,2019/09/25,0,"9,1",7
Hostal Venecia,92883,NA,Valencia,1,1,€ 112,2019/09/24,2019/09/25,2,"9,1",7
Casual Socarrat Valencia,5142800,NA,Valencia,1,1,€ 115,2019/09/24,2019/09/25,3,"9,2",7
Soho Valencia,1538641,Apartahotel,Valencia,1,1,€ 119,2019/09/24,2019/09/25,0,9,7
OCEANOGRAFIC DELUXE- PARKING- WI-FI,4095746,Apartamento,Valencia,1,1,€ 120,2019/09/24,2019/09/25,0,"9,2",7
Loyola Room Habitación en Piso Compartido,3298489,NA,Valencia,1,1,€ 30,2019/09/24,2019/09/25,0,"6,8",7
Loft in ehemaligem Fischer Haus,2952760,Apartamento,Valencia,1,1,NA,2019/09/24,2019/09/25,0,"9,5",7
Guest House Lebon,3124256,NA,Valencia,1,1,€ 35,2019/09/24,2019/09/25,0,"6,9",7
Habitación con cama doble,4794909,NA,Valencia,1,1,€ 36,2019/09/24,2019/09/25,0,"6,7",7
Ruzafa Rooms,2891693,NA,Valencia,1,1,€ 40,2019/09/24,2019/09/25,0,"6,9",7
PISO ACOGEDOR,4995780,NA,Valencia,1,1,€ 50,2019/09/24,2019/09/25,0,"6,9",7
Miresa flats,5300418,Apartamento,Valencia,1,1,€ 125,2019/09/24,2019/09/25,0,"6,6",7
Casita Esmeralda,2040126,Casa o chalet,Valencia,1,1,€ 139,2019/09/24,2019/09/25,0,"6,5",7
Hostal Antigua Morellana,1273937,NA,Valencia,1,1,NA,2019/09/24,2019/09/25,1,"9,5",7
Select Home Boutique Center,387770,Apartamentos,Valencia,1,1,€ 180,2019/09/24,2019/09/25,0,"6,9",7
Guest House Higinio Noja,2845935,NA,Valencia,1,1,€ 34,2019/09/24,2019/09/25,0,6,7
Fun and Sun Center 2,2944416,NA,Valencia,1,1,€ 41,2019/09/24,2019/09/25,0,"6,1",7
Apartamentos Wallace,1698355,Apartamentos,Valencia,1,1,€ 120,2019/09/24,2019/09/25,0,"9,2",7
Ca Carmela,2466364,Casa o chalet,Valencia,1,1,€ 225,2019/09/24,2019/09/25,0,"9,1",7
Las Arenas Balneario Resort,91144,NA,Valencia,1,1,€ 810,2019/09/24,2019/09/25,5,9,7
The River Hostel,494202,NA,Valencia,1,1,€ 30,2019/09/24,2019/09/25,0,"8,5",7
Valencia Just in the Middle,2965508,Apartamento,Valencia,1,1,NA,2019/09/24,2019/09/25,0,"9,9",7
Carrer del Bisbe Jaume Pérez,4900140,NA,Valencia,1,1,€ 55,2019/09/24,2019/09/25,0,6,7
Loft Central Market - Tapas,3187998,Apartamento,Valencia,1,1,€ 83,2019/09/24,2019/09/25,0,"6,4",7
Kirei Apartment San Agustin,1712323,Apartamentos,Valencia,1,1,€ 92,2019/09/24,2019/09/25,0,"6,1",7
Kirei Apartment Denver,4585191,Apartamento,Valencia,1,1,€ 103,2019/09/24,2019/09/25,0,"6,3",7
Select Home Viveros Gardens,1297339,Casa o chalet,Valencia,1,1,€ 265,2019/09/24,2019/09/25,0,"6,3",7
Homestay Carrer Sagun,5006434,NA,Valencia,1,1,€ 40,2019/09/24,2019/09/25,0,"8,6",7
Aventura,5567318,Apartamentos,Valencia,1,1,€ 40,2019/09/24,2019/09/25,0,"8,7",7
Valencia Suits You Citytel,1106307,NA,Valencia,1,1,€ 49,2019/09/24,2019/09/25,2,"8,6",7
Quart Youth Hostel,476418,NA,Valencia,1,1,€ 55,2019/09/24,2019/09/25,0,"8,6",7
Home Youth Hostel by Feetup Hostels,189322,NA,Valencia,1,1,€ 56,2019/09/24,2019/09/25,0,"8,8",7
Namaste Rooms,3799642,NA,Valencia,1,1,€ 60,2019/09/24,2019/09/25,0,"8,7",7
RoomTuristValencia - Ruzafa,4608394,NA,Valencia,1,1,€ 30,2019/09/24,2019/09/25,0,"5,6",7
Ruzafa Guesthouse,2269176,NA,Valencia,1,1,€ 38,2019/09/24,2019/09/25,0,"5,6",7
Home Sweet Home,1223953,NA,Valencia,1,1,€ 60,2019/09/24,2019/09/25,0,"5,5",7
Oliver,4865093,NA,Valencia,1,1,€ 73,2019/09/24,2019/09/25,0,"5,8",7
Kirei Apartment Berlin,4504570,Apartamentos,Valencia,1,1,€ 92,2019/09/24,2019/09/25,0,"5,5",7
Buho House,3777691,Apartahotel,Valencia,1,1,€ 64,2019/09/24,2019/09/25,0,"8,5",7
València Centre Túria,2185255,Apartamento,Valencia,1,1,€ 66,2019/09/24,2019/09/25,0,"8,8",7
Estrella de russafa,5352439,NA,Valencia,1,1,€ 70,2019/09/24,2019/09/25,0,"8,6",7
Atico En El Centro,2347147,Apartamento,Valencia,1,1,€ 70,2019/09/24,2019/09/25,0,"8,5",7
Carrer de l'Escriptor Rafael Ferreres,4267645,Apartamento,Valencia,1,1,€ 70,2019/09/24,2019/09/25,0,"8,6",7
Kirei Apartment Portland,4276529,Apartamentos,Valencia,1,1,€ 131,2019/09/24,2019/09/25,0,"5,9",7
Guest House Torres de Quart,2275006,NA,Valencia,1,1,€ 30,2019/09/24,2019/09/25,0,"5,3",7
Guest House Ruzafa,2324552,NA,Valencia,1,1,€ 38,2019/09/24,2019/09/25,0,"5,2",7
RoomTuristValencia Estacion del Norte,4682632,NA,Valencia,1,1,€ 45,2019/09/24,2019/09/25,0,"5,3",7
Host & Home,1663785,NA,Valencia,1,1,€ 72,2019/09/24,2019/09/25,0,"8,9",7
Habitación doble,3599930,NA,Valencia,1,1,€ 76,2019/09/24,2019/09/25,0,"8,9",7
Valenciaflats Centro Histórico,94781,Apartamentos,Valencia,1,1,€ 79,2019/09/24,2019/09/25,0,"8,7",7
Guest House Duc de Gaeta,2275007,NA,Valencia,1,1,€ 33,2019/09/24,2019/09/25,0,"4,9",7
Luz de Valencia,2076095,Apartamentos,Valencia,1,1,€ 79,2019/09/24,2019/09/25,0,"8,8",7
Burjassot Mestalla,3058627,Apartamento,Valencia,1,1,€ 80,2019/09/24,2019/09/25,0,"8,6",7
Casa del Patriarca,364834,NA,Valencia,1,1,€ 81,2019/09/24,2019/09/25,0,"8,9",7
Palacios Rooms,2773548,NA,Valencia,1,1,€ 81,2019/09/24,2019/09/25,0,"8,6",7
SHF Flats Baron,1033085,Apartamentos,Valencia,1,1,€ 85,2019/09/24,2019/09/25,0,8,7
Apartment in Valencia,2339175,Apartamento,Valencia,1,1,€ 85,2019/09/24,2019/09/25,0,"8,1",7
Preciosa Casita Cerca Del Mar,4057271,Apartamento,Valencia,1,1,NA,2019/09/24,2019/09/25,0,"9,7",7
Sweet Hotel Renasa,274818,NA,Valencia,1,1,€ 94,2019/09/24,2019/09/25,3,8,7
NWT Central Station Apartments,3964093,Apartamento,Valencia,1,1,€ 94,2019/09/24,2019/09/25,0,"8,2",7
NH Valencia Las Ciencias,90725,NA,Valencia,1,1,€ 98,2019/09/24,2019/09/25,3,8,7
MD Modern Hotel - Jardines,305447,NA,Valencia,1,1,€ 99,2019/09/24,2019/09/25,1,"8,3",7
Apartment near City of Arts,2242431,Apartamentos,Valencia,1,1,€ 100,2019/09/24,2019/09/25,0,"8,3",7
NH Ciudad de Valencia,90729,NA,Valencia,1,1,€ 100,2019/09/24,2019/09/25,3,"8,1",7
Charming Ninetta,3220582,Apartamento,Valencia,1,1,NA,2019/09/24,2019/09/25,0,"9,5",7
Ilunion Aqua 3,92776,NA,Valencia,1,1,€ 103,2019/09/24,2019/09/25,3,"8,3",7
Casual de las Artes Valencia,538056,NA,Valencia,1,1,€ 104,2019/09/24,2019/09/25,3,"8,4",7
Atico Ciutat Vella,3446230,Apartamentos,Valencia,1,1,€ 105,2019/09/24,2019/09/25,0,"8,4",7
Friendly Rentals ABC,3656596,Apartamento,Valencia,1,1,€ 105,2019/09/24,2019/09/25,0,"8,3",7
Valenciaflats Torres de Serrano,17468,Apartamentos,Valencia,1,1,€ 110,2019/09/24,2019/09/25,0,"8,3",7
Reina 12,1684198,NA,Valencia,1,1,€ 110,2019/09/24,2019/09/25,0,"8,2",7
APARTMENTS VALENCIA CENTER,5180014,Apartamentos,Valencia,1,1,NA,2019/09/24,2019/09/25,0,"9,6",7
NH Valencia Las Artes,90731,NA,Valencia,1,1,€ 113,2019/09/24,2019/09/25,4,"8,4",7
Senator Parque Central Hotel,274963,NA,Valencia,1,1,€ 114,2019/09/24,2019/09/25,4,"8,1",7
Apartamentos Sollana 18 Cerca de les Arts i les Ciencies Valencia- FREE WI-FI,5232423,Apartamento,Valencia,1,1,€ 116,2019/09/24,2019/09/25,0,"8,1",7
Hotel Medium Valencia,96838,NA,Valencia,1,1,€ 117,2019/09/24,2019/09/25,4,"8,2",7
NH Valencia Center,90727,NA,Valencia,1,1,€ 118,2019/09/24,2019/09/25,4,"8,3",7
Welcome Platanos 13 Valencia Beautiful apartments with terrace,5095795,Apartamento,Valencia,1,1,€ 119,2019/09/24,2019/09/25,0,"8,1",7
JL Ciudad de las Artes,3074378,Apartamento,Valencia,1,1,NA,2019/09/24,2019/09/25,0,"9,6",7
El Coso,14580,NA,Valencia,1,1,€ 120,2019/09/24,2019/09/25,3,"8,2",7
Lovely Apartment!,3377663,Apartamentos,Valencia,1,1,€ 125,2019/09/24,2019/09/25,0,"8,4",7
Zerka Centro,4425975,Apartamentos,Valencia,1,1,€ 129,2019/09/24,2019/09/25,0,"8,3",7
Silken Puerta Valencia,91182,NA,Valencia,1,1,€ 130,2019/09/24,2019/09/25,4,"8,3",7
Ilunion Valencia 4,754329,NA,Valencia,1,1,€ 133,2019/09/24,2019/09/25,4,"8,1",7
Friendly Rentals Gimenez,1634242,Apartamento,Valencia,1,1,€ 135,2019/09/24,2019/09/25,0,"8,3",7
Espai Loft Santa Mónica,4574135,Apartamento,Valencia,1,1,NA,2019/09/24,2019/09/25,0,"9,8",7
Hotel Valencia Center,91285,NA,Valencia,1,1,€ 139,2019/09/24,2019/09/25,4,"8,4",7
Malvarrosa Calle Pavia,3608764,Casa o chalet,Valencia,1,1,€ 140,2019/09/24,2019/09/25,0,8,7
Apartamentos Dormavalencia,4450983,Apartamentos,Valencia,1,1,€ 140,2019/09/24,2019/09/25,0,"8,4",7
Hotel Conqueridor,91047,NA,Valencia,1,1,€ 150,2019/09/24,2019/09/25,4,"8,4",7
Apartamento Obispo don Jerónimo,2079020,Apartamento,Valencia,1,1,€ 156,2019/09/24,2019/09/25,0,"8,2",7
Apartamento Gran Vía Marqués del Turia,2358973,Apartamento,Valencia,1,1,€ 172,2019/09/24,2019/09/25,0,"8,4",7
So de Mar,2204496,Apartamento,Valencia,1,1,NA,2019/09/24,2019/09/25,0,"9,6",7
Loft el Carmen amazing views,4932621,Apartamento,Valencia,1,1,€ 172,2019/09/24,2019/09/25,0,"8,1",7
Holiday Inn Express Ciudad de las Ciencias,96737,NA,Valencia,1,1,€ 176,2019/09/24,2019/09/25,3,8,7
Friendly Rentals Puerto Deportivo,2317861,Apartamentos,Valencia,1,1,€ 205,2019/09/24,2019/09/25,0,"8,2",7
Vlc Apartaments el Carmen,389902,Apartamentos,Valencia,1,1,€ 214,2019/09/24,2019/09/25,0,"8,2",7
Eurostars Rey Don Jaime,91520,NA,Valencia,1,1,€ 269,2019/09/24,2019/09/25,4,"8,2",7
Musico Peydro Apartments,3765069,Apartamentos,Valencia,1,1,€ 297,2019/09/24,2019/09/25,0,8,7
MD Vila Barbera Apartment Center,1957253,Apartamento,Valencia,1,1,€ 398,2019/09/24,2019/09/25,0,"8,3",7
MD Sueca. Apartment with Terrace Ruzafa,2551179,Apartamento,Valencia,1,1,€ 398,2019/09/24,2019/09/25,0,"8,2",7
Adrian's House,2271869,NA,Valencia,1,1,€ 32,2019/09/24,2019/09/25,0,"7,8",7
Apart and Benef,2291245,NA,Valencia,1,1,€ 34,2019/09/24,2019/09/25,0,"7,8",7
Habitación Céntrica en Casa de Familia,4289877,NA,Valencia,1,1,€ 35,2019/09/24,2019/09/25,0,"7,8",7
Pensión Universal,304276,NA,Valencia,1,1,€ 35,2019/09/24,2019/09/25,0,"7,9",7
UP Hostel Valencia,1710137,NA,Valencia,1,1,€ 37,2019/09/24,2019/09/25,0,"7,8",7
Hostal Moratin,326015,NA,Valencia,1,1,€ 39,2019/09/24,2019/09/25,1,"7,9",7
Habitación San Cayetano,4624401,NA,Valencia,1,1,€ 40,2019/09/24,2019/09/25,0,"7,7",7
Voyagers Inn Homestay,2682156,NA,Valencia,1,1,€ 42,2019/09/24,2019/09/25,0,"7,8",7
Valencia City Host,1177077,NA,Valencia,1,1,€ 44,2019/09/24,2019/09/25,0,"7,8",7
Casual Civilizaciones Valencia,449777,NA,Valencia,1,1,€ 48,2019/09/24,2019/09/25,0,"7,9",7
Balcón Al Mar,295109,NA,Valencia,1,1,€ 83,2019/09/24,2019/09/25,0,"8,5",7
B&B Hi Valencia Boutique,1301725,NA,Valencia,1,1,€ 88,2019/09/24,2019/09/25,0,"8,7",7
Apartment Sofi,2830696,Apartamento,Valencia,1,1,NA,2019/09/24,2019/09/25,0,"9,8",7
APARTAMENTO LAS MELLIZAS,4651578,NA,Valencia,1,1,€ 45,2019/09/24,2019/09/25,0,"8,5",7
El Coral Apartment Valencia,3606766,Apartamento,Valencia,1,1,€ 90,2019/09/24,2019/09/25,0,"8,7",7
Pio XII Apartments Valencia,402080,Apartamentos,Valencia,1,1,€ 90,2019/09/24,2019/09/25,0,"8,5",7
Suites by Eric Olsan (Florista),4726450,Apartamentos,Valencia,1,1,€ 91,2019/09/24,2019/09/25,0,"8,6",7
ABCyou Bed&Breakfast,189207,NA,Valencia,1,1,€ 94,2019/09/24,2019/09/25,0,"8,5",7
Plaza Sainetero Arniches,3984774,Apartamento,Valencia,1,1,€ 97,2019/09/24,2019/09/25,0,"8,6",7
Lounge by the sea,4756780,Apartamento,Valencia,1,1,NA,2019/09/24,2019/09/25,0,"9,8",7
ValentiaApartments - MercadoCentral,4185241,Apartamentos,Valencia,1,1,€ 98,2019/09/24,2019/09/25,0,"8,8",7
Ad Hoc Carmen,1173270,NA,Valencia,1,1,€ 99,2019/09/24,2019/09/25,2,"8,9",7
El Palacete Gran Via,3483148,NA,Valencia,1,1,€ 99,2019/09/24,2019/09/25,0,"8,8",7
One Shot Colón 46,1394168,NA,Valencia,1,1,€ 99,2019/09/24,2019/09/25,3,"8,7",7
BUBUFLATS / Mercat,783206,Apartamentos,Valencia,1,1,€ 100,2019/09/24,2019/09/25,0,"8,9",7
Apartment City of Arts,3811530,Apartamentos,Valencia,1,1,€ 102,2019/09/24,2019/09/25,0,"8,5",7
Centro en Valencia,2885222,Apartamento,Valencia,1,1,NA,2019/09/24,2019/09/25,0,"9,5",7
Hotel Malcom and Barret,483261,NA,Valencia,1,1,€ 105,2019/09/24,2019/09/25,3,"8,7",7
Hola Valencia - Holiday Apartments,2818140,Apartamentos,Valencia,1,1,€ 105,2019/09/24,2019/09/25,0,"8,8",7
Perla Apartments,3146781,Apartamentos,Valencia,1,1,€ 108,2019/09/24,2019/09/25,0,"8,7",7
Hotel Valencia Oceanic Managed by Melia Hotels International,91522,NA,Valencia,1,1,€ 109,2019/09/24,2019/09/25,4,"8,6",7
Friendly Rentals Schubert,1634221,Apartamentos,Valencia,1,1,€ 110,2019/09/24,2019/09/25,0,"8,9",7
City of Arts,3031480,Apartamento,Valencia,1,1,€ 110,2019/09/24,2019/09/25,0,"8,8",7
Apartamento Forn dels Apòstols,3122008,Apartamento,Valencia,1,1,NA,2019/09/24,2019/09/25,0,"9,6",7
New Trendy apartment,2426154,Apartamento,Valencia,1,1,€ 110,2019/09/24,2019/09/25,0,"8,7",7
Citizentral Gascons,332095,Apartamentos,Valencia,1,1,€ 110,2019/09/24,2019/09/25,0,"8,8",7
Tranquilo Apartamento En Plaza Cisneros,3127388,Apartamento,Valencia,1,1,€ 111,2019/09/24,2019/09/25,0,"8,8",7
Apartamentos Plaza Picasso,97063,Apartamentos,Valencia,1,1,€ 114,2019/09/24,2019/09/25,0,"8,5",7
Stylish newly renovated in great location /WIFI,3661070,Apartamento,Valencia,1,1,€ 115,2019/09/24,2019/09/25,0,"8,6",7
Sun Studio Valencia,2148309,Apartamento,Valencia,1,1,€ 115,2019/09/24,2019/09/25,0,"8,6",7
Apartamento,3139431,Apartamento,Valencia,1,1,NA,2019/09/24,2019/09/25,0,"9,5",7
Petit Palace Ruzafa,90792,NA,Valencia,1,1,€ 116,2019/09/24,2019/09/25,3,"8,7",7
Hotel Sercotel Acteón Valencia,90495,NA,Valencia,1,1,€ 116,2019/09/24,2019/09/25,4,"8,5",7
Ático Oasis de Ruzafa,2639518,Apartamento,Valencia,1,1,€ 117,2019/09/24,2019/09/25,0,"8,9",7
SKY TOURISTIC ATTIC,281640,Apartamentos,Valencia,1,1,€ 117,2019/09/24,2019/09/25,0,"8,5",7
Ad Hoc Monumental,90719,NA,Valencia,1,1,€ 118,2019/09/24,2019/09/25,3,"8,6",7
Hotel Mediterraneo Valencia,92412,NA,Valencia,1,1,€ 119,2019/09/24,2019/09/25,3,"8,8",7
City Center Atico 360,3025679,Apartamento,Valencia,1,1,NA,2019/09/24,2019/09/25,0,"9,5",7
Apartamentos Valencia - Brazil 31 Free WiFi,4948554,Apartamento,Valencia,1,1,€ 119,2019/09/24,2019/09/25,0,"8,8",7
Apartment in the Quart Towers II,4947694,Apartamento,Valencia,1,1,€ 122,2019/09/24,2019/09/25,0,"8,7",7
In the heart of Soho- Ruzafa,4578496,Apartamento,Valencia,1,1,€ 124,2019/09/24,2019/09/25,0,"8,8",7
SH Ingles Boutique Hotel,92956,NA,Valencia,1,1,€ 125,2019/09/24,2019/09/25,4,"8,5",7
Blanq Carmen Hotel,97069,NA,Valencia,1,1,€ 125,2019/09/24,2019/09/25,3,"8,7",7
Noche en las Artes,3026891,Apartamento,Valencia,1,1,€ 126,2019/09/24,2019/09/25,0,"8,5",7
FREE WI-FI. Apartamentos 90 м2 - Assutzena 5,4828764,Apartamento,Valencia,1,1,€ 128,2019/09/24,2019/09/25,0,"8,7",7
Catalonia Excelsior,90578,NA,Valencia,1,1,€ 130,2019/09/24,2019/09/25,3,"8,7",7
Lotelito,570027,NA,Valencia,1,1,€ 130,2019/09/24,2019/09/25,0,"8,9",7
Flatsforyou Ruzafa,3342696,Apartamentos,Valencia,1,1,€ 130,2019/09/24,2019/09/25,0,"8,8",7
Jardín Botánico Hotel Boutique,93369,NA,Valencia,1,1,€ 132,2019/09/24,2019/09/25,3,"8,9",7
Casual del Cine Valencia,572187,NA,Valencia,1,1,€ 132,2019/09/24,2019/09/25,2,"8,6",7
Reino de Valencia Apartments,453225,Apartamentos,Valencia,1,1,€ 135,2019/09/24,2019/09/25,0,"8,9",7
Pintor Salvador Abril 24 Apartment,3249845,Apartamento,Valencia,1,1,€ 135,2019/09/24,2019/09/25,0,"8,9",7
Hotel Kramer,91106,NA,Valencia,1,1,€ 140,2019/09/24,2019/09/25,3,"8,8",7
Friendly Rentals Ferrero,2314984,Apartamento,Valencia,1,1,€ 140,2019/09/24,2019/09/25,0,"8,8",7
Petit Palace Plaza de la Reina,90443,NA,Valencia,1,1,€ 143,2019/09/24,2019/09/25,3,"8,7",7
Boutique Creative Rooms,2334726,NA,Valencia,1,1,€ 144,2019/09/24,2019/09/25,0,"8,7",7
