name,propertyId,propertyType,city,rooms,days,price,checkIn,checkOut,stars,score,advance
Cathedral Suites Hotel,1736257,Apartahotel,Valencia,1,1,€ 159,2019/12/21,2019/12/22,4,"8,9",90
ValentiaApartments - MercadoCentral,4185241,Apartamentos,Valencia,1,1,€ 163,2019/12/21,2019/12/22,0,"8,8",90
MÍ casa YOUR HOME,3328967,Apartamento,Valencia,1,1,NA,2019/12/21,2019/12/22,0,"9,2",90
The Westin Valencia,93321,NA,Valencia,1,1,€ 173,2019/12/21,2019/12/22,5,"8,7",90
Apartamento Casa con Angel,1079935,Apartamentos,Valencia,1,1,€ 191,2019/12/21,2019/12/22,0,"8,8",90
Exclusive Beach Apartment,4641691,Apartamento,Valencia,1,1,€ 205,2019/12/21,2019/12/22,0,"8,9",90
Petit Palace Plaza de la Reina,90443,NA,Valencia,1,1,€ 238,2019/12/21,2019/12/22,3,"8,7",90
Flatsforyou Mercat,1367507,Apartamentos,Valencia,1,1,€ 280,2019/12/21,2019/12/22,3,"8,9",90
Habitacion Barata Valencia,3931013,NA,Valencia,1,1,€ 35,2019/12/21,2019/12/22,0,8,90
Calle Mora De Rubielos,2854363,Apartamento,Valencia,1,1,NA,2019/12/21,2019/12/22,0,"9,4",90
Habitacion en Valencia Barata,4861796,NA,Valencia,1,1,€ 40,2019/12/21,2019/12/22,0,"8,2",90
Hotel Villacarlos,90730,NA,Valencia,1,1,€ 41,2019/12/21,2019/12/22,3,8,90
Hostal Abastos,257057,NA,Valencia,1,1,€ 45,2019/12/21,2019/12/22,2,"8,2",90
Apartamentos La más Bonita,2816245,Apartamentos,Valencia,1,1,€ 113,2019/12/21,2019/12/22,0,"9,1",90
Vincci Mercat,1279484,NA,Valencia,1,1,€ 114,2019/12/21,2019/12/22,4,9,90
City Valencia Beach 360,4504803,Apartamento,Valencia,1,1,NA,2019/12/21,2019/12/22,0,"9,6",90
Center Valencia,2944722,Casa o chalet,Valencia,1,1,€ 115,2019/12/21,2019/12/22,0,"9,3",90
Purple Nest Hostel,25278,NA,Valencia,1,1,€ 46,2019/12/21,2019/12/22,0,"8,2",90
B&B Hi Valencia Canovas,305349,NA,Valencia,1,1,€ 48,2019/12/21,2019/12/22,0,"8,4",90
Rio Turia B&B,5531073,NA,Valencia,1,1,€ 48,2019/12/21,2019/12/22,0,8,90
Casas Benlliure,3274635,Apartamentos,Valencia,1,1,NA,2019/12/21,2019/12/22,0,"9,1",90
Red Nest Hostel,92283,NA,Valencia,1,1,€ 49,2019/12/21,2019/12/22,0,"8,2",90
Habitación en piso compartido,5433175,NA,Valencia,1,1,€ 50,2019/12/21,2019/12/22,0,"8,1",90
Urban Youth Hostel,1163025,NA,Valencia,1,1,€ 52,2019/12/21,2019/12/22,0,"8,4",90
Sweet Hotel Renasa,274818,NA,Valencia,1,1,€ 52,2019/12/21,2019/12/22,3,8,90
NH Valencia Las Ciencias,90725,NA,Valencia,1,1,€ 53,2019/12/21,2019/12/22,3,8,90
Como en casa,4802186,NA,Valencia,1,1,€ 54,2019/12/21,2019/12/22,0,"8,1",90
Eco-Friendly Apartments,1979834,Apartamentos,Valencia,1,1,NA,2019/12/21,2019/12/22,0,"9,2",90
5 SENSES,3786890,Apartamento,Valencia,1,1,€ 120,2019/12/21,2019/12/22,0,"9,1",90
Valencia-Ruzafa Studio,3235983,Apartamento,Valencia,1,1,€ 120,2019/12/21,2019/12/22,0,"9,1",90
Apartment close to park Marchalenes,4418670,Apartamento,Valencia,1,1,€ 120,2019/12/21,2019/12/22,0,"9,1",90
Hotel Boutique Balandret,1281710,NA,Valencia,1,1,€ 124,2019/12/21,2019/12/22,3,"9,2",90
Live in Chianti Apartaments,2882632,Apartamentos,Valencia,1,1,€ 128,2019/12/21,2019/12/22,0,9,90
Apartments Torres de Serranos Valencia,1099602,Apartamentos,Valencia,1,1,NA,2019/12/21,2019/12/22,0,"9,6",90
Loft zona Pechina en Valencia centro,2524985,Apartamento,Valencia,1,1,€ 128,2019/12/21,2019/12/22,0,"9,1",90
Center City Flats,861452,Apartamentos,Valencia,1,1,€ 128,2019/12/21,2019/12/22,0,"9,1",90
MD Design Hotel - Portal del Real,2391685,NA,Valencia,1,1,€ 133,2019/12/21,2019/12/22,2,"9,1",90
Kirei Apartment Portland,4276529,Apartamentos,Valencia,1,1,€ 200,2019/12/21,2019/12/22,0,"5,9",90
Port of Valencia,3805735,Apartamento,Valencia,1,1,€ 150,2019/12/21,2019/12/22,0,"5,1",90
MÍ casa YOUR HOME,3328967,Apartamento,Valencia,1,1,NA,2019/12/21,2019/12/22,0,"9,2",90
Malvarosa,3820590,Apartamento,Valencia,1,1,€ 190,2019/12/21,2019/12/22,0,"4,1",90
Habitación privada con baño privado a 300 metros de la playa.,5587588,NA,Valencia,1,1,€ 49,2019/12/21,2019/12/22,0,,90
Citizentral Juristas,1113127,Apartamentos,Valencia,1,1,€ 133,2019/12/21,2019/12/22,0,"9,2",90
Mon Suites Catedral,485679,Apartamentos,Valencia,1,1,€ 134,2019/12/21,2019/12/22,0,"9,2",90
Las Arenas Balneario Resort,91144,NA,Valencia,1,1,€ 135,2019/12/21,2019/12/22,5,9,90
So de Mar,2204496,Apartamento,Valencia,1,1,NA,2019/12/21,2019/12/22,0,"9,7",90
NH Collection Colón Valencia,3828811,NA,Valencia,1,1,€ 140,2019/12/21,2019/12/22,4,"9,2",90
Brisa Mare Nostrum,2855311,Apartamento,Valencia,1,1,€ 145,2019/12/21,2019/12/22,0,"9,3",90
APARTAMENTO CENTRICO. WI-FI. PARKING,2967593,Apartamento,Valencia,1,1,€ 150,2019/12/21,2019/12/22,0,"9,1",90
OCEANOGRAFIC DELUXE- PARKING- WI-FI,4095746,Apartamento,Valencia,1,1,€ 150,2019/12/21,2019/12/22,0,"9,2",90
Sweet Caroline Apartment,1811784,Apartamento,Valencia,1,1,€ 150,2019/12/21,2019/12/22,0,"9,2",90
Hogar Dulce Hogar,5426607,NA,Valencia,1,1,€ 60,2019/12/21,2019/12/22,0,,90
vosotros sereis parte de mi familia.,5299568,NA,Valencia,1,1,€ 60,2019/12/21,2019/12/22,0,,90
Apartamento con compartir,5366858,NA,Valencia,1,1,€ 65,2019/12/21,2019/12/22,0,,90
Rooms El Picolino,5326859,NA,Valencia,1,1,€ 65,2019/12/21,2019/12/22,0,,90
Calle Mora De Rubielos,2854363,Apartamento,Valencia,1,1,NA,2019/12/21,2019/12/22,0,"9,4",90
Mon Suites San Martin,2777545,Apartamentos,Valencia,1,1,€ 160,2019/12/21,2019/12/22,0,"9,4",90
Apartment Plaza Cisneros,1273377,Apartamentos,Valencia,1,1,NA,2019/12/21,2019/12/22,0,"9,8",90
My Loft 4 You Borgia,2009492,Apartamento,Valencia,1,1,€ 160,2019/12/21,2019/12/22,0,9,90
Mediterranean Flats Plaza Redonda,4086496,Apartamentos,Valencia,1,1,€ 175,2019/12/21,2019/12/22,0,"9,2",90
Mon Suites San Nicolas,4117225,Apartamentos,Valencia,1,1,€ 179,2019/12/21,2019/12/22,0,"9,2",90
Sol Playa,12656,NA,Valencia,1,1,€ 55,2019/12/21,2019/12/22,2,"8,3",90
Senator Parque Central Hotel,274963,NA,Valencia,1,1,€ 55,2019/12/21,2019/12/22,4,"8,1",90
Pension MonaLisa Luxury Suites,3834224,NA,Valencia,1,1,€ 56,2019/12/21,2019/12/22,0,"8,2",90
Edificio Pentagono,4673669,Apartamento,Valencia,1,1,€ 185,2019/12/21,2019/12/22,0,"9,1",90
City Center Atico 360,3025679,Apartamento,Valencia,1,1,€ 188,2019/12/21,2019/12/22,0,"9,4",90
Aparthotel Valencia Rental,17344,Apartahotel,Valencia,1,1,€ 57,2019/12/21,2019/12/22,0,8,90
Hotel Olympia Universidades,1301731,NA,Valencia,1,1,€ 57,2019/12/21,2019/12/22,3,"8,4",90
Habitación en Valencia,5477394,NA,Valencia,1,1,€ 72,2019/12/21,2019/12/22,0,,90
Florista's Room en Valencia,5502152,NA,Valencia,1,1,€ 75,2019/12/21,2019/12/22,0,,90
Loft Turia Gran,5133726,Apartamento,Valencia,1,1,€ 80,2019/12/21,2019/12/22,0,,90
Hotel Cosmo,4838858,NA,Valencia,1,1,€ 98,2019/12/21,2019/12/22,3,,90
Carrer de l'Arquitecte Alfaro 27 bajo derecha,4353398,Apartamento,Valencia,1,1,€ 102,2019/12/21,2019/12/22,0,,90
Comfort Homestay,5423155,NA,Valencia,1,1,€ 105,2019/12/21,2019/12/22,0,,90
Casas Benlliure,3274635,Apartamentos,Valencia,1,1,NA,2019/12/21,2019/12/22,0,"9,1",90
Apartamentos Artesa 22 Valencia,5546723,Apartamento,Valencia,1,1,€ 112,2019/12/21,2019/12/22,0,,90
Kirei Apartment Dublin,4639542,Apartamento,Valencia,1,1,€ 115,2019/12/21,2019/12/22,0,,90
CASA MARQUES DE CARO,4472176,Apartamento,Valencia,1,1,€ 121,2019/12/21,2019/12/22,0,,90
CENTER-Modern 2BR- 2BA-TERRACE- WI-FI- A/C,5241769,Apartamento,Valencia,1,1,€ 175,2019/12/21,2019/12/22,0,,90
Apartment Carrer Ernesto Che Guevara,5598848,Apartamentos,Valencia,1,1,€ 211,2019/12/21,2019/12/22,0,,90
"Flat ""Ca Alexandre""",3687859,Apartamento,Valencia,1,1,€ 240,2019/12/21,2019/12/22,0,,90
Eco-Friendly Apartments,1979834,Apartamentos,Valencia,1,1,NA,2019/12/21,2019/12/22,0,"9,2",90
Turia Guesthouse - B&B,2884427,Apartamento,Valencia,1,1,€ 265,2019/12/21,2019/12/22,0,,90
Apartment Carrer de Don Juan de Austria,5464038,Apartamentos,Valencia,1,1,€ 275,2019/12/21,2019/12/22,0,,90
Plaza Conde del RealHostel · SUPER NICE HOUSE GROUPS 12 PAX.. CENTER HISTORIC,4805177,Apartamento,Valencia,1,1,€ 295,2019/12/21,2019/12/22,0,,90
Governor Residence,3799760,Apartahotel,Valencia,1,1,€ 600,2019/12/21,2019/12/22,0,,90
Apartment Carrer de Cadis,5531328,Apartamentos,Valencia,1,1,€ 891,2019/12/21,2019/12/22,0,,90
MD Art Apartment Ruzafa,2550955,Apartamento,Valencia,1,1,€ 271,2019/12/21,2019/12/22,0,"7,5",90
MD Benlliure Beach.,1957258,Apartamento,Valencia,1,1,€ 271,2019/12/21,2019/12/22,0,"7,9",90
Apartment Regne De Valencia,1533033,Apartamentos,Valencia,1,1,NA,2019/12/21,2019/12/22,0,"9,4",90
MD Pelayo with terrace,1979067,Apartamento,Valencia,1,1,€ 271,2019/12/21,2019/12/22,0,"7,8",90
Dreams Rental City Hall,337092,Apartamentos,Valencia,1,1,€ 280,2019/12/21,2019/12/22,0,"7,5",90
MD Abastos Center,2551194,Apartamento,Valencia,1,1,€ 289,2019/12/21,2019/12/22,0,"7,7",90
MD Oliag I Apartment Ruzafa,2867488,Apartamento,Valencia,1,1,€ 317,2019/12/21,2019/12/22,0,"7,7",90
Apartment Plaza de la Merced,3457190,Apartamento,Valencia,1,1,€ 470,2019/12/21,2019/12/22,0,"7,9",90
Hostal Waksman,281139,NA,Valencia,1,1,€ 32,2019/12/21,2019/12/22,1,"7,3",90
Apartamento en la Ciudad de las Artes y las Ciencias,3552283,Apartamento,Valencia,1,1,NA,2019/12/21,2019/12/22,0,"9,4",90
feliz como en casa,3676196,NA,Valencia,1,1,€ 36,2019/12/21,2019/12/22,0,"7,2",90
Zen House,3671621,NA,Valencia,1,1,€ 39,2019/12/21,2019/12/22,0,"7,1",90
La Flamenca,818359,NA,Valencia,1,1,€ 40,2019/12/21,2019/12/22,0,"7,2",90
HOSPEDAJE PESET,4718074,NA,Valencia,1,1,€ 40,2019/12/21,2019/12/22,0,"7,2",90
Cosy Rooms Bolsería,371606,NA,Valencia,1,1,€ 49,2019/12/21,2019/12/22,2,"7,4",90
Centro Valencia Calle Cerrajeros,3476261,NA,Valencia,1,1,€ 50,2019/12/21,2019/12/22,0,"7,1",90
OCEANOGRAFIC APARTMENT. PARKING. WI-FI,3107716,Apartamentos,Valencia,1,1,NA,2019/12/21,2019/12/22,0,9,90
Habitacion Apartamento soleado Plaza Escultor Frechina,4865043,NA,Valencia,1,1,€ 50,2019/12/21,2019/12/22,0,"7,1",90
Cosy Rooms Embajador,369728,NA,Valencia,1,1,€ 52,2019/12/21,2019/12/22,2,"7,4",90
Murillo Apartment,408163,Apartamento,Valencia,1,1,€ 53,2019/12/21,2019/12/22,0,7,90
Sampedor Apartment,435662,Apartamentos,Valencia,1,1,€ 53,2019/12/21,2019/12/22,0,7,90
Central Station Valencia Hostel,1647017,NA,Valencia,1,1,€ 55,2019/12/21,2019/12/22,0,"7,1",90
Malvarrosa Beach Rooms,314048,NA,Valencia,1,1,€ 59,2019/12/21,2019/12/22,2,7,90
COZY APARTMENT VALENCIA BEACHFRONT!,3128516,Apartamento,Valencia,1,1,NA,2019/12/21,2019/12/22,0,"9,4",90
Plaza Redonda house.,4399973,NA,Valencia,1,1,€ 70,2019/12/21,2019/12/22,0,"7,4",90
Apartment Horticultor Bosch,1148669,Apartamentos,Valencia,1,1,€ 70,2019/12/21,2019/12/22,0,"7,3",90
Mi casa es vuestra casa,4967097,NA,Valencia,1,1,€ 70,2019/12/21,2019/12/22,0,"7,1",90
Almiserat,3054886,Apartamento,Valencia,1,1,€ 80,2019/12/21,2019/12/22,0,"7,1",90
Vamos A la Playa,5030500,Apartamento,Valencia,1,1,€ 90,2019/12/21,2019/12/22,0,"7,3",90
Guest House Samuel Ros,4161855,NA,Valencia,1,1,€ 90,2019/12/21,2019/12/22,0,"7,3",90
Teixidors de Palomar,2639791,Apartamentos,Valencia,1,1,NA,2019/12/21,2019/12/22,0,"9,3",90
Spain Host Valencia Centro- San Vicente II,2567628,Apartamento,Valencia,1,1,€ 114,2019/12/21,2019/12/22,0,"7,4",90
Kirei Apartment Vienna,4639797,Apartamento,Valencia,1,1,€ 126,2019/12/21,2019/12/22,0,"7,4",90
Kirei Apartment En Llop,1765516,Apartamentos,Valencia,1,1,€ 150,2019/12/21,2019/12/22,0,7,90
Kirei Apartment San Vicente,1774062,Apartamento,Valencia,1,1,€ 156,2019/12/21,2019/12/22,0,"7,4",90
Select Home Catedral,440778,Apartamentos,Valencia,1,1,€ 170,2019/12/21,2019/12/22,0,"7,1",90
Best Valencia Beach Flat,3246772,Apartamento,Valencia,1,1,€ 192,2019/12/21,2019/12/22,0,"7,1",90
Apartamento Ruzafa Centro II,3718518,Apartamento,Valencia,1,1,NA,2019/12/21,2019/12/22,0,9,90
Select Home Town Hall,1648016,Apartamentos,Valencia,1,1,€ 195,2019/12/21,2019/12/22,0,"7,4",90
HOSTAL BED OF THE SEA,3974636,NA,Valencia,1,1,€ 200,2019/12/21,2019/12/22,0,"7,1",90
MD Puerto Rico Apartment Ruzafa,3737151,Apartamento,Valencia,1,1,€ 289,2019/12/21,2019/12/22,0,"7,4",90
MD Villalonga Malvarosa Beach,3739661,Apartamento,Valencia,1,1,€ 430,2019/12/21,2019/12/22,0,"7,1",90
Apartments Calle Padre Damian,4523326,Apartamentos,Valencia,1,1,€ 530,2019/12/21,2019/12/22,0,"7,2",90
Habitación con cama doble,4794909,NA,Valencia,1,1,€ 32,2019/12/21,2019/12/22,0,"6,7",90
PISO ACOGEDOR,4995780,NA,Valencia,1,1,€ 50,2019/12/21,2019/12/22,0,"6,9",90
Guest House Lebon,3124256,NA,Valencia,1,1,€ 60,2019/12/21,2019/12/22,0,"6,9",90
Geography and Arts.,3569110,NA,Valencia,1,1,€ 60,2019/12/21,2019/12/22,0,"6,9",90
Kirei Apartment Na Jordana,1702092,Apartamentos,Valencia,1,1,€ 101,2019/12/21,2019/12/22,0,"6,9",90
Casita Esmeralda,2040126,Casa o chalet,Valencia,1,1,€ 114,2019/12/21,2019/12/22,0,"6,5",90
Miresa flats,5300418,Apartamento,Valencia,1,1,€ 148,2019/12/21,2019/12/22,0,"6,6",90
Carrer del Bisbe Jaume Pérez,4900140,NA,Valencia,1,1,€ 60,2019/12/21,2019/12/22,0,6,90
Guest House Higinio Noja,2845935,NA,Valencia,1,1,€ 60,2019/12/21,2019/12/22,0,6,90
Kirei Apartment San Agustin,1712323,Apartamentos,Valencia,1,1,€ 137,2019/12/21,2019/12/22,0,"6,1",90
Kirei Apartment Denver,4585191,Apartamento,Valencia,1,1,€ 161,2019/12/21,2019/12/22,0,"6,2",90
Oliver,4865093,NA,Valencia,1,1,€ 63,2019/12/21,2019/12/22,0,"5,7",90
Kirei Apartment Berlin,4504570,Apartamentos,Valencia,1,1,€ 103,2019/12/21,2019/12/22,0,"5,5",90
Casual del Cine Valencia,572187,NA,Valencia,1,1,€ 68,2019/12/21,2019/12/22,2,"8,6",90
Valencia maritimo,3020748,Apartamento,Valencia,1,1,€ 70,2019/12/21,2019/12/22,0,"8,9",90
City Valencia Beach 360,4504803,Apartamento,Valencia,1,1,NA,2019/12/21,2019/12/22,0,"9,6",90
AC Hotel Valencia,91063,NA,Valencia,1,1,€ 70,2019/12/21,2019/12/22,4,"8,5",90
UNIK. Apartments Valencia,2241282,Apartamentos,Valencia,1,1,€ 71,2019/12/21,2019/12/22,0,"8,5",90
Petit Palace Ruzafa,90792,NA,Valencia,1,1,€ 74,2019/12/21,2019/12/22,3,"8,7",90
Hotel Valencia Oceanic Managed by Melia Hotels International,91522,NA,Valencia,1,1,€ 75,2019/12/21,2019/12/22,4,"8,6",90
Habitación doble,3599930,NA,Valencia,1,1,€ 75,2019/12/21,2019/12/22,0,"8,9",90
Hotel Conqueridor,91047,NA,Valencia,1,1,€ 90,2019/12/21,2019/12/22,4,"8,4",90
Apartamento Plaza Sainetero,2743838,Apartamento,Valencia,1,1,€ 93,2019/12/21,2019/12/22,0,"8,2",90
Apartments Madrina,3278589,Apartamentos,Valencia,1,1,NA,2019/12/21,2019/12/22,0,9,90
Sercotel Sorolla Palace,93646,NA,Valencia,1,1,€ 76,2019/12/21,2019/12/22,4,"8,6",90
Apartments Torres de Serranos Valencia,1099602,Apartamentos,Valencia,1,1,NA,2019/12/21,2019/12/22,0,"9,6",90
Casual Vintage Valencia,1710241,NA,Valencia,1,1,€ 77,2019/12/21,2019/12/22,2,"8,6",90
Barceló Valencia,91988,NA,Valencia,1,1,€ 77,2019/12/21,2019/12/22,4,"8,7",90
Hotel Mediterraneo Valencia,92412,NA,Valencia,1,1,€ 78,2019/12/21,2019/12/22,3,"8,8",90
Catalonia Excelsior,90578,NA,Valencia,1,1,€ 80,2019/12/21,2019/12/22,3,"8,7",90
Atico Ciutat Vella,3446230,Apartamentos,Valencia,1,1,€ 95,2019/12/21,2019/12/22,0,"8,4",90
Homestay Valencia,2597106,NA,Valencia,1,1,€ 95,2019/12/21,2019/12/22,0,"8,1",90
Cozy fisherman's house,2241663,Casa o chalet,Valencia,1,1,€ 95,2019/12/21,2019/12/22,0,"8,3",90
United Colors of Apartments - Catedral,1301545,Apartamentos,Valencia,1,1,€ 99,2019/12/21,2019/12/22,0,"8,2",90
Apartamento Ciudad de las Artes y las Ciencias,4353552,Apartamento,Valencia,1,1,€ 99,2019/12/21,2019/12/22,0,"8,3",90
Boutique Creative Rooms,2334726,NA,Valencia,1,1,€ 81,2019/12/21,2019/12/22,0,"8,7",90
One Shot Colón 46,1394168,NA,Valencia,1,1,€ 81,2019/12/21,2019/12/22,3,"8,7",90
So de Mar,2204496,Apartamento,Valencia,1,1,NA,2019/12/21,2019/12/22,0,"9,7",90
Ad Hoc Monumental,90719,NA,Valencia,1,1,€ 82,2019/12/21,2019/12/22,3,"8,6",90
City of Arts & Spa Apartment,4820684,Apartamento,Valencia,1,1,€ 100,2019/12/21,2019/12/22,0,8,90
Casa alta del mar,2542826,Apartamento,Valencia,1,1,NA,2019/12/21,2019/12/22,0,"9,2",90
MD Modern Hotel - Jardines,305447,NA,Valencia,1,1,€ 105,2019/12/21,2019/12/22,1,"8,3",90
Carrer de María Montessori,3272386,Apartamento,Valencia,1,1,€ 120,2019/12/21,2019/12/22,0,"8,2",90
Apartamento Privado Próximo a Playa y Ciencias,3783163,Apartamento,Valencia,1,1,€ 120,2019/12/21,2019/12/22,0,"8,2",90
Melia Valencia,290493,NA,Valencia,1,1,€ 84,2019/12/21,2019/12/22,4,"8,8",90
València Centre Torres de Quart,886289,Apartamentos,Valencia,1,1,€ 85,2019/12/21,2019/12/22,0,"8,9",90
Lotelito,570027,NA,Valencia,1,1,€ 87,2019/12/21,2019/12/22,0,"8,9",90
Valenciaflats Centro Histórico,94781,Apartamentos,Valencia,1,1,€ 87,2019/12/21,2019/12/22,0,"8,7",90
Apartamento Obispo don Jerónimo,2079020,Apartamento,Valencia,1,1,€ 151,2019/12/21,2019/12/22,0,"8,2",90
Casa los Peces,3234194,Apartamento,Valencia,1,1,€ 154,2019/12/21,2019/12/22,0,"8,3",90
ValenciaBonita House.,4862486,Casas y chalets,Valencia,1,1,€ 215,2019/12/21,2019/12/22,0,8,90
Austria 4,1605997,Apartamentos,Valencia,1,1,NA,2019/12/21,2019/12/22,0,9,90
Zerka Centro,4425975,Apartamentos,Valencia,1,1,€ 238,2019/12/21,2019/12/22,0,"8,3",90
Hotel Dimar,90886,NA,Valencia,1,1,€ 90,2019/12/21,2019/12/22,4,"8,7",90
Apartment Plaza Cisneros,1273377,Apartamentos,Valencia,1,1,NA,2019/12/21,2019/12/22,0,"9,8",90
Casa de Maria,2467712,Apartamento,Valencia,1,1,€ 90,2019/12/21,2019/12/22,0,"8,6",90
Apartment Boutique,1874374,Apartamento,Valencia,1,1,€ 94,2019/12/21,2019/12/22,0,"8,5",90
València Centre Túria,2185255,Apartamento,Valencia,1,1,€ 94,2019/12/21,2019/12/22,0,"8,8",90
Musico Peydro Apartments,3765069,Apartamentos,Valencia,1,1,€ 271,2019/12/21,2019/12/22,0,8,90
Malvarrosa Calle Pavia,3608764,Casa o chalet,Valencia,1,1,€ 271,2019/12/21,2019/12/22,0,8,90
NWT Central Station Apartments,3964093,Apartamento,Valencia,1,1,€ 300,2019/12/21,2019/12/22,0,"8,2",90
UP Hostel Valencia,1710137,NA,Valencia,1,1,€ 28,2019/12/21,2019/12/22,0,"7,8",90
Habitación San Cayetano,4624401,NA,Valencia,1,1,€ 30,2019/12/21,2019/12/22,0,"7,5",90
Apartamento en la Ciudad de las ciencias,2837499,Casa o chalet,Valencia,1,1,NA,2019/12/21,2019/12/22,0,"9,2",90
Apart and Benef,2291245,NA,Valencia,1,1,€ 34,2019/12/21,2019/12/22,0,"7,8",90
Hostal On Dormire Valencia,432305,NA,Valencia,1,1,€ 35,2019/12/21,2019/12/22,0,"7,8",90
Habitación Céntrica en Casa de Familia,4289877,NA,Valencia,1,1,€ 35,2019/12/21,2019/12/22,0,"7,7",90
AC Hotel Colon Valencia,1117150,NA,Valencia,1,1,€ 97,2019/12/21,2019/12/22,4,"8,7",90
Homestay Carrer Sagun,5006434,NA,Valencia,1,1,€ 98,2019/12/21,2019/12/22,0,"8,6",90
Melia Plaza Valencia,13270,NA,Valencia,1,1,€ 99,2019/12/21,2019/12/22,4,"8,9",90
Valencia City Host,1177077,NA,Valencia,1,1,€ 36,2019/12/21,2019/12/22,0,"7,8",90
Voyagers Inn Homestay,2682156,NA,Valencia,1,1,€ 40,2019/12/21,2019/12/22,0,"7,8",90
Hotel Beleret,94652,NA,Valencia,1,1,€ 41,2019/12/21,2019/12/22,3,"7,6",90
Apartamento Alameda,1698817,Apartamento,Valencia,1,1,NA,2019/12/21,2019/12/22,0,"9,5",90
Apartamento en Valencia,2549783,Apartamento,Valencia,1,1,€ 100,2019/12/21,2019/12/22,0,"8,7",90
Valencian Apartment,2298621,Apartamento,Valencia,1,1,€ 100,2019/12/21,2019/12/22,0,"8,9",90
Hotel San Lorenzo Boutique,1307718,NA,Valencia,1,1,€ 104,2019/12/21,2019/12/22,3,"8,6",90
Splendid house in Valencia,3091182,Apartamentos,Valencia,1,1,NA,2019/12/21,2019/12/22,0,"9,3",90
Expo Hotel Valencia,91223,NA,Valencia,1,1,€ 43,2019/12/21,2019/12/22,3,"7,6",90
Casual de la Música Valencia,273130,NA,Valencia,1,1,€ 49,2019/12/21,2019/12/22,2,"7,5",90
Casual Civilizaciones Valencia,449777,NA,Valencia,1,1,€ 50,2019/12/21,2019/12/22,0,"7,9",90
New Trendy apartment,2426154,Apartamento,Valencia,1,1,€ 105,2019/12/21,2019/12/22,0,"8,7",90
SH Ingles Boutique Hotel,92956,NA,Valencia,1,1,€ 108,2019/12/21,2019/12/22,4,"8,5",90
Hotel Neptuno,91206,NA,Valencia,1,1,€ 108,2019/12/21,2019/12/22,4,"8,5",90
Homely Nest Valencia El Carme,3790877,Apartamento,Valencia,1,1,NA,2019/12/21,2019/12/22,0,"9,9",90
SKY TOURISTIC ATTIC,281640,Apartamentos,Valencia,1,1,€ 108,2019/12/21,2019/12/22,0,"8,5",90
Hostal Bisbal,235665,NA,Valencia,1,1,€ 50,2019/12/21,2019/12/22,1,"7,5",90
Habitacion PLaza Ayuntamiento,4365340,NA,Valencia,1,1,€ 50,2019/12/21,2019/12/22,0,"7,6",90
Cosy Rooms Tapinería,371192,NA,Valencia,1,1,€ 50,2019/12/21,2019/12/22,2,"7,5",90
Apartments Abate 4,2848648,Apartamentos,Valencia,1,1,NA,2019/12/21,2019/12/22,0,9,90
B&B Hotel Valencia Ciudad de las Ciencias,92242,NA,Valencia,1,1,€ 53,2019/12/21,2019/12/22,3,"7,5",90
Hotel Turia,14441,NA,Valencia,1,1,€ 55,2019/12/21,2019/12/22,4,"7,5",90
Habitacion por dias Centro Valencia,3977106,NA,Valencia,1,1,€ 55,2019/12/21,2019/12/22,0,"7,9",90
Ilunion Valencia 3,92818,NA,Valencia,1,1,€ 59,2019/12/21,2019/12/22,3,"7,9",90
Burjassot Mestalla,3058627,Apartamento,Valencia,1,1,€ 110,2019/12/21,2019/12/22,0,"8,6",90
Citizentral Gascons,332095,Apartamentos,Valencia,1,1,€ 110,2019/12/21,2019/12/22,0,"8,8",90
APARTAMENTO LAS MELLIZAS,4651578,NA,Valencia,1,1,€ 56,2019/12/21,2019/12/22,0,"8,5",90
SH Valencia Palace,91497,NA,Valencia,1,1,€ 112,2019/12/21,2019/12/22,5,"8,5",90
Blanq Carmen Hotel,97069,NA,Valencia,1,1,€ 114,2019/12/21,2019/12/22,3,"8,7",90
El Palacete Gran Via,3483148,NA,Valencia,1,1,€ 115,2019/12/21,2019/12/22,0,"8,9",90
Loft by the Beach,4441671,Apartamento,Valencia,1,1,€ 115,2019/12/21,2019/12/22,0,"8,5",90
OYO Pensión El Rincón,476031,NA,Valencia,1,1,€ 59,2019/12/21,2019/12/22,1,"7,6",90
Jero Rooms,296743,NA,Valencia,1,1,€ 62,2019/12/21,2019/12/22,0,"7,7",90
Checkin Valencia,93743,NA,Valencia,1,1,€ 62,2019/12/21,2019/12/22,4,"7,8",90
Plaza de la Virgen,3167342,Apartamento,Valencia,1,1,€ 115,2019/12/21,2019/12/22,0,"8,8",90
Biopark View Apartment,2381901,Apartamento,Valencia,1,1,€ 121,2019/12/21,2019/12/22,0,"8,9",90
Vincci Lys,91183,NA,Valencia,1,1,€ 123,2019/12/21,2019/12/22,4,"8,9",90
Precioso Apartamento En Pleno Centro Con Wifi,3023494,Apartamento,Valencia,1,1,€ 130,2019/12/21,2019/12/22,0,"8,8",90
Ilunion Aqua 4,92777,NA,Valencia,1,1,€ 131,2019/12/21,2019/12/22,4,"8,5",90
Zenit Valencia,92327,NA,Valencia,1,1,€ 139,2019/12/21,2019/12/22,4,"8,8",90
Hospes Palau de La Mar,93823,NA,Valencia,1,1,€ 140,2019/12/21,2019/12/22,5,"8,8",90
Valencia Lounge Hostel,337203,NA,Valencia,1,1,€ 64,2019/12/21,2019/12/22,0,"7,8",90
Alex Apartment,1756374,Apartamento,Valencia,1,1,€ 64,2019/12/21,2019/12/22,0,"7,9",90
Plaza Sainetero 5,3148458,Apartamento,Valencia,1,1,€ 91,2019/12/21,2019/12/22,0,"7,7",90
Apartamento Angel Alcazar 35,2174625,Apartamento,Valencia,1,1,€ 110,2019/12/21,2019/12/22,0,"7,6",90
Vincci Palace,94163,NA,Valencia,1,1,€ 141,2019/12/21,2019/12/22,4,"8,6",90
Apartamento Gran Vía Marqués del Turia,2358973,Apartamento,Valencia,1,1,€ 144,2019/12/21,2019/12/22,0,"8,5",90
Apartamento LUXURY CENTRO HISTORICO,3664772,Apartamento,Valencia,1,1,€ 149,2019/12/21,2019/12/22,0,"8,7",90
SEA YOU HOTEL PORT VALENCIA,92328,NA,Valencia,1,1,€ 113,2019/12/21,2019/12/22,4,"7,7",90
Apartment Valencia,348555,Apartamentos,Valencia,1,1,€ 114,2019/12/21,2019/12/22,0,"7,9",90
Apartamento Alguer,4005334,Apartamento,Valencia,1,1,€ 120,2019/12/21,2019/12/22,0,"7,6",90
STYLISH APARTMENT - CITY CENTER,2861517,Apartamento,Valencia,1,1,€ 140,2019/12/21,2019/12/22,0,"7,8",90
Kirei Apartment Calgary,4768322,Apartamento,Valencia,1,1,€ 148,2019/12/21,2019/12/22,0,"7,6",90
El 16 Ruzafa,865461,Apartamentos,Valencia,1,1,€ 149,2019/12/21,2019/12/22,0,"7,7",90
Old Town Flats Casa Burguerini,4552106,Apartamentos,Valencia,1,1,€ 151,2019/12/21,2019/12/22,0,"7,8",90
Colors Rooms,675839,NA,Valencia,1,1,€ 40,2019/12/21,2019/12/22,0,"9,6",90
Apartamento luminoso y acogedor,3489126,Apartamento,Valencia,1,1,€ 78,2019/12/21,2019/12/22,0,"9,5",90
BONNIES Suites & Spa Valencia,3631910,Apartamentos,Valencia,1,1,NA,2019/12/21,2019/12/22,0,"9,8",90
Ramirez Flats & Bar,4124528,Apartahotel,Valencia,1,1,€ 80,2019/12/21,2019/12/22,0,"9,5",90
Nest Style Valencia -Nueva apertura-,5219046,NA,Valencia,1,1,€ 88,2019/12/21,2019/12/22,3,"9,6",90
Casa La Buhardilla,2985364,Apartamento,Valencia,1,1,€ 97,2019/12/21,2019/12/22,0,"9,6",90
Precioso piso junto al antiguo barrio de Campanar,3297078,Apartamento,Valencia,1,1,€ 100,2019/12/21,2019/12/22,0,"9,5",90
15 Avinguda Mare Nostrum,4518973,Apartamento,Valencia,1,1,€ 120,2019/12/21,2019/12/22,0,"9,8",90
Olympia Flats,4212801,NA,Valencia,1,1,€ 60,2019/12/21,2019/12/22,0,"9,8",90
Barracart Apartments,2125836,Apartamentos,Valencia,1,1,NA,2019/12/21,2019/12/22,0,"9,6",90
Valencian Dreams Lonja,4757385,Apartamento,Valencia,1,1,€ 138,2019/12/21,2019/12/22,0,"9,8",90
Opera House Valencia B&B,3533887,NA,Valencia,1,1,€ 140,2019/12/21,2019/12/22,0,"9,5",90
Colón Market Downtown,4607745,Apartamento,Valencia,1,1,€ 140,2019/12/21,2019/12/22,0,"9,6",90
MARQUÉS HOUSE 4* SUP,2118880,NA,Valencia,1,1,€ 159,2019/12/21,2019/12/22,4,"9,5",90
Apartamento centro,3160737,Apartamento,Valencia,1,1,€ 165,2019/12/21,2019/12/22,0,"9,7",90
Ciudad Ciencias- Lujo- Parking- Wi-Fi.,4999636,Apartamento,Valencia,1,1,€ 170,2019/12/21,2019/12/22,0,"9,8",90
Apartments Downtown Valencia,2250421,Apartamentos,Valencia,1,1,NA,2019/12/21,2019/12/22,0,"9,6",90
Ca María,3776707,Apartamento,Valencia,1,1,€ 180,2019/12/21,2019/12/22,0,"9,7",90
Luxury Beach Apartment with Pool,3841868,Apartamento,Valencia,1,1,€ 355,2019/12/21,2019/12/22,0,"9,7",90
MD PASEO RUZAFA CENTER,5374850,Apartamento,Valencia,1,1,€ 1.030,2019/12/21,2019/12/22,0,"9,5",90
Cantagua Hostel,4074640,NA,Valencia,1,1,€ 39,2019/12/21,2019/12/22,0,"9,1",90
YOU & CO. Saler Beach Boutique,4533007,NA,Valencia,1,1,€ 42,2019/12/21,2019/12/22,3,"9,1",90
Habitación privada a 1500 metros de la playa,3789910,NA,Valencia,1,1,€ 60,2019/12/21,2019/12/22,0,"9,3",90
Atico Loft Ruzafa,3152977,Apartamento,Valencia,1,1,NA,2019/12/21,2019/12/22,0,"9,7",90
Hostal Venecia,92883,NA,Valencia,1,1,€ 60,2019/12/21,2019/12/22,2,"9,1",90
Soho Valencia,1538641,Apartahotel,Valencia,1,1,€ 61,2019/12/21,2019/12/22,0,9,90
Rooms Ciencias,94126,NA,Valencia,1,1,€ 68,2019/12/21,2019/12/22,0,9,90
Jardín Botánico Hotel Boutique,93369,NA,Valencia,1,1,€ 75,2019/12/21,2019/12/22,3,9,90
Live in Chianti,2227491,NA,Valencia,1,1,€ 75,2019/12/21,2019/12/22,0,"9,1",90
Casual Socarrat Valencia,5142800,NA,Valencia,1,1,€ 76,2019/12/21,2019/12/22,3,"9,1",90
Valencia what else...,2550483,Apartamento,Valencia,1,1,NA,2019/12/21,2019/12/22,0,"9,5",90
Blanq Comedias,4922002,NA,Valencia,1,1,€ 77,2019/12/21,2019/12/22,0,"9,1",90
Sorolla Centro,90896,NA,Valencia,1,1,€ 77,2019/12/21,2019/12/22,3,"9,1",90
Hotel Valencia Alameda,4019381,NA,Valencia,1,1,€ 79,2019/12/21,2019/12/22,4,"9,3",90
Valenciaflats Mercado Central,307677,Apartamentos,Valencia,1,1,€ 85,2019/12/21,2019/12/22,0,9,90
Atico de Lujo,2142556,Apartamento,Valencia,1,1,€ 85,2019/12/21,2019/12/22,0,"9,1",90
Hi Valencia Cánovas,4312120,Apartamentos,Valencia,1,1,€ 86,2019/12/21,2019/12/22,0,9,90
Central Park Apartment Valencia,3881533,Apartamento,Valencia,1,1,NA,2019/12/21,2019/12/22,0,"9,6",90
Apartamentos Wallace,1698355,Apartamentos,Valencia,1,1,€ 87,2019/12/21,2019/12/22,0,"9,2",90
Original Domino House,5434091,NA,Valencia,1,1,€ 87,2019/12/21,2019/12/22,0,"9,2",90
Valenciaflats Centro Ciudad,18544,Apartamentos,Valencia,1,1,€ 87,2019/12/21,2019/12/22,0,"9,2",90
Magnífico Adosado- cerca de Valencia ciudad- en zona de montaña y playa fluvial,5354233,Casa o chalet,Valencia,1,1,€ 90,2019/12/21,2019/12/22,0,"9,1",90
Una Ubicacion Perfecta,3114164,Apartamentos,Valencia,1,1,€ 90,2019/12/21,2019/12/22,0,"9,2",90
Calle de Frederica Montseny 'Política' Casa o chalet,5152866,Casa o chalet,Valencia,1,1,€ 95,2019/12/21,2019/12/22,0,"9,4",90
Valenciaflats Ciudad de las Ciencias,93676,Apartamentos,Valencia,1,1,€ 97,2019/12/21,2019/12/22,0,"9,1",90
Apartamento cerca de la Playa y el Centro,2620264,Apartamento,Valencia,1,1,€ 100,2019/12/21,2019/12/22,0,9,90
Piso como en tu casa 2,3834617,Apartamentos,Valencia,1,1,€ 101,2019/12/21,2019/12/22,0,"9,2",90
apartamento las torres-botanico,4694090,Apartamento,Valencia,1,1,€ 101,2019/12/21,2019/12/22,0,9,90
MYR Hotel Plaza Mercado & Spa,1619029,Apartahotel,Valencia,1,1,€ 105,2019/12/21,2019/12/22,0,"9,2",90
Forn desamparats,2380447,Apartamento,Valencia,1,1,€ 105,2019/12/21,2019/12/22,0,"9,4",90
Turia Burjassot 12,3237353,Apartamento,Valencia,1,1,€ 110,2019/12/21,2019/12/22,0,9,90
Apartamento centro frente a Torres de Serrano,3408067,Apartamento,Valencia,1,1,€ 110,2019/12/21,2019/12/22,0,"9,4",90
"Piso ""Como en tu casa""",2689136,Apartamento,Valencia,1,1,€ 110,2019/12/21,2019/12/22,0,"9,2",90
One Shot Mercat 09,2274203,NA,Valencia,1,1,€ 110,2019/12/21,2019/12/22,4,"9,1",90
Olvida tu Reloj Montichelvo Apartment,3258095,Apartamento,Valencia,1,1,€ 111,2019/12/21,2019/12/22,0,"9,4",90
Olvida tu Reloj Congresos Apartment,2448036,Apartamento,Valencia,1,1,€ 111,2019/12/21,2019/12/22,0,"9,2",90
