name,propertyId,propertyType,city,rooms,days,price,checkIn,checkOut,stars,score,advance
Kirei Apartment Calgary,4768322,Apartamento,Valencia,1,1,€ 148,2019/11/20,2019/11/21,0,"7,6",60
Old Town Flats Casa Burguerini,4552106,Apartamentos,Valencia,1,1,€ 151,2019/11/20,2019/11/21,0,"7,8",60
Living Valencia - Bolseria Street,2615995,Apartamentos,Valencia,1,1,NA,2019/11/20,2019/11/21,0,8,60
MD Benlliure Beach.,1957258,Apartamento,Valencia,1,1,€ 271,2019/11/20,2019/11/21,0,"7,9",60
MD Art Apartment Ruzafa,2550955,Apartamento,Valencia,1,1,€ 271,2019/11/20,2019/11/21,0,"7,5",60
MD Pelayo with terrace,1979067,Apartamento,Valencia,1,1,€ 271,2019/11/20,2019/11/21,0,"7,8",60
Dreams Rental City Hall,337092,Apartamentos,Valencia,1,1,€ 280,2019/11/20,2019/11/21,0,"7,5",60
MD Abastos Center,2551194,Apartamento,Valencia,1,1,€ 289,2019/11/20,2019/11/21,0,"7,7",60
Apartment Plaza de la Merced,3457190,Apartamento,Valencia,1,1,€ 470,2019/11/20,2019/11/21,0,"7,9",60
Lovely Apartment!,3377663,Apartamentos,Valencia,1,1,NA,2019/11/20,2019/11/21,0,"8,4",60
MD Oliag I Apartment Ruzafa,2867488,Apartamento,Valencia,1,1,€ 487,2019/11/20,2019/11/21,0,"7,7",60
Hostal Waksman,281139,NA,Valencia,1,1,€ 30,2019/11/20,2019/11/21,1,"7,3",60
feliz como en casa,3676196,NA,Valencia,1,1,€ 36,2019/11/20,2019/11/21,0,"7,2",60
Hostal Residencial RR,450746,NA,Valencia,1,1,€ 39,2019/11/20,2019/11/21,0,7,60
HOSPEDAJE PESET,4718074,NA,Valencia,1,1,€ 40,2019/11/20,2019/11/21,0,"7,2",60
La Flamenca,818359,NA,Valencia,1,1,€ 40,2019/11/20,2019/11/21,0,"7,2",60
Friendly Rentals Glinka,3649500,Apartamento,Valencia,1,1,NA,2019/11/20,2019/11/21,0,"8,3",60
Central Station Valencia Hostel,1647017,NA,Valencia,1,1,€ 43,2019/11/20,2019/11/21,0,"7,1",60
Murillo Apartment,408163,Apartamento,Valencia,1,1,€ 44,2019/11/20,2019/11/21,0,7,60
Sampedor Apartment,435662,Apartamentos,Valencia,1,1,€ 49,2019/11/20,2019/11/21,0,7,60
Coroa del Mar,1549399,Apartamentos,Valencia,1,1,€ 50,2019/11/20,2019/11/21,0,"7,1",60
Habitacion Apartamento soleado Plaza Escultor Frechina,4865043,NA,Valencia,1,1,€ 50,2019/11/20,2019/11/21,0,"7,1",60
Centro Valencia Calle Cerrajeros,3476261,NA,Valencia,1,1,€ 50,2019/11/20,2019/11/21,0,"7,1",60
Apartamentos Marina Beach,2661874,Apartamentos,Valencia,1,1,NA,2019/11/20,2019/11/21,0,"8,2",60
Cosy Rooms Bolsería,371606,NA,Valencia,1,1,€ 52,2019/11/20,2019/11/21,2,"7,4",60
Cosy Rooms Embajador,369728,NA,Valencia,1,1,€ 54,2019/11/20,2019/11/21,2,"7,4",60
Plaza Redonda house.,4399973,NA,Valencia,1,1,€ 59,2019/11/20,2019/11/21,0,"7,4",60
HOSTAL BED OF THE SEA,3974636,NA,Valencia,1,1,€ 61,2019/11/20,2019/11/21,0,"7,1",60
Malvarrosa Beach Rooms,314048,NA,Valencia,1,1,€ 63,2019/11/20,2019/11/21,2,7,60
Loft Superior el Carmen,2784473,Apartamento,Valencia,1,1,€ 209,2019/11/20,2019/11/21,0,"9,2",60
Caro Hotel,348132,NA,Valencia,1,1,€ 209,2019/11/20,2019/11/21,5,"9,2",60
Brisa Mare Nostrum,2855311,Apartamento,Valencia,1,1,NA,2019/11/20,2019/11/21,0,"9,3",60
Ca Carmela,2466364,Casa o chalet,Valencia,1,1,€ 225,2019/11/20,2019/11/21,0,"9,1",60
Las Arenas Balneario Resort,91144,NA,Valencia,1,1,€ 230,2019/11/20,2019/11/21,5,9,60
MD Julio Antonio Apartment Center,3961049,Apartamento,Valencia,1,1,€ 285,2019/11/20,2019/11/21,0,"9,3",60
Old Fisherman's House in Malvarrosa Beach,3618172,Apartamento,Valencia,1,1,€ 360,2019/11/20,2019/11/21,0,"9,4",60
The River Hostel,494202,NA,Valencia,1,1,€ 23,2019/11/20,2019/11/21,0,"8,5",60
Pensión Alicante,298710,NA,Valencia,1,1,€ 33,2019/11/20,2019/11/21,0,"8,5",60
APARTAMENTO FRENTE AL MAR - Mare Nostrum,1879022,Apartamento,Valencia,1,1,NA,2019/11/20,2019/11/21,0,"9,3",60
UNIK. Apartments Valencia,2241282,Apartamentos,Valencia,1,1,€ 42,2019/11/20,2019/11/21,0,"8,5",60
Russafa Youth Hostel,345134,NA,Valencia,1,1,€ 42,2019/11/20,2019/11/21,0,"8,6",60
Art&Flats Bed&Breakfast,5238345,NA,Valencia,1,1,€ 45,2019/11/20,2019/11/21,0,"8,9",60
Apartamentos Plaza Picasso,97063,Apartamentos,Valencia,1,1,€ 46,2019/11/20,2019/11/21,0,"8,5",60
Zalamera BnB,1331238,NA,Valencia,1,1,€ 47,2019/11/20,2019/11/21,0,"8,7",60
B&B Almirante,369695,NA,Valencia,1,1,€ 48,2019/11/20,2019/11/21,1,"8,8",60
Apartamento bianca,3205847,Apartamento,Valencia,1,1,NA,2019/11/20,2019/11/21,0,"9,1",60
Hulot B&B Valencia,585429,NA,Valencia,1,1,€ 49,2019/11/20,2019/11/21,0,"8,5",60
Buho House,3777691,Apartahotel,Valencia,1,1,€ 49,2019/11/20,2019/11/21,0,"8,5",60
Home Youth Hostel by Feetup Hostels,189322,NA,Valencia,1,1,€ 51,2019/11/20,2019/11/21,0,"8,8",60
Balcón Al Mar,295109,NA,Valencia,1,1,€ 51,2019/11/20,2019/11/21,0,"8,5",60
Pio XII Apartments Valencia,402080,Apartamentos,Valencia,1,1,€ 51,2019/11/20,2019/11/21,0,"8,5",60
B&B Hi Valencia Boutique,1301725,NA,Valencia,1,1,€ 51,2019/11/20,2019/11/21,0,"8,7",60
Apartment Malvarrosa Beach Cavite,1961815,Apartamento,Valencia,1,1,NA,2019/11/20,2019/11/21,0,"9,2",60
Hotel Malcom and Barret,483261,NA,Valencia,1,1,€ 53,2019/11/20,2019/11/21,3,"8,7",60
Turia Town,4064373,Apartamentos,Valencia,1,1,€ 53,2019/11/20,2019/11/21,0,"8,8",60
Namaste Rooms,3799642,NA,Valencia,1,1,€ 55,2019/11/20,2019/11/21,0,"8,7",60
València Centre Túria,2185255,Apartamento,Valencia,1,1,€ 56,2019/11/20,2019/11/21,0,"8,8",60
Casa del Patriarca,364834,NA,Valencia,1,1,€ 57,2019/11/20,2019/11/21,0,"8,9",60
Citizentral Juristas,1113127,Apartamentos,Valencia,1,1,€ 86,2019/11/20,2019/11/21,0,"9,2",60
Apartamentos El Olivo,1985143,Apartamento,Valencia,1,1,€ 86,2019/11/20,2019/11/21,0,"9,3",60
Tramontana Apartments,1277215,Apartamentos,Valencia,1,1,NA,2019/11/20,2019/11/21,0,9,60
Mon Suites San Nicolas,4117225,Apartamentos,Valencia,1,1,€ 87,2019/11/20,2019/11/21,0,"9,2",60
Apartamento cerca de la Playa y el Centro,2620264,Apartamento,Valencia,1,1,€ 88,2019/11/20,2019/11/21,0,9,60
Magnífico Adosado- cerca de Valencia ciudad- en zona de montaña y playa fluvial,5354233,Casa o chalet,Valencia,1,1,€ 90,2019/11/20,2019/11/21,0,"9,1",60
Turia Burjassot 12,3237353,Apartamento,Valencia,1,1,€ 90,2019/11/20,2019/11/21,0,9,60
Dolz Garden Ruzafa,1123993,Apartamentos,Valencia,1,1,€ 90,2019/11/20,2019/11/21,0,"9,1",60
RUZAFA. Nice apartment and Terrace.,4368595,Apartamento,Valencia,1,1,€ 90,2019/11/20,2019/11/21,0,"9,3",60
Casa alta del mar,2542826,Apartamento,Valencia,1,1,NA,2019/11/20,2019/11/21,0,"9,2",60
Olvida tu Reloj Montichelvo Apartment,3258095,Apartamento,Valencia,1,1,€ 91,2019/11/20,2019/11/21,0,"9,4",60
Olvida tu Reloj Congresos Apartment,2448036,Apartamento,Valencia,1,1,€ 91,2019/11/20,2019/11/21,0,"9,2",60
One Shot Mercat 09,2274203,NA,Valencia,1,1,€ 93,2019/11/20,2019/11/21,4,"9,1",60
Center City Flats,861452,Apartamentos,Valencia,1,1,€ 94,2019/11/20,2019/11/21,0,"9,1",60
Mon Suites San Martin,2777545,Apartamentos,Valencia,1,1,€ 95,2019/11/20,2019/11/21,0,"9,4",60
Calle de Frederica Montseny 'Política' Casa o chalet,5152866,Casa o chalet,Valencia,1,1,€ 95,2019/11/20,2019/11/21,0,"9,4",60
Total Valencia White,2201908,Apartamento,Valencia,1,1,NA,2019/11/20,2019/11/21,0,"9,2",60
Sorolla Centro,90896,NA,Valencia,1,1,€ 99,2019/11/20,2019/11/21,3,"9,1",60
Hi Valencia Apartments - Jorge Juan,2373701,Apartamento,Valencia,1,1,€ 100,2019/11/20,2019/11/21,0,"9,4",60
Piso como en tu casa 2,3834617,Apartamentos,Valencia,1,1,€ 101,2019/11/20,2019/11/21,0,"9,2",60
Palacio de Rojas,1073276,Apartamentos,Valencia,1,1,€ 105,2019/11/20,2019/11/21,0,"9,3",60
MYR Hotel Plaza Mercado & Spa,1619029,Apartahotel,Valencia,1,1,€ 105,2019/11/20,2019/11/21,0,"9,2",60
Forn desamparats,2380447,Apartamento,Valencia,1,1,€ 105,2019/11/20,2019/11/21,0,"9,4",60
Apartments Abate 4,2848648,Apartamentos,Valencia,1,1,NA,2019/11/20,2019/11/21,0,9,60
HQ Rooms Apartments San Vicente,2894429,Apartamentos,Valencia,1,1,€ 105,2019/11/20,2019/11/21,0,"9,2",60
Apartamento centro frente a Torres de Serrano,3408067,Apartamento,Valencia,1,1,€ 105,2019/11/20,2019/11/21,0,"9,4",60
5 SENSES,3786890,Apartamento,Valencia,1,1,€ 107,2019/11/20,2019/11/21,0,"9,1",60
OCEANOGRAFIC DELUXE- PARKING- WI-FI,4095746,Apartamento,Valencia,1,1,€ 110,2019/11/20,2019/11/21,0,"9,2",60
"Piso ""Como en tu casa""",2689136,Apartamento,Valencia,1,1,€ 110,2019/11/20,2019/11/21,0,"9,2",60
Geography and Arts.,3569110,NA,Valencia,1,1,€ 60,2019/11/20,2019/11/21,0,"6,9",60
Guest House Lebon,3124256,NA,Valencia,1,1,€ 60,2019/11/20,2019/11/21,0,"6,9",60
piso cerca de la playa,3269379,Apartamento,Valencia,1,1,NA,2019/11/20,2019/11/21,0,"8,7",60
Kirei Apartment Na Jordana,1702092,Apartamentos,Valencia,1,1,€ 101,2019/11/20,2019/11/21,0,"6,9",60
Casita Esmeralda,2040126,Casa o chalet,Valencia,1,1,€ 114,2019/11/20,2019/11/21,0,"6,5",60
Miresa flats,5300418,Apartamento,Valencia,1,1,€ 125,2019/11/20,2019/11/21,0,"6,6",60
Fun and Sun Center 2,2944416,NA,Valencia,1,1,€ 36,2019/11/20,2019/11/21,0,"6,1",60
Guest House Higinio Noja,2845935,NA,Valencia,1,1,€ 60,2019/11/20,2019/11/21,0,6,60
Carrer del Bisbe Jaume Pérez,4900140,NA,Valencia,1,1,€ 60,2019/11/20,2019/11/21,0,6,60
Santos A,4238287,Apartamento,Valencia,1,1,NA,2019/11/20,2019/11/21,0,"8,9",60
Kirei Apartment Denver,4585191,Apartamento,Valencia,1,1,€ 137,2019/11/20,2019/11/21,0,"6,2",60
Kirei Apartment San Agustin,1712323,Apartamentos,Valencia,1,1,€ 137,2019/11/20,2019/11/21,0,"6,1",60
RoomTuristValencia - Ruzafa,4608394,NA,Valencia,1,1,€ 25,2019/11/20,2019/11/21,0,"5,5",60
Ruzafa Guesthouse,2269176,NA,Valencia,1,1,€ 30,2019/11/20,2019/11/21,0,"5,6",60
Oliver,4865093,NA,Valencia,1,1,€ 35,2019/11/20,2019/11/21,0,"5,8",60
Gon & Diego House,4899561,NA,Valencia,1,1,€ 40,2019/11/20,2019/11/21,0,"5,6",60
BonApart Apartment Valencia,1490885,Apartamento,Valencia,1,1,NA,2019/11/20,2019/11/21,0,"8,5",60
Kirei Apartment Berlin,4504570,Apartamentos,Valencia,1,1,€ 108,2019/11/20,2019/11/21,0,"5,5",60
Kirei Apartment Portland,4276529,Apartamentos,Valencia,1,1,€ 200,2019/11/20,2019/11/21,0,"5,9",60
Guest House Torres de Quart,2275006,NA,Valencia,1,1,€ 30,2019/11/20,2019/11/21,0,"5,3",60
Port of Valencia,3805735,Apartamento,Valencia,1,1,€ 79,2019/11/20,2019/11/21,0,"5,1",60
RoomTuristValencia Torres de Quart,4565643,NA,Valencia,1,1,€ 25,2019/11/20,2019/11/21,0,"4,6",60
Guest House Duc de Gaeta,2275007,NA,Valencia,1,1,€ 28,2019/11/20,2019/11/21,0,"4,9",60
SingularStays Plaza del Mercado,1755231,Apartamentos,Valencia,1,1,NA,2019/11/20,2019/11/21,0,"8,5",60
Malvarosa,3820590,Apartamento,Valencia,1,1,€ 190,2019/11/20,2019/11/21,0,"4,1",60
Apartamento Islas Canarias,2304086,Apartamento,Valencia,1,1,€ 48,2019/11/20,2019/11/21,0,"3,8",60
Bright room with trundle bed,5560260,NA,Valencia,1,1,€ 46,2019/11/20,2019/11/21,0,,60
Habitación privada con baño privado a 300 metros de la playa.,5587588,NA,Valencia,1,1,€ 49,2019/11/20,2019/11/21,0,,60
Lindala,5250762,NA,Valencia,1,1,€ 49,2019/11/20,2019/11/21,0,,60
Aventura Valencia 2,5604325,NA,Valencia,1,1,€ 50,2019/11/20,2019/11/21,0,,60
En corts Flat,4471441,Apartamento,Valencia,1,1,NA,2019/11/20,2019/11/21,0,"8,5",60
vosotros sereis parte de mi familia.,5299568,NA,Valencia,1,1,€ 50,2019/11/20,2019/11/21,0,,60
Rooms El Picolino,5326859,NA,Valencia,1,1,€ 55,2019/11/20,2019/11/21,0,,60
Hogar Dulce Hogar,5426607,NA,Valencia,1,1,€ 60,2019/11/20,2019/11/21,0,,60
Apartamento con compartir,5366858,NA,Valencia,1,1,€ 65,2019/11/20,2019/11/21,0,,60
Bonito Apartamento- confortable y bien comunicado,5572090,Apartamento,Valencia,1,1,€ 68,2019/11/20,2019/11/21,0,,60
Cabanyal Apartment con patio,4323384,Apartamento,Valencia,1,1,€ 69,2019/11/20,2019/11/21,0,,60
Victoria Site @ Mercat Central,1958462,Apartamentos,Valencia,1,1,NA,2019/11/20,2019/11/21,0,"8,6",60
Florista's Room en Valencia,5502152,NA,Valencia,1,1,€ 70,2019/11/20,2019/11/21,0,,60
Habitación en Valencia,5477394,NA,Valencia,1,1,€ 72,2019/11/20,2019/11/21,0,,60
Loft Turia Gran,5133726,Apartamento,Valencia,1,1,€ 80,2019/11/20,2019/11/21,0,,60
Casa Adosada Quintero,5481770,Casa o chalet,Valencia,1,1,€ 93,2019/11/20,2019/11/21,0,,60
Kirei Apartment Dublin,4639542,Apartamento,Valencia,1,1,€ 96,2019/11/20,2019/11/21,0,,60
Comfort Homestay,5423155,NA,Valencia,1,1,€ 105,2019/11/20,2019/11/21,0,,60
Apartamentos Artesa 22 Valencia,5546723,Apartamento,Valencia,1,1,€ 112,2019/11/20,2019/11/21,0,,60
CASA MARQUES DE CARO,4472176,Apartamento,Valencia,1,1,€ 121,2019/11/20,2019/11/21,0,,60
RAVALENCIA 4,3377937,Apartamento,Valencia,1,1,€ 124,2019/11/20,2019/11/21,0,,60
Apartment Carrer Ernesto Che Guevara,5598848,Apartamentos,Valencia,1,1,€ 211,2019/11/20,2019/11/21,0,,60
"Flat ""Ca Alexandre""",3687859,Apartamento,Valencia,1,1,€ 240,2019/11/20,2019/11/21,0,,60
Apartamento con terraza,5238122,Apartahotel,Valencia,1,1,€ 240,2019/11/20,2019/11/21,0,,60
Turia Guesthouse - B&B,2884427,Apartamento,Valencia,1,1,€ 265,2019/11/20,2019/11/21,0,,60
Apartment Carrer de Don Juan de Austria,5464038,Apartamentos,Valencia,1,1,€ 275,2019/11/20,2019/11/21,0,,60
Governor Residence,3799760,Apartahotel,Valencia,1,1,€ 600,2019/11/20,2019/11/21,0,,60
Apartment Carrer de Cadis,5531328,Apartamentos,Valencia,1,1,€ 648,2019/11/20,2019/11/21,0,,60
Vlc Apartaments el Carmen,389902,Apartamentos,Valencia,1,1,€ 214,2019/11/20,2019/11/21,0,"8,3",60
Musico Peydro Apartments,3765069,Apartamentos,Valencia,1,1,€ 271,2019/11/20,2019/11/21,0,8,60
SingularStays Mar44,1002060,Apartamentos,Valencia,1,1,NA,2019/11/20,2019/11/21,0,"8,7",60
Malvarrosa Calle Pavia,3608764,Casa o chalet,Valencia,1,1,€ 271,2019/11/20,2019/11/21,0,8,60
NWT Central Station Apartments,3964093,Apartamento,Valencia,1,1,€ 300,2019/11/20,2019/11/21,0,"8,2",60
MD Vila Barbera Apartment Center,1957253,Apartamento,Valencia,1,1,€ 500,2019/11/20,2019/11/21,0,"8,3",60
MD Sueca. Apartment with Terrace Ruzafa,2551179,Apartamento,Valencia,1,1,€ 500,2019/11/20,2019/11/21,0,"8,2",60
UP Hostel Valencia,1710137,NA,Valencia,1,1,€ 24,2019/11/20,2019/11/21,0,"7,8",60
Pensión Universal,304276,NA,Valencia,1,1,€ 27,2019/11/20,2019/11/21,0,"7,9",60
Welcomer Apartments Valencia,19363,Apartamentos,Valencia,1,1,NA,2019/11/20,2019/11/21,0,"8,7",60
Habitación San Cayetano,4624401,NA,Valencia,1,1,€ 30,2019/11/20,2019/11/21,0,"7,7",60
Hostal Moratin,326015,NA,Valencia,1,1,€ 31,2019/11/20,2019/11/21,1,"7,9",60
Habitaciones Barra89,1076252,NA,Valencia,1,1,€ 31,2019/11/20,2019/11/21,0,"7,8",60
Adrian's House,2271869,NA,Valencia,1,1,€ 32,2019/11/20,2019/11/21,0,"7,8",60
Hostal El Cid,309465,NA,Valencia,1,1,€ 33,2019/11/20,2019/11/21,2,"7,6",60
Hostal On Dormire Valencia,432305,NA,Valencia,1,1,€ 35,2019/11/20,2019/11/21,0,"7,8",60
Angel Guimera Rooms & Breakfast,2524241,NA,Valencia,1,1,NA,2019/11/20,2019/11/21,0,"8,9",60
Habitación Céntrica en Casa de Familia,4289877,NA,Valencia,1,1,€ 35,2019/11/20,2019/11/21,0,"7,8",60
OYO Pensión El Rincón,476031,NA,Valencia,1,1,€ 36,2019/11/20,2019/11/21,1,"7,6",60
Voyagers Inn Homestay,2682156,NA,Valencia,1,1,€ 42,2019/11/20,2019/11/21,0,"7,8",60
Valencia City Host,1177077,NA,Valencia,1,1,€ 45,2019/11/20,2019/11/21,0,"7,8",60
Hotel Beleret,94652,NA,Valencia,1,1,€ 45,2019/11/20,2019/11/21,3,"7,6",60
Patacona Green Flats,292996,Apartamentos,Valencia,1,1,€ 46,2019/11/20,2019/11/21,0,"7,6",60
Apartments Trinitarios,364825,Apartamentos,Valencia,1,1,NA,2019/11/20,2019/11/21,0,"8,9",60
Expo Hotel Valencia,91223,NA,Valencia,1,1,€ 47,2019/11/20,2019/11/21,3,"7,6",60
Valencia Lounge Hostel,337203,NA,Valencia,1,1,€ 49,2019/11/20,2019/11/21,0,"7,8",60
United Colors of Studios - Mercado Central,2574108,Apartamentos,Valencia,1,1,€ 49,2019/11/20,2019/11/21,0,"7,8",60
Patacona Resort Apartments,189782,Apartamentos,Valencia,1,1,€ 49,2019/11/20,2019/11/21,0,"7,8",60
Casual Civilizaciones Valencia,449777,NA,Valencia,1,1,€ 50,2019/11/20,2019/11/21,0,"7,9",60
Apartamentos Abastos,1044426,Apartamentos,Valencia,1,1,€ 50,2019/11/20,2019/11/21,0,"7,6",60
Sunrise Apartments,640409,Apartamentos,Valencia,1,1,NA,2019/11/20,2019/11/21,0,"8,9",60
Casual de la Música Valencia,273130,NA,Valencia,1,1,€ 51,2019/11/20,2019/11/21,2,"7,5",60
Habitacion por dias Centro Valencia,3977106,NA,Valencia,1,1,€ 55,2019/11/20,2019/11/21,0,"7,9",60
B&B Hotel Valencia Ciudad de las Ciencias,92242,NA,Valencia,1,1,€ 56,2019/11/20,2019/11/21,3,"7,5",60
Cosy Rooms Tapinería,371192,NA,Valencia,1,1,€ 58,2019/11/20,2019/11/21,2,"7,5",60
Hotel Turia,14441,NA,Valencia,1,1,€ 59,2019/11/20,2019/11/21,4,"7,5",60
El Globo,24498,NA,Valencia,1,1,€ 60,2019/11/20,2019/11/21,1,"7,8",60
Flats Friends Soho Suites,1819642,Apartamentos,Valencia,1,1,NA,2019/11/20,2019/11/21,0,"8,6",60
Hostal Bisbal,235665,NA,Valencia,1,1,€ 60,2019/11/20,2019/11/21,1,"7,5",60
Checkin Valencia,93743,NA,Valencia,1,1,€ 62,2019/11/20,2019/11/21,4,"7,8",60
Ilunion Valencia 3,92818,NA,Valencia,1,1,€ 63,2019/11/20,2019/11/21,3,"7,9",60
Alex Apartment,1756374,Apartamento,Valencia,1,1,€ 65,2019/11/20,2019/11/21,0,"7,9",60
Jero Rooms,296743,NA,Valencia,1,1,€ 66,2019/11/20,2019/11/21,0,"7,7",60
El 16 Ruzafa,865461,Apartamentos,Valencia,1,1,€ 69,2019/11/20,2019/11/21,0,"7,7",60
Oceanográfico Apartments & Spa,324918,Apartamentos,Valencia,1,1,€ 70,2019/11/20,2019/11/21,0,"7,6",60
City Center Apartments,4426057,Apartamentos,Valencia,1,1,€ 72,2019/11/20,2019/11/21,0,"7,8",60
Apartamento Alguer,4005334,Apartamento,Valencia,1,1,€ 75,2019/11/20,2019/11/21,0,"7,6",60
Senator Parque Central Hotel,274963,NA,Valencia,1,1,€ 59,2019/11/20,2019/11/21,4,"8,1",60
El Coso,14580,NA,Valencia,1,1,€ 60,2019/11/20,2019/11/21,3,"8,2",60
Travel Habitat Literato azorin,3699013,Apartamento,Valencia,1,1,NA,2019/11/20,2019/11/21,0,9,60
Holiday Inn Express Ciudad de las Ciencias,96737,NA,Valencia,1,1,€ 60,2019/11/20,2019/11/21,3,8,60
Hotel Miramar,23332,NA,Valencia,1,1,€ 61,2019/11/20,2019/11/21,2,"8,4",60
Happy Apartments Valencia – Lope de Vega,575582,Apartamentos,Valencia,1,1,€ 62,2019/11/20,2019/11/21,0,"8,1",60
Hotel Medium Valencia,96838,NA,Valencia,1,1,€ 63,2019/11/20,2019/11/21,4,"8,1",60
NH Ciudad de Valencia,90729,NA,Valencia,1,1,€ 63,2019/11/20,2019/11/21,3,"8,1",60
Tryp Valencia Feria,92852,NA,Valencia,1,1,€ 63,2019/11/20,2019/11/21,4,"8,4",60
Casa tipica en la playa,2532733,Apartamento,Valencia,1,1,NA,2019/11/20,2019/11/21,0,"9,2",60
L'Otelet By Sweet,1467935,NA,Valencia,1,1,€ 64,2019/11/20,2019/11/21,0,"8,3",60
Reina 12,1684198,NA,Valencia,1,1,€ 64,2019/11/20,2019/11/21,0,"8,3",60
Hotel Alkazar,408511,NA,Valencia,1,1,€ 64,2019/11/20,2019/11/21,1,8,60
SEA YOU HOTEL PORT VALENCIA,92328,NA,Valencia,1,1,€ 78,2019/11/20,2019/11/21,4,"7,7",60
Suites by Eric Olsan (L),4287413,Apartamentos,Valencia,1,1,€ 83,2019/11/20,2019/11/21,0,"7,5",60
Torres Quart,3702234,Apartamentos,Valencia,1,1,€ 87,2019/11/20,2019/11/21,0,"7,7",60
Apartamento Angel Alcazar 35,2174625,Apartamento,Valencia,1,1,€ 90,2019/11/20,2019/11/21,0,"7,6",60
Plaza Sainetero 5,3148458,Apartamento,Valencia,1,1,€ 93,2019/11/20,2019/11/21,0,"7,7",60
Valenciaflats Torres de Serrano,17468,Apartamentos,Valencia,1,1,€ 66,2019/11/20,2019/11/21,0,"8,3",60
Eurostars Gran Valencia,90484,NA,Valencia,1,1,€ 68,2019/11/20,2019/11/21,4,"8,4",60
Casual de las Artes Valencia,538056,NA,Valencia,1,1,€ 68,2019/11/20,2019/11/21,3,"8,4",60
Welcome Apartamentos Pintor Stolz 31 Valencia,5019066,Apartamento,Valencia,1,1,NA,2019/11/20,2019/11/21,0,"9,1",60
Hotel Valencia Center,91285,NA,Valencia,1,1,€ 70,2019/11/20,2019/11/21,4,"8,4",60
City Suites Apartments,3091106,NA,Valencia,1,1,€ 74,2019/11/20,2019/11/21,0,"8,4",60
Atico Ciutat Vella,3446230,Apartamentos,Valencia,1,1,€ 75,2019/11/20,2019/11/21,0,"8,4",60
Silken Puerta Valencia,91182,NA,Valencia,1,1,€ 75,2019/11/20,2019/11/21,4,"8,3",60
Apartment Vicent,1674495,Apartamento,Valencia,1,1,€ 75,2019/11/20,2019/11/21,0,"8,3",60
Ilunion Aqua 3,92776,NA,Valencia,1,1,€ 79,2019/11/20,2019/11/21,3,"8,3",60
ApartUP Blue Opera View,1195443,Apartamento,Valencia,1,1,NA,2019/11/20,2019/11/21,0,"9,1",60
Primus Valencia,331871,NA,Valencia,1,1,€ 79,2019/11/20,2019/11/21,4,"8,3",60
Apartment Florista,2150187,Apartamento,Valencia,1,1,€ 95,2019/11/20,2019/11/21,0,"7,9",60
Apartment Valencia,348555,Apartamentos,Valencia,1,1,€ 99,2019/11/20,2019/11/21,0,"7,9",60
Nanit Valencia Hostel,3913497,NA,Valencia,1,1,€ 80,2019/11/20,2019/11/21,0,"8,3",60
Eurostars Rey Don Jaime,91520,NA,Valencia,1,1,€ 80,2019/11/20,2019/11/21,4,"8,2",60
NH Valencia Las Artes,90731,NA,Valencia,1,1,€ 81,2019/11/20,2019/11/21,4,"8,4",60
Sweet Hotel Renasa,274818,NA,Valencia,1,1,€ 83,2019/11/20,2019/11/21,3,8,60
Preciosos Apartamentos en el Carmen,2918345,Apartamentos,Valencia,1,1,€ 88,2019/11/20,2019/11/21,0,"8,1",60
Bianca,4232781,Apartamentos,Valencia,1,1,NA,2019/11/20,2019/11/21,0,9,60
Hotel Conqueridor,91047,NA,Valencia,1,1,€ 90,2019/11/20,2019/11/21,4,"8,4",60
Apartamento Ciudad de las Artes y las Ciencias,4353552,Apartamento,Valencia,1,1,€ 90,2019/11/20,2019/11/21,0,"8,3",60
Apartamento Plaza Sainetero,2743838,Apartamento,Valencia,1,1,€ 93,2019/11/20,2019/11/21,0,"8,2",60
Sweet Hotel Continental,93856,NA,Valencia,1,1,€ 94,2019/11/20,2019/11/21,2,"8,3",60
MD Modern Hotel - Jardines,305447,NA,Valencia,1,1,€ 99,2019/11/20,2019/11/21,1,"8,3",60
STYLISH APARTMENT - CITY CENTER,2861517,Apartamento,Valencia,1,1,€ 120,2019/11/20,2019/11/21,0,"7,8",60
Friendly Rentals Danna,1634254,Apartamento,Valencia,1,1,€ 145,2019/11/20,2019/11/21,0,"7,8",60
Precioso Apartamento En Pleno Centro Con Wifi,3023494,Apartamento,Valencia,1,1,€ 130,2019/11/20,2019/11/21,0,"8,8",60
Friendly Rentals Puerto Deportivo,2317861,Apartamentos,Valencia,1,1,€ 110,2019/11/20,2019/11/21,0,"8,2",60
Cedro flat,4225260,Apartamento,Valencia,1,1,NA,2019/11/20,2019/11/21,0,"8,8",60
Friendly Rentals Pergolesi,1634240,Apartamento,Valencia,1,1,€ 115,2019/11/20,2019/11/21,0,"8,4",60
Friendly Rentals ABC,3656596,Apartamento,Valencia,1,1,€ 115,2019/11/20,2019/11/21,0,"8,3",60
Welcome Platanos 13 Valencia Beautiful apartments with terrace,5095795,Apartamento,Valencia,1,1,€ 119,2019/11/20,2019/11/21,0,"8,1",60
Patacona Beach Apartment,4533678,Apartamento,Valencia,1,1,€ 119,2019/11/20,2019/11/21,0,"8,3",60
Carrer de María Montessori,3272386,Apartamento,Valencia,1,1,€ 120,2019/11/20,2019/11/21,0,"8,2",60
Apartamento Privado Próximo a Playa y Ciencias,3783163,Apartamento,Valencia,1,1,€ 120,2019/11/20,2019/11/21,0,"8,2",60
Cosy apartment near to the center,4064812,Apartamento,Valencia,1,1,€ 122,2019/11/20,2019/11/21,0,"8,3",60
Friendly Rentals Strauss,1634236,Apartamento,Valencia,1,1,€ 130,2019/11/20,2019/11/21,0,"8,7",60
Brisa Mare Nostrum,2855311,Apartamento,Valencia,1,1,NA,2019/11/20,2019/11/21,0,"9,3",60
Friendly Rentals Verdi 2,2523881,Apartamento,Valencia,1,1,€ 130,2019/11/20,2019/11/21,0,"8,8",60
FREE WI-FI. Apartamentos 90 м2 - Assutzena 5,4828764,Apartamento,Valencia,1,1,€ 132,2019/11/20,2019/11/21,0,"8,7",60
Hospes Palau de La Mar,93823,NA,Valencia,1,1,€ 136,2019/11/20,2019/11/21,5,"8,8",60
Apartamento Gran Vía Marqués del Turia,2358973,Apartamento,Valencia,1,1,€ 139,2019/11/20,2019/11/21,0,"8,5",60
Cathedral Suites Hotel,1736257,Apartahotel,Valencia,1,1,€ 139,2019/11/20,2019/11/21,4,"8,9",60
Friendly Rentals Desplat,4120221,Apartamento,Valencia,1,1,€ 140,2019/11/20,2019/11/21,0,"8,5",60
Ilunion Valencia 4,754329,NA,Valencia,1,1,€ 123,2019/11/20,2019/11/21,4,"8,1",60
Friendly Rentals Gimenez,1634242,Apartamento,Valencia,1,1,€ 125,2019/11/20,2019/11/21,0,"8,3",60
Rio Turia Skatehouse,4624602,Apartamento,Valencia,1,1,€ 126,2019/11/20,2019/11/21,0,"8,2",60
APARTAMENTO FRENTE AL MAR - Mare Nostrum,1879022,Apartamento,Valencia,1,1,NA,2019/11/20,2019/11/21,0,"9,3",60
AC Hotel Colon Valencia,1117150,NA,Valencia,1,1,€ 140,2019/11/20,2019/11/21,4,"8,7",60
Friendly Rentals Ferrero,2314984,Apartamento,Valencia,1,1,€ 145,2019/11/20,2019/11/21,0,"8,8",60
Hotel Valencia Oceanic Managed by Melia Hotels International,91522,NA,Valencia,1,1,€ 79,2019/11/20,2019/11/21,4,"8,6",60
Apartments Madrina,3278589,Apartamentos,Valencia,1,1,€ 80,2019/11/20,2019/11/21,0,"8,9",60
Calle Mora De Rubielos,2854363,Apartamento,Valencia,1,1,NA,2019/11/20,2019/11/21,0,"9,4",60
BUBUFLATS Mossén,1141763,Apartamentos,Valencia,1,1,€ 80,2019/11/20,2019/11/21,0,"8,9",60
Homestay Carrer Sagun,5006434,NA,Valencia,1,1,€ 80,2019/11/20,2019/11/21,0,"8,6",60
Zerka Centro,4425975,Apartamentos,Valencia,1,1,€ 129,2019/11/20,2019/11/21,0,"8,3",60
Apartamento Obispo don Jerónimo,2079020,Apartamento,Valencia,1,1,€ 135,2019/11/20,2019/11/21,0,"8,2",60
Friendly Rentals Verdi,1634232,Apartamento,Valencia,1,1,€ 135,2019/11/20,2019/11/21,0,"8,1",60
Friendly Rentals Telemann,1634241,Apartamento,Valencia,1,1,€ 145,2019/11/20,2019/11/21,0,"8,1",60
Friendly rentals Enesco Beach,2526514,Apartamento,Valencia,1,1,€ 150,2019/11/20,2019/11/21,0,8,60
Apartamento LUXURY CENTRO HISTORICO,3664772,Apartamento,Valencia,1,1,€ 149,2019/11/20,2019/11/21,0,"8,7",60
ValentiaApartments - MercadoCentral,4185241,Apartamentos,Valencia,1,1,€ 150,2019/11/20,2019/11/21,0,"8,8",60
Apartamento Sofia,2552406,Apartamento,Valencia,1,1,€ 150,2019/11/20,2019/11/21,0,"8,6",60
Friendly Rentals Vives 2,2523871,Apartamento,Valencia,1,1,€ 160,2019/11/20,2019/11/21,0,"8,7",60
Apartamento bianca,3205847,Apartamento,Valencia,1,1,NA,2019/11/20,2019/11/21,0,"9,1",60
Suites by Eric Olsan (Florista),4726450,Apartamentos,Valencia,1,1,€ 82,2019/11/20,2019/11/21,0,"8,6",60
Hotel El Siglo,1741479,NA,Valencia,1,1,€ 82,2019/11/20,2019/11/21,3,"8,5",60
One Shot Palacio Reina Victoria 04,90885,NA,Valencia,1,1,€ 84,2019/11/20,2019/11/21,4,"8,6",60
Ad Hoc Monumental,90719,NA,Valencia,1,1,€ 85,2019/11/20,2019/11/21,3,"8,6",60
Friendly Rentals Evans,1634220,Apartamentos,Valencia,1,1,€ 150,2019/11/20,2019/11/21,0,"8,4",60
Casa los Peces,3234194,Apartamento,Valencia,1,1,€ 154,2019/11/20,2019/11/21,0,"8,3",60
Loft el Carmen amazing views,4932621,Apartamento,Valencia,1,1,€ 172,2019/11/20,2019/11/21,0,"8,1",60
Puerta de Serranos,2734333,Apartamentos,Valencia,1,1,€ 161,2019/11/20,2019/11/21,0,"8,8",60
Mar & City Apartment,3456759,Apartamento,Valencia,1,1,€ 166,2019/11/20,2019/11/21,0,"8,9",60
Ilunion Aqua 4,92777,NA,Valencia,1,1,€ 170,2019/11/20,2019/11/21,4,"8,5",60
The Westin Valencia,93321,NA,Valencia,1,1,€ 173,2019/11/20,2019/11/21,5,"8,7",60
Vivaldi Penthouse Ayuntamiento,1289561,Apartamento,Valencia,1,1,NA,2019/11/20,2019/11/21,0,"9,2",60
Casa de Maria,2467712,Apartamento,Valencia,1,1,€ 85,2019/11/20,2019/11/21,0,"8,6",60
Burjassot Mestalla,3058627,Apartamento,Valencia,1,1,€ 85,2019/11/20,2019/11/21,0,"8,6",60
Barceló Valencia,91988,NA,Valencia,1,1,€ 86,2019/11/20,2019/11/21,4,"8,7",60
Biopark View Apartment,2381901,Apartamento,Valencia,1,1,€ 87,2019/11/20,2019/11/21,0,"8,9",60
Carlos & Ana,2079019,Apartamento,Valencia,1,1,€ 195,2019/11/20,2019/11/21,0,"8,9",60
Canela`s Vintage Ruzafa Centro,4652584,Apartamento,Valencia,1,1,€ 200,2019/11/20,2019/11/21,0,"8,7",60
Apartment Malvarrosa Beach Cavite,1961815,Apartamento,Valencia,1,1,NA,2019/11/20,2019/11/21,0,"9,2",60
Exclusive Beach Apartment,4641691,Apartamento,Valencia,1,1,€ 205,2019/11/20,2019/11/21,0,"8,9",60
Casa de Vacaciones Pintor Vilar,2093863,Apartamento,Valencia,1,1,€ 222,2019/11/20,2019/11/21,0,"8,9",60
SingularStays Parque Central,3054000,Apartamentos,Valencia,1,1,€ 261,2019/11/20,2019/11/21,0,"8,8",60
Hotel Gabbeach,403586,NA,Valencia,1,1,€ 89,2019/11/20,2019/11/21,3,"8,5",60
Guillem Sorolla Apartment,2961464,Apartamento,Valencia,1,1,€ 89,2019/11/20,2019/11/21,0,"8,9",60
Center Valencia,2944722,Casa o chalet,Valencia,1,1,NA,2019/11/20,2019/11/21,0,"9,3",60
Petit Palace Plaza de la Reina,90443,NA,Valencia,1,1,€ 89,2019/11/20,2019/11/21,3,"8,7",60
Habitacion Barata Valencia,3931013,NA,Valencia,1,1,€ 35,2019/11/20,2019/11/21,0,8,60
Habitación en valencia centro,5418023,NA,Valencia,1,1,€ 35,2019/11/20,2019/11/21,0,"8,3",60
Purple Nest Hostel,25278,NA,Valencia,1,1,€ 37,2019/11/20,2019/11/21,0,"8,2",60
My Loft 4 You Velluters,4126372,Apartamento,Valencia,1,1,NA,2019/11/20,2019/11/21,0,9,60
Perla Apartments,3146781,Apartamentos,Valencia,1,1,€ 90,2019/11/20,2019/11/21,0,"8,7",60
SKY TOURISTIC ATTIC,281640,Apartamentos,Valencia,1,1,€ 90,2019/11/20,2019/11/21,0,"8,5",60
Plaza Sainetero Arniches,3984774,Apartamento,Valencia,1,1,€ 92,2019/11/20,2019/11/21,0,"8,5",60
AC Hotel Valencia,91063,NA,Valencia,1,1,€ 94,2019/11/20,2019/11/21,4,"8,5",60
Center Valencia Youth Hostel,246931,NA,Valencia,1,1,€ 37,2019/11/20,2019/11/21,0,8,60
B&B Hi Valencia Canovas,305349,NA,Valencia,1,1,€ 38,2019/11/20,2019/11/21,0,"8,4",60
Habitación en piso compartido,5433175,NA,Valencia,1,1,€ 40,2019/11/20,2019/11/21,0,8,60
Casual Vintage Valencia,1710241,NA,Valencia,1,1,€ 94,2019/11/20,2019/11/21,2,"8,6",60
Friendly Rentals Boyvin,1923141,Apartamento,Valencia,1,1,NA,2019/11/20,2019/11/21,0,"9,3",60
Hotel San Lorenzo Boutique,1307718,NA,Valencia,1,1,€ 94,2019/11/20,2019/11/21,3,"8,6",60
Valencian Apartment,2298621,Apartamento,Valencia,1,1,€ 94,2019/11/20,2019/11/21,0,"8,9",60
Les flors,3985046,Apartamento,Valencia,1,1,€ 95,2019/11/20,2019/11/21,0,"8,7",60
Habitacion en Valencia Barata,4861796,NA,Valencia,1,1,€ 40,2019/11/20,2019/11/21,0,"8,2",60
Hostal Abastos,257057,NA,Valencia,1,1,€ 45,2019/11/20,2019/11/21,2,"8,2",60
Style Apartments Puerto,1558265,Apartamentos,Valencia,1,1,€ 45,2019/11/20,2019/11/21,0,"8,1",60
Precioso apartamento al lado de la playa,3370990,Apartamento,Valencia,1,1,NA,2019/11/20,2019/11/21,0,"9,3",60
Catalonia Excelsior,90578,NA,Valencia,1,1,€ 95,2019/11/20,2019/11/21,3,"8,7",60
New Trendy apartment,2426154,Apartamento,Valencia,1,1,€ 95,2019/11/20,2019/11/21,0,"8,7",60
El Coral Apartment Valencia,3606766,Apartamento,Valencia,1,1,€ 95,2019/11/20,2019/11/21,0,"8,7",60
Casa Cosy,375456,Apartamentos,Valencia,1,1,NA,2019/11/20,2019/11/21,0,"9,4",60
Hotel Dimar,90886,NA,Valencia,1,1,€ 99,2019/11/20,2019/11/21,4,"8,7",60
Red Nest Hostel,92283,NA,Valencia,1,1,€ 45,2019/11/20,2019/11/21,0,"8,2",60
Rio Turia B&B,5531073,NA,Valencia,1,1,€ 48,2019/11/20,2019/11/21,0,8,60
Casa Mati,4217185,NA,Valencia,1,1,€ 50,2019/11/20,2019/11/21,0,"8,3",60
Apartamentos Valencia,1007682,Apartamentos,Valencia,1,1,€ 50,2019/11/20,2019/11/21,0,"8,2",60
Aventura,5567318,Apartamentos,Valencia,1,1,€ 50,2019/11/20,2019/11/21,0,"8,3",60
APARTAMENTO LAS MELLIZAS,4651578,NA,Valencia,1,1,€ 50,2019/11/20,2019/11/21,0,"8,5",60
SH Ingles Boutique Hotel,92956,NA,Valencia,1,1,€ 100,2019/11/20,2019/11/21,4,"8,5",60
Melia Valencia,290493,NA,Valencia,1,1,€ 101,2019/11/20,2019/11/21,4,"8,8",60
Dormavalencia Hostel Regne,291755,NA,Valencia,1,1,€ 50,2019/11/20,2019/11/21,1,8,60
Urban Youth Hostel,1163025,NA,Valencia,1,1,€ 52,2019/11/20,2019/11/21,0,"8,4",60
Hotel Villacarlos,90730,NA,Valencia,1,1,€ 53,2019/11/20,2019/11/21,3,8,60
Hotel Olympia Universidades,1301731,NA,Valencia,1,1,€ 53,2019/11/20,2019/11/21,3,"8,4",60
Down Town,1656378,Apartamentos,Valencia,1,1,€ 53,2019/11/20,2019/11/21,0,"8,3",60
Up Town,2244083,Apartamentos,Valencia,1,1,€ 53,2019/11/20,2019/11/21,0,"8,2",60
Como en casa,4802186,NA,Valencia,1,1,€ 54,2019/11/20,2019/11/21,0,"8,1",60
Sol Playa,12656,NA,Valencia,1,1,€ 55,2019/11/20,2019/11/21,2,"8,3",60
United Colors of Apartments - Catedral,1301545,Apartamentos,Valencia,1,1,€ 55,2019/11/20,2019/11/21,0,"8,2",60
Pension MonaLisa Luxury Suites,3834224,NA,Valencia,1,1,€ 56,2019/11/20,2019/11/21,0,"8,3",60
Aparthotel Valencia Rental,17344,Apartahotel,Valencia,1,1,€ 57,2019/11/20,2019/11/21,0,8,60
NH Valencia Las Ciencias,90725,NA,Valencia,1,1,€ 57,2019/11/20,2019/11/21,3,8,60
Happy Apartments Valencia,456043,Apartamentos,Valencia,1,1,€ 58,2019/11/20,2019/11/21,0,"8,2",60
Melia Plaza Valencia,13270,NA,Valencia,1,1,€ 105,2019/11/20,2019/11/21,4,"8,9",60
Zenit Valencia,92327,NA,Valencia,1,1,€ 108,2019/11/20,2019/11/21,4,"8,8",60
apartamento las torres-botanico,4694090,Apartamento,Valencia,1,1,NA,2019/11/20,2019/11/21,0,9,60
Hotel Neptuno,91206,NA,Valencia,1,1,€ 108,2019/11/20,2019/11/21,4,"8,5",60
El Palacete Gran Via,3483148,NA,Valencia,1,1,€ 114,2019/11/20,2019/11/21,0,"8,9",60
Loft by the Beach,4441671,Apartamento,Valencia,1,1,€ 115,2019/11/20,2019/11/21,0,"8,5",60
City of Arts,3031480,Apartamento,Valencia,1,1,€ 115,2019/11/20,2019/11/21,0,"8,8",60
Friendly Rentals Nyman,3245521,Apartamento,Valencia,1,1,€ 115,2019/11/20,2019/11/21,0,"8,9",60
Plaza de la Virgen,3167342,Apartamento,Valencia,1,1,€ 115,2019/11/20,2019/11/21,0,"8,8",60
Friendly Rentals Ravel I,1634234,Apartamento,Valencia,1,1,€ 115,2019/11/20,2019/11/21,0,"8,8",60
Friendly Rentals Brade,1918694,Apartamento,Valencia,1,1,€ 115,2019/11/20,2019/11/21,0,"8,8",60
Friendly Rentals Casals,1769176,Apartamento,Valencia,1,1,€ 115,2019/11/20,2019/11/21,0,"8,7",60
SH Valencia Palace,91497,NA,Valencia,1,1,€ 120,2019/11/20,2019/11/21,5,"8,5",60
Flatsforyou Mercat,1367507,Apartamentos,Valencia,1,1,€ 120,2019/11/20,2019/11/21,3,"8,9",60
Apartments Plaza Ayuntamiento,3506736,Apartamento,Valencia,1,1,€ 120,2019/11/20,2019/11/21,0,"8,6",60
Vincci Lys,91183,NA,Valencia,1,1,€ 123,2019/11/20,2019/11/21,4,"8,9",60
Vincci Palace,94163,NA,Valencia,1,1,€ 123,2019/11/20,2019/11/21,4,"8,6",60
Friendly Rentals Soler,1634237,Apartamento,Valencia,1,1,€ 125,2019/11/20,2019/11/21,0,"8,7",60
Apartamentos Valencia - Brazil 31 Free WiFi,4948554,Apartamento,Valencia,1,1,€ 125,2019/11/20,2019/11/21,0,"8,8",60
Isabel,4442066,Apartamento,Valencia,1,1,€ 127,2019/11/20,2019/11/21,0,"8,6",60
Friendly Rentals Gala,1634252,Apartamento,Valencia,1,1,€ 130,2019/11/20,2019/11/21,0,"8,8",60
Colors Rooms,675839,NA,Valencia,1,1,€ 50,2019/11/20,2019/11/21,0,"9,6",60
United Colors of Apartments Boutique Style,5372347,Apartamentos,Valencia,1,1,€ 69,2019/11/20,2019/11/21,0,"9,8",60
BONNIES Suites & Spa Valencia,3631910,Apartamentos,Valencia,1,1,NA,2019/11/20,2019/11/21,0,"9,8",60
Nest Style Valencia -Nueva apertura-,5219046,NA,Valencia,1,1,€ 76,2019/11/20,2019/11/21,3,"9,6",60
Ramirez Flats & Bar,4124528,Apartahotel,Valencia,1,1,€ 77,2019/11/20,2019/11/21,0,"9,5",60
Apartamento luminoso y acogedor,3489126,Apartamento,Valencia,1,1,€ 78,2019/11/20,2019/11/21,0,"9,5",60
Bubuflats Bubu 3,1014334,Apartamento,Valencia,1,1,€ 80,2019/11/20,2019/11/21,0,"9,6",60
Hostal Antigua Morellana,1273937,NA,Valencia,1,1,€ 80,2019/11/20,2019/11/21,1,"9,5",60
Apartments Downtown Valencia,2250421,Apartamentos,Valencia,1,1,€ 95,2019/11/20,2019/11/21,0,"9,6",60
Apartamento Frederick “Centrico y con Clase”,4236394,Apartamento,Valencia,1,1,NA,2019/11/20,2019/11/21,0,"9,7",60
Opera House Valencia B&B,3533887,NA,Valencia,1,1,€ 96,2019/11/20,2019/11/21,0,"9,5",60
Casa La Buhardilla,2985364,Apartamento,Valencia,1,1,€ 97,2019/11/20,2019/11/21,0,"9,6",60
Olympia Flats,4212801,NA,Valencia,1,1,€ 50,2019/11/20,2019/11/21,0,"9,8",60
Precioso piso junto al antiguo barrio de Campanar,3297078,Apartamento,Valencia,1,1,€ 100,2019/11/20,2019/11/21,0,"9,5",60
Apartments Torres de Serranos Valencia,1099602,Apartamentos,Valencia,1,1,€ 110,2019/11/20,2019/11/21,0,"9,6",60
15 Avinguda Mare Nostrum,4518973,Apartamento,Valencia,1,1,€ 120,2019/11/20,2019/11/21,0,"9,8",60
APARTAMENTO DE DISEÑO EN PLAZA MANISES,2823390,Apartamento,Valencia,1,1,NA,2019/11/20,2019/11/21,0,"9,7",60
MARQUÉS HOUSE 4* SUP,2118880,NA,Valencia,1,1,€ 139,2019/11/20,2019/11/21,4,"9,5",60
Disfruta - Enjoy Valencia Oceanografic,4121345,Apartamento,Valencia,1,1,€ 139,2019/11/20,2019/11/21,0,"9,6",60
Disfruta - Enjoy Valencia Ayuntamiento,4901194,Apartamento,Valencia,1,1,€ 139,2019/11/20,2019/11/21,0,"9,6",60
Ciudad Ciencias- Lujo- Parking- Wi-Fi.,4999636,Apartamento,Valencia,1,1,€ 140,2019/11/20,2019/11/21,0,"9,8",60
Apartamento centro,3160737,Apartamento,Valencia,1,1,€ 165,2019/11/20,2019/11/21,0,"9,7",60
Ca María,3776707,Apartamento,Valencia,1,1,€ 180,2019/11/20,2019/11/21,0,"9,7",60
Apartamento Bolseria 28,881275,Apartamentos,Valencia,1,1,NA,2019/11/20,2019/11/21,0,"9,5",60
MD PASEO RUZAFA CENTER,5374850,Apartamento,Valencia,1,1,€ 1.030,2019/11/20,2019/11/21,0,"9,5",60
Cantagua Hostel,4074640,NA,Valencia,1,1,€ 37,2019/11/20,2019/11/21,0,"9,1",60
YOU & CO. Saler Beach Boutique,4533007,NA,Valencia,1,1,€ 44,2019/11/20,2019/11/21,3,"9,1",60
Apartamentos Edificio Palomar,189277,Apartamentos,Valencia,1,1,€ 59,2019/11/20,2019/11/21,0,"9,2",60
OttoH Charm Stay,2459807,NA,Valencia,1,1,€ 59,2019/11/20,2019/11/21,0,"9,3",60
Habitación privada a 1500 metros de la playa,3789910,NA,Valencia,1,1,€ 60,2019/11/20,2019/11/21,0,"9,3",60
Valencia center,3168460,Apartamento,Valencia,1,1,NA,2019/11/20,2019/11/21,0,"9,8",60
Hostal Venecia,92883,NA,Valencia,1,1,€ 60,2019/11/20,2019/11/21,2,"9,1",60
Rooms Ciencias,94126,NA,Valencia,1,1,€ 62,2019/11/20,2019/11/21,0,9,60
Hi Valencia Cánovas,4312120,Apartamentos,Valencia,1,1,€ 63,2019/11/20,2019/11/21,0,9,60
Valenciaflats Mercado Central,307677,Apartamentos,Valencia,1,1,€ 63,2019/11/20,2019/11/21,0,9,60
Palau de Palomar,471283,Apartamentos,Valencia,1,1,€ 64,2019/11/20,2019/11/21,0,"9,1",60
Soho Valencia,1538641,Apartahotel,Valencia,1,1,€ 65,2019/11/20,2019/11/21,0,9,60
Preciosa Casita Cerca Del Mar,4057271,Apartamento,Valencia,1,1,NA,2019/11/20,2019/11/21,0,"9,7",60
Jardín Botánico Hotel Boutique,93369,NA,Valencia,1,1,€ 66,2019/11/20,2019/11/21,3,9,60
Valenciaflats Centro Ciudad,18544,Apartamentos,Valencia,1,1,€ 66,2019/11/20,2019/11/21,0,"9,2",60
Blanq Comedias,4922002,NA,Valencia,1,1,€ 68,2019/11/20,2019/11/21,0,"9,1",60
La casita de Palomar,2132386,Apartamentos,Valencia,1,1,€ 69,2019/11/20,2019/11/21,0,"9,4",60
Apartamentos Wallace,1698355,Apartamentos,Valencia,1,1,€ 73,2019/11/20,2019/11/21,0,"9,2",60
Live in Chianti,2227491,NA,Valencia,1,1,€ 75,2019/11/20,2019/11/21,0,"9,1",60
BUBUSUITES by Bubuflats,2389776,NA,Valencia,1,1,€ 75,2019/11/20,2019/11/21,0,"9,3",60
El Cid,2740801,Apartamento,Valencia,1,1,€ 75,2019/11/20,2019/11/21,0,9,60
City Garden Bed and Breakfast,2204361,NA,Valencia,1,1,€ 76,2019/11/20,2019/11/21,0,"9,4",60
Casual Socarrat Valencia,5142800,NA,Valencia,1,1,€ 76,2019/11/20,2019/11/21,3,"9,1",60
Valenciaflats Ciudad de las Ciencias,93676,Apartamentos,Valencia,1,1,€ 78,2019/11/20,2019/11/21,0,"9,1",60
OCEANOGRAFIC APARTMENT. PARKING. WI-FI,3107716,Apartamentos,Valencia,1,1,€ 80,2019/11/20,2019/11/21,0,9,60
Maison Reina B&B,5004812,NA,Valencia,1,1,€ 80,2019/11/20,2019/11/21,0,"9,2",60
Mon Suites Catedral,485679,Apartamentos,Valencia,1,1,€ 82,2019/11/20,2019/11/21,0,"9,2",60
Teixidors de Palomar,2639791,Apartamentos,Valencia,1,1,€ 84,2019/11/20,2019/11/21,0,"9,3",60
Hotel Valencia Alameda,4019381,NA,Valencia,1,1,€ 84,2019/11/20,2019/11/21,4,"9,3",60
Una Ubicacion Perfecta,3114164,Apartamentos,Valencia,1,1,€ 85,2019/11/20,2019/11/21,0,"9,1",60
Hotel Boutique Balandret,1281710,NA,Valencia,1,1,€ 86,2019/11/20,2019/11/21,3,"9,2",60
