name,propertyId,propertyType,city,rooms,days,price,checkIn,checkOut,stars,score,advance
Palacio de Rojas,1073276,Apartamentos,Valencia,1,1,€ 133,2019/09/25,2019/09/26,0,"9,3",7
Apartamentos Wallace,1698355,Apartamentos,Valencia,1,1,€ 135,2019/09/25,2019/09/26,0,"9,2",7
Travel Habitat Ático Ciutat Vella.,3264750,Apartamento,Valencia,1,1,NA,2019/09/25,2019/09/26,0,"9,5",7
Palau de Palomar,471283,Apartamentos,Valencia,1,1,€ 135,2019/09/25,2019/09/26,0,"9,1",7
COZY APARTMENT VALENCIA BEACHFRONT!,3128516,Apartamento,Valencia,1,1,€ 140,2019/09/25,2019/09/26,0,"9,4",7
Friendly Rentals Montaner Beach,2314997,Apartamento,Valencia,1,1,€ 140,2019/09/25,2019/09/26,0,9,7
Valenciaflats Centro Ciudad,18544,Apartamentos,Valencia,1,1,€ 145,2019/09/25,2019/09/26,0,"9,2",7
Sweet Caroline Apartment,1811784,Apartamento,Valencia,1,1,€ 150,2019/09/25,2019/09/26,0,"9,2",7
ARENAS 2 APARTAMENT,2808815,Apartamento,Valencia,1,1,€ 150,2019/09/25,2019/09/26,0,9,7
Charming Ninetta,3220582,Apartamento,Valencia,1,1,NA,2019/09/25,2019/09/26,0,"9,5",7
B BEACH VALENCIA,5125954,Apartamento,Valencia,1,1,€ 150,2019/09/25,2019/09/26,0,"9,1",7
Mon Suites San Martin,2777545,Apartamentos,Valencia,1,1,€ 155,2019/09/25,2019/09/26,0,"9,4",7
Soho Valencia,1538641,Apartahotel,Valencia,1,1,€ 159,2019/09/25,2019/09/26,0,9,7
Edificio Pentagono,4673669,Apartamento,Valencia,1,1,€ 160,2019/09/25,2019/09/26,0,9,7
Hostal Venecia,92883,NA,Valencia,1,1,€ 167,2019/09/25,2019/09/26,2,"9,1",7
Jardines del Turia - Espacioso apartamento,2734126,Apartamento,Valencia,1,1,€ 170,2019/09/25,2019/09/26,0,"9,1",7
Apartamento,3139431,Apartamento,Valencia,1,1,NA,2019/09/25,2019/09/26,0,"9,5",7
Live in Chianti Apartaments,2882632,Apartamentos,Valencia,1,1,€ 175,2019/09/25,2019/09/26,0,9,7
Zerka Sendra,4657122,Apartamento,Valencia,1,1,€ 179,2019/09/25,2019/09/26,0,9,7
MYR Hotel Plaza Mercado & Spa,1619029,Apartahotel,Valencia,1,1,€ 184,2019/09/25,2019/09/26,0,"9,2",7
Apartment Regne De Valencia,1533033,Apartamentos,Valencia,1,1,€ 190,2019/09/25,2019/09/26,0,"9,4",7
Vincci Mercat,1279484,NA,Valencia,1,1,€ 220,2019/09/25,2019/09/26,4,9,7
Arena's Apartament,2156905,Apartamento,Valencia,1,1,€ 225,2019/09/25,2019/09/26,0,"9,1",7
Ambrosio Flats Valencia - El Mercat,3131649,Apartamento,Valencia,1,1,NA,2019/09/25,2019/09/26,0,"9,5",7
Ca Carmela,2466364,Casa o chalet,Valencia,1,1,€ 225,2019/09/25,2019/09/26,0,"9,1",7
NH Collection Colón Valencia,3828811,NA,Valencia,1,1,€ 225,2019/09/25,2019/09/26,4,"9,2",7
Cozy apartment in Valencia center,3402135,Apartamentos,Valencia,1,1,€ 231,2019/09/25,2019/09/26,0,"9,2",7
Las Arenas Balneario Resort,91144,NA,Valencia,1,1,€ 257,2019/09/25,2019/09/26,5,9,7
MD Julio Antonio Apartment Center,3961049,Apartamento,Valencia,1,1,€ 285,2019/09/25,2019/09/26,0,"9,3",7
Guesthouse Plaza de Toros,2985902,NA,Valencia,1,1,€ 33,2019/09/25,2019/09/26,0,"4,9",7
Citizentral Gascons,332095,Apartamentos,Valencia,1,1,€ 102,2019/09/25,2019/09/26,0,"8,8",7
RoomTuristValencia Torres de Quart,4565643,NA,Valencia,1,1,€ 41,2019/09/25,2019/09/26,0,"4,5",7
Apartments Abate 4,2848648,Apartamentos,Valencia,1,1,NA,2019/09/25,2019/09/26,0,9,7
Malvarosa,3820590,Apartamento,Valencia,1,1,€ 90,2019/09/25,2019/09/26,0,"4,1",7
Constitucion Guesthouse,2985942,NA,Valencia,1,1,€ 22,2019/09/25,2019/09/26,0,"3,5",7
Apartamento Islas Canarias,2304086,Apartamento,Valencia,1,1,€ 52,2019/09/25,2019/09/26,0,"3,8",7
Primus Valencia,331871,NA,Valencia,1,1,€ 175,2019/09/25,2019/09/26,4,"8,3",7
Musico Peydro Apartments,3765069,Apartamentos,Valencia,1,1,€ 297,2019/09/25,2019/09/26,0,8,7
APARTMENTS VALENCIA CENTER,5180014,Apartamentos,Valencia,1,1,NA,2019/09/25,2019/09/26,0,"9,6",7
MD Sueca. Apartment with Terrace Ruzafa,2551179,Apartamento,Valencia,1,1,€ 398,2019/09/25,2019/09/26,0,"8,2",7
sueñavalencia,5603844,NA,Valencia,1,1,€ 40,2019/09/25,2019/09/26,0,,7
Habitación muy cerca de la playa.,5395908,NA,Valencia,1,1,€ 40,2019/09/25,2019/09/26,0,,7
Big sunny room.,5333222,NA,Valencia,1,1,€ 44,2019/09/25,2019/09/26,0,,7
Ad Hoc Monumental,90719,NA,Valencia,1,1,€ 107,2019/09/25,2019/09/26,3,"8,6",7
Loft in ehemaligem Fischer Haus,2952760,Apartamento,Valencia,1,1,NA,2019/09/25,2019/09/26,0,"9,5",7
Perla Apartments,3146781,Apartamentos,Valencia,1,1,€ 108,2019/09/25,2019/09/26,0,"8,7",7
MD Vila Barbera Apartment Center,1957253,Apartamento,Valencia,1,1,€ 398,2019/09/25,2019/09/26,0,"8,3",7
Studios Las Arenas,444155,Apartamentos,Valencia,1,1,NA,2019/09/25,2019/09/26,0,9,7
Habitación privada con baño privado a 300 metros de la playa.,5587588,NA,Valencia,1,1,€ 49,2019/09/25,2019/09/26,0,,7
Flats Hondures,2194645,Apartamentos,Valencia,1,1,€ 109,2019/09/25,2019/09/26,0,"8,8",7
City of Arts,3031480,Apartamento,Valencia,1,1,€ 110,2019/09/25,2019/09/26,0,"8,8",7
Jardín Botánico Hotel Boutique,93369,NA,Valencia,1,1,€ 110,2019/09/25,2019/09/26,3,"8,9",7
Friendly Rentals Schubert,1634221,Apartamentos,Valencia,1,1,€ 110,2019/09/25,2019/09/26,0,"8,9",7
Aventura Valencia 2,5604325,NA,Valencia,1,1,€ 50,2019/09/25,2019/09/26,0,,7
vosotros sereis parte de mi familia.,5299568,NA,Valencia,1,1,€ 50,2019/09/25,2019/09/26,0,,7
Attic Rooms in Botánico,5522932,NA,Valencia,1,1,€ 55,2019/09/25,2019/09/26,0,,7
LOFT apartamento duplex en Valencia con parking,5519008,Apartamento,Valencia,1,1,€ 60,2019/09/25,2019/09/26,0,,7
New Trendy apartment,2426154,Apartamento,Valencia,1,1,€ 110,2019/09/25,2019/09/26,0,"8,7",7
Centro en Valencia,2885222,Apartamento,Valencia,1,1,NA,2019/09/25,2019/09/26,0,"9,5",7
Tranquilo Apartamento En Plaza Cisneros,3127388,Apartamento,Valencia,1,1,€ 111,2019/09/25,2019/09/26,0,"8,8",7
Hogar Dulce Hogar,5426607,NA,Valencia,1,1,€ 60,2019/09/25,2019/09/26,0,,7
Mr Flats Valencia,2232363,Apartamentos,Valencia,1,1,NA,2019/09/25,2019/09/26,0,9,7
Loft in Ruzafa,2842761,Apartamento,Valencia,1,1,€ 113,2019/09/25,2019/09/26,0,"8,5",7
Casa del Patriarca,364834,NA,Valencia,1,1,€ 114,2019/09/25,2019/09/26,0,"8,9",7
In the heart of Soho- Ruzafa,4578496,Apartamento,Valencia,1,1,€ 114,2019/09/25,2019/09/26,0,"8,8",7
Apartamentos Valencia - Brazil 31 Free WiFi,4948554,Apartamento,Valencia,1,1,€ 119,2019/09/25,2019/09/26,0,"8,8",7
Apartamento con compartir,5366858,NA,Valencia,1,1,€ 65,2019/09/25,2019/09/26,0,,7
Florista's Room en Valencia,5502152,NA,Valencia,1,1,€ 69,2019/09/25,2019/09/26,0,,7
Center Valencia Youth Hostel,246931,NA,Valencia,1,1,€ 42,2019/09/25,2019/09/26,0,8,7
Habitacion en Valencia Barata,4861796,NA,Valencia,1,1,€ 45,2019/09/25,2019/09/26,0,"8,2",7
Apartamento Alameda,1698817,Apartamento,Valencia,1,1,NA,2019/09/25,2019/09/26,0,"9,5",7
BUBUFLATS / Mercat,783206,Apartamentos,Valencia,1,1,€ 120,2019/09/25,2019/09/26,0,"8,9",7
Purísima Street I,2471259,Apartamento,Valencia,1,1,NA,2019/09/25,2019/09/26,0,"9,5",7
Hotel Malcom and Barret,483261,NA,Valencia,1,1,€ 120,2019/09/25,2019/09/26,3,"8,7",7
Mi casa es vuestra casa,4967097,NA,Valencia,1,1,€ 70,2019/09/25,2019/09/26,0,,7
Habitación en Valencia,5477394,NA,Valencia,1,1,€ 72,2019/09/25,2019/09/26,0,,7
Kirei Apartment Dublin,4639542,Apartamento,Valencia,1,1,€ 87,2019/09/25,2019/09/26,0,,7
PISO DE DISEÑO A 5 MIN ANDANDO DE LA PLAYA,5546265,Apartamento,Valencia,1,1,€ 95,2019/09/25,2019/09/26,0,,7
Quart Youth Hostel,476418,NA,Valencia,1,1,€ 120,2019/09/25,2019/09/26,0,"8,6",7
Precioso Apartamento En Pleno Centro Con Wifi,3023494,Apartamento,Valencia,1,1,€ 120,2019/09/25,2019/09/26,0,"8,8",7
Sercotel Sorolla Palace,93646,NA,Valencia,1,1,€ 121,2019/09/25,2019/09/26,4,"8,6",7
Apartment in the Quart Towers II,4947694,Apartamento,Valencia,1,1,€ 122,2019/09/25,2019/09/26,0,"8,7",7
Noche en las Artes,3026891,Apartamento,Valencia,1,1,€ 126,2019/09/25,2019/09/26,0,"8,5",7
B&B Una Habitación Propia,1450279,NA,Valencia,1,1,€ 45,2019/09/25,2019/09/26,0,"8,2",7
Red Nest Hostel,92283,NA,Valencia,1,1,€ 53,2019/09/25,2019/09/26,0,"8,2",7
Como en casa,4802186,NA,Valencia,1,1,€ 54,2019/09/25,2019/09/26,0,"8,1",7
Apartamento Gutenberg,1327120,Apartamentos,Valencia,1,1,€ 59,2019/09/25,2019/09/26,0,"8,1",7
Hostal El Cid,309465,NA,Valencia,1,1,€ 32,2019/09/25,2019/09/26,2,"7,6",7
Habitación Céntrica en Casa de Familia,4289877,NA,Valencia,1,1,€ 35,2019/09/25,2019/09/26,0,"7,8",7
UP Hostel Valencia,1710137,NA,Valencia,1,1,€ 37,2019/09/25,2019/09/26,0,"7,8",7
Hostal Moratin,326015,NA,Valencia,1,1,€ 39,2019/09/25,2019/09/26,1,"7,9",7
Apartamento Alameda,1698817,Apartamento,Valencia,1,1,NA,2019/09/25,2019/09/26,0,"9,5",7
Habitación San Cayetano,4624401,NA,Valencia,1,1,€ 40,2019/09/25,2019/09/26,0,"7,7",7
Apartamentos Valencia,1007682,Apartamentos,Valencia,1,1,€ 60,2019/09/25,2019/09/26,0,"8,2",7
Disfruta De Playa Y Ciudad,2470646,Apartamento,Valencia,1,1,NA,2019/09/25,2019/09/26,0,"9,5",7
FREE WI-FI. Apartamentos 90 м2 - Assutzena 5,4828764,Apartamento,Valencia,1,1,€ 128,2019/09/25,2019/09/26,0,"8,7",7
Flatsforyou Ruzafa,3342696,Apartamentos,Valencia,1,1,€ 130,2019/09/25,2019/09/26,0,"8,8",7
Apartments Plaza Ayuntamiento,3506736,Apartamento,Valencia,1,1,€ 130,2019/09/25,2019/09/26,0,"8,6",7
L'Otelet By Sweet,1467935,NA,Valencia,1,1,€ 64,2019/09/25,2019/09/26,0,"8,3",7
Disfruta De Playa Y Ciudad,2470646,Apartamento,Valencia,1,1,NA,2019/09/25,2019/09/26,0,"9,5",7
Dormavalencia Hostel,249585,NA,Valencia,1,1,€ 69,2019/09/25,2019/09/26,1,"8,2",7
Voyagers Inn Homestay,2682156,NA,Valencia,1,1,€ 42,2019/09/25,2019/09/26,0,"7,8",7
Valencia City Host,1177077,NA,Valencia,1,1,€ 44,2019/09/25,2019/09/26,0,"7,8",7
Pensión Universal,304276,NA,Valencia,1,1,€ 48,2019/09/25,2019/09/26,0,"7,9",7
Happy Apartments Valencia – Lope de Vega,575582,Apartamentos,Valencia,1,1,€ 69,2019/09/25,2019/09/26,0,"8,1",7
Happy Apartments Valencia,456043,Apartamentos,Valencia,1,1,€ 69,2019/09/25,2019/09/26,0,"8,2",7
El Palacete Gran Via,3483148,NA,Valencia,1,1,€ 131,2019/09/25,2019/09/26,0,"8,8",7
Petit Palace Ruzafa,90792,NA,Valencia,1,1,€ 134,2019/09/25,2019/09/26,3,"8,7",7
Nanit Valencia Hostel,3913497,NA,Valencia,1,1,€ 69,2019/09/25,2019/09/26,0,"8,3",7
Pension MonaLisa Luxury Suites,3834224,NA,Valencia,1,1,€ 70,2019/09/25,2019/09/26,0,"8,3",7
Rooms Valencia Center,5507857,NA,Valencia,1,1,€ 54,2019/09/25,2019/09/26,0,"7,9",7
Casual Civilizaciones Valencia,449777,NA,Valencia,1,1,€ 56,2019/09/25,2019/09/26,0,"7,9",7
Lounge by the sea,4756780,Apartamento,Valencia,1,1,NA,2019/09/25,2019/09/26,0,"9,8",7
City Suites Apartments,3091106,NA,Valencia,1,1,€ 74,2019/09/25,2019/09/26,0,"8,4",7
Apartment Plaza Cisneros,1273377,Apartamentos,Valencia,1,1,NA,2019/09/25,2019/09/26,0,"9,8",7
Hotel Beleret,94652,NA,Valencia,1,1,€ 57,2019/09/25,2019/09/26,3,"7,6",7
Centro & Viaje,4215175,NA,Valencia,1,1,€ 58,2019/09/25,2019/09/26,0,"7,6",7
Hostal Bisbal,235665,NA,Valencia,1,1,€ 60,2019/09/25,2019/09/26,1,"7,5",7
Apartamentos Abastos,1044426,Apartamentos,Valencia,1,1,€ 60,2019/09/25,2019/09/26,0,"7,6",7
Aparthotel Valencia Rental,17344,Apartahotel,Valencia,1,1,€ 74,2019/09/25,2019/09/26,0,8,7
United Colors of Apartments - Catedral,1301545,Apartamentos,Valencia,1,1,€ 79,2019/09/25,2019/09/26,0,"8,2",7
Apartamento Ciudad de las Artes y las Ciencias,4353552,Apartamento,Valencia,1,1,€ 80,2019/09/25,2019/09/26,0,"8,3",7
Apartment in Valencia,2339175,Apartamento,Valencia,1,1,€ 80,2019/09/25,2019/09/26,0,"8,1",7
Up Town,2244083,Apartamentos,Valencia,1,1,€ 81,2019/09/25,2019/09/26,0,"8,2",7
City Center Apartments,4426057,Apartamentos,Valencia,1,1,€ 63,2019/09/25,2019/09/26,0,"7,8",7
Habitacion por dias Centro Valencia,3977106,NA,Valencia,1,1,€ 64,2019/09/25,2019/09/26,0,"7,9",7
Tryp Valencia Feria,92852,NA,Valencia,1,1,€ 88,2019/09/25,2019/09/26,4,"8,4",7
Flats Piera Valencia Center,1490563,Apartamentos,Valencia,1,1,NA,2019/09/25,2019/09/26,0,"9,6",7
Ático Valencia Centro,4358939,Apartamento,Valencia,1,1,NA,2019/09/25,2019/09/26,0,"9,8",7
Alex Apartment,1756374,Apartamento,Valencia,1,1,€ 64,2019/09/25,2019/09/26,0,"7,9",7
Valencia Lounge Hostel,337203,NA,Valencia,1,1,€ 72,2019/09/25,2019/09/26,0,"7,8",7
Canovas rooms,5296619,NA,Valencia,1,1,NA,2019/09/25,2019/09/26,0,"9,2",7
Apartamentos Artesa 22 Valencia,5546723,Apartamento,Valencia,1,1,€ 112,2019/09/25,2019/09/26,0,,7
casa completa,5593030,Casa o chalet,Valencia,1,1,€ 119,2019/09/25,2019/09/26,0,,7
casa la tranquilidad,5516825,NA,Valencia,1,1,€ 120,2019/09/25,2019/09/26,0,,7
RAVALENCIA 4,3377937,Apartamento,Valencia,1,1,€ 124,2019/09/25,2019/09/26,0,,7
Expo Hotel Valencia,91223,NA,Valencia,1,1,€ 78,2019/09/25,2019/09/26,3,"7,6",7
Hotel Turia,14441,NA,Valencia,1,1,€ 79,2019/09/25,2019/09/26,4,"7,5",7
Sweet Hotel Renasa,274818,NA,Valencia,1,1,€ 89,2019/09/25,2019/09/26,3,8,7
NWT Central Station Apartments,3964093,Apartamento,Valencia,1,1,€ 94,2019/09/25,2019/09/26,0,"8,2",7
Eurostars Rey Don Jaime,91520,NA,Valencia,1,1,€ 98,2019/09/25,2019/09/26,4,"8,2",7
Valenciaflats Torres de Serrano,17468,Apartamentos,Valencia,1,1,€ 99,2019/09/25,2019/09/26,0,"8,3",7
Apartamentos Catedral,2358858,Apartamentos,Valencia,1,1,€ 79,2019/09/25,2019/09/26,0,"7,9",7
Valencia Puerto Beach 3BD Apartment,5249773,Apartamento,Valencia,1,1,€ 135,2019/09/25,2019/09/26,0,,7
Dormavalencia Hostel Regne,291755,NA,Valencia,1,1,€ 100,2019/09/25,2019/09/26,1,8,7
Guest House Samuel Ros,4161855,NA,Valencia,1,1,€ 35,2019/09/25,2019/09/26,0,"7,3",7
feliz como en casa,3676196,NA,Valencia,1,1,€ 36,2019/09/25,2019/09/26,0,"7,2",7
APARTMENTS VALENCIA CENTER,5180014,Apartamentos,Valencia,1,1,NA,2019/09/25,2019/09/26,0,"9,6",7
Hostal Residencial RR,450746,NA,Valencia,1,1,€ 40,2019/09/25,2019/09/26,0,7,7
HOSPEDAJE PESET,4718074,NA,Valencia,1,1,€ 40,2019/09/25,2019/09/26,0,"7,2",7
Rooms Jardin Botanico,5423036,NA,Valencia,1,1,€ 45,2019/09/25,2019/09/26,0,"7,3",7
Murillo Apartment,408163,Apartamento,Valencia,1,1,€ 47,2019/09/25,2019/09/26,0,7,7
La Flamenca,818359,NA,Valencia,1,1,€ 55,2019/09/25,2019/09/26,0,"7,2",7
HOSTAL BED OF THE SEA,3974636,NA,Valencia,1,1,€ 60,2019/09/25,2019/09/26,0,"7,1",7
Lounge by the sea,4756780,Apartamento,Valencia,1,1,NA,2019/09/25,2019/09/26,0,"9,8",7
Hostal la Barraca,350013,NA,Valencia,1,1,€ 60,2019/09/25,2019/09/26,0,"7,2",7
Central Station Valencia Hostel,1647017,NA,Valencia,1,1,€ 64,2019/09/25,2019/09/26,0,"7,1",7
Homestay & OLEE,4132920,NA,Valencia,1,1,€ 66,2019/09/25,2019/09/26,0,"7,3",7
Valencia Apartments,4367788,Apartamentos,Valencia,1,1,€ 69,2019/09/25,2019/09/26,0,"7,2",7
Centro Valencia Calle Cerrajeros,3476261,NA,Valencia,1,1,€ 75,2019/09/25,2019/09/26,0,"7,1",7
Valencia Apartmans El Carmen,847910,Apartamentos,Valencia,1,1,€ 78,2019/09/25,2019/09/26,0,"7,4",7
BONNIES Suites & Spa Valencia,3631910,Apartamentos,Valencia,1,1,NA,2019/09/25,2019/09/26,0,"9,8",7
NWT Monserrat,3728842,Apartamentos,Valencia,1,1,€ 84,2019/09/25,2019/09/26,0,7,7
Premium Apartments,486507,Apartamentos,Valencia,1,1,€ 84,2019/09/25,2019/09/26,0,7,7
Malvarrosa Beach Rooms,314048,NA,Valencia,1,1,€ 85,2019/09/25,2019/09/26,2,"7,1",7
Apartments Calle Padre Damian,4523326,Apartamentos,Valencia,1,1,€ 85,2019/09/25,2019/09/26,0,"7,2",7
Suites by Eric Olsan (Peset),4726296,Apartamentos,Valencia,1,1,€ 85,2019/09/25,2019/09/26,0,"7,4",7
Lujoso Apartamento En El Carmen,2814452,Apartamento,Valencia,1,1,€ 88,2019/09/25,2019/09/26,0,"7,4",7
Cool Loft Malvarrosa Beach,4309218,Apartamento,Valencia,1,1,NA,2019/09/25,2019/09/26,0,"9,7",7
Kirei Apartment Vienna,4639797,Apartamento,Valencia,1,1,€ 92,2019/09/25,2019/09/26,0,"7,4",7
Kirei Apartment En Llop,1765516,Apartamentos,Valencia,1,1,€ 106,2019/09/25,2019/09/26,0,"7,1",7
Las casitas de la playa,3177809,Apartamentos,Valencia,1,1,€ 108,2019/09/25,2019/09/26,0,7,7
B&B El Mercat,2203530,NA,Valencia,1,1,€ 110,2019/09/25,2019/09/26,0,"7,3",7
Apartamento para 10 personas,5029963,Apartamento,Valencia,1,1,€ 160,2019/09/25,2019/09/26,0,7,7
Select Home Catedral,440778,Apartamentos,Valencia,1,1,€ 160,2019/09/25,2019/09/26,0,"7,1",7
La seda stay,3335523,Apartamento,Valencia,1,1,NA,2019/09/25,2019/09/26,0,"9,7",7
Select Home Town Hall,1648016,Apartamentos,Valencia,1,1,€ 160,2019/09/25,2019/09/26,0,"7,4",7
United Colors of Apartments Boutique Style,5372347,Apartamentos,Valencia,1,1,€ 74,2019/09/25,2019/09/26,0,"9,8",7
L'Esplai Valencia Bed & Breakfast,1282556,NA,Valencia,1,1,€ 81,2019/09/25,2019/09/26,0,"9,6",7
VALENCIA APARTAMENTO GOYA,4256653,Apartamento,Valencia,1,1,NA,2019/09/25,2019/09/26,0,10,7
Select Home Mercado Central,440757,Apartamentos,Valencia,1,1,€ 165,2019/09/25,2019/09/26,0,7,7
Dreams Rental La Paz,1107542,Apartamentos,Valencia,1,1,€ 245,2019/09/25,2019/09/26,0,"7,1",7
MD Puerto Rico Apartment Ruzafa,3737151,Apartamento,Valencia,1,1,€ 297,2019/09/25,2019/09/26,0,"7,4",7
Loyola Room Habitación en Piso Compartido,3298489,NA,Valencia,1,1,€ 32,2019/09/25,2019/09/26,0,"6,8",7
Opera House Valencia B&B,3533887,NA,Valencia,1,1,€ 94,2019/09/25,2019/09/26,0,"9,5",7
Espai Loft Santa Mónica,4574135,Apartamento,Valencia,1,1,€ 110,2019/09/25,2019/09/26,0,"9,8",7
Barracart Apartments,2125836,Apartamentos,Valencia,1,1,€ 121,2019/09/25,2019/09/26,0,"9,6",7
Disfruta - Enjoy Valencia Centre,3881970,Apartamento,Valencia,1,1,€ 129,2019/09/25,2019/09/26,0,"9,8",7
Habitación con cama doble,4794909,NA,Valencia,1,1,€ 50,2019/09/25,2019/09/26,0,"6,7",7
Apartment Cabanyal,3172456,Apartamento,Valencia,1,1,NA,2019/09/25,2019/09/26,0,"9,7",7
Disfruta - Enjoy Valencia Ruzafa,3890328,Apartamento,Valencia,1,1,€ 129,2019/09/25,2019/09/26,0,"9,7",7
Disfruta - Enjoy Valencia Ayuntamiento,4901194,Apartamento,Valencia,1,1,€ 129,2019/09/25,2019/09/26,0,"9,6",7
Purísima Street I,2471259,Apartamento,Valencia,1,1,NA,2019/09/25,2019/09/26,0,"9,5",7
Disfruta - Enjoy Valencia Oceanografic,4121345,Apartamento,Valencia,1,1,€ 149,2019/09/25,2019/09/26,0,"9,6",7
PISO ACOGEDOR,4995780,NA,Valencia,1,1,€ 50,2019/09/25,2019/09/26,0,"6,9",7
Miresa flats,5300418,Apartamento,Valencia,1,1,€ 125,2019/09/25,2019/09/26,0,"6,6",7
Casita Esmeralda,2040126,Casa o chalet,Valencia,1,1,€ 139,2019/09/25,2019/09/26,0,"6,5",7
Ramirez Flats & Bar,4124528,Apartahotel,Valencia,1,1,€ 175,2019/09/25,2019/09/26,0,"9,5",7
Select Home Boutique Center,387770,Apartamentos,Valencia,1,1,€ 230,2019/09/25,2019/09/26,0,"6,9",7
Fun and Sun Center 2,2944416,NA,Valencia,1,1,€ 41,2019/09/25,2019/09/26,0,"6,1",7
Carrer del Bisbe Jaume Pérez,4900140,NA,Valencia,1,1,€ 55,2019/09/25,2019/09/26,0,6,7
MARQUÉS HOUSE 4* SUP,2118880,NA,Valencia,1,1,€ 259,2019/09/25,2019/09/26,4,"9,5",7
MD PASEO RUZAFA CENTER,5374850,Apartamento,Valencia,1,1,€ 1.130,2019/09/25,2019/09/26,0,"9,5",7
Cantagua Hostel,4074640,NA,Valencia,1,1,€ 46,2019/09/25,2019/09/26,0,"9,1",7
Kasa Katia Eco Guest House,636256,NA,Valencia,1,1,€ 60,2019/09/25,2019/09/26,0,"9,4",7
Kirei Apartment San Agustin,1712323,Apartamentos,Valencia,1,1,€ 92,2019/09/25,2019/09/26,0,"6,1",7
Kirei Apartment Denver,4585191,Apartamento,Valencia,1,1,€ 96,2019/09/25,2019/09/26,0,"6,2",7
Garden Turia Downtown,5201200,Apartamento,Valencia,1,1,NA,2019/09/25,2019/09/26,0,"9,9",7
Habitación privada a 1500 metros de la playa,3789910,NA,Valencia,1,1,€ 60,2019/09/25,2019/09/26,0,"9,2",7
YOU & CO. Saler Beach Boutique,4533007,NA,Valencia,1,1,€ 65,2019/09/25,2019/09/26,3,"9,1",7
Select Home Viveros Gardens,1297339,Casa o chalet,Valencia,1,1,€ 265,2019/09/25,2019/09/26,0,"6,3",7
RoomTuristValencia - Ruzafa,4608394,NA,Valencia,1,1,€ 48,2019/09/25,2019/09/26,0,"5,6",7
Ruzafa Guesthouse,2269176,NA,Valencia,1,1,€ 52,2019/09/25,2019/09/26,0,"5,6",7
Home Sweet Home,1223953,NA,Valencia,1,1,€ 60,2019/09/25,2019/09/26,0,"5,5",7
Bianca,4232781,Apartamento,Valencia,1,1,€ 74,2019/09/25,2019/09/26,0,9,7
Apartamento Centro Valencia,1810765,Apartamento,Valencia,1,1,€ 80,2019/09/25,2019/09/26,0,"9,1",7
Apartamento bianca,3205847,Apartamento,Valencia,1,1,€ 85,2019/09/25,2019/09/26,0,"9,1",7
Oliver,4865093,NA,Valencia,1,1,€ 63,2019/09/25,2019/09/26,0,"5,8",7
Kirei Apartment Berlin,4504570,Apartamentos,Valencia,1,1,€ 92,2019/09/25,2019/09/26,0,"5,5",7
Kirei Apartment Portland,4276529,Apartamentos,Valencia,1,1,€ 131,2019/09/25,2019/09/26,0,"5,9",7
RoomTuristValencia Estacion del Norte,4682632,NA,Valencia,1,1,€ 35,2019/09/25,2019/09/26,0,"5,3",7
Apartment close to park Marchalenes,4418670,Apartamento,Valencia,1,1,€ 86,2019/09/25,2019/09/26,0,"9,1",7
Apartments Downtown Valencia,2250421,Apartamentos,Valencia,1,1,NA,2019/09/25,2019/09/26,0,"9,6",7
Apartamento Rosaleda,3014201,Apartamento,Valencia,1,1,€ 88,2019/09/25,2019/09/26,0,9,7
La casita de Palomar,2132386,Apartamentos,Valencia,1,1,€ 89,2019/09/25,2019/09/26,0,"9,4",7
Guest House Torres de Quart,2275006,NA,Valencia,1,1,€ 39,2019/09/25,2019/09/26,0,"5,3",7
Guest House Duc de Gaeta,2275007,NA,Valencia,1,1,€ 33,2019/09/25,2019/09/26,0,"4,9",7
Dama Del Puerto,3230781,Apartamento,Valencia,1,1,€ 90,2019/09/25,2019/09/26,0,"9,2",7
Original Domino House,5434091,NA,Valencia,1,1,€ 93,2019/09/25,2019/09/26,0,"9,1",7
RUZAFA. Nice apartment and Terrace.,4368595,Apartamento,Valencia,1,1,€ 93,2019/09/25,2019/09/26,0,"9,3",7
Apartamentos Edificio Palomar,189277,Apartamentos,Valencia,1,1,€ 95,2019/09/25,2019/09/26,0,"9,2",7
Centro en Valencia,2885222,Apartamento,Valencia,1,1,NA,2019/09/25,2019/09/26,0,"9,5",7
Magnífico Adosado- cerca de Valencia ciudad- en zona de montaña y playa fluvial,5354233,Casa o chalet,Valencia,1,1,€ 96,2019/09/25,2019/09/26,0,"9,1",7
L'Arbre,3972359,Apartamento,Valencia,1,1,€ 98,2019/09/25,2019/09/26,0,"9,4",7
Olvida tu Reloj Congresos Apartment,2448036,Apartamento,Valencia,1,1,€ 101,2019/09/25,2019/09/26,0,"9,2",7
Loft zona Pechina en Valencia centro,2524985,Apartamento,Valencia,1,1,€ 103,2019/09/25,2019/09/26,0,"9,2",7
Olvida tu Reloj Montichelvo Apartment,3258095,Apartamento,Valencia,1,1,€ 103,2019/09/25,2019/09/26,0,"9,4",7
Live in Chianti,2227491,NA,Valencia,1,1,€ 104,2019/09/25,2019/09/26,0,"9,1",7
Apartamento Forn dels Apòstols,3122008,Apartamento,Valencia,1,1,NA,2019/09/25,2019/09/26,0,"9,6",7
Valenciaflats Ciudad de las Ciencias,93676,Apartamentos,Valencia,1,1,€ 105,2019/09/25,2019/09/26,0,"9,1",7
Rooms Ciencias,94126,NA,Valencia,1,1,€ 105,2019/09/25,2019/09/26,0,9,7
Apartamento centro frente a Torres de Serrano,3408067,Apartamento,Valencia,1,1,€ 105,2019/09/25,2019/09/26,0,"9,4",7
Apartments Welcome to Valencia Peset Aleixandre 69,4964856,Apartamento,Valencia,1,1,€ 108,2019/09/25,2019/09/26,0,"9,1",7
OCEANOGRAFIC APARTMENT. PARKING. WI-FI,3107716,Apartamentos,Valencia,1,1,€ 110,2019/09/25,2019/09/26,0,9,7
BUBUSUITES by Bubuflats,2389776,NA,Valencia,1,1,€ 110,2019/09/25,2019/09/26,0,"9,3",7
Citizentral Juristas,1113127,Apartamentos,Valencia,1,1,€ 112,2019/09/25,2019/09/26,0,"9,2",7
Maison Reina B&B,5004812,NA,Valencia,1,1,€ 115,2019/09/25,2019/09/26,0,"9,2",7
Hotel Valencia Alameda,4019381,NA,Valencia,1,1,€ 115,2019/09/25,2019/09/26,4,"9,3",7
OCEANOGRAFIC DELUXE- PARKING- WI-FI,4095746,Apartamento,Valencia,1,1,€ 120,2019/09/25,2019/09/26,0,"9,2",7
Valenciaflats Mercado Central,307677,Apartamentos,Valencia,1,1,€ 120,2019/09/25,2019/09/26,0,9,7
Brisa Mare Nostrum,2855311,Apartamento,Valencia,1,1,€ 120,2019/09/25,2019/09/26,0,"9,3",7
HQ Rooms Apartments San Vicente,2894429,Apartamentos,Valencia,1,1,€ 122,2019/09/25,2019/09/26,0,"9,2",7
MD Design Hotel - Portal del Real,2391685,NA,Valencia,1,1,€ 124,2019/09/25,2019/09/26,2,"9,1",7
Center City Flats,861452,Apartamentos,Valencia,1,1,€ 128,2019/09/25,2019/09/26,0,"9,1",7
Mon Suites San Nicolas,4117225,Apartamentos,Valencia,1,1,€ 129,2019/09/25,2019/09/26,0,"9,2",7
OttoH Charm Stay,2459807,NA,Valencia,1,1,€ 129,2019/09/25,2019/09/26,0,"9,3",7
Apartamentos Valencia - Peset Aleixandre 135- FREE WI-FI,4262488,Apartamentos,Valencia,1,1,€ 129,2019/09/25,2019/09/26,0,9,7
