name,propertyId,propertyType,city,rooms,days,price,checkIn,checkOut,stars,score,advance
RoomTuristValencia Estacion del Norte,4682632,NA,Valencia,1,1,€ 35,2019/09/19,2019/09/20,0,"5,2",14
Guest House Torres de Quart,2275006,NA,Valencia,1,1,€ 35,2019/09/19,2019/09/20,0,"5,4",14
Apartamento Forn dels Apòstols,3122008,Apartamento,Valencia,1,1,NA,2019/09/19,2019/09/20,0,"9,6",14
Guest House Ruzafa,2324552,NA,Valencia,1,1,€ 38,2019/09/19,2019/09/20,0,"5,3",14
Guesthouse Plaza de Toros,2985902,NA,Valencia,1,1,€ 33,2019/09/19,2019/09/20,0,"4,9",14
RoomTuristValencia Torres de Quart,4565643,NA,Valencia,1,1,€ 33,2019/09/19,2019/09/20,0,"4,5",14
RoomTuristValencia RuzafaSumsi,4682802,NA,Valencia,1,1,€ 40,2019/09/19,2019/09/20,0,"4,7",14
Apartamento Islas Canarias,2304086,Apartamento,Valencia,1,1,€ 65,2019/09/19,2019/09/20,0,"3,9",14
Constitucion Guesthouse,2985942,NA,Valencia,1,1,€ 30,2019/09/19,2019/09/20,0,"3,4",14
Apartamento,3139431,Apartamento,Valencia,1,1,NA,2019/09/19,2019/09/20,0,"9,5",14
Calle de Felipe Salvador a 10' andando la playa,4789105,Apartamento,Valencia,1,1,€ 35,2019/09/19,2019/09/20,0,,14
Habitación muy cerca de la playa.,5395908,NA,Valencia,1,1,€ 40,2019/09/19,2019/09/20,0,,14
Big sunny room.,5333222,NA,Valencia,1,1,€ 41,2019/09/19,2019/09/20,0,,14
Attic Rooms in Botánico,5522932,NA,Valencia,1,1,€ 45,2019/09/19,2019/09/20,0,,14
vosotros sereis parte de mi familia.,5299568,NA,Valencia,1,1,€ 50,2019/09/19,2019/09/20,0,,14
Rooms Valencia Center,5507857,NA,Valencia,1,1,€ 50,2019/09/19,2019/09/20,0,,14
Apartment Sofi,2830696,Apartamento,Valencia,1,1,NA,2019/09/19,2019/09/20,0,"9,8",14
Aventura,5567318,Apartamento,Valencia,1,1,€ 50,2019/09/19,2019/09/20,0,,14
Bright room with trundle bed,5560260,NA,Valencia,1,1,€ 51,2019/09/19,2019/09/20,0,,14
Habitación en casa particular con preciosa terraza,5559993,NA,Valencia,1,1,€ 51,2019/09/19,2019/09/20,0,,14
Rooms El Picolino,5326859,NA,Valencia,1,1,€ 52,2019/09/19,2019/09/20,0,,14
Hogar Dulce Hogar,5426607,NA,Valencia,1,1,€ 60,2019/09/19,2019/09/20,0,,14
Rio Turia B&B,5531073,NA,Valencia,1,1,€ 65,2019/09/19,2019/09/20,0,,14
Disfruta - Enjoy Valencia Ruzafa,3890328,Apartamento,Valencia,1,1,NA,2019/09/19,2019/09/20,0,"9,7",14
Mi casa es vuestra casa,4967097,NA,Valencia,1,1,€ 70,2019/09/19,2019/09/20,0,,14
Piso en Playa de Valencia,5533098,Apartamento,Valencia,1,1,€ 70,2019/09/19,2019/09/20,0,,14
Petxina78 Valencia,5503912,Apartamento,Valencia,1,1,€ 70,2019/09/19,2019/09/20,0,,14
Habitación en Valencia,5477394,NA,Valencia,1,1,€ 72,2019/09/19,2019/09/20,0,,14
Brugada home,5259150,NA,Valencia,1,1,€ 75,2019/09/19,2019/09/20,0,,14
Comfort Homestay,5423155,NA,Valencia,1,1,€ 75,2019/09/19,2019/09/20,0,,14
JL Ciudad de las Artes,3074378,Apartamento,Valencia,1,1,NA,2019/09/19,2019/09/20,0,"9,6",14
hostalito hostalet,5566626,NA,Valencia,1,1,€ 75,2019/09/19,2019/09/20,0,,14
Habitación en casa particular,5500863,NA,Valencia,1,1,€ 80,2019/09/19,2019/09/20,0,,14
APARTAMENTO EN LA PLAYA,5503515,Apartamento,Valencia,1,1,€ 85,2019/09/19,2019/09/20,0,,14
Apartments Sollana Near the Turia Park Valencia,5546417,Apartamento,Valencia,1,1,€ 85,2019/09/19,2019/09/20,0,,14
Original Domino House,5434091,NA,Valencia,1,1,€ 105,2019/09/19,2019/09/20,0,,14
Flight Mode Ruzafa,5473258,Apartamento,Valencia,1,1,€ 120,2019/09/19,2019/09/20,0,,14
Apartamento centro frente a Torres de Serrano,3408067,Apartamento,Valencia,1,1,NA,2019/09/19,2019/09/20,0,"9,5",14
casa la tranquilidad,5516825,NA,Valencia,1,1,€ 120,2019/09/19,2019/09/20,0,,14
RAVALENCIA 4,3377937,Apartamento,Valencia,1,1,€ 124,2019/09/19,2019/09/20,0,,14
Art of Music Apartment Valencia,5263849,Apartamentos,Valencia,1,1,€ 125,2019/09/19,2019/09/20,0,,14
Valencia Apartamentos DEL MAR,5421626,Apartamento,Valencia,1,1,€ 134,2019/09/19,2019/09/20,0,,14
CASA MARQUES DE CARO,4472176,Apartamento,Valencia,1,1,€ 139,2019/09/19,2019/09/20,0,,14
Valencia Puerto Beach 3BD Apartment,5249773,Apartamento,Valencia,1,1,€ 144,2019/09/19,2019/09/20,0,,14
"Flat ""Ca Alexandre""",3687859,Apartamento,Valencia,1,1,€ 200,2019/09/19,2019/09/20,0,,14
Governor Residence,3799760,Apartahotel,Valencia,1,1,€ 600,2019/09/19,2019/09/20,0,,14
Gulet Why Not,5199364,NA,Valencia,1,1,€ 3.600,2019/09/19,2019/09/20,0,,14
Casual de la Música Valencia,273130,NA,Valencia,1,1,€ 87,2019/09/19,2019/09/20,2,"7,5",14
Apartamento Alguer,4005334,Apartamento,Valencia,1,1,€ 90,2019/09/19,2019/09/20,0,"7,5",14
Disfruta - Enjoy Valencia Centre,3881970,Apartamento,Valencia,1,1,NA,2019/09/19,2019/09/20,0,"9,8",14
El 16 Ruzafa,865461,Apartamentos,Valencia,1,1,€ 94,2019/09/19,2019/09/20,0,"7,7",14
Suites by Eric Olsan (Peset),4726296,Apartamentos,Valencia,1,1,€ 98,2019/09/19,2019/09/20,0,"7,6",14
Suites by Eric Olsan (L),4287413,Apartamentos,Valencia,1,1,€ 98,2019/09/19,2019/09/20,0,"7,6",14
Apartamento Angel Alcazar 35,2174625,Apartamento,Valencia,1,1,€ 100,2019/09/19,2019/09/20,0,"7,5",14
Plaza Sainetero 5,3148458,Apartamento,Valencia,1,1,€ 102,2019/09/19,2019/09/20,0,"7,8",14
Torres Quart,3702234,Apartamentos,Valencia,1,1,€ 105,2019/09/19,2019/09/20,0,"7,6",14
Apartments Downtown Valencia,2250421,Apartamentos,Valencia,1,1,NA,2019/09/19,2019/09/20,0,"9,6",14
SEA YOU HOTEL PORT VALENCIA,92328,NA,Valencia,1,1,€ 117,2019/09/19,2019/09/20,4,"7,7",14
El Globo,24498,NA,Valencia,1,1,€ 128,2019/09/19,2019/09/20,1,"7,8",14
Checkin Valencia,93743,NA,Valencia,1,1,€ 149,2019/09/19,2019/09/20,4,"7,8",14
Apartment Valencia,348555,Apartamentos,Valencia,1,1,€ 169,2019/09/19,2019/09/20,0,"7,9",14
Hotel Turia,14441,NA,Valencia,1,1,€ 179,2019/09/19,2019/09/20,4,"7,5",14
MD Abastos Center,2551194,Apartamento,Valencia,1,1,€ 329,2019/09/19,2019/09/20,0,"7,7",14
Valencia what else...,2550483,Apartamento,Valencia,1,1,NA,2019/09/19,2019/09/20,0,"9,5",14
MD Oliag I Apartment Ruzafa,2867488,Apartamento,Valencia,1,1,€ 373,2019/09/19,2019/09/20,0,"7,7",14
feliz como en casa,3676196,NA,Valencia,1,1,€ 36,2019/09/19,2019/09/20,0,"7,2",14
HOSPEDAJE PESET,4718074,NA,Valencia,1,1,€ 40,2019/09/19,2019/09/20,0,"7,2",14
Valenciaflats Torres de Serrano,17468,Apartamentos,Valencia,1,1,€ 97,2019/09/19,2019/09/20,0,"8,3",14
63 Carrer d'Ernest Anastasio,4594613,NA,Valencia,1,1,€ 43,2019/09/19,2019/09/20,0,"7,4",14
La Flamenca,818359,NA,Valencia,1,1,€ 55,2019/09/19,2019/09/20,0,"7,2",14
central station valencia,2414838,Apartamentos,Valencia,1,1,€ 59,2019/09/19,2019/09/20,0,7,14
Colón Market Downtown,4607745,Apartamento,Valencia,1,1,NA,2019/09/19,2019/09/20,0,"9,8",14
Hostal la Barraca,350013,NA,Valencia,1,1,€ 65,2019/09/19,2019/09/20,0,"7,2",14
Avenida del Cid (Centrico),4737683,Apartamento,Valencia,1,1,€ 65,2019/09/19,2019/09/20,0,"7,1",14
Central Station Valencia Hostel,1647017,NA,Valencia,1,1,€ 67,2019/09/19,2019/09/20,0,"7,1",14
Living Valencia - Central Market,2243194,Apartamento,Valencia,1,1,€ 70,2019/09/19,2019/09/20,0,7,14
Homestay & OLEE,4132920,NA,Valencia,1,1,€ 70,2019/09/19,2019/09/20,0,"7,3",14
Centro Valencia Calle Cerrajeros,3476261,NA,Valencia,1,1,€ 75,2019/09/19,2019/09/20,0,"7,1",14
Apartment Cabanyal,3172456,Apartamento,Valencia,1,1,NA,2019/09/19,2019/09/20,0,"9,7",14
Hostal Residencial RR,450746,NA,Valencia,1,1,€ 78,2019/09/19,2019/09/20,0,7,14
Malvarrosa Beach Rooms,314048,NA,Valencia,1,1,€ 82,2019/09/19,2019/09/20,2,"7,1",14
Valencia Apartments,4367788,Apartamentos,Valencia,1,1,€ 87,2019/09/19,2019/09/20,0,"7,2",14
NWT Monserrat,3728842,Apartamentos,Valencia,1,1,€ 89,2019/09/19,2019/09/20,0,7,14
SHF Sevilla Loft,850157,Apartamentos,Valencia,1,1,€ 100,2019/09/19,2019/09/20,0,"7,4",14
SHF Flats Baron,1033085,Apartamentos,Valencia,1,1,€ 100,2019/09/19,2019/09/20,0,8,14
Charming Ninetta,3220582,Apartamento,Valencia,1,1,NA,2019/09/19,2019/09/20,0,"9,5",14
Apartamentos el Pilar,237104,Apartamentos,Valencia,1,1,€ 105,2019/09/19,2019/09/20,0,8,14
Nanit Valencia Hostel,3913497,NA,Valencia,1,1,€ 109,2019/09/19,2019/09/20,0,"8,3",14
B&B El Mercat,2203530,NA,Valencia,1,1,€ 110,2019/09/19,2019/09/20,0,"7,3",14
City Center Atico 360,3025679,Apartamento,Valencia,1,1,NA,2019/09/19,2019/09/20,0,"9,5",14
Reina's Apartment,2130930,Apartamentos,Valencia,1,1,€ 110,2019/09/19,2019/09/20,0,"8,4",14
Friendly Rentals Puerto Deportivo,2317861,Apartamentos,Valencia,1,1,€ 115,2019/09/19,2019/09/20,0,"8,2",14
HOSTAL BED OF THE SEA,3974636,NA,Valencia,1,1,€ 120,2019/09/19,2019/09/20,0,"7,1",14
L'Otelet By Sweet,1467935,NA,Valencia,1,1,€ 122,2019/09/19,2019/09/20,0,"8,3",14
MALVARROSA - ISLA DE HIERRO,3253373,Apartamento,Valencia,1,1,€ 125,2019/09/19,2019/09/20,0,8,14
Apartamento para 10 personas,5029963,Apartamento,Valencia,1,1,€ 175,2019/09/19,2019/09/20,0,"7,3",14
Select Home Catedral,440778,Apartamentos,Valencia,1,1,€ 190,2019/09/19,2019/09/20,0,"7,1",14
Ambrosio Flats Valencia - El Mercat,3131649,Apartamento,Valencia,1,1,NA,2019/09/19,2019/09/20,0,"9,5",14
MD Modern Hotel - Jardines,305447,NA,Valencia,1,1,€ 126,2019/09/19,2019/09/20,1,"8,2",14
Select Home Town Hall,1648016,Apartamentos,Valencia,1,1,€ 200,2019/09/19,2019/09/20,0,"7,3",14
Valencia Boutique Ayuntamiento,343355,Apartamentos,Valencia,1,1,€ 250,2019/09/19,2019/09/20,0,"7,2",14
NWT Central Station Apartments,3964093,Apartamento,Valencia,1,1,€ 129,2019/09/19,2019/09/20,0,"8,2",14
Zerka Centro,4425975,Apartamentos,Valencia,1,1,€ 129,2019/09/19,2019/09/20,0,"8,3",14
Habitación con cama doble,4794909,NA,Valencia,1,1,€ 41,2019/09/19,2019/09/20,0,"6,6",14
PISO ACOGEDOR,4995780,NA,Valencia,1,1,€ 50,2019/09/19,2019/09/20,0,"6,9",14
Geography and Arts.,3569110,NA,Valencia,1,1,€ 54,2019/09/19,2019/09/20,0,"6,8",14
Fun and Sun Center 2,2944416,NA,Valencia,1,1,€ 45,2019/09/19,2019/09/20,0,"6,1",14
Precioso apartamento en Valencia- 4PAX-,3783667,Apartamento,Valencia,1,1,€ 130,2019/09/19,2019/09/20,0,"8,3",14
Dreams Rental Plaza Redonda,1665625,Apartamentos,Valencia,1,1,€ 135,2019/09/19,2019/09/20,0,"8,2",14
Loft Central Market - Tapas,3187998,Apartamentos,Valencia,1,1,€ 118,2019/09/19,2019/09/20,0,"6,4",14
Casita Esmeralda,2040126,Casa o chalet,Valencia,1,1,€ 139,2019/09/19,2019/09/20,0,"6,4",14
Bubuflats Bubu 3,1014334,Apartamento,Valencia,1,1,€ 110,2019/09/19,2019/09/20,0,"9,6",14
RoomTuristValencia - Ruzafa,4608394,NA,Valencia,1,1,€ 30,2019/09/19,2019/09/20,0,"5,6",14
Ruzafa Guesthouse,2269176,NA,Valencia,1,1,€ 33,2019/09/19,2019/09/20,0,"5,6",14
Sweet Hotel Renasa,274818,NA,Valencia,1,1,€ 139,2019/09/19,2019/09/20,3,8,14
Casa La Buhardilla,2985364,Apartamento,Valencia,1,1,NA,2019/09/19,2019/09/20,0,"9,6",14
Guest House Higinio Noja,2845935,NA,Valencia,1,1,€ 40,2019/09/19,2019/09/20,0,"5,9",14
Ramirez Flats & Bar,4124528,Apartahotel,Valencia,1,1,€ 126,2019/09/19,2019/09/20,0,"9,5",14
VALENCIA APARTAMENTO GOYA,4256653,Apartamento,Valencia,1,1,NA,2019/09/19,2019/09/20,0,10,14
15 Avinguda Mare Nostrum,4518973,Apartamento,Valencia,1,1,€ 145,2019/09/19,2019/09/20,0,"9,8",14
NH Valencia Las Ciencias,90725,NA,Valencia,1,1,€ 146,2019/09/19,2019/09/20,3,8,14
Penthouse at City Center,2592975,Apartamento,Valencia,1,1,€ 148,2019/09/19,2019/09/20,0,"8,4",14
Disfruta - Enjoy Valencia Oceanografic,4121345,Apartamento,Valencia,1,1,€ 149,2019/09/19,2019/09/20,0,"9,6",14
Disfruta - Enjoy Valencia Ayuntamiento,4901194,Apartamento,Valencia,1,1,€ 149,2019/09/19,2019/09/20,0,"9,7",14
Carrer del Bisbe Jaume Pérez,4900140,NA,Valencia,1,1,€ 60,2019/09/19,2019/09/20,0,"5,9",14
Home Sweet Home,1223953,NA,Valencia,1,1,€ 60,2019/09/19,2019/09/20,0,"5,5",14
Oliver,4865093,NA,Valencia,1,1,€ 73,2019/09/19,2019/09/20,0,"5,8",14
Friendly Rentals Telemann,1634241,Apartamento,Valencia,1,1,€ 150,2019/09/19,2019/09/20,0,8,14
Friendly rentals Enesco Beach,2526514,Apartamento,Valencia,1,1,€ 155,2019/09/19,2019/09/20,0,8,14
Guest House Duc de Gaeta,2275007,NA,Valencia,1,1,€ 33,2019/09/19,2019/09/20,0,5,14
Art&Flats Bed&Breakfast,5238345,NA,Valencia,1,1,€ 45,2019/09/19,2019/09/20,0,9,14
Cantagua Hostel,4074640,NA,Valencia,1,1,€ 47,2019/09/19,2019/09/20,0,"9,1",14
Magnífico Adosado- cerca de Valencia ciudad- en zona de montaña y playa fluvial,5354233,Casa o chalet,Valencia,1,1,€ 60,2019/09/19,2019/09/20,0,"9,4",14
MerKat-Abastos,1231196,Apartamento,Valencia,1,1,NA,2019/09/19,2019/09/20,0,"9,7",14
Friendly Rentals Rey,1634248,Apartamento,Valencia,1,1,€ 190,2019/09/19,2019/09/20,0,9,14
ARENAS 2 APARTAMENT,2808815,Apartamento,Valencia,1,1,€ 200,2019/09/19,2019/09/20,0,"9,1",14
Preciosa Casita Cerca Del Mar,4057271,Apartamento,Valencia,1,1,NA,2019/09/19,2019/09/20,0,"9,7",14
Hotel Conqueridor,91047,NA,Valencia,1,1,€ 158,2019/09/19,2019/09/20,4,"8,4",14
Primus Valencia,331871,NA,Valencia,1,1,€ 158,2019/09/19,2019/09/20,4,"8,3",14
Citizentral Juristas,1113127,Apartamentos,Valencia,1,1,€ 200,2019/09/19,2019/09/20,0,"9,2",14
Mon Suites San Martin,2777545,Apartamentos,Valencia,1,1,€ 201,2019/09/19,2019/09/20,0,"9,4",14
Blanq Comedias,4922002,NA,Valencia,1,1,€ 81,2019/09/19,2019/09/20,0,"9,2",14
Apartamento Rosaleda,3014201,Apartamento,Valencia,1,1,€ 85,2019/09/19,2019/09/20,0,9,14
Las Arenas Balneario Resort,91144,NA,Valencia,1,1,€ 230,2019/09/19,2019/09/20,5,9,14
Cozy apartment in Valencia center,3402135,Apartamentos,Valencia,1,1,€ 231,2019/09/19,2019/09/20,0,"9,2",14
Apartamento cerca de la Playa y el Centro,2620264,Apartamento,Valencia,1,1,€ 88,2019/09/19,2019/09/20,0,9,14
Apartamento bianca,3205847,Apartamento,Valencia,1,1,€ 91,2019/09/19,2019/09/20,0,"9,2",14
Apartment close to park Marchalenes,4418670,Apartamento,Valencia,1,1,€ 94,2019/09/19,2019/09/20,0,"9,2",14
MYR Hotel Plaza Mercado & Spa,1619029,Apartahotel,Valencia,1,1,€ 239,2019/09/19,2019/09/20,0,"9,2",14
Vincci Mercat,1279484,NA,Valencia,1,1,€ 275,2019/09/19,2019/09/20,4,9,14
Bianca,4232781,Apartamentos,Valencia,1,1,€ 96,2019/09/19,2019/09/20,0,9,14
Apartment Cisneros 2,2361375,Apartamento,Valencia,1,1,NA,2019/09/19,2019/09/20,0,"9,7",14
Ciudad Ciencias- Lujo- Parking- Wi-Fi.,4999636,Apartamento,Valencia,1,1,NA,2019/09/19,2019/09/20,0,"9,8",14
Old Fisherman's House in Malvarrosa Beach,3618172,Apartamento,Valencia,1,1,€ 346,2019/09/19,2019/09/20,0,"9,4",14
YOU & CO. Saler Beach Boutique,4533007,NA,Valencia,1,1,€ 99,2019/09/19,2019/09/20,3,"9,2",14
Turia Burjassot 12,3237353,Apartamento,Valencia,1,1,€ 100,2019/09/19,2019/09/20,0,9,14
Hotel Boutique Balandret,1281710,NA,Valencia,1,1,€ 353,2019/09/19,2019/09/20,3,"9,2",14
Caro Hotel,348132,NA,Valencia,1,1,€ 745,2019/09/19,2019/09/20,5,"9,2",14
Ayuntamiento Panoramic,3089239,Apartamento,Valencia,1,1,NA,2019/09/19,2019/09/20,0,"9,5",14
Apartamento cerca de la playa y Ciudad de las Ciencias,4576062,Apartamento,Valencia,1,1,€ 163,2019/09/19,2019/09/20,0,8,14
Silken Puerta Valencia,91182,NA,Valencia,1,1,€ 165,2019/09/19,2019/09/20,4,"8,3",14
The River Hostel,494202,NA,Valencia,1,1,€ 31,2019/09/19,2019/09/20,0,"8,5",14
Tryp Valencia Feria,92852,NA,Valencia,1,1,€ 183,2019/09/19,2019/09/20,4,"8,4",14
Pensión Alicante,298710,NA,Valencia,1,1,€ 38,2019/09/19,2019/09/20,0,"8,5",14
Namaste Rooms,3799642,NA,Valencia,1,1,€ 50,2019/09/19,2019/09/20,0,"8,7",14
Eurostars Rey Don Jaime,91520,NA,Valencia,1,1,€ 197,2019/09/19,2019/09/20,4,"8,2",14
Eurostars Gran Valencia,90484,NA,Valencia,1,1,€ 212,2019/09/19,2019/09/20,4,"8,4",14
Vlc Apartaments el Carmen,389902,Apartamentos,Valencia,1,1,€ 214,2019/09/19,2019/09/20,0,"8,2",14
Casa Botànic - Céntrico y con comodidades,4218273,Apartamento,Valencia,1,1,NA,2019/09/19,2019/09/20,0,"9,8",14
Centro en Valencia,2885222,Apartamento,Valencia,1,1,€ 100,2019/09/19,2019/09/20,0,"9,4",14
Dolz Garden Ruzafa,1123993,Apartamentos,Valencia,1,1,€ 100,2019/09/19,2019/09/20,0,"9,2",14
Hotel Valencia Center,91285,NA,Valencia,1,1,€ 218,2019/09/19,2019/09/20,4,"8,4",14
Senator Parque Central Hotel,274963,NA,Valencia,1,1,€ 220,2019/09/19,2019/09/20,4,"8,1",14
APARTAMENTO DE DISEÑO EN PLAZA MANISES,2823390,Apartamento,Valencia,1,1,NA,2019/09/19,2019/09/20,0,"9,7",14
Russafa Youth Hostel,345134,NA,Valencia,1,1,€ 52,2019/09/19,2019/09/20,0,"8,6",14
Live in Chianti,2227491,NA,Valencia,1,1,€ 104,2019/09/19,2019/09/20,0,"9,1",14
Apartments Abate 4,2848648,Apartamentos,Valencia,1,1,€ 107,2019/09/19,2019/09/20,0,"9,1",14
Valencia Suits You Citytel,1106307,NA,Valencia,1,1,€ 59,2019/09/19,2019/09/20,2,"8,6",14
BONNIES Suites & Spa Valencia,3631910,Apartamentos,Valencia,1,1,NA,2019/09/19,2019/09/20,0,"9,8",14
Welcome Apartamentos Pintor Stolz 31 Valencia,5019066,Apartamento,Valencia,1,1,€ 108,2019/09/19,2019/09/20,0,"9,3",14
Home Youth Hostel by Feetup Hostels,189322,NA,Valencia,1,1,€ 64,2019/09/19,2019/09/20,0,"8,8",14
Homestay Carrer Sagun,5006434,NA,Valencia,1,1,€ 65,2019/09/19,2019/09/20,0,"8,7",14
Ilunion Valencia 4,754329,NA,Valencia,1,1,€ 230,2019/09/19,2019/09/20,4,8,14
Luz de Valencia,2076095,Apartamentos,Valencia,1,1,€ 69,2019/09/19,2019/09/20,0,"8,8",14
Estrella de russafa,5352439,NA,Valencia,1,1,€ 70,2019/09/19,2019/09/20,0,"8,9",14
Apartamento Bolseria 28,881275,Apartamentos,Valencia,1,1,NA,2019/09/19,2019/09/20,0,"9,5",14
Hotel Medium Valencia,96838,NA,Valencia,1,1,€ 243,2019/09/19,2019/09/20,4,"8,2",14
Malvarrosa Calle Pavia,3608764,Casa o chalet,Valencia,1,1,€ 271,2019/09/19,2019/09/20,0,"8,1",14
Bubuflats Bubu 5,1283519,Apartamento,Valencia,1,1,€ 110,2019/09/19,2019/09/20,0,"9,1",14
apartamento las torres-botanico,4694090,Apartamento,Valencia,1,1,€ 111,2019/09/19,2019/09/20,0,9,14
Hostal Venecia,92883,NA,Valencia,1,1,€ 112,2019/09/19,2019/09/20,2,"9,1",14
Valencia maritimo,3020748,Apartamento,Valencia,1,1,€ 70,2019/09/19,2019/09/20,0,"8,9",14
Balcón Al Mar,295109,NA,Valencia,1,1,€ 71,2019/09/19,2019/09/20,0,"8,5",14
MD Benlliure Beach.,1957258,Apartamento,Valencia,1,1,€ 275,2019/09/19,2019/09/20,0,8,14
Luxury Center Plaza Redonda,5138960,Apartamento,Valencia,1,1,NA,2019/09/19,2019/09/20,0,"9,8",14
Musico Peydro Apartments,3765069,Apartamentos,Valencia,1,1,€ 285,2019/09/19,2019/09/20,0,8,14
"Piso ""Como en tu casa""",2689136,Apartamento,Valencia,1,1,€ 115,2019/09/19,2019/09/20,0,"9,3",14
Valenciaflats Ciudad de las Ciencias,93676,Apartamentos,Valencia,1,1,€ 115,2019/09/19,2019/09/20,0,"9,1",14
MD Sueca. Apartment with Terrace Ruzafa,2551179,Apartamento,Valencia,1,1,€ 373,2019/09/19,2019/09/20,0,"8,1",14
UP Hostel Valencia,1710137,NA,Valencia,1,1,€ 31,2019/09/19,2019/09/20,0,"7,8",14
Hulot B&B Valencia,585429,NA,Valencia,1,1,€ 72,2019/09/19,2019/09/20,0,"8,5",14
Balandra Flat,2032624,Apartamento,Valencia,1,1,€ 79,2019/09/19,2019/09/20,0,"8,7",14
Travel Habitat Ático Ciutat Vella.,3264750,Apartamento,Valencia,1,1,NA,2019/09/19,2019/09/20,0,"9,5",14
Apartamento Ruzafa Centro II,3718518,Apartamento,Valencia,1,1,€ 119,2019/09/19,2019/09/20,0,9,14
Casa del Patriarca,364834,NA,Valencia,1,1,€ 81,2019/09/19,2019/09/20,0,"8,9",14
Center Venezuela Apartments,4459021,Apartamentos,Valencia,1,1,€ 87,2019/09/19,2019/09/20,0,"8,5",14
RUZAFA- CENTRO-A/C- WI-FI- PARKING,2885994,Apartamento,Valencia,1,1,NA,2019/09/19,2019/09/20,0,"9,7",14
Habitación doble,3599930,NA,Valencia,1,1,€ 90,2019/09/19,2019/09/20,0,"8,9",14
Apartamento Ruzafa Centro I,2006333,Apartamento,Valencia,1,1,€ 119,2019/09/19,2019/09/20,0,"9,2",14
Valenciaflats Centro Ciudad,18544,Apartamentos,Valencia,1,1,€ 120,2019/09/19,2019/09/20,0,"9,2",14
OCEANOGRAFIC APARTMENT. PARKING. WI-FI,3107716,Apartamentos,Valencia,1,1,€ 120,2019/09/19,2019/09/20,0,9,14
BUBUSUITES by Bubuflats,2389776,NA,Valencia,1,1,€ 120,2019/09/19,2019/09/20,0,"9,3",14
Apartamentos Valencia - Peset Aleixandre 135- FREE WI-FI,4262488,Apartamentos,Valencia,1,1,€ 121,2019/09/19,2019/09/20,0,"9,1",14
València Centre Túria,2185255,Apartamento,Valencia,1,1,€ 94,2019/09/19,2019/09/20,0,"8,8",14
Ad Hoc Carmen,1173270,NA,Valencia,1,1,€ 96,2019/09/19,2019/09/20,2,"8,9",14
Opera House Valencia B&B,3533887,NA,Valencia,1,1,NA,2019/09/19,2019/09/20,0,"9,5",14
Apartment on Carrer del Dr. Lluch,2008997,Apartamento,Valencia,1,1,€ 127,2019/09/19,2019/09/20,0,"9,1",14
Apartamentos Plaza Picasso,97063,Apartamentos,Valencia,1,1,€ 96,2019/09/19,2019/09/20,0,"8,5",14
Quart Youth Hostel,476418,NA,Valencia,1,1,€ 97,2019/09/19,2019/09/20,0,"8,7",14
Apart and Benef,2291245,NA,Valencia,1,1,€ 34,2019/09/19,2019/09/20,0,"7,8",14
Adrian's House,2271869,NA,Valencia,1,1,€ 35,2019/09/19,2019/09/20,0,"7,8",14
Casual Vintage Valencia,1710241,NA,Valencia,1,1,€ 99,2019/09/19,2019/09/20,2,"8,6",14
CÓMODAS HABITACIONES CERCA DE LA PLAYA,5041799,NA,Valencia,1,1,NA,2019/09/19,2019/09/20,0,"9,5",14
Casa Cosy,375456,Apartamentos,Valencia,1,1,€ 130,2019/09/19,2019/09/20,0,"9,4",14
Palacio de Rojas,1073276,Apartamentos,Valencia,1,1,€ 133,2019/09/19,2019/09/20,0,"9,3",14
Valenciaflats Centro Histórico,94781,Apartamentos,Valencia,1,1,€ 106,2019/09/19,2019/09/20,0,"8,7",14
Perla Apartments,3146781,Apartamentos,Valencia,1,1,€ 108,2019/09/19,2019/09/20,0,"8,8",14
Habitación Céntrica en Casa de Familia,4289877,NA,Valencia,1,1,€ 35,2019/09/19,2019/09/20,0,"7,8",14
HQ Rooms Apartments San Vicente,2894429,Apartamentos,Valencia,1,1,€ 144,2019/09/19,2019/09/20,0,"9,3",14
Mediterranean Flats Plaza Redonda,4086496,Apartamentos,Valencia,1,1,€ 145,2019/09/19,2019/09/20,0,"9,3",14
Hotel El Siglo,1741479,NA,Valencia,1,1,€ 110,2019/09/19,2019/09/20,3,"8,5",14
Hostal Moratin,326015,NA,Valencia,1,1,€ 38,2019/09/19,2019/09/20,1,"7,9",14
Kasa Katia Eco Guest House,636256,NA,Valencia,1,1,€ 150,2019/09/19,2019/09/20,0,"9,4",14
Casual del Cine Valencia,572187,NA,Valencia,1,1,€ 112,2019/09/19,2019/09/20,2,"8,6",14
Friendly Rentals Brade,1918694,Apartamento,Valencia,1,1,€ 112,2019/09/19,2019/09/20,0,"8,9",14
Pensión Universal,304276,NA,Valencia,1,1,€ 47,2019/09/19,2019/09/20,0,"7,9",14
Valencia City Host,1177077,NA,Valencia,1,1,€ 48,2019/09/19,2019/09/20,0,"7,8",14
Sweet Caroline Apartment,1811784,Apartamento,Valencia,1,1,€ 150,2019/09/19,2019/09/20,0,"9,2",14
B BEACH VALENCIA,5125954,Apartamento,Valencia,1,1,€ 150,2019/09/19,2019/09/20,0,"9,1",14
Casual Civilizaciones Valencia,449777,NA,Valencia,1,1,€ 48,2019/09/19,2019/09/20,0,"7,9",14
Hotel San Lorenzo Boutique,1307718,NA,Valencia,1,1,€ 122,2019/09/19,2019/09/20,3,"8,6",14
Rooms Ciencias,94126,NA,Valencia,1,1,€ 122,2019/09/19,2019/09/20,0,"8,9",14
Apartamentos Valencia - Brazil 31 Free WiFi,4948554,Apartamento,Valencia,1,1,€ 125,2019/09/19,2019/09/20,0,"8,8",14
Friendly Rentals Verdi 2,2523881,Apartamento,Valencia,1,1,€ 140,2019/09/19,2019/09/20,0,"8,7",14
Jardín Botánico Hotel Boutique,93369,NA,Valencia,1,1,€ 141,2019/09/19,2019/09/20,3,"8,9",14
Atico Loft Ruzafa,3152977,Apartamento,Valencia,1,1,NA,2019/09/19,2019/09/20,0,"9,7",14
Pio XII Apartments Valencia,402080,Apartamentos,Valencia,1,1,€ 126,2019/09/19,2019/09/20,0,"8,5",14
Blanq Carmen Hotel,97069,NA,Valencia,1,1,€ 127,2019/09/19,2019/09/20,3,"8,7",14
Hotel Mediterraneo Valencia,92412,NA,Valencia,1,1,€ 145,2019/09/19,2019/09/20,3,"8,8",14
Friendly Rentals Ferrero,2314984,Apartamento,Valencia,1,1,€ 145,2019/09/19,2019/09/20,0,"8,6",14
Biopark View Apartment,2381901,Apartamento,Valencia,1,1,€ 146,2019/09/19,2019/09/20,0,"8,9",14
Mon Suites San Nicolas,4117225,Apartamentos,Valencia,1,1,€ 152,2019/09/19,2019/09/20,0,"9,2",14
Apartamentos Wallace,1698355,Apartamentos,Valencia,1,1,€ 152,2019/09/19,2019/09/20,0,"9,2",14
MD Design Hotel - Portal del Real,2391685,NA,Valencia,1,1,€ 154,2019/09/19,2019/09/20,2,"9,1",14
Duplex en Blasco Ibáñez,3672426,Apartamento,Valencia,1,1,€ 155,2019/09/19,2019/09/20,0,"9,1",14
Flatsforyou Mercat,1367507,Apartamentos,Valencia,1,1,€ 130,2019/09/19,2019/09/20,3,"8,9",14
Hotel Malcom and Barret,483261,NA,Valencia,1,1,€ 131,2019/09/19,2019/09/20,3,"8,7",14
Petit Palace Ruzafa,90792,NA,Valencia,1,1,€ 148,2019/09/19,2019/09/20,3,"8,7",14
Sercotel Sorolla Palace,93646,NA,Valencia,1,1,€ 149,2019/09/19,2019/09/20,4,"8,6",14
Lotelito,570027,NA,Valencia,1,1,€ 152,2019/09/19,2019/09/20,0,"8,9",14
Boutique Creative Rooms,2334726,NA,Valencia,1,1,€ 131,2019/09/19,2019/09/20,0,"8,8",14
Valenciaflats Mercado Central,307677,Apartamentos,Valencia,1,1,€ 133,2019/09/19,2019/09/20,0,"8,9",14
Barracart Apartments,2125836,Apartamentos,Valencia,1,1,NA,2019/09/19,2019/09/20,0,"9,6",14
Hotel Kramer,91106,NA,Valencia,1,1,€ 153,2019/09/19,2019/09/20,3,"8,8",14
Hotel Dimar,90886,NA,Valencia,1,1,€ 158,2019/09/19,2019/09/20,4,"8,7",14
Mon Suites Catedral,485679,Apartamentos,Valencia,1,1,€ 156,2019/09/19,2019/09/20,0,"9,2",14
Hotel Valencia Alameda,4019381,NA,Valencia,1,1,€ 162,2019/09/19,2019/09/20,4,"9,3",14
Melia Valencia,290493,NA,Valencia,1,1,€ 160,2019/09/19,2019/09/20,4,"8,8",14
ValentiaApartments - MercadoCentral,4185241,Apartamentos,Valencia,1,1,€ 160,2019/09/19,2019/09/20,0,"8,7",14
Puerta de Serranos,2734333,Apartamentos,Valencia,1,1,€ 161,2019/09/19,2019/09/20,0,"8,8",14
Soho Valencia,1538641,Apartahotel,Valencia,1,1,€ 169,2019/09/19,2019/09/20,0,9,14
Center City Flats,861452,Apartamentos,Valencia,1,1,€ 171,2019/09/19,2019/09/20,0,"9,1",14
Zerka Sendra,4657122,Apartamento,Valencia,1,1,€ 179,2019/09/19,2019/09/20,0,9,14
Hi Valencia Cánovas,4312120,Apartamentos,Valencia,1,1,€ 180,2019/09/19,2019/09/20,0,9,14
Hostal El Cid,309465,NA,Valencia,1,1,€ 48,2019/09/19,2019/09/20,2,"7,6",14
Habitacion PLaza Ayuntamiento,4365340,NA,Valencia,1,1,€ 50,2019/09/19,2019/09/20,0,"7,6",14
Voyagers Inn Homestay,2682156,NA,Valencia,1,1,€ 52,2019/09/19,2019/09/20,0,"7,8",14
Canela`s Vintage Ruzafa Centro,4652584,Apartamento,Valencia,1,1,€ 170,2019/09/19,2019/09/20,0,"8,5",14
Central Park Apartment Valencia,3881533,Apartamento,Valencia,1,1,NA,2019/09/19,2019/09/20,0,"9,6",14
Hospederia del Pilar,327766,NA,Valencia,1,1,€ 54,2019/09/19,2019/09/20,0,"7,9",14
Habitacion por dias Centro Valencia,3977106,NA,Valencia,1,1,€ 62,2019/09/19,2019/09/20,0,"7,9",14
Jero Rooms,296743,NA,Valencia,1,1,€ 64,2019/09/19,2019/09/20,0,"7,7",14
Zenit Valencia,92327,NA,Valencia,1,1,€ 173,2019/09/19,2019/09/20,4,"8,8",14
Citizentral Gascons,332095,Apartamentos,Valencia,1,1,€ 175,2019/09/19,2019/09/20,0,"8,7",14
SH Ingles Boutique Hotel,92956,NA,Valencia,1,1,€ 180,2019/09/19,2019/09/20,4,"8,5",14
City Center Apartments,4426057,Apartamentos,Valencia,1,1,€ 81,2019/09/19,2019/09/20,0,"7,8",14
OYO Pensión El Rincón,476031,NA,Valencia,1,1,€ 85,2019/09/19,2019/09/20,1,"7,6",14
Hotel Neptuno,91206,NA,Valencia,1,1,€ 180,2019/09/19,2019/09/20,4,"8,5",14
SKY TOURISTIC ATTIC,281640,Apartamentos,Valencia,1,1,€ 180,2019/09/19,2019/09/20,0,"8,5",14
Melia Plaza Valencia,13270,NA,Valencia,1,1,€ 209,2019/09/19,2019/09/20,4,"8,9",14
Lounge by the sea,4756780,Apartamento,Valencia,1,1,NA,2019/09/19,2019/09/20,0,"9,8",14
Ilunion Aqua 4,92777,NA,Valencia,1,1,€ 217,2019/09/19,2019/09/20,4,"8,5",14
Hotel Sercotel Acteón Valencia,90495,NA,Valencia,1,1,€ 134,2019/09/19,2019/09/20,4,"8,5",14
Marina Loft & Apartments,432326,Apartamentos,Valencia,1,1,€ 135,2019/09/19,2019/09/20,0,"8,7",14
One Shot Colón 46,1394168,NA,Valencia,1,1,€ 139,2019/09/19,2019/09/20,3,"8,7",14
Ca Carmela,2466364,Casa o chalet,Valencia,1,1,€ 225,2019/09/19,2019/09/20,0,"8,9",14
SingularStays Parque Central,3054000,Apartamentos,Valencia,1,1,€ 243,2019/09/19,2019/09/20,0,"8,8",14
FREE WI-FI. Apartamentos 90 м2 - Assutzena 5,4828764,Apartamento,Valencia,1,1,€ 140,2019/09/19,2019/09/20,0,"8,7",14
AC Hotel Colon Valencia- a Marriott Lifestyle Hotel,1117150,NA,Valencia,1,1,€ 275,2019/09/19,2019/09/20,4,"8,7",14
AC Hotel Valencia- a Marriott Lifestyle Hotel,91063,NA,Valencia,1,1,€ 297,2019/09/19,2019/09/20,4,"8,6",14
Hospes Palau de La Mar,93823,NA,Valencia,1,1,€ 313,2019/09/19,2019/09/20,5,"8,8",14
Stay at Valencia Downtown,1840715,Apartamento,Valencia,1,1,NA,2019/09/19,2019/09/20,0,"9,6",14
Vincci Lys,91183,NA,Valencia,1,1,€ 385,2019/09/19,2019/09/20,4,"8,9",14
Vincci Palace,94163,NA,Valencia,1,1,€ 418,2019/09/19,2019/09/20,4,"8,6",14
SH Valencia Palace,91497,NA,Valencia,1,1,€ 860,2019/09/19,2019/09/20,5,"8,5",14
The Westin Valencia,93321,NA,Valencia,1,1,€ 5.559,2019/09/19,2019/09/20,5,"8,7",14
Center Valencia Youth Hostel,246931,NA,Valencia,1,1,€ 16,2019/09/19,2019/09/20,0,8,14
Habitación en piso compartido,5433175,NA,Valencia,1,1,€ 40,2019/09/19,2019/09/20,0,8,14
La seda stay,3335523,Apartamento,Valencia,1,1,NA,2019/09/19,2019/09/20,0,"9,7",14
Habitacion en Valencia Barata,4861796,NA,Valencia,1,1,€ 45,2019/09/19,2019/09/20,0,"8,2",14
Como en casa,4802186,NA,Valencia,1,1,€ 54,2019/09/19,2019/09/20,0,"8,1",14
Purple Nest Hostel,25278,NA,Valencia,1,1,€ 55,2019/09/19,2019/09/20,0,"8,1",14
Pension MonaLisa Luxury Suites,3834224,NA,Valencia,1,1,€ 60,2019/09/19,2019/09/20,0,"8,2",14
Red Nest Hostel,92283,NA,Valencia,1,1,€ 61,2019/09/19,2019/09/20,0,"8,2",14
B&B Hi Valencia Canovas,305349,NA,Valencia,1,1,€ 64,2019/09/19,2019/09/20,0,"8,3",14
Dormavalencia Hostel Regne,291755,NA,Valencia,1,1,€ 69,2019/09/19,2019/09/20,1,8,14
Hotel Alkazar,408511,NA,Valencia,1,1,€ 69,2019/09/19,2019/09/20,1,8,14
Urban Youth Hostel,1163025,NA,Valencia,1,1,€ 70,2019/09/19,2019/09/20,0,"8,4",14
Hostal Abastos,257057,NA,Valencia,1,1,€ 70,2019/09/19,2019/09/20,2,"8,2",14
Reina 12,1684198,NA,Valencia,1,1,€ 70,2019/09/19,2019/09/20,0,"8,2",14
City Suites Apartments,3091106,NA,Valencia,1,1,€ 74,2019/09/19,2019/09/20,0,"8,4",14
Living Valencia - Biblioteca,2843260,Apartamentos,Valencia,1,1,€ 80,2019/09/19,2019/09/20,0,8,14
Down Town,1656378,Apartamentos,Valencia,1,1,€ 81,2019/09/19,2019/09/20,0,"8,3",14
Dormavalencia Hostel,249585,NA,Valencia,1,1,€ 85,2019/09/19,2019/09/20,1,"8,2",14
United Colors of Apartments - Catedral,1301545,Apartamentos,Valencia,1,1,€ 85,2019/09/19,2019/09/20,0,"8,2",14
APARTAMENTO LAS MELLIZAS,4651578,NA,Valencia,1,1,€ 45,2019/09/19,2019/09/20,0,"8,4",14
Sol Playa,12656,NA,Valencia,1,1,€ 90,2019/09/19,2019/09/20,2,"8,3",14
