name,propertyId,propertyType,city,rooms,days,price,checkIn,checkOut,stars,score,advance
OCEANOGRAFIC DELUXE- PARKING- WI-FI,4095746,Apartamento,Valencia,1,1,€ 120,2019/10/06,2019/10/07,0,"9,2",30
Valencia-Ruzafa Studio,3235983,Apartamento,Valencia,1,1,€ 120,2019/10/06,2019/10/07,0,"9,1",30
Luxury Beach House,3602594,Casa o chalet,Valencia,1,1,NA,2019/10/06,2019/10/07,0,"9,7",30
Cozy apartment in Valencia center,3402135,Apartamentos,Valencia,1,1,€ 120,2019/10/06,2019/10/07,0,"9,2",30
Sorolla Centro,90896,NA,Valencia,1,1,€ 121,2019/10/06,2019/10/07,3,"9,1",30
MD Design Hotel - Portal del Real,2391685,NA,Valencia,1,1,€ 124,2019/10/06,2019/10/07,2,"9,1",30
Apartamentos Wallace,1698355,Apartamentos,Valencia,1,1,€ 124,2019/10/06,2019/10/07,0,"9,2",30
Mon Suites San Nicolas,4117225,Apartamentos,Valencia,1,1,€ 124,2019/10/06,2019/10/07,0,"9,2",30
Friendly Rentals Schubert,1634221,Apartamentos,Valencia,1,1,€ 125,2019/10/06,2019/10/07,0,9,30
Luxury Center Plaza Redonda,5138960,Apartamento,Valencia,1,1,NA,2019/10/06,2019/10/07,0,"9,8",30
One Shot Mercat 09,2274203,NA,Valencia,1,1,€ 125,2019/10/06,2019/10/07,4,"9,1",30
Apartament on Calle Aluders,1329733,Apartamento,Valencia,1,1,€ 125,2019/10/06,2019/10/07,0,"9,1",30
Live in Chianti Apartaments,2882632,Apartamentos,Valencia,1,1,€ 128,2019/10/06,2019/10/07,0,"9,1",30
Mediterranean Flats Plaza Redonda,4086496,Apartamentos,Valencia,1,1,€ 145,2019/10/06,2019/10/07,0,"9,3",30
NH Collection Colón Valencia,3828811,NA,Valencia,1,1,€ 148,2019/10/06,2019/10/07,4,"9,2",30
ARENAS 2 APARTAMENT,2808815,Apartamento,Valencia,1,1,€ 150,2019/10/06,2019/10/07,0,"9,1",30
Colón Market Downtown,4607745,Apartamento,Valencia,1,1,NA,2019/10/06,2019/10/07,0,"9,7",30
Sabía que venias!,3543756,NA,Valencia,1,1,€ 70,2019/10/06,2019/10/07,0,"8,6",30
Valencia maritimo,3020748,Apartamento,Valencia,1,1,€ 70,2019/10/06,2019/10/07,0,"8,9",30
Sweet Caroline Apartment,1811784,Apartamento,Valencia,1,1,€ 150,2019/10/06,2019/10/07,0,"9,2",30
Edificio Pentagono,4673669,Apartamento,Valencia,1,1,€ 155,2019/10/06,2019/10/07,0,"9,1",30
Friendly Rentals Mercado Central,3220956,Apartamento,Valencia,1,1,€ 155,2019/10/06,2019/10/07,0,"9,3",30
Friendly Rentals Boyvin,1923141,Apartamento,Valencia,1,1,€ 160,2019/10/06,2019/10/07,0,"9,3",30
Hotel Boutique Balandret,1281710,NA,Valencia,1,1,€ 162,2019/10/06,2019/10/07,3,"9,2",30
Hotel Miramar,23332,NA,Valencia,1,1,€ 75,2019/10/06,2019/10/07,2,"8,4",30
Ilunion Aqua 3,92776,NA,Valencia,1,1,€ 76,2019/10/06,2019/10/07,3,"8,3",30
Splendid house in Valencia,3091182,Apartamentos,Valencia,1,1,NA,2019/10/06,2019/10/07,0,"9,3",30
Friendly Rentals Rey,1634248,Apartamento,Valencia,1,1,€ 170,2019/10/06,2019/10/07,0,9,30
Hotel Medium Valencia,96838,NA,Valencia,1,1,€ 77,2019/10/06,2019/10/07,4,"8,2",30
Senator Parque Central Hotel,274963,NA,Valencia,1,1,€ 77,2019/10/06,2019/10/07,4,"8,1",30
SHF Flats Baron,1033085,Apartamentos,Valencia,1,1,€ 80,2019/10/06,2019/10/07,0,8,30
NH Valencia Las Artes,90731,NA,Valencia,1,1,€ 80,2019/10/06,2019/10/07,4,"8,4",30
Hotel Valencia Center,91285,NA,Valencia,1,1,€ 84,2019/10/06,2019/10/07,4,"8,4",30
Primus Valencia,331871,NA,Valencia,1,1,€ 87,2019/10/06,2019/10/07,4,"8,3",30
Canovas rooms,5296619,NA,Valencia,1,1,NA,2019/10/06,2019/10/07,0,"9,2",30
Disfruta De Playa Y Ciudad,2470646,Apartamento,Valencia,1,1,NA,2019/10/06,2019/10/07,0,"9,5",30
Rooms Ciencias,94126,NA,Valencia,1,1,€ 71,2019/10/06,2019/10/07,0,"8,9",30
Hotel Dimar,90886,NA,Valencia,1,1,€ 72,2019/10/06,2019/10/07,4,"8,7",30
Zalamera BnB,1331238,NA,Valencia,1,1,€ 73,2019/10/06,2019/10/07,0,"8,7",30
Bonito Apartamento- confortable y bien comunicado,5572090,Apartamento,Valencia,1,1,€ 64,2019/10/06,2019/10/07,0,,30
LOFT apartamento duplex en Valencia con parking,5519008,Apartamento,Valencia,1,1,€ 65,2019/10/06,2019/10/07,0,,30
Apartamento Calle Lorca,2111733,Apartamento,Valencia,1,1,NA,2019/10/06,2019/10/07,0,"9,4",30
Comfort Homestay,5423155,NA,Valencia,1,1,€ 67,2019/10/06,2019/10/07,0,,30
Original Domino House,5434091,NA,Valencia,1,1,€ 69,2019/10/06,2019/10/07,0,,30
Mi casa es vuestra casa,4967097,NA,Valencia,1,1,€ 70,2019/10/06,2019/10/07,0,,30
Habitación en Valencia,5477394,NA,Valencia,1,1,€ 72,2019/10/06,2019/10/07,0,,30
Brugada home,5259150,NA,Valencia,1,1,€ 75,2019/10/06,2019/10/07,0,,30
Loft Turia Gran,5133726,Apartamento,Valencia,1,1,€ 80,2019/10/06,2019/10/07,0,,30
Oceanografic Arts center 46,2929640,Apartamento,Valencia,1,1,NA,2019/10/06,2019/10/07,0,9,30
Habitación en casa particular,5500863,NA,Valencia,1,1,€ 80,2019/10/06,2019/10/07,0,,30
Apartments Sollana Near the Turia Park Valencia,5546417,Apartamento,Valencia,1,1,€ 85,2019/10/06,2019/10/07,0,,30
APARTAMENTO EN LA PLAYA,5503515,Apartamento,Valencia,1,1,€ 85,2019/10/06,2019/10/07,0,,30
PISO DE DISEÑO A 5 MIN ANDANDO DE LA PLAYA,5546265,Apartamento,Valencia,1,1,€ 95,2019/10/06,2019/10/07,0,,30
Apartamento Centrico Y Muy Bien Ubicado,4800241,Apartamento,Valencia,1,1,€ 101,2019/10/06,2019/10/07,0,,30
Dormavalencia Hostel Regne,291755,NA,Valencia,1,1,€ 87,2019/10/06,2019/10/07,1,8,30
APARTAMENTO LAS MELLIZAS,4651578,NA,Valencia,1,1,€ 45,2019/10/06,2019/10/07,0,"8,4",30
Living Valencia -Correos,3062274,Apartamentos,Valencia,1,1,€ 90,2019/10/06,2019/10/07,0,"8,4",30
Casa Adosada Quintero,5481770,Casa o chalet,Valencia,1,1,€ 104,2019/10/06,2019/10/07,0,,30
SingularStays Plaza Redonda,1551343,Apartamento,Valencia,1,1,NA,2019/10/06,2019/10/07,0,"9,2",30
Apartamentos Artesa 22 Valencia,5546723,Apartamento,Valencia,1,1,€ 112,2019/10/06,2019/10/07,0,,30
RAVALENCIA 4,3377937,Apartamento,Valencia,1,1,€ 124,2019/10/06,2019/10/07,0,,30
Kirei Apartment Dublin,4639542,Apartamento,Valencia,1,1,€ 137,2019/10/06,2019/10/07,0,,30
CENTER-2BR- 2BA-ATTIC-TERRACE-VIEW- WI-FI- A/C,5264557,Apartamento,Valencia,1,1,€ 169,2019/10/06,2019/10/07,0,,30
Burjassot Mestalla,3058627,Apartamento,Valencia,1,1,€ 75,2019/10/06,2019/10/07,0,"8,5",30
Hotel Valencia Oceanic Managed by Melia Hotels International,91522,NA,Valencia,1,1,€ 76,2019/10/06,2019/10/07,4,"8,6",30
Casa del Patriarca,364834,NA,Valencia,1,1,€ 76,2019/10/06,2019/10/07,0,"8,9",30
Apartamento Tiziano,1528645,Apartamentos,Valencia,1,1,NA,2019/10/06,2019/10/07,0,"9,5",30
"Flat ""Ca Alexandre""",3687859,Apartamento,Valencia,1,1,€ 200,2019/10/06,2019/10/07,0,,30
Apartamento con terraza,5238122,Apartahotel,Valencia,1,1,€ 240,2019/10/06,2019/10/07,0,,30
Homestay Valencia,2597106,NA,Valencia,1,1,€ 90,2019/10/06,2019/10/07,0,"8,2",30
Valenciaflats Torres de Serrano,17468,Apartamentos,Valencia,1,1,€ 91,2019/10/06,2019/10/07,0,"8,3",30
MD Modern Hotel - Jardines,305447,NA,Valencia,1,1,€ 92,2019/10/06,2019/10/07,1,"8,2",30
MOM La Punta,3105661,NA,Valencia,1,1,NA,2019/10/06,2019/10/07,0,"9,4",30
Center Apartments,4152091,Apartamentos,Valencia,1,1,€ 92,2019/10/06,2019/10/07,0,8,30
NH Valencia Center,90727,NA,Valencia,1,1,€ 92,2019/10/06,2019/10/07,4,"8,3",30
Plaza Del Carmen,1737254,Apartamento,Valencia,1,1,€ 100,2019/10/06,2019/10/07,0,"8,1",30
Purple Nest Hostel,25278,NA,Valencia,1,1,€ 103,2019/10/06,2019/10/07,0,"8,1",30
Cosy Rooms Embajador,369728,NA,Valencia,1,1,€ 89,2019/10/06,2019/10/07,2,"7,4",30
Accommodation Beach Apartments,1001766,Apartamentos,Valencia,1,1,€ 89,2019/10/06,2019/10/07,0,"7,1",30
Valencia City Center New Apartments,1042326,Apartamentos,Valencia,1,1,NA,2019/10/06,2019/10/07,0,9,30
Suites by Eric Olsan (Peset),4726296,Apartamentos,Valencia,1,1,€ 94,2019/10/06,2019/10/07,0,"7,4",30
Kirei Apartment San Vicente,1774062,Apartamento,Valencia,1,1,€ 110,2019/10/06,2019/10/07,0,"7,4",30
Kirei Apartment Vienna,4639797,Apartamento,Valencia,1,1,€ 115,2019/10/06,2019/10/07,0,"7,4",30
Kirei Apartment En Llop,1765516,Apartamentos,Valencia,1,1,€ 137,2019/10/06,2019/10/07,0,"7,1",30
Apartamento para 10 personas,5029963,Apartamento,Valencia,1,1,€ 175,2019/10/06,2019/10/07,0,"7,3",30
Best Valencia Beach Flat,3246772,Apartamento,Valencia,1,1,€ 192,2019/10/06,2019/10/07,0,"7,1",30
Palau de Palomar,471283,Apartamentos,Valencia,1,1,NA,2019/10/06,2019/10/07,0,"9,1",30
Casual Vintage Valencia,1710241,NA,Valencia,1,1,€ 77,2019/10/06,2019/10/07,2,"8,6",30
Ad Hoc Carmen,1173270,NA,Valencia,1,1,€ 78,2019/10/06,2019/10/07,2,"8,9",30
Casual del Cine Valencia,572187,NA,Valencia,1,1,€ 79,2019/10/06,2019/10/07,2,"8,6",30
Citizentral Gascons,332095,Apartamentos,Valencia,1,1,€ 79,2019/10/06,2019/10/07,0,"8,7",30
Buho House,3777691,Apartahotel,Valencia,1,1,€ 79,2019/10/06,2019/10/07,0,"8,5",30
Moon Valencia,3560698,Apartamentos,Valencia,1,1,€ 82,2019/10/06,2019/10/07,0,"8,9",30
Ático Valencia Centro,4358939,Apartamento,Valencia,1,1,NA,2019/10/06,2019/10/07,0,"9,9",30
Turia Town,4064373,Apartamentos,Valencia,1,1,€ 85,2019/10/06,2019/10/07,0,"8,8",30
Select Home Town Hall,1648016,Apartamentos,Valencia,1,1,€ 220,2019/10/06,2019/10/07,0,"7,3",30
Select Home Catedral,440778,Apartamentos,Valencia,1,1,€ 250,2019/10/06,2019/10/07,0,"7,1",30
Ruzafa Apartments,1431031,Apartamentos,Valencia,1,1,€ 290,2019/10/06,2019/10/07,0,"7,1",30
MD Puerto Rico Apartment Ruzafa,3737151,Apartamento,Valencia,1,1,€ 329,2019/10/06,2019/10/07,0,"7,4",30
MD Olivereta Apartment,3783665,Apartamento,Valencia,1,1,€ 390,2019/10/06,2019/10/07,0,"7,3",30
Guest House Lebon,3124256,NA,Valencia,1,1,€ 35,2019/10/06,2019/10/07,0,"6,9",30
Vivaldi Center City,2791614,Apartamento,Valencia,1,1,NA,2019/10/06,2019/10/07,0,"9,1",30
Ruzafa Rooms,2891693,NA,Valencia,1,1,€ 36,2019/10/06,2019/10/07,0,"6,9",30
Carrer de María Montessori,3272386,Apartamento,Valencia,1,1,€ 109,2019/10/06,2019/10/07,0,"8,2",30
Apartamento Ciudad de las Artes y las Ciencias,4353552,Apartamento,Valencia,1,1,€ 110,2019/10/06,2019/10/07,0,"8,3",30
Habitación con cama doble,4794909,NA,Valencia,1,1,€ 36,2019/10/06,2019/10/07,0,"6,6",30
PISO ACOGEDOR,4995780,NA,Valencia,1,1,€ 50,2019/10/06,2019/10/07,0,"6,9",30
Geography and Arts.,3569110,NA,Valencia,1,1,€ 60,2019/10/06,2019/10/07,0,"6,9",30
Apartment Valencia Denia,1968489,Apartamentos,Valencia,1,1,€ 69,2019/10/06,2019/10/07,0,"6,7",30
Kirei Apartment Na Jordana,1702092,Apartamentos,Valencia,1,1,€ 93,2019/10/06,2019/10/07,0,"6,9",30
Studios Las Arenas,444155,Apartamentos,Valencia,1,1,NA,2019/10/06,2019/10/07,0,9,30
Casita Esmeralda,2040126,Casa o chalet,Valencia,1,1,€ 114,2019/10/06,2019/10/07,0,"6,5",30
Miresa flats,5300418,Apartamento,Valencia,1,1,€ 125,2019/10/06,2019/10/07,0,"6,9",30
Fun and Sun Center 2,2944416,NA,Valencia,1,1,€ 36,2019/10/06,2019/10/07,0,"6,1",30
Kirei Apartment Denver,4585191,Apartamento,Valencia,1,1,€ 137,2019/10/06,2019/10/07,0,"6,3",30
Kirei Apartment San Agustin,1712323,Apartamentos,Valencia,1,1,€ 161,2019/10/06,2019/10/07,0,6,30
B&B Hotel Valencia Ciudad de las Ciencias,92242,NA,Valencia,1,1,€ 56,2019/10/06,2019/10/07,3,"7,5",30
Hotel Turia,14441,NA,Valencia,1,1,€ 59,2019/10/06,2019/10/07,4,"7,5",30
Valencia City Center New Apartments,1042326,Apartamentos,Valencia,1,1,NA,2019/10/06,2019/10/07,0,9,30
Expo Hotel Valencia,91223,NA,Valencia,1,1,€ 61,2019/10/06,2019/10/07,3,"7,6",30
Casual de la Música Valencia,273130,NA,Valencia,1,1,€ 63,2019/10/06,2019/10/07,2,"7,5",30
United Colors of Studios - Mercado Central,2574108,Apartamentos,Valencia,1,1,€ 64,2019/10/06,2019/10/07,0,"7,9",30
Jero Rooms,296743,NA,Valencia,1,1,€ 66,2019/10/06,2019/10/07,0,"7,7",30
City Center Apartments,4426057,Apartamentos,Valencia,1,1,€ 68,2019/10/06,2019/10/07,0,"7,8",30
OYO Pensión El Rincón,476031,NA,Valencia,1,1,€ 69,2019/10/06,2019/10/07,1,"7,6",30
Palau de Palomar,471283,Apartamentos,Valencia,1,1,NA,2019/10/06,2019/10/07,0,"9,1",30
Cosy Rooms Tapinería,371192,NA,Valencia,1,1,€ 70,2019/10/06,2019/10/07,2,"7,5",30
Checkin Valencia,93743,NA,Valencia,1,1,€ 71,2019/10/06,2019/10/07,4,"7,8",30
Patacona Green Flats,292996,Apartamentos,Valencia,1,1,€ 72,2019/10/06,2019/10/07,0,"7,6",30
SEA YOU HOTEL PORT VALENCIA,92328,NA,Valencia,1,1,€ 77,2019/10/06,2019/10/07,4,"7,7",30
Apartamento Alguer,4005334,Apartamento,Valencia,1,1,€ 80,2019/10/06,2019/10/07,0,"7,6",30
Apartamento Angel Alcazar 35,2174625,Apartamento,Valencia,1,1,€ 80,2019/10/06,2019/10/07,0,"7,5",30
Vivaldi Center City,2791614,Apartamento,Valencia,1,1,NA,2019/10/06,2019/10/07,0,"9,1",30
Torres Quart,3702234,Apartamentos,Valencia,1,1,€ 83,2019/10/06,2019/10/07,0,"7,6",30
El 16 Ruzafa,865461,Apartamentos,Valencia,1,1,€ 84,2019/10/06,2019/10/07,0,"7,7",30
Patacona Resort Apartments,189782,Apartamentos,Valencia,1,1,€ 84,2019/10/06,2019/10/07,0,"7,8",30
SHF Plaza de la Reina,1682520,Apartamentos,Valencia,1,1,€ 84,2019/10/06,2019/10/07,0,"7,7",30
Apartment Florista,2150187,Apartamento,Valencia,1,1,€ 85,2019/10/06,2019/10/07,0,"7,9",30
Plaza Sainetero 5,3148458,Apartamento,Valencia,1,1,€ 93,2019/10/06,2019/10/07,0,"7,8",30
United Colors of Apartments Boutique Style,5372347,Apartamentos,Valencia,1,1,€ 74,2019/10/06,2019/10/07,0,"9,9",30
Nest Style Valencia -Nueva apertura-,5219046,NA,Valencia,1,1,€ 75,2019/10/06,2019/10/07,3,"9,6",30
VALENCIA APARTAMENTO GOYA,4256653,Apartamento,Valencia,1,1,NA,2019/10/06,2019/10/07,0,10,30
Piso en La Ciudad de Artes,3832790,Apartamento,Valencia,1,1,€ 93,2019/10/06,2019/10/07,0,"9,6",30
Casa La Buhardilla,2985364,Apartamento,Valencia,1,1,€ 97,2019/10/06,2019/10/07,0,"9,6",30
L'Esplai Valencia Bed & Breakfast,1282556,NA,Valencia,1,1,€ 99,2019/10/06,2019/10/07,0,"9,6",30
Opera House Valencia B&B,3533887,NA,Valencia,1,1,€ 118,2019/10/06,2019/10/07,0,"9,5",30
15 Avinguda Mare Nostrum,4518973,Apartamento,Valencia,1,1,€ 125,2019/10/06,2019/10/07,0,"9,8",30
Duplex+Swimming pool+private entrance=Housen of LOVE,2999152,Apartamento,Valencia,1,1,€ 125,2019/10/06,2019/10/07,0,"9,5",30
Central Park Apartment Valencia,3881533,Apartamento,Valencia,1,1,NA,2019/10/06,2019/10/07,0,"9,6",30
Ramirez Flats & Bar,4124528,Apartahotel,Valencia,1,1,€ 126,2019/10/06,2019/10/07,0,"9,5",30
Disfruta - Enjoy Valencia Ayuntamiento,4901194,Apartamento,Valencia,1,1,€ 139,2019/10/06,2019/10/07,0,"9,7",30
RUZAFA- CENTRO-A/C- WI-FI- PARKING,2885994,Apartamento,Valencia,1,1,€ 140,2019/10/06,2019/10/07,0,"9,7",30
Disfruta - Enjoy Valencia Ruzafa,3890328,Apartamento,Valencia,1,1,€ 145,2019/10/06,2019/10/07,0,"9,7",30
Valencia Just in the Middle,2965508,Apartamento,Valencia,1,1,€ 145,2019/10/06,2019/10/07,0,"9,9",30
Disfruta - Enjoy Valencia Oceanografic,4121345,Apartamento,Valencia,1,1,€ 159,2019/10/06,2019/10/07,0,"9,6",30
Apartamento Frederick “Centrico y con Clase”,4236394,Apartamento,Valencia,1,1,NA,2019/10/06,2019/10/07,0,"9,7",30
Casa Calle Conquista,4691493,Apartamento,Valencia,1,1,€ 250,2019/10/06,2019/10/07,0,"9,7",30
Art&Flats Bed&Breakfast,5238345,NA,Valencia,1,1,€ 40,2019/10/06,2019/10/07,0,9,30
Cantagua Hostel,4074640,NA,Valencia,1,1,€ 44,2019/10/06,2019/10/07,0,"9,1",30
YOU & CO. Saler Beach Boutique,4533007,NA,Valencia,1,1,€ 55,2019/10/06,2019/10/07,3,"9,1",30
Habitación privada a 1500 metros de la playa,3789910,NA,Valencia,1,1,€ 60,2019/10/06,2019/10/07,0,"9,2",30
Blanq Comedias,4922002,NA,Valencia,1,1,€ 68,2019/10/06,2019/10/07,0,"9,2",30
BONNIES Suites & Spa Valencia,3631910,Apartamentos,Valencia,1,1,NA,2019/10/06,2019/10/07,0,"9,8",30
Hi Valencia Cánovas,4312120,Apartamentos,Valencia,1,1,€ 68,2019/10/06,2019/10/07,0,9,30
Magnífico Adosado- cerca de Valencia ciudad- en zona de montaña y playa fluvial,5354233,Casa o chalet,Valencia,1,1,€ 72,2019/10/06,2019/10/07,0,"9,4",30
Una Ubicacion Perfecta,3114164,Apartamentos,Valencia,1,1,€ 75,2019/10/06,2019/10/07,0,"9,1",30
Turia Burjassot 12,3237353,Apartamento,Valencia,1,1,€ 75,2019/10/06,2019/10/07,0,9,30
Calle de Frederica Montseny 'Política' Casa o chalet,5152866,Casa o chalet,Valencia,1,1,€ 80,2019/10/06,2019/10/07,0,"9,4",30
Hotel Neptuno,91206,NA,Valencia,1,1,€ 144,2019/10/06,2019/10/07,4,"8,5",30
SH Ingles Boutique Hotel,92956,NA,Valencia,1,1,€ 149,2019/10/06,2019/10/07,4,"8,5",30
City Center Atico 360,3025679,Apartamento,Valencia,1,1,NA,2019/10/06,2019/10/07,0,"9,5",30
Canela`s Vintage Ruzafa Centro,4652584,Apartamento,Valencia,1,1,€ 150,2019/10/06,2019/10/07,0,"8,5",30
Friendly Rentals Ferrero,2314984,Apartamento,Valencia,1,1,€ 150,2019/10/06,2019/10/07,0,"8,6",30
Melia Plaza Valencia,13270,NA,Valencia,1,1,€ 165,2019/10/06,2019/10/07,4,"8,9",30
Puerta de Serranos,2734333,Apartamentos,Valencia,1,1,€ 166,2019/10/06,2019/10/07,0,"8,8",30
AC Hotel Colon Valencia- a Marriott Lifestyle Hotel,1117150,NA,Valencia,1,1,€ 178,2019/10/06,2019/10/07,4,"8,7",30
Vincci Lys,91183,NA,Valencia,1,1,€ 178,2019/10/06,2019/10/07,4,"8,9",30
Apartamento Forn dels Apòstols,3122008,Apartamento,Valencia,1,1,NA,2019/10/06,2019/10/07,0,"9,6",30
The Westin Valencia,93321,NA,Valencia,1,1,€ 208,2019/10/06,2019/10/07,5,"8,7",30
Vincci Palace,94163,NA,Valencia,1,1,€ 218,2019/10/06,2019/10/07,4,"8,6",30
Hospes Palau de La Mar,93823,NA,Valencia,1,1,€ 225,2019/10/06,2019/10/07,5,"8,8",30
SingularStays Parque Central,3054000,Apartamentos,Valencia,1,1,€ 257,2019/10/06,2019/10/07,0,"8,8",30
Ca Carmela,2466364,Casa o chalet,Valencia,1,1,€ 280,2019/10/06,2019/10/07,0,"8,9",30
Center Valencia Youth Hostel,246931,NA,Valencia,1,1,€ 27,2019/10/06,2019/10/07,0,8,30
Apartment Cabanyal,3172456,Apartamento,Valencia,1,1,NA,2019/10/06,2019/10/07,0,"9,7",30
Urban Youth Hostel,1163025,NA,Valencia,1,1,€ 31,2019/10/06,2019/10/07,0,"8,4",30
Habitacion Barata Valencia,3931013,NA,Valencia,1,1,€ 35,2019/10/06,2019/10/07,0,8,30
B&B Hi Valencia Canovas,305349,NA,Valencia,1,1,€ 38,2019/10/06,2019/10/07,0,"8,4",30
Habitación en piso compartido,5433175,NA,Valencia,1,1,€ 40,2019/10/06,2019/10/07,0,8,30
Hostal Abastos,257057,NA,Valencia,1,1,€ 45,2019/10/06,2019/10/07,2,"8,2",30
Red Nest Hostel,92283,NA,Valencia,1,1,€ 45,2019/10/06,2019/10/07,0,"8,2",30
Valencia center,3168460,Apartamento,Valencia,1,1,NA,2019/10/06,2019/10/07,0,"9,8",30
Casa Mati,4217185,NA,Valencia,1,1,€ 50,2019/10/06,2019/10/07,0,"8,1",30
Dormavalencia Hostel,249585,NA,Valencia,1,1,€ 53,2019/10/06,2019/10/07,1,"8,2",30
Tryp Valencia Feria,92852,NA,Valencia,1,1,€ 54,2019/10/06,2019/10/07,4,"8,4",30
Como en casa,4802186,NA,Valencia,1,1,€ 54,2019/10/06,2019/10/07,0,"8,1",30
Palacios Rooms,2773548,NA,Valencia,1,1,€ 54,2019/10/06,2019/10/07,0,"8,3",30
Pension MonaLisa Luxury Suites,3834224,NA,Valencia,1,1,€ 56,2019/10/06,2019/10/07,0,"8,3",30
City Valencia Beach 360,4504803,Apartamento,Valencia,1,1,NA,2019/10/06,2019/10/07,0,"9,5",30
Sweet Hotel Renasa,274818,NA,Valencia,1,1,€ 56,2019/10/06,2019/10/07,3,8,30
Style Apartments Puerto,1558265,Apartamentos,Valencia,1,1,€ 59,2019/10/06,2019/10/07,0,"8,1",30
Aparthotel Valencia Rental,17344,Apartahotel,Valencia,1,1,€ 59,2019/10/06,2019/10/07,0,8,30
Eurostars Gran Valencia,90484,NA,Valencia,1,1,€ 59,2019/10/06,2019/10/07,4,"8,4",30
Holiday Inn Express Ciudad de las Ciencias,96737,NA,Valencia,1,1,€ 60,2019/10/06,2019/10/07,3,8,30
Eurostars Rey Don Jaime,91520,NA,Valencia,1,1,€ 62,2019/10/06,2019/10/07,4,"8,2",30
Apartamento Comedias,2236348,Apartamento,Valencia,1,1,NA,2019/10/06,2019/10/07,0,"9,8",30
L'Otelet By Sweet,1467935,NA,Valencia,1,1,€ 64,2019/10/06,2019/10/07,0,"8,3",30
Reina 12,1684198,NA,Valencia,1,1,€ 64,2019/10/06,2019/10/07,0,"8,2",30
Hotel Olympia Universidades,1301731,NA,Valencia,1,1,€ 66,2019/10/06,2019/10/07,3,"8,4",30
Silken Puerta Valencia,91182,NA,Valencia,1,1,€ 66,2019/10/06,2019/10/07,4,"8,3",30
Happy Apartments Valencia,456043,Apartamentos,Valencia,1,1,€ 67,2019/10/06,2019/10/07,0,"8,2",30
Down Town,1656378,Apartamentos,Valencia,1,1,€ 67,2019/10/06,2019/10/07,0,"8,3",30
Coroa Malvarrosa,1638172,Apartamentos,Valencia,1,1,€ 67,2019/10/06,2019/10/07,0,"8,2",30
Happy Apartments Valencia – Lope de Vega,575582,Apartamentos,Valencia,1,1,€ 67,2019/10/06,2019/10/07,0,"8,1",30
Ilunion Valencia 4,754329,NA,Valencia,1,1,€ 67,2019/10/06,2019/10/07,4,8,30
NH Ciudad de Valencia,90729,NA,Valencia,1,1,€ 69,2019/10/06,2019/10/07,3,"8,1",30
United Colors of Apartments - Catedral,1301545,Apartamentos,Valencia,1,1,€ 69,2019/10/06,2019/10/07,0,"8,2",30
Nanit Valencia Hostel,3913497,NA,Valencia,1,1,€ 69,2019/10/06,2019/10/07,0,"8,3",30
NH Valencia Las Ciencias,90725,NA,Valencia,1,1,€ 69,2019/10/06,2019/10/07,3,8,30
City Suites Apartments,3091106,NA,Valencia,1,1,€ 70,2019/10/06,2019/10/07,0,"8,4",30
Sol Playa,12656,NA,Valencia,1,1,€ 70,2019/10/06,2019/10/07,2,"8,3",30
Casual de las Artes Valencia,538056,NA,Valencia,1,1,€ 72,2019/10/06,2019/10/07,3,"8,4",30
Residencia Universitaria Damia Bonet,247451,NA,Valencia,1,1,€ 75,2019/10/06,2019/10/07,0,"8,3",30
Atico Ciutat Vella,3446230,Apartamentos,Valencia,1,1,€ 75,2019/10/06,2019/10/07,0,"8,4",30
