name,propertyId,propertyType,city,rooms,days,price,checkIn,checkOut,stars,score,advance
Ilunion Aqua 3,92776,NA,Valencia,1,1,€ 66,2019/12/27,2019/12/28,3,"8,3",90
Hotel Medium Valencia,96838,NA,Valencia,1,1,€ 68,2019/12/27,2019/12/28,4,"8,2",90
Cool Central Market,3424724,Apartamento,Valencia,1,1,NA,2019/12/27,2019/12/28,0,"9,9",90
NH Valencia Las Artes,90731,NA,Valencia,1,1,€ 68,2019/12/27,2019/12/28,4,"8,4",90
Casual de las Artes Valencia,538056,NA,Valencia,1,1,€ 68,2019/12/27,2019/12/28,3,"8,4",90
Primus Valencia,331871,NA,Valencia,1,1,€ 70,2019/12/27,2019/12/28,4,"8,3",90
Ilunion Valencia 4,754329,NA,Valencia,1,1,€ 71,2019/12/27,2019/12/28,4,"8,1",90
Aparthotel Valencia Rental,17344,Apartahotel,Valencia,1,1,€ 71,2019/12/27,2019/12/28,0,8,90
L'Otelet By Sweet,1467935,NA,Valencia,1,1,€ 73,2019/12/27,2019/12/28,0,"8,3",90
Central Apartment in Valencia with WIFI + Parking.,4557920,Apartamento,Valencia,1,1,NA,2019/12/27,2019/12/28,0,"9,6",90
Reina 12,1684198,NA,Valencia,1,1,€ 74,2019/12/27,2019/12/28,0,"8,2",90
Happy Apartments Valencia,456043,Apartamentos,Valencia,1,1,€ 77,2019/12/27,2019/12/28,0,"8,2",90
Sweet Hotel Continental,93856,NA,Valencia,1,1,€ 79,2019/12/27,2019/12/28,2,"8,3",90
Silken Puerta Valencia,91182,NA,Valencia,1,1,€ 79,2019/12/27,2019/12/28,4,"8,3",90
Sweet Hotel Renasa,274818,NA,Valencia,1,1,€ 79,2019/12/27,2019/12/28,3,8,90
Nanit Valencia Hostel,3913497,NA,Valencia,1,1,€ 80,2019/12/27,2019/12/28,0,"8,3",90
Piso en La Ciudad de Artes,3832790,Apartamento,Valencia,1,1,NA,2019/12/27,2019/12/28,0,"9,6",90
Eurostars Gran Valencia,90484,NA,Valencia,1,1,€ 80,2019/12/27,2019/12/28,4,"8,4",90
NH Ciudad de Valencia,90729,NA,Valencia,1,1,€ 81,2019/12/27,2019/12/28,3,"8,1",90
Happy Apartments Valencia – Lope de Vega,575582,Apartamentos,Valencia,1,1,€ 82,2019/12/27,2019/12/28,0,"8,1",90
Atico Ciutat Vella,3446230,Apartamentos,Valencia,1,1,€ 85,2019/12/27,2019/12/28,0,"8,3",90
Holiday Inn Express Ciudad de las Ciencias,96737,NA,Valencia,1,1,€ 86,2019/12/27,2019/12/28,3,8,90
NH Valencia Center,90727,NA,Valencia,1,1,€ 93,2019/12/27,2019/12/28,4,"8,3",90
Hostal Antigua Morellana,1273937,NA,Valencia,1,1,NA,2019/12/27,2019/12/28,1,"9,5",90
Cozy fisherman's house,2241663,Casa o chalet,Valencia,1,1,€ 95,2019/12/27,2019/12/28,0,"8,3",90
City Suites Apartments,3091106,NA,Valencia,1,1,€ 102,2019/12/27,2019/12/28,0,"8,4",90
Apartamento Privado Próximo a Playa y Ciencias,3783163,Apartamento,Valencia,1,1,€ 120,2019/12/27,2019/12/28,0,"8,1",90
Hotel Conqueridor,91047,NA,Valencia,1,1,€ 126,2019/12/27,2019/12/28,4,"8,4",90
Valenciaflats Torres de Serrano,17468,Apartamentos,Valencia,1,1,€ 129,2019/12/27,2019/12/28,0,"8,3",90
Mon Suites San Martin,2777545,Apartamentos,Valencia,1,1,€ 218,2019/12/27,2019/12/28,0,"9,4",90
Caro Hotel,348132,NA,Valencia,1,1,€ 219,2019/12/27,2019/12/28,5,"9,2",90
Apartamento centro,3160737,Apartamento,Valencia,1,1,NA,2019/12/27,2019/12/28,0,"9,7",90
Arena's Apartament,2156905,Apartamento,Valencia,1,1,€ 225,2019/12/27,2019/12/28,0,"9,1",90
Mon Suites San Nicolas,4117225,Apartamentos,Valencia,1,1,€ 235,2019/12/27,2019/12/28,0,"9,2",90
Zerka Sendra,4657122,Apartamento,Valencia,1,1,€ 249,2019/12/27,2019/12/28,0,9,90
Ca Carmela,2466364,Casa o chalet,Valencia,1,1,€ 280,2019/12/27,2019/12/28,0,"9,1",90
MD Julio Antonio Apartment Center,3961049,Apartamento,Valencia,1,1,€ 285,2019/12/27,2019/12/28,0,"9,3",90
Old Fisherman's House in Malvarrosa Beach,3618172,Apartamento,Valencia,1,1,€ 576,2019/12/27,2019/12/28,0,"9,4",90
Valencia what else...,2550483,Apartamento,Valencia,1,1,NA,2019/12/27,2019/12/28,0,"9,5",90
The River Hostel,494202,NA,Valencia,1,1,€ 23,2019/12/27,2019/12/28,0,"8,5",90
Quart Youth Hostel,476418,NA,Valencia,1,1,€ 47,2019/12/27,2019/12/28,0,"8,6",90
Aventura,5567318,Apartamentos,Valencia,1,1,€ 50,2019/12/27,2019/12/28,0,"8,4",90
Pio XII Apartments Valencia,402080,Apartamentos,Valencia,1,1,€ 51,2019/12/27,2019/12/28,0,"8,5",90
Home Youth Hostel by Feetup Hostels,189322,NA,Valencia,1,1,€ 52,2019/12/27,2019/12/28,0,"8,8",90
Estrella de russafa,5352439,NA,Valencia,1,1,€ 55,2019/12/27,2019/12/28,0,"8,4",90
El Corazon de Canovas,2634817,Apartamento,Valencia,1,1,NA,2019/12/27,2019/12/28,0,"9,5",90
Ad Hoc Carmen,1173270,NA,Valencia,1,1,€ 64,2019/12/27,2019/12/28,2,"8,9",90
ABCyou Bed&Breakfast,189207,NA,Valencia,1,1,€ 64,2019/12/27,2019/12/28,0,"8,5",90
Hotel Malcom and Barret,483261,NA,Valencia,1,1,€ 64,2019/12/27,2019/12/28,3,"8,7",90
Apartamentos Plaza Picasso,97063,Apartamentos,Valencia,1,1,€ 67,2019/12/27,2019/12/28,0,"8,5",90
Zalamera BnB,1331238,NA,Valencia,1,1,€ 68,2019/12/27,2019/12/28,0,"8,7",90
Sercotel Sorolla Palace,93646,NA,Valencia,1,1,€ 68,2019/12/27,2019/12/28,4,"8,6",90
Ayuntamiento Panoramic,3089239,Apartamento,Valencia,1,1,NA,2019/12/27,2019/12/28,0,"9,5",90
Valencia maritimo,3020748,Apartamento,Valencia,1,1,€ 70,2019/12/27,2019/12/28,0,"8,9",90
MD Villalonga Malvarosa Beach,3739661,Apartamento,Valencia,1,1,€ 430,2019/12/27,2019/12/28,0,"7,1",90
Apartments Calle Padre Damian,4523326,Apartamentos,Valencia,1,1,€ 530,2019/12/27,2019/12/28,0,"7,3",90
OCEANOGRAFIC APARTMENT. PARKING. WI-FI,3107716,Apartamentos,Valencia,1,1,NA,2019/12/27,2019/12/28,0,9,90
Ruzafa Rooms,2891693,NA,Valencia,1,1,€ 50,2019/12/27,2019/12/28,0,"6,9",90
Guest House Lebon,3124256,NA,Valencia,1,1,€ 60,2019/12/27,2019/12/28,0,"6,9",90
AC Hotel Valencia,91063,NA,Valencia,1,1,€ 70,2019/12/27,2019/12/28,4,"8,5",90
Hulot B&B Valencia,585429,NA,Valencia,1,1,€ 70,2019/12/27,2019/12/28,0,"8,5",90
Hotel Kramer,91106,NA,Valencia,1,1,€ 72,2019/12/27,2019/12/28,3,"8,8",90
Geography and Arts.,3569110,NA,Valencia,1,1,€ 60,2019/12/27,2019/12/28,0,"6,9",90
Kirei Apartment Na Jordana,1702092,Apartamentos,Valencia,1,1,€ 101,2019/12/27,2019/12/28,0,"6,9",90
Casita Esmeralda,2040126,Casa o chalet,Valencia,1,1,€ 144,2019/12/27,2019/12/28,0,"6,5",90
Fun and Sun Center 2,2944416,NA,Valencia,1,1,€ 32,2019/12/27,2019/12/28,0,"6,1",90
CheValenciaFlats,2064099,Apartamentos,Valencia,1,1,NA,2019/12/27,2019/12/28,0,9,90
Guest House Higinio Noja,2845935,NA,Valencia,1,1,€ 60,2019/12/27,2019/12/28,0,6,90
Gon & Diego House,4899561,NA,Valencia,1,1,€ 40,2019/12/27,2019/12/28,0,"5,5",90
Hotel El Siglo,1741479,NA,Valencia,1,1,€ 74,2019/12/27,2019/12/28,3,"8,5",90
Carrer del Bisbe Jaume Pérez,4900140,NA,Valencia,1,1,€ 60,2019/12/27,2019/12/28,0,"5,9",90
Oliver,4865093,NA,Valencia,1,1,€ 63,2019/12/27,2019/12/28,0,"5,5",90
Kirei Apartment Berlin,4504570,Apartamentos,Valencia,1,1,€ 103,2019/12/27,2019/12/28,0,"5,5",90
Kirei Apartment Denver,4585191,Apartamento,Valencia,1,1,€ 161,2019/12/27,2019/12/28,0,"5,9",90
Hi Valencia Apartments - Jorge Juan,2373701,Apartamento,Valencia,1,1,NA,2019/12/27,2019/12/28,0,"9,4",90
Kirei Apartment Portland,4276529,Apartamentos,Valencia,1,1,€ 200,2019/12/27,2019/12/28,0,"5,9",90
Port of Valencia,3805735,Apartamento,Valencia,1,1,€ 120,2019/12/27,2019/12/28,0,"5,1",90
Malvarosa,3820590,Apartamento,Valencia,1,1,€ 190,2019/12/27,2019/12/28,0,"4,1",90
Aventura Valencia 2,5604325,NA,Valencia,1,1,€ 50,2019/12/27,2019/12/28,0,,90
vosotros sereis parte de mi familia.,5299568,NA,Valencia,1,1,€ 50,2019/12/27,2019/12/28,0,,90
Habitaciones con encanto,5629632,NA,Valencia,1,1,€ 50,2019/12/27,2019/12/28,0,,90
Apartamento Mercado Central,4751166,Apartamento,Valencia,1,1,NA,2019/12/27,2019/12/28,0,"9,2",90
Habitacion doble en piso compartido,5645604,NA,Valencia,1,1,€ 51,2019/12/27,2019/12/28,0,,90
Habitacion por dias Centro Valencia,3977106,NA,Valencia,1,1,€ 55,2019/12/27,2019/12/28,0,"7,8",90
Ilunion Valencia 3,92818,NA,Valencia,1,1,€ 59,2019/12/27,2019/12/28,3,"7,9",90
Teixidors de Palomar,2639791,Apartamentos,Valencia,1,1,NA,2019/12/27,2019/12/28,0,"9,3",90
Valencia Lounge Hostel,337203,NA,Valencia,1,1,€ 59,2019/12/27,2019/12/28,0,"7,7",90
Jero Rooms,296743,NA,Valencia,1,1,€ 62,2019/12/27,2019/12/28,0,"7,7",90
Checkin Valencia,93743,NA,Valencia,1,1,€ 62,2019/12/27,2019/12/28,4,"7,8",90
Alex Apartment,1756374,Apartamento,Valencia,1,1,€ 64,2019/12/27,2019/12/28,0,"7,8",90
Hogar Dulce Hogar,5426607,NA,Valencia,1,1,€ 60,2019/12/27,2019/12/28,0,,90
Rooms El Picolino,5326859,NA,Valencia,1,1,€ 65,2019/12/27,2019/12/28,0,,90
Valencia- habitacion,5366858,NA,Valencia,1,1,€ 65,2019/12/27,2019/12/28,0,,90
Florista's Room en Valencia,5502152,NA,Valencia,1,1,€ 68,2019/12/27,2019/12/28,0,,90
Cosy Rooms Tapinería,371192,NA,Valencia,1,1,€ 70,2019/12/27,2019/12/28,2,"7,5",90
SEA YOU HOTEL PORT VALENCIA,92328,NA,Valencia,1,1,€ 80,2019/12/27,2019/12/28,4,"7,7",90
Palau de Palomar,471283,Apartamentos,Valencia,1,1,NA,2019/12/27,2019/12/28,0,"9,1",90
Art of Dance Apartment Valencia,3732969,Apartamento,Valencia,1,1,€ 100,2019/12/27,2019/12/28,0,"7,7",90
Plaza Sainetero 5,3148458,Apartamento,Valencia,1,1,€ 116,2019/12/27,2019/12/28,0,"7,7",90
Apartamento Alguer,4005334,Apartamento,Valencia,1,1,€ 120,2019/12/27,2019/12/28,0,"7,6",90
Apartamento Angel Alcazar 35,2174625,Apartamento,Valencia,1,1,€ 120,2019/12/27,2019/12/28,0,"7,6",90
Kirei Apartment Vienna,4639797,Apartamento,Valencia,1,1,€ 126,2019/12/27,2019/12/28,0,"7,6",90
El 16 Ruzafa,865461,Apartamentos,Valencia,1,1,€ 139,2019/12/27,2019/12/28,0,"7,7",90
Piso en Malvarrosa,2445244,Apartamentos,Valencia,1,1,NA,2019/12/27,2019/12/28,0,9,90
STYLISH APARTMENT - CITY CENTER,2861517,Apartamento,Valencia,1,1,€ 140,2019/12/27,2019/12/28,0,"7,8",90
Kirei Apartment Calgary,4768322,Apartamento,Valencia,1,1,€ 148,2019/12/27,2019/12/28,0,"7,6",90
Old Town Flats Casa Burguerini,4552106,Apartamentos,Valencia,1,1,€ 151,2019/12/27,2019/12/28,0,"7,9",90
MD Art Apartment Ruzafa,2550955,Apartamento,Valencia,1,1,€ 271,2019/12/27,2019/12/28,0,"7,5",90
MD Benlliure Beach.,1957258,Apartamento,Valencia,1,1,€ 271,2019/12/27,2019/12/28,0,"7,9",90
MD Pelayo with terrace,1979067,Apartamento,Valencia,1,1,€ 271,2019/12/27,2019/12/28,0,"7,8",90
Apartamento Mercado Central,4751166,Apartamento,Valencia,1,1,NA,2019/12/27,2019/12/28,0,"9,2",90
Dreams Rental City Hall,337092,Apartamentos,Valencia,1,1,€ 280,2019/12/27,2019/12/28,0,"7,4",90
MD Abastos Center,2551194,Apartamento,Valencia,1,1,€ 289,2019/12/27,2019/12/28,0,"7,7",90
MD Oliag I Apartment Ruzafa,2867488,Apartamento,Valencia,1,1,€ 317,2019/12/27,2019/12/28,0,"7,6",90
Apartment Plaza de la Merced,3457190,Apartamento,Valencia,1,1,€ 470,2019/12/27,2019/12/28,0,"7,9",90
Habitación con cama doble,4794909,NA,Valencia,1,1,€ 32,2019/12/27,2019/12/28,0,7,90
Colors Rooms,675839,NA,Valencia,1,1,€ 40,2019/12/27,2019/12/28,0,"9,5",90
Apartamento luminoso y acogedor,3489126,Apartamento,Valencia,1,1,€ 78,2019/12/27,2019/12/28,0,"9,4",90
VALENCIA APARTAMENTO GOYA,4256653,Apartamento,Valencia,1,1,NA,2019/12/27,2019/12/28,0,10,90
Precioso piso junto al antiguo barrio de Campanar,3297078,Apartamento,Valencia,1,1,€ 100,2019/12/27,2019/12/28,0,"9,5",90
15 Avinguda Mare Nostrum,4518973,Apartamento,Valencia,1,1,€ 120,2019/12/27,2019/12/28,0,"9,6",90
Ramirez Flats & Bar,4124528,Apartahotel,Valencia,1,1,€ 126,2019/12/27,2019/12/28,0,"9,5",90
Nest Style Valencia -Nueva apertura-,5219046,NA,Valencia,1,1,€ 130,2019/12/27,2019/12/28,3,"9,5",90
Valencian Dreams Lonja,4757385,Apartamento,Valencia,1,1,€ 138,2019/12/27,2019/12/28,0,"9,8",90
Olympia Flats,4212801,NA,Valencia,1,1,€ 70,2019/12/27,2019/12/28,0,"9,8",90
La Casa Verde - Ruzafa,2029143,Apartamento,Valencia,1,1,NA,2019/12/27,2019/12/28,0,"9,7",90
Espai Loft Santa Mónica,4574135,Apartamento,Valencia,1,1,€ 190,2019/12/27,2019/12/28,0,"9,8",90
MARQUÉS HOUSE 4* SUP,2118880,NA,Valencia,1,1,€ 229,2019/12/27,2019/12/28,4,"9,4",90
MD PASEO RUZAFA CENTER,5374850,Apartamento,Valencia,1,1,€ 1.030,2019/12/27,2019/12/28,0,"9,6",90
YOU & CO. Saler Beach Boutique,4533007,NA,Valencia,1,1,€ 57,2019/12/27,2019/12/28,3,"9,1",90
Habitación privada a 1500 metros de la playa,3789910,NA,Valencia,1,1,€ 60,2019/12/27,2019/12/28,0,"9,2",90
Live in Chianti,2227491,NA,Valencia,1,1,€ 75,2019/12/27,2019/12/28,0,"9,1",90
Casa Botànic - Céntrico y con comodidades,4218273,Apartamento,Valencia,1,1,NA,2019/12/27,2019/12/28,0,"9,8",90
Hotel Valencia Alameda,4019381,NA,Valencia,1,1,€ 79,2019/12/27,2019/12/28,4,"9,3",90
Hotel Neptuno,91206,NA,Valencia,1,1,€ 108,2019/12/27,2019/12/28,4,"8,5",90
Boutique Creative Rooms,2334726,NA,Valencia,1,1,€ 109,2019/12/27,2019/12/28,0,"8,7",90
Cool Loft Malvarrosa Beach,4309218,Apartamento,Valencia,1,1,NA,2019/12/27,2019/12/28,0,"9,6",90
Rooms Ciencias,94126,NA,Valencia,1,1,€ 80,2019/12/27,2019/12/28,0,9,90
Original Domino House,5434091,NA,Valencia,1,1,€ 87,2019/12/27,2019/12/28,0,"9,1",90
OttoH Charm Stay,2459807,NA,Valencia,1,1,€ 89,2019/12/27,2019/12/28,0,"9,3",90
Hotel Mediterraneo Valencia,92412,NA,Valencia,1,1,€ 115,2019/12/27,2019/12/28,3,"8,8",90
Valenciaflats Centro Histórico,94781,Apartamentos,Valencia,1,1,€ 115,2019/12/27,2019/12/28,0,"8,7",90
El Palacete Gran Via,3483148,NA,Valencia,1,1,€ 115,2019/12/27,2019/12/28,0,"8,8",90
Calle de Frederica Montseny 'Política' Casa o chalet,5152866,Casa o chalet,Valencia,1,1,€ 95,2019/12/27,2019/12/28,0,"9,4",90
Cozy apartment in Valencia! WI-FI !,4447072,Apartamento,Valencia,1,1,€ 95,2019/12/27,2019/12/28,0,"9,4",90
Apartment Cisneros 2,2361375,Apartamento,Valencia,1,1,NA,2019/12/27,2019/12/28,0,"9,7",90
Apartamentos El Olivo,1985143,Apartamento,Valencia,1,1,€ 96,2019/12/27,2019/12/28,0,"9,4",90
Hostal Venecia,92883,NA,Valencia,1,1,€ 98,2019/12/27,2019/12/28,2,"9,1",90
Barceló Valencia,91988,NA,Valencia,1,1,€ 122,2019/12/27,2019/12/28,4,"8,7",90
Casual Vintage Valencia,1710241,NA,Valencia,1,1,€ 123,2019/12/27,2019/12/28,2,"8,6",90
Petit Palace Ruzafa,90792,NA,Valencia,1,1,€ 125,2019/12/27,2019/12/28,3,"8,7",90
Una Ubicacion Perfecta,3114164,Apartamentos,Valencia,1,1,€ 100,2019/12/27,2019/12/28,0,"9,1",90
Apartamento cerca de la Playa y el Centro,2620264,Apartamento,Valencia,1,1,€ 100,2019/12/27,2019/12/28,0,9,90
Casual Socarrat Valencia,5142800,NA,Valencia,1,1,€ 101,2019/12/27,2019/12/28,3,"9,2",90
Stay at Valencia Downtown,1840715,Apartamento,Valencia,1,1,NA,2019/12/27,2019/12/28,0,"9,5",90
SH Ingles Boutique Hotel,92956,NA,Valencia,1,1,€ 128,2019/12/27,2019/12/28,4,"8,5",90
Catalonia Excelsior,90578,NA,Valencia,1,1,€ 130,2019/12/27,2019/12/28,3,"8,7",90
Precioso Apartamento En Pleno Centro Con Wifi,3023494,Apartamento,Valencia,1,1,€ 130,2019/12/27,2019/12/28,0,"8,8",90
Petit Palace Plaza de la Reina,90443,NA,Valencia,1,1,€ 134,2019/12/27,2019/12/28,3,"8,7",90
One Shot Palacio Reina Victoria 04,90885,NA,Valencia,1,1,€ 135,2019/12/27,2019/12/28,4,"8,6",90
Citizentral Gascons,332095,Apartamentos,Valencia,1,1,€ 142,2019/12/27,2019/12/28,0,"8,8",90
Ciudad Ciencias- Lujo- Parking- Wi-Fi.,4999636,Apartamento,Valencia,1,1,NA,2019/12/27,2019/12/28,0,"9,8",90
AC Hotel Colon Valencia,1117150,NA,Valencia,1,1,€ 145,2019/12/27,2019/12/28,4,"8,7",90
Apartamento LUXURY CENTRO HISTORICO,3664772,Apartamento,Valencia,1,1,€ 149,2019/12/27,2019/12/28,0,"8,6",90
SH Valencia Palace,91497,NA,Valencia,1,1,€ 152,2019/12/27,2019/12/28,5,"8,5",90
Apartamento Gran Vía Marqués del Turia,2358973,Apartamento,Valencia,1,1,€ 153,2019/12/27,2019/12/28,0,"8,5",90
SKY TOURISTIC ATTIC,281640,Apartamentos,Valencia,1,1,€ 162,2019/12/27,2019/12/28,0,"8,5",90
ValentiaApartments - MercadoCentral,4185241,Apartamentos,Valencia,1,1,€ 163,2019/12/27,2019/12/28,0,"8,8",90
So de Mar,2204496,Apartamento,Valencia,1,1,NA,2019/12/27,2019/12/28,0,"9,6",90
The Westin Valencia,93321,NA,Valencia,1,1,€ 173,2019/12/27,2019/12/28,5,"8,6",90
Apartamento Casa con Angel,1079935,Apartamentos,Valencia,1,1,€ 173,2019/12/27,2019/12/28,0,"8,8",90
Vincci Palace,94163,NA,Valencia,1,1,€ 185,2019/12/27,2019/12/28,4,"8,6",90
Isabel,4442066,Apartamento,Valencia,1,1,€ 185,2019/12/27,2019/12/28,0,"8,5",90
Vincci Lys,91183,NA,Valencia,1,1,€ 194,2019/12/27,2019/12/28,4,"8,9",90
