name,propertyId,propertyType,city,rooms,days,price,checkIn,checkOut,stars,score,advance
Hotel Valencia Center,91285,NA,Valencia,1,1,€ 75,2019/11/22,2019/11/23,4,"8,4",60
City Suites Apartments,3091106,NA,Valencia,1,1,€ 79,2019/11/22,2019/11/23,0,"8,4",60
Apartment Savoy,1934973,Apartamento,Valencia,1,1,NA,2019/11/22,2019/11/23,0,"9,2",60
Ilunion Aqua 3,92776,NA,Valencia,1,1,€ 79,2019/11/22,2019/11/23,3,"8,3",60
Nanit Valencia Hostel,3913497,NA,Valencia,1,1,€ 80,2019/11/22,2019/11/23,0,"8,3",60
Apartment Vicent,1674495,Apartamento,Valencia,1,1,€ 80,2019/11/22,2019/11/23,0,"8,3",60
Eurostars Rey Don Jaime,91520,NA,Valencia,1,1,€ 80,2019/11/22,2019/11/23,4,"8,2",60
Eurostars Gran Valencia,90484,NA,Valencia,1,1,€ 80,2019/11/22,2019/11/23,4,"8,4",60
Casual de las Artes Valencia,538056,NA,Valencia,1,1,€ 81,2019/11/22,2019/11/23,3,"8,4",60
Tres Forques,2854630,Apartamento,Valencia,1,1,NA,2019/11/22,2019/11/23,0,"9,4",60
Silken Puerta Valencia,91182,NA,Valencia,1,1,€ 81,2019/11/22,2019/11/23,4,"8,3",60
Happy Apartments Valencia,456043,Apartamentos,Valencia,1,1,€ 85,2019/11/22,2019/11/23,0,"8,2",60
MD Villalonga Malvarosa Beach,3739661,Apartamento,Valencia,1,1,€ 430,2019/11/22,2019/11/23,0,"7,1",60
Habitación con cama doble,4794909,NA,Valencia,1,1,€ 36,2019/11/22,2019/11/23,0,"6,7",60
City Garden Bed and Breakfast,2204361,NA,Valencia,1,1,NA,2019/11/22,2019/11/23,0,"9,4",60
Ruzafa Rooms,2891693,NA,Valencia,1,1,€ 45,2019/11/22,2019/11/23,0,"6,9",60
PISO ACOGEDOR,4995780,NA,Valencia,1,1,€ 50,2019/11/22,2019/11/23,0,"6,9",60
Guest House Lebon,3124256,NA,Valencia,1,1,€ 60,2019/11/22,2019/11/23,0,"6,9",60
Primus Valencia,331871,NA,Valencia,1,1,€ 87,2019/11/22,2019/11/23,4,"8,3",60
Sweet Hotel Continental,93856,NA,Valencia,1,1,€ 89,2019/11/22,2019/11/23,2,"8,3",60
NH Valencia Center,90727,NA,Valencia,1,1,€ 89,2019/11/22,2019/11/23,4,"8,3",60
Happy Apartments Valencia – Lope de Vega,575582,Apartamentos,Valencia,1,1,€ 89,2019/11/22,2019/11/23,0,"8,1",60
Geography and Arts.,3569110,NA,Valencia,1,1,€ 60,2019/11/22,2019/11/23,0,"6,9",60
Kirei Apartment Na Jordana,1702092,Apartamentos,Valencia,1,1,€ 101,2019/11/22,2019/11/23,0,"6,9",60
Casita Esmeralda,2040126,Casa o chalet,Valencia,1,1,€ 114,2019/11/22,2019/11/23,0,"6,5",60
New apartment bioparc,4316710,Apartamento,Valencia,1,1,NA,2019/11/22,2019/11/23,0,"9,4",60
Fun and Sun Center 2,2944416,NA,Valencia,1,1,€ 36,2019/11/22,2019/11/23,0,"6,1",60
Carrer del Bisbe Jaume Pérez,4900140,NA,Valencia,1,1,€ 60,2019/11/22,2019/11/23,0,6,60
MD Julio Antonio Apartment Center,3961049,Apartamento,Valencia,1,1,NA,2019/11/22,2019/11/23,0,"9,3",60
Apartamento Ciudad de las Artes y las Ciencias,4353552,Apartamento,Valencia,1,1,€ 90,2019/11/22,2019/11/23,0,"8,3",60
Apartamento Plaza Sainetero,2743838,Apartamento,Valencia,1,1,€ 93,2019/11/22,2019/11/23,0,"8,2",60
Sweet Hotel Renasa,274818,NA,Valencia,1,1,€ 94,2019/11/22,2019/11/23,3,8,60
Guest House Higinio Noja,2845935,NA,Valencia,1,1,€ 60,2019/11/22,2019/11/23,0,6,60
Kirei Apartment Denver,4585191,Apartamento,Valencia,1,1,€ 137,2019/11/22,2019/11/23,0,"6,2",60
Kirei Apartment San Agustin,1712323,Apartamentos,Valencia,1,1,€ 137,2019/11/22,2019/11/23,0,"6,1",60
RoomTuristValencia - Ruzafa,4608394,NA,Valencia,1,1,€ 30,2019/11/22,2019/11/23,0,"5,6",60
Precioso apartamento al lado de la playa,3370990,Apartamento,Valencia,1,1,NA,2019/11/22,2019/11/23,0,"9,3",60
MD Modern Hotel - Jardines,305447,NA,Valencia,1,1,€ 105,2019/11/22,2019/11/23,1,"8,3",60
Valenciaflats Torres de Serrano,17468,Apartamentos,Valencia,1,1,€ 110,2019/11/22,2019/11/23,0,"8,3",60
Oliver,4865093,NA,Valencia,1,1,€ 35,2019/11/22,2019/11/23,0,"5,7",60
Ruzafa Guesthouse,2269176,NA,Valencia,1,1,€ 35,2019/11/22,2019/11/23,0,"5,6",60
Gon & Diego House,4899561,NA,Valencia,1,1,€ 40,2019/11/22,2019/11/23,0,"5,6",60
Kirei Apartment Berlin,4504570,Apartamentos,Valencia,1,1,€ 108,2019/11/22,2019/11/23,0,"5,5",60
Kirei Apartment Portland,4276529,Apartamentos,Valencia,1,1,€ 200,2019/11/22,2019/11/23,0,"5,9",60
Guest House Torres de Quart,2275006,NA,Valencia,1,1,€ 33,2019/11/22,2019/11/23,0,"5,3",60
Apartamento Centro Valencia,1810765,Apartamento,Valencia,1,1,NA,2019/11/22,2019/11/23,0,"9,1",60
Port of Valencia,3805735,Apartamento,Valencia,1,1,€ 150,2019/11/22,2019/11/23,0,"5,1",60
Hotel Conqueridor,91047,NA,Valencia,1,1,€ 117,2019/11/22,2019/11/23,4,"8,4",60
Hi Valencia Apartments - Jorge Juan,2373701,Apartamento,Valencia,1,1,NA,2019/11/22,2019/11/23,0,"9,4",60
Apartamento Privado Próximo a Playa y Ciencias,3783163,Apartamento,Valencia,1,1,€ 120,2019/11/22,2019/11/23,0,"8,2",60
Cosy apartment near to the center,4064812,Apartamento,Valencia,1,1,€ 122,2019/11/22,2019/11/23,0,"8,3",60
RoomTuristValencia Torres de Quart,4565643,NA,Valencia,1,1,€ 30,2019/11/22,2019/11/23,0,"4,6",60
Guest House Duc de Gaeta,2275007,NA,Valencia,1,1,€ 36,2019/11/22,2019/11/23,0,"4,9",60
Malvarosa,3820590,Apartamento,Valencia,1,1,€ 190,2019/11/22,2019/11/23,0,"4,1",60
Apartamento Islas Canarias,2304086,Apartamento,Valencia,1,1,€ 57,2019/11/22,2019/11/23,0,"3,8",60
Ilunion Valencia 4,754329,NA,Valencia,1,1,€ 123,2019/11/22,2019/11/23,4,"8,1",60
Patacona Beach Apartment,4533678,Apartamento,Valencia,1,1,€ 129,2019/11/22,2019/11/23,0,"8,3",60
Apartamento Obispo don Jerónimo,2079020,Apartamento,Valencia,1,1,€ 135,2019/11/22,2019/11/23,0,"8,2",60
Colors Rooms,675839,NA,Valencia,1,1,€ 50,2019/11/22,2019/11/23,0,"9,6",60
LOFT apartamento duplex en Valencia con parking,5519008,Apartamento,Valencia,1,1,€ 75,2019/11/22,2019/11/23,0,"9,7",60
VALENCIA APARTAMENTO GOYA,4256653,Apartamento,Valencia,1,1,NA,2019/11/22,2019/11/23,0,10,60
Apartamento luminoso y acogedor,3489126,Apartamento,Valencia,1,1,€ 78,2019/11/22,2019/11/23,0,"9,5",60
Casa La Buhardilla,2985364,Apartamento,Valencia,1,1,€ 97,2019/11/22,2019/11/23,0,"9,6",60
Precioso piso junto al antiguo barrio de Campanar,3297078,Apartamento,Valencia,1,1,€ 100,2019/11/22,2019/11/23,0,"9,5",60
Ramirez Flats & Bar,4124528,Apartahotel,Valencia,1,1,€ 104,2019/11/22,2019/11/23,0,"9,6",60
Nest Style Valencia -Nueva apertura-,5219046,NA,Valencia,1,1,€ 107,2019/11/22,2019/11/23,3,"9,6",60
Valencian Dreams Lonja,4757385,Apartamento,Valencia,1,1,€ 116,2019/11/22,2019/11/23,0,"9,8",60
Cómoda habitación Valencia,4200488,NA,Valencia,1,1,NA,2019/11/22,2019/11/23,0,"9,5",60
15 Avinguda Mare Nostrum,4518973,Apartamento,Valencia,1,1,€ 120,2019/11/22,2019/11/23,0,"9,6",60
Olympia Flats,4212801,NA,Valencia,1,1,€ 70,2019/11/22,2019/11/23,0,"9,8",60
Disfruta - Enjoy Valencia Oceanografic,4121345,Apartamento,Valencia,1,1,€ 149,2019/11/22,2019/11/23,0,"9,6",60
Disfruta - Enjoy Valencia Ayuntamiento,4901194,Apartamento,Valencia,1,1,€ 149,2019/11/22,2019/11/23,0,"9,6",60
Ciudad Ciencias- Lujo- Parking- Wi-Fi.,4999636,Apartamento,Valencia,1,1,€ 150,2019/11/22,2019/11/23,0,"9,8",60
Apartments Downtown Valencia,2250421,Apartamentos,Valencia,1,1,€ 150,2019/11/22,2019/11/23,0,"9,6",60
La Casa Verde - Ruzafa,2029143,Apartamento,Valencia,1,1,NA,2019/11/22,2019/11/23,0,"9,7",60
Ca María,3776707,Apartamento,Valencia,1,1,€ 180,2019/11/22,2019/11/23,0,"9,7",60
Opera House Valencia B&B,3533887,NA,Valencia,1,1,€ 200,2019/11/22,2019/11/23,0,"9,5",60
MARQUÉS HOUSE 4* SUP,2118880,NA,Valencia,1,1,€ 209,2019/11/22,2019/11/23,4,"9,5",60
MD PASEO RUZAFA CENTER,5374850,Apartamento,Valencia,1,1,€ 1.030,2019/11/22,2019/11/23,0,"9,5",60
Cantagua Hostel,4074640,NA,Valencia,1,1,€ 39,2019/11/22,2019/11/23,0,"9,1",60
YOU & CO. Saler Beach Boutique,4533007,NA,Valencia,1,1,€ 57,2019/11/22,2019/11/23,3,"9,1",60
Atico Loft Ruzafa,3152977,Apartamento,Valencia,1,1,NA,2019/11/22,2019/11/23,0,"9,7",60
Habitación privada a 1500 metros de la playa,3789910,NA,Valencia,1,1,€ 60,2019/11/22,2019/11/23,0,"9,3",60
Hostal Venecia,92883,NA,Valencia,1,1,€ 60,2019/11/22,2019/11/23,2,"9,1",60
Live in Chianti,2227491,NA,Valencia,1,1,€ 75,2019/11/22,2019/11/23,0,"9,1",60
Blanq Comedias,4922002,NA,Valencia,1,1,€ 77,2019/11/22,2019/11/23,0,"9,1",60
Rooms Ciencias,94126,NA,Valencia,1,1,€ 80,2019/11/22,2019/11/23,0,9,60
B&B Hotel Valencia Ciudad de las Ciencias,92242,NA,Valencia,1,1,€ 62,2019/11/22,2019/11/23,3,"7,5",60
Valencia Lounge Hostel,337203,NA,Valencia,1,1,€ 62,2019/11/22,2019/11/23,0,"7,8",60
Tramontana Apartments,1277215,Apartamentos,Valencia,1,1,NA,2019/11/22,2019/11/23,0,9,60
Checkin Valencia,93743,NA,Valencia,1,1,€ 62,2019/11/22,2019/11/23,4,"7,8",60
Cosy Rooms Tapinería,371192,NA,Valencia,1,1,€ 65,2019/11/22,2019/11/23,2,"7,5",60
Alex Apartment,1756374,Apartamento,Valencia,1,1,€ 65,2019/11/22,2019/11/23,0,"7,9",60
Ilunion Valencia 3,92818,NA,Valencia,1,1,€ 67,2019/11/22,2019/11/23,3,"7,9",60
SEA YOU HOTEL PORT VALENCIA,92328,NA,Valencia,1,1,€ 71,2019/11/22,2019/11/23,4,"7,7",60
El 16 Ruzafa,865461,Apartamentos,Valencia,1,1,€ 99,2019/11/22,2019/11/23,0,"7,7",60
Apartamento en la Ciudad de las ciencias,2837499,Casa o chalet,Valencia,1,1,NA,2019/11/22,2019/11/23,0,"9,2",60
Apartamento Alguer,4005334,Apartamento,Valencia,1,1,€ 100,2019/11/22,2019/11/23,0,"7,6",60
Apartment Florista,2150187,Apartamento,Valencia,1,1,€ 105,2019/11/22,2019/11/23,0,"7,9",60
Kirei Apartment Vienna,4639797,Apartamento,Valencia,1,1,€ 115,2019/11/22,2019/11/23,0,"7,6",60
STYLISH APARTMENT - CITY CENTER,2861517,Apartamento,Valencia,1,1,€ 120,2019/11/22,2019/11/23,0,"7,8",60
Apartamento Angel Alcazar 35,2174625,Apartamento,Valencia,1,1,€ 125,2019/11/22,2019/11/23,0,"7,6",60
Kirei Apartment Calgary,4768322,Apartamento,Valencia,1,1,€ 148,2019/11/22,2019/11/23,0,"7,6",60
Apartments Abate 4,2848648,Apartamentos,Valencia,1,1,NA,2019/11/22,2019/11/23,0,9,60
Old Town Flats Casa Burguerini,4552106,Apartamentos,Valencia,1,1,€ 151,2019/11/22,2019/11/23,0,"7,8",60
MD Benlliure Beach.,1957258,Apartamento,Valencia,1,1,€ 271,2019/11/22,2019/11/23,0,"7,9",60
MD Art Apartment Ruzafa,2550955,Apartamento,Valencia,1,1,€ 271,2019/11/22,2019/11/23,0,"7,5",60
MD Pelayo with terrace,1979067,Apartamento,Valencia,1,1,€ 271,2019/11/22,2019/11/23,0,"7,8",60
Dreams Rental City Hall,337092,Apartamentos,Valencia,1,1,€ 280,2019/11/22,2019/11/23,0,"7,5",60
MD Abastos Center,2551194,Apartamento,Valencia,1,1,€ 289,2019/11/22,2019/11/23,0,"7,7",60
Oceanografic Arts center 46,2929640,Apartamento,Valencia,1,1,NA,2019/11/22,2019/11/23,0,9,60
MD Oliag I Apartment Ruzafa,2867488,Apartamento,Valencia,1,1,€ 317,2019/11/22,2019/11/23,0,"7,7",60
Hostal Waksman,281139,NA,Valencia,1,1,€ 30,2019/11/22,2019/11/23,1,"7,3",60
feliz como en casa,3676196,NA,Valencia,1,1,€ 36,2019/11/22,2019/11/23,0,"7,2",60
Hostal Residencial RR,450746,NA,Valencia,1,1,€ 39,2019/11/22,2019/11/23,0,7,60
HOSPEDAJE PESET,4718074,NA,Valencia,1,1,€ 40,2019/11/22,2019/11/23,0,"7,2",60
La Flamenca,818359,NA,Valencia,1,1,€ 40,2019/11/22,2019/11/23,0,"7,2",60
Apartment Regne De Valencia,1533033,Apartamento,Valencia,1,1,NA,2019/11/22,2019/11/23,0,"9,4",60
Murillo Apartment,408163,Apartamento,Valencia,1,1,€ 48,2019/11/22,2019/11/23,0,7,60
Habitacion Apartamento soleado Plaza Escultor Frechina,4865043,NA,Valencia,1,1,€ 50,2019/11/22,2019/11/23,0,"7,1",60
Centro Valencia Calle Cerrajeros,3476261,NA,Valencia,1,1,€ 50,2019/11/22,2019/11/23,0,"7,1",60
Central Station Valencia Hostel,1647017,NA,Valencia,1,1,€ 52,2019/11/22,2019/11/23,0,"7,1",60
Sampedor Apartment,435662,Apartamentos,Valencia,1,1,€ 53,2019/11/22,2019/11/23,0,7,60
Coroa del Mar,1549399,Apartamentos,Valencia,1,1,€ 61,2019/11/22,2019/11/23,0,"7,1",60
Apartamento Rosaleda,3014201,Apartamento,Valencia,1,1,NA,2019/11/22,2019/11/23,0,9,60
Malvarrosa Beach Rooms,314048,NA,Valencia,1,1,€ 63,2019/11/22,2019/11/23,2,7,60
Beautiful early 20th century room,3563293,NA,Valencia,1,1,€ 64,2019/11/22,2019/11/23,0,"7,3",60
Hostal la Barraca,350013,NA,Valencia,1,1,€ 65,2019/11/22,2019/11/23,0,"7,2",60
Cosy Rooms Bolsería,371606,NA,Valencia,1,1,€ 69,2019/11/22,2019/11/23,2,"7,4",60
Plaza Redonda house.,4399973,NA,Valencia,1,1,€ 70,2019/11/22,2019/11/23,0,"7,4",60
HOSTAL BED OF THE SEA,3974636,NA,Valencia,1,1,€ 70,2019/11/22,2019/11/23,0,"7,1",60
Mi casa es vuestra casa,4967097,NA,Valencia,1,1,€ 70,2019/11/22,2019/11/23,0,"7,1",60
Cosy Rooms Embajador,369728,NA,Valencia,1,1,€ 73,2019/11/22,2019/11/23,2,"7,4",60
Almiserat,3054886,Apartamento,Valencia,1,1,€ 80,2019/11/22,2019/11/23,0,"7,1",60
Apartments Calle Padre Damian,4523326,Apartamentos,Valencia,1,1,€ 85,2019/11/22,2019/11/23,0,"7,2",60
Guest House Samuel Ros,4161855,NA,Valencia,1,1,€ 90,2019/11/22,2019/11/23,0,"7,3",60
NWT Monserrat,3728842,Apartamentos,Valencia,1,1,€ 94,2019/11/22,2019/11/23,0,7,60
Vamos A la Playa,5030500,Apartamento,Valencia,1,1,€ 100,2019/11/22,2019/11/23,0,"7,3",60
Kirei Apartment En Llop,1765516,Apartamentos,Valencia,1,1,€ 137,2019/11/22,2019/11/23,0,7,60
Kirei Apartment San Vicente,1774062,Apartamento,Valencia,1,1,€ 156,2019/11/22,2019/11/23,0,"7,4",60
Best Valencia Beach Flat,3246772,Apartamento,Valencia,1,1,€ 192,2019/11/22,2019/11/23,0,"7,1",60
MD Puerto Rico Apartment Ruzafa,3737151,Apartamento,Valencia,1,1,€ 289,2019/11/22,2019/11/23,0,"7,4",60
Select Home Catedral,440778,Apartamentos,Valencia,1,1,€ 340,2019/11/22,2019/11/23,0,"7,1",60
Mon Suites Catedral,485679,Apartamentos,Valencia,1,1,€ 113,2019/11/22,2019/11/23,0,"9,2",60
OCEANOGRAFIC DELUXE- PARKING- WI-FI,4095746,Apartamento,Valencia,1,1,€ 120,2019/11/22,2019/11/23,0,"9,2",60
Central Park Apartment Valencia,3881533,Apartamento,Valencia,1,1,NA,2019/11/22,2019/11/23,0,"9,6",60
Valencia-Ruzafa Studio,3235983,Apartamento,Valencia,1,1,€ 120,2019/11/22,2019/11/23,0,"9,1",60
Mon Suites San Nicolas,4117225,Apartamentos,Valencia,1,1,€ 124,2019/11/22,2019/11/23,0,"9,2",60
Turia Burjassot 12,3237353,Apartamento,Valencia,1,1,€ 125,2019/11/22,2019/11/23,0,9,60
MD Design Hotel - Portal del Real,2391685,NA,Valencia,1,1,€ 126,2019/11/22,2019/11/23,2,"9,1",60
Ad Hoc Carmen,1173270,NA,Valencia,1,1,€ 73,2019/11/22,2019/11/23,2,"8,9",60
ABCyou Bed&Breakfast,189207,NA,Valencia,1,1,€ 73,2019/11/22,2019/11/23,0,"8,5",60
Apartamento Bolseria 28,881275,Apartamentos,Valencia,1,1,NA,2019/11/22,2019/11/23,0,"9,5",60
Buho House,3777691,Apartahotel,Valencia,1,1,€ 74,2019/11/22,2019/11/23,0,"8,5",60
Habitación doble,3599930,NA,Valencia,1,1,€ 75,2019/11/22,2019/11/23,0,"8,9",60
Hotel Kramer,91106,NA,Valencia,1,1,€ 76,2019/11/22,2019/11/23,3,"8,8",60
Sercotel Sorolla Palace,93646,NA,Valencia,1,1,€ 76,2019/11/22,2019/11/23,4,"8,6",60
Live in Chianti Apartaments,2882632,Apartamentos,Valencia,1,1,€ 128,2019/11/22,2019/11/23,0,9,60
Mon Suites San Martin,2777545,Apartamentos,Valencia,1,1,€ 130,2019/11/22,2019/11/23,0,"9,4",60
La seda stay,3335523,Apartamento,Valencia,1,1,NA,2019/11/22,2019/11/23,0,"9,7",60
APARTAMENTO CENTRICO. WI-FI. PARKING,2967593,Apartamento,Valencia,1,1,€ 130,2019/11/22,2019/11/23,0,"9,1",60
OCEANOGRAFIC APARTMENT. PARKING. WI-FI,3107716,Apartamentos,Valencia,1,1,€ 130,2019/11/22,2019/11/23,0,9,60
Casual del Cine Valencia,572187,NA,Valencia,1,1,€ 79,2019/11/22,2019/11/23,2,"8,6",60
Homestay Carrer Sagun,5006434,NA,Valencia,1,1,€ 80,2019/11/22,2019/11/23,0,"8,7",60
Apartamento centro,3160737,Apartamento,Valencia,1,1,NA,2019/11/22,2019/11/23,0,"9,7",60
Hotel San Lorenzo Boutique,1307718,NA,Valencia,1,1,€ 81,2019/11/22,2019/11/23,3,"8,6",60
Loft zona Pechina en Valencia centro,2524985,Apartamento,Valencia,1,1,€ 138,2019/11/22,2019/11/23,0,"9,1",60
Apartamento Playa Wifi Gratis,3495634,Apartamento,Valencia,1,1,€ 140,2019/11/22,2019/11/23,0,"9,4",60
Sorolla Centro,90896,NA,Valencia,1,1,€ 143,2019/11/22,2019/11/23,3,"9,1",60
Las Arenas Balneario Resort,91144,NA,Valencia,1,1,€ 144,2019/11/22,2019/11/23,5,9,60
Melia Valencia,290493,NA,Valencia,1,1,€ 84,2019/11/22,2019/11/23,4,"8,8",60
UNIK. Apartments Valencia,2241282,Apartamentos,Valencia,1,1,€ 84,2019/11/22,2019/11/23,0,"8,5",60
B&B Hi Valencia Boutique,1301725,NA,Valencia,1,1,€ 85,2019/11/22,2019/11/23,0,"8,7",60
Apartamento Forn dels Apòstols,3122008,Apartamento,Valencia,1,1,NA,2019/11/22,2019/11/23,0,"9,6",60
NH Collection Colón Valencia,3828811,NA,Valencia,1,1,€ 146,2019/11/22,2019/11/23,4,"9,2",60
Mediterranean Flats Plaza Redonda,4086496,Apartamentos,Valencia,1,1,€ 148,2019/11/22,2019/11/23,0,"9,2",60
MYR Hotel Plaza Mercado & Spa,1619029,Apartahotel,Valencia,1,1,€ 149,2019/11/22,2019/11/23,0,"9,2",60
Ad Hoc Monumental,90719,NA,Valencia,1,1,€ 85,2019/11/22,2019/11/23,3,"8,6",60
Moon Valencia,3560698,Apartamentos,Valencia,1,1,€ 85,2019/11/22,2019/11/23,0,"8,9",60
Valencia Just in the Middle,2965508,Apartamento,Valencia,1,1,NA,2019/11/22,2019/11/23,0,"9,9",60
Apartments Madrina,3278589,Apartamentos,Valencia,1,1,€ 85,2019/11/22,2019/11/23,0,"8,9",60
Vincci Mercat,1279484,NA,Valencia,1,1,€ 150,2019/11/22,2019/11/23,4,9,60
Sweet Caroline Apartment,1811784,Apartamento,Valencia,1,1,€ 150,2019/11/22,2019/11/23,0,"9,2",60
ARENAS 2 APARTAMENT,2808815,Apartamento,Valencia,1,1,€ 150,2019/11/22,2019/11/23,0,9,60
APARTAMENTO DE DISEÑO EN PLAZA MANISES,2823390,Apartamento,Valencia,1,1,NA,2019/11/22,2019/11/23,0,"9,7",60
Casa de Maria,2467712,Apartamento,Valencia,1,1,€ 85,2019/11/22,2019/11/23,0,"8,6",60
AC Hotel Valencia,91063,NA,Valencia,1,1,€ 89,2019/11/22,2019/11/23,4,"8,5",60
Magnífico Adosado- cerca de Valencia ciudad- en zona de montaña y playa fluvial,5354233,Casa o chalet,Valencia,1,1,€ 90,2019/11/22,2019/11/23,0,"8,7",60
BUBUFLATS / Mercat,783206,Apartamentos,Valencia,1,1,€ 90,2019/11/22,2019/11/23,0,"8,9",60
BUBUFLATS Mossén,1141763,Apartamentos,Valencia,1,1,€ 90,2019/11/22,2019/11/23,0,"8,9",60
Apartamentos La más Bonita,2816245,Apartamentos,Valencia,1,1,€ 162,2019/11/22,2019/11/23,0,"9,1",60
One Shot Mercat 09,2274203,NA,Valencia,1,1,€ 169,2019/11/22,2019/11/23,4,"9,1",60
Arena's Apartament,2156905,Apartamento,Valencia,1,1,€ 170,2019/11/22,2019/11/23,0,"9,1",60
Jardines del Turia - Espacioso apartamento,2734126,Apartamento,Valencia,1,1,€ 170,2019/11/22,2019/11/23,0,"9,1",60
City Center Atico 360,3025679,Apartamento,Valencia,1,1,€ 188,2019/11/22,2019/11/23,0,"9,4",60
Original Domino House,5434091,NA,Valencia,1,1,€ 190,2019/11/22,2019/11/23,0,"9,1",60
Ambrosio Flats Valencia - El Mercat,3131649,Apartamento,Valencia,1,1,NA,2019/11/22,2019/11/23,0,"9,5",60
HQ Rooms Apartments San Vicente,2894429,Apartamentos,Valencia,1,1,€ 207,2019/11/22,2019/11/23,0,"9,2",60
Loft Superior el Carmen,2784473,Apartamento,Valencia,1,1,€ 212,2019/11/22,2019/11/23,0,"9,2",60
Valencia center,3168460,Apartamento,Valencia,1,1,NA,2019/11/22,2019/11/23,0,"9,8",60
SKY TOURISTIC ATTIC,281640,Apartamentos,Valencia,1,1,€ 90,2019/11/22,2019/11/23,0,"8,5",60
Plaza Sainetero Arniches,3984774,Apartamento,Valencia,1,1,€ 92,2019/11/22,2019/11/23,0,"8,5",60
Hotel Valencia Oceanic Managed by Melia Hotels International,91522,NA,Valencia,1,1,€ 93,2019/11/22,2019/11/23,4,"8,6",60
City of Arts,3031480,Apartamento,Valencia,1,1,€ 125,2019/11/22,2019/11/23,0,"8,8",60
Burjassot Mestalla,3058627,Apartamento,Valencia,1,1,€ 125,2019/11/22,2019/11/23,0,"8,6",60
Apartment Plaza Cisneros,1273377,Apartamentos,Valencia,1,1,NA,2019/11/22,2019/11/23,0,"9,8",60
Hotel Neptuno,91206,NA,Valencia,1,1,€ 126,2019/11/22,2019/11/23,4,"8,5",60
Precioso Apartamento En Pleno Centro Con Wifi,3023494,Apartamento,Valencia,1,1,€ 130,2019/11/22,2019/11/23,0,"8,8",60
One Shot Colón 46,1394168,NA,Valencia,1,1,€ 93,2019/11/22,2019/11/23,3,"8,7",60
APARTAMENTO LAS MELLIZAS,4651578,NA,Valencia,1,1,€ 47,2019/11/22,2019/11/23,0,"8,5",60
Caro Hotel,348132,NA,Valencia,1,1,€ 219,2019/11/22,2019/11/23,5,"9,2",60
Ca Carmela,2466364,Casa o chalet,Valencia,1,1,€ 250,2019/11/22,2019/11/23,0,"9,1",60
Zerka Sendra,4657122,Apartamento,Valencia,1,1,€ 309,2019/11/22,2019/11/23,0,9,60
Old Fisherman's House in Malvarrosa Beach,3618172,Apartamento,Valencia,1,1,€ 480,2019/11/22,2019/11/23,0,"9,4",60
Luxury Center Plaza Redonda,5138960,Apartamento,Valencia,1,1,NA,2019/11/22,2019/11/23,0,"9,8",60
Guillem Sorolla Apartment,2961464,Apartamento,Valencia,1,1,€ 94,2019/11/22,2019/11/23,0,"8,9",60
City Valencia Beach 360,4504803,Apartamento,Valencia,1,1,NA,2019/11/22,2019/11/23,0,"9,6",60
Citizentral Gascons,332095,Apartamentos,Valencia,1,1,€ 94,2019/11/22,2019/11/23,0,"8,8",60
New Trendy apartment,2426154,Apartamento,Valencia,1,1,€ 95,2019/11/22,2019/11/23,0,"8,7",60
Boutique Creative Rooms,2334726,NA,Valencia,1,1,€ 96,2019/11/22,2019/11/23,0,"8,7",60
Cathedral Suites Hotel,1736257,Apartahotel,Valencia,1,1,€ 139,2019/11/22,2019/11/23,4,"8,9",60
El Palacete Gran Via,3483148,NA,Valencia,1,1,€ 139,2019/11/22,2019/11/23,0,"8,9",60
Vincci Palace,94163,NA,Valencia,1,1,€ 139,2019/11/22,2019/11/23,4,"8,7",60
Valenciaflats Centro Histórico,94781,Apartamentos,Valencia,1,1,€ 97,2019/11/22,2019/11/23,0,"8,7",60
Lotelito,570027,NA,Valencia,1,1,€ 97,2019/11/22,2019/11/23,0,"8,9",60
Blanq Carmen Hotel,97069,NA,Valencia,1,1,€ 98,2019/11/22,2019/11/23,3,"8,7",60
Preciosa Casita Cerca Del Mar,4057271,Apartamento,Valencia,1,1,NA,2019/11/22,2019/11/23,0,"9,7",60
AC Hotel Colon Valencia,1117150,NA,Valencia,1,1,€ 140,2019/11/22,2019/11/23,4,"8,7",60
Bubuflats Bubu 3,1014334,Apartamento,Valencia,1,1,NA,2019/11/22,2019/11/23,0,"9,6",60
Apartamento Gran Vía Marqués del Turia,2358973,Apartamento,Valencia,1,1,€ 144,2019/11/22,2019/11/23,0,"8,5",60
Flatsforyou Mercat,1367507,Apartamentos,Valencia,1,1,€ 145,2019/11/22,2019/11/23,3,"8,9",60
Stylish newly renovated in great location /WIFI,3661070,Apartamento,Valencia,1,1,€ 149,2019/11/22,2019/11/23,0,"8,6",60
The River Hostel,494202,NA,Valencia,1,1,€ 27,2019/11/22,2019/11/23,0,"8,5",60
Pensión Alicante,298710,NA,Valencia,1,1,€ 36,2019/11/22,2019/11/23,0,"8,5",60
Art&Flats Bed&Breakfast,5238345,NA,Valencia,1,1,€ 50,2019/11/22,2019/11/23,0,"8,9",60
Apartamento LUXURY CENTRO HISTORICO,3664772,Apartamento,Valencia,1,1,€ 149,2019/11/22,2019/11/23,0,"8,7",60
ValentiaApartments - MercadoCentral,4185241,Apartamentos,Valencia,1,1,€ 154,2019/11/22,2019/11/23,0,"8,8",60
Ilunion Aqua 4,92777,NA,Valencia,1,1,€ 157,2019/11/22,2019/11/23,4,"8,5",60
La Morella del Carmen,5188541,Apartamento,Valencia,1,1,NA,2019/11/22,2019/11/23,0,"9,5",60
Pio XII Apartments Valencia,402080,Apartamentos,Valencia,1,1,€ 51,2019/11/22,2019/11/23,0,"8,5",60
Home Youth Hostel by Feetup Hostels,189322,NA,Valencia,1,1,€ 53,2019/11/22,2019/11/23,0,"8,8",60
Apartamentos Plaza Picasso,97063,Apartamentos,Valencia,1,1,€ 55,2019/11/22,2019/11/23,0,"8,5",60
Hotel Dimar,90886,NA,Valencia,1,1,€ 99,2019/11/22,2019/11/23,4,"8,7",60
Valencian Apartment,2298621,Apartamento,Valencia,1,1,€ 100,2019/11/22,2019/11/23,0,"8,9",60
Les flors,3985046,Apartamento,Valencia,1,1,€ 100,2019/11/22,2019/11/23,0,"8,7",60
Hospes Palau de La Mar,93823,NA,Valencia,1,1,€ 157,2019/11/22,2019/11/23,5,"8,8",60
Puerta de Serranos,2734333,Apartamentos,Valencia,1,1,€ 166,2019/11/22,2019/11/23,0,"8,8",60
The Westin Valencia,93321,NA,Valencia,1,1,€ 173,2019/11/22,2019/11/23,5,"8,7",60
Apartamento Casa con Angel,1079935,Apartamento,Valencia,1,1,€ 182,2019/11/22,2019/11/23,0,"8,8",60
Barceló Valencia,91988,NA,Valencia,1,1,€ 104,2019/11/22,2019/11/23,4,"8,7",60
Melia Plaza Valencia,13270,NA,Valencia,1,1,€ 105,2019/11/22,2019/11/23,4,"8,9",60
Apartaments San Pio V,2456151,Apartamento,Valencia,1,1,€ 105,2019/11/22,2019/11/23,0,"8,8",60
Casual Vintage Valencia,1710241,NA,Valencia,1,1,€ 106,2019/11/22,2019/11/23,2,"8,6",60
Russafa Youth Hostel,345134,NA,Valencia,1,1,€ 56,2019/11/22,2019/11/23,0,"8,6",60
València Centre Túria,2185255,Apartamento,Valencia,1,1,€ 56,2019/11/22,2019/11/23,0,"8,8",60
Zalamera BnB,1331238,NA,Valencia,1,1,€ 56,2019/11/22,2019/11/23,0,"8,7",60
Vincci Lys,91183,NA,Valencia,1,1,€ 202,2019/11/22,2019/11/23,4,"8,9",60
Carlos & Ana,2079019,Apartamento,Valencia,1,1,€ 215,2019/11/22,2019/11/23,0,"8,9",60
Ático Valencia Centro,4358939,Apartamento,Valencia,1,1,NA,2019/11/22,2019/11/23,0,"9,8",60
Casa de Vacaciones Pintor Vilar,2093863,Apartamento,Valencia,1,1,€ 222,2019/11/22,2019/11/23,0,"8,9",60
Canela`s Vintage Ruzafa Centro,4652584,Apartamento,Valencia,1,1,€ 230,2019/11/22,2019/11/23,0,"8,7",60
Hotel El Siglo,1741479,NA,Valencia,1,1,€ 106,2019/11/22,2019/11/23,3,"8,5",60
Catalonia Excelsior,90578,NA,Valencia,1,1,€ 110,2019/11/22,2019/11/23,3,"8,7",60
Biopark View Apartment,2381901,Apartamento,Valencia,1,1,€ 110,2019/11/22,2019/11/23,0,"8,9",60
Petit Palace Plaza de la Reina,90443,NA,Valencia,1,1,€ 278,2019/11/22,2019/11/23,3,"8,7",60
Center Valencia Youth Hostel,246931,NA,Valencia,1,1,€ 25,2019/11/22,2019/11/23,0,8,60
Habitación en valencia centro,5418023,NA,Valencia,1,1,€ 35,2019/11/22,2019/11/23,0,"8,3",60
Casa del Patriarca,364834,NA,Valencia,1,1,€ 57,2019/11/22,2019/11/23,0,"8,9",60
Namaste Rooms,3799642,NA,Valencia,1,1,€ 60,2019/11/22,2019/11/23,0,"8,7",60
Hotel Mediterraneo Valencia,92412,NA,Valencia,1,1,€ 115,2019/11/22,2019/11/23,3,"8,8",60
Loft by the Beach,4441671,Apartamento,Valencia,1,1,€ 115,2019/11/22,2019/11/23,0,"8,5",60
Plaza de la Virgen,3167342,Apartamento,Valencia,1,1,€ 115,2019/11/22,2019/11/23,0,"8,8",60
Zenit Valencia,92327,NA,Valencia,1,1,€ 117,2019/11/22,2019/11/23,4,"8,8",60
Hotel Malcom and Barret,483261,NA,Valencia,1,1,€ 64,2019/11/22,2019/11/23,3,"8,7",60
València Centre Torres de Quart,886289,Apartamentos,Valencia,1,1,€ 66,2019/11/22,2019/11/23,0,"8,9",60
Hulot B&B Valencia,585429,NA,Valencia,1,1,€ 67,2019/11/22,2019/11/23,0,"8,5",60
One Shot Palacio Reina Victoria 04,90885,NA,Valencia,1,1,€ 118,2019/11/22,2019/11/23,4,"8,6",60
Apartments Plaza Ayuntamiento,3506736,Apartamento,Valencia,1,1,€ 120,2019/11/22,2019/11/23,0,"8,6",60
SH Valencia Palace,91497,NA,Valencia,1,1,€ 124,2019/11/22,2019/11/23,5,"8,5",60
SH Ingles Boutique Hotel,92956,NA,Valencia,1,1,€ 124,2019/11/22,2019/11/23,4,"8,5",60
Hotel Sercotel Acteón Valencia,90495,NA,Valencia,1,1,€ 67,2019/11/22,2019/11/23,4,"8,5",60
Host & Home,1663785,NA,Valencia,1,1,€ 68,2019/11/22,2019/11/23,0,"8,9",60
Ad Hoc Carmen,1173270,NA,Valencia,1,1,€ 68,2019/11/22,2019/11/23,2,"8,9",60
Habitación en piso compartido,5433175,NA,Valencia,1,1,€ 40,2019/11/22,2019/11/23,0,"8,1",60
Homely Nest Valencia El Carme,3790877,Apartamento,Valencia,1,1,NA,2019/11/22,2019/11/23,0,"9,9",60
Habitacion en Valencia Barata,4861796,NA,Valencia,1,1,€ 40,2019/11/22,2019/11/23,0,"8,2",60
Habitacion Barata Valencia,3931013,NA,Valencia,1,1,€ 45,2019/11/22,2019/11/23,0,8,60
Estrella de russafa,5352439,NA,Valencia,1,1,€ 70,2019/11/22,2019/11/23,0,"8,5",60
Hostal Abastos,257057,NA,Valencia,1,1,€ 45,2019/11/22,2019/11/23,2,"8,2",60
Purple Nest Hostel,25278,NA,Valencia,1,1,€ 46,2019/11/22,2019/11/23,0,"8,2",60
Red Nest Hostel,92283,NA,Valencia,1,1,€ 47,2019/11/22,2019/11/23,0,"8,2",60
B&B Hi Valencia Canovas,305349,NA,Valencia,1,1,€ 48,2019/11/22,2019/11/23,0,"8,4",60
L'Esplai Valencia Bed & Breakfast,1282556,NA,Valencia,1,1,NA,2019/11/22,2019/11/23,0,"9,6",60
Casa Mati,4217185,NA,Valencia,1,1,€ 50,2019/11/22,2019/11/23,0,"8,3",60
Urban Youth Hostel,1163025,NA,Valencia,1,1,€ 53,2019/11/22,2019/11/23,0,"8,4",60
Como en casa,4802186,NA,Valencia,1,1,€ 54,2019/11/22,2019/11/23,0,"8,1",60
Pension MonaLisa Luxury Suites,3834224,NA,Valencia,1,1,€ 56,2019/11/22,2019/11/23,0,"8,2",60
NH Valencia Las Ciencias,90725,NA,Valencia,1,1,€ 57,2019/11/22,2019/11/23,3,8,60
Dormavalencia Hostel Regne,291755,NA,Valencia,1,1,€ 58,2019/11/22,2019/11/23,1,8,60
Aparthotel Valencia Rental,17344,Apartahotel,Valencia,1,1,€ 59,2019/11/22,2019/11/23,0,8,60
Hotel Medium Valencia,96838,NA,Valencia,1,1,€ 63,2019/11/22,2019/11/23,4,"8,1",60
Tryp Valencia Feria,92852,NA,Valencia,1,1,€ 63,2019/11/22,2019/11/23,4,"8,4",60
L'Otelet By Sweet,1467935,NA,Valencia,1,1,€ 64,2019/11/22,2019/11/23,0,"8,3",60
NH Ciudad de Valencia,90729,NA,Valencia,1,1,€ 65,2019/11/22,2019/11/23,3,"8,1",60
Sol Playa,12656,NA,Valencia,1,1,€ 68,2019/11/22,2019/11/23,2,"8,3",60
El Coso,14580,NA,Valencia,1,1,€ 70,2019/11/22,2019/11/23,3,"8,2",60
Hotel Olympia Universidades,1301731,NA,Valencia,1,1,€ 70,2019/11/22,2019/11/23,3,"8,4",60
Senator Parque Central Hotel,274963,NA,Valencia,1,1,€ 71,2019/11/22,2019/11/23,4,"8,1",60
Holiday Inn Express Ciudad de las Ciencias,96737,NA,Valencia,1,1,€ 72,2019/11/22,2019/11/23,3,8,60
NH Valencia Las Artes,90731,NA,Valencia,1,1,€ 73,2019/11/22,2019/11/23,4,"8,4",60
Reina 12,1684198,NA,Valencia,1,1,€ 74,2019/11/22,2019/11/23,0,"8,2",60
