name,propertyId,propertyType,city,rooms,days,price,checkIn,checkOut,stars,score,advance
Petit Palace Plaza de la Reina,90443,NA,Valencia,1,1,€ 76,2019/11/13,2019/11/14,3,"8,7",60
Ad Hoc Monumental,90719,NA,Valencia,1,1,€ 77,2019/11/13,2019/11/14,3,"8,6",60
Your lovely home,1923614,Apartamento,Valencia,1,1,NA,2019/11/13,2019/11/14,0,"9,1",60
Valenciaflats Mercado Central,307677,Apartamentos,Valencia,1,1,€ 78,2019/11/13,2019/11/14,0,"8,9",60
Hotel Valencia Oceanic Managed by Melia Hotels International,91522,NA,Valencia,1,1,€ 79,2019/11/13,2019/11/14,4,"8,6",60
BUBUFLATS / Mercat,783206,Apartamentos,Valencia,1,1,€ 80,2019/11/13,2019/11/14,0,"8,9",60
Apartments Madrina,3278589,Apartamentos,Valencia,1,1,€ 80,2019/11/13,2019/11/14,0,"8,9",60
Piso luminoso cerca de la playa,3583906,Apartamento,Valencia,1,1,€ 80,2019/11/13,2019/11/14,0,"8,6",60
Suites by Eric Olsan (L),4287413,Apartamentos,Valencia,1,1,€ 112,2019/11/13,2019/11/14,0,"7,6",60
Ilunion Valencia 3,92818,NA,Valencia,1,1,€ 115,2019/11/13,2019/11/14,3,"7,9",60
Sercotel Sorolla Palace,93646,NA,Valencia,1,1,€ 81,2019/11/13,2019/11/14,4,"8,6",60
Apt. Salvador Giner,2264544,Apartamento,Valencia,1,1,NA,2019/11/13,2019/11/14,0,"9,1",60
Perla Apartments,3146781,Apartamentos,Valencia,1,1,€ 81,2019/11/13,2019/11/14,0,"8,8",60
Moon Valencia,3560698,Apartamentos,Valencia,1,1,€ 82,2019/11/13,2019/11/14,0,"8,9",60
Flats Friends Torres Quart,1108908,Apartamentos,Valencia,1,1,NA,2019/11/13,2019/11/14,0,"8,2",60
STYLISH APARTMENT - CITY CENTER,2861517,Apartamento,Valencia,1,1,€ 120,2019/11/13,2019/11/14,0,"7,8",60
Friendly Rentals Danna,1634254,Apartamento,Valencia,1,1,€ 145,2019/11/13,2019/11/14,0,"7,8",60
Kirei Apartment Calgary,4768322,Apartamento,Valencia,1,1,€ 148,2019/11/13,2019/11/14,0,"7,6",60
Old Town Flats Casa Burguerini,4552106,Apartamentos,Valencia,1,1,€ 151,2019/11/13,2019/11/14,0,"7,7",60
Dreams Rental City Hall,337092,Apartamentos,Valencia,1,1,€ 220,2019/11/13,2019/11/14,0,"7,5",60
MD Benlliure Beach.,1957258,Apartamento,Valencia,1,1,€ 271,2019/11/13,2019/11/14,0,"7,9",60
Antiguo Reino Apartment,2860746,Apartamento,Valencia,1,1,NA,2019/11/13,2019/11/14,0,"8,4",60
MD Art Apartment Ruzafa,2550955,Apartamento,Valencia,1,1,€ 271,2019/11/13,2019/11/14,0,"7,6",60
MD Pelayo with terrace,1979067,Apartamento,Valencia,1,1,€ 271,2019/11/13,2019/11/14,0,"7,8",60
MD Oliag I Apartment Ruzafa,2867488,Apartamento,Valencia,1,1,€ 317,2019/11/13,2019/11/14,0,"7,7",60
Casual Vintage Valencia,1710241,NA,Valencia,1,1,€ 85,2019/11/13,2019/11/14,2,"8,6",60
Casa de Maria,2467712,Apartamento,Valencia,1,1,€ 85,2019/11/13,2019/11/14,0,"8,6",60
Burjassot Mestalla,3058627,Apartamento,Valencia,1,1,€ 85,2019/11/13,2019/11/14,0,"8,6",60
BUBUFLATS Mossén,1141763,Apartamentos,Valencia,1,1,€ 85,2019/11/13,2019/11/14,0,"8,9",60
Home Club Micalet Apartments,443595,Apartamentos,Valencia,1,1,NA,2019/11/13,2019/11/14,0,"8,9",60
Hostal Waksman,281139,NA,Valencia,1,1,€ 30,2019/11/13,2019/11/14,1,"7,3",60
feliz como en casa,3676196,NA,Valencia,1,1,€ 36,2019/11/13,2019/11/14,0,"7,2",60
La Flamenca,818359,NA,Valencia,1,1,€ 40,2019/11/13,2019/11/14,0,"7,2",60
Santos Apartament,2878002,Apartamento,Valencia,1,1,NA,2019/11/13,2019/11/14,0,"8,2",60
HOSPEDAJE PESET,4718074,NA,Valencia,1,1,€ 40,2019/11/13,2019/11/14,0,"7,3",60
Central Station Valencia Hostel,1647017,NA,Valencia,1,1,€ 43,2019/11/13,2019/11/14,0,"7,1",60
Hostal Residencial RR,450746,NA,Valencia,1,1,€ 49,2019/11/13,2019/11/14,0,7,60
Sampedor Apartment,435662,Apartamentos,Valencia,1,1,€ 49,2019/11/13,2019/11/14,0,7,60
Habitacion Apartamento soleado Plaza Escultor Frechina,4865043,NA,Valencia,1,1,€ 50,2019/11/13,2019/11/14,0,"7,1",60
Centro Valencia Calle Cerrajeros,3476261,NA,Valencia,1,1,€ 50,2019/11/13,2019/11/14,0,"7,1",60
Living Valencia - Biblioteca,2843260,Apartamentos,Valencia,1,1,NA,2019/11/13,2019/11/14,0,8,60
Cosy Rooms Embajador,369728,NA,Valencia,1,1,€ 58,2019/11/13,2019/11/14,2,"7,4",60
Cosy Rooms Bolsería,371606,NA,Valencia,1,1,€ 58,2019/11/13,2019/11/14,2,"7,4",60
Plaza Redonda house.,4399973,NA,Valencia,1,1,€ 59,2019/11/13,2019/11/14,0,"7,4",60
NWT Monserrat,3728842,Apartamentos,Valencia,1,1,€ 64,2019/11/13,2019/11/14,0,7,60
Beautiful early 20th century room,3563293,NA,Valencia,1,1,€ 64,2019/11/13,2019/11/14,0,"7,3",60
Hotel Mediterraneo Valencia,92412,NA,Valencia,1,1,€ 90,2019/11/13,2019/11/14,3,"8,8",60
Hotel El Siglo,1741479,NA,Valencia,1,1,€ 90,2019/11/13,2019/11/14,3,"8,5",60
Guillem Sorolla Apartment,2961464,Apartamento,Valencia,1,1,€ 92,2019/11/13,2019/11/14,0,"8,9",60
One Shot Palacio Reina Victoria 04,90885,NA,Valencia,1,1,€ 93,2019/11/13,2019/11/14,4,"8,6",60
Casita Esmeralda,2040126,Casa o chalet,Valencia,1,1,€ 114,2019/11/13,2019/11/14,0,"6,5",60
Miresa flats,5300418,Apartamento,Valencia,1,1,€ 125,2019/11/13,2019/11/14,0,"6,6",60
Living Valencia Studio Serranos,1329794,Apartamento,Valencia,1,1,NA,2019/11/13,2019/11/14,0,"8,4",60
MD Villalonga Malvarosa Beach,3739661,Apartamento,Valencia,1,1,€ 430,2019/11/13,2019/11/14,0,"6,8",60
Fun and Sun Center 2,2944416,NA,Valencia,1,1,€ 36,2019/11/13,2019/11/14,0,"6,1",60
Guest House Higinio Noja,2845935,NA,Valencia,1,1,€ 60,2019/11/13,2019/11/14,0,6,60
Carrer del Bisbe Jaume Pérez,4900140,NA,Valencia,1,1,€ 60,2019/11/13,2019/11/14,0,6,60
Biopark View Apartment,2381901,Apartamento,Valencia,1,1,€ 94,2019/11/13,2019/11/14,0,"8,9",60
Valencian Apartment,2298621,Apartamento,Valencia,1,1,€ 94,2019/11/13,2019/11/14,0,"8,9",60
Apartments Catedral,309686,Apartamentos,Valencia,1,1,NA,2019/11/13,2019/11/14,0,"8,8",60
Les flors,3985046,Apartamento,Valencia,1,1,€ 95,2019/11/13,2019/11/14,0,"8,6",60
New Trendy apartment,2426154,Apartamento,Valencia,1,1,€ 95,2019/11/13,2019/11/14,0,"8,7",60
El Coral Apartment Valencia,3606766,Apartamento,Valencia,1,1,€ 95,2019/11/13,2019/11/14,0,"8,7",60
Melia Valencia,290493,NA,Valencia,1,1,€ 98,2019/11/13,2019/11/14,4,"8,8",60
Hotel Dimar,90886,NA,Valencia,1,1,€ 99,2019/11/13,2019/11/14,4,"8,7",60
Kirei Apartment San Agustin,1712323,Apartamentos,Valencia,1,1,€ 137,2019/11/13,2019/11/14,0,6,60
RoomTuristValencia - Ruzafa,4608394,NA,Valencia,1,1,€ 25,2019/11/13,2019/11/14,0,"5,6",60
Apartments Serrería II,1442762,Apartamento,Valencia,1,1,NA,2019/11/13,2019/11/14,0,8,60
Oliver,4865093,NA,Valencia,1,1,€ 25,2019/11/13,2019/11/14,0,"5,8",60
Ruzafa Guesthouse,2269176,NA,Valencia,1,1,€ 30,2019/11/13,2019/11/14,0,"5,6",60
Gon & Diego House,4899561,NA,Valencia,1,1,€ 40,2019/11/13,2019/11/14,0,"5,6",60
Kirei Apartment Berlin,4504570,Apartamentos,Valencia,1,1,€ 106,2019/11/13,2019/11/14,0,"5,5",60
Kirei Apartment Portland,4276529,Apartamentos,Valencia,1,1,€ 200,2019/11/13,2019/11/14,0,"5,9",60
Guest House Torres de Quart,2275006,NA,Valencia,1,1,€ 30,2019/11/13,2019/11/14,0,"5,4",60
MARQUÉS HOUSE 4* SUP,2118880,NA,Valencia,1,1,€ 164,2019/11/13,2019/11/14,4,"9,4",60
Arena's Apartament,2156905,Apartamento,Valencia,1,1,€ 170,2019/11/13,2019/11/14,0,"9,1",60
Apartamento centro frente a Torres de Serrano,3408067,Apartamento,Valencia,1,1,NA,2019/11/13,2019/11/14,0,"9,4",60
Jardines del Turia - Espacioso apartamento,2734126,Apartamento,Valencia,1,1,€ 170,2019/11/13,2019/11/14,0,"9,1",60
Zerka Sendra,4657122,Apartamento,Valencia,1,1,€ 179,2019/11/13,2019/11/14,0,9,60
Caro Hotel,348132,NA,Valencia,1,1,€ 189,2019/11/13,2019/11/14,5,"9,2",60
Loft Superior el Carmen,2784473,Apartamento,Valencia,1,1,€ 209,2019/11/13,2019/11/14,0,"9,2",60
Ca Carmela,2466364,Casa o chalet,Valencia,1,1,€ 225,2019/11/13,2019/11/14,0,"9,1",60
Living Valencia - Cestas,5453512,Apartamentos,Valencia,1,1,NA,2019/11/13,2019/11/14,0,"7,8",60
RoomTuristValencia Torres de Quart,4565643,NA,Valencia,1,1,€ 25,2019/11/13,2019/11/14,0,"4,5",60
Old Fisherman's House in Malvarrosa Beach,3618172,Apartamento,Valencia,1,1,€ 360,2019/11/13,2019/11/14,0,"9,4",60
Hi Valencia Apartments - Jorge Juan,2373701,Apartamento,Valencia,1,1,NA,2019/11/13,2019/11/14,0,"9,4",60
The River Hostel,494202,NA,Valencia,1,1,€ 22,2019/11/13,2019/11/14,0,"8,5",60
Pensión Alicante,298710,NA,Valencia,1,1,€ 33,2019/11/13,2019/11/14,0,"8,5",60
Colors Rooms,675839,NA,Valencia,1,1,€ 40,2019/11/13,2019/11/14,0,"9,6",60
United Colors of Apartments Boutique Style,5372347,Apartamentos,Valencia,1,1,€ 69,2019/11/13,2019/11/14,0,"9,8",60
BONNIES Suites & Spa Valencia,3631910,Apartamentos,Valencia,1,1,NA,2019/11/13,2019/11/14,0,"9,8",60
Atico con vistas - Alfahuir,2860729,Apartamento,Valencia,1,1,€ 123,2019/11/13,2019/11/14,0,"8,5",60
Apartamentos Valencia - Brazil 31 Free WiFi,4948554,Apartamento,Valencia,1,1,€ 125,2019/11/13,2019/11/14,0,"8,8",60
Apartamento Casa con Angel,1079935,Apartamento,Valencia,1,1,NA,2019/11/13,2019/11/14,0,"8,8",60
B&B Almirante,369695,NA,Valencia,1,1,€ 43,2019/11/13,2019/11/14,1,"8,8",60
Russafa Youth Hostel,345134,NA,Valencia,1,1,€ 44,2019/11/13,2019/11/14,0,"8,6",60
Palacios Rooms,2773548,NA,Valencia,1,1,€ 48,2019/11/13,2019/11/14,0,"8,6",60
Zalamera BnB,1331238,NA,Valencia,1,1,€ 49,2019/11/13,2019/11/14,0,"8,7",60
Nest Style Valencia -Nueva apertura-,5219046,NA,Valencia,1,1,€ 80,2019/11/13,2019/11/14,3,"9,7",60
Hostal Antigua Morellana,1273937,NA,Valencia,1,1,€ 80,2019/11/13,2019/11/14,1,"9,5",60
Ramirez Flats & Bar,4124528,Apartahotel,Valencia,1,1,€ 86,2019/11/13,2019/11/14,0,"9,5",60
MD Julio Antonio Apartment Center,3961049,Apartamento,Valencia,1,1,NA,2019/11/13,2019/11/14,0,"9,3",60
Hulot B&B Valencia,585429,NA,Valencia,1,1,€ 49,2019/11/13,2019/11/14,0,"8,5",60
UNIK. Apartments Valencia,2241282,Apartamentos,Valencia,1,1,€ 50,2019/11/13,2019/11/14,0,"8,5",60
Pio XII Apartments Valencia,402080,Apartamentos,Valencia,1,1,€ 51,2019/11/13,2019/11/14,0,"8,5",60
Home Youth Hostel by Feetup Hostels,189322,NA,Valencia,1,1,€ 52,2019/11/13,2019/11/14,0,"8,8",60
Balcón Al Mar,295109,NA,Valencia,1,1,€ 53,2019/11/13,2019/11/14,0,"8,5",60
Turia Town,4064373,Apartamentos,Valencia,1,1,€ 53,2019/11/13,2019/11/14,0,"8,8",60
The Flow House,4762375,Apartamentos,Valencia,1,1,NA,2019/11/13,2019/11/14,0,"9,2",60
Isabel,4442066,Apartamento,Valencia,1,1,€ 127,2019/11/13,2019/11/14,0,"8,6",60
Friendly Rentals Soler,1634237,Apartamento,Valencia,1,1,€ 130,2019/11/13,2019/11/14,0,"8,6",60
Friendly Rentals Strauss,1634236,Apartamento,Valencia,1,1,€ 130,2019/11/13,2019/11/14,0,"8,8",60
Friendly Rentals Verdi 2,2523881,Apartamento,Valencia,1,1,€ 130,2019/11/13,2019/11/14,0,"8,8",60
Friendly Rentals Gala,1634252,Apartamento,Valencia,1,1,€ 135,2019/11/13,2019/11/14,0,"8,7",60
AC Hotel Colon Valencia- a Marriott Lifestyle Hotel,1117150,NA,Valencia,1,1,€ 136,2019/11/13,2019/11/14,4,"8,7",60
Apartamentos Turia,355328,Apartamentos,Valencia,1,1,NA,2019/11/13,2019/11/14,0,"8,7",60
Hospes Palau de La Mar,93823,NA,Valencia,1,1,€ 136,2019/11/13,2019/11/14,5,"8,8",60
FREE WI-FI. Apartamentos 90 м2 - Assutzena 5,4828764,Apartamento,Valencia,1,1,€ 146,2019/11/13,2019/11/14,0,"8,7",60
Stylish newly renovated in great location /WIFI,3661070,Apartamento,Valencia,1,1,€ 149,2019/11/13,2019/11/14,0,"8,6",60
Apartamento LUXURY CENTRO HISTORICO,3664772,Apartamento,Valencia,1,1,€ 149,2019/11/13,2019/11/14,0,"8,7",60
ValentiaApartments - MercadoCentral,4185241,Apartamentos,Valencia,1,1,€ 150,2019/11/13,2019/11/14,0,"8,8",60
Apartamento Sofia,2552406,Apartamento,Valencia,1,1,€ 150,2019/11/13,2019/11/14,0,"8,6",60
SingularStays Guillem de Castro,1182220,Apartamento,Valencia,1,1,NA,2019/11/13,2019/11/14,0,"8,5",60
Friendly Rentals Ferrero,2314984,Apartamento,Valencia,1,1,€ 150,2019/11/13,2019/11/14,0,"8,8",60
Friendly Rentals Rey,1634248,Apartamento,Valencia,1,1,€ 155,2019/11/13,2019/11/14,0,"8,9",60
Vincci Lys,91183,NA,Valencia,1,1,€ 158,2019/11/13,2019/11/14,4,"8,9",60
Cathedral Suites Hotel,1736257,Apartahotel,Valencia,1,1,€ 159,2019/11/13,2019/11/14,4,"8,9",60
Opera House Valencia B&B,3533887,NA,Valencia,1,1,€ 96,2019/11/13,2019/11/14,0,"9,5",60
Casa La Buhardilla,2985364,Apartamento,Valencia,1,1,€ 97,2019/11/13,2019/11/14,0,"9,6",60
Olympia Flats,4212801,NA,Valencia,1,1,€ 50,2019/11/13,2019/11/14,0,"9,7",60
La Casa Verde - Ruzafa,2029143,Apartamento,Valencia,1,1,NA,2019/11/13,2019/11/14,0,"9,7",60
Precioso piso junto al antiguo barrio de Campanar,3297078,Apartamento,Valencia,1,1,€ 100,2019/11/13,2019/11/14,0,"9,5",60
Puerta de Serranos,2734333,Apartamentos,Valencia,1,1,€ 161,2019/11/13,2019/11/14,0,"8,8",60
Friendly Rentals Vives 2,2523871,Apartamento,Valencia,1,1,€ 165,2019/11/13,2019/11/14,0,"8,6",60
Santos A,4238287,Apartamento,Valencia,1,1,NA,2019/11/13,2019/11/14,0,"8,8",60
The Westin Valencia,93321,NA,Valencia,1,1,€ 173,2019/11/13,2019/11/14,5,"8,7",60
Guest House Duc de Gaeta,2275007,NA,Valencia,1,1,€ 28,2019/11/13,2019/11/14,0,"4,9",60
RoomTuristValencia RuzafaSumsi,4682802,NA,Valencia,1,1,€ 35,2019/11/13,2019/11/14,0,"4,6",60
Port of Valencia,3805735,Apartamento,Valencia,1,1,€ 79,2019/11/13,2019/11/14,0,"4,9",60
Malvarosa,3820590,Apartamento,Valencia,1,1,€ 190,2019/11/13,2019/11/14,0,"4,1",60
Vincci Palace,94163,NA,Valencia,1,1,€ 176,2019/11/13,2019/11/14,4,"8,6",60
Carlos & Ana,2079019,Apartamento,Valencia,1,1,€ 195,2019/11/13,2019/11/14,0,"8,9",60
Canela`s Vintage Ruzafa Centro,4652584,Apartamento,Valencia,1,1,€ 200,2019/11/13,2019/11/14,0,"8,6",60
Exclusive Beach Apartment,4641691,Apartamento,Valencia,1,1,€ 205,2019/11/13,2019/11/14,0,"8,9",60
Valencian Dreams Lonja,4757385,Apartamento,Valencia,1,1,€ 102,2019/11/13,2019/11/14,0,"9,7",60
15 Avinguda Mare Nostrum,4518973,Apartamento,Valencia,1,1,€ 120,2019/11/13,2019/11/14,0,"9,7",60
Ciudad Ciencias- Lujo- Parking- Wi-Fi.,4999636,Apartamento,Valencia,1,1,€ 130,2019/11/13,2019/11/14,0,"9,8",60
la casita,4333253,Apartamento,Valencia,1,1,€ 132,2019/11/13,2019/11/14,0,"9,8",60
Disfruta - Enjoy Valencia Oceanografic,4121345,Apartamento,Valencia,1,1,€ 139,2019/11/13,2019/11/14,0,"9,6",60
Namaste Rooms,3799642,NA,Valencia,1,1,€ 55,2019/11/13,2019/11/14,0,"8,7",60
Hotel Malcom and Barret,483261,NA,Valencia,1,1,€ 55,2019/11/13,2019/11/14,3,"8,7",60
València Centre Túria,2185255,Apartamento,Valencia,1,1,€ 56,2019/11/13,2019/11/14,0,"8,8",60
Casa del Patriarca,364834,NA,Valencia,1,1,€ 57,2019/11/13,2019/11/14,0,"8,9",60
Valencia what else...,2550483,Apartamento,Valencia,1,1,NA,2019/11/13,2019/11/14,0,"9,5",60
Disfruta - Enjoy Valencia Ayuntamiento,4901194,Apartamento,Valencia,1,1,€ 139,2019/11/13,2019/11/14,0,"9,6",60
Apartments Downtown Valencia,2250421,Apartamentos,Valencia,1,1,€ 140,2019/11/13,2019/11/14,0,"9,6",60
Apartamento centro,3160737,Apartamento,Valencia,1,1,€ 165,2019/11/13,2019/11/14,0,"9,7",60
City Center Atico 360,3025679,Apartamento,Valencia,1,1,€ 188,2019/11/13,2019/11/14,0,"9,5",60
Apartamentos Plaza Picasso,97063,Apartamentos,Valencia,1,1,€ 57,2019/11/13,2019/11/14,0,"8,5",60
MD PASEO RUZAFA CENTER,5374850,Apartamento,Valencia,1,1,€ 1.030,2019/11/13,2019/11/14,0,"9,5",60
Cantagua Hostel,4074640,NA,Valencia,1,1,€ 38,2019/11/13,2019/11/14,0,"9,1",60
Apartment Cisneros 2,2361375,Apartamento,Valencia,1,1,NA,2019/11/13,2019/11/14,0,"9,7",60
YOU & CO. Saler Beach Boutique,4533007,NA,Valencia,1,1,€ 44,2019/11/13,2019/11/14,3,"9,1",60
Apartamento Islas Canarias,2304086,Apartamento,Valencia,1,1,€ 62,2019/11/13,2019/11/14,0,"3,8",60
Living Valencia Ayuntamiento,1831537,Apartamentos,Valencia,1,1,NA,2019/11/13,2019/11/14,0,"7,9",60
Aventura,5567318,Apartamentos,Valencia,1,1,€ 40,2019/11/13,2019/11/14,0,,60
Bright room with trundle bed,5560260,NA,Valencia,1,1,€ 46,2019/11/13,2019/11/14,0,,60
Habitación privada con baño privado a 300 metros de la playa.,5587588,NA,Valencia,1,1,€ 49,2019/11/13,2019/11/14,0,,60
Art&Flats Bed&Breakfast,5238345,NA,Valencia,1,1,€ 45,2019/11/13,2019/11/14,0,9,60
Rooms Ciencias,94126,NA,Valencia,1,1,€ 59,2019/11/13,2019/11/14,0,9,60
Palau de Palomar,471283,Apartamentos,Valencia,1,1,€ 59,2019/11/13,2019/11/14,0,"9,1",60
OttoH Charm Stay,2459807,NA,Valencia,1,1,€ 59,2019/11/13,2019/11/14,0,"9,3",60
Brugada home,5259150,NA,Valencia,1,1,€ 55,2019/11/13,2019/11/14,0,,60
Rooms El Picolino,5326859,NA,Valencia,1,1,€ 55,2019/11/13,2019/11/14,0,,60
Atico de Lujo,2142556,Apartamento,Valencia,1,1,€ 85,2019/11/13,2019/11/14,0,"9,2",60
City Garden Bed and Breakfast,2204361,NA,Valencia,1,1,€ 86,2019/11/13,2019/11/14,0,"9,4",60
Piso en La Ciudad de Artes,3832790,Apartamento,Valencia,1,1,NA,2019/11/13,2019/11/14,0,"9,6",60
Mon Suites San Nicolas,4117225,Apartamentos,Valencia,1,1,€ 87,2019/11/13,2019/11/14,0,"9,2",60
Valenciaflats Ciudad de las Ciencias,93676,Apartamentos,Valencia,1,1,€ 87,2019/11/13,2019/11/14,0,"9,1",60
Apartamento cerca de la Playa y el Centro,2620264,Apartamento,Valencia,1,1,€ 88,2019/11/13,2019/11/14,0,9,60
Magnífico Adosado- cerca de Valencia ciudad- en zona de montaña y playa fluvial,5354233,Casa o chalet,Valencia,1,1,€ 90,2019/11/13,2019/11/14,0,"9,1",60
Turia Burjassot 12,3237353,Apartamento,Valencia,1,1,€ 90,2019/11/13,2019/11/14,0,9,60
Dolz Garden Ruzafa,1123993,Apartamentos,Valencia,1,1,€ 90,2019/11/13,2019/11/14,0,"9,1",60
Casa Vich,4457634,Apartamento,Valencia,1,1,NA,2019/11/13,2019/11/14,0,"9,6",60
Olvida tu Reloj Montichelvo Apartment,3258095,Apartamento,Valencia,1,1,€ 91,2019/11/13,2019/11/14,0,"9,4",60
Olvida tu Reloj Congresos Apartment,2448036,Apartamento,Valencia,1,1,€ 91,2019/11/13,2019/11/14,0,"9,2",60
Center City Flats,861452,Apartamentos,Valencia,1,1,€ 94,2019/11/13,2019/11/14,0,"9,1",60
Mon Suites Catedral,485679,Apartamentos,Valencia,1,1,€ 94,2019/11/13,2019/11/14,0,"9,2",60
Calle de Frederica Montseny 'Política' Casa o chalet,5152866,Casa o chalet,Valencia,1,1,€ 95,2019/11/13,2019/11/14,0,"9,4",60
RUZAFA. Nice apartment and Terrace.,4368595,Apartamento,Valencia,1,1,€ 95,2019/11/13,2019/11/14,0,"9,3",60
Glorieta,4217752,Apartamento,Valencia,1,1,NA,2019/11/13,2019/11/14,0,"9,7",60
MOM La Punta,3105661,NA,Valencia,1,1,€ 99,2019/11/13,2019/11/14,0,"9,4",60
Piso como en tu casa 2,3834617,Apartamentos,Valencia,1,1,€ 101,2019/11/13,2019/11/14,0,"9,1",60
One Shot Mercat 09,2274203,NA,Valencia,1,1,€ 101,2019/11/13,2019/11/14,4,"9,1",60
Apartamentos La más Bonita,2816245,Apartamentos,Valencia,1,1,€ 104,2019/11/13,2019/11/14,0,"9,1",60
Palacio de Rojas,1073276,Apartamentos,Valencia,1,1,€ 105,2019/11/13,2019/11/14,0,"9,3",60
Forn desamparats,2380447,Apartamento,Valencia,1,1,€ 105,2019/11/13,2019/11/14,0,"9,4",60
Quart Apartment,1537986,Apartamento,Valencia,1,1,NA,2019/11/13,2019/11/14,0,"9,2",60
HQ Rooms Apartments San Vicente,2894429,Apartamentos,Valencia,1,1,€ 105,2019/11/13,2019/11/14,0,"9,2",60
5 SENSES,3786890,Apartamento,Valencia,1,1,€ 107,2019/11/13,2019/11/14,0,"9,1",60
Center Valencia,2944722,Casa o chalet,Valencia,1,1,€ 108,2019/11/13,2019/11/14,0,"9,3",60
"Piso ""Como en tu casa""",2689136,Apartamento,Valencia,1,1,€ 110,2019/11/13,2019/11/14,0,"9,2",60
Mon Suites San Martin,2777545,Apartamentos,Valencia,1,1,€ 112,2019/11/13,2019/11/14,0,"9,4",60
Sol Playa,12656,NA,Valencia,1,1,€ 60,2019/11/13,2019/11/14,2,"8,3",60
Hotel Miramar,23332,NA,Valencia,1,1,€ 61,2019/11/13,2019/11/14,2,"8,4",60
Maestro Rodrigo Apartment,3494154,Apartamento,Valencia,1,1,NA,2019/11/13,2019/11/14,0,"9,4",60
Happy Apartments Valencia – Lope de Vega,575582,Apartamentos,Valencia,1,1,€ 62,2019/11/13,2019/11/14,0,"8,1",60
Happy Apartments Valencia,456043,Apartamentos,Valencia,1,1,€ 62,2019/11/13,2019/11/14,0,"8,2",60
Senator Parque Central Hotel,274963,NA,Valencia,1,1,€ 62,2019/11/13,2019/11/14,4,"8,1",60
L'Otelet By Sweet,1467935,NA,Valencia,1,1,€ 64,2019/11/13,2019/11/14,0,"8,3",60
Reina 12,1684198,NA,Valencia,1,1,€ 64,2019/11/13,2019/11/14,0,"8,2",60
Hotel Alkazar,408511,NA,Valencia,1,1,€ 64,2019/11/13,2019/11/14,1,8,60
Apartamento Torres,1887853,Apartamento,Valencia,1,1,NA,2019/11/13,2019/11/14,0,9,60
City of Arts & Spa Apartment,4820684,Apartamento,Valencia,1,1,€ 65,2019/11/13,2019/11/14,0,8,60
NH Ciudad de Valencia,90729,NA,Valencia,1,1,€ 66,2019/11/13,2019/11/14,3,"8,1",60
NH Valencia Las Ciencias,90725,NA,Valencia,1,1,€ 67,2019/11/13,2019/11/14,3,8,60
Hotel Medium Valencia,96838,NA,Valencia,1,1,€ 68,2019/11/13,2019/11/14,4,"8,1",60
Sweet Hotel Continental,93856,NA,Valencia,1,1,€ 69,2019/11/13,2019/11/14,2,"8,3",60
City Suites Apartments,3091106,NA,Valencia,1,1,€ 70,2019/11/13,2019/11/14,0,"8,4",60
Xativa Terrace II,1760138,Apartamento,Valencia,1,1,NA,2019/11/13,2019/11/14,0,9,60
Tryp Valencia Feria,92852,NA,Valencia,1,1,€ 71,2019/11/13,2019/11/14,4,"8,4",60
Casual de las Artes Valencia,538056,NA,Valencia,1,1,€ 72,2019/11/13,2019/11/14,3,"8,4",60
Valenciaflats Torres de Serrano,17468,Apartamentos,Valencia,1,1,€ 73,2019/11/13,2019/11/14,0,"8,3",60
Atico Ciutat Vella,3446230,Apartamentos,Valencia,1,1,€ 75,2019/11/13,2019/11/14,0,"8,4",60
Nanit Valencia Hostel,3913497,NA,Valencia,1,1,€ 75,2019/11/13,2019/11/14,0,"8,3",60
Ático cerca del mar,4040503,Apartamento,Valencia,1,1,€ 75,2019/11/13,2019/11/14,0,"8,3",60
CENTRO CIUDAD-PZA AYUNTAMIENTO-WIFI,3604273,Apartamento,Valencia,1,1,NA,2019/11/13,2019/11/14,0,"9,2",60
Apartment Vicent,1674495,Apartamento,Valencia,1,1,€ 75,2019/11/13,2019/11/14,0,"8,3",60
Holiday Inn Express Ciudad de las Ciencias,96737,NA,Valencia,1,1,€ 77,2019/11/13,2019/11/14,3,8,60
NH Valencia Center,90727,NA,Valencia,1,1,€ 78,2019/11/13,2019/11/14,4,"8,3",60
Hotel Valencia Center,91285,NA,Valencia,1,1,€ 79,2019/11/13,2019/11/14,4,"8,4",60
Silken Puerta Valencia,91182,NA,Valencia,1,1,€ 84,2019/11/13,2019/11/14,4,"8,3",60
NH Valencia Las Artes,90731,NA,Valencia,1,1,€ 84,2019/11/13,2019/11/14,4,"8,4",60
Total Valencia Mercado Central,4888886,Apartamento,Valencia,1,1,NA,2019/11/13,2019/11/14,0,"9,1",60
Preciosos Apartamentos en el Carmen,2918345,Apartamentos,Valencia,1,1,€ 88,2019/11/13,2019/11/14,0,"8,1",60
Apartamento Ciudad de las Artes y las Ciencias,4353552,Apartamento,Valencia,1,1,€ 90,2019/11/13,2019/11/14,0,"8,3",60
Apartamento Plaza Sainetero,2743838,Apartamento,Valencia,1,1,€ 93,2019/11/13,2019/11/14,0,"8,2",60
Primus Valencia,331871,NA,Valencia,1,1,€ 96,2019/11/13,2019/11/14,4,"8,3",60
MD Modern Hotel - Jardines,305447,NA,Valencia,1,1,€ 99,2019/11/13,2019/11/14,1,"8,3",60
Carrer de María Montessori,3272386,Apartamento,Valencia,1,1,€ 104,2019/11/13,2019/11/14,0,"8,2",60
YourPlace apartments Mercado Central,2933554,Apartamentos,Valencia,1,1,NA,2019/11/13,2019/11/14,0,9,60
Eurostars Gran Valencia,90484,NA,Valencia,1,1,€ 107,2019/11/13,2019/11/14,4,"8,4",60
Hotel Conqueridor,91047,NA,Valencia,1,1,€ 108,2019/11/13,2019/11/14,4,"8,4",60
Friendly Rentals Puerto Deportivo,2317861,Apartamentos,Valencia,1,1,€ 110,2019/11/13,2019/11/14,0,"8,1",60
Friendly Rentals ABC,3656596,Apartamento,Valencia,1,1,€ 115,2019/11/13,2019/11/14,0,"8,3",60
Friendly Rentals Pergolesi,1634240,Apartamento,Valencia,1,1,€ 115,2019/11/13,2019/11/14,0,"8,4",60
Ilunion Aqua 3,92776,NA,Valencia,1,1,€ 115,2019/11/13,2019/11/14,3,"8,3",60
Ilunion Valencia 4,754329,NA,Valencia,1,1,€ 119,2019/11/13,2019/11/14,4,"8,1",60
Apartamento Privado Próximo a Playa y Ciencias,3783163,Apartamento,Valencia,1,1,€ 120,2019/11/13,2019/11/14,0,"8,2",60
Cosy apartment near to the center,4064812,Apartamento,Valencia,1,1,€ 122,2019/11/13,2019/11/14,0,"8,3",60
Friendly Rentals Gimenez,1634242,Apartamento,Valencia,1,1,€ 125,2019/11/13,2019/11/14,0,"8,3",60
Rio Turia Skatehouse,4624602,Apartamento,Valencia,1,1,€ 126,2019/11/13,2019/11/14,0,"8,2",60
Zerka Centro,4425975,Apartamentos,Valencia,1,1,€ 129,2019/11/13,2019/11/14,0,"8,3",60
Apartamento Obispo don Jerónimo,2079020,Apartamento,Valencia,1,1,€ 135,2019/11/13,2019/11/14,0,"8,2",60
Apartamento Gran Vía Marqués del Turia,2358973,Apartamento,Valencia,1,1,€ 139,2019/11/13,2019/11/14,0,"8,4",60
Friendly Rentals Desplat,4120221,Apartamento,Valencia,1,1,€ 140,2019/11/13,2019/11/14,0,"8,3",60
Friendly Rentals Verdi,1634232,Apartamento,Valencia,1,1,€ 140,2019/11/13,2019/11/14,0,"8,2",60
Eurostars Rey Don Jaime,91520,NA,Valencia,1,1,€ 143,2019/11/13,2019/11/14,4,"8,2",60
Friendly rentals Enesco Beach,2526514,Apartamento,Valencia,1,1,€ 150,2019/11/13,2019/11/14,0,8,60
Friendly Rentals Evans,1634220,Apartamentos,Valencia,1,1,€ 150,2019/11/13,2019/11/14,0,"8,4",60
Friendly Rentals Telemann,1634241,Apartamento,Valencia,1,1,€ 150,2019/11/13,2019/11/14,0,"8,1",60
Your lovely home,1923614,Apartamento,Valencia,1,1,NA,2019/11/13,2019/11/14,0,"9,1",60
Casa los Peces,3234194,Apartamento,Valencia,1,1,€ 154,2019/11/13,2019/11/14,0,"8,3",60
Loft el Carmen amazing views,4932621,Apartamento,Valencia,1,1,€ 172,2019/11/13,2019/11/14,0,"8,1",60
Vlc Apartaments el Carmen,389902,Apartamentos,Valencia,1,1,€ 214,2019/11/13,2019/11/14,0,"8,2",60
Musico Peydro Apartments,3765069,Apartamentos,Valencia,1,1,€ 271,2019/11/13,2019/11/14,0,8,60
Malvarrosa Calle Pavia,3608764,Casa o chalet,Valencia,1,1,€ 271,2019/11/13,2019/11/14,0,"8,1",60
NWT Central Station Apartments,3964093,Apartamento,Valencia,1,1,€ 300,2019/11/13,2019/11/14,0,"8,2",60
Apt. Salvador Giner,2264544,Apartamento,Valencia,1,1,NA,2019/11/13,2019/11/14,0,"9,1",60
MD Vila Barbera Apartment Center,1957253,Apartamento,Valencia,1,1,€ 330,2019/11/13,2019/11/14,0,"8,3",60
UP Hostel Valencia,1710137,NA,Valencia,1,1,€ 24,2019/11/13,2019/11/14,0,"7,8",60
Pensión Universal,304276,NA,Valencia,1,1,€ 27,2019/11/13,2019/11/14,0,"7,9",60
Habitación San Cayetano,4624401,NA,Valencia,1,1,€ 30,2019/11/13,2019/11/14,0,"7,7",60
Hostal Moratin,326015,NA,Valencia,1,1,€ 31,2019/11/13,2019/11/14,1,"7,9",60
Habitaciones Barra89,1076252,NA,Valencia,1,1,€ 31,2019/11/13,2019/11/14,0,"7,8",60
Home Club Micalet Apartments,443595,Apartamentos,Valencia,1,1,NA,2019/11/13,2019/11/14,0,"8,9",60
Hostal El Cid,309465,NA,Valencia,1,1,€ 33,2019/11/13,2019/11/14,2,"7,6",60
Apart and Benef,2291245,NA,Valencia,1,1,€ 34,2019/11/13,2019/11/14,0,"7,8",60
Hostal On Dormire Valencia,432305,NA,Valencia,1,1,€ 35,2019/11/13,2019/11/14,0,"7,8",60
Habitación Céntrica en Casa de Familia,4289877,NA,Valencia,1,1,€ 35,2019/11/13,2019/11/14,0,"7,8",60
OYO Pensión El Rincón,476031,NA,Valencia,1,1,€ 36,2019/11/13,2019/11/14,1,"7,6",60
Adrian's House,2271869,NA,Valencia,1,1,€ 40,2019/11/13,2019/11/14,0,"7,8",60
Apartments Catedral,309686,Apartamentos,Valencia,1,1,NA,2019/11/13,2019/11/14,0,"8,8",60
Voyagers Inn Homestay,2682156,NA,Valencia,1,1,€ 42,2019/11/13,2019/11/14,0,"7,8",60
Valencia City Host,1177077,NA,Valencia,1,1,€ 45,2019/11/13,2019/11/14,0,"7,8",60
Hotel Beleret,94652,NA,Valencia,1,1,€ 45,2019/11/13,2019/11/14,3,"7,6",60
Casual Civilizaciones Valencia,449777,NA,Valencia,1,1,€ 45,2019/11/13,2019/11/14,0,"7,9",60
Patacona Green Flats,292996,Apartamentos,Valencia,1,1,€ 46,2019/11/13,2019/11/14,0,"7,6",60
Valencia Lounge Hostel,337203,NA,Valencia,1,1,€ 47,2019/11/13,2019/11/14,0,"7,8",60
Welcomer Apartments Valencia,19363,Apartamentos,Valencia,1,1,NA,2019/11/13,2019/11/14,0,"8,7",60
Patacona Resort Apartments,189782,Apartamentos,Valencia,1,1,€ 49,2019/11/13,2019/11/14,0,"7,8",60
United Colors of Studios - Mercado Central,2574108,Apartamentos,Valencia,1,1,€ 49,2019/11/13,2019/11/14,0,"7,9",60
Expo Hotel Valencia,91223,NA,Valencia,1,1,€ 50,2019/11/13,2019/11/14,3,"7,6",60
Apartamentos Abastos,1044426,Apartamentos,Valencia,1,1,€ 50,2019/11/13,2019/11/14,0,"7,5",60
Casual de la Música Valencia,273130,NA,Valencia,1,1,€ 51,2019/11/13,2019/11/14,2,"7,5",60
Habitacion por dias Centro Valencia,3977106,NA,Valencia,1,1,€ 55,2019/11/13,2019/11/14,0,"7,9",60
SingularStays San Vicente,1423172,Apartamentos,Valencia,1,1,NA,2019/11/13,2019/11/14,0,"8,9",60
Hotel Turia,14441,NA,Valencia,1,1,€ 59,2019/11/13,2019/11/14,4,"7,5",60
Oceanográfico Apartments & Spa,324918,Apartamentos,Valencia,1,1,€ 59,2019/11/13,2019/11/14,0,"7,6",60
Cosy Rooms Tapinería,371192,NA,Valencia,1,1,€ 59,2019/11/13,2019/11/14,2,"7,5",60
El Globo,24498,NA,Valencia,1,1,€ 60,2019/11/13,2019/11/14,1,"7,8",60
Hostal Bisbal,235665,NA,Valencia,1,1,€ 60,2019/11/13,2019/11/14,1,"7,5",60
B&B Hotel Valencia Ciudad de las Ciencias,92242,NA,Valencia,1,1,€ 62,2019/11/13,2019/11/14,3,"7,5",60
Checkin Valencia,93743,NA,Valencia,1,1,€ 62,2019/11/13,2019/11/14,4,"7,8",60
Alex Apartment,1756374,Apartamento,Valencia,1,1,€ 65,2019/11/13,2019/11/14,0,"7,9",60
Jero Rooms,296743,NA,Valencia,1,1,€ 66,2019/11/13,2019/11/14,0,"7,7",60
City Center Apartments,4426057,Apartamentos,Valencia,1,1,€ 68,2019/11/13,2019/11/14,0,"7,8",60
El 16 Ruzafa,865461,Apartamentos,Valencia,1,1,€ 69,2019/11/13,2019/11/14,0,"7,7",60
SHF Plaza de la Reina,1682520,Apartamentos,Valencia,1,1,€ 70,2019/11/13,2019/11/14,0,"7,7",60
Apartamento Alguer,4005334,Apartamento,Valencia,1,1,€ 75,2019/11/13,2019/11/14,0,"7,6",60
SEA YOU HOTEL PORT VALENCIA,92328,NA,Valencia,1,1,€ 78,2019/11/13,2019/11/14,4,"7,7",60
Torres Quart,3702234,Apartamentos,Valencia,1,1,€ 83,2019/11/13,2019/11/14,0,"7,6",60
Apartamento Angel Alcazar 35,2174625,Apartamento,Valencia,1,1,€ 90,2019/11/13,2019/11/14,0,"7,5",60
Apartment Valencia,348555,Apartamentos,Valencia,1,1,€ 99,2019/11/13,2019/11/14,0,"7,9",60
Apartment Florista,2150187,Apartamento,Valencia,1,1,€ 100,2019/11/13,2019/11/14,0,"7,9",60
