name,propertyId,propertyType,city,rooms,days,price,checkIn,checkOut,stars,score,advance
Sol Playa,12656,NA,Valencia,1,1,€ 79,2019/10/07,2019/10/08,2,"8,3",7
MD Modern Hotel - Jardines,305447,NA,Valencia,1,1,€ 79,2019/10/07,2019/10/08,1,"8,3",7
15 Avinguda Mare Nostrum,4518973,Apartamento,Valencia,1,1,NA,2019/10/07,2019/10/08,0,"9,6",7
Red Nest Hostel,92283,NA,Valencia,1,1,€ 80,2019/10/07,2019/10/08,0,"8,2",7
NH Ciudad de Valencia,90729,NA,Valencia,1,1,€ 80,2019/10/07,2019/10/08,3,"8,1",7
Apartment in Valencia,2339175,Apartamento,Valencia,1,1,€ 80,2019/10/07,2019/10/08,0,"8,1",7
Tryp Valencia Feria,92852,NA,Valencia,1,1,€ 80,2019/10/07,2019/10/08,4,"8,4",7
Hotel Olympia Universidades,1301731,NA,Valencia,1,1,€ 80,2019/10/07,2019/10/08,3,"8,4",7
Hotel Medium Valencia,96838,NA,Valencia,1,1,€ 81,2019/10/07,2019/10/08,4,"8,2",7
Nest Style Valencia -Nueva apertura-,5219046,NA,Valencia,1,1,NA,2019/10/07,2019/10/08,3,"9,5",7
Casual de las Artes Valencia,538056,NA,Valencia,1,1,€ 81,2019/10/07,2019/10/08,3,"8,4",7
El Coso,14580,NA,Valencia,1,1,€ 82,2019/10/07,2019/10/08,3,"8,2",7
Senator Parque Central Hotel,274963,NA,Valencia,1,1,€ 85,2019/10/07,2019/10/08,4,"8,1",7
Hostal Penalty,189209,NA,Valencia,1,1,€ 85,2019/10/07,2019/10/08,1,8,7
Apartamento Cuatro Carreres,2743149,Apartamento,Valencia,1,1,€ 85,2019/10/07,2019/10/08,0,"8,1",7
Apartamento Turistico en Valencia,2877605,Apartamento,Valencia,1,1,€ 85,2019/10/07,2019/10/08,0,"8,1",7
Apartamento Giorgeta,2580538,Apartamento,Valencia,1,1,NA,2019/10/07,2019/10/08,0,9,7
Purple Nest Hostel,25278,NA,Valencia,1,1,€ 85,2019/10/07,2019/10/08,0,"8,2",7
Valenciaflats Torres de Serrano,17468,Apartamentos,Valencia,1,1,€ 89,2019/10/07,2019/10/08,0,"8,3",7
Happy Apartments Valencia,456043,Apartamentos,Valencia,1,1,€ 89,2019/10/07,2019/10/08,0,"8,2",7
MD Art Apartment Ruzafa,2550955,Apartamento,Valencia,1,1,€ 313,2019/10/07,2019/10/08,0,"7,5",7
MD Benlliure Beach.,1957258,Apartamento,Valencia,1,1,€ 313,2019/10/07,2019/10/08,0,"7,9",7
Ambrosio Flats Valencia - El Carmen,2401127,Apartamento,Valencia,1,1,NA,2019/10/07,2019/10/08,0,"9,4",7
Eurostars Rey Don Jaime,91520,NA,Valencia,1,1,€ 89,2019/10/07,2019/10/08,4,"8,2",7
Reina's Apartment,2130930,Apartamentos,Valencia,1,1,€ 89,2019/10/07,2019/10/08,0,"8,3",7
MD Oliag I Apartment Ruzafa,2867488,Apartamento,Valencia,1,1,€ 387,2019/10/07,2019/10/08,0,"7,6",7
MD Olivereta Apartment,3783665,Apartamento,Valencia,1,1,€ 400,2019/10/07,2019/10/08,0,"7,5",7
Homestay Valencia,2597106,NA,Valencia,1,1,€ 90,2019/10/07,2019/10/08,0,"8,1",7
Ecobet Apartments,2963381,Apartamentos,Valencia,1,1,NA,2019/10/07,2019/10/08,0,"9,2",7
Loft by the Beach,4441671,Apartamento,Valencia,1,1,€ 95,2019/10/07,2019/10/08,0,"8,4",7
NH Valencia Center,90727,NA,Valencia,1,1,€ 97,2019/10/07,2019/10/08,4,"8,3",7
Ilunion Aqua 3,92776,NA,Valencia,1,1,€ 98,2019/10/07,2019/10/08,3,"8,3",7
Guest House Samuel Ros,4161855,NA,Valencia,1,1,€ 25,2019/10/07,2019/10/08,0,"7,3",7
Hostal Waksman,281139,NA,Valencia,1,1,€ 35,2019/10/07,2019/10/08,1,"7,3",7
feliz como en casa,3676196,NA,Valencia,1,1,€ 36,2019/10/07,2019/10/08,0,"7,2",7
Habitacion Apartamento soleado Plaza Escultor Frechina,4865043,NA,Valencia,1,1,€ 40,2019/10/07,2019/10/08,0,"7,1",7
Studios Las Arenas,444155,Apartamentos,Valencia,1,1,NA,2019/10/07,2019/10/08,0,9,7
Hostal Residencial RR,450746,NA,Valencia,1,1,€ 40,2019/10/07,2019/10/08,0,7,7
HOSPEDAJE PESET,4718074,NA,Valencia,1,1,€ 40,2019/10/07,2019/10/08,0,"7,3",7
NWT Central Station Apartments,3964093,Apartamento,Valencia,1,1,€ 99,2019/10/07,2019/10/08,0,"8,2",7
SHF Flats Baron,1033085,Apartamentos,Valencia,1,1,€ 100,2019/10/07,2019/10/08,0,8,7
La Flamenca,818359,NA,Valencia,1,1,€ 40,2019/10/07,2019/10/08,0,"7,2",7
Habitación con cama doble,4794909,NA,Valencia,1,1,€ 41,2019/10/07,2019/10/08,0,7,7
Attic Rooms in Botánico,5522932,NA,Valencia,1,1,€ 48,2019/10/07,2019/10/08,0,"7,2",7
HOSTAL BED OF THE SEA,3974636,NA,Valencia,1,1,€ 50,2019/10/07,2019/10/08,0,"7,1",7
Mon Suites Catedral,485679,Apartamentos,Valencia,1,1,NA,2019/10/07,2019/10/08,0,"9,2",7
PISO ACOGEDOR,4995780,NA,Valencia,1,1,€ 50,2019/10/07,2019/10/08,0,"7,1",7
Avenida del Cid (Centrico),4737683,Apartamento,Valencia,1,1,€ 51,2019/10/07,2019/10/08,0,"7,1",7
Sampedor Apartment,435662,Apartamentos,Valencia,1,1,€ 55,2019/10/07,2019/10/08,0,7,7
B&B El Mercat,2203530,NA,Valencia,1,1,€ 55,2019/10/07,2019/10/08,0,"7,3",7
Central Station Valencia Hostel,1647017,NA,Valencia,1,1,€ 59,2019/10/07,2019/10/08,0,"7,1",7
Hostal la Barraca,350013,NA,Valencia,1,1,€ 60,2019/10/07,2019/10/08,0,"7,2",7
Apartamentos Hiedra y Tapinería Mercado Central,1888891,Apartamentos,Valencia,1,1,NA,2019/10/07,2019/10/08,0,"9,2",7
Apartment Horticultor Bosch,1148669,Apartamentos,Valencia,1,1,€ 60,2019/10/07,2019/10/08,0,"7,3",7
Homestay & OLEE,4132920,NA,Valencia,1,1,€ 66,2019/10/07,2019/10/08,0,"7,4",7
Almiserat,3054886,Apartamento,Valencia,1,1,€ 70,2019/10/07,2019/10/08,0,"7,1",7
Mi casa es vuestra casa,4967097,NA,Valencia,1,1,€ 70,2019/10/07,2019/10/08,0,"7,1",7
Cosy Rooms Embajador,369728,NA,Valencia,1,1,€ 70,2019/10/07,2019/10/08,2,"7,4",7
B&B Hi Valencia Boutique,1301725,NA,Valencia,1,1,€ 73,2019/10/07,2019/10/08,0,"8,8",7
Habitación doble,3599930,NA,Valencia,1,1,€ 76,2019/10/07,2019/10/08,0,"8,9",7
PORT VALENCIA PLAYA,5259971,Apartamento,Valencia,1,1,NA,2019/10/07,2019/10/08,0,"9,8",7
Ad Hoc Carmen,1173270,NA,Valencia,1,1,€ 77,2019/10/07,2019/10/08,2,"8,9",7
Apartamentos Plaza Picasso,97063,Apartamentos,Valencia,1,1,€ 79,2019/10/07,2019/10/08,0,"8,5",7
Balandra Flat,2032624,Apartamento,Valencia,1,1,€ 79,2019/10/07,2019/10/08,0,"8,6",7
Casual del Cine Valencia,572187,NA,Valencia,1,1,€ 80,2019/10/07,2019/10/08,2,"8,6",7
Hotel San Lorenzo Boutique,1307718,NA,Valencia,1,1,€ 81,2019/10/07,2019/10/08,3,"8,6",7
ABCyou Bed&Breakfast,189207,NA,Valencia,1,1,€ 84,2019/10/07,2019/10/08,0,"8,5",7
Apartamento Tiziano,1528645,Apartamentos,Valencia,1,1,NA,2019/10/07,2019/10/08,0,"9,5",7
MODERNO Y ACOGEDOR FRENTE A RUZAFA Y CERCA DEL CENTRO,4490444,Apartamento,Valencia,1,1,€ 84,2019/10/07,2019/10/08,0,"8,7",7
APARTAMENTO LAS MELLIZAS,4651578,NA,Valencia,1,1,€ 44,2019/10/07,2019/10/08,0,"8,5",7
Jardín Botánico Hotel Boutique,93369,NA,Valencia,1,1,€ 88,2019/10/07,2019/10/08,3,"8,9",7
Buho House,3777691,Apartahotel,Valencia,1,1,€ 89,2019/10/07,2019/10/08,0,"8,5",7
Sercotel Sorolla Palace,93646,NA,Valencia,1,1,€ 89,2019/10/07,2019/10/08,4,"8,6",7
Welcomer Apartments Valencia,19363,Apartamentos,Valencia,1,1,€ 90,2019/10/07,2019/10/08,0,"8,7",7
Apartment Plaza Cisneros,1273377,Apartamentos,Valencia,1,1,NA,2019/10/07,2019/10/08,0,"9,8",7
Plaza Sainetero Arniches,3984774,Apartamento,Valencia,1,1,€ 92,2019/10/07,2019/10/08,0,"8,5",7
Suites by Eric Olsan (Florista),4726450,Apartamentos,Valencia,1,1,€ 93,2019/10/07,2019/10/08,0,"8,6",7
Citizentral Gascons,332095,Apartamentos,Valencia,1,1,€ 94,2019/10/07,2019/10/08,0,"8,8",7
Hotel Kramer,91106,NA,Valencia,1,1,€ 95,2019/10/07,2019/10/08,3,"8,8",7
Guest House Higinio Noja,2845935,NA,Valencia,1,1,€ 25,2019/10/07,2019/10/08,0,"5,9",7
RoomTuristValencia - Ruzafa,4608394,NA,Valencia,1,1,€ 36,2019/10/07,2019/10/08,0,"5,4",7
Casual Vintage Valencia,1710241,NA,Valencia,1,1,€ 96,2019/10/07,2019/10/08,2,"8,6",7
SKY TOURISTIC ATTIC,281640,Apartamentos,Valencia,1,1,€ 100,2019/10/07,2019/10/08,0,"8,5",7
Splendid house in Valencia,3091182,Apartamentos,Valencia,1,1,NA,2019/10/07,2019/10/08,0,"9,3",7
Ruzafa Guesthouse,2269176,NA,Valencia,1,1,€ 43,2019/10/07,2019/10/08,0,"5,6",7
Hotel Neptuno,91206,NA,Valencia,1,1,€ 144,2019/10/07,2019/10/08,4,"8,5",7
Disfruta De Playa Y Ciudad,2470646,Apartamento,Valencia,1,1,NA,2019/10/07,2019/10/08,0,"9,5",7
ValentiaApartments - MercadoCentral,4185241,Apartamentos,Valencia,1,1,€ 100,2019/10/07,2019/10/08,0,"8,8",7
Valencia B&B,2658386,NA,Valencia,1,1,€ 59,2019/10/07,2019/10/08,0,"5,5",7
LOFT apartamento duplex en Valencia con parking,5519008,Apartamento,Valencia,1,1,€ 62,2019/10/07,2019/10/08,0,"9,8",7
Oliver,4865093,NA,Valencia,1,1,€ 63,2019/10/07,2019/10/08,0,"5,5",7
Lotelito,570027,NA,Valencia,1,1,€ 105,2019/10/07,2019/10/08,0,"8,9",7
sueñavalencia,5603844,NA,Valencia,1,1,€ 75,2019/10/07,2019/10/08,0,"5,9",7
Kirei Apartment Berlin,4504570,Apartamentos,Valencia,1,1,€ 103,2019/10/07,2019/10/08,0,"5,6",7
Zenit Valencia,92327,NA,Valencia,1,1,€ 148,2019/10/07,2019/10/08,4,"8,8",7
Hostal Antigua Morellana,1273937,NA,Valencia,1,1,NA,2019/10/07,2019/10/08,1,"9,5",7
Ad Hoc Monumental,90719,NA,Valencia,1,1,€ 107,2019/10/07,2019/10/08,3,"8,6",7
Perla Apartments,3146781,Apartamentos,Valencia,1,1,€ 108,2019/10/07,2019/10/08,0,"8,7",7
Soho Valencia,1538641,Apartahotel,Valencia,1,1,€ 109,2019/10/07,2019/10/08,0,"8,9",7
Friendly Rentals Rey,1634248,Apartamento,Valencia,1,1,€ 150,2019/10/07,2019/10/08,0,"8,9",7
Kirei Apartment Denver,4585191,Apartamento,Valencia,1,1,€ 137,2019/10/07,2019/10/08,0,"5,9",7
Vivaldi Valencia,427198,Apartamentos,Valencia,1,1,NA,2019/10/07,2019/10/08,0,"9,3",7
AC Hotel Colon Valencia,1117150,NA,Valencia,1,1,€ 151,2019/10/07,2019/10/08,4,"8,7",7
Vincci Palace,94163,NA,Valencia,1,1,€ 154,2019/10/07,2019/10/08,4,"8,7",7
Guest House Torres de Quart,2275006,NA,Valencia,1,1,€ 30,2019/10/07,2019/10/08,0,"5,3",7
RoomTuristValencia Estacion del Norte,4682632,NA,Valencia,1,1,€ 35,2019/10/07,2019/10/08,0,"5,2",7
Barceló Valencia,91988,NA,Valencia,1,1,€ 165,2019/10/07,2019/10/08,4,"8,7",7
Select Home Mercado de Colón,2960845,Apartamentos,Valencia,1,1,€ 170,2019/10/07,2019/10/08,0,"8,9",7
United Colors of Apartments Boutique Style,5372347,Apartamentos,Valencia,1,1,€ 79,2019/10/07,2019/10/08,0,"9,6",7
VALENCIA APARTAMENTO GOYA,4256653,Apartamento,Valencia,1,1,NA,2019/10/07,2019/10/08,0,10,7
Vincci Lys,91183,NA,Valencia,1,1,€ 182,2019/10/07,2019/10/08,4,"8,9",7
Guest House Ruzafa,2324552,NA,Valencia,1,1,€ 35,2019/10/07,2019/10/08,0,"5,2",7
Port of Valencia,3805735,Apartamento,Valencia,1,1,€ 75,2019/10/07,2019/10/08,0,5,7
Valencian Dreams Lonja,4757385,Apartamento,Valencia,1,1,€ 86,2019/10/07,2019/10/08,0,"9,8",7
MAR Y SOL,4652261,Apartamento,Valencia,1,1,NA,2019/10/07,2019/10/08,0,"9,5",7
Puerta de Serranos,2734333,Apartamentos,Valencia,1,1,€ 185,2019/10/07,2019/10/08,0,"8,8",7
Carlos & Ana,2079019,Apartamento,Valencia,1,1,€ 195,2019/10/07,2019/10/08,0,"8,9",7
Casa de Vacaciones Pintor Vilar,2093863,Apartamento,Valencia,1,1,€ 222,2019/10/07,2019/10/08,0,"8,9",7
SH Valencia Palace,91497,NA,Valencia,1,1,€ 230,2019/10/07,2019/10/08,5,"8,5",7
Guest House Duc de Gaeta,2275007,NA,Valencia,1,1,€ 28,2019/10/07,2019/10/08,0,"4,9",7
L'Esplai Valencia Bed & Breakfast,1282556,NA,Valencia,1,1,€ 91,2019/10/07,2019/10/08,0,"9,6",7
Hospes Palau de La Mar,93823,NA,Valencia,1,1,€ 243,2019/10/07,2019/10/08,5,"8,8",7
RoomTuristValencia Torres de Quart,4565643,NA,Valencia,1,1,€ 28,2019/10/07,2019/10/08,0,"4,5",7
Piso céntrico Plaza Toros,2961063,Apartamento,Valencia,1,1,NA,2019/10/07,2019/10/08,0,"9,3",7
Opera House Valencia B&B,3533887,NA,Valencia,1,1,€ 92,2019/10/07,2019/10/08,0,"9,5",7
Casa La Buhardilla,2985364,Apartamento,Valencia,1,1,€ 97,2019/10/07,2019/10/08,0,"9,6",7
Guesthouse Plaza de Toros,2985902,NA,Valencia,1,1,€ 33,2019/10/07,2019/10/08,0,"4,9",7
RoomTuristValencia RuzafaSumsi,4682802,NA,Valencia,1,1,€ 35,2019/10/07,2019/10/08,0,"4,6",7
Malvarosa,3820590,Apartamento,Valencia,1,1,€ 90,2019/10/07,2019/10/08,0,"4,1",7
The Westin Valencia,93321,NA,Valencia,1,1,€ 248,2019/10/07,2019/10/08,5,"8,6",7
Casa Chenano,4262208,Apartamento,Valencia,1,1,NA,2019/10/07,2019/10/08,0,"9,5",7
RUZAFA- CENTRO-A/C- WI-FI- PARKING,2885994,Apartamento,Valencia,1,1,€ 100,2019/10/07,2019/10/08,0,"9,7",7
Carmen Apartment,3308265,Apartamento,Valencia,1,1,€ 100,2019/10/07,2019/10/08,0,"9,6",7
Constitucion Guesthouse,2985942,NA,Valencia,1,1,€ 30,2019/10/07,2019/10/08,0,"3,5",7
Apartamento Islas Canarias,2304086,Apartamento,Valencia,1,1,€ 48,2019/10/07,2019/10/08,0,"3,8",7
Musico Art Flat,2925957,Apartamento,Valencia,1,1,NA,2019/10/07,2019/10/08,0,"9,6",7
Precioso piso junto al antiguo barrio de Campanar,3297078,Apartamento,Valencia,1,1,€ 100,2019/10/07,2019/10/08,0,"9,5",7
Charming Ninetta,3220582,Apartamento,Valencia,1,1,€ 106,2019/10/07,2019/10/08,0,"9,5",7
Big sunny room.,5333222,NA,Valencia,1,1,€ 44,2019/10/07,2019/10/08,0,,7
Center Valencia,2944722,Casa o chalet,Valencia,1,1,NA,2019/10/07,2019/10/08,0,"9,3",7
Lindala,5250762,NA,Valencia,1,1,€ 49,2019/10/07,2019/10/08,0,,7
Melia Plaza Valencia,13270,NA,Valencia,1,1,€ 253,2019/10/07,2019/10/08,4,"8,9",7
SingularStays Parque Central,3054000,Apartamentos,Valencia,1,1,€ 278,2019/10/07,2019/10/08,0,"8,8",7
Urban Youth Hostel,1163025,NA,Valencia,1,1,€ 28,2019/10/07,2019/10/08,0,"8,4",7
Habitación en valencia centro,5418023,NA,Valencia,1,1,€ 29,2019/10/07,2019/10/08,0,"8,3",7
Florista's Room en Valencia,5502152,NA,Valencia,1,1,€ 50,2019/10/07,2019/10/08,0,,7
Duplex+Swimming pool+private entrance=Housen of LOVE,2999152,Apartamento,Valencia,1,1,€ 125,2019/10/07,2019/10/08,0,"9,5",7
B&B Una Habitación Propia,1450279,NA,Valencia,1,1,€ 41,2019/10/07,2019/10/08,0,"8,2",7
Habitacion Barata Valencia,3931013,NA,Valencia,1,1,€ 41,2019/10/07,2019/10/08,0,8,7
Disfruta - Enjoy Valencia Ruzafa,3890328,Apartamento,Valencia,1,1,€ 135,2019/10/07,2019/10/08,0,"9,7",7
Ramirez Flats & Bar,4124528,Apartahotel,Valencia,1,1,€ 140,2019/10/07,2019/10/08,0,"9,5",7
Brugada home,5259150,NA,Valencia,1,1,€ 50,2019/10/07,2019/10/08,0,,7
vosotros sereis parte de mi familia.,5299568,NA,Valencia,1,1,€ 50,2019/10/07,2019/10/08,0,,7
Apartments Torres de Serranos Valencia,1099602,Apartamentos,Valencia,1,1,€ 141,2019/10/07,2019/10/08,0,"9,6",7
Hexagonal Design Apartment Valencia,4630643,Apartamento,Valencia,1,1,NA,2019/10/07,2019/10/08,0,"9,5",7
Disfruta - Enjoy Valencia Centre,3881970,Apartamento,Valencia,1,1,€ 145,2019/10/07,2019/10/08,0,"9,7",7
KOA Centric- comfy and relaxed with style in Ruzafa,4105224,Apartamento,Valencia,1,1,NA,2019/10/07,2019/10/08,0,"9,9",7
Habitaciones con encanto,5629632,NA,Valencia,1,1,€ 50,2019/10/07,2019/10/08,0,,7
La seda stay,3335523,Apartamento,Valencia,1,1,€ 147,2019/10/07,2019/10/08,0,"9,7",7
Disfruta - Enjoy Valencia Oceanografic,4121345,Apartamento,Valencia,1,1,€ 149,2019/10/07,2019/10/08,0,"9,6",7
Apartments Downtown Valencia,2250421,Apartamentos,Valencia,1,1,€ 150,2019/10/07,2019/10/08,0,"9,6",7
Center Valencia Youth Hostel,246931,NA,Valencia,1,1,€ 44,2019/10/07,2019/10/08,0,8,7
Chic and Central- in a lively but quiet area. All walking distance.,3649090,Apartamento,Valencia,1,1,€ 161,2019/10/07,2019/10/08,0,"9,6",7
Disfruta - Enjoy Valencia Ayuntamiento,4901194,Apartamento,Valencia,1,1,€ 169,2019/10/07,2019/10/08,0,"9,6",7
Bruno Apartment,2715023,Apartamento,Valencia,1,1,NA,2019/10/07,2019/10/08,0,"9,7",7
Habitacion en Valencia,4861732,NA,Valencia,1,1,€ 45,2019/10/07,2019/10/08,0,"8,2",7
Habitacion en Valencia Barata,4861796,NA,Valencia,1,1,€ 45,2019/10/07,2019/10/08,0,"8,2",7
MARQUÉS HOUSE 4* SUP,2118880,NA,Valencia,1,1,€ 309,2019/10/07,2019/10/08,4,"9,4",7
B&B Hi Valencia Canovas,305349,NA,Valencia,1,1,€ 47,2019/10/07,2019/10/08,0,"8,3",7
Cantagua Hostel,4074640,NA,Valencia,1,1,€ 42,2019/10/07,2019/10/08,0,"9,1",7
YOU & CO. Saler Beach Boutique,4533007,NA,Valencia,1,1,€ 46,2019/10/07,2019/10/08,3,"9,1",7
Pension MonaLisa Luxury Suites,3834224,NA,Valencia,1,1,€ 48,2019/10/07,2019/10/08,0,"8,2",7
Blanq Comedias,4922002,NA,Valencia,1,1,€ 63,2019/10/07,2019/10/08,0,"9,1",7
Host & Home,1663785,NA,Valencia,1,1,€ 64,2019/10/07,2019/10/08,0,9,7
Pensión Universal,304276,NA,Valencia,1,1,€ 30,2019/10/07,2019/10/08,0,"7,9",7
Hostal Moratin,326015,NA,Valencia,1,1,€ 31,2019/10/07,2019/10/08,1,"7,9",7
COZY APARTMENT VALENCIA BEACHFRONT!,3128516,Apartamento,Valencia,1,1,NA,2019/10/07,2019/10/08,0,"9,4",7
Habitaciones Barra89,1076252,NA,Valencia,1,1,€ 32,2019/10/07,2019/10/08,0,"7,8",7
Apart and Benef,2291245,NA,Valencia,1,1,€ 34,2019/10/07,2019/10/08,0,"7,8",7
Hostal On Dormire Valencia,432305,NA,Valencia,1,1,€ 35,2019/10/07,2019/10/08,0,"7,8",7
Hostal El Cid,309465,NA,Valencia,1,1,€ 39,2019/10/07,2019/10/08,2,"7,6",7
Habitación San Cayetano,4624401,NA,Valencia,1,1,€ 40,2019/10/07,2019/10/08,0,"7,6",7
Hotel Beleret,94652,NA,Valencia,1,1,€ 41,2019/10/07,2019/10/08,3,"7,6",7
Flatsforyou Carmen,593824,Apartamentos,Valencia,1,1,NA,2019/10/07,2019/10/08,0,"9,1",7
Mon Suites San Nicolas,4117225,Apartamentos,Valencia,1,1,€ 115,2019/10/07,2019/10/08,0,"9,2",7
Valencia City Host,1177077,NA,Valencia,1,1,€ 45,2019/10/07,2019/10/08,0,"7,8",7
Valencia Lounge Hostel,337203,NA,Valencia,1,1,€ 46,2019/10/07,2019/10/08,0,"7,7",7
Hi Valencia Apartments - Jorge Juan,2373701,Apartamento,Valencia,1,1,€ 115,2019/10/07,2019/10/08,0,"9,4",7
Preciosa Casita Cerca Del Mar,4057271,Apartamento,Valencia,1,1,NA,2019/10/07,2019/10/08,0,"9,7",7
MD Design Hotel - Portal del Real,2391685,NA,Valencia,1,1,€ 115,2019/10/07,2019/10/08,2,"9,1",7
Apartamentos Valencia - Brazil 31 Free WiFi,4948554,Apartamento,Valencia,1,1,€ 118,2019/10/07,2019/10/08,0,"8,9",7
Rio Turia B&B,5531073,NA,Valencia,1,1,€ 48,2019/10/07,2019/10/08,0,"7,6",7
Casual Civilizaciones Valencia,449777,NA,Valencia,1,1,€ 49,2019/10/07,2019/10/08,0,"7,9",7
Palacio de Rojas,1073276,Apartamentos,Valencia,1,1,€ 124,2019/10/07,2019/10/08,0,"9,3",7
OYO Pensión El Rincón,476031,NA,Valencia,1,1,€ 50,2019/10/07,2019/10/08,1,"7,6",7
Apartamentos Adressadors,1743173,Apartamentos,Valencia,1,1,€ 50,2019/10/07,2019/10/08,0,"7,7",7
Studios Las Arenas,444155,Apartamentos,Valencia,1,1,NA,2019/10/07,2019/10/08,0,9,7
Apartamentos Abastos,1044426,Apartamentos,Valencia,1,1,€ 50,2019/10/07,2019/10/08,0,"7,5",7
Welcome Apartamentos Pintor Stolz 31 Valencia,5019066,Apartamento,Valencia,1,1,€ 124,2019/10/07,2019/10/08,0,"9,1",7
Live in Chianti Apartaments,2882632,Apartamentos,Valencia,1,1,€ 128,2019/10/07,2019/10/08,0,9,7
Habitacion por dias Centro Valencia,3977106,NA,Valencia,1,1,€ 50,2019/10/07,2019/10/08,0,"7,8",7
Habitación cerca del centro,2789581,NA,Valencia,1,1,€ 52,2019/10/07,2019/10/08,0,"7,5",7
Apartamentos Valencia - Peset Aleixandre 135- FREE WI-FI,4262488,Apartamentos,Valencia,1,1,€ 128,2019/10/07,2019/10/08,0,9,7
Lounge by the sea,4756780,Apartamento,Valencia,1,1,NA,2019/10/07,2019/10/08,0,"9,8",7
Apartamentos Wallace,1698355,Apartamentos,Valencia,1,1,€ 130,2019/10/07,2019/10/08,0,"9,2",7
Hospederia del Pilar,327766,NA,Valencia,1,1,€ 54,2019/10/07,2019/10/08,0,"7,9",7
HQ Rooms Apartments San Vicente,2894429,Apartamentos,Valencia,1,1,€ 131,2019/10/07,2019/10/08,0,"9,2",7
Pintor Salvador Abril 24 Apartment,3249845,Apartamento,Valencia,1,1,€ 131,2019/10/07,2019/10/08,0,9,7
Como en casa,4802186,NA,Valencia,1,1,€ 54,2019/10/07,2019/10/08,0,"7,9",7
Rooms Valencia Center,5507857,NA,Valencia,1,1,€ 54,2019/10/07,2019/10/08,0,"7,5",7
ALEX- OCEANOGRAFIC APARTMENT. WI-FI,2474071,Apartamento,Valencia,1,1,NA,2019/10/07,2019/10/08,0,"9,3",7
Hostal Bisbal,235665,NA,Valencia,1,1,€ 60,2019/10/07,2019/10/08,1,"7,5",7
Sorolla Centro,90896,NA,Valencia,1,1,€ 132,2019/10/07,2019/10/08,3,"9,1",7
Hogar Vera Apartments&Bikes,1807919,Apartamentos,Valencia,1,1,€ 138,2019/10/07,2019/10/08,0,"9,3",7
Vincci Mercat,1279484,NA,Valencia,1,1,€ 147,2019/10/07,2019/10/08,4,9,7
B&B Hotel Valencia Ciudad de las Ciencias,92242,NA,Valencia,1,1,€ 62,2019/10/07,2019/10/08,3,"7,5",7
Ilunion Valencia 3,92818,NA,Valencia,1,1,€ 62,2019/10/07,2019/10/08,3,"7,9",7
United Colors of Studios - Mercado Central,2574108,Apartamentos,Valencia,1,1,€ 64,2019/10/07,2019/10/08,0,"7,8",7
Colón Market Downtown,4607745,Apartamento,Valencia,1,1,NA,2019/10/07,2019/10/08,0,"9,5",7
Apartamentos La más Bonita,2816245,Apartamentos,Valencia,1,1,€ 149,2019/10/07,2019/10/08,0,9,7
Hostal Venecia,92883,NA,Valencia,1,1,€ 149,2019/10/07,2019/10/08,2,"9,1",7
Expo Hotel Valencia,91223,NA,Valencia,1,1,€ 66,2019/10/07,2019/10/08,3,"7,6",7
Sweet Caroline Apartment,1811784,Apartamento,Valencia,1,1,€ 150,2019/10/07,2019/10/08,0,"9,2",7
Edificio Pentagono,4673669,Apartamento,Valencia,1,1,€ 155,2019/10/07,2019/10/08,0,"9,1",7
Apartamentos Edificio Palomar,189277,Apartamentos,Valencia,1,1,€ 159,2019/10/07,2019/10/08,0,"9,2",7
MYR Hotel Plaza Mercado & Spa,1619029,Apartahotel,Valencia,1,1,€ 169,2019/10/07,2019/10/08,0,"9,2",7
Apartamento,3139431,Apartamento,Valencia,1,1,NA,2019/10/07,2019/10/08,0,"9,5",7
Old Fisherman's House in Malvarrosa Beach,3618172,Apartamento,Valencia,1,1,€ 187,2019/10/07,2019/10/08,0,"9,4",7
Las Arenas Balneario Resort,91144,NA,Valencia,1,1,€ 189,2019/10/07,2019/10/08,5,9,7
One Shot Mercat 09,2274203,NA,Valencia,1,1,€ 199,2019/10/07,2019/10/08,4,"9,1",7
Cozy apartment in Valencia center,3402135,Apartamentos,Valencia,1,1,€ 248,2019/10/07,2019/10/08,0,"9,2",7
Caro Hotel,348132,NA,Valencia,1,1,€ 249,2019/10/07,2019/10/08,5,"9,2",7
