name,propertyId,propertyType,city,rooms,days,price,checkIn,checkOut,stars,score,advance
Port of Valencia,3805735,Apartamento,Valencia,1,1,€ 75,2019/11/28,2019/11/29,0,"5,1",60
RoomTuristValencia Torres de Quart,4565643,NA,Valencia,1,1,€ 25,2019/11/28,2019/11/29,0,"4,5",60
Apartamentos Turia,355328,Apartamentos,Valencia,1,1,NA,2019/11/28,2019/11/29,0,"8,7",60
Guest House Duc de Gaeta,2275007,NA,Valencia,1,1,€ 28,2019/11/28,2019/11/29,0,"4,9",60
RoomTuristValencia RuzafaSumsi,4682802,NA,Valencia,1,1,€ 40,2019/11/28,2019/11/29,0,"4,6",60
Malvarosa,3820590,Apartamento,Valencia,1,1,€ 90,2019/11/28,2019/11/29,0,"4,1",60
Apartamento Islas Canarias,2304086,Apartamento,Valencia,1,1,€ 48,2019/11/28,2019/11/29,0,"3,8",60
Bright room with trundle bed,5560260,NA,Valencia,1,1,€ 46,2019/11/28,2019/11/29,0,,60
Lindala,5250762,NA,Valencia,1,1,€ 49,2019/11/28,2019/11/29,0,,60
Living Valencia Peydro,1803435,Apartamento,Valencia,1,1,NA,2019/11/28,2019/11/29,0,"8,6",60
Aventura Valencia 2,5604325,NA,Valencia,1,1,€ 50,2019/11/28,2019/11/29,0,,60
vosotros sereis parte de mi familia.,5299568,NA,Valencia,1,1,€ 50,2019/11/28,2019/11/29,0,,60
Casual de las Artes Valencia,538056,NA,Valencia,1,1,€ 77,2019/11/28,2019/11/29,3,"8,4",60
NH Ciudad de Valencia,90729,NA,Valencia,1,1,€ 77,2019/11/28,2019/11/29,3,"8,1",60
Habitación ático muy luminosa con baño y terraza,5292007,NA,Valencia,1,1,NA,2019/11/28,2019/11/29,0,"9,1",60
Habitaciones con encanto,5629632,NA,Valencia,1,1,€ 50,2019/11/28,2019/11/29,0,,60
Brugada home,5259150,NA,Valencia,1,1,€ 55,2019/11/28,2019/11/29,0,,60
Rooms El Picolino,5326859,NA,Valencia,1,1,€ 55,2019/11/28,2019/11/29,0,,60
Cabanyal Beach Apartment,5638868,Apartamento,Valencia,1,1,€ 55,2019/11/28,2019/11/29,0,,60
Apartamento Ciudad de las Artes y las Ciencias,4353552,Apartamento,Valencia,1,1,€ 78,2019/11/28,2019/11/29,0,"8,3",60
Primus Valencia,331871,NA,Valencia,1,1,€ 79,2019/11/28,2019/11/29,4,"8,3",60
Nanit Valencia Hostel,3913497,NA,Valencia,1,1,€ 80,2019/11/28,2019/11/29,0,"8,3",60
Preciosos Apartamentos en el Carmen,2918345,Apartamentos,Valencia,1,1,€ 88,2019/11/28,2019/11/29,0,"8,1",60
Sweet Hotel Renasa,274818,NA,Valencia,1,1,€ 89,2019/11/28,2019/11/29,3,8,60
Valencia Home,1638498,Apartamentos,Valencia,1,1,NA,2019/11/28,2019/11/29,0,"8,9",60
Hogar Dulce Hogar,5426607,NA,Valencia,1,1,€ 60,2019/11/28,2019/11/29,0,,60
Florista's Room en Valencia,5502152,NA,Valencia,1,1,€ 63,2019/11/28,2019/11/29,0,,60
Cabanyal Apartments Beach,5402234,Apartamento,Valencia,1,1,€ 65,2019/11/28,2019/11/29,0,,60
Valencia- habitacion,5366858,NA,Valencia,1,1,€ 65,2019/11/28,2019/11/29,0,,60
Bonito Apartamento- confortable y bien comunicado,5572090,Apartamento,Valencia,1,1,€ 68,2019/11/28,2019/11/29,0,,60
Cabanyal Apartment con patio,4323384,Apartamento,Valencia,1,1,€ 69,2019/11/28,2019/11/29,0,,60
Atarazanas Flat,4570058,Apartamento,Valencia,1,1,NA,2019/11/28,2019/11/29,0,"8,8",60
Habitación en Valencia,5477394,NA,Valencia,1,1,€ 72,2019/11/28,2019/11/29,0,,60
Silken Puerta Valencia,91182,NA,Valencia,1,1,€ 89,2019/11/28,2019/11/29,4,"8,3",60
My Loft 4 You Ruzafa Style II,3208552,Apartamento,Valencia,1,1,NA,2019/11/28,2019/11/29,0,"9,3",60
Hotel Conqueridor,91047,NA,Valencia,1,1,€ 90,2019/11/28,2019/11/29,4,"8,4",60
Loft Turia Gran,5133726,Apartamento,Valencia,1,1,€ 80,2019/11/28,2019/11/29,0,,60
Hotel Cosmo,4838858,NA,Valencia,1,1,€ 94,2019/11/28,2019/11/29,3,,60
Kirei Apartment Dublin,4639542,Apartamento,Valencia,1,1,€ 96,2019/11/28,2019/11/29,0,,60
Casa Adosada Quintero,5481770,Casa o chalet,Valencia,1,1,€ 99,2019/11/28,2019/11/29,0,,60
Holiday Inn Express Ciudad de las Ciencias,96737,NA,Valencia,1,1,€ 90,2019/11/28,2019/11/29,3,8,60
Apartamento Plaza Sainetero,2743838,Apartamento,Valencia,1,1,€ 93,2019/11/28,2019/11/29,0,"8,2",60
Patacona Green Flats,292996,Apartamentos,Valencia,1,1,€ 45,2019/11/28,2019/11/29,0,"7,6",60
Valencia Lounge Hostel,337203,NA,Valencia,1,1,€ 46,2019/11/28,2019/11/29,0,"7,7",60
MD Modern Hotel - Jardines,305447,NA,Valencia,1,1,€ 96,2019/11/28,2019/11/29,1,"8,3",60
Apartment Valencia,348555,Apartamentos,Valencia,1,1,€ 99,2019/11/28,2019/11/29,0,8,60
Friendly Rentals Puerto Deportivo,2317861,Apartamentos,Valencia,1,1,€ 110,2019/11/28,2019/11/29,0,"8,2",60
Apartamento Las Torres,2223557,Apartamento,Valencia,1,1,NA,2019/11/28,2019/11/29,0,"9,1",60
Valencia City Host,1177077,NA,Valencia,1,1,€ 47,2019/11/28,2019/11/29,0,"7,8",60
Patacona Resort Apartments,189782,Apartamentos,Valencia,1,1,€ 48,2019/11/28,2019/11/29,0,"7,8",60
Calle de Frederica Montseny 'Política' Casa o chalet,5152866,Casa o chalet,Valencia,1,1,€ 95,2019/11/28,2019/11/29,0,"9,4",60
Teixidors de Palomar,2639791,Apartamentos,Valencia,1,1,€ 99,2019/11/28,2019/11/29,0,"9,4",60
Casa Vich,4457634,Apartamento,Valencia,1,1,NA,2019/11/28,2019/11/29,0,"9,6",60
Sorolla Centro,90896,NA,Valencia,1,1,€ 99,2019/11/28,2019/11/29,3,"9,1",60
Hi Valencia Apartments - Jorge Juan,2373701,Apartamento,Valencia,1,1,€ 100,2019/11/28,2019/11/29,0,"9,4",60
ValentiaApartments - MercadoCentral,4185241,Apartamentos,Valencia,1,1,€ 150,2019/11/28,2019/11/29,0,"8,8",60
Hospes Palau de La Mar,93823,NA,Valencia,1,1,€ 153,2019/11/28,2019/11/29,5,"8,8",60
Sun Apartament Valencia @ City Arts & Sciences + Parking,3287719,Apartamento,Valencia,1,1,NA,2019/11/28,2019/11/29,0,"9,1",60
Maestro Rodrigo Apartment,3494154,Apartamento,Valencia,1,1,NA,2019/11/28,2019/11/29,0,"9,4",60
Apartamentos Sollana 18 Cerca de les Arts i les Ciencies Valencia- FREE WI-FI,5232423,Apartamento,Valencia,1,1,€ 116,2019/11/28,2019/11/29,0,"8,1",60
Eurostars Rey Don Jaime,91520,NA,Valencia,1,1,€ 116,2019/11/28,2019/11/29,4,"8,2",60
Carrer de María Montessori,3272386,Apartamento,Valencia,1,1,€ 120,2019/11/28,2019/11/29,0,"8,2",60
Vincci Palace,94163,NA,Valencia,1,1,€ 154,2019/11/28,2019/11/29,4,"8,6",60
Apartamento Casa con Angel,1079935,Apartamentos,Valencia,1,1,€ 155,2019/11/28,2019/11/29,0,"8,8",60
Apartamento Privado Próximo a Playa y Ciencias,3783163,Apartamento,Valencia,1,1,€ 120,2019/11/28,2019/11/29,0,"8,1",60
Friendly Rentals Gimenez,1634242,Apartamento,Valencia,1,1,€ 125,2019/11/28,2019/11/29,0,"8,2",60
Tryp Valencia Feria,92852,NA,Valencia,1,1,€ 126,2019/11/28,2019/11/29,4,"8,3",60
Vincci Lys,91183,NA,Valencia,1,1,€ 158,2019/11/28,2019/11/29,4,"8,9",60
Friendly Rentals Vives 2,2523871,Apartamento,Valencia,1,1,€ 160,2019/11/28,2019/11/29,0,"8,7",60
Puerta de Serranos,2734333,Apartamentos,Valencia,1,1,€ 161,2019/11/28,2019/11/29,0,"8,8",60
The Westin Valencia,93321,NA,Valencia,1,1,€ 183,2019/11/28,2019/11/29,5,"8,7",60
BUBUSUITES by Bubuflats,2389776,NA,Valencia,1,1,€ 100,2019/11/28,2019/11/29,0,"9,3",60
Mon Suites San Martin,2777545,Apartamentos,Valencia,1,1,€ 101,2019/11/28,2019/11/29,0,"9,4",60
Piso como en tu casa 2,3834617,Apartamentos,Valencia,1,1,€ 101,2019/11/28,2019/11/29,0,"9,1",60
better Oh!,4843954,Apartamentos,Valencia,1,1,NA,2019/11/28,2019/11/29,0,"9,2",60
Carlos & Ana,2079019,Apartamento,Valencia,1,1,€ 195,2019/11/28,2019/11/29,0,"8,9",60
Canela`s Vintage Ruzafa Centro,4652584,Apartamento,Valencia,1,1,€ 200,2019/11/28,2019/11/29,0,"8,5",60
Exclusive Beach Apartment,4641691,Apartamento,Valencia,1,1,€ 205,2019/11/28,2019/11/29,0,"8,9",60
Rio Turia B&B,5531073,NA,Valencia,1,1,€ 48,2019/11/28,2019/11/29,0,"7,6",60
United Colors of Studios - Mercado Central,2574108,Apartamentos,Valencia,1,1,€ 49,2019/11/28,2019/11/29,0,"7,8",60
One Shot Mercat 09,2274203,NA,Valencia,1,1,€ 101,2019/11/28,2019/11/29,4,"9,1",60
L'Esplai Valencia Bed & Breakfast,1282556,NA,Valencia,1,1,NA,2019/11/28,2019/11/29,0,"9,6",60
Biopark View Apartment,2381901,Apartamento,Valencia,1,1,€ 102,2019/11/28,2019/11/29,0,9,60
Apartamentos La más Bonita,2816245,Apartamentos,Valencia,1,1,€ 104,2019/11/28,2019/11/29,0,"9,1",60
Forn desamparats,2380447,Apartamento,Valencia,1,1,€ 105,2019/11/28,2019/11/29,0,"9,4",60
Apartamento centro frente a Torres de Serrano,3408067,Apartamento,Valencia,1,1,€ 105,2019/11/28,2019/11/29,0,"9,4",60
5 SENSES,3786890,Apartamento,Valencia,1,1,€ 107,2019/11/28,2019/11/29,0,"9,2",60
OCEANOGRAFIC APARTMENT. PARKING. WI-FI,3107716,Apartamentos,Valencia,1,1,€ 110,2019/11/28,2019/11/29,0,9,60
Casa de Vacaciones Pintor Vilar,2093863,Apartamento,Valencia,1,1,€ 222,2019/11/28,2019/11/29,0,"8,9",60
SingularStays Parque Central,3054000,Apartamentos,Valencia,1,1,€ 278,2019/11/28,2019/11/29,0,"8,8",60
Flatsforyou Mercat,1367507,Apartamentos,Valencia,1,1,€ 280,2019/11/28,2019/11/29,3,"8,9",60
Olvida tu Reloj Congresos Apartment,2448036,Apartamento,Valencia,1,1,NA,2019/11/28,2019/11/29,0,"9,2",60
Apartamentos Abastos,1044426,Apartamentos,Valencia,1,1,€ 50,2019/11/28,2019/11/29,0,"7,5",60
Habitacion PLaza Ayuntamiento,4365340,NA,Valencia,1,1,€ 50,2019/11/28,2019/11/29,0,"7,5",60
Apartamento Playa Malvarrosa- Valencia,4214834,Apartamento,Valencia,1,1,NA,2019/11/28,2019/11/29,0,"9,3",60
Expo Hotel Valencia,91223,NA,Valencia,1,1,€ 53,2019/11/28,2019/11/29,3,"7,6",60
Precioso apartamento al lado de la playa,3370990,Apartamento,Valencia,1,1,NA,2019/11/28,2019/11/29,0,"9,2",60
NH Valencia Center,90727,NA,Valencia,1,1,€ 127,2019/11/28,2019/11/29,4,"8,3",60
Zerka Centro,4425975,Apartamentos,Valencia,1,1,€ 129,2019/11/28,2019/11/29,0,"8,3",60
Apartamento Obispo don Jerónimo,2079020,Apartamento,Valencia,1,1,€ 135,2019/11/28,2019/11/29,0,"8,2",60
Loft in ehemaligem Fischer Haus,2952760,Apartamento,Valencia,1,1,NA,2019/11/28,2019/11/29,0,"9,5",60
HQ Rooms Apartments San Vicente,2894429,Apartamentos,Valencia,1,1,€ 110,2019/11/28,2019/11/29,0,"9,2",60
"Piso ""Como en tu casa""",2689136,Apartamento,Valencia,1,1,€ 110,2019/11/28,2019/11/29,0,"9,2",60
Casual Socarrat Valencia,5142800,NA,Valencia,1,1,€ 111,2019/11/28,2019/11/29,3,"9,2",60
Center Valencia Youth Hostel,246931,NA,Valencia,1,1,€ 20,2019/11/28,2019/11/29,0,8,60
Habitación en valencia centro,5418023,NA,Valencia,1,1,€ 30,2019/11/28,2019/11/29,0,"8,2",60
Friendly Rentals Verdi,1634232,Apartamento,Valencia,1,1,€ 135,2019/11/28,2019/11/29,0,8,60
Friendly Rentals Telemann,1634241,Apartamento,Valencia,1,1,€ 145,2019/11/28,2019/11/29,0,"8,2",60
Habitacion Apartamento soleado Plaza Escultor Frechina,4865043,NA,Valencia,1,1,€ 50,2019/11/28,2019/11/29,0,"7,1",60
Centro Valencia Calle Cerrajeros,3476261,NA,Valencia,1,1,€ 50,2019/11/28,2019/11/29,0,"7,1",60
Hola Valencia - Holiday Apartments,2818140,Apartamentos,Valencia,1,1,NA,2019/11/28,2019/11/29,0,"8,8",60
PISO ACOGEDOR,4995780,NA,Valencia,1,1,€ 50,2019/11/28,2019/11/29,0,"7,1",60
Cosy Rooms Tapinería,371192,NA,Valencia,1,1,€ 54,2019/11/28,2019/11/29,2,"7,5",60
Como en casa,4802186,NA,Valencia,1,1,€ 54,2019/11/28,2019/11/29,0,"7,9",60
B&B Hi Valencia Canovas,305349,NA,Valencia,1,1,€ 38,2019/11/28,2019/11/29,0,"8,4",60
Purple Nest Hostel,25278,NA,Valencia,1,1,€ 40,2019/11/28,2019/11/29,0,"8,2",60
Habitacion Barata Valencia,3931013,NA,Valencia,1,1,€ 45,2019/11/28,2019/11/29,0,8,60
Habitacion por dias Centro Valencia,3977106,NA,Valencia,1,1,€ 55,2019/11/28,2019/11/29,0,"7,8",60
Casual de la Música Valencia,273130,NA,Valencia,1,1,€ 55,2019/11/28,2019/11/29,2,"7,5",60
Hotel Turia,14441,NA,Valencia,1,1,€ 59,2019/11/28,2019/11/29,4,"7,5",60
Casa tipica en la playa,2532733,Apartamento,Valencia,1,1,NA,2019/11/28,2019/11/29,0,"9,2",60
COZY APARTMENT VALENCIA CITY CENTER!,4886758,Apartamento,Valencia,1,1,€ 115,2019/11/28,2019/11/29,0,"9,3",60
MD Design Hotel - Portal del Real,2391685,NA,Valencia,1,1,€ 120,2019/11/28,2019/11/29,2,"9,1",60
Oceanográfico Apartments & Spa,324918,Apartamentos,Valencia,1,1,€ 59,2019/11/28,2019/11/29,0,"7,5",60
Apartment close to park Marchalenes,4418670,Apartamento,Valencia,1,1,€ 120,2019/11/28,2019/11/29,0,"9,1",60
Central Apartment in Valencia with WIFI + Parking.,4557920,Apartamento,Valencia,1,1,NA,2019/11/28,2019/11/29,0,"9,6",60
Vincci Mercat,1279484,NA,Valencia,1,1,€ 123,2019/11/28,2019/11/29,4,9,60
El Globo,24498,NA,Valencia,1,1,€ 60,2019/11/28,2019/11/29,1,"7,8",60
Hostal Bisbal,235665,NA,Valencia,1,1,€ 60,2019/11/28,2019/11/29,1,"7,5",60
B&B Hotel Valencia Ciudad de las Ciencias,92242,NA,Valencia,1,1,€ 62,2019/11/28,2019/11/29,3,"7,5",60
Hostal Abastos,257057,NA,Valencia,1,1,€ 45,2019/11/28,2019/11/29,2,"8,2",60
Jardines del Turia - Espacioso apartamento,2734126,Apartamento,Valencia,1,1,NA,2019/11/28,2019/11/29,0,"9,1",60
Coroa del Mar,1549399,Apartamentos,Valencia,1,1,€ 54,2019/11/28,2019/11/29,0,"7,1",60
Cosy Rooms Embajador,369728,NA,Valencia,1,1,€ 56,2019/11/28,2019/11/29,2,"7,4",60
Jero Rooms,296743,NA,Valencia,1,1,€ 64,2019/11/28,2019/11/29,0,"7,7",60
Alex Apartment,1756374,Apartamento,Valencia,1,1,€ 65,2019/11/28,2019/11/29,0,"7,8",60
RUZAFA. Nice apartment and Terrace.,4368595,Apartamento,Valencia,1,1,NA,2019/11/28,2019/11/29,0,"9,3",60
Welcome Apartamentos Pintor Stolz 31 Valencia,5019066,Apartamento,Valencia,1,1,€ 124,2019/11/28,2019/11/29,0,"9,1",60
Apartamentos Valencia - Brazil 31 Free WiFi,4948554,Apartamento,Valencia,1,1,€ 125,2019/11/28,2019/11/29,0,9,60
Live in Chianti Apartaments,2882632,Apartamentos,Valencia,1,1,€ 128,2019/11/28,2019/11/29,0,"9,1",60
MYR Hotel Plaza Mercado & Spa,1619029,Apartahotel,Valencia,1,1,€ 131,2019/11/28,2019/11/29,0,"9,2",60
Plaza Redonda house.,4399973,NA,Valencia,1,1,€ 59,2019/11/28,2019/11/29,0,"7,4",60
Central Station Valencia Hostel,1647017,NA,Valencia,1,1,€ 59,2019/11/28,2019/11/29,0,"7,1",60
Malvarrosa Beach Rooms,314048,NA,Valencia,1,1,€ 60,2019/11/28,2019/11/29,2,7,60
Burjassot Mestalla,3058627,Apartamento,Valencia,1,1,€ 85,2019/11/28,2019/11/29,0,"8,6",60
City Center Apartments,4426057,Apartamentos,Valencia,1,1,€ 72,2019/11/28,2019/11/29,0,"7,8",60
Apartamento Alguer,4005334,Apartamento,Valencia,1,1,€ 75,2019/11/28,2019/11/29,0,"7,6",60
El 16 Ruzafa,865461,Apartamentos,Valencia,1,1,€ 79,2019/11/28,2019/11/29,0,"7,7",60
Petit Palace Plaza de la Reina,90443,NA,Valencia,1,1,€ 86,2019/11/28,2019/11/29,3,"8,7",60
OCEANOGRAFIC DELUXE- PARKING- WI-FI,4095746,Apartamento,Valencia,1,1,NA,2019/11/28,2019/11/29,0,"9,2",60
SEA YOU HOTEL PORT VALENCIA,92328,NA,Valencia,1,1,€ 84,2019/11/28,2019/11/29,4,"7,7",60
Torres Quart,3702234,Apartamentos,Valencia,1,1,€ 87,2019/11/28,2019/11/29,0,"7,5",60
Sercotel Sorolla Palace,93646,NA,Valencia,1,1,€ 87,2019/11/28,2019/11/29,4,"8,6",60
Hotel Valencia Oceanic Managed by Melia Hotels International,91522,NA,Valencia,1,1,€ 88,2019/11/28,2019/11/29,4,"8,6",60
Hotel Villacarlos,90730,NA,Valencia,1,1,€ 47,2019/11/28,2019/11/29,3,8,60
Red Nest Hostel,92283,NA,Valencia,1,1,€ 49,2019/11/28,2019/11/29,0,"8,2",60
Apartamentos Marina Beach,2661874,Apartamentos,Valencia,1,1,€ 50,2019/11/28,2019/11/29,0,"8,2",60
Guillem Sorolla Apartment,2961464,Apartamento,Valencia,1,1,€ 89,2019/11/28,2019/11/29,0,"8,9",60
Perla Apartments,3146781,Apartamentos,Valencia,1,1,€ 90,2019/11/28,2019/11/29,0,"8,8",60
SKY TOURISTIC ATTIC,281640,Apartamentos,Valencia,1,1,€ 90,2019/11/28,2019/11/29,0,"8,5",60
Casa Mati,4217185,NA,Valencia,1,1,€ 50,2019/11/28,2019/11/29,0,"8,3",60
Up Town,2244083,Apartamentos,Valencia,1,1,€ 53,2019/11/28,2019/11/29,0,"8,2",60
Flatsforyou Sorolla House,403442,Apartamentos,Valencia,1,1,NA,2019/11/28,2019/11/29,0,"8,6",60
HOSTAL BED OF THE SEA,3974636,NA,Valencia,1,1,€ 61,2019/11/28,2019/11/29,0,"7,1",60
Plaza Sainetero Arniches,3984774,Apartamento,Valencia,1,1,€ 92,2019/11/28,2019/11/29,0,"8,5",60
Apartamento en la Ciudad de las Artes y las Ciencias,3552283,Apartamento,Valencia,1,1,NA,2019/11/28,2019/11/29,0,"9,4",60
LOFT apartamento duplex en Valencia con parking,5519008,Apartamento,Valencia,1,1,€ 65,2019/11/28,2019/11/29,0,"9,8",60
Valencian Apartment,2298621,Apartamento,Valencia,1,1,€ 94,2019/11/28,2019/11/29,0,"8,9",60
Les flors,3985046,Apartamento,Valencia,1,1,€ 95,2019/11/28,2019/11/29,0,"8,7",60
NWT Monserrat,3728842,Apartamentos,Valencia,1,1,€ 64,2019/11/28,2019/11/29,0,7,60
Beautiful early 20th century room,3563293,NA,Valencia,1,1,€ 64,2019/11/28,2019/11/29,0,"7,3",60
Catalonia Excelsior,90578,NA,Valencia,1,1,€ 95,2019/11/28,2019/11/29,3,"8,7",60
New Trendy apartment,2426154,Apartamento,Valencia,1,1,€ 95,2019/11/28,2019/11/29,0,"8,7",60
Accommodation Beach Apartments,1001766,Apartamentos,Valencia,1,1,€ 64,2019/11/28,2019/11/29,0,"7,2",60
Hostal la Barraca,350013,NA,Valencia,1,1,€ 65,2019/11/28,2019/11/29,0,"7,2",60
Casual Vintage Valencia,1710241,NA,Valencia,1,1,€ 98,2019/11/28,2019/11/29,2,"8,6",60
Melia Valencia,290493,NA,Valencia,1,1,€ 98,2019/11/28,2019/11/29,4,"8,8",60
Apartment Horticultor Bosch,1148669,Apartamentos,Valencia,1,1,€ 65,2019/11/28,2019/11/29,0,"7,3",60
SingularStays San Vicente,1423172,Apartamentos,Valencia,1,1,NA,2019/11/28,2019/11/29,0,"8,9",60
United Colors of Apartments Boutique Style,5372347,Apartamentos,Valencia,1,1,€ 69,2019/11/28,2019/11/29,0,"9,6",60
VALENCIA APARTAMENTO GOYA,4256653,Apartamento,Valencia,1,1,NA,2019/11/28,2019/11/29,0,10,60
Apartamento luminoso y acogedor,3489126,Apartamento,Valencia,1,1,€ 78,2019/11/28,2019/11/29,0,"9,4",60
Hostal Antigua Morellana,1273937,NA,Valencia,1,1,€ 80,2019/11/28,2019/11/29,1,"9,5",60
Russafa Youth Hostel,345134,NA,Valencia,1,1,€ 43,2019/11/28,2019/11/29,0,"8,6",60
Quart Youth Hostel,476418,NA,Valencia,1,1,€ 43,2019/11/28,2019/11/29,0,"8,6",60
Apartments Abate 4,2848648,Apartamentos,Valencia,1,1,NA,2019/11/28,2019/11/29,0,9,60
Hotel Mediterraneo Valencia,92412,NA,Valencia,1,1,€ 98,2019/11/28,2019/11/29,3,"8,8",60
Cosy Rooms Bolsería,371606,NA,Valencia,1,1,€ 68,2019/11/28,2019/11/29,2,"7,4",60
Mi casa es vuestra casa,4967097,NA,Valencia,1,1,€ 70,2019/11/28,2019/11/29,0,"7,1",60
Valencia Apartments,4367788,Apartamentos,Valencia,1,1,€ 78,2019/11/28,2019/11/29,0,7,60
Hotel Dimar,90886,NA,Valencia,1,1,€ 99,2019/11/28,2019/11/29,4,"8,7",60
Petit Palomar,2187491,Apartamentos,Valencia,1,1,€ 99,2019/11/28,2019/11/29,0,"8,9",60
BUBUFLATS / Mercat,783206,Apartamentos,Valencia,1,1,€ 100,2019/11/28,2019/11/29,0,"8,9",60
BUBUFLATS Mossén,1141763,Apartamentos,Valencia,1,1,€ 100,2019/11/28,2019/11/29,0,"8,9",60
Apartamentos Naranja y Limòn,2250906,Apartamentos,Valencia,1,1,NA,2019/11/28,2019/11/29,0,"9,3",60
Art&Flats Bed&Breakfast,5238345,NA,Valencia,1,1,€ 45,2019/11/28,2019/11/29,0,"8,9",60
Zalamera BnB,1331238,NA,Valencia,1,1,€ 48,2019/11/28,2019/11/29,0,"8,7",60
Apartments Calle Padre Damian,4523326,Apartamentos,Valencia,1,1,€ 80,2019/11/28,2019/11/29,0,"7,3",60
Valencia Apartmans El Carmen,847910,Apartamentos,Valencia,1,1,€ 87,2019/11/28,2019/11/29,0,"7,3",60
Avenida Cid,3633322,Apartamento,Valencia,1,1,€ 87,2019/11/28,2019/11/29,0,"7,3",60
Flats Friends Soho Suites,1819642,Apartamentos,Valencia,1,1,NA,2019/11/28,2019/11/29,0,"8,6",60
Ramirez Flats & Bar,4124528,Apartahotel,Valencia,1,1,€ 86,2019/11/28,2019/11/29,0,"9,5",60
Valencian Dreams Lonja,4757385,Apartamento,Valencia,1,1,€ 92,2019/11/28,2019/11/29,0,"9,8",60
Casa La Buhardilla,2985364,Apartamento,Valencia,1,1,€ 97,2019/11/28,2019/11/29,0,"9,6",60
Hulot B&B Valencia,585429,NA,Valencia,1,1,€ 49,2019/11/28,2019/11/29,0,"8,5",60
Aventura,5567318,Apartamentos,Valencia,1,1,€ 50,2019/11/28,2019/11/29,0,"8,5",60
UNIK. Apartments Valencia,2241282,Apartamentos,Valencia,1,1,€ 50,2019/11/28,2019/11/29,0,"8,5",60
Pio XII Apartments Valencia,402080,Apartamentos,Valencia,1,1,€ 51,2019/11/28,2019/11/29,0,"8,5",60
Bubuflats Bubu 3,1014334,Apartamentos,Valencia,1,1,€ 100,2019/11/28,2019/11/29,0,"9,6",60
Hexagonal Design Apartment Valencia,4630643,Apartamento,Valencia,1,1,NA,2019/11/28,2019/11/29,0,"9,5",60
Precioso piso junto al antiguo barrio de Campanar,3297078,Apartamento,Valencia,1,1,€ 100,2019/11/28,2019/11/29,0,"9,5",60
Apartments Downtown Valencia,2250421,Apartamentos,Valencia,1,1,€ 120,2019/11/28,2019/11/29,0,"9,6",60
El Coral Apartment Valencia,3606766,Apartamento,Valencia,1,1,€ 101,2019/11/28,2019/11/29,0,"8,7",60
Casa Isa,2683762,Apartamento,Valencia,1,1,NA,2019/11/28,2019/11/29,0,"9,2",60
One Shot Palacio Reina Victoria 04,90885,NA,Valencia,1,1,€ 101,2019/11/28,2019/11/29,4,"8,6",60
Lujoso Apartamento En El Carmen,2814452,Apartamento,Valencia,1,1,€ 88,2019/11/28,2019/11/29,0,"7,4",60
Vamos A la Playa,5030500,Apartamento,Valencia,1,1,€ 90,2019/11/28,2019/11/29,0,"7,3",60
Guest House Samuel Ros,4161855,NA,Valencia,1,1,€ 90,2019/11/28,2019/11/29,0,"7,3",60
La Casa dei Fiori,2849727,Apartamento,Valencia,1,1,€ 97,2019/11/28,2019/11/29,0,"7,1",60
AC Hotel Valencia,91063,NA,Valencia,1,1,€ 103,2019/11/28,2019/11/29,4,"8,5",60
Melia Plaza Valencia,13270,NA,Valencia,1,1,€ 105,2019/11/28,2019/11/29,4,"8,9",60
Kirei Apartment San Vicente,1774062,Apartamento,Valencia,1,1,€ 98,2019/11/28,2019/11/29,0,"7,4",60
Opera House Valencia B&B,3533887,NA,Valencia,1,1,€ 128,2019/11/28,2019/11/29,0,"9,5",60
Nest Style Valencia -Nueva apertura-,5219046,NA,Valencia,1,1,€ 129,2019/11/28,2019/11/29,3,"9,5",60
Ciudad Ciencias- Lujo- Parking- Wi-Fi.,4999636,Apartamento,Valencia,1,1,€ 130,2019/11/28,2019/11/29,0,"9,8",60
Olympia Flats,4212801,NA,Valencia,1,1,€ 70,2019/11/28,2019/11/29,0,"9,8",60
Barracart Apartments,2125836,Apartamentos,Valencia,1,1,NA,2019/11/28,2019/11/29,0,"9,6",60
Center Valencia,2944722,Casa o chalet,Valencia,1,1,NA,2019/11/28,2019/11/29,0,"9,3",60
Home Youth Hostel by Feetup Hostels,189322,NA,Valencia,1,1,€ 52,2019/11/28,2019/11/29,0,"8,8",60
SH Ingles Boutique Hotel,92956,NA,Valencia,1,1,€ 108,2019/11/28,2019/11/29,4,"8,5",60
Tranquilo Apartamento En Plaza Cisneros,3127388,Apartamento,Valencia,1,1,€ 111,2019/11/28,2019/11/29,0,"8,9",60
RUZAFA- CENTRO-A/C- WI-FI- PARKING,2885994,Apartamento,Valencia,1,1,€ 160,2019/11/28,2019/11/29,0,"9,7",60
MARQUÉS HOUSE 4* SUP,2118880,NA,Valencia,1,1,€ 169,2019/11/28,2019/11/29,4,"9,4",60
Disfruta - Enjoy Valencia Oceanografic,4121345,Apartamento,Valencia,1,1,€ 189,2019/11/28,2019/11/29,0,"9,6",60
Disfruta - Enjoy Valencia Ayuntamiento,4901194,Apartamento,Valencia,1,1,€ 189,2019/11/28,2019/11/29,0,"9,6",60
Balcón Al Mar,295109,NA,Valencia,1,1,€ 52,2019/11/28,2019/11/29,0,"8,5",60
Turia Town,4064373,Apartamentos,Valencia,1,1,€ 53,2019/11/28,2019/11/29,0,"8,8",60
València Centre Torres de Quart,886289,Apartamentos,Valencia,1,1,€ 54,2019/11/28,2019/11/29,0,"8,9",60
la casita,4333253,Apartamento,Valencia,1,1,€ 190,2019/11/28,2019/11/29,0,"9,8",60
Cantagua Hostel,4074640,NA,Valencia,1,1,€ 38,2019/11/28,2019/11/29,0,"9,1",60
Apartment Cisneros 2,2361375,Apartamento,Valencia,1,1,NA,2019/11/28,2019/11/29,0,"9,7",60
Buho House,3777691,Apartahotel,Valencia,1,1,€ 54,2019/11/28,2019/11/29,0,"8,5",60
Hotel Malcom and Barret,483261,NA,Valencia,1,1,€ 55,2019/11/28,2019/11/29,3,"8,7",60
Tramontana Apartments,1277215,Apartamentos,Valencia,1,1,NA,2019/11/28,2019/11/29,0,9,60
YOU & CO. Saler Beach Boutique,4533007,NA,Valencia,1,1,€ 44,2019/11/28,2019/11/29,3,"9,1",60
Hostal Venecia,92883,NA,Valencia,1,1,€ 60,2019/11/28,2019/11/29,2,"9,1",60
Blanq Comedias,4922002,NA,Valencia,1,1,€ 68,2019/11/28,2019/11/29,0,"9,1",60
B&B Hi Valencia Boutique,1301725,NA,Valencia,1,1,€ 56,2019/11/28,2019/11/29,0,"8,8",60
Apartamentos Plaza Picasso,97063,Apartamentos,Valencia,1,1,€ 57,2019/11/28,2019/11/29,0,"8,5",60
Bianca,4232781,Apartamento,Valencia,1,1,€ 69,2019/11/28,2019/11/29,0,9,60
Maison Reina B&B,5004812,NA,Valencia,1,1,€ 72,2019/11/28,2019/11/29,0,"9,2",60
Casa del Patriarca,364834,NA,Valencia,1,1,€ 57,2019/11/28,2019/11/29,0,"8,9",60
Apartamento Jesus De Medinaceli,1728697,Apartamentos,Valencia,1,1,€ 60,2019/11/28,2019/11/29,0,"8,6",60
Apartaments San Pio V,2456151,Apartamento,Valencia,1,1,€ 62,2019/11/28,2019/11/29,0,"8,8",60
ABCyou Bed&Breakfast,189207,NA,Valencia,1,1,€ 63,2019/11/28,2019/11/29,0,"8,5",60
Piso en Malvarrosa,2445244,Apartamentos,Valencia,1,1,NA,2019/11/28,2019/11/29,0,9,60
Hi Valencia Cánovas,4312120,Apartamentos,Valencia,1,1,€ 63,2019/11/28,2019/11/29,0,"8,9",60
València Centre Túria,2185255,Apartamento,Valencia,1,1,€ 66,2019/11/28,2019/11/29,0,"8,8",60
Lotelito,570027,NA,Valencia,1,1,€ 66,2019/11/28,2019/11/29,0,"8,9",60
Jardín Botánico Hotel Boutique,93369,NA,Valencia,1,1,€ 66,2019/11/28,2019/11/29,3,"8,9",60
Valencia city,3673068,Apartamentos,Valencia,1,1,€ 67,2019/11/28,2019/11/29,0,"8,7",60
