name,propertyId,propertyType,city,rooms,days,price,checkIn,checkOut,stars,score,advance
Nest Style Valencia -Nueva apertura-,5219046,NA,Valencia,1,1,€ 124,2019/09/20,2019/09/21,3,"9,7",7
Barracart Apartments,2125836,Apartamentos,Valencia,1,1,€ 126,2019/09/20,2019/09/21,0,"9,6",7
VALENCIA APARTAMENTO GOYA,4256653,Apartamento,Valencia,1,1,NA,2019/09/20,2019/09/21,0,10,7
Disfruta - Enjoy Valencia Oceanografic,4121345,Apartamento,Valencia,1,1,€ 149,2019/09/20,2019/09/21,0,"9,6",7
Disfruta - Enjoy Valencia Centre,3881970,Apartamento,Valencia,1,1,€ 149,2019/09/20,2019/09/21,0,"9,8",7
Ramirez Flats & Bar,4124528,Apartahotel,Valencia,1,1,€ 180,2019/09/20,2019/09/21,0,"9,5",7
Cantagua Hostel,4074640,NA,Valencia,1,1,€ 53,2019/09/20,2019/09/21,0,"9,1",7
Habitación privada a 1500 metros de la playa,3789910,NA,Valencia,1,1,€ 60,2019/09/20,2019/09/21,0,"9,2",7
YOU & CO. Saler Beach Boutique,4533007,NA,Valencia,1,1,€ 76,2019/09/20,2019/09/21,3,"9,1",7
Espai One Santa Mónica,5471724,Apartamento,Valencia,1,1,NA,2019/09/20,2019/09/21,0,10,7
APARTAMENTO CENTRO- RUZAFA. WI-FI. PARKING,3144104,Apartamento,Valencia,1,1,€ 100,2019/09/20,2019/09/21,0,"9,3",7
agave flat,2793399,Apartamento,Valencia,1,1,€ 100,2019/09/20,2019/09/21,0,9,7
Original Domino House,5434091,NA,Valencia,1,1,€ 105,2019/09/20,2019/09/21,0,"9,3",7
OttoH Charm Stay,2459807,NA,Valencia,1,1,€ 109,2019/09/20,2019/09/21,0,"9,3",7
Rooms Ciencias,94126,NA,Valencia,1,1,€ 115,2019/09/20,2019/09/21,0,9,7
Valenciaflats Ciudad de las Ciencias,93676,Apartamentos,Valencia,1,1,€ 115,2019/09/20,2019/09/21,0,"9,1",7
MerKat-Abastos,1231196,Apartamento,Valencia,1,1,NA,2019/09/20,2019/09/21,0,"9,7",7
MD Puerto Rico Apartment Ruzafa,3737151,Apartamento,Valencia,1,1,€ 297,2019/09/20,2019/09/21,0,"7,4",7
Ruzafa Rooms,2891693,NA,Valencia,1,1,€ 48,2019/09/20,2019/09/21,0,"6,9",7
APARTAMENTO DE DISEÑO EN PLAZA MANISES,2823390,Apartamento,Valencia,1,1,NA,2019/09/20,2019/09/21,0,"9,7",7
Blanq Comedias,4922002,NA,Valencia,1,1,€ 126,2019/09/20,2019/09/21,0,"9,1",7
Hi Valencia Cánovas,4312120,Apartamentos,Valencia,1,1,€ 129,2019/09/20,2019/09/21,0,9,7
Luxury Beachfront Apartment,4107747,Apartamento,Valencia,1,1,€ 130,2019/09/20,2019/09/21,0,9,7
PISO ACOGEDOR,4995780,NA,Valencia,1,1,€ 50,2019/09/20,2019/09/21,0,"6,9",7
Casita Esmeralda,2040126,Casa o chalet,Valencia,1,1,€ 139,2019/09/20,2019/09/21,0,"6,5",7
Hotel Valencia Alameda,4019381,NA,Valencia,1,1,€ 131,2019/09/20,2019/09/21,4,"9,3",7
HQ Rooms Apartments San Vicente,2894429,Apartamentos,Valencia,1,1,€ 131,2019/09/20,2019/09/21,0,"9,2",7
Loft zona Pechina en Valencia centro,2524985,Apartamento,Valencia,1,1,€ 138,2019/09/20,2019/09/21,0,"9,2",7
Apartments Downtown Valencia,2250421,Apartamentos,Valencia,1,1,NA,2019/09/20,2019/09/21,0,"9,6",7
Mon Suites San Nicolas,4117225,Apartamentos,Valencia,1,1,€ 143,2019/09/20,2019/09/21,0,"9,2",7
Select Home Mercado Central,440757,Apartamentos,Valencia,1,1,€ 160,2019/09/20,2019/09/21,0,"6,8",7
Carrer del Bisbe Jaume Pérez,4900140,NA,Valencia,1,1,€ 55,2019/09/20,2019/09/21,0,6,7
Home Sweet Home,1223953,NA,Valencia,1,1,€ 60,2019/09/20,2019/09/21,0,"5,5",7
RoomTuristValencia - Ruzafa,4608394,NA,Valencia,1,1,€ 62,2019/09/20,2019/09/21,0,"5,6",7
MD Design Hotel - Portal del Real,2391685,NA,Valencia,1,1,€ 147,2019/09/20,2019/09/21,2,"9,1",7
Soho Valencia,1538641,Apartahotel,Valencia,1,1,€ 149,2019/09/20,2019/09/21,0,9,7
Kasa Katia Eco Guest House,636256,NA,Valencia,1,1,€ 150,2019/09/20,2019/09/21,0,"9,4",7
Valenciaflats Centro Ciudad,18544,Apartamentos,Valencia,1,1,€ 150,2019/09/20,2019/09/21,0,"9,2",7
RUZAFA- CENTRO-A/C- WI-FI- PARKING,2885994,Apartamento,Valencia,1,1,NA,2019/09/20,2019/09/21,0,"9,7",7
Oliver,4865093,NA,Valencia,1,1,€ 73,2019/09/20,2019/09/21,0,"5,8",7
Ruzafa Guesthouse,2269176,NA,Valencia,1,1,€ 81,2019/09/20,2019/09/21,0,"5,6",7
Guest House Torres de Quart,2275006,NA,Valencia,1,1,€ 43,2019/09/20,2019/09/21,0,"5,4",7
RoomTuristValencia Estacion del Norte,4682632,NA,Valencia,1,1,€ 50,2019/09/20,2019/09/21,0,"5,3",7
Guest House Ruzafa,2324552,NA,Valencia,1,1,€ 85,2019/09/20,2019/09/21,0,"5,3",7
Guesthouse Plaza de Toros,2985902,NA,Valencia,1,1,€ 33,2019/09/20,2019/09/21,0,"4,9",7
Apartamento Bolseria 28,881275,Apartamentos,Valencia,1,1,NA,2019/09/20,2019/09/21,0,"9,5",7
RoomTuristValencia Torres de Quart,4565643,NA,Valencia,1,1,€ 34,2019/09/20,2019/09/21,0,"4,5",7
Guest House Duc de Gaeta,2275007,NA,Valencia,1,1,€ 59,2019/09/20,2019/09/21,0,"4,9",7
RoomTuristValencia RuzafaSumsi,4682802,NA,Valencia,1,1,€ 90,2019/09/20,2019/09/21,0,"4,6",7
Port of Valencia,3805735,Apartamento,Valencia,1,1,€ 150,2019/09/20,2019/09/21,0,"4,9",7
Constitucion Guesthouse,2985942,NA,Valencia,1,1,€ 34,2019/09/20,2019/09/21,0,"3,5",7
Aventura,5567318,Apartamentos,Valencia,1,1,€ 40,2019/09/20,2019/09/21,0,,7
Apartments Torres de Serranos Valencia,1099602,Apartamentos,Valencia,1,1,NA,2019/09/20,2019/09/21,0,"9,6",7
Bright room with trundle bed,5560260,NA,Valencia,1,1,€ 46,2019/09/20,2019/09/21,0,,7
vosotros sereis parte de mi familia.,5299568,NA,Valencia,1,1,€ 50,2019/09/20,2019/09/21,0,,7
Hogar Dulce Hogar,5426607,NA,Valencia,1,1,€ 60,2019/09/20,2019/09/21,0,,7
Attic Rooms in Botánico,5522932,NA,Valencia,1,1,€ 65,2019/09/20,2019/09/21,0,,7
Mi casa es vuestra casa,4967097,NA,Valencia,1,1,€ 70,2019/09/20,2019/09/21,0,,7
Habitación en Valencia,5477394,NA,Valencia,1,1,€ 72,2019/09/20,2019/09/21,0,,7
Apartment Sofi,2830696,Apartamento,Valencia,1,1,NA,2019/09/20,2019/09/21,0,"9,8",7
casa la tranquilidad,5516825,NA,Valencia,1,1,€ 120,2019/09/20,2019/09/21,0,,7
CASA MARQUES DE CARO,4472176,Apartamento,Valencia,1,1,€ 139,2019/09/20,2019/09/21,0,,7
Valencia Puerto Beach 3BD Apartment,5249773,Apartamento,Valencia,1,1,€ 144,2019/09/20,2019/09/21,0,,7
Governor Residence,3799760,Apartahotel,Valencia,1,1,€ 600,2019/09/20,2019/09/21,0,,7
Gulet Why Not,5199364,NA,Valencia,1,1,€ 3.600,2019/09/20,2019/09/21,0,,7
Hotel Valencia Center,91285,NA,Valencia,1,1,€ 119,2019/09/20,2019/09/21,4,"8,4",7
United Colors of Apartments - Catedral,1301545,Apartamentos,Valencia,1,1,€ 119,2019/09/20,2019/09/21,0,"8,2",7
Centro en Valencia,2885222,Apartamento,Valencia,1,1,NA,2019/09/20,2019/09/21,0,"9,5",7
Ilunion Valencia 4,754329,NA,Valencia,1,1,€ 121,2019/09/20,2019/09/21,4,"8,1",7
Eurostars Gran Valencia,90484,NA,Valencia,1,1,€ 125,2019/09/20,2019/09/21,4,"8,4",7
Sweet Hotel Continental,93856,NA,Valencia,1,1,€ 129,2019/09/20,2019/09/21,2,"8,3",7
Ilunion Aqua 3,92776,NA,Valencia,1,1,€ 139,2019/09/20,2019/09/21,3,"8,3",7
Sweet Hotel Renasa,274818,NA,Valencia,1,1,€ 139,2019/09/20,2019/09/21,3,8,7
Hotel Medium Valencia,96838,NA,Valencia,1,1,€ 140,2019/09/20,2019/09/21,4,"8,2",7
Casa Botànic - Céntrico y con comodidades,4218273,Apartamento,Valencia,1,1,NA,2019/09/20,2019/09/21,0,"9,8",7
Tryp Valencia Feria,92852,NA,Valencia,1,1,€ 143,2019/09/20,2019/09/21,4,"8,4",7
Holiday Inn Express Ciudad de las Ciencias,96737,NA,Valencia,1,1,€ 144,2019/09/20,2019/09/21,3,8,7
Flatsforyou Las Arcadias,473415,Apartamentos,Valencia,1,1,€ 150,2019/09/20,2019/09/21,0,"8,4",7
Apartamento Gran Vía Marqués del Turia,2358973,Apartamento,Valencia,1,1,€ 159,2019/09/20,2019/09/21,0,"8,4",7
Hotel Conqueridor,91047,NA,Valencia,1,1,€ 160,2019/09/20,2019/09/21,4,"8,4",7
Apartamento cerca de la playa y Ciudad de las Ciencias,4576062,Apartamento,Valencia,1,1,€ 169,2019/09/20,2019/09/21,0,"8,1",7
Lounge by the sea,4756780,Apartamento,Valencia,1,1,NA,2019/09/20,2019/09/21,0,"9,8",7
Zerka Centro,4425975,Apartamentos,Valencia,1,1,€ 219,2019/09/20,2019/09/21,0,"8,3",7
MD Benlliure Beach.,1957258,Apartamento,Valencia,1,1,€ 287,2019/09/20,2019/09/21,0,8,7
Musico Peydro Apartments,3765069,Apartamentos,Valencia,1,1,€ 297,2019/09/20,2019/09/21,0,8,7
Habitación San Cayetano,4624401,NA,Valencia,1,1,€ 45,2019/09/20,2019/09/21,0,"7,7",7
Pensión Universal,304276,NA,Valencia,1,1,€ 46,2019/09/20,2019/09/21,0,"7,9",7
Voyagers Inn Homestay,2682156,NA,Valencia,1,1,€ 48,2019/09/20,2019/09/21,0,"7,8",7
Stay at Valencia Downtown,1840715,Apartamento,Valencia,1,1,NA,2019/09/20,2019/09/21,0,"9,6",7
Valencia City Host,1177077,NA,Valencia,1,1,€ 49,2019/09/20,2019/09/21,0,"7,8",7
UP Hostel Valencia,1710137,NA,Valencia,1,1,€ 51,2019/09/20,2019/09/21,0,"7,8",7
Valencia Lounge Hostel,337203,NA,Valencia,1,1,€ 61,2019/09/20,2019/09/21,0,"7,8",7
Habitacion por dias Centro Valencia,3977106,NA,Valencia,1,1,€ 64,2019/09/20,2019/09/21,0,"7,9",7
Checkin Valencia,93743,NA,Valencia,1,1,€ 80,2019/09/20,2019/09/21,4,"7,8",7
Valenciaflats Centro Histórico,94781,Apartamentos,Valencia,1,1,€ 105,2019/09/20,2019/09/21,0,"8,7",7
Hotel Valencia Oceanic Managed by Melia Hotels International,91522,NA,Valencia,1,1,€ 107,2019/09/20,2019/09/21,4,"8,6",7
La Casa Verde - Ruzafa,2029143,Apartamento,Valencia,1,1,NA,2019/09/20,2019/09/21,0,"9,7",7
B&B Almirante,369695,NA,Valencia,1,1,€ 110,2019/09/20,2019/09/21,1,"8,8",7
BUBUFLATS Mossén,1141763,Apartamentos,Valencia,1,1,€ 110,2019/09/20,2019/09/21,0,"8,9",7
Melia Valencia,290493,NA,Valencia,1,1,€ 115,2019/09/20,2019/09/21,4,"8,8",7
Sercotel Sorolla Palace,93646,NA,Valencia,1,1,€ 119,2019/09/20,2019/09/21,4,"8,6",7
Quart Youth Hostel,476418,NA,Valencia,1,1,€ 120,2019/09/20,2019/09/21,0,"8,6",7
Hotel Kramer,91106,NA,Valencia,1,1,€ 125,2019/09/20,2019/09/21,3,"8,8",7
Atico Loft Ruzafa,3152977,Apartamento,Valencia,1,1,NA,2019/09/20,2019/09/21,0,"9,7",7
Casual del Cine Valencia,572187,NA,Valencia,1,1,€ 128,2019/09/20,2019/09/21,2,"8,6",7
Apartamentos Plaza Picasso,97063,Apartamentos,Valencia,1,1,€ 129,2019/09/20,2019/09/21,0,"8,5",7
Blanq Carmen Hotel,97069,NA,Valencia,1,1,€ 131,2019/09/20,2019/09/21,3,"8,7",7
Flatsforyou Ruzafa,3342696,Apartamentos,Valencia,1,1,€ 140,2019/09/20,2019/09/21,0,"8,8",7
Pio XII Apartments Valencia,402080,Apartamentos,Valencia,1,1,€ 144,2019/09/20,2019/09/21,0,"8,5",7
Citizentral Gascons,332095,Apartamentos,Valencia,1,1,€ 147,2019/09/20,2019/09/21,0,"8,8",7
Luxury Center Plaza Redonda,5138960,Apartamento,Valencia,1,1,NA,2019/09/20,2019/09/21,0,"9,8",7
Ilunion Aqua 4,92777,NA,Valencia,1,1,€ 149,2019/09/20,2019/09/21,4,"8,5",7
Hotel Mediterraneo Valencia,92412,NA,Valencia,1,1,€ 153,2019/09/20,2019/09/21,3,"8,8",7
Barceló Valencia,91988,NA,Valencia,1,1,€ 155,2019/09/20,2019/09/21,4,"8,7",7
AC Hotel Valencia- a Marriott Lifestyle Hotel,91063,NA,Valencia,1,1,€ 156,2019/09/20,2019/09/21,4,"8,5",7
Petit Palace Ruzafa,90792,NA,Valencia,1,1,€ 157,2019/09/20,2019/09/21,3,"8,7",7
One Shot Colón 46,1394168,NA,Valencia,1,1,€ 159,2019/09/20,2019/09/21,3,"8,7",7
Central Park Apartment Valencia,3881533,Apartamento,Valencia,1,1,NA,2019/09/20,2019/09/21,0,"9,5",7
Melia Plaza Valencia,13270,NA,Valencia,1,1,€ 165,2019/09/20,2019/09/21,4,"8,9",7
Lotelito,570027,NA,Valencia,1,1,€ 170,2019/09/20,2019/09/21,0,"8,9",7
Biopark View Apartment,2381901,Apartamento,Valencia,1,1,€ 175,2019/09/20,2019/09/21,0,"8,9",7
One Shot Palacio Reina Victoria 04,90885,NA,Valencia,1,1,€ 189,2019/09/20,2019/09/21,4,"8,6",7
SH Valencia Palace,91497,NA,Valencia,1,1,€ 190,2019/09/20,2019/09/21,5,"8,5",7
Vincci Lys,91183,NA,Valencia,1,1,€ 220,2019/09/20,2019/09/21,4,"8,9",7
Bruno Apartment,2715023,Apartamento,Valencia,1,1,NA,2019/09/20,2019/09/21,0,"9,7",7
Zenit Valencia,92327,NA,Valencia,1,1,€ 225,2019/09/20,2019/09/21,4,"8,8",7
AC Hotel Colon Valencia- a Marriott Lifestyle Hotel,1117150,NA,Valencia,1,1,€ 237,2019/09/20,2019/09/21,4,"8,7",7
Cathedral Suites Hotel,1736257,Apartahotel,Valencia,1,1,€ 288,2019/09/20,2019/09/21,4,"8,9",7
Vincci Palace,94163,NA,Valencia,1,1,€ 330,2019/09/20,2019/09/21,4,"8,6",7
Hospes Palau de La Mar,93823,NA,Valencia,1,1,€ 522,2019/09/20,2019/09/21,5,"8,8",7
The Westin Valencia,93321,NA,Valencia,1,1,€ 955,2019/09/20,2019/09/21,5,"8,7",7
Opera House Valencia B&B,3533887,NA,Valencia,1,1,NA,2019/09/20,2019/09/21,0,"9,5",7
Center Valencia Youth Hostel,246931,NA,Valencia,1,1,€ 34,2019/09/20,2019/09/21,0,8,7
Purple Nest Hostel,25278,NA,Valencia,1,1,€ 40,2019/09/20,2019/09/21,0,"8,1",7
Red Nest Hostel,92283,NA,Valencia,1,1,€ 50,2019/09/20,2019/09/21,0,"8,2",7
Como en casa,4802186,NA,Valencia,1,1,€ 54,2019/09/20,2019/09/21,0,"8,1",7
Pension MonaLisa Luxury Suites,3834224,NA,Valencia,1,1,€ 60,2019/09/20,2019/09/21,0,"8,2",7
Hostal Abastos,257057,NA,Valencia,1,1,€ 60,2019/09/20,2019/09/21,2,"8,2",7
L'Otelet By Sweet,1467935,NA,Valencia,1,1,€ 64,2019/09/20,2019/09/21,0,"8,3",7
Eurostars Rey Don Jaime,91520,NA,Valencia,1,1,€ 71,2019/09/20,2019/09/21,4,"8,2",7
City Suites Apartments,3091106,NA,Valencia,1,1,€ 74,2019/09/20,2019/09/21,0,"8,4",7
B&B Hi Valencia Canovas,305349,NA,Valencia,1,1,€ 79,2019/09/20,2019/09/21,0,"8,4",7
Silken Puerta Valencia,91182,NA,Valencia,1,1,€ 89,2019/09/20,2019/09/21,4,"8,3",7
Very central and sunny apartment in Gran Via,3398190,Apartamentos,Valencia,1,1,€ 91,2019/09/20,2019/09/21,0,"8,4",7
MD Modern Hotel - Jardines,305447,NA,Valencia,1,1,€ 95,2019/09/20,2019/09/21,1,"8,3",7
Senator Parque Central Hotel,274963,NA,Valencia,1,1,€ 97,2019/09/20,2019/09/21,4,"8,1",7
Valenciaflats Torres de Serrano,17468,Apartamentos,Valencia,1,1,€ 105,2019/09/20,2019/09/21,0,"8,3",7
NH Valencia Las Artes,90731,NA,Valencia,1,1,€ 108,2019/09/20,2019/09/21,4,"8,4",7
NH Valencia Las Ciencias,90725,NA,Valencia,1,1,€ 117,2019/09/20,2019/09/21,3,8,7
Dormavalencia Hostel Regne,291755,NA,Valencia,1,1,€ 118,2019/09/20,2019/09/21,1,8,7
