name,propertyId,propertyType,city,rooms,days,price,checkIn,checkOut,stars,score,advance
Malvarosa,3820590,Apartamento,Valencia,1,1,€ 170,2019/10/06,2019/10/07,0,"4,1",14
Constitucion Guesthouse,2985942,NA,Valencia,1,1,€ 30,2019/10/06,2019/10/07,0,"3,5",14
MOM La Punta,3105661,NA,Valencia,1,1,NA,2019/10/06,2019/10/07,0,"9,4",14
Apartamento Islas Canarias,2304086,Apartamento,Valencia,1,1,€ 48,2019/10/06,2019/10/07,0,"3,8",14
Attic Rooms in Botánico,5522932,NA,Valencia,1,1,€ 48,2019/10/06,2019/10/07,0,,14
Habitación privada con baño privado a 300 metros de la playa.,5587588,NA,Valencia,1,1,€ 49,2019/10/06,2019/10/07,0,,14
Aventura Valencia 2,5604325,NA,Valencia,1,1,€ 50,2019/10/06,2019/10/07,0,,14
vosotros sereis parte de mi familia.,5299568,NA,Valencia,1,1,€ 50,2019/10/06,2019/10/07,0,,14
Hogar Dulce Hogar,5426607,NA,Valencia,1,1,€ 60,2019/10/06,2019/10/07,0,,14
Friendly Rentals Boyvin,1923141,Apartamento,Valencia,1,1,NA,2019/10/06,2019/10/07,0,"9,3",14
Apartamento con compartir,5366858,NA,Valencia,1,1,€ 65,2019/10/06,2019/10/07,0,,14
Florista's Room en Valencia,5502152,NA,Valencia,1,1,€ 70,2019/10/06,2019/10/07,0,,14
Habitación en Valencia,5477394,NA,Valencia,1,1,€ 72,2019/10/06,2019/10/07,0,,14
sueñavalencia,5603844,NA,Valencia,1,1,€ 75,2019/10/06,2019/10/07,0,,14
Loft Turia Gran,5133726,Apartamento,Valencia,1,1,€ 80,2019/10/06,2019/10/07,0,,14
Casa Adosada Quintero,5481770,Casa o chalet,Valencia,1,1,€ 85,2019/10/06,2019/10/07,0,,14
Art of Music Apartment Valencia,5263849,Apartamentos,Valencia,1,1,NA,2019/10/06,2019/10/07,0,"9,3",14
Apartamentos Artesa 22 Valencia,5546723,Apartamento,Valencia,1,1,€ 112,2019/10/06,2019/10/07,0,,14
casa completa,5593030,Casa o chalet,Valencia,1,1,€ 119,2019/10/06,2019/10/07,0,,14
RAVALENCIA 4,3377937,Apartamento,Valencia,1,1,€ 124,2019/10/06,2019/10/07,0,,14
Duplex Rosario,5619328,Apartamento,Valencia,1,1,€ 125,2019/10/06,2019/10/07,0,,14
CENTER-2BR- 2BA-ATTIC-TERRACE-VIEW- WI-FI- A/C,5264557,Apartamento,Valencia,1,1,€ 169,2019/10/06,2019/10/07,0,,14
"Flat ""Ca Alexandre""",3687859,Apartamento,Valencia,1,1,€ 200,2019/10/06,2019/10/07,0,,14
OCEANOGRAFIC APARTMENT. PARKING. WI-FI,3107716,Apartamentos,Valencia,1,1,NA,2019/10/06,2019/10/07,0,9,14
Apartment Carrer de Don Juan de Austria,5464038,Apartamentos,Valencia,1,1,€ 275,2019/10/06,2019/10/07,0,,14
Governor Residence,3799760,Apartahotel,Valencia,1,1,€ 600,2019/10/06,2019/10/07,0,,14
Apartment Carrer de Cadis,5531328,Apartamentos,Valencia,1,1,€ 648,2019/10/06,2019/10/07,0,,14
Apartamento con terraza,5238122,Apartahotel,Valencia,1,1,€ 770,2019/10/06,2019/10/07,0,,14
Gulet Why Not,5199364,NA,Valencia,1,1,€ 3.000,2019/10/06,2019/10/07,0,,14
Palau de Palomar,471283,Apartamentos,Valencia,1,1,€ 109,2019/10/06,2019/10/07,0,"9,1",14
HQ Rooms Apartments San Vicente,2894429,Apartamentos,Valencia,1,1,€ 113,2019/10/06,2019/10/07,0,"9,2",14
Apartamento Bolseria 28,881275,Apartamentos,Valencia,1,1,NA,2019/10/06,2019/10/07,0,"9,5",14
MYR Hotel Plaza Mercado & Spa,1619029,Apartahotel,Valencia,1,1,€ 114,2019/10/06,2019/10/07,0,"9,2",14
Friendly Rentals Schubert,1634221,Apartamentos,Valencia,1,1,€ 115,2019/10/06,2019/10/07,0,9,14
Mon Suites Catedral,485679,Apartamentos,Valencia,1,1,€ 120,2019/10/06,2019/10/07,0,"9,2",14
Valencia-Ruzafa Studio,3235983,Apartamento,Valencia,1,1,€ 120,2019/10/06,2019/10/07,0,"9,1",14
Sorolla Centro,90896,NA,Valencia,1,1,€ 121,2019/10/06,2019/10/07,3,"9,1",14
MD Design Hotel - Portal del Real,2391685,NA,Valencia,1,1,€ 124,2019/10/06,2019/10/07,2,"9,1",14
Travel Habitat Ático Ciutat Vella.,3264750,Apartamento,Valencia,1,1,NA,2019/10/06,2019/10/07,0,"9,5",14
Apartamentos Valencia - Peset Aleixandre 135- FREE WI-FI,4262488,Apartamentos,Valencia,1,1,€ 128,2019/10/06,2019/10/07,0,9,14
Mediterranean Flats Plaza Redonda,4086496,Apartamentos,Valencia,1,1,€ 131,2019/10/06,2019/10/07,0,"9,2",14
Cozy apartment in Valencia center,3402135,Apartamentos,Valencia,1,1,€ 132,2019/10/06,2019/10/07,0,"9,2",14
Live in Chianti Apartaments,2882632,Apartamentos,Valencia,1,1,€ 132,2019/10/06,2019/10/07,0,9,14
Luminoso piso + balcón en Valencia,4615515,Apartamento,Valencia,1,1,€ 133,2019/10/06,2019/10/07,0,"9,4",14
Apartamentos Wallace,1698355,Apartamentos,Valencia,1,1,€ 143,2019/10/06,2019/10/07,0,"9,2",14
APARTAMENTO DE DISEÑO EN PLAZA MANISES,2823390,Apartamento,Valencia,1,1,NA,2019/10/06,2019/10/07,0,"9,7",14
Friendly Rentals Mercado Central,3220956,Apartamento,Valencia,1,1,€ 145,2019/10/06,2019/10/07,0,"9,3",14
One Shot Mercat 09,2274203,NA,Valencia,1,1,€ 149,2019/10/06,2019/10/07,4,"9,1",14
Sweet Caroline Apartment,1811784,Apartamento,Valencia,1,1,€ 150,2019/10/06,2019/10/07,0,"9,2",14
ARENAS 2 APARTAMENT,2808815,Apartamento,Valencia,1,1,€ 150,2019/10/06,2019/10/07,0,9,14
Edificio Pentagono,4673669,Apartamento,Valencia,1,1,€ 155,2019/10/06,2019/10/07,0,"9,1",14
Casual Socarrat Valencia,5142800,NA,Valencia,1,1,€ 158,2019/10/06,2019/10/07,3,"9,1",14
Apartment Cabanyal,3172456,Apartamento,Valencia,1,1,NA,2019/10/06,2019/10/07,0,"9,7",14
Hotel Boutique Balandret,1281710,NA,Valencia,1,1,€ 162,2019/10/06,2019/10/07,3,"9,2",14
NH Collection Colón Valencia,3828811,NA,Valencia,1,1,€ 168,2019/10/06,2019/10/07,4,"9,2",14
Zerka Sendra,4657122,Apartamento,Valencia,1,1,€ 179,2019/10/06,2019/10/07,0,9,14
Mon Suites San Martin,2777545,Apartamentos,Valencia,1,1,€ 179,2019/10/06,2019/10/07,0,"9,4",14
YourPlace apartments Mercado Central,2933554,Apartamentos,Valencia,1,1,€ 186,2019/10/06,2019/10/07,0,9,14
Ilunion Valencia 3,92818,NA,Valencia,1,1,€ 50,2019/10/06,2019/10/07,3,"7,9",14
Habitación cerca del centro,2789581,NA,Valencia,1,1,€ 52,2019/10/06,2019/10/07,0,"7,5",14
Apartamento Comedias,2236348,Apartamento,Valencia,1,1,NA,2019/10/06,2019/10/07,0,"9,7",14
Hospederia del Pilar,327766,NA,Valencia,1,1,€ 54,2019/10/06,2019/10/07,0,"7,9",14
Moon Valencia,3560698,Apartamentos,Valencia,1,1,€ 70,2019/10/06,2019/10/07,0,"8,9",14
B&B Almirante,369695,NA,Valencia,1,1,€ 70,2019/10/06,2019/10/07,1,"8,8",14
Expo Hotel Valencia,91223,NA,Valencia,1,1,€ 55,2019/10/06,2019/10/07,3,"7,6",14
B&B Hotel Valencia Ciudad de las Ciencias,92242,NA,Valencia,1,1,€ 56,2019/10/06,2019/10/07,3,"7,5",14
Casual de la Música Valencia,273130,NA,Valencia,1,1,€ 57,2019/10/06,2019/10/07,2,"7,5",14
United Colors of Studios - Mercado Central,2574108,Apartamentos,Valencia,1,1,€ 59,2019/10/06,2019/10/07,0,"7,8",14
Hotel Turia,14441,NA,Valencia,1,1,€ 59,2019/10/06,2019/10/07,4,"7,5",14
Bruno Apartment,2715023,Apartamento,Valencia,1,1,NA,2019/10/06,2019/10/07,0,"9,7",14
OYO Pensión El Rincón,476031,NA,Valencia,1,1,€ 59,2019/10/06,2019/10/07,1,"7,6",14
City Center Apartments,4426057,Apartamentos,Valencia,1,1,€ 68,2019/10/06,2019/10/07,0,"7,8",14
Patacona Green Flats,292996,Apartamentos,Valencia,1,1,€ 68,2019/10/06,2019/10/07,0,"7,6",14
Maritimo Apartment,3615826,Apartamento,Valencia,1,1,€ 68,2019/10/06,2019/10/07,0,"7,7",14
Cosy Rooms Tapinería,371192,NA,Valencia,1,1,€ 70,2019/10/06,2019/10/07,2,"7,5",14
Apartamento Bolseria 28,881275,Apartamentos,Valencia,1,1,NA,2019/10/06,2019/10/07,0,"9,5",14
Estrella de russafa,5352439,NA,Valencia,1,1,€ 70,2019/10/06,2019/10/07,0,"8,5",14
Carrer de l'Escriptor Rafael Ferreres,4267645,Apartamento,Valencia,1,1,€ 70,2019/10/06,2019/10/07,0,"8,6",14
Sabía que venias!,3543756,NA,Valencia,1,1,€ 70,2019/10/06,2019/10/07,0,"8,6",14
Checkin Valencia,93743,NA,Valencia,1,1,€ 71,2019/10/06,2019/10/07,4,"7,8",14
Purísima Street I,2471259,Apartamento,Valencia,1,1,NA,2019/10/06,2019/10/07,0,"9,5",14
Jero Rooms,296743,NA,Valencia,1,1,€ 72,2019/10/06,2019/10/07,0,"7,7",14
Patacona Resort Apartments,189782,Apartamentos,Valencia,1,1,€ 74,2019/10/06,2019/10/07,0,"7,8",14
SEA YOU HOTEL PORT VALENCIA,92328,NA,Valencia,1,1,€ 77,2019/10/06,2019/10/07,4,"7,7",14
Apartamento Alguer,4005334,Apartamento,Valencia,1,1,€ 80,2019/10/06,2019/10/07,0,"7,6",14
Torres Quart,3702234,Apartamentos,Valencia,1,1,€ 83,2019/10/06,2019/10/07,0,"7,7",14
El 16 Ruzafa,865461,Apartamentos,Valencia,1,1,€ 84,2019/10/06,2019/10/07,0,"7,7",14
Disfruta - Enjoy Valencia Centre,3881970,Apartamento,Valencia,1,1,NA,2019/10/06,2019/10/07,0,"9,8",14
Valencia maritimo,3020748,Apartamento,Valencia,1,1,€ 70,2019/10/06,2019/10/07,0,"8,9",14
Zalamera BnB,1331238,NA,Valencia,1,1,€ 72,2019/10/06,2019/10/07,0,"8,7",14
Hotel Sercotel Acteón Valencia,90495,NA,Valencia,1,1,€ 75,2019/10/06,2019/10/07,4,"8,5",14
Travel Habitat Ático Ciutat Vella.,3264750,Apartamento,Valencia,1,1,NA,2019/10/06,2019/10/07,0,"9,5",14
Apartment Florista,2150187,Apartamento,Valencia,1,1,€ 85,2019/10/06,2019/10/07,0,"7,9",14
MyHomestay,2921259,NA,Valencia,1,1,€ 85,2019/10/06,2019/10/07,0,"7,6",14
Suites by Eric Olsan (L),4287413,Apartamentos,Valencia,1,1,€ 89,2019/10/06,2019/10/07,0,"7,5",14
Plaza Sainetero 5,3148458,Apartamento,Valencia,1,1,€ 93,2019/10/06,2019/10/07,0,"7,7",14
SHF Plaza de la Reina,1682520,Apartamentos,Valencia,1,1,€ 94,2019/10/06,2019/10/07,0,"7,8",14
Hotel Valencia Oceanic Managed by Melia Hotels International,91522,NA,Valencia,1,1,€ 75,2019/10/06,2019/10/07,4,"8,6",14
Burjassot Mestalla,3058627,Apartamento,Valencia,1,1,€ 75,2019/10/06,2019/10/07,0,"8,6",14
Casa del Patriarca,364834,NA,Valencia,1,1,€ 76,2019/10/06,2019/10/07,0,"8,9",14
Oceanográfico Apartments & Spa,324918,Apartamentos,Valencia,1,1,€ 98,2019/10/06,2019/10/07,0,"7,6",14
Apartments Torres de Serranos Valencia,1099602,Apartamentos,Valencia,1,1,NA,2019/10/06,2019/10/07,0,"9,6",14
YourPlace Apartments,2896608,Apartamentos,Valencia,1,1,€ 98,2019/10/06,2019/10/07,0,"7,6",14
El Globo,24498,NA,Valencia,1,1,€ 118,2019/10/06,2019/10/07,1,"7,8",14
Habitación doble,3599930,NA,Valencia,1,1,€ 76,2019/10/06,2019/10/07,0,"8,9",14
Sercotel Sorolla Palace,93646,NA,Valencia,1,1,€ 79,2019/10/06,2019/10/07,4,"8,6",14
Buho House,3777691,Apartahotel,Valencia,1,1,€ 79,2019/10/06,2019/10/07,0,"8,5",14
APARTAMENTO DE DISEÑO EN PLAZA MANISES,2823390,Apartamento,Valencia,1,1,NA,2019/10/06,2019/10/07,0,"9,7",14
Balandra Flat,2032624,Apartamento,Valencia,1,1,€ 79,2019/10/06,2019/10/07,0,"8,6",14
Ad Hoc Carmen,1173270,NA,Valencia,1,1,€ 80,2019/10/06,2019/10/07,2,"8,9",14
Hotel Dimar,90886,NA,Valencia,1,1,€ 81,2019/10/06,2019/10/07,4,"8,7",14
Kirei Apartment Calgary,4768322,Apartamento,Valencia,1,1,€ 137,2019/10/06,2019/10/07,0,"7,6",14
Apartment Valencia,348555,Apartamentos,Valencia,1,1,€ 139,2019/10/06,2019/10/07,0,"7,9",14
Old Town Flats Casa Burguerini,4552106,Apartamentos,Valencia,1,1,€ 151,2019/10/06,2019/10/07,0,"7,8",14
Spain Host Valencia- Plaza del Ayuntamiento,2257049,Apartamentos,Valencia,1,1,€ 170,2019/10/06,2019/10/07,0,"7,5",14
Musico Art Flat,2925957,Apartamento,Valencia,1,1,NA,2019/10/06,2019/10/07,0,"9,7",14
Friendly Rentals Danna,1634254,Apartamento,Valencia,1,1,€ 170,2019/10/06,2019/10/07,0,"7,8",14
Casual del Cine Valencia,572187,NA,Valencia,1,1,€ 82,2019/10/06,2019/10/07,2,"8,6",14
Turia Town,4064373,Apartamentos,Valencia,1,1,€ 85,2019/10/06,2019/10/07,0,"8,8",14
Blanq Carmen Hotel,97069,NA,Valencia,1,1,€ 86,2019/10/06,2019/10/07,3,"8,7",14
Apartment Cabanyal,3172456,Apartamento,Valencia,1,1,NA,2019/10/06,2019/10/07,0,"9,7",14
APARTAMENTO LAS MELLIZAS,4651578,NA,Valencia,1,1,€ 44,2019/10/06,2019/10/07,0,"8,5",14
MD Art Apartment Ruzafa,2550955,Apartamento,Valencia,1,1,€ 313,2019/10/06,2019/10/07,0,"7,5",14
MD Benlliure Beach.,1957258,Apartamento,Valencia,1,1,€ 313,2019/10/06,2019/10/07,0,"7,9",14
MD Pelayo with terrace,1979067,Apartamento,Valencia,1,1,€ 313,2019/10/06,2019/10/07,0,"7,8",14
MD Oliag I Apartment Ruzafa,2867488,Apartamento,Valencia,1,1,€ 387,2019/10/06,2019/10/07,0,"7,7",14
MD Olivereta Apartment,3783665,Apartamento,Valencia,1,1,€ 400,2019/10/06,2019/10/07,0,"7,5",14
Sampedor Apartment,435662,Apartamentos,Valencia,1,1,€ 55,2019/10/06,2019/10/07,0,7,14
Centro & Viaje,4215175,NA,Valencia,1,1,€ 58,2019/10/06,2019/10/07,0,"7,4",14
Apartment Plaza Cisneros,1273377,Apartamentos,Valencia,1,1,NA,2019/10/06,2019/10/07,0,"9,8",14
Apartment Horticultor Bosch,1148669,Apartamentos,Valencia,1,1,€ 60,2019/10/06,2019/10/07,0,"7,3",14
Hostal la Barraca,350013,NA,Valencia,1,1,€ 60,2019/10/06,2019/10/07,0,"7,2",14
Guest House Samuel Ros,4161855,NA,Valencia,1,1,€ 30,2019/10/06,2019/10/07,0,"7,3",14
Hostal Waksman,281139,NA,Valencia,1,1,€ 35,2019/10/06,2019/10/07,1,"7,3",14
feliz como en casa,3676196,NA,Valencia,1,1,€ 36,2019/10/06,2019/10/07,0,"7,2",14
Hostal Residencial RR,450746,NA,Valencia,1,1,€ 38,2019/10/06,2019/10/07,0,7,14
Cosy Rooms Bolsería,371606,NA,Valencia,1,1,€ 63,2019/10/06,2019/10/07,2,"7,4",14
Almiserat,3054886,Apartamento,Valencia,1,1,€ 70,2019/10/06,2019/10/07,0,"7,1",14
Mi casa es vuestra casa,4967097,NA,Valencia,1,1,€ 70,2019/10/06,2019/10/07,0,"7,1",14
NWT Monserrat,3728842,Apartamentos,Valencia,1,1,€ 72,2019/10/06,2019/10/07,0,7,14
Suites by Eric Olsan (Florista),4726450,Apartamentos,Valencia,1,1,€ 88,2019/10/06,2019/10/07,0,"8,6",14
Petit Palomar,2187491,Apartamentos,Valencia,1,1,€ 89,2019/10/06,2019/10/07,0,"8,9",14
Casual Vintage Valencia,1710241,NA,Valencia,1,1,€ 90,2019/10/06,2019/10/07,2,"8,6",14
Melia Valencia,290493,NA,Valencia,1,1,€ 90,2019/10/06,2019/10/07,4,"8,8",14
Habitacion Apartamento soleado Plaza Escultor Frechina,4865043,NA,Valencia,1,1,€ 40,2019/10/06,2019/10/07,0,"7,1",14
HOSPEDAJE PESET,4718074,NA,Valencia,1,1,€ 40,2019/10/06,2019/10/07,0,"7,2",14
Central Station Valencia Hostel,1647017,NA,Valencia,1,1,€ 46,2019/10/06,2019/10/07,0,"7,1",14
SKY TOURISTIC ATTIC,281640,Apartamentos,Valencia,1,1,€ 90,2019/10/06,2019/10/07,0,"8,5",14
Lounge by the sea,4756780,Apartamento,Valencia,1,1,NA,2019/10/06,2019/10/07,0,"9,8",14
València Centre Túria,2185255,Apartamento,Valencia,1,1,€ 94,2019/10/06,2019/10/07,0,"8,8",14
Citizentral Gascons,332095,Apartamentos,Valencia,1,1,€ 94,2019/10/06,2019/10/07,0,"8,8",14
Barceló Valencia,91988,NA,Valencia,1,1,€ 95,2019/10/06,2019/10/07,4,"8,7",14
Centro en Valencia,2885222,Apartamento,Valencia,1,1,NA,2019/10/06,2019/10/07,0,"9,5",14
Malvarrosa Beach Rooms,314048,NA,Valencia,1,1,€ 73,2019/10/06,2019/10/07,2,7,14
Valencia Apartments,4367788,Apartamentos,Valencia,1,1,€ 78,2019/10/06,2019/10/07,0,"7,1",14
Valencia Apartmans El Carmen,847910,Apartamentos,Valencia,1,1,€ 83,2019/10/06,2019/10/07,0,"7,4",14
Cosy Rooms Embajador,369728,NA,Valencia,1,1,€ 89,2019/10/06,2019/10/07,2,"7,4",14
Rooms Valencia Center,5507857,NA,Valencia,1,1,€ 49,2019/10/06,2019/10/07,0,"7,4",14
HOSTAL BED OF THE SEA,3974636,NA,Valencia,1,1,€ 50,2019/10/06,2019/10/07,0,"7,1",14
Centro Valencia Calle Cerrajeros,3476261,NA,Valencia,1,1,€ 50,2019/10/06,2019/10/07,0,"7,1",14
B&B El Mercat,2203530,NA,Valencia,1,1,€ 55,2019/10/06,2019/10/07,0,"7,3",14
La Flamenca,818359,NA,Valencia,1,1,€ 55,2019/10/06,2019/10/07,0,"7,2",14
El Palacete Gran Via,3483148,NA,Valencia,1,1,€ 95,2019/10/06,2019/10/07,0,"8,9",14
One Shot Colón 46,1394168,NA,Valencia,1,1,€ 95,2019/10/06,2019/10/07,3,"8,7",14
Lotelito,570027,NA,Valencia,1,1,€ 97,2019/10/06,2019/10/07,0,"8,9",14
Apartamento,3139431,Apartamento,Valencia,1,1,NA,2019/10/06,2019/10/07,0,"9,5",14
Plaza Sainetero Arniches,3984774,Apartamento,Valencia,1,1,€ 97,2019/10/06,2019/10/07,0,"8,5",14
Zenit Valencia,92327,NA,Valencia,1,1,€ 98,2019/10/06,2019/10/07,4,"8,8",14
Suites by Eric Olsan (Peset),4726296,Apartamentos,Valencia,1,1,€ 89,2019/10/06,2019/10/07,0,"7,4",14
Accommodation Beach Apartments,1001766,Apartamentos,Valencia,1,1,€ 89,2019/10/06,2019/10/07,0,"7,2",14
Apartamento Tiziano,1528645,Apartamentos,Valencia,1,1,NA,2019/10/06,2019/10/07,0,"9,5",14
La Casa dei Fiori,2849727,Apartamento,Valencia,1,1,€ 101,2019/10/06,2019/10/07,0,"7,1",14
Kirei Apartment San Vicente,1774062,Apartamento,Valencia,1,1,€ 110,2019/10/06,2019/10/07,0,"7,4",14
Kirei Apartment Vienna,4639797,Apartamento,Valencia,1,1,€ 115,2019/10/06,2019/10/07,0,"7,4",14
Friendly Rentals Soler,1634237,Apartamento,Valencia,1,1,€ 130,2019/10/06,2019/10/07,0,"8,7",14
Petit Palace Plaza de la Reina,90443,NA,Valencia,1,1,€ 134,2019/10/06,2019/10/07,3,"8,7",14
Ayuntamiento Panoramic,3089239,Apartamento,Valencia,1,1,NA,2019/10/06,2019/10/07,0,"9,5",14
El Cactus,3201028,Apartamento,Valencia,1,1,€ 135,2019/10/06,2019/10/07,0,"8,9",14
Cathedral Suites Hotel,1736257,Apartahotel,Valencia,1,1,€ 139,2019/10/06,2019/10/07,4,"8,9",14
Select Home Town Hall,1648016,Apartamentos,Valencia,1,1,€ 130,2019/10/06,2019/10/07,0,"7,4",14
Las casitas de la playa,3177809,Apartamentos,Valencia,1,1,€ 137,2019/10/06,2019/10/07,0,7,14
Apartamento para 10 personas,5029963,Apartamento,Valencia,1,1,€ 160,2019/10/06,2019/10/07,0,7,14
Disfruta De Playa Y Ciudad,2470646,Apartamento,Valencia,1,1,NA,2019/10/06,2019/10/07,0,"9,5",14
Best Valencia Beach Flat,3246772,Apartamento,Valencia,1,1,€ 192,2019/10/06,2019/10/07,0,"7,1",14
SH Valencia Palace,91497,NA,Valencia,1,1,€ 140,2019/10/06,2019/10/07,5,"8,5",14
Friendly Rentals Desplat,4120221,Apartamento,Valencia,1,1,€ 140,2019/10/06,2019/10/07,0,"8,5",14
Hotel Neptuno,91206,NA,Valencia,1,1,€ 144,2019/10/06,2019/10/07,4,"8,5",14
Friendly Rentals Ferrero,2314984,Apartamento,Valencia,1,1,€ 145,2019/10/06,2019/10/07,0,"8,8",14
Select Home Catedral,440778,Apartamentos,Valencia,1,1,€ 250,2019/10/06,2019/10/07,0,"7,1",14
MD Puerto Rico Apartment Ruzafa,3737151,Apartamento,Valencia,1,1,€ 341,2019/10/06,2019/10/07,0,"7,4",14
MD Villalonga Malvarosa Beach,3739661,Apartamento,Valencia,1,1,€ 490,2019/10/06,2019/10/07,0,"7,1",14
Guest House Lebon,3124256,NA,Valencia,1,1,€ 35,2019/10/06,2019/10/07,0,"6,9",14
Colón Market Downtown,4607745,Apartamento,Valencia,1,1,NA,2019/10/06,2019/10/07,0,"9,6",14
One Shot Palacio Reina Victoria 04,90885,NA,Valencia,1,1,€ 149,2019/10/06,2019/10/07,4,"8,6",14
Canela`s Vintage Ruzafa Centro,4652584,Apartamento,Valencia,1,1,€ 150,2019/10/06,2019/10/07,0,"8,7",14
AC Hotel Colon Valencia,1117150,NA,Valencia,1,1,€ 151,2019/10/06,2019/10/07,4,"8,7",14
Friendly Rentals Rey,1634248,Apartamento,Valencia,1,1,€ 160,2019/10/06,2019/10/07,0,"8,9",14
Puerta de Serranos,2734333,Apartamentos,Valencia,1,1,€ 185,2019/10/06,2019/10/07,0,"8,8",14
Vincci Palace,94163,NA,Valencia,1,1,€ 187,2019/10/06,2019/10/07,4,"8,6",14
Valencia center,3168460,Apartamento,Valencia,1,1,NA,2019/10/06,2019/10/07,0,"9,8",14
Hotel San Lorenzo Boutique,1307718,NA,Valencia,1,1,€ 101,2019/10/06,2019/10/07,3,"8,6",14
Boutique Creative Rooms,2334726,NA,Valencia,1,1,€ 104,2019/10/06,2019/10/07,0,"8,7",14
Perla Apartments,3146781,Apartamentos,Valencia,1,1,€ 108,2019/10/06,2019/10/07,0,"8,7",14
Vincci Lys,91183,NA,Valencia,1,1,€ 220,2019/10/06,2019/10/07,4,"8,9",14
Hospes Palau de La Mar,93823,NA,Valencia,1,1,€ 225,2019/10/06,2019/10/07,5,"8,8",14
Melia Plaza Valencia,13270,NA,Valencia,1,1,€ 253,2019/10/06,2019/10/07,4,"8,9",14
SingularStays Parque Central,3054000,Apartamentos,Valencia,1,1,€ 267,2019/10/06,2019/10/07,0,"8,8",14
Hotel Mediterraneo Valencia,92412,NA,Valencia,1,1,€ 109,2019/10/06,2019/10/07,3,"8,8",14
Flatsforyou Mercat,1367507,Apartamentos,Valencia,1,1,€ 110,2019/10/06,2019/10/07,3,"8,9",14
Flatsforyou Ruzafa,3342696,Apartamentos,Valencia,1,1,€ 110,2019/10/06,2019/10/07,0,"8,8",14
Friendly Rentals Ravel I,1634234,Apartamento,Valencia,1,1,€ 110,2019/10/06,2019/10/07,0,"8,8",14
Habitación con cama doble,4794909,NA,Valencia,1,1,€ 36,2019/10/06,2019/10/07,0,"6,7",14
Espai One Santa Mónica,5471724,Apartamento,Valencia,1,1,NA,2019/10/06,2019/10/07,0,"9,8",14
Ruzafa Rooms,2891693,NA,Valencia,1,1,€ 45,2019/10/06,2019/10/07,0,"6,9",14
PISO ACOGEDOR,4995780,NA,Valencia,1,1,€ 50,2019/10/06,2019/10/07,0,"6,9",14
Geography and Arts.,3569110,NA,Valencia,1,1,€ 54,2019/10/06,2019/10/07,0,"6,9",14
The Westin Valencia,93321,NA,Valencia,1,1,€ 856,2019/10/06,2019/10/07,5,"8,7",14
Center Valencia Youth Hostel,246931,NA,Valencia,1,1,€ 15,2019/10/06,2019/10/07,0,8,14
PORT VALENCIA PLAYA,5259971,Apartamento,Valencia,1,1,NA,2019/10/06,2019/10/07,0,"9,8",14
Urban Youth Hostel,1163025,NA,Valencia,1,1,€ 30,2019/10/06,2019/10/07,0,"8,4",14
Apartment Valencia Denia,1968489,Apartamentos,Valencia,1,1,€ 55,2019/10/06,2019/10/07,0,"6,7",14
Casita Esmeralda,2040126,Casa o chalet,Valencia,1,1,€ 114,2019/10/06,2019/10/07,0,"6,5",14
Miresa flats,5300418,Apartamento,Valencia,1,1,€ 125,2019/10/06,2019/10/07,0,"6,6",14
Colors Rooms,675839,NA,Valencia,1,1,NA,2019/10/06,2019/10/07,0,"9,6",14
AC Hotel Valencia,91063,NA,Valencia,1,1,€ 113,2019/10/06,2019/10/07,4,"8,5",14
Friendly Rentals Casals,1769176,Apartamento,Valencia,1,1,€ 115,2019/10/06,2019/10/07,0,"8,7",14
ValentiaApartments - MercadoCentral,4185241,Apartamentos,Valencia,1,1,€ 115,2019/10/06,2019/10/07,0,"8,8",14
Ilunion Aqua 4,92777,NA,Valencia,1,1,€ 118,2019/10/06,2019/10/07,4,"8,5",14
Habitacion Barata Valencia,3931013,NA,Valencia,1,1,€ 35,2019/10/06,2019/10/07,0,8,14
Habitación en valencia centro,5418023,NA,Valencia,1,1,€ 35,2019/10/06,2019/10/07,0,"8,3",14
B&B Hi Valencia Canovas,305349,NA,Valencia,1,1,€ 38,2019/10/06,2019/10/07,0,"8,4",14
Guest House Higinio Noja,2845935,NA,Valencia,1,1,€ 30,2019/10/06,2019/10/07,0,6,14
Fun and Sun Center 2,2944416,NA,Valencia,1,1,€ 36,2019/10/06,2019/10/07,0,"6,1",14
Carrer del Bisbe Jaume Pérez,4900140,NA,Valencia,1,1,€ 55,2019/10/06,2019/10/07,0,6,14
Loft Central Market - Tapas,3187998,Apartamento,Valencia,1,1,€ 88,2019/10/06,2019/10/07,0,"6,4",14
Kirei Apartment Denver,4585191,Apartamento,Valencia,1,1,€ 137,2019/10/06,2019/10/07,0,"6,2",14
Habitación en piso compartido,5433175,NA,Valencia,1,1,€ 40,2019/10/06,2019/10/07,0,"8,1",14
Eurostars Gran Valencia,90484,NA,Valencia,1,1,€ 44,2019/10/06,2019/10/07,4,"8,4",14
El Corazon de Canovas,2634817,Apartamento,Valencia,1,1,NA,2019/10/06,2019/10/07,0,"9,6",14
Hostal Abastos,257057,NA,Valencia,1,1,€ 45,2019/10/06,2019/10/07,2,"8,2",14
Red Nest Hostel,92283,NA,Valencia,1,1,€ 45,2019/10/06,2019/10/07,0,"8,2",14
Rio Turia B&B,5531073,NA,Valencia,1,1,€ 48,2019/10/06,2019/10/07,0,8,14
Nanit Valencia Hostel,3913497,NA,Valencia,1,1,€ 49,2019/10/06,2019/10/07,0,"8,3",14
Kirei Apartment San Agustin,1712323,Apartamentos,Valencia,1,1,€ 161,2019/10/06,2019/10/07,0,"6,1",14
RoomTuristValencia - Ruzafa,4608394,NA,Valencia,1,1,€ 25,2019/10/06,2019/10/07,0,"5,6",14
Ruzafa Guesthouse,2269176,NA,Valencia,1,1,€ 30,2019/10/06,2019/10/07,0,"5,6",14
Ad Hoc Monumental,90719,NA,Valencia,1,1,€ 118,2019/10/06,2019/10/07,3,"8,6",14
Catalonia Excelsior,90578,NA,Valencia,1,1,€ 120,2019/10/06,2019/10/07,3,"8,7",14
City of Arts,3031480,Apartamento,Valencia,1,1,€ 120,2019/10/06,2019/10/07,0,"8,8",14
SH Ingles Boutique Hotel,92956,NA,Valencia,1,1,€ 125,2019/10/06,2019/10/07,4,"8,5",14
Purple Nest Hostel,25278,NA,Valencia,1,1,€ 49,2019/10/06,2019/10/07,0,"8,2",14
Casa Mati,4217185,NA,Valencia,1,1,€ 50,2019/10/06,2019/10/07,0,"8,3",14
Luxury Beach House,3602594,Casa o chalet,Valencia,1,1,NA,2019/10/06,2019/10/07,0,"9,7",14
Aventura,5567318,Apartamentos,Valencia,1,1,€ 50,2019/10/06,2019/10/07,0,"8,3",14
Sweet Hotel Renasa,274818,NA,Valencia,1,1,€ 52,2019/10/06,2019/10/07,3,8,14
Flatsforyou Marina,1793012,Apartamentos,Valencia,1,1,€ 130,2019/10/06,2019/10/07,0,"8,6",14
Gon & Diego House,4899561,NA,Valencia,1,1,€ 40,2019/10/06,2019/10/07,0,"5,6",14
Oliver,4865093,NA,Valencia,1,1,€ 63,2019/10/06,2019/10/07,0,"5,7",14
Kirei Apartment Berlin,4504570,Apartamentos,Valencia,1,1,€ 103,2019/10/06,2019/10/07,0,"5,5",14
Guest House Torres de Quart,2275006,NA,Valencia,1,1,€ 30,2019/10/06,2019/10/07,0,"5,3",14
Aparthotel Valencia Rental,17344,Apartahotel,Valencia,1,1,€ 54,2019/10/06,2019/10/07,0,8,14
Tryp Valencia Feria,92852,NA,Valencia,1,1,€ 54,2019/10/06,2019/10/07,4,"8,4",14
Como en casa,4802186,NA,Valencia,1,1,€ 54,2019/10/06,2019/10/07,0,"8,1",14
Guest House Ruzafa,2324552,NA,Valencia,1,1,€ 35,2019/10/06,2019/10/07,0,"5,2",14
Port of Valencia,3805735,Apartamento,Valencia,1,1,€ 79,2019/10/06,2019/10/07,0,"5,1",14
Guest House Duc de Gaeta,2275007,NA,Valencia,1,1,€ 28,2019/10/06,2019/10/07,0,"4,9",14
RoomTuristValencia Torres de Quart,4565643,NA,Valencia,1,1,€ 28,2019/10/06,2019/10/07,0,"4,6",14
Pension MonaLisa Luxury Suites,3834224,NA,Valencia,1,1,€ 56,2019/10/06,2019/10/07,0,"8,2",14
Dormavalencia Hostel Regne,291755,NA,Valencia,1,1,€ 56,2019/10/06,2019/10/07,1,8,14
NH Valencia Las Ciencias,90725,NA,Valencia,1,1,€ 57,2019/10/06,2019/10/07,3,8,14
Style Apartments Puerto,1558265,Apartamentos,Valencia,1,1,€ 59,2019/10/06,2019/10/07,0,"8,1",14
Guesthouse Plaza de Toros,2985902,NA,Valencia,1,1,€ 33,2019/10/06,2019/10/07,0,"4,9",14
RoomTuristValencia RuzafaSumsi,4682802,NA,Valencia,1,1,€ 35,2019/10/06,2019/10/07,0,"4,6",14
Hostal Penalty,189209,NA,Valencia,1,1,€ 62,2019/10/06,2019/10/07,1,8,14
Eurostars Rey Don Jaime,91520,NA,Valencia,1,1,€ 62,2019/10/06,2019/10/07,4,"8,2",14
Holiday Inn Express Ciudad de las Ciencias,96737,NA,Valencia,1,1,€ 63,2019/10/06,2019/10/07,3,8,14
L'Otelet By Sweet,1467935,NA,Valencia,1,1,€ 64,2019/10/06,2019/10/07,0,"8,3",14
Reina 12,1684198,NA,Valencia,1,1,€ 64,2019/10/06,2019/10/07,0,"8,2",14
Silken Puerta Valencia,91182,NA,Valencia,1,1,€ 66,2019/10/06,2019/10/07,4,"8,3",14
Down Town,1656378,Apartamentos,Valencia,1,1,€ 67,2019/10/06,2019/10/07,0,"8,3",14
NH Ciudad de Valencia,90729,NA,Valencia,1,1,€ 71,2019/10/06,2019/10/07,3,"8,1",14
Ilunion Valencia 4,754329,NA,Valencia,1,1,€ 71,2019/10/06,2019/10/07,4,"8,1",14
Hotel Medium Valencia,96838,NA,Valencia,1,1,€ 72,2019/10/06,2019/10/07,4,"8,1",14
NH Valencia Las Artes,90731,NA,Valencia,1,1,€ 72,2019/10/06,2019/10/07,4,"8,4",14
APARTMENTS VALENCIA CENTER,5180014,Apartamentos,Valencia,1,1,NA,2019/10/06,2019/10/07,0,"9,6",14
Ilunion Aqua 3,92776,NA,Valencia,1,1,€ 72,2019/10/06,2019/10/07,3,"8,3",14
United Colors of Apartments - Catedral,1301545,Apartamentos,Valencia,1,1,€ 74,2019/10/06,2019/10/07,0,"8,2",14
Hotel Valencia Center,91285,NA,Valencia,1,1,€ 74,2019/10/06,2019/10/07,4,"8,4",14
City Suites Apartments,3091106,NA,Valencia,1,1,€ 74,2019/10/06,2019/10/07,0,"8,4",14
Atico Ciutat Vella,3446230,Apartamentos,Valencia,1,1,€ 75,2019/10/06,2019/10/07,0,"8,4",14
Residencia Universitaria Damia Bonet,247451,NA,Valencia,1,1,€ 75,2019/10/06,2019/10/07,0,"8,3",14
City Valencia Beach 360,4504803,Apartamento,Valencia,1,1,NA,2019/10/06,2019/10/07,0,"9,6",14
Casual de las Artes Valencia,538056,NA,Valencia,1,1,€ 77,2019/10/06,2019/10/07,3,"8,4",14
Dormavalencia Hostel,249585,NA,Valencia,1,1,€ 77,2019/10/06,2019/10/07,1,"8,2",14
Senator Parque Central Hotel,274963,NA,Valencia,1,1,€ 77,2019/10/06,2019/10/07,4,"8,1",14
Apartment in Valencia,2339175,Apartamento,Valencia,1,1,€ 80,2019/10/06,2019/10/07,0,"8,1",14
Valenciaflats Torres de Serrano,17468,Apartamentos,Valencia,1,1,€ 82,2019/10/06,2019/10/07,0,"8,3",14
NH Valencia Center,90727,NA,Valencia,1,1,€ 83,2019/10/06,2019/10/07,4,"8,3",14
Preciosa Casita Cerca Del Mar,4057271,Apartamento,Valencia,1,1,NA,2019/10/06,2019/10/07,0,"9,7",14
Living Valencia -Correos,3062274,Apartamentos,Valencia,1,1,€ 83,2019/10/06,2019/10/07,0,"8,3",14
Apartamento Turistico en Valencia,2877605,Apartamento,Valencia,1,1,€ 85,2019/10/06,2019/10/07,0,"8,1",14
Cozy fisherman's house,2241663,Casa o chalet,Valencia,1,1,€ 85,2019/10/06,2019/10/07,0,"8,3",14
Primus Valencia,331871,NA,Valencia,1,1,€ 87,2019/10/06,2019/10/07,4,"8,3",14
Apartamento Ciudad de las Artes y las Ciencias,4353552,Apartamento,Valencia,1,1,€ 88,2019/10/06,2019/10/07,0,"8,3",14
Sweet Hotel Continental,93856,NA,Valencia,1,1,€ 89,2019/10/06,2019/10/07,2,"8,3",14
Stay at Valencia Downtown,1840715,Apartamento,Valencia,1,1,NA,2019/10/06,2019/10/07,0,"9,6",14
Homestay Valencia,2597106,NA,Valencia,1,1,€ 90,2019/10/06,2019/10/07,0,"8,1",14
MD Modern Hotel - Jardines,305447,NA,Valencia,1,1,€ 95,2019/10/06,2019/10/07,1,"8,3",14
SHF Flats Baron,1033085,Apartamentos,Valencia,1,1,€ 100,2019/10/06,2019/10/07,0,8,14
Plaza Del Carmen,1737254,Apartamento,Valencia,1,1,€ 100,2019/10/06,2019/10/07,0,8,14
Flatsforyou Petit Bonaire,455152,Apartamentos,Valencia,1,1,€ 110,2019/10/06,2019/10/07,0,"8,3",14
Friendly Rentals Puerto Deportivo,2317861,Apartamentos,Valencia,1,1,€ 110,2019/10/06,2019/10/07,0,"8,2",14
Garden Turia Downtown,5201200,Apartamento,Valencia,1,1,NA,2019/10/06,2019/10/07,0,"9,9",14
Lovely Apartment!,3377663,Apartamentos,Valencia,1,1,€ 115,2019/10/06,2019/10/07,0,"8,4",14
Hotel Miramar,23332,NA,Valencia,1,1,€ 117,2019/10/06,2019/10/07,2,"8,4",14
Hotel Conqueridor,91047,NA,Valencia,1,1,€ 126,2019/10/06,2019/10/07,4,"8,4",14
Zerka Centro,4425975,Apartamentos,Valencia,1,1,€ 129,2019/10/06,2019/10/07,0,"8,3",14
Apartamento Obispo don Jerónimo,2079020,Apartamento,Valencia,1,1,€ 135,2019/10/06,2019/10/07,0,"8,2",14
Loft el Carmen amazing views,4932621,Apartamento,Valencia,1,1,€ 182,2019/10/06,2019/10/07,0,"8,1",14
Apartment Sofi,2830696,Apartamento,Valencia,1,1,NA,2019/10/06,2019/10/07,0,"9,8",14
NWT Central Station Apartments,3964093,Apartamento,Valencia,1,1,€ 300,2019/10/06,2019/10/07,0,"8,2",14
Musico Peydro Apartments,3765069,Apartamentos,Valencia,1,1,€ 313,2019/10/06,2019/10/07,0,8,14
MD Vila Barbera Apartment Center,1957253,Apartamento,Valencia,1,1,€ 400,2019/10/06,2019/10/07,0,"8,3",14
MD Sueca. Apartment with Terrace Ruzafa,2551179,Apartamento,Valencia,1,1,€ 400,2019/10/06,2019/10/07,0,"8,2",14
UP Hostel Valencia,1710137,NA,Valencia,1,1,€ 24,2019/10/06,2019/10/07,0,"7,8",14
Pensión Universal,304276,NA,Valencia,1,1,€ 28,2019/10/06,2019/10/07,0,"7,9",14
Hostal El Cid,309465,NA,Valencia,1,1,€ 30,2019/10/06,2019/10/07,2,"7,6",14
Hostal Moratin,326015,NA,Valencia,1,1,€ 31,2019/10/06,2019/10/07,1,"7,9",14
Apart and Benef,2291245,NA,Valencia,1,1,€ 34,2019/10/06,2019/10/07,0,"7,8",14
Habitaciones Barra89,1076252,NA,Valencia,1,1,€ 35,2019/10/06,2019/10/07,0,"7,8",14
Habitación Céntrica en Casa de Familia,4289877,NA,Valencia,1,1,€ 35,2019/10/06,2019/10/07,0,"7,7",14
Habitación San Cayetano,4624401,NA,Valencia,1,1,€ 40,2019/10/06,2019/10/07,0,"7,5",14
Hotel Beleret,94652,NA,Valencia,1,1,€ 41,2019/10/06,2019/10/07,3,"7,6",14
Valencia Lounge Hostel,337203,NA,Valencia,1,1,€ 42,2019/10/06,2019/10/07,0,"7,8",14
Valencia City Host,1177077,NA,Valencia,1,1,€ 49,2019/10/06,2019/10/07,0,"7,8",14
Casual Civilizaciones Valencia,449777,NA,Valencia,1,1,€ 49,2019/10/06,2019/10/07,0,"7,9",14
Hostal On Dormire Valencia,432305,NA,Valencia,1,1,€ 49,2019/10/06,2019/10/07,0,"7,8",14
Habitacion por dias Centro Valencia,3977106,NA,Valencia,1,1,€ 50,2019/10/06,2019/10/07,0,"7,9",14
LOFT apartamento duplex en Valencia con parking,5519008,Apartamento,Valencia,1,1,€ 60,2019/10/06,2019/10/07,0,"9,7",14
Nest Style Valencia -Nueva apertura-,5219046,NA,Valencia,1,1,€ 66,2019/10/06,2019/10/07,3,"9,6",14
VALENCIA APARTAMENTO GOYA,4256653,Apartamento,Valencia,1,1,NA,2019/10/06,2019/10/07,0,10,14
United Colors of Apartments Boutique Style,5372347,Apartamentos,Valencia,1,1,€ 74,2019/10/06,2019/10/07,0,"9,8",14
Piso en La Ciudad de Artes,3832790,Apartamento,Valencia,1,1,€ 93,2019/10/06,2019/10/07,0,"9,6",14
Casa La Buhardilla,2985364,Apartamento,Valencia,1,1,€ 97,2019/10/06,2019/10/07,0,"9,6",14
L'Esplai Valencia Bed & Breakfast,1282556,NA,Valencia,1,1,€ 99,2019/10/06,2019/10/07,0,"9,6",14
Opera House Valencia B&B,3533887,NA,Valencia,1,1,€ 118,2019/10/06,2019/10/07,0,"9,5",14
RUZAFA- CENTRO-A/C- WI-FI- PARKING,2885994,Apartamento,Valencia,1,1,€ 120,2019/10/06,2019/10/07,0,"9,7",14
Apartment Cisneros 2,2361375,Apartamento,Valencia,1,1,NA,2019/10/06,2019/10/07,0,"9,7",14
Apartments Downtown Valencia,2250421,Apartamentos,Valencia,1,1,€ 120,2019/10/06,2019/10/07,0,"9,6",14
15 Avinguda Mare Nostrum,4518973,Apartamento,Valencia,1,1,€ 125,2019/10/06,2019/10/07,0,"9,8",14
Duplex+Swimming pool+private entrance=Housen of LOVE,2999152,Apartamento,Valencia,1,1,€ 125,2019/10/06,2019/10/07,0,"9,5",14
Ramirez Flats & Bar,4124528,Apartahotel,Valencia,1,1,€ 131,2019/10/06,2019/10/07,0,"9,5",14
Disfruta - Enjoy Valencia Ruzafa,3890328,Apartamento,Valencia,1,1,€ 135,2019/10/06,2019/10/07,0,"9,7",14
Disfruta - Enjoy Valencia Ayuntamiento,4901194,Apartamento,Valencia,1,1,€ 139,2019/10/06,2019/10/07,0,"9,6",14
BONNIES Suites & Spa Valencia,3631910,Apartamentos,Valencia,1,1,NA,2019/10/06,2019/10/07,0,"9,8",14
Charming Ninetta,3220582,Apartamento,Valencia,1,1,€ 139,2019/10/06,2019/10/07,0,"9,5",14
Valencia Just in the Middle,2965508,Apartamento,Valencia,1,1,€ 145,2019/10/06,2019/10/07,0,"9,9",14
Disfruta - Enjoy Valencia Oceanografic,4121345,Apartamento,Valencia,1,1,€ 159,2019/10/06,2019/10/07,0,"9,6",14
MARQUÉS HOUSE 4* SUP,2118880,NA,Valencia,1,1,€ 189,2019/10/06,2019/10/07,4,"9,5",14
Casa Calle Conquista,4691493,Apartamento,Valencia,1,1,€ 300,2019/10/06,2019/10/07,0,"9,7",14
Cantagua Hostel,4074640,NA,Valencia,1,1,€ 41,2019/10/06,2019/10/07,0,"9,1",14
Atico Loft Ruzafa,3152977,Apartamento,Valencia,1,1,NA,2019/10/06,2019/10/07,0,"9,7",14
YOU & CO. Saler Beach Boutique,4533007,NA,Valencia,1,1,€ 55,2019/10/06,2019/10/07,3,"9,1",14
Habitación privada a 1500 metros de la playa,3789910,NA,Valencia,1,1,€ 60,2019/10/06,2019/10/07,0,"9,3",14
Blanq Comedias,4922002,NA,Valencia,1,1,€ 63,2019/10/06,2019/10/07,0,"9,1",14
Hi Valencia Cánovas,4312120,Apartamentos,Valencia,1,1,€ 68,2019/10/06,2019/10/07,0,9,14
Original Domino House,5434091,NA,Valencia,1,1,€ 69,2019/10/06,2019/10/07,0,"9,2",14
Turia Burjassot 12,3237353,Apartamento,Valencia,1,1,€ 70,2019/10/06,2019/10/07,0,9,14
Apartamento Frederick “Centrico y con Clase”,4236394,Apartamento,Valencia,1,1,NA,2019/10/06,2019/10/07,0,"9,7",14
Rooms Ciencias,94126,NA,Valencia,1,1,€ 77,2019/10/06,2019/10/07,0,9,14
Calle de Frederica Montseny 'Política' Casa o chalet,5152866,Casa o chalet,Valencia,1,1,€ 80,2019/10/06,2019/10/07,0,"9,4",14
Hostal Venecia,92883,NA,Valencia,1,1,€ 84,2019/10/06,2019/10/07,2,"9,1",14
Hotel Valencia Alameda,4019381,NA,Valencia,1,1,€ 84,2019/10/06,2019/10/07,4,"9,3",14
Apartment close to park Marchalenes,4418670,Apartamento,Valencia,1,1,€ 86,2019/10/06,2019/10/07,0,"9,1",14
Valenciaflats Ciudad de las Ciencias,93676,Apartamentos,Valencia,1,1,€ 87,2019/10/06,2019/10/07,0,"9,1",14
Central Park Apartment Valencia,3881533,Apartamento,Valencia,1,1,NA,2019/10/06,2019/10/07,0,"9,6",14
Apartamento cerca de la Playa y el Centro,2620264,Apartamento,Valencia,1,1,€ 88,2019/10/06,2019/10/07,0,9,14
OttoH Charm Stay,2459807,NA,Valencia,1,1,€ 89,2019/10/06,2019/10/07,0,"9,3",14
RUZAFA. Nice apartment and Terrace.,4368595,Apartamento,Valencia,1,1,€ 90,2019/10/06,2019/10/07,0,"9,3",14
Olvida tu Reloj Congresos Apartment,2448036,Apartamento,Valencia,1,1,€ 91,2019/10/06,2019/10/07,0,"9,2",14
Olvida tu Reloj Montichelvo Apartment,3258095,Apartamento,Valencia,1,1,€ 91,2019/10/06,2019/10/07,0,"9,4",14
Soho Valencia,1538641,Apartahotel,Valencia,1,1,€ 94,2019/10/06,2019/10/07,0,9,14
La casita de Palomar,2132386,Apartamentos,Valencia,1,1,€ 95,2019/10/06,2019/10/07,0,"9,4",14
Magnífico Adosado- cerca de Valencia ciudad- en zona de montaña y playa fluvial,5354233,Casa o chalet,Valencia,1,1,€ 96,2019/10/06,2019/10/07,0,"9,1",14
Valenciaflats Centro Ciudad,18544,Apartamentos,Valencia,1,1,€ 97,2019/10/06,2019/10/07,0,"9,2",14
City Garden Bed and Breakfast,2204361,NA,Valencia,1,1,€ 98,2019/10/06,2019/10/07,0,"9,4",14
Apartamentos Edificio Palomar,189277,Apartamentos,Valencia,1,1,€ 99,2019/10/06,2019/10/07,0,"9,2",14
OCEANOGRAFIC DELUXE- PARKING- WI-FI,4095746,Apartamento,Valencia,1,1,€ 100,2019/10/06,2019/10/07,0,"9,2",14
APARTAMENTO CENTRO- RUZAFA. WI-FI. PARKING,3144104,Apartamento,Valencia,1,1,€ 100,2019/10/06,2019/10/07,0,"9,3",14
"Piso ""Como en tu casa""",2689136,Apartamento,Valencia,1,1,€ 100,2019/10/06,2019/10/07,0,"9,2",14
BUBUSUITES by Bubuflats,2389776,NA,Valencia,1,1,€ 100,2019/10/06,2019/10/07,0,"9,3",14
Hi Valencia Apartments - Jorge Juan,2373701,Apartamento,Valencia,1,1,€ 105,2019/10/06,2019/10/07,0,"9,4",14
Valenciaflats Mercado Central,307677,Apartamentos,Valencia,1,1,€ 106,2019/10/06,2019/10/07,0,9,14
Palau de Palomar,471283,Apartamentos,Valencia,1,1,€ 109,2019/10/06,2019/10/07,0,"9,1",14
