name,propertyId,propertyType,city,rooms,days,price,checkIn,checkOut,stars,score,advance
Habitación muy cerca de la playa.,5395908,NA,Valencia,1,1,€ 40,2019/09/18,2019/09/19,0,,7
Aventura,5567318,Apartamentos,Valencia,1,1,€ 40,2019/09/18,2019/09/19,0,,7
Apartment Cabanyal,3172456,Apartamento,Valencia,1,1,NA,2019/09/18,2019/09/19,0,"9,7",7
Attic Rooms in Botánico,5522932,NA,Valencia,1,1,€ 45,2019/09/18,2019/09/19,0,,7
Bright room with trundle bed,5560260,NA,Valencia,1,1,€ 46,2019/09/18,2019/09/19,0,,7
Habitación privada con baño privado a 300 metros de la playa.,5587588,NA,Valencia,1,1,€ 49,2019/09/18,2019/09/19,0,,7
vosotros sereis parte de mi familia.,5299568,NA,Valencia,1,1,€ 50,2019/09/18,2019/09/19,0,,7
Rooms El Picolino,5326859,NA,Valencia,1,1,€ 52,2019/09/18,2019/09/19,0,,7
Hogar Dulce Hogar,5426607,NA,Valencia,1,1,€ 60,2019/09/18,2019/09/19,0,,7
Preciosa Casita Cerca Del Mar,4057271,Apartamento,Valencia,1,1,NA,2019/09/18,2019/09/19,0,"9,7",7
Piso en Playa de Valencia,5533098,Apartamento,Valencia,1,1,€ 70,2019/09/18,2019/09/19,0,,7
Habitación en Valencia,5477394,NA,Valencia,1,1,€ 72,2019/09/18,2019/09/19,0,,7
Mi casa es vuestra casa,4967097,NA,Valencia,1,1,€ 75,2019/09/18,2019/09/19,0,,7
Apartments Sollana Near the Turia Park Valencia,5546417,Apartamento,Valencia,1,1,€ 83,2019/09/18,2019/09/19,0,,7
Kirei Apartment Dublin,4639542,Apartamento,Valencia,1,1,€ 103,2019/09/18,2019/09/19,0,,7
casa la tranquilidad,5516825,NA,Valencia,1,1,€ 120,2019/09/18,2019/09/19,0,,7
CÓMODAS HABITACIONES CERCA DE LA PLAYA,5041799,NA,Valencia,1,1,NA,2019/09/18,2019/09/19,0,"9,5",7
Art of Music Apartment Valencia,5263849,Apartamentos,Valencia,1,1,€ 125,2019/09/18,2019/09/19,0,,7
Valencia Apartamentos DEL MAR,5421626,Apartamento,Valencia,1,1,€ 134,2019/09/18,2019/09/19,0,,7
Valencia Puerto Beach 3BD Apartment,5249773,Apartamento,Valencia,1,1,€ 135,2019/09/18,2019/09/19,0,,7
CATHEDRAL ATTIC 1BR- 2BA-TERRACE-VIEW-WI-FI-A/C,5264848,Apartamento,Valencia,1,1,€ 136,2019/09/18,2019/09/19,0,,7
CASA MARQUES DE CARO,4472176,Apartamento,Valencia,1,1,€ 139,2019/09/18,2019/09/19,0,,7
Puerta1 · Enjoy: Large Patio! New. Designer. 2bdrm.2bath. Ruzafa,5517695,Apartamento,Valencia,1,1,€ 143,2019/09/18,2019/09/19,0,,7
Barracart Apartments,2125836,Apartamentos,Valencia,1,1,NA,2019/09/18,2019/09/19,0,"9,6",7
Serranos Apartment,2698760,Apartamento,Valencia,1,1,€ 169,2019/09/18,2019/09/19,0,,7
"Flat ""Ca Alexandre""",3687859,Apartamento,Valencia,1,1,€ 200,2019/09/18,2019/09/19,0,,7
Governor Residence,3799760,Apartahotel,Valencia,1,1,€ 600,2019/09/18,2019/09/19,0,,7
Gulet Why Not,5199364,NA,Valencia,1,1,€ 3.600,2019/09/18,2019/09/19,0,,7
HOSPEDAJE PESET,4718074,NA,Valencia,1,1,€ 40,2019/09/18,2019/09/19,0,"7,3",7
Guest House Samuel Ros,4161855,NA,Valencia,1,1,€ 45,2019/09/18,2019/09/19,0,"7,3",7
Lounge by the sea,4756780,Apartamento,Valencia,1,1,NA,2019/09/18,2019/09/19,0,"9,8",7
La Flamenca,818359,NA,Valencia,1,1,€ 55,2019/09/18,2019/09/19,0,"7,3",7
Avenida del Cid (Centrico),4737683,Apartamento,Valencia,1,1,€ 65,2019/09/18,2019/09/19,0,7,7
Central Station Valencia Hostel,1647017,NA,Valencia,1,1,€ 69,2019/09/18,2019/09/19,0,"7,1",7
SHF Sevilla Loft,850157,Apartamentos,Valencia,1,1,€ 74,2019/09/18,2019/09/19,0,"7,4",7
HOSTAL BED OF THE SEA,3974636,NA,Valencia,1,1,€ 80,2019/09/18,2019/09/19,0,"7,1",7
Hostal la Barraca,350013,NA,Valencia,1,1,€ 80,2019/09/18,2019/09/19,0,"7,2",7
PORT VALENCIA PLAYA,5259971,Apartamento,Valencia,1,1,NA,2019/09/18,2019/09/19,0,"9,8",7
Hostal Residencial RR,450746,NA,Valencia,1,1,€ 80,2019/09/18,2019/09/19,0,7,7
NWT Monserrat,3728842,Apartamentos,Valencia,1,1,€ 84,2019/09/18,2019/09/19,0,7,7
Centro Valencia Calle Cerrajeros,3476261,NA,Valencia,1,1,€ 85,2019/09/18,2019/09/19,0,7,7
Valencia Apartments,4367788,Apartamentos,Valencia,1,1,€ 87,2019/09/18,2019/09/19,0,"7,2",7
Malvarrosa Beach Rooms,314048,NA,Valencia,1,1,€ 103,2019/09/18,2019/09/19,2,"7,1",7
Valencia Apartmans El Carmen,847910,Apartamentos,Valencia,1,1,€ 105,2019/09/18,2019/09/19,0,"7,4",7
Apartment Cisneros 2,2361375,Apartamento,Valencia,1,1,NA,2019/09/18,2019/09/19,0,"9,7",7
B&B El Mercat,2203530,NA,Valencia,1,1,€ 110,2019/09/18,2019/09/19,0,"7,3",7
Kirei Apartment En Llop,1765516,Apartamentos,Valencia,1,1,€ 112,2019/09/18,2019/09/19,0,"7,1",7
Apartamento para 10 personas,5029963,Apartamento,Valencia,1,1,€ 131,2019/09/18,2019/09/19,0,"7,3",7
Catedral Reina Apartaments,5348651,Apartamentos,Valencia,1,1,€ 140,2019/09/18,2019/09/19,0,"7,2",7
Select Home Catedral,440778,Apartamentos,Valencia,1,1,€ 150,2019/09/18,2019/09/19,0,"7,1",7
Select Home Town Hall,1648016,Apartamentos,Valencia,1,1,€ 220,2019/09/18,2019/09/19,0,"7,3",7
Casa Botànic - Céntrico y con comodidades,4218273,Apartamento,Valencia,1,1,NA,2019/09/18,2019/09/19,0,"9,8",7
MD Olivereta Apartment,3783665,Apartamento,Valencia,1,1,€ 490,2019/09/18,2019/09/19,0,"7,3",7
Habitación Despuig,4901343,NA,Valencia,1,1,€ 30,2019/09/18,2019/09/19,0,"6,8",7
Loyola Room Habitación en Piso Compartido,3298489,NA,Valencia,1,1,€ 30,2019/09/18,2019/09/19,0,"6,8",7
Habitación con cama doble,4794909,NA,Valencia,1,1,€ 36,2019/09/18,2019/09/19,0,"6,7",7
Ruzafa Rooms,2891693,NA,Valencia,1,1,€ 40,2019/09/18,2019/09/19,0,"6,9",7
Geography and Arts.,3569110,NA,Valencia,1,1,€ 46,2019/09/18,2019/09/19,0,"6,9",7
City Center Atico 360,3025679,Apartamento,Valencia,1,1,NA,2019/09/18,2019/09/19,0,"9,5",7
Premium Apartments,486507,Apartamentos,Valencia,1,1,€ 74,2019/09/18,2019/09/19,0,"6,9",7
Kirei Apartment Na Jordana,1702092,Apartamentos,Valencia,1,1,€ 91,2019/09/18,2019/09/19,0,"6,9",7
Casita Esmeralda,2040126,Casa o chalet,Valencia,1,1,€ 139,2019/09/18,2019/09/19,0,"6,5",7
The River Hostel,494202,NA,Valencia,1,1,€ 32,2019/09/18,2019/09/19,0,"8,5",7
Home Youth Hostel by Feetup Hostels,189322,NA,Valencia,1,1,€ 35,2019/09/18,2019/09/19,0,"8,8",7
Atico Loft Ruzafa,3152977,Apartamento,Valencia,1,1,NA,2019/09/18,2019/09/19,0,"9,7",7
Select Home Boutique Center,387770,Apartamentos,Valencia,1,1,€ 240,2019/09/18,2019/09/19,0,"6,9",7
Fun and Sun Center 2,2944416,NA,Valencia,1,1,€ 41,2019/09/18,2019/09/19,0,"6,1",7
Loft Central Market - Tapas,3187998,Apartamentos,Valencia,1,1,€ 93,2019/09/18,2019/09/19,0,"6,4",7
Cool Loft Malvarrosa Beach,4309218,Apartamento,Valencia,1,1,NA,2019/09/18,2019/09/19,0,"9,6",7
Kirei Apartment San Agustin,1712323,Apartamentos,Valencia,1,1,€ 95,2019/09/18,2019/09/19,0,6,7
Homestay Carrer Sagun,5006434,NA,Valencia,1,1,€ 48,2019/09/18,2019/09/19,0,"8,5",7
Rooms Valencia Center,5507857,NA,Valencia,1,1,€ 50,2019/09/18,2019/09/19,0,"8,8",7
Russafa Youth Hostel,345134,NA,Valencia,1,1,€ 54,2019/09/18,2019/09/19,0,"8,6",7
UNIK. Apartments Valencia,2241282,Apartamentos,Valencia,1,1,€ 58,2019/09/18,2019/09/19,0,"8,5",7
Kirei Apartment Denver,4585191,Apartamento,Valencia,1,1,€ 126,2019/09/18,2019/09/19,0,"6,3",7
RoomTuristValencia - Ruzafa,4608394,NA,Valencia,1,1,€ 30,2019/09/18,2019/09/19,0,"5,6",7
Ruzafa Guesthouse,2269176,NA,Valencia,1,1,€ 33,2019/09/18,2019/09/19,0,"5,6",7
Namaste Rooms,3799642,NA,Valencia,1,1,€ 60,2019/09/18,2019/09/19,0,"8,7",7
Host & Home,1663785,NA,Valencia,1,1,€ 72,2019/09/18,2019/09/19,0,"8,9",7
Central Park Apartment Valencia,3881533,Apartamento,Valencia,1,1,NA,2019/09/18,2019/09/19,0,"9,6",7
Habitación doble,3599930,NA,Valencia,1,1,€ 76,2019/09/18,2019/09/19,0,"8,9",7
Guest House Higinio Noja,2845935,NA,Valencia,1,1,€ 40,2019/09/18,2019/09/19,0,"5,9",7
Carrer del Bisbe Jaume Pérez,4900140,NA,Valencia,1,1,€ 55,2019/09/18,2019/09/19,0,"5,9",7
Home Sweet Home,1223953,NA,Valencia,1,1,€ 60,2019/09/18,2019/09/19,0,"5,5",7
Balandra Flat,2032624,Apartamento,Valencia,1,1,€ 79,2019/09/18,2019/09/19,0,"8,7",7
Casa del Patriarca,364834,NA,Valencia,1,1,€ 86,2019/09/18,2019/09/19,0,"8,9",7
APARTAMENTO LAS MELLIZAS,4651578,NA,Valencia,1,1,€ 45,2019/09/18,2019/09/19,0,"8,5",7
Perla Apartments,3146781,Apartamentos,Valencia,1,1,€ 90,2019/09/18,2019/09/19,0,"8,8",7
Zalamera BnB,1331238,NA,Valencia,1,1,€ 90,2019/09/18,2019/09/19,0,"8,7",7
Ciudad Ciencias- Lujo- Parking- Wi-Fi.,4999636,Apartamento,Valencia,1,1,NA,2019/09/18,2019/09/19,0,"9,8",7
ABCyou Bed&Breakfast,189207,NA,Valencia,1,1,€ 94,2019/09/18,2019/09/19,0,"8,5",7
Plaza Sainetero Arniches,3984774,Apartamento,Valencia,1,1,€ 97,2019/09/18,2019/09/19,0,"8,5",7
Mar & City Apartment,3456759,Apartamento,Valencia,1,1,€ 101,2019/09/18,2019/09/19,0,"8,8",7
Valenciaflats Centro Histórico,94781,Apartamentos,Valencia,1,1,€ 110,2019/09/18,2019/09/19,0,"8,7",7
Friendly Rentals Schubert,1634221,Apartamentos,Valencia,1,1,€ 110,2019/09/18,2019/09/19,0,"8,9",7
New Trendy apartment,2426154,Apartamento,Valencia,1,1,€ 110,2019/09/18,2019/09/19,0,"8,7",7
Oliver,4865093,NA,Valencia,1,1,€ 73,2019/09/18,2019/09/19,0,"5,8",7
Kirei Apartment Berlin,4504570,Apartamentos,Valencia,1,1,€ 92,2019/09/18,2019/09/19,0,"5,5",7
Guest House Duc de Gaeta,2275007,NA,Valencia,1,1,€ 33,2019/09/18,2019/09/19,0,5,7
RoomTuristValencia Estacion del Norte,4682632,NA,Valencia,1,1,€ 35,2019/09/18,2019/09/19,0,"5,3",7
Guest House Torres de Quart,2275006,NA,Valencia,1,1,€ 39,2019/09/18,2019/09/19,0,"5,3",7
Guest House Ruzafa,2324552,NA,Valencia,1,1,€ 40,2019/09/18,2019/09/19,0,"5,3",7
Guesthouse Plaza de Toros,2985902,NA,Valencia,1,1,€ 33,2019/09/18,2019/09/19,0,"4,9",7
RoomTuristValencia Torres de Quart,4565643,NA,Valencia,1,1,€ 41,2019/09/18,2019/09/19,0,"4,5",7
RoomTuristValencia RuzafaSumsi,4682802,NA,Valencia,1,1,€ 45,2019/09/18,2019/09/19,0,"4,6",7
Constitucion Guesthouse,2985942,NA,Valencia,1,1,€ 30,2019/09/18,2019/09/19,0,"3,5",7
Apartamento Islas Canarias,2304086,Apartamento,Valencia,1,1,€ 65,2019/09/18,2019/09/19,0,"3,8",7
Bruno Apartment,2715023,Apartamento,Valencia,1,1,NA,2019/09/18,2019/09/19,0,"9,7",7
Friendly Rentals Brade,1918694,Apartamento,Valencia,1,1,€ 110,2019/09/18,2019/09/19,0,"8,8",7
Casual del Cine Valencia,572187,NA,Valencia,1,1,€ 111,2019/09/18,2019/09/19,2,"8,6",7
Casual Vintage Valencia,1710241,NA,Valencia,1,1,€ 113,2019/09/18,2019/09/19,2,"8,6",7
Hotel El Siglo,1741479,NA,Valencia,1,1,€ 113,2019/09/18,2019/09/19,3,"8,5",7
Apartments Plaza Ayuntamiento,3506736,Apartamento,Valencia,1,1,€ 119,2019/09/18,2019/09/19,0,"8,7",7
Flatsforyou Ruzafa,3342696,Apartamentos,Valencia,1,1,€ 120,2019/09/18,2019/09/19,0,"8,8",7
La Casa Verde - Ruzafa,2029143,Apartamento,Valencia,1,1,NA,2019/09/18,2019/09/19,0,"9,7",7
Apartamentos Valencia - Brazil 31 Free WiFi,4948554,Apartamento,Valencia,1,1,€ 123,2019/09/18,2019/09/19,0,"8,7",7
Citizentral Gascons,332095,Apartamentos,Valencia,1,1,€ 126,2019/09/18,2019/09/19,0,"8,7",7
Rooms Ciencias,94126,NA,Valencia,1,1,€ 130,2019/09/18,2019/09/19,0,"8,9",7
Flatsforyou Sorolla House,403442,Apartamentos,Valencia,1,1,€ 130,2019/09/18,2019/09/19,0,"8,6",7
Friendly Rentals Verdi 2,2523881,Apartamento,Valencia,1,1,€ 130,2019/09/18,2019/09/19,0,"8,7",7
El Palacete Gran Via,3483148,NA,Valencia,1,1,€ 131,2019/09/18,2019/09/19,0,"8,8",7
Opera House Valencia B&B,3533887,NA,Valencia,1,1,NA,2019/09/18,2019/09/19,0,"9,5",7
Biopark View Apartment,2381901,Apartamento,Valencia,1,1,€ 133,2019/09/18,2019/09/19,0,"8,9",7
Valenciaflats Mercado Central,307677,Apartamentos,Valencia,1,1,€ 135,2019/09/18,2019/09/19,0,"8,9",7
Friendly Rentals Strauss,1634236,Apartamento,Valencia,1,1,€ 135,2019/09/18,2019/09/19,0,"8,8",7
Friendly Rentals Ferrero,2314984,Apartamento,Valencia,1,1,€ 140,2019/09/18,2019/09/19,0,"8,6",7
Barceló Valencia,91988,NA,Valencia,1,1,€ 140,2019/09/18,2019/09/19,4,"8,7",7
Pintor Salvador Abril 24 Apartment,3249845,Apartamento,Valencia,1,1,€ 141,2019/09/18,2019/09/19,0,"8,9",7
Living Valencia - Olympia House,2215435,Apartamentos,Valencia,1,1,€ 141,2019/09/18,2019/09/19,0,"8,6",7
Pio XII Apartments Valencia,402080,Apartamentos,Valencia,1,1,€ 144,2019/09/18,2019/09/19,0,"8,5",7
Ad Hoc Carmen,1173270,NA,Valencia,1,1,€ 146,2019/09/18,2019/09/19,2,"8,9",7
Apartamentos Plaza Picasso,97063,Apartamentos,Valencia,1,1,€ 149,2019/09/18,2019/09/19,0,"8,5",7
One Shot Colón 46,1394168,NA,Valencia,1,1,€ 149,2019/09/18,2019/09/19,3,"8,7",7
Jardín Botánico Hotel Boutique,93369,NA,Valencia,1,1,€ 150,2019/09/18,2019/09/19,3,"8,9",7
Hotel Malcom and Barret,483261,NA,Valencia,1,1,€ 155,2019/09/18,2019/09/19,3,"8,7",7
Puerta de Serranos,2734333,Apartamentos,Valencia,1,1,€ 161,2019/09/18,2019/09/19,0,"8,8",7
SKY TOURISTIC ATTIC,281640,Apartamentos,Valencia,1,1,€ 162,2019/09/18,2019/09/19,0,"8,5",7
Canela`s Vintage Ruzafa Centro,4652584,Apartamento,Valencia,1,1,€ 170,2019/09/18,2019/09/19,0,"8,6",7
Petit Palace Ruzafa,90792,NA,Valencia,1,1,€ 170,2019/09/18,2019/09/19,3,"8,7",7
Melia Plaza Valencia,13270,NA,Valencia,1,1,€ 176,2019/09/18,2019/09/19,4,"8,9",7
Hotel Dimar,90886,NA,Valencia,1,1,€ 180,2019/09/18,2019/09/19,4,"8,7",7
Hotel Neptuno,91206,NA,Valencia,1,1,€ 180,2019/09/18,2019/09/19,4,"8,5",7
La seda stay,3335523,Apartamento,Valencia,1,1,NA,2019/09/18,2019/09/19,0,"9,7",7
Carlos & Ana,2079019,Apartamento,Valencia,1,1,€ 185,2019/09/18,2019/09/19,0,"8,9",7
Petit Palace Plaza de la Reina,90443,NA,Valencia,1,1,€ 199,2019/09/18,2019/09/19,3,"8,7",7
Lotelito,570027,NA,Valencia,1,1,€ 200,2019/09/18,2019/09/19,0,"8,9",7
AC Hotel Colon Valencia- a Marriott Lifestyle Hotel,1117150,NA,Valencia,1,1,€ 209,2019/09/18,2019/09/19,4,"8,7",7
Vincci Palace,94163,NA,Valencia,1,1,€ 209,2019/09/18,2019/09/19,4,"8,6",7
SH Valencia Palace,91497,NA,Valencia,1,1,€ 210,2019/09/18,2019/09/19,5,"8,5",7
Ambrosio Flats Valencia - El Mercat,3131649,Apartamento,Valencia,1,1,NA,2019/09/18,2019/09/19,0,"9,5",7
The Westin Valencia,93321,NA,Valencia,1,1,€ 213,2019/09/18,2019/09/19,5,"8,7",7
Hospes Palau de La Mar,93823,NA,Valencia,1,1,€ 216,2019/09/18,2019/09/19,5,"8,8",7
SingularStays Parque Central,3054000,Apartamentos,Valencia,1,1,€ 217,2019/09/18,2019/09/19,0,"8,8",7
Hotel Kramer,91106,NA,Valencia,1,1,€ 220,2019/09/18,2019/09/19,3,"8,8",7
SH Ingles Boutique Hotel,92956,NA,Valencia,1,1,€ 220,2019/09/18,2019/09/19,4,"8,5",7
Ilunion Aqua 4,92777,NA,Valencia,1,1,€ 230,2019/09/18,2019/09/19,4,"8,5",7
Travel Habitat Ático Ciutat Vella.,3264750,Apartamento,Valencia,1,1,NA,2019/09/18,2019/09/19,0,"9,5",7
Vincci Lys,91183,NA,Valencia,1,1,€ 242,2019/09/18,2019/09/19,4,"8,9",7
Hotel Valencia Oceanic Managed by Melia Hotels International,91522,NA,Valencia,1,1,€ 248,2019/09/18,2019/09/19,4,"8,6",7
One Shot Palacio Reina Victoria 04,90885,NA,Valencia,1,1,€ 249,2019/09/18,2019/09/19,4,"8,6",7
Select Home Alma Palace,1381946,Apartamento,Valencia,1,1,€ 265,2019/09/18,2019/09/19,0,"8,8",7
Select Home Mercado de Colón,2960845,Apartamentos,Valencia,1,1,€ 270,2019/09/18,2019/09/19,0,"8,9",7
AC Hotel Valencia- a Marriott Lifestyle Hotel,91063,NA,Valencia,1,1,€ 286,2019/09/18,2019/09/19,4,"8,6",7
El Corazon de Canovas,2634817,Apartamento,Valencia,1,1,NA,2019/09/18,2019/09/19,0,"9,6",7
Melia Valencia,290493,NA,Valencia,1,1,€ 1.490,2019/09/18,2019/09/19,4,"8,8",7
Center Valencia Youth Hostel,246931,NA,Valencia,1,1,€ 26,2019/09/18,2019/09/19,0,8,7
Urban Youth Hostel,1163025,NA,Valencia,1,1,€ 30,2019/09/18,2019/09/19,0,"8,4",7
Habitación en valencia centro,5418023,NA,Valencia,1,1,€ 35,2019/09/18,2019/09/19,0,"8,2",7
Rio Turia B&B,5531073,NA,Valencia,1,1,€ 39,2019/09/18,2019/09/19,0,"8,3",7
Habitacion en Valencia Barata,4861796,NA,Valencia,1,1,€ 45,2019/09/18,2019/09/19,0,"8,2",7
Luxury Beach House,3602594,Casa o chalet,Valencia,1,1,NA,2019/09/18,2019/09/19,0,"9,7",7
Purple Nest Hostel,25278,NA,Valencia,1,1,€ 47,2019/09/18,2019/09/19,0,"8,1",7
Pension MonaLisa Luxury Suites,3834224,NA,Valencia,1,1,€ 60,2019/09/18,2019/09/19,0,"8,2",7
Hostal Abastos,257057,NA,Valencia,1,1,€ 60,2019/09/18,2019/09/19,2,"8,2",7
Red Nest Hostel,92283,NA,Valencia,1,1,€ 61,2019/09/18,2019/09/19,0,"8,2",7
Ramirez Flats & Bar,4124528,Apartahotel,Valencia,1,1,€ 130,2019/09/18,2019/09/19,0,"9,5",7
Charming Ninetta,3220582,Apartamento,Valencia,1,1,€ 135,2019/09/18,2019/09/19,0,"9,5",7
Espai One Santa Mónica,5471724,Apartamento,Valencia,1,1,NA,2019/09/18,2019/09/19,0,10,7
B&B Hi Valencia Canovas,305349,NA,Valencia,1,1,€ 65,2019/09/18,2019/09/19,0,"8,4",7
Happy Apartments Valencia – Lope de Vega,575582,Apartamentos,Valencia,1,1,€ 69,2019/09/18,2019/09/19,0,"8,1",7
APARTAMENTO DE DISEÑO EN PLAZA MANISES,2823390,Apartamento,Valencia,1,1,NA,2019/09/18,2019/09/19,0,"9,7",7
APARTAMENTO DE ENSUEÑO,3043871,Apartamento,Valencia,1,1,€ 82,2019/09/18,2019/09/19,0,8,7
NWT Central Station Apartments,3964093,Apartamento,Valencia,1,1,€ 84,2019/09/18,2019/09/19,0,"8,2",7
United Colors of Apartments - Catedral,1301545,Apartamentos,Valencia,1,1,€ 84,2019/09/18,2019/09/19,0,"8,2",7
Reina 12,1684198,NA,Valencia,1,1,€ 90,2019/09/18,2019/09/19,0,"8,2",7
Apartamento Cuatro Carreres,2743149,Apartamento,Valencia,1,1,€ 95,2019/09/18,2019/09/19,0,"8,2",7
SHF Flats Baron,1033085,Apartamentos,Valencia,1,1,€ 99,2019/09/18,2019/09/19,0,8,7
Valencia Beach Apartments,393508,Apartamento,Valencia,1,1,€ 100,2019/09/18,2019/09/19,0,"8,3",7
RUZAFA- CENTRO-A/C- WI-FI- PARKING,2885994,Apartamento,Valencia,1,1,€ 140,2019/09/18,2019/09/19,0,"9,7",7
Stay at Valencia Downtown,1840715,Apartamento,Valencia,1,1,€ 141,2019/09/18,2019/09/19,0,"9,6",7
15 Avinguda Mare Nostrum,4518973,Apartamento,Valencia,1,1,€ 145,2019/09/18,2019/09/19,0,"9,8",7
Apartment Sofi,2830696,Apartamento,Valencia,1,1,€ 150,2019/09/18,2019/09/19,0,"9,8",7
Casa Calle Conquista,4691493,Apartamento,Valencia,1,1,€ 300,2019/09/18,2019/09/19,0,"9,6",7
Art&Flats Bed&Breakfast,5238345,NA,Valencia,1,1,€ 26,2019/09/18,2019/09/19,0,9,7
MerKat-Abastos,1231196,Apartamento,Valencia,1,1,NA,2019/09/18,2019/09/19,0,"9,7",7
Cantagua Hostel,4074640,NA,Valencia,1,1,€ 48,2019/09/18,2019/09/19,0,"9,1",7
Magnífico Adosado- cerca de Valencia ciudad- en zona de montaña y playa fluvial,5354233,Casa o chalet,Valencia,1,1,€ 72,2019/09/18,2019/09/19,0,"9,1",7
Apartment close to park Marchalenes,4418670,Apartamento,Valencia,1,1,€ 86,2019/09/18,2019/09/19,0,"9,1",7
MD Modern Hotel - Jardines,305447,NA,Valencia,1,1,€ 108,2019/09/18,2019/09/19,1,"8,3",7
Nanit Valencia Hostel,3913497,NA,Valencia,1,1,€ 109,2019/09/18,2019/09/19,0,"8,3",7
La casita de Palomar,2132386,Apartamentos,Valencia,1,1,€ 89,2019/09/18,2019/09/19,0,"9,4",7
OttoH Charm Stay,2459807,NA,Valencia,1,1,€ 99,2019/09/18,2019/09/19,0,"9,3",7
YOU & CO. Saler Beach Boutique,4533007,NA,Valencia,1,1,€ 99,2019/09/18,2019/09/19,3,"9,1",7
Apartments Downtown Valencia,2250421,Apartamentos,Valencia,1,1,NA,2019/09/18,2019/09/19,0,"9,6",7
"Piso ""Como en tu casa""",2689136,Apartamento,Valencia,1,1,€ 100,2019/09/18,2019/09/19,0,"9,3",7
L'Arbre,3972359,Apartamento,Valencia,1,1,€ 103,2019/09/18,2019/09/19,0,"9,3",7
Flatsforyou Petit Bonaire,455152,Apartamentos,Valencia,1,1,€ 110,2019/09/18,2019/09/19,0,"8,3",7
Friendly Rentals Puerto Deportivo,2317861,Apartamentos,Valencia,1,1,€ 110,2019/09/18,2019/09/19,0,"8,1",7
Hotel Olympia Universidades,1301731,NA,Valencia,1,1,€ 111,2019/09/18,2019/09/19,3,"8,4",7
Friendly Rentals Pergolesi,1634240,Apartamento,Valencia,1,1,€ 115,2019/09/18,2019/09/19,0,"8,4",7
Valenciaflats Torres de Serrano,17468,Apartamentos,Valencia,1,1,€ 120,2019/09/18,2019/09/19,0,"8,3",7
Sol Playa,12656,NA,Valencia,1,1,€ 125,2019/09/18,2019/09/19,2,"8,3",7
Lovely Apartment!,3377663,Apartamentos,Valencia,1,1,€ 125,2019/09/18,2019/09/19,0,"8,4",7
Zerka Centro,4425975,Apartamentos,Valencia,1,1,€ 129,2019/09/18,2019/09/19,0,"8,3",7
Eurostars Rey Don Jaime,91520,NA,Valencia,1,1,€ 134,2019/09/18,2019/09/19,4,"8,2",7
Apartments Madrina,3278589,Apartamentos,Valencia,1,1,€ 105,2019/09/18,2019/09/19,0,9,7
Bubuflats Bubu 5,1283519,Apartamento,Valencia,1,1,€ 110,2019/09/18,2019/09/19,0,"9,1",7
Apartamento Ruzafa Centro I,2006333,Apartamento,Valencia,1,1,€ 117,2019/09/18,2019/09/19,0,"9,2",7
Original Domino House,5434091,NA,Valencia,1,1,€ 117,2019/09/18,2019/09/19,0,"9,2",7
Valencia what else...,2550483,Apartamento,Valencia,1,1,NA,2019/09/18,2019/09/19,0,"9,5",7
HQ Rooms Apartments San Vicente,2894429,Apartamentos,Valencia,1,1,€ 122,2019/09/18,2019/09/19,0,"9,2",7
Apartments Abate 4,2848648,Apartamentos,Valencia,1,1,€ 124,2019/09/18,2019/09/19,0,"9,1",7
Hi Valencia Cánovas,4312120,Apartamentos,Valencia,1,1,€ 128,2019/09/18,2019/09/19,0,9,7
Valenciaflats Ciudad de las Ciencias,93676,Apartamentos,Valencia,1,1,€ 130,2019/09/18,2019/09/19,0,"9,1",7
Valenciaflats Centro Ciudad,18544,Apartamentos,Valencia,1,1,€ 130,2019/09/18,2019/09/19,0,"9,2",7
Hostal Venecia,92883,NA,Valencia,1,1,€ 130,2019/09/18,2019/09/19,2,"9,1",7
Luxury Center Plaza Redonda,5138960,Apartamento,Valencia,1,1,NA,2019/09/18,2019/09/19,0,"9,8",7
Citizentral Juristas,1113127,Apartamentos,Valencia,1,1,€ 146,2019/09/18,2019/09/19,0,"9,2",7
The Flow House,4762375,Apartamentos,Valencia,1,1,€ 146,2019/09/18,2019/09/19,0,"9,4",7
Apartamentos Wallace,1698355,Apartamentos,Valencia,1,1,€ 150,2019/09/18,2019/09/19,0,"9,2",7
Sweet Caroline Apartment,1811784,Apartamento,Valencia,1,1,€ 150,2019/09/18,2019/09/19,0,"9,2",7
B BEACH VALENCIA,5125954,Apartamento,Valencia,1,1,€ 150,2019/09/18,2019/09/19,0,9,7
Mon Suites San Nicolas,4117225,Apartamentos,Valencia,1,1,€ 152,2019/09/18,2019/09/19,0,"9,2",7
BONNIES Suites & Spa Valencia,3631910,Apartamentos,Valencia,1,1,NA,2019/09/18,2019/09/19,0,"9,8",7
Apartamentos Edificio Palomar,189277,Apartamentos,Valencia,1,1,€ 155,2019/09/18,2019/09/19,0,"9,2",7
Duplex en Blasco Ibáñez,3672426,Apartamento,Valencia,1,1,€ 155,2019/09/18,2019/09/19,0,"9,1",7
Soho Valencia,1538641,Apartahotel,Valencia,1,1,€ 159,2019/09/18,2019/09/19,0,9,7
Hotel Valencia Alameda,4019381,NA,Valencia,1,1,€ 162,2019/09/18,2019/09/19,4,"9,3",7
Sorolla Centro,90896,NA,Valencia,1,1,€ 170,2019/09/18,2019/09/19,3,"9,1",7
Friendly Rentals Rey,1634248,Apartamento,Valencia,1,1,€ 170,2019/09/18,2019/09/19,0,9,7
Mon Suites Catedral,485679,Apartamentos,Valencia,1,1,€ 175,2019/09/18,2019/09/19,0,"9,2",7
MARQUÉS HOUSE 4* SUP,2118880,NA,Valencia,1,1,€ 179,2019/09/18,2019/09/19,4,"9,4",7
Zerka Sendra,4657122,Apartamento,Valencia,1,1,€ 179,2019/09/18,2019/09/19,0,9,7
Apartamentos La más Bonita,2816245,Apartamentos,Valencia,1,1,€ 180,2019/09/18,2019/09/19,0,"9,1",7
ARENAS 2 APARTAMENT,2808815,Apartamento,Valencia,1,1,€ 200,2019/09/18,2019/09/19,0,"9,1",7
Palacio de Rojas,1073276,Apartamentos,Valencia,1,1,€ 209,2019/09/18,2019/09/19,0,"9,3",7
MYR Hotel Plaza Mercado & Spa,1619029,Apartahotel,Valencia,1,1,€ 209,2019/09/18,2019/09/19,0,"9,2",7
Arena's Apartament,2156905,Apartamento,Valencia,1,1,€ 225,2019/09/18,2019/09/19,0,"9,1",7
Vincci Mercat,1279484,NA,Valencia,1,1,€ 242,2019/09/18,2019/09/19,4,9,7
Caro Hotel,348132,NA,Valencia,1,1,€ 305,2019/09/18,2019/09/19,5,"9,2",7
Old Fisherman's House in Malvarrosa Beach,3618172,Apartamento,Valencia,1,1,€ 346,2019/09/18,2019/09/19,0,"9,4",7
Las Arenas Balneario Resort,91144,NA,Valencia,1,1,€ 851,2019/09/18,2019/09/19,5,9,7
Hotel Valencia Center,91285,NA,Valencia,1,1,€ 139,2019/09/18,2019/09/19,4,"8,4",7
Sweet Hotel Renasa,274818,NA,Valencia,1,1,€ 139,2019/09/18,2019/09/19,3,8,7
Apartamento Comedias,2236348,Apartamento,Valencia,1,1,NA,2019/09/18,2019/09/19,0,"9,8",7
Dreams Rental Plaza Redonda,1665625,Apartamentos,Valencia,1,1,€ 139,2019/09/18,2019/09/19,0,"8,2",7
Malvarrosa Calle Pavia,3608764,Casa o chalet,Valencia,1,1,€ 140,2019/09/18,2019/09/19,0,"8,1",7
Friendly Rentals Telemann,1634241,Apartamento,Valencia,1,1,€ 140,2019/09/18,2019/09/19,0,"8,1",7
Friendly rentals Enesco Beach,2526514,Apartamento,Valencia,1,1,€ 145,2019/09/18,2019/09/19,0,8,7
Penthouse at City Center,2592975,Apartamento,Valencia,1,1,€ 148,2019/09/18,2019/09/19,0,"8,4",7
Eurostars Gran Valencia,90484,NA,Valencia,1,1,€ 161,2019/09/18,2019/09/19,4,"8,4",7
Apartments Torres de Serranos Valencia,1099602,Apartamentos,Valencia,1,1,NA,2019/09/18,2019/09/19,0,"9,6",7
Apartamento cerca de la playa y Ciudad de las Ciencias,4576062,Apartamento,Valencia,1,1,€ 163,2019/09/18,2019/09/19,0,"8,1",7
Silken Puerta Valencia,91182,NA,Valencia,1,1,€ 170,2019/09/18,2019/09/19,4,"8,3",7
Hotel Medium Valencia,96838,NA,Valencia,1,1,€ 171,2019/09/18,2019/09/19,4,"8,2",7
Vlc Apartaments el Carmen,389902,Apartamentos,Valencia,1,1,€ 214,2019/09/18,2019/09/19,0,"8,2",7
Ilunion Aqua 3,92776,NA,Valencia,1,1,€ 216,2019/09/18,2019/09/19,3,"8,3",7
Senator Parque Central Hotel,274963,NA,Valencia,1,1,€ 235,2019/09/18,2019/09/19,4,"8,1",7
Centro en Valencia,2885222,Apartamento,Valencia,1,1,NA,2019/09/18,2019/09/19,0,"9,5",7
Ilunion Valencia 4,754329,NA,Valencia,1,1,€ 270,2019/09/18,2019/09/19,4,"8,1",7
MD Benlliure Beach.,1957258,Apartamento,Valencia,1,1,€ 275,2019/09/18,2019/09/19,0,8,7
Musico Peydro Apartments,3765069,Apartamentos,Valencia,1,1,€ 285,2019/09/18,2019/09/19,0,8,7
Tryp Valencia Feria,92852,NA,Valencia,1,1,€ 289,2019/09/18,2019/09/19,4,"8,4",7
MD Sueca. Apartment with Terrace Ruzafa,2551179,Apartamento,Valencia,1,1,€ 373,2019/09/18,2019/09/19,0,"8,2",7
Adrian's House,2271869,NA,Valencia,1,1,€ 35,2019/09/18,2019/09/19,0,"7,8",7
Colón Market Downtown,4607745,Apartamento,Valencia,1,1,NA,2019/09/18,2019/09/19,0,"9,7",7
Habitación Céntrica en Casa de Familia,4289877,NA,Valencia,1,1,€ 35,2019/09/18,2019/09/19,0,"7,8",7
UP Hostel Valencia,1710137,NA,Valencia,1,1,€ 37,2019/09/18,2019/09/19,0,"7,8",7
Voyagers Inn Homestay,2682156,NA,Valencia,1,1,€ 43,2019/09/18,2019/09/19,0,"7,8",7
Valencia City Host,1177077,NA,Valencia,1,1,€ 44,2019/09/18,2019/09/19,0,"7,8",7
Hostal Moratin,326015,NA,Valencia,1,1,€ 51,2019/09/18,2019/09/19,1,"7,9",7
Habitación cerca del centro,2789581,NA,Valencia,1,1,€ 52,2019/09/18,2019/09/19,0,"7,5",7
Apartamento Forn dels Apòstols,3122008,Apartamento,Valencia,1,1,NA,2019/09/18,2019/09/19,0,"9,6",7
Casual Civilizaciones Valencia,449777,NA,Valencia,1,1,€ 56,2019/09/18,2019/09/19,0,"7,9",7
Habitacion por dias Centro Valencia,3977106,NA,Valencia,1,1,€ 62,2019/09/18,2019/09/19,0,"7,9",7
OYO Pensión El Rincón,476031,NA,Valencia,1,1,€ 69,2019/09/18,2019/09/19,1,"7,6",7
Valencia Lounge Hostel,337203,NA,Valencia,1,1,€ 80,2019/09/18,2019/09/19,0,"7,8",7
City Center Apartments,4426057,Apartamentos,Valencia,1,1,€ 81,2019/09/18,2019/09/19,0,"7,8",7
Apartamento Angel Alcazar 35,2174625,Apartamento,Valencia,1,1,€ 90,2019/09/18,2019/09/19,0,"7,5",7
Ayuntamiento Panoramic,3089239,Apartamento,Valencia,1,1,NA,2019/09/18,2019/09/19,0,"9,5",7
El 16 Ruzafa,865461,Apartamentos,Valencia,1,1,€ 94,2019/09/18,2019/09/19,0,"7,7",7
Cosy Rooms Tapinería,371192,NA,Valencia,1,1,€ 99,2019/09/18,2019/09/19,2,"7,5",7
YourPlace Apartments,2896608,Apartamentos,Valencia,1,1,€ 104,2019/09/18,2019/09/19,0,"7,6",7
Art of Dance Apartment Valencia,3732969,Apartamento,Valencia,1,1,€ 105,2019/09/18,2019/09/19,0,"7,6",7
Kirei Apartment Calgary,4768322,Apartamento,Valencia,1,1,€ 115,2019/09/18,2019/09/19,0,"7,6",7
Apartamentos Catedral,2358858,Apartamentos,Valencia,1,1,€ 119,2019/09/18,2019/09/19,0,"7,8",7
Hotel Turia,14441,NA,Valencia,1,1,€ 119,2019/09/18,2019/09/19,4,"7,5",7
Old Town Flats Casa Burguerini,4552106,Apartamentos,Valencia,1,1,€ 136,2019/09/18,2019/09/19,0,"7,7",7
El Globo,24498,NA,Valencia,1,1,€ 144,2019/09/18,2019/09/19,1,"7,8",7
Expo Hotel Valencia,91223,NA,Valencia,1,1,€ 160,2019/09/18,2019/09/19,3,"7,6",7
Apartment Valencia,348555,Apartamentos,Valencia,1,1,€ 169,2019/09/18,2019/09/19,0,"7,9",7
Hotel Beleret,94652,NA,Valencia,1,1,€ 183,2019/09/18,2019/09/19,3,"7,6",7
MD Art Apartment Ruzafa,2550955,Apartamento,Valencia,1,1,€ 280,2019/09/18,2019/09/19,0,"7,6",7
MD Abastos Center,2551194,Apartamento,Valencia,1,1,€ 329,2019/09/18,2019/09/19,0,"7,7",7
MD Oliag I Apartment Ruzafa,2867488,Apartamento,Valencia,1,1,€ 373,2019/09/18,2019/09/19,0,"7,7",7
Select Home Paz Apartment,1687820,Apartamento,Valencia,1,1,€ 530,2019/09/18,2019/09/19,0,"7,8",7
feliz como en casa,3676196,NA,Valencia,1,1,€ 36,2019/09/18,2019/09/19,0,"7,2",7
Rooms Jardin Botanico,5423036,NA,Valencia,1,1,€ 38,2019/09/18,2019/09/19,0,"7,4",7
