name,propertyId,propertyType,city,rooms,days,price,checkIn,checkOut,stars,score,advance
Mi casa es vuestra casa,4967097,NA,Valencia,1,1,€ 70,2019/09/28,2019/09/29,0,,14
Habitación en Valencia,5477394,NA,Valencia,1,1,€ 72,2019/09/28,2019/09/29,0,,14
Apartments Downtown Valencia,2250421,Apartamentos,Valencia,1,1,NA,2019/09/28,2019/09/29,0,"9,6",14
Comfort Homestay,5423155,NA,Valencia,1,1,€ 75,2019/09/28,2019/09/29,0,,14
sueñavalencia,5603844,NA,Valencia,1,1,€ 75,2019/09/28,2019/09/29,0,,14
Acogedor apartamento en zona universitaria y playa,5414090,Casa o chalet,Valencia,1,1,€ 82,2019/09/28,2019/09/29,0,,14
Loft Turia Gran,5133726,Apartamento,Valencia,1,1,€ 105,2019/09/28,2019/09/29,0,,14
casa completa,5593030,Casa o chalet,Valencia,1,1,€ 119,2019/09/28,2019/09/29,0,,14
Serranos Apartment,2698760,Apartamento,Valencia,1,1,€ 172,2019/09/28,2019/09/29,0,,14
Valencia center,3168460,Apartamento,Valencia,1,1,NA,2019/09/28,2019/09/29,0,"9,8",14
Valencia Puerto Beach 3BD Apartment,5249773,Apartamento,Valencia,1,1,€ 192,2019/09/28,2019/09/29,0,,14
"Flat ""Ca Alexandre""",3687859,Apartamento,Valencia,1,1,€ 200,2019/09/28,2019/09/29,0,,14
CALLE BAJA CIUTAT VELLA,3687463,Apartamento,Valencia,1,1,€ 200,2019/09/28,2019/09/29,0,,14
Governor Residence,3799760,Apartahotel,Valencia,1,1,€ 600,2019/09/28,2019/09/29,0,,14
Apartment Carrer de Cadis,5531328,Apartamentos,Valencia,1,1,€ 648,2019/09/28,2019/09/29,0,,14
Gulet Why Not,5199364,NA,Valencia,1,1,€ 3.600,2019/09/28,2019/09/29,0,,14
Nest Style Valencia -Nueva apertura-,5219046,NA,Valencia,1,1,€ 124,2019/09/28,2019/09/29,3,"9,7",14
Duplex+Swimming pool+private entrance=Housen of LOVE,2999152,Apartamento,Valencia,1,1,€ 135,2019/09/28,2019/09/29,0,"9,5",14
VALENCIA APARTAMENTO GOYA,4256653,Apartamento,Valencia,1,1,NA,2019/09/28,2019/09/29,0,10,14
Ramirez Flats & Bar,4124528,Apartahotel,Valencia,1,1,€ 144,2019/09/28,2019/09/29,0,"9,5",14
Flats Piera Valencia Center,1490563,Apartamentos,Valencia,1,1,€ 145,2019/09/28,2019/09/29,0,"9,6",14
Apartamento Comedias,2236348,Apartamento,Valencia,1,1,€ 156,2019/09/28,2019/09/29,0,"9,7",14
Disfruta - Enjoy Valencia Centre,3881970,Apartamento,Valencia,1,1,€ 219,2019/09/28,2019/09/29,0,"9,8",14
Cool Loft Malvarrosa Beach,4309218,Apartamento,Valencia,1,1,€ 305,2019/09/28,2019/09/29,0,"9,6",14
Art&Flats Bed&Breakfast,5238345,NA,Valencia,1,1,€ 34,2019/09/28,2019/09/29,0,9,14
MerKat-Abastos,1231196,Apartamento,Valencia,1,1,NA,2019/09/28,2019/09/29,0,"9,7",14
Cantagua Hostel,4074640,NA,Valencia,1,1,€ 51,2019/09/28,2019/09/29,0,"9,1",14
Habitación privada a 1500 metros de la playa,3789910,NA,Valencia,1,1,€ 60,2019/09/28,2019/09/29,0,"9,2",14
Magnífico Adosado- cerca de Valencia ciudad- en zona de montaña y playa fluvial,5354233,Casa o chalet,Valencia,1,1,€ 72,2019/09/28,2019/09/29,0,"9,1",14
YOU & CO. Saler Beach Boutique,4533007,NA,Valencia,1,1,€ 84,2019/09/28,2019/09/29,3,"9,1",14
Original Domino House,5434091,NA,Valencia,1,1,€ 87,2019/09/28,2019/09/29,0,"9,2",14
Valenciaflats Centro Ciudad,18544,Apartamentos,Valencia,1,1,€ 120,2019/09/28,2019/09/29,0,"9,2",14
Apartment Cisneros 2,2361375,Apartamento,Valencia,1,1,NA,2019/09/28,2019/09/29,0,"9,7",14
Apartamento San Nicolas 3,1352835,Apartamento,Valencia,1,1,€ 122,2019/09/28,2019/09/29,0,9,14
L'Arbre,3972359,Apartamento,Valencia,1,1,€ 127,2019/09/28,2019/09/29,0,"9,4",14
Kasa Katia Eco Guest House,636256,NA,Valencia,1,1,€ 130,2019/09/28,2019/09/29,0,"9,4",14
Rooms Ciencias,94126,NA,Valencia,1,1,€ 135,2019/09/28,2019/09/29,0,9,14
Casual Socarrat Valencia,5142800,NA,Valencia,1,1,€ 140,2019/09/28,2019/09/29,3,"9,2",14
Mon Suites San Nicolas,4117225,Apartamentos,Valencia,1,1,€ 143,2019/09/28,2019/09/29,0,"9,2",14
BONNIES Suites & Spa Valencia,3631910,Apartamentos,Valencia,1,1,NA,2019/09/28,2019/09/29,0,"9,8",14
Soho Valencia,1538641,Apartahotel,Valencia,1,1,€ 144,2019/09/28,2019/09/29,0,9,14
Hostal Venecia,92883,NA,Valencia,1,1,€ 149,2019/09/28,2019/09/29,2,"9,1",14
B BEACH VALENCIA,5125954,Apartamento,Valencia,1,1,€ 150,2019/09/28,2019/09/29,0,"9,1",14
Mon Suites Catedral,485679,Apartamentos,Valencia,1,1,€ 156,2019/09/28,2019/09/29,0,"9,2",14
Citizentral Juristas,1113127,Apartamentos,Valencia,1,1,€ 164,2019/09/28,2019/09/29,0,"9,2",14
Casual de la Música Valencia,273130,NA,Valencia,1,1,€ 141,2019/09/28,2019/09/29,2,"7,5",14
Old Town Flats Casa Burguerini,4552106,Apartamentos,Valencia,1,1,€ 149,2019/09/28,2019/09/29,0,"7,7",14
Disfruta - Enjoy Valencia Ruzafa,3890328,Apartamento,Valencia,1,1,NA,2019/09/28,2019/09/29,0,"9,7",14
El 16 Ruzafa,865461,Apartamentos,Valencia,1,1,€ 159,2019/09/28,2019/09/29,0,"7,7",14
Dreams Rental City Hall,337092,Apartamentos,Valencia,1,1,€ 220,2019/09/28,2019/09/29,0,"7,5",14
MD Benlliure Beach.,1957258,Apartamento,Valencia,1,1,€ 287,2019/09/28,2019/09/29,0,"7,9",14
MD Art Apartment Ruzafa,2550955,Apartamento,Valencia,1,1,€ 297,2019/09/28,2019/09/29,0,"7,6",14
MD Abastos Center,2551194,Apartamento,Valencia,1,1,€ 341,2019/09/28,2019/09/29,0,"7,7",14
MD Oliag I Apartment Ruzafa,2867488,Apartamento,Valencia,1,1,€ 385,2019/09/28,2019/09/29,0,"7,7",14
Garden Turia Downtown,5201200,Apartamento,Valencia,1,1,NA,2019/09/28,2019/09/29,0,"9,9",14
feliz como en casa,3676196,NA,Valencia,1,1,€ 36,2019/09/28,2019/09/29,0,"7,2",14
HOSPEDAJE PESET,4718074,NA,Valencia,1,1,€ 40,2019/09/28,2019/09/29,0,"7,3",14
B&B El Mercat,2203530,NA,Valencia,1,1,€ 55,2019/09/28,2019/09/29,0,"7,3",14
Rooms Central Valencia,5374651,NA,Valencia,1,1,€ 65,2019/09/28,2019/09/29,0,7,14
Homestay & OLEE,4132920,NA,Valencia,1,1,€ 70,2019/09/28,2019/09/29,0,"7,3",14
Centro Valencia Calle Cerrajeros,3476261,NA,Valencia,1,1,€ 80,2019/09/28,2019/09/29,0,"7,1",14
Purísima Street I,2471259,Apartamento,Valencia,1,1,NA,2019/09/28,2019/09/29,0,"9,5",14
Central Station Valencia Hostel,1647017,NA,Valencia,1,1,€ 86,2019/09/28,2019/09/29,0,"7,1",14
Avenida del Cid (Centrico),4737683,Apartamento,Valencia,1,1,€ 95,2019/09/28,2019/09/29,0,"7,1",14
HOSTAL BED OF THE SEA,3974636,NA,Valencia,1,1,€ 120,2019/09/28,2019/09/29,0,"7,1",14
NWT Monserrat,3728842,Apartamentos,Valencia,1,1,€ 149,2019/09/28,2019/09/29,0,7,14
Select Home Town Hall,1648016,Apartamentos,Valencia,1,1,€ 180,2019/09/28,2019/09/29,0,"7,3",14
Best Valencia Beach Flat,3246772,Apartamento,Valencia,1,1,€ 192,2019/09/28,2019/09/29,0,"7,1",14
Apartments Torres de Serranos Valencia,1099602,Apartamentos,Valencia,1,1,NA,2019/09/28,2019/09/29,0,"9,6",14
MD Puerto Rico Apartment Ruzafa,3737151,Apartamento,Valencia,1,1,€ 297,2019/09/28,2019/09/29,0,"7,4",14
Habitación con cama doble,4794909,NA,Valencia,1,1,€ 36,2019/09/28,2019/09/29,0,"6,7",14
PISO ACOGEDOR,4995780,NA,Valencia,1,1,€ 50,2019/09/28,2019/09/29,0,"6,9",14
Geography and Arts.,3569110,NA,Valencia,1,1,€ 60,2019/09/28,2019/09/29,0,"6,9",14
Apartment Valencia Denia,1968489,Apartamentos,Valencia,1,1,€ 79,2019/09/28,2019/09/29,0,"6,7",14
Sercotel Sorolla Palace,93646,NA,Valencia,1,1,€ 99,2019/09/28,2019/09/29,4,"8,6",14
Hotel Kramer,91106,NA,Valencia,1,1,€ 99,2019/09/28,2019/09/29,3,"8,8",14
RUZAFA- CENTRO-A/C- WI-FI- PARKING,2885994,Apartamento,Valencia,1,1,NA,2019/09/28,2019/09/29,0,"9,7",14
Hola Valencia - Holiday Apartments,2818140,Apartamentos,Valencia,1,1,€ 105,2019/09/28,2019/09/29,0,"8,8",14
Hotel Valencia Oceanic Managed by Melia Hotels International,91522,NA,Valencia,1,1,€ 107,2019/09/28,2019/09/29,4,"8,6",14
Hotel Sercotel Acteón Valencia,90495,NA,Valencia,1,1,€ 107,2019/09/28,2019/09/29,4,"8,5",14
Hotel Malcom and Barret,483261,NA,Valencia,1,1,€ 108,2019/09/28,2019/09/29,3,"8,7",14
Apartamento en Valencia,2549783,Apartamento,Valencia,1,1,€ 110,2019/09/28,2019/09/29,0,"8,7",14
València Centre Túria,2185255,Apartamento,Valencia,1,1,€ 113,2019/09/28,2019/09/29,0,"8,8",14
Opera House Valencia B&B,3533887,NA,Valencia,1,1,NA,2019/09/28,2019/09/29,0,"9,5",14
Jardín Botánico Hotel Boutique,93369,NA,Valencia,1,1,€ 114,2019/09/28,2019/09/29,3,"8,9",14
Burjassot Mestalla,3058627,Apartamento,Valencia,1,1,€ 115,2019/09/28,2019/09/29,0,"8,6",14
Pio XII Apartments Valencia,402080,Apartamentos,Valencia,1,1,€ 117,2019/09/28,2019/09/29,0,"8,5",14
Barceló Valencia,91988,NA,Valencia,1,1,€ 117,2019/09/28,2019/09/29,4,"8,7",14
AC Hotel Valencia- a Marriott Lifestyle Hotel,91063,NA,Valencia,1,1,€ 124,2019/09/28,2019/09/29,4,"8,5",14
Valenciaflats Centro Histórico,94781,Apartamentos,Valencia,1,1,€ 133,2019/09/28,2019/09/29,0,"8,7",14
Luxury Center Plaza Redonda,5138960,Apartamento,Valencia,1,1,NA,2019/09/28,2019/09/29,0,"9,8",14
Casual Vintage Valencia,1710241,NA,Valencia,1,1,€ 137,2019/09/28,2019/09/29,2,"8,6",14
El Palacete Gran Via,3483148,NA,Valencia,1,1,€ 137,2019/09/28,2019/09/29,0,"8,8",14
Casual del Cine Valencia,572187,NA,Valencia,1,1,€ 140,2019/09/28,2019/09/29,2,"8,6",14
SH Ingles Boutique Hotel,92956,NA,Valencia,1,1,€ 140,2019/09/28,2019/09/29,4,"8,5",14
Citizentral Gascons,332095,Apartamentos,Valencia,1,1,€ 142,2019/09/28,2019/09/29,0,"8,8",14
Valenciaflats Mercado Central,307677,Apartamentos,Valencia,1,1,€ 143,2019/09/28,2019/09/29,0,"8,9",14
Ciudad Ciencias- Lujo- Parking- Wi-Fi.,4999636,Apartamento,Valencia,1,1,NA,2019/09/28,2019/09/29,0,"9,8",14
Blanq Carmen Hotel,97069,NA,Valencia,1,1,€ 149,2019/09/28,2019/09/29,3,"8,7",14
Select Home Mercado de Colón,2960845,Apartamentos,Valencia,1,1,€ 160,2019/09/28,2019/09/29,0,"8,9",14
Apartments Madrina,3278589,Apartamentos,Valencia,1,1,€ 165,2019/09/28,2019/09/29,0,"8,9",14
Apartamentos Turia,355328,Apartamentos,Valencia,1,1,€ 166,2019/09/28,2019/09/29,0,"8,7",14
Hotel Dimar,90886,NA,Valencia,1,1,€ 171,2019/09/28,2019/09/29,4,"8,7",14
Lotelito,570027,NA,Valencia,1,1,€ 184,2019/09/28,2019/09/29,0,"8,9",14
La seda stay,3335523,Apartamento,Valencia,1,1,NA,2019/09/28,2019/09/29,0,"9,7",14
Puerta de Serranos,2734333,Apartamentos,Valencia,1,1,€ 185,2019/09/28,2019/09/29,0,"8,8",14
Zenit Valencia,92327,NA,Valencia,1,1,€ 188,2019/09/28,2019/09/29,4,"8,8",14
AC Hotel Colon Valencia- a Marriott Lifestyle Hotel,1117150,NA,Valencia,1,1,€ 188,2019/09/28,2019/09/29,4,"8,7",14
One Shot Palacio Reina Victoria 04,90885,NA,Valencia,1,1,€ 189,2019/09/28,2019/09/29,4,"8,6",14
Catalonia Excelsior,90578,NA,Valencia,1,1,€ 190,2019/09/28,2019/09/29,3,"8,7",14
SH Valencia Palace,91497,NA,Valencia,1,1,€ 215,2019/09/28,2019/09/29,5,"8,5",14
Casa Botànic - Céntrico y con comodidades,4218273,Apartamento,Valencia,1,1,NA,2019/09/28,2019/09/29,0,"9,8",14
Melia Plaza Valencia,13270,NA,Valencia,1,1,€ 220,2019/09/28,2019/09/29,4,"8,9",14
The Westin Valencia,93321,NA,Valencia,1,1,€ 233,2019/09/28,2019/09/29,5,"8,7",14
Vincci Lys,91183,NA,Valencia,1,1,€ 242,2019/09/28,2019/09/29,4,"8,9",14
Carlos & Ana,2079019,Apartamento,Valencia,1,1,€ 245,2019/09/28,2019/09/29,0,"8,9",14
Hospes Palau de La Mar,93823,NA,Valencia,1,1,€ 261,2019/09/28,2019/09/29,5,"8,8",14
Vincci Palace,94163,NA,Valencia,1,1,€ 275,2019/09/28,2019/09/29,4,"8,6",14
Hotel Neptuno,91206,NA,Valencia,1,1,€ 334,2019/09/28,2019/09/29,4,"8,5",14
Cathedral Suites Hotel,1736257,Apartahotel,Valencia,1,1,€ 368,2019/09/28,2019/09/29,4,"8,9",14
Habitación en valencia centro,5418023,NA,Valencia,1,1,€ 35,2019/09/28,2019/09/29,0,"8,2",14
Habitacion en Valencia Barata,4861796,NA,Valencia,1,1,€ 45,2019/09/28,2019/09/29,0,"8,2",14
Rio Turia B&B,5531073,NA,Valencia,1,1,€ 48,2019/09/28,2019/09/29,0,"8,3",14
Como en casa,4802186,NA,Valencia,1,1,€ 54,2019/09/28,2019/09/29,0,"8,1",14
Purple Nest Hostel,25278,NA,Valencia,1,1,€ 59,2019/09/28,2019/09/29,0,"8,1",14
7 Moons Bed & Breakfast,464187,NA,Valencia,1,1,€ 59,2019/09/28,2019/09/29,0,"8,4",14
Pension MonaLisa Luxury Suites,3834224,NA,Valencia,1,1,€ 60,2019/09/28,2019/09/29,0,"8,3",14
L'Otelet By Sweet,1467935,NA,Valencia,1,1,€ 64,2019/09/28,2019/09/29,0,"8,3",14
Albergue Juvenil Colegio Mayor Galileo Galilei,253103,NA,Valencia,1,1,€ 65,2019/09/28,2019/09/29,0,"8,1",14
Red Nest Hostel,92283,NA,Valencia,1,1,€ 68,2019/09/28,2019/09/29,0,"8,2",14
Tryp Valencia Feria,92852,NA,Valencia,1,1,€ 77,2019/09/28,2019/09/29,4,"8,4",14
Apartamento Ciudad de las Artes y las Ciencias,4353552,Apartamento,Valencia,1,1,€ 80,2019/09/28,2019/09/29,0,"8,3",14
Valencia what else...,2550483,Apartamento,Valencia,1,1,NA,2019/09/28,2019/09/29,0,"9,5",14
Apartamento Privado Próximo a Playa y Ciencias,3783163,Apartamento,Valencia,1,1,€ 90,2019/09/28,2019/09/29,0,"8,2",14
Homestay Valencia,2597106,NA,Valencia,1,1,€ 90,2019/09/28,2019/09/29,0,"8,1",14
Happy Apartments Valencia,456043,Apartamentos,Valencia,1,1,€ 91,2019/09/28,2019/09/29,0,"8,2",14
Eurostars Gran Valencia,90484,NA,Valencia,1,1,€ 94,2019/09/28,2019/09/29,4,"8,4",14
MD Modern Hotel - Jardines,305447,NA,Valencia,1,1,€ 100,2019/09/28,2019/09/29,1,"8,3",14
Casual de las Artes Valencia,538056,NA,Valencia,1,1,€ 104,2019/09/28,2019/09/29,3,"8,4",14
Travel Habitat Ático Ciutat Vella.,3264750,Apartamento,Valencia,1,1,NA,2019/09/28,2019/09/29,0,"9,5",14
Ilunion Aqua 3,92776,NA,Valencia,1,1,€ 105,2019/09/28,2019/09/29,3,"8,3",14
Hotel Medium Valencia,96838,NA,Valencia,1,1,€ 108,2019/09/28,2019/09/29,4,"8,1",14
Eurostars Rey Don Jaime,91520,NA,Valencia,1,1,€ 125,2019/09/28,2019/09/29,4,"8,2",14
Rio Turia Skatehouse,4624602,Apartamento,Valencia,1,1,€ 125,2019/09/28,2019/09/29,0,"8,2",14
NH Valencia Las Artes,90731,NA,Valencia,1,1,€ 128,2019/09/28,2019/09/29,4,"8,4",14
Hotel Valencia Center,91285,NA,Valencia,1,1,€ 129,2019/09/28,2019/09/29,4,"8,4",14
Colón Market Downtown,4607745,Apartamento,Valencia,1,1,NA,2019/09/28,2019/09/29,0,"9,7",14
Valenciaflats Torres de Serrano,17468,Apartamentos,Valencia,1,1,€ 129,2019/09/28,2019/09/29,0,"8,3",14
United Colors of Apartments - Catedral,1301545,Apartamentos,Valencia,1,1,€ 131,2019/09/28,2019/09/29,0,"8,2",14
Ilunion Valencia 4,754329,NA,Valencia,1,1,€ 131,2019/09/28,2019/09/29,4,"8,1",14
NH Valencia Las Ciencias,90725,NA,Valencia,1,1,€ 134,2019/09/28,2019/09/29,3,8,14
Holiday Inn Express Ciudad de las Ciencias,96737,NA,Valencia,1,1,€ 135,2019/09/28,2019/09/29,3,8,14
Sweet Hotel Renasa,274818,NA,Valencia,1,1,€ 139,2019/09/28,2019/09/29,3,8,14
Barracart Apartments,2125836,Apartamentos,Valencia,1,1,NA,2019/09/28,2019/09/29,0,"9,6",14
Apartamento Obispo don Jerónimo,2079020,Apartamento,Valencia,1,1,€ 144,2019/09/28,2019/09/29,0,"8,2",14
Senator Parque Central Hotel,274963,NA,Valencia,1,1,€ 152,2019/09/28,2019/09/29,4,"8,1",14
Primus Valencia,331871,NA,Valencia,1,1,€ 158,2019/09/28,2019/09/29,4,"8,3",14
Hotel Conqueridor,91047,NA,Valencia,1,1,€ 162,2019/09/28,2019/09/29,4,"8,4",14
NH Valencia Center,90727,NA,Valencia,1,1,€ 174,2019/09/28,2019/09/29,4,"8,3",14
NWT Central Station Apartments,3964093,Apartamento,Valencia,1,1,€ 189,2019/09/28,2019/09/29,0,"8,2",14
Apartamento Bolseria 28,881275,Apartamentos,Valencia,1,1,NA,2019/09/28,2019/09/29,0,"9,5",14
Zerka Centro,4425975,Apartamentos,Valencia,1,1,€ 219,2019/09/28,2019/09/29,0,"8,3",14
Musico Peydro Apartments,3765069,Apartamentos,Valencia,1,1,€ 297,2019/09/28,2019/09/29,0,8,14
Habitación Céntrica en Casa de Familia,4289877,NA,Valencia,1,1,€ 30,2019/09/28,2019/09/29,0,"7,8",14
Valencia City Host,1177077,NA,Valencia,1,1,€ 48,2019/09/28,2019/09/29,0,"7,8",14
Pensión Universal,304276,NA,Valencia,1,1,€ 49,2019/09/28,2019/09/29,0,"7,9",14
Habitación San Cayetano,4624401,NA,Valencia,1,1,€ 50,2019/09/28,2019/09/29,0,"7,7",14
Lounge by the sea,4756780,Apartamento,Valencia,1,1,NA,2019/09/28,2019/09/29,0,"9,8",14
Voyagers Inn Homestay,2682156,NA,Valencia,1,1,€ 52,2019/09/28,2019/09/29,0,"7,8",14
Habitación cerca del centro,2789581,NA,Valencia,1,1,€ 52,2019/09/28,2019/09/29,0,"7,5",14
UP Hostel Valencia,1710137,NA,Valencia,1,1,€ 58,2019/09/28,2019/09/29,0,"7,8",14
Rooms Valencia Center,5507857,NA,Valencia,1,1,€ 59,2019/09/28,2019/09/29,0,"7,9",14
Habitacion por dias Centro Valencia,3977106,NA,Valencia,1,1,€ 64,2019/09/28,2019/09/29,0,"7,9",14
Hostal Moratin,326015,NA,Valencia,1,1,€ 65,2019/09/28,2019/09/29,1,"7,9",14
Hospederia del Pilar,327766,NA,Valencia,1,1,€ 72,2019/09/28,2019/09/29,0,"7,9",14
Valencia Lounge Hostel,337203,NA,Valencia,1,1,€ 79,2019/09/28,2019/09/29,0,"7,8",14
OYO Pensión El Rincón,476031,NA,Valencia,1,1,€ 79,2019/09/28,2019/09/29,1,"7,6",14
B&B Hotel Valencia Ciudad de las Ciencias,92242,NA,Valencia,1,1,€ 80,2019/09/28,2019/09/29,3,"7,5",14
MyHomestay,2921259,NA,Valencia,1,1,€ 92,2019/09/28,2019/09/29,0,"7,6",14
Hotel Turia,14441,NA,Valencia,1,1,€ 95,2019/09/28,2019/09/29,4,"7,5",14
Checkin Valencia,93743,NA,Valencia,1,1,€ 107,2019/09/28,2019/09/29,4,"7,8",14
YourPlace Apartments,2896608,Apartamentos,Valencia,1,1,€ 112,2019/09/28,2019/09/29,0,"7,6",14
SEA YOU HOTEL PORT VALENCIA,92328,NA,Valencia,1,1,€ 117,2019/09/28,2019/09/29,4,"7,7",14
Apartamento Alguer,4005334,Apartamento,Valencia,1,1,€ 120,2019/09/28,2019/09/29,0,"7,6",14
Kirei Apartment Calgary,4768322,Apartamento,Valencia,1,1,€ 126,2019/09/28,2019/09/29,0,"7,6",14
Ilunion Valencia 3,92818,NA,Valencia,1,1,€ 131,2019/09/28,2019/09/29,3,"7,9",14
