name,propertyId,propertyType,city,rooms,days,price,checkIn,checkOut,stars,score,advance
Governor Residence,3799760,Apartahotel,Valencia,1,1,€ 600,2019/12/05,2019/12/06,0,,90
Apartment Carrer de Cadis,5531328,Apartamentos,Valencia,1,1,€ 648,2019/12/05,2019/12/06,0,,90
B&B Almirante,369695,NA,Valencia,1,1,€ 43,2019/12/05,2019/12/06,1,"8,8",90
Quart Youth Hostel,476418,NA,Valencia,1,1,€ 44,2019/12/05,2019/12/06,0,"8,7",90
SingularStays Plaza del Mercado,1755231,Apartamentos,Valencia,1,1,NA,2019/12/05,2019/12/06,0,"8,5",90
Buho House,3777691,Apartahotel,Valencia,1,1,€ 44,2019/12/05,2019/12/06,0,"8,5",90
Home Youth Hostel by Feetup Hostels,189322,NA,Valencia,1,1,€ 46,2019/12/05,2019/12/06,0,"8,8",90
Zalamera BnB,1331238,NA,Valencia,1,1,€ 49,2019/12/05,2019/12/06,0,"8,7",90
Hotel Malcom and Barret,483261,NA,Valencia,1,1,€ 50,2019/12/05,2019/12/06,3,"8,7",90
Pio XII Apartments Valencia,402080,Apartamentos,Valencia,1,1,€ 51,2019/12/05,2019/12/06,0,"8,5",90
Balcón Al Mar,295109,NA,Valencia,1,1,€ 53,2019/12/05,2019/12/06,0,"8,5",90
Calle D Juan de Austria 4,4036814,Apartamento,Valencia,1,1,NA,2019/12/05,2019/12/06,0,"8,5",90
SHF Plaza de la Reina,1682520,Apartamentos,Valencia,1,1,€ 70,2019/12/05,2019/12/06,0,"7,7",90
Hotel Sercotel Acteón Valencia,90495,NA,Valencia,1,1,€ 53,2019/12/05,2019/12/06,4,"8,5",90
ABCyou Bed&Breakfast,189207,NA,Valencia,1,1,€ 54,2019/12/05,2019/12/06,0,"8,5",90
Estrella de russafa,5352439,NA,Valencia,1,1,€ 55,2019/12/05,2019/12/06,0,"8,9",90
City Center Apartments,4426057,Apartamentos,Valencia,1,1,€ 72,2019/12/05,2019/12/06,0,"7,8",90
Hotel Turia,14441,NA,Valencia,1,1,€ 75,2019/12/05,2019/12/06,4,"7,5",90
B&B Hi Valencia Boutique,1301725,NA,Valencia,1,1,€ 56,2019/12/05,2019/12/06,0,"8,7",90
Apartamento Alguer,4005334,Apartamento,Valencia,1,1,€ 75,2019/12/05,2019/12/06,0,"7,6",90
El 16 Ruzafa,865461,Apartamentos,Valencia,1,1,€ 79,2019/12/05,2019/12/06,0,"7,7",90
València Centre Túria,2185255,Apartamento,Valencia,1,1,€ 56,2019/12/05,2019/12/06,0,"8,8",90
Hotel El Siglo,1741479,NA,Valencia,1,1,€ 59,2019/12/05,2019/12/06,3,"8,5",90
Travel Habitat Teatro Principal,1719003,Apartamentos,Valencia,1,1,NA,2019/12/05,2019/12/06,0,"8,8",90
Casual del Cine Valencia,572187,NA,Valencia,1,1,€ 60,2019/12/05,2019/12/06,2,"8,6",90
Checkin Valencia,93743,NA,Valencia,1,1,€ 80,2019/12/05,2019/12/06,4,"7,8",90
Suites by Eric Olsan (L),4287413,Apartamentos,Valencia,1,1,€ 83,2019/12/05,2019/12/06,0,"7,6",90
Torres Quart,3702234,Apartamentos,Valencia,1,1,€ 87,2019/12/05,2019/12/06,0,"7,6",90
Apartamento Angel Alcazar 35,2174625,Apartamento,Valencia,1,1,€ 90,2019/12/05,2019/12/06,0,"7,5",90
Plaza Sainetero 5,3148458,Apartamento,Valencia,1,1,€ 91,2019/12/05,2019/12/06,0,"7,8",90
Apartment Valencia,348555,Apartamentos,Valencia,1,1,€ 99,2019/12/05,2019/12/06,0,"7,9",90
Apartment Florista,2150187,Apartamento,Valencia,1,1,€ 105,2019/12/05,2019/12/06,0,"7,9",90
STYLISH APARTMENT - CITY CENTER,2861517,Apartamento,Valencia,1,1,€ 140,2019/12/05,2019/12/06,0,"7,7",90
Kirei Apartment Calgary,4768322,Apartamento,Valencia,1,1,€ 148,2019/12/05,2019/12/06,0,"7,5",90
Old Town Flats Casa Burguerini,4552106,Apartamentos,Valencia,1,1,€ 151,2019/12/05,2019/12/06,0,"7,6",90
RUZAFA. Nice apartment and Terrace.,4368595,Apartamento,Valencia,1,1,€ 95,2019/12/05,2019/12/06,0,"9,3",90
MYR Hotel Plaza Mercado & Spa,1619029,Apartahotel,Valencia,1,1,€ 96,2019/12/05,2019/12/06,0,"9,2",90
Total Valencia Lonja,2263771,Apartamento,Valencia,1,1,NA,2019/12/05,2019/12/06,0,"9,2",90
Valenciaflats Centro Ciudad,18544,Apartamentos,Valencia,1,1,€ 97,2019/12/05,2019/12/06,0,"9,2",90
Mon Suites San Martin,2777545,Apartamentos,Valencia,1,1,€ 98,2019/12/05,2019/12/06,0,"9,4",90
Sorolla Centro,90896,NA,Valencia,1,1,€ 99,2019/12/05,2019/12/06,3,"9,1",90
Apartamentos Edificio Palomar,189277,Apartamentos,Valencia,1,1,€ 99,2019/12/05,2019/12/06,0,"9,2",90
Hi Valencia Apartments - Jorge Juan,2373701,Apartamento,Valencia,1,1,€ 100,2019/12/05,2019/12/06,0,"9,4",90
Piso como en tu casa 2,3834617,Apartamentos,Valencia,1,1,€ 101,2019/12/05,2019/12/06,0,"9,1",90
Atarazanas Flat,4570058,Apartamento,Valencia,1,1,NA,2019/12/05,2019/12/06,0,9,90
Forn desamparats,2380447,Apartamento,Valencia,1,1,€ 105,2019/12/05,2019/12/06,0,"9,4",90
HQ Rooms Apartments San Vicente,2894429,Apartamentos,Valencia,1,1,€ 105,2019/12/05,2019/12/06,0,"9,3",90
5 SENSES,3786890,Apartamento,Valencia,1,1,€ 107,2019/12/05,2019/12/06,0,"9,2",90
OCEANOGRAFIC APARTMENT. PARKING. WI-FI,3107716,Apartamentos,Valencia,1,1,€ 110,2019/12/05,2019/12/06,0,9,90
OCEANOGRAFIC DELUXE- PARKING- WI-FI,4095746,Apartamento,Valencia,1,1,€ 110,2019/12/05,2019/12/06,0,"9,2",90
"Piso ""Como en tu casa""",2689136,Apartamento,Valencia,1,1,€ 110,2019/12/05,2019/12/06,0,"9,3",90
Apartment Malvarrosa Beach Cavite,1961815,Apartamentos,Valencia,1,1,NA,2019/12/05,2019/12/06,0,"9,2",90
Center City Flats,861452,Apartamentos,Valencia,1,1,€ 111,2019/12/05,2019/12/06,0,"9,1",90
Colors Rooms,675839,NA,Valencia,1,1,€ 40,2019/12/05,2019/12/06,0,"9,6",90
Nest Style Valencia -Nueva apertura-,5219046,NA,Valencia,1,1,€ 71,2019/12/05,2019/12/06,3,"9,6",90
Central Park Apartment Valencia,3881533,Apartamento,Valencia,1,1,NA,2019/12/05,2019/12/06,0,"9,6",90
Hostal Antigua Morellana,1273937,NA,Valencia,1,1,€ 80,2019/12/05,2019/12/06,1,"9,5",90
L'Esplai Valencia Bed & Breakfast,1282556,NA,Valencia,1,1,€ 81,2019/12/05,2019/12/06,0,"9,6",90
Ramirez Flats & Bar,4124528,Apartahotel,Valencia,1,1,€ 89,2019/12/05,2019/12/06,0,"9,5",90
Casa La Buhardilla,2985364,Apartamento,Valencia,1,1,€ 97,2019/12/05,2019/12/06,0,"9,6",90
Precioso piso junto al antiguo barrio de Campanar,3297078,Apartamento,Valencia,1,1,€ 100,2019/12/05,2019/12/06,0,"9,5",90
Valencian Dreams Lonja,4757385,Apartamento,Valencia,1,1,€ 102,2019/12/05,2019/12/06,0,"9,7",90
Valencia what else...,2550483,Apartamento,Valencia,1,1,NA,2019/12/05,2019/12/06,0,"9,5",90
15 Avinguda Mare Nostrum,4518973,Apartamento,Valencia,1,1,€ 120,2019/12/05,2019/12/06,0,"9,8",90
Olympia Flats,4212801,NA,Valencia,1,1,€ 70,2019/12/05,2019/12/06,0,"9,7",90
Apartments Downtown Valencia,2250421,Apartamentos,Valencia,1,1,€ 140,2019/12/05,2019/12/06,0,"9,6",90
Ciudad Ciencias- Lujo- Parking- Wi-Fi.,4999636,Apartamento,Valencia,1,1,€ 140,2019/12/05,2019/12/06,0,"9,8",90
Opera House Valencia B&B,3533887,NA,Valencia,1,1,€ 150,2019/12/05,2019/12/06,0,"9,5",90
Apartamento centro,3160737,Apartamento,Valencia,1,1,€ 165,2019/12/05,2019/12/06,0,"9,7",90
La Casa Verde - Ruzafa,2029143,Apartamento,Valencia,1,1,NA,2019/12/05,2019/12/06,0,"9,7",90
Ca María,3776707,Apartamento,Valencia,1,1,€ 180,2019/12/05,2019/12/06,0,"9,7",90
Apartamento Playa Wifi Gratis,3495634,Apartamento,Valencia,1,1,€ 190,2019/12/05,2019/12/06,0,"9,6",90
Disfruta - Enjoy Valencia Oceanografic,4121345,Apartamento,Valencia,1,1,€ 209,2019/12/05,2019/12/06,0,"9,6",90
Disfruta - Enjoy Valencia Ayuntamiento,4901194,Apartamento,Valencia,1,1,€ 209,2019/12/05,2019/12/06,0,"9,7",90
Luxury Beach Apartment with Pool,3841868,Apartamento,Valencia,1,1,€ 335,2019/12/05,2019/12/06,0,"9,9",90
YOU & CO. Saler Beach Boutique,4533007,NA,Valencia,1,1,€ 38,2019/12/05,2019/12/06,3,"9,1",90
Valencian Apartment,2298621,Apartamento,Valencia,1,1,€ 94,2019/12/05,2019/12/06,0,"8,9",90
Melia Valencia,290493,NA,Valencia,1,1,€ 98,2019/12/05,2019/12/06,4,"8,8",90
SingularStays Plaza del Mercado,1755231,Apartamentos,Valencia,1,1,NA,2019/12/05,2019/12/06,0,"8,5",90
Zenit Valencia,92327,NA,Valencia,1,1,€ 99,2019/12/05,2019/12/06,4,"8,8",90
Hotel Villacarlos,90730,NA,Valencia,1,1,€ 42,2019/12/05,2019/12/06,3,8,90
Purple Nest Hostel,25278,NA,Valencia,1,1,€ 43,2019/12/05,2019/12/06,0,"8,1",90
SingularStays Seu Catedral,493883,Apartamentos,Valencia,1,1,NA,2019/12/05,2019/12/06,0,"8,2",90
Red Nest Hostel,92283,NA,Valencia,1,1,€ 45,2019/12/05,2019/12/06,0,"8,2",90
Hotel Dimar,90886,NA,Valencia,1,1,€ 99,2019/12/05,2019/12/06,4,"8,7",90
SH Ingles Boutique Hotel,92956,NA,Valencia,1,1,€ 100,2019/12/05,2019/12/06,4,"8,5",90
Hostal Abastos,257057,NA,Valencia,1,1,€ 45,2019/12/05,2019/12/06,2,"8,2",90
Style Apartments Puerto,1558265,Apartamentos,Valencia,1,1,€ 45,2019/12/05,2019/12/06,0,"8,1",90
United Colors of Apartments - Catedral,1301545,Apartamentos,Valencia,1,1,€ 50,2019/12/05,2019/12/06,0,"8,2",90
Apartamentos Valencia,1007682,Apartamentos,Valencia,1,1,€ 50,2019/12/05,2019/12/06,0,"8,3",90
Piso en la playa,2767716,Apartamento,Valencia,1,1,€ 100,2019/12/05,2019/12/06,0,"8,7",90
New Trendy apartment,2426154,Apartamento,Valencia,1,1,€ 100,2019/12/05,2019/12/06,0,"8,7",90
Habitación en piso compartido,5433175,NA,Valencia,1,1,€ 50,2019/12/05,2019/12/06,0,8,90
Coroa Malvarrosa,1638172,Apartamentos,Valencia,1,1,NA,2019/12/05,2019/12/06,0,"8,2",90
Apartamento en Valencia,2549783,Apartamento,Valencia,1,1,€ 100,2019/12/05,2019/12/06,0,"8,7",90
Calle D Juan de Austria 4,4036814,Apartamento,Valencia,1,1,NA,2019/12/05,2019/12/06,0,"8,5",90
Apartamentos Barraca,2609457,Apartamento,Valencia,1,1,€ 50,2019/12/05,2019/12/06,0,"8,2",90
Casa Mati,4217185,NA,Valencia,1,1,€ 50,2019/12/05,2019/12/06,0,"8,1",90
Barceló Valencia,91988,NA,Valencia,1,1,€ 104,2019/12/05,2019/12/06,4,"8,7",90
Melia Plaza Valencia,13270,NA,Valencia,1,1,€ 105,2019/12/05,2019/12/06,4,"8,9",90
Center Valencia Youth Hostel,246931,NA,Valencia,1,1,€ 50,2019/12/05,2019/12/06,0,8,90
Hotel Olympia Universidades,1301731,NA,Valencia,1,1,€ 53,2019/12/05,2019/12/06,3,"8,4",90
Vincci Palace,94163,NA,Valencia,1,1,€ 106,2019/12/05,2019/12/06,4,"8,6",90
Hotel Neptuno,91206,NA,Valencia,1,1,€ 108,2019/12/05,2019/12/06,4,"8,5",90
Tranquilo Apartamento En Plaza Cisneros,3127388,Apartamento,Valencia,1,1,€ 111,2019/12/05,2019/12/06,0,"8,8",90
Select Home Catedral,440778,Apartamentos,Valencia,1,1,€ 340,2019/12/05,2019/12/06,0,"7,1",90
SH Valencia Palace,91497,NA,Valencia,1,1,€ 112,2019/12/05,2019/12/06,5,"8,5",90
Travel Habitat Teatro Principal,1719003,Apartamentos,Valencia,1,1,NA,2019/12/05,2019/12/06,0,"8,8",90
El Palacete Gran Via,3483148,NA,Valencia,1,1,€ 115,2019/12/05,2019/12/06,0,"8,8",90
Apartments Calle Padre Damian,4523326,Apartamentos,Valencia,1,1,€ 530,2019/12/05,2019/12/06,0,"7,2",90
Malvarrosa Beach Rooms,314048,NA,Valencia,1,1,€ 999,2019/12/05,2019/12/06,2,"7,1",90
Urban Youth Hostel,1163025,NA,Valencia,1,1,€ 53,2019/12/05,2019/12/06,0,"8,4",90
Loft by the Beach,4441671,Apartamento,Valencia,1,1,€ 115,2019/12/05,2019/12/06,0,"8,5",90
Plaza de la Virgen,3167342,Apartamento,Valencia,1,1,€ 115,2019/12/05,2019/12/06,0,"8,8",90
NH Valencia Las Ciencias,90725,NA,Valencia,1,1,€ 54,2019/12/05,2019/12/06,3,8,90
Turia Apartment Valencia,1545765,Apartamento,Valencia,1,1,NA,2019/12/05,2019/12/06,0,"8,1",90
AC Hotel Colon Valencia- a Marriott Lifestyle Hotel,1117150,NA,Valencia,1,1,€ 116,2019/12/05,2019/12/06,4,"8,7",90
Como en casa,4802186,NA,Valencia,1,1,€ 54,2019/12/05,2019/12/06,0,"8,1",90
NH Ciudad de Valencia,90729,NA,Valencia,1,1,€ 57,2019/12/05,2019/12/06,3,"8,1",90
Friendly Rentals Ravel I,1634234,Apartamento,Valencia,1,1,€ 120,2019/12/05,2019/12/06,0,"8,8",90
Friendly Rentals Brade,1918694,Apartamento,Valencia,1,1,€ 120,2019/12/05,2019/12/06,0,"8,8",90
Valencia city,3673068,Apartamentos,Valencia,1,1,NA,2019/12/05,2019/12/06,0,"8,7",90
Dormavalencia Hostel Regne,291755,NA,Valencia,1,1,€ 58,2019/12/05,2019/12/06,1,8,90
Friendly Rentals Casals,1769176,Apartamento,Valencia,1,1,€ 125,2019/12/05,2019/12/06,0,"8,7",90
Precioso Apartamento En Pleno Centro Con Wifi,3023494,Apartamento,Valencia,1,1,€ 130,2019/12/05,2019/12/06,0,"8,9",90
Habitación Despuig,4901343,NA,Valencia,1,1,€ 26,2019/12/05,2019/12/06,0,"6,8",90
Tryp Valencia Feria,92852,NA,Valencia,1,1,€ 59,2019/12/05,2019/12/06,4,"8,4",90
Hotel Miramar,23332,NA,Valencia,1,1,€ 59,2019/12/05,2019/12/06,2,"8,4",90
Apartamentos Valencia - Brazil 31 Free WiFi,4948554,Apartamento,Valencia,1,1,€ 130,2019/12/05,2019/12/06,0,"8,8",90
Ruzafa Rooms,2891693,NA,Valencia,1,1,€ 45,2019/12/05,2019/12/06,0,"6,9",90
PISO ACOGEDOR,4995780,NA,Valencia,1,1,€ 50,2019/12/05,2019/12/06,0,"6,9",90
El Coso,14580,NA,Valencia,1,1,€ 60,2019/12/05,2019/12/06,3,"8,2",90
B&B Una Habitación Propia,1450279,NA,Valencia,1,1,NA,2019/12/05,2019/12/06,0,"8,2",90
Guest House Lebon,3124256,NA,Valencia,1,1,€ 60,2019/12/05,2019/12/06,0,"6,9",90
Geography and Arts.,3569110,NA,Valencia,1,1,€ 60,2019/12/05,2019/12/06,0,"6,9",90
Sol Playa,12656,NA,Valencia,1,1,€ 60,2019/12/05,2019/12/06,2,"8,3",90
Kirei Apartment Na Jordana,1702092,Apartamentos,Valencia,1,1,€ 101,2019/12/05,2019/12/06,0,"6,9",90
Casita Esmeralda,2040126,Casa o chalet,Valencia,1,1,€ 114,2019/12/05,2019/12/06,0,"6,5",90
Hotel Medium Valencia,96838,NA,Valencia,1,1,€ 63,2019/12/05,2019/12/06,4,"8,2",90
Aparthotel Valencia Rental,17344,Apartahotel,Valencia,1,1,€ 63,2019/12/05,2019/12/06,0,8,90
L'Otelet By Sweet,1467935,NA,Valencia,1,1,€ 64,2019/12/05,2019/12/06,0,"8,3",90
Silken Puerta Valencia,91182,NA,Valencia,1,1,€ 64,2019/12/05,2019/12/06,4,"8,3",90
Hospes Palau de La Mar,93823,NA,Valencia,1,1,€ 132,2019/12/05,2019/12/06,5,"8,8",90
Ilunion Aqua 4,92777,NA,Valencia,1,1,€ 132,2019/12/05,2019/12/06,4,"8,5",90
Kirei Apartment San Agustin,1712323,Apartamentos,Valencia,1,1,€ 137,2019/12/05,2019/12/06,0,6,90
Kirei Apartment Denver,4585191,Apartamento,Valencia,1,1,€ 161,2019/12/05,2019/12/06,0,"6,3",90
Gon & Diego House,4899561,NA,Valencia,1,1,€ 40,2019/12/05,2019/12/06,0,"5,6",90
Oliver,4865093,NA,Valencia,1,1,€ 53,2019/12/05,2019/12/06,0,"5,8",90
Guest House Higinio Noja,2845935,NA,Valencia,1,1,€ 60,2019/12/05,2019/12/06,0,"5,9",90
Carrer del Bisbe Jaume Pérez,4900140,NA,Valencia,1,1,€ 60,2019/12/05,2019/12/06,0,"5,9",90
Kirei Apartment Berlin,4504570,Apartamentos,Valencia,1,1,€ 103,2019/12/05,2019/12/06,0,"5,5",90
Kirei Apartment Portland,4276529,Apartamentos,Valencia,1,1,€ 200,2019/12/05,2019/12/06,0,"5,9",90
Port of Valencia,3805735,Apartamento,Valencia,1,1,€ 79,2019/12/05,2019/12/06,0,"4,9",90
Malvarosa,3820590,Apartamento,Valencia,1,1,€ 190,2019/12/05,2019/12/06,0,4,90
Como en casa !!,5427108,NA,Valencia,1,1,€ 40,2019/12/05,2019/12/06,0,,90
Rio Turia B&B,5531073,NA,Valencia,1,1,€ 48,2019/12/05,2019/12/06,0,,90
Bright room with trundle bed,5560260,NA,Valencia,1,1,€ 51,2019/12/05,2019/12/06,0,,90
Habitación en casa particular con preciosa terraza,5559993,NA,Valencia,1,1,€ 51,2019/12/05,2019/12/06,0,,90
Aventura,5567318,Apartamento,Valencia,1,1,€ 58,2019/12/05,2019/12/06,0,,90
Apartamento Ciudad de las Artes y las Ciencias,4353552,Apartamento,Valencia,1,1,€ 110,2019/12/05,2019/12/06,0,"8,3",90
Friendly Rentals ABC,3656596,Apartamento,Valencia,1,1,€ 120,2019/12/05,2019/12/06,0,"8,3",90
Apartments Viveros,1069530,Apartamentos,Valencia,1,1,NA,2019/12/05,2019/12/06,0,"8,6",90
Apartamento Privado Próximo a Playa y Ciencias,3783163,Apartamento,Valencia,1,1,€ 120,2019/12/05,2019/12/06,0,"8,2",90
Friendly Rentals Puerto Deportivo,2317861,Apartamentos,Valencia,1,1,€ 125,2019/12/05,2019/12/06,0,"8,1",90
MD Modern Hotel - Jardines,305447,NA,Valencia,1,1,€ 126,2019/12/05,2019/12/06,1,"8,2",90
Zerka Centro,4425975,Apartamentos,Valencia,1,1,€ 129,2019/12/05,2019/12/06,0,"8,3",90
Friendly Rentals Pergolesi,1634240,Apartamentos,Valencia,1,1,€ 135,2019/12/05,2019/12/06,0,"8,4",90
Friendly Rentals Gimenez,1634242,Apartamento,Valencia,1,1,€ 145,2019/12/05,2019/12/06,0,"8,3",90
MIhotelitoespecial,3573906,Apartamento,Valencia,1,1,NA,2019/12/05,2019/12/06,0,"8,5",90
Casa los Peces,3234194,Apartamento,Valencia,1,1,€ 154,2019/12/05,2019/12/06,0,"8,3",90
Apartamento Obispo don Jerónimo,2079020,Apartamento,Valencia,1,1,€ 157,2019/12/05,2019/12/06,0,"8,2",90
Friendly Rentals Verdi,1634232,Apartamento,Valencia,1,1,€ 160,2019/12/05,2019/12/06,0,"8,2",90
Friendly rentals Enesco Beach,2526514,Apartamento,Valencia,1,1,€ 165,2019/12/05,2019/12/06,0,8,90
Friendly Rentals Evans,1634220,Apartamentos,Valencia,1,1,€ 165,2019/12/05,2019/12/06,0,"8,4",90
Friendly Rentals Desplat,4120221,Apartamento,Valencia,1,1,€ 170,2019/12/05,2019/12/06,0,"8,3",90
SingularStays Guillem de Castro,1182220,Apartamento,Valencia,1,1,NA,2019/12/05,2019/12/06,0,"8,5",90
Alojo Patraix,2710394,Apartamento,Valencia,1,1,€ 175,2019/12/05,2019/12/06,0,"8,3",90
Friendly Rentals Telemann,1634241,Apartamento,Valencia,1,1,€ 190,2019/12/05,2019/12/06,0,8,90
Musico Peydro Apartments,3765069,Apartamentos,Valencia,1,1,€ 259,2019/12/05,2019/12/06,0,8,90
MD Benlliure Beach.,1957258,Apartamento,Valencia,1,1,€ 259,2019/12/05,2019/12/06,0,8,90
Malvarrosa Calle Pavia,3608764,Casa o chalet,Valencia,1,1,€ 271,2019/12/05,2019/12/06,0,"8,1",90
NWT Central Station Apartments,3964093,Apartamento,Valencia,1,1,€ 300,2019/12/05,2019/12/06,0,"8,2",90
Biopark View Apartment,2381901,Apartamento,Valencia,1,1,NA,2019/12/05,2019/12/06,0,"8,9",90
MD Vila Barbera Apartment Center,1957253,Apartamento,Valencia,1,1,€ 320,2019/12/05,2019/12/06,0,"8,3",90
UP Hostel Valencia,1710137,NA,Valencia,1,1,€ 24,2019/12/05,2019/12/06,0,"7,8",90
Pensión Universal,304276,NA,Valencia,1,1,€ 26,2019/12/05,2019/12/06,0,"7,9",90
Habitación San Cayetano,4624401,NA,Valencia,1,1,€ 30,2019/12/05,2019/12/06,0,"7,7",90
Hostal Moratin,326015,NA,Valencia,1,1,€ 31,2019/12/05,2019/12/06,1,"7,9",90
Apart and Benef,2291245,NA,Valencia,1,1,€ 34,2019/12/05,2019/12/06,0,"7,8",90
Apartment Oceanografic Arts,2354745,Apartamento,Valencia,1,1,NA,2019/12/05,2019/12/06,0,"8,8",90
Hostal On Dormire Valencia,432305,NA,Valencia,1,1,€ 35,2019/12/05,2019/12/06,0,"7,8",90
Habitación Céntrica en Casa de Familia,4289877,NA,Valencia,1,1,€ 35,2019/12/05,2019/12/06,0,"7,8",90
OYO Pensión El Rincón,476031,NA,Valencia,1,1,€ 36,2019/12/05,2019/12/06,1,"7,6",90
Voyagers Inn Homestay,2682156,NA,Valencia,1,1,€ 40,2019/12/05,2019/12/06,0,"7,8",90
Valencia City Host,1177077,NA,Valencia,1,1,€ 43,2019/12/05,2019/12/06,0,"7,8",90
Hotel Beleret,94652,NA,Valencia,1,1,€ 45,2019/12/05,2019/12/06,3,"7,6",90
Flats Hondures,2194645,Apartamentos,Valencia,1,1,NA,2019/12/05,2019/12/06,0,"8,9",90
Patacona Green Flats,292996,Apartamentos,Valencia,1,1,€ 46,2019/12/05,2019/12/06,0,"7,6",90
Casual de la Música Valencia,273130,NA,Valencia,1,1,€ 48,2019/12/05,2019/12/06,2,"7,5",90
Cosy Rooms Tapinería,371192,NA,Valencia,1,1,€ 49,2019/12/05,2019/12/06,2,"7,5",90
Patacona Resort Apartments,189782,Apartamentos,Valencia,1,1,€ 49,2019/12/05,2019/12/06,0,"7,8",90
Casual Civilizaciones Valencia,449777,NA,Valencia,1,1,€ 50,2019/12/05,2019/12/06,0,"7,9",90
Apartamentos Abastos,1044426,Apartamentos,Valencia,1,1,€ 50,2019/12/05,2019/12/06,0,"7,5",90
Hostal Bisbal,235665,NA,Valencia,1,1,€ 50,2019/12/05,2019/12/06,1,"7,5",90
Habitacion PLaza Ayuntamiento,4365340,NA,Valencia,1,1,€ 50,2019/12/05,2019/12/06,0,"7,6",90
Expo Hotel Valencia,91223,NA,Valencia,1,1,€ 52,2019/12/05,2019/12/06,3,"7,6",90
B&B Hotel Valencia Ciudad de las Ciencias,92242,NA,Valencia,1,1,€ 53,2019/12/05,2019/12/06,3,"7,5",90
Jero Rooms,296743,NA,Valencia,1,1,€ 55,2019/12/05,2019/12/06,0,"7,7",90
Habitacion por dias Centro Valencia,3977106,NA,Valencia,1,1,€ 55,2019/12/05,2019/12/06,0,"7,9",90
Oceanográfico Apartments & Spa,324918,Apartamentos,Valencia,1,1,€ 59,2019/12/05,2019/12/06,0,"7,6",90
City of Arts & Spa Apartment,4820684,Apartamento,Valencia,1,1,€ 60,2019/12/05,2019/12/06,0,"7,8",90
El Globo,24498,NA,Valencia,1,1,€ 60,2019/12/05,2019/12/06,1,"7,8",90
Alex Apartment,1756374,Apartamento,Valencia,1,1,€ 64,2019/12/05,2019/12/06,0,"7,8",90
Ilunion Valencia 3,92818,NA,Valencia,1,1,€ 67,2019/12/05,2019/12/06,3,"7,9",90
SHF Plaza de la Reina,1682520,Apartamentos,Valencia,1,1,€ 70,2019/12/05,2019/12/06,0,"7,7",90
