name,propertyId,propertyType,city,rooms,days,price,checkIn,checkOut,stars,score,advance
MD Pelayo with terrace,1979067,Apartamento,Valencia,1,1,€ 271,2019/11/23,2019/11/24,0,"7,8",60
Dreams Rental City Hall,337092,Apartamentos,Valencia,1,1,€ 280,2019/11/23,2019/11/24,0,"7,5",60
Holiday Apartments Malvarrosa Beach,549860,Apartamentos,Valencia,1,1,NA,2019/11/23,2019/11/24,0,"9,2",60
MD Abastos Center,2551194,Apartamento,Valencia,1,1,€ 289,2019/11/23,2019/11/24,0,"7,7",60
MD Oliag I Apartment Ruzafa,2867488,Apartamento,Valencia,1,1,€ 317,2019/11/23,2019/11/24,0,"7,7",60
feliz como en casa,3676196,NA,Valencia,1,1,€ 36,2019/11/23,2019/11/24,0,"7,2",60
HOSPEDAJE PESET,4718074,NA,Valencia,1,1,€ 40,2019/11/23,2019/11/24,0,"7,2",60
La Flamenca,818359,NA,Valencia,1,1,€ 40,2019/11/23,2019/11/24,0,"7,2",60
Murillo Apartment,408163,Apartamento,Valencia,1,1,€ 48,2019/11/23,2019/11/24,0,7,60
Habitación ático muy luminosa con baño y terraza,5292007,NA,Valencia,1,1,NA,2019/11/23,2019/11/24,0,"9,1",60
Hostal Residencial RR,450746,NA,Valencia,1,1,€ 49,2019/11/23,2019/11/24,0,7,60
B&B El Mercat,2203530,NA,Valencia,1,1,€ 50,2019/11/23,2019/11/24,0,"7,3",60
Centro Valencia Calle Cerrajeros,3476261,NA,Valencia,1,1,€ 50,2019/11/23,2019/11/24,0,"7,1",60
Habitacion Apartamento soleado Plaza Escultor Frechina,4865043,NA,Valencia,1,1,€ 50,2019/11/23,2019/11/24,0,"7,1",60
PISO ACOGEDOR,4995780,NA,Valencia,1,1,€ 50,2019/11/23,2019/11/24,0,"7,1",60
Cosy Rooms Bolsería,371606,NA,Valencia,1,1,€ 59,2019/11/23,2019/11/24,2,"7,4",60
Apartment Malvarrosa Beach Cavite,1961815,Apartamentos,Valencia,1,1,NA,2019/11/23,2019/11/24,0,"9,2",60
Coroa del Mar,1549399,Apartamentos,Valencia,1,1,€ 61,2019/11/23,2019/11/24,0,"7,1",60
Central Station Valencia Hostel,1647017,NA,Valencia,1,1,€ 62,2019/11/23,2019/11/24,0,"7,1",60
Beautiful early 20th century room,3563293,NA,Valencia,1,1,€ 64,2019/11/23,2019/11/24,0,"7,3",60
Hostal la Barraca,350013,NA,Valencia,1,1,€ 65,2019/11/23,2019/11/24,0,"7,2",60
Plaza Redonda house.,4399973,NA,Valencia,1,1,€ 70,2019/11/23,2019/11/24,0,"7,4",60
Apartment Horticultor Bosch,1148669,Apartamentos,Valencia,1,1,€ 70,2019/11/23,2019/11/24,0,"7,3",60
Maison Reina B&B,5004812,NA,Valencia,1,1,NA,2019/11/23,2019/11/24,0,"9,2",60
Mi casa es vuestra casa,4967097,NA,Valencia,1,1,€ 70,2019/11/23,2019/11/24,0,"7,1",60
Cosy Rooms Embajador,369728,NA,Valencia,1,1,€ 76,2019/11/23,2019/11/24,2,"7,4",60
HOSTAL BED OF THE SEA,3974636,NA,Valencia,1,1,€ 80,2019/11/23,2019/11/24,0,"7,1",60
Almiserat,3054886,Apartamento,Valencia,1,1,€ 80,2019/11/23,2019/11/24,0,"7,1",60
Guest House Samuel Ros,4161855,NA,Valencia,1,1,€ 90,2019/11/23,2019/11/24,0,"7,3",60
Center City Flats,861452,Apartamentos,Valencia,1,1,€ 128,2019/11/23,2019/11/24,0,"9,1",60
Loft zona Pechina en Valencia centro,2524985,Apartamento,Valencia,1,1,€ 138,2019/11/23,2019/11/24,0,"9,1",60
Luxury Center Plaza Redonda,5138960,Apartamento,Valencia,1,1,NA,2019/11/23,2019/11/24,0,"9,8",60
Apartamento Playa Wifi Gratis,3495634,Apartamento,Valencia,1,1,€ 140,2019/11/23,2019/11/24,0,"9,3",60
Sorolla Centro,90896,NA,Valencia,1,1,€ 143,2019/11/23,2019/11/24,3,"9,1",60
Las Arenas Balneario Resort,91144,NA,Valencia,1,1,€ 144,2019/11/23,2019/11/24,5,9,60
NH Collection Colón Valencia,3828811,NA,Valencia,1,1,€ 146,2019/11/23,2019/11/24,4,"9,2",60
Mediterranean Flats Plaza Redonda,4086496,Apartamentos,Valencia,1,1,€ 148,2019/11/23,2019/11/24,0,"9,2",60
MYR Hotel Plaza Mercado & Spa,1619029,Apartahotel,Valencia,1,1,€ 149,2019/11/23,2019/11/24,0,"9,2",60
Apartamento Bolseria 28,881275,Apartamentos,Valencia,1,1,NA,2019/11/23,2019/11/24,0,"9,5",60
OCEANOGRAFIC APARTMENT. PARKING. WI-FI,3107716,Apartamentos,Valencia,1,1,€ 150,2019/11/23,2019/11/24,0,9,60
OCEANOGRAFIC DELUXE- PARKING- WI-FI,4095746,Apartamento,Valencia,1,1,€ 150,2019/11/23,2019/11/24,0,"9,2",60
Sweet Caroline Apartment,1811784,Apartamento,Valencia,1,1,€ 150,2019/11/23,2019/11/24,0,"9,2",60
ARENAS 2 APARTAMENT,2808815,Apartamento,Valencia,1,1,€ 150,2019/11/23,2019/11/24,0,9,60
Vincci Mercat,1279484,NA,Valencia,1,1,€ 158,2019/11/23,2019/11/24,4,9,60
Mon Suites San Martin,2777545,Apartamentos,Valencia,1,1,€ 160,2019/11/23,2019/11/24,0,"9,4",60
Apartment Sofi,2830696,Apartamento,Valencia,1,1,NA,2019/11/23,2019/11/24,0,"9,8",60
Apartamentos La más Bonita,2816245,Apartamentos,Valencia,1,1,€ 162,2019/11/23,2019/11/24,0,"9,1",60
One Shot Mercat 09,2274203,NA,Valencia,1,1,€ 169,2019/11/23,2019/11/24,4,"9,1",60
Arena's Apartament,2156905,Apartamento,Valencia,1,1,€ 170,2019/11/23,2019/11/24,0,"9,1",60
Jardines del Turia - Espacioso apartamento,2734126,Apartamento,Valencia,1,1,€ 170,2019/11/23,2019/11/24,0,"9,1",60
Turia Burjassot 12,3237353,Apartamento,Valencia,1,1,€ 175,2019/11/23,2019/11/24,0,9,60
Dolz Garden Ruzafa,1123993,Apartamentos,Valencia,1,1,€ 180,2019/11/23,2019/11/24,0,"9,1",60
Apartamento centro,3160737,Apartamento,Valencia,1,1,NA,2019/11/23,2019/11/24,0,"9,7",60
City Center Atico 360,3025679,Apartamento,Valencia,1,1,€ 188,2019/11/23,2019/11/24,0,"9,4",60
Original Domino House,5434091,NA,Valencia,1,1,€ 190,2019/11/23,2019/11/24,0,"9,1",60
HQ Rooms Apartments San Vicente,2894429,Apartamentos,Valencia,1,1,€ 207,2019/11/23,2019/11/24,0,"9,2",60
Loft Superior el Carmen,2784473,Apartamento,Valencia,1,1,€ 212,2019/11/23,2019/11/24,0,"9,2",60
Caro Hotel,348132,NA,Valencia,1,1,€ 219,2019/11/23,2019/11/24,5,"9,2",60
MD Modern Hotel - Jardines,305447,NA,Valencia,1,1,€ 105,2019/11/23,2019/11/24,1,"8,3",60
Valenciaflats Torres de Serrano,17468,Apartamentos,Valencia,1,1,€ 110,2019/11/23,2019/11/24,0,"8,3",60
Casa Cosy,375456,Apartamentos,Valencia,1,1,NA,2019/11/23,2019/11/24,0,"9,4",60
Casual de las Artes Valencia,538056,NA,Valencia,1,1,€ 113,2019/11/23,2019/11/24,3,"8,4",60
Apartamento Privado Próximo a Playa y Ciencias,3783163,Apartamento,Valencia,1,1,€ 120,2019/11/23,2019/11/24,0,"8,2",60
Cosy apartment near to the center,4064812,Apartamento,Valencia,1,1,€ 122,2019/11/23,2019/11/24,0,"8,2",60
Ilunion Valencia 4,754329,NA,Valencia,1,1,€ 123,2019/11/23,2019/11/24,4,"8,1",60
Patacona Beach Apartment,4533678,Apartamento,Valencia,1,1,€ 129,2019/11/23,2019/11/24,0,"8,4",60
Apartamento Obispo don Jerónimo,2079020,Apartamento,Valencia,1,1,€ 135,2019/11/23,2019/11/24,0,"8,2",60
5 SENSES,3786890,Apartamento,Valencia,1,1,NA,2019/11/23,2019/11/24,0,"9,1",60
Hotel Conqueridor,91047,NA,Valencia,1,1,€ 135,2019/11/23,2019/11/24,4,"8,4",60
Casa los Peces,3234194,Apartamento,Valencia,1,1,€ 154,2019/11/23,2019/11/24,0,"8,3",60
Loft el Carmen amazing views,4932621,Apartamento,Valencia,1,1,€ 182,2019/11/23,2019/11/24,0,"8,1",60
Zerka Centro,4425975,Apartamentos,Valencia,1,1,€ 219,2019/11/23,2019/11/24,0,"8,3",60
Vlc Apartaments el Carmen,389902,Apartamentos,Valencia,1,1,€ 220,2019/11/23,2019/11/24,0,"8,2",60
Musico Peydro Apartments,3765069,Apartamentos,Valencia,1,1,€ 271,2019/11/23,2019/11/24,0,8,60
Kirei Apartment Denver,4585191,Apartamento,Valencia,1,1,€ 137,2019/11/23,2019/11/24,0,"5,9",60
Kirei Apartment Portland,4276529,Apartamentos,Valencia,1,1,€ 200,2019/11/23,2019/11/24,0,"5,9",60
New apartment bioparc,4316710,Apartamento,Valencia,1,1,NA,2019/11/23,2019/11/24,0,"9,4",60
Apartamento Mercado Central,4751166,Apartamento,Valencia,1,1,NA,2019/11/23,2019/11/24,0,"9,2",60
Malvarrosa Calle Pavia,3608764,Casa o chalet,Valencia,1,1,€ 271,2019/11/23,2019/11/24,0,8,60
NWT Central Station Apartments,3964093,Apartamento,Valencia,1,1,€ 300,2019/11/23,2019/11/24,0,"8,2",60
UP Hostel Valencia,1710137,NA,Valencia,1,1,€ 28,2019/11/23,2019/11/24,0,"7,8",60
Guest House Torres de Quart,2275006,NA,Valencia,1,1,€ 50,2019/11/23,2019/11/24,0,"5,3",60
Port of Valencia,3805735,Apartamento,Valencia,1,1,€ 150,2019/11/23,2019/11/24,0,"5,1",60
Guest House Duc de Gaeta,2275007,NA,Valencia,1,1,€ 48,2019/11/23,2019/11/24,0,"4,9",60
RoomTuristValencia Torres de Quart,4565643,NA,Valencia,1,1,€ 49,2019/11/23,2019/11/24,0,"4,6",60
Malvarosa,3820590,Apartamento,Valencia,1,1,€ 190,2019/11/23,2019/11/24,0,"4,1",60
Habitación San Cayetano,4624401,NA,Valencia,1,1,€ 30,2019/11/23,2019/11/24,0,"7,5",60
Adrian's House,2271869,NA,Valencia,1,1,€ 30,2019/11/23,2019/11/24,0,"7,7",60
Habitación Céntrica en Casa de Familia,4289877,NA,Valencia,1,1,€ 35,2019/11/23,2019/11/24,0,"7,7",60
Tres Forques,2854630,Apartamento,Valencia,1,1,NA,2019/11/23,2019/11/24,0,"9,4",60
Apartamento Islas Canarias,2304086,Apartamento,Valencia,1,1,€ 71,2019/11/23,2019/11/24,0,"3,8",60
Precioso apartamento al lado de la playa,3370990,Apartamento,Valencia,1,1,NA,2019/11/23,2019/11/24,0,"9,3",60
Aventura Valencia 2,5604325,NA,Valencia,1,1,€ 50,2019/11/23,2019/11/24,0,,60
vosotros sereis parte de mi familia.,5299568,NA,Valencia,1,1,€ 50,2019/11/23,2019/11/24,0,,60
Voyagers Inn Homestay,2682156,NA,Valencia,1,1,€ 40,2019/11/23,2019/11/24,0,"7,8",60
Pensión Universal,304276,NA,Valencia,1,1,€ 42,2019/11/23,2019/11/24,0,"7,9",60
Expo Hotel Valencia,91223,NA,Valencia,1,1,€ 45,2019/11/23,2019/11/24,3,"7,6",60
LOFT apartamento duplex en Valencia con parking,5519008,Apartamento,Valencia,1,1,€ 75,2019/11/23,2019/11/24,0,"9,7",60
Apartamento luminoso y acogedor,3489126,Apartamento,Valencia,1,1,€ 78,2019/11/23,2019/11/24,0,"9,5",60
VALENCIA APARTAMENTO GOYA,4256653,Apartamento,Valencia,1,1,NA,2019/11/23,2019/11/24,0,10,60
Casa La Buhardilla,2985364,Apartamento,Valencia,1,1,€ 97,2019/11/23,2019/11/24,0,"9,6",60
Hogar Dulce Hogar,5426607,NA,Valencia,1,1,€ 60,2019/11/23,2019/11/24,0,,60
Apartamento con compartir,5366858,NA,Valencia,1,1,€ 65,2019/11/23,2019/11/24,0,,60
Rooms El Picolino,5326859,NA,Valencia,1,1,€ 65,2019/11/23,2019/11/24,0,,60
Ramirez Flats & Bar,4124528,Apartahotel,Valencia,1,1,€ 99,2019/11/23,2019/11/24,0,"9,6",60
Precioso piso junto al antiguo barrio de Campanar,3297078,Apartamento,Valencia,1,1,€ 100,2019/11/23,2019/11/24,0,"9,5",60
Valencian Dreams Lonja,4757385,Apartamento,Valencia,1,1,€ 116,2019/11/23,2019/11/24,0,"9,8",60
Hostal Moratin,326015,NA,Valencia,1,1,€ 45,2019/11/23,2019/11/24,1,"7,9",60
Cabanyal Apartment con patio,4323384,Apartamento,Valencia,1,1,€ 69,2019/11/23,2019/11/24,0,,60
Apartamento Centro Valencia,1810765,Apartamento,Valencia,1,1,NA,2019/11/23,2019/11/24,0,"9,1",60
Habitación en Valencia,5477394,NA,Valencia,1,1,€ 72,2019/11/23,2019/11/24,0,,60
Loft Turia Gran,5133726,Apartamento,Valencia,1,1,€ 80,2019/11/23,2019/11/24,0,,60
Florista's Room en Valencia,5502152,NA,Valencia,1,1,€ 88,2019/11/23,2019/11/24,0,,60
Nest Style Valencia -Nueva apertura-,5219046,NA,Valencia,1,1,€ 118,2019/11/23,2019/11/24,3,"9,6",60
15 Avinguda Mare Nostrum,4518973,Apartamento,Valencia,1,1,€ 120,2019/11/23,2019/11/24,0,"9,6",60
Cómoda habitación Valencia,4200488,NA,Valencia,1,1,NA,2019/11/23,2019/11/24,0,"9,5",60
Olympia Flats,4212801,NA,Valencia,1,1,€ 70,2019/11/23,2019/11/24,0,"9,8",60
Comfort Homestay,5423155,NA,Valencia,1,1,€ 105,2019/11/23,2019/11/24,0,,60
CASA MARQUES DE CARO,4472176,Apartamento,Valencia,1,1,€ 121,2019/11/23,2019/11/24,0,,60
Kirei Apartment Dublin,4639542,Apartamento,Valencia,1,1,€ 161,2019/11/23,2019/11/24,0,,60
Travel Habitat Literato azorin,3699013,Apartamento,Valencia,1,1,NA,2019/11/23,2019/11/24,0,9,60
The White Apartment: Luxury- Beach and Design,5631365,Apartamento,Valencia,1,1,€ 167,2019/11/23,2019/11/24,0,,60
Rio Turia B&B,5531073,NA,Valencia,1,1,€ 48,2019/11/23,2019/11/24,0,"7,8",60
Patacona lujo,5636052,NA,Valencia,1,1,€ 190,2019/11/23,2019/11/24,0,,60
Apartment Carrer Ernesto Che Guevara,5598848,Apartamentos,Valencia,1,1,€ 211,2019/11/23,2019/11/24,0,,60
"Flat ""Ca Alexandre""",3687859,Apartamento,Valencia,1,1,€ 240,2019/11/23,2019/11/24,0,,60
Apartamento con terraza,5238122,Apartahotel,Valencia,1,1,€ 240,2019/11/23,2019/11/24,0,,60
Disfruta - Enjoy Valencia Oceanografic,4121345,Apartamento,Valencia,1,1,€ 149,2019/11/23,2019/11/24,0,"9,6",60
Disfruta - Enjoy Valencia Ayuntamiento,4901194,Apartamento,Valencia,1,1,€ 149,2019/11/23,2019/11/24,0,"9,6",60
Apartments Downtown Valencia,2250421,Apartamentos,Valencia,1,1,€ 150,2019/11/23,2019/11/24,0,"9,6",60
Ciudad Ciencias- Lujo- Parking- Wi-Fi.,4999636,Apartamento,Valencia,1,1,€ 170,2019/11/23,2019/11/24,0,"9,8",60
Opera House Valencia B&B,3533887,NA,Valencia,1,1,€ 200,2019/11/23,2019/11/24,0,"9,5",60
La Casa Verde - Ruzafa,2029143,Apartamento,Valencia,1,1,NA,2019/11/23,2019/11/24,0,"9,7",60
MARQUÉS HOUSE 4* SUP,2118880,NA,Valencia,1,1,€ 209,2019/11/23,2019/11/24,4,"9,5",60
MD PASEO RUZAFA CENTER,5374850,Apartamento,Valencia,1,1,€ 1.030,2019/11/23,2019/11/24,0,"9,5",60
Cantagua Hostel,4074640,NA,Valencia,1,1,€ 39,2019/11/23,2019/11/24,0,"9,1",60
Habitación privada a 1500 metros de la playa,3789910,NA,Valencia,1,1,€ 60,2019/11/23,2019/11/24,0,"9,3",60
YOU & CO. Saler Beach Boutique,4533007,NA,Valencia,1,1,€ 62,2019/11/23,2019/11/24,3,"9,1",60
Hostal Venecia,92883,NA,Valencia,1,1,€ 70,2019/11/23,2019/11/24,2,"9,1",60
Atico Loft Ruzafa,3152977,Apartamento,Valencia,1,1,NA,2019/11/23,2019/11/24,0,"9,7",60
Live in Chianti,2227491,NA,Valencia,1,1,€ 75,2019/11/23,2019/11/24,0,"9,1",60
Blanq Comedias,4922002,NA,Valencia,1,1,€ 77,2019/11/23,2019/11/24,0,"9,1",60
Rooms Ciencias,94126,NA,Valencia,1,1,€ 80,2019/11/23,2019/11/24,0,9,60
Sercotel Sorolla Palace,93646,NA,Valencia,1,1,€ 79,2019/11/23,2019/11/24,4,"8,6",60
Homestay Carrer Sagun,5006434,NA,Valencia,1,1,€ 80,2019/11/23,2019/11/24,0,"8,7",60
Homely Nest Valencia El Carme,3790877,Apartamento,Valencia,1,1,NA,2019/11/23,2019/11/24,0,"9,9",60
Casual del Cine Valencia,572187,NA,Valencia,1,1,€ 83,2019/11/23,2019/11/24,2,"8,6",60
Hospes Palau de La Mar,93823,NA,Valencia,1,1,€ 162,2019/11/23,2019/11/24,5,"8,8",60
Melia Plaza Valencia,13270,NA,Valencia,1,1,€ 165,2019/11/23,2019/11/24,4,"8,9",60
Melia Valencia,290493,NA,Valencia,1,1,€ 84,2019/11/23,2019/11/24,4,"8,8",60
UNIK. Apartments Valencia,2241282,Apartamentos,Valencia,1,1,€ 84,2019/11/23,2019/11/24,0,"8,5",60
Ad Hoc Monumental,90719,NA,Valencia,1,1,€ 85,2019/11/23,2019/11/24,3,"8,6",60
El Cid,2740801,Apartamento,Valencia,1,1,€ 85,2019/11/23,2019/11/24,0,9,60
Jardín Botánico Hotel Boutique,93369,NA,Valencia,1,1,€ 88,2019/11/23,2019/11/24,3,9,60
MOM La Punta,3105661,NA,Valencia,1,1,NA,2019/11/23,2019/11/24,0,"9,4",60
Puerta de Serranos,2734333,Apartamentos,Valencia,1,1,€ 166,2019/11/23,2019/11/24,0,"8,8",60
Vincci Lys,91183,NA,Valencia,1,1,€ 167,2019/11/23,2019/11/24,4,"8,9",60
The Westin Valencia,93321,NA,Valencia,1,1,€ 173,2019/11/23,2019/11/24,5,"8,7",60
Apartaments San Pio V,2456151,Apartamento,Valencia,1,1,€ 87,2019/11/23,2019/11/24,0,"8,8",60
BUBUFLATS / Mercat,783206,Apartamentos,Valencia,1,1,€ 90,2019/11/23,2019/11/24,0,"8,9",60
Cool Central Market,3424724,Apartamento,Valencia,1,1,NA,2019/11/23,2019/11/24,0,"9,9",60
BUBUFLATS Mossén,1141763,Apartamentos,Valencia,1,1,€ 90,2019/11/23,2019/11/24,0,"8,9",60
Burjassot Mestalla,3058627,Apartamento,Valencia,1,1,€ 175,2019/11/23,2019/11/24,0,"8,6",60
Apartamento Casa con Angel,1079935,Apartamentos,Valencia,1,1,€ 182,2019/11/23,2019/11/24,0,"8,8",60
AC Hotel Colon Valencia,1117150,NA,Valencia,1,1,€ 213,2019/11/23,2019/11/24,4,"8,7",60
APARTAMENTO CENTRICO. WI-FI. PARKING,2967593,Apartamento,Valencia,1,1,NA,2019/11/23,2019/11/24,0,"9,1",60
Carlos & Ana,2079019,Apartamento,Valencia,1,1,€ 215,2019/11/23,2019/11/24,0,"8,9",60
Casa de Vacaciones Pintor Vilar,2093863,Apartamento,Valencia,1,1,€ 222,2019/11/23,2019/11/24,0,"8,9",60
Petit Palace Plaza de la Reina,90443,NA,Valencia,1,1,€ 298,2019/11/23,2019/11/24,3,"8,7",60
Habitacion Barata Valencia,3931013,NA,Valencia,1,1,€ 35,2019/11/23,2019/11/24,0,8,60
Plaza Sainetero Arniches,3984774,Apartamento,Valencia,1,1,€ 92,2019/11/23,2019/11/24,0,"8,5",60
Hotel Valencia Oceanic Managed by Melia Hotels International,91522,NA,Valencia,1,1,€ 93,2019/11/23,2019/11/24,4,"8,6",60
APARTAMENTO LAS MELLIZAS,4651578,NA,Valencia,1,1,€ 47,2019/11/23,2019/11/24,0,"8,5",60
Guillem Sorolla Apartment,2961464,Apartamento,Valencia,1,1,€ 94,2019/11/23,2019/11/24,0,"8,9",60
Habitación en valencia centro,5418023,NA,Valencia,1,1,€ 35,2019/11/23,2019/11/24,0,"8,3",60
Habitacion en Valencia Barata,4861796,NA,Valencia,1,1,€ 40,2019/11/23,2019/11/24,0,"8,2",60
Teixidors de Palomar,2639791,Apartamentos,Valencia,1,1,NA,2019/11/23,2019/11/24,0,"9,4",60
Hostal Abastos,257057,NA,Valencia,1,1,€ 45,2019/11/23,2019/11/24,2,"8,2",60
Citizentral Gascons,332095,Apartamentos,Valencia,1,1,€ 94,2019/11/23,2019/11/24,0,"8,8",60
CENTRO CIUDAD-PZA AYUNTAMIENTO-WIFI,3604273,Apartamento,Valencia,1,1,NA,2019/11/23,2019/11/24,0,"9,3",60
New Trendy apartment,2426154,Apartamento,Valencia,1,1,€ 95,2019/11/23,2019/11/24,0,"8,7",60
Ilunion Aqua 4,92777,NA,Valencia,1,1,€ 95,2019/11/23,2019/11/24,4,"8,5",60
Purple Nest Hostel,25278,NA,Valencia,1,1,€ 48,2019/11/23,2019/11/24,0,"8,2",60
B&B Hi Valencia Canovas,305349,NA,Valencia,1,1,€ 48,2019/11/23,2019/11/24,0,"8,4",60
Red Nest Hostel,92283,NA,Valencia,1,1,€ 49,2019/11/23,2019/11/24,0,"8,2",60
Valenciaflats Centro Histórico,94781,Apartamentos,Valencia,1,1,€ 97,2019/11/23,2019/11/24,0,"8,7",60
Lotelito,570027,NA,Valencia,1,1,€ 97,2019/11/23,2019/11/24,0,"8,9",60
Blanq Carmen Hotel,97069,NA,Valencia,1,1,€ 98,2019/11/23,2019/11/24,3,"8,7",60
Casa Mati,4217185,NA,Valencia,1,1,€ 50,2019/11/23,2019/11/24,0,"8,3",60
Urban Youth Hostel,1163025,NA,Valencia,1,1,€ 53,2019/11/23,2019/11/24,0,"8,4",60
Apartamento Calle Lorca,2111733,Apartamento,Valencia,1,1,NA,2019/11/23,2019/11/24,0,"9,4",60
Como en casa,4802186,NA,Valencia,1,1,€ 54,2019/11/23,2019/11/24,0,"8,1",60
One Shot Colón 46,1394168,NA,Valencia,1,1,€ 98,2019/11/23,2019/11/24,3,"8,7",60
Palau de Palomar,471283,Apartamentos,Valencia,1,1,NA,2019/11/23,2019/11/24,0,"9,1",60
AC Hotel Valencia,91063,NA,Valencia,1,1,€ 98,2019/11/23,2019/11/24,4,"8,5",60
Hotel El Siglo,1741479,NA,Valencia,1,1,€ 98,2019/11/23,2019/11/24,3,"8,5",60
Pension MonaLisa Luxury Suites,3834224,NA,Valencia,1,1,€ 56,2019/11/23,2019/11/24,0,"8,2",60
Hotel Villacarlos,90730,NA,Valencia,1,1,€ 58,2019/11/23,2019/11/24,3,8,60
NH Valencia Las Ciencias,90725,NA,Valencia,1,1,€ 62,2019/11/23,2019/11/24,3,8,60
Tryp Valencia Feria,92852,NA,Valencia,1,1,€ 63,2019/11/23,2019/11/24,4,"8,4",60
Hotel Dimar,90886,NA,Valencia,1,1,€ 99,2019/11/23,2019/11/24,4,"8,7",60
Barceló Valencia,91988,NA,Valencia,1,1,€ 99,2019/11/23,2019/11/24,4,"8,7",60
Valencian Apartment,2298621,Apartamento,Valencia,1,1,€ 100,2019/11/23,2019/11/24,0,"8,9",60
