name,propertyId,propertyType,city,rooms,days,price,checkIn,checkOut,stars,score,advance
Old Town Flats Casa Burguerini,4552106,Apartamentos,Valencia,1,1,€ 151,2019/11/06,2019/11/07,0,"7,6",60
Loft el Carmen amazing views,4932621,Apartamento,Valencia,1,1,€ 172,2019/11/06,2019/11/07,0,"7,9",60
MD Pelayo with terrace,1979067,Apartamento,Valencia,1,1,€ 249,2019/11/06,2019/11/07,0,"7,8",60
MD Art Apartment Ruzafa,2550955,Apartamento,Valencia,1,1,€ 254,2019/11/06,2019/11/07,0,"7,6",60
MD Abastos Center,2551194,Apartamento,Valencia,1,1,€ 277,2019/11/06,2019/11/07,0,"7,7",60
MD Oliag I Apartment Ruzafa,2867488,Apartamento,Valencia,1,1,€ 305,2019/11/06,2019/11/07,0,"7,7",60
Apartment Plaza de la Merced,3457190,Apartamento,Valencia,1,1,€ 470,2019/11/06,2019/11/07,0,"7,9",60
Hostal Waksman,281139,NA,Valencia,1,1,€ 30,2019/11/06,2019/11/07,1,"7,3",60
feliz como en casa,3676196,NA,Valencia,1,1,€ 36,2019/11/06,2019/11/07,0,"7,1",60
Hostal Residencial RR,450746,NA,Valencia,1,1,€ 39,2019/11/06,2019/11/07,0,7,60
HOSPEDAJE PESET,4718074,NA,Valencia,1,1,€ 40,2019/11/06,2019/11/07,0,"7,2",60
La Flamenca,818359,NA,Valencia,1,1,€ 40,2019/11/06,2019/11/07,0,"7,3",60
Central Station Valencia Hostel,1647017,NA,Valencia,1,1,€ 43,2019/11/06,2019/11/07,0,"7,1",60
Sampedor Apartment,435662,Apartamentos,Valencia,1,1,€ 49,2019/11/06,2019/11/07,0,7,60
Centro Valencia Calle Cerrajeros,3476261,NA,Valencia,1,1,€ 50,2019/11/06,2019/11/07,0,"7,1",60
BUBUSUITES by Bubuflats,2389776,NA,Valencia,1,1,€ 80,2019/11/06,2019/11/07,0,"9,3",60
Citizentral Juristas,1113127,Apartamentos,Valencia,1,1,€ 82,2019/11/06,2019/11/07,0,"9,2",60
MÍ casa YOUR HOME,3328967,Apartamento,Valencia,1,1,NA,2019/11/06,2019/11/07,0,"9,2",60
Hotel Valencia Alameda,4019381,NA,Valencia,1,1,€ 84,2019/11/06,2019/11/07,4,"9,3",60
Una Ubicacion Perfecta,3114164,Apartamentos,Valencia,1,1,€ 85,2019/11/06,2019/11/07,0,"9,1",60
Bubuflats Bubu 5,1283519,Apartamento,Valencia,1,1,€ 85,2019/11/06,2019/11/07,0,"9,1",60
City Garden Bed and Breakfast,2204361,NA,Valencia,1,1,€ 87,2019/11/06,2019/11/07,0,"9,4",60
Mon Suites San Nicolas,4117225,Apartamentos,Valencia,1,1,€ 87,2019/11/06,2019/11/07,0,"9,2",60
RUZAFA. Nice apartment and Terrace.,4368595,Apartamento,Valencia,1,1,€ 88,2019/11/06,2019/11/07,0,"9,3",60
OCEANOGRAFIC DELUXE- PARKING- WI-FI,4095746,Apartamento,Valencia,1,1,NA,2019/11/06,2019/11/07,0,"9,2",60
Apartamento cerca de la Playa y el Centro,2620264,Apartamento,Valencia,1,1,€ 88,2019/11/06,2019/11/07,0,9,60
Kirei Apartment Denver,4585191,Apartamento,Valencia,1,1,€ 137,2019/11/06,2019/11/07,0,"6,3",60
Kirei Apartment San Agustin,1712323,Apartamentos,Valencia,1,1,€ 137,2019/11/06,2019/11/07,0,6,60
Magnífico Adosado- cerca de Valencia ciudad- en zona de montaña y playa fluvial,5354233,Casa o chalet,Valencia,1,1,€ 90,2019/11/06,2019/11/07,0,"9,1",60
Turia Burjassot 12,3237353,Apartamento,Valencia,1,1,€ 90,2019/11/06,2019/11/07,0,9,60
Dolz Garden Ruzafa,1123993,Apartamentos,Valencia,1,1,€ 90,2019/11/06,2019/11/07,0,"9,2",60
Olvida tu Reloj Montichelvo Apartment,3258095,Apartamento,Valencia,1,1,€ 91,2019/11/06,2019/11/07,0,"9,4",60
Like Apartments XL,558122,Apartamentos,Valencia,1,1,NA,2019/11/06,2019/11/07,0,"7,5",60
RoomTuristValencia - Ruzafa,4608394,NA,Valencia,1,1,€ 25,2019/11/06,2019/11/07,0,"5,6",60
Ruzafa Guesthouse,2269176,NA,Valencia,1,1,€ 30,2019/11/06,2019/11/07,0,"5,6",60
Olvida tu Reloj Congresos Apartment,2448036,Apartamento,Valencia,1,1,€ 91,2019/11/06,2019/11/07,0,"9,2",60
SingularStays Plaza Redonda,1551343,Apartamento,Valencia,1,1,NA,2019/11/06,2019/11/07,0,"9,2",60
Center City Flats,861452,Apartamentos,Valencia,1,1,€ 94,2019/11/06,2019/11/07,0,"9,1",60
Gon & Diego House,4899561,NA,Valencia,1,1,€ 40,2019/11/06,2019/11/07,0,"5,6",60
Valencia B&B,2658386,NA,Valencia,1,1,€ 59,2019/11/06,2019/11/07,0,"5,7",60
Guest House Higinio Noja,2845935,NA,Valencia,1,1,€ 60,2019/11/06,2019/11/07,0,"5,9",60
Duplex en Blasco Ibáñez,3672426,Apartamento,Valencia,1,1,€ 155,2019/11/06,2019/11/07,0,"9,1",60
Vincci Mercat,1279484,NA,Valencia,1,1,€ 158,2019/11/06,2019/11/07,4,9,60
Apartamento Centro Valencia,1810765,Apartamento,Valencia,1,1,NA,2019/11/06,2019/11/07,0,9,60
Las Arenas Balneario Resort,91144,NA,Valencia,1,1,€ 162,2019/11/06,2019/11/07,5,9,60
Arena's Apartament,2156905,Apartamento,Valencia,1,1,€ 170,2019/11/06,2019/11/07,0,"9,1",60
WeRentVLC Charming Ruzafa,2839319,Apartamento,Valencia,1,1,€ 170,2019/11/06,2019/11/07,0,"9,2",60
Jardines del Turia - Espacioso apartamento,2734126,Apartamento,Valencia,1,1,€ 170,2019/11/06,2019/11/07,0,"9,1",60
Zerka Sendra,4657122,Apartamento,Valencia,1,1,€ 179,2019/11/06,2019/11/07,0,9,60
Loft Superior el Carmen,2784473,Apartamento,Valencia,1,1,€ 209,2019/11/06,2019/11/07,0,"9,2",60
New apartment bioparc,4316710,Apartamento,Valencia,1,1,NA,2019/11/06,2019/11/07,0,"9,3",60
Caro Hotel,348132,NA,Valencia,1,1,€ 209,2019/11/06,2019/11/07,5,"9,2",60
Carrer del Bisbe Jaume Pérez,4900140,NA,Valencia,1,1,€ 60,2019/11/06,2019/11/07,0,"5,9",60
Botanico Silence,3175932,Apartamento,Valencia,1,1,NA,2019/11/06,2019/11/07,0,"7,7",60
Oliver,4865093,NA,Valencia,1,1,€ 73,2019/11/06,2019/11/07,0,"5,8",60
MD Julio Antonio Apartment Center,3961049,Apartamento,Valencia,1,1,€ 268,2019/11/06,2019/11/07,0,"9,3",60
Old Fisherman's House in Malvarrosa Beach,3618172,Apartamento,Valencia,1,1,€ 360,2019/11/06,2019/11/07,0,"9,4",60
The River Hostel,494202,NA,Valencia,1,1,€ 22,2019/11/06,2019/11/07,0,"8,5",60
Kirei Apartment Berlin,4504570,Apartamentos,Valencia,1,1,€ 106,2019/11/06,2019/11/07,0,"5,5",60
Kirei Apartment Portland,4276529,Apartamentos,Valencia,1,1,€ 200,2019/11/06,2019/11/07,0,"5,9",60
Guest House Duc de Gaeta,2275007,NA,Valencia,1,1,€ 28,2019/11/06,2019/11/07,0,5,60
Guest House Torres de Quart,2275006,NA,Valencia,1,1,€ 30,2019/11/06,2019/11/07,0,"5,3",60
RoomTuristValencia Torres de Quart,4565643,NA,Valencia,1,1,€ 25,2019/11/06,2019/11/07,0,"4,5",60
Pensión Alicante,298710,NA,Valencia,1,1,€ 33,2019/11/06,2019/11/07,0,"8,5",60
B&B Almirante,369695,NA,Valencia,1,1,€ 43,2019/11/06,2019/11/07,1,"8,8",60
Apartamento Serranos CM,2491242,Apartamento,Valencia,1,1,NA,2019/11/06,2019/11/07,0,"9,3",60
Russafa Youth Hostel,345134,NA,Valencia,1,1,€ 44,2019/11/06,2019/11/07,0,"8,6",60
Calabazas Apartments,1119992,Apartamento,Valencia,1,1,NA,2019/11/06,2019/11/07,0,"7,7",60
RoomTuristValencia RuzafaSumsi,4682802,NA,Valencia,1,1,€ 35,2019/11/06,2019/11/07,0,"4,6",60
Port of Valencia,3805735,Apartamento,Valencia,1,1,€ 79,2019/11/06,2019/11/07,0,"4,9",60
Malvarosa,3820590,Apartamento,Valencia,1,1,€ 190,2019/11/06,2019/11/07,0,"4,1",60
Apartamento Islas Canarias,2304086,Apartamento,Valencia,1,1,€ 62,2019/11/06,2019/11/07,0,"3,8",60
Aventura,5567318,Apartamentos,Valencia,1,1,€ 40,2019/11/06,2019/11/07,0,,60
Florista's Rooms en Valencia,5502152,NA,Valencia,1,1,€ 48,2019/11/06,2019/11/07,0,,60
YourPlace Apartments,2896608,Apartamentos,Valencia,1,1,NA,2019/11/06,2019/11/07,0,"7,6",60
Bright room with trundle bed,5560260,NA,Valencia,1,1,€ 51,2019/11/06,2019/11/07,0,,60
Rooms El Picolino,5326859,NA,Valencia,1,1,€ 55,2019/11/06,2019/11/07,0,,60
LOFT apartamento duplex en Valencia con parking,5519008,Apartamento,Valencia,1,1,€ 60,2019/11/06,2019/11/07,0,,60
Hogar Dulce Hogar,5426607,NA,Valencia,1,1,€ 60,2019/11/06,2019/11/07,0,,60
vosotros sereis parte de mi familia.,5299568,NA,Valencia,1,1,€ 60,2019/11/06,2019/11/07,0,,60
NH Ciudad de Valencia,90729,NA,Valencia,1,1,€ 61,2019/11/06,2019/11/07,3,"8,1",60
Happy Apartments Valencia – Lope de Vega,575582,Apartamentos,Valencia,1,1,€ 62,2019/11/06,2019/11/07,0,"8,1",60
Flats Friends Nave,2861620,Apartamentos,Valencia,1,1,NA,2019/11/06,2019/11/07,0,"8,4",60
NH Valencia Las Ciencias,90725,NA,Valencia,1,1,€ 63,2019/11/06,2019/11/07,3,8,60
Tryp Valencia Feria,92852,NA,Valencia,1,1,€ 63,2019/11/06,2019/11/07,4,"8,4",60
L'Otelet By Sweet,1467935,NA,Valencia,1,1,€ 64,2019/11/06,2019/11/07,0,"8,3",60
Reina 12,1684198,NA,Valencia,1,1,€ 64,2019/11/06,2019/11/07,0,"8,2",60
Ad Hoc Carmen,1173270,NA,Valencia,1,1,€ 73,2019/11/06,2019/11/07,2,"8,9",60
Boutique Creative Rooms,2334726,NA,Valencia,1,1,€ 74,2019/11/06,2019/11/07,0,"8,7",60
SingularStays Mar44,1002060,Apartamentos,Valencia,1,1,NA,2019/11/06,2019/11/07,0,"8,7",60
Habitación doble,3599930,NA,Valencia,1,1,€ 75,2019/11/06,2019/11/07,0,"8,9",60
Petit Palace Plaza de la Reina,90443,NA,Valencia,1,1,€ 76,2019/11/06,2019/11/07,3,"8,7",60
Casual Vintage Valencia,1710241,NA,Valencia,1,1,€ 77,2019/11/06,2019/11/07,2,"8,6",60
Valenciaflats Mercado Central,307677,Apartamentos,Valencia,1,1,€ 78,2019/11/06,2019/11/07,0,"8,9",60
Hotel Alkazar,408511,NA,Valencia,1,1,€ 64,2019/11/06,2019/11/07,1,8,60
SHF Flats Baron,1033085,Apartamentos,Valencia,1,1,€ 65,2019/11/06,2019/11/07,0,8,60
Quart Silence,2024765,Apartamentos,Valencia,1,1,NA,2019/11/06,2019/11/07,0,8,60
Silken Puerta Valencia,91182,NA,Valencia,1,1,€ 69,2019/11/06,2019/11/07,4,"8,3",60
City Suites Apartments,3091106,NA,Valencia,1,1,€ 70,2019/11/06,2019/11/07,0,"8,4",60
Sol Playa,12656,NA,Valencia,1,1,€ 70,2019/11/06,2019/11/07,2,"8,3",60
Hotel Medium Valencia,96838,NA,Valencia,1,1,€ 72,2019/11/06,2019/11/07,4,"8,2",60
Hotel Gabbeach,403586,NA,Valencia,1,1,€ 79,2019/11/06,2019/11/07,3,"8,5",60
Ad Hoc Monumental,90719,NA,Valencia,1,1,€ 80,2019/11/06,2019/11/07,3,"8,6",60
Welcomer Apartments Valencia,19363,Apartamentos,Valencia,1,1,NA,2019/11/06,2019/11/07,0,"8,7",60
BUBUFLATS / Mercat,783206,Apartamentos,Valencia,1,1,€ 80,2019/11/06,2019/11/07,0,"8,9",60
NH Valencia Las Artes,90731,NA,Valencia,1,1,€ 72,2019/11/06,2019/11/07,4,"8,4",60
Valenciaflats Torres de Serrano,17468,Apartamentos,Valencia,1,1,€ 73,2019/11/06,2019/11/07,0,"8,3",60
Living Valencia - Tetuán,3217954,Apartamentos,Valencia,1,1,NA,2019/11/06,2019/11/07,0,"8,1",60
Atico Ciutat Vella,3446230,Apartamentos,Valencia,1,1,€ 75,2019/11/06,2019/11/07,0,"8,4",60
Piso luminoso cerca de la playa,3583906,Apartamento,Valencia,1,1,€ 80,2019/11/06,2019/11/07,0,"8,6",60
Hotel Mediterraneo Valencia,92412,NA,Valencia,1,1,€ 81,2019/11/06,2019/11/07,3,"8,8",60
Perla Apartments,3146781,Apartamentos,Valencia,1,1,€ 81,2019/11/06,2019/11/07,0,"8,8",60
Barceló Valencia,91988,NA,Valencia,1,1,€ 81,2019/11/06,2019/11/07,4,"8,7",60
One Shot Colón 46,1394168,NA,Valencia,1,1,€ 81,2019/11/06,2019/11/07,3,"8,7",60
SingularStays Comedias,1176158,Apartamentos,Valencia,1,1,NA,2019/11/06,2019/11/07,0,"8,5",60
Suites by Eric Olsan (Florista),4726450,Apartamentos,Valencia,1,1,€ 82,2019/11/06,2019/11/07,0,"8,7",60
Hotel El Siglo,1741479,NA,Valencia,1,1,€ 85,2019/11/06,2019/11/07,3,"8,5",60
Nanit Valencia Hostel,3913497,NA,Valencia,1,1,€ 75,2019/11/06,2019/11/07,0,"8,3",60
Ático cerca del mar,4040503,Apartamento,Valencia,1,1,€ 75,2019/11/06,2019/11/07,0,"8,3",60
Apartment Vicent,1674495,Apartamento,Valencia,1,1,€ 75,2019/11/06,2019/11/07,0,"8,3",60
Hotel Valencia Center,91285,NA,Valencia,1,1,€ 79,2019/11/06,2019/11/07,4,"8,4",60
Ilunion Aqua 3,92776,NA,Valencia,1,1,€ 83,2019/11/06,2019/11/07,3,"8,3",60
Casa de Maria,2467712,Apartamento,Valencia,1,1,€ 85,2019/11/06,2019/11/07,0,"8,5",60
Burjassot Mestalla,3058627,Apartamento,Valencia,1,1,€ 85,2019/11/06,2019/11/07,0,"8,5",60
BUBUFLATS Mossén,1141763,Apartamentos,Valencia,1,1,€ 85,2019/11/06,2019/11/07,0,"8,9",60
Hotel Valencia Oceanic Managed by Melia Hotels International,91522,NA,Valencia,1,1,€ 93,2019/11/06,2019/11/07,4,"8,6",60
FREE WI-FI. Apartamentos 90 м2 - Assutzena 5,4828764,Apartamento,Valencia,1,1,€ 145,2019/11/06,2019/11/07,0,"8,7",60
Stylish newly renovated in great location /WIFI,3661070,Apartamento,Valencia,1,1,€ 149,2019/11/06,2019/11/07,0,"8,6",60
Flats Friends Soho Suites,1819642,Apartamentos,Valencia,1,1,NA,2019/11/06,2019/11/07,0,"8,6",60
Apartamento LUXURY CENTRO HISTORICO,3664772,Apartamento,Valencia,1,1,€ 149,2019/11/06,2019/11/07,0,"8,7",60
Ilunion Aqua 4,92777,NA,Valencia,1,1,€ 150,2019/11/06,2019/11/07,4,"8,5",60
Apartamento Sofia,2552406,Apartamento,Valencia,1,1,€ 150,2019/11/06,2019/11/07,0,"8,6",60
Friendly Rentals Ferrero,2314984,Apartamento,Valencia,1,1,€ 150,2019/11/06,2019/11/07,0,"8,6",60
AC Hotel Colon Valencia- a Marriott Lifestyle Hotel,1117150,NA,Valencia,1,1,€ 155,2019/11/06,2019/11/07,4,"8,7",60
ValentiaApartments - MercadoCentral,4185241,Apartamentos,Valencia,1,1,€ 155,2019/11/06,2019/11/07,0,"8,7",60
Apartamento Con Vistas Espectaculares,2789610,Apartamento,Valencia,1,1,NA,2019/11/06,2019/11/07,0,"8,9",60
Vincci Lys,91183,NA,Valencia,1,1,€ 158,2019/11/06,2019/11/07,4,"8,9",60
Vincci Palace,94163,NA,Valencia,1,1,€ 158,2019/11/06,2019/11/07,4,"8,6",60
Cathedral Suites Hotel,1736257,Apartahotel,Valencia,1,1,€ 159,2019/11/06,2019/11/07,4,"8,9",60
Puerta de Serranos,2734333,Apartamentos,Valencia,1,1,€ 161,2019/11/06,2019/11/07,0,"8,8",60
Mar & City Apartment,3456759,Apartamento,Valencia,1,1,€ 166,2019/11/06,2019/11/07,0,"8,8",60
Hospes Palau de La Mar,93823,NA,Valencia,1,1,€ 174,2019/11/06,2019/11/07,5,"8,8",60
Style Apartments Cabanyal Marina Beach,5024641,Apartamentos,Valencia,1,1,NA,2019/11/06,2019/11/07,0,"8,7",60
The Westin Valencia,93321,NA,Valencia,1,1,€ 193,2019/11/06,2019/11/07,5,"8,7",60
Carlos & Ana,2079019,Apartamento,Valencia,1,1,€ 195,2019/11/06,2019/11/07,0,"8,9",60
Canela`s Vintage Ruzafa Centro,4652584,Apartamento,Valencia,1,1,€ 200,2019/11/06,2019/11/07,0,"8,5",60
Exclusive Beach Apartment,4641691,Apartamento,Valencia,1,1,€ 205,2019/11/06,2019/11/07,0,"8,9",60
Casa de Vacaciones Pintor Vilar,2093863,Apartamento,Valencia,1,1,€ 222,2019/11/06,2019/11/07,0,"8,9",60
Ca Carmela,2466364,Casa o chalet,Valencia,1,1,€ 225,2019/11/06,2019/11/07,0,"8,9",60
Apartamento Casa con Angel,1079935,Apartamento,Valencia,1,1,NA,2019/11/06,2019/11/07,0,"8,8",60
SingularStays Parque Central,3054000,Apartamentos,Valencia,1,1,€ 265,2019/11/06,2019/11/07,0,"8,8",60
Center Valencia Youth Hostel,246931,NA,Valencia,1,1,€ 19,2019/11/06,2019/11/07,0,8,60
Habitacion Barata Valencia,3931013,NA,Valencia,1,1,€ 35,2019/11/06,2019/11/07,0,8,60
Habitación en valencia centro,5418023,NA,Valencia,1,1,€ 35,2019/11/06,2019/11/07,0,"8,1",60
B&B Hi Valencia Canovas,305349,NA,Valencia,1,1,€ 38,2019/11/06,2019/11/07,0,"8,4",60
MD Benlliure Beach.,1957258,Apartamento,Valencia,1,1,€ 259,2019/11/06,2019/11/07,0,8,60
Malvarrosa Calle Pavia,3608764,Casa o chalet,Valencia,1,1,€ 271,2019/11/06,2019/11/07,0,"8,1",60
Apartamento Centro Valencia,1810765,Apartamento,Valencia,1,1,NA,2019/11/06,2019/11/07,0,9,60
NWT Central Station Apartments,3964093,Apartamento,Valencia,1,1,€ 300,2019/11/06,2019/11/07,0,"8,2",60
MD Sueca. Apartment with Terrace Ruzafa,2551179,Apartamento,Valencia,1,1,€ 305,2019/11/06,2019/11/07,0,"8,2",60
MD Vila Barbera Apartment Center,1957253,Apartamento,Valencia,1,1,€ 320,2019/11/06,2019/11/07,0,"8,3",60
UP Hostel Valencia,1710137,NA,Valencia,1,1,€ 24,2019/11/06,2019/11/07,0,"7,8",60
Pensión Universal,304276,NA,Valencia,1,1,€ 26,2019/11/06,2019/11/07,0,"7,9",60
Hostal Moratin,326015,NA,Valencia,1,1,€ 30,2019/11/06,2019/11/07,1,"7,9",60
New apartment bioparc,4316710,Apartamento,Valencia,1,1,NA,2019/11/06,2019/11/07,0,"9,3",60
Hostal El Cid,309465,NA,Valencia,1,1,€ 32,2019/11/06,2019/11/07,2,"7,6",60
Apart and Benef,2291245,NA,Valencia,1,1,€ 34,2019/11/06,2019/11/07,0,"7,8",60
Hostal On Dormire Valencia,432305,NA,Valencia,1,1,€ 35,2019/11/06,2019/11/07,0,"7,8",60
Habitación Céntrica en Casa de Familia,4289877,NA,Valencia,1,1,€ 35,2019/11/06,2019/11/07,0,"7,8",60
OYO Pensión El Rincón,476031,NA,Valencia,1,1,€ 36,2019/11/06,2019/11/07,1,"7,6",60
Adrian's House,2271869,NA,Valencia,1,1,€ 40,2019/11/06,2019/11/07,0,"7,8",60
Apartamento Serranos CM,2491242,Apartamento,Valencia,1,1,NA,2019/11/06,2019/11/07,0,"9,3",60
Habitación San Cayetano,4624401,NA,Valencia,1,1,€ 40,2019/11/06,2019/11/07,0,"7,7",60
Hotel Beleret,94652,NA,Valencia,1,1,€ 42,2019/11/06,2019/11/07,3,"7,6",60
Voyagers Inn Homestay,2682156,NA,Valencia,1,1,€ 43,2019/11/06,2019/11/07,0,"7,8",60
Valencia City Host,1177077,NA,Valencia,1,1,€ 44,2019/11/06,2019/11/07,0,"7,8",60
Patacona Green Flats,292996,Apartamentos,Valencia,1,1,€ 45,2019/11/06,2019/11/07,0,"7,6",60
Casual Civilizaciones Valencia,449777,NA,Valencia,1,1,€ 47,2019/11/06,2019/11/07,0,"7,9",60
Apartamento luminoso y acogedor,3489126,Apartamento,Valencia,1,1,NA,2019/11/06,2019/11/07,0,"9,4",60
Patacona Resort Apartments,189782,Apartamentos,Valencia,1,1,€ 48,2019/11/06,2019/11/07,0,"7,8",60
Expo Hotel Valencia,91223,NA,Valencia,1,1,€ 49,2019/11/06,2019/11/07,3,"7,6",60
Casual de la Música Valencia,273130,NA,Valencia,1,1,€ 49,2019/11/06,2019/11/07,2,"7,5",60
Apartamentos Abastos,1044426,Apartamentos,Valencia,1,1,€ 50,2019/11/06,2019/11/07,0,"7,5",60
Habitacion PLaza Ayuntamiento,4365340,NA,Valencia,1,1,€ 50,2019/11/06,2019/11/07,0,"7,6",60
Habitacion por dias Centro Valencia,3977106,NA,Valencia,1,1,€ 55,2019/11/06,2019/11/07,0,"7,9",60
Colors Rooms,675839,NA,Valencia,1,1,€ 40,2019/11/06,2019/11/07,0,"9,6",60
United Colors of Apartments Boutique Style,5372347,Apartamentos,Valencia,1,1,€ 79,2019/11/06,2019/11/07,0,"9,9",60
Central Park Apartment Valencia,3881533,Apartamento,Valencia,1,1,NA,2019/11/06,2019/11/07,0,"9,6",60
Living Valencia - Olympia House,2215435,Apartamentos,Valencia,1,1,NA,2019/11/06,2019/11/07,0,"8,6",60
B&B Hotel Valencia Ciudad de las Ciencias,92242,NA,Valencia,1,1,€ 56,2019/11/06,2019/11/07,3,"7,5",60
Hotel Turia,14441,NA,Valencia,1,1,€ 59,2019/11/06,2019/11/07,4,"7,5",60
Oceanográfico Apartments & Spa,324918,Apartamentos,Valencia,1,1,€ 59,2019/11/06,2019/11/07,0,"7,6",60
Hostal Antigua Morellana,1273937,NA,Valencia,1,1,€ 80,2019/11/06,2019/11/07,1,"9,5",60
Bubuflats Bubu 3,1014334,Apartamento,Valencia,1,1,€ 85,2019/11/06,2019/11/07,0,"9,6",60
Cosy Rooms Tapinería,371192,NA,Valencia,1,1,€ 59,2019/11/06,2019/11/07,2,"7,5",60
El Globo,24498,NA,Valencia,1,1,€ 60,2019/11/06,2019/11/07,1,"7,8",60
Hostal Bisbal,235665,NA,Valencia,1,1,€ 60,2019/11/06,2019/11/07,1,"7,5",60
Ramirez Flats & Bar,4124528,Apartahotel,Valencia,1,1,€ 86,2019/11/06,2019/11/07,0,"9,5",60
Nest Style Valencia -Nueva apertura-,5219046,NA,Valencia,1,1,€ 87,2019/11/06,2019/11/07,3,"9,7",60
Apartamento Playa el Cabanyal,2469500,Apartamento,Valencia,1,1,NA,2019/11/06,2019/11/07,0,"8,9",60
Opera House Valencia B&B,3533887,NA,Valencia,1,1,€ 88,2019/11/06,2019/11/07,0,"9,5",60
Casa La Buhardilla,2985364,Apartamento,Valencia,1,1,€ 97,2019/11/06,2019/11/07,0,"9,6",60
Apartamento Frederick “Centrico y con Clase”,4236394,Apartamento,Valencia,1,1,NA,2019/11/06,2019/11/07,0,"9,7",60
Checkin Valencia,93743,NA,Valencia,1,1,€ 62,2019/11/06,2019/11/07,4,"7,8",60
Jero Rooms,296743,NA,Valencia,1,1,€ 64,2019/11/06,2019/11/07,0,"7,7",60
Precioso piso junto al antiguo barrio de Campanar,3297078,Apartamento,Valencia,1,1,€ 100,2019/11/06,2019/11/07,0,"9,5",60
Valencian Dreams Lonja,4757385,Apartamento,Valencia,1,1,€ 102,2019/11/06,2019/11/07,0,"9,7",60
Apartment Cisneros 2,2361375,Apartamento,Valencia,1,1,€ 110,2019/11/06,2019/11/07,0,"9,7",60
Olympia Flats,4212801,NA,Valencia,1,1,€ 55,2019/11/06,2019/11/07,0,"9,7",60
Apartment Plaza Cisneros,1273377,Apartamentos,Valencia,1,1,€ 120,2019/11/06,2019/11/07,0,"9,8",60
City of Arts & Spa Apartment,4820684,Apartamento,Valencia,1,1,€ 65,2019/11/06,2019/11/07,0,"7,8",60
Alex Apartment,1756374,Apartamento,Valencia,1,1,€ 65,2019/11/06,2019/11/07,0,"7,8",60
SEA YOU HOTEL PORT VALENCIA,92328,NA,Valencia,1,1,€ 67,2019/11/06,2019/11/07,4,"7,7",60
Ilunion Valencia 3,92818,NA,Valencia,1,1,€ 67,2019/11/06,2019/11/07,3,"7,9",60
15 Avinguda Mare Nostrum,4518973,Apartamento,Valencia,1,1,€ 120,2019/11/06,2019/11/07,0,"9,8",60
BONNIES Suites & Spa Valencia,3631910,Apartamentos,Valencia,1,1,NA,2019/11/06,2019/11/07,0,"9,8",60
City Center Apartments,4426057,Apartamentos,Valencia,1,1,€ 68,2019/11/06,2019/11/07,0,"7,8",60
SHF Plaza de la Reina,1682520,Apartamentos,Valencia,1,1,€ 68,2019/11/06,2019/11/07,0,"7,7",60
El 16 Ruzafa,865461,Apartamentos,Valencia,1,1,€ 69,2019/11/06,2019/11/07,0,"7,7",60
Apartamento Alguer,4005334,Apartamento,Valencia,1,1,€ 75,2019/11/06,2019/11/07,0,"7,6",60
Colón Market Downtown,4607745,Apartamento,Valencia,1,1,€ 124,2019/11/06,2019/11/07,0,"9,7",60
Ciudad Ciencias- Lujo- Parking- Wi-Fi.,4999636,Apartamento,Valencia,1,1,€ 130,2019/11/06,2019/11/07,0,"9,8",60
la casita,4333253,Apartamento,Valencia,1,1,€ 132,2019/11/06,2019/11/07,0,"9,8",60
Disfruta - Enjoy Valencia Oceanografic,4121345,Apartamento,Valencia,1,1,€ 139,2019/11/06,2019/11/07,0,"9,6",60
Torres Quart,3702234,Apartamentos,Valencia,1,1,€ 83,2019/11/06,2019/11/07,0,"7,6",60
Suites by Eric Olsan (L),4287413,Apartamentos,Valencia,1,1,€ 83,2019/11/06,2019/11/07,0,"7,6",60
Apartamento Angel Alcazar 35,2174625,Apartamento,Valencia,1,1,€ 90,2019/11/06,2019/11/07,0,"7,5",60
Plaza Sainetero 5,3148458,Apartamento,Valencia,1,1,€ 93,2019/11/06,2019/11/07,0,"7,8",60
Disfruta - Enjoy Valencia Ayuntamiento,4901194,Apartamento,Valencia,1,1,€ 139,2019/11/06,2019/11/07,0,"9,7",60
Apartamento Playa Wifi Gratis,3495634,Apartamento,Valencia,1,1,€ 140,2019/11/06,2019/11/07,0,"9,6",60
Valencia what else...,2550483,Apartamento,Valencia,1,1,NA,2019/11/06,2019/11/07,0,"9,5",60
Apartments Downtown Valencia,2250421,Apartamentos,Valencia,1,1,€ 160,2019/11/06,2019/11/07,0,"9,6",60
Apartment Valencia,348555,Apartamentos,Valencia,1,1,€ 99,2019/11/06,2019/11/07,0,"7,9",60
Apartment Florista,2150187,Apartamento,Valencia,1,1,€ 100,2019/11/06,2019/11/07,0,"7,9",60
Friendly Rentals Danna,1634254,Apartamento,Valencia,1,1,€ 145,2019/11/06,2019/11/07,0,"7,7",60
Kirei Apartment Calgary,4768322,Apartamento,Valencia,1,1,€ 148,2019/11/06,2019/11/07,0,"7,5",60
Apartamento centro,3160737,Apartamento,Valencia,1,1,€ 165,2019/11/06,2019/11/07,0,"9,7",60
Ca María,3776707,Apartamento,Valencia,1,1,€ 180,2019/11/06,2019/11/07,0,"9,7",60
City Center Atico 360,3025679,Apartamento,Valencia,1,1,€ 188,2019/11/06,2019/11/07,0,"9,5",60
Cantagua Hostel,4074640,NA,Valencia,1,1,€ 40,2019/11/06,2019/11/07,0,"9,1",60
YOU & CO. Saler Beach Boutique,4533007,NA,Valencia,1,1,€ 44,2019/11/06,2019/11/07,3,"9,1",60
Apartamento en la Ciudad de las Artes y las Ciencias,3552283,Apartamento,Valencia,1,1,NA,2019/11/06,2019/11/07,0,"9,5",60
Art&Flats Bed&Breakfast,5238345,NA,Valencia,1,1,€ 45,2019/11/06,2019/11/07,0,9,60
OttoH Charm Stay,2459807,NA,Valencia,1,1,€ 59,2019/11/06,2019/11/07,0,"9,3",60
Apartamento Joseph - luminoso y muy céntrico,4267950,Apartamento,Valencia,1,1,€ 60,2019/11/06,2019/11/07,0,"9,2",60
Brisa Mare Nostrum,2855311,Apartamento,Valencia,1,1,€ 60,2019/11/06,2019/11/07,0,"9,3",60
Habitación privada a 1500 metros de la playa,3789910,NA,Valencia,1,1,€ 60,2019/11/06,2019/11/07,0,"9,2",60
Hi Valencia Cánovas,4312120,Apartamentos,Valencia,1,1,€ 63,2019/11/06,2019/11/07,0,9,60
Apartamento,3139431,Apartamento,Valencia,1,1,NA,2019/11/06,2019/11/07,0,"9,5",60
Hostal Venecia,92883,NA,Valencia,1,1,€ 65,2019/11/06,2019/11/07,2,"9,1",60
Valenciaflats Centro Ciudad,18544,Apartamentos,Valencia,1,1,€ 66,2019/11/06,2019/11/07,0,"9,2",60
Blanq Comedias,4922002,NA,Valencia,1,1,€ 68,2019/11/06,2019/11/07,0,"9,1",60
Palau de Palomar,471283,Apartamentos,Valencia,1,1,€ 69,2019/11/06,2019/11/07,0,"9,1",60
La casita de Palomar,2132386,Apartamentos,Valencia,1,1,€ 69,2019/11/06,2019/11/07,0,"9,4",60
Soho Valencia,1538641,Apartahotel,Valencia,1,1,€ 70,2019/11/06,2019/11/07,0,9,60
Estrella de russafa,5352439,NA,Valencia,1,1,€ 70,2019/11/06,2019/11/07,0,9,60
Bianca,4232781,Apartamentos,Valencia,1,1,€ 74,2019/11/06,2019/11/07,0,9,60
Live in Chianti,2227491,NA,Valencia,1,1,€ 75,2019/11/06,2019/11/07,0,"9,1",60
El Cid,2740801,Apartamento,Valencia,1,1,€ 75,2019/11/06,2019/11/07,0,9,60
apartamento las torres-botanico,4694090,Apartamento,Valencia,1,1,€ 76,2019/11/06,2019/11/07,0,9,60
Apartamentos Wallace,1698355,Apartamentos,Valencia,1,1,€ 78,2019/11/06,2019/11/07,0,"9,2",60
Valenciaflats Ciudad de las Ciencias,93676,Apartamentos,Valencia,1,1,€ 78,2019/11/06,2019/11/07,0,"9,1",60
Teixidors de Palomar,2639791,Apartamentos,Valencia,1,1,€ 79,2019/11/06,2019/11/07,0,"9,4",60
Apartamentos Edificio Palomar,189277,Apartamentos,Valencia,1,1,€ 79,2019/11/06,2019/11/07,0,"9,2",60
Apartments Madrina,3278589,Apartamentos,Valencia,1,1,€ 80,2019/11/06,2019/11/07,0,9,60
Maison Reina B&B,5004812,NA,Valencia,1,1,€ 80,2019/11/06,2019/11/07,0,"9,3",60
BUBUSUITES by Bubuflats,2389776,NA,Valencia,1,1,€ 80,2019/11/06,2019/11/07,0,"9,3",60
