name,propertyId,propertyType,city,rooms,days,price,checkIn,checkOut,stars,score,advance
Central Station Valencia Hostel,1647017,NA,Valencia,1,1,€ 79,2019/10/12,2019/10/13,0,"7,1",14
Guest House Samuel Ros,4161855,NA,Valencia,1,1,€ 90,2019/10/12,2019/10/13,0,"7,3",14
Disfruta - Enjoy Valencia Oceanografic,4121345,Apartamento,Valencia,1,1,NA,2019/10/12,2019/10/13,0,"9,6",14
Cosy Rooms Embajador,369728,NA,Valencia,1,1,€ 94,2019/10/12,2019/10/13,2,"7,4",14
HOSTAL BED OF THE SEA,3974636,NA,Valencia,1,1,€ 120,2019/10/12,2019/10/13,0,"7,1",14
NWT Monserrat,3728842,Apartamentos,Valencia,1,1,€ 134,2019/10/12,2019/10/13,0,7,14
Select Home Catedral,440778,Apartamentos,Valencia,1,1,€ 140,2019/10/12,2019/10/13,0,"7,1",14
Select Home Town Hall,1648016,Apartamentos,Valencia,1,1,€ 142,2019/10/12,2019/10/13,0,"7,4",14
Kirei Apartment En Llop,1765516,Apartamentos,Valencia,1,1,€ 184,2019/10/12,2019/10/13,0,"7,1",14
Valencia Just in the Middle,2965508,Apartamento,Valencia,1,1,NA,2019/10/12,2019/10/13,0,"9,9",14
Best Valencia Beach Flat,3246772,Apartamento,Valencia,1,1,€ 192,2019/10/12,2019/10/13,0,"7,1",14
Guest House Lebon,3124256,NA,Valencia,1,1,€ 60,2019/10/12,2019/10/13,0,"6,9",14
Casita Esmeralda,2040126,Casa o chalet,Valencia,1,1,€ 114,2019/10/12,2019/10/13,0,"6,5",14
Guest House Higinio Noja,2845935,NA,Valencia,1,1,€ 35,2019/10/12,2019/10/13,0,6,14
Fun and Sun Center 2,2944416,NA,Valencia,1,1,€ 36,2019/10/12,2019/10/13,0,"6,1",14
RoomTuristValencia - Ruzafa,4608394,NA,Valencia,1,1,€ 49,2019/10/12,2019/10/13,0,"5,6",14
Flats Piera Valencia Center,1490563,Apartamentos,Valencia,1,1,NA,2019/10/12,2019/10/13,0,"9,7",14
Ruzafa Guesthouse,2269176,NA,Valencia,1,1,€ 55,2019/10/12,2019/10/13,0,"5,6",14
Carrer del Bisbe Jaume Pérez,4900140,NA,Valencia,1,1,€ 60,2019/10/12,2019/10/13,0,"5,9",14
Oliver,4865093,NA,Valencia,1,1,€ 63,2019/10/12,2019/10/13,0,"5,5",14
sueñavalencia,5603844,NA,Valencia,1,1,€ 95,2019/10/12,2019/10/13,0,"5,9",14
Valencia B&B,2658386,NA,Valencia,1,1,€ 129,2019/10/12,2019/10/13,0,"5,5",14
Guest House Ruzafa,2324552,NA,Valencia,1,1,€ 48,2019/10/12,2019/10/13,0,"5,2",14
Espai Loft Santa Mónica,4574135,Apartamento,Valencia,1,1,NA,2019/10/12,2019/10/13,0,"9,8",14
Guest House Torres de Quart,2275006,NA,Valencia,1,1,€ 50,2019/10/12,2019/10/13,0,"5,3",14
RoomTuristValencia Estacion del Norte,4682632,NA,Valencia,1,1,€ 64,2019/10/12,2019/10/13,0,"5,2",14
Guest House Duc de Gaeta,2275007,NA,Valencia,1,1,€ 48,2019/10/12,2019/10/13,0,"4,9",14
RoomTuristValencia Torres de Quart,4565643,NA,Valencia,1,1,€ 49,2019/10/12,2019/10/13,0,"4,5",14
Guesthouse Plaza de Toros,2985902,NA,Valencia,1,1,€ 88,2019/10/12,2019/10/13,0,"4,9",14
Valenciaflats Torres de Serrano,17468,Apartamentos,Valencia,1,1,€ 129,2019/10/12,2019/10/13,0,"8,3",14
United Colors of Apartments - Catedral,1301545,Apartamentos,Valencia,1,1,€ 132,2019/10/12,2019/10/13,0,"8,2",14
Apartments Downtown Valencia,2250421,Apartamentos,Valencia,1,1,NA,2019/10/12,2019/10/13,0,"9,6",14
Style Apartments Puerto,1558265,Apartamentos,Valencia,1,1,€ 139,2019/10/12,2019/10/13,0,"8,1",14
NH Valencia Las Artes,90731,NA,Valencia,1,1,€ 142,2019/10/12,2019/10/13,4,"8,4",14
Hotel Malcom and Barret,483261,NA,Valencia,1,1,€ 131,2019/10/12,2019/10/13,3,"8,7",14
Hotel Valencia Center,91285,NA,Valencia,1,1,€ 149,2019/10/12,2019/10/13,4,"8,4",14
NH Valencia Center,90727,NA,Valencia,1,1,€ 166,2019/10/12,2019/10/13,4,"8,3",14
Hotel Conqueridor,91047,NA,Valencia,1,1,€ 198,2019/10/12,2019/10/13,4,"8,4",14
Zerka Centro,4425975,Apartamentos,Valencia,1,1,€ 219,2019/10/12,2019/10/13,0,"8,3",14
Pio XII Apartments Valencia,402080,Apartamentos,Valencia,1,1,€ 131,2019/10/12,2019/10/13,0,"8,5",14
Musico Art Flat,2925957,Apartamento,Valencia,1,1,NA,2019/10/12,2019/10/13,0,"9,6",14
Casual del Cine Valencia,572187,NA,Valencia,1,1,€ 134,2019/10/12,2019/10/13,2,"8,6",14
Balandra Flat,2032624,Apartamento,Valencia,1,1,€ 135,2019/10/12,2019/10/13,0,"8,6",14
València Centre Torres de Quart,886289,Apartamentos,Valencia,1,1,€ 136,2019/10/12,2019/10/13,0,"8,9",14
Hotel Valencia Oceanic Managed by Melia Hotels International,91522,NA,Valencia,1,1,€ 138,2019/10/12,2019/10/13,4,"8,6",14
Valenciaflats Centro Histórico,94781,Apartamentos,Valencia,1,1,€ 143,2019/10/12,2019/10/13,0,"8,7",14
Hotel Neptuno,91206,NA,Valencia,1,1,€ 144,2019/10/12,2019/10/13,4,"8,5",14
Central Park Apartment Valencia,3881533,Apartamento,Valencia,1,1,NA,2019/10/12,2019/10/13,0,"9,5",14
ValentiaApartments - MercadoCentral,4185241,Apartamentos,Valencia,1,1,€ 144,2019/10/12,2019/10/13,0,"8,8",14
Hi Valencia Cánovas,4312120,Apartamentos,Valencia,1,1,€ 147,2019/10/12,2019/10/13,0,"8,9",14
Soho Valencia,1538641,Apartahotel,Valencia,1,1,€ 149,2019/10/12,2019/10/13,0,"8,9",14
Cool Loft Malvarrosa Beach,4309218,Apartamento,Valencia,1,1,NA,2019/10/12,2019/10/13,0,"9,6",14
Holiday Inn Express Ciudad de las Ciencias,96737,NA,Valencia,1,1,€ 241,2019/10/12,2019/10/13,3,8,14
Malvarrosa Calle Pavia,3608764,Casa o chalet,Valencia,1,1,€ 271,2019/10/12,2019/10/13,0,8,14
AC Hotel Colon Valencia,1117150,NA,Valencia,1,1,€ 159,2019/10/12,2019/10/13,4,"8,7",14
Casual Vintage Valencia,1710241,NA,Valencia,1,1,€ 161,2019/10/12,2019/10/13,2,"8,6",14
Lotelito,570027,NA,Valencia,1,1,€ 166,2019/10/12,2019/10/13,0,"8,9",14
NWT Central Station Apartments,3964093,Apartamento,Valencia,1,1,€ 300,2019/10/12,2019/10/13,0,"8,2",14
Musico Peydro Apartments,3765069,Apartamentos,Valencia,1,1,€ 313,2019/10/12,2019/10/13,0,8,14
UP Hostel Valencia,1710137,NA,Valencia,1,1,€ 31,2019/10/12,2019/10/13,0,"7,7",14
Voyagers Inn Homestay,2682156,NA,Valencia,1,1,€ 37,2019/10/12,2019/10/13,0,"7,8",14
APARTAMENTO DE DISEÑO EN PLAZA MANISES,2823390,Apartamento,Valencia,1,1,NA,2019/10/12,2019/10/13,0,"9,6",14
Apartamentos Turia,355328,Apartamentos,Valencia,1,1,€ 173,2019/10/12,2019/10/13,0,"8,6",14
Zenit Valencia,92327,NA,Valencia,1,1,€ 198,2019/10/12,2019/10/13,4,"8,8",14
One Shot Colón 46,1394168,NA,Valencia,1,1,€ 199,2019/10/12,2019/10/13,3,"8,7",14
Garden Turia Downtown,5201200,Apartamento,Valencia,1,1,NA,2019/10/12,2019/10/13,0,"9,9",14
Habitación San Cayetano,4624401,NA,Valencia,1,1,€ 40,2019/10/12,2019/10/13,0,"7,6",14
Valencia City Host,1177077,NA,Valencia,1,1,€ 47,2019/10/12,2019/10/13,0,"7,8",14
Melia Valencia,290493,NA,Valencia,1,1,€ 200,2019/10/12,2019/10/13,4,"8,8",14
One Shot Palacio Reina Victoria 04,90885,NA,Valencia,1,1,€ 209,2019/10/12,2019/10/13,4,"8,6",14
Vincci Lys,91183,NA,Valencia,1,1,€ 231,2019/10/12,2019/10/13,4,"8,9",14
Apartamento centro,3160737,Apartamento,Valencia,1,1,NA,2019/10/12,2019/10/13,0,"9,7",14
Hospederia del Pilar,327766,NA,Valencia,1,1,€ 54,2019/10/12,2019/10/13,0,"7,9",14
Como en casa,4802186,NA,Valencia,1,1,€ 54,2019/10/12,2019/10/13,0,"7,9",14
Rio Turia B&B,5531073,NA,Valencia,1,1,€ 55,2019/10/12,2019/10/13,0,"7,6",14
Hotel Beleret,94652,NA,Valencia,1,1,€ 61,2019/10/12,2019/10/13,3,"7,6",14
Vincci Palace,94163,NA,Valencia,1,1,€ 231,2019/10/12,2019/10/13,4,"8,6",14
SH Ingles Boutique Hotel,92956,NA,Valencia,1,1,€ 235,2019/10/12,2019/10/13,4,"8,5",14
Hotel San Lorenzo Boutique,1307718,NA,Valencia,1,1,€ 236,2019/10/12,2019/10/13,3,"8,6",14
Stay at Valencia Downtown,1840715,Apartamento,Valencia,1,1,NA,2019/10/12,2019/10/13,0,"9,5",14
Pensión Universal,304276,NA,Valencia,1,1,€ 62,2019/10/12,2019/10/13,0,"7,9",14
Centro & Viaje,4215175,NA,Valencia,1,1,€ 68,2019/10/12,2019/10/13,0,"7,6",14
Valencia Lounge Hostel,337203,NA,Valencia,1,1,€ 71,2019/10/12,2019/10/13,0,"7,7",14
Casual Civilizaciones Valencia,449777,NA,Valencia,1,1,€ 75,2019/10/12,2019/10/13,0,"7,9",14
OYO Pensión El Rincón,476031,NA,Valencia,1,1,€ 79,2019/10/12,2019/10/13,1,"7,6",14
SH Valencia Palace,91497,NA,Valencia,1,1,€ 250,2019/10/12,2019/10/13,5,"8,5",14
Melia Plaza Valencia,13270,NA,Valencia,1,1,€ 253,2019/10/12,2019/10/13,4,"8,9",14
Precioso piso junto al antiguo barrio de Campanar,3297078,Apartamento,Valencia,1,1,€ 100,2019/10/12,2019/10/13,0,"9,5",14
Opera House Valencia B&B,3533887,NA,Valencia,1,1,€ 120,2019/10/12,2019/10/13,0,"9,5",14
MerKat-Abastos,1231196,Apartamento,Valencia,1,1,NA,2019/10/12,2019/10/13,0,"9,7",14
Ramirez Flats & Bar,4124528,Apartahotel,Valencia,1,1,€ 176,2019/10/12,2019/10/13,0,"9,5",14
MARQUÉS HOUSE 4* SUP,2118880,NA,Valencia,1,1,€ 309,2019/10/12,2019/10/13,4,"9,4",14
Cantagua Hostel,4074640,NA,Valencia,1,1,€ 24,2019/10/12,2019/10/13,0,"9,1",14
Habitación privada a 1500 metros de la playa,3789910,NA,Valencia,1,1,€ 60,2019/10/12,2019/10/13,0,"9,2",14
Original Domino House,5434091,NA,Valencia,1,1,€ 87,2019/10/12,2019/10/13,0,"9,1",14
YOU & CO. Saler Beach Boutique,4533007,NA,Valencia,1,1,€ 88,2019/10/12,2019/10/13,3,"9,1",14
Hexagonal Design Apartment Valencia,4630643,Apartamento,Valencia,1,1,NA,2019/10/12,2019/10/13,0,"9,5",14
Calle de Frederica Montseny 'Política' Casa o chalet,5152866,Casa o chalet,Valencia,1,1,€ 95,2019/10/12,2019/10/13,0,"9,4",14
Blanq Comedias,4922002,NA,Valencia,1,1,€ 108,2019/10/12,2019/10/13,0,"9,1",14
Brisa Mare Nostrum,2855311,Apartamento,Valencia,1,1,€ 115,2019/10/12,2019/10/13,0,"9,3",14
COZY APARTMENT VALENCIA CITY CENTER!,4886758,Apartamento,Valencia,1,1,€ 130,2019/10/12,2019/10/13,0,"9,3",14
Citizentral Juristas,1113127,Apartamentos,Valencia,1,1,€ 137,2019/10/12,2019/10/13,0,"9,2",14
Valenciaflats Centro Ciudad,18544,Apartamentos,Valencia,1,1,€ 138,2019/10/12,2019/10/13,0,"9,2",14
Apartment Cisneros 2,2361375,Apartamento,Valencia,1,1,NA,2019/10/12,2019/10/13,0,"9,7",14
Apartamentos Wallace,1698355,Apartamentos,Valencia,1,1,€ 138,2019/10/12,2019/10/13,0,"9,2",14
Mon Suites Catedral,485679,Apartamentos,Valencia,1,1,€ 147,2019/10/12,2019/10/13,0,"9,2",14
MD Design Hotel - Portal del Real,2391685,NA,Valencia,1,1,€ 147,2019/10/12,2019/10/13,2,"9,1",14
Valenciaflats Mercado Central,307677,Apartamentos,Valencia,1,1,€ 161,2019/10/12,2019/10/13,0,9,14
Rooms Ciencias,94126,NA,Valencia,1,1,€ 162,2019/10/12,2019/10/13,0,9,14
Hostal Venecia,92883,NA,Valencia,1,1,€ 167,2019/10/12,2019/10/13,2,"9,1",14
Casa Botànic - Céntrico y con comodidades,4218273,Apartamento,Valencia,1,1,NA,2019/10/12,2019/10/13,0,"9,8",14
Palacio de Rojas,1073276,Apartamentos,Valencia,1,1,€ 171,2019/10/12,2019/10/13,0,"9,3",14
Apartamentos La más Bonita,2816245,Apartamentos,Valencia,1,1,€ 180,2019/10/12,2019/10/13,0,9,14
Las Arenas Balneario Resort,91144,NA,Valencia,1,1,€ 198,2019/10/12,2019/10/13,5,9,14
Valenciaflats Ciudad de las Ciencias,93676,Apartamentos,Valencia,1,1,€ 202,2019/10/12,2019/10/13,0,"9,1",14
MYR Hotel Plaza Mercado & Spa,1619029,Apartahotel,Valencia,1,1,€ 210,2019/10/12,2019/10/13,0,"9,2",14
