name,propertyId,propertyType,city,rooms,days,price,checkIn,checkOut,stars,score,advance
casa la tranquilidad,5516825,NA,Valencia,1,1,€ 120,2019/09/19,2019/09/20,0,,7
Art of Music Apartment Valencia,5263849,Apartamentos,Valencia,1,1,€ 125,2019/09/19,2019/09/20,0,,7
Casa Chenano,4262208,Apartamento,Valencia,1,1,NA,2019/09/19,2019/09/20,0,"9,5",7
Valencia Apartamentos DEL MAR,5421626,Apartamento,Valencia,1,1,€ 134,2019/09/19,2019/09/20,0,,7
Valencia Puerto Beach 3BD Apartment,5249773,Apartamento,Valencia,1,1,€ 135,2019/09/19,2019/09/20,0,,7
CASA MARQUES DE CARO,4472176,Apartamento,Valencia,1,1,€ 139,2019/09/19,2019/09/20,0,,7
Governor Residence,3799760,Apartahotel,Valencia,1,1,€ 600,2019/09/19,2019/09/20,0,,7
Gulet Why Not,5199364,NA,Valencia,1,1,€ 3.600,2019/09/19,2019/09/20,0,,7
Caro Hotel,348132,NA,Valencia,1,1,€ 305,2019/09/19,2019/09/20,5,"9,2",7
Old Fisherman's House in Malvarrosa Beach,3618172,Apartamento,Valencia,1,1,€ 346,2019/09/19,2019/09/20,0,"9,4",7
Ciudad Ciencias- Lujo- Parking- Wi-Fi.,4999636,Apartamento,Valencia,1,1,NA,2019/09/19,2019/09/20,0,"9,8",7
The River Hostel,494202,NA,Valencia,1,1,€ 30,2019/09/19,2019/09/20,0,"8,5",7
Pensión Alicante,298710,NA,Valencia,1,1,€ 42,2019/09/19,2019/09/20,0,"8,5",7
Homestay Carrer Sagun,5006434,NA,Valencia,1,1,€ 48,2019/09/19,2019/09/20,0,"8,6",7
Rooms Valencia Center,5507857,NA,Valencia,1,1,€ 50,2019/09/19,2019/09/20,0,"8,5",7
Namaste Rooms,3799642,NA,Valencia,1,1,€ 50,2019/09/19,2019/09/20,0,"8,7",7
Russafa Youth Hostel,345134,NA,Valencia,1,1,€ 54,2019/09/19,2019/09/20,0,"8,6",7
La seda stay,3335523,Apartamento,Valencia,1,1,NA,2019/09/19,2019/09/20,0,"9,7",7
Valencia Suits You Citytel,1106307,NA,Valencia,1,1,€ 58,2019/09/19,2019/09/20,2,"8,6",7
Home Youth Hostel by Feetup Hostels,189322,NA,Valencia,1,1,€ 66,2019/09/19,2019/09/20,0,"8,8",7
Estrella de russafa,5352439,NA,Valencia,1,1,€ 70,2019/09/19,2019/09/20,0,"8,7",7
Buho House,3777691,Apartahotel,Valencia,1,1,€ 74,2019/09/19,2019/09/20,0,"8,5",7
Habitación doble,3599930,NA,Valencia,1,1,€ 76,2019/09/19,2019/09/20,0,"8,9",7
Center Venezuela Apartments,4459021,Apartamentos,Valencia,1,1,€ 80,2019/09/19,2019/09/20,0,"8,5",7
Colón Market Downtown,4607745,Apartamento,Valencia,1,1,NA,2019/09/19,2019/09/20,0,"9,7",7
Casa del Patriarca,364834,NA,Valencia,1,1,€ 81,2019/09/19,2019/09/20,0,"8,9",7
Balcón Al Mar,295109,NA,Valencia,1,1,€ 83,2019/09/19,2019/09/20,0,"8,5",7
Flatsforyou Mercat,1367507,Apartamentos,Valencia,1,1,€ 90,2019/09/19,2019/09/20,3,"8,9",7
Ad Hoc Carmen,1173270,NA,Valencia,1,1,€ 90,2019/09/19,2019/09/20,2,"8,9",7
Marina Loft & Apartments,432326,Apartamentos,Valencia,1,1,€ 95,2019/09/19,2019/09/20,0,"8,7",7
Suites by Eric Olsan (Florista),4726450,Apartamentos,Valencia,1,1,€ 97,2019/09/19,2019/09/20,0,"8,7",7
Travel Habitat Ático Ciutat Vella.,3264750,Apartamento,Valencia,1,1,NA,2019/09/19,2019/09/20,0,"9,5",7
Plaza Sainetero Arniches,3984774,Apartamento,Valencia,1,1,€ 97,2019/09/19,2019/09/20,0,"8,5",7
Quart Youth Hostel,476418,NA,Valencia,1,1,€ 100,2019/09/19,2019/09/20,0,"8,7",7
València Centre Túria,2185255,Apartamento,Valencia,1,1,€ 104,2019/09/19,2019/09/20,0,"8,8",7
Valenciaflats Centro Histórico,94781,Apartamentos,Valencia,1,1,€ 105,2019/09/19,2019/09/20,0,"8,7",7
Biopark View Apartment,2381901,Apartamento,Valencia,1,1,€ 106,2019/09/19,2019/09/20,0,"8,9",7
SKY TOURISTIC ATTIC,281640,Apartamentos,Valencia,1,1,€ 180,2019/09/19,2019/09/20,0,"8,5",7
Petit Palace Plaza de la Reina,90443,NA,Valencia,1,1,€ 203,2019/09/19,2019/09/20,3,"8,7",7
Apartamento Forn dels Apòstols,3122008,Apartamento,Valencia,1,1,NA,2019/09/19,2019/09/20,0,"9,6",7
Zenit Valencia,92327,NA,Valencia,1,1,€ 225,2019/09/19,2019/09/20,4,"8,8",7
One Shot Palacio Reina Victoria 04,90885,NA,Valencia,1,1,€ 229,2019/09/19,2019/09/20,4,"8,6",7
Ilunion Aqua 4,92777,NA,Valencia,1,1,€ 230,2019/09/19,2019/09/20,4,"8,5",7
AC Hotel Valencia- a Marriott Lifestyle Hotel,91063,NA,Valencia,1,1,€ 242,2019/09/19,2019/09/20,4,"8,5",7
SingularStays Parque Central,3054000,Apartamentos,Valencia,1,1,€ 251,2019/09/19,2019/09/20,0,"8,8",7
Vincci Palace,94163,NA,Valencia,1,1,€ 297,2019/09/19,2019/09/20,4,"8,6",7
Luxury Beach House,3602594,Casa o chalet,Valencia,1,1,NA,2019/09/19,2019/09/20,0,"9,7",7
Melia Plaza Valencia,13270,NA,Valencia,1,1,€ 308,2019/09/19,2019/09/20,4,"8,9",7
Barceló Valencia,91988,NA,Valencia,1,1,€ 334,2019/09/19,2019/09/20,4,"8,7",7
Vincci Lys,91183,NA,Valencia,1,1,€ 385,2019/09/19,2019/09/20,4,"8,9",7
Centro Valencia Calle Cerrajeros,3476261,NA,Valencia,1,1,€ 75,2019/09/19,2019/09/20,0,"7,1",7
Living Valencia - Central Market,2243194,Apartamento,Valencia,1,1,€ 76,2019/09/19,2019/09/20,0,7,7
Colors Rooms,675839,NA,Valencia,1,1,NA,2019/09/19,2019/09/20,0,"9,6",7
The Westin Valencia,93321,NA,Valencia,1,1,€ 5.559,2019/09/19,2019/09/20,5,"8,7",7
Center Valencia Youth Hostel,246931,NA,Valencia,1,1,€ 16,2019/09/19,2019/09/20,0,8,7
Hotel Valencia Center,91285,NA,Valencia,1,1,€ 238,2019/09/19,2019/09/20,4,"8,4",7
Urban Youth Hostel,1163025,NA,Valencia,1,1,€ 30,2019/09/19,2019/09/20,0,"8,4",7
Ayuntamiento Panoramic,3089239,Apartamento,Valencia,1,1,NA,2019/09/19,2019/09/20,0,"9,5",7
Hostal la Barraca,350013,NA,Valencia,1,1,€ 80,2019/09/19,2019/09/20,0,"7,2",7
NWT Monserrat,3728842,Apartamentos,Valencia,1,1,€ 84,2019/09/19,2019/09/20,0,7,7
Eurostars Gran Valencia,90484,NA,Valencia,1,1,€ 238,2019/09/19,2019/09/20,4,"8,4",7
Malvarrosa Beach Rooms,314048,NA,Valencia,1,1,€ 85,2019/09/19,2019/09/20,2,7,7
Habitación en piso compartido,5433175,NA,Valencia,1,1,€ 40,2019/09/19,2019/09/20,0,8,7
Habitacion en Valencia Barata,4861796,NA,Valencia,1,1,€ 45,2019/09/19,2019/09/20,0,"8,2",7
Preciosa Casita Cerca Del Mar,4057271,Apartamento,Valencia,1,1,NA,2019/09/19,2019/09/20,0,"9,7",7
Hotel Medium Valencia,96838,NA,Valencia,1,1,€ 261,2019/09/19,2019/09/20,4,"8,2",7
Como en casa,4802186,NA,Valencia,1,1,€ 54,2019/09/19,2019/09/20,0,"8,1",7
Purple Nest Hostel,25278,NA,Valencia,1,1,€ 55,2019/09/19,2019/09/20,0,"8,1",7
Valencia Apartments,4367788,Apartamentos,Valencia,1,1,€ 87,2019/09/19,2019/09/20,0,"7,2",7
Cosy Rooms Embajador,369728,NA,Valencia,1,1,€ 87,2019/09/19,2019/09/20,2,"7,4",7
Kirei Apartment San Vicente,1774062,Apartamento,Valencia,1,1,€ 98,2019/09/19,2019/09/20,0,"7,4",7
Cómoda habitación Valencia,4200488,NA,Valencia,1,1,NA,2019/09/19,2019/09/20,0,"9,5",7
Ilunion Valencia 4,754329,NA,Valencia,1,1,€ 270,2019/09/19,2019/09/20,4,"8,1",7
MD Benlliure Beach.,1957258,Apartamento,Valencia,1,1,€ 287,2019/09/19,2019/09/20,0,8,7
Pension MonaLisa Luxury Suites,3834224,NA,Valencia,1,1,€ 60,2019/09/19,2019/09/20,0,"8,2",7
Cosy Rooms Bolsería,371606,NA,Valencia,1,1,€ 99,2019/09/19,2019/09/20,2,"7,4",7
B&B El Mercat,2203530,NA,Valencia,1,1,€ 110,2019/09/19,2019/09/20,0,"7,3",7
Musico Peydro Apartments,3765069,Apartamentos,Valencia,1,1,€ 297,2019/09/19,2019/09/20,0,8,7
MD Sueca. Apartment with Terrace Ruzafa,2551179,Apartamento,Valencia,1,1,€ 398,2019/09/19,2019/09/20,0,"8,2",7
Eurostars Rey Don Jaime,91520,NA,Valencia,1,1,€ 449,2019/09/19,2019/09/20,4,"8,2",7
City Valencia Beach 360,4504803,Apartamento,Valencia,1,1,NA,2019/09/19,2019/09/20,0,"9,5",7
Adrian's House,2271869,NA,Valencia,1,1,€ 32,2019/09/19,2019/09/20,0,"7,8",7
Kirei Apartment En Llop,1765516,Apartamentos,Valencia,1,1,€ 112,2019/09/19,2019/09/20,0,"7,1",7
Kirei Apartment Vienna,4639797,Apartamento,Valencia,1,1,€ 115,2019/09/19,2019/09/20,0,"7,4",7
Apart and Benef,2291245,NA,Valencia,1,1,€ 34,2019/09/19,2019/09/20,0,"7,8",7
Red Nest Hostel,92283,NA,Valencia,1,1,€ 61,2019/09/19,2019/09/20,0,"8,2",7
Charming Ninetta,3220582,Apartamento,Valencia,1,1,NA,2019/09/19,2019/09/20,0,"9,5",7
Habitación Céntrica en Casa de Familia,4289877,NA,Valencia,1,1,€ 35,2019/09/19,2019/09/20,0,"7,8",7
Apartamento para 10 personas,5029963,Apartamento,Valencia,1,1,€ 150,2019/09/19,2019/09/20,0,"7,3",7
Select Home Catedral,440778,Apartamentos,Valencia,1,1,€ 150,2019/09/19,2019/09/20,0,"7,1",7
Ático Valencia Centro,4358939,Apartamento,Valencia,1,1,NA,2019/09/19,2019/09/20,0,"9,9",7
Select Home Town Hall,1648016,Apartamentos,Valencia,1,1,€ 175,2019/09/19,2019/09/20,0,"7,3",7
Dreams Rental La Paz,1107542,Apartamentos,Valencia,1,1,€ 450,2019/09/19,2019/09/20,0,"7,1",7
Hostal Moratin,326015,NA,Valencia,1,1,€ 35,2019/09/19,2019/09/20,1,"7,9",7
UP Hostel Valencia,1710137,NA,Valencia,1,1,€ 37,2019/09/19,2019/09/20,0,"7,8",7
PISO ACOGEDOR,4995780,NA,Valencia,1,1,€ 43,2019/09/19,2019/09/20,0,"6,9",7
Hostal El Cid,309465,NA,Valencia,1,1,€ 42,2019/09/19,2019/09/20,2,"7,6",7
Cómodas Habitaciones cerca de la Playa,5041799,NA,Valencia,1,1,NA,2019/09/19,2019/09/20,0,"9,5",7
Pensión Universal,304276,NA,Valencia,1,1,€ 48,2019/09/19,2019/09/20,0,"7,9",7
Valencia City Host,1177077,NA,Valencia,1,1,€ 49,2019/09/19,2019/09/20,0,"7,8",7
Habitacion PLaza Ayuntamiento,4365340,NA,Valencia,1,1,€ 50,2019/09/19,2019/09/20,0,"7,6",7
Geography and Arts.,3569110,NA,Valencia,1,1,€ 54,2019/09/19,2019/09/20,0,"6,9",7
Kirei Apartment Na Jordana,1702092,Apartamentos,Valencia,1,1,€ 91,2019/09/19,2019/09/20,0,"6,9",7
L'Otelet By Sweet,1467935,NA,Valencia,1,1,€ 64,2019/09/19,2019/09/20,0,"8,3",7
Casita Esmeralda,2040126,Casa o chalet,Valencia,1,1,€ 139,2019/09/19,2019/09/20,0,"6,5",7
AMAZING HOUSE- BEST LOCATION!,4728031,Apartamento,Valencia,1,1,NA,2019/09/19,2019/09/20,0,"9,7",7
Guest House Higinio Noja,2845935,NA,Valencia,1,1,€ 30,2019/09/19,2019/09/20,0,6,7
B&B Hi Valencia Canovas,305349,NA,Valencia,1,1,€ 64,2019/09/19,2019/09/20,0,"8,4",7
Nanit Valencia Hostel,3913497,NA,Valencia,1,1,€ 69,2019/09/19,2019/09/20,0,"8,3",7
Hospederia del Pilar,327766,NA,Valencia,1,1,€ 54,2019/09/19,2019/09/20,0,"7,9",7
Voyagers Inn Homestay,2682156,NA,Valencia,1,1,€ 55,2019/09/19,2019/09/20,0,"7,8",7
Dormavalencia Hostel,249585,NA,Valencia,1,1,€ 77,2019/09/19,2019/09/20,1,"8,2",7
Habitacion por dias Centro Valencia,3977106,NA,Valencia,1,1,€ 62,2019/09/19,2019/09/20,0,"7,9",7
JL Ciudad de las Artes,3074378,Apartamento,Valencia,1,1,NA,2019/09/19,2019/09/20,0,"9,6",7
Living Valencia - Biblioteca,2843260,Apartamentos,Valencia,1,1,€ 82,2019/09/19,2019/09/20,0,8,7
Carrer del Bisbe Jaume Pérez,4900140,NA,Valencia,1,1,€ 55,2019/09/19,2019/09/20,0,6,7
Kirei Apartment San Agustin,1712323,Apartamentos,Valencia,1,1,€ 103,2019/09/19,2019/09/20,0,6,7
Kirei Apartment Denver,4585191,Apartamento,Valencia,1,1,€ 126,2019/09/19,2019/09/20,0,"6,3",7
RoomTuristValencia - Ruzafa,4608394,NA,Valencia,1,1,€ 30,2019/09/19,2019/09/20,0,"5,6",7
City Center Apartments,4426057,Apartamentos,Valencia,1,1,€ 72,2019/09/19,2019/09/20,0,"7,8",7
Suites by Eric Olsan (L),4287413,Apartamentos,Valencia,1,1,€ 85,2019/09/19,2019/09/20,0,"7,6",7
Torres Quart,3702234,Apartamentos,Valencia,1,1,€ 87,2019/09/19,2019/09/20,0,"7,6",7
El 16 Ruzafa,865461,Apartamentos,Valencia,1,1,€ 99,2019/09/19,2019/09/20,0,"7,7",7
Cosy Rooms Tapinería,371192,NA,Valencia,1,1,€ 99,2019/09/19,2019/09/20,2,"7,5",7
Disfruta - Enjoy Valencia Oceanografic,4121345,Apartamento,Valencia,1,1,€ 99,2019/09/19,2019/09/20,0,"9,6",7
Centro en Valencia,2885222,Apartamento,Valencia,1,1,€ 100,2019/09/19,2019/09/20,0,"9,5",7
VALENCIA APARTAMENTO GOYA,4256653,Apartamento,Valencia,1,1,NA,2019/09/19,2019/09/20,0,10,7
RUZAFA- CENTRO-A/C- WI-FI- PARKING,2885994,Apartamento,Valencia,1,1,€ 140,2019/09/19,2019/09/20,0,"9,7",7
Ramirez Flats & Bar,4124528,Apartahotel,Valencia,1,1,€ 150,2019/09/19,2019/09/20,0,"9,5",7
MD PASEO RUZAFA CENTER,5374850,Apartamento,Valencia,1,1,€ 930,2019/09/19,2019/09/20,0,"9,5",7
Art&Flats Bed&Breakfast,5238345,NA,Valencia,1,1,€ 35,2019/09/19,2019/09/20,0,9,7
Cantagua Hostel,4074640,NA,Valencia,1,1,€ 48,2019/09/19,2019/09/20,0,"9,1",7
Magnífico Adosado- cerca de Valencia ciudad- en zona de montaña y playa fluvial,5354233,Casa o chalet,Valencia,1,1,€ 72,2019/09/19,2019/09/20,0,"9,1",7
Espai One Santa Mónica,5471724,Apartamento,Valencia,1,1,NA,2019/09/19,2019/09/20,0,10,7
Blanq Comedias,4922002,NA,Valencia,1,1,€ 86,2019/09/19,2019/09/20,0,"9,1",7
Apartment close to park Marchalenes,4418670,Apartamento,Valencia,1,1,€ 86,2019/09/19,2019/09/20,0,"9,1",7
Apartamento cerca de la Playa y el Centro,2620264,Apartamento,Valencia,1,1,€ 88,2019/09/19,2019/09/20,0,9,7
Turia Burjassot 12,3237353,Apartamento,Valencia,1,1,€ 90,2019/09/19,2019/09/20,0,9,7
RUZAFA. Nice apartment and Terrace.,4368595,Apartamento,Valencia,1,1,€ 95,2019/09/19,2019/09/20,0,"9,3",7
YOU & CO. Saler Beach Boutique,4533007,NA,Valencia,1,1,€ 95,2019/09/19,2019/09/20,3,"9,1",7
MerKat-Abastos,1231196,Apartamento,Valencia,1,1,NA,2019/09/19,2019/09/20,0,"9,7",7
"Piso ""Como en tu casa""",2689136,Apartamento,Valencia,1,1,€ 100,2019/09/19,2019/09/20,0,"9,2",7
Welcome Apartamentos Pintor Stolz 31 Valencia,5019066,Apartamento,Valencia,1,1,€ 103,2019/09/19,2019/09/20,0,"9,3",7
Live in Chianti,2227491,NA,Valencia,1,1,€ 104,2019/09/19,2019/09/20,0,"9,1",7
Original Domino House,5434091,NA,Valencia,1,1,€ 105,2019/09/19,2019/09/20,0,"9,2",7
Apartment on Carrer del Dr. Lluch,2008997,Apartamento,Valencia,1,1,€ 106,2019/09/19,2019/09/20,0,"9,1",7
OttoH Charm Stay,2459807,NA,Valencia,1,1,€ 109,2019/09/19,2019/09/20,0,"9,3",7
Apartments Downtown Valencia,2250421,Apartamentos,Valencia,1,1,NA,2019/09/19,2019/09/20,0,"9,6",7
Bubuflats Bubu 5,1283519,Apartamento,Valencia,1,1,€ 110,2019/09/19,2019/09/20,0,"9,1",7
Rooms Ciencias,94126,NA,Valencia,1,1,€ 115,2019/09/19,2019/09/20,0,9,7
Apartamento Ruzafa Centro II,3718518,Apartamento,Valencia,1,1,€ 117,2019/09/19,2019/09/20,0,9,7
Apartamento Ruzafa Centro I,2006333,Apartamento,Valencia,1,1,€ 117,2019/09/19,2019/09/20,0,"9,2",7
OCEANOGRAFIC APARTMENT. PARKING. WI-FI,3107716,Apartamentos,Valencia,1,1,€ 120,2019/09/19,2019/09/20,0,9,7
Valenciaflats Ciudad de las Ciencias,93676,Apartamentos,Valencia,1,1,€ 120,2019/09/19,2019/09/20,0,"9,1",7
Valencia what else...,2550483,Apartamento,Valencia,1,1,NA,2019/09/19,2019/09/20,0,"9,5",7
Apartamentos Valencia - Peset Aleixandre 135- FREE WI-FI,4262488,Apartamentos,Valencia,1,1,€ 121,2019/09/19,2019/09/20,0,9,7
Hi Valencia Cánovas,4312120,Apartamentos,Valencia,1,1,€ 128,2019/09/19,2019/09/20,0,9,7
Casa Cosy,375456,Apartamentos,Valencia,1,1,€ 130,2019/09/19,2019/09/20,0,"9,4",7
Palacio de Rojas,1073276,Apartamentos,Valencia,1,1,€ 133,2019/09/19,2019/09/20,0,"9,3",7
MD Design Hotel - Portal del Real,2391685,NA,Valencia,1,1,€ 137,2019/09/19,2019/09/20,2,"9,1",7
Hostal Venecia,92883,NA,Valencia,1,1,€ 140,2019/09/19,2019/09/20,2,"9,1",7
BONNIES Suites & Spa Valencia,3631910,Apartamentos,Valencia,1,1,NA,2019/09/19,2019/09/20,0,"9,8",7
Valenciaflats Centro Ciudad,18544,Apartamentos,Valencia,1,1,€ 140,2019/09/19,2019/09/20,0,"9,2",7
HQ Rooms Apartments San Vicente,2894429,Apartamentos,Valencia,1,1,€ 144,2019/09/19,2019/09/20,0,"9,2",7
Kasa Katia Eco Guest House,636256,NA,Valencia,1,1,€ 150,2019/09/19,2019/09/20,0,"9,4",7
Sweet Caroline Apartment,1811784,Apartamento,Valencia,1,1,€ 150,2019/09/19,2019/09/20,0,"9,2",7
B BEACH VALENCIA,5125954,Apartamento,Valencia,1,1,€ 150,2019/09/19,2019/09/20,0,"9,1",7
Mon Suites San Nicolas,4117225,Apartamentos,Valencia,1,1,€ 152,2019/09/19,2019/09/20,0,"9,2",7
Duplex en Blasco Ibáñez,3672426,Apartamento,Valencia,1,1,€ 155,2019/09/19,2019/09/20,0,"9,1",7
Soho Valencia,1538641,Apartahotel,Valencia,1,1,€ 159,2019/09/19,2019/09/20,0,9,7
Hotel Valencia Alameda,4019381,NA,Valencia,1,1,€ 162,2019/09/19,2019/09/20,4,"9,3",7
Hotel Boutique Balandret,1281710,NA,Valencia,1,1,€ 170,2019/09/19,2019/09/20,3,"9,2",7
Zerka Sendra,4657122,Apartamento,Valencia,1,1,€ 179,2019/09/19,2019/09/20,0,9,7
Apartamentos Wallace,1698355,Apartamentos,Valencia,1,1,€ 185,2019/09/19,2019/09/20,0,"9,2",7
ARENAS 2 APARTAMENT,2808815,Apartamento,Valencia,1,1,€ 200,2019/09/19,2019/09/20,0,"9,1",7
Citizentral Juristas,1113127,Apartamentos,Valencia,1,1,€ 200,2019/09/19,2019/09/20,0,"9,2",7
Mon Suites San Martin,2777545,Apartamentos,Valencia,1,1,€ 225,2019/09/19,2019/09/20,0,"9,4",7
Ca Carmela,2466364,Casa o chalet,Valencia,1,1,€ 225,2019/09/19,2019/09/20,0,"9,1",7
Las Arenas Balneario Resort,91144,NA,Valencia,1,1,€ 230,2019/09/19,2019/09/20,5,9,7
Vincci Mercat,1279484,NA,Valencia,1,1,€ 253,2019/09/19,2019/09/20,4,9,7
