name,propertyId,propertyType,city,rooms,days,price,checkIn,checkOut,stars,score,advance
LOFT apartamento duplex en Valencia con parking,5519008,Apartamento,Valencia,1,1,€ 65,2019/10/08,2019/10/09,0,"9,7",14
Apartments Downtown Valencia,2250421,Apartamentos,Valencia,1,1,€ 80,2019/10/08,2019/10/09,0,"9,6",14
VALENCIA APARTAMENTO GOYA,4256653,Apartamento,Valencia,1,1,NA,2019/10/08,2019/10/09,0,10,14
Casa La Buhardilla,2985364,Apartamento,Valencia,1,1,€ 97,2019/10/08,2019/10/09,0,"9,6",14
Precioso piso junto al antiguo barrio de Campanar,3297078,Apartamento,Valencia,1,1,€ 100,2019/10/08,2019/10/09,0,"9,5",14
Apartamento Bolseria 28,881275,Apartamentos,Valencia,1,1,€ 120,2019/10/08,2019/10/09,0,"9,5",14
Disfruta - Enjoy Valencia Ayuntamiento,4901194,Apartamento,Valencia,1,1,€ 169,2019/10/08,2019/10/09,0,"9,6",14
Disfruta - Enjoy Valencia Ruzafa,3890328,Apartamento,Valencia,1,1,€ 189,2019/10/08,2019/10/09,0,"9,7",14
Ramirez Flats & Bar,4124528,Apartahotel,Valencia,1,1,€ 190,2019/10/08,2019/10/09,0,"9,6",14
MerKat-Abastos,1231196,Apartamento,Valencia,1,1,NA,2019/10/08,2019/10/09,0,"9,7",14
Disfruta - Enjoy Valencia Centre,3881970,Apartamento,Valencia,1,1,€ 195,2019/10/08,2019/10/09,0,"9,8",14
Disfruta - Enjoy Valencia Oceanografic,4121345,Apartamento,Valencia,1,1,€ 199,2019/10/08,2019/10/09,0,"9,6",14
MARQUÉS HOUSE 4* SUP,2118880,NA,Valencia,1,1,€ 229,2019/10/08,2019/10/09,4,"9,5",14
MD PASEO RUZAFA CENTER,5374850,Apartamento,Valencia,1,1,€ 1.030,2019/10/08,2019/10/09,0,"9,5",14
Cantagua Hostel,4074640,NA,Valencia,1,1,€ 39,2019/10/08,2019/10/09,0,"9,1",14
YOU & CO. Saler Beach Boutique,4533007,NA,Valencia,1,1,€ 55,2019/10/08,2019/10/09,3,"9,1",14
Apartment Cisneros 2,2361375,Apartamento,Valencia,1,1,NA,2019/10/08,2019/10/09,0,"9,7",14
Habitación privada a 1500 metros de la playa,3789910,NA,Valencia,1,1,€ 60,2019/10/08,2019/10/09,0,"9,3",14
Blanq Comedias,4922002,NA,Valencia,1,1,€ 63,2019/10/08,2019/10/09,0,"9,1",14
Bianca,4232781,Apartamento,Valencia,1,1,€ 74,2019/10/08,2019/10/09,0,9,14
Live in Chianti,2227491,NA,Valencia,1,1,€ 75,2019/10/08,2019/10/09,0,"9,1",14
Rooms Ciencias,94126,NA,Valencia,1,1,€ 77,2019/10/08,2019/10/09,0,9,14
Casa tipica en la playa,2532733,Apartamento,Valencia,1,1,€ 77,2019/10/08,2019/10/09,0,"9,2",14
BONNIES Suites & Spa Valencia,3631910,Apartamentos,Valencia,1,1,NA,2019/10/08,2019/10/09,0,"9,8",14
La casita de Palomar,2132386,Apartamentos,Valencia,1,1,€ 79,2019/10/08,2019/10/09,0,"9,4",14
OttoH Charm Stay,2459807,NA,Valencia,1,1,€ 79,2019/10/08,2019/10/09,0,"9,3",14
Hi Valencia Cánovas,4312120,Apartamentos,Valencia,1,1,€ 86,2019/10/08,2019/10/09,0,9,14
Original Domino House,5434091,NA,Valencia,1,1,€ 87,2019/10/08,2019/10/09,0,"9,1",14
Olvida tu Reloj Montichelvo Apartment,3258095,Apartamento,Valencia,1,1,€ 91,2019/10/08,2019/10/09,0,"9,4",14
MD Design Hotel - Portal del Real,2391685,NA,Valencia,1,1,€ 124,2019/10/08,2019/10/09,2,"9,1",14
Welcome Apartamentos Pintor Stolz 31 Valencia,5019066,Apartamento,Valencia,1,1,€ 124,2019/10/08,2019/10/09,0,"9,1",14
Ciudad Ciencias- Lujo- Parking- Wi-Fi.,4999636,Apartamento,Valencia,1,1,NA,2019/10/08,2019/10/09,0,"9,8",14
Live in Chianti Apartaments,2882632,Apartamentos,Valencia,1,1,€ 128,2019/10/08,2019/10/09,0,"9,1",14
Apartamentos Valencia - Peset Aleixandre 135- FREE WI-FI,4262488,Apartamentos,Valencia,1,1,€ 128,2019/10/08,2019/10/09,0,9,14
Mon Suites San Martin,2777545,Apartamentos,Valencia,1,1,€ 129,2019/10/08,2019/10/09,0,"9,4",14
OCEANOGRAFIC APARTMENT. PARKING. WI-FI,3107716,Apartamentos,Valencia,1,1,€ 140,2019/10/08,2019/10/09,0,9,14
Apartamentos La más Bonita,2816245,Apartamentos,Valencia,1,1,€ 149,2019/10/08,2019/10/09,0,"9,1",14
Sweet Caroline Apartment,1811784,Apartamento,Valencia,1,1,€ 150,2019/10/08,2019/10/09,0,"9,2",14
Apartamento Forn dels Apòstols,3122008,Apartamento,Valencia,1,1,NA,2019/10/08,2019/10/09,0,"9,6",14
Edificio Pentagono,4673669,Apartamento,Valencia,1,1,€ 155,2019/10/08,2019/10/09,0,"9,1",14
MYR Hotel Plaza Mercado & Spa,1619029,Apartahotel,Valencia,1,1,€ 158,2019/10/08,2019/10/09,0,"9,2",14
Apartamentos Wallace,1698355,Apartamentos,Valencia,1,1,€ 161,2019/10/08,2019/10/09,0,"9,2",14
Zerka Sendra,4657122,Apartamento,Valencia,1,1,€ 179,2019/10/08,2019/10/09,0,9,14
Las Arenas Balneario Resort,91144,NA,Valencia,1,1,€ 189,2019/10/08,2019/10/09,5,9,14
NH Collection Colón Valencia,3828811,NA,Valencia,1,1,€ 190,2019/10/08,2019/10/09,4,"9,2",14
Ambrosio Flats Valencia - El Mercat,3131649,Apartamento,Valencia,1,1,NA,2019/10/08,2019/10/09,0,"9,5",14
Loft Superior el Carmen,2784473,Apartamento,Valencia,1,1,€ 209,2019/10/08,2019/10/09,0,"9,2",14
Old Fisherman's House in Malvarrosa Beach,3618172,Apartamento,Valencia,1,1,€ 230,2019/10/08,2019/10/09,0,"9,4",14
Vincci Mercat,1279484,NA,Valencia,1,1,€ 231,2019/10/08,2019/10/09,4,9,14
Caro Hotel,348132,NA,Valencia,1,1,€ 249,2019/10/08,2019/10/09,5,"9,2",14
Ca Carmela,2466364,Casa o chalet,Valencia,1,1,€ 252,2019/10/08,2019/10/09,0,"9,1",14
The River Hostel,494202,NA,Valencia,1,1,€ 24,2019/10/08,2019/10/09,0,"8,5",14
Valencia what else...,2550483,Apartamento,Valencia,1,1,NA,2019/10/08,2019/10/09,0,"9,5",14
Art&Flats Bed&Breakfast,5238345,NA,Valencia,1,1,€ 30,2019/10/08,2019/10/09,0,"8,9",14
Pensión Alicante,298710,NA,Valencia,1,1,€ 33,2019/10/08,2019/10/09,0,"8,5",14
Russafa Youth Hostel,345134,NA,Valencia,1,1,€ 35,2019/10/08,2019/10/09,0,"8,6",14
Quart Youth Hostel,476418,NA,Valencia,1,1,€ 44,2019/10/08,2019/10/09,0,"8,6",14
Homestay Carrer Sagun,5006434,NA,Valencia,1,1,€ 48,2019/10/08,2019/10/09,0,"8,7",14
Canela`s Vintage Ruzafa Centro,4652584,Apartamento,Valencia,1,1,€ 170,2019/10/08,2019/10/09,0,"8,7",14
SH Ingles Boutique Hotel,92956,NA,Valencia,1,1,€ 180,2019/10/08,2019/10/09,4,"8,5",14
Hexagonal Design Apartment Valencia,4630643,Apartamento,Valencia,1,1,NA,2019/10/08,2019/10/09,0,"9,5",14
Puerta de Serranos,2734333,Apartamentos,Valencia,1,1,€ 185,2019/10/08,2019/10/09,0,"8,8",14
Select Home Mercado de Colón,2960845,Apartamentos,Valencia,1,1,€ 190,2019/10/08,2019/10/09,0,"8,9",14
Melia Valencia,290493,NA,Valencia,1,1,€ 194,2019/10/08,2019/10/09,4,"8,8",14
Carlos & Ana,2079019,Apartamento,Valencia,1,1,€ 195,2019/10/08,2019/10/09,0,"8,9",14
The Westin Valencia,93321,NA,Valencia,1,1,€ 198,2019/10/08,2019/10/09,5,"8,7",14
Hospes Palau de La Mar,93823,NA,Valencia,1,1,€ 239,2019/10/08,2019/10/09,5,"8,8",14
Carmen Apartment,3308265,Apartamento,Valencia,1,1,NA,2019/10/08,2019/10/09,0,"9,6",14
Vincci Lys,91183,NA,Valencia,1,1,€ 275,2019/10/08,2019/10/09,4,"8,9",14
SingularStays Parque Central,3054000,Apartamentos,Valencia,1,1,€ 278,2019/10/08,2019/10/09,0,"8,8",14
SH Valencia Palace,91497,NA,Valencia,1,1,€ 340,2019/10/08,2019/10/09,5,"8,5",14
Habitación en valencia centro,5418023,NA,Valencia,1,1,€ 35,2019/10/08,2019/10/09,0,"8,3",14
Urban Youth Hostel,1163025,NA,Valencia,1,1,€ 36,2019/10/08,2019/10/09,0,"8,4",14
Habitacion en Valencia Barata,4861796,NA,Valencia,1,1,€ 45,2019/10/08,2019/10/09,0,"8,2",14
Cool Central Market,3424724,Apartamento,Valencia,1,1,NA,2019/10/08,2019/10/09,0,"9,9",14
Habitacion Barata Valencia,3931013,NA,Valencia,1,1,€ 45,2019/10/08,2019/10/09,0,8,14
B&B Hi Valencia Canovas,305349,NA,Valencia,1,1,€ 47,2019/10/08,2019/10/09,0,"8,4",14
Pension MonaLisa Luxury Suites,3834224,NA,Valencia,1,1,€ 48,2019/10/08,2019/10/09,0,"8,2",14
Nanit Valencia Hostel,3913497,NA,Valencia,1,1,€ 49,2019/10/08,2019/10/09,0,"8,3",14
Apartamentos Valencia,1007682,Apartamentos,Valencia,1,1,€ 50,2019/10/08,2019/10/09,0,"8,2",14
Casa Mati,4217185,NA,Valencia,1,1,€ 50,2019/10/08,2019/10/09,0,"8,3",14
Casa Vich,4457634,Apartamento,Valencia,1,1,NA,2019/10/08,2019/10/09,0,"9,6",14
Aventura,5567318,Apartamentos,Valencia,1,1,€ 50,2019/10/08,2019/10/09,0,"8,3",14
Hotel Villacarlos,90730,NA,Valencia,1,1,€ 53,2019/10/08,2019/10/09,3,8,14
Como en casa,4802186,NA,Valencia,1,1,€ 54,2019/10/08,2019/10/09,0,"8,1",14
Habitaciones Barra89,1076252,NA,Valencia,1,1,€ 35,2019/10/08,2019/10/09,0,"7,8",14
Dormavalencia Hostel Regne,291755,NA,Valencia,1,1,€ 56,2019/10/08,2019/10/09,1,8,14
Tryp Valencia Feria,92852,NA,Valencia,1,1,€ 59,2019/10/08,2019/10/09,4,"8,4",14
Habitación San Cayetano,4624401,NA,Valencia,1,1,€ 40,2019/10/08,2019/10/09,0,"7,5",14
Canovas rooms,5296619,NA,Valencia,1,1,NA,2019/10/08,2019/10/09,0,"9,1",14
Habitacion PLaza Ayuntamiento,4365340,NA,Valencia,1,1,€ 40,2019/10/08,2019/10/09,0,"7,5",14
Hotel Beleret,94652,NA,Valencia,1,1,€ 41,2019/10/08,2019/10/09,3,"7,6",14
Voyagers Inn Homestay,2682156,NA,Valencia,1,1,€ 42,2019/10/08,2019/10/09,0,"7,8",14
Valencia City Host,1177077,NA,Valencia,1,1,€ 43,2019/10/08,2019/10/09,0,"7,8",14
Valencia Lounge Hostel,337203,NA,Valencia,1,1,€ 46,2019/10/08,2019/10/09,0,"7,8",14
Casual Civilizaciones Valencia,449777,NA,Valencia,1,1,€ 49,2019/10/08,2019/10/09,0,"7,9",14
Austria 4,1605997,Apartamentos,Valencia,1,1,NA,2019/10/08,2019/10/09,0,9,14
Apartamentos Adressadors,1743173,Apartamentos,Valencia,1,1,€ 50,2019/10/08,2019/10/09,0,"7,8",14
Habitacion por dias Centro Valencia,3977106,NA,Valencia,1,1,€ 50,2019/10/08,2019/10/09,0,"7,9",14
Habitación cerca del centro,2789581,NA,Valencia,1,1,€ 52,2019/10/08,2019/10/09,0,"7,5",14
Casual de la Música Valencia,273130,NA,Valencia,1,1,€ 52,2019/10/08,2019/10/09,2,"7,5",14
Hospederia del Pilar,327766,NA,Valencia,1,1,€ 54,2019/10/08,2019/10/09,0,"7,9",14
Rio Turia B&B,5531073,NA,Valencia,1,1,€ 58,2019/10/08,2019/10/09,0,"7,8",14
Valencia City Center New Apartments,1042326,Apartamentos,Valencia,1,1,NA,2019/10/08,2019/10/09,0,9,14
Hostal Bisbal,235665,NA,Valencia,1,1,€ 60,2019/10/08,2019/10/09,1,"7,5",14
B&B Hotel Valencia Ciudad de las Ciencias,92242,NA,Valencia,1,1,€ 62,2019/10/08,2019/10/09,3,"7,5",14
United Colors of Studios - Mercado Central,2574108,Apartamentos,Valencia,1,1,€ 65,2019/10/08,2019/10/09,0,"7,8",14
Ilunion Valencia 3,92818,NA,Valencia,1,1,€ 66,2019/10/08,2019/10/09,3,"7,9",14
City Center Apartments,4426057,Apartamentos,Valencia,1,1,€ 68,2019/10/08,2019/10/09,0,"7,8",14
Alex Apartment,1756374,Apartamento,Valencia,1,1,€ 69,2019/10/08,2019/10/09,0,"7,8",14
APARTAMENTO CENTRICO. WI-FI. PARKING,2967593,Apartamento,Valencia,1,1,NA,2019/10/08,2019/10/09,0,"9,1",14
Patacona Green Flats,292996,Apartamentos,Valencia,1,1,€ 69,2019/10/08,2019/10/09,0,"7,6",14
Patacona Resort Apartments,189782,Apartamentos,Valencia,1,1,€ 72,2019/10/08,2019/10/09,0,"7,8",14
Expo Hotel Valencia,91223,NA,Valencia,1,1,€ 73,2019/10/08,2019/10/09,3,"7,6",14
Jero Rooms,296743,NA,Valencia,1,1,€ 74,2019/10/08,2019/10/09,0,"7,7",14
Hotel Turia,14441,NA,Valencia,1,1,€ 75,2019/10/08,2019/10/09,4,"7,5",14
Valencia B&B,2658386,NA,Valencia,1,1,€ 59,2019/10/08,2019/10/09,0,"5,5",14
Oliver,4865093,NA,Valencia,1,1,€ 63,2019/10/08,2019/10/09,0,"5,6",14
TTdSSa VLC: Plaza Cisneros- 2- 5 pax 3 Bedrooms,4069293,Apartamento,Valencia,1,1,NA,2019/10/08,2019/10/09,0,"9,7",14
Kirei Apartment Berlin,4504570,Apartamentos,Valencia,1,1,€ 123,2019/10/08,2019/10/09,0,"5,5",14
Kirei Apartment Denver,4585191,Apartamento,Valencia,1,1,€ 137,2019/10/08,2019/10/09,0,"5,9",14
Kirei Apartment Portland,4276529,Apartamentos,Valencia,1,1,€ 200,2019/10/08,2019/10/09,0,"5,9",14
Guest House Torres de Quart,2275006,NA,Valencia,1,1,€ 30,2019/10/08,2019/10/09,0,"5,3",14
Guest House Ruzafa,2324552,NA,Valencia,1,1,€ 33,2019/10/08,2019/10/09,0,"5,2",14
Port of Valencia,3805735,Apartamento,Valencia,1,1,€ 79,2019/10/08,2019/10/09,0,"5,1",14
Hostal Antigua Morellana,1273937,NA,Valencia,1,1,NA,2019/10/08,2019/10/09,1,"9,5",14
Guest House Duc de Gaeta,2275007,NA,Valencia,1,1,€ 24,2019/10/08,2019/10/09,0,"4,9",14
RoomTuristValencia Torres de Quart,4565643,NA,Valencia,1,1,€ 28,2019/10/08,2019/10/09,0,"4,6",14
Guesthouse Plaza de Toros,2985902,NA,Valencia,1,1,€ 33,2019/10/08,2019/10/09,0,"4,9",14
RoomTuristValencia RuzafaSumsi,4682802,NA,Valencia,1,1,€ 38,2019/10/08,2019/10/09,0,"4,6",14
Malvarosa,3820590,Apartamento,Valencia,1,1,€ 90,2019/10/08,2019/10/09,0,"4,1",14
Constitucion Guesthouse,2985942,NA,Valencia,1,1,€ 30,2019/10/08,2019/10/09,0,"3,5",14
VALENCIA APARTAMENTO GOYA GRAN TERRAZA,4660558,Apartamento,Valencia,1,1,NA,2019/10/08,2019/10/09,0,"9,6",14
Apartamento Islas Canarias,2304086,Apartamento,Valencia,1,1,€ 48,2019/10/08,2019/10/09,0,"3,8",14
Como en casa !!,5427108,NA,Valencia,1,1,€ 40,2019/10/08,2019/10/09,0,,14
Aventura Valencia 2,5604325,NA,Valencia,1,1,€ 50,2019/10/08,2019/10/09,0,,14
vosotros sereis parte de mi familia.,5299568,NA,Valencia,1,1,€ 50,2019/10/08,2019/10/09,0,,14
Hogar Dulce Hogar,5426607,NA,Valencia,1,1,€ 60,2019/10/08,2019/10/09,0,,14
Attic Rooms in Botánico,5522932,NA,Valencia,1,1,€ 60,2019/10/08,2019/10/09,0,,14
Classic Flat Valencia,4245614,Apartamento,Valencia,1,1,NA,2019/10/08,2019/10/09,0,"9,5",14
Habitación en Valencia,5477394,NA,Valencia,1,1,€ 72,2019/10/08,2019/10/09,0,,14
Apartamento Turistico en Valencia,2877605,Apartamento,Valencia,1,1,€ 85,2019/10/08,2019/10/09,0,"8,1",14
Center Venezuela Apartments,4459021,Apartamentos,Valencia,1,1,€ 87,2019/10/08,2019/10/09,0,"8,4",14
Moderno Apartamento en la playa del Cabanyal,3432824,Apartamento,Valencia,1,1,NA,2019/10/08,2019/10/09,0,"9,6",14
Apartamento Ciudad de las Artes y las Ciencias,4353552,Apartamento,Valencia,1,1,€ 88,2019/10/08,2019/10/09,0,"8,3",14
NH Ciudad de Valencia,90729,NA,Valencia,1,1,€ 88,2019/10/08,2019/10/09,3,"8,1",14
Eurostars Rey Don Jaime,91520,NA,Valencia,1,1,€ 89,2019/10/08,2019/10/09,4,"8,2",14
Senator Parque Central Hotel,274963,NA,Valencia,1,1,€ 90,2019/10/08,2019/10/09,4,"8,1",14
Valenciaflats Torres de Serrano,17468,Apartamentos,Valencia,1,1,€ 91,2019/10/08,2019/10/09,0,"8,3",14
Reina's Apartment,2130930,Apartamentos,Valencia,1,1,€ 94,2019/10/08,2019/10/09,0,"8,3",14
Bioparc Metro Valencia,5302327,Apartamento,Valencia,1,1,NA,2019/10/08,2019/10/09,0,"9,6",14
Sweet Hotel Continental,93856,NA,Valencia,1,1,€ 94,2019/10/08,2019/10/09,2,"8,3",14
SHF Flats Baron,1033085,Apartamentos,Valencia,1,1,€ 94,2019/10/08,2019/10/09,0,8,14
Atico Ciutat Vella,3446230,Apartamentos,Valencia,1,1,€ 95,2019/10/08,2019/10/09,0,"8,4",14
Sweet Hotel Renasa,274818,NA,Valencia,1,1,€ 99,2019/10/08,2019/10/09,3,8,14
Hotel Valencia Center,91285,NA,Valencia,1,1,€ 99,2019/10/08,2019/10/09,4,"8,4",14
Living Valencia -Correos,3062274,Apartamentos,Valencia,1,1,€ 99,2019/10/08,2019/10/09,0,"8,3",14
VIVIENDA DISEÑO CON JARDÍN INTERIOR,4314054,Apartamento,Valencia,1,1,NA,2019/10/08,2019/10/09,0,"9,7",14
Apartment near City of Arts,2242431,Apartamentos,Valencia,1,1,€ 100,2019/10/08,2019/10/09,0,"8,2",14
NH Valencia Center,90727,NA,Valencia,1,1,€ 102,2019/10/08,2019/10/09,4,"8,3",14
Florista's Room en Valencia,5502152,NA,Valencia,1,1,€ 78,2019/10/08,2019/10/09,0,,14
Casa Adosada Quintero,5481770,Casa o chalet,Valencia,1,1,€ 88,2019/10/08,2019/10/09,0,,14
Apartamentos Artesa 22 Valencia,5546723,Apartamento,Valencia,1,1,€ 112,2019/10/08,2019/10/09,0,,14
casa completa,5593030,Casa o chalet,Valencia,1,1,€ 119,2019/10/08,2019/10/09,0,,14
RAVALENCIA 4,3377937,Apartamento,Valencia,1,1,€ 124,2019/10/08,2019/10/09,0,,14
KOA Centric- comfy and relaxed with style in Ruzafa,4105224,Apartamento,Valencia,1,1,NA,2019/10/08,2019/10/09,0,"9,9",14
Duplex Rosario,5619328,Apartamento,Valencia,1,1,€ 125,2019/10/08,2019/10/09,0,,14
NH Valencia Las Artes,90731,NA,Valencia,1,1,€ 103,2019/10/08,2019/10/09,4,"8,4",14
Puerta1 · Enjoy: Large Patio! New. Designer. 2bdrm.2bath. Ruzafa,5517695,Apartamento,Valencia,1,1,€ 137,2019/10/08,2019/10/09,0,,14
Kirei Apartment Dublin,4639542,Apartamento,Valencia,1,1,€ 137,2019/10/08,2019/10/09,0,,14
CASA MARQUES DE CARO,4472176,Apartamento,Valencia,1,1,€ 139,2019/10/08,2019/10/09,0,,14
The White Apartment: Luxury- Beach and Design,5631365,Apartamento,Valencia,1,1,€ 167,2019/10/08,2019/10/09,0,,14
Carrer de María Montessori,3272386,Apartamento,Valencia,1,1,€ 109,2019/10/08,2019/10/09,0,"8,2",14
Flatsforyou Petit Bonaire,455152,Apartamentos,Valencia,1,1,€ 110,2019/10/08,2019/10/09,0,"8,4",14
Friendly Rentals ABC,3656596,Apartamento,Valencia,1,1,€ 110,2019/10/08,2019/10/09,0,"8,3",14
15 Avinguda Mare Nostrum,4518973,Apartamento,Valencia,1,1,NA,2019/10/08,2019/10/09,0,"9,6",14
Friendly Rentals Puerto Deportivo,2317861,Apartamentos,Valencia,1,1,€ 110,2019/10/08,2019/10/09,0,"8,2",14
Patacona lujo,5636052,NA,Valencia,1,1,€ 190,2019/10/08,2019/10/09,0,,14
Nest Style Valencia -Nueva apertura-,5219046,NA,Valencia,1,1,NA,2019/10/08,2019/10/09,3,"9,6",14
Apartment Carrer Ernesto Che Guevara,5598848,Apartamentos,Valencia,1,1,€ 211,2019/10/08,2019/10/09,0,,14
"Flat ""Ca Alexandre""",3687859,Apartamento,Valencia,1,1,€ 240,2019/10/08,2019/10/09,0,,14
Apartment Carrer de Don Juan de Austria,5464038,Apartamentos,Valencia,1,1,€ 275,2019/10/08,2019/10/09,0,,14
Plaza Del Carmen,1737254,Apartamento,Valencia,1,1,€ 110,2019/10/08,2019/10/09,0,8,14
Silken Puerta Valencia,91182,NA,Valencia,1,1,€ 115,2019/10/08,2019/10/09,4,"8,3",14
Hotel Miramar,23332,NA,Valencia,1,1,€ 117,2019/10/08,2019/10/09,2,"8,4",14
Apartamentos Sollana 18 Cerca de les Arts i les Ciencies Valencia- FREE WI-FI,5232423,Apartamento,Valencia,1,1,€ 119,2019/10/08,2019/10/09,0,"8,1",14
Governor Residence,3799760,Apartahotel,Valencia,1,1,€ 600,2019/10/08,2019/10/09,0,,14
Apartamento con terraza,5238122,Apartahotel,Valencia,1,1,€ 770,2019/10/08,2019/10/09,0,,14
Gulet Why Not,5199364,NA,Valencia,1,1,€ 3.000,2019/10/08,2019/10/09,0,,14
Biopark View Apartment,2381901,Apartamento,Valencia,1,1,€ 83,2019/10/08,2019/10/09,0,"8,9",14
APARTAMENTO LAS MELLIZAS,4651578,NA,Valencia,1,1,€ 44,2019/10/08,2019/10/09,0,"8,5",14
Ciudad Ciencias- Lujo- Parking- Wi-Fi.,4999636,Apartamento,Valencia,1,1,NA,2019/10/08,2019/10/09,0,"9,8",14
Hotel Kramer,91106,NA,Valencia,1,1,€ 89,2019/10/08,2019/10/09,3,"8,8",14
BUBUFLATS / Mercat,783206,Apartamentos,Valencia,1,1,€ 90,2019/10/08,2019/10/09,0,"8,9",14
Lotelito,570027,NA,Valencia,1,1,€ 91,2019/10/08,2019/10/09,0,"8,9",14
Plaza Sainetero Arniches,3984774,Apartamento,Valencia,1,1,€ 92,2019/10/08,2019/10/09,0,"8,5",14
Suites by Eric Olsan (Florista),4726450,Apartamentos,Valencia,1,1,€ 93,2019/10/08,2019/10/09,0,"8,5",14
UNIK. Apartments Valencia,2241282,Apartamentos,Valencia,1,1,€ 98,2019/10/08,2019/10/09,0,"8,5",14
Apartamento Forn dels Apòstols,3122008,Apartamento,Valencia,1,1,NA,2019/10/08,2019/10/09,0,"9,6",14
Hotel Sercotel Acteón Valencia,90495,NA,Valencia,1,1,€ 99,2019/10/08,2019/10/09,4,"8,5",14
One Shot Colón 46,1394168,NA,Valencia,1,1,€ 99,2019/10/08,2019/10/09,3,"8,7",14
SKY TOURISTIC ATTIC,281640,Apartamentos,Valencia,1,1,€ 99,2019/10/08,2019/10/09,0,"8,5",14
Ilunion Aqua 4,92777,NA,Valencia,1,1,€ 101,2019/10/08,2019/10/09,4,"8,5",14
Apartment City of Arts,3811530,Apartamentos,Valencia,1,1,€ 102,2019/10/08,2019/10/09,0,"8,6",14
Citizentral Gascons,332095,Apartamentos,Valencia,1,1,€ 102,2019/10/08,2019/10/09,0,"8,8",14
Ambrosio Flats Valencia - El Mercat,3131649,Apartamento,Valencia,1,1,NA,2019/10/08,2019/10/09,0,"9,5",14
El Palacete Gran Via,3483148,NA,Valencia,1,1,€ 103,2019/10/08,2019/10/09,0,"8,8",14
Melia Plaza Valencia,13270,NA,Valencia,1,1,€ 105,2019/10/08,2019/10/09,4,"8,9",14
Hotel Valencia Oceanic Managed by Melia Hotels International,91522,NA,Valencia,1,1,€ 105,2019/10/08,2019/10/09,4,"8,6",14
Petit Palace Ruzafa,90792,NA,Valencia,1,1,€ 107,2019/10/08,2019/10/09,3,"8,7",14
Perla Apartments,3146781,Apartamentos,Valencia,1,1,€ 108,2019/10/08,2019/10/09,0,"8,8",14
Boutique Creative Rooms,2334726,NA,Valencia,1,1,€ 110,2019/10/08,2019/10/09,0,"8,7",14
Valencia what else...,2550483,Apartamento,Valencia,1,1,NA,2019/10/08,2019/10/09,0,"9,5",14
Flatsforyou Mercat,1367507,Apartamentos,Valencia,1,1,€ 110,2019/10/08,2019/10/09,3,"8,9",14
Flatsforyou Ruzafa,3342696,Apartamentos,Valencia,1,1,€ 110,2019/10/08,2019/10/09,0,"8,8",14
Friendly Rentals Ravel I,1634234,Apartamento,Valencia,1,1,€ 110,2019/10/08,2019/10/09,0,"8,8",14
Les flors,3985046,Apartamento,Valencia,1,1,€ 110,2019/10/08,2019/10/09,0,"8,7",14
Loft by the Beach,4441671,Apartamento,Valencia,1,1,€ 115,2019/10/08,2019/10/09,0,"8,5",14
Friendly Rentals Casals,1769176,Apartamento,Valencia,1,1,€ 115,2019/10/08,2019/10/09,0,"8,7",14
Apartamento,3139431,Apartamento,Valencia,1,1,NA,2019/10/08,2019/10/09,0,"9,5",14
Hotel Dimar,90886,NA,Valencia,1,1,€ 117,2019/10/08,2019/10/09,4,"8,7",14
Apartamentos Valencia - Brazil 31 Free WiFi,4948554,Apartamento,Valencia,1,1,€ 118,2019/10/08,2019/10/09,0,"8,8",14
Ad Hoc Monumental,90719,NA,Valencia,1,1,€ 118,2019/10/08,2019/10/09,3,"8,6",14
Casual del Cine Valencia,572187,NA,Valencia,1,1,€ 118,2019/10/08,2019/10/09,2,"8,6",14
Casual Vintage Valencia,1710241,NA,Valencia,1,1,€ 118,2019/10/08,2019/10/09,2,"8,6",14
City of Arts,3031480,Apartamento,Valencia,1,1,€ 120,2019/10/08,2019/10/09,0,"8,7",14
Colón Market Downtown,4607745,Apartamento,Valencia,1,1,NA,2019/10/08,2019/10/09,0,"9,6",14
ValentiaApartments - MercadoCentral,4185241,Apartamentos,Valencia,1,1,€ 121,2019/10/08,2019/10/09,0,"8,8",14
València Centre Torres de Quart,886289,Apartamentos,Valencia,1,1,€ 123,2019/10/08,2019/10/09,0,"8,9",14
Hotel Mediterraneo Valencia,92412,NA,Valencia,1,1,€ 127,2019/10/08,2019/10/09,3,"8,8",14
Apartamento Sofia,2552406,Apartamento,Valencia,1,1,€ 130,2019/10/08,2019/10/09,0,"8,6",14
Friendly Rentals Soler,1634237,Apartamento,Valencia,1,1,€ 130,2019/10/08,2019/10/09,0,"8,7",14
El Cactus,3201028,Apartamento,Valencia,1,1,€ 135,2019/10/08,2019/10/09,0,"8,9",14
AC Hotel Colon Valencia,1117150,NA,Valencia,1,1,€ 139,2019/10/08,2019/10/09,4,"8,7",14
One Shot Palacio Reina Victoria 04,90885,NA,Valencia,1,1,€ 139,2019/10/08,2019/10/09,4,"8,6",14
Barceló Valencia,91988,NA,Valencia,1,1,€ 140,2019/10/08,2019/10/09,4,"8,7",14
Catalonia Excelsior,90578,NA,Valencia,1,1,€ 140,2019/10/08,2019/10/09,3,"8,7",14
Friendly Rentals Desplat,4120221,Apartamento,Valencia,1,1,€ 140,2019/10/08,2019/10/09,0,"8,5",14
Petit Palace Plaza de la Reina,90443,NA,Valencia,1,1,€ 143,2019/10/08,2019/10/09,3,"8,7",14
Hotel Neptuno,91206,NA,Valencia,1,1,€ 144,2019/10/08,2019/10/09,4,"8,5",14
Friendly Rentals Ferrero,2314984,Apartamento,Valencia,1,1,€ 145,2019/10/08,2019/10/09,0,"8,9",14
Zenit Valencia,92327,NA,Valencia,1,1,€ 148,2019/10/08,2019/10/09,4,"8,8",14
Cathedral Suites Hotel,1736257,Apartahotel,Valencia,1,1,€ 159,2019/10/08,2019/10/09,4,"8,9",14
Friendly Rentals Rey,1634248,Apartamento,Valencia,1,1,€ 160,2019/10/08,2019/10/09,0,"8,9",14
Vincci Palace,94163,NA,Valencia,1,1,€ 166,2019/10/08,2019/10/09,4,"8,7",14
Guest House Samuel Ros,4161855,NA,Valencia,1,1,€ 30,2019/10/08,2019/10/09,0,"7,3",14
feliz como en casa,3676196,NA,Valencia,1,1,€ 36,2019/10/08,2019/10/09,0,"7,2",14
Hexagonal Design Apartment Valencia,4630643,Apartamento,Valencia,1,1,NA,2019/10/08,2019/10/09,0,"9,5",14
Hostal Residencial RR,450746,NA,Valencia,1,1,€ 38,2019/10/08,2019/10/09,0,7,14
Habitacion Apartamento soleado Plaza Escultor Frechina,4865043,NA,Valencia,1,1,€ 40,2019/10/08,2019/10/09,0,"7,1",14
HOSPEDAJE PESET,4718074,NA,Valencia,1,1,€ 40,2019/10/08,2019/10/09,0,"7,2",14
Central Station Valencia Hostel,1647017,NA,Valencia,1,1,€ 47,2019/10/08,2019/10/09,0,"7,1",14
PISO ACOGEDOR,4995780,NA,Valencia,1,1,€ 50,2019/10/08,2019/10/09,0,"7,1",14
Avenida del Cid (Centrico),4737683,Apartamento,Valencia,1,1,€ 51,2019/10/08,2019/10/09,0,"7,1",14
Carmen Apartment,3308265,Apartamento,Valencia,1,1,NA,2019/10/08,2019/10/09,0,"9,6",14
Rooms Valencia Center,5507857,NA,Valencia,1,1,€ 54,2019/10/08,2019/10/09,0,"7,4",14
B&B El Mercat,2203530,NA,Valencia,1,1,€ 55,2019/10/08,2019/10/09,0,"7,3",14
La Flamenca,818359,NA,Valencia,1,1,€ 55,2019/10/08,2019/10/09,0,"7,2",14
Centro & Viaje,4215175,NA,Valencia,1,1,€ 58,2019/10/08,2019/10/09,0,"7,4",14
Hostal la Barraca,350013,NA,Valencia,1,1,€ 60,2019/10/08,2019/10/09,0,"7,2",14
Apartment Horticultor Bosch,1148669,Apartamentos,Valencia,1,1,€ 60,2019/10/08,2019/10/09,0,"7,3",14
Cool Central Market,3424724,Apartamento,Valencia,1,1,NA,2019/10/08,2019/10/09,0,"9,9",14
Homestay & OLEE,4132920,NA,Valencia,1,1,€ 66,2019/10/08,2019/10/09,0,"7,3",14
Mi casa es vuestra casa,4967097,NA,Valencia,1,1,€ 70,2019/10/08,2019/10/09,0,"7,1",14
Cosy Rooms Embajador,369728,NA,Valencia,1,1,€ 70,2019/10/08,2019/10/09,2,"7,4",14
HOSTAL BED OF THE SEA,3974636,NA,Valencia,1,1,€ 72,2019/10/08,2019/10/09,0,"7,1",14
Centro Valencia Calle Cerrajeros,3476261,NA,Valencia,1,1,€ 75,2019/10/08,2019/10/09,0,"7,1",14
Malvarrosa Beach Rooms,314048,NA,Valencia,1,1,€ 75,2019/10/08,2019/10/09,2,7,14
Casa Vich,4457634,Apartamento,Valencia,1,1,NA,2019/10/08,2019/10/09,0,"9,6",14
Valencia Apartments,4367788,Apartamentos,Valencia,1,1,€ 78,2019/10/08,2019/10/09,0,7,14
NWT Monserrat,3728842,Apartamentos,Valencia,1,1,€ 82,2019/10/08,2019/10/09,0,7,14
Valencia Apartmans El Carmen,847910,Apartamentos,Valencia,1,1,€ 83,2019/10/08,2019/10/09,0,"7,3",14
Cosy Rooms Bolsería,371606,NA,Valencia,1,1,€ 89,2019/10/08,2019/10/09,2,"7,4",14
Accommodation Beach Apartments,1001766,Apartamentos,Valencia,1,1,€ 89,2019/10/08,2019/10/09,0,"7,2",14
Suites by Eric Olsan (Peset),4726296,Apartamentos,Valencia,1,1,€ 94,2019/10/08,2019/10/09,0,"7,4",14
Flat El Porto - Valencia,3146159,Apartamento,Valencia,1,1,NA,2019/10/08,2019/10/09,0,"9,7",14
La Casa dei Fiori,2849727,Apartamento,Valencia,1,1,€ 102,2019/10/08,2019/10/09,0,"7,1",14
Kirei Apartment San Vicente,1774062,Apartamento,Valencia,1,1,€ 110,2019/10/08,2019/10/09,0,"7,4",14
Select Home Catedral,440778,Apartamentos,Valencia,1,1,€ 150,2019/10/08,2019/10/09,0,"7,1",14
Select Home Town Hall,1648016,Apartamentos,Valencia,1,1,€ 160,2019/10/08,2019/10/09,0,"7,4",14
Select Home Mercado Central,440757,Apartamentos,Valencia,1,1,€ 165,2019/10/08,2019/10/09,0,"7,1",14
Best Valencia Beach Flat,3246772,Apartamento,Valencia,1,1,€ 192,2019/10/08,2019/10/09,0,"7,1",14
Casa Chenano,4262208,Apartamento,Valencia,1,1,NA,2019/10/08,2019/10/09,0,"9,5",14
MD Puerto Rico Apartment Ruzafa,3737151,Apartamento,Valencia,1,1,€ 341,2019/10/08,2019/10/09,0,"7,4",14
MD Villalonga Malvarosa Beach,3739661,Apartamento,Valencia,1,1,€ 490,2019/10/08,2019/10/09,0,"7,1",14
Guest House Lebon,3124256,NA,Valencia,1,1,€ 35,2019/10/08,2019/10/09,0,"6,9",14
Habitación con cama doble,4794909,NA,Valencia,1,1,€ 36,2019/10/08,2019/10/09,0,"6,7",14
Apartment Valencia Denia,1968489,Apartamentos,Valencia,1,1,€ 55,2019/10/08,2019/10/09,0,"6,7",14
Casita Esmeralda,2040126,Casa o chalet,Valencia,1,1,€ 114,2019/10/08,2019/10/09,0,"6,5",14
Miresa flats,5300418,Apartamento,Valencia,1,1,€ 125,2019/10/08,2019/10/09,0,"6,6",14
Apartamento para 10 personas,5029963,Apartamento,Valencia,1,1,€ 160,2019/10/08,2019/10/09,0,"6,9",14
Select Home Boutique Center,387770,Apartamentos,Valencia,1,1,€ 230,2019/10/08,2019/10/09,0,"6,9",14
Guest House Higinio Noja,2845935,NA,Valencia,1,1,€ 30,2019/10/08,2019/10/09,0,6,14
Fun and Sun Center 2,2944416,NA,Valencia,1,1,€ 36,2019/10/08,2019/10/09,0,"6,1",14
Carrer del Bisbe Jaume Pérez,4900140,NA,Valencia,1,1,€ 60,2019/10/08,2019/10/09,0,6,14
sueñavalencia,5603844,NA,Valencia,1,1,€ 75,2019/10/08,2019/10/09,0,"6,4",14
Loft Central Market - Tapas,3187998,Apartamento,Valencia,1,1,€ 93,2019/10/08,2019/10/09,0,"6,4",14
Kirei Apartment San Agustin,1712323,Apartamentos,Valencia,1,1,€ 161,2019/10/08,2019/10/09,0,"6,1",14
Select Home Viveros Gardens,1297339,Casa o chalet,Valencia,1,1,€ 265,2019/10/08,2019/10/09,0,"6,3",14
RoomTuristValencia - Ruzafa,4608394,NA,Valencia,1,1,€ 26,2019/10/08,2019/10/09,0,"5,6",14
Ruzafa Guesthouse,2269176,NA,Valencia,1,1,€ 30,2019/10/08,2019/10/09,0,"5,6",14
