name,propertyId,propertyType,city,rooms,days,price,checkIn,checkOut,stars,score,advance
Habitación muy cerca de la playa.,5395908,NA,Valencia,1,1,€ 40,2019/09/15,2019/09/16,0,,7
Attic Rooms in Botánico,5522932,NA,Valencia,1,1,€ 45,2019/09/15,2019/09/16,0,,7
Center City Flats,861452,Apartamentos,Valencia,1,1,NA,2019/09/15,2019/09/16,0,"9,1",7
vosotros sereis parte de mi familia.,5299568,NA,Valencia,1,1,€ 50,2019/09/15,2019/09/16,0,,7
Bright room with trundle bed,5560260,NA,Valencia,1,1,€ 51,2019/09/15,2019/09/16,0,,7
Habitación en casa particular con preciosa terraza,5559993,NA,Valencia,1,1,€ 51,2019/09/15,2019/09/16,0,,7
Rooms El Picolino,5326859,NA,Valencia,1,1,€ 60,2019/09/15,2019/09/16,0,,7
Hogar Dulce Hogar,5426607,NA,Valencia,1,1,€ 60,2019/09/15,2019/09/16,0,,7
Original Domino House,5434091,NA,Valencia,1,1,€ 69,2019/09/15,2019/09/16,0,,7
Апартаменты МЕНОРКА,2465191,Apartamento,Valencia,1,1,NA,2019/09/15,2019/09/16,0,"9,3",7
Habitación en Valencia,5477394,NA,Valencia,1,1,€ 72,2019/09/15,2019/09/16,0,,7
Acogedor apartamento en zona universitaria y playa,5414090,Casa o chalet,Valencia,1,1,€ 78,2019/09/15,2019/09/16,0,,7
Apartments Sollana Near the Turia Park Valencia,5546417,Apartamento,Valencia,1,1,€ 83,2019/09/15,2019/09/16,0,,7
APARTAMENTO EN LA PLAYA,5503515,Apartamento,Valencia,1,1,€ 85,2019/09/15,2019/09/16,0,,7
Apartamentos Artesa 22 Valencia,5546723,Apartamento,Valencia,1,1,€ 112,2019/09/15,2019/09/16,0,,7
casa la tranquilidad,5516825,NA,Valencia,1,1,€ 120,2019/09/15,2019/09/16,0,,7
Jardines del Turia - Espacioso apartamento,2734126,Apartamento,Valencia,1,1,NA,2019/09/15,2019/09/16,0,"9,1",7
Botanik park,5163183,Apartamento,Valencia,1,1,€ 122,2019/09/15,2019/09/16,0,,7
BUBUFLATS / Mercat,783206,Apartamentos,Valencia,1,1,€ 130,2019/09/15,2019/09/16,0,"8,9",7
Lotelito,570027,NA,Valencia,1,1,€ 130,2019/09/15,2019/09/16,0,"8,9",7
la casita,4333253,Apartamento,Valencia,1,1,NA,2019/09/15,2019/09/16,0,"9,8",7
Plaza de la Virgen,3167342,Apartamento,Valencia,1,1,€ 130,2019/09/15,2019/09/16,0,"8,8",7
Mon Suites Catedral,485679,Apartamentos,Valencia,1,1,€ 125,2019/09/15,2019/09/16,0,"9,2",7
Piso céntrico Plaza Toros,2961063,Apartamento,Valencia,1,1,€ 125,2019/09/15,2019/09/16,0,"9,3",7
Ciudad Ciencias- Lujo- Parking- Wi-Fi.,4999636,Apartamento,Valencia,1,1,NA,2019/09/15,2019/09/16,0,"9,8",7
Apartamento centro frente a Torres de Serrano,3408067,Apartamento,Valencia,1,1,€ 130,2019/09/15,2019/09/16,0,"9,4",7
BUBUFLATS Mossén,1141763,Apartamentos,Valencia,1,1,€ 130,2019/09/15,2019/09/16,0,"8,9",7
FREE WI-FI. Apartamentos 90 м2 - Assutzena 5,4828764,Apartamento,Valencia,1,1,€ 139,2019/09/15,2019/09/16,0,"8,7",7
Flatsforyou Ruzafa,3342696,Apartamentos,Valencia,1,1,€ 140,2019/09/15,2019/09/16,0,"8,8",7
BUBUSUITES by Bubuflats,2389776,NA,Valencia,1,1,€ 130,2019/09/15,2019/09/16,0,"9,3",7
Casual Socarrat Valencia,5142800,NA,Valencia,1,1,€ 133,2019/09/15,2019/09/16,3,"9,3",7
SH Ingles Boutique Hotel,92956,NA,Valencia,1,1,€ 140,2019/09/15,2019/09/16,4,"8,5",7
Friendly Rentals Verdi 2,2523881,Apartamento,Valencia,1,1,€ 140,2019/09/15,2019/09/16,0,"8,7",7
ApartUP Rojas Market,4887857,Apartamento,Valencia,1,1,NA,2019/09/15,2019/09/16,0,"9,5",7
SH Valencia Palace,91497,NA,Valencia,1,1,€ 141,2019/09/15,2019/09/16,5,"8,5",7
AC Hotel Colon Valencia- a Marriott Lifestyle Hotel,1117150,NA,Valencia,1,1,€ 146,2019/09/15,2019/09/16,4,"8,7",7
Apartamento Gran Vía Marqués del Turia,2358973,Apartamento,Valencia,1,1,€ 148,2019/09/15,2019/09/16,0,"8,5",7
Petit Palace Plaza de la Reina,90443,NA,Valencia,1,1,€ 149,2019/09/15,2019/09/16,3,"8,7",7
ABCyou Bed&Breakfast,189207,NA,Valencia,1,1,€ 149,2019/09/15,2019/09/16,0,"8,5",7
Friendly Rentals Montaner Beach,2314997,Apartamento,Valencia,1,1,€ 150,2019/09/15,2019/09/16,0,"8,8",7
VIVIENDA DISEÑO CON JARDÍN INTERIOR,4314054,Apartamento,Valencia,1,1,NA,2019/09/15,2019/09/16,0,"9,7",7
Hospes Palau de La Mar,93823,NA,Valencia,1,1,€ 153,2019/09/15,2019/09/16,5,"8,8",7
Bubuflats Bubu 5,1283519,Apartamento,Valencia,1,1,€ 135,2019/09/15,2019/09/16,0,"9,1",7
Loft zona Pechina en Valencia centro,2524985,Apartamento,Valencia,1,1,€ 138,2019/09/15,2019/09/16,0,"9,2",7
MYR Hotel Plaza Mercado & Spa,1619029,Apartahotel,Valencia,1,1,€ 139,2019/09/15,2019/09/16,0,"9,2",7
Apartamento Comedias,2236348,Apartamento,Valencia,1,1,NA,2019/09/15,2019/09/16,0,"9,8",7
OttoH Charm Stay,2459807,NA,Valencia,1,1,€ 139,2019/09/15,2019/09/16,0,"9,3",7
Brisa Mare Nostrum,2855311,Apartamento,Valencia,1,1,€ 140,2019/09/15,2019/09/16,0,"9,3",7
MD Design Hotel - Portal del Real,2391685,NA,Valencia,1,1,€ 145,2019/09/15,2019/09/16,2,"9,1",7
The Flow House,4762375,Apartamentos,Valencia,1,1,€ 146,2019/09/15,2019/09/16,0,"9,4",7
Apartamentos La más Bonita,2816245,Apartamentos,Valencia,1,1,€ 149,2019/09/15,2019/09/16,0,"9,1",7
Sweet Caroline Apartment,1811784,Apartamento,Valencia,1,1,€ 150,2019/09/15,2019/09/16,0,"9,2",7
RUZAFA- CENTRO-A/C- WI-FI- PARKING,2885994,Apartamento,Valencia,1,1,NA,2019/09/15,2019/09/16,0,"9,7",7
B BEACH VALENCIA,5125954,Apartamento,Valencia,1,1,€ 150,2019/09/15,2019/09/16,0,9,7
MARQUÉS HOUSE 4* SUP,2118880,NA,Valencia,1,1,€ 154,2019/09/15,2019/09/16,4,"9,4",7
Vincci Mercat,1279484,NA,Valencia,1,1,€ 154,2019/09/15,2019/09/16,4,9,7
Duplex en Blasco Ibáñez,3672426,Apartamento,Valencia,1,1,€ 155,2019/09/15,2019/09/16,0,"9,1",7
NH Collection Colón Valencia,3828811,NA,Valencia,1,1,€ 156,2019/09/15,2019/09/16,4,"9,2",7
Zerka Sendra,4657122,Apartamento,Valencia,1,1,€ 179,2019/09/15,2019/09/16,0,9,7
Colors Rooms,675839,NA,Valencia,1,1,€ 40,2019/09/15,2019/09/16,0,"9,6",7
Nest Style Valencia -Nueva apertura-,5219046,NA,Valencia,1,1,€ 64,2019/09/15,2019/09/16,3,"9,7",7
VALENCIA APARTAMENTO GOYA,4256653,Apartamento,Valencia,1,1,NA,2019/09/15,2019/09/16,0,10,7
Hostal Antigua Morellana,1273937,NA,Valencia,1,1,€ 80,2019/09/15,2019/09/16,1,"9,5",7
Opera House Valencia B&B,3533887,NA,Valencia,1,1,€ 88,2019/09/15,2019/09/16,0,"9,5",7
L'Esplai Valencia Bed & Breakfast,1282556,NA,Valencia,1,1,€ 99,2019/09/15,2019/09/16,0,"9,6",7
Ramirez Flats & Bar,4124528,Apartahotel,Valencia,1,1,€ 105,2019/09/15,2019/09/16,0,"9,5",7
Apartments Downtown Valencia,2250421,Apartamentos,Valencia,1,1,€ 105,2019/09/15,2019/09/16,0,"9,6",7
Central Station Valencia Hostel,1647017,NA,Valencia,1,1,€ 69,2019/09/15,2019/09/16,0,"7,1",7
Apartment Horticultor Bosch,1148669,Apartamentos,Valencia,1,1,€ 70,2019/09/15,2019/09/16,0,"7,3",7
Apartamento en la Ciudad de las ciencias,2837499,Casa o chalet,Valencia,1,1,NA,2019/09/15,2019/09/16,0,"9,2",7
Lounge by the sea,4756780,Apartamento,Valencia,1,1,€ 108,2019/09/15,2019/09/16,0,"9,8",7
MerKat-Abastos,1231196,Apartamento,Valencia,1,1,NA,2019/09/15,2019/09/16,0,"9,7",7
Duplex+Swimming pool+private entrance=Housen of LOVE,2999152,Apartamento,Valencia,1,1,€ 135,2019/09/15,2019/09/16,0,"9,5",7
Disfruta - Enjoy Valencia Oceanografic,4121345,Apartamento,Valencia,1,1,€ 139,2019/09/15,2019/09/16,0,"9,6",7
Cosy Rooms Embajador,369728,NA,Valencia,1,1,€ 70,2019/09/15,2019/09/16,2,"7,4",7
Almiserat,3054886,Apartamento,Valencia,1,1,€ 80,2019/09/15,2019/09/16,0,"7,1",7
Malvarrosa Beach Rooms,314048,NA,Valencia,1,1,€ 85,2019/09/15,2019/09/16,2,"7,1",7
Hostal la Barraca,350013,NA,Valencia,1,1,€ 85,2019/09/15,2019/09/16,0,"7,2",7
Valencia Apartments,4367788,Apartamentos,Valencia,1,1,€ 87,2019/09/15,2019/09/16,0,"7,2",7
Disfruta - Enjoy Valencia Centre,3881970,Apartamento,Valencia,1,1,€ 139,2019/09/15,2019/09/16,0,"9,8",7
15 Avinguda Mare Nostrum,4518973,Apartamento,Valencia,1,1,€ 145,2019/09/15,2019/09/16,0,"9,8",7
Disfruta - Enjoy Valencia Ayuntamiento,4901194,Apartamento,Valencia,1,1,€ 159,2019/09/15,2019/09/16,0,"9,7",7
Disfruta - Enjoy Valencia Ruzafa,3890328,Apartamento,Valencia,1,1,€ 165,2019/09/15,2019/09/16,0,"9,7",7
Central Park Apartment Valencia,3881533,Apartamento,Valencia,1,1,NA,2019/09/15,2019/09/16,0,"9,6",7
Lujoso Apartamento En El Carmen,2814452,Apartamento,Valencia,1,1,€ 88,2019/09/15,2019/09/16,0,"7,4",7
Mr Flats Valencia,2232363,Apartamentos,Valencia,1,1,NA,2019/09/15,2019/09/16,0,9,7
Suites by Eric Olsan (Peset),4726296,Apartamentos,Valencia,1,1,€ 89,2019/09/15,2019/09/16,0,"7,4",7
NWT Monserrat,3728842,Apartamentos,Valencia,1,1,€ 89,2019/09/15,2019/09/16,0,7,7
Apartment de las Ciencias,2287125,Apartamento,Valencia,1,1,€ 89,2019/09/15,2019/09/16,0,"7,1",7
Valencia Apartmans El Carmen,847910,Apartamentos,Valencia,1,1,€ 96,2019/09/15,2019/09/16,0,"7,4",7
Kirei Apartment San Vicente,1774062,Apartamento,Valencia,1,1,€ 98,2019/09/15,2019/09/16,0,"7,4",7
Las casitas de la playa,3177809,Apartamentos,Valencia,1,1,€ 109,2019/09/15,2019/09/16,0,"7,1",7
Studios Las Arenas,444155,Apartamentos,Valencia,1,1,NA,2019/09/15,2019/09/16,0,9,7
Art&Flats Bed&Breakfast,5238345,NA,Valencia,1,1,€ 26,2019/09/15,2019/09/16,0,9,7
YOU & CO. Saler Beach Boutique,4533007,NA,Valencia,1,1,€ 50,2019/09/15,2019/09/16,3,"9,1",7
Cantagua Hostel,4074640,NA,Valencia,1,1,€ 24,2019/09/15,2019/09/16,0,"9,1",7
Kirei Apartment En Llop,1765516,Apartamentos,Valencia,1,1,€ 115,2019/09/15,2019/09/16,0,"7,1",7
Apartamento para 10 personas,5029963,Apartamento,Valencia,1,1,€ 175,2019/09/15,2019/09/16,0,"7,3",7
Select Home Town Hall,1648016,Apartamentos,Valencia,1,1,€ 215,2019/09/15,2019/09/16,0,"7,3",7
Guest House Lebon,3124256,NA,Valencia,1,1,€ 35,2019/09/15,2019/09/16,0,"6,9",7
Una Ubicacion Perfecta,3114164,Apartamentos,Valencia,1,1,€ 65,2019/09/15,2019/09/16,0,"9,1",7
Soho Valencia,1538641,Apartahotel,Valencia,1,1,€ 69,2019/09/15,2019/09/16,0,9,7
Hostal Venecia,92883,NA,Valencia,1,1,€ 70,2019/09/15,2019/09/16,2,"9,1",7
Ruzafa Rooms,2891693,NA,Valencia,1,1,€ 40,2019/09/15,2019/09/16,0,"6,9",7
Habitación con cama doble,4794909,NA,Valencia,1,1,€ 41,2019/09/15,2019/09/16,0,"6,6",7
Apartamento Giorgeta,2580538,Apartamento,Valencia,1,1,NA,2019/09/15,2019/09/16,0,9,7
Geography and Arts.,3569110,NA,Valencia,1,1,€ 54,2019/09/15,2019/09/16,0,"6,9",7
Apartment Valencia Denia,1968489,Apartamentos,Valencia,1,1,€ 65,2019/09/15,2019/09/16,0,"6,7",7
Kirei Apartment Na Jordana,1702092,Apartamentos,Valencia,1,1,€ 101,2019/09/15,2019/09/16,0,"6,9",7
Miresa flats,5300418,Apartamento,Valencia,1,1,€ 136,2019/09/15,2019/09/16,0,"6,9",7
Casita Esmeralda,2040126,Casa o chalet,Valencia,1,1,€ 139,2019/09/15,2019/09/16,0,"6,5",7
Buho House,3777691,Apartahotel,Valencia,1,1,€ 74,2019/09/15,2019/09/16,0,"8,5",7
Rooms Ciencias,94126,NA,Valencia,1,1,€ 75,2019/09/15,2019/09/16,0,"8,9",7
Ayuntamiento Panoramic,3089239,Apartamento,Valencia,1,1,NA,2019/09/15,2019/09/16,0,"9,5",7
Habitación doble,3599930,NA,Valencia,1,1,€ 76,2019/09/15,2019/09/16,0,"8,9",7
Host & Home,1663785,NA,Valencia,1,1,€ 76,2019/09/15,2019/09/16,0,"8,9",7
Petit Palomar,2187491,Apartamentos,Valencia,1,1,€ 79,2019/09/15,2019/09/16,0,"8,9",7
Hotel Malcom and Barret,483261,NA,Valencia,1,1,€ 79,2019/09/15,2019/09/16,3,"8,7",7
Hotel Kramer,91106,NA,Valencia,1,1,€ 79,2019/09/15,2019/09/16,3,"8,8",7
B&B Hi Valencia Boutique,1301725,NA,Valencia,1,1,€ 79,2019/09/15,2019/09/16,0,"8,7",7
Apartment Cisneros 2,2361375,Apartamento,Valencia,1,1,NA,2019/09/15,2019/09/16,0,"9,7",7
Center Venezuela Apartments,4459021,Apartamentos,Valencia,1,1,€ 80,2019/09/15,2019/09/16,0,"8,5",7
Casual del Cine Valencia,572187,NA,Valencia,1,1,€ 80,2019/09/15,2019/09/16,2,"8,6",7
Casa del Patriarca,364834,NA,Valencia,1,1,€ 81,2019/09/15,2019/09/16,0,"8,9",7
Jardín Botánico Hotel Boutique,93369,NA,Valencia,1,1,€ 84,2019/09/15,2019/09/16,3,"8,9",7
Hotel Valencia Oceanic Managed by Melia Hotels International,91522,NA,Valencia,1,1,€ 85,2019/09/15,2019/09/16,4,"8,6",7
Casual Vintage Valencia,1710241,NA,Valencia,1,1,€ 87,2019/09/15,2019/09/16,2,"8,6",7
Apartamento Forn dels Apòstols,3122008,Apartamento,Valencia,1,1,NA,2019/09/15,2019/09/16,0,"9,6",7
Hotel El Siglo,1741479,NA,Valencia,1,1,€ 87,2019/09/15,2019/09/16,3,"8,5",7
Suites by Eric Olsan (Florista),4726450,Apartamentos,Valencia,1,1,€ 88,2019/09/15,2019/09/16,0,"8,7",7
Apartments Trinitarios,364825,Apartamentos,Valencia,1,1,€ 88,2019/09/15,2019/09/16,0,"8,9",7
One Shot Colón 46,1394168,NA,Valencia,1,1,€ 89,2019/09/15,2019/09/16,3,"8,7",7
Boutique Creative Rooms,2334726,NA,Valencia,1,1,€ 90,2019/09/15,2019/09/16,0,"8,7",7
Barceló Valencia,91988,NA,Valencia,1,1,€ 90,2019/09/15,2019/09/16,4,"8,7",7
City Center Atico 360,3025679,Apartamento,Valencia,1,1,NA,2019/09/15,2019/09/16,0,"9,5",7
AC Hotel Valencia- a Marriott Lifestyle Hotel,91063,NA,Valencia,1,1,€ 92,2019/09/15,2019/09/16,4,"8,5",7
Melia Valencia,290493,NA,Valencia,1,1,€ 93,2019/09/15,2019/09/16,4,"8,8",7
Ad Hoc Carmen,1173270,NA,Valencia,1,1,€ 93,2019/09/15,2019/09/16,2,"8,9",7
Biopark View Apartment,2381901,Apartamento,Valencia,1,1,€ 94,2019/09/15,2019/09/16,0,"8,9",7
Valenciaflats Centro Histórico,94781,Apartamentos,Valencia,1,1,€ 99,2019/09/15,2019/09/16,0,"8,7",7
Pensión Universal,304276,NA,Valencia,1,1,€ 38,2019/09/15,2019/09/16,0,"7,9",7
Habitación Céntrica en Casa de Familia,4289877,NA,Valencia,1,1,€ 40,2019/09/15,2019/09/16,0,"7,8",7
Apartment Cabanyal,3172456,Apartamento,Valencia,1,1,NA,2019/09/15,2019/09/16,0,"9,7",7
Hostal Moratin,326015,NA,Valencia,1,1,€ 42,2019/09/15,2019/09/16,1,"7,9",7
Hotel Beleret,94652,NA,Valencia,1,1,€ 45,2019/09/15,2019/09/16,3,"7,6",7
Casual Civilizaciones Valencia,449777,NA,Valencia,1,1,€ 46,2019/09/15,2019/09/16,0,"7,9",7
Voyagers Inn Homestay,2682156,NA,Valencia,1,1,€ 48,2019/09/15,2019/09/16,0,"7,8",7
Valencia Lounge Hostel,337203,NA,Valencia,1,1,€ 52,2019/09/15,2019/09/16,0,"7,8",7
Ilunion Valencia 3,92818,NA,Valencia,1,1,€ 53,2019/09/15,2019/09/16,3,"7,9",7
Barracart Apartments,2125836,Apartamentos,Valencia,1,1,NA,2019/09/15,2019/09/16,0,"9,6",7
Hospederia del Pilar,327766,NA,Valencia,1,1,€ 54,2019/09/15,2019/09/16,0,"7,9",7
B&B Hotel Valencia Ciudad de las Ciencias,92242,NA,Valencia,1,1,€ 56,2019/09/15,2019/09/16,3,"7,5",7
Centro & Viaje,4215175,NA,Valencia,1,1,€ 58,2019/09/15,2019/09/16,0,"7,6",7
OYO Pensión El Rincón,476031,NA,Valencia,1,1,€ 59,2019/09/15,2019/09/16,1,"7,6",7
Apartamentos Abastos,1044426,Apartamentos,Valencia,1,1,€ 60,2019/09/15,2019/09/16,0,"7,5",7
Habitacion por dias Centro Valencia,3977106,NA,Valencia,1,1,€ 64,2019/09/15,2019/09/16,0,"7,9",7
Casa La Buhardilla,2985364,Apartamento,Valencia,1,1,NA,2019/09/15,2019/09/16,0,"9,6",7
Hotel Turia,14441,NA,Valencia,1,1,€ 69,2019/09/15,2019/09/16,4,"7,5",7
Checkin Valencia,93743,NA,Valencia,1,1,€ 71,2019/09/15,2019/09/16,4,"7,8",7
Expo Hotel Valencia,91223,NA,Valencia,1,1,€ 75,2019/09/15,2019/09/16,3,"7,6",7
Jero Rooms,296743,NA,Valencia,1,1,€ 77,2019/09/15,2019/09/16,0,"7,7",7
SHF Plaza de la Reina,1682520,Apartamentos,Valencia,1,1,€ 79,2019/09/15,2019/09/16,0,"7,7",7
City Center Apartments,4426057,Apartamentos,Valencia,1,1,€ 81,2019/09/15,2019/09/16,0,"7,8",7
ApartUP Patacona Deluxe,2565246,Apartamento,Valencia,1,1,NA,2019/09/15,2019/09/16,0,"9,6",7
SEA YOU HOTEL PORT VALENCIA,92328,NA,Valencia,1,1,€ 83,2019/09/15,2019/09/16,4,"7,7",7
MyHomestay,2921259,NA,Valencia,1,1,€ 85,2019/09/15,2019/09/16,0,"7,6",7
Apartment Florista,2150187,Apartamento,Valencia,1,1,€ 85,2019/09/15,2019/09/16,0,"7,9",7
Suites by Eric Olsan (L),4287413,Apartamentos,Valencia,1,1,€ 89,2019/09/15,2019/09/16,0,"7,6",7
Apartamento Alguer,4005334,Apartamento,Valencia,1,1,€ 90,2019/09/15,2019/09/16,0,"7,6",7
Apartamento Angel Alcazar 35,2174625,Apartamento,Valencia,1,1,€ 90,2019/09/15,2019/09/16,0,"7,5",7
Charming Ninetta,3220582,Apartamento,Valencia,1,1,NA,2019/09/15,2019/09/16,0,"9,5",7
El 16 Ruzafa,865461,Apartamentos,Valencia,1,1,€ 94,2019/09/15,2019/09/16,0,"7,7",7
Torres Quart,3702234,Apartamentos,Valencia,1,1,€ 96,2019/09/15,2019/09/16,0,"7,6",7
Oceanográfico Apartments & Spa,324918,Apartamentos,Valencia,1,1,€ 104,2019/09/15,2019/09/16,0,"7,6",7
Art of Dance Apartment Valencia,3732969,Apartamento,Valencia,1,1,€ 105,2019/09/15,2019/09/16,0,"7,7",7
El Globo,24498,NA,Valencia,1,1,€ 118,2019/09/15,2019/09/16,1,"7,8",7
Malvarosa Beach Vistas al mar,2335701,Apartamento,Valencia,1,1,€ 120,2019/09/15,2019/09/16,0,"7,8",7
So de Mar,2204496,Apartamento,Valencia,1,1,NA,2019/09/15,2019/09/16,0,"9,6",7
STYLISH APARTMENT - CITY CENTER,2861517,Apartamento,Valencia,1,1,€ 120,2019/09/15,2019/09/16,0,"7,8",7
Old Town Flats Casa Burguerini,4552106,Apartamentos,Valencia,1,1,€ 136,2019/09/15,2019/09/16,0,"7,7",7
Kirei Apartment Calgary,4768322,Apartamento,Valencia,1,1,€ 137,2019/09/15,2019/09/16,0,"7,6",7
Loft el Carmen amazing views,4932621,Apartamento,Valencia,1,1,€ 182,2019/09/15,2019/09/16,0,"7,9",7
MD Art Apartment Ruzafa,2550955,Apartamento,Valencia,1,1,€ 280,2019/09/15,2019/09/16,0,"7,6",7
MD Oliag I Apartment Ruzafa,2867488,Apartamento,Valencia,1,1,€ 373,2019/09/15,2019/09/16,0,"7,7",7
Casual de la Música Valencia,273130,NA,Valencia,1,1,€ 486,2019/09/15,2019/09/16,2,"7,5",7
feliz como en casa,3676196,NA,Valencia,1,1,€ 36,2019/09/15,2019/09/16,0,"7,1",7
Hostal Waksman,281139,NA,Valencia,1,1,€ 38,2019/09/15,2019/09/16,1,"7,3",7
Style Apartments Puerto,1558265,Apartamentos,Valencia,1,1,€ 72,2019/09/15,2019/09/16,0,"8,1",7
NH Valencia Las Ciencias,90725,NA,Valencia,1,1,€ 72,2019/09/15,2019/09/16,3,8,7
Ayuntamiento Panoramic,3089239,Apartamento,Valencia,1,1,NA,2019/09/15,2019/09/16,0,"9,5",7
Hostal Residencial RR,450746,NA,Valencia,1,1,€ 40,2019/09/15,2019/09/16,0,7,7
HOSPEDAJE PESET,4718074,NA,Valencia,1,1,€ 40,2019/09/15,2019/09/16,0,"7,2",7
Centro Valencia Calle Cerrajeros,3476261,NA,Valencia,1,1,€ 50,2019/09/15,2019/09/16,0,"7,1",7
City Suites Apartments,3091106,NA,Valencia,1,1,€ 74,2019/09/15,2019/09/16,0,"8,4",7
Eurostars Gran Valencia,90484,NA,Valencia,1,1,€ 75,2019/09/15,2019/09/16,4,"8,4",7
Residencia Universitaria Damia Bonet,247451,NA,Valencia,1,1,€ 75,2019/09/15,2019/09/16,0,"8,3",7
HOSTAL BED OF THE SEA,3974636,NA,Valencia,1,1,€ 51,2019/09/15,2019/09/16,0,"7,1",7
Sampedor Apartment,435662,Apartamentos,Valencia,1,1,€ 55,2019/09/15,2019/09/16,0,7,7
NH Ciudad de Valencia,90729,NA,Valencia,1,1,€ 76,2019/09/15,2019/09/16,3,"8,1",7
Senator Parque Central Hotel,274963,NA,Valencia,1,1,€ 77,2019/09/15,2019/09/16,4,"8,1",7
B&B El Mercat,2203530,NA,Valencia,1,1,€ 55,2019/09/15,2019/09/16,0,"7,3",7
Avenida del Cid (Centrico),4737683,Apartamento,Valencia,1,1,€ 55,2019/09/15,2019/09/16,0,7,7
central station valencia,2414838,Apartamentos,Valencia,1,1,€ 59,2019/09/15,2019/09/16,0,7,7
Cosy Rooms Bolsería,371606,NA,Valencia,1,1,€ 61,2019/09/15,2019/09/16,2,"7,4",7
Living Valencia - Catedral,2338234,Apartamentos,Valencia,1,1,€ 79,2019/09/15,2019/09/16,0,8,7
Apartment Cisneros 2,2361375,Apartamento,Valencia,1,1,NA,2019/09/15,2019/09/16,0,"9,7",7
Sweet Hotel Continental,93856,NA,Valencia,1,1,€ 79,2019/09/15,2019/09/16,2,"8,3",7
Atico Ciutat Vella,3446230,Apartamentos,Valencia,1,1,€ 80,2019/09/15,2019/09/16,0,"8,4",7
Eurostars Rey Don Jaime,91520,NA,Valencia,1,1,€ 80,2019/09/15,2019/09/16,4,"8,2",7
Hotel Medium Valencia,96838,NA,Valencia,1,1,€ 81,2019/09/15,2019/09/16,4,"8,2",7
Hotel Valencia Center,91285,NA,Valencia,1,1,€ 84,2019/09/15,2019/09/16,4,"8,4",7
Dreams Rental Plaza Redonda,1665625,Apartamentos,Valencia,1,1,€ 85,2019/09/15,2019/09/16,0,"8,2",7
Apartamento Forn dels Apòstols,3122008,Apartamento,Valencia,1,1,NA,2019/09/15,2019/09/16,0,"9,6",7
NH Valencia Las Artes,90731,NA,Valencia,1,1,€ 85,2019/09/15,2019/09/16,4,"8,4",7
Down Town,1656378,Apartamentos,Valencia,1,1,€ 86,2019/09/15,2019/09/16,0,"8,3",7
Holiday Inn Express Ciudad de las Ciencias,96737,NA,Valencia,1,1,€ 89,2019/09/15,2019/09/16,3,8,7
APARTAMENTO LAS MELLIZAS,4651578,NA,Valencia,1,1,€ 45,2019/09/15,2019/09/16,0,"8,4",7
Sol Playa,12656,NA,Valencia,1,1,€ 90,2019/09/15,2019/09/16,2,"8,3",7
Reina 12,1684198,NA,Valencia,1,1,€ 90,2019/09/15,2019/09/16,0,"8,2",7
City Center Atico 360,3025679,Apartamento,Valencia,1,1,NA,2019/09/15,2019/09/16,0,"9,5",7
Center Apartments,4152091,Apartamentos,Valencia,1,1,€ 92,2019/09/15,2019/09/16,0,8,7
NH Valencia Center,90727,NA,Valencia,1,1,€ 94,2019/09/15,2019/09/16,4,"8,3",7
Apartment near City of Arts,2242431,Apartamentos,Valencia,1,1,€ 95,2019/09/15,2019/09/16,0,"8,2",7
Living Valencia -Correos,3062274,Apartamentos,Valencia,1,1,€ 95,2019/09/15,2019/09/16,0,"8,3",7
Primus Valencia,331871,NA,Valencia,1,1,€ 96,2019/09/15,2019/09/16,4,"8,3",7
Casual de las Artes Valencia,538056,NA,Valencia,1,1,€ 104,2019/09/15,2019/09/16,3,"8,4",7
CÓMODAS HABITACIONES CERCA DE LA PLAYA,5041799,NA,Valencia,1,1,NA,2019/09/15,2019/09/16,0,"9,5",7
NWT Central Station Apartments,3964093,Apartamento,Valencia,1,1,€ 104,2019/09/15,2019/09/16,0,"8,2",7
Valenciaflats Torres de Serrano,17468,Apartamentos,Valencia,1,1,€ 105,2019/09/15,2019/09/16,0,"8,3",7
Nanit Valencia Hostel,3913497,NA,Valencia,1,1,€ 109,2019/09/15,2019/09/16,0,"8,3",7
Hotel Miramar,23332,NA,Valencia,1,1,€ 110,2019/09/15,2019/09/16,2,"8,4",7
Flatsforyou Las Arcadias,473415,Apartamentos,Valencia,1,1,€ 112,2019/09/15,2019/09/16,0,"8,4",7
Friendly Rentals Puerto Deportivo,2317861,Apartamentos,Valencia,1,1,€ 115,2019/09/15,2019/09/16,0,"8,1",7
Preciosa Casita Cerca Del Mar,4057271,Apartamento,Valencia,1,1,NA,2019/09/15,2019/09/16,0,"9,7",7
MD Modern Hotel - Jardines,305447,NA,Valencia,1,1,€ 118,2019/09/15,2019/09/16,1,"8,2",7
Flatsforyou Petit Bonaire,455152,Apartamentos,Valencia,1,1,€ 120,2019/09/15,2019/09/16,0,"8,3",7
Zerka Centro,4425975,Apartamentos,Valencia,1,1,€ 129,2019/09/15,2019/09/16,0,"8,3",7
Malvarrosa Calle Pavia,3608764,Casa o chalet,Valencia,1,1,€ 140,2019/09/15,2019/09/16,0,"8,1",7
Friendly Rentals Verdi,1634232,Apartamento,Valencia,1,1,€ 140,2019/09/15,2019/09/16,0,"8,2",7
Friendly Rentals Gimenez,1634242,Apartamento,Valencia,1,1,€ 145,2019/09/15,2019/09/16,0,"8,3",7
San Andrey,2556080,Apartamento,Valencia,1,1,€ 146,2019/09/15,2019/09/16,0,"8,4",7
Penthouse at City Center,2592975,Apartamento,Valencia,1,1,€ 148,2019/09/15,2019/09/16,0,"8,4",7
Apartamento Obispo don Jerónimo,2079020,Apartamento,Valencia,1,1,€ 149,2019/09/15,2019/09/16,0,"8,2",7
El Coso,14580,NA,Valencia,1,1,€ 150,2019/09/15,2019/09/16,3,"8,2",7
Hotel Conqueridor,91047,NA,Valencia,1,1,€ 180,2019/09/15,2019/09/16,4,"8,4",7
Friendly Rentals Evans,1634220,Apartamentos,Valencia,1,1,€ 180,2019/09/15,2019/09/16,0,"8,4",7
MD Benlliure Beach.,1957258,Apartamento,Valencia,1,1,€ 275,2019/09/15,2019/09/16,0,8,7
Musico Peydro Apartments,3765069,Apartamentos,Valencia,1,1,€ 285,2019/09/15,2019/09/16,0,8,7
MD Sueca. Apartment with Terrace Ruzafa,2551179,Apartamento,Valencia,1,1,€ 373,2019/09/15,2019/09/16,0,"8,2",7
MD Vila Barbera Apartment Center,1957253,Apartamento,Valencia,1,1,€ 388,2019/09/15,2019/09/16,0,"8,3",7
Habitacion Doble Homestay,4037073,NA,Valencia,1,1,€ 36,2019/09/15,2019/09/16,0,"7,9",7
UP Hostel Valencia,1710137,NA,Valencia,1,1,€ 37,2019/09/15,2019/09/16,0,"7,8",7
