name,propertyId,propertyType,city,rooms,days,price,checkIn,checkOut,stars,score,advance
"Flat ""Ca Alexandre""",3687859,Apartamento,Valencia,1,1,€ 240,2019/11/12,2019/11/13,0,,60
Apartamento con terraza,5238122,Apartahotel,Valencia,1,1,€ 240,2019/11/12,2019/11/13,0,,60
Travel Habitat Teatro Principal,1719003,Apartamentos,Valencia,1,1,NA,2019/11/12,2019/11/13,0,"8,8",60
Apartment Carrer Ernesto Che Guevara,5598848,Apartamento,Valencia,1,1,€ 270,2019/11/12,2019/11/13,0,,60
Apartment Carrer de Don Juan de Austria,5464038,Apartamentos,Valencia,1,1,€ 275,2019/11/12,2019/11/13,0,,60
Governor Residence,3799760,Apartahotel,Valencia,1,1,€ 600,2019/11/12,2019/11/13,0,,60
SH Valencia Palace,91497,NA,Valencia,1,1,€ 120,2019/11/12,2019/11/13,5,"8,5",60
Friendly Rentals Casals,1769176,Apartamento,Valencia,1,1,€ 120,2019/11/12,2019/11/13,0,"8,7",60
Apartamentos Turia,355328,Apartamentos,Valencia,1,1,NA,2019/11/12,2019/11/13,0,"8,7",60
Friendly Rentals Brade,1918694,Apartamento,Valencia,1,1,€ 120,2019/11/12,2019/11/13,0,"8,8",60
Apartamentos Valencia - Brazil 31 Free WiFi,4948554,Apartamento,Valencia,1,1,€ 125,2019/11/12,2019/11/13,0,"8,8",60
Friendly Rentals Soler,1634237,Apartamento,Valencia,1,1,€ 130,2019/11/12,2019/11/13,0,"8,6",60
Friendly Rentals Strauss,1634236,Apartamento,Valencia,1,1,€ 130,2019/11/12,2019/11/13,0,"8,8",60
Friendly Rentals Verdi 2,2523881,Apartamento,Valencia,1,1,€ 130,2019/11/12,2019/11/13,0,"8,8",60
Friendly Rentals Gala,1634252,Apartamento,Valencia,1,1,€ 135,2019/11/12,2019/11/13,0,"8,7",60
SingularStays Guillem de Castro,1182220,Apartamento,Valencia,1,1,NA,2019/11/12,2019/11/13,0,"8,5",60
Hospes Palau de La Mar,93823,NA,Valencia,1,1,€ 136,2019/11/12,2019/11/13,5,"8,8",60
Apartamento Casa con Angel,1079935,Apartamentos,Valencia,1,1,€ 137,2019/11/12,2019/11/13,0,"8,8",60
Vincci Palace,94163,NA,Valencia,1,1,€ 141,2019/11/12,2019/11/13,4,"8,6",60
Vincci Lys,91183,NA,Valencia,1,1,€ 145,2019/11/12,2019/11/13,4,"8,9",60
FREE WI-FI. Apartamentos 90 м2 - Assutzena 5,4828764,Apartamento,Valencia,1,1,€ 146,2019/11/12,2019/11/13,0,"8,7",60
Stylish newly renovated in great location /WIFI,3661070,Apartamento,Valencia,1,1,€ 149,2019/11/12,2019/11/13,0,"8,6",60
La Roqueta,2652492,Apartamento,Valencia,1,1,NA,2019/11/12,2019/11/13,0,"8,7",60
Apartamento LUXURY CENTRO HISTORICO,3664772,Apartamento,Valencia,1,1,€ 149,2019/11/12,2019/11/13,0,"8,7",60
ValentiaApartments - MercadoCentral,4185241,Apartamentos,Valencia,1,1,€ 150,2019/11/12,2019/11/13,0,"8,8",60
Apartamento Sofia,2552406,Apartamento,Valencia,1,1,€ 150,2019/11/12,2019/11/13,0,"8,6",60
Friendly Rentals Ferrero,2314984,Apartamento,Valencia,1,1,€ 150,2019/11/12,2019/11/13,0,"8,8",60
Friendly Rentals Rey,1634248,Apartamento,Valencia,1,1,€ 155,2019/11/12,2019/11/13,0,"8,9",60
Cathedral Suites Hotel,1736257,Apartahotel,Valencia,1,1,€ 159,2019/11/12,2019/11/13,4,"8,9",60
Santos A,4238287,Apartamento,Valencia,1,1,NA,2019/11/12,2019/11/13,0,"8,8",60
AC Hotel Colon Valencia- a Marriott Lifestyle Hotel,1117150,NA,Valencia,1,1,€ 160,2019/11/12,2019/11/13,4,"8,7",60
Puerta de Serranos,2734333,Apartamentos,Valencia,1,1,€ 161,2019/11/12,2019/11/13,0,"8,8",60
Friendly Rentals Vives 2,2523871,Apartamento,Valencia,1,1,€ 165,2019/11/12,2019/11/13,0,"8,6",60
The Westin Valencia,93321,NA,Valencia,1,1,€ 173,2019/11/12,2019/11/13,5,"8,7",60
Carlos & Ana,2079019,Apartamento,Valencia,1,1,€ 195,2019/11/12,2019/11/13,0,"8,9",60
Friendly Rentals Desplat,4120221,Apartamento,Valencia,1,1,€ 140,2019/11/12,2019/11/13,0,"8,3",60
Friendly Rentals Verdi,1634232,Apartamento,Valencia,1,1,€ 140,2019/11/12,2019/11/13,0,"8,2",60
Flats Friends Tetuan,621683,Apartamentos,Valencia,1,1,NA,2019/11/12,2019/11/13,0,"8,4",60
Friendly rentals Enesco Beach,2526514,Apartamento,Valencia,1,1,€ 150,2019/11/12,2019/11/13,0,8,60
Friendly Rentals Evans,1634220,Apartamentos,Valencia,1,1,€ 150,2019/11/12,2019/11/13,0,"8,4",60
Friendly Rentals Telemann,1634241,Apartamento,Valencia,1,1,€ 150,2019/11/12,2019/11/13,0,"8,1",60
Casa los Peces,3234194,Apartamento,Valencia,1,1,€ 154,2019/11/12,2019/11/13,0,"8,3",60
Loft el Carmen amazing views,4932621,Apartamento,Valencia,1,1,€ 172,2019/11/12,2019/11/13,0,"8,1",60
Vlc Apartaments el Carmen,389902,Apartamentos,Valencia,1,1,€ 214,2019/11/12,2019/11/13,0,"8,2",60
Habitación con cama doble,4794909,NA,Valencia,1,1,€ 36,2019/11/12,2019/11/13,0,"6,7",60
Ruzafa Rooms,2891693,NA,Valencia,1,1,€ 45,2019/11/12,2019/11/13,0,"6,9",60
Living Valencia Ayuntamiento,1831537,Apartamentos,Valencia,1,1,NA,2019/11/12,2019/11/13,0,"7,9",60
Marina Silence,2065570,Apartamento,Valencia,1,1,NA,2019/11/12,2019/11/13,0,"8,3",60
Musico Peydro Apartments,3765069,Apartamentos,Valencia,1,1,€ 271,2019/11/12,2019/11/13,0,8,60
MD Benlliure Beach.,1957258,Apartamento,Valencia,1,1,€ 271,2019/11/12,2019/11/13,0,8,60
Malvarrosa Calle Pavia,3608764,Casa o chalet,Valencia,1,1,€ 271,2019/11/12,2019/11/13,0,"8,1",60
NWT Central Station Apartments,3964093,Apartamento,Valencia,1,1,€ 300,2019/11/12,2019/11/13,0,"8,2",60
PISO ACOGEDOR,4995780,NA,Valencia,1,1,€ 50,2019/11/12,2019/11/13,0,"6,9",60
Guest House Lebon,3124256,NA,Valencia,1,1,€ 60,2019/11/12,2019/11/13,0,"6,9",60
Geography and Arts.,3569110,NA,Valencia,1,1,€ 60,2019/11/12,2019/11/13,0,"6,9",60
Kirei Apartment Na Jordana,1702092,Apartamentos,Valencia,1,1,€ 101,2019/11/12,2019/11/13,0,"6,9",60
MD Vila Barbera Apartment Center,1957253,Apartamento,Valencia,1,1,€ 330,2019/11/12,2019/11/13,0,"8,3",60
UP Hostel Valencia,1710137,NA,Valencia,1,1,€ 24,2019/11/12,2019/11/13,0,"7,8",60
Living Valencia - Blanquerías,2860821,Apartamentos,Valencia,1,1,NA,2019/11/12,2019/11/13,0,"8,4",60
Pensión Universal,304276,NA,Valencia,1,1,€ 26,2019/11/12,2019/11/13,0,"7,9",60
Casita Esmeralda,2040126,Casa o chalet,Valencia,1,1,€ 114,2019/11/12,2019/11/13,0,"6,5",60
MD Villalonga Malvarosa Beach,3739661,Apartamento,Valencia,1,1,€ 430,2019/11/12,2019/11/13,0,"6,8",60
La Casa Del Colibri Youth Hostel,2094497,NA,Valencia,1,1,NA,2019/11/12,2019/11/13,0,"7,9",60
Fun and Sun Center 2,2944416,NA,Valencia,1,1,€ 36,2019/11/12,2019/11/13,0,"6,1",60
Guest House Higinio Noja,2845935,NA,Valencia,1,1,€ 60,2019/11/12,2019/11/13,0,6,60
Carrer del Bisbe Jaume Pérez,4900140,NA,Valencia,1,1,€ 60,2019/11/12,2019/11/13,0,6,60
Kirei Apartment Denver,4585191,Apartamento,Valencia,1,1,€ 137,2019/11/12,2019/11/13,0,"6,3",60
Kirei Apartment San Agustin,1712323,Apartamentos,Valencia,1,1,€ 137,2019/11/12,2019/11/13,0,6,60
Oliver,4865093,NA,Valencia,1,1,€ 25,2019/11/12,2019/11/13,0,"5,8",60
Like Apartments Negrito,403555,Apartamentos,Valencia,1,1,NA,2019/11/12,2019/11/13,0,"7,9",60
RoomTuristValencia - Ruzafa,4608394,NA,Valencia,1,1,€ 26,2019/11/12,2019/11/13,0,"5,6",60
Habitación San Cayetano,4624401,NA,Valencia,1,1,€ 30,2019/11/12,2019/11/13,0,"7,7",60
Hostal Moratin,326015,NA,Valencia,1,1,€ 30,2019/11/12,2019/11/13,1,"7,9",60
Ruzafa Guesthouse,2269176,NA,Valencia,1,1,€ 30,2019/11/12,2019/11/13,0,"5,6",60
Gon & Diego House,4899561,NA,Valencia,1,1,€ 40,2019/11/12,2019/11/13,0,"5,6",60
Kirei Apartment Berlin,4504570,Apartamentos,Valencia,1,1,€ 106,2019/11/12,2019/11/13,0,"5,5",60
Kirei Apartment Portland,4276529,Apartamentos,Valencia,1,1,€ 200,2019/11/12,2019/11/13,0,"5,9",60
Habitaciones Barra89,1076252,NA,Valencia,1,1,€ 31,2019/11/12,2019/11/13,0,"7,8",60
Apart and Benef,2291245,NA,Valencia,1,1,€ 34,2019/11/12,2019/11/13,0,"7,8",60
Hostal On Dormire Valencia,432305,NA,Valencia,1,1,€ 35,2019/11/12,2019/11/13,0,"7,8",60
Guest House Torres de Quart,2275006,NA,Valencia,1,1,€ 30,2019/11/12,2019/11/13,0,"5,4",60
Like Apartments XL,558122,Apartamentos,Valencia,1,1,NA,2019/11/12,2019/11/13,0,"7,6",60
RoomTuristValencia Torres de Quart,4565643,NA,Valencia,1,1,€ 25,2019/11/12,2019/11/13,0,"4,5",60
Quart Silence,2024765,Apartamentos,Valencia,1,1,NA,2019/11/12,2019/11/13,0,8,60
Habitación Céntrica en Casa de Familia,4289877,NA,Valencia,1,1,€ 35,2019/11/12,2019/11/13,0,"7,8",60
OYO Pensión El Rincón,476031,NA,Valencia,1,1,€ 36,2019/11/12,2019/11/13,1,"7,6",60
Guest House Duc de Gaeta,2275007,NA,Valencia,1,1,€ 28,2019/11/12,2019/11/13,0,"4,9",60
RoomTuristValencia RuzafaSumsi,4682802,NA,Valencia,1,1,€ 35,2019/11/12,2019/11/13,0,"4,6",60
Port of Valencia,3805735,Apartamento,Valencia,1,1,€ 79,2019/11/12,2019/11/13,0,"4,9",60
Malvarosa,3820590,Apartamento,Valencia,1,1,€ 190,2019/11/12,2019/11/13,0,"4,1",60
Valencia Lounge Hostel,337203,NA,Valencia,1,1,€ 40,2019/11/12,2019/11/13,0,"7,8",60
Adrian's House,2271869,NA,Valencia,1,1,€ 40,2019/11/12,2019/11/13,0,"7,8",60
Voyagers Inn Homestay,2682156,NA,Valencia,1,1,€ 43,2019/11/12,2019/11/13,0,"7,8",60
ARENAS 2 APARTAMENT,2808815,Apartamento,Valencia,1,1,€ 150,2019/11/12,2019/11/13,0,"9,1",60
Sweet Caroline Apartment,1811784,Apartamento,Valencia,1,1,€ 150,2019/11/12,2019/11/13,0,"9,2",60
Center City Flats,861452,Apartamentos,Valencia,1,1,NA,2019/11/12,2019/11/13,0,"9,1",60
Duplex en Blasco Ibáñez,3672426,Apartamento,Valencia,1,1,€ 155,2019/11/12,2019/11/13,0,"9,1",60
Las Arenas Balneario Resort,91144,NA,Valencia,1,1,€ 162,2019/11/12,2019/11/13,5,9,60
Arena's Apartament,2156905,Apartamento,Valencia,1,1,€ 170,2019/11/12,2019/11/13,0,"9,1",60
Jardines del Turia - Espacioso apartamento,2734126,Apartamento,Valencia,1,1,€ 170,2019/11/12,2019/11/13,0,"9,1",60
Zerka Sendra,4657122,Apartamento,Valencia,1,1,€ 179,2019/11/12,2019/11/13,0,9,60
Caro Hotel,348132,NA,Valencia,1,1,€ 189,2019/11/12,2019/11/13,5,"9,2",60
The Flow House,4762375,Apartamentos,Valencia,1,1,NA,2019/11/12,2019/11/13,0,"9,2",60
Loft Superior el Carmen,2784473,Apartamento,Valencia,1,1,€ 209,2019/11/12,2019/11/13,0,"9,2",60
Ca Carmela,2466364,Casa o chalet,Valencia,1,1,€ 225,2019/11/12,2019/11/13,0,"9,1",60
Old Fisherman's House in Malvarrosa Beach,3618172,Apartamento,Valencia,1,1,€ 360,2019/11/12,2019/11/13,0,"9,4",60
The River Hostel,494202,NA,Valencia,1,1,€ 22,2019/11/12,2019/11/13,0,"8,5",60
Pensión Alicante,298710,NA,Valencia,1,1,€ 33,2019/11/12,2019/11/13,0,"8,5",60
UNIK. Apartments Valencia,2241282,Apartamentos,Valencia,1,1,€ 42,2019/11/12,2019/11/13,0,"8,5",60
MD Julio Antonio Apartment Center,3961049,Apartamento,Valencia,1,1,NA,2019/11/12,2019/11/13,0,"9,3",60
B&B Almirante,369695,NA,Valencia,1,1,€ 43,2019/11/12,2019/11/13,1,"8,8",60
Russafa Youth Hostel,345134,NA,Valencia,1,1,€ 44,2019/11/12,2019/11/13,0,"8,6",60
Hulot B&B Valencia,585429,NA,Valencia,1,1,€ 47,2019/11/12,2019/11/13,0,"8,5",60
Palacios Rooms,2773548,NA,Valencia,1,1,€ 47,2019/11/12,2019/11/13,0,"8,6",60
Apartamentos Plaza Picasso,97063,Apartamentos,Valencia,1,1,€ 48,2019/11/12,2019/11/13,0,"8,5",60
Zalamera BnB,1331238,NA,Valencia,1,1,€ 49,2019/11/12,2019/11/13,0,"8,7",60
Hogar Vera Apartments&Bikes,1807919,Apartamentos,Valencia,1,1,NA,2019/11/12,2019/11/13,0,"9,4",60
Pio XII Apartments Valencia,402080,Apartamentos,Valencia,1,1,€ 51,2019/11/12,2019/11/13,0,"8,5",60
B&B Hi Valencia Boutique,1301725,NA,Valencia,1,1,€ 51,2019/11/12,2019/11/13,0,"8,8",60
Home Youth Hostel by Feetup Hostels,189322,NA,Valencia,1,1,€ 52,2019/11/12,2019/11/13,0,"8,8",60
Balcón Al Mar,295109,NA,Valencia,1,1,€ 53,2019/11/12,2019/11/13,0,"8,5",60
Turia Town,4064373,Apartamentos,Valencia,1,1,€ 53,2019/11/12,2019/11/13,0,"8,8",60
BUBUSUITES by Bubuflats,2389776,NA,Valencia,1,1,€ 80,2019/11/12,2019/11/13,0,"9,3",60
Hotel Valencia Alameda,4019381,NA,Valencia,1,1,€ 84,2019/11/12,2019/11/13,4,"9,3",60
Apartamento Bolseria 28,881275,Apartamentos,Valencia,1,1,NA,2019/11/12,2019/11/13,0,"9,5",60
Una Ubicacion Perfecta,3114164,Apartamentos,Valencia,1,1,€ 85,2019/11/12,2019/11/13,0,"9,1",60
Bubuflats Bubu 5,1283519,Apartamento,Valencia,1,1,€ 85,2019/11/12,2019/11/13,0,"9,1",60
Mon Suites San Nicolas,4117225,Apartamentos,Valencia,1,1,€ 87,2019/11/12,2019/11/13,0,"9,2",60
Valenciaflats Ciudad de las Ciencias,93676,Apartamentos,Valencia,1,1,€ 87,2019/11/12,2019/11/13,0,"9,1",60
Apartamento cerca de la Playa y el Centro,2620264,Apartamento,Valencia,1,1,€ 88,2019/11/12,2019/11/13,0,9,60
Magnífico Adosado- cerca de Valencia ciudad- en zona de montaña y playa fluvial,5354233,Casa o chalet,Valencia,1,1,€ 90,2019/11/12,2019/11/13,0,"9,1",60
Cómoda habitación Valencia,4200488,NA,Valencia,1,1,NA,2019/11/12,2019/11/13,0,"9,5",60
Turia Burjassot 12,3237353,Apartamento,Valencia,1,1,€ 90,2019/11/12,2019/11/13,0,9,60
Dolz Garden Ruzafa,1123993,Apartamentos,Valencia,1,1,€ 90,2019/11/12,2019/11/13,0,"9,1",60
Olvida tu Reloj Montichelvo Apartment,3258095,Apartamento,Valencia,1,1,€ 91,2019/11/12,2019/11/13,0,"9,4",60
Olvida tu Reloj Congresos Apartment,2448036,Apartamento,Valencia,1,1,€ 91,2019/11/12,2019/11/13,0,"9,2",60
One Shot Mercat 09,2274203,NA,Valencia,1,1,€ 93,2019/11/12,2019/11/13,4,"9,1",60
Mon Suites Catedral,485679,Apartamentos,Valencia,1,1,€ 94,2019/11/12,2019/11/13,0,"9,2",60
Ático Valencia Centro,4358939,Apartamento,Valencia,1,1,NA,2019/11/12,2019/11/13,0,"9,9",60
Calle de Frederica Montseny 'Política' Casa o chalet,5152866,Casa o chalet,Valencia,1,1,€ 95,2019/11/12,2019/11/13,0,"9,4",60
RUZAFA. Nice apartment and Terrace.,4368595,Apartamento,Valencia,1,1,€ 95,2019/11/12,2019/11/13,0,"9,3",60
Sorolla Centro,90896,NA,Valencia,1,1,€ 99,2019/11/12,2019/11/13,3,"9,1",60
Hi Valencia Apartments - Jorge Juan,2373701,Apartamento,Valencia,1,1,€ 100,2019/11/12,2019/11/13,0,"9,4",60
Piso como en tu casa 2,3834617,Apartamentos,Valencia,1,1,€ 101,2019/11/12,2019/11/13,0,"9,1",60
Apartamentos La más Bonita,2816245,Apartamentos,Valencia,1,1,€ 104,2019/11/12,2019/11/13,0,"9,1",60
L'Esplai Valencia Bed & Breakfast,1282556,NA,Valencia,1,1,NA,2019/11/12,2019/11/13,0,"9,6",60
Palacio de Rojas,1073276,Apartamentos,Valencia,1,1,€ 105,2019/11/12,2019/11/13,0,"9,3",60
Forn desamparats,2380447,Apartamento,Valencia,1,1,€ 105,2019/11/12,2019/11/13,0,"9,4",60
HQ Rooms Apartments San Vicente,2894429,Apartamentos,Valencia,1,1,€ 105,2019/11/12,2019/11/13,0,"9,2",60
5 SENSES,3786890,Apartamento,Valencia,1,1,€ 107,2019/11/12,2019/11/13,0,"9,1",60
Center Valencia,2944722,Casa o chalet,Valencia,1,1,€ 108,2019/11/12,2019/11/13,0,"9,3",60
OCEANOGRAFIC APARTMENT. PARKING. WI-FI,3107716,Apartamentos,Valencia,1,1,€ 110,2019/11/12,2019/11/13,0,9,60
Piso en La Ciudad de Artes,3832790,Apartamento,Valencia,1,1,NA,2019/11/12,2019/11/13,0,"9,6",60
"Piso ""Como en tu casa""",2689136,Apartamento,Valencia,1,1,€ 110,2019/11/12,2019/11/13,0,"9,2",60
Mon Suites San Martin,2777545,Apartamentos,Valencia,1,1,€ 112,2019/11/12,2019/11/13,0,"9,4",60
MYR Hotel Plaza Mercado & Spa,1619029,Apartahotel,Valencia,1,1,€ 114,2019/11/12,2019/11/13,0,"9,2",60
COZY APARTMENT VALENCIA CITY CENTER!,4886758,Apartamento,Valencia,1,1,€ 115,2019/11/12,2019/11/13,0,"9,2",60
Welcome Apartamentos Pintor Stolz 31 Valencia,5019066,Apartamento,Valencia,1,1,€ 115,2019/11/12,2019/11/13,0,"9,3",60
Apartment on Carrer del Dr. Lluch,2008997,Apartamento,Valencia,1,1,€ 120,2019/11/12,2019/11/13,0,"9,1",60
Casa Vich,4457634,Apartamento,Valencia,1,1,NA,2019/11/12,2019/11/13,0,"9,6",60
Valencia-Ruzafa Studio,3235983,Apartamento,Valencia,1,1,€ 120,2019/11/12,2019/11/13,0,"9,1",60
Apartment close to park Marchalenes,4418670,Apartamento,Valencia,1,1,€ 120,2019/11/12,2019/11/13,0,"9,1",60
MD Design Hotel - Portal del Real,2391685,NA,Valencia,1,1,€ 122,2019/11/12,2019/11/13,2,"9,1",60
Live in Chianti Apartaments,2882632,Apartamentos,Valencia,1,1,€ 128,2019/11/12,2019/11/13,0,9,60
Apartamento centro frente a Torres de Serrano,3408067,Apartamento,Valencia,1,1,€ 130,2019/11/12,2019/11/13,0,"9,4",60
Apartments Welcome to Valencia Peset Aleixandre 69,4964856,Apartamento,Valencia,1,1,€ 131,2019/11/12,2019/11/13,0,"9,1",60
NH Collection Colón Valencia,3828811,NA,Valencia,1,1,€ 132,2019/11/12,2019/11/13,4,"9,2",60
Hotel Boutique Balandret,1281710,NA,Valencia,1,1,€ 133,2019/11/12,2019/11/13,3,"9,2",60
MARQUÉS HOUSE 4* SUP,2118880,NA,Valencia,1,1,€ 134,2019/11/12,2019/11/13,4,"9,4",60
Edificio Pentagono,4673669,Apartamento,Valencia,1,1,€ 135,2019/11/12,2019/11/13,0,9,60
Loft zona Pechina en Valencia centro,2524985,Apartamento,Valencia,1,1,€ 138,2019/11/12,2019/11/13,0,"9,2",60
Apartamento Playa Wifi Gratis,3495634,Apartamento,Valencia,1,1,€ 140,2019/11/12,2019/11/13,0,"9,3",60
Ilunion Valencia 3,92818,NA,Valencia,1,1,€ 71,2019/11/12,2019/11/13,3,"7,9",60
Apartamento Alguer,4005334,Apartamento,Valencia,1,1,€ 75,2019/11/12,2019/11/13,0,"7,6",60
Flats Friends Soho Suites,1819642,Apartamentos,Valencia,1,1,NA,2019/11/12,2019/11/13,0,"8,6",60
Friendly Rentals Torrealba,1634243,Apartamento,Valencia,1,1,€ 140,2019/11/12,2019/11/13,0,"9,4",60
Vincci Mercat,1279484,NA,Valencia,1,1,€ 141,2019/11/12,2019/11/13,4,9,60
Torres Quart,3702234,Apartamentos,Valencia,1,1,€ 83,2019/11/12,2019/11/13,0,"7,6",60
Suites by Eric Olsan (L),4287413,Apartamentos,Valencia,1,1,€ 83,2019/11/12,2019/11/13,0,"7,6",60
Apartamento Angel Alcazar 35,2174625,Apartamento,Valencia,1,1,€ 90,2019/11/12,2019/11/13,0,"7,5",60
Apartment Valencia,348555,Apartamentos,Valencia,1,1,€ 99,2019/11/12,2019/11/13,0,"7,9",60
Apartment Florista,2150187,Apartamento,Valencia,1,1,€ 105,2019/11/12,2019/11/13,0,"7,9",60
Friendly Rentals Danna,1634254,Apartamento,Valencia,1,1,€ 145,2019/11/12,2019/11/13,0,"7,8",60
Colors Rooms,675839,NA,Valencia,1,1,€ 40,2019/11/12,2019/11/13,0,"9,6",60
Cozy apartment in Valencia center,3402135,Apartamentos,Valencia,1,1,€ 144,2019/11/12,2019/11/13,0,"9,2",60
Mediterranean Flats Plaza Redonda,4086496,Apartamentos,Valencia,1,1,€ 145,2019/11/12,2019/11/13,0,"9,2",60
United Colors of Apartments Boutique Style,5372347,Apartamentos,Valencia,1,1,€ 69,2019/11/12,2019/11/13,0,"9,9",60
Espai One Santa Mónica,5471724,Apartamento,Valencia,1,1,NA,2019/11/12,2019/11/13,0,10,60
Nest Style Valencia -Nueva apertura-,5219046,NA,Valencia,1,1,€ 73,2019/11/12,2019/11/13,3,"9,7",60
Apartaments San Pio V,2456151,Apartamento,Valencia,1,1,NA,2019/11/12,2019/11/13,0,"8,8",60
Kirei Apartment Calgary,4768322,Apartamento,Valencia,1,1,€ 148,2019/11/12,2019/11/13,0,"7,6",60
Old Town Flats Casa Burguerini,4552106,Apartamentos,Valencia,1,1,€ 151,2019/11/12,2019/11/13,0,"7,7",60
Hostal Antigua Morellana,1273937,NA,Valencia,1,1,€ 80,2019/11/12,2019/11/13,1,"9,5",60
Bubuflats Bubu 3,1014334,Apartamentos,Valencia,1,1,€ 85,2019/11/12,2019/11/13,0,"9,6",60
Ramirez Flats & Bar,4124528,Apartahotel,Valencia,1,1,€ 86,2019/11/12,2019/11/13,0,"9,5",60
Friendly Rentals Montaner Beach,2314997,Apartamento,Valencia,1,1,€ 145,2019/11/12,2019/11/13,0,9,60
Friendly Rentals Boyvin,1923141,Apartamento,Valencia,1,1,€ 150,2019/11/12,2019/11/13,0,"9,3",60
Apartments Downtown Valencia,2250421,Apartamentos,Valencia,1,1,€ 90,2019/11/12,2019/11/13,0,"9,6",60
Opera House Valencia B&B,3533887,NA,Valencia,1,1,€ 96,2019/11/12,2019/11/13,0,"9,5",60
Apartamento Frederick “Centrico y con Clase”,4236394,Apartamento,Valencia,1,1,NA,2019/11/12,2019/11/13,0,"9,7",60
Casa La Buhardilla,2985364,Apartamento,Valencia,1,1,€ 97,2019/11/12,2019/11/13,0,"9,6",60
Dreams Rental City Hall,337092,Apartamentos,Valencia,1,1,€ 220,2019/11/12,2019/11/13,0,"7,5",60
MD Art Apartment Ruzafa,2550955,Apartamento,Valencia,1,1,€ 271,2019/11/12,2019/11/13,0,"7,6",60
MD Pelayo with terrace,1979067,Apartamento,Valencia,1,1,€ 271,2019/11/12,2019/11/13,0,"7,8",60
Olympia Flats,4212801,NA,Valencia,1,1,€ 50,2019/11/12,2019/11/13,0,"9,7",60
Precioso piso junto al antiguo barrio de Campanar,3297078,Apartamento,Valencia,1,1,€ 100,2019/11/12,2019/11/13,0,"9,5",60
Valencian Dreams Lonja,4757385,Apartamento,Valencia,1,1,€ 102,2019/11/12,2019/11/13,0,"9,7",60
Apartment Plaza Cisneros,1273377,Apartamentos,Valencia,1,1,€ 120,2019/11/12,2019/11/13,0,"9,8",60
MD Abastos Center,2551194,Apartamento,Valencia,1,1,€ 289,2019/11/12,2019/11/13,0,"7,7",60
Living Valencia - Olympia House,2215435,Apartamentos,Valencia,1,1,NA,2019/11/12,2019/11/13,0,"8,6",60
MD Oliag I Apartment Ruzafa,2867488,Apartamento,Valencia,1,1,€ 317,2019/11/12,2019/11/13,0,"7,7",60
Habitacion Apartamento soleado Plaza Escultor Frechina,4865043,NA,Valencia,1,1,€ 25,2019/11/12,2019/11/13,0,"7,1",60
15 Avinguda Mare Nostrum,4518973,Apartamento,Valencia,1,1,€ 120,2019/11/12,2019/11/13,0,"9,8",60
BONNIES Suites & Spa Valencia,3631910,Apartamentos,Valencia,1,1,NA,2019/11/12,2019/11/13,0,"9,8",60
la casita,4333253,Apartamento,Valencia,1,1,€ 132,2019/11/12,2019/11/13,0,"9,8",60
Disfruta - Enjoy Valencia Oceanografic,4121345,Apartamento,Valencia,1,1,€ 139,2019/11/12,2019/11/13,0,"9,6",60
Disfruta - Enjoy Valencia Ayuntamiento,4901194,Apartamento,Valencia,1,1,€ 139,2019/11/12,2019/11/13,0,"9,6",60
Ciudad Ciencias- Lujo- Parking- Wi-Fi.,4999636,Apartamento,Valencia,1,1,€ 140,2019/11/12,2019/11/13,0,"9,8",60
Apartamento centro,3160737,Apartamento,Valencia,1,1,€ 165,2019/11/12,2019/11/13,0,"9,7",60
Ca María,3776707,Apartamento,Valencia,1,1,€ 180,2019/11/12,2019/11/13,0,"9,7",60
Valencia what else...,2550483,Apartamento,Valencia,1,1,NA,2019/11/12,2019/11/13,0,"9,5",60
Hostal Waksman,281139,NA,Valencia,1,1,€ 30,2019/11/12,2019/11/13,1,"7,3",60
feliz como en casa,3676196,NA,Valencia,1,1,€ 36,2019/11/12,2019/11/13,0,"7,2",60
La Flamenca,818359,NA,Valencia,1,1,€ 40,2019/11/12,2019/11/13,0,"7,2",60
HOSPEDAJE PESET,4718074,NA,Valencia,1,1,€ 40,2019/11/12,2019/11/13,0,"7,3",60
Apartments Viveros,1069530,Apartamentos,Valencia,1,1,NA,2019/11/12,2019/11/13,0,"8,6",60
Central Station Valencia Hostel,1647017,NA,Valencia,1,1,€ 43,2019/11/12,2019/11/13,0,"7,1",60
Hostal Residencial RR,450746,NA,Valencia,1,1,€ 49,2019/11/12,2019/11/13,0,7,60
Sampedor Apartment,435662,Apartamentos,Valencia,1,1,€ 49,2019/11/12,2019/11/13,0,7,60
Centro Valencia Calle Cerrajeros,3476261,NA,Valencia,1,1,€ 50,2019/11/12,2019/11/13,0,"7,1",60
Cosy Rooms Embajador,369728,NA,Valencia,1,1,€ 58,2019/11/12,2019/11/13,2,"7,4",60
City Center Atico 360,3025679,Apartamento,Valencia,1,1,€ 188,2019/11/12,2019/11/13,0,"9,5",60
MD PASEO RUZAFA CENTER,5374850,Apartamento,Valencia,1,1,€ 1.030,2019/11/12,2019/11/13,0,"9,5",60
Cantagua Hostel,4074640,NA,Valencia,1,1,€ 38,2019/11/12,2019/11/13,0,"9,1",60
YOU & CO. Saler Beach Boutique,4533007,NA,Valencia,1,1,€ 44,2019/11/12,2019/11/13,3,"9,1",60
Art&Flats Bed&Breakfast,5238345,NA,Valencia,1,1,€ 45,2019/11/12,2019/11/13,0,9,60
Rooms Ciencias,94126,NA,Valencia,1,1,€ 59,2019/11/12,2019/11/13,0,9,60
La seda stay,3335523,Apartamento,Valencia,1,1,NA,2019/11/12,2019/11/13,0,"9,7",60
Cosy Rooms Bolsería,371606,NA,Valencia,1,1,€ 58,2019/11/12,2019/11/13,2,"7,4",60
Living Valencia Peydro,1803435,Apartamento,Valencia,1,1,NA,2019/11/12,2019/11/13,0,"8,6",60
Plaza Redonda house.,4399973,NA,Valencia,1,1,€ 59,2019/11/12,2019/11/13,0,"7,4",60
HOSTAL BED OF THE SEA,3974636,NA,Valencia,1,1,€ 61,2019/11/12,2019/11/13,0,"7,1",60
Apartamentos Edificio Palomar,189277,Apartamentos,Valencia,1,1,€ 59,2019/11/12,2019/11/13,0,"9,2",60
OttoH Charm Stay,2459807,NA,Valencia,1,1,€ 59,2019/11/12,2019/11/13,0,"9,3",60
Apartamento Joseph - luminoso y muy céntrico,4267950,Apartamento,Valencia,1,1,€ 60,2019/11/12,2019/11/13,0,"9,2",60
Brisa Mare Nostrum,2855311,Apartamento,Valencia,1,1,€ 60,2019/11/12,2019/11/13,0,"9,3",60
NWT Monserrat,3728842,Apartamentos,Valencia,1,1,€ 64,2019/11/12,2019/11/13,0,7,60
Beautiful early 20th century room,3563293,NA,Valencia,1,1,€ 64,2019/11/12,2019/11/13,0,"7,3",60
Accommodation Beach Apartments,1001766,Apartamentos,Valencia,1,1,€ 64,2019/11/12,2019/11/13,0,"7,1",60
Hostal la Barraca,350013,NA,Valencia,1,1,€ 65,2019/11/12,2019/11/13,0,"7,2",60
Habitación privada a 1500 metros de la playa,3789910,NA,Valencia,1,1,€ 60,2019/11/12,2019/11/13,0,"9,2",60
Hi Valencia Cánovas,4312120,Apartamentos,Valencia,1,1,€ 63,2019/11/12,2019/11/13,0,9,60
Apartment Cisneros 2,2361375,Apartamento,Valencia,1,1,NA,2019/11/12,2019/11/13,0,"9,7",60
Carrera Luxury,388247,Apartamentos,Valencia,1,1,NA,2019/11/12,2019/11/13,0,"8,6",60
SHF Sevilla Loft,850157,Apartamentos,Valencia,1,1,€ 70,2019/11/12,2019/11/13,0,"7,4",60
Almiserat,3054886,Apartamento,Valencia,1,1,€ 70,2019/11/12,2019/11/13,0,"7,1",60
Malvarrosa Beach Rooms,314048,NA,Valencia,1,1,€ 70,2019/11/12,2019/11/13,2,7,60
Hostal Venecia,92883,NA,Valencia,1,1,€ 65,2019/11/12,2019/11/13,2,"9,1",60
Blanq Comedias,4922002,NA,Valencia,1,1,€ 68,2019/11/12,2019/11/13,0,"9,1",60
Palau de Palomar,471283,Apartamentos,Valencia,1,1,€ 69,2019/11/12,2019/11/13,0,"9,1",60
Valenciaflats Centro Ciudad,18544,Apartamentos,Valencia,1,1,€ 69,2019/11/12,2019/11/13,0,"9,2",60
Apartment Horticultor Bosch,1148669,Apartamentos,Valencia,1,1,€ 70,2019/11/12,2019/11/13,0,"7,3",60
Valencia Apartments,4367788,Apartamentos,Valencia,1,1,€ 78,2019/11/12,2019/11/13,0,"7,2",60
Apartments Calle Padre Damian,4523326,Apartamentos,Valencia,1,1,€ 80,2019/11/12,2019/11/13,0,"7,2",60
Valencia Apartmans El Carmen,847910,Apartamentos,Valencia,1,1,€ 83,2019/11/12,2019/11/13,0,"7,4",60
Suites by Eric Olsan (Peset),4726296,Apartamentos,Valencia,1,1,€ 83,2019/11/12,2019/11/13,0,"7,4",60
Guest House Samuel Ros,4161855,NA,Valencia,1,1,€ 90,2019/11/12,2019/11/13,0,"7,3",60
La Casa dei Fiori,2849727,Apartamento,Valencia,1,1,€ 92,2019/11/12,2019/11/13,0,"7,1",60
Kirei Apartment San Vicente,1774062,Apartamento,Valencia,1,1,€ 98,2019/11/12,2019/11/13,0,"7,4",60
Kirei Apartment Vienna,4639797,Apartamento,Valencia,1,1,€ 115,2019/11/12,2019/11/13,0,"7,4",60
La casita de Palomar,2132386,Apartamentos,Valencia,1,1,€ 69,2019/11/12,2019/11/13,0,"9,4",60
Soho Valencia,1538641,Apartahotel,Valencia,1,1,€ 70,2019/11/12,2019/11/13,0,9,60
Bianca,4232781,Apartamento,Valencia,1,1,€ 74,2019/11/12,2019/11/13,0,"9,1",60
El Cid,2740801,Apartamento,Valencia,1,1,€ 75,2019/11/12,2019/11/13,0,9,60
Miresa flats,5300418,Apartamento,Valencia,1,1,€ 125,2019/11/12,2019/11/13,0,"7,2",60
Kirei Apartment En Llop,1765516,Apartamentos,Valencia,1,1,€ 137,2019/11/12,2019/11/13,0,7,60
Best Valencia Beach Flat,3246772,Apartamento,Valencia,1,1,€ 192,2019/11/12,2019/11/13,0,"7,1",60
MD Puerto Rico Apartment Ruzafa,3737151,Apartamento,Valencia,1,1,€ 289,2019/11/12,2019/11/13,0,"7,4",60
Sweet Hotel Renasa,274818,NA,Valencia,1,1,€ 56,2019/11/12,2019/11/13,3,8,60
Select Home Catedral,440778,Apartamentos,Valencia,1,1,€ 340,2019/11/12,2019/11/13,0,"7,1",60
Habitación Despuig,4901343,NA,Valencia,1,1,€ 27,2019/11/12,2019/11/13,0,"6,8",60
Urban Youth Hostel,1163025,NA,Valencia,1,1,€ 59,2019/11/12,2019/11/13,0,"8,4",60
Apartamento Torres,1887853,Apartamento,Valencia,1,1,NA,2019/11/12,2019/11/13,0,9,60
Hotel Miramar,23332,NA,Valencia,1,1,€ 59,2019/11/12,2019/11/13,2,"8,4",60
El Coso,14580,NA,Valencia,1,1,€ 60,2019/11/12,2019/11/13,3,"8,2",60
Sol Playa,12656,NA,Valencia,1,1,€ 60,2019/11/12,2019/11/13,2,"8,3",60
NH Ciudad de Valencia,90729,NA,Valencia,1,1,€ 60,2019/11/12,2019/11/13,3,"8,1",60
Happy Apartments Valencia,456043,Apartamentos,Valencia,1,1,€ 60,2019/11/12,2019/11/13,0,"8,2",60
Happy Apartments Valencia – Lope de Vega,575582,Apartamentos,Valencia,1,1,€ 62,2019/11/12,2019/11/13,0,"8,1",60
Xativa Terrace II,1760138,Apartamentos,Valencia,1,1,NA,2019/11/12,2019/11/13,0,9,60
Senator Parque Central Hotel,274963,NA,Valencia,1,1,€ 62,2019/11/12,2019/11/13,4,"8,1",60
NH Valencia Las Ciencias,90725,NA,Valencia,1,1,€ 63,2019/11/12,2019/11/13,3,8,60
SHF Flats Baron,1033085,Apartamentos,Valencia,1,1,€ 63,2019/11/12,2019/11/13,0,8,60
Live in Chianti,2227491,NA,Valencia,1,1,€ 75,2019/11/12,2019/11/13,0,"9,1",60
Original Domino House,5434091,NA,Valencia,1,1,€ 75,2019/11/12,2019/11/13,0,"9,3",60
apartamento las torres-botanico,4694090,Apartamento,Valencia,1,1,€ 76,2019/11/12,2019/11/13,0,9,60
L'Otelet By Sweet,1467935,NA,Valencia,1,1,€ 64,2019/11/12,2019/11/13,0,"8,3",60
Reina 12,1684198,NA,Valencia,1,1,€ 64,2019/11/12,2019/11/13,0,"8,2",60
Hotel Alkazar,408511,NA,Valencia,1,1,€ 64,2019/11/12,2019/11/13,1,8,60
CENTRO CIUDAD-PZA AYUNTAMIENTO-WIFI,3604273,Apartamento,Valencia,1,1,NA,2019/11/12,2019/11/13,0,"9,2",60
City Garden Bed and Breakfast,2204361,NA,Valencia,1,1,€ 76,2019/11/12,2019/11/13,0,"9,4",60
Casual Socarrat Valencia,5142800,NA,Valencia,1,1,€ 76,2019/11/12,2019/11/13,3,"9,2",60
Citizentral Juristas,1113127,Apartamentos,Valencia,1,1,€ 77,2019/11/12,2019/11/13,0,"9,2",60
Apartamentos Wallace,1698355,Apartamentos,Valencia,1,1,€ 78,2019/11/12,2019/11/13,0,"9,2",60
Hotel Medium Valencia,96838,NA,Valencia,1,1,€ 68,2019/11/12,2019/11/13,4,"8,2",60
Sweet Hotel Continental,93856,NA,Valencia,1,1,€ 69,2019/11/12,2019/11/13,2,"8,3",60
City Suites Apartments,3091106,NA,Valencia,1,1,€ 70,2019/11/12,2019/11/13,0,"8,4",60
Citizentral Gascons,332095,Apartamentos,Valencia,1,1,€ 71,2019/11/12,2019/11/13,0,"8,8",60
One Shot Colón 46,1394168,NA,Valencia,1,1,€ 72,2019/11/12,2019/11/13,3,"8,7",60
Apartamento Giorgeta,2580538,Apartamento,Valencia,1,1,NA,2019/11/12,2019/11/13,0,9,60
Apartamento luminoso y acogedor,3489126,Apartamento,Valencia,1,1,€ 78,2019/11/12,2019/11/13,0,"9,4",60
Teixidors de Palomar,2639791,Apartamentos,Valencia,1,1,€ 79,2019/11/12,2019/11/13,0,"9,4",60
Maison Reina B&B,5004812,NA,Valencia,1,1,€ 80,2019/11/12,2019/11/13,0,"9,2",60
Tryp Valencia Feria,92852,NA,Valencia,1,1,€ 71,2019/11/12,2019/11/13,4,"8,4",60
Holiday Inn Express Ciudad de las Ciencias,96737,NA,Valencia,1,1,€ 72,2019/11/12,2019/11/13,3,8,60
Casual de las Artes Valencia,538056,NA,Valencia,1,1,€ 72,2019/11/12,2019/11/13,3,"8,4",60
Ad Hoc Carmen,1173270,NA,Valencia,1,1,€ 73,2019/11/12,2019/11/13,2,"8,9",60
Hotel Mediterraneo Valencia,92412,NA,Valencia,1,1,€ 74,2019/11/12,2019/11/13,3,"8,8",60
Boutique Creative Rooms,2334726,NA,Valencia,1,1,€ 74,2019/11/12,2019/11/13,0,"8,7",60
Total Valencia Mercado Central,4888886,Apartamento,Valencia,1,1,NA,2019/11/12,2019/11/13,0,"9,1",60
Valenciaflats Torres de Serrano,17468,Apartamentos,Valencia,1,1,€ 73,2019/11/12,2019/11/13,0,"8,3",60
Silken Puerta Valencia,91182,NA,Valencia,1,1,€ 74,2019/11/12,2019/11/13,4,"8,3",60
NH Valencia Las Artes,90731,NA,Valencia,1,1,€ 74,2019/11/12,2019/11/13,4,"8,4",60
Atico Ciutat Vella,3446230,Apartamentos,Valencia,1,1,€ 75,2019/11/12,2019/11/13,0,"8,4",60
Nanit Valencia Hostel,3913497,NA,Valencia,1,1,€ 75,2019/11/12,2019/11/13,0,"8,3",60
Ático cerca del mar,4040503,Apartamento,Valencia,1,1,€ 75,2019/11/12,2019/11/13,0,"8,3",60
YourPlace apartments Mercado Central,2933554,Apartamentos,Valencia,1,1,NA,2019/11/12,2019/11/13,0,9,60
Hotel Valencia Oceanic Managed by Melia Hotels International,91522,NA,Valencia,1,1,€ 75,2019/11/12,2019/11/13,4,"8,6",60
Habitación doble,3599930,NA,Valencia,1,1,€ 75,2019/11/12,2019/11/13,0,"8,9",60
Apartment Vicent,1674495,Apartamentos,Valencia,1,1,€ 75,2019/11/12,2019/11/13,0,"8,3",60
NH Valencia Center,90727,NA,Valencia,1,1,€ 78,2019/11/12,2019/11/13,4,"8,3",60
Petit Palace Plaza de la Reina,90443,NA,Valencia,1,1,€ 76,2019/11/12,2019/11/13,3,"8,7",60
APARTAMENTO CENTRICO. WI-FI. PARKING,2967593,Apartamento,Valencia,1,1,NA,2019/11/12,2019/11/13,0,"9,1",60
Ad Hoc Monumental,90719,NA,Valencia,1,1,€ 77,2019/11/12,2019/11/13,3,"8,6",60
Valenciaflats Mercado Central,307677,Apartamentos,Valencia,1,1,€ 78,2019/11/12,2019/11/13,0,"8,9",60
Primus Valencia,331871,NA,Valencia,1,1,€ 79,2019/11/12,2019/11/13,4,"8,3",60
Hotel Valencia Center,91285,NA,Valencia,1,1,€ 79,2019/11/12,2019/11/13,4,"8,4",60
Eurostars Rey Don Jaime,91520,NA,Valencia,1,1,€ 80,2019/11/12,2019/11/13,4,"8,2",60
BUBUFLATS / Mercat,783206,Apartamentos,Valencia,1,1,€ 80,2019/11/12,2019/11/13,0,"8,9",60
Apartments Madrina,3278589,Apartamentos,Valencia,1,1,€ 80,2019/11/12,2019/11/13,0,"8,9",60
Piso luminoso cerca de la playa,3583906,Apartamento,Valencia,1,1,€ 80,2019/11/12,2019/11/13,0,"8,6",60
Ilunion Aqua 3,92776,NA,Valencia,1,1,€ 87,2019/11/12,2019/11/13,3,"8,3",60
Cabanyal Marina Apartament,3615874,Apartamento,Valencia,1,1,NA,2019/11/12,2019/11/13,0,"9,2",60
Preciosos Apartamentos en el Carmen,2918345,Apartamentos,Valencia,1,1,€ 88,2019/11/12,2019/11/13,0,"8,2",60
Apartamento Ciudad de las Artes y las Ciencias,4353552,Apartamento,Valencia,1,1,€ 90,2019/11/12,2019/11/13,0,"8,3",60
Apartamento Plaza Sainetero,2743838,Apartamento,Valencia,1,1,€ 93,2019/11/12,2019/11/13,0,"8,2",60
Sercotel Sorolla Palace,93646,NA,Valencia,1,1,€ 81,2019/11/12,2019/11/13,4,"8,6",60
OCEANOGRAFIC DELUXE- PARKING- WI-FI,4095746,Apartamento,Valencia,1,1,NA,2019/11/12,2019/11/13,0,"9,2",60
Perla Apartments,3146781,Apartamentos,Valencia,1,1,€ 81,2019/11/12,2019/11/13,0,"8,8",60
Suites by Eric Olsan (Florista),4726450,Apartamentos,Valencia,1,1,€ 82,2019/11/12,2019/11/13,0,"8,7",60
Hotel El Siglo,1741479,NA,Valencia,1,1,€ 82,2019/11/12,2019/11/13,3,"8,5",60
Eurostars Gran Valencia,90484,NA,Valencia,1,1,€ 95,2019/11/12,2019/11/13,4,"8,4",60
MD Modern Hotel - Jardines,305447,NA,Valencia,1,1,€ 99,2019/11/12,2019/11/13,1,"8,3",60
Hotel Conqueridor,91047,NA,Valencia,1,1,€ 99,2019/11/12,2019/11/13,4,"8,4",60
Casual Vintage Valencia,1710241,NA,Valencia,1,1,€ 85,2019/11/12,2019/11/13,2,"8,6",60
Casa de Maria,2467712,Apartamento,Valencia,1,1,€ 85,2019/11/12,2019/11/13,0,"8,6",60
Burjassot Mestalla,3058627,Apartamento,Valencia,1,1,€ 85,2019/11/12,2019/11/13,0,"8,6",60
Eco-Friendly Apartments,1979834,Apartamentos,Valencia,1,1,NA,2019/11/12,2019/11/13,0,"9,2",60
Carrer de María Montessori,3272386,Apartamento,Valencia,1,1,€ 104,2019/11/12,2019/11/13,0,"8,2",60
Friendly Rentals Puerto Deportivo,2317861,Apartamentos,Valencia,1,1,€ 110,2019/11/12,2019/11/13,0,"8,1",60
Friendly Rentals ABC,3656596,Apartamento,Valencia,1,1,€ 115,2019/11/12,2019/11/13,0,"8,3",60
Friendly Rentals Pergolesi,1634240,Apartamentos,Valencia,1,1,€ 115,2019/11/12,2019/11/13,0,"8,4",60
BUBUFLATS Mossén,1141763,Apartamentos,Valencia,1,1,€ 85,2019/11/12,2019/11/13,0,"8,9",60
Hotel Gabbeach,403586,NA,Valencia,1,1,€ 89,2019/11/12,2019/11/13,3,"8,5",60
Barceló Valencia,91988,NA,Valencia,1,1,€ 90,2019/11/12,2019/11/13,4,"8,7",60
Ilunion Valencia 4,754329,NA,Valencia,1,1,€ 119,2019/11/12,2019/11/13,4,"8,1",60
Apartamento Privado Próximo a Playa y Ciencias,3783163,Apartamento,Valencia,1,1,€ 120,2019/11/12,2019/11/13,0,"8,2",60
Cosy apartment near to the center,4064812,Apartamento,Valencia,1,1,€ 122,2019/11/12,2019/11/13,0,"8,3",60
Friendly Rentals Gimenez,1634242,Apartamento,Valencia,1,1,€ 125,2019/11/12,2019/11/13,0,"8,3",60
Biopark View Apartment,2381901,Apartamento,Valencia,1,1,€ 91,2019/11/12,2019/11/13,0,"8,9",60
Ilunion Aqua 4,92777,NA,Valencia,1,1,€ 91,2019/11/12,2019/11/13,4,"8,5",60
Guillem Sorolla Apartment,2961464,Apartamento,Valencia,1,1,€ 92,2019/11/12,2019/11/13,0,"8,9",60
MÍ casa YOUR HOME,3328967,Apartamento,Valencia,1,1,NA,2019/11/12,2019/11/13,0,"9,2",60
Rio Turia Skatehouse,4624602,Apartamento,Valencia,1,1,€ 126,2019/11/12,2019/11/13,0,"8,2",60
Zerka Centro,4425975,Apartamentos,Valencia,1,1,€ 129,2019/11/12,2019/11/13,0,"8,3",60
Apartamento Obispo don Jerónimo,2079020,Apartamento,Valencia,1,1,€ 135,2019/11/12,2019/11/13,0,"8,2",60
Apartamento Gran Vía Marqués del Turia,2358973,Apartamento,Valencia,1,1,€ 139,2019/11/12,2019/11/13,0,"8,4",60
One Shot Palacio Reina Victoria 04,90885,NA,Valencia,1,1,€ 93,2019/11/12,2019/11/13,4,"8,6",60
Valencian Apartment,2298621,Apartamento,Valencia,1,1,€ 94,2019/11/12,2019/11/13,0,"8,9",60
Les flors,3985046,Apartamento,Valencia,1,1,€ 95,2019/11/12,2019/11/13,0,"8,6",60
New Trendy apartment,2426154,Apartamento,Valencia,1,1,€ 95,2019/11/12,2019/11/13,0,"8,7",60
Melia Valencia,290493,NA,Valencia,1,1,€ 98,2019/11/12,2019/11/13,4,"8,8",60
AC Hotel Valencia- a Marriott Lifestyle Hotel,91063,NA,Valencia,1,1,€ 98,2019/11/12,2019/11/13,4,"8,5",60
Casa Cosy,375456,Apartamentos,Valencia,1,1,NA,2019/11/12,2019/11/13,0,"9,4",60
Hotel Dimar,90886,NA,Valencia,1,1,€ 99,2019/11/12,2019/11/13,4,"8,7",60
APARTAMENTO LAS MELLIZAS,4651578,NA,Valencia,1,1,€ 50,2019/11/12,2019/11/13,0,"8,5",60
Catalonia Excelsior,90578,NA,Valencia,1,1,€ 100,2019/11/12,2019/11/13,3,"8,7",60
SH Ingles Boutique Hotel,92956,NA,Valencia,1,1,€ 100,2019/11/12,2019/11/13,4,"8,5",60
El Coral Apartment Valencia,3606766,Apartamento,Valencia,1,1,€ 101,2019/11/12,2019/11/13,0,"8,7",60
Melia Plaza Valencia,13270,NA,Valencia,1,1,€ 105,2019/11/12,2019/11/13,4,"8,9",60
Zenit Valencia,92327,NA,Valencia,1,1,€ 108,2019/11/12,2019/11/13,4,"8,8",60
Hotel Neptuno,91206,NA,Valencia,1,1,€ 108,2019/11/12,2019/11/13,4,"8,5",60
SKY TOURISTIC ATTIC,281640,Apartamentos,Valencia,1,1,€ 108,2019/11/12,2019/11/13,0,"8,5",60
Tranquilo Apartamento En Plaza Cisneros,3127388,Apartamento,Valencia,1,1,€ 111,2019/11/12,2019/11/13,0,"8,8",60
El Palacete Gran Via,3483148,NA,Valencia,1,1,€ 114,2019/11/12,2019/11/13,0,"8,8",60
Friendly Rentals Schubert,1634221,Apartamentos,Valencia,1,1,€ 115,2019/11/12,2019/11/13,0,"8,9",60
Loft by the Beach,4441671,Apartamento,Valencia,1,1,€ 115,2019/11/12,2019/11/13,0,"8,5",60
Plaza de la Virgen,3167342,Apartamento,Valencia,1,1,€ 115,2019/11/12,2019/11/13,0,"8,8",60
Friendly Rentals Nyman,3245521,Apartamento,Valencia,1,1,€ 115,2019/11/12,2019/11/13,0,"8,9",60
Friendly Rentals Ravel I,1634234,Apartamento,Valencia,1,1,€ 115,2019/11/12,2019/11/13,0,"8,8",60
Mar & City Apartment,3456759,Apartamento,Valencia,1,1,€ 117,2019/11/12,2019/11/13,0,"8,8",60
Patacona Beach Apartment,4533678,Apartamento,Valencia,1,1,€ 119,2019/11/12,2019/11/13,0,"8,5",60
