name,propertyId,propertyType,city,rooms,days,price,checkIn,checkOut,stars,score,advance
casa la tranquilidad,5516825,NA,Valencia,1,1,€ 120,2019/09/22,2019/09/23,0,,14
RAVALENCIA 4,3377937,Apartamento,Valencia,1,1,€ 124,2019/09/22,2019/09/23,0,,14
Oceanografic Arts center 46,2929640,Apartamento,Valencia,1,1,NA,2019/09/22,2019/09/23,0,9,14
Art of Music Apartment Valencia,5263849,Apartamentos,Valencia,1,1,€ 125,2019/09/22,2019/09/23,0,,14
Valencia Apartamentos DEL MAR,5421626,Apartamento,Valencia,1,1,€ 137,2019/09/22,2019/09/23,0,,14
CASA MARQUES DE CARO,4472176,Apartamento,Valencia,1,1,€ 139,2019/09/22,2019/09/23,0,,14
Natural loft,3711677,Apartamento,Valencia,1,1,€ 145,2019/09/22,2019/09/23,0,,14
Valencia Puerto Beach 3BD Apartment,5249773,Apartamento,Valencia,1,1,€ 173,2019/09/22,2019/09/23,0,,14
"Flat ""Ca Alexandre""",3687859,Apartamento,Valencia,1,1,€ 200,2019/09/22,2019/09/23,0,,14
Casa Paula,1857389,Apartamento,Valencia,1,1,NA,2019/09/22,2019/09/23,0,"9,4",14
Governor Residence,3799760,Apartahotel,Valencia,1,1,€ 600,2019/09/22,2019/09/23,0,,14
Gulet Why Not,5199364,NA,Valencia,1,1,€ 3.600,2019/09/22,2019/09/23,0,,14
Canela`s Vintage Ruzafa Centro,4652584,Apartamento,Valencia,1,1,€ 180,2019/09/22,2019/09/23,0,"8,6",14
Puerta de Serranos,2734333,Apartamentos,Valencia,1,1,€ 185,2019/09/22,2019/09/23,0,"8,8",14
Ático En El Corazón De Ruzafa,3832501,Apartamento,Valencia,1,1,NA,2019/09/22,2019/09/23,0,"9,5",14
Hospes Palau de La Mar,93823,NA,Valencia,1,1,€ 194,2019/09/22,2019/09/23,5,"8,8",14
Carlos & Ana,2079019,Apartamento,Valencia,1,1,€ 195,2019/09/22,2019/09/23,0,"8,9",14
Cathedral Suites Hotel,1736257,Apartahotel,Valencia,1,1,€ 199,2019/09/22,2019/09/23,4,"8,9",14
The Westin Valencia,93321,NA,Valencia,1,1,€ 203,2019/09/22,2019/09/23,5,"8,7",14
SingularStays Parque Central,3054000,Apartamentos,Valencia,1,1,€ 225,2019/09/22,2019/09/23,0,"8,8",14
Vincci Lys,91183,NA,Valencia,1,1,€ 253,2019/09/22,2019/09/23,4,"8,9",14
Flat El Porto - Valencia,3146159,Apartamento,Valencia,1,1,NA,2019/09/22,2019/09/23,0,"9,7",14
Select Home Alma Palace,1381946,Apartamento,Valencia,1,1,€ 440,2019/09/22,2019/09/23,0,"8,8",14
Center Valencia Youth Hostel,246931,NA,Valencia,1,1,€ 27,2019/09/22,2019/09/23,0,8,14
Urban Youth Hostel,1163025,NA,Valencia,1,1,€ 31,2019/09/22,2019/09/23,0,"8,4",14
Purple Nest Hostel,25278,NA,Valencia,1,1,€ 44,2019/09/22,2019/09/23,0,"8,1",14
Habitación en piso compartido,5433175,NA,Valencia,1,1,€ 45,2019/09/22,2019/09/23,0,8,14
Habitacion en Valencia Barata,4861796,NA,Valencia,1,1,€ 45,2019/09/22,2019/09/23,0,"8,2",14
Cool Central Market,3424724,Apartamento,Valencia,1,1,NA,2019/09/22,2019/09/23,0,"9,9",14
Tryp Valencia Feria,92852,NA,Valencia,1,1,€ 50,2019/09/22,2019/09/23,4,"8,4",14
Hostal Abastos,257057,NA,Valencia,1,1,€ 50,2019/09/22,2019/09/23,2,"8,2",14
7 Moons Bed & Breakfast,464187,NA,Valencia,1,1,€ 51,2019/09/22,2019/09/23,0,"8,4",14
B&B Hi Valencia Canovas,305349,NA,Valencia,1,1,€ 52,2019/09/22,2019/09/23,0,"8,4",14
Eurostars Gran Valencia,90484,NA,Valencia,1,1,€ 53,2019/09/22,2019/09/23,4,"8,4",14
Como en casa,4802186,NA,Valencia,1,1,€ 54,2019/09/22,2019/09/23,0,"8,1",14
Nest Style Valencia -Nueva apertura-,5219046,NA,Valencia,1,1,€ 62,2019/09/22,2019/09/23,3,"9,7",14
Opera House Valencia B&B,3533887,NA,Valencia,1,1,€ 85,2019/09/22,2019/09/23,0,"9,5",14
VALENCIA APARTAMENTO GOYA,4256653,Apartamento,Valencia,1,1,NA,2019/09/22,2019/09/23,0,10,14
Ramirez Flats & Bar,4124528,Apartahotel,Valencia,1,1,€ 95,2019/09/22,2019/09/23,0,"9,5",14
Valencian Dreams Lonja,4757385,Apartamento,Valencia,1,1,€ 96,2019/09/22,2019/09/23,0,"9,7",14
Expo Hotel Valencia,91223,NA,Valencia,1,1,€ 76,2019/09/22,2019/09/23,3,"7,6",14
L'Esplai Valencia Bed & Breakfast,1282556,NA,Valencia,1,1,€ 99,2019/09/22,2019/09/23,0,"9,6",14
Bubuflats Bubu 3,1014334,Apartamentos,Valencia,1,1,€ 110,2019/09/22,2019/09/23,0,"9,6",14
Barracart Apartments,2125836,Apartamentos,Valencia,1,1,€ 137,2019/09/22,2019/09/23,0,"9,6",14
Disfruta - Enjoy Valencia Oceanografic,4121345,Apartamento,Valencia,1,1,€ 139,2019/09/22,2019/09/23,0,"9,6",14
Central Park Apartment Valencia,3881533,Apartamento,Valencia,1,1,NA,2019/09/22,2019/09/23,0,"9,6",14
RUZAFA- CENTRO-A/C- WI-FI- PARKING,2885994,Apartamento,Valencia,1,1,€ 140,2019/09/22,2019/09/23,0,"9,7",14
Apartment Sofi,2830696,Apartamento,Valencia,1,1,€ 150,2019/09/22,2019/09/23,0,"9,8",14
Disfruta - Enjoy Valencia Ayuntamiento,4901194,Apartamento,Valencia,1,1,€ 159,2019/09/22,2019/09/23,0,"9,7",14
Disfruta - Enjoy Valencia Centre,3881970,Apartamento,Valencia,1,1,€ 169,2019/09/22,2019/09/23,0,"9,8",14
SHF Plaza de la Reina,1682520,Apartamentos,Valencia,1,1,€ 77,2019/09/22,2019/09/23,0,"7,7",14
Apartamento playa Las Arenas,2978246,Apartamento,Valencia,1,1,NA,2019/09/22,2019/09/23,0,"9,4",14
City Center Apartments,4426057,Apartamentos,Valencia,1,1,€ 81,2019/09/22,2019/09/23,0,"7,8",14
Apartment Florista,2150187,Apartamento,Valencia,1,1,€ 85,2019/09/22,2019/09/23,0,"7,9",14
Art&Flats Bed&Breakfast,5238345,NA,Valencia,1,1,€ 15,2019/09/22,2019/09/23,0,9,14
Cantagua Hostel,4074640,NA,Valencia,1,1,€ 47,2019/09/22,2019/09/23,0,"9,1",14
Apartamento Frederick “Centrico y con Clase”,4236394,Apartamento,Valencia,1,1,NA,2019/09/22,2019/09/23,0,"9,7",14
La Casa dei Fiori,2849727,Apartamento,Valencia,1,1,€ 127,2019/09/22,2019/09/23,0,"7,1",14
Select Home Catedral,440778,Apartamentos,Valencia,1,1,€ 170,2019/09/22,2019/09/23,0,"7,1",14
APARTMENTS VALENCIA CENTER,5180014,Apartamentos,Valencia,1,1,NA,2019/09/22,2019/09/23,0,"9,4",14
Apartamento para 10 personas,5029963,Apartamento,Valencia,1,1,€ 175,2019/09/22,2019/09/23,0,"7,3",14
Select Home Town Hall,1648016,Apartamentos,Valencia,1,1,€ 215,2019/09/22,2019/09/23,0,"7,3",14
YOU & CO. Saler Beach Boutique,4533007,NA,Valencia,1,1,€ 62,2019/09/22,2019/09/23,3,"9,1",14
Blanq Comedias,4922002,NA,Valencia,1,1,€ 68,2019/09/22,2019/09/23,0,"9,1",14
Estrella de russafa,5352439,NA,Valencia,1,1,€ 70,2019/09/22,2019/09/23,0,9,14
Magnífico Adosado- cerca de Valencia ciudad- en zona de montaña y playa fluvial,5354233,Casa o chalet,Valencia,1,1,€ 72,2019/09/22,2019/09/23,0,"9,1",14
Bianca,4232781,Apartamento,Valencia,1,1,€ 74,2019/09/22,2019/09/23,0,9,14
Apartments Madrina,3278589,Apartamentos,Valencia,1,1,€ 75,2019/09/22,2019/09/23,0,9,14
Hi Valencia Apartments - Jorge Juan,2373701,Apartamento,Valencia,1,1,€ 129,2019/09/22,2019/09/23,0,"9,4",14
Loft zona Pechina en Valencia centro,2524985,Apartamento,Valencia,1,1,€ 138,2019/09/22,2019/09/23,0,"9,2",14
Luxury Center Plaza Redonda,5138960,Apartamento,Valencia,1,1,NA,2019/09/22,2019/09/23,0,"9,8",14
Mon Suites San Martin,2777545,Apartamentos,Valencia,1,1,€ 139,2019/09/22,2019/09/23,0,"9,4",14
MD Puerto Rico Apartment Ruzafa,3737151,Apartamento,Valencia,1,1,€ 285,2019/09/22,2019/09/23,0,"7,4",14
Guest House Lebon,3124256,NA,Valencia,1,1,€ 35,2019/09/22,2019/09/23,0,"6,9",14
Ruzafa Rooms,2891693,NA,Valencia,1,1,€ 40,2019/09/22,2019/09/23,0,"6,9",14
Habitación con cama doble,4794909,NA,Valencia,1,1,€ 41,2019/09/22,2019/09/23,0,"6,6",14
Hostal Venecia,92883,NA,Valencia,1,1,€ 140,2019/09/22,2019/09/23,2,"9,1",14
Sorolla Centro,90896,NA,Valencia,1,1,€ 143,2019/09/22,2019/09/23,3,"9,1",14
The Flow House,4762375,Apartamentos,Valencia,1,1,€ 146,2019/09/22,2019/09/23,0,"9,4",14
MARQUÉS HOUSE 4* SUP,2118880,NA,Valencia,1,1,€ 149,2019/09/22,2019/09/23,4,"9,4",14
Sweet Caroline Apartment,1811784,Apartamento,Valencia,1,1,€ 150,2019/09/22,2019/09/23,0,"9,2",14
Apartamento Bolseria 28,881275,Apartamentos,Valencia,1,1,NA,2019/09/22,2019/09/23,0,"9,5",14
B BEACH VALENCIA,5125954,Apartamento,Valencia,1,1,€ 150,2019/09/22,2019/09/23,0,9,14
NH Collection Colón Valencia,3828811,NA,Valencia,1,1,€ 154,2019/09/22,2019/09/23,4,"9,2",14
Citizentral Juristas,1113127,Apartamentos,Valencia,1,1,€ 155,2019/09/22,2019/09/23,0,"9,2",14
Edificio Pentagono,4673669,Apartamento,Valencia,1,1,€ 160,2019/09/22,2019/09/23,0,"9,1",14
Live in Chianti Apartaments,2882632,Apartamentos,Valencia,1,1,€ 169,2019/09/22,2019/09/23,0,"9,1",14
Jardines del Turia - Espacioso apartamento,2734126,Apartamento,Valencia,1,1,€ 170,2019/09/22,2019/09/23,0,"9,1",14
Ayuntamiento Panoramic,3089239,Apartamento,Valencia,1,1,NA,2019/09/22,2019/09/23,0,"9,5",14
MyHomestay,2921259,NA,Valencia,1,1,€ 85,2019/09/22,2019/09/23,0,"7,6",14
Apartamento Alguer,4005334,Apartamento,Valencia,1,1,€ 90,2019/09/22,2019/09/23,0,"7,6",14
Apartamento Angel Alcazar 35,2174625,Apartamento,Valencia,1,1,€ 90,2019/09/22,2019/09/23,0,"7,5",14
El 16 Ruzafa,865461,Apartamentos,Valencia,1,1,€ 94,2019/09/22,2019/09/23,0,"7,7",14
Apartamento bianca,3205847,Apartamento,Valencia,1,1,NA,2019/09/22,2019/09/23,0,"9,2",14
Kirei Apartment Na Jordana,1702092,Apartamentos,Valencia,1,1,€ 101,2019/09/22,2019/09/23,0,"6,9",14
Miresa flats,5300418,Apartamento,Valencia,1,1,€ 125,2019/09/22,2019/09/23,0,"6,9",14
Casita Esmeralda,2040126,Casa o chalet,Valencia,1,1,€ 139,2019/09/22,2019/09/23,0,"6,5",14
Center Valencia,2944722,Casa o chalet,Valencia,1,1,NA,2019/09/22,2019/09/23,0,"9,3",14
Living Valencia - Patacona Beach 40,4049287,Apartamento,Valencia,1,1,€ 96,2019/09/22,2019/09/23,0,"7,8",14
Torres Quart,3702234,Apartamentos,Valencia,1,1,€ 96,2019/09/22,2019/09/23,0,"7,6",14
SEA YOU HOTEL PORT VALENCIA,92328,NA,Valencia,1,1,€ 96,2019/09/22,2019/09/23,4,"7,7",14
Suites by Eric Olsan (L),4287413,Apartamentos,Valencia,1,1,€ 98,2019/09/22,2019/09/23,0,"7,6",14
YourPlace Apartments,2896608,Apartamentos,Valencia,1,1,€ 104,2019/09/22,2019/09/23,0,"7,6",14
Art of Dance Apartment Valencia,3732969,Apartamento,Valencia,1,1,€ 105,2019/09/22,2019/09/23,0,"7,7",14
Apartamento Valencia Center,410101,Apartamentos,Valencia,1,1,NA,2019/09/22,2019/09/23,0,"9,4",14
Old Town Flats Casa Burguerini,4552106,Apartamentos,Valencia,1,1,€ 135,2019/09/22,2019/09/23,0,"7,7",14
Arena's Apartament,2156905,Apartamento,Valencia,1,1,€ 170,2019/09/22,2019/09/23,0,"9,1",14
Zerka Sendra,4657122,Apartamento,Valencia,1,1,€ 179,2019/09/22,2019/09/23,0,9,14
Hotel Boutique Balandret,1281710,NA,Valencia,1,1,€ 200,2019/09/22,2019/09/23,3,"9,2",14
Vincci Mercat,1279484,NA,Valencia,1,1,€ 209,2019/09/22,2019/09/23,4,9,14
Patacona Green Flats,292996,Apartamentos,Valencia,1,1,€ 136,2019/09/22,2019/09/23,0,"7,6",14
Kirei Apartment Calgary,4768322,Apartamento,Valencia,1,1,€ 137,2019/09/22,2019/09/23,0,"7,6",14
Apartment Valencia,348555,Apartamentos,Valencia,1,1,€ 139,2019/09/22,2019/09/23,0,"7,9",14
Friendly Rentals Danna,1634254,Apartamento,Valencia,1,1,€ 145,2019/09/22,2019/09/23,0,"7,7",14
Casual de las Artes Valencia,538056,NA,Valencia,1,1,€ 81,2019/09/22,2019/09/23,3,"8,4",14
Fun and Sun Center 2,2944416,NA,Valencia,1,1,€ 45,2019/09/22,2019/09/23,0,"6,1",14
Kirei Apartment San Agustin,1712323,Apartamentos,Valencia,1,1,€ 103,2019/09/22,2019/09/23,0,6,14
Kirei Apartment Denver,4585191,Apartamento,Valencia,1,1,€ 161,2019/09/22,2019/09/23,0,"6,3",14
Apartamentos El Olivo,1985143,Apartamento,Valencia,1,1,NA,2019/09/22,2019/09/23,0,"9,4",14
RoomTuristValencia - Ruzafa,4608394,NA,Valencia,1,1,€ 30,2019/09/22,2019/09/23,0,"5,6",14
Loft Superior el Carmen,2784473,Apartamento,Valencia,1,1,€ 212,2019/09/22,2019/09/23,0,"9,2",14
Las Arenas Balneario Resort,91144,NA,Valencia,1,1,€ 230,2019/09/22,2019/09/23,5,9,14
Apartamento Forn dels Apòstols,3122008,Apartamento,Valencia,1,1,NA,2019/09/22,2019/09/23,0,"9,6",14
Cozy apartment in Valencia center,3402135,Apartamentos,Valencia,1,1,€ 231,2019/09/22,2019/09/23,0,"9,2",14
Palacio de Rojas,1073276,Apartamentos,Valencia,1,1,€ 271,2019/09/22,2019/09/23,0,"9,3",14
El Globo,24498,NA,Valencia,1,1,€ 160,2019/09/22,2019/09/23,1,"7,8",14
Fun&Happy VLC Center,3542906,Apartamento,Valencia,1,1,NA,2019/09/22,2019/09/23,0,"9,3",14
MD Art Apartment Ruzafa,2550955,Apartamento,Valencia,1,1,€ 280,2019/09/22,2019/09/23,0,"7,6",14
MD Abastos Center,2551194,Apartamento,Valencia,1,1,€ 329,2019/09/22,2019/09/23,0,"7,7",14
MD Oliag I Apartment Ruzafa,2867488,Apartamento,Valencia,1,1,€ 373,2019/09/22,2019/09/23,0,"7,7",14
Caro Hotel,348132,NA,Valencia,1,1,€ 455,2019/09/22,2019/09/23,5,"9,2",14
The River Hostel,494202,NA,Valencia,1,1,€ 29,2019/09/22,2019/09/23,0,"8,5",14
Pensión Alicante,298710,NA,Valencia,1,1,€ 38,2019/09/22,2019/09/23,0,"8,5",14
Guest House Samuel Ros,4161855,NA,Valencia,1,1,€ 35,2019/09/22,2019/09/23,0,"7,3",14
feliz como en casa,3676196,NA,Valencia,1,1,€ 36,2019/09/22,2019/09/23,0,"7,1",14
Ilunion Aqua 3,92776,NA,Valencia,1,1,€ 85,2019/09/22,2019/09/23,3,"8,3",14
Glorieta,4217752,Apartamento,Valencia,1,1,NA,2019/09/22,2019/09/23,0,"9,7",14
Sweet Hotel Renasa,274818,NA,Valencia,1,1,€ 89,2019/09/22,2019/09/23,3,8,14
Sweet Hotel Continental,93856,NA,Valencia,1,1,€ 89,2019/09/22,2019/09/23,2,"8,3",14
APARTAMENTO LAS MELLIZAS,4651578,NA,Valencia,1,1,€ 45,2019/09/22,2019/09/23,0,"8,4",14
Sol Playa,12656,NA,Valencia,1,1,€ 90,2019/09/22,2019/09/23,2,"8,3",14
Reina 12,1684198,NA,Valencia,1,1,€ 90,2019/09/22,2019/09/23,0,"8,2",14
MD Modern Hotel - Jardines,305447,NA,Valencia,1,1,€ 92,2019/09/22,2019/09/23,1,"8,2",14
Hostal Antigua Morellana,1273937,NA,Valencia,1,1,NA,2019/09/22,2019/09/23,1,"9,5",14
Silken Puerta Valencia,91182,NA,Valencia,1,1,€ 92,2019/09/22,2019/09/23,4,"8,3",14
NWT Central Station Apartments,3964093,Apartamento,Valencia,1,1,€ 104,2019/09/22,2019/09/23,0,"8,2",14
Atico Ciutat Vella,3446230,Apartamentos,Valencia,1,1,€ 105,2019/09/22,2019/09/23,0,"8,4",14
Hotel Conqueridor,91047,NA,Valencia,1,1,€ 108,2019/09/22,2019/09/23,4,"8,4",14
Dreams Rental Valencia Catedral,1541067,Apartamentos,Valencia,1,1,€ 115,2019/09/22,2019/09/23,0,"8,1",14
Zerka Centro,4425975,Apartamentos,Valencia,1,1,€ 129,2019/09/22,2019/09/23,0,"8,3",14
TTdSSa VLC: Plaza Cisneros- 2- 5 pax 3 Bedrooms,4069293,Apartamento,Valencia,1,1,NA,2019/09/22,2019/09/23,0,"9,7",14
Friendly Rentals Puerto Deportivo,2317861,Apartamentos,Valencia,1,1,€ 135,2019/09/22,2019/09/23,0,"8,1",14
Malvarrosa Calle Pavia,3608764,Casa o chalet,Valencia,1,1,€ 140,2019/09/22,2019/09/23,0,"8,1",14
Apartamento Obispo don Jerónimo,2079020,Apartamento,Valencia,1,1,€ 148,2019/09/22,2019/09/23,0,"8,2",14
Apartamento cerca de la playa y Ciudad de las Ciencias,4576062,Apartamento,Valencia,1,1,€ 154,2019/09/22,2019/09/23,0,8,14
Friendly rentals Enesco Beach,2526514,Apartamento,Valencia,1,1,€ 155,2019/09/22,2019/09/23,0,8,14
Apartment Sun & Light near the beach,4479540,Apartamento,Valencia,1,1,€ 162,2019/09/22,2019/09/23,0,"8,3",14
Loft in ehemaligem Fischer Haus,2952760,Apartamento,Valencia,1,1,NA,2019/09/22,2019/09/23,0,"9,5",14
Friendly Rentals Evans,1634220,Apartamentos,Valencia,1,1,€ 180,2019/09/22,2019/09/23,0,"8,4",14
Vlc Apartaments el Carmen,389902,Apartamentos,Valencia,1,1,€ 220,2019/09/22,2019/09/23,0,"8,2",14
Musico Peydro Apartments,3765069,Apartamentos,Valencia,1,1,€ 285,2019/09/22,2019/09/23,0,8,14
MD Sueca. Apartment with Terrace Ruzafa,2551179,Apartamento,Valencia,1,1,€ 373,2019/09/22,2019/09/23,0,"8,2",14
MD Vila Barbera Apartment Center,1957253,Apartamento,Valencia,1,1,€ 388,2019/09/22,2019/09/23,0,"8,3",14
Hotel Valencia Oceanic Managed by Melia Hotels International,91522,NA,Valencia,1,1,€ 81,2019/09/22,2019/09/23,4,"8,6",14
Casual del Cine Valencia,572187,NA,Valencia,1,1,€ 81,2019/09/22,2019/09/23,2,"8,6",14
Luxury Center Plaza Redonda,5138960,Apartamento,Valencia,1,1,NA,2019/09/22,2019/09/23,0,"9,8",14
Casual Vintage Valencia,1710241,NA,Valencia,1,1,€ 86,2019/09/22,2019/09/23,2,"8,6",14
MODERNO Y ACOGEDOR FRENTE A RUZAFA Y CERCA DEL CENTRO,4490444,Apartamento,Valencia,1,1,€ 86,2019/09/22,2019/09/23,0,"8,8",14
Apartments Trinitarios,364825,Apartamentos,Valencia,1,1,€ 87,2019/09/22,2019/09/23,0,"8,9",14
Melia Valencia,290493,NA,Valencia,1,1,€ 93,2019/09/22,2019/09/23,4,"8,8",14
Ad Hoc Carmen,1173270,NA,Valencia,1,1,€ 96,2019/09/22,2019/09/23,2,"8,9",14
Suites by Eric Olsan (Florista),4726450,Apartamentos,Valencia,1,1,€ 97,2019/09/22,2019/09/23,0,"8,7",14
Apartamento Bolseria 28,881275,Apartamentos,Valencia,1,1,NA,2019/09/22,2019/09/23,0,"9,5",14
AC Hotel Valencia- a Marriott Lifestyle Hotel,91063,NA,Valencia,1,1,€ 97,2019/09/22,2019/09/23,4,"8,5",14
El Palacete Gran Via,3483148,NA,Valencia,1,1,€ 99,2019/09/22,2019/09/23,0,"8,8",14
Barceló Valencia,91988,NA,Valencia,1,1,€ 99,2019/09/22,2019/09/23,4,"8,7",14
Blanq Carmen Hotel,97069,NA,Valencia,1,1,€ 101,2019/09/22,2019/09/23,3,"8,7",14
Valenciaflats Centro Histórico,94781,Apartamentos,Valencia,1,1,€ 101,2019/09/22,2019/09/23,0,"8,7",14
Petit Palace Ruzafa,90792,NA,Valencia,1,1,€ 103,2019/09/22,2019/09/23,3,"8,7",14
Ayuntamiento Panoramic,3089239,Apartamento,Valencia,1,1,NA,2019/09/22,2019/09/23,0,"9,5",14
Zenit Valencia,92327,NA,Valencia,1,1,€ 104,2019/09/22,2019/09/23,4,"8,8",14
Melia Plaza Valencia,13270,NA,Valencia,1,1,€ 105,2019/09/22,2019/09/23,4,"8,9",14
Plaza Sainetero Arniches,3984774,Apartamento,Valencia,1,1,€ 107,2019/09/22,2019/09/23,0,"8,5",14
Perla Apartments,3146781,Apartamentos,Valencia,1,1,€ 108,2019/09/22,2019/09/23,0,"8,8",14
One Shot Colón 46,1394168,NA,Valencia,1,1,€ 109,2019/09/22,2019/09/23,3,"8,7",14
Catalonia Excelsior,90578,NA,Valencia,1,1,€ 110,2019/09/22,2019/09/23,3,"8,7",14
Apartamento Forn dels Apòstols,3122008,Apartamento,Valencia,1,1,NA,2019/09/22,2019/09/23,0,"9,6",14
Lotelito,570027,NA,Valencia,1,1,€ 110,2019/09/22,2019/09/23,0,"8,9",14
New Trendy apartment,2426154,Apartamento,Valencia,1,1,€ 110,2019/09/22,2019/09/23,0,"8,7",14
BUBUFLATS Mossén,1141763,Apartamentos,Valencia,1,1,€ 110,2019/09/22,2019/09/23,0,"8,9",14
Ad Hoc Monumental,90719,NA,Valencia,1,1,€ 111,2019/09/22,2019/09/23,3,"8,6",14
Biopark View Apartment,2381901,Apartamento,Valencia,1,1,€ 111,2019/09/22,2019/09/23,0,"8,9",14
Boutique Creative Rooms,2334726,NA,Valencia,1,1,€ 113,2019/09/22,2019/09/23,0,"8,7",14
City Center Atico 360,3025679,Apartamento,Valencia,1,1,NA,2019/09/22,2019/09/23,0,"9,5",14
Stylish newly renovated in great location /WIFI,3661070,Apartamento,Valencia,1,1,€ 115,2019/09/22,2019/09/23,0,"8,6",14
Apartments Plaza Ayuntamiento,3506736,Apartamento,Valencia,1,1,€ 115,2019/09/22,2019/09/23,0,"8,7",14
Friendly Rentals Nyman,3245521,Apartamento,Valencia,1,1,€ 115,2019/09/22,2019/09/23,0,"8,9",14
Petit Palace Plaza de la Reina,90443,NA,Valencia,1,1,€ 119,2019/09/22,2019/09/23,3,"8,7",14
One Shot Palacio Reina Victoria 04,90885,NA,Valencia,1,1,€ 119,2019/09/22,2019/09/23,4,"8,6",14
Flatsforyou Ruzafa,3342696,Apartamentos,Valencia,1,1,€ 120,2019/09/22,2019/09/23,0,"8,8",14
APARTAMENTO DE DISEÑO EN PLAZA MANISES,2823390,Apartamento,Valencia,1,1,NA,2019/09/22,2019/09/23,0,"9,7",14
Hotel Mediterraneo Valencia,92412,NA,Valencia,1,1,€ 130,2019/09/22,2019/09/23,3,"8,8",14
SH Valencia Palace,91497,NA,Valencia,1,1,€ 130,2019/09/22,2019/09/23,5,"8,5",14
Plaza de la Virgen,3167342,Apartamento,Valencia,1,1,€ 130,2019/09/22,2019/09/23,0,"8,8",14
Vincci Palace,94163,NA,Valencia,1,1,€ 132,2019/09/22,2019/09/23,4,"8,6",14
AC Hotel Colon Valencia- a Marriott Lifestyle Hotel,1117150,NA,Valencia,1,1,€ 134,2019/09/22,2019/09/23,4,"8,7",14
Welcome Platanos 13 Valencia Beautiful apartments with terrace,5095795,Apartamento,Valencia,1,1,€ 134,2019/09/22,2019/09/23,0,"8,5",14
Mestalla Sunny Apartment,3294381,Apartamento,Valencia,1,1,€ 135,2019/09/22,2019/09/23,0,"8,8",14
FREE WI-FI. Apartamentos 90 м2 - Assutzena 5,4828764,Apartamento,Valencia,1,1,€ 136,2019/09/22,2019/09/23,0,"8,7",14
ValentiaApartments - MercadoCentral,4185241,Apartamentos,Valencia,1,1,€ 138,2019/09/22,2019/09/23,0,"8,7",14
Friendly Rentals Verdi 2,2523881,Apartamento,Valencia,1,1,€ 140,2019/09/22,2019/09/23,0,"8,7",14
SH Ingles Boutique Hotel,92956,NA,Valencia,1,1,€ 145,2019/09/22,2019/09/23,4,"8,5",14
Friendly Rentals Ferrero,2314984,Apartamento,Valencia,1,1,€ 145,2019/09/22,2019/09/23,0,"8,6",14
Citizentral Gascons,332095,Apartamentos,Valencia,1,1,€ 147,2019/09/22,2019/09/23,0,"8,7",14
Apartamento Gran Vía Marqués del Turia,2358973,Apartamento,Valencia,1,1,€ 149,2019/09/22,2019/09/23,0,"8,5",14
Hotel Gabbeach,403586,NA,Valencia,1,1,€ 158,2019/09/22,2019/09/23,3,"8,5",14
Hotel Neptuno,91206,NA,Valencia,1,1,€ 167,2019/09/22,2019/09/23,4,"8,5",14
Hotel El Siglo,1741479,NA,Valencia,1,1,€ 169,2019/09/22,2019/09/23,3,"8,5",14
Friendly Rentals Gala,1634252,Apartamento,Valencia,1,1,€ 175,2019/09/22,2019/09/23,0,"8,8",14
