name,propertyId,propertyType,city,rooms,days,price,checkIn,checkOut,stars,score,advance
Apartment Carrer de Cadis,5531328,Apartamentos,Valencia,1,1,€ 648,2019/10/03,2019/10/04,0,,14
Apartamento con terraza,5238122,Apartahotel,Valencia,1,1,€ 770,2019/10/03,2019/10/04,0,,14
Your Home at Valencia- El Carme,3692617,Apartamento,Valencia,1,1,NA,2019/10/03,2019/10/04,0,"9,4",14
Gulet Why Not,5199364,NA,Valencia,1,1,€ 3.000,2019/10/03,2019/10/04,0,,14
Habitación con cama doble,4794909,NA,Valencia,1,1,€ 36,2019/10/03,2019/10/04,0,"6,7",14
VLC Downtown Flats,4637615,Apartamentos,Valencia,1,1,NA,2019/10/03,2019/10/04,0,"9,1",14
Ruzafa Rooms,2891693,NA,Valencia,1,1,€ 50,2019/10/03,2019/10/04,0,"6,9",14
Suites by Eric Olsan (L),4287413,Apartamentos,Valencia,1,1,€ 89,2019/10/03,2019/10/04,0,"7,6",14
OYO Pensión El Rincón,476031,NA,Valencia,1,1,€ 89,2019/10/03,2019/10/04,1,"7,6",14
Apartamento Comedias,2236348,Apartamento,Valencia,1,1,NA,2019/10/03,2019/10/04,0,"9,7",14
Apartamento Alguer,4005334,Apartamento,Valencia,1,1,€ 90,2019/10/03,2019/10/04,0,"7,6",14
Soho Valencia,1538641,Apartahotel,Valencia,1,1,€ 124,2019/10/03,2019/10/04,0,9,14
Live in Chianti Apartaments,2882632,Apartamentos,Valencia,1,1,€ 128,2019/10/03,2019/10/04,0,9,14
Travel Habitat Ático Ciutat Vella.,3264750,Apartamento,Valencia,1,1,NA,2019/10/03,2019/10/04,0,"9,5",14
El Globo,24498,NA,Valencia,1,1,€ 96,2019/10/03,2019/10/04,1,"7,8",14
Oceanográfico Apartments & Spa,324918,Apartamentos,Valencia,1,1,€ 98,2019/10/03,2019/10/04,0,"7,6",14
Your home in Valencia,2215828,Apartamento,Valencia,1,1,€ 100,2019/10/03,2019/10/04,0,"7,9",14
Ilunion Valencia 3,92818,NA,Valencia,1,1,€ 101,2019/10/03,2019/10/04,3,"7,9",14
MD Design Hotel - Portal del Real,2391685,NA,Valencia,1,1,€ 128,2019/10/03,2019/10/04,2,"9,1",14
Hotel Valencia Alameda,4019381,NA,Valencia,1,1,€ 129,2019/10/03,2019/10/04,4,"9,3",14
Apartment Plaza de la Merced,3457190,Apartamento,Valencia,1,1,€ 110,2019/10/03,2019/10/04,0,"7,9",14
Barracart Apartments,2125836,Apartamentos,Valencia,1,1,NA,2019/10/03,2019/10/04,0,"9,6",14
Casual de la Música Valencia,273130,NA,Valencia,1,1,€ 118,2019/10/03,2019/10/04,2,"7,5",14
STYLISH APARTMENT - CITY CENTER,2861517,Apartamento,Valencia,1,1,€ 120,2019/10/03,2019/10/04,0,"7,8",14
SEA YOU HOTEL PORT VALENCIA,92328,NA,Valencia,1,1,€ 126,2019/10/03,2019/10/04,4,"7,7",14
Citizentral Juristas,1113127,Apartamentos,Valencia,1,1,€ 129,2019/10/03,2019/10/04,0,"9,2",14
Kasa Katia Eco Guest House,636256,NA,Valencia,1,1,€ 130,2019/10/03,2019/10/04,0,"9,4",14
Apartamento centro frente a Torres de Serrano,3408067,Apartamento,Valencia,1,1,€ 130,2019/10/03,2019/10/04,0,"9,4",14
Mon Suites Catedral,485679,Apartamentos,Valencia,1,1,€ 138,2019/10/03,2019/10/04,0,"9,2",14
Ambrosio Flats Valencia - El Mercat,3131649,Apartamento,Valencia,1,1,NA,2019/10/03,2019/10/04,0,"9,5",14
Loft zona Pechina en Valencia centro,2524985,Apartamento,Valencia,1,1,€ 138,2019/10/03,2019/10/04,0,"9,2",14
Casual Socarrat Valencia,5142800,NA,Valencia,1,1,€ 140,2019/10/03,2019/10/04,3,"9,2",14
Mon Suites San Martin,2777545,Apartamentos,Valencia,1,1,€ 143,2019/10/03,2019/10/04,0,"9,4",14
Kirei Apartment Calgary,4768322,Apartamento,Valencia,1,1,€ 137,2019/10/03,2019/10/04,0,"7,6",14
Checkin Valencia,93743,NA,Valencia,1,1,€ 146,2019/10/03,2019/10/04,4,"7,8",14
Spain Host Valencia- Plaza del Ayuntamiento,2257049,Apartamentos,Valencia,1,1,€ 150,2019/10/03,2019/10/04,0,"7,5",14
Apartments Torres de Serranos Valencia,1099602,Apartamentos,Valencia,1,1,NA,2019/10/03,2019/10/04,0,"9,6",14
Old Town Flats Casa Burguerini,4552106,Apartamentos,Valencia,1,1,€ 151,2019/10/03,2019/10/04,0,"7,8",14
Select Home Paz Apartment,1687820,Apartamento,Valencia,1,1,€ 300,2019/10/03,2019/10/04,0,"7,8",14
MD Art Apartment Ruzafa,2550955,Apartamento,Valencia,1,1,€ 313,2019/10/03,2019/10/04,0,"7,6",14
MD Pelayo with terrace,1979067,Apartamento,Valencia,1,1,€ 313,2019/10/03,2019/10/04,0,"7,8",14
MD Benlliure Beach.,1957258,Apartamento,Valencia,1,1,€ 313,2019/10/03,2019/10/04,0,"7,9",14
MD Oliag I Apartment Ruzafa,2867488,Apartamento,Valencia,1,1,€ 387,2019/10/03,2019/10/04,0,"7,7",14
Holiday Inn Express Ciudad de las Ciencias,96737,NA,Valencia,1,1,€ 108,2019/10/03,2019/10/04,3,8,14
Palau de Palomar,471283,Apartamentos,Valencia,1,1,€ 149,2019/10/03,2019/10/04,0,"9,1",14
Sweet Caroline Apartment,1811784,Apartamento,Valencia,1,1,€ 150,2019/10/03,2019/10/04,0,"9,2",14
Edificio Pentagono,4673669,Apartamento,Valencia,1,1,€ 155,2019/10/03,2019/10/04,0,9,14
Ayuntamiento Panoramic,3089239,Apartamento,Valencia,1,1,NA,2019/10/03,2019/10/04,0,"9,5",14
Valenciaflats Mercado Central,307677,Apartamentos,Valencia,1,1,€ 166,2019/10/03,2019/10/04,0,9,14
ApartUP Patacona Deluxe,2565246,Apartamento,Valencia,1,1,NA,2019/10/03,2019/10/04,0,"9,6",14
63 Carrer d'Ernest Anastasio,4594613,NA,Valencia,1,1,€ 26,2019/10/03,2019/10/04,0,"7,4",14
Guest House Samuel Ros,4161855,NA,Valencia,1,1,€ 30,2019/10/03,2019/10/04,0,"7,3",14
feliz como en casa,3676196,NA,Valencia,1,1,€ 36,2019/10/03,2019/10/04,0,"7,2",14
Hostal Residencial RR,450746,NA,Valencia,1,1,€ 38,2019/10/03,2019/10/04,0,7,14
Hostal Waksman,281139,NA,Valencia,1,1,€ 38,2019/10/03,2019/10/04,1,"7,3",14
Zerka Sendra,4657122,Apartamento,Valencia,1,1,€ 179,2019/10/03,2019/10/04,0,9,14
MYR Hotel Plaza Mercado & Spa,1619029,Apartahotel,Valencia,1,1,€ 193,2019/10/03,2019/10/04,0,"9,2",14
Jardines del Turia - Espacioso apartamento,2734126,Apartamento,Valencia,1,1,€ 200,2019/10/03,2019/10/04,0,"9,1",14
Hostal Venecia,92883,NA,Valencia,1,1,€ 205,2019/10/03,2019/10/04,2,"9,1",14
Loft Superior el Carmen,2784473,Apartamento,Valencia,1,1,€ 209,2019/10/03,2019/10/04,0,"9,2",14
Duplex+Swimming pool+private entrance=Housen of LOVE,2999152,Apartamento,Valencia,1,1,NA,2019/10/03,2019/10/04,0,"9,5",14
Ca Carmela,2466364,Casa o chalet,Valencia,1,1,€ 225,2019/10/03,2019/10/04,0,"9,1",14
NH Collection Colón Valencia,3828811,NA,Valencia,1,1,€ 228,2019/10/03,2019/10/04,4,"9,2",14
Old Fisherman's House in Malvarrosa Beach,3618172,Apartamento,Valencia,1,1,€ 230,2019/10/03,2019/10/04,0,"9,4",14
Las Arenas Balneario Resort,91144,NA,Valencia,1,1,€ 297,2019/10/03,2019/10/04,5,9,14
Vincci Mercat,1279484,NA,Valencia,1,1,€ 330,2019/10/03,2019/10/04,4,9,14
Friendly Rentals Puerto Deportivo,2317861,Apartamentos,Valencia,1,1,€ 110,2019/10/03,2019/10/04,0,"8,2",14
Lounge by the sea,4756780,Apartamento,Valencia,1,1,NA,2019/10/03,2019/10/04,0,"9,8",14
Valenciaflats Torres de Serrano,17468,Apartamentos,Valencia,1,1,€ 110,2019/10/03,2019/10/04,0,"8,3",14
Ilunion Aqua 3,92776,NA,Valencia,1,1,€ 114,2019/10/03,2019/10/04,3,"8,3",14
Hotel Medium Valencia,96838,NA,Valencia,1,1,€ 117,2019/10/03,2019/10/04,4,"8,1",14
Apartamentos Sollana 18 Cerca de les Arts i les Ciencies Valencia- FREE WI-FI,5232423,Apartamento,Valencia,1,1,€ 118,2019/10/03,2019/10/04,0,"8,1",14
Apartamento frente al mar,3060802,Apartamento,Valencia,1,1,€ 120,2019/10/03,2019/10/04,0,"8,4",14
NH Ciudad de Valencia,90729,NA,Valencia,1,1,€ 127,2019/10/03,2019/10/04,3,"8,1",14
Ático Valencia Centro,4358939,Apartamento,Valencia,1,1,NA,2019/10/03,2019/10/04,0,"9,8",14
Zerka Centro,4425975,Apartamentos,Valencia,1,1,€ 129,2019/10/03,2019/10/04,0,"8,3",14
Senator Parque Central Hotel,274963,NA,Valencia,1,1,€ 134,2019/10/03,2019/10/04,4,"8,1",14
Silken Puerta Valencia,91182,NA,Valencia,1,1,€ 143,2019/10/03,2019/10/04,4,"8,3",14
Hotel Conqueridor,91047,NA,Valencia,1,1,€ 144,2019/10/03,2019/10/04,4,"8,4",14
Friendly Rentals Telemann,1634241,Apartamento,Valencia,1,1,€ 145,2019/10/03,2019/10/04,0,"8,1",14
NH Valencia Center,90727,NA,Valencia,1,1,€ 147,2019/10/03,2019/10/04,4,"8,3",14
Casa Botànic - Céntrico y con comodidades,4218273,Apartamento,Valencia,1,1,NA,2019/10/03,2019/10/04,0,"9,9",14
Casual de las Artes Valencia,538056,NA,Valencia,1,1,€ 149,2019/10/03,2019/10/04,3,"8,4",14
El Coso,14580,NA,Valencia,1,1,€ 150,2019/10/03,2019/10/04,3,"8,2",14
NH Valencia Las Artes,90731,NA,Valencia,1,1,€ 162,2019/10/03,2019/10/04,4,"8,4",14
Friendly Rentals Evans,1634220,Apartamentos,Valencia,1,1,€ 165,2019/10/03,2019/10/04,0,"8,4",14
Hotel Valencia Center,91285,NA,Valencia,1,1,€ 168,2019/10/03,2019/10/04,4,"8,4",14
Vlc Apartaments el Carmen,389902,Apartamentos,Valencia,1,1,€ 214,2019/10/03,2019/10/04,0,"8,2",14
BONNIES Suites & Spa Valencia,3631910,Apartamentos,Valencia,1,1,NA,2019/10/03,2019/10/04,0,"9,8",14
Ilunion Valencia 4,754329,NA,Valencia,1,1,€ 231,2019/10/03,2019/10/04,4,"8,1",14
Musico Peydro Apartments,3765069,Apartamentos,Valencia,1,1,€ 313,2019/10/03,2019/10/04,0,8,14
UP Hostel Valencia,1710137,NA,Valencia,1,1,€ 24,2019/10/03,2019/10/04,0,"7,8",14
Hostal El Cid,309465,NA,Valencia,1,1,€ 28,2019/10/03,2019/10/04,2,"7,6",14
Pensión Universal,304276,NA,Valencia,1,1,€ 29,2019/10/03,2019/10/04,0,"7,9",14
LOFT apartamento duplex en Valencia con parking,5519008,Apartamento,Valencia,1,1,€ 65,2019/10/03,2019/10/04,0,,14
Espai One Santa Mónica,5471724,Apartamento,Valencia,1,1,€ 75,2019/10/03,2019/10/04,0,"9,8",14
VALENCIA APARTAMENTO GOYA,4256653,Apartamento,Valencia,1,1,NA,2019/10/03,2019/10/04,0,10,14
United Colors of Apartments Boutique Style,5372347,Apartamentos,Valencia,1,1,€ 79,2019/10/03,2019/10/04,0,"9,8",14
Hostal Antigua Morellana,1273937,NA,Valencia,1,1,€ 80,2019/10/03,2019/10/04,1,"9,5",14
L'Esplai Valencia Bed & Breakfast,1282556,NA,Valencia,1,1,€ 91,2019/10/03,2019/10/04,0,"9,6",14
Opera House Valencia B&B,3533887,NA,Valencia,1,1,€ 108,2019/10/03,2019/10/04,0,"9,5",14
Disfruta - Enjoy Valencia Ayuntamiento,4901194,Apartamento,Valencia,1,1,€ 119,2019/10/03,2019/10/04,0,"9,6",14
RUZAFA- CENTRO-A/C- WI-FI- PARKING,2885994,Apartamento,Valencia,1,1,€ 120,2019/10/03,2019/10/04,0,"9,7",14
Nest Style Valencia -Nueva apertura-,5219046,NA,Valencia,1,1,NA,2019/10/03,2019/10/04,3,"9,6",14
Apartments Downtown Valencia,2250421,Apartamentos,Valencia,1,1,€ 120,2019/10/03,2019/10/04,0,"9,6",14
15 Avinguda Mare Nostrum,4518973,Apartamento,Valencia,1,1,€ 125,2019/10/03,2019/10/04,0,"9,7",14
Ramirez Flats & Bar,4124528,Apartahotel,Valencia,1,1,€ 144,2019/10/03,2019/10/04,0,"9,5",14
Disfruta - Enjoy Valencia Centre,3881970,Apartamento,Valencia,1,1,€ 145,2019/10/03,2019/10/04,0,"9,8",14
Disfruta - Enjoy Valencia Ruzafa,3890328,Apartamento,Valencia,1,1,€ 145,2019/10/03,2019/10/04,0,"9,7",14
Disfruta - Enjoy Valencia Oceanografic,4121345,Apartamento,Valencia,1,1,€ 149,2019/10/03,2019/10/04,0,"9,6",14
Colors Rooms,675839,NA,Valencia,1,1,NA,2019/10/03,2019/10/04,0,"9,6",14
MARQUÉS HOUSE 4* SUP,2118880,NA,Valencia,1,1,€ 279,2019/10/03,2019/10/04,4,"9,5",14
MD PASEO RUZAFA CENTER,5374850,Apartamento,Valencia,1,1,€ 1.030,2019/10/03,2019/10/04,0,"9,5",14
Art&Flats Bed&Breakfast,5238345,NA,Valencia,1,1,€ 30,2019/10/03,2019/10/04,0,9,14
Cantagua Hostel,4074640,NA,Valencia,1,1,€ 37,2019/10/03,2019/10/04,0,"9,1",14
Habitación privada a 1500 metros de la playa,3789910,NA,Valencia,1,1,€ 60,2019/10/03,2019/10/04,0,"9,2",14
YOU & CO. Saler Beach Boutique,4533007,NA,Valencia,1,1,€ 62,2019/10/03,2019/10/04,3,"9,1",14
Experiencia en Caravana,5441777,NA,Valencia,1,1,NA,2019/10/03,2019/10/04,0,"9,5",14
Una Ubicacion Perfecta,3114164,Apartamentos,Valencia,1,1,€ 64,2019/10/03,2019/10/04,0,"9,1",14
Live in Chianti,2227491,NA,Valencia,1,1,€ 75,2019/10/03,2019/10/04,0,"9,1",14
Turia Burjassot 12,3237353,Apartamento,Valencia,1,1,€ 75,2019/10/03,2019/10/04,0,9,14
Blanq Comedias,4922002,NA,Valencia,1,1,€ 81,2019/10/03,2019/10/04,0,"9,1",14
Calle de Frederica Montseny 'Política' Casa o chalet,5152866,Casa o chalet,Valencia,1,1,€ 85,2019/10/03,2019/10/04,0,"9,4",14
Vincci Palace,94163,NA,Valencia,1,1,€ 275,2019/10/03,2019/10/04,4,"8,6",14
SH Valencia Palace,91497,NA,Valencia,1,1,€ 290,2019/10/03,2019/10/04,5,"8,5",14
Lounge by the sea,4756780,Apartamento,Valencia,1,1,NA,2019/10/03,2019/10/04,0,"9,8",14
Hotel San Lorenzo Boutique,1307718,NA,Valencia,1,1,€ 324,2019/10/03,2019/10/04,3,"8,6",14
Melia Plaza Valencia,13270,NA,Valencia,1,1,€ 330,2019/10/03,2019/10/04,4,"8,9",14
Hospes Palau de La Mar,93823,NA,Valencia,1,1,€ 392,2019/10/03,2019/10/04,5,"8,8",14
Urban Youth Hostel,1163025,NA,Valencia,1,1,€ 23,2019/10/03,2019/10/04,0,"8,4",14
Center Valencia Youth Hostel,246931,NA,Valencia,1,1,€ 24,2019/10/03,2019/10/04,0,8,14
Habitación en valencia centro,5418023,NA,Valencia,1,1,€ 35,2019/10/03,2019/10/04,0,"8,3",14
Casa Botànic - Céntrico y con comodidades,4218273,Apartamento,Valencia,1,1,NA,2019/10/03,2019/10/04,0,"9,9",14
Habitación en piso compartido,5433175,NA,Valencia,1,1,€ 40,2019/10/03,2019/10/04,0,8,14
Valero Vintage,3315727,NA,Valencia,1,1,€ 40,2019/10/03,2019/10/04,0,8,14
Aventura,5567318,Apartamentos,Valencia,1,1,€ 40,2019/10/03,2019/10/04,0,"8,2",14
B&B Una Habitación Propia,1450279,NA,Valencia,1,1,€ 42,2019/10/03,2019/10/04,0,"8,2",14
Purple Nest Hostel,25278,NA,Valencia,1,1,€ 43,2019/10/03,2019/10/04,0,"8,2",14
Habitacion en Valencia Barata,4861796,NA,Valencia,1,1,€ 45,2019/10/03,2019/10/04,0,"8,2",14
BONNIES Suites & Spa Valencia,3631910,Apartamentos,Valencia,1,1,NA,2019/10/03,2019/10/04,0,"9,8",14
Habitacion Barata Valencia,3931013,NA,Valencia,1,1,€ 45,2019/10/03,2019/10/04,0,8,14
Rio Turia B&B,5531073,NA,Valencia,1,1,€ 48,2019/10/03,2019/10/04,0,8,14
Red Nest Hostel,92283,NA,Valencia,1,1,€ 49,2019/10/03,2019/10/04,0,"8,2",14
Casa Mati,4217185,NA,Valencia,1,1,€ 50,2019/10/03,2019/10/04,0,"8,2",14
B&B Hi Valencia Canovas,305349,NA,Valencia,1,1,€ 52,2019/10/03,2019/10/04,0,"8,4",14
Como en casa,4802186,NA,Valencia,1,1,€ 54,2019/10/03,2019/10/04,0,"8,1",14
Valencia center,3168460,Apartamento,Valencia,1,1,NA,2019/10/03,2019/10/04,0,"9,8",14
Dormavalencia Hostel Regne,291755,NA,Valencia,1,1,€ 55,2019/10/03,2019/10/04,1,8,14
Pension MonaLisa Luxury Suites,3834224,NA,Valencia,1,1,€ 56,2019/10/03,2019/10/04,0,"8,3",14
Hostal Abastos,257057,NA,Valencia,1,1,€ 60,2019/10/03,2019/10/04,2,"8,2",14
Aparthotel Valencia Rental,17344,Apartahotel,Valencia,1,1,€ 61,2019/10/03,2019/10/04,0,8,14
L'Otelet By Sweet,1467935,NA,Valencia,1,1,€ 64,2019/10/03,2019/10/04,0,"8,3",14
Reina 12,1684198,NA,Valencia,1,1,€ 64,2019/10/03,2019/10/04,0,"8,3",14
La seda stay,3335523,Apartamento,Valencia,1,1,NA,2019/10/03,2019/10/04,0,"9,7",14
Down Town,1656378,Apartamentos,Valencia,1,1,€ 67,2019/10/03,2019/10/04,0,"8,3",14
Eurostars Gran Valencia,90484,NA,Valencia,1,1,€ 68,2019/10/03,2019/10/04,4,"8,4",14
Nanit Valencia Hostel,3913497,NA,Valencia,1,1,€ 69,2019/10/03,2019/10/04,0,"8,3",14
SHF Flats Baron,1033085,Apartamentos,Valencia,1,1,€ 70,2019/10/03,2019/10/04,0,8,14
Apartamentos Marina Beach,2661874,Apartamentos,Valencia,1,1,€ 70,2019/10/03,2019/10/04,0,"8,2",14
Happy Apartments Valencia,456043,Apartamentos,Valencia,1,1,€ 71,2019/10/03,2019/10/04,0,"8,2",14
Apartment Cabanyal,3172456,Apartamento,Valencia,1,1,NA,2019/10/03,2019/10/04,0,"9,7",14
Hotel Olympia Universidades,1301731,NA,Valencia,1,1,€ 71,2019/10/03,2019/10/04,3,"8,4",14
United Colors of Apartments - Catedral,1301545,Apartamentos,Valencia,1,1,€ 74,2019/10/03,2019/10/04,0,"8,2",14
City Suites Apartments,3091106,NA,Valencia,1,1,€ 74,2019/10/03,2019/10/04,0,"8,4",14
Apartamentos el Pilar,237104,Apartamentos,Valencia,1,1,€ 75,2019/10/03,2019/10/04,0,8,14
Dormavalencia Hostel,249585,NA,Valencia,1,1,€ 77,2019/10/03,2019/10/04,1,"8,2",14
Sweet Hotel Renasa,274818,NA,Valencia,1,1,€ 79,2019/10/03,2019/10/04,3,8,14
Apartamento Ciudad de las Artes y las Ciencias,4353552,Apartamento,Valencia,1,1,€ 80,2019/10/03,2019/10/04,0,"8,3",14
Apartment Vicent,1674495,Apartamentos,Valencia,1,1,€ 80,2019/10/03,2019/10/04,0,"8,3",14
Residencia Universitaria Damia Bonet,247451,NA,Valencia,1,1,€ 85,2019/10/03,2019/10/04,0,"8,3",14
Tryp Valencia Feria,92852,NA,Valencia,1,1,€ 89,2019/10/03,2019/10/04,4,"8,4",14
Sol Playa,12656,NA,Valencia,1,1,€ 91,2019/10/03,2019/10/04,2,"8,3",14
MD Modern Hotel - Jardines,305447,NA,Valencia,1,1,€ 99,2019/10/03,2019/10/04,1,"8,3",14
Hotel Miramar,23332,NA,Valencia,1,1,€ 99,2019/10/03,2019/10/04,2,"8,4",14
Plaza Del Carmen,1737254,Apartamento,Valencia,1,1,€ 100,2019/10/03,2019/10/04,0,8,14
NH Valencia Las Ciencias,90725,NA,Valencia,1,1,€ 101,2019/10/03,2019/10/04,3,8,14
Sweet Hotel Continental,93856,NA,Valencia,1,1,€ 104,2019/10/03,2019/10/04,2,"8,3",14
NWT Central Station Apartments,3964093,Apartamento,Valencia,1,1,€ 104,2019/10/03,2019/10/04,0,"8,2",14
Eurostars Rey Don Jaime,91520,NA,Valencia,1,1,€ 107,2019/10/03,2019/10/04,4,"8,2",14
APARTAMENTO LAS MELLIZAS,4651578,NA,Valencia,1,1,€ 45,2019/10/03,2019/10/04,0,"8,5",14
Casa de Maria,2467712,Apartamento,Valencia,1,1,€ 90,2019/10/03,2019/10/04,0,"8,5",14
Travel Habitat Ático Ciutat Vella.,3264750,Apartamento,Valencia,1,1,NA,2019/10/03,2019/10/04,0,"9,5",14
Casa del Patriarca,364834,NA,Valencia,1,1,€ 90,2019/10/03,2019/10/04,0,"8,9",14
València Centre Túria,2185255,Apartamento,Valencia,1,1,€ 94,2019/10/03,2019/10/04,0,"8,8",14
Perla Apartments,3146781,Apartamentos,Valencia,1,1,€ 95,2019/10/03,2019/10/04,0,"8,7",14
Boutique Creative Rooms,2334726,NA,Valencia,1,1,€ 95,2019/10/03,2019/10/04,0,"8,7",14
Valenciaflats Centro Histórico,94781,Apartamentos,Valencia,1,1,€ 97,2019/10/03,2019/10/04,0,"8,7",14
Plaza Sainetero Arniches,3984774,Apartamento,Valencia,1,1,€ 97,2019/10/03,2019/10/04,0,"8,6",14
Ambrosio Flats Valencia - El Mercat,3131649,Apartamento,Valencia,1,1,NA,2019/10/03,2019/10/04,0,"9,5",14
Hotel El Siglo,1741479,NA,Valencia,1,1,€ 98,2019/10/03,2019/10/04,3,"8,5",14
Pio XII Apartments Valencia,402080,Apartamentos,Valencia,1,1,€ 99,2019/10/03,2019/10/04,0,"8,5",14
B&B Hi Valencia Boutique,1301725,NA,Valencia,1,1,€ 100,2019/10/03,2019/10/04,0,"8,8",14
Jardín Botánico Hotel Boutique,93369,NA,Valencia,1,1,€ 106,2019/10/03,2019/10/04,3,"8,9",14
Hotel Kramer,91106,NA,Valencia,1,1,€ 108,2019/10/03,2019/10/04,3,"8,8",14
Citizentral Gascons,332095,Apartamentos,Valencia,1,1,€ 109,2019/10/03,2019/10/04,0,"8,8",14
Ayuntamiento Panoramic,3089239,Apartamento,Valencia,1,1,NA,2019/10/03,2019/10/04,0,"9,5",14
City of Arts,3031480,Apartamento,Valencia,1,1,€ 110,2019/10/03,2019/10/04,0,"8,8",14
BUBUFLATS / Mercat,783206,Apartamentos,Valencia,1,1,€ 110,2019/10/03,2019/10/04,0,"8,9",14
Les flors,3985046,Apartamento,Valencia,1,1,€ 111,2019/10/03,2019/10/04,0,"8,6",14
Hotel Dimar,90886,NA,Valencia,1,1,€ 117,2019/10/03,2019/10/04,4,"8,7",14
Apartamentos Valencia - Brazil 31 Free WiFi,4948554,Apartamento,Valencia,1,1,€ 118,2019/10/03,2019/10/04,0,"8,8",14
Mestalla Sunny Apartment,3294381,Apartamento,Valencia,1,1,€ 125,2019/10/03,2019/10/04,0,"8,8",14
Duplex+Swimming pool+private entrance=Housen of LOVE,2999152,Apartamento,Valencia,1,1,NA,2019/10/03,2019/10/04,0,"9,5",14
Casual Vintage Valencia,1710241,NA,Valencia,1,1,€ 126,2019/10/03,2019/10/04,2,"8,6",14
Casual del Cine Valencia,572187,NA,Valencia,1,1,€ 128,2019/10/03,2019/10/04,2,"8,6",14
Ilunion Aqua 4,92777,NA,Valencia,1,1,€ 139,2019/10/03,2019/10/04,4,"8,5",14
Hotel Sercotel Acteón Valencia,90495,NA,Valencia,1,1,€ 139,2019/10/03,2019/10/04,4,"8,5",14
Friendly Rentals Desplat,4120221,Apartamento,Valencia,1,1,€ 140,2019/10/03,2019/10/04,0,"8,5",14
Ad Hoc Carmen,1173270,NA,Valencia,1,1,€ 140,2019/10/03,2019/10/04,2,"8,9",14
Centro en Valencia,2885222,Apartamento,Valencia,1,1,NA,2019/10/03,2019/10/04,0,"9,5",14
Friendly Rentals Ferrero,2314984,Apartamento,Valencia,1,1,€ 145,2019/10/03,2019/10/04,0,"8,8",14
Friendly Rentals Gala,1634252,Apartamento,Valencia,1,1,€ 150,2019/10/03,2019/10/04,0,"8,7",14
ValentiaApartments - MercadoCentral,4185241,Apartamentos,Valencia,1,1,€ 150,2019/10/03,2019/10/04,0,"8,8",14
Hotel Gabbeach,403586,NA,Valencia,1,1,€ 158,2019/10/03,2019/10/04,3,"8,5",14
One Shot Colón 46,1394168,NA,Valencia,1,1,€ 159,2019/10/03,2019/10/04,3,"8,7",14
Hotel Neptuno,91206,NA,Valencia,1,1,€ 162,2019/10/03,2019/10/04,4,"8,5",14
Valencia what else...,2550483,Apartamento,Valencia,1,1,NA,2019/10/03,2019/10/04,0,"9,5",14
Petit Palace Ruzafa,90792,NA,Valencia,1,1,€ 164,2019/10/03,2019/10/04,3,"8,7",14
Petit Palace Plaza de la Reina,90443,NA,Valencia,1,1,€ 169,2019/10/03,2019/10/04,3,"8,7",14
Sercotel Sorolla Palace,93646,NA,Valencia,1,1,€ 169,2019/10/03,2019/10/04,4,"8,6",14
Canela`s Vintage Ruzafa Centro,4652584,Apartamento,Valencia,1,1,€ 170,2019/10/03,2019/10/04,0,"8,6",14
AC Hotel Valencia- a Marriott Lifestyle Hotel,91063,NA,Valencia,1,1,€ 171,2019/10/03,2019/10/04,4,"8,5",14
Lotelito,570027,NA,Valencia,1,1,€ 175,2019/10/03,2019/10/04,0,"8,9",14
SH Ingles Boutique Hotel,92956,NA,Valencia,1,1,€ 179,2019/10/03,2019/10/04,4,"8,5",14
Puerta de Serranos,2734333,Apartamentos,Valencia,1,1,€ 185,2019/10/03,2019/10/04,0,"8,8",14
Select Home Mercado de Colón,2960845,Apartamentos,Valencia,1,1,€ 190,2019/10/03,2019/10/04,0,"8,9",14
Hotel Valencia Oceanic Managed by Melia Hotels International,91522,NA,Valencia,1,1,€ 191,2019/10/03,2019/10/04,4,"8,6",14
Melia Valencia,290493,NA,Valencia,1,1,€ 200,2019/10/03,2019/10/04,4,"8,8",14
Zenit Valencia,92327,NA,Valencia,1,1,€ 203,2019/10/03,2019/10/04,4,"8,8",14
Carlos & Ana,2079019,Apartamento,Valencia,1,1,€ 205,2019/10/03,2019/10/04,0,"8,9",14
AC Hotel Colon Valencia- a Marriott Lifestyle Hotel,1117150,NA,Valencia,1,1,€ 209,2019/10/03,2019/10/04,4,"8,7",14
Catalonia Excelsior,90578,NA,Valencia,1,1,€ 210,2019/10/03,2019/10/04,3,"8,7",14
One Shot Palacio Reina Victoria 04,90885,NA,Valencia,1,1,€ 219,2019/10/03,2019/10/04,4,"8,6",14
Vincci Lys,91183,NA,Valencia,1,1,€ 253,2019/10/03,2019/10/04,4,"8,9",14
SingularStays Parque Central,3054000,Apartamentos,Valencia,1,1,€ 267,2019/10/03,2019/10/04,0,"8,8",14
