name,propertyId,propertyType,city,rooms,days,price,checkIn,checkOut,stars,score,advance
Nest Style Valencia -Nueva apertura-,5219046,NA,Valencia,1,1,€ 73,2019/10/13,2019/10/14,3,"9,7",30
United Colors of Apartments Boutique Style,5372347,Apartamentos,Valencia,1,1,€ 74,2019/10/13,2019/10/14,0,"9,9",30
VALENCIA APARTAMENTO GOYA,4256653,Apartamento,Valencia,1,1,NA,2019/10/13,2019/10/14,0,10,30
Bubuflats Bubu 3,1014334,Apartamentos,Valencia,1,1,€ 95,2019/10/13,2019/10/14,0,"9,6",30
L'Esplai Valencia Bed & Breakfast,1282556,NA,Valencia,1,1,€ 99,2019/10/13,2019/10/14,0,"9,6",30
Precioso piso junto al antiguo barrio de Campanar,3297078,Apartamento,Valencia,1,1,€ 100,2019/10/13,2019/10/14,0,"9,5",30
Flats Piera Valencia Center,1490563,Apartamentos,Valencia,1,1,€ 105,2019/10/13,2019/10/14,0,"9,6",30
Apartments Downtown Valencia,2250421,Apartamentos,Valencia,1,1,€ 105,2019/10/13,2019/10/14,0,"9,6",30
Ramirez Flats & Bar,4124528,Apartahotel,Valencia,1,1,€ 113,2019/10/13,2019/10/14,0,"9,5",30
Apartamento Frederick “Centrico y con Clase”,4236394,Apartamento,Valencia,1,1,NA,2019/10/13,2019/10/14,0,"9,7",30
Opera House Valencia B&B,3533887,NA,Valencia,1,1,€ 115,2019/10/13,2019/10/14,0,"9,5",30
15 Avinguda Mare Nostrum,4518973,Apartamento,Valencia,1,1,€ 125,2019/10/13,2019/10/14,0,"9,8",30
Disfruta - Enjoy Valencia Ayuntamiento,4901194,Apartamento,Valencia,1,1,€ 139,2019/10/13,2019/10/14,0,"9,6",30
RUZAFA- CENTRO-A/C- WI-FI- PARKING,2885994,Apartamento,Valencia,1,1,€ 140,2019/10/13,2019/10/14,0,"9,7",30
Disfruta - Enjoy Valencia Ruzafa,3890328,Apartamento,Valencia,1,1,€ 145,2019/10/13,2019/10/14,0,"9,7",30
Disfruta - Enjoy Valencia Centre,3881970,Apartamento,Valencia,1,1,€ 145,2019/10/13,2019/10/14,0,"9,8",30
BONNIES Suites & Spa Valencia,3631910,Apartamentos,Valencia,1,1,NA,2019/10/13,2019/10/14,0,"9,8",30
Disfruta - Enjoy Valencia Oceanografic,4121345,Apartamento,Valencia,1,1,€ 179,2019/10/13,2019/10/14,0,"9,6",30
MD PASEO RUZAFA CENTER,5374850,Apartamento,Valencia,1,1,€ 1.030,2019/10/13,2019/10/14,0,"9,5",30
Cantagua Hostel,4074640,NA,Valencia,1,1,€ 43,2019/10/13,2019/10/14,0,"9,1",30
Art&Flats Bed&Breakfast,5238345,NA,Valencia,1,1,€ 45,2019/10/13,2019/10/14,0,9,30
YOU & CO. Saler Beach Boutique,4533007,NA,Valencia,1,1,€ 55,2019/10/13,2019/10/14,3,"9,1",30
Habitación privada a 1500 metros de la playa,3789910,NA,Valencia,1,1,€ 60,2019/10/13,2019/10/14,0,"9,2",30
MerKat-Abastos,1231196,Apartamento,Valencia,1,1,NA,2019/10/13,2019/10/14,0,"9,7",30
Rooms Ciencias,94126,NA,Valencia,1,1,€ 65,2019/10/13,2019/10/14,0,9,30
Blanq Comedias,4922002,NA,Valencia,1,1,€ 68,2019/10/13,2019/10/14,0,"9,1",30
Hostal Venecia,92883,NA,Valencia,1,1,€ 70,2019/10/13,2019/10/14,2,"9,1",30
Turia Burjassot 12,3237353,Apartamento,Valencia,1,1,€ 70,2019/10/13,2019/10/14,0,9,30
Bianca,4232781,Apartamento,Valencia,1,1,€ 74,2019/10/13,2019/10/14,0,"9,1",30
SH Ingles Boutique Hotel,92956,NA,Valencia,1,1,€ 117,2019/10/13,2019/10/14,4,"8,5",30
Vincci Palace,94163,NA,Valencia,1,1,€ 119,2019/10/13,2019/10/14,4,"8,6",30
Ático En El Corazón De Ruzafa,3832501,Apartamento,Valencia,1,1,NA,2019/10/13,2019/10/14,0,"9,5",30
València Centre Torres de Quart,886289,Apartamentos,Valencia,1,1,€ 119,2019/10/13,2019/10/14,0,"8,9",30
Ilunion Aqua 4,92777,NA,Valencia,1,1,€ 123,2019/10/13,2019/10/14,4,"8,5",30
Mar & City Apartment,3456759,Apartamento,Valencia,1,1,€ 125,2019/10/13,2019/10/14,0,"8,8",30
Friendly Rentals Schubert,1634221,Apartamentos,Valencia,1,1,€ 125,2019/10/13,2019/10/14,0,"8,9",30
Patacona Beach Apartment,4533678,Apartamento,Valencia,1,1,€ 126,2019/10/13,2019/10/14,0,"8,5",30
Cathedral Suites Hotel,1736257,Apartahotel,Valencia,1,1,€ 129,2019/10/13,2019/10/14,4,"8,9",30
Hexagonal Design Apartment Valencia,4630643,Apartamento,Valencia,1,1,NA,2019/10/13,2019/10/14,0,"9,5",30
Apartamento Sofia,2552406,Apartamento,Valencia,1,1,€ 130,2019/10/13,2019/10/14,0,"8,6",30
Friendly Rentals Nyman,3245521,Apartamento,Valencia,1,1,€ 130,2019/10/13,2019/10/14,0,"8,9",30
Apartamento frente al mar,3060802,Apartamento,Valencia,1,1,€ 130,2019/10/13,2019/10/14,0,"8,5",30
Petit Palace Plaza de la Reina,90443,NA,Valencia,1,1,€ 134,2019/10/13,2019/10/14,3,"8,7",30
Friendly Rentals Strauss,1634236,Apartamento,Valencia,1,1,€ 135,2019/10/13,2019/10/14,0,"8,8",30
Musico Peydro Apartments,3765069,Apartamentos,Valencia,1,1,€ 313,2019/10/13,2019/10/14,0,8,30
MD Benlliure Beach.,1957258,Apartamento,Valencia,1,1,€ 313,2019/10/13,2019/10/14,0,8,30
Piso céntrico Plaza Toros,2961063,Apartamento,Valencia,1,1,NA,2019/10/13,2019/10/14,0,"9,3",30
SH Valencia Palace,91497,NA,Valencia,1,1,€ 144,2019/10/13,2019/10/14,5,"8,5",30
Casa Chenano,4262208,Apartamento,Valencia,1,1,NA,2019/10/13,2019/10/14,0,"9,5",30
Hotel Neptuno,91206,NA,Valencia,1,1,€ 144,2019/10/13,2019/10/14,4,"8,5",30
ValentiaApartments - MercadoCentral,4185241,Apartamentos,Valencia,1,1,€ 144,2019/10/13,2019/10/14,0,"8,8",30
UP Hostel Valencia,1710137,NA,Valencia,1,1,€ 24,2019/10/13,2019/10/14,0,"7,8",30
Pensión Universal,304276,NA,Valencia,1,1,€ 29,2019/10/13,2019/10/14,0,"7,9",30
Hostal Moratin,326015,NA,Valencia,1,1,€ 33,2019/10/13,2019/10/14,1,"7,9",30
Carrer del Bisbe Jaume Pérez,4900140,NA,Valencia,1,1,€ 60,2019/10/13,2019/10/14,0,6,30
Loft Central Market - Tapas,3187998,Apartamento,Valencia,1,1,€ 88,2019/10/13,2019/10/14,0,"6,4",30
Piso en Malvarrosa,2574698,Apartamento,Valencia,1,1,NA,2019/10/13,2019/10/14,0,"9,1",30
RoomTuristValencia - Ruzafa,4608394,NA,Valencia,1,1,€ 26,2019/10/13,2019/10/14,0,"5,6",30
Apart and Benef,2291245,NA,Valencia,1,1,€ 34,2019/10/13,2019/10/14,0,"7,8",30
Hostal On Dormire Valencia,432305,NA,Valencia,1,1,€ 35,2019/10/13,2019/10/14,0,"7,8",30
Habitación Céntrica en Casa de Familia,4289877,NA,Valencia,1,1,€ 35,2019/10/13,2019/10/14,0,"7,8",30
Austria 4,1605997,Apartamentos,Valencia,1,1,NA,2019/10/13,2019/10/14,0,9,30
Vincci Lys,91183,NA,Valencia,1,1,€ 149,2019/10/13,2019/10/14,4,"8,9",30
Canela`s Vintage Ruzafa Centro,4652584,Apartamento,Valencia,1,1,€ 150,2019/10/13,2019/10/14,0,"8,6",30
AC Hotel Colon Valencia- a Marriott Lifestyle Hotel,1117150,NA,Valencia,1,1,€ 153,2019/10/13,2019/10/14,4,"8,7",30
Hospes Palau de La Mar,93823,NA,Valencia,1,1,€ 185,2019/10/13,2019/10/14,5,"8,8",30
Habitaciones Barra89,1076252,NA,Valencia,1,1,€ 35,2019/10/13,2019/10/14,0,"7,8",30
Hostal El Cid,309465,NA,Valencia,1,1,€ 36,2019/10/13,2019/10/14,2,"7,6",30
Habitación San Cayetano,4624401,NA,Valencia,1,1,€ 40,2019/10/13,2019/10/14,0,"7,7",30
Flat El Porto - Valencia,3146159,Apartamento,Valencia,1,1,NA,2019/10/13,2019/10/14,0,"9,7",30
The Westin Valencia,93321,NA,Valencia,1,1,€ 188,2019/10/13,2019/10/14,5,"8,7",30
Friendly Rentals Vives 2,2523871,Apartamento,Valencia,1,1,€ 195,2019/10/13,2019/10/14,0,"8,6",30
Habitacion PLaza Ayuntamiento,4365340,NA,Valencia,1,1,€ 40,2019/10/13,2019/10/14,0,"7,6",30
Hotel Beleret,94652,NA,Valencia,1,1,€ 41,2019/10/13,2019/10/14,3,"7,6",30
Valencia Lounge Hostel,337203,NA,Valencia,1,1,€ 42,2019/10/13,2019/10/14,0,"7,8",30
Vivaldi Center City,2791614,Apartamento,Valencia,1,1,NA,2019/10/13,2019/10/14,0,"9,1",30
Valencia City Host,1177077,NA,Valencia,1,1,€ 44,2019/10/13,2019/10/14,0,"7,8",30
Voyagers Inn Homestay,2682156,NA,Valencia,1,1,€ 46,2019/10/13,2019/10/14,0,"7,8",30
Casual Civilizaciones Valencia,449777,NA,Valencia,1,1,€ 47,2019/10/13,2019/10/14,0,"7,9",30
SingularStays Parque Central,3054000,Apartamentos,Valencia,1,1,€ 269,2019/10/13,2019/10/14,0,"8,8",30
Center Valencia Youth Hostel,246931,NA,Valencia,1,1,€ 19,2019/10/13,2019/10/14,0,8,30
Urban Youth Hostel,1163025,NA,Valencia,1,1,€ 23,2019/10/13,2019/10/14,0,"8,4",30
Ruzafa Guesthouse,2269176,NA,Valencia,1,1,€ 30,2019/10/13,2019/10/14,0,"5,6",30
Oliver,4865093,NA,Valencia,1,1,€ 73,2019/10/13,2019/10/14,0,"5,8",30
Kirei Apartment Berlin,4504570,Apartamentos,Valencia,1,1,€ 103,2019/10/13,2019/10/14,0,"5,5",30
Valencia B&B,2658386,NA,Valencia,1,1,€ 129,2019/10/13,2019/10/14,0,"5,6",30
Kirei Apartment Portland,4276529,Apartamentos,Valencia,1,1,€ 200,2019/10/13,2019/10/14,0,"5,9",30
Casual de la Música Valencia,273130,NA,Valencia,1,1,€ 49,2019/10/13,2019/10/14,2,"7,5",30
Apartamentos Adressadors,1743173,Apartamentos,Valencia,1,1,€ 50,2019/10/13,2019/10/14,0,"7,8",30
Apartamentos Abastos,1044426,Apartamentos,Valencia,1,1,€ 50,2019/10/13,2019/10/14,0,"7,5",30
Palau de Palomar,471283,Apartamentos,Valencia,1,1,NA,2019/10/13,2019/10/14,0,"9,1",30
Habitación cerca del centro,2789581,NA,Valencia,1,1,€ 52,2019/10/13,2019/10/14,0,"7,5",30
Patacona Resort Apartments,189782,Apartamentos,Valencia,1,1,€ 53,2019/10/13,2019/10/14,0,"7,8",30
Cosy Rooms Tapinería,371192,NA,Valencia,1,1,€ 54,2019/10/13,2019/10/14,2,"7,5",30
Patacona Green Flats,292996,Apartamentos,Valencia,1,1,€ 54,2019/10/13,2019/10/14,0,"7,6",30
Apartamento Calle Lorca,2111733,Apartamento,Valencia,1,1,NA,2019/10/13,2019/10/14,0,"9,4",30
Guest House Torres de Quart,2275006,NA,Valencia,1,1,€ 30,2019/10/13,2019/10/14,0,"5,4",30
RoomTuristValencia Torres de Quart,4565643,NA,Valencia,1,1,€ 25,2019/10/13,2019/10/14,0,"4,5",30
Guest House Duc de Gaeta,2275007,NA,Valencia,1,1,€ 28,2019/10/13,2019/10/14,0,"4,9",30
Guesthouse Plaza de Toros,2985902,NA,Valencia,1,1,€ 33,2019/10/13,2019/10/14,0,"4,9",30
RoomTuristValencia RuzafaSumsi,4682802,NA,Valencia,1,1,€ 35,2019/10/13,2019/10/14,0,"4,6",30
Port of Valencia,3805735,Apartamento,Valencia,1,1,€ 79,2019/10/13,2019/10/14,0,"4,9",30
Total Valencia White,2201908,Apartamento,Valencia,1,1,NA,2019/10/13,2019/10/14,0,"9,2",30
Malvarosa,3820590,Apartamento,Valencia,1,1,€ 120,2019/10/13,2019/10/14,0,"4,1",30
Habitacion por dias Centro Valencia,3977106,NA,Valencia,1,1,€ 55,2019/10/13,2019/10/14,0,"7,9",30
Mon Suites San Nicolas,4117225,Apartamentos,Valencia,1,1,€ 115,2019/10/13,2019/10/14,0,"9,2",30
Apartamentos Edificio Palomar,189277,Apartamentos,Valencia,1,1,€ 119,2019/10/13,2019/10/14,0,"9,2",30
Ambrosio Flats Valencia - El Mercat,3131649,Apartamento,Valencia,1,1,NA,2019/10/13,2019/10/14,0,"9,5",30
Piso como en tu casa 2,3834617,Apartamentos,Valencia,1,1,€ 119,2019/10/13,2019/10/14,0,"9,1",30
Teixidors de Palomar,2639791,Apartamentos,Valencia,1,1,€ 119,2019/10/13,2019/10/14,0,"9,4",30
Citizentral Juristas,1113127,Apartamentos,Valencia,1,1,€ 120,2019/10/13,2019/10/14,0,"9,2",30
Cozy apartment in Valencia center,3402135,Apartamentos,Valencia,1,1,€ 120,2019/10/13,2019/10/14,0,"9,2",30
Constitucion Guesthouse,2985942,NA,Valencia,1,1,€ 30,2019/10/13,2019/10/14,0,"3,5",30
Apartamento Islas Canarias,2304086,Apartamento,Valencia,1,1,€ 62,2019/10/13,2019/10/14,0,"3,8",30
Habitación matrimonial,4696818,NA,Valencia,1,1,€ 37,2019/10/13,2019/10/14,0,,30
Como en casa !!,5427108,NA,Valencia,1,1,€ 40,2019/10/13,2019/10/14,0,,30
Aventura,5567318,Apartamentos,Valencia,1,1,€ 40,2019/10/13,2019/10/14,0,,30
Sorolla Centro,90896,NA,Valencia,1,1,€ 121,2019/10/13,2019/10/14,3,"9,1",30
MD Design Hotel - Portal del Real,2391685,NA,Valencia,1,1,€ 124,2019/10/13,2019/10/14,2,"9,1",30
Casa Botànic - Céntrico y con comodidades,4218273,Apartamento,Valencia,1,1,NA,2019/10/13,2019/10/14,0,"9,8",30
HQ Rooms Apartments San Vicente,2894429,Apartamentos,Valencia,1,1,€ 125,2019/10/13,2019/10/14,0,"9,2",30
Mon Suites Catedral,485679,Apartamentos,Valencia,1,1,€ 125,2019/10/13,2019/10/14,0,"9,2",30
Casual Socarrat Valencia,5142800,NA,Valencia,1,1,€ 127,2019/10/13,2019/10/14,3,"9,2",30
Live in Chianti Apartaments,2882632,Apartamentos,Valencia,1,1,€ 128,2019/10/13,2019/10/14,0,9,30
Mon Suites San Martin,2777545,Apartamentos,Valencia,1,1,€ 129,2019/10/13,2019/10/14,0,"9,4",30
Soho Valencia,1538641,Apartahotel,Valencia,1,1,€ 131,2019/10/13,2019/10/14,0,9,30
Apartamento Forn dels Apòstols,3122008,Apartamento,Valencia,1,1,NA,2019/10/13,2019/10/14,0,"9,6",30
Mediterranean Flats Plaza Redonda,4086496,Apartamentos,Valencia,1,1,€ 145,2019/10/13,2019/10/14,0,"9,2",30
Apartamentos Naranja y Limòn,2250906,Apartamentos,Valencia,1,1,NA,2019/10/13,2019/10/14,0,"9,3",30
Bright room with trundle bed,5560260,NA,Valencia,1,1,€ 46,2019/10/13,2019/10/14,0,,30
Habitación privada con baño privado a 300 metros de la playa.,5587588,NA,Valencia,1,1,€ 49,2019/10/13,2019/10/14,0,,30
Attic Rooms in Botánico,5522932,NA,Valencia,1,1,€ 50,2019/10/13,2019/10/14,0,,30
Friendly Rentals Montaner Beach,2314997,Apartamento,Valencia,1,1,€ 145,2019/10/13,2019/10/14,0,9,30
NH Collection Colón Valencia,3828811,NA,Valencia,1,1,€ 148,2019/10/13,2019/10/14,4,"9,2",30
Sweet Caroline Apartment,1811784,Apartamento,Valencia,1,1,€ 150,2019/10/13,2019/10/14,0,"9,2",30
Duplex en Blasco Ibáñez,3672426,Apartamento,Valencia,1,1,€ 155,2019/10/13,2019/10/14,0,"9,1",30
vosotros sereis parte de mi familia.,5299568,NA,Valencia,1,1,€ 50,2019/10/13,2019/10/14,0,,30
Rooms El Picolino,5326859,NA,Valencia,1,1,€ 52,2019/10/13,2019/10/14,0,,30
Edificio Pentagono,4673669,Apartamento,Valencia,1,1,€ 155,2019/10/13,2019/10/14,0,9,30
Luxury Beach House,3602594,Casa o chalet,Valencia,1,1,NA,2019/10/13,2019/10/14,0,"9,7",30
My Loft 4 You Borgia,2009492,Apartamento,Valencia,1,1,€ 160,2019/10/13,2019/10/14,0,9,30
Vincci Mercat,1279484,NA,Valencia,1,1,€ 178,2019/10/13,2019/10/14,4,9,30
MARQUÉS HOUSE 4* SUP,2118880,NA,Valencia,1,1,€ 179,2019/10/13,2019/10/14,4,"9,4",30
Zerka Sendra,4657122,Apartamento,Valencia,1,1,€ 179,2019/10/13,2019/10/14,0,9,30
Apartamentos La más Bonita,2816245,Apartamentos,Valencia,1,1,€ 180,2019/10/13,2019/10/14,0,"9,1",30
Old Town Flats Casa Burguerini,4552106,Apartamentos,Valencia,1,1,€ 151,2019/10/13,2019/10/14,0,"7,7",30
Balcón Al Mar,295109,NA,Valencia,1,1,€ 67,2019/10/13,2019/10/14,0,"8,5",30
Host & Home,1663785,NA,Valencia,1,1,€ 68,2019/10/13,2019/10/14,0,"8,9",30
Ambrosio Flats Valencia - El Mercat,3131649,Apartamento,Valencia,1,1,NA,2019/10/13,2019/10/14,0,"9,5",30
Carrer de l'Escriptor Rafael Ferreres,4267645,Apartamento,Valencia,1,1,€ 70,2019/10/13,2019/10/14,0,"8,6",30
Sabía que venias!,3543756,NA,Valencia,1,1,€ 70,2019/10/13,2019/10/14,0,"8,6",30
Valencia maritimo,3020748,Apartamento,Valencia,1,1,€ 70,2019/10/13,2019/10/14,0,"8,9",30
Friendly Rentals Danna,1634254,Apartamento,Valencia,1,1,€ 180,2019/10/13,2019/10/14,0,"7,8",30
Ático En El Corazón De Ruzafa,3832501,Apartamento,Valencia,1,1,NA,2019/10/13,2019/10/14,0,"9,5",30
Dreams Rental City Hall,337092,Apartamentos,Valencia,1,1,€ 220,2019/10/13,2019/10/14,0,"7,5",30
MD Art Apartment Ruzafa,2550955,Apartamento,Valencia,1,1,€ 313,2019/10/13,2019/10/14,0,"7,6",30
MD Oliag I Apartment Ruzafa,2867488,Apartamento,Valencia,1,1,€ 387,2019/10/13,2019/10/14,0,"7,7",30
Habitacion Apartamento soleado Plaza Escultor Frechina,4865043,NA,Valencia,1,1,€ 20,2019/10/13,2019/10/14,0,"7,1",30
Hostal Waksman,281139,NA,Valencia,1,1,€ 35,2019/10/13,2019/10/14,1,"7,3",30
feliz como en casa,3676196,NA,Valencia,1,1,€ 36,2019/10/13,2019/10/14,0,"7,2",30
Hexagonal Design Apartment Valencia,4630643,Apartamento,Valencia,1,1,NA,2019/10/13,2019/10/14,0,"9,5",30
Hotel Alkazar,408511,NA,Valencia,1,1,€ 64,2019/10/13,2019/10/14,1,8,30
Hostal Residencial RR,450746,NA,Valencia,1,1,€ 39,2019/10/13,2019/10/14,0,7,30
Guest House Samuel Ros,4161855,NA,Valencia,1,1,€ 40,2019/10/13,2019/10/14,0,"7,3",30
Happy Apartments Valencia,456043,Apartamentos,Valencia,1,1,€ 65,2019/10/13,2019/10/14,0,"8,2",30
Apartamento Bolseria 28,881275,Apartamentos,Valencia,1,1,NA,2019/10/13,2019/10/14,0,"9,5",30
NH Valencia Las Artes,90731,NA,Valencia,1,1,€ 66,2019/10/13,2019/10/14,4,"8,4",30
Down Town,1656378,Apartamentos,Valencia,1,1,€ 67,2019/10/13,2019/10/14,0,"8,3",30
Jardín Botánico Hotel Boutique,93369,NA,Valencia,1,1,€ 70,2019/10/13,2019/10/14,3,"8,9",30
Valenciaflats Centro Histórico,94781,Apartamentos,Valencia,1,1,€ 73,2019/10/13,2019/10/14,0,"8,7",30
Hotel Valencia Oceanic Managed by Melia Hotels International,91522,NA,Valencia,1,1,€ 73,2019/10/13,2019/10/14,4,"8,6",30
Casa Botànic - Céntrico y con comodidades,4218273,Apartamento,Valencia,1,1,NA,2019/10/13,2019/10/14,0,"9,8",30
HOSPEDAJE PESET,4718074,NA,Valencia,1,1,€ 40,2019/10/13,2019/10/14,0,"7,3",30
Central Station Valencia Hostel,1647017,NA,Valencia,1,1,€ 48,2019/10/13,2019/10/14,0,"7,1",30
Centro Valencia Calle Cerrajeros,3476261,NA,Valencia,1,1,€ 50,2019/10/13,2019/10/14,0,"7,1",30
HOSTAL BED OF THE SEA,3974636,NA,Valencia,1,1,€ 51,2019/10/13,2019/10/14,0,"7,1",30
B&B Hi Valencia Boutique,1301725,NA,Valencia,1,1,€ 73,2019/10/13,2019/10/14,0,"8,8",30
Hotel El Siglo,1741479,NA,Valencia,1,1,€ 74,2019/10/13,2019/10/14,3,"8,5",30
Burjassot Mestalla,3058627,Apartamento,Valencia,1,1,€ 75,2019/10/13,2019/10/14,0,"8,6",30
Casa Chenano,4262208,Apartamento,Valencia,1,1,NA,2019/10/13,2019/10/14,0,"9,5",30
Sampedor Apartment,435662,Apartamentos,Valencia,1,1,€ 52,2019/10/13,2019/10/14,0,7,30
Cosy Rooms Embajador,369728,NA,Valencia,1,1,€ 54,2019/10/13,2019/10/14,2,"7,4",30
Happy Apartments Valencia – Lope de Vega,575582,Apartamentos,Valencia,1,1,€ 67,2019/10/13,2019/10/14,0,"8,1",30
SHF Flats Baron,1033085,Apartamentos,Valencia,1,1,€ 68,2019/10/13,2019/10/14,0,8,30
Hotel Olympia Universidades,1301731,NA,Valencia,1,1,€ 68,2019/10/13,2019/10/14,3,"8,4",30
Silken Puerta Valencia,91182,NA,Valencia,1,1,€ 69,2019/10/13,2019/10/14,4,"8,3",30
B&B El Mercat,2203530,NA,Valencia,1,1,€ 55,2019/10/13,2019/10/14,0,"7,3",30
Avenida del Cid (Centrico),4737683,Apartamento,Valencia,1,1,€ 56,2019/10/13,2019/10/14,0,"7,1",30
La Flamenca,818359,NA,Valencia,1,1,€ 60,2019/10/13,2019/10/14,0,"7,2",30
Cosy Rooms Bolsería,371606,NA,Valencia,1,1,€ 65,2019/10/13,2019/10/14,2,"7,4",30
APARTAMENTO DE DISEÑO EN PLAZA MANISES,2823390,Apartamento,Valencia,1,1,NA,2019/10/13,2019/10/14,0,"9,7",30
United Colors of Apartments - Catedral,1301545,Apartamentos,Valencia,1,1,€ 69,2019/10/13,2019/10/14,0,"8,2",30
Nanit Valencia Hostel,3913497,NA,Valencia,1,1,€ 69,2019/10/13,2019/10/14,0,"8,3",30
Casa del Patriarca,364834,NA,Valencia,1,1,€ 76,2019/10/13,2019/10/14,0,"8,9",30
Habitación doble,3599930,NA,Valencia,1,1,€ 76,2019/10/13,2019/10/14,0,"8,9",30
One Shot Colón 46,1394168,NA,Valencia,1,1,€ 77,2019/10/13,2019/10/14,3,"8,7",30
Apartamento Forn dels Apòstols,3122008,Apartamento,Valencia,1,1,NA,2019/10/13,2019/10/14,0,"9,6",30
NH Ciudad de Valencia,90729,NA,Valencia,1,1,€ 72,2019/10/13,2019/10/14,3,"8,1",30
Casual de las Artes Valencia,538056,NA,Valencia,1,1,€ 72,2019/10/13,2019/10/14,3,"8,4",30
City Suites Apartments,3091106,NA,Valencia,1,1,€ 74,2019/10/13,2019/10/14,0,"8,4",30
Ad Hoc Carmen,1173270,NA,Valencia,1,1,€ 78,2019/10/13,2019/10/14,2,"8,9",30
Balandra Flat,2032624,Apartamento,Valencia,1,1,€ 79,2019/10/13,2019/10/14,0,"8,7",30
Hotel Kramer,91106,NA,Valencia,1,1,€ 81,2019/10/13,2019/10/14,3,"8,8",30
Flat El Porto - Valencia,3146159,Apartamento,Valencia,1,1,NA,2019/10/13,2019/10/14,0,"9,7",30
Hostal la Barraca,350013,NA,Valencia,1,1,€ 65,2019/10/13,2019/10/14,0,"7,2",30
central station valencia,2414838,Apartamentos,Valencia,1,1,€ 65,2019/10/13,2019/10/14,0,7,30
Hotel Dimar,90886,NA,Valencia,1,1,€ 81,2019/10/13,2019/10/14,4,"8,7",30
Suites by Eric Olsan (Florista),4726450,Apartamentos,Valencia,1,1,€ 82,2019/10/13,2019/10/14,0,"8,7",30
Casual del Cine Valencia,572187,NA,Valencia,1,1,€ 85,2019/10/13,2019/10/14,2,"8,6",30
Luxury Beach House,3602594,Casa o chalet,Valencia,1,1,NA,2019/10/13,2019/10/14,0,"9,7",30
Residencia Universitaria Damia Bonet,247451,NA,Valencia,1,1,€ 75,2019/10/13,2019/10/14,0,"8,3",30
Apartment Cisneros 2,2361375,Apartamento,Valencia,1,1,NA,2019/10/13,2019/10/14,0,"9,7",30
Hotel Medium Valencia,96838,NA,Valencia,1,1,€ 77,2019/10/13,2019/10/14,4,"8,2",30
Senator Parque Central Hotel,274963,NA,Valencia,1,1,€ 77,2019/10/13,2019/10/14,4,"8,1",30
Accommodation Beach Apartments,1001766,Apartamentos,Valencia,1,1,€ 69,2019/10/13,2019/10/14,0,"7,1",30
Apartment Horticultor Bosch,1148669,Apartamentos,Valencia,1,1,€ 70,2019/10/13,2019/10/14,0,"7,3",30
NWT Monserrat,3728842,Apartamentos,Valencia,1,1,€ 72,2019/10/13,2019/10/14,0,7,30
Lujoso Apartamento En El Carmen,2814452,Apartamento,Valencia,1,1,€ 76,2019/10/13,2019/10/14,0,"7,4",30
Turia Town,4064373,Apartamentos,Valencia,1,1,€ 85,2019/10/13,2019/10/14,0,"8,8",30
Lotelito,570027,NA,Valencia,1,1,€ 87,2019/10/13,2019/10/14,0,"8,9",30
Hotel San Lorenzo Boutique,1307718,NA,Valencia,1,1,€ 88,2019/10/13,2019/10/14,3,"8,6",30
Cool Central Market,3424724,Apartamento,Valencia,1,1,NA,2019/10/13,2019/10/14,0,"9,9",30
Valencia Apartments,4367788,Apartamentos,Valencia,1,1,€ 78,2019/10/13,2019/10/14,0,"7,2",30
SHF Sevilla Loft,850157,Apartamentos,Valencia,1,1,€ 80,2019/10/13,2019/10/14,0,"7,4",30
Malvarrosa Beach Rooms,314048,NA,Valencia,1,1,€ 80,2019/10/13,2019/10/14,2,7,30
APARTAMENTO LAS MELLIZAS,4651578,NA,Valencia,1,1,€ 45,2019/10/13,2019/10/14,0,"8,5",30
BUBUFLATS / Mercat,783206,Apartamentos,Valencia,1,1,€ 90,2019/10/13,2019/10/14,0,"8,9",30
Blanq Carmen Hotel,97069,NA,Valencia,1,1,€ 90,2019/10/13,2019/10/14,3,"8,7",30
PORT VALENCIA PLAYA,5259971,Apartamento,Valencia,1,1,NA,2019/10/13,2019/10/14,0,"9,8",30
Valencia Apartmans El Carmen,847910,Apartamentos,Valencia,1,1,€ 83,2019/10/13,2019/10/14,0,"7,4",30
Suites by Eric Olsan (Peset),4726296,Apartamentos,Valencia,1,1,€ 83,2019/10/13,2019/10/14,0,"7,4",30
La Casa dei Fiori,2849727,Apartamento,Valencia,1,1,€ 92,2019/10/13,2019/10/14,0,"7,1",30
Puerto Bello,3306497,Apartamento,Valencia,1,1,NA,2019/10/13,2019/10/14,0,"9,7",30
Kirei Apartment San Vicente,1774062,Apartamento,Valencia,1,1,€ 110,2019/10/13,2019/10/14,0,"7,4",30
Primus Valencia,331871,NA,Valencia,1,1,€ 79,2019/10/13,2019/10/14,4,"8,3",30
Hotel Valencia Center,91285,NA,Valencia,1,1,€ 79,2019/10/13,2019/10/14,4,"8,4",30
Apartamento Ciudad de las Artes y las Ciencias,4353552,Apartamento,Valencia,1,1,€ 80,2019/10/13,2019/10/14,0,"8,3",30
Casual Vintage Valencia,1710241,NA,Valencia,1,1,€ 94,2019/10/13,2019/10/14,2,"8,6",30
BUBUFLATS Mossén,1141763,Apartamentos,Valencia,1,1,€ 95,2019/10/13,2019/10/14,0,"8,9",30
New Trendy apartment,2426154,Apartamento,Valencia,1,1,€ 95,2019/10/13,2019/10/14,0,"8,7",30
Boutique Creative Rooms,2334726,NA,Valencia,1,1,€ 96,2019/10/13,2019/10/14,0,"8,7",30
Kirei Apartment Vienna,4639797,Apartamento,Valencia,1,1,€ 115,2019/10/13,2019/10/14,0,"7,4",30
Miresa flats,5300418,Apartamento,Valencia,1,1,€ 125,2019/10/13,2019/10/14,0,"7,2",30
Apartamento para 10 personas,5029963,Apartamento,Valencia,1,1,€ 150,2019/10/13,2019/10/14,0,"7,3",30
Select Home Catedral,440778,Apartamentos,Valencia,1,1,€ 170,2019/10/13,2019/10/14,0,"7,1",30
Holiday Inn Express Ciudad de las Ciencias,96737,NA,Valencia,1,1,€ 80,2019/10/13,2019/10/14,3,8,30
Valencia Just in the Middle,2965508,Apartamento,Valencia,1,1,NA,2019/10/13,2019/10/14,0,"9,9",30
Preciosos Apartamentos en el Carmen,2918345,Apartamentos,Valencia,1,1,€ 82,2019/10/13,2019/10/14,0,"8,2",30
Dormavalencia Hostel Regne,291755,NA,Valencia,1,1,€ 87,2019/10/13,2019/10/14,1,8,30
Valenciaflats Torres de Serrano,17468,Apartamentos,Valencia,1,1,€ 87,2019/10/13,2019/10/14,0,"8,3",30
One Shot Palacio Reina Victoria 04,90885,NA,Valencia,1,1,€ 98,2019/10/13,2019/10/14,4,"8,6",30
Petit Palomar,2187491,Apartamentos,Valencia,1,1,€ 99,2019/10/13,2019/10/14,0,"8,9",30
City Center Atico 360,3025679,Apartamento,Valencia,1,1,NA,2019/10/13,2019/10/14,0,"9,5",30
Barceló Valencia,91988,NA,Valencia,1,1,€ 99,2019/10/13,2019/10/14,4,"8,7",30
Best Valencia Beach Flat,3246772,Apartamento,Valencia,1,1,€ 192,2019/10/13,2019/10/14,0,"7,1",30
Select Home Town Hall,1648016,Apartamentos,Valencia,1,1,€ 215,2019/10/13,2019/10/14,0,"7,3",30
Ruzafa Apartments,1431031,Apartamentos,Valencia,1,1,€ 290,2019/10/13,2019/10/14,0,"7,1",30
MD Puerto Rico Apartment Ruzafa,3737151,Apartamento,Valencia,1,1,€ 341,2019/10/13,2019/10/14,0,"7,4",30
Eurostars Rey Don Jaime,91520,NA,Valencia,1,1,€ 89,2019/10/13,2019/10/14,4,"8,2",30
El Coso,14580,NA,Valencia,1,1,€ 90,2019/10/13,2019/10/14,3,"8,2",30
MD Modern Hotel - Jardines,305447,NA,Valencia,1,1,€ 90,2019/10/13,2019/10/14,1,"8,3",30
Habitación Despuig,4901343,NA,Valencia,1,1,€ 26,2019/10/13,2019/10/14,0,"6,8",30
Guest House Lebon,3124256,NA,Valencia,1,1,€ 35,2019/10/13,2019/10/14,0,"6,9",30
Ruzafa Rooms,2891693,NA,Valencia,1,1,€ 36,2019/10/13,2019/10/14,0,"6,9",30
Ad Hoc Monumental,90719,NA,Valencia,1,1,€ 101,2019/10/13,2019/10/14,3,"8,6",30
Melia Valencia,290493,NA,Valencia,1,1,€ 102,2019/10/13,2019/10/14,4,"8,8",30
Apartment City of Arts,3811530,Apartamentos,Valencia,1,1,€ 102,2019/10/13,2019/10/14,0,"8,5",30
Centro en Valencia,2885222,Apartamento,Valencia,1,1,NA,2019/10/13,2019/10/14,0,"9,5",30
Homestay Valencia,2597106,NA,Valencia,1,1,€ 90,2019/10/13,2019/10/14,0,"8,1",30
NH Valencia Center,90727,NA,Valencia,1,1,€ 91,2019/10/13,2019/10/14,4,"8,3",30
Petit Palace Ruzafa,90792,NA,Valencia,1,1,€ 103,2019/10/13,2019/10/14,3,"8,7",30
Zenit Valencia,92327,NA,Valencia,1,1,€ 104,2019/10/13,2019/10/14,4,"8,8",30
Biopark View Apartment,2381901,Apartamento,Valencia,1,1,€ 104,2019/10/13,2019/10/14,0,"8,9",30
Melia Plaza Valencia,13270,NA,Valencia,1,1,€ 105,2019/10/13,2019/10/14,4,"8,9",30
Habitación con cama doble,4794909,NA,Valencia,1,1,€ 36,2019/10/13,2019/10/14,0,"6,7",30
PISO ACOGEDOR,4995780,NA,Valencia,1,1,€ 50,2019/10/13,2019/10/14,0,"6,9",30
Apartment Valencia Denia,1968489,Apartamentos,Valencia,1,1,€ 69,2019/10/13,2019/10/14,0,"6,7",30
Apartamentos Turia,355328,Apartamentos,Valencia,1,1,€ 105,2019/10/13,2019/10/14,0,"8,7",30
Hola Valencia - Holiday Apartments,2818140,Apartamentos,Valencia,1,1,€ 105,2019/10/13,2019/10/14,0,"8,8",30
El Palacete Gran Via,3483148,NA,Valencia,1,1,€ 107,2019/10/13,2019/10/14,0,"8,8",30
Perla Apartments,3146781,Apartamentos,Valencia,1,1,€ 108,2019/10/13,2019/10/14,0,"8,8",30
Ilunion Aqua 3,92776,NA,Valencia,1,1,€ 91,2019/10/13,2019/10/14,3,"8,3",30
Hotel Miramar,23332,NA,Valencia,1,1,€ 96,2019/10/13,2019/10/14,2,"8,4",30
Sol Playa,12656,NA,Valencia,1,1,€ 100,2019/10/13,2019/10/14,2,"8,3",30
Plaza Del Carmen,1737254,Apartamento,Valencia,1,1,€ 100,2019/10/13,2019/10/14,0,8,30
Sercotel Sorolla Palace,93646,NA,Valencia,1,1,€ 110,2019/10/13,2019/10/14,4,"8,6",30
Catalonia Excelsior,90578,NA,Valencia,1,1,€ 110,2019/10/13,2019/10/14,3,"8,7",30
City of Arts,3031480,Apartamento,Valencia,1,1,€ 110,2019/10/13,2019/10/14,0,"8,8",30
Citizentral Gascons,332095,Apartamentos,Valencia,1,1,€ 110,2019/10/13,2019/10/14,0,"8,8",30
Casita Esmeralda,2040126,Casa o chalet,Valencia,1,1,€ 114,2019/10/13,2019/10/14,0,"6,5",30
Guest House Higinio Noja,2845935,NA,Valencia,1,1,€ 30,2019/10/13,2019/10/14,0,6,30
Fun and Sun Center 2,2944416,NA,Valencia,1,1,€ 36,2019/10/13,2019/10/14,0,"6,1",30
Casa La Buhardilla,2985364,Apartamento,Valencia,1,1,NA,2019/10/13,2019/10/14,0,"9,6",30
Apartamento Plaza Sainetero,2743838,Apartamento,Valencia,1,1,€ 102,2019/10/13,2019/10/14,0,"8,2",30
Reina's Apartment,2130930,Apartamentos,Valencia,1,1,€ 103,2019/10/13,2019/10/14,0,"8,3",30
Carrer de María Montessori,3272386,Apartamento,Valencia,1,1,€ 109,2019/10/13,2019/10/14,0,"8,2",30
Atico Duplex en el Carmen,2954876,Apartamento,Valencia,1,1,€ 111,2019/10/13,2019/10/14,0,"8,4",30
Lovely Apartment!,3377663,Apartamentos,Valencia,1,1,€ 115,2019/10/13,2019/10/14,0,"8,4",30
AC Hotel Valencia- a Marriott Lifestyle Hotel,91063,NA,Valencia,1,1,€ 114,2019/10/13,2019/10/14,4,"8,5",30
Les flors,3985046,Apartamento,Valencia,1,1,€ 116,2019/10/13,2019/10/14,0,"8,6",30
Friendly Rentals Puerto Deportivo,2317861,Apartamentos,Valencia,1,1,€ 115,2019/10/13,2019/10/14,0,"8,1",30
Ilunion Valencia 4,754329,NA,Valencia,1,1,€ 115,2019/10/13,2019/10/14,4,"8,1",30
Rio Turia Skatehouse,4624602,Apartamento,Valencia,1,1,€ 125,2019/10/13,2019/10/14,0,"8,2",30
Zerka Centro,4425975,Apartamentos,Valencia,1,1,€ 129,2019/10/13,2019/10/14,0,"8,3",30
Hotel Conqueridor,91047,NA,Valencia,1,1,€ 135,2019/10/13,2019/10/14,4,"8,4",30
Friendly Rentals Pergolesi,1634240,Apartamentos,Valencia,1,1,€ 135,2019/10/13,2019/10/14,0,"8,4",30
Apartamento Gran Vía Marqués del Turia,2358973,Apartamento,Valencia,1,1,€ 144,2019/10/13,2019/10/14,0,"8,4",30
Apartamento Obispo don Jerónimo,2079020,Apartamento,Valencia,1,1,€ 144,2019/10/13,2019/10/14,0,"8,2",30
Friendly Rentals Desplat,4120221,Apartamento,Valencia,1,1,€ 145,2019/10/13,2019/10/14,0,"8,3",30
Friendly Rentals Verdi,1634232,Apartamento,Valencia,1,1,€ 145,2019/10/13,2019/10/14,0,"8,2",30
Casa los Peces,3234194,Apartamento,Valencia,1,1,€ 154,2019/10/13,2019/10/14,0,"8,3",30
Malvarrosa Calle Pavia,3608764,Casa o chalet,Valencia,1,1,€ 271,2019/10/13,2019/10/14,0,"8,1",30
NWT Central Station Apartments,3964093,Apartamento,Valencia,1,1,€ 300,2019/10/13,2019/10/14,0,"8,2",30
