name,propertyId,propertyType,city,rooms,days,price,checkIn,checkOut,stars,score,advance
Zenit Valencia,92327,NA,Valencia,1,1,€ 140,2019/10/23,2019/10/24,4,"8,8",30
Petit Palace Plaza de la Reina,90443,NA,Valencia,1,1,€ 143,2019/10/23,2019/10/24,3,"8,7",30
Piso en La Ciudad de Artes,3832790,Apartamento,Valencia,1,1,NA,2019/10/23,2019/10/24,0,"9,6",30
Hotel Mediterraneo Valencia,92412,NA,Valencia,1,1,€ 144,2019/10/23,2019/10/24,3,"8,8",30
HOSPEDAJE PESET,4718074,NA,Valencia,1,1,€ 40,2019/10/23,2019/10/24,0,"7,2",30
Hotel Neptuno,91206,NA,Valencia,1,1,€ 144,2019/10/23,2019/10/24,4,"8,5",30
Apartamento Gran Vía Marqués del Turia,2358973,Apartamento,Valencia,1,1,€ 144,2019/10/23,2019/10/24,0,"8,5",30
Friendly Rentals Ferrero,2314984,Apartamento,Valencia,1,1,€ 150,2019/10/23,2019/10/24,0,"8,9",30
Cathedral Suites Hotel,1736257,Apartahotel,Valencia,1,1,€ 159,2019/10/23,2019/10/24,4,"8,9",30
One Shot Palacio Reina Victoria 04,90885,NA,Valencia,1,1,€ 161,2019/10/23,2019/10/24,4,"8,6",30
Carmen Apartment,3308265,Apartamento,Valencia,1,1,NA,2019/10/23,2019/10/24,0,"9,6",30
SH Ingles Boutique Hotel,92956,NA,Valencia,1,1,€ 162,2019/10/23,2019/10/24,4,"8,5",30
Mar & City Apartment,3456759,Apartamento,Valencia,1,1,€ 162,2019/10/23,2019/10/24,0,"8,9",30
Puerta de Serranos,2734333,Apartamentos,Valencia,1,1,€ 185,2019/10/23,2019/10/24,0,"8,8",30
La Flamenca,818359,NA,Valencia,1,1,€ 40,2019/10/23,2019/10/24,0,"7,2",30
Apartamentos La más Bonita,2816245,Apartamentos,Valencia,1,1,NA,2019/10/23,2019/10/24,0,"9,1",30
Central Station Valencia Hostel,1647017,NA,Valencia,1,1,€ 47,2019/10/23,2019/10/24,0,"7,1",30
Centro Valencia Calle Cerrajeros,3476261,NA,Valencia,1,1,€ 50,2019/10/23,2019/10/24,0,"7,1",30
Friendly Rentals Vives 2,2523871,Apartamento,Valencia,1,1,€ 185,2019/10/23,2019/10/24,0,"8,7",30
SH Valencia Palace,91497,NA,Valencia,1,1,€ 194,2019/10/23,2019/10/24,5,"8,5",30
Canela`s Vintage Ruzafa Centro,4652584,Apartamento,Valencia,1,1,€ 200,2019/10/23,2019/10/24,0,"8,7",30
Luxury Beach Apartment with Pool,3841868,Apartamento,Valencia,1,1,NA,2019/10/23,2019/10/24,0,"9,7",30
Hospes Palau de La Mar,93823,NA,Valencia,1,1,€ 234,2019/10/23,2019/10/24,5,"8,8",30
The Westin Valencia,93321,NA,Valencia,1,1,€ 248,2019/10/23,2019/10/24,5,"8,7",30
AC Hotel Colon Valencia,1117150,NA,Valencia,1,1,€ 262,2019/10/23,2019/10/24,4,"8,7",30
Sampedor Apartment,435662,Apartamentos,Valencia,1,1,€ 52,2019/10/23,2019/10/24,0,7,30
B&B El Mercat,2203530,NA,Valencia,1,1,€ 55,2019/10/23,2019/10/24,0,"7,3",30
Centro & Viaje,4215175,NA,Valencia,1,1,€ 58,2019/10/23,2019/10/24,0,"7,4",30
Ilunion Aqua 4,92777,NA,Valencia,1,1,€ 271,2019/10/23,2019/10/24,4,"8,5",30
Vincci Palace,94163,NA,Valencia,1,1,€ 277,2019/10/23,2019/10/24,4,"8,7",30
SingularStays Parque Central,3054000,Apartamentos,Valencia,1,1,€ 278,2019/10/23,2019/10/24,0,"8,8",30
Glorieta,4217752,Apartamento,Valencia,1,1,NA,2019/10/23,2019/10/24,0,"9,7",30
Vincci Lys,91183,NA,Valencia,1,1,€ 297,2019/10/23,2019/10/24,4,"8,9",30
Hotel Valencia Oceanic Managed by Melia Hotels International,91522,NA,Valencia,1,1,€ 297,2019/10/23,2019/10/24,4,"8,6",30
AC Hotel Valencia,91063,NA,Valencia,1,1,€ 325,2019/10/23,2019/10/24,4,"8,5",30
Center Valencia Youth Hostel,246931,NA,Valencia,1,1,€ 16,2019/10/23,2019/10/24,0,8,30
B&B Hi Valencia Canovas,305349,NA,Valencia,1,1,€ 42,2019/10/23,2019/10/24,0,"8,4",30
Original Domino House,5434091,NA,Valencia,1,1,€ 111,2019/10/23,2019/10/24,0,"9,1",30
Hotel Boutique Balandret,1281710,NA,Valencia,1,1,€ 114,2019/10/23,2019/10/24,3,"9,2",30
Avenida del Cid (Centrico),4737683,Apartamento,Valencia,1,1,€ 59,2019/10/23,2019/10/24,0,"7,1",30
Mediterranean Flats Plaza Redonda,4086496,Apartamentos,Valencia,1,1,NA,2019/10/23,2019/10/24,0,"9,2",30
Hostal la Barraca,350013,NA,Valencia,1,1,€ 65,2019/10/23,2019/10/24,0,"7,2",30
Mi casa es vuestra casa,4967097,NA,Valencia,1,1,€ 70,2019/10/23,2019/10/24,0,"7,1",30
NWT Monserrat,3728842,Apartamentos,Valencia,1,1,€ 72,2019/10/23,2019/10/24,0,7,30
HOSTAL BED OF THE SEA,3974636,NA,Valencia,1,1,€ 72,2019/10/23,2019/10/24,0,"7,1",30
Cosy Rooms Embajador,369728,NA,Valencia,1,1,€ 74,2019/10/23,2019/10/24,2,"7,4",30
Malvarrosa Beach Rooms,314048,NA,Valencia,1,1,€ 75,2019/10/23,2019/10/24,2,7,30
Cool Loft Malvarrosa Beach,4309218,Apartamento,Valencia,1,1,NA,2019/10/23,2019/10/24,0,"9,7",30
Apartamentos Edificio Palomar,189277,Apartamentos,Valencia,1,1,€ 119,2019/10/23,2019/10/24,0,"9,2",30
OCEANOGRAFIC APARTMENT. PARKING. WI-FI,3107716,Apartamentos,Valencia,1,1,€ 120,2019/10/23,2019/10/24,0,9,30
Friendly Rentals Schubert,1634221,Apartamentos,Valencia,1,1,€ 120,2019/10/23,2019/10/24,0,9,30
Mon Suites San Martin,2777545,Apartamentos,Valencia,1,1,€ 120,2019/10/23,2019/10/24,0,"9,4",30
Apartamento Mercado Central,4751166,Apartamento,Valencia,1,1,NA,2019/10/23,2019/10/24,0,"9,2",30
Valencia Apartments,4367788,Apartamentos,Valencia,1,1,€ 78,2019/10/23,2019/10/24,0,7,30
Valencia Apartmans El Carmen,847910,Apartamentos,Valencia,1,1,€ 83,2019/10/23,2019/10/24,0,"7,4",30
Cosy Rooms Bolsería,371606,NA,Valencia,1,1,€ 89,2019/10/23,2019/10/24,2,"7,4",30
Accommodation Beach Apartments,1001766,Apartamentos,Valencia,1,1,€ 94,2019/10/23,2019/10/24,0,"7,2",30
Sorolla Centro,90896,NA,Valencia,1,1,€ 121,2019/10/23,2019/10/24,3,"9,1",30
Apartments Welcome to Valencia Peset Aleixandre 69,4964856,Apartamento,Valencia,1,1,€ 124,2019/10/23,2019/10/24,0,"9,1",30
Ayuntamiento Panoramic,3089239,Apartamento,Valencia,1,1,NA,2019/10/23,2019/10/24,0,"9,5",30
La Casa dei Fiori,2849727,Apartamento,Valencia,1,1,€ 97,2019/10/23,2019/10/24,0,"7,1",30
Homestay & OLEE,4132920,NA,Valencia,1,1,€ 110,2019/10/23,2019/10/24,0,"7,3",30
Tramontana Apartments,1277215,Apartamentos,Valencia,1,1,NA,2019/10/23,2019/10/24,0,9,30
Kirei Apartment En Llop,1765516,Apartamentos,Valencia,1,1,€ 137,2019/10/23,2019/10/24,0,7,30
One Shot Mercat 09,2274203,NA,Valencia,1,1,€ 125,2019/10/23,2019/10/24,4,"9,1",30
Welcome Apartamentos Pintor Stolz 31 Valencia,5019066,Apartamento,Valencia,1,1,€ 127,2019/10/23,2019/10/24,0,"9,1",30
Live in Chianti Apartaments,2882632,Apartamentos,Valencia,1,1,€ 128,2019/10/23,2019/10/24,0,9,30
Apartamentos Valencia - Peset Aleixandre 135- FREE WI-FI,4262488,Apartamentos,Valencia,1,1,€ 128,2019/10/23,2019/10/24,0,9,30
MD Design Hotel - Portal del Real,2391685,NA,Valencia,1,1,€ 128,2019/10/23,2019/10/24,2,"9,1",30
OCEANOGRAFIC DELUXE- PARKING- WI-FI,4095746,Apartamento,Valencia,1,1,€ 130,2019/10/23,2019/10/24,0,"9,2",30
Valencia center,3168460,Apartamento,Valencia,1,1,NA,2019/10/23,2019/10/24,0,"9,8",30
Loft zona Pechina en Valencia centro,2524985,Apartamento,Valencia,1,1,€ 138,2019/10/23,2019/10/24,0,"9,1",30
Cozy apartment in Valencia center,3402135,Apartamentos,Valencia,1,1,€ 144,2019/10/23,2019/10/24,0,"9,2",30
Sweet Caroline Apartment,1811784,Apartamento,Valencia,1,1,€ 150,2019/10/23,2019/10/24,0,"9,2",30
ARENAS 2 APARTAMENT,2808815,Apartamento,Valencia,1,1,€ 150,2019/10/23,2019/10/24,0,9,30
Duplex en Blasco Ibáñez,3672426,Apartamento,Valencia,1,1,€ 155,2019/10/23,2019/10/24,0,"9,1",30
Edificio Pentagono,4673669,Apartamento,Valencia,1,1,€ 155,2019/10/23,2019/10/24,0,"9,1",30
Luxury Beach House,3602594,Casa o chalet,Valencia,1,1,NA,2019/10/23,2019/10/24,0,"9,7",30
HQ Rooms Apartments San Vicente,2894429,Apartamentos,Valencia,1,1,€ 160,2019/10/23,2019/10/24,0,"9,2",30
Mon Suites San Nicolas,4117225,Apartamentos,Valencia,1,1,€ 161,2019/10/23,2019/10/24,0,"9,2",30
MYR Hotel Plaza Mercado & Spa,1619029,Apartahotel,Valencia,1,1,€ 166,2019/10/23,2019/10/24,0,"9,2",30
Apartamentos Wallace,1698355,Apartamentos,Valencia,1,1,€ 170,2019/10/23,2019/10/24,0,"9,2",30
WeRentVLC Charming Ruzafa,2839319,Apartamento,Valencia,1,1,€ 170,2019/10/23,2019/10/24,0,"9,2",30
Select Home Catedral,440778,Apartamentos,Valencia,1,1,€ 170,2019/10/23,2019/10/24,0,"7,1",30
Best Valencia Beach Flat,3246772,Apartamento,Valencia,1,1,€ 192,2019/10/23,2019/10/24,0,"7,1",30
Select Home Town Hall,1648016,Apartamentos,Valencia,1,1,€ 195,2019/10/23,2019/10/24,0,"7,4",30
MD Puerto Rico Apartment Ruzafa,3737151,Apartamento,Valencia,1,1,€ 341,2019/10/23,2019/10/24,0,"7,4",30
RoomTuristValencia Torres de Quart,4565643,NA,Valencia,1,1,€ 28,2019/10/23,2019/10/24,0,"4,6",30
Guest House Duc de Gaeta,2275007,NA,Valencia,1,1,€ 28,2019/10/23,2019/10/24,0,"4,9",30
Oceanografic Apartment,4903549,Apartamento,Valencia,1,1,NA,2019/10/23,2019/10/24,0,"9,5",30
Guesthouse Plaza de Toros,2985902,NA,Valencia,1,1,€ 33,2019/10/23,2019/10/24,0,"4,9",30
RoomTuristValencia RuzafaSumsi,4682802,NA,Valencia,1,1,€ 35,2019/10/23,2019/10/24,0,"4,6",30
Malvarosa,3820590,Apartamento,Valencia,1,1,€ 90,2019/10/23,2019/10/24,0,"4,1",30
Constitucion Guesthouse,2985942,NA,Valencia,1,1,€ 30,2019/10/23,2019/10/24,0,"3,5",30
Bright room with trundle bed,5560260,NA,Valencia,1,1,€ 46,2019/10/23,2019/10/24,0,,30
Attic Rooms in Botánico,5522932,NA,Valencia,1,1,€ 48,2019/10/23,2019/10/24,0,,30
VIVIENDA DISEÑO CON JARDÍN INTERIOR,4314054,Apartamento,Valencia,1,1,NA,2019/10/23,2019/10/24,0,"9,7",30
Habitación privada con baño privado a 300 metros de la playa.,5587588,NA,Valencia,1,1,€ 49,2019/10/23,2019/10/24,0,,30
Aventura Valencia 2,5604325,NA,Valencia,1,1,€ 50,2019/10/23,2019/10/24,0,,30
vosotros sereis parte de mi familia.,5299568,NA,Valencia,1,1,€ 50,2019/10/23,2019/10/24,0,,30
Rooms El Picolino,5326859,NA,Valencia,1,1,€ 52,2019/10/23,2019/10/24,0,,30
Apartamento con compartir,5366858,NA,Valencia,1,1,€ 62,2019/10/23,2019/10/24,0,,30
Apartamento cerca de la playa y de la ciudad,3372933,Apartamento,Valencia,1,1,€ 64,2019/10/23,2019/10/24,0,,30
Hostal Antigua Morellana,1273937,NA,Valencia,1,1,NA,2019/10/23,2019/10/24,1,"9,5",30
Comfort Homestay,5423155,NA,Valencia,1,1,€ 67,2019/10/23,2019/10/24,0,,30
Bonito Apartamento- confortable y bien comunicado,5572090,Apartamento,Valencia,1,1,€ 68,2019/10/23,2019/10/24,0,,30
Habitación en Valencia,5477394,NA,Valencia,1,1,€ 72,2019/10/23,2019/10/24,0,,30
Hogar Dulce Hogar,5426607,NA,Valencia,1,1,€ 30,2019/10/23,2019/10/24,0,,30
Loft Turia Gran,5133726,Apartamento,Valencia,1,1,€ 80,2019/10/23,2019/10/24,0,,30
Casa Adosada Quintero,5481770,Casa o chalet,Valencia,1,1,€ 99,2019/10/23,2019/10/24,0,,30
ApartUP L' Almoina,4220343,Apartamento,Valencia,1,1,NA,2019/10/23,2019/10/24,0,"9,7",30
Apartamentos Artesa 22 Valencia,5546723,Apartamento,Valencia,1,1,€ 112,2019/10/23,2019/10/24,0,,30
Apartamento de 3 habitaciones junto al Rio Turia,3182157,Apartamento,Valencia,1,1,€ 115,2019/10/23,2019/10/24,0,,30
RAVALENCIA 4,3377937,Apartamento,Valencia,1,1,€ 124,2019/10/23,2019/10/24,0,,30
Duplex Rosario,5619328,Apartamento,Valencia,1,1,€ 125,2019/10/23,2019/10/24,0,,30
Kirei Apartment Dublin,4639542,Apartamento,Valencia,1,1,€ 137,2019/10/23,2019/10/24,0,,30
The White Apartment: Luxury- Beach and Design,5631365,Apartamentos,Valencia,1,1,€ 167,2019/10/23,2019/10/24,0,,30
Valencian Dreams,3268804,Apartamento,Valencia,1,1,NA,2019/10/23,2019/10/24,0,"9,8",30
CATHEDRAL LUXURY TERRACE FLAT 2BR-2BA- A\C-Wifi,5263870,Apartamento,Valencia,1,1,€ 175,2019/10/23,2019/10/24,0,,30
"Flat ""Ca Alexandre""",3687859,Apartamento,Valencia,1,1,€ 200,2019/10/23,2019/10/24,0,,30
Apartment Carrer Ernesto Che Guevara,5598848,Apartamentos,Valencia,1,1,€ 211,2019/10/23,2019/10/24,0,,30
Apartment Carrer de Don Juan de Austria,5464038,Apartamentos,Valencia,1,1,€ 275,2019/10/23,2019/10/24,0,,30
Governor Residence,3799760,Apartahotel,Valencia,1,1,€ 600,2019/10/23,2019/10/24,0,,30
Apartment Carrer de Cadis,5531328,Apartamentos,Valencia,1,1,€ 648,2019/10/23,2019/10/24,0,,30
Apartamento luminoso y acogedor,3489126,Apartamento,Valencia,1,1,NA,2019/10/23,2019/10/24,0,"9,5",30
Apartamento con terraza,5238122,Apartahotel,Valencia,1,1,€ 770,2019/10/23,2019/10/24,0,,30
Gulet Why Not,5199364,NA,Valencia,1,1,€ 3.000,2019/10/23,2019/10/24,0,,30
Hotel Beleret,94652,NA,Valencia,1,1,€ 41,2019/10/23,2019/10/24,3,"7,6",30
Voyagers Inn Homestay,2682156,NA,Valencia,1,1,€ 42,2019/10/23,2019/10/24,0,"7,8",30
Apartamento Tiziano,1528645,Apartamento,Valencia,1,1,NA,2019/10/23,2019/10/24,0,"9,5",30
Valencia maritimo,3020748,Apartamento,Valencia,1,1,€ 70,2019/10/23,2019/10/24,0,"8,9",30
Casa del Patriarca,364834,NA,Valencia,1,1,€ 71,2019/10/23,2019/10/24,0,"8,9",30
Valencia City Host,1177077,NA,Valencia,1,1,€ 44,2019/10/23,2019/10/24,0,"7,8",30
Valencia Lounge Hostel,337203,NA,Valencia,1,1,€ 47,2019/10/23,2019/10/24,0,"7,8",30
Rio Turia B&B,5531073,NA,Valencia,1,1,€ 48,2019/10/23,2019/10/24,0,"7,8",30
Cool Loft Malvarrosa Beach,4309218,Apartamento,Valencia,1,1,NA,2019/10/23,2019/10/24,0,"9,7",30
Magnífico Adosado- cerca de Valencia ciudad- en zona de montaña y playa fluvial,5354233,Casa o chalet,Valencia,1,1,€ 72,2019/10/23,2019/10/24,0,"8,7",30
Luz de Valencia,2076095,Apartamentos,Valencia,1,1,€ 72,2019/10/23,2019/10/24,0,"8,8",30
Buho House,3777691,Apartahotel,Valencia,1,1,€ 74,2019/10/23,2019/10/24,0,"8,5",30
Apartaments San Pio V,2456151,Apartamento,Valencia,1,1,€ 74,2019/10/23,2019/10/24,0,"8,8",30
Moon Valencia,3560698,Apartamentos,Valencia,1,1,€ 74,2019/10/23,2019/10/24,0,"8,9",30
Apartamentos Plaza Picasso,97063,Apartamentos,Valencia,1,1,€ 76,2019/10/23,2019/10/24,0,"8,5",30
Ayuntamiento Panoramic,3089239,Apartamento,Valencia,1,1,NA,2019/10/23,2019/10/24,0,"9,5",30
Ad Hoc Carmen,1173270,NA,Valencia,1,1,€ 76,2019/10/23,2019/10/24,2,"8,9",30
Angel Guimera Rooms & Breakfast,2524241,NA,Valencia,1,1,€ 76,2019/10/23,2019/10/24,0,"8,9",30
Habitación doble,3599930,NA,Valencia,1,1,€ 76,2019/10/23,2019/10/24,0,"8,9",30
Balandra Flat,2032624,Apartamento,Valencia,1,1,€ 79,2019/10/23,2019/10/24,0,"8,6",30
Rooms Valencia Center,5507857,NA,Valencia,1,1,€ 49,2019/10/23,2019/10/24,0,"7,6",30
Apartamentos Abastos,1044426,Apartamentos,Valencia,1,1,€ 50,2019/10/23,2019/10/24,0,"7,6",30
Patacona Green Flats,292996,Apartamentos,Valencia,1,1,€ 50,2019/10/23,2019/10/24,0,"7,6",30
Espai One Santa Mónica,5471724,Apartamento,Valencia,1,1,NA,2019/10/23,2019/10/24,0,"9,8",30
Suites by Eric Olsan (Florista),4726450,Apartamentos,Valencia,1,1,€ 82,2019/10/23,2019/10/24,0,"8,6",30
Burjassot Mestalla,3058627,Apartamento,Valencia,1,1,€ 85,2019/10/23,2019/10/24,0,"8,6",30
Valencia center,3168460,Apartamento,Valencia,1,1,NA,2019/10/23,2019/10/24,0,"9,8",30
Citizentral Gascons,332095,Apartamentos,Valencia,1,1,€ 87,2019/10/23,2019/10/24,0,"8,8",30
Petit Palomar,2187491,Apartamentos,Valencia,1,1,€ 89,2019/10/23,2019/10/24,0,"8,9",30
Habitación cerca del centro,2789581,NA,Valencia,1,1,€ 52,2019/10/23,2019/10/24,0,"7,5",30
Casual Civilizaciones Valencia,449777,NA,Valencia,1,1,€ 53,2019/10/23,2019/10/24,0,"7,9",30
Habitacion por dias Centro Valencia,3977106,NA,Valencia,1,1,€ 55,2019/10/23,2019/10/24,0,"7,9",30
OYO Pensión El Rincón,476031,NA,Valencia,1,1,€ 59,2019/10/23,2019/10/24,1,"7,6",30
APARTAMENTO LAS MELLIZAS,4651578,NA,Valencia,1,1,€ 45,2019/10/23,2019/10/24,0,"8,5",30
BUBUFLATS / Mercat,783206,Apartamentos,Valencia,1,1,€ 90,2019/10/23,2019/10/24,0,"8,9",30
Apartments Madrina,3278589,Apartamentos,Valencia,1,1,€ 90,2019/10/23,2019/10/24,0,"8,9",30
Casa de Maria,2467712,Apartamento,Valencia,1,1,€ 90,2019/10/23,2019/10/24,0,"8,6",30
Hostal Bisbal,235665,NA,Valencia,1,1,€ 60,2019/10/23,2019/10/24,1,"7,5",30
B&B Hotel Valencia Ciudad de las Ciencias,92242,NA,Valencia,1,1,€ 62,2019/10/23,2019/10/24,3,"7,5",30
Luxury Beach House,3602594,Casa o chalet,Valencia,1,1,NA,2019/10/23,2019/10/24,0,"9,7",30
Casual del Cine Valencia,572187,NA,Valencia,1,1,€ 90,2019/10/23,2019/10/24,2,"8,6",30
Valenciaflats Centro Histórico,94781,Apartamentos,Valencia,1,1,€ 91,2019/10/23,2019/10/24,0,"8,7",30
Ad Hoc Monumental,90719,NA,Valencia,1,1,€ 93,2019/10/23,2019/10/24,3,"8,6",30
Colors Rooms,675839,NA,Valencia,1,1,NA,2019/10/23,2019/10/24,0,"9,6",30
United Colors of Studios - Mercado Central,2574108,Apartamentos,Valencia,1,1,€ 64,2019/10/23,2019/10/24,0,"7,8",30
Jero Rooms,296743,NA,Valencia,1,1,€ 64,2019/10/23,2019/10/24,0,"7,7",30
City Center Apartments,4426057,Apartamentos,Valencia,1,1,€ 68,2019/10/23,2019/10/24,0,"7,8",30
València Centre Túria,2185255,Apartamento,Valencia,1,1,€ 94,2019/10/23,2019/10/24,0,"8,8",30
Center Puerto Apartments,4875083,Apartamento,Valencia,1,1,€ 95,2019/10/23,2019/10/24,0,"8,9",30
New Trendy apartment,2426154,Apartamento,Valencia,1,1,€ 95,2019/10/23,2019/10/24,0,"8,7",30
APARTMENTS VALENCIA CENTER,5180014,Apartamentos,Valencia,1,1,NA,2019/10/23,2019/10/24,0,"9,6",30
Boutique Creative Rooms,2334726,NA,Valencia,1,1,€ 95,2019/10/23,2019/10/24,0,"8,7",30
Hotel Sercotel Acteón Valencia,90495,NA,Valencia,1,1,€ 95,2019/10/23,2019/10/24,4,"8,5",30
Lotelito,570027,NA,Valencia,1,1,€ 97,2019/10/23,2019/10/24,0,"8,9",30
El Palacete Gran Via,3483148,NA,Valencia,1,1,€ 99,2019/10/23,2019/10/24,0,"8,9",30
Cosy Rooms Tapinería,371192,NA,Valencia,1,1,€ 74,2019/10/23,2019/10/24,2,"7,5",30
Expo Hotel Valencia,91223,NA,Valencia,1,1,€ 78,2019/10/23,2019/10/24,3,"7,6",30
El 16 Ruzafa,865461,Apartamentos,Valencia,1,1,€ 79,2019/10/23,2019/10/24,0,"7,7",30
L'Esplai Valencia Bed & Breakfast,1282556,NA,Valencia,1,1,NA,2019/10/23,2019/10/24,0,"9,6",30
Hotel Gabbeach,403586,NA,Valencia,1,1,€ 99,2019/10/23,2019/10/24,3,"8,5",30
One Shot Colón 46,1394168,NA,Valencia,1,1,€ 107,2019/10/23,2019/10/24,3,"8,7",30
Preciosa Casita Cerca Del Mar,4057271,Apartamento,Valencia,1,1,NA,2019/10/23,2019/10/24,0,"9,7",30
Petit Palace Ruzafa,90792,NA,Valencia,1,1,€ 107,2019/10/23,2019/10/24,3,"8,7",30
SKY TOURISTIC ATTIC,281640,Apartamentos,Valencia,1,1,€ 108,2019/10/23,2019/10/24,0,"8,5",30
City of Arts,3031480,Apartamento,Valencia,1,1,€ 110,2019/10/23,2019/10/24,0,"8,8",30
Les flors,3985046,Apartamento,Valencia,1,1,€ 110,2019/10/23,2019/10/24,0,"8,7",30
Tranquilo Apartamento En Plaza Cisneros,3127388,Apartamento,Valencia,1,1,€ 111,2019/10/23,2019/10/24,0,"8,8",30
Oceanográfico Apartments & Spa,324918,Apartamentos,Valencia,1,1,€ 79,2019/10/23,2019/10/24,0,"7,6",30
Apartamento Alguer,4005334,Apartamento,Valencia,1,1,€ 80,2019/10/23,2019/10/24,0,"7,6",30
Apartamento Angel Alcazar 35,2174625,Apartamento,Valencia,1,1,€ 80,2019/10/23,2019/10/24,0,"7,6",30
Torres Quart,3702234,Apartamentos,Valencia,1,1,€ 83,2019/10/23,2019/10/24,0,"7,7",30
Suites by Eric Olsan (L),4287413,Apartamentos,Valencia,1,1,€ 83,2019/10/23,2019/10/24,0,"7,5",30
Hotel Turia,14441,NA,Valencia,1,1,€ 89,2019/10/23,2019/10/24,4,"7,5",30
ÁTICO EN EL CENTRO DE VALENCIA VT-45939-T,4752815,Apartamento,Valencia,1,1,NA,2019/10/23,2019/10/24,0,"9,6",30
Checkin Valencia,93743,NA,Valencia,1,1,€ 89,2019/10/23,2019/10/24,4,"7,8",30
Apartment Florista,2150187,Apartamento,Valencia,1,1,€ 90,2019/10/23,2019/10/24,0,"7,9",30
Hotel Kramer,91106,NA,Valencia,1,1,€ 115,2019/10/23,2019/10/24,3,"8,8",30
Loft by the Beach,4441671,Apartamento,Valencia,1,1,€ 115,2019/10/23,2019/10/24,0,"8,5",30
Friendly Rentals Ravel I,1634234,Apartamento,Valencia,1,1,€ 115,2019/10/23,2019/10/24,0,"8,8",30
Friendly Rentals Casals,1769176,Apartamento,Valencia,1,1,€ 115,2019/10/23,2019/10/24,0,"8,7",30
Plaza Sainetero 5,3148458,Apartamento,Valencia,1,1,€ 93,2019/10/23,2019/10/24,0,"7,7",30
El Globo,24498,NA,Valencia,1,1,€ 96,2019/10/23,2019/10/24,1,"7,8",30
SHF Plaza de la Reina,1682520,Apartamentos,Valencia,1,1,€ 97,2019/10/23,2019/10/24,0,"7,8",30
Kirei Apartment Vienna,4639797,Apartamento,Valencia,1,1,€ 115,2019/10/23,2019/10/24,0,"7,6",30
Apartamento torres serrano,4622232,Apartamento,Valencia,1,1,NA,2019/10/23,2019/10/24,0,"9,5",30
SEA YOU HOTEL PORT VALENCIA,92328,NA,Valencia,1,1,€ 121,2019/10/23,2019/10/24,4,"7,7",30
Kirei Apartment Calgary,4768322,Apartamento,Valencia,1,1,€ 137,2019/10/23,2019/10/24,0,"7,6",30
STYLISH APARTMENT - CITY CENTER,2861517,Apartamento,Valencia,1,1,€ 140,2019/10/23,2019/10/24,0,"7,8",30
Patacona Resort Apartments,189782,Apartamentos,Valencia,1,1,€ 141,2019/10/23,2019/10/24,0,"7,8",30
Ilunion Valencia 3,92818,NA,Valencia,1,1,€ 150,2019/10/23,2019/10/24,3,"7,9",30
Old Town Flats Casa Burguerini,4552106,Apartamentos,Valencia,1,1,€ 151,2019/10/23,2019/10/24,0,"7,8",30
Casual de la Música Valencia,273130,NA,Valencia,1,1,€ 157,2019/10/23,2019/10/24,2,"7,5",30
Barceló Valencia,91988,NA,Valencia,1,1,€ 117,2019/10/23,2019/10/24,4,"8,7",30
Catalonia Excelsior,90578,NA,Valencia,1,1,€ 120,2019/10/23,2019/10/24,3,"8,7",30
Casual Vintage Valencia,1710241,NA,Valencia,1,1,€ 120,2019/10/23,2019/10/24,2,"8,6",30
Isabel,4442066,Apartamento,Valencia,1,1,€ 122,2019/10/23,2019/10/24,0,"8,6",30
ValentiaApartments - MercadoCentral,4185241,Apartamentos,Valencia,1,1,€ 124,2019/10/23,2019/10/24,0,"8,8",30
Friendly Rentals Verdi 2,2523881,Apartamento,Valencia,1,1,€ 130,2019/10/23,2019/10/24,0,"8,8",30
Hotel Mediterraneo Valencia,92412,NA,Valencia,1,1,€ 131,2019/10/23,2019/10/24,3,"8,8",30
Friendly Rentals Danna,1634254,Apartamento,Valencia,1,1,€ 170,2019/10/23,2019/10/24,0,"7,7",30
Dreams Rental City Hall,337092,Apartamentos,Valencia,1,1,€ 280,2019/10/23,2019/10/24,0,"7,5",30
MD Benlliure Beach.,1957258,Apartamento,Valencia,1,1,€ 313,2019/10/23,2019/10/24,0,"7,9",30
MD Art Apartment Ruzafa,2550955,Apartamento,Valencia,1,1,€ 313,2019/10/23,2019/10/24,0,"7,5",30
FREE WI-FI. Apartamentos 90 м2 - Assutzena 5,4828764,Apartamento,Valencia,1,1,€ 134,2019/10/23,2019/10/24,0,"8,7",30
Pio XII Apartments Valencia,402080,Apartamentos,Valencia,1,1,€ 135,2019/10/23,2019/10/24,0,"8,5",30
MD Pelayo with terrace,1979067,Apartamento,Valencia,1,1,€ 313,2019/10/23,2019/10/24,0,"7,8",30
MD Oliag I Apartment Ruzafa,2867488,Apartamento,Valencia,1,1,€ 387,2019/10/23,2019/10/24,0,"7,7",30
Guest House Samuel Ros,4161855,NA,Valencia,1,1,€ 30,2019/10/23,2019/10/24,0,"7,3",30
feliz como en casa,3676196,NA,Valencia,1,1,€ 36,2019/10/23,2019/10/24,0,"7,2",30
City Suites Apartments,3091106,NA,Valencia,1,1,€ 84,2019/10/23,2019/10/24,0,"8,4",30
Purple Nest Hostel,25278,NA,Valencia,1,1,€ 84,2019/10/23,2019/10/24,0,"8,2",30
El Corazon de Canovas,2634817,Apartamento,Valencia,1,1,NA,2019/10/23,2019/10/24,0,"9,6",30
Hostal Waksman,281139,NA,Valencia,1,1,€ 38,2019/10/23,2019/10/24,1,"7,3",30
Hostal Residencial RR,450746,NA,Valencia,1,1,€ 39,2019/10/23,2019/10/24,0,7,30
Habitacion Apartamento soleado Plaza Escultor Frechina,4865043,NA,Valencia,1,1,€ 40,2019/10/23,2019/10/24,0,"7,1",30
Apartamento Plaza Sainetero,2743838,Apartamento,Valencia,1,1,€ 86,2019/10/23,2019/10/24,0,"8,2",30
Valenciaflats Torres de Serrano,17468,Apartamentos,Valencia,1,1,€ 87,2019/10/23,2019/10/24,0,"8,3",30
NH Ciudad de Valencia,90729,NA,Valencia,1,1,€ 88,2019/10/23,2019/10/24,3,"8,1",30
MD Modern Hotel - Jardines,305447,NA,Valencia,1,1,€ 90,2019/10/23,2019/10/24,1,"8,3",30
Casual de las Artes Valencia,538056,NA,Valencia,1,1,€ 94,2019/10/23,2019/10/24,3,"8,4",30
Apartamento Ciudad de las Artes y las Ciencias,4353552,Apartamento,Valencia,1,1,€ 95,2019/10/23,2019/10/24,0,"8,3",30
Apartment Plaza Cisneros,1273377,Apartamentos,Valencia,1,1,NA,2019/10/23,2019/10/24,0,"9,8",30
LOFT apartamento duplex en Valencia con parking,5519008,Apartamento,Valencia,1,1,€ 65,2019/10/23,2019/10/24,0,"9,7",30
Nest Style Valencia -Nueva apertura-,5219046,NA,Valencia,1,1,€ 73,2019/10/23,2019/10/24,3,"9,6",30
VALENCIA APARTAMENTO GOYA,4256653,Apartamento,Valencia,1,1,NA,2019/10/23,2019/10/24,0,10,30
United Colors of Apartments Boutique Style,5372347,Apartamentos,Valencia,1,1,€ 79,2019/10/23,2019/10/24,0,"9,8",30
Sol Playa,12656,NA,Valencia,1,1,€ 97,2019/10/23,2019/10/24,2,"8,3",30
Casa La Buhardilla,2985364,Apartamento,Valencia,1,1,€ 97,2019/10/23,2019/10/24,0,"9,6",30
ÁTICO PTA 13 EN EL CENTRO DE VALENCIA VT-45727-T,4612077,Apartamento,Valencia,1,1,€ 100,2019/10/23,2019/10/24,0,"9,5",30
Precioso piso junto al antiguo barrio de Campanar,3297078,Apartamento,Valencia,1,1,€ 100,2019/10/23,2019/10/24,0,"9,5",30
Valencian Dreams Lonja,4757385,Apartamento,Valencia,1,1,€ 104,2019/10/23,2019/10/24,0,"9,8",30
Hotel Medium Valencia,96838,NA,Valencia,1,1,€ 99,2019/10/23,2019/10/24,4,"8,1",30
Eurostars Gran Valencia,90484,NA,Valencia,1,1,€ 99,2019/10/23,2019/10/24,4,"8,4",30
SHF Flats Baron,1033085,Apartamentos,Valencia,1,1,€ 100,2019/10/23,2019/10/24,0,8,30
Ramirez Flats & Bar,4124528,Apartahotel,Valencia,1,1,€ 117,2019/10/23,2019/10/24,0,"9,6",30
BONNIES Suites & Spa Valencia,3631910,Apartamentos,Valencia,1,1,NA,2019/10/23,2019/10/24,0,"9,8",30
15 Avinguda Mare Nostrum,4518973,Apartamento,Valencia,1,1,€ 120,2019/10/23,2019/10/24,0,"9,6",30
Apartamento Privado Próximo a Playa y Ciencias,3783163,Apartamento,Valencia,1,1,€ 100,2019/10/23,2019/10/24,0,"8,2",30
Silken Puerta Valencia,91182,NA,Valencia,1,1,€ 105,2019/10/23,2019/10/24,4,"8,3",30
So de Mar,2204496,Apartamento,Valencia,1,1,NA,2019/10/23,2019/10/24,0,"9,6",30
Duplex+Swimming pool+private entrance=Housen of LOVE,2999152,Apartamento,Valencia,1,1,€ 125,2019/10/23,2019/10/24,0,"9,5",30
Ciudad Ciencias- Lujo- Parking- Wi-Fi.,4999636,Apartamento,Valencia,1,1,€ 140,2019/10/23,2019/10/24,0,"9,8",30
RUZAFA- CENTRO-A/C- WI-FI- PARKING,2885994,Apartamento,Valencia,1,1,€ 140,2019/10/23,2019/10/24,0,"9,7",30
Senator Parque Central Hotel,274963,NA,Valencia,1,1,€ 106,2019/10/23,2019/10/24,4,"8,1",30
Eurostars Rey Don Jaime,91520,NA,Valencia,1,1,€ 107,2019/10/23,2019/10/24,4,"8,2",30
Apartment Valencia,348555,Apartamentos,Valencia,1,1,€ 108,2019/10/23,2019/10/24,0,8,30
Carrer de María Montessori,3272386,Apartamento,Valencia,1,1,€ 109,2019/10/23,2019/10/24,0,"8,2",30
Opera House Valencia B&B,3533887,NA,Valencia,1,1,€ 145,2019/10/23,2019/10/24,0,"9,5",30
Disfruta - Enjoy Valencia Oceanografic,4121345,Apartamento,Valencia,1,1,€ 145,2019/10/23,2019/10/24,0,"9,6",30
Barracart Apartments,2125836,Apartamentos,Valencia,1,1,NA,2019/10/23,2019/10/24,0,"9,6",30
Disfruta - Enjoy Valencia Ruzafa,3890328,Apartamento,Valencia,1,1,€ 145,2019/10/23,2019/10/24,0,"9,7",30
Disfruta - Enjoy Valencia Centre,3881970,Apartamento,Valencia,1,1,€ 169,2019/10/23,2019/10/24,0,"9,8",30
Apartments Downtown Valencia,2250421,Apartamentos,Valencia,1,1,€ 170,2019/10/23,2019/10/24,0,"9,6",30
Hotel Valencia Center,91285,NA,Valencia,1,1,€ 112,2019/10/23,2019/10/24,4,"8,4",30
MARQUÉS HOUSE 4* SUP,2118880,NA,Valencia,1,1,€ 249,2019/10/23,2019/10/24,4,"9,5",30
MD PASEO RUZAFA CENTER,5374850,Apartamento,Valencia,1,1,€ 1.030,2019/10/23,2019/10/24,0,"9,5",30
Cantagua Hostel,4074640,NA,Valencia,1,1,€ 38,2019/10/23,2019/10/24,0,"9,1",30
Atico Loft Ruzafa,3152977,Apartamento,Valencia,1,1,NA,2019/10/23,2019/10/24,0,"9,7",30
Primus Valencia,331871,NA,Valencia,1,1,€ 114,2019/10/23,2019/10/24,4,"8,3",30
Apartment Sofi,2830696,Apartamento,Valencia,1,1,NA,2019/10/23,2019/10/24,0,"9,8",30
Friendly Rentals Puerto Deportivo,2317861,Apartamentos,Valencia,1,1,€ 115,2019/10/23,2019/10/24,0,"8,2",30
Apartamentos Sollana 18 Cerca de les Arts i les Ciencies Valencia- FREE WI-FI,5232423,Apartamento,Valencia,1,1,€ 119,2019/10/23,2019/10/24,0,"8,1",30
Welcome Platanos 13 Valencia Beautiful apartments with terrace,5095795,Apartamento,Valencia,1,1,€ 119,2019/10/23,2019/10/24,0,"8,1",30
YOU & CO. Saler Beach Boutique,4533007,NA,Valencia,1,1,€ 55,2019/10/23,2019/10/24,3,"9,1",30
Habitación privada a 1500 metros de la playa,3789910,NA,Valencia,1,1,€ 60,2019/10/23,2019/10/24,0,"9,3",30
Ilunion Aqua 3,92776,NA,Valencia,1,1,€ 119,2019/10/23,2019/10/24,3,"8,3",30
El Coso,14580,NA,Valencia,1,1,€ 120,2019/10/23,2019/10/24,3,"8,2",30
Sweet Hotel Renasa,274818,NA,Valencia,1,1,€ 129,2019/10/23,2019/10/24,3,8,30
Stay at Valencia Downtown,1840715,Apartamento,Valencia,1,1,NA,2019/10/23,2019/10/24,0,"9,6",30
Blanq Comedias,4922002,NA,Valencia,1,1,€ 63,2019/10/23,2019/10/24,0,"9,1",30
Hi Valencia Cánovas,4312120,Apartamentos,Valencia,1,1,€ 72,2019/10/23,2019/10/24,0,9,30
Bianca,4232781,Apartamentos,Valencia,1,1,€ 74,2019/10/23,2019/10/24,0,9,30
Zerka Centro,4425975,Apartamentos,Valencia,1,1,€ 129,2019/10/23,2019/10/24,0,"8,3",30
Apartamento frente al mar,3060802,Apartamento,Valencia,1,1,€ 130,2019/10/23,2019/10/24,0,"8,4",30
NH Valencia Las Artes,90731,NA,Valencia,1,1,€ 134,2019/10/23,2019/10/24,4,"8,4",30
Friendly Rentals Verdi,1634232,Apartamento,Valencia,1,1,€ 140,2019/10/23,2019/10/24,0,"8,1",30
Apartamentos Dormavalencia,4450983,Apartamentos,Valencia,1,1,€ 141,2019/10/23,2019/10/24,0,"8,4",30
Live in Chianti,2227491,NA,Valencia,1,1,€ 75,2019/10/23,2019/10/24,0,"9,1",30
Apartamento Frederick “Centrico y con Clase”,4236394,Apartamento,Valencia,1,1,NA,2019/10/23,2019/10/24,0,"9,7",30
Rooms Ciencias,94126,NA,Valencia,1,1,€ 77,2019/10/23,2019/10/24,0,9,30
Apartamento Obispo don Jerónimo,2079020,Apartamento,Valencia,1,1,€ 144,2019/10/23,2019/10/24,0,"8,2",30
Bubuflats Bubu 3,1014334,Apartamento,Valencia,1,1,NA,2019/10/23,2019/10/24,0,"9,6",30
NH Valencia Center,90727,NA,Valencia,1,1,€ 147,2019/10/23,2019/10/24,4,"8,3",30
Friendly rentals Enesco Beach,2526514,Apartamento,Valencia,1,1,€ 150,2019/10/23,2019/10/24,0,8,30
Soho Valencia,1538641,Apartahotel,Valencia,1,1,€ 78,2019/10/23,2019/10/24,0,9,30
Hostal Venecia,92883,NA,Valencia,1,1,€ 79,2019/10/23,2019/10/24,2,"9,1",30
Una Ubicacion Perfecta,3114164,Apartamentos,Valencia,1,1,€ 80,2019/10/23,2019/10/24,0,"9,2",30
Calle de Frederica Montseny 'Política' Casa o chalet,5152866,Casa o chalet,Valencia,1,1,€ 85,2019/10/23,2019/10/24,0,"9,4",30
Hotel Conqueridor,91047,NA,Valencia,1,1,€ 162,2019/10/23,2019/10/24,4,"8,4",30
Loft el Carmen amazing views,4932621,Apartamento,Valencia,1,1,€ 172,2019/10/23,2019/10/24,0,"8,1",30
Ilunion Valencia 4,754329,NA,Valencia,1,1,€ 176,2019/10/23,2019/10/24,4,"8,1",30
Vlc Apartaments el Carmen,389902,Apartamentos,Valencia,1,1,€ 214,2019/10/23,2019/10/24,0,"8,2",30
Malvarrosa Calle Pavia,3608764,Casa o chalet,Valencia,1,1,€ 271,2019/10/23,2019/10/24,0,8,30
Apartamento cerca de la Playa y el Centro,2620264,Apartamento,Valencia,1,1,€ 88,2019/10/23,2019/10/24,0,9,30
La seda stay,3335523,Apartamento,Valencia,1,1,NA,2019/10/23,2019/10/24,0,"9,7",30
Palau de Palomar,471283,Apartamentos,Valencia,1,1,€ 89,2019/10/23,2019/10/24,0,"9,1",30
La casita de Palomar,2132386,Apartamentos,Valencia,1,1,€ 89,2019/10/23,2019/10/24,0,"9,4",30
NWT Central Station Apartments,3964093,Apartamento,Valencia,1,1,€ 300,2019/10/23,2019/10/24,0,"8,2",30
Musico Peydro Apartments,3765069,Apartamentos,Valencia,1,1,€ 313,2019/10/23,2019/10/24,0,8,30
UP Hostel Valencia,1710137,NA,Valencia,1,1,€ 24,2019/10/23,2019/10/24,0,"7,8",30
Pensión Universal,304276,NA,Valencia,1,1,€ 29,2019/10/23,2019/10/24,0,"7,9",30
RUZAFA. Nice apartment and Terrace.,4368595,Apartamento,Valencia,1,1,€ 90,2019/10/23,2019/10/24,0,"9,3",30
Citizentral Juristas,1113127,Apartamentos,Valencia,1,1,€ 91,2019/10/23,2019/10/24,0,"9,2",30
Casual Socarrat Valencia,5142800,NA,Valencia,1,1,€ 92,2019/10/23,2019/10/24,3,"9,2",30
Hostal Moratin,326015,NA,Valencia,1,1,€ 33,2019/10/23,2019/10/24,1,"7,9",30
Apart and Benef,2291245,NA,Valencia,1,1,€ 34,2019/10/23,2019/10/24,0,"7,8",30
Hostal El Cid,309465,NA,Valencia,1,1,€ 34,2019/10/23,2019/10/24,2,"7,6",30
City Garden Bed and Breakfast,2204361,NA,Valencia,1,1,€ 93,2019/10/23,2019/10/24,0,"9,4",30
BUBUSUITES by Bubuflats,2389776,NA,Valencia,1,1,€ 95,2019/10/23,2019/10/24,0,"9,3",30
Bubuflats Bubu 5,1283519,Apartamento,Valencia,1,1,€ 95,2019/10/23,2019/10/24,0,"9,1",30
Habitaciones Barra89,1076252,NA,Valencia,1,1,€ 35,2019/10/23,2019/10/24,0,"7,8",30
Habitación Céntrica en Casa de Familia,4289877,NA,Valencia,1,1,€ 35,2019/10/23,2019/10/24,0,"7,7",30
Habitacion PLaza Ayuntamiento,4365340,NA,Valencia,1,1,€ 40,2019/10/23,2019/10/24,0,"7,6",30
Habitación San Cayetano,4624401,NA,Valencia,1,1,€ 40,2019/10/23,2019/10/24,0,"7,5",30
Hotel Valencia Alameda,4019381,NA,Valencia,1,1,€ 97,2019/10/23,2019/10/24,4,"9,3",30
OttoH Charm Stay,2459807,NA,Valencia,1,1,€ 99,2019/10/23,2019/10/24,0,"9,3",30
APARTAMENTO CENTRO- RUZAFA. WI-FI. PARKING,3144104,Apartamento,Valencia,1,1,€ 100,2019/10/23,2019/10/24,0,"9,3",30
Center Valencia,2944722,Casa o chalet,Valencia,1,1,€ 100,2019/10/23,2019/10/24,0,"9,3",30
Valenciaflats Centro Ciudad,18544,Apartamentos,Valencia,1,1,€ 101,2019/10/23,2019/10/24,0,"9,2",30
Forn desamparats,2380447,Apartamento,Valencia,1,1,€ 105,2019/10/23,2019/10/24,0,"9,4",30
Valenciaflats Ciudad de las Ciencias,93676,Apartamentos,Valencia,1,1,€ 106,2019/10/23,2019/10/24,0,"9,1",30
"Piso ""Como en tu casa""",2689136,Apartamento,Valencia,1,1,€ 108,2019/10/23,2019/10/24,0,"9,2",30
Teixidors de Palomar,2639791,Apartamentos,Valencia,1,1,€ 109,2019/10/23,2019/10/24,0,"9,3",30
Valenciaflats Mercado Central,307677,Apartamentos,Valencia,1,1,€ 110,2019/10/23,2019/10/24,0,9,30
