name,propertyId,propertyType,city,rooms,days,price,checkIn,checkOut,stars,score,advance
Habitación en casa particular con preciosa terraza,5559993,NA,Valencia,1,1,€ 51,2019/10/04,2019/10/05,0,,30
Rooms Valencia Center,5507857,NA,Valencia,1,1,€ 55,2019/10/04,2019/10/05,0,,30
Espai Loft Santa Mónica,4574135,Apartamento,Valencia,1,1,NA,2019/10/04,2019/10/05,0,"9,8",30
Attic Rooms in Botánico,5522932,NA,Valencia,1,1,€ 55,2019/10/04,2019/10/05,0,,30
Hogar Dulce Hogar,5426607,NA,Valencia,1,1,€ 60,2019/10/04,2019/10/05,0,,30
Rooms El Picolino,5326859,NA,Valencia,1,1,€ 60,2019/10/04,2019/10/05,0,,30
vosotros sereis parte de mi familia.,5299568,NA,Valencia,1,1,€ 60,2019/10/04,2019/10/05,0,,30
Comfort Homestay,5423155,NA,Valencia,1,1,€ 67,2019/10/04,2019/10/05,0,,30
Petxina78 Valencia,5503912,Apartamento,Valencia,1,1,€ 70,2019/10/04,2019/10/05,0,,30
ApartUP Patacona Deluxe,2565246,Apartamento,Valencia,1,1,NA,2019/10/04,2019/10/05,0,"9,6",30
Mi casa es vuestra casa,4967097,NA,Valencia,1,1,€ 70,2019/10/04,2019/10/05,0,,30
Habitación en Valencia,5477394,NA,Valencia,1,1,€ 72,2019/10/04,2019/10/05,0,,30
LOFT apartamento duplex en Valencia con parking,5519008,Apartamento,Valencia,1,1,€ 75,2019/10/04,2019/10/05,0,,30
Loft Turia Gran,5133726,Apartamento,Valencia,1,1,€ 80,2019/10/04,2019/10/05,0,,30
Habitación en casa particular,5500863,NA,Valencia,1,1,€ 80,2019/10/04,2019/10/05,0,,30
Original Domino House,5434091,NA,Valencia,1,1,€ 87,2019/10/04,2019/10/05,0,,30
Valencia what else...,2550483,Apartamento,Valencia,1,1,NA,2019/10/04,2019/10/05,0,"9,5",30
PISO DE DISEÑO A 5 MIN ANDANDO DE LA PLAYA,5546265,Apartamento,Valencia,1,1,€ 95,2019/10/04,2019/10/05,0,,30
Apartamento Centrico Y Muy Bien Ubicado,4800241,Apartamento,Valencia,1,1,€ 101,2019/10/04,2019/10/05,0,,30
My Reception - Edificio San Vicente,5123921,Apartamentos,Valencia,1,1,€ 109,2019/10/04,2019/10/05,0,,30
Atico Loft Torres de Quart,4152620,Apartamento,Valencia,1,1,€ 160,2019/10/04,2019/10/05,0,,30
"Flat ""Ca Alexandre""",3687859,Apartamento,Valencia,1,1,€ 200,2019/10/04,2019/10/05,0,,30
Apartamento con terraza,5238122,Apartahotel,Valencia,1,1,€ 240,2019/10/04,2019/10/05,0,,30
Apartment Sofi,2830696,Apartamento,Valencia,1,1,NA,2019/10/04,2019/10/05,0,"9,8",30
Apartment Carrer de Don Juan de Austria,5464038,Apartamentos,Valencia,1,1,€ 275,2019/10/04,2019/10/05,0,,30
Governor Residence,3799760,Apartahotel,Valencia,1,1,€ 600,2019/10/04,2019/10/05,0,,30
Apartment Carrer de Cadis,5531328,Apartamentos,Valencia,1,1,€ 648,2019/10/04,2019/10/05,0,,30
Gulet Why Not,5199364,NA,Valencia,1,1,€ 3.000,2019/10/04,2019/10/05,0,,30
MD Pelayo with terrace,1979067,Apartamento,Valencia,1,1,€ 291,2019/10/04,2019/10/05,0,"7,8",30
MD Art Apartment Ruzafa,2550955,Apartamento,Valencia,1,1,€ 296,2019/10/04,2019/10/05,0,"7,6",30
Apartment Cabanyal,3172456,Apartamento,Valencia,1,1,NA,2019/10/04,2019/10/05,0,"9,7",30
MD Oliag I Apartment Ruzafa,2867488,Apartamento,Valencia,1,1,€ 375,2019/10/04,2019/10/05,0,"7,7",30
feliz como en casa,3676196,NA,Valencia,1,1,€ 36,2019/10/04,2019/10/05,0,"7,2",30
Hostal Waksman,281139,NA,Valencia,1,1,€ 38,2019/10/04,2019/10/05,1,"7,3",30
HOSPEDAJE PESET,4718074,NA,Valencia,1,1,€ 40,2019/10/04,2019/10/05,0,"7,2",30
Hostal Residencial RR,450746,NA,Valencia,1,1,€ 40,2019/10/04,2019/10/05,0,7,30
63 Carrer d'Ernest Anastasio,4594613,NA,Valencia,1,1,€ 48,2019/10/04,2019/10/05,0,"7,4",30
Apartamento Forn dels Apòstols,3122008,Apartamento,Valencia,1,1,NA,2019/10/04,2019/10/05,0,"9,6",30
Central Station Valencia Hostel,1647017,NA,Valencia,1,1,€ 54,2019/10/04,2019/10/05,0,"7,1",30
B&B El Mercat,2203530,NA,Valencia,1,1,€ 55,2019/10/04,2019/10/05,0,"7,3",30
La Flamenca,818359,NA,Valencia,1,1,€ 55,2019/10/04,2019/10/05,0,"7,2",30
Centro Valencia Calle Cerrajeros,3476261,NA,Valencia,1,1,€ 75,2019/10/04,2019/10/05,0,"7,1",30
Homestay & OLEE,4132920,NA,Valencia,1,1,€ 78,2019/10/04,2019/10/05,0,"7,3",30
HOSTAL BED OF THE SEA,3974636,NA,Valencia,1,1,€ 82,2019/10/04,2019/10/05,0,"7,1",30
Apartments Downtown Valencia,2250421,Apartamentos,Valencia,1,1,NA,2019/10/04,2019/10/05,0,"9,6",30
Malvarrosa Beach Rooms,314048,NA,Valencia,1,1,€ 85,2019/10/04,2019/10/05,2,"7,1",30
SHF Sevilla Loft,850157,Apartamentos,Valencia,1,1,€ 90,2019/10/04,2019/10/05,0,"7,4",30
Guest House Samuel Ros,4161855,NA,Valencia,1,1,€ 90,2019/10/04,2019/10/05,0,"7,3",30
Cosy Rooms Embajador,369728,NA,Valencia,1,1,€ 94,2019/10/04,2019/10/05,2,"7,4",30
NWT Monserrat,3728842,Apartamentos,Valencia,1,1,€ 102,2019/10/04,2019/10/05,0,7,30
Select Home Catedral,440778,Apartamentos,Valencia,1,1,€ 170,2019/10/04,2019/10/05,0,"7,1",30
Apartamento Comedias,2236348,Apartamento,Valencia,1,1,NA,2019/10/04,2019/10/05,0,"9,8",30
Apartamento para 10 personas,5029963,Apartamento,Valencia,1,1,€ 175,2019/10/04,2019/10/05,0,"7,3",30
Best Valencia Beach Flat,3246772,Apartamento,Valencia,1,1,€ 192,2019/10/04,2019/10/05,0,"7,1",30
MD Puerto Rico Apartment Ruzafa,3737151,Apartamento,Valencia,1,1,€ 329,2019/10/04,2019/10/05,0,"7,4",30
Habitación Despuig,4901343,NA,Valencia,1,1,€ 26,2019/10/04,2019/10/05,0,"6,8",30
Habitación con cama doble,4794909,NA,Valencia,1,1,€ 36,2019/10/04,2019/10/05,0,"6,6",30
Ruzafa Rooms,2891693,NA,Valencia,1,1,€ 40,2019/10/04,2019/10/05,0,"6,9",30
APARTAMENTO DE DISEÑO EN PLAZA MANISES,2823390,Apartamento,Valencia,1,1,NA,2019/10/04,2019/10/05,0,"9,7",30
PISO ACOGEDOR,4995780,NA,Valencia,1,1,€ 50,2019/10/04,2019/10/05,0,"6,9",30
Geography and Arts.,3569110,NA,Valencia,1,1,€ 60,2019/10/04,2019/10/05,0,"6,8",30
Guest House Lebon,3124256,NA,Valencia,1,1,€ 60,2019/10/04,2019/10/05,0,"6,9",30
Fun and Sun Center 2,2944416,NA,Valencia,1,1,€ 36,2019/10/04,2019/10/05,0,"6,1",30
Casita Esmeralda,2040126,Casa o chalet,Valencia,1,1,€ 114,2019/10/04,2019/10/05,0,"6,4",30
RoomTuristValencia - Ruzafa,4608394,NA,Valencia,1,1,€ 30,2019/10/04,2019/10/05,0,"5,6",30
Casa La Buhardilla,2985364,Apartamento,Valencia,1,1,NA,2019/10/04,2019/10/05,0,"9,6",30
Ruzafa Guesthouse,2269176,NA,Valencia,1,1,€ 35,2019/10/04,2019/10/05,0,"5,6",30
Guest House Higinio Noja,2845935,NA,Valencia,1,1,€ 35,2019/10/04,2019/10/05,0,"5,9",30
Gon & Diego House,4899561,NA,Valencia,1,1,€ 40,2019/10/04,2019/10/05,0,"5,6",30
Carrer del Bisbe Jaume Pérez,4900140,NA,Valencia,1,1,€ 60,2019/10/04,2019/10/05,0,"5,9",30
Oliver,4865093,NA,Valencia,1,1,€ 66,2019/10/04,2019/10/05,0,"5,8",30
Guest House Torres de Quart,2275006,NA,Valencia,1,1,€ 33,2019/10/04,2019/10/05,0,"5,4",30
Guest House Duc de Gaeta,2275007,NA,Valencia,1,1,€ 36,2019/10/04,2019/10/05,0,5,30
RoomTuristValencia Torres de Quart,4565643,NA,Valencia,1,1,€ 30,2019/10/04,2019/10/05,0,"4,5",30
Guesthouse Plaza de Toros,2985902,NA,Valencia,1,1,€ 39,2019/10/04,2019/10/05,0,"4,9",30
Port of Valencia,3805735,Apartamento,Valencia,1,1,€ 150,2019/10/04,2019/10/05,0,"4,9",30
Apartamento Islas Canarias,2304086,Apartamento,Valencia,1,1,€ 67,2019/10/04,2019/10/05,0,"3,9",30
Malvarosa,3820590,Apartamento,Valencia,1,1,€ 190,2019/10/04,2019/10/05,0,"3,9",30
Constitucion Guesthouse,2985942,NA,Valencia,1,1,€ 35,2019/10/04,2019/10/05,0,"3,4",30
Florista's Rooms en Valencia,5502152,NA,Valencia,1,1,€ 40,2019/10/04,2019/10/05,0,,30
Como en casa !!,5427108,NA,Valencia,1,1,€ 40,2019/10/04,2019/10/05,0,,30
Rio Turia B&B,5531073,NA,Valencia,1,1,€ 48,2019/10/04,2019/10/05,0,,30
Aventura,5567318,Apartamento,Valencia,1,1,€ 50,2019/10/04,2019/10/05,0,,30
Habitación en casa particular con preciosa terraza,5559993,NA,Valencia,1,1,€ 51,2019/10/04,2019/10/05,0,,30
L'Esplai Valencia Bed & Breakfast,1282556,NA,Valencia,1,1,€ 81,2019/10/04,2019/10/05,0,"9,6",30
Nest Style Valencia -Nueva apertura-,5219046,NA,Valencia,1,1,€ 96,2019/10/04,2019/10/05,3,"9,7",30
VALENCIA APARTAMENTO GOYA,4256653,Apartamento,Valencia,1,1,NA,2019/10/04,2019/10/05,0,10,30
Valencian Dreams Lonja,4757385,Apartamento,Valencia,1,1,€ 99,2019/10/04,2019/10/05,0,"9,7",30
Barracart Apartments,2125836,Apartamentos,Valencia,1,1,€ 126,2019/10/04,2019/10/05,0,"9,6",30
Apartamento centro frente a Torres de Serrano,3408067,Apartamento,Valencia,1,1,€ 130,2019/10/04,2019/10/05,0,"9,5",30
TTdSSa VLC: Casa de las Aguas- 4 pax 2 Bedrooms,4069236,Apartamento,Valencia,1,1,€ 143,2019/10/04,2019/10/05,0,"9,8",30
Ramirez Flats & Bar,4124528,Apartahotel,Valencia,1,1,€ 144,2019/10/04,2019/10/05,0,"9,5",30
RUZAFA- CENTRO-A/C- WI-FI- PARKING,2885994,Apartamento,Valencia,1,1,€ 160,2019/10/04,2019/10/05,0,"9,7",30
Apartamento Frederick “Centrico y con Clase”,4236394,Apartamento,Valencia,1,1,NA,2019/10/04,2019/10/05,0,"9,7",30
Disfruta - Enjoy Valencia Ayuntamiento,4901194,Apartamento,Valencia,1,1,€ 209,2019/10/04,2019/10/05,0,"9,7",30
Disfruta - Enjoy Valencia Oceanografic,4121345,Apartamento,Valencia,1,1,€ 229,2019/10/04,2019/10/05,0,"9,6",30
Ayuntamiento Panoramic,3089239,Apartamento,Valencia,1,1,€ 250,2019/10/04,2019/10/05,0,"9,5",30
Casa Calle Conquista,4691493,Apartamento,Valencia,1,1,€ 250,2019/10/04,2019/10/05,0,"9,7",30
Cantagua Hostel,4074640,NA,Valencia,1,1,€ 45,2019/10/04,2019/10/05,0,"9,1",30
Art&Flats Bed&Breakfast,5238345,NA,Valencia,1,1,€ 50,2019/10/04,2019/10/05,0,9,30
BONNIES Suites & Spa Valencia,3631910,Apartamentos,Valencia,1,1,NA,2019/10/04,2019/10/05,0,"9,8",30
Habitación privada a 1500 metros de la playa,3789910,NA,Valencia,1,1,€ 60,2019/10/04,2019/10/05,0,"9,2",30
Magnífico Adosado- cerca de Valencia ciudad- en zona de montaña y playa fluvial,5354233,Casa o chalet,Valencia,1,1,€ 60,2019/10/04,2019/10/05,0,"9,4",30
Las Arenas Balneario Resort,91144,NA,Valencia,1,1,€ 297,2019/10/04,2019/10/05,5,9,30
Cozy apartment in Valencia center,3402135,Apartamentos,Valencia,1,1,€ 302,2019/10/04,2019/10/05,0,"9,2",30
YOU & CO. Saler Beach Boutique,4533007,NA,Valencia,1,1,€ 62,2019/10/04,2019/10/05,3,"9,2",30
Calle de Frederica Montseny 'Política' Casa o chalet,5152866,Casa o chalet,Valencia,1,1,€ 64,2019/10/04,2019/10/05,0,"9,4",30
Bianca,4232781,Apartamento,Valencia,1,1,€ 96,2019/10/04,2019/10/05,0,9,30
Apartamento cerca de la Playa y el Centro,2620264,Apartamento,Valencia,1,1,€ 100,2019/10/04,2019/10/05,0,9,30
Travel Habitat Ático Ciutat Vella.,3264750,Apartamento,Valencia,1,1,NA,2019/10/04,2019/10/05,0,"9,5",30
Olvida tu Reloj Congresos Apartment,2448036,Apartamento,Valencia,1,1,€ 101,2019/10/04,2019/10/05,0,"9,2",30
Ciudad Ciencias- Lujo- Parking- Wi-Fi.,4999636,Apartamento,Valencia,1,1,NA,2019/10/04,2019/10/05,0,"9,8",30
Zerka Sendra,4657122,Apartamento,Valencia,1,1,€ 309,2019/10/04,2019/10/05,0,9,30
MARQUÉS HOUSE 4* SUP,2118880,NA,Valencia,1,1,€ 349,2019/10/04,2019/10/05,4,"9,4",30
Vincci Mercat,1279484,NA,Valencia,1,1,€ 372,2019/10/04,2019/10/05,4,9,30
Blanq Comedias,4922002,NA,Valencia,1,1,€ 104,2019/10/04,2019/10/05,0,"9,2",30
Turia Burjassot 12,3237353,Apartamento,Valencia,1,1,€ 105,2019/10/04,2019/10/05,0,9,30
BUBUSUITES by Bubuflats,2389776,NA,Valencia,1,1,€ 105,2019/10/04,2019/10/05,0,"9,3",30
Piso como en tu casa 2,3834617,Apartamentos,Valencia,1,1,€ 108,2019/10/04,2019/10/05,0,"9,1",30
Soho Valencia,1538641,Apartahotel,Valencia,1,1,€ 109,2019/10/04,2019/10/05,0,9,30
Opera House Valencia B&B,3533887,NA,Valencia,1,1,NA,2019/10/04,2019/10/05,0,"9,5",30
OttoH Charm Stay,2459807,NA,Valencia,1,1,€ 119,2019/10/04,2019/10/05,0,"9,3",30
APARTAMENTO CENTRO- RUZAFA. WI-FI. PARKING,3144104,Apartamento,Valencia,1,1,€ 120,2019/10/04,2019/10/05,0,"9,3",30
The River Hostel,494202,NA,Valencia,1,1,€ 26,2019/10/04,2019/10/05,0,"8,5",30
Homestay Carrer Sagun,5006434,NA,Valencia,1,1,€ 44,2019/10/04,2019/10/05,0,"8,7",30
Home Youth Hostel by Feetup Hostels,189322,NA,Valencia,1,1,€ 55,2019/10/04,2019/10/05,0,"8,8",30
Casual Socarrat Valencia,5142800,NA,Valencia,1,1,€ 120,2019/10/04,2019/10/05,3,"9,2",30
Hostal Venecia,92883,NA,Valencia,1,1,€ 121,2019/10/04,2019/10/05,2,"9,1",30
Mon Suites San Nicolas,4117225,Apartamentos,Valencia,1,1,€ 124,2019/10/04,2019/10/05,0,"9,2",30
Mon Suites Catedral,485679,Apartamentos,Valencia,1,1,€ 125,2019/10/04,2019/10/05,0,"9,2",30
Preciosa Casita Cerca Del Mar,4057271,Apartamento,Valencia,1,1,NA,2019/10/04,2019/10/05,0,"9,7",30
Apartments Downtown Valencia,2250421,Apartamentos,Valencia,1,1,NA,2019/10/04,2019/10/05,0,"9,6",30
Namaste Rooms,3799642,NA,Valencia,1,1,€ 60,2019/10/04,2019/10/05,0,"8,7",30
Casa del Patriarca,364834,NA,Valencia,1,1,€ 71,2019/10/04,2019/10/05,0,"8,9",30
Zalamera BnB,1331238,NA,Valencia,1,1,€ 73,2019/10/04,2019/10/05,0,"8,7",30
Hi Valencia Cánovas,4312120,Apartamentos,Valencia,1,1,€ 128,2019/10/04,2019/10/05,0,9,30
Hotel Valencia Alameda,4019381,NA,Valencia,1,1,€ 129,2019/10/04,2019/10/05,4,"9,3",30
Valenciaflats Centro Ciudad,18544,Apartamentos,Valencia,1,1,€ 129,2019/10/04,2019/10/05,0,"9,2",30
Valenciaflats Ciudad de las Ciencias,93676,Apartamentos,Valencia,1,1,€ 129,2019/10/04,2019/10/05,0,"9,1",30
MD Design Hotel - Portal del Real,2391685,NA,Valencia,1,1,€ 131,2019/10/04,2019/10/05,2,"9,1",30
Citizentral Juristas,1113127,Apartamentos,Valencia,1,1,€ 132,2019/10/04,2019/10/05,0,"9,2",30
Loft zona Pechina en Valencia centro,2524985,Apartamento,Valencia,1,1,€ 138,2019/10/04,2019/10/05,0,"9,1",30
Friendly Rentals Schubert,1634221,Apartamentos,Valencia,1,1,€ 140,2019/10/04,2019/10/05,0,9,30
ABCyou Bed&Breakfast,189207,NA,Valencia,1,1,€ 73,2019/10/04,2019/10/05,0,"8,5",30
Casa de la Reina,5394089,NA,Valencia,1,1,€ 75,2019/10/04,2019/10/05,0,"8,7",30
Sercotel Sorolla Palace,93646,NA,Valencia,1,1,€ 80,2019/10/04,2019/10/05,4,"8,6",30
Atico Loft Ruzafa,3152977,Apartamento,Valencia,1,1,NA,2019/10/04,2019/10/05,0,"9,7",30
Melia Valencia,290493,NA,Valencia,1,1,€ 84,2019/10/04,2019/10/05,4,"8,8",30
Hotel Kramer,91106,NA,Valencia,1,1,€ 84,2019/10/04,2019/10/05,3,"8,8",30
Hotel Sercotel Acteón Valencia,90495,NA,Valencia,1,1,€ 85,2019/10/04,2019/10/05,4,"8,5",30
OCEANOGRAFIC APARTMENT. PARKING. WI-FI,3107716,Apartamentos,Valencia,1,1,€ 150,2019/10/04,2019/10/05,0,9,30
Sweet Caroline Apartment,1811784,Apartamento,Valencia,1,1,€ 150,2019/10/04,2019/10/05,0,"9,2",30
Apartamentos Wallace,1698355,Apartamentos,Valencia,1,1,€ 161,2019/10/04,2019/10/05,0,"9,2",30
Mediterranean Flats Plaza Redonda,4086496,Apartamentos,Valencia,1,1,€ 165,2019/10/04,2019/10/05,0,"9,3",30
Hotel Boutique Balandret,1281710,NA,Valencia,1,1,€ 181,2019/10/04,2019/10/05,3,"9,2",30
NH Collection Colón Valencia,3828811,NA,Valencia,1,1,€ 187,2019/10/04,2019/10/05,4,"9,2",30
Apartamentos Edificio Palomar,189277,Apartamentos,Valencia,1,1,€ 189,2019/10/04,2019/10/05,0,"9,2",30
Jardines del Turia - Espacioso apartamento,2734126,Apartamento,Valencia,1,1,€ 200,2019/10/04,2019/10/05,0,"9,1",30
MYR Hotel Plaza Mercado & Spa,1619029,Apartahotel,Valencia,1,1,€ 202,2019/10/04,2019/10/05,0,"9,2",30
HQ Rooms Apartments San Vicente,2894429,Apartamentos,Valencia,1,1,€ 289,2019/10/04,2019/10/05,0,"9,3",30
Hulot B&B Valencia,585429,NA,Valencia,1,1,€ 88,2019/10/04,2019/10/05,0,"8,5",30
Hotel Malcom and Barret,483261,NA,Valencia,1,1,€ 89,2019/10/04,2019/10/05,3,"8,7",30
Casa de Maria,2467712,Apartamento,Valencia,1,1,€ 90,2019/10/04,2019/10/05,0,"8,6",30
Central Park Apartment Valencia,3881533,Apartamento,Valencia,1,1,NA,2019/10/04,2019/10/05,0,"9,6",30
Habitación doble,3599930,NA,Valencia,1,1,€ 90,2019/10/04,2019/10/05,0,"8,9",30
València Centre Torres de Quart,886289,Apartamentos,Valencia,1,1,€ 91,2019/10/04,2019/10/05,0,"8,9",30
B&B Hi Valencia Boutique,1301725,NA,Valencia,1,1,€ 93,2019/10/04,2019/10/05,0,"8,7",30
València Centre Túria,2185255,Apartamento,Valencia,1,1,€ 94,2019/10/04,2019/10/05,0,"8,8",30
Rooms Ciencias,94126,NA,Valencia,1,1,€ 95,2019/10/04,2019/10/05,0,"8,9",30
Hotel Valencia Oceanic Managed by Melia Hotels International,91522,NA,Valencia,1,1,€ 98,2019/10/04,2019/10/05,4,"8,6",30
Lounge by the sea,4756780,Apartamento,Valencia,1,1,NA,2019/10/04,2019/10/05,0,"9,8",30
BUBUFLATS / Mercat,783206,Apartamentos,Valencia,1,1,€ 99,2019/10/04,2019/10/05,0,"8,9",30
BUBUFLATS Mossén,1141763,Apartamentos,Valencia,1,1,€ 99,2019/10/04,2019/10/05,0,"8,9",30
Ilunion Aqua 4,92777,NA,Valencia,1,1,€ 99,2019/10/04,2019/10/05,4,"8,5",30
Burjassot Mestalla,3058627,Apartamento,Valencia,1,1,€ 100,2019/10/04,2019/10/05,0,"8,6",30
Pio XII Apartments Valencia,402080,Apartamentos,Valencia,1,1,€ 102,2019/10/04,2019/10/05,0,"8,5",30
Apartamentos Plaza Picasso,97063,Apartamentos,Valencia,1,1,€ 106,2019/10/04,2019/10/05,0,"8,5",30
La seda stay,3335523,Apartamento,Valencia,1,1,NA,2019/10/04,2019/10/05,0,"9,7",30
SKY TOURISTIC ATTIC,281640,Apartamentos,Valencia,1,1,€ 108,2019/10/04,2019/10/05,0,"8,5",30
Barceló Valencia,91988,NA,Valencia,1,1,€ 108,2019/10/04,2019/10/05,4,"8,7",30
AC Hotel Valencia- a Marriott Lifestyle Hotel,91063,NA,Valencia,1,1,€ 109,2019/10/04,2019/10/05,4,"8,6",30
casa a 800 metros de la playa de Las Arenas,3741421,Apartamento,Valencia,1,1,€ 115,2019/10/04,2019/10/05,0,"8,9",30
Citizentral Gascons,332095,Apartamentos,Valencia,1,1,€ 119,2019/10/04,2019/10/05,0,"8,7",30
Valenciaflats Centro Histórico,94781,Apartamentos,Valencia,1,1,€ 120,2019/10/04,2019/10/05,0,"8,7",30
Stylish newly renovated in great location /WIFI,3661070,Apartamento,Valencia,1,1,€ 122,2019/10/04,2019/10/05,0,"8,6",30
Blanq Carmen Hotel,97069,NA,Valencia,1,1,€ 126,2019/10/04,2019/10/05,3,"8,7",30
Casual del Cine Valencia,572187,NA,Valencia,1,1,€ 129,2019/10/04,2019/10/05,2,"8,6",30
Petit Palace Ruzafa,90792,NA,Valencia,1,1,€ 130,2019/10/04,2019/10/05,3,"8,7",30
Jardín Botánico Hotel Boutique,93369,NA,Valencia,1,1,€ 132,2019/10/04,2019/10/05,3,"8,9",30
Les flors,3985046,Apartamento,Valencia,1,1,€ 134,2019/10/04,2019/10/05,0,"8,6",30
Casual Vintage Valencia,1710241,NA,Valencia,1,1,€ 136,2019/10/04,2019/10/05,2,"8,6",30
El Palacete Gran Via,3483148,NA,Valencia,1,1,€ 139,2019/10/04,2019/10/05,0,"8,8",30
Hotel San Lorenzo Boutique,1307718,NA,Valencia,1,1,€ 142,2019/10/04,2019/10/05,3,"8,6",30
Valenciaflats Mercado Central,307677,Apartamentos,Valencia,1,1,€ 143,2019/10/04,2019/10/05,0,"8,9",30
Hotel Mediterraneo Valencia,92412,NA,Valencia,1,1,€ 144,2019/10/04,2019/10/05,3,"8,8",30
SH Ingles Boutique Hotel,92956,NA,Valencia,1,1,€ 144,2019/10/04,2019/10/05,4,"8,5",30
NH Valencia Las Artes,90731,NA,Valencia,1,1,€ 98,2019/10/04,2019/10/05,4,"8,4",30
MD Modern Hotel - Jardines,305447,NA,Valencia,1,1,€ 100,2019/10/04,2019/10/05,1,"8,2",30
Lounge by the sea,4756780,Apartamento,Valencia,1,1,NA,2019/10/04,2019/10/05,0,"9,8",30
Silken Puerta Valencia,91182,NA,Valencia,1,1,€ 102,2019/10/04,2019/10/05,4,"8,3",30
Primus Valencia,331871,NA,Valencia,1,1,€ 105,2019/10/04,2019/10/05,4,"8,3",30
La Casa,3758586,Casas y chalets,Valencia,1,1,€ 105,2019/10/04,2019/10/05,0,"8,3",30
Rio Turia Skatehouse,4624602,Apartamento,Valencia,1,1,€ 105,2019/10/04,2019/10/05,0,"8,1",30
Senator Parque Central Hotel,274963,NA,Valencia,1,1,€ 106,2019/10/04,2019/10/05,4,"8,1",30
Eurostars Rey Don Jaime,91520,NA,Valencia,1,1,€ 107,2019/10/04,2019/10/05,4,"8,2",30
Casa Botànic - Céntrico y con comodidades,4218273,Apartamento,Valencia,1,1,NA,2019/10/04,2019/10/05,0,"9,8",30
Hotel Medium Valencia,96838,NA,Valencia,1,1,€ 108,2019/10/04,2019/10/05,4,"8,2",30
Holiday Inn Express Ciudad de las Ciencias,96737,NA,Valencia,1,1,€ 108,2019/10/04,2019/10/05,3,8,30
Carrer de María Montessori,3272386,Apartamento,Valencia,1,1,€ 109,2019/10/04,2019/10/05,0,"8,4",30
Nanit Valencia Hostel,3913497,NA,Valencia,1,1,€ 109,2019/10/04,2019/10/05,0,"8,3",30
Casual de las Artes Valencia,538056,NA,Valencia,1,1,€ 111,2019/10/04,2019/10/05,3,"8,4",30
Hotel Villacarlos,90730,NA,Valencia,1,1,€ 118,2019/10/04,2019/10/05,3,8,30
BONNIES Suites & Spa Valencia,3631910,Apartamentos,Valencia,1,1,NA,2019/10/04,2019/10/05,0,"9,8",30
United Colors of Apartments - Catedral,1301545,Apartamentos,Valencia,1,1,€ 120,2019/10/04,2019/10/05,0,"8,2",30
Valenciaflats Torres de Serrano,17468,Apartamentos,Valencia,1,1,€ 138,2019/10/04,2019/10/05,0,"8,3",30
NWT Central Station Apartments,3964093,Apartamento,Valencia,1,1,€ 139,2019/10/04,2019/10/05,0,"8,2",30
Apartamento Obispo don Jerónimo,2079020,Apartamento,Valencia,1,1,€ 144,2019/10/04,2019/10/05,0,"8,2",30
Sweet Hotel Renasa,274818,NA,Valencia,1,1,€ 149,2019/10/04,2019/10/05,3,8,30
El Coso,14580,NA,Valencia,1,1,€ 160,2019/10/04,2019/10/05,3,"8,2",30
Luxury Beach House,3602594,Casa o chalet,Valencia,1,1,NA,2019/10/04,2019/10/05,0,"9,7",30
Ilunion Valencia 4,754329,NA,Valencia,1,1,€ 164,2019/10/04,2019/10/05,4,8,30
Hotel Conqueridor,91047,NA,Valencia,1,1,€ 176,2019/10/04,2019/10/05,4,"8,4",30
Zerka Centro,4425975,Apartamentos,Valencia,1,1,€ 219,2019/10/04,2019/10/05,0,"8,3",30
Musico Peydro Apartments,3765069,Apartamentos,Valencia,1,1,€ 301,2019/10/04,2019/10/05,0,8,30
MD Benlliure Beach.,1957258,Apartamento,Valencia,1,1,€ 301,2019/10/04,2019/10/05,0,8,30
UP Hostel Valencia,1710137,NA,Valencia,1,1,€ 28,2019/10/04,2019/10/05,0,"7,8",30
Valencia center,3168460,Apartamento,Valencia,1,1,NA,2019/10/04,2019/10/05,0,"9,8",30
Apart and Benef,2291245,NA,Valencia,1,1,€ 34,2019/10/04,2019/10/05,0,"7,8",30
Habitación Céntrica en Casa de Familia,4289877,NA,Valencia,1,1,€ 35,2019/10/04,2019/10/05,0,"7,8",30
Pensión Universal,304276,NA,Valencia,1,1,€ 38,2019/10/04,2019/10/05,0,"7,9",30
Habitación San Cayetano,4624401,NA,Valencia,1,1,€ 40,2019/10/04,2019/10/05,0,"7,7",30
Voyagers Inn Homestay,2682156,NA,Valencia,1,1,€ 47,2019/10/04,2019/10/05,0,"7,8",30
Valencia City Host,1177077,NA,Valencia,1,1,€ 49,2019/10/04,2019/10/05,0,"7,8",30
La seda stay,3335523,Apartamento,Valencia,1,1,NA,2019/10/04,2019/10/05,0,"9,7",30
Casual Civilizaciones Valencia,449777,NA,Valencia,1,1,€ 50,2019/10/04,2019/10/05,0,"7,9",30
Hotel Beleret,94652,NA,Valencia,1,1,€ 53,2019/10/04,2019/10/05,3,"7,6",30
Habitacion por dias Centro Valencia,3977106,NA,Valencia,1,1,€ 55,2019/10/04,2019/10/05,0,"7,9",30
Hostal Moratin,326015,NA,Valencia,1,1,€ 56,2019/10/04,2019/10/05,1,"7,9",30
B&B Hotel Valencia Ciudad de las Ciencias,92242,NA,Valencia,1,1,€ 62,2019/10/04,2019/10/05,3,"7,5",30
Expo Hotel Valencia,91223,NA,Valencia,1,1,€ 72,2019/10/04,2019/10/05,3,"7,6",30
Hotel Turia,14441,NA,Valencia,1,1,€ 75,2019/10/04,2019/10/05,4,"7,5",30
OYO Pensión El Rincón,476031,NA,Valencia,1,1,€ 77,2019/10/04,2019/10/05,1,"7,6",30
Cosy Rooms Tapinería,371192,NA,Valencia,1,1,€ 78,2019/10/04,2019/10/05,2,"7,5",30
SHF Plaza de la Reina,1682520,Apartamentos,Valencia,1,1,€ 94,2019/10/04,2019/10/05,0,"7,7",30
Checkin Valencia,93743,NA,Valencia,1,1,€ 98,2019/10/04,2019/10/05,4,"7,8",30
Apartamento Alguer,4005334,Apartamento,Valencia,1,1,€ 100,2019/10/04,2019/10/05,0,"7,5",30
Apartamento Angel Alcazar 35,2174625,Apartamento,Valencia,1,1,€ 105,2019/10/04,2019/10/05,0,"7,5",30
United Colors of Studios - Mercado Central,2574108,Apartamentos,Valencia,1,1,€ 120,2019/10/04,2019/10/05,0,"7,9",30
STYLISH APARTMENT - CITY CENTER,2861517,Apartamento,Valencia,1,1,€ 120,2019/10/04,2019/10/05,0,"7,7",30
Ilunion Valencia 3,92818,NA,Valencia,1,1,€ 123,2019/10/04,2019/10/05,3,"7,9",30
SEA YOU HOTEL PORT VALENCIA,92328,NA,Valencia,1,1,€ 143,2019/10/04,2019/10/05,4,"7,7",30
Loft el Carmen amazing views,4932621,Apartamento,Valencia,1,1,€ 182,2019/10/04,2019/10/05,0,"7,9",30
Hotel Neptuno,91206,NA,Valencia,1,1,€ 144,2019/10/04,2019/10/05,4,"8,5",30
Lotelito,570027,NA,Valencia,1,1,€ 147,2019/10/04,2019/10/05,0,"8,9",30
Preciosa Casita Cerca Del Mar,4057271,Apartamento,Valencia,1,1,NA,2019/10/04,2019/10/05,0,"9,7",30
ValentiaApartments - MercadoCentral,4185241,Apartamentos,Valencia,1,1,€ 159,2019/10/04,2019/10/05,0,"8,7",30
Catalonia Excelsior,90578,NA,Valencia,1,1,€ 160,2019/10/04,2019/10/05,3,"8,7",30
One Shot Colón 46,1394168,NA,Valencia,1,1,€ 161,2019/10/04,2019/10/05,3,"8,7",30
Enjoy Flat Valencia,3991548,Apartamentos,Valencia,1,1,€ 170,2019/10/04,2019/10/05,0,"8,6",30
One Shot Palacio Reina Victoria 04,90885,NA,Valencia,1,1,€ 170,2019/10/04,2019/10/05,4,"8,6",30
Puerta de Serranos,2734333,Apartamentos,Valencia,1,1,€ 185,2019/10/04,2019/10/05,0,"8,8",30
Central Park Apartment Valencia,3881533,Apartamento,Valencia,1,1,NA,2019/10/04,2019/10/05,0,"9,6",30
SH Valencia Palace,91497,NA,Valencia,1,1,€ 189,2019/10/04,2019/10/05,5,"8,5",30
Hotel Dimar,90886,NA,Valencia,1,1,€ 198,2019/10/04,2019/10/05,4,"8,7",30
Hospes Palau de La Mar,93823,NA,Valencia,1,1,€ 198,2019/10/04,2019/10/05,5,"8,8",30
The Westin Valencia,93321,NA,Valencia,1,1,€ 198,2019/10/04,2019/10/05,5,"8,7",30
AC Hotel Colon Valencia- a Marriott Lifestyle Hotel,1117150,NA,Valencia,1,1,€ 203,2019/10/04,2019/10/05,4,"8,7",30
Vincci Palace,94163,NA,Valencia,1,1,€ 208,2019/10/04,2019/10/05,4,"8,6",30
Atico Loft Ruzafa,3152977,Apartamento,Valencia,1,1,NA,2019/10/04,2019/10/05,0,"9,7",30
Zenit Valencia,92327,NA,Valencia,1,1,€ 212,2019/10/04,2019/10/05,4,"8,8",30
Vincci Lys,91183,NA,Valencia,1,1,€ 228,2019/10/04,2019/10/05,4,"8,9",30
Ca Carmela,2466364,Casa o chalet,Valencia,1,1,€ 250,2019/10/04,2019/10/05,0,"8,9",30
Melia Plaza Valencia,13270,NA,Valencia,1,1,€ 253,2019/10/04,2019/10/05,4,"8,9",30
Urban Youth Hostel,1163025,NA,Valencia,1,1,€ 23,2019/10/04,2019/10/05,0,"8,4",30
Center Valencia Youth Hostel,246931,NA,Valencia,1,1,€ 20,2019/10/04,2019/10/05,0,8,30
JL Ciudad de las Artes,3074378,Apartamento,Valencia,1,1,NA,2019/10/04,2019/10/05,0,"9,6",30
Habitación en piso compartido,5433175,NA,Valencia,1,1,€ 40,2019/10/04,2019/10/05,0,8,30
Purple Nest Hostel,25278,NA,Valencia,1,1,€ 44,2019/10/04,2019/10/05,0,"8,1",30
Hostal Abastos,257057,NA,Valencia,1,1,€ 45,2019/10/04,2019/10/05,2,"8,2",30
Casa Mati,4217185,NA,Valencia,1,1,€ 50,2019/10/04,2019/10/05,0,"8,1",30
Como en casa,4802186,NA,Valencia,1,1,€ 54,2019/10/04,2019/10/05,0,"8,1",30
Pension MonaLisa Luxury Suites,3834224,NA,Valencia,1,1,€ 56,2019/10/04,2019/10/05,0,"8,2",30
APARTMENTS VALENCIA CENTER,5180014,Apartamentos,Valencia,1,1,NA,2019/10/04,2019/10/05,0,"9,5",30
Red Nest Hostel,92283,NA,Valencia,1,1,€ 57,2019/10/04,2019/10/05,0,"8,2",30
B&B Hi Valencia Canovas,305349,NA,Valencia,1,1,€ 58,2019/10/04,2019/10/05,0,"8,3",30
Aparthotel Valencia Rental,17344,Apartahotel,Valencia,1,1,€ 59,2019/10/04,2019/10/05,0,8,30
Apartamentos Marina Beach,2661874,Apartamentos,Valencia,1,1,€ 60,2019/10/04,2019/10/05,0,"8,2",30
Tryp Valencia Feria,92852,NA,Valencia,1,1,€ 63,2019/10/04,2019/10/05,4,"8,4",30
L'Otelet By Sweet,1467935,NA,Valencia,1,1,€ 64,2019/10/04,2019/10/05,0,"8,3",30
City Center Atico 360,3025679,Apartamento,Valencia,1,1,NA,2019/10/04,2019/10/05,0,"9,5",30
Dormavalencia Hostel Regne,291755,NA,Valencia,1,1,€ 65,2019/10/04,2019/10/05,1,8,30
Hotel Olympia Universidades,1301731,NA,Valencia,1,1,€ 71,2019/10/04,2019/10/05,3,"8,4",30
Reina 12,1684198,NA,Valencia,1,1,€ 74,2019/10/04,2019/10/05,0,"8,2",30
Residencia Universitaria Damia Bonet,247451,NA,Valencia,1,1,€ 75,2019/10/04,2019/10/05,0,"8,3",30
NH Valencia Las Ciencias,90725,NA,Valencia,1,1,€ 76,2019/10/04,2019/10/05,3,8,30
City Suites Apartments,3091106,NA,Valencia,1,1,€ 79,2019/10/04,2019/10/05,0,"8,4",30
Eurostars Gran Valencia,90484,NA,Valencia,1,1,€ 80,2019/10/04,2019/10/05,4,"8,4",30
NH Ciudad de Valencia,90729,NA,Valencia,1,1,€ 83,2019/10/04,2019/10/05,3,"8,1",30
SHF Flats Baron,1033085,Apartamentos,Valencia,1,1,€ 84,2019/10/04,2019/10/05,0,8,30
Apartment Vicent,1674495,Apartamentos,Valencia,1,1,€ 85,2019/10/04,2019/10/05,0,"8,2",30
Hotel Valencia Center,91285,NA,Valencia,1,1,€ 85,2019/10/04,2019/10/05,4,"8,4",30
Dormavalencia Hostel,249585,NA,Valencia,1,1,€ 86,2019/10/04,2019/10/05,1,"8,2",30
APARTAMENTO LAS MELLIZAS,4651578,NA,Valencia,1,1,€ 45,2019/10/04,2019/10/05,0,"8,4",30
Ilunion Aqua 3,92776,NA,Valencia,1,1,€ 92,2019/10/04,2019/10/05,3,"8,3",30
Happy Apartments Valencia,456043,Apartamentos,Valencia,1,1,€ 92,2019/10/04,2019/10/05,0,"8,2",30
Sweet Hotel Continental,93856,NA,Valencia,1,1,€ 94,2019/10/04,2019/10/05,2,"8,3",30
Happy Apartments Valencia – Lope de Vega,575582,Apartamentos,Valencia,1,1,€ 94,2019/10/04,2019/10/05,0,"8,1",30
Apartamento Privado Próximo a Playa y Ciencias,3783163,Apartamento,Valencia,1,1,€ 95,2019/10/04,2019/10/05,0,"8,1",30
