name,propertyId,propertyType,city,rooms,days,price,checkIn,checkOut,stars,score,advance
Senator Parque Central Hotel,274963,NA,Valencia,1,1,€ 90,2019/10/08,2019/10/09,4,"8,1",30
Valenciaflats Torres de Serrano,17468,Apartamentos,Valencia,1,1,€ 91,2019/10/08,2019/10/09,0,"8,3",30
Arena's Apartament,2156905,Apartamento,Valencia,1,1,NA,2019/10/08,2019/10/09,0,"9,1",30
MD Modern Hotel - Jardines,305447,NA,Valencia,1,1,€ 92,2019/10/08,2019/10/09,1,"8,2",30
Atico Ciutat Vella,3446230,Apartamentos,Valencia,1,1,€ 95,2019/10/08,2019/10/09,0,"8,4",30
Hotel Miramar,23332,NA,Valencia,1,1,€ 96,2019/10/08,2019/10/09,2,"8,4",30
Casual de las Artes Valencia,538056,NA,Valencia,1,1,€ 98,2019/10/08,2019/10/09,3,"8,4",30
NH Valencia Center,90727,NA,Valencia,1,1,€ 98,2019/10/08,2019/10/09,4,"8,3",30
Reina's Apartment,2130930,Apartamentos,Valencia,1,1,€ 103,2019/10/08,2019/10/09,0,"8,4",30
Apartamento Valencia Center,410101,Apartamentos,Valencia,1,1,NA,2019/10/08,2019/10/09,0,"9,4",30
Hotel Valencia Center,91285,NA,Valencia,1,1,€ 103,2019/10/08,2019/10/09,4,"8,4",30
NH Valencia Las Artes,90731,NA,Valencia,1,1,€ 103,2019/10/08,2019/10/09,4,"8,4",30
Living Valencia -Correos,3062274,Apartamentos,Valencia,1,1,€ 108,2019/10/08,2019/10/09,0,"8,3",30
Carrer de María Montessori,3272386,Apartamento,Valencia,1,1,€ 109,2019/10/08,2019/10/09,0,"8,2",30
Apartamento Ciudad de las Artes y las Ciencias,4353552,Apartamento,Valencia,1,1,€ 110,2019/10/08,2019/10/09,0,"8,3",30
Plaza Del Carmen,1737254,Apartamento,Valencia,1,1,€ 110,2019/10/08,2019/10/09,0,8,30
Patacona Beach,1411088,Apartamento,Valencia,1,1,NA,2019/10/08,2019/10/09,0,"9,4",30
Atico Duplex en el Carmen,2954876,Apartamento,Valencia,1,1,€ 111,2019/10/08,2019/10/09,0,"8,4",30
Center City Flats,861452,Apartamentos,Valencia,1,1,€ 128,2019/10/08,2019/10/09,0,"9,1",30
Mon Suites San Martin,2777545,Apartamentos,Valencia,1,1,€ 129,2019/10/08,2019/10/09,0,"9,4",30
Apartamento Forn dels Apòstols,3122008,Apartamento,Valencia,1,1,NA,2019/10/08,2019/10/09,0,"9,6",30
Friendly Rentals Schubert,1634221,Apartamentos,Valencia,1,1,€ 130,2019/10/08,2019/10/09,0,9,30
MYR Hotel Plaza Mercado & Spa,1619029,Apartahotel,Valencia,1,1,€ 131,2019/10/08,2019/10/09,0,"9,2",30
OCEANOGRAFIC APARTMENT. PARKING. WI-FI,3107716,Apartamentos,Valencia,1,1,€ 140,2019/10/08,2019/10/09,0,9,30
Apartamentos Wallace,1698355,Apartamentos,Valencia,1,1,€ 147,2019/10/08,2019/10/09,0,"9,2",30
Apartamentos La más Bonita,2816245,Apartamentos,Valencia,1,1,€ 149,2019/10/08,2019/10/09,0,"9,1",30
ARENAS 2 APARTAMENT,2808815,Apartamento,Valencia,1,1,€ 150,2019/10/08,2019/10/09,0,"9,1",30
Preciosa Casita Cerca Del Mar,4057271,Apartamento,Valencia,1,1,NA,2019/10/08,2019/10/09,0,"9,7",30
Sweet Caroline Apartment,1811784,Apartamento,Valencia,1,1,€ 150,2019/10/08,2019/10/09,0,"9,2",30
Duplex en Blasco Ibáñez,3672426,Apartamento,Valencia,1,1,€ 155,2019/10/08,2019/10/09,0,"9,1",30
One Shot Mercat 09,2274203,NA,Valencia,1,1,€ 161,2019/10/08,2019/10/09,4,"9,1",30
NH Collection Colón Valencia,3828811,NA,Valencia,1,1,€ 162,2019/10/08,2019/10/09,4,"9,2",30
Friendly Rentals Rey,1634248,Apartamento,Valencia,1,1,€ 176,2019/10/08,2019/10/09,0,9,30
Zerka Sendra,4657122,Apartamento,Valencia,1,1,€ 179,2019/10/08,2019/10/09,0,9,30
City Valencia Beach 360,4504803,Apartamento,Valencia,1,1,NA,2019/10/08,2019/10/09,0,"9,5",30
Las Arenas Balneario Resort,91144,NA,Valencia,1,1,€ 189,2019/10/08,2019/10/09,5,9,30
MARQUÉS HOUSE 4* SUP,2118880,NA,Valencia,1,1,€ 189,2019/10/08,2019/10/09,4,"9,4",30
Loft Superior el Carmen,2784473,Apartamento,Valencia,1,1,€ 209,2019/10/08,2019/10/09,0,"9,2",30
Caro Hotel,348132,NA,Valencia,1,1,€ 229,2019/10/08,2019/10/09,5,"9,2",30
Vincci Mercat,1279484,NA,Valencia,1,1,€ 233,2019/10/08,2019/10/09,4,9,30
Old Fisherman's House in Malvarrosa Beach,3618172,Apartamento,Valencia,1,1,€ 288,2019/10/08,2019/10/09,0,"9,4",30
Hotel San Lorenzo Boutique,1307718,NA,Valencia,1,1,€ 81,2019/10/08,2019/10/09,3,"8,6",30
Center Venezuela Apartments,4459021,Apartamentos,Valencia,1,1,€ 83,2019/10/08,2019/10/09,0,"8,5",30
Ático Valencia Centro,4358939,Apartamento,Valencia,1,1,NA,2019/10/08,2019/10/09,0,"9,9",30
Boutique Creative Rooms,2334726,NA,Valencia,1,1,€ 87,2019/10/08,2019/10/09,0,"8,7",30
Valenciaflats Centro Histórico,94781,Apartamentos,Valencia,1,1,€ 87,2019/10/08,2019/10/09,0,"8,7",30
Casual Vintage Valencia,1710241,NA,Valencia,1,1,€ 89,2019/10/08,2019/10/09,2,"8,6",30
Pio XII Apartments Valencia,402080,Apartamentos,Valencia,1,1,€ 89,2019/10/08,2019/10/09,0,"8,5",30
BUBUFLATS / Mercat,783206,Apartamentos,Valencia,1,1,€ 90,2019/10/08,2019/10/09,0,"8,9",30
Casa de Maria,2467712,Apartamento,Valencia,1,1,€ 90,2019/10/08,2019/10/09,0,"8,5",30
Colors Rooms,675839,NA,Valencia,1,1,NA,2019/10/08,2019/10/09,0,"9,6",30
BUBUFLATS Mossén,1141763,Apartamentos,Valencia,1,1,€ 90,2019/10/08,2019/10/09,0,"8,9",30
Hotel Valencia Oceanic Managed by Melia Hotels International,91522,NA,Valencia,1,1,€ 93,2019/10/08,2019/10/09,4,"8,6",30
Blanq Carmen Hotel,97069,NA,Valencia,1,1,€ 93,2019/10/08,2019/10/09,3,"8,7",30
Suites by Eric Olsan (Florista),4726450,Apartamentos,Valencia,1,1,€ 93,2019/10/08,2019/10/09,0,"8,7",30
Lotelito,570027,NA,Valencia,1,1,€ 97,2019/10/08,2019/10/09,0,"8,9",30
Plaza Sainetero Arniches,3984774,Apartamento,Valencia,1,1,€ 97,2019/10/08,2019/10/09,0,"8,5",30
L'Esplai Valencia Bed & Breakfast,1282556,NA,Valencia,1,1,NA,2019/10/08,2019/10/09,0,"9,6",30
UNIK. Apartments Valencia,2241282,Apartamentos,Valencia,1,1,€ 98,2019/10/08,2019/10/09,0,"8,5",30
Ilunion Aqua 4,92777,NA,Valencia,1,1,€ 99,2019/10/08,2019/10/09,4,"8,5",30
Apartamento abuhardillado,2807651,Apartamento,Valencia,1,1,€ 100,2019/10/08,2019/10/09,0,"8,9",30
B&B Hi Valencia Boutique,1301725,NA,Valencia,1,1,€ 100,2019/10/08,2019/10/09,0,"8,7",30
One Shot Colón 46,1394168,NA,Valencia,1,1,€ 104,2019/10/08,2019/10/09,3,"8,7",30
OYO Pensión El Rincón,476031,NA,Valencia,1,1,€ 50,2019/10/08,2019/10/09,1,"7,6",30
Apartamentos Abastos,1044426,Apartamentos,Valencia,1,1,€ 50,2019/10/08,2019/10/09,0,"7,5",30
apartamento las torres-botanico,4694090,Apartamento,Valencia,1,1,NA,2019/10/08,2019/10/09,0,9,30
Ad Hoc Monumental,90719,NA,Valencia,1,1,€ 104,2019/10/08,2019/10/09,3,"8,6",30
Ático En El Corazón De Ruzafa,3832501,Apartamento,Valencia,1,1,NA,2019/10/08,2019/10/09,0,"9,5",30
Melia Plaza Valencia,13270,NA,Valencia,1,1,€ 105,2019/10/08,2019/10/09,4,"8,9",30
Perla Apartments,3146781,Apartamentos,Valencia,1,1,€ 108,2019/10/08,2019/10/09,0,"8,8",30
SKY TOURISTIC ATTIC,281640,Apartamentos,Valencia,1,1,€ 108,2019/10/08,2019/10/09,0,"8,5",30
Petit Palace Ruzafa,90792,NA,Valencia,1,1,€ 114,2019/10/08,2019/10/09,3,"8,7",30
El Palacete Gran Via,3483148,NA,Valencia,1,1,€ 114,2019/10/08,2019/10/09,0,"8,8",30
Casual de la Música Valencia,273130,NA,Valencia,1,1,€ 51,2019/10/08,2019/10/09,2,"7,5",30
Habitación cerca del centro,2789581,NA,Valencia,1,1,€ 52,2019/10/08,2019/10/09,0,"7,5",30
Habitacion por dias Centro Valencia,3977106,NA,Valencia,1,1,€ 55,2019/10/08,2019/10/09,0,"7,9",30
Hostal Bisbal,235665,NA,Valencia,1,1,€ 60,2019/10/08,2019/10/09,1,"7,5",30
B&B Hotel Valencia Ciudad de las Ciencias,92242,NA,Valencia,1,1,€ 62,2019/10/08,2019/10/09,3,"7,5",30
United Colors of Studios - Mercado Central,2574108,Apartamentos,Valencia,1,1,€ 64,2019/10/08,2019/10/09,0,"7,9",30
Studios Las Arenas,444155,Apartamentos,Valencia,1,1,NA,2019/10/08,2019/10/09,0,9,30
Jero Rooms,296743,NA,Valencia,1,1,€ 64,2019/10/08,2019/10/09,0,"7,7",30
SEA YOU HOTEL PORT VALENCIA,92328,NA,Valencia,1,1,€ 66,2019/10/08,2019/10/09,4,"7,7",30
Ilunion Valencia 3,92818,NA,Valencia,1,1,€ 67,2019/10/08,2019/10/09,3,"7,9",30
City Center Apartments,4426057,Apartamentos,Valencia,1,1,€ 68,2019/10/08,2019/10/09,0,"7,8",30
Alex Apartment,1756374,Apartamento,Valencia,1,1,€ 69,2019/10/08,2019/10/09,0,"7,8",30
Patacona Green Flats,292996,Apartamentos,Valencia,1,1,€ 70,2019/10/08,2019/10/09,0,"7,6",30
Tramontana Apartments,1277215,Apartamentos,Valencia,1,1,NA,2019/10/08,2019/10/09,0,9,30
Expo Hotel Valencia,91223,NA,Valencia,1,1,€ 70,2019/10/08,2019/10/09,3,"7,6",30
Patacona Resort Apartments,189782,Apartamentos,Valencia,1,1,€ 73,2019/10/08,2019/10/09,0,"7,8",30
United Colors of Apartments Boutique Style,5372347,Apartamentos,Valencia,1,1,€ 79,2019/10/08,2019/10/09,0,"9,9",30
Apartments Downtown Valencia,2250421,Apartamentos,Valencia,1,1,€ 80,2019/10/08,2019/10/09,0,"9,6",30
Rio Turia B&B,5531073,NA,Valencia,1,1,€ 55,2019/10/08,2019/10/09,0,,30
Aventura,5567318,Apartamentos,Valencia,1,1,€ 58,2019/10/08,2019/10/09,0,,30
Fun&Happy VLC Center,3542906,Apartamento,Valencia,1,1,NA,2019/10/08,2019/10/09,0,"9,3",30
Cosy Rooms Tapinería,371192,NA,Valencia,1,1,€ 78,2019/10/08,2019/10/09,2,"7,5",30
Apartamento Angel Alcazar 35,2174625,Apartamento,Valencia,1,1,€ 80,2019/10/08,2019/10/09,0,"7,5",30
SHF Plaza de la Reina,1682520,Apartamentos,Valencia,1,1,€ 81,2019/10/08,2019/10/09,0,"7,7",30
Torres Quart,3702234,Apartamentos,Valencia,1,1,€ 83,2019/10/08,2019/10/09,0,"7,6",30
Apartment Regne De Valencia,1533033,Apartamentos,Valencia,1,1,NA,2019/10/08,2019/10/09,0,"9,4",30
VALENCIA APARTAMENTO GOYA,4256653,Apartamento,Valencia,1,1,NA,2019/10/08,2019/10/09,0,10,30
Valencian Dreams,3268804,Apartamento,Valencia,1,1,€ 89,2019/10/08,2019/10/09,0,"9,8",30
Precioso piso junto al antiguo barrio de Campanar,3297078,Apartamento,Valencia,1,1,€ 100,2019/10/08,2019/10/09,0,"9,5",30
Apartamento Bolseria 28,881275,Apartamentos,Valencia,1,1,€ 120,2019/10/08,2019/10/09,0,"9,5",30
El 16 Ruzafa,865461,Apartamentos,Valencia,1,1,€ 84,2019/10/08,2019/10/09,0,"7,7",30
Checkin Valencia,93743,NA,Valencia,1,1,€ 89,2019/10/08,2019/10/09,4,"7,8",30
Plaza Sainetero 5,3148458,Apartamento,Valencia,1,1,€ 93,2019/10/08,2019/10/09,0,"7,8",30
Suites by Eric Olsan (L),4287413,Apartamentos,Valencia,1,1,€ 94,2019/10/08,2019/10/09,0,"7,6",30
El Globo,24498,NA,Valencia,1,1,€ 96,2019/10/08,2019/10/09,1,"7,8",30
15 Avinguda Mare Nostrum,4518973,Apartamento,Valencia,1,1,€ 125,2019/10/08,2019/10/09,0,"9,8",30
Ramirez Flats & Bar,4124528,Apartahotel,Valencia,1,1,€ 140,2019/10/08,2019/10/09,0,"9,5",30
RUZAFA- CENTRO-A/C- WI-FI- PARKING,2885994,Apartamento,Valencia,1,1,€ 160,2019/10/08,2019/10/09,0,"9,7",30
Central Park Apartment Valencia,3881533,Apartamento,Valencia,1,1,NA,2019/10/08,2019/10/09,0,"9,6",30
Disfruta - Enjoy Valencia Ruzafa,3890328,Apartamento,Valencia,1,1,€ 189,2019/10/08,2019/10/09,0,"9,7",30
Disfruta - Enjoy Valencia Oceanografic,4121345,Apartamento,Valencia,1,1,€ 199,2019/10/08,2019/10/09,0,"9,6",30
Disfruta - Enjoy Valencia Ayuntamiento,4901194,Apartamento,Valencia,1,1,€ 199,2019/10/08,2019/10/09,0,"9,7",30
Attic Rooms in Botánico,5522932,NA,Valencia,1,1,€ 60,2019/10/08,2019/10/09,0,,30
Hogar Dulce Hogar,5426607,NA,Valencia,1,1,€ 60,2019/10/08,2019/10/09,0,,30
LOFT apartamento duplex en Valencia con parking,5519008,Apartamento,Valencia,1,1,€ 65,2019/10/08,2019/10/09,0,,30
Comfort Homestay,5423155,NA,Valencia,1,1,€ 67,2019/10/08,2019/10/09,0,,30
Cantagua Hostel,4074640,NA,Valencia,1,1,€ 43,2019/10/08,2019/10/09,0,"9,1",30
Art&Flats Bed&Breakfast,5238345,NA,Valencia,1,1,€ 45,2019/10/08,2019/10/09,0,9,30
YOU & CO. Saler Beach Boutique,4533007,NA,Valencia,1,1,€ 55,2019/10/08,2019/10/09,3,"9,1",30
Apartamento Frederick “Centrico y con Clase”,4236394,Apartamento,Valencia,1,1,NA,2019/10/08,2019/10/09,0,"9,7",30
Habitación privada a 1500 metros de la playa,3789910,NA,Valencia,1,1,€ 60,2019/10/08,2019/10/09,0,"9,2",30
Una Ubicacion Perfecta,3114164,Apartamentos,Valencia,1,1,€ 65,2019/10/08,2019/10/09,0,"9,1",30
Blanq Comedias,4922002,NA,Valencia,1,1,€ 68,2019/10/08,2019/10/09,0,"9,1",30
Magnífico Adosado- cerca de Valencia ciudad- en zona de montaña y playa fluvial,5354233,Casa o chalet,Valencia,1,1,€ 72,2019/10/08,2019/10/09,0,"9,1",30
Bianca,4232781,Apartamento,Valencia,1,1,€ 74,2019/10/08,2019/10/09,0,9,30
Mi casa es vuestra casa,4967097,NA,Valencia,1,1,€ 70,2019/10/08,2019/10/09,0,,30
Habitación en Valencia,5477394,NA,Valencia,1,1,€ 72,2019/10/08,2019/10/09,0,,30
Apartments Madrina,3278589,Apartamentos,Valencia,1,1,NA,2019/10/08,2019/10/09,0,9,30
Brugada home,5259150,NA,Valencia,1,1,€ 75,2019/10/08,2019/10/09,0,,30
Hostal Venecia,92883,NA,Valencia,1,1,€ 74,2019/10/08,2019/10/09,2,"9,1",30
Original Domino House,5434091,NA,Valencia,1,1,€ 75,2019/10/08,2019/10/09,0,,30
Loft Turia Gran,5133726,Apartamento,Valencia,1,1,€ 80,2019/10/08,2019/10/09,0,,30
APARTAMENTO EN LA PLAYA,5503515,Apartamento,Valencia,1,1,€ 80,2019/10/08,2019/10/09,0,,30
Casa Adosada Quintero,5481770,Casa o chalet,Valencia,1,1,€ 87,2019/10/08,2019/10/09,0,,30
PISO DE DISEÑO A 5 MIN ANDANDO DE LA PLAYA,5546265,Apartamento,Valencia,1,1,€ 95,2019/10/08,2019/10/09,0,,30
Your home at Valencia- Ruzafa,3809623,Apartamento,Valencia,1,1,NA,2019/10/08,2019/10/09,0,"9,3",30
Apartamento Centrico Y Muy Bien Ubicado,4800241,Apartamento,Valencia,1,1,€ 101,2019/10/08,2019/10/09,0,,30
Apartamentos Artesa 22 Valencia,5546723,Apartamento,Valencia,1,1,€ 112,2019/10/08,2019/10/09,0,,30
RAVALENCIA 4,3377937,Apartamento,Valencia,1,1,€ 124,2019/10/08,2019/10/09,0,,30
Kirei Apartment Dublin,4639542,Apartamento,Valencia,1,1,€ 137,2019/10/08,2019/10/09,0,,30
CASA MARQUES DE CARO,4472176,Apartamento,Valencia,1,1,€ 139,2019/10/08,2019/10/09,0,,30
"Flat ""Ca Alexandre""",3687859,Apartamento,Valencia,1,1,€ 240,2019/10/08,2019/10/09,0,,30
Splendid house in Valencia,3091182,Apartamentos,Valencia,1,1,NA,2019/10/08,2019/10/09,0,"9,3",30
Apartamento con terraza,5238122,Apartahotel,Valencia,1,1,€ 240,2019/10/08,2019/10/09,0,,30
Apartment Carrer de Don Juan de Austria,5464038,Apartamentos,Valencia,1,1,€ 275,2019/10/08,2019/10/09,0,,30
Governor Residence,3799760,Apartahotel,Valencia,1,1,€ 600,2019/10/08,2019/10/09,0,,30
Gulet Why Not,5199364,NA,Valencia,1,1,€ 3.000,2019/10/08,2019/10/09,0,,30
Malvarrosa Beach Rooms,314048,NA,Valencia,1,1,€ 78,2019/10/08,2019/10/09,2,"7,1",30
Valencia Apartments,4367788,Apartamentos,Valencia,1,1,€ 78,2019/10/08,2019/10/09,0,"7,2",30
Olympia Flats,4212801,NA,Valencia,1,1,NA,2019/10/08,2019/10/09,0,"9,7",30
Centro Valencia Calle Cerrajeros,3476261,NA,Valencia,1,1,€ 80,2019/10/08,2019/10/09,0,"7,1",30
NWT Monserrat,3728842,Apartamentos,Valencia,1,1,€ 82,2019/10/08,2019/10/09,0,7,30
Valencia Apartmans El Carmen,847910,Apartamentos,Valencia,1,1,€ 83,2019/10/08,2019/10/09,0,"7,4",30
SHF Sevilla Loft,850157,Apartamentos,Valencia,1,1,€ 84,2019/10/08,2019/10/09,0,"7,4",30
Accommodation Beach Apartments,1001766,Apartamentos,Valencia,1,1,€ 89,2019/10/08,2019/10/09,0,"7,1",30
Suites by Eric Olsan (Peset),4726296,Apartamentos,Valencia,1,1,€ 94,2019/10/08,2019/10/09,0,"7,4",30
Hostal Antigua Morellana,1273937,NA,Valencia,1,1,NA,2019/10/08,2019/10/09,1,"9,5",30
La Casa dei Fiori,2849727,Apartamento,Valencia,1,1,€ 102,2019/10/08,2019/10/09,0,"7,1",30
Kirei Apartment San Vicente,1774062,Apartamento,Valencia,1,1,€ 110,2019/10/08,2019/10/09,0,"7,4",30
Kirei Apartment Vienna,4639797,Apartamento,Valencia,1,1,€ 115,2019/10/08,2019/10/09,0,"7,4",30
Kirei Apartment En Llop,1765516,Apartamentos,Valencia,1,1,€ 137,2019/10/08,2019/10/09,0,"7,1",30
Select Home Catedral,440778,Apartamentos,Valencia,1,1,€ 170,2019/10/08,2019/10/09,0,"7,1",30
Apartamento para 10 personas,5029963,Apartamento,Valencia,1,1,€ 175,2019/10/08,2019/10/09,0,"7,3",30
VIVIENDA DISEÑO CON JARDÍN INTERIOR,4314054,Apartamento,Valencia,1,1,NA,2019/10/08,2019/10/09,0,"9,7",30
Best Valencia Beach Flat,3246772,Apartamento,Valencia,1,1,€ 192,2019/10/08,2019/10/09,0,"7,1",30
Select Home Town Hall,1648016,Apartamentos,Valencia,1,1,€ 220,2019/10/08,2019/10/09,0,"7,3",30
Ruzafa Apartments,1431031,Apartamentos,Valencia,1,1,€ 290,2019/10/08,2019/10/09,0,"7,1",30
MD Puerto Rico Apartment Ruzafa,3737151,Apartamento,Valencia,1,1,€ 329,2019/10/08,2019/10/09,0,"7,4",30
MD Olivereta Apartment,3783665,Apartamento,Valencia,1,1,€ 390,2019/10/08,2019/10/09,0,"7,3",30
Habitación Despuig,4901343,NA,Valencia,1,1,€ 25,2019/10/08,2019/10/09,0,"6,8",30
Bioparc Metro Valencia,5302327,Apartamento,Valencia,1,1,NA,2019/10/08,2019/10/09,0,"9,9",30
Guest House Lebon,3124256,NA,Valencia,1,1,€ 35,2019/10/08,2019/10/09,0,"6,9",30
Habitación con cama doble,4794909,NA,Valencia,1,1,€ 36,2019/10/08,2019/10/09,0,"6,6",30
PISO ACOGEDOR,4995780,NA,Valencia,1,1,€ 50,2019/10/08,2019/10/09,0,"6,9",30
Apartment Valencia Denia,1968489,Apartamentos,Valencia,1,1,€ 69,2019/10/08,2019/10/09,0,"6,7",30
Casita Esmeralda,2040126,Casa o chalet,Valencia,1,1,€ 114,2019/10/08,2019/10/09,0,"6,5",30
Miresa flats,5300418,Apartamento,Valencia,1,1,€ 125,2019/10/08,2019/10/09,0,"6,9",30
Casa Calle Conquista,4691493,Apartamento,Valencia,1,1,NA,2019/10/08,2019/10/09,0,"9,7",30
Fun and Sun Center 2,2944416,NA,Valencia,1,1,€ 36,2019/10/08,2019/10/09,0,"6,1",30
Kirei Apartment Denver,4585191,Apartamento,Valencia,1,1,€ 137,2019/10/08,2019/10/09,0,"6,3",30
Kirei Apartment San Agustin,1712323,Apartamentos,Valencia,1,1,€ 161,2019/10/08,2019/10/09,0,6,30
RoomTuristValencia - Ruzafa,4608394,NA,Valencia,1,1,€ 26,2019/10/08,2019/10/09,0,"5,6",30
Guest House Higinio Noja,2845935,NA,Valencia,1,1,€ 30,2019/10/08,2019/10/09,0,"5,9",30
Ruzafa Guesthouse,2269176,NA,Valencia,1,1,€ 30,2019/10/08,2019/10/09,0,"5,6",30
Duplex+Swimming pool+private entrance=Housen of LOVE,2999152,Apartamento,Valencia,1,1,NA,2019/10/08,2019/10/09,0,"9,5",30
Valencia B&B,2658386,NA,Valencia,1,1,€ 59,2019/10/08,2019/10/09,0,"5,7",30
Carrer del Bisbe Jaume Pérez,4900140,NA,Valencia,1,1,€ 60,2019/10/08,2019/10/09,0,"5,9",30
Oliver,4865093,NA,Valencia,1,1,€ 73,2019/10/08,2019/10/09,0,"5,8",30
Kirei Apartment Portland,4276529,Apartamentos,Valencia,1,1,€ 200,2019/10/08,2019/10/09,0,"5,9",30
Guest House Duc de Gaeta,2275007,NA,Valencia,1,1,€ 28,2019/10/08,2019/10/09,0,5,30
Guest House Torres de Quart,2275006,NA,Valencia,1,1,€ 30,2019/10/08,2019/10/09,0,"5,3",30
Kirei Apartment Berlin,4504570,Apartamentos,Valencia,1,1,€ 103,2019/10/08,2019/10/09,0,"5,4",30
RoomTuristValencia Torres de Quart,4565643,NA,Valencia,1,1,€ 25,2019/10/08,2019/10/09,0,"4,5",30
Guesthouse Plaza de Toros,2985902,NA,Valencia,1,1,€ 33,2019/10/08,2019/10/09,0,"4,9",30
RoomTuristValencia RuzafaSumsi,4682802,NA,Valencia,1,1,€ 35,2019/10/08,2019/10/09,0,"4,6",30
Port of Valencia,3805735,Apartamento,Valencia,1,1,€ 79,2019/10/08,2019/10/09,0,"4,9",30
Malvarosa,3820590,Apartamento,Valencia,1,1,€ 120,2019/10/08,2019/10/09,0,"4,1",30
Constitucion Guesthouse,2985942,NA,Valencia,1,1,€ 30,2019/10/08,2019/10/09,0,"3,5",30
Apartamento Islas Canarias,2304086,Apartamento,Valencia,1,1,€ 62,2019/10/08,2019/10/09,0,"3,8",30
vosotros sereis parte de mi familia.,5299568,NA,Valencia,1,1,€ 50,2019/10/08,2019/10/09,0,,30
Bright room with trundle bed,5560260,NA,Valencia,1,1,€ 51,2019/10/08,2019/10/09,0,,30
Habitación en casa particular con preciosa terraza,5559993,NA,Valencia,1,1,€ 51,2019/10/08,2019/10/09,0,,30
Rooms El Picolino,5326859,NA,Valencia,1,1,€ 52,2019/10/08,2019/10/09,0,,30
Cathedral Suites Hotel,1736257,Apartahotel,Valencia,1,1,€ 199,2019/10/08,2019/10/09,4,"8,9",30
Melia Valencia,290493,NA,Valencia,1,1,€ 200,2019/10/08,2019/10/09,4,"8,8",30
Casa La Buhardilla,2985364,Apartamento,Valencia,1,1,NA,2019/10/08,2019/10/09,0,"9,6",30
Carlos & Ana,2079019,Apartamento,Valencia,1,1,€ 215,2019/10/08,2019/10/09,0,"8,9",30
AC Hotel Colon Valencia- a Marriott Lifestyle Hotel,1117150,NA,Valencia,1,1,€ 218,2019/10/08,2019/10/09,4,"8,7",30
Vincci Lys,91183,NA,Valencia,1,1,€ 218,2019/10/08,2019/10/09,4,"8,9",30
Hospes Palau de La Mar,93823,NA,Valencia,1,1,€ 221,2019/10/08,2019/10/09,5,"8,8",30
SH Valencia Palace,91497,NA,Valencia,1,1,€ 225,2019/10/08,2019/10/09,5,"8,5",30
Vincci Palace,94163,NA,Valencia,1,1,€ 248,2019/10/08,2019/10/09,4,"8,6",30
Apartment Plaza Cisneros,1273377,Apartamentos,Valencia,1,1,NA,2019/10/08,2019/10/09,0,"9,8",30
Ca Carmela,2466364,Casa o chalet,Valencia,1,1,€ 252,2019/10/08,2019/10/09,0,"8,9",30
SingularStays Parque Central,3054000,Apartamentos,Valencia,1,1,€ 265,2019/10/08,2019/10/09,0,"8,8",30
Urban Youth Hostel,1163025,NA,Valencia,1,1,€ 23,2019/10/08,2019/10/09,0,"8,4",30
Habitación en piso compartido,5433175,NA,Valencia,1,1,€ 40,2019/10/08,2019/10/09,0,8,30
B&B Hi Valencia Canovas,305349,NA,Valencia,1,1,€ 42,2019/10/08,2019/10/09,0,"8,4",30
Habitacion Barata Valencia,3931013,NA,Valencia,1,1,€ 45,2019/10/08,2019/10/09,0,8,30
El Corazon de Canovas,2634817,Apartamento,Valencia,1,1,NA,2019/10/08,2019/10/09,0,"9,6",30
Habitacion en Valencia Barata,4861796,NA,Valencia,1,1,€ 45,2019/10/08,2019/10/09,0,"8,2",30
Apartamentos Valencia,1007682,Apartamentos,Valencia,1,1,€ 50,2019/10/08,2019/10/09,0,"8,3",30
Casa Mati,4217185,NA,Valencia,1,1,€ 50,2019/10/08,2019/10/09,0,"8,2",30
Como en casa,4802186,NA,Valencia,1,1,€ 54,2019/10/08,2019/10/09,0,"8,1",30
Palacios Rooms,2773548,NA,Valencia,1,1,€ 54,2019/10/08,2019/10/09,0,"8,3",30
Hotel Villacarlos,90730,NA,Valencia,1,1,€ 54,2019/10/08,2019/10/09,3,8,30
Apartment Sofi,2830696,Apartamento,Valencia,1,1,NA,2019/10/08,2019/10/09,0,"9,8",30
Pension MonaLisa Luxury Suites,3834224,NA,Valencia,1,1,€ 56,2019/10/08,2019/10/09,0,"8,2",30
Dormavalencia Hostel Regne,291755,NA,Valencia,1,1,€ 58,2019/10/08,2019/10/09,1,8,30
Tryp Valencia Feria,92852,NA,Valencia,1,1,€ 59,2019/10/08,2019/10/09,4,"8,4",30
Style Apartments Puerto,1558265,Apartamentos,Valencia,1,1,€ 59,2019/10/08,2019/10/09,0,"8,1",30
Purple Nest Hostel,25278,NA,Valencia,1,1,€ 59,2019/10/08,2019/10/09,0,"8,1",30
Sol Playa,12656,NA,Valencia,1,1,€ 60,2019/10/08,2019/10/09,2,"8,3",30
Musico Art Flat,2925957,Apartamento,Valencia,1,1,NA,2019/10/08,2019/10/09,0,"9,6",30
Hostal Abastos,257057,NA,Valencia,1,1,€ 60,2019/10/08,2019/10/09,2,"8,2",30
Aparthotel Valencia Rental,17344,Apartahotel,Valencia,1,1,€ 63,2019/10/08,2019/10/09,0,8,30
L'Otelet By Sweet,1467935,NA,Valencia,1,1,€ 64,2019/10/08,2019/10/09,0,"8,3",30
Reina 12,1684198,NA,Valencia,1,1,€ 64,2019/10/08,2019/10/09,0,"8,2",30
Hotel Alkazar,408511,NA,Valencia,1,1,€ 64,2019/10/08,2019/10/09,1,8,30
Hotel Olympia Universidades,1301731,NA,Valencia,1,1,€ 68,2019/10/08,2019/10/09,3,"8,4",30
Disfruta De Playa Y Ciudad,2470646,Apartamento,Valencia,1,1,NA,2019/10/08,2019/10/09,0,"9,5",30
United Colors of Apartments - Catedral,1301545,Apartamentos,Valencia,1,1,€ 69,2019/10/08,2019/10/09,0,"8,2",30
Nanit Valencia Hostel,3913497,NA,Valencia,1,1,€ 69,2019/10/08,2019/10/09,0,"8,3",30
City Suites Apartments,3091106,NA,Valencia,1,1,€ 74,2019/10/08,2019/10/09,0,"8,4",30
Residencia Universitaria Damia Bonet,247451,NA,Valencia,1,1,€ 75,2019/10/08,2019/10/09,0,"8,3",30
SHF Flats Baron,1033085,Apartamentos,Valencia,1,1,€ 75,2019/10/08,2019/10/09,0,8,30
Holiday Inn Express Ciudad de las Ciencias,96737,NA,Valencia,1,1,€ 76,2019/10/08,2019/10/09,3,8,30
Sweet Hotel Renasa,274818,NA,Valencia,1,1,€ 79,2019/10/08,2019/10/09,3,8,30
NH Valencia Las Ciencias,90725,NA,Valencia,1,1,€ 79,2019/10/08,2019/10/09,3,8,30
Ilunion Valencia 4,754329,NA,Valencia,1,1,€ 79,2019/10/08,2019/10/09,4,8,30
Happy Apartments Valencia,456043,Apartamentos,Valencia,1,1,€ 81,2019/10/08,2019/10/09,0,"8,2",30
Coroa Malvarrosa,1638172,Apartamentos,Valencia,1,1,€ 81,2019/10/08,2019/10/09,0,"8,2",30
Dormavalencia Hostel,249585,NA,Valencia,1,1,€ 82,2019/10/08,2019/10/09,1,"8,2",30
Happy Apartments Valencia – Lope de Vega,575582,Apartamentos,Valencia,1,1,€ 83,2019/10/08,2019/10/09,0,"8,1",30
Ilunion Aqua 3,92776,NA,Valencia,1,1,€ 83,2019/10/08,2019/10/09,3,"8,3",30
Living Valencia - Corregeria,3972561,Apartamentos,Valencia,1,1,€ 84,2019/10/08,2019/10/09,0,"8,3",30
NH Ciudad de Valencia,90729,NA,Valencia,1,1,€ 86,2019/10/08,2019/10/09,3,"8,1",30
Sweet Hotel Continental,93856,NA,Valencia,1,1,€ 89,2019/10/08,2019/10/09,2,"8,3",30
APARTAMENTO LAS MELLIZAS,4651578,NA,Valencia,1,1,€ 45,2019/10/08,2019/10/09,0,"8,4",30
