name,propertyId,propertyType,city,rooms,days,price,checkIn,checkOut,stars,score,advance
Mi casa es vuestra casa,4967097,NA,Valencia,1,1,€ 70,2019/10/09,2019/10/10,0,,30
Habitación en Valencia,5477394,NA,Valencia,1,1,€ 72,2019/10/09,2019/10/10,0,,30
Apartamento Centro Valencia,1810765,Apartamento,Valencia,1,1,NA,2019/10/09,2019/10/10,0,9,30
Brugada home,5259150,NA,Valencia,1,1,€ 75,2019/10/09,2019/10/10,0,,30
Loft Turia Gran,5133726,Apartamento,Valencia,1,1,€ 80,2019/10/09,2019/10/10,0,,30
APARTAMENTO EN LA PLAYA,5503515,Apartamento,Valencia,1,1,€ 85,2019/10/09,2019/10/10,0,,30
Casa Adosada Quintero,5481770,Casa o chalet,Valencia,1,1,€ 87,2019/10/09,2019/10/10,0,,30
PISO DE DISEÑO A 5 MIN ANDANDO DE LA PLAYA,5546265,Apartamento,Valencia,1,1,€ 95,2019/10/09,2019/10/10,0,,30
Apartamento Centrico Y Muy Bien Ubicado,4800241,Apartamento,Valencia,1,1,€ 101,2019/10/09,2019/10/10,0,,30
RUZAFA. Nice apartment and Terrace.,4368595,Apartamento,Valencia,1,1,NA,2019/10/09,2019/10/10,0,"9,3",30
Apartamentos Artesa 22 Valencia,5546723,Apartamento,Valencia,1,1,€ 112,2019/10/09,2019/10/10,0,,30
RAVALENCIA 4,3377937,Apartamento,Valencia,1,1,€ 124,2019/10/09,2019/10/10,0,,30
Kirei Apartment Dublin,4639542,Apartamento,Valencia,1,1,€ 137,2019/10/09,2019/10/10,0,,30
CASA MARQUES DE CARO,4472176,Apartamento,Valencia,1,1,€ 139,2019/10/09,2019/10/10,0,,30
"Flat ""Ca Alexandre""",3687859,Apartamento,Valencia,1,1,€ 240,2019/10/09,2019/10/10,0,,30
Apartamento con terraza,5238122,Apartahotel,Valencia,1,1,€ 240,2019/10/09,2019/10/10,0,,30
My Penthouse Valencia,2020411,Apartamento,Valencia,1,1,NA,2019/10/09,2019/10/10,0,9,30
Apartment Carrer de Don Juan de Austria,5464038,Apartamentos,Valencia,1,1,€ 275,2019/10/09,2019/10/10,0,,30
Center City Flats,861452,Apartamentos,Valencia,1,1,€ 128,2019/10/09,2019/10/10,0,"9,1",30
Friendly Rentals Schubert,1634221,Apartamentos,Valencia,1,1,€ 130,2019/10/09,2019/10/10,0,9,30
Casa Botànic - Céntrico y con comodidades,4218273,Apartamento,Valencia,1,1,NA,2019/10/09,2019/10/10,0,"9,8",30
MYR Hotel Plaza Mercado & Spa,1619029,Apartahotel,Valencia,1,1,€ 131,2019/10/09,2019/10/10,0,"9,2",30
OCEANOGRAFIC DELUXE- PARKING- WI-FI,4095746,Apartamento,Valencia,1,1,€ 140,2019/10/09,2019/10/10,0,"9,2",30
HQ Rooms Apartments San Vicente,2894429,Apartamentos,Valencia,1,1,€ 144,2019/10/09,2019/10/10,0,"9,3",30
Friendly Rentals Torrealba,1634243,Apartamento,Valencia,1,1,€ 145,2019/10/09,2019/10/10,0,"9,3",30
Casa Cosy,375456,Apartamentos,Valencia,1,1,€ 145,2019/10/09,2019/10/10,0,"9,4",30
Apartamentos Wallace,1698355,Apartamentos,Valencia,1,1,€ 147,2019/10/09,2019/10/10,0,"9,2",30
Preciosa Casita Cerca Del Mar,4057271,Apartamento,Valencia,1,1,NA,2019/10/09,2019/10/10,0,"9,7",30
Hi Valencia Cánovas,4312120,Apartamentos,Valencia,1,1,€ 149,2019/10/09,2019/10/10,0,9,30
ARENAS 2 APARTAMENT,2808815,Apartamento,Valencia,1,1,€ 150,2019/10/09,2019/10/10,0,"9,1",30
Sweet Caroline Apartment,1811784,Apartamento,Valencia,1,1,€ 150,2019/10/09,2019/10/10,0,"9,2",30
Palau de Palomar,471283,Apartamentos,Valencia,1,1,€ 154,2019/10/09,2019/10/10,0,"9,1",30
Duplex en Blasco Ibáñez,3672426,Apartamento,Valencia,1,1,€ 155,2019/10/09,2019/10/10,0,"9,1",30
NH Collection Colón Valencia,3828811,NA,Valencia,1,1,€ 162,2019/10/09,2019/10/10,4,"9,2",30
City Valencia Beach 360,4504803,Apartamento,Valencia,1,1,NA,2019/10/09,2019/10/10,0,"9,5",30
Buho House,3777691,Apartahotel,Valencia,1,1,€ 79,2019/10/09,2019/10/10,0,"8,5",30
Jardín Botánico Hotel Boutique,93369,NA,Valencia,1,1,€ 79,2019/10/09,2019/10/10,3,"8,9",30
Central apartment,4597029,Apartamento,Valencia,1,1,NA,2019/10/09,2019/10/10,0,"9,5",30
Apartamento Jesus De Medinaceli,1728697,Apartamento,Valencia,1,1,€ 80,2019/10/09,2019/10/10,0,"8,5",30
Casual del Cine Valencia,572187,NA,Valencia,1,1,€ 80,2019/10/09,2019/10/10,2,"8,6",30
Mon Suites San Martin,2777545,Apartamentos,Valencia,1,1,€ 174,2019/10/09,2019/10/10,0,"9,4",30
Friendly Rentals Rey,1634248,Apartamento,Valencia,1,1,€ 176,2019/10/09,2019/10/10,0,9,30
MARQUÉS HOUSE 4* SUP,2118880,NA,Valencia,1,1,€ 179,2019/10/09,2019/10/10,4,"9,4",30
Zerka Sendra,4657122,Apartamento,Valencia,1,1,€ 179,2019/10/09,2019/10/10,0,9,30
Apartamentos La más Bonita,2816245,Apartamentos,Valencia,1,1,€ 180,2019/10/09,2019/10/10,0,"9,1",30
Las Arenas Balneario Resort,91144,NA,Valencia,1,1,€ 189,2019/10/09,2019/10/10,5,9,30
UNIK. Apartments Valencia,2241282,Apartamentos,Valencia,1,1,€ 82,2019/10/09,2019/10/10,0,"8,5",30
B&B Hi Valencia Boutique,1301725,NA,Valencia,1,1,€ 83,2019/10/09,2019/10/10,0,"8,7",30
Hotel Kramer,91106,NA,Valencia,1,1,€ 84,2019/10/09,2019/10/10,3,"8,8",30
Habitacion por dias Centro Valencia,3977106,NA,Valencia,1,1,€ 55,2019/10/09,2019/10/10,0,"7,9",30
Hotel Sercotel Acteón Valencia,90495,NA,Valencia,1,1,€ 84,2019/10/09,2019/10/10,4,"8,5",30
Casa Vich,4457634,Apartamento,Valencia,1,1,NA,2019/10/09,2019/10/10,0,"9,6",30
Valenciaflats Centro Histórico,94781,Apartamentos,Valencia,1,1,€ 87,2019/10/09,2019/10/10,0,"8,7",30
Valencia Suits You Citytel,1106307,NA,Valencia,1,1,€ 89,2019/10/09,2019/10/10,2,"8,6",30
APARTAMENTO LAS MELLIZAS,4651578,NA,Valencia,1,1,€ 45,2019/10/09,2019/10/10,0,"8,5",30
Casual Vintage Valencia,1710241,NA,Valencia,1,1,€ 89,2019/10/09,2019/10/10,2,"8,6",30
BUBUFLATS / Mercat,783206,Apartamentos,Valencia,1,1,€ 90,2019/10/09,2019/10/10,0,"8,9",30
Casual Civilizaciones Valencia,449777,NA,Valencia,1,1,€ 57,2019/10/09,2019/10/10,0,"7,9",30
Tramontana Apartments,1277215,Apartamentos,Valencia,1,1,NA,2019/10/09,2019/10/10,0,9,30
MODERNO Y ACOGEDOR FRENTE A RUZAFA Y CERCA DEL CENTRO,4490444,Apartamento,Valencia,1,1,€ 90,2019/10/09,2019/10/10,0,"8,8",30
Chic and Central- in a lively but quiet area. All walking distance.,3649090,Apartamento,Valencia,1,1,NA,2019/10/09,2019/10/10,0,"9,7",30
Hotel Turia,14441,NA,Valencia,1,1,€ 59,2019/10/09,2019/10/10,4,"7,5",30
Hostal Bisbal,235665,NA,Valencia,1,1,€ 60,2019/10/09,2019/10/10,1,"7,5",30
Dormavalencia Hostel,249585,NA,Valencia,1,1,€ 82,2019/10/09,2019/10/10,1,"8,2",30
Ilunion Aqua 3,92776,NA,Valencia,1,1,€ 83,2019/10/09,2019/10/10,3,"8,3",30
Apartamentos Hiedra y Tapinería Mercado Central,1888891,Apartamentos,Valencia,1,1,NA,2019/10/09,2019/10/10,0,"9,2",30
B&B Hotel Valencia Ciudad de las Ciencias,92242,NA,Valencia,1,1,€ 62,2019/10/09,2019/10/10,3,"7,5",30
Hotel Beleret,94652,NA,Valencia,1,1,€ 62,2019/10/09,2019/10/10,3,"7,6",30
United Colors of Studios - Mercado Central,2574108,Apartamentos,Valencia,1,1,€ 64,2019/10/09,2019/10/10,0,"7,9",30
BUBUFLATS Mossén,1141763,Apartamentos,Valencia,1,1,€ 90,2019/10/09,2019/10/10,0,"8,9",30
Casa del Patriarca,364834,NA,Valencia,1,1,€ 90,2019/10/09,2019/10/10,0,"8,9",30
Dormavalencia Hostel Regne,291755,NA,Valencia,1,1,€ 87,2019/10/09,2019/10/10,1,8,30
El Coso,14580,NA,Valencia,1,1,€ 90,2019/10/09,2019/10/10,3,"8,2",30
Jero Rooms,296743,NA,Valencia,1,1,€ 66,2019/10/09,2019/10/10,0,"7,7",30
Turia Burjassot 12,3237353,Apartamento,Valencia,1,1,NA,2019/10/09,2019/10/10,0,9,30
Ilunion Valencia 3,92818,NA,Valencia,1,1,€ 67,2019/10/09,2019/10/10,3,"7,9",30
València Centre Torres de Quart,886289,Apartamentos,Valencia,1,1,€ 91,2019/10/09,2019/10/10,0,"8,9",30
Blanq Carmen Hotel,97069,NA,Valencia,1,1,€ 93,2019/10/09,2019/10/10,3,"8,7",30
Suites by Eric Olsan (Florista),4726450,Apartamentos,Valencia,1,1,€ 93,2019/10/09,2019/10/10,0,"8,7",30
MD Modern Hotel - Jardines,305447,NA,Valencia,1,1,€ 92,2019/10/09,2019/10/10,1,"8,2",30
Sweet Hotel Continental,93856,NA,Valencia,1,1,€ 94,2019/10/09,2019/10/10,2,"8,3",30
València Centre Túria,2185255,Apartamento,Valencia,1,1,€ 94,2019/10/09,2019/10/10,0,"8,8",30
City Center Apartments,4426057,Apartamentos,Valencia,1,1,€ 68,2019/10/09,2019/10/10,0,"7,8",30
Expo Hotel Valencia,91223,NA,Valencia,1,1,€ 72,2019/10/09,2019/10/10,3,"7,6",30
Cosy Rooms Tapinería,371192,NA,Valencia,1,1,€ 78,2019/10/09,2019/10/10,2,"7,5",30
Apartamento Angel Alcazar 35,2174625,Apartamento,Valencia,1,1,€ 80,2019/10/09,2019/10/10,0,"7,5",30
Apartment near City of Arts 2,3033254,Apartamentos,Valencia,1,1,€ 95,2019/10/09,2019/10/10,0,"8,3",30
Hotel Miramar,23332,NA,Valencia,1,1,€ 96,2019/10/09,2019/10/10,2,"8,4",30
La casita de Palomar,2132386,Apartamentos,Valencia,1,1,NA,2019/10/09,2019/10/10,0,"9,4",30
Valenciaflats Torres de Serrano,17468,Apartamentos,Valencia,1,1,€ 97,2019/10/09,2019/10/10,0,"8,3",30
Casual de las Artes Valencia,538056,NA,Valencia,1,1,€ 98,2019/10/09,2019/10/10,3,"8,4",30
Torres Quart,3702234,Apartamentos,Valencia,1,1,€ 83,2019/10/09,2019/10/10,0,"7,6",30
APARTAMENTO CENTRICO. WI-FI. PARKING,2967593,Apartamento,Valencia,1,1,NA,2019/10/09,2019/10/10,0,"9,1",30
Eurostars Gran Valencia,90484,NA,Valencia,1,1,€ 98,2019/10/09,2019/10/10,4,"8,4",30
El 16 Ruzafa,865461,Apartamentos,Valencia,1,1,€ 84,2019/10/09,2019/10/10,0,"7,7",30
SHF Plaza de la Reina,1682520,Apartamentos,Valencia,1,1,€ 84,2019/10/09,2019/10/10,0,"7,7",30
Reina's Apartment,2130930,Apartamentos,Valencia,1,1,€ 103,2019/10/09,2019/10/10,0,"8,4",30
Hotel Valencia Center,91285,NA,Valencia,1,1,€ 103,2019/10/09,2019/10/10,4,"8,4",30
NH Valencia Las Artes,90731,NA,Valencia,1,1,€ 103,2019/10/09,2019/10/10,4,"8,4",30
Hi Valencia Apartments - Jorge Juan,2373701,Apartamento,Valencia,1,1,NA,2019/10/09,2019/10/10,0,"9,4",30
Checkin Valencia,93743,NA,Valencia,1,1,€ 89,2019/10/09,2019/10/10,4,"7,8",30
Senator Parque Central Hotel,274963,NA,Valencia,1,1,€ 106,2019/10/09,2019/10/10,4,"8,1",30
Plaza Sainetero 5,3148458,Apartamento,Valencia,1,1,€ 93,2019/10/09,2019/10/10,0,"7,8",30
Patacona Green Flats,292996,Apartamentos,Valencia,1,1,€ 94,2019/10/09,2019/10/10,0,"7,6",30
Suites by Eric Olsan (L),4287413,Apartamentos,Valencia,1,1,€ 94,2019/10/09,2019/10/10,0,"7,6",30
apartamento las torres-botanico,4694090,Apartamento,Valencia,1,1,NA,2019/10/09,2019/10/10,0,9,30
El Globo,24498,NA,Valencia,1,1,€ 96,2019/10/09,2019/10/10,1,"7,8",30
Apartment Florista,2150187,Apartamento,Valencia,1,1,€ 105,2019/10/09,2019/10/10,0,"7,9",30
Kirei Apartment Calgary,4768322,Apartamento,Valencia,1,1,€ 137,2019/10/09,2019/10/10,0,"7,6",30
Old Town Flats Casa Burguerini,4552106,Apartamentos,Valencia,1,1,€ 151,2019/10/09,2019/10/10,0,"7,7",30
Casual de la Música Valencia,273130,NA,Valencia,1,1,€ 162,2019/10/09,2019/10/10,2,"7,5",30
United Colors of Apartments Boutique Style,5372347,Apartamentos,Valencia,1,1,€ 79,2019/10/09,2019/10/10,0,"9,9",30
Hostal Antigua Morellana,1273937,NA,Valencia,1,1,€ 80,2019/10/09,2019/10/10,1,"9,5",30
Central Park Apartment Valencia,3881533,Apartamento,Valencia,1,1,NA,2019/10/09,2019/10/10,0,"9,6",30
Nest Style Valencia -Nueva apertura-,5219046,NA,Valencia,1,1,€ 86,2019/10/09,2019/10/10,3,"9,6",30
Valencian Dreams,3268804,Apartamento,Valencia,1,1,€ 89,2019/10/09,2019/10/10,0,"9,8",30
Apartments Downtown Valencia,2250421,Apartamentos,Valencia,1,1,€ 95,2019/10/09,2019/10/10,0,"9,6",30
Precioso piso junto al antiguo barrio de Campanar,3297078,Apartamento,Valencia,1,1,€ 100,2019/10/09,2019/10/10,0,"9,5",30
Opera House Valencia B&B,3533887,NA,Valencia,1,1,€ 120,2019/10/09,2019/10/10,0,"9,5",30
Ramirez Flats & Bar,4124528,Apartahotel,Valencia,1,1,€ 122,2019/10/09,2019/10/10,0,"9,5",30
Apartamento Frederick “Centrico y con Clase”,4236394,Apartamento,Valencia,1,1,NA,2019/10/09,2019/10/10,0,"9,7",30
15 Avinguda Mare Nostrum,4518973,Apartamento,Valencia,1,1,€ 125,2019/10/09,2019/10/10,0,"9,8",30
RUZAFA- CENTRO-A/C- WI-FI- PARKING,2885994,Apartamento,Valencia,1,1,€ 160,2019/10/09,2019/10/10,0,"9,7",30
Disfruta - Enjoy Valencia Ruzafa,3890328,Apartamento,Valencia,1,1,€ 189,2019/10/09,2019/10/10,0,"9,7",30
Disfruta - Enjoy Valencia Ayuntamiento,4901194,Apartamento,Valencia,1,1,€ 199,2019/10/09,2019/10/10,0,"9,6",30
Disfruta - Enjoy Valencia Oceanografic,4121345,Apartamento,Valencia,1,1,€ 199,2019/10/09,2019/10/10,0,"9,6",30
Casa Calle Conquista,4691493,Apartamento,Valencia,1,1,€ 250,2019/10/09,2019/10/10,0,"9,7",30
Ciudad Ciencias- Lujo- Parking- Wi-Fi.,4999636,Apartamento,Valencia,1,1,NA,2019/10/09,2019/10/10,0,"9,8",30
Art&Flats Bed&Breakfast,5238345,NA,Valencia,1,1,€ 40,2019/10/09,2019/10/10,0,9,30
Cantagua Hostel,4074640,NA,Valencia,1,1,€ 43,2019/10/09,2019/10/10,0,"9,1",30
YOU & CO. Saler Beach Boutique,4533007,NA,Valencia,1,1,€ 55,2019/10/09,2019/10/10,3,"9,1",30
Habitación privada a 1500 metros de la playa,3789910,NA,Valencia,1,1,€ 60,2019/10/09,2019/10/10,0,"9,2",30
Blanq Comedias,4922002,NA,Valencia,1,1,€ 68,2019/10/09,2019/10/10,0,"9,1",30
Magnífico Adosado- cerca de Valencia ciudad- en zona de montaña y playa fluvial,5354233,Casa o chalet,Valencia,1,1,€ 72,2019/10/09,2019/10/10,0,"9,1",30
BONNIES Suites & Spa Valencia,3631910,Apartamentos,Valencia,1,1,NA,2019/10/09,2019/10/10,0,"9,8",30
Bianca,4232781,Apartamentos,Valencia,1,1,€ 74,2019/10/09,2019/10/10,0,9,30
Live in Chianti,2227491,NA,Valencia,1,1,€ 75,2019/10/09,2019/10/10,0,"9,1",30
Original Domino House,5434091,NA,Valencia,1,1,€ 75,2019/10/09,2019/10/10,0,"9,2",30
City Garden Bed and Breakfast,2204361,NA,Valencia,1,1,€ 76,2019/10/09,2019/10/10,0,"9,4",30
Una Ubicacion Perfecta,3114164,Apartamentos,Valencia,1,1,€ 78,2019/10/09,2019/10/10,0,"9,1",30
ValentiaApartments - MercadoCentral,4185241,Apartamentos,Valencia,1,1,€ 159,2019/10/09,2019/10/10,0,"8,7",30
Puerta de Serranos,2734333,Apartamentos,Valencia,1,1,€ 161,2019/10/09,2019/10/10,0,"8,8",30
Apartment Cisneros 2,2361375,Apartamento,Valencia,1,1,NA,2019/10/09,2019/10/10,0,"9,7",30
Hotel San Lorenzo Boutique,1307718,NA,Valencia,1,1,€ 162,2019/10/09,2019/10/10,3,"8,6",30
Canela`s Vintage Ruzafa Centro,4652584,Apartamento,Valencia,1,1,€ 170,2019/10/09,2019/10/10,0,"8,6",30
SH Ingles Boutique Hotel,92956,NA,Valencia,1,1,€ 176,2019/10/09,2019/10/10,4,"8,5",30
SH Valencia Palace,91497,NA,Valencia,1,1,€ 189,2019/10/09,2019/10/10,5,"8,5",30
The Westin Valencia,93321,NA,Valencia,1,1,€ 193,2019/10/09,2019/10/10,5,"8,7",30
Hospes Palau de La Mar,93823,NA,Valencia,1,1,€ 194,2019/10/09,2019/10/10,5,"8,8",30
Casa La Buhardilla,2985364,Apartamento,Valencia,1,1,NA,2019/10/09,2019/10/10,0,"9,6",30
AC Hotel Colon Valencia- a Marriott Lifestyle Hotel,1117150,NA,Valencia,1,1,€ 198,2019/10/09,2019/10/10,4,"8,7",30
Vincci Palace,94163,NA,Valencia,1,1,€ 198,2019/10/09,2019/10/10,4,"8,6",30
Melia Valencia,290493,NA,Valencia,1,1,€ 200,2019/10/09,2019/10/10,4,"8,8",30
Melia Plaza Valencia,13270,NA,Valencia,1,1,€ 220,2019/10/09,2019/10/10,4,"8,9",30
Vincci Lys,91183,NA,Valencia,1,1,€ 231,2019/10/09,2019/10/10,4,"8,9",30
SingularStays Parque Central,3054000,Apartamentos,Valencia,1,1,€ 257,2019/10/09,2019/10/10,0,"8,8",30
Apartment Plaza Cisneros,1273377,Apartamentos,Valencia,1,1,NA,2019/10/09,2019/10/10,0,"9,8",30
Select Home Alma Palace,1381946,Apartamento,Valencia,1,1,€ 440,2019/10/09,2019/10/10,0,"8,8",30
Urban Youth Hostel,1163025,NA,Valencia,1,1,€ 29,2019/10/09,2019/10/10,0,"8,4",30
Center Valencia Youth Hostel,246931,NA,Valencia,1,1,€ 17,2019/10/09,2019/10/10,0,8,30
Habitacion Barata Valencia,3931013,NA,Valencia,1,1,€ 45,2019/10/09,2019/10/10,0,8,30
Habitacion en Valencia Barata,4861796,NA,Valencia,1,1,€ 45,2019/10/09,2019/10/10,0,"8,2",30
Como en casa,4802186,NA,Valencia,1,1,€ 54,2019/10/09,2019/10/10,0,"8,1",30
El Corazon de Canovas,2634817,Apartamento,Valencia,1,1,NA,2019/10/09,2019/10/10,0,"9,6",30
Palacios Rooms,2773548,NA,Valencia,1,1,€ 54,2019/10/09,2019/10/10,0,"8,3",30
Habitación en piso compartido,5433175,NA,Valencia,1,1,€ 55,2019/10/09,2019/10/10,0,8,30
Pension MonaLisa Luxury Suites,3834224,NA,Valencia,1,1,€ 56,2019/10/09,2019/10/10,0,"8,2",30
Tryp Valencia Feria,92852,NA,Valencia,1,1,€ 59,2019/10/09,2019/10/10,4,"8,4",30
Red Nest Hostel,92283,NA,Valencia,1,1,€ 59,2019/10/09,2019/10/10,0,"8,2",30
Purple Nest Hostel,25278,NA,Valencia,1,1,€ 59,2019/10/09,2019/10/10,0,"8,1",30
Apartment Sofi,2830696,Apartamento,Valencia,1,1,NA,2019/10/09,2019/10/10,0,"9,8",30
Casa Mati,4217185,NA,Valencia,1,1,€ 60,2019/10/09,2019/10/10,0,"8,2",30
Hostal Abastos,257057,NA,Valencia,1,1,€ 60,2019/10/09,2019/10/10,2,"8,2",30
Coroa Malvarrosa,1638172,Apartamentos,Valencia,1,1,€ 61,2019/10/09,2019/10/10,0,"8,2",30
Aparthotel Valencia Rental,17344,Apartahotel,Valencia,1,1,€ 63,2019/10/09,2019/10/10,0,8,30
Suites by Eric Olsan (Peset),4726296,Apartamentos,Valencia,1,1,€ 94,2019/10/09,2019/10/10,0,"7,4",30
L'Otelet By Sweet,1467935,NA,Valencia,1,1,€ 64,2019/10/09,2019/10/10,0,"8,3",30
Kirei Apartment San Vicente,1774062,Apartamento,Valencia,1,1,€ 110,2019/10/09,2019/10/10,0,"7,4",30
KOA Centric- comfy and relaxed with style in Ruzafa,4105224,Apartamento,Valencia,1,1,NA,2019/10/09,2019/10/10,0,"9,9",30
Kirei Apartment Vienna,4639797,Apartamento,Valencia,1,1,€ 115,2019/10/09,2019/10/10,0,"7,4",30
Reina 12,1684198,NA,Valencia,1,1,€ 64,2019/10/09,2019/10/10,0,"8,2",30
Musico Art Flat,2925957,Apartamento,Valencia,1,1,NA,2019/10/09,2019/10/10,0,"9,6",30
Accommodation Beach Apartments,1001766,Apartamentos,Valencia,1,1,€ 120,2019/10/09,2019/10/10,0,"7,1",30
Kirei Apartment En Llop,1765516,Apartamentos,Valencia,1,1,€ 137,2019/10/09,2019/10/10,0,"7,1",30
Hotel Alkazar,408511,NA,Valencia,1,1,€ 64,2019/10/09,2019/10/10,1,8,30
Select Home Catedral,440778,Apartamentos,Valencia,1,1,€ 170,2019/10/09,2019/10/10,0,"7,1",30
Apartamento para 10 personas,5029963,Apartamento,Valencia,1,1,€ 175,2019/10/09,2019/10/10,0,"7,3",30
Best Valencia Beach Flat,3246772,Apartamento,Valencia,1,1,€ 192,2019/10/09,2019/10/10,0,"7,1",30
Down Town,1656378,Apartamentos,Valencia,1,1,€ 67,2019/10/09,2019/10/10,0,"8,3",30
Hotel Olympia Universidades,1301731,NA,Valencia,1,1,€ 68,2019/10/09,2019/10/10,3,"8,4",30
United Colors of Apartments - Catedral,1301545,Apartamentos,Valencia,1,1,€ 69,2019/10/09,2019/10/10,0,"8,2",30
Bioparc Metro Valencia,5302327,Apartamento,Valencia,1,1,NA,2019/10/09,2019/10/10,0,"9,9",30
Select Home Town Hall,1648016,Apartamentos,Valencia,1,1,€ 220,2019/10/09,2019/10/10,0,"7,3",30
Ruzafa Apartments,1431031,Apartamentos,Valencia,1,1,€ 290,2019/10/09,2019/10/10,0,"7,1",30
MD Puerto Rico Apartment Ruzafa,3737151,Apartamento,Valencia,1,1,€ 329,2019/10/09,2019/10/10,0,"7,4",30
City Suites Apartments,3091106,NA,Valencia,1,1,€ 70,2019/10/09,2019/10/10,0,"8,4",30
MD Olivereta Apartment,3783665,Apartamento,Valencia,1,1,€ 390,2019/10/09,2019/10/10,0,"7,3",30
Habitación Despuig,4901343,NA,Valencia,1,1,€ 25,2019/10/09,2019/10/10,0,"6,8",30
Sol Playa,12656,NA,Valencia,1,1,€ 70,2019/10/09,2019/10/10,2,"8,3",30
B&B Hi Valencia Canovas,305349,NA,Valencia,1,1,€ 71,2019/10/09,2019/10/10,0,"8,4",30
Guest House Lebon,3124256,NA,Valencia,1,1,€ 35,2019/10/09,2019/10/10,0,"6,9",30
SHF Flats Baron,1033085,Apartamentos,Valencia,1,1,€ 73,2019/10/09,2019/10/10,0,8,30
Residencia Universitaria Damia Bonet,247451,NA,Valencia,1,1,€ 75,2019/10/09,2019/10/10,0,"8,3",30
Olympia Flats,4212801,NA,Valencia,1,1,NA,2019/10/09,2019/10/10,0,"9,7",30
NH Valencia Las Ciencias,90725,NA,Valencia,1,1,€ 76,2019/10/09,2019/10/10,3,8,30
Ruzafa Rooms,2891693,NA,Valencia,1,1,€ 36,2019/10/09,2019/10/10,0,"6,9",30
Hotel Medium Valencia,96838,NA,Valencia,1,1,€ 77,2019/10/09,2019/10/10,4,"8,2",30
Habitación con cama doble,4794909,NA,Valencia,1,1,€ 36,2019/10/09,2019/10/10,0,"6,7",30
Holiday Inn Express Ciudad de las Ciencias,96737,NA,Valencia,1,1,€ 77,2019/10/09,2019/10/10,3,8,30
Sweet Hotel Renasa,274818,NA,Valencia,1,1,€ 79,2019/10/09,2019/10/10,3,8,30
PISO ACOGEDOR,4995780,NA,Valencia,1,1,€ 50,2019/10/09,2019/10/10,0,"6,9",30
Apartment Valencia Denia,1968489,Apartamentos,Valencia,1,1,€ 69,2019/10/09,2019/10/10,0,"6,7",30
Nanit Valencia Hostel,3913497,NA,Valencia,1,1,€ 79,2019/10/09,2019/10/10,0,"8,3",30
Casita Esmeralda,2040126,Casa o chalet,Valencia,1,1,€ 114,2019/10/09,2019/10/10,0,"6,5",30
Miresa flats,5300418,Apartamento,Valencia,1,1,€ 125,2019/10/09,2019/10/10,0,"6,9",30
VIVIENDA DISEÑO CON JARDÍN INTERIOR,4314054,Apartamento,Valencia,1,1,NA,2019/10/09,2019/10/10,0,"9,7",30
Ilunion Valencia 4,754329,NA,Valencia,1,1,€ 79,2019/10/09,2019/10/10,4,"8,1",30
Ático cerca del mar,4040503,Apartamento,Valencia,1,1,€ 80,2019/10/09,2019/10/10,0,"8,3",30
Fun and Sun Center 2,2944416,NA,Valencia,1,1,€ 36,2019/10/09,2019/10/10,0,"6,1",30
Loft Central Market - Tapas,3187998,Apartamentos,Valencia,1,1,€ 88,2019/10/09,2019/10/10,0,"6,4",30
Happy Apartments Valencia,456043,Apartamentos,Valencia,1,1,€ 81,2019/10/09,2019/10/10,0,"8,2",30
NH Ciudad de Valencia,90729,NA,Valencia,1,1,€ 82,2019/10/09,2019/10/10,3,"8,1",30
Kirei Apartment Denver,4585191,Apartamento,Valencia,1,1,€ 137,2019/10/09,2019/10/10,0,"6,3",30
Kirei Apartment San Agustin,1712323,Apartamentos,Valencia,1,1,€ 161,2019/10/09,2019/10/10,0,6,30
RoomTuristValencia - Ruzafa,4608394,NA,Valencia,1,1,€ 26,2019/10/09,2019/10/10,0,"5,6",30
Guest House Higinio Noja,2845935,NA,Valencia,1,1,€ 30,2019/10/09,2019/10/10,0,"5,9",30
Duplex+Swimming pool+private entrance=Housen of LOVE,2999152,Apartamento,Valencia,1,1,NA,2019/10/09,2019/10/10,0,"9,5",30
Ruzafa Guesthouse,2269176,NA,Valencia,1,1,€ 30,2019/10/09,2019/10/10,0,"5,6",30
Valencia B&B,2658386,NA,Valencia,1,1,€ 59,2019/10/09,2019/10/10,0,"5,7",30
Carrer del Bisbe Jaume Pérez,4900140,NA,Valencia,1,1,€ 60,2019/10/09,2019/10/10,0,"5,9",30
Oliver,4865093,NA,Valencia,1,1,€ 73,2019/10/09,2019/10/10,0,"5,8",30
Kirei Apartment Portland,4276529,Apartamentos,Valencia,1,1,€ 200,2019/10/09,2019/10/10,0,"5,9",30
Guest House Duc de Gaeta,2275007,NA,Valencia,1,1,€ 28,2019/10/09,2019/10/10,0,5,30
Fun&Happy VLC Center,3542906,Apartamento,Valencia,1,1,NA,2019/10/09,2019/10/10,0,"9,3",30
Guest House Torres de Quart,2275006,NA,Valencia,1,1,€ 30,2019/10/09,2019/10/10,0,"5,3",30
Kirei Apartment Berlin,4504570,Apartamentos,Valencia,1,1,€ 103,2019/10/09,2019/10/10,0,"5,4",30
RoomTuristValencia Torres de Quart,4565643,NA,Valencia,1,1,€ 25,2019/10/09,2019/10/10,0,"4,5",30
Guesthouse Plaza de Toros,2985902,NA,Valencia,1,1,€ 33,2019/10/09,2019/10/10,0,"4,9",30
RoomTuristValencia RuzafaSumsi,4682802,NA,Valencia,1,1,€ 35,2019/10/09,2019/10/10,0,"4,6",30
Port of Valencia,3805735,Apartamento,Valencia,1,1,€ 79,2019/10/09,2019/10/10,0,"4,9",30
Malvarosa,3820590,Apartamento,Valencia,1,1,€ 120,2019/10/09,2019/10/10,0,"4,1",30
Constitucion Guesthouse,2985942,NA,Valencia,1,1,€ 30,2019/10/09,2019/10/10,0,"3,5",30
Apartamento Islas Canarias,2304086,Apartamento,Valencia,1,1,€ 62,2019/10/09,2019/10/10,0,"3,8",30
Aventura,5567318,Apartamentos,Valencia,1,1,€ 40,2019/10/09,2019/10/10,0,,30
Bright room with trundle bed,5560260,NA,Valencia,1,1,€ 46,2019/10/09,2019/10/10,0,,30
vosotros sereis parte de mi familia.,5299568,NA,Valencia,1,1,€ 50,2019/10/09,2019/10/10,0,,30
Habitación en casa particular con preciosa terraza,5559993,NA,Valencia,1,1,€ 51,2019/10/09,2019/10/10,0,,30
Rooms El Picolino,5326859,NA,Valencia,1,1,€ 52,2019/10/09,2019/10/10,0,,30
Attic Rooms in Botánico,5522932,NA,Valencia,1,1,€ 55,2019/10/09,2019/10/10,0,,30
Hogar Dulce Hogar,5426607,NA,Valencia,1,1,€ 60,2019/10/09,2019/10/10,0,,30
Comfort Homestay,5423155,NA,Valencia,1,1,€ 67,2019/10/09,2019/10/10,0,,30
Rio Turia B&B,5531073,NA,Valencia,1,1,€ 68,2019/10/09,2019/10/10,0,,30
