name,propertyId,propertyType,city,rooms,days,price,checkIn,checkOut,stars,score,advance
casa la tranquilidad,5516825,NA,Valencia,1,1,€ 120,2019/09/16,2019/09/17,0,,7
Valencia Apartamentos DEL MAR,5421626,Apartamento,Valencia,1,1,€ 135,2019/09/16,2019/09/17,0,,7
Centro en Valencia,2885222,Apartamento,Valencia,1,1,NA,2019/09/16,2019/09/17,0,"9,4",7
CASA MARQUES DE CARO,4472176,Apartamento,Valencia,1,1,€ 139,2019/09/16,2019/09/17,0,,7
CATHEDRAL MODERN 2BR- 1BA- WIFI- A\C- BALCONY,5263725,Apartamento,Valencia,1,1,€ 149,2019/09/16,2019/09/17,0,,7
Valencia Puerto Beach 3BD Apartment,5249773,Apartamento,Valencia,1,1,€ 192,2019/09/16,2019/09/17,0,,7
"Flat ""Ca Alexandre""",3687859,Apartamento,Valencia,1,1,€ 200,2019/09/16,2019/09/17,0,,7
Governor Residence,3799760,Apartahotel,Valencia,1,1,€ 600,2019/09/16,2019/09/17,0,,7
Gulet Why Not,5199364,NA,Valencia,1,1,€ 3.600,2019/09/16,2019/09/17,0,,7
Nest Style Valencia -Nueva apertura-,5219046,NA,Valencia,1,1,€ 77,2019/09/16,2019/09/17,3,"9,6",7
Valencian Dreams,3268804,Apartamento,Valencia,1,1,€ 82,2019/09/16,2019/09/17,0,"9,8",7
Brisa Mare Nostrum,2855311,Apartamento,Valencia,1,1,€ 140,2019/09/16,2019/09/17,0,"9,3",7
MerKat-Abastos,1231196,Apartamento,Valencia,1,1,NA,2019/09/16,2019/09/17,0,"9,7",7
Opera House Valencia B&B,3533887,NA,Valencia,1,1,€ 108,2019/09/16,2019/09/17,0,"9,5",7
Ramirez Flats & Bar,4124528,Apartahotel,Valencia,1,1,€ 130,2019/09/16,2019/09/17,0,"9,5",7
Duplex+Swimming pool+private entrance=Housen of LOVE,2999152,Apartamento,Valencia,1,1,€ 135,2019/09/16,2019/09/17,0,"9,5",7
RUZAFA- CENTRO-A/C- WI-FI- PARKING,2885994,Apartamento,Valencia,1,1,€ 140,2019/09/16,2019/09/17,0,"9,7",7
15 Avinguda Mare Nostrum,4518973,Apartamento,Valencia,1,1,€ 145,2019/09/16,2019/09/17,0,"9,8",7
Luxury Beach House,3602594,Casa o chalet,Valencia,1,1,€ 330,2019/09/16,2019/09/17,0,"9,7",7
Apartments Downtown Valencia,2250421,Apartamentos,Valencia,1,1,NA,2019/09/16,2019/09/17,0,"9,6",7
Sorolla Centro,90896,NA,Valencia,1,1,€ 143,2019/09/16,2019/09/17,3,"9,1",7
El Corazon de Canovas,2634817,Apartamento,Valencia,1,1,NA,2019/09/16,2019/09/17,0,"9,6",7
Edificio Pentagono,4673669,Apartamento,Valencia,1,1,€ 145,2019/09/16,2019/09/17,0,"9,1",7
Art&Flats Bed&Breakfast,5238345,NA,Valencia,1,1,€ 26,2019/09/16,2019/09/17,0,9,7
Cantagua Hostel,4074640,NA,Valencia,1,1,€ 44,2019/09/16,2019/09/17,0,"9,1",7
Habitación privada a 1500 metros de la playa,3789910,NA,Valencia,1,1,€ 60,2019/09/16,2019/09/17,0,"9,2",7
MD Design Hotel - Portal del Real,2391685,NA,Valencia,1,1,€ 145,2019/09/16,2019/09/17,2,"9,1",7
The Flow House,4762375,Apartamentos,Valencia,1,1,€ 146,2019/09/16,2019/09/17,0,"9,4",7
Apartamentos La más Bonita,2816245,Apartamentos,Valencia,1,1,€ 149,2019/09/16,2019/09/17,0,"9,1",7
Apartamento para 10 personas,5029963,Apartamento,Valencia,1,1,€ 150,2019/09/16,2019/09/17,0,"7,3",7
Select Home Catedral,440778,Apartamentos,Valencia,1,1,€ 150,2019/09/16,2019/09/17,0,"7,1",7
Apartamento playa Las Arenas,2978246,Apartamento,Valencia,1,1,NA,2019/09/16,2019/09/17,0,"9,4",7
Select Home Town Hall,1648016,Apartamentos,Valencia,1,1,€ 160,2019/09/16,2019/09/17,0,"7,3",7
Valencia Boutique Ayuntamiento,343355,Apartamentos,Valencia,1,1,€ 200,2019/09/16,2019/09/17,0,"7,2",7
Loyola Room Habitación en Piso Compartido,3298489,NA,Valencia,1,1,€ 30,2019/09/16,2019/09/17,0,"6,8",7
Guest House Lebon,3124256,NA,Valencia,1,1,€ 35,2019/09/16,2019/09/17,0,"6,9",7
Sweet Caroline Apartment,1811784,Apartamento,Valencia,1,1,€ 150,2019/09/16,2019/09/17,0,"9,2",7
B BEACH VALENCIA,5125954,Apartamento,Valencia,1,1,€ 150,2019/09/16,2019/09/17,0,9,7
Apartment Sofi,2830696,Apartamento,Valencia,1,1,NA,2019/09/16,2019/09/17,0,"9,8",7
Duplex en Blasco Ibáñez,3672426,Apartamento,Valencia,1,1,€ 155,2019/09/16,2019/09/17,0,"9,1",7
MYR Hotel Plaza Mercado & Spa,1619029,Apartahotel,Valencia,1,1,€ 169,2019/09/16,2019/09/17,0,"9,2",7
Habitación con cama doble,4794909,NA,Valencia,1,1,€ 36,2019/09/16,2019/09/17,0,"6,7",7
Geography and Arts.,3569110,NA,Valencia,1,1,€ 46,2019/09/16,2019/09/17,0,"6,9",7
Mr Flats Valencia,2232363,Apartamentos,Valencia,1,1,NA,2019/09/16,2019/09/17,0,9,7
Kirei Apartment Na Jordana,1702092,Apartamentos,Valencia,1,1,€ 101,2019/09/16,2019/09/17,0,"6,9",7
Miresa flats,5300418,Apartamento,Valencia,1,1,€ 125,2019/09/16,2019/09/17,0,"6,9",7
Hotel Boutique Balandret,1281710,NA,Valencia,1,1,€ 170,2019/09/16,2019/09/17,3,"9,2",7
Zerka Sendra,4657122,Apartamento,Valencia,1,1,€ 179,2019/09/16,2019/09/17,0,9,7
MARQUÉS HOUSE 4* SUP,2118880,NA,Valencia,1,1,€ 184,2019/09/16,2019/09/17,4,"9,4",7
YourPlace apartments Mercado Central,2933554,Apartamentos,Valencia,1,1,€ 186,2019/09/16,2019/09/17,0,9,7
Apartments Torres de Serranos Valencia,1099602,Apartamentos,Valencia,1,1,NA,2019/09/16,2019/09/17,0,"9,6",7
Friendly Rentals Rey,1634248,Apartamento,Valencia,1,1,€ 190,2019/09/16,2019/09/17,0,9,7
ARENAS 2 APARTAMENT,2808815,Apartamento,Valencia,1,1,€ 200,2019/09/16,2019/09/17,0,"9,1",7
Cozy apartment in Valencia center,3402135,Apartamentos,Valencia,1,1,€ 208,2019/09/16,2019/09/17,0,"9,2",7
València Centre Torres de Quart,886289,Apartamentos,Valencia,1,1,€ 85,2019/09/16,2019/09/17,0,"8,9",7
Apartamentos Plaza Picasso,97063,Apartamentos,Valencia,1,1,€ 89,2019/09/16,2019/09/17,0,"8,5",7
Casa La Buhardilla,2985364,Apartamento,Valencia,1,1,NA,2019/09/16,2019/09/17,0,"9,6",7
APARTAMENTO LAS MELLIZAS,4651578,NA,Valencia,1,1,€ 45,2019/09/16,2019/09/17,0,"8,5",7
Perla Apartments,3146781,Apartamentos,Valencia,1,1,€ 90,2019/09/16,2019/09/17,0,"8,8",7
YOU & CO. Saler Beach Boutique,4533007,NA,Valencia,1,1,€ 66,2019/09/16,2019/09/17,3,"9,1",7
Una Ubicacion Perfecta,3114164,Apartamentos,Valencia,1,1,€ 68,2019/09/16,2019/09/17,0,"9,1",7
Magnífico Adosado- cerca de Valencia ciudad- en zona de montaña y playa fluvial,5354233,Casa o chalet,Valencia,1,1,€ 72,2019/09/16,2019/09/17,0,"9,1",7
Central Park Apartment Valencia,3881533,Apartamento,Valencia,1,1,NA,2019/09/16,2019/09/17,0,"9,6",7
Boutique Creative Rooms,2334726,NA,Valencia,1,1,€ 90,2019/09/16,2019/09/17,0,"8,7",7
Casa de Maria,2467712,Apartamento,Valencia,1,1,€ 90,2019/09/16,2019/09/17,0,"8,5",7
Ad Hoc Carmen,1173270,NA,Valencia,1,1,€ 93,2019/09/16,2019/09/17,2,"8,9",7
Casita Esmeralda,2040126,Casa o chalet,Valencia,1,1,€ 139,2019/09/16,2019/09/17,0,"6,5",7
Select Home Boutique Center,387770,Apartamentos,Valencia,1,1,€ 180,2019/09/16,2019/09/17,0,"6,9",7
Select Home Mercado Central,440757,Apartamentos,Valencia,1,1,€ 300,2019/09/16,2019/09/17,0,"6,5",7
Fun and Sun Center 2,2944416,NA,Valencia,1,1,€ 45,2019/09/16,2019/09/17,0,"6,1",7
One Shot Colón 46,1394168,NA,Valencia,1,1,€ 95,2019/09/16,2019/09/17,3,"8,7",7
Disfruta - Enjoy Valencia Oceanografic,4121345,Apartamento,Valencia,1,1,NA,2019/09/16,2019/09/17,0,"9,6",7
Studios Las Arenas,444155,Apartamentos,Valencia,1,1,NA,2019/09/16,2019/09/17,0,9,7
Loft Central Market - Tapas,3187998,Apartamentos,Valencia,1,1,€ 102,2019/09/16,2019/09/17,0,"6,4",7
Kirei Apartment San Agustin,1712323,Apartamentos,Valencia,1,1,€ 103,2019/09/16,2019/09/17,0,6,7
Original Domino House,5434091,NA,Valencia,1,1,€ 75,2019/09/16,2019/09/17,0,"9,2",7
Blanq Comedias,4922002,NA,Valencia,1,1,€ 77,2019/09/16,2019/09/17,0,"9,1",7
Apartamento bianca,3205847,Apartamento,Valencia,1,1,€ 80,2019/09/16,2019/09/17,0,"9,2",7
Palau de Palomar,471283,Apartamentos,Valencia,1,1,€ 85,2019/09/16,2019/09/17,0,"9,1",7
Kirei Apartment Denver,4585191,Apartamento,Valencia,1,1,€ 137,2019/09/16,2019/09/17,0,"6,3",7
RoomTuristValencia - Ruzafa,4608394,NA,Valencia,1,1,€ 30,2019/09/16,2019/09/17,0,"5,6",7
Ruzafa Guesthouse,2269176,NA,Valencia,1,1,€ 33,2019/09/16,2019/09/17,0,"5,6",7
Carrer del Bisbe Jaume Pérez,4900140,NA,Valencia,1,1,€ 55,2019/09/16,2019/09/17,0,"5,9",7
Dormavalencia Hostel Regne,291755,NA,Valencia,1,1,€ 94,2019/09/16,2019/09/17,1,8,7
Eurostars Gran Valencia,90484,NA,Valencia,1,1,€ 95,2019/09/16,2019/09/17,4,"8,4",7
MAR Y SOL,4652261,Apartamento,Valencia,1,1,NA,2019/09/16,2019/09/17,0,"9,5",7
Casual Vintage Valencia,1710241,NA,Valencia,1,1,€ 97,2019/09/16,2019/09/17,2,"8,6",7
Casual del Cine Valencia,572187,NA,Valencia,1,1,€ 98,2019/09/16,2019/09/17,2,"8,6",7
Valenciaflats Centro Histórico,94781,Apartamentos,Valencia,1,1,€ 99,2019/09/16,2019/09/17,0,"8,7",7
Loft Superior el Carmen,2784473,Apartamento,Valencia,1,1,€ 209,2019/09/16,2019/09/17,0,"9,2",7
NH Collection Colón Valencia,3828811,NA,Valencia,1,1,€ 210,2019/09/16,2019/09/17,4,"9,2",7
Vincci Mercat,1279484,NA,Valencia,1,1,€ 220,2019/09/16,2019/09/17,4,9,7
Valencia Just in the Middle,2965508,Apartamento,Valencia,1,1,NA,2019/09/16,2019/09/17,0,"9,9",7
Apartamento Giorgeta,2580538,Apartamento,Valencia,1,1,NA,2019/09/16,2019/09/17,0,9,7
Home Sweet Home,1223953,NA,Valencia,1,1,€ 60,2019/09/16,2019/09/17,0,"5,5",7
Oliver,4865093,NA,Valencia,1,1,€ 73,2019/09/16,2019/09/17,0,"5,8",7
Apartamento cerca de la Playa y el Centro,2620264,Apartamento,Valencia,1,1,€ 88,2019/09/16,2019/09/17,0,9,7
La casita de Palomar,2132386,Apartamentos,Valencia,1,1,€ 89,2019/09/16,2019/09/17,0,"9,4",7
Kirei Apartment Portland,4276529,Apartamentos,Valencia,1,1,€ 155,2019/09/16,2019/09/17,0,"5,9",7
Guest House Duc de Gaeta,2275007,NA,Valencia,1,1,€ 33,2019/09/16,2019/09/17,0,5,7
RoomTuristValencia Estacion del Norte,4682632,NA,Valencia,1,1,€ 35,2019/09/16,2019/09/17,0,"5,3",7
Valenciaflats Mercado Central,307677,Apartamentos,Valencia,1,1,€ 99,2019/09/16,2019/09/17,0,"8,9",7
BUBUFLATS / Mercat,783206,Apartamentos,Valencia,1,1,€ 100,2019/09/16,2019/09/17,0,"8,9",7
Sercotel Sorolla Palace,93646,NA,Valencia,1,1,€ 100,2019/09/16,2019/09/17,4,"8,6",7
Charming Ninetta,3220582,Apartamento,Valencia,1,1,NA,2019/09/16,2019/09/17,0,"9,5",7
Arena's Apartament,2156905,Apartamento,Valencia,1,1,€ 225,2019/09/16,2019/09/17,0,"9,1",7
Ca Carmela,2466364,Casa o chalet,Valencia,1,1,€ 225,2019/09/16,2019/09/17,0,9,7
Las Arenas Balneario Resort,91144,NA,Valencia,1,1,€ 230,2019/09/16,2019/09/17,5,9,7
Mon Suites San Martin,2777545,Apartamentos,Valencia,1,1,€ 330,2019/09/16,2019/09/17,0,"9,4",7
El Palacete Gran Via,3483148,NA,Valencia,1,1,€ 103,2019/09/16,2019/09/17,0,"8,9",7
Rooms Ciencias,94126,NA,Valencia,1,1,€ 105,2019/09/16,2019/09/17,0,"8,9",7
Hotel Malcom and Barret,483261,NA,Valencia,1,1,€ 105,2019/09/16,2019/09/17,3,"8,7",7
Old Fisherman's House in Malvarrosa Beach,3618172,Apartamento,Valencia,1,1,€ 346,2019/09/16,2019/09/17,0,"9,4",7
Silken Puerta Valencia,91182,NA,Valencia,1,1,€ 95,2019/09/16,2019/09/17,4,"8,3",7
Apartamento Cuatro Carreres,2743149,Apartamento,Valencia,1,1,€ 95,2019/09/16,2019/09/17,0,"8,2",7
Primus Valencia,331871,NA,Valencia,1,1,€ 96,2019/09/16,2019/09/17,4,"8,3",7
Hotel Medium Valencia,96838,NA,Valencia,1,1,€ 99,2019/09/16,2019/09/17,4,"8,2",7
SHF Flats Baron,1033085,Apartamentos,Valencia,1,1,€ 100,2019/09/16,2019/09/17,0,8,7
Reina 12,1684198,NA,Valencia,1,1,€ 100,2019/09/16,2019/09/17,0,"8,2",7
Apartamento Ciencias y Justicia,3825841,Apartamento,Valencia,1,1,NA,2019/09/16,2019/09/17,0,"9,6",7
SKY TOURISTIC ATTIC,281640,Apartamentos,Valencia,1,1,€ 108,2019/09/16,2019/09/17,0,"8,5",7
Flatsforyou Marina,1793012,Apartamentos,Valencia,1,1,€ 110,2019/09/16,2019/09/17,0,"8,6",7
New Trendy apartment,2426154,Apartamento,Valencia,1,1,€ 110,2019/09/16,2019/09/17,0,"8,7",7
NWT Central Station Apartments,3964093,Apartamento,Valencia,1,1,€ 104,2019/09/16,2019/09/17,0,"8,2",7
Flatsforyou Las Arcadias,473415,Apartamentos,Valencia,1,1,€ 104,2019/09/16,2019/09/17,0,"8,4",7
Valenciaflats Torres de Serrano,17468,Apartamentos,Valencia,1,1,€ 105,2019/09/16,2019/09/17,0,"8,3",7
Eurostars Rey Don Jaime,91520,NA,Valencia,1,1,€ 107,2019/09/16,2019/09/17,4,"8,2",7
Sweet Hotel Continental,93856,NA,Valencia,1,1,€ 109,2019/09/16,2019/09/17,2,"8,3",7
MD Modern Hotel - Jardines,305447,NA,Valencia,1,1,€ 114,2019/09/16,2019/09/17,1,"8,2",7
Casa Chenano,4262208,Apartamento,Valencia,1,1,NA,2019/09/16,2019/09/17,0,"9,5",7
Senator Parque Central Hotel,274963,NA,Valencia,1,1,€ 114,2019/09/16,2019/09/17,4,"8,1",7
Friendly Rentals Puerto Deportivo,2317861,Apartamentos,Valencia,1,1,€ 115,2019/09/16,2019/09/17,0,"8,1",7
NH Ciudad de Valencia,90729,NA,Valencia,1,1,€ 116,2019/09/16,2019/09/17,3,"8,1",7
Hotel Valencia Center,91285,NA,Valencia,1,1,€ 119,2019/09/16,2019/09/17,4,"8,4",7
Flatsforyou Petit Bonaire,455152,Apartamentos,Valencia,1,1,€ 120,2019/09/16,2019/09/17,0,"8,3",7
Friendly Rentals Pergolesi,1634240,Apartamento,Valencia,1,1,€ 125,2019/09/16,2019/09/17,0,"8,4",7
Central apartment,4597029,Apartamento,Valencia,1,1,NA,2019/09/16,2019/09/17,0,"9,5",7
Tryp Valencia Feria,92852,NA,Valencia,1,1,€ 126,2019/09/16,2019/09/17,4,"8,4",7
NH Valencia Center,90727,NA,Valencia,1,1,€ 127,2019/09/16,2019/09/17,4,"8,3",7
Sweet Hotel Renasa,274818,NA,Valencia,1,1,€ 129,2019/09/16,2019/09/17,3,8,7
Zerka Centro,4425975,Apartamentos,Valencia,1,1,€ 129,2019/09/16,2019/09/17,0,"8,3",7
Hotel Conqueridor,91047,NA,Valencia,1,1,€ 130,2019/09/16,2019/09/17,4,"8,4",7
Habitacion por dias Centro Valencia,3977106,NA,Valencia,1,1,€ 60,2019/09/16,2019/09/17,0,"7,9",7
Centro & Viaje,4215175,NA,Valencia,1,1,€ 68,2019/09/16,2019/09/17,0,"7,6",7
ApartUP Rojas Market,4887857,Apartamento,Valencia,1,1,NA,2019/09/16,2019/09/17,0,"9,5",7
United Colors of Studios - Mercado Central,2574108,Apartamentos,Valencia,1,1,€ 69,2019/09/16,2019/09/17,0,"7,9",7
B&B Hotel Valencia Ciudad de las Ciencias,92242,NA,Valencia,1,1,€ 71,2019/09/16,2019/09/17,3,"7,5",7
Living Valencia - Jardín del Turia,333591,Apartamentos,Valencia,1,1,€ 72,2019/09/16,2019/09/17,0,"7,7",7
Jero Rooms,296743,NA,Valencia,1,1,€ 77,2019/09/16,2019/09/17,0,"7,7",7
Checkin Valencia,93743,NA,Valencia,1,1,€ 80,2019/09/16,2019/09/17,4,"7,8",7
Suites by Eric Olsan (L),4287413,Apartamentos,Valencia,1,1,€ 80,2019/09/16,2019/09/17,0,"7,6",7
VIVIENDA DISEÑO CON JARDÍN INTERIOR,4314054,Apartamento,Valencia,1,1,NA,2019/09/16,2019/09/17,0,"9,7",7
City Center Apartments,4426057,Apartamentos,Valencia,1,1,€ 81,2019/09/16,2019/09/17,0,"7,8",7
Expo Hotel Valencia,91223,NA,Valencia,1,1,€ 83,2019/09/16,2019/09/17,3,"7,6",7
Hotel Turia,14441,NA,Valencia,1,1,€ 85,2019/09/16,2019/09/17,4,"7,5",7
Ilunion Valencia 3,92818,NA,Valencia,1,1,€ 89,2019/09/16,2019/09/17,3,"7,9",7
Apartamento Angel Alcazar 35,2174625,Apartamento,Valencia,1,1,€ 90,2019/09/16,2019/09/17,0,"7,5",7
SEA YOU HOTEL PORT VALENCIA,92328,NA,Valencia,1,1,€ 92,2019/09/16,2019/09/17,4,"7,7",7
Apartamento Centrico - Viveros,2461987,Apartamento,Valencia,1,1,NA,2019/09/16,2019/09/17,0,"9,5",7
El 16 Ruzafa,865461,Apartamentos,Valencia,1,1,€ 94,2019/09/16,2019/09/17,0,"7,7",7
Apartment Florista,2150187,Apartamento,Valencia,1,1,€ 95,2019/09/16,2019/09/17,0,"7,9",7
YourPlace Apartments,2896608,Apartamentos,Valencia,1,1,€ 104,2019/09/16,2019/09/17,0,"7,6",7
Oceanográfico Apartments & Spa,324918,Apartamentos,Valencia,1,1,€ 104,2019/09/16,2019/09/17,0,"7,6",7
Art of Dance Apartment Valencia,3732969,Apartamento,Valencia,1,1,€ 105,2019/09/16,2019/09/17,0,"7,7",7
Cosy Rooms Tapinería,371192,NA,Valencia,1,1,€ 117,2019/09/16,2019/09/17,2,"7,5",7
Ruzafa Viva,4475954,Apartamento,Valencia,1,1,NA,2019/09/16,2019/09/17,0,"9,5",7
STYLISH APARTMENT - CITY CENTER,2861517,Apartamento,Valencia,1,1,€ 120,2019/09/16,2019/09/17,0,"7,8",7
Hotel Beleret,94652,NA,Valencia,1,1,€ 131,2019/09/16,2019/09/17,3,"7,6",7
Old Town Flats Casa Burguerini,4552106,Apartamentos,Valencia,1,1,€ 136,2019/09/16,2019/09/17,0,"7,7",7
Kirei Apartment Calgary,4768322,Apartamento,Valencia,1,1,€ 137,2019/09/16,2019/09/17,0,"7,6",7
El Globo,24498,NA,Valencia,1,1,€ 144,2019/09/16,2019/09/17,1,"7,8",7
Apartamento Gran Vía Marqués del Turia,2358973,Apartamento,Valencia,1,1,€ 148,2019/09/16,2019/09/17,0,"8,5",7
Hotel Dimar,90886,NA,Valencia,1,1,€ 149,2019/09/16,2019/09/17,4,"8,7",7
Colón Market Downtown,4607745,Apartamento,Valencia,1,1,NA,2019/09/16,2019/09/17,0,"9,7",7
ABCyou Bed&Breakfast,189207,NA,Valencia,1,1,€ 149,2019/09/16,2019/09/17,0,"8,5",7
Friendly Rentals Montaner Beach,2314997,Apartamento,Valencia,1,1,€ 150,2019/09/16,2019/09/17,0,"8,8",7
AC Hotel Valencia- a Marriott Lifestyle Hotel,91063,NA,Valencia,1,1,€ 156,2019/09/16,2019/09/17,4,"8,5",7
Ilunion Aqua 4,92777,NA,Valencia,1,1,€ 158,2019/09/16,2019/09/17,4,"8,5",7
AC Hotel Colon Valencia- a Marriott Lifestyle Hotel,1117150,NA,Valencia,1,1,€ 162,2019/09/16,2019/09/17,4,"8,7",7
Hotel Neptuno,91206,NA,Valencia,1,1,€ 162,2019/09/16,2019/09/17,4,"8,5",7
Lounge by the sea,4756780,Apartamento,Valencia,1,1,NA,2019/09/16,2019/09/17,0,"9,8",7
Friendly Rentals Gala,1634252,Apartamento,Valencia,1,1,€ 175,2019/09/16,2019/09/17,0,"8,8",7
Vincci Palace,94163,NA,Valencia,1,1,€ 176,2019/09/16,2019/09/17,4,"8,6",7
Pio XII Apartments Valencia,402080,Apartamentos,Valencia,1,1,€ 180,2019/09/16,2019/09/17,0,"8,5",7
Puerta de Serranos,2734333,Apartamentos,Valencia,1,1,€ 185,2019/09/16,2019/09/17,0,"8,8",7
Friendly Rentals Vives 2,2523871,Apartamento,Valencia,1,1,€ 185,2019/09/16,2019/09/17,0,"8,6",7
Carlos & Ana,2079019,Apartamento,Valencia,1,1,€ 185,2019/09/16,2019/09/17,0,"8,9",7
Apartamento Forn dels Apòstols,3122008,Apartamento,Valencia,1,1,NA,2019/09/16,2019/09/17,0,"9,6",7
Vincci Lys,91183,NA,Valencia,1,1,€ 186,2019/09/16,2019/09/17,4,"8,9",7
SH Valencia Palace,91497,NA,Valencia,1,1,€ 200,2019/09/16,2019/09/17,5,"8,5",7
SH Ingles Boutique Hotel,92956,NA,Valencia,1,1,€ 210,2019/09/16,2019/09/17,4,"8,5",7
Select Home Mercado de Colón,2960845,Apartamentos,Valencia,1,1,€ 210,2019/09/16,2019/09/17,0,"8,9",7
SingularStays Parque Central,3054000,Apartamentos,Valencia,1,1,€ 215,2019/09/16,2019/09/17,0,"8,8",7
Hospes Palau de La Mar,93823,NA,Valencia,1,1,€ 292,2019/09/16,2019/09/17,5,"8,8",7
Ayuntamiento Panoramic,3089239,Apartamento,Valencia,1,1,NA,2019/09/16,2019/09/17,0,"9,5",7
The Westin Valencia,93321,NA,Valencia,1,1,€ 5.559,2019/09/16,2019/09/17,5,"8,7",7
Center Valencia Youth Hostel,246931,NA,Valencia,1,1,€ 24,2019/09/16,2019/09/17,0,8,7
Urban Youth Hostel,1163025,NA,Valencia,1,1,€ 30,2019/09/16,2019/09/17,0,"8,4",7
Habitación en piso compartido,5433175,NA,Valencia,1,1,€ 40,2019/09/16,2019/09/17,0,8,7
Habitacion en Valencia Barata,4861796,NA,Valencia,1,1,€ 45,2019/09/16,2019/09/17,0,"8,2",7
Valero Vintage,3315727,NA,Valencia,1,1,€ 48,2019/09/16,2019/09/17,0,8,7
Apartment Cisneros 2,2361375,Apartamento,Valencia,1,1,NA,2019/09/16,2019/09/17,0,"9,7",7
Hostal Abastos,257057,NA,Valencia,1,1,€ 50,2019/09/16,2019/09/17,2,"8,2",7
7 Moons Bed & Breakfast,464187,NA,Valencia,1,1,€ 51,2019/09/16,2019/09/17,0,"8,4",7
Como en casa,4802186,NA,Valencia,1,1,€ 54,2019/09/16,2019/09/17,0,"8,1",7
B&B Hi Valencia Canovas,305349,NA,Valencia,1,1,€ 55,2019/09/16,2019/09/17,0,"8,4",7
Pension MonaLisa Luxury Suites,3834224,NA,Valencia,1,1,€ 60,2019/09/16,2019/09/17,0,"8,2",7
Red Nest Hostel,92283,NA,Valencia,1,1,€ 61,2019/09/16,2019/09/17,0,"8,2",7
City Center Atico 360,3025679,Apartamento,Valencia,1,1,NA,2019/09/16,2019/09/17,0,"9,5",7
L'Otelet By Sweet,1467935,NA,Valencia,1,1,€ 64,2019/09/16,2019/09/17,0,"8,3",7
Purple Nest Hostel,25278,NA,Valencia,1,1,€ 67,2019/09/16,2019/09/17,0,"8,1",7
Happy Apartments Valencia,456043,Apartamentos,Valencia,1,1,€ 69,2019/09/16,2019/09/17,0,"8,2",7
Hotel Alkazar,408511,NA,Valencia,1,1,€ 69,2019/09/16,2019/09/17,1,8,7
Apartamentos Marina Beach,2661874,Apartamentos,Valencia,1,1,€ 70,2019/09/16,2019/09/17,0,"8,2",7
Palacios Rooms,2773548,NA,Valencia,1,1,€ 70,2019/09/16,2019/09/17,0,"8,3",7
Style Apartments Puerto,1558265,Apartamentos,Valencia,1,1,€ 72,2019/09/16,2019/09/17,0,"8,1",7
Apartamentos el Pilar,237104,Apartamentos,Valencia,1,1,€ 75,2019/09/16,2019/09/17,0,8,7
United Colors of Apartments - Catedral,1301545,Apartamentos,Valencia,1,1,€ 79,2019/09/16,2019/09/17,0,"8,2",7
Nanit Valencia Hostel,3913497,NA,Valencia,1,1,€ 79,2019/09/16,2019/09/17,0,"8,3",7
Dormavalencia Hostel,249585,NA,Valencia,1,1,€ 80,2019/09/16,2019/09/17,1,"8,2",7
Atico Ciutat Vella,3446230,Apartamentos,Valencia,1,1,€ 80,2019/09/16,2019/09/17,0,"8,4",7
Ilunion Valencia 4,754329,NA,Valencia,1,1,€ 80,2019/09/16,2019/09/17,4,"8,1",7
Living Valencia -Correos,3062274,Apartamentos,Valencia,1,1,€ 81,2019/09/16,2019/09/17,0,"8,3",7
Casual de las Artes Valencia,538056,NA,Valencia,1,1,€ 81,2019/09/16,2019/09/17,3,"8,4",7
NH Valencia Las Ciencias,90725,NA,Valencia,1,1,€ 88,2019/09/16,2019/09/17,3,8,7
Ilunion Aqua 3,92776,NA,Valencia,1,1,€ 89,2019/09/16,2019/09/17,3,"8,3",7
Holiday Inn Express Ciudad de las Ciencias,96737,NA,Valencia,1,1,€ 90,2019/09/16,2019/09/17,3,8,7
