name,propertyId,propertyType,city,rooms,days,price,checkIn,checkOut,stars,score,advance
"Flat ""Ca Alexandre""",3687859,Apartamento,Valencia,1,1,€ 200,2019/10/21,2019/10/22,0,,30
Apartment Carrer Ernesto Che Guevara,5598848,Apartamentos,Valencia,1,1,€ 211,2019/10/21,2019/10/22,0,,30
ApartUP L' Almoina,4220343,Apartamento,Valencia,1,1,NA,2019/10/21,2019/10/22,0,"9,7",30
Apartment Carrer de Don Juan de Austria,5464038,Apartamentos,Valencia,1,1,€ 275,2019/10/21,2019/10/22,0,,30
Governor Residence,3799760,Apartahotel,Valencia,1,1,€ 600,2019/10/21,2019/10/22,0,,30
Apartment Carrer de Cadis,5531328,Apartamentos,Valencia,1,1,€ 648,2019/10/21,2019/10/22,0,,30
Apartamento con terraza,5238122,Apartahotel,Valencia,1,1,€ 770,2019/10/21,2019/10/22,0,,30
Gulet Why Not,5199364,NA,Valencia,1,1,€ 3.000,2019/10/21,2019/10/22,0,,30
Colors Rooms,675839,NA,Valencia,1,1,€ 50,2019/10/21,2019/10/22,0,"9,6",30
LOFT apartamento duplex en Valencia con parking,5519008,Apartamento,Valencia,1,1,€ 65,2019/10/21,2019/10/22,0,"9,7",30
VALENCIA APARTAMENTO GOYA,4256653,Apartamento,Valencia,1,1,NA,2019/10/21,2019/10/22,0,10,30
Nest Style Valencia -Nueva apertura-,5219046,NA,Valencia,1,1,€ 68,2019/10/21,2019/10/22,3,"9,6",30
United Colors of Apartments Boutique Style,5372347,Apartamentos,Valencia,1,1,€ 79,2019/10/21,2019/10/22,0,"9,8",30
Hostal Antigua Morellana,1273937,NA,Valencia,1,1,€ 80,2019/10/21,2019/10/22,1,"9,5",30
Valencian Dreams,3268804,Apartamento,Valencia,1,1,€ 89,2019/10/21,2019/10/22,0,"9,8",30
Olympia Flats,4212801,NA,Valencia,1,1,€ 50,2019/10/21,2019/10/22,0,"9,8",30
Casa La Buhardilla,2985364,Apartamento,Valencia,1,1,€ 97,2019/10/21,2019/10/22,0,"9,6",30
BONNIES Suites & Spa Valencia,3631910,Apartamentos,Valencia,1,1,NA,2019/10/21,2019/10/22,0,"9,8",30
ÁTICO PTA 13 EN EL CENTRO DE VALENCIA VT-45727-T,4612077,Apartamento,Valencia,1,1,€ 100,2019/10/21,2019/10/22,0,"9,5",30
Ramirez Flats & Bar,4124528,Apartahotel,Valencia,1,1,€ 113,2019/10/21,2019/10/22,0,"9,5",30
Opera House Valencia B&B,3533887,NA,Valencia,1,1,€ 145,2019/10/21,2019/10/22,0,"9,5",30
Disfruta - Enjoy Valencia Oceanografic,4121345,Apartamento,Valencia,1,1,€ 145,2019/10/21,2019/10/22,0,"9,6",30
Ciudad Ciencias- Lujo- Parking- Wi-Fi.,4999636,Apartamento,Valencia,1,1,€ 150,2019/10/21,2019/10/22,0,"9,8",30
Disfruta - Enjoy Valencia Centre,3881970,Apartamento,Valencia,1,1,€ 169,2019/10/21,2019/10/22,0,"9,8",30
Barracart Apartments,2125836,Apartamentos,Valencia,1,1,NA,2019/10/21,2019/10/22,0,"9,6",30
Apartments Downtown Valencia,2250421,Apartamentos,Valencia,1,1,€ 190,2019/10/21,2019/10/22,0,"9,6",30
Chic and Central- in a lively but quiet area. All walking distance.,3649090,Apartamento,Valencia,1,1,€ 201,2019/10/21,2019/10/22,0,"9,6",30
The River Hostel,494202,NA,Valencia,1,1,€ 68,2019/10/21,2019/10/22,0,"8,5",30
Turia Town,4064373,Apartamentos,Valencia,1,1,€ 69,2019/10/21,2019/10/22,0,"8,8",30
Apartment Cisneros 2,2361375,Apartamento,Valencia,1,1,NA,2019/10/21,2019/10/22,0,"9,7",30
Carrer de l'Escriptor Rafael Ferreres,4267645,Apartamento,Valencia,1,1,€ 70,2019/10/21,2019/10/22,0,"8,6",30
Valencia maritimo,3020748,Apartamento,Valencia,1,1,€ 70,2019/10/21,2019/10/22,0,"8,9",30
Casa del Patriarca,364834,NA,Valencia,1,1,€ 71,2019/10/21,2019/10/22,0,"8,9",30
Host & Home,1663785,NA,Valencia,1,1,€ 73,2019/10/21,2019/10/22,0,"8,9",30
Luz de Valencia,2076095,Apartamentos,Valencia,1,1,€ 73,2019/10/21,2019/10/22,0,"8,8",30
València Centre Túria,2185255,Apartamento,Valencia,1,1,€ 75,2019/10/21,2019/10/22,0,"8,8",30
MARQUÉS HOUSE 4* SUP,2118880,NA,Valencia,1,1,€ 249,2019/10/21,2019/10/22,4,"9,5",30
MD PASEO RUZAFA CENTER,5374850,Apartamento,Valencia,1,1,€ 1.030,2019/10/21,2019/10/22,0,"9,5",30
Cantagua Hostel,4074640,NA,Valencia,1,1,€ 37,2019/10/21,2019/10/22,0,"9,1",30
YOU & CO. Saler Beach Boutique,4533007,NA,Valencia,1,1,€ 55,2019/10/21,2019/10/22,3,"9,1",30
Atico Loft Ruzafa,3152977,Apartamento,Valencia,1,1,NA,2019/10/21,2019/10/22,0,"9,7",30
Habitación privada a 1500 metros de la playa,3789910,NA,Valencia,1,1,€ 60,2019/10/21,2019/10/22,0,"9,3",30
Blanq Comedias,4922002,NA,Valencia,1,1,€ 63,2019/10/21,2019/10/22,0,"9,1",30
Una Ubicacion Perfecta,3114164,Apartamentos,Valencia,1,1,€ 65,2019/10/21,2019/10/22,0,"9,1",30
Centro en Valencia,2885222,Apartamento,Valencia,1,1,NA,2019/10/21,2019/10/22,0,"9,5",30
Ad Hoc Carmen,1173270,NA,Valencia,1,1,€ 76,2019/10/21,2019/10/22,2,"8,9",30
Habitación doble,3599930,NA,Valencia,1,1,€ 76,2019/10/21,2019/10/22,0,"8,9",30
Sercotel Sorolla Palace,93646,NA,Valencia,1,1,€ 78,2019/10/21,2019/10/22,4,"8,6",30
Valenciaflats Centro Histórico,94781,Apartamentos,Valencia,1,1,€ 78,2019/10/21,2019/10/22,0,"8,7",30
Balandra Flat,2032624,Apartamento,Valencia,1,1,€ 79,2019/10/21,2019/10/22,0,"8,7",30
B&B Hi Valencia Boutique,1301725,NA,Valencia,1,1,€ 79,2019/10/21,2019/10/22,0,"8,7",30
Apartment Plaza Cisneros,1273377,Apartamentos,Valencia,1,1,NA,2019/10/21,2019/10/22,0,"9,8",30
Rooms Ciencias,94126,NA,Valencia,1,1,€ 71,2019/10/21,2019/10/22,0,9,30
Magnífico Adosado- cerca de Valencia ciudad- en zona de montaña y playa fluvial,5354233,Casa o chalet,Valencia,1,1,€ 72,2019/10/21,2019/10/22,0,"9,1",30
Hotel Kramer,91106,NA,Valencia,1,1,€ 81,2019/10/21,2019/10/22,3,"8,8",30
Pio XII Apartments Valencia,402080,Apartamentos,Valencia,1,1,€ 81,2019/10/21,2019/10/22,0,"8,5",30
Suites by Eric Olsan (Florista),4726450,Apartamentos,Valencia,1,1,€ 82,2019/10/21,2019/10/22,0,"8,6",30
Center Venezuela Apartments,4459021,Apartamentos,Valencia,1,1,€ 83,2019/10/21,2019/10/22,0,"8,5",30
Hotel Sercotel Acteón Valencia,90495,NA,Valencia,1,1,€ 84,2019/10/21,2019/10/22,4,"8,5",30
Burjassot Mestalla,3058627,Apartamento,Valencia,1,1,€ 85,2019/10/21,2019/10/22,0,"8,6",30
So de Mar,2204496,Apartamento,Valencia,1,1,NA,2019/10/21,2019/10/22,0,"9,7",30
One Shot Colón 46,1394168,NA,Valencia,1,1,€ 86,2019/10/21,2019/10/22,3,"8,7",30
Boutique Creative Rooms,2334726,NA,Valencia,1,1,€ 86,2019/10/21,2019/10/22,0,"8,7",30
Blanq Carmen Hotel,97069,NA,Valencia,1,1,€ 86,2019/10/21,2019/10/22,3,"8,7",30
Hotel Valencia Oceanic Managed by Melia Hotels International,91522,NA,Valencia,1,1,€ 87,2019/10/21,2019/10/22,4,"8,6",30
Petit Palomar,2187491,Apartamentos,Valencia,1,1,€ 89,2019/10/21,2019/10/22,0,"8,9",30
Hotel Boutique Balandret,1281710,NA,Valencia,1,1,€ 114,2019/10/21,2019/10/22,3,"9,2",30
Mon Suites San Nicolas,4117225,Apartamentos,Valencia,1,1,€ 115,2019/10/21,2019/10/22,0,"9,2",30
Cool Loft Malvarrosa Beach,4309218,Apartamento,Valencia,1,1,NA,2019/10/21,2019/10/22,0,"9,7",30
Piso como en tu casa 2,3834617,Apartamentos,Valencia,1,1,€ 119,2019/10/21,2019/10/22,0,"9,2",30
Friendly Rentals Schubert,1634221,Apartamentos,Valencia,1,1,€ 120,2019/10/21,2019/10/22,0,9,30
Sorolla Centro,90896,NA,Valencia,1,1,€ 121,2019/10/21,2019/10/22,3,"9,1",30
Apartments Welcome to Valencia Peset Aleixandre 69,4964856,Apartamento,Valencia,1,1,€ 124,2019/10/21,2019/10/22,0,"9,1",30
Welcome Apartamentos Pintor Stolz 31 Valencia,5019066,Apartamento,Valencia,1,1,€ 127,2019/10/21,2019/10/22,0,"9,1",30
Live in Chianti Apartaments,2882632,Apartamentos,Valencia,1,1,€ 128,2019/10/21,2019/10/22,0,9,30
Colón Market Downtown,4607745,Apartamento,Valencia,1,1,NA,2019/10/21,2019/10/22,0,"9,7",30
Apartamentos Valencia - Peset Aleixandre 135- FREE WI-FI,4262488,Apartamentos,Valencia,1,1,€ 128,2019/10/21,2019/10/22,0,9,30
MD Design Hotel - Portal del Real,2391685,NA,Valencia,1,1,€ 128,2019/10/21,2019/10/22,2,"9,1",30
Apartamentos Wallace,1698355,Apartamentos,Valencia,1,1,€ 129,2019/10/21,2019/10/22,0,"9,2",30
Hostal Venecia,92883,NA,Valencia,1,1,€ 130,2019/10/21,2019/10/22,2,"9,1",30
HQ Rooms Apartments San Vicente,2894429,Apartamentos,Valencia,1,1,€ 135,2019/10/21,2019/10/22,0,"9,2",30
Loft zona Pechina en Valencia centro,2524985,Apartamento,Valencia,1,1,€ 138,2019/10/21,2019/10/22,0,"9,1",30
Valencia center,3168460,Apartamento,Valencia,1,1,NA,2019/10/21,2019/10/22,0,"9,8",30
Friendly Rentals Torrealba,1634243,Apartamento,Valencia,1,1,€ 140,2019/10/21,2019/10/22,0,"9,3",30
One Shot Mercat 09,2274203,NA,Valencia,1,1,€ 143,2019/10/21,2019/10/22,4,"9,1",30
Cozy apartment in Valencia center,3402135,Apartamentos,Valencia,1,1,€ 144,2019/10/21,2019/10/22,0,"9,2",30
Sweet Caroline Apartment,1811784,Apartamento,Valencia,1,1,€ 150,2019/10/21,2019/10/22,0,"9,2",30
Duplex en Blasco Ibáñez,3672426,Apartamento,Valencia,1,1,€ 155,2019/10/21,2019/10/22,0,"9,1",30
Edificio Pentagono,4673669,Apartamento,Valencia,1,1,€ 155,2019/10/21,2019/10/22,0,9,30
APARTMENTS VALENCIA CENTER,5180014,Apartamentos,Valencia,1,1,NA,2019/10/21,2019/10/22,0,"9,6",30
NH Collection Colón Valencia,3828811,NA,Valencia,1,1,€ 162,2019/10/21,2019/10/22,4,"9,2",30
MYR Hotel Plaza Mercado & Spa,1619029,Apartahotel,Valencia,1,1,€ 166,2019/10/21,2019/10/22,0,"9,2",30
WeRentVLC Charming Ruzafa,2839319,Apartamento,Valencia,1,1,€ 170,2019/10/21,2019/10/22,0,"9,2",30
Jardines del Turia - Espacioso apartamento,2734126,Apartamento,Valencia,1,1,€ 170,2019/10/21,2019/10/22,0,"9,1",30
Vincci Mercat,1279484,NA,Valencia,1,1,€ 178,2019/10/21,2019/10/22,4,9,30
Hotel Mediterraneo Valencia,92412,NA,Valencia,1,1,€ 111,2019/10/21,2019/10/22,3,"8,8",30
Les flors,3985046,Apartamento,Valencia,1,1,€ 111,2019/10/21,2019/10/22,0,"8,7",30
Espai One Santa Mónica,5471724,Apartamento,Valencia,1,1,NA,2019/10/21,2019/10/22,0,"9,8",30
Friendly Rentals Ravel I,1634234,Apartamento,Valencia,1,1,€ 115,2019/10/21,2019/10/22,0,"8,8",30
One Shot Palacio Reina Victoria 04,90885,NA,Valencia,1,1,€ 116,2019/10/21,2019/10/22,4,"8,6",30
Zenit Valencia,92327,NA,Valencia,1,1,€ 117,2019/10/21,2019/10/22,4,"8,8",30
Apartamentos Valencia - Brazil 31 Free WiFi,4948554,Apartamento,Valencia,1,1,€ 118,2019/10/21,2019/10/22,0,"8,8",30
ABCyou Bed&Breakfast,189207,NA,Valencia,1,1,€ 120,2019/10/21,2019/10/22,0,"8,5",30
Catalonia Excelsior,90578,NA,Valencia,1,1,€ 120,2019/10/21,2019/10/22,3,"8,7",30
Cómoda habitación Valencia,4200488,NA,Valencia,1,1,NA,2019/10/21,2019/10/22,0,"9,5",30
Isabel,4442066,Apartamento,Valencia,1,1,€ 122,2019/10/21,2019/10/22,0,"8,6",30
ValentiaApartments - MercadoCentral,4185241,Apartamentos,Valencia,1,1,€ 124,2019/10/21,2019/10/22,0,"8,8",30
Apartamento Sofia,2552406,Apartamento,Valencia,1,1,€ 130,2019/10/21,2019/10/22,0,"8,6",30
Apartments Plaza Ayuntamiento,3506736,Apartamento,Valencia,1,1,€ 130,2019/10/21,2019/10/22,0,"8,6",30
Friendly Rentals Verdi 2,2523881,Apartamento,Valencia,1,1,€ 130,2019/10/21,2019/10/22,0,"8,8",30
FREE WI-FI. Apartamentos 90 м2 - Assutzena 5,4828764,Apartamento,Valencia,1,1,€ 134,2019/10/21,2019/10/22,0,"8,7",30
AMAZING HOUSE- BEST LOCATION!,4728031,Apartamento,Valencia,1,1,NA,2019/10/21,2019/10/22,0,"9,7",30
SH Ingles Boutique Hotel,92956,NA,Valencia,1,1,€ 135,2019/10/21,2019/10/22,4,"8,5",30
Hotel El Siglo,1741479,NA,Valencia,1,1,€ 139,2019/10/21,2019/10/22,3,"8,5",30
Apartamento Gran Vía Marqués del Turia,2358973,Apartamento,Valencia,1,1,€ 144,2019/10/21,2019/10/22,0,"8,5",30
Hotel Neptuno,91206,NA,Valencia,1,1,€ 144,2019/10/21,2019/10/22,4,"8,5",30
Vincci Palace,94163,NA,Valencia,1,1,€ 149,2019/10/21,2019/10/22,4,"8,6",30
AC Hotel Valencia,91063,NA,Valencia,1,1,€ 149,2019/10/21,2019/10/22,4,"8,5",30
Homely Nest Valencia El Carme,3790877,Apartamento,Valencia,1,1,NA,2019/10/21,2019/10/22,0,"9,9",30
Friendly Rentals Ferrero,2314984,Apartamento,Valencia,1,1,€ 150,2019/10/21,2019/10/22,0,"8,8",30
Cathedral Suites Hotel,1736257,Apartahotel,Valencia,1,1,€ 159,2019/10/21,2019/10/22,4,"8,9",30
SH Valencia Palace,91497,NA,Valencia,1,1,€ 162,2019/10/21,2019/10/22,5,"8,5",30
Ilunion Aqua 4,92777,NA,Valencia,1,1,€ 177,2019/10/21,2019/10/22,4,"8,5",30
Vincci Lys,91183,NA,Valencia,1,1,€ 178,2019/10/21,2019/10/22,4,"8,9",30
Habitación con cama doble,4794909,NA,Valencia,1,1,€ 36,2019/10/21,2019/10/22,0,"6,7",30
Ruzafa Rooms,2891693,NA,Valencia,1,1,€ 45,2019/10/21,2019/10/22,0,"6,9",30
Casa Vich,4457634,Apartamento,Valencia,1,1,NA,2019/10/21,2019/10/22,0,"9,6",30
PISO ACOGEDOR,4995780,NA,Valencia,1,1,€ 50,2019/10/21,2019/10/22,0,"6,9",30
Geography and Arts.,3569110,NA,Valencia,1,1,€ 54,2019/10/21,2019/10/22,0,"6,9",30
Casita Esmeralda,2040126,Casa o chalet,Valencia,1,1,€ 114,2019/10/21,2019/10/22,0,"6,5",30
Miresa flats,5300418,Apartamento,Valencia,1,1,€ 125,2019/10/21,2019/10/22,0,"6,6",30
Guest House Higinio Noja,2845935,NA,Valencia,1,1,€ 30,2019/10/21,2019/10/22,0,6,30
Fun and Sun Center 2,2944416,NA,Valencia,1,1,€ 36,2019/10/21,2019/10/22,0,"6,1",30
Luxury Beach Apartment with Pool,3841868,Apartamento,Valencia,1,1,NA,2019/10/21,2019/10/22,0,"9,7",30
Carrer del Bisbe Jaume Pérez,4900140,NA,Valencia,1,1,€ 60,2019/10/21,2019/10/22,0,6,30
Kirei Apartment Denver,4585191,Apartamento,Valencia,1,1,€ 137,2019/10/21,2019/10/22,0,"6,2",30
Kirei Apartment San Agustin,1712323,Apartamentos,Valencia,1,1,€ 161,2019/10/21,2019/10/22,0,"6,1",30
RoomTuristValencia - Ruzafa,4608394,NA,Valencia,1,1,€ 25,2019/10/21,2019/10/22,0,"5,5",30
Ruzafa Guesthouse,2269176,NA,Valencia,1,1,€ 30,2019/10/21,2019/10/22,0,"5,6",30
Oliver,4865093,NA,Valencia,1,1,€ 63,2019/10/21,2019/10/22,0,"5,8",30
Casa Chenano,4262208,Apartamento,Valencia,1,1,NA,2019/10/21,2019/10/22,0,"9,5",30
Kirei Apartment Berlin,4504570,Apartamentos,Valencia,1,1,€ 103,2019/10/21,2019/10/22,0,"5,5",30
Valencia B&B,2658386,NA,Valencia,1,1,€ 129,2019/10/21,2019/10/22,0,"5,6",30
Kirei Apartment Portland,4276529,Apartamentos,Valencia,1,1,€ 200,2019/10/21,2019/10/22,0,"5,9",30
Guest House Torres de Quart,2275006,NA,Valencia,1,1,€ 30,2019/10/21,2019/10/22,0,"5,3",30
Guest House Ruzafa,2324552,NA,Valencia,1,1,€ 33,2019/10/21,2019/10/22,0,"5,2",30
Port of Valencia,3805735,Apartamento,Valencia,1,1,€ 79,2019/10/21,2019/10/22,0,"5,1",30
VALENCIA APARTAMENTO GOYA GRAN TERRAZA,4660558,Apartamento,Valencia,1,1,NA,2019/10/21,2019/10/22,0,"9,6",30
RoomTuristValencia Torres de Quart,4565643,NA,Valencia,1,1,€ 25,2019/10/21,2019/10/22,0,"4,6",30
Guest House Duc de Gaeta,2275007,NA,Valencia,1,1,€ 28,2019/10/21,2019/10/22,0,"4,9",30
Guesthouse Plaza de Toros,2985902,NA,Valencia,1,1,€ 33,2019/10/21,2019/10/22,0,"4,9",30
RoomTuristValencia RuzafaSumsi,4682802,NA,Valencia,1,1,€ 35,2019/10/21,2019/10/22,0,"4,6",30
Malvarosa,3820590,Apartamento,Valencia,1,1,€ 90,2019/10/21,2019/10/22,0,"4,1",30
Constitucion Guesthouse,2985942,NA,Valencia,1,1,€ 30,2019/10/21,2019/10/22,0,"3,5",30
Oceanografic Apartment,4903549,Apartamento,Valencia,1,1,NA,2019/10/21,2019/10/22,0,"9,5",30
Apartamento Islas Canarias,2304086,Apartamento,Valencia,1,1,€ 48,2019/10/21,2019/10/22,0,"3,8",30
Bright room with trundle bed,5560260,NA,Valencia,1,1,€ 46,2019/10/21,2019/10/22,0,,30
Attic Rooms in Botánico,5522932,NA,Valencia,1,1,€ 48,2019/10/21,2019/10/22,0,,30
Habitación privada con baño privado a 300 metros de la playa.,5587588,NA,Valencia,1,1,€ 49,2019/10/21,2019/10/22,0,,30
Aventura Valencia 2,5604325,NA,Valencia,1,1,€ 50,2019/10/21,2019/10/22,0,,30
vosotros sereis parte de mi familia.,5299568,NA,Valencia,1,1,€ 50,2019/10/21,2019/10/22,0,,30
15 Avinguda Mare Nostrum,4518973,Apartamento,Valencia,1,1,NA,2019/10/21,2019/10/22,0,"9,8",30
Rooms El Picolino,5326859,NA,Valencia,1,1,€ 52,2019/10/21,2019/10/22,0,,30
Apartamento cerca de la playa y de la ciudad,3372933,Apartamento,Valencia,1,1,€ 64,2019/10/21,2019/10/22,0,,30
Comfort Homestay,5423155,NA,Valencia,1,1,€ 67,2019/10/21,2019/10/22,0,,30
Bonito Apartamento- confortable y bien comunicado,5572090,Apartamento,Valencia,1,1,€ 68,2019/10/21,2019/10/22,0,,30
Florista's Room en Valencia,5502152,NA,Valencia,1,1,€ 70,2019/10/21,2019/10/22,0,,30
Habitación en Valencia,5477394,NA,Valencia,1,1,€ 72,2019/10/21,2019/10/22,0,,30
sueñavalencia,5603844,NA,Valencia,1,1,€ 75,2019/10/21,2019/10/22,0,,30
Loft Turia Gran,5133726,Apartamento,Valencia,1,1,€ 80,2019/10/21,2019/10/22,0,,30
PISO DE DISEÑO A 5 MIN ANDANDO DE LA PLAYA,5546265,Apartamento,Valencia,1,1,€ 95,2019/10/21,2019/10/22,0,,30
Hogar Dulce Hogar,5426607,NA,Valencia,1,1,€ 96,2019/10/21,2019/10/22,0,,30
Casa Adosada Quintero,5481770,Casa o chalet,Valencia,1,1,€ 99,2019/10/21,2019/10/22,0,,30
Apartamentos Artesa 22 Valencia,5546723,Apartamento,Valencia,1,1,€ 112,2019/10/21,2019/10/22,0,,30
Apartamento de 3 habitaciones junto al Rio Turia,3182157,Apartamento,Valencia,1,1,€ 115,2019/10/21,2019/10/22,0,,30
casa completa,5593030,Casa o chalet,Valencia,1,1,€ 119,2019/10/21,2019/10/22,0,,30
RAVALENCIA 4,3377937,Apartamento,Valencia,1,1,€ 124,2019/10/21,2019/10/22,0,,30
Duplex Rosario,5619328,Apartamento,Valencia,1,1,€ 125,2019/10/21,2019/10/22,0,,30
Kirei Apartment Dublin,4639542,Apartamento,Valencia,1,1,€ 137,2019/10/21,2019/10/22,0,,30
CALLE BAJA CIUTAT VELLA,3687463,Apartamento,Valencia,1,1,€ 170,2019/10/21,2019/10/22,0,,30
Zerka Centro,4425975,Apartamentos,Valencia,1,1,€ 129,2019/10/21,2019/10/22,0,"8,3",30
Patacona Beach Apartment,4533678,Apartamento,Valencia,1,1,€ 130,2019/10/21,2019/10/22,0,"8,3",30
Apartments Torres de Serranos Valencia,1099602,Apartamentos,Valencia,1,1,NA,2019/10/21,2019/10/22,0,"9,6",30
Friendly Rentals Verdi,1634232,Apartamento,Valencia,1,1,€ 140,2019/10/21,2019/10/22,0,"8,1",30
Apartamento Obispo don Jerónimo,2079020,Apartamento,Valencia,1,1,€ 144,2019/10/21,2019/10/22,0,"8,2",30
Friendly rentals Enesco Beach,2526514,Apartamento,Valencia,1,1,€ 150,2019/10/21,2019/10/22,0,8,30
Loft el Carmen amazing views,4932621,Apartamento,Valencia,1,1,€ 172,2019/10/21,2019/10/22,0,"8,1",30
Malvarrosa Calle Pavia,3608764,Casa o chalet,Valencia,1,1,€ 271,2019/10/21,2019/10/22,0,8,30
NWT Central Station Apartments,3964093,Apartamento,Valencia,1,1,€ 300,2019/10/21,2019/10/22,0,"8,2",30
Purísima Street I,2471259,Apartamento,Valencia,1,1,NA,2019/10/21,2019/10/22,0,"9,5",30
Musico Peydro Apartments,3765069,Apartamentos,Valencia,1,1,€ 313,2019/10/21,2019/10/22,0,8,30
UP Hostel Valencia,1710137,NA,Valencia,1,1,€ 26,2019/10/21,2019/10/22,0,"7,8",30
Pensión Universal,304276,NA,Valencia,1,1,€ 28,2019/10/21,2019/10/22,0,"7,9",30
Hostal Moratin,326015,NA,Valencia,1,1,€ 31,2019/10/21,2019/10/22,1,"7,9",30
Apart and Benef,2291245,NA,Valencia,1,1,€ 34,2019/10/21,2019/10/22,0,"7,8",30
Habitación Céntrica en Casa de Familia,4289877,NA,Valencia,1,1,€ 35,2019/10/21,2019/10/22,0,"7,8",30
Stay at Valencia Downtown,1840715,Apartamento,Valencia,1,1,NA,2019/10/21,2019/10/22,0,"9,6",30
Habitaciones Barra89,1076252,NA,Valencia,1,1,€ 35,2019/10/21,2019/10/22,0,"7,8",30
Habitacion PLaza Ayuntamiento,4365340,NA,Valencia,1,1,€ 40,2019/10/21,2019/10/22,0,"7,6",30
Habitación San Cayetano,4624401,NA,Valencia,1,1,€ 40,2019/10/21,2019/10/22,0,"7,7",30
Hotel Beleret,94652,NA,Valencia,1,1,€ 41,2019/10/21,2019/10/22,3,"7,6",30
Valencia Lounge Hostel,337203,NA,Valencia,1,1,€ 42,2019/10/21,2019/10/22,0,"7,8",30
Valencia City Host,1177077,NA,Valencia,1,1,€ 42,2019/10/21,2019/10/22,0,"7,8",30
Disfruta De Playa Y Ciudad,2470646,Apartamento,Valencia,1,1,NA,2019/10/21,2019/10/22,0,"9,5",30
Voyagers Inn Homestay,2682156,NA,Valencia,1,1,€ 42,2019/10/21,2019/10/22,0,"7,8",30
Casual de la Música Valencia,273130,NA,Valencia,1,1,€ 43,2019/10/21,2019/10/22,2,"7,5",30
Casual Civilizaciones Valencia,449777,NA,Valencia,1,1,€ 45,2019/10/21,2019/10/22,0,"7,9",30
Hostal El Cid,309465,NA,Valencia,1,1,€ 46,2019/10/21,2019/10/22,2,"7,6",30
Rooms Valencia Center,5507857,NA,Valencia,1,1,€ 49,2019/10/21,2019/10/22,0,"7,9",30
Apartamentos Adressadors,1743173,Apartamentos,Valencia,1,1,€ 50,2019/10/21,2019/10/22,0,"7,8",30
La Morella del Carmen,5188541,Apartamento,Valencia,1,1,NA,2019/10/21,2019/10/22,0,"9,5",30
Apartamentos Abastos,1044426,Apartamentos,Valencia,1,1,€ 50,2019/10/21,2019/10/22,0,"7,6",30
Patacona Resort Apartments,189782,Apartamentos,Valencia,1,1,€ 52,2019/10/21,2019/10/22,0,"7,8",30
Habitación cerca del centro,2789581,NA,Valencia,1,1,€ 52,2019/10/21,2019/10/22,0,"7,5",30
Habitacion por dias Centro Valencia,3977106,NA,Valencia,1,1,€ 55,2019/10/21,2019/10/22,0,"7,9",30
Hotel Turia,14441,NA,Valencia,1,1,€ 59,2019/10/21,2019/10/22,4,"7,5",30
OYO Pensión El Rincón,476031,NA,Valencia,1,1,€ 59,2019/10/21,2019/10/22,1,"7,6",30
Apartamento Tiziano,1528645,Apartamento,Valencia,1,1,NA,2019/10/21,2019/10/22,0,"9,5",30
B&B Hotel Valencia Ciudad de las Ciencias,92242,NA,Valencia,1,1,€ 62,2019/10/21,2019/10/22,3,"7,5",30
Jero Rooms,296743,NA,Valencia,1,1,€ 62,2019/10/21,2019/10/22,0,"7,7",30
SEA YOU HOTEL PORT VALENCIA,92328,NA,Valencia,1,1,€ 63,2019/10/21,2019/10/22,4,"7,7",30
United Colors of Studios - Mercado Central,2574108,Apartamentos,Valencia,1,1,€ 64,2019/10/21,2019/10/22,0,"7,8",30
El Globo,24498,NA,Valencia,1,1,€ 97,2019/10/21,2019/10/22,1,"7,8",30
Art of Dance Apartment Valencia,3732969,Apartamento,Valencia,1,1,€ 100,2019/10/21,2019/10/22,0,"7,7",30
Espai One Santa Mónica,5471724,Apartamento,Valencia,1,1,NA,2019/10/21,2019/10/22,0,"9,8",30
Apartment Valencia,348555,Apartamentos,Valencia,1,1,€ 108,2019/10/21,2019/10/22,0,"7,9",30
Kirei Apartment Calgary,4768322,Apartamento,Valencia,1,1,€ 137,2019/10/21,2019/10/22,0,"7,6",30
Cosy Rooms Tapinería,371192,NA,Valencia,1,1,€ 65,2019/10/21,2019/10/22,2,"7,5",30
Expo Hotel Valencia,91223,NA,Valencia,1,1,€ 66,2019/10/21,2019/10/22,3,"7,6",30
City Center Apartments,4426057,Apartamentos,Valencia,1,1,€ 68,2019/10/21,2019/10/22,0,"7,8",30
Patacona Green Flats,292996,Apartamentos,Valencia,1,1,€ 71,2019/10/21,2019/10/22,0,"7,6",30
El 16 Ruzafa,865461,Apartamentos,Valencia,1,1,€ 79,2019/10/21,2019/10/22,0,"7,7",30
Oceanográfico Apartments & Spa,324918,Apartamentos,Valencia,1,1,€ 79,2019/10/21,2019/10/22,0,"7,6",30
Apartamento Alguer,4005334,Apartamento,Valencia,1,1,€ 80,2019/10/21,2019/10/22,0,"7,6",30
Apartamento Angel Alcazar 35,2174625,Apartamento,Valencia,1,1,€ 80,2019/10/21,2019/10/22,0,"7,6",30
Spain Host Valencia- Plaza del Ayuntamiento,2257049,Apartamentos,Valencia,1,1,€ 140,2019/10/21,2019/10/22,0,"7,5",30
STYLISH APARTMENT - CITY CENTER,2861517,Apartamento,Valencia,1,1,€ 140,2019/10/21,2019/10/22,0,"7,8",30
Old Town Flats Casa Burguerini,4552106,Apartamentos,Valencia,1,1,€ 151,2019/10/21,2019/10/22,0,"7,8",30
Dreams Rental City Hall,337092,Apartamentos,Valencia,1,1,€ 280,2019/10/21,2019/10/22,0,"7,5",30
Cómoda habitación Valencia,4200488,NA,Valencia,1,1,NA,2019/10/21,2019/10/22,0,"9,5",30
MD Art Apartment Ruzafa,2550955,Apartamento,Valencia,1,1,€ 313,2019/10/21,2019/10/22,0,"7,5",30
Torres Quart,3702234,Apartamentos,Valencia,1,1,€ 83,2019/10/21,2019/10/22,0,"7,7",30
Suites by Eric Olsan (L),4287413,Apartamentos,Valencia,1,1,€ 83,2019/10/21,2019/10/22,0,"7,5",30
Checkin Valencia,93743,NA,Valencia,1,1,€ 89,2019/10/21,2019/10/22,4,"7,8",30
Apartment Florista,2150187,Apartamento,Valencia,1,1,€ 90,2019/10/21,2019/10/22,0,"7,9",30
Plaza Sainetero 5,3148458,Apartamento,Valencia,1,1,€ 93,2019/10/21,2019/10/22,0,"7,7",30
MD Pelayo with terrace,1979067,Apartamento,Valencia,1,1,€ 313,2019/10/21,2019/10/22,0,"7,8",30
MD Abastos Center,2551194,Apartamento,Valencia,1,1,€ 341,2019/10/21,2019/10/22,0,"7,7",30
MD Oliag I Apartment Ruzafa,2867488,Apartamento,Valencia,1,1,€ 387,2019/10/21,2019/10/22,0,"7,7",30
Guest House Samuel Ros,4161855,NA,Valencia,1,1,€ 30,2019/10/21,2019/10/22,0,"7,3",30
Ilunion Valencia 3,92818,NA,Valencia,1,1,€ 95,2019/10/21,2019/10/22,3,"7,9",30
Hostal Waksman,281139,NA,Valencia,1,1,€ 35,2019/10/21,2019/10/22,1,"7,3",30
AMAZING HOUSE- BEST LOCATION!,4728031,Apartamento,Valencia,1,1,NA,2019/10/21,2019/10/22,0,"9,7",30
feliz como en casa,3676196,NA,Valencia,1,1,€ 36,2019/10/21,2019/10/22,0,"7,2",30
Hostal Residencial RR,450746,NA,Valencia,1,1,€ 38,2019/10/21,2019/10/22,0,7,30
Habitacion Apartamento soleado Plaza Escultor Frechina,4865043,NA,Valencia,1,1,€ 40,2019/10/21,2019/10/22,0,"7,1",30
La Flamenca,818359,NA,Valencia,1,1,€ 40,2019/10/21,2019/10/22,0,"7,2",30
HOSPEDAJE PESET,4718074,NA,Valencia,1,1,€ 40,2019/10/21,2019/10/22,0,"7,2",30
Central Station Valencia Hostel,1647017,NA,Valencia,1,1,€ 46,2019/10/21,2019/10/22,0,"7,1",30
Homely Nest Valencia El Carme,3790877,Apartamento,Valencia,1,1,NA,2019/10/21,2019/10/22,0,"9,9",30
Murillo Apartment,408163,Apartamento,Valencia,1,1,€ 47,2019/10/21,2019/10/22,0,7,30
Sampedor Apartment,435662,Apartamentos,Valencia,1,1,€ 52,2019/10/21,2019/10/22,0,7,30
B&B El Mercat,2203530,NA,Valencia,1,1,€ 55,2019/10/21,2019/10/22,0,"7,3",30
Avenida del Cid (Centrico),4737683,Apartamento,Valencia,1,1,€ 56,2019/10/21,2019/10/22,0,"7,1",30
Plaza Redonda house.,4399973,NA,Valencia,1,1,€ 58,2019/10/21,2019/10/22,0,"7,4",30
Centro & Viaje,4215175,NA,Valencia,1,1,€ 58,2019/10/21,2019/10/22,0,"7,4",30
L'Esplai Valencia Bed & Breakfast,1282556,NA,Valencia,1,1,NA,2019/10/21,2019/10/22,0,"9,6",30
Apartment Horticultor Bosch,1148669,Apartamento,Valencia,1,1,€ 60,2019/10/21,2019/10/22,0,"7,3",30
Hostal la Barraca,350013,NA,Valencia,1,1,€ 65,2019/10/21,2019/10/22,0,"7,2",30
central station valencia,2414838,Apartamentos,Valencia,1,1,€ 65,2019/10/21,2019/10/22,0,7,30
Almiserat,3054886,Apartamento,Valencia,1,1,€ 70,2019/10/21,2019/10/22,0,"7,1",30
Mi casa es vuestra casa,4967097,NA,Valencia,1,1,€ 70,2019/10/21,2019/10/22,0,"7,1",30
Cosy Rooms Embajador,369728,NA,Valencia,1,1,€ 70,2019/10/21,2019/10/22,2,"7,4",30
Hexagonal Design Apartment Valencia,4630643,Apartamento,Valencia,1,1,NA,2019/10/21,2019/10/22,0,"9,5",30
L'Otelet By Sweet,1467935,NA,Valencia,1,1,€ 64,2019/10/21,2019/10/22,0,"8,3",30
Up Town,2244083,Apartamentos,Valencia,1,1,€ 64,2019/10/21,2019/10/22,0,"8,2",30
Apartment Cisneros 2,2361375,Apartamento,Valencia,1,1,NA,2019/10/21,2019/10/22,0,"9,7",30
Reina 12,1684198,NA,Valencia,1,1,€ 64,2019/10/21,2019/10/22,0,"8,3",30
NWT Monserrat,3728842,Apartamentos,Valencia,1,1,€ 72,2019/10/21,2019/10/22,0,7,30
HOSTAL BED OF THE SEA,3974636,NA,Valencia,1,1,€ 72,2019/10/21,2019/10/22,0,"7,1",30
Malvarrosa Beach Rooms,314048,NA,Valencia,1,1,€ 73,2019/10/21,2019/10/22,2,7,30
Cosy Rooms Bolsería,371606,NA,Valencia,1,1,€ 74,2019/10/21,2019/10/22,2,"7,4",30
Hotel Alkazar,408511,NA,Valencia,1,1,€ 64,2019/10/21,2019/10/22,1,8,30
Happy Apartments Valencia,456043,Apartamentos,Valencia,1,1,€ 67,2019/10/21,2019/10/22,0,"8,2",30
Happy Apartments Valencia – Lope de Vega,575582,Apartamentos,Valencia,1,1,€ 67,2019/10/21,2019/10/22,0,"8,1",30
Hotel Medium Valencia,96838,NA,Valencia,1,1,€ 68,2019/10/21,2019/10/22,4,"8,1",30
Centro Valencia Calle Cerrajeros,3476261,NA,Valencia,1,1,€ 75,2019/10/21,2019/10/22,0,"7,1",30
Valencia Apartments,4367788,Apartamentos,Valencia,1,1,€ 78,2019/10/21,2019/10/22,0,"7,1",30
Valencia Apartmans El Carmen,847910,Apartamentos,Valencia,1,1,€ 83,2019/10/21,2019/10/22,0,"7,4",30
Suites by Eric Olsan (Peset),4726296,Apartamentos,Valencia,1,1,€ 83,2019/10/21,2019/10/22,0,"7,4",30
Accommodation Beach Apartments,1001766,Apartamentos,Valencia,1,1,€ 94,2019/10/21,2019/10/22,0,"7,2",30
Eurostars Gran Valencia,90484,NA,Valencia,1,1,€ 68,2019/10/21,2019/10/22,4,"8,4",30
Centro en Valencia,2885222,Apartamento,Valencia,1,1,NA,2019/10/21,2019/10/22,0,"9,5",30
Holiday Inn Express Ciudad de las Ciencias,96737,NA,Valencia,1,1,€ 68,2019/10/21,2019/10/22,3,8,30
Kirei Apartment San Vicente,1774062,Apartamento,Valencia,1,1,€ 110,2019/10/21,2019/10/22,0,"7,3",30
Kirei Apartment Vienna,4639797,Apartamento,Valencia,1,1,€ 115,2019/10/21,2019/10/22,0,"7,4",30
Kirei Apartment En Llop,1765516,Apartamentos,Valencia,1,1,€ 137,2019/10/21,2019/10/22,0,"7,1",30
Apartamento para 10 personas,5029963,Apartamento,Valencia,1,1,€ 160,2019/10/21,2019/10/22,0,7,30
Select Home Catedral,440778,Apartamentos,Valencia,1,1,€ 170,2019/10/21,2019/10/22,0,"7,1",30
Best Valencia Beach Flat,3246772,Apartamento,Valencia,1,1,€ 192,2019/10/21,2019/10/22,0,"7,1",30
Residencia Universitaria Damia Bonet,247451,NA,Valencia,1,1,€ 69,2019/10/21,2019/10/22,0,"8,3",30
Hotel Olympia Universidades,1301731,NA,Valencia,1,1,€ 71,2019/10/21,2019/10/22,3,"8,4",30
Casual de las Artes Valencia,538056,NA,Valencia,1,1,€ 72,2019/10/21,2019/10/22,3,"8,4",30
Select Home Town Hall,1648016,Apartamentos,Valencia,1,1,€ 195,2019/10/21,2019/10/22,0,"7,4",30
MD Puerto Rico Apartment Ruzafa,3737151,Apartamento,Valencia,1,1,€ 341,2019/10/21,2019/10/22,0,"7,4",30
Guest House Lebon,3124256,NA,Valencia,1,1,€ 35,2019/10/21,2019/10/22,0,"6,9",30
NH Ciudad de Valencia,90729,NA,Valencia,1,1,€ 73,2019/10/21,2019/10/22,3,"8,1",30
United Colors of Apartments - Catedral,1301545,Apartamentos,Valencia,1,1,€ 74,2019/10/21,2019/10/22,0,"8,2",30
Apartment Plaza Cisneros,1273377,Apartamentos,Valencia,1,1,NA,2019/10/21,2019/10/22,0,"9,8",30
City Suites Apartments,3091106,NA,Valencia,1,1,€ 74,2019/10/21,2019/10/22,0,"8,4",30
Atico Ciutat Vella,3446230,Apartamentos,Valencia,1,1,€ 75,2019/10/21,2019/10/22,0,"8,4",30
Apartment Vicent,1674495,Apartamento,Valencia,1,1,€ 75,2019/10/21,2019/10/22,0,"8,3",30
Ático cerca del mar,4040503,Apartamento,Valencia,1,1,€ 75,2019/10/21,2019/10/22,0,"8,3",30
Cozy fisherman's house,2241663,Casa o chalet,Valencia,1,1,€ 75,2019/10/21,2019/10/22,0,"8,3",30
Ilunion Valencia 4,754329,NA,Valencia,1,1,€ 75,2019/10/21,2019/10/22,4,"8,1",30
So de Mar,2204496,Apartamento,Valencia,1,1,NA,2019/10/21,2019/10/22,0,"9,7",30
Living Valencia - Corregeria,3972561,Apartamentos,Valencia,1,1,€ 77,2019/10/21,2019/10/22,0,"8,3",30
NH Valencia Las Artes,90731,NA,Valencia,1,1,€ 77,2019/10/21,2019/10/22,4,"8,4",30
Valenciaflats Torres de Serrano,17468,Apartamentos,Valencia,1,1,€ 78,2019/10/21,2019/10/22,0,"8,3",30
Sweet Hotel Continental,93856,NA,Valencia,1,1,€ 79,2019/10/21,2019/10/22,2,"8,3",30
Hotel Miramar,23332,NA,Valencia,1,1,€ 79,2019/10/21,2019/10/22,2,"8,4",30
Primus Valencia,331871,NA,Valencia,1,1,€ 79,2019/10/21,2019/10/22,4,"8,3",30
Bruno Apartment,2715023,Apartamento,Valencia,1,1,NA,2019/10/21,2019/10/22,0,"9,7",30
Dormavalencia Hostel,249585,NA,Valencia,1,1,€ 82,2019/10/21,2019/10/22,1,"8,2",30
Purple Nest Hostel,25278,NA,Valencia,1,1,€ 84,2019/10/21,2019/10/22,0,"8,2",30
Senator Parque Central Hotel,274963,NA,Valencia,1,1,€ 85,2019/10/21,2019/10/22,4,"8,1",30
Silken Puerta Valencia,91182,NA,Valencia,1,1,€ 88,2019/10/21,2019/10/22,4,"8,3",30
Eurostars Rey Don Jaime,91520,NA,Valencia,1,1,€ 89,2019/10/21,2019/10/22,4,"8,2",30
El Coso,14580,NA,Valencia,1,1,€ 90,2019/10/21,2019/10/22,3,"8,2",30
Apartment Sofi,2830696,Apartamento,Valencia,1,1,NA,2019/10/21,2019/10/22,0,"9,8",30
MD Modern Hotel - Jardines,305447,NA,Valencia,1,1,€ 90,2019/10/21,2019/10/22,1,"8,3",30
Apartamento Ciudad de las Artes y las Ciencias,4353552,Apartamento,Valencia,1,1,€ 95,2019/10/21,2019/10/22,0,"8,3",30
Ilunion Aqua 3,92776,NA,Valencia,1,1,€ 95,2019/10/21,2019/10/22,3,"8,3",30
NH Valencia Center,90727,NA,Valencia,1,1,€ 97,2019/10/21,2019/10/22,4,"8,3",30
Sweet Hotel Renasa,274818,NA,Valencia,1,1,€ 99,2019/10/21,2019/10/22,3,8,30
Atico Duplex en el Carmen,2954876,Apartamento,Valencia,1,1,€ 99,2019/10/21,2019/10/22,0,"8,4",30
Nanit Valencia Hostel,3913497,NA,Valencia,1,1,€ 100,2019/10/21,2019/10/22,0,"8,3",30
Apartamento Privado Próximo a Playa y Ciencias,3783163,Apartamento,Valencia,1,1,€ 100,2019/10/21,2019/10/22,0,"8,2",30
Plaza Del Carmen,1737254,Apartamento,Valencia,1,1,€ 100,2019/10/21,2019/10/22,0,8,30
Apartamento Plaza Sainetero,2743838,Apartamento,Valencia,1,1,€ 102,2019/10/21,2019/10/22,0,"8,2",30
Hotel Valencia Center,91285,NA,Valencia,1,1,€ 103,2019/10/21,2019/10/22,4,"8,4",30
SHF Flats Baron,1033085,Apartamentos,Valencia,1,1,€ 110,2019/10/21,2019/10/22,0,8,30
Friendly Rentals Puerto Deportivo,2317861,Apartamentos,Valencia,1,1,€ 115,2019/10/21,2019/10/22,0,"8,2",30
Welcome Platanos 13 Valencia Beautiful apartments with terrace,5095795,Apartamento,Valencia,1,1,€ 119,2019/10/21,2019/10/22,0,"8,1",30
Apartamentos Sollana 18 Cerca de les Arts i les Ciencies Valencia- FREE WI-FI,5232423,Apartamento,Valencia,1,1,€ 119,2019/10/21,2019/10/22,0,"8,1",30
Friendly Rentals Pergolesi,1634240,Apartamento,Valencia,1,1,€ 125,2019/10/21,2019/10/22,0,"8,4",30
Rio Turia Skatehouse,4624602,Apartamento,Valencia,1,1,€ 125,2019/10/21,2019/10/22,0,"8,2",30
Hotel Conqueridor,91047,NA,Valencia,1,1,€ 126,2019/10/21,2019/10/22,4,"8,4",30
