name,propertyId,propertyType,city,rooms,days,price,checkIn,checkOut,stars,score,advance
AC Hotel Valencia,91063,NA,Valencia,1,1,€ 129,2019/10/09,2019/10/10,4,"8,5",14
Friendly Rentals Soler,1634237,Apartamento,Valencia,1,1,€ 130,2019/10/09,2019/10/10,0,"8,7",14
L'Esplai Valencia Bed & Breakfast,1282556,NA,Valencia,1,1,NA,2019/10/09,2019/10/10,0,"9,6",14
Barceló Valencia,91988,NA,Valencia,1,1,€ 135,2019/10/09,2019/10/10,4,"8,7",14
AC Hotel Colon Valencia,1117150,NA,Valencia,1,1,€ 139,2019/10/09,2019/10/10,4,"8,7",14
Cathedral Suites Hotel,1736257,Apartahotel,Valencia,1,1,€ 139,2019/10/09,2019/10/10,4,"8,9",14
One Shot Palacio Reina Victoria 04,90885,NA,Valencia,1,1,€ 139,2019/10/09,2019/10/10,4,"8,6",14
Hi Valencia Cánovas,4312120,Apartamentos,Valencia,1,1,€ 140,2019/10/09,2019/10/10,0,"8,9",14
Friendly Rentals Desplat,4120221,Apartamento,Valencia,1,1,€ 140,2019/10/09,2019/10/10,0,"8,5",14
Ático Valencia Centro,4358939,Apartamento,Valencia,1,1,NA,2019/10/09,2019/10/10,0,"9,8",14
Hotel Neptuno,91206,NA,Valencia,1,1,€ 144,2019/10/09,2019/10/10,4,"8,5",14
Zenit Valencia,92327,NA,Valencia,1,1,€ 148,2019/10/09,2019/10/10,4,"8,8",14
Hotel Dimar,90886,NA,Valencia,1,1,€ 153,2019/10/09,2019/10/10,4,"8,7",14
Friendly Rentals Rey,1634248,Apartamento,Valencia,1,1,€ 160,2019/10/09,2019/10/10,0,"8,9",14
Puerta de Serranos,2734333,Apartamentos,Valencia,1,1,€ 161,2019/10/09,2019/10/10,0,"8,8",14
Canela`s Vintage Ruzafa Centro,4652584,Apartamento,Valencia,1,1,€ 170,2019/10/09,2019/10/10,0,"8,5",14
Apartamento torres serrano,4622232,Apartamento,Valencia,1,1,NA,2019/10/09,2019/10/10,0,"9,5",14
Vincci Palace,94163,NA,Valencia,1,1,€ 187,2019/10/09,2019/10/10,4,"8,7",14
Select Home Mercado de Colón,2960845,Apartamentos,Valencia,1,1,€ 190,2019/10/09,2019/10/10,0,"8,9",14
Melia Valencia,290493,NA,Valencia,1,1,€ 194,2019/10/09,2019/10/10,4,"8,8",14
The Westin Valencia,93321,NA,Valencia,1,1,€ 198,2019/10/09,2019/10/10,5,"8,7",14
SH Valencia Palace,91497,NA,Valencia,1,1,€ 205,2019/10/09,2019/10/10,5,"8,5",14
Catalonia Excelsior,90578,NA,Valencia,1,1,€ 210,2019/10/09,2019/10/10,3,"8,7",14
Carmen Apartment,3308265,Apartamento,Valencia,1,1,NA,2019/10/09,2019/10/10,0,"9,6",14
Hospes Palau de La Mar,93823,NA,Valencia,1,1,€ 212,2019/10/09,2019/10/10,5,"8,8",14
Vincci Lys,91183,NA,Valencia,1,1,€ 255,2019/10/09,2019/10/10,4,"8,9",14
Select Home Alma Palace,1381946,Apartamento,Valencia,1,1,€ 265,2019/10/09,2019/10/10,0,"8,8",14
SingularStays Parque Central,3054000,Apartamentos,Valencia,1,1,€ 278,2019/10/09,2019/10/10,0,"8,8",14
Center Valencia Youth Hostel,246931,NA,Valencia,1,1,€ 17,2019/10/09,2019/10/10,0,8,14
Hostal El Cid,309465,NA,Valencia,1,1,€ 30,2019/10/09,2019/10/10,2,"7,6",14
Apart and Benef,2291245,NA,Valencia,1,1,€ 34,2019/10/09,2019/10/10,0,"7,8",14
Valencia City Center New Apartments,1042326,Apartamentos,Valencia,1,1,NA,2019/10/09,2019/10/10,0,9,14
Hostal On Dormire Valencia,432305,NA,Valencia,1,1,€ 35,2019/10/09,2019/10/10,0,"7,8",14
Hostal Moratin,326015,NA,Valencia,1,1,€ 36,2019/10/09,2019/10/10,1,"7,9",14
Habitación San Cayetano,4624401,NA,Valencia,1,1,€ 40,2019/10/09,2019/10/10,0,"7,5",14
Hotel Beleret,94652,NA,Valencia,1,1,€ 41,2019/10/09,2019/10/10,3,"7,6",14
Voyagers Inn Homestay,2682156,NA,Valencia,1,1,€ 42,2019/10/09,2019/10/10,0,"7,8",14
Valencia City Host,1177077,NA,Valencia,1,1,€ 43,2019/10/09,2019/10/10,0,"7,8",14
APARTAMENTO CENTRICO. WI-FI. PARKING,2967593,Apartamento,Valencia,1,1,NA,2019/10/09,2019/10/10,0,"9,1",14
Habitaciones Barra89,1076252,NA,Valencia,1,1,€ 48,2019/10/09,2019/10/10,0,"7,8",14
Casual Civilizaciones Valencia,449777,NA,Valencia,1,1,€ 49,2019/10/09,2019/10/10,0,"7,9",14
Habitacion por dias Centro Valencia,3977106,NA,Valencia,1,1,€ 50,2019/10/09,2019/10/10,0,"7,9",14
Habitación cerca del centro,2789581,NA,Valencia,1,1,€ 52,2019/10/09,2019/10/10,0,"7,5",14
Valencia Lounge Hostel,337203,NA,Valencia,1,1,€ 53,2019/10/09,2019/10/10,0,"7,8",14
Hospederia del Pilar,327766,NA,Valencia,1,1,€ 54,2019/10/09,2019/10/10,0,"7,9",14
Your Home at Valencia- El Carme,3692617,Apartamento,Valencia,1,1,NA,2019/10/09,2019/10/10,0,"9,3",14
Centro & Viaje,4215175,NA,Valencia,1,1,€ 58,2019/10/09,2019/10/10,0,"7,6",14
Hostal Bisbal,235665,NA,Valencia,1,1,€ 60,2019/10/09,2019/10/10,1,"7,5",14
B&B Hotel Valencia Ciudad de las Ciencias,92242,NA,Valencia,1,1,€ 62,2019/10/09,2019/10/10,3,"7,5",14
Habitacion Apartamento soleado Plaza Escultor Frechina,4865043,NA,Valencia,1,1,€ 40,2019/10/09,2019/10/10,0,"7,1",14
Jero Rooms,296743,NA,Valencia,1,1,€ 63,2019/10/09,2019/10/10,0,"7,7",14
United Colors of Studios - Mercado Central,2574108,Apartamentos,Valencia,1,1,€ 65,2019/10/09,2019/10/10,0,"7,8",14
City Center Apartments,4426057,Apartamentos,Valencia,1,1,€ 68,2019/10/09,2019/10/10,0,"7,8",14
Studios Las Arenas,444155,Apartamentos,Valencia,1,1,NA,2019/10/09,2019/10/10,0,9,14
Rio Turia B&B,5531073,NA,Valencia,1,1,€ 68,2019/10/09,2019/10/10,0,"7,8",14
Expo Hotel Valencia,91223,NA,Valencia,1,1,€ 68,2019/10/09,2019/10/10,3,"7,6",14
Hotel Turia,14441,NA,Valencia,1,1,€ 75,2019/10/09,2019/10/10,4,"7,5",14
Cosy Rooms Tapinería,371192,NA,Valencia,1,1,€ 78,2019/10/09,2019/10/10,2,"7,5",14
OYO Pensión El Rincón,476031,NA,Valencia,1,1,€ 79,2019/10/09,2019/10/10,1,"7,6",14
Hostal Residencial RR,450746,NA,Valencia,1,1,€ 40,2019/10/09,2019/10/10,0,7,14
Apartamento en la Ciudad de las Artes y las Ciencias,3552283,Apartamento,Valencia,1,1,NA,2019/10/09,2019/10/10,0,"9,4",14
PISO ACOGEDOR,4995780,NA,Valencia,1,1,€ 50,2019/10/09,2019/10/10,0,"7,1",14
Rooms Valencia Center,5507857,NA,Valencia,1,1,€ 54,2019/10/09,2019/10/10,0,"7,4",14
B&B El Mercat,2203530,NA,Valencia,1,1,€ 55,2019/10/09,2019/10/10,0,"7,3",14
Coroa del Mar,1549399,Apartamentos,Valencia,1,1,€ 56,2019/10/09,2019/10/10,0,"7,1",14
Hostal la Barraca,350013,NA,Valencia,1,1,€ 60,2019/10/09,2019/10/10,0,"7,2",14
Avenida del Cid (Centrico),4737683,Apartamento,Valencia,1,1,€ 61,2019/10/09,2019/10/10,0,"7,1",14
Art of Music Apartment Valencia,5263849,Apartamentos,Valencia,1,1,NA,2019/10/09,2019/10/10,0,"9,3",14
Homestay & OLEE,4132920,NA,Valencia,1,1,€ 66,2019/10/09,2019/10/10,0,"7,4",14
Central Station Valencia Hostel,1647017,NA,Valencia,1,1,€ 69,2019/10/09,2019/10/10,0,"7,1",14
Mi casa es vuestra casa,4967097,NA,Valencia,1,1,€ 70,2019/10/09,2019/10/10,0,"7,1",14
HOSPEDAJE PESET,4718074,NA,Valencia,1,1,€ 70,2019/10/09,2019/10/10,0,"7,2",14
HOSTAL BED OF THE SEA,3974636,NA,Valencia,1,1,€ 72,2019/10/09,2019/10/10,0,"7,1",14
Cosy Rooms Bolsería,371606,NA,Valencia,1,1,€ 74,2019/10/09,2019/10/10,2,"7,4",14
OCEANOGRAFIC APARTMENT. PARKING. WI-FI,3107716,Apartamentos,Valencia,1,1,NA,2019/10/09,2019/10/10,0,9,14
Centro Valencia Calle Cerrajeros,3476261,NA,Valencia,1,1,€ 75,2019/10/09,2019/10/10,0,"7,1",14
Valencia Apartments,4367788,Apartamentos,Valencia,1,1,€ 78,2019/10/09,2019/10/10,0,7,14
Malvarrosa Beach Rooms,314048,NA,Valencia,1,1,€ 80,2019/10/09,2019/10/10,2,7,14
Hostal Antigua Morellana,1273937,NA,Valencia,1,1,€ 80,2019/10/09,2019/10/10,1,"9,5",14
Apartments Downtown Valencia,2250421,Apartamentos,Valencia,1,1,€ 95,2019/10/09,2019/10/10,0,"9,6",14
MerKat-Abastos,1231196,Apartamento,Valencia,1,1,NA,2019/10/09,2019/10/10,0,"9,7",14
Precioso piso junto al antiguo barrio de Campanar,3297078,Apartamento,Valencia,1,1,€ 100,2019/10/09,2019/10/10,0,"9,5",14
Nest Style Valencia -Nueva apertura-,5219046,NA,Valencia,1,1,€ 107,2019/10/09,2019/10/10,3,"9,5",14
Opera House Valencia B&B,3533887,NA,Valencia,1,1,€ 108,2019/10/09,2019/10/10,0,"9,5",14
Valencia Apartmans El Carmen,847910,Apartamentos,Valencia,1,1,€ 83,2019/10/09,2019/10/10,0,"7,3",14
Cosy Rooms Embajador,369728,NA,Valencia,1,1,€ 84,2019/10/09,2019/10/10,2,"7,4",14
Avenida Cid,3633322,Apartamento,Valencia,1,1,€ 87,2019/10/09,2019/10/10,0,"7,3",14
Eco-Friendly Apartments,1979834,Apartamentos,Valencia,1,1,NA,2019/10/09,2019/10/10,0,"9,2",14
NWT Monserrat,3728842,Apartamentos,Valencia,1,1,€ 92,2019/10/09,2019/10/10,0,7,14
Casa La Buhardilla,2985364,Apartamento,Valencia,1,1,€ 115,2019/10/09,2019/10/10,0,"9,6",14
15 Avinguda Mare Nostrum,4518973,Apartamento,Valencia,1,1,€ 125,2019/10/09,2019/10/10,0,"9,6",14
Ramirez Flats & Bar,4124528,Apartahotel,Valencia,1,1,€ 126,2019/10/09,2019/10/10,0,"9,5",14
Hexagonal Design Apartment Valencia,4630643,Apartamento,Valencia,1,1,NA,2019/10/09,2019/10/10,0,"9,5",14
Disfruta - Enjoy Valencia Ayuntamiento,4901194,Apartamento,Valencia,1,1,€ 169,2019/10/09,2019/10/10,0,"9,6",14
Disfruta - Enjoy Valencia Centre,3881970,Apartamento,Valencia,1,1,€ 175,2019/10/09,2019/10/10,0,"9,8",14
Disfruta - Enjoy Valencia Oceanografic,4121345,Apartamento,Valencia,1,1,€ 199,2019/10/09,2019/10/10,0,"9,6",14
MARQUÉS HOUSE 4* SUP,2118880,NA,Valencia,1,1,€ 229,2019/10/09,2019/10/10,4,"9,5",14
Casa Calle Conquista,4691493,Apartamento,Valencia,1,1,€ 300,2019/10/09,2019/10/10,0,"9,7",14
MD PASEO RUZAFA CENTER,5374850,Apartamento,Valencia,1,1,€ 1.030,2019/10/09,2019/10/10,0,"9,5",14
Apartment Cisneros 2,2361375,Apartamento,Valencia,1,1,NA,2019/10/09,2019/10/10,0,"9,7",14
Cantagua Hostel,4074640,NA,Valencia,1,1,€ 39,2019/10/09,2019/10/10,0,"9,1",14
YOU & CO. Saler Beach Boutique,4533007,NA,Valencia,1,1,€ 55,2019/10/09,2019/10/10,3,"9,1",14
Habitación privada a 1500 metros de la playa,3789910,NA,Valencia,1,1,€ 60,2019/10/09,2019/10/10,0,"9,3",14
Blanq Comedias,4922002,NA,Valencia,1,1,€ 68,2019/10/09,2019/10/10,0,"9,1",14
Rooms Ciencias,94126,NA,Valencia,1,1,€ 71,2019/10/09,2019/10/10,0,9,14
Bianca,4232781,Apartamentos,Valencia,1,1,€ 74,2019/10/09,2019/10/10,0,9,14
BONNIES Suites & Spa Valencia,3631910,Apartamentos,Valencia,1,1,NA,2019/10/09,2019/10/10,0,"9,8",14
Live in Chianti,2227491,NA,Valencia,1,1,€ 75,2019/10/09,2019/10/10,0,"9,1",14
Suites by Eric Olsan (Peset),4726296,Apartamentos,Valencia,1,1,€ 94,2019/10/09,2019/10/10,0,"7,4",14
Spain Host Valencia Centro- San Vicente II,2567628,Apartamento,Valencia,1,1,€ 97,2019/10/09,2019/10/10,0,"7,4",14
La Casa dei Fiori,2849727,Apartamento,Valencia,1,1,€ 99,2019/10/09,2019/10/10,0,"7,2",14
Kirei Apartment San Vicente,1774062,Apartamento,Valencia,1,1,€ 110,2019/10/09,2019/10/10,0,"7,4",14
City Garden Bed and Breakfast,2204361,NA,Valencia,1,1,€ 76,2019/10/09,2019/10/10,0,"9,4",14
Hostal Venecia,92883,NA,Valencia,1,1,€ 84,2019/10/09,2019/10/10,2,"9,1",14
Apartamentos Edificio Palomar,189277,Apartamentos,Valencia,1,1,€ 85,2019/10/09,2019/10/10,0,"9,2",14
Jardín Botánico Hotel Boutique,93369,NA,Valencia,1,1,€ 85,2019/10/09,2019/10/10,3,9,14
Kirei Apartment Portland,4276529,Apartamentos,Valencia,1,1,€ 200,2019/10/09,2019/10/10,0,"5,9",14
Guest House Torres de Quart,2275006,NA,Valencia,1,1,€ 30,2019/10/09,2019/10/10,0,"5,3",14
Flat El Porto - Valencia,3146159,Apartamentos,Valencia,1,1,NA,2019/10/09,2019/10/10,0,"9,6",14
Guest House Ruzafa,2324552,NA,Valencia,1,1,€ 33,2019/10/09,2019/10/10,0,"5,2",14
Port of Valencia,3805735,Apartamento,Valencia,1,1,€ 79,2019/10/09,2019/10/10,0,"5,1",14
RoomTuristValencia Torres de Quart,4565643,NA,Valencia,1,1,€ 28,2019/10/09,2019/10/10,0,"4,5",14
Guesthouse Plaza de Toros,2985902,NA,Valencia,1,1,€ 33,2019/10/09,2019/10/10,0,"4,9",14
RoomTuristValencia RuzafaSumsi,4682802,NA,Valencia,1,1,€ 35,2019/10/09,2019/10/10,0,"4,6",14
Malvarosa,3820590,Apartamento,Valencia,1,1,€ 90,2019/10/09,2019/10/10,0,"4,1",14
Casa Chenano,4262208,Apartamento,Valencia,1,1,NA,2019/10/09,2019/10/10,0,"9,5",14
Constitucion Guesthouse,2985942,NA,Valencia,1,1,€ 30,2019/10/09,2019/10/10,0,"3,5",14
Apartamento Islas Canarias,2304086,Apartamento,Valencia,1,1,€ 48,2019/10/09,2019/10/10,0,"3,8",14
Como en casa !!,5427108,NA,Valencia,1,1,€ 40,2019/10/09,2019/10/10,0,,14
Lindala,5250762,NA,Valencia,1,1,€ 49,2019/10/09,2019/10/10,0,,14
Aventura Valencia 2,5604325,NA,Valencia,1,1,€ 50,2019/10/09,2019/10/10,0,,14
vosotros sereis parte de mi familia.,5299568,NA,Valencia,1,1,€ 50,2019/10/09,2019/10/10,0,,14
Chic and Central- in a lively but quiet area. All walking distance.,3649090,Apartamento,Valencia,1,1,NA,2019/10/09,2019/10/10,0,"9,6",14
Attic Rooms in Botánico,5522932,NA,Valencia,1,1,€ 55,2019/10/09,2019/10/10,0,,14
Hogar Dulce Hogar,5426607,NA,Valencia,1,1,€ 60,2019/10/09,2019/10/10,0,,14
Habitación en Valencia,5477394,NA,Valencia,1,1,€ 72,2019/10/09,2019/10/10,0,,14
Florista's Room en Valencia,5502152,NA,Valencia,1,1,€ 78,2019/10/09,2019/10/10,0,,14
Casa Adosada Quintero,5481770,Casa o chalet,Valencia,1,1,€ 88,2019/10/09,2019/10/10,0,,14
Apartamentos Artesa 22 Valencia,5546723,Apartamento,Valencia,1,1,€ 112,2019/10/09,2019/10/10,0,,14
VALENCIA APARTAMENTO GOYA GRAN TERRAZA,4660558,Apartamento,Valencia,1,1,NA,2019/10/09,2019/10/10,0,"9,6",14
casa completa,5593030,Casa o chalet,Valencia,1,1,€ 119,2019/10/09,2019/10/10,0,,14
RAVALENCIA 4,3377937,Apartamento,Valencia,1,1,€ 124,2019/10/09,2019/10/10,0,,14
Duplex Rosario,5619328,Apartamento,Valencia,1,1,€ 125,2019/10/09,2019/10/10,0,,14
Puerta1 · Enjoy: Large Patio! New. Designer. 2bdrm.2bath. Ruzafa,5517695,Apartamento,Valencia,1,1,€ 137,2019/10/09,2019/10/10,0,,14
Kirei Apartment Dublin,4639542,Apartamento,Valencia,1,1,€ 137,2019/10/09,2019/10/10,0,,14
CASA MARQUES DE CARO,4472176,Apartamento,Valencia,1,1,€ 139,2019/10/09,2019/10/10,0,,14
Classic Flat Valencia,4245614,Apartamento,Valencia,1,1,NA,2019/10/09,2019/10/10,0,"9,5",14
The White Apartment: Luxury- Beach and Design,5631365,Apartamento,Valencia,1,1,€ 167,2019/10/09,2019/10/10,0,,14
Patacona lujo,5636052,NA,Valencia,1,1,€ 190,2019/10/09,2019/10/10,0,,14
Apartment Carrer Ernesto Che Guevara,5598848,Apartamentos,Valencia,1,1,€ 211,2019/10/09,2019/10/10,0,,14
"Flat ""Ca Alexandre""",3687859,Apartamento,Valencia,1,1,€ 240,2019/10/09,2019/10/10,0,,14
Apartment Carrer de Don Juan de Austria,5464038,Apartamentos,Valencia,1,1,€ 275,2019/10/09,2019/10/10,0,,14
Governor Residence,3799760,Apartahotel,Valencia,1,1,€ 600,2019/10/09,2019/10/10,0,,14
KOA Centric- comfy and relaxed with style in Ruzafa,4105224,Apartamento,Valencia,1,1,NA,2019/10/09,2019/10/10,0,"9,9",14
Apartamento con terraza,5238122,Apartahotel,Valencia,1,1,€ 770,2019/10/09,2019/10/10,0,,14
Gulet Why Not,5199364,NA,Valencia,1,1,€ 3.000,2019/10/09,2019/10/10,0,,14
Residencia Universitaria Damia Bonet,247451,NA,Valencia,1,1,€ 75,2019/10/09,2019/10/10,0,"8,3",14
Dormavalencia Hostel,249585,NA,Valencia,1,1,€ 77,2019/10/09,2019/10/10,1,"8,2",14
Preciosa Casita Cerca Del Mar,4057271,Apartamento,Valencia,1,1,NA,2019/10/09,2019/10/10,0,"9,7",14
Sol Playa,12656,NA,Valencia,1,1,€ 77,2019/10/09,2019/10/10,2,"8,3",14
Happy Apartments Valencia,456043,Apartamentos,Valencia,1,1,€ 78,2019/10/09,2019/10/10,0,"8,2",14
Ilunion Aqua 3,92776,NA,Valencia,1,1,€ 80,2019/10/09,2019/10/10,3,"8,3",14
Apartamento Ciudad de las Artes y las Ciencias,4353552,Apartamento,Valencia,1,1,€ 80,2019/10/09,2019/10/10,0,"8,3",14
Ático cerca del mar,4040503,Apartamento,Valencia,1,1,€ 80,2019/10/09,2019/10/10,0,"8,3",14
Eurostars Rey Don Jaime,91520,NA,Valencia,1,1,€ 80,2019/10/09,2019/10/10,4,"8,2",14
Charming Ninetta,3220582,Apartamento,Valencia,1,1,NA,2019/10/09,2019/10/10,0,"9,5",14
MD Modern Hotel - Jardines,305447,NA,Valencia,1,1,€ 80,2019/10/09,2019/10/10,1,"8,3",14
Holiday Inn Express Ciudad de las Ciencias,96737,NA,Valencia,1,1,€ 81,2019/10/09,2019/10/10,3,8,14
Sweet Hotel Renasa,274818,NA,Valencia,1,1,€ 84,2019/10/09,2019/10/10,3,8,14
Hostal Penalty,189209,NA,Valencia,1,1,€ 85,2019/10/09,2019/10/10,1,8,14
Happy Apartments Valencia – Lope de Vega,575582,Apartamentos,Valencia,1,1,€ 85,2019/10/09,2019/10/10,0,"8,1",14
Apartamento Turistico en Valencia,2877605,Apartamento,Valencia,1,1,€ 85,2019/10/09,2019/10/10,0,"8,1",14
Apartment Sofi,2830696,Apartamento,Valencia,1,1,NA,2019/10/09,2019/10/10,0,"9,8",14
NH Ciudad de Valencia,90729,NA,Valencia,1,1,€ 88,2019/10/09,2019/10/10,3,"8,1",14
Ilunion Valencia 4,754329,NA,Valencia,1,1,€ 88,2019/10/09,2019/10/10,4,"8,1",14
Red Nest Hostel,92283,NA,Valencia,1,1,€ 91,2019/10/09,2019/10/10,0,"8,2",14
Valenciaflats Torres de Serrano,17468,Apartamentos,Valencia,1,1,€ 91,2019/10/09,2019/10/10,0,"8,3",14
SHF Flats Baron,1033085,Apartamentos,Valencia,1,1,€ 94,2019/10/09,2019/10/10,0,8,14
Hotel Medium Valencia,96838,NA,Valencia,1,1,€ 99,2019/10/09,2019/10/10,4,"8,2",14
Apartamento Comedias,2236348,Apartamento,Valencia,1,1,NA,2019/10/09,2019/10/10,0,"9,7",14
Hotel Valencia Center,91285,NA,Valencia,1,1,€ 99,2019/10/09,2019/10/10,4,"8,4",14
Hotel Miramar,23332,NA,Valencia,1,1,€ 99,2019/10/09,2019/10/10,2,"8,4",14
Apartment near City of Arts 2,3033254,Apartamentos,Valencia,1,1,€ 100,2019/10/09,2019/10/10,0,"8,3",14
NH Valencia Las Artes,90731,NA,Valencia,1,1,€ 103,2019/10/09,2019/10/10,4,"8,4",14
Senator Parque Central Hotel,274963,NA,Valencia,1,1,€ 106,2019/10/09,2019/10/10,4,"8,1",14
NH Valencia Center,90727,NA,Valencia,1,1,€ 108,2019/10/09,2019/10/10,4,"8,3",14
Bruno Apartment,2715023,Apartamento,Valencia,1,1,NA,2019/10/09,2019/10/10,0,"9,7",14
Carrer de María Montessori,3272386,Apartamento,Valencia,1,1,€ 109,2019/10/09,2019/10/10,0,"8,2",14
Friendly Rentals ABC,3656596,Apartamento,Valencia,1,1,€ 110,2019/10/09,2019/10/10,0,"8,3",14
Friendly Rentals Puerto Deportivo,2317861,Apartamentos,Valencia,1,1,€ 110,2019/10/09,2019/10/10,0,"8,2",14
Primus Valencia,331871,NA,Valencia,1,1,€ 114,2019/10/09,2019/10/10,4,"8,3",14
Loft by the Beach,4441671,Apartamento,Valencia,1,1,€ 115,2019/10/09,2019/10/10,0,"8,4",14
Apartamentos Sollana 18 Cerca de les Arts i les Ciencies Valencia- FREE WI-FI,5232423,Apartamento,Valencia,1,1,€ 119,2019/10/09,2019/10/10,0,"8,1",14
Hotel Boutique Balandret,1281710,NA,Valencia,1,1,€ 124,2019/10/09,2019/10/10,3,"9,2",14
Welcome Apartamentos Pintor Stolz 31 Valencia,5019066,Apartamento,Valencia,1,1,€ 124,2019/10/09,2019/10/10,0,"9,1",14
Apartamento Frederick “Centrico y con Clase”,4236394,Apartamento,Valencia,1,1,NA,2019/10/09,2019/10/10,0,"9,7",14
Casual Socarrat Valencia,5142800,NA,Valencia,1,1,€ 127,2019/10/09,2019/10/10,3,"9,2",14
Disfruta - Enjoy Valencia Ruzafa,3890328,Apartamento,Valencia,1,1,NA,2019/10/09,2019/10/10,0,"9,7",14
Welcome Platanos 13 Valencia Beautiful apartments with terrace,5095795,Apartamento,Valencia,1,1,€ 119,2019/10/09,2019/10/10,0,"8,1",14
Silken Puerta Valencia,91182,NA,Valencia,1,1,€ 120,2019/10/09,2019/10/10,4,"8,3",14
Friendly Rentals Pergolesi,1634240,Apartamento,Valencia,1,1,€ 125,2019/10/09,2019/10/10,0,"8,4",14
Live in Chianti Apartaments,2882632,Apartamentos,Valencia,1,1,€ 128,2019/10/09,2019/10/10,0,"9,1",14
Apartamentos Valencia - Peset Aleixandre 135- FREE WI-FI,4262488,Apartamentos,Valencia,1,1,€ 128,2019/10/09,2019/10/10,0,9,14
Hotel Valencia Alameda,4019381,NA,Valencia,1,1,€ 129,2019/10/09,2019/10/10,4,"9,3",14
HQ Rooms Apartments San Vicente,2894429,Apartamentos,Valencia,1,1,€ 131,2019/10/09,2019/10/10,0,"9,2",14
Friendly Rentals Torrealba,1634243,Apartamento,Valencia,1,1,€ 135,2019/10/09,2019/10/10,0,"9,3",14
Hotel Conqueridor,91047,NA,Valencia,1,1,€ 126,2019/10/09,2019/10/10,4,"8,4",14
Zerka Centro,4425975,Apartamentos,Valencia,1,1,€ 129,2019/10/09,2019/10/10,0,"8,3",14
Friendly Rentals Verdi,1634232,Apartamento,Valencia,1,1,€ 135,2019/10/09,2019/10/10,0,"8,1",14
Casual de las Artes Valencia,538056,NA,Valencia,1,1,€ 139,2019/10/09,2019/10/10,3,"8,4",14
Apartamento frente al mar,3060802,Apartamento,Valencia,1,1,€ 145,2019/10/09,2019/10/10,0,"8,4",14
Friendly Rentals Evans,1634220,Apartamentos,Valencia,1,1,€ 160,2019/10/09,2019/10/10,0,"8,4",14
Loft el Carmen amazing views,4932621,Apartamento,Valencia,1,1,€ 172,2019/10/09,2019/10/10,0,"8,1",14
Apartment Valencia,348555,Apartamentos,Valencia,1,1,€ 182,2019/10/09,2019/10/10,0,8,14
Vlc Apartaments el Carmen,389902,Apartamentos,Valencia,1,1,€ 214,2019/10/09,2019/10/10,0,"8,2",14
Malvarrosa Calle Pavia,3608764,Casa o chalet,Valencia,1,1,€ 271,2019/10/09,2019/10/10,0,8,14
NWT Central Station Apartments,3964093,Apartamento,Valencia,1,1,€ 300,2019/10/09,2019/10/10,0,"8,2",14
Musico Peydro Apartments,3765069,Apartamentos,Valencia,1,1,€ 313,2019/10/09,2019/10/10,0,8,14
MD Vila Barbera Apartment Center,1957253,Apartamento,Valencia,1,1,€ 400,2019/10/09,2019/10/10,0,"8,3",14
UP Hostel Valencia,1710137,NA,Valencia,1,1,€ 14,2019/10/09,2019/10/10,0,"7,8",14
Pensión Universal,304276,NA,Valencia,1,1,€ 28,2019/10/09,2019/10/10,0,"7,9",14
RUZAFA- CENTRO-A/C- WI-FI- PARKING,2885994,Apartamento,Valencia,1,1,NA,2019/10/09,2019/10/10,0,"9,7",14
CheValenciaFlats,2064099,Apartamentos,Valencia,1,1,€ 138,2019/10/09,2019/10/10,0,9,14
OCEANOGRAFIC DELUXE- PARKING- WI-FI,4095746,Apartamento,Valencia,1,1,€ 140,2019/10/09,2019/10/10,0,"9,2",14
Palau de Palomar,471283,Apartamentos,Valencia,1,1,€ 145,2019/10/09,2019/10/10,0,"9,1",14
MYR Hotel Plaza Mercado & Spa,1619029,Apartahotel,Valencia,1,1,€ 149,2019/10/09,2019/10/10,0,"9,2",14
One Shot Mercat 09,2274203,NA,Valencia,1,1,€ 149,2019/10/09,2019/10/10,4,"9,1",14
Sweet Caroline Apartment,1811784,Apartamento,Valencia,1,1,€ 150,2019/10/09,2019/10/10,0,"9,2",14
Central Park Apartment Valencia,3881533,Apartamento,Valencia,1,1,NA,2019/10/09,2019/10/10,0,"9,6",14
Duplex en Blasco Ibáñez,3672426,Apartamento,Valencia,1,1,€ 155,2019/10/09,2019/10/10,0,"9,1",14
Edificio Pentagono,4673669,Apartamento,Valencia,1,1,€ 155,2019/10/09,2019/10/10,0,"9,1",14
Apartamentos Wallace,1698355,Apartamentos,Valencia,1,1,€ 161,2019/10/09,2019/10/10,0,"9,2",14
Zerka Sendra,4657122,Apartamento,Valencia,1,1,€ 179,2019/10/09,2019/10/10,0,9,14
Apartamentos La más Bonita,2816245,Apartamentos,Valencia,1,1,€ 180,2019/10/09,2019/10/10,0,"9,1",14
Las Arenas Balneario Resort,91144,NA,Valencia,1,1,€ 189,2019/10/09,2019/10/10,5,9,14
La seda stay,3335523,Apartamento,Valencia,1,1,NA,2019/10/09,2019/10/10,0,"9,7",14
NH Collection Colón Valencia,3828811,NA,Valencia,1,1,€ 192,2019/10/09,2019/10/10,4,"9,2",14
Loft Superior el Carmen,2784473,Apartamento,Valencia,1,1,€ 209,2019/10/09,2019/10/10,0,"9,2",14
Old Fisherman's House in Malvarrosa Beach,3618172,Apartamento,Valencia,1,1,€ 230,2019/10/09,2019/10/10,0,"9,4",14
Vincci Mercat,1279484,NA,Valencia,1,1,€ 231,2019/10/09,2019/10/10,4,9,14
Ca Carmela,2466364,Casa o chalet,Valencia,1,1,€ 252,2019/10/09,2019/10/10,0,"9,1",14
Mon Suites San Martin,2777545,Apartamentos,Valencia,1,1,€ 276,2019/10/09,2019/10/10,0,"9,4",14
Barracart Apartments,2125836,Apartamentos,Valencia,1,1,NA,2019/10/09,2019/10/10,0,"9,6",14
Cozy apartment in Valencia center,3402135,Apartamentos,Valencia,1,1,€ 284,2019/10/09,2019/10/10,0,"9,2",14
Caro Hotel,348132,NA,Valencia,1,1,€ 295,2019/10/09,2019/10/10,5,"9,2",14
The River Hostel,494202,NA,Valencia,1,1,€ 24,2019/10/09,2019/10/10,0,"8,5",14
Art&Flats Bed&Breakfast,5238345,NA,Valencia,1,1,€ 35,2019/10/09,2019/10/10,0,"8,9",14
Pensión Alicante,298710,NA,Valencia,1,1,€ 37,2019/10/09,2019/10/10,0,"8,5",14
Home Youth Hostel by Feetup Hostels,189322,NA,Valencia,1,1,€ 42,2019/10/09,2019/10/10,0,"8,8",14
Ciudad Ciencias- Lujo- Parking- Wi-Fi.,4999636,Apartamento,Valencia,1,1,NA,2019/10/09,2019/10/10,0,"9,8",14
Homestay Carrer Sagun,5006434,NA,Valencia,1,1,€ 50,2019/10/09,2019/10/10,0,"8,7",14
Quart Youth Hostel,476418,NA,Valencia,1,1,€ 53,2019/10/09,2019/10/10,0,"8,6",14
Valencia Suits You Citytel,1106307,NA,Valencia,1,1,€ 54,2019/10/09,2019/10/10,2,"8,6",14
Namaste Rooms,3799642,NA,Valencia,1,1,€ 55,2019/10/09,2019/10/10,0,"8,7",14
B&B Almirante,369695,NA,Valencia,1,1,€ 57,2019/10/09,2019/10/10,1,"8,8",14
Zalamera BnB,1331238,NA,Valencia,1,1,€ 58,2019/10/09,2019/10/10,0,"8,7",14
Moon Valencia,3560698,Apartamentos,Valencia,1,1,€ 60,2019/10/09,2019/10/10,0,"8,8",14
Sabía que venias!,3543756,NA,Valencia,1,1,€ 60,2019/10/09,2019/10/10,0,"8,6",14
Hulot B&B Valencia,585429,NA,Valencia,1,1,€ 63,2019/10/09,2019/10/10,0,"8,5",14
Apartamentos Plaza Picasso,97063,Apartamentos,Valencia,1,1,€ 67,2019/10/09,2019/10/10,0,"8,5",14
Balcón Al Mar,295109,NA,Valencia,1,1,€ 67,2019/10/09,2019/10/10,0,"8,5",14
Valenciaflats Centro Histórico,94781,Apartamentos,Valencia,1,1,€ 69,2019/10/09,2019/10/10,0,"8,7",14
Carrer de l'Escriptor Rafael Ferreres,4267645,Apartamento,Valencia,1,1,€ 70,2019/10/09,2019/10/10,0,"8,6",14
Valencia maritimo,3020748,Apartamento,Valencia,1,1,€ 70,2019/10/09,2019/10/10,0,"8,9",14
Hotel Malcom and Barret,483261,NA,Valencia,1,1,€ 71,2019/10/09,2019/10/10,3,"8,7",14
Habitación doble,3599930,NA,Valencia,1,1,€ 76,2019/10/09,2019/10/10,0,"8,9",14
Host & Home,1663785,NA,Valencia,1,1,€ 78,2019/10/09,2019/10/10,0,"8,9",14
Buho House,3777691,Apartahotel,Valencia,1,1,€ 79,2019/10/09,2019/10/10,0,"8,5",14
Balandra Flat,2032624,Apartamento,Valencia,1,1,€ 79,2019/10/09,2019/10/10,0,"8,6",14
Biopark View Apartment,2381901,Apartamento,Valencia,1,1,€ 80,2019/10/09,2019/10/10,0,"8,9",14
Apartamento Forn dels Apòstols,3122008,Apartamento,Valencia,1,1,NA,2019/10/09,2019/10/10,0,"9,6",14
Apartamento Jesus De Medinaceli,1728697,Apartamento,Valencia,1,1,€ 80,2019/10/09,2019/10/10,0,"8,6",14
UNIK. Apartments Valencia,2241282,Apartamentos,Valencia,1,1,€ 82,2019/10/09,2019/10/10,0,"8,5",14
MODERNO Y ACOGEDOR FRENTE A RUZAFA Y CERCA DEL CENTRO,4490444,Apartamento,Valencia,1,1,€ 82,2019/10/09,2019/10/10,0,"8,7",14
Apartamentos Turia,355328,Apartamentos,Valencia,1,1,€ 82,2019/10/09,2019/10/10,0,"8,7",14
B&B Hi Valencia Boutique,1301725,NA,Valencia,1,1,€ 83,2019/10/09,2019/10/10,0,"8,7",14
Boutique Creative Rooms,2334726,NA,Valencia,1,1,€ 86,2019/10/09,2019/10/10,0,"8,7",14
Ambrosio Flats Valencia - El Mercat,3131649,Apartamento,Valencia,1,1,NA,2019/10/09,2019/10/10,0,"9,5",14
APARTAMENTO LAS MELLIZAS,4651578,NA,Valencia,1,1,€ 44,2019/10/09,2019/10/10,0,"8,5",14
Petit Palomar,2187491,Apartamentos,Valencia,1,1,€ 89,2019/10/09,2019/10/10,0,"8,9",14
Sercotel Sorolla Palace,93646,NA,Valencia,1,1,€ 89,2019/10/09,2019/10/10,4,"8,6",14
Living Valencia - Patacona Beach 56,3718985,Apartamentos,Valencia,1,1,€ 90,2019/10/09,2019/10/10,0,"8,9",14
BUBUFLATS / Mercat,783206,Apartamentos,Valencia,1,1,€ 90,2019/10/09,2019/10/10,0,"8,9",14
Plaza Sainetero Arniches,3984774,Apartamento,Valencia,1,1,€ 92,2019/10/09,2019/10/10,0,"8,5",14
Valencia what else...,2550483,Apartamento,Valencia,1,1,NA,2019/10/09,2019/10/10,0,"9,5",14
Ad Hoc Carmen,1173270,NA,Valencia,1,1,€ 93,2019/10/09,2019/10/10,2,"8,9",14
Suites by Eric Olsan (Florista),4726450,Apartamentos,Valencia,1,1,€ 93,2019/10/09,2019/10/10,0,"8,5",14
València Centre Túria,2185255,Apartamento,Valencia,1,1,€ 94,2019/10/09,2019/10/10,0,"8,8",14
València Centre Torres de Quart,886289,Apartamentos,Valencia,1,1,€ 94,2019/10/09,2019/10/10,0,"8,9",14
Citizentral Gascons,332095,Apartamentos,Valencia,1,1,€ 94,2019/10/09,2019/10/10,0,"8,8",14
Hotel Kramer,91106,NA,Valencia,1,1,€ 95,2019/10/09,2019/10/10,3,"8,8",14
APARTAMENTO DE DISEÑO EN PLAZA MANISES,2823390,Apartamento,Valencia,1,1,NA,2019/10/09,2019/10/10,0,"9,7",14
Perla Apartments,3146781,Apartamentos,Valencia,1,1,€ 95,2019/10/09,2019/10/10,0,"8,8",14
Pio XII Apartments Valencia,402080,Apartamentos,Valencia,1,1,€ 95,2019/10/09,2019/10/10,0,"8,5",14
BUBUFLATS Mossén,1141763,Apartamentos,Valencia,1,1,€ 95,2019/10/09,2019/10/10,0,"8,9",14
Casa del Patriarca,364834,NA,Valencia,1,1,€ 95,2019/10/09,2019/10/10,0,"8,9",14
El Palacete Gran Via,3483148,NA,Valencia,1,1,€ 96,2019/10/09,2019/10/10,0,"8,8",14
Hotel Sercotel Acteón Valencia,90495,NA,Valencia,1,1,€ 99,2019/10/09,2019/10/10,4,"8,5",14
Casa Botànic - Céntrico y con comodidades,4218273,Apartamento,Valencia,1,1,NA,2019/10/09,2019/10/10,0,"9,8",14
SKY TOURISTIC ATTIC,281640,Apartamentos,Valencia,1,1,€ 99,2019/10/09,2019/10/10,0,"8,5",14
Ilunion Aqua 4,92777,NA,Valencia,1,1,€ 101,2019/10/09,2019/10/10,4,"8,5",14
Apartment City of Arts,3811530,Apartamentos,Valencia,1,1,€ 102,2019/10/09,2019/10/10,0,"8,6",14
Melia Plaza Valencia,13270,NA,Valencia,1,1,€ 105,2019/10/09,2019/10/10,4,"8,9",14
Casual del Cine Valencia,572187,NA,Valencia,1,1,€ 105,2019/10/09,2019/10/10,2,"8,6",14
Hotel Valencia Oceanic Managed by Melia Hotels International,91522,NA,Valencia,1,1,€ 105,2019/10/09,2019/10/10,4,"8,6",14
Apartamento,3139431,Apartamento,Valencia,1,1,NA,2019/10/09,2019/10/10,0,"9,5",14
Lotelito,570027,NA,Valencia,1,1,€ 106,2019/10/09,2019/10/10,0,"8,9",14
Petit Palace Ruzafa,90792,NA,Valencia,1,1,€ 107,2019/10/09,2019/10/10,3,"8,7",14
Ad Hoc Monumental,90719,NA,Valencia,1,1,€ 107,2019/10/09,2019/10/10,3,"8,6",14
Hotel San Lorenzo Boutique,1307718,NA,Valencia,1,1,€ 108,2019/10/09,2019/10/10,3,"8,6",14
Les flors,3985046,Apartamento,Valencia,1,1,€ 109,2019/10/09,2019/10/10,0,"8,7",14
Flatsforyou Mercat,1367507,Apartamentos,Valencia,1,1,€ 110,2019/10/09,2019/10/10,3,"8,9",14
Flatsforyou Ruzafa,3342696,Apartamentos,Valencia,1,1,€ 110,2019/10/09,2019/10/10,0,"8,8",14
Friendly Rentals Ravel I,1634234,Apartamento,Valencia,1,1,€ 110,2019/10/09,2019/10/10,0,"8,8",14
Friendly Rentals Casals,1769176,Apartamento,Valencia,1,1,€ 115,2019/10/09,2019/10/10,0,"8,7",14
Apartamentos Valencia - Brazil 31 Free WiFi,4948554,Apartamento,Valencia,1,1,€ 118,2019/10/09,2019/10/10,0,"8,9",14
Casual Vintage Valencia,1710241,NA,Valencia,1,1,€ 118,2019/10/09,2019/10/10,2,"8,6",14
City of Arts,3031480,Apartamento,Valencia,1,1,€ 120,2019/10/09,2019/10/10,0,"8,7",14
ValentiaApartments - MercadoCentral,4185241,Apartamentos,Valencia,1,1,€ 121,2019/10/09,2019/10/10,0,"8,8",14
Stylish newly renovated in great location /WIFI,3661070,Apartamento,Valencia,1,1,€ 122,2019/10/09,2019/10/10,0,"8,6",14
Apartments Welcome to Valencia Peset Aleixandre 69,4964856,Apartamento,Valencia,1,1,€ 122,2019/10/09,2019/10/10,0,"8,9",14
Hotel El Siglo,1741479,NA,Valencia,1,1,€ 123,2019/10/09,2019/10/10,3,"8,5",14
Soho Valencia,1538641,Apartahotel,Valencia,1,1,€ 127,2019/10/09,2019/10/10,0,"8,9",14
Hotel Mediterraneo Valencia,92412,NA,Valencia,1,1,€ 127,2019/10/09,2019/10/10,3,"8,8",14
