name,propertyId,propertyType,city,rooms,days,price,checkIn,checkOut,stars,score,advance
Hotel Turia,14441,NA,Valencia,1,1,€ 55,2019/12/14,2019/12/15,4,"7,5",90
Habitacion por dias Centro Valencia,3977106,NA,Valencia,1,1,€ 55,2019/12/14,2019/12/15,0,"7,9",90
Atico Duplex en el Carmen,2954876,Apartamento,Valencia,1,1,NA,2019/12/14,2019/12/15,0,"8,4",90
Hotel Beleret,94652,NA,Valencia,1,1,€ 57,2019/12/14,2019/12/15,3,"7,6",90
Ilunion Valencia 3,92818,NA,Valencia,1,1,€ 59,2019/12/14,2019/12/15,3,"7,9",90
OYO Pensión El Rincón,476031,NA,Valencia,1,1,€ 59,2019/12/14,2019/12/15,1,"7,6",90
Valencia Lounge Hostel,337203,NA,Valencia,1,1,€ 62,2019/12/14,2019/12/15,0,"7,8",90
Checkin Valencia,93743,NA,Valencia,1,1,€ 62,2019/12/14,2019/12/15,4,"7,8",90
Alex Apartment,1756374,Apartamento,Valencia,1,1,€ 64,2019/12/14,2019/12/15,0,"7,9",90
Apartamentos Valencia,1007682,Apartamentos,Valencia,1,1,NA,2019/12/14,2019/12/15,0,"8,3",90
Jero Rooms,296743,NA,Valencia,1,1,€ 64,2019/12/14,2019/12/15,0,"7,7",90
SEA YOU HOTEL PORT VALENCIA,92328,NA,Valencia,1,1,€ 75,2019/12/14,2019/12/15,4,"7,7",90
Plaza Sainetero 5,3148458,Apartamento,Valencia,1,1,€ 91,2019/12/14,2019/12/15,0,"7,8",90
Apartamento Angel Alcazar 35,2174625,Apartamento,Valencia,1,1,€ 110,2019/12/14,2019/12/15,0,"7,5",90
Spain Host Valencia Centro- San Vicente II,2567628,Apartamento,Valencia,1,1,€ 114,2019/12/14,2019/12/15,0,"7,5",90
Patacona Beach Apartment,4533678,Apartamento,Valencia,1,1,€ 119,2019/12/14,2019/12/15,0,"8,5",90
Apartamento Alguer,4005334,Apartamento,Valencia,1,1,€ 120,2019/12/14,2019/12/15,0,"7,6",90
MD Sueca. Apartment with Terrace Ruzafa,2551179,Apartamento,Valencia,1,1,NA,2019/12/14,2019/12/15,0,"8,2",90
STYLISH APARTMENT - CITY CENTER,2861517,Apartamento,Valencia,1,1,€ 140,2019/12/14,2019/12/15,0,"7,8",90
Kirei Apartment Calgary,4768322,Apartamento,Valencia,1,1,€ 148,2019/12/14,2019/12/15,0,"7,6",90
El 16 Ruzafa,865461,Apartamentos,Valencia,1,1,€ 149,2019/12/14,2019/12/15,0,"7,7",90
Old Town Flats Casa Burguerini,4552106,Apartamentos,Valencia,1,1,€ 151,2019/12/14,2019/12/15,0,"7,7",90
Dreams Rental City Hall,337092,Apartamentos,Valencia,1,1,€ 220,2019/12/14,2019/12/15,0,"7,5",90
MD Benlliure Beach.,1957258,Apartamento,Valencia,1,1,€ 271,2019/12/14,2019/12/15,0,"7,9",90
Friendly Rentals ABC,3656596,Apartamento,Valencia,1,1,NA,2019/12/14,2019/12/15,0,"8,3",90
Vincci Lys,91183,NA,Valencia,1,1,€ 123,2019/12/14,2019/12/15,4,"8,9",90
Quart Youth Hostel,476418,NA,Valencia,1,1,NA,2019/12/14,2019/12/15,0,"8,6",90
SH Valencia Palace,91497,NA,Valencia,1,1,€ 128,2019/12/14,2019/12/15,5,"8,5",90
Precioso Apartamento En Pleno Centro Con Wifi,3023494,Apartamento,Valencia,1,1,€ 130,2019/12/14,2019/12/15,0,"8,8",90
MD Art Apartment Ruzafa,2550955,Apartamento,Valencia,1,1,€ 271,2019/12/14,2019/12/15,0,"7,6",90
MD Pelayo with terrace,1979067,Apartamento,Valencia,1,1,€ 271,2019/12/14,2019/12/15,0,"7,8",90
MD Abastos Center,2551194,Apartamento,Valencia,1,1,€ 289,2019/12/14,2019/12/15,0,"7,7",90
MD Oliag I Apartment Ruzafa,2867488,Apartamento,Valencia,1,1,€ 317,2019/12/14,2019/12/15,0,"7,7",90
Apartment Plaza de la Merced,3457190,Apartamento,Valencia,1,1,€ 470,2019/12/14,2019/12/15,0,"7,9",90
SKY TOURISTIC ATTIC,281640,Apartamentos,Valencia,1,1,€ 135,2019/12/14,2019/12/15,0,"8,5",90
Stylish newly renovated in great location /WIFI,3661070,Apartamento,Valencia,1,1,€ 149,2019/12/14,2019/12/15,0,"8,6",90
Apartamento LUXURY CENTRO HISTORICO,3664772,Apartamento,Valencia,1,1,€ 149,2019/12/14,2019/12/15,0,"8,7",90
Catalonia Excelsior,90578,NA,Valencia,1,1,€ 150,2019/12/14,2019/12/15,3,"8,7",90
Apartments Plaza Ayuntamiento,3506736,Apartamento,Valencia,1,1,NA,2019/12/14,2019/12/15,0,"8,7",90
Cathedral Suites Hotel,1736257,Apartahotel,Valencia,1,1,€ 159,2019/12/14,2019/12/15,4,"8,9",90
ValentiaApartments - MercadoCentral,4185241,Apartamentos,Valencia,1,1,€ 166,2019/12/14,2019/12/15,0,"8,8",90
Puerta de Serranos,2734333,Apartamentos,Valencia,1,1,€ 166,2019/12/14,2019/12/15,0,"8,8",90
The Westin Valencia,93321,NA,Valencia,1,1,€ 173,2019/12/14,2019/12/15,5,"8,7",90
Apartamento Casa con Angel,1079935,Apartamentos,Valencia,1,1,€ 182,2019/12/14,2019/12/15,0,"8,8",90
Exclusive Beach Apartment,4641691,Apartamento,Valencia,1,1,€ 205,2019/12/14,2019/12/15,0,"8,9",90
Total Valencia Cathedral,1908021,Apartamentos,Valencia,1,1,NA,2019/12/14,2019/12/15,0,"8,8",90
Carlos & Ana,2079019,Apartamento,Valencia,1,1,€ 215,2019/12/14,2019/12/15,0,"8,9",90
Petit Palace Plaza de la Reina,90443,NA,Valencia,1,1,€ 258,2019/12/14,2019/12/15,3,"8,7",90
Flatsforyou Mercat,1367507,Apartamentos,Valencia,1,1,€ 280,2019/12/14,2019/12/15,3,"8,9",90
Habitación en valencia centro,5418023,NA,Valencia,1,1,€ 30,2019/12/14,2019/12/15,0,"8,3",90
Habitacion Barata Valencia,3931013,NA,Valencia,1,1,€ 35,2019/12/14,2019/12/15,0,8,90
Habitación en piso compartido,5433175,NA,Valencia,1,1,€ 40,2019/12/14,2019/12/15,0,8,90
Total Valencia Mercat,2779708,Apartamento,Valencia,1,1,NA,2019/12/14,2019/12/15,0,"8,6",90
Habitacion en Valencia Barata,4861796,NA,Valencia,1,1,€ 40,2019/12/14,2019/12/15,0,"8,2",90
Hotel Villacarlos,90730,NA,Valencia,1,1,€ 41,2019/12/14,2019/12/15,3,8,90
Center Valencia Youth Hostel,246931,NA,Valencia,1,1,€ 44,2019/12/14,2019/12/15,0,8,90
Hostal Abastos,257057,NA,Valencia,1,1,€ 45,2019/12/14,2019/12/15,2,"8,2",90
Purple Nest Hostel,25278,NA,Valencia,1,1,€ 48,2019/12/14,2019/12/15,0,"8,1",90
Habitación Despuig,4901343,NA,Valencia,1,1,€ 26,2019/12/14,2019/12/15,0,"6,8",90
Habitación con cama doble,4794909,NA,Valencia,1,1,€ 32,2019/12/14,2019/12/15,0,"6,7",90
Eurostars Rey Don Jaime,91520,NA,Valencia,1,1,€ 71,2019/12/14,2019/12/15,4,"8,2",90
Sweet Hotel Continental,93856,NA,Valencia,1,1,€ 74,2019/12/14,2019/12/15,2,"8,3",90
Quart Silence,2024765,Apartamentos,Valencia,1,1,NA,2019/12/14,2019/12/15,0,8,90
Reina 12,1684198,NA,Valencia,1,1,€ 74,2019/12/14,2019/12/15,0,"8,2",90
Ático cerca del mar,4040503,Apartamento,Valencia,1,1,€ 75,2019/12/14,2019/12/15,0,"8,3",90
Holiday Inn Express Ciudad de las Ciencias,96737,NA,Valencia,1,1,€ 75,2019/12/14,2019/12/15,3,8,90
NH Valencia Center,90727,NA,Valencia,1,1,€ 78,2019/12/14,2019/12/15,4,"8,3",90
Valenciaflats Torres de Serrano,17468,Apartamentos,Valencia,1,1,€ 78,2019/12/14,2019/12/15,0,"8,3",90
Ilunion Aqua 3,92776,NA,Valencia,1,1,€ 79,2019/12/14,2019/12/15,3,"8,3",90
Living Valencia - Blanquerías,2860821,Apartamentos,Valencia,1,1,NA,2019/12/14,2019/12/15,0,"8,4",90
Primus Valencia,331871,NA,Valencia,1,1,€ 79,2019/12/14,2019/12/15,4,"8,3",90
Nanit Valencia Hostel,3913497,NA,Valencia,1,1,€ 80,2019/12/14,2019/12/15,0,"8,3",90
City of Arts & Spa Apartment,4820684,Apartamento,Valencia,1,1,€ 80,2019/12/14,2019/12/15,0,8,90
Ilunion Valencia 4,754329,NA,Valencia,1,1,€ 84,2019/12/14,2019/12/15,4,"8,1",90
Hotel Conqueridor,91047,NA,Valencia,1,1,€ 90,2019/12/14,2019/12/15,4,"8,4",90
Apartamento Plaza Sainetero,2743838,Apartamento,Valencia,1,1,€ 93,2019/12/14,2019/12/15,0,"8,2",90
Up Town,2244083,Apartamentos,Valencia,1,1,NA,2019/12/14,2019/12/15,0,"8,2",90
Colors Rooms,675839,NA,Valencia,1,1,€ 40,2019/12/14,2019/12/15,0,"9,6",90
Ramirez Flats & Bar,4124528,Apartahotel,Valencia,1,1,€ 80,2019/12/14,2019/12/15,0,"9,5",90
Apartments Downtown Valencia,2250421,Apartamentos,Valencia,1,1,NA,2019/12/14,2019/12/15,0,"9,6",90
Botanico Silence,3175932,Apartamento,Valencia,1,1,NA,2019/12/14,2019/12/15,0,"7,7",90
PISO ACOGEDOR,4995780,NA,Valencia,1,1,€ 50,2019/12/14,2019/12/15,0,"6,9",90
Nest Style Valencia -Nueva apertura-,5219046,NA,Valencia,1,1,€ 93,2019/12/14,2019/12/15,3,"9,6",90
Casa La Buhardilla,2985364,Apartamento,Valencia,1,1,€ 97,2019/12/14,2019/12/15,0,"9,6",90
Precioso piso junto al antiguo barrio de Campanar,3297078,Apartamento,Valencia,1,1,€ 100,2019/12/14,2019/12/15,0,"9,5",90
Guest House Lebon,3124256,NA,Valencia,1,1,€ 60,2019/12/14,2019/12/15,0,"6,9",90
Geography and Arts.,3569110,NA,Valencia,1,1,€ 60,2019/12/14,2019/12/15,0,"6,9",90
Valencian Dreams Lonja,4757385,Apartamento,Valencia,1,1,€ 116,2019/12/14,2019/12/15,0,"9,7",90
15 Avinguda Mare Nostrum,4518973,Apartamento,Valencia,1,1,€ 120,2019/12/14,2019/12/15,0,"9,7",90
Opera House Valencia B&B,3533887,NA,Valencia,1,1,€ 145,2019/12/14,2019/12/15,0,"9,5",90
Barracart Apartments,2125836,Apartamentos,Valencia,1,1,NA,2019/12/14,2019/12/15,0,"9,6",90
Kirei Apartment Na Jordana,1702092,Apartamentos,Valencia,1,1,€ 101,2019/12/14,2019/12/15,0,"6,9",90
Casita Esmeralda,2040126,Casa o chalet,Valencia,1,1,€ 114,2019/12/14,2019/12/15,0,"6,5",90
Miresa flats,5300418,Apartamento,Valencia,1,1,€ 148,2019/12/14,2019/12/15,0,"6,6",90
Peset Silence,3698967,Apartamento,Valencia,1,1,NA,2019/12/14,2019/12/15,0,"7,5",90
MD Villalonga Malvarosa Beach,3739661,Apartamento,Valencia,1,1,€ 430,2019/12/14,2019/12/15,0,"6,8",90
Guest House Higinio Noja,2845935,NA,Valencia,1,1,€ 60,2019/12/14,2019/12/15,0,6,90
Atico Ciutat Vella,3446230,Apartamentos,Valencia,1,1,€ 95,2019/12/14,2019/12/15,0,"8,4",90
Homestay Valencia,2597106,NA,Valencia,1,1,€ 95,2019/12/14,2019/12/15,0,"8,1",90
United Colors of Apartments - Catedral,1301545,Apartamentos,Valencia,1,1,€ 99,2019/12/14,2019/12/15,0,"8,2",90
Apartamento Ciudad de las Artes y las Ciencias,4353552,Apartamento,Valencia,1,1,€ 99,2019/12/14,2019/12/15,0,"8,3",90
MD Modern Hotel - Jardines,305447,NA,Valencia,1,1,€ 105,2019/12/14,2019/12/15,1,"8,3",90
Carrer de María Montessori,3272386,Apartamento,Valencia,1,1,€ 120,2019/12/14,2019/12/15,0,"8,2",90
Malvarrosa Silence,1907504,Apartamentos,Valencia,1,1,NA,2019/12/14,2019/12/15,0,8,90
Apartamento Privado Próximo a Playa y Ciencias,3783163,Apartamento,Valencia,1,1,€ 120,2019/12/14,2019/12/15,0,"8,2",90
Rio Turia Skatehouse,4624602,Apartamento,Valencia,1,1,€ 125,2019/12/14,2019/12/15,0,"8,2",90
Eurostars Gran Valencia,90484,NA,Valencia,1,1,€ 134,2019/12/14,2019/12/15,4,"8,4",90
Apartamento Obispo don Jerónimo,2079020,Apartamento,Valencia,1,1,€ 135,2019/12/14,2019/12/15,0,"8,2",90
Apartamento Gran Vía Marqués del Turia,2358973,Apartamento,Valencia,1,1,€ 144,2019/12/14,2019/12/15,0,"8,4",90
Apartamento centro,3160737,Apartamento,Valencia,1,1,€ 165,2019/12/14,2019/12/15,0,"9,7",90
MARQUÉS HOUSE 4* SUP,2118880,NA,Valencia,1,1,€ 169,2019/12/14,2019/12/15,4,"9,5",90
Ciudad Ciencias- Lujo- Parking- Wi-Fi.,4999636,Apartamento,Valencia,1,1,€ 170,2019/12/14,2019/12/15,0,"9,8",90
Valencia center,3168460,Apartamento,Valencia,1,1,€ 180,2019/12/14,2019/12/15,0,"9,8",90
Ca María,3776707,Apartamento,Valencia,1,1,€ 180,2019/12/14,2019/12/15,0,"9,7",90
City Center Atico 360,3025679,Apartamento,Valencia,1,1,€ 188,2019/12/14,2019/12/15,0,"9,5",90
Valencia what else...,2550483,Apartamento,Valencia,1,1,NA,2019/12/14,2019/12/15,0,"9,5",90
Disfruta - Enjoy Valencia Oceanografic,4121345,Apartamento,Valencia,1,1,€ 229,2019/12/14,2019/12/15,0,"9,6",90
Disfruta - Enjoy Valencia Ayuntamiento,4901194,Apartamento,Valencia,1,1,€ 229,2019/12/14,2019/12/15,0,"9,6",90
Luxury Beach Apartment with Pool,3841868,Apartamento,Valencia,1,1,€ 355,2019/12/14,2019/12/15,0,"9,7",90
MD PASEO RUZAFA CENTER,5374850,Apartamento,Valencia,1,1,€ 1.030,2019/12/14,2019/12/15,0,"9,5",90
YOU & CO. Saler Beach Boutique,4533007,NA,Valencia,1,1,€ 42,2019/12/14,2019/12/15,3,"9,1",90
Carrer del Bisbe Jaume Pérez,4900140,NA,Valencia,1,1,€ 60,2019/12/14,2019/12/15,0,6,90
Kirei Apartment San Agustin,1712323,Apartamentos,Valencia,1,1,€ 137,2019/12/14,2019/12/15,0,6,90
Kirei Apartment Denver,4585191,Apartamento,Valencia,1,1,€ 161,2019/12/14,2019/12/15,0,"6,3",90
Gon & Diego House,4899561,NA,Valencia,1,1,€ 40,2019/12/14,2019/12/15,0,"5,6",90
Cantagua Hostel,4074640,NA,Valencia,1,1,€ 43,2019/12/14,2019/12/15,0,"9,1",90
Casa Botànic - Céntrico y con comodidades,4218273,Apartamento,Valencia,1,1,NA,2019/12/14,2019/12/15,0,"9,8",90
Habitación privada a 1500 metros de la playa,3789910,NA,Valencia,1,1,€ 60,2019/12/14,2019/12/15,0,"9,2",90
Hostal Venecia,92883,NA,Valencia,1,1,€ 60,2019/12/14,2019/12/15,2,"9,1",90
Total Valencia Charming,699756,Apartamentos,Valencia,1,1,NA,2019/12/14,2019/12/15,0,"7,8",90
Oliver,4865093,NA,Valencia,1,1,€ 53,2019/12/14,2019/12/15,0,"5,8",90
Valencia B&B,2658386,NA,Valencia,1,1,€ 69,2019/12/14,2019/12/15,0,"5,6",90
Kirei Apartment Berlin,4504570,Apartamentos,Valencia,1,1,€ 103,2019/12/14,2019/12/15,0,"5,5",90
Kirei Apartment Portland,4276529,Apartamentos,Valencia,1,1,€ 200,2019/12/14,2019/12/15,0,"5,9",90
Rooms Ciencias,94126,NA,Valencia,1,1,€ 68,2019/12/14,2019/12/15,0,9,90
Soho Valencia,1538641,Apartahotel,Valencia,1,1,€ 70,2019/12/14,2019/12/15,0,9,90
Hi Valencia Cánovas,4312120,Apartamentos,Valencia,1,1,€ 71,2019/12/14,2019/12/15,0,9,90
Port of Valencia,3805735,Apartamento,Valencia,1,1,€ 150,2019/12/14,2019/12/15,0,"4,9",90
Malvarosa,3820590,Apartamento,Valencia,1,1,€ 190,2019/12/14,2019/12/15,0,"4,1",90
Coroa del Mar,1549399,Apartamentos,Valencia,1,1,NA,2019/12/14,2019/12/15,0,"7,1",90
Aventura,5567318,Apartamentos,Valencia,1,1,€ 40,2019/12/14,2019/12/15,0,,90
Bright room with trundle bed,5560260,NA,Valencia,1,1,€ 46,2019/12/14,2019/12/15,0,,90
Habitación privada con baño privado a 300 metros de la playa.,5587588,NA,Valencia,1,1,€ 49,2019/12/14,2019/12/15,0,,90
Aventura Valencia 2,5604325,NA,Valencia,1,1,€ 50,2019/12/14,2019/12/15,0,,90
Hogar Dulce Hogar,5426607,NA,Valencia,1,1,€ 60,2019/12/14,2019/12/15,0,,90
ABCyou Bed&Breakfast,189207,NA,Valencia,1,1,€ 64,2019/12/14,2019/12/15,0,"8,5",90
Host & Home,1663785,NA,Valencia,1,1,€ 64,2019/12/14,2019/12/15,0,"8,9",90
Austria 4,1605997,Apartamentos,Valencia,1,1,NA,2019/12/14,2019/12/15,0,9,90
UNIK. Apartments Valencia,2241282,Apartamentos,Valencia,1,1,€ 65,2019/12/14,2019/12/15,0,"8,5",90
Hotel Kramer,91106,NA,Valencia,1,1,€ 67,2019/12/14,2019/12/15,3,"8,8",90
Casual del Cine Valencia,572187,NA,Valencia,1,1,€ 68,2019/12/14,2019/12/15,2,"8,6",90
Boutique Creative Rooms,2334726,NA,Valencia,1,1,€ 70,2019/12/14,2019/12/15,0,"8,7",90
Hotel Valencia Oceanic Managed by Melia Hotels International,91522,NA,Valencia,1,1,€ 70,2019/12/14,2019/12/15,4,"8,6",90
Valencia maritimo,3020748,Apartamento,Valencia,1,1,€ 70,2019/12/14,2019/12/15,0,"8,9",90
Apartments Abate 4,2848648,Apartamentos,Valencia,1,1,NA,2019/12/14,2019/12/15,0,"9,1",90
AC Hotel Valencia- a Marriott Lifestyle Hotel,91063,NA,Valencia,1,1,€ 70,2019/12/14,2019/12/15,4,"8,5",90
Jardín Botánico Hotel Boutique,93369,NA,Valencia,1,1,€ 70,2019/12/14,2019/12/15,3,"8,9",90
València Centre Torres de Quart,886289,Apartamentos,Valencia,1,1,€ 73,2019/12/14,2019/12/15,0,"8,9",90
Hotel El Siglo,1741479,NA,Valencia,1,1,€ 74,2019/12/14,2019/12/15,3,"8,5",90
Petit Palace Ruzafa,90792,NA,Valencia,1,1,€ 74,2019/12/14,2019/12/15,3,"8,7",90
Ad Hoc Monumental,90719,NA,Valencia,1,1,€ 74,2019/12/14,2019/12/15,3,"8,6",90
Apartamento en la Ciudad de las ciencias,2837499,Casa o chalet,Valencia,1,1,NA,2019/12/14,2019/12/15,0,"9,2",90
Habitación doble,3599930,NA,Valencia,1,1,€ 75,2019/12/14,2019/12/15,0,"8,9",90
València Centre Túria,2185255,Apartamento,Valencia,1,1,€ 75,2019/12/14,2019/12/15,0,"8,8",90
Sercotel Sorolla Palace,93646,NA,Valencia,1,1,€ 76,2019/12/14,2019/12/15,4,"8,6",90
Casual Vintage Valencia,1710241,NA,Valencia,1,1,€ 77,2019/12/14,2019/12/15,2,"8,6",90
Zenit Valencia,92327,NA,Valencia,1,1,€ 77,2019/12/14,2019/12/15,4,"8,8",90
Barceló Valencia,91988,NA,Valencia,1,1,€ 77,2019/12/14,2019/12/15,4,"8,7",90
Total Valencia White,2201908,Apartamento,Valencia,1,1,NA,2019/12/14,2019/12/15,0,"9,2",90
Ilunion Aqua 4,92777,NA,Valencia,1,1,€ 79,2019/12/14,2019/12/15,4,"8,5",90
Casa de Maria,2467712,Apartamento,Valencia,1,1,€ 80,2019/12/14,2019/12/15,0,"8,6",90
Hotel Mediterraneo Valencia,92412,NA,Valencia,1,1,€ 82,2019/12/14,2019/12/15,3,"8,8",90
MYR Hotel Plaza Mercado & Spa,1619029,Apartahotel,Valencia,1,1,€ 109,2019/12/14,2019/12/15,0,"9,2",90
Turia Burjassot 12,3237353,Apartamento,Valencia,1,1,€ 110,2019/12/14,2019/12/15,0,9,90
Melia Valencia,290493,NA,Valencia,1,1,€ 84,2019/12/14,2019/12/15,4,"8,8",90
Valenciaflats Mercado Central,307677,Apartamentos,Valencia,1,1,€ 85,2019/12/14,2019/12/15,0,"8,9",90
Citizentral Gascons,332095,Apartamentos,Valencia,1,1,€ 87,2019/12/14,2019/12/15,0,"8,8",90
Teixidors de Palomar,2639791,Apartamentos,Valencia,1,1,NA,2019/12/14,2019/12/15,0,"9,3",90
Apartamento Bolseria 28,881275,Apartamentos,Valencia,1,1,NA,2019/12/14,2019/12/15,0,"9,5",90
Hi Valencia Apartments - Jorge Juan,2373701,Apartamento,Valencia,1,1,€ 110,2019/12/14,2019/12/15,0,"9,4",90
"Piso ""Como en tu casa""",2689136,Apartamento,Valencia,1,1,€ 110,2019/12/14,2019/12/15,0,"9,2",90
Center Valencia,2944722,Casa o chalet,Valencia,1,1,€ 115,2019/12/14,2019/12/15,0,"9,3",90
One Shot Mercat 09,2274203,NA,Valencia,1,1,€ 118,2019/12/14,2019/12/15,4,"9,1",90
Lotelito,570027,NA,Valencia,1,1,€ 87,2019/12/14,2019/12/15,0,"8,9",90
Valenciaflats Centro Histórico,94781,Apartamentos,Valencia,1,1,€ 87,2019/12/14,2019/12/15,0,"8,7",90
Hotel Dimar,90886,NA,Valencia,1,1,€ 90,2019/12/14,2019/12/15,4,"8,7",90
5 SENSES,3786890,Apartamento,Valencia,1,1,€ 120,2019/12/14,2019/12/15,0,"9,1",90
Apartamentos Naranja y Limòn,2250906,Apartamentos,Valencia,1,1,€ 120,2019/12/14,2019/12/15,0,"9,3",90
Apartment Plaza Cisneros,1273377,Apartamentos,Valencia,1,1,NA,2019/12/14,2019/12/15,0,"9,8",90
Valencia-Ruzafa Studio,3235983,Apartamento,Valencia,1,1,€ 120,2019/12/14,2019/12/15,0,"9,1",90
Apartment close to park Marchalenes,4418670,Apartamento,Valencia,1,1,€ 120,2019/12/14,2019/12/15,0,"9,1",90
One Shot Colón 46,1394168,NA,Valencia,1,1,€ 93,2019/12/14,2019/12/15,3,"8,7",90
New Trendy apartment,2426154,Apartamento,Valencia,1,1,€ 95,2019/12/14,2019/12/15,0,"8,7",90
AC Hotel Colon Valencia- a Marriott Lifestyle Hotel,1117150,NA,Valencia,1,1,€ 97,2019/12/14,2019/12/15,4,"8,7",90
Hotel Boutique Balandret,1281710,NA,Valencia,1,1,€ 124,2019/12/14,2019/12/15,3,"9,2",90
Mon Suites San Nicolas,4117225,Apartamentos,Valencia,1,1,€ 124,2019/12/14,2019/12/15,0,"9,2",90
My Loft 4 You Borgia,2009492,Apartamento,Valencia,1,1,€ 126,2019/12/14,2019/12/15,0,9,90
Live in Chianti Apartaments,2882632,Apartamentos,Valencia,1,1,€ 128,2019/12/14,2019/12/15,0,9,90
Homely Nest Valencia El Carme,3790877,Apartamento,Valencia,1,1,NA,2019/12/14,2019/12/15,0,"9,8",90
Vivaldi Penthouse Ayuntamiento,1289561,Apartamento,Valencia,1,1,NA,2019/12/14,2019/12/15,0,"9,2",90
Homestay Carrer Sagun,5006434,NA,Valencia,1,1,€ 98,2019/12/14,2019/12/15,0,"8,6",90
Piso en la playa,2767716,Apartamento,Valencia,1,1,€ 100,2019/12/14,2019/12/15,0,"8,7",90
Valencian Apartment,2298621,Apartamento,Valencia,1,1,€ 100,2019/12/14,2019/12/15,0,"8,9",90
Loft zona Pechina en Valencia centro,2524985,Apartamento,Valencia,1,1,€ 128,2019/12/14,2019/12/15,0,"9,2",90
Center City Flats,861452,Apartamentos,Valencia,1,1,€ 128,2019/12/14,2019/12/15,0,"9,1",90
APARTAMENTO CENTRICO. WI-FI. PARKING,2967593,Apartamento,Valencia,1,1,€ 130,2019/12/14,2019/12/15,0,"9,1",90
Apartamento centro frente a Torres de Serrano,3408067,Apartamento,Valencia,1,1,€ 130,2019/12/14,2019/12/15,0,"9,4",90
HQ Rooms Apartments San Vicente,2894429,Apartamentos,Valencia,1,1,€ 131,2019/12/14,2019/12/15,0,"9,2",90
Apartamento en Valencia,2549783,Apartamento,Valencia,1,1,€ 100,2019/12/14,2019/12/15,0,"8,7",90
apartamento las torres-botanico,4694090,Apartamento,Valencia,1,1,€ 101,2019/12/14,2019/12/15,0,"8,9",90
Hotel San Lorenzo Boutique,1307718,NA,Valencia,1,1,€ 104,2019/12/14,2019/12/15,3,"8,6",90
Vincci Mercat,1279484,NA,Valencia,1,1,€ 132,2019/12/14,2019/12/15,4,9,90
L'Esplai Valencia Bed & Breakfast,1282556,NA,Valencia,1,1,NA,2019/12/14,2019/12/15,0,"9,6",90
MD Design Hotel - Portal del Real,2391685,NA,Valencia,1,1,€ 133,2019/12/14,2019/12/15,2,"9,1",90
Melia Plaza Valencia,13270,NA,Valencia,1,1,€ 105,2019/12/14,2019/12/15,4,"8,9",90
Vincci Palace,94163,NA,Valencia,1,1,€ 106,2019/12/14,2019/12/15,4,"8,6",90
SH Ingles Boutique Hotel,92956,NA,Valencia,1,1,€ 108,2019/12/14,2019/12/15,4,"8,5",90
Hotel Neptuno,91206,NA,Valencia,1,1,€ 108,2019/12/14,2019/12/15,4,"8,5",90
Las Arenas Balneario Resort,91144,NA,Valencia,1,1,€ 135,2019/12/14,2019/12/15,5,9,90
Mon Suites Catedral,485679,Apartamentos,Valencia,1,1,€ 139,2019/12/14,2019/12/15,0,"9,2",90
OCEANOGRAFIC APARTMENT. PARKING. WI-FI,3107716,Apartamentos,Valencia,1,1,€ 140,2019/12/14,2019/12/15,0,9,90
NH Collection Colón Valencia,3828811,NA,Valencia,1,1,€ 140,2019/12/14,2019/12/15,4,"9,2",90
One Shot Palacio Reina Victoria 04,90885,NA,Valencia,1,1,€ 110,2019/12/14,2019/12/15,4,"8,6",90
Burjassot Mestalla,3058627,Apartamento,Valencia,1,1,€ 110,2019/12/14,2019/12/15,0,"8,6",90
Biopark View Apartment,2381901,Apartamento,Valencia,1,1,€ 111,2019/12/14,2019/12/15,0,"8,9",90
Brisa Mare Nostrum,2855311,Apartamento,Valencia,1,1,€ 145,2019/12/14,2019/12/15,0,"9,3",90
Hostal Antigua Morellana,1273937,NA,Valencia,1,1,NA,2019/12/14,2019/12/15,1,"9,5",90
Mon Suites San Martin,2777545,Apartamentos,Valencia,1,1,€ 147,2019/12/14,2019/12/15,0,"9,4",90
OCEANOGRAFIC DELUXE- PARKING- WI-FI,4095746,Apartamento,Valencia,1,1,€ 150,2019/12/14,2019/12/15,0,"9,2",90
Sweet Caroline Apartment,1811784,Apartamento,Valencia,1,1,€ 150,2019/12/14,2019/12/15,0,"9,2",90
Blanq Carmen Hotel,97069,NA,Valencia,1,1,€ 114,2019/12/14,2019/12/15,3,"8,7",90
El Palacete Gran Via,3483148,NA,Valencia,1,1,€ 115,2019/12/14,2019/12/15,0,"8,8",90
Loft by the Beach,4441671,Apartamento,Valencia,1,1,€ 115,2019/12/14,2019/12/15,0,"8,5",90
Plaza de la Virgen,3167342,Apartamento,Valencia,1,1,€ 115,2019/12/14,2019/12/15,0,"8,8",90
Edificio Pentagono,4673669,Apartamento,Valencia,1,1,€ 155,2019/12/14,2019/12/15,0,9,90
Mediterranean Flats Plaza Redonda,4086496,Apartamentos,Valencia,1,1,€ 175,2019/12/14,2019/12/15,0,"9,2",90
Apartamento Playa Wifi Gratis,3495634,Apartamento,Valencia,1,1,€ 190,2019/12/14,2019/12/15,0,"9,3",90
Palau de Palomar,471283,Apartamentos,Valencia,1,1,NA,2019/12/14,2019/12/15,0,"9,1",90
Jardines del Turia - Espacioso apartamento,2734126,Apartamento,Valencia,1,1,€ 200,2019/12/14,2019/12/15,0,"9,1",90
APARTAMENTO LAS MELLIZAS,4651578,NA,Valencia,1,1,€ 59,2019/12/14,2019/12/15,0,"8,5",90
Caro Hotel,348132,NA,Valencia,1,1,€ 209,2019/12/14,2019/12/15,5,"9,2",90
Loft Superior el Carmen,2784473,Apartamento,Valencia,1,1,€ 212,2019/12/14,2019/12/15,0,"9,2",90
Zerka Sendra,4657122,Apartamento,Valencia,1,1,€ 249,2019/12/14,2019/12/15,0,9,90
Ca Carmela,2466364,Casa o chalet,Valencia,1,1,€ 250,2019/12/14,2019/12/15,0,"9,1",90
MD Julio Antonio Apartment Center,3961049,Apartamento,Valencia,1,1,€ 285,2019/12/14,2019/12/15,0,"9,3",90
Old Fisherman's House in Malvarrosa Beach,3618172,Apartamento,Valencia,1,1,€ 480,2019/12/14,2019/12/15,0,"9,4",90
Pensión Alicante,298710,NA,Valencia,1,1,€ 36,2019/12/14,2019/12/15,0,"8,5",90
Pio XII Apartments Valencia,402080,Apartamentos,Valencia,1,1,€ 51,2019/12/14,2019/12/15,0,"8,5",90
Home Youth Hostel by Feetup Hostels,189322,NA,Valencia,1,1,€ 52,2019/12/14,2019/12/15,0,"8,8",90
Zalamera BnB,1331238,NA,Valencia,1,1,€ 53,2019/12/14,2019/12/15,0,"8,7",90
Estrella de russafa,5352439,NA,Valencia,1,1,€ 55,2019/12/14,2019/12/15,0,"8,7",90
Hotel Malcom and Barret,483261,NA,Valencia,1,1,€ 55,2019/12/14,2019/12/15,3,"8,7",90
Hotel Sercotel Acteón Valencia,90495,NA,Valencia,1,1,€ 55,2019/12/14,2019/12/15,4,"8,5",90
Apartamentos Plaza Picasso,97063,Apartamentos,Valencia,1,1,€ 57,2019/12/14,2019/12/15,0,"8,5",90
Hulot B&B Valencia,585429,NA,Valencia,1,1,€ 58,2019/12/14,2019/12/15,0,"8,5",90
B&B Hi Valencia Boutique,1301725,NA,Valencia,1,1,€ 62,2019/12/14,2019/12/15,0,"8,8",90
Ad Hoc Carmen,1173270,NA,Valencia,1,1,€ 64,2019/12/14,2019/12/15,2,"8,9",90
