name,propertyId,propertyType,city,rooms,days,price,checkIn,checkOut,stars,score,advance
Las Arenas Balneario Resort,91144,NA,Valencia,1,1,€ 189,2019/12/29,2019/12/30,5,9,90
Jardines del Turia - Espacioso apartamento,2734126,Apartamento,Valencia,1,1,€ 200,2019/12/29,2019/12/30,0,"9,1",90
Central Park Apartment Valencia,3881533,Apartamento,Valencia,1,1,NA,2019/12/29,2019/12/30,0,"9,5",90
Hostal Antigua Morellana,1273937,NA,Valencia,1,1,€ 80,2019/12/29,2019/12/30,1,"9,5",90
MYR Hotel Plaza Mercado & Spa,1619029,Apartahotel,Valencia,1,1,€ 210,2019/12/29,2019/12/30,0,"9,2",90
Arena's Apartament,2156905,Apartamento,Valencia,1,1,€ 225,2019/12/29,2019/12/30,0,"9,1",90
Caro Hotel,348132,NA,Valencia,1,1,€ 229,2019/12/29,2019/12/30,5,"9,2",90
Edificio Pentagono,4673669,Apartamento,Valencia,1,1,€ 235,2019/12/29,2019/12/30,0,"9,1",90
Apartamento Playa Wifi Gratis,3495634,Apartamento,Valencia,1,1,€ 240,2019/12/29,2019/12/30,0,"9,3",90
L'Esplai Valencia Bed & Breakfast,1282556,NA,Valencia,1,1,€ 91,2019/12/29,2019/12/30,0,"9,6",90
VALENCIA APARTAMENTO GOYA,4256653,Apartamento,Valencia,1,1,NA,2019/12/29,2019/12/30,0,10,90
Precioso piso junto al antiguo barrio de Campanar,3297078,Apartamento,Valencia,1,1,€ 100,2019/12/29,2019/12/30,0,"9,5",90
15 Avinguda Mare Nostrum,4518973,Apartamento,Valencia,1,1,€ 120,2019/12/29,2019/12/30,0,"9,4",90
Ramirez Flats & Bar,4124528,Apartahotel,Valencia,1,1,€ 122,2019/12/29,2019/12/30,0,"9,5",90
Nest Style Valencia -Nueva apertura-,5219046,NA,Valencia,1,1,€ 123,2019/12/29,2019/12/30,3,"9,5",90
Valencian Dreams Lonja,4757385,Apartamento,Valencia,1,1,€ 138,2019/12/29,2019/12/30,0,"9,8",90
Olympia Flats,4212801,NA,Valencia,1,1,€ 70,2019/12/29,2019/12/30,0,"9,8",90
La Casa Verde - Ruzafa,2029143,Apartamento,Valencia,1,1,NA,2019/12/29,2019/12/30,0,"9,7",90
PORT VALENCIA PLAYA,5259971,Apartamento,Valencia,1,1,€ 170,2019/12/29,2019/12/30,0,"9,8",90
MARQUÉS HOUSE 4* SUP,2118880,NA,Valencia,1,1,€ 249,2019/12/29,2019/12/30,4,"9,4",90
Vincci Mercat,1279484,NA,Valencia,1,1,€ 252,2019/12/29,2019/12/30,4,9,90
Valencia what else...,2550483,Apartamento,Valencia,1,1,NA,2019/12/29,2019/12/30,0,"9,5",90
The River Hostel,494202,NA,Valencia,1,1,€ 19,2019/12/29,2019/12/30,0,"8,5",90
YOU & CO. Saler Beach Boutique,4533007,NA,Valencia,1,1,€ 50,2019/12/29,2019/12/30,3,"9,1",90
Habitación privada a 1500 metros de la playa,3789910,NA,Valencia,1,1,€ 60,2019/12/29,2019/12/30,0,"9,2",90
Hotel Valencia Alameda,4019381,NA,Valencia,1,1,€ 74,2019/12/29,2019/12/30,4,"9,3",90
Live in Chianti,2227491,NA,Valencia,1,1,€ 75,2019/12/29,2019/12/30,0,"9,1",90
Casa Botànic - Céntrico y con comodidades,4218273,Apartamento,Valencia,1,1,NA,2019/12/29,2019/12/30,0,"9,8",90
Original Domino House,5434091,NA,Valencia,1,1,€ 75,2019/12/29,2019/12/30,0,"9,1",90
Palau de Palomar,471283,Apartamentos,Valencia,1,1,€ 79,2019/12/29,2019/12/30,0,"9,1",90
Eco-Friendly Apartments,1979834,Apartamentos,Valencia,1,1,€ 79,2019/12/29,2019/12/30,0,"9,2",90
Rooms Ciencias,94126,NA,Valencia,1,1,€ 80,2019/12/29,2019/12/30,0,9,90
La casita de Palomar,2132386,Apartamentos,Valencia,1,1,€ 84,2019/12/29,2019/12/30,0,"9,3",90
Hostal Venecia,92883,NA,Valencia,1,1,€ 93,2019/12/29,2019/12/30,2,"9,1",90
Apartment Cisneros 2,2361375,Apartamento,Valencia,1,1,NA,2019/12/29,2019/12/30,0,"9,7",90
Calle de Frederica Montseny 'Política' Casa o chalet,5152866,Casa o chalet,Valencia,1,1,€ 95,2019/12/29,2019/12/30,0,"9,4",90
Brisa Mare Nostrum,2855311,Apartamento,Valencia,1,1,€ 98,2019/12/29,2019/12/30,0,"9,3",90
Blanq Comedias,4922002,NA,Valencia,1,1,€ 108,2019/12/29,2019/12/30,0,"9,1",90
Pensión Alicante,298710,NA,Valencia,1,1,€ 37,2019/12/29,2019/12/30,0,"8,5",90
Quart Youth Hostel,476418,NA,Valencia,1,1,€ 44,2019/12/29,2019/12/30,0,"8,6",90
Apartamentos Edificio Palomar,189277,Apartamentos,Valencia,1,1,€ 109,2019/12/29,2019/12/30,0,"9,2",90
Olvida tu Reloj Montichelvo Apartment,3258095,Apartamento,Valencia,1,1,€ 111,2019/12/29,2019/12/30,0,"9,4",90
Art&Flats Bed&Breakfast,5238345,NA,Valencia,1,1,€ 45,2019/12/29,2019/12/30,0,"8,9",90
Home Youth Hostel by Feetup Hostels,189322,NA,Valencia,1,1,€ 46,2019/12/29,2019/12/30,0,"8,8",90
Zalamera BnB,1331238,NA,Valencia,1,1,€ 49,2019/12/29,2019/12/30,0,"8,7",90
Preciosa Casita Cerca Del Mar,4057271,Apartamento,Valencia,1,1,NA,2019/12/29,2019/12/30,0,"9,7",90
Balcón Al Mar,295109,NA,Valencia,1,1,€ 53,2019/12/29,2019/12/30,0,"8,4",90
Estrella de russafa,5352439,NA,Valencia,1,1,€ 55,2019/12/29,2019/12/30,0,"8,5",90
Ad Hoc Carmen,1173270,NA,Valencia,1,1,€ 64,2019/12/29,2019/12/30,2,"8,9",90
Hotel Malcom and Barret,483261,NA,Valencia,1,1,€ 64,2019/12/29,2019/12/30,3,"8,7",90
Luz de Valencia,2076095,Apartamentos,Valencia,1,1,€ 65,2019/12/29,2019/12/30,0,"8,8",90
Soho Valencia,1538641,Apartahotel,Valencia,1,1,€ 70,2019/12/29,2019/12/30,0,"8,9",90
Apartamento,3139431,Apartamento,Valencia,1,1,NA,2019/12/29,2019/12/30,0,"9,5",90
Valencia maritimo,3020748,Apartamento,Valencia,1,1,€ 70,2019/12/29,2019/12/30,0,"8,9",90
AC Hotel Valencia,91063,NA,Valencia,1,1,€ 70,2019/12/29,2019/12/30,4,"8,5",90
ABCyou Bed&Breakfast,189207,NA,Valencia,1,1,€ 70,2019/12/29,2019/12/30,0,"8,5",90
Hotel Dimar,90886,NA,Valencia,1,1,€ 72,2019/12/29,2019/12/30,4,"8,7",90
Hotel Kramer,91106,NA,Valencia,1,1,€ 72,2019/12/29,2019/12/30,3,"8,8",90
HOSTAL BED OF THE SEA,3974636,NA,Valencia,1,1,€ 200,2019/12/29,2019/12/30,0,"7,1",90
Accommodation Beach Apartments,1001766,Apartamentos,Valencia,1,1,€ 250,2019/12/29,2019/12/30,0,"7,2",90
Apartamento Ruzafa Centro II,3718518,Apartamento,Valencia,1,1,NA,2019/12/29,2019/12/30,0,9,90
Dormavalencia Hostel Regne,291755,NA,Valencia,1,1,€ 64,2019/12/29,2019/12/30,1,8,90
Apartments Calle Padre Damian,4523326,Apartamentos,Valencia,1,1,€ 530,2019/12/29,2019/12/30,0,"7,3",90
Ruzafa Rooms,2891693,NA,Valencia,1,1,€ 40,2019/12/29,2019/12/30,0,"6,9",90
Guest House Lebon,3124256,NA,Valencia,1,1,€ 60,2019/12/29,2019/12/30,0,"6,8",90
Geography and Arts.,3569110,NA,Valencia,1,1,€ 60,2019/12/29,2019/12/30,0,"6,9",90
Kirei Apartment Na Jordana,1702092,Apartamentos,Valencia,1,1,€ 101,2019/12/29,2019/12/30,0,"6,9",90
Happy Apartments Valencia,456043,Apartamentos,Valencia,1,1,€ 67,2019/12/29,2019/12/30,0,"8,2",90
Piso en La Ciudad de Artes,3832790,Apartamento,Valencia,1,1,NA,2019/12/29,2019/12/30,0,"9,6",90
Casual de las Artes Valencia,538056,NA,Valencia,1,1,€ 68,2019/12/29,2019/12/30,3,"8,4",90
Aparthotel Valencia Rental,17344,Apartahotel,Valencia,1,1,€ 70,2019/12/29,2019/12/30,0,8,90
Casita Esmeralda,2040126,Casa o chalet,Valencia,1,1,€ 144,2019/12/29,2019/12/30,0,"6,5",90
Splendid house in Valencia,3091182,Apartamentos,Valencia,1,1,NA,2019/12/29,2019/12/30,0,"9,3",90
Fun and Sun Center 2,2944416,NA,Valencia,1,1,€ 32,2019/12/29,2019/12/30,0,"6,1",90
Carrer del Bisbe Jaume Pérez,4900140,NA,Valencia,1,1,€ 60,2019/12/29,2019/12/30,0,6,90
Kirei Apartment San Agustin,1712323,Apartamentos,Valencia,1,1,€ 137,2019/12/29,2019/12/30,0,"6,1",90
Guest House Higinio Noja,2845935,NA,Valencia,1,1,€ 60,2019/12/29,2019/12/30,0,"5,9",90
Oliver,4865093,NA,Valencia,1,1,€ 63,2019/12/29,2019/12/30,0,"5,5",90
Kirei Apartment Berlin,4504570,Apartamentos,Valencia,1,1,€ 103,2019/12/29,2019/12/30,0,"5,6",90
Piso céntrico Plaza Toros,2961063,Apartamento,Valencia,1,1,NA,2019/12/29,2019/12/30,0,"9,3",90
Hotel Valencia Center,91285,NA,Valencia,1,1,€ 70,2019/12/29,2019/12/30,4,"8,4",90
Primus Valencia,331871,NA,Valencia,1,1,€ 70,2019/12/29,2019/12/30,4,"8,3",90
Senator Parque Central Hotel,274963,NA,Valencia,1,1,€ 71,2019/12/29,2019/12/30,4,"8,1",90
Happy Apartments Valencia – Lope de Vega,575582,Apartamentos,Valencia,1,1,€ 71,2019/12/29,2019/12/30,0,"8,1",90
Casa Calle Conquista,4691493,Apartamento,Valencia,1,1,NA,2019/12/29,2019/12/30,0,"9,7",90
Ilunion Aqua 3,92776,NA,Valencia,1,1,€ 71,2019/12/29,2019/12/30,3,"8,3",90
Ilunion Valencia 4,754329,NA,Valencia,1,1,€ 71,2019/12/29,2019/12/30,4,"8,1",90
Reina 12,1684198,NA,Valencia,1,1,€ 75,2019/12/29,2019/12/30,0,"8,2",90
Kirei Apartment Denver,4585191,Apartamento,Valencia,1,1,€ 161,2019/12/29,2019/12/30,0,"5,9",90
Kirei Apartment Portland,4276529,Apartamentos,Valencia,1,1,€ 200,2019/12/29,2019/12/30,0,"5,9",90
Port of Valencia,3805735,Apartamento,Valencia,1,1,€ 79,2019/12/29,2019/12/30,0,"5,1",90
Malvarosa,3820590,Apartamento,Valencia,1,1,€ 190,2019/12/29,2019/12/30,0,"4,1",90
Habitacion doble en piso compartido,5645604,NA,Valencia,1,1,€ 46,2019/12/29,2019/12/30,0,,90
vosotros sereis parte de mi familia.,5299568,NA,Valencia,1,1,€ 50,2019/12/29,2019/12/30,0,,90
NH Valencia Las Artes,90731,NA,Valencia,1,1,€ 76,2019/12/29,2019/12/30,4,"8,4",90
Hotel Medium Valencia,96838,NA,Valencia,1,1,€ 77,2019/12/29,2019/12/30,4,"8,2",90
Hotel Miramar,23332,NA,Valencia,1,1,€ 77,2019/12/29,2019/12/30,2,"8,4",90
VALENCIA APARTAMENTO GOYA GRAN TERRAZA,4660558,Apartamento,Valencia,1,1,NA,2019/12/29,2019/12/30,0,"9,6",90
Sweet Hotel Renasa,274818,NA,Valencia,1,1,€ 79,2019/12/29,2019/12/30,3,8,90
NH Ciudad de Valencia,90729,NA,Valencia,1,1,€ 80,2019/12/29,2019/12/30,3,"8,1",90
Nanit Valencia Hostel,3913497,NA,Valencia,1,1,€ 80,2019/12/29,2019/12/30,0,"8,3",90
Homelirose Apartaments,3140406,Apartamento,Valencia,1,1,NA,2019/12/29,2019/12/30,0,"9,3",90
Habitaciones con encanto,5629632,NA,Valencia,1,1,€ 50,2019/12/29,2019/12/30,0,,90
Hogar Dulce Hogar,5426607,NA,Valencia,1,1,€ 60,2019/12/29,2019/12/30,0,,90
Rooms El Picolino,5326859,NA,Valencia,1,1,€ 60,2019/12/29,2019/12/30,0,,90
Eurostars Gran Valencia,90484,NA,Valencia,1,1,€ 80,2019/12/29,2019/12/30,4,"8,4",90
Tryp Valencia Feria,92852,NA,Valencia,1,1,€ 81,2019/12/29,2019/12/30,4,"8,4",90
El Coso,14580,NA,Valencia,1,1,€ 82,2019/12/29,2019/12/30,3,"8,2",90
United Colors of Apartments Boutique Style,5372347,Apartamentos,Valencia,1,1,NA,2019/12/29,2019/12/30,0,"9,6",90
One Shot Colón 46,1394168,NA,Valencia,1,1,€ 110,2019/12/29,2019/12/30,3,"8,7",90
Burjassot Mestalla,3058627,Apartamento,Valencia,1,1,€ 110,2019/12/29,2019/12/30,0,"8,6",90
So de Mar,2204496,Apartamento,Valencia,1,1,NA,2019/12/29,2019/12/30,0,"9,6",90
Valenciaflats Centro Histórico,94781,Apartamentos,Valencia,1,1,€ 115,2019/12/29,2019/12/30,0,"8,7",90
Apartments Plaza Ayuntamiento,3506736,Apartamento,Valencia,1,1,€ 115,2019/12/29,2019/12/30,0,"8,7",90
Sweet Hotel Continental,93856,NA,Valencia,1,1,€ 84,2019/12/29,2019/12/30,2,"8,3",90
Style Apartments Puerto,1558265,Apartamentos,Valencia,1,1,€ 86,2019/12/29,2019/12/30,0,"8,1",90
Eurostars Rey Don Jaime,91520,NA,Valencia,1,1,€ 89,2019/12/29,2019/12/30,4,"8,2",90
Atico Ciutat Vella,3446230,Apartamentos,Valencia,1,1,€ 90,2019/12/29,2019/12/30,0,"8,3",90
Florista's Room en Valencia,5502152,NA,Valencia,1,1,€ 63,2019/12/29,2019/12/30,0,,90
Brugada home,5259150,NA,Valencia,1,1,€ 65,2019/12/29,2019/12/30,0,,90
Silken Puerta Valencia,91182,NA,Valencia,1,1,€ 95,2019/12/29,2019/12/30,4,"8,3",90
Plaza de la Virgen,3167342,Apartamento,Valencia,1,1,€ 115,2019/12/29,2019/12/30,0,"8,8",90
Hotel San Lorenzo Boutique,1307718,NA,Valencia,1,1,€ 118,2019/12/29,2019/12/30,3,"8,6",90
Valencian Apartment,2298621,Apartamento,Valencia,1,1,€ 120,2019/12/29,2019/12/30,0,"8,9",90
Barceló Valencia,91988,NA,Valencia,1,1,€ 122,2019/12/29,2019/12/30,4,"8,7",90
Apartamento Frederick “Centrico y con Clase”,4236394,Apartamento,Valencia,1,1,NA,2019/12/29,2019/12/30,0,"9,7",90
Petit Palace Ruzafa,90792,NA,Valencia,1,1,€ 125,2019/12/29,2019/12/30,3,"8,7",90
SH Valencia Palace,91497,NA,Valencia,1,1,€ 126,2019/12/29,2019/12/30,5,"8,5",90
Precioso Apartamento En Pleno Centro Con Wifi,3023494,Apartamento,Valencia,1,1,€ 130,2019/12/29,2019/12/30,0,"8,8",90
Petit Palace Plaza de la Reina,90443,NA,Valencia,1,1,€ 134,2019/12/29,2019/12/30,3,"8,7",90
SKY TOURISTIC ATTIC,281640,Apartamentos,Valencia,1,1,€ 135,2019/12/29,2019/12/30,0,"8,5",90
Stylish newly renovated in great location /WIFI,3661070,Apartamento,Valencia,1,1,€ 149,2019/12/29,2019/12/30,0,"8,6",90
Apartment Plaza Cisneros,1273377,Apartamentos,Valencia,1,1,NA,2019/12/29,2019/12/30,0,"9,8",90
El Palacete Gran Via,3483148,NA,Valencia,1,1,€ 155,2019/12/29,2019/12/30,0,"8,8",90
Apartamento Casa con Angel,1079935,Apartamentos,Valencia,1,1,€ 155,2019/12/29,2019/12/30,0,"8,8",90
Ilunion Aqua 4,92777,NA,Valencia,1,1,€ 157,2019/12/29,2019/12/30,4,"8,5",90
Citizentral Gascons,332095,Apartamentos,Valencia,1,1,€ 157,2019/12/29,2019/12/30,0,"8,8",90
Cathedral Suites Hotel,1736257,Apartahotel,Valencia,1,1,€ 159,2019/12/29,2019/12/30,4,"8,9",90
Perla Apartments,3146781,Apartamentos,Valencia,1,1,€ 162,2019/12/29,2019/12/30,0,"8,7",90
Disfruta De Playa Y Ciudad,2470646,Apartamento,Valencia,1,1,NA,2019/12/29,2019/12/30,0,"9,5",90
ValentiaApartments - MercadoCentral,4185241,Apartamentos,Valencia,1,1,€ 163,2019/12/29,2019/12/30,0,"8,8",90
The Westin Valencia,93321,NA,Valencia,1,1,€ 173,2019/12/29,2019/12/30,5,"8,6",90
AC Hotel Colon Valencia,1117150,NA,Valencia,1,1,€ 194,2019/12/29,2019/12/30,4,"8,7",90
One Shot Palacio Reina Victoria 04,90885,NA,Valencia,1,1,€ 195,2019/12/29,2019/12/30,4,"8,6",90
Exclusive Beach Apartment,4641691,Apartamento,Valencia,1,1,€ 205,2019/12/29,2019/12/30,0,"8,9",90
Hostal Bisbal,235665,NA,Valencia,1,1,€ 50,2019/12/29,2019/12/30,1,"7,5",90
Expo Hotel Valencia,91223,NA,Valencia,1,1,€ 50,2019/12/29,2019/12/30,3,"7,6",90
Center Valencia,2944722,Casa o chalet,Valencia,1,1,NA,2019/12/29,2019/12/30,0,"9,3",90
Jero Rooms,296743,NA,Valencia,1,1,€ 53,2019/12/29,2019/12/30,0,"7,7",90
Como en casa,4802186,NA,Valencia,1,1,€ 54,2019/12/29,2019/12/30,0,"7,9",90
Habitacion PLaza Ayuntamiento,4365340,NA,Valencia,1,1,€ 55,2019/12/29,2019/12/30,0,"7,5",90
Hotel Turia,14441,NA,Valencia,1,1,€ 55,2019/12/29,2019/12/30,4,"7,5",90
Habitacion por dias Centro Valencia,3977106,NA,Valencia,1,1,€ 55,2019/12/29,2019/12/30,0,"7,8",90
Casual de la Música Valencia,273130,NA,Valencia,1,1,€ 56,2019/12/29,2019/12/30,2,"7,5",90
Calle Mora De Rubielos,2854363,Apartamento,Valencia,1,1,NA,2019/12/29,2019/12/30,0,"9,4",90
Ilunion Valencia 3,92818,NA,Valencia,1,1,€ 59,2019/12/29,2019/12/30,3,"7,9",90
Checkin Valencia,93743,NA,Valencia,1,1,€ 62,2019/12/29,2019/12/30,4,"7,8",90
Alex Apartment,1756374,Apartamento,Valencia,1,1,€ 64,2019/12/29,2019/12/30,0,"7,8",90
Casual Civilizaciones Valencia,449777,NA,Valencia,1,1,€ 68,2019/12/29,2019/12/30,0,"7,9",90
El Globo,24498,NA,Valencia,1,1,€ 75,2019/12/29,2019/12/30,1,"7,8",90
OYO Pensión El Rincón,476031,NA,Valencia,1,1,€ 76,2019/12/29,2019/12/30,1,"7,6",90
Valencia City Center New Apartments,1042326,Apartamentos,Valencia,1,1,NA,2019/12/29,2019/12/30,0,9,90
El 16 Ruzafa,865461,Apartamentos,Valencia,1,1,€ 89,2019/12/29,2019/12/30,0,"7,7",90
Suites by Eric Olsan (Peset),4726296,Apartamentos,Valencia,1,1,€ 94,2019/12/29,2019/12/30,0,"7,6",90
Suites by Eric Olsan (L),4287413,Apartamentos,Valencia,1,1,€ 94,2019/12/29,2019/12/30,0,"7,5",90
Apartamento Alguer,4005334,Apartamento,Valencia,1,1,€ 100,2019/12/29,2019/12/30,0,"7,6",90
SEA YOU HOTEL PORT VALENCIA,92328,NA,Valencia,1,1,€ 105,2019/12/29,2019/12/30,4,"7,7",90
Plaza Sainetero 5,3148458,Apartamento,Valencia,1,1,€ 116,2019/12/29,2019/12/30,0,"7,7",90
Apartamento Valencia Center,410101,Apartamentos,Valencia,1,1,NA,2019/12/29,2019/12/30,0,"9,4",90
Kirei Apartment Vienna,4639797,Apartamento,Valencia,1,1,€ 126,2019/12/29,2019/12/30,0,"7,6",90
City Center Apartments,4426057,Apartamentos,Valencia,1,1,€ 135,2019/12/29,2019/12/30,0,"7,8",90
STYLISH APARTMENT - CITY CENTER,2861517,Apartamento,Valencia,1,1,€ 140,2019/12/29,2019/12/30,0,"7,8",90
Kirei Apartment Calgary,4768322,Apartamento,Valencia,1,1,€ 148,2019/12/29,2019/12/30,0,"7,6",90
Torres Quart,3702234,Apartamentos,Valencia,1,1,€ 150,2019/12/29,2019/12/30,0,"7,5",90
