name,propertyId,propertyType,city,rooms,days,price,checkIn,checkOut,stars,score,advance
Loft el Carmen amazing views,4932621,Apartamento,Valencia,1,1,€ 172,2019/09/25,2019/09/26,0,"8,1",14
NH Valencia Las Artes,90731,NA,Valencia,1,1,€ 182,2019/09/25,2019/09/26,4,"8,4",14
City Valencia Beach 360,4504803,Apartamento,Valencia,1,1,NA,2019/09/25,2019/09/26,0,"9,5",14
Senator Parque Central Hotel,274963,NA,Valencia,1,1,€ 193,2019/09/25,2019/09/26,4,"8,1",14
Musico Peydro Apartments,3765069,Apartamentos,Valencia,1,1,€ 285,2019/09/25,2019/09/26,0,8,14
Ruzafa Guesthouse,2269176,NA,Valencia,1,1,€ 38,2019/09/25,2019/09/26,0,"5,6",14
Carrer del Bisbe Jaume Pérez,4900140,NA,Valencia,1,1,€ 55,2019/09/25,2019/09/26,0,"5,9",14
Bubuflats Bubu 3,1014334,Apartamento,Valencia,1,1,NA,2019/09/25,2019/09/26,0,"9,6",14
Home Sweet Home,1223953,NA,Valencia,1,1,€ 60,2019/09/25,2019/09/26,0,"5,5",14
Oliver,4865093,NA,Valencia,1,1,€ 73,2019/09/25,2019/09/26,0,"5,8",14
Kirei Apartment Berlin,4504570,Apartamentos,Valencia,1,1,€ 103,2019/09/25,2019/09/26,0,"5,5",14
Kirei Apartment Portland,4276529,Apartamentos,Valencia,1,1,€ 142,2019/09/25,2019/09/26,0,"5,9",14
MD Sueca. Apartment with Terrace Ruzafa,2551179,Apartamento,Valencia,1,1,€ 373,2019/09/25,2019/09/26,0,"8,2",14
MD Vila Barbera Apartment Center,1957253,Apartamento,Valencia,1,1,€ 388,2019/09/25,2019/09/26,0,"8,3",14
Pensión Universal,304276,NA,Valencia,1,1,€ 34,2019/09/25,2019/09/26,0,"7,9",14
Habitación Céntrica en Casa de Familia,4289877,NA,Valencia,1,1,€ 35,2019/09/25,2019/09/26,0,"7,8",14
JL Ciudad de las Artes,3074378,Apartamento,Valencia,1,1,NA,2019/09/25,2019/09/26,0,"9,6",14
UP Hostel Valencia,1710137,NA,Valencia,1,1,€ 36,2019/09/25,2019/09/26,0,"7,8",14
Habitación San Cayetano,4624401,NA,Valencia,1,1,€ 40,2019/09/25,2019/09/26,0,"7,7",14
Valencia City Host,1177077,NA,Valencia,1,1,€ 42,2019/09/25,2019/09/26,0,"7,8",14
Guest House Torres de Quart,2275006,NA,Valencia,1,1,€ 30,2019/09/25,2019/09/26,0,"5,3",14
Guest House Duc de Gaeta,2275007,NA,Valencia,1,1,€ 33,2019/09/25,2019/09/26,0,5,14
Centro en Valencia,2885222,Apartamento,Valencia,1,1,NA,2019/09/25,2019/09/26,0,"9,5",14
RoomTuristValencia Estacion del Norte,4682632,NA,Valencia,1,1,€ 35,2019/09/25,2019/09/26,0,"5,3",14
Guest House Ruzafa,2324552,NA,Valencia,1,1,€ 75,2019/09/25,2019/09/26,0,"5,3",14
Guesthouse Plaza de Toros,2985902,NA,Valencia,1,1,€ 33,2019/09/25,2019/09/26,0,"4,9",14
RoomTuristValencia Torres de Quart,4565643,NA,Valencia,1,1,€ 35,2019/09/25,2019/09/26,0,"4,5",14
RoomTuristValencia RuzafaSumsi,4682802,NA,Valencia,1,1,€ 57,2019/09/25,2019/09/26,0,"4,6",14
Voyagers Inn Homestay,2682156,NA,Valencia,1,1,€ 43,2019/09/25,2019/09/26,0,"7,8",14
Casual Civilizaciones Valencia,449777,NA,Valencia,1,1,€ 48,2019/09/25,2019/09/26,0,"7,9",14
Hotel Beleret,94652,NA,Valencia,1,1,€ 50,2019/09/25,2019/09/26,3,"7,6",14
Charming Ninetta,3220582,Apartamento,Valencia,1,1,NA,2019/09/25,2019/09/26,0,"9,5",14
Port of Valencia,3805735,Apartamento,Valencia,1,1,€ 79,2019/09/25,2019/09/26,0,"4,9",14
Disfruta De Playa Y Ciudad,2470646,Apartamento,Valencia,1,1,NA,2019/09/25,2019/09/26,0,"9,5",14
Constitucion Guesthouse,2985942,NA,Valencia,1,1,€ 30,2019/09/25,2019/09/26,0,"3,5",14
Apartamento Islas Canarias,2304086,Apartamento,Valencia,1,1,€ 65,2019/09/25,2019/09/26,0,"3,8",14
Aventura,5567318,Apartamentos,Valencia,1,1,€ 40,2019/09/25,2019/09/26,0,,14
Habitación muy cerca de la playa.,5395908,NA,Valencia,1,1,€ 40,2019/09/25,2019/09/26,0,,14
Attic Rooms in Botánico,5522932,NA,Valencia,1,1,€ 45,2019/09/25,2019/09/26,0,,14
Bright room with trundle bed,5560260,NA,Valencia,1,1,€ 46,2019/09/25,2019/09/26,0,,14
Habitacion PLaza Ayuntamiento,4365340,NA,Valencia,1,1,€ 50,2019/09/25,2019/09/26,0,"7,6",14
Apart and Benef,2291245,NA,Valencia,1,1,€ 50,2019/09/25,2019/09/26,0,"7,8",14
Hospederia del Pilar,327766,NA,Valencia,1,1,€ 54,2019/09/25,2019/09/26,0,"7,9",14
Colors Rooms,675839,NA,Valencia,1,1,NA,2019/09/25,2019/09/26,0,"9,6",14
Florista's Rooms en Valencia,5502152,NA,Valencia,1,1,€ 48,2019/09/25,2019/09/26,0,,14
Habitación privada con baño privado a 300 metros de la playa.,5587588,NA,Valencia,1,1,€ 49,2019/09/25,2019/09/26,0,,14
vosotros sereis parte de mi familia.,5299568,NA,Valencia,1,1,€ 50,2019/09/25,2019/09/26,0,,14
Valencia Lounge Hostel,337203,NA,Valencia,1,1,€ 54,2019/09/25,2019/09/26,0,"7,8",14
Centro & Viaje,4215175,NA,Valencia,1,1,€ 58,2019/09/25,2019/09/26,0,"7,5",14
Apartamentos Abastos,1044426,Apartamentos,Valencia,1,1,€ 60,2019/09/25,2019/09/26,0,"7,5",14
Apartment Sofi,2830696,Apartamento,Valencia,1,1,NA,2019/09/25,2019/09/26,0,"9,8",14
Hostal Bisbal,235665,NA,Valencia,1,1,€ 60,2019/09/25,2019/09/26,1,"7,5",14
Apartamento con compartir,5366858,NA,Valencia,1,1,€ 55,2019/09/25,2019/09/26,0,,14
Hogar Dulce Hogar,5426607,NA,Valencia,1,1,€ 60,2019/09/25,2019/09/26,0,,14
LOFT apartamento duplex en Valencia con parking,5519008,Apartamento,Valencia,1,1,€ 65,2019/09/25,2019/09/26,0,,14
Cómoda habitación Valencia,4200488,NA,Valencia,1,1,NA,2019/09/25,2019/09/26,0,"9,5",14
Mi casa es vuestra casa,4967097,NA,Valencia,1,1,€ 70,2019/09/25,2019/09/26,0,,14
Habitación en Valencia,5477394,NA,Valencia,1,1,€ 72,2019/09/25,2019/09/26,0,,14
Brugada home,5259150,NA,Valencia,1,1,€ 75,2019/09/25,2019/09/26,0,,14
Apartments Sollana Near the Turia Park Valencia,5546417,Apartamento,Valencia,1,1,€ 83,2019/09/25,2019/09/26,0,,14
Casa Adosada Quintero,5481770,Casa o chalet,Valencia,1,1,€ 93,2019/09/25,2019/09/26,0,,14
PISO DE DISEÑO A 5 MIN ANDANDO DE LA PLAYA,5546265,Apartamento,Valencia,1,1,€ 95,2019/09/25,2019/09/26,0,,14
Ático Valencia Centro,4358939,Apartamento,Valencia,1,1,NA,2019/09/25,2019/09/26,0,"9,9",14
Kirei Apartment Dublin,4639542,Apartamento,Valencia,1,1,€ 103,2019/09/25,2019/09/26,0,,14
Apartamentos Artesa 22 Valencia,5546723,Apartamento,Valencia,1,1,€ 112,2019/09/25,2019/09/26,0,,14
casa la tranquilidad,5516825,NA,Valencia,1,1,€ 120,2019/09/25,2019/09/26,0,,14
RAVALENCIA 4,3377937,Apartamento,Valencia,1,1,€ 124,2019/09/25,2019/09/26,0,,14
Living Valencia - Merced Estudio,3702039,Apartamento,Valencia,1,1,€ 63,2019/09/25,2019/09/26,0,"7,5",14
Habitacion por dias Centro Valencia,3977106,NA,Valencia,1,1,€ 64,2019/09/25,2019/09/26,0,"7,9",14
B&B Hotel Valencia Ciudad de las Ciencias,92242,NA,Valencia,1,1,€ 65,2019/09/25,2019/09/26,3,"7,5",14
Ilunion Valencia 3,92818,NA,Valencia,1,1,€ 74,2019/09/25,2019/09/26,3,"7,9",14
Alex Apartment,1756374,Apartamento,Valencia,1,1,€ 74,2019/09/25,2019/09/26,0,"7,9",14
Valencia Just in the Middle,2965508,Apartamento,Valencia,1,1,NA,2019/09/25,2019/09/26,0,"9,9",14
Jero Rooms,296743,NA,Valencia,1,1,€ 75,2019/09/25,2019/09/26,0,"7,7",14
Valencia Puerto Beach 3BD Apartment,5249773,Apartamento,Valencia,1,1,€ 135,2019/09/25,2019/09/26,0,,14
"Flat ""Ca Alexandre""",3687859,Apartamento,Valencia,1,1,€ 200,2019/09/25,2019/09/26,0,,14
Aloha Apartment Center Valencia,3101443,Apartamento,Valencia,1,1,€ 350,2019/09/25,2019/09/26,0,,14
Governor Residence,3799760,Apartahotel,Valencia,1,1,€ 600,2019/09/25,2019/09/26,0,,14
Apartment Carrer de Cadis,5531328,Apartamentos,Valencia,1,1,€ 648,2019/09/25,2019/09/26,0,,14
Gulet Why Not,5199364,NA,Valencia,1,1,€ 3.600,2019/09/25,2019/09/26,0,,14
OYO Pensión El Rincón,476031,NA,Valencia,1,1,€ 75,2019/09/25,2019/09/26,1,"7,6",14
Apartamento Angel Alcazar 35,2174625,Apartamento,Valencia,1,1,€ 80,2019/09/25,2019/09/26,0,"7,5",14
City Center Apartments,4426057,Apartamentos,Valencia,1,1,€ 81,2019/09/25,2019/09/26,0,"7,8",14
Hotel Turia,14441,NA,Valencia,1,1,€ 85,2019/09/25,2019/09/26,4,"7,5",14
Expo Hotel Valencia,91223,NA,Valencia,1,1,€ 86,2019/09/25,2019/09/26,3,"7,6",14
Espai Loft Santa Mónica,4574135,Apartamento,Valencia,1,1,NA,2019/09/25,2019/09/26,0,"9,8",14
Casual de la Música Valencia,273130,NA,Valencia,1,1,€ 87,2019/09/25,2019/09/26,2,"7,5",14
Patacona Green Flats,292996,Apartamentos,Valencia,1,1,€ 88,2019/09/25,2019/09/26,0,"7,6",14
Apartamento Alguer,4005334,Apartamento,Valencia,1,1,€ 90,2019/09/25,2019/09/26,0,"7,6",14
Cosy Rooms Tapinería,371192,NA,Valencia,1,1,€ 94,2019/09/25,2019/09/26,2,"7,5",14
Torres Quart,3702234,Apartamentos,Valencia,1,1,€ 96,2019/09/25,2019/09/26,0,"7,6",14
Suites by Eric Olsan (L),4287413,Apartamentos,Valencia,1,1,€ 98,2019/09/25,2019/09/26,0,"7,6",14
Oceanográfico Apartments & Spa,324918,Apartamentos,Valencia,1,1,€ 98,2019/09/25,2019/09/26,0,"7,6",14
El 16 Ruzafa,865461,Apartamentos,Valencia,1,1,€ 104,2019/09/25,2019/09/26,0,"7,7",14
Art of Dance Apartment Valencia,3732969,Apartamento,Valencia,1,1,€ 105,2019/09/25,2019/09/26,0,"7,6",14
Kirei Apartment Calgary,4768322,Apartamento,Valencia,1,1,€ 115,2019/09/25,2019/09/26,0,"7,6",14
El Globo,24498,NA,Valencia,1,1,€ 118,2019/09/25,2019/09/26,1,"7,8",14
Apartamentos Catedral,2358858,Apartamentos,Valencia,1,1,€ 119,2019/09/25,2019/09/26,0,"7,8",14
STYLISH APARTMENT - CITY CENTER,2861517,Apartamento,Valencia,1,1,€ 120,2019/09/25,2019/09/26,0,"7,8",14
Old Town Flats Casa Burguerini,4552106,Apartamentos,Valencia,1,1,€ 125,2019/09/25,2019/09/26,0,"7,7",14
SEA YOU HOTEL PORT VALENCIA,92328,NA,Valencia,1,1,€ 134,2019/09/25,2019/09/26,4,"7,7",14
Apartment Valencia,348555,Apartamentos,Valencia,1,1,€ 139,2019/09/25,2019/09/26,0,"7,9",14
MD Art Apartment Ruzafa,2550955,Apartamento,Valencia,1,1,€ 280,2019/09/25,2019/09/26,0,"7,6",14
Select Home Paz Apartment,1687820,Apartamento,Valencia,1,1,€ 300,2019/09/25,2019/09/26,0,"7,8",14
MD Oliag I Apartment Ruzafa,2867488,Apartamento,Valencia,1,1,€ 373,2019/09/25,2019/09/26,0,"7,7",14
Guest House Samuel Ros,4161855,NA,Valencia,1,1,€ 35,2019/09/25,2019/09/26,0,"7,3",14
Purísima Street I,2471259,Apartamento,Valencia,1,1,NA,2019/09/25,2019/09/26,0,"9,5",14
feliz como en casa,3676196,NA,Valencia,1,1,€ 36,2019/09/25,2019/09/26,0,"7,2",14
Hostal Residencial RR,450746,NA,Valencia,1,1,€ 39,2019/09/25,2019/09/26,0,7,14
HOSPEDAJE PESET,4718074,NA,Valencia,1,1,€ 40,2019/09/25,2019/09/26,0,"7,3",14
Rooms Jardin Botanico,5423036,NA,Valencia,1,1,€ 45,2019/09/25,2019/09/26,0,"7,4",14
Murillo Apartment,408163,Apartamento,Valencia,1,1,€ 47,2019/09/25,2019/09/26,0,7,14
B&B El Mercat,2203530,NA,Valencia,1,1,€ 55,2019/09/25,2019/09/26,0,"7,3",14
Garden Turia Downtown,5201200,Apartamento,Valencia,1,1,NA,2019/09/25,2019/09/26,0,"9,9",14
La Flamenca,818359,NA,Valencia,1,1,€ 55,2019/09/25,2019/09/26,0,"7,3",14
HOSTAL BED OF THE SEA,3974636,NA,Valencia,1,1,€ 60,2019/09/25,2019/09/26,0,"7,1",14
Hostal la Barraca,350013,NA,Valencia,1,1,€ 60,2019/09/25,2019/09/26,0,"7,2",14
Avenida del Cid (Centrico),4737683,Apartamento,Valencia,1,1,€ 65,2019/09/25,2019/09/26,0,7,14
Central Station Valencia Hostel,1647017,NA,Valencia,1,1,€ 67,2019/09/25,2019/09/26,0,"7,1",14
Centro Valencia Calle Cerrajeros,3476261,NA,Valencia,1,1,€ 75,2019/09/25,2019/09/26,0,7,14
Flats Piera Valencia Center,1490563,Apartamentos,Valencia,1,1,NA,2019/09/25,2019/09/26,0,"9,6",14
SHF Sevilla Loft,850157,Apartamentos,Valencia,1,1,€ 79,2019/09/25,2019/09/26,0,"7,4",14
Almiserat,3054886,Apartamento,Valencia,1,1,€ 80,2019/09/25,2019/09/26,0,"7,1",14
Malvarrosa Beach Rooms,314048,NA,Valencia,1,1,€ 82,2019/09/25,2019/09/26,2,"7,1",14
Cosy Rooms Bolsería,371606,NA,Valencia,1,1,€ 84,2019/09/25,2019/09/26,2,"7,4",14
Apartments Calle Padre Damian,4523326,Apartamentos,Valencia,1,1,€ 85,2019/09/25,2019/09/26,0,"7,2",14
Kirei Apartment San Vicente,1774062,Apartamento,Valencia,1,1,€ 87,2019/09/25,2019/09/26,0,"7,4",14
So de Mar,2204496,Apartamento,Valencia,1,1,NA,2019/09/25,2019/09/26,0,"9,6",14
Valencia Apartments,4367788,Apartamentos,Valencia,1,1,€ 87,2019/09/25,2019/09/26,0,"7,2",14
Lujoso Apartamento En El Carmen,2814452,Apartamento,Valencia,1,1,€ 88,2019/09/25,2019/09/26,0,"7,4",14
NWT Monserrat,3728842,Apartamentos,Valencia,1,1,€ 89,2019/09/25,2019/09/26,0,7,14
Cosy Rooms Embajador,369728,NA,Valencia,1,1,€ 94,2019/09/25,2019/09/26,2,"7,4",14
Valencia Apartmans El Carmen,847910,Apartamentos,Valencia,1,1,€ 96,2019/09/25,2019/09/26,0,"7,4",14
Suites by Eric Olsan (Peset),4726296,Apartamentos,Valencia,1,1,€ 98,2019/09/25,2019/09/26,0,"7,4",14
Apartment Plaza Cisneros,1273377,Apartamentos,Valencia,1,1,NA,2019/09/25,2019/09/26,0,"9,8",14
Kirei Apartment Vienna,4639797,Apartamento,Valencia,1,1,€ 103,2019/09/25,2019/09/26,0,"7,4",14
Kirei Apartment En Llop,1765516,Apartamentos,Valencia,1,1,€ 106,2019/09/25,2019/09/26,0,"7,1",14
Las casitas de la playa,3177809,Apartamentos,Valencia,1,1,€ 108,2019/09/25,2019/09/26,0,"7,2",14
La Casa dei Fiori,2849727,Apartamento,Valencia,1,1,€ 120,2019/09/25,2019/09/26,0,"7,1",14
Miresa flats,5300418,Apartamento,Valencia,1,1,€ 125,2019/09/25,2019/09/26,0,"7,2",14
Apartamento para 10 personas,5029963,Apartamento,Valencia,1,1,€ 131,2019/09/25,2019/09/26,0,"7,3",14
Apartamento Alameda,1698817,Apartamento,Valencia,1,1,NA,2019/09/25,2019/09/26,0,"9,5",14
Select Home Catedral,440778,Apartamentos,Valencia,1,1,€ 160,2019/09/25,2019/09/26,0,"7,1",14
Select Home Town Hall,1648016,Apartamentos,Valencia,1,1,€ 160,2019/09/25,2019/09/26,0,"7,3",14
MD Puerto Rico Apartment Ruzafa,3737151,Apartamento,Valencia,1,1,€ 285,2019/09/25,2019/09/26,0,"7,4",14
MD Olivereta Apartment,3783665,Apartamento,Valencia,1,1,€ 490,2019/09/25,2019/09/26,0,"7,3",14
Loyola Room Habitación en Piso Compartido,3298489,NA,Valencia,1,1,€ 30,2019/09/25,2019/09/26,0,"6,8",14
Guest House Lebon,3124256,NA,Valencia,1,1,€ 35,2019/09/25,2019/09/26,0,"6,9",14
Ruzafa Rooms,2891693,NA,Valencia,1,1,€ 40,2019/09/25,2019/09/26,0,"6,9",14
Habitación con cama doble,4794909,NA,Valencia,1,1,€ 50,2019/09/25,2019/09/26,0,"6,7",14
PISO ACOGEDOR,4995780,NA,Valencia,1,1,€ 50,2019/09/25,2019/09/26,0,"6,9",14
Casita Esmeralda,2040126,Casa o chalet,Valencia,1,1,€ 139,2019/09/25,2019/09/26,0,"6,5",14
Select Home Mercado Central,440757,Apartamentos,Valencia,1,1,€ 165,2019/09/25,2019/09/26,0,"6,8",14
Select Home Boutique Center,387770,Apartamentos,Valencia,1,1,€ 230,2019/09/25,2019/09/26,0,"6,9",14
Fun and Sun Center 2,2944416,NA,Valencia,1,1,€ 45,2019/09/25,2019/09/26,0,"6,1",14
Kirei Apartment San Agustin,1712323,Apartamentos,Valencia,1,1,€ 92,2019/09/25,2019/09/26,0,6,14
Kirei Apartment Denver,4585191,Apartamento,Valencia,1,1,€ 137,2019/09/25,2019/09/26,0,"6,3",14
Select Home Viveros Gardens,1297339,Casa o chalet,Valencia,1,1,€ 265,2019/09/25,2019/09/26,0,"6,3",14
Guest House Higinio Noja,2845935,NA,Valencia,1,1,€ 30,2019/09/25,2019/09/26,0,"5,9",14
RoomTuristValencia - Ruzafa,4608394,NA,Valencia,1,1,€ 30,2019/09/25,2019/09/26,0,"5,6",14
United Colors of Apartments Boutique Style,5372347,Apartamentos,Valencia,1,1,€ 79,2019/09/25,2019/09/26,0,"9,9",14
Hostal Antigua Morellana,1273937,NA,Valencia,1,1,€ 80,2019/09/25,2019/09/26,1,"9,5",14
VALENCIA APARTAMENTO GOYA,4256653,Apartamento,Valencia,1,1,NA,2019/09/25,2019/09/26,0,10,14
Valencian Dreams,3268804,Apartamento,Valencia,1,1,€ 84,2019/09/25,2019/09/26,0,"9,8",14
Opera House Valencia B&B,3533887,NA,Valencia,1,1,€ 101,2019/09/25,2019/09/26,0,"9,5",14
Barracart Apartments,2125836,Apartamentos,Valencia,1,1,€ 131,2019/09/25,2019/09/26,0,"9,6",14
Ramirez Flats & Bar,4124528,Apartahotel,Valencia,1,1,€ 135,2019/09/25,2019/09/26,0,"9,5",14
RUZAFA- CENTRO-A/C- WI-FI- PARKING,2885994,Apartamento,Valencia,1,1,€ 140,2019/09/25,2019/09/26,0,"9,7",14
Disfruta - Enjoy Valencia Oceanografic,4121345,Apartamento,Valencia,1,1,€ 149,2019/09/25,2019/09/26,0,"9,6",14
Espai One Santa Mónica,5471724,Apartamento,Valencia,1,1,NA,2019/09/25,2019/09/26,0,10,14
Disfruta - Enjoy Valencia Ruzafa,3890328,Apartamento,Valencia,1,1,€ 149,2019/09/25,2019/09/26,0,"9,7",14
Disfruta - Enjoy Valencia Ayuntamiento,4901194,Apartamento,Valencia,1,1,€ 149,2019/09/25,2019/09/26,0,"9,6",14
Disfruta - Enjoy Valencia Centre,3881970,Apartamento,Valencia,1,1,€ 169,2019/09/25,2019/09/26,0,"9,8",14
Art&Flats Bed&Breakfast,5238345,NA,Valencia,1,1,€ 30,2019/09/25,2019/09/26,0,9,14
Cantagua Hostel,4074640,NA,Valencia,1,1,€ 45,2019/09/25,2019/09/26,0,"9,1",14
Apartamento Rosaleda,3014201,Apartamento,Valencia,1,1,€ 60,2019/09/25,2019/09/26,0,9,14
Apartamento Frederick “Centrico y con Clase”,4236394,Apartamento,Valencia,1,1,NA,2019/09/25,2019/09/26,0,"9,7",14
SH Valencia Palace,91497,NA,Valencia,1,1,€ 862,2019/09/25,2019/09/26,5,"8,5",14
Habitación privada a 1500 metros de la playa,3789910,NA,Valencia,1,1,€ 60,2019/09/25,2019/09/26,0,"9,2",14
YOU & CO. Saler Beach Boutique,4533007,NA,Valencia,1,1,€ 65,2019/09/25,2019/09/26,3,"9,1",14
Center Valencia Youth Hostel,246931,NA,Valencia,1,1,€ 25,2019/09/25,2019/09/26,0,8,14
Cool Loft Malvarrosa Beach,4309218,Apartamento,Valencia,1,1,NA,2019/09/25,2019/09/26,0,"9,6",14
Rio Turia B&B,5531073,NA,Valencia,1,1,€ 38,2019/09/25,2019/09/26,0,"8,3",14
Magnífico Adosado- cerca de Valencia ciudad- en zona de montaña y playa fluvial,5354233,Casa o chalet,Valencia,1,1,€ 72,2019/09/25,2019/09/26,0,"9,1",14
Bianca,4232781,Apartamentos,Valencia,1,1,€ 74,2019/09/25,2019/09/26,0,"9,1",14
Purple Nest Hostel,25278,NA,Valencia,1,1,€ 42,2019/09/25,2019/09/26,0,"8,1",14
B&B Una Habitación Propia,1450279,NA,Valencia,1,1,€ 45,2019/09/25,2019/09/26,0,"8,2",14
Habitacion en Valencia Barata,4861796,NA,Valencia,1,1,€ 45,2019/09/25,2019/09/26,0,"8,2",14
Urban Youth Hostel,1163025,NA,Valencia,1,1,€ 45,2019/09/25,2019/09/26,0,"8,4",14
Como en casa,4802186,NA,Valencia,1,1,€ 54,2019/09/25,2019/09/26,0,"8,1",14
Apartment Cabanyal,3172456,Apartamento,Valencia,1,1,NA,2019/09/25,2019/09/26,0,"9,7",14
Original Domino House,5434091,NA,Valencia,1,1,€ 75,2019/09/25,2019/09/26,0,"9,2",14
Kasa Katia Eco Guest House,636256,NA,Valencia,1,1,€ 80,2019/09/25,2019/09/26,0,"9,4",14
Apartment Cisneros 2,2361375,Apartamento,Valencia,1,1,NA,2019/09/25,2019/09/26,0,"9,7",14
Apartamento bianca,3205847,Apartamento,Valencia,1,1,€ 85,2019/09/25,2019/09/26,0,"9,2",14
Red Nest Hostel,92283,NA,Valencia,1,1,€ 55,2019/09/25,2019/09/26,0,"8,2",14
Apartamentos Valencia,1007682,Apartamentos,Valencia,1,1,€ 60,2019/09/25,2019/09/26,0,"8,3",14
Hostal Abastos,257057,NA,Valencia,1,1,€ 60,2019/09/25,2019/09/26,2,"8,2",14
Blanq Comedias,4922002,NA,Valencia,1,1,€ 86,2019/09/25,2019/09/26,0,"9,1",14
City Garden Bed and Breakfast,2204361,NA,Valencia,1,1,€ 87,2019/09/25,2019/09/26,0,"9,4",14
Hi Valencia Cánovas,4312120,Apartamentos,Valencia,1,1,€ 89,2019/09/25,2019/09/26,0,9,14
L'Otelet By Sweet,1467935,NA,Valencia,1,1,€ 64,2019/09/25,2019/09/26,0,"8,3",14
B&B Hi Valencia Canovas,305349,NA,Valencia,1,1,€ 64,2019/09/25,2019/09/26,0,"8,4",14
Dormavalencia Hostel,249585,NA,Valencia,1,1,€ 67,2019/09/25,2019/09/26,1,"8,2",14
Apartment close to park Marchalenes,4418670,Apartamento,Valencia,1,1,€ 94,2019/09/25,2019/09/26,0,"9,1",14
Apartments Madrina,3278589,Apartamentos,Valencia,1,1,€ 95,2019/09/25,2019/09/26,0,9,14
Luxury Center Plaza Redonda,5138960,Apartamento,Valencia,1,1,NA,2019/09/25,2019/09/26,0,"9,8",14
Apartamentos Edificio Palomar,189277,Apartamentos,Valencia,1,1,€ 99,2019/09/25,2019/09/26,0,"9,2",14
Olvida tu Reloj Congresos Apartment,2448036,Apartamento,Valencia,1,1,€ 101,2019/09/25,2019/09/26,0,"9,2",14
L'Arbre,3972359,Apartamento,Valencia,1,1,€ 103,2019/09/25,2019/09/26,0,"9,3",14
Olvida tu Reloj Montichelvo Apartment,3258095,Apartamento,Valencia,1,1,€ 103,2019/09/25,2019/09/26,0,"9,4",14
Citizentral Juristas,1113127,Apartamentos,Valencia,1,1,€ 103,2019/09/25,2019/09/26,0,"9,2",14
Casa La Buhardilla,2985364,Apartamento,Valencia,1,1,NA,2019/09/25,2019/09/26,0,"9,6",14
Happy Apartments Valencia,456043,Apartamentos,Valencia,1,1,€ 67,2019/09/25,2019/09/26,0,"8,2",14
Nanit Valencia Hostel,3913497,NA,Valencia,1,1,€ 69,2019/09/25,2019/09/26,0,"8,3",14
Pension MonaLisa Luxury Suites,3834224,NA,Valencia,1,1,€ 70,2019/09/25,2019/09/26,0,"8,2",14
Apartamento Gutenberg,1327120,Apartamentos,Valencia,1,1,€ 70,2019/09/25,2019/09/26,0,"8,1",14
Aparthotel Valencia Rental,17344,Apartahotel,Valencia,1,1,€ 72,2019/09/25,2019/09/26,0,8,14
City Suites Apartments,3091106,NA,Valencia,1,1,€ 74,2019/09/25,2019/09/26,0,"8,4",14
Live in Chianti,2227491,NA,Valencia,1,1,€ 104,2019/09/25,2019/09/26,0,"9,1",14
BONNIES Suites & Spa Valencia,3631910,Apartamentos,Valencia,1,1,NA,2019/09/25,2019/09/26,0,"9,8",14
BUBUSUITES by Bubuflats,2389776,NA,Valencia,1,1,€ 110,2019/09/25,2019/09/26,0,"9,3",14
Valenciaflats Ciudad de las Ciencias,93676,Apartamentos,Valencia,1,1,€ 110,2019/09/25,2019/09/26,0,"9,1",14
Preciosa Casita Cerca Del Mar,4057271,Apartamento,Valencia,1,1,NA,2019/09/25,2019/09/26,0,"9,7",14
Tryp Valencia Feria,92852,NA,Valencia,1,1,€ 76,2019/09/25,2019/09/26,4,"8,4",14
United Colors of Apartments - Catedral,1301545,Apartamentos,Valencia,1,1,€ 79,2019/09/25,2019/09/26,0,"8,2",14
Apartamento Ciudad de las Artes y las Ciencias,4353552,Apartamento,Valencia,1,1,€ 80,2019/09/25,2019/09/26,0,"8,3",14
Hotel Valencia Alameda,4019381,NA,Valencia,1,1,€ 115,2019/09/25,2019/09/26,4,"9,3",14
Apartamento Ruzafa Centro I,2006333,Apartamento,Valencia,1,1,€ 119,2019/09/25,2019/09/26,0,"9,2",14
MD Design Hotel - Portal del Real,2391685,NA,Valencia,1,1,€ 120,2019/09/25,2019/09/26,2,"9,1",14
Apartamentos Wallace,1698355,Apartamentos,Valencia,1,1,€ 120,2019/09/25,2019/09/26,0,"9,2",14
Up Town,2244083,Apartamentos,Valencia,1,1,€ 81,2019/09/25,2019/09/26,0,"8,2",14
Valenciaflats Torres de Serrano,17468,Apartamentos,Valencia,1,1,€ 82,2019/09/25,2019/09/26,0,"8,3",14
SHF Flats Baron,1033085,Apartamentos,Valencia,1,1,€ 82,2019/09/25,2019/09/26,0,8,14
CÓMODAS HABITACIONES CERCA DE LA PLAYA,5041799,NA,Valencia,1,1,NA,2019/09/25,2019/09/26,0,"9,5",14
MD Modern Hotel - Jardines,305447,NA,Valencia,1,1,€ 86,2019/09/25,2019/09/26,1,"8,3",14
Living Valencia - Catedral,2338234,Apartamentos,Valencia,1,1,€ 87,2019/09/25,2019/09/26,0,8,14
Eurostars Gran Valencia,90484,NA,Valencia,1,1,€ 88,2019/09/25,2019/09/26,4,"8,4",14
Apartments Welcome to Valencia Peset Aleixandre 69,4964856,Apartamento,Valencia,1,1,€ 124,2019/09/25,2019/09/26,0,"9,1",14
Valenciaflats Centro Ciudad,18544,Apartamentos,Valencia,1,1,€ 124,2019/09/25,2019/09/26,0,"9,2",14
Center City Flats,861452,Apartamentos,Valencia,1,1,€ 128,2019/09/25,2019/09/26,0,"9,1",14
OttoH Charm Stay,2459807,NA,Valencia,1,1,€ 129,2019/09/25,2019/09/26,0,"9,3",14
OCEANOGRAFIC DELUXE- PARKING- WI-FI,4095746,Apartamento,Valencia,1,1,€ 130,2019/09/25,2019/09/26,0,"9,2",14
Casual de las Artes Valencia,538056,NA,Valencia,1,1,€ 90,2019/09/25,2019/09/26,3,"8,4",14
Dormavalencia Hostel Regne,291755,NA,Valencia,1,1,€ 97,2019/09/25,2019/09/26,1,8,14
Reina's Apartment,2130930,Apartamentos,Valencia,1,1,€ 100,2019/09/25,2019/09/26,0,"8,4",14
Apartments Downtown Valencia,2250421,Apartamentos,Valencia,1,1,NA,2019/09/25,2019/09/26,0,"9,6",14
Apartamento centro frente a Torres de Serrano,3408067,Apartamento,Valencia,1,1,€ 130,2019/09/25,2019/09/26,0,"9,4",14
Palacio de Rojas,1073276,Apartamentos,Valencia,1,1,€ 133,2019/09/25,2019/09/26,0,"9,3",14
HQ Rooms Apartments San Vicente,2894429,Apartamentos,Valencia,1,1,€ 135,2019/09/25,2019/09/26,0,"9,2",14
Ilunion Aqua 3,92776,NA,Valencia,1,1,€ 105,2019/09/25,2019/09/26,3,"8,3",14
Ilunion Valencia 4,754329,NA,Valencia,1,1,€ 105,2019/09/25,2019/09/26,4,"8,1",14
Holiday Inn Express Ciudad de las Ciencias,96737,NA,Valencia,1,1,€ 108,2019/09/25,2019/09/26,3,8,14
Sweet Hotel Renasa,274818,NA,Valencia,1,1,€ 109,2019/09/25,2019/09/26,3,8,14
Reina 12,1684198,NA,Valencia,1,1,€ 110,2019/09/25,2019/09/26,0,"8,2",14
Mon Suites San Nicolas,4117225,Apartamentos,Valencia,1,1,€ 138,2019/09/25,2019/09/26,0,"9,2",14
Loft zona Pechina en Valencia centro,2524985,Apartamento,Valencia,1,1,€ 138,2019/09/25,2019/09/26,0,"9,2",14
Mon Suites San Martin,2777545,Apartamentos,Valencia,1,1,€ 139,2019/09/25,2019/09/26,0,"9,4",14
COZY APARTMENT VALENCIA BEACHFRONT!,3128516,Apartamento,Valencia,1,1,€ 140,2019/09/25,2019/09/26,0,"9,4",14
NH Valencia Las Ciencias,90725,NA,Valencia,1,1,€ 112,2019/09/25,2019/09/26,3,8,14
El Coso,14580,NA,Valencia,1,1,€ 120,2019/09/25,2019/09/26,3,"8,2",14
Rio Turia Skatehouse,4624602,Apartamento,Valencia,1,1,€ 125,2019/09/25,2019/09/26,0,"8,2",14
Hotel Valencia Center,91285,NA,Valencia,1,1,€ 129,2019/09/25,2019/09/26,4,"8,4",14
Zerka Centro,4425975,Apartamentos,Valencia,1,1,€ 129,2019/09/25,2019/09/26,0,"8,3",14
NWT Central Station Apartments,3964093,Apartamento,Valencia,1,1,€ 134,2019/09/25,2019/09/26,0,"8,2",14
Eurostars Rey Don Jaime,91520,NA,Valencia,1,1,€ 134,2019/09/25,2019/09/26,4,"8,2",14
Friendly Rentals Gimenez,1634242,Apartamento,Valencia,1,1,€ 135,2019/09/25,2019/09/26,0,"8,3",14
Friendly Rentals Desplat,4120221,Apartamento,Valencia,1,1,€ 140,2019/09/25,2019/09/26,0,"8,3",14
Malvarrosa Calle Pavia,3608764,Casa o chalet,Valencia,1,1,€ 140,2019/09/25,2019/09/26,0,"8,1",14
Apartamento Obispo don Jerónimo,2079020,Apartamento,Valencia,1,1,€ 148,2019/09/25,2019/09/26,0,"8,2",14
Apartamento Gran Vía Marqués del Turia,2358973,Apartamento,Valencia,1,1,€ 149,2019/09/25,2019/09/26,0,"8,4",14
Hotel Medium Valencia,96838,NA,Valencia,1,1,€ 153,2019/09/25,2019/09/26,4,"8,2",14
Brisa Mare Nostrum,2855311,Apartamento,Valencia,1,1,€ 140,2019/09/25,2019/09/26,0,"9,3",14
Friendly Rentals Montaner Beach,2314997,Apartamento,Valencia,1,1,€ 140,2019/09/25,2019/09/26,0,9,14
Atico Loft Ruzafa,3152977,Apartamento,Valencia,1,1,NA,2019/09/25,2019/09/26,0,"9,7",14
Casual Socarrat Valencia,5142800,NA,Valencia,1,1,€ 141,2019/09/25,2019/09/26,3,"9,3",14
Sorolla Centro,90896,NA,Valencia,1,1,€ 143,2019/09/25,2019/09/26,3,"9,1",14
ARENAS 2 APARTAMENT,2808815,Apartamento,Valencia,1,1,€ 150,2019/09/25,2019/09/26,0,"9,1",14
Sweet Caroline Apartment,1811784,Apartamento,Valencia,1,1,€ 150,2019/09/25,2019/09/26,0,"9,2",14
B BEACH VALENCIA,5125954,Apartamento,Valencia,1,1,€ 150,2019/09/25,2019/09/26,0,9,14
Mon Suites Catedral,485679,Apartamentos,Valencia,1,1,€ 156,2019/09/25,2019/09/26,0,"9,2",14
Central Park Apartment Valencia,3881533,Apartamento,Valencia,1,1,NA,2019/09/25,2019/09/26,0,"9,6",14
MYR Hotel Plaza Mercado & Spa,1619029,Apartahotel,Valencia,1,1,€ 159,2019/09/25,2019/09/26,0,"9,2",14
Soho Valencia,1538641,Apartahotel,Valencia,1,1,€ 159,2019/09/25,2019/09/26,0,9,14
Edificio Pentagono,4673669,Apartamento,Valencia,1,1,€ 160,2019/09/25,2019/09/26,0,9,14
Palau de Palomar,471283,Apartamentos,Valencia,1,1,€ 169,2019/09/25,2019/09/26,0,"9,1",14
Jardines del Turia - Espacioso apartamento,2734126,Apartamento,Valencia,1,1,€ 170,2019/09/25,2019/09/26,0,"9,1",14
Live in Chianti Apartaments,2882632,Apartamentos,Valencia,1,1,€ 175,2019/09/25,2019/09/26,0,9,14
Ciudad Ciencias- Lujo- Parking- Wi-Fi.,4999636,Apartamento,Valencia,1,1,NA,2019/09/25,2019/09/26,0,"9,8",14
Zerka Sendra,4657122,Apartamento,Valencia,1,1,€ 179,2019/09/25,2019/09/26,0,9,14
Hostal Venecia,92883,NA,Valencia,1,1,€ 205,2019/09/25,2019/09/26,2,"9,1",14
Cozy apartment in Valencia center,3402135,Apartamentos,Valencia,1,1,€ 208,2019/09/25,2019/09/26,0,"9,2",14
Arena's Apartament,2156905,Apartamento,Valencia,1,1,€ 225,2019/09/25,2019/09/26,0,"9,1",14
Ca Carmela,2466364,Casa o chalet,Valencia,1,1,€ 225,2019/09/25,2019/09/26,0,9,14
Vincci Mercat,1279484,NA,Valencia,1,1,€ 231,2019/09/25,2019/09/26,4,9,14
La seda stay,3335523,Apartamento,Valencia,1,1,NA,2019/09/25,2019/09/26,0,"9,7",14
NH Collection Colón Valencia,3828811,NA,Valencia,1,1,€ 235,2019/09/25,2019/09/26,4,"9,2",14
MARQUÉS HOUSE 4* SUP,2118880,NA,Valencia,1,1,€ 239,2019/09/25,2019/09/26,4,"9,4",14
MD Julio Antonio Apartment Center,3961049,Apartamento,Valencia,1,1,€ 268,2019/09/25,2019/09/26,0,"9,3",14
Las Arenas Balneario Resort,91144,NA,Valencia,1,1,€ 289,2019/09/25,2019/09/26,5,9,14
The River Hostel,494202,NA,Valencia,1,1,€ 29,2019/09/25,2019/09/26,0,"8,5",14
Homestay Carrer Sagun,5006434,NA,Valencia,1,1,€ 48,2019/09/25,2019/09/26,0,"8,5",14
Travel Habitat Ático Ciutat Vella.,3264750,Apartamento,Valencia,1,1,NA,2019/09/25,2019/09/26,0,"9,5",14
Rooms Valencia Center,5507857,NA,Valencia,1,1,€ 49,2019/09/25,2019/09/26,0,"8,8",14
Home Youth Hostel by Feetup Hostels,189322,NA,Valencia,1,1,€ 54,2019/09/25,2019/09/26,0,"8,8",14
Valencia Suits You Citytel,1106307,NA,Valencia,1,1,€ 59,2019/09/25,2019/09/26,2,"8,6",14
Namaste Rooms,3799642,NA,Valencia,1,1,€ 60,2019/09/25,2019/09/26,0,"8,7",14
Sabía que venias!,3543756,NA,Valencia,1,1,€ 60,2019/09/25,2019/09/26,0,"8,6",14
Luz de Valencia,2076095,Apartamentos,Valencia,1,1,€ 67,2019/09/25,2019/09/26,0,"8,8",14
Luxury Beach House,3602594,Casa o chalet,Valencia,1,1,NA,2019/09/25,2019/09/26,0,"9,7",14
UNIK. Apartments Valencia,2241282,Apartamentos,Valencia,1,1,€ 70,2019/09/25,2019/09/26,0,"8,5",14
Carrer de l'Escriptor Rafael Ferreres,4267645,Apartamento,Valencia,1,1,€ 70,2019/09/25,2019/09/26,0,"8,6",14
Hulot B&B Valencia,585429,NA,Valencia,1,1,€ 72,2019/09/25,2019/09/26,0,"8,5",14
Habitación doble,3599930,NA,Valencia,1,1,€ 76,2019/09/25,2019/09/26,0,"8,9",14
Zalamera BnB,1331238,NA,Valencia,1,1,€ 78,2019/09/25,2019/09/26,0,"8,7",14
Balandra Flat,2032624,Apartamento,Valencia,1,1,€ 79,2019/09/25,2019/09/26,0,"8,7",14
Burjassot Mestalla,3058627,Apartamento,Valencia,1,1,€ 80,2019/09/25,2019/09/26,0,"8,6",14
Balcón Al Mar,295109,NA,Valencia,1,1,€ 80,2019/09/25,2019/09/26,0,"8,5",14
Apartamentos Plaza Picasso,97063,Apartamentos,Valencia,1,1,€ 81,2019/09/25,2019/09/26,0,"8,5",14
APARTAMENTO LAS MELLIZAS,4651578,NA,Valencia,1,1,€ 45,2019/09/25,2019/09/26,0,"8,5",14
Pio XII Apartments Valencia,402080,Apartamentos,Valencia,1,1,€ 90,2019/09/25,2019/09/26,0,"8,5",14
ABCyou Bed&Breakfast,189207,NA,Valencia,1,1,€ 91,2019/09/25,2019/09/26,0,"8,5",14
Hotel El Siglo,1741479,NA,Valencia,1,1,€ 93,2019/09/25,2019/09/26,3,"8,5",14
Citizentral Gascons,332095,Apartamentos,Valencia,1,1,€ 94,2019/09/25,2019/09/26,0,"8,7",14
Ad Hoc Carmen,1173270,NA,Valencia,1,1,€ 96,2019/09/25,2019/09/26,2,"8,9",14
Plaza Sainetero Arniches,3984774,Apartamento,Valencia,1,1,€ 97,2019/09/25,2019/09/26,0,"8,5",14
Suites by Eric Olsan (Florista),4726450,Apartamentos,Valencia,1,1,€ 97,2019/09/25,2019/09/26,0,"8,7",14
Hotel Sercotel Acteón Valencia,90495,NA,Valencia,1,1,€ 98,2019/09/25,2019/09/26,4,"8,5",14
Casa del Patriarca,364834,NA,Valencia,1,1,€ 100,2019/09/25,2019/09/26,0,"8,9",14
BUBUFLATS Mossén,1141763,Apartamentos,Valencia,1,1,€ 100,2019/09/25,2019/09/26,0,"8,9",14
Apartamento Bolseria 28,881275,Apartamentos,Valencia,1,1,NA,2019/09/25,2019/09/26,0,"9,5",14
Rooms Ciencias,94126,NA,Valencia,1,1,€ 104,2019/09/25,2019/09/26,0,"8,9",14
Sercotel Sorolla Palace,93646,NA,Valencia,1,1,€ 105,2019/09/25,2019/09/26,4,"8,6",14
Perla Apartments,3146781,Apartamentos,Valencia,1,1,€ 108,2019/09/25,2019/09/26,0,"8,8",14
Flats Hondures,2194645,Apartamento,Valencia,1,1,€ 109,2019/09/25,2019/09/26,0,"8,9",14
Friendly Rentals Schubert,1634221,Apartamentos,Valencia,1,1,€ 110,2019/09/25,2019/09/26,0,"8,9",14
City of Arts,3031480,Apartamento,Valencia,1,1,€ 110,2019/09/25,2019/09/26,0,"8,7",14
Apartamento Forn dels Apòstols,3122008,Apartamento,Valencia,1,1,NA,2019/09/25,2019/09/26,0,"9,6",14
Jardín Botánico Hotel Boutique,93369,NA,Valencia,1,1,€ 110,2019/09/25,2019/09/26,3,"8,9",14
New Trendy apartment,2426154,Apartamento,Valencia,1,1,€ 110,2019/09/25,2019/09/26,0,"8,7",14
Valenciaflats Centro Histórico,94781,Apartamentos,Valencia,1,1,€ 110,2019/09/25,2019/09/26,0,"8,7",14
Tranquilo Apartamento En Plaza Cisneros,3127388,Apartamento,Valencia,1,1,€ 111,2019/09/25,2019/09/26,0,"8,8",14
Ad Hoc Monumental,90719,NA,Valencia,1,1,€ 111,2019/09/25,2019/09/26,3,"8,6",14
Casual Vintage Valencia,1710241,NA,Valencia,1,1,€ 113,2019/09/25,2019/09/26,2,"8,6",14
Ayuntamiento Panoramic,3089239,Apartamento,Valencia,1,1,NA,2019/09/25,2019/09/26,0,"9,5",14
Hotel Malcom and Barret,483261,NA,Valencia,1,1,€ 113,2019/09/25,2019/09/26,3,"8,7",14
SKY TOURISTIC ATTIC,281640,Apartamentos,Valencia,1,1,€ 117,2019/09/25,2019/09/26,0,"8,5",14
Valenciaflats Mercado Central,307677,Apartamentos,Valencia,1,1,€ 120,2019/09/25,2019/09/26,0,"8,9",14
BUBUFLATS / Mercat,783206,Apartamentos,Valencia,1,1,€ 120,2019/09/25,2019/09/26,0,"8,9",14
Petit Palace Ruzafa,90792,NA,Valencia,1,1,€ 121,2019/09/25,2019/09/26,3,"8,7",14
ValentiaApartments - MercadoCentral,4185241,Apartamentos,Valencia,1,1,€ 127,2019/09/25,2019/09/26,0,"8,8",14
Lounge by the sea,4756780,Apartamento,Valencia,1,1,NA,2019/09/25,2019/09/26,0,"9,8",14
Apartamentos Valencia - Brazil 31 Free WiFi,4948554,Apartamento,Valencia,1,1,€ 127,2019/09/25,2019/09/26,0,"8,7",14
Flatsforyou Ruzafa,3342696,Apartamentos,Valencia,1,1,€ 130,2019/09/25,2019/09/26,0,"8,8",14
Apartments Plaza Ayuntamiento,3506736,Apartamento,Valencia,1,1,€ 130,2019/09/25,2019/09/26,0,"8,7",14
Friendly Rentals Verdi 2,2523881,Apartamento,Valencia,1,1,€ 130,2019/09/25,2019/09/26,0,"8,7",14
Hotel Kramer,91106,NA,Valencia,1,1,€ 131,2019/09/25,2019/09/26,3,"8,8",14
Boutique Creative Rooms,2334726,NA,Valencia,1,1,€ 131,2019/09/25,2019/09/26,0,"8,7",14
City Center Atico 360,3025679,Apartamento,Valencia,1,1,NA,2019/09/25,2019/09/26,0,"9,5",14
Welcome Platanos 13 Valencia Beautiful apartments with terrace,5095795,Apartamento,Valencia,1,1,€ 134,2019/09/25,2019/09/26,0,"8,5",14
FREE WI-FI. Apartamentos 90 м2 - Assutzena 5,4828764,Apartamento,Valencia,1,1,€ 136,2019/09/25,2019/09/26,0,"8,7",14
El Palacete Gran Via,3483148,NA,Valencia,1,1,€ 137,2019/09/25,2019/09/26,0,"8,8",14
Friendly Rentals Ferrero,2314984,Apartamento,Valencia,1,1,€ 140,2019/09/25,2019/09/26,0,"8,6",14
Petit Palace Plaza de la Reina,90443,NA,Valencia,1,1,€ 143,2019/09/25,2019/09/26,3,"8,7",14
Zenit Valencia,92327,NA,Valencia,1,1,€ 144,2019/09/25,2019/09/26,4,"8,8",14
APARTAMENTO DE DISEÑO EN PLAZA MANISES,2823390,Apartamento,Valencia,1,1,NA,2019/09/25,2019/09/26,0,"9,7",14
Hotel Dimar,90886,NA,Valencia,1,1,€ 153,2019/09/25,2019/09/26,4,"8,7",14
Friendly Rentals Gala,1634252,Apartamento,Valencia,1,1,€ 160,2019/09/25,2019/09/26,0,"8,7",14
Friendly Rentals Vives 2,2523871,Apartamento,Valencia,1,1,€ 165,2019/09/25,2019/09/26,0,"8,6",14
Lotelito,570027,NA,Valencia,1,1,€ 170,2019/09/25,2019/09/26,0,"8,9",14
Canela`s Vintage Ruzafa Centro,4652584,Apartamento,Valencia,1,1,€ 170,2019/09/25,2019/09/26,0,"8,6",14
Puerta de Serranos,2734333,Apartamentos,Valencia,1,1,€ 185,2019/09/25,2019/09/26,0,"8,8",14
Vincci Palace,94163,NA,Valencia,1,1,€ 198,2019/09/25,2019/09/26,4,"8,6",14
Cathedral Suites Hotel,1736257,Apartahotel,Valencia,1,1,€ 199,2019/09/25,2019/09/26,4,"8,9",14
Hotel Valencia Oceanic Managed by Melia Hotels International,91522,NA,Valencia,1,1,€ 199,2019/09/25,2019/09/26,4,"8,6",14
Select Home Mercado de Colón,2960845,Apartamentos,Valencia,1,1,€ 210,2019/09/25,2019/09/26,0,"8,9",14
Ilunion Aqua 4,92777,NA,Valencia,1,1,€ 217,2019/09/25,2019/09/26,4,"8,5",14
SingularStays Parque Central,3054000,Apartamentos,Valencia,1,1,€ 225,2019/09/25,2019/09/26,0,"8,8",14
Melia Valencia,290493,NA,Valencia,1,1,€ 227,2019/09/25,2019/09/26,4,"8,8",14
One Shot Palacio Reina Victoria 04,90885,NA,Valencia,1,1,€ 239,2019/09/25,2019/09/26,4,"8,6",14
AC Hotel Valencia- a Marriott Lifestyle Hotel,91063,NA,Valencia,1,1,€ 248,2019/09/25,2019/09/26,4,"8,6",14
Vincci Lys,91183,NA,Valencia,1,1,€ 259,2019/09/25,2019/09/26,4,"8,9",14
Hospes Palau de La Mar,93823,NA,Valencia,1,1,€ 392,2019/09/25,2019/09/26,5,"8,8",14
The Westin Valencia,93321,NA,Valencia,1,1,€ 495,2019/09/25,2019/09/26,5,"8,7",14
