name,propertyId,propertyType,city,rooms,days,price,checkIn,checkOut,stars,score,advance
Apartamento con terraza,5238122,Apartahotel,Valencia,1,1,€ 240,2019/11/18,2019/11/19,0,,60
Apartment Carrer de Don Juan de Austria,5464038,Apartamentos,Valencia,1,1,€ 275,2019/11/18,2019/11/19,0,,60
Casual House Valencia,3446189,Casa o chalet,Valencia,1,1,NA,2019/11/18,2019/11/19,0,"8,6",60
Governor Residence,3799760,Apartahotel,Valencia,1,1,€ 600,2019/11/18,2019/11/19,0,,60
Colors Rooms,675839,NA,Valencia,1,1,€ 40,2019/11/18,2019/11/19,0,"9,6",60
L'Esplai Valencia Bed & Breakfast,1282556,NA,Valencia,1,1,NA,2019/11/18,2019/11/19,0,"9,6",60
LOFT apartamento duplex en Valencia con parking,5519008,Apartamento,Valencia,1,1,€ 65,2019/11/18,2019/11/19,0,,60
Turia Burjassot 12,3237353,Apartamento,Valencia,1,1,€ 90,2019/11/18,2019/11/19,0,9,60
RUZAFA. Nice apartment and Terrace.,4368595,Apartamento,Valencia,1,1,€ 90,2019/11/18,2019/11/19,0,"9,3",60
MD PASEO RUZAFA CENTER,5374850,Apartamento,Valencia,1,1,NA,2019/11/18,2019/11/19,0,"9,5",60
Olvida tu Reloj Montichelvo Apartment,3258095,Apartamento,Valencia,1,1,€ 91,2019/11/18,2019/11/19,0,"9,4",60
Purple Nest Hostel,25278,NA,Valencia,1,1,€ 37,2019/11/18,2019/11/19,0,"8,2",60
B&B Hi Valencia Canovas,305349,NA,Valencia,1,1,€ 38,2019/11/18,2019/11/19,0,"8,4",60
Maestro Rodrigo Apartment,3494154,Apartamento,Valencia,1,1,NA,2019/11/18,2019/11/19,0,"9,4",60
Olvida tu Reloj Congresos Apartment,2448036,Apartamento,Valencia,1,1,€ 91,2019/11/18,2019/11/19,0,"9,2",60
Center City Flats,861452,Apartamentos,Valencia,1,1,€ 94,2019/11/18,2019/11/19,0,"9,1",60
Calle de Frederica Montseny 'Política' Casa o chalet,5152866,Casa o chalet,Valencia,1,1,€ 95,2019/11/18,2019/11/19,0,"9,4",60
Apartamentos Edificio Palomar,189277,Apartamentos,Valencia,1,1,€ 99,2019/11/18,2019/11/19,0,"9,2",60
Hi Valencia Apartments - Jorge Juan,2373701,Apartamento,Valencia,1,1,€ 100,2019/11/18,2019/11/19,0,"9,4",60
Habitacion en Valencia Barata,4861796,NA,Valencia,1,1,€ 40,2019/11/18,2019/11/19,0,"8,2",60
Aventura,5567318,Apartamentos,Valencia,1,1,€ 40,2019/11/18,2019/11/19,0,"8,2",60
Hostal Abastos,257057,NA,Valencia,1,1,€ 45,2019/11/18,2019/11/19,2,"8,2",60
Red Nest Hostel,92283,NA,Valencia,1,1,€ 45,2019/11/18,2019/11/19,0,"8,2",60
Sweet Hotel Renasa,274818,NA,Valencia,1,1,€ 48,2019/11/18,2019/11/19,3,8,60
Coroa Malvarrosa,1638172,Apartamentos,Valencia,1,1,€ 48,2019/11/18,2019/11/19,0,"8,2",60
Apartamento Alta,2147948,Apartamento,Valencia,1,1,NA,2019/11/18,2019/11/19,0,"9,1",60
Nowy apartament 3min od plaż- 3 sypialnie- balkon,3418661,Apartamentos,Valencia,1,1,NA,2019/11/18,2019/11/19,0,"9,5",60
Piso como en tu casa 2,3834617,Apartamentos,Valencia,1,1,€ 101,2019/11/18,2019/11/19,0,"9,2",60
Palacio de Rojas,1073276,Apartamentos,Valencia,1,1,€ 105,2019/11/18,2019/11/19,0,"9,3",60
Forn desamparats,2380447,Apartamento,Valencia,1,1,€ 105,2019/11/18,2019/11/19,0,"9,4",60
HQ Rooms Apartments San Vicente,2894429,Apartamentos,Valencia,1,1,€ 105,2019/11/18,2019/11/19,0,"9,2",60
5 SENSES,3786890,Apartamento,Valencia,1,1,€ 107,2019/11/18,2019/11/19,0,"9,1",60
OCEANOGRAFIC APARTMENT. PARKING. WI-FI,3107716,Apartamentos,Valencia,1,1,€ 110,2019/11/18,2019/11/19,0,9,60
Austria 4,1605997,Apartamentos,Valencia,1,1,NA,2019/11/18,2019/11/19,0,9,60
"Piso ""Como en tu casa""",2689136,Apartamento,Valencia,1,1,€ 110,2019/11/18,2019/11/19,0,"9,2",60
Best Valencia Beach Flat,3246772,Apartamento,Valencia,1,1,€ 192,2019/11/18,2019/11/19,0,"7,1",60
Select Home Catedral,440778,Apartamentos,Valencia,1,1,€ 340,2019/11/18,2019/11/19,0,"7,1",60
SingularStays Sorolla,3745653,Apartamento,Valencia,1,1,NA,2019/11/18,2019/11/19,0,"8,9",60
MD Villalonga Malvarosa Beach,3739661,Apartamento,Valencia,1,1,€ 430,2019/11/18,2019/11/19,0,"7,1",60
MD Puerto Rico Apartment Ruzafa,3737151,Apartamento,Valencia,1,1,€ 437,2019/11/18,2019/11/19,0,"7,4",60
Habitación Despuig,4901343,NA,Valencia,1,1,€ 28,2019/11/18,2019/11/19,0,"6,8",60
Habitación con cama doble,4794909,NA,Valencia,1,1,€ 36,2019/11/18,2019/11/19,0,"6,7",60
Ruzafa Rooms,2891693,NA,Valencia,1,1,€ 45,2019/11/18,2019/11/19,0,"6,9",60
PISO ACOGEDOR,4995780,NA,Valencia,1,1,€ 50,2019/11/18,2019/11/19,0,"6,9",60
One Shot Mercat 09,2274203,NA,Valencia,1,1,€ 110,2019/11/18,2019/11/19,4,"9,1",60
Apartamentos La más Bonita,2816245,Apartamentos,Valencia,1,1,€ 113,2019/11/18,2019/11/19,0,"9,1",60
COZY APARTMENT VALENCIA CITY CENTER!,4886758,Apartamento,Valencia,1,1,€ 115,2019/11/18,2019/11/19,0,"9,2",60
Welcome Apartamentos Pintor Stolz 31 Valencia,5019066,Apartamento,Valencia,1,1,€ 115,2019/11/18,2019/11/19,0,"9,3",60
APARTAMENTO CENTRICO. WI-FI. PARKING,2967593,Apartamento,Valencia,1,1,€ 120,2019/11/18,2019/11/19,0,"9,1",60
CENTRO CIUDAD-PZA AYUNTAMIENTO-WIFI,3604273,Apartamento,Valencia,1,1,NA,2019/11/18,2019/11/19,0,"9,3",60
Rio Turia B&B,5531073,NA,Valencia,1,1,€ 48,2019/11/18,2019/11/19,0,8,60
Dormavalencia Hostel Regne,291755,NA,Valencia,1,1,€ 52,2019/11/18,2019/11/19,1,8,60
Urban Youth Hostel,1163025,NA,Valencia,1,1,€ 53,2019/11/18,2019/11/19,0,"8,4",60
Hotel Villacarlos,90730,NA,Valencia,1,1,€ 53,2019/11/18,2019/11/19,3,8,60
Hotel Olympia Universidades,1301731,NA,Valencia,1,1,€ 53,2019/11/18,2019/11/19,3,"8,4",60
Down Town,1656378,Apartamentos,Valencia,1,1,€ 53,2019/11/18,2019/11/19,0,"8,3",60
Loft en centro histórico,3426442,Apartamento,Valencia,1,1,NA,2019/11/18,2019/11/19,0,"9,4",60
Up Town,2244083,Apartamentos,Valencia,1,1,€ 53,2019/11/18,2019/11/19,0,"8,2",60
Apartment close to park Marchalenes,4418670,Apartamento,Valencia,1,1,€ 120,2019/11/18,2019/11/19,0,"9,1",60
Sorolla Centro,90896,NA,Valencia,1,1,€ 121,2019/11/18,2019/11/19,3,"9,1",60
MYR Hotel Plaza Mercado & Spa,1619029,Apartahotel,Valencia,1,1,€ 122,2019/11/18,2019/11/19,0,"9,2",60
Como en casa,4802186,NA,Valencia,1,1,€ 54,2019/11/18,2019/11/19,0,"8,1",60
United Colors of Apartments - Catedral,1301545,Apartamentos,Valencia,1,1,€ 55,2019/11/18,2019/11/19,0,"8,2",60
Sol Playa,12656,NA,Valencia,1,1,€ 56,2019/11/18,2019/11/19,2,"8,3",60
Eurostars Rey Don Jaime,91520,NA,Valencia,1,1,€ 58,2019/11/18,2019/11/19,4,"8,2",60
Vincci Mercat,1279484,NA,Valencia,1,1,€ 123,2019/11/18,2019/11/19,4,9,60
MD Design Hotel - Portal del Real,2391685,NA,Valencia,1,1,€ 126,2019/11/18,2019/11/19,2,"9,1",60
Aparthotel Valencia Rental,17344,Apartahotel,Valencia,1,1,€ 58,2019/11/18,2019/11/19,0,8,60
New General,3788286,Apartamento,Valencia,1,1,NA,2019/11/18,2019/11/19,0,"9,2",60
Happy Apartments Valencia,456043,Apartamentos,Valencia,1,1,€ 60,2019/11/18,2019/11/19,0,"8,2",60
piso cerca de la playa,3269379,Apartamento,Valencia,1,1,NA,2019/11/18,2019/11/19,0,"8,7",60
Geography and Arts.,3569110,NA,Valencia,1,1,€ 60,2019/11/18,2019/11/19,0,"6,9",60
Guest House Lebon,3124256,NA,Valencia,1,1,€ 60,2019/11/18,2019/11/19,0,"6,9",60
Casita Esmeralda,2040126,Casa o chalet,Valencia,1,1,€ 114,2019/11/18,2019/11/19,0,"6,5",60
Miresa flats,5300418,Apartamento,Valencia,1,1,€ 125,2019/11/18,2019/11/19,0,"6,6",60
El Coso,14580,NA,Valencia,1,1,€ 60,2019/11/18,2019/11/19,3,"8,2",60
Casa Mati,4217185,NA,Valencia,1,1,€ 60,2019/11/18,2019/11/19,0,"8,2",60
Senator Parque Central Hotel,274963,NA,Valencia,1,1,€ 62,2019/11/18,2019/11/19,4,"8,1",60
Hotel Medium Valencia,96838,NA,Valencia,1,1,€ 63,2019/11/18,2019/11/19,4,"8,1",60
Kirei Apartment Na Jordana,1702092,Apartamentos,Valencia,1,1,€ 168,2019/11/18,2019/11/19,0,"6,9",60
Fun and Sun Center 2,2944416,NA,Valencia,1,1,€ 36,2019/11/18,2019/11/19,0,"6,1",60
Center Venezuela Apartments,4459021,Apartamentos,Valencia,1,1,NA,2019/11/18,2019/11/19,0,"8,5",60
Guest House Higinio Noja,2845935,NA,Valencia,1,1,€ 60,2019/11/18,2019/11/19,0,6,60
Carrer del Bisbe Jaume Pérez,4900140,NA,Valencia,1,1,€ 60,2019/11/18,2019/11/19,0,6,60
Kirei Apartment San Agustin,1712323,Apartamentos,Valencia,1,1,€ 137,2019/11/18,2019/11/19,0,"6,1",60
RoomTuristValencia - Ruzafa,4608394,NA,Valencia,1,1,€ 25,2019/11/18,2019/11/19,0,"5,6",60
Ruzafa Guesthouse,2269176,NA,Valencia,1,1,€ 30,2019/11/18,2019/11/19,0,"5,6",60
Perla Apartments,3146781,Apartamentos,Valencia,1,1,€ 90,2019/11/18,2019/11/19,0,"8,7",60
Oliver,4865093,NA,Valencia,1,1,€ 35,2019/11/18,2019/11/19,0,"5,8",60
Apartment City of Arts,3811530,Apartamentos,Valencia,1,1,NA,2019/11/18,2019/11/19,0,"8,5",60
Gon & Diego House,4899561,NA,Valencia,1,1,€ 40,2019/11/18,2019/11/19,0,"5,6",60
Kirei Apartment Berlin,4504570,Apartamentos,Valencia,1,1,€ 108,2019/11/18,2019/11/19,0,"5,5",60
Kirei Apartment Portland,4276529,Apartamentos,Valencia,1,1,€ 200,2019/11/18,2019/11/19,0,"5,9",60
Casa del Patriarca,364834,NA,Valencia,1,1,€ 90,2019/11/18,2019/11/19,0,"8,9",60
Oceanografic Arts center 46,2929640,Apartamento,Valencia,1,1,NA,2019/11/18,2019/11/19,0,9,60
Melia Valencia,290493,NA,Valencia,1,1,€ 93,2019/11/18,2019/11/19,4,"8,8",60
One Shot Palacio Reina Victoria 04,90885,NA,Valencia,1,1,€ 93,2019/11/18,2019/11/19,4,"8,6",60
Guest House Torres de Quart,2275006,NA,Valencia,1,1,€ 30,2019/11/18,2019/11/19,0,"5,3",60
Guest House Ruzafa,2324552,NA,Valencia,1,1,€ 33,2019/11/18,2019/11/19,0,"5,2",60
Casual Vintage Valencia,1710241,NA,Valencia,1,1,€ 94,2019/11/18,2019/11/19,2,"8,6",60
Valencian Apartment,2298621,Apartamento,Valencia,1,1,€ 94,2019/11/18,2019/11/19,0,"8,9",60
Ilunion Aqua 4,92777,NA,Valencia,1,1,€ 94,2019/11/18,2019/11/19,4,"8,5",60
Les flors,3985046,Apartamento,Valencia,1,1,€ 95,2019/11/18,2019/11/19,0,"8,6",60
Apartments Abate 4,2848648,Apartamentos,Valencia,1,1,NA,2019/11/18,2019/11/19,0,9,60
Biopark View Apartment,2381901,Apartamento,Valencia,1,1,€ 95,2019/11/18,2019/11/19,0,"8,9",60
Catalonia Excelsior,90578,NA,Valencia,1,1,€ 95,2019/11/18,2019/11/19,3,"8,7",60
New Trendy apartment,2426154,Apartamento,Valencia,1,1,€ 95,2019/11/18,2019/11/19,0,"8,7",60
El Coral Apartment Valencia,3606766,Apartamento,Valencia,1,1,€ 95,2019/11/18,2019/11/19,0,"8,7",60
Hotel Mediterraneo Valencia,92412,NA,Valencia,1,1,€ 99,2019/11/18,2019/11/19,3,"8,8",60
APARTAMENTO LAS MELLIZAS,4651578,NA,Valencia,1,1,€ 50,2019/11/18,2019/11/19,0,"8,5",60
Bonito piso en el Barrio del Carmen (Valencia),2796987,Apartamento,Valencia,1,1,NA,2019/11/18,2019/11/19,0,9,60
SH Ingles Boutique Hotel,92956,NA,Valencia,1,1,€ 100,2019/11/18,2019/11/19,4,"8,5",60
AC Hotel Valencia- a Marriott Lifestyle Hotel,91063,NA,Valencia,1,1,€ 103,2019/11/18,2019/11/19,4,"8,5",60
Melia Plaza Valencia,13270,NA,Valencia,1,1,€ 105,2019/11/18,2019/11/19,4,"8,9",60
Zenit Valencia,92327,NA,Valencia,1,1,€ 108,2019/11/18,2019/11/19,4,"8,8",60
Hotel Neptuno,91206,NA,Valencia,1,1,€ 108,2019/11/18,2019/11/19,4,"8,5",60
Petit Palace Plaza de la Reina,90443,NA,Valencia,1,1,€ 109,2019/11/18,2019/11/19,3,"8,7",60
Casa tipica en la playa,2532733,Apartamento,Valencia,1,1,NA,2019/11/18,2019/11/19,0,"9,2",60
Tranquilo Apartamento En Plaza Cisneros,3127388,Apartamento,Valencia,1,1,€ 111,2019/11/18,2019/11/19,0,"8,8",60
El Palacete Gran Via,3483148,NA,Valencia,1,1,€ 114,2019/11/18,2019/11/19,0,"8,8",60
Loft by the Beach,4441671,Apartamento,Valencia,1,1,€ 115,2019/11/18,2019/11/19,0,"8,5",60
Plaza de la Virgen,3167342,Apartamento,Valencia,1,1,€ 115,2019/11/18,2019/11/19,0,"8,8",60
Hotel San Lorenzo Boutique,1307718,NA,Valencia,1,1,€ 118,2019/11/18,2019/11/19,3,"8,6",60
Reina's Apartment,2130930,Apartamentos,Valencia,1,1,€ 100,2019/11/18,2019/11/19,0,"8,3",60
Friendly Rentals ABC,3656596,Apartamento,Valencia,1,1,€ 115,2019/11/18,2019/11/19,0,"8,3",60
Ad Hoc Carmen,1173270,NA,Valencia,1,1,NA,2019/11/18,2019/11/19,2,"8,9",60
Welcome Platanos 13 Valencia Beautiful apartments with terrace,5095795,Apartamento,Valencia,1,1,€ 119,2019/11/18,2019/11/19,0,"8,1",60
Patacona Beach Apartment,4533678,Apartamento,Valencia,1,1,€ 119,2019/11/18,2019/11/19,0,"8,3",60
Ilunion Aqua 3,92776,NA,Valencia,1,1,€ 119,2019/11/18,2019/11/19,3,"8,3",60
Apartamento Privado Próximo a Playa y Ciencias,3783163,Apartamento,Valencia,1,1,€ 120,2019/11/18,2019/11/19,0,"8,2",60
Carrer de María Montessori,3272386,Apartamento,Valencia,1,1,€ 120,2019/11/18,2019/11/19,0,"8,2",60
Cosy apartment near to the center,4064812,Apartamento,Valencia,1,1,€ 122,2019/11/18,2019/11/19,0,"8,3",60
Palacios Rooms,2773548,NA,Valencia,1,1,NA,2019/11/18,2019/11/19,0,"8,6",60
Rio Turia Skatehouse,4624602,Apartamento,Valencia,1,1,€ 126,2019/11/18,2019/11/19,0,"8,2",60
Zerka Centro,4425975,Apartamentos,Valencia,1,1,€ 129,2019/11/18,2019/11/19,0,"8,3",60
Apartamento Gran Vía Marqués del Turia,2358973,Apartamento,Valencia,1,1,€ 139,2019/11/18,2019/11/19,0,"8,4",60
Casa los Peces,3234194,Apartamento,Valencia,1,1,€ 154,2019/11/18,2019/11/19,0,"8,3",60
Loft el Carmen amazing views,4932621,Apartamento,Valencia,1,1,€ 172,2019/11/18,2019/11/19,0,"8,1",60
Ilunion Valencia 4,754329,NA,Valencia,1,1,€ 203,2019/11/18,2019/11/19,4,"8,1",60
Angel Guimera Rooms & Breakfast,2524241,NA,Valencia,1,1,NA,2019/11/18,2019/11/19,0,"8,9",60
Vlc Apartaments el Carmen,389902,Apartamentos,Valencia,1,1,€ 214,2019/11/18,2019/11/19,0,"8,2",60
Eurostars Gran Valencia,90484,NA,Valencia,1,1,€ 269,2019/11/18,2019/11/19,4,"8,4",60
Malvarrosa Calle Pavia,3608764,Casa o chalet,Valencia,1,1,€ 271,2019/11/18,2019/11/19,0,8,60
NWT Central Station Apartments,3964093,Apartamento,Valencia,1,1,€ 300,2019/11/18,2019/11/19,0,"8,2",60
Musico Peydro Apartments,3765069,Apartamentos,Valencia,1,1,€ 407,2019/11/18,2019/11/19,0,8,60
MD Sueca. Apartment with Terrace Ruzafa,2551179,Apartamento,Valencia,1,1,€ 500,2019/11/18,2019/11/19,0,"8,2",60
HABITACIÓN PRIVADA EN RUZAFA,4948581,NA,Valencia,1,1,NA,2019/11/18,2019/11/19,0,"8,6",60
MD Vila Barbera Apartment Center,1957253,Apartamento,Valencia,1,1,€ 500,2019/11/18,2019/11/19,0,"8,3",60
UP Hostel Valencia,1710137,NA,Valencia,1,1,€ 24,2019/11/18,2019/11/19,0,"7,8",60
Pensión Universal,304276,NA,Valencia,1,1,€ 26,2019/11/18,2019/11/19,0,"7,9",60
Hostal Moratin,326015,NA,Valencia,1,1,€ 29,2019/11/18,2019/11/19,1,"7,9",60
Habitación San Cayetano,4624401,NA,Valencia,1,1,€ 30,2019/11/18,2019/11/19,0,"7,7",60
Russafa Youth Hostel,345134,NA,Valencia,1,1,€ 45,2019/11/18,2019/11/19,0,"8,6",60
B&B Almirante,369695,NA,Valencia,1,1,€ 48,2019/11/18,2019/11/19,1,"8,8",60
Cool Loft Malvarrosa Beach,4309218,Apartamento,Valencia,1,1,NA,2019/11/18,2019/11/19,0,"9,7",60
Hulot B&B Valencia,585429,NA,Valencia,1,1,€ 49,2019/11/18,2019/11/19,0,"8,5",60
Buho House,3777691,Apartahotel,Valencia,1,1,€ 49,2019/11/18,2019/11/19,0,"8,5",60
Zalamera BnB,1331238,NA,Valencia,1,1,€ 50,2019/11/18,2019/11/19,0,"8,7",60
UNIK. Apartments Valencia,2241282,Apartamentos,Valencia,1,1,€ 50,2019/11/18,2019/11/19,0,"8,5",60
Pio XII Apartments Valencia,402080,Apartamentos,Valencia,1,1,€ 51,2019/11/18,2019/11/19,0,"8,5",60
Hotel Malcom and Barret,483261,NA,Valencia,1,1,€ 53,2019/11/18,2019/11/19,3,"8,7",60
Glorieta,4217752,Apartamento,Valencia,1,1,NA,2019/11/18,2019/11/19,0,"9,7",60
Turia Town,4064373,Apartamentos,Valencia,1,1,€ 53,2019/11/18,2019/11/19,0,"8,8",60
Apartamentos Plaza Picasso,97063,Apartamentos,Valencia,1,1,€ 54,2019/11/18,2019/11/19,0,"8,5",60
Home Youth Hostel by Feetup Hostels,189322,NA,Valencia,1,1,€ 54,2019/11/18,2019/11/19,0,"8,8",60
Balcón Al Mar,295109,NA,Valencia,1,1,€ 54,2019/11/18,2019/11/19,0,"8,5",60
Namaste Rooms,3799642,NA,Valencia,1,1,€ 55,2019/11/18,2019/11/19,0,"8,7",60
Hotel Sercotel Acteón Valencia,90495,NA,Valencia,1,1,€ 59,2019/11/18,2019/11/19,4,"8,5",60
MOM La Punta,3105661,NA,Valencia,1,1,NA,2019/11/18,2019/11/19,0,"9,4",60
Apartamento Joseph - luminoso y muy céntrico,4267950,Apartamento,Valencia,1,1,€ 60,2019/11/18,2019/11/19,0,"8,8",60
Valenciaflats Centro Histórico,94781,Apartamentos,Valencia,1,1,€ 60,2019/11/18,2019/11/19,0,"8,7",60
Apartamento Jesus De Medinaceli,1728697,Apartamentos,Valencia,1,1,€ 60,2019/11/18,2019/11/19,0,"8,6",60
Hotel Kramer,91106,NA,Valencia,1,1,€ 61,2019/11/18,2019/11/19,3,"8,8",60
Jardín Botánico Hotel Boutique,93369,NA,Valencia,1,1,€ 62,2019/11/18,2019/11/19,3,"8,9",60
ABCyou Bed&Breakfast,189207,NA,Valencia,1,1,€ 66,2019/11/18,2019/11/19,0,"8,5",60
Habitación privada a 1500 metros de la playa,3789910,NA,Valencia,1,1,NA,2019/11/18,2019/11/19,0,"9,2",60
València Centre Túria,2185255,Apartamento,Valencia,1,1,€ 66,2019/11/18,2019/11/19,0,"8,8",60
València Centre Torres de Quart,886289,Apartamentos,Valencia,1,1,€ 66,2019/11/18,2019/11/19,0,"8,9",60
Lotelito,570027,NA,Valencia,1,1,€ 66,2019/11/18,2019/11/19,0,"8,9",60
Blanq Carmen Hotel,97069,NA,Valencia,1,1,€ 67,2019/11/18,2019/11/19,3,"8,7",60
Luz de Valencia,2076095,Apartamentos,Valencia,1,1,€ 67,2019/11/18,2019/11/19,0,"8,8",60
B&B Hi Valencia Boutique,1301725,NA,Valencia,1,1,€ 70,2019/11/18,2019/11/19,0,"8,8",60
Caro Hotel,348132,NA,Valencia,1,1,NA,2019/11/18,2019/11/19,5,"9,2",60
Estrella de russafa,5352439,NA,Valencia,1,1,€ 70,2019/11/18,2019/11/19,0,"8,5",60
Apartaments San Pio V,2456151,Apartamento,Valencia,1,1,€ 70,2019/11/18,2019/11/19,0,"8,8",60
Valencia maritimo,3020748,Apartamento,Valencia,1,1,€ 70,2019/11/18,2019/11/19,0,"8,9",60
Citizentral Gascons,332095,Apartamentos,Valencia,1,1,€ 71,2019/11/18,2019/11/19,0,"8,8",60
Petit Palace Ruzafa,90792,NA,Valencia,1,1,€ 71,2019/11/18,2019/11/19,3,"8,7",60
One Shot Colón 46,1394168,NA,Valencia,1,1,€ 72,2019/11/18,2019/11/19,3,"8,7",60
VLC Downtown Flats,4637615,Apartamentos,Valencia,1,1,NA,2019/11/18,2019/11/19,0,"9,1",60
Host & Home,1663785,NA,Valencia,1,1,€ 74,2019/11/18,2019/11/19,0,"8,9",60
Habitación doble,3599930,NA,Valencia,1,1,€ 75,2019/11/18,2019/11/19,0,"8,9",60
BUBUFLATS / Mercat,783206,Apartamentos,Valencia,1,1,€ 75,2019/11/18,2019/11/19,0,"8,9",60
Sercotel Sorolla Palace,93646,NA,Valencia,1,1,€ 76,2019/11/18,2019/11/19,4,"8,6",60
Boutique Creative Rooms,2334726,NA,Valencia,1,1,€ 77,2019/11/18,2019/11/19,0,"8,7",60
Hotel Valencia Oceanic Managed by Melia Hotels International,91522,NA,Valencia,1,1,€ 79,2019/11/18,2019/11/19,4,"8,6",60
Homestay Carrer Sagun,5006434,NA,Valencia,1,1,€ 80,2019/11/18,2019/11/19,0,"8,6",60
Apartments Madrina,3278589,Apartamentos,Valencia,1,1,€ 80,2019/11/18,2019/11/19,0,"8,9",60
BUBUFLATS Mossén,1141763,Apartamentos,Valencia,1,1,€ 80,2019/11/18,2019/11/19,0,"8,9",60
Suites by Eric Olsan (Florista),4726450,Apartamentos,Valencia,1,1,€ 82,2019/11/18,2019/11/19,0,"8,6",60
Ad Hoc Monumental,90719,NA,Valencia,1,1,€ 85,2019/11/18,2019/11/19,3,"8,6",60
Burjassot Mestalla,3058627,Apartamento,Valencia,1,1,€ 85,2019/11/18,2019/11/19,0,"8,6",60
Casa de Maria,2467712,Apartamento,Valencia,1,1,€ 85,2019/11/18,2019/11/19,0,"8,5",60
Moon Valencia,3560698,Apartamentos,Valencia,1,1,€ 85,2019/11/18,2019/11/19,0,"8,9",60
Barceló Valencia,91988,NA,Valencia,1,1,€ 86,2019/11/18,2019/11/19,4,"8,7",60
Casual del Cine Valencia,572187,NA,Valencia,1,1,€ 86,2019/11/18,2019/11/19,2,"8,6",60
Hotel El Siglo,1741479,NA,Valencia,1,1,€ 90,2019/11/18,2019/11/19,3,"8,5",60
Hotel Dimar,90886,NA,Valencia,1,1,€ 90,2019/11/18,2019/11/19,4,"8,7",60
Ilunion Valencia 3,92818,NA,Valencia,1,1,€ 63,2019/11/18,2019/11/19,3,"7,9",60
Alex Apartment,1756374,Apartamento,Valencia,1,1,€ 65,2019/11/18,2019/11/19,0,"7,9",60
Marina Loft & Apartments,432326,Apartamentos,Valencia,1,1,NA,2019/11/18,2019/11/19,0,"8,7",60
El 16 Ruzafa,865461,Apartamentos,Valencia,1,1,€ 69,2019/11/18,2019/11/19,0,"7,7",60
Oceanográfico Apartments & Spa,324918,Apartamentos,Valencia,1,1,€ 70,2019/11/18,2019/11/19,0,"7,6",60
SEA YOU HOTEL PORT VALENCIA,92328,NA,Valencia,1,1,€ 71,2019/11/18,2019/11/19,4,"7,7",60
City Center Apartments,4426057,Apartamentos,Valencia,1,1,€ 72,2019/11/18,2019/11/19,0,"7,8",60
Suites by Eric Olsan (L),4287413,Apartamentos,Valencia,1,1,€ 83,2019/11/18,2019/11/19,0,"7,6",60
Torres Quart,3702234,Apartamentos,Valencia,1,1,€ 87,2019/11/18,2019/11/19,0,"7,6",60
Apartments Viveros,1069530,Apartamentos,Valencia,1,1,NA,2019/11/18,2019/11/19,0,"8,5",60
Apartamento Angel Alcazar 35,2174625,Apartamento,Valencia,1,1,€ 90,2019/11/18,2019/11/19,0,"7,6",60
Plaza Sainetero 5,3148458,Apartamento,Valencia,1,1,€ 93,2019/11/18,2019/11/19,0,"7,8",60
Art of Dance Apartment Valencia,3732969,Apartamento,Valencia,1,1,€ 95,2019/11/18,2019/11/19,0,"7,7",60
Apartment Florista,2150187,Apartamento,Valencia,1,1,€ 95,2019/11/18,2019/11/19,0,"7,9",60
STYLISH APARTMENT - CITY CENTER,2861517,Apartamento,Valencia,1,1,€ 120,2019/11/18,2019/11/19,0,"7,8",60
Kirei Apartment Calgary,4768322,Apartamento,Valencia,1,1,€ 148,2019/11/18,2019/11/19,0,"7,6",60
Apartamentos Turia,355328,Apartamentos,Valencia,1,1,NA,2019/11/18,2019/11/19,0,"8,7",60
Old Town Flats Casa Burguerini,4552106,Apartamentos,Valencia,1,1,€ 151,2019/11/18,2019/11/19,0,"7,8",60
El Globo,24498,NA,Valencia,1,1,€ 160,2019/11/18,2019/11/19,1,"7,8",60
Dreams Rental City Hall,337092,Apartamentos,Valencia,1,1,€ 280,2019/11/18,2019/11/19,0,"7,5",60
MD Art Apartment Ruzafa,2550955,Apartamento,Valencia,1,1,€ 407,2019/11/18,2019/11/19,0,"7,6",60
MD Benlliure Beach.,1957258,Apartamento,Valencia,1,1,€ 437,2019/11/18,2019/11/19,0,"7,9",60
MD Pelayo with terrace,1979067,Apartamento,Valencia,1,1,€ 437,2019/11/18,2019/11/19,0,"7,8",60
Flats Hondures,2194645,Apartamentos,Valencia,1,1,NA,2019/11/18,2019/11/19,0,"8,8",60
MD Oliag I Apartment Ruzafa,2867488,Apartamento,Valencia,1,1,€ 487,2019/11/18,2019/11/19,0,"7,7",60
Hostal Waksman,281139,NA,Valencia,1,1,€ 30,2019/11/18,2019/11/19,1,"7,3",60
feliz como en casa,3676196,NA,Valencia,1,1,€ 36,2019/11/18,2019/11/19,0,"7,2",60
Hostal Residencial RR,450746,NA,Valencia,1,1,€ 38,2019/11/18,2019/11/19,0,7,60
HOSPEDAJE PESET,4718074,NA,Valencia,1,1,€ 40,2019/11/18,2019/11/19,0,"7,2",60
