name,propertyId,propertyType,city,rooms,days,price,checkIn,checkOut,stars,score,advance
Aventura,5567318,Apartamentos,Valencia,1,1,€ 50,2019/10/02,2019/10/03,0,"8,3",7
Purple Nest Hostel,25278,NA,Valencia,1,1,€ 54,2019/10/02,2019/10/03,0,"8,2",7
Apartment Sofi,2830696,Apartamento,Valencia,1,1,NA,2019/10/02,2019/10/03,0,"9,8",7
Como en casa,4802186,NA,Valencia,1,1,€ 54,2019/10/02,2019/10/03,0,"8,1",7
Urban Youth Hostel,1163025,NA,Valencia,1,1,€ 55,2019/10/02,2019/10/03,0,"8,4",7
Nanit Valencia Hostel,3913497,NA,Valencia,1,1,€ 79,2019/10/02,2019/10/03,0,"8,3",7
Apartamento Ciudad de las Artes y las Ciencias,4353552,Apartamento,Valencia,1,1,€ 80,2019/10/02,2019/10/03,0,"8,3",7
City Suites Apartments,3091106,NA,Valencia,1,1,€ 93,2019/10/02,2019/10/03,0,"8,4",7
Apartment near City of Arts,2242431,Apartamentos,Valencia,1,1,€ 100,2019/10/02,2019/10/03,0,"8,2",7
Casa Botànic - Céntrico y con comodidades,4218273,Apartamento,Valencia,1,1,NA,2019/10/02,2019/10/03,0,"9,8",7
MD Modern Hotel - Jardines,305447,NA,Valencia,1,1,€ 102,2019/10/02,2019/10/03,1,"8,3",7
Apartamentos el Pilar,237104,Apartamentos,Valencia,1,1,€ 105,2019/10/02,2019/10/03,0,8,7
United Colors of Apartments - Catedral,1301545,Apartamentos,Valencia,1,1,€ 109,2019/10/02,2019/10/03,0,"8,2",7
Friendly Rentals Puerto Deportivo,2317861,Apartamentos,Valencia,1,1,€ 110,2019/10/02,2019/10/03,0,"8,2",7
Valenciaflats Torres de Serrano,17468,Apartamentos,Valencia,1,1,€ 115,2019/10/02,2019/10/03,0,"8,3",7
Flatsforyou Las Arcadias,473415,Apartamentos,Valencia,1,1,€ 115,2019/10/02,2019/10/03,0,"8,4",7
Apartment Cabanyal,3172456,Apartamento,Valencia,1,1,NA,2019/10/02,2019/10/03,0,"9,7",7
Apartamento frente al mar,3060802,Apartamento,Valencia,1,1,€ 119,2019/10/02,2019/10/03,0,"8,4",7
Welcome Platanos 13 Valencia Beautiful apartments with terrace,5095795,Apartamento,Valencia,1,1,€ 119,2019/10/02,2019/10/03,0,"8,1",7
L'Otelet By Sweet,1467935,NA,Valencia,1,1,€ 122,2019/10/02,2019/10/03,0,"8,3",7
Zerka Centro,4425975,Apartamentos,Valencia,1,1,€ 129,2019/10/02,2019/10/03,0,"8,3",7
Senator Parque Central Hotel,274963,NA,Valencia,1,1,€ 134,2019/10/02,2019/10/03,4,"8,1",7
Ilunion Aqua 3,92776,NA,Valencia,1,1,€ 139,2019/10/02,2019/10/03,3,"8,3",7
Apartamento Comedias,2236348,Apartamento,Valencia,1,1,NA,2019/10/02,2019/10/03,0,"9,7",7
Malvarrosa Calle Pavia,3608764,Casa o chalet,Valencia,1,1,€ 140,2019/10/02,2019/10/03,0,8,7
Apartamento Obispo don Jerónimo,2079020,Apartamento,Valencia,1,1,€ 145,2019/10/02,2019/10/03,0,"8,2",7
Hotel Valencia Center,91285,NA,Valencia,1,1,€ 149,2019/10/02,2019/10/03,4,"8,4",7
Flatsforyou Petit Bonaire,455152,Apartamentos,Valencia,1,1,€ 150,2019/10/02,2019/10/03,0,"8,4",7
Friendly Rentals Evans,1634220,Apartamentos,Valencia,1,1,€ 165,2019/10/02,2019/10/03,0,"8,4",7
Suites by Eric Olsan (L),4287413,Apartamentos,Valencia,1,1,€ 89,2019/10/02,2019/10/03,0,"7,5",7
OYO Pensión El Rincón,476031,NA,Valencia,1,1,€ 89,2019/10/02,2019/10/03,1,"7,6",7
Casa La Buhardilla,2985364,Apartamento,Valencia,1,1,NA,2019/10/02,2019/10/03,0,"9,6",7
Patacona Green Flats,292996,Apartamentos,Valencia,1,1,€ 90,2019/10/02,2019/10/03,0,"7,6",7
Oceanográfico Apartments & Spa,324918,Apartamentos,Valencia,1,1,€ 98,2019/10/02,2019/10/03,0,"7,6",7
B&B Hotel Valencia Ciudad de las Ciencias,92242,NA,Valencia,1,1,€ 99,2019/10/02,2019/10/03,3,"7,5",7
El 16 Ruzafa,865461,Apartamentos,Valencia,1,1,€ 104,2019/10/02,2019/10/03,0,"7,7",7
Kirei Apartment Calgary,4768322,Apartamento,Valencia,1,1,€ 106,2019/10/02,2019/10/03,0,"7,6",7
Apartment Plaza de la Merced,3457190,Apartamento,Valencia,1,1,€ 110,2019/10/02,2019/10/03,0,"7,9",7
Luxury Beach House,3602594,Casa o chalet,Valencia,1,1,NA,2019/10/02,2019/10/03,0,"9,7",7
El Globo,24498,NA,Valencia,1,1,€ 118,2019/10/02,2019/10/03,1,"7,8",7
STYLISH APARTMENT - CITY CENTER,2861517,Apartamento,Valencia,1,1,€ 120,2019/10/02,2019/10/03,0,"7,8",7
Hotel Turia,14441,NA,Valencia,1,1,€ 125,2019/10/02,2019/10/03,4,"7,5",7
Checkin Valencia,93743,NA,Valencia,1,1,€ 134,2019/10/02,2019/10/03,4,"7,8",7
Old Town Flats Casa Burguerini,4552106,Apartamentos,Valencia,1,1,€ 151,2019/10/02,2019/10/03,0,"7,9",7
City Center Apartments,4426057,Apartamentos,Valencia,1,1,€ 162,2019/10/02,2019/10/03,0,"7,8",7
APARTMENTS VALENCIA CENTER,5180014,Apartamentos,Valencia,1,1,NA,2019/10/02,2019/10/03,0,"9,6",7
Torres Quart,3702234,Apartamentos,Valencia,1,1,€ 177,2019/10/02,2019/10/03,0,"7,6",7
Ilunion Valencia 3,92818,NA,Valencia,1,1,€ 190,2019/10/02,2019/10/03,3,"7,9",7
Dreams Rental City Hall,337092,Apartamentos,Valencia,1,1,€ 280,2019/10/02,2019/10/03,0,"7,5",7
MD Art Apartment Ruzafa,2550955,Apartamento,Valencia,1,1,€ 313,2019/10/02,2019/10/03,0,"7,5",7
MD Benlliure Beach.,1957258,Apartamento,Valencia,1,1,€ 313,2019/10/02,2019/10/03,0,"7,9",7
MD Pelayo with terrace,1979067,Apartamento,Valencia,1,1,€ 313,2019/10/02,2019/10/03,0,"7,8",7
WeRentVLC Design Ruzafa,2906656,Apartamento,Valencia,1,1,NA,2019/10/02,2019/10/03,0,"9,5",7
MD Abastos Center,2551194,Apartamento,Valencia,1,1,€ 341,2019/10/02,2019/10/03,0,"7,7",7
MD Oliag I Apartment Ruzafa,2867488,Apartamento,Valencia,1,1,€ 387,2019/10/02,2019/10/03,0,"7,7",7
MD Olivereta Apartment,3783665,Apartamento,Valencia,1,1,€ 400,2019/10/02,2019/10/03,0,"7,5",7
Guest House Samuel Ros,4161855,NA,Valencia,1,1,€ 34,2019/10/02,2019/10/03,0,"7,3",7
Hostal Waksman,281139,NA,Valencia,1,1,€ 35,2019/10/02,2019/10/03,1,"7,3",7
Casita Esmeralda,2040126,Casa o chalet,Valencia,1,1,€ 114,2019/10/02,2019/10/03,0,"6,5",7
Miresa flats,5300418,Apartamento,Valencia,1,1,€ 125,2019/10/02,2019/10/03,0,"6,6",7
Apartment Sofi,2830696,Apartamento,Valencia,1,1,NA,2019/10/02,2019/10/03,0,"9,8",7
Apartamento para 10 personas,5029963,Apartamento,Valencia,1,1,€ 160,2019/10/02,2019/10/03,0,"6,9",7
Select Home Boutique Center,387770,Apartamentos,Valencia,1,1,€ 180,2019/10/02,2019/10/03,0,"6,9",7
Fun and Sun Center 2,2944416,NA,Valencia,1,1,€ 36,2019/10/02,2019/10/03,0,"6,1",7
Guest House Higinio Noja,2845935,NA,Valencia,1,1,€ 43,2019/10/02,2019/10/03,0,6,7
Carrer del Bisbe Jaume Pérez,4900140,NA,Valencia,1,1,€ 55,2019/10/02,2019/10/03,0,6,7
sueñavalencia,5603844,NA,Valencia,1,1,€ 75,2019/10/02,2019/10/03,0,"6,4",7
Casa Botànic - Céntrico y con comodidades,4218273,Apartamento,Valencia,1,1,NA,2019/10/02,2019/10/03,0,"9,8",7
Select Home Viveros Gardens,1297339,Casa o chalet,Valencia,1,1,€ 265,2019/10/02,2019/10/03,0,"6,3",7
RoomTuristValencia - Ruzafa,4608394,NA,Valencia,1,1,€ 22,2019/10/02,2019/10/03,0,"5,5",7
Oliver,4865093,NA,Valencia,1,1,€ 56,2019/10/02,2019/10/03,0,"5,6",7
Kirei Apartment Denver,4585191,Apartamento,Valencia,1,1,€ 115,2019/10/02,2019/10/03,0,"5,9",7
Kirei Apartment Portland,4276529,Apartamentos,Valencia,1,1,€ 200,2019/10/02,2019/10/03,0,"5,9",7
Guest House Torres de Quart,2275006,NA,Valencia,1,1,€ 34,2019/10/02,2019/10/03,0,"5,3",7
Apartment Cabanyal,3172456,Apartamento,Valencia,1,1,NA,2019/10/02,2019/10/03,0,"9,7",7
Guest House Ruzafa,2324552,NA,Valencia,1,1,€ 35,2019/10/02,2019/10/03,0,"5,2",7
Guest House Duc de Gaeta,2275007,NA,Valencia,1,1,€ 28,2019/10/02,2019/10/03,0,"4,9",7
RoomTuristValencia RuzafaSumsi,4682802,NA,Valencia,1,1,€ 35,2019/10/02,2019/10/03,0,"4,6",7
RoomTuristValencia Torres de Quart,4565643,NA,Valencia,1,1,€ 38,2019/10/02,2019/10/03,0,"4,5",7
Guesthouse Plaza de Toros,2985902,NA,Valencia,1,1,€ 45,2019/10/02,2019/10/03,0,"4,9",7
Malvarosa,3820590,Apartamento,Valencia,1,1,€ 90,2019/10/02,2019/10/03,0,"4,1",7
Apartamento Comedias,2236348,Apartamento,Valencia,1,1,NA,2019/10/02,2019/10/03,0,"9,7",7
Constitucion Guesthouse,2985942,NA,Valencia,1,1,€ 26,2019/10/02,2019/10/03,0,"3,5",7
Big sunny room.,5333222,NA,Valencia,1,1,€ 44,2019/10/02,2019/10/03,0,,7
Attic Rooms in Botánico,5522932,NA,Valencia,1,1,€ 48,2019/10/02,2019/10/03,0,,7
Aventura Valencia 2,5604325,NA,Valencia,1,1,€ 50,2019/10/02,2019/10/03,0,,7
vosotros sereis parte de mi familia.,5299568,NA,Valencia,1,1,€ 50,2019/10/02,2019/10/03,0,,7
Apartamento con compartir,5366858,NA,Valencia,1,1,€ 55,2019/10/02,2019/10/03,0,,7
Apartamento,3139431,Apartamento,Valencia,1,1,NA,2019/10/02,2019/10/03,0,"9,5",7
Lindala,5250762,NA,Valencia,1,1,€ 59,2019/10/02,2019/10/03,0,,7
Hogar Dulce Hogar,5426607,NA,Valencia,1,1,€ 60,2019/10/02,2019/10/03,0,,7
Habitación en Valencia,5477394,NA,Valencia,1,1,€ 72,2019/10/02,2019/10/03,0,,7
Florista's Room en Valencia,5502152,NA,Valencia,1,1,€ 78,2019/10/02,2019/10/03,0,,7
Loft Turia Gran,5133726,Apartamento,Valencia,1,1,€ 80,2019/10/02,2019/10/03,0,,7
BY SAN - El Carmen,5593088,NA,Valencia,1,1,€ 95,2019/10/02,2019/10/03,0,,7
Apartment Cisneros 2,2361375,Apartamento,Valencia,1,1,NA,2019/10/02,2019/10/03,0,"9,7",7
Kirei Apartment Dublin,4639542,Apartamento,Valencia,1,1,€ 103,2019/10/02,2019/10/03,0,,7
casa completa,5593030,Casa o chalet,Valencia,1,1,€ 119,2019/10/02,2019/10/03,0,,7
RAVALENCIA 4,3377937,Apartamento,Valencia,1,1,€ 124,2019/10/02,2019/10/03,0,,7
Duplex Rosario,5619328,Apartamento,Valencia,1,1,€ 125,2019/10/02,2019/10/03,0,,7
Puerta1 · Enjoy: Large Patio! New. Designer. 2bdrm.2bath. Ruzafa,5517695,Apartamento,Valencia,1,1,€ 137,2019/10/02,2019/10/03,0,,7
The White Apartment: Luxury- Beach and Design,5631365,Apartamento,Valencia,1,1,€ 167,2019/10/02,2019/10/03,0,,7
Apartment Carrer de Don Juan de Austria,5464038,Apartamentos,Valencia,1,1,€ 275,2019/10/02,2019/10/03,0,,7
Governor Residence,3799760,Apartahotel,Valencia,1,1,€ 600,2019/10/02,2019/10/03,0,,7
Apartment Carrer de Cadis,5531328,Apartamentos,Valencia,1,1,€ 648,2019/10/02,2019/10/03,0,,7
Apartamento con terraza,5238122,Apartahotel,Valencia,1,1,€ 770,2019/10/02,2019/10/03,0,,7
Gulet Why Not,5199364,NA,Valencia,1,1,€ 3.000,2019/10/02,2019/10/03,0,,7
Barracart Apartments,2125836,Apartamentos,Valencia,1,1,€ 126,2019/10/02,2019/10/03,0,"9,6",7
Nest Style Valencia -Nueva apertura-,5219046,NA,Valencia,1,1,€ 166,2019/10/02,2019/10/03,3,"9,5",7
VALENCIA APARTAMENTO GOYA,4256653,Apartamento,Valencia,1,1,NA,2019/10/02,2019/10/03,0,10,7
Ramirez Flats & Bar,4124528,Apartahotel,Valencia,1,1,€ 230,2019/10/02,2019/10/03,0,"9,5",7
MARQUÉS HOUSE 4* SUP,2118880,NA,Valencia,1,1,€ 409,2019/10/02,2019/10/03,4,"9,5",7
MD PASEO RUZAFA CENTER,5374850,Apartamento,Valencia,1,1,€ 1.030,2019/10/02,2019/10/03,0,"9,5",7
Cantagua Hostel,4074640,NA,Valencia,1,1,€ 42,2019/10/02,2019/10/03,0,"9,1",7
Kasa Katia Eco Guest House,636256,NA,Valencia,1,1,€ 55,2019/10/02,2019/10/03,0,"9,3",7
Bianca,4232781,Apartamentos,Valencia,1,1,€ 67,2019/10/02,2019/10/03,0,9,7
MerKat-Abastos,1231196,Apartamento,Valencia,1,1,NA,2019/10/02,2019/10/03,0,"9,7",7
Apartments Abate 4,2848648,Apartamentos,Valencia,1,1,€ 83,2019/10/02,2019/10/03,0,9,7
YOU & CO. Saler Beach Boutique,4533007,NA,Valencia,1,1,€ 84,2019/10/02,2019/10/03,3,"9,1",7
Calle de Frederica Montseny 'Política' Casa o chalet,5152866,Casa o chalet,Valencia,1,1,€ 85,2019/10/02,2019/10/03,0,"9,4",7
apartamento las torres-botanico,4694090,Apartamento,Valencia,1,1,€ 94,2019/10/02,2019/10/03,0,9,7
WeRentVLC Sunny Terrace Ruzafa,2906716,Apartamento,Valencia,1,1,€ 95,2019/10/02,2019/10/03,0,"9,4",7
OttoH Charm Stay,2459807,NA,Valencia,1,1,€ 99,2019/10/02,2019/10/03,0,"9,3",7
Hexagonal Design Apartment Valencia,4630643,Apartamento,Valencia,1,1,NA,2019/10/02,2019/10/03,0,"9,5",7
Forn desamparats,2380447,Apartamento,Valencia,1,1,€ 105,2019/10/02,2019/10/03,0,"9,4",7
Luminoso piso + balcón en Valencia,4615515,Apartamento,Valencia,1,1,€ 107,2019/10/02,2019/10/03,0,"9,4",7
Teixidors de Palomar,2639791,Apartamentos,Valencia,1,1,€ 115,2019/10/02,2019/10/03,0,"9,4",7
Apartamentos Valencia - Peset Aleixandre 135- FREE WI-FI,4262488,Apartamentos,Valencia,1,1,€ 116,2019/10/02,2019/10/03,0,9,7
Dolz Garden Ruzafa,1123993,Apartamentos,Valencia,1,1,€ 120,2019/10/02,2019/10/03,0,"9,1",7
Apartamento Playa Wifi Gratis,3495634,Apartamento,Valencia,1,1,€ 120,2019/10/02,2019/10/03,0,"9,3",7
Apartments Downtown Valencia,2250421,Apartamentos,Valencia,1,1,NA,2019/10/02,2019/10/03,0,"9,6",7
Rooms Ciencias,94126,NA,Valencia,1,1,€ 125,2019/10/02,2019/10/03,0,9,7
BUBUSUITES by Bubuflats,2389776,NA,Valencia,1,1,€ 125,2019/10/02,2019/10/03,0,"9,3",7
Hotel Boutique Balandret,1281710,NA,Valencia,1,1,€ 130,2019/10/02,2019/10/03,3,"9,2",7
Friendly Rentals Torrealba,1634243,Apartamento,Valencia,1,1,€ 135,2019/10/02,2019/10/03,0,"9,3",7
Loft zona Pechina en Valencia centro,2524985,Apartamento,Valencia,1,1,€ 138,2019/10/02,2019/10/03,0,"9,2",7
Valenciaflats Ciudad de las Ciencias,93676,Apartamentos,Valencia,1,1,€ 140,2019/10/02,2019/10/03,0,"9,1",7
Valencia what else...,2550483,Apartamento,Valencia,1,1,NA,2019/10/02,2019/10/03,0,"9,5",7
Jardín Botánico Hotel Boutique,93369,NA,Valencia,1,1,€ 141,2019/10/02,2019/10/03,3,9,7
Hotel Valencia Alameda,4019381,NA,Valencia,1,1,€ 144,2019/10/02,2019/10/03,4,"9,3",7
Sweet Caroline Apartment,1811784,Apartamento,Valencia,1,1,€ 150,2019/10/02,2019/10/03,0,"9,2",7
Valenciaflats Centro Ciudad,18544,Apartamentos,Valencia,1,1,€ 155,2019/10/02,2019/10/03,0,"9,2",7
Edificio Pentagono,4673669,Apartamento,Valencia,1,1,€ 155,2019/10/02,2019/10/03,0,"9,1",7
HQ Rooms Apartments San Vicente,2894429,Apartamentos,Valencia,1,1,€ 158,2019/10/02,2019/10/03,0,"9,2",7
BONNIES Suites & Spa Valencia,3631910,Apartamentos,Valencia,1,1,NA,2019/10/02,2019/10/03,0,"9,8",7
Valenciaflats Mercado Central,307677,Apartamentos,Valencia,1,1,€ 160,2019/10/02,2019/10/03,0,9,7
Zerka Sendra,4657122,Apartamento,Valencia,1,1,€ 179,2019/10/02,2019/10/03,0,9,7
Old Fisherman's House in Malvarrosa Beach,3618172,Apartamento,Valencia,1,1,€ 187,2019/10/02,2019/10/03,0,"9,4",7
Loft Superior el Carmen,2784473,Apartamento,Valencia,1,1,€ 209,2019/10/02,2019/10/03,0,"9,2",7
Apartamentos Wallace,1698355,Apartamentos,Valencia,1,1,€ 210,2019/10/02,2019/10/03,0,"9,2",7
Hostal Venecia,92883,NA,Valencia,1,1,€ 223,2019/10/02,2019/10/03,2,"9,1",7
Ca Carmela,2466364,Casa o chalet,Valencia,1,1,€ 225,2019/10/02,2019/10/03,0,"9,1",7
Citizentral Juristas,1113127,Apartamentos,Valencia,1,1,€ 236,2019/10/02,2019/10/03,0,"9,2",7
NH Collection Colón Valencia,3828811,NA,Valencia,1,1,€ 254,2019/10/02,2019/10/03,4,"9,2",7
MYR Hotel Plaza Mercado & Spa,1619029,Apartahotel,Valencia,1,1,€ 279,2019/10/02,2019/10/03,0,"9,2",7
Vincci Mercat,1279484,NA,Valencia,1,1,€ 462,2019/10/02,2019/10/03,4,9,7
Art&Flats Bed&Breakfast,5238345,NA,Valencia,1,1,€ 26,2019/10/02,2019/10/03,0,"8,9",7
The River Hostel,494202,NA,Valencia,1,1,€ 26,2019/10/02,2019/10/03,0,"8,5",7
Homestay Carrer Sagun,5006434,NA,Valencia,1,1,€ 45,2019/10/02,2019/10/03,0,"8,7",7
Pensión Alicante,298710,NA,Valencia,1,1,€ 47,2019/10/02,2019/10/03,0,"8,5",7
Russafa Youth Hostel,345134,NA,Valencia,1,1,€ 54,2019/10/02,2019/10/03,0,"8,6",7
Estrella de russafa,5352439,NA,Valencia,1,1,€ 60,2019/10/02,2019/10/03,0,"8,6",7
Sabía que venias!,3543756,NA,Valencia,1,1,€ 60,2019/10/02,2019/10/03,0,"8,6",7
Carrer de l'Escriptor Rafael Ferreres,4267645,Apartamento,Valencia,1,1,€ 70,2019/10/02,2019/10/03,0,"8,6",7
Home Youth Hostel by Feetup Hostels,189322,NA,Valencia,1,1,€ 71,2019/10/02,2019/10/03,0,"8,8",7
United Colors of Apartments Boutique Style,5372347,Apartamentos,Valencia,1,1,NA,2019/10/02,2019/10/03,0,"9,7",7
València Centre Túria,2185255,Apartamento,Valencia,1,1,€ 75,2019/10/02,2019/10/03,0,"8,8",7
Habitación doble,3599930,NA,Valencia,1,1,€ 76,2019/10/02,2019/10/03,0,"8,9",7
MODERNO Y ACOGEDOR FRENTE A RUZAFA Y CERCA DEL CENTRO,4490444,Apartamento,Valencia,1,1,€ 79,2019/10/02,2019/10/03,0,"8,7",7
Balandra Flat,2032624,Apartamento,Valencia,1,1,€ 79,2019/10/02,2019/10/03,0,"8,6",7
València Centre Torres de Quart,886289,Apartamentos,Valencia,1,1,€ 85,2019/10/02,2019/10/03,0,"8,9",7
APARTAMENTO LAS MELLIZAS,4651578,NA,Valencia,1,1,€ 44,2019/10/02,2019/10/03,0,"8,5",7
Atico Loft Ruzafa,3152977,Apartamento,Valencia,1,1,NA,2019/10/02,2019/10/03,0,"9,7",7
Suites by Eric Olsan (Florista),4726450,Apartamentos,Valencia,1,1,€ 88,2019/10/02,2019/10/03,0,"8,5",7
Petit Palomar,2187491,Apartamentos,Valencia,1,1,€ 89,2019/10/02,2019/10/03,0,"8,9",7
Apartamentos Plaza Picasso,97063,Apartamentos,Valencia,1,1,€ 99,2019/10/02,2019/10/03,0,"8,5",7
Hola Valencia - Holiday Apartments,2818140,Apartamentos,Valencia,1,1,€ 100,2019/10/02,2019/10/03,0,"8,8",7
Marina Loft & Apartments,432326,Apartamentos,Valencia,1,1,€ 100,2019/10/02,2019/10/03,0,"8,7",7
SKY TOURISTIC ATTIC,281640,Apartamentos,Valencia,1,1,€ 100,2019/10/02,2019/10/03,0,"8,5",7
Musico Art Flat,2925957,Apartamento,Valencia,1,1,NA,2019/10/02,2019/10/03,0,"9,7",7
Les flors,3985046,Apartamento,Valencia,1,1,€ 107,2019/10/02,2019/10/03,0,"8,7",7
Pio XII Apartments Valencia,402080,Apartamentos,Valencia,1,1,€ 108,2019/10/02,2019/10/03,0,"8,5",7
Friendly Rentals Brade,1918694,Apartamento,Valencia,1,1,€ 110,2019/10/02,2019/10/03,0,"8,8",7
City of Arts,3031480,Apartamento,Valencia,1,1,€ 110,2019/10/02,2019/10/03,0,"8,7",7
Apartments Welcome to Valencia Peset Aleixandre 69,4964856,Apartamento,Valencia,1,1,€ 113,2019/10/02,2019/10/03,0,"8,9",7
Valenciaflats Centro Histórico,94781,Apartamentos,Valencia,1,1,€ 125,2019/10/02,2019/10/03,0,"8,7",7
Apartamento Frederick “Centrico y con Clase”,4236394,Apartamento,Valencia,1,1,NA,2019/10/02,2019/10/03,0,"9,7",7
FREE WI-FI. Apartamentos 90 м2 - Assutzena 5,4828764,Apartamento,Valencia,1,1,€ 133,2019/10/02,2019/10/03,0,"8,7",7
El Cactus,3201028,Apartamento,Valencia,1,1,€ 135,2019/10/02,2019/10/03,0,"8,9",7
Hotel Malcom and Barret,483261,NA,Valencia,1,1,€ 140,2019/10/02,2019/10/03,3,"8,7",7
MIhotelitoespecial,3573906,Apartamento,Valencia,1,1,€ 140,2019/10/02,2019/10/03,0,"8,6",7
Friendly Rentals Desplat,4120221,Apartamento,Valencia,1,1,€ 140,2019/10/02,2019/10/03,0,"8,5",7
Hotel Kramer,91106,NA,Valencia,1,1,€ 145,2019/10/02,2019/10/03,3,"8,8",7
Opera House Valencia B&B,3533887,NA,Valencia,1,1,NA,2019/10/02,2019/10/03,0,"9,5",7
Flatsforyou Mercat,1367507,Apartamentos,Valencia,1,1,€ 150,2019/10/02,2019/10/03,3,"8,9",7
Flatsforyou Sorolla House,403442,Apartamentos,Valencia,1,1,€ 150,2019/10/02,2019/10/03,0,"8,6",7
Flatsforyou Ruzafa,3342696,Apartamentos,Valencia,1,1,€ 150,2019/10/02,2019/10/03,0,"8,8",7
Friendly Rentals Gala,1634252,Apartamento,Valencia,1,1,€ 150,2019/10/02,2019/10/03,0,"8,8",7
Barceló Valencia,91988,NA,Valencia,1,1,€ 185,2019/10/02,2019/10/03,4,"8,7",7
Petit Palace Plaza de la Reina,90443,NA,Valencia,1,1,€ 189,2019/10/02,2019/10/03,3,"8,7",7
El Corazon de Canovas,2634817,Apartamento,Valencia,1,1,NA,2019/10/02,2019/10/03,0,"9,5",7
Lotelito,570027,NA,Valencia,1,1,€ 190,2019/10/02,2019/10/03,0,"8,9",7
Select Home Mercado de Colón,2960845,Apartamentos,Valencia,1,1,€ 190,2019/10/02,2019/10/03,0,"8,9",7
Friendly Rentals Vives 2,2523871,Apartamento,Valencia,1,1,€ 195,2019/10/02,2019/10/03,0,"8,7",7
Citizentral Gascons,332095,Apartamentos,Valencia,1,1,€ 195,2019/10/02,2019/10/03,0,"8,8",7
AC Hotel Colon Valencia,1117150,NA,Valencia,1,1,€ 205,2019/10/02,2019/10/03,4,"8,7",7
Ilunion Aqua 4,92777,NA,Valencia,1,1,€ 243,2019/10/02,2019/10/03,4,"8,5",7
SingularStays Parque Central,3054000,Apartamentos,Valencia,1,1,€ 278,2019/10/02,2019/10/03,0,"8,8",7
One Shot Palacio Reina Victoria 04,90885,NA,Valencia,1,1,€ 279,2019/10/02,2019/10/03,4,"8,6",7
Hotel Valencia Oceanic Managed by Melia Hotels International,91522,NA,Valencia,1,1,€ 301,2019/10/02,2019/10/03,4,"8,6",7
Vincci Palace,94163,NA,Valencia,1,1,€ 396,2019/10/02,2019/10/03,4,"8,7",7
Vincci Lys,91183,NA,Valencia,1,1,€ 401,2019/10/02,2019/10/03,4,"8,9",7
Hotel Neptuno,91206,NA,Valencia,1,1,€ 553,2019/10/02,2019/10/03,4,"8,5",7
Hospes Palau de La Mar,93823,NA,Valencia,1,1,€ 630,2019/10/02,2019/10/03,5,"8,8",7
Center Valencia Youth Hostel,246931,NA,Valencia,1,1,€ 26,2019/10/02,2019/10/03,0,8,7
Red Nest Hostel,92283,NA,Valencia,1,1,€ 28,2019/10/02,2019/10/03,0,"8,2",7
Habitacion en Valencia Barata,4861796,NA,Valencia,1,1,€ 45,2019/10/02,2019/10/03,0,"8,2",7
Pension MonaLisa Luxury Suites,3834224,NA,Valencia,1,1,€ 48,2019/10/02,2019/10/03,0,"8,2",7
Casa Mati,4217185,NA,Valencia,1,1,€ 50,2019/10/02,2019/10/03,0,"8,3",7
