name,propertyId,propertyType,city,rooms,days,price,checkIn,checkOut,stars,score,advance
LOFT apartamento duplex en Valencia con parking,5519008,Apartamento,Valencia,1,1,€ 65,2019/10/02,2019/10/03,0,,14
Apartamento con compartir,5366858,NA,Valencia,1,1,€ 65,2019/10/02,2019/10/03,0,,14
Apartamento Forn dels Apòstols,3122008,Apartamento,Valencia,1,1,NA,2019/10/02,2019/10/03,0,"9,6",14
Florista's Room en Valencia,5502152,NA,Valencia,1,1,€ 65,2019/10/02,2019/10/03,0,,14
Comfort Homestay,5423155,NA,Valencia,1,1,€ 67,2019/10/02,2019/10/03,0,,14
Mi casa es vuestra casa,4967097,NA,Valencia,1,1,€ 70,2019/10/02,2019/10/03,0,,14
Habitación en Valencia,5477394,NA,Valencia,1,1,€ 72,2019/10/02,2019/10/03,0,,14
sueñavalencia,5603844,NA,Valencia,1,1,€ 75,2019/10/02,2019/10/03,0,,14
BY SAN - El Carmen,5593088,NA,Valencia,1,1,€ 79,2019/10/02,2019/10/03,0,,14
Purísima Street I,2471259,Apartamento,Valencia,1,1,NA,2019/10/02,2019/10/03,0,"9,5",14
Loft Turia Gran,5133726,Apartamento,Valencia,1,1,€ 80,2019/10/02,2019/10/03,0,,14
PISO DE DISEÑO A 5 MIN ANDANDO DE LA PLAYA,5546265,Apartamento,Valencia,1,1,€ 95,2019/10/02,2019/10/03,0,,14
casa completa,5593030,Casa o chalet,Valencia,1,1,€ 119,2019/10/02,2019/10/03,0,,14
RAVALENCIA 4,3377937,Apartamento,Valencia,1,1,€ 124,2019/10/02,2019/10/03,0,,14
Kirei Apartment Dublin,4639542,Apartamento,Valencia,1,1,€ 137,2019/10/02,2019/10/03,0,,14
Puerta1 · Enjoy: Large Patio! New. Designer. 2bdrm.2bath. Ruzafa,5517695,Apartamento,Valencia,1,1,€ 143,2019/10/02,2019/10/03,0,,14
Valencia what else...,2550483,Apartamento,Valencia,1,1,NA,2019/10/02,2019/10/03,0,"9,5",14
Yanhome,5611847,NA,Valencia,1,1,€ 180,2019/10/02,2019/10/03,0,,14
"Flat ""Ca Alexandre""",3687859,Apartamento,Valencia,1,1,€ 200,2019/10/02,2019/10/03,0,,14
Apartment Carrer de Don Juan de Austria,5464038,Apartamentos,Valencia,1,1,€ 275,2019/10/02,2019/10/03,0,,14
Governor Residence,3799760,Apartahotel,Valencia,1,1,€ 600,2019/10/02,2019/10/03,0,,14
Apartment Carrer de Cadis,5531328,Apartamentos,Valencia,1,1,€ 648,2019/10/02,2019/10/03,0,,14
Apartamento con terraza,5238122,Apartahotel,Valencia,1,1,€ 770,2019/10/02,2019/10/03,0,,14
Apartamento Comedias,2236348,Apartamento,Valencia,1,1,NA,2019/10/02,2019/10/03,0,"9,7",14
Gulet Why Not,5199364,NA,Valencia,1,1,€ 3.000,2019/10/02,2019/10/03,0,,14
AC Hotel Valencia- a Marriott Lifestyle Hotel,91063,NA,Valencia,1,1,€ 220,2019/10/02,2019/10/03,4,"8,5",14
Catalonia Excelsior,90578,NA,Valencia,1,1,€ 230,2019/10/02,2019/10/03,3,"8,7",14
City Center Atico 360,3025679,Apartamento,Valencia,1,1,NA,2019/10/02,2019/10/03,0,"9,5",14
AC Hotel Colon Valencia- a Marriott Lifestyle Hotel,1117150,NA,Valencia,1,1,€ 275,2019/10/02,2019/10/03,4,"8,7",14
SingularStays Parque Central,3054000,Apartamentos,Valencia,1,1,€ 278,2019/10/02,2019/10/03,0,"8,8",14
One Shot Palacio Reina Victoria 04,90885,NA,Valencia,1,1,€ 279,2019/10/02,2019/10/03,4,"8,6",14
Vincci Palace,94163,NA,Valencia,1,1,€ 418,2019/10/02,2019/10/03,4,"8,6",14
Vincci Lys,91183,NA,Valencia,1,1,€ 429,2019/10/02,2019/10/03,4,"8,9",14
Urban Youth Hostel,1163025,NA,Valencia,1,1,€ 24,2019/10/02,2019/10/03,0,"8,4",14
Preciosa Casita Cerca Del Mar,4057271,Apartamento,Valencia,1,1,NA,2019/10/02,2019/10/03,0,"9,7",14
Red Nest Hostel,92283,NA,Valencia,1,1,€ 32,2019/10/02,2019/10/03,0,"8,2",14
Habitación en piso compartido,5433175,NA,Valencia,1,1,€ 40,2019/10/02,2019/10/03,0,8,14
Aventura,5567318,Apartamentos,Valencia,1,1,€ 40,2019/10/02,2019/10/03,0,"8,2",14
Habitacion en Valencia Barata,4861796,NA,Valencia,1,1,€ 45,2019/10/02,2019/10/03,0,"8,2",14
Rio Turia B&B,5531073,NA,Valencia,1,1,€ 48,2019/10/02,2019/10/03,0,8,14
Casa Mati,4217185,NA,Valencia,1,1,€ 50,2019/10/02,2019/10/03,0,"8,2",14
Apartments Downtown Valencia,2250421,Apartamentos,Valencia,1,1,NA,2019/10/02,2019/10/03,0,"9,6",14
Living Valencia - Blanquerías,2860821,Apartamentos,Valencia,1,1,€ 54,2019/10/02,2019/10/03,0,"8,4",14
Como en casa,4802186,NA,Valencia,1,1,€ 54,2019/10/02,2019/10/03,0,"8,1",14
Pension MonaLisa Luxury Suites,3834224,NA,Valencia,1,1,€ 56,2019/10/02,2019/10/03,0,"8,3",14
Purple Nest Hostel,25278,NA,Valencia,1,1,€ 60,2019/10/02,2019/10/03,0,"8,2",14
Aparthotel Valencia Rental,17344,Apartahotel,Valencia,1,1,€ 65,2019/10/02,2019/10/03,0,8,14
Coroa Malvarrosa,1638172,Apartamentos,Valencia,1,1,€ 70,2019/10/02,2019/10/03,0,"8,2",14
Luxury Beach House,3602594,Casa o chalet,Valencia,1,1,NA,2019/10/02,2019/10/03,0,"9,7",14
Nanit Valencia Hostel,3913497,NA,Valencia,1,1,€ 75,2019/10/02,2019/10/03,0,"8,3",14
Happy Apartments Valencia,456043,Apartamentos,Valencia,1,1,€ 75,2019/10/02,2019/10/03,0,"8,2",14
Apartamento Ciudad de las Artes y las Ciencias,4353552,Apartamento,Valencia,1,1,€ 80,2019/10/02,2019/10/03,0,"8,3",14
Apartamento Privado Próximo a Playa y Ciencias,3783163,Apartamento,Valencia,1,1,€ 89,2019/10/02,2019/10/03,0,"8,2",14
City Suites Apartments,3091106,NA,Valencia,1,1,€ 93,2019/10/02,2019/10/03,0,"8,4",14
Central Station Valencia Hostel,1647017,NA,Valencia,1,1,€ 47,2019/10/02,2019/10/03,0,"7,1",14
B&B El Mercat,2203530,NA,Valencia,1,1,€ 55,2019/10/02,2019/10/03,0,"7,3",14
City Center Atico 360,3025679,Apartamento,Valencia,1,1,NA,2019/10/02,2019/10/03,0,"9,5",14
La Flamenca,818359,NA,Valencia,1,1,€ 60,2019/10/02,2019/10/03,0,"7,2",14
Hostal la Barraca,350013,NA,Valencia,1,1,€ 60,2019/10/02,2019/10/03,0,"7,2",14
HOSTAL BED OF THE SEA,3974636,NA,Valencia,1,1,€ 62,2019/10/02,2019/10/03,0,"7,1",14
Avenida del Cid (Centrico),4737683,Apartamento,Valencia,1,1,€ 62,2019/10/02,2019/10/03,0,"7,1",14
NWT Monserrat,3728842,Apartamentos,Valencia,1,1,€ 72,2019/10/02,2019/10/03,0,7,14
Centro Valencia Calle Cerrajeros,3476261,NA,Valencia,1,1,€ 75,2019/10/02,2019/10/03,0,"7,1",14
Preciosa Casita Cerca Del Mar,4057271,Apartamento,Valencia,1,1,NA,2019/10/02,2019/10/03,0,"9,7",14
Malvarrosa Beach Rooms,314048,NA,Valencia,1,1,€ 85,2019/10/02,2019/10/03,2,"7,1",14
Suites by Eric Olsan (Peset),4726296,Apartamentos,Valencia,1,1,€ 89,2019/10/02,2019/10/03,0,"7,4",14
Accommodation Beach Apartments,1001766,Apartamentos,Valencia,1,1,€ 89,2019/10/02,2019/10/03,0,"7,2",14
Kirei Apartment San Vicente,1774062,Apartamento,Valencia,1,1,€ 110,2019/10/02,2019/10/03,0,"7,3",14
Kirei Apartment Vienna,4639797,Apartamento,Valencia,1,1,€ 115,2019/10/02,2019/10/03,0,"7,4",14
Valencia Apartments,4367788,Apartamentos,Valencia,1,1,€ 150,2019/10/02,2019/10/03,0,"7,2",14
Apartments Downtown Valencia,2250421,Apartamentos,Valencia,1,1,NA,2019/10/02,2019/10/03,0,"9,6",14
Apartamento para 10 personas,5029963,Apartamento,Valencia,1,1,€ 160,2019/10/02,2019/10/03,0,7,14
Select Home Mercado Central,440757,Apartamentos,Valencia,1,1,€ 165,2019/10/02,2019/10/03,0,7,14
Select Home Catedral,440778,Apartamentos,Valencia,1,1,€ 165,2019/10/02,2019/10/03,0,"7,1",14
Select Home Town Hall,1648016,Apartamentos,Valencia,1,1,€ 180,2019/10/02,2019/10/03,0,"7,4",14
Best Valencia Beach Flat,3246772,Apartamento,Valencia,1,1,€ 192,2019/10/02,2019/10/03,0,"7,1",14
MD Puerto Rico Apartment Ruzafa,3737151,Apartamento,Valencia,1,1,€ 341,2019/10/02,2019/10/03,0,"7,4",14
Luxury Beach House,3602594,Casa o chalet,Valencia,1,1,NA,2019/10/02,2019/10/03,0,"9,7",14
MD Villalonga Malvarosa Beach,3739661,Apartamento,Valencia,1,1,€ 490,2019/10/02,2019/10/03,0,"7,1",14
Habitación Despuig,4901343,NA,Valencia,1,1,€ 28,2019/10/02,2019/10/03,0,"6,8",14
Guest House Lebon,3124256,NA,Valencia,1,1,€ 35,2019/10/02,2019/10/03,0,"6,9",14
Habitación con cama doble,4794909,NA,Valencia,1,1,€ 36,2019/10/02,2019/10/03,0,"6,7",14
Ruzafa Rooms,2891693,NA,Valencia,1,1,€ 40,2019/10/02,2019/10/03,0,"6,9",14
Geography and Arts.,3569110,NA,Valencia,1,1,€ 51,2019/10/02,2019/10/03,0,"6,9",14
Valencia center,3168460,Apartamento,Valencia,1,1,NA,2019/10/02,2019/10/03,0,"9,8",14
Casita Esmeralda,2040126,Casa o chalet,Valencia,1,1,€ 114,2019/10/02,2019/10/03,0,"6,5",14
Miresa flats,5300418,Apartamento,Valencia,1,1,€ 125,2019/10/02,2019/10/03,0,"6,6",14
Select Home Boutique Center,387770,Apartamentos,Valencia,1,1,€ 180,2019/10/02,2019/10/03,0,"6,9",14
Fun and Sun Center 2,2944416,NA,Valencia,1,1,€ 36,2019/10/02,2019/10/03,0,"6,1",14
Guest House Higinio Noja,2845935,NA,Valencia,1,1,€ 43,2019/10/02,2019/10/03,0,6,14
Carrer del Bisbe Jaume Pérez,4900140,NA,Valencia,1,1,€ 55,2019/10/02,2019/10/03,0,6,14
El Corazon de Canovas,2634817,Apartamento,Valencia,1,1,NA,2019/10/02,2019/10/03,0,"9,6",14
Kirei Apartment Denver,4585191,Apartamento,Valencia,1,1,€ 137,2019/10/02,2019/10/03,0,"6,2",14
Select Home Viveros Gardens,1297339,Casa o chalet,Valencia,1,1,€ 265,2019/10/02,2019/10/03,0,"6,3",14
Oliver,4865093,NA,Valencia,1,1,€ 54,2019/10/02,2019/10/03,0,"5,8",14
Kirei Apartment Portland,4276529,Apartamentos,Valencia,1,1,€ 200,2019/10/02,2019/10/03,0,"5,9",14
Guest House Ruzafa,2324552,NA,Valencia,1,1,€ 33,2019/10/02,2019/10/03,0,"5,2",14
Guest House Torres de Quart,2275006,NA,Valencia,1,1,€ 34,2019/10/02,2019/10/03,0,"5,3",14
Guest House Duc de Gaeta,2275007,NA,Valencia,1,1,€ 28,2019/10/02,2019/10/03,0,"4,9",14
RoomTuristValencia RuzafaSumsi,4682802,NA,Valencia,1,1,€ 35,2019/10/02,2019/10/03,0,"4,6",14
Opera House Valencia B&B,3533887,NA,Valencia,1,1,€ 120,2019/10/02,2019/10/03,0,"9,5",14
Barracart Apartments,2125836,Apartamentos,Valencia,1,1,€ 131,2019/10/02,2019/10/03,0,"9,6",14
VALENCIA APARTAMENTO GOYA,4256653,Apartamento,Valencia,1,1,NA,2019/10/02,2019/10/03,0,10,14
Disfruta - Enjoy Valencia Centre,3881970,Apartamento,Valencia,1,1,€ 145,2019/10/02,2019/10/03,0,"9,8",14
Ramirez Flats & Bar,4124528,Apartahotel,Valencia,1,1,€ 194,2019/10/02,2019/10/03,0,"9,5",14
RoomTuristValencia Torres de Quart,4565643,NA,Valencia,1,1,€ 38,2019/10/02,2019/10/03,0,"4,5",14
Guesthouse Plaza de Toros,2985902,NA,Valencia,1,1,€ 45,2019/10/02,2019/10/03,0,"4,9",14
MARQUÉS HOUSE 4* SUP,2118880,NA,Valencia,1,1,€ 329,2019/10/02,2019/10/03,4,"9,5",14
MD PASEO RUZAFA CENTER,5374850,Apartamento,Valencia,1,1,€ 1.030,2019/10/02,2019/10/03,0,"9,5",14
Art&Flats Bed&Breakfast,5238345,NA,Valencia,1,1,€ 30,2019/10/02,2019/10/03,0,9,14
Malvarosa,3820590,Apartamento,Valencia,1,1,€ 90,2019/10/02,2019/10/03,0,"4,1",14
Cantagua Hostel,4074640,NA,Valencia,1,1,€ 37,2019/10/02,2019/10/03,0,"9,1",14
Nest Style Valencia -Nueva apertura-,5219046,NA,Valencia,1,1,NA,2019/10/02,2019/10/03,3,"9,6",14
Habitación privada a 1500 metros de la playa,3789910,NA,Valencia,1,1,€ 60,2019/10/02,2019/10/03,0,"9,2",14
Constitucion Guesthouse,2985942,NA,Valencia,1,1,€ 30,2019/10/02,2019/10/03,0,"3,5",14
Apartamento Islas Canarias,2304086,Apartamento,Valencia,1,1,€ 48,2019/10/02,2019/10/03,0,"3,8",14
Apartments Abate 4,2848648,Apartamentos,Valencia,1,1,€ 83,2019/10/02,2019/10/03,0,9,14
YOU & CO. Saler Beach Boutique,4533007,NA,Valencia,1,1,€ 84,2019/10/02,2019/10/03,3,"9,1",14
Calle de Frederica Montseny 'Política' Casa o chalet,5152866,Casa o chalet,Valencia,1,1,€ 85,2019/10/02,2019/10/03,0,"9,4",14
Hi Valencia Cánovas,4312120,Apartamentos,Valencia,1,1,€ 86,2019/10/02,2019/10/03,0,9,14
RUZAFA. Nice apartment and Terrace.,4368595,Apartamento,Valencia,1,1,€ 93,2019/10/02,2019/10/03,0,"9,3",14
Attic Rooms in Botánico,5522932,NA,Valencia,1,1,€ 48,2019/10/02,2019/10/03,0,,14
Habitación privada con baño privado a 300 metros de la playa.,5587588,NA,Valencia,1,1,€ 49,2019/10/02,2019/10/03,0,,14
Aventura Valencia 2,5604325,NA,Valencia,1,1,€ 50,2019/10/02,2019/10/03,0,,14
vosotros sereis parte de mi familia.,5299568,NA,Valencia,1,1,€ 50,2019/10/02,2019/10/03,0,,14
Hogar Dulce Hogar,5426607,NA,Valencia,1,1,€ 60,2019/10/02,2019/10/03,0,,14
Hostal Antigua Morellana,1273937,NA,Valencia,1,1,NA,2019/10/02,2019/10/03,1,"9,5",14
apartamento las torres-botanico,4694090,Apartamento,Valencia,1,1,€ 94,2019/10/02,2019/10/03,0,9,14
WeRentVLC Sunny Terrace Ruzafa,2906716,Apartamento,Valencia,1,1,€ 95,2019/10/02,2019/10/03,0,"9,3",14
5 SENSES,3786890,Apartamento,Valencia,1,1,€ 95,2019/10/02,2019/10/03,0,"9,1",14
Magnífico Adosado- cerca de Valencia ciudad- en zona de montaña y playa fluvial,5354233,Casa o chalet,Valencia,1,1,€ 96,2019/10/02,2019/10/03,0,"9,1",14
Casa Cosy,375456,Apartamentos,Valencia,1,1,€ 98,2019/10/02,2019/10/03,0,"9,4",14
"Piso ""Como en tu casa""",2689136,Apartamento,Valencia,1,1,€ 100,2019/10/02,2019/10/03,0,"9,2",14
Colors Rooms,675839,NA,Valencia,1,1,NA,2019/10/02,2019/10/03,0,"9,6",14
Forn desamparats,2380447,Apartamento,Valencia,1,1,€ 105,2019/10/02,2019/10/03,0,"9,4",14
OttoH Charm Stay,2459807,NA,Valencia,1,1,€ 109,2019/10/02,2019/10/03,0,"9,3",14
Kasa Katia Eco Guest House,636256,NA,Valencia,1,1,€ 110,2019/10/02,2019/10/03,0,"9,4",14
Bubuflats Bubu 5,1283519,Apartamento,Valencia,1,1,€ 110,2019/10/02,2019/10/03,0,"9,1",14
Original Domino House,5434091,NA,Valencia,1,1,€ 111,2019/10/02,2019/10/03,0,"9,1",14
Apartments Welcome to Valencia Peset Aleixandre 69,4964856,Apartamento,Valencia,1,1,€ 113,2019/10/02,2019/10/03,0,"9,1",14
Experiencia en Caravana,5441777,NA,Valencia,1,1,NA,2019/10/02,2019/10/03,0,"9,5",14
Mon Suites San Nicolas,4117225,Apartamentos,Valencia,1,1,€ 115,2019/10/02,2019/10/03,0,"9,2",14
Dolz Garden Ruzafa,1123993,Apartamentos,Valencia,1,1,€ 120,2019/10/02,2019/10/03,0,"9,1",14
Apartamento Playa Wifi Gratis,3495634,Apartamento,Valencia,1,1,€ 120,2019/10/02,2019/10/03,0,"9,4",14
BUBUSUITES by Bubuflats,2389776,NA,Valencia,1,1,€ 125,2019/10/02,2019/10/03,0,"9,3",14
Rooms Ciencias,94126,NA,Valencia,1,1,€ 131,2019/10/02,2019/10/03,0,9,14
Friendly Rentals Torrealba,1634243,Apartamento,Valencia,1,1,€ 135,2019/10/02,2019/10/03,0,"9,3",14
L'Esplai Valencia Bed & Breakfast,1282556,NA,Valencia,1,1,NA,2019/10/02,2019/10/03,0,"9,6",14
Loft zona Pechina en Valencia centro,2524985,Apartamento,Valencia,1,1,€ 138,2019/10/02,2019/10/03,0,"9,2",14
Valenciaflats Ciudad de las Ciencias,93676,Apartamentos,Valencia,1,1,€ 138,2019/10/02,2019/10/03,0,"9,1",14
Valenciaflats Centro Ciudad,18544,Apartamentos,Valencia,1,1,€ 138,2019/10/02,2019/10/03,0,"9,2",14
HQ Rooms Apartments San Vicente,2894429,Apartamentos,Valencia,1,1,€ 140,2019/10/02,2019/10/03,0,"9,2",14
Valenciaflats Mercado Central,307677,Apartamentos,Valencia,1,1,€ 147,2019/10/02,2019/10/03,0,9,14
Sweet Caroline Apartment,1811784,Apartamento,Valencia,1,1,€ 150,2019/10/02,2019/10/03,0,"9,2",14
Edificio Pentagono,4673669,Apartamento,Valencia,1,1,€ 155,2019/10/02,2019/10/03,0,9,14
Zerka Sendra,4657122,Apartamento,Valencia,1,1,€ 179,2019/10/02,2019/10/03,0,9,14
Hotel Valencia Alameda,4019381,NA,Valencia,1,1,€ 183,2019/10/02,2019/10/03,4,"9,3",14
Apartamentos Wallace,1698355,Apartamentos,Valencia,1,1,€ 184,2019/10/02,2019/10/03,0,"9,2",14
Jardines del Turia - Espacioso apartamento,2734126,Apartamento,Valencia,1,1,€ 200,2019/10/02,2019/10/03,0,"9,1",14
Citizentral Juristas,1113127,Apartamentos,Valencia,1,1,€ 205,2019/10/02,2019/10/03,0,"9,2",14
Loft Superior el Carmen,2784473,Apartamento,Valencia,1,1,€ 209,2019/10/02,2019/10/03,0,"9,2",14
Ca Carmela,2466364,Casa o chalet,Valencia,1,1,€ 225,2019/10/02,2019/10/03,0,"9,1",14
Old Fisherman's House in Malvarrosa Beach,3618172,Apartamento,Valencia,1,1,€ 230,2019/10/02,2019/10/03,0,"9,4",14
MYR Hotel Plaza Mercado & Spa,1619029,Apartahotel,Valencia,1,1,€ 246,2019/10/02,2019/10/03,0,"9,2",14
Homestay Carrer Sagun,5006434,NA,Valencia,1,1,€ 42,2019/10/02,2019/10/03,0,"8,6",14
Vincci Mercat,1279484,NA,Valencia,1,1,€ 440,2019/10/02,2019/10/03,4,9,14
The River Hostel,494202,NA,Valencia,1,1,€ 26,2019/10/02,2019/10/03,0,"8,5",14
Russafa Youth Hostel,345134,NA,Valencia,1,1,€ 52,2019/10/02,2019/10/03,0,"8,6",14
Ayuntamiento Panoramic,3089239,Apartamento,Valencia,1,1,NA,2019/10/02,2019/10/03,0,"9,5",14
Home Youth Hostel by Feetup Hostels,189322,NA,Valencia,1,1,€ 54,2019/10/02,2019/10/03,0,"8,8",14
Valencia Suits You Citytel,1106307,NA,Valencia,1,1,€ 59,2019/10/02,2019/10/03,2,"8,6",14
Sabía que venias!,3543756,NA,Valencia,1,1,€ 60,2019/10/02,2019/10/03,0,"8,6",14
UNIK. Apartments Valencia,2241282,Apartamentos,Valencia,1,1,€ 65,2019/10/02,2019/10/03,0,"8,5",14
Carrer de l'Escriptor Rafael Ferreres,4267645,Apartamento,Valencia,1,1,€ 70,2019/10/02,2019/10/03,0,"8,6",14
Estrella de russafa,5352439,NA,Valencia,1,1,€ 70,2019/10/02,2019/10/03,0,"8,5",14
City Valencia Beach 360,4504803,Apartamento,Valencia,1,1,NA,2019/10/02,2019/10/03,0,"9,6",14
Burjassot Mestalla,3058627,Apartamento,Valencia,1,1,€ 75,2019/10/02,2019/10/03,0,"8,6",14
Balcón Al Mar,295109,NA,Valencia,1,1,€ 76,2019/10/02,2019/10/03,0,"8,5",14
Habitación doble,3599930,NA,Valencia,1,1,€ 76,2019/10/02,2019/10/03,0,"8,9",14
Balandra Flat,2032624,Apartamento,Valencia,1,1,€ 79,2019/10/02,2019/10/03,0,"8,7",14
Ad Hoc Carmen,1173270,NA,Valencia,1,1,€ 80,2019/10/02,2019/10/03,2,"8,9",14
ABCyou Bed&Breakfast,189207,NA,Valencia,1,1,€ 81,2019/10/02,2019/10/03,0,"8,5",14
Travel Habitat Ático Ciutat Vella.,3264750,Apartamento,Valencia,1,1,NA,2019/10/02,2019/10/03,0,"9,5",14
Luz de Valencia,2076095,Apartamentos,Valencia,1,1,€ 85,2019/10/02,2019/10/03,0,"8,8",14
Suites by Eric Olsan (Florista),4726450,Apartamentos,Valencia,1,1,€ 88,2019/10/02,2019/10/03,0,"8,6",14
Petit Palomar,2187491,Apartamentos,Valencia,1,1,€ 89,2019/10/02,2019/10/03,0,"8,9",14
APARTAMENTO LAS MELLIZAS,4651578,NA,Valencia,1,1,€ 45,2019/10/02,2019/10/03,0,"8,5",14
València Centre Túria,2185255,Apartamento,Valencia,1,1,€ 94,2019/10/02,2019/10/03,0,"8,8",14
Apartamentos Plaza Picasso,97063,Apartamentos,Valencia,1,1,€ 95,2019/10/02,2019/10/03,0,"8,5",14
Apartamento,3139431,Apartamento,Valencia,1,1,NA,2019/10/02,2019/10/03,0,"9,5",14
València Centre Torres de Quart,886289,Apartamentos,Valencia,1,1,€ 99,2019/10/02,2019/10/03,0,"8,9",14
BUBUFLATS Mossén,1141763,Apartamentos,Valencia,1,1,€ 100,2019/10/02,2019/10/03,0,"8,9",14
Apartment City of Arts,3811530,Apartamentos,Valencia,1,1,€ 102,2019/10/02,2019/10/03,0,"8,5",14
Hola Valencia - Holiday Apartments,2818140,Apartamentos,Valencia,1,1,€ 105,2019/10/02,2019/10/03,0,"8,8",14
Friendly Rentals Brade,1918694,Apartamento,Valencia,1,1,€ 110,2019/10/02,2019/10/03,0,"8,8",14
City of Arts,3031480,Apartamento,Valencia,1,1,€ 110,2019/10/02,2019/10/03,0,"8,8",14
Ambrosio Flats Valencia - El Mercat,3131649,Apartamento,Valencia,1,1,NA,2019/10/02,2019/10/03,0,"9,5",14
Les flors,3985046,Apartamento,Valencia,1,1,€ 111,2019/10/02,2019/10/03,0,"8,6",14
Valenciaflats Centro Histórico,94781,Apartamentos,Valencia,1,1,€ 124,2019/10/02,2019/10/03,0,"8,7",14
Casual del Cine Valencia,572187,NA,Valencia,1,1,€ 125,2019/10/02,2019/10/03,2,"8,6",14
Hotel Malcom and Barret,483261,NA,Valencia,1,1,€ 131,2019/10/02,2019/10/03,3,"8,7",14
FREE WI-FI. Apartamentos 90 м2 - Assutzena 5,4828764,Apartamento,Valencia,1,1,€ 133,2019/10/02,2019/10/03,0,"8,7",14
Hotel Kramer,91106,NA,Valencia,1,1,€ 140,2019/10/02,2019/10/03,3,"8,8",14
Ciudad Ciencias- Lujo- Parking- Wi-Fi.,4999636,Apartamento,Valencia,1,1,NA,2019/10/02,2019/10/03,0,"9,8",14
Friendly Rentals Desplat,4120221,Apartamento,Valencia,1,1,€ 140,2019/10/02,2019/10/03,0,"8,5",14
Jardín Botánico Hotel Boutique,93369,NA,Valencia,1,1,€ 141,2019/10/02,2019/10/03,3,"8,9",14
Casual Vintage Valencia,1710241,NA,Valencia,1,1,€ 144,2019/10/02,2019/10/03,2,"8,6",14
Pio XII Apartments Valencia,402080,Apartamentos,Valencia,1,1,€ 144,2019/10/02,2019/10/03,0,"8,5",14
Blanq Carmen Hotel,97069,NA,Valencia,1,1,€ 145,2019/10/02,2019/10/03,3,"8,7",14
Friendly Rentals Gala,1634252,Apartamento,Valencia,1,1,€ 150,2019/10/02,2019/10/03,0,"8,7",14
Hotel Dimar,90886,NA,Valencia,1,1,€ 153,2019/10/02,2019/10/03,4,"8,7",14
Citizentral Gascons,332095,Apartamentos,Valencia,1,1,€ 157,2019/10/02,2019/10/03,0,"8,8",14
One Shot Colón 46,1394168,NA,Valencia,1,1,€ 159,2019/10/02,2019/10/03,3,"8,7",14
Barceló Valencia,91988,NA,Valencia,1,1,€ 167,2019/10/02,2019/10/03,4,"8,7",14
Canela`s Vintage Ruzafa Centro,4652584,Apartamento,Valencia,1,1,€ 170,2019/10/02,2019/10/03,0,"8,6",14
Select Home Mercado de Colón,2960845,Apartamentos,Valencia,1,1,€ 190,2019/10/02,2019/10/03,0,"8,9",14
Hotel Valencia Oceanic Managed by Melia Hotels International,91522,NA,Valencia,1,1,€ 191,2019/10/02,2019/10/03,4,"8,6",14
Friendly Rentals Vives 2,2523871,Apartamento,Valencia,1,1,€ 195,2019/10/02,2019/10/03,0,"8,6",14
Lotelito,570027,NA,Valencia,1,1,€ 198,2019/10/02,2019/10/03,0,"8,9",14
Ilunion Aqua 4,92777,NA,Valencia,1,1,€ 202,2019/10/02,2019/10/03,4,"8,5",14
Petit Palace Plaza de la Reina,90443,NA,Valencia,1,1,€ 209,2019/10/02,2019/10/03,3,"8,7",14
Melia Plaza Valencia,13270,NA,Valencia,1,1,€ 220,2019/10/02,2019/10/03,4,"8,9",14
Tryp Valencia Feria,92852,NA,Valencia,1,1,€ 170,2019/10/02,2019/10/03,4,"8,4",14
Hotel Medium Valencia,96838,NA,Valencia,1,1,€ 180,2019/10/02,2019/10/03,4,"8,1",14
Apartment Cisneros 2,2361375,Apartamento,Valencia,1,1,NA,2019/10/02,2019/10/03,0,"9,7",14
Hotel Conqueridor,91047,NA,Valencia,1,1,€ 270,2019/10/02,2019/10/03,4,"8,4",14
Musico Peydro Apartments,3765069,Apartamentos,Valencia,1,1,€ 313,2019/10/02,2019/10/03,0,8,14
UP Hostel Valencia,1710137,NA,Valencia,1,1,€ 23,2019/10/02,2019/10/03,0,"7,8",14
Hostal Moratin,326015,NA,Valencia,1,1,€ 31,2019/10/02,2019/10/03,1,"7,9",14
Pensión Universal,304276,NA,Valencia,1,1,€ 32,2019/10/02,2019/10/03,0,"7,9",14
Apart and Benef,2291245,NA,Valencia,1,1,€ 34,2019/10/02,2019/10/03,0,"7,8",14
APARTMENTS VALENCIA CENTER,5180014,Apartamentos,Valencia,1,1,NA,2019/10/02,2019/10/03,0,"9,6",14
Habitaciones Barra89,1076252,NA,Valencia,1,1,€ 35,2019/10/02,2019/10/03,0,"7,8",14
Habitación Céntrica en Casa de Familia,4289877,NA,Valencia,1,1,€ 35,2019/10/02,2019/10/03,0,"7,8",14
Habitación San Cayetano,4624401,NA,Valencia,1,1,€ 40,2019/10/02,2019/10/03,0,"7,7",14
Valencia City Host,1177077,NA,Valencia,1,1,€ 42,2019/10/02,2019/10/03,0,"7,8",14
Voyagers Inn Homestay,2682156,NA,Valencia,1,1,€ 44,2019/10/02,2019/10/03,0,"7,8",14
Rooms Valencia Center,5507857,NA,Valencia,1,1,€ 49,2019/10/02,2019/10/03,0,"7,9",14
WeRentVLC Design Ruzafa,2906656,Apartamento,Valencia,1,1,NA,2019/10/02,2019/10/03,0,"9,5",14
Valencia Lounge Hostel,337203,NA,Valencia,1,1,€ 52,2019/10/02,2019/10/03,0,"7,8",14
Habitacion por dias Centro Valencia,3977106,NA,Valencia,1,1,€ 55,2019/10/02,2019/10/03,0,"7,9",14
Casual Civilizaciones Valencia,449777,NA,Valencia,1,1,€ 58,2019/10/02,2019/10/03,0,"7,9",14
Centro & Viaje,4215175,NA,Valencia,1,1,€ 58,2019/10/02,2019/10/03,0,"7,6",14
B&B Hotel Valencia Ciudad de las Ciencias,92242,NA,Valencia,1,1,€ 71,2019/10/02,2019/10/03,3,"7,5",14
Jero Rooms,296743,NA,Valencia,1,1,€ 72,2019/10/02,2019/10/03,0,"7,7",14
City Center Atico 360,3025679,Apartamento,Valencia,1,1,NA,2019/10/02,2019/10/03,0,"9,5",14
Apartamento Angel Alcazar 35,2174625,Apartamento,Valencia,1,1,€ 80,2019/10/02,2019/10/03,0,"7,6",14
El 16 Ruzafa,865461,Apartamentos,Valencia,1,1,€ 84,2019/10/02,2019/10/03,0,"7,7",14
Hotel Turia,14441,NA,Valencia,1,1,€ 85,2019/10/02,2019/10/03,4,"7,5",14
Patacona Green Flats,292996,Apartamentos,Valencia,1,1,€ 86,2019/10/02,2019/10/03,0,"7,6",14
Suites by Eric Olsan (L),4287413,Apartamentos,Valencia,1,1,€ 89,2019/10/02,2019/10/03,0,"7,6",14
OYO Pensión El Rincón,476031,NA,Valencia,1,1,€ 89,2019/10/02,2019/10/03,1,"7,6",14
Luxury Beach House,3602594,Casa o chalet,Valencia,1,1,NA,2019/10/02,2019/10/03,0,"9,7",14
Apartamento Alguer,4005334,Apartamento,Valencia,1,1,€ 90,2019/10/02,2019/10/03,0,"7,6",14
Casual de la Música Valencia,273130,NA,Valencia,1,1,€ 90,2019/10/02,2019/10/03,2,"7,5",14
Oceanográfico Apartments & Spa,324918,Apartamentos,Valencia,1,1,€ 98,2019/10/02,2019/10/03,0,"7,6",14
Patacona Resort Apartments,189782,Apartamentos,Valencia,1,1,€ 107,2019/10/02,2019/10/03,0,"7,8",14
Apartment Plaza de la Merced,3457190,Apartamento,Valencia,1,1,€ 110,2019/10/02,2019/10/03,0,"7,9",14
STYLISH APARTMENT - CITY CENTER,2861517,Apartamento,Valencia,1,1,€ 120,2019/10/02,2019/10/03,0,"7,8",14
Casa Botànic - Céntrico y con comodidades,4218273,Apartamento,Valencia,1,1,NA,2019/10/02,2019/10/03,0,"9,9",14
Ilunion Valencia 3,92818,NA,Valencia,1,1,€ 131,2019/10/02,2019/10/03,3,"7,9",14
Checkin Valencia,93743,NA,Valencia,1,1,€ 134,2019/10/02,2019/10/03,4,"7,8",14
Kirei Apartment Calgary,4768322,Apartamento,Valencia,1,1,€ 137,2019/10/02,2019/10/03,0,"7,6",14
Old Town Flats Casa Burguerini,4552106,Apartamentos,Valencia,1,1,€ 151,2019/10/02,2019/10/03,0,"7,7",14
City Center Apartments,4426057,Apartamentos,Valencia,1,1,€ 162,2019/10/02,2019/10/03,0,"7,8",14
Torres Quart,3702234,Apartamentos,Valencia,1,1,€ 177,2019/10/02,2019/10/03,0,"7,6",14
Hotel Beleret,94652,NA,Valencia,1,1,€ 270,2019/10/02,2019/10/03,3,"7,6",14
Dreams Rental City Hall,337092,Apartamentos,Valencia,1,1,€ 280,2019/10/02,2019/10/03,0,"7,5",14
Select Home Paz Apartment,1687820,Apartamento,Valencia,1,1,€ 300,2019/10/02,2019/10/03,0,"7,8",14
MD Art Apartment Ruzafa,2550955,Apartamento,Valencia,1,1,€ 313,2019/10/02,2019/10/03,0,"7,6",14
MD Benlliure Beach.,1957258,Apartamento,Valencia,1,1,€ 313,2019/10/02,2019/10/03,0,"7,9",14
MD Pelayo with terrace,1979067,Apartamento,Valencia,1,1,€ 313,2019/10/02,2019/10/03,0,"7,8",14
MD Abastos Center,2551194,Apartamento,Valencia,1,1,€ 341,2019/10/02,2019/10/03,0,"7,7",14
MD Oliag I Apartment Ruzafa,2867488,Apartamento,Valencia,1,1,€ 387,2019/10/02,2019/10/03,0,"7,7",14
MD Olivereta Apartment,3783665,Apartamento,Valencia,1,1,€ 400,2019/10/02,2019/10/03,0,"7,5",14
feliz como en casa,3676196,NA,Valencia,1,1,€ 36,2019/10/02,2019/10/03,0,"7,2",14
HOSPEDAJE PESET,4718074,NA,Valencia,1,1,€ 40,2019/10/02,2019/10/03,0,"7,2",14
Hostal Waksman,281139,NA,Valencia,1,1,€ 45,2019/10/02,2019/10/03,1,"7,3",14
