name,propertyId,propertyType,city,rooms,days,price,checkIn,checkOut,stars,score,advance
Premium Apartments,486507,NA,Valencia,1,1,€ 250,2019/11/30,2019/12/01,0,"6,9",14
chicrooms,5696677,NA,Valencia,1,1,€ 75,2019/11/30,2019/12/01,0,"5,1",14
Valencia what else...,2550483,NA,Valencia,1,1,NA,2019/11/30,2019/12/01,0,"9,5",14
Oliver,4865093,NA,Valencia,1,1,€ 223,2019/11/30,2019/12/01,0,"5,3",14
"Flat ""Ca Alexandre""",3687859,NA,Valencia,1,1,€ 240,2019/11/30,2019/12/01,0,,14
Lonja de la Seda- Apartments,5780809,NA,Valencia,1,1,€ 270,2019/11/30,2019/12/01,0,,14
GOERLICH SUITES VALENCIA,5795923,NA,Valencia,1,1,€ 280,2019/11/30,2019/12/01,0,,14
Apartamento de lujo con terraza,5240138,NA,Valencia,1,1,€ 770,2019/11/30,2019/12/01,0,,14
Valenciaflats Centro Histórico,94781,NA,Valencia,1,1,€ 285,2019/11/30,2019/12/01,0,"8,7",14
Vincci Lys,91183,NA,Valencia,1,1,€ 294,2019/11/30,2019/12/01,4,"8,9",14
Serranos Apartment,2698760,NA,Valencia,1,1,NA,2019/11/30,2019/12/01,0,"9,6",14
Eurostars Acteón,90495,NA,Valencia,1,1,€ 314,2019/11/30,2019/12/01,4,"8,5",14
Hotel Neptuno,91206,NA,Valencia,1,1,€ 325,2019/11/30,2019/12/01,4,"8,5",14
Cathedral Suites Hotel,1736257,NA,Valencia,1,1,€ 337,2019/11/30,2019/12/01,4,"8,9",14
Vincci Palace,94163,NA,Valencia,1,1,€ 347,2019/11/30,2019/12/01,4,"8,7",14
Hotel San Lorenzo Boutique,1307718,NA,Valencia,1,1,€ 360,2019/11/30,2019/12/01,3,"8,6",14
Barceló Valencia,91988,NA,Valencia,1,1,€ 528,2019/11/30,2019/12/01,4,"8,7",14
Chic and Central- in a lively but quiet area. All walking distance.,3649090,NA,Valencia,1,1,NA,2019/11/30,2019/12/01,0,"9,6",14
Zerka Sendra,4657122,NA,Valencia,1,1,€ 549,2019/11/30,2019/12/01,0,"8,9",14
L'Otelet By Sweet,1467935,NA,Valencia,1,1,€ 88,2019/11/30,2019/12/01,0,"8,3",14
Red Nest Hostel,92283,NA,Valencia,1,1,€ 102,2019/11/30,2019/12/01,0,"8,2",14
Habitaciones con Encanto,5629632,NA,Valencia,1,1,€ 150,2019/11/30,2019/12/01,0,8,14
Sweet Hotel Renasa,274818,NA,Valencia,1,1,€ 229,2019/11/30,2019/12/01,3,8,14
Zerka Centro,4425975,NA,Valencia,1,1,€ 239,2019/11/30,2019/12/01,0,"8,4",14
Cool Central Market,3424724,NA,Valencia,1,1,NA,2019/11/30,2019/12/01,0,"9,8",14
Ilunion Valencia 4,754329,NA,Valencia,1,1,€ 251,2019/11/30,2019/12/01,4,"8,1",14
Valenciaflats Torres de Serrano,17468,NA,Valencia,1,1,€ 258,2019/11/30,2019/12/01,0,"8,3",14
Eurostars Rey Don Jaime,91520,NA,Valencia,1,1,€ 323,2019/11/30,2019/12/01,4,"8,2",14
NWT Central Station Apartments,3964093,NA,Valencia,1,1,€ 350,2019/11/30,2019/12/01,0,"8,2",14
Adrian's House,2271869,NA,Valencia,1,1,€ 120,2019/11/30,2019/12/01,0,"7,7",14
Habitaciones Rusafa,5604325,NA,Valencia,1,1,€ 180,2019/11/30,2019/12/01,0,"7,6",14
Constitución,4229663,NA,Valencia,1,1,NA,2019/11/30,2019/12/01,0,"9,6",14
Room in apartment,3701648,NA,Valencia,1,1,€ 180,2019/11/30,2019/12/01,0,"7,7",14
Hostal Waksman,281139,NA,Valencia,1,1,€ 55,2019/11/30,2019/12/01,1,"7,4",14
Hogar Dulce Hogar,5426607,NA,Valencia,1,1,€ 160,2019/11/30,2019/12/01,0,7,14
NWT Central Station Valencia,1647017,NA,Valencia,1,1,€ 175,2019/11/30,2019/12/01,0,"7,1",14
HOSTAL BED OF THE SEA,3974636,NA,Valencia,1,1,€ 200,2019/11/30,2019/12/01,0,"7,2",14
Hotel Cosmo,4838858,NA,Valencia,1,1,€ 315,2019/11/30,2019/12/01,3,"9,7",14
Ramirez Flats & Bar,4124528,NA,Valencia,1,1,€ 324,2019/11/30,2019/12/01,0,"9,5",14
PLAYA POBLA DE FARNALS,5508533,NA,Valencia,1,1,NA,2019/11/30,2019/12/01,0,10,14
BUBUSUITES by Bubuflats,2389776,NA,Valencia,1,1,€ 190,2019/11/30,2019/12/01,0,"9,3",14
Mon Suites Catedral,485679,NA,Valencia,1,1,€ 212,2019/11/30,2019/12/01,0,"9,2",14
Citizentral Juristas,1113127,NA,Valencia,1,1,€ 237,2019/11/30,2019/12/01,0,"9,2",14
Valenciaflats Centro Ciudad,18544,NA,Valencia,1,1,€ 248,2019/11/30,2019/12/01,0,"9,2",14
Apartamentos Wallace,1698355,NA,Valencia,1,1,€ 258,2019/11/30,2019/12/01,0,"9,2",14
MARQUÉS HOUSE 4* SUP,2118880,NA,Valencia,1,1,€ 272,2019/11/30,2019/12/01,4,"9,4",14
Valencia Apartamentos DEL MAR,5421626,NA,Valencia,1,1,NA,2019/11/30,2019/12/01,0,10,14
MYR Hotel Plaza Mercado & Spa,1619029,NA,Valencia,1,1,€ 275,2019/11/30,2019/12/01,4,"9,2",14
Mon Suites San Nicolas,4117225,NA,Valencia,1,1,€ 276,2019/11/30,2019/12/01,0,"9,1",14
Vincci Mercat,1279484,NA,Valencia,1,1,€ 286,2019/11/30,2019/12/01,4,9,14
Valencian Dreams,3268804,NA,Valencia,1,1,€ 295,2019/11/30,2019/12/01,0,"9,3",14
Las Arenas Balneario Resort,91144,NA,Valencia,1,1,€ 329,2019/11/30,2019/12/01,5,9,14
Rooms Ciencias,94126,NA,Valencia,1,1,€ 378,2019/11/30,2019/12/01,0,9,14
Cómoda habitación Valencia,4200488,NA,Valencia,1,1,NA,2019/11/30,2019/12/01,0,"9,5",14
Valenciaflats Ciudad de las Ciencias,93676,NA,Valencia,1,1,€ 432,2019/11/30,2019/12/01,0,"9,1",14
Rosa del mar2,4259814,NA,Valencia,1,1,€ 1.248,2019/11/30,2019/12/01,0,"9,1",14
Magnífico Adosado- cerca de Valencia ciudad- en zona de montaña y playa fluvial,5354233,NA,Valencia,1,1,€ 89,2019/11/30,2019/12/01,0,"8,9",14
YOU & CO. Saler Beach Boutique,4533007,NA,Valencia,1,1,€ 143,2019/11/30,2019/12/01,3,"8,9",14
Apartamentos Plaza Picasso,97063,NA,Valencia,1,1,€ 223,2019/11/30,2019/12/01,0,"8,5",14
Citizentral Gascons,332095,NA,Valencia,1,1,€ 226,2019/11/30,2019/12/01,0,"8,8",14
MerKat-Abastos,1231196,NA,Valencia,1,1,NA,2019/11/30,2019/12/01,0,"9,6",14
Hotel Kramer,91106,NA,Valencia,1,1,€ 234,2019/11/30,2019/12/01,3,"8,8",14
Soho Valencia,1538641,NA,Valencia,1,1,€ 239,2019/11/30,2019/12/01,0,"8,9",14
Hotel Malcom and Barret,483261,NA,Valencia,1,1,€ 266,2019/11/30,2019/12/01,3,"8,7",14
Apartments Madrina,3278589,NA,Valencia,1,1,€ 268,2019/11/30,2019/12/01,0,"8,9",14
AC Hotel Colon Valencia,1117150,NA,Valencia,1,1,€ 271,2019/11/30,2019/12/01,4,"8,7",14
