name,propertyId,propertyType,city,rooms,days,price,checkIn,checkOut,stars,score,advance
Biopark View Apartment,2381901,NA,Valencia,1,1,€ 75,2019/11/28,2019/11/29,0,9,14
Casa Adosada Quintero,5481770,NA,Valencia,1,1,€ 80,2019/11/28,2019/11/29,0,"8,8",14
Plaza Sainetero Arniches,3984774,NA,Valencia,1,1,€ 83,2019/11/28,2019/11/29,0,"8,5",14
OCEANOGRAFIC DELUXE- PARKING- WI-FI,4095746,NA,Valencia,1,1,NA,2019/11/28,2019/11/29,0,"9,1",14
València Centre Túria,2185255,NA,Valencia,1,1,€ 85,2019/11/28,2019/11/29,0,"8,8",14
Casa de Maria,2467712,NA,Valencia,1,1,€ 85,2019/11/28,2019/11/29,0,"8,7",14
Hotel Valencia Oceanic Managed by Melia Hotels International,91522,NA,Valencia,1,1,€ 85,2019/11/28,2019/11/29,4,"8,6",14
Zenit Valencia,92327,NA,Valencia,1,1,€ 86,2019/11/28,2019/11/29,4,"8,8",14
Hotel Kramer,91106,NA,Valencia,1,1,€ 86,2019/11/28,2019/11/29,3,"8,8",14
Catalonia Excelsior,90578,NA,Valencia,1,1,€ 100,2019/11/28,2019/11/29,3,"8,7",14
BUBUFLATS Mossén,1141763,NA,Valencia,1,1,€ 100,2019/11/28,2019/11/29,0,"8,8",14
Don Herrero,1781239,NA,Valencia,1,1,NA,2019/11/28,2019/11/29,0,"9,2",14
Brisa Mare Nostrum,2855311,NA,Valencia,1,1,€ 75,2019/11/28,2019/11/29,0,"9,3",14
Bruno Apartment,2715023,NA,Valencia,1,1,NA,2019/11/28,2019/11/29,0,"9,7",14
Dama Del Puerto,3230781,NA,Valencia,1,1,€ 75,2019/11/28,2019/11/29,0,9,14
Nest Style Valencia,5219046,NA,Valencia,1,1,€ 76,2019/11/28,2019/11/29,3,"9,3",14
Barceló Valencia,91988,NA,Valencia,1,1,€ 86,2019/11/28,2019/11/29,4,"8,7",14
CheValenciaFlats,2064099,NA,Valencia,1,1,NA,2019/11/28,2019/11/29,0,9,14
Sercotel Sorolla Palace,93646,NA,Valencia,1,1,€ 86,2019/11/28,2019/11/29,4,"8,6",14
Petit Palace Plaza de la Reina,90443,NA,Valencia,1,1,€ 89,2019/11/28,2019/11/29,3,"8,7",14
Valenciaflats Centro Ciudad,18544,NA,Valencia,1,1,€ 78,2019/11/28,2019/11/29,0,"9,2",14
Teixidors de Palomar,2639791,NA,Valencia,1,1,€ 79,2019/11/28,2019/11/29,0,"9,3",14
La casita de Palomar,2132386,NA,Valencia,1,1,€ 79,2019/11/28,2019/11/29,0,"9,3",14
Palau de Palomar,471283,NA,Valencia,1,1,€ 79,2019/11/28,2019/11/29,0,"9,1",14
Carmen Apartment,3308265,NA,Valencia,1,1,NA,2019/11/28,2019/11/29,0,"9,6",14
Perla Apartments,3146781,NA,Valencia,1,1,€ 90,2019/11/28,2019/11/29,0,"8,7",14
El Palacete Gran Via,3483148,NA,Valencia,1,1,€ 91,2019/11/28,2019/11/29,0,"8,7",14
MOM La Punta,3105661,NA,Valencia,1,1,€ 80,2019/11/28,2019/11/29,0,"9,4",14
Apartamento centro frente a Torres de Serrano,3408067,NA,Valencia,1,1,€ 82,2019/11/28,2019/11/29,0,"9,3",14
ÁTICO PTA 13 EN EL CENTRO DE VALENCIA VT-45727-T,4612077,NA,Valencia,1,1,€ 85,2019/11/28,2019/11/29,0,"9,4",14
Apartamentos Valencia - Brazil 31 Free WiFi,4948554,NA,Valencia,1,1,€ 101,2019/11/28,2019/11/29,0,"8,7",14
Vincci Palace,94163,NA,Valencia,1,1,€ 102,2019/11/28,2019/11/29,4,"8,7",14
Sol Playa,12656,NA,Valencia,1,1,€ 55,2019/11/28,2019/11/29,2,"8,3",14
Alex Apartment,1756374,NA,Valencia,1,1,€ 60,2019/11/28,2019/11/29,0,8,14
OttoH Charm Stay,2459807,NA,Valencia,1,1,€ 89,2019/11/28,2019/11/29,0,"9,3",14
HQ Rooms Apartments San Vicente,2894429,NA,Valencia,1,1,€ 90,2019/11/28,2019/11/29,0,"9,2",14
Apartamento Giorgeta,2580538,NA,Valencia,1,1,€ 90,2019/11/28,2019/11/29,0,9,14
APARTMENTS VALENCIA CENTER,5180014,NA,Valencia,1,1,NA,2019/11/28,2019/11/29,0,"9,5",14
Les flors,3985046,NA,Valencia,1,1,€ 94,2019/11/28,2019/11/29,0,"8,7",14
New Trendy apartment,2426154,NA,Valencia,1,1,€ 95,2019/11/28,2019/11/29,0,"8,6",14
OCEANOGRAFIC APARTMENT. PARKING. WI-FI,3107716,NA,Valencia,1,1,NA,2019/11/28,2019/11/29,0,9,14
One Shot Colón 46,1394168,NA,Valencia,1,1,€ 95,2019/11/28,2019/11/29,3,"8,7",14
AC Hotel Valencia,91063,NA,Valencia,1,1,€ 97,2019/11/28,2019/11/29,4,"8,5",14
Melia Valencia,290493,NA,Valencia,1,1,€ 98,2019/11/28,2019/11/29,4,"8,8",14
Eurostars Acteón,90495,NA,Valencia,1,1,€ 98,2019/11/28,2019/11/29,4,"8,5",14
Casa Cosy,375456,NA,Valencia,1,1,€ 90,2019/11/28,2019/11/29,0,"9,4",14
Dolz Garden Ruzafa,1123993,NA,Valencia,1,1,€ 90,2019/11/28,2019/11/29,0,"9,1",14
Hotel Valencia Alameda,4019381,NA,Valencia,1,1,€ 90,2019/11/28,2019/11/29,4,"9,2",14
Olvida tu Reloj Montichelvo Apartment,3258095,NA,Valencia,1,1,€ 91,2019/11/28,2019/11/29,0,"9,4",14
apartamento las torres-botanico,4694090,NA,Valencia,1,1,€ 94,2019/11/28,2019/11/29,0,9,14
Apartment on Carrer del Dr. Lluch,2008997,NA,Valencia,1,1,€ 94,2019/11/28,2019/11/29,0,"9,1",14
ORIGINAL Y ESPACIOSO ATICO EN EL CENTRO DE RUZAFA,4744667,NA,Valencia,1,1,NA,2019/11/28,2019/11/29,0,"9,5",14
Citizentral Juristas,1113127,NA,Valencia,1,1,€ 94,2019/11/28,2019/11/29,0,"9,2",14
MD Design Hotel - Portal del Real,2391685,NA,Valencia,1,1,€ 94,2019/11/28,2019/11/29,2,"9,1",14
Valencia Apartmans El Carmen,847910,NA,Valencia,1,1,€ 68,2019/11/28,2019/11/29,0,"7,3",14
Valencia Apartments,4367788,NA,Valencia,1,1,€ 68,2019/11/28,2019/11/29,0,"7,1",14
Valencia Old City Serranos Towers,2643748,NA,Valencia,1,1,NA,2019/11/28,2019/11/29,0,"9,1",14
Mi casa es vuestra casa,4967097,NA,Valencia,1,1,€ 70,2019/11/28,2019/11/29,0,"7,1",14
Apartment Malvarrosa Beach Cavite,1961815,NA,Valencia,1,1,NA,2019/11/28,2019/11/29,0,"9,1",14
Hotel Miramar,23332,NA,Valencia,1,1,€ 61,2019/11/28,2019/11/29,2,"8,4",14
Old Town Flats Casa Burguerini,4552106,NA,Valencia,1,1,€ 63,2019/11/28,2019/11/29,0,"8,2",14
L'Otelet By Sweet,1467935,NA,Valencia,1,1,€ 64,2019/11/28,2019/11/29,0,"8,3",14
Reina 12,1684198,NA,Valencia,1,1,€ 64,2019/11/28,2019/11/29,0,"8,2",14
Hotel Alkazar,408511,NA,Valencia,1,1,€ 64,2019/11/28,2019/11/29,1,"8,1",14
SHF Flats Baron,1033085,NA,Valencia,1,1,€ 65,2019/11/28,2019/11/29,0,8,14
Piso con encanto en Ciutat Vella (El Carmen),3019874,NA,Valencia,1,1,NA,2019/11/28,2019/11/29,0,9,14
Nanit Valencia Hostel,3913497,NA,Valencia,1,1,€ 65,2019/11/28,2019/11/29,0,"8,4",14
City Suites Apartments,3091106,NA,Valencia,1,1,€ 65,2019/11/28,2019/11/29,0,"8,3",14
FREE WI-FI. Apartamentos 90 м2 - Assutzena 5,4828764,NA,Valencia,1,1,€ 104,2019/11/28,2019/11/29,0,"8,5",14
Melia Plaza Valencia,13270,NA,Valencia,1,1,€ 105,2019/11/28,2019/11/29,4,"8,9",14
Flatsforyou Sorolla House,403442,NA,Valencia,1,1,€ 105,2019/11/28,2019/11/29,0,"8,6",14
Petit Palace Ruzafa,90792,NA,Valencia,1,1,€ 99,2019/11/28,2019/11/29,3,"8,7",14
Vincci Lys,91183,NA,Valencia,1,1,€ 99,2019/11/28,2019/11/29,4,"8,9",14
Mr Flats Valencia 2,2580094,NA,Valencia,1,1,NA,2019/11/28,2019/11/29,0,9,14
Apartamento Ruzafa Centro II,3718518,NA,Valencia,1,1,€ 97,2019/11/28,2019/11/29,0,9,14
Apartamentos Edificio Palomar,189277,NA,Valencia,1,1,€ 99,2019/11/28,2019/11/29,0,"9,2",14
Casual Vintage Valencia,1710241,NA,Valencia,1,1,€ 99,2019/11/28,2019/11/29,2,"8,6",14
Zerka Sendra,4657122,NA,Valencia,1,1,€ 99,2019/11/28,2019/11/29,0,"8,9",14
Hotel Dimar,90886,NA,Valencia,1,1,€ 99,2019/11/28,2019/11/29,4,"8,7",14
OYO Pensión El Rincón,476031,NA,Valencia,1,1,€ 70,2019/11/28,2019/11/29,1,"7,4",14
Centro Valencia Calle Cerrajeros,3476261,NA,Valencia,1,1,€ 75,2019/11/28,2019/11/29,0,"7,1",14
Hogar Dulce Hogar,5426607,NA,Valencia,1,1,€ 81,2019/11/28,2019/11/29,0,7,14
Catalonia Excelsior,90578,NA,Valencia,1,1,€ 100,2019/11/28,2019/11/29,3,"8,7",14
BUBUFLATS / Mercat,783206,NA,Valencia,1,1,€ 100,2019/11/28,2019/11/29,0,"8,9",14
Sorolla Centro,90896,NA,Valencia,1,1,€ 99,2019/11/28,2019/11/29,3,"9,1",14
Select Home Mercado Central,440757,NA,Valencia,1,1,€ 140,2019/11/28,2019/11/29,0,"7,1",14
Select Home Catedral,440778,NA,Valencia,1,1,€ 140,2019/11/28,2019/11/29,0,"7,1",14
Quart Apartment,1537986,NA,Valencia,1,1,NA,2019/11/28,2019/11/29,0,"9,2",14
Ruzafa- centro ciudad. Terraza-wifi,3856199,NA,Valencia,1,1,€ 160,2019/11/28,2019/11/29,0,"7,3",14
Best Valencia Beach Flat,3246772,NA,Valencia,1,1,€ 190,2019/11/28,2019/11/29,0,"7,1",14
MD Puerto Rico Apartment Ruzafa,3737151,NA,Valencia,1,1,€ 289,2019/11/28,2019/11/29,0,"7,4",14
MD Villalonga Malvarosa Beach,3739661,NA,Valencia,1,1,€ 430,2019/11/28,2019/11/29,0,7,14
Guest House Lebon,3124256,NA,Valencia,1,1,€ 29,2019/11/28,2019/11/29,0,"6,8",14
Habitación en Colon,2246576,NA,Valencia,1,1,€ 45,2019/11/28,2019/11/29,0,"6,6",14
Moderno Apartamento en la playa del Cabanyal,3432824,NA,Valencia,1,1,NA,2019/11/28,2019/11/29,0,"9,4",14
Ruzafa Rooms,2891693,NA,Valencia,1,1,€ 59,2019/11/28,2019/11/29,0,"6,9",14
NH Valencia Las Ciencias,90725,NA,Valencia,1,1,€ 61,2019/11/28,2019/11/29,3,8,14
Tryp Valencia Feria,92852,NA,Valencia,1,1,€ 68,2019/11/28,2019/11/29,4,"8,3",14
MD Modern Hotel - Jardines,305447,NA,Valencia,1,1,€ 68,2019/11/28,2019/11/29,1,"8,3",14
Hotel Valencia Center,91285,NA,Valencia,1,1,€ 69,2019/11/28,2019/11/29,4,"8,4",14
Cozy Apartment,2767511,NA,Valencia,1,1,NA,2019/11/28,2019/11/29,0,9,14
NH Ciudad de Valencia,90729,NA,Valencia,1,1,€ 71,2019/11/28,2019/11/29,3,"8,1",14
AC Hotel Colon Valencia,1117150,NA,Valencia,1,1,€ 106,2019/11/28,2019/11/29,4,"8,7",14
Piso en Malvarrosa,2445244,NA,Valencia,1,1,NA,2019/11/28,2019/11/29,0,9,14
Ad Hoc Monumental,90719,NA,Valencia,1,1,€ 107,2019/11/28,2019/11/29,3,"8,6",14
Hotel Neptuno,91206,NA,Valencia,1,1,€ 108,2019/11/28,2019/11/29,4,"8,5",14
MD Art Apartment Ruzafa,2550955,NA,Valencia,1,1,€ 271,2019/11/28,2019/11/29,0,"7,6",14
central station valencia,2414838,NA,Valencia,1,1,€ 65,2019/11/28,2019/11/29,0,"6,9",14
Premium Apartments,486507,NA,Valencia,1,1,€ 69,2019/11/28,2019/11/29,0,"6,9",14
Cosy Rooms Tapinería,371192,NA,Valencia,1,1,€ 52,2019/11/28,2019/11/29,2,"7,5",14
Checkin Valencia,93743,NA,Valencia,1,1,€ 53,2019/11/28,2019/11/29,4,"7,7",14
Travel Habitat Literato azorin,3699013,NA,Valencia,1,1,NA,2019/11/28,2019/11/29,0,"9,1",14
Como en casa,4802186,NA,Valencia,1,1,€ 54,2019/11/28,2019/11/29,0,"7,9",14
ValentiaApartments - MercadoCentral,4185241,NA,Valencia,1,1,€ 109,2019/11/28,2019/11/29,0,"8,8",14
SH Ingles Boutique Hotel,92956,NA,Valencia,1,1,€ 110,2019/11/28,2019/11/29,4,"8,5",14
Friendly Rentals Schubert,1634221,NA,Valencia,1,1,€ 110,2019/11/28,2019/11/29,0,"8,8",14
Casual de la Música Valencia,273130,NA,Valencia,1,1,€ 55,2019/11/28,2019/11/29,2,"7,5",14
Oceanográfico Apartments & Spa,324918,NA,Valencia,1,1,€ 59,2019/11/28,2019/11/29,0,"7,6",14
City Center Apartments,4426057,NA,Valencia,1,1,€ 60,2019/11/28,2019/11/29,0,"7,8",14
Hotel Turia,14441,NA,Valencia,1,1,€ 61,2019/11/28,2019/11/29,4,"7,5",14
B&B Hotel Valencia Ciudad de las Ciencias,92242,NA,Valencia,1,1,€ 62,2019/11/28,2019/11/29,3,"7,5",14
Central apartment,4597029,NA,Valencia,1,1,NA,2019/11/28,2019/11/29,0,"9,2",14
Apartamento Alguer,4005334,NA,Valencia,1,1,€ 65,2019/11/28,2019/11/29,0,"7,7",14
Jero Rooms,296743,NA,Valencia,1,1,€ 66,2019/11/28,2019/11/29,0,"7,6",14
El 16 Ruzafa,865461,NA,Valencia,1,1,€ 69,2019/11/28,2019/11/29,0,"7,7",14
Expo Hotel Valencia,91223,NA,Valencia,1,1,€ 69,2019/11/28,2019/11/29,3,"7,6",14
Suites by Eric Olsan (Florista),4726450,NA,Valencia,1,1,€ 112,2019/11/28,2019/11/29,0,"8,5",14
Apartamentos El Olivo,1985143,NA,Valencia,1,1,NA,2019/11/28,2019/11/29,0,"9,3",14
Mar & City Apartment,3456759,NA,Valencia,1,1,€ 113,2019/11/28,2019/11/29,0,"8,9",14
Living Valencia - Catedral,2338234,NA,Valencia,1,1,€ 74,2019/11/28,2019/11/29,0,"7,9",14
El Globo,24498,NA,Valencia,1,1,€ 75,2019/11/28,2019/11/29,1,"7,7",14
Habitación ático muy luminosa con baño y terraza,5292007,NA,Valencia,1,1,NA,2019/11/28,2019/11/29,0,"9,1",14
Plaza de la Virgen,3167342,NA,Valencia,1,1,€ 115,2019/11/28,2019/11/29,0,"8,8",14
Apartamento Gran Vía Marqués del Turia,2358973,NA,Valencia,1,1,€ 119,2019/11/28,2019/11/29,0,"8,5",14
Apartamento Fos,2149438,NA,Valencia,1,1,€ 119,2019/11/28,2019/11/29,0,"8,8",14
Reina Rooms,4211140,NA,Valencia,1,1,€ 64,2019/11/28,2019/11/29,0,"8,9",14
Holiday Inn Express Ciudad de las Ciencias,96737,NA,Valencia,1,1,€ 72,2019/11/28,2019/11/29,3,8,14
Casual de las Artes Valencia,538056,NA,Valencia,1,1,€ 72,2019/11/28,2019/11/29,3,"8,4",14
Ilunion Valencia 4,754329,NA,Valencia,1,1,€ 74,2019/11/28,2019/11/29,4,"8,1",14
Apartamento Cuatro Carreres,2743149,NA,Valencia,1,1,€ 75,2019/11/28,2019/11/29,0,"8,1",14
SHF Plaza de la Reina,1682520,NA,Valencia,1,1,€ 75,2019/11/28,2019/11/29,0,"7,9",14
Ilunion Valencia 3,92818,NA,Valencia,1,1,€ 76,2019/11/28,2019/11/29,3,"7,9",14
Apartamento Angel Alcazar 35,2174625,NA,Valencia,1,1,€ 80,2019/11/28,2019/11/29,0,"7,5",14
Petit Palomar,2187491,NA,Valencia,1,1,€ 65,2019/11/28,2019/11/29,0,"8,9",14
Apartamentos Naranja y Limòn,2250906,NA,Valencia,1,1,NA,2019/11/28,2019/11/29,0,"9,3",14
Luz de Valencia,2076095,NA,Valencia,1,1,€ 65,2019/11/28,2019/11/29,0,"8,8",14
MD Benlliure Beach.,1957258,NA,Valencia,1,1,€ 271,2019/11/28,2019/11/29,0,"7,8",14
Central new apartment,4526693,NA,Valencia,1,1,NA,2019/11/28,2019/11/29,0,"9,2",14
MD Oliag I Apartment Ruzafa,2867488,NA,Valencia,1,1,€ 317,2019/11/28,2019/11/29,0,"7,6",14
Apartment in Valencia,2339175,NA,Valencia,1,1,€ 75,2019/11/28,2019/11/29,0,"8,2",14
CÉNTRICO MUY SOLEADO,4155127,NA,Valencia,1,1,NA,2019/11/28,2019/11/29,0,9,14
Ilunion Aqua 3,92776,NA,Valencia,1,1,€ 76,2019/11/28,2019/11/29,3,"8,3",14
MD Abastos Center,2551194,NA,Valencia,1,1,€ 367,2019/11/28,2019/11/29,0,"7,8",14
Helle & ruhige Zimmer nähe Strand,5698199,NA,Valencia,1,1,€ 24,2019/11/28,2019/11/29,0,"7,2",14
Guest House Samuel Ros,4161855,NA,Valencia,1,1,€ 29,2019/11/28,2019/11/29,0,"7,2",14
One Shot Palacio Reina Victoria 04,90885,NA,Valencia,1,1,€ 119,2019/11/28,2019/11/29,4,"8,6",14
Flatsforyou Ruzafa,3342696,NA,Valencia,1,1,€ 120,2019/11/28,2019/11/29,0,"8,7",14
Hi Valencia Apartments - Jorge Juan,2373701,NA,Valencia,1,1,NA,2019/11/28,2019/11/29,0,"9,4",14
Hostal Waksman,281139,NA,Valencia,1,1,€ 30,2019/11/28,2019/11/29,1,"7,4",14
La Flamenca,818359,NA,Valencia,1,1,€ 35,2019/11/28,2019/11/29,0,"7,2",14
Vistas al mar,3214362,NA,Valencia,1,1,NA,2019/11/28,2019/11/29,0,9,14
B&B El Mercat,2203530,NA,Valencia,1,1,€ 40,2019/11/28,2019/11/29,0,"7,2",14
Apartamento Plaza Sainetero,2743838,NA,Valencia,1,1,€ 76,2019/11/28,2019/11/29,0,"8,2",14
Hotel Medium Valencia,96838,NA,Valencia,1,1,€ 77,2019/11/28,2019/11/29,4,"8,2",14
Senator Parque Central Hotel,274963,NA,Valencia,1,1,€ 77,2019/11/28,2019/11/29,4,"8,1",14
Sweet Hotel Continental,93856,NA,Valencia,1,1,€ 79,2019/11/28,2019/11/29,2,"8,3",14
La Casa dei Fiori,2849727,NA,Valencia,1,1,€ 82,2019/11/28,2019/11/29,0,"6,9",14
Casita Esmeralda,2040126,NA,Valencia,1,1,€ 114,2019/11/28,2019/11/29,0,"6,6",14
Select Home Boutique Center,387770,NA,Valencia,1,1,€ 150,2019/11/28,2019/11/29,0,"6,8",14
Total Valencia Mercado Central,4888886,NA,Valencia,1,1,NA,2019/11/28,2019/11/29,0,"9,2",14
Guest House Higinio Noja,2845935,NA,Valencia,1,1,€ 24,2019/11/28,2019/11/29,0,6,14
Fun and Sun Center 2,2944416,NA,Valencia,1,1,€ 31,2019/11/28,2019/11/29,0,6,14
Loft Central Market - Breakfast Juice!,3187998,NA,Valencia,1,1,€ 78,2019/11/28,2019/11/29,0,"6,4",14
Friendly Rentals Gala,1634252,NA,Valencia,1,1,€ 120,2019/11/28,2019/11/29,0,"8,8",14
Living Valencia - Olympia House,2215435,NA,Valencia,1,1,€ 125,2019/11/28,2019/11/29,0,"8,5",14
Lovely Apartment!,3377663,NA,Valencia,1,1,€ 125,2019/11/28,2019/11/29,0,"8,7",14
Turia Burjassot 12,3237353,NA,Valencia,1,1,€ 65,2019/11/28,2019/11/29,0,"8,9",14
ABCyou Bed&Breakfast,189207,NA,Valencia,1,1,€ 66,2019/11/28,2019/11/29,0,"8,5",14
Jardín Botánico Hotel Boutique,93369,NA,Valencia,1,1,€ 66,2019/11/28,2019/11/29,3,"8,9",14
Citizentral Gascons,332095,NA,Valencia,1,1,€ 67,2019/11/28,2019/11/29,0,"8,8",14
Select Home Viveros Gardens,1297339,NA,Valencia,1,1,€ 215,2019/11/28,2019/11/29,0,"6,3",14
Ruzafa Guesthouse,2269176,NA,Valencia,1,1,€ 24,2019/11/28,2019/11/29,0,"5,5",14
El Cactus,3201028,NA,Valencia,1,1,€ 125,2019/11/28,2019/11/29,0,"8,9",14
Friendly Rentals Strauss,1634236,NA,Valencia,1,1,€ 125,2019/11/28,2019/11/29,0,"8,6",14
Bianca,4232781,NA,Valencia,1,1,€ 69,2019/11/28,2019/11/29,0,"8,9",14
MÍ casa YOUR HOME,3328967,NA,Valencia,1,1,NA,2019/11/28,2019/11/29,0,"9,2",14
Balandra Flat,2032624,NA,Valencia,1,1,€ 69,2019/11/28,2019/11/29,0,"8,5",14
Art of Dance Apartment Valencia,3732969,NA,Valencia,1,1,€ 85,2019/11/28,2019/11/29,0,"7,7",14
SEA YOU HOTEL PORT VALENCIA,92328,NA,Valencia,1,1,€ 86,2019/11/28,2019/11/29,4,"7,8",14
Apartment Florista,2150187,NA,Valencia,1,1,€ 90,2019/11/28,2019/11/29,0,"7,9",14
Malvarrosa Apartamentos,5210304,NA,Valencia,1,1,NA,2019/11/28,2019/11/29,0,"9,1",14
Friendly Rentals Verdi 2,2523881,NA,Valencia,1,1,€ 125,2019/11/28,2019/11/29,0,"8,8",14
Atico con vistas - Alfahuir,2860729,NA,Valencia,1,1,€ 126,2019/11/28,2019/11/29,0,"8,5",14
Bubuflats Bubu 5,1283519,NA,Valencia,1,1,NA,2019/11/28,2019/11/29,0,"9,1",14
Your home in Valencia,2215828,NA,Valencia,1,1,€ 110,2019/11/28,2019/11/29,0,"7,7",14
Suites by Eric Olsan (L),4287413,NA,Valencia,1,1,€ 113,2019/11/28,2019/11/29,0,"7,5",14
STYLISH APARTMENT - CITY CENTER,2861517,NA,Valencia,1,1,€ 120,2019/11/28,2019/11/29,0,"7,8",14
Hostal Residencial RR,450746,NA,Valencia,1,1,€ 40,2019/11/28,2019/11/29,0,7,14
Murillo Apartment,408163,NA,Valencia,1,1,€ 41,2019/11/28,2019/11/29,0,7,14
Habitación con cama doble,4794909,NA,Valencia,1,1,€ 41,2019/11/28,2019/11/29,0,"7,4",14
Select Home Town Hall,1648016,NA,Valencia,1,1,€ 170,2019/11/28,2019/11/29,0,"7,5",14
Musico Peydro Apartments,3765069,NA,Valencia,1,1,€ 271,2019/11/28,2019/11/29,0,"7,9",14
Hotel El Siglo,1741479,NA,Valencia,1,1,€ 70,2019/11/28,2019/11/29,3,"8,5",14
Carrer de l'Escriptor Rafael Ferreres,4267645,NA,Valencia,1,1,€ 70,2019/11/28,2019/11/29,0,"8,6",14
Valencia maritimo,3020748,NA,Valencia,1,1,€ 70,2019/11/28,2019/11/29,0,"8,8",14
Cathedral Suites Hotel,1736257,NA,Valencia,1,1,€ 139,2019/11/28,2019/11/29,4,"8,9",14
Friendly Rentals Ferrero,2314984,NA,Valencia,1,1,€ 140,2019/11/28,2019/11/29,0,"8,8",14
Edificio Pentagono,4673669,NA,Valencia,1,1,€ 145,2019/11/28,2019/11/29,0,"8,9",14
Apartamento LUXURY CENTRO HISTORICO,3664772,NA,Valencia,1,1,€ 149,2019/11/28,2019/11/29,0,"8,6",14
Select Home Mercado de Colón,2960845,NA,Valencia,1,1,€ 150,2019/11/28,2019/11/29,0,"8,9",14
SH Valencia Palace,91497,NA,Valencia,1,1,€ 150,2019/11/28,2019/11/29,5,"8,5",14
Ilunion Aqua 4,92777,NA,Valencia,1,1,€ 71,2019/11/28,2019/11/29,4,"8,5",14
Boutique Creative Rooms,2334726,NA,Valencia,1,1,€ 72,2019/11/28,2019/11/29,0,"8,7",14
Vivaldi Penthouse Ayuntamiento,1289561,NA,Valencia,1,1,NA,2019/11/28,2019/11/29,0,"9,2",14
Forn desamparats,2380447,NA,Valencia,1,1,NA,2019/11/28,2019/11/29,0,"9,4",14
Enjoy Flat Valencia,3991548,NA,Valencia,1,1,€ 155,2019/11/28,2019/11/29,0,"8,6",14
Friendly Rentals Vives 2,2523871,NA,Valencia,1,1,€ 155,2019/11/28,2019/11/29,0,"8,8",14
Lotelito,570027,NA,Valencia,1,1,€ 73,2019/11/28,2019/11/29,0,"8,9",14
Host & Home,1663785,NA,Valencia,1,1,€ 75,2019/11/28,2019/11/29,0,"8,9",14
Dreams Rental Plaza Redonda,1665625,NA,Valencia,1,1,€ 75,2019/11/28,2019/11/29,0,"8,9",14
B&B Almirante,369695,NA,Valencia,1,1,€ 76,2019/11/28,2019/11/29,1,"8,8",14
MODERNO Y ACOGEDOR FRENTE A RUZAFA Y CERCA DEL CENTRO,4490444,NA,Valencia,1,1,€ 76,2019/11/28,2019/11/29,0,"8,7",14
El Coral Apartment Valencia,3606766,NA,Valencia,1,1,€ 77,2019/11/28,2019/11/29,0,"8,7",14
Apartamento en la Ciudad de las Artes y las Ciencias,3552283,NA,Valencia,1,1,NA,2019/11/28,2019/11/29,0,"9,3",14
Welcomer Apartments Valencia,19363,NA,Valencia,1,1,€ 77,2019/11/28,2019/11/29,0,"8,7",14
Casual del Cine Valencia,572187,NA,Valencia,1,1,€ 78,2019/11/28,2019/11/29,2,"8,6",14
Mihotelitoespecial,3573906,NA,Valencia,1,1,€ 160,2019/11/28,2019/11/29,0,"8,7",14
Canela`s Vintage Ruzafa Centro,4652584,NA,Valencia,1,1,€ 165,2019/11/28,2019/11/29,0,"8,5",14
Apartament Cura Femenia,2010355,NA,Valencia,1,1,€ 136,2019/11/28,2019/11/29,0,"9,3",14
One Shot Mercat 09,2274203,NA,Valencia,1,1,€ 139,2019/11/28,2019/11/29,4,"9,1",14
Bright and Modern Apartment near the Beach,4413130,NA,Valencia,1,1,NA,2019/11/28,2019/11/29,0,"9,8",14
Friendly Rentals Montaner Beach,2314997,NA,Valencia,1,1,€ 140,2019/11/28,2019/11/29,0,9,14
Hotel Boutique Balandret,1281710,NA,Valencia,1,1,€ 143,2019/11/28,2019/11/29,3,"9,2",14
Hogar Vera Apartments&Bikes,1807919,NA,Valencia,1,1,€ 143,2019/11/28,2019/11/29,0,"9,3",14
Friendly Rentals Rey,1634248,NA,Valencia,1,1,€ 145,2019/11/28,2019/11/29,0,9,14
ARENAS 2 APARTAMENT,2808815,NA,Valencia,1,1,€ 150,2019/11/28,2019/11/29,0,9,14
B BEACH VALENCIA,5125954,NA,Valencia,1,1,€ 150,2019/11/28,2019/11/29,0,9,14
Hospes Palau de La Mar,93823,NA,Valencia,1,1,€ 167,2019/11/28,2019/11/29,5,"8,8",14
The Westin Valencia,93321,NA,Valencia,1,1,€ 178,2019/11/28,2019/11/29,5,"8,7",14
Sun Apartament Valencia @ City Arts & Sciences + Parking,3287719,NA,Valencia,1,1,NA,2019/11/28,2019/11/29,0,"9,2",14
Puerta de Serranos,2734333,NA,Valencia,1,1,€ 185,2019/11/28,2019/11/29,0,"8,9",14
Habitacion PLaza Ayuntamiento,4365340,NA,Valencia,1,1,€ 50,2019/11/28,2019/11/29,0,"7,2",14
Geography and Arts.,3569110,NA,Valencia,1,1,€ 51,2019/11/28,2019/11/29,0,"7,2",14
My Loft 4 You Ruzafa Style II,3208552,NA,Valencia,1,1,NA,2019/11/28,2019/11/29,0,"9,2",14
Malvarrosa Beach Rooms,314048,NA,Valencia,1,1,€ 55,2019/11/28,2019/11/29,2,7,14
Carlos & Ana,2079019,NA,Valencia,1,1,€ 185,2019/11/28,2019/11/29,0,"8,9",14
Exclusive Beach Apartment,4641691,NA,Valencia,1,1,€ 205,2019/11/28,2019/11/29,0,"8,9",14
SingularStays Parque Central,3054000,NA,Valencia,1,1,€ 207,2019/11/28,2019/11/29,0,"8,9",14
Apartment Horticultor Bosch,1148669,NA,Valencia,1,1,€ 55,2019/11/28,2019/11/29,0,"7,3",14
Hostal la Barraca,350013,NA,Valencia,1,1,€ 55,2019/11/28,2019/11/29,0,"7,1",14
Cosy Rooms Bolsería,371606,NA,Valencia,1,1,€ 58,2019/11/28,2019/11/29,2,"7,4",14
Ad Hoc Carmen,1173270,NA,Valencia,1,1,€ 79,2019/11/28,2019/11/29,2,"8,9",14
Hotel Gabbeach,403586,NA,Valencia,1,1,€ 79,2019/11/28,2019/11/29,3,"8,5",14
Apartments Madrina,3278589,NA,Valencia,1,1,€ 80,2019/11/28,2019/11/29,0,"8,9",14
Homely Nest Valencia El Carme,3790877,NA,Valencia,1,1,NA,2019/11/28,2019/11/29,0,"9,7",14
NH Collection Colón Valencia,3828811,NA,Valencia,1,1,€ 142,2019/11/28,2019/11/29,4,"9,1",14
Mediterranean Flats Plaza Redonda,4086496,NA,Valencia,1,1,€ 157,2019/11/28,2019/11/29,0,"9,2",14
NWT Central Station Valencia,1647017,NA,Valencia,1,1,€ 59,2019/11/28,2019/11/29,0,"7,1",14
Cosy Rooms Embajador,369728,NA,Valencia,1,1,€ 59,2019/11/28,2019/11/29,2,"7,4",14
My Penthouse Valencia,2020411,NA,Valencia,1,1,NA,2019/11/28,2019/11/29,0,9,14
Almiserat,3054886,NA,Valencia,1,1,€ 60,2019/11/28,2019/11/29,0,"7,1",14
Vincci Mercat,1279484,NA,Valencia,1,1,€ 165,2019/11/28,2019/11/29,4,9,14
Arena's Apartament,2156905,NA,Valencia,1,1,€ 170,2019/11/28,2019/11/29,0,"9,1",14
Las Arenas Balneario Resort,91144,NA,Valencia,1,1,€ 171,2019/11/28,2019/11/29,5,9,14
Vlc Apartaments el Carmen,389902,NA,Valencia,1,1,€ 214,2019/11/28,2019/11/29,0,"8,5",14
Casa de Vacaciones Pintor Vilar,2093863,NA,Valencia,1,1,€ 222,2019/11/28,2019/11/29,0,"8,9",14
Rosa del mar2,4259814,NA,Valencia,1,1,NA,2019/11/28,2019/11/29,0,"9,1",14
Center Valencia Youth Hostel,246931,NA,Valencia,1,1,€ 12,2019/11/28,2019/11/29,0,8,14
Double Room in VALENCIA,5665653,NA,Valencia,1,1,€ 25,2019/11/28,2019/11/29,0,"8,3",14
Habitaciones con Encanto,5629632,NA,Valencia,1,1,€ 30,2019/11/28,2019/11/29,0,"8,1",14
Loft Superior el Carmen,2784473,NA,Valencia,1,1,€ 209,2019/11/28,2019/11/29,0,"9,2",14
palacete echeveste III,2160386,NA,Valencia,1,1,NA,2019/11/28,2019/11/29,0,"9,5",14
City Center Atico 360,3025679,NA,Valencia,1,1,€ 210,2019/11/28,2019/11/29,0,"9,4",14
B&B Hi Valencia Canovas,305349,NA,Valencia,1,1,€ 38,2019/11/28,2019/11/29,0,"8,3",14
7 Moons Bed & Breakfast,464187,NA,Valencia,1,1,€ 39,2019/11/28,2019/11/29,0,"8,4",14
HOSTAL BED OF THE SEA,3974636,NA,Valencia,1,1,€ 61,2019/11/28,2019/11/29,0,"7,2",14
NWT Monserrat,3728842,NA,Valencia,1,1,€ 64,2019/11/28,2019/11/29,0,7,14
Accommodation Beach Apartments,1001766,NA,Valencia,1,1,€ 64,2019/11/28,2019/11/29,0,"7,1",14
Caro Hotel,348132,NA,Valencia,1,1,€ 219,2019/11/28,2019/11/29,5,"9,2",14
Ca Carmela,2466364,NA,Valencia,1,1,€ 225,2019/11/28,2019/11/29,0,9,14
Apartamento Playa Wifi Gratis,3495634,NA,Valencia,1,1,€ 240,2019/11/28,2019/11/29,0,"9,3",14
SHF Sevilla Loft,850157,NA,Valencia,1,1,€ 65,2019/11/28,2019/11/29,0,"7,4",14
MD Julio Antonio Apartment Center,3961049,NA,Valencia,1,1,€ 285,2019/11/28,2019/11/29,0,"9,2",14
Old Fisherman's House in Malvarrosa Beach,3618172,NA,Valencia,1,1,€ 288,2019/11/28,2019/11/29,0,"9,4",14
Ático Valencia Centro,4358939,NA,Valencia,1,1,NA,2019/11/28,2019/11/29,0,"9,8",14
Olvida tu Reloj Congresos Apartment,2448036,NA,Valencia,1,1,€ 100,2019/11/28,2019/11/29,0,"9,2",14
APARTAMENTO CENTRO- RUZAFA. WI-FI. PARKING,3144104,NA,Valencia,1,1,€ 100,2019/11/28,2019/11/29,0,"9,3",14
Centro en Valencia,2885222,NA,Valencia,1,1,NA,2019/11/28,2019/11/29,0,"9,5",14
The River Hostel,494202,NA,Valencia,1,1,€ 21,2019/11/28,2019/11/29,0,"8,5",14
Art&Flats Bed&Breakfast,5238345,NA,Valencia,1,1,€ 30,2019/11/28,2019/11/29,0,"8,8",14
"Piso ""Como en tu casa""",2689136,NA,Valencia,1,1,€ 100,2019/11/28,2019/11/29,0,"9,2",14
Citizentral Juristas,1113127,NA,Valencia,1,1,€ 94,2019/11/28,2019/11/29,0,"9,2",14
BUBUSUITES by Bubuflats,2389776,NA,Valencia,1,1,€ 100,2019/11/28,2019/11/29,0,"9,3",14
Mestalla Paradise,4734619,NA,Valencia,1,1,€ 100,2019/11/28,2019/11/29,0,9,14
Pensión Alicante,298710,NA,Valencia,1,1,€ 33,2019/11/28,2019/11/29,0,"8,5",14
Guest House Higinio Noja,2845935,NA,Valencia,1,1,€ 24,2019/11/28,2019/11/29,0,6,14
Fun and Sun Center 2,2944416,NA,Valencia,1,1,€ 31,2019/11/28,2019/11/29,0,6,14
Piso como en tu casa 2,3834617,NA,Valencia,1,1,€ 101,2019/11/28,2019/11/29,0,"9,2",14
Apartamentos La más Bonita,2816245,NA,Valencia,1,1,€ 104,2019/11/28,2019/11/29,0,9,14
Lounge by the sea,4756780,NA,Valencia,1,1,NA,2019/11/28,2019/11/29,0,"9,8",14
Welcome Apartamentos Pintor Stolz 31 Valencia,5019066,NA,Valencia,1,1,€ 104,2019/11/28,2019/11/29,0,9,14
Disfruta - Enjoy Valencia Centre,3881970,NA,Valencia,1,1,€ 159,2019/11/28,2019/11/29,0,"9,7",14
Apartamentos Artesa 22 Valencia,5546723,NA,Valencia,1,1,€ 104,2019/11/28,2019/11/29,0,"9,3",14
Cozy apartment in Valencia center,3402135,NA,Valencia,1,1,€ 104,2019/11/28,2019/11/29,0,"9,1",14
Apartamento luminoso y acogedor,3489126,NA,Valencia,1,1,NA,2019/11/28,2019/11/29,0,"9,4",14
Loft Central Market - Breakfast Juice!,3187998,NA,Valencia,1,1,€ 78,2019/11/28,2019/11/29,0,"6,4",14
Select Home Viveros Gardens,1297339,NA,Valencia,1,1,€ 215,2019/11/28,2019/11/29,0,"6,3",14
Ruzafa Guesthouse,2269176,NA,Valencia,1,1,€ 23,2019/11/28,2019/11/29,0,"5,5",14
Disfruta - Enjoy Valencia Oceanografic,4121345,NA,Valencia,1,1,€ 189,2019/11/28,2019/11/29,0,"9,6",14
Home Sweet Home,1223953,NA,Valencia,1,1,€ 50,2019/11/28,2019/11/29,0,"5,5",14
Palacio de Rojas,1073276,NA,Valencia,1,1,€ 105,2019/11/28,2019/11/29,0,"9,3",14
Charming Ninetta,3220582,NA,Valencia,1,1,€ 105,2019/11/28,2019/11/29,0,"9,4",14
Carrer del Bisbe Jaume Pérez,4900140,NA,Valencia,1,1,€ 60,2019/11/28,2019/11/29,0,"5,9",14
Guest House Ruzafa,2324552,NA,Valencia,1,1,€ 25,2019/11/28,2019/11/29,0,"5,1",14
Friendly Rentals Nyman,3245521,NA,Valencia,1,1,€ 105,2019/11/28,2019/11/29,0,9,14
Valencia Apartamentos Goya,4256653,NA,Valencia,1,1,NA,2019/11/28,2019/11/29,0,"9,9",14
Home Youth Hostel by Feetup Hostels,189322,NA,Valencia,1,1,€ 35,2019/11/28,2019/11/29,0,"8,9",14
Estrella de russafa,5352439,NA,Valencia,1,1,€ 40,2019/11/28,2019/11/29,0,"8,7",14
5 SENSES,3786890,NA,Valencia,1,1,€ 107,2019/11/28,2019/11/29,0,"9,2",14
Apartamento Calle Porvenir,2855320,NA,Valencia,1,1,€ 115,2019/11/28,2019/11/29,0,9,14
RUZAFA. Nice apartment and Terrace.,4368595,NA,Valencia,1,1,NA,2019/11/28,2019/11/29,0,"9,3",14
Guest House Torres de Quart,2275006,NA,Valencia,1,1,€ 26,2019/11/28,2019/11/29,0,"5,2",14
Apartamento El Viajero,3023830,NA,Valencia,1,1,€ 115,2019/11/28,2019/11/29,0,"9,1",14
Oliver,4865093,NA,Valencia,1,1,€ 35,2019/11/28,2019/11/29,0,"5,3",14
Gon & Diego House,4899561,NA,Valencia,1,1,€ 40,2019/11/28,2019/11/29,0,"5,4",14
Live in Chianti Apartaments,2882632,NA,Valencia,1,1,€ 117,2019/11/28,2019/11/29,0,9,14
Ayuntamiento Panoramic,3089239,NA,Valencia,1,1,NA,2019/11/28,2019/11/29,0,"9,5",14
Habitación matrimonial,4696818,NA,Valencia,1,1,€ 35,2019/11/28,2019/11/29,0,"9,4",14
Port of Valencia,3805735,NA,Valencia,1,1,€ 75,2019/11/28,2019/11/29,0,"5,1",14
Cantagua Hostel,4074640,NA,Valencia,1,1,€ 44,2019/11/28,2019/11/29,0,"9,1",14
MD Vila Barbera Apartment Center,1957253,NA,Valencia,1,1,€ 330,2019/11/28,2019/11/29,0,"8,3",14
MD Sueca. Apartment with Terrace Ruzafa,2551179,NA,Valencia,1,1,€ 330,2019/11/28,2019/11/29,0,"8,2",14
Casual Socarrat Valencia,5142800,NA,Valencia,1,1,€ 119,2019/11/28,2019/11/29,3,"9,1",14
MYR Hotel Plaza Mercado & Spa,1619029,NA,Valencia,1,1,€ 119,2019/11/28,2019/11/29,4,"9,2",14
Guesthouse Plaza de Toros,2985902,NA,Valencia,1,1,€ 28,2019/11/28,2019/11/29,0,"4,8",14
RoomTuristValencia Estacion del Norte,4682632,NA,Valencia,1,1,€ 28,2019/11/28,2019/11/29,0,"4,9",14
Musico Art Flat,2925957,NA,Valencia,1,1,NA,2019/11/28,2019/11/29,0,"9,6",14
Valencia-Ruzafa Studio,3235983,NA,Valencia,1,1,€ 120,2019/11/28,2019/11/29,0,"9,1",14
MARQUÉS HOUSE 4* SUP,2118880,NA,Valencia,1,1,€ 125,2019/11/28,2019/11/29,4,"9,4",14
Estudio Abuhardillado,2888302,NA,Valencia,1,1,NA,2019/11/28,2019/11/29,0,"9,3",14
The Art Boutique Colon,2570881,NA,Valencia,1,1,€ 410,2019/11/28,2019/11/29,0,"8,3",14
Austria 4,1605997,NA,Valencia,1,1,€ 49,2019/11/28,2019/11/29,0,9,14
Friendly Rentals Torrealba,1634243,NA,Valencia,1,1,€ 130,2019/11/28,2019/11/29,0,"9,3",14
Rooms Ciencias,94126,NA,Valencia,1,1,€ 50,2019/11/28,2019/11/29,0,9,14
Blanq Comedias,4922002,NA,Valencia,1,1,€ 50,2019/11/28,2019/11/29,0,9,14
Duplex en Blasco Ibáñez,3672426,NA,Valencia,1,1,€ 132,2019/11/28,2019/11/29,0,9,14
Mon Suites San Martin,2777545,NA,Valencia,1,1,€ 125,2019/11/28,2019/11/29,0,"9,4",14
UP Hostel Valencia,1710137,NA,Valencia,1,1,€ 24,2019/11/28,2019/11/29,0,"7,7",14
Gabbeach Valencia Apartment,2595230,NA,Valencia,1,1,NA,2019/11/28,2019/11/29,0,9,14
chicrooms,5696677,NA,Valencia,1,1,€ 35,2019/11/28,2019/11/29,0,"4,7",14
Masatepe Room Valencia,5687127,NA,Valencia,1,1,€ 25,2019/11/28,2019/11/29,0,"7,9",14
Pensión Universal,304276,NA,Valencia,1,1,€ 27,2019/11/28,2019/11/29,0,"7,9",14
Guest House Duc de Gaeta,2275007,NA,Valencia,1,1,€ 35,2019/11/28,2019/11/29,0,"4,9",14
Valenciaflats Ciudad de las Ciencias,93676,NA,Valencia,1,1,€ 54,2019/11/28,2019/11/29,0,"9,1",14
Cómoda habitación Valencia,4200488,NA,Valencia,1,1,NA,2019/11/28,2019/11/29,0,"9,5",14
Malvarosa,3820590,NA,Valencia,1,1,€ 90,2019/11/28,2019/11/29,0,"3,9",14
Tu BedAndBreakFast con Encanto en Valencia,5777187,NA,Valencia,1,1,€ 40,2019/11/28,2019/11/29,0,,14
Valencia- habitacion,5366858,NA,Valencia,1,1,€ 45,2019/11/28,2019/11/29,0,,14
Aparment Canarias,3753027,NA,Valencia,1,1,€ 49,2019/11/28,2019/11/29,0,,14
Aventura,5567318,NA,Valencia,1,1,€ 30,2019/11/28,2019/11/29,0,"7,9",14
Habitaciones Barra89,1076252,NA,Valencia,1,1,€ 31,2019/11/28,2019/11/29,0,"7,9",14
Reina,2501879,NA,Valencia,1,1,NA,2019/11/28,2019/11/29,0,9,14
Comoda habitacion,5695905,NA,Valencia,1,1,€ 58,2019/11/28,2019/11/29,0,,14
SingularStays Quevedo,3788671,NA,Valencia,1,1,NA,2019/11/28,2019/11/29,0,9,14
Hostal Venecia,92883,NA,Valencia,1,1,€ 56,2019/11/28,2019/11/29,2,"9,1",14
Valenciaflats Mercado Central,307677,NA,Valencia,1,1,€ 60,2019/11/28,2019/11/29,0,9,14
Una Ubicacion Perfecta,3114164,NA,Valencia,1,1,€ 60,2019/11/28,2019/11/29,0,"9,2",14
Cabanyal Apartments Beach,5402234,NA,Valencia,1,1,€ 60,2019/11/28,2019/11/29,0,,14
Ciudade de Las Artes,5681064,NA,Valencia,1,1,€ 60,2019/11/28,2019/11/29,0,,14
HoGraFic,5739228,NA,Valencia,1,1,€ 61,2019/11/28,2019/11/29,2,,14
vosotros sereis parte de mi familia.,5299568,NA,Valencia,1,1,€ 65,2019/11/28,2019/11/29,0,,14
Kasa Katia Eco Guest House,636256,NA,Valencia,1,1,€ 60,2019/11/28,2019/11/29,0,"9,3",14
NWT Central Station Apartments,3964093,NA,Valencia,1,1,€ 79,2019/11/28,2019/11/29,0,"8,2",14
Silken Puerta Valencia,91182,NA,Valencia,1,1,€ 85,2019/11/28,2019/11/29,4,"8,3",14
12 Carrer del Bisbe,4681037,NA,Valencia,1,1,NA,2019/11/28,2019/11/29,0,9,14
Hostal Penalty,189209,NA,Valencia,1,1,€ 85,2019/11/28,2019/11/29,1,8,14
Maison Reina B&B,5004812,NA,Valencia,1,1,€ 60,2019/11/28,2019/11/29,0,"9,2",14
Mon Suites San Nicolas,4117225,NA,Valencia,1,1,€ 63,2019/11/28,2019/11/29,0,"9,1",14
Disfruta - Enjoy Valencia Ayuntamiento,4901194,NA,Valencia,1,1,NA,2019/11/28,2019/11/29,0,"9,6",14
Hostal Moratin,326015,NA,Valencia,1,1,€ 28,2019/11/28,2019/11/29,1,"7,8",14
Hostal On Dormire Valencia,432305,NA,Valencia,1,1,€ 35,2019/11/28,2019/11/29,0,"7,8",14
Apartamentos Dormavalencia,4450983,NA,Valencia,1,1,€ 86,2019/11/28,2019/11/29,0,"8,3",14
Habitacion Apartamento soleado Plaza Escultor Frechina,4865043,NA,Valencia,1,1,€ 35,2019/11/28,2019/11/29,0,"7,7",14
Valencia Apartamentos DEL MAR,5421626,NA,Valencia,1,1,€ 116,2019/11/28,2019/11/29,0,10,14
Rest room Evi,5710566,NA,Valencia,1,1,€ 33,2019/11/28,2019/11/29,0,"9,5",14
Hotel Conqueridor,91047,NA,Valencia,1,1,€ 90,2019/11/28,2019/11/29,4,"8,4",14
PLAYA POBLA DE FARNALS,5508533,NA,Valencia,1,1,NA,2019/11/28,2019/11/29,0,10,14
Apartamento Ciudad de las Artes y las Ciencias,4353552,NA,Valencia,1,1,€ 90,2019/11/28,2019/11/29,0,"8,1",14
NH Valencia Las Artes,90731,NA,Valencia,1,1,€ 92,2019/11/28,2019/11/29,4,"8,4",14
United Colors of Apartments Boutique Style,5372347,NA,Valencia,1,1,€ 65,2019/11/28,2019/11/29,0,"9,1",14
Comfort Homestay,5423155,NA,Valencia,1,1,€ 67,2019/11/28,2019/11/29,0,9,14
Apartamentos Navío,5647176,NA,Valencia,1,1,€ 60,2019/11/28,2019/11/29,0,"9,6",14
Ramirez Flats & Bar,4124528,NA,Valencia,1,1,€ 62,2019/11/28,2019/11/29,0,"9,5",14
Live in Chianti,2227491,NA,Valencia,1,1,€ 68,2019/11/28,2019/11/29,0,"9,1",14
Habitación Céntrica en Casa de Familia,4289877,NA,Valencia,1,1,€ 35,2019/11/28,2019/11/29,0,"7,7",14
Mon Suites Catedral,485679,NA,Valencia,1,1,€ 69,2019/11/28,2019/11/29,0,"9,2",14
Apartamentos Wallace,1698355,NA,Valencia,1,1,€ 69,2019/11/28,2019/11/29,0,"9,2",14
Hospederia del Pilar,327766,NA,Valencia,1,1,€ 36,2019/11/28,2019/11/29,0,"7,9",14
Rooms Valencia Center,5507857,NA,Valencia,1,1,€ 37,2019/11/28,2019/11/29,0,"7,8",14
APARTAMENTO CENTRICO. WI-FI. PARKING,2967593,NA,Valencia,1,1,€ 70,2019/11/28,2019/11/29,0,"9,1",14
Calle de Frederica Montseny 'Política' Casa o chalet,5152866,NA,Valencia,1,1,€ 65,2019/11/28,2019/11/29,0,"9,6",14
Barracart Apartments,2125836,NA,Valencia,1,1,NA,2019/11/28,2019/11/29,0,"9,6",14
Cabanyal Apartment con patio,4323384,NA,Valencia,1,1,€ 69,2019/11/28,2019/11/29,0,"9,5",14
Casa los Peces,3234194,NA,Valencia,1,1,€ 95,2019/11/28,2019/11/29,0,"8,2",14
Precioso apartamento al lado de la playa,3370990,NA,Valencia,1,1,NA,2019/11/28,2019/11/29,0,"9,2",14
Loft zona Pechina en Valencia centro,2524985,NA,Valencia,1,1,€ 73,2019/11/28,2019/11/29,0,"9,1",14
Apartamento bianca,3205847,NA,Valencia,1,1,€ 74,2019/11/28,2019/11/29,0,"9,1",14
Luminoso piso + balcón en Valencia,4615515,NA,Valencia,1,1,NA,2019/11/28,2019/11/29,0,"9,4",14
Voyagers Inn Homestay,2682156,NA,Valencia,1,1,€ 38,2019/11/28,2019/11/29,0,"7,7",14
Loft Duplex Valencia Centro,4060198,NA,Valencia,1,1,€ 74,2019/11/28,2019/11/29,0,"9,3",14
Rio Turia B&B,5531073,NA,Valencia,1,1,€ 38,2019/11/28,2019/11/29,0,"7,6",14
Habitacion por dias Centro Valencia,3977106,NA,Valencia,1,1,€ 39,2019/11/28,2019/11/29,0,"7,8",14
Apartments Sollana Near the Turia Park Valencia,5546417,NA,Valencia,1,1,€ 74,2019/11/28,2019/11/29,0,9,14
Biopark View Apartment,2381901,NA,Valencia,1,1,€ 75,2019/11/28,2019/11/29,0,9,14
Valencia City Host,1177077,NA,Valencia,1,1,€ 37,2019/11/28,2019/11/29,0,"7,7",14
Ciudad Ciencias- Lujo- Parking- Wi-Fi.,4999636,NA,Valencia,1,1,€ 70,2019/11/28,2019/11/29,0,"9,8",14
LOFT apartamento duplex en Valencia con parking gratis,5519008,NA,Valencia,1,1,€ 70,2019/11/28,2019/11/29,0,"9,9",14
Apartments Welcome to Valencia Peset Aleixandre 69,4964856,NA,Valencia,1,1,€ 97,2019/11/28,2019/11/29,0,"8,4",14
Habitaciones Rusafa,5604325,NA,Valencia,1,1,€ 40,2019/11/28,2019/11/29,0,"7,6",14
Valencia Lounge Hostel,337203,NA,Valencia,1,1,€ 38,2019/11/28,2019/11/29,0,"7,7",14
Eurostars Rey Don Jaime,91520,NA,Valencia,1,1,€ 98,2019/11/28,2019/11/29,4,"8,2",14
Apartment Valencia,348555,NA,Valencia,1,1,€ 99,2019/11/28,2019/11/29,0,8,14
La Morella del Carmen,5188541,NA,Valencia,1,1,NA,2019/11/28,2019/11/29,0,"9,4",14
Apartamento Forn dels Apòstols,3122008,NA,Valencia,1,1,NA,2019/11/28,2019/11/29,0,"9,6",14
Opera House Valencia B&B,3533887,NA,Valencia,1,1,€ 72,2019/11/28,2019/11/29,0,"9,5",14
HOSPEDAJE PESET,4718074,NA,Valencia,1,1,€ 40,2019/11/28,2019/11/29,0,"7,5",14
Casual Civilizaciones Valencia,449777,NA,Valencia,1,1,€ 41,2019/11/28,2019/11/29,0,"7,9",14
Valencian Dreams,3268804,NA,Valencia,1,1,€ 75,2019/11/28,2019/11/29,0,"9,5",14
Habitación San Cayetano,4624401,NA,Valencia,1,1,€ 45,2019/11/28,2019/11/29,0,"7,5",14
Attic Rooms in Botánico,5522932,NA,Valencia,1,1,€ 45,2019/11/28,2019/11/29,0,"7,7",14
Preciosos Apartamentos en el Carmen,2918345,NA,Valencia,1,1,€ 100,2019/11/28,2019/11/29,0,8,14
Patacona Green Flats,292996,NA,Valencia,1,1,€ 43,2019/11/28,2019/11/29,0,"7,6",14
Apartments Downtown Valencia,2250421,NA,Valencia,1,1,€ 80,2019/11/28,2019/11/29,0,"9,6",14
Olympia Flats,4212801,NA,Valencia,1,1,€ 40,2019/11/28,2019/11/29,0,"9,7",14
City Center Apartment,5084891,NA,Valencia,1,1,€ 102,2019/11/28,2019/11/29,0,"8,3",14
Apartamentos Sollana 18 Cerca de les Arts i les Ciencies Valencia- FREE WI-FI,5232423,NA,Valencia,1,1,€ 103,2019/11/28,2019/11/29,0,"8,3",14
Lindala,5250762,NA,Valencia,1,1,€ 89,2019/11/28,2019/11/29,0,"9,5",14
L'Esplai Valencia Bed & Breakfast,1282556,NA,Valencia,1,1,€ 91,2019/11/28,2019/11/29,0,"9,5",14
Apartment Cisneros 2,2361375,NA,Valencia,1,1,NA,2019/11/28,2019/11/29,0,"9,7",14
Flats Piera Valencia Center,1490563,NA,Valencia,1,1,€ 95,2019/11/28,2019/11/29,0,"9,7",14
Céntrico y acogedor,4442222,NA,Valencia,1,1,NA,2019/11/28,2019/11/29,0,"9,3",14
Casa La Buhardilla,2985364,NA,Valencia,1,1,€ 97,2019/11/28,2019/11/29,0,"9,6",14
Apartamento frente al mar,3060802,NA,Valencia,1,1,€ 105,2019/11/28,2019/11/29,0,"8,2",14
Friendly Rentals Puerto Deportivo,2317861,NA,Valencia,1,1,€ 105,2019/11/28,2019/11/29,0,"8,2",14
Primus Valencia,331871,NA,Valencia,1,1,€ 114,2019/11/28,2019/11/29,4,"8,3",14
NH Valencia Center,90727,NA,Valencia,1,1,€ 114,2019/11/28,2019/11/29,4,"8,3",14
Carrer de María Montessori,3272386,NA,Valencia,1,1,€ 120,2019/11/28,2019/11/29,0,"8,2",14
Bubuflats Bubu 3,1014334,NA,Valencia,1,1,€ 100,2019/11/28,2019/11/29,0,"9,5",14
ÁTICO EN EL CENTRO DE VALENCIA VT-45939-T,4752815,NA,Valencia,1,1,€ 100,2019/11/28,2019/11/29,0,"9,6",14
Flight Mode Ruzafa,5473258,NA,Valencia,1,1,€ 100,2019/11/28,2019/11/29,0,"9,7",14
Hotel Cosmo,4838858,NA,Valencia,1,1,€ 108,2019/11/28,2019/11/29,3,"9,7",14
Apartamento Bolseria 28,881275,NA,Valencia,1,1,NA,2019/11/28,2019/11/29,0,"9,5",14
YOU & CO. Saler Beach Boutique,4533007,NA,Valencia,1,1,€ 42,2019/11/28,2019/11/29,3,"8,9",14
Zerka Centro,4425975,NA,Valencia,1,1,€ 129,2019/11/28,2019/11/29,0,"8,4",14
Ático Oasis de Ruzafa,2639518,NA,Valencia,1,1,NA,2019/11/28,2019/11/29,0,9,14
TTdSSa VLC: Plaza Cisneros- 2- 5 pax 3 Bedrooms,4069293,NA,Valencia,1,1,€ 111,2019/11/28,2019/11/29,0,"9,5",14
RUZAFA- CENTRO-A/C- WI-FI- PARKING,2885994,NA,Valencia,1,1,€ 120,2019/11/28,2019/11/29,0,"9,7",14
Minimalist room with balcony.FREE bikes & coffee 1,5776697,NA,Valencia,1,1,€ 65,2019/11/28,2019/11/29,0,,14
Loft Valencia,5821610,NA,Valencia,1,1,€ 70,2019/11/28,2019/11/29,0,,14
Lola Apartment Encorts,2016138,NA,Valencia,1,1,NA,2019/11/28,2019/11/29,0,9,14
Casa Calle Conquista,4691493,NA,Valencia,1,1,€ 130,2019/11/28,2019/11/29,0,"9,5",14
La seda stay,3335523,NA,Valencia,1,1,€ 135,2019/11/28,2019/11/29,0,"9,6",14
Friendly Rentals Verdi,1634232,NA,Valencia,1,1,€ 130,2019/11/28,2019/11/29,0,"8,1",14
Friendly Rentals Desplat,4120221,NA,Valencia,1,1,€ 140,2019/11/28,2019/11/29,0,"8,3",14
Dreams Rental Town Hall,866934,NA,Valencia,1,1,€ 170,2019/11/28,2019/11/29,0,"8,1",14
Disfruta - Enjoy Valencia Ruzafa,3890328,NA,Valencia,1,1,€ 159,2019/11/28,2019/11/29,0,"9,6",14
Bonito Apartamento- confortable y bien comunicado,5572090,NA,Valencia,1,1,€ 72,2019/11/28,2019/11/29,0,,14
Lonja de la Seda- Apartments,5780809,NA,Valencia,1,1,€ 72,2019/11/28,2019/11/29,0,,14
Loft el Carmen amazing views,4932621,NA,Valencia,1,1,€ 172,2019/11/28,2019/11/29,0,"8,1",14
Turia Guesthouse - B&B,2884427,NA,Valencia,1,1,€ 265,2019/11/28,2019/11/29,0,"8,2",14
Homestay Carrer Sagun,5006434,NA,Valencia,1,1,€ 44,2019/11/28,2019/11/29,0,"8,8",14
Piso en barrio del Carmen cerca de Plaza Virgen,3421713,NA,Valencia,1,1,NA,2019/11/28,2019/11/29,0,"9,7",14
Quart Youth Hostel,476418,NA,Valencia,1,1,€ 45,2019/11/28,2019/11/29,0,"8,6",14
Apartment Madrina Suites,5791814,NA,Valencia,1,1,€ 75,2019/11/28,2019/11/29,0,,14
Loft Turia Gran,5133726,NA,Valencia,1,1,€ 80,2019/11/28,2019/11/29,0,,14
Balcón Al Mar,295109,NA,Valencia,1,1,€ 43,2019/11/28,2019/11/29,0,"8,5",14
Arts & Sciences Museum/Beach wifi,5735573,NA,Valencia,1,1,€ 85,2019/11/28,2019/11/29,0,,14
Kirei Apartment Dublin,4639542,NA,Valencia,1,1,€ 86,2019/11/28,2019/11/29,0,,14
Hulot B&B Valencia,585429,NA,Valencia,1,1,€ 49,2019/11/28,2019/11/29,0,"8,5",14
Comfort Room(AVEValencia),5696103,NA,Valencia,1,1,€ 49,2019/11/28,2019/11/29,0,"8,6",14
Casa tipica en la playa,2532733,NA,Valencia,1,1,NA,2019/11/28,2019/11/29,0,9,14
IDEAL Y CERCA DEL CASCO ANTIGUO.NEAR OLD TOWN.,4494959,NA,Valencia,1,1,€ 90,2019/11/28,2019/11/29,0,,14
Loft en Ruzafa,5739487,NA,Valencia,1,1,€ 102,2019/11/28,2019/11/29,0,,14
Hotel Malcom and Barret,483261,NA,Valencia,1,1,€ 50,2019/11/28,2019/11/29,3,"8,7",14
EL ATICO,5680427,NA,Valencia,1,1,€ 107,2019/11/28,2019/11/29,0,,14
Dreams Rental Valencia Catedral,1541067,NA,Valencia,1,1,€ 115,2019/11/28,2019/11/29,0,,14
Beautiful Apartment Montcada 26 FREE WIFI,5788841,NA,Valencia,1,1,€ 115,2019/11/28,2019/11/29,0,,14
Suit AVE (Valencia),5726860,NA,Valencia,1,1,€ 130,2019/11/28,2019/11/29,0,,14
Russafa Youth Hostel,345134,NA,Valencia,1,1,€ 47,2019/11/28,2019/11/29,0,"8,6",14
Casa Cabañal,2436758,NA,Valencia,1,1,NA,2019/11/28,2019/11/29,0,9,14
Total Valencia Lonja,2263771,NA,Valencia,1,1,NA,2019/11/28,2019/11/29,0,"9,2",14
B&B Hi Valencia Boutique,1301725,NA,Valencia,1,1,€ 51,2019/11/28,2019/11/29,0,"8,7",14
Piso cercano al centro ( 5 min BUS),5607299,NA,Valencia,1,1,€ 140,2019/11/28,2019/11/29,0,,14
ACOGEDOR - CON TERRAZA - EN EL PLENO CENTRO,5715086,NA,Valencia,1,1,€ 150,2019/11/28,2019/11/29,0,,14
Beach Luxury Apartment,5722332,NA,Valencia,1,1,€ 160,2019/11/28,2019/11/29,0,,14
The White Apartment: Luxury- Beach and Design,5631365,NA,Valencia,1,1,€ 167,2019/11/28,2019/11/29,0,,14
Luxury Port Aparment,5722648,NA,Valencia,1,1,€ 170,2019/11/28,2019/11/29,0,,14
Soho Valencia,1538641,NA,Valencia,1,1,€ 52,2019/11/28,2019/11/29,0,"8,9",14
Hotel Olympia Universidades,1301731,NA,Valencia,1,1,€ 52,2019/11/28,2019/11/29,3,"8,5",14
LUXURIOUS & ALLURING HOME IN HISTORIC TOWN (VALENCIA),5734898,NA,Valencia,1,1,€ 180,2019/11/28,2019/11/29,0,,14
15 Avinguda Mare Nostrum,4518973,NA,Valencia,1,1,NA,2019/11/28,2019/11/29,0,"9,1",14
Apartment Passeig de la Petxina,5695771,NA,Valencia,1,1,€ 195,2019/11/28,2019/11/29,0,,14
Dreams Rental Oceanografico,387785,NA,Valencia,1,1,€ 235,2019/11/28,2019/11/29,0,,14
Habitacion en Valencia Barata,4861796,NA,Valencia,1,1,€ 40,2019/11/28,2019/11/29,0,"8,2",14
Turia Town,4064373,NA,Valencia,1,1,€ 53,2019/11/28,2019/11/29,0,"8,8",14
Red Nest Hostel,92283,NA,Valencia,1,1,€ 38,2019/11/28,2019/11/29,0,"8,2",14
Apartamento Ruzafa Centro I,2006333,NA,Valencia,1,1,NA,2019/11/28,2019/11/29,0,"9,2",14
Apartment Carrer de Josep Aguirre,5646705,NA,Valencia,1,1,€ 608,2019/11/28,2019/11/29,0,,14
Habitaciones Valero,3735725,NA,Valencia,1,1,€ 45,2019/11/28,2019/11/29,0,"8,1",14
Apartamento de lujo con terraza,5240138,NA,Valencia,1,1,€ 770,2019/11/28,2019/11/29,0,,14
Apartamento con terraza,5238122,NA,Valencia,1,1,€ 775,2019/11/28,2019/11/29,0,,14
Hostal Abastos,257057,NA,Valencia,1,1,€ 45,2019/11/28,2019/11/29,2,"8,2",14
Purple Nest Hostel,25278,NA,Valencia,1,1,€ 42,2019/11/28,2019/11/29,0,"8,2",14
Hotel San Lorenzo Boutique,1307718,NA,Valencia,1,1,€ 54,2019/11/28,2019/11/29,3,"8,6",14
Buho House,3777691,NA,Valencia,1,1,€ 54,2019/11/28,2019/11/29,0,"8,5",14
Pension MonaLisa Luxury Suites,3834224,NA,Valencia,1,1,€ 48,2019/11/28,2019/11/29,0,"8,2",14
Center Valencia,2944722,NA,Valencia,1,1,NA,2019/11/28,2019/11/29,0,"9,3",14
Moon Valencia,3560698,NA,Valencia,1,1,€ 54,2019/11/28,2019/11/29,0,"8,8",14
Coroa Malvarrosa,1638172,NA,Valencia,1,1,€ 48,2019/11/28,2019/11/29,0,"8,2",14
Dormavalencia Hostel Regne,291755,NA,Valencia,1,1,€ 49,2019/11/28,2019/11/29,1,8,14
Valenciaflats Centro Histórico,94781,NA,Valencia,1,1,€ 54,2019/11/28,2019/11/29,0,"8,7",14
Center City Flats,861452,NA,Valencia,1,1,NA,2019/11/28,2019/11/29,0,9,14
United Colors of Apartments - Catedral,1301545,NA,Valencia,1,1,€ 50,2019/11/28,2019/11/29,0,"8,2",14
Original Domino House,5434091,NA,Valencia,1,1,€ 55,2019/11/28,2019/11/29,0,"8,7",14
Zalamera BnB,1331238,NA,Valencia,1,1,€ 52,2019/11/28,2019/11/29,0,"8,7",14
Dormavalencia Hostel,249585,NA,Valencia,1,1,€ 50,2019/11/28,2019/11/29,1,"8,2",14
Casa del Patriarca,364834,NA,Valencia,1,1,€ 57,2019/11/28,2019/11/29,0,"8,9",14
Apartamentos Valencia,1007682,NA,Valencia,1,1,€ 50,2019/11/28,2019/11/29,0,"8,1",14
Apartamentos Plaza Picasso,97063,NA,Valencia,1,1,€ 59,2019/11/28,2019/11/29,0,"8,5",14
Valencia City Center New Apartments,1042326,NA,Valencia,1,1,NA,2019/11/28,2019/11/29,0,"9,1",14
Apartamentos Marina Beach,2661874,NA,Valencia,1,1,€ 50,2019/11/28,2019/11/29,0,"8,2",14
Apartamento Jesus De Medinaceli,1728697,NA,Valencia,1,1,€ 60,2019/11/28,2019/11/29,0,"8,6",14
Style Apartments Puerto,1558265,NA,Valencia,1,1,€ 46,2019/11/28,2019/11/29,0,"8,1",14
Sabía que venias!,3543756,NA,Valencia,1,1,€ 60,2019/11/28,2019/11/29,0,"8,5",14
Happy Apartments Valencia – Lope de Vega,575582,NA,Valencia,1,1,€ 52,2019/11/28,2019/11/29,0,"8,1",14
better Oh!,4843954,NA,Valencia,1,1,NA,2019/11/28,2019/11/29,0,"9,1",14
Pio XII Apartments Valencia,402080,NA,Valencia,1,1,€ 63,2019/11/28,2019/11/29,0,"8,5",14
Reina Rooms,4211140,NA,Valencia,1,1,€ 64,2019/11/28,2019/11/29,0,"8,9",14
Living Valencia - Tetuán,3217954,NA,Valencia,1,1,€ 52,2019/11/28,2019/11/29,0,"8,1",14
Petit Palomar,2187491,NA,Valencia,1,1,€ 65,2019/11/28,2019/11/29,0,"8,9",14
Up Town,2244083,NA,Valencia,1,1,€ 53,2019/11/28,2019/11/29,0,"8,2",14
Happy Apartments Valencia,456043,NA,Valencia,1,1,€ 54,2019/11/28,2019/11/29,0,"8,2",14
Urban Youth Hostel,1163025,NA,Valencia,1,1,€ 50,2019/11/28,2019/11/29,0,"8,4",14
Valero Vintage,3315727,NA,Valencia,1,1,€ 55,2019/11/28,2019/11/29,0,8,14
Apartamentos En Plom,3666575,NA,Valencia,1,1,€ 55,2019/11/28,2019/11/29,0,"8,1",14
Patacona Beach,1411088,NA,Valencia,1,1,NA,2019/11/28,2019/11/29,0,"9,4",14
Aparthotel Valencia Rental,17344,NA,Valencia,1,1,€ 51,2019/11/28,2019/11/29,0,8,14
Hotel Villacarlos,90730,NA,Valencia,1,1,€ 52,2019/11/28,2019/11/29,3,8,14
Sweet Hotel Renasa,274818,NA,Valencia,1,1,€ 59,2019/11/28,2019/11/29,3,8,14
El Coso,14580,NA,Valencia,1,1,€ 53,2019/11/28,2019/11/29,3,"8,2",14
Apartment Vicent,1674495,NA,Valencia,1,1,€ 60,2019/11/28,2019/11/29,0,"8,3",14
