name,propertyId,propertyType,city,rooms,days,price,checkIn,checkOut,stars,score,advance
Aparment Canarias,3753027,NA,Valencia,1,1,€ 49,2019/12/30,2019/12/31,0,"2,6",30
Valencia- habitacion,5366858,NA,Valencia,1,1,€ 45,2019/12/30,2019/12/31,0,,30
PLAYA POBLA DE FARNALS,5508533,NA,Valencia,1,1,NA,2019/12/30,2019/12/31,0,"9,8",30
Habitacion doble en piso compartido,5645604,NA,Valencia,1,1,€ 46,2019/12/30,2019/12/31,0,,30
Valenciaflats Ciudad de las Ciencias,93676,NA,Valencia,1,1,€ 189,2019/12/30,2019/12/31,0,"9,1",30
Habitaciones económicas,5801844,NA,Valencia,1,1,€ 50,2019/12/30,2019/12/31,0,,30
vosotros sereis parte de mi familia.,5299568,NA,Valencia,1,1,€ 60,2019/12/30,2019/12/31,0,,30
habitaciones mercat de ruzafa,5881952,NA,Valencia,1,1,€ 80,2019/12/30,2019/12/31,0,,30
A Casa Martínez,5878377,NA,Valencia,1,1,€ 80,2019/12/30,2019/12/31,0,,30
Las Arenas Balneario Resort,91144,NA,Valencia,1,1,NA,2019/12/30,2019/12/31,5,9,30
Apartamento Playa Wifi Gratis,3495634,NA,Valencia,1,1,€ 240,2019/12/30,2019/12/31,0,"9,3",30
Minimalist room with balcony.FREE bikes & coffee 1,5776697,NA,Valencia,1,1,€ 85,2019/12/30,2019/12/31,0,,30
Ciudad de Las Artes,5681064,NA,Valencia,1,1,€ 90,2019/12/30,2019/12/31,0,,30
Carrer de l'Arquitecte Alfaro 27 bajo derecha,4353398,NA,Valencia,1,1,€ 102,2019/12/30,2019/12/31,0,,30
Loft en Ruzafa,5739487,NA,Valencia,1,1,€ 102,2019/12/30,2019/12/31,0,,30
EL ATICO,5680427,NA,Valencia,1,1,€ 107,2019/12/30,2019/12/31,0,,30
Splendid house in Valencia,3091182,NA,Valencia,1,1,NA,2019/12/30,2019/12/31,0,"9,1",30
Lonja de la Seda- Apartments,5780809,NA,Valencia,1,1,€ 108,2019/12/30,2019/12/31,0,,30
CASA MARQUES DE CARO,4472176,NA,Valencia,1,1,€ 121,2019/12/30,2019/12/31,0,,30
Apartment Madrina Suites,5791814,NA,Valencia,1,1,€ 150,2019/12/30,2019/12/31,0,,30
The White Apartment: Luxury- Beach and Design,5631365,NA,Valencia,1,1,€ 167,2019/12/30,2019/12/31,0,,30
Apartment Passeig de la Petxina,5695771,NA,Valencia,1,1,€ 195,2019/12/30,2019/12/31,0,,30
Charming Apartment with Terrace,5715086,NA,Valencia,1,1,€ 200,2019/12/30,2019/12/31,0,,30
OCEANOGRAFIC APARTMENT. PARKING. WI-FI,3107716,NA,Valencia,1,1,NA,2019/12/30,2019/12/31,0,9,30
Hotel Helen Berger,5159105,NA,Valencia,1,1,NA,2019/12/30,2019/12/31,4,,30
Apartamento de lujo con terraza,5240138,NA,Valencia,1,1,€ 770,2019/12/30,2019/12/31,0,,30
Palacio Vallier 5*,4639648,NA,Valencia,1,1,NA,2019/12/30,2019/12/31,5,10,30
L'Esplai Valencia Bed & Breakfast,1282556,NA,Valencia,1,1,€ 119,2019/12/30,2019/12/31,0,"9,5",30
Lounge by the sea,4756780,NA,Valencia,1,1,NA,2019/12/30,2019/12/31,0,"9,8",30
Flight Mode Ruzafa,5473258,NA,Valencia,1,1,€ 120,2019/12/30,2019/12/31,0,"9,8",30
Olympia Flats,4212801,NA,Valencia,1,1,€ 75,2019/12/30,2019/12/31,0,"9,7",30
Apartments Downtown Valencia,2250421,NA,Valencia,1,1,€ 160,2019/12/30,2019/12/31,0,"9,6",30
Ramirez Flats & Bar,4124528,NA,Valencia,1,1,€ 189,2019/12/30,2019/12/31,0,"9,5",30
Hotel Cosmo,4838858,NA,Valencia,1,1,NA,2019/12/30,2019/12/31,3,"9,7",30
Opera House Valencia B&B,3533887,NA,Valencia,1,1,NA,2019/12/30,2019/12/31,0,"9,5",30
Cantagua Hostel,4074640,NA,Valencia,1,1,€ 44,2019/12/30,2019/12/31,0,"9,1",30
Hostal Venecia,92883,NA,Valencia,1,1,NA,2019/12/30,2019/12/31,2,"9,1",30
Apartamentos Edificio Palomar,189277,NA,Valencia,1,1,€ 89,2019/12/30,2019/12/31,0,"9,2",30
MOM La Punta,3105661,NA,Valencia,1,1,€ 89,2019/12/30,2019/12/31,0,"9,4",30
Rooms Ciencias,94126,NA,Valencia,1,1,€ 95,2019/12/30,2019/12/31,0,9,30
VLC Downtown Flats,4637615,NA,Valencia,1,1,€ 110,2019/12/30,2019/12/31,0,"8,8",30
Barracart Apartments,2125836,NA,Valencia,1,1,NA,2019/12/30,2019/12/31,0,"9,6",30
La casita de Palomar,2132386,NA,Valencia,1,1,€ 99,2019/12/30,2019/12/31,0,"9,3",30
BUBUSUITES by Bubuflats,2389776,NA,Valencia,1,1,€ 99,2019/12/30,2019/12/31,0,"9,3",30
OCEANOGRAFIC DELUXE- PARKING- WI-FI,4095746,NA,Valencia,1,1,€ 100,2019/12/30,2019/12/31,0,"9,1",30
Burjassot Mestalla,3058627,NA,Valencia,1,1,€ 110,2019/12/30,2019/12/31,0,"8,6",30
Port Valencia Center,5259971,NA,Valencia,1,1,NA,2019/12/30,2019/12/31,0,"9,8",30
Friendly Rentals Brade,1918694,NA,Valencia,1,1,€ 110,2019/12/30,2019/12/31,0,"8,9",30
15 Avinguda Mare Nostrum,4518973,NA,Valencia,1,1,€ 100,2019/12/30,2019/12/31,0,"9,2",30
Forn desamparats,2380447,NA,Valencia,1,1,€ 105,2019/12/30,2019/12/31,0,"9,4",30
Hotel Valencia Alameda,4019381,NA,Valencia,1,1,NA,2019/12/30,2019/12/31,4,"9,1",30
BONNIES Suites & Spa Valencia,3631910,NA,Valencia,1,1,NA,2019/12/30,2019/12/31,0,"9,8",30
Teixidors de Palomar,2639791,NA,Valencia,1,1,€ 109,2019/12/30,2019/12/31,0,"9,3",30
Mon Suites San Nicolas,4117225,NA,Valencia,1,1,€ 120,2019/12/30,2019/12/31,0,"9,1",30
Live in Chianti,2227491,NA,Valencia,1,1,€ 120,2019/12/30,2019/12/31,0,"9,1",30
Mon Suites Catedral,485679,NA,Valencia,1,1,€ 121,2019/12/30,2019/12/31,0,"9,2",30
Hotel Boutique Balandret,1281710,NA,Valencia,1,1,NA,2019/12/30,2019/12/31,3,"9,2",30
Valenciaflats Mercado Central,307677,NA,Valencia,1,1,€ 143,2019/12/30,2019/12/31,0,9,30
La seda stay,3335523,NA,Valencia,1,1,NA,2019/12/30,2019/12/31,0,"9,7",30
Citizentral Juristas,1113127,NA,Valencia,1,1,€ 135,2019/12/30,2019/12/31,0,"9,2",30
15 Avinguda Mare Nostrum,4518973,NA,Valencia,1,1,€ 100,2019/12/30,2019/12/31,0,"9,2",30
Reina Rooms,4211140,NA,Valencia,1,1,€ 112,2019/12/30,2019/12/31,0,"8,9",30
Pio XII Apartments Valencia,402080,NA,Valencia,1,1,€ 112,2019/12/30,2019/12/31,0,"8,6",30
AC Hotel Valencia,91063,NA,Valencia,1,1,€ 112,2019/12/30,2019/12/31,4,"8,5",30
Barceló Valencia,91988,NA,Valencia,1,1,€ 113,2019/12/30,2019/12/31,4,"8,7",30
Preciosa Casita Cerca Del Mar,4057271,NA,Valencia,1,1,NA,2019/12/30,2019/12/31,0,"9,7",30
Forn desamparats,2380447,NA,Valencia,1,1,€ 105,2019/12/30,2019/12/31,0,"9,4",30
Casual del Cine Valencia,572187,NA,Valencia,1,1,€ 115,2019/12/30,2019/12/31,2,"8,7",30
Eurostars Acteón,90495,NA,Valencia,1,1,€ 116,2019/12/30,2019/12/31,4,"8,5",30
Blanq Carmen Hotel,97069,NA,Valencia,1,1,€ 123,2019/12/30,2019/12/31,3,"8,7",30
Lotelito,570027,NA,Valencia,1,1,€ 124,2019/12/30,2019/12/31,0,"8,9",30
Citizentral Gascons,332095,NA,Valencia,1,1,€ 124,2019/12/30,2019/12/31,0,"8,8",30
Cool Central Market,3424724,NA,Valencia,1,1,NA,2019/12/30,2019/12/31,0,"9,8",30
Hotel Valencia Oceanic Managed by Melia Hotels International,91522,NA,Valencia,1,1,€ 127,2019/12/30,2019/12/31,4,"8,6",30
Hotel Kramer,91106,NA,Valencia,1,1,€ 128,2019/12/30,2019/12/31,3,"8,8",30
Casual Vintage Valencia,1710241,NA,Valencia,1,1,€ 132,2019/12/30,2019/12/31,2,"8,6",30
Jardín Botánico Hotel Boutique,93369,NA,Valencia,1,1,€ 132,2019/12/30,2019/12/31,3,"8,9",30
València Centre Torres de Quart,886289,NA,Valencia,1,1,€ 133,2019/12/30,2019/12/31,0,"8,9",30
Ilunion Aqua 4,92777,NA,Valencia,1,1,€ 133,2019/12/30,2019/12/31,4,"8,6",30
JL Ciudad de las Artes,3074378,NA,Valencia,1,1,NA,2019/12/30,2019/12/31,0,"9,6",30
Soho Valencia,1538641,NA,Valencia,1,1,€ 139,2019/12/30,2019/12/31,0,"8,9",30
Petit Palace Ruzafa,90792,NA,Valencia,1,1,€ 149,2019/12/30,2019/12/31,3,"8,7",30
Friendly Rentals Nyman,3245521,NA,Valencia,1,1,€ 150,2019/12/30,2019/12/31,0,"8,9",30
El Palacete Gran Via,3483148,NA,Valencia,1,1,€ 155,2019/12/30,2019/12/31,0,"8,7",30
Les flors,3985046,NA,Valencia,1,1,€ 156,2019/12/30,2019/12/31,0,"8,7",30
Valenciaflats Centro Histórico,94781,NA,Valencia,1,1,€ 156,2019/12/30,2019/12/31,0,"8,7",30
APARTMENTS VALENCIA CENTER,5180014,NA,Valencia,1,1,NA,2019/12/30,2019/12/31,0,"9,5",30
Petit Palace Plaza de la Reina,90443,NA,Valencia,1,1,€ 159,2019/12/30,2019/12/31,3,"8,7",30
Catalonia Excelsior,90578,NA,Valencia,1,1,NA,2019/12/30,2019/12/31,3,"8,7",30
Melia Plaza Valencia,13270,NA,Valencia,1,1,NA,2019/12/30,2019/12/31,4,"8,9",30
Apartamento Comedias,2236348,NA,Valencia,1,1,NA,2019/12/30,2019/12/31,0,"9,7",30
SH Valencia Palace,91497,NA,Valencia,1,1,NA,2019/12/30,2019/12/31,5,"8,5",30
Teixidors de Palomar,2639791,NA,Valencia,1,1,€ 109,2019/12/30,2019/12/31,0,"9,3",30
Friendly Rentals Vives 2,2523871,NA,Valencia,1,1,€ 170,2019/12/30,2019/12/31,0,"8,9",30
València Centre Túria,2185255,NA,Valencia,1,1,€ 170,2019/12/30,2019/12/31,0,"8,8",30
AC Hotel Colon Valencia,1117150,NA,Valencia,1,1,NA,2019/12/30,2019/12/31,4,"8,7",30
Hotel Dimar,90886,NA,Valencia,1,1,NA,2019/12/30,2019/12/31,4,"8,7",30
La Casa Verde - Ruzafa,2029143,NA,Valencia,1,1,NA,2019/12/30,2019/12/31,0,"9,7",30
Mon Suites San Nicolas,4117225,NA,Valencia,1,1,€ 120,2019/12/30,2019/12/31,0,"9,1",30
Zenit Valencia,92327,NA,Valencia,1,1,NA,2019/12/30,2019/12/31,4,"8,8",30
SH Ingles Boutique Hotel,92956,NA,Valencia,1,1,NA,2019/12/30,2019/12/31,4,"8,5",30
Vincci Palace,94163,NA,Valencia,1,1,NA,2019/12/30,2019/12/31,4,"8,7",30
Edificio Pentagono,4673669,NA,Valencia,1,1,€ 235,2019/12/30,2019/12/31,0,"8,9",30
Hospes Palau de La Mar,93823,NA,Valencia,1,1,NA,2019/12/30,2019/12/31,5,"8,8",30
Apartamento Bolseria 28,881275,NA,Valencia,1,1,NA,2019/12/30,2019/12/31,0,"9,5",30
Valencia City Host,1177077,NA,Valencia,1,1,€ 38,2019/12/30,2019/12/31,0,"7,7",30
Vincci Lys,91183,NA,Valencia,1,1,NA,2019/12/30,2019/12/31,4,"8,9",30
Zerka Sendra,4657122,NA,Valencia,1,1,€ 249,2019/12/30,2019/12/31,0,"8,9",30
ValentiaApartments - MercadoCentral,4185241,NA,Valencia,1,1,€ 260,2019/12/30,2019/12/31,0,"8,8",30
The Westin Valencia,93321,NA,Valencia,1,1,NA,2019/12/30,2019/12/31,5,"8,7",30
SingularStays Parque Central,3054000,NA,Valencia,1,1,€ 385,2019/12/30,2019/12/31,0,"8,8",30
Red Nest Hostel,92283,NA,Valencia,1,1,€ 29,2019/12/30,2019/12/31,0,"8,2",30
Valencia what else...,2550483,NA,Valencia,1,1,NA,2019/12/30,2019/12/31,0,"9,5",30
Habitaciones con Encanto,5629632,NA,Valencia,1,1,€ 30,2019/12/30,2019/12/31,0,"8,2",30
Purple Nest Hostel,25278,NA,Valencia,1,1,€ 30,2019/12/30,2019/12/31,0,"8,2",30
Habitación en Valencia Centro,5418023,NA,Valencia,1,1,€ 35,2019/12/30,2019/12/31,0,"8,1",30
Casa Mati,4217185,NA,Valencia,1,1,€ 40,2019/12/30,2019/12/31,0,"8,2",30
Habitacion en Valencia Barata,4861796,NA,Valencia,1,1,€ 40,2019/12/30,2019/12/31,0,"8,2",30
B&B Hi Valencia Canovas,305349,NA,Valencia,1,1,€ 42,2019/12/30,2019/12/31,0,"8,3",30
Centro en Valencia,2885222,NA,Valencia,1,1,NA,2019/12/30,2019/12/31,0,"9,5",30
Habitacion en Valencia,4861732,NA,Valencia,1,1,€ 45,2019/12/30,2019/12/31,0,"8,2",30
HOSPEDAJE PESET,4718074,NA,Valencia,1,1,€ 40,2019/12/30,2019/12/31,0,"7,5",30
Apartamento Alameda,1698817,NA,Valencia,1,1,NA,2019/12/30,2019/12/31,0,"9,5",30
Hostal On Dormire Valencia,432305,NA,Valencia,1,1,€ 44,2019/12/30,2019/12/31,0,"7,8",30
5 SENSES,3786890,NA,Valencia,1,1,€ 156,2019/12/30,2019/12/31,0,"9,2",30
Hospederia del Pilar,327766,NA,Valencia,1,1,€ 54,2019/12/30,2019/12/31,0,"7,9",30
Como en casa,4802186,NA,Valencia,1,1,€ 54,2019/12/30,2019/12/31,0,"7,9",30
Casual de la Música Valencia,273130,NA,Valencia,1,1,NA,2019/12/30,2019/12/31,2,"7,5",30
Casual Civilizaciones Valencia,449777,NA,Valencia,1,1,€ 60,2019/12/30,2019/12/31,0,"7,9",30
Ático Valencia Centro,4358939,NA,Valencia,1,1,NA,2019/12/30,2019/12/31,0,"9,8",30
Valenciaflats Centro Ciudad,18544,NA,Valencia,1,1,€ 156,2019/12/30,2019/12/31,0,"9,2",30
Valero Vintage,3315727,NA,Valencia,1,1,€ 60,2019/12/30,2019/12/31,0,"7,8",30
Hostal Bisbal,235665,NA,Valencia,1,1,NA,2019/12/30,2019/12/31,1,"7,5",30
Valencia Lounge Hostel,337203,NA,Valencia,1,1,€ 63,2019/12/30,2019/12/31,0,"7,7",30
Rooms Valencia Center,5507857,NA,Valencia,1,1,€ 67,2019/12/30,2019/12/31,0,"7,8",30
Carrer del Músic Peydró- 46 Apartament 5,4216247,NA,Valencia,1,1,€ 69,2019/12/30,2019/12/31,0,"7,9",30
Homely Nest Valencia El Carme,3790877,NA,Valencia,1,1,NA,2019/12/30,2019/12/31,0,"9,8",30
B&B Hotel Valencia Ciudad de las Ciencias,92242,NA,Valencia,1,1,NA,2019/12/30,2019/12/31,3,"7,5",30
Valenciaflats Mercado Central,307677,NA,Valencia,1,1,€ 143,2019/12/30,2019/12/31,0,9,30
Habitación en Valencia,5477394,NA,Valencia,1,1,€ 72,2019/12/30,2019/12/31,0,"7,5",30
Hotel Turia,14441,NA,Valencia,1,1,NA,2019/12/30,2019/12/31,4,"7,5",30
Living Valencia - Cestas,5453512,NA,Valencia,1,1,€ 83,2019/12/30,2019/12/31,0,"7,5",30
Checkin Valencia,93743,NA,Valencia,1,1,NA,2019/12/30,2019/12/31,4,"7,8",30
Expo Hotel Valencia,91223,NA,Valencia,1,1,NA,2019/12/30,2019/12/31,3,"7,6",30
Central Apartment in Valencia with WIFI + Parking.,4557920,NA,Valencia,1,1,NA,2019/12/30,2019/12/31,0,"9,7",30
Center City Flats,861452,NA,Valencia,1,1,€ 154,2019/12/30,2019/12/31,0,9,30
Atico Loft Ruzafa,3152977,NA,Valencia,1,1,NA,2019/12/30,2019/12/31,0,"9,6",30
5 SENSES,3786890,NA,Valencia,1,1,€ 156,2019/12/30,2019/12/31,0,"9,2",30
Ramirez Flats & Bar,4124528,NA,Valencia,1,1,€ 189,2019/12/30,2019/12/31,0,"9,5",30
Valenciaflats Centro Ciudad,18544,NA,Valencia,1,1,€ 156,2019/12/30,2019/12/31,0,"9,2",30
Apartamentos La más Bonita,2816245,NA,Valencia,1,1,€ 158,2019/12/30,2019/12/31,0,9,30
Mediterranean Flats Plaza Redonda,4086496,NA,Valencia,1,1,€ 175,2019/12/30,2019/12/31,0,"9,2",30
Cosy Rooms Tapinería,371192,NA,Valencia,1,1,NA,2019/12/30,2019/12/31,2,"7,5",30
El 16 Ruzafa,865461,NA,Valencia,1,1,€ 89,2019/12/30,2019/12/31,0,"7,7",30
Kirei Apartment Dublin,4639542,NA,Valencia,1,1,€ 92,2019/12/30,2019/12/31,0,"7,8",30
Apartamentos Wallace,1698355,NA,Valencia,1,1,€ 175,2019/12/30,2019/12/31,0,"9,2",30
MAR Y SOL,4652261,NA,Valencia,1,1,NA,2019/12/30,2019/12/31,0,"9,6",30
Apartamentos Edificio Palomar,189277,NA,Valencia,1,1,€ 89,2019/12/30,2019/12/31,0,"9,2",30
Mon Suites San Martin,2777545,NA,Valencia,1,1,€ 178,2019/12/30,2019/12/31,0,"9,4",30
Valenciaflats Ciudad de las Ciencias,93676,NA,Valencia,1,1,€ 189,2019/12/30,2019/12/31,0,"9,1",30
NH Collection Colón Valencia,3828811,NA,Valencia,1,1,NA,2019/12/30,2019/12/31,4,"9,1",30
Caro Hotel,348132,NA,Valencia,1,1,NA,2019/12/30,2019/12/31,5,"9,2",30
Apartamento Playa Wifi Gratis,3495634,NA,Valencia,1,1,€ 240,2019/12/30,2019/12/31,0,"9,3",30
Suites by Eric Olsan (Peset),4726296,NA,Valencia,1,1,€ 94,2019/12/30,2019/12/31,0,"7,5",30
Suites by Eric Olsan (L),4287413,NA,Valencia,1,1,€ 94,2019/12/30,2019/12/31,0,"7,5",30
Ilunion Valencia 3,92818,NA,Valencia,1,1,NA,2019/12/30,2019/12/31,3,"7,9",30
La Morella del Carmen,5188541,NA,Valencia,1,1,NA,2019/12/30,2019/12/31,0,"9,5",30
Adrian's House,2271869,NA,Valencia,1,1,€ 120,2019/12/30,2019/12/31,0,"7,7",30
Balcón Al Mar,295109,NA,Valencia,1,1,€ 60,2019/12/30,2019/12/31,0,"8,5",30
Hotel Malcom and Barret,483261,NA,Valencia,1,1,NA,2019/12/30,2019/12/31,3,"8,7",30
Apartamento Frederick “Centrico y con Clase”,4236394,NA,Valencia,1,1,NA,2019/12/30,2019/12/31,0,"9,6",30
Vincci Mercat,1279484,NA,Valencia,1,1,NA,2019/12/30,2019/12/31,4,9,30
MYR Hotel Plaza Mercado & Spa,1619029,NA,Valencia,1,1,NA,2019/12/30,2019/12/31,3,"9,2",30
MARQUÉS HOUSE 4* SUP,2118880,NA,Valencia,1,1,NA,2019/12/30,2019/12/31,4,"9,4",30
MD Julio Antonio Apartment Center,3961049,NA,Valencia,1,1,€ 437,2019/12/30,2019/12/31,0,"9,1",30
The River Hostel,494202,NA,Valencia,1,1,€ 21,2019/12/30,2019/12/31,0,"8,5",30
Quart Youth Hostel,476418,NA,Valencia,1,1,€ 14,2019/12/30,2019/12/31,0,"8,6",30
Ambrosio Flats Valencia - El Mercat,3131649,NA,Valencia,1,1,NA,2019/12/30,2019/12/31,0,"9,5",30
Rest room Evi,5710566,NA,Valencia,1,1,€ 36,2019/12/30,2019/12/31,0,"8,8",30
Apartamento centro,3160737,NA,Valencia,1,1,NA,2019/12/30,2019/12/31,0,"9,7",30
Home Youth Hostel by Feetup Hostels,189322,NA,Valencia,1,1,€ 71,2019/12/30,2019/12/31,0,"8,8",30
La casita de Palomar,2132386,NA,Valencia,1,1,€ 99,2019/12/30,2019/12/31,0,"9,3",30
ABCyou Bed&Breakfast,189207,NA,Valencia,1,1,€ 74,2019/12/30,2019/12/31,0,"8,5",30
Bianca,4232781,NA,Valencia,1,1,€ 74,2019/12/30,2019/12/31,0,"8,9",30
Valencia maritimo,3020748,NA,Valencia,1,1,€ 75,2019/12/30,2019/12/31,0,"8,9",30
Hotel Olympia Universidades,1301731,NA,Valencia,1,1,NA,2019/12/30,2019/12/31,3,"8,5",30
Casa Botànic - Céntrico y con comodidades,4218273,NA,Valencia,1,1,NA,2019/12/30,2019/12/31,0,"9,8",30
Pensión Alicante,298710,NA,Valencia,1,1,€ 38,2019/12/30,2019/12/31,0,"8,5",30
Estrella de russafa,5352439,NA,Valencia,1,1,€ 45,2019/12/30,2019/12/31,0,"8,8",30
Homestay Carrer Sagun,5006434,NA,Valencia,1,1,€ 47,2019/12/30,2019/12/31,0,"8,8",30
YOU & CO. Saler Beach Boutique,4533007,NA,Valencia,1,1,NA,2019/12/30,2019/12/31,3,"8,9",30
OCEANOGRAFIC DELUXE- PARKING- WI-FI,4095746,NA,Valencia,1,1,€ 100,2019/12/30,2019/12/31,0,"9,1",30
SAN RAMÓN,2238556,NA,Valencia,1,1,€ 80,2019/12/30,2019/12/31,0,"8,8",30
Apartamento Jesus De Medinaceli,1728697,NA,Valencia,1,1,€ 80,2019/12/30,2019/12/31,0,"8,6",30
Russafa Youth Hostel,345134,NA,Valencia,1,1,€ 51,2019/12/30,2019/12/31,0,"8,6",30
Colón Market Downtown,4607745,NA,Valencia,1,1,NA,2019/12/30,2019/12/31,0,"9,6",30
Art&Flats Bed&Breakfast,5238345,NA,Valencia,1,1,€ 55,2019/12/30,2019/12/31,0,"8,7",30
Centro Valencia Calle Cerrajeros,3476261,NA,Valencia,1,1,€ 85,2019/12/30,2019/12/31,0,"7,1",30
Guest House Samuel Ros,4161855,NA,Valencia,1,1,€ 90,2019/12/30,2019/12/31,0,"7,2",30
Ruzafa Viva,4475954,NA,Valencia,1,1,NA,2019/12/30,2019/12/31,0,"9,6",30
Hogar Dulce Hogar,5426607,NA,Valencia,1,1,€ 90,2019/12/30,2019/12/31,0,7,30
Moon Valencia,3560698,NA,Valencia,1,1,€ 83,2019/12/30,2019/12/31,0,"8,7",30
Melia Valencia,290493,NA,Valencia,1,1,NA,2019/12/30,2019/12/31,4,"8,8",30
Sercotel Sorolla Palace,93646,NA,Valencia,1,1,NA,2019/12/30,2019/12/31,4,"8,6",30
Carmen Apartment,3308265,NA,Valencia,1,1,NA,2019/12/30,2019/12/31,0,"9,6",30
Blanq Comedias,4922002,NA,Valencia,1,1,€ 90,2019/12/30,2019/12/31,0,"8,9",30
BUBUFLATS Mossén,1141763,NA,Valencia,1,1,€ 90,2019/12/30,2019/12/31,0,"8,8",30
Hulot B&B Valencia,585429,NA,Valencia,1,1,€ 91,2019/12/30,2019/12/31,0,"8,5",30
Suites by Eric Olsan (Florista),4726450,NA,Valencia,1,1,€ 93,2019/12/30,2019/12/31,0,"8,5",30
UNIK. Apartments Valencia,2241282,NA,Valencia,1,1,€ 97,2019/12/30,2019/12/31,0,"8,5",30
Original Domino House,5434091,NA,Valencia,1,1,€ 99,2019/12/30,2019/12/31,0,"8,7",30
Ciudad Ciencias- Lujo- Parking- Wi-Fi.,4999636,NA,Valencia,1,1,NA,2019/12/30,2019/12/31,0,"9,8",30
Apartments Madrina,3278589,NA,Valencia,1,1,€ 101,2019/12/30,2019/12/31,0,"8,9",30
Hotel San Lorenzo Boutique,1307718,NA,Valencia,1,1,NA,2019/12/30,2019/12/31,3,"8,6",30
Apartamentos Wallace,1698355,NA,Valencia,1,1,€ 175,2019/12/30,2019/12/31,0,"9,2",30
Valencia Apartmans El Carmen,847910,NA,Valencia,1,1,€ 105,2019/12/30,2019/12/31,0,"7,3",30
Select Home Catedral,440778,NA,Valencia,1,1,€ 170,2019/12/30,2019/12/31,0,"7,1",30
Apartamentos Plaza Picasso,97063,NA,Valencia,1,1,€ 102,2019/12/30,2019/12/31,0,"8,5",30
Casa del Patriarca,364834,NA,Valencia,1,1,€ 105,2019/12/30,2019/12/31,0,"8,9",30
Comfort Homestay,5423155,NA,Valencia,1,1,€ 105,2019/12/30,2019/12/31,0,"8,7",30
Hotel El Siglo,1741479,NA,Valencia,1,1,NA,2019/12/30,2019/12/31,3,"8,5",30
Espai Loft Santa Mónica,4574135,NA,Valencia,1,1,NA,2019/12/30,2019/12/31,0,"9,8",30
Hotel Neptuno,91206,NA,Valencia,1,1,NA,2019/12/30,2019/12/31,4,"8,5",30
Accommodation Beach Apartments,1001766,NA,Valencia,1,1,€ 250,2019/12/30,2019/12/31,0,"7,2",30
MD Puerto Rico Apartment Ruzafa,3737151,NA,Valencia,1,1,€ 437,2019/12/30,2019/12/31,0,"7,4",30
Piso en La Ciudad de Artes,3832790,NA,Valencia,1,1,NA,2019/12/30,2019/12/31,0,"9,6",30
Mon Suites San Martin,2777545,NA,Valencia,1,1,€ 178,2019/12/30,2019/12/31,0,"9,4",30
Hostal Residencial RR,450746,NA,Valencia,1,1,€ 40,2019/12/30,2019/12/31,0,"6,9",30
Ruzafa Rooms,2891693,NA,Valencia,1,1,€ 48,2019/12/30,2019/12/31,0,"6,9",30
Guest House Lebon,3124256,NA,Valencia,1,1,€ 60,2019/12/30,2019/12/31,0,"6,7",30
Malvarrosa Beach Rooms,314048,NA,Valencia,1,1,€ 75,2019/12/30,2019/12/31,2,"6,9",30
Premium Apartments,486507,NA,Valencia,1,1,€ 89,2019/12/30,2019/12/31,0,"6,9",30
Luxury penthouse in the center of Valencia,3127952,NA,Valencia,1,1,NA,2019/12/30,2019/12/31,0,"9,8",30
Casita Esmeralda,2040126,NA,Valencia,1,1,€ 144,2019/12/30,2019/12/31,0,"6,5",30
Dreams Rental City Hall,337092,NA,Valencia,1,1,€ 280,2019/12/30,2019/12/31,0,"6,5",30
Fun and Sun Center 2,2944416,NA,Valencia,1,1,€ 31,2019/12/30,2019/12/31,0,6,30
Guest House Higinio Noja,2845935,NA,Valencia,1,1,€ 60,2019/12/30,2019/12/31,0,6,30
Ruzafa Guesthouse,2269176,NA,Valencia,1,1,€ 55,2019/12/30,2019/12/31,0,"5,5",30
Carrer del Bisbe Jaume Pérez,4900140,NA,Valencia,1,1,€ 60,2019/12/30,2019/12/31,0,"5,9",30
HoGraFic,5739228,NA,Valencia,1,1,NA,2019/12/30,2019/12/31,2,"9,7",30
Guest House Torres de Quart,2275006,NA,Valencia,1,1,€ 51,2019/12/30,2019/12/31,0,"5,1",30
RoomTuristValencia Estacion del Norte,4682632,NA,Valencia,1,1,€ 55,2019/12/30,2019/12/31,0,5,30
Guest House Ruzafa,2324552,NA,Valencia,1,1,€ 60,2019/12/30,2019/12/31,0,5,30
Port of Valencia,3805735,NA,Valencia,1,1,€ 79,2019/12/30,2019/12/31,0,5,30
Guesthouse Plaza de Toros,2985902,NA,Valencia,1,1,€ 49,2019/12/30,2019/12/31,0,"4,8",30
Guest House Duc de Gaeta,2275007,NA,Valencia,1,1,€ 51,2019/12/30,2019/12/31,0,"4,9",30
Casa Calle Conquista,4691493,NA,Valencia,1,1,NA,2019/12/30,2019/12/31,0,"9,5",30
Malvarosa,3820590,NA,Valencia,1,1,€ 190,2019/12/30,2019/12/31,0,"3,8",30
Hostal Abastos,257057,NA,Valencia,1,1,NA,2019/12/30,2019/12/31,2,"8,2",30
Pension MonaLisa Luxury Suites,3834224,NA,Valencia,1,1,€ 56,2019/12/30,2019/12/31,0,"8,2",30
Apartment Cisneros 2,2361375,NA,Valencia,1,1,NA,2019/12/30,2019/12/31,0,"9,7",30
Hotel Villacarlos,90730,NA,Valencia,1,1,NA,2019/12/30,2019/12/31,3,8,30
Mon Suites Catedral,485679,NA,Valencia,1,1,€ 121,2019/12/30,2019/12/31,0,"9,2",30
7 Moons Bed & Breakfast,464187,NA,Valencia,1,1,€ 59,2019/12/30,2019/12/31,0,"8,4",30
El Coso,14580,NA,Valencia,1,1,NA,2019/12/30,2019/12/31,3,"8,2",30
Sol Playa,12656,NA,Valencia,1,1,NA,2019/12/30,2019/12/31,2,"8,3",30
Hotel Valencia Center,91285,NA,Valencia,1,1,NA,2019/12/30,2019/12/31,4,"8,4",30
L'Otelet By Sweet,1467935,NA,Valencia,1,1,€ 64,2019/12/30,2019/12/31,0,"8,3",30
El Corazon de Canovas,2634817,NA,Valencia,1,1,NA,2019/12/30,2019/12/31,0,"9,5",30
Citizentral Juristas,1113127,NA,Valencia,1,1,€ 135,2019/12/30,2019/12/31,0,"9,2",30
Happy Apartments Valencia – Lope de Vega,575582,NA,Valencia,1,1,€ 104,2019/12/30,2019/12/31,0,"8,1",30
ApartUP Patacona Deluxe,2565246,NA,Valencia,1,1,NA,2019/12/30,2019/12/31,0,"9,5",30
Happy Apartments Valencia,456043,NA,Valencia,1,1,€ 104,2019/12/30,2019/12/31,0,"8,2",30
Urban Youth Hostel,1163025,NA,Valencia,1,1,€ 66,2019/12/30,2019/12/31,0,"8,4",30
Center Valencia Youth Hostel,246931,NA,Valencia,1,1,€ 70,2019/12/30,2019/12/31,0,8,30
Old Town Flats Casa Burguerini,4552106,NA,Valencia,1,1,€ 71,2019/12/30,2019/12/31,0,"8,2",30
Valenciaflats Mercado Central,307677,NA,Valencia,1,1,€ 143,2019/12/30,2019/12/31,0,9,30
NH Valencia Las Artes,90731,NA,Valencia,1,1,NA,2019/12/30,2019/12/31,4,"8,4",30
NH Valencia Center,90727,NA,Valencia,1,1,NA,2019/12/30,2019/12/31,4,"8,3",30
Ilunion Valencia 4,754329,NA,Valencia,1,1,NA,2019/12/30,2019/12/31,4,"8,1",30
Aparthotel Valencia Rental,17344,NA,Valencia,1,1,€ 74,2019/12/30,2019/12/31,0,8,30
Residencia Universitaria Damia Bonet,247451,NA,Valencia,1,1,€ 75,2019/12/30,2019/12/31,0,"8,3",30
Apartment Sofi,2830696,NA,Valencia,1,1,NA,2019/12/30,2019/12/31,0,"9,8",30
Eurostars Gran Valencia,90484,NA,Valencia,1,1,NA,2019/12/30,2019/12/31,4,"8,4",30
Apartamento Privado Próximo a Playa y Ciencias,3783163,NA,Valencia,1,1,€ 110,2019/12/30,2019/12/31,0,"8,3",30
So de Mar,2204496,NA,Valencia,1,1,NA,2019/12/30,2019/12/31,0,"9,6",30
Center City Flats,861452,NA,Valencia,1,1,€ 154,2019/12/30,2019/12/31,0,9,30
Primus Valencia,331871,NA,Valencia,1,1,NA,2019/12/30,2019/12/31,4,"8,3",30
Maria Cristina Apartment,4765643,NA,Valencia,1,1,€ 114,2019/12/30,2019/12/31,0,"8,2",30
Ático cerca del mar,4040503,NA,Valencia,1,1,€ 80,2019/12/30,2019/12/31,0,"8,3",30
Sweet Hotel Renasa,274818,NA,Valencia,1,1,NA,2019/12/30,2019/12/31,3,8,30
Carrer de l'Escriptor Rafael Ferreres,4267645,NA,Valencia,1,1,€ 85,2019/12/30,2019/12/31,0,"8,4",30
NH Ciudad de Valencia,90729,NA,Valencia,1,1,NA,2019/12/30,2019/12/31,3,"8,1",30
NH Valencia Las Ciencias,90725,NA,Valencia,1,1,NA,2019/12/30,2019/12/31,3,8,30
Apartment Plaza Cisneros,1273377,NA,Valencia,1,1,NA,2019/12/30,2019/12/31,0,"9,7",30
Hotel Medium Valencia,96838,NA,Valencia,1,1,NA,2019/12/30,2019/12/31,4,"8,2",30
Senator Parque Central Hotel,274963,NA,Valencia,1,1,NA,2019/12/30,2019/12/31,4,"8,1",30
Tryp Valencia Feria,92852,NA,Valencia,1,1,NA,2019/12/30,2019/12/31,4,"8,3",30
Alex Apartment,1756374,NA,Valencia,1,1,€ 90,2019/12/30,2019/12/31,0,8,30
Apartment Valencia,348555,NA,Valencia,1,1,€ 95,2019/12/30,2019/12/31,0,"8,2",30
Nanit Valencia Hostel,3913497,NA,Valencia,1,1,€ 119,2019/12/30,2019/12/31,0,"8,4",30
Atico Ciutat Vella,3446230,NA,Valencia,1,1,€ 120,2019/12/30,2019/12/31,0,"8,2",30
Ilunion Aqua 3,92776,NA,Valencia,1,1,NA,2019/12/30,2019/12/31,3,"8,3",30
Ambrosio Flats Valencia - El Carmen,2401127,NA,Valencia,1,1,NA,2019/12/30,2019/12/31,0,"9,5",30
Valenciaflats Torres de Serrano,17468,NA,Valencia,1,1,€ 129,2019/12/30,2019/12/31,0,"8,4",30
Silken Puerta Valencia,91182,NA,Valencia,1,1,NA,2019/12/30,2019/12/31,4,"8,3",30
Reina 12,1684198,NA,Valencia,1,1,€ 130,2019/12/30,2019/12/31,0,"8,2",30
Living Valencia -Correos,3062274,NA,Valencia,1,1,€ 96,2019/12/30,2019/12/31,0,"8,3",30
Unifamiliar junto al mar,2798778,NA,Valencia,1,1,NA,2019/12/30,2019/12/31,0,"9,5",30
Hotel Miramar,23332,NA,Valencia,1,1,NA,2019/12/30,2019/12/31,2,"8,4",30
Eurostars Rey Don Jaime,91520,NA,Valencia,1,1,NA,2019/12/30,2019/12/31,4,"8,2",30
ELEGANT APARTMENT CLOSE TO CENTER VT-45925-V,5364412,NA,Valencia,1,1,€ 140,2019/12/30,2019/12/31,0,"8,4",30
Habitacion Doble Homestay,4037073,NA,Valencia,1,1,€ 150,2019/12/30,2019/12/31,0,8,30
Bubuflats Bubu 3,1014334,NA,Valencia,1,1,NA,2019/12/30,2019/12/31,0,"9,5",30
OYO Style Apartments Puerto,1558265,NA,Valencia,1,1,€ 151,2019/12/30,2019/12/31,0,"8,1",30
Hotel Conqueridor,91047,NA,Valencia,1,1,NA,2019/12/30,2019/12/31,4,"8,3",30
Zerka Centro,4425975,NA,Valencia,1,1,€ 238,2019/12/30,2019/12/31,0,"8,4",30
UP Hostel Valencia,1710137,NA,Valencia,1,1,€ 19,2019/12/30,2019/12/31,0,"7,7",30
Habitaciones Barra89,1076252,NA,Valencia,1,1,€ 31,2019/12/30,2019/12/31,0,"7,9",30
Apart and Benef,2291245,NA,Valencia,1,1,€ 34,2019/12/30,2019/12/31,0,"7,9",30
Stay at Valencia Downtown,1840715,NA,Valencia,1,1,NA,2019/12/30,2019/12/31,0,"9,6",30
Habitación Céntrica en Casa de Familia,4289877,NA,Valencia,1,1,€ 35,2019/12/30,2019/12/31,0,"7,7",30
Apartamento Alguer,4005334,NA,Valencia,1,1,€ 120,2019/12/30,2019/12/31,0,"7,7",30
Torres Quart,3702234,NA,Valencia,1,1,€ 128,2019/12/30,2019/12/31,0,"7,5",30
Luxury Beach Apartment with Pool,3841868,NA,Valencia,1,1,NA,2019/12/30,2019/12/31,0,"9,7",30
Holiday Inn Express Ciudad de las Ciencias,96737,NA,Valencia,1,1,€ 132,2019/12/30,2019/12/31,3,"7,9",30
Apartamentos La más Bonita,2816245,NA,Valencia,1,1,€ 158,2019/12/30,2019/12/31,0,9,30
Apartment Florista,2150187,NA,Valencia,1,1,€ 135,2019/12/30,2019/12/31,0,"7,9",30
City of Arts & Spa Apartment,4820684,NA,Valencia,1,1,€ 140,2019/12/30,2019/12/31,0,"7,9",30
Malvarrosa Calle Pavia,3608764,NA,Valencia,1,1,€ 179,2019/12/30,2019/12/31,0,"7,7",30
Patacona Green Flats,292996,NA,Valencia,1,1,€ 210,2019/12/30,2019/12/31,0,"7,6",30
Loft Valencia Playa,3954993,NA,Valencia,1,1,NA,2019/12/30,2019/12/31,0,"9,6",30
Mediterranean Flats Plaza Redonda,4086496,NA,Valencia,1,1,€ 175,2019/12/30,2019/12/31,0,"9,2",30
Musico Peydro Apartments,3765069,NA,Valencia,1,1,€ 367,2019/12/30,2019/12/31,0,"7,9",30
MD Benlliure Beach.,1957258,NA,Valencia,1,1,€ 437,2019/12/30,2019/12/31,0,"7,8",30
MD Art Apartment Ruzafa,2550955,NA,Valencia,1,1,€ 437,2019/12/30,2019/12/31,0,"7,7",30
Masatepe Room Valencia,5687127,NA,Valencia,1,1,€ 30,2019/12/30,2019/12/31,0,"7,1",30
Zen House,3671621,NA,Valencia,1,1,€ 39,2019/12/30,2019/12/31,0,"7,1",30
Bright and Modern Apartment near the Beach,4413130,NA,Valencia,1,1,NA,2019/12/30,2019/12/31,0,"9,8",30
Habitación con cama doble,4794909,NA,Valencia,1,1,€ 41,2019/12/30,2019/12/31,0,"7,4",30
Murillo Apartment,408163,NA,Valencia,1,1,€ 44,2019/12/30,2019/12/31,0,7,30
Habitación San Cayetano,4624401,NA,Valencia,1,1,€ 45,2019/12/30,2019/12/31,0,"7,4",30
La Flamenca,818359,NA,Valencia,1,1,€ 45,2019/12/30,2019/12/31,0,"7,2",30
OYO Pensión El Rincón,476031,NA,Valencia,1,1,€ 46,2019/12/30,2019/12/31,1,"7,4",30
Apartamentos Abastos,1044426,NA,Valencia,1,1,€ 50,2019/12/30,2019/12/31,0,"7,4",30
Apartment in the Heart of Valencia,4616217,NA,Valencia,1,1,NA,2019/12/30,2019/12/31,0,"9,9",30
Sampedor Apartment,435662,NA,Valencia,1,1,€ 53,2019/12/30,2019/12/31,0,"7,1",30
Habitacion PLaza Ayuntamiento,4365340,NA,Valencia,1,1,€ 55,2019/12/30,2019/12/31,0,"7,2",30
HOSTAL BED OF THE SEA,3974636,NA,Valencia,1,1,€ 70,2019/12/30,2019/12/31,0,"7,1",30
Mi casa es vuestra casa,4967097,NA,Valencia,1,1,€ 70,2019/12/30,2019/12/31,0,"7,1",30
NWT Central Station Valencia,1647017,NA,Valencia,1,1,€ 74,2019/12/30,2019/12/31,0,"7,1",30
Cosy Rooms Embajador,369728,NA,Valencia,1,1,€ 78,2019/12/30,2019/12/31,2,"7,4",30
Doctor Oloriz-31-9,3397673,NA,Valencia,1,1,NA,2019/12/30,2019/12/31,0,"9,6",30
Mercat Central brugada home,5259150,NA,Valencia,1,1,€ 81,2019/12/30,2019/12/31,0,7,30
