name,propertyId,propertyType,city,rooms,days,price,checkIn,checkOut,stars,score,advance
Apartment Carrer de Don Juan de Austria,5464038,NA,Valencia,1,1,€ 279,2020/02/06,2020/02/07,0,,90
PERELLÓ BEACH PLAYA/PISCINA,5264022,NA,Valencia,1,1,€ 280,2020/02/06,2020/02/07,0,,90
Apartamentos Valencia - Peset Aleixandre 135- FREE WI-FI,4262488,NA,Valencia,1,1,NA,2020/02/06,2020/02/07,0,"8,8",90
LACASAMALVA1 PLAYA DE VALENCIA,5679960,NA,Valencia,1,1,€ 298,2020/02/06,2020/02/07,0,,90
Apartment Carrer de Josep Aguirre,5646705,NA,Valencia,1,1,€ 608,2020/02/06,2020/02/07,0,,90
MARQUÉS HOUSE 4* SUP,2118880,NA,Valencia,1,1,€ 249,2020/02/06,2020/02/07,4,"9,4",90
Caro Hotel,348132,NA,Valencia,1,1,€ 249,2020/02/06,2020/02/07,5,"9,2",90
Hideout 26,5658117,NA,Valencia,1,1,NA,2020/02/06,2020/02/07,0,"9,9",90
Center City Flats,861452,NA,Valencia,1,1,€ 257,2020/02/06,2020/02/07,0,9,90
Rosa del mar2,4259814,NA,Valencia,1,1,€ 259,2020/02/06,2020/02/07,0,"9,1",90
Old Fisherman's House in Malvarrosa Beach,3618172,NA,Valencia,1,1,€ 360,2020/02/06,2020/02/07,0,"9,4",90
Comoda habitacion,5695905,NA,Valencia,1,1,€ 58,2020/02/06,2020/02/07,0,,90
vosotros sereis parte de mi familia.,5299568,NA,Valencia,1,1,€ 60,2020/02/06,2020/02/07,0,,90
VLC Downtown Flats,4637615,NA,Valencia,1,1,NA,2020/02/06,2020/02/07,0,"8,9",90
Fantastic Loft near beach and city,5744961,NA,Valencia,1,1,€ 66,2020/02/06,2020/02/07,0,,90
Bonito Apartamento- confortable y bien comunicado,5572090,NA,Valencia,1,1,€ 68,2020/02/06,2020/02/07,0,,90
Beautiful Apartment Montcada 26 FREE WIFI,5788841,NA,Valencia,1,1,€ 77,2020/02/06,2020/02/07,0,,90
Minimalist room with balcony.FREE bikes & coffee 1,5776697,NA,Valencia,1,1,€ 79,2020/02/06,2020/02/07,0,,90
Loft Turia Gran,5133726,NA,Valencia,1,1,€ 80,2020/02/06,2020/02/07,0,,90
Piso en Canyamelar cerca de la playa,5771518,NA,Valencia,1,1,€ 87,2020/02/06,2020/02/07,0,,90
SingularStays Plaza del Mercado,1755231,NA,Valencia,1,1,NA,2020/02/06,2020/02/07,0,"8,5",90
Carrer de l'Arquitecte Alfaro 27 bajo derecha,4353398,NA,Valencia,1,1,€ 102,2020/02/06,2020/02/07,0,,90
Waksman,2261109,NA,Valencia,1,1,€ 105,2020/02/06,2020/02/07,0,,90
Apartamentos Artesa 22 Valencia,5546723,NA,Valencia,1,1,€ 112,2020/02/06,2020/02/07,0,,90
Valencia Apartamentos DEL MAR,5421626,NA,Valencia,1,1,€ 124,2020/02/06,2020/02/07,0,,90
CENTER-Modern 2BR- 2BA-TERRACE- WI-FI- A/C,5241769,NA,Valencia,1,1,€ 125,2020/02/06,2020/02/07,0,,90
The River Hostel,494202,NA,Valencia,1,1,€ 19,2020/02/06,2020/02/07,0,"8,5",90
Masatepe Room Valencia,5687127,NA,Valencia,1,1,€ 30,2020/02/06,2020/02/07,0,"8,7",90
Suit AVE (Valencia),5726860,NA,Valencia,1,1,€ 130,2020/02/06,2020/02/07,0,,90
Piso Playa Patacona/Malvarrosa,2141744,NA,Valencia,1,1,NA,2020/02/06,2020/02/07,0,"8,9",90
YOU & CO Quart Boutique,5213598,NA,Valencia,1,1,€ 132,2020/02/06,2020/02/07,3,,90
Piso cercano al centro ( 5 min BUS),5607299,NA,Valencia,1,1,€ 140,2020/02/06,2020/02/07,0,,90
Resiolé Mercado Central,5772964,NA,Valencia,1,1,€ 160,2020/02/06,2020/02/07,0,,90
Pensión Alicante,298710,NA,Valencia,1,1,€ 38,2020/02/06,2020/02/07,0,"8,5",90
Total Valencia White,2201908,NA,Valencia,1,1,NA,2020/02/06,2020/02/07,0,9,90
Home Youth Hostel by Feetup Hostels,189322,NA,Valencia,1,1,€ 42,2020/02/06,2020/02/07,0,"8,9",90
The White Apartment: Luxury- Beach and Design,5631365,NA,Valencia,1,1,€ 167,2020/02/06,2020/02/07,0,,90
Premium Partner Promotion !! Extraordinary Floor 2 Rooms City Center Promocio,4316256,NA,Valencia,1,1,€ 170,2020/02/06,2020/02/07,0,,90
Villa Vista,4292942,NA,Valencia,1,1,€ 173,2020/02/06,2020/02/07,0,,90
Luminous & Cosy Down Town Apartment,3973347,NA,Valencia,1,1,NA,2020/02/06,2020/02/07,0,"8,6",90
Quart Youth Hostel,476418,NA,Valencia,1,1,€ 42,2020/02/06,2020/02/07,0,"8,6",90
Comfort Room(AVEValencia),5696103,NA,Valencia,1,1,€ 45,2020/02/06,2020/02/07,0,"8,6",90
Art&Flats Bed&Breakfast,5238345,NA,Valencia,1,1,€ 45,2020/02/06,2020/02/07,0,"8,8",90
Bright room with trundle bed,5560260,NA,Valencia,1,1,€ 46,2020/02/06,2020/02/07,0,"8,7",90
Russafa Youth Hostel,345134,NA,Valencia,1,1,€ 47,2020/02/06,2020/02/07,0,"8,6",90
Casa Del Sueno,4292899,NA,Valencia,1,1,€ 173,2020/02/06,2020/02/07,0,,90
Apartment Passeig de la Petxina,5695771,NA,Valencia,1,1,€ 195,2020/02/06,2020/02/07,0,,90
Apartment Carrer Ernesto Che Guevara,5598848,NA,Valencia,1,1,€ 211,2020/02/06,2020/02/07,0,,90
Hotel Helen Berger,5159105,NA,Valencia,1,1,€ 213,2020/02/06,2020/02/07,4,,90
RUZAFA. Nice apartment and Terrace.,4368595,NA,Valencia,1,1,€ 90,2020/02/06,2020/02/07,0,"9,3",90
Rooms Ciencias,94126,NA,Valencia,1,1,€ 95,2020/02/06,2020/02/07,0,9,90
Valencia City Center New Apartments,1042326,NA,Valencia,1,1,NA,2020/02/06,2020/02/07,0,"9,1",90
Luz de Valencia,2076095,NA,Valencia,1,1,€ 49,2020/02/06,2020/02/07,0,"8,8",90
Ilunion Aqua 4,92777,NA,Valencia,1,1,€ 163,2020/02/06,2020/02/07,4,"8,6",90
SH Valencia Palace,91497,NA,Valencia,1,1,€ 164,2020/02/06,2020/02/07,5,"8,5",90
Dreams Rental Central Market,1078335,NA,Valencia,1,1,€ 260,2020/02/06,2020/02/07,0,,90
UNIK. Apartments Valencia,2241282,NA,Valencia,1,1,€ 49,2020/02/06,2020/02/07,0,"8,5",90
Habitación en piso compartido,5433175,NA,Valencia,1,1,€ 50,2020/02/06,2020/02/07,0,"8,9",90
Reina Rooms,4211140,NA,Valencia,1,1,€ 51,2020/02/06,2020/02/07,0,"8,9",90
Balcón Al Mar,295109,NA,Valencia,1,1,€ 56,2020/02/06,2020/02/07,0,"8,5",90
Zalamera BnB,1331238,NA,Valencia,1,1,€ 56,2020/02/06,2020/02/07,0,"8,7",90
Ramilletes Street,2226130,NA,Valencia,1,1,NA,2020/02/06,2020/02/07,0,"9,1",90
B&B Almirante,369695,NA,Valencia,1,1,€ 57,2020/02/06,2020/02/07,1,"8,8",90
B&B Hi Valencia Boutique,1301725,NA,Valencia,1,1,€ 63,2020/02/06,2020/02/07,0,"8,7",90
Ayuntamiento Panoramic,3089239,NA,Valencia,1,1,NA,2020/02/06,2020/02/07,0,"9,5",90
Biopark View Apartment,2381901,NA,Valencia,1,1,€ 97,2020/02/06,2020/02/07,0,9,90
apartamento las torres-botanico,4694090,NA,Valencia,1,1,€ 99,2020/02/06,2020/02/07,0,9,90
City Center Atico 360,3025679,NA,Valencia,1,1,NA,2020/02/06,2020/02/07,0,"9,4",90
Blanq Carmen Hotel,97069,NA,Valencia,1,1,€ 166,2020/02/06,2020/02/07,3,"8,7",90
Hotel Dimar,90886,NA,Valencia,1,1,€ 169,2020/02/06,2020/02/07,4,"8,7",90
Flatsforyou Sorolla House,403442,NA,Valencia,1,1,€ 170,2020/02/06,2020/02/07,0,"8,6",90
Mestalla Paradise,4734619,NA,Valencia,1,1,€ 100,2020/02/06,2020/02/07,0,"9,2",90
Alejandro y Renate,3111488,NA,Valencia,1,1,€ 65,2020/02/06,2020/02/07,0,"8,7",90
ABCyou Bed&Breakfast,189207,NA,Valencia,1,1,€ 66,2020/02/06,2020/02/07,0,"8,5",90
Apartamentos La más Bonita,2816245,NA,Valencia,1,1,€ 104,2020/02/06,2020/02/07,0,9,90
Forn desamparats,2380447,NA,Valencia,1,1,€ 105,2020/02/06,2020/02/07,0,"9,4",90
Comfort Homestay,5423155,NA,Valencia,1,1,€ 105,2020/02/06,2020/02/07,0,9,90
Puerta de Serranos,2734333,NA,Valencia,1,1,€ 170,2020/02/06,2020/02/07,0,"8,9",90
Zenit Valencia,92327,NA,Valencia,1,1,€ 171,2020/02/06,2020/02/07,4,"8,8",90
Chic and Central- in a lively but quiet area. All walking distance.,3649090,NA,Valencia,1,1,NA,2020/02/06,2020/02/07,0,"9,6",90
Piso como en tu casa 2,3834617,NA,Valencia,1,1,€ 106,2020/02/06,2020/02/07,0,"9,2",90
Valencia Home,1638498,NA,Valencia,1,1,€ 67,2020/02/06,2020/02/07,0,"8,9",90
Canela`s Vintage Ruzafa Centro,4652584,NA,Valencia,1,1,€ 175,2020/02/06,2020/02/07,0,"8,5",90
5 SENSES,3786890,NA,Valencia,1,1,NA,2020/02/06,2020/02/07,0,"9,2",90
Center Valencia,2944722,NA,Valencia,1,1,€ 109,2020/02/06,2020/02/07,0,"9,3",90
Enjoy Flat Valencia,3991548,NA,Valencia,1,1,€ 175,2020/02/06,2020/02/07,0,"8,6",90
Vincci Palace,94163,NA,Valencia,1,1,€ 185,2020/02/06,2020/02/07,4,"8,7",90
Melia Plaza Valencia,13270,NA,Valencia,1,1,€ 209,2020/02/06,2020/02/07,4,"8,9",90
Apartamentos Naranja y Limòn,2250906,NA,Valencia,1,1,€ 110,2020/02/06,2020/02/07,0,"9,3",90
Apartamentos Edificio Palomar,189277,NA,Valencia,1,1,€ 110,2020/02/06,2020/02/07,0,"9,2",90
"Piso ""Como en tu casa""",2689136,NA,Valencia,1,1,€ 110,2020/02/06,2020/02/07,0,"9,1",90
Vincci Lys,91183,NA,Valencia,1,1,€ 211,2020/02/06,2020/02/07,4,"8,9",90
Hospes Palau de La Mar,93823,NA,Valencia,1,1,€ 213,2020/02/06,2020/02/07,5,"8,8",90
Vlc Apartaments el Carmen,389902,NA,Valencia,1,1,€ 220,2020/02/06,2020/02/07,0,"8,5",90
NH Collection Colón Valencia,3828811,NA,Valencia,1,1,NA,2020/02/06,2020/02/07,4,"9,1",90
Apartamentos Artesa 22 Valencia,5546723,NA,Valencia,1,1,€ 112,2020/02/06,2020/02/07,0,"9,3",90
La seda stay,3335523,NA,Valencia,1,1,NA,2020/02/06,2020/02/07,0,"9,7",90
Geography and Arts.,3569110,NA,Valencia,1,1,€ 60,2020/02/06,2020/02/07,0,"7,2",90
Blanq Comedias,4922002,NA,Valencia,1,1,€ 113,2020/02/06,2020/02/07,0,9,90
Apartment Horticultor Bosch,1148669,NA,Valencia,1,1,€ 60,2020/02/06,2020/02/07,0,"7,3",90
Carrera Luxury,388247,NA,Valencia,1,1,NA,2020/02/06,2020/02/07,0,"8,6",90
SKY TOURISTIC ATTIC,281640,NA,Valencia,1,1,€ 225,2020/02/06,2020/02/07,0,"8,5",90
AC Hotel Colon Valencia,1117150,NA,Valencia,1,1,€ 242,2020/02/06,2020/02/07,4,"8,7",90
Eurostars Acteón,90495,NA,Valencia,1,1,€ 269,2020/02/06,2020/02/07,4,"8,5",90
47 Carrer de Cadis- puerta 1,4511167,NA,Valencia,1,1,€ 113,2020/02/06,2020/02/07,0,9,90
Hostal Venecia,92883,NA,Valencia,1,1,€ 116,2020/02/06,2020/02/07,2,"9,1",90
SingularStays Parque Central,3054000,NA,Valencia,1,1,€ 279,2020/02/06,2020/02/07,0,"8,8",90
Zerka Sendra,4657122,NA,Valencia,1,1,€ 309,2020/02/06,2020/02/07,0,"8,9",90
Apartamento en el centro de Valencia,4709659,NA,Valencia,1,1,€ 120,2020/02/06,2020/02/07,0,9,90
Citizentral Juristas,1113127,NA,Valencia,1,1,€ 121,2020/02/06,2020/02/07,0,"9,2",90
COZY APARTMENT VALENCIA BEACHFRONT!,3128516,NA,Valencia,1,1,€ 125,2020/02/06,2020/02/07,0,"9,4",90
Carlos & Ana,2079019,NA,Valencia,1,1,€ 335,2020/02/06,2020/02/07,0,"8,9",90
Ambrosio Flats Valencia - El Mercat,3131649,NA,Valencia,1,1,NA,2020/02/06,2020/02/07,0,"9,5",90
Hogar Dulce Hogar,5426607,NA,Valencia,1,1,€ 60,2020/02/06,2020/02/07,0,7,90
Palacio de Rojas,1073276,NA,Valencia,1,1,NA,2020/02/06,2020/02/07,0,"9,3",90
The Westin Valencia,93321,NA,Valencia,1,1,€ 396,2020/02/06,2020/02/07,5,"8,7",90
Loft zona Pechina en Valencia centro,2524985,NA,Valencia,1,1,€ 128,2020/02/06,2020/02/07,0,"9,1",90
Malvarrosa Beach Rooms,314048,NA,Valencia,1,1,€ 65,2020/02/06,2020/02/07,2,7,90
Barceló Valencia,91988,NA,Valencia,1,1,€ 500,2020/02/06,2020/02/07,4,"8,7",90
Habitación en valencia centro,5418023,NA,Valencia,1,1,€ 30,2020/02/06,2020/02/07,0,"8,1",90
Double Room in VALENCIA,5665653,NA,Valencia,1,1,€ 30,2020/02/06,2020/02/07,0,"8,3",90
Live in Chianti Apartaments,2882632,NA,Valencia,1,1,€ 128,2020/02/06,2020/02/07,0,"9,1",90
Hi Valencia Apartments - Jorge Juan,2373701,NA,Valencia,1,1,€ 129,2020/02/06,2020/02/07,0,"9,4",90
Valencia Apartamentos DEL MAR,5421626,NA,Valencia,1,1,€ 124,2020/02/06,2020/02/07,0,10,90
Lindala,5250762,NA,Valencia,1,1,€ 49,2020/02/06,2020/02/07,0,"9,5",90
Piso en La Ciudad de Artes,3832790,NA,Valencia,1,1,NA,2020/02/06,2020/02/07,0,"9,7",90
Apartments Downtown Valencia,2250421,NA,Valencia,1,1,€ 80,2020/02/06,2020/02/07,0,"9,6",90
LOFT apartamento duplex en Valencia con parking gratis,5519008,NA,Valencia,1,1,€ 90,2020/02/06,2020/02/07,0,"9,9",90
La casita de Palomar,2132386,NA,Valencia,1,1,€ 129,2020/02/06,2020/02/07,0,"9,3",90
Purple Nest Hostel,25278,NA,Valencia,1,1,€ 37,2020/02/06,2020/02/07,0,"8,2",90
Apartamento centro frente a Torres de Serrano,3408067,NA,Valencia,1,1,€ 130,2020/02/06,2020/02/07,0,"9,3",90
Casa La Buhardilla,2985364,NA,Valencia,1,1,€ 97,2020/02/06,2020/02/07,0,"9,6",90
Waksman,2261109,NA,Valencia,1,1,€ 105,2020/02/06,2020/02/07,0,"9,7",90
Duplex en Blasco Ibáñez,3672426,NA,Valencia,1,1,€ 130,2020/02/06,2020/02/07,0,9,90
Hogar Vera Apartments&Bikes,1807919,NA,Valencia,1,1,€ 134,2020/02/06,2020/02/07,0,"9,3",90
Casa Botànic - Céntrico y con comodidades,4218273,NA,Valencia,1,1,NA,2020/02/06,2020/02/07,0,"9,8",90
OYO Pensión El Rincón,476031,NA,Valencia,1,1,€ 66,2020/02/06,2020/02/07,1,"7,4",90
Almiserat,3054886,NA,Valencia,1,1,€ 70,2020/02/06,2020/02/07,0,"7,1",90
Ramirez Flats & Bar,4124528,NA,Valencia,1,1,€ 149,2020/02/06,2020/02/07,0,"9,5",90
Apartamento centro,3160737,NA,Valencia,1,1,€ 155,2020/02/06,2020/02/07,0,"9,6",90
OCEANOGRAFIC DELUXE- PARKING- WI-FI,4095746,NA,Valencia,1,1,€ 140,2020/02/06,2020/02/07,0,"9,1",90
Mi casa es vuestra casa,4967097,NA,Valencia,1,1,€ 70,2020/02/06,2020/02/07,0,"7,1",90
OCEANOGRAFIC APARTMENT. PARKING. WI-FI,3107716,NA,Valencia,1,1,€ 140,2020/02/06,2020/02/07,0,9,90
ApartUP Viveros Pets,2834736,NA,Valencia,1,1,€ 147,2020/02/06,2020/02/07,0,"9,3",90
Apartamento Frederick “Centrico y con Clase”,4236394,NA,Valencia,1,1,NA,2020/02/06,2020/02/07,0,"9,7",90
NWT Central Station Valencia,1647017,NA,Valencia,1,1,€ 74,2020/02/06,2020/02/07,0,"7,1",90
Travel Hábitat L'Umbracle,1100150,NA,Valencia,1,1,NA,2020/02/06,2020/02/07,0,"8,9",90
Hotel Cosmo,4838858,NA,Valencia,1,1,€ 166,2020/02/06,2020/02/07,3,"9,8",90
Ciudad Ciencias- Lujo- Parking- Wi-Fi.,4999636,NA,Valencia,1,1,€ 170,2020/02/06,2020/02/07,0,"9,8",90
Valencia Apartmans El Carmen,847910,NA,Valencia,1,1,€ 82,2020/02/06,2020/02/07,0,"7,3",90
Olympia Flats,4212801,NA,Valencia,1,1,€ 90,2020/02/06,2020/02/07,0,"9,7",90
Casa Calle Conquista,4691493,NA,Valencia,1,1,€ 240,2020/02/06,2020/02/07,0,"9,5",90
Silken Puerta Valencia,91182,NA,Valencia,1,1,€ 214,2020/02/06,2020/02/07,4,"8,3",90
Flatsforyou Bonaire,455152,NA,Valencia,1,1,€ 225,2020/02/06,2020/02/07,0,"8,4",90
Valenciaflats Mercado Central,307677,NA,Valencia,1,1,€ 147,2020/02/06,2020/02/07,0,9,90
Friendly Rentals Rey,1634248,NA,Valencia,1,1,NA,2020/02/06,2020/02/07,0,9,90
Ilunion Valencia 4,754329,NA,Valencia,1,1,€ 315,2020/02/06,2020/02/07,4,"8,1",90
UP Hostel Valencia,1710137,NA,Valencia,1,1,€ 20,2020/02/06,2020/02/07,0,"7,7",90
Habitaciones Barra89,1076252,NA,Valencia,1,1,€ 30,2020/02/06,2020/02/07,0,"7,9",90
Valencia Apartments,4367788,NA,Valencia,1,1,€ 82,2020/02/06,2020/02/07,0,"7,1",90
MD PASEO RUZAFA CENTER,5374850,NA,Valencia,1,1,€ 1.030,2020/02/06,2020/02/07,0,"9,5",90
Cantagua Hostel,4074640,NA,Valencia,1,1,€ 40,2020/02/06,2020/02/07,0,"9,1",90
Valenciaflats Ciudad de las Ciencias,93676,NA,Valencia,1,1,€ 147,2020/02/06,2020/02/07,0,"9,1",90
MD Design Hotel - Portal del Real,2391685,NA,Valencia,1,1,€ 149,2020/02/06,2020/02/07,2,"9,1",90
Habitacion por dias Centro Valencia,3977106,NA,Valencia,1,1,€ 30,2020/02/06,2020/02/07,0,"7,8",90
Habitación Céntrica en Casa de Familia,4289877,NA,Valencia,1,1,€ 35,2020/02/06,2020/02/07,0,"7,7",90
Apartamento,3139431,NA,Valencia,1,1,NA,2020/02/06,2020/02/07,0,"9,5",90
Valencia center,3168460,NA,Valencia,1,1,NA,2020/02/06,2020/02/07,0,"9,8",90
Valencia City Host,1177077,NA,Valencia,1,1,€ 37,2020/02/06,2020/02/07,0,"7,7",90
Sweet Caroline Apartment,1811784,NA,Valencia,1,1,€ 150,2020/02/06,2020/02/07,0,"9,2",90
Guest House Samuel Ros,4161855,NA,Valencia,1,1,€ 90,2020/02/06,2020/02/07,0,"7,2",90
Select Home Catedral,440778,NA,Valencia,1,1,€ 170,2020/02/06,2020/02/07,0,"7,1",90
Brisa Mare Nostrum,2855311,NA,Valencia,1,1,€ 60,2020/02/06,2020/02/07,0,"9,3",90
Habitación privada a 1500 metros de la playa,3789910,NA,Valencia,1,1,€ 60,2020/02/06,2020/02/07,0,"9,3",90
Boutique Creative Rooms,2334726,NA,Valencia,1,1,NA,2020/02/06,2020/02/07,0,"8,8",90
Piso en Playa de Valencia,5533098,NA,Valencia,1,1,€ 70,2020/02/06,2020/02/07,0,"9,4",90
Apartments Abate 4,2848648,NA,Valencia,1,1,€ 71,2020/02/06,2020/02/07,0,"9,1",90
Pensión Universal,304276,NA,Valencia,1,1,€ 38,2020/02/06,2020/02/07,0,"7,9",90
Voyagers Inn Homestay,2682156,NA,Valencia,1,1,€ 40,2020/02/06,2020/02/07,0,"7,7",90
Best Valencia Beach Flat,3246772,NA,Valencia,1,1,€ 190,2020/02/06,2020/02/07,0,"7,1",90
Helle & ruhige Zimmer nähe Strand,5698199,NA,Valencia,1,1,€ 34,2020/02/06,2020/02/07,0,"6,6",90
Valenciaflats Centro Ciudad,18544,NA,Valencia,1,1,€ 156,2020/02/06,2020/02/07,0,"9,2",90
Belchite,3232898,NA,Valencia,1,1,€ 159,2020/02/06,2020/02/07,0,"9,2",90
Apartamento bianca,3205847,NA,Valencia,1,1,€ 74,2020/02/06,2020/02/07,0,"9,1",90
Live in Chianti,2227491,NA,Valencia,1,1,€ 75,2020/02/06,2020/02/07,0,"9,1",90
Mon Suites Catedral,485679,NA,Valencia,1,1,€ 160,2020/02/06,2020/02/07,0,"9,2",90
Hotel Valencia Alameda,4019381,NA,Valencia,1,1,€ 162,2020/02/06,2020/02/07,4,"9,2",90
HOSPEDAJE PESET,4718074,NA,Valencia,1,1,€ 40,2020/02/06,2020/02/07,0,"7,5",90
Casual Civilizaciones Valencia,449777,NA,Valencia,1,1,€ 41,2020/02/06,2020/02/07,0,"7,9",90
Hostal On Dormire Valencia,432305,NA,Valencia,1,1,€ 42,2020/02/06,2020/02/07,0,"7,8",90
Mon Suites San Martin,2777545,NA,Valencia,1,1,€ 165,2020/02/06,2020/02/07,0,"9,4",90
BONNIES Suites & Spa Valencia,3631910,NA,Valencia,1,1,NA,2020/02/06,2020/02/07,0,"9,8",90
Valencia Just in the Middle,2965508,NA,Valencia,1,1,NA,2020/02/06,2020/02/07,0,"9,9",90
Habitación San Cayetano,4624401,NA,Valencia,1,1,€ 45,2020/02/06,2020/02/07,0,"7,5",90
Welcomer Apartments Valencia,19363,NA,Valencia,1,1,NA,2020/02/06,2020/02/07,0,"8,7",90
Valencia Lounge Hostel,337203,NA,Valencia,1,1,€ 49,2020/02/06,2020/02/07,0,"7,7",90
Aventura,5567318,NA,Valencia,1,1,€ 50,2020/02/06,2020/02/07,0,"7,8",90
Apartamentos Abastos,1044426,NA,Valencia,1,1,€ 50,2020/02/06,2020/02/07,0,"7,5",90
La Roqueta,2652492,NA,Valencia,1,1,NA,2020/02/06,2020/02/07,0,"8,7",90
Ruzafa Rooms,2891693,NA,Valencia,1,1,€ 36,2020/02/06,2020/02/07,0,"6,9",90
La Casa dei Fiori,2849727,NA,Valencia,1,1,€ 95,2020/02/06,2020/02/07,0,"6,9",90
Mediterranean Flats Plaza Redonda,4086496,NA,Valencia,1,1,€ 165,2020/02/06,2020/02/07,0,"9,2",90
Mon Suites San Nicolas,4117225,NA,Valencia,1,1,€ 166,2020/02/06,2020/02/07,0,"9,2",90
Una Ubicacion Perfecta,3114164,NA,Valencia,1,1,€ 80,2020/02/06,2020/02/07,0,"9,2",90
Apartments Sollana Near the Turia Park Valencia,5546417,NA,Valencia,1,1,€ 85,2020/02/06,2020/02/07,0,9,90
Habitacion Apartamento soleado Plaza Escultor Frechina,4865043,NA,Valencia,1,1,€ 50,2020/02/06,2020/02/07,0,"7,7",90
Habitaciones Rusafa,5604325,NA,Valencia,1,1,€ 50,2020/02/06,2020/02/07,0,"7,6",90
Hostal Moratin,326015,NA,Valencia,1,1,€ 50,2020/02/06,2020/02/07,1,"7,9",90
Casita Esmeralda,2040126,NA,Valencia,1,1,€ 114,2020/02/06,2020/02/07,0,"6,6",90
Tranquilo Apartamento En Plaza Cisneros,3127388,NA,Valencia,1,1,NA,2020/02/06,2020/02/07,0,"8,8",90
Como en casa,4802186,NA,Valencia,1,1,€ 54,2020/02/06,2020/02/07,0,"7,9",90
Downtown Valencia,2814867,NA,Valencia,1,1,€ 169,2020/02/06,2020/02/07,0,"9,1",90
Apartamentos Wallace,1698355,NA,Valencia,1,1,€ 170,2020/02/06,2020/02/07,0,"9,2",90
APARTAMENTO CENTRICO. WI-FI. PARKING,2967593,NA,Valencia,1,1,€ 180,2020/02/06,2020/02/07,0,"9,1",90
Fun and Sun Center 2,2944416,NA,Valencia,1,1,€ 32,2020/02/06,2020/02/07,0,6,90
Premium Partner Promotion !! Extraordinary Floor 2 Rooms City Center Promocio,4316256,NA,Valencia,1,1,€ 170,2020/02/06,2020/02/07,0,"6,1",90
Ruzafa Guesthouse,2269176,NA,Valencia,1,1,€ 36,2020/02/06,2020/02/07,0,"5,5",90
Apartment in the Center of Old Town,4556268,NA,Valencia,1,1,NA,2020/02/06,2020/02/07,0,"8,8",90
Guest House Ruzafa,2324552,NA,Valencia,1,1,€ 37,2020/02/06,2020/02/07,0,"5,1",90
Guest House Torres de Quart,2275006,NA,Valencia,1,1,€ 37,2020/02/06,2020/02/07,0,"5,3",90
Hostal Bisbal,235665,NA,Valencia,1,1,€ 58,2020/02/06,2020/02/07,1,"7,5",90
Gon & Diego House,4899561,NA,Valencia,1,1,€ 40,2020/02/06,2020/02/07,0,"5,4",90
Port of Valencia,3805735,NA,Valencia,1,1,€ 79,2020/02/06,2020/02/07,0,5,90
Precioso piso junto al antiguo barrio de Campanar,3297078,NA,Valencia,1,1,€ 85,2020/02/06,2020/02/07,0,"9,3",90
SEA YOU HOTEL PORT VALENCIA,92328,NA,Valencia,1,1,€ 70,2020/02/06,2020/02/07,4,"7,8",90
City Garden Bed and Breakfast,2204361,NA,Valencia,1,1,€ 88,2020/02/06,2020/02/07,0,"9,4",90
Dolz Garden Ruzafa,1123993,NA,Valencia,1,1,€ 90,2020/02/06,2020/02/07,0,"9,1",90
City Center Apartments,4426057,NA,Valencia,1,1,€ 71,2020/02/06,2020/02/07,0,"7,8",90
Habitación en Valencia,5477394,NA,Valencia,1,1,€ 72,2020/02/06,2020/02/07,0,"7,5",90
Oliver,4865093,NA,Valencia,1,1,€ 83,2020/02/06,2020/02/07,0,"5,3",90
Reina 12,1684198,NA,Valencia,1,1,€ 90,2020/02/06,2020/02/07,0,"8,3",90
Apartamento Turistico en Valencia,2877605,NA,Valencia,1,1,€ 95,2020/02/06,2020/02/07,0,"8,1",90
Apartamento Ruzafa Centro II,3718518,NA,Valencia,1,1,NA,2020/02/06,2020/02/07,0,9,90
Living Valencia - Tetuán,3217954,NA,Valencia,1,1,€ 96,2020/02/06,2020/02/07,0,"8,1",90
Las Arenas Balneario Resort,91144,NA,Valencia,1,1,€ 189,2020/02/06,2020/02/07,5,9,90
Apartamento Alameda,1698817,NA,Valencia,1,1,NA,2020/02/06,2020/02/07,0,"9,5",90
NH Valencia Las Ciencias,90725,NA,Valencia,1,1,€ 97,2020/02/06,2020/02/07,3,8,90
Hotel Alkazar,408511,NA,Valencia,1,1,€ 100,2020/02/06,2020/02/07,1,"8,1",90
La Casa,3758586,NA,Valencia,1,1,€ 105,2020/02/06,2020/02/07,0,"8,3",90
Apartamento Playa Wifi Gratis,3495634,NA,Valencia,1,1,€ 190,2020/02/06,2020/02/07,0,"9,3",90
Vincci Mercat,1279484,NA,Valencia,1,1,€ 194,2020/02/06,2020/02/07,4,9,90
Loft Superior el Carmen,2784473,NA,Valencia,1,1,€ 218,2020/02/06,2020/02/07,0,"9,3",90
Apartamento Ciudad de las Artes y las Ciencias,4353552,NA,Valencia,1,1,€ 110,2020/02/06,2020/02/07,0,"8,1",90
Apartments Madrina,3278589,NA,Valencia,1,1,€ 128,2020/02/06,2020/02/07,0,"8,9",90
Eurostars Rey Don Jaime,91520,NA,Valencia,1,1,€ 116,2020/02/06,2020/02/07,4,"8,2",90
Apartamentos Valencia - Brazil 31 Free WiFi,4948554,NA,Valencia,1,1,€ 128,2020/02/06,2020/02/07,0,"8,7",90
Apartment Regne De Valencia,1533033,NA,Valencia,1,1,NA,2020/02/06,2020/02/07,0,"9,4",90
Soho Valencia,1538641,NA,Valencia,1,1,€ 129,2020/02/06,2020/02/07,0,"8,9",90
Ca Carmela,2466364,NA,Valencia,1,1,€ 225,2020/02/06,2020/02/07,0,9,90
Total Valencia Loft Terrace,3367164,NA,Valencia,1,1,NA,2020/02/06,2020/02/07,0,9,90
Hotel Medium Valencia,96838,NA,Valencia,1,1,€ 117,2020/02/06,2020/02/07,4,"8,2",90
FREE WI-FI. Apartamentos 90 м2 - Assutzena 5,4828764,NA,Valencia,1,1,€ 129,2020/02/06,2020/02/07,0,"8,7",90
Sweet Hotel Continental,93856,NA,Valencia,1,1,€ 119,2020/02/06,2020/02/07,2,"8,3",90
ApartUP Patacona Beach I,1712452,NA,Valencia,1,1,€ 130,2020/02/06,2020/02/07,0,"8,8",90
AC Hotel Valencia,91063,NA,Valencia,1,1,€ 131,2020/02/06,2020/02/07,4,"8,5",90
Apartamento Torres,3654194,NA,Valencia,1,1,€ 120,2020/02/06,2020/02/07,0,"8,3",90
Hotel Kramer,91106,NA,Valencia,1,1,€ 132,2020/02/06,2020/02/07,3,"8,8",90
Apartamento Gran Vía Marqués del Turia,2358973,NA,Valencia,1,1,€ 135,2020/02/06,2020/02/07,0,"8,5",90
Mr Flats Valencia 2,2580094,NA,Valencia,1,1,NA,2020/02/06,2020/02/07,0,9,90
MYR Hotel Plaza Mercado & Spa,1619029,NA,Valencia,1,1,€ 229,2020/02/06,2020/02/07,0,"9,2",90
Dr Lluch,4758818,NA,Valencia,1,1,€ 135,2020/02/06,2020/02/07,0,"8,5",90
Carrer de María Montessori,3272386,NA,Valencia,1,1,€ 120,2020/02/06,2020/02/07,0,"8,2",90
Apartments Welcome to Valencia Peset Aleixandre 69,4964856,NA,Valencia,1,1,€ 120,2020/02/06,2020/02/07,0,"8,4",90
Pio XII Apartments Valencia,402080,NA,Valencia,1,1,€ 136,2020/02/06,2020/02/07,0,"8,5",90
Jardín Botánico Hotel Boutique,93369,NA,Valencia,1,1,€ 136,2020/02/06,2020/02/07,3,"8,9",90
NWT Central Station Apartments,3964093,NA,Valencia,1,1,€ 124,2020/02/06,2020/02/07,0,"8,2",90
Apartamento luminoso y acogedor,3489126,NA,Valencia,1,1,NA,2020/02/06,2020/02/07,0,"9,4",90
NH Valencia Las Artes,90731,NA,Valencia,1,1,€ 129,2020/02/06,2020/02/07,4,"8,4",90
Cathedral Suites Hotel,1736257,NA,Valencia,1,1,€ 139,2020/02/06,2020/02/07,4,"8,9",90
Senator Parque Central Hotel,274963,NA,Valencia,1,1,€ 130,2020/02/06,2020/02/07,4,"8,1",90
Hotel El Siglo,1741479,NA,Valencia,1,1,€ 139,2020/02/06,2020/02/07,3,"8,5",90
Melia Valencia,290493,NA,Valencia,1,1,€ 140,2020/02/06,2020/02/07,4,"8,8",90
Apartamento Obispo don Jerónimo,2079020,NA,Valencia,1,1,€ 132,2020/02/06,2020/02/07,0,"8,3",90
Sweet Hotel Renasa,274818,NA,Valencia,1,1,€ 140,2020/02/06,2020/02/07,3,8,90
Casa Cosy,375456,NA,Valencia,1,1,NA,2020/02/06,2020/02/07,0,"9,4",90
Valenciaflats Torres de Serrano,17468,NA,Valencia,1,1,€ 143,2020/02/06,2020/02/07,0,"8,3",90
Hotel Conqueridor,91047,NA,Valencia,1,1,€ 162,2020/02/06,2020/02/07,4,"8,4",90
Welcome Apartamentos Pintor Stolz 31 Valencia,5019066,NA,Valencia,1,1,NA,2020/02/06,2020/02/07,0,"9,1",90
Mar & City Apartment,3456759,NA,Valencia,1,1,€ 143,2020/02/06,2020/02/07,0,"8,9",90
Casa reformada Playa,3920401,NA,Valencia,1,1,€ 163,2020/02/06,2020/02/07,0,"8,3",90
Hotel Neptuno,91206,NA,Valencia,1,1,€ 144,2020/02/06,2020/02/07,4,"8,5",90
Lotelito,570027,NA,Valencia,1,1,€ 147,2020/02/06,2020/02/07,0,"8,9",90
Catalonia Excelsior,90578,NA,Valencia,1,1,€ 150,2020/02/06,2020/02/07,3,"8,7",90
Ilunion Aqua 3,92776,NA,Valencia,1,1,€ 164,2020/02/06,2020/02/07,3,"8,3",90
Eurostars Gran Valencia,90484,NA,Valencia,1,1,€ 185,2020/02/06,2020/02/07,4,"8,4",90
Loft el Carmen amazing views,4932621,NA,Valencia,1,1,€ 191,2020/02/06,2020/02/07,0,"8,1",90
Zerka Centro,4425975,NA,Valencia,1,1,€ 199,2020/02/06,2020/02/07,0,"8,4",90
Casual Vintage Valencia,1710241,NA,Valencia,1,1,€ 150,2020/02/06,2020/02/07,2,"8,6",90
ValentiaApartments - MercadoCentral,4185241,NA,Valencia,1,1,€ 150,2020/02/06,2020/02/07,0,"8,8",90
Piso céntrico Plaza Toros,2961063,NA,Valencia,1,1,NA,2020/02/06,2020/02/07,0,"9,2",90
Valenciaflats Centro Histórico,94781,NA,Valencia,1,1,€ 152,2020/02/06,2020/02/07,0,"8,7",90
El Palacete Gran Via,3483148,NA,Valencia,1,1,€ 155,2020/02/06,2020/02/07,0,"8,7",90
Edificio Pentagono,4673669,NA,Valencia,1,1,€ 155,2020/02/06,2020/02/07,0,"8,9",90
Center Valencia Youth Hostel,246931,NA,Valencia,1,1,€ 40,2020/02/06,2020/02/07,0,8,90
Habitacion en Valencia Barata,4861796,NA,Valencia,1,1,€ 40,2020/02/06,2020/02/07,0,"8,2",90
Ático Oasis de Ruzafa,2639518,NA,Valencia,1,1,NA,2020/02/06,2020/02/07,0,9,90
Habitacion en Valencia,4861732,NA,Valencia,1,1,€ 45,2020/02/06,2020/02/07,0,"8,4",90
Casual de la Música Valencia,273130,NA,Valencia,1,1,€ 77,2020/02/06,2020/02/07,2,"7,5",90
Hotel San Lorenzo Boutique,1307718,NA,Valencia,1,1,€ 158,2020/02/06,2020/02/07,3,"8,6",90
SH Ingles Boutique Hotel,92956,NA,Valencia,1,1,€ 160,2020/02/06,2020/02/07,4,"8,5",90
Peset Silence,3698967,NA,Valencia,1,1,€ 85,2020/02/06,2020/02/07,0,"7,5",90
Petit Palace Plaza de la Reina,90443,NA,Valencia,1,1,NA,2020/02/06,2020/02/07,3,"8,7",90
Red Nest Hostel,92283,NA,Valencia,1,1,€ 47,2020/02/06,2020/02/07,0,"8,2",90
Torres Quart,3702234,NA,Valencia,1,1,€ 86,2020/02/06,2020/02/07,0,"7,5",90
Dormavalencia Hostel,249585,NA,Valencia,1,1,€ 48,2020/02/06,2020/02/07,1,"8,2",90
B&B Hotel Valencia Ciudad de las Ciencias,92242,NA,Valencia,1,1,€ 89,2020/02/06,2020/02/07,3,"7,5",90
Plaza Sainetero 5,3148458,NA,Valencia,1,1,€ 93,2020/02/06,2020/02/07,0,"7,7",90
Expo Hotel Valencia,91223,NA,Valencia,1,1,€ 94,2020/02/06,2020/02/07,3,"7,6",90
Suites by Eric Olsan (L),4287413,NA,Valencia,1,1,€ 102,2020/02/06,2020/02/07,0,"7,5",90
Suites by Eric Olsan (Peset),4726296,NA,Valencia,1,1,€ 102,2020/02/06,2020/02/07,0,"7,6",90
Habitaciones con Encanto,5629632,NA,Valencia,1,1,€ 50,2020/02/06,2020/02/07,0,"8,1",90
Urban Youth Hostel,1163025,NA,Valencia,1,1,€ 52,2020/02/06,2020/02/07,0,"8,4",90
Dormavalencia Hostel Regne,291755,NA,Valencia,1,1,€ 55,2020/02/06,2020/02/07,1,8,90
Turia Town,4064373,NA,Valencia,1,1,NA,2020/02/06,2020/02/07,0,"8,8",90
El 16 Ruzafa,865461,NA,Valencia,1,1,€ 109,2020/02/06,2020/02/07,0,"7,7",90
Hotel Turia,14441,NA,Valencia,1,1,€ 120,2020/02/06,2020/02/07,4,"7,5",90
Cozy en Blanch. Center,4751079,NA,Valencia,1,1,NA,2020/02/06,2020/02/07,0,"9,2",90
Habitaciones Valero,3735725,NA,Valencia,1,1,€ 55,2020/02/06,2020/02/07,0,"8,1",90
STYLISH APARTMENT - CITY CENTER,2861517,NA,Valencia,1,1,€ 120,2020/02/06,2020/02/07,0,"7,8",90
Ilunion Valencia 3,92818,NA,Valencia,1,1,€ 164,2020/02/06,2020/02/07,3,"7,9",90
Valero Vintage,3315727,NA,Valencia,1,1,€ 55,2020/02/06,2020/02/07,0,8,90
Nanit Valencia Hostel,3913497,NA,Valencia,1,1,€ 55,2020/02/06,2020/02/07,0,"8,4",90
Hostal Abastos,257057,NA,Valencia,1,1,€ 55,2020/02/06,2020/02/07,2,"8,2",90
Pension MonaLisa Luxury Suites,3834224,NA,Valencia,1,1,€ 56,2020/02/06,2020/02/07,0,"8,2",90
Hotel Beleret,94652,NA,Valencia,1,1,€ 171,2020/02/06,2020/02/07,3,"7,6",90
Apartamento Angel Alcazar 35,2174625,NA,Valencia,1,1,€ 175,2020/02/06,2020/02/07,0,"7,5",90
SingularStays Mar44,1002060,NA,Valencia,1,1,NA,2020/02/06,2020/02/07,0,"8,7",90
Apartamentos Valencia,1007682,NA,Valencia,1,1,€ 60,2020/02/06,2020/02/07,0,"8,1",90
Xativa Terrace II,1760138,NA,Valencia,1,1,NA,2020/02/06,2020/02/07,0,"9,1",90
Aparthotel Valencia Rental,17344,NA,Valencia,1,1,€ 61,2020/02/06,2020/02/07,0,8,90
Select Home Town Hall,1648016,NA,Valencia,1,1,€ 200,2020/02/06,2020/02/07,0,"7,5",90
Happy Apartments Valencia – Lope de Vega,575582,NA,Valencia,1,1,€ 63,2020/02/06,2020/02/07,0,"8,1",90
Malvarrosa Calle Pavia,3608764,NA,Valencia,1,1,€ 271,2020/02/06,2020/02/07,0,"7,9",90
Apartment Plaza de la Merced,3457190,NA,Valencia,1,1,€ 470,2020/02/06,2020/02/07,0,"7,9",90
Happy Apartments Valencia,456043,NA,Valencia,1,1,€ 63,2020/02/06,2020/02/07,0,"8,2",90
United Colors of Apartments - Catedral,1301545,NA,Valencia,1,1,€ 64,2020/02/06,2020/02/07,0,"8,2",90
Zen House,3671621,NA,Valencia,1,1,€ 39,2020/02/06,2020/02/07,0,"7,1",90
Alex Apartment,1756374,NA,Valencia,1,1,€ 64,2020/02/06,2020/02/07,0,8,90
B&B El Mercat,2203530,NA,Valencia,1,1,€ 40,2020/02/06,2020/02/07,0,"7,2",90
B&B Hi Valencia Canovas,305349,NA,Valencia,1,1,€ 65,2020/02/06,2020/02/07,0,"8,3",90
Apartment on the beach-pool-WiFi-garage-Valencia,4525305,NA,Valencia,1,1,NA,2020/02/06,2020/02/07,0,9,90
Hostal Waksman,281139,NA,Valencia,1,1,€ 40,2020/02/06,2020/02/07,1,"7,4",90
Hotel Mediterraneo Valencia,92412,NA,Valencia,1,1,NA,2020/02/06,2020/02/07,3,"8,8",90
City Suites Apartments,3091106,NA,Valencia,1,1,€ 74,2020/02/06,2020/02/07,0,"8,3",90
Habitación con cama doble,4794909,NA,Valencia,1,1,€ 41,2020/02/06,2020/02/07,0,"7,4",90
Hotel Miramar,23332,NA,Valencia,1,1,€ 77,2020/02/06,2020/02/07,2,"8,4",90
Primus Valencia,331871,NA,Valencia,1,1,€ 79,2020/02/06,2020/02/07,4,"8,3",90
HOSTAL BED OF THE SEA,3974636,NA,Valencia,1,1,€ 50,2020/02/06,2020/02/07,0,"7,1",90
Habitacion PLaza Ayuntamiento,4365340,NA,Valencia,1,1,€ 50,2020/02/06,2020/02/07,0,"7,3",90
Apartamentos Dormavalencia,4450983,NA,Valencia,1,1,€ 86,2020/02/06,2020/02/07,0,"8,3",90
Plaza Redonda house.,4399973,NA,Valencia,1,1,€ 52,2020/02/06,2020/02/07,0,"7,4",90
Hostal la Barraca,350013,NA,Valencia,1,1,€ 60,2020/02/06,2020/02/07,0,"7,1",90
Hotel Villacarlos,90730,NA,Valencia,1,1,€ 86,2020/02/06,2020/02/07,3,8,90
Living Valencia - Patacona Beach 56,3718985,NA,Valencia,1,1,€ 74,2020/02/06,2020/02/07,0,"8,8",90
Estrella de russafa,5352439,NA,Valencia,1,1,€ 75,2020/02/06,2020/02/07,0,"8,7",90
Casa alta del mar,2542826,NA,Valencia,1,1,NA,2020/02/06,2020/02/07,0,"9,1",90
Valencia maritimo,3020748,NA,Valencia,1,1,€ 75,2020/02/06,2020/02/07,0,"8,8",90
Hulot B&B Valencia,585429,NA,Valencia,1,1,€ 77,2020/02/06,2020/02/07,0,"8,5",90
Host & Home,1663785,NA,Valencia,1,1,€ 78,2020/02/06,2020/02/07,0,"8,9",90
Homestay Carrer Sagun,5006434,NA,Valencia,1,1,€ 80,2020/02/06,2020/02/07,0,"8,8",90
Big spacious penthouse next to the sea,3289648,NA,Valencia,1,1,€ 80,2020/02/06,2020/02/07,0,"8,8",90
Valencian Apartment,2298621,NA,Valencia,1,1,€ 84,2020/02/06,2020/02/07,0,"8,9",90
MOM La Punta,3105661,NA,Valencia,1,1,NA,2020/02/06,2020/02/07,0,"9,4",90
Hotel Malcom and Barret,483261,NA,Valencia,1,1,€ 84,2020/02/06,2020/02/07,3,"8,7",90
Hi Valencia Cánovas,4312120,NA,Valencia,1,1,€ 85,2020/02/06,2020/02/07,0,"8,8",90
Casa de Maria,2467712,NA,Valencia,1,1,€ 85,2020/02/06,2020/02/07,0,"8,7",90
València Centre Torres de Quart,886289,NA,Valencia,1,1,€ 88,2020/02/06,2020/02/07,0,"8,9",90
Perla Apartments,3146781,NA,Valencia,1,1,€ 90,2020/02/06,2020/02/07,0,"8,7",90
Habitación doble,3599930,NA,Valencia,1,1,€ 90,2020/02/06,2020/02/07,0,"8,9",90
Palau de Palomar,471283,NA,Valencia,1,1,NA,2020/02/06,2020/02/07,0,"9,1",90
YOU & CO. Saler Beach Boutique,4533007,NA,Valencia,1,1,€ 92,2020/02/06,2020/02/07,3,"8,9",90
Apartamentos Plaza Picasso,97063,NA,Valencia,1,1,€ 94,2020/02/06,2020/02/07,0,"8,5",90
València Centre Túria,2185255,NA,Valencia,1,1,€ 94,2020/02/06,2020/02/07,0,"8,8",90
Original Domino House,5434091,NA,Valencia,1,1,€ 99,2020/02/06,2020/02/07,0,"8,7",90
Suites by Eric Olsan (Florista),4726450,NA,Valencia,1,1,€ 101,2020/02/06,2020/02/07,0,"8,5",90
Casa del Patriarca,364834,NA,Valencia,1,1,€ 105,2020/02/06,2020/02/07,0,"8,9",90
HQ Rooms Apartments San Vicente,2894429,NA,Valencia,1,1,NA,2020/02/06,2020/02/07,0,"9,2",90
New Trendy apartment,2426154,NA,Valencia,1,1,€ 110,2020/02/06,2020/02/07,0,"8,6",90
Apartamento Sofia,2552406,NA,Valencia,1,1,€ 110,2020/02/06,2020/02/07,0,"8,8",90
Citizentral Gascons,332095,NA,Valencia,1,1,€ 111,2020/02/06,2020/02/07,0,"8,8",90
Plaza de la Virgen,3167342,NA,Valencia,1,1,€ 120,2020/02/06,2020/02/07,0,"8,8",90
Casual del Cine Valencia,572187,NA,Valencia,1,1,€ 121,2020/02/06,2020/02/07,2,"8,6",90
