name,propertyId,propertyType,city,rooms,days,price,checkIn,checkOut,stars,score,advance
Happy Apartments Valencia – Lope de Vega,575582,NA,Valencia,1,1,€ 54,2019/11/13,2019/11/14,0,"8,1",7
Dormavalencia Hostel,249585,NA,Valencia,1,1,€ 55,2019/11/13,2019/11/14,1,"8,2",7
La Morella del Carmen,5188541,NA,Valencia,1,1,NA,2019/11/13,2019/11/14,0,"9,4",7
Style Apartments Puerto,1558265,NA,Valencia,1,1,€ 57,2019/11/13,2019/11/14,0,"8,1",7
El Coso,14580,NA,Valencia,1,1,€ 60,2019/11/13,2019/11/14,3,"8,2",7
Sol Playa,12656,NA,Valencia,1,1,€ 60,2019/11/13,2019/11/14,2,"8,3",7
Alex Apartment,1756374,NA,Valencia,1,1,€ 60,2019/11/13,2019/11/14,0,8,7
Urban Youth Hostel,1163025,NA,Valencia,1,1,€ 60,2019/11/13,2019/11/14,0,"8,4",7
Hotel Miramar,23332,NA,Valencia,1,1,€ 61,2019/11/13,2019/11/14,2,"8,4",7
agave flat,2793399,NA,Valencia,1,1,NA,2019/11/13,2019/11/14,0,"9,1",7
Eurostars Gran Valencia,90484,NA,Valencia,1,1,€ 61,2019/11/13,2019/11/14,4,"8,4",7
Apartment Vicent,1674495,NA,Valencia,1,1,€ 62,2019/11/13,2019/11/14,0,"8,3",7
Ilunion Aqua 3,92776,NA,Valencia,1,1,€ 63,2019/11/13,2019/11/14,3,"8,3",7
MD Modern Hotel - Jardines,305447,NA,Valencia,1,1,€ 63,2019/11/13,2019/11/14,1,"8,3",7
NH Valencia Las Ciencias,90725,NA,Valencia,1,1,€ 64,2019/11/13,2019/11/14,3,8,7
L'Otelet By Sweet,1467935,NA,Valencia,1,1,€ 64,2019/11/13,2019/11/14,0,"8,3",7
Rooms Valencia Center,5507857,NA,Valencia,1,1,€ 50,2019/11/13,2019/11/14,0,"7,8",7
BUBUSUITES by Bubuflats,2389776,NA,Valencia,1,1,€ 75,2019/11/13,2019/11/14,0,"9,3",7
Habitación Doble Puerto de Valencia,3187483,NA,Valencia,1,1,NA,2019/11/13,2019/11/14,0,9,7
Valero Vintage,3315727,NA,Valencia,1,1,€ 64,2019/11/13,2019/11/14,0,8,7
Reina 12,1684198,NA,Valencia,1,1,€ 64,2019/11/13,2019/11/14,0,"8,3",7
Apartamentos el Pilar,237104,NA,Valencia,1,1,€ 65,2019/11/13,2019/11/14,0,8,7
City Garden Bed and Breakfast,2204361,NA,Valencia,1,1,€ 76,2019/11/13,2019/11/14,0,"9,4",7
La Casa Verde - Ruzafa,2029143,NA,Valencia,1,1,NA,2019/11/13,2019/11/14,0,"9,7",7
Center City Flats,861452,NA,Valencia,1,1,€ 77,2019/11/13,2019/11/14,0,9,7
HQ Rooms Apartments San Vicente,2894429,NA,Valencia,1,1,€ 77,2019/11/13,2019/11/14,0,"9,2",7
Valenciaflats Mercado Central,307677,NA,Valencia,1,1,€ 79,2019/11/13,2019/11/14,0,9,7
Apartamento bianca,3205847,NA,Valencia,1,1,€ 80,2019/11/13,2019/11/14,0,"9,1",7
Casual de la Música Valencia,273130,NA,Valencia,1,1,€ 51,2019/11/13,2019/11/14,2,"7,5",7
Apartments Catedral,309686,NA,Valencia,1,1,NA,2019/11/13,2019/11/14,0,"8,8",7
Patacona Green Flats,292996,NA,Valencia,1,1,€ 51,2019/11/13,2019/11/14,0,"7,6",7
Casa de Vacaciones Pintor Vilar,2093863,NA,Valencia,1,1,€ 222,2019/11/13,2019/11/14,0,"8,9",7
Citizentral Juristas,1113127,NA,Valencia,1,1,€ 82,2019/11/13,2019/11/14,0,"9,2",7
Loft zona Pechina en Valencia centro,2524985,NA,Valencia,1,1,€ 83,2019/11/13,2019/11/14,0,"9,1",7
Cool Loft Malvarrosa Beach,4309218,NA,Valencia,1,1,NA,2019/11/13,2019/11/14,0,"9,5",7
Hotel Valencia Alameda,4019381,NA,Valencia,1,1,€ 84,2019/11/13,2019/11/14,4,"9,2",7
Expo Hotel Valencia,91223,NA,Valencia,1,1,€ 53,2019/11/13,2019/11/14,3,"7,6",7
Casual Civilizaciones Valencia,449777,NA,Valencia,1,1,€ 54,2019/11/13,2019/11/14,0,"7,9",7
Como en casa,4802186,NA,Valencia,1,1,€ 54,2019/11/13,2019/11/14,0,"7,9",7
Cosy Rooms Tapinería,371192,NA,Valencia,1,1,€ 54,2019/11/13,2019/11/14,2,"7,5",7
Bubuflats Bubu 5,1283519,NA,Valencia,1,1,€ 85,2019/11/13,2019/11/14,0,"9,1",7
Dama Del Puerto,3230781,NA,Valencia,1,1,€ 85,2019/11/13,2019/11/14,0,9,7
Sorolla Centro,90896,NA,Valencia,1,1,€ 88,2019/11/13,2019/11/14,3,"9,1",7
SHF Flats Baron,1033085,NA,Valencia,1,1,€ 65,2019/11/13,2019/11/14,0,8,7
Apartamento Ciudad de las Artes y las Ciencias,4353552,NA,Valencia,1,1,€ 65,2019/11/13,2019/11/14,0,"8,1",7
Hotel Medium Valencia,96838,NA,Valencia,1,1,€ 68,2019/11/13,2019/11/14,4,"8,2",7
Hotel Turia,14441,NA,Valencia,1,1,€ 55,2019/11/13,2019/11/14,4,"7,5",7
Apartamento Torres,1887853,NA,Valencia,1,1,NA,2019/11/13,2019/11/14,0,"8,9",7
SHF Plaza de la Reina,1682520,NA,Valencia,1,1,€ 55,2019/11/13,2019/11/14,0,"7,8",7
SingularStays Parque Central,3054000,NA,Valencia,1,1,€ 249,2019/11/13,2019/11/14,0,"8,8",7
Reino de Valencia Apartments,453225,NA,Valencia,1,1,NA,2019/11/13,2019/11/14,0,9,7
Center Valencia Youth Hostel,246931,NA,Valencia,1,1,€ 14,2019/11/13,2019/11/14,0,8,7
B&B Hotel Valencia Ciudad de las Ciencias,92242,NA,Valencia,1,1,€ 56,2019/11/13,2019/11/14,3,"7,5",7
City Center Apartments,4426057,NA,Valencia,1,1,€ 56,2019/11/13,2019/11/14,0,"7,8",7
Checkin Valencia,93743,NA,Valencia,1,1,€ 58,2019/11/13,2019/11/14,4,"7,7",7
Double Room in VALENCIA,5665653,NA,Valencia,1,1,€ 30,2019/11/13,2019/11/14,0,"8,4",7
Red Nest Hostel,92283,NA,Valencia,1,1,€ 34,2019/11/13,2019/11/14,0,"8,2",7
Purple Nest Hostel,25278,NA,Valencia,1,1,€ 38,2019/11/13,2019/11/14,0,"8,2",7
Plaza de la Virgen,3167342,NA,Valencia,1,1,€ 120,2019/11/13,2019/11/14,0,"8,8",7
Friendly Rentals Gala,1634252,NA,Valencia,1,1,€ 120,2019/11/13,2019/11/14,0,"8,8",7
APARTAMENTO CENTRICO. WI-FI. PARKING,2967593,NA,Valencia,1,1,NA,2019/11/13,2019/11/14,0,"9,1",7
Mediterranean Flats Plaza Redonda,4086496,NA,Valencia,1,1,€ 131,2019/11/13,2019/11/14,0,"9,2",7
Duplex en Blasco Ibáñez,3672426,NA,Valencia,1,1,€ 132,2019/11/13,2019/11/14,0,9,7
AMAZING HOUSE- BEST LOCATION!,4728031,NA,Valencia,1,1,NA,2019/11/13,2019/11/14,0,"9,6",7
Biopark View Apartment,2381901,NA,Valencia,1,1,€ 88,2019/11/13,2019/11/14,0,9,7
Palacio de Rojas,1073276,NA,Valencia,1,1,€ 89,2019/11/13,2019/11/14,0,"9,3",7
Disfruta - Enjoy Valencia Ruzafa,3890328,NA,Valencia,1,1,NA,2019/11/13,2019/11/14,0,"9,7",7
El Globo,24498,NA,Valencia,1,1,€ 60,2019/11/13,2019/11/14,1,"7,7",7
City of Arts & Spa Apartment,4820684,NA,Valencia,1,1,€ 65,2019/11/13,2019/11/14,0,"7,9",7
Namaste Rooms,3799642,NA,Valencia,1,1,NA,2019/11/13,2019/11/14,0,"8,7",7
Jero Rooms,296743,NA,Valencia,1,1,€ 66,2019/11/13,2019/11/14,0,"7,6",7
Friendly Rentals Montaner Beach,2314997,NA,Valencia,1,1,€ 140,2019/11/13,2019/11/14,0,9,7
Apartamento Playa Wifi Gratis,3495634,NA,Valencia,1,1,€ 140,2019/11/13,2019/11/14,0,"9,3",7
Oceanográfico Apartments & Spa,324918,NA,Valencia,1,1,€ 70,2019/11/13,2019/11/14,0,"7,6",7
Torres Quart,3702234,NA,Valencia,1,1,€ 71,2019/11/13,2019/11/14,0,"7,5",7
MYR Hotel Plaza Mercado & Spa,1619029,NA,Valencia,1,1,€ 89,2019/11/13,2019/11/14,0,"9,2",7
Teixidors de Palomar,2639791,NA,Valencia,1,1,€ 89,2019/11/13,2019/11/14,0,"9,3",7
MD Design Hotel - Portal del Real,2391685,NA,Valencia,1,1,€ 90,2019/11/13,2019/11/14,2,"9,1",7
Apartamento Giorgeta,2580538,NA,Valencia,1,1,€ 90,2019/11/13,2019/11/14,0,9,7
SEA YOU HOTEL PORT VALENCIA,92328,NA,Valencia,1,1,€ 72,2019/11/13,2019/11/14,4,"7,8",7
El 16 Ruzafa,865461,NA,Valencia,1,1,€ 74,2019/11/13,2019/11/14,0,"7,7",7
Apartamento Alguer,4005334,NA,Valencia,1,1,€ 75,2019/11/13,2019/11/14,0,"7,6",7
Habitacion en Valencia Barata,4861796,NA,Valencia,1,1,€ 40,2019/11/13,2019/11/14,0,"8,2",7
Habitaciones con Encanto,5629632,NA,Valencia,1,1,€ 40,2019/11/13,2019/11/14,0,"8,1",7
Estudio Abuhardillado,2888302,NA,Valencia,1,1,NA,2019/11/13,2019/11/14,0,"9,3",7
Habitacion en Valencia,4861732,NA,Valencia,1,1,€ 45,2019/11/13,2019/11/14,0,"8,4",7
Aparthotel Valencia Rental,17344,NA,Valencia,1,1,€ 47,2019/11/13,2019/11/14,0,8,7
Pension MonaLisa Luxury Suites,3834224,NA,Valencia,1,1,€ 48,2019/11/13,2019/11/14,0,"8,2",7
Coroa Malvarrosa,1638172,NA,Valencia,1,1,€ 48,2019/11/13,2019/11/14,0,"8,2",7
Hostal Abastos,257057,NA,Valencia,1,1,€ 48,2019/11/13,2019/11/14,2,"8,2",7
Nanit Valencia Hostel,3913497,NA,Valencia,1,1,€ 49,2019/11/13,2019/11/14,0,"8,4",7
Maestro Rodrigo Apartment,3494154,NA,Valencia,1,1,NA,2019/11/13,2019/11/14,0,"9,2",7
Apartamentos En Plom,3666575,NA,Valencia,1,1,€ 49,2019/11/13,2019/11/14,0,"8,1",7
Isabel,4442066,NA,Valencia,1,1,€ 122,2019/11/13,2019/11/14,0,"8,6",7
Apartamento Gran Vía Marqués del Turia,2358973,NA,Valencia,1,1,€ 123,2019/11/13,2019/11/14,0,"8,5",7
Living Valencia - Olympia House,2215435,NA,Valencia,1,1,€ 125,2019/11/13,2019/11/14,0,"8,5",7
Barceló Valencia,91988,NA,Valencia,1,1,€ 125,2019/11/13,2019/11/14,4,"8,7",7
Apartment in the Quart Towers II,4947694,NA,Valencia,1,1,€ 126,2019/11/13,2019/11/14,0,"8,7",7
Apartamento Sofia,2552406,NA,Valencia,1,1,€ 130,2019/11/13,2019/11/14,0,"8,8",7
Olvida tu Reloj Montichelvo Apartment,3258095,NA,Valencia,1,1,€ 91,2019/11/13,2019/11/14,0,"9,4",7
apartamento las torres-botanico,4694090,NA,Valencia,1,1,€ 94,2019/11/13,2019/11/14,0,9,7
Constitución,4229663,NA,Valencia,1,1,NA,2019/11/13,2019/11/14,0,"9,6",7
Sun Apartament Valencia @ City Arts & Sciences + Parking,3287719,NA,Valencia,1,1,NA,2019/11/13,2019/11/14,0,"9,2",7
Vincci Palace,94163,NA,Valencia,1,1,€ 132,2019/11/13,2019/11/14,4,"8,7",7
Hospes Palau de La Mar,93823,NA,Valencia,1,1,€ 140,2019/11/13,2019/11/14,5,"8,8",7
Friendly Rentals Ferrero,2314984,NA,Valencia,1,1,€ 140,2019/11/13,2019/11/14,0,"8,8",7
Apartamentos Wallace,1698355,NA,Valencia,1,1,€ 95,2019/11/13,2019/11/14,0,"9,2",7
Apartamento Ruzafa Centro I,2006333,NA,Valencia,1,1,€ 99,2019/11/13,2019/11/14,0,"9,2",7
Apartamento Ruzafa Centro II,3718518,NA,Valencia,1,1,€ 99,2019/11/13,2019/11/14,0,9,7
STYLISH APARTMENT - CITY CENTER,2861517,NA,Valencia,1,1,€ 120,2019/11/13,2019/11/14,0,"7,8",7
Select Home Town Hall,1648016,NA,Valencia,1,1,€ 130,2019/11/13,2019/11/14,0,"7,5",7
Olvida tu Reloj Congresos Apartment,2448036,NA,Valencia,1,1,€ 100,2019/11/13,2019/11/14,0,"9,2",7
Hotel Boutique Balandret,1281710,NA,Valencia,1,1,€ 100,2019/11/13,2019/11/14,3,"9,2",7
Apartamento Rosaleda,3014201,NA,Valencia,1,1,NA,2019/11/13,2019/11/14,0,"8,9",7
Friendly Rentals Danna,1634254,NA,Valencia,1,1,€ 140,2019/11/13,2019/11/14,0,"7,6",7
Musico Peydro Apartments,3765069,NA,Valencia,1,1,€ 271,2019/11/13,2019/11/14,0,"7,9",7
MD Art Apartment Ruzafa,2550955,NA,Valencia,1,1,€ 271,2019/11/13,2019/11/14,0,"7,6",7
MD Benlliure Beach.,1957258,NA,Valencia,1,1,€ 271,2019/11/13,2019/11/14,0,"7,8",7
Select Home Paz Apartment,1687820,NA,Valencia,1,1,€ 300,2019/11/13,2019/11/14,0,"7,8",7
MD Oliag I Apartment Ruzafa,2867488,NA,Valencia,1,1,€ 317,2019/11/13,2019/11/14,0,"7,6",7
B&B Hi Valencia Boutique,1301725,NA,Valencia,1,1,NA,2019/11/13,2019/11/14,0,"8,7",7
Enjoy Flat Valencia,3991548,NA,Valencia,1,1,€ 145,2019/11/13,2019/11/14,0,"8,6",7
El Cactus,3201028,NA,Valencia,1,1,€ 145,2019/11/13,2019/11/14,0,"8,9",7
Sunrise Apartments,640409,NA,Valencia,1,1,NA,2019/11/13,2019/11/14,0,"8,9",7
OYO Pensión El Rincón,476031,NA,Valencia,1,1,€ 76,2019/11/13,2019/11/14,1,"7,5",7
Apartamento Angel Alcazar 35,2174625,NA,Valencia,1,1,€ 80,2019/11/13,2019/11/14,0,"7,5",7
Almiserat,3054886,NA,Valencia,1,1,€ 60,2019/11/13,2019/11/14,0,"7,1",7
Art of Dance Apartment Valencia,3732969,NA,Valencia,1,1,€ 85,2019/11/13,2019/11/14,0,"7,7",7
Suites by Eric Olsan (Peset),4726296,NA,Valencia,1,1,€ 89,2019/11/13,2019/11/14,0,"7,6",7
Suites by Eric Olsan (L),4287413,NA,Valencia,1,1,€ 89,2019/11/13,2019/11/14,0,"7,5",7
Apartamento LUXURY CENTRO HISTORICO,3664772,NA,Valencia,1,1,€ 149,2019/11/13,2019/11/14,0,"8,6",7
Piso en Malvarrosa,2574698,NA,Valencia,1,1,NA,2019/11/13,2019/11/14,0,"9,1",7
Select Home Mercado de Colón,2960845,NA,Valencia,1,1,€ 150,2019/11/13,2019/11/14,0,"8,9",7
CALLE BAJA CIUTAT VELLA,3687463,NA,Valencia,1,1,€ 150,2019/11/13,2019/11/14,0,"8,8",7
La Flamenca,818359,NA,Valencia,1,1,€ 60,2019/11/13,2019/11/14,0,"7,2",7
SingularStays San Vicente,1423172,NA,Valencia,1,1,NA,2019/11/13,2019/11/14,0,"8,8",7
Geography and Arts.,3569110,NA,Valencia,1,1,€ 60,2019/11/13,2019/11/14,0,"7,2",7
Friendly Rentals Vives 2,2523871,NA,Valencia,1,1,€ 155,2019/11/13,2019/11/14,0,"8,8",7
MIhotelitoespecial,3573906,NA,Valencia,1,1,€ 160,2019/11/13,2019/11/14,0,"8,6",7
Puerta de Serranos,2734333,NA,Valencia,1,1,€ 161,2019/11/13,2019/11/14,0,"8,9",7
Apartment Horticultor Bosch,1148669,NA,Valencia,1,1,€ 60,2019/11/13,2019/11/14,0,"7,3",7
Accommodation Beach Apartments,1001766,NA,Valencia,1,1,€ 64,2019/11/13,2019/11/14,0,"7,1",7
Valencia Apartmans El Carmen,847910,NA,Valencia,1,1,€ 68,2019/11/13,2019/11/14,0,"7,3",7
Malvarrosa Beach Rooms,314048,NA,Valencia,1,1,€ 68,2019/11/13,2019/11/14,2,7,7
Friendly Rentals Rey,1634248,NA,Valencia,1,1,€ 140,2019/11/13,2019/11/14,0,9,7
ARENAS 2 APARTAMENT,2808815,NA,Valencia,1,1,€ 150,2019/11/13,2019/11/14,0,9,7
Friendly Rentals Mercado Central,3220956,NA,Valencia,1,1,€ 150,2019/11/13,2019/11/14,0,"9,2",7
B BEACH VALENCIA,5125954,NA,Valencia,1,1,€ 150,2019/11/13,2019/11/14,0,9,7
Waksman,2261109,NA,Valencia,1,1,NA,2019/11/13,2019/11/14,0,"9,7",7
Las Arenas Balneario Resort,91144,NA,Valencia,1,1,€ 162,2019/11/13,2019/11/14,5,9,7
Apartamento Gutenberg,1327120,NA,Valencia,1,1,€ 49,2019/11/13,2019/11/14,0,"8,2",7
Dormavalencia Hostel Regne,291755,NA,Valencia,1,1,€ 50,2019/11/13,2019/11/14,1,8,7
United Colors of Apartments - Catedral,1301545,NA,Valencia,1,1,€ 50,2019/11/13,2019/11/14,0,"8,2",7
Cathedral Suites Hotel,1736257,NA,Valencia,1,1,€ 163,2019/11/13,2019/11/14,4,"8,9",7
Tramontana Apartments,1277215,NA,Valencia,1,1,NA,2019/11/13,2019/11/14,0,9,7
Canela`s Vintage Ruzafa Centro,4652584,NA,Valencia,1,1,€ 165,2019/11/13,2019/11/14,0,"8,5",7
The Westin Valencia,93321,NA,Valencia,1,1,€ 168,2019/11/13,2019/11/14,5,"8,7",7
MARQUÉS HOUSE 4* SUP,2118880,NA,Valencia,1,1,€ 164,2019/11/13,2019/11/14,4,"9,4",7
Arena's Apartament,2156905,NA,Valencia,1,1,€ 170,2019/11/13,2019/11/14,0,9,7
Loft Superior el Carmen,2784473,NA,Valencia,1,1,€ 209,2019/11/13,2019/11/14,0,"9,3",7
Mi casa es vuestra casa,4967097,NA,Valencia,1,1,€ 70,2019/11/13,2019/11/14,0,"7,1",7
Moon Valencia,3560698,NA,Valencia,1,1,NA,2019/11/13,2019/11/14,0,"8,8",7
HOSTAL BED OF THE SEA,3974636,NA,Valencia,1,1,€ 80,2019/11/13,2019/11/14,0,"7,1",7
Guest House Samuel Ros,4161855,NA,Valencia,1,1,€ 24,2019/11/13,2019/11/14,0,"7,2",7
Rooms Central Valencia,5374651,NA,Valencia,1,1,€ 30,2019/11/13,2019/11/14,0,7,7
Apartment de las Ciencias,2287125,NA,Valencia,1,1,€ 39,2019/11/13,2019/11/14,0,"7,2",7
Habitacion PLaza Ayuntamiento,4365340,NA,Valencia,1,1,€ 40,2019/11/13,2019/11/14,0,"7,3",7
Select Home Mercado Central,440757,NA,Valencia,1,1,€ 140,2019/11/13,2019/11/14,0,"7,3",7
Select Home Catedral,440778,NA,Valencia,1,1,€ 140,2019/11/13,2019/11/14,0,"7,1",7
Best Valencia Beach Flat,3246772,NA,Valencia,1,1,€ 190,2019/11/13,2019/11/14,0,"7,1",7
Ca Carmela,2466364,NA,Valencia,1,1,€ 225,2019/11/13,2019/11/14,0,"9,1",7
Caro Hotel,348132,NA,Valencia,1,1,€ 229,2019/11/13,2019/11/14,5,"9,2",7
Apartment Denia 66,1545445,NA,Valencia,1,1,NA,2019/11/13,2019/11/14,0,"9,7",7
MD Puerto Rico Apartment Ruzafa,3737151,NA,Valencia,1,1,€ 289,2019/11/13,2019/11/14,0,"7,4",7
MD Villalonga Malvarosa Beach,3739661,NA,Valencia,1,1,€ 430,2019/11/13,2019/11/14,0,7,7
Center Puerto Apartments,4875083,NA,Valencia,1,1,NA,2019/11/13,2019/11/14,0,"8,8",7
Guest House Lebon,3124256,NA,Valencia,1,1,€ 24,2019/11/13,2019/11/14,0,"6,8",7
Apartamentos Marina Beach,2661874,NA,Valencia,1,1,€ 50,2019/11/13,2019/11/14,0,"8,2",7
Apartamentos Valencia,1007682,NA,Valencia,1,1,€ 50,2019/11/13,2019/11/14,0,"8,1",7
12 Carrer del Bisbe,4681037,NA,Valencia,1,1,NA,2019/11/13,2019/11/14,0,9,7
Old Fisherman's House in Malvarrosa Beach,3618172,NA,Valencia,1,1,€ 234,2019/11/13,2019/11/14,0,"9,4",7
MD Julio Antonio Apartment Center,3961049,NA,Valencia,1,1,€ 285,2019/11/13,2019/11/14,0,"9,2",7
The River Hostel,494202,NA,Valencia,1,1,€ 20,2019/11/13,2019/11/14,0,"8,5",7
Carlos & Ana,2079019,NA,Valencia,1,1,€ 185,2019/11/13,2019/11/14,0,"8,9",7
Exclusive Beach Apartment,4641691,NA,Valencia,1,1,€ 205,2019/11/13,2019/11/14,0,"8,9",7
Vlc Apartaments el Carmen,389902,NA,Valencia,1,1,€ 214,2019/11/13,2019/11/14,0,"8,5",7
Habitación con cama doble,4794909,NA,Valencia,1,1,€ 41,2019/11/13,2019/11/14,0,"7,4",7
NWT Central Station Valencia,1647017,NA,Valencia,1,1,€ 44,2019/11/13,2019/11/14,0,"7,1",7
Flatsforyou Cabanyal,2800327,NA,Valencia,1,1,NA,2019/11/13,2019/11/14,0,"8,9",7
Plaza Redonda house.,4399973,NA,Valencia,1,1,€ 45,2019/11/13,2019/11/14,0,"7,4",7
Flatsforyou Ruzafa,3342696,NA,Valencia,1,1,€ 100,2019/11/13,2019/11/14,0,"8,7",7
Apartamentos Valencia - Brazil 31 Free WiFi,4948554,NA,Valencia,1,1,€ 101,2019/11/13,2019/11/14,0,"8,7",7
Brugada home,5259150,NA,Valencia,1,1,€ 45,2019/11/13,2019/11/14,0,7,7
Sampedor Apartment,435662,NA,Valencia,1,1,€ 49,2019/11/13,2019/11/14,0,"7,1",7
B&B El Mercat,2203530,NA,Valencia,1,1,€ 50,2019/11/13,2019/11/14,0,"7,2",7
Masatepe Room Valencia,5687127,NA,Valencia,1,1,€ 30,2019/11/13,2019/11/14,0,"8,7",7
Art&Flats Bed&Breakfast,5238345,NA,Valencia,1,1,€ 30,2019/11/13,2019/11/14,0,"8,8",7
Pensión Alicante,298710,NA,Valencia,1,1,€ 37,2019/11/13,2019/11/14,0,"8,5",7
Hideout 26,5658117,NA,Valencia,1,1,NA,2019/11/13,2019/11/14,0,"9,9",7
Hostal Residencial RR,450746,NA,Valencia,1,1,€ 50,2019/11/13,2019/11/14,0,7,7
Centro Valencia Calle Cerrajeros,3476261,NA,Valencia,1,1,€ 50,2019/11/13,2019/11/14,0,"7,1",7
Apartamento Con Vistas Espectaculares,2789610,NA,Valencia,1,1,NA,2019/11/13,2019/11/14,0,"8,9",7
Cosy Rooms Bolsería,371606,NA,Valencia,1,1,€ 54,2019/11/13,2019/11/14,2,"7,4",7
YOU & CO. Saler Beach Boutique,4533007,NA,Valencia,1,1,€ 40,2019/11/13,2019/11/14,3,"8,9",7
Habitación en piso compartido,5433175,NA,Valencia,1,1,€ 40,2019/11/13,2019/11/14,0,"8,9",7
Quart Youth Hostel,476418,NA,Valencia,1,1,€ 45,2019/11/13,2019/11/14,0,"8,6",7
Rooms Jardin Botanico,5423036,NA,Valencia,1,1,€ 30,2019/11/13,2019/11/14,0,"6,9",7
Apartment Valencia Denia,1968489,NA,Valencia,1,1,€ 42,2019/11/13,2019/11/14,0,"6,5",7
Habitación en Colon,2246576,NA,Valencia,1,1,€ 45,2019/11/13,2019/11/14,0,"6,7",7
SHF Sevilla Loft,850157,NA,Valencia,1,1,€ 55,2019/11/13,2019/11/14,0,"7,3",7
Hostal la Barraca,350013,NA,Valencia,1,1,€ 55,2019/11/13,2019/11/14,0,"7,1",7
Living Valencia - Caballeros,3996637,NA,Valencia,1,1,€ 56,2019/11/13,2019/11/14,0,"7,4",7
Russafa Youth Hostel,345134,NA,Valencia,1,1,€ 45,2019/11/13,2019/11/14,0,"8,6",7
Homestay Carrer Sagun,5006434,NA,Valencia,1,1,€ 45,2019/11/13,2019/11/14,0,"8,8",7
Ruzafa Rooms,2891693,NA,Valencia,1,1,€ 48,2019/11/13,2019/11/14,0,"6,8",7
Hogar Dulce Hogar,5426607,NA,Valencia,1,1,€ 63,2019/11/13,2019/11/14,0,"6,8",7
Apartamentos City Beach Lluch,2130664,NA,Valencia,1,1,NA,2019/11/13,2019/11/14,0,"8,7",7
NWT Monserrat,3728842,NA,Valencia,1,1,€ 64,2019/11/13,2019/11/14,0,"6,9",7
Premium Apartments,486507,NA,Valencia,1,1,€ 69,2019/11/13,2019/11/14,0,"6,9",7
La Casa dei Fiori,2849727,NA,Valencia,1,1,€ 83,2019/11/13,2019/11/14,0,"6,9",7
Casita Esmeralda,2040126,NA,Valencia,1,1,€ 114,2019/11/13,2019/11/14,0,"6,5",7
Select Home Boutique Center,387770,NA,Valencia,1,1,€ 160,2019/11/13,2019/11/14,0,"6,8",7
Cosy Rooms Embajador,369728,NA,Valencia,1,1,€ 58,2019/11/13,2019/11/14,2,"7,4",7
B&B Hi Valencia Canovas,305349,NA,Valencia,1,1,€ 51,2019/11/13,2019/11/14,0,"8,3",7
Happy Apartments Valencia,456043,NA,Valencia,1,1,€ 52,2019/11/13,2019/11/14,0,"8,2",7
Living Valencia - Tetuán,3217954,NA,Valencia,1,1,€ 52,2019/11/13,2019/11/14,0,"8,1",7
Quart Apartment,1537986,NA,Valencia,1,1,NA,2019/11/13,2019/11/14,0,"9,2",7
Ilunion Valencia 4,754329,NA,Valencia,1,1,€ 68,2019/11/13,2019/11/14,4,"8,1",7
Sweet Hotel Renasa,274818,NA,Valencia,1,1,€ 69,2019/11/13,2019/11/14,3,8,7
Residencia Universitaria Damia Bonet,247451,NA,Valencia,1,1,€ 69,2019/11/13,2019/11/14,0,"8,3",7
Valenciaflats Torres de Serrano,17468,NA,Valencia,1,1,€ 69,2019/11/13,2019/11/14,0,"8,3",7
NH Ciudad de Valencia,90729,NA,Valencia,1,1,€ 69,2019/11/13,2019/11/14,3,"8,1",7
Apartamento Calle Lorca,2111733,NA,Valencia,1,1,NA,2019/11/13,2019/11/14,0,"9,4",7
AC Hotel Colon Valencia,1117150,NA,Valencia,1,1,€ 102,2019/11/13,2019/11/14,4,"8,7",7
Sercotel Sorolla Palace,93646,NA,Valencia,1,1,€ 104,2019/11/13,2019/11/14,4,"8,6",7
Loft en Ruzafa,5739487,NA,Valencia,1,1,€ 102,2019/11/13,2019/11/14,0,,7
Valencia City Apartment,5460796,NA,Valencia,1,1,€ 105,2019/11/13,2019/11/14,0,,7
Carrera Luxury,388247,NA,Valencia,1,1,NA,2019/11/13,2019/11/14,0,"8,6",7
EL ATICO,5680427,NA,Valencia,1,1,€ 107,2019/11/13,2019/11/14,0,,7
Apartamento en calle Beneficencia,4831426,NA,Valencia,1,1,€ 110,2019/11/13,2019/11/14,0,,7
SORNELLS-RUZAFA,3671921,NA,Valencia,1,1,€ 120,2019/11/13,2019/11/14,0,,7
Piso cercano al centro ( 5 min BUS),5607299,NA,Valencia,1,1,€ 120,2019/11/13,2019/11/14,0,,7
Suit AVE (Valencia),5726860,NA,Valencia,1,1,€ 130,2019/11/13,2019/11/14,0,,7
Melia Plaza Valencia,13270,NA,Valencia,1,1,€ 105,2019/11/13,2019/11/14,4,"8,9",7
Tranquilo Apartamento En Plaza Cisneros,3127388,NA,Valencia,1,1,€ 105,2019/11/13,2019/11/14,0,"8,8",7
ValentiaApartments - MercadoCentral,4185241,NA,Valencia,1,1,€ 105,2019/11/13,2019/11/14,0,"8,8",7
Up Town,2244083,NA,Valencia,1,1,€ 53,2019/11/13,2019/11/14,0,"8,2",7
7 Moons Bed & Breakfast,464187,NA,Valencia,1,1,€ 53,2019/11/13,2019/11/14,0,"8,4",7
Lotelito,570027,NA,Valencia,1,1,€ 105,2019/11/13,2019/11/14,0,"8,9",7
Vivaldi Center City,2791614,NA,Valencia,1,1,NA,2019/11/13,2019/11/14,0,"9,1",7
Melia Valencia,290493,NA,Valencia,1,1,€ 105,2019/11/13,2019/11/14,4,"8,8",7
Friendly Rentals Pergolesi,1634240,NA,Valencia,1,1,€ 105,2019/11/13,2019/11/14,0,"8,5",7
Friendly Rentals Ravel I,1634234,NA,Valencia,1,1,€ 105,2019/11/13,2019/11/14,0,"8,8",7
NEW! Apartamento Ciudad de las Artes,5733189,NA,Valencia,1,1,€ 155,2019/11/13,2019/11/14,0,,7
Apartamentos Turia,355328,NA,Valencia,1,1,NA,2019/11/13,2019/11/14,0,"8,6",7
ACOGEDOR - CON TERRAZA - EN EL PLENO CENTRO,5715086,NA,Valencia,1,1,€ 160,2019/11/13,2019/11/14,0,,7
Beach Luxury Apartment,5722332,NA,Valencia,1,1,€ 160,2019/11/13,2019/11/14,0,,7
City Suites Apartments,3091106,NA,Valencia,1,1,€ 70,2019/11/13,2019/11/14,0,"8,3",7
Eurostars Rey Don Jaime,91520,NA,Valencia,1,1,€ 71,2019/11/13,2019/11/14,4,"8,2",7
Valencia- El Carmen Peace & Rest,5494986,NA,Valencia,1,1,NA,2019/11/13,2019/11/14,0,9,7
Senator Parque Central Hotel,274963,NA,Valencia,1,1,€ 72,2019/11/13,2019/11/14,4,"8,1",7
Hotel Valencia Center,91285,NA,Valencia,1,1,€ 74,2019/11/13,2019/11/14,4,"8,4",7
Friendly Rentals Brade,1918694,NA,Valencia,1,1,€ 105,2019/11/13,2019/11/14,0,"8,8",7
Zenit Valencia,92327,NA,Valencia,1,1,€ 108,2019/11/13,2019/11/14,4,"8,8",7
Hotel Neptuno,91206,NA,Valencia,1,1,€ 108,2019/11/13,2019/11/14,4,"8,5",7
The Flow House,4762375,NA,Valencia,1,1,NA,2019/11/13,2019/11/14,0,"9,1",7
Buho House,3777691,NA,Valencia,1,1,€ 109,2019/11/13,2019/11/14,0,"8,5",7
One Shot Palacio Reina Victoria 04,90885,NA,Valencia,1,1,€ 109,2019/11/13,2019/11/14,4,"8,6",7
Vincci Lys,91183,NA,Valencia,1,1,€ 110,2019/11/13,2019/11/14,4,"8,9",7
The White Apartment: Luxury- Beach and Design,5631365,NA,Valencia,1,1,€ 167,2019/11/13,2019/11/14,0,,7
Luxury Port Aparment,5722648,NA,Valencia,1,1,€ 170,2019/11/13,2019/11/14,0,,7
Apartment Passeig de la Petxina,5695771,NA,Valencia,1,1,€ 195,2019/11/13,2019/11/14,0,,7
Apartment Carrer Ernesto Che Guevara,5598848,NA,Valencia,1,1,€ 211,2019/11/13,2019/11/14,0,,7
Ático cerca del mar,4040503,NA,Valencia,1,1,€ 75,2019/11/13,2019/11/14,0,"8,3",7
Apartamento Turistico en Valencia,2877605,NA,Valencia,1,1,€ 75,2019/11/13,2019/11/14,0,"8,1",7
Apartment in Valencia,2339175,NA,Valencia,1,1,€ 75,2019/11/13,2019/11/14,0,"8,2",7
piso cerca de la playa,3269379,NA,Valencia,1,1,NA,2019/11/13,2019/11/14,0,"8,6",7
"Flat ""Ca Alexandre""",3687859,NA,Valencia,1,1,€ 240,2019/11/13,2019/11/14,0,,7
Apartment in the Quart Towers,5730463,NA,Valencia,1,1,€ 248,2019/11/13,2019/11/14,0,,7
Apartment Carrer de Don Juan de Austria,5464038,NA,Valencia,1,1,€ 279,2019/11/13,2019/11/14,0,,7
Friendly Rentals Schubert,1634221,NA,Valencia,1,1,€ 110,2019/11/13,2019/11/14,0,"8,8",7
Noche en las Artes,3026891,NA,Valencia,1,1,€ 111,2019/11/13,2019/11/14,0,"8,5",7
NWT Central Station Apartments,3964093,NA,Valencia,1,1,€ 79,2019/11/13,2019/11/14,0,"8,2",7
Apartamento Joseph - luminoso y muy céntrico,4267950,NA,Valencia,1,1,NA,2019/11/13,2019/11/14,0,"9,1",7
Primus Valencia,331871,NA,Valencia,1,1,€ 79,2019/11/13,2019/11/14,4,"8,3",7
LACASAMALVA1 PLAYA DE VALENCIA,5679960,NA,Valencia,1,1,€ 298,2019/11/13,2019/11/14,0,,7
Apartment Carrer de Josep Aguirre,5646705,NA,Valencia,1,1,€ 608,2019/11/13,2019/11/14,0,,7
Apartamento de lujo con terraza,5240138,NA,Valencia,1,1,€ 770,2019/11/13,2019/11/14,0,,7
Wonderful Valencia,3569386,NA,Valencia,1,1,NA,2019/11/13,2019/11/14,0,"8,8",7
Apartamento con terraza,5238122,NA,Valencia,1,1,€ 775,2019/11/13,2019/11/14,0,,7
Suites by Eric Olsan (Florista),4726450,NA,Valencia,1,1,€ 84,2019/11/13,2019/11/14,0,"8,5",7
Hotel Kramer,91106,NA,Valencia,1,1,€ 85,2019/11/13,2019/11/14,3,"8,8",7
Apartamento en la Ciudad de las Artes y las Ciencias,3552283,NA,Valencia,1,1,NA,2019/11/13,2019/11/14,0,"9,4",7
Flatsforyou Sorolla House,403442,NA,Valencia,1,1,€ 85,2019/11/13,2019/11/14,0,"8,6",7
Casa de Maria,2467712,NA,Valencia,1,1,€ 85,2019/11/13,2019/11/14,0,"8,7",7
Atico de Lujo,2142556,NA,Valencia,1,1,€ 85,2019/11/13,2019/11/14,0,"8,9",7
Hotel El Siglo,1741479,NA,Valencia,1,1,€ 86,2019/11/13,2019/11/14,3,"8,5",7
Preciosos Apartamentos en el Carmen,2918345,NA,Valencia,1,1,€ 80,2019/11/13,2019/11/14,0,"8,1",7
Reina's Apartment,2130930,NA,Valencia,1,1,€ 80,2019/11/13,2019/11/14,0,"8,3",7
Hostal Penalty,189209,NA,Valencia,1,1,€ 85,2019/11/13,2019/11/14,1,8,7
"Piso ""Como en tu casa""",2689136,NA,Valencia,1,1,€ 100,2019/11/13,2019/11/14,0,"9,1",7
Avenida de Francia 155,4753433,NA,Valencia,1,1,€ 100,2019/11/13,2019/11/14,0,"9,3",7
Lounge by the sea,4756780,NA,Valencia,1,1,NA,2019/11/13,2019/11/14,0,"9,8",7
Piso como en tu casa 2,3834617,NA,Valencia,1,1,€ 101,2019/11/13,2019/11/14,0,"9,2",7
Center Valencia,2944722,NA,Valencia,1,1,€ 102,2019/11/13,2019/11/14,0,"9,3",7
Apartamentos La más Bonita,2816245,NA,Valencia,1,1,€ 104,2019/11/13,2019/11/14,0,9,7
Cozy apartment in Valencia center,3402135,NA,Valencia,1,1,€ 104,2019/11/13,2019/11/14,0,"9,1",7
Apartamento Plaza Sainetero,2743838,NA,Valencia,1,1,€ 85,2019/11/13,2019/11/14,0,"8,1",7
Casual de las Artes Valencia,538056,NA,Valencia,1,1,€ 86,2019/11/13,2019/11/14,3,"8,4",7
Malvarrosa Apartamentos,5210304,NA,Valencia,1,1,NA,2019/11/13,2019/11/14,0,"9,1",7
NH Valencia Las Artes,90731,NA,Valencia,1,1,€ 87,2019/11/13,2019/11/14,4,"8,4",7
Casual Vintage Valencia,1710241,NA,Valencia,1,1,€ 86,2019/11/13,2019/11/14,2,"8,6",7
Hotel Gabbeach,403586,NA,Valencia,1,1,€ 89,2019/11/13,2019/11/14,3,"8,5",7
OCEANOGRAFIC DELUXE- PARKING- WI-FI,4095746,NA,Valencia,1,1,NA,2019/11/13,2019/11/14,0,"9,1",7
One Shot Colón 46,1394168,NA,Valencia,1,1,€ 89,2019/11/13,2019/11/14,3,"8,7",7
Casa Calle Conquista,4691493,NA,Valencia,1,1,€ 150,2019/11/13,2019/11/14,0,"9,5",7
Apartamentos Valencia - Peset Aleixandre 135- FREE WI-FI,4262488,NA,Valencia,1,1,€ 111,2019/11/13,2019/11/14,0,"8,8",7
City Center Atico 360,3025679,NA,Valencia,1,1,NA,2019/11/13,2019/11/14,0,"9,4",7
In the heart of Soho- Ruzafa,4578496,NA,Valencia,1,1,€ 116,2019/11/13,2019/11/14,0,"8,9",7
City Center Apartment,5084891,NA,Valencia,1,1,€ 105,2019/11/13,2019/11/14,0,"8,3",7
Friendly Rentals ABC,3656596,NA,Valencia,1,1,€ 105,2019/11/13,2019/11/14,0,"8,2",7
Loft en Ciudad de las Ciencias y cerca de la playa + Parking,5440029,NA,Valencia,1,1,NA,2019/11/13,2019/11/14,0,9,7
Ático con estilo en el centro de Valencia,3914735,NA,Valencia,1,1,€ 117,2019/11/13,2019/11/14,0,"8,9",7
FREE WI-FI. Apartamentos 90 м2 - Assutzena 5,4828764,NA,Valencia,1,1,€ 119,2019/11/13,2019/11/14,0,"8,7",7
SH Valencia Palace,91497,NA,Valencia,1,1,€ 120,2019/11/13,2019/11/14,5,"8,5",7
Tryp Valencia Feria,92852,NA,Valencia,1,1,€ 89,2019/11/13,2019/11/14,4,"8,3",7
Hotel Conqueridor,91047,NA,Valencia,1,1,€ 90,2019/11/13,2019/11/14,4,"8,4",7
APARTAMENTO LAS MELLIZAS,4651578,NA,Valencia,1,1,€ 45,2019/11/13,2019/11/14,0,"8,3",7
Home Youth Hostel by Feetup Hostels,189322,NA,Valencia,1,1,€ 47,2019/11/13,2019/11/14,0,"8,9",7
B&B Almirante,369695,NA,Valencia,1,1,€ 48,2019/11/13,2019/11/14,1,"8,8",7
Colors Rooms,675839,NA,Valencia,1,1,€ 35,2019/11/13,2019/11/14,0,"9,5",7
Hotel Mediterraneo Valencia,92412,NA,Valencia,1,1,€ 89,2019/11/13,2019/11/14,3,"8,8",7
Boutique Creative Rooms,2334726,NA,Valencia,1,1,€ 90,2019/11/13,2019/11/14,0,"8,7",7
Apartment close to park Marchalenes,4418670,NA,Valencia,1,1,€ 90,2019/11/13,2019/11/14,0,"8,9",7
Friendly Rentals Puerto Deportivo,2317861,NA,Valencia,1,1,€ 105,2019/11/13,2019/11/14,0,"8,2",7
Apartments Welcome to Valencia Peset Aleixandre 69,4964856,NA,Valencia,1,1,€ 106,2019/11/13,2019/11/14,0,"8,4",7
Friendly Rentals Soler,1634237,NA,Valencia,1,1,€ 120,2019/11/13,2019/11/14,0,"8,7",7
El Palacete Gran Via,3483148,NA,Valencia,1,1,€ 91,2019/11/13,2019/11/14,0,"8,7",7
Apartments Plaza Ayuntamiento,3506736,NA,Valencia,1,1,€ 92,2019/11/13,2019/11/14,0,"8,6",7
CENTRO CIUDAD-PZA AYUNTAMIENTO-WIFI,3604273,NA,Valencia,1,1,NA,2019/11/13,2019/11/14,0,"9,2",7
Casual del Cine Valencia,572187,NA,Valencia,1,1,€ 95,2019/11/13,2019/11/14,2,"8,6",7
Holiday Inn Express Ciudad de las Ciencias,96737,NA,Valencia,1,1,€ 108,2019/11/13,2019/11/14,3,8,7
Flatsforyou Mercat,1367507,NA,Valencia,1,1,€ 95,2019/11/13,2019/11/14,3,"8,9",7
Marina Loft & Apartments,432326,NA,Valencia,1,1,€ 95,2019/11/13,2019/11/14,0,"8,6",7
Lindala,5250762,NA,Valencia,1,1,€ 49,2019/11/13,2019/11/14,0,"9,5",7
Bruno Apartment,2715023,NA,Valencia,1,1,NA,2019/11/13,2019/11/14,0,"9,7",7
Apartamentos Navío,5647176,NA,Valencia,1,1,€ 59,2019/11/13,2019/11/14,0,"9,6",7
LOFT apartamento duplex en Valencia con parking gratis,5519008,NA,Valencia,1,1,€ 60,2019/11/13,2019/11/14,0,"9,9",7
Mon Suites San Martin,2777545,NA,Valencia,1,1,€ 105,2019/11/13,2019/11/14,0,"9,4",7
Forn desamparats,2380447,NA,Valencia,1,1,€ 105,2019/11/13,2019/11/14,0,"9,4",7
Barracart Apartments,2125836,NA,Valencia,1,1,NA,2019/11/13,2019/11/14,0,"9,6",7
Glorieta,4217752,NA,Valencia,1,1,NA,2019/11/13,2019/11/14,0,"9,6",7
Hulot B&B Valencia,585429,NA,Valencia,1,1,€ 49,2019/11/13,2019/11/14,0,"8,5",7
Estrella de russafa,5352439,NA,Valencia,1,1,€ 50,2019/11/13,2019/11/14,0,"8,7",7
Palacios Rooms,2773548,NA,Valencia,1,1,€ 50,2019/11/13,2019/11/14,0,"8,6",7
5 SENSES,3786890,NA,Valencia,1,1,€ 107,2019/11/13,2019/11/14,0,"9,2",7
Casual Socarrat Valencia,5142800,NA,Valencia,1,1,€ 109,2019/11/13,2019/11/14,3,"9,1",7
Welcome Apartamentos Pintor Stolz 31 Valencia,5019066,NA,Valencia,1,1,€ 109,2019/11/13,2019/11/14,0,"9,1",7
MD PASEO RUZAFA CENTER,5374850,NA,Valencia,1,1,€ 1.030,2019/11/13,2019/11/14,0,"9,5",7
Cómoda habitación Valencia,4200488,NA,Valencia,1,1,NA,2019/11/13,2019/11/14,0,"9,5",7
Cantagua Hostel,4074640,NA,Valencia,1,1,€ 40,2019/11/13,2019/11/14,0,"9,1",7
Blanq Comedias,4922002,NA,Valencia,1,1,€ 54,2019/11/13,2019/11/14,0,9,7
Charming Ninetta,3220582,NA,Valencia,1,1,€ 110,2019/11/13,2019/11/14,0,"9,4",7
Vincci Mercat,1279484,NA,Valencia,1,1,€ 110,2019/11/13,2019/11/14,4,9,7
PATACONA MARE NOSTRUM APARTMENT,4377670,NA,Valencia,1,1,€ 110,2019/11/13,2019/11/14,0,"9,4",7
Maria Cristina Apartment,4765643,NA,Valencia,1,1,€ 112,2019/11/13,2019/11/14,0,"8,2",7
Welcome Platanos 13 Valencia Beautiful apartments with terrace,5095795,NA,Valencia,1,1,€ 114,2019/11/13,2019/11/14,0,"8,3",7
Loft by the Beach,4441671,NA,Valencia,1,1,€ 115,2019/11/13,2019/11/14,0,"8,3",7
Total Valencia Mercado Central,4888886,NA,Valencia,1,1,NA,2019/11/13,2019/11/14,0,"9,1",7
Nest Style Valencia,5219046,NA,Valencia,1,1,€ 54,2019/11/13,2019/11/14,3,"9,3",7
Hostal Venecia,92883,NA,Valencia,1,1,€ 55,2019/11/13,2019/11/14,2,"9,1",7
Maison Reina B&B,5004812,NA,Valencia,1,1,€ 56,2019/11/13,2019/11/14,0,"9,2",7
Dreams Rental City Hall,337092,NA,Valencia,1,1,€ 280,2019/11/13,2019/11/14,0,"6,5",7
Fun and Sun Center 2,2944416,NA,Valencia,1,1,€ 32,2019/11/13,2019/11/14,0,6,7
Sun Studio Valencia,2148309,NA,Valencia,1,1,NA,2019/11/13,2019/11/14,0,"8,6",7
New Trendy apartment,2426154,NA,Valencia,1,1,€ 95,2019/11/13,2019/11/14,0,"8,6",7
AC Hotel Valencia,91063,NA,Valencia,1,1,€ 97,2019/11/13,2019/11/14,4,"8,5",7
Zerka Sendra,4657122,NA,Valencia,1,1,€ 99,2019/11/13,2019/11/14,0,"8,9",7
Apartamento Valencia Ciudad de las Ciencias,4682746,NA,Valencia,1,1,NA,2019/11/13,2019/11/14,0,"9,3",7
Patacona Beach Apartment,4533678,NA,Valencia,1,1,€ 119,2019/11/13,2019/11/14,0,"8,3",7
Friendly Rentals Gimenez,1634242,NA,Valencia,1,1,€ 120,2019/11/13,2019/11/14,0,"8,2",7
NH Valencia Center,90727,NA,Valencia,1,1,€ 123,2019/11/13,2019/11/14,4,"8,3",7
Hotel Dimar,90886,NA,Valencia,1,1,€ 99,2019/11/13,2019/11/14,4,"8,7",7
Ad Hoc Monumental,90719,NA,Valencia,1,1,€ 99,2019/11/13,2019/11/14,3,"8,6",7
Catalonia Excelsior,90578,NA,Valencia,1,1,€ 100,2019/11/13,2019/11/14,3,"8,7",7
SH Ingles Boutique Hotel,92956,NA,Valencia,1,1,€ 100,2019/11/13,2019/11/14,4,"8,5",7
Balcón Al Mar,295109,NA,Valencia,1,1,€ 50,2019/11/13,2019/11/14,0,"8,5",7
Zalamera BnB,1331238,NA,Valencia,1,1,€ 52,2019/11/13,2019/11/14,0,"8,7",7
Turia Town,4064373,NA,Valencia,1,1,€ 54,2019/11/13,2019/11/14,0,"8,8",7
Hola Valencia - Holiday Apartments,2818140,NA,Valencia,1,1,€ 100,2019/11/13,2019/11/14,0,"8,8",7
Apartment Sun & Light near the beach,4479540,NA,Valencia,1,1,€ 124,2019/11/13,2019/11/14,0,"8,4",7
Zerka Centro,4425975,NA,Valencia,1,1,€ 129,2019/11/13,2019/11/14,0,"8,4",7
Flatsforyou Las Arcadias,473415,NA,Valencia,1,1,€ 130,2019/11/13,2019/11/14,0,"8,4",7
Loft Central Market - Breakfast Juice!,3187998,NA,Valencia,1,1,€ 80,2019/11/13,2019/11/14,0,"6,4",7
Select Home Viveros Gardens,1297339,NA,Valencia,1,1,€ 215,2019/11/13,2019/11/14,0,"6,3",7
Guest House Higinio Noja,2845935,NA,Valencia,1,1,€ 24,2019/11/13,2019/11/14,0,"5,9",7
Cabanyal Apartment con patio,4323384,NA,Valencia,1,1,€ 69,2019/11/13,2019/11/14,0,"9,5",7
Ciudad Ciencias- Lujo- Parking- Wi-Fi.,4999636,NA,Valencia,1,1,€ 70,2019/11/13,2019/11/14,0,"9,8",7
Apartments Downtown Valencia,2250421,NA,Valencia,1,1,€ 70,2019/11/13,2019/11/14,0,"9,6",7
Lo's Beach Apartment,2312465,NA,Valencia,1,1,NA,2019/11/13,2019/11/14,0,9,7
Friendly Rentals Verdi,1634232,NA,Valencia,1,1,€ 130,2019/11/13,2019/11/14,0,"8,1",7
Friendly rentals Enesco Beach,2526514,NA,Valencia,1,1,€ 140,2019/11/13,2019/11/14,0,"8,1",7
Rooms Ciencias,94126,NA,Valencia,1,1,€ 59,2019/11/13,2019/11/14,0,9,7
Colón Market Downtown,4607745,NA,Valencia,1,1,NA,2019/11/13,2019/11/14,0,"9,6",7
United Colors of Apartments Boutique Style,5372347,NA,Valencia,1,1,€ 59,2019/11/13,2019/11/14,0,"9,2",7
Apartamento Alameda,1698817,NA,Valencia,1,1,NA,2019/11/13,2019/11/14,0,"9,5",7
Apartments Abate 4,2848648,NA,Valencia,1,1,€ 112,2019/11/13,2019/11/14,0,"9,1",7
One Shot Mercat 09,2274203,NA,Valencia,1,1,€ 119,2019/11/13,2019/11/14,4,"9,1",7
Kasa Katia Eco Guest House,636256,NA,Valencia,1,1,€ 60,2019/11/13,2019/11/14,0,"9,3",7
Habitación privada a 1500 metros de la playa,3789910,NA,Valencia,1,1,€ 60,2019/11/13,2019/11/14,0,"9,3",7
Austria 4,1605997,NA,Valencia,1,1,€ 62,2019/11/13,2019/11/14,0,9,7
Valencia-Ruzafa Studio,3235983,NA,Valencia,1,1,€ 120,2019/11/13,2019/11/14,0,"9,1",7
15 Avinguda Mare Nostrum,4518973,NA,Valencia,1,1,€ 120,2019/11/13,2019/11/14,0,"9,1",7
Friendly Rentals Boyvin,1923141,NA,Valencia,1,1,€ 125,2019/11/13,2019/11/14,0,"9,3",7
Pintor Salvador Abril 24 Apartment,3249845,NA,Valencia,1,1,€ 126,2019/11/13,2019/11/14,0,9,7
Palau de Palomar,471283,NA,Valencia,1,1,€ 64,2019/11/13,2019/11/14,0,"9,1",7
Brisa Mare Nostrum,2855311,NA,Valencia,1,1,€ 65,2019/11/13,2019/11/14,0,"9,3",7
Ambrosio Flats Valencia - El Carmen,2401127,NA,Valencia,1,1,NA,2019/11/13,2019/11/14,0,"9,5",7
Sweet Hotel Continental,93856,NA,Valencia,1,1,€ 94,2019/11/13,2019/11/14,2,"8,3",7
Apartment Valencia,348555,NA,Valencia,1,1,€ 99,2019/11/13,2019/11/14,0,8,7
Apt. Salvador Giner,2264544,NA,Valencia,1,1,NA,2019/11/13,2019/11/14,0,"9,1",7
Apartamento Privado Próximo a Playa y Ciencias,3783163,NA,Valencia,1,1,€ 100,2019/11/13,2019/11/14,0,"8,3",7
Ruzafa Guesthouse,2269176,NA,Valencia,1,1,€ 29,2019/11/13,2019/11/14,0,"5,5",7
Home Sweet Home,1223953,NA,Valencia,1,1,€ 36,2019/11/13,2019/11/14,0,"5,5",7
Guest House Ruzafa,2324552,NA,Valencia,1,1,€ 30,2019/11/13,2019/11/14,0,"5,1",7
Flats Friends Soho Suites,1819642,NA,Valencia,1,1,NA,2019/11/13,2019/11/14,0,"8,6",7
Hostal Antigua Morellana,1273937,NA,Valencia,1,1,€ 70,2019/11/13,2019/11/14,1,"9,5",7
Central Park Apartment Valencia,3881533,NA,Valencia,1,1,NA,2019/11/13,2019/11/14,0,"9,5",7
Calle de Frederica Montseny 'Política' Casa o chalet,5152866,NA,Valencia,1,1,€ 75,2019/11/13,2019/11/14,0,"9,6",7
Valencian Dreams,3268804,NA,Valencia,1,1,NA,2019/11/13,2019/11/14,0,"9,5",7
Apartamentos Plaza Picasso,97063,NA,Valencia,1,1,€ 54,2019/11/13,2019/11/14,0,"8,5",7
Hi Valencia Cánovas,4312120,NA,Valencia,1,1,€ 54,2019/11/13,2019/11/14,0,"8,8",7
Valencian Dreams Lonja,4757385,NA,Valencia,1,1,€ 78,2019/11/13,2019/11/14,0,"9,8",7
Ramirez Flats & Bar,4124528,NA,Valencia,1,1,€ 79,2019/11/13,2019/11/14,0,"9,5",7
Opera House Valencia B&B,3533887,NA,Valencia,1,1,€ 83,2019/11/13,2019/11/14,0,"9,5",7
ÁTICO PTA 13 EN EL CENTRO DE VALENCIA VT-45727-T,4612077,NA,Valencia,1,1,€ 90,2019/11/13,2019/11/14,0,"9,6",7
Host & Home,1663785,NA,Valencia,1,1,€ 55,2019/11/13,2019/11/14,0,"8,9",7
València Centre Torres de Quart,886289,NA,Valencia,1,1,€ 56,2019/11/13,2019/11/14,0,"8,9",7
València Centre Túria,2185255,NA,Valencia,1,1,€ 56,2019/11/13,2019/11/14,0,"8,8",7
Olympia Flats,4212801,NA,Valencia,1,1,€ 50,2019/11/13,2019/11/14,0,"9,7",7
Valencia what else...,2550483,NA,Valencia,1,1,NA,2019/11/13,2019/11/14,0,"9,5",7
Flats Piera Valencia Center,1490563,NA,Valencia,1,1,€ 95,2019/11/13,2019/11/14,0,"9,7",7
So de Mar,2204496,NA,Valencia,1,1,NA,2019/11/13,2019/11/14,0,"9,6",7
NH Collection Colón Valencia,3828811,NA,Valencia,1,1,€ 126,2019/11/13,2019/11/14,4,"9,1",7
Apartament Cura Femenia,2010355,NA,Valencia,1,1,€ 127,2019/11/13,2019/11/14,0,"9,3",7
Hotel Olympia Universidades,1301731,NA,Valencia,1,1,€ 57,2019/11/13,2019/11/14,3,"8,5",7
Oceanografic Apartment,4903549,NA,Valencia,1,1,NA,2019/11/13,2019/11/14,0,"9,5",7
Casa del Patriarca,364834,NA,Valencia,1,1,€ 57,2019/11/13,2019/11/14,0,"8,9",7
Hotel San Lorenzo Boutique,1307718,NA,Valencia,1,1,€ 59,2019/11/13,2019/11/14,3,"8,6",7
Petit Palace Ruzafa,90792,NA,Valencia,1,1,€ 67,2019/11/13,2019/11/14,3,"8,7",7
Soho Valencia,1538641,NA,Valencia,1,1,€ 69,2019/11/13,2019/11/14,0,"8,9",7
CheValenciaFlats,2064099,NA,Valencia,1,1,NA,2019/11/13,2019/11/14,0,9,7
Apartamentos Edificio Palomar,189277,NA,Valencia,1,1,€ 69,2019/11/13,2019/11/14,0,"9,2",7
Valenciaflats Centro Ciudad,18544,NA,Valencia,1,1,€ 69,2019/11/13,2019/11/14,0,"9,2",7
Mon Suites San Nicolas,4117225,NA,Valencia,1,1,€ 69,2019/11/13,2019/11/14,0,"9,2",7
Live in Chianti Apartaments,2882632,NA,Valencia,1,1,€ 128,2019/11/13,2019/11/14,0,"9,1",7
Friendly Rentals Torrealba,1634243,NA,Valencia,1,1,€ 130,2019/11/13,2019/11/14,0,"9,3",7
Mediterranean Flats Plaza Redonda,4086496,NA,Valencia,1,1,€ 131,2019/11/13,2019/11/14,0,"9,2",7
Original Domino House,5434091,NA,Valencia,1,1,€ 69,2019/11/13,2019/11/14,0,"8,7",7
Apartments Madrina,3278589,NA,Valencia,1,1,€ 70,2019/11/13,2019/11/14,0,"8,9",7
Welcomer Apartments Valencia,19363,NA,Valencia,1,1,€ 70,2019/11/13,2019/11/14,0,"8,7",7
Old Town Flats Casa Burguerini,4552106,NA,Valencia,1,1,€ 103,2019/11/13,2019/11/14,0,"8,1",7
Carrer de María Montessori,3272386,NA,Valencia,1,1,€ 104,2019/11/13,2019/11/14,0,"8,2",7
Apartamentos Sollana 18 Cerca de les Arts i les Ciencies Valencia- FREE WI-FI,5232423,NA,Valencia,1,1,€ 104,2019/11/13,2019/11/14,0,"8,3",7
Hotel Malcom and Barret,483261,NA,Valencia,1,1,€ 59,2019/11/13,2019/11/14,3,"8,7",7
Luz de Valencia,2076095,NA,Valencia,1,1,€ 59,2019/11/13,2019/11/14,0,"8,8",7
ABCyou Bed&Breakfast,189207,NA,Valencia,1,1,€ 59,2019/11/13,2019/11/14,0,"8,5",7
Valenciaflats Ciudad de las Ciencias,93676,NA,Valencia,1,1,€ 69,2019/11/13,2019/11/14,0,"9,1",7
OttoH Charm Stay,2459807,NA,Valencia,1,1,€ 69,2019/11/13,2019/11/14,0,"9,3",7
OCEANOGRAFIC APARTMENT. PARKING. WI-FI,3107716,NA,Valencia,1,1,€ 70,2019/11/13,2019/11/14,0,9,7
Hexagonal Design Apartment Valencia,4630643,NA,Valencia,1,1,NA,2019/11/13,2019/11/14,0,"9,5",7
Apartamento frente al mar,3060802,NA,Valencia,1,1,€ 105,2019/11/13,2019/11/14,0,"8,2",7
Friendly Rentals Telemann,1634241,NA,Valencia,1,1,€ 140,2019/11/13,2019/11/14,0,"8,3",7
Friendly Rentals Evans,1634220,NA,Valencia,1,1,€ 140,2019/11/13,2019/11/14,0,"8,3",7
Apartamentos Dormavalencia,4450983,NA,Valencia,1,1,€ 141,2019/11/13,2019/11/14,0,"8,3",7
Silken Puerta Valencia,91182,NA,Valencia,1,1,€ 150,2019/11/13,2019/11/14,4,"8,3",7
RUZAFA. Nice apartment and Terrace.,4368595,NA,Valencia,1,1,NA,2019/11/13,2019/11/14,0,"9,3",7
Casa los Peces,3234194,NA,Valencia,1,1,€ 154,2019/11/13,2019/11/14,0,"8,2",7
Guest House Torres de Quart,2275006,NA,Valencia,1,1,€ 31,2019/11/13,2019/11/14,0,"5,3",7
Gon & Diego House,4899561,NA,Valencia,1,1,€ 40,2019/11/13,2019/11/14,0,"5,4",7
Port of Valencia,3805735,NA,Valencia,1,1,€ 75,2019/11/13,2019/11/14,0,5,7
Oliver,4865093,NA,Valencia,1,1,€ 83,2019/11/13,2019/11/14,0,"5,3",7
Apartamento Jesus De Medinaceli,1728697,NA,Valencia,1,1,€ 60,2019/11/13,2019/11/14,0,"8,6",7
ApartUP Mestalla Home,3300511,NA,Valencia,1,1,NA,2019/11/13,2019/11/14,0,"9,6",7
Sabía que venias!,3543756,NA,Valencia,1,1,€ 60,2019/11/13,2019/11/14,0,"8,5",7
Eurostars Acteón,90495,NA,Valencia,1,1,€ 62,2019/11/13,2019/11/14,4,"8,5",7
Loft el Carmen amazing views,4932621,NA,Valencia,1,1,€ 172,2019/11/13,2019/11/14,0,"8,1",7
Turia Guesthouse - B&B,2884427,NA,Valencia,1,1,€ 265,2019/11/13,2019/11/14,0,"8,2",7
MD Vila Barbera Apartment Center,1957253,NA,Valencia,1,1,€ 330,2019/11/13,2019/11/14,0,"8,3",7
Guesthouse Plaza de Toros,2985902,NA,Valencia,1,1,€ 33,2019/11/13,2019/11/14,0,"4,8",7
RoomTuristValencia Estacion del Norte,4682632,NA,Valencia,1,1,€ 35,2019/11/13,2019/11/14,0,"4,9",7
SingularStays Mar44,1002060,NA,Valencia,1,1,NA,2019/11/13,2019/11/14,0,"8,7",7
APARTAMENTO CENTRO- RUZAFA. WI-FI. PARKING,3144104,NA,Valencia,1,1,€ 70,2019/11/13,2019/11/14,0,"9,3",7
Piso en Playa de Valencia,5533098,NA,Valencia,1,1,€ 70,2019/11/13,2019/11/14,0,"9,4",7
Mon Suites Catedral,485679,NA,Valencia,1,1,€ 75,2019/11/13,2019/11/14,0,"9,2",7
Casa La Buhardilla,2985364,NA,Valencia,1,1,€ 97,2019/11/13,2019/11/14,0,"9,6",7
Hotel Cosmo,4838858,NA,Valencia,1,1,€ 99,2019/11/13,2019/11/14,3,"9,8",7
L'Esplai Valencia Bed & Breakfast,1282556,NA,Valencia,1,1,€ 99,2019/11/13,2019/11/14,0,"9,5",7
Malvarosa,3820590,NA,Valencia,1,1,€ 90,2019/11/13,2019/11/14,0,"3,9",7
Rest room Evi,5710566,NA,Valencia,1,1,€ 32,2019/11/13,2019/11/14,0,,7
Tu BedAndBreakFast con Encanto en Valencia,5777187,NA,Valencia,1,1,€ 40,2019/11/13,2019/11/14,0,,7
Valencia- habitacion,5366858,NA,Valencia,1,1,€ 45,2019/11/13,2019/11/14,0,,7
Habitación Céntrica en Casa de Familia,4289877,NA,Valencia,1,1,€ 23,2019/11/13,2019/11/14,0,"7,7",7
La casita de Palomar,2132386,NA,Valencia,1,1,€ 75,2019/11/13,2019/11/14,0,"9,3",7
Live in Chianti,2227491,NA,Valencia,1,1,€ 75,2019/11/13,2019/11/14,0,"9,1",7
RUZAFA- CENTRO-A/C- WI-FI- PARKING,2885994,NA,Valencia,1,1,€ 100,2019/11/13,2019/11/14,0,"9,7",7
TTdSSa VLC: Plaza Cisneros- 2- 5 pax 3 Bedrooms,4069293,NA,Valencia,1,1,€ 107,2019/11/13,2019/11/14,0,"9,5",7
Apartamento Forn dels Apòstols,3122008,NA,Valencia,1,1,NA,2019/11/13,2019/11/14,0,"9,6",7
Disfruta - Enjoy Valencia Ayuntamiento,4901194,NA,Valencia,1,1,€ 115,2019/11/13,2019/11/14,0,"9,6",7
Carrer de l'Escriptor Rafael Ferreres,4267645,NA,Valencia,1,1,€ 70,2019/11/13,2019/11/14,0,"8,6",7
Citizentral Gascons,332095,NA,Valencia,1,1,€ 71,2019/11/13,2019/11/14,0,"8,8",7
Flatsforyou Port,733673,NA,Valencia,1,1,€ 75,2019/11/13,2019/11/14,0,"8,5",7
Pio XII Apartments Valencia,402080,NA,Valencia,1,1,€ 63,2019/11/13,2019/11/14,0,"8,5",7
SKY TOURISTIC ATTIC,281640,NA,Valencia,1,1,€ 63,2019/11/13,2019/11/14,0,"8,5",7
Valenciaflats Centro Histórico,94781,NA,Valencia,1,1,€ 65,2019/11/13,2019/11/14,0,"8,7",7
Comoda habitacion,5695905,NA,Valencia,1,1,€ 48,2019/11/13,2019/11/14,0,,7
vosotros sereis parte de mi familia.,5299568,NA,Valencia,1,1,€ 60,2019/11/13,2019/11/14,0,,7
UNIK. Apartments Valencia,2241282,NA,Valencia,1,1,NA,2019/11/13,2019/11/14,0,"8,5",7
Minimalist room with balcony.FREE bikes & coffee 1,5776697,NA,Valencia,1,1,€ 65,2019/11/13,2019/11/14,0,,7
Fantastic Loft near beach and city,5744961,NA,Valencia,1,1,€ 66,2019/11/13,2019/11/14,0,,7
Disfruta - Enjoy Valencia Oceanografic,4121345,NA,Valencia,1,1,€ 125,2019/11/13,2019/11/14,0,"9,6",7
Disfruta - Enjoy Valencia Centre,3881970,NA,Valencia,1,1,€ 127,2019/11/13,2019/11/14,0,"9,8",7
Apartamento centro,3160737,NA,Valencia,1,1,€ 140,2019/11/13,2019/11/14,0,"9,6",7
MÍ casa YOUR HOME,3328967,NA,Valencia,1,1,NA,2019/11/13,2019/11/14,0,"9,2",7
Habitación doble,3599930,NA,Valencia,1,1,€ 75,2019/11/13,2019/11/14,0,"8,8",7
El Coral Apartment Valencia,3606766,NA,Valencia,1,1,€ 77,2019/11/13,2019/11/14,0,"8,7",7
Hotel El Siglo,1741479,NA,Valencia,1,1,€ 78,2019/11/13,2019/11/14,3,"8,5",7
Kirei Apartment Dublin,4639542,NA,Valencia,1,1,€ 86,2019/11/13,2019/11/14,0,,7
Casa Adosada Quintero,5481770,NA,Valencia,1,1,€ 86,2019/11/13,2019/11/14,0,,7
Aparment Canarias,3753027,NA,Valencia,1,1,€ 99,2019/11/13,2019/11/14,0,,7
Ad Hoc Carmen,1173270,NA,Valencia,1,1,€ 79,2019/11/13,2019/11/14,2,"8,9",7
MODERNO Y ACOGEDOR FRENTE A RUZAFA Y CERCA DEL CENTRO,4490444,NA,Valencia,1,1,€ 79,2019/11/13,2019/11/14,0,"8,7",7
Balandra Flat,2032624,NA,Valencia,1,1,€ 79,2019/11/13,2019/11/14,0,"8,5",7
Apartamento Valencia Center,410101,NA,Valencia,1,1,NA,2019/11/13,2019/11/14,0,"9,4",7
La seda stay,3335523,NA,Valencia,1,1,€ 145,2019/11/13,2019/11/14,0,"9,7",7
Reina Rooms,4211140,NA,Valencia,1,1,€ 79,2019/11/13,2019/11/14,0,"8,9",7
Jardín Botánico Hotel Boutique,93369,NA,Valencia,1,1,€ 79,2019/11/13,2019/11/14,3,"8,9",7
Ilunion Aqua 4,92777,NA,Valencia,1,1,€ 79,2019/11/13,2019/11/14,4,"8,6",7
Turia Burjassot 12,3237353,NA,Valencia,1,1,€ 80,2019/11/13,2019/11/14,0,"8,9",7
BUBUFLATS / Mercat,783206,NA,Valencia,1,1,€ 80,2019/11/13,2019/11/14,0,"8,8",7
Blanq Carmen Hotel,97069,NA,Valencia,1,1,€ 80,2019/11/13,2019/11/14,3,"8,7",7
Apartamento en la Ciudad de las Artes y las Ciencias,3552283,NA,Valencia,1,1,NA,2019/11/13,2019/11/14,0,"9,4",7
BUBUFLATS Mossén,1141763,NA,Valencia,1,1,€ 80,2019/11/13,2019/11/14,0,"8,9",7
Perla Apartments,3146781,NA,Valencia,1,1,€ 81,2019/11/13,2019/11/14,0,"8,7",7
Hotel Mediterraneo Valencia,92412,NA,Valencia,1,1,€ 81,2019/11/13,2019/11/14,3,"8,8",7
Petit Palace Plaza de la Reina,90443,NA,Valencia,1,1,€ 82,2019/11/13,2019/11/14,3,"8,7",7
Hotel Valencia Oceanic Managed by Melia Hotels International,91522,NA,Valencia,1,1,€ 84,2019/11/13,2019/11/14,4,"8,6",7
UP Hostel Valencia,1710137,NA,Valencia,1,1,€ 24,2019/11/13,2019/11/14,0,"7,7",7
Hostal Moratin,326015,NA,Valencia,1,1,€ 31,2019/11/13,2019/11/14,1,"7,9",7
Cristina Apartmento Center,3130386,NA,Valencia,1,1,NA,2019/11/13,2019/11/14,0,"9,2",7
Habitaciones Barra89,1076252,NA,Valencia,1,1,€ 31,2019/11/13,2019/11/14,0,"7,9",7
Pensión Universal,304276,NA,Valencia,1,1,€ 31,2019/11/13,2019/11/14,0,"7,9",7
Apart and Benef,2291245,NA,Valencia,1,1,€ 34,2019/11/13,2019/11/14,0,"7,9",7
Hostal El Cid,309465,NA,Valencia,1,1,€ 36,2019/11/13,2019/11/14,2,"7,5",7
Habitacion Apartamento soleado Plaza Escultor Frechina,4865043,NA,Valencia,1,1,€ 36,2019/11/13,2019/11/14,0,"7,7",7
Rio Turia B&B,5531073,NA,Valencia,1,1,€ 38,2019/11/13,2019/11/14,0,"7,6",7
Precioso piso junto al antiguo barrio de Campanar,3297078,NA,Valencia,1,1,NA,2019/11/13,2019/11/14,0,"9,3",7
Habitacion por dias Centro Valencia,3977106,NA,Valencia,1,1,€ 39,2019/11/13,2019/11/14,0,"7,8",7
Aventura,5567318,NA,Valencia,1,1,€ 40,2019/11/13,2019/11/14,0,"7,8",7
HOSPEDAJE PESET,4718074,NA,Valencia,1,1,€ 40,2019/11/13,2019/11/14,0,"7,5",7
Habitación cerca del centro,2789581,NA,Valencia,1,1,€ 40,2019/11/13,2019/11/14,0,"7,5",7
Ilunion Valencia 3,92818,NA,Valencia,1,1,€ 41,2019/11/13,2019/11/14,3,"7,9",7
Hotel Beleret,94652,NA,Valencia,1,1,€ 41,2019/11/13,2019/11/14,3,"7,6",7
Apartamento cerca de la Playa y el Centro,2620264,NA,Valencia,1,1,NA,2019/11/13,2019/11/14,0,9,7
Valencia City Host,1177077,NA,Valencia,1,1,€ 41,2019/11/13,2019/11/14,0,"7,8",7
Voyagers Inn Homestay,2682156,NA,Valencia,1,1,€ 43,2019/11/13,2019/11/14,0,"7,7",7
Hospederia del Pilar,327766,NA,Valencia,1,1,€ 45,2019/11/13,2019/11/14,0,"7,9",7
Habitación San Cayetano,4624401,NA,Valencia,1,1,€ 45,2019/11/13,2019/11/14,0,"7,5",7
Attic Rooms in Botánico,5522932,NA,Valencia,1,1,€ 45,2019/11/13,2019/11/14,0,"7,6",7
Room in apartment,3701648,NA,Valencia,1,1,€ 47,2019/11/13,2019/11/14,0,"7,7",7
Flatsforyou Marina,1793012,NA,Valencia,1,1,NA,2019/11/13,2019/11/14,0,"8,6",7
Patacona Resort Apartments,189782,NA,Valencia,1,1,€ 49,2019/11/13,2019/11/14,0,"7,8",7
Valencia Lounge Hostel,337203,NA,Valencia,1,1,€ 49,2019/11/13,2019/11/14,0,"7,7",7
Apartamentos Abastos,1044426,NA,Valencia,1,1,€ 50,2019/11/13,2019/11/14,0,"7,5",7
Habitaciones Rusafa,5604325,NA,Valencia,1,1,€ 50,2019/11/13,2019/11/14,0,"7,6",7
Hostal Bisbal,235665,NA,Valencia,1,1,€ 50,2019/11/13,2019/11/14,1,"7,5",7
