name,propertyId,propertyType,city,rooms,days,price,checkIn,checkOut,stars,score,advance
Room in apartment,3701648,NA,Valencia,1,1,€ 180,2019/11/30,2019/12/01,0,"7,8",7
Ilunion Valencia 3,92818,NA,Valencia,1,1,€ 185,2019/11/30,2019/12/01,3,"7,9",7
Bruno Apartment,2715023,NA,Valencia,1,1,NA,2019/11/30,2019/12/01,0,"9,7",7
United Colors of Studios - Mercado Central,2574108,NA,Valencia,1,1,€ 189,2019/11/30,2019/12/01,0,"7,8",7
Hotel Turia,14441,NA,Valencia,1,1,€ 189,2019/11/30,2019/12/01,4,"7,5",7
Habitaciones Rusafa,5604325,NA,Valencia,1,1,€ 200,2019/11/30,2019/12/01,0,"7,5",7
Hogar Dulce Hogar,5426607,NA,Valencia,1,1,€ 160,2019/11/30,2019/12/01,0,7,7
NWT Central Station Valencia,1647017,NA,Valencia,1,1,€ 169,2019/11/30,2019/12/01,0,"7,1",7
HOSTAL BED OF THE SEA,3974636,NA,Valencia,1,1,€ 200,2019/11/30,2019/12/01,0,"7,1",7
BONNIES Suites & Spa Valencia,3631910,NA,Valencia,1,1,NA,2019/11/30,2019/12/01,0,"9,8",7
Premium Apartments,486507,NA,Valencia,1,1,€ 225,2019/11/30,2019/12/01,0,"6,9",7
Oliver,4865093,NA,Valencia,1,1,€ 106,2019/11/30,2019/12/01,0,"5,4",7
Resiolé Mercado Central,5772964,NA,Valencia,1,1,€ 95,2019/11/30,2019/12/01,0,,7
PALACIO VALLIER 5*,4639648,NA,Valencia,1,1,€ 170,2019/11/30,2019/12/01,5,,7
GOERLICH SUITES VALENCIA,5795923,NA,Valencia,1,1,€ 210,2019/11/30,2019/12/01,0,,7
"Flat ""Ca Alexandre""",3687859,NA,Valencia,1,1,€ 240,2019/11/30,2019/12/01,0,,7
Opera House Valencia B&B,3533887,NA,Valencia,1,1,NA,2019/11/30,2019/12/01,0,"9,5",7
Apartamento de lujo con terraza,5240138,NA,Valencia,1,1,€ 770,2019/11/30,2019/12/01,0,,7
Hotel Cosmo,4838858,NA,Valencia,1,1,NA,2019/11/30,2019/12/01,3,"9,7",7
Ramirez Flats & Bar,4124528,NA,Valencia,1,1,€ 350,2019/11/30,2019/12/01,0,"9,5",7
MerKat-Abastos,1231196,NA,Valencia,1,1,NA,2019/11/30,2019/12/01,0,"9,6",7
Valenciaflats Centro Ciudad,18544,NA,Valencia,1,1,€ 235,2019/11/30,2019/12/01,0,"9,2",7
Citizentral Juristas,1113127,NA,Valencia,1,1,€ 241,2019/11/30,2019/12/01,0,"9,2",7
Apartamentos Wallace,1698355,NA,Valencia,1,1,€ 270,2019/11/30,2019/12/01,0,"9,2",7
Vincci Mercat,1279484,NA,Valencia,1,1,NA,2019/11/30,2019/12/01,4,9,7
MARQUÉS HOUSE 4* SUP,2118880,NA,Valencia,1,1,NA,2019/11/30,2019/12/01,4,"9,4",7
Las Arenas Balneario Resort,91144,NA,Valencia,1,1,NA,2019/11/30,2019/12/01,5,9,7
Apartamento Comedias,2236348,NA,Valencia,1,1,NA,2019/11/30,2019/12/01,0,"9,7",7
MYR Hotel Plaza Mercado & Spa,1619029,NA,Valencia,1,1,NA,2019/11/30,2019/12/01,3,"9,2",7
Hotel Valencia Alameda,4019381,NA,Valencia,1,1,NA,2019/11/30,2019/12/01,4,"9,2",7
Hi Valencia Apartments - Jorge Juan,2373701,NA,Valencia,1,1,€ 365,2019/11/30,2019/12/01,0,"9,4",7
Rooms Ciencias,94126,NA,Valencia,1,1,€ 400,2019/11/30,2019/12/01,0,9,7
Caro Hotel,348132,NA,Valencia,1,1,NA,2019/11/30,2019/12/01,5,"9,2",7
Rosa del mar2,4259814,NA,Valencia,1,1,€ 912,2019/11/30,2019/12/01,0,"9,1",7
Barracart Apartments,2125836,NA,Valencia,1,1,NA,2019/11/30,2019/12/01,0,"9,6",7
Magnífico Adosado- cerca de Valencia ciudad- en zona de montaña y playa fluvial,5354233,NA,Valencia,1,1,€ 89,2019/11/30,2019/12/01,0,"8,9",7
YOU & CO. Saler Beach Boutique,4533007,NA,Valencia,1,1,NA,2019/11/30,2019/12/01,3,"8,9",7
Ad Hoc Carmen,1173270,NA,Valencia,1,1,NA,2019/11/30,2019/12/01,2,"8,9",7
Apartamentos Plaza Picasso,97063,NA,Valencia,1,1,€ 190,2019/11/30,2019/12/01,0,"8,5",7
Apartments Madrina,3278589,NA,Valencia,1,1,€ 200,2019/11/30,2019/12/01,0,"8,9",7
Melia Valencia,290493,NA,Valencia,1,1,NA,2019/11/30,2019/12/01,4,"8,8",7
Centro en Valencia,2885222,NA,Valencia,1,1,NA,2019/11/30,2019/12/01,0,"9,5",7
Citizentral Gascons,332095,NA,Valencia,1,1,€ 229,2019/11/30,2019/12/01,0,"8,8",7
Hotel Kramer,91106,NA,Valencia,1,1,NA,2019/11/30,2019/12/01,3,"8,8",7
B&B Hi Valencia Boutique,1301725,NA,Valencia,1,1,€ 255,2019/11/30,2019/12/01,0,"8,7",7
Sercotel Sorolla Palace,93646,NA,Valencia,1,1,NA,2019/11/30,2019/12/01,4,"8,6",7
Lotelito,570027,NA,Valencia,1,1,€ 260,2019/11/30,2019/12/01,0,"8,9",7
Hotel Malcom and Barret,483261,NA,Valencia,1,1,€ 265,2019/11/30,2019/12/01,3,"8,7",7
One Shot Palacio Reina Victoria 04,90885,NA,Valencia,1,1,€ 269,2019/11/30,2019/12/01,4,"8,6",7
Preciosa Casita Cerca Del Mar,4057271,NA,Valencia,1,1,NA,2019/11/30,2019/12/01,0,"9,7",7
Hotel San Lorenzo Boutique,1307718,NA,Valencia,1,1,€ 270,2019/11/30,2019/12/01,3,"8,6",7
The Westin Valencia,93321,NA,Valencia,1,1,€ 275,2019/11/30,2019/12/01,5,"8,7",7
Vincci Lys,91183,NA,Valencia,1,1,€ 314,2019/11/30,2019/12/01,4,"8,9",7
Hotel Neptuno,91206,NA,Valencia,1,1,€ 325,2019/11/30,2019/12/01,4,"8,5",7
Cathedral Suites Hotel,1736257,NA,Valencia,1,1,€ 338,2019/11/30,2019/12/01,4,"8,9",7
Vincci Palace,94163,NA,Valencia,1,1,€ 341,2019/11/30,2019/12/01,4,"8,7",7
Casa Botànic - Céntrico y con comodidades,4218273,NA,Valencia,1,1,NA,2019/11/30,2019/12/01,0,"9,8",7
El Palacete Gran Via,3483148,NA,Valencia,1,1,€ 409,2019/11/30,2019/12/01,0,"8,7",7
Hotel Valencia Oceanic Managed by Melia Hotels International,91522,NA,Valencia,1,1,€ 434,2019/11/30,2019/12/01,4,"8,6",7
Apartamentos Turia,355328,NA,Valencia,1,1,€ 459,2019/11/30,2019/12/01,0,"8,6",7
Zerka Sendra,4657122,NA,Valencia,1,1,€ 549,2019/11/30,2019/12/01,0,"8,9",7
Mihotelitoespecial,3573906,NA,Valencia,1,1,€ 550,2019/11/30,2019/12/01,0,"8,7",7
Center Valencia Youth Hostel,246931,NA,Valencia,1,1,€ 29,2019/11/30,2019/12/01,0,8,7
MAR Y SOL,4652261,NA,Valencia,1,1,NA,2019/11/30,2019/12/01,0,"9,6",7
Urban Youth Hostel,1163025,NA,Valencia,1,1,€ 93,2019/11/30,2019/12/01,0,"8,4",7
Red Nest Hostel,92283,NA,Valencia,1,1,€ 98,2019/11/30,2019/12/01,0,"8,2",7
Habitaciones con Encanto,5629632,NA,Valencia,1,1,€ 150,2019/11/30,2019/12/01,0,"8,1",7
Ilunion Valencia 4,754329,NA,Valencia,1,1,€ 216,2019/11/30,2019/12/01,4,"8,1",7
Zerka Centro,4425975,NA,Valencia,1,1,€ 229,2019/11/30,2019/12/01,0,"8,4",7
Hotel Medium Valencia,96838,NA,Valencia,1,1,€ 261,2019/11/30,2019/12/01,4,"8,2",7
Apartment Cabanyal,3172456,NA,Valencia,1,1,NA,2019/11/30,2019/12/01,0,"9,7",7
Hotel Valencia Center,91285,NA,Valencia,1,1,€ 297,2019/11/30,2019/12/01,4,"8,4",7
Sweet Hotel Renasa,274818,NA,Valencia,1,1,€ 318,2019/11/30,2019/12/01,3,8,7
NWT Central Station Apartments,3964093,NA,Valencia,1,1,€ 350,2019/11/30,2019/12/01,0,"8,2",7
Apartamento Cuatro Carreres,2743149,NA,Valencia,1,1,€ 425,2019/11/30,2019/12/01,0,"8,1",7
Apartment in Valencia,2339175,NA,Valencia,1,1,€ 425,2019/11/30,2019/12/01,0,"8,2",7
