name,propertyId,propertyType,city,rooms,days,price,checkIn,checkOut,stars,score,advance
Puerta de Serranos,2734333,NA,Valencia,1,1,€ 176,2020/01/27,2020/01/28,0,"8,8",60
Vlc Apartaments el Carmen,389902,NA,Valencia,1,1,€ 187,2020/01/27,2020/01/28,0,"8,5",60
Rest room Evi,5710566,NA,Valencia,1,1,NA,2020/01/27,2020/01/28,0,"8,8",60
SingularStays Parque Central,3054000,NA,Valencia,1,1,€ 189,2020/01/27,2020/01/28,0,"8,8",60
Carlos & Ana,2079019,NA,Valencia,1,1,€ 215,2020/01/27,2020/01/28,0,"8,9",60
Zerka Sendra,4657122,NA,Valencia,1,1,€ 309,2020/01/27,2020/01/28,0,"8,9",60
Urban Youth Hostel,1163025,NA,Valencia,1,1,€ 23,2020/01/27,2020/01/28,0,"8,4",60
Center Valencia Youth Hostel,246931,NA,Valencia,1,1,€ 24,2020/01/27,2020/01/28,0,8,60
B&B Hi Valencia Canovas,305349,NA,Valencia,1,1,€ 38,2020/01/27,2020/01/28,0,"8,3",60
SingularStays Artes,1667938,NA,Valencia,1,1,NA,2020/01/27,2020/01/28,0,"8,9",60
Red Nest Hostel,92283,NA,Valencia,1,1,€ 38,2020/01/27,2020/01/28,0,"8,2",60
Innsa,503793,NA,Valencia,1,1,€ 40,2020/01/27,2020/01/28,0,"8,3",60
Habitacion Doble Homestay,4037073,NA,Valencia,1,1,€ 40,2020/01/27,2020/01/28,0,8,60
Habitacion en Valencia Barata,4861796,NA,Valencia,1,1,€ 40,2020/01/27,2020/01/28,0,"8,2",60
Casa Mati,4217185,NA,Valencia,1,1,€ 40,2020/01/27,2020/01/28,0,"8,2",60
Purple Nest Hostel,25278,NA,Valencia,1,1,€ 41,2020/01/27,2020/01/28,0,"8,2",60
My Loft 4 You Ayuntamiento,1161893,NA,Valencia,1,1,NA,2020/01/27,2020/01/28,0,"8,7",60
Hotel Villacarlos,90730,NA,Valencia,1,1,NA,2020/01/27,2020/01/28,3,8,60
Hostal Abastos,257057,NA,Valencia,1,1,NA,2020/01/27,2020/01/28,2,"8,2",60
Habitacion en Valencia,4861732,NA,Valencia,1,1,€ 45,2020/01/27,2020/01/28,0,"8,2",60
Hotel Valencia Center,91285,NA,Valencia,1,1,NA,2020/01/27,2020/01/28,4,"8,4",60
Aparthotel Valencia Rental,17344,NA,Valencia,1,1,€ 48,2020/01/27,2020/01/28,0,8,60
Dormavalencia Hostel Regne,291755,NA,Valencia,1,1,NA,2020/01/27,2020/01/28,1,8,60
Flats Friends Nave,2861620,NA,Valencia,1,1,NA,2020/01/27,2020/01/28,0,"8,4",60
Habitaciones Valero,3735725,NA,Valencia,1,1,€ 49,2020/01/27,2020/01/28,0,"8,1",60
Nanit Valencia Hostel,3913497,NA,Valencia,1,1,€ 49,2020/01/27,2020/01/28,0,"8,4",60
Dormavalencia Hostel,249585,NA,Valencia,1,1,NA,2020/01/27,2020/01/28,1,"8,2",60
Habitaciones con Encanto,5629632,NA,Valencia,1,1,€ 50,2020/01/27,2020/01/28,0,"8,2",60
Albergue Juvenil Colegio Mayor Galileo Galilei,253103,NA,Valencia,1,1,€ 50,2020/01/27,2020/01/28,0,"8,1",60
B&B El Mercat,2203530,NA,Valencia,1,1,€ 40,2020/01/27,2020/01/28,0,"7,2",60
Murillo Apartment,408163,NA,Valencia,1,1,€ 41,2020/01/27,2020/01/28,0,7,60
Shared Apartamento Compartido,3931013,NA,Valencia,1,1,NA,2020/01/27,2020/01/28,0,"7,7",60
Habitación con cama doble,4794909,NA,Valencia,1,1,€ 41,2020/01/27,2020/01/28,0,"7,4",60
Habitación San Cayetano,4624401,NA,Valencia,1,1,€ 45,2020/01/27,2020/01/28,0,"7,4",60
Sampedor Apartment,435662,NA,Valencia,1,1,€ 45,2020/01/27,2020/01/28,0,"7,1",60
Cosy Rooms Embajador,369728,NA,Valencia,1,1,NA,2020/01/27,2020/01/28,2,"7,4",60
Cosy Rooms Bolsería,371606,NA,Valencia,1,1,NA,2020/01/27,2020/01/28,2,"7,4",60
Apartamentos Abastos,1044426,NA,Valencia,1,1,€ 50,2020/01/27,2020/01/28,0,"7,4",60
Living Valencia - Bolseria Street,2615995,NA,Valencia,1,1,NA,2020/01/27,2020/01/28,0,"7,8",60
HOSTAL BED OF THE SEA,3974636,NA,Valencia,1,1,€ 50,2020/01/27,2020/01/28,0,"7,1",60
Habitacion PLaza Ayuntamiento,4365340,NA,Valencia,1,1,€ 50,2020/01/27,2020/01/28,0,"7,2",60
Hostal la Barraca,350013,NA,Valencia,1,1,€ 60,2020/01/27,2020/01/28,0,"7,1",60
Geography and Arts.,3569110,NA,Valencia,1,1,€ 60,2020/01/27,2020/01/28,0,"7,3",60
Hogar Dulce Hogar,5426607,NA,Valencia,1,1,€ 60,2020/01/27,2020/01/28,0,7,60
Apartment Horticultor Bosch,1148669,NA,Valencia,1,1,€ 60,2020/01/27,2020/01/28,0,"7,3",60
Torres Quart,3702234,NA,Valencia,1,1,NA,2020/01/27,2020/01/28,0,"7,5",60
OYO Pensión El Rincón,476031,NA,Valencia,1,1,NA,2020/01/27,2020/01/28,1,"7,4",60
Mercat Central brugada home,5259150,NA,Valencia,1,1,€ 61,2020/01/27,2020/01/28,0,7,60
Valencia Apartmans El Carmen,847910,NA,Valencia,1,1,€ 68,2020/01/27,2020/01/28,0,"7,3",60
Almiserat,3054886,NA,Valencia,1,1,€ 70,2020/01/27,2020/01/28,0,"7,1",60
Mi casa es vuestra casa,4967097,NA,Valencia,1,1,€ 70,2020/01/27,2020/01/28,0,"7,1",60
Guest House Samuel Ros,4161855,NA,Valencia,1,1,€ 90,2020/01/27,2020/01/28,0,"7,2",60
My Reception - Edificio San Vicente,5123921,NA,Valencia,1,1,NA,2020/01/27,2020/01/28,0,"7,7",60
Select Home Catedral,440778,NA,Valencia,1,1,€ 170,2020/01/27,2020/01/28,0,"7,1",60
Sweet Caroline Apartment,1811784,NA,Valencia,1,1,€ 150,2020/01/27,2020/01/28,0,"9,2",60
B BEACH VALENCIA,5125954,NA,Valencia,1,1,€ 150,2020/01/27,2020/01/28,0,9,60
Apartment near Arts & Science,2062186,NA,Valencia,1,1,NA,2020/01/27,2020/01/28,0,"9,3",60
Mediterranean Flats Plaza Redonda,4086496,NA,Valencia,1,1,€ 165,2020/01/27,2020/01/28,0,"9,2",60
Apartamento Playa Wifi Gratis,3495634,NA,Valencia,1,1,€ 190,2020/01/27,2020/01/28,0,"9,3",60
Loft Superior el Carmen,2784473,NA,Valencia,1,1,€ 197,2020/01/27,2020/01/28,0,"9,3",60
Caro Hotel,348132,NA,Valencia,1,1,NA,2020/01/27,2020/01/28,5,"9,2",60
Cozy apartment in Valencia center,3402135,NA,Valencia,1,1,€ 213,2020/01/27,2020/01/28,0,"9,1",60
Old Fisherman's House in Malvarrosa Beach,3618172,NA,Valencia,1,1,€ 216,2020/01/27,2020/01/28,0,"9,4",60
Casa Cosy,375456,NA,Valencia,1,1,NA,2020/01/27,2020/01/28,0,"9,4",60
Ca Carmela,2466364,NA,Valencia,1,1,€ 250,2020/01/27,2020/01/28,0,"9,1",60
Rosa del mar2,4259814,NA,Valencia,1,1,€ 259,2020/01/27,2020/01/28,0,"9,1",60
MD Julio Antonio Apartment Center,3961049,NA,Valencia,1,1,€ 387,2020/01/27,2020/01/28,0,"9,1",60
MD PASEO RUZAFA CENTER,5374850,NA,Valencia,1,1,€ 1.030,2020/01/27,2020/01/28,0,9,60
The River Hostel,494202,NA,Valencia,1,1,€ 19,2020/01/27,2020/01/28,0,"8,5",60
Pensión Alicante,298710,NA,Valencia,1,1,€ 33,2020/01/27,2020/01/28,0,"8,5",60
Piso en Malvarrosa,2574698,NA,Valencia,1,1,NA,2020/01/27,2020/01/28,0,"9,1",60
YOU & CO. Saler Beach Boutique,4533007,NA,Valencia,1,1,NA,2020/01/27,2020/01/28,3,"8,9",60
Hulot B&B Valencia,585429,NA,Valencia,1,1,€ 40,2020/01/27,2020/01/28,0,"8,5",60
Estrella de russafa,5352439,NA,Valencia,1,1,€ 40,2020/01/27,2020/01/28,0,"8,8",60
Habitación en piso compartido,5433175,NA,Valencia,1,1,€ 40,2020/01/27,2020/01/28,0,"8,9",60
Apartamentos Plaza Picasso,97063,NA,Valencia,1,1,€ 41,2020/01/27,2020/01/28,0,"8,5",60
Hotel Mediterraneo Valencia,92412,NA,Valencia,1,1,€ 62,2020/01/27,2020/01/28,3,"8,9",60
SKY TOURISTIC ATTIC,281640,NA,Valencia,1,1,€ 63,2020/01/27,2020/01/28,0,"8,5",60
Total Valencia Ruzafa,1971579,NA,Valencia,1,1,NA,2020/01/27,2020/01/28,0,9,60
Casual Vintage Valencia,1710241,NA,Valencia,1,1,€ 64,2020/01/27,2020/01/28,2,"8,6",60
Blanq Carmen Hotel,97069,NA,Valencia,1,1,€ 65,2020/01/27,2020/01/28,3,"8,7",60
One Shot Colón 46,1394168,NA,Valencia,1,1,€ 67,2020/01/27,2020/01/28,3,"8,7",60
Petit Palace Ruzafa,90792,NA,Valencia,1,1,€ 68,2020/01/27,2020/01/28,3,"8,7",60
Hotel San Lorenzo Boutique,1307718,NA,Valencia,1,1,€ 68,2020/01/27,2020/01/28,3,"8,6",60
Petit Palomar,2187491,NA,Valencia,1,1,€ 69,2020/01/27,2020/01/28,0,"8,9",60
Petit Palomar,2187491,NA,Valencia,1,1,€ 41,2020/01/27,2020/01/28,0,"8,9",60
Vivaldi Valencia,427198,NA,Valencia,1,1,NA,2020/01/27,2020/01/28,0,"9,3",60
Hotel Malcom and Barret,483261,NA,Valencia,1,1,NA,2020/01/27,2020/01/28,3,"8,7",60
Home Youth Hostel by Feetup Hostels,189322,NA,Valencia,1,1,€ 42,2020/01/27,2020/01/28,0,"8,8",60
Best Valencia Beach Flat,3246772,NA,Valencia,1,1,€ 190,2020/01/27,2020/01/28,0,7,60
MD Puerto Rico Apartment Ruzafa,3737151,NA,Valencia,1,1,€ 387,2020/01/27,2020/01/28,0,"7,4",60
Hostal Residencial RR,450746,NA,Valencia,1,1,€ 40,2020/01/27,2020/01/28,0,"6,9",60
Ruzafa Rooms,2891693,NA,Valencia,1,1,€ 43,2020/01/27,2020/01/28,0,"6,9",60
Cozy fisherman's house,2241663,NA,Valencia,1,1,€ 75,2020/01/27,2020/01/28,0,"7,9",60
Apartamento Loft Residence,2225524,NA,Valencia,1,1,€ 76,2020/01/27,2020/01/28,0,"7,8",60
El Cid,2740801,NA,Valencia,1,1,NA,2020/01/27,2020/01/28,0,9,60
Hotel Gabbeach,403586,NA,Valencia,1,1,€ 69,2020/01/27,2020/01/28,3,"8,5",60
Apartments Madrina,3278589,NA,Valencia,1,1,€ 70,2020/01/27,2020/01/28,0,"8,9",60
Catalonia Excelsior,90578,NA,Valencia,1,1,€ 70,2020/01/27,2020/01/28,3,"8,7",60
Turia Burjassot 12,3237353,NA,Valencia,1,1,€ 70,2020/01/27,2020/01/28,0,"8,9",60
Zalamera BnB,1331238,NA,Valencia,1,1,€ 42,2020/01/27,2020/01/28,0,"8,7",60
B&B Almirante,369695,NA,Valencia,1,1,NA,2020/01/27,2020/01/28,1,"8,8",60
Soho Valencia,1538641,NA,Valencia,1,1,€ 45,2020/01/27,2020/01/28,0,"8,9",60
San Ferdinand B&B,5540960,NA,Valencia,1,1,NA,2020/01/27,2020/01/28,0,"7,6",60
Holiday Inn Express Ciudad de las Ciencias,96737,NA,Valencia,1,1,€ 77,2020/01/27,2020/01/28,3,"7,9",60
Suites by Eric Olsan (Peset),4726296,NA,Valencia,1,1,€ 83,2020/01/27,2020/01/28,0,"7,5",60
Suites by Eric Olsan (L),4287413,NA,Valencia,1,1,€ 83,2020/01/27,2020/01/28,0,"7,5",60
Casual del Cine Valencia,572187,NA,Valencia,1,1,€ 71,2020/01/27,2020/01/28,2,"8,7",60
Moon Valencia,3560698,NA,Valencia,1,1,€ 72,2020/01/27,2020/01/28,0,"8,7",60
Apartamento Centro Valencia,1810765,NA,Valencia,1,1,NA,2020/01/27,2020/01/28,0,9,60
Hotel Neptuno,91206,NA,Valencia,1,1,NA,2020/01/27,2020/01/28,4,"8,5",60
Cathedral Suites Hotel,1736257,NA,Valencia,1,1,NA,2020/01/27,2020/01/28,4,"8,9",60
Living Valencia - Malvarrosa Beach,3555919,NA,Valencia,1,1,NA,2020/01/27,2020/01/28,0,"8,6",60
Apartments Plaza Ayuntamiento,3506736,NA,Valencia,1,1,€ 109,2020/01/27,2020/01/28,0,"8,6",60
Friendly Rentals Schubert,1634221,NA,Valencia,1,1,€ 110,2020/01/27,2020/01/28,0,"8,8",60
SEA YOU HOTEL PORT VALENCIA,92328,NA,Valencia,1,1,€ 83,2020/01/27,2020/01/28,4,"7,7",60
Plaza Sainetero 5,3148458,NA,Valencia,1,1,€ 93,2020/01/27,2020/01/28,0,"7,7",60
Kirei Apartment Dublin,4639542,NA,Valencia,1,1,€ 103,2020/01/27,2020/01/28,0,"7,8",60
El Cactus,3201028,NA,Valencia,1,1,€ 110,2020/01/27,2020/01/28,0,"8,9",60
Friendly Rentals Nyman,3245521,NA,Valencia,1,1,€ 110,2020/01/27,2020/01/28,0,"8,9",60
Friendly Rentals Ravel I,1634234,NA,Valencia,1,1,€ 110,2020/01/27,2020/01/28,0,"8,8",60
Friendly Rentals Pergolesi,1634240,NA,Valencia,1,1,€ 110,2020/01/27,2020/01/28,0,"8,5",60
My Loft 4 You Velluters,4126372,NA,Valencia,1,1,NA,2020/01/27,2020/01/28,0,"8,7",60
Friendly Rentals Brade,1918694,NA,Valencia,1,1,€ 110,2020/01/27,2020/01/28,0,"8,9",60
Citizentral Gascons,332095,NA,Valencia,1,1,€ 74,2020/01/27,2020/01/28,0,"8,8",60
El Palacete Gran Via,3483148,NA,Valencia,1,1,€ 75,2020/01/27,2020/01/28,0,"8,7",60
Valencia maritimo,3020748,NA,Valencia,1,1,€ 75,2020/01/27,2020/01/28,0,"8,9",60
Living Puerto,189343,NA,Valencia,1,1,NA,2020/01/27,2020/01/28,0,"7,7",60
Plaza Redonda house.,4399973,NA,Valencia,1,1,€ 116,2020/01/27,2020/01/28,0,"7,5",60
STYLISH APARTMENT - CITY CENTER,2861517,NA,Valencia,1,1,€ 120,2020/01/27,2020/01/28,0,"7,8",60
Original Domino House,5434091,NA,Valencia,1,1,€ 75,2020/01/27,2020/01/28,0,"8,7",60
Ad Hoc Monumental,90719,NA,Valencia,1,1,€ 76,2020/01/27,2020/01/28,3,"8,6",60
Zenit Valencia,92327,NA,Valencia,1,1,€ 77,2020/01/27,2020/01/28,4,"8,8",60
Total Valencia Lonja,2263771,NA,Valencia,1,1,NA,2020/01/27,2020/01/28,0,9,60
SH Ingles Boutique Hotel,92956,NA,Valencia,1,1,€ 80,2020/01/27,2020/01/28,4,"8,5",60
Hotel Valencia Oceanic Managed by Melia Hotels International,91522,NA,Valencia,1,1,€ 81,2020/01/27,2020/01/28,4,"8,6",60
Suites by Eric Olsan (Florista),4726450,NA,Valencia,1,1,€ 82,2020/01/27,2020/01/28,0,"8,5",60
Friendly Rentals Danna,1634254,NA,Valencia,1,1,€ 140,2020/01/27,2020/01/28,0,"7,7",60
Malvarrosa Calle Pavia,3608764,NA,Valencia,1,1,€ 179,2020/01/27,2020/01/28,0,"7,7",60
Select Home Town Hall,1648016,NA,Valencia,1,1,€ 200,2020/01/27,2020/01/28,0,"7,5",60
Friendly Rentals Casals,1769176,NA,Valencia,1,1,€ 115,2020/01/27,2020/01/28,0,"8,9",60
Flats Hondures,2194645,NA,Valencia,1,1,€ 117,2020/01/27,2020/01/28,0,"8,7",60
Flatsforyou Sorolla House,403442,NA,Valencia,1,1,€ 120,2020/01/27,2020/01/28,0,"8,6",60
Tranquilo Apartamento En Plaza Cisneros,3127388,NA,Valencia,1,1,€ 85,2020/01/27,2020/01/28,0,"8,9",60
Petit Palace Plaza de la Reina,90443,NA,Valencia,1,1,€ 85,2020/01/27,2020/01/28,3,"8,7",60
MD Abastos Center,2551194,NA,Valencia,1,1,€ 240,2020/01/27,2020/01/28,0,"7,8",60
Entre la Estación y el Ayuntamiento,3011679,NA,Valencia,1,1,NA,2020/01/27,2020/01/28,0,"7,6",60
Musico Peydro Apartments,3765069,NA,Valencia,1,1,€ 347,2020/01/27,2020/01/28,0,"7,9",60
MD Art Apartment Ruzafa,2550955,NA,Valencia,1,1,€ 347,2020/01/27,2020/01/28,0,"7,7",60
Friendly Rentals Gala,1634252,NA,Valencia,1,1,€ 120,2020/01/27,2020/01/28,0,"8,8",60
Friendly Rentals Soler,1634237,NA,Valencia,1,1,€ 120,2020/01/27,2020/01/28,0,"8,7",60
Plaza Sainetero Arniches,3984774,NA,Valencia,1,1,NA,2020/01/27,2020/01/28,0,"8,5",60
Apartamentos Valencia - Brazil 31 Free WiFi,4948554,NA,Valencia,1,1,€ 125,2020/01/27,2020/01/28,0,"8,7",60
Apartments in Villa Oliva Tossal Gros,3083529,NA,Valencia,1,1,€ 130,2020/01/27,2020/01/28,0,"8,8",60
Friendly Rentals Strauss,1634236,NA,Valencia,1,1,€ 130,2020/01/27,2020/01/28,0,"8,6",60
Apartamento Gran Vía Marqués del Turia,2358973,NA,Valencia,1,1,€ 135,2020/01/27,2020/01/28,0,"8,6",60
Edificio Pentagono,4673669,NA,Valencia,1,1,€ 135,2020/01/27,2020/01/28,0,"8,9",60
Hospes Palau de La Mar,93823,NA,Valencia,1,1,NA,2020/01/27,2020/01/28,5,"8,8",60
Bianca,4232781,NA,Valencia,1,1,NA,2020/01/27,2020/01/28,0,"8,9",60
ValentiaApartments - MercadoCentral,4185241,NA,Valencia,1,1,€ 146,2020/01/27,2020/01/28,0,"8,8",60
COZY & MODERN Apartment next to Metro A. Guimerá,5516886,NA,Valencia,1,1,€ 79,2020/01/27,2020/01/28,0,,60
Loft Turia Gran,5133726,NA,Valencia,1,1,€ 80,2020/01/27,2020/01/28,0,,60
Dreams Rental Old Town,5623154,NA,Valencia,1,1,NA,2020/01/27,2020/01/28,0,,60
The Westin Valencia,93321,NA,Valencia,1,1,NA,2020/01/27,2020/01/28,5,"8,7",60
Friendly Rentals Vives 2,2523871,NA,Valencia,1,1,€ 155,2020/01/27,2020/01/28,0,"8,9",60
Plaza de la Virgen,3167342,NA,Valencia,1,1,€ 160,2020/01/27,2020/01/28,0,"8,8",60
Valencia City Host,1177077,NA,Valencia,1,1,€ 40,2020/01/27,2020/01/28,0,"7,7",60
Voyagers Inn Homestay,2682156,NA,Valencia,1,1,€ 40,2020/01/27,2020/01/28,0,"7,7",60
Xativa Terrace Apartments,1266649,NA,Valencia,1,1,NA,2020/01/27,2020/01/28,0,"8,3",60
Habitacion Apartamento soleado Plaza Escultor Frechina,4865043,NA,Valencia,1,1,€ 40,2020/01/27,2020/01/28,0,"7,7",60
habitaciones mercat de ruzafa,5881952,NA,Valencia,1,1,€ 80,2020/01/27,2020/01/28,0,,60
Minimalist room with balcony.FREE bikes & coffee 1,5776697,NA,Valencia,1,1,€ 85,2020/01/27,2020/01/28,0,,60
Hotel Helen Berger,5159105,NA,Valencia,1,1,€ 94,2020/01/27,2020/01/28,4,,60
HOSPEDAJE PESET,4718074,NA,Valencia,1,1,€ 40,2020/01/27,2020/01/28,0,"7,5",60
Hotel Beleret,94652,NA,Valencia,1,1,NA,2020/01/27,2020/01/28,3,"7,7",60
Patacona Green Flats,292996,NA,Valencia,1,1,€ 43,2020/01/27,2020/01/28,0,"7,6",60
United Colors of Studios - Mercado Central,2574108,NA,Valencia,1,1,€ 45,2020/01/27,2020/01/28,0,"7,7",60
Apartamentos La más Bonita,2816245,NA,Valencia,1,1,€ 104,2020/01/27,2020/01/28,0,9,60
Forn desamparats,2380447,NA,Valencia,1,1,€ 105,2020/01/27,2020/01/28,0,"9,4",60
Apartment Madrina Suites,5791814,NA,Valencia,1,1,€ 96,2020/01/27,2020/01/28,0,,60
Carrer de l'Arquitecte Alfaro 27 bajo derecha,4353398,NA,Valencia,1,1,€ 102,2020/01/27,2020/01/28,0,,60
Valencia City Apartment,5460796,NA,Valencia,1,1,€ 107,2020/01/27,2020/01/28,0,,60
Three-Bedroom Apartment in Valencia,4560796,NA,Valencia,1,1,NA,2020/01/27,2020/01/28,3,,60
Suit AVE (Valencia),5726860,NA,Valencia,1,1,€ 111,2020/01/27,2020/01/28,0,,60
RAVALENCIA 4,3377937,NA,Valencia,1,1,€ 124,2020/01/27,2020/01/28,0,,60
Todo el centro histórico a tu alcance.,5610526,NA,Valencia,1,1,€ 124,2020/01/27,2020/01/28,0,,60
Piso cercano al centro ( 5 min BUS),5607299,NA,Valencia,1,1,€ 130,2020/01/27,2020/01/28,0,,60
Luxury Port Aparment,5722648,NA,Valencia,1,1,€ 160,2020/01/27,2020/01/28,0,,60
Beach Luxury Apartment,5722332,NA,Valencia,1,1,€ 160,2020/01/27,2020/01/28,0,,60
Dúplex cerca de la playa,5798405,NA,Valencia,1,1,NA,2020/01/27,2020/01/28,0,,60
The White Apartment: Luxury- Beach and Design,5631365,NA,Valencia,1,1,€ 167,2020/01/27,2020/01/28,0,,60
Casa Del Sueno,4292899,NA,Valencia,1,1,€ 173,2020/01/27,2020/01/28,0,,60
Apartment Carrer Ernesto Che Guevara,5598848,NA,Valencia,1,1,€ 182,2020/01/27,2020/01/28,0,,60
Apartment Passeig de la Petxina,5695771,NA,Valencia,1,1,€ 195,2020/01/27,2020/01/28,0,,60
Enjoy Flat Valencia,3991548,NA,Valencia,1,1,€ 175,2020/01/27,2020/01/28,0,"8,6",60
MD Pelayo with terrace,1979067,NA,Valencia,1,1,€ 387,2020/01/27,2020/01/28,0,"7,7",60
MD Benlliure Beach.,1957258,NA,Valencia,1,1,€ 387,2020/01/27,2020/01/28,0,"7,8",60
MD Oliag I Apartment Ruzafa,2867488,NA,Valencia,1,1,€ 447,2020/01/27,2020/01/28,0,"7,6",60
Valero Vintage,3315727,NA,Valencia,1,1,€ 45,2020/01/27,2020/01/28,0,"7,8",60
Singular Apartments Station,824674,NA,Valencia,1,1,NA,2020/01/27,2020/01/28,0,"8,3",60
Patacona Resort Apartments,189782,NA,Valencia,1,1,€ 46,2020/01/27,2020/01/28,0,"7,8",60
Cosy Rooms Tapinería,371192,NA,Valencia,1,1,NA,2020/01/27,2020/01/28,2,"7,5",60
Checkin Valencia,93743,NA,Valencia,1,1,NA,2020/01/27,2020/01/28,4,"7,8",60
Apartment Plaza de la Merced,3457190,NA,Valencia,1,1,€ 470,2020/01/27,2020/01/28,0,"7,9",60
Casco antiguo- el Carmen.,3855870,NA,Valencia,1,1,NA,2020/01/27,2020/01/28,0,"7,5",60
Bright and quiet rooms near the beach,5698199,NA,Valencia,1,1,€ 30,2020/01/27,2020/01/28,0,"7,2",60
Hostal Waksman,281139,NA,Valencia,1,1,€ 30,2020/01/27,2020/01/28,1,"7,4",60
Apartment Regne De Valencia,1533033,NA,Valencia,1,1,NA,2020/01/27,2020/01/28,0,"9,4",60
MYR Hotel Plaza Mercado & Spa,1619029,NA,Valencia,1,1,€ 106,2020/01/27,2020/01/28,3,"9,2",60
NH Collection Colón Valencia,3828811,NA,Valencia,1,1,€ 107,2020/01/27,2020/01/28,4,"9,1",60
Masatepe Room Valencia,5687127,NA,Valencia,1,1,€ 30,2020/01/27,2020/01/28,0,"7,1",60
NWT Central Station Valencia,1647017,NA,Valencia,1,1,€ 37,2020/01/27,2020/01/28,0,"7,1",60
Zen House,3671621,NA,Valencia,1,1,€ 39,2020/01/27,2020/01/28,0,"7,1",60
B&B Hotel Valencia Ciudad de las Ciencias,92242,NA,Valencia,1,1,NA,2020/01/27,2020/01/28,3,"7,5",60
Hotel Turia,14441,NA,Valencia,1,1,NA,2020/01/27,2020/01/28,4,"7,5",60
Expo Hotel Valencia,91223,NA,Valencia,1,1,NA,2020/01/27,2020/01/28,3,"7,6",60
Total Valencia Center,1239711,NA,Valencia,1,1,NA,2020/01/27,2020/01/28,0,"8,4",60
Como en casa,4802186,NA,Valencia,1,1,€ 54,2020/01/27,2020/01/28,0,"7,9",60
Vincci Mercat,1279484,NA,Valencia,1,1,€ 108,2020/01/27,2020/01/28,4,9,60
Apartamento centro frente a Torres de Serrano,3408067,NA,Valencia,1,1,€ 110,2020/01/27,2020/01/28,0,"9,3",60
WeRentVLC Charming Ruzafa,2839319,NA,Valencia,1,1,€ 110,2020/01/27,2020/01/28,0,"9,2",60
5 SENSES,3786890,NA,Valencia,1,1,€ 111,2020/01/27,2020/01/28,0,"9,2",60
Cozy apartment in Valencia! WI-FI !,4447072,NA,Valencia,1,1,NA,2020/01/27,2020/01/28,0,"9,4",60
"Piso ""Como en tu casa""",2689136,NA,Valencia,1,1,€ 115,2020/01/27,2020/01/28,0,"9,2",60
Palacio de Rojas,1073276,NA,Valencia,1,1,€ 117,2020/01/27,2020/01/28,0,"9,3",60
Apartment Carrer de Don Juan de Austria,5464038,NA,Valencia,1,1,€ 279,2020/01/27,2020/01/28,0,,60
Turia Guesthouse - B&B,2884427,NA,Valencia,1,1,€ 285,2020/01/27,2020/01/28,0,,60
VILLA In VALENCIA WITH POOL ON THE BEACH,5684273,NA,Valencia,1,1,€ 330,2020/01/27,2020/01/28,0,,60
Apartamento en el centro de Valencia,4709659,NA,Valencia,1,1,€ 120,2020/01/27,2020/01/28,0,"9,1",60
15 Avinguda Mare Nostrum,4518973,NA,Valencia,1,1,€ 120,2020/01/27,2020/01/28,0,"9,2",60
MARQUÉS HOUSE 4* SUP,2118880,NA,Valencia,1,1,€ 120,2020/01/27,2020/01/28,4,"9,4",60
HOUSE In VALENCIA WITH POOL IN FRONT OF THE SEA,5690235,NA,Valencia,1,1,€ 370,2020/01/27,2020/01/28,0,,60
FANTASTIC HOUSE WITH POOL ON THE BEACH RT,5732473,NA,Valencia,1,1,€ 405,2020/01/27,2020/01/28,0,,60
Apartment Carrer de Josep Aguirre,5646705,NA,Valencia,1,1,€ 608,2020/01/27,2020/01/28,0,,60
Jero Rooms,296743,NA,Valencia,1,1,€ 55,2020/01/27,2020/01/28,0,"7,7",60
City Center Apartments,4426057,NA,Valencia,1,1,€ 56,2020/01/27,2020/01/28,0,"7,8",60
Hostal Bisbal,235665,NA,Valencia,1,1,NA,2020/01/27,2020/01/28,1,"7,5",60
Ilunion Valencia 3,92818,NA,Valencia,1,1,NA,2020/01/27,2020/01/28,3,"7,9",60
Style Apartment Patacona Beach,3233099,NA,Valencia,1,1,€ 64,2020/01/27,2020/01/28,0,"7,8",60
Friendly Rentals Verdi,1634232,NA,Valencia,1,1,NA,2020/01/27,2020/01/28,0,"8,1",60
City of Arts & Spa Apartment,4820684,NA,Valencia,1,1,€ 65,2020/01/27,2020/01/28,0,"7,9",60
El 16 Ruzafa,865461,NA,Valencia,1,1,€ 69,2020/01/27,2020/01/28,0,"7,7",60
Malvarrosa Beach Rooms,314048,NA,Valencia,1,1,NA,2020/01/27,2020/01/28,2,"6,9",60
Habitación en Valencia,5477394,NA,Valencia,1,1,€ 72,2020/01/27,2020/01/28,0,"7,5",60
Apartamento Alguer,4005334,NA,Valencia,1,1,€ 75,2020/01/27,2020/01/28,0,"7,7",60
Apartamento Angel Alcazar 35,2174625,NA,Valencia,1,1,€ 75,2020/01/27,2020/01/28,0,"7,5",60
Casita Esmeralda,2040126,NA,Valencia,1,1,€ 114,2020/01/27,2020/01/28,0,"6,5",60
Like Apartments Lonja,173107,NA,Valencia,1,1,NA,2020/01/27,2020/01/28,0,"7,3",60
MD Villalonga Malvarosa Beach,3739661,NA,Valencia,1,1,€ 510,2020/01/27,2020/01/28,0,"6,8",60
Fun and Sun Center 2,2944416,NA,Valencia,1,1,€ 31,2020/01/27,2020/01/28,0,6,60
Ruzafa Guesthouse,2269176,NA,Valencia,1,1,€ 24,2020/01/27,2020/01/28,0,"5,5",60
Guest House Torres de Quart,2275006,NA,Valencia,1,1,€ 28,2020/01/27,2020/01/28,0,"5,1",60
COZY APARTMENT VALENCIA CITY CENTER!,4886758,NA,Valencia,1,1,€ 123,2020/01/27,2020/01/28,0,"9,1",60
Casa Isa,2683762,NA,Valencia,1,1,NA,2020/01/27,2020/01/28,0,"9,3",60
COZY APARTMENT VALENCIA BEACHFRONT!,3128516,NA,Valencia,1,1,€ 125,2020/01/27,2020/01/28,0,"9,4",60
Guest House Ruzafa,2324552,NA,Valencia,1,1,€ 29,2020/01/27,2020/01/28,0,5,60
Port of Valencia,3805735,NA,Valencia,1,1,€ 79,2020/01/27,2020/01/28,0,5,60
Coroa del Mar,1549399,NA,Valencia,1,1,NA,2020/01/27,2020/01/28,0,"7,2",60
Guest House Duc de Gaeta,2275007,NA,Valencia,1,1,€ 28,2020/01/27,2020/01/28,0,"4,9",60
Apartments Sollana Near the Turia Park Valencia,5546417,NA,Valencia,1,1,€ 125,2020/01/27,2020/01/28,0,9,60
Live in Chianti Apartaments,2882632,NA,Valencia,1,1,€ 128,2020/01/27,2020/01/28,0,9,60
Welcome Apartamentos Pintor Stolz 31 Valencia,5019066,NA,Valencia,1,1,€ 130,2020/01/27,2020/01/28,0,9,60
Guesthouse Plaza de Toros,2985902,NA,Valencia,1,1,€ 29,2020/01/27,2020/01/28,0,"4,8",60
Malvarosa,3820590,NA,Valencia,1,1,€ 190,2020/01/27,2020/01/28,0,"3,8",60
Aparment Canarias,3753027,NA,Valencia,1,1,€ 49,2020/01/27,2020/01/28,0,"2,6",60
Friendly Rentals Torrealba,1634243,NA,Valencia,1,1,€ 130,2020/01/27,2020/01/28,0,"9,3",60
Friendly Rentals Boyvin,1923141,NA,Valencia,1,1,€ 135,2020/01/27,2020/01/28,0,"9,3",60
Vivaldi Penthouse Ayuntamiento,1289561,NA,Valencia,1,1,NA,2020/01/27,2020/01/28,0,"9,2",60
Up Town,2244083,NA,Valencia,1,1,€ 52,2020/01/27,2020/01/28,0,"8,2",60
Happy Apartments Valencia,456043,NA,Valencia,1,1,€ 52,2020/01/27,2020/01/28,0,"8,2",60
FEYV,5820019,NA,Valencia,1,1,€ 20,2020/01/27,2020/01/28,0,,60
Estrella de valencia,5804852,NA,Valencia,1,1,€ 41,2020/01/27,2020/01/28,0,,60
Like Apartments XL,558122,NA,Valencia,1,1,NA,2020/01/27,2020/01/28,0,"7,4",60
Aladin piso,5823993,NA,Valencia,1,1,€ 41,2020/01/27,2020/01/28,0,,60
Mosen Sorell Apartments,683265,NA,Valencia,1,1,NA,2020/01/27,2020/01/28,0,"8,2",60
Eurostars Rey Don Jaime,91520,NA,Valencia,1,1,€ 53,2020/01/27,2020/01/28,4,"8,2",60
Sweet Hotel Renasa,274818,NA,Valencia,1,1,€ 54,2020/01/27,2020/01/28,3,8,60
Loft zona Pechina en Valencia centro,2524985,NA,Valencia,1,1,€ 138,2020/01/27,2020/01/28,0,"9,1",60
Apartamento cerca Ciudad de las Ciencias con WIFI,3070842,NA,Valencia,1,1,€ 140,2020/01/27,2020/01/28,0,"9,4",60
Friendly Rentals Montaner Beach,2314997,NA,Valencia,1,1,€ 140,2020/01/27,2020/01/28,0,9,60
Suites by Eric Olsan (Florista),4726450,NA,Valencia,1,1,€ 82,2020/01/27,2020/01/28,0,"8,5",60
Tranquilo Apartamento En Plaza Cisneros,3127388,NA,Valencia,1,1,€ 85,2020/01/27,2020/01/28,0,"8,9",60
SingularStays San Vicente,1423172,NA,Valencia,1,1,NA,2020/01/27,2020/01/28,0,"8,8",60
Petit Palace Plaza de la Reina,90443,NA,Valencia,1,1,NA,2020/01/27,2020/01/28,3,"8,7",60
Apartamento Obispo don Jerónimo,2079020,NA,Valencia,1,1,€ 132,2020/01/27,2020/01/28,0,"8,2",60
Friendly rentals Enesco Beach,2526514,NA,Valencia,1,1,€ 140,2020/01/27,2020/01/28,0,"8,1",60
Living Valencia - Parterre,3830646,NA,Valencia,1,1,NA,2020/01/27,2020/01/28,0,"8,4",60
Las Arenas Balneario Resort,91144,NA,Valencia,1,1,€ 144,2020/01/27,2020/01/28,5,9,60
Friendly Rentals Mercado Central,3220956,NA,Valencia,1,1,€ 145,2020/01/27,2020/01/28,0,"9,2",60
Bright room with trundle bed,5560260,NA,Valencia,1,1,€ 46,2020/01/27,2020/01/28,0,,60
Habitacion doble en piso compartido,5645604,NA,Valencia,1,1,€ 46,2020/01/27,2020/01/28,0,,60
Ciudad de Las Artes,5681064,NA,Valencia,1,1,€ 55,2020/01/27,2020/01/28,0,,60
Comoda habitacion,5695905,NA,Valencia,1,1,€ 58,2020/01/27,2020/01/28,0,,60
BUBUFLATS / Mercat,783206,NA,Valencia,1,1,€ 85,2020/01/27,2020/01/28,0,"8,9",60
Casa de Maria,2467712,NA,Valencia,1,1,€ 85,2020/01/27,2020/01/28,0,"8,7",60
BUBUFLATS Mossén,1141763,NA,Valencia,1,1,€ 85,2020/01/27,2020/01/28,0,"8,8",60
Hotel Medium Valencia,96838,NA,Valencia,1,1,€ 54,2020/01/27,2020/01/28,4,"8,2",60
Happy Apartments Valencia – Lope de Vega,575582,NA,Valencia,1,1,€ 54,2020/01/27,2020/01/28,0,"8,1",60
Alex Apartment,1756374,NA,Valencia,1,1,€ 54,2020/01/27,2020/01/28,0,8,60
vosotros sereis parte de mi familia.,5299568,NA,Valencia,1,1,€ 60,2020/01/27,2020/01/28,0,,60
My Reception - Ayuntamiento,5103977,NA,Valencia,1,1,NA,2020/01/27,2020/01/28,0,"7,3",60
Cabanyal Apartments Beach,5402234,NA,Valencia,1,1,€ 62,2020/01/27,2020/01/28,0,,60
Cabanyal Beach Apartment,5638868,NA,Valencia,1,1,€ 63,2020/01/27,2020/01/28,0,,60
Sol Playa,12656,NA,Valencia,1,1,€ 55,2020/01/27,2020/01/28,2,"8,3",60
Reina's Apartment,2130930,NA,Valencia,1,1,NA,2020/01/27,2020/01/28,0,"8,2",60
Down Town,1656378,NA,Valencia,1,1,€ 55,2020/01/27,2020/01/28,0,"8,3",60
Hotel Alkazar,408511,NA,Valencia,1,1,NA,2020/01/27,2020/01/28,1,"8,1",60
City Suites Apartments,3091106,NA,Valencia,1,1,€ 74,2020/01/27,2020/01/28,0,"8,3",60
Coroa Malvarrosa,1638172,NA,Valencia,1,1,NA,2020/01/27,2020/01/28,0,"8,2",60
Atico de Lujo,2142556,NA,Valencia,1,1,€ 85,2020/01/27,2020/01/28,0,"8,9",60
Casa Adosada Quintero,5481770,NA,Valencia,1,1,€ 88,2020/01/27,2020/01/28,0,"8,8",60
United Colors of Apartments - Catedral,1301545,NA,Valencia,1,1,€ 55,2020/01/27,2020/01/28,0,"8,2",60
Tryp Valencia Feria,92852,NA,Valencia,1,1,€ 55,2020/01/27,2020/01/28,4,"8,3",60
Pension MonaLisa Luxury Suites,3834224,NA,Valencia,1,1,€ 56,2020/01/27,2020/01/28,0,"8,2",60
Preciosos Apartamentos en el Carmen,2918345,NA,Valencia,1,1,€ 75,2020/01/27,2020/01/28,0,8,60
Hotel Conqueridor,91047,NA,Valencia,1,1,NA,2020/01/27,2020/01/28,4,"8,3",60
Old Town Flats Casa Burguerini,4552106,NA,Valencia,1,1,€ 79,2020/01/27,2020/01/28,0,"8,2",60
YOU & CO Quart Boutique,5213598,NA,Valencia,1,1,NA,2020/01/27,2020/01/28,3,,60
Valencia- habitacion,5366858,NA,Valencia,1,1,€ 65,2020/01/27,2020/01/28,0,,60
Bonito Apartamento- confortable y bien comunicado,5572090,NA,Valencia,1,1,€ 68,2020/01/27,2020/01/28,0,,60
SingularStays Comedias,1176158,NA,Valencia,1,1,NA,2020/01/27,2020/01/28,0,"8,5",60
Apartamento cerca de la Playa y el Centro,2620264,NA,Valencia,1,1,€ 88,2020/01/27,2020/01/28,0,"8,9",60
AC Hotel Valencia,91063,NA,Valencia,1,1,NA,2020/01/27,2020/01/28,4,"8,5",60
Atico Ciutat Vella,3446230,NA,Valencia,1,1,€ 80,2020/01/27,2020/01/28,0,"8,2",60
NH Valencia Center,90727,NA,Valencia,1,1,NA,2020/01/27,2020/01/28,4,"8,3",60
Casual de las Artes Valencia,538056,NA,Valencia,1,1,NA,2020/01/27,2020/01/28,3,"8,4",60
Living Valencia Apartments - Merced,12120,NA,Valencia,1,1,NA,2020/01/27,2020/01/28,0,"8,3",60
Habitación doble,3599930,NA,Valencia,1,1,€ 90,2020/01/27,2020/01/28,0,"8,9",60
One Shot Palacio Reina Victoria 04,90885,NA,Valencia,1,1,NA,2020/01/27,2020/01/28,4,"8,6",60
Vincci Palace,94163,NA,Valencia,1,1,NA,2020/01/27,2020/01/28,4,"8,7",60
Hotel Dimar,90886,NA,Valencia,1,1,NA,2020/01/27,2020/01/28,4,"8,7",60
Flats Friends Soho Suites,1819642,NA,Valencia,1,1,NA,2020/01/27,2020/01/28,0,"8,6",60
Barceló Valencia,91988,NA,Valencia,1,1,NA,2020/01/27,2020/01/28,4,"8,7",60
Apartamento Turistico en Valencia,2877605,NA,Valencia,1,1,€ 85,2020/01/27,2020/01/28,0,8,60
Ilunion Valencia 4,754329,NA,Valencia,1,1,NA,2020/01/27,2020/01/28,4,"8,1",60
Apartamentos Dormavalencia,4450983,NA,Valencia,1,1,€ 86,2020/01/27,2020/01/28,0,"8,4",60
Primus Valencia,331871,NA,Valencia,1,1,NA,2020/01/27,2020/01/28,4,"8,3",60
Friendly Rentals Desplat,4120221,NA,Valencia,1,1,€ 140,2020/01/27,2020/01/28,0,"8,3",60
Friendly Rentals Evans,1634220,NA,Valencia,1,1,€ 140,2020/01/27,2020/01/28,0,"8,3",60
L'Arbre,3972359,NA,Valencia,1,1,€ 80,2020/01/27,2020/01/28,0,"9,1",60
Friendly Rentals Telemann,1634241,NA,Valencia,1,1,€ 145,2020/01/27,2020/01/28,0,"8,4",60
Ilunion Valencia 4,754329,NA,Valencia,1,1,€ 58,2020/01/27,2020/01/28,4,"8,1",60
Melia Valencia,290493,NA,Valencia,1,1,NA,2020/01/27,2020/01/28,4,"8,8",60
Apartamento Sofia,2552406,NA,Valencia,1,1,€ 98,2020/01/27,2020/01/28,0,"8,8",60
Sercotel Sorolla Palace,93646,NA,Valencia,1,1,NA,2020/01/27,2020/01/28,4,"8,6",60
APARTAMENTO LAS MELLIZAS,4651578,NA,Valencia,1,1,€ 49,2020/01/27,2020/01/28,0,"8,3",60
Eurostars Rey Don Jaime,91520,NA,Valencia,1,1,NA,2020/01/27,2020/01/28,4,"8,2",60
ELEGANT APARTMENT CLOSE TO CENTER VT-45925-V,5364412,NA,Valencia,1,1,NA,2020/01/27,2020/01/28,0,"8,4",60
NWT Central Station Apartments,3964093,NA,Valencia,1,1,€ 89,2020/01/27,2020/01/28,0,"8,2",60
Una Ubicacion Perfecta,3114164,NA,Valencia,1,1,€ 80,2020/01/27,2020/01/28,0,"9,1",60
Apartment Plaza Cisneros,1273377,NA,Valencia,1,1,NA,2020/01/27,2020/01/28,0,"9,7",60
Dolz Garden Ruzafa,1123993,NA,Valencia,1,1,€ 80,2020/01/27,2020/01/28,0,"9,1",60
SH Valencia Palace,91497,NA,Valencia,1,1,NA,2020/01/27,2020/01/28,5,"8,5",60
AC Hotel Colon Valencia,1117150,NA,Valencia,1,1,NA,2020/01/27,2020/01/28,4,"8,7",60
Valencia Home,1638498,NA,Valencia,1,1,NA,2020/01/27,2020/01/28,0,"8,8",60
Melia Plaza Valencia,13270,NA,Valencia,1,1,NA,2020/01/27,2020/01/28,4,"8,9",60
Maison Reina B&B,5004812,NA,Valencia,1,1,€ 80,2020/01/27,2020/01/28,0,"9,2",60
Hotel Valencia Alameda,4019381,NA,Valencia,1,1,NA,2020/01/27,2020/01/28,4,"9,2",60
One Shot Mercat 09,2274203,NA,Valencia,1,1,NA,2020/01/27,2020/01/28,4,"9,1",60
Valencian Apartment,2298621,NA,Valencia,1,1,€ 84,2020/01/27,2020/01/28,0,9,60
Apartamento Torres,3654194,NA,Valencia,1,1,€ 110,2020/01/27,2020/01/28,0,"8,3",60
Friendly Rentals ABC,3656596,NA,Valencia,1,1,€ 110,2020/01/27,2020/01/28,0,"8,2",60
Friendly Rentals Puerto Deportivo,2317861,NA,Valencia,1,1,€ 110,2020/01/27,2020/01/28,0,"8,2",60
The Art Boutique Colon,2570881,NA,Valencia,1,1,€ 160,2020/01/27,2020/01/28,0,"8,3",60
Casa los Peces,3234194,NA,Valencia,1,1,€ 170,2020/01/27,2020/01/28,0,"8,2",60
Loft el Carmen amazing views,4932621,NA,Valencia,1,1,€ 170,2020/01/27,2020/01/28,0,"8,1",60
Travel Habitat Mestalla,3511341,NA,Valencia,1,1,NA,2020/01/27,2020/01/28,0,"8,1",60
Mar & City Apartment,3456759,NA,Valencia,1,1,€ 105,2020/01/27,2020/01/28,0,"8,9",60
Comfort Homestay,5423155,NA,Valencia,1,1,€ 105,2020/01/27,2020/01/28,0,"8,7",60
Apartamentos Artesa 22 Valencia,5546723,NA,Valencia,1,1,€ 105,2020/01/27,2020/01/28,0,"8,6",60
Vincci Lys,91183,NA,Valencia,1,1,NA,2020/01/27,2020/01/28,4,"8,9",60
MOM La Punta,3105661,NA,Valencia,1,1,€ 85,2020/01/27,2020/01/28,0,"9,4",60
La Morella del Carmen,5188541,NA,Valencia,1,1,NA,2020/01/27,2020/01/28,0,"9,5",60
RUZAFA. Nice apartment and Terrace.,4368595,NA,Valencia,1,1,€ 85,2020/01/27,2020/01/28,0,"9,3",60
Hi Valencia Apartments - Jorge Juan,2373701,NA,Valencia,1,1,€ 85,2020/01/27,2020/01/28,0,"9,4",60
47 Carrer de Cadis- puerta 1,4511167,NA,Valencia,1,1,€ 113,2020/01/27,2020/01/28,0,"8,3",60
Welcome Platanos 13 Valencia Beautiful apartments with terrace,5095795,NA,Valencia,1,1,€ 119,2020/01/27,2020/01/28,0,"8,3",60
Living Valencia - Corregeria,3972561,NA,Valencia,1,1,NA,2020/01/27,2020/01/28,0,"8,2",60
Carrer de María Montessori,3272386,NA,Valencia,1,1,€ 120,2020/01/27,2020/01/28,0,"8,2",60
Zerka Centro,4425975,NA,Valencia,1,1,€ 199,2020/01/27,2020/01/28,0,"8,4",60
MD Vila Barbera Apartment Center,1957253,NA,Valencia,1,1,€ 460,2020/01/27,2020/01/28,0,"8,4",60
Silken Puerta Valencia,91182,NA,Valencia,1,1,€ 58,2020/01/27,2020/01/28,4,"8,3",60
Marina Silence,2065570,NA,Valencia,1,1,NA,2020/01/27,2020/01/28,0,"8,3",60
NH Ciudad de Valencia,90729,NA,Valencia,1,1,€ 58,2020/01/27,2020/01/28,3,"8,1",60
NH Valencia Las Ciencias,90725,NA,Valencia,1,1,€ 59,2020/01/27,2020/01/28,3,8,60
Hideout 26,5658117,NA,Valencia,1,1,€ 85,2020/01/27,2020/01/28,0,"9,1",60
BUBUSUITES by Bubuflats,2389776,NA,Valencia,1,1,€ 85,2020/01/27,2020/01/28,0,"9,3",60
Precioso piso junto al antiguo barrio de Campanar,3297078,NA,Valencia,1,1,€ 85,2020/01/27,2020/01/28,0,"9,2",60
Casual de las Artes Valencia,538056,NA,Valencia,1,1,€ 60,2020/01/27,2020/01/28,3,"8,4",60
El Coso,14580,NA,Valencia,1,1,€ 60,2020/01/27,2020/01/28,3,"8,2",60
MD Sueca. Apartment with Terrace Ruzafa,2551179,NA,Valencia,1,1,€ 460,2020/01/27,2020/01/28,0,"8,2",60
UP Hostel Valencia,1710137,NA,Valencia,1,1,€ 20,2020/01/27,2020/01/28,0,"7,7",60
Apartamento Privado Próximo a Playa y Ciencias,3783163,NA,Valencia,1,1,€ 120,2020/01/27,2020/01/28,0,"8,3",60
Friendly Rentals Gimenez,1634242,NA,Valencia,1,1,€ 120,2020/01/27,2020/01/28,0,"8,1",60
Hotel Miramar,23332,NA,Valencia,1,1,€ 61,2020/01/27,2020/01/28,2,"8,4",60
Center City Flats,861452,NA,Valencia,1,1,€ 86,2020/01/27,2020/01/28,0,9,60
Flight Mode Ruzafa,5473258,NA,Valencia,1,1,NA,2020/01/27,2020/01/28,0,"9,8",60
Apartamentos El Olivo,1985143,NA,Valencia,1,1,€ 86,2020/01/27,2020/01/28,0,"9,3",60
MD Design Hotel - Portal del Real,2391685,NA,Valencia,1,1,NA,2020/01/27,2020/01/28,2,"9,1",60
Palacio Vallier 5*,4639648,NA,Valencia,1,1,€ 140,2020/01/27,2020/01/28,5,10,60
Colors Rooms,675839,NA,Valencia,1,1,€ 40,2020/01/27,2020/01/28,0,"9,5",60
BONNIES Suites & Spa Valencia,3631910,NA,Valencia,1,1,NA,2020/01/27,2020/01/28,0,"9,8",60
Adrian's House,2271869,NA,Valencia,1,1,€ 23,2020/01/27,2020/01/28,0,"7,7",60
Pensión Universal,304276,NA,Valencia,1,1,€ 25,2020/01/27,2020/01/28,0,"7,9",60
Travel Habitat Palau De Les Arts,3468148,NA,Valencia,1,1,NA,2020/01/27,2020/01/28,0,"8,3",60
PLAYA POBLA DE FARNALS,5508533,NA,Valencia,1,1,€ 45,2020/01/27,2020/01/28,0,"9,8",60
Cabanyal Apartment con patio,4323384,NA,Valencia,1,1,€ 69,2020/01/27,2020/01/28,0,"9,6",60
Senator Parque Central Hotel,274963,NA,Valencia,1,1,€ 62,2020/01/27,2020/01/28,4,"8,1",60
Ciudad Ciencias- Lujo- Parking- Wi-Fi.,4999636,NA,Valencia,1,1,€ 70,2020/01/27,2020/01/28,0,"9,8",60
Hostal Antigua Morellana,1273937,NA,Valencia,1,1,€ 70,2020/01/27,2020/01/28,1,"9,5",60
Apartments Welcome to Valencia Peset Aleixandre 69,4964856,NA,Valencia,1,1,€ 121,2020/01/27,2020/01/28,0,"8,3",60
Eurostars Gran Valencia,90484,NA,Valencia,1,1,NA,2020/01/27,2020/01/28,4,"8,4",60
Living Valencia - Patacona Beach 36,1363797,NA,Valencia,1,1,NA,2020/01/27,2020/01/28,0,"8,1",60
Valenciaflats Torres de Serrano,17468,NA,Valencia,1,1,€ 63,2020/01/27,2020/01/28,0,"8,4",60
L'Otelet By Sweet,1467935,NA,Valencia,1,1,€ 64,2020/01/27,2020/01/28,0,"8,3",60
Reina 12,1684198,NA,Valencia,1,1,€ 64,2020/01/27,2020/01/28,0,"8,2",60
Apartment Vicent,1674495,NA,Valencia,1,1,€ 65,2020/01/27,2020/01/28,0,"8,3",60
Hostal El Cid,309465,NA,Valencia,1,1,NA,2020/01/27,2020/01/28,2,"7,5",60
Double Room in VALENCIA,5665653,NA,Valencia,1,1,€ 30,2020/01/27,2020/01/28,0,"7,9",60
Habitaciones Barra89,1076252,NA,Valencia,1,1,€ 30,2020/01/27,2020/01/28,0,"7,9",60
Casual Civilizaciones Valencia,449777,NA,Valencia,1,1,€ 31,2020/01/27,2020/01/28,0,"7,9",60
Hostal Moratin,326015,NA,Valencia,1,1,NA,2020/01/27,2020/01/28,1,"7,8",60
Homestay Carrer Sagun,5006434,NA,Valencia,1,1,€ 45,2020/01/27,2020/01/28,0,"8,8",60
Quart Youth Hostel,476418,NA,Valencia,1,1,€ 45,2020/01/27,2020/01/28,0,"8,6",60
LOFT apartamento duplex en Valencia con parking gratis,5519008,NA,Valencia,1,1,€ 70,2020/01/27,2020/01/28,0,"9,8",60
HoGraFic,5739228,NA,Valencia,1,1,€ 73,2020/01/27,2020/01/28,2,"9,7",60
Central Park Apartment Valencia,3881533,NA,Valencia,1,1,NA,2020/01/27,2020/01/28,0,"9,5",60
Apartments Downtown Valencia,2250421,NA,Valencia,1,1,€ 80,2020/01/27,2020/01/28,0,"9,6",60
OYO Style Apartments Puerto,1558265,NA,Valencia,1,1,€ 62,2020/01/27,2020/01/28,0,"8,1",60
Hotel Cosmo,4838858,NA,Valencia,1,1,€ 84,2020/01/27,2020/01/28,3,"9,7",60
Valencian Dreams Lonja,4757385,NA,Valencia,1,1,€ 85,2020/01/27,2020/01/28,0,"9,5",60
Ramirez Flats & Bar,4124528,NA,Valencia,1,1,€ 86,2020/01/27,2020/01/28,0,"9,5",60
L'Esplai Valencia Bed & Breakfast,1282556,NA,Valencia,1,1,€ 89,2020/01/27,2020/01/28,0,"9,5",60
Opera House Valencia B&B,3533887,NA,Valencia,1,1,€ 90,2020/01/27,2020/01/28,0,"9,5",60
Valencia Lounge Hostel,337203,NA,Valencia,1,1,€ 33,2020/01/27,2020/01/28,0,"7,7",60
Apartamentos Valencia,1007682,NA,Valencia,1,1,NA,2020/01/27,2020/01/28,0,"8,1",60
Hostal On Dormire Valencia,432305,NA,Valencia,1,1,€ 35,2020/01/27,2020/01/28,0,"7,8",60
La Casa Verde - Ruzafa,2029143,NA,Valencia,1,1,NA,2020/01/27,2020/01/28,0,"9,7",60
Casa La Buhardilla,2985364,NA,Valencia,1,1,€ 97,2020/01/27,2020/01/28,0,"9,6",60
Travel Habitat Ático Ciutat Vella.,3264750,NA,Valencia,1,1,NA,2020/01/27,2020/01/28,0,"9,4",60
Art&Flats Bed&Breakfast,5238345,NA,Valencia,1,1,€ 45,2020/01/27,2020/01/28,0,"8,7",60
Russafa Youth Hostel,345134,NA,Valencia,1,1,€ 47,2020/01/27,2020/01/28,0,"8,6",60
ÁTICO EN EL CENTRO DE VALENCIA VT-45939-T,4752815,NA,Valencia,1,1,€ 110,2020/01/27,2020/01/28,0,"9,6",60
la casita,4333253,NA,Valencia,1,1,€ 118,2020/01/27,2020/01/28,0,"9,9",60
Valencia Apartamentos DEL MAR,5421626,NA,Valencia,1,1,€ 118,2020/01/27,2020/01/28,0,"9,8",60
Habitacion por dias Centro Valencia,3977106,NA,Valencia,1,1,€ 35,2020/01/27,2020/01/28,0,"7,7",60
Playa de El Saler,4687003,NA,Valencia,1,1,€ 35,2020/01/27,2020/01/28,0,"7,6",60
Habitación Céntrica en Casa de Familia,4289877,NA,Valencia,1,1,€ 35,2020/01/27,2020/01/28,0,"7,7",60
UNIK. Apartments Valencia,2241282,NA,Valencia,1,1,€ 48,2020/01/27,2020/01/28,0,"8,5",60
Hi Valencia Cánovas,4312120,NA,Valencia,1,1,€ 50,2020/01/27,2020/01/28,0,"8,8",60
Apartaments San Pio V,2456151,NA,Valencia,1,1,€ 50,2020/01/27,2020/01/28,0,"8,9",60
Casual de la Música Valencia,273130,NA,Valencia,1,1,NA,2020/01/27,2020/01/28,2,"7,5",60
Olympia Flats,4212801,NA,Valencia,1,1,€ 90,2020/01/27,2020/01/28,0,"9,7",60
Casa Calle Conquista,4691493,NA,Valencia,1,1,€ 240,2020/01/27,2020/01/28,0,"9,5",60
Valencia center,3168460,NA,Valencia,1,1,NA,2020/01/27,2020/01/28,0,"9,8",60
Cantagua Hostel,4074640,NA,Valencia,1,1,€ 35,2020/01/27,2020/01/28,0,"9,1",60
Apartamentos Edificio Palomar,189277,NA,Valencia,1,1,€ 41,2020/01/27,2020/01/28,0,"9,2",60
Rooms Ciencias,94126,NA,Valencia,1,1,€ 42,2020/01/27,2020/01/28,0,9,60
apartamento las torres-botanico,4694090,NA,Valencia,1,1,€ 94,2020/01/27,2020/01/28,0,9,60
Mon Suites San Martin,2777545,NA,Valencia,1,1,€ 95,2020/01/27,2020/01/28,0,"9,4",60
Calle de Frederica Montseny 'Política' Casa o chalet,5152866,NA,Valencia,1,1,€ 95,2020/01/27,2020/01/28,0,"9,4",60
ÁTICO PTA 13 EN EL CENTRO DE VALENCIA VT-45727-T,4612077,NA,Valencia,1,1,€ 95,2020/01/27,2020/01/28,0,"9,4",60
Austria 4,1605997,NA,Valencia,1,1,NA,2020/01/27,2020/01/28,0,9,60
Piso como en tu casa 2,3834617,NA,Valencia,1,1,€ 97,2020/01/27,2020/01/28,0,"9,1",60
La casita de Palomar,2132386,NA,Valencia,1,1,€ 45,2020/01/27,2020/01/28,0,"9,3",60
Comfort Room(AVEValencia),5696103,NA,Valencia,1,1,€ 45,2020/01/27,2020/01/28,0,9,60
Hotel Kramer,91106,NA,Valencia,1,1,€ 50,2020/01/27,2020/01/28,3,"8,8",60
Cabanyal Pleasant House,3608623,NA,Valencia,1,1,NA,2020/01/27,2020/01/28,0,9,60
Hotel Olympia Universidades,1301731,NA,Valencia,1,1,€ 52,2020/01/27,2020/01/28,3,"8,5",60
Olvida tu Reloj Congresos Apartment,2448036,NA,Valencia,1,1,€ 98,2020/01/27,2020/01/28,0,"9,2",60
Olvida tu Reloj Montichelvo Apartment,3258095,NA,Valencia,1,1,€ 99,2020/01/27,2020/01/28,0,"9,4",60
HQ Rooms Apartments San Vicente,2894429,NA,Valencia,1,1,€ 100,2020/01/27,2020/01/28,0,"9,2",60
València Centre Torres de Quart,886289,NA,Valencia,1,1,€ 53,2020/01/27,2020/01/28,0,"8,9",60
Blanq Comedias,4922002,NA,Valencia,1,1,€ 54,2020/01/27,2020/01/28,0,"8,9",60
B&B Hi Valencia Boutique,1301725,NA,Valencia,1,1,€ 54,2020/01/27,2020/01/28,0,"8,7",60
Jardín Botánico Hotel Boutique,93369,NA,Valencia,1,1,€ 55,2020/01/27,2020/01/28,3,"8,9",60
Turia Town,4064373,NA,Valencia,1,1,€ 55,2020/01/27,2020/01/28,0,"8,8",60
Museum Apartament,3035671,NA,Valencia,1,1,NA,2020/01/27,2020/01/28,0,9,60
Luz de Valencia,2076095,NA,Valencia,1,1,€ 55,2020/01/27,2020/01/28,0,"8,8",60
Burjassot Mestalla,3058627,NA,Valencia,1,1,€ 55,2020/01/27,2020/01/28,0,"8,6",60
Reina Rooms,4211140,NA,Valencia,1,1,€ 56,2020/01/27,2020/01/28,0,"8,9",60
València Centre Túria,2185255,NA,Valencia,1,1,€ 56,2020/01/27,2020/01/28,0,"8,8",60
NH Collection Colón Valencia,3828811,NA,Valencia,1,1,NA,2020/01/27,2020/01/28,4,"9,1",60
ABCyou Bed&Breakfast,189207,NA,Valencia,1,1,€ 56,2020/01/27,2020/01/28,0,"8,5",60
Casual del Cine Valencia,572187,NA,Valencia,1,1,€ 57,2020/01/27,2020/01/28,2,"8,7",60
My Penthouse Valencia,2020411,NA,Valencia,1,1,NA,2020/01/27,2020/01/28,0,9,60
Casa del Patriarca,364834,NA,Valencia,1,1,€ 57,2020/01/27,2020/01/28,0,"8,9",60
Pio XII Apartments Valencia,402080,NA,Valencia,1,1,€ 57,2020/01/27,2020/01/28,0,"8,6",60
Hotel El Siglo,1741479,NA,Valencia,1,1,€ 57,2020/01/27,2020/01/28,3,"8,5",60
Eurostars Acteón,90495,NA,Valencia,1,1,€ 58,2020/01/27,2020/01/28,4,"8,5",60
Valenciaflats Centro Histórico,94781,NA,Valencia,1,1,€ 60,2020/01/27,2020/01/28,0,"8,7",60
Teixidors de Palomar,2639791,NA,Valencia,1,1,€ 47,2020/01/27,2020/01/28,0,"9,3",60
City Garden Bed and Breakfast,2204361,NA,Valencia,1,1,€ 52,2020/01/27,2020/01/28,0,"9,4",60
Apartment Cisneros 2,2361375,NA,Valencia,1,1,NA,2020/01/27,2020/01/28,0,"9,7",60
Hostal Venecia,92883,NA,Valencia,1,1,NA,2020/01/27,2020/01/28,2,"9,1",60
Valenciaflats Ciudad de las Ciencias,93676,NA,Valencia,1,1,€ 54,2020/01/27,2020/01/28,0,"9,1",60
Apartamentos Wallace,1698355,NA,Valencia,1,1,€ 57,2020/01/27,2020/01/28,0,"9,2",60
Palau de Palomar,471283,NA,Valencia,1,1,€ 60,2020/01/27,2020/01/28,0,"9,1",60
Habitación privada a 1500 metros de la playa,3789910,NA,Valencia,1,1,€ 60,2020/01/27,2020/01/28,0,"9,3",60
Nest Style Valencia,5219046,NA,Valencia,1,1,NA,2020/01/27,2020/01/28,3,"9,3",60
Apartamento luminoso y acogedor,3489126,NA,Valencia,1,1,NA,2020/01/27,2020/01/28,0,"9,5",60
Valenciaflats Mercado Central,307677,NA,Valencia,1,1,€ 63,2020/01/27,2020/01/28,0,9,60
United Colors of Apartments Boutique Style,5372347,NA,Valencia,1,1,€ 64,2020/01/27,2020/01/28,0,"9,2",60
Biopark View Apartment,2381901,NA,Valencia,1,1,€ 65,2020/01/27,2020/01/28,0,"9,1",60
Brisa Mare Nostrum,2855311,NA,Valencia,1,1,€ 65,2020/01/27,2020/01/28,0,"9,2",60
Host & Home,1663785,NA,Valencia,1,1,€ 66,2020/01/27,2020/01/28,0,9,60
Hotel Boutique Balandret,1281710,NA,Valencia,1,1,NA,2020/01/27,2020/01/28,3,"9,2",60
Preciosa Casita Cerca Del Mar,4057271,NA,Valencia,1,1,NA,2020/01/27,2020/01/28,0,"9,7",60
Mon Suites San Nicolas,4117225,NA,Valencia,1,1,€ 69,2020/01/27,2020/01/28,0,"9,1",60
Valenciaflats Centro Ciudad,18544,NA,Valencia,1,1,€ 69,2020/01/27,2020/01/28,0,"9,2",60
APARTAMENTO CENTRICO. WI-FI. PARKING,2967593,NA,Valencia,1,1,€ 70,2020/01/27,2020/01/28,0,"9,1",60
OCEANOGRAFIC APARTMENT. PARKING. WI-FI,3107716,NA,Valencia,1,1,€ 70,2020/01/27,2020/01/28,0,9,60
OCEANOGRAFIC DELUXE- PARKING- WI-FI,4095746,NA,Valencia,1,1,€ 70,2020/01/27,2020/01/28,0,"9,1",60
Citizentral Juristas,1113127,NA,Valencia,1,1,€ 72,2020/01/27,2020/01/28,0,"9,2",60
Piso en La Ciudad de Artes,3832790,NA,Valencia,1,1,NA,2020/01/27,2020/01/28,0,"9,7",60
Mon Suites Catedral,485679,NA,Valencia,1,1,€ 73,2020/01/27,2020/01/28,0,"9,2",60
Apartamento bianca,3205847,NA,Valencia,1,1,€ 74,2020/01/27,2020/01/28,0,9,60
Live in Chianti,2227491,NA,Valencia,1,1,€ 75,2020/01/27,2020/01/28,0,"9,1",60
Casual Socarrat Valencia,5142800,NA,Valencia,1,1,NA,2020/01/27,2020/01/28,3,"9,1",60
Sorolla Centro,90896,NA,Valencia,1,1,NA,2020/01/27,2020/01/28,3,"9,1",60
