name,propertyId,propertyType,city,rooms,days,price,checkIn,checkOut,stars,score,advance
Fantastic Loft near beach and city,5744961,NA,Valencia,1,1,€ 66,2019/12/31,2020/01/01,0,,60
Aparment Canarias,3753027,NA,Valencia,1,1,€ 99,2019/12/31,2020/01/01,0,,60
LOFT apartamento duplex en Valencia con parking gratis,5519008,NA,Valencia,1,1,NA,2019/12/31,2020/01/01,0,"9,9",60
Carrer de l'Arquitecte Alfaro 27 bajo derecha,4353398,NA,Valencia,1,1,€ 102,2019/12/31,2020/01/01,0,,60
Loft en Ruzafa,5739487,NA,Valencia,1,1,€ 102,2019/12/31,2020/01/01,0,,60
EL ATICO,5680427,NA,Valencia,1,1,€ 107,2019/12/31,2020/01/01,0,,60
Loft Turia Gran,5133726,NA,Valencia,1,1,€ 120,2019/12/31,2020/01/01,0,,60
CASA MARQUES DE CARO,4472176,NA,Valencia,1,1,€ 121,2019/12/31,2020/01/01,0,,60
YOU & CO Quart Boutique,5213598,NA,Valencia,1,1,€ 138,2019/12/31,2020/01/01,3,,60
Casa Calle Conquista,4691493,NA,Valencia,1,1,NA,2019/12/31,2020/01/01,0,"9,5",60
NEW! Apartamento Ciudad de las Artes,5733189,NA,Valencia,1,1,€ 155,2019/12/31,2020/01/01,0,,60
11Carrer de Pizarro Valencia,5772054,NA,Valencia,1,1,€ 155,2019/12/31,2020/01/01,0,,60
Resiolé Mercado Central,5772964,NA,Valencia,1,1,€ 160,2019/12/31,2020/01/01,0,,60
Casa Adosada Quintero,5481770,NA,Valencia,1,1,€ 163,2019/12/31,2020/01/01,0,,60
The White Apartment: Luxury- Beach and Design,5631365,NA,Valencia,1,1,€ 167,2019/12/31,2020/01/01,0,,60
CENTER-Modern 2BR- 2BA-TERRACE- WI-FI- A/C,5241769,NA,Valencia,1,1,€ 176,2019/12/31,2020/01/01,0,,60
Home Club Micalet Apartments,443595,NA,Valencia,1,1,NA,2019/12/31,2020/01/01,0,9,60
Cerca de la Playa- el Puerto y del Oceanográfico,5211380,NA,Valencia,1,1,€ 179,2019/12/31,2020/01/01,0,,60
Apartment Passeig de la Petxina,5695771,NA,Valencia,1,1,€ 195,2019/12/31,2020/01/01,0,,60
ACOGEDOR - CON TERRAZA - EN EL PLENO CENTRO,5715086,NA,Valencia,1,1,€ 290,2019/12/31,2020/01/01,0,,60
LACASAMALVA1 PLAYA DE VALENCIA,5679960,NA,Valencia,1,1,€ 298,2019/12/31,2020/01/01,0,,60
Kirei Apartment Dublin,4639542,NA,Valencia,1,1,€ 351,2019/12/31,2020/01/01,0,,60
Habitación en valencia centro,5418023,NA,Valencia,1,1,€ 45,2019/12/31,2020/01/01,0,"8,2",60
Habitacion en Valencia Barata,4861796,NA,Valencia,1,1,€ 45,2019/12/31,2020/01/01,0,"8,2",60
Luxury Beach House,3602594,NA,Valencia,1,1,NA,2019/12/31,2020/01/01,0,"9,8",60
Habitacion en Valencia,4861732,NA,Valencia,1,1,€ 45,2019/12/31,2020/01/01,0,"8,4",60
Purple Nest Hostel,25278,NA,Valencia,1,1,€ 45,2019/12/31,2020/01/01,0,"8,2",60
Pension MonaLisa Luxury Suites,3834224,NA,Valencia,1,1,€ 56,2019/12/31,2020/01/01,0,"8,2",60
L'Otelet By Sweet,1467935,NA,Valencia,1,1,€ 77,2019/12/31,2020/01/01,0,"8,3",60
Ático cerca del mar,4040503,NA,Valencia,1,1,€ 80,2019/12/31,2020/01/01,0,"8,3",60
Nanit Valencia Hostel,3913497,NA,Valencia,1,1,€ 80,2019/12/31,2020/01/01,0,"8,4",60
City Valencia Beach 360,4504803,NA,Valencia,1,1,NA,2019/12/31,2020/01/01,0,"9,6",60
Tryp Valencia Feria,92852,NA,Valencia,1,1,€ 81,2019/12/31,2020/01/01,4,"8,4",60
Aparthotel Valencia Rental,17344,NA,Valencia,1,1,€ 86,2019/12/31,2020/01/01,0,8,60
Alex Apartment,1756374,NA,Valencia,1,1,€ 90,2019/12/31,2020/01/01,0,8,60
Happy Apartments Valencia,456043,NA,Valencia,1,1,€ 97,2019/12/31,2020/01/01,0,"8,2",60
Hotel Miramar,23332,NA,Valencia,1,1,€ 99,2019/12/31,2020/01/01,2,"8,4",60
Sweet Hotel Continental,93856,NA,Valencia,1,1,€ 99,2019/12/31,2020/01/01,2,"8,3",60
Stay at Valencia Downtown,1840715,NA,Valencia,1,1,NA,2019/12/31,2020/01/01,0,"9,5",60
Homestay Valencia,2597106,NA,Valencia,1,1,€ 100,2019/12/31,2020/01/01,0,8,60
Habitaciones con Encanto,5629632,NA,Valencia,1,1,€ 100,2019/12/31,2020/01/01,0,"8,1",60
Happy Apartments Valencia – Lope de Vega,575582,NA,Valencia,1,1,€ 101,2019/12/31,2020/01/01,0,"8,1",60
Hotel Medium Valencia,96838,NA,Valencia,1,1,€ 108,2019/12/31,2020/01/01,4,"8,2",60
Sweet Hotel Renasa,274818,NA,Valencia,1,1,€ 109,2019/12/31,2020/01/01,3,8,60
Primus Valencia,331871,NA,Valencia,1,1,€ 114,2019/12/31,2020/01/01,4,"8,3",60
Casa La Buhardilla,2985364,NA,Valencia,1,1,NA,2019/12/31,2020/01/01,0,"9,6",60
Ilunion Aqua 3,92776,NA,Valencia,1,1,€ 119,2019/12/31,2020/01/01,3,"8,3",60
Apartamento Privado Próximo a Playa y Ciencias,3783163,NA,Valencia,1,1,€ 120,2019/12/31,2020/01/01,0,"8,3",60
Ilunion Valencia 4,754329,NA,Valencia,1,1,€ 130,2019/12/31,2020/01/01,4,"8,1",60
Hotel Valencia Center,91285,NA,Valencia,1,1,€ 131,2019/12/31,2020/01/01,4,"8,4",60
NH Valencia Las Artes,90731,NA,Valencia,1,1,€ 133,2019/12/31,2020/01/01,4,"8,4",60
Center City Flats,861452,NA,Valencia,1,1,€ 214,2019/12/31,2020/01/01,0,9,60
Valenciaflats Mercado Central,307677,NA,Valencia,1,1,€ 216,2019/12/31,2020/01/01,0,9,60
El Globo,24498,NA,Valencia,1,1,€ 144,2019/12/31,2020/01/01,1,"7,8",60
Torres Quart,3702234,NA,Valencia,1,1,€ 150,2019/12/31,2020/01/01,0,"7,5",60
BONNIES Suites & Spa Valencia,3631910,NA,Valencia,1,1,NA,2019/12/31,2020/01/01,0,"9,8",60
Mon Suites Catedral,485679,NA,Valencia,1,1,€ 221,2019/12/31,2020/01/01,0,"9,2",60
Las Arenas Balneario Resort,91144,NA,Valencia,1,1,€ 230,2019/12/31,2020/01/01,5,9,60
Apartamento Playa Wifi Gratis,3495634,NA,Valencia,1,1,€ 240,2019/12/31,2020/01/01,0,"9,3",60
Mon Suites San Martin,2777545,NA,Valencia,1,1,€ 246,2019/12/31,2020/01/01,0,"9,4",60
APARTAMENTO CENTRICO. WI-FI. PARKING,2967593,NA,Valencia,1,1,€ 250,2019/12/31,2020/01/01,0,"9,1",60
Hostal Antigua Morellana,1273937,NA,Valencia,1,1,NA,2019/12/31,2020/01/01,1,"9,5",60
Living Valencia - Biblioteca,2843260,NA,Valencia,1,1,€ 162,2019/12/31,2020/01/01,0,"7,8",60
SEA YOU HOTEL PORT VALENCIA,92328,NA,Valencia,1,1,€ 172,2019/12/31,2020/01/01,4,"7,8",60
Oceanográfico Apartments & Spa,324918,NA,Valencia,1,1,€ 172,2019/12/31,2020/01/01,0,"7,5",60
Patacona Green Flats,292996,NA,Valencia,1,1,€ 193,2019/12/31,2020/01/01,0,"7,6",60
El 16 Ruzafa,865461,NA,Valencia,1,1,€ 200,2019/12/31,2020/01/01,0,"7,7",60
Apartamento Alguer,4005334,NA,Valencia,1,1,€ 210,2019/12/31,2020/01/01,0,"7,6",60
MYR Hotel Plaza Mercado & Spa,1619029,NA,Valencia,1,1,€ 279,2019/12/31,2020/01/01,0,"9,2",60
Apartamento Frederick “Centrico y con Clase”,4236394,NA,Valencia,1,1,NA,2019/12/31,2020/01/01,0,"9,7",60
MARQUÉS HOUSE 4* SUP,2118880,NA,Valencia,1,1,€ 329,2019/12/31,2020/01/01,4,"9,4",60
Caro Hotel,348132,NA,Valencia,1,1,€ 335,2019/12/31,2020/01/01,5,"9,2",60
Homely Nest Valencia El Carme,3790877,NA,Valencia,1,1,NA,2019/12/31,2020/01/01,0,"9,7",60
Living Valencia Aluders Attic,1095324,NA,Valencia,1,1,€ 309,2019/12/31,2020/01/01,0,"7,8",60
ValenciaBonita House.,4862486,NA,Valencia,1,1,€ 365,2019/12/31,2020/01/01,0,"7,8",60
Casa del Patriarca,364834,NA,Valencia,1,1,€ 190,2019/12/31,2020/01/01,0,"8,9",60
Musico Peydro Apartments,3765069,NA,Valencia,1,1,€ 467,2019/12/31,2020/01/01,0,"7,9",60
Apartment Plaza de la Merced,3457190,NA,Valencia,1,1,€ 470,2019/12/31,2020/01/01,0,"7,9",60
MD Oliag I Apartment Ruzafa,2867488,NA,Valencia,1,1,€ 485,2019/12/31,2020/01/01,0,"7,6",60
ValentiaApartments - MercadoCentral,4185241,NA,Valencia,1,1,€ 196,2019/12/31,2020/01/01,0,"8,8",60
JL Ciudad de las Artes,3074378,NA,Valencia,1,1,NA,2019/12/31,2020/01/01,0,"9,6",60
Perla Apartments,3146781,NA,Valencia,1,1,€ 198,2019/12/31,2020/01/01,0,"8,7",60
Hostal Waksman,281139,NA,Valencia,1,1,€ 32,2019/12/31,2020/01/01,1,"7,3",60
Luxury Beach Apartment with Pool,3841868,NA,Valencia,1,1,NA,2019/12/31,2020/01/01,0,"9,7",60
Habitacion Apartamento soleado Plaza Escultor Frechina,4865043,NA,Valencia,1,1,€ 40,2019/12/31,2020/01/01,0,"7,4",60
Habitación con cama doble,4794909,NA,Valencia,1,1,€ 41,2019/12/31,2020/01/01,0,"7,3",60
Vincci Mercat,1279484,NA,Valencia,1,1,€ 406,2019/12/31,2020/01/01,4,9,60
Double Room in VALENCIA,5665653,NA,Valencia,1,1,€ 30,2019/12/31,2020/01/01,0,"8,9",60
Masatepe Room Valencia,5687127,NA,Valencia,1,1,€ 30,2019/12/31,2020/01/01,0,"8,9",60
Homestay Carrer Sagun,5006434,NA,Valencia,1,1,€ 50,2019/12/31,2020/01/01,0,"8,8",60
HOSPEDAJE PESET,4718074,NA,Valencia,1,1,€ 50,2019/12/31,2020/01/01,0,"7,4",60
Mi casa es vuestra casa,4967097,NA,Valencia,1,1,€ 70,2019/12/31,2020/01/01,0,"7,1",60
Malvarrosa Beach Rooms,314048,NA,Valencia,1,1,€ 71,2019/12/31,2020/01/01,2,7,60
Centro Valencia Calle Cerrajeros,3476261,NA,Valencia,1,1,€ 85,2019/12/31,2020/01/01,0,"7,1",60
Burjassot Mestalla,3058627,NA,Valencia,1,1,€ 205,2019/12/31,2020/01/01,0,"8,6",60
Valenciaflats Centro Histórico,94781,NA,Valencia,1,1,€ 212,2019/12/31,2020/01/01,0,"8,7",60
Zenit Valencia,92327,NA,Valencia,1,1,€ 216,2019/12/31,2020/01/01,4,"8,8",60
Hospes Palau de La Mar,93823,NA,Valencia,1,1,€ 234,2019/12/31,2020/01/01,5,"8,8",60
Apartments Madrina,3278589,NA,Valencia,1,1,€ 245,2019/12/31,2020/01/01,0,"8,9",60
Preciosa Casita Cerca Del Mar,4057271,NA,Valencia,1,1,NA,2019/12/31,2020/01/01,0,"9,7",60
Zerka Sendra,4657122,NA,Valencia,1,1,€ 249,2019/12/31,2020/01/01,0,"8,9",60
Ático Valencia Centro,4358939,NA,Valencia,1,1,NA,2019/12/31,2020/01/01,0,"9,8",60
Guest House Samuel Ros,4161855,NA,Valencia,1,1,€ 90,2019/12/31,2020/01/01,0,"7,2",60
Plaza Redonda house.,4399973,NA,Valencia,1,1,€ 96,2019/12/31,2020/01/01,0,"7,4",60
OCEANOGRAFIC APARTMENT. PARKING. WI-FI,3107716,NA,Valencia,1,1,€ 250,2019/12/31,2020/01/01,0,"8,9",60
Soho Valencia,1538641,NA,Valencia,1,1,€ 259,2019/12/31,2020/01/01,0,"8,9",60
Hotel San Lorenzo Boutique,1307718,NA,Valencia,1,1,€ 270,2019/12/31,2020/01/01,3,"8,6",60
El Palacete Gran Via,3483148,NA,Valencia,1,1,€ 275,2019/12/31,2020/01/01,0,"8,7",60
AC Hotel Colon Valencia,1117150,NA,Valencia,1,1,€ 286,2019/12/31,2020/01/01,4,"8,7",60
El Corazon de Canovas,2634817,NA,Valencia,1,1,NA,2019/12/31,2020/01/01,0,"9,5",60
Cathedral Suites Hotel,1736257,NA,Valencia,1,1,€ 302,2019/12/31,2020/01/01,4,"8,9",60
Colón Market Downtown,4607745,NA,Valencia,1,1,NA,2019/12/31,2020/01/01,0,"9,6",60
Home Youth Hostel by Feetup Hostels,189322,NA,Valencia,1,1,€ 53,2019/12/31,2020/01/01,0,"8,8",60
Russafa Youth Hostel,345134,NA,Valencia,1,1,€ 56,2019/12/31,2020/01/01,0,"8,6",60
Moon Valencia,3560698,NA,Valencia,1,1,€ 61,2019/12/31,2020/01/01,0,"8,8",60
The Westin Valencia,93321,NA,Valencia,1,1,€ 347,2019/12/31,2020/01/01,5,"8,7",60
Vincci Palace,94163,NA,Valencia,1,1,€ 366,2019/12/31,2020/01/01,4,"8,7",60
Vincci Lys,91183,NA,Valencia,1,1,€ 376,2019/12/31,2020/01/01,4,"8,9",60
Apartamento Gran Vía Marqués del Turia,2358973,NA,Valencia,1,1,€ 415,2019/12/31,2020/01/01,0,"8,6",60
Ad Hoc Carmen,1173270,NA,Valencia,1,1,€ 75,2019/12/31,2020/01/01,2,"8,9",60
Balcón Al Mar,295109,NA,Valencia,1,1,€ 78,2019/12/31,2020/01/01,0,"8,5",60
YOU & CO. Saler Beach Boutique,4533007,NA,Valencia,1,1,€ 84,2019/12/31,2020/01/01,3,"8,9",60
Valencia Apartmans El Carmen,847910,NA,Valencia,1,1,€ 123,2019/12/31,2020/01/01,0,"7,3",60
Valencia Apartments,4367788,NA,Valencia,1,1,€ 123,2019/12/31,2020/01/01,0,"7,1",60
NWT Central Station Valencia,1647017,NA,Valencia,1,1,€ 140,2019/12/31,2020/01/01,0,"7,1",60
Centro en Valencia,2885222,NA,Valencia,1,1,NA,2019/12/31,2020/01/01,0,"9,5",60
Carrer de l'Escriptor Rafael Ferreres,4267645,NA,Valencia,1,1,€ 85,2019/12/31,2020/01/01,0,"8,6",60
Habitación doble,3599930,NA,Valencia,1,1,€ 85,2019/12/31,2020/01/01,0,"8,8",60
Suites by Eric Olsan (Florista),4726450,NA,Valencia,1,1,€ 93,2019/12/31,2020/01/01,0,"8,5",60
Petit Palace Plaza de la Reina,90443,NA,Valencia,1,1,€ 430,2019/12/31,2020/01/01,3,"8,7",60
Casa Botànic - Céntrico y con comodidades,4218273,NA,Valencia,1,1,NA,2019/12/31,2020/01/01,0,"9,8",60
Apartments Plaza Ayuntamiento,3506736,NA,Valencia,1,1,€ 470,2019/12/31,2020/01/01,0,"8,6",60
Zalamera BnB,1331238,NA,Valencia,1,1,€ 97,2019/12/31,2020/01/01,0,"8,7",60
Original Domino House,5434091,NA,Valencia,1,1,€ 99,2019/12/31,2020/01/01,0,"8,7",60
Urban Youth Hostel,1163025,NA,Valencia,1,1,€ 30,2019/12/31,2020/01/01,0,"8,4",60
Center Valencia Youth Hostel,246931,NA,Valencia,1,1,€ 33,2019/12/31,2020/01/01,0,8,60
B&B Hi Valencia Canovas,305349,NA,Valencia,1,1,€ 42,2019/12/31,2020/01/01,0,"8,3",60
Habitación en valencia centro,5418023,NA,Valencia,1,1,€ 45,2019/12/31,2020/01/01,0,"8,2",60
Silken Puerta Valencia,91182,NA,Valencia,1,1,€ 135,2019/12/31,2020/01/01,4,"8,3",60
Living Valencia - Tetuán,3217954,NA,Valencia,1,1,€ 136,2019/12/31,2020/01/01,0,"8,1",60
Espai Loft Santa Mónica,4574135,NA,Valencia,1,1,NA,2019/12/31,2020/01/01,0,"9,8",60
Living Valencia - Patacona Beach 36,1363797,NA,Valencia,1,1,€ 139,2019/12/31,2020/01/01,0,"8,1",60
Eurostars Rey Don Jaime,91520,NA,Valencia,1,1,€ 143,2019/12/31,2020/01/01,4,"8,2",60
Holiday Inn Express Ciudad de las Ciencias,96737,NA,Valencia,1,1,€ 144,2019/12/31,2020/01/01,3,8,60
Living Valencia - Patacona Beach 15,2213630,NA,Valencia,1,1,€ 145,2019/12/31,2020/01/01,0,"8,4",60
Living Valencia Studio Serranos,1329794,NA,Valencia,1,1,€ 150,2019/12/31,2020/01/01,0,"8,4",60
Living Valencia -Correos,3062274,NA,Valencia,1,1,€ 159,2019/12/31,2020/01/01,0,"8,3",60
Ambrosio Flats Valencia - El Carmen,2401127,NA,Valencia,1,1,NA,2019/12/31,2020/01/01,0,"9,5",60
7 Moons Bed & Breakfast,464187,NA,Valencia,1,1,€ 159,2019/12/31,2020/01/01,0,"8,4",60
Eurostars Gran Valencia,90484,NA,Valencia,1,1,€ 161,2019/12/31,2020/01/01,4,"8,4",60
Apartment Florista,2150187,NA,Valencia,1,1,€ 180,2019/12/31,2020/01/01,0,8,60
City Suites Apartments,3091106,NA,Valencia,1,1,€ 186,2019/12/31,2020/01/01,0,"8,3",60
Apartment Valencia,348555,NA,Valencia,1,1,€ 190,2019/12/31,2020/01/01,0,8,60
Hotel Conqueridor,91047,NA,Valencia,1,1,€ 216,2019/12/31,2020/01/01,4,"8,4",60
Calle de Frederica Montseny 'Política' Casa o chalet,5152866,NA,Valencia,1,1,NA,2019/12/31,2020/01/01,0,"9,6",60
Zerka Centro,4425975,NA,Valencia,1,1,€ 238,2019/12/31,2020/01/01,0,"8,4",60
Atico Ciutat Vella,3446230,NA,Valencia,1,1,€ 240,2019/12/31,2020/01/01,0,"8,2",60
NWT Central Station Apartments,3964093,NA,Valencia,1,1,€ 250,2019/12/31,2020/01/01,0,"8,3",60
Valenciaflats Torres de Serrano,17468,NA,Valencia,1,1,€ 262,2019/12/31,2020/01/01,0,"8,3",60
Old Town Flats Casa Burguerini,4552106,NA,Valencia,1,1,€ 289,2019/12/31,2020/01/01,0,"8,1",60
Senator Parque Central Hotel,274963,NA,Valencia,1,1,€ 337,2019/12/31,2020/01/01,4,"8,1",60
ApartUP Patacona Deluxe,2565246,NA,Valencia,1,1,NA,2019/12/31,2020/01/01,0,"9,5",60
UP Hostel Valencia,1710137,NA,Valencia,1,1,€ 27,2019/12/31,2020/01/01,0,"7,7",60
Habitación Céntrica en Casa de Familia,4289877,NA,Valencia,1,1,€ 35,2019/12/31,2020/01/01,0,"7,7",60
Habitación San Cayetano,4624401,NA,Valencia,1,1,€ 45,2019/12/31,2020/01/01,0,"7,5",60
Aventura,5567318,NA,Valencia,1,1,€ 50,2019/12/31,2020/01/01,0,"7,8",60
Hostal On Dormire Valencia,432305,NA,Valencia,1,1,€ 50,2019/12/31,2020/01/01,0,"7,8",60
Habitaciones Barra89,1076252,NA,Valencia,1,1,€ 53,2019/12/31,2020/01/01,0,"7,9",60
Como en casa,4802186,NA,Valencia,1,1,€ 54,2019/12/31,2020/01/01,0,"7,9",60
So de Mar,2204496,NA,Valencia,1,1,NA,2019/12/31,2020/01/01,0,"9,6",60
Habitacion por dias Centro Valencia,3977106,NA,Valencia,1,1,€ 55,2019/12/31,2020/01/01,0,"7,8",60
Hostal Bisbal,235665,NA,Valencia,1,1,€ 60,2019/12/31,2020/01/01,1,"7,5",60
Casual Civilizaciones Valencia,449777,NA,Valencia,1,1,€ 68,2019/12/31,2020/01/01,0,"7,9",60
Rooms Valencia Center,5507857,NA,Valencia,1,1,€ 68,2019/12/31,2020/01/01,0,"7,7",60
Habitación en Valencia,5477394,NA,Valencia,1,1,€ 72,2019/12/31,2020/01/01,0,"7,5",60
Expo Hotel Valencia,91223,NA,Valencia,1,1,€ 74,2019/12/31,2020/01/01,3,"7,6",60
B&B Hi Valencia Boutique,1301725,NA,Valencia,1,1,€ 101,2019/12/31,2020/01/01,0,"8,7",60
Apartamento Alameda,1698817,NA,Valencia,1,1,NA,2019/12/31,2020/01/01,0,"9,5",60
B&B Hotel Valencia Ciudad de las Ciencias,92242,NA,Valencia,1,1,€ 74,2019/12/31,2020/01/01,3,"7,5",60
Valencia Lounge Hostel,337203,NA,Valencia,1,1,€ 80,2019/12/31,2020/01/01,0,"7,7",60
Suites by Eric Olsan (Peset),4726296,NA,Valencia,1,1,€ 94,2019/12/31,2020/01/01,0,"7,6",60
Suites by Eric Olsan (L),4287413,NA,Valencia,1,1,€ 94,2019/12/31,2020/01/01,0,"7,5",60
Hotel Turia,14441,NA,Valencia,1,1,€ 99,2019/12/31,2020/01/01,4,"7,5",60
Ilunion Valencia 3,92818,NA,Valencia,1,1,€ 103,2019/12/31,2020/01/01,3,"7,9",60
Apartment Plaza Cisneros,1273377,NA,Valencia,1,1,NA,2019/12/31,2020/01/01,0,"9,7",60
Checkin Valencia,93743,NA,Valencia,1,1,€ 116,2019/12/31,2020/01/01,4,"7,8",60
Casual de la Música Valencia,273130,NA,Valencia,1,1,€ 119,2019/12/31,2020/01/01,2,"7,5",60
Hotel Olympia Universidades,1301731,NA,Valencia,1,1,€ 106,2019/12/31,2020/01/01,3,"8,5",60
Apartamento Comedias,2236348,NA,Valencia,1,1,NA,2019/12/31,2020/01/01,0,"9,7",60
Sercotel Sorolla Palace,93646,NA,Valencia,1,1,€ 108,2019/12/31,2020/01/01,4,"8,6",60
Hi Valencia Cánovas,4312120,NA,Valencia,1,1,€ 108,2019/12/31,2020/01/01,0,"8,8",60
Melia Valencia,290493,NA,Valencia,1,1,€ 112,2019/12/31,2020/01/01,4,"8,8",60
Casual del Cine Valencia,572187,NA,Valencia,1,1,€ 119,2019/12/31,2020/01/01,2,"8,6",60
Apartamentos Plaza Picasso,97063,NA,Valencia,1,1,€ 121,2019/12/31,2020/01/01,0,"8,5",60
Adrian's House,2271869,NA,Valencia,1,1,€ 120,2019/12/31,2020/01/01,0,"7,7",60
Habitaciones Rusafa,5604325,NA,Valencia,1,1,€ 120,2019/12/31,2020/01/01,0,"7,7",60
OYO Pensión El Rincón,476031,NA,Valencia,1,1,€ 122,2019/12/31,2020/01/01,1,"7,5",60
Living Valencia - Jardín del Turia,333591,NA,Valencia,1,1,€ 128,2019/12/31,2020/01/01,0,"7,7",60
Eurostars Acteón,90495,NA,Valencia,1,1,€ 125,2019/12/31,2020/01/01,4,"8,5",60
Luxury Center Plaza Redonda,5138960,NA,Valencia,1,1,NA,2019/12/31,2020/01/01,0,"9,5",60
Ilunion Aqua 4,92777,NA,Valencia,1,1,€ 127,2019/12/31,2020/01/01,4,"8,6",60
AC Hotel Valencia,91063,NA,Valencia,1,1,€ 131,2019/12/31,2020/01/01,4,"8,5",60
Disfruta De Playa Y Ciudad,2470646,NA,Valencia,1,1,NA,2019/12/31,2020/01/01,0,"9,6",60
Living Valencia - Cestas,5453512,NA,Valencia,1,1,€ 135,2019/12/31,2020/01/01,0,"7,6",60
City Center Apartments,4426057,NA,Valencia,1,1,€ 135,2019/12/31,2020/01/01,0,"7,8",60
ABCyou Bed&Breakfast,189207,NA,Valencia,1,1,€ 132,2019/12/31,2020/01/01,0,"8,5",60
Hotel Malcom and Barret,483261,NA,Valencia,1,1,€ 136,2019/12/31,2020/01/01,3,"8,7",60
Hotel Kramer,91106,NA,Valencia,1,1,€ 136,2019/12/31,2020/01/01,3,"8,8",60
Living Valencia - Patacona Beach 40,4049287,NA,Valencia,1,1,€ 137,2019/12/31,2020/01/01,0,"7,9",60
STYLISH APARTMENT - CITY CENTER,2861517,NA,Valencia,1,1,€ 140,2019/12/31,2020/01/01,0,"7,8",60
Living Valencia - Patacona Beach 7,1391054,NA,Valencia,1,1,€ 141,2019/12/31,2020/01/01,0,"7,9",60
Hotel El Siglo,1741479,NA,Valencia,1,1,€ 139,2019/12/31,2020/01/01,3,"8,5",60
Apartment Sofi,2830696,NA,Valencia,1,1,NA,2019/12/31,2020/01/01,0,"9,8",60
Living Valencia - Parterre,3830646,NA,Valencia,1,1,€ 144,2019/12/31,2020/01/01,0,"8,5",60
Hotel Neptuno,91206,NA,Valencia,1,1,€ 144,2019/12/31,2020/01/01,4,"8,5",60
Jardín Botánico Hotel Boutique,93369,NA,Valencia,1,1,€ 150,2019/12/31,2020/01/01,3,"8,9",60
Blanq Carmen Hotel,97069,NA,Valencia,1,1,€ 150,2019/12/31,2020/01/01,3,"8,7",60
SH Valencia Palace,91497,NA,Valencia,1,1,€ 152,2019/12/31,2020/01/01,5,"8,5",60
Living Valencia - Malvarrosa Beach,3555919,NA,Valencia,1,1,€ 160,2019/12/31,2020/01/01,0,"8,6",60
Bruno Apartment,2715023,NA,Valencia,1,1,NA,2019/12/31,2020/01/01,0,"9,7",60
Reina Rooms,4211140,NA,Valencia,1,1,€ 162,2019/12/31,2020/01/01,0,"8,9",60
València Centre Túria,2185255,NA,Valencia,1,1,€ 170,2019/12/31,2020/01/01,0,"8,8",60
Lotelito,570027,NA,Valencia,1,1,€ 175,2019/12/31,2020/01/01,0,"8,9",60
València Centre Torres de Quart,886289,NA,Valencia,1,1,€ 180,2019/12/31,2020/01/01,0,"8,9",60
Pio XII Apartments Valencia,402080,NA,Valencia,1,1,€ 180,2019/12/31,2020/01/01,0,"8,5",60
Apartamentos Navío,5647176,NA,Valencia,1,1,€ 95,2019/12/31,2020/01/01,0,"9,6",60
Olympia Flats,4212801,NA,Valencia,1,1,€ 70,2019/12/31,2020/01/01,0,"9,7",60
PLAYA POBLA DE FARNALS,5508533,NA,Valencia,1,1,NA,2019/12/31,2020/01/01,0,10,60
Ramirez Flats & Bar,4124528,NA,Valencia,1,1,€ 176,2019/12/31,2020/01/01,0,"9,5",60
Ciudad Ciencias- Lujo- Parking- Wi-Fi.,4999636,NA,Valencia,1,1,€ 200,2019/12/31,2020/01/01,0,"9,8",60
Hotel Cosmo,4838858,NA,Valencia,1,1,€ 213,2019/12/31,2020/01/01,3,"9,8",60
Apartments Downtown Valencia,2250421,NA,Valencia,1,1,€ 240,2019/12/31,2020/01/01,0,"9,6",60
Valencia Apartamentos Goya,4256653,NA,Valencia,1,1,€ 455,2019/12/31,2020/01/01,0,"9,9",60
Comfort Homestay,5423155,NA,Valencia,1,1,€ 105,2019/12/31,2020/01/01,0,9,60
Central Park Apartment Valencia,3881533,NA,Valencia,1,1,NA,2019/12/31,2020/01/01,0,"9,5",60
Living Valencia - Central Market,2243194,NA,Valencia,1,1,€ 156,2019/12/31,2020/01/01,0,7,60
Living Valencia - Caballeros,3996637,NA,Valencia,1,1,€ 159,2019/12/31,2020/01/01,0,"7,4",60
Ruzafa Viva,4475954,NA,Valencia,1,1,NA,2019/12/31,2020/01/01,0,"9,5",60
Blanq Comedias,4922002,NA,Valencia,1,1,€ 117,2019/12/31,2020/01/01,0,9,60
Rooms Ciencias,94126,NA,Valencia,1,1,€ 122,2019/12/31,2020/01/01,0,9,60
Living Valencia Arenas Beach,1078142,NA,Valencia,1,1,€ 185,2019/12/31,2020/01/01,0,"7,3",60
HOSTAL BED OF THE SEA,3974636,NA,Valencia,1,1,€ 200,2019/12/31,2020/01/01,0,"7,1",60
Select Home Catedral,440778,NA,Valencia,1,1,€ 200,2019/12/31,2020/01/01,0,"7,1",60
Live in Chianti,2227491,NA,Valencia,1,1,€ 125,2019/12/31,2020/01/01,0,"9,1",60
Hotel Valencia Alameda,4019381,NA,Valencia,1,1,€ 129,2019/12/31,2020/01/01,4,"9,2",60
Accommodation Beach Apartments,1001766,NA,Valencia,1,1,€ 250,2019/12/31,2020/01/01,0,"7,1",60
Ruzafa Rooms,2891693,NA,Valencia,1,1,€ 50,2019/12/31,2020/01/01,0,"6,8",60
Guest House Lebon,3124256,NA,Valencia,1,1,€ 60,2019/12/31,2020/01/01,0,"6,8",60
Cool Central Market,3424724,NA,Valencia,1,1,NA,2019/12/31,2020/01/01,0,"9,8",60
Hotel Boutique Balandret,1281710,NA,Valencia,1,1,€ 143,2019/12/31,2020/01/01,3,"9,2",60
RUZAFA. Nice apartment and Terrace.,4368595,NA,Valencia,1,1,€ 150,2019/12/31,2020/01/01,0,"9,3",60
Opera House Valencia B&B,3533887,NA,Valencia,1,1,NA,2019/12/31,2020/01/01,0,"9,5",60
Hogar Dulce Hogar,5426607,NA,Valencia,1,1,€ 90,2019/12/31,2020/01/01,0,"6,8",60
Casita Esmeralda,2040126,NA,Valencia,1,1,€ 144,2019/12/31,2020/01/01,0,"6,5",60
Dreams Rental City Hall,337092,NA,Valencia,1,1,€ 340,2019/12/31,2020/01/01,0,"6,5",60
B BEACH VALENCIA,5125954,NA,Valencia,1,1,€ 150,2019/12/31,2020/01/01,0,"9,1",60
15 Avinguda Mare Nostrum,4518973,NA,Valencia,1,1,€ 155,2019/12/31,2020/01/01,0,"9,1",60
Apartamentos La más Bonita,2816245,NA,Valencia,1,1,€ 158,2019/12/31,2020/01/01,0,9,60
Fun and Sun Center 2,2944416,NA,Valencia,1,1,€ 32,2019/12/31,2020/01/01,0,6,60
Guest House Higinio Noja,2845935,NA,Valencia,1,1,€ 60,2019/12/31,2020/01/01,0,"5,9",60
Carrer del Bisbe Jaume Pérez,4900140,NA,Valencia,1,1,€ 60,2019/12/31,2020/01/01,0,"5,9",60
MD PASEO RUZAFA CENTER,5374850,NA,Valencia,1,1,NA,2019/12/31,2020/01/01,0,"9,6",60
Loft Duplex Valencia Centro,4060198,NA,Valencia,1,1,€ 164,2019/12/31,2020/01/01,0,"9,3",60
WeRentVLC Sunny Terrace Ruzafa,2906716,NA,Valencia,1,1,€ 165,2019/12/31,2020/01/01,0,"9,4",60
Valenciaflats Centro Ciudad,18544,NA,Valencia,1,1,€ 198,2019/12/31,2020/01/01,0,"9,2",60
Atico Loft Ruzafa,3152977,NA,Valencia,1,1,NA,2019/12/31,2020/01/01,0,"9,7",60
Ruzafa Guesthouse,2269176,NA,Valencia,1,1,€ 70,2019/12/31,2020/01/01,0,"5,5",60
Guest House Ruzafa,2324552,NA,Valencia,1,1,€ 40,2019/12/31,2020/01/01,0,"5,1",60
Guest House Torres de Quart,2275006,NA,Valencia,1,1,€ 54,2019/12/31,2020/01/01,0,"5,3",60
Apartamentos Wallace,1698355,NA,Valencia,1,1,€ 202,2019/12/31,2020/01/01,0,"9,2",60
Biopark View Apartment,2381901,NA,Valencia,1,1,€ 206,2019/12/31,2020/01/01,0,9,60
Citizentral Juristas,1113127,NA,Valencia,1,1,€ 206,2019/12/31,2020/01/01,0,"9,2",60
Oliver,4865093,NA,Valencia,1,1,€ 63,2019/12/31,2020/01/01,0,"5,4",60
Port of Valencia,3805735,NA,Valencia,1,1,€ 150,2019/12/31,2020/01/01,0,5,60
Guest House Duc de Gaeta,2275007,NA,Valencia,1,1,€ 54,2019/12/31,2020/01/01,0,"4,9",60
Apartamento centro,3160737,NA,Valencia,1,1,NA,2019/12/31,2020/01/01,0,"9,6",60
Mon Suites San Nicolas,4117225,NA,Valencia,1,1,€ 207,2019/12/31,2020/01/01,0,"9,2",60
Valenciaflats Ciudad de las Ciencias,93676,NA,Valencia,1,1,€ 207,2019/12/31,2020/01/01,0,"9,1",60
Malvarosa,3820590,NA,Valencia,1,1,€ 190,2019/12/31,2020/01/01,0,"3,9",60
Helle & ruhige Zimmer nähe Strand,5698199,NA,Valencia,1,1,€ 36,2019/12/31,2020/01/01,0,,60
Valencia- habitacion,5366858,NA,Valencia,1,1,€ 45,2019/12/31,2020/01/01,0,,60
Habitacion doble en piso compartido,5645604,NA,Valencia,1,1,€ 46,2019/12/31,2020/01/01,0,,60
vosotros sereis parte de mi familia.,5299568,NA,Valencia,1,1,€ 60,2019/12/31,2020/01/01,0,,60
