name,propertyId,propertyType,city,rooms,days,price,checkIn,checkOut,stars,score,advance
Hotel Helen Berger,5159105,NA,Valencia,1,1,€ 166,2020/02/14,2020/02/15,4,,90
The White Apartment: Luxury- Beach and Design,5631365,NA,Valencia,1,1,€ 167,2020/02/14,2020/02/15,0,,90
Flats Friends Nave,2861620,NA,Valencia,1,1,NA,2020/02/14,2020/02/15,0,"8,4",90
Casa Del Sueno,4292899,NA,Valencia,1,1,€ 173,2020/02/14,2020/02/15,0,,90
Apartment Passeig de la Petxina,5695771,NA,Valencia,1,1,€ 195,2020/02/14,2020/02/15,0,,90
Apartment Carrer Ernesto Che Guevara,5598848,NA,Valencia,1,1,€ 211,2020/02/14,2020/02/15,0,,90
Apartment Carrer de Don Juan de Austria,5464038,NA,Valencia,1,1,€ 279,2020/02/14,2020/02/15,0,,90
PERELLÓ BEACH PLAYA/PISCINA,5264022,NA,Valencia,1,1,€ 280,2020/02/14,2020/02/15,0,,90
Apartment Carrer de Josep Aguirre,5646705,NA,Valencia,1,1,€ 608,2020/02/14,2020/02/15,0,,90
City Suites Apartments,3091106,NA,Valencia,1,1,€ 74,2020/02/14,2020/02/15,0,"8,3",90
Apartment Vicent,1674495,NA,Valencia,1,1,€ 75,2020/02/14,2020/02/15,0,"8,3",90
The River Hostel,494202,NA,Valencia,1,1,NA,2020/02/14,2020/02/15,0,"8,5",90
B&B Hi Valencia Canovas,305349,NA,Valencia,1,1,€ 76,2020/02/14,2020/02/15,0,"8,3",90
Silken Puerta Valencia,91182,NA,Valencia,1,1,€ 76,2020/02/14,2020/02/15,4,"8,3",90
L'Otelet By Sweet,1467935,NA,Valencia,1,1,€ 77,2020/02/14,2020/02/15,0,"8,3",90
El Coso,14580,NA,Valencia,1,1,€ 77,2020/02/14,2020/02/15,3,"8,2",90
Hotel Alkazar,408511,NA,Valencia,1,1,€ 79,2020/02/14,2020/02/15,1,"8,1",90
Hotel Valencia Center,91285,NA,Valencia,1,1,€ 84,2020/02/14,2020/02/15,4,"8,4",90
Turia Town,4064373,NA,Valencia,1,1,NA,2020/02/14,2020/02/15,0,"8,8",90
Sweet Hotel Continental,93856,NA,Valencia,1,1,€ 89,2020/02/14,2020/02/15,2,"8,3",90
United Colors of Apartments - Catedral,1301545,NA,Valencia,1,1,€ 89,2020/02/14,2020/02/15,0,"8,2",90
Eurostars Rey Don Jaime,91520,NA,Valencia,1,1,€ 89,2020/02/14,2020/02/15,4,"8,2",90
NH Valencia Center,90727,NA,Valencia,1,1,€ 90,2020/02/14,2020/02/15,4,"8,3",90
Tryp Valencia Feria,92852,NA,Valencia,1,1,€ 90,2020/02/14,2020/02/15,4,"8,3",90
Apartamento Plaza Sainetero,2743838,NA,Valencia,1,1,€ 93,2020/02/14,2020/02/15,0,"8,1",90
Cathedral Suites Hotel,1736257,NA,Valencia,1,1,NA,2020/02/14,2020/02/15,4,"8,9",90
Primus Valencia,331871,NA,Valencia,1,1,€ 96,2020/02/14,2020/02/15,4,"8,3",90
Port of Valencia,3805735,NA,Valencia,1,1,€ 150,2020/02/14,2020/02/15,0,"5,1",90
Guest House Duc de Gaeta,2275007,NA,Valencia,1,1,€ 50,2020/02/14,2020/02/15,0,"4,9",90
Travel Hábitat Aragón,1662477,NA,Valencia,1,1,NA,2020/02/14,2020/02/15,0,"8,8",90
Malvarosa,3820590,NA,Valencia,1,1,€ 190,2020/02/14,2020/02/15,0,"3,8",90
Aladin piso,5823993,NA,Valencia,1,1,€ 22,2020/02/14,2020/02/15,0,,90
Bright room with trundle bed,5560260,NA,Valencia,1,1,€ 46,2020/02/14,2020/02/15,0,,90
Valero Vintage,3315727,NA,Valencia,1,1,€ 96,2020/02/14,2020/02/15,0,8,90
Hotel Villacarlos,90730,NA,Valencia,1,1,€ 97,2020/02/14,2020/02/15,3,8,90
Old Town Flats Casa Burguerini,4552106,NA,Valencia,1,1,€ 105,2020/02/14,2020/02/15,0,"8,2",90
Habitacion doble en piso compartido,5645604,NA,Valencia,1,1,€ 51,2020/02/14,2020/02/15,0,,90
Comoda habitacion,5695905,NA,Valencia,1,1,€ 58,2020/02/14,2020/02/15,0,,90
vosotros sereis parte de mi familia.,5299568,NA,Valencia,1,1,€ 60,2020/02/14,2020/02/15,0,,90
Plaza Sainetero Arniches,3984774,NA,Valencia,1,1,NA,2020/02/14,2020/02/15,0,"8,5",90
La Casa,3758586,NA,Valencia,1,1,€ 105,2020/02/14,2020/02/15,0,"8,3",90
Hotel Conqueridor,91047,NA,Valencia,1,1,€ 108,2020/02/14,2020/02/15,4,"8,4",90
Apartments Madrina,3278589,NA,Valencia,1,1,NA,2020/02/14,2020/02/15,0,"8,9",90
Valenciaflats Torres de Serrano,17468,NA,Valencia,1,1,€ 110,2020/02/14,2020/02/15,0,"8,3",90
Ilunion Aqua 3,92776,NA,Valencia,1,1,€ 115,2020/02/14,2020/02/15,3,"8,3",90
Apartamento Privado Próximo a Playa y Ciencias,3783163,NA,Valencia,1,1,€ 120,2020/02/14,2020/02/15,0,"8,3",90
Fantastic Loft near beach and city,5744961,NA,Valencia,1,1,€ 66,2020/02/14,2020/02/15,0,,90
Bonito Apartamento- confortable y bien comunicado,5572090,NA,Valencia,1,1,€ 76,2020/02/14,2020/02/15,0,,90
Minimalist room with balcony.FREE bikes & coffee 1,5776697,NA,Valencia,1,1,€ 79,2020/02/14,2020/02/15,0,,90
Loft Turia Gran,5133726,NA,Valencia,1,1,€ 80,2020/02/14,2020/02/15,0,,90
Apartamento Torres,3654194,NA,Valencia,1,1,€ 120,2020/02/14,2020/02/15,0,"8,3",90
Carrer de María Montessori,3272386,NA,Valencia,1,1,€ 120,2020/02/14,2020/02/15,0,"8,2",90
HoGraFic,5739228,NA,Valencia,1,1,€ 81,2020/02/14,2020/02/15,2,,90
Piso en Canyamelar cerca de la playa,5771518,NA,Valencia,1,1,€ 87,2020/02/14,2020/02/15,0,,90
Total Valencia Elegance,493941,NA,Valencia,1,1,NA,2020/02/14,2020/02/15,0,"8,6",90
YOU & CO Quart Boutique,5213598,NA,Valencia,1,1,€ 97,2020/02/14,2020/02/15,3,,90
Carrer de l'Arquitecte Alfaro 27 bajo derecha,4353398,NA,Valencia,1,1,€ 102,2020/02/14,2020/02/15,0,,90
Waksman,2261109,NA,Valencia,1,1,€ 110,2020/02/14,2020/02/15,0,,90
casa la tranquilidad,5516825,NA,Valencia,1,1,€ 120,2020/02/14,2020/02/15,0,,90
Loft Valencia,5821610,NA,Valencia,1,1,€ 120,2020/02/14,2020/02/15,0,,90
CENTER-Modern 2BR- 2BA-TERRACE- WI-FI- A/C,5241769,NA,Valencia,1,1,€ 125,2020/02/14,2020/02/15,0,,90
Flats Hondures,2194645,NA,Valencia,1,1,NA,2020/02/14,2020/02/15,0,"8,7",90
Suit AVE (Valencia),5726860,NA,Valencia,1,1,€ 128,2020/02/14,2020/02/15,0,,90
Ciutat Vella Apartment,5574768,NA,Valencia,1,1,€ 130,2020/02/14,2020/02/15,0,,90
Piso cercano al centro ( 5 min BUS),5607299,NA,Valencia,1,1,€ 140,2020/02/14,2020/02/15,0,,90
Resiolé Mercado Central,5772964,NA,Valencia,1,1,€ 160,2020/02/14,2020/02/15,0,,90
Hotel Helen Berger,5159105,NA,Valencia,1,1,€ 166,2020/02/14,2020/02/15,4,,90
Rest room Evi,5710566,NA,Valencia,1,1,€ 35,2020/02/14,2020/02/15,0,"9,5",90
Colors Rooms,675839,NA,Valencia,1,1,€ 45,2020/02/14,2020/02/15,0,"9,5",90
Valencia what else...,2550483,NA,Valencia,1,1,NA,2020/02/14,2020/02/15,0,"9,5",90
Calle de Frederica Montseny 'Política' Casa o chalet,5152866,NA,Valencia,1,1,€ 95,2020/02/14,2020/02/15,0,"9,6",90
Casa La Buhardilla,2985364,NA,Valencia,1,1,€ 97,2020/02/14,2020/02/15,0,"9,6",90
ÁTICO EN EL CENTRO DE VALENCIA VT-45939-T,4752815,NA,Valencia,1,1,€ 110,2020/02/14,2020/02/15,0,"9,6",90
LOFT apartamento duplex en Valencia con parking gratis,5519008,NA,Valencia,1,1,€ 110,2020/02/14,2020/02/15,0,"9,8",90
Ramirez Flats & Bar,4124528,NA,Valencia,1,1,€ 117,2020/02/14,2020/02/15,0,"9,5",90
Hotel Cosmo,4838858,NA,Valencia,1,1,€ 128,2020/02/14,2020/02/15,3,"9,7",90
Chic and Central- in a lively but quiet area. All walking distance.,3649090,NA,Valencia,1,1,NA,2020/02/14,2020/02/15,0,"9,6",90
Apartments Downtown Valencia,2250421,NA,Valencia,1,1,€ 130,2020/02/14,2020/02/15,0,"9,6",90
Valencian Dreams Lonja,4757385,NA,Valencia,1,1,€ 138,2020/02/14,2020/02/15,0,"9,5",90
Apartamento centro,3160737,NA,Valencia,1,1,€ 165,2020/02/14,2020/02/15,0,"9,6",90
Olympia Flats,4212801,NA,Valencia,1,1,€ 90,2020/02/14,2020/02/15,0,"9,7",90
Casa Calle Conquista,4691493,NA,Valencia,1,1,€ 240,2020/02/14,2020/02/15,0,"9,5",90
Cantagua Hostel,4074640,NA,Valencia,1,1,€ 47,2020/02/14,2020/02/15,0,"9,1",90
Atico Loft Ruzafa,3152977,NA,Valencia,1,1,NA,2020/02/14,2020/02/15,0,"9,6",90
Lindala,5250762,NA,Valencia,1,1,€ 54,2020/02/14,2020/02/15,0,"9,4",90
Habitación privada a 1500 metros de la playa,3789910,NA,Valencia,1,1,€ 60,2020/02/14,2020/02/15,0,"9,3",90
Hostal Venecia,92883,NA,Valencia,1,1,€ 65,2020/02/14,2020/02/15,2,"9,1",90
Hideout 26,5658117,NA,Valencia,1,1,€ 66,2020/02/14,2020/02/15,0,"9,1",90
Live in Chianti,2227491,NA,Valencia,1,1,€ 75,2020/02/14,2020/02/15,0,"9,1",90
Nest Style Valencia,5219046,NA,Valencia,1,1,€ 76,2020/02/14,2020/02/15,3,"9,3",90
Apartamento Frederick “Centrico y con Clase”,4236394,NA,Valencia,1,1,NA,2020/02/14,2020/02/15,0,"9,6",90
Valencian Apartment,2298621,NA,Valencia,1,1,€ 84,2020/02/14,2020/02/15,0,9,90
Precioso piso junto al antiguo barrio de Campanar,3297078,NA,Valencia,1,1,€ 85,2020/02/14,2020/02/15,0,"9,4",90
Rooms Ciencias,94126,NA,Valencia,1,1,€ 86,2020/02/14,2020/02/15,0,9,90
L'Arbre,3972359,NA,Valencia,1,1,€ 89,2020/02/14,2020/02/15,0,"9,1",90
Hotel Valencia Alameda,4019381,NA,Valencia,1,1,€ 90,2020/02/14,2020/02/15,4,"9,2",90
B&B Hotel Valencia Ciudad de las Ciencias,92242,NA,Valencia,1,1,€ 56,2020/02/14,2020/02/15,3,"7,5",90
Hostal Bisbal,235665,NA,Valencia,1,1,€ 58,2020/02/14,2020/02/15,1,"7,5",90
Casa de Maria,2467712,NA,Valencia,1,1,NA,2020/02/14,2020/02/15,0,"8,7",90
HOSPEDAJE PESET,4718074,NA,Valencia,1,1,€ 70,2020/02/14,2020/02/15,0,"7,5",90
Hotel Boutique Balandret,1281710,NA,Valencia,1,1,€ 95,2020/02/14,2020/02/15,3,"9,2",90
RUZAFA. Nice apartment and Terrace.,4368595,NA,Valencia,1,1,€ 95,2020/02/14,2020/02/15,0,"9,3",90
Casa Botànic - Céntrico y con comodidades,4218273,NA,Valencia,1,1,NA,2020/02/14,2020/02/15,0,"9,8",90
Hotel Beleret,94652,NA,Valencia,1,1,€ 70,2020/02/14,2020/02/15,3,"7,6",90
Checkin Valencia,93743,NA,Valencia,1,1,€ 71,2020/02/14,2020/02/15,4,"7,8",90
Habitación en Valencia,5477394,NA,Valencia,1,1,€ 72,2020/02/14,2020/02/15,0,"7,5",90
Cosy Rooms Tapinería,371192,NA,Valencia,1,1,€ 74,2020/02/14,2020/02/15,2,"7,5",90
United Colors of Studios - Mercado Central,2574108,NA,Valencia,1,1,€ 81,2020/02/14,2020/02/15,0,"7,8",90
SingularStays Parque Central,3054000,NA,Valencia,1,1,NA,2020/02/14,2020/02/15,0,"8,8",90
SEA YOU HOTEL PORT VALENCIA,92328,NA,Valencia,1,1,€ 82,2020/02/14,2020/02/15,4,"7,8",90
Ilunion Valencia 3,92818,NA,Valencia,1,1,€ 83,2020/02/14,2020/02/15,3,"7,9",90
Original Domino House,5434091,NA,Valencia,1,1,€ 87,2020/02/14,2020/02/15,0,"8,7",90
Live in Chianti Apartaments,2882632,NA,Valencia,1,1,€ 128,2020/02/14,2020/02/15,0,9,90
United Colors of Apartments Boutique Style,5372347,NA,Valencia,1,1,€ 98,2020/02/14,2020/02/15,0,"9,2",90
Blanq Comedias,4922002,NA,Valencia,1,1,€ 99,2020/02/14,2020/02/15,0,9,90
Mestalla Paradise,4734619,NA,Valencia,1,1,€ 100,2020/02/14,2020/02/15,0,9,90
Jardín Botánico Hotel Boutique,93369,NA,Valencia,1,1,€ 88,2020/02/14,2020/02/15,3,"8,9",90
Palacio de Rojas,1073276,NA,Valencia,1,1,NA,2020/02/14,2020/02/15,0,"9,3",90
Hotel Kramer,91106,NA,Valencia,1,1,€ 89,2020/02/14,2020/02/15,3,"8,8",90
Les flors,3985046,NA,Valencia,1,1,€ 89,2020/02/14,2020/02/15,0,"8,7",90
Valenciaflats Centro Ciudad,18544,NA,Valencia,1,1,€ 129,2020/02/14,2020/02/15,0,"9,2",90
AMAZING HOUSE- BEST LOCATION!,4728031,NA,Valencia,1,1,NA,2020/02/14,2020/02/15,0,"9,6",90
Duplex en Blasco Ibáñez,3672426,NA,Valencia,1,1,€ 130,2020/02/14,2020/02/15,0,9,90
Apartamento Alguer,4005334,NA,Valencia,1,1,€ 85,2020/02/14,2020/02/15,0,"7,7",90
Apartamento Angel Alcazar 35,2174625,NA,Valencia,1,1,€ 90,2020/02/14,2020/02/15,0,"7,5",90
Double Room in VALENCIA,5665653,NA,Valencia,1,1,€ 30,2020/02/14,2020/02/15,0,"8,3",90
Habitacion Doble Homestay,4037073,NA,Valencia,1,1,€ 40,2020/02/14,2020/02/15,0,8,90
SingularStays Quevedo,3788671,NA,Valencia,1,1,NA,2020/02/14,2020/02/15,0,9,90
Hotel Turia,14441,NA,Valencia,1,1,€ 92,2020/02/14,2020/02/15,4,"7,5",90
Plaza Sainetero 5,3148458,NA,Valencia,1,1,€ 93,2020/02/14,2020/02/15,0,"7,7",90
Apartamentos Turia,355328,NA,Valencia,1,1,NA,2020/02/14,2020/02/15,0,"8,7",90
STYLISH APARTMENT - CITY CENTER,2861517,NA,Valencia,1,1,€ 120,2020/02/14,2020/02/15,0,"7,8",90
Habitacion en Valencia Barata,4861796,NA,Valencia,1,1,€ 40,2020/02/14,2020/02/15,0,"8,2",90
Purple Nest Hostel,25278,NA,Valencia,1,1,€ 44,2020/02/14,2020/02/15,0,"8,2",90
Habitacion en Valencia,4861732,NA,Valencia,1,1,€ 45,2020/02/14,2020/02/15,0,"8,4",90
Red Nest Hostel,92283,NA,Valencia,1,1,€ 49,2020/02/14,2020/02/15,0,"8,2",90
Habitación doble,3599930,NA,Valencia,1,1,€ 90,2020/02/14,2020/02/15,0,"8,9",90
Casa Adosada Quintero,5481770,NA,Valencia,1,1,€ 92,2020/02/14,2020/02/15,0,"8,8",90
Casual del Cine Valencia,572187,NA,Valencia,1,1,€ 94,2020/02/14,2020/02/15,2,"8,6",90
Valencia apartamento eje de moda,4854979,NA,Valencia,1,1,€ 132,2020/02/14,2020/02/15,0,"9,2",90
Mon Suites San Nicolas,4117225,NA,Valencia,1,1,€ 138,2020/02/14,2020/02/15,0,"9,1",90
Loft zona Pechina en Valencia centro,2524985,NA,Valencia,1,1,€ 138,2020/02/14,2020/02/15,0,"9,1",90
Valenciaflats Ciudad de las Ciencias,93676,NA,Valencia,1,1,€ 138,2020/02/14,2020/02/15,0,"9,1",90
Eurostars Acteón,90495,NA,Valencia,1,1,€ 94,2020/02/14,2020/02/15,4,"8,5",90
Casa Cosy,375456,NA,Valencia,1,1,NA,2020/02/14,2020/02/15,0,"9,4",90
AC Hotel Colon Valencia,1117150,NA,Valencia,1,1,€ 97,2020/02/14,2020/02/15,4,"8,7",90
Ad Hoc Monumental,90719,NA,Valencia,1,1,€ 97,2020/02/14,2020/02/15,3,"8,6",90
Hostal Abastos,257057,NA,Valencia,1,1,€ 50,2020/02/14,2020/02/15,2,"8,2",90
Habitaciones con Encanto,5629632,NA,Valencia,1,1,€ 50,2020/02/14,2020/02/15,0,8,90
ApartUP Patacona Terrace Duplex II,3162207,NA,Valencia,1,1,NA,2020/02/14,2020/02/15,0,"9,2",90
Urban Youth Hostel,1163025,NA,Valencia,1,1,€ 56,2020/02/14,2020/02/15,0,"8,4",90
Pension MonaLisa Luxury Suites,3834224,NA,Valencia,1,1,€ 56,2020/02/14,2020/02/15,0,"8,2",90
Sol Playa,12656,NA,Valencia,1,1,€ 60,2020/02/14,2020/02/15,2,"8,3",90
Happy Apartments Valencia – Lope de Vega,575582,NA,Valencia,1,1,€ 63,2020/02/14,2020/02/15,0,"8,1",90
Apartamentos La más Bonita,2816245,NA,Valencia,1,1,€ 104,2020/02/14,2020/02/15,0,9,90
Forn desamparats,2380447,NA,Valencia,1,1,€ 105,2020/02/14,2020/02/15,0,"9,4",90
Comfort Homestay,5423155,NA,Valencia,1,1,€ 105,2020/02/14,2020/02/15,0,9,90
NH Valencia Las Ciencias,90725,NA,Valencia,1,1,€ 63,2020/02/14,2020/02/15,3,8,90
Happy Apartments Valencia,456043,NA,Valencia,1,1,€ 63,2020/02/14,2020/02/15,0,"8,2",90
Apartamento Ruzafa Centro II,3718518,NA,Valencia,1,1,NA,2020/02/14,2020/02/15,0,9,90
Ca Carmela,2466364,NA,Valencia,1,1,€ 250,2020/02/14,2020/02/15,0,9,90
Rosa del mar2,4259814,NA,Valencia,1,1,€ 259,2020/02/14,2020/02/15,0,"9,1",90
La seda stay,3335523,NA,Valencia,1,1,NA,2020/02/14,2020/02/15,0,"9,6",90
Citizentral Juristas,1113127,NA,Valencia,1,1,€ 105,2020/02/14,2020/02/15,0,"9,2",90
Piso como en tu casa 2,3834617,NA,Valencia,1,1,€ 106,2020/02/14,2020/02/15,0,"9,2",90
Biopark View Apartment,2381901,NA,Valencia,1,1,€ 109,2020/02/14,2020/02/15,0,9,90
Apartamentos Naranja y Limòn,2250906,NA,Valencia,1,1,€ 110,2020/02/14,2020/02/15,0,"9,3",90
Valenciaflats Mercado Central,307677,NA,Valencia,1,1,€ 110,2020/02/14,2020/02/15,0,9,90
47 Carrer de Cadis- puerta 1,4511167,NA,Valencia,1,1,€ 113,2020/02/14,2020/02/15,0,9,90
Mon Suites Catedral,485679,NA,Valencia,1,1,€ 138,2020/02/14,2020/02/15,0,"9,2",90
Flight Mode Ruzafa,5473258,NA,Valencia,1,1,NA,2020/02/14,2020/02/15,0,"9,7",90
Apartamento centro frente a Torres de Serrano,3408067,NA,Valencia,1,1,€ 140,2020/02/14,2020/02/15,0,"9,3",90
Apartamento Bolseria 28,881275,NA,Valencia,1,1,NA,2020/02/14,2020/02/15,0,"9,5",90
Welcome Apartamentos Pintor Stolz 31 Valencia,5019066,NA,Valencia,1,1,€ 114,2020/02/14,2020/02/15,0,9,90
"Piso ""Como en tu casa""",2689136,NA,Valencia,1,1,€ 115,2020/02/14,2020/02/15,0,"9,2",90
El 16 Ruzafa,865461,NA,Valencia,1,1,€ 144,2020/02/14,2020/02/15,0,"7,7",90
Select Home Town Hall,1648016,NA,Valencia,1,1,€ 200,2020/02/14,2020/02/15,0,"7,5",90
Malvarrosa Calle Pavia,3608764,NA,Valencia,1,1,€ 271,2020/02/14,2020/02/15,0,"7,9",90
Casual Socarrat Valencia,5142800,NA,Valencia,1,1,€ 144,2020/02/14,2020/02/15,3,"9,1",90
ApartUP Viveros Pets,2834736,NA,Valencia,1,1,€ 147,2020/02/14,2020/02/15,0,"9,3",90
Sweet Caroline Apartment,1811784,NA,Valencia,1,1,€ 150,2020/02/14,2020/02/15,0,"9,2",90
B BEACH VALENCIA,5125954,NA,Valencia,1,1,€ 150,2020/02/14,2020/02/15,0,9,90
Hostal Waksman,281139,NA,Valencia,1,1,€ 28,2020/02/14,2020/02/15,1,"7,4",90
Zen House,3671621,NA,Valencia,1,1,€ 39,2020/02/14,2020/02/15,0,"7,1",90
Living Valencia - Malvarrosa Beach,3555919,NA,Valencia,1,1,NA,2020/02/14,2020/02/15,0,"8,6",90
B&B El Mercat,2203530,NA,Valencia,1,1,€ 40,2020/02/14,2020/02/15,0,"7,2",90
Casual de las Artes Valencia,538056,NA,Valencia,1,1,€ 98,2020/02/14,2020/02/15,3,"8,5",90
Petit Palace Plaza de la Reina,90443,NA,Valencia,1,1,€ 98,2020/02/14,2020/02/15,3,"8,7",90
Hotel Mediterraneo Valencia,92412,NA,Valencia,1,1,€ 98,2020/02/14,2020/02/15,3,"8,8",90
Alex Apartment,1756374,NA,Valencia,1,1,€ 64,2020/02/14,2020/02/15,0,8,90
Sweet Hotel Renasa,274818,NA,Valencia,1,1,€ 69,2020/02/14,2020/02/15,3,8,90
NH Ciudad de Valencia,90729,NA,Valencia,1,1,€ 70,2020/02/14,2020/02/15,3,"8,1",90
Senator Parque Central Hotel,274963,NA,Valencia,1,1,€ 71,2020/02/14,2020/02/15,4,"8,1",90
Apartamento en la Ciudad de las Artes y las Ciencias,3552283,NA,Valencia,1,1,NA,2020/02/14,2020/02/15,0,"9,3",90
Old Fisherman's House in Malvarrosa Beach,3618172,NA,Valencia,1,1,€ 480,2020/02/14,2020/02/15,0,"9,4",90
MD PASEO RUZAFA CENTER,5374850,NA,Valencia,1,1,€ 1.030,2020/02/14,2020/02/15,0,9,90
Habitación con cama doble,4794909,NA,Valencia,1,1,€ 41,2020/02/14,2020/02/15,0,"7,4",90
Murillo Apartment,408163,NA,Valencia,1,1,€ 44,2020/02/14,2020/02/15,0,7,90
Sampedor Apartment,435662,NA,Valencia,1,1,€ 49,2020/02/14,2020/02/15,0,"7,1",90
Eurostars Gran Valencia,90484,NA,Valencia,1,1,€ 71,2020/02/14,2020/02/15,4,"8,4",90
MD Modern Hotel - Jardines,305447,NA,Valencia,1,1,€ 71,2020/02/14,2020/02/15,1,"8,3",90
Apartamento luminoso y acogedor,3489126,NA,Valencia,1,1,NA,2020/02/14,2020/02/15,0,"9,4",90
Hotel Medium Valencia,96838,NA,Valencia,1,1,€ 72,2020/02/14,2020/02/15,4,"8,2",90
NH Collection Colón Valencia,3828811,NA,Valencia,1,1,€ 117,2020/02/14,2020/02/15,4,"9,1",90
Center Valencia,2944722,NA,Valencia,1,1,€ 117,2020/02/14,2020/02/15,0,"9,3",90
MD Design Hotel - Portal del Real,2391685,NA,Valencia,1,1,€ 117,2020/02/14,2020/02/15,2,"9,1",90
Habitacion PLaza Ayuntamiento,4365340,NA,Valencia,1,1,€ 50,2020/02/14,2020/02/15,0,"7,2",90
SKY TOURISTIC ATTIC,281640,NA,Valencia,1,1,€ 72,2020/02/14,2020/02/15,0,"8,4",90
Holiday Inn Express Ciudad de las Ciencias,96737,NA,Valencia,1,1,€ 72,2020/02/14,2020/02/15,3,8,90
Reina 12,1684198,NA,Valencia,1,1,€ 74,2020/02/14,2020/02/15,0,"8,2",90
NH Valencia Las Artes,90731,NA,Valencia,1,1,€ 74,2020/02/14,2020/02/15,4,"8,4",90
Hotel Dimar,90886,NA,Valencia,1,1,€ 99,2020/02/14,2020/02/15,4,"8,7",90
Vivaldi Center City,2791614,NA,Valencia,1,1,NA,2020/02/14,2020/02/15,0,"9,1",90
SH Valencia Palace,91497,NA,Valencia,1,1,€ 100,2020/02/14,2020/02/15,5,"8,5",90
One Shot Colón 46,1394168,NA,Valencia,1,1,€ 101,2020/02/14,2020/02/15,3,"8,7",90
Palau de Palomar,471283,NA,Valencia,1,1,€ 119,2020/02/14,2020/02/15,0,"9,1",90
Luxury Beach House,3602594,NA,Valencia,1,1,NA,2020/02/14,2020/02/15,0,"9,5",90
Apartamento en el centro de Valencia,4709659,NA,Valencia,1,1,€ 120,2020/02/14,2020/02/15,0,"9,1",90
Hulot B&B Valencia,585429,NA,Valencia,1,1,€ 68,2020/02/14,2020/02/15,0,"8,5",90
Soho Valencia,1538641,NA,Valencia,1,1,€ 70,2020/02/14,2020/02/15,0,"8,9",90
MÍ casa YOUR HOME,3328967,NA,Valencia,1,1,NA,2020/02/14,2020/02/15,0,"9,2",90
Burjassot Mestalla,3058627,NA,Valencia,1,1,€ 70,2020/02/14,2020/02/15,0,"8,6",90
Las Arenas Balneario Resort,91144,NA,Valencia,1,1,€ 153,2020/02/14,2020/02/15,5,9,90
Ruzzafa Codrut,3035322,NA,Valencia,1,1,NA,2020/02/14,2020/02/15,0,"9,2",90
Vincci Mercat,1279484,NA,Valencia,1,1,€ 158,2020/02/14,2020/02/15,4,9,90
Belchite,3232898,NA,Valencia,1,1,€ 159,2020/02/14,2020/02/15,0,"9,2",90
Melia Valencia,290493,NA,Valencia,1,1,€ 102,2020/02/14,2020/02/15,4,"8,8",90
Hotel El Siglo,1741479,NA,Valencia,1,1,€ 102,2020/02/14,2020/02/15,3,"8,5",90
Zenit Valencia,92327,NA,Valencia,1,1,€ 104,2020/02/14,2020/02/15,4,"8,8",90
Geography and Arts.,3569110,NA,Valencia,1,1,€ 60,2020/02/14,2020/02/15,0,"7,2",90
Apartment Horticultor Bosch,1148669,NA,Valencia,1,1,€ 60,2020/02/14,2020/02/15,0,"7,3",90
Bonaire Apartment,2966460,NA,Valencia,1,1,NA,2020/02/14,2020/02/15,0,"8,8",90
Hogar Dulce Hogar,5426607,NA,Valencia,1,1,€ 60,2020/02/14,2020/02/15,0,7,90
YOU & CO. Saler Beach Boutique,4533007,NA,Valencia,1,1,€ 70,2020/02/14,2020/02/15,3,"8,9",90
València Centre Torres de Quart,886289,NA,Valencia,1,1,€ 71,2020/02/14,2020/02/15,0,"8,9",90
Host & Home,1663785,NA,Valencia,1,1,€ 71,2020/02/14,2020/02/15,0,"8,9",90
Pensión Alicante,298710,NA,Valencia,1,1,€ 33,2020/02/14,2020/02/15,0,"8,5",90
Quart Youth Hostel,476418,NA,Valencia,1,1,€ 45,2020/02/14,2020/02/15,0,"8,6",90
Bright room with trundle bed,5560260,NA,Valencia,1,1,€ 46,2020/02/14,2020/02/15,0,"8,7",90
Hotel Malcom and Barret,483261,NA,Valencia,1,1,€ 72,2020/02/14,2020/02/15,3,"8,7",90
Citizentral Gascons,332095,NA,Valencia,1,1,€ 74,2020/02/14,2020/02/15,0,"8,8",90
Vivaldi Penthouse Ayuntamiento,1289561,NA,Valencia,1,1,NA,2020/02/14,2020/02/15,0,"9,2",90
OYO Pensión El Rincón,476031,NA,Valencia,1,1,€ 67,2020/02/14,2020/02/15,1,"7,4",90
Mi casa es vuestra casa,4967097,NA,Valencia,1,1,€ 70,2020/02/14,2020/02/15,0,"7,1",90
Cosy Rooms Embajador,369728,NA,Valencia,1,1,€ 74,2020/02/14,2020/02/15,2,"7,4",90
Cosy Rooms Bolsería,371606,NA,Valencia,1,1,€ 74,2020/02/14,2020/02/15,2,"7,4",90
Apartamentos Wallace,1698355,NA,Valencia,1,1,€ 120,2020/02/14,2020/02/15,0,"9,2",90
15 Avinguda Mare Nostrum,4518973,NA,Valencia,1,1,€ 120,2020/02/14,2020/02/15,0,"9,1",90
5 SENSES,3786890,NA,Valencia,1,1,€ 125,2020/02/14,2020/02/15,0,"9,2",90
One Shot Mercat 09,2274203,NA,Valencia,1,1,€ 127,2020/02/14,2020/02/15,4,"9,1",90
MYR Hotel Plaza Mercado & Spa,1619029,NA,Valencia,1,1,€ 164,2020/02/14,2020/02/15,4,"9,2",90
Mon Suites San Martin,2777545,NA,Valencia,1,1,€ 165,2020/02/14,2020/02/15,0,"9,4",90
Cozy apartment in Valencia center,3402135,NA,Valencia,1,1,€ 177,2020/02/14,2020/02/15,0,"9,1",90
Mediterranean Flats Plaza Redonda,4086496,NA,Valencia,1,1,€ 185,2020/02/14,2020/02/15,0,"9,2",90
Tramontana Apartments,1277215,NA,Valencia,1,1,NA,2020/02/14,2020/02/15,0,9,90
Melia Plaza Valencia,13270,NA,Valencia,1,1,€ 105,2020/02/14,2020/02/15,4,"8,9",90
Total Valencia White,2201908,NA,Valencia,1,1,NA,2020/02/14,2020/02/15,0,9,90
Valenciaflats Centro Histórico,94781,NA,Valencia,1,1,€ 106,2020/02/14,2020/02/15,0,"8,7",90
Bianca,4232781,NA,Valencia,1,1,€ 74,2020/02/14,2020/02/15,0,"8,9",90
AC Hotel Valencia,91063,NA,Valencia,1,1,€ 75,2020/02/14,2020/02/15,4,"8,5",90
Apartaments San Pio V,2456151,NA,Valencia,1,1,€ 75,2020/02/14,2020/02/15,0,"8,9",90
Valencia maritimo,3020748,NA,Valencia,1,1,€ 75,2020/02/14,2020/02/15,0,"8,8",90
NWT Central Station Valencia,1647017,NA,Valencia,1,1,€ 74,2020/02/14,2020/02/15,0,"7,1",90
SingularStays Plaza del Mercado,1755231,NA,Valencia,1,1,NA,2020/02/14,2020/02/15,0,"8,5",90
Almiserat,3054886,NA,Valencia,1,1,€ 80,2020/02/14,2020/02/15,0,"7,1",90
HOSTAL BED OF THE SEA,3974636,NA,Valencia,1,1,€ 81,2020/02/14,2020/02/15,0,"7,2",90
Casa del Patriarca,364834,NA,Valencia,1,1,€ 76,2020/02/14,2020/02/15,0,"8,9",90
Boutique Creative Rooms,2334726,NA,Valencia,1,1,€ 76,2020/02/14,2020/02/15,0,"8,8",90
Apartamentos Edificio Palomar,189277,NA,Valencia,1,1,NA,2020/02/14,2020/02/15,0,"9,2",90
Estrella de russafa,5352439,NA,Valencia,1,1,€ 50,2020/02/14,2020/02/15,0,"8,7",90
HQ Rooms Apartments San Vicente,2894429,NA,Valencia,1,1,NA,2020/02/14,2020/02/15,0,"9,2",90
Art&Flats Bed&Breakfast,5238345,NA,Valencia,1,1,€ 50,2020/02/14,2020/02/15,0,"8,8",90
Habitación en piso compartido,5433175,NA,Valencia,1,1,€ 50,2020/02/14,2020/02/15,0,"8,9",90
MARQUÉS HOUSE 4* SUP,2118880,NA,Valencia,1,1,€ 188,2020/02/14,2020/02/15,4,"9,4",90
Apartamento Playa Wifi Gratis,3495634,NA,Valencia,1,1,€ 190,2020/02/14,2020/02/15,0,"9,3",90
apartamento las torres-botanico,4694090,NA,Valencia,1,1,€ 191,2020/02/14,2020/02/15,0,9,90
Casual Vintage Valencia,1710241,NA,Valencia,1,1,€ 106,2020/02/14,2020/02/15,2,"8,6",90
Hotel Neptuno,91206,NA,Valencia,1,1,€ 108,2020/02/14,2020/02/15,4,"8,5",90
Lotelito,570027,NA,Valencia,1,1,€ 110,2020/02/14,2020/02/15,0,"8,9",90
Casa reformada Playa,3920401,NA,Valencia,1,1,€ 163,2020/02/14,2020/02/15,0,"8,4",90
NWT Central Station Apartments,3964093,NA,Valencia,1,1,€ 164,2020/02/14,2020/02/15,0,"8,2",90
Ruzafa,2726480,NA,Valencia,1,1,€ 110,2020/02/14,2020/02/15,0,"8,9",90
Loft Superior el Carmen,2784473,NA,Valencia,1,1,€ 197,2020/02/14,2020/02/15,0,"9,2",90
Caro Hotel,348132,NA,Valencia,1,1,€ 199,2020/02/14,2020/02/15,5,"9,2",90
UNIK. Apartments Valencia,2241282,NA,Valencia,1,1,€ 78,2020/02/14,2020/02/15,0,"8,5",90
Homestay Carrer Sagun,5006434,NA,Valencia,1,1,€ 80,2020/02/14,2020/02/15,0,"8,8",90
Big spacious penthouse next to the sea,3289648,NA,Valencia,1,1,€ 80,2020/02/14,2020/02/15,0,"8,8",90
Petit Palace Ruzafa,90792,NA,Valencia,1,1,€ 80,2020/02/14,2020/02/15,3,"8,7",90
Flats Friends Soho Suites,1819642,NA,Valencia,1,1,NA,2020/02/14,2020/02/15,0,"8,6",90
Loft el Carmen amazing views,4932621,NA,Valencia,1,1,€ 170,2020/02/14,2020/02/15,0,"8,1",90
Flatsforyou Bonaire,455152,NA,Valencia,1,1,€ 180,2020/02/14,2020/02/15,0,"8,4",90
Home Youth Hostel by Feetup Hostels,189322,NA,Valencia,1,1,€ 50,2020/02/14,2020/02/15,0,"8,8",90
Apartamentos Plaza Picasso,97063,NA,Valencia,1,1,€ 54,2020/02/14,2020/02/15,0,"8,5",90
Russafa Youth Hostel,345134,NA,Valencia,1,1,€ 55,2020/02/14,2020/02/15,0,"8,6",90
Sercotel Sorolla Palace,93646,NA,Valencia,1,1,€ 80,2020/02/14,2020/02/15,4,"8,6",90
B&B Hi Valencia Boutique,1301725,NA,Valencia,1,1,€ 81,2020/02/14,2020/02/15,0,"8,7",90
Sorolla Centro,90896,NA,Valencia,1,1,NA,2020/02/14,2020/02/15,3,"9,1",90
Guest House Samuel Ros,4161855,NA,Valencia,1,1,€ 90,2020/02/14,2020/02/15,0,"7,2",90
Plaza Redonda house.,4399973,NA,Valencia,1,1,€ 150,2020/02/14,2020/02/15,0,"7,4",90
Select Home Catedral,440778,NA,Valencia,1,1,€ 170,2020/02/14,2020/02/15,0,"7,1",90
Zerka Centro,4425975,NA,Valencia,1,1,€ 199,2020/02/14,2020/02/15,0,"8,4",90
UP Hostel Valencia,1710137,NA,Valencia,1,1,€ 20,2020/02/14,2020/02/15,0,"7,7",90
Masatepe Room Valencia,5687127,NA,Valencia,1,1,€ 30,2020/02/14,2020/02/15,0,"7,9",90
El Palacete Gran Via,3483148,NA,Valencia,1,1,€ 83,2020/02/14,2020/02/15,0,"8,7",90
Hotel Valencia Oceanic Managed by Melia Hotels International,91522,NA,Valencia,1,1,€ 84,2020/02/14,2020/02/15,4,"8,6",90
Turia Burjassot 12,3237353,NA,Valencia,1,1,€ 85,2020/02/14,2020/02/15,0,"8,9",90
Barceló Valencia,91988,NA,Valencia,1,1,€ 86,2020/02/14,2020/02/15,4,"8,7",90
Blanq Carmen Hotel,97069,NA,Valencia,1,1,€ 86,2020/02/14,2020/02/15,3,"8,7",90
Pensión Universal,304276,NA,Valencia,1,1,€ 32,2020/02/14,2020/02/15,0,"7,9",90
SingularStays Mar44,1002060,NA,Valencia,1,1,NA,2020/02/14,2020/02/15,0,"8,7",90
Hostal On Dormire Valencia,432305,NA,Valencia,1,1,€ 35,2020/02/14,2020/02/15,0,"7,8",90
Habitación Céntrica en Casa de Familia,4289877,NA,Valencia,1,1,€ 35,2020/02/14,2020/02/15,0,"7,7",90
Valencia City Host,1177077,NA,Valencia,1,1,€ 37,2020/02/14,2020/02/15,0,"7,7",90
Reina Rooms,4211140,NA,Valencia,1,1,€ 55,2020/02/14,2020/02/15,0,"8,9",90
Apartments Abate 4,2848648,NA,Valencia,1,1,NA,2020/02/14,2020/02/15,0,"9,1",90
Balcón Al Mar,295109,NA,Valencia,1,1,€ 56,2020/02/14,2020/02/15,0,"8,5",90
Best Valencia Beach Flat,3246772,NA,Valencia,1,1,€ 190,2020/02/14,2020/02/15,0,"7,1",90
Victoria Site @ Mercat Central,1958462,NA,Valencia,1,1,NA,2020/02/14,2020/02/15,0,"8,6",90
Helle & ruhige Zimmer nähe Strand,5698199,NA,Valencia,1,1,€ 34,2020/02/14,2020/02/15,0,"6,8",90
Ruzafa Rooms,2891693,NA,Valencia,1,1,€ 36,2020/02/14,2020/02/15,0,"6,9",90
Zalamera BnB,1331238,NA,Valencia,1,1,€ 56,2020/02/14,2020/02/15,0,"8,7",90
Luz de Valencia,2076095,NA,Valencia,1,1,€ 59,2020/02/14,2020/02/15,0,"8,8",90
Pio XII Apartments Valencia,402080,NA,Valencia,1,1,€ 64,2020/02/14,2020/02/15,0,"8,5",90
Habitacion por dias Centro Valencia,3977106,NA,Valencia,1,1,€ 40,2020/02/14,2020/02/15,0,"7,8",90
Hostal Moratin,326015,NA,Valencia,1,1,€ 40,2020/02/14,2020/02/15,1,"7,8",90
Voyagers Inn Homestay,2682156,NA,Valencia,1,1,€ 45,2020/02/14,2020/02/15,0,"7,7",90
Sunrise Apartments,640409,NA,Valencia,1,1,NA,2020/02/14,2020/02/15,0,"8,9",90
PISO ACOGEDOR,4995780,NA,Valencia,1,1,€ 50,2020/02/14,2020/02/15,0,"6,8",90
Malvarrosa Beach Rooms,314048,NA,Valencia,1,1,€ 60,2020/02/14,2020/02/15,2,"6,9",90
Nice and Quite apartment,5098362,NA,Valencia,1,1,€ 85,2020/02/14,2020/02/15,0,"6,6",90
Hotel Olympia Universidades,1301731,NA,Valencia,1,1,€ 65,2020/02/14,2020/02/15,3,"8,5",90
Alejandro y Renate,3111488,NA,Valencia,1,1,€ 65,2020/02/14,2020/02/15,0,"8,7",90
Una Ubicacion Perfecta,3114164,NA,Valencia,1,1,NA,2020/02/14,2020/02/15,0,"9,2",90
Living Valencia - Patacona Beach 56,3718985,NA,Valencia,1,1,€ 66,2020/02/14,2020/02/15,0,"8,8",90
Ad Hoc Carmen,1173270,NA,Valencia,1,1,€ 66,2020/02/14,2020/02/15,2,"8,9",90
València Centre Túria,2185255,NA,Valencia,1,1,€ 66,2020/02/14,2020/02/15,0,"8,8",90
ABCyou Bed&Breakfast,189207,NA,Valencia,1,1,€ 66,2020/02/14,2020/02/15,0,"8,5",90
Casita Esmeralda,2040126,NA,Valencia,1,1,€ 114,2020/02/14,2020/02/15,0,"6,6",90
Sivera-Centro Apartment,4642814,NA,Valencia,1,1,NA,2020/02/14,2020/02/15,0,"8,7",90
Habitación San Cayetano,4624401,NA,Valencia,1,1,€ 45,2020/02/14,2020/02/15,0,"7,5",90
Casual Civilizaciones Valencia,449777,NA,Valencia,1,1,€ 50,2020/02/14,2020/02/15,0,"7,9",90
Fun and Sun Center 2,2944416,NA,Valencia,1,1,€ 31,2020/02/14,2020/02/15,0,6,90
Premium Partner Promotion !! Extraordinary Floor 2 Rooms City Center Promocio,4316256,NA,Valencia,1,1,€ 185,2020/02/14,2020/02/15,0,"6,1",90
Valencia Home,1638498,NA,Valencia,1,1,€ 67,2020/02/14,2020/02/15,0,"8,9",90
Ruzafa Guesthouse,2269176,NA,Valencia,1,1,€ 32,2020/02/14,2020/02/15,0,"5,5",90
Guest House Ruzafa,2324552,NA,Valencia,1,1,€ 33,2020/02/14,2020/02/15,0,"5,1",90
Guest House Torres de Quart,2275006,NA,Valencia,1,1,€ 34,2020/02/14,2020/02/15,0,"5,2",90
Rooms Aventura,5567318,NA,Valencia,1,1,€ 50,2020/02/14,2020/02/15,0,"7,9",90
Habitacion Apartamento soleado Plaza Escultor Frechina,4865043,NA,Valencia,1,1,€ 50,2020/02/14,2020/02/15,0,"7,7",90
Habitaciones Rusafa,5604325,NA,Valencia,1,1,€ 50,2020/02/14,2020/02/15,0,"7,6",90
Casual de la Música Valencia,273130,NA,Valencia,1,1,€ 50,2020/02/14,2020/02/15,2,"7,5",90
Apartments Trinitarios,364825,NA,Valencia,1,1,NA,2020/02/14,2020/02/15,0,"8,9",90
Como en casa,4802186,NA,Valencia,1,1,€ 54,2020/02/14,2020/02/15,0,"7,9",90
Peset Silence,3698967,NA,Valencia,1,1,€ 55,2020/02/14,2020/02/15,0,"7,5",90
Expo Hotel Valencia,91223,NA,Valencia,1,1,€ 55,2020/02/14,2020/02/15,3,"7,6",90
B&B Hotel Valencia Ciudad de las Ciencias,92242,NA,Valencia,1,1,€ 56,2020/02/14,2020/02/15,3,"7,5",90
Valencia Lounge Hostel,337203,NA,Valencia,1,1,€ 56,2020/02/14,2020/02/15,0,"7,7",90
New Trendy apartment,2426154,NA,Valencia,1,1,€ 110,2020/02/14,2020/02/15,0,"8,6",90
SH Ingles Boutique Hotel,92956,NA,Valencia,1,1,€ 120,2020/02/14,2020/02/15,4,"8,5",90
Center City Flats,861452,NA,Valencia,1,1,NA,2020/02/14,2020/02/15,0,9,90
Catalonia Excelsior,90578,NA,Valencia,1,1,€ 120,2020/02/14,2020/02/15,3,"8,7",90
Hotel San Lorenzo Boutique,1307718,NA,Valencia,1,1,€ 122,2020/02/14,2020/02/15,3,"8,6",90
One Shot Palacio Reina Victoria 04,90885,NA,Valencia,1,1,€ 127,2020/02/14,2020/02/15,4,"8,6",90
Apartamentos Valencia - Brazil 31 Free WiFi,4948554,NA,Valencia,1,1,€ 128,2020/02/14,2020/02/15,0,"8,7",90
ApartUP Patacona Beach I,1712452,NA,Valencia,1,1,€ 130,2020/02/14,2020/02/15,0,"8,8",90
Dr Lluch,4758818,NA,Valencia,1,1,€ 135,2020/02/14,2020/02/15,0,"8,5",90
Apartamento bianca,3205847,NA,Valencia,1,1,NA,2020/02/14,2020/02/15,0,"9,1",90
Hi Valencia Cánovas,4312120,NA,Valencia,1,1,€ 137,2020/02/14,2020/02/15,0,"8,8",90
Vincci Palace,94163,NA,Valencia,1,1,€ 141,2020/02/14,2020/02/15,4,"8,7",90
Mar & City Apartment,3456759,NA,Valencia,1,1,€ 143,2020/02/14,2020/02/15,0,"8,9",90
Flatsforyou Sorolla House,403442,NA,Valencia,1,1,€ 150,2020/02/14,2020/02/15,0,"8,6",90
Puerta de Serranos,2734333,NA,Valencia,1,1,€ 153,2020/02/14,2020/02/15,0,"8,9",90
ValentiaApartments - MercadoCentral,4185241,NA,Valencia,1,1,€ 169,2020/02/14,2020/02/15,0,"8,8",90
Hogar Vera Apartments&Bikes,1807919,NA,Valencia,1,1,NA,2020/02/14,2020/02/15,0,"9,3",90
Hospes Palau de La Mar,93823,NA,Valencia,1,1,€ 170,2020/02/14,2020/02/15,5,"8,8",90
Vincci Lys,91183,NA,Valencia,1,1,€ 174,2020/02/14,2020/02/15,4,"8,9",90
Vlc Apartaments el Carmen,389902,NA,Valencia,1,1,€ 187,2020/02/14,2020/02/15,0,"8,5",90
Edificio Pentagono,4673669,NA,Valencia,1,1,€ 195,2020/02/14,2020/02/15,0,"8,9",90
Ilunion Aqua 4,92777,NA,Valencia,1,1,€ 204,2020/02/14,2020/02/15,4,"8,6",90
Enjoy Flat Valencia,3991548,NA,Valencia,1,1,€ 205,2020/02/14,2020/02/15,0,"8,6",90
better Oh!,4843954,NA,Valencia,1,1,NA,2020/02/14,2020/02/15,0,"9,1",90
Canela`s Vintage Ruzafa Centro,4652584,NA,Valencia,1,1,€ 225,2020/02/14,2020/02/15,0,"8,5",90
Carlos & Ana,2079019,NA,Valencia,1,1,€ 225,2020/02/14,2020/02/15,0,"8,9",90
Zerka Sendra,4657122,NA,Valencia,1,1,€ 309,2020/02/14,2020/02/15,0,"8,9",90
The Westin Valencia,93321,NA,Valencia,1,1,€ 396,2020/02/14,2020/02/15,5,"8,7",90
Center Valencia Youth Hostel,246931,NA,Valencia,1,1,€ 30,2020/02/14,2020/02/15,0,8,90
