name,propertyId,propertyType,city,rooms,days,price,checkIn,checkOut,stars,score,advance
Loft Turia Gran,5133726,NA,Valencia,1,1,€ 105,2019/12/07,2019/12/08,0,,14
EL ATICO,5680427,NA,Valencia,1,1,€ 107,2019/12/07,2019/12/08,0,,14
Apartamento Tiziano,1528645,NA,Valencia,1,1,NA,2019/12/07,2019/12/08,0,"9,6",14
CASA MARQUES DE CARO,4472176,NA,Valencia,1,1,€ 121,2019/12/07,2019/12/08,0,,14
PALACIO VALLIER 5*,4639648,NA,Valencia,1,1,€ 150,2019/12/07,2019/12/08,5,,14
The White Apartment: Luxury- Beach and Design,5631365,NA,Valencia,1,1,€ 167,2019/12/07,2019/12/08,0,,14
Apartment Passeig de la Petxina,5695771,NA,Valencia,1,1,€ 195,2019/12/07,2019/12/08,0,,14
Apartment Carrer Ernesto Che Guevara,5598848,NA,Valencia,1,1,€ 211,2019/12/07,2019/12/08,0,,14
Turia Guesthouse - B&B,2884427,NA,Valencia,1,1,€ 265,2019/12/07,2019/12/08,0,,14
JL Ciudad de las Artes,3074378,NA,Valencia,1,1,NA,2019/12/07,2019/12/08,0,"9,6",14
Apartment Carrer de Don Juan de Austria,5464038,NA,Valencia,1,1,€ 279,2019/12/07,2019/12/08,0,,14
Apartamento de lujo con terraza,5240138,NA,Valencia,1,1,€ 770,2019/12/07,2019/12/08,0,,14
Apartamento con terraza,5238122,NA,Valencia,1,1,€ 775,2019/12/07,2019/12/08,0,,14
Hotel Turia,14441,NA,Valencia,1,1,€ 75,2019/12/07,2019/12/08,4,"7,5",14
SEA YOU HOTEL PORT VALENCIA,92328,NA,Valencia,1,1,€ 87,2019/12/07,2019/12/08,4,"7,7",14
Ambrosio Flats Valencia - El Mercat,3131649,NA,Valencia,1,1,NA,2019/12/07,2019/12/08,0,"9,5",14
Checkin Valencia,93743,NA,Valencia,1,1,€ 89,2019/12/07,2019/12/08,4,"7,8",14
Casual Civilizaciones Valencia,449777,NA,Valencia,1,1,€ 90,2019/12/07,2019/12/08,0,"7,9",14
B&B Hotel Valencia Ciudad de las Ciencias,92242,NA,Valencia,1,1,€ 92,2019/12/07,2019/12/08,3,"7,5",14
Ilunion Valencia 3,92818,NA,Valencia,1,1,€ 93,2019/12/07,2019/12/08,3,"7,9",14
Expo Hotel Valencia,91223,NA,Valencia,1,1,€ 105,2019/12/07,2019/12/08,3,"7,6",14
El 16 Ruzafa,865461,NA,Valencia,1,1,€ 169,2019/12/07,2019/12/08,0,"7,7",14
Ayuntamiento Panoramic,3089239,NA,Valencia,1,1,NA,2019/12/07,2019/12/08,0,"9,5",14
Like Apartments Negrito,403555,NA,Valencia,1,1,€ 170,2019/12/07,2019/12/08,0,"7,8",14
Musico Peydro Apartments,3765069,NA,Valencia,1,1,€ 327,2019/12/07,2019/12/08,0,"7,9",14
MD Benlliure Beach.,1957258,NA,Valencia,1,1,€ 407,2019/12/07,2019/12/08,0,"7,8",14
Zen House,3671621,NA,Valencia,1,1,€ 39,2019/12/07,2019/12/08,0,"7,1",14
Habitación con cama doble,4794909,NA,Valencia,1,1,€ 41,2019/12/07,2019/12/08,0,"7,4",14
Geography and Arts.,3569110,NA,Valencia,1,1,€ 42,2019/12/07,2019/12/08,0,"7,2",14
Apartamento,3139431,NA,Valencia,1,1,NA,2019/12/07,2019/12/08,0,"9,5",14
Habitación San Cayetano,4624401,NA,Valencia,1,1,€ 45,2019/12/07,2019/12/08,0,"7,4",14
Hogar Dulce Hogar,5426607,NA,Valencia,1,1,€ 60,2019/12/07,2019/12/08,0,7,14
La Flamenca,818359,NA,Valencia,1,1,€ 65,2019/12/07,2019/12/08,0,"7,2",14
Mi casa es vuestra casa,4967097,NA,Valencia,1,1,€ 70,2019/12/07,2019/12/08,0,"7,1",14
Eurostars Rey Don Jaime,91520,NA,Valencia,1,1,NA,2019/12/07,2019/12/08,4,"8,2",14
Hotel Valencia Center,91285,NA,Valencia,1,1,NA,2019/12/07,2019/12/08,4,"8,4",14
Atico Loft Ruzafa,3152977,NA,Valencia,1,1,NA,2019/12/07,2019/12/08,0,"9,6",14
Senator Parque Central Hotel,274963,NA,Valencia,1,1,NA,2019/12/07,2019/12/08,4,"8,1",14
NWT Central Station Valencia,1647017,NA,Valencia,1,1,€ 74,2019/12/07,2019/12/08,0,"7,1",14
Centro Valencia Calle Cerrajeros,3476261,NA,Valencia,1,1,€ 80,2019/12/07,2019/12/08,0,"7,1",14
Sweet Hotel Renasa,274818,NA,Valencia,1,1,NA,2019/12/07,2019/12/08,3,8,14
Ilunion Aqua 3,92776,NA,Valencia,1,1,NA,2019/12/07,2019/12/08,3,"8,3",14
NH Valencia Las Ciencias,90725,NA,Valencia,1,1,NA,2019/12/07,2019/12/08,3,8,14
Residencia Universitaria Damia Bonet,247451,NA,Valencia,1,1,€ 115,2019/12/07,2019/12/08,0,"8,3",14
Hotel Medium Valencia,96838,NA,Valencia,1,1,NA,2019/12/07,2019/12/08,4,"8,2",14
Ambrosio Flats Valencia - El Carmen,2401127,NA,Valencia,1,1,NA,2019/12/07,2019/12/08,0,"9,5",14
Guest House Samuel Ros,4161855,NA,Valencia,1,1,€ 90,2019/12/07,2019/12/08,0,"7,2",14
OYO Pensión El Rincón,476031,NA,Valencia,1,1,€ 96,2019/12/07,2019/12/08,1,"7,4",14
Living Valencia Arenas Beach,1078142,NA,Valencia,1,1,€ 129,2019/12/07,2019/12/08,0,"7,3",14
El Corazon de Canovas,2634817,NA,Valencia,1,1,NA,2019/12/07,2019/12/08,0,"9,5",14
Eurostars Gran Valencia,90484,NA,Valencia,1,1,NA,2019/12/07,2019/12/08,4,"8,4",14
HOSTAL BED OF THE SEA,3974636,NA,Valencia,1,1,€ 140,2019/12/07,2019/12/08,0,"7,1",14
Best Valencia Beach Flat,3246772,NA,Valencia,1,1,€ 190,2019/12/07,2019/12/08,0,7,14
United Colors of Apartments - Catedral,1301545,NA,Valencia,1,1,€ 154,2019/12/07,2019/12/08,0,"8,2",14
Hotel Conqueridor,91047,NA,Valencia,1,1,NA,2019/12/07,2019/12/08,4,"8,4",14
NWT Central Station Apartments,3964093,NA,Valencia,1,1,€ 199,2019/12/07,2019/12/08,0,"8,2",14
UP Hostel Valencia,1710137,NA,Valencia,1,1,€ 28,2019/12/07,2019/12/08,0,"7,7",14
Rooms Aventura,5567318,NA,Valencia,1,1,€ 40,2019/12/07,2019/12/08,0,"7,8",14
Valencia center,3168460,NA,Valencia,1,1,NA,2019/12/07,2019/12/08,0,"9,8",14
HOSPEDAJE PESET,4718074,NA,Valencia,1,1,€ 40,2019/12/07,2019/12/08,0,"7,5",14
Valencia City Host,1177077,NA,Valencia,1,1,€ 41,2019/12/07,2019/12/08,0,"7,7",14
Voyagers Inn Homestay,2682156,NA,Valencia,1,1,€ 45,2019/12/07,2019/12/08,0,"7,7",14
Como en casa,4802186,NA,Valencia,1,1,€ 54,2019/12/07,2019/12/08,0,"7,9",14
Valero Vintage,3315727,NA,Valencia,1,1,€ 55,2019/12/07,2019/12/08,0,"7,8",14
Habitacion por dias Centro Valencia,3977106,NA,Valencia,1,1,€ 55,2019/12/07,2019/12/08,0,"7,7",14
Piso en La Ciudad de Artes,3832790,NA,Valencia,1,1,NA,2019/12/07,2019/12/08,0,"9,7",14
Valencia Lounge Hostel,337203,NA,Valencia,1,1,€ 60,2019/12/07,2019/12/08,0,"7,7",14
Hostal Moratin,326015,NA,Valencia,1,1,NA,2019/12/07,2019/12/08,1,"7,8",14
Hotel Beleret,94652,NA,Valencia,1,1,NA,2019/12/07,2019/12/08,3,"7,7",14
MD Puerto Rico Apartment Ruzafa,3737151,NA,Valencia,1,1,€ 407,2019/12/07,2019/12/08,0,"7,4",14
Guest House Lebon,3124256,NA,Valencia,1,1,€ 60,2019/12/07,2019/12/08,0,"6,7",14
Rooms Valencia Center,5507857,NA,Valencia,1,1,€ 64,2019/12/07,2019/12/08,0,"7,8",14
Habitaciones Rusafa,5604325,NA,Valencia,1,1,€ 70,2019/12/07,2019/12/08,0,"7,5",14
Apartamento Bolseria 28,881275,NA,Valencia,1,1,NA,2019/12/07,2019/12/08,0,"9,5",14
Casita Esmeralda,2040126,NA,Valencia,1,1,€ 114,2019/12/07,2019/12/08,0,"6,5",14
Premium Apartments,486507,NA,Valencia,1,1,€ 159,2019/12/07,2019/12/08,0,"6,9",14
Dreams Rental City Hall,337092,NA,Valencia,1,1,€ 280,2019/12/07,2019/12/08,0,"6,5",14
Fun and Sun Center 2,2944416,NA,Valencia,1,1,€ 31,2019/12/07,2019/12/08,0,6,14
Guest House Higinio Noja,2845935,NA,Valencia,1,1,€ 60,2019/12/07,2019/12/08,0,6,14
Ruzafa Guesthouse,2269176,NA,Valencia,1,1,€ 37,2019/12/07,2019/12/08,0,"5,5",14
Hexagonal Design Apartment Valencia,4630643,NA,Valencia,1,1,NA,2019/12/07,2019/12/08,0,"9,5",14
Carrer del Bisbe Jaume Pérez,4900140,NA,Valencia,1,1,€ 60,2019/12/07,2019/12/08,0,"5,9",14
RoomTuristValencia Estacion del Norte,4682632,NA,Valencia,1,1,€ 38,2019/12/07,2019/12/08,0,5,14
Gon & Diego House,4899561,NA,Valencia,1,1,€ 40,2019/12/07,2019/12/08,0,"5,3",14
Guest House Torres de Quart,2275006,NA,Valencia,1,1,€ 50,2019/12/07,2019/12/08,0,"5,1",14
Oliver,4865093,NA,Valencia,1,1,€ 63,2019/12/07,2019/12/08,0,"5,4",14
Port of Valencia,3805735,NA,Valencia,1,1,€ 120,2019/12/07,2019/12/08,0,5,14
Carmen Apartment,3308265,NA,Valencia,1,1,NA,2019/12/07,2019/12/08,0,"9,6",14
Malvarosa,3820590,NA,Valencia,1,1,€ 190,2019/12/07,2019/12/08,0,"3,8",14
VALENCIA HABITACION TRIPLE CENTRICA- CON DESAYUNO Y PISCINA,5856873,NA,Valencia,1,1,€ 40,2019/12/07,2019/12/08,0,,14
Ciudade de Las Artes,5681064,NA,Valencia,1,1,€ 50,2019/12/07,2019/12/08,0,,14
Habitacion doble en piso compartido,5645604,NA,Valencia,1,1,€ 51,2019/12/07,2019/12/08,0,,14
Valencia- habitacion,5366858,NA,Valencia,1,1,€ 60,2019/12/07,2019/12/08,0,,14
vosotros sereis parte de mi familia.,5299568,NA,Valencia,1,1,€ 65,2019/12/07,2019/12/08,0,,14
Cool Central Market,3424724,NA,Valencia,1,1,NA,2019/12/07,2019/12/08,0,"9,8",14
Minimalist room with balcony.FREE bikes & coffee 1,5776697,NA,Valencia,1,1,€ 65,2019/12/07,2019/12/08,0,,14
71 Carrer de Democracia,4323486,NA,Valencia,1,1,€ 75,2019/12/07,2019/12/08,0,,14
Apartamentos Aventura,5825870,NA,Valencia,1,1,€ 80,2019/12/07,2019/12/08,0,,14
Hotel El Siglo,1741479,NA,Valencia,1,1,€ 119,2019/12/07,2019/12/08,3,"8,5",14
Casa Adosada Quintero,5481770,NA,Valencia,1,1,€ 121,2019/12/07,2019/12/08,0,"8,8",14
La Casa Verde - Ruzafa,2029143,NA,Valencia,1,1,NA,2019/12/07,2019/12/08,0,"9,7",14
Ilunion Aqua 4,92777,NA,Valencia,1,1,€ 121,2019/12/07,2019/12/08,4,"8,6",14
Hotel Malcom and Barret,483261,NA,Valencia,1,1,€ 122,2019/12/07,2019/12/08,3,"8,7",14
València Centre Túria,2185255,NA,Valencia,1,1,€ 123,2019/12/07,2019/12/08,0,"8,8",14
Apartamentos Navío,5647176,NA,Valencia,1,1,€ 68,2019/12/07,2019/12/08,0,"9,5",14
Aparment Canarias,3753027,NA,Valencia,1,1,€ 99,2019/12/07,2019/12/08,0,,14
Loft en Ruzafa,5739487,NA,Valencia,1,1,€ 102,2019/12/07,2019/12/08,0,,14
Bubuflats Bubu 3,1014334,NA,Valencia,1,1,€ 130,2019/12/07,2019/12/08,0,"9,5",14
MerKat-Abastos,1231196,NA,Valencia,1,1,NA,2019/12/07,2019/12/08,0,"9,6",14
Hotel Cosmo,4838858,NA,Valencia,1,1,NA,2019/12/07,2019/12/08,3,"9,7",14
València Centre Torres de Quart,886289,NA,Valencia,1,1,€ 124,2019/12/07,2019/12/08,0,"8,9",14
SH Valencia Palace,91497,NA,Valencia,1,1,€ 125,2019/12/07,2019/12/08,5,"8,5",14
Disfruta - Enjoy Valencia Centre,3881970,NA,Valencia,1,1,€ 199,2019/12/07,2019/12/08,0,"9,8",14
Ramirez Flats & Bar,4124528,NA,Valencia,1,1,€ 203,2019/12/07,2019/12/08,0,"9,5",14
Disfruta - Enjoy Valencia Oceanografic,4121345,NA,Valencia,1,1,€ 229,2019/12/07,2019/12/08,0,"9,6",14
Disfruta - Enjoy Valencia Ayuntamiento,4901194,NA,Valencia,1,1,€ 229,2019/12/07,2019/12/08,0,"9,7",14
BUBUFLATS / Mercat,783206,NA,Valencia,1,1,€ 125,2019/12/07,2019/12/08,0,"8,9",14
Opera House Valencia B&B,3533887,NA,Valencia,1,1,NA,2019/12/07,2019/12/08,0,"9,5",14
Cantagua Hostel,4074640,NA,Valencia,1,1,€ 46,2019/12/07,2019/12/08,0,"9,1",14
APARTAMENTO DE DISEÑO EN PLAZA MANISES,2823390,NA,Valencia,1,1,NA,2019/12/07,2019/12/08,0,"9,7",14
MD Design Hotel - Portal del Real,2391685,NA,Valencia,1,1,NA,2019/12/07,2019/12/08,2,"9,1",14
Citizentral Gascons,332095,NA,Valencia,1,1,€ 126,2019/12/07,2019/12/08,0,"8,8",14
Apartamentos Plaza Picasso,97063,NA,Valencia,1,1,€ 129,2019/12/07,2019/12/08,0,"8,5",14
Valencian Dreams,3268804,NA,Valencia,1,1,€ 107,2019/12/07,2019/12/08,0,"9,3",14
Kasa Katia Eco Guest House,636256,NA,Valencia,1,1,€ 110,2019/12/07,2019/12/08,0,"9,3",14
Catalonia Excelsior,90578,NA,Valencia,1,1,€ 130,2019/12/07,2019/12/08,3,"8,7",14
APARTAMENTO CENTRO- RUZAFA. WI-FI. PARKING,3144104,NA,Valencia,1,1,€ 120,2019/12/07,2019/12/08,0,"9,3",14
Valencia-Ruzafa Studio,3235983,NA,Valencia,1,1,€ 120,2019/12/07,2019/12/08,0,"9,1",14
Mon Suites Catedral,485679,NA,Valencia,1,1,€ 125,2019/12/07,2019/12/08,0,"9,2",14
Apartamento Comedias,2236348,NA,Valencia,1,1,NA,2019/12/07,2019/12/08,0,"9,7",14
BUBUSUITES by Bubuflats,2389776,NA,Valencia,1,1,€ 130,2019/12/07,2019/12/08,0,"9,3",14
Las Arenas Balneario Resort,91144,NA,Valencia,1,1,NA,2019/12/07,2019/12/08,5,9,14
B BEACH VALENCIA,5125954,NA,Valencia,1,1,€ 150,2019/12/07,2019/12/08,0,9,14
BUBUFLATS Mossén,1141763,NA,Valencia,1,1,€ 130,2019/12/07,2019/12/08,0,"8,8",14
AC Hotel Colon Valencia,1117150,NA,Valencia,1,1,€ 131,2019/12/07,2019/12/08,4,"8,7",14
Rooms Ciencias,94126,NA,Valencia,1,1,€ 158,2019/12/07,2019/12/08,0,9,14
Apartamentos La más Bonita,2816245,NA,Valencia,1,1,€ 158,2019/12/07,2019/12/08,0,9,14
Hotel Valencia Oceanic Managed by Melia Hotels International,91522,NA,Valencia,1,1,€ 135,2019/12/07,2019/12/08,4,"8,6",14
Central Park Apartment Valencia,3881533,NA,Valencia,1,1,NA,2019/12/07,2019/12/08,0,"9,5",14
One Shot Palacio Reina Victoria 04,90885,NA,Valencia,1,1,NA,2019/12/07,2019/12/08,4,"8,6",14
Hotel Kramer,91106,NA,Valencia,1,1,€ 135,2019/12/07,2019/12/08,3,"8,8",14
El Palacete Gran Via,3483148,NA,Valencia,1,1,€ 139,2019/12/07,2019/12/08,0,"8,7",14
Vincci Lys,91183,NA,Valencia,1,1,NA,2019/12/07,2019/12/08,4,"8,9",14
Valencia Just in the Middle,2965508,NA,Valencia,1,1,NA,2019/12/07,2019/12/08,0,"9,8",14
Melia Plaza Valencia,13270,NA,Valencia,1,1,NA,2019/12/07,2019/12/08,4,"8,9",14
Casual Vintage Valencia,1710241,NA,Valencia,1,1,NA,2019/12/07,2019/12/08,2,"8,6",14
Blanq Carmen Hotel,97069,NA,Valencia,1,1,€ 141,2019/12/07,2019/12/08,3,"8,7",14
Zenit Valencia,92327,NA,Valencia,1,1,€ 144,2019/12/07,2019/12/08,4,"8,8",14
OCEANOGRAFIC APARTMENT. PARKING. WI-FI,3107716,NA,Valencia,1,1,€ 170,2019/12/07,2019/12/08,0,9,14
Apartment Sofi,2830696,NA,Valencia,1,1,NA,2019/12/07,2019/12/08,0,"9,8",14
Soho Valencia,1538641,NA,Valencia,1,1,€ 149,2019/12/07,2019/12/08,0,"8,9",14
Hotel San Lorenzo Boutique,1307718,NA,Valencia,1,1,NA,2019/12/07,2019/12/08,3,"8,6",14
Petit Palace Plaza de la Reina,90443,NA,Valencia,1,1,NA,2019/12/07,2019/12/08,3,"8,7",14
Urban Youth Hostel,1163025,NA,Valencia,1,1,€ 23,2019/12/07,2019/12/08,0,"8,4",14
Center Valencia Youth Hostel,246931,NA,Valencia,1,1,€ 16,2019/12/07,2019/12/08,0,8,14
Apartamento Forn dels Apòstols,3122008,NA,Valencia,1,1,NA,2019/12/07,2019/12/08,0,"9,6",14
Citizentral Juristas,1113127,NA,Valencia,1,1,€ 171,2019/12/07,2019/12/08,0,"9,2",14
Valenciaflats Centro Ciudad,18544,NA,Valencia,1,1,€ 175,2019/12/07,2019/12/08,0,"9,2",14
Habitacion en Valencia Barata,4861796,NA,Valencia,1,1,€ 40,2019/12/07,2019/12/08,0,"8,2",14
Habitacion en Valencia,4861732,NA,Valencia,1,1,€ 45,2019/12/07,2019/12/08,0,"8,2",14
Mediterranean Flats Plaza Redonda,4086496,NA,Valencia,1,1,€ 175,2019/12/07,2019/12/08,0,"9,2",14
One Shot Mercat 09,2274203,NA,Valencia,1,1,NA,2019/12/07,2019/12/08,4,"9,1",14
Cathedral Suites Hotel,1736257,NA,Valencia,1,1,€ 149,2019/12/07,2019/12/08,4,"8,9",14
Port Valencia Center,5259971,NA,Valencia,1,1,NA,2019/12/07,2019/12/08,0,"9,8",14
Red Nest Hostel,92283,NA,Valencia,1,1,€ 46,2019/12/07,2019/12/08,0,"8,2",14
Casa Mati,4217185,NA,Valencia,1,1,€ 50,2019/12/07,2019/12/08,0,"8,2",14
Habitaciones con Encanto,5629632,NA,Valencia,1,1,€ 50,2019/12/07,2019/12/08,0,"8,1",14
Pension MonaLisa Luxury Suites,3834224,NA,Valencia,1,1,€ 56,2019/12/07,2019/12/08,0,"8,2",14
Apartamento Playa Wifi Gratis,3495634,NA,Valencia,1,1,€ 190,2019/12/07,2019/12/08,0,"9,3",14
Hospes Palau de La Mar,93823,NA,Valencia,1,1,€ 162,2019/12/07,2019/12/08,5,"8,8",14
Vincci Palace,94163,NA,Valencia,1,1,€ 165,2019/12/07,2019/12/08,4,"8,7",14
Apartamento Frederick “Centrico y con Clase”,4236394,NA,Valencia,1,1,NA,2019/12/07,2019/12/08,0,"9,6",14
Sol Playa,12656,NA,Valencia,1,1,NA,2019/12/07,2019/12/08,2,"8,3",14
Lotelito,570027,NA,Valencia,1,1,€ 166,2019/12/07,2019/12/08,0,"8,9",14
The Westin Valencia,93321,NA,Valencia,1,1,€ 173,2019/12/07,2019/12/08,5,"8,7",14
Albergue Juvenil Colegio Mayor Galileo Galilei,253103,NA,Valencia,1,1,€ 65,2019/12/07,2019/12/08,0,"8,1",14
Attic Rooms in Botánico,5522932,NA,Valencia,1,1,€ 65,2019/12/07,2019/12/08,0,8,14
Enjoy Flat Valencia,3991548,NA,Valencia,1,1,€ 175,2019/12/07,2019/12/08,0,"8,6",14
Aparthotel Valencia Rental,17344,NA,Valencia,1,1,€ 70,2019/12/07,2019/12/08,0,8,14
Tryp Valencia Feria,92852,NA,Valencia,1,1,NA,2019/12/07,2019/12/08,4,"8,3",14
L'Otelet By Sweet,1467935,NA,Valencia,1,1,€ 77,2019/12/07,2019/12/08,0,"8,3",14
Garden Turia Downtown,5201200,NA,Valencia,1,1,NA,2019/12/07,2019/12/08,0,"9,6",14
MD Modern Hotel - Jardines,305447,NA,Valencia,1,1,NA,2019/12/07,2019/12/08,1,"8,3",14
Reina 12,1684198,NA,Valencia,1,1,€ 90,2019/12/07,2019/12/08,0,"8,2",14
NH Ciudad de Valencia,90729,NA,Valencia,1,1,NA,2019/12/07,2019/12/08,3,"8,1",14
Ilunion Valencia 4,754329,NA,Valencia,1,1,NA,2019/12/07,2019/12/08,4,"8,1",14
Caro Hotel,348132,NA,Valencia,1,1,NA,2019/12/07,2019/12/08,5,"9,2",14
MARQUÉS HOUSE 4* SUP,2118880,NA,Valencia,1,1,NA,2019/12/07,2019/12/08,4,"9,4",14
Casa Botànic - Céntrico y con comodidades,4218273,NA,Valencia,1,1,NA,2019/12/07,2019/12/08,0,"9,8",14
APARTAMENTO LAS MELLIZAS,4651578,NA,Valencia,1,1,€ 49,2019/12/07,2019/12/08,0,"8,3",14
MYR Hotel Plaza Mercado & Spa,1619029,NA,Valencia,1,1,NA,2019/12/07,2019/12/08,3,"9,2",14
Vincci Mercat,1279484,NA,Valencia,1,1,NA,2019/12/07,2019/12/08,4,9,14
Valenciaflats Ciudad de las Ciencias,93676,NA,Valencia,1,1,€ 276,2019/12/07,2019/12/08,0,"9,1",14
Old Fisherman's House in Malvarrosa Beach,3618172,NA,Valencia,1,1,€ 720,2019/12/07,2019/12/08,0,"9,4",14
MD PASEO RUZAFA CENTER,5374850,NA,Valencia,1,1,€ 1.030,2019/12/07,2019/12/08,0,9,14
Art&Flats Bed&Breakfast,5238345,NA,Valencia,1,1,€ 31,2019/12/07,2019/12/08,0,"8,7",14
MAR Y SOL,4652261,NA,Valencia,1,1,NA,2019/12/07,2019/12/08,0,"9,6",14
Russafa Youth Hostel,345134,NA,Valencia,1,1,€ 56,2019/12/07,2019/12/08,0,"8,6",14
Quart Youth Hostel,476418,NA,Valencia,1,1,€ 56,2019/12/07,2019/12/08,0,"8,6",14
Home Youth Hostel by Feetup Hostels,189322,NA,Valencia,1,1,€ 70,2019/12/07,2019/12/08,0,"8,8",14
Habitación doble,3599930,NA,Valencia,1,1,€ 75,2019/12/07,2019/12/08,0,"8,9",14
YOU & CO. Saler Beach Boutique,4533007,NA,Valencia,1,1,NA,2019/12/07,2019/12/08,3,"8,9",14
Melia Valencia,290493,NA,Valencia,1,1,NA,2019/12/07,2019/12/08,4,"8,8",14
Apartment Cabanyal,3172456,NA,Valencia,1,1,NA,2019/12/07,2019/12/08,0,"9,7",14
Original Domino House,5434091,NA,Valencia,1,1,€ 87,2019/12/07,2019/12/08,0,"8,7",14
UNIK. Apartments Valencia,2241282,NA,Valencia,1,1,€ 98,2019/12/07,2019/12/08,0,"8,5",14
Sercotel Sorolla Palace,93646,NA,Valencia,1,1,NA,2019/12/07,2019/12/08,4,"8,6",14
Casual del Cine Valencia,572187,NA,Valencia,1,1,NA,2019/12/07,2019/12/08,2,"8,6",14
AC Hotel Valencia,91063,NA,Valencia,1,1,NA,2019/12/07,2019/12/08,4,"8,5",14
Hotel Neptuno,91206,NA,Valencia,1,1,NA,2019/12/07,2019/12/08,4,"8,5",14
RUZAFA- CENTRO-A/C- WI-FI- PARKING,2885994,NA,Valencia,1,1,NA,2019/12/07,2019/12/08,0,"9,7",14
Hotel Dimar,90886,NA,Valencia,1,1,NA,2019/12/07,2019/12/08,4,"8,7",14
Blanq Comedias,4922002,NA,Valencia,1,1,€ 108,2019/12/07,2019/12/08,0,"8,9",14
Pio XII Apartments Valencia,402080,NA,Valencia,1,1,€ 113,2019/12/07,2019/12/08,0,"8,6",14
Valencia Suits You Citytel,1106307,NA,Valencia,1,1,NA,2019/12/07,2019/12/08,2,"8,6",14
Barceló Valencia,91988,NA,Valencia,1,1,NA,2019/12/07,2019/12/08,4,"8,7",14
