name,propertyId,propertyType,city,rooms,days,price,checkIn,checkOut,stars,score,advance
Habitacion doble en piso compartido,5645604,NA,Valencia,1,1,€ 51,2019/12/27,2019/12/28,0,,30
Rooms Parque Cabecera,5822049,NA,Valencia,1,1,€ 55,2019/12/27,2019/12/28,0,,30
Splendid house in Valencia,3091182,NA,Valencia,1,1,NA,2019/12/27,2019/12/28,0,"9,1",30
Valencia- habitacion,5366858,NA,Valencia,1,1,€ 60,2019/12/27,2019/12/28,0,,30
vosotros sereis parte de mi familia.,5299568,NA,Valencia,1,1,€ 60,2019/12/27,2019/12/28,0,,30
Minimalist room with balcony.FREE bikes & coffee 1,5776697,NA,Valencia,1,1,€ 79,2019/12/27,2019/12/28,0,,30
Apartamentos Aventura,5825870,NA,Valencia,1,1,€ 80,2019/12/27,2019/12/28,0,,30
Aparment Canarias,3753027,NA,Valencia,1,1,€ 99,2019/12/27,2019/12/28,0,,30
Carrer de l'Arquitecte Alfaro 27 bajo derecha,4353398,NA,Valencia,1,1,€ 102,2019/12/27,2019/12/28,0,,30
Homelirose Apartaments,3140406,NA,Valencia,1,1,NA,2019/12/27,2019/12/28,0,"9,3",30
Loft en Ruzafa,5739487,NA,Valencia,1,1,€ 102,2019/12/27,2019/12/28,0,,30
Hotel Helen Berger,5159105,NA,Valencia,1,1,€ 106,2019/12/27,2019/12/28,4,,30
EL ATICO,5680427,NA,Valencia,1,1,€ 107,2019/12/27,2019/12/28,0,,30
Ciutat Vella Apartment,5574768,NA,Valencia,1,1,€ 110,2019/12/27,2019/12/28,0,,30
71 Carrer de Democracia,4323486,NA,Valencia,1,1,€ 110,2019/12/27,2019/12/28,0,,30
CASA MARQUES DE CARO,4472176,NA,Valencia,1,1,€ 121,2019/12/27,2019/12/28,0,,30
MÍ casa YOUR HOME,3328967,NA,Valencia,1,1,NA,2019/12/27,2019/12/28,0,"9,2",30
Suit AVE (Valencia),5726860,NA,Valencia,1,1,€ 128,2019/12/27,2019/12/28,0,,30
PALACIO VALLIER 5*,4639648,NA,Valencia,1,1,€ 150,2019/12/27,2019/12/28,5,,30
The White Apartment: Luxury- Beach and Design,5631365,NA,Valencia,1,1,€ 167,2019/12/27,2019/12/28,0,,30
CENTER-Modern 2BR- 2BA-TERRACE- WI-FI- A/C,5241769,NA,Valencia,1,1,€ 176,2019/12/27,2019/12/28,0,,30
Apartment Carrer Ernesto Che Guevara,5598848,NA,Valencia,1,1,€ 182,2019/12/27,2019/12/28,0,,30
Apartment Passeig de la Petxina,5695771,NA,Valencia,1,1,€ 195,2019/12/27,2019/12/28,0,,30
Sun Apartament Valencia @ City Arts & Sciences + Parking,3287719,NA,Valencia,1,1,NA,2019/12/27,2019/12/28,0,"9,1",30
ACOGEDOR - CON TERRAZA - EN EL PLENO CENTRO,5715086,NA,Valencia,1,1,€ 270,2019/12/27,2019/12/28,0,,30
VILLA In VALENCIA WITH POOL ON THE BEACH,5684273,NA,Valencia,1,1,€ 390,2019/12/27,2019/12/28,0,,30
Apartamento de lujo con terraza,5240138,NA,Valencia,1,1,€ 770,2019/12/27,2019/12/28,0,,30
Musico Peydro Apartments,3765069,NA,Valencia,1,1,€ 367,2019/12/27,2019/12/28,0,"7,9",30
MD Benlliure Beach.,1957258,NA,Valencia,1,1,€ 437,2019/12/27,2019/12/28,0,"7,8",30
Bioparc Metro Valencia,5302327,NA,Valencia,1,1,NA,2019/12/27,2019/12/28,0,"9,6",30
MD Abastos Center,2551194,NA,Valencia,1,1,€ 437,2019/12/27,2019/12/28,0,"7,8",30
MD Art Apartment Ruzafa,2550955,NA,Valencia,1,1,€ 437,2019/12/27,2019/12/28,0,"7,7",30
MD Oliag I Apartment Ruzafa,2867488,NA,Valencia,1,1,€ 485,2019/12/27,2019/12/28,0,"7,6",30
Bright and quiet rooms near the beach,5698199,NA,Valencia,1,1,€ 27,2019/12/27,2019/12/28,0,"7,2",30
Masatepe Room Valencia,5687127,NA,Valencia,1,1,€ 28,2019/12/27,2019/12/28,0,"7,1",30
Hostal Waksman,281139,NA,Valencia,1,1,NA,2019/12/27,2019/12/28,1,"7,4",30
TTdSSa VLC: Plaza Cisneros- 2- 5 pax 3 Bedrooms,4069293,NA,Valencia,1,1,NA,2019/12/27,2019/12/28,0,"9,5",30
Zen House,3671621,NA,Valencia,1,1,€ 39,2019/12/27,2019/12/28,0,"7,1",30
B&B El Mercat,2203530,NA,Valencia,1,1,€ 40,2019/12/27,2019/12/28,0,"7,2",30
Habitación con cama doble,4794909,NA,Valencia,1,1,€ 41,2019/12/27,2019/12/28,0,"7,4",30
Habitación San Cayetano,4624401,NA,Valencia,1,1,€ 45,2019/12/27,2019/12/28,0,"7,4",30
La Flamenca,818359,NA,Valencia,1,1,€ 45,2019/12/27,2019/12/28,0,"7,2",30
Habitacion PLaza Ayuntamiento,4365340,NA,Valencia,1,1,€ 50,2019/12/27,2019/12/28,0,"7,2",30
Ruzafa Viva,4475954,NA,Valencia,1,1,NA,2019/12/27,2019/12/28,0,"9,6",30
Centro Valencia Calle Cerrajeros,3476261,NA,Valencia,1,1,€ 50,2019/12/27,2019/12/28,0,"7,1",30
Sampedor Apartment,435662,NA,Valencia,1,1,€ 53,2019/12/27,2019/12/28,0,"7,1",30
HOSTAL BED OF THE SEA,3974636,NA,Valencia,1,1,€ 70,2019/12/27,2019/12/28,0,"7,1",30
Mi casa es vuestra casa,4967097,NA,Valencia,1,1,€ 70,2019/12/27,2019/12/28,0,"7,1",30
Cosy Rooms Bolsería,371606,NA,Valencia,1,1,NA,2019/12/27,2019/12/28,2,"7,4",30
Cosy Rooms Embajador,369728,NA,Valencia,1,1,NA,2019/12/27,2019/12/28,2,"7,4",30
HoGraFic,5739228,NA,Valencia,1,1,NA,2019/12/27,2019/12/28,2,"9,9",30
NWT Central Station Valencia,1647017,NA,Valencia,1,1,€ 79,2019/12/27,2019/12/28,0,"7,1",30
OYO Pensión El Rincón,476031,NA,Valencia,1,1,NA,2019/12/27,2019/12/28,1,"7,4",30
Guest House Samuel Ros,4161855,NA,Valencia,1,1,€ 90,2019/12/27,2019/12/28,0,"7,2",30
Hogar Dulce Hogar,5426607,NA,Valencia,1,1,€ 90,2019/12/27,2019/12/28,0,7,30
Select Home Catedral,440778,NA,Valencia,1,1,€ 170,2019/12/27,2019/12/28,0,"7,1",30
Boutique Creative Rooms,2334726,NA,Valencia,1,1,€ 104,2019/12/27,2019/12/28,0,"8,8",30
Melia Plaza Valencia,13270,NA,Valencia,1,1,NA,2019/12/27,2019/12/28,4,"8,9",30
Piso en La Ciudad de Artes,3832790,NA,Valencia,1,1,NA,2019/12/27,2019/12/28,0,"9,7",30
Casa del Patriarca,364834,NA,Valencia,1,1,€ 105,2019/12/27,2019/12/28,0,"8,9",30
Comfort Homestay,5423155,NA,Valencia,1,1,€ 105,2019/12/27,2019/12/28,0,"8,7",30
Casa Adosada Quintero,5481770,NA,Valencia,1,1,€ 106,2019/12/27,2019/12/28,0,"8,8",30
Citizentral Gascons,332095,NA,Valencia,1,1,€ 106,2019/12/27,2019/12/28,0,"8,8",30
Petit Palace Plaza de la Reina,90443,NA,Valencia,1,1,NA,2019/12/27,2019/12/28,3,"8,7",30
Petit Palace Ruzafa,90792,NA,Valencia,1,1,NA,2019/12/27,2019/12/28,3,"8,7",30
JL Ciudad de las Artes,3074378,NA,Valencia,1,1,NA,2019/12/27,2019/12/28,0,"9,6",30
Hotel Neptuno,91206,NA,Valencia,1,1,NA,2019/12/27,2019/12/28,4,"8,5",30
Soho Valencia,1538641,NA,Valencia,1,1,€ 109,2019/12/27,2019/12/28,0,"8,9",30
Lotelito,570027,NA,Valencia,1,1,€ 110,2019/12/27,2019/12/28,0,"8,9",30
Zenit Valencia,92327,NA,Valencia,1,1,NA,2019/12/27,2019/12/28,4,"8,8",30
Blanq Comedias,4922002,NA,Valencia,1,1,€ 113,2019/12/27,2019/12/28,0,"8,9",30
El Palacete Gran Via,3483148,NA,Valencia,1,1,€ 115,2019/12/27,2019/12/28,0,"8,7",30
Valencia Apartamentos Goya,4256653,NA,Valencia,1,1,NA,2019/12/27,2019/12/28,0,"9,9",30
Les flors,3985046,NA,Valencia,1,1,€ 120,2019/12/27,2019/12/28,0,"8,7",30
València Centre Torres de Quart,886289,NA,Valencia,1,1,€ 125,2019/12/27,2019/12/28,0,"8,9",30
Casual Vintage Valencia,1710241,NA,Valencia,1,1,NA,2019/12/27,2019/12/28,2,"8,6",30
Ilunion Aqua 4,92777,NA,Valencia,1,1,NA,2019/12/27,2019/12/28,4,"8,6",30
Catalonia Excelsior,90578,NA,Valencia,1,1,NA,2019/12/27,2019/12/28,3,"8,7",30
SH Ingles Boutique Hotel,92956,NA,Valencia,1,1,NA,2019/12/27,2019/12/28,4,"8,5",30
RUZAFA- CENTRO-A/C- WI-FI- PARKING,2885994,NA,Valencia,1,1,NA,2019/12/27,2019/12/28,0,"9,7",30
Valenciaflats Centro Histórico,94781,NA,Valencia,1,1,€ 138,2019/12/27,2019/12/28,0,"8,7",30
Apartamento Gran Vía Marqués del Turia,2358973,NA,Valencia,1,1,€ 153,2019/12/27,2019/12/28,0,"8,6",30
AC Hotel Colon Valencia,1117150,NA,Valencia,1,1,NA,2019/12/27,2019/12/28,4,"8,7",30
One Shot Palacio Reina Victoria 04,90885,NA,Valencia,1,1,NA,2019/12/27,2019/12/28,4,"8,6",30
Cervantes Holiday Flats Valencia,1163273,NA,Valencia,1,1,€ 162,2019/12/27,2019/12/28,0,"8,7",30
apartamento las torres-botanico,4694090,NA,Valencia,1,1,€ 110,2019/12/27,2019/12/28,0,9,30
"Piso ""Como en tu casa""",2689136,NA,Valencia,1,1,€ 110,2019/12/27,2019/12/28,0,"9,2",30
Preciosa Casita Cerca Del Mar,4057271,NA,Valencia,1,1,NA,2019/12/27,2019/12/28,0,"9,7",30
Apartment on Carrer del Dr. Lluch,2008997,NA,Valencia,1,1,€ 114,2019/12/27,2019/12/28,0,"9,1",30
Valenciaflats Centro Ciudad,18544,NA,Valencia,1,1,€ 120,2019/12/27,2019/12/28,0,"9,2",30
APARTAMENTO CENTRO- RUZAFA. WI-FI. PARKING,3144104,NA,Valencia,1,1,€ 120,2019/12/27,2019/12/28,0,"9,3",30
15 Avinguda Mare Nostrum,4518973,NA,Valencia,1,1,€ 120,2019/12/27,2019/12/28,0,"9,2",30
HQ Rooms Apartments San Vicente,2894429,NA,Valencia,1,1,€ 122,2019/12/27,2019/12/28,0,"9,2",30
Citizentral Juristas,1113127,NA,Valencia,1,1,€ 123,2019/12/27,2019/12/28,0,"9,2",30
MD Puerto Rico Apartment Ruzafa,3737151,NA,Valencia,1,1,€ 437,2019/12/27,2019/12/28,0,"7,4",30
Hostal Residencial RR,450746,NA,Valencia,1,1,€ 40,2019/12/27,2019/12/28,0,"6,9",30
Atico Loft Ruzafa,3152977,NA,Valencia,1,1,NA,2019/12/27,2019/12/28,0,"9,6",30
Hotel Boutique Balandret,1281710,NA,Valencia,1,1,€ 124,2019/12/27,2019/12/28,3,"9,2",30
Mon Suites San Nicolas,4117225,NA,Valencia,1,1,€ 124,2019/12/27,2019/12/28,0,"9,1",30
Hostal Antigua Morellana,1273937,NA,Valencia,1,1,NA,2019/12/27,2019/12/28,1,"9,5",30
Ruzafa Rooms,2891693,NA,Valencia,1,1,€ 50,2019/12/27,2019/12/28,0,"6,9",30
PISO ACOGEDOR,4995780,NA,Valencia,1,1,€ 50,2019/12/27,2019/12/28,0,"6,8",30
Malvarrosa Beach Rooms,314048,NA,Valencia,1,1,€ 50,2019/12/27,2019/12/28,2,"6,9",30
Guest House Lebon,3124256,NA,Valencia,1,1,€ 60,2019/12/27,2019/12/28,0,"6,7",30
Mercat Central brugada home,5259150,NA,Valencia,1,1,€ 81,2019/12/27,2019/12/28,0,"6,9",30
Biopark View Apartment,2381901,NA,Valencia,1,1,€ 131,2019/12/27,2019/12/28,0,9,30
Apartamentos Wallace,1698355,NA,Valencia,1,1,€ 138,2019/12/27,2019/12/28,0,"9,2",30
Apartamentos La más Bonita,2816245,NA,Valencia,1,1,€ 149,2019/12/27,2019/12/28,0,9,30
Mon Suites Catedral,485679,NA,Valencia,1,1,€ 151,2019/12/27,2019/12/28,0,"9,2",30
Constitución,4229663,NA,Valencia,1,1,NA,2019/12/27,2019/12/28,0,"9,5",30
One Shot Mercat 09,2274203,NA,Valencia,1,1,€ 152,2019/12/27,2019/12/28,4,"9,1",30
Vamos A la Playa,5030500,NA,Valencia,1,1,€ 90,2019/12/27,2019/12/28,0,"6,5",30
PLAYA POBLA DE FARNALS,5508533,NA,Valencia,1,1,NA,2019/12/27,2019/12/28,0,"9,8",30
La Casa dei Fiori,2849727,NA,Valencia,1,1,€ 104,2019/12/27,2019/12/28,0,"6,9",30
Casual Socarrat Valencia,5142800,NA,Valencia,1,1,€ 153,2019/12/27,2019/12/28,3,"9,1",30
Mediterranean Flats Plaza Redonda,4086496,NA,Valencia,1,1,€ 155,2019/12/27,2019/12/28,0,"9,2",30
Mon Suites San Martin,2777545,NA,Valencia,1,1,€ 160,2019/12/27,2019/12/28,0,"9,4",30
MD Design Hotel - Portal del Real,2391685,NA,Valencia,1,1,€ 162,2019/12/27,2019/12/28,2,"9,1",30
Valenciaflats Ciudad de las Ciencias,93676,NA,Valencia,1,1,€ 166,2019/12/27,2019/12/28,0,"9,1",30
Valencia center,3168460,NA,Valencia,1,1,NA,2019/12/27,2019/12/28,0,"9,8",30
Vincci Mercat,1279484,NA,Valencia,1,1,€ 168,2019/12/27,2019/12/28,4,9,30
Ático Oasis de Ruzafa,2639518,NA,Valencia,1,1,€ 175,2019/12/27,2019/12/28,0,"9,3",30
Premium Apartments,486507,NA,Valencia,1,1,€ 124,2019/12/27,2019/12/28,0,"6,9",30
Casita Esmeralda,2040126,NA,Valencia,1,1,€ 144,2019/12/27,2019/12/28,0,"6,5",30
MD Villalonga Malvarosa Beach,3739661,NA,Valencia,1,1,€ 430,2019/12/27,2019/12/28,0,"6,8",30
Cozy apartment in Valencia center,3402135,NA,Valencia,1,1,€ 184,2019/12/27,2019/12/28,0,"9,1",30
Reino de Valencia Apartments,453225,NA,Valencia,1,1,€ 185,2019/12/27,2019/12/28,0,9,30
Las Arenas Balneario Resort,91144,NA,Valencia,1,1,€ 189,2019/12/27,2019/12/28,5,9,30
Fun and Sun Center 2,2944416,NA,Valencia,1,1,€ 31,2019/12/27,2019/12/28,0,6,30
Guest House Higinio Noja,2845935,NA,Valencia,1,1,€ 60,2019/12/27,2019/12/28,0,6,30
Apartamento Centrico - Viveros,2461987,NA,Valencia,1,1,NA,2019/12/27,2019/12/28,0,"9,6",30
Ruzafa Guesthouse,2269176,NA,Valencia,1,1,€ 40,2019/12/27,2019/12/28,0,"5,5",30
Carrer del Bisbe Jaume Pérez,4900140,NA,Valencia,1,1,€ 60,2019/12/27,2019/12/28,0,"5,9",30
RoomTuristValencia Estacion del Norte,4682632,NA,Valencia,1,1,€ 36,2019/12/27,2019/12/28,0,5,30
Guest House Torres de Quart,2275006,NA,Valencia,1,1,€ 40,2019/12/27,2019/12/28,0,"5,1",30
Guest House Ruzafa,2324552,NA,Valencia,1,1,€ 48,2019/12/27,2019/12/28,0,5,30
Valencia B&B,2658386,NA,Valencia,1,1,€ 69,2019/12/27,2019/12/28,0,"5,4",30
Don Herrero,1781239,NA,Valencia,1,1,NA,2019/12/27,2019/12/28,0,"9,2",30
Port of Valencia,3805735,NA,Valencia,1,1,€ 120,2019/12/27,2019/12/28,0,5,30
Guest House Duc de Gaeta,2275007,NA,Valencia,1,1,€ 48,2019/12/27,2019/12/28,0,"4,9",30
Malvarosa,3820590,NA,Valencia,1,1,€ 190,2019/12/27,2019/12/28,0,"3,8",30
Aladin piso,5823993,NA,Valencia,1,1,€ 45,2019/12/27,2019/12/28,0,,30
Habitación en bonito chalet,5862051,NA,Valencia,1,1,€ 50,2019/12/27,2019/12/28,0,,30
Casual Civilizaciones Valencia,449777,NA,Valencia,1,1,€ 51,2019/12/27,2019/12/28,0,"7,9",30
Hotel Turia,14441,NA,Valencia,1,1,NA,2019/12/27,2019/12/28,4,"7,5",30
Bright and Modern Apartment near the Beach,4413130,NA,Valencia,1,1,NA,2019/12/27,2019/12/28,0,"9,8",30
Como en casa,4802186,NA,Valencia,1,1,€ 54,2019/12/27,2019/12/28,0,"7,9",30
Casual de la Música Valencia,273130,NA,Valencia,1,1,NA,2019/12/27,2019/12/28,2,"7,5",30
Rooms Valencia Center,5507857,NA,Valencia,1,1,€ 55,2019/12/27,2019/12/28,0,"7,8",30
Ilunion Valencia 3,92818,NA,Valencia,1,1,NA,2019/12/27,2019/12/28,3,"7,9",30
Valencia Lounge Hostel,337203,NA,Valencia,1,1,€ 56,2019/12/27,2019/12/28,0,"7,7",30
Hotel Beleret,94652,NA,Valencia,1,1,NA,2019/12/27,2019/12/28,3,"7,7",30
Colors Rooms,675839,NA,Valencia,1,1,NA,2019/12/27,2019/12/28,0,"9,5",30
Expo Hotel Valencia,91223,NA,Valencia,1,1,NA,2019/12/27,2019/12/28,3,"7,6",30
Hostal Bisbal,235665,NA,Valencia,1,1,NA,2019/12/27,2019/12/28,1,"7,5",30
SEA YOU HOTEL PORT VALENCIA,92328,NA,Valencia,1,1,NA,2019/12/27,2019/12/28,4,"7,8",30
B&B Hotel Valencia Ciudad de las Ciencias,92242,NA,Valencia,1,1,NA,2019/12/27,2019/12/28,3,"7,5",30
Checkin Valencia,93743,NA,Valencia,1,1,NA,2019/12/27,2019/12/28,4,"7,8",30
Jero Rooms,296743,NA,Valencia,1,1,€ 66,2019/12/27,2019/12/28,0,"7,6",30
Apartment in the Heart of Valencia,4616217,NA,Valencia,1,1,NA,2019/12/27,2019/12/28,0,"9,9",30
Cosy Rooms Tapinería,371192,NA,Valencia,1,1,NA,2019/12/27,2019/12/28,2,"7,5",30
Habitación en Valencia,5477394,NA,Valencia,1,1,€ 72,2019/12/27,2019/12/28,0,"7,5",30
Cozy fisherman's house,2241663,NA,Valencia,1,1,€ 95,2019/12/27,2019/12/28,0,"7,9",30
Apartamento Angel Alcazar 35,2174625,NA,Valencia,1,1,€ 100,2019/12/27,2019/12/28,0,"7,5",30
Holiday Inn Express Ciudad de las Ciencias,96737,NA,Valencia,1,1,NA,2019/12/27,2019/12/28,3,"7,9",30
Plaza Sainetero 5,3148458,NA,Valencia,1,1,€ 116,2019/12/27,2019/12/28,0,"7,7",30
TTdSSa VLC: Casa de las Aguas- 4 pax 2 Bedrooms,4069236,NA,Valencia,1,1,NA,2019/12/27,2019/12/28,0,"9,5",30
Apartamento Alguer,4005334,NA,Valencia,1,1,€ 120,2019/12/27,2019/12/28,0,"7,7",30
Bubuflats Bubu 3,1014334,NA,Valencia,1,1,€ 90,2019/12/27,2019/12/28,0,"9,5",30
L'Esplai Valencia Bed & Breakfast,1282556,NA,Valencia,1,1,€ 109,2019/12/27,2019/12/28,0,"9,5",30
Apartment Florista,2150187,NA,Valencia,1,1,€ 125,2019/12/27,2019/12/28,0,"7,9",30
El 16 Ruzafa,865461,NA,Valencia,1,1,€ 149,2019/12/27,2019/12/28,0,"7,7",30
Plaza Redonda house.,4399973,NA,Valencia,1,1,€ 153,2019/12/27,2019/12/28,0,"7,5",30
Lounge by the sea,4756780,NA,Valencia,1,1,NA,2019/12/27,2019/12/28,0,"9,8",30
Opera House Valencia B&B,3533887,NA,Valencia,1,1,€ 118,2019/12/27,2019/12/28,0,"9,5",30
Malvarrosa Calle Pavia,3608764,NA,Valencia,1,1,€ 179,2019/12/27,2019/12/28,0,"7,7",30
Ramirez Flats & Bar,4124528,NA,Valencia,1,1,€ 144,2019/12/27,2019/12/28,0,"9,5",30
Hotel Cosmo,4838858,NA,Valencia,1,1,NA,2019/12/27,2019/12/28,3,"9,7",30
Olympia Flats,4212801,NA,Valencia,1,1,€ 105,2019/12/27,2019/12/28,0,"9,7",30
Purísima Street I,2471259,NA,Valencia,1,1,€ 329,2019/12/27,2019/12/28,0,"9,5",30
Cantagua Hostel,4074640,NA,Valencia,1,1,€ 39,2019/12/27,2019/12/28,0,"9,1",30
BONNIES Suites & Spa Valencia,3631910,NA,Valencia,1,1,NA,2019/12/27,2019/12/28,0,"9,8",30
Habitación privada a 1500 metros de la playa,3789910,NA,Valencia,1,1,€ 60,2019/12/27,2019/12/28,0,"9,3",30
Lindala,5250762,NA,Valencia,1,1,€ 69,2019/12/27,2019/12/28,0,"9,3",30
Live in Chianti,2227491,NA,Valencia,1,1,€ 75,2019/12/27,2019/12/28,0,"9,1",30
Apartamentos Navío,5647176,NA,Valencia,1,1,€ 75,2019/12/27,2019/12/28,0,"9,3",30
Nest Style Valencia,5219046,NA,Valencia,1,1,NA,2019/12/27,2019/12/28,3,"9,3",30
Hostal Venecia,92883,NA,Valencia,1,1,NA,2019/12/27,2019/12/28,2,"9,1",30
Las Arenas Balneario Resort,91144,NA,Valencia,1,1,€ 189,2019/12/27,2019/12/28,5,9,30
MYR Hotel Plaza Mercado & Spa,1619029,NA,Valencia,1,1,€ 197,2019/12/27,2019/12/28,3,"9,2",30
Apartamento Comedias,2236348,NA,Valencia,1,1,NA,2019/12/27,2019/12/28,0,"9,7",30
Ático con estilo en el centro de Valencia,3914735,NA,Valencia,1,1,€ 207,2019/12/27,2019/12/28,0,9,30
La seda stay,3335523,NA,Valencia,1,1,NA,2019/12/27,2019/12/28,0,"9,6",30
City Garden Bed and Breakfast,2204361,NA,Valencia,1,1,€ 82,2019/12/27,2019/12/28,0,"9,4",30
BUBUSUITES by Bubuflats,2389776,NA,Valencia,1,1,€ 85,2019/12/27,2019/12/28,0,"9,3",30
Rooms Ciencias,94126,NA,Valencia,1,1,€ 86,2019/12/27,2019/12/28,0,9,30
Apartamento centro frente a Torres de Serrano,3408067,NA,Valencia,1,1,€ 88,2019/12/27,2019/12/28,0,"9,3",30
La casita de Palomar,2132386,NA,Valencia,1,1,€ 89,2019/12/27,2019/12/28,0,"9,3",30
MUVIM CENTRUM,4756065,NA,Valencia,1,1,€ 89,2019/12/27,2019/12/28,0,"9,2",30
MARQUÉS HOUSE 4* SUP,2118880,NA,Valencia,1,1,€ 219,2019/12/27,2019/12/28,4,"9,4",30
Caro Hotel,348132,NA,Valencia,1,1,€ 265,2019/12/27,2019/12/28,5,"9,2",30
Ca Carmela,2466364,NA,Valencia,1,1,€ 280,2019/12/27,2019/12/28,0,9,30
MD PASEO RUZAFA CENTER,5374850,NA,Valencia,1,1,€ 1.030,2019/12/27,2019/12/28,0,9,30
The River Hostel,494202,NA,Valencia,1,1,€ 12,2019/12/27,2019/12/28,0,"8,5",30
Ayuntamiento Panoramic,3089239,NA,Valencia,1,1,NA,2019/12/27,2019/12/28,0,"9,5",30
Casa Botànic - Céntrico y con comodidades,4218273,NA,Valencia,1,1,NA,2019/12/27,2019/12/28,0,"9,8",30
Sorolla Centro,90896,NA,Valencia,1,1,NA,2019/12/27,2019/12/28,3,"9,1",30
Apartamento torres serrano,4622232,NA,Valencia,1,1,€ 100,2019/12/27,2019/12/28,0,"9,4",30
Mestalla Paradise,4734619,NA,Valencia,1,1,€ 100,2019/12/27,2019/12/28,0,9,30
Comfort Room(AVEValencia),5696103,NA,Valencia,1,1,€ 100,2019/12/27,2019/12/28,0,9,30
Hotel Valencia Alameda,4019381,NA,Valencia,1,1,NA,2019/12/27,2019/12/28,4,"9,2",30
Rest room Evi,5710566,NA,Valencia,1,1,€ 36,2019/12/27,2019/12/28,0,"8,8",30
Art&Flats Bed&Breakfast,5238345,NA,Valencia,1,1,€ 36,2019/12/27,2019/12/28,0,"8,7",30
Estrella de russafa,5352439,NA,Valencia,1,1,€ 40,2019/12/27,2019/12/28,0,"8,8",30
Homestay Carrer Sagun,5006434,NA,Valencia,1,1,€ 44,2019/12/27,2019/12/28,0,"8,8",30
Quart Youth Hostel,476418,NA,Valencia,1,1,€ 45,2019/12/27,2019/12/28,0,"8,6",30
Home Youth Hostel by Feetup Hostels,189322,NA,Valencia,1,1,€ 51,2019/12/27,2019/12/28,0,"8,8",30
Apartamento,3139431,NA,Valencia,1,1,NA,2019/12/27,2019/12/28,0,"9,5",30
Hotel Olympia Universidades,1301731,NA,Valencia,1,1,€ 55,2019/12/27,2019/12/28,3,"8,5",30
Russafa Youth Hostel,345134,NA,Valencia,1,1,€ 56,2019/12/27,2019/12/28,0,"8,6",30
B&B Hi Valencia Boutique,1301725,NA,Valencia,1,1,€ 57,2019/12/27,2019/12/28,0,"8,7",30
YOU & CO. Saler Beach Boutique,4533007,NA,Valencia,1,1,€ 57,2019/12/27,2019/12/28,3,"8,9",30
Eurostars Acteón,90495,NA,Valencia,1,1,€ 62,2019/12/27,2019/12/28,4,"8,5",30
Pio XII Apartments Valencia,402080,NA,Valencia,1,1,€ 64,2019/12/27,2019/12/28,0,"8,6",30
Port Valencia Center,5259971,NA,Valencia,1,1,NA,2019/12/27,2019/12/28,0,"9,8",30
ABCyou Bed&Breakfast,189207,NA,Valencia,1,1,€ 66,2019/12/27,2019/12/28,0,"8,5",30
Zalamera BnB,1331238,NA,Valencia,1,1,€ 66,2019/12/27,2019/12/28,0,"8,7",30
Apartamentos Plaza Picasso,97063,NA,Valencia,1,1,€ 69,2019/12/27,2019/12/28,0,"8,5",30
Hulot B&B Valencia,585429,NA,Valencia,1,1,€ 70,2019/12/27,2019/12/28,0,"8,5",30
Apartaments San Pio V,2456151,NA,Valencia,1,1,€ 75,2019/12/27,2019/12/28,0,"8,9",30
Original Domino House,5434091,NA,Valencia,1,1,€ 75,2019/12/27,2019/12/28,0,"8,7",30
Hotel Malcom and Barret,483261,NA,Valencia,1,1,NA,2019/12/27,2019/12/28,3,"8,7",30
Carmen Apartment,3308265,NA,Valencia,1,1,NA,2019/12/27,2019/12/28,0,"9,6",30
Ad Hoc Monumental,90719,NA,Valencia,1,1,NA,2019/12/27,2019/12/28,3,"8,6",30
Buho House,3777691,NA,Valencia,1,1,€ 79,2019/12/27,2019/12/28,0,"8,5",30
Hotel San Lorenzo Boutique,1307718,NA,Valencia,1,1,NA,2019/12/27,2019/12/28,3,"8,6",30
UNIK. Apartments Valencia,2241282,NA,Valencia,1,1,€ 82,2019/12/27,2019/12/28,0,"8,5",30
Reina Rooms,4211140,NA,Valencia,1,1,€ 84,2019/12/27,2019/12/28,0,"8,9",30
Melia Valencia,290493,NA,Valencia,1,1,NA,2019/12/27,2019/12/28,4,"8,8",30
Garden Turia Downtown,5201200,NA,Valencia,1,1,NA,2019/12/27,2019/12/28,0,"9,6",30
València Centre Túria,2185255,NA,Valencia,1,1,€ 85,2019/12/27,2019/12/28,0,"8,8",30
Hotel Valencia Oceanic Managed by Melia Hotels International,91522,NA,Valencia,1,1,NA,2019/12/27,2019/12/28,4,"8,6",30
Habitación doble,3599930,NA,Valencia,1,1,€ 85,2019/12/27,2019/12/28,0,"8,9",30
Blanq Carmen Hotel,97069,NA,Valencia,1,1,NA,2019/12/27,2019/12/28,3,"8,7",30
Hotel Dimar,90886,NA,Valencia,1,1,NA,2019/12/27,2019/12/28,4,"8,7",30
Burjassot Mestalla,3058627,NA,Valencia,1,1,€ 90,2019/12/27,2019/12/28,0,"8,6",30
Apartments Downtown Valencia,2250421,NA,Valencia,1,1,NA,2019/12/27,2019/12/28,0,"9,6",30
BUBUFLATS Mossén,1141763,NA,Valencia,1,1,€ 90,2019/12/27,2019/12/28,0,"8,8",30
Jardín Botánico Hotel Boutique,93369,NA,Valencia,1,1,NA,2019/12/27,2019/12/28,3,"8,9",30
Eurostars Rey Don Jaime,91520,NA,Valencia,1,1,€ 119,2019/12/27,2019/12/28,4,"8,2",30
7 Moons Bed & Breakfast,464187,NA,Valencia,1,1,€ 63,2019/12/27,2019/12/28,0,"8,4",30
Ilunion Valencia 4,754329,NA,Valencia,1,1,€ 123,2019/12/27,2019/12/28,4,"8,1",30
Apartamento Alameda,1698817,NA,Valencia,1,1,NA,2019/12/27,2019/12/28,0,"9,5",30
Maria Cristina Apartment,4765643,NA,Valencia,1,1,€ 125,2019/12/27,2019/12/28,0,"8,2",30
AC Hotel Valencia,91063,NA,Valencia,1,1,NA,2019/12/27,2019/12/28,4,"8,5",30
Casual del Cine Valencia,572187,NA,Valencia,1,1,NA,2019/12/27,2019/12/28,2,"8,7",30
Hotel Kramer,91106,NA,Valencia,1,1,NA,2019/12/27,2019/12/28,3,"8,8",30
Sercotel Sorolla Palace,93646,NA,Valencia,1,1,NA,2019/12/27,2019/12/28,4,"8,6",30
Hexagonal Design Apartment Valencia,4630643,NA,Valencia,1,1,NA,2019/12/27,2019/12/28,0,"9,5",30
Barceló Valencia,91988,NA,Valencia,1,1,NA,2019/12/27,2019/12/28,4,"8,7",30
SH Valencia Palace,91497,NA,Valencia,1,1,NA,2019/12/27,2019/12/28,5,"8,5",30
City Center Apartment,5084891,NA,Valencia,1,1,€ 125,2019/12/27,2019/12/28,0,"8,2",30
Valenciaflats Torres de Serrano,17468,NA,Valencia,1,1,€ 129,2019/12/27,2019/12/28,0,"8,4",30
Eurostars Gran Valencia,90484,NA,Valencia,1,1,€ 134,2019/12/27,2019/12/28,4,"8,4",30
Hotel Conqueridor,91047,NA,Valencia,1,1,€ 135,2019/12/27,2019/12/28,4,"8,4",30
Apartamento cerca de la Playa y el Centro,2620264,NA,Valencia,1,1,€ 100,2019/12/27,2019/12/28,0,"8,9",30
One Shot Colón 46,1394168,NA,Valencia,1,1,NA,2019/12/27,2019/12/28,3,"8,7",30
Hotel Mediterraneo Valencia,92412,NA,Valencia,1,1,NA,2019/12/27,2019/12/28,3,"8,9",30
Sol Playa,12656,NA,Valencia,1,1,NA,2019/12/27,2019/12/28,2,"8,3",30
Apartment Plaza Cisneros,1273377,NA,Valencia,1,1,NA,2019/12/27,2019/12/28,0,"9,7",30
Sweet Hotel Renasa,274818,NA,Valencia,1,1,NA,2019/12/27,2019/12/28,3,8,30
Hotel Alkazar,408511,NA,Valencia,1,1,NA,2019/12/27,2019/12/28,1,"8,1",30
El Coso,14580,NA,Valencia,1,1,NA,2019/12/27,2019/12/28,3,"8,2",30
Tryp Valencia Feria,92852,NA,Valencia,1,1,NA,2019/12/27,2019/12/28,4,"8,3",30
Habitacion Doble Homestay,4037073,NA,Valencia,1,1,€ 150,2019/12/27,2019/12/28,0,8,30
AMAZING HOUSE- BEST LOCATION!,4728031,NA,Valencia,1,1,NA,2019/12/27,2019/12/28,0,"9,6",30
NWT Central Station Apartments,3964093,NA,Valencia,1,1,€ 154,2019/12/27,2019/12/28,0,"8,2",30
Apartment Valencia,348555,NA,Valencia,1,1,€ 181,2019/12/27,2019/12/28,0,"8,1",30
Zerka Centro,4425975,NA,Valencia,1,1,€ 238,2019/12/27,2019/12/28,0,"8,4",30
MD Vila Barbera Apartment Center,1957253,NA,Valencia,1,1,€ 330,2019/12/27,2019/12/28,0,"8,4",30
MD Sueca. Apartment with Terrace Ruzafa,2551179,NA,Valencia,1,1,€ 330,2019/12/27,2019/12/28,0,"8,2",30
UP Hostel Valencia,1710137,NA,Valencia,1,1,€ 28,2019/12/27,2019/12/28,0,"7,7",30
Ático Valencia Centro,4358939,NA,Valencia,1,1,NA,2019/12/27,2019/12/28,0,"9,8",30
Eurostars Rey Don Jaime,91520,NA,Valencia,1,1,NA,2019/12/27,2019/12/28,4,"8,2",30
NH Ciudad de Valencia,90729,NA,Valencia,1,1,NA,2019/12/27,2019/12/28,3,"8,1",30
ApartUP Patacona Deluxe,2565246,NA,Valencia,1,1,NA,2019/12/27,2019/12/28,0,"9,5",30
Reina 12,1684198,NA,Valencia,1,1,€ 74,2019/12/27,2019/12/28,0,"8,2",30
Adrian's House,2271869,NA,Valencia,1,1,€ 28,2019/12/27,2019/12/28,0,"7,7",30
Apart and Benef,2291245,NA,Valencia,1,1,€ 34,2019/12/27,2019/12/28,0,"7,9",30
Habitación Céntrica en Casa de Familia,4289877,NA,Valencia,1,1,€ 35,2019/12/27,2019/12/28,0,"7,7",30
Valencia City Host,1177077,NA,Valencia,1,1,€ 39,2019/12/27,2019/12/28,0,"7,7",30
HOSPEDAJE PESET,4718074,NA,Valencia,1,1,€ 40,2019/12/27,2019/12/28,0,"7,5",30
Habitaciones Rusafa,5604325,NA,Valencia,1,1,€ 43,2019/12/27,2019/12/28,0,"7,5",30
Homely Nest Valencia El Carme,3790877,NA,Valencia,1,1,NA,2019/12/27,2019/12/28,0,"9,7",30
Hospederia del Pilar,327766,NA,Valencia,1,1,€ 45,2019/12/27,2019/12/28,0,"7,9",30
Habitacion Apartamento soleado Plaza Escultor Frechina,4865043,NA,Valencia,1,1,€ 45,2019/12/27,2019/12/28,0,"7,7",30
Rooms Aventura,5567318,NA,Valencia,1,1,€ 50,2019/12/27,2019/12/28,0,"7,7",30
Attic Rooms in Botánico,5522932,NA,Valencia,1,1,€ 50,2019/12/27,2019/12/28,0,"7,8",30
Hotel Turia,14441,NA,Valencia,1,1,€ 50,2019/12/27,2019/12/28,4,"7,5",30
Residencia Universitaria Damia Bonet,247451,NA,Valencia,1,1,€ 75,2019/12/27,2019/12/28,0,"8,3",30
Nanit Valencia Hostel,3913497,NA,Valencia,1,1,€ 75,2019/12/27,2019/12/28,0,"8,4",30
NH Valencia Las Artes,90731,NA,Valencia,1,1,NA,2019/12/27,2019/12/28,4,"8,4",30
L'Otelet By Sweet,1467935,NA,Valencia,1,1,€ 77,2019/12/27,2019/12/28,0,"8,3",30
Happy Apartments Valencia – Lope de Vega,575582,NA,Valencia,1,1,€ 79,2019/12/27,2019/12/28,0,"8,1",30
Stay at Valencia Downtown,1840715,NA,Valencia,1,1,NA,2019/12/27,2019/12/28,0,"9,5",30
Eurostars Gran Valencia,90484,NA,Valencia,1,1,NA,2019/12/27,2019/12/28,4,"8,4",30
Hotel Medium Valencia,96838,NA,Valencia,1,1,NA,2019/12/27,2019/12/28,4,"8,2",30
NH Valencia Center,90727,NA,Valencia,1,1,NA,2019/12/27,2019/12/28,4,"8,3",30
Hotel Valencia Center,91285,NA,Valencia,1,1,NA,2019/12/27,2019/12/28,4,"8,4",30
Senator Parque Central Hotel,274963,NA,Valencia,1,1,NA,2019/12/27,2019/12/28,4,"8,1",30
Silken Puerta Valencia,91182,NA,Valencia,1,1,NA,2019/12/27,2019/12/28,4,"8,3",30
Apartments Torres de Serranos Valencia,1099602,NA,Valencia,1,1,NA,2019/12/27,2019/12/28,0,"9,7",30
Carrer de l'Escriptor Rafael Ferreres,4267645,NA,Valencia,1,1,€ 85,2019/12/27,2019/12/28,0,"8,4",30
Ilunion Valencia 4,754329,NA,Valencia,1,1,NA,2019/12/27,2019/12/28,4,"8,1",30
Sweet Hotel Continental,93856,NA,Valencia,1,1,NA,2019/12/27,2019/12/28,2,"8,3",30
Cervantes Holiday Flats Valencia,1163273,NA,Valencia,1,1,€ 162,2019/12/27,2019/12/28,0,"8,7",30
ValentiaApartments - MercadoCentral,4185241,NA,Valencia,1,1,€ 174,2019/12/27,2019/12/28,0,"8,8",30
Apartamento Bolseria 28,881275,NA,Valencia,1,1,NA,2019/12/27,2019/12/28,0,"9,5",30
Happy Apartments Valencia,456043,NA,Valencia,1,1,€ 99,2019/12/27,2019/12/28,0,"8,2",30
Ilunion Aqua 3,92776,NA,Valencia,1,1,NA,2019/12/27,2019/12/28,3,"8,3",30
Vincci Lys,91183,NA,Valencia,1,1,€ 178,2019/12/27,2019/12/28,4,"8,9",30
Vincci Palace,94163,NA,Valencia,1,1,€ 178,2019/12/27,2019/12/28,4,"8,7",30
The Westin Valencia,93321,NA,Valencia,1,1,€ 188,2019/12/27,2019/12/28,5,"8,7",30
Plaza de la Virgen,3167342,NA,Valencia,1,1,€ 190,2019/12/27,2019/12/28,0,"8,8",30
Cathedral Suites Hotel,1736257,NA,Valencia,1,1,€ 190,2019/12/27,2019/12/28,4,"8,9",30
Hospes Palau de La Mar,93823,NA,Valencia,1,1,€ 194,2019/12/27,2019/12/28,5,"8,8",30
Valencia Just in the Middle,2965508,NA,Valencia,1,1,NA,2019/12/27,2019/12/28,0,"9,8",30
Edificio Pentagono,4673669,NA,Valencia,1,1,€ 210,2019/12/27,2019/12/28,0,"8,9",30
Zerka Sendra,4657122,NA,Valencia,1,1,€ 249,2019/12/27,2019/12/28,0,"8,9",30
Center Valencia Youth Hostel,246931,NA,Valencia,1,1,€ 22,2019/12/27,2019/12/28,0,8,30
Double Room in VALENCIA,5665653,NA,Valencia,1,1,€ 25,2019/12/27,2019/12/28,0,"8,3",30
Habitación en Valencia Centro,5418023,NA,Valencia,1,1,€ 30,2019/12/27,2019/12/28,0,"8,1",30
Red Nest Hostel,92283,NA,Valencia,1,1,€ 36,2019/12/27,2019/12/28,0,"8,2",30
Casa La Buhardilla,2985364,NA,Valencia,1,1,NA,2019/12/27,2019/12/28,0,"9,6",30
Habitacion en Valencia Barata,4861796,NA,Valencia,1,1,€ 40,2019/12/27,2019/12/28,0,"8,2",30
Habitacion en Valencia,4861732,NA,Valencia,1,1,€ 45,2019/12/27,2019/12/28,0,"8,2",30
Purple Nest Hostel,25278,NA,Valencia,1,1,€ 45,2019/12/27,2019/12/28,0,"8,2",30
Aparthotel Valencia Rental,17344,NA,Valencia,1,1,€ 47,2019/12/27,2019/12/28,0,8,30
B&B Hi Valencia Canovas,305349,NA,Valencia,1,1,€ 48,2019/12/27,2019/12/28,0,"8,3",30
Hostal Abastos,257057,NA,Valencia,1,1,€ 48,2019/12/27,2019/12/28,2,"8,2",30
El Corazon de Canovas,2634817,NA,Valencia,1,1,NA,2019/12/27,2019/12/28,0,"9,5",30
Urban Youth Hostel,1163025,NA,Valencia,1,1,€ 50,2019/12/27,2019/12/28,0,"8,4",30
Habitaciones con Encanto,5629632,NA,Valencia,1,1,€ 50,2019/12/27,2019/12/28,0,"8,2",30
Hotel Villacarlos,90730,NA,Valencia,1,1,€ 51,2019/12/27,2019/12/28,3,8,30
Pension MonaLisa Luxury Suites,3834224,NA,Valencia,1,1,€ 56,2019/12/27,2019/12/28,0,"8,2",30
NH Valencia Las Ciencias,90725,NA,Valencia,1,1,€ 60,2019/12/27,2019/12/28,3,8,30
