name,propertyId,propertyType,city,rooms,days,price,checkIn,checkOut,stars,score,advance
The White Apartment: Luxury- Beach and Design,5631365,NA,Valencia,1,1,€ 167,2019/11/15,2019/11/16,0,,14
"Flat ""Ca Alexandre""",3687859,NA,Valencia,1,1,€ 240,2019/11/15,2019/11/16,0,,14
Calle de Frederica Montseny 'Política' Casa o chalet,5152866,NA,Valencia,1,1,NA,2019/11/15,2019/11/16,0,"9,6",14
LACASAMALVA1 PLAYA DE VALENCIA,5679960,NA,Valencia,1,1,€ 298,2019/11/15,2019/11/16,0,,14
Apartment Carrer de Josep Aguirre,5646705,NA,Valencia,1,1,€ 608,2019/11/15,2019/11/16,0,,14
Disfruta - Enjoy Valencia Ruzafa,3890328,NA,Valencia,1,1,€ 135,2019/11/15,2019/11/16,0,"9,7",14
Ramirez Flats & Bar,4124528,NA,Valencia,1,1,€ 140,2019/11/15,2019/11/16,0,"9,5",14
PLAYA POBLA DE FARNALS,5508533,NA,Valencia,1,1,NA,2019/11/15,2019/11/16,0,10,14
Casa Calle Conquista,4691493,NA,Valencia,1,1,€ 150,2019/11/15,2019/11/16,0,"9,5",14
Valencian Dreams,3268804,NA,Valencia,1,1,€ 196,2019/11/15,2019/11/16,0,"9,8",14
Hotel Cosmo,4838858,NA,Valencia,1,1,€ 239,2019/11/15,2019/11/16,3,"9,8",14
BONNIES Suites & Spa Valencia,3631910,NA,Valencia,1,1,€ 256,2019/11/15,2019/11/16,0,"9,8",14
Cantagua Hostel,4074640,NA,Valencia,1,1,€ 55,2019/11/15,2019/11/16,0,"9,1",14
Apartamentos La más Bonita,2816245,NA,Valencia,1,1,€ 113,2019/11/15,2019/11/16,0,9,14
MerKat-Abastos,1231196,NA,Valencia,1,1,NA,2019/11/15,2019/11/16,0,"9,6",14
Citizentral Juristas,1113127,NA,Valencia,1,1,€ 129,2019/11/15,2019/11/16,0,"9,2",14
Rooms Ciencias,94126,NA,Valencia,1,1,€ 131,2019/11/15,2019/11/16,0,9,14
Silken Puerta Valencia,91182,NA,Valencia,1,1,€ 176,2019/11/15,2019/11/16,4,"8,3",14
Hotel Valencia Center,91285,NA,Valencia,1,1,€ 178,2019/11/15,2019/11/16,4,"8,4",14
APARTMENTS VALENCIA CENTER,5180014,NA,Valencia,1,1,NA,2019/11/15,2019/11/16,0,"9,5",14
Eurostars Rey Don Jaime,91520,NA,Valencia,1,1,€ 179,2019/11/15,2019/11/16,4,"8,2",14
Eurostars Gran Valencia,90484,NA,Valencia,1,1,€ 179,2019/11/15,2019/11/16,4,"8,4",14
Hotel Conqueridor,91047,NA,Valencia,1,1,€ 180,2019/11/15,2019/11/16,4,"8,4",14
Ilunion Valencia 4,754329,NA,Valencia,1,1,€ 184,2019/11/15,2019/11/16,4,"8,1",14
NH Valencia Center,90727,NA,Valencia,1,1,€ 192,2019/11/15,2019/11/16,4,"8,3",14
Senator Parque Central Hotel,274963,NA,Valencia,1,1,€ 194,2019/11/15,2019/11/16,4,"8,1",14
Constitución,4229663,NA,Valencia,1,1,NA,2019/11/15,2019/11/16,0,"9,5",14
NH Valencia Las Artes,90731,NA,Valencia,1,1,€ 197,2019/11/15,2019/11/16,4,"8,4",14
Valenciaflats Centro Ciudad,18544,NA,Valencia,1,1,€ 133,2019/11/15,2019/11/16,0,"9,2",14
Mon Suites San Martin,2777545,NA,Valencia,1,1,€ 138,2019/11/15,2019/11/16,0,"9,4",14
BUBUSUITES by Bubuflats,2389776,NA,Valencia,1,1,€ 145,2019/11/15,2019/11/16,0,"9,3",14
SHF Flats Baron,1033085,NA,Valencia,1,1,€ 209,2019/11/15,2019/11/16,0,8,14
Zerka Centro,4425975,NA,Valencia,1,1,€ 229,2019/11/15,2019/11/16,0,"8,4",14
Holiday Inn Express Ciudad de las Ciencias,96737,NA,Valencia,1,1,€ 270,2019/11/15,2019/11/16,3,8,14
Habitación Céntrica en Casa de Familia,4289877,NA,Valencia,1,1,€ 25,2019/11/15,2019/11/16,0,"7,7",14
Olvida tu Reloj Montichelvo Apartment,3258095,NA,Valencia,1,1,€ 146,2019/11/15,2019/11/16,0,"9,4",14
Bruno Apartment,2715023,NA,Valencia,1,1,NA,2019/11/15,2019/11/16,0,"9,7",14
Mon Suites San Nicolas,4117225,NA,Valencia,1,1,€ 147,2019/11/15,2019/11/16,0,"9,2",14
ARENAS 2 APARTAMENT,2808815,NA,Valencia,1,1,€ 150,2019/11/15,2019/11/16,0,9,14
B BEACH VALENCIA,5125954,NA,Valencia,1,1,€ 150,2019/11/15,2019/11/16,0,"9,1",14
Apartament Cura Femenia,2010355,NA,Valencia,1,1,€ 151,2019/11/15,2019/11/16,0,"9,3",14
MD Design Hotel - Portal del Real,2391685,NA,Valencia,1,1,€ 157,2019/11/15,2019/11/16,2,"9,1",14
Apart and Benef,2291245,NA,Valencia,1,1,€ 29,2019/11/15,2019/11/16,0,"7,9",14
Luxury Beach House,3602594,NA,Valencia,1,1,NA,2019/11/15,2019/11/16,0,"9,8",14
Habitacion por dias Centro Valencia,3977106,NA,Valencia,1,1,€ 43,2019/11/15,2019/11/16,0,"7,8",14
Valencia City Host,1177077,NA,Valencia,1,1,€ 44,2019/11/15,2019/11/16,0,"7,7",14
Hostal Venecia,92883,NA,Valencia,1,1,€ 158,2019/11/15,2019/11/16,2,"9,1",14
Apartment Sofi,2830696,NA,Valencia,1,1,NA,2019/11/15,2019/11/16,0,"9,8",14
Mon Suites Catedral,485679,NA,Valencia,1,1,€ 160,2019/11/15,2019/11/16,0,"9,2",14
Adrian's House,2271869,NA,Valencia,1,1,€ 50,2019/11/15,2019/11/16,0,"7,7",14
Attic Rooms in Botánico,5522932,NA,Valencia,1,1,€ 70,2019/11/15,2019/11/16,0,"7,6",14
Hospederia del Pilar,327766,NA,Valencia,1,1,€ 72,2019/11/15,2019/11/16,0,"7,9",14
Habitación San Cayetano,4624401,NA,Valencia,1,1,€ 80,2019/11/15,2019/11/16,0,"7,5",14
El Palacete Gran Via,3483148,NA,Valencia,1,1,€ 171,2019/11/15,2019/11/16,0,"8,7",14
Hotel Valencia Oceanic Managed by Melia Hotels International,91522,NA,Valencia,1,1,€ 190,2019/11/15,2019/11/16,4,"8,6",14
La seda stay,3335523,NA,Valencia,1,1,NA,2019/11/15,2019/11/16,0,"9,7",14
AC Hotel Colon Valencia,1117150,NA,Valencia,1,1,€ 198,2019/11/15,2019/11/16,4,"8,7",14
Apartments Madrina,3278589,NA,Valencia,1,1,€ 200,2019/11/15,2019/11/16,0,"8,9",14
Melia Plaza Valencia,13270,NA,Valencia,1,1,€ 209,2019/11/15,2019/11/16,4,"8,9",14
Zenit Valencia,92327,NA,Valencia,1,1,€ 212,2019/11/15,2019/11/16,4,"8,8",14
El 16 Ruzafa,865461,NA,Valencia,1,1,€ 140,2019/11/15,2019/11/16,0,"7,7",14
B&B Hotel Valencia Ciudad de las Ciencias,92242,NA,Valencia,1,1,€ 143,2019/11/15,2019/11/16,3,"7,5",14
El Corazon de Canovas,2634817,NA,Valencia,1,1,NA,2019/11/15,2019/11/16,0,"9,5",14
Cosy Rooms Tapinería,371192,NA,Valencia,1,1,€ 146,2019/11/15,2019/11/16,2,"7,5",14
Disfruta - Enjoy Valencia Oceanografic,4121345,NA,Valencia,1,1,NA,2019/11/15,2019/11/16,0,"9,6",14
UP Hostel Valencia,1710137,NA,Valencia,1,1,€ 92,2019/11/15,2019/11/16,0,"7,7",14
Hotel Turia,14441,NA,Valencia,1,1,€ 115,2019/11/15,2019/11/16,4,"7,5",14
Ilunion Valencia 3,92818,NA,Valencia,1,1,€ 131,2019/11/15,2019/11/16,3,"7,9",14
Expo Hotel Valencia,91223,NA,Valencia,1,1,€ 137,2019/11/15,2019/11/16,3,"7,6",14
Valencia Lounge Hostel,337203,NA,Valencia,1,1,€ 137,2019/11/15,2019/11/16,0,"7,7",14
Zalamera BnB,1331238,NA,Valencia,1,1,€ 126,2019/11/15,2019/11/16,0,"8,7",14
Lotelito,570027,NA,Valencia,1,1,€ 129,2019/11/15,2019/11/16,0,"8,9",14
Ayuntamiento Panoramic,3089239,NA,Valencia,1,1,NA,2019/11/15,2019/11/16,0,"9,5",14
Live in Chianti,2227491,NA,Valencia,1,1,€ 160,2019/11/15,2019/11/16,0,"9,1",14
Apartamentos Wallace,1698355,NA,Valencia,1,1,€ 161,2019/11/15,2019/11/16,0,"9,2",14
Valenciaflats Ciudad de las Ciencias,93676,NA,Valencia,1,1,€ 161,2019/11/15,2019/11/16,0,"9,1",14
Aventura,5567318,NA,Valencia,1,1,€ 150,2019/11/15,2019/11/16,0,"7,8",14
Malvarrosa Calle Pavia,3608764,NA,Valencia,1,1,€ 179,2019/11/15,2019/11/16,0,"7,9",14
OYO Pensión El Rincón,476031,NA,Valencia,1,1,€ 180,2019/11/15,2019/11/16,1,"7,5",14
Original Domino House,5434091,NA,Valencia,1,1,€ 129,2019/11/15,2019/11/16,0,"8,7",14
Casa del Patriarca,364834,NA,Valencia,1,1,€ 133,2019/11/15,2019/11/16,0,"8,9",14
ABCyou Bed&Breakfast,189207,NA,Valencia,1,1,€ 134,2019/11/15,2019/11/16,0,"8,5",14
Hotel Malcom and Barret,483261,NA,Valencia,1,1,€ 135,2019/11/15,2019/11/16,3,"8,7",14
Hi Valencia Cánovas,4312120,NA,Valencia,1,1,€ 214,2019/11/15,2019/11/16,0,"8,8",14
Friendly Rentals Schubert,1634221,NA,Valencia,1,1,€ 218,2019/11/15,2019/11/16,0,"8,8",14
Colón Market Downtown,4607745,NA,Valencia,1,1,NA,2019/11/15,2019/11/16,0,"9,6",14
Blanq Comedias,4922002,NA,Valencia,1,1,€ 162,2019/11/15,2019/11/16,0,9,14
Habitaciones Rusafa,5604325,NA,Valencia,1,1,€ 180,2019/11/15,2019/11/16,0,"7,7",14
SHF Plaza de la Reina,1682520,NA,Valencia,1,1,€ 196,2019/11/15,2019/11/16,0,"7,8",14
Lounge by the sea,4756780,NA,Valencia,1,1,NA,2019/11/15,2019/11/16,0,"9,8",14
Musico Peydro Apartments,3765069,NA,Valencia,1,1,€ 407,2019/11/15,2019/11/16,0,"7,9",14
Select Home Town Hall,1648016,NA,Valencia,1,1,€ 420,2019/11/15,2019/11/16,0,"7,5",14
MD Benlliure Beach.,1957258,NA,Valencia,1,1,€ 437,2019/11/15,2019/11/16,0,"7,8",14
Guest House Samuel Ros,4161855,NA,Valencia,1,1,€ 30,2019/11/15,2019/11/16,0,"7,2",14
ValentiaApartments - MercadoCentral,4185241,NA,Valencia,1,1,€ 219,2019/11/15,2019/11/16,0,"8,8",14
Vincci Palace,94163,NA,Valencia,1,1,€ 220,2019/11/15,2019/11/16,4,"8,7",14
Vincci Lys,91183,NA,Valencia,1,1,€ 220,2019/11/15,2019/11/16,4,"8,9",14
Zen House,3671621,NA,Valencia,1,1,€ 39,2019/11/15,2019/11/16,0,"7,1",14
Habitación con cama doble,4794909,NA,Valencia,1,1,€ 41,2019/11/15,2019/11/16,0,"7,3",14
Disfruta - Enjoy Valencia Centre,3881970,NA,Valencia,1,1,NA,2019/11/15,2019/11/16,0,"9,8",14
Geography and Arts.,3569110,NA,Valencia,1,1,€ 60,2019/11/15,2019/11/16,0,"7,1",14
AC Hotel Valencia,91063,NA,Valencia,1,1,€ 220,2019/11/15,2019/11/16,4,"8,5",14
Boutique Creative Rooms,2334726,NA,Valencia,1,1,€ 225,2019/11/15,2019/11/16,0,"8,8",14
Enjoy Flat Valencia,3991548,NA,Valencia,1,1,€ 225,2019/11/15,2019/11/16,0,"8,6",14
Hexagonal Design Apartment Valencia,4630643,NA,Valencia,1,1,NA,2019/11/15,2019/11/16,0,"9,5",14
Barceló Valencia,91988,NA,Valencia,1,1,€ 239,2019/11/15,2019/11/16,4,"8,7",14
Apartments Plaza Ayuntamiento,3506736,NA,Valencia,1,1,€ 245,2019/11/15,2019/11/16,0,"8,6",14
Hotel San Lorenzo Boutique,1307718,NA,Valencia,1,1,€ 135,2019/11/15,2019/11/16,3,"8,6",14
Hulot B&B Valencia,585429,NA,Valencia,1,1,€ 136,2019/11/15,2019/11/16,0,"8,5",14
Apartamento Frederick “Centrico y con Clase”,4236394,NA,Valencia,1,1,NA,2019/11/15,2019/11/16,0,"9,7",14
Zerka Sendra,4657122,NA,Valencia,1,1,€ 249,2019/11/15,2019/11/16,0,"8,9",14
One Shot Palacio Reina Victoria 04,90885,NA,Valencia,1,1,€ 249,2019/11/15,2019/11/16,4,"8,6",14
Blanq Carmen Hotel,97069,NA,Valencia,1,1,€ 254,2019/11/15,2019/11/16,3,"8,7",14
Pio XII Apartments Valencia,402080,NA,Valencia,1,1,€ 270,2019/11/15,2019/11/16,0,"8,5",14
Mi casa es vuestra casa,4967097,NA,Valencia,1,1,€ 70,2019/11/15,2019/11/16,0,"7,1",14
Centro Valencia Calle Cerrajeros,3476261,NA,Valencia,1,1,€ 75,2019/11/15,2019/11/16,0,"7,1",14
B&B El Mercat,2203530,NA,Valencia,1,1,€ 100,2019/11/15,2019/11/16,0,"7,2",14
Ambrosio Flats Valencia - El Mercat,3131649,NA,Valencia,1,1,NA,2019/11/15,2019/11/16,0,"9,5",14
SH Ingles Boutique Hotel,92956,NA,Valencia,1,1,€ 295,2019/11/15,2019/11/16,4,"8,5",14
Cathedral Suites Hotel,1736257,NA,Valencia,1,1,€ 295,2019/11/15,2019/11/16,4,"8,9",14
Hospes Palau de La Mar,93823,NA,Valencia,1,1,€ 405,2019/11/15,2019/11/16,5,"8,8",14
Petit Palace Plaza de la Reina,90443,NA,Valencia,1,1,€ 430,2019/11/15,2019/11/16,3,"8,7",14
The Westin Valencia,93321,NA,Valencia,1,1,€ 594,2019/11/15,2019/11/16,5,"8,7",14
BUBUFLATS Mossén,1141763,NA,Valencia,1,1,€ 140,2019/11/15,2019/11/16,0,"8,9",14
Apartamentos Plaza Picasso,97063,NA,Valencia,1,1,€ 140,2019/11/15,2019/11/16,0,"8,5",14
Casual Vintage Valencia,1710241,NA,Valencia,1,1,€ 141,2019/11/15,2019/11/16,2,"8,6",14
Petit Palace Ruzafa,90792,NA,Valencia,1,1,€ 143,2019/11/15,2019/11/16,3,"8,7",14
Malvarrosa Beach Rooms,314048,NA,Valencia,1,1,€ 100,2019/11/15,2019/11/16,2,7,14
Atico Ruzafa,2508716,NA,Valencia,1,1,€ 106,2019/11/15,2019/11/16,0,"7,4",14
Garden Turia Downtown,5201200,NA,Valencia,1,1,NA,2019/11/15,2019/11/16,0,"9,7",14
NWT Monserrat,3728842,NA,Valencia,1,1,€ 140,2019/11/15,2019/11/16,0,7,14
B&B Hi Valencia Boutique,1301725,NA,Valencia,1,1,€ 145,2019/11/15,2019/11/16,0,"8,7",14
Soho Valencia,1538641,NA,Valencia,1,1,€ 149,2019/11/15,2019/11/16,0,"8,9",14
Apartment Regne De Valencia,1533033,NA,Valencia,1,1,NA,2019/11/15,2019/11/16,0,"9,5",14
Cosy Rooms Bolsería,371606,NA,Valencia,1,1,€ 146,2019/11/15,2019/11/16,2,"7,4",14
Cosy Rooms Embajador,369728,NA,Valencia,1,1,€ 157,2019/11/15,2019/11/16,2,"7,4",14
HOSTAL BED OF THE SEA,3974636,NA,Valencia,1,1,€ 160,2019/11/15,2019/11/16,0,"7,1",14
Balandra Flat,2032624,NA,Valencia,1,1,€ 150,2019/11/15,2019/11/16,0,"8,5",14
Casual del Cine Valencia,572187,NA,Valencia,1,1,€ 151,2019/11/15,2019/11/16,2,"8,6",14
Hotel Kramer,91106,NA,Valencia,1,1,€ 153,2019/11/15,2019/11/16,3,"8,8",14
Friendly Rentals Soler,1634237,NA,Valencia,1,1,€ 156,2019/11/15,2019/11/16,0,"8,7",14
Jardín Botánico Hotel Boutique,93369,NA,Valencia,1,1,€ 158,2019/11/15,2019/11/16,3,"8,9",14
Reina Rooms,4211140,NA,Valencia,1,1,€ 159,2019/11/15,2019/11/16,0,"8,9",14
Cómoda habitación Valencia,4200488,NA,Valencia,1,1,NA,2019/11/15,2019/11/16,0,"9,5",14
Hotel El Siglo,1741479,NA,Valencia,1,1,€ 160,2019/11/15,2019/11/16,3,"8,5",14
Les flors,3985046,NA,Valencia,1,1,€ 165,2019/11/15,2019/11/16,0,"8,7",14
Melia Valencia,290493,NA,Valencia,1,1,€ 166,2019/11/15,2019/11/16,4,"8,8",14
Best Valencia Beach Flat,3246772,NA,Valencia,1,1,€ 196,2019/11/15,2019/11/16,0,"7,1",14
UNIK. Apartments Valencia,2241282,NA,Valencia,1,1,€ 168,2019/11/15,2019/11/16,0,"8,5",14
Friendly Rentals Pergolesi,1634240,NA,Valencia,1,1,€ 170,2019/11/15,2019/11/16,0,"8,5",14
Habitacion en Valencia Barata,4861796,NA,Valencia,1,1,€ 40,2019/11/15,2019/11/16,0,"8,2",14
Center Valencia Youth Hostel,246931,NA,Valencia,1,1,€ 44,2019/11/15,2019/11/16,0,8,14
Preciosa Casita Cerca Del Mar,4057271,NA,Valencia,1,1,NA,2019/11/15,2019/11/16,0,"9,7",14
Red Nest Hostel,92283,NA,Valencia,1,1,€ 52,2019/11/15,2019/11/16,0,"8,2",14
Purple Nest Hostel,25278,NA,Valencia,1,1,€ 59,2019/11/15,2019/11/16,0,"8,2",14
Aparthotel Valencia Rental,17344,NA,Valencia,1,1,€ 87,2019/11/15,2019/11/16,0,8,14
Pension MonaLisa Luxury Suites,3834224,NA,Valencia,1,1,€ 94,2019/11/15,2019/11/16,0,"8,2",14
Hostal Penalty,189209,NA,Valencia,1,1,€ 100,2019/11/15,2019/11/16,1,8,14
B&B Hi Valencia Canovas,305349,NA,Valencia,1,1,€ 110,2019/11/15,2019/11/16,0,"8,3",14
Apartment Cabanyal,3172456,NA,Valencia,1,1,NA,2019/11/15,2019/11/16,0,"9,7",14
Happy Apartments Valencia,456043,NA,Valencia,1,1,€ 119,2019/11/15,2019/11/16,0,"8,2",14
Apartamento Privado Próximo a Playa y Ciencias,3783163,NA,Valencia,1,1,€ 120,2019/11/15,2019/11/16,0,"8,3",14
Ilunion Aqua 3,92776,NA,Valencia,1,1,€ 131,2019/11/15,2019/11/16,3,"8,3",14
MD Modern Hotel - Jardines,305447,NA,Valencia,1,1,€ 133,2019/11/15,2019/11/16,1,"8,3",14
Valenciaflats Torres de Serrano,17468,NA,Valencia,1,1,€ 133,2019/11/15,2019/11/16,0,"8,3",14
City Suites Apartments,3091106,NA,Valencia,1,1,€ 135,2019/11/15,2019/11/16,0,"8,3",14
Valencia center,3168460,NA,Valencia,1,1,NA,2019/11/15,2019/11/16,0,"9,8",14
United Colors of Apartments - Catedral,1301545,NA,Valencia,1,1,€ 143,2019/11/15,2019/11/16,0,"8,2",14
Tryp Valencia Feria,92852,NA,Valencia,1,1,€ 143,2019/11/15,2019/11/16,4,"8,4",14
Sweet Hotel Continental,93856,NA,Valencia,1,1,€ 144,2019/11/15,2019/11/16,2,"8,3",14
Hotel Medium Valencia,96838,NA,Valencia,1,1,€ 144,2019/11/15,2019/11/16,4,"8,2",14
NH Ciudad de Valencia,90729,NA,Valencia,1,1,€ 145,2019/11/15,2019/11/16,3,"8,1",14
Urban Youth Hostel,1163025,NA,Valencia,1,1,€ 148,2019/11/15,2019/11/16,0,"8,4",14
Casa Botànic - Céntrico y con comodidades,4218273,NA,Valencia,1,1,NA,2019/11/15,2019/11/16,0,"9,8",14
Dormavalencia Hostel Regne,291755,NA,Valencia,1,1,€ 150,2019/11/15,2019/11/16,1,8,14
Habitaciones con Encanto,5629632,NA,Valencia,1,1,€ 150,2019/11/15,2019/11/16,0,"8,1",14
NWT Central Station Apartments,3964093,NA,Valencia,1,1,€ 159,2019/11/15,2019/11/16,0,"8,3",14
Sweet Hotel Renasa,274818,NA,Valencia,1,1,€ 169,2019/11/15,2019/11/16,3,8,14
Apartamento Turistico en Valencia,2877605,NA,Valencia,1,1,€ 175,2019/11/15,2019/11/16,0,"8,1",14
Select Home Catedral,440778,NA,Valencia,1,1,€ 340,2019/11/15,2019/11/16,0,"7,1",14
Guest House Lebon,3124256,NA,Valencia,1,1,€ 39,2019/11/15,2019/11/16,0,"6,8",14
PORT VALENCIA PLAYA,5259971,NA,Valencia,1,1,NA,2019/11/15,2019/11/16,0,"9,8",14
Hogar Dulce Hogar,5426607,NA,Valencia,1,1,€ 108,2019/11/15,2019/11/16,0,"6,8",14
Habitación en Colon,2246576,NA,Valencia,1,1,€ 160,2019/11/15,2019/11/16,0,"6,7",14
Premium Apartments,486507,NA,Valencia,1,1,€ 190,2019/11/15,2019/11/16,0,"6,9",14
Select Home Boutique Center,387770,NA,Valencia,1,1,€ 350,2019/11/15,2019/11/16,0,"6,8",14
Fun and Sun Center 2,2944416,NA,Valencia,1,1,€ 72,2019/11/15,2019/11/16,0,6,14
Guest House Higinio Noja,2845935,NA,Valencia,1,1,€ 30,2019/11/15,2019/11/16,0,"5,9",14
Stay at Valencia Downtown,1840715,NA,Valencia,1,1,NA,2019/11/15,2019/11/16,0,"9,5",14
Ruzafa Guesthouse,2269176,NA,Valencia,1,1,€ 58,2019/11/15,2019/11/16,0,"5,5",14
Carrer del Bisbe Jaume Pérez,4900140,NA,Valencia,1,1,€ 60,2019/11/15,2019/11/16,0,"5,9",14
Oliver,4865093,NA,Valencia,1,1,€ 66,2019/11/15,2019/11/16,0,"5,4",14
Guest House Torres de Quart,2275006,NA,Valencia,1,1,€ 67,2019/11/15,2019/11/16,0,"5,3",14
Guest House Ruzafa,2324552,NA,Valencia,1,1,€ 94,2019/11/15,2019/11/16,0,"5,1",14
Guesthouse Plaza de Toros,2985902,NA,Valencia,1,1,€ 88,2019/11/15,2019/11/16,0,"4,8",14
Sorolla Centro,90896,NA,Valencia,1,1,€ 168,2019/11/15,2019/11/16,3,"9,1",14
Biopark View Apartment,2381901,NA,Valencia,1,1,€ 173,2019/11/15,2019/11/16,0,9,14
Central Park Apartment Valencia,3881533,NA,Valencia,1,1,NA,2019/11/15,2019/11/16,0,"9,5",14
NH Collection Colón Valencia,3828811,NA,Valencia,1,1,€ 179,2019/11/15,2019/11/16,4,"9,2",14
Valencia Apartamentos Goya,4256653,NA,Valencia,1,1,NA,2019/11/15,2019/11/16,0,"9,9",14
Helle & ruhige Zimmer nähe Strand,5698199,NA,Valencia,1,1,€ 30,2019/11/15,2019/11/16,0,,14
Valencia- habitacion,5366858,NA,Valencia,1,1,€ 60,2019/11/15,2019/11/16,0,,14
Cabanyal Apartments Beach,5402234,NA,Valencia,1,1,€ 70,2019/11/15,2019/11/16,0,,14
Hotel Boutique Balandret,1281710,NA,Valencia,1,1,€ 181,2019/11/15,2019/11/16,3,"9,2",14
Hotel Valencia Alameda,4019381,NA,Valencia,1,1,€ 233,2019/11/15,2019/11/16,4,"9,2",14
MYR Hotel Plaza Mercado & Spa,1619029,NA,Valencia,1,1,€ 259,2019/11/15,2019/11/16,0,"9,2",14
AvantGarden Bed & Breakfast,5632754,NA,Valencia,1,1,€ 89,2019/11/15,2019/11/16,0,,14
Aparment Canarias,3753027,NA,Valencia,1,1,€ 99,2019/11/15,2019/11/16,0,,14
Kirei Apartment Dublin,4639542,NA,Valencia,1,1,€ 103,2019/11/15,2019/11/16,0,,14
So de Mar,2204496,NA,Valencia,1,1,NA,2019/11/15,2019/11/16,0,"9,6",14
Vincci Mercat,1279484,NA,Valencia,1,1,€ 264,2019/11/15,2019/11/16,4,9,14
One Shot Mercat 09,2274203,NA,Valencia,1,1,€ 279,2019/11/15,2019/11/16,4,"9,1",14
Apartamento Forn dels Apòstols,3122008,NA,Valencia,1,1,NA,2019/11/15,2019/11/16,0,"9,6",14
EL ATICO,5680427,NA,Valencia,1,1,€ 107,2019/11/15,2019/11/16,0,,14
Piso cercano al centro ( 5 min BUS),5607299,NA,Valencia,1,1,€ 120,2019/11/15,2019/11/16,0,,14
11Carrer de Pizarro Valencia,5772054,NA,Valencia,1,1,€ 155,2019/11/15,2019/11/16,0,,14
ACOGEDOR - CON TERRAZA - EN EL PLENO CENTRO,5715086,NA,Valencia,1,1,€ 160,2019/11/15,2019/11/16,0,,14
MARQUÉS HOUSE 4* SUP,2118880,NA,Valencia,1,1,€ 319,2019/11/15,2019/11/16,4,"9,4",14
Caro Hotel,348132,NA,Valencia,1,1,€ 349,2019/11/15,2019/11/16,5,"9,2",14
Las Arenas Balneario Resort,91144,NA,Valencia,1,1,€ 351,2019/11/15,2019/11/16,5,9,14
Resiolé Mercado Central,5772964,NA,Valencia,1,1,€ 160,2019/11/15,2019/11/16,0,,14
Masatepe Room Valencia,5687127,NA,Valencia,1,1,€ 30,2019/11/15,2019/11/16,0,"8,9",14
Art&Flats Bed&Breakfast,5238345,NA,Valencia,1,1,€ 34,2019/11/15,2019/11/16,0,"8,8",14
Double Room in VALENCIA,5665653,NA,Valencia,1,1,€ 35,2019/11/15,2019/11/16,0,"8,9",14
Valencia what else...,2550483,NA,Valencia,1,1,NA,2019/11/15,2019/11/16,0,"9,5",14
Homestay Carrer Sagun,5006434,NA,Valencia,1,1,€ 50,2019/11/15,2019/11/16,0,"8,8",14
Home Youth Hostel by Feetup Hostels,189322,NA,Valencia,1,1,€ 69,2019/11/15,2019/11/16,0,"8,8",14
Carrer de l'Escriptor Rafael Ferreres,4267645,NA,Valencia,1,1,€ 70,2019/11/15,2019/11/16,0,"8,6",14
Bianca,4232781,NA,Valencia,1,1,€ 74,2019/11/15,2019/11/16,0,"8,9",14
Casa de Maria,2467712,NA,Valencia,1,1,€ 80,2019/11/15,2019/11/16,0,"8,7",14
YOU & CO. Saler Beach Boutique,4533007,NA,Valencia,1,1,€ 97,2019/11/15,2019/11/16,3,"8,9",14
Opera House Valencia B&B,3533887,NA,Valencia,1,1,NA,2019/11/15,2019/11/16,0,"9,5",14
SKY TOURISTIC ATTIC,281640,NA,Valencia,1,1,€ 108,2019/11/15,2019/11/16,0,"8,5",14
Suites by Eric Olsan (Florista),4726450,NA,Valencia,1,1,€ 111,2019/11/15,2019/11/16,0,"8,5",14
Citizentral Gascons,332095,NA,Valencia,1,1,€ 116,2019/11/15,2019/11/16,0,"8,8",14
Valenciaflats Centro Histórico,94781,NA,Valencia,1,1,€ 120,2019/11/15,2019/11/16,0,"8,7",14
Hotel Olympia Universidades,1301731,NA,Valencia,1,1,€ 125,2019/11/15,2019/11/16,3,"8,5",14
