name,propertyId,propertyType,city,rooms,days,price,checkIn,checkOut,stars,score,advance
Apartment Carrer de Josep Aguirre,5646705,NA,Valencia,1,1,€ 810,2020/01/04,2020/01/05,0,,60
Ca Carmela,2466364,NA,Valencia,1,1,€ 280,2020/01/04,2020/01/05,0,"9,1",60
V home,2146641,NA,Valencia,1,1,€ 300,2020/01/04,2020/01/05,0,"9,2",60
Cool Loft Malvarrosa Beach,4309218,NA,Valencia,1,1,NA,2020/01/04,2020/01/05,0,"9,5",60
Valencia maritimo,3020748,NA,Valencia,1,1,€ 75,2020/01/04,2020/01/05,0,"8,8",60
Old Fisherman's House in Malvarrosa Beach,3618172,NA,Valencia,1,1,€ 480,2020/01/04,2020/01/05,0,"9,4",60
Masatepe Room Valencia,5687127,NA,Valencia,1,1,€ 30,2020/01/04,2020/01/05,0,"8,7",60
Pensión Alicante,298710,NA,Valencia,1,1,€ 38,2020/01/04,2020/01/05,0,"8,5",60
Homestay Carrer Sagun,5006434,NA,Valencia,1,1,€ 50,2020/01/04,2020/01/05,0,"8,8",60
Art&Flats Bed&Breakfast,5238345,NA,Valencia,1,1,€ 50,2020/01/04,2020/01/05,0,"8,8",60
Home Youth Hostel by Feetup Hostels,189322,NA,Valencia,1,1,€ 51,2020/01/04,2020/01/05,0,"8,9",60
Stay at Valencia Downtown,1840715,NA,Valencia,1,1,NA,2020/01/04,2020/01/05,0,"9,5",60
Estrella de russafa,5352439,NA,Valencia,1,1,€ 55,2020/01/04,2020/01/05,0,"8,7",60
Habitación en piso compartido,5433175,NA,Valencia,1,1,€ 55,2020/01/04,2020/01/05,0,"8,9",60
Russafa Youth Hostel,345134,NA,Valencia,1,1,€ 56,2020/01/04,2020/01/05,0,"8,6",60
Pio XII Apartments Valencia,402080,NA,Valencia,1,1,€ 56,2020/01/04,2020/01/05,0,"8,5",60
Hotel Olympia Universidades,1301731,NA,Valencia,1,1,€ 56,2020/01/04,2020/01/05,3,"8,5",60
València Centre Torres de Quart,886289,NA,Valencia,1,1,€ 75,2020/01/04,2020/01/05,0,"8,9",60
ApartUP Patacona Deluxe,2565246,NA,Valencia,1,1,NA,2020/01/04,2020/01/05,0,"9,6",60
València Centre Túria,2185255,NA,Valencia,1,1,€ 75,2020/01/04,2020/01/05,0,"8,8",60
Balcón Al Mar,295109,NA,Valencia,1,1,€ 56,2020/01/04,2020/01/05,0,"8,5",60
Lounge by the sea,4756780,NA,Valencia,1,1,NA,2020/01/04,2020/01/05,0,"9,8",60
Zalamera BnB,1331238,NA,Valencia,1,1,€ 60,2020/01/04,2020/01/05,0,"8,7",60
Eurostars Acteón,90495,NA,Valencia,1,1,€ 62,2020/01/04,2020/01/05,4,"8,5",60
Hotel Malcom and Barret,483261,NA,Valencia,1,1,€ 64,2020/01/04,2020/01/05,3,"8,7",60
Ad Hoc Carmen,1173270,NA,Valencia,1,1,€ 66,2020/01/04,2020/01/05,2,"8,9",60
ABCyou Bed&Breakfast,189207,NA,Valencia,1,1,€ 66,2020/01/04,2020/01/05,0,"8,5",60
Sercotel Sorolla Palace,93646,NA,Valencia,1,1,€ 77,2020/01/04,2020/01/05,4,"8,6",60
Jardín Botánico Hotel Boutique,93369,NA,Valencia,1,1,€ 77,2020/01/04,2020/01/05,3,"8,9",60
Apartamentos Plaza Picasso,97063,NA,Valencia,1,1,€ 79,2020/01/04,2020/01/05,0,"8,5",60
Hulot B&B Valencia,585429,NA,Valencia,1,1,€ 68,2020/01/04,2020/01/05,0,"8,5",60
Valencia Just in the Middle,2965508,NA,Valencia,1,1,NA,2020/01/04,2020/01/05,0,"9,9",60
Bianca,4232781,NA,Valencia,1,1,€ 69,2020/01/04,2020/01/05,0,"8,9",60
Ilunion Aqua 4,92777,NA,Valencia,1,1,€ 74,2020/01/04,2020/01/05,4,"8,6",60
YOU & CO. Saler Beach Boutique,4533007,NA,Valencia,1,1,€ 75,2020/01/04,2020/01/05,3,"8,9",60
Apartaments San Pio V,2456151,NA,Valencia,1,1,€ 75,2020/01/04,2020/01/05,0,"8,9",60
Melia Valencia,290493,NA,Valencia,1,1,€ 79,2020/01/04,2020/01/05,4,"8,8",60
Hi Valencia Cánovas,4312120,NA,Valencia,1,1,€ 80,2020/01/04,2020/01/05,0,"8,8",60
Apartments Torres de Serranos Valencia,1099602,NA,Valencia,1,1,NA,2020/01/04,2020/01/05,0,"9,7",60
UNIK. Apartments Valencia,2241282,NA,Valencia,1,1,€ 81,2020/01/04,2020/01/05,0,"8,5",60
Hotel Kramer,91106,NA,Valencia,1,1,€ 81,2020/01/04,2020/01/05,3,"8,8",60
Colors Rooms,675839,NA,Valencia,1,1,€ 50,2020/01/04,2020/01/05,0,"9,5",60
Hotel Valencia Oceanic Managed by Melia Hotels International,91522,NA,Valencia,1,1,€ 75,2020/01/04,2020/01/05,4,"8,6",60
Apartments Downtown Valencia,2250421,NA,Valencia,1,1,€ 80,2020/01/04,2020/01/05,0,"9,6",60
Opera House Valencia B&B,3533887,NA,Valencia,1,1,NA,2020/01/04,2020/01/05,0,"9,5",60
Calle de Frederica Montseny 'Política' Casa o chalet,5152866,NA,Valencia,1,1,€ 95,2020/01/04,2020/01/05,0,"9,6",60
Casa La Buhardilla,2985364,NA,Valencia,1,1,€ 97,2020/01/04,2020/01/05,0,"9,6",60
Cabanyal Apartment con patio,4323384,NA,Valencia,1,1,€ 99,2020/01/04,2020/01/05,0,"9,5",60
ÁTICO EN EL CENTRO DE VALENCIA VT-45939-T,4752815,NA,Valencia,1,1,€ 100,2020/01/04,2020/01/05,0,"9,6",60
Valencian Dreams Lonja,4757385,NA,Valencia,1,1,€ 100,2020/01/04,2020/01/05,0,"9,8",60
Ramirez Flats & Bar,4124528,NA,Valencia,1,1,€ 113,2020/01/04,2020/01/05,0,"9,5",60
Apartamento Forn dels Apòstols,3122008,NA,Valencia,1,1,NA,2020/01/04,2020/01/05,0,"9,6",60
Hotel Cosmo,4838858,NA,Valencia,1,1,€ 132,2020/01/04,2020/01/05,3,"9,8",60
Ciudad Ciencias- Lujo- Parking- Wi-Fi.,4999636,NA,Valencia,1,1,€ 140,2020/01/04,2020/01/05,0,"9,8",60
Apartamento cerca Ciudad de las Ciencias con WIFI,3070842,NA,Valencia,1,1,€ 170,2020/01/04,2020/01/05,0,"9,5",60
Olympia Flats,4212801,NA,Valencia,1,1,€ 90,2020/01/04,2020/01/05,0,"9,7",60
Casa Calle Conquista,4691493,NA,Valencia,1,1,€ 240,2020/01/04,2020/01/05,0,"9,5",60
Host & Home,1663785,NA,Valencia,1,1,€ 60,2020/01/04,2020/01/05,0,9,60
Atico Loft Ruzafa,3152977,NA,Valencia,1,1,NA,2020/01/04,2020/01/05,0,"9,7",60
Habitación privada a 1500 metros de la playa,3789910,NA,Valencia,1,1,€ 60,2020/01/04,2020/01/05,0,"9,3",60
Apartamento bianca,3205847,NA,Valencia,1,1,€ 74,2020/01/04,2020/01/05,0,"9,1",60
Malvarrosa Beach Rooms,314048,NA,Valencia,1,1,€ 70,2020/01/04,2020/01/05,2,7,60
Apartment Horticultor Bosch,1148669,NA,Valencia,1,1,€ 70,2020/01/04,2020/01/05,0,"7,3",60
Vivaldi Center City,2791614,NA,Valencia,1,1,NA,2020/01/04,2020/01/05,0,"9,1",60
Mi casa es vuestra casa,4967097,NA,Valencia,1,1,€ 70,2020/01/04,2020/01/05,0,"7,1",60
NWT Central Station Valencia,1647017,NA,Valencia,1,1,€ 74,2020/01/04,2020/01/05,0,"7,1",60
Almiserat,3054886,NA,Valencia,1,1,€ 80,2020/01/04,2020/01/05,0,"7,1",60
Guest House Samuel Ros,4161855,NA,Valencia,1,1,€ 90,2020/01/04,2020/01/05,0,"7,2",60
HOSTAL BED OF THE SEA,3974636,NA,Valencia,1,1,€ 100,2020/01/04,2020/01/05,0,"7,1",60
Spain Host Valencia Centro- San Vicente II,2567628,NA,Valencia,1,1,€ 106,2020/01/04,2020/01/05,0,"7,3",60
Olvida tu Reloj Montichelvo Apartment,3258095,NA,Valencia,1,1,NA,2020/01/04,2020/01/05,0,"9,4",60
Select Home Catedral,440778,NA,Valencia,1,1,€ 170,2020/01/04,2020/01/05,0,"7,1",60
Best Valencia Beach Flat,3246772,NA,Valencia,1,1,€ 190,2020/01/04,2020/01/05,0,"7,1",60
Ruzafa Rooms,2891693,NA,Valencia,1,1,€ 48,2020/01/04,2020/01/05,0,"6,8",60
Brugada home,5259150,NA,Valencia,1,1,€ 75,2020/01/04,2020/01/05,0,"6,9",60
Hotel Boutique Balandret,1281710,NA,Valencia,1,1,€ 76,2020/01/04,2020/01/05,3,"9,2",60
Piso en Playa de Valencia,5533098,NA,Valencia,1,1,€ 80,2020/01/04,2020/01/05,0,"9,4",60
Live in Chianti,2227491,NA,Valencia,1,1,€ 80,2020/01/04,2020/01/05,0,"9,1",60
Casa del Patriarca,364834,NA,Valencia,1,1,€ 81,2020/01/04,2020/01/05,0,"8,9",60
Hotel Dimar,90886,NA,Valencia,1,1,€ 81,2020/01/04,2020/01/05,4,"8,7",60
Casual del Cine Valencia,572187,NA,Valencia,1,1,€ 82,2020/01/04,2020/01/05,2,"8,6",60
Florista's Room en Valencia,5502152,NA,Valencia,1,1,€ 83,2020/01/04,2020/01/05,0,"8,9",60
So de Mar,2204496,NA,Valencia,1,1,NA,2020/01/04,2020/01/05,0,"9,6",60
B&B Hi Valencia Boutique,1301725,NA,Valencia,1,1,€ 85,2020/01/04,2020/01/05,0,"8,7",60
Hotel Valencia Alameda,4019381,NA,Valencia,1,1,€ 80,2020/01/04,2020/01/05,4,"9,2",60
Valencia what else...,2550483,NA,Valencia,1,1,NA,2020/01/04,2020/01/05,0,"9,5",60
Hostal Venecia,92883,NA,Valencia,1,1,€ 84,2020/01/04,2020/01/05,2,"9,1",60
Rooms Ciencias,94126,NA,Valencia,1,1,€ 86,2020/01/04,2020/01/05,0,9,60
Hogar Dulce Hogar,5426607,NA,Valencia,1,1,€ 90,2020/01/04,2020/01/05,0,"6,8",60
Casita Esmeralda,2040126,NA,Valencia,1,1,€ 144,2020/01/04,2020/01/05,0,"6,5",60
MD Julio Antonio Apartment Center,3961049,NA,Valencia,1,1,NA,2020/01/04,2020/01/05,0,"9,2",60
Sorolla Centro,90896,NA,Valencia,1,1,€ 88,2020/01/04,2020/01/05,3,"9,1",60
Una Ubicacion Perfecta,3114164,NA,Valencia,1,1,€ 90,2020/01/04,2020/01/05,0,"9,1",60
Blanq Comedias,4922002,NA,Valencia,1,1,€ 90,2020/01/04,2020/01/05,0,9,60
Ruzafa Guesthouse,2269176,NA,Valencia,1,1,€ 40,2020/01/04,2020/01/05,0,"5,5",60
Guest House Torres de Quart,2275006,NA,Valencia,1,1,€ 29,2020/01/04,2020/01/05,0,"5,3",60
Guest House Ruzafa,2324552,NA,Valencia,1,1,€ 34,2020/01/04,2020/01/05,0,"5,1",60
Carrer de l'Escriptor Rafael Ferreres,4267645,NA,Valencia,1,1,€ 85,2020/01/04,2020/01/05,0,"8,6",60
Barceló Valencia,91988,NA,Valencia,1,1,€ 86,2020/01/04,2020/01/05,4,"8,7",60
Original Domino House,5434091,NA,Valencia,1,1,€ 87,2020/01/04,2020/01/05,0,"8,7",60
Habitación doble,3599930,NA,Valencia,1,1,€ 90,2020/01/04,2020/01/05,0,"8,8",60
Gon & Diego House,4899561,NA,Valencia,1,1,€ 40,2020/01/04,2020/01/05,0,"5,4",60
Oliver,4865093,NA,Valencia,1,1,€ 83,2020/01/04,2020/01/05,0,"5,3",60
Port of Valencia,3805735,NA,Valencia,1,1,€ 150,2020/01/04,2020/01/05,0,5,60
Olvida tu Reloj Congresos Apartment,2448036,NA,Valencia,1,1,NA,2020/01/04,2020/01/05,0,"9,2",60
Guest House Duc de Gaeta,2275007,NA,Valencia,1,1,€ 29,2020/01/04,2020/01/05,0,"4,9",60
Malvarosa,3820590,NA,Valencia,1,1,€ 190,2020/01/04,2020/01/05,0,"3,9",60
Rest room Evi,5710566,NA,Valencia,1,1,€ 26,2020/01/04,2020/01/05,0,,60
Helle & ruhige Zimmer nähe Strand,5698199,NA,Valencia,1,1,€ 36,2020/01/04,2020/01/05,0,,60
Tu BedAndBreakFast con Encanto en Valencia,5777187,NA,Valencia,1,1,€ 40,2020/01/04,2020/01/05,0,,60
Habitación Céntrica en Casa de Familia,4289877,NA,Valencia,1,1,€ 35,2020/01/04,2020/01/05,0,"7,7",60
SKY TOURISTIC ATTIC,281640,NA,Valencia,1,1,€ 90,2020/01/04,2020/01/05,0,"8,5",60
Apartamento Alameda,1698817,NA,Valencia,1,1,NA,2020/01/04,2020/01/05,0,"9,5",60
Apartments Madrina,3278589,NA,Valencia,1,1,€ 92,2020/01/04,2020/01/05,0,"8,9",60
AC Hotel Valencia,91063,NA,Valencia,1,1,€ 94,2020/01/04,2020/01/05,4,"8,5",60
Soho Valencia,1538641,NA,Valencia,1,1,€ 96,2020/01/04,2020/01/05,0,"8,9",60
Plaza Sainetero Arniches,3984774,NA,Valencia,1,1,€ 97,2020/01/04,2020/01/05,0,"8,5",60
Casual Vintage Valencia,1710241,NA,Valencia,1,1,€ 99,2020/01/04,2020/01/05,2,"8,6",60
Apartamentos El Olivo,1985143,NA,Valencia,1,1,€ 96,2020/01/04,2020/01/05,0,"9,3",60
City Garden Bed and Breakfast,2204361,NA,Valencia,1,1,€ 98,2020/01/04,2020/01/05,0,"9,4",60
Habitacion por dias Centro Valencia,3977106,NA,Valencia,1,1,€ 36,2020/01/04,2020/01/05,0,"7,8",60
Apartamento en la Ciudad de las ciencias,2837499,NA,Valencia,1,1,NA,2020/01/04,2020/01/05,0,"9,2",60
HOSPEDAJE PESET,4718074,NA,Valencia,1,1,€ 40,2020/01/04,2020/01/05,0,"7,5",60
Hostal On Dormire Valencia,432305,NA,Valencia,1,1,€ 44,2020/01/04,2020/01/05,0,"7,8",60
Hotel Beleret,94652,NA,Valencia,1,1,€ 45,2020/01/04,2020/01/05,3,"7,6",60
Casual Civilizaciones Valencia,449777,NA,Valencia,1,1,€ 45,2020/01/04,2020/01/05,0,"7,9",60
Valencia City Host,1177077,NA,Valencia,1,1,€ 46,2020/01/04,2020/01/05,0,"7,8",60
Apartamento Frederick “Centrico y con Clase”,4236394,NA,Valencia,1,1,NA,2020/01/04,2020/01/05,0,"9,7",60
La casita de Palomar,2132386,NA,Valencia,1,1,€ 99,2020/01/04,2020/01/05,0,"9,3",60
Casual Vintage Valencia,1710241,NA,Valencia,1,1,€ 99,2020/01/04,2020/01/05,2,"8,6",60
Boutique Creative Rooms,2334726,NA,Valencia,1,1,€ 99,2020/01/04,2020/01/05,0,"8,7",60
L'Esplai Valencia Bed & Breakfast,1282556,NA,Valencia,1,1,NA,2020/01/04,2020/01/05,0,"9,5",60
Mon Suites Catedral,485679,NA,Valencia,1,1,€ 100,2020/01/04,2020/01/05,0,"9,2",60
Sunny Apartment in Valencia,4142038,NA,Valencia,1,1,€ 100,2020/01/04,2020/01/05,0,9,60
Dama Del Puerto,3230781,NA,Valencia,1,1,€ 100,2020/01/04,2020/01/05,0,9,60
Mestalla Paradise,4734619,NA,Valencia,1,1,€ 100,2020/01/04,2020/01/05,0,"9,2",60
Apartamento cerca de la Playa y el Centro,2620264,NA,Valencia,1,1,€ 100,2020/01/04,2020/01/05,0,9,60
La seda stay,3335523,NA,Valencia,1,1,NA,2020/01/04,2020/01/05,0,"9,7",60
Habitacion en Valencia,4861732,NA,Valencia,1,1,€ 45,2020/01/04,2020/01/05,0,"8,4",60
Center Valencia Youth Hostel,246931,NA,Valencia,1,1,€ 46,2020/01/04,2020/01/05,0,8,60
Total Valencia White,2201908,NA,Valencia,1,1,NA,2020/01/04,2020/01/05,0,9,60
Mon Suites San Nicolas,4117225,NA,Valencia,1,1,€ 101,2020/01/04,2020/01/05,0,"9,2",60
MYR Hotel Plaza Mercado & Spa,1619029,NA,Valencia,1,1,€ 105,2020/01/04,2020/01/05,0,"9,2",60
WeRentVLC Sunny Terrace Ruzafa,2906716,NA,Valencia,1,1,€ 105,2020/01/04,2020/01/05,0,"9,4",60
Comfort Homestay,5423155,NA,Valencia,1,1,€ 105,2020/01/04,2020/01/05,0,9,60
Expo Hotel Valencia,91223,NA,Valencia,1,1,€ 50,2020/01/04,2020/01/05,3,"7,6",60
Tres Forques,2854630,NA,Valencia,1,1,NA,2020/01/04,2020/01/05,0,"9,4",60
Habitaciones Rusafa,5604325,NA,Valencia,1,1,€ 50,2020/01/04,2020/01/05,0,"7,6",60
Casual de la Música Valencia,273130,NA,Valencia,1,1,€ 53,2020/01/04,2020/01/05,2,"7,5",60
El Palacete Gran Via,3483148,NA,Valencia,1,1,€ 99,2020/01/04,2020/01/05,0,"8,7",60
Melia Plaza Valencia,13270,NA,Valencia,1,1,€ 99,2020/01/04,2020/01/05,4,"8,9",60
Zenit Valencia,92327,NA,Valencia,1,1,€ 99,2020/01/04,2020/01/05,4,"8,8",60
Cosy Rooms Tapinería,371192,NA,Valencia,1,1,€ 54,2020/01/04,2020/01/05,2,"7,5",60
Como en casa,4802186,NA,Valencia,1,1,€ 54,2020/01/04,2020/01/05,0,"7,9",60
B&B Hotel Valencia Ciudad de las Ciencias,92242,NA,Valencia,1,1,€ 56,2020/01/04,2020/01/05,3,"7,5",60
Piso como en tu casa 2,3834617,NA,Valencia,1,1,€ 106,2020/01/04,2020/01/05,0,"9,2",60
Valenciaflats Mercado Central,307677,NA,Valencia,1,1,€ 106,2020/01/04,2020/01/05,0,9,60
Habitacion doble en piso compartido,5645604,NA,Valencia,1,1,€ 51,2020/01/04,2020/01/05,0,,60
Colón Market Downtown,4607745,NA,Valencia,1,1,NA,2020/01/04,2020/01/05,0,"9,6",60
Palau de Palomar,471283,NA,Valencia,1,1,€ 109,2020/01/04,2020/01/05,0,"9,1",60
Cozy apartment in Valencia! WI-FI !,4447072,NA,Valencia,1,1,€ 110,2020/01/04,2020/01/05,0,"9,4",60
Checkin Valencia,93743,NA,Valencia,1,1,€ 58,2020/01/04,2020/01/05,4,"7,7",60
CheValenciaFlats,2064099,NA,Valencia,1,1,NA,2020/01/04,2020/01/05,0,9,60
Hostal Bisbal,235665,NA,Valencia,1,1,€ 58,2020/01/04,2020/01/05,1,"7,5",60
Aventura,5567318,NA,Valencia,1,1,€ 60,2020/01/04,2020/01/05,0,"7,8",60
Room in apartment,3701648,NA,Valencia,1,1,€ 60,2020/01/04,2020/01/05,0,"7,7",60
Habitacion Apartamento soleado Plaza Escultor Frechina,4865043,NA,Valencia,1,1,€ 60,2020/01/04,2020/01/05,0,"7,7",60
Valencia Lounge Hostel,337203,NA,Valencia,1,1,€ 62,2020/01/04,2020/01/05,0,"7,7",60
Apartamentos Wallace,1698355,NA,Valencia,1,1,€ 110,2020/01/04,2020/01/05,0,"9,2",60
One Shot Mercat 09,2274203,NA,Valencia,1,1,€ 110,2020/01/04,2020/01/05,4,"9,1",60
United Colors of Apartments Boutique Style,5372347,NA,Valencia,1,1,€ 110,2020/01/04,2020/01/05,0,"9,2",60
Valenciaflats Centro Ciudad,18544,NA,Valencia,1,1,€ 110,2020/01/04,2020/01/05,0,"9,2",60
Centro en Valencia,2885222,NA,Valencia,1,1,NA,2020/01/04,2020/01/05,0,"9,5",60
Peset Silence,3698967,NA,Valencia,1,1,€ 63,2020/01/04,2020/01/05,0,"7,5",60
La Casa Chica del Carmen,2757078,NA,Valencia,1,1,NA,2020/01/04,2020/01/05,0,"9,2",60
Attic Rooms in Botánico,5522932,NA,Valencia,1,1,€ 65,2020/01/04,2020/01/05,0,"7,6",60
Jero Rooms,296743,NA,Valencia,1,1,€ 66,2020/01/04,2020/01/05,0,"7,6",60
Nest Style Valencia,5219046,NA,Valencia,1,1,€ 118,2020/01/04,2020/01/05,3,"9,3",60
Hi Valencia Apartments - Jorge Juan,2373701,NA,Valencia,1,1,€ 119,2020/01/04,2020/01/05,0,"9,4",60
Apartamento en el centro de Valencia,4709659,NA,Valencia,1,1,€ 120,2020/01/04,2020/01/05,0,9,60
Rooms Valencia Center,5507857,NA,Valencia,1,1,€ 67,2020/01/04,2020/01/05,0,"7,8",60
Ilunion Valencia 3,92818,NA,Valencia,1,1,€ 71,2020/01/04,2020/01/05,3,"7,9",60
Habitación en Valencia,5477394,NA,Valencia,1,1,€ 72,2020/01/04,2020/01/05,0,"7,5",60
APARTAMENTO CENTRICO. WI-FI. PARKING,2967593,NA,Valencia,1,1,€ 120,2020/01/04,2020/01/05,0,"9,1",60
L'Arbre,3972359,NA,Valencia,1,1,€ 120,2020/01/04,2020/01/05,0,"9,1",60
SH Valencia Palace,91497,NA,Valencia,1,1,€ 100,2020/01/04,2020/01/05,5,"8,5",60
Lotelito,570027,NA,Valencia,1,1,€ 101,2020/01/04,2020/01/05,0,"8,9",60
One Shot Colón 46,1394168,NA,Valencia,1,1,€ 101,2020/01/04,2020/01/05,3,"8,7",60
Serranos Apartment,2698760,NA,Valencia,1,1,NA,2020/01/04,2020/01/05,0,"9,6",60
Albergue Juvenil Colegio Mayor Galileo Galilei,253103,NA,Valencia,1,1,€ 50,2020/01/04,2020/01/05,0,"8,1",60
Habitaciones con Encanto,5629632,NA,Valencia,1,1,€ 50,2020/01/04,2020/01/05,0,"8,1",60
Hotel Villacarlos,90730,NA,Valencia,1,1,€ 53,2020/01/04,2020/01/05,3,8,60
B&B Hi Valencia Canovas,305349,NA,Valencia,1,1,€ 53,2020/01/04,2020/01/05,0,"8,3",60
Valenciaflats Centro Histórico,94781,NA,Valencia,1,1,€ 101,2020/01/04,2020/01/05,0,"8,7",60
Reina Rooms,4211140,NA,Valencia,1,1,€ 106,2020/01/04,2020/01/05,0,"8,9",60
Hotel Mediterraneo Valencia,92412,NA,Valencia,1,1,€ 106,2020/01/04,2020/01/05,3,"8,8",60
Comoda habitacion,5695905,NA,Valencia,1,1,€ 58,2020/01/04,2020/01/05,0,,60
Forn desamparats,2380447,NA,Valencia,1,1,NA,2020/01/04,2020/01/05,0,"9,4",60
vosotros sereis parte de mi familia.,5299568,NA,Valencia,1,1,€ 60,2020/01/04,2020/01/05,0,,60
Valencia- habitacion,5366858,NA,Valencia,1,1,€ 65,2020/01/04,2020/01/05,0,,60
Minimalist room with balcony.FREE bikes & coffee 1,5776697,NA,Valencia,1,1,€ 79,2020/01/04,2020/01/05,0,,60
Bonito Apartamento- confortable y bien comunicado,5572090,NA,Valencia,1,1,€ 80,2020/01/04,2020/01/05,0,,60
Cabanyal Apartments Beach,5402234,NA,Valencia,1,1,€ 83,2020/01/04,2020/01/05,0,,60
YOU & CO Quart Boutique,5213598,NA,Valencia,1,1,€ 86,2020/01/04,2020/01/05,3,,60
Cozy apartment in Valencia center,3402135,NA,Valencia,1,1,NA,2020/01/04,2020/01/05,0,"9,1",60
COZY & MODERN Apartment next to Metro A. Guimerá,5516886,NA,Valencia,1,1,€ 88,2020/01/04,2020/01/05,0,,60
Casa Adosada Quintero,5481770,NA,Valencia,1,1,€ 92,2020/01/04,2020/01/05,0,,60
Aparment Canarias,3753027,NA,Valencia,1,1,€ 99,2020/01/04,2020/01/05,0,,60
Blanq Carmen Hotel,97069,NA,Valencia,1,1,€ 108,2020/01/04,2020/01/05,3,"8,7",60
Hotel Neptuno,91206,NA,Valencia,1,1,€ 108,2020/01/04,2020/01/05,4,"8,5",60
Victoria Site @ Mercat Central,1958462,NA,Valencia,1,1,€ 109,2020/01/04,2020/01/05,0,"8,6",60
Senator Parque Central Hotel,274963,NA,Valencia,1,1,€ 55,2020/01/04,2020/01/05,4,"8,1",60
Pension MonaLisa Luxury Suites,3834224,NA,Valencia,1,1,€ 56,2020/01/04,2020/01/05,0,"8,2",60
Hideout 26,5658117,NA,Valencia,1,1,NA,2020/01/04,2020/01/05,0,"9,9",60
Turia Burjassot 12,3237353,NA,Valencia,1,1,€ 110,2020/01/04,2020/01/05,0,"8,9",60
Burjassot Mestalla,3058627,NA,Valencia,1,1,€ 110,2020/01/04,2020/01/05,0,"8,6",60
Hotel San Lorenzo Boutique,1307718,NA,Valencia,1,1,€ 113,2020/01/04,2020/01/05,3,"8,6",60
AC Hotel Colon Valencia,1117150,NA,Valencia,1,1,€ 116,2020/01/04,2020/01/05,4,"8,7",60
One Shot Palacio Reina Victoria 04,90885,NA,Valencia,1,1,€ 118,2020/01/04,2020/01/05,4,"8,6",60
Vincci Palace,94163,NA,Valencia,1,1,€ 123,2020/01/04,2020/01/05,4,"8,7",60
Carrer de l'Arquitecte Alfaro 27 bajo derecha,4353398,NA,Valencia,1,1,€ 102,2020/01/04,2020/01/05,0,,60
Suit AVE (Valencia),5726860,NA,Valencia,1,1,€ 130,2020/01/04,2020/01/05,0,,60
Hotel Helen Berger,5159105,NA,Valencia,1,1,€ 145,2020/01/04,2020/01/05,4,,60
Apartment Savoy,1934973,NA,Valencia,1,1,NA,2020/01/04,2020/01/05,0,"9,2",60
Tramontana Apartments,1277215,NA,Valencia,1,1,NA,2020/01/04,2020/01/05,0,9,60
Sweet Hotel Renasa,274818,NA,Valencia,1,1,€ 56,2020/01/04,2020/01/05,3,8,60
Urban Youth Hostel,1163025,NA,Valencia,1,1,€ 57,2020/01/04,2020/01/05,0,"8,4",60
Cerca de la Playa- el Puerto y del Oceanográfico,5211380,NA,Valencia,1,1,€ 151,2020/01/04,2020/01/05,0,,60
NEW! Apartamento Ciudad de las Artes,5733189,NA,Valencia,1,1,€ 155,2020/01/04,2020/01/05,0,,60
The White Apartment: Luxury- Beach and Design,5631365,NA,Valencia,1,1,€ 167,2020/01/04,2020/01/05,0,,60
Villa Vista,4292942,NA,Valencia,1,1,€ 173,2020/01/04,2020/01/05,0,,60
Eurostars Rey Don Jaime,91520,NA,Valencia,1,1,€ 58,2020/01/04,2020/01/05,4,"8,2",60
NH Valencia Las Ciencias,90725,NA,Valencia,1,1,€ 63,2020/01/04,2020/01/05,3,8,60
Hotel Medium Valencia,96838,NA,Valencia,1,1,€ 63,2020/01/04,2020/01/05,4,"8,2",60
Tryp Valencia Feria,92852,NA,Valencia,1,1,€ 65,2020/01/04,2020/01/05,4,"8,3",60
HQ Rooms Apartments San Vicente,2894429,NA,Valencia,1,1,NA,2020/01/04,2020/01/05,0,"9,2",60
Alex Apartment,1756374,NA,Valencia,1,1,€ 65,2020/01/04,2020/01/05,0,8,60
Hostal Antigua Morellana,1273937,NA,Valencia,1,1,NA,2020/01/04,2020/01/05,1,"9,5",60
Apartamentos Valencia - Brazil 31 Free WiFi,4948554,NA,Valencia,1,1,€ 125,2020/01/04,2020/01/05,0,"8,7",60
Citizentral Gascons,332095,NA,Valencia,1,1,€ 126,2020/01/04,2020/01/05,0,"8,8",60
Casa Del Sueno,4292899,NA,Valencia,1,1,€ 173,2020/01/04,2020/01/05,0,,60
Apartment Passeig de la Petxina,5695771,NA,Valencia,1,1,€ 195,2020/01/04,2020/01/05,0,,60
Total Valencia Lonja,2263771,NA,Valencia,1,1,NA,2020/01/04,2020/01/05,0,"9,2",60
NH Valencia Las Artes,90731,NA,Valencia,1,1,€ 72,2020/01/04,2020/01/05,4,"8,4",60
Ilunion Valencia 4,754329,NA,Valencia,1,1,€ 74,2020/01/04,2020/01/05,4,"8,1",60
Reina 12,1684198,NA,Valencia,1,1,€ 74,2020/01/04,2020/01/05,0,"8,2",60
Hotel Alkazar,408511,NA,Valencia,1,1,€ 74,2020/01/04,2020/01/05,1,"8,1",60
SH Ingles Boutique Hotel,92956,NA,Valencia,1,1,€ 130,2020/01/04,2020/01/05,4,"8,5",60
Catalonia Excelsior,90578,NA,Valencia,1,1,€ 130,2020/01/04,2020/01/05,3,"8,7",60
Valencia City Designer Bioparc,3085078,NA,Valencia,1,1,€ 130,2020/01/04,2020/01/05,0,"8,9",60
City Suites Apartments,3091106,NA,Valencia,1,1,€ 74,2020/01/04,2020/01/05,0,"8,3",60
Amazing in Town Hall Square,3834085,NA,Valencia,1,1,NA,2020/01/04,2020/01/05,0,9,60
Hotel Valencia Center,91285,NA,Valencia,1,1,€ 75,2020/01/04,2020/01/05,4,"8,4",60
Ilunion Aqua 3,92776,NA,Valencia,1,1,€ 75,2020/01/04,2020/01/05,3,"8,3",60
Casual de las Artes Valencia,538056,NA,Valencia,1,1,€ 77,2020/01/04,2020/01/05,3,"8,4",60
Habitación en Valencia,5477394,NA,Valencia,1,1,€ 72,2020/01/04,2020/01/05,0,"7,5",60
OYO Pensión El Rincón,476031,NA,Valencia,1,1,€ 79,2020/01/04,2020/01/05,1,"7,5",60
Todo el centro histórico a tu alcance.,5610526,NA,Valencia,1,1,€ 197,2020/01/04,2020/01/05,0,,60
Apartment Carrer Ernesto Che Guevara,5598848,NA,Valencia,1,1,€ 211,2020/01/04,2020/01/05,0,,60
Apartment Carrer de Don Juan de Austria,5464038,NA,Valencia,1,1,€ 279,2020/01/04,2020/01/05,0,,60
ACOGEDOR - CON TERRAZA - EN EL PLENO CENTRO,5715086,NA,Valencia,1,1,€ 290,2020/01/04,2020/01/05,0,,60
LACASAMALVA1 PLAYA DE VALENCIA,5679960,NA,Valencia,1,1,€ 298,2020/01/04,2020/01/05,0,,60
Apartamento centro frente a Torres de Serrano,3408067,NA,Valencia,1,1,NA,2020/01/04,2020/01/05,0,"9,3",60
United Colors of Studios - Mercado Central,2574108,NA,Valencia,1,1,€ 88,2020/01/04,2020/01/05,0,"7,8",60
Homestay Valencia,2597106,NA,Valencia,1,1,€ 95,2020/01/04,2020/01/05,0,"7,9",60
Dr Lluch,4758818,NA,Valencia,1,1,€ 135,2020/01/04,2020/01/05,0,"8,5",60
Cathedral Suites Hotel,1736257,NA,Valencia,1,1,€ 139,2020/01/04,2020/01/05,4,"8,9",60
Lindala,5250762,NA,Valencia,1,1,NA,2020/01/04,2020/01/05,0,"9,5",60
Apartments Plaza Ayuntamiento,3506736,NA,Valencia,1,1,€ 146,2020/01/04,2020/01/05,0,"8,6",60
Hotel Turia,14441,NA,Valencia,1,1,€ 99,2020/01/04,2020/01/05,4,"7,5",60
Apartamento Alguer,4005334,NA,Valencia,1,1,€ 100,2020/01/04,2020/01/05,0,"7,6",60
L'Otelet By Sweet,1467935,NA,Valencia,1,1,€ 77,2020/01/04,2020/01/05,0,"8,3",60
NH Ciudad de Valencia,90729,NA,Valencia,1,1,€ 78,2020/01/04,2020/01/05,3,"8,1",60
Apartamento Angel Alcazar 35,2174625,NA,Valencia,1,1,€ 105,2020/01/04,2020/01/05,0,"7,5",60
Plaza Sainetero 5,3148458,NA,Valencia,1,1,€ 106,2020/01/04,2020/01/05,0,"7,7",60
COZY APARTMENT VALENCIA BEACHFRONT!,3128516,NA,Valencia,1,1,NA,2020/01/04,2020/01/05,0,"9,4",60
Apartment Florista,2150187,NA,Valencia,1,1,€ 120,2020/01/04,2020/01/05,0,"7,9",60
15 Avinguda Mare Nostrum,4518973,NA,Valencia,1,1,€ 120,2020/01/04,2020/01/05,0,"9,1",60
Citizentral Juristas,1113127,NA,Valencia,1,1,€ 121,2020/01/04,2020/01/05,0,"9,2",60
Apartment Cisneros 2,2361375,NA,Valencia,1,1,NA,2020/01/04,2020/01/05,0,"9,7",60
Apartamento LUXURY CENTRO HISTORICO,3664772,NA,Valencia,1,1,€ 149,2020/01/04,2020/01/05,0,"8,6",60
Plaza de la Virgen,3167342,NA,Valencia,1,1,€ 150,2020/01/04,2020/01/05,0,"8,8",60
Holiday Inn Express Ciudad de las Ciencias,96737,NA,Valencia,1,1,€ 121,2020/01/04,2020/01/05,3,"7,9",60
STYLISH APARTMENT - CITY CENTER,2861517,NA,Valencia,1,1,€ 140,2020/01/04,2020/01/05,0,"7,8",60
El 16 Ruzafa,865461,NA,Valencia,1,1,€ 159,2020/01/04,2020/01/05,0,"7,7",60
Friendly Rentals Vives 2,2523871,NA,Valencia,1,1,€ 155,2020/01/04,2020/01/05,0,"8,8",60
Vincci Lys,91183,NA,Valencia,1,1,€ 158,2020/01/04,2020/01/05,4,"8,9",60
The Westin Valencia,93321,NA,Valencia,1,1,€ 168,2020/01/04,2020/01/05,5,"8,7",60
Casa Chenano,4262208,NA,Valencia,1,1,NA,2020/01/04,2020/01/05,0,"9,5",60
Casual Socarrat Valencia,5142800,NA,Valencia,1,1,€ 129,2020/01/04,2020/01/05,3,"9,1",60
NH Collection Colón Valencia,3828811,NA,Valencia,1,1,€ 129,2020/01/04,2020/01/05,4,"9,1",60
Live in Chianti Apartaments,2882632,NA,Valencia,1,1,€ 132,2020/01/04,2020/01/05,0,"9,1",60
Mar & City Apartment,3456759,NA,Valencia,1,1,€ 170,2020/01/04,2020/01/05,0,"8,9",60
Apartamento Gran Vía Marqués del Turia,2358973,NA,Valencia,1,1,€ 170,2020/01/04,2020/01/05,0,"8,5",60
Biopark View Apartment,2381901,NA,Valencia,1,1,€ 133,2020/01/04,2020/01/05,0,9,60
Valenciaflats Ciudad de las Ciencias,93676,NA,Valencia,1,1,€ 133,2020/01/04,2020/01/05,0,"9,1",60
RUZAFA. Nice apartment and Terrace.,4368595,NA,Valencia,1,1,€ 135,2020/01/04,2020/01/05,0,"9,3",60
Select Home Town Hall,1648016,NA,Valencia,1,1,€ 195,2020/01/04,2020/01/05,0,"7,5",60
Malvarrosa Calle Pavia,3608764,NA,Valencia,1,1,€ 271,2020/01/04,2020/01/05,0,"7,9",60
Palacio de Rojas,1073276,NA,Valencia,1,1,NA,2020/01/04,2020/01/05,0,"9,3",60
Silken Puerta Valencia,91182,NA,Valencia,1,1,€ 79,2020/01/04,2020/01/05,4,"8,3",60
Primus Valencia,331871,NA,Valencia,1,1,€ 79,2020/01/04,2020/01/05,4,"8,3",60
Apartamento Casa con Angel,1079935,NA,Valencia,1,1,€ 173,2020/01/04,2020/01/05,0,"8,8",60
Enjoy Flat Valencia,3991548,NA,Valencia,1,1,€ 175,2020/01/04,2020/01/05,0,"8,6",60
Puerta de Serranos,2734333,NA,Valencia,1,1,€ 176,2020/01/04,2020/01/05,0,"8,9",60
Mr Flats Valencia 2,2580094,NA,Valencia,1,1,NA,2020/01/04,2020/01/05,0,9,60
Eurostars Gran Valencia,90484,NA,Valencia,1,1,€ 80,2020/01/04,2020/01/05,4,"8,4",60
APARTAMENTO LAS MELLIZAS,4651578,NA,Valencia,1,1,€ 49,2020/01/04,2020/01/05,0,"8,3",60
Apartamento acogedor para 4 personas,4391668,NA,Valencia,1,1,€ 90,2020/01/04,2020/01/05,0,8,60
Ca'delsPins,4110201,NA,Valencia,1,1,€ 290,2020/01/04,2020/01/05,0,"7,8",60
Apartment Plaza de la Merced,3457190,NA,Valencia,1,1,€ 470,2020/01/04,2020/01/05,0,"7,9",60
Hostal Waksman,281139,NA,Valencia,1,1,€ 30,2020/01/04,2020/01/05,1,"7,3",60
Habitación con cama doble,4794909,NA,Valencia,1,1,€ 41,2020/01/04,2020/01/05,0,"7,4",60
Hospes Palau de La Mar,93823,NA,Valencia,1,1,€ 187,2020/01/04,2020/01/05,5,"8,8",60
Cool Central Market,3424724,NA,Valencia,1,1,NA,2020/01/04,2020/01/05,0,"9,8",60
ApartUP Patacona Beach I,1712452,NA,Valencia,1,1,€ 187,2020/01/04,2020/01/05,0,"8,8",60
ValentiaApartments - MercadoCentral,4185241,NA,Valencia,1,1,€ 200,2020/01/04,2020/01/05,0,"8,8",60
Apartment Sofi,2830696,NA,Valencia,1,1,NA,2020/01/04,2020/01/05,0,"9,8",60
Loft zona Pechina en Valencia centro,2524985,NA,Valencia,1,1,€ 138,2020/01/04,2020/01/05,0,"9,1",60
MD Design Hotel - Portal del Real,2391685,NA,Valencia,1,1,€ 143,2020/01/04,2020/01/05,2,"9,1",60
NH Valencia Center,90727,NA,Valencia,1,1,€ 95,2020/01/04,2020/01/05,4,"8,3",60
Atico Ciutat Vella,3446230,NA,Valencia,1,1,€ 95,2020/01/04,2020/01/05,0,"8,2",60
Cozy fisherman's house,2241663,NA,Valencia,1,1,€ 95,2020/01/04,2020/01/05,0,"8,1",60
Sampedor Apartment,435662,NA,Valencia,1,1,€ 49,2020/01/04,2020/01/05,0,"7,1",60
Habitacion PLaza Ayuntamiento,4365340,NA,Valencia,1,1,€ 50,2020/01/04,2020/01/05,0,"7,3",60
Apartment Regne De Valencia,1533033,NA,Valencia,1,1,NA,2020/01/04,2020/01/05,0,"9,4",60
Apartment Valencia,348555,NA,Valencia,1,1,€ 95,2020/01/04,2020/01/05,0,8,60
Hotel Conqueridor,91047,NA,Valencia,1,1,€ 99,2020/01/04,2020/01/05,4,"8,4",60
Kasa Katia Eco Guest House,636256,NA,Valencia,1,1,NA,2020/01/04,2020/01/05,0,"9,3",60
Centro Valencia Calle Cerrajeros,3476261,NA,Valencia,1,1,€ 50,2020/01/04,2020/01/05,0,"7,1",60
Cosy Rooms Bolsería,371606,NA,Valencia,1,1,€ 54,2020/01/04,2020/01/05,2,"7,4",60
Cosy Rooms Embajador,369728,NA,Valencia,1,1,€ 59,2020/01/04,2020/01/05,2,"7,4",60
Apartamentos La más Bonita,2816245,NA,Valencia,1,1,€ 149,2020/01/04,2020/01/05,0,9,60
Las Arenas Balneario Resort,91144,NA,Valencia,1,1,€ 153,2020/01/04,2020/01/05,5,9,60
MARQUÉS HOUSE 4* SUP,2118880,NA,Valencia,1,1,€ 159,2020/01/04,2020/01/05,4,"9,4",60
Geography and Arts.,3569110,NA,Valencia,1,1,€ 60,2020/01/04,2020/01/05,0,"7,2",60
Plaza Redonda house.,4399973,NA,Valencia,1,1,€ 70,2020/01/04,2020/01/05,0,"7,4",60
Edificio Pentagono,4673669,NA,Valencia,1,1,€ 205,2020/01/04,2020/01/05,0,"8,9",60
Exclusive Beach Apartment,4641691,NA,Valencia,1,1,€ 205,2020/01/04,2020/01/05,0,"8,9",60
Petit Palace Plaza de la Reina,90443,NA,Valencia,1,1,€ 238,2020/01/04,2020/01/05,3,"8,7",60
Zerka Sendra,4657122,NA,Valencia,1,1,€ 309,2020/01/04,2020/01/05,0,"8,9",60
MD PASEO RUZAFA CENTER,5374850,NA,Valencia,1,1,NA,2020/01/04,2020/01/05,0,"9,5",60
Vincci Mercat,1279484,NA,Valencia,1,1,€ 165,2020/01/04,2020/01/05,4,9,60
Apartamento luminoso y acogedor,3489126,NA,Valencia,1,1,NA,2020/01/04,2020/01/05,0,"9,5",60
Mon Suites San Martin,2777545,NA,Valencia,1,1,€ 168,2020/01/04,2020/01/05,0,"9,4",60
Double Room in VALENCIA,5665653,NA,Valencia,1,1,€ 30,2020/01/04,2020/01/05,0,"8,4",60
Purple Nest Hostel,25278,NA,Valencia,1,1,€ 30,2020/01/04,2020/01/05,0,"8,2",60
Red Nest Hostel,92283,NA,Valencia,1,1,€ 43,2020/01/04,2020/01/05,0,"8,2",60
Welcome Apartamentos Pintor Stolz 31 Valencia,5019066,NA,Valencia,1,1,€ 170,2020/01/04,2020/01/05,0,"9,1",60
Center City Flats,861452,NA,Valencia,1,1,€ 171,2020/01/04,2020/01/05,0,9,60
ApartUP Viveros Pets,2834736,NA,Valencia,1,1,€ 187,2020/01/04,2020/01/05,0,"9,3",60
Reina's Apartment,2130930,NA,Valencia,1,1,€ 103,2020/01/04,2020/01/05,0,"8,3",60
Apartamento Plaza Sainetero,2743838,NA,Valencia,1,1,€ 106,2020/01/04,2020/01/05,0,"8,1",60
United Colors of Apartments - Catedral,1301545,NA,Valencia,1,1,€ 110,2020/01/04,2020/01/05,0,"8,2",60
Hostal Abastos,257057,NA,Valencia,1,1,€ 45,2020/01/04,2020/01/05,2,"8,2",60
Habitacion en Valencia Barata,4861796,NA,Valencia,1,1,€ 45,2020/01/04,2020/01/05,0,"8,2",60
Apartamento Torres,3654194,NA,Valencia,1,1,€ 115,2020/01/04,2020/01/05,0,"8,3",60
Apartments Abate 4,2848648,NA,Valencia,1,1,NA,2020/01/04,2020/01/05,0,"9,1",60
Carrer de María Montessori,3272386,NA,Valencia,1,1,€ 120,2020/01/04,2020/01/05,0,"8,2",60
Apartamento Privado Próximo a Playa y Ciencias,3783163,NA,Valencia,1,1,€ 120,2020/01/04,2020/01/05,0,"8,3",60
Valenciaflats Torres de Serrano,17468,NA,Valencia,1,1,€ 129,2020/01/04,2020/01/05,0,"8,3",60
Apartamento de Diseño en Ruzafa,4269940,NA,Valencia,1,1,€ 191,2020/01/04,2020/01/05,0,"9,4",60
Mediterranean Flats Plaza Redonda,4086496,NA,Valencia,1,1,€ 195,2020/01/04,2020/01/05,0,"9,2",60
Bruno Apartment,2715023,NA,Valencia,1,1,NA,2020/01/04,2020/01/05,0,"9,7",60
Welcome Platanos 13 Valencia Beautiful apartments with terrace,5095795,NA,Valencia,1,1,€ 129,2020/01/04,2020/01/05,0,"8,3",60
Patacona Beach Apartment,4533678,NA,Valencia,1,1,€ 150,2020/01/04,2020/01/05,0,"8,3",60
Casa los Peces,3234194,NA,Valencia,1,1,€ 154,2020/01/04,2020/01/05,0,"8,2",60
Loft Superior el Carmen,2784473,NA,Valencia,1,1,€ 197,2020/01/04,2020/01/05,0,"9,3",60
Caro Hotel,348132,NA,Valencia,1,1,€ 199,2020/01/04,2020/01/05,5,"9,2",60
The Flow House,4762375,NA,Valencia,1,1,€ 210,2020/01/04,2020/01/05,0,"9,1",60
Apartamento Playa Wifi Gratis,3495634,NA,Valencia,1,1,€ 220,2020/01/04,2020/01/05,0,"9,3",60
Austria 4,1605997,NA,Valencia,1,1,NA,2020/01/04,2020/01/05,0,9,60
Apartamento Obispo don Jerónimo,2079020,NA,Valencia,1,1,€ 157,2020/01/04,2020/01/05,0,"8,3",60
NWT Central Station Apartments,3964093,NA,Valencia,1,1,€ 179,2020/01/04,2020/01/05,0,"8,2",60
Arena's Apartament,2156905,NA,Valencia,1,1,€ 225,2020/01/04,2020/01/05,0,9,60
Zerka Centro,4425975,NA,Valencia,1,1,€ 199,2020/01/04,2020/01/05,0,"8,4",60
UP Hostel Valencia,1710137,NA,Valencia,1,1,€ 20,2020/01/04,2020/01/05,0,"7,7",60
Habitación San Cayetano,4624401,NA,Valencia,1,1,€ 30,2020/01/04,2020/01/05,0,"7,5",60
