name,propertyId,propertyType,city,rooms,days,price,checkIn,checkOut,stars,score,advance
Rest room Evi,5710566,NA,Valencia,1,1,€ 32,2019/12/15,2019/12/16,0,"9,5",30
Colors Rooms,675839,NA,Valencia,1,1,€ 40,2019/12/15,2019/12/16,0,"9,5",30
PLAYA POBLA DE FARNALS,5508533,NA,Valencia,1,1,NA,2019/12/15,2019/12/16,0,10,30
Ramirez Flats & Bar,4124528,NA,Valencia,1,1,€ 59,2019/12/15,2019/12/16,0,"9,5",30
Ciudad Ciencias- Lujo- Parking- Wi-Fi.,4999636,NA,Valencia,1,1,€ 70,2019/12/15,2019/12/16,0,"9,8",30
Bubuflats Bubu 3,1014334,NA,Valencia,1,1,€ 70,2019/12/15,2019/12/16,0,"9,5",30
Apartamentos Navío,5647176,NA,Valencia,1,1,€ 70,2019/12/15,2019/12/16,0,"9,6",30
Hostal Antigua Morellana,1273937,NA,Valencia,1,1,€ 70,2019/12/15,2019/12/16,1,"9,5",30
Hotel Cosmo,4838858,NA,Valencia,1,1,€ 72,2019/12/15,2019/12/16,3,"9,7",30
Cómoda habitación Valencia,4200488,NA,Valencia,1,1,NA,2019/12/15,2019/12/16,0,"9,5",30
Calle de Frederica Montseny 'Política' Casa o chalet,5152866,NA,Valencia,1,1,€ 75,2019/12/15,2019/12/16,0,"9,6",30
Piso en La Ciudad de Artes,3832790,NA,Valencia,1,1,€ 76,2019/12/15,2019/12/16,0,"9,7",30
LOFT apartamento duplex en Valencia con parking gratis,5519008,NA,Valencia,1,1,€ 80,2019/12/15,2019/12/16,0,"9,9",30
L'Esplai Valencia Bed & Breakfast,1282556,NA,Valencia,1,1,€ 81,2019/12/15,2019/12/16,0,"9,5",30
Valencian Dreams Lonja,4757385,NA,Valencia,1,1,€ 86,2019/12/15,2019/12/16,0,"9,5",30
Casa La Buhardilla,2985364,NA,Valencia,1,1,€ 97,2019/12/15,2019/12/16,0,"9,6",30
Central Park Apartment Valencia,3881533,NA,Valencia,1,1,NA,2019/12/15,2019/12/16,0,"9,5",30
Apartments Downtown Valencia,2250421,NA,Valencia,1,1,€ 100,2019/12/15,2019/12/16,0,"9,6",30
Flats Piera Valencia Center,1490563,NA,Valencia,1,1,€ 125,2019/12/15,2019/12/16,0,"9,7",30
RUZAFA- CENTRO-A/C- WI-FI- PARKING,2885994,NA,Valencia,1,1,€ 140,2019/12/15,2019/12/16,0,"9,7",30
Piso como en tu casa 2,3834617,NA,Valencia,1,1,€ 101,2019/12/15,2019/12/16,0,"9,2",30
Apartment Sofi,2830696,NA,Valencia,1,1,€ 145,2019/12/15,2019/12/16,0,"9,8",30
Casa Calle Conquista,4691493,NA,Valencia,1,1,€ 165,2019/12/15,2019/12/16,0,"9,5",30
Disfruta - Enjoy Valencia Centre,3881970,NA,Valencia,1,1,€ 179,2019/12/15,2019/12/16,0,"9,7",30
Opera House Valencia B&B,3533887,NA,Valencia,1,1,NA,2019/12/15,2019/12/16,0,"9,5",30
Disfruta - Enjoy Valencia Ruzafa,3890328,NA,Valencia,1,1,€ 179,2019/12/15,2019/12/16,0,"9,6",30
Disfruta - Enjoy Valencia Ayuntamiento,4901194,NA,Valencia,1,1,€ 209,2019/12/15,2019/12/16,0,"9,6",30
Disfruta - Enjoy Valencia Oceanografic,4121345,NA,Valencia,1,1,€ 209,2019/12/15,2019/12/16,0,"9,6",30
Mon Suites San Martin,2777545,NA,Valencia,1,1,€ 103,2019/12/15,2019/12/16,0,"9,4",30
Austria 4,1605997,NA,Valencia,1,1,NA,2019/12/15,2019/12/16,0,9,30
Apartamentos La más Bonita,2816245,NA,Valencia,1,1,€ 104,2019/12/15,2019/12/16,0,9,30
Forn desamparats,2380447,NA,Valencia,1,1,€ 105,2019/12/15,2019/12/16,0,"9,4",30
Comfort Homestay,5423155,NA,Valencia,1,1,€ 105,2019/12/15,2019/12/16,0,9,30
Rooms Ciencias,94126,NA,Valencia,1,1,€ 44,2019/12/15,2019/12/16,0,9,30
Cantagua Hostel,4074640,NA,Valencia,1,1,€ 46,2019/12/15,2019/12/16,0,"9,1",30
WeRentVLC Sunny Terrace Ruzafa,2906716,NA,Valencia,1,1,€ 105,2019/12/15,2019/12/16,0,"9,4",30
NH Collection Colón Valencia,3828811,NA,Valencia,1,1,€ 110,2019/12/15,2019/12/16,4,"9,1",30
"Piso ""Como en tu casa""",2689136,NA,Valencia,1,1,€ 110,2019/12/15,2019/12/16,0,"9,2",30
Tramontana Apartments,1277215,NA,Valencia,1,1,NA,2019/12/15,2019/12/16,0,9,30
5 SENSES,3786890,NA,Valencia,1,1,€ 111,2019/12/15,2019/12/16,0,"9,2",30
Cozy apartment in Valencia center,3402135,NA,Valencia,1,1,€ 119,2019/12/15,2019/12/16,0,"9,1",30
15 Avinguda Mare Nostrum,4518973,NA,Valencia,1,1,€ 120,2019/12/15,2019/12/16,0,"9,1",30
Hotel Boutique Balandret,1281710,NA,Valencia,1,1,€ 124,2019/12/15,2019/12/16,3,"9,2",30
Charming Ninetta,3220582,NA,Valencia,1,1,€ 125,2019/12/15,2019/12/16,0,"9,4",30
Apartament Cura Femenia,2010355,NA,Valencia,1,1,€ 126,2019/12/15,2019/12/16,0,"9,3",30
Apartment Regne De Valencia,1533033,NA,Valencia,1,1,NA,2019/12/15,2019/12/16,0,"9,4",30
Live in Chianti Apartaments,2882632,NA,Valencia,1,1,€ 128,2019/12/15,2019/12/16,0,9,30
MARQUÉS HOUSE 4* SUP,2118880,NA,Valencia,1,1,€ 128,2019/12/15,2019/12/16,4,"9,4",30
City of Arts & Spa Apartment,4820684,NA,Valencia,1,1,€ 60,2019/12/15,2019/12/16,0,"7,9",30
El Globo,24498,NA,Valencia,1,1,€ 60,2019/12/15,2019/12/16,1,"7,7",30
Vincci Mercat,1279484,NA,Valencia,1,1,€ 129,2019/12/15,2019/12/16,4,9,30
Friendly Rentals Torrealba,1634243,NA,Valencia,1,1,€ 130,2019/12/15,2019/12/16,0,"9,3",30
Las Arenas Balneario Resort,91144,NA,Valencia,1,1,€ 135,2019/12/15,2019/12/16,5,9,30
Friendly Rentals Montaner Beach,2314997,NA,Valencia,1,1,€ 140,2019/12/15,2019/12/16,0,9,30
AA la Nueva Fe,4377808,NA,Valencia,1,1,NA,2019/12/15,2019/12/16,0,"9,1",30
Valencia apartamento eje de moda,4854979,NA,Valencia,1,1,€ 148,2019/12/15,2019/12/16,0,"9,2",30
Sweet Caroline Apartment,1811784,NA,Valencia,1,1,€ 150,2019/12/15,2019/12/16,0,"9,2",30
B BEACH VALENCIA,5125954,NA,Valencia,1,1,€ 150,2019/12/15,2019/12/16,0,9,30
Mediterranean Flats Plaza Redonda,4086496,NA,Valencia,1,1,€ 155,2019/12/15,2019/12/16,0,"9,2",30
Duplex en Blasco Ibáñez,3672426,NA,Valencia,1,1,€ 155,2019/12/15,2019/12/16,0,9,30
Center Valencia Youth Hostel,246931,NA,Valencia,1,1,€ 20,2019/12/15,2019/12/16,0,8,30
Double Room in VALENCIA,5665653,NA,Valencia,1,1,€ 25,2019/12/15,2019/12/16,0,"8,3",30
Welcomer Apartments Valencia,19363,NA,Valencia,1,1,NA,2019/12/15,2019/12/16,0,"8,7",30
Habitación en valencia centro,5418023,NA,Valencia,1,1,€ 30,2019/12/15,2019/12/16,0,"8,1",30
Habitaciones con Encanto,5629632,NA,Valencia,1,1,€ 30,2019/12/15,2019/12/16,0,"8,1",30
Flats Hondures,2194645,NA,Valencia,1,1,NA,2019/12/15,2019/12/16,0,"8,7",30
SHF Plaza de la Reina,1682520,NA,Valencia,1,1,€ 61,2019/12/15,2019/12/16,0,"7,9",30
Red Nest Hostel,92283,NA,Valencia,1,1,€ 37,2019/12/15,2019/12/16,0,"8,2",30
B&B Hi Valencia Canovas,305349,NA,Valencia,1,1,€ 38,2019/12/15,2019/12/16,0,"8,3",30
Peppes,3223423,NA,Valencia,1,1,€ 40,2019/12/15,2019/12/16,0,"8,4",30
Habitacion en Valencia Barata,4861796,NA,Valencia,1,1,€ 40,2019/12/15,2019/12/16,0,"8,2",30
Flats Friends Soho Suites,1819642,NA,Valencia,1,1,NA,2019/12/15,2019/12/16,0,"8,6",30
Eurostars Rey Don Jaime,91520,NA,Valencia,1,1,€ 41,2019/12/15,2019/12/16,4,"8,2",30
Purple Nest Hostel,25278,NA,Valencia,1,1,€ 41,2019/12/15,2019/12/16,0,"8,2",30
Sweet Hotel Renasa,274818,NA,Valencia,1,1,€ 41,2019/12/15,2019/12/16,3,8,30
Happy Apartments Valencia,456043,NA,Valencia,1,1,€ 42,2019/12/15,2019/12/16,0,"8,2",30
El 16 Ruzafa,865461,NA,Valencia,1,1,€ 64,2019/12/15,2019/12/16,0,"7,7",30
Apartamento Alguer,4005334,NA,Valencia,1,1,€ 65,2019/12/15,2019/12/16,0,"7,7",30
SEA YOU HOTEL PORT VALENCIA,92328,NA,Valencia,1,1,€ 70,2019/12/15,2019/12/16,4,"7,8",30
Habitación en Valencia,5477394,NA,Valencia,1,1,€ 72,2019/12/15,2019/12/16,0,"7,5",30
Torres Quart,3702234,NA,Valencia,1,1,€ 75,2019/12/15,2019/12/16,0,"7,5",30
Piso Visitacion,2106449,NA,Valencia,1,1,NA,2019/12/15,2019/12/16,0,"8,9",30
Ilunion Valencia 3,92818,NA,Valencia,1,1,€ 79,2019/12/15,2019/12/16,3,"7,9",30
Suites by Eric Olsan (L),4287413,NA,Valencia,1,1,€ 83,2019/12/15,2019/12/16,0,"7,5",30
Happy Apartments Valencia – Lope de Vega,575582,NA,Valencia,1,1,€ 44,2019/12/15,2019/12/16,0,"8,1",30
Eurostars Gran Valencia,90484,NA,Valencia,1,1,€ 44,2019/12/15,2019/12/16,4,"8,4",30
Sunrise Apartments,640409,NA,Valencia,1,1,NA,2019/12/15,2019/12/16,0,"8,9",30
Habitacion en Valencia,4861732,NA,Valencia,1,1,€ 45,2019/12/15,2019/12/16,0,"8,4",30
Hostal Abastos,257057,NA,Valencia,1,1,€ 45,2019/12/15,2019/12/16,2,"8,2",30
Hotel Villacarlos,90730,NA,Valencia,1,1,€ 47,2019/12/15,2019/12/16,3,8,30
Apartment Florista,2150187,NA,Valencia,1,1,€ 90,2019/12/15,2019/12/16,0,"7,9",30
Plaza Sainetero 5,3148458,NA,Valencia,1,1,€ 91,2019/12/15,2019/12/16,0,"7,7",30
Homestay Valencia,2597106,NA,Valencia,1,1,€ 95,2019/12/15,2019/12/16,0,"7,9",30
Style Apartments Puerto,1558265,NA,Valencia,1,1,€ 47,2019/12/15,2019/12/16,0,"8,1",30
Pension MonaLisa Luxury Suites,3834224,NA,Valencia,1,1,€ 48,2019/12/15,2019/12/16,0,"8,2",30
Coroa Malvarrosa,1638172,NA,Valencia,1,1,€ 48,2019/12/15,2019/12/16,0,"8,2",30
Apartments Viveros,1069530,NA,Valencia,1,1,NA,2019/12/15,2019/12/16,0,"8,6",30
Aparthotel Valencia Rental,17344,NA,Valencia,1,1,€ 48,2019/12/15,2019/12/16,0,8,30
Dormavalencia Hostel Regne,291755,NA,Valencia,1,1,€ 49,2019/12/15,2019/12/16,1,8,30
Habitaciones Valero,3735725,NA,Valencia,1,1,€ 49,2019/12/15,2019/12/16,0,"8,1",30
Cozy fisherman's house,2241663,NA,Valencia,1,1,€ 95,2019/12/15,2019/12/16,0,"7,9",30
Singular Apartments Candela III,1119969,NA,Valencia,1,1,NA,2019/12/15,2019/12/16,0,"8,5",30
STYLISH APARTMENT - CITY CENTER,2861517,NA,Valencia,1,1,€ 140,2019/12/15,2019/12/16,0,"7,8",30
Nanit Valencia Hostel,3913497,NA,Valencia,1,1,€ 49,2019/12/15,2019/12/16,0,"8,4",30
Dormavalencia Hostel,249585,NA,Valencia,1,1,€ 50,2019/12/15,2019/12/16,1,"8,2",30
NH Valencia Las Artes,90731,NA,Valencia,1,1,€ 65,2019/12/15,2019/12/16,4,"8,4",30
Ilunion Aqua 3,92776,NA,Valencia,1,1,€ 68,2019/12/15,2019/12/16,3,"8,3",30
VLC Downtown Flats,4637615,NA,Valencia,1,1,NA,2019/12/15,2019/12/16,0,"8,8",30
MD Modern Hotel - Jardines,305447,NA,Valencia,1,1,€ 70,2019/12/15,2019/12/16,1,"8,3",30
Friendly Rentals Danna,1634254,NA,Valencia,1,1,€ 140,2019/12/15,2019/12/16,0,"7,6",30
Malvarrosa Calle Pavia,3608764,NA,Valencia,1,1,€ 179,2019/12/15,2019/12/16,0,"7,9",30
Musico Peydro Apartments,3765069,NA,Valencia,1,1,€ 271,2019/12/15,2019/12/16,0,"7,9",30
MD Benlliure Beach.,1957258,NA,Valencia,1,1,€ 271,2019/12/15,2019/12/16,0,"7,8",30
MD Art Apartment Ruzafa,2550955,NA,Valencia,1,1,€ 271,2019/12/15,2019/12/16,0,"7,6",30
Living Valencia -Correos,3062274,NA,Valencia,1,1,NA,2019/12/15,2019/12/16,0,"8,3",30
MD Abastos Center,2551194,NA,Valencia,1,1,€ 289,2019/12/15,2019/12/16,0,"7,8",30
Primus Valencia,331871,NA,Valencia,1,1,€ 70,2019/12/15,2019/12/16,4,"8,3",30
Old Town Flats Casa Burguerini,4552106,NA,Valencia,1,1,€ 71,2019/12/15,2019/12/16,0,"8,2",30
Hotel Conqueridor,91047,NA,Valencia,1,1,€ 72,2019/12/15,2019/12/16,4,"8,4",30
Sweet Hotel Continental,93856,NA,Valencia,1,1,€ 74,2019/12/15,2019/12/16,2,"8,3",30
Peset Silence,3698967,NA,Valencia,1,1,€ 300,2019/12/15,2019/12/16,0,"7,5",30
MD Oliag I Apartment Ruzafa,2867488,NA,Valencia,1,1,€ 317,2019/12/15,2019/12/16,0,"7,6",30
Helle & ruhige Zimmer nähe Strand,5698199,NA,Valencia,1,1,€ 24,2019/12/15,2019/12/16,0,"7,4",30
Hostal Waksman,281139,NA,Valencia,1,1,€ 32,2019/12/15,2019/12/16,1,"7,4",30
City Suites Apartments,3091106,NA,Valencia,1,1,€ 74,2019/12/15,2019/12/16,0,"8,3",30
Calle D Juan de Austria 4,4036814,NA,Valencia,1,1,NA,2019/12/15,2019/12/16,0,"8,6",30
Residencia Universitaria Damia Bonet,247451,NA,Valencia,1,1,€ 75,2019/12/15,2019/12/16,0,"8,3",30
Ático cerca del mar,4040503,NA,Valencia,1,1,€ 75,2019/12/15,2019/12/16,0,"8,3",30
Atico Ciutat Vella,3446230,NA,Valencia,1,1,€ 75,2019/12/15,2019/12/16,0,"8,2",30
NH Valencia Center,90727,NA,Valencia,1,1,€ 76,2019/12/15,2019/12/16,4,"8,3",30
Preciosos Apartamentos en el Carmen,2918345,NA,Valencia,1,1,€ 80,2019/12/15,2019/12/16,0,8,30
Turia Town,4064373,NA,Valencia,1,1,€ 65,2019/12/15,2019/12/16,0,"8,8",30
NWT Central Station Apartments,3964093,NA,Valencia,1,1,€ 84,2019/12/15,2019/12/16,0,"8,2",30
Valencia city,3673068,NA,Valencia,1,1,NA,2019/12/15,2019/12/16,0,"8,7",30
Apartamentos Dormavalencia,4450983,NA,Valencia,1,1,€ 86,2019/12/15,2019/12/16,0,"8,3",30
Tryp Valencia Feria,92852,NA,Valencia,1,1,€ 90,2019/12/15,2019/12/16,4,"8,3",30
Apartments Madrina,3278589,NA,Valencia,1,1,€ 65,2019/12/15,2019/12/16,0,"8,9",30
Hogar Vera Apartments&Bikes,1807919,NA,Valencia,1,1,NA,2019/12/15,2019/12/16,0,"9,3",30
Luz de Valencia,2076095,NA,Valencia,1,1,€ 65,2019/12/15,2019/12/16,0,"8,8",30
Apartamento Plaza Sainetero,2743838,NA,Valencia,1,1,€ 93,2019/12/15,2019/12/16,0,"8,2",30
APARTAMENTO LAS MELLIZAS,4651578,NA,Valencia,1,1,€ 49,2019/12/15,2019/12/16,0,"8,3",30
Apartamento Privado Próximo a Playa y Ciencias,3783163,NA,Valencia,1,1,€ 105,2019/12/15,2019/12/16,0,"8,3",30
Hideout 26,5658117,NA,Valencia,1,1,€ 75,2019/12/15,2019/12/16,0,"9,1",30
Live in Chianti,2227491,NA,Valencia,1,1,€ 75,2019/12/15,2019/12/16,0,"9,1",30
Apartment Cisneros 2,2361375,NA,Valencia,1,1,NA,2019/12/15,2019/12/16,0,"9,7",30
Friendly Rentals Puerto Deportivo,2317861,NA,Valencia,1,1,€ 105,2019/12/15,2019/12/16,0,"8,2",30
Apartments Plaza Ayuntamiento,3506736,NA,Valencia,1,1,NA,2019/12/15,2019/12/16,0,"8,6",30
Patacona Beach Apartment,4533678,NA,Valencia,1,1,€ 109,2019/12/15,2019/12/16,0,"8,3",30
Loft by the Beach,4441671,NA,Valencia,1,1,€ 115,2019/12/15,2019/12/16,0,"8,3",30
Maria Cristina Apartment,4765643,NA,Valencia,1,1,€ 115,2019/12/15,2019/12/16,0,"8,2",30
Ilunion Valencia 4,754329,NA,Valencia,1,1,€ 117,2019/12/15,2019/12/16,4,"8,1",30
Friendly Rentals Gimenez,1634242,NA,Valencia,1,1,€ 120,2019/12/15,2019/12/16,0,"8,2",30
City Center Apartment,5084891,NA,Valencia,1,1,€ 125,2019/12/15,2019/12/16,0,"8,3",30
apartamento las torres-botanico,4694090,NA,Valencia,1,1,€ 76,2019/12/15,2019/12/16,0,9,30
BUBUSUITES by Bubuflats,2389776,NA,Valencia,1,1,€ 78,2019/12/15,2019/12/16,0,"9,3",30
Casual del Cine Valencia,572187,NA,Valencia,1,1,€ 66,2019/12/15,2019/12/16,2,"8,6",30
Petit Palace Plaza de la Reina,90443,NA,Valencia,1,1,€ 67,2019/12/15,2019/12/16,3,"8,7",30
Zenit Valencia,92327,NA,Valencia,1,1,€ 68,2019/12/15,2019/12/16,4,"8,8",30
Bianca,4232781,NA,Valencia,1,1,€ 69,2019/12/15,2019/12/16,0,"8,9",30
MYR Hotel Plaza Mercado & Spa,1619029,NA,Valencia,1,1,€ 83,2019/12/15,2019/12/16,4,"9,2",30
MOM La Punta,3105661,NA,Valencia,1,1,€ 85,2019/12/15,2019/12/16,0,"9,4",30
Apartamento bianca,3205847,NA,Valencia,1,1,€ 85,2019/12/15,2019/12/16,0,"9,1",30
Apartamento frente al mar,3060802,NA,Valencia,1,1,€ 125,2019/12/15,2019/12/16,0,"8,2",30
SingularStays Plaza del Mercado,1755231,NA,Valencia,1,1,NA,2019/12/15,2019/12/16,0,"8,5",30
Zerka Centro,4425975,NA,Valencia,1,1,€ 129,2019/12/15,2019/12/16,0,"8,4",30
Friendly Rentals Verdi,1634232,NA,Valencia,1,1,€ 130,2019/12/15,2019/12/16,0,"8,1",30
Apartamento Obispo don Jerónimo,2079020,NA,Valencia,1,1,€ 135,2019/12/15,2019/12/16,0,"8,3",30
Friendly Rentals Desplat,4120221,NA,Valencia,1,1,€ 140,2019/12/15,2019/12/16,0,"8,3",30
Friendly rentals Enesco Beach,2526514,NA,Valencia,1,1,€ 140,2019/12/15,2019/12/16,0,"8,1",30
Friendly Rentals Telemann,1634241,NA,Valencia,1,1,€ 140,2019/12/15,2019/12/16,0,"8,3",30
Total Valencia Vintage,2314366,NA,Valencia,1,1,NA,2019/12/15,2019/12/16,0,"8,5",30
Friendly Rentals Evans,1634220,NA,Valencia,1,1,€ 140,2019/12/15,2019/12/16,0,"8,3",30
Balcón Al Mar,295109,NA,Valencia,1,1,€ 69,2019/12/15,2019/12/16,0,"8,5",30
La Morella del Carmen,5188541,NA,Valencia,1,1,NA,2019/12/15,2019/12/16,0,"9,4",30
Petit Palomar,2187491,NA,Valencia,1,1,€ 69,2019/12/15,2019/12/16,0,"8,9",30
Alojo Patraix,2710394,NA,Valencia,1,1,€ 175,2019/12/15,2019/12/16,0,"8,3",30
Loft el Carmen amazing views,4932621,NA,Valencia,1,1,€ 182,2019/12/15,2019/12/16,0,"8,1",30
Turia Guesthouse - B&B,2884427,NA,Valencia,1,1,€ 265,2019/12/15,2019/12/16,0,"8,2",30
SH Valencia Palace,91497,NA,Valencia,1,1,€ 112,2019/12/15,2019/12/16,5,"8,5",30
Hotel Gabbeach,403586,NA,Valencia,1,1,€ 69,2019/12/15,2019/12/16,3,"8,5",30
Hotel Valencia Oceanic Managed by Melia Hotels International,91522,NA,Valencia,1,1,€ 70,2019/12/15,2019/12/16,4,"8,6",30
BUBUFLATS / Mercat,783206,NA,Valencia,1,1,€ 70,2019/12/15,2019/12/16,0,"8,9",30
Plaza de la Virgen,3167342,NA,Valencia,1,1,€ 115,2019/12/15,2019/12/16,0,"8,8",30
Apartamento Centro Valencia,1810765,NA,Valencia,1,1,NA,2019/12/15,2019/12/16,0,9,30
Friendly Rentals Soler,1634237,NA,Valencia,1,1,€ 120,2019/12/15,2019/12/16,0,"8,7",30
Friendly Rentals Gala,1634252,NA,Valencia,1,1,€ 120,2019/12/15,2019/12/16,0,"8,8",30
Apartamento Gran Vía Marqués del Turia,2358973,NA,Valencia,1,1,€ 123,2019/12/15,2019/12/16,0,"8,5",30
Friendly Rentals Verdi 2,2523881,NA,Valencia,1,1,€ 125,2019/12/15,2019/12/16,0,"8,7",30
Apartamento Sofia,2552406,NA,Valencia,1,1,€ 130,2019/12/15,2019/12/16,0,"8,8",30
Apartments Sollana Near the Turia Park Valencia,5546417,NA,Valencia,1,1,€ 85,2019/12/15,2019/12/16,0,9,30
El Corazon de Canovas,2634817,NA,Valencia,1,1,NA,2019/12/15,2019/12/16,0,"9,5",30
MD Design Hotel - Portal del Real,2391685,NA,Valencia,1,1,€ 86,2019/12/15,2019/12/16,2,"9,1",30
Carrer de l'Escriptor Rafael Ferreres,4267645,NA,Valencia,1,1,€ 70,2019/12/15,2019/12/16,0,"8,6",30
BUBUFLATS Mossén,1141763,NA,Valencia,1,1,€ 70,2019/12/15,2019/12/16,0,"8,8",30
Friendly Rentals Mercado Central,3220956,NA,Valencia,1,1,NA,2019/12/15,2019/12/16,0,"9,2",30
Sercotel Sorolla Palace,93646,NA,Valencia,1,1,€ 71,2019/12/15,2019/12/16,4,"8,6",30
Cathedral Suites Hotel,1736257,NA,Valencia,1,1,€ 131,2019/12/15,2019/12/16,4,"8,9",30
Total Valencia Lonja,2263771,NA,Valencia,1,1,NA,2019/12/15,2019/12/16,0,"9,2",30
FREE WI-FI. Apartamentos 90 м2 - Assutzena 5,4828764,NA,Valencia,1,1,€ 131,2019/12/15,2019/12/16,0,"8,5",30
ValentiaApartments - MercadoCentral,4185241,NA,Valencia,1,1,€ 140,2019/12/15,2019/12/16,0,"8,8",30
Friendly Rentals Ferrero,2314984,NA,Valencia,1,1,€ 140,2019/12/15,2019/12/16,0,"8,8",30
Edificio Pentagono,4673669,NA,Valencia,1,1,€ 145,2019/12/15,2019/12/16,0,"8,9",30
Boutique Creative Rooms,2334726,NA,Valencia,1,1,€ 72,2019/12/15,2019/12/16,0,"8,8",30
Hotel Dimar,90886,NA,Valencia,1,1,€ 72,2019/12/15,2019/12/16,4,"8,7",30
El Palacete Gran Via,3483148,NA,Valencia,1,1,€ 75,2019/12/15,2019/12/16,0,"8,7",30
Friendly Rentals Vives 2,2523871,NA,Valencia,1,1,€ 145,2019/12/15,2019/12/16,0,"8,8",30
Apartamento LUXURY CENTRO HISTORICO,3664772,NA,Valencia,1,1,€ 149,2019/12/15,2019/12/16,0,"8,6",30
Friendly Rentals Rey,1634248,NA,Valencia,1,1,NA,2019/12/15,2019/12/16,0,9,30
Mar & City Apartment,3456759,NA,Valencia,1,1,€ 150,2019/12/15,2019/12/16,0,"8,9",30
Canela`s Vintage Ruzafa Centro,4652584,NA,Valencia,1,1,€ 155,2019/12/15,2019/12/16,0,"8,5",30
Enjoy Flat Valencia,3991548,NA,Valencia,1,1,€ 155,2019/12/15,2019/12/16,0,"8,6",30
Mihotelitoespecial,3573906,NA,Valencia,1,1,€ 160,2019/12/15,2019/12/16,0,"8,7",30
MD Vila Barbera Apartment Center,1957253,NA,Valencia,1,1,€ 330,2019/12/15,2019/12/16,0,"8,3",30
MD Sueca. Apartment with Terrace Ruzafa,2551179,NA,Valencia,1,1,€ 330,2019/12/15,2019/12/16,0,"8,2",30
La Roqueta,2652492,NA,Valencia,1,1,NA,2019/12/15,2019/12/16,0,"8,7",30
The Art Boutique Colon,2570881,NA,Valencia,1,1,€ 410,2019/12/15,2019/12/16,0,"8,3",30
Valencia maritimo,3020748,NA,Valencia,1,1,€ 75,2019/12/15,2019/12/16,0,"8,8",30
One Shot Colón 46,1394168,NA,Valencia,1,1,€ 76,2019/12/15,2019/12/16,3,"8,7",30
New General,3788286,NA,Valencia,1,1,NA,2019/12/15,2019/12/16,0,9,30
SAN RAMÓN,2238556,NA,Valencia,1,1,€ 80,2019/12/15,2019/12/16,0,"8,5",30
Adrian's House,2271869,NA,Valencia,1,1,€ 24,2019/12/15,2019/12/16,0,"7,7",30
UP Hostel Valencia,1710137,NA,Valencia,1,1,€ 24,2019/12/15,2019/12/16,0,"7,7",30
Masatepe Room Valencia,5687127,NA,Valencia,1,1,€ 28,2019/12/15,2019/12/16,0,"7,9",30
Rooms Aventura,5567318,NA,Valencia,1,1,€ 30,2019/12/15,2019/12/16,0,"7,9",30
Hostal El Cid,309465,NA,Valencia,1,1,€ 31,2019/12/15,2019/12/16,2,"7,5",30
Habitación en piso compartido,5433175,NA,Valencia,1,1,NA,2019/12/15,2019/12/16,0,"8,9",30
Apart and Benef,2291245,NA,Valencia,1,1,€ 34,2019/12/15,2019/12/16,0,"7,9",30
Habitación Céntrica en Casa de Familia,4289877,NA,Valencia,1,1,€ 35,2019/12/15,2019/12/16,0,"7,7",30
Hospederia del Pilar,327766,NA,Valencia,1,1,€ 36,2019/12/15,2019/12/16,0,"7,9",30
Voyagers Inn Homestay,2682156,NA,Valencia,1,1,€ 40,2019/12/15,2019/12/16,0,"7,7",30
Habitaciones Rusafa,5604325,NA,Valencia,1,1,€ 40,2019/12/15,2019/12/16,0,"7,6",30
Valenciaflats Ciudad de las Ciencias,93676,NA,Valencia,1,1,€ 51,2019/12/15,2019/12/16,0,"9,1",30
Hostal Venecia,92883,NA,Valencia,1,1,€ 54,2019/12/15,2019/12/16,2,"9,1",30
Barracart Apartments,2125836,NA,Valencia,1,1,NA,2019/12/15,2019/12/16,0,"9,6",30
Piso luminoso cerca de la playa,3583906,NA,Valencia,1,1,€ 80,2019/12/15,2019/12/16,0,"8,5",30
Casual Vintage Valencia,1710241,NA,Valencia,1,1,€ 81,2019/12/15,2019/12/16,2,"8,6",30
Perla Apartments,3146781,NA,Valencia,1,1,€ 81,2019/12/15,2019/12/16,0,"8,7",30
Apartamentos El Olivo,1985143,NA,Valencia,1,1,€ 86,2019/12/15,2019/12/16,0,"9,3",30
Sorolla Centro,90896,NA,Valencia,1,1,€ 88,2019/12/15,2019/12/16,3,"9,1",30
Apartamento centro frente a Torres de Serrano,3408067,NA,Valencia,1,1,€ 88,2019/12/15,2019/12/16,0,"9,3",30
Palacio de Rojas,1073276,NA,Valencia,1,1,€ 89,2019/12/15,2019/12/16,0,"9,3",30
Apartamentos Edificio Palomar,189277,NA,Valencia,1,1,€ 89,2019/12/15,2019/12/16,0,"9,2",30
Homely Nest Valencia El Carme,3790877,NA,Valencia,1,1,NA,2019/12/15,2019/12/16,0,"9,7",30
Teixidors de Palomar,2639791,NA,Valencia,1,1,€ 89,2019/12/15,2019/12/16,0,"9,3",30
HOSPEDAJE PESET,4718074,NA,Valencia,1,1,€ 40,2019/12/15,2019/12/16,0,"7,5",30
Attic Rooms in Botánico,5522932,NA,Valencia,1,1,€ 40,2019/12/15,2019/12/16,0,"7,7",30
Apartamento Horno,2014344,NA,Valencia,1,1,NA,2019/12/15,2019/12/16,0,"8,8",30
One Shot Mercat 09,2274203,NA,Valencia,1,1,€ 89,2019/12/15,2019/12/16,4,"9,1",30
RUZAFA. Nice apartment and Terrace.,4368595,NA,Valencia,1,1,€ 90,2019/12/15,2019/12/16,0,"9,3",30
Olvida tu Reloj Montichelvo Apartment,3258095,NA,Valencia,1,1,€ 91,2019/12/15,2019/12/16,0,"9,4",30
Valencia Lounge Hostel,337203,NA,Valencia,1,1,€ 40,2019/12/15,2019/12/16,0,"7,7",30
Casual de la Música Valencia,273130,NA,Valencia,1,1,€ 40,2019/12/15,2019/12/16,2,"7,5",30
Casual Civilizaciones Valencia,449777,NA,Valencia,1,1,€ 41,2019/12/15,2019/12/16,0,"7,9",30
Patacona Green Flats,292996,NA,Valencia,1,1,€ 42,2019/12/15,2019/12/16,0,"7,6",30
Hotel Beleret,94652,NA,Valencia,1,1,€ 44,2019/12/15,2019/12/16,3,"7,6",30
Patacona Resort Apartments,189782,NA,Valencia,1,1,€ 45,2019/12/15,2019/12/16,0,"7,8",30
Habitación doble,3599930,NA,Valencia,1,1,NA,2019/12/15,2019/12/16,0,"8,9",30
Rooms Valencia Center,5507857,NA,Valencia,1,1,€ 45,2019/12/15,2019/12/16,0,"7,8",30
Habitación San Cayetano,4624401,NA,Valencia,1,1,€ 45,2019/12/15,2019/12/16,0,"7,5",30
Expo Hotel Valencia,91223,NA,Valencia,1,1,€ 47,2019/12/15,2019/12/16,3,"7,6",30
OYO Pensión El Rincón,476031,NA,Valencia,1,1,€ 36,2019/12/15,2019/12/16,1,"7,4",30
Puerta de Serranos,2734333,NA,Valencia,1,1,€ 166,2019/12/15,2019/12/16,0,"8,9",30
The Westin Valencia,93321,NA,Valencia,1,1,€ 173,2019/12/15,2019/12/16,5,"8,7",30
Lola Apartment Encorts,2016138,NA,Valencia,1,1,NA,2019/12/15,2019/12/16,0,9,30
Zen House,3671621,NA,Valencia,1,1,€ 39,2019/12/15,2019/12/16,0,"7,1",30
Up Town,2244083,NA,Valencia,1,1,NA,2019/12/15,2019/12/16,0,"8,2",30
B&B El Mercat,2203530,NA,Valencia,1,1,€ 40,2019/12/15,2019/12/16,0,"7,2",30
Hostal Residencial RR,450746,NA,Valencia,1,1,€ 40,2019/12/15,2019/12/16,0,7,30
Cosy Rooms Tapinería,371192,NA,Valencia,1,1,€ 47,2019/12/15,2019/12/16,2,"7,5",30
United Colors of Studios - Mercado Central,2574108,NA,Valencia,1,1,€ 49,2019/12/15,2019/12/16,0,"7,8",30
Hostal On Dormire Valencia,432305,NA,Valencia,1,1,€ 49,2019/12/15,2019/12/16,0,"7,8",30
La Flamenca,818359,NA,Valencia,1,1,€ 40,2019/12/15,2019/12/16,0,"7,2",30
Rooms Central Valencia,5374651,NA,Valencia,1,1,€ 40,2019/12/15,2019/12/16,0,7,30
Habitación con cama doble,4794909,NA,Valencia,1,1,€ 41,2019/12/15,2019/12/16,0,"7,4",30
Bonaire Apartment,2966460,NA,Valencia,1,1,NA,2019/12/15,2019/12/16,0,"8,8",30
B&B Hotel Valencia Ciudad de las Ciencias,92242,NA,Valencia,1,1,€ 50,2019/12/15,2019/12/16,3,"7,5",30
Apartamentos Abastos,1044426,NA,Valencia,1,1,€ 50,2019/12/15,2019/12/16,0,"7,5",30
Murillo Apartment,408163,NA,Valencia,1,1,€ 41,2019/12/15,2019/12/16,0,7,30
Flats Friends Nave,2861620,NA,Valencia,1,1,NA,2019/12/15,2019/12/16,0,"8,4",30
Cosy Rooms Bolsería,371606,NA,Valencia,1,1,€ 45,2019/12/15,2019/12/16,2,"7,4",30
Sampedor Apartment,435662,NA,Valencia,1,1,€ 49,2019/12/15,2019/12/16,0,"7,1",30
Hostal Bisbal,235665,NA,Valencia,1,1,€ 50,2019/12/15,2019/12/16,1,"7,5",30
Checkin Valencia,93743,NA,Valencia,1,1,€ 53,2019/12/15,2019/12/16,4,"7,7",30
Hotel Turia,14441,NA,Valencia,1,1,€ 54,2019/12/15,2019/12/16,4,"7,5",30
Como en casa,4802186,NA,Valencia,1,1,€ 54,2019/12/15,2019/12/16,0,"7,9",30
Zerka Sendra,4657122,NA,Valencia,1,1,€ 179,2019/12/15,2019/12/16,0,"8,9",30
Carlos & Ana,2079019,NA,Valencia,1,1,€ 195,2019/12/15,2019/12/16,0,"8,9",30
SingularStays Parque Central,3054000,NA,Valencia,1,1,€ 216,2019/12/15,2019/12/16,0,"8,9",30
Nest Style Valencia,5219046,NA,Valencia,1,1,€ 56,2019/12/15,2019/12/16,3,"9,3",30
Mon Suites Catedral,485679,NA,Valencia,1,1,€ 58,2019/12/15,2019/12/16,0,"9,2",30
Lindala,5250762,NA,Valencia,1,1,€ 59,2019/12/15,2019/12/16,0,"9,4",30
HOSTAL BED OF THE SEA,3974636,NA,Valencia,1,1,€ 50,2019/12/15,2019/12/16,0,"7,2",30
Centro Valencia Calle Cerrajeros,3476261,NA,Valencia,1,1,€ 50,2019/12/15,2019/12/16,0,"7,1",30
Cosy Rooms Embajador,369728,NA,Valencia,1,1,€ 52,2019/12/15,2019/12/16,2,"7,4",30
OttoH Charm Stay,2459807,NA,Valencia,1,1,€ 59,2019/12/15,2019/12/16,0,"9,3",30
Mon Suites San Nicolas,4117225,NA,Valencia,1,1,€ 60,2019/12/15,2019/12/16,0,"9,1",30
Valenciaflats Mercado Central,307677,NA,Valencia,1,1,€ 60,2019/12/15,2019/12/16,0,9,30
Habitacion PLaza Ayuntamiento,4365340,NA,Valencia,1,1,€ 55,2019/12/15,2019/12/16,0,"7,2",30
Mercado Central Rooms & Breakfast,2515022,NA,Valencia,1,1,NA,2019/12/15,2019/12/16,0,8,30
Hostal la Barraca,350013,NA,Valencia,1,1,€ 55,2019/12/15,2019/12/16,0,"7,1",30
Plaza Redonda house.,4399973,NA,Valencia,1,1,€ 58,2019/12/15,2019/12/16,0,"7,4",30
YourPlace apartments Mercado Central,2933554,NA,Valencia,1,1,NA,2019/12/15,2019/12/16,0,"8,9",30
Jero Rooms,296743,NA,Valencia,1,1,€ 55,2019/12/15,2019/12/16,0,"7,6",30
Habitacion por dias Centro Valencia,3977106,NA,Valencia,1,1,€ 55,2019/12/15,2019/12/16,0,"7,8",30
Duplex en Blasco Ibáñez,3672426,NA,Valencia,1,1,€ 155,2019/12/15,2019/12/16,0,9,30
Jardines del Turia - Espacioso apartamento,2734126,NA,Valencia,1,1,€ 180,2019/12/15,2019/12/16,0,9,30
APARTAMENTO CENTRICO. WI-FI. PARKING,2967593,NA,Valencia,1,1,NA,2019/12/15,2019/12/16,0,"9,1",30
Apartamento Angel Alcazar 35,2174625,NA,Valencia,1,1,€ 55,2019/12/15,2019/12/16,0,"7,5",30
Oceanográfico Apartments & Spa,324918,NA,Valencia,1,1,€ 59,2019/12/15,2019/12/16,0,"7,6",30
SHF Plaza de la Reina,1682520,NA,Valencia,1,1,€ 59,2019/12/15,2019/12/16,0,"7,9",30
La seda stay,3335523,NA,Valencia,1,1,NA,2019/12/15,2019/12/16,0,"9,6",30
Maison Reina B&B,5004812,NA,Valencia,1,1,€ 60,2019/12/15,2019/12/16,0,"9,2",30
Habitación privada a 1500 metros de la playa,3789910,NA,Valencia,1,1,€ 60,2019/12/15,2019/12/16,0,"9,3",30
Vlc Apartaments el Carmen,389902,NA,Valencia,1,1,€ 220,2019/12/15,2019/12/16,0,"8,5",30
Plaza Conde del RealHostel · SUPER NICE HOUSE GROUPS 12 PAX.. CENTER HISTORIC,4805177,NA,Valencia,1,1,€ 295,2019/12/15,2019/12/16,0,"8,6",30
Caro Hotel,348132,NA,Valencia,1,1,€ 189,2019/12/15,2019/12/16,5,"9,2",30
Loft Superior el Carmen,2784473,NA,Valencia,1,1,€ 212,2019/12/15,2019/12/16,0,"9,2",30
Ca Carmela,2466364,NA,Valencia,1,1,€ 250,2019/12/15,2019/12/16,0,9,30
MD Julio Antonio Apartment Center,3961049,NA,Valencia,1,1,€ 285,2019/12/15,2019/12/16,0,"9,2",30
Apartamento Playa Wifi Gratis,3495634,NA,Valencia,1,1,€ 340,2019/12/15,2019/12/16,0,"9,3",30
One Shot Palacio Reina Victoria 04,90885,NA,Valencia,1,1,€ 81,2019/12/15,2019/12/16,4,"8,6",30
NWT Central Station Valencia,1647017,NA,Valencia,1,1,€ 59,2019/12/15,2019/12/16,0,"7,1",30
Almiserat,3054886,NA,Valencia,1,1,€ 60,2019/12/15,2019/12/16,0,"7,1",30
Geography and Arts.,3569110,NA,Valencia,1,1,€ 60,2019/12/15,2019/12/16,0,"7,2",30
Malvarrosa Beach Rooms,314048,NA,Valencia,1,1,€ 60,2019/12/15,2019/12/16,2,7,30
SingularStays Mercado Central,1119829,NA,Valencia,1,1,NA,2019/12/15,2019/12/16,0,"8,4",30
Hogar Dulce Hogar,5426607,NA,Valencia,1,1,€ 60,2019/12/15,2019/12/16,0,7,30
Accommodation Beach Apartments,1001766,NA,Valencia,1,1,€ 64,2019/12/15,2019/12/16,0,"7,1",30
Valenciaflats Centro Ciudad,18544,NA,Valencia,1,1,€ 63,2019/12/15,2019/12/16,0,"9,2",30
United Colors of Apartments Boutique Style,5372347,NA,Valencia,1,1,€ 64,2019/12/15,2019/12/16,0,"9,1",30
Brisa Mare Nostrum,2855311,NA,Valencia,1,1,€ 65,2019/12/15,2019/12/16,0,"9,3",30
Blanq Comedias,4922002,NA,Valencia,1,1,€ 68,2019/12/15,2019/12/16,0,9,30
Casual Socarrat Valencia,5142800,NA,Valencia,1,1,€ 94,2019/12/15,2019/12/16,3,"9,1",30
HQ Rooms Apartments San Vicente,2894429,NA,Valencia,1,1,€ 95,2019/12/15,2019/12/16,0,"9,2",30
ÁTICO EN EL CENTRO DE VALENCIA VT-45939-T,4752815,NA,Valencia,1,1,NA,2019/12/15,2019/12/16,0,"9,6",30
Dama Del Puerto,3230781,NA,Valencia,1,1,€ 95,2019/12/15,2019/12/16,0,9,30
Old Fisherman's House in Malvarrosa Beach,3618172,NA,Valencia,1,1,€ 360,2019/12/15,2019/12/16,0,"9,4",30
Vivaldi Penthouse Ayuntamiento,1289561,NA,Valencia,1,1,NA,2019/12/15,2019/12/16,0,"9,2",30
MD PASEO RUZAFA CENTER,5374850,NA,Valencia,1,1,€ 1.030,2019/12/15,2019/12/16,0,9,30
The River Hostel,494202,NA,Valencia,1,1,€ 20,2019/12/15,2019/12/16,0,"8,5",30
APARTAMENTO CENTRO- RUZAFA. WI-FI. PARKING,3144104,NA,Valencia,1,1,€ 100,2019/12/15,2019/12/16,0,"9,3",30
Hi Valencia Apartments - Jorge Juan,2373701,NA,Valencia,1,1,€ 100,2019/12/15,2019/12/16,0,"9,4",30
Olvida tu Reloj Congresos Apartment,2448036,NA,Valencia,1,1,€ 100,2019/12/15,2019/12/16,0,"9,2",30
Preciosa Casita Cerca Del Mar,4057271,NA,Valencia,1,1,NA,2019/12/15,2019/12/16,0,"9,7",30
Center City Flats,861452,NA,Valencia,1,1,€ 68,2019/12/15,2019/12/16,0,9,30
Apartamentos Wallace,1698355,NA,Valencia,1,1,€ 69,2019/12/15,2019/12/16,0,"9,2",30
Mestalla Paradise,4734619,NA,Valencia,1,1,€ 100,2019/12/15,2019/12/16,0,9,30
Pensión Alicante,298710,NA,Valencia,1,1,€ 33,2019/12/15,2019/12/16,0,"8,5",30
Art&Flats Bed&Breakfast,5238345,NA,Valencia,1,1,€ 35,2019/12/15,2019/12/16,0,"8,8",30
Hotel Malcom and Barret,483261,NA,Valencia,1,1,€ 38,2019/12/15,2019/12/16,3,"8,7",30
Hotel Olympia Universidades,1301731,NA,Valencia,1,1,€ 39,2019/12/15,2019/12/16,3,"8,5",30
Angel Guimera Rooms & Breakfast,2524241,NA,Valencia,1,1,NA,2019/12/15,2019/12/16,0,9,30
Estrella de russafa,5352439,NA,Valencia,1,1,€ 40,2019/12/15,2019/12/16,0,"8,7",30
SHF Sevilla Loft,850157,NA,Valencia,1,1,€ 65,2019/12/15,2019/12/16,0,"7,4",30
Valencia Apartmans El Carmen,847910,NA,Valencia,1,1,€ 68,2019/12/15,2019/12/16,0,"7,3",30
Valencia Apartments,4367788,NA,Valencia,1,1,€ 68,2019/12/15,2019/12/16,0,"7,1",30
Suites by Eric Olsan (Florista),4726450,NA,Valencia,1,1,€ 82,2019/12/15,2019/12/16,0,"8,5",30
Ad Hoc Monumental,90719,NA,Valencia,1,1,€ 82,2019/12/15,2019/12/16,3,"8,6",30
Valencia-Ruzafa Studio,3235983,NA,Valencia,1,1,NA,2019/12/15,2019/12/16,0,"9,1",30
Plaza Sainetero Arniches,3984774,NA,Valencia,1,1,€ 83,2019/12/15,2019/12/16,0,"8,5",30
Eurostars Acteón,90495,NA,Valencia,1,1,€ 41,2019/12/15,2019/12/16,4,"8,5",30
YOU & CO. Saler Beach Boutique,4533007,NA,Valencia,1,1,€ 41,2019/12/15,2019/12/16,3,"8,9",30
Pio XII Apartments Valencia,402080,NA,Valencia,1,1,€ 43,2019/12/15,2019/12/16,0,"8,5",30
Palau de Palomar,471283,NA,Valencia,1,1,€ 69,2019/12/15,2019/12/16,0,"9,1",30
OCEANOGRAFIC DELUXE- PARKING- WI-FI,4095746,NA,Valencia,1,1,€ 70,2019/12/15,2019/12/16,0,"9,1",30
OCEANOGRAFIC APARTMENT. PARKING. WI-FI,3107716,NA,Valencia,1,1,€ 70,2019/12/15,2019/12/16,0,9,30
City Garden Bed and Breakfast,2204361,NA,Valencia,1,1,€ 74,2019/12/15,2019/12/16,0,"9,4",30
ORIGINAL Y ESPACIOSO ATICO EN EL CENTRO DE RUZAFA,4744667,NA,Valencia,1,1,NA,2019/12/15,2019/12/16,0,"9,5",30
Hotel Valencia Alameda,4019381,NA,Valencia,1,1,€ 74,2019/12/15,2019/12/16,4,"9,2",30
Biopark View Apartment,2381901,NA,Valencia,1,1,€ 75,2019/12/15,2019/12/16,0,9,30
B&B Almirante,369695,NA,Valencia,1,1,€ 43,2019/12/15,2019/12/16,1,"8,8",30
Homestay Carrer Sagun,5006434,NA,Valencia,1,1,€ 44,2019/12/15,2019/12/16,0,"8,8",30
Apartamento Giorgeta,2580538,NA,Valencia,1,1,NA,2019/12/15,2019/12/16,0,9,30
Apartaments San Pio V,2456151,NA,Valencia,1,1,€ 49,2019/12/15,2019/12/16,0,"8,9",30
Florista's Room en Valencia,5502152,NA,Valencia,1,1,€ 50,2019/12/15,2019/12/16,0,"8,8",30
Apartments Abate 4,2848648,NA,Valencia,1,1,NA,2019/12/15,2019/12/16,0,"9,1",30
UNIK. Apartments Valencia,2241282,NA,Valencia,1,1,€ 50,2019/12/15,2019/12/16,0,"8,5",30
Citizentral Juristas,1113127,NA,Valencia,1,1,€ 75,2019/12/15,2019/12/16,0,"9,2",30
Una Ubicacion Perfecta,3114164,NA,Valencia,1,1,€ 75,2019/12/15,2019/12/16,0,"9,2",30
La casita de Palomar,2132386,NA,Valencia,1,1,€ 75,2019/12/15,2019/12/16,0,"9,3",30
B&B Hi Valencia Boutique,1301725,NA,Valencia,1,1,€ 51,2019/12/15,2019/12/16,0,"8,7",30
Hotel Kramer,91106,NA,Valencia,1,1,€ 53,2019/12/15,2019/12/16,3,"8,8",30
Zalamera BnB,1331238,NA,Valencia,1,1,€ 44,2019/12/15,2019/12/16,0,"8,7",30
Home Youth Hostel by Feetup Hostels,189322,NA,Valencia,1,1,€ 45,2019/12/15,2019/12/16,0,"8,9",30
Quart Youth Hostel,476418,NA,Valencia,1,1,€ 45,2019/12/15,2019/12/16,0,"8,6",30
Hulot B&B Valencia,585429,NA,Valencia,1,1,€ 45,2019/12/15,2019/12/16,0,"8,5",30
United Colors of Apartments - Catedral,1301545,NA,Valencia,1,1,€ 50,2019/12/15,2019/12/16,0,"8,2",30
Apartamentos Barraca,2609457,NA,Valencia,1,1,€ 50,2019/12/15,2019/12/16,0,"8,2",30
SingularStays San Vicente,1423172,NA,Valencia,1,1,NA,2019/12/15,2019/12/16,0,"8,8",30
Apartamentos Valencia,1007682,NA,Valencia,1,1,€ 50,2019/12/15,2019/12/16,0,"8,1",30
Valenciaflats Torres de Serrano,17468,NA,Valencia,1,1,€ 51,2019/12/15,2019/12/16,0,"8,3",30
Valencian Apartment,2298621,NA,Valencia,1,1,€ 84,2019/12/15,2019/12/16,0,"8,9",30
AC Hotel Valencia,91063,NA,Valencia,1,1,€ 84,2019/12/15,2019/12/16,4,"8,5",30
Barceló Valencia,91988,NA,Valencia,1,1,€ 86,2019/12/15,2019/12/16,4,"8,7",30
Soho Valencia,1538641,NA,Valencia,1,1,€ 54,2019/12/15,2019/12/16,0,"8,9",30
Moon Valencia,3560698,NA,Valencia,1,1,€ 54,2019/12/15,2019/12/16,0,"8,8",30
Buho House,3777691,NA,Valencia,1,1,€ 54,2019/12/15,2019/12/16,0,"8,5",30
Urban Youth Hostel,1163025,NA,Valencia,1,1,€ 52,2019/12/15,2019/12/16,0,"8,4",30
Silken Puerta Valencia,91182,NA,Valencia,1,1,€ 53,2019/12/15,2019/12/16,4,"8,3",30
NH Valencia Las Ciencias,90725,NA,Valencia,1,1,€ 54,2019/12/15,2019/12/16,3,8,30
Down Town,1656378,NA,Valencia,1,1,€ 54,2019/12/15,2019/12/16,0,"8,3",30
Piso en Malvarrosa,2574698,NA,Valencia,1,1,NA,2019/12/15,2019/12/16,0,"9,1",30
Lotelito,570027,NA,Valencia,1,1,€ 54,2019/12/15,2019/12/16,0,"8,9",30
Valenciaflats Centro Histórico,94781,NA,Valencia,1,1,€ 54,2019/12/15,2019/12/16,0,"8,7",30
AC Hotel Colon Valencia,1117150,NA,Valencia,1,1,€ 87,2019/12/15,2019/12/16,4,"8,7",30
Apartamento cerca de la Playa y el Centro,2620264,NA,Valencia,1,1,€ 88,2019/12/15,2019/12/16,0,"8,9",30
Total Valencia Mercado Central,4888886,NA,Valencia,1,1,NA,2019/12/15,2019/12/16,0,"9,2",30
Casa de Maria,2467712,NA,Valencia,1,1,€ 90,2019/12/15,2019/12/16,0,"8,7",30
Apartamentos Plaza Picasso,97063,NA,Valencia,1,1,€ 49,2019/12/15,2019/12/16,0,"8,5",30
Catalonia Excelsior,90578,NA,Valencia,1,1,€ 92,2019/12/15,2019/12/16,3,"8,7",30
Casa Adosada Quintero,5481770,NA,Valencia,1,1,€ 92,2019/12/15,2019/12/16,0,"8,8",30
Melia Valencia,290493,NA,Valencia,1,1,€ 93,2019/12/15,2019/12/16,4,"8,8",30
Turia Burjassot 12,3237353,NA,Valencia,1,1,€ 55,2019/12/15,2019/12/16,0,"8,9",30
Burjassot Mestalla,3058627,NA,Valencia,1,1,€ 55,2019/12/15,2019/12/16,0,"8,6",30
Ad Hoc Carmen,1173270,NA,Valencia,1,1,€ 56,2019/12/15,2019/12/16,2,"8,9",30
València Centre Túria,2185255,NA,Valencia,1,1,€ 56,2019/12/15,2019/12/16,0,"8,8",30
Hola Valencia - Holiday Apartments,2818140,NA,Valencia,1,1,NA,2019/12/15,2019/12/16,0,"8,8",30
Hotel Medium Valencia,96838,NA,Valencia,1,1,€ 54,2019/12/15,2019/12/16,4,"8,2",30
El Coso,14580,NA,Valencia,1,1,€ 55,2019/12/15,2019/12/16,3,"8,2",30
Melia Plaza Valencia,13270,NA,Valencia,1,1,€ 94,2019/12/15,2019/12/16,4,"8,9",30
Vincci Palace,94163,NA,Valencia,1,1,€ 99,2019/12/15,2019/12/16,4,"8,7",30
Vistas al mar,3214362,NA,Valencia,1,1,NA,2019/12/15,2019/12/16,0,9,30
Mr Flats Valencia 2,2580094,NA,Valencia,1,1,NA,2019/12/15,2019/12/16,0,9,30
ABCyou Bed&Breakfast,189207,NA,Valencia,1,1,€ 56,2019/12/15,2019/12/16,0,"8,5",30
Casa del Patriarca,364834,NA,Valencia,1,1,€ 57,2019/12/15,2019/12/16,0,"8,9",30
Sol Playa,12656,NA,Valencia,1,1,€ 55,2019/12/15,2019/12/16,2,"8,3",30
Valero Vintage,3315727,NA,Valencia,1,1,€ 55,2019/12/15,2019/12/16,0,8,30
Hotel Valencia Center,91285,NA,Valencia,1,1,€ 56,2019/12/15,2019/12/16,4,"8,4",30
Citizentral Gascons,332095,NA,Valencia,1,1,€ 58,2019/12/15,2019/12/16,0,"8,8",30
Hotel San Lorenzo Boutique,1307718,NA,Valencia,1,1,€ 59,2019/12/15,2019/12/16,3,"8,6",30
Blanq Carmen Hotel,97069,NA,Valencia,1,1,€ 59,2019/12/15,2019/12/16,3,"8,7",30
Jardín Botánico Hotel Boutique,93369,NA,Valencia,1,1,€ 59,2019/12/15,2019/12/16,3,"8,9",30
Loft zona Pechina en Valencia centro,2524985,NA,Valencia,1,1,NA,2019/12/15,2019/12/16,0,"9,1",30
Original Domino House,5434091,NA,Valencia,1,1,€ 59,2019/12/15,2019/12/16,0,"8,7",30
Hotel Mediterraneo Valencia,92412,NA,Valencia,1,1,€ 59,2019/12/15,2019/12/16,3,"8,8",30
New Trendy apartment,2426154,NA,Valencia,1,1,€ 100,2019/12/15,2019/12/16,0,"8,6",30
Ilunion Aqua 4,92777,NA,Valencia,1,1,€ 102,2019/12/15,2019/12/16,4,"8,6",30
Friendly Rentals Ravel I,1634234,NA,Valencia,1,1,€ 105,2019/12/15,2019/12/16,0,"8,8",30
Friendly Rentals Brade,1918694,NA,Valencia,1,1,€ 105,2019/12/15,2019/12/16,0,"8,8",30
València Centre Torres de Quart,886289,NA,Valencia,1,1,€ 60,2019/12/15,2019/12/16,0,"8,9",30
Apartamento Jesus De Medinaceli,1728697,NA,Valencia,1,1,€ 60,2019/12/15,2019/12/16,0,"8,6",30
Petit Palace Ruzafa,90792,NA,Valencia,1,1,€ 64,2019/12/15,2019/12/16,3,"8,7",30
Hotel Neptuno,91206,NA,Valencia,1,1,€ 108,2019/12/15,2019/12/16,4,"8,5",30
SH Ingles Boutique Hotel,92956,NA,Valencia,1,1,€ 110,2019/12/15,2019/12/16,4,"8,5",30
Casa Vich,4457634,NA,Valencia,1,1,NA,2019/12/15,2019/12/16,0,"9,4",30
NH Ciudad de Valencia,90729,NA,Valencia,1,1,€ 58,2019/12/15,2019/12/16,3,"8,1",30
Apartamento Torres,1887853,NA,Valencia,1,1,NA,2019/12/15,2019/12/16,0,"8,9",30
SKY TOURISTIC ATTIC,281640,NA,Valencia,1,1,€ 59,2019/12/15,2019/12/16,0,"8,4",30
Senator Parque Central Hotel,274963,NA,Valencia,1,1,€ 60,2019/12/15,2019/12/16,4,"8,1",30
Friendly Rentals Pergolesi,1634240,NA,Valencia,1,1,€ 110,2019/12/15,2019/12/16,0,"8,5",30
Friendly Rentals Casals,1769176,NA,Valencia,1,1,€ 110,2019/12/15,2019/12/16,0,"8,6",30
Friendly Rentals Schubert,1634221,NA,Valencia,1,1,€ 110,2019/12/15,2019/12/16,0,"8,8",30
Tranquilo Apartamento En Plaza Cisneros,3127388,NA,Valencia,1,1,€ 111,2019/12/15,2019/12/16,0,"8,8",30
Vincci Lys,91183,NA,Valencia,1,1,€ 111,2019/12/15,2019/12/16,4,"8,9",30
Hotel Miramar,23332,NA,Valencia,1,1,€ 61,2019/12/15,2019/12/16,2,"8,4",30
Casual de las Artes Valencia,538056,NA,Valencia,1,1,€ 64,2019/12/15,2019/12/16,3,"8,4",30
L'Otelet By Sweet,1467935,NA,Valencia,1,1,€ 64,2019/12/15,2019/12/16,0,"8,3",30
Reina 12,1684198,NA,Valencia,1,1,€ 64,2019/12/15,2019/12/16,0,"8,2",30
Apartments Trinitarios,364825,NA,Valencia,1,1,NA,2019/12/15,2019/12/16,0,"8,9",30
Alex Apartment,1756374,NA,Valencia,1,1,€ 64,2019/12/15,2019/12/16,0,8,30
Hotel Alkazar,408511,NA,Valencia,1,1,€ 64,2019/12/15,2019/12/16,1,"8,1",30
SHF Flats Baron,1033085,NA,Valencia,1,1,€ 65,2019/12/15,2019/12/16,0,8,30
Apartment Vicent,1674495,NA,Valencia,1,1,€ 65,2019/12/15,2019/12/16,0,"8,3",30
Holiday Inn Express Ciudad de las Ciencias,96737,NA,Valencia,1,1,€ 65,2019/12/15,2019/12/16,3,8,30
