name,propertyId,propertyType,city,rooms,days,price,checkIn,checkOut,stars,score,advance
Apartment Carrer de Don Juan de Austria,5464038,NA,Valencia,1,1,€ 279,2019/11/23,2019/11/24,0,,7
VILLA In VALENCIA WITH POOL ON THE BEACH,5684273,NA,Valencia,1,1,€ 470,2019/11/23,2019/11/24,0,,7
Ruzafa V,3461391,NA,Valencia,1,1,NA,2019/11/23,2019/11/24,0,"9,4",7
Port of Valencia,3805735,NA,Valencia,1,1,€ 75,2019/11/23,2019/11/24,0,"5,1",7
Oliver,4865093,NA,Valencia,1,1,€ 83,2019/11/23,2019/11/24,0,"5,3",7
ApartUP Patacona Select,4972015,NA,Valencia,1,1,NA,2019/11/23,2019/11/24,0,"9,9",7
Guesthouse Plaza de Toros,2985902,NA,Valencia,1,1,€ 43,2019/11/23,2019/11/24,0,"4,8",7
Apartment Carrer de Josep Aguirre,5646705,NA,Valencia,1,1,€ 608,2019/11/23,2019/11/24,0,,7
Apartamento de lujo con terraza,5240138,NA,Valencia,1,1,€ 770,2019/11/23,2019/11/24,0,,7
Apartamento con terraza,5238122,NA,Valencia,1,1,€ 775,2019/11/23,2019/11/24,0,,7
RoomTuristValencia Estacion del Norte,4682632,NA,Valencia,1,1,€ 72,2019/11/23,2019/11/24,0,"4,9",7
Malvarosa,3820590,NA,Valencia,1,1,€ 120,2019/11/23,2019/11/24,0,"3,8",7
Rooms Parque Cabecera,5822049,NA,Valencia,1,1,€ 45,2019/11/23,2019/11/24,0,,7
Tu BedAndBreakFast con Encanto en Valencia,5777187,NA,Valencia,1,1,€ 50,2019/11/23,2019/11/24,0,,7
Comoda habitacion,5695905,NA,Valencia,1,1,€ 58,2019/11/23,2019/11/24,0,,7
LOFT apartamento duplex en Valencia con parking gratis,5519008,NA,Valencia,1,1,NA,2019/11/23,2019/11/24,0,"9,8",7
Ciudade de Las Artes,5681064,NA,Valencia,1,1,€ 60,2019/11/23,2019/11/24,0,,7
Valencia- habitacion,5366858,NA,Valencia,1,1,€ 60,2019/11/23,2019/11/24,0,,7
vosotros sereis parte de mi familia.,5299568,NA,Valencia,1,1,€ 65,2019/11/23,2019/11/24,0,,7
Minimalist room with balcony.FREE bikes & coffee 1,5776697,NA,Valencia,1,1,€ 65,2019/11/23,2019/11/24,0,,7
HoGraFic,5739228,NA,Valencia,1,1,€ 68,2019/11/23,2019/11/24,2,,7
Loft Turia Gran,5133726,NA,Valencia,1,1,€ 80,2019/11/23,2019/11/24,0,,7
la casita,4333253,NA,Valencia,1,1,NA,2019/11/23,2019/11/24,0,"9,9",7
Loft Valencia,5821610,NA,Valencia,1,1,€ 80,2019/11/23,2019/11/24,0,,7
Aparment Canarias,3753027,NA,Valencia,1,1,€ 99,2019/11/23,2019/11/24,0,,7
Loft en Ruzafa,5739487,NA,Valencia,1,1,€ 102,2019/11/23,2019/11/24,0,,7
Kirei Apartment Dublin,4639542,NA,Valencia,1,1,€ 103,2019/11/23,2019/11/24,0,,7
EL ATICO,5680427,NA,Valencia,1,1,€ 107,2019/11/23,2019/11/24,0,,7
Apartment Madrina Suites,5791814,NA,Valencia,1,1,€ 119,2019/11/23,2019/11/24,0,,7
Casa Calle Conquista,4691493,NA,Valencia,1,1,NA,2019/11/23,2019/11/24,0,"9,5",7
ACOGEDOR - CON TERRAZA - EN EL PLENO CENTRO,5715086,NA,Valencia,1,1,€ 120,2019/11/23,2019/11/24,0,,7
CASA MARQUES DE CARO,4472176,NA,Valencia,1,1,€ 121,2019/11/23,2019/11/24,0,,7
The White Apartment: Luxury- Beach and Design,5631365,NA,Valencia,1,1,€ 167,2019/11/23,2019/11/24,0,,7
Apartment Passeig de la Petxina,5695771,NA,Valencia,1,1,€ 195,2019/11/23,2019/11/24,0,,7
Apartment Carrer Ernesto Che Guevara,5598848,NA,Valencia,1,1,€ 211,2019/11/23,2019/11/24,0,,7
MARQUÉS HOUSE 4* SUP,2118880,NA,Valencia,1,1,€ 209,2019/11/23,2019/11/24,4,"9,4",7
City Center Atico 360,3025679,NA,Valencia,1,1,€ 210,2019/11/23,2019/11/24,0,"9,4",7
BONNIES Suites & Spa Valencia,3631910,NA,Valencia,1,1,NA,2019/11/23,2019/11/24,0,"9,8",7
Loft Superior el Carmen,2784473,NA,Valencia,1,1,€ 212,2019/11/23,2019/11/24,0,"9,2",7
Hotel Boutique Balandret,1281710,NA,Valencia,1,1,€ 220,2019/11/23,2019/11/24,3,"9,2",7
Caro Hotel,348132,NA,Valencia,1,1,€ 229,2019/11/23,2019/11/24,5,"9,2",7
One Shot Mercat 09,2274203,NA,Valencia,1,1,€ 239,2019/11/23,2019/11/24,4,"9,1",7
Ca Carmela,2466364,NA,Valencia,1,1,€ 250,2019/11/23,2019/11/24,0,9,7
MD Julio Antonio Apartment Center,3961049,NA,Valencia,1,1,€ 285,2019/11/23,2019/11/24,0,"9,2",7
Ambrosio Flats Valencia - El Mercat,3131649,NA,Valencia,1,1,NA,2019/11/23,2019/11/24,0,"9,5",7
Casual de las Artes Valencia,538056,NA,Valencia,1,1,€ 81,2019/11/23,2019/11/24,3,"8,5",7
Melia Valencia,290493,NA,Valencia,1,1,€ 84,2019/11/23,2019/11/24,4,"8,8",7
La Casa Verde - Ruzafa,2029143,NA,Valencia,1,1,NA,2019/11/23,2019/11/24,0,"9,7",7
Apartamentos Plaza Picasso,97063,NA,Valencia,1,1,€ 84,2019/11/23,2019/11/24,0,"8,5",7
Old Fisherman's House in Malvarrosa Beach,3618172,NA,Valencia,1,1,€ 312,2019/11/23,2019/11/24,0,"9,4",7
Art&Flats Bed&Breakfast,5238345,NA,Valencia,1,1,€ 15,2019/11/23,2019/11/24,0,"8,8",7
Homestay Carrer Sagun,5006434,NA,Valencia,1,1,€ 40,2019/11/23,2019/11/24,0,"8,8",7
Pensión Alicante,298710,NA,Valencia,1,1,€ 40,2019/11/23,2019/11/24,0,"8,5",7
Estrella de russafa,5352439,NA,Valencia,1,1,€ 40,2019/11/23,2019/11/24,0,"8,7",7
Florista's Room en Valencia,5502152,NA,Valencia,1,1,€ 56,2019/11/23,2019/11/24,0,"8,8",7
Citizentral Gascons,332095,NA,Valencia,1,1,€ 87,2019/11/23,2019/11/24,0,"8,8",7
Sercotel Sorolla Palace,93646,NA,Valencia,1,1,€ 89,2019/11/23,2019/11/24,4,"8,6",7
Ciudad Ciencias- Lujo- Parking- Wi-Fi.,4999636,NA,Valencia,1,1,NA,2019/11/23,2019/11/24,0,"9,8",7
Home Youth Hostel by Feetup Hostels,189322,NA,Valencia,1,1,€ 57,2019/11/23,2019/11/24,0,"8,8",7
Russafa Youth Hostel,345134,NA,Valencia,1,1,€ 59,2019/11/23,2019/11/24,0,"8,6",7
Eurostars Acteón,90495,NA,Valencia,1,1,€ 62,2019/11/23,2019/11/24,4,"8,5",7
Hotel Olympia Universidades,1301731,NA,Valencia,1,1,€ 68,2019/11/23,2019/11/24,3,"8,5",7
Original Domino House,5434091,NA,Valencia,1,1,€ 69,2019/11/23,2019/11/24,0,"8,7",7
Carrer de l'Escriptor Rafael Ferreres,4267645,NA,Valencia,1,1,€ 70,2019/11/23,2019/11/24,0,"8,6",7
Hotel Gabbeach,403586,NA,Valencia,1,1,€ 89,2019/11/23,2019/11/24,3,"8,5",7
BUBUFLATS / Mercat,783206,NA,Valencia,1,1,€ 90,2019/11/23,2019/11/24,0,"8,9",7
Apartment close to park Marchalenes,4418670,NA,Valencia,1,1,€ 90,2019/11/23,2019/11/24,0,"8,9",7
Apartamento,3139431,NA,Valencia,1,1,NA,2019/11/23,2019/11/24,0,"9,5",7
Casa del Patriarca,364834,NA,Valencia,1,1,€ 71,2019/11/23,2019/11/24,0,"8,9",7
Pio XII Apartments Valencia,402080,NA,Valencia,1,1,€ 72,2019/11/23,2019/11/24,0,"8,5",7
Luxury Center Plaza Redonda,5138960,NA,Valencia,1,1,NA,2019/11/23,2019/11/24,0,"9,5",7
Casa Adosada Quintero,5481770,NA,Valencia,1,1,€ 91,2019/11/23,2019/11/24,0,"8,8",7
AC Hotel Valencia,91063,NA,Valencia,1,1,€ 92,2019/11/23,2019/11/24,4,"8,5",7
Hotel Valencia Oceanic Managed by Melia Hotels International,91522,NA,Valencia,1,1,€ 92,2019/11/23,2019/11/24,4,"8,6",7
València Centre Túria,2185255,NA,Valencia,1,1,€ 75,2019/11/23,2019/11/24,0,"8,8",7
YOU & CO. Saler Beach Boutique,4533007,NA,Valencia,1,1,€ 75,2019/11/23,2019/11/24,3,"8,9",7
Reina Rooms,4211140,NA,Valencia,1,1,€ 79,2019/11/23,2019/11/24,0,"8,9",7
Valenciaflats Torres de Serrano,17468,NA,Valencia,1,1,€ 105,2019/11/23,2019/11/24,0,"8,3",7
Holiday Inn Express Ciudad de las Ciencias,96737,NA,Valencia,1,1,€ 108,2019/11/23,2019/11/24,3,8,7
Disfruta - Enjoy Valencia Ayuntamiento,4901194,NA,Valencia,1,1,NA,2019/11/23,2019/11/24,0,"9,6",7
NH Valencia Center,90727,NA,Valencia,1,1,€ 109,2019/11/23,2019/11/24,4,"8,3",7
Apartamento frente al mar,3060802,NA,Valencia,1,1,€ 112,2019/11/23,2019/11/24,0,"8,2",7
Loft by the Beach,4441671,NA,Valencia,1,1,€ 115,2019/11/23,2019/11/24,0,"8,3",7
Patacona Beach Apartment,4533678,NA,Valencia,1,1,€ 115,2019/11/23,2019/11/24,0,"8,3",7
Les flors,3985046,NA,Valencia,1,1,€ 93,2019/11/23,2019/11/24,0,"8,7",7
ABCyou Bed&Breakfast,189207,NA,Valencia,1,1,€ 94,2019/11/23,2019/11/24,0,"8,5",7
Barceló Valencia,91988,NA,Valencia,1,1,€ 95,2019/11/23,2019/11/24,4,"8,7",7
La seda stay,3335523,NA,Valencia,1,1,NA,2019/11/23,2019/11/24,0,"9,6",7
Welcomer Apartments Valencia,19363,NA,Valencia,1,1,€ 100,2019/11/23,2019/11/24,0,"8,7",7
Ilunion Aqua 4,92777,NA,Valencia,1,1,€ 102,2019/11/23,2019/11/24,4,"8,6",7
Hotel Malcom and Barret,483261,NA,Valencia,1,1,€ 105,2019/11/23,2019/11/24,3,"8,7",7
Eurostars Rey Don Jaime,91520,NA,Valencia,1,1,€ 116,2019/11/23,2019/11/24,4,"8,2",7
Apartamento Obispo don Jerónimo,2079020,NA,Valencia,1,1,€ 118,2019/11/23,2019/11/24,0,"8,3",7
ApartUP Patacona Deluxe,2565246,NA,Valencia,1,1,NA,2019/11/23,2019/11/24,0,"9,5",7
Hotel Kramer,91106,NA,Valencia,1,1,€ 105,2019/11/23,2019/11/24,3,"8,8",7
Valenciaflats Centro Histórico,94781,NA,Valencia,1,1,€ 110,2019/11/23,2019/11/24,0,"8,7",7
B&B Hi Valencia Boutique,1301725,NA,Valencia,1,1,€ 113,2019/11/23,2019/11/24,0,"8,7",7
Apartamento Comedias,2236348,NA,Valencia,1,1,NA,2019/11/23,2019/11/24,0,"9,7",7
Sol Playa,12656,NA,Valencia,1,1,€ 57,2019/11/23,2019/11/24,2,"8,3",7
Aparthotel Valencia Rental,17344,NA,Valencia,1,1,€ 60,2019/11/23,2019/11/24,0,8,7
Valencia Apartamentos Goya,4256653,NA,Valencia,1,1,NA,2019/11/23,2019/11/24,0,"9,9",7
Red Nest Hostel,92283,NA,Valencia,1,1,€ 64,2019/11/23,2019/11/24,0,"8,2",7
Zenit Valencia,92327,NA,Valencia,1,1,€ 117,2019/11/23,2019/11/24,4,"8,8",7
Style Apartments Cabanyal Marina Beach,5024641,NA,Valencia,1,1,€ 117,2019/11/23,2019/11/24,0,"8,7",7
One Shot Colón 46,1394168,NA,Valencia,1,1,€ 119,2019/11/23,2019/11/24,3,"8,7",7
El Coso,14580,NA,Valencia,1,1,€ 126,2019/11/23,2019/11/24,3,"8,2",7
Zerka Centro,4425975,NA,Valencia,1,1,€ 139,2019/11/23,2019/11/24,0,"8,4",7
Sweet Hotel Continental,93856,NA,Valencia,1,1,€ 178,2019/11/23,2019/11/24,2,"8,3",7
Hotel San Lorenzo Boutique,1307718,NA,Valencia,1,1,€ 122,2019/11/23,2019/11/24,3,"8,6",7
ValentiaApartments - MercadoCentral,4185241,NA,Valencia,1,1,€ 125,2019/11/23,2019/11/24,0,"8,8",7
Albergue Juvenil Colegio Mayor Galileo Galilei,253103,NA,Valencia,1,1,€ 65,2019/11/23,2019/11/24,0,"8,1",7
Nanit Valencia Hostel,3913497,NA,Valencia,1,1,€ 65,2019/11/23,2019/11/24,0,"8,4",7
Hostal Abastos,257057,NA,Valencia,1,1,€ 66,2019/11/23,2019/11/24,2,"8,2",7
Purple Nest Hostel,25278,NA,Valencia,1,1,€ 74,2019/11/23,2019/11/24,0,"8,2",7
B&B Hi Valencia Canovas,305349,NA,Valencia,1,1,€ 75,2019/11/23,2019/11/24,0,"8,3",7
Apartment Cabanyal,3172456,NA,Valencia,1,1,NA,2019/11/23,2019/11/24,0,"9,7",7
NWT Central Station Apartments,3964093,NA,Valencia,1,1,€ 179,2019/11/23,2019/11/24,0,"8,2",7
Hotel Conqueridor,91047,NA,Valencia,1,1,€ 190,2019/11/23,2019/11/24,4,"8,4",7
Habitación Céntrica en Casa de Familia,4289877,NA,Valencia,1,1,€ 25,2019/11/23,2019/11/24,0,"7,7",7
Espai Loft Santa Mónica,4574135,NA,Valencia,1,1,NA,2019/11/23,2019/11/24,0,"9,8",7
UP Hostel Valencia,1710137,NA,Valencia,1,1,€ 28,2019/11/23,2019/11/24,0,"7,7",7
Residencia Universitaria Damia Bonet,247451,NA,Valencia,1,1,€ 75,2019/11/23,2019/11/24,0,"8,3",7
L'Otelet By Sweet,1467935,NA,Valencia,1,1,€ 77,2019/11/23,2019/11/24,0,"8,3",7
Ilunion Valencia 4,754329,NA,Valencia,1,1,€ 79,2019/11/23,2019/11/24,4,"8,1",7
HOSPEDAJE PESET,4718074,NA,Valencia,1,1,€ 40,2019/11/23,2019/11/24,0,"7,5",7
Valencia City Host,1177077,NA,Valencia,1,1,€ 43,2019/11/23,2019/11/24,0,"7,7",7
Pensión Universal,304276,NA,Valencia,1,1,€ 44,2019/11/23,2019/11/24,0,"7,9",7
United Colors of Apartments - Catedral,1301545,NA,Valencia,1,1,€ 80,2019/11/23,2019/11/24,0,"8,2",7
Tryp Valencia Feria,92852,NA,Valencia,1,1,€ 80,2019/11/23,2019/11/24,4,"8,3",7
NH Valencia Las Ciencias,90725,NA,Valencia,1,1,€ 83,2019/11/23,2019/11/24,3,8,7
Lounge by the sea,4756780,NA,Valencia,1,1,NA,2019/11/23,2019/11/24,0,"9,8",7
Hostal Penalty,189209,NA,Valencia,1,1,€ 85,2019/11/23,2019/11/24,1,8,7
Reina 12,1684198,NA,Valencia,1,1,€ 85,2019/11/23,2019/11/24,0,"8,2",7
Hotel Medium Valencia,96838,NA,Valencia,1,1,€ 86,2019/11/23,2019/11/24,4,"8,2",7
Hospederia del Pilar,327766,NA,Valencia,1,1,€ 45,2019/11/23,2019/11/24,0,"7,9",7
Habitacion por dias Centro Valencia,3977106,NA,Valencia,1,1,€ 45,2019/11/23,2019/11/24,0,"7,8",7
Calle de Frederica Montseny 'Política' Casa o chalet,5152866,NA,Valencia,1,1,NA,2019/11/23,2019/11/24,0,"9,6",7
Casual Civilizaciones Valencia,449777,NA,Valencia,1,1,€ 45,2019/11/23,2019/11/24,0,"7,9",7
Rio Turia B&B,5531073,NA,Valencia,1,1,€ 48,2019/11/23,2019/11/24,0,"7,7",7
Valencia Lounge Hostel,337203,NA,Valencia,1,1,€ 48,2019/11/23,2019/11/24,0,"7,7",7
Rooms Aventura,5567318,NA,Valencia,1,1,€ 50,2019/11/23,2019/11/24,0,"7,9",7
Primus Valencia,331871,NA,Valencia,1,1,€ 87,2019/11/23,2019/11/24,4,"8,3",7
Ilunion Aqua 3,92776,NA,Valencia,1,1,€ 89,2019/11/23,2019/11/24,3,"8,3",7
Hotel Valencia Center,91285,NA,Valencia,1,1,€ 94,2019/11/23,2019/11/24,4,"8,4",7
Habitación San Cayetano,4624401,NA,Valencia,1,1,€ 50,2019/11/23,2019/11/24,0,"7,5",7
Casa La Buhardilla,2985364,NA,Valencia,1,1,NA,2019/11/23,2019/11/24,0,"9,6",7
NH Valencia Las Artes,90731,NA,Valencia,1,1,€ 95,2019/11/23,2019/11/24,4,"8,4",7
Eurostars Gran Valencia,90484,NA,Valencia,1,1,€ 96,2019/11/23,2019/11/24,4,"8,4",7
Senator Parque Central Hotel,274963,NA,Valencia,1,1,€ 99,2019/11/23,2019/11/24,4,"8,1",7
Reina's Apartment,2130930,NA,Valencia,1,1,€ 100,2019/11/23,2019/11/24,0,"8,3",7
Hostal la Barraca,350013,NA,Valencia,1,1,€ 65,2019/11/23,2019/11/24,0,"7,1",7
Mi casa es vuestra casa,4967097,NA,Valencia,1,1,€ 70,2019/11/23,2019/11/24,0,"7,1",7
Hostal Antigua Morellana,1273937,NA,Valencia,1,1,NA,2019/11/23,2019/11/24,1,"9,5",7
APARTAMENTO LAS MELLIZAS,4651578,NA,Valencia,1,1,€ 50,2019/11/23,2019/11/24,0,"8,3",7
Centro Valencia Calle Cerrajeros,3476261,NA,Valencia,1,1,€ 75,2019/11/23,2019/11/24,0,"7,1",7
OYO Pensión El Rincón,476031,NA,Valencia,1,1,€ 76,2019/11/23,2019/11/24,1,"7,4",7
Rooms Valencia Center,5507857,NA,Valencia,1,1,€ 55,2019/11/23,2019/11/24,0,"7,8",7
Attic Rooms in Botánico,5522932,NA,Valencia,1,1,€ 58,2019/11/23,2019/11/24,0,"7,7",7
Apartamento Alameda,1698817,NA,Valencia,1,1,NA,2019/11/23,2019/11/24,0,"9,5",7
B&B El Mercat,2203530,NA,Valencia,1,1,€ 79,2019/11/23,2019/11/24,0,"7,2",7
HOSTAL BED OF THE SEA,3974636,NA,Valencia,1,1,€ 80,2019/11/23,2019/11/24,0,"7,2",7
Cosy Rooms Bolsería,371606,NA,Valencia,1,1,€ 84,2019/11/23,2019/11/24,2,"7,4",7
Cosy Rooms Embajador,369728,NA,Valencia,1,1,€ 94,2019/11/23,2019/11/24,2,"7,4",7
Rest room Evi,5710566,NA,Valencia,1,1,NA,2019/11/23,2019/11/24,0,"9,5",7
NWT Monserrat,3728842,NA,Valencia,1,1,€ 139,2019/11/23,2019/11/24,0,7,7
Hostal Bisbal,235665,NA,Valencia,1,1,€ 60,2019/11/23,2019/11/24,1,"7,5",7
Hotel Turia,14441,NA,Valencia,1,1,€ 61,2019/11/23,2019/11/24,4,"7,5",7
Hostal Moratin,326015,NA,Valencia,1,1,€ 62,2019/11/23,2019/11/24,1,"7,8",7
ValentiaApartments - MercadoCentral,4185241,NA,Valencia,1,1,€ 125,2019/11/23,2019/11/24,0,"8,8",7
Hotel Neptuno,91206,NA,Valencia,1,1,€ 126,2019/11/23,2019/11/24,4,"8,5",7
Best Valencia Beach Flat,3246772,NA,Valencia,1,1,€ 190,2019/11/23,2019/11/24,0,"7,1",7
MD Puerto Rico Apartment Ruzafa,3737151,NA,Valencia,1,1,€ 289,2019/11/23,2019/11/24,0,"7,4",7
Ilunion Valencia 3,92818,NA,Valencia,1,1,€ 62,2019/11/23,2019/11/24,3,"7,9",7
Hotel Beleret,94652,NA,Valencia,1,1,€ 65,2019/11/23,2019/11/24,3,"7,6",7
Apartamento Bolseria 28,881275,NA,Valencia,1,1,NA,2019/11/23,2019/11/24,0,"9,5",7
Lotelito,570027,NA,Valencia,1,1,€ 130,2019/11/23,2019/11/24,0,"8,9",7
SH Valencia Palace,91497,NA,Valencia,1,1,€ 130,2019/11/23,2019/11/24,5,"8,5",7
Expo Hotel Valencia,91223,NA,Valencia,1,1,€ 66,2019/11/23,2019/11/24,3,"7,6",7
Disfruta De Playa Y Ciudad,2470646,NA,Valencia,1,1,NA,2019/11/23,2019/11/24,0,"9,6",7
Habitaciones Rusafa,5604325,NA,Valencia,1,1,€ 70,2019/11/23,2019/11/24,0,"7,6",7
Checkin Valencia,93743,NA,Valencia,1,1,€ 71,2019/11/23,2019/11/24,4,"7,8",7
SEA YOU HOTEL PORT VALENCIA,92328,NA,Valencia,1,1,€ 74,2019/11/23,2019/11/24,4,"7,8",7
Homestay Valencia,2597106,NA,Valencia,1,1,€ 80,2019/11/23,2019/11/24,0,"7,9",7
B&B Hotel Valencia Ciudad de las Ciencias,92242,NA,Valencia,1,1,€ 83,2019/11/23,2019/11/24,3,"7,5",7
Homestay & OLEE,4132920,NA,Valencia,1,1,€ 100,2019/11/23,2019/11/24,0,"7,5",7
Colors Rooms,675839,NA,Valencia,1,1,NA,2019/11/23,2019/11/24,0,"9,5",7
Apartamento Alguer,4005334,NA,Valencia,1,1,€ 110,2019/11/23,2019/11/24,0,"7,7",7
AC Hotel Colon Valencia,1117150,NA,Valencia,1,1,€ 131,2019/11/23,2019/11/24,4,"8,7",7
STYLISH APARTMENT - CITY CENTER,2861517,NA,Valencia,1,1,€ 120,2019/11/23,2019/11/24,0,"7,8",7
El 16 Ruzafa,865461,NA,Valencia,1,1,€ 134,2019/11/23,2019/11/24,0,"7,7",7
Musico Peydro Apartments,3765069,NA,Valencia,1,1,€ 271,2019/11/23,2019/11/24,0,"7,9",7
MD Art Apartment Ruzafa,2550955,NA,Valencia,1,1,€ 271,2019/11/23,2019/11/24,0,"7,6",7
MD Benlliure Beach.,1957258,NA,Valencia,1,1,€ 271,2019/11/23,2019/11/24,0,"7,8",7
Homely Nest Valencia El Carme,3790877,NA,Valencia,1,1,NA,2019/11/23,2019/11/24,0,"9,7",7
Malvarrosa Beach Rooms,314048,NA,Valencia,1,1,€ 89,2019/11/23,2019/11/24,2,"6,9",7
Apartment Valencia Denia,1968489,NA,Valencia,1,1,€ 99,2019/11/23,2019/11/24,0,"6,5",7
Casita Esmeralda,2040126,NA,Valencia,1,1,€ 114,2019/11/23,2019/11/24,0,"6,6",7
Glorieta,4217752,NA,Valencia,1,1,NA,2019/11/23,2019/11/24,0,"9,6",7
Hotel Dimar,90886,NA,Valencia,1,1,€ 135,2019/11/23,2019/11/24,4,"8,7",7
Casual Vintage Valencia,1710241,NA,Valencia,1,1,€ 149,2019/11/23,2019/11/24,2,"8,6",7
Vincci Lys,91183,NA,Valencia,1,1,€ 152,2019/11/23,2019/11/24,4,"8,9",7
Premium Apartments,486507,NA,Valencia,1,1,€ 124,2019/11/23,2019/11/24,0,"6,9",7
Guest House Higinio Noja,2845935,NA,Valencia,1,1,€ 30,2019/11/23,2019/11/24,0,6,7
Fun and Sun Center 2,2944416,NA,Valencia,1,1,€ 31,2019/11/23,2019/11/24,0,6,7
Ruzafa Guesthouse,2269176,NA,Valencia,1,1,€ 45,2019/11/23,2019/11/24,0,"5,5",7
Valencia Apartamentos DEL MAR,5421626,NA,Valencia,1,1,€ 118,2019/11/23,2019/11/24,0,10,7
Apartamentos Navío,5647176,NA,Valencia,1,1,€ 74,2019/11/23,2019/11/24,0,"9,6",7
PLAYA POBLA DE FARNALS,5508533,NA,Valencia,1,1,NA,2019/11/23,2019/11/24,0,10,7
Home Sweet Home,1223953,NA,Valencia,1,1,€ 50,2019/11/23,2019/11/24,0,"5,5",7
Carrer del Bisbe Jaume Pérez,4900140,NA,Valencia,1,1,€ 60,2019/11/23,2019/11/24,0,"5,9",7
Bioparc Metro Valencia,5302327,NA,Valencia,1,1,NA,2019/11/23,2019/11/24,0,"9,5",7
Ambrosio Flats Valencia - El Carmen,2401127,NA,Valencia,1,1,NA,2019/11/23,2019/11/24,0,"9,5",7
Catalonia Excelsior,90578,NA,Valencia,1,1,€ 160,2019/11/23,2019/11/24,3,"8,7",7
Guest House Ruzafa,2324552,NA,Valencia,1,1,€ 35,2019/11/23,2019/11/24,0,"5,1",7
Guest House Torres de Quart,2275006,NA,Valencia,1,1,€ 38,2019/11/23,2019/11/24,0,"5,2",7
Gon & Diego House,4899561,NA,Valencia,1,1,€ 40,2019/11/23,2019/11/24,0,"5,4",7
MD Oliag I Apartment Ruzafa,2867488,NA,Valencia,1,1,€ 317,2019/11/23,2019/11/24,0,"7,6",7
La Flamenca,818359,NA,Valencia,1,1,€ 35,2019/11/23,2019/11/24,0,"7,2",7
Guest House Samuel Ros,4161855,NA,Valencia,1,1,€ 39,2019/11/23,2019/11/24,0,"7,2",7
Hogar Dulce Hogar,5426607,NA,Valencia,1,1,€ 63,2019/11/23,2019/11/24,0,7,7
Opera House Valencia B&B,3533887,NA,Valencia,1,1,€ 92,2019/11/23,2019/11/24,0,"9,5",7
Olympia Flats,4212801,NA,Valencia,1,1,€ 50,2019/11/23,2019/11/24,0,"9,7",7
Ramirez Flats & Bar,4124528,NA,Valencia,1,1,€ 120,2019/11/23,2019/11/24,0,"9,5",7
NWT Central Station Valencia,1647017,NA,Valencia,1,1,€ 64,2019/11/23,2019/11/24,0,"7,1",7
Melia Plaza Valencia,13270,NA,Valencia,1,1,€ 165,2019/11/23,2019/11/24,4,"8,9",7
Vincci Palace,94163,NA,Valencia,1,1,€ 165,2019/11/23,2019/11/24,4,"8,7",7
Puerta de Serranos,2734333,NA,Valencia,1,1,€ 166,2019/11/23,2019/11/24,0,"8,9",7
One Shot Palacio Reina Victoria 04,90885,NA,Valencia,1,1,€ 189,2019/11/23,2019/11/24,4,"8,6",7
chicrooms,5696677,NA,Valencia,1,1,€ 65,2019/11/23,2019/11/24,0,"5,1",7
Port of Valencia,3805735,NA,Valencia,1,1,€ 75,2019/11/23,2019/11/24,0,"5,1",7
Disfruta - Enjoy Valencia Oceanografic,4121345,NA,Valencia,1,1,€ 149,2019/11/23,2019/11/24,0,"9,6",7
Serranos Apartment,2698760,NA,Valencia,1,1,€ 150,2019/11/23,2019/11/24,0,"9,6",7
The Westin Valencia,93321,NA,Valencia,1,1,€ 208,2019/11/23,2019/11/24,5,"8,7",7
APARTAMENTO DE DISEÑO EN PLAZA MANISES,2823390,NA,Valencia,1,1,NA,2019/11/23,2019/11/24,0,"9,7",7
Casa de Vacaciones Pintor Vilar,2093863,NA,Valencia,1,1,€ 222,2019/11/23,2019/11/24,0,"8,8",7
Zerka Sendra,4657122,NA,Valencia,1,1,€ 249,2019/11/23,2019/11/24,0,"8,9",7
Apartments Downtown Valencia,2250421,NA,Valencia,1,1,€ 170,2019/11/23,2019/11/24,0,"9,6",7
Hospes Palau de La Mar,93823,NA,Valencia,1,1,€ 292,2019/11/23,2019/11/24,5,"8,8",7
Petit Palace Plaza de la Reina,90443,NA,Valencia,1,1,€ 318,2019/11/23,2019/11/24,3,"8,7",7
Urban Youth Hostel,1163025,NA,Valencia,1,1,€ 12,2019/11/23,2019/11/24,0,"8,4",7
Double Room in VALENCIA,5665653,NA,Valencia,1,1,€ 25,2019/11/23,2019/11/24,0,"8,3",7
Apartment Sofi,2830696,NA,Valencia,1,1,NA,2019/11/23,2019/11/24,0,"9,8",7
Center Valencia Youth Hostel,246931,NA,Valencia,1,1,€ 20,2019/11/23,2019/11/24,0,8,7
Habitacion en Valencia Barata,4861796,NA,Valencia,1,1,€ 40,2019/11/23,2019/11/24,0,"8,2",7
Habitacion en Valencia,4861732,NA,Valencia,1,1,€ 45,2019/11/23,2019/11/24,0,"8,4",7
Habitaciones con Encanto,5629632,NA,Valencia,1,1,€ 50,2019/11/23,2019/11/24,0,8,7
Cómoda habitación Valencia,4200488,NA,Valencia,1,1,NA,2019/11/23,2019/11/24,0,"9,5",7
Flats Piera Valencia Center,1490563,NA,Valencia,1,1,€ 195,2019/11/23,2019/11/24,0,"9,7",7
Hotel Cosmo,4838858,NA,Valencia,1,1,€ 200,2019/11/23,2019/11/24,3,"9,7",7
Pension MonaLisa Luxury Suites,3834224,NA,Valencia,1,1,€ 56,2019/11/23,2019/11/24,0,"8,2",7
Cantagua Hostel,4074640,NA,Valencia,1,1,€ 22,2019/11/23,2019/11/24,0,"9,1",7
Comfort Homestay,5423155,NA,Valencia,1,1,€ 67,2019/11/23,2019/11/24,0,9,7
Kasa Katia Eco Guest House,636256,NA,Valencia,1,1,€ 81,2019/11/23,2019/11/24,0,"9,3",7
Nest Style Valencia,5219046,NA,Valencia,1,1,€ 84,2019/11/23,2019/11/24,3,"9,3",7
Valencia what else...,2550483,NA,Valencia,1,1,NA,2019/11/23,2019/11/24,0,"9,5",7
Blanq Comedias,4922002,NA,Valencia,1,1,€ 90,2019/11/23,2019/11/24,0,9,7
Sorolla Centro,90896,NA,Valencia,1,1,€ 99,2019/11/23,2019/11/24,3,"9,1",7
Valencian Dreams,3268804,NA,Valencia,1,1,€ 99,2019/11/23,2019/11/24,0,"9,3",7
Mestalla Paradise,4734619,NA,Valencia,1,1,€ 100,2019/11/23,2019/11/24,0,9,7
Citizentral Juristas,1113127,NA,Valencia,1,1,€ 103,2019/11/23,2019/11/24,0,"9,2",7
malva-beach,3653248,NA,Valencia,1,1,€ 110,2019/11/23,2019/11/24,0,"9,1",7
Carmen Apartment,3308265,NA,Valencia,1,1,NA,2019/11/23,2019/11/24,0,"9,6",7
BUBUSUITES by Bubuflats,2389776,NA,Valencia,1,1,€ 110,2019/11/23,2019/11/24,0,"9,3",7
Biopark View Apartment,2381901,NA,Valencia,1,1,€ 110,2019/11/23,2019/11/24,0,9,7
Mon Suites Catedral,485679,NA,Valencia,1,1,€ 115,2019/11/23,2019/11/24,0,"9,2",7
Apartamento El Viajero,3023830,NA,Valencia,1,1,€ 115,2019/11/23,2019/11/24,0,"9,1",7
Apartamento Calle Porvenir,2855320,NA,Valencia,1,1,€ 115,2019/11/23,2019/11/24,0,9,7
Olvida tu Reloj Congresos Apartment,2448036,NA,Valencia,1,1,€ 117,2019/11/23,2019/11/24,0,"9,2",7
Rooms Ciencias,94126,NA,Valencia,1,1,€ 120,2019/11/23,2019/11/24,0,9,7
Bruno Apartment,2715023,NA,Valencia,1,1,NA,2019/11/23,2019/11/24,0,"9,7",7
HQ Rooms Apartments San Vicente,2894429,NA,Valencia,1,1,€ 120,2019/11/23,2019/11/24,0,"9,2",7
Valenciaflats Mercado Central,307677,NA,Valencia,1,1,€ 120,2019/11/23,2019/11/24,0,9,7
Valencia-Ruzafa Studio,3235983,NA,Valencia,1,1,€ 120,2019/11/23,2019/11/24,0,"9,1",7
15 Avinguda Mare Nostrum,4518973,NA,Valencia,1,1,€ 120,2019/11/23,2019/11/24,0,"9,1",7
Vincci Mercat,1279484,NA,Valencia,1,1,€ 127,2019/11/23,2019/11/24,4,9,7
Live in Chianti Apartaments,2882632,NA,Valencia,1,1,€ 128,2019/11/23,2019/11/24,0,9,7
Cool Central Market,3424724,NA,Valencia,1,1,NA,2019/11/23,2019/11/24,0,"9,8",7
OCEANOGRAFIC APARTMENT. PARKING. WI-FI,3107716,NA,Valencia,1,1,€ 130,2019/11/23,2019/11/24,0,9,7
Apartament Cura Femenia,2010355,NA,Valencia,1,1,€ 132,2019/11/23,2019/11/24,0,"9,3",7
Casual Socarrat Valencia,5142800,NA,Valencia,1,1,€ 136,2019/11/23,2019/11/24,3,"9,1",7
Apartamentos Wallace,1698355,NA,Valencia,1,1,€ 140,2019/11/23,2019/11/24,0,"9,2",7
Apartamento Playa Wifi Gratis,3495634,NA,Valencia,1,1,€ 140,2019/11/23,2019/11/24,0,"9,3",7
Hogar Vera Apartments&Bikes,1807919,NA,Valencia,1,1,€ 143,2019/11/23,2019/11/24,0,"9,3",7
Constitución,4229663,NA,Valencia,1,1,NA,2019/11/23,2019/11/24,0,"9,6",7
Valenciaflats Centro Ciudad,18544,NA,Valencia,1,1,€ 150,2019/11/23,2019/11/24,0,"9,2",7
Mon Suites San Martin,2777545,NA,Valencia,1,1,€ 150,2019/11/23,2019/11/24,0,"9,4",7
ARENAS 2 APARTAMENT,2808815,NA,Valencia,1,1,€ 150,2019/11/23,2019/11/24,0,9,7
B BEACH VALENCIA,5125954,NA,Valencia,1,1,€ 150,2019/11/23,2019/11/24,0,9,7
Las Arenas Balneario Resort,91144,NA,Valencia,1,1,€ 153,2019/11/23,2019/11/24,5,9,7
NH Collection Colón Valencia,3828811,NA,Valencia,1,1,€ 161,2019/11/23,2019/11/24,4,"9,1",7
Atico Loft Ruzafa,3152977,NA,Valencia,1,1,NA,2019/11/23,2019/11/24,0,"9,6",7
Apartamentos La más Bonita,2816245,NA,Valencia,1,1,€ 162,2019/11/23,2019/11/24,0,9,7
Arena's Apartament,2156905,NA,Valencia,1,1,€ 170,2019/11/23,2019/11/24,0,"9,1",7
Valenciaflats Ciudad de las Ciencias,93676,NA,Valencia,1,1,€ 170,2019/11/23,2019/11/24,0,"9,1",7
MYR Hotel Plaza Mercado & Spa,1619029,NA,Valencia,1,1,€ 186,2019/11/23,2019/11/24,4,"9,2",7
Hostal Venecia,92883,NA,Valencia,1,1,€ 195,2019/11/23,2019/11/24,2,"9,1",7
