name,propertyId,propertyType,city,rooms,days,price,checkIn,checkOut,stars,score,advance
Casa de Vacaciones Pintor Vilar,2093863,NA,Valencia,1,1,€ 201,2019/12/04,2019/12/05,0,"8,8",7
Vlc Apartaments el Carmen,389902,NA,Valencia,1,1,€ 214,2019/12/04,2019/12/05,0,"8,5",7
Total Valencia Lonja,2263771,NA,Valencia,1,1,NA,2019/12/04,2019/12/05,0,9,7
The Westin Valencia,93321,NA,Valencia,1,1,€ 223,2019/12/04,2019/12/05,5,"8,7",7
Select Home Alma Palace,1381946,NA,Valencia,1,1,€ 265,2019/12/04,2019/12/05,0,"8,7",7
Red Nest Hostel,92283,NA,Valencia,1,1,€ 29,2019/12/04,2019/12/05,0,"8,2",7
Habitaciones con Encanto,5629632,NA,Valencia,1,1,€ 30,2019/12/04,2019/12/05,0,"8,2",7
Habitación en Valencia Centro,5418023,NA,Valencia,1,1,€ 32,2019/12/04,2019/12/05,0,"8,1",7
Eurostars Rey Don Jaime,91520,NA,Valencia,1,1,€ 39,2019/12/04,2019/12/05,4,"8,2",7
Pérez Galdós - Apartment,5412457,NA,Valencia,1,1,NA,2019/12/04,2019/12/05,0,"9,2",7
7 Moons Bed & Breakfast,464187,NA,Valencia,1,1,€ 39,2019/12/04,2019/12/05,0,"8,4",7
Center Valencia Youth Hostel,246931,NA,Valencia,1,1,€ 40,2019/12/04,2019/12/05,0,8,7
Innsa,503793,NA,Valencia,1,1,€ 40,2019/12/04,2019/12/05,0,"8,3",7
Habitacion en Valencia Barata,4861796,NA,Valencia,1,1,€ 40,2019/12/04,2019/12/05,0,"8,2",7
Casa Mati,4217185,NA,Valencia,1,1,€ 40,2019/12/04,2019/12/05,0,"8,2",7
Big sunny room.,5333222,NA,Valencia,1,1,€ 42,2019/12/04,2019/12/05,0,"8,3",7
Apartacona-Playa,2461160,NA,Valencia,1,1,NA,2019/12/04,2019/12/05,0,"9,1",7
B&B Hi Valencia Canovas,305349,NA,Valencia,1,1,€ 42,2019/12/04,2019/12/05,0,"8,3",7
Purple Nest Hostel,25278,NA,Valencia,1,1,€ 44,2019/12/04,2019/12/05,0,"8,2",7
Sweet Hotel Renasa,274818,NA,Valencia,1,1,€ 44,2019/12/04,2019/12/05,3,8,7
Hotel Villacarlos,90730,NA,Valencia,1,1,€ 45,2019/12/04,2019/12/05,3,8,7
Dormavalencia Hostel Regne,291755,NA,Valencia,1,1,€ 45,2019/12/04,2019/12/05,1,8,7
Valenciaflats Torres de Serrano,17468,NA,Valencia,1,1,€ 45,2019/12/04,2019/12/05,0,"8,4",7
Friendly Rentals Torrealba,1634243,NA,Valencia,1,1,NA,2019/12/04,2019/12/05,0,"9,3",7
Pensión Alicante,298710,NA,Valencia,1,1,€ 37,2019/12/04,2019/12/05,0,"8,5",7
YOU & CO. Saler Beach Boutique,4533007,NA,Valencia,1,1,NA,2019/12/04,2019/12/05,3,"8,9",7
Apartamento bianca,3205847,NA,Valencia,1,1,NA,2019/12/04,2019/12/05,0,"9,1",7
Home Youth Hostel by Feetup Hostels,189322,NA,Valencia,1,1,€ 37,2019/12/04,2019/12/05,0,"8,8",7
Hostal Abastos,257057,NA,Valencia,1,1,€ 45,2019/12/04,2019/12/05,2,"8,2",7
Habitacion en Valencia,4861732,NA,Valencia,1,1,€ 45,2019/12/04,2019/12/05,0,"8,2",7
Pension MonaLisa Luxury Suites,3834224,NA,Valencia,1,1,€ 48,2019/12/04,2019/12/05,0,"8,2",7
Dormavalencia Hostel,249585,NA,Valencia,1,1,€ 48,2019/12/04,2019/12/05,1,"8,2",7
Homestay Carrer Sagun,5006434,NA,Valencia,1,1,€ 40,2019/12/04,2019/12/05,0,"8,8",7
Eurostars Acteón,90495,NA,Valencia,1,1,NA,2019/12/04,2019/12/05,4,"8,5",7
UNIK. Apartments Valencia,2241282,NA,Valencia,1,1,€ 42,2019/12/04,2019/12/05,0,"8,5",7
Coroa Malvarrosa,1638172,NA,Valencia,1,1,€ 48,2019/12/04,2019/12/05,0,"8,2",7
Hotel Malcom and Barret,483261,NA,Valencia,1,1,NA,2019/12/04,2019/12/05,3,"8,7",7
Buho House,3777691,NA,Valencia,1,1,€ 44,2019/12/04,2019/12/05,0,"8,5",7
Loft zona Pechina en Valencia centro,2524985,NA,Valencia,1,1,NA,2019/12/04,2019/12/05,0,"9,1",7
B&B Almirante,369695,NA,Valencia,1,1,NA,2019/12/04,2019/12/05,1,"8,8",7
Lotelito,570027,NA,Valencia,1,1,€ 45,2019/12/04,2019/12/05,0,"8,9",7
Soho Valencia,1538641,NA,Valencia,1,1,€ 45,2019/12/04,2019/12/05,0,"8,9",7
Quart Youth Hostel,476418,NA,Valencia,1,1,€ 45,2019/12/04,2019/12/05,0,"8,6",7
Estrella de russafa,5352439,NA,Valencia,1,1,€ 45,2019/12/04,2019/12/05,0,"8,8",7
Hotel Olympia Universidades,1301731,NA,Valencia,1,1,NA,2019/12/04,2019/12/05,3,"8,5",7
La casita de Palomar,2132386,NA,Valencia,1,1,NA,2019/12/04,2019/12/05,0,"9,3",7
Cozy Apartment in Valencia,3833828,NA,Valencia,1,1,€ 23,2019/12/04,2019/12/05,0,"8,5",7
Blanq Carmen Hotel,97069,NA,Valencia,1,1,NA,2019/12/04,2019/12/05,3,"8,7",7
Florista's Room en Valencia,5502152,NA,Valencia,1,1,€ 48,2019/12/04,2019/12/05,0,"8,8",7
Hotel Kramer,91106,NA,Valencia,1,1,NA,2019/12/04,2019/12/05,3,"8,8",7
Valenciaflats Centro Histórico,94781,NA,Valencia,1,1,€ 49,2019/12/04,2019/12/05,0,"8,7",7
Hotel Valencia Center,91285,NA,Valencia,1,1,€ 64,2019/12/04,2019/12/05,4,"8,4",7
Hotel Alkazar,408511,NA,Valencia,1,1,€ 64,2019/12/04,2019/12/05,1,"8,1",7
Apartamentos Plaza Picasso,97063,NA,Valencia,1,1,€ 49,2019/12/04,2019/12/05,0,"8,5",7
Apartamento en la Ciudad de las ciencias,2837499,NA,Valencia,1,1,NA,2019/12/04,2019/12/05,0,"9,3",7
Blanq Comedias,4922002,NA,Valencia,1,1,€ 50,2019/12/04,2019/12/05,0,"8,9",7
Style Apartments Cabanyal Marina Beach,5024641,NA,Valencia,1,1,NA,2019/12/04,2019/12/05,0,"8,7",7
Senator Parque Central Hotel,274963,NA,Valencia,1,1,€ 65,2019/12/04,2019/12/05,4,"8,1",7
Silken Puerta Valencia,91182,NA,Valencia,1,1,€ 65,2019/12/04,2019/12/05,4,"8,3",7
Turia Town,4064373,NA,Valencia,1,1,€ 53,2019/12/04,2019/12/05,0,"8,8",7
SHF Flats Baron,1033085,NA,Valencia,1,1,€ 65,2019/12/04,2019/12/05,0,8,7
Tryp Valencia Feria,92852,NA,Valencia,1,1,€ 65,2019/12/04,2019/12/05,4,"8,3",7
Apartment in Valencia,2339175,NA,Valencia,1,1,€ 65,2019/12/04,2019/12/05,0,"8,2",7
MD Modern Hotel - Jardines,305447,NA,Valencia,1,1,€ 68,2019/12/04,2019/12/05,1,"8,3",7
Hotel El Siglo,1741479,NA,Valencia,1,1,NA,2019/12/04,2019/12/05,3,"8,5",7
MyHomeStay,3978413,NA,Valencia,1,1,€ 45,2019/12/04,2019/12/05,0,"9,4",7
Valenciaflats Ciudad de las Ciencias,93676,NA,Valencia,1,1,€ 49,2019/12/04,2019/12/05,0,"9,1",7
Apartments Torres de Serranos Valencia,1099602,NA,Valencia,1,1,NA,2019/12/04,2019/12/05,0,"9,7",7
Atico Ciutat Vella,3446230,NA,Valencia,1,1,€ 69,2019/12/04,2019/12/05,0,"8,2",7
City Suites Apartments,3091106,NA,Valencia,1,1,€ 70,2019/12/04,2019/12/05,0,"8,3",7
Carrer de l'Escriptor Rafael Ferreres,4267645,NA,Valencia,1,1,€ 70,2019/12/04,2019/12/05,0,"8,4",7
Lindala,5250762,NA,Valencia,1,1,€ 49,2019/12/04,2019/12/05,0,"9,3",7
Comfort Room(AVEValencia),5696103,NA,Valencia,1,1,€ 49,2019/12/04,2019/12/05,0,9,7
Nest Style Valencia,5219046,NA,Valencia,1,1,NA,2019/12/04,2019/12/05,3,"9,3",7
Pio XII Apartments Valencia,402080,NA,Valencia,1,1,€ 54,2019/12/04,2019/12/05,0,"8,6",7
Hi Valencia Cánovas,4312120,NA,Valencia,1,1,€ 54,2019/12/04,2019/12/05,0,"8,8",7
APARTAMENTO CENTRICO. WI-FI. PARKING,2967593,NA,Valencia,1,1,€ 50,2019/12/04,2019/12/05,0,"9,1",7
Hostal Venecia,92883,NA,Valencia,1,1,NA,2019/12/04,2019/12/05,2,"9,1",7
Ilunion Aqua 3,92776,NA,Valencia,1,1,€ 71,2019/12/04,2019/12/05,3,"8,3",7
Old Town Flats Casa Burguerini,4552106,NA,Valencia,1,1,€ 71,2019/12/04,2019/12/05,0,"8,2",7
NH Valencia Las Artes,90731,NA,Valencia,1,1,€ 72,2019/12/04,2019/12/05,4,"8,4",7
Flats Friends Soho Suites,1819642,NA,Valencia,1,1,NA,2019/12/04,2019/12/05,0,"8,6",7
MODERNO Y ACOGEDOR FRENTE A RUZAFA Y CERCA DEL CENTRO,4490444,NA,Valencia,1,1,€ 70,2019/12/04,2019/12/05,0,"8,7",7
Valencia maritimo,3020748,NA,Valencia,1,1,€ 70,2019/12/04,2019/12/05,0,"8,9",7
Total Valencia White,2201908,NA,Valencia,1,1,NA,2019/12/04,2019/12/05,0,9,7
Apartamentos Wallace,1698355,NA,Valencia,1,1,€ 52,2019/12/04,2019/12/05,0,"9,2",7
Hexagonal Design Apartment Valencia,4630643,NA,Valencia,1,1,NA,2019/12/04,2019/12/05,0,"9,5",7
Maison Reina B&B,5004812,NA,Valencia,1,1,€ 53,2019/12/04,2019/12/05,0,"9,2",7
SKY TOURISTIC ATTIC,281640,NA,Valencia,1,1,€ 54,2019/12/04,2019/12/05,0,"8,5",7
Alojo Patraix,2710394,NA,Valencia,1,1,€ 175,2019/12/04,2019/12/05,0,"8,3",7
Dreams Rental Town Hall,866934,NA,Valencia,1,1,€ 210,2019/12/04,2019/12/05,0,"8,1",7
Casual de las Artes Valencia,538056,NA,Valencia,1,1,€ 72,2019/12/04,2019/12/05,3,"8,4",7
Primus Valencia,331871,NA,Valencia,1,1,€ 75,2019/12/04,2019/12/05,4,"8,2",7
BUBUFLATS Mossén,1141763,NA,Valencia,1,1,€ 70,2019/12/04,2019/12/05,0,"8,8",7
AC Hotel Valencia,91063,NA,Valencia,1,1,€ 70,2019/12/04,2019/12/05,4,"8,5",7
Victoria Site @ Mercat Central,1958462,NA,Valencia,1,1,NA,2019/12/04,2019/12/05,0,"8,6",7
El Palacete Gran Via,3483148,NA,Valencia,1,1,€ 71,2019/12/04,2019/12/05,0,"8,7",7
Dreams Rental La Paz,1107542,NA,Valencia,1,1,€ 220,2019/12/04,2019/12/05,0,8,7
MD Vila Barbera Apartment Center,1957253,NA,Valencia,1,1,€ 330,2019/12/04,2019/12/05,0,"8,4",7
Hideout 26,5658117,NA,Valencia,1,1,€ 54,2019/12/04,2019/12/05,0,"9,1",7
Mon Suites San Nicolas,4117225,NA,Valencia,1,1,€ 54,2019/12/04,2019/12/05,0,"9,1",7
Hotel Valencia Oceanic Managed by Melia Hotels International,91522,NA,Valencia,1,1,€ 72,2019/12/04,2019/12/05,4,"8,6",7
Boutique Creative Rooms,2334726,NA,Valencia,1,1,€ 72,2019/12/04,2019/12/05,0,"8,8",7
MUVIM CENTRUM,4756065,NA,Valencia,1,1,€ 89,2019/12/04,2019/12/05,0,"9,2",7
Charming Ninetta,3220582,NA,Valencia,1,1,€ 90,2019/12/04,2019/12/05,0,"9,4",7
Apartamento Valencia Center,410101,NA,Valencia,1,1,NA,2019/12/04,2019/12/05,0,"9,3",7
L'Arbre,3972359,NA,Valencia,1,1,€ 90,2019/12/04,2019/12/05,0,"9,1",7
Mon Suites Catedral,485679,NA,Valencia,1,1,€ 55,2019/12/04,2019/12/05,0,"9,2",7
Una Ubicacion Perfecta,3114164,NA,Valencia,1,1,€ 55,2019/12/04,2019/12/05,0,"9,1",7
MD Sueca. Apartment with Terrace Ruzafa,2551179,NA,Valencia,1,1,€ 330,2019/12/04,2019/12/05,0,"8,2",7
UP Hostel Valencia,1710137,NA,Valencia,1,1,€ 19,2019/12/04,2019/12/05,0,"7,7",7
Kasa Katia Eco Guest House,636256,NA,Valencia,1,1,€ 55,2019/12/04,2019/12/05,0,"9,3",7
El Coral Apartment Valencia,3606766,NA,Valencia,1,1,€ 74,2019/12/04,2019/12/05,0,"8,7",7
Apartamento Valencia Center II,1509557,NA,Valencia,1,1,NA,2019/12/04,2019/12/05,0,"9,1",7
Cool Central Market,3424724,NA,Valencia,1,1,NA,2019/12/04,2019/12/05,0,"9,8",7
Apartamentos Navío,5647176,NA,Valencia,1,1,€ 55,2019/12/04,2019/12/05,0,"9,3",7
Host & Home,1663785,NA,Valencia,1,1,€ 55,2019/12/04,2019/12/05,0,9,7
Adrian's House,2271869,NA,Valencia,1,1,€ 22,2019/12/04,2019/12/05,0,"7,7",7
Pensión Universal,304276,NA,Valencia,1,1,€ 25,2019/12/04,2019/12/05,0,"7,9",7
One Shot Colón 46,1394168,NA,Valencia,1,1,€ 75,2019/12/04,2019/12/05,3,"8,7",7
Mon Suites San Martin,2777545,NA,Valencia,1,1,€ 59,2019/12/04,2019/12/05,0,"9,4",7
Valencia Town Center New Apartments,4652750,NA,Valencia,1,1,NA,2019/12/04,2019/12/05,0,"8,8",7
Hostal El Cid,309465,NA,Valencia,1,1,NA,2019/12/04,2019/12/05,2,"7,5",7
Ático cerca del mar,4040503,NA,Valencia,1,1,€ 75,2019/12/04,2019/12/05,0,"8,3",7
Hostal Moratin,326015,NA,Valencia,1,1,NA,2019/12/04,2019/12/05,1,"7,8",7
Habitaciones Barra89,1076252,NA,Valencia,1,1,€ 29,2019/12/04,2019/12/05,0,"7,9",7
Dreams Rental Plaza Redonda,1665625,NA,Valencia,1,1,€ 75,2019/12/04,2019/12/05,0,"8,8",7
Rooms Valencia Center,5507857,NA,Valencia,1,1,€ 29,2019/12/04,2019/12/05,0,"7,8",7
Zenit Valencia,92327,NA,Valencia,1,1,€ 77,2019/12/04,2019/12/05,4,"8,8",7
Apartamento Turistico en Valencia,2877605,NA,Valencia,1,1,€ 75,2019/12/04,2019/12/05,0,8,7
Living Valencia -Correos,3062274,NA,Valencia,1,1,€ 78,2019/12/04,2019/12/05,0,"8,3",7
Barceló Valencia,91988,NA,Valencia,1,1,NA,2019/12/04,2019/12/05,4,"8,7",7
Atico de Lujo,2142556,NA,Valencia,1,1,€ 85,2019/12/04,2019/12/05,0,"8,9",7
Apartamento San Nicolas 3,1352835,NA,Valencia,1,1,NA,2019/12/04,2019/12/05,0,9,7
Center Valencia,2944722,NA,Valencia,1,1,€ 94,2019/12/04,2019/12/05,0,"9,3",7
Jardín Botánico Hotel Boutique,93369,NA,Valencia,1,1,€ 77,2019/12/04,2019/12/05,3,"8,9",7
Welcomer Apartments Valencia,19363,NA,Valencia,1,1,€ 79,2019/12/04,2019/12/05,0,"8,7",7
Apartamento Ruzafa Centro I,2006333,NA,Valencia,1,1,€ 95,2019/12/04,2019/12/05,0,"9,2",7
ÁTICO PTA 13 EN EL CENTRO DE VALENCIA VT-45727-T,4612077,NA,Valencia,1,1,€ 95,2019/12/04,2019/12/05,0,"9,4",7
Oceanografic Apartment,4903549,NA,Valencia,1,1,€ 95,2019/12/04,2019/12/05,0,"9,4",7
Flatsforyou Turia,312207,NA,Valencia,1,1,€ 79,2019/12/04,2019/12/05,0,"8,8",7
Ad Hoc Monumental,90719,NA,Valencia,1,1,NA,2019/12/04,2019/12/05,3,"8,6",7
Apartamento cerca de la Playa y el Centro,2620264,NA,Valencia,1,1,€ 88,2019/12/04,2019/12/05,0,"8,9",7
Hotel Mediterraneo Valencia,92412,NA,Valencia,1,1,NA,2019/12/04,2019/12/05,3,"8,9",7
Flatsforyou Sorolla House,403442,NA,Valencia,1,1,€ 90,2019/12/04,2019/12/05,0,"8,6",7
Hotel Dimar,90886,NA,Valencia,1,1,NA,2019/12/04,2019/12/05,4,"8,7",7
"Piso ""Como en tu casa""",2689136,NA,Valencia,1,1,NA,2019/12/04,2019/12/05,0,"9,2",7
Vincci Lys,91183,NA,Valencia,1,1,€ 79,2019/12/04,2019/12/05,4,"8,9",7
One Shot Mercat 09,2274203,NA,Valencia,1,1,€ 95,2019/12/04,2019/12/05,4,"9,1",7
Plaza Sainetero Arniches,3984774,NA,Valencia,1,1,€ 80,2019/12/04,2019/12/05,0,"8,5",7
Casas Benlliure,3274635,NA,Valencia,1,1,NA,2019/12/04,2019/12/05,0,9,7
Cozy apartment in Valencia center,3402135,NA,Valencia,1,1,€ 97,2019/12/04,2019/12/05,0,"9,1",7
Rooms Aventura,5567318,NA,Valencia,1,1,€ 30,2019/12/04,2019/12/05,0,"7,7",7
Flatsforyou Ruzafa,3342696,NA,Valencia,1,1,€ 90,2019/12/04,2019/12/05,0,"8,7",7
Oceanografic Arts center 46,2929640,NA,Valencia,1,1,NA,2019/12/04,2019/12/05,0,9,7
ValentiaApartments - MercadoCentral,4185241,NA,Valencia,1,1,€ 92,2019/12/04,2019/12/05,0,"8,8",7
AC Hotel Colon Valencia,1117150,NA,Valencia,1,1,NA,2019/12/04,2019/12/05,4,"8,7",7
Apartamentos Valencia - Peset Aleixandre 135- FREE WI-FI,4262488,NA,Valencia,1,1,€ 93,2019/12/04,2019/12/05,0,"8,8",7
Petit Palace Plaza de la Reina,90443,NA,Valencia,1,1,NA,2019/12/04,2019/12/05,3,"8,7",7
Habitaciones Rusafa,5604325,NA,Valencia,1,1,€ 34,2019/12/04,2019/12/05,0,"7,5",7
Living Valencia - Malvarrosa Beach,3555919,NA,Valencia,1,1,NA,2019/12/04,2019/12/05,0,"8,6",7
Apart and Benef,2291245,NA,Valencia,1,1,€ 34,2019/12/04,2019/12/05,0,"7,9",7
Mar & City Apartment,3456759,NA,Valencia,1,1,€ 98,2019/12/04,2019/12/05,0,"8,9",7
Melia Valencia,290493,NA,Valencia,1,1,NA,2019/12/04,2019/12/05,4,"8,8",7
Céntrico y acogedor,4442222,NA,Valencia,1,1,NA,2019/12/04,2019/12/05,0,"9,3",7
Valenciaflats Mercado Central,307677,NA,Valencia,1,1,€ 59,2019/12/04,2019/12/05,0,9,7
OttoH Charm Stay,2459807,NA,Valencia,1,1,€ 59,2019/12/04,2019/12/05,0,"9,3",7
United Colors of Apartments Boutique Style,5372347,NA,Valencia,1,1,€ 59,2019/12/04,2019/12/05,0,"9,2",7
Apartamento Bolseria 28,881275,NA,Valencia,1,1,NA,2019/12/04,2019/12/05,0,"9,5",7
OCEANOGRAFIC APARTMENT. PARKING. WI-FI,3107716,NA,Valencia,1,1,€ 60,2019/12/04,2019/12/05,0,9,7
Habitación privada a 1500 metros de la playa,3789910,NA,Valencia,1,1,€ 60,2019/12/04,2019/12/05,0,"9,3",7
Mestalla Paradise,4734619,NA,Valencia,1,1,€ 100,2019/12/04,2019/12/05,0,9,7
NWT Central Station Apartments,3964093,NA,Valencia,1,1,€ 79,2019/12/04,2019/12/05,0,"8,2",7
Departamento Valencia,2227701,NA,Valencia,1,1,NA,2019/12/04,2019/12/05,0,"8,8",7
Zerka Centro,4425975,NA,Valencia,1,1,€ 79,2019/12/04,2019/12/05,0,"8,4",7
Hostal On Dormire Valencia,432305,NA,Valencia,1,1,€ 35,2019/12/04,2019/12/05,0,"7,8",7
Habitación Céntrica en Casa de Familia,4289877,NA,Valencia,1,1,€ 35,2019/12/04,2019/12/05,0,"7,7",7
Piso como en tu casa 2,3834617,NA,Valencia,1,1,€ 101,2019/12/04,2019/12/05,0,"9,1",7
Apartamentos La más Bonita,2816245,NA,Valencia,1,1,€ 104,2019/12/04,2019/12/05,0,9,7
WeRentVLC Charming Ruzafa,2839319,NA,Valencia,1,1,€ 104,2019/12/04,2019/12/05,0,"9,2",7
Forn desamparats,2380447,NA,Valencia,1,1,€ 105,2019/12/04,2019/12/05,0,"9,4",7
Splendid house in Valencia,3091182,NA,Valencia,1,1,NA,2019/12/04,2019/12/05,0,"9,1",7
Olvida tu Reloj Montichelvo Apartment,3258095,NA,Valencia,1,1,€ 106,2019/12/04,2019/12/05,0,"9,4",7
Eco-Friendly Apartments,1979834,NA,Valencia,1,1,€ 61,2019/12/04,2019/12/05,0,"9,1",7
Valenciaflats Centro Ciudad,18544,NA,Valencia,1,1,€ 65,2019/12/04,2019/12/05,0,"9,2",7
Center City Flats,861452,NA,Valencia,1,1,€ 68,2019/12/04,2019/12/05,0,9,7
Hospederia del Pilar,327766,NA,Valencia,1,1,€ 36,2019/12/04,2019/12/05,0,"7,9",7
5 SENSES,3786890,NA,Valencia,1,1,€ 107,2019/12/04,2019/12/05,0,"9,2",7
Welcome Apartamentos Pintor Stolz 31 Valencia,5019066,NA,Valencia,1,1,€ 109,2019/12/04,2019/12/05,0,9,7
Apartamento Sofia,2552406,NA,Valencia,1,1,€ 98,2019/12/04,2019/12/05,0,"8,8",7
Zerka Sendra,4657122,NA,Valencia,1,1,€ 99,2019/12/04,2019/12/05,0,"8,9",7
Apartamentos Valencia - Brazil 31 Free WiFi,4948554,NA,Valencia,1,1,€ 99,2019/12/04,2019/12/05,0,"8,7",7
Hotel Conqueridor,91047,NA,Valencia,1,1,€ 80,2019/12/04,2019/12/05,4,"8,4",7
SH Valencia Palace,91497,NA,Valencia,1,1,NA,2019/12/04,2019/12/05,5,"8,5",7
Piso en la playa,2767716,NA,Valencia,1,1,€ 100,2019/12/04,2019/12/05,0,"8,8",7
Preciosos Apartamentos en el Carmen,2918345,NA,Valencia,1,1,€ 80,2019/12/04,2019/12/05,0,8,7
Ilunion Valencia 4,754329,NA,Valencia,1,1,€ 83,2019/12/04,2019/12/05,4,"8,1",7
MYR Hotel Plaza Mercado & Spa,1619029,NA,Valencia,1,1,€ 109,2019/12/04,2019/12/05,3,"9,2",7
MARQUÉS HOUSE 4* SUP,2118880,NA,Valencia,1,1,€ 109,2019/12/04,2019/12/05,4,"9,4",7
Hotel Boutique Balandret,1281710,NA,Valencia,1,1,NA,2019/12/04,2019/12/05,3,"9,2",7
Apartamento torres serrano,4622232,NA,Valencia,1,1,€ 110,2019/12/04,2019/12/05,0,"9,4",7
CheValenciaFlats,2064099,NA,Valencia,1,1,NA,2019/12/04,2019/12/05,0,9,7
Dreams Rental Valencia Catedral,1541067,NA,Valencia,1,1,€ 100,2019/12/04,2019/12/05,0,"8,5",7
Apartment Valencia,348555,NA,Valencia,1,1,€ 99,2019/12/04,2019/12/05,0,"8,1",7
Travel Habitat Literato azorin,3699013,NA,Valencia,1,1,NA,2019/12/04,2019/12/05,0,"9,1",7
Melia Plaza Valencia,13270,NA,Valencia,1,1,NA,2019/12/04,2019/12/05,4,"8,9",7
NH Valencia Center,90727,NA,Valencia,1,1,€ 85,2019/12/04,2019/12/05,4,"8,3",7
Friendly Rentals Ravel I,1634234,NA,Valencia,1,1,€ 105,2019/12/04,2019/12/05,0,"8,8",7
Luminoso piso + balcón en Valencia,4615515,NA,Valencia,1,1,€ 112,2019/12/04,2019/12/05,0,"9,4",7
Friendly Rentals Brade,1918694,NA,Valencia,1,1,€ 105,2019/12/04,2019/12/05,0,"8,9",7
Hotel Neptuno,91206,NA,Valencia,1,1,NA,2019/12/04,2019/12/05,4,"8,5",7
HOSPEDAJE PESET,4718074,NA,Valencia,1,1,€ 40,2019/12/04,2019/12/05,0,"7,5",7
APARTAMENTO LAS MELLIZAS,4651578,NA,Valencia,1,1,€ 50,2019/12/04,2019/12/05,0,"8,3",7
Piso nuevo entre el centro y la playa,2839706,NA,Valencia,1,1,NA,2019/12/04,2019/12/05,0,"8,7",7
Casa de Maria,2467712,NA,Valencia,1,1,€ 80,2019/12/04,2019/12/05,0,"8,7",7
Loft en el centro de Valencia,4078233,NA,Valencia,1,1,€ 80,2019/12/04,2019/12/05,0,"8,7",7
Apartment near City of Arts 2,3033254,NA,Valencia,1,1,€ 101,2019/12/04,2019/12/05,0,"8,3",7
Apartments Welcome to Valencia Peset Aleixandre 69,4964856,NA,Valencia,1,1,€ 101,2019/12/04,2019/12/05,0,"8,3",7
Eurostars Gran Valencia,90484,NA,Valencia,1,1,€ 104,2019/12/04,2019/12/05,4,"8,4",7
SAN RAMÓN,2238556,NA,Valencia,1,1,€ 80,2019/12/04,2019/12/05,0,"8,8",7
Attic Rooms in Botánico,5522932,NA,Valencia,1,1,€ 40,2019/12/04,2019/12/05,0,"7,8",7
SingularStays Sorolla,3745653,NA,Valencia,1,1,NA,2019/12/04,2019/12/05,0,"8,7",7
Hotel Beleret,94652,NA,Valencia,1,1,NA,2019/12/04,2019/12/05,3,"7,7",7
Apartments Sollana Near the Turia Park Valencia,5546417,NA,Valencia,1,1,€ 112,2019/12/04,2019/12/05,0,9,7
BUBUSUITES by Bubuflats,2389776,NA,Valencia,1,1,€ 70,2019/12/04,2019/12/05,0,"9,3",7
Welcome Platanos 13 Valencia Beautiful apartments with terrace,5095795,NA,Valencia,1,1,€ 104,2019/12/04,2019/12/05,0,"8,3",7
Apartament Cura Femenia,2010355,NA,Valencia,1,1,€ 113,2019/12/04,2019/12/05,0,"9,3",7
United Colors of Studios - Mercado Central,2574108,NA,Valencia,1,1,€ 44,2019/12/04,2019/12/05,0,"7,7",7
palacete echeveste III,2160386,NA,Valencia,1,1,NA,2019/12/04,2019/12/05,0,"9,5",7
FREE WI-FI. Apartamentos 90 м2 - Assutzena 5,4828764,NA,Valencia,1,1,€ 108,2019/12/04,2019/12/05,0,"8,5",7
Patacona Green Flats,292996,NA,Valencia,1,1,€ 46,2019/12/04,2019/12/05,0,"7,6",7
Cosy Rooms Tapinería,371192,NA,Valencia,1,1,NA,2019/12/04,2019/12/05,2,"7,5",7
B&B Hotel Valencia Ciudad de las Ciencias,92242,NA,Valencia,1,1,NA,2019/12/04,2019/12/05,3,"7,5",7
Biopark View Apartment,2381901,NA,Valencia,1,1,€ 70,2019/12/04,2019/12/05,0,9,7
Friendly Rentals ABC,3656596,NA,Valencia,1,1,€ 105,2019/12/04,2019/12/05,0,"8,2",7
Friendly Rentals Puerto Deportivo,2317861,NA,Valencia,1,1,€ 105,2019/12/04,2019/12/05,0,"8,2",7
COZY APARTMENT VALENCIA CITY CENTER!,4886758,NA,Valencia,1,1,€ 115,2019/12/04,2019/12/05,0,"9,1",7
15 Avinguda Mare Nostrum,4518973,NA,Valencia,1,1,€ 120,2019/12/04,2019/12/05,0,"9,2",7
Citizentral Juristas,1113127,NA,Valencia,1,1,€ 73,2019/12/04,2019/12/05,0,"9,2",7
Palacio de Rojas,1073276,NA,Valencia,1,1,€ 73,2019/12/04,2019/12/05,0,"9,3",7
Hotel Valencia Alameda,4019381,NA,Valencia,1,1,NA,2019/12/04,2019/12/05,4,"9,2",7
Modern Cabanyal Apartment,4691481,NA,Valencia,1,1,NA,2019/12/04,2019/12/05,0,"8,9",7
Live in Chianti,2227491,NA,Valencia,1,1,€ 75,2019/12/04,2019/12/05,0,"9,1",7
Big spacious penthouse next to the sea,3289648,NA,Valencia,1,1,€ 80,2019/12/04,2019/12/05,0,"8,8",7
Casual de las Artes Valencia,538056,NA,Valencia,1,1,€ 108,2019/12/04,2019/12/05,3,"8,4",7
Apartamentos Sollana 18 Cerca de les Arts i les Ciencies Valencia- FREE WI-FI,5232423,NA,Valencia,1,1,€ 111,2019/12/04,2019/12/05,0,"8,3",7
Apartamento Obispo don Jerónimo,2079020,NA,Valencia,1,1,€ 114,2019/12/04,2019/12/05,0,"8,2",7
Flatsforyou Bonaire,455152,NA,Valencia,1,1,€ 120,2019/12/04,2019/12/05,0,"8,4",7
Friendly Rentals Gimenez,1634242,NA,Valencia,1,1,€ 120,2019/12/04,2019/12/05,0,"8,1",7
Apartamento frente al mar,3060802,NA,Valencia,1,1,€ 120,2019/12/04,2019/12/05,0,"8,2",7
Lovely Apartment!,3377663,NA,Valencia,1,1,NA,2019/12/04,2019/12/05,0,"8,7",7
Reino de Valencia Apartments,453225,NA,Valencia,1,1,NA,2019/12/04,2019/12/05,0,9,7
Suites by Eric Olsan (Florista),4726450,NA,Valencia,1,1,€ 82,2019/12/04,2019/12/05,0,"8,5",7
Ilunion Valencia 4,754329,NA,Valencia,1,1,€ 124,2019/12/04,2019/12/05,4,"8,1",7
apartamento las torres-botanico,4694090,NA,Valencia,1,1,€ 76,2019/12/04,2019/12/05,0,9,7
Les flors,3985046,NA,Valencia,1,1,€ 82,2019/12/04,2019/12/05,0,"8,7",7
Vincci Palace,94163,NA,Valencia,1,1,€ 84,2019/12/04,2019/12/05,4,"8,7",7
Colors Rooms,675839,NA,Valencia,1,1,€ 35,2019/12/04,2019/12/05,0,"9,5",7
Ramirez Flats & Bar,4124528,NA,Valencia,1,1,€ 49,2019/12/04,2019/12/05,0,"9,5",7
Sercotel Sorolla Palace,93646,NA,Valencia,1,1,€ 109,2019/12/04,2019/12/05,4,"8,6",7
Friendly Rentals Schubert,1634221,NA,Valencia,1,1,€ 110,2019/12/04,2019/12/05,0,"8,8",7
Casa Adosada Quintero,5481770,NA,Valencia,1,1,€ 85,2019/12/04,2019/12/05,0,"8,8",7
La seda stay,3335523,NA,Valencia,1,1,NA,2019/12/04,2019/12/05,0,"9,6",7
HoGraFic,5739228,NA,Valencia,1,1,€ 52,2019/12/04,2019/12/05,2,"9,9",7
Friendly Rentals Verdi,1634232,NA,Valencia,1,1,€ 125,2019/12/04,2019/12/05,0,"8,1",7
Espai One Santa Mónica,5471724,NA,Valencia,1,1,NA,2019/12/04,2019/12/05,0,"9,8",7
City Garden Bed and Breakfast,2204361,NA,Valencia,1,1,€ 76,2019/12/04,2019/12/05,0,"9,4",7
One Shot Palacio Reina Victoria 04,90885,NA,Valencia,1,1,€ 85,2019/12/04,2019/12/05,4,"8,6",7
Apartment Sun & Light near the beach,4479540,NA,Valencia,1,1,€ 126,2019/12/04,2019/12/05,0,"8,3",7
Friendly Rentals Desplat,4120221,NA,Valencia,1,1,€ 135,2019/12/04,2019/12/05,0,"8,3",7
Opera House Valencia B&B,3533887,NA,Valencia,1,1,€ 60,2019/12/04,2019/12/05,0,"9,5",7
Valencian Dreams,3268804,NA,Valencia,1,1,€ 76,2019/12/04,2019/12/05,0,"9,3",7
Patacona Beach Apartment,4533678,NA,Valencia,1,1,€ 140,2019/12/04,2019/12/05,0,"8,3",7
Friendly rentals Enesco Beach,2526514,NA,Valencia,1,1,€ 140,2019/12/04,2019/12/05,0,"8,1",7
Piso en La Ciudad de Artes,3832790,NA,Valencia,1,1,€ 65,2019/12/04,2019/12/05,0,"9,7",7
Apartment on Carrer del Dr. Lluch,2008997,NA,Valencia,1,1,€ 77,2019/12/04,2019/12/05,0,"9,1",7
Casa tipica en la playa,2532733,NA,Valencia,1,1,€ 77,2019/12/04,2019/12/05,0,9,7
City of Arts,3031480,NA,Valencia,1,1,NA,2019/12/04,2019/12/05,0,"8,8",7
Lujoso apartamento playa Patacona,4039032,NA,Valencia,1,1,NA,2019/12/04,2019/12/05,0,"9,3",7
Friendly Rentals Telemann,1634241,NA,Valencia,1,1,€ 140,2019/12/04,2019/12/05,0,"8,4",7
Friendly Rentals Evans,1634220,NA,Valencia,1,1,€ 140,2019/12/04,2019/12/05,0,"8,3",7
SH Ingles Boutique Hotel,92956,NA,Valencia,1,1,€ 110,2019/12/04,2019/12/05,4,"8,5",7
HQ Rooms Apartments San Vicente,2894429,NA,Valencia,1,1,€ 78,2019/12/04,2019/12/05,0,"9,2",7
Casa los Peces,3234194,NA,Valencia,1,1,€ 154,2019/12/04,2019/12/05,0,"8,2",7
Casa Cabañal,2436758,NA,Valencia,1,1,€ 79,2019/12/04,2019/12/05,0,"9,1",7
LOFT apartamento duplex en Valencia con parking gratis,5519008,NA,Valencia,1,1,NA,2019/12/04,2019/12/05,0,"9,8",7
Bubuflats Bubu 3,1014334,NA,Valencia,1,1,€ 70,2019/12/04,2019/12/05,0,"9,5",7
Hostal Antigua Morellana,1273937,NA,Valencia,1,1,€ 70,2019/12/04,2019/12/05,1,"9,5",7
El Cactus,3201028,NA,Valencia,1,1,€ 110,2019/12/04,2019/12/05,0,"8,9",7
Friendly Rentals Casals,1769176,NA,Valencia,1,1,€ 110,2019/12/04,2019/12/05,0,"8,6",7
Tranquilo Apartamento En Plaza Cisneros,3127388,NA,Valencia,1,1,€ 111,2019/12/04,2019/12/05,0,"8,9",7
Loft by the Beach,4441671,NA,Valencia,1,1,€ 115,2019/12/04,2019/12/05,0,"8,5",7
Patacona Green Flats,292996,NA,Valencia,1,1,€ 46,2019/12/04,2019/12/05,0,"7,6",7
Cosy Rooms Tapinería,371192,NA,Valencia,1,1,€ 47,2019/12/04,2019/12/05,2,"7,5",7
Flatsforyou Carmen,593824,NA,Valencia,1,1,€ 80,2019/12/04,2019/12/05,0,"9,1",7
The Art Boutique Colon,2570881,NA,Valencia,1,1,€ 160,2019/12/04,2019/12/05,0,"8,3",7
APARTAMENTO CENTRO- RUZAFA. WI-FI. PARKING,3144104,NA,Valencia,1,1,€ 80,2019/12/04,2019/12/05,0,"9,3",7
Serranos-Cathedral,4718502,NA,Valencia,1,1,NA,2019/12/04,2019/12/05,0,"8,5",7
B&B Hotel Valencia Ciudad de las Ciencias,92242,NA,Valencia,1,1,€ 47,2019/12/04,2019/12/05,3,"7,5",7
Hotel Cosmo,4838858,NA,Valencia,1,1,€ 79,2019/12/04,2019/12/05,3,"9,7",7
Atico con vistas - Alfahuir,2860729,NA,Valencia,1,1,€ 119,2019/12/04,2019/12/05,0,"8,5",7
Loft el Carmen amazing views,4932621,NA,Valencia,1,1,€ 172,2019/12/04,2019/12/05,0,"8,1",7
NH Collection Colón Valencia,3828811,NA,Valencia,1,1,NA,2019/12/04,2019/12/05,4,"9,1",7
Hogar Vera Apartments&Bikes,1807919,NA,Valencia,1,1,€ 123,2019/12/04,2019/12/05,0,"9,4",7
Central Park Apartment Valencia,3881533,NA,Valencia,1,1,NA,2019/12/04,2019/12/05,0,"9,5",7
Calle de Frederica Montseny 'Política' Casa o chalet,5152866,NA,Valencia,1,1,€ 80,2019/12/04,2019/12/05,0,"9,4",7
Casual Socarrat Valencia,5142800,NA,Valencia,1,1,NA,2019/12/04,2019/12/05,3,"9,1",7
Casual de la Música Valencia,273130,NA,Valencia,1,1,€ 47,2019/12/04,2019/12/05,2,"7,5",7
Patacona Resort Apartments,189782,NA,Valencia,1,1,€ 49,2019/12/04,2019/12/05,0,"7,8",7
L'Esplai Valencia Bed & Breakfast,1282556,NA,Valencia,1,1,€ 91,2019/12/04,2019/12/05,0,"9,5",7
Apartments Downtown Valencia,2250421,NA,Valencia,1,1,€ 95,2019/12/04,2019/12/05,0,"9,6",7
Loft Duplex Valencia Centro,4060198,NA,Valencia,1,1,€ 84,2019/12/04,2019/12/05,0,"9,2",7
Valencia Lounge Hostel,337203,NA,Valencia,1,1,€ 49,2019/12/04,2019/12/05,0,"7,7",7
Apartamentos Edificio Palomar,189277,NA,Valencia,1,1,NA,2019/12/04,2019/12/05,0,"9,2",7
ApartUP Patacona Terrace Duplex II,3162207,NA,Valencia,1,1,NA,2019/12/04,2019/12/05,0,"9,3",7
Valencia-Ruzafa Studio,3235983,NA,Valencia,1,1,€ 120,2019/12/04,2019/12/05,0,"8,8",7
Casa La Buhardilla,2985364,NA,Valencia,1,1,€ 97,2019/12/04,2019/12/05,0,"9,6",7
Flats Piera Valencia Center,1490563,NA,Valencia,1,1,€ 105,2019/12/04,2019/12/05,0,"9,7",7
Valencian Apartment,2298621,NA,Valencia,1,1,€ 84,2019/12/04,2019/12/05,0,9,7
Apartments Abate 4,2848648,NA,Valencia,1,1,NA,2019/12/04,2019/12/05,0,"9,1",7
Friendly Rentals Gala,1634252,NA,Valencia,1,1,€ 120,2019/12/04,2019/12/05,0,"8,8",7
MOM La Punta,3105661,NA,Valencia,1,1,€ 85,2019/12/04,2019/12/05,0,"9,4",7
MD Design Hotel - Portal del Real,2391685,NA,Valencia,1,1,NA,2019/12/04,2019/12/05,2,"9,1",7
ÁTICO EN EL CENTRO DE VALENCIA VT-45939-T,4752815,NA,Valencia,1,1,€ 105,2019/12/04,2019/12/05,0,"9,6",7
Friendly Rentals Verdi 2,2523881,NA,Valencia,1,1,€ 120,2019/12/04,2019/12/05,0,"8,8",7
Friendly Rentals Boyvin,1923141,NA,Valencia,1,1,€ 125,2019/12/04,2019/12/05,0,"9,3",7
Valencia Apartamentos DEL MAR,5421626,NA,Valencia,1,1,€ 116,2019/12/04,2019/12/05,0,"9,8",7
Hostal Bisbal,235665,NA,Valencia,1,1,€ 50,2019/12/04,2019/12/05,1,"7,5",7
RUZAFA. Nice apartment and Terrace.,4368595,NA,Valencia,1,1,€ 86,2019/12/04,2019/12/05,0,"9,3",7
Sorolla Centro,90896,NA,Valencia,1,1,NA,2019/12/04,2019/12/05,3,"9,1",7
Vincci Mercat,1279484,NA,Valencia,1,1,NA,2019/12/04,2019/12/05,4,9,7
Friendly Rentals Strauss,1634236,NA,Valencia,1,1,€ 125,2019/12/04,2019/12/05,0,"8,6",7
Apartamento Forn dels Apòstols,3122008,NA,Valencia,1,1,NA,2019/12/04,2019/12/05,0,"9,6",7
Hotel Turia,14441,NA,Valencia,1,1,€ 52,2019/12/04,2019/12/05,4,"7,5",7
Classic Flat Valencia,4245614,NA,Valencia,1,1,NA,2019/12/04,2019/12/05,0,"8,8",7
Live in Chianti Apartaments,2882632,NA,Valencia,1,1,€ 128,2019/12/04,2019/12/05,0,9,7
Las Arenas Balneario Resort,91144,NA,Valencia,1,1,NA,2019/12/04,2019/12/05,5,9,7
Cathedral Suites Hotel,1736257,NA,Valencia,1,1,€ 131,2019/12/04,2019/12/05,4,"8,9",7
Apartment Sofi,2830696,NA,Valencia,1,1,€ 135,2019/12/04,2019/12/05,0,"9,8",7
Apartamento Gran Vía Marqués del Turia,2358973,NA,Valencia,1,1,€ 131,2019/12/04,2019/12/05,0,"8,6",7
Duplex en Blasco Ibáñez,3672426,NA,Valencia,1,1,NA,2019/12/04,2019/12/05,0,9,7
Expo Hotel Valencia,91223,NA,Valencia,1,1,€ 52,2019/12/04,2019/12/05,3,"7,6",7
RUZAFA- CENTRO-A/C- WI-FI- PARKING,2885994,NA,Valencia,1,1,€ 140,2019/12/04,2019/12/05,0,"9,7",7
Friendly Rentals Montaner Beach,2314997,NA,Valencia,1,1,€ 140,2019/12/04,2019/12/05,0,9,7
Style Apartments Puerto,1558265,NA,Valencia,1,1,€ 49,2019/12/04,2019/12/05,0,"8,1",7
Apartamentos el Pilar,237104,NA,Valencia,1,1,€ 49,2019/12/04,2019/12/05,0,8,7
Checkin Valencia,93743,NA,Valencia,1,1,€ 53,2019/12/04,2019/12/05,4,"7,8",7
Ilunion Aqua 4,92777,NA,Valencia,1,1,€ 132,2019/12/04,2019/12/05,4,"8,6",7
Edificio Pentagono,4673669,NA,Valencia,1,1,€ 135,2019/12/04,2019/12/05,0,"8,9",7
Chic and Central- in a lively but quiet area. All walking distance.,3649090,NA,Valencia,1,1,€ 160,2019/12/04,2019/12/05,0,"9,6",7
Casa Calle Conquista,4691493,NA,Valencia,1,1,€ 165,2019/12/04,2019/12/05,0,"9,5",7
Serranos Apartment,2698760,NA,Valencia,1,1,€ 173,2019/12/04,2019/12/05,0,"9,6",7
Como en casa,4802186,NA,Valencia,1,1,€ 54,2019/12/04,2019/12/05,0,"7,9",7
Jero Rooms,296743,NA,Valencia,1,1,€ 55,2019/12/04,2019/12/05,0,"7,6",7
Old Fisherman's House in Malvarrosa Beach,3618172,NA,Valencia,1,1,€ 140,2019/12/04,2019/12/05,0,"9,4",7
Hospes Palau de La Mar,93823,NA,Valencia,1,1,€ 135,2019/12/04,2019/12/05,5,"8,8",7
Friendly Rentals Rey,1634248,NA,Valencia,1,1,€ 140,2019/12/04,2019/12/05,0,"8,9",7
Disfruta - Enjoy Valencia Ruzafa,3890328,NA,Valencia,1,1,€ 179,2019/12/04,2019/12/05,0,"9,6",7
Friendly Rentals Vives 2,2523871,NA,Valencia,1,1,€ 145,2019/12/04,2019/12/05,0,"8,9",7
Catedral Apartment,5270717,NA,Valencia,1,1,€ 144,2019/12/04,2019/12/05,0,9,7
OCEANOGRAFIC DELUXE- PARKING- WI-FI,4095746,NA,Valencia,1,1,NA,2019/12/04,2019/12/05,0,"9,1",7
City Center Apartments,4426057,NA,Valencia,1,1,€ 60,2019/12/04,2019/12/05,0,"7,8",7
City of Arts & Spa Apartment,4820684,NA,Valencia,1,1,€ 60,2019/12/04,2019/12/05,0,"7,9",7
Cómoda habitación Valencia,4200488,NA,Valencia,1,1,NA,2019/12/04,2019/12/05,0,"9,5",7
Apartments Catedral,309686,NA,Valencia,1,1,NA,2019/12/04,2019/12/05,0,"8,8",7
Disfruta - Enjoy Valencia Centre,3881970,NA,Valencia,1,1,€ 179,2019/12/04,2019/12/05,0,"9,8",7
La Roqueta,2652492,NA,Valencia,1,1,NA,2019/12/04,2019/12/05,0,"8,7",7
United Colors of Apartments - Catedral,1301545,NA,Valencia,1,1,€ 49,2019/12/04,2019/12/05,0,"8,2",7
Habitaciones Valero,3735725,NA,Valencia,1,1,€ 49,2019/12/04,2019/12/05,0,"8,1",7
Disfruta - Enjoy Valencia Oceanografic,4121345,NA,Valencia,1,1,€ 209,2019/12/04,2019/12/05,0,"9,6",7
Friendly Rentals Mercado Central,3220956,NA,Valencia,1,1,€ 145,2019/12/04,2019/12/05,0,"9,2",7
Select Home Mercado de Colón,2960845,NA,Valencia,1,1,€ 150,2019/12/04,2019/12/05,0,"8,9",7
El Globo,24498,NA,Valencia,1,1,€ 60,2019/12/04,2019/12/05,1,"7,7",7
Holiday Inn Express Ciudad de las Ciencias,96737,NA,Valencia,1,1,€ 60,2019/12/04,2019/12/05,3,"7,9",7
Nanit Valencia Hostel,3913497,NA,Valencia,1,1,€ 49,2019/12/04,2019/12/05,0,"8,4",7
Casa Vich,4457634,NA,Valencia,1,1,NA,2019/12/04,2019/12/05,0,"9,3",7
Enjoy Flat Valencia,3991548,NA,Valencia,1,1,€ 155,2019/12/04,2019/12/05,0,"8,6",7
SEA YOU HOTEL PORT VALENCIA,92328,NA,Valencia,1,1,€ 61,2019/12/04,2019/12/05,4,"7,8",7
Puerta de Serranos,2734333,NA,Valencia,1,1,€ 161,2019/12/04,2019/12/05,0,"8,8",7
Aparthotel Valencia Rental,17344,NA,Valencia,1,1,€ 50,2019/12/04,2019/12/05,0,8,7
Apartamentos Valencia,1007682,NA,Valencia,1,1,€ 50,2019/12/04,2019/12/05,0,8,7
Sweet Caroline Apartment,1811784,NA,Valencia,1,1,€ 150,2019/12/04,2019/12/05,0,"9,2",7
B BEACH VALENCIA,5125954,NA,Valencia,1,1,€ 150,2019/12/04,2019/12/05,0,9,7
Disfruta - Enjoy Valencia Ayuntamiento,4901194,NA,Valencia,1,1,€ 209,2019/12/04,2019/12/05,0,"9,7",7
Cantagua Hostel,4074640,NA,Valencia,1,1,€ 33,2019/12/04,2019/12/05,0,"9,1",7
SHF Plaza de la Reina,1682520,NA,Valencia,1,1,€ 62,2019/12/04,2019/12/05,0,"7,8",7
Mediterranean Flats Plaza Redonda,4086496,NA,Valencia,1,1,€ 155,2019/12/04,2019/12/05,0,"9,2",7
Caro Hotel,348132,NA,Valencia,1,1,NA,2019/12/04,2019/12/05,5,"9,2",7
El 16 Ruzafa,865461,NA,Valencia,1,1,€ 64,2019/12/04,2019/12/05,0,"7,7",7
Apartamento Angel Alcazar 35,2174625,NA,Valencia,1,1,€ 65,2019/12/04,2019/12/05,0,"7,5",7
Apartamentos Barraca,2609457,NA,Valencia,1,1,€ 50,2019/12/04,2019/12/05,0,"8,2",7
Petit Palomar,2187491,NA,Valencia,1,1,NA,2019/12/04,2019/12/05,0,"8,9",7
Rooms Ciencias,94126,NA,Valencia,1,1,€ 42,2019/12/04,2019/12/05,0,9,7
Sivera-Centro Apartment,4642814,NA,Valencia,1,1,NA,2019/12/04,2019/12/05,0,"8,5",7
Ilunion Valencia 3,92818,NA,Valencia,1,1,€ 67,2019/12/04,2019/12/05,3,"7,9",7
Jardines del Turia - Espacioso apartamento,2734126,NA,Valencia,1,1,€ 180,2019/12/04,2019/12/05,0,9,7
Apartamento centro frente a Torres de Serrano,3408067,NA,Valencia,1,1,NA,2019/12/04,2019/12/05,0,"9,3",7
Apartamento Gutenberg,1327120,NA,Valencia,1,1,€ 50,2019/12/04,2019/12/05,0,"8,2",7
SingularStays Parque Central,3054000,NA,Valencia,1,1,€ 171,2019/12/04,2019/12/05,0,"8,8",7
Apartamento Playa Wifi Gratis,3495634,NA,Valencia,1,1,€ 190,2019/12/04,2019/12/05,0,"9,3",7
Living Valencia - Cestas,5453512,NA,Valencia,1,1,€ 67,2019/12/04,2019/12/05,0,"7,5",7
Cozy fisherman's house,2241663,NA,Valencia,1,1,€ 70,2019/12/04,2019/12/05,0,"7,9",7
YourPlace Apartments,2896608,NA,Valencia,1,1,€ 72,2019/12/04,2019/12/05,0,"7,6",7
Torres Quart,3702234,NA,Valencia,1,1,€ 75,2019/12/04,2019/12/05,0,"7,5",7
Happy Apartments Valencia – Lope de Vega,575582,NA,Valencia,1,1,€ 52,2019/12/04,2019/12/05,0,"8,1",7
Up Town,2244083,NA,Valencia,1,1,€ 53,2019/12/04,2019/12/05,0,"8,2",7
Carlos & Ana,2079019,NA,Valencia,1,1,€ 185,2019/12/04,2019/12/05,0,"8,9",7
Plaza de la Virgen,3167342,NA,Valencia,1,1,€ 190,2019/12/04,2019/12/05,0,"8,8",7
Down Town,1656378,NA,Valencia,1,1,€ 53,2019/12/04,2019/12/05,0,"8,3",7
Urban Youth Hostel,1163025,NA,Valencia,1,1,€ 53,2019/12/04,2019/12/05,0,"8,4",7
Sweet Hotel Continental,93856,NA,Valencia,1,1,NA,2019/12/04,2019/12/05,2,"8,3",7
Valencia Home,1638498,NA,Valencia,1,1,NA,2019/12/04,2019/12/05,0,"8,9",7
Alex Apartment,1756374,NA,Valencia,1,1,€ 54,2019/12/04,2019/12/05,0,8,7
Sol Playa,12656,NA,Valencia,1,1,NA,2019/12/04,2019/12/05,2,"8,3",7
NH Valencia Las Ciencias,90725,NA,Valencia,1,1,NA,2019/12/04,2019/12/05,3,8,7
Arena's Apartament,2156905,NA,Valencia,1,1,€ 200,2019/12/04,2019/12/05,0,"9,1",7
Hotel Medium Valencia,96838,NA,Valencia,1,1,NA,2019/12/04,2019/12/05,4,"8,2",7
NH Ciudad de Valencia,90729,NA,Valencia,1,1,NA,2019/12/04,2019/12/05,3,"8,1",7
Loft Superior el Carmen,2784473,NA,Valencia,1,1,€ 209,2019/12/04,2019/12/05,0,"9,3",7
City Center Atico 360,3025679,NA,Valencia,1,1,€ 210,2019/12/04,2019/12/05,0,"9,4",7
Happy Apartments Valencia,456043,NA,Valencia,1,1,€ 59,2019/12/04,2019/12/05,0,"8,2",7
Namaste Rooms,3799642,NA,Valencia,1,1,NA,2019/12/04,2019/12/05,0,"8,7",7
El Coso,14580,NA,Valencia,1,1,NA,2019/12/04,2019/12/05,3,"8,2",7
Hotel Miramar,23332,NA,Valencia,1,1,NA,2019/12/04,2019/12/05,2,"8,4",7
Ca Carmela,2466364,NA,Valencia,1,1,€ 225,2019/12/04,2019/12/05,0,9,7
Eurostars Gran Valencia,90484,NA,Valencia,1,1,NA,2019/12/04,2019/12/05,4,"8,4",7
L'Otelet By Sweet,1467935,NA,Valencia,1,1,€ 64,2019/12/04,2019/12/05,0,"8,3",7
MD Julio Antonio Apartment Center,3961049,NA,Valencia,1,1,€ 285,2019/12/04,2019/12/05,0,"9,2",7
Apartamento Mercado Central,4751166,NA,Valencia,1,1,NA,2019/12/04,2019/12/05,0,"9,1",7
Reina 12,1684198,NA,Valencia,1,1,€ 64,2019/12/04,2019/12/05,0,"8,2",7
MD PASEO RUZAFA CENTER,5374850,NA,Valencia,1,1,€ 1.030,2019/12/04,2019/12/05,0,9,7
The River Hostel,494202,NA,Valencia,1,1,€ 22,2019/12/04,2019/12/05,0,"8,5",7
Valencia Suits You Citytel,1106307,NA,Valencia,1,1,NA,2019/12/04,2019/12/05,2,"8,6",7
Art&Flats Bed&Breakfast,5238345,NA,Valencia,1,1,€ 30,2019/12/04,2019/12/05,0,"8,7",7
Hulot B&B Valencia,585429,NA,Valencia,1,1,€ 36,2019/12/04,2019/12/05,0,"8,5",7
Balcón Al Mar,295109,NA,Valencia,1,1,€ 54,2019/12/04,2019/12/05,0,"8,5",7
B&B Hi Valencia Boutique,1301725,NA,Valencia,1,1,€ 55,2019/12/04,2019/12/05,0,"8,7",7
Tramontana Apartments,1277215,NA,Valencia,1,1,NA,2019/12/04,2019/12/05,0,9,7
Reina Rooms,4211140,NA,Valencia,1,1,€ 56,2019/12/04,2019/12/05,0,"8,9",7
València Centre Túria,2185255,NA,Valencia,1,1,€ 56,2019/12/04,2019/12/05,0,"8,8",7
València Centre Torres de Quart,886289,NA,Valencia,1,1,€ 56,2019/12/04,2019/12/05,0,"8,9",7
Casa del Patriarca,364834,NA,Valencia,1,1,€ 57,2019/12/04,2019/12/05,0,"8,9",7
Hotel San Lorenzo Boutique,1307718,NA,Valencia,1,1,€ 59,2019/12/04,2019/12/05,3,"8,6",7
Ad Hoc Carmen,1173270,NA,Valencia,1,1,€ 59,2019/12/04,2019/12/05,2,"8,9",7
AA la Nueva Fe,4377808,NA,Valencia,1,1,NA,2019/12/04,2019/12/05,0,"9,1",7
Luz de Valencia,2076095,NA,Valencia,1,1,€ 59,2019/12/04,2019/12/05,0,"8,8",7
ABCyou Bed&Breakfast,189207,NA,Valencia,1,1,€ 59,2019/12/04,2019/12/05,0,"8,5",7
Original Domino House,5434091,NA,Valencia,1,1,€ 59,2019/12/04,2019/12/05,0,"8,7",7
Citizentral Gascons,332095,NA,Valencia,1,1,€ 63,2019/12/04,2019/12/05,0,"8,8",7
Casual del Cine Valencia,572187,NA,Valencia,1,1,€ 64,2019/12/04,2019/12/05,2,"8,7",7
Perla Apartments,3146781,NA,Valencia,1,1,€ 65,2019/12/04,2019/12/05,0,"8,7",7
Apartment Regne De Valencia,1533033,NA,Valencia,1,1,NA,2019/12/04,2019/12/05,0,"9,4",7
Moon Valencia,3560698,NA,Valencia,1,1,€ 65,2019/12/04,2019/12/05,0,"8,7",7
Turia Burjassot 12,3237353,NA,Valencia,1,1,€ 65,2019/12/04,2019/12/05,0,"8,9",7
Apartaments San Pio V,2456151,NA,Valencia,1,1,€ 65,2019/12/04,2019/12/05,0,"8,9",7
Zalamera BnB,1331238,NA,Valencia,1,1,€ 65,2019/12/04,2019/12/05,0,"8,7",7
Petit Palace Ruzafa,90792,NA,Valencia,1,1,€ 67,2019/12/04,2019/12/05,3,"8,7",7
Comfort Homestay,5423155,NA,Valencia,1,1,€ 67,2019/12/04,2019/12/05,0,"8,7",7
Apartamentos El Olivo,1985143,NA,Valencia,1,1,NA,2019/12/04,2019/12/05,0,"9,3",7
Casual Vintage Valencia,1710241,NA,Valencia,1,1,€ 68,2019/12/04,2019/12/05,2,"8,6",7
Hotel Gabbeach,403586,NA,Valencia,1,1,€ 69,2019/12/04,2019/12/05,3,"8,5",7
Apartments Madrina,3278589,NA,Valencia,1,1,€ 70,2019/12/04,2019/12/05,0,"8,9",7
Catalonia Excelsior,90578,NA,Valencia,1,1,€ 70,2019/12/04,2019/12/05,3,"8,7",7
BUBUFLATS / Mercat,783206,NA,Valencia,1,1,€ 70,2019/12/04,2019/12/05,0,"8,9",7
