name,propertyId,propertyType,city,rooms,days,price,checkIn,checkOut,stars,score,advance
Apartamento con terraza,5238122,Hotel,Valencia,1,1,€ 240,2019/10/26,2019/10/27,0,,90
MD PASEO RUZAFA CENTER,5374850,Hotel,Valencia,1,1,€ 502,2019/10/26,2019/10/27,0,,90
El Corazon de Canovas,2634817,Hotel,Valencia,1,1,NA,2019/10/26,2019/10/27,0,"9,7",90
Governor Residence,3799760,Hotel,Valencia,1,1,€ 600,2019/10/26,2019/10/27,0,,90
Gulet Why Not,5199364,Hotel,Valencia,1,1,€ 3.000,2019/10/26,2019/10/27,0,,90
Sercotel Sorolla Palace,93646,Hotel,Valencia,1,1,€ 109,2019/10/26,2019/10/27,4,"8,6",90
Citizentral Gascons,332095,Apartamentos,Valencia,1,1,€ 112,2019/10/26,2019/10/27,0,"8,7",90
Central Park Apartment Valencia,3881533,Apartamento,Valencia,1,1,NA,2019/10/26,2019/10/27,0,"9,6",90
B&B Hi Valencia Boutique,1301725,Hotel,Valencia,1,1,€ 114,2019/10/26,2019/10/27,0,"8,7",90
Jardín Botánico Hotel Boutique,93369,Hotel,Valencia,1,1,€ 124,2019/10/26,2019/10/27,3,"8,9",90
València Centre Torres de Quart,886289,Apartamentos,Valencia,1,1,€ 128,2019/10/26,2019/10/27,0,"8,9",90
SH Valencia Palace,91497,Hotel,Valencia,1,1,€ 130,2019/10/26,2019/10/27,5,"8,5",90
Valenciaflats Centro Histórico,94781,Apartamentos,Valencia,1,1,€ 133,2019/10/26,2019/10/27,0,"8,7",90
ValentiaApartments - MercadoCentral,4185241,Apartamentos,Valencia,1,1,€ 138,2019/10/26,2019/10/27,0,"8,7",90
Ciudad Ciencias- Lujo- Parking- Wi-Fi.,4999636,Apartamento,Valencia,1,1,NA,2019/10/26,2019/10/27,0,"9,8",90
Hotel San Lorenzo Boutique,1307718,Hotel,Valencia,1,1,€ 140,2019/10/26,2019/10/27,3,"8,6",90
Burjassot Mestalla,3058627,Apartamento,Valencia,1,1,€ 140,2019/10/26,2019/10/27,0,"8,7",90
Apartments in Villa Oliva Tossal Gros,3083529,Casa o chalet,Valencia,1,1,€ 140,2019/10/26,2019/10/27,0,"8,8",90
València Centre Túria,2185255,Apartamento,Valencia,1,1,€ 142,2019/10/26,2019/10/27,0,"8,8",90
Zenit Valencia,92327,Hotel,Valencia,1,1,€ 144,2019/10/26,2019/10/27,4,"8,8",90
Biopark View Apartment,2381901,Apartamento,Valencia,1,1,€ 151,2019/10/26,2019/10/27,0,"8,9",90
Doctor Oloriz-31-9,3397673,Apartamento,Valencia,1,1,NA,2019/10/26,2019/10/27,0,"9,9",90
AC Hotel Colon Valencia- a Marriott Lifestyle Hotel,1117150,Hotel,Valencia,1,1,€ 154,2019/10/26,2019/10/27,4,"8,6",90
Casual Vintage Valencia,1710241,Hotel,Valencia,1,1,€ 155,2019/10/26,2019/10/27,2,"8,5",90
Valenciaflats Mercado Central,307677,Apartamentos,Valencia,1,1,€ 156,2019/10/26,2019/10/27,0,"8,9",90
Catalonia Excelsior,90578,Hotel,Valencia,1,1,€ 160,2019/10/26,2019/10/27,3,"8,7",90
Hotel Kramer,91106,Hotel,Valencia,1,1,€ 162,2019/10/26,2019/10/27,3,"8,8",90
AC Hotel Valencia- a Marriott Lifestyle Hotel,91063,Hotel,Valencia,1,1,€ 162,2019/10/26,2019/10/27,4,"8,6",90
Hostal Antigua Morellana,1273937,Hotel,Valencia,1,1,NA,2019/10/26,2019/10/27,1,"9,5",90
Pio XII Apartments Valencia,402080,Apartamentos,Valencia,1,1,€ 162,2019/10/26,2019/10/27,0,"8,5",90
Lotelito,570027,Hotel,Valencia,1,1,€ 166,2019/10/26,2019/10/27,0,"8,9",90
Hotel Valencia Oceanic Managed by Melia Hotels International,91522,Hotel,Valencia,1,1,€ 166,2019/10/26,2019/10/27,4,"8,6",90
Puerta de Serranos,2734333,Apartamentos,Valencia,1,1,€ 166,2019/10/26,2019/10/27,0,"8,8",90
BUBUFLATS / Mercat,783206,Apartamentos,Valencia,1,1,€ 170,2019/10/26,2019/10/27,0,"8,9",90
BUBUFLATS Mossén,1141763,Apartamentos,Valencia,1,1,€ 170,2019/10/26,2019/10/27,0,"8,9",90
Colors Rooms,675839,Hotel,Valencia,1,1,NA,2019/10/26,2019/10/27,0,"9,5",90
Soho Valencia,1538641,Apartahotel,Valencia,1,1,€ 174,2019/10/26,2019/10/27,0,"8,9",90
Hotel Malcom and Barret,483261,Hotel,Valencia,1,1,€ 179,2019/10/26,2019/10/27,3,"8,7",90
SKY TOURISTIC ATTIC,281640,Apartamentos,Valencia,1,1,€ 180,2019/10/26,2019/10/27,0,"8,5",90
Vincci Palace,94163,Hotel,Valencia,1,1,€ 184,2019/10/26,2019/10/27,4,"8,6",90
One Shot Colón 46,1394168,Hotel,Valencia,1,1,€ 188,2019/10/26,2019/10/27,3,"8,7",90
Zerka Centro,4425975,Apartamentos,Valencia,1,1,€ 199,2019/10/26,2019/10/27,0,"8,5",90
L'Esplai Valencia Bed & Breakfast,1282556,Hotel,Valencia,1,1,NA,2019/10/26,2019/10/27,0,"9,6",90
Hospes Palau de La Mar,93823,Hotel,Valencia,1,1,€ 213,2019/10/26,2019/10/27,5,"8,8",90
Blanq Carmen Hotel,97069,Hotel,Valencia,1,1,€ 220,2019/10/26,2019/10/27,3,"8,7",90
Melia Plaza Valencia,13270,Hotel,Valencia,1,1,€ 220,2019/10/26,2019/10/27,4,"8,9",90
Ilunion Aqua 4,92777,Hotel,Valencia,1,1,€ 224,2019/10/26,2019/10/27,4,"8,5",90
Vincci Lys,91183,Hotel,Valencia,1,1,€ 224,2019/10/26,2019/10/27,4,"8,9",90
Ca Carmela,2466364,Casa o chalet,Valencia,1,1,€ 250,2019/10/26,2019/10/27,0,"8,9",90
Rooms Ciencias,94126,Hotel,Valencia,1,1,€ 261,2019/10/26,2019/10/27,0,"8,9",90
The Westin Valencia,93321,Hotel,Valencia,1,1,€ 807,2019/10/26,2019/10/27,5,"8,7",90
HOSPEDAJE PESET,4718074,Hotel,Valencia,1,1,€ 40,2019/10/26,2019/10/27,0,"8,2",90
Habitacion en Valencia Barata,4861796,Hotel,Valencia,1,1,€ 45,2019/10/26,2019/10/27,0,"8,2",90
Casa Mati,4217185,Hotel,Valencia,1,1,€ 50,2019/10/26,2019/10/27,0,"8,3",90
Urban Youth Hostel,1163025,Hotel,Valencia,1,1,€ 54,2019/10/26,2019/10/27,0,"8,4",90
Alquiler Habitacion Centro De Valencia,3977106,Hotel,Valencia,1,1,€ 55,2019/10/26,2019/10/27,0,"8,1",90
Red Nest Hostel,92283,Hotel,Valencia,1,1,€ 55,2019/10/26,2019/10/27,0,"8,2",90
Hostal Abastos,257057,Hotel,Valencia,1,1,€ 60,2019/10/26,2019/10/27,2,"8,2",90
L'Otelet By Sweet,1467935,Hotel,Valencia,1,1,€ 64,2019/10/26,2019/10/27,0,"8,3",90
Reina 12,1684198,Hotel,Valencia,1,1,€ 70,2019/10/26,2019/10/27,0,"8,3",90
Residencia Universitaria Damia Bonet,247451,Hotel,Valencia,1,1,€ 75,2019/10/26,2019/10/27,0,"8,4",90
Room in apartment,3701648,Hotel,Valencia,1,1,€ 81,2019/10/26,2019/10/27,0,8,90
Purple Nest Hostel,25278,Hotel,Valencia,1,1,€ 84,2019/10/26,2019/10/27,0,8,90
Central Park Apartment Valencia,3881533,Apartamento,Valencia,1,1,NA,2019/10/26,2019/10/27,0,"9,6",90
Homestay Valencia,2597106,Hotel,Valencia,1,1,€ 90,2019/10/26,2019/10/27,0,"8,1",90
B&B Hi Valencia Canovas,305349,Hotel,Valencia,1,1,€ 91,2019/10/26,2019/10/27,0,"8,4",90
Atico Ciutat Vella,3446230,Apartamentos,Valencia,1,1,€ 95,2019/10/26,2019/10/27,0,"8,4",90
Tryp Valencia Feria,92852,Hotel,Valencia,1,1,€ 99,2019/10/26,2019/10/27,4,"8,3",90
Hotel Olympia Universidades,1301731,Hotel,Valencia,1,1,€ 101,2019/10/26,2019/10/27,3,"8,4",90
NH Ciudad de Valencia,90729,Hotel,Valencia,1,1,€ 107,2019/10/26,2019/10/27,3,"8,1",90
Atico Loft Ruzafa,3152977,Apartamento,Valencia,1,1,NA,2019/10/26,2019/10/27,0,"9,7",90
NH Valencia Center,90727,Hotel,Valencia,1,1,€ 107,2019/10/26,2019/10/27,4,"8,3",90
Carrer de María Montessori,3272386,Apartamento,Valencia,1,1,€ 109,2019/10/26,2019/10/27,0,"8,4",90
Hotel Sercotel Acteón Valencia,90495,Hotel,Valencia,1,1,€ 113,2019/10/26,2019/10/27,4,"8,4",90
Bird House,4388270,Hotel,Valencia,1,1,€ 114,2019/10/26,2019/10/27,0,"8,2",90
Eurostars Rey Don Jaime,91520,Hotel,Valencia,1,1,€ 116,2019/10/26,2019/10/27,4,"8,2",90
Apartamento Privado Próximo a Playa y Ciencias,3783163,Apartamento,Valencia,1,1,€ 120,2019/10/26,2019/10/27,0,"8,1",90
JL Ciudad de las Artes,3074378,Apartamento,Valencia,1,1,NA,2019/10/26,2019/10/27,0,"9,6",90
United Colors of Apartments - Catedral,1301545,Apartamentos,Valencia,1,1,€ 121,2019/10/26,2019/10/27,0,"8,2",90
Silken Puerta Valencia,91182,Hotel,Valencia,1,1,€ 125,2019/10/26,2019/10/27,4,"8,3",90
ABCyou Bed&Breakfast,189207,Hotel,Valencia,1,1,€ 127,2019/10/26,2019/10/27,0,"8,4",90
Senator Parque Central Hotel,274963,Hotel,Valencia,1,1,€ 134,2019/10/26,2019/10/27,4,"8,1",90
Primus Valencia,331871,Hotel,Valencia,1,1,€ 140,2019/10/26,2019/10/27,4,"8,3",90
Eurostars Gran Valencia,90484,Hotel,Valencia,1,1,€ 143,2019/10/26,2019/10/27,4,"8,3",90
Casa La Buhardilla,2985364,Apartamento,Valencia,1,1,NA,2019/10/26,2019/10/27,0,"9,6",90
Hotel Neptuno,91206,Hotel,Valencia,1,1,€ 144,2019/10/26,2019/10/27,4,"8,4",90
Valenciaflats Torres de Serrano,17468,Apartamentos,Valencia,1,1,€ 147,2019/10/26,2019/10/27,0,"8,3",90
Casa los Peces,3234194,Apartamento,Valencia,1,1,€ 154,2019/10/26,2019/10/27,0,"8,3",90
Sweet Hotel Renasa,274818,Hotel,Valencia,1,1,€ 159,2019/10/26,2019/10/27,3,8,90
Flatsforyou Las Arcadias,473415,Apartamentos,Valencia,1,1,€ 171,2019/10/26,2019/10/27,0,"8,4",90
Hotel Conqueridor,91047,Hotel,Valencia,1,1,€ 176,2019/10/26,2019/10/27,4,"8,4",90
El Corazon de Canovas,2634817,Apartamento,Valencia,1,1,NA,2019/10/26,2019/10/27,0,"9,7",90
Ilunion Aqua 3,92776,Hotel,Valencia,1,1,€ 176,2019/10/26,2019/10/27,3,"8,3",90
Apartamentos Plaza Picasso,97063,Apartamentos,Valencia,1,1,€ 179,2019/10/26,2019/10/27,0,"8,4",90
MD Modern Hotel - Jardines,305447,Hotel,Valencia,1,1,€ 181,2019/10/26,2019/10/27,1,"8,2",90
Musico Peydro Apartments,3765069,Apartamentos,Valencia,1,1,€ 188,2019/10/26,2019/10/27,0,"8,2",90
Hotel Valencia Center,91285,Hotel,Valencia,1,1,€ 213,2019/10/26,2019/10/27,4,"8,4",90
Ilunion Valencia 4,754329,Hotel,Valencia,1,1,€ 235,2019/10/26,2019/10/27,4,8,90
Apartment Cisneros 2,2361375,Apartamento,Valencia,1,1,NA,2019/10/26,2019/10/27,0,"9,7",90
Hotel Villacarlos,90730,Hotel,Valencia,1,1,€ 257,2019/10/26,2019/10/27,3,8,90
Malvarrosa Calle Pavia,3608764,Casa o chalet,Valencia,1,1,€ 271,2019/10/26,2019/10/27,0,"8,3",90
MD Benlliure Beach.,1957258,Apartamento,Valencia,1,1,€ 296,2019/10/26,2019/10/27,0,8,90
NWT Central Station Apartments,3964093,Apartamento,Valencia,1,1,€ 300,2019/10/26,2019/10/27,0,"8,4",90
Center Valencia Youth Hostel,246931,Hotel,Valencia,1,1,€ 28,2019/10/26,2019/10/27,0,"7,9",90
Habitación San Cayetano,4624401,Hotel,Valencia,1,1,€ 30,2019/10/26,2019/10/27,0,"7,6",90
Apart and Benef,2291245,Hotel,Valencia,1,1,€ 34,2019/10/26,2019/10/27,0,"7,7",90
Habitacion PLaza Ayuntamiento,4365340,Hotel,Valencia,1,1,€ 40,2019/10/26,2019/10/27,0,"7,6",90
Voyagers Inn Homestay,2682156,Hotel,Valencia,1,1,€ 46,2019/10/26,2019/10/27,0,"7,8",90
Valencia City Host,1177077,Hotel,Valencia,1,1,€ 48,2019/10/26,2019/10/27,0,"7,9",90
Habitación cerca del centro,2789581,Hotel,Valencia,1,1,€ 52,2019/10/26,2019/10/27,0,"7,7",90
Como en casa,4802186,Hotel,Valencia,1,1,€ 54,2019/10/26,2019/10/27,0,"7,9",90
Hostal Bisbal,235665,Hotel,Valencia,1,1,€ 60,2019/10/26,2019/10/27,1,"7,5",90
Hotel Beleret,94652,Hotel,Valencia,1,1,€ 89,2019/10/26,2019/10/27,3,"7,6",90
Hotel Turia,14441,Hotel,Valencia,1,1,€ 95,2019/10/26,2019/10/27,4,"7,5",90
Adrian's House,2271869,Hotel,Valencia,1,1,€ 100,2019/10/26,2019/10/27,0,"7,8",90
Cosy Rooms Tapinería,371192,Hotel,Valencia,1,1,€ 105,2019/10/26,2019/10/27,2,"7,5",90
STYLISH APARTMENT - CITY CENTER,2861517,Apartamento,Valencia,1,1,€ 114,2019/10/26,2019/10/27,0,"7,8",90
Apartamento luminoso y acogedor,3489126,Apartamento,Valencia,1,1,€ 78,2019/10/26,2019/10/27,0,"9,6",90
Precioso piso junto al antiguo barrio de Campanar,3297078,Apartamento,Valencia,1,1,€ 100,2019/10/26,2019/10/27,0,"9,6",90
VALENCIA APARTAMENTO GOYA,4256653,Apartamento,Valencia,1,1,NA,2019/10/26,2019/10/27,0,10,90
Valencian Dreams Lonja,4757385,Apartamento,Valencia,1,1,€ 116,2019/10/26,2019/10/27,0,"9,7",90
Constitución,4229663,Apartamento,Valencia,1,1,€ 140,2019/10/26,2019/10/27,0,"9,6",90
Ramirez Flats & Bar,4124528,Apartahotel,Valencia,1,1,€ 167,2019/10/26,2019/10/27,0,"9,5",90
Ca María,3776707,Apartamento,Valencia,1,1,€ 180,2019/10/26,2019/10/27,0,"9,7",90
Luxury Beach House,3602594,Casa o chalet,Valencia,1,1,€ 300,2019/10/26,2019/10/27,0,"9,7",90
You & Co. Saler Beach boutique,4533007,Hotel,Valencia,1,1,€ 58,2019/10/26,2019/10/27,3,9,90
Luxury Center Plaza Redonda,5138960,Apartamento,Valencia,1,1,NA,2019/10/26,2019/10/27,0,10,90
Art&Flats Bed&Breakfast,5238345,Hotel,Valencia,1,1,€ 75,2019/10/26,2019/10/27,0,"9,4",90
Habitación doble,3599930,Hotel,Valencia,1,1,€ 90,2019/10/26,2019/10/27,0,9,90
Apartamento cerca de la Playa y el Centro,2620264,Apartamento,Valencia,1,1,€ 100,2019/10/26,2019/10/27,0,9,90
Eco-Friendly Apartments,1979834,Apartamentos,Valencia,1,1,€ 105,2019/10/26,2019/10/27,0,"9,2",90
Bianca,4232781,Apartamentos,Valencia,1,1,€ 106,2019/10/26,2019/10/27,0,9,90
Apartamentos Naranja y Limòn,2250906,Apartamentos,Valencia,1,1,€ 110,2019/10/26,2019/10/27,0,"9,3",90
Hostal Antigua Morellana,1273937,Hotel,Valencia,1,1,NA,2019/10/26,2019/10/27,1,"9,5",90
Apartment close to park Marchalenes,4418670,Apartamento,Valencia,1,1,€ 120,2019/10/26,2019/10/27,0,"9,1",90
Duplex+Swimming pool+private entrance=Housen of LOVE,2999152,Apartamento,Valencia,1,1,€ 125,2019/10/26,2019/10/27,0,"9,4",90
BUBUSUITES by Bubuflats,2389776,Hotel,Valencia,1,1,€ 130,2019/10/26,2019/10/27,0,"9,3",90
Valencian Apartment,2298621,Apartamento,Valencia,1,1,€ 130,2019/10/26,2019/10/27,0,9,90
Mon Suites San Nicolas,4117225,Apartamentos,Valencia,1,1,€ 133,2019/10/26,2019/10/27,0,"9,1",90
Citizentral Juristas,1113127,Apartamentos,Valencia,1,1,€ 137,2019/10/26,2019/10/27,0,"9,2",90
Colors Rooms,675839,Hotel,Valencia,1,1,NA,2019/10/26,2019/10/27,0,"9,5",90
Hotel Valencia Alameda,4019381,Hotel,Valencia,1,1,€ 139,2019/10/26,2019/10/27,4,"9,4",90
COZY APARTMENT VALENCIA BEACHFRONT!,3128516,Apartamento,Valencia,1,1,€ 140,2019/10/26,2019/10/27,0,"9,4",90
Mon Suites Catedral,485679,Apartamentos,Valencia,1,1,€ 143,2019/10/26,2019/10/27,0,"9,2",90
Valenciaflats Centro Ciudad,18544,Apartamentos,Valencia,1,1,€ 147,2019/10/26,2019/10/27,0,"9,1",90
Apartamentos Wallace,1698355,Apartamentos,Valencia,1,1,€ 156,2019/10/26,2019/10/27,0,"9,2",90
Mon Suites San Martin,2777545,Apartamentos,Valencia,1,1,€ 161,2019/10/26,2019/10/27,0,"9,4",90
Maison Reina B&B,5004812,Hotel,Valencia,1,1,NA,2019/10/26,2019/10/27,0,"9,5",90
VLC Beach,4622960,Apartamento,Valencia,1,1,€ 195,2019/10/26,2019/10/27,0,9,90
NH Collection Colón Valencia,3828811,Hotel,Valencia,1,1,€ 196,2019/10/26,2019/10/27,4,"9,2",90
Jardines del Turia - Espacioso apartamento,2734126,Apartamento,Valencia,1,1,€ 200,2019/10/26,2019/10/27,0,"9,2",90
Vincci Mercat,1279484,Hotel,Valencia,1,1,€ 208,2019/10/26,2019/10/27,4,9,90
Las Arenas Balneario Resort,91144,Hotel,Valencia,1,1,€ 216,2019/10/26,2019/10/27,5,9,90
MD Design Hotel - Portal del Real,2391685,Hotel,Valencia,1,1,€ 242,2019/10/26,2019/10/27,2,"9,1",90
L'Esplai Valencia Bed & Breakfast,1282556,Hotel,Valencia,1,1,NA,2019/10/26,2019/10/27,0,"9,6",90
MYR Hotel Plaza Mercado & Spa,1619029,Apartahotel,Valencia,1,1,€ 246,2019/10/26,2019/10/27,0,"9,1",90
APARTAMENTO CENTRICO. WI-FI. PARKING,2967593,Apartamento,Valencia,1,1,€ 250,2019/10/26,2019/10/27,0,"9,3",90
OCEANOGRAFIC APARTMENT. PARKING. WI-FI,3107716,Apartamentos,Valencia,1,1,€ 250,2019/10/26,2019/10/27,0,9,90
Caro Hotel,348132,Hotel,Valencia,1,1,€ 265,2019/10/26,2019/10/27,5,"9,2",90
HQ Rooms Apartments San Vicente,2894429,Apartamentos,Valencia,1,1,€ 298,2019/10/26,2019/10/27,0,"9,3",90
Valenciaflats Ciudad de las Ciencias,93676,Apartamentos,Valencia,1,1,€ 299,2019/10/26,2019/10/27,0,"9,1",90
Zerka Sendra,4657122,Apartamento,Valencia,1,1,€ 301,2019/10/26,2019/10/27,0,9,90
Hi Valencia Cánovas,4312120,Apartamentos,Valencia,1,1,€ 318,2019/10/26,2019/10/27,0,9,90
MARQUÉS HOUSE 4* SUP,2118880,Hotel,Valencia,1,1,€ 339,2019/10/26,2019/10/27,4,"9,4",90
Hi Valencia Apartments - Jorge Juan,2373701,Apartamento,Valencia,1,1,€ 365,2019/10/26,2019/10/27,0,"9,4",90
Beachfront vila,3126708,Casa o chalet,Valencia,1,1,€ 390,2019/10/26,2019/10/27,0,"9,2",90
Home Youth Hostel by Feetup Hostels,189322,Hotel,Valencia,1,1,€ 55,2019/10/26,2019/10/27,0,"8,8",90
Melia Valencia,290493,Hotel,Valencia,1,1,€ 84,2019/10/26,2019/10/27,4,"8,8",90
UNIK. Apartments Valencia,2241282,Apartamentos,Valencia,1,1,€ 86,2019/10/26,2019/10/27,0,"8,5",90
Hotel El Siglo,1741479,Hotel,Valencia,1,1,€ 93,2019/10/26,2019/10/27,3,"8,5",90
New Trendy apartment,2426154,Apartamento,Valencia,1,1,€ 95,2019/10/26,2019/10/27,0,"8,8",90
Casa del Patriarca,364834,Hotel,Valencia,1,1,€ 100,2019/10/26,2019/10/27,0,"8,9",90
Zalamera BnB,1331238,Hotel,Valencia,1,1,€ 102,2019/10/26,2019/10/27,0,"8,7",90
United Colors of Studios - Mercado Central,2574108,Apartamentos,Valencia,1,1,€ 121,2019/10/26,2019/10/27,0,"7,9",90
Kirei Apartment San Vicente,1774062,Apartamento,Valencia,1,1,€ 121,2019/10/26,2019/10/27,0,"7,5",90
La Casa Verde - Ruzafa,2029143,Apartamento,Valencia,1,1,NA,2019/10/26,2019/10/27,0,"9,7",90
El 16 Ruzafa,865461,Apartamentos,Valencia,1,1,€ 124,2019/10/26,2019/10/27,0,"7,7",90
Apartamento Alguer,4005334,Apartamento,Valencia,1,1,€ 145,2019/10/26,2019/10/27,0,"7,5",90
Ilunion Valencia 3,92818,Hotel,Valencia,1,1,€ 150,2019/10/26,2019/10/27,3,"7,9",90
Loft el Carmen amazing views,4932621,Apartamento,Valencia,1,1,€ 182,2019/10/26,2019/10/27,0,"7,9",90
Valencia Luxury Attics Ayuntamiento,337092,Apartamentos,Valencia,1,1,€ 220,2019/10/26,2019/10/27,0,"7,5",90
MD Art Apartment Ruzafa,2550955,Apartamento,Valencia,1,1,€ 291,2019/10/26,2019/10/27,0,"7,7",90
Apartamento Tiziano,1528645,Apartamento,Valencia,1,1,NA,2019/10/26,2019/10/27,0,"9,6",90
MD Pelayo with terrace,1979067,Apartamento,Valencia,1,1,€ 291,2019/10/26,2019/10/27,0,"7,8",90
Hostal Residencial RR,450746,Hotel,Valencia,1,1,€ 40,2019/10/26,2019/10/27,0,7,90
Hostal Waksman,281139,Hotel,Valencia,1,1,€ 55,2019/10/26,2019/10/27,1,"7,3",90
Central Station Valencia Hostel,1647017,Hotel,Valencia,1,1,€ 64,2019/10/26,2019/10/27,0,"7,1",90
Cosy Rooms Bolsería,371606,Hotel,Valencia,1,1,€ 89,2019/10/26,2019/10/27,2,"7,4",90
Guest House Samuel Ros,4161855,Hotel,Valencia,1,1,€ 90,2019/10/26,2019/10/27,0,"7,4",90
Apartamento Bolseria 28,881275,Apartamentos,Valencia,1,1,NA,2019/10/26,2019/10/27,0,"9,6",90
Kirei Apartment Na Jordana,1702092,Apartamentos,Valencia,1,1,€ 101,2019/10/26,2019/10/27,0,7,90
Casual de la Música Valencia,273130,Hotel,Valencia,1,1,€ 115,2019/10/26,2019/10/27,2,"7,4",90
NWT Monserrat,3728842,Apartamentos,Valencia,1,1,€ 119,2019/10/26,2019/10/27,0,"7,1",90
HOSTAL BED OF THE SEA,3974636,Hotel,Valencia,1,1,€ 120,2019/10/26,2019/10/27,0,7,90
Apartamento Angel Alcazar 35,2174625,Apartamento,Valencia,1,1,€ 145,2019/10/26,2019/10/27,0,"7,4",90
Valencia Luxury Catedral,440778,Apartamentos,Valencia,1,1,€ 170,2019/10/26,2019/10/27,0,"7,2",90
Classic Flat Valencia,4245614,Apartamento,Valencia,1,1,NA,2019/10/26,2019/10/27,0,"9,5",90
Best Valencia Beach Flat,3246772,Apartamento,Valencia,1,1,€ 192,2019/10/26,2019/10/27,0,"7,1",90
feliz como en casa,3676196,Hotel,Valencia,1,1,€ 36,2019/10/26,2019/10/27,0,"6,9",90
Beach Valencia - Arts and Science,3188371,Apartamento,Valencia,1,1,€ 125,2019/10/26,2019/10/27,0,"6,8",90
Malvarrosa Beach,3546692,Casas y chalets,Valencia,1,1,€ 1.260,2019/10/26,2019/10/27,0,"6,9",90
Fun and Sun Center 2,2944416,Hotel,Valencia,1,1,€ 63,2019/10/26,2019/10/27,0,"6,2",90
Casita Esmeralda,2040126,Casa o chalet,Valencia,1,1,€ 114,2019/10/26,2019/10/27,0,"6,4",90
Apartamento en la Ciudad de las Artes y las Ciencias,3552283,Apartamento,Valencia,1,1,NA,2019/10/26,2019/10/27,0,"9,5",90
Kirei Apartment San Agustin,1712323,Apartamentos,Valencia,1,1,€ 161,2019/10/26,2019/10/27,0,"6,4",90
Oliver,4865093,Hotel,Valencia,1,1,€ 56,2019/10/26,2019/10/27,0,"5,6",90
Carrer del Bisbe Jaume Pérez,4900140,Hotel,Valencia,1,1,€ 60,2019/10/26,2019/10/27,0,"5,8",90
Kirei Apartment Berlin,4504570,Apartamentos,Valencia,1,1,€ 126,2019/10/26,2019/10/27,0,"5,7",90
Port of Valencia,3805735,Casa o chalet,Valencia,1,1,€ 150,2019/10/26,2019/10/27,0,5,90
Malvarosa,3820590,Apartamento,Valencia,1,1,€ 190,2019/10/26,2019/10/27,0,4,90
Apartamento centro frente a Torres de Serrano,3408067,Apartamento,Valencia,1,1,NA,2019/10/26,2019/10/27,0,"9,5",90
Habitación muy cerca de la playa.,5395908,Hotel,Valencia,1,1,€ 40,2019/10/26,2019/10/27,0,,90
Hogar Dulce Hogar,5426607,Hotel,Valencia,1,1,€ 60,2019/10/26,2019/10/27,0,,90
vosotros sereis parte de mi familia.,5299568,Hotel,Valencia,1,1,€ 60,2019/10/26,2019/10/27,0,,90
Rooms El Picolino,5326859,Hotel,Valencia,1,1,€ 65,2019/10/26,2019/10/27,0,,90
Comfort Homestay,5423155,Hotel,Valencia,1,1,€ 67,2019/10/26,2019/10/27,0,,90
Mi casa es vuestra casa,4967097,Hotel,Valencia,1,1,€ 70,2019/10/26,2019/10/27,0,,90
Magnífico Adosado- cerca de Valencia ciudad- en zona de montaña y playa fluvial,5354233,Casa o chalet,Valencia,1,1,€ 89,2019/10/26,2019/10/27,0,,90
Calle de Frederica Montseny 'Política' Casa o chalet,5152866,Casa o chalet,Valencia,1,1,€ 95,2019/10/26,2019/10/27,0,,90
Nest Style Valencia -Proxima apertura-,5219046,Hotel,Valencia,1,1,€ 97,2019/10/26,2019/10/27,3,,90
Kirei Apartment Dublin,4639542,Apartamento,Valencia,1,1,€ 137,2019/10/26,2019/10/27,0,,90
Atico Loft Torres de Quart,4152620,Apartamento,Valencia,1,1,€ 140,2019/10/26,2019/10/27,0,,90
New apartment near to the center,4062596,Apartamento,Valencia,1,1,€ 145,2019/10/26,2019/10/27,0,,90
Miresa flats,5300418,Apartamento,Valencia,1,1,€ 148,2019/10/26,2019/10/27,0,,90
Old Town Flats Casa Burguerini,4552106,Apartamentos,Valencia,1,1,€ 151,2019/10/26,2019/10/27,0,,90
Blanq Comedias,4922002,Hotel,Valencia,1,1,€ 158,2019/10/26,2019/10/27,0,,90
"Flat ""Ca Alexandre""",3687859,Apartamento,Valencia,1,1,€ 195,2019/10/26,2019/10/27,0,,90
17 PLAZA AYUNTAMIENTO-CENTRO 6p.,4093819,Apartamento,Valencia,1,1,€ 201,2019/10/26,2019/10/27,0,,90
07 PLAZA DEL AYUNTAMIENTO - CENTRO 6personas,4093811,Apartamento,Valencia,1,1,€ 201,2019/10/26,2019/10/27,0,,90
