name,propertyId,propertyType,city,rooms,days,price,checkIn,checkOut,stars,score,advance
Disfruta - Enjoy Valencia Ayuntamiento,4901194,Apartamento,Valencia,1,1,€ 149,2019/08/28,2019/08/29,0,10,30
Ramirez Flats & Bar,4124528,Apartahotel,Valencia,1,1,€ 131,2019/08/28,2019/08/29,0,"9,5",30
VALENCIA APARTAMENTO GOYA,4256653,Apartamento,Valencia,1,1,NA,2019/08/28,2019/08/29,0,10,30
Bubuflats Bubu 3,1014334,Apartamento,Valencia,1,1,€ 135,2019/08/28,2019/08/29,0,"9,6",30
Disfruta - Enjoy Valencia Ruzafa,3890328,Apartamento,Valencia,1,1,€ 185,2019/08/28,2019/08/29,0,"9,7",30
Disfruta - Enjoy Valencia Centre,3881970,Apartamento,Valencia,1,1,€ 185,2019/08/28,2019/08/29,0,"9,8",30
Valencia Sol Sun,2482393,Apartamento,Valencia,1,1,€ 189,2019/08/28,2019/08/29,0,"9,5",30
Casa Paula,1857389,Apartamento,Valencia,1,1,€ 216,2019/08/28,2019/08/29,0,"9,3",30
Hi Valencia Apartments - Jorge Juan,2373701,Apartamento,Valencia,1,1,€ 220,2019/08/28,2019/08/29,0,"9,4",30
Apartments Welcome to Valencia Peset Aleixandre 69,4964856,Apartamento,Valencia,1,1,NA,2019/08/28,2019/08/29,0,"9,7",30
City Center Apartments,4426057,Apartamentos,Valencia,1,1,€ 108,2019/08/28,2019/08/29,0,"7,7",30
United Colors of Studios - Mercado Central,2574108,Apartamentos,Valencia,1,1,€ 109,2019/08/28,2019/08/29,0,"7,9",30
Apartamento Bolseria 28,881275,Apartamentos,Valencia,1,1,NA,2019/08/28,2019/08/29,0,"9,6",30
Suites by Eric Olsan (Peset),4726296,Apartamentos,Valencia,1,1,€ 111,2019/08/28,2019/08/29,0,"7,9",30
Cosy Rooms Tapinería,371192,Hostal o pensión,Valencia,1,1,€ 117,2019/08/28,2019/08/29,2,"7,5",30
Plaza Sainetero 5,3148458,Apartamento,Valencia,1,1,€ 119,2019/08/28,2019/08/29,0,"7,8",30
STYLISH APARTMENT - CITY CENTER,2861517,Apartamento,Valencia,1,1,€ 120,2019/08/28,2019/08/29,0,"7,8",30
Torres Quart,3702234,Apartamentos,Valencia,1,1,€ 123,2019/08/28,2019/08/29,0,"7,7",30
Apartamento Alguer,4005334,Apartamento,Valencia,1,1,€ 135,2019/08/28,2019/08/29,0,"7,5",30
Habitación privada a 1500 metros de la playa,3789910,Habitación en casa particular,Valencia,1,1,€ 60,2019/08/28,2019/08/29,0,"9,4",30
RoomTuristValencia - Ruzafa,4608394,Hostal o pensión,Valencia,1,1,€ 35,2019/08/28,2019/08/29,0,"5,9",30
Caro Hotel,348132,Hotel,Valencia,1,1,€ 265,2019/08/28,2019/08/29,5,"9,2",30
Vincci Palace,94163,Hotel,Valencia,1,1,€ 144,2019/08/28,2019/08/29,4,"8,6",30
Hotel Medium Valencia,96838,Hotel,Valencia,1,1,€ 108,2019/08/28,2019/08/29,4,"8,2",30
Valenciaflats Mercado Central,307677,Apartamentos,Valencia,1,1,€ 152,2019/08/28,2019/08/29,0,"8,9",30
la casita,4333253,Apartamento,Valencia,1,1,NA,2019/08/28,2019/08/29,0,"9,8",30
Opera House Valencia B&B,3533887,Hotel,Valencia,1,1,NA,2019/08/28,2019/08/29,0,"9,5",30
City Center Apartment,5084891,Apartamento,Valencia,1,1,€ 150,2019/08/28,2019/08/29,0,"7,8",30
El 16 Ruzafa,865461,Apartamentos,Valencia,1,1,€ 154,2019/08/28,2019/08/29,0,"7,7",30
Valencia Luxury Attics Ayuntamiento,337092,Apartamentos,Valencia,1,1,€ 170,2019/08/28,2019/08/29,0,"7,5",30
ART & FLATS Pleno Centro Valencia,1554388,Apartamentos,Valencia,1,1,€ 174,2019/08/28,2019/08/29,0,"7,9",30
Art&Flats Bed&Breakfast,5238345,Bed & breakfast,Valencia,1,1,€ 70,2019/08/28,2019/08/29,0,"9,3",30
Ruzafa Guesthouse,2269176,Hostal o pensión,Valencia,1,1,€ 40,2019/08/28,2019/08/29,0,"5,6",30
Boutique Creative Rooms,2334726,Hotel,Valencia,1,1,€ 153,2019/08/28,2019/08/29,0,"8,7",30
ValentiaApartments - MercadoCentral,4185241,Apartamentos,Valencia,1,1,€ 163,2019/08/28,2019/08/29,0,"8,7",30
València Centre Torres de Quart,886289,Apartamentos,Valencia,1,1,€ 165,2019/08/28,2019/08/29,0,"8,9",30
Cathedral Suites Hotel,1736257,Apartahotel,Valencia,1,1,€ 169,2019/08/28,2019/08/29,4,"8,9",30
València Centre Túria,2185255,Apartamento,Valencia,1,1,€ 170,2019/08/28,2019/08/29,0,"8,8",30
Hostal Antigua Morellana,1273937,Hostal o pensión,Valencia,1,1,NA,2019/08/28,2019/08/29,1,"9,5",30
Urban Youth Hostel,1163025,Albergue,Valencia,1,1,€ 108,2019/08/28,2019/08/29,0,"8,4",30
El Corazon de Canovas,2634817,Apartamento,Valencia,1,1,NA,2019/08/28,2019/08/29,0,"9,7",30
Casa La Buhardilla,2985364,NA,Valencia,1,1,NA,2019/08/28,2019/08/29,0,"9,6",30
El Globo,24498,Hotel,Valencia,1,1,€ 180,2019/08/28,2019/08/29,1,"7,8",30
Apartamentos Valencia Luxury Center,2011524,Apartamento,Valencia,1,1,€ 205,2019/08/28,2019/08/29,0,"7,9",30
ÁTICO EN EL CENTRO DE VALENCIA VT-45939-T,4752815,Apartamento,Valencia,1,1,NA,2019/08/28,2019/08/29,0,"9,5",30
Valencia Luxury Central Market,1078335,Apartamentos,Valencia,1,1,€ 205,2019/08/28,2019/08/29,0,"7,5",30
MD Art Apartment Ruzafa,2550955,Apartamento,Valencia,1,1,€ 387,2019/08/28,2019/08/29,0,"7,7",30
MD Abastos Center,2551194,Apartamento,Valencia,1,1,€ 455,2019/08/28,2019/08/29,0,"7,7",30
MD Oliag I Apartment Ruzafa,2867488,Apartamento,Valencia,1,1,€ 513,2019/08/28,2019/08/29,0,"7,7",30
Las Arenas Balneario Resort,91144,Hotel,Valencia,1,1,€ 288,2019/08/28,2019/08/29,5,9,30
Zerka Sendra,4657122,Apartamento,Valencia,1,1,€ 310,2019/08/28,2019/08/29,0,9,30
Hospes Palau de La Mar,93823,Hotel,Valencia,1,1,€ 171,2019/08/28,2019/08/29,5,"8,8",30
New apartment bioparc,4316710,Apartamento,Valencia,1,1,NA,2019/08/28,2019/08/29,0,"9,5",30
Guest House Torres de Quart,2275006,Hostal o pensión,Valencia,1,1,€ 50,2019/08/28,2019/08/29,0,"5,5",30
Habitación doble,3599930,Habitación en casa particular,Valencia,1,1,€ 77,2019/08/28,2019/08/29,0,9,30
Break Room,5030926,Hostal o pensión,Valencia,1,1,€ 60,2019/08/28,2019/08/29,0,"8,5",30
La Casa Del Colibri Youth Hostel,2094497,Albergue,Valencia,1,1,€ 692,2019/08/28,2019/08/29,0,"7,9",30
Sweet Hotel Renasa,274818,Hotel,Valencia,1,1,€ 109,2019/08/28,2019/08/29,3,8,30
Preciosos Apartamentos en el Carmen,2918345,Apartamentos,Valencia,1,1,€ 110,2019/08/28,2019/08/29,0,"8,1",30
Atico Ciutat Vella,3446230,Apartamentos,Valencia,1,1,€ 110,2019/08/28,2019/08/29,0,"8,4",30
Vincci Lys,91183,Hotel,Valencia,1,1,€ 171,2019/08/28,2019/08/29,4,"8,9",30
Apartamento frente al mar,3060802,Apartamento,Valencia,1,1,€ 180,2019/08/28,2019/08/29,0,"8,6",30
Carrer del Bisbe Jaume Pérez,4900140,Habitación en casa particular,Valencia,1,1,€ 60,2019/08/28,2019/08/29,0,"5,8",30
Guest House Samuel Ros,4161855,Hostal o pensión,Valencia,1,1,€ 35,2019/08/28,2019/08/29,0,"7,4",30
New apartment bioparc,4316710,Apartamento,Valencia,1,1,NA,2019/08/28,2019/08/29,0,"9,5",30
Host & Home,1663785,Hostal o pensión,Valencia,1,1,€ 83,2019/08/28,2019/08/29,0,9,30
Sabía que venias!,3543756,Habitación en casa particular,Valencia,1,1,€ 60,2019/08/28,2019/08/29,0,"8,5",30
APARTAMENTO LAS MELLIZAS,4651578,Habitación en casa particular,Valencia,1,1,€ 59,2019/08/28,2019/08/29,0,"8,4",30
Apartamento Privado Próximo a Playa y Ciencias,3783163,Apartamento,Valencia,1,1,€ 119,2019/08/28,2019/08/29,0,"8,1",30
Valenciaflats Torres de Serrano,17468,Apartamentos,Valencia,1,1,€ 120,2019/08/28,2019/08/29,0,"8,3",30
Apartment Cisneros 2,2361375,Apartamento,Valencia,1,1,NA,2019/08/28,2019/08/29,0,"9,7",30
Friendly Rentals Puerto Deportivo,2317861,Apartamentos,Valencia,1,1,€ 120,2019/08/28,2019/08/29,0,"8,2",30
Apartment Florista,2150187,Apartamento,Valencia,1,1,€ 125,2019/08/28,2019/08/29,0,8,30
The Westin Valencia,93321,Hotel,Valencia,1,1,€ 183,2019/08/28,2019/08/29,5,"8,7",30
Flatsforyou Marina,1793012,Apartamentos,Valencia,1,1,€ 200,2019/08/28,2019/08/29,0,"8,7",30
Zerka Centro,4425975,Apartamentos,Valencia,1,1,€ 208,2019/08/28,2019/08/29,0,"8,5",30
SingularStays Parque Central,3054000,Apartamentos,Valencia,1,1,€ 235,2019/08/28,2019/08/29,0,"8,8",30
Apartamento Frederick “Centrico y con Clase”,4236394,Apartamento,Valencia,1,1,NA,2019/08/28,2019/08/29,0,"9,7",30
Mar & City Apartment,3456759,Apartamento,Valencia,1,1,€ 314,2019/08/28,2019/08/29,0,"8,9",30
Home Sweet Home,1223953,Hostal o pensión,Valencia,1,1,€ 60,2019/08/28,2019/08/29,0,"5,6",30
Hostal Residencial RR,450746,Hostal o pensión,Valencia,1,1,€ 50,2019/08/28,2019/08/29,0,7,30
City Garden Bed and Breakfast,2204361,Bed & breakfast,Valencia,1,1,€ 88,2019/08/28,2019/08/29,0,"9,4",30
Namaste Rooms,3799642,Hostal o pensión,Valencia,1,1,€ 65,2019/08/28,2019/08/29,0,"8,6",30
MUVIM CENTRUM,4756065,Apartamento,Valencia,1,1,NA,2019/08/28,2019/08/29,0,"9,7",30
Hotel Conqueridor,91047,Hotel,Valencia,1,1,€ 126,2019/08/28,2019/08/29,4,"8,4",30
Quart Youth Hostel,476418,Albergue,Valencia,1,1,€ 969,2019/08/28,2019/08/29,0,"8,7",30
Oliver,4865093,Hostal o pensión,Valencia,1,1,€ 66,2019/08/28,2019/08/29,0,"5,6",30
Ruzafa Rooms,2891693,Hostal o pensión,Valencia,1,1,€ 60,2019/08/28,2019/08/29,0,7,30
Murillo Apartment,408163,Apartamento,Valencia,1,1,€ 62,2019/08/28,2019/08/29,0,7,30
Colegio Mayor La Concepción,626558,Albergue,Valencia,1,1,€ 75,2019/08/28,2019/08/29,0,"8,7",30
Carrer de l'Escriptor Rafael Ferreres,4267645,Apartamento,Valencia,1,1,€ 75,2019/08/28,2019/08/29,0,"8,7",30
You & Co. Saler Beach boutique,4533007,Hotel,Valencia,1,1,€ 102,2019/08/28,2019/08/29,3,9,30
Una Ubicacion Perfecta,3114164,Apartamentos,Valencia,1,1,€ 105,2019/08/28,2019/08/29,0,"9,1",30
Valencia apartamento,3056705,Apartahotel,Valencia,1,1,€ 107,2019/08/28,2019/08/29,0,"9,3",30
Habitación Céntrica en Casa de Familia,4289877,Habitación en casa particular,Valencia,1,1,€ 35,2019/08/28,2019/08/29,0,"8,1",30
Hotel Miramar,23332,Hotel,Valencia,1,1,€ 126,2019/08/28,2019/08/29,2,"8,4",30
United Colors of Apartments - Catedral,1301545,Apartamentos,Valencia,1,1,€ 130,2019/08/28,2019/08/29,0,"8,2",30
Kirei Apartment Berlin,4504570,NA,Valencia,1,1,€ 127,2019/08/28,2019/08/29,0,"5,6",30
Centro & Viaje,4215175,Habitación en casa particular,Valencia,1,1,€ 68,2019/08/28,2019/08/29,0,"7,4",30
Russafa Youth Hostel,345134,Albergue,Valencia,1,1,€ 79,2019/08/28,2019/08/29,0,"8,6",30
Opera House Valencia B&B,3533887,Hotel,Valencia,1,1,NA,2019/08/28,2019/08/29,0,"9,5",30
apartamento las torres-botanico,4694090,Apartamento,Valencia,1,1,€ 108,2019/08/28,2019/08/29,0,9,30
Habitacion en Valencia Barata,4861796,Habitación en casa particular,Valencia,1,1,€ 38,2019/08/28,2019/08/29,0,"8,2",30
Room in apartment,3701648,Habitación en casa particular,Valencia,1,1,€ 130,2019/08/28,2019/08/29,0,8,30
Arts Sciences Apartment,2228062,Apartamento,Valencia,1,1,NA,2019/08/28,2019/08/29,0,"9,7",30
Apartamentos Sollana 18 Cerca de les Arts i les Ciencies Valencia- FREE WI-FI,5232423,Apartamento,Valencia,1,1,€ 130,2019/08/28,2019/08/29,0,"8,3",30
Apartamento Ciudad de las Artes y las Ciencias,4353552,Apartamento,Valencia,1,1,€ 135,2019/08/28,2019/08/29,0,"8,4",30
Plaza Redonda Apartments,1665625,Apartamentos,Valencia,1,1,€ 135,2019/08/28,2019/08/29,0,8,30
RoomTuristValencia Estacion del Norte,4682632,Hostal o pensión,Valencia,1,1,€ 40,2019/08/28,2019/08/29,0,"5,4",30
Centro Valencia Calle Cerrajeros,3476261,Bed & breakfast,Valencia,1,1,€ 75,2019/08/28,2019/08/29,0,7,30
Hotel Valencia Alameda,4019381,Hotel,Valencia,1,1,€ 109,2019/08/28,2019/08/29,4,"9,4",30
Light and bright apartment in central Valencia,3767109,Apartamentos,Valencia,1,1,€ 110,2019/08/28,2019/08/29,0,9,30
Valenciaflats Centro Ciudad,18544,Apartamentos,Valencia,1,1,€ 110,2019/08/28,2019/08/29,0,"9,1",30
HABITACIÓN PRIVADA EN RUZAFA,4948581,Habitación en casa particular,Valencia,1,1,€ 51,2019/08/28,2019/08/29,0,"8,1",30
Valencia Just in the Middle,2965508,NA,Valencia,1,1,NA,2019/08/28,2019/08/29,0,"9,9",30
Hotel Valencia Oceanic Managed by Melia Hotels International,91522,Hotel,Valencia,1,1,€ 80,2019/08/28,2019/08/29,4,"8,6",30
Sweet Hotel Continental,93856,Hotel,Valencia,1,1,€ 139,2019/08/28,2019/08/29,2,"8,3",30
NWT Central Station Apartments,3964093,Apartamento,Valencia,1,1,€ 139,2019/08/28,2019/08/29,0,"8,4",30
Central Station Valencia Hostel,1647017,Albergue,Valencia,1,1,€ 79,2019/08/28,2019/08/29,0,"7,1",30
Apartamento Ciencias y Justicia,3825841,Apartamento,Valencia,1,1,NA,2019/08/28,2019/08/29,0,"9,5",30
MD Design Hotel - Portal del Real,2391685,Hotel,Valencia,1,1,€ 111,2019/08/28,2019/08/29,2,"9,1",30
Valencia-Ruzafa Studio,3235983,Apartamento,Valencia,1,1,€ 120,2019/08/28,2019/08/29,0,"9,1",30
MerKat-Abastos,1231196,Apartamento,Valencia,1,1,NA,2019/08/28,2019/08/29,0,"9,7",30
Mon Suites Catedral,485679,Apartamentos,Valencia,1,1,€ 120,2019/08/28,2019/08/29,0,"9,2",30
HOSPEDAJE PESET,4718074,Habitación en casa particular,Valencia,1,1,€ 60,2019/08/28,2019/08/29,0,"8,1",30
Constitución,4229663,Apartamento,Valencia,1,1,NA,2019/08/28,2019/08/29,0,"9,6",30
Guesthouse Plaza de Toros,2985902,Hostal o pensión,Valencia,1,1,€ 48,2019/08/28,2019/08/29,0,5,30
Homestay & OLEE,4132920,Habitación en casa particular,Valencia,1,1,€ 80,2019/08/28,2019/08/29,0,"7,4",30
Hotel Malcom and Barret,483261,Hotel,Valencia,1,1,€ 81,2019/08/28,2019/08/29,3,"8,7",30
Pio XII Apartments Valencia,402080,Apartamentos,Valencia,1,1,€ 85,2019/08/28,2019/08/29,0,"8,5",30
Cozy en Blanch. Center,4751079,Apartamento,Valencia,1,1,NA,2019/08/28,2019/08/29,0,"9,7",30
SH Ingles Boutique Hotel,92956,Hotel,Valencia,1,1,€ 144,2019/08/28,2019/08/29,4,"8,4",30
So de Mar,2204496,Apartamento,Valencia,1,1,NA,2019/08/28,2019/08/29,0,"9,6",30
Atico Duplex en el Carmen,2954876,Apartamento,Valencia,1,1,€ 145,2019/08/28,2019/08/29,0,"8,4",30
Friendly Rentals Abad,1634238,Apartamento,Valencia,1,1,€ 160,2019/08/28,2019/08/29,0,"8,2",30
Valencia Boutique Plaza de la Reina,1541067,Apartamentos,Valencia,1,1,€ 160,2019/08/28,2019/08/29,0,8,30
Living Valencia -Correos,3062274,Apartamentos,Valencia,1,1,€ 160,2019/08/28,2019/08/29,0,"8,4",30
Friendly Rentals Verdi,1634232,Apartamento,Valencia,1,1,€ 170,2019/08/28,2019/08/29,0,"8,1",30
CENTRO VALENCIA NUEVO (38),4093876,Apartamento,Valencia,1,1,€ 176,2019/08/28,2019/08/29,0,"8,3",30
La Casa Verde - Ruzafa,2029143,Apartamento,Valencia,1,1,NA,2019/08/28,2019/08/29,0,"9,7",30
Vlc Apartaments el Carmen,389902,Apartamentos,Valencia,1,1,€ 220,2019/08/28,2019/08/29,0,"8,2",30
Musico Peydro Apartments,3765069,Apartamentos,Valencia,1,1,€ 236,2019/08/28,2019/08/29,0,"8,2",30
MD Benlliure Beach.,1957258,Apartamento,Valencia,1,1,€ 392,2019/08/28,2019/08/29,0,8,30
MD Vila Barbera Apartment Center,1957253,Apartamento,Valencia,1,1,€ 528,2019/08/28,2019/08/29,0,"8,3",30
Sorolla Centro,90896,Hotel,Valencia,1,1,€ 121,2019/08/28,2019/08/29,3,"9,1",30
Apartamentos Wallace,1698355,Apartamentos,Valencia,1,1,€ 124,2019/08/28,2019/08/29,0,"9,2",30
L'Arbre,3972359,Apartamento,Valencia,1,1,€ 126,2019/08/28,2019/08/29,0,"9,3",30
Olvida tu Reloj Montichelvo Apartment,3258095,Apartamento,Valencia,1,1,€ 126,2019/08/28,2019/08/29,0,"9,4",30
Olvida tu Reloj Congresos Apartment,2448036,Apartamento,Valencia,1,1,€ 126,2019/08/28,2019/08/29,0,"9,2",30
Pension MonaLisa Luxury Suites,3834224,Bed & breakfast,Valencia,1,1,€ 60,2019/08/28,2019/08/29,0,"8,2",30
Guest House Duc de Gaeta,2275007,Hostal o pensión,Valencia,1,1,€ 48,2019/08/28,2019/08/29,0,5,30
HOSTAL BED OF THE SEA,3974636,Hostal o pensión,Valencia,1,1,€ 82,2019/08/28,2019/08/29,0,7,30
Apartamento Nou Lodging,2837298,Apartamento,Valencia,1,1,€ 87,2019/08/28,2019/08/29,0,"7,1",30
Voyagers Inn Homestay,2682156,Habitación en casa particular,Valencia,1,1,€ 48,2019/08/28,2019/08/29,0,"7,8",30
RoomTuristValencia RuzafaSumsi,4682802,Hostal o pensión,Valencia,1,1,€ 50,2019/08/28,2019/08/29,0,5,30
L'Esplai Valencia Bed & Breakfast,1282556,Bed & breakfast,Valencia,1,1,NA,2019/08/28,2019/08/29,0,"9,6",30
Reina 12,1684198,Hostal o pensión,Valencia,1,1,€ 60,2019/08/28,2019/08/29,0,"8,3",30
Hotel Kramer,91106,Hotel,Valencia,1,1,€ 89,2019/08/28,2019/08/29,3,"8,8",30
Malvarrosa Beach Rooms,314048,Hostal o pensión,Valencia,1,1,€ 90,2019/08/28,2019/08/29,2,"7,1",30
PISO ACOGEDOR,4995780,Habitación en casa particular,Valencia,1,1,€ 50,2019/08/28,2019/08/29,0,"7,5",30
MerKat-Abastos,1231196,Apartamento,Valencia,1,1,NA,2019/08/28,2019/08/29,0,"9,7",30
Guest House Ruzafa,2324552,Hostal o pensión,Valencia,1,1,€ 55,2019/08/28,2019/08/29,0,"5,3",30
OttoH Charm Stay,2459807,Hostal o pensión,Valencia,1,1,€ 129,2019/08/28,2019/08/29,0,"9,3",30
APARTAMENTO CENTRO- RUZAFA. WI-FI. PARKING,3144104,Apartamento,Valencia,1,1,€ 130,2019/08/28,2019/08/29,0,"9,3",30
Valenciaflats Ciudad de las Ciencias,93676,Apartamentos,Valencia,1,1,€ 133,2019/08/28,2019/08/29,0,"9,1",30
L'Otelet By Sweet,1467935,Hostal o pensión,Valencia,1,1,€ 64,2019/08/28,2019/08/29,0,"8,3",30
B&B Hi Valencia Boutique,1301725,Bed & breakfast,Valencia,1,1,€ 89,2019/08/28,2019/08/29,0,"8,7",30
Cosy Rooms Bolsería,371606,Hostal o pensión,Valencia,1,1,€ 94,2019/08/28,2019/08/29,2,"7,4",30
Valencia Apartments,4367788,Apartamentos,Valencia,1,1,€ 96,2019/08/28,2019/08/29,0,"7,2",30
Apartamento en la Ciudad de las Artes y las Ciencias,3552283,Apartamento,Valencia,1,1,NA,2019/08/28,2019/08/29,0,"9,5",30
Kirei Apartment Na Jordana,1702092,Apartamentos,Valencia,1,1,€ 98,2019/08/28,2019/08/29,0,7,30
Suites by Eric Olsan (L),4287413,Apartamentos,Valencia,1,1,€ 111,2019/08/28,2019/08/29,0,"7,4",30
Habitación San Cayetano,4624401,Habitación en casa particular,Valencia,1,1,€ 50,2019/08/28,2019/08/29,0,"7,7",30
RoomTuristValencia Torres de Quart,4565643,Hostal o pensión,Valencia,1,1,€ 35,2019/08/28,2019/08/29,0,"4,8",30
MARQUÉS HOUSE 4* SUP,2118880,Hotel,Valencia,1,1,€ 139,2019/08/28,2019/08/29,4,"9,4",30
MYR Hotel Plaza Mercado & Spa,1619029,Apartahotel,Valencia,1,1,€ 139,2019/08/28,2019/08/29,0,"9,2",30
Live in Chianti Apartaments,2882632,Apartamentos,Valencia,1,1,€ 143,2019/08/28,2019/08/29,0,"9,1",30
Apartamento,3139431,Apartamento,Valencia,1,1,NA,2019/08/28,2019/08/29,0,"9,5",30
Mon Suites San Nicolas,4117225,Apartamentos,Valencia,1,1,€ 145,2019/08/28,2019/08/29,0,"9,2",30
Citizentral Juristas,1113127,Apartamentos,Valencia,1,1,€ 146,2019/08/28,2019/08/29,0,"9,2",30
B&B El Mercat,2203530,Bed & breakfast,Valencia,1,1,€ 120,2019/08/28,2019/08/29,0,"7,3",30
Valencia Apartmans El Carmen,847910,Apartamentos,Valencia,1,1,€ 123,2019/08/28,2019/08/29,0,"7,3",30
NWT Monserrat,3728842,Apartamentos,Valencia,1,1,€ 129,2019/08/28,2019/08/29,0,"7,1",30
Valencia Luxury Catedral,440778,Apartamentos,Valencia,1,1,€ 230,2019/08/28,2019/08/29,0,"7,1",30
Valencia Boutique Ayuntamiento,343355,Apartamentos,Valencia,1,1,€ 260,2019/08/28,2019/08/29,0,"7,2",30
Valencia Luxury La Paz,1107542,Apartamentos,Valencia,1,1,€ 300,2019/08/28,2019/08/29,0,"7,2",30
MD Villalonga Malvarosa Beach,3739661,Apartamento,Valencia,1,1,€ 350,2019/08/28,2019/08/29,0,"7,4",30
Tryp Valencia Feria,92852,Hotel,Valencia,1,1,€ 68,2019/08/28,2019/08/29,4,"8,3",30
Kirei Apartment Atlanta,4304662,NA,Valencia,1,1,€ 208,2019/08/28,2019/08/29,0,"4,5",30
Habitación cerca del centro,2789581,Habitación en casa particular,Valencia,1,1,€ 50,2019/08/28,2019/08/29,0,"7,7",30
Sercotel Sorolla Palace,93646,Hotel,Valencia,1,1,€ 90,2019/08/28,2019/08/29,4,"8,6",30
Loyola Room Habitación en Piso Compartido,3298489,Habitación en casa particular,Valencia,1,1,€ 42,2019/08/28,2019/08/29,0,"6,7",30
Premium Apartments,486507,Apartamentos,Valencia,1,1,€ 129,2019/08/28,2019/08/29,0,"6,9",30
Las casitas de la playa,3177809,Apartamentos,Valencia,1,1,€ 188,2019/08/28,2019/08/29,0,"6,9",30
Apartamento para 10 personas,5029963,Apartamento,Valencia,1,1,€ 200,2019/08/28,2019/08/29,0,"6,8",30
Valencia Boutique Center,387770,Apartamentos,Valencia,1,1,€ 240,2019/08/28,2019/08/29,0,"6,9",30
Malvarrosa Beach,3546692,Casas y chalets,Valencia,1,1,€ 1.260,2019/08/28,2019/08/29,0,"6,9",30
Hostal Venecia,92883,Hotel,Valencia,1,1,€ 149,2019/08/28,2019/08/29,2,"9,1",30
Centro en Valencia,2885222,NA,Valencia,1,1,NA,2019/08/28,2019/08/29,0,"9,5",30
Eurostars Gran Valencia,90484,Hotel,Valencia,1,1,€ 68,2019/08/28,2019/08/29,4,"8,3",30
Casual Civilizaciones Valencia,449777,Hostal o pensión,Valencia,1,1,€ 50,2019/08/28,2019/08/29,0,"7,9",30
ABCyou Bed&Breakfast,189207,Bed & breakfast,Valencia,1,1,€ 91,2019/08/28,2019/08/29,0,"8,5",30
Fun and Sun Center 2,2944416,Hostal o pensión,Valencia,1,1,€ 45,2019/08/28,2019/08/29,0,"6,2",30
Kirei Apartment San Agustin,1712323,Apartamentos,Valencia,1,1,€ 137,2019/08/28,2019/08/29,0,"6,4",30
Casita Esmeralda,2040126,Casa o chalet,Valencia,1,1,€ 154,2019/08/28,2019/08/29,0,"6,4",30
BUBUSUITES by Bubuflats,2389776,Bed & breakfast,Valencia,1,1,€ 150,2019/08/28,2019/08/29,0,"9,3",30
Apartamentos La más Bonita,2816245,Apartamentos,Valencia,1,1,€ 158,2019/08/28,2019/08/29,0,"9,1",30
Dolz Garden Ruzafa,1123993,Apartamentos,Valencia,1,1,€ 160,2019/08/28,2019/08/29,0,"9,2",30
Apartamento Islas Canarias,2304086,NA,Valencia,1,1,€ 84,2019/08/28,2019/08/29,0,4,30
Residencia Universitaria Damia Bonet,247451,Residencia de estudiantes,Valencia,1,1,€ 69,2019/08/28,2019/08/29,0,"8,3",30
TTdSSa VLC: Plaza Cisneros- 2- 5 pax 3 Bedrooms,4069293,Apartamento,Valencia,1,1,NA,2019/08/28,2019/08/29,0,"9,8",30
Albergue Juvenil Colegio Mayor Galileo Galilei,253103,Albergue,Valencia,1,1,€ 52,2019/08/28,2019/08/29,0,"7,9",30
NH Collection Colón Valencia,3828811,Hotel,Valencia,1,1,€ 162,2019/08/28,2019/08/29,4,"9,2",30
HQ Rooms Apartments San Vicente,2894429,Apartamentos,Valencia,1,1,€ 165,2019/08/28,2019/08/29,0,"9,3",30
Melia Valencia,290493,Hotel,Valencia,1,1,€ 93,2019/08/28,2019/08/29,4,"8,8",30
Hostal Abastos,257057,Hostal o pensión,Valencia,1,1,€ 70,2019/08/28,2019/08/29,2,"8,2",30
Malvarosa,3820590,NA,Valencia,1,1,€ 94,2019/08/28,2019/08/29,0,4,30
Como en casa,4802186,Habitación en casa particular,Valencia,1,1,€ 54,2019/08/28,2019/08/29,0,"7,8",30
Vincci Mercat,1279484,Hotel,Valencia,1,1,€ 171,2019/08/28,2019/08/29,4,9,30
Hogar Vera Apartments&Bikes,1807919,Apartamentos,Valencia,1,1,€ 174,2019/08/28,2019/08/29,0,"9,4",30
Friendly Rentals Boyvin,1923141,Apartamento,Valencia,1,1,€ 175,2019/08/28,2019/08/29,0,"9,3",30
Alquiler Habitacion Centro De Valencia,3977106,Habitación en casa particular,Valencia,1,1,€ 72,2019/08/28,2019/08/29,0,"8,1",30
Habitación en valencia centro,5418023,Habitación en casa particular,Valencia,1,1,€ 35,2019/08/28,2019/08/29,0,,30
El Palacete Gran Via,3483148,Bed & breakfast,Valencia,1,1,€ 95,2019/08/28,2019/08/29,0,"8,7",30
Casa Calle Conquista,4691493,Apartamento,Valencia,1,1,NA,2019/08/28,2019/08/29,0,"9,6",30
Hotel Boutique Balandret,1281710,Hotel,Valencia,1,1,€ 181,2019/08/28,2019/08/29,3,"9,2",30
Hi Valencia Cánovas,4312120,Apartamentos,Valencia,1,1,€ 190,2019/08/28,2019/08/29,0,9,30
Apartamentos Edificio Palomar,189277,Apartamentos,Valencia,1,1,€ 205,2019/08/28,2019/08/29,0,"9,2",30
Mon Suites San Martin,2777545,Apartamentos,Valencia,1,1,€ 206,2019/08/28,2019/08/29,0,"9,4",30
Jardines del Turia - Espacioso apartamento,2734126,Apartamento,Valencia,1,1,€ 206,2019/08/28,2019/08/29,0,"9,2",30
Edificio Pentagono,4673669,Apartamento,Valencia,1,1,€ 210,2019/08/28,2019/08/29,0,"9,1",30
WeRentVLC Charming Ruzafa,2839319,Apartamento,Valencia,1,1,€ 210,2019/08/28,2019/08/29,0,"9,2",30
Valencia City Host,1177077,Hostal o pensión,Valencia,1,1,€ 56,2019/08/28,2019/08/29,0,"7,9",30
Habitación muy cerca de la playa.,5396391,Habitación en casa particular,Valencia,1,1,€ 40,2019/08/28,2019/08/29,0,,30
Ad Hoc Monumental,90719,Hotel,Valencia,1,1,€ 101,2019/08/28,2019/08/29,3,"8,6",30
Suites by Eric Olsan (Florista),4726450,Apartamentos,Valencia,1,1,€ 108,2019/08/28,2019/08/29,0,"8,6",30
Hotel Olympia Universidades,1301731,Hotel,Valencia,1,1,€ 75,2019/08/28,2019/08/29,3,"8,4",30
Valencia Lounge Hostel,337203,Hostal o pensión,Valencia,1,1,€ 64,2019/08/28,2019/08/29,0,"7,8",30
Amplia habitación en piso compartido,5433175,Habitación en casa particular,Valencia,1,1,€ 50,2019/08/28,2019/08/29,0,,30
AC Hotel Valencia- a Marriott Lifestyle Hotel,91063,Hotel,Valencia,1,1,€ 108,2019/08/28,2019/08/29,4,"8,6",30
B&B Hi Valencia Canovas,305349,Bed & breakfast,Valencia,1,1,€ 75,2019/08/28,2019/08/29,0,"8,4",30
vosotros sereis parte de mi familia.,5299568,Habitación en casa particular,Valencia,1,1,€ 60,2019/08/28,2019/08/29,0,,30
Hotel Beleret,94652,Hotel,Valencia,1,1,€ 67,2019/08/28,2019/08/29,3,"7,6",30
Apartment Sofi,2830696,Apartamento,Valencia,1,1,NA,2019/08/28,2019/08/29,0,"9,8",30
Hospederia del Pilar,327766,Hostal o pensión,Valencia,1,1,€ 72,2019/08/28,2019/08/29,0,"7,9",30
Silken Puerta Valencia,91182,Hotel,Valencia,1,1,€ 79,2019/08/28,2019/08/29,4,"8,3",30
Jardín Botánico Hotel Boutique,93369,Hotel,Valencia,1,1,€ 112,2019/08/28,2019/08/29,3,"8,9",30
Hogar Dulce Hogar,5426607,Habitación en casa particular,Valencia,1,1,€ 60,2019/08/28,2019/08/29,0,,30
Nanit Valencia Hostel,3913497,Hostal o pensión,Valencia,1,1,€ 80,2019/08/28,2019/08/29,0,"8,3",30
Preciosa Casita Cerca Del Mar,4057271,Apartamento,Valencia,1,1,NA,2019/08/28,2019/08/29,0,"9,7",30
Rio Turia Skatehouse,4624602,Apartamento,Valencia,1,1,€ 81,2019/08/28,2019/08/29,0,"8,1",30
Jero Rooms,296743,Hostal o pensión,Valencia,1,1,€ 73,2019/08/28,2019/08/29,0,"7,7",30
Rooms Ciencias,94126,Hostal o pensión,Valencia,1,1,€ 113,2019/08/28,2019/08/29,0,"8,9",30
Blanq Comedias,4922002,Hostal o pensión,Valencia,1,1,€ 63,2019/08/28,2019/08/29,0,,30
Hotel Turia,14441,Hotel,Valencia,1,1,€ 75,2019/08/28,2019/08/29,4,"7,5",30
Ilunion Aqua 3,92776,Hotel,Valencia,1,1,€ 82,2019/08/28,2019/08/29,3,"8,3",30
Casual Vintage Valencia,1710241,Hotel,Valencia,1,1,€ 113,2019/08/28,2019/08/29,2,"8,5",30
Constitución,4229663,Apartamento,Valencia,1,1,NA,2019/08/28,2019/08/29,0,"9,6",30
Les flors,3985046,Apartamento,Valencia,1,1,€ 114,2019/08/28,2019/08/29,0,"8,9",30
Estrella de russafa,5352439,Habitación en casa particular,Valencia,1,1,€ 70,2019/08/28,2019/08/29,0,,30
UP Hostel Valencia,1710137,Albergue,Valencia,1,1,€ 75,2019/08/28,2019/08/29,0,"7,8",30
Ilunion Valencia 4,754329,Hotel,Valencia,1,1,€ 84,2019/08/28,2019/08/29,4,8,30
Apartamentos Plaza Picasso,97063,Apartamentos,Valencia,1,1,€ 86,2019/08/28,2019/08/29,0,"8,4",30
Rooms El Picolino,5326859,Habitación en casa particular,Valencia,1,1,€ 75,2019/08/28,2019/08/29,0,,30
Hotel El Siglo,1741479,Hotel,Valencia,1,1,€ 114,2019/08/28,2019/08/29,3,"8,5",30
UNIK. Apartments Valencia,2241282,Apartamentos,Valencia,1,1,€ 115,2019/08/28,2019/08/29,0,"8,5",30
B&B Hotel Valencia Ciudad de las Ciencias,92242,Hotel,Valencia,1,1,€ 80,2019/08/28,2019/08/29,3,"7,5",30
Casita bonita con piscina y jardin,5294677,Bed & breakfast,Valencia,1,1,€ 75,2019/08/28,2019/08/29,0,,30
MD Modern Hotel - Jardines,305447,Hotel,Valencia,1,1,€ 90,2019/08/28,2019/08/29,1,"8,2",30
Happy Apartments Valencia – Lope de Vega,575582,Apartamentos,Valencia,1,1,€ 94,2019/08/28,2019/08/29,0,"8,1",30
Happy Apartments Valencia,456043,Apartamentos,Valencia,1,1,€ 94,2019/08/28,2019/08/29,0,"8,2",30
Comfort Homestay,5423155,Habitación en casa particular,Valencia,1,1,€ 79,2019/08/28,2019/08/29,0,,30
Melia Plaza Valencia,13270,Hotel,Valencia,1,1,€ 116,2019/08/28,2019/08/29,4,"8,9",30
Valenciaflats Centro Histórico,94781,Apartamentos,Valencia,1,1,€ 120,2019/08/28,2019/08/29,0,"8,7",30
SEA YOU HOTEL PORT VALENCIA,92328,Hotel,Valencia,1,1,€ 80,2019/08/28,2019/08/29,4,"7,6",30
El Corazon de Canovas,2634817,NA,Valencia,1,1,NA,2019/08/28,2019/08/29,0,"9,7",30
Primus Valencia,331871,Hotel,Valencia,1,1,€ 95,2019/08/28,2019/08/29,4,"8,3",30
Catalonia Excelsior,90578,Hotel,Valencia,1,1,€ 120,2019/08/28,2019/08/29,3,"8,7",30
Preciosa Casita Cerca Del Mar,4057271,Apartamento,Valencia,1,1,NA,2019/08/28,2019/08/29,0,"9,7",30
Checkin Valencia,93743,Hotel,Valencia,1,1,€ 80,2019/08/28,2019/08/29,4,"7,8",30
Acogedor apartamento en zona universitaria y playa,5414090,NA,Valencia,1,1,€ 86,2019/08/28,2019/08/29,0,,30
Sol Playa,12656,Hotel,Valencia,1,1,€ 97,2019/08/28,2019/08/29,2,"8,3",30
Zenit Valencia,92327,Hotel,Valencia,1,1,€ 122,2019/08/28,2019/08/29,4,"8,8",30
Miresa flats 2.1A,5399747,NA,Valencia,1,1,€ 90,2019/08/28,2019/08/29,0,,30
Ilunion Valencia 3,92818,Hotel,Valencia,1,1,€ 83,2019/08/28,2019/08/29,3,"7,9",30
Hotel Sercotel Acteón Valencia,90495,Hotel,Valencia,1,1,€ 98,2019/08/28,2019/08/29,4,"8,4",30
Hermoso apartamento frente a la Universidad CEU,5278317,Apartamento,Valencia,1,1,€ 95,2019/08/28,2019/08/29,0,,30
Barceló Valencia,91988,Hotel,Valencia,1,1,€ 122,2019/08/28,2019/08/29,4,"8,6",30
Citizentral Gascons,332095,Apartamentos,Valencia,1,1,€ 123,2019/08/28,2019/08/29,0,"8,7",30
Expo Hotel Valencia,91223,Hotel,Valencia,1,1,€ 87,2019/08/28,2019/08/29,3,"7,6",30
SHF Plaza de la Reina,1682520,Apartamentos,Valencia,1,1,€ 100,2019/08/28,2019/08/29,0,"7,7",30
NH Valencia Las Artes,90731,Hotel,Valencia,1,1,€ 99,2019/08/28,2019/08/29,4,"8,3",30
SHF Flats Baron,1033085,Apartamentos,Valencia,1,1,€ 100,2019/08/28,2019/08/29,0,8,30
Casual Socarrat Valencia,5142800,Hotel,Valencia,1,1,€ 101,2019/08/28,2019/08/29,3,,30
Petit Palace Ruzafa,90792,Hotel,Valencia,1,1,€ 125,2019/08/28,2019/08/29,3,"8,7",30
Perla Apartments,3146781,Apartamentos,Valencia,1,1,€ 126,2019/08/28,2019/08/29,0,"8,8",30
SKY TOURISTIC ATTIC,281640,Apartamentos,Valencia,1,1,€ 126,2019/08/28,2019/08/29,0,"8,5",30
Loft Turia Gran,5133726,Apartamento,Valencia,1,1,€ 113,2019/08/28,2019/08/29,0,,30
Lotelito,570027,Hostal o pensión,Valencia,1,1,€ 129,2019/08/28,2019/08/29,0,"8,9",30
Miresa flats,5300418,NA,Valencia,1,1,€ 125,2019/08/28,2019/08/29,0,,30
Hotel Valencia Center,91285,Hotel,Valencia,1,1,€ 102,2019/08/28,2019/08/29,4,"8,4",30
Apartment Cisneros 2,2361375,Apartamento,Valencia,1,1,NA,2019/08/28,2019/08/29,0,"9,7",30
Blanq Carmen Hotel,97069,Hotel,Valencia,1,1,€ 130,2019/08/28,2019/08/29,3,"8,7",30
BUBUFLATS Mossén,1141763,Apartamentos,Valencia,1,1,€ 130,2019/08/28,2019/08/29,0,"8,9",30
BUBUFLATS / Mercat,783206,Apartamentos,Valencia,1,1,€ 130,2019/08/28,2019/08/29,0,"8,9",30
City Suites Apartments,3091106,Hostal o pensión,Valencia,1,1,€ 102,2019/08/28,2019/08/29,0,"8,4",30
Welcome to Valencia Peset Aleixandre 135,5047732,NA,Valencia,1,1,€ 125,2019/08/28,2019/08/29,0,,30
Eurostars Rey Don Jaime,91520,Hotel,Valencia,1,1,€ 104,2019/08/28,2019/08/29,4,"8,2",30
Old Town Flats Casa Burguerini,4552106,Apartamento,Valencia,1,1,€ 137,2019/08/28,2019/08/29,0,,30
Ilunion Aqua 4,92777,Hotel,Valencia,1,1,€ 132,2019/08/28,2019/08/29,4,"8,5",30
PLENO CENTRO (P24),4093891,NA,Valencia,1,1,€ 209,2019/08/28,2019/08/29,0,,30
Casual de las Artes Valencia,538056,Hotel,Valencia,1,1,€ 104,2019/08/28,2019/08/29,3,"8,4",30
Casual del Cine Valencia,572187,Hotel,Valencia,1,1,€ 132,2019/08/28,2019/08/29,2,"8,6",30
MD Manuela Estellés,5386542,NA,Valencia,1,1,€ 231,2019/08/28,2019/08/29,0,,30
Senator Parque Central Hotel,274963,Hotel,Valencia,1,1,€ 106,2019/08/28,2019/08/29,4,"8,1",30
MD Rafael Janini I,5386102,NA,Valencia,1,1,€ 231,2019/08/28,2019/08/29,0,,30
Hotel San Lorenzo Boutique,1307718,Hotel,Valencia,1,1,€ 135,2019/08/28,2019/08/29,3,"8,6",30
Friendly Rentals Verdi 2,2523881,Apartamento,Valencia,1,1,€ 135,2019/08/28,2019/08/29,0,"8,8",30
NH Valencia Center,90727,Hotel,Valencia,1,1,€ 107,2019/08/28,2019/08/29,4,"8,3",30
MD Arquitecto Gascó,5385054,Apartamento,Valencia,1,1,€ 231,2019/08/28,2019/08/29,0,,30
Home Youth Hostel by Feetup Hostels,189322,Albergue,Valencia,1,1,€ 138,2019/08/28,2019/08/29,0,"8,8",30
Soho Valencia,1538641,Apartahotel,Valencia,1,1,€ 139,2019/08/28,2019/08/29,0,"8,9",30
Espaciosa y cómoda vivienda,5342327,NA,Valencia,1,1,€ 238,2019/08/28,2019/08/29,0,,30
17 PLAZA AYUNTAMIENTO-CENTRO 6p.,4093819,Apartamento,Valencia,1,1,€ 239,2019/08/28,2019/08/29,0,,30
SH Valencia Palace,91497,Hotel,Valencia,1,1,€ 140,2019/08/28,2019/08/29,5,"8,5",30
07 PLAZA DEL AYUNTAMIENTO - CENTRO 6personas,4093811,NA,Valencia,1,1,€ 239,2019/08/28,2019/08/29,0,,30
Petit Palace Plaza de la Reina,90443,Hotel,Valencia,1,1,€ 143,2019/08/28,2019/08/29,3,"8,7",30
Apartamento con terraza,5238122,Apartahotel,Valencia,1,1,€ 240,2019/08/28,2019/08/29,0,,30
Tomatina Apartamento - Valencia,3234082,NA,Valencia,1,1,€ 245,2019/08/28,2019/08/29,0,,30
Aloha Apartment Center Valencia,3101443,NA,Valencia,1,1,€ 350,2019/08/28,2019/08/29,0,,30
MD PASEO RUZAFA CENTER,5374850,Apartamento,Valencia,1,1,€ 502,2019/08/28,2019/08/29,0,,30
Governor Residence,3799760,Apartahotel,Valencia,1,1,€ 600,2019/08/28,2019/08/29,0,,30
Gulet Why Not,5199364,Barco,Valencia,1,1,€ 3.600,2019/08/28,2019/08/29,0,,30
