name,propertyId,propertyType,city,rooms,days,price,checkIn,checkOut,stars,score,advance
United Colors of Apartments Boutique Style,5372347,Apartamentos,Valencia,1,1,€ 109,2019/08/05,2019/08/06,0,10,7
Carrer del Bisbe Jaume Pérez,4900140,Habitación en casa particular,Valencia,1,1,€ 60,2019/08/05,2019/08/06,0,"5,8",7
Hostal Antigua Morellana,1273937,Hostal o pensión,Valencia,1,1,€ 80,2019/08/05,2019/08/06,1,"9,5",7
Disfruta - Enjoy Valencia Ayuntamiento,4901194,Apartamento,Valencia,1,1,NA,2019/08/05,2019/08/06,0,10,7
United Colors of Studios - Mercado Central,2574108,Apartamento,Valencia,1,1,€ 89,2019/08/05,2019/08/06,0,"7,9",7
Oliver,4865093,Hostal o pensión,Valencia,1,1,€ 73,2019/08/05,2019/08/06,0,"5,6",7
Colón Market Downtown,4607745,Apartamento,Valencia,1,1,NA,2019/08/05,2019/08/06,0,"9,7",7
Kirei Apartment Berlin,4504570,Apartamentos,Valencia,1,1,€ 115,2019/08/05,2019/08/06,0,"5,6",7
Sweet Hotel Continental,93856,Hotel,Valencia,1,1,€ 99,2019/08/05,2019/08/06,2,"8,3",7
BUBUFLATS / Mercat,783206,NA,Valencia,1,1,€ 130,2019/08/05,2019/08/06,0,"8,9",7
Las Arenas Balneario Resort,91144,Hotel,Valencia,1,1,€ 297,2019/08/05,2019/08/06,5,9,7
Zerka Sendra,4657122,Apartamento,Valencia,1,1,€ 318,2019/08/05,2019/08/06,0,9,7
Olympia Flats,4212801,Habitación en casa particular,Valencia,1,1,€ 40,2019/08/05,2019/08/06,0,"9,7",7
Valencian Dreams,3268804,Apartamento,Valencia,1,1,€ 95,2019/08/05,2019/08/06,0,"9,8",7
Valencian Dreams Lonja,4757385,Apartamento,Valencia,1,1,€ 96,2019/08/05,2019/08/06,0,"9,7",7
Cosy Rooms Tapinería,371192,Hostal o pensión,Valencia,1,1,€ 94,2019/08/05,2019/08/06,2,"7,5",7
RoomTuristValencia Estacion del Norte,4682632,Hostal o pensión,Valencia,1,1,€ 40,2019/08/05,2019/08/06,0,"5,4",7
L'Esplai Valencia Bed & Breakfast,1282556,Bed & breakfast,Valencia,1,1,NA,2019/08/05,2019/08/06,0,"9,6",7
MD Julio Antonio Apartment Center,3961049,Apartamento,Valencia,1,1,€ 385,2019/08/05,2019/08/06,0,"9,2",7
Vincci Lys,91183,Hotel,Valencia,1,1,€ 132,2019/08/05,2019/08/06,4,"8,9",7
Casual de las Artes Valencia,538056,Hotel,Valencia,1,1,€ 99,2019/08/05,2019/08/06,3,"8,4",7
Opera House Valencia B&B,3533887,Hotel,Valencia,1,1,€ 106,2019/08/05,2019/08/06,0,"9,5",7
ÁTICO EN EL CENTRO DE VALENCIA VT-45939-T,4752815,Apartamento,Valencia,1,1,€ 120,2019/08/05,2019/08/06,0,"9,5",7
Barracart Apartments,2125836,Apartamentos,Valencia,1,1,€ 126,2019/08/05,2019/08/06,0,"9,6",7
VALENCIA APARTAMENTO GOYA,4256653,Apartamento,Valencia,1,1,NA,2019/08/05,2019/08/06,0,10,7
Ramirez Flats & Bar,4124528,Apartahotel,Valencia,1,1,€ 135,2019/08/05,2019/08/06,0,"9,5",7
Bubuflats Bubu 3,1014334,Apartamento,Valencia,1,1,€ 135,2019/08/05,2019/08/06,0,"9,6",7
Disfruta - Enjoy Valencia Ruzafa,3890328,Apartamento,Valencia,1,1,€ 149,2019/08/05,2019/08/06,0,"9,7",7
Valencia Sol Sun,2482393,Apartamento,Valencia,1,1,€ 171,2019/08/05,2019/08/06,0,"9,5",7
Disfruta - Enjoy Valencia Centre,3881970,NA,Valencia,1,1,NA,2019/08/05,2019/08/06,0,"9,8",7
Guest House Duc de Gaeta,2275007,Hostal o pensión,Valencia,1,1,€ 48,2019/08/05,2019/08/06,0,5,7
Flats Piera Valencia Center,1490563,NA,Valencia,1,1,NA,2019/08/05,2019/08/06,0,"9,5",7
El Corazon de Canovas,2634817,Apartamento,Valencia,1,1,NA,2019/08/05,2019/08/06,0,"9,7",7
The River Hostel,494202,Albergue,Valencia,1,1,€ 32,2019/08/05,2019/08/06,0,"8,5",7
Habitación privada a 1500 metros de la playa,3789910,Habitación en casa particular,Valencia,1,1,€ 60,2019/08/05,2019/08/06,0,"9,4",7
Guesthouse Plaza de Toros,2985902,Hostal o pensión,Valencia,1,1,€ 48,2019/08/05,2019/08/06,0,5,7
SHF Plaza de la Reina,1682520,NA,Valencia,1,1,€ 95,2019/08/05,2019/08/06,0,"7,7",7
United Colors of Apartments - Catedral,1301545,NA,Valencia,1,1,€ 99,2019/08/05,2019/08/06,0,"8,2",7
Ilunion Aqua 4,92777,Hotel,Valencia,1,1,€ 134,2019/08/05,2019/08/06,4,"8,5",7
RoomTuristValencia RuzafaSumsi,4682802,Hostal o pensión,Valencia,1,1,€ 50,2019/08/05,2019/08/06,0,5,7
Quart Youth Hostel,476418,Albergue,Valencia,1,1,€ 45,2019/08/05,2019/08/06,0,"8,7",7
Art&Flats Bed&Breakfast,5238345,Bed & breakfast,Valencia,1,1,€ 65,2019/08/05,2019/08/06,0,"9,3",7
Expo Hotel Valencia,91223,Hotel,Valencia,1,1,€ 105,2019/08/05,2019/08/06,3,"7,6",7
Guest House Ruzafa,2324552,Hostal o pensión,Valencia,1,1,€ 55,2019/08/05,2019/08/06,0,"5,3",7
El Rincón de Las Artes,2194749,Apartamento,Valencia,1,1,NA,2019/08/05,2019/08/06,0,"9,7",7
Pensión Alicante,298710,Hostal o pensión,Valencia,1,1,€ 57,2019/08/05,2019/08/06,0,"8,5",7
Room Beach Malvarrosa,1343609,Habitación en casa particular,Valencia,1,1,NA,2019/08/05,2019/08/06,0,10,7
Hotel Valencia Center,91285,Hotel,Valencia,1,1,€ 99,2019/08/05,2019/08/06,4,"8,4",7
Barceló Valencia,91988,Hotel,Valencia,1,1,€ 135,2019/08/05,2019/08/06,4,"8,6",7
Checkin Valencia,93743,Hotel,Valencia,1,1,€ 107,2019/08/05,2019/08/06,4,"7,8",7
RoomTuristValencia Torres de Quart,4565643,Hostal o pensión,Valencia,1,1,€ 35,2019/08/05,2019/08/06,0,"4,8",7
Kirei Apartment Atlanta,4304662,Apartamento,Valencia,1,1,€ 208,2019/08/05,2019/08/06,0,"4,5",7
Russafa Youth Hostel,345134,Albergue,Valencia,1,1,€ 59,2019/08/05,2019/08/06,0,"8,6",7
You & Co. Saler Beach boutique,4533007,Hotel,Valencia,1,1,€ 73,2019/08/05,2019/08/06,3,9,7
NH Ciudad de Valencia,90729,Hotel,Valencia,1,1,€ 101,2019/08/05,2019/08/06,3,"8,1",7
City Center Apartments,4426057,NA,Valencia,1,1,€ 108,2019/08/05,2019/08/06,0,"7,7",7
Habitación en valencia centro,5418023,Habitación en casa particular,Valencia,1,1,€ 35,2019/08/05,2019/08/06,0,,7
SH Valencia Palace,91497,Hotel,Valencia,1,1,€ 135,2019/08/05,2019/08/06,5,"8,5",7
Sabía que venias!,3543756,Habitación en casa particular,Valencia,1,1,€ 60,2019/08/05,2019/08/06,0,"8,5",7
PORT VALENCIA PLAYA,5259971,Apartamento,Valencia,1,1,NA,2019/08/05,2019/08/06,0,"9,6",7
OttoH Charm Stay,2459807,Hostal o pensión,Valencia,1,1,€ 79,2019/08/05,2019/08/06,0,"9,3",7
Blanq Comedias,4922002,Hostal o pensión,Valencia,1,1,€ 59,2019/08/05,2019/08/06,0,,7
Apartamentos el Pilar,237104,Apartamento,Valencia,1,1,€ 120,2019/08/05,2019/08/06,0,"7,9",7
Soho Valencia,1538641,Apartahotel,Valencia,1,1,€ 139,2019/08/05,2019/08/06,0,"8,9",7
City Suites Apartments,3091106,Hostal o pensión,Valencia,1,1,€ 102,2019/08/05,2019/08/06,0,"8,4",7
Valencia Suits You Citytel,1106307,Hotel,Valencia,1,1,€ 62,2019/08/05,2019/08/06,2,"8,6",7
vosotros sereis parte de mi familia.,5299568,Habitación en casa particular,Valencia,1,1,€ 60,2019/08/05,2019/08/06,0,,7
Torres Quart,3702234,Apartamento,Valencia,1,1,€ 123,2019/08/05,2019/08/06,0,"7,7",7
Flatsforyou Sorolla House,403442,NA,Valencia,1,1,€ 140,2019/08/05,2019/08/06,0,"8,5",7
Namaste Rooms,3799642,Hostal o pensión,Valencia,1,1,€ 65,2019/08/05,2019/08/06,0,"8,6",7
Hotel Sercotel Acteón Valencia,90495,Hotel,Valencia,1,1,€ 104,2019/08/05,2019/08/06,4,"8,4",7
Host & Home,1663785,Hostal o pensión,Valencia,1,1,€ 79,2019/08/05,2019/08/06,0,9,7
Casita bonita con piscina y jardin,5294677,Bed & breakfast,Valencia,1,1,€ 75,2019/08/05,2019/08/06,0,,7
Apartment Cisneros 2,2361375,Apartamento,Valencia,1,1,NA,2019/08/05,2019/08/06,0,"9,7",7
Central Park Apartment Valencia,3881533,NA,Valencia,1,1,NA,2019/08/05,2019/08/06,0,"9,6",7
Homestay Carrer Sagun,5006434,Habitación en casa particular,Valencia,1,1,€ 65,2019/08/05,2019/08/06,0,"8,7",7
City Garden Bed and Breakfast,2204361,Bed & breakfast,Valencia,1,1,€ 88,2019/08/05,2019/08/06,0,"9,4",7
Silken Puerta Valencia,91182,Hotel,Valencia,1,1,€ 105,2019/08/05,2019/08/06,4,"8,3",7
Comfort Homestay,5423155,Habitación en casa particular,Valencia,1,1,€ 89,2019/08/05,2019/08/06,0,,7
Magnífico Adosado- cerca de Valencia ciudad- en zona de montaña y playa fluvial,5354233,Casa o chalet,Valencia,1,1,€ 89,2019/08/05,2019/08/06,0,,7
Miresa flats 2.1A,5399747,Apartamento,Valencia,1,1,€ 90,2019/08/05,2019/08/06,0,,7
Hotel Valencia Oceanic Managed by Melia Hotels International,91522,Hotel,Valencia,1,1,€ 142,2019/08/05,2019/08/06,4,"8,6",7
El 16 Ruzafa,865461,NA,Valencia,1,1,€ 129,2019/08/05,2019/08/06,0,"7,7",7
Colegio Mayor La Concepción,626558,Albergue,Valencia,1,1,€ 71,2019/08/05,2019/08/06,0,"8,7",7
Carrer de l'Escriptor Rafael Ferreres,4267645,Apartamento,Valencia,1,1,€ 75,2019/08/05,2019/08/06,0,"8,7",7
Live in Chianti,2227491,Bed & breakfast,Valencia,1,1,€ 89,2019/08/05,2019/08/06,0,"9,1",7
Luxury Beach House,3602594,NA,Valencia,1,1,NA,2019/08/05,2019/08/06,0,"9,7",7
Central Park Apartment Valencia,3881533,NA,Valencia,1,1,NA,2019/08/05,2019/08/06,0,"9,6",7
Casual Socarrat Valencia,5142800,Hotel,Valencia,1,1,€ 91,2019/08/05,2019/08/06,3,,7
Kirei Apartment Vienna,4639797,Apartamento,Valencia,1,1,€ 106,2019/08/05,2019/08/06,0,,7
Miresa flats,5300418,Apartamento,Valencia,1,1,€ 125,2019/08/05,2019/08/06,0,,7
Valencia center,3168460,Apartamento,Valencia,1,1,NA,2019/08/05,2019/08/06,0,"9,8",7
Apartment in the Quart Towers II,4947694,Apartamento,Valencia,1,1,€ 135,2019/08/05,2019/08/06,0,,7
Old Town Flats Casa Burguerini,4552106,Apartamentos,Valencia,1,1,€ 137,2019/08/05,2019/08/06,0,,7
Catedral Reina Apartaments,5348651,Apartamentos,Valencia,1,1,€ 140,2019/08/05,2019/08/06,0,,7
Marítim - Serrería Апартаменты,4899808,Apartamento,Valencia,1,1,€ 161,2019/08/05,2019/08/06,0,,7
Valencia Puerto Beach 3BD Apartment,5249773,Apartamento,Valencia,1,1,€ 184,2019/08/05,2019/08/06,0,,7
"Flat ""Ca Alexandre""",3687859,Apartamento,Valencia,1,1,€ 220,2019/08/05,2019/08/06,0,,7
PORT VALENCIA PLAYA,5259971,Apartamento,Valencia,1,1,NA,2019/08/05,2019/08/06,0,"9,6",7
MD Manuela Estellés,5386542,Apartamento,Valencia,1,1,€ 231,2019/08/05,2019/08/06,0,,7
MD POETA ANDRES CABRELLES,5385067,Apartamento,Valencia,1,1,€ 231,2019/08/05,2019/08/06,0,,7
MD Rafael Janini I,5386102,Apartamento,Valencia,1,1,€ 231,2019/08/05,2019/08/06,0,,7
Espaciosa y cómoda vivienda,5342327,Apartamento,Valencia,1,1,€ 238,2019/08/05,2019/08/06,0,,7
07 PLAZA DEL AYUNTAMIENTO - CENTRO 6personas,4093811,Apartamento,Valencia,1,1,€ 239,2019/08/05,2019/08/06,0,,7
Apartamento con terraza,5238122,Apartahotel,Valencia,1,1,€ 240,2019/08/05,2019/08/06,0,,7
Stay at Valencia Downtown,1840715,Apartamento,Valencia,1,1,NA,2019/08/05,2019/08/06,0,"9,5",7
MD PASEO RUZAFA CENTER,5374850,Apartamento,Valencia,1,1,€ 502,2019/08/05,2019/08/06,0,,7
Governor Residence,3799760,Apartahotel,Valencia,1,1,€ 600,2019/08/05,2019/08/06,0,,7
Valencia Luxury Attics Ayuntamiento,337092,Apartamento,Valencia,1,1,€ 145,2019/08/05,2019/08/06,0,"7,5",7
Habitación doble,3599930,Habitación en casa particular,Valencia,1,1,€ 90,2019/08/05,2019/08/06,0,9,7
Loft Superior el Carmen,2784473,Apartamento,Valencia,1,1,NA,2019/08/05,2019/08/06,0,"9,5",7
Hotel Malcom and Barret,483261,Hotel,Valencia,1,1,€ 79,2019/08/05,2019/08/06,3,"8,7",7
Ciudad Ciencias- Lujo- Parking- Wi-Fi.,4999636,Apartamento,Valencia,1,1,NA,2019/08/05,2019/08/06,0,"9,8",7
Gulet Why Not,5199364,Barco,Valencia,1,1,€ 3.600,2019/08/05,2019/08/06,0,,7
ValentiaApartments - MercadoCentral,4185241,Apartamento,Valencia,1,1,€ 142,2019/08/05,2019/08/06,0,"8,7",7
Apartamentos Plaza Picasso,97063,NA,Valencia,1,1,€ 109,2019/08/05,2019/08/06,0,"8,4",7
Valencia Luxury Central Market,1078335,Apartamento,Valencia,1,1,€ 150,2019/08/05,2019/08/06,0,"7,5",7
ABCyou Bed&Breakfast,189207,Bed & breakfast,Valencia,1,1,€ 79,2019/08/05,2019/08/06,0,"8,5",7
Hostal Venecia,92883,Hotel,Valencia,1,1,€ 93,2019/08/05,2019/08/06,2,"9,1",7
Preciosos Apartamentos en el Carmen,2918345,Apartamento,Valencia,1,1,€ 110,2019/08/05,2019/08/06,0,"8,1",7
Home Youth Hostel by Feetup Hostels,189322,Albergue,Valencia,1,1,€ 142,2019/08/05,2019/08/06,0,"8,8",7
El Globo,24498,Hotel,Valencia,1,1,€ 160,2019/08/05,2019/08/06,1,"7,8",7
Casa del Patriarca,364834,Hostal o pensión,Valencia,1,1,€ 81,2019/08/05,2019/08/06,0,"8,9",7
Calle Salado N 4,3464758,Apartamento,Valencia,1,1,€ 111,2019/08/05,2019/08/06,0,"8,3",7
Sorolla Centro,90896,Hotel,Valencia,1,1,€ 99,2019/08/05,2019/08/06,3,"9,1",7
ART & FLATS Pleno Centro Valencia,1554388,NA,Valencia,1,1,€ 174,2019/08/05,2019/08/06,0,"7,9",7
Petit Palace Ruzafa,90792,Hotel,Valencia,1,1,€ 144,2019/08/05,2019/08/06,3,"8,7",7
Hotel Olympia Universidades,1301731,Hotel,Valencia,1,1,€ 114,2019/08/05,2019/08/06,3,"8,4",7
MD Art Apartment Ruzafa,2550955,NA,Valencia,1,1,€ 387,2019/08/05,2019/08/06,0,"7,7",7
Melia Valencia,290493,Hotel,Valencia,1,1,€ 81,2019/08/05,2019/08/06,4,"8,8",7
Pio XII Apartments Valencia,402080,Apartamentos,Valencia,1,1,€ 81,2019/08/05,2019/08/06,0,"8,5",7
Burjassot Mestalla,3058627,Apartamento,Valencia,1,1,€ 85,2019/08/05,2019/08/06,0,"8,7",7
Hospes Palau de La Mar,93823,Hotel,Valencia,1,1,€ 176,2019/08/05,2019/08/06,5,"8,8",7
MD Design Hotel - Portal del Real,2391685,Hotel,Valencia,1,1,€ 103,2019/08/05,2019/08/06,2,"9,1",7
Hotel Medium Valencia,96838,Hotel,Valencia,1,1,€ 117,2019/08/05,2019/08/06,4,"8,2",7
Luxury Beach House,3602594,NA,Valencia,1,1,NA,2019/08/05,2019/08/06,0,"9,7",7
Apartamento Ciudad de las Artes y las Ciencias,4353552,NA,Valencia,1,1,€ 120,2019/08/05,2019/08/06,0,"8,4",7
Jardín Botánico Hotel Boutique,93369,Hotel,Valencia,1,1,€ 85,2019/08/05,2019/08/06,3,"8,9",7
Travel Habitat Port Valencia.,4986124,Apartamentos,Valencia,1,1,NA,2019/08/05,2019/08/06,0,"9,7",7
MD Oliag I Apartment Ruzafa,2867488,NA,Valencia,1,1,€ 513,2019/08/05,2019/08/06,0,"7,7",7
The Westin Valencia,93321,Hotel,Valencia,1,1,€ 193,2019/08/05,2019/08/06,5,"8,7",7
Hotel Valencia Alameda,4019381,Hotel,Valencia,1,1,€ 104,2019/08/05,2019/08/06,4,"9,4",7
Citizentral Juristas,1113127,Apartamentos,Valencia,1,1,€ 120,2019/08/05,2019/08/06,0,"9,2",7
Valenciaflats Centro Ciudad,18544,Apartamentos,Valencia,1,1,€ 125,2019/08/05,2019/08/06,0,"9,1",7
PORT VALENCIA PLAYA,5259971,NA,Valencia,1,1,NA,2019/08/05,2019/08/06,0,"9,6",7
feliz como en casa,3676196,Habitación en casa particular,Valencia,1,1,€ 36,2019/08/05,2019/08/06,0,7,7
Colors Rooms,675839,Hostal o pensión,Valencia,1,1,NA,2019/08/05,2019/08/06,0,"9,5",7
Hotel El Siglo,1741479,Hotel,Valencia,1,1,€ 87,2019/08/05,2019/08/06,3,"8,5",7
Puerta de Serranos,2734333,NA,Valencia,1,1,€ 195,2019/08/05,2019/08/06,0,"8,8",7
Friendly Rentals Puerto Deportivo,2317861,Apartamento,Valencia,1,1,€ 120,2019/08/05,2019/08/06,0,"8,2",7
Ad Hoc Carmen,1173270,Hotel,Valencia,1,1,€ 89,2019/08/05,2019/08/06,2,"8,9",7
Zen House,3671621,Habitación en casa particular,Valencia,1,1,€ 39,2019/08/05,2019/08/06,0,"7,2",7
la casita,4333253,NA,Valencia,1,1,NA,2019/08/05,2019/08/06,0,"9,8",7
MARQUÉS HOUSE 4* SUP,2118880,Hotel,Valencia,1,1,€ 129,2019/08/05,2019/08/06,4,"9,4",7
Atico Ciutat Vella,3446230,NA,Valencia,1,1,€ 125,2019/08/05,2019/08/06,0,"8,4",7
Hostal Residencial RR,450746,Hostal o pensión,Valencia,1,1,€ 50,2019/08/05,2019/08/06,0,7,7
Friendly Rentals Gimenez,1634242,NA,Valencia,1,1,€ 125,2019/08/05,2019/08/06,0,"8,2",7
One Shot Colón 46,1394168,Hotel,Valencia,1,1,€ 89,2019/08/05,2019/08/06,3,"8,7",7
Living Valencia - Olympia House,2215435,Apartamento,Valencia,1,1,€ 206,2019/08/05,2019/08/06,0,"8,7",7
BUBUSUITES by Bubuflats,2389776,Bed & breakfast,Valencia,1,1,€ 130,2019/08/05,2019/08/06,0,"9,3",7
Palacio de Rojas,1073276,Apartamentos,Valencia,1,1,€ 138,2019/08/05,2019/08/06,0,"9,4",7
Hi Valencia Cánovas,4312120,Apartamentos,Valencia,1,1,€ 140,2019/08/05,2019/08/06,0,9,7
Live in Chianti Apartaments,2882632,Apartamentos,Valencia,1,1,€ 143,2019/08/05,2019/08/06,0,"9,1",7
Ruzafa Rooms,2891693,Hostal o pensión,Valencia,1,1,€ 60,2019/08/05,2019/08/06,0,7,7
B&B Hi Valencia Boutique,1301725,Bed & breakfast,Valencia,1,1,€ 89,2019/08/05,2019/08/06,0,"8,7",7
Hotel San Lorenzo Boutique,1307718,Hotel,Valencia,1,1,€ 207,2019/08/05,2019/08/06,3,"8,6",7
Primus Valencia,331871,Hotel,Valencia,1,1,€ 127,2019/08/05,2019/08/06,4,"8,3",7
La Flamenca,818359,Hostal o pensión,Valencia,1,1,€ 65,2019/08/05,2019/08/06,0,"7,3",7
NH Collection Colón Valencia,3828811,Hotel,Valencia,1,1,€ 144,2019/08/05,2019/08/06,4,"9,2",7
PORT VALENCIA PLAYA,5259971,Apartamento,Valencia,1,1,NA,2019/08/05,2019/08/06,0,"9,6",7
Mon Suites San Nicolas,4117225,Apartamentos,Valencia,1,1,€ 145,2019/08/05,2019/08/06,0,"9,2",7
Apartamentos Wallace,1698355,Apartamentos,Valencia,1,1,€ 145,2019/08/05,2019/08/06,0,"9,2",7
MYR Hotel Plaza Mercado & Spa,1619029,Apartahotel,Valencia,1,1,€ 149,2019/08/05,2019/08/06,0,"9,2",7
Mon Suites Catedral,485679,Apartamentos,Valencia,1,1,€ 150,2019/08/05,2019/08/06,0,"9,2",7
YourPlace apartments Mercado Central,2933554,Apartamentos,Valencia,1,1,€ 150,2019/08/05,2019/08/06,0,9,7
HQ Rooms Apartments San Vicente,2894429,Apartamentos,Valencia,1,1,€ 155,2019/08/05,2019/08/06,0,"9,3",7
Valenciaflats Ciudad de las Ciencias,93676,Apartamentos,Valencia,1,1,€ 155,2019/08/05,2019/08/06,0,"9,1",7
Apartments Abate 4,2848648,Apartamentos,Valencia,1,1,€ 159,2019/08/05,2019/08/06,0,9,7
Hotel Kramer,91106,Hotel,Valencia,1,1,€ 95,2019/08/05,2019/08/06,3,"8,8",7
Apartamento en la Ciudad de las Artes y las Ciencias,3552283,Apartamento,Valencia,1,1,NA,2019/08/05,2019/08/06,0,"9,5",7
One Shot Mercat 09,2274203,Hotel,Valencia,1,1,€ 159,2019/08/05,2019/08/06,4,"9,2",7
Hogar Vera Apartments&Bikes,1807919,Apartamentos,Valencia,1,1,€ 165,2019/08/05,2019/08/06,0,"9,4",7
Valencia Luxury Mercado de Colón,2960845,Apartamentos,Valencia,1,1,€ 170,2019/08/05,2019/08/06,0,9,7
WeRentVLC Charming Ruzafa,2839319,Apartamento,Valencia,1,1,€ 174,2019/08/05,2019/08/06,0,"9,2",7
Zerka Centro,4425975,NA,Valencia,1,1,€ 208,2019/08/05,2019/08/06,0,"8,5",7
Hotel Conqueridor,91047,Hotel,Valencia,1,1,€ 130,2019/08/05,2019/08/06,4,"8,4",7
Homestay & OLEE,4132920,Habitación en casa particular,Valencia,1,1,€ 70,2019/08/05,2019/08/06,0,"7,4",7
Sercotel Sorolla Palace,93646,Hotel,Valencia,1,1,€ 95,2019/08/05,2019/08/06,4,"8,6",7
Apartments Welcome to Valencia Peset Aleixandre 69,4964856,Apartamento,Valencia,1,1,NA,2019/08/05,2019/08/06,0,"9,7",7
Flatsforyou Ruzafa,3342696,Apartamentos,Valencia,1,1,€ 101,2019/08/05,2019/08/06,0,"8,8",7
Citizentral Gascons,332095,Apartamentos,Valencia,1,1,€ 101,2019/08/05,2019/08/06,0,"8,7",7
Petit Palace Plaza de la Reina,90443,Hotel,Valencia,1,1,€ 218,2019/08/05,2019/08/06,3,"8,7",7
Valenciaflats Torres de Serrano,17468,Apartamento,Valencia,1,1,€ 130,2019/08/05,2019/08/06,0,"8,3",7
Cosy Rooms Embajador,369728,Hostal o pensión,Valencia,1,1,€ 74,2019/08/05,2019/08/06,2,"7,4",7
Vincci Mercat,1279484,Hotel,Valencia,1,1,€ 180,2019/08/05,2019/08/06,4,9,7
Edificio Pentagono,4673669,Apartamento,Valencia,1,1,€ 185,2019/08/05,2019/08/06,0,"9,1",7
Ad Hoc Monumental,90719,Hotel,Valencia,1,1,€ 104,2019/08/05,2019/08/06,3,"8,6",7
Travel Habitat Port Valencia.,4986124,Apartamento,Valencia,1,1,NA,2019/08/05,2019/08/06,0,"9,7",7
Centro Valencia Calle Cerrajeros,3476261,Bed & breakfast,Valencia,1,1,€ 75,2019/08/05,2019/08/06,0,7,7
SingularStays Parque Central,3054000,Apartamento,Valencia,1,1,€ 282,2019/08/05,2019/08/06,0,"8,8",7
Hotel Boutique Balandret,1281710,Hotel,Valencia,1,1,€ 190,2019/08/05,2019/08/06,3,"9,2",7
Lovely Apartment!,3377663,NA,Valencia,1,1,€ 132,2019/08/05,2019/08/06,0,"8,4",7
Habitaciones en el corazón de Valencia,4138765,Habitación en casa particular,Valencia,1,1,€ 40,2019/08/05,2019/08/06,0,"8,3",7
Melia Plaza Valencia,13270,Hotel,Valencia,1,1,€ 105,2019/08/05,2019/08/06,4,"8,9",7
Cosy Rooms Bolsería,371606,Hostal o pensión,Valencia,1,1,€ 78,2019/08/05,2019/08/06,2,"7,4",7
Valenciaflats Centro Histórico,94781,Apartamentos,Valencia,1,1,€ 105,2019/08/05,2019/08/06,0,"8,7",7
Caro Hotel,348132,Hotel,Valencia,1,1,€ 219,2019/08/05,2019/08/06,5,"9,2",7
Mon Suites San Martin,2777545,Apartamentos,Valencia,1,1,€ 220,2019/08/05,2019/08/06,0,"9,4",7
Sunrise Apartments,640409,Apartamentos,Valencia,1,1,€ 238,2019/08/05,2019/08/06,0,9,7
NWT Central Station Apartments,3964093,NA,Valencia,1,1,€ 139,2019/08/05,2019/08/06,0,"8,4",7
RUZAFA- CENTRO-A/C- WI-FI- PARKING,2885994,Apartamento,Valencia,1,1,NA,2019/08/05,2019/08/06,0,"9,7",7
Central Station Valencia Hostel,1647017,Albergue,Valencia,1,1,€ 79,2019/08/05,2019/08/06,0,"7,1",7
Vincci Palace,94163,Hotel,Valencia,1,1,€ 105,2019/08/05,2019/08/06,4,"8,6",7
ApartUP Rojas Market,4887857,Apartamento,Valencia,1,1,NA,2019/08/05,2019/08/06,0,"9,7",7
Hotel Miramar,23332,Hotel,Valencia,1,1,€ 141,2019/08/05,2019/08/06,2,"8,4",7
Hostal Abastos,257057,Hostal o pensión,Valencia,1,1,€ 50,2019/08/05,2019/08/06,2,"8,2",7
HOSTAL BED OF THE SEA,3974636,Hostal o pensión,Valencia,1,1,€ 82,2019/08/05,2019/08/06,0,7,7
Casual del Cine Valencia,572187,Hotel,Valencia,1,1,€ 105,2019/08/05,2019/08/06,2,"8,6",7
Holiday Inn Express Ciudad de las Ciencias,96737,Hotel,Valencia,1,1,€ 149,2019/08/05,2019/08/06,3,8,7
Apartamento luminoso y acogedor,3489126,Apartamento,Valencia,1,1,NA,2019/08/05,2019/08/06,0,"9,6",7
Red Nest Hostel,92283,Albergue,Valencia,1,1,€ 50,2019/08/05,2019/08/06,0,"8,2",7
AC Hotel Colon Valencia- a Marriott Lifestyle Hotel,1117150,Hotel,Valencia,1,1,€ 106,2019/08/05,2019/08/06,4,"8,6",7
Apartment Sun & Light near the beach,4479540,NA,Valencia,1,1,€ 156,2019/08/05,2019/08/06,0,"8,3",7
Valencia Apartments,4367788,Apartamento,Valencia,1,1,€ 96,2019/08/05,2019/08/06,0,"7,2",7
HABITACIÓN PRIVADA EN RUZAFA,4948581,Habitación en casa particular,Valencia,1,1,€ 51,2019/08/05,2019/08/06,0,"8,1",7
Blanq Carmen Hotel,97069,Hotel,Valencia,1,1,€ 108,2019/08/05,2019/08/06,3,"8,7",7
Suites by Eric Olsan (Florista),4726450,Apartamentos,Valencia,1,1,€ 108,2019/08/05,2019/08/06,0,"8,6",7
Living Valencia -Correos,3062274,Apartamento,Valencia,1,1,€ 160,2019/08/05,2019/08/06,0,"8,4",7
SHF Sevilla Loft,850157,NA,Valencia,1,1,€ 100,2019/08/05,2019/08/06,0,"7,4",7
Pension MonaLisa Luxury Suites,3834224,Bed & breakfast,Valencia,1,1,€ 60,2019/08/05,2019/08/06,0,"8,2",7
AC Hotel Valencia- a Marriott Lifestyle Hotel,91063,Hotel,Valencia,1,1,€ 108,2019/08/05,2019/08/06,4,"8,6",7
Perla Apartments,3146781,Apartamentos,Valencia,1,1,€ 108,2019/08/05,2019/08/06,0,"8,8",7
Apartments Welcome to Valencia Peset Aleixandre 69,4964856,NA,Valencia,1,1,NA,2019/08/05,2019/08/06,0,"9,7",7
NWT Monserrat,3728842,Apartamento,Valencia,1,1,€ 109,2019/08/05,2019/08/06,0,"7,1",7
B&B Hi Valencia Canovas,305349,Bed & breakfast,Valencia,1,1,€ 61,2019/08/05,2019/08/06,0,"8,4",7
Casual Vintage Valencia,1710241,Hotel,Valencia,1,1,€ 108,2019/08/05,2019/08/06,2,"8,5",7
LaikaHome,3867990,Habitación en casa particular,Valencia,1,1,€ 135,2019/08/05,2019/08/06,0,7,7
Hotel Neptuno,91206,Hotel,Valencia,1,1,€ 162,2019/08/05,2019/08/06,4,"8,4",7
Residencia Universitaria Damia Bonet,247451,Residencia de estudiantes,Valencia,1,1,€ 64,2019/08/05,2019/08/06,0,"8,3",7
Hotel Dimar,90886,Hotel,Valencia,1,1,€ 108,2019/08/05,2019/08/06,4,"8,7",7
Suites by Eric Olsan (L),4287413,Apartamento,Valencia,1,1,€ 140,2019/08/05,2019/08/06,0,"7,4",7
MUVIM CENTRUM,4756065,NA,Valencia,1,1,NA,2019/08/05,2019/08/06,0,"9,7",7
Vlc Apartaments el Carmen,389902,NA,Valencia,1,1,€ 220,2019/08/05,2019/08/06,0,"8,2",7
Rooms Ciencias,94126,Hostal o pensión,Valencia,1,1,€ 110,2019/08/05,2019/08/06,0,"8,9",7
Valencia Luxury Catedral,440778,Apartamento,Valencia,1,1,€ 150,2019/08/05,2019/08/06,0,"7,1",7
Musico Peydro Apartments,3765069,NA,Valencia,1,1,€ 236,2019/08/05,2019/08/06,0,"8,2",7
Aparthotel Valencia Rental,17344,Apartahotel,Valencia,1,1,€ 69,2019/08/05,2019/08/06,0,8,7
Lotelito,570027,Hostal o pensión,Valencia,1,1,€ 110,2019/08/05,2019/08/06,0,"8,9",7
Les flors,3985046,Apartamento,Valencia,1,1,€ 111,2019/08/05,2019/08/06,0,"8,9",7
València Centre Torres de Quart,886289,Apartamentos,Valencia,1,1,€ 113,2019/08/05,2019/08/06,0,"8,9",7
Valenciaflats Mercado Central,307677,Apartamentos,Valencia,1,1,€ 115,2019/08/05,2019/08/06,0,"8,9",7
Flatsforyou Port,733673,Apartamentos,Valencia,1,1,€ 120,2019/08/05,2019/08/06,0,"8,5",7
Cool Central Market,3424724,NA,Valencia,1,1,NA,2019/08/05,2019/08/06,0,"9,9",7
La Paz Apartment,1687820,NA,Valencia,1,1,€ 250,2019/08/05,2019/08/06,0,8,7
Urban Youth Hostel,1163025,Albergue,Valencia,1,1,€ 70,2019/08/05,2019/08/06,0,"8,4",7
Valencia Luxury Town Hall,866934,Apartamento,Valencia,1,1,€ 160,2019/08/05,2019/08/06,0,7,7
Vincci Lys,91183,Hotel,Valencia,1,1,€ 120,2019/08/05,2019/08/06,4,"8,9",7
MD Sueca. Apartment with Terrace Ruzafa,2551179,Apartamento,Valencia,1,1,€ 513,2019/08/05,2019/08/06,0,"8,1",7
Nanit Valencia Hostel,3913497,Hostal o pensión,Valencia,1,1,€ 70,2019/08/05,2019/08/06,0,"8,3",7
Alquiler Habitacion Centro De Valencia,3977106,Habitación en casa particular,Valencia,1,1,€ 72,2019/08/05,2019/08/06,0,"8,1",7
Valencia Boutique Ayuntamiento,343355,NA,Valencia,1,1,€ 160,2019/08/05,2019/08/06,0,"7,2",7
Zenit Valencia,92327,Hotel,Valencia,1,1,€ 122,2019/08/05,2019/08/06,4,"8,8",7
Pensión Universal,304276,Hostal o pensión,Valencia,1,1,€ 32,2019/08/05,2019/08/06,0,"7,9",7
ApartUP Rojas Market,4887857,Apartamento,Valencia,1,1,NA,2019/08/05,2019/08/06,0,"9,7",7
Palacios Rooms,2773548,Hostal o pensión,Valencia,1,1,€ 74,2019/08/05,2019/08/06,0,"8,3",7
Best Valencia Beach Flat,3246772,NA,Valencia,1,1,€ 179,2019/08/05,2019/08/06,0,"7,1",7
Hotel Mediterraneo Valencia,92412,Hotel,Valencia,1,1,€ 124,2019/08/05,2019/08/06,3,"8,8",7
Center Valencia Youth Hostel,246931,Albergue,Valencia,1,1,€ 17,2019/08/05,2019/08/06,0,"7,9",7
One Shot Palacio Reina Victoria 04,90885,Hotel,Valencia,1,1,€ 129,2019/08/05,2019/08/06,4,"8,6",7
Tryp Valencia Feria,92852,Hotel,Valencia,1,1,€ 77,2019/08/05,2019/08/06,4,"8,3",7
Valencia Luxury Group Apartments,1648016,NA,Valencia,1,1,€ 180,2019/08/05,2019/08/06,0,"7,3",7
UP Hostel Valencia,1710137,Albergue,Valencia,1,1,€ 40,2019/08/05,2019/08/06,0,"7,8",7
Apartments Welcome to Valencia Peset Aleixandre 69,4964856,NA,Valencia,1,1,NA,2019/08/05,2019/08/06,0,"9,7",7
Valencia Luxury La Paz,1107542,NA,Valencia,1,1,€ 217,2019/08/05,2019/08/06,0,"7,2",7
Adrian's House,2271869,Bed & breakfast,Valencia,1,1,€ 40,2019/08/05,2019/08/06,0,"7,8",7
Habitación Despuig,4901343,Tented camp,Valencia,1,1,€ 26,2019/08/05,2019/08/06,0,"6,5",7
Balcón Al Mar,295109,Hostal o pensión,Valencia,1,1,€ 79,2019/08/05,2019/08/06,0,"8,4",7
Albergue Juvenil Colegio Mayor Galileo Galilei,253103,Albergue,Valencia,1,1,€ 44,2019/08/05,2019/08/06,0,"7,9",7
Loyola Room Habitación en Piso Compartido,3298489,Habitación en casa particular,Valencia,1,1,€ 37,2019/08/05,2019/08/06,0,"6,7",7
Hostal Moratin,326015,Hostal o pensión,Valencia,1,1,€ 48,2019/08/05,2019/08/06,1,"7,9",7
MD Modern Hotel - Jardines,305447,Hotel,Valencia,1,1,€ 81,2019/08/05,2019/08/06,1,"8,2",7
Premium Apartments,486507,NA,Valencia,1,1,€ 104,2019/08/05,2019/08/06,0,"6,9",7
Voyagers Inn Homestay,2682156,Habitación en casa particular,Valencia,1,1,€ 48,2019/08/05,2019/08/06,0,"7,8",7
Purple Nest Hostel,25278,Albergue,Valencia,1,1,€ 83,2019/08/05,2019/08/06,0,8,7
Friendly Rentals Messiaen,1634249,Apartamento,Valencia,1,1,€ 120,2019/08/05,2019/08/06,0,"6,5",7
Hospederia del Pilar,327766,Hostal o pensión,Valencia,1,1,€ 54,2019/08/05,2019/08/06,0,"7,9",7
Valencia Boutique Ayuntamiento II,387852,Apartamento,Valencia,1,1,€ 160,2019/08/05,2019/08/06,0,"6,8",7
Valencia Boutique Plaza de la Reina,1541067,NA,Valencia,1,1,€ 85,2019/08/05,2019/08/06,0,8,7
Como en casa,4802186,Habitación en casa particular,Valencia,1,1,€ 54,2019/08/05,2019/08/06,0,"7,8",7
Valencia Boutique Mercado Central,440757,NA,Valencia,1,1,€ 170,2019/08/05,2019/08/06,0,"6,6",7
Happy Apartments Valencia – Lope de Vega,575582,Apartamento,Valencia,1,1,€ 89,2019/08/05,2019/08/06,0,"8,1",7
Valencia City Host,1177077,Hostal o pensión,Valencia,1,1,€ 55,2019/08/05,2019/08/06,0,"7,9",7
Las casitas de la playa,3177809,NA,Valencia,1,1,€ 198,2019/08/05,2019/08/06,0,"6,9",7
Ilunion Valencia 4,754329,Hotel,Valencia,1,1,€ 89,2019/08/05,2019/08/06,4,8,7
Hostal Bisbal,235665,Hostal o pensión,Valencia,1,1,€ 60,2019/08/05,2019/08/06,1,"7,5",7
Malvarrosa Beach,3546692,NA,Valencia,1,1,€ 1.260,2019/08/05,2019/08/06,0,"6,9",7
Reina 12,1684198,Hostal o pensión,Valencia,1,1,€ 90,2019/08/05,2019/08/06,0,"8,3",7
Fun and Sun Center 2,2944416,Hostal o pensión,Valencia,1,1,€ 45,2019/08/05,2019/08/06,0,"6,2",7
Hotel Beleret,94652,Hotel,Valencia,1,1,€ 60,2019/08/05,2019/08/06,3,"7,6",7
Apartamento Gutenberg,1327120,Apartamento,Valencia,1,1,€ 90,2019/08/05,2019/08/06,0,"8,1",7
Valencia Lounge Hostel,337203,Hostal o pensión,Valencia,1,1,€ 65,2019/08/05,2019/08/06,0,"7,8",7
RoomTuristValencia - Ruzafa,4608394,Hostal o pensión,Valencia,1,1,€ 35,2019/08/05,2019/08/06,0,"5,9",7
L'Otelet By Sweet,1467935,Hostal o pensión,Valencia,1,1,€ 90,2019/08/05,2019/08/06,0,"8,3",7
Ruzafa Guesthouse,2269176,Hostal o pensión,Valencia,1,1,€ 40,2019/08/05,2019/08/06,0,"5,6",7
OYO Pensión El Rincón,476031,Hostal o pensión,Valencia,1,1,€ 69,2019/08/05,2019/08/06,1,"7,7",7
Guest House Torres de Quart,2275006,Hostal o pensión,Valencia,1,1,€ 50,2019/08/05,2019/08/06,0,"5,5",7
B&B Hotel Valencia Ciudad de las Ciencias,92242,Hotel,Valencia,1,1,€ 71,2019/08/05,2019/08/06,3,"7,5",7
NH Valencia Las Ciencias,90725,Hotel,Valencia,1,1,€ 91,2019/08/05,2019/08/06,3,8,7
Carrer del Bisbe Jaume Pérez,4900140,Habitación en casa particular,Valencia,1,1,€ 60,2019/08/05,2019/08/06,0,"5,8",7
Jero Rooms,296743,Hostal o pensión,Valencia,1,1,€ 73,2019/08/05,2019/08/06,0,"7,7",7
Ilunion Aqua 3,92776,Hotel,Valencia,1,1,€ 94,2019/08/05,2019/08/06,3,"8,3",7
Hotel Turia,14441,Hotel,Valencia,1,1,€ 75,2019/08/05,2019/08/06,4,"7,5",7
Sweet Hotel Renasa,274818,Hotel,Valencia,1,1,€ 94,2019/08/05,2019/08/06,3,8,7
Happy Apartments Valencia,456043,NA,Valencia,1,1,€ 94,2019/08/05,2019/08/06,0,"8,2",7
Ilunion Valencia 3,92818,Hotel,Valencia,1,1,€ 85,2019/08/05,2019/08/06,3,"7,9",7
Eurostars Gran Valencia,90484,Hotel,Valencia,1,1,€ 95,2019/08/05,2019/08/06,4,"8,3",7
SEA YOU HOTEL PORT VALENCIA,92328,Hotel,Valencia,1,1,€ 88,2019/08/05,2019/08/06,4,"7,6",7
NH Valencia Las Artes,90731,Hotel,Valencia,1,1,€ 95,2019/08/05,2019/08/06,4,"8,3",7
NH Valencia Center,90727,Hotel,Valencia,1,1,€ 95,2019/08/05,2019/08/06,4,"8,3",7
Senator Parque Central Hotel,274963,Hotel,Valencia,1,1,€ 97,2019/08/05,2019/08/06,4,"8,1",7
Eurostars Rey Don Jaime,91520,Hotel,Valencia,1,1,€ 98,2019/08/05,2019/08/06,4,"8,2",7
