name,propertyId,propertyType,city,rooms,days,price,checkIn,checkOut,stars,score,advance
Miresa flats 2.1A,5399747,Apartamento,Valencia,1,1,€ 90,2019/08/11,2019/08/12,0,,14
Kirei Apartment Dublin,4639542,Apartamento,Valencia,1,1,€ 103,2019/08/11,2019/08/12,0,,14
la casita,4333253,Apartamento,Valencia,1,1,NA,2019/08/11,2019/08/12,0,"9,8",14
Comfort Homestay,5423155,Hotel,Valencia,1,1,€ 105,2019/08/11,2019/08/12,0,,14
Loft Turia Gran,5133726,Apartamento,Valencia,1,1,€ 113,2019/08/11,2019/08/12,0,,14
CATHEDRAL MODERN 2BR- 1BA- WIFI- A\C- BALCONY,5263725,Apartamento,Valencia,1,1,€ 149,2019/08/11,2019/08/12,0,,14
Old Town Flats Casa Burguerini,4552106,Apartamentos,Valencia,1,1,€ 150,2019/08/11,2019/08/12,0,,14
PLENO CENTRO (P24),4093891,Apartamento,Valencia,1,1,€ 209,2019/08/11,2019/08/12,0,,14
Valencia Puerto Beach 3BD Apartment,5249773,Apartamento,Valencia,1,1,€ 211,2019/08/11,2019/08/12,0,,14
Apartamento Frederick “Centrico y con Clase”,4236394,Apartamento,Valencia,1,1,NA,2019/08/11,2019/08/12,0,"9,8",14
"Flat ""Ca Alexandre""",3687859,Apartamento,Valencia,1,1,€ 220,2019/08/11,2019/08/12,0,,14
MD POETA ANDRES CABRELLES,5385067,Apartamento,Valencia,1,1,€ 231,2019/08/11,2019/08/12,0,,14
Espaciosa y cómoda vivienda,5342327,Apartamento,Valencia,1,1,€ 238,2019/08/11,2019/08/12,0,,14
17 PLAZA AYUNTAMIENTO-CENTRO 6p.,4093819,Apartamento,Valencia,1,1,€ 239,2019/08/11,2019/08/12,0,,14
Apartamento con terraza,5238122,Apartahotel,Valencia,1,1,€ 240,2019/08/11,2019/08/12,0,,14
MD PASEO RUZAFA CENTER,5374850,Apartamento,Valencia,1,1,€ 502,2019/08/11,2019/08/12,0,,14
Disfruta - Enjoy Valencia Centre,3881970,Apartamento,Valencia,1,1,NA,2019/08/11,2019/08/12,0,"9,8",14
Governor Residence,3799760,Apartahotel,Valencia,1,1,€ 600,2019/08/11,2019/08/12,0,,14
Gulet Why Not,5199364,Hotel,Valencia,1,1,€ 3.600,2019/08/11,2019/08/12,0,,14
Flats Hondures,2194645,Hotel,Valencia,1,1,€ 184,2019/08/11,2019/08/12,0,"9,1",14
Duplex en Blasco Ibáñez,3672426,Hotel,Valencia,1,1,€ 185,2019/08/11,2019/08/12,0,"9,1",14
Oceanografic Apartment,4903549,Hotel,Valencia,1,1,NA,2019/08/11,2019/08/12,0,"9,5",14
Palau de Palomar,471283,Hotel,Valencia,1,1,€ 195,2019/08/11,2019/08/12,0,"9,1",14
Vincci Mercat,1279484,Hotel,Valencia,1,1,€ 198,2019/08/11,2019/08/12,4,9,14
Hotel Boutique Balandret,1281710,Hotel,Valencia,1,1,€ 219,2019/08/11,2019/08/12,3,"9,2",14
Caro Hotel,348132,Hotel,Valencia,1,1,€ 229,2019/08/11,2019/08/12,5,"9,2",14
Zerka Sendra,4657122,Hotel,Valencia,1,1,€ 318,2019/08/11,2019/08/12,0,9,14
Quart Youth Hostel,476418,Hotel,Valencia,1,1,€ 16,2019/08/11,2019/08/12,0,"8,7",14
Classic Flat Valencia,4245614,Hotel,Valencia,1,1,NA,2019/08/11,2019/08/12,0,"9,5",14
The River Hostel,494202,Hotel,Valencia,1,1,€ 17,2019/08/11,2019/08/12,0,"8,5",14
7 Moons Bed & Breakfast,464187,Hotel,Valencia,1,1,€ 59,2019/08/11,2019/08/12,0,"8,5",14
Break Room,5030926,Hotel,Valencia,1,1,€ 60,2019/08/11,2019/08/12,0,"8,8",14
Colegio Mayor La Concepción,626558,Hotel,Valencia,1,1,€ 60,2019/08/11,2019/08/12,0,"8,7",14
Sabía que venias!,3543756,Hotel,Valencia,1,1,€ 65,2019/08/11,2019/08/12,0,"8,5",14
Namaste Rooms,3799642,Hotel,Valencia,1,1,€ 70,2019/08/11,2019/08/12,0,"8,7",14
Apartamento Ciencias y Justicia,3825841,Hotel,Valencia,1,1,NA,2019/08/11,2019/08/12,0,"9,5",14
Homestay Carrer Sagun,5006434,Hotel,Valencia,1,1,€ 75,2019/08/11,2019/08/12,0,"8,6",14
Carrer de l'Escriptor Rafael Ferreres,4267645,Hotel,Valencia,1,1,€ 75,2019/08/11,2019/08/12,0,"8,7",14
Hotel Malcom and Barret,483261,Hotel,Valencia,1,1,€ 77,2019/08/11,2019/08/12,3,"8,7",14
Hotel Kramer,91106,Hotel,Valencia,1,1,€ 77,2019/08/11,2019/08/12,3,"8,8",14
Pensión Alicante,298710,Hotel,Valencia,1,1,€ 77,2019/08/11,2019/08/12,0,"8,5",14
Sercotel Sorolla Palace,93646,Hotel,Valencia,1,1,€ 77,2019/08/11,2019/08/12,4,"8,6",14
Apartamento en la Ciudad de las Artes y las Ciencias,3552283,Hotel,Valencia,1,1,NA,2019/08/11,2019/08/12,0,"9,5",14
Melia Valencia,290493,Hotel,Valencia,1,1,€ 77,2019/08/11,2019/08/12,4,"8,8",14
Valencia Suits You Citytel,1106307,Hotel,Valencia,1,1,€ 77,2019/08/11,2019/08/12,2,"8,6",14
Balcón Al Mar,295109,Hotel,Valencia,1,1,€ 79,2019/08/11,2019/08/12,0,"8,5",14
Buho House,3777691,Hotel,Valencia,1,1,€ 79,2019/08/11,2019/08/12,0,"8,5",14
Zalamera BnB,1331238,Hotel,Valencia,1,1,€ 80,2019/08/11,2019/08/12,0,"8,7",14
Valencia maritimo,3020748,Hotel,Valencia,1,1,€ 80,2019/08/11,2019/08/12,0,"8,8",14
Nowy apartament 3min od plaż- 3 sypialnie- balkon,3418661,Hotel,Valencia,1,1,NA,2019/08/11,2019/08/12,0,"9,5",14
Casa del Patriarca,364834,Hotel,Valencia,1,1,€ 81,2019/08/11,2019/08/12,0,"8,9",14
Hotel San Lorenzo Boutique,1307718,Hotel,Valencia,1,1,€ 81,2019/08/11,2019/08/12,3,"8,6",14
Jardín Botánico Hotel Boutique,93369,Hotel,Valencia,1,1,€ 84,2019/08/11,2019/08/12,3,"8,9",14
València Centre Torres de Quart,886289,Hotel,Valencia,1,1,€ 85,2019/08/11,2019/08/12,0,"8,9",14
Home Youth Hostel by Feetup Hostels,189322,Hotel,Valencia,1,1,€ 85,2019/08/11,2019/08/12,0,"8,8",14
Rooms Ciencias,94126,Hotel,Valencia,1,1,€ 86,2019/08/11,2019/08/12,0,"8,9",14
Apartamento centro frente a Torres de Serrano,3408067,Hotel,Valencia,1,1,NA,2019/08/11,2019/08/12,0,"9,5",14
Ad Hoc Carmen,1173270,Hotel,Valencia,1,1,€ 89,2019/08/11,2019/08/12,2,"8,9",14
One Shot Colón 46,1394168,Hotel,Valencia,1,1,€ 89,2019/08/11,2019/08/12,3,"8,7",14
AC Hotel Valencia- a Marriott Lifestyle Hotel,91063,Hotel,Valencia,1,1,€ 89,2019/08/11,2019/08/12,4,"8,6",14
UNIK. Apartments Valencia,2241282,Hotel,Valencia,1,1,€ 90,2019/08/11,2019/08/12,0,"8,5",14
Lotelito,570027,Hotel,Valencia,1,1,€ 91,2019/08/11,2019/08/12,0,"8,9",14
Zenit Valencia,92327,Hotel,Valencia,1,1,€ 93,2019/08/11,2019/08/12,4,"8,8",14
Soho Valencia,1538641,Hotel,Valencia,1,1,€ 94,2019/08/11,2019/08/12,0,"8,9",14
Petit Palace Ruzafa,90792,Hotel,Valencia,1,1,€ 98,2019/08/11,2019/08/12,3,"8,7",14
Hotel Dimar,90886,Hotel,Valencia,1,1,€ 99,2019/08/11,2019/08/12,4,"8,7",14
Pio XII Apartments Valencia,402080,Hotel,Valencia,1,1,€ 99,2019/08/11,2019/08/12,0,"8,5",14
Ilunion Aqua 4,92777,Hotel,Valencia,1,1,€ 101,2019/08/11,2019/08/12,4,"8,5",14
Welcomer Apartments Valencia,19363,Hotel,Valencia,1,1,€ 102,2019/08/11,2019/08/12,0,"8,6",14
Barceló Valencia,91988,Hotel,Valencia,1,1,€ 104,2019/08/11,2019/08/12,4,"8,6",14
Casual del Cine Valencia,572187,Hotel,Valencia,1,1,€ 104,2019/08/11,2019/08/12,2,"8,6",14
Boutique Creative Rooms,2334726,Hotel,Valencia,1,1,€ 104,2019/08/11,2019/08/12,0,"8,7",14
Melia Plaza Valencia,13270,Hotel,Valencia,1,1,€ 105,2019/08/11,2019/08/12,4,"8,9",14
Apartamento Jesus De Medinaceli,1728697,Hotel,Valencia,1,1,€ 105,2019/08/11,2019/08/12,0,"8,5",14
AC Hotel Colon Valencia- a Marriott Lifestyle Hotel,1117150,Hotel,Valencia,1,1,€ 106,2019/08/11,2019/08/12,4,"8,6",14
Cosy Rooms Bolsería,371606,Hotel,Valencia,1,1,€ 70,2019/08/11,2019/08/12,2,"7,4",14
Casual de la Música Valencia,273130,Hotel,Valencia,1,1,€ 72,2019/08/11,2019/08/12,2,"7,4",14
Apartamento Forn dels Apòstols,3122008,Apartamento,Valencia,1,1,NA,2019/08/11,2019/08/12,0,"9,7",14
Apartamento Nou Lodging,2837298,Apartamento,Valencia,1,1,€ 72,2019/08/11,2019/08/12,0,"7,1",14
Centro Valencia Calle Cerrajeros,3476261,Hotel,Valencia,1,1,€ 75,2019/08/11,2019/08/12,0,7,14
Central Station Valencia Hostel,1647017,Hotel,Valencia,1,1,€ 79,2019/08/11,2019/08/12,0,"7,1",14
Homestay & OLEE,4132920,Hotel,Valencia,1,1,€ 80,2019/08/11,2019/08/12,0,"7,4",14
HOSTAL BED OF THE SEA,3974636,Hotel,Valencia,1,1,€ 82,2019/08/11,2019/08/12,0,7,14
Valencia Apartments,4367788,Apartamentos,Valencia,1,1,€ 96,2019/08/11,2019/08/12,0,"7,1",14
Stay at Valencia Downtown,1840715,Apartamento,Valencia,1,1,NA,2019/08/11,2019/08/12,0,"9,5",14
Suites by Eric Olsan (L),4287413,Apartamentos,Valencia,1,1,€ 111,2019/08/11,2019/08/12,0,"7,4",14
B&B El Mercat,2203530,Hotel,Valencia,1,1,€ 120,2019/08/11,2019/08/12,0,"7,3",14
Malvarrosa Beach Rooms,314048,Hotel,Valencia,1,1,€ 120,2019/08/11,2019/08/12,2,"7,1",14
NWT Monserrat,3728842,Apartamentos,Valencia,1,1,€ 129,2019/08/11,2019/08/12,0,"7,1",14
Valencia WIFI City Beach Economy,2215541,Apartamento,Valencia,1,1,€ 166,2019/08/11,2019/08/12,0,"7,3",14
Valencia Luxury Town Hall,866934,Apartamentos,Valencia,1,1,€ 170,2019/08/11,2019/08/12,0,7,14
Tres Forques,2854630,Apartamento,Valencia,1,1,NA,2019/08/11,2019/08/12,0,"9,5",14
Valencia Boutique Center,387770,Apartamentos,Valencia,1,1,€ 180,2019/08/11,2019/08/12,0,7,14
Valencia Boutique Ayuntamiento,343355,Apartamentos,Valencia,1,1,€ 200,2019/08/11,2019/08/12,0,"7,2",14
Kirei Apartment En Llop,1765516,Apartamentos,Valencia,1,1,€ 207,2019/08/11,2019/08/12,0,"7,1",14
Valencia Luxury La Paz,1107542,Apartamentos,Valencia,1,1,€ 245,2019/08/11,2019/08/12,0,"7,2",14
Valencia Luxury Catedral,440778,Apartamentos,Valencia,1,1,€ 280,2019/08/11,2019/08/12,0,"7,2",14
feliz como en casa,3676196,Hotel,Valencia,1,1,€ 40,2019/08/11,2019/08/12,0,"6,9",14
Arts Sciences Apartment,2228062,Apartamento,Valencia,1,1,NA,2019/08/11,2019/08/12,0,"9,7",14
Geography and Arts.,3569110,Hotel,Valencia,1,1,€ 60,2019/08/11,2019/08/12,0,"6,6",14
Premium Apartments,486507,Apartamentos,Valencia,1,1,€ 119,2019/08/11,2019/08/12,0,"6,9",14
Las casitas de la playa,3177809,Apartamentos,Valencia,1,1,€ 198,2019/08/11,2019/08/12,0,"6,9",14
Apartamento para 10 personas,5029963,Apartamento,Valencia,1,1,€ 200,2019/08/11,2019/08/12,0,"6,8",14
Malvarrosa Beach,3546692,Casas y chalets,Valencia,1,1,€ 1.260,2019/08/11,2019/08/12,0,"6,9",14
Guest House Higinio Noja,2845935,Hotel,Valencia,1,1,€ 30,2019/08/11,2019/08/12,0,6,14
El Rincón de Las Artes,2194749,Apartamento,Valencia,1,1,NA,2019/08/11,2019/08/12,0,"9,7",14
Fun and Sun Center 2,2944416,Hotel,Valencia,1,1,€ 45,2019/08/11,2019/08/12,0,"6,2",14
Kirei Apartment San Agustin,1712323,Apartamentos,Valencia,1,1,€ 184,2019/08/11,2019/08/12,0,"6,4",14
Kirei Apartment Portland,4276529,Apartamentos,Valencia,1,1,€ 280,2019/08/11,2019/08/12,0,6,14
RoomTuristValencia - Ruzafa,4608394,Hotel,Valencia,1,1,€ 35,2019/08/11,2019/08/12,0,"5,9",14
Ruzafa Guesthouse,2269176,Hotel,Valencia,1,1,€ 40,2019/08/11,2019/08/12,0,"5,6",14
Carrer del Bisbe Jaume Pérez,4900140,Hotel,Valencia,1,1,€ 60,2019/08/11,2019/08/12,0,"5,8",14
Apartamento en la Ciudad de las Artes y las Ciencias,3552283,Apartamento,Valencia,1,1,NA,2019/08/11,2019/08/12,0,"9,5",14
Home Sweet Home,1223953,Hotel,Valencia,1,1,€ 60,2019/08/11,2019/08/12,0,"5,6",14
Oliver,4865093,Hotel,Valencia,1,1,€ 73,2019/08/11,2019/08/12,0,"5,6",14
Kirei Apartment Berlin,4504570,Apartamentos,Valencia,1,1,€ 126,2019/08/11,2019/08/12,0,"5,7",14
RoomTuristValencia Estacion del Norte,4682632,Hotel,Valencia,1,1,€ 40,2019/08/11,2019/08/12,0,"5,4",14
Guesthouse Plaza de Toros,2985902,Hotel,Valencia,1,1,€ 48,2019/08/11,2019/08/12,0,5,14
Guest House Duc de Gaeta,2275007,Hotel,Valencia,1,1,€ 48,2019/08/11,2019/08/12,0,"5,1",14
Guest House Torres de Quart,2275006,Hotel,Valencia,1,1,€ 50,2019/08/11,2019/08/12,0,"5,4",14
RoomTuristValencia RuzafaSumsi,4682802,Hotel,Valencia,1,1,€ 55,2019/08/11,2019/08/12,0,5,14
Guest House Ruzafa,2324552,Hotel,Valencia,1,1,€ 60,2019/08/11,2019/08/12,0,"5,3",14
RoomTuristValencia Torres de Quart,4565643,Hotel,Valencia,1,1,€ 35,2019/08/11,2019/08/12,0,"4,8",14
Apartamento Islas Canarias,2304086,Apartamento,Valencia,1,1,€ 71,2019/08/11,2019/08/12,0,4,14
Constitucion Guesthouse,2985942,Hotel,Valencia,1,1,€ 30,2019/08/11,2019/08/12,0,"3,3",14
Habitación muy cerca de la playa.,5395908,Hotel,Valencia,1,1,€ 40,2019/08/11,2019/08/12,0,,14
vosotros sereis parte de mi familia.,5299568,Hotel,Valencia,1,1,€ 60,2019/08/11,2019/08/12,0,,14
Casita bonita con piscina y jardin,5294677,Hotel,Valencia,1,1,€ 75,2019/08/11,2019/08/12,0,,14
Casual Socarrat Valencia,5142800,Hotel,Valencia,1,1,€ 85,2019/08/11,2019/08/12,3,,14
Acogedor apartamento en zona universitaria y playa,5414090,Casa o chalet,Valencia,1,1,€ 86,2019/08/11,2019/08/12,0,,14
Blanq Comedias,4922002,Hotel,Valencia,1,1,€ 90,2019/08/11,2019/08/12,0,,14
United Colors of Apartments Boutique Style,5372347,Apartamentos,Valencia,1,1,€ 109,2019/08/11,2019/08/12,0,10,14
Hostal Antigua Morellana,1273937,Hotel,Valencia,1,1,€ 80,2019/08/11,2019/08/12,1,"9,5",14
VALENCIA APARTAMENTO GOYA,4256653,Apartamento,Valencia,1,1,NA,2019/08/11,2019/08/12,0,10,14
Valencian Dreams,3268804,Apartamento,Valencia,1,1,€ 83,2019/08/11,2019/08/12,0,"9,7",14
Olympia Flats,4212801,Hotel,Valencia,1,1,€ 50,2019/08/11,2019/08/12,0,"9,7",14
L'Esplai Valencia Bed & Breakfast,1282556,Hotel,Valencia,1,1,€ 119,2019/08/11,2019/08/12,0,"9,6",14
Opera House Valencia B&B,3533887,Hotel,Valencia,1,1,€ 120,2019/08/11,2019/08/12,0,"9,5",14
ÁTICO EN EL CENTRO DE VALENCIA VT-45939-T,4752815,Apartamento,Valencia,1,1,€ 120,2019/08/11,2019/08/12,0,"9,5",14
Ramirez Flats & Bar,4124528,Apartahotel,Valencia,1,1,€ 126,2019/08/11,2019/08/12,0,"9,5",14
Colors Rooms,675839,Hotel,Valencia,1,1,NA,2019/08/11,2019/08/12,0,"9,5",14
Apartments Welcome to Valencia Peset Aleixandre 69,4964856,Apartamento,Valencia,1,1,€ 130,2019/08/11,2019/08/12,0,"9,7",14
Art&Flats Bed&Breakfast,5238345,Hotel,Valencia,1,1,€ 40,2019/08/11,2019/08/12,0,"9,4",14
Cantagua Hostel,4074640,Hotel,Valencia,1,1,€ 48,2019/08/11,2019/08/12,0,"9,1",14
You & Co. Saler Beach boutique,4533007,Hotel,Valencia,1,1,€ 62,2019/08/11,2019/08/12,3,9,14
Host & Home,1663785,Hotel,Valencia,1,1,€ 74,2019/08/11,2019/08/12,0,9,14
Moon Valencia,3560698,Apartamentos,Valencia,1,1,€ 88,2019/08/11,2019/08/12,0,9,14
Maison Reina B&B,5004812,Hotel,Valencia,1,1,NA,2019/08/11,2019/08/12,0,"9,5",14
Habitación doble,3599930,Hotel,Valencia,1,1,€ 90,2019/08/11,2019/08/12,0,9,14
Hostal Venecia,92883,Hotel,Valencia,1,1,€ 93,2019/08/11,2019/08/12,2,"9,1",14
Apartamento bianca,3205847,Apartamento,Valencia,1,1,€ 96,2019/08/11,2019/08/12,0,"9,2",14
Apartamentos Wallace,1698355,Apartamentos,Valencia,1,1,€ 97,2019/08/11,2019/08/12,0,"9,2",14
Sorolla Centro,90896,Hotel,Valencia,1,1,€ 99,2019/08/11,2019/08/12,3,"9,1",14
RUZAFA. Nice apartment and Terrace.,4368595,Apartamento,Valencia,1,1,€ 99,2019/08/11,2019/08/12,0,"9,3",14
Cómoda habitación Valencia,4200488,Hotel,Valencia,1,1,NA,2019/08/11,2019/08/12,0,"9,5",14
APARTAMENTO CENTRICO. WI-FI. PARKING,2967593,Apartamento,Valencia,1,1,€ 100,2019/08/11,2019/08/12,0,"9,3",14
Apartments Madrina,3278589,Apartamentos,Valencia,1,1,€ 100,2019/08/11,2019/08/12,0,9,14
Valenciaflats Centro Ciudad,18544,Apartamentos,Valencia,1,1,€ 101,2019/08/11,2019/08/12,0,"9,1",14
Hotel Alkazar,408511,Hotel,Valencia,1,1,€ 74,2019/08/11,2019/08/12,1,"8,1",14
B&B Hi Valencia Canovas,305349,Hotel,Valencia,1,1,€ 74,2019/08/11,2019/08/12,0,"8,4",14
VALENCIA APARTAMENTO GOYA GRAN TERRAZA,4660558,Hotel,Valencia,1,1,NA,2019/08/11,2019/08/12,0,"9,8",14
Hotel Valencia Alameda,4019381,Hotel,Valencia,1,1,€ 109,2019/08/11,2019/08/12,4,"9,4",14
La casita de Palomar,2132386,Apartamentos,Valencia,1,1,€ 109,2019/08/11,2019/08/12,0,"9,4",14
Ruzzafa Codrut,3035322,Apartamento,Valencia,1,1,€ 110,2019/08/11,2019/08/12,0,"9,2",14
Loft Superior el Carmen,2784473,Apartamento,Valencia,1,1,NA,2019/08/11,2019/08/12,0,"9,5",14
MD Design Hotel - Portal del Real,2391685,Hotel,Valencia,1,1,€ 111,2019/08/11,2019/08/12,2,"9,1",14
Mon Suites Catedral,485679,Apartamentos,Valencia,1,1,€ 112,2019/08/11,2019/08/12,0,"9,2",14
MYR Hotel Plaza Mercado & Spa,1619029,Apartahotel,Valencia,1,1,€ 119,2019/08/11,2019/08/12,0,"9,1",14
MARQUÉS HOUSE 4* SUP,2118880,Hotel,Valencia,1,1,€ 119,2019/08/11,2019/08/12,4,"9,4",14
HQ Rooms Apartments San Vicente,2894429,Apartamentos,Valencia,1,1,€ 120,2019/08/11,2019/08/12,0,"9,3",14
ABCyou Bed&Breakfast,189207,Hotel,Valencia,1,1,€ 75,2019/08/11,2019/08/12,0,"8,4",14
Hotel Sercotel Acteón Valencia,90495,Hotel,Valencia,1,1,€ 79,2019/08/11,2019/08/12,4,"8,4",14
Apartamentos La más Bonita,2816245,Apartamentos,Valencia,1,1,€ 126,2019/08/11,2019/08/12,0,"9,1",14
Oceanografic Apartment,4903549,Apartamento,Valencia,1,1,NA,2019/08/11,2019/08/12,0,"9,5",14
Valenciaflats Ciudad de las Ciencias,93676,Apartamentos,Valencia,1,1,€ 129,2019/08/11,2019/08/12,0,"9,1",14
NH Collection Colón Valencia,3828811,Hotel,Valencia,1,1,€ 129,2019/08/11,2019/08/12,4,"9,2",14
Hotel Olympia Universidades,1301731,Hotel,Valencia,1,1,€ 79,2019/08/11,2019/08/12,3,"8,4",14
Eurostars Rey Don Jaime,91520,Hotel,Valencia,1,1,€ 80,2019/08/11,2019/08/12,4,"8,2",14
NH Valencia Las Artes,90731,Hotel,Valencia,1,1,€ 84,2019/08/11,2019/08/12,4,"8,3",14
NH Valencia Las Ciencias,90725,Hotel,Valencia,1,1,€ 84,2019/08/11,2019/08/12,3,8,14
MUVIM CENTRUM,4756065,Hotel,Valencia,1,1,NA,2019/08/11,2019/08/12,0,"9,7",14
Senator Parque Central Hotel,274963,Hotel,Valencia,1,1,€ 85,2019/08/11,2019/08/12,4,"8,1",14
Plaza Redonda Apartments,1665625,Hotel,Valencia,1,1,€ 85,2019/08/11,2019/08/12,0,8,14
Casual de las Artes Valencia,538056,Hotel,Valencia,1,1,€ 86,2019/08/11,2019/08/12,3,"8,4",14
Aparthotel Valencia Rental,17344,Hotel,Valencia,1,1,€ 88,2019/08/11,2019/08/12,0,8,14
OttoH Charm Stay,2459807,Hotel,Valencia,1,1,€ 129,2019/08/11,2019/08/12,0,"9,3",14
Citizentral Juristas,1113127,Apartamentos,Valencia,1,1,€ 129,2019/08/11,2019/08/12,0,"9,2",14
Apartamentos Edificio Palomar,189277,Apartamentos,Valencia,1,1,€ 129,2019/08/11,2019/08/12,0,"9,2",14
BUBUSUITES by Bubuflats,2389776,Hotel,Valencia,1,1,€ 130,2019/08/11,2019/08/12,0,"9,3",14
NH Ciudad de Valencia,90729,Hotel,Valencia,1,1,€ 89,2019/08/11,2019/08/12,3,"8,1",14
Sweet Hotel Continental,93856,Hotel,Valencia,1,1,€ 89,2019/08/11,2019/08/12,2,"8,3",14
Travel Habitat Port Valencia.,4986124,Hotel,Valencia,1,1,NA,2019/08/11,2019/08/12,0,"9,7",14
Apartments Abate 4,2848648,Apartamentos,Valencia,1,1,€ 138,2019/08/11,2019/08/12,0,9,14
APARTAMENTO CENTRO- RUZAFA. WI-FI. PARKING,3144104,Apartamento,Valencia,1,1,€ 140,2019/08/11,2019/08/12,0,"9,3",14
Apartamento Panorámico- próximo Playa- Wifi-AC,4978144,Apartamento,Valencia,1,1,€ 140,2019/08/11,2019/08/12,0,"9,2",14
Apartamento Ruzafa Centro I,2006333,Apartamento,Valencia,1,1,€ 141,2019/08/11,2019/08/12,0,"9,2",14
Mon Suites San Nicolas,4117225,Apartamentos,Valencia,1,1,€ 145,2019/08/11,2019/08/12,0,"9,1",14
OCEANOGRAFIC DELUXE- PARKING- WI-FI,4095746,Apartamento,Valencia,1,1,€ 150,2019/08/11,2019/08/12,0,"9,1",14
Mon Suites San Martin,2777545,Apartamentos,Valencia,1,1,€ 156,2019/08/11,2019/08/12,0,"9,4",14
Apartamentos Plaza Picasso,97063,Hotel,Valencia,1,1,€ 89,2019/08/11,2019/08/12,0,"8,4",14
Holiday Inn Express Ciudad de las Ciencias,96737,Hotel,Valencia,1,1,€ 90,2019/08/11,2019/08/12,3,8,14
NH Valencia Center,90727,Hotel,Valencia,1,1,€ 92,2019/08/11,2019/08/12,4,"8,3",14
Happy Apartments Valencia,456043,Hotel,Valencia,1,1,€ 92,2019/08/11,2019/08/12,0,"8,2",14
Ilunion Valencia 4,754329,Hotel,Valencia,1,1,€ 93,2019/08/11,2019/08/12,4,8,14
Ilunion Aqua 3,92776,Hotel,Valencia,1,1,€ 93,2019/08/11,2019/08/12,3,"8,3",14
Apartamento Ciencias y Justicia,3825841,Hotel,Valencia,1,1,NA,2019/08/11,2019/08/12,0,"9,5",14
Happy Apartments Valencia – Lope de Vega,575582,Hotel,Valencia,1,1,€ 94,2019/08/11,2019/08/12,0,"8,1",14
MD Modern Hotel - Jardines,305447,Hotel,Valencia,1,1,€ 95,2019/08/11,2019/08/12,1,"8,2",14
Primus Valencia,331871,Hotel,Valencia,1,1,€ 96,2019/08/11,2019/08/12,4,"8,3",14
Hi Valencia Cánovas,4312120,Apartamentos,Valencia,1,1,€ 160,2019/08/11,2019/08/12,0,9,14
5 SENSES,3786890,Apartamento,Valencia,1,1,€ 174,2019/08/11,2019/08/12,0,"9,2",14
Hogar Vera Apartments&Bikes,1807919,Apartamentos,Valencia,1,1,€ 174,2019/08/11,2019/08/12,0,"9,4",14
Duplex+Swimming pool+private entrance=Housen of LOVE,2999152,Apartamento,Valencia,1,1,€ 175,2019/08/11,2019/08/12,0,"9,4",14
Mediterranean Flats Plaza Redonda,4086496,Apartamentos,Valencia,1,1,€ 175,2019/08/11,2019/08/12,0,"9,2",14
Silken Puerta Valencia,91182,Hotel,Valencia,1,1,€ 98,2019/08/11,2019/08/12,4,"8,3",14
Hotel Conqueridor,91047,Hotel,Valencia,1,1,€ 99,2019/08/11,2019/08/12,4,"8,4",14
Hotel Valencia Center,91285,Hotel,Valencia,1,1,€ 99,2019/08/11,2019/08/12,4,"8,4",14
Apartamento Alameda,1698817,Hotel,Valencia,1,1,NA,2019/08/11,2019/08/12,0,"9,5",14
United Colors of Apartments - Catedral,1301545,Hotel,Valencia,1,1,€ 99,2019/08/11,2019/08/12,0,"8,2",14
Atico En El Centro,2347147,Hotel,Valencia,1,1,€ 100,2019/08/11,2019/08/12,0,"8,4",14
SHF Flats Baron,1033085,Hotel,Valencia,1,1,€ 100,2019/08/11,2019/08/12,0,8,14
City Suites Apartments,3091106,Hotel,Valencia,1,1,€ 102,2019/08/11,2019/08/12,0,"8,4",14
AC Hotel Colon Valencia- a Marriott Lifestyle Hotel,1117150,Hotel,Valencia,1,1,€ 106,2019/08/11,2019/08/12,4,"8,6",14
Suites by Eric Olsan (Florista),4726450,Hotel,Valencia,1,1,€ 108,2019/08/11,2019/08/12,0,"8,6",14
Disfruta - Enjoy Valencia Oceanografic,4121345,Hotel,Valencia,1,1,NA,2019/08/11,2019/08/12,0,"9,6",14
Hotel Valencia Oceanic Managed by Melia Hotels International,91522,Hotel,Valencia,1,1,€ 108,2019/08/11,2019/08/12,4,"8,6",14
Les flors,3985046,Hotel,Valencia,1,1,€ 110,2019/08/11,2019/08/12,0,"8,9",14
Catalonia Excelsior,90578,Hotel,Valencia,1,1,€ 110,2019/08/11,2019/08/12,3,"8,7",14
Plaza Sainetero Arniches,3984774,Hotel,Valencia,1,1,€ 109,2019/08/11,2019/08/12,0,"8,4",14
Reina's Apartment,2130930,Hotel,Valencia,1,1,€ 110,2019/08/11,2019/08/12,0,"8,4",14
Apartment Denia 66,1545445,Hotel,Valencia,1,1,NA,2019/08/11,2019/08/12,0,"9,7",14
Hotel Medium Valencia,96838,Hotel,Valencia,1,1,€ 117,2019/08/11,2019/08/12,4,"8,2",14
APARTAMENTO LAS MELLIZAS,4651578,Hotel,Valencia,1,1,€ 59,2019/08/11,2019/08/12,0,"8,4",14
Valenciaflats Torres de Serrano,17468,Hotel,Valencia,1,1,€ 120,2019/08/11,2019/08/12,0,"8,3",14
Dormavalencia Hostel Regne,291755,Hotel,Valencia,1,1,€ 120,2019/08/11,2019/08/12,1,8,14
SH Ingles Boutique Hotel,92956,Hotel,Valencia,1,1,€ 120,2019/08/11,2019/08/12,4,"8,4",14
Dormavalencia Hostel,249585,Hotel,Valencia,1,1,€ 125,2019/08/11,2019/08/12,1,"8,2",14
Valenciaflats Centro Histórico,94781,Hotel,Valencia,1,1,€ 110,2019/08/11,2019/08/12,0,"8,7",14
B&B Hi Valencia Boutique,1301725,Hotel,Valencia,1,1,€ 113,2019/08/11,2019/08/12,0,"8,7",14
Atico Ciutat Vella,3446230,Hotel,Valencia,1,1,€ 125,2019/08/11,2019/08/12,0,"8,4",14
Hotel Miramar,23332,Hotel,Valencia,1,1,€ 130,2019/08/11,2019/08/12,2,"8,4",14
Lovely Apartment!,3377663,Hotel,Valencia,1,1,€ 132,2019/08/11,2019/08/12,0,"8,4",14
Turia Apartment Valencia,1545765,Hotel,Valencia,1,1,€ 137,2019/08/11,2019/08/12,0,"8,2",14
Living Valencia - Tetuán,3217954,Hotel,Valencia,1,1,€ 141,2019/08/11,2019/08/12,0,"8,1",14
Hotel Neptuno,91206,Hotel,Valencia,1,1,€ 144,2019/08/11,2019/08/12,4,"8,4",14
Living Valencia Ayuntamiento,1831537,Hotel,Valencia,1,1,€ 148,2019/08/11,2019/08/12,0,8,14
Apartamento Ciudad de las Artes y las Ciencias,4353552,Hotel,Valencia,1,1,€ 150,2019/08/11,2019/08/12,0,"8,4",14
Friendly Rentals Desplat,4120221,Hotel,Valencia,1,1,€ 150,2019/08/11,2019/08/12,0,"8,4",14
Hotel El Siglo,1741479,Hotel,Valencia,1,1,€ 114,2019/08/11,2019/08/12,3,"8,5",14
Preciosa Casita Cerca Del Mar,4057271,Hotel,Valencia,1,1,NA,2019/08/11,2019/08/12,0,"9,7",14
Friendly Rentals Nyman,3245521,Hotel,Valencia,1,1,€ 115,2019/08/11,2019/08/12,0,"8,9",14
One Shot Palacio Reina Victoria 04,90885,Hotel,Valencia,1,1,€ 119,2019/08/11,2019/08/12,4,"8,6",14
Petit Palace Plaza de la Reina,90443,Hotel,Valencia,1,1,€ 119,2019/08/11,2019/08/12,3,"8,7",14
Citizentral Gascons,332095,Hotel,Valencia,1,1,€ 120,2019/08/11,2019/08/12,0,"8,7",14
Valenciaflats Mercado Central,307677,Hotel,Valencia,1,1,€ 120,2019/08/11,2019/08/12,0,"8,9",14
Blanq Carmen Hotel,97069,Hotel,Valencia,1,1,€ 121,2019/08/11,2019/08/12,3,"8,7",14
Central Park Apartment Valencia,3881533,Hotel,Valencia,1,1,NA,2019/08/11,2019/08/12,0,"9,6",14
Perla Apartments,3146781,Hotel,Valencia,1,1,€ 126,2019/08/11,2019/08/12,0,"8,8",14
BUBUFLATS / Mercat,783206,Hotel,Valencia,1,1,€ 130,2019/08/11,2019/08/12,0,"8,9",14
Living Valencia Apartments - Merced,12120,Hotel,Valencia,1,1,€ 175,2019/08/11,2019/08/12,0,"8,3",14
CENTRO VALENCIA NUEVO (38),4093876,Hotel,Valencia,1,1,€ 176,2019/08/11,2019/08/12,0,"8,3",14
NWT Central Station Apartments,3964093,Hotel,Valencia,1,1,€ 179,2019/08/11,2019/08/12,0,"8,4",14
Vincci Palace,94163,Hotel,Valencia,1,1,€ 130,2019/08/11,2019/08/12,4,"8,6",14
Casual Vintage Valencia,1710241,Hotel,Valencia,1,1,€ 131,2019/08/11,2019/08/12,2,"8,5",14
MODERNO Y ACOGEDOR FRENTE A RUZAFA Y CERCA DEL CENTRO,4490444,Hotel,Valencia,1,1,€ 137,2019/08/11,2019/08/12,0,"8,9",14
SH Valencia Palace,91497,Hotel,Valencia,1,1,€ 140,2019/08/11,2019/08/12,5,"8,5",14
Piso en La Ciudad de Artes,3832790,Hotel,Valencia,1,1,NA,2019/08/11,2019/08/12,0,"9,6",14
Flatsforyou Sorolla House,403442,Hotel,Valencia,1,1,€ 140,2019/08/11,2019/08/12,0,"8,5",14
Casa Cabañal,2436758,Hotel,Valencia,1,1,€ 149,2019/08/11,2019/08/12,0,"8,9",14
Vincci Lys,91183,Hotel,Valencia,1,1,€ 150,2019/08/11,2019/08/12,4,"8,9",14
ValentiaApartments - MercadoCentral,4185241,Hotel,Valencia,1,1,€ 151,2019/08/11,2019/08/12,0,"8,7",14
Ático Oasis de Ruzafa,2639518,Hotel,Valencia,1,1,€ 151,2019/08/11,2019/08/12,0,"8,9",14
Flatsforyou Port,733673,Hotel,Valencia,1,1,€ 165,2019/08/11,2019/08/12,0,"8,5",14
Apartamento luminoso y acogedor,3489126,Hotel,Valencia,1,1,NA,2019/08/11,2019/08/12,0,"9,6",14
Hospes Palau de La Mar,93823,Hotel,Valencia,1,1,€ 180,2019/08/11,2019/08/12,5,"8,8",14
Plaza de la Virgen,3167342,Hotel,Valencia,1,1,€ 185,2019/08/11,2019/08/12,0,"8,7",14
Zerka Centro,4425975,Hotel,Valencia,1,1,€ 208,2019/08/11,2019/08/12,0,"8,5",14
The Westin Valencia,93321,Hotel,Valencia,1,1,€ 223,2019/08/11,2019/08/12,5,"8,7",14
Isabel,4442066,Hotel,Valencia,1,1,€ 230,2019/08/11,2019/08/12,0,"8,5",14
Flatsforyou Ruzafa,3342696,Hotel,Valencia,1,1,€ 230,2019/08/11,2019/08/12,0,"8,8",14
Moderno Apartamento en la playa del Cabanyal,3432824,Hotel,Valencia,1,1,NA,2019/08/11,2019/08/12,0,"9,6",14
El Palacete Gran Via,3483148,Hotel,Valencia,1,1,€ 243,2019/08/11,2019/08/12,0,"8,8",14
SingularStays Parque Central,3054000,Hotel,Valencia,1,1,€ 274,2019/08/11,2019/08/12,0,"8,8",14
Urban Youth Hostel,1163025,Hotel,Valencia,1,1,€ 36,2019/08/11,2019/08/12,0,"8,4",14
Habitacion en Valencia Barata,4861796,Hotel,Valencia,1,1,€ 38,2019/08/11,2019/08/12,0,"8,2",14
Hostal Abastos,257057,Hotel,Valencia,1,1,€ 50,2019/08/11,2019/08/12,2,"8,2",14
HOSPEDAJE PESET,4718074,Hotel,Valencia,1,1,€ 50,2019/08/11,2019/08/12,0,"8,2",14
Pension MonaLisa Luxury Suites,3834224,Hotel,Valencia,1,1,€ 60,2019/08/11,2019/08/12,0,"8,2",14
Reina 12,1684198,Hotel,Valencia,1,1,€ 60,2019/08/11,2019/08/12,0,"8,3",14
Residencia Universitaria Damia Bonet,247451,Hotel,Valencia,1,1,€ 61,2019/08/11,2019/08/12,0,"8,4",14
Red Nest Hostel,92283,Hotel,Valencia,1,1,€ 62,2019/08/11,2019/08/12,0,"8,2",14
Hotel Gabbeach,403586,Hotel,Valencia,1,1,€ 199,2019/08/11,2019/08/12,3,"8,4",14
Flatsforyou Las Arcadias,473415,Apartamentos,Valencia,1,1,€ 215,2019/08/11,2019/08/12,0,"8,4",14
Apartment Sofi,2830696,Apartamento,Valencia,1,1,NA,2019/08/11,2019/08/12,0,"9,8",14
Hotel Villacarlos,90730,Hotel,Valencia,1,1,€ 63,2019/08/11,2019/08/12,3,8,14
L'Otelet By Sweet,1467935,Hotel,Valencia,1,1,€ 64,2019/08/11,2019/08/12,0,"8,3",14
Purple Nest Hostel,25278,Hotel,Valencia,1,1,€ 64,2019/08/11,2019/08/12,0,8,14
Tryp Valencia Feria,92852,Hotel,Valencia,1,1,€ 68,2019/08/11,2019/08/12,4,"8,3",14
Musico Peydro Apartments,3765069,Apartamentos,Valencia,1,1,€ 236,2019/08/11,2019/08/12,0,"8,2",14
Living Valencia - Patacona Beach 36,1363797,Apartamentos,Valencia,1,1,€ 263,2019/08/11,2019/08/12,0,8,14
Living Valencia - Patacona Beach 15,2213630,Apartamentos,Valencia,1,1,€ 271,2019/08/11,2019/08/12,0,"8,4",14
UP Hostel Valencia,1710137,Hotel,Valencia,1,1,€ 33,2019/08/11,2019/08/12,0,"7,8",14
Center Valencia Youth Hostel,246931,Hotel,Valencia,1,1,€ 35,2019/08/11,2019/08/12,0,"7,9",14
Apart and Benef,2291245,Hotel,Valencia,1,1,€ 38,2019/08/11,2019/08/12,0,"7,7",14
Lounge by the sea,4756780,Apartamento,Valencia,1,1,NA,2019/08/11,2019/08/12,0,"9,8",14
Eurostars Gran Valencia,90484,Hotel,Valencia,1,1,€ 68,2019/08/11,2019/08/12,4,"8,3",14
Sweet Hotel Renasa,274818,Hotel,Valencia,1,1,€ 69,2019/08/11,2019/08/12,3,8,14
Nanit Valencia Hostel,3913497,Hotel,Valencia,1,1,€ 70,2019/08/11,2019/08/12,0,"8,3",14
Alquiler Habitacion Centro De Valencia,3977106,Hotel,Valencia,1,1,€ 72,2019/08/11,2019/08/12,0,"8,1",14
Pensión Universal,304276,Hotel,Valencia,1,1,€ 42,2019/08/11,2019/08/12,0,"7,9",14
Albergue Juvenil Colegio Mayor Galileo Galilei,253103,Hotel,Valencia,1,1,€ 48,2019/08/11,2019/08/12,0,"7,9",14
Hostal Moratin,326015,Hotel,Valencia,1,1,€ 48,2019/08/11,2019/08/12,1,"7,9",14
Valencia Russafa,4454999,Hotel,Valencia,1,1,€ 50,2019/08/11,2019/08/12,0,"7,8",14
PISO ACOGEDOR,4995780,Hotel,Valencia,1,1,€ 50,2019/08/11,2019/08/12,0,"7,5",14
Habitación San Cayetano,4624401,Hotel,Valencia,1,1,€ 50,2019/08/11,2019/08/12,0,"7,6",14
Apartments Downtown Valencia,2250421,Apartamentos,Valencia,1,1,NA,2019/08/11,2019/08/12,0,"9,6",14
Voyagers Inn Homestay,2682156,Hotel,Valencia,1,1,€ 54,2019/08/11,2019/08/12,0,"7,8",14
Como en casa,4802186,Hotel,Valencia,1,1,€ 54,2019/08/11,2019/08/12,0,"7,9",14
Hotel Beleret,94652,Hotel,Valencia,1,1,€ 54,2019/08/11,2019/08/12,3,"7,6",14
Hostal Bisbal,235665,Hotel,Valencia,1,1,€ 60,2019/08/11,2019/08/12,1,"7,5",14
B&B Hotel Valencia Ciudad de las Ciencias,92242,Hotel,Valencia,1,1,€ 62,2019/08/11,2019/08/12,3,"7,5",14
Hostal Penalty,189209,Hotel,Valencia,1,1,€ 62,2019/08/11,2019/08/12,1,"7,9",14
Barracart Apartments,2125836,Apartamentos,Valencia,1,1,NA,2019/08/11,2019/08/12,0,"9,6",14
Valencia Lounge Hostel,337203,Hotel,Valencia,1,1,€ 63,2019/08/11,2019/08/12,0,"7,8",14
Hotel Turia,14441,Hotel,Valencia,1,1,€ 65,2019/08/11,2019/08/12,4,"7,5",14
Cosy Rooms Tapinería,371192,Hotel,Valencia,1,1,€ 70,2019/08/11,2019/08/12,2,"7,5",14
Jero Rooms,296743,Hotel,Valencia,1,1,€ 73,2019/08/11,2019/08/12,0,"7,7",14
Plaza Redonda house.,4399973,Hotel,Valencia,1,1,€ 74,2019/08/11,2019/08/12,0,"7,5",14
OYO Pensión El Rincón,476031,Hotel,Valencia,1,1,€ 77,2019/08/11,2019/08/12,1,"7,7",14
Valencia what else...,2550483,Apartamento,Valencia,1,1,NA,2019/08/11,2019/08/12,0,"9,5",14
Ilunion Valencia 3,92818,Hotel,Valencia,1,1,€ 81,2019/08/11,2019/08/12,3,"7,9",14
United Colors of Studios - Mercado Central,2574108,Apartamentos,Valencia,1,1,€ 84,2019/08/11,2019/08/12,0,"7,9",14
MyHomestay,2921259,Hotel,Valencia,1,1,€ 84,2019/08/11,2019/08/12,0,"7,6",14
Expo Hotel Valencia,91223,Hotel,Valencia,1,1,€ 86,2019/08/11,2019/08/12,3,"7,6",14
Checkin Valencia,93743,Hotel,Valencia,1,1,€ 89,2019/08/11,2019/08/12,4,"7,8",14
Granada 18,1905726,Apartamento,Valencia,1,1,€ 90,2019/08/11,2019/08/12,0,"7,9",14
JL Ciudad de las Artes,3074378,Apartamento,Valencia,1,1,NA,2019/08/11,2019/08/12,0,"9,6",14
SHF Plaza de la Reina,1682520,Apartamentos,Valencia,1,1,€ 100,2019/08/11,2019/08/12,0,"7,7",14
SEA YOU HOTEL PORT VALENCIA,92328,Hotel,Valencia,1,1,€ 105,2019/08/11,2019/08/12,4,"7,6",14
City Center Apartments,4426057,Apartamentos,Valencia,1,1,€ 108,2019/08/11,2019/08/12,0,"7,8",14
Torres Quart,3702234,Apartamentos,Valencia,1,1,€ 123,2019/08/11,2019/08/12,0,"7,7",14
El 16 Ruzafa,865461,Apartamentos,Valencia,1,1,€ 124,2019/08/11,2019/08/12,0,"7,7",14
City Center Apartment,5084891,Apartamento,Valencia,1,1,€ 135,2019/08/11,2019/08/12,0,"7,8",14
Valencia Luxury Central Market,1078335,Apartamentos,Valencia,1,1,€ 170,2019/08/11,2019/08/12,0,"7,5",14
Valencia Luxury Attics Ayuntamiento,337092,Apartamentos,Valencia,1,1,€ 170,2019/08/11,2019/08/12,0,"7,5",14
El Globo,24498,Hotel,Valencia,1,1,€ 180,2019/08/11,2019/08/12,1,"7,8",14
Living Valencia - Patacona Beach 7,1391054,Apartamentos,Valencia,1,1,€ 243,2019/08/11,2019/08/12,0,"7,7",14
MD Abastos Center,2551194,Apartamento,Valencia,1,1,€ 455,2019/08/11,2019/08/12,0,"7,7",14
Guest House Samuel Ros,4161855,Hotel,Valencia,1,1,€ 35,2019/08/11,2019/08/12,0,"7,4",14
63 Carrer d'Ernest Anastasio,4594613,Hotel,Valencia,1,1,€ 37,2019/08/11,2019/08/12,0,7,14
La Flamenca,818359,Hotel,Valencia,1,1,€ 40,2019/08/11,2019/08/12,0,"7,3",14
Hostal Residencial RR,450746,Hotel,Valencia,1,1,€ 50,2019/08/11,2019/08/12,0,7,14
Ruzafa Rooms,2891693,Hotel,Valencia,1,1,€ 60,2019/08/11,2019/08/12,0,7,14
Sampedor Apartment,435662,Apartamentos,Valencia,1,1,€ 64,2019/08/11,2019/08/12,0,7,14
Casual de la Música Valencia,273130,Hotel,Valencia,1,1,€ 70,2019/08/11,2019/08/12,2,"7,4",14
