name,propertyId,propertyType,city,rooms,days,price,checkIn,checkOut,stars,score,advance
Friendly Rentals Strauss,1634236,Apartamento,Valencia,1,1,€ 145,2019/09/25,2019/09/26,0,"8,8",60
Stylish newly renovated in great location /WIFI,3661070,Apartamento,Valencia,1,1,€ 149,2019/09/25,2019/09/26,0,"8,6",60
Centro en Valencia,2885222,Apartamento,Valencia,1,1,NA,2019/09/25,2019/09/26,0,"9,5",60
Apartamento Sofia,2552406,Apartamento,Valencia,1,1,€ 150,2019/09/25,2019/09/26,0,"8,6",60
Friendly Rentals Verdi 2,2523881,Apartamento,Valencia,1,1,€ 155,2019/09/25,2019/09/26,0,"8,9",60
Friendly Rentals Montaner Beach,2314997,Apartamento,Valencia,1,1,€ 155,2019/09/25,2019/09/26,0,"8,8",60
ValentiaApartments - MercadoCentral,4185241,Apartamentos,Valencia,1,1,€ 157,2019/09/25,2019/09/26,0,"8,7",60
Puerta de Serranos,2734333,Apartamentos,Valencia,1,1,€ 161,2019/09/25,2019/09/26,0,"8,7",60
One Shot Palacio Reina Victoria 04,90885,Hotel,Valencia,1,1,€ 161,2019/09/25,2019/09/26,4,"8,6",60
Tres Forques,2854630,Apartamento,Valencia,1,1,NA,2019/09/25,2019/09/26,0,"9,5",60
United Colors of Apartments Boutique Style,5372347,Hotel,Valencia,1,1,€ 99,2019/09/25,2019/09/26,0,10,60
Hostal Antigua Morellana,1273937,Hotel,Valencia,1,1,€ 80,2019/09/25,2019/09/26,1,"9,5",60
VALENCIA APARTAMENTO GOYA,4256653,Hotel,Valencia,1,1,NA,2019/09/25,2019/09/26,0,10,60
L'Esplai Valencia Bed & Breakfast,1282556,Hotel,Valencia,1,1,€ 81,2019/09/25,2019/09/26,0,"9,6",60
Valencian Dreams,3268804,Hotel,Valencia,1,1,€ 95,2019/09/25,2019/09/26,0,"9,7",60
Olympia Flats,4212801,Hotel,Valencia,1,1,€ 50,2019/09/25,2019/09/26,0,"9,7",60
Ramirez Flats & Bar,4124528,Hotel,Valencia,1,1,€ 104,2019/09/25,2019/09/26,0,"9,5",60
Bubuflats Bubu 3,1014334,Hotel,Valencia,1,1,€ 110,2019/09/25,2019/09/26,0,"9,6",60
Apartments Welcome to Valencia Peset Aleixandre 69,4964856,Hotel,Valencia,1,1,€ 120,2019/09/25,2019/09/26,0,"9,7",60
Luxury Center Plaza Redonda,5138960,Hotel,Valencia,1,1,NA,2019/09/25,2019/09/26,0,10,60
Flatsforyou Marina,1793012,Apartamentos,Valencia,1,1,€ 170,2019/09/25,2019/09/26,0,"8,7",60
Hotel Dimar,90886,Hotel,Valencia,1,1,€ 171,2019/09/25,2019/09/26,4,"8,7",60
Hospes Palau de La Mar,93823,Hotel,Valencia,1,1,€ 179,2019/09/25,2019/09/26,5,"8,8",60
Ilunion Aqua 4,92777,Hotel,Valencia,1,1,€ 184,2019/09/25,2019/09/26,4,"8,5",60
Zerka Centro,4425975,Apartamentos,Valencia,1,1,€ 199,2019/09/25,2019/09/26,0,"8,5",60
Cathedral Suites Hotel,1736257,Apartahotel,Valencia,1,1,€ 199,2019/09/25,2019/09/26,4,"8,9",60
Apartment Sofi,2830696,Apartamento,Valencia,1,1,NA,2019/09/25,2019/09/26,0,"9,8",60
Vincci Palace,94163,Hotel,Valencia,1,1,€ 200,2019/09/25,2019/09/26,4,"8,6",60
Friendly Rentals Rey,1634248,Apartamento,Valencia,1,1,€ 205,2019/09/25,2019/09/26,0,"8,9",60
Mar & City Apartment,3456759,Apartamento,Valencia,1,1,€ 215,2019/09/25,2019/09/26,0,"8,9",60
AC Hotel Valencia- a Marriott Lifestyle Hotel,91063,Hotel,Valencia,1,1,€ 215,2019/09/25,2019/09/26,4,"8,6",60
Vincci Lys,91183,Hotel,Valencia,1,1,€ 216,2019/09/25,2019/09/26,4,"8,9",60
SingularStays Parque Central,3054000,Apartamentos,Valencia,1,1,€ 218,2019/09/25,2019/09/26,0,"8,8",60
APARTAMENTO DE DISEÑO EN PLAZA MANISES,2823390,Apartamento,Valencia,1,1,NA,2019/09/25,2019/09/26,0,"9,7",60
Ca Carmela,2466364,Casa o chalet,Valencia,1,1,€ 225,2019/09/25,2019/09/26,0,"8,9",60
Melia Valencia,290493,Hotel,Valencia,1,1,€ 230,2019/09/25,2019/09/26,4,"8,8",60
Opera House Valencia B&B,3533887,Hotel,Valencia,1,1,€ 120,2019/09/25,2019/09/26,0,"9,5",60
Apartamento centro frente a Torres de Serrano,3408067,Hotel,Valencia,1,1,€ 130,2019/09/25,2019/09/26,0,"9,5",60
la casita,4333253,Hotel,Valencia,1,1,€ 140,2019/09/25,2019/09/26,0,"9,8",60
Ciudad Ciencias- Lujo- Parking- Wi-Fi.,4999636,Hotel,Valencia,1,1,€ 150,2019/09/25,2019/09/26,0,"9,8",60
Loft Superior el Carmen,2784473,Hotel,Valencia,1,1,€ 209,2019/09/25,2019/09/26,0,"9,5",60
The Westin Valencia,93321,Hotel,Valencia,1,1,€ 253,2019/09/25,2019/09/26,5,"8,7",60
SH Valencia Palace,91497,Hotel,Valencia,1,1,€ 812,2019/09/25,2019/09/26,5,"8,5",60
Urban Youth Hostel,1163025,Hotel,Valencia,1,1,€ 31,2019/09/25,2019/09/26,0,"8,4",60
Habitación Céntrica en Casa de Familia,4289877,Hotel,Valencia,1,1,€ 35,2019/09/25,2019/09/26,0,"8,1",60
Cantagua Hostel,4074640,Hotel,Valencia,1,1,€ 40,2019/09/25,2019/09/26,0,"9,1",60
Apartment Plaza Cisneros,1273377,Hotel,Valencia,1,1,NA,2019/09/25,2019/09/26,0,"9,8",60
Art&Flats Bed&Breakfast,5238345,Hotel,Valencia,1,1,€ 45,2019/09/25,2019/09/26,0,"9,4",60
Habitación privada a 1500 metros de la playa,3789910,Hotel,Valencia,1,1,€ 60,2019/09/25,2019/09/26,0,"9,4",60
Host & Home,1663785,Hotel,Valencia,1,1,€ 66,2019/09/25,2019/09/26,0,9,60
Apartamento Las Torres,2223557,Hotel,Valencia,1,1,€ 70,2019/09/25,2019/09/26,0,9,60
You & Co. Saler Beach boutique,4533007,Hotel,Valencia,1,1,€ 73,2019/09/25,2019/09/26,3,9,60
City Garden Bed and Breakfast,2204361,Hotel,Valencia,1,1,€ 86,2019/09/25,2019/09/26,0,"9,4",60
Cozy en Blanch. Center,4751079,Hotel,Valencia,1,1,NA,2019/09/25,2019/09/26,0,"9,7",60
Palau de Palomar,471283,Hotel,Valencia,1,1,€ 89,2019/09/25,2019/09/26,0,"9,1",60
OttoH Charm Stay,2459807,Hotel,Valencia,1,1,€ 89,2019/09/25,2019/09/26,0,"9,3",60
La casita de Palomar,2132386,Hotel,Valencia,1,1,€ 89,2019/09/25,2019/09/26,0,"9,4",60
Habitación doble,3599930,Hotel,Valencia,1,1,€ 90,2019/09/25,2019/09/26,0,9,60
Una Ubicacion Perfecta,3114164,Hotel,Valencia,1,1,€ 90,2019/09/25,2019/09/26,0,"9,1",60
Apartamento bianca,3205847,Hotel,Valencia,1,1,€ 91,2019/09/25,2019/09/26,0,"9,2",60
Apartamento en la Ciudad de las Artes y las Ciencias,3552283,Hotel,Valencia,1,1,NA,2019/09/25,2019/09/26,0,"9,5",60
València Centre Torres de Quart,886289,Apartamentos,Valencia,1,1,€ 73,2019/09/25,2019/09/26,0,"8,9",60
Hulot B&B Valencia,585429,Hotel,Valencia,1,1,€ 76,2019/09/25,2019/09/26,0,"8,5",60
Apartamento luminoso y acogedor,3489126,Apartamento,Valencia,1,1,NA,2019/09/25,2019/09/26,0,"9,6",60
Petit Palomar,2187491,Apartamentos,Valencia,1,1,€ 79,2019/09/25,2019/09/26,0,"8,9",60
Homestay Carrer Sagun,5006434,Hotel,Valencia,1,1,€ 80,2019/09/25,2019/09/26,0,"8,6",60
Burjassot Mestalla,3058627,Apartamento,Valencia,1,1,€ 80,2019/09/25,2019/09/26,0,"8,7",60
Casa del Patriarca,364834,Hotel,Valencia,1,1,€ 81,2019/09/25,2019/09/26,0,"8,9",60
Valenciaflats Centro Histórico,94781,Apartamentos,Valencia,1,1,€ 82,2019/09/25,2019/09/26,0,"8,7",60
Apartments Madrina,3278589,Hotel,Valencia,1,1,€ 95,2019/09/25,2019/09/26,0,9,60
Bianca,4232781,Hotel,Valencia,1,1,€ 96,2019/09/25,2019/09/26,0,9,60
Dama Del Puerto,3230781,Hotel,Valencia,1,1,€ 100,2019/09/25,2019/09/26,0,"9,1",60
"Piso ""Como en tu casa""",2689136,Hotel,Valencia,1,1,€ 100,2019/09/25,2019/09/26,0,"9,3",60
Live in Chianti,2227491,Hotel,Valencia,1,1,€ 104,2019/09/25,2019/09/26,0,"9,1",60
Hotel Valencia Alameda,4019381,Hotel,Valencia,1,1,€ 104,2019/09/25,2019/09/26,4,"9,4",60
Apartamento Peris Ruzafa Center,2618251,Hotel,Valencia,1,1,NA,2019/09/25,2019/09/26,0,"9,7",60
BUBUSUITES by Bubuflats,2389776,Hotel,Valencia,1,1,€ 105,2019/09/25,2019/09/26,0,"9,3",60
Suites by Eric Olsan (Florista),4726450,Apartamentos,Valencia,1,1,€ 88,2019/09/25,2019/09/26,0,"8,6",60
Apartment Cabanyal,3172456,Apartamento,Valencia,1,1,NA,2019/09/25,2019/09/26,0,"9,8",60
Hotel Kramer,91106,Hotel,Valencia,1,1,€ 89,2019/09/25,2019/09/26,3,"8,8",60
Ad Hoc Carmen,1173270,Hotel,Valencia,1,1,€ 90,2019/09/25,2019/09/26,2,"8,9",60
Valenciaflats Centro Ciudad,18544,Hotel,Valencia,1,1,€ 106,2019/09/25,2019/09/26,0,"9,1",60
Olvida tu Reloj Congresos Apartment,2448036,Hotel,Valencia,1,1,€ 106,2019/09/25,2019/09/26,0,"9,2",60
Olvida tu Reloj Montichelvo Apartment,3258095,Hotel,Valencia,1,1,€ 106,2019/09/25,2019/09/26,0,"9,4",60
Hotel El Siglo,1741479,Hotel,Valencia,1,1,€ 93,2019/09/25,2019/09/26,3,"8,5",60
Casual del Cine Valencia,572187,Hotel,Valencia,1,1,€ 95,2019/09/25,2019/09/26,2,"8,6",60
Soho Valencia,1538641,Apartahotel,Valencia,1,1,€ 96,2019/09/25,2019/09/26,0,"8,9",60
CALLE CUENCA 2,4093865,Apartamento,Valencia,1,1,€ 98,2019/09/25,2019/09/26,0,"8,8",60
Apartamento Peris Ruzafa Center,2618251,Apartamento,Valencia,1,1,NA,2019/09/25,2019/09/26,0,"9,7",60
HOSPEDAJE PESET,4718074,Hotel,Valencia,1,1,€ 40,2019/09/25,2019/09/26,0,"8,2",60
Purple Nest Hostel,25278,Hotel,Valencia,1,1,€ 42,2019/09/25,2019/09/26,0,8,60
Habitacion en Valencia Barata,4861796,Hotel,Valencia,1,1,€ 45,2019/09/25,2019/09/26,0,"8,2",60
Atico Loft Ruzafa,3152977,Apartamento,Valencia,1,1,NA,2019/09/25,2019/09/26,0,"9,7",60
Jardín Botánico Hotel Boutique,93369,Hotel,Valencia,1,1,€ 99,2019/09/25,2019/09/26,3,"8,9",60
BUBUFLATS Mossén,1141763,Apartamentos,Valencia,1,1,€ 100,2019/09/25,2019/09/26,0,"8,9",60
BUBUFLATS / Mercat,783206,Apartamentos,Valencia,1,1,€ 100,2019/09/25,2019/09/26,0,"8,9",60
Valencian Apartment,2298621,Hotel,Valencia,1,1,€ 108,2019/09/25,2019/09/26,0,9,60
Apartamentos Naranja y Limòn,2250906,Hotel,Valencia,1,1,€ 110,2019/09/25,2019/09/26,0,"9,3",60
Red Nest Hostel,92283,Hotel,Valencia,1,1,€ 46,2019/09/25,2019/09/26,0,"8,2",60
Hostal Abastos,257057,Hotel,Valencia,1,1,€ 50,2019/09/25,2019/09/26,2,"8,2",60
Casa Mati,4217185,Hotel,Valencia,1,1,€ 50,2019/09/25,2019/09/26,0,"8,3",60
Purísima Street I,2471259,Apartamento,Valencia,1,1,NA,2019/09/25,2019/09/26,0,"9,5",60
L'Arbre,3972359,Hotel,Valencia,1,1,€ 110,2019/09/25,2019/09/26,0,"9,3",60
Mon Suites Catedral,485679,Hotel,Valencia,1,1,€ 112,2019/09/25,2019/09/26,0,"9,2",60
Hostal Venecia,92883,Hotel,Valencia,1,1,€ 112,2019/09/25,2019/09/26,2,"9,1",60
Valenciaflats Ciudad de las Ciencias,93676,Hotel,Valencia,1,1,€ 115,2019/09/25,2019/09/26,0,"9,1",60
Welcome Apartamentos Pintor Stolz 31 Valencia,5019066,Hotel,Valencia,1,1,€ 115,2019/09/25,2019/09/26,0,"9,2",60
Apartamentos Wallace,1698355,Hotel,Valencia,1,1,€ 115,2019/09/25,2019/09/26,0,"9,2",60
MD Design Hotel - Portal del Real,2391685,Hotel,Valencia,1,1,€ 115,2019/09/25,2019/09/26,2,"9,1",60
COZY APARTMENT VALENCIA CITY CENTER!,4886758,Hotel,Valencia,1,1,€ 118,2019/09/25,2019/09/26,0,"9,1",60
Apartamentos Plaza Picasso,97063,Apartamentos,Valencia,1,1,€ 52,2019/09/25,2019/09/26,0,"8,4",60
Aparthotel Valencia Rental,17344,Apartahotel,Valencia,1,1,€ 58,2019/09/25,2019/09/26,0,8,60
Style Apartments Puerto,1558265,Apartamentos,Valencia,1,1,€ 59,2019/09/25,2019/09/26,0,"8,1",60
Palacios Rooms,2773548,Hotel,Valencia,1,1,€ 59,2019/09/25,2019/09/26,0,"8,3",60
Lotelito,570027,Hotel,Valencia,1,1,€ 101,2019/09/25,2019/09/26,0,"8,9",60
Rooms Ciencias,94126,Hotel,Valencia,1,1,€ 104,2019/09/25,2019/09/26,0,"8,9",60
Casual Vintage Valencia,1710241,Hotel,Valencia,1,1,€ 104,2019/09/25,2019/09/26,2,"8,5",60
JL Ciudad de las Artes,3074378,Apartamento,Valencia,1,1,NA,2019/09/25,2019/09/26,0,"9,6",60
Kirei Apartment San Vicente,1774062,Apartamento,Valencia,1,1,€ 132,2019/09/25,2019/09/26,0,"7,5",60
Apartment Valencia,348555,Apartamentos,Valencia,1,1,€ 139,2019/09/25,2019/09/26,0,"7,7",60
Travel Habitat Ático Ciutat Vella.,3264750,Apartamento,Valencia,1,1,NA,2019/09/25,2019/09/26,0,"9,5",60
Friendly Rentals Danna,1634254,Apartamento,Valencia,1,1,€ 150,2019/09/25,2019/09/26,0,"7,6",60
Friendly rentals Enesco Beach,2526514,Apartamento,Valencia,1,1,€ 170,2019/09/25,2019/09/26,0,"7,9",60
Loft el Carmen amazing views,4932621,Apartamento,Valencia,1,1,€ 172,2019/09/25,2019/09/26,0,"7,9",60
Valencia Luxury Attics Ayuntamiento,337092,Apartamentos,Valencia,1,1,€ 220,2019/09/25,2019/09/26,0,"7,5",60
Pension MonaLisa Luxury Suites,3834224,Hotel,Valencia,1,1,€ 60,2019/09/25,2019/09/26,0,"8,2",60
Reina 12,1684198,Hotel,Valencia,1,1,€ 60,2019/09/25,2019/09/26,0,"8,3",60
Valencia Luxury Central Market,1078335,Apartamentos,Valencia,1,1,€ 230,2019/09/25,2019/09/26,0,"7,5",60
MD Art Apartment Ruzafa,2550955,Apartamento,Valencia,1,1,€ 291,2019/09/25,2019/09/26,0,"7,7",60
Chic and Central- in a lively but quiet area. All walking distance.,3649090,Apartamento,Valencia,1,1,NA,2019/09/25,2019/09/26,0,"9,7",60
MD Pelayo with terrace,1979067,Apartamento,Valencia,1,1,€ 291,2019/09/25,2019/09/26,0,"7,8",60
La Casa Del Colibri Youth Hostel,2094497,Hotel,Valencia,1,1,€ 324,2019/09/25,2019/09/26,0,"7,9",60
Apartamentos Edificio Palomar,189277,Hotel,Valencia,1,1,€ 119,2019/09/25,2019/09/26,0,"9,2",60
Teixidors de Palomar,2639791,Hotel,Valencia,1,1,€ 119,2019/09/25,2019/09/26,0,"9,4",60
Apartment close to park Marchalenes,4418670,Hotel,Valencia,1,1,€ 120,2019/09/25,2019/09/26,0,"9,1",60
Ad Hoc Monumental,90719,Hotel,Valencia,1,1,€ 104,2019/09/25,2019/09/26,3,"8,6",60
Melia Plaza Valencia,13270,Hotel,Valencia,1,1,€ 105,2019/09/25,2019/09/26,4,"8,9",60
SKY TOURISTIC ATTIC,281640,Apartamentos,Valencia,1,1,€ 108,2019/09/25,2019/09/26,0,"8,5",60
Sorolla Centro,90896,Hotel,Valencia,1,1,€ 121,2019/09/25,2019/09/26,3,"9,1",60
Apartamentos Valencia,1007682,Apartamentos,Valencia,1,1,€ 60,2019/09/25,2019/09/26,0,"8,2",60
Tryp Valencia Feria,92852,Hotel,Valencia,1,1,€ 63,2019/09/25,2019/09/26,4,"8,3",60
L'Otelet By Sweet,1467935,Hotel,Valencia,1,1,€ 64,2019/09/25,2019/09/26,0,"8,3",60
MD Abastos Center,2551194,Apartamento,Valencia,1,1,€ 329,2019/09/25,2019/09/26,0,"7,7",60
MD Oliag I Apartment Ruzafa,2867488,Apartamento,Valencia,1,1,€ 375,2019/09/25,2019/09/26,0,"7,7",60
Guest House Samuel Ros,4161855,Hotel,Valencia,1,1,€ 35,2019/09/25,2019/09/26,0,"7,4",60
Guest House Lebon,3124256,Hotel,Valencia,1,1,€ 35,2019/09/25,2019/09/26,0,7,60
Apartamento centro,3160737,Apartamento,Valencia,1,1,NA,2019/09/25,2019/09/26,0,"9,7",60
Alquiler Habitacion Centro De Valencia,3977106,Hotel,Valencia,1,1,€ 64,2019/09/25,2019/09/26,0,"8,1",60
B&B Hi Valencia Canovas,305349,Hotel,Valencia,1,1,€ 66,2019/09/25,2019/09/26,0,"8,4",60
Rio Turia Skatehouse,4624602,Apartamento,Valencia,1,1,€ 68,2019/09/25,2019/09/26,0,"8,1",60
United Colors of Apartments - Catedral,1301545,Apartamentos,Valencia,1,1,€ 69,2019/09/25,2019/09/26,0,"8,2",60
Hostal Waksman,281139,Hotel,Valencia,1,1,€ 38,2019/09/25,2019/09/26,1,"7,3",60
La Flamenca,818359,Hotel,Valencia,1,1,€ 40,2019/09/25,2019/09/26,0,"7,3",60
Hostal Residencial RR,450746,Hotel,Valencia,1,1,€ 40,2019/09/25,2019/09/26,0,7,60
New Trendy apartment,2426154,Apartamento,Valencia,1,1,€ 110,2019/09/25,2019/09/26,0,"8,8",60
Friendly Rentals Brade,1918694,Apartamento,Valencia,1,1,€ 110,2019/09/25,2019/09/26,0,"8,9",60
Citizentral Gascons,332095,Apartamentos,Valencia,1,1,€ 116,2019/09/25,2019/09/26,0,"8,7",60
Valencia Just in the Middle,2965508,Apartamento,Valencia,1,1,NA,2019/09/25,2019/09/26,0,"9,9",60
Cosy 2 bedroom apartment in Ruzafa (Valencia Center),3890643,Apartamento,Valencia,1,1,€ 116,2019/09/25,2019/09/26,0,"8,9",60
Hotel Sercotel Acteón Valencia,90495,Hotel,Valencia,1,1,€ 71,2019/09/25,2019/09/26,4,"8,4",60
ABCyou Bed&Breakfast,189207,Hotel,Valencia,1,1,€ 73,2019/09/25,2019/09/26,0,"8,4",60
Happy Apartments Valencia,456043,Apartamentos,Valencia,1,1,€ 74,2019/09/25,2019/09/26,0,"8,2",60
Perla Apartments,3146781,Apartamentos,Valencia,1,1,€ 117,2019/09/25,2019/09/26,0,"8,8",60
El Palacete Gran Via,3483148,Hotel,Valencia,1,1,€ 119,2019/09/25,2019/09/26,0,"8,8",60
Les flors,3985046,Apartamento,Valencia,1,1,€ 119,2019/09/25,2019/09/26,0,"8,9",60
Living Valencia - Patacona Beach 56,3718985,Apartamentos,Valencia,1,1,€ 119,2019/09/25,2019/09/26,0,"8,8",60
Ático cerca del mar,4040503,Apartamento,Valencia,1,1,€ 75,2019/09/25,2019/09/26,0,"8,4",60
Happy Apartments Valencia – Lope de Vega,575582,Apartamentos,Valencia,1,1,€ 79,2019/09/25,2019/09/26,0,"8,1",60
SHF Flats Baron,1033085,Apartamentos,Valencia,1,1,€ 80,2019/09/25,2019/09/26,0,8,60
Holiday Inn Express Ciudad de las Ciencias,96737,Hotel,Valencia,1,1,€ 81,2019/09/25,2019/09/26,3,8,60
Ruzafa Rooms,2891693,Hotel,Valencia,1,1,€ 40,2019/09/25,2019/09/26,0,7,60
Centro Valencia Calle Cerrajeros,3476261,Hotel,Valencia,1,1,€ 50,2019/09/25,2019/09/26,0,7,60
PISO ACOGEDOR,4995780,Hotel,Valencia,1,1,€ 50,2019/09/25,2019/09/26,0,"7,1",60
Cool Loft Malvarrosa Beach,4309218,Apartamento,Valencia,1,1,NA,2019/09/25,2019/09/26,0,"9,6",60
Apartamento CT,2397544,Apartamento,Valencia,1,1,€ 120,2019/09/25,2019/09/26,0,"8,7",60
Centro en Valencia,2885222,Apartamento,Valencia,1,1,NA,2019/09/25,2019/09/26,0,"9,5",60
Friendly Rentals Schubert,1634221,Apartamentos,Valencia,1,1,€ 120,2019/09/25,2019/09/26,0,"8,9",60
Friendly Rentals Nyman,3245521,Apartamento,Valencia,1,1,€ 120,2019/09/25,2019/09/26,0,"8,9",60
Petit Palace Ruzafa,90792,Hotel,Valencia,1,1,€ 121,2019/09/25,2019/09/26,3,"8,7",60
So de Mar,2204496,Apartamento,Valencia,1,1,NA,2019/09/25,2019/09/26,0,"9,6",60
Room in apartment,3701648,Hotel,Valencia,1,1,€ 81,2019/09/25,2019/09/26,0,8,60
Up Town,2244083,Apartamentos,Valencia,1,1,€ 81,2019/09/25,2019/09/26,0,"8,3",60
Down Town,1656378,Apartamentos,Valencia,1,1,€ 81,2019/09/25,2019/09/26,0,"8,3",60
City Suites Apartments,3091106,Hotel,Valencia,1,1,€ 84,2019/09/25,2019/09/26,0,"8,4",60
Casual de la Música Valencia,273130,Hotel,Valencia,1,1,€ 54,2019/09/25,2019/09/26,2,"7,4",60
Sampedor Apartment,435662,Apartamentos,Valencia,1,1,€ 55,2019/09/25,2019/09/26,0,7,60
Apartamento Nou Lodging,2837298,Apartamento,Valencia,1,1,€ 65,2019/09/25,2019/09/26,0,"7,1",60
Avenida del Cid (Centrico),4737683,Apartamento,Valencia,1,1,€ 65,2019/09/25,2019/09/26,0,"7,3",60
Dormavalencia Hostel,249585,Hotel,Valencia,1,1,€ 85,2019/09/25,2019/09/26,1,"8,2",60
NH Ciudad de Valencia,90729,Hotel,Valencia,1,1,€ 88,2019/09/25,2019/09/26,3,"8,1",60
Apartamento Alameda,1698817,Apartamento,Valencia,1,1,NA,2019/09/25,2019/09/26,0,"9,5",60
Friendly Rentals Ravel I,1634234,Apartamento,Valencia,1,1,€ 122,2019/09/25,2019/09/26,0,"8,8",60
Apartamentos Valencia - Brazil 31 Free WiFi,4948554,Apartamento,Valencia,1,1,€ 125,2019/09/25,2019/09/26,0,"8,5",60
Blanq Carmen Hotel,97069,Hotel,Valencia,1,1,€ 126,2019/09/25,2019/09/26,3,"8,7",60
Hotel Mediterraneo Valencia,92412,Hotel,Valencia,1,1,€ 127,2019/09/25,2019/09/26,3,"8,8",60
Cosy Rooms Embajador,369728,Hotel,Valencia,1,1,€ 68,2019/09/25,2019/09/26,2,"7,4",60
Cosy Rooms Bolsería,371606,Hotel,Valencia,1,1,€ 68,2019/09/25,2019/09/26,2,"7,4",60
La seda stay,3335523,Apartamento,Valencia,1,1,NA,2019/09/25,2019/09/26,0,"9,7",60
Central Station Valencia Hostel,1647017,Hotel,Valencia,1,1,€ 69,2019/09/25,2019/09/26,0,"7,1",60
NH Valencia Las Ciencias,90725,Hotel,Valencia,1,1,€ 88,2019/09/25,2019/09/26,3,8,60
Senator Parque Central Hotel,274963,Hotel,Valencia,1,1,€ 89,2019/09/25,2019/09/26,4,"8,1",60
Ilunion Aqua 3,92776,Hotel,Valencia,1,1,€ 93,2019/09/25,2019/09/26,3,"8,3",60
Hotel Valencia Center,91285,Hotel,Valencia,1,1,€ 94,2019/09/25,2019/09/26,4,"8,4",60
HOSTAL BED OF THE SEA,3974636,Hotel,Valencia,1,1,€ 72,2019/09/25,2019/09/26,0,7,60
Almiserat,3054886,Apartamento,Valencia,1,1,€ 80,2019/09/25,2019/09/26,0,7,60
Malvarrosa Beach Rooms,314048,Hotel,Valencia,1,1,€ 85,2019/09/25,2019/09/26,2,"7,1",60
Homestay & OLEE,4132920,Hotel,Valencia,1,1,€ 85,2019/09/25,2019/09/26,0,"7,4",60
Valencia Apartments,4367788,Apartamentos,Valencia,1,1,€ 87,2019/09/25,2019/09/26,0,"7,1",60
City Valencia Beach 360,4504803,Apartamento,Valencia,1,1,NA,2019/09/25,2019/09/26,0,"9,6",60
Suites by Eric Olsan (L),4287413,Apartamentos,Valencia,1,1,€ 89,2019/09/25,2019/09/26,0,"7,4",60
Accommodation Beach Apartments,1001766,Apartamentos,Valencia,1,1,€ 89,2019/09/25,2019/09/26,0,"7,1",60
Valencia Apartmans El Carmen,847910,Apartamentos,Valencia,1,1,€ 92,2019/09/25,2019/09/26,0,"7,3",60
Bonito apartamento en Valencia!,3646923,Apartamentos,Valencia,1,1,€ 92,2019/09/25,2019/09/26,0,"7,4",60
Apartamento Angel Alcazar 35,2174625,Apartamento,Valencia,1,1,€ 100,2019/09/25,2019/09/26,0,"7,4",60
Kirei Apartment Na Jordana,1702092,Apartamentos,Valencia,1,1,€ 101,2019/09/25,2019/09/26,0,7,60
Sol Playa,12656,Hotel,Valencia,1,1,€ 97,2019/09/25,2019/09/26,2,"8,3",60
Eurostars Rey Don Jaime,91520,Hotel,Valencia,1,1,€ 98,2019/09/25,2019/09/26,4,"8,2",60
Apartment Plaza Cisneros,1273377,Apartamentos,Valencia,1,1,NA,2019/09/25,2019/09/26,0,"9,8",60
MD Modern Hotel - Jardines,305447,Hotel,Valencia,1,1,€ 99,2019/09/25,2019/09/26,1,"8,2",60
Hotel Valencia Oceanic Managed by Melia Hotels International,91522,Hotel,Valencia,1,1,€ 133,2019/09/25,2019/09/26,4,"8,6",60
ValentiaApartments - MercadoCentral,4185241,Apartamentos,Valencia,1,1,€ 133,2019/09/25,2019/09/26,0,"8,7",60
NWT Monserrat,3728842,Apartamentos,Valencia,1,1,€ 112,2019/09/25,2019/09/26,0,"7,1",60
Kirei Apartment En Llop,1765516,Apartamentos,Valencia,1,1,€ 137,2019/09/25,2019/09/26,0,"7,1",60
Valencia Luxury Catedral,440778,Apartamentos,Valencia,1,1,€ 170,2019/09/25,2019/09/26,0,"7,2",60
Best Valencia Beach Flat,3246772,Apartamento,Valencia,1,1,€ 192,2019/09/25,2019/09/26,0,"7,1",60
MD Villalonga Malvarosa Beach,3739661,Apartamento,Valencia,1,1,€ 290,2019/09/25,2019/09/26,0,"7,4",60
Hotel San Lorenzo Boutique,1307718,Hotel,Valencia,1,1,€ 134,2019/09/25,2019/09/26,3,"8,6",60
One Shot Colón 46,1394168,Hotel,Valencia,1,1,€ 134,2019/09/25,2019/09/26,3,"8,7",60
Sercotel Sorolla Palace,93646,Hotel,Valencia,1,1,€ 134,2019/09/25,2019/09/26,4,"8,6",60
Petit Palace Plaza de la Reina,90443,Hotel,Valencia,1,1,€ 134,2019/09/25,2019/09/26,3,"8,7",60
Friendly Rentals Soler,1634237,Apartamento,Valencia,1,1,€ 135,2019/09/25,2019/09/26,0,"8,6",60
Valenciaflats Mercado Central,307677,Apartamentos,Valencia,1,1,€ 138,2019/09/25,2019/09/26,0,"8,9",60
Zenit Valencia,92327,Hotel,Valencia,1,1,€ 139,2019/09/25,2019/09/26,4,"8,8",60
FREE WI-FI. Apartamentos 90 м2 - Assutzena 5,4828764,Apartamento,Valencia,1,1,€ 140,2019/09/25,2019/09/26,0,"8,6",60
feliz como en casa,3676196,Hotel,Valencia,1,1,€ 40,2019/09/25,2019/09/26,0,"6,9",60
Geography and Arts.,3569110,Hotel,Valencia,1,1,€ 60,2019/09/25,2019/09/26,0,"6,6",60
Premium Apartments,486507,Apartamentos,Valencia,1,1,€ 114,2019/09/25,2019/09/26,0,"6,9",60
Apartamento para 10 personas,5029963,Apartamento,Valencia,1,1,€ 200,2019/09/25,2019/09/26,0,"6,8",60
Malvarrosa Beach,3546692,Casas y chalets,Valencia,1,1,€ 768,2019/09/25,2019/09/26,0,"6,9",60
Apartments in Villa Oliva Tossal Gros,3083529,Casa o chalet,Valencia,1,1,€ 140,2019/09/25,2019/09/26,0,"8,8",60
Sweet Hotel Continental,93856,Hotel,Valencia,1,1,€ 99,2019/09/25,2019/09/26,2,"8,3",60
APARTAMENTO LAS MELLIZAS,4651578,Hotel,Valencia,1,1,€ 50,2019/09/25,2019/09/26,0,"8,4",60
Casual de las Artes Valencia,538056,Hotel,Valencia,1,1,€ 99,2019/09/25,2019/09/26,3,"8,4",60
Atico Ciutat Vella,3446230,Apartamentos,Valencia,1,1,€ 100,2019/09/25,2019/09/26,0,"8,4",60
Apartment Florista,2150187,Apartamento,Valencia,1,1,€ 100,2019/09/25,2019/09/26,0,"8,1",60
Apartamento Bolseria 28,881275,Apartamentos,Valencia,1,1,NA,2019/09/25,2019/09/26,0,"9,6",60
Valenciaflats Torres de Serrano,17468,Apartamentos,Valencia,1,1,€ 101,2019/09/25,2019/09/26,0,"8,3",60
Fun and Sun Center 2,2944416,Hotel,Valencia,1,1,€ 45,2019/09/25,2019/09/26,0,"6,2",60
Casita Esmeralda,2040126,Hotel,Valencia,1,1,€ 139,2019/09/25,2019/09/26,0,"6,4",60
Apartamento luminoso y acogedor,3489126,Hotel,Valencia,1,1,NA,2019/09/25,2019/09/26,0,"9,6",60
Guest House Higinio Noja,2845935,Hotel,Valencia,1,1,€ 30,2019/09/25,2019/09/26,0,6,60
Habitación con cama doble,4794909,Hotel,Valencia,1,1,€ 41,2019/09/25,2019/09/26,0,"6,4",60
Sweet Hotel Renasa,274818,Hotel,Valencia,1,1,€ 104,2019/09/25,2019/09/26,3,8,60
La Casa,3758586,Casas y chalets,Valencia,1,1,€ 105,2019/09/25,2019/09/26,0,"8,3",60
Apartamento Ciudad de las Artes y las Ciencias,4353552,Apartamento,Valencia,1,1,€ 110,2019/09/25,2019/09/26,0,"8,4",60
Cozy fisherman's house,2241663,Casa o chalet,Valencia,1,1,€ 115,2019/09/25,2019/09/26,0,"8,1",60
Apartamento Gran Vía Marqués del Turia,2358973,Apartamento,Valencia,1,1,€ 118,2019/09/25,2019/09/26,0,"8,4",60
Maison Reina B&B,5004812,Hotel,Valencia,1,1,NA,2019/09/25,2019/09/26,0,"9,5",60
NH Valencia Las Artes,90731,Hotel,Valencia,1,1,€ 119,2019/09/25,2019/09/26,4,"8,3",60
El Coso,14580,Hotel,Valencia,1,1,€ 119,2019/09/25,2019/09/26,3,"8,2",60
Apartamentos Sollana 18 Cerca de les Arts i les Ciencies Valencia- FREE WI-FI,5232423,Apartamento,Valencia,1,1,€ 120,2019/09/25,2019/09/26,0,"8,2",60
Kirei Apartment San Agustin,1712323,Hotel,Valencia,1,1,€ 150,2019/09/25,2019/09/26,0,"6,4",60
Kirei Apartment Portland,4276529,Hotel,Valencia,1,1,€ 200,2019/09/25,2019/09/26,0,6,60
Carrer del Bisbe Jaume Pérez,4900140,Hotel,Valencia,1,1,€ 55,2019/09/25,2019/09/26,0,"5,8",60
Home Sweet Home,1223953,Hotel,Valencia,1,1,€ 60,2019/09/25,2019/09/26,0,"5,6",60
Oliver,4865093,Hotel,Valencia,1,1,€ 66,2019/09/25,2019/09/26,0,"5,6",60
Kirei Apartment Berlin,4504570,Hotel,Valencia,1,1,€ 137,2019/09/25,2019/09/26,0,"5,7",60
Casa alta del mar,2542826,Hotel,Valencia,1,1,NA,2019/09/25,2019/09/26,0,"9,2",60
Port of Valencia,3805735,Hotel,Valencia,1,1,€ 79,2019/09/25,2019/09/26,0,5,60
Apartamento Privado Próximo a Playa y Ciencias,3783163,Apartamento,Valencia,1,1,€ 120,2019/09/25,2019/09/26,0,"8,1",60
NH Valencia Center,90727,Hotel,Valencia,1,1,€ 124,2019/09/25,2019/09/26,4,"8,3",60
Friendly Rentals ABC,3656596,Apartamento,Valencia,1,1,€ 125,2019/09/25,2019/09/26,0,"8,4",60
City Valencia Beach 360,4504803,Apartamento,Valencia,1,1,NA,2019/09/25,2019/09/26,0,"9,6",60
Friendly Rentals Puerto Deportivo,2317861,Apartamentos,Valencia,1,1,€ 125,2019/09/25,2019/09/26,0,"8,2",60
Hotel Medium Valencia,96838,Hotel,Valencia,1,1,€ 126,2019/09/25,2019/09/26,4,"8,2",60
Silken Puerta Valencia,91182,Hotel,Valencia,1,1,€ 130,2019/09/25,2019/09/26,4,"8,3",60
CENTRO VALENCIA NUEVO (38),4093876,Apartamento,Valencia,1,1,€ 134,2019/09/25,2019/09/26,0,"8,3",60
Carrer de María Montessori,3272386,Apartamento,Valencia,1,1,€ 136,2019/09/25,2019/09/26,0,"8,4",60
Kirei Apartment Atlanta,4304662,Hotel,Valencia,1,1,€ 186,2019/09/25,2019/09/26,0,"4,5",60
Malvarosa,3820590,Hotel,Valencia,1,1,€ 290,2019/09/25,2019/09/26,0,4,60
Como en casa !!,5427108,Hotel,Valencia,1,1,€ 23,2019/09/25,2019/09/26,0,,60
Hostal Jardin Botanico,5423036,Hotel,Valencia,1,1,€ 45,2019/09/25,2019/09/26,0,,60
Friendly Rentals Desplat,4120221,Apartamento,Valencia,1,1,€ 140,2019/09/25,2019/09/26,0,"8,4",60
NWT Central Station Apartments,3964093,Apartamento,Valencia,1,1,€ 144,2019/09/25,2019/09/26,0,"8,4",60
Hotel Conqueridor,91047,Hotel,Valencia,1,1,€ 144,2019/09/25,2019/09/26,4,"8,4",60
Eurostars Gran Valencia,90484,Hotel,Valencia,1,1,€ 145,2019/09/25,2019/09/26,4,"8,3",60
Estrella de russafa,5352439,Hotel,Valencia,1,1,€ 50,2019/09/25,2019/09/26,0,,60
Home Club Micalet Apartments,443595,Hotel,Valencia,1,1,NA,2019/09/25,2019/09/26,0,9,60
vosotros sereis parte de mi familia.,5299568,Hotel,Valencia,1,1,€ 60,2019/09/25,2019/09/26,0,,60
Hogar Dulce Hogar,5426607,Hotel,Valencia,1,1,€ 60,2019/09/25,2019/09/26,0,,60
Friendly Rentals Ferrero,2314984,Apartamento,Valencia,1,1,€ 145,2019/09/25,2019/09/26,0,"8,3",60
Friendly Rentals Gimenez,1634242,Apartamento,Valencia,1,1,€ 145,2019/09/25,2019/09/26,0,"8,2",60
Primus Valencia,331871,Hotel,Valencia,1,1,€ 151,2019/09/25,2019/09/26,4,"8,3",60
Rooms El Picolino,5326859,Hotel,Valencia,1,1,€ 65,2019/09/25,2019/09/26,0,,60
Blanq Comedias,4922002,Hotel,Valencia,1,1,€ 68,2019/09/25,2019/09/26,0,,60
Mi casa es vuestra casa,4967097,Hotel,Valencia,1,1,€ 70,2019/09/25,2019/09/26,0,,60
Acogedor apartamento en zona universitaria y playa,5414090,Hotel,Valencia,1,1,€ 78,2019/09/25,2019/09/26,0,,60
Center Puerto Apartments,4875083,Hotel,Valencia,1,1,NA,2019/09/25,2019/09/26,0,9,60
Nest Style Valencia -Proxima apertura-,5219046,Hotel,Valencia,1,1,€ 80,2019/09/25,2019/09/26,3,,60
Magnífico Adosado- cerca de Valencia ciudad- en zona de montaña y playa fluvial,5354233,Hotel,Valencia,1,1,€ 89,2019/09/25,2019/09/26,0,,60
APARTAMENTO VALENCIA CENTRO,5145920,Hotel,Valencia,1,1,€ 90,2019/09/25,2019/09/26,0,,60
Comfort Homestay,5423155,Hotel,Valencia,1,1,€ 90,2019/09/25,2019/09/26,0,,60
Ilunion Valencia 4,754329,Hotel,Valencia,1,1,€ 152,2019/09/25,2019/09/26,4,8,60
San Andrey,2556080,Apartamento,Valencia,1,1,€ 155,2019/09/25,2019/09/26,0,"8,4",60
Friendly Rentals Evans,1634220,Apartamentos,Valencia,1,1,€ 170,2019/09/25,2019/09/26,0,"8,4",60
Musico Peydro Apartments,3765069,Apartamentos,Valencia,1,1,€ 188,2019/09/25,2019/09/26,0,"8,2",60
Friendly Rentals Vives 2,2523871,Apartamento,Valencia,1,1,€ 190,2019/09/25,2019/09/26,0,"8,4",60
Casual Socarrat Valencia,5142800,Hotel,Valencia,1,1,€ 101,2019/09/25,2019/09/26,3,,60
CENTER next to LA LONJA+WIFI,4093868,Hotel,Valencia,1,1,€ 103,2019/09/25,2019/09/26,0,,60
Studios Las Arenas,444155,Hotel,Valencia,1,1,NA,2019/09/25,2019/09/26,0,9,60
Welcome to Valencia Peset Aleixandre 135,5047732,Hotel,Valencia,1,1,€ 105,2019/09/25,2019/09/26,0,,60
Malvarrosa Calle Pavia,3608764,Casa o chalet,Valencia,1,1,€ 271,2019/09/25,2019/09/26,0,"8,3",60
Calle Cuenca,4093857,Hotel,Valencia,1,1,€ 113,2019/09/25,2019/09/26,0,,60
Kirei Apartment Vienna,4639797,Hotel,Valencia,1,1,€ 115,2019/09/25,2019/09/26,0,,60
Valencia Puerto Beach 3BD Apartment,5249773,Hotel,Valencia,1,1,€ 121,2019/09/25,2019/09/26,0,,60
RAVALENCIA 4,3377937,Hotel,Valencia,1,1,€ 124,2019/09/25,2019/09/26,0,,60
Miresa flats,5300418,Hotel,Valencia,1,1,€ 125,2019/09/25,2019/09/26,0,,60
Casa Isa,2683762,Hotel,Valencia,1,1,NA,2019/09/25,2019/09/26,0,"9,2",60
Kirei Apartment Dublin,4639542,Hotel,Valencia,1,1,€ 126,2019/09/25,2019/09/26,0,,60
Old Town Flats Casa Burguerini,4552106,Hotel,Valencia,1,1,€ 149,2019/09/25,2019/09/26,0,,60
PATACONA MARE NOSTRUM APARTMENT II,5144420,Hotel,Valencia,1,1,€ 164,2019/09/25,2019/09/26,0,,60
DREAM APARTMENT NEAR THE BEACH,5162600,Hotel,Valencia,1,1,€ 170,2019/09/25,2019/09/26,0,,60
PLENO CENTRO (P24),4093891,Hotel,Valencia,1,1,€ 175,2019/09/25,2019/09/26,0,,60
"Flat ""Ca Alexandre""",3687859,Hotel,Valencia,1,1,€ 195,2019/09/25,2019/09/26,0,,60
07 PLAZA DEL AYUNTAMIENTO - CENTRO 6personas,4093811,Hotel,Valencia,1,1,€ 195,2019/09/25,2019/09/26,0,,60
37 PLAZA AYUNTAMIENTO-CENTRO 6p.,4093843,Hotel,Valencia,1,1,€ 206,2019/09/25,2019/09/26,0,,60
Espaciosa y cómoda vivienda,5342327,Hotel,Valencia,1,1,€ 238,2019/09/25,2019/09/26,0,,60
Apartamento con terraza,5238122,Hotel,Valencia,1,1,€ 240,2019/09/25,2019/09/26,0,,60
beach front house/ frente al mar,5424585,Hotel,Valencia,1,1,€ 298,2019/09/25,2019/09/26,0,,60
Aloha Apartment Center Valencia,3101443,Hotel,Valencia,1,1,€ 350,2019/09/25,2019/09/26,0,,60
MD PASEO RUZAFA CENTER,5374850,Hotel,Valencia,1,1,€ 439,2019/09/25,2019/09/26,0,,60
Governor Residence,3799760,Hotel,Valencia,1,1,€ 600,2019/09/25,2019/09/26,0,,60
Gulet Why Not,5199364,Hotel,Valencia,1,1,€ 3.600,2019/09/25,2019/09/26,0,,60
Center City Flats,861452,Apartamentos,Valencia,1,1,€ 128,2019/09/25,2019/09/26,0,"9,1",60
Mon Suites San Nicolas,4117225,Apartamentos,Valencia,1,1,€ 129,2019/09/25,2019/09/26,0,"9,1",60
Casa Quintero Valencia Playa Cabañal,3715186,Casa o chalet,Valencia,1,1,€ 280,2019/09/25,2019/09/26,0,"8,4",60
SH Ingles Boutique Hotel,92956,Hotel,Valencia,1,1,€ 292,2019/09/25,2019/09/26,4,"8,4",60
VALENCIA APARTAMENTO GOYA GRAN TERRAZA,4660558,Apartamento,Valencia,1,1,NA,2019/09/25,2019/09/26,0,"9,8",60
Duplex+Swimming pool+private entrance=Housen of LOVE,2999152,Apartamento,Valencia,1,1,€ 135,2019/09/25,2019/09/26,0,"9,4",60
Citizentral Juristas,1113127,Apartamentos,Valencia,1,1,€ 137,2019/09/25,2019/09/26,0,"9,2",60
Loft zona Pechina en Valencia centro,2524985,Apartamento,Valencia,1,1,€ 138,2019/09/25,2019/09/26,0,"9,2",60
Mon Suites San Martin,2777545,Apartamentos,Valencia,1,1,€ 139,2019/09/25,2019/09/26,0,"9,4",60
Cool Loft Malvarrosa Beach,4309218,Apartamento,Valencia,1,1,NA,2019/09/25,2019/09/26,0,"9,6",60
MD Benlliure Beach.,1957258,Apartamento,Valencia,1,1,€ 296,2019/09/25,2019/09/26,0,8,60
Hotel Neptuno,91206,Hotel,Valencia,1,1,€ 334,2019/09/25,2019/09/26,4,"8,4",60
MD Sueca. Apartment with Terrace Ruzafa,2551179,Apartamento,Valencia,1,1,€ 375,2019/09/25,2019/09/26,0,"8,1",60
COZY APARTMENT VALENCIA BEACHFRONT!,3128516,Apartamento,Valencia,1,1,€ 140,2019/09/25,2019/09/26,0,"9,4",60
HQ Rooms Apartments San Vicente,2894429,Apartamentos,Valencia,1,1,€ 140,2019/09/25,2019/09/26,0,"9,3",60
Central apartment,4597029,Apartamento,Valencia,1,1,NA,2019/09/25,2019/09/26,0,"9,5",60
Flats Hondures,2194645,Apartamento,Valencia,1,1,€ 144,2019/09/25,2019/09/26,0,"9,1",60
MYR Hotel Plaza Mercado & Spa,1619029,Apartahotel,Valencia,1,1,€ 149,2019/09/25,2019/09/26,0,"9,1",60
MD Vila Barbera Apartment Center,1957253,Apartamento,Valencia,1,1,€ 390,2019/09/25,2019/09/26,0,"8,3",60
UP Hostel Valencia,1710137,Hotel,Valencia,1,1,€ 24,2019/09/25,2019/09/26,0,"7,8",60
Center Valencia Youth Hostel,246931,Hotel,Valencia,1,1,€ 12,2019/09/25,2019/09/26,0,"7,9",60
Chic and Central- in a lively but quiet area. All walking distance.,3649090,Apartamento,Valencia,1,1,NA,2019/09/25,2019/09/26,0,"9,7",60
B BEACH VALENCIA,5125954,Apartamento,Valencia,1,1,€ 150,2019/09/25,2019/09/26,0,"9,3",60
ARENAS 2 APARTAMENT,2808815,Apartamento,Valencia,1,1,€ 150,2019/09/25,2019/09/26,0,"9,1",60
Sweet Caroline Apartment,1811784,Apartamento,Valencia,1,1,€ 150,2019/09/25,2019/09/26,0,"9,2",60
Brisa Mare Nostrum,2855311,Apartamento,Valencia,1,1,€ 150,2019/09/25,2019/09/26,0,"9,4",60
Casa Vich,4457634,Apartamento,Valencia,1,1,NA,2019/09/25,2019/09/26,0,"9,6",60
Edificio Pentagono,4673669,Apartamento,Valencia,1,1,€ 160,2019/09/25,2019/09/26,0,"9,1",60
Apart and Benef,2291245,Hotel,Valencia,1,1,€ 34,2019/09/25,2019/09/26,0,"7,7",60
Hostal El Cid,309465,Hotel,Valencia,1,1,€ 35,2019/09/25,2019/09/26,2,"7,5",60
OCEANOGRAFIC APARTMENT. PARKING. WI-FI,3107716,Apartamentos,Valencia,1,1,€ 160,2019/09/25,2019/09/26,0,9,60
Hotel Boutique Balandret,1281710,Hotel,Valencia,1,1,€ 162,2019/09/25,2019/09/26,3,"9,2",60
Hi Valencia Cánovas,4312120,Apartamentos,Valencia,1,1,€ 165,2019/09/25,2019/09/26,0,9,60
Live in Chianti Apartaments,2882632,Apartamentos,Valencia,1,1,€ 169,2019/09/25,2019/09/26,0,"9,1",60
Pensión Universal,304276,Hotel,Valencia,1,1,€ 35,2019/09/25,2019/09/26,0,"7,9",60
Hostal Moratin,326015,Hotel,Valencia,1,1,€ 39,2019/09/25,2019/09/26,1,"7,9",60
Habitación San Cayetano,4624401,Hotel,Valencia,1,1,€ 40,2019/09/25,2019/09/26,0,"7,6",60
Voyagers Inn Homestay,2682156,Hotel,Valencia,1,1,€ 42,2019/09/25,2019/09/26,0,"7,8",60
Apartamento Panorámico- próximo Playa- Wifi-AC,4978144,Apartamento,Valencia,1,1,€ 170,2019/09/25,2019/09/26,0,"9,2",60
Constitución,4229663,Apartamento,Valencia,1,1,NA,2019/09/25,2019/09/26,0,"9,6",60
Jardines del Turia - Espacioso apartamento,2734126,Apartamento,Valencia,1,1,€ 170,2019/09/25,2019/09/26,0,"9,2",60
The Flow House,4762375,Apartamentos,Valencia,1,1,€ 170,2019/09/25,2019/09/26,0,"9,4",60
BONNIES Suites & Spa Valencia,3631910,Apartamentos,Valencia,1,1,NA,2019/09/25,2019/09/26,0,"9,8",60
Casual Civilizaciones Valencia,449777,Hotel,Valencia,1,1,€ 48,2019/09/25,2019/09/26,0,"7,9",60
Habitacion PLaza Ayuntamiento,4365340,Hotel,Valencia,1,1,€ 50,2019/09/25,2019/09/26,0,"7,6",60
Habitación cerca del centro,2789581,Hotel,Valencia,1,1,€ 52,2019/09/25,2019/09/26,0,"7,7",60
Vincci Mercat,1279484,Hotel,Valencia,1,1,€ 176,2019/09/25,2019/09/26,4,9,60
Apartamentos La más Bonita,2816245,Apartamentos,Valencia,1,1,€ 180,2019/09/25,2019/09/26,0,"9,1",60
NH Collection Colón Valencia,3828811,Hotel,Valencia,1,1,€ 186,2019/09/25,2019/09/26,4,"9,2",60
Valencia City Host,1177077,Hotel,Valencia,1,1,€ 53,2019/09/25,2019/09/26,0,"7,9",60
Valencia Lounge Hostel,337203,Hotel,Valencia,1,1,€ 53,2019/09/25,2019/09/26,0,"7,8",60
Hospederia del Pilar,327766,Hotel,Valencia,1,1,€ 54,2019/09/25,2019/09/26,0,"7,9",60
La seda stay,3335523,Apartamento,Valencia,1,1,NA,2019/09/25,2019/09/26,0,"9,7",60
One Shot Mercat 09,2274203,Hotel,Valencia,1,1,€ 188,2019/09/25,2019/09/26,4,"9,2",60
Cómoda habitación Valencia,4200488,Hotel,Valencia,1,1,NA,2019/09/25,2019/09/26,0,"9,5",60
Friendly Rentals Gala,1634252,Apartamento,Valencia,1,1,€ 190,2019/09/25,2019/09/26,0,9,60
Hi Valencia Apartments - Jorge Juan,2373701,Apartamento,Valencia,1,1,€ 195,2019/09/25,2019/09/26,0,"9,4",60
Caro Hotel,348132,Hotel,Valencia,1,1,€ 209,2019/09/25,2019/09/26,5,"9,2",60
Como en casa,4802186,Hotel,Valencia,1,1,€ 54,2019/09/25,2019/09/26,0,"7,9",60
Hotel Beleret,94652,Hotel,Valencia,1,1,€ 58,2019/09/25,2019/09/26,3,"7,6",60
Hostal Bisbal,235665,Hotel,Valencia,1,1,€ 60,2019/09/25,2019/09/26,1,"7,5",60
Arena's Apartament,2156905,Apartamento,Valencia,1,1,€ 225,2019/09/25,2019/09/26,0,"9,2",60
MARQUÉS HOUSE 4* SUP,2118880,Hotel,Valencia,1,1,€ 229,2019/09/25,2019/09/26,4,"9,4",60
Cozy apartment in Valencia center,3402135,Apartamentos,Valencia,1,1,€ 253,2019/09/25,2019/09/26,0,"9,2",60
Preciosa Casita Cerca Del Mar,4057271,Apartamento,Valencia,1,1,NA,2019/09/25,2019/09/26,0,"9,7",60
Apartamentos Abastos,1044426,Apartamentos,Valencia,1,1,€ 60,2019/09/25,2019/09/26,0,"7,6",60
Plaza Redonda house.,4399973,Hotel,Valencia,1,1,€ 61,2019/09/25,2019/09/26,0,"7,5",60
B&B Hotel Valencia Ciudad de las Ciencias,92242,Hotel,Valencia,1,1,€ 62,2019/09/25,2019/09/26,3,"7,5",60
Carmen Apartment,3308265,Apartamento,Valencia,1,1,NA,2019/09/25,2019/09/26,0,"9,6",60
MD Julio Antonio Apartment Center,3961049,Apartamento,Valencia,1,1,€ 263,2019/09/25,2019/09/26,0,"9,2",60
Zerka Sendra,4657122,Apartamento,Valencia,1,1,€ 301,2019/09/25,2019/09/26,0,9,60
Las Arenas Balneario Resort,91144,Hotel,Valencia,1,1,€ 365,2019/09/25,2019/09/26,5,9,60
Expo Hotel Valencia,91223,Hotel,Valencia,1,1,€ 62,2019/09/25,2019/09/26,3,"7,6",60
Jero Rooms,296743,Hotel,Valencia,1,1,€ 66,2019/09/25,2019/09/26,0,"7,7",60
Cosy Rooms Tapinería,371192,Hotel,Valencia,1,1,€ 68,2019/09/25,2019/09/26,2,"7,5",60
United Colors of Studios - Mercado Central,2574108,Apartamentos,Valencia,1,1,€ 69,2019/09/25,2019/09/26,0,"7,9",60
Beachfront vila,3126708,Casa o chalet,Valencia,1,1,€ 390,2019/09/25,2019/09/26,0,"9,2",60
The River Hostel,494202,Hotel,Valencia,1,1,€ 25,2019/09/25,2019/09/26,0,"8,5",60
Pensión Alicante,298710,Hotel,Valencia,1,1,€ 38,2019/09/25,2019/09/26,0,"8,5",60
Checkin Valencia,93743,Hotel,Valencia,1,1,€ 71,2019/09/25,2019/09/26,4,"7,8",60
Ilunion Valencia 3,92818,Hotel,Valencia,1,1,€ 71,2019/09/25,2019/09/26,3,"7,9",60
Travel Habitat Ático Ciutat Vella.,3264750,Apartamento,Valencia,1,1,NA,2019/09/25,2019/09/26,0,"9,5",60
Alex Apartment,1756374,Apartamento,Valencia,1,1,€ 74,2019/09/25,2019/09/26,0,"7,8",60
Quart Youth Hostel,476418,Hotel,Valencia,1,1,€ 53,2019/09/25,2019/09/26,0,"8,7",60
Home Youth Hostel by Feetup Hostels,189322,Hotel,Valencia,1,1,€ 54,2019/09/25,2019/09/26,0,"8,8",60
7 Moons Bed & Breakfast,464187,Hotel,Valencia,1,1,€ 56,2019/09/25,2019/09/26,0,"8,5",60
UNIK. Apartments Valencia,2241282,Apartamentos,Valencia,1,1,€ 58,2019/09/25,2019/09/26,0,"8,5",60
Hotel Turia,14441,Hotel,Valencia,1,1,€ 75,2019/09/25,2019/09/26,4,"7,5",60
SHF Plaza de la Reina,1682520,Apartamentos,Valencia,1,1,€ 75,2019/09/25,2019/09/26,0,"7,7",60
City Center Apartments,4426057,Apartamentos,Valencia,1,1,€ 77,2019/09/25,2019/09/26,0,"7,8",60
Patacona Green Flats,292996,Apartamentos,Valencia,1,1,€ 79,2019/09/25,2019/09/26,0,"7,6",60
Namaste Rooms,3799642,Hotel,Valencia,1,1,€ 60,2019/09/25,2019/09/26,0,"8,7",60
Zalamera BnB,1331238,Hotel,Valencia,1,1,€ 63,2019/09/25,2019/09/26,0,"8,7",60
Buho House,3777691,Apartahotel,Valencia,1,1,€ 64,2019/09/25,2019/09/26,0,"8,5",60
València Centre Túria,2185255,Apartamento,Valencia,1,1,€ 66,2019/09/25,2019/09/26,0,"8,8",60
SEA YOU HOTEL PORT VALENCIA,92328,Hotel,Valencia,1,1,€ 80,2019/09/25,2019/09/26,4,"7,6",60
OYO Pensión El Rincón,476031,Hotel,Valencia,1,1,€ 85,2019/09/25,2019/09/26,1,"7,7",60
Suites by Eric Olsan (Peset),4726296,Apartamentos,Valencia,1,1,€ 89,2019/09/25,2019/09/26,0,"7,7",60
Luz de Valencia,2076095,Apartamentos,Valencia,1,1,€ 67,2019/09/25,2019/09/26,0,"8,8",60
Pio XII Apartments Valencia,402080,Apartamentos,Valencia,1,1,€ 68,2019/09/25,2019/09/26,0,"8,5",60
Balcón Al Mar,295109,Hotel,Valencia,1,1,€ 71,2019/09/25,2019/09/26,0,"8,5",60
Hotel Malcom and Barret,483261,Hotel,Valencia,1,1,€ 72,2019/09/25,2019/09/26,3,"8,7",60
Torres Quart,3702234,Apartamentos,Valencia,1,1,€ 92,2019/09/25,2019/09/26,0,"7,7",60
Oceanográfico Apartments & Spa,324918,Apartamentos,Valencia,1,1,€ 98,2019/09/25,2019/09/26,0,"7,7",60
Lujoso Apartamento En El Carmen,2814452,Apartamento,Valencia,1,1,€ 99,2019/09/25,2019/09/26,0,"7,5",60
Plaza Sainetero 5,3148458,Apartamento,Valencia,1,1,€ 102,2019/09/25,2019/09/26,0,"7,8",60
El 16 Ruzafa,865461,Apartamentos,Valencia,1,1,€ 114,2019/09/25,2019/09/26,0,"7,7",60
Apartment Plaza de la Merced,3457190,Apartamento,Valencia,1,1,€ 119,2019/09/25,2019/09/26,0,"7,9",60
Apartamentos Catedral,2358858,Apartamentos,Valencia,1,1,€ 119,2019/09/25,2019/09/26,0,"7,9",60
STYLISH APARTMENT - CITY CENTER,2861517,Apartamento,Valencia,1,1,€ 120,2019/09/25,2019/09/26,0,"7,8",60
Apartamento Alguer,4005334,Apartamento,Valencia,1,1,€ 125,2019/09/25,2019/09/26,0,"7,5",60
El Globo,24498,Hotel,Valencia,1,1,€ 128,2019/09/25,2019/09/26,1,"7,8",60
