name,propertyId,propertyType,city,rooms,days,price,checkIn,checkOut,stars,score,advance
DREAM APARTMENT NEAR THE BEACH,5162600,Apartamento,Valencia,1,1,€ 170,2019/09/21,2019/09/22,0,,60
"Flat ""Ca Alexandre""",3687859,Apartamento,Valencia,1,1,€ 195,2019/09/21,2019/09/22,0,,60
VALENCIA APARTAMENTO GOYA GRAN TERRAZA,4660558,Apartamento,Valencia,1,1,NA,2019/09/21,2019/09/22,0,"9,8",60
17 PLAZA AYUNTAMIENTO-CENTRO 6p.,4093819,Apartamento,Valencia,1,1,€ 201,2019/09/21,2019/09/22,0,,60
07 PLAZA DEL AYUNTAMIENTO - CENTRO 6personas,4093811,Apartamento,Valencia,1,1,€ 201,2019/09/21,2019/09/22,0,,60
Serranos Apartment,2698760,Apartamento,Valencia,1,1,€ 201,2019/09/21,2019/09/22,0,,60
Espaciosa y cómoda vivienda,5342327,Apartamento,Valencia,1,1,€ 238,2019/09/21,2019/09/22,0,,60
Apartamento con terraza,5238122,Apartahotel,Valencia,1,1,€ 240,2019/09/21,2019/09/22,0,,60
Governor Residence,3799760,Apartahotel,Valencia,1,1,€ 600,2019/09/21,2019/09/22,0,,60
Homely Nest Valencia El Carme,3790877,Apartamento,Valencia,1,1,NA,2019/09/21,2019/09/22,0,"9,8",60
Gulet Why Not,5199364,Hotel,Valencia,1,1,€ 3.600,2019/09/21,2019/09/22,0,,60
MD Oliag I Apartment Ruzafa,2867488,Apartamento,Valencia,1,1,€ 375,2019/09/21,2019/09/22,0,"7,7",60
Guest House Samuel Ros,4161855,Hotel,Valencia,1,1,€ 35,2019/09/21,2019/09/22,0,"7,4",60
Bruno Apartment,2715023,Apartamento,Valencia,1,1,NA,2019/09/21,2019/09/22,0,"9,7",60
Guest House Lebon,3124256,Hotel,Valencia,1,1,€ 40,2019/09/21,2019/09/22,0,7,60
La Flamenca,818359,Hotel,Valencia,1,1,€ 60,2019/09/21,2019/09/22,0,"7,3",60
Centro Valencia Calle Cerrajeros,3476261,Hotel,Valencia,1,1,€ 75,2019/09/21,2019/09/22,0,7,60
Central Station Valencia Hostel,1647017,Hotel,Valencia,1,1,€ 89,2019/09/21,2019/09/22,0,"7,1",60
Avenida del Cid (Centrico),4737683,Apartamento,Valencia,1,1,€ 95,2019/09/21,2019/09/22,0,"7,3",60
Kirei Apartment Na Jordana,1702092,Apartamentos,Valencia,1,1,€ 101,2019/09/21,2019/09/22,0,"7,1",60
Apartment Cabanyal,3172456,Apartamento,Valencia,1,1,NA,2019/09/21,2019/09/22,0,"9,8",60
Cosy Rooms Embajador,369728,Hotel,Valencia,1,1,€ 105,2019/09/21,2019/09/22,2,"7,4",60
Lujoso Apartamento En El Carmen,2814452,Apartamento,Valencia,1,1,€ 116,2019/09/21,2019/09/22,0,"7,4",60
HOSTAL BED OF THE SEA,3974636,Hotel,Valencia,1,1,€ 120,2019/09/21,2019/09/22,0,7,60
Cosy Rooms Bolsería,371606,Hotel,Valencia,1,1,€ 124,2019/09/21,2019/09/22,2,"7,4",60
Apartamento Angel Alcazar 35,2174625,Apartamento,Valencia,1,1,€ 145,2019/09/21,2019/09/22,0,"7,4",60
NWT Monserrat,3728842,Apartamentos,Valencia,1,1,€ 154,2019/09/21,2019/09/22,0,"7,1",60
Apartamento Forn dels Apòstols,3122008,Apartamento,Valencia,1,1,NA,2019/09/21,2019/09/22,0,"9,7",60
Premium Apartments,486507,Apartamentos,Valencia,1,1,€ 159,2019/09/21,2019/09/22,0,7,60
Valencia Luxury Catedral,440778,Apartamentos,Valencia,1,1,€ 190,2019/09/21,2019/09/22,0,"7,2",60
Best Valencia Beach Flat,3246772,Apartamento,Valencia,1,1,€ 192,2019/09/21,2019/09/22,0,"7,1",60
Kirei Apartment En Llop,1765516,Apartamentos,Valencia,1,1,€ 207,2019/09/21,2019/09/22,0,"7,1",60
feliz como en casa,3676196,Hotel,Valencia,1,1,€ 36,2019/09/21,2019/09/22,0,"6,9",60
Loyola Room Habitación en Piso Compartido,3298489,Hotel,Valencia,1,1,€ 39,2019/09/21,2019/09/22,0,"6,7",60
Apartment Cisneros 2,2361375,Apartamento,Valencia,1,1,NA,2019/09/21,2019/09/22,0,"9,7",60
PISO ACOGEDOR,4995780,Hotel,Valencia,1,1,€ 50,2019/09/21,2019/09/22,0,"6,6",60
Apartments Calle Padre Damian,4523326,Apartamentos,Valencia,1,1,€ 105,2019/09/21,2019/09/22,0,"6,9",60
Apartamento para 10 personas,5029963,Apartamento,Valencia,1,1,€ 200,2019/09/21,2019/09/22,0,"6,8",60
Malvarrosa Beach,3546692,Casas y chalets,Valencia,1,1,€ 1.260,2019/09/21,2019/09/22,0,"6,9",60
Habitación con cama doble,4794909,Hotel,Valencia,1,1,€ 41,2019/09/21,2019/09/22,0,"6,4",60
Fun and Sun Center 2,2944416,Hotel,Valencia,1,1,€ 45,2019/09/21,2019/09/22,0,"6,2",60
Valencia Just in the Middle,2965508,Apartamento,Valencia,1,1,NA,2019/09/21,2019/09/22,0,"9,9",60
Casita Esmeralda,2040126,Casa o chalet,Valencia,1,1,€ 139,2019/09/21,2019/09/22,0,"6,4",60
Kirei Apartment San Agustin,1712323,Apartamentos,Valencia,1,1,€ 161,2019/09/21,2019/09/22,0,"6,4",60
Kirei Apartment Portland,4276529,Apartamentos,Valencia,1,1,€ 200,2019/09/21,2019/09/22,0,6,60
OLD TOWN VALENCIA,5160686,Hotel,Valencia,1,1,€ 45,2019/09/21,2019/09/22,0,"5,9",60
Carrer del Bisbe Jaume Pérez,4900140,Hotel,Valencia,1,1,€ 55,2019/09/21,2019/09/22,0,"5,8",60
Home Sweet Home,1223953,Hotel,Valencia,1,1,€ 60,2019/09/21,2019/09/22,0,"5,6",60
Cool Loft Malvarrosa Beach,4309218,Apartamento,Valencia,1,1,NA,2019/09/21,2019/09/22,0,"9,6",60
Oliver,4865093,Hotel,Valencia,1,1,€ 66,2019/09/21,2019/09/22,0,"5,7",60
Gon & Diego House,4899561,Hotel,Valencia,1,1,€ 40,2019/09/21,2019/09/22,0,"5,2",60
Kirei Apartment Berlin,4504570,Apartamentos,Valencia,1,1,€ 156,2019/09/21,2019/09/22,0,"5,4",60
Port of Valencia,3805735,Casa o chalet,Valencia,1,1,€ 150,2019/09/21,2019/09/22,0,"4,7",60
Kirei Apartment Atlanta,4304662,Apartamento,Valencia,1,1,€ 186,2019/09/21,2019/09/22,0,"4,5",60
Malvarosa,3820590,Apartamento,Valencia,1,1,€ 290,2019/09/21,2019/09/22,0,"3,9",60
vosotros sereis parte de mi familia.,5299568,Hotel,Valencia,1,1,€ 60,2019/09/21,2019/09/22,0,,60
Rooms El Picolino,5326859,Hotel,Valencia,1,1,€ 65,2019/09/21,2019/09/22,0,,60
Mi casa es vuestra casa,4967097,Hotel,Valencia,1,1,€ 70,2019/09/21,2019/09/22,0,,60
Magnífico Adosado- cerca de Valencia ciudad- en zona de montaña y playa fluvial,5354233,Casa o chalet,Valencia,1,1,€ 89,2019/09/21,2019/09/22,0,,60
APARTAMENTO VALENCIA CENTRO,5145920,Apartamento,Valencia,1,1,€ 90,2019/09/21,2019/09/22,0,,60
Calle de Frederica Montseny 'Política' Casa o chalet,5152866,Casa o chalet,Valencia,1,1,€ 90,2019/09/21,2019/09/22,0,,60
Nest Style Valencia -Proxima apertura-,5219046,Hotel,Valencia,1,1,€ 110,2019/09/21,2019/09/22,3,,60
Casual Socarrat Valencia,5142800,Hotel,Valencia,1,1,€ 111,2019/09/21,2019/09/22,3,,60
My Reception - Ripalda,5131580,Apartamento,Valencia,1,1,€ 115,2019/09/21,2019/09/22,0,,60
Kirei Apartment Dublin,4639542,Apartamento,Valencia,1,1,€ 150,2019/09/21,2019/09/22,0,,60
Kirei Casa Burguerini.,4552106,Apartamentos,Valencia,1,1,€ 161,2019/09/21,2019/09/22,0,,60
Precioso apartamento al lado de la catedral,5410223,Apartamentos,Valencia,1,1,€ 164,2019/09/21,2019/09/22,0,,60
Vincci Palace,94163,Hotel,Valencia,1,1,€ 224,2019/09/21,2019/09/22,4,"8,6",60
Hospes Palau de La Mar,93823,Hotel,Valencia,1,1,€ 230,2019/09/21,2019/09/22,5,"8,8",60
Center Puerto Apartments,4875083,Hotel,Valencia,1,1,NA,2019/09/21,2019/09/22,0,"9,6",60
Ca Carmela,2466364,Hotel,Valencia,1,1,€ 250,2019/09/21,2019/09/22,0,"8,9",60
Cathedral Suites Hotel,1736257,Hotel,Valencia,1,1,€ 288,2019/09/21,2019/09/22,4,"8,9",60
Zerka Sendra,4657122,Hotel,Valencia,1,1,€ 301,2019/09/21,2019/09/22,0,"8,9",60
Habitación Céntrica en Casa de Familia,4289877,Hotel,Valencia,1,1,€ 35,2019/09/21,2019/09/22,0,"8,1",60
HOSPEDAJE PESET,4718074,Hotel,Valencia,1,1,€ 40,2019/09/21,2019/09/22,0,"8,2",60
Habitacion en Valencia Barata,4861796,Hotel,Valencia,1,1,€ 45,2019/09/21,2019/09/22,0,"8,2",60
Luxury Beach House,3602594,Hotel,Valencia,1,1,NA,2019/09/21,2019/09/22,0,"9,7",60
Purple Nest Hostel,25278,Hotel,Valencia,1,1,€ 49,2019/09/21,2019/09/22,0,8,60
Hostal Abastos,257057,Hotel,Valencia,1,1,€ 50,2019/09/21,2019/09/22,2,"8,2",60
Como en casa,4802186,Hotel,Valencia,1,1,€ 54,2019/09/21,2019/09/22,0,8,60
Alquiler Habitacion Centro De Valencia,3977106,Hotel,Valencia,1,1,€ 55,2019/09/21,2019/09/22,0,"8,1",60
Pension MonaLisa Luxury Suites,3834224,Hotel,Valencia,1,1,€ 60,2019/09/21,2019/09/22,0,"8,2",60
Aparthotel Valencia Rental,17344,Hotel,Valencia,1,1,€ 62,2019/09/21,2019/09/22,0,8,60
Apartamento centro frente a Torres de Serrano,3408067,Hotel,Valencia,1,1,NA,2019/09/21,2019/09/22,0,"9,5",60
L'Otelet By Sweet,1467935,Hotel,Valencia,1,1,€ 64,2019/09/21,2019/09/22,0,"8,4",60
B&B Hi Valencia Canovas,305349,Hotel,Valencia,1,1,€ 65,2019/09/21,2019/09/22,0,"8,4",60
Red Nest Hostel,92283,Hotel,Valencia,1,1,€ 70,2019/09/21,2019/09/22,0,"8,2",60
Reina 12,1684198,Hotel,Valencia,1,1,€ 70,2019/09/21,2019/09/22,0,"8,3",60
Happy Apartments Valencia,456043,Hotel,Valencia,1,1,€ 71,2019/09/21,2019/09/22,0,"8,2",60
Tryp Valencia Feria,92852,Hotel,Valencia,1,1,€ 72,2019/09/21,2019/09/22,4,"8,3",60
El Corazon de Canovas,2634817,Hotel,Valencia,1,1,NA,2019/09/21,2019/09/22,0,"9,7",60
Rio Turia Skatehouse,4624602,Hotel,Valencia,1,1,€ 74,2019/09/21,2019/09/22,0,8,60
City Suites Apartments,3091106,Hotel,Valencia,1,1,€ 74,2019/09/21,2019/09/22,0,"8,4",60
Hotel Olympia Universidades,1301731,Hotel,Valencia,1,1,€ 75,2019/09/21,2019/09/22,3,"8,4",60
Residencia Universitaria Damia Bonet,247451,Hotel,Valencia,1,1,€ 75,2019/09/21,2019/09/22,0,"8,4",60
Homestay Valencia,2597106,Hotel,Valencia,1,1,€ 80,2019/09/21,2019/09/22,0,"8,1",60
Room in apartment,3701648,Hotel,Valencia,1,1,€ 81,2019/09/21,2019/09/22,0,8,60
Apartamento Bolseria 28,881275,Hotel,Valencia,1,1,NA,2019/09/21,2019/09/22,0,"9,6",60
Apartamentos Plaza Picasso,97063,Hotel,Valencia,1,1,€ 81,2019/09/21,2019/09/22,0,"8,4",60
Ilunion Aqua 3,92776,Hotel,Valencia,1,1,€ 83,2019/09/21,2019/09/22,3,"8,3",60
Sol Playa,12656,Hotel,Valencia,1,1,€ 87,2019/09/21,2019/09/22,2,"8,3",60
Hotel Sercotel Acteón Valencia,90495,Hotel,Valencia,1,1,€ 90,2019/09/21,2019/09/22,4,"8,4",60
NH Valencia Center,90727,Hotel,Valencia,1,1,€ 93,2019/09/21,2019/09/22,4,"8,3",60
NH Valencia Las Ciencias,90725,Hotel,Valencia,1,1,€ 93,2019/09/21,2019/09/22,3,8,60
Barracart Apartments,2125836,Hotel,Valencia,1,1,NA,2019/09/21,2019/09/22,0,"9,6",60
Senator Parque Central Hotel,274963,Hotel,Valencia,1,1,€ 97,2019/09/21,2019/09/22,4,"8,1",60
APARTAMENTO LAS MELLIZAS,4651578,Hotel,Valencia,1,1,€ 50,2019/09/21,2019/09/22,0,"8,4",60
Ilunion Valencia 4,754329,Hotel,Valencia,1,1,€ 99,2019/09/21,2019/09/22,4,8,60
Hotel Valencia Center,91285,Hotel,Valencia,1,1,€ 102,2019/09/21,2019/09/22,4,"8,4",60
Primus Valencia,331871,Hotel,Valencia,1,1,€ 103,2019/09/21,2019/09/22,4,"8,3",60
La Casa,3758586,Hotel,Valencia,1,1,€ 105,2019/09/21,2019/09/22,0,"8,3",60
Sweet Hotel Renasa,274818,Hotel,Valencia,1,1,€ 109,2019/09/21,2019/09/22,3,8,60
Apartamento Ciudad de las Artes y las Ciencias,4353552,Hotel,Valencia,1,1,€ 110,2019/09/21,2019/09/22,0,"8,4",60
NH Ciudad de Valencia,90729,Hotel,Valencia,1,1,€ 110,2019/09/21,2019/09/22,3,"8,1",60
Holiday Inn Express Ciudad de las Ciencias,96737,Hotel,Valencia,1,1,€ 110,2019/09/21,2019/09/22,3,8,60
Silken Puerta Valencia,91182,Hotel,Valencia,1,1,€ 115,2019/09/21,2019/09/22,4,"8,3",60
Cozy fisherman's house,2241663,Hotel,Valencia,1,1,€ 115,2019/09/21,2019/09/22,0,"8,1",60
NH Valencia Las Artes,90731,Hotel,Valencia,1,1,€ 116,2019/09/21,2019/09/22,4,"8,3",60
Hotel Medium Valencia,96838,Hotel,Valencia,1,1,€ 117,2019/09/21,2019/09/22,4,"8,2",60
Valencian Dreams Lonja,4757385,Apartamento,Valencia,1,1,€ 128,2019/09/21,2019/09/22,0,"9,7",60
Ramirez Flats & Bar,4124528,Apartahotel,Valencia,1,1,€ 135,2019/09/21,2019/09/22,0,"9,5",60
VALENCIA APARTAMENTO GOYA,4256653,Apartamento,Valencia,1,1,NA,2019/09/21,2019/09/22,0,10,60
Casual de las Artes Valencia,538056,Hotel,Valencia,1,1,€ 117,2019/09/21,2019/09/22,3,"8,4",60
Apartamento Privado Próximo a Playa y Ciencias,3783163,Hotel,Valencia,1,1,€ 120,2019/09/21,2019/09/22,0,"8,1",60
Olympia Flats,4212801,Hotel,Valencia,1,1,€ 70,2019/09/21,2019/09/22,0,"9,7",60
la casita,4333253,Apartamento,Valencia,1,1,€ 140,2019/09/21,2019/09/22,0,"9,8",60
Ciudad Ciencias- Lujo- Parking- Wi-Fi.,4999636,Apartamento,Valencia,1,1,€ 200,2019/09/21,2019/09/22,0,"9,8",60
Loft Superior el Carmen,2784473,Apartamento,Valencia,1,1,€ 212,2019/09/21,2019/09/22,0,"9,5",60
Preciosos Apartamentos en el Carmen,2918345,Hotel,Valencia,1,1,€ 122,2019/09/21,2019/09/22,0,"8,1",60
Valenciaflats Torres de Serrano,17468,Hotel,Valencia,1,1,€ 124,2019/09/21,2019/09/22,0,"8,3",60
Cantagua Hostel,4074640,Hotel,Valencia,1,1,€ 22,2019/09/21,2019/09/22,0,"9,1",60
Art&Flats Bed&Breakfast,5238345,Hotel,Valencia,1,1,€ 50,2019/09/21,2019/09/22,0,"9,4",60
Hostal Antigua Morellana,1273937,Hotel,Valencia,1,1,NA,2019/09/21,2019/09/22,1,"9,5",60
Habitación privada a 1500 metros de la playa,3789910,Hotel,Valencia,1,1,€ 60,2019/09/21,2019/09/22,0,"9,4",60
Apartamento Las Torres,2223557,Apartamento,Valencia,1,1,€ 70,2019/09/21,2019/09/22,0,9,60
Moon Valencia,3560698,Apartamentos,Valencia,1,1,€ 88,2019/09/21,2019/09/22,0,9,60
You & Co. Saler Beach boutique,4533007,Hotel,Valencia,1,1,€ 89,2019/09/21,2019/09/22,3,"9,3",60
Habitación doble,3599930,Hotel,Valencia,1,1,€ 90,2019/09/21,2019/09/22,0,9,60
Dama Del Puerto,3230781,Apartamento,Valencia,1,1,€ 100,2019/09/21,2019/09/22,0,"9,1",60
Colors Rooms,675839,Hotel,Valencia,1,1,NA,2019/09/21,2019/09/22,0,"9,5",60
Apartamento cerca de la Playa y el Centro,2620264,Apartamento,Valencia,1,1,€ 100,2019/09/21,2019/09/22,0,9,60
Live in Chianti,2227491,Hotel,Valencia,1,1,€ 104,2019/09/21,2019/09/22,0,"9,1",60
BUBUSUITES by Bubuflats,2389776,Hotel,Valencia,1,1,€ 105,2019/09/21,2019/09/22,0,"9,3",60
Bianca,4232781,Apartamentos,Valencia,1,1,€ 107,2019/09/21,2019/09/22,0,9,60
La casita de Palomar,2132386,Apartamentos,Valencia,1,1,€ 109,2019/09/21,2019/09/22,0,"9,4",60
Valencian Apartment,2298621,Apartamento,Valencia,1,1,€ 112,2019/09/21,2019/09/22,0,9,60
Maison Reina B&B,5004812,Hotel,Valencia,1,1,NA,2019/09/21,2019/09/22,0,"9,5",60
Apartment close to park Marchalenes,4418670,Apartamento,Valencia,1,1,€ 120,2019/09/21,2019/09/22,0,"9,3",60
L'Arbre,3972359,Apartamento,Valencia,1,1,€ 127,2019/09/21,2019/09/22,0,"9,2",60
Mon Suites Catedral,485679,Apartamentos,Valencia,1,1,€ 129,2019/09/21,2019/09/22,0,"9,2",60
Apartamentos Naranja y Limòn,2250906,Apartamentos,Valencia,1,1,€ 130,2019/09/21,2019/09/22,0,"9,3",60
Loft zona Pechina en Valencia centro,2524985,Apartamento,Valencia,1,1,€ 138,2019/09/21,2019/09/22,0,"9,2",60
Hostal Venecia,92883,Hotel,Valencia,1,1,€ 140,2019/09/21,2019/09/22,2,"9,1",60
Habitación- Familiar,4625132,Hotel,Valencia,1,1,NA,2019/09/21,2019/09/22,0,"9,5",60
Mon Suites San Nicolas,4117225,Apartamentos,Valencia,1,1,€ 143,2019/09/21,2019/09/22,0,"9,1",60
Sorolla Centro,90896,Hotel,Valencia,1,1,€ 143,2019/09/21,2019/09/22,3,"9,1",60
Valenciaflats Centro Ciudad,18544,Apartamentos,Valencia,1,1,€ 147,2019/09/21,2019/09/22,0,"9,1",60
Sweet Caroline Apartment,1811784,Apartamento,Valencia,1,1,€ 150,2019/09/21,2019/09/22,0,"9,2",60
Apartamentos Wallace,1698355,Apartamentos,Valencia,1,1,€ 152,2019/09/21,2019/09/22,0,"9,2",60
Center City Flats,861452,Apartamentos,Valencia,1,1,€ 154,2019/09/21,2019/09/22,0,"9,1",60
Cómoda habitación Valencia,4200488,Hotel,Valencia,1,1,NA,2019/09/21,2019/09/22,0,"9,5",60
NH Collection Colón Valencia,3828811,Hotel,Valencia,1,1,€ 169,2019/09/21,2019/09/22,4,"9,2",60
Live in Chianti Apartaments,2882632,Apartamentos,Valencia,1,1,€ 169,2019/09/21,2019/09/22,0,"9,1",60
Jardines del Turia - Espacioso apartamento,2734126,Apartamento,Valencia,1,1,€ 170,2019/09/21,2019/09/22,0,"9,2",60
The Flow House,4762375,Apartamentos,Valencia,1,1,€ 170,2019/09/21,2019/09/22,0,"9,4",60
Arena's Apartament,2156905,Apartamento,Valencia,1,1,€ 170,2019/09/21,2019/09/22,0,"9,2",60
Valenciaflats Ciudad de las Ciencias,93676,Apartamentos,Valencia,1,1,€ 170,2019/09/21,2019/09/22,0,"9,1",60
MD Design Hotel - Portal del Real,2391685,Hotel,Valencia,1,1,€ 190,2019/09/21,2019/09/22,2,"9,1",60
Apartamento Panorámico- próximo Playa- Wifi-AC,4978144,Apartamento,Valencia,1,1,€ 200,2019/09/21,2019/09/22,0,"9,2",60
Hi Valencia Cánovas,4312120,Apartamentos,Valencia,1,1,€ 200,2019/09/21,2019/09/22,0,9,60
Hi Valencia Apartments - Jorge Juan,2373701,Apartamento,Valencia,1,1,€ 230,2019/09/21,2019/09/22,0,"9,4",60
MARQUÉS HOUSE 4* SUP,2118880,Hotel,Valencia,1,1,€ 239,2019/09/21,2019/09/22,4,"9,4",60
MYR Hotel Plaza Mercado & Spa,1619029,Apartahotel,Valencia,1,1,€ 239,2019/09/21,2019/09/22,0,"9,2",60
Vincci Mercat,1279484,Hotel,Valencia,1,1,€ 240,2019/09/21,2019/09/22,4,9,60
Caro Hotel,348132,Hotel,Valencia,1,1,€ 255,2019/09/21,2019/09/22,5,"9,2",60
Quart Youth Hostel,476418,Hotel,Valencia,1,1,€ 27,2019/09/21,2019/09/22,0,"8,7",60
Russafa Youth Hostel,345134,Hotel,Valencia,1,1,€ 52,2019/09/21,2019/09/22,0,"8,6",60
Home Youth Hostel by Feetup Hostels,189322,Hotel,Valencia,1,1,€ 55,2019/09/21,2019/09/22,0,"8,8",60
Namaste Rooms,3799642,Hotel,Valencia,1,1,€ 65,2019/09/21,2019/09/22,0,"8,7",60
Atico Ciutat Vella,3446230,Apartamentos,Valencia,1,1,€ 125,2019/09/21,2019/09/22,0,"8,4",60
Eurostars Rey Don Jaime,91520,Hotel,Valencia,1,1,€ 125,2019/09/21,2019/09/22,4,"8,2",60
Valencia what else...,2550483,Apartamento,Valencia,1,1,NA,2019/09/21,2019/09/22,0,"9,5",60
United Colors of Apartments - Catedral,1301545,Apartamentos,Valencia,1,1,€ 131,2019/09/21,2019/09/22,0,"8,1",60
MD Modern Hotel - Jardines,305447,Hotel,Valencia,1,1,€ 138,2019/09/21,2019/09/22,1,"8,2",60
Sweet Hotel Continental,93856,Hotel,Valencia,1,1,€ 144,2019/09/21,2019/09/22,2,"8,3",60
San Andrey,2556080,Apartamento,Valencia,1,1,€ 155,2019/09/21,2019/09/22,0,"8,4",60
Apartment Florista,2150187,Apartamento,Valencia,1,1,€ 156,2019/09/21,2019/09/22,0,8,60
Eurostars Gran Valencia,90484,Hotel,Valencia,1,1,€ 161,2019/09/21,2019/09/22,4,"8,3",60
Colón Market Downtown,4607745,Apartamento,Valencia,1,1,NA,2019/09/21,2019/09/22,0,"9,7",60
Kirei Apartment Calgary,4768322,Apartamento,Valencia,1,1,€ 161,2019/09/21,2019/09/22,0,"8,4",60
Hotel Conqueridor,91047,Hotel,Valencia,1,1,€ 162,2019/09/21,2019/09/22,4,"8,4",60
Musico Peydro Apartments,3765069,Apartamentos,Valencia,1,1,€ 188,2019/09/21,2019/09/22,0,"8,2",60
NWT Central Station Apartments,3964093,Apartamento,Valencia,1,1,€ 189,2019/09/21,2019/09/22,0,"8,4",60
SH Ingles Boutique Hotel,92956,Hotel,Valencia,1,1,€ 200,2019/09/21,2019/09/22,4,"8,4",60
Vlc Apartaments el Carmen,389902,Apartamentos,Valencia,1,1,€ 220,2019/09/21,2019/09/22,0,"8,2",60
Apartamento,3139431,Apartamento,Valencia,1,1,NA,2019/09/21,2019/09/22,0,"9,5",60
Malvarrosa Calle Pavia,3608764,Casa o chalet,Valencia,1,1,€ 271,2019/09/21,2019/09/22,0,"8,3",60
Casa Quintero Valencia Playa Cabañal,3715186,Casa o chalet,Valencia,1,1,€ 280,2019/09/21,2019/09/22,0,"8,4",60
MD Benlliure Beach.,1957258,Apartamento,Valencia,1,1,€ 296,2019/09/21,2019/09/22,0,8,60
MD Sueca. Apartment with Terrace Ruzafa,2551179,Apartamento,Valencia,1,1,€ 375,2019/09/21,2019/09/22,0,"8,1",60
UP Hostel Valencia,1710137,Hotel,Valencia,1,1,€ 15,2019/09/21,2019/09/22,0,"7,8",60
Apart and Benef,2291245,Hotel,Valencia,1,1,€ 34,2019/09/21,2019/09/22,0,"7,7",60
Apartamento Centrico - Viveros,2461987,Apartamento,Valencia,1,1,NA,2019/09/21,2019/09/22,0,"9,5",60
Casual Civilizaciones Valencia,449777,Hotel,Valencia,1,1,€ 45,2019/09/21,2019/09/22,0,"7,9",60
Habitacion PLaza Ayuntamiento,4365340,Hotel,Valencia,1,1,€ 50,2019/09/21,2019/09/22,0,"7,6",60
Pensión Universal,304276,Hotel,Valencia,1,1,€ 50,2019/09/21,2019/09/22,0,"7,9",60
Habitación San Cayetano,4624401,Hotel,Valencia,1,1,€ 50,2019/09/21,2019/09/22,0,"7,7",60
Voyagers Inn Homestay,2682156,Hotel,Valencia,1,1,€ 52,2019/09/21,2019/09/22,0,"7,8",60
Hospederia del Pilar,327766,Hotel,Valencia,1,1,€ 54,2019/09/21,2019/09/22,0,"7,9",60
JL Ciudad de las Artes,3074378,Apartamento,Valencia,1,1,NA,2019/09/21,2019/09/22,0,"9,6",60
Hostal Moratin,326015,Hotel,Valencia,1,1,€ 54,2019/09/21,2019/09/22,1,"7,9",60
Hotel Beleret,94652,Hotel,Valencia,1,1,€ 58,2019/09/21,2019/09/22,3,"7,6",60
UNIK. Apartments Valencia,2241282,Apartamentos,Valencia,1,1,€ 75,2019/09/21,2019/09/22,0,"8,5",60
Homestay Carrer Sagun,5006434,Hotel,Valencia,1,1,€ 85,2019/09/21,2019/09/22,0,"8,6",60
Valencia City Host,1177077,Hotel,Valencia,1,1,€ 59,2019/09/21,2019/09/22,0,"7,9",60
Hostal Bisbal,235665,Hotel,Valencia,1,1,€ 60,2019/09/21,2019/09/22,1,"7,5",60
Habitación cerca del centro,2789581,Hotel,Valencia,1,1,€ 63,2019/09/21,2019/09/22,0,"7,7",60
Habitación- Familiar,4625132,Hotel,Valencia,1,1,NA,2019/09/21,2019/09/22,0,"9,5",60
València Centre Túria,2185255,Apartamento,Valencia,1,1,€ 94,2019/09/21,2019/09/22,0,"8,8",60
Hotel Turia,14441,Hotel,Valencia,1,1,€ 75,2019/09/21,2019/09/22,4,"7,5",60
APARTAMENTO DE DISEÑO EN PLAZA MANISES,2823390,Apartamento,Valencia,1,1,NA,2019/09/21,2019/09/22,0,"9,7",60
Expo Hotel Valencia,91223,Hotel,Valencia,1,1,€ 78,2019/09/21,2019/09/22,3,"7,6",60
Hulot B&B Valencia,585429,Hotel,Valencia,1,1,€ 95,2019/09/21,2019/09/22,0,"8,5",60
Valencia Lounge Hostel,337203,Hotel,Valencia,1,1,€ 79,2019/09/21,2019/09/22,0,"7,8",60
B&B Hotel Valencia Ciudad de las Ciencias,92242,Hotel,Valencia,1,1,€ 80,2019/09/21,2019/09/22,3,"7,5",60
SEA YOU HOTEL PORT VALENCIA,92328,Hotel,Valencia,1,1,€ 84,2019/09/21,2019/09/22,4,"7,6",60
Melia Valencia,290493,Hotel,Valencia,1,1,€ 98,2019/09/21,2019/09/22,4,"8,8",60
Sercotel Sorolla Palace,93646,Hotel,Valencia,1,1,€ 98,2019/09/21,2019/09/22,4,"8,6",60
Checkin Valencia,93743,Hotel,Valencia,1,1,€ 85,2019/09/21,2019/09/22,4,"7,8",60
MyHomestay,2921259,Hotel,Valencia,1,1,€ 85,2019/09/21,2019/09/22,0,"7,7",60
Ilunion Valencia 3,92818,Hotel,Valencia,1,1,€ 88,2019/09/21,2019/09/22,3,"7,9",60
Apartamento Alguer,4005334,Apartamento,Valencia,1,1,€ 125,2019/09/21,2019/09/22,0,"7,5",60
BUBUFLATS Mossén,1141763,Apartamentos,Valencia,1,1,€ 100,2019/09/21,2019/09/22,0,"8,9",60
Hotel Malcom and Barret,483261,Hotel,Valencia,1,1,€ 102,2019/09/21,2019/09/22,3,"8,7",60
Cómoda habitación Valencia,4200488,Hotel,Valencia,1,1,NA,2019/09/21,2019/09/22,0,"9,5",60
Apartment Plaza de la Merced,3457190,Apartamento,Valencia,1,1,€ 137,2019/09/21,2019/09/22,0,"7,9",60
Kirei Apartment San Vicente,1774062,Apartamento,Valencia,1,1,€ 156,2019/09/21,2019/09/22,0,"7,5",60
El 16 Ruzafa,865461,Apartamentos,Valencia,1,1,€ 159,2019/09/21,2019/09/22,0,"7,7",60
Spain Host Valencia- Plaza del Ayuntamiento,2257049,Apartamentos,Valencia,1,1,€ 160,2019/09/21,2019/09/22,0,"7,6",60
SKY TOURISTIC ATTIC,281640,Apartamentos,Valencia,1,1,€ 108,2019/09/21,2019/09/22,0,"8,5",60
Casa del Patriarca,364834,Hotel,Valencia,1,1,€ 109,2019/09/21,2019/09/22,0,"8,9",60
Apartamento cerca de la playa y Ciudad de las Ciencias,4576062,Apartamento,Valencia,1,1,€ 164,2019/09/21,2019/09/22,0,"7,8",60
Loft el Carmen amazing views,4932621,Apartamento,Valencia,1,1,€ 182,2019/09/21,2019/09/22,0,"7,9",60
Valencia Luxury Attics Ayuntamiento,337092,Apartamentos,Valencia,1,1,€ 220,2019/09/21,2019/09/22,0,"7,5",60
MD Art Apartment Ruzafa,2550955,Apartamento,Valencia,1,1,€ 291,2019/09/21,2019/09/22,0,"7,7",60
Hotel El Siglo,1741479,Hotel,Valencia,1,1,€ 110,2019/09/21,2019/09/22,3,"8,5",60
New Trendy apartment,2426154,Apartamento,Valencia,1,1,€ 110,2019/09/21,2019/09/22,0,"8,8",60
Living Valencia - Patacona Beach 56,3718985,Apartamentos,Valencia,1,1,€ 115,2019/09/21,2019/09/22,0,"8,8",60
MD Pelayo with terrace,1979067,Apartamento,Valencia,1,1,€ 291,2019/09/21,2019/09/22,0,"7,9",60
MD Abastos Center,2551194,Apartamento,Valencia,1,1,€ 329,2019/09/21,2019/09/22,0,"7,7",60
Hotel Valencia Oceanic Managed by Melia Hotels International,91522,Hotel,Valencia,1,1,€ 115,2019/09/21,2019/09/22,4,"8,6",60
Luxury Beach House,3602594,Casa o chalet,Valencia,1,1,NA,2019/09/21,2019/09/22,0,"9,7",60
Barceló Valencia,91988,Hotel,Valencia,1,1,€ 117,2019/09/21,2019/09/22,4,"8,6",60
València Centre Torres de Quart,886289,Apartamentos,Valencia,1,1,€ 119,2019/09/21,2019/09/22,0,"8,9",60
Hotel Kramer,91106,Hotel,Valencia,1,1,€ 119,2019/09/21,2019/09/22,3,"8,8",60
Jardín Botánico Hotel Boutique,93369,Hotel,Valencia,1,1,€ 120,2019/09/21,2019/09/22,3,"8,9",60
SH Valencia Palace,91497,Hotel,Valencia,1,1,€ 120,2019/09/21,2019/09/22,5,"8,5",60
Apartamento CT,2397544,Apartamento,Valencia,1,1,€ 120,2019/09/21,2019/09/22,0,"8,7",60
Travel Habitat Port Valencia.,4986124,Apartamentos,Valencia,1,1,NA,2019/09/21,2019/09/22,0,"9,7",60
Ilunion Aqua 4,92777,Hotel,Valencia,1,1,€ 123,2019/09/21,2019/09/22,4,"8,5",60
Valenciaflats Centro Histórico,94781,Apartamentos,Valencia,1,1,€ 124,2019/09/21,2019/09/22,0,"8,7",60
Burjassot Mestalla,3058627,Apartamento,Valencia,1,1,€ 125,2019/09/21,2019/09/22,0,"8,7",60
AC Hotel Valencia- a Marriott Lifestyle Hotel,91063,Hotel,Valencia,1,1,€ 129,2019/09/21,2019/09/22,4,"8,6",60
Hotel San Lorenzo Boutique,1307718,Hotel,Valencia,1,1,€ 135,2019/09/21,2019/09/22,3,"8,6",60
Rooms Ciencias,94126,Hotel,Valencia,1,1,€ 135,2019/09/21,2019/09/22,0,"8,9",60
Center Puerto Apartments,4875083,Apartamento,Valencia,1,1,NA,2019/09/21,2019/09/22,0,"9,6",60
Zenit Valencia,92327,Hotel,Valencia,1,1,€ 135,2019/09/21,2019/09/22,4,"8,8",60
Pio XII Apartments Valencia,402080,Apartamentos,Valencia,1,1,€ 135,2019/09/21,2019/09/22,0,"8,5",60
Les flors,3985046,Apartamento,Valencia,1,1,€ 138,2019/09/21,2019/09/22,0,"8,9",60
Petit Palace Ruzafa,90792,Hotel,Valencia,1,1,€ 139,2019/09/21,2019/09/22,3,"8,7",60
Apartments in Villa Oliva Tossal Gros,3083529,Casa o chalet,Valencia,1,1,€ 140,2019/09/21,2019/09/22,0,"8,8",60
One Shot Colón 46,1394168,Hotel,Valencia,1,1,€ 143,2019/09/21,2019/09/22,3,"8,7",60
Casa Calle Conquista,4691493,Apartamento,Valencia,1,1,NA,2019/09/21,2019/09/22,0,"9,6",60
Blanq Carmen Hotel,97069,Hotel,Valencia,1,1,€ 148,2019/09/21,2019/09/22,3,"8,7",60
AC Hotel Colon Valencia- a Marriott Lifestyle Hotel,1117150,Hotel,Valencia,1,1,€ 149,2019/09/21,2019/09/22,4,"8,6",60
Soho Valencia,1538641,Apartahotel,Valencia,1,1,€ 149,2019/09/21,2019/09/22,0,"8,9",60
Stylish newly renovated in great location /WIFI,3661070,Apartamento,Valencia,1,1,€ 149,2019/09/21,2019/09/22,0,"8,6",60
Hotel Mediterraneo Valencia,92412,Hotel,Valencia,1,1,€ 152,2019/09/21,2019/09/22,3,"8,8",60
El Palacete Gran Via,3483148,Hotel,Valencia,1,1,€ 155,2019/09/21,2019/09/22,0,"8,7",60
Valenciaflats Mercado Central,307677,Apartamentos,Valencia,1,1,€ 161,2019/09/21,2019/09/22,0,"8,9",60
ValentiaApartments - MercadoCentral,4185241,Apartamentos,Valencia,1,1,€ 164,2019/09/21,2019/09/22,0,"8,7",60
Lotelito,570027,Hotel,Valencia,1,1,€ 166,2019/09/21,2019/09/22,0,"8,9",60
Flatsforyou Marina,1793012,Apartamentos,Valencia,1,1,€ 180,2019/09/21,2019/09/22,0,"8,7",60
Puerta de Serranos,2734333,Apartamentos,Valencia,1,1,€ 185,2019/09/21,2019/09/22,0,"8,7",60
Vincci Lys,91183,Hotel,Valencia,1,1,€ 192,2019/09/21,2019/09/22,4,"8,9",60
The Westin Valencia,93321,Hotel,Valencia,1,1,€ 198,2019/09/21,2019/09/22,5,"8,7",60
Zerka Centro,4425975,Apartamentos,Valencia,1,1,€ 199,2019/09/21,2019/09/22,0,"8,5",60
Casual del Cine Valencia,572187,Hotel,Valencia,1,1,€ 200,2019/09/21,2019/09/22,2,"8,6",60
Biopark View Apartment,2381901,Apartamento,Valencia,1,1,€ 207,2019/09/21,2019/09/22,0,"8,9",60
One Shot Palacio Reina Victoria 04,90885,Hotel,Valencia,1,1,€ 212,2019/09/21,2019/09/22,4,"8,6",60
Melia Plaza Valencia,13270,Hotel,Valencia,1,1,€ 220,2019/09/21,2019/09/22,4,"8,9",60
