name,propertyId,propertyType,city,rooms,days,price,checkIn,checkOut,stars,score,advance
Magnífico Adosado- cerca de Valencia ciudad- en zona de montaña y playa fluvial,5354233,Hotel,Valencia,1,1,€ 89,2019/08/06,2019/08/07,0,,14
Miresa flats 2.1A,5399747,Hotel,Valencia,1,1,€ 90,2019/08/06,2019/08/07,0,,14
Classic Flat Valencia,4245614,Hotel,Valencia,1,1,NA,2019/08/06,2019/08/07,0,"9,5",14
Casual Socarrat Valencia,5142800,Hotel,Valencia,1,1,€ 98,2019/08/06,2019/08/07,3,,14
ÁTICO PTA 13 EN EL CENTRO DE VALENCIA VT-45727-T,4612077,Hotel,Valencia,1,1,€ 110,2019/08/06,2019/08/07,0,,14
flat climatisation for families and friends near beach and old city soler,5286256,Hotel,Valencia,1,1,€ 110,2019/08/06,2019/08/07,0,,14
Kirei Apartment Vienna,4639797,Hotel,Valencia,1,1,€ 115,2019/08/06,2019/08/07,0,,14
Beach apartment close to Marina Real,4749304,Hotel,Valencia,1,1,€ 120,2019/08/06,2019/08/07,0,,14
Miresa flats,5300418,Hotel,Valencia,1,1,€ 125,2019/08/06,2019/08/07,0,,14
Constitución,4229663,Hotel,Valencia,1,1,NA,2019/08/06,2019/08/07,0,"9,6",14
Kirei Apartment Dublin,4639542,Hotel,Valencia,1,1,€ 126,2019/08/06,2019/08/07,0,,14
CATHEDRAL ATTIC 1BR- 2BA-TERRACE-VIEW-WI-FI-A/C,5264848,Hotel,Valencia,1,1,€ 136,2019/08/06,2019/08/07,0,,14
Kirei Casa Burguerini.,4552106,Hotel,Valencia,1,1,€ 137,2019/08/06,2019/08/07,0,,14
Marítim - Serrería Апартаменты,4899808,Hotel,Valencia,1,1,€ 161,2019/08/06,2019/08/07,0,,14
Precioso apartamento al lado de la catedral,5410223,Hotel,Valencia,1,1,€ 164,2019/08/06,2019/08/07,0,,14
"Flat ""Ca Alexandre""",3687859,Hotel,Valencia,1,1,€ 220,2019/08/06,2019/08/07,0,,14
Disfruta - Enjoy Valencia Oceanografic,4121345,Hotel,Valencia,1,1,NA,2019/08/06,2019/08/07,0,"9,6",14
Espaciosa y cómoda vivienda,5342327,Hotel,Valencia,1,1,€ 238,2019/08/06,2019/08/07,0,,14
07 PLAZA DEL AYUNTAMIENTO - CENTRO 6personas,4093811,Hotel,Valencia,1,1,€ 239,2019/08/06,2019/08/07,0,,14
Apartamento con terraza,5238122,Hotel,Valencia,1,1,€ 240,2019/08/06,2019/08/07,0,,14
Governor Residence,3799760,Hotel,Valencia,1,1,€ 600,2019/08/06,2019/08/07,0,,14
Gulet Why Not,5199364,Hotel,Valencia,1,1,€ 3.600,2019/08/06,2019/08/07,0,,14
Silken Puerta Valencia,91182,Hotel,Valencia,1,1,€ 115,2019/08/06,2019/08/07,4,"8,3",14
Apartment near City of Arts 2,3033254,Apartamentos,Valencia,1,1,€ 125,2019/08/06,2019/08/07,0,"8,3",14
Centro en Valencia,2885222,Apartamento,Valencia,1,1,NA,2019/08/06,2019/08/07,0,"9,5",14
Eurostars Rey Don Jaime,91520,Hotel,Valencia,1,1,€ 125,2019/08/06,2019/08/07,4,"8,2",14
Apartment near City of Arts,2242431,Apartamentos,Valencia,1,1,€ 125,2019/08/06,2019/08/07,0,"8,3",14
Kirei Apartment Calgary,4768322,Apartamento,Valencia,1,1,€ 126,2019/08/06,2019/08/07,0,"8,4",14
Hotel Valencia Center,91285,Hotel,Valencia,1,1,€ 126,2019/08/06,2019/08/07,4,"8,4",14
Primus Valencia,331871,Hotel,Valencia,1,1,€ 127,2019/08/06,2019/08/07,4,"8,3",14
Valenciaflats Torres de Serrano,17468,Apartamentos,Valencia,1,1,€ 129,2019/08/06,2019/08/07,0,"8,3",14
Tres Forques,2854630,Apartamento,Valencia,1,1,NA,2019/08/06,2019/08/07,0,"9,5",14
Friendly Rentals Puerto Deportivo,2317861,Apartamentos,Valencia,1,1,€ 130,2019/08/06,2019/08/07,0,"8,2",14
Hotel Medium Valencia,96838,Hotel,Valencia,1,1,€ 135,2019/08/06,2019/08/07,4,"8,2",14
Hotel Conqueridor,91047,Hotel,Valencia,1,1,€ 135,2019/08/06,2019/08/07,4,"8,4",14
Living Valencia Ayuntamiento,1831537,Apartamentos,Valencia,1,1,€ 143,2019/08/06,2019/08/07,0,8,14
Hotel Gabbeach,403586,Hotel,Valencia,1,1,€ 159,2019/08/06,2019/08/07,3,"8,4",14
Holiday Inn Express Ciudad de las Ciencias,96737,Hotel,Valencia,1,1,€ 162,2019/08/06,2019/08/07,3,8,14
Flats Piera Valencia Center,1490563,Apartamentos,Valencia,1,1,NA,2019/08/06,2019/08/07,0,"9,5",14
Friendly Rentals Abad,1634238,Apartamento,Valencia,1,1,€ 175,2019/08/06,2019/08/07,0,"8,2",14
NWT Central Station Apartments,3964093,Apartamento,Valencia,1,1,€ 189,2019/08/06,2019/08/07,0,"8,4",14
Friendly Rentals Evans,1634220,Apartamentos,Valencia,1,1,€ 190,2019/08/06,2019/08/07,0,"8,4",14
Friendly Rentals Vives 2,2523871,Apartamento,Valencia,1,1,€ 195,2019/08/06,2019/08/07,0,"8,4",14
Musico Peydro Apartments,3765069,Apartamentos,Valencia,1,1,€ 236,2019/08/06,2019/08/07,0,"8,2",14
MD Sueca. Apartment with Terrace Ruzafa,2551179,Apartamento,Valencia,1,1,€ 513,2019/08/06,2019/08/07,0,"8,1",14
VALENCIA APARTAMENTO GOYA GRAN TERRAZA,4660558,Apartamento,Valencia,1,1,NA,2019/08/06,2019/08/07,0,"9,8",14
UP Hostel Valencia,1710137,Hotel,Valencia,1,1,€ 33,2019/08/06,2019/08/07,0,"7,8",14
Center Valencia Youth Hostel,246931,Hotel,Valencia,1,1,€ 35,2019/08/06,2019/08/07,0,"7,9",14
Adrian's House,2271869,Hotel,Valencia,1,1,€ 40,2019/08/06,2019/08/07,0,"7,8",14
Pensión Universal,304276,Hotel,Valencia,1,1,€ 42,2019/08/06,2019/08/07,0,"7,9",14
Voyagers Inn Homestay,2682156,Hotel,Valencia,1,1,€ 48,2019/08/06,2019/08/07,0,"7,8",14
Albergue Juvenil Colegio Mayor Galileo Galilei,253103,Hotel,Valencia,1,1,€ 50,2019/08/06,2019/08/07,0,"7,9",14
la casita,4333253,Apartamento,Valencia,1,1,NA,2019/08/06,2019/08/07,0,"9,8",14
Hospederia del Pilar,327766,Hotel,Valencia,1,1,€ 54,2019/08/06,2019/08/07,0,"7,9",14
Apart and Benef,2291245,Hotel,Valencia,1,1,€ 54,2019/08/06,2019/08/07,0,"7,7",14
Valencia City Host,1177077,Hotel,Valencia,1,1,€ 55,2019/08/06,2019/08/07,0,"7,9",14
Hotel Beleret,94652,Hotel,Valencia,1,1,€ 67,2019/08/06,2019/08/07,3,"7,6",14
OYO Pensión El Rincón,476031,Hotel,Valencia,1,1,€ 69,2019/08/06,2019/08/07,1,"7,6",14
Hotel Turia,14441,Hotel,Valencia,1,1,€ 70,2019/08/06,2019/08/07,4,"7,5",14
Disfruta - Enjoy Valencia Centre,3881970,Apartamento,Valencia,1,1,NA,2019/08/06,2019/08/07,0,"9,8",14
B&B Hotel Valencia Ciudad de las Ciencias,92242,Hotel,Valencia,1,1,€ 74,2019/08/06,2019/08/07,3,"7,5",14
Valencia Lounge Hostel,337203,Hotel,Valencia,1,1,€ 77,2019/08/06,2019/08/07,0,"7,8",14
Jero Rooms,296743,Hotel,Valencia,1,1,€ 79,2019/08/06,2019/08/07,0,"7,7",14
Cosy Rooms Tapinería,371192,Hotel,Valencia,1,1,€ 83,2019/08/06,2019/08/07,2,"7,5",14
United Colors of Studios - Mercado Central,2574108,Apartamentos,Valencia,1,1,€ 89,2019/08/06,2019/08/07,0,"7,9",14
Checkin Valencia,93743,Hotel,Valencia,1,1,€ 89,2019/08/06,2019/08/07,4,"7,8",14
Casual Civilizaciones Valencia,449777,Hotel,Valencia,1,1,€ 92,2019/08/06,2019/08/07,0,"7,9",14
Ilunion Valencia 3,92818,Hotel,Valencia,1,1,€ 93,2019/08/06,2019/08/07,3,"7,9",14
Apartamentos el Pilar,237104,Apartamentos,Valencia,1,1,€ 99,2019/08/06,2019/08/07,0,"7,9",14
SHF Plaza de la Reina,1682520,Apartamentos,Valencia,1,1,€ 100,2019/08/06,2019/08/07,0,"7,7",14
Expo Hotel Valencia,91223,Hotel,Valencia,1,1,€ 101,2019/08/06,2019/08/07,3,"7,6",14
City Center Apartments,4426057,Apartamentos,Valencia,1,1,€ 108,2019/08/06,2019/08/07,0,"7,8",14
Kirei Apartment San Vicente,1774062,Apartamento,Valencia,1,1,€ 121,2019/08/06,2019/08/07,0,"7,5",14
Torres Quart,3702234,Apartamentos,Valencia,1,1,€ 123,2019/08/06,2019/08/07,0,"7,7",14
SEA YOU HOTEL PORT VALENCIA,92328,Hotel,Valencia,1,1,€ 126,2019/08/06,2019/08/07,4,"7,6",14
El 16 Ruzafa,865461,Apartamentos,Valencia,1,1,€ 139,2019/08/06,2019/08/07,0,"7,7",14
Suites by Eric Olsan (L),4287413,Apartamentos,Valencia,1,1,€ 140,2019/08/06,2019/08/07,0,"7,9",14
YourPlace Apartments,2896608,Apartamentos,Valencia,1,1,€ 144,2019/08/06,2019/08/07,0,"7,7",14
Homestay Carrer Sagun,5006434,Hotel,Valencia,1,1,€ 65,2019/08/06,2019/08/07,0,"8,6",14
Namaste Rooms,3799642,Hotel,Valencia,1,1,€ 65,2019/08/06,2019/08/07,0,"8,7",14
Piso céntrico Plaza Toros,2961063,Hotel,Valencia,1,1,NA,2019/08/06,2019/08/07,0,"9,5",14
Colegio Mayor La Concepción,626558,Hotel,Valencia,1,1,€ 69,2019/08/06,2019/08/07,0,"8,7",14
Pensión Alicante,298710,Hotel,Valencia,1,1,€ 38,2019/08/06,2019/08/07,0,"8,5",14
Soho Valencia,1538641,Hotel,Valencia,1,1,€ 149,2019/08/06,2019/08/07,0,"8,9",14
B&B Almirante,369695,Hotel,Valencia,1,1,€ 71,2019/08/06,2019/08/07,1,"8,8",14
Carrer de l'Escriptor Rafael Ferreres,4267645,Hotel,Valencia,1,1,€ 75,2019/08/06,2019/08/07,0,"8,7",14
Apartamento en Valencia,2549783,Hotel,Valencia,1,1,€ 150,2019/08/06,2019/08/07,0,"8,9",14
The Heart of Mercado CENTRAL,4547476,Hotel,Valencia,1,1,NA,2019/08/06,2019/08/07,0,"9,5",14
Blanq Carmen Hotel,97069,Hotel,Valencia,1,1,€ 153,2019/08/06,2019/08/07,3,"8,7",14
ValentiaApartments - MercadoCentral,4185241,Hotel,Valencia,1,1,€ 160,2019/08/06,2019/08/07,0,"8,7",14
ART & FLATS Pleno Centro Valencia,1554388,Apartamentos,Valencia,1,1,€ 180,2019/08/06,2019/08/07,0,"7,9",14
Hulot B&B Valencia,585429,Hotel,Valencia,1,1,€ 78,2019/08/06,2019/08/07,0,"8,5",14
Buho House,3777691,Hotel,Valencia,1,1,€ 79,2019/08/06,2019/08/07,0,"8,5",14
SH Valencia Palace,91497,Hotel,Valencia,1,1,€ 164,2019/08/06,2019/08/07,5,"8,5",14
El Globo,24498,Hotel,Valencia,1,1,€ 180,2019/08/06,2019/08/07,1,"7,8",14
Apartments Welcome to Valencia Peset Aleixandre 69,4964856,Apartamento,Valencia,1,1,NA,2019/08/06,2019/08/07,0,"9,7",14
MD Art Apartment Ruzafa,2550955,Apartamento,Valencia,1,1,€ 387,2019/08/06,2019/08/07,0,"7,7",14
Cathedral Suites Hotel,1736257,Hotel,Valencia,1,1,€ 169,2019/08/06,2019/08/07,4,"8,9",14
Plaza de la Virgen,3167342,Hotel,Valencia,1,1,€ 170,2019/08/06,2019/08/07,0,"8,7",14
Casa Botànic - Céntrico y con comodidades,4218273,Hotel,Valencia,1,1,NA,2019/08/06,2019/08/07,0,"9,9",14
MD Abastos Center,2551194,Apartamento,Valencia,1,1,€ 455,2019/08/06,2019/08/07,0,"7,7",14
Zen House,3671621,Hotel,Valencia,1,1,€ 32,2019/08/06,2019/08/07,0,"7,2",14
Sercotel Sorolla Palace,93646,Hotel,Valencia,1,1,€ 81,2019/08/06,2019/08/07,4,"8,6",14
Melia Valencia,290493,Hotel,Valencia,1,1,€ 81,2019/08/06,2019/08/07,4,"8,8",14
Ruzafa Rooms,2891693,Hotel,Valencia,1,1,€ 60,2019/08/06,2019/08/07,0,7,14
La Flamenca,818359,Hotel,Valencia,1,1,€ 60,2019/08/06,2019/08/07,0,"7,3",14
Friendly Rentals Rey,1634248,Hotel,Valencia,1,1,€ 195,2019/08/06,2019/08/07,0,"8,9",14
Apartamento en la Ciudad de las Artes y las Ciencias,3552283,Hotel,Valencia,1,1,NA,2019/08/06,2019/08/07,0,"9,5",14
Centro Valencia Calle Cerrajeros,3476261,Hotel,Valencia,1,1,€ 75,2019/08/06,2019/08/07,0,7,14
Center Puerto Apartments,4875083,Apartamento,Valencia,1,1,NA,2019/08/06,2019/08/07,0,"9,6",14
Hotel Malcom and Barret,483261,Hotel,Valencia,1,1,€ 86,2019/08/06,2019/08/07,3,"8,7",14
Hotel Kramer,91106,Hotel,Valencia,1,1,€ 95,2019/08/06,2019/08/07,3,"8,8",14
Rooms Ciencias,94126,Hotel,Valencia,1,1,€ 95,2019/08/06,2019/08/07,0,"8,9",14
Casual del Cine Valencia,572187,Hotel,Valencia,1,1,€ 198,2019/08/06,2019/08/07,2,"8,6",14
Hospes Palau de La Mar,93823,Hotel,Valencia,1,1,€ 198,2019/08/06,2019/08/07,5,"8,8",14
The Westin Valencia,93321,Hotel,Valencia,1,1,€ 198,2019/08/06,2019/08/07,5,"8,7",14
Zerka Centro,4425975,Hotel,Valencia,1,1,€ 208,2019/08/06,2019/08/07,0,"8,5",14
Apartments Plaza Ayuntamiento,3506736,Hotel,Valencia,1,1,€ 210,2019/08/06,2019/08/07,0,"8,7",14
Petit Palace Plaza de la Reina,90443,Hotel,Valencia,1,1,€ 238,2019/08/06,2019/08/07,3,"8,7",14
Central Station Valencia Hostel,1647017,Hotel,Valencia,1,1,€ 79,2019/08/06,2019/08/07,0,"7,1",14
Homestay & OLEE,4132920,Hotel,Valencia,1,1,€ 80,2019/08/06,2019/08/07,0,"7,4",14
HOSTAL BED OF THE SEA,3974636,Hotel,Valencia,1,1,€ 82,2019/08/06,2019/08/07,0,7,14
Cosy Rooms Embajador,369728,Hotel,Valencia,1,1,€ 89,2019/08/06,2019/08/07,2,"7,4",14
Valencia Apartments,4367788,Apartamentos,Valencia,1,1,€ 96,2019/08/06,2019/08/07,0,"7,1",14
Jardín Botánico Hotel Boutique,93369,Hotel,Valencia,1,1,€ 95,2019/08/06,2019/08/07,3,"8,9",14
La seda stay,3335523,Hotel,Valencia,1,1,NA,2019/08/06,2019/08/07,0,"9,7",14
Nowy apartament 3min od plaż- 3 sypialnie- balkon,3418661,Hotel,Valencia,1,1,NA,2019/08/06,2019/08/07,0,"9,5",14
Hotel San Lorenzo Boutique,1307718,Hotel,Valencia,1,1,€ 279,2019/08/06,2019/08/07,3,"8,6",14
Bonito apartamento en Valencia!,3646923,Apartamentos,Valencia,1,1,€ 114,2019/08/06,2019/08/07,0,"7,4",14
MUVIM CENTRUM,4756065,Apartamento,Valencia,1,1,NA,2019/08/06,2019/08/07,0,"9,6",14
Premium Apartments,486507,Apartamentos,Valencia,1,1,€ 119,2019/08/06,2019/08/07,0,7,14
B&B El Mercat,2203530,Hotel,Valencia,1,1,€ 120,2019/08/06,2019/08/07,0,"7,3",14
NWT Monserrat,3728842,Apartamentos,Valencia,1,1,€ 129,2019/08/06,2019/08/07,0,"7,1",14
Zerka Sendra,4657122,Hotel,Valencia,1,1,€ 310,2019/08/06,2019/08/07,0,"8,9",14
SingularStays Parque Central,3054000,Hotel,Valencia,1,1,€ 332,2019/08/06,2019/08/07,0,"8,8",14
Apartments Trinitarios,364825,Hotel,Valencia,1,1,€ 96,2019/08/06,2019/08/07,0,"8,9",14
LaikaHome,3867990,Hotel,Valencia,1,1,€ 135,2019/08/06,2019/08/07,0,7,14
Lotelito,570027,Hotel,Valencia,1,1,€ 97,2019/08/06,2019/08/07,0,"8,9",14
Valencia Luxury Town Hall,866934,Apartamentos,Valencia,1,1,€ 160,2019/08/06,2019/08/07,0,"7,1",14
Valencia Luxury Catedral,440778,Apartamentos,Valencia,1,1,€ 160,2019/08/06,2019/08/07,0,"7,2",14
ÁTICO EN EL CENTRO DE VALENCIA VT-45939-T,4752815,Apartamento,Valencia,1,1,NA,2019/08/06,2019/08/07,0,"9,5",14
Habitación Céntrica en Casa de Familia,4289877,Hotel,Valencia,1,1,€ 35,2019/08/06,2019/08/07,0,"8,1",14
Habitacion en Valencia Barata,4861796,Hotel,Valencia,1,1,€ 38,2019/08/06,2019/08/07,0,"8,2",14
Vincci Palace,94163,Hotel,Valencia,1,1,€ 98,2019/08/06,2019/08/07,4,"8,6",14
Petit Palace Ruzafa,90792,Hotel,Valencia,1,1,€ 99,2019/08/06,2019/08/07,3,"8,7",14
Valencia Luxury Group Apartments,1648016,Apartamentos,Valencia,1,1,€ 180,2019/08/06,2019/08/07,0,"7,3",14
feliz como en casa,3676196,Hotel,Valencia,1,1,€ 36,2019/08/06,2019/08/07,0,"6,9",14
Loyola Room Habitación en Piso Compartido,3298489,Hotel,Valencia,1,1,€ 39,2019/08/06,2019/08/07,0,"6,7",14
Ad Hoc Carmen,1173270,Hotel,Valencia,1,1,€ 99,2019/08/06,2019/08/07,2,"8,9",14
AC Hotel Valencia- a Marriott Lifestyle Hotel,91063,Hotel,Valencia,1,1,€ 99,2019/08/06,2019/08/07,4,"8,6",14
PISO ACOGEDOR,4995780,Hotel,Valencia,1,1,€ 50,2019/08/06,2019/08/07,0,"6,6",14
Apartment Valencia Denia,1968489,Apartamentos,Valencia,1,1,€ 99,2019/08/06,2019/08/07,0,"6,9",14
United Colors of Apartments Boutique Style,5372347,Apartamentos,Valencia,1,1,€ 109,2019/08/06,2019/08/07,0,10,14
Valencian Dreams,3268804,Apartamento,Valencia,1,1,€ 95,2019/08/06,2019/08/07,0,"9,7",14
B&B Hi Valencia Canovas,305349,Hotel,Valencia,1,1,€ 52,2019/08/06,2019/08/07,0,"8,4",14
Apartamento centro frente a Torres de Serrano,3408067,Hotel,Valencia,1,1,NA,2019/08/06,2019/08/07,0,"9,5",14
Valencia Boutique Ayuntamiento II,387852,Apartamentos,Valencia,1,1,€ 160,2019/08/06,2019/08/07,0,"6,8",14
Central new apartment,4526693,Apartamento,Valencia,1,1,NA,2019/08/06,2019/08/07,0,"9,7",14
Valencia Boutique Mercado Central,440757,Apartamentos,Valencia,1,1,€ 170,2019/08/06,2019/08/07,0,"6,6",14
Atico Loft Ruzafa,3152977,Hotel,Valencia,1,1,NA,2019/08/06,2019/08/07,0,"9,7",14
Hotel Dimar,90886,Hotel,Valencia,1,1,€ 99,2019/08/06,2019/08/07,4,"8,7",14
VALENCIA APARTAMENTO GOYA,4256653,Apartamento,Valencia,1,1,NA,2019/08/06,2019/08/07,0,10,14
Olympia Flats,4212801,Hotel,Valencia,1,1,€ 50,2019/08/06,2019/08/07,0,"9,7",14
Ad Hoc Monumental,90719,Hotel,Valencia,1,1,€ 101,2019/08/06,2019/08/07,3,"8,6",14
Citizentral Gascons,332095,Hotel,Valencia,1,1,€ 101,2019/08/06,2019/08/07,0,"8,7",14
Las casitas de la playa,3177809,Apartamentos,Valencia,1,1,€ 214,2019/08/06,2019/08/07,0,"6,9",14
Malvarrosa Beach,3546692,Casas y chalets,Valencia,1,1,€ 1.260,2019/08/06,2019/08/07,0,"6,9",14
Fun and Sun Center 2,2944416,Hotel,Valencia,1,1,€ 45,2019/08/06,2019/08/07,0,"6,2",14
Opera House Valencia B&B,3533887,Hotel,Valencia,1,1,€ 130,2019/08/06,2019/08/07,0,"9,5",14
Bubuflats Bubu 3,1014334,Apartamento,Valencia,1,1,€ 135,2019/08/06,2019/08/07,0,"9,7",14
RoomTuristValencia - Ruzafa,4608394,Hotel,Valencia,1,1,€ 40,2019/08/06,2019/08/07,0,"5,9",14
RoomTuristValencia Estacion del Norte,4682632,Hotel,Valencia,1,1,€ 45,2019/08/06,2019/08/07,0,"5,5",14
Como en casa,4802186,Hotel,Valencia,1,1,€ 54,2019/08/06,2019/08/07,0,8,14
Urban Youth Hostel,1163025,Hotel,Valencia,1,1,€ 27,2019/08/06,2019/08/07,0,"8,4",14
Casual Vintage Valencia,1710241,Hotel,Valencia,1,1,€ 104,2019/08/06,2019/08/07,2,"8,5",14
Casa Vich,4457634,Apartamento,Valencia,1,1,NA,2019/08/06,2019/08/07,0,"9,6",14
Ruzafa Guesthouse,2269176,Hotel,Valencia,1,1,€ 45,2019/08/06,2019/08/07,0,"5,6",14
Home Sweet Home,1223953,Hotel,Valencia,1,1,€ 50,2019/08/06,2019/08/07,0,"5,6",14
Barracart Apartments,2125836,Apartamentos,Valencia,1,1,€ 137,2019/08/06,2019/08/07,0,"9,6",14
Ramirez Flats & Bar,4124528,Apartahotel,Valencia,1,1,€ 144,2019/08/06,2019/08/07,0,"9,5",14
Valenciaflats Centro Histórico,94781,Hotel,Valencia,1,1,€ 106,2019/08/06,2019/08/07,0,"8,7",14
AC Hotel Colon Valencia- a Marriott Lifestyle Hotel,1117150,Hotel,Valencia,1,1,€ 106,2019/08/06,2019/08/07,4,"8,6",14
Carrer del Bisbe Jaume Pérez,4900140,Hotel,Valencia,1,1,€ 55,2019/08/06,2019/08/07,0,"5,8",14
Oliver,4865093,Hotel,Valencia,1,1,€ 73,2019/08/06,2019/08/07,0,"5,7",14
Apartments Torres de Serranos Valencia,1099602,Apartamentos,Valencia,1,1,€ 169,2019/08/06,2019/08/07,0,"9,6",14
Habitación- Familiar,4625132,Hotel,Valencia,1,1,NA,2019/08/06,2019/08/07,0,"9,5",14
Valencia Sol Sun,2482393,Apartamento,Valencia,1,1,€ 171,2019/08/06,2019/08/07,0,"9,5",14
BONNIES Suites & Spa Valencia,3631910,Hotel,Valencia,1,1,NA,2019/08/06,2019/08/07,0,"9,8",14
Suites by Eric Olsan (Florista),4726450,Hotel,Valencia,1,1,€ 108,2019/08/06,2019/08/07,0,"8,6",14
Guesthouse Plaza de Toros,2985902,Hotel,Valencia,1,1,€ 48,2019/08/06,2019/08/07,0,5,14
Guest House Duc de Gaeta,2275007,Hotel,Valencia,1,1,€ 48,2019/08/06,2019/08/07,0,"5,1",14
Guest House Torres de Quart,2275006,Hotel,Valencia,1,1,€ 50,2019/08/06,2019/08/07,0,"5,4",14
Ciudad Ciencias- Lujo- Parking- Wi-Fi.,4999636,Apartamento,Valencia,1,1,€ 200,2019/08/06,2019/08/07,0,"9,8",14
Art&Flats Bed&Breakfast,5238345,Hotel,Valencia,1,1,€ 40,2019/08/06,2019/08/07,0,"9,4",14
Cantagua Hostel,4074640,Hotel,Valencia,1,1,€ 46,2019/08/06,2019/08/07,0,"9,1",14
Pension MonaLisa Luxury Suites,3834224,Hotel,Valencia,1,1,€ 60,2019/08/06,2019/08/07,0,"8,2",14
Reina 12,1684198,Hotel,Valencia,1,1,€ 60,2019/08/06,2019/08/07,0,"8,3",14
Boutique Creative Rooms,2334726,Hotel,Valencia,1,1,€ 108,2019/08/06,2019/08/07,0,"8,7",14
València Centre Torres de Quart,886289,Hotel,Valencia,1,1,€ 110,2019/08/06,2019/08/07,0,"8,9",14
Red Nest Hostel,92283,Hotel,Valencia,1,1,€ 61,2019/08/06,2019/08/07,0,"8,2",14
Purple Nest Hostel,25278,Hotel,Valencia,1,1,€ 62,2019/08/06,2019/08/07,0,8,14
Valencia centro historico,3354779,Hotel,Valencia,1,1,NA,2019/08/06,2019/08/07,0,"9,5",14
Valenciaflats Mercado Central,307677,Hotel,Valencia,1,1,€ 110,2019/08/06,2019/08/07,0,"8,9",14
Pio XII Apartments Valencia,402080,Hotel,Valencia,1,1,€ 117,2019/08/06,2019/08/07,0,"8,5",14
Eurostars Gran Valencia,90484,Hotel,Valencia,1,1,€ 63,2019/08/06,2019/08/07,4,"8,3",14
Aparthotel Valencia Rental,17344,Hotel,Valencia,1,1,€ 63,2019/08/06,2019/08/07,0,8,14
Les flors,3985046,Hotel,Valencia,1,1,€ 119,2019/08/06,2019/08/07,0,"8,9",14
Center Puerto Apartments,4875083,Hotel,Valencia,1,1,NA,2019/08/06,2019/08/07,0,"9,6",14
Residencia Universitaria Damia Bonet,247451,Hotel,Valencia,1,1,€ 64,2019/08/06,2019/08/07,0,"8,4",14
ABCyou Bed&Breakfast,189207,Hotel,Valencia,1,1,€ 73,2019/08/06,2019/08/07,0,"8,4",14
RoomTuristValencia RuzafaSumsi,4682802,Hotel,Valencia,1,1,€ 50,2019/08/06,2019/08/07,0,5,14
Guest House Ruzafa,2324552,Hotel,Valencia,1,1,€ 55,2019/08/06,2019/08/07,0,"5,3",14
Tryp Valencia Feria,92852,Hotel,Valencia,1,1,€ 77,2019/08/06,2019/08/07,4,"8,3",14
Kirei Apartment Berlin,4504570,Apartamentos,Valencia,1,1,€ 126,2019/08/06,2019/08/07,0,"5,4",14
RoomTuristValencia Torres de Quart,4565643,Hotel,Valencia,1,1,€ 45,2019/08/06,2019/08/07,0,"4,8",14
You & Co. Saler Beach boutique,4533007,Hotel,Valencia,1,1,€ 102,2019/08/06,2019/08/07,3,"9,3",14
Una Ubicacion Perfecta,3114164,Apartamentos,Valencia,1,1,€ 105,2019/08/06,2019/08/07,0,"9,1",14
Habitación en Apartamento soleado Plaza Escultor Frechina,4865043,Hotel,Valencia,1,1,€ 55,2019/08/06,2019/08/07,0,"4,9",14
Kirei Apartment Atlanta,4304662,Apartamento,Valencia,1,1,€ 208,2019/08/06,2019/08/07,0,"4,5",14
Hostal Antigua Morellana,1273937,Hotel,Valencia,1,1,NA,2019/08/06,2019/08/07,1,"9,5",14
Hotel Valencia Alameda,4019381,Hotel,Valencia,1,1,€ 109,2019/08/06,2019/08/07,4,"9,4",14
Valenciaflats Centro Ciudad,18544,Apartamentos,Valencia,1,1,€ 110,2019/08/06,2019/08/07,0,"9,1",14
Constitucion Guesthouse,2985942,Hotel,Valencia,1,1,€ 30,2019/08/06,2019/08/07,0,"3,3",14
Habitación muy cerca de la playa.,5395908,Hotel,Valencia,1,1,€ 40,2019/08/06,2019/08/07,0,,14
HABITACIÓN PRIVADA EN RUZAFA,4948581,Hotel,Valencia,1,1,€ 51,2019/08/06,2019/08/07,0,,14
Hostal Venecia,92883,Hotel,Valencia,1,1,€ 112,2019/08/06,2019/08/07,2,"9,1",14
Apartamentos Wallace,1698355,Apartamentos,Valencia,1,1,€ 115,2019/08/06,2019/08/07,0,"9,2",14
Hotel Olympia Universidades,1301731,Hotel,Valencia,1,1,€ 79,2019/08/06,2019/08/07,3,"8,4",14
Apartamento,3139431,Hotel,Valencia,1,1,NA,2019/08/06,2019/08/07,0,"9,5",14
Alquiler Habitacion Centro De Valencia,3977106,Hotel,Valencia,1,1,€ 80,2019/08/06,2019/08/07,0,"8,1",14
MD Design Hotel - Portal del Real,2391685,Hotel,Valencia,1,1,€ 115,2019/08/06,2019/08/07,2,"9,1",14
OttoH Charm Stay,2459807,Hotel,Valencia,1,1,€ 119,2019/08/06,2019/08/07,0,"9,3",14
Apartamentos Plaza Picasso,97063,Hotel,Valencia,1,1,€ 86,2019/08/06,2019/08/07,0,"8,4",14
Valencia centro historico,3354779,Apartamento,Valencia,1,1,NA,2019/08/06,2019/08/07,0,"9,5",14
La casita de Palomar,2132386,Apartamentos,Valencia,1,1,€ 119,2019/08/06,2019/08/07,0,"9,4",14
Citizentral Juristas,1113127,Apartamentos,Valencia,1,1,€ 120,2019/08/06,2019/08/07,0,"9,2",14
vosotros sereis parte de mi familia.,5299568,Hotel,Valencia,1,1,€ 60,2019/08/06,2019/08/07,0,,14
Casita bonita con piscina y jardin,5294677,Hotel,Valencia,1,1,€ 75,2019/08/06,2019/08/07,0,,14
Barceló Valencia,91988,Hotel,Valencia,1,1,€ 122,2019/08/06,2019/08/07,4,"8,6",14
Zenit Valencia,92327,Hotel,Valencia,1,1,€ 125,2019/08/06,2019/08/07,4,"8,8",14
SKY TOURISTIC ATTIC,281640,Hotel,Valencia,1,1,€ 126,2019/08/06,2019/08/07,0,"8,5",14
Ilunion Aqua 3,92776,Hotel,Valencia,1,1,€ 87,2019/08/06,2019/08/07,3,"8,3",14
Sweet Hotel Renasa,274818,Hotel,Valencia,1,1,€ 89,2019/08/06,2019/08/07,3,8,14
MD Modern Hotel - Jardines,305447,Hotel,Valencia,1,1,€ 90,2019/08/06,2019/08/07,1,"8,2",14
Sorolla Centro,90896,Hotel,Valencia,1,1,€ 125,2019/08/06,2019/08/07,3,"9,1",14
Teixidors de Palomar,2639791,Apartamentos,Valencia,1,1,€ 125,2019/08/06,2019/08/07,0,"9,3",14
L'Otelet By Sweet,1467935,Hotel,Valencia,1,1,€ 90,2019/08/06,2019/08/07,0,"8,4",14
Melia Plaza Valencia,13270,Hotel,Valencia,1,1,€ 127,2019/08/06,2019/08/07,4,"8,9",14
Hotel Valencia Oceanic Managed by Melia Hotels International,91522,Hotel,Valencia,1,1,€ 129,2019/08/06,2019/08/07,4,"8,6",14
MARQUÉS HOUSE 4* SUP,2118880,Hotel,Valencia,1,1,€ 128,2019/08/06,2019/08/07,4,"9,4",14
Friendly Rentals Gala,1634252,Apartamento,Valencia,1,1,€ 135,2019/08/06,2019/08/07,0,9,14
Cómoda habitación Valencia,4200488,Hotel,Valencia,1,1,NA,2019/08/06,2019/08/07,0,"9,5",14
Catalonia Excelsior,90578,Hotel,Valencia,1,1,€ 130,2019/08/06,2019/08/07,3,"8,7",14
NH Valencia Las Artes,90731,Hotel,Valencia,1,1,€ 90,2019/08/06,2019/08/07,4,"8,3",14
NH Ciudad de Valencia,90729,Hotel,Valencia,1,1,€ 91,2019/08/06,2019/08/07,3,"8,1",14
BUBUFLATS / Mercat,783206,Hotel,Valencia,1,1,€ 130,2019/08/06,2019/08/07,0,"8,9",14
Hotel El Siglo,1741479,Hotel,Valencia,1,1,€ 131,2019/08/06,2019/08/07,3,"8,5",14
NH Valencia Center,90727,Hotel,Valencia,1,1,€ 92,2019/08/06,2019/08/07,4,"8,3",14
City Suites Apartments,3091106,Hotel,Valencia,1,1,€ 93,2019/08/06,2019/08/07,0,"8,4",14
Ilunion Aqua 4,92777,Hotel,Valencia,1,1,€ 135,2019/08/06,2019/08/07,4,"8,5",14
Hotel Mediterraneo Valencia,92412,Hotel,Valencia,1,1,€ 136,2019/08/06,2019/08/07,3,"8,8",14
BUBUSUITES by Bubuflats,2389776,Hotel,Valencia,1,1,€ 140,2019/08/06,2019/08/07,0,"9,3",14
Mon Suites Catedral,485679,Apartamentos,Valencia,1,1,€ 143,2019/08/06,2019/08/07,0,"9,2",14
NH Valencia Las Ciencias,90725,Hotel,Valencia,1,1,€ 94,2019/08/06,2019/08/07,3,8,14
Hotel Sercotel Acteón Valencia,90495,Hotel,Valencia,1,1,€ 95,2019/08/06,2019/08/07,4,"8,4",14
Senator Parque Central Hotel,274963,Hotel,Valencia,1,1,€ 97,2019/08/06,2019/08/07,4,"8,1",14
NH Collection Colón Valencia,3828811,Hotel,Valencia,1,1,€ 144,2019/08/06,2019/08/07,4,"9,2",14
Mon Suites San Nicolas,4117225,Apartamentos,Valencia,1,1,€ 145,2019/08/06,2019/08/07,0,"9,1",14
Ilunion Valencia 4,754329,Hotel,Valencia,1,1,€ 101,2019/08/06,2019/08/07,4,8,14
Valenciaflats Ciudad de las Ciencias,93676,Apartamentos,Valencia,1,1,€ 152,2019/08/06,2019/08/07,0,"9,1",14
Mon Suites San Martin,2777545,Apartamentos,Valencia,1,1,€ 156,2019/08/06,2019/08/07,0,"9,4",14
Colors Rooms,675839,Hotel,Valencia,1,1,NA,2019/08/06,2019/08/07,0,"9,5",14
Sweet Hotel Continental,93856,Hotel,Valencia,1,1,€ 104,2019/08/06,2019/08/07,2,"8,3",14
United Colors of Apartments - Catedral,1301545,Hotel,Valencia,1,1,€ 104,2019/08/06,2019/08/07,0,"8,1",14
MYR Hotel Plaza Mercado & Spa,1619029,Apartahotel,Valencia,1,1,€ 159,2019/08/06,2019/08/07,0,"9,2",14
Hi Valencia Cánovas,4312120,Apartamentos,Valencia,1,1,€ 160,2019/08/06,2019/08/07,0,9,14
Home Youth Hostel by Feetup Hostels,189322,Hotel,Valencia,1,1,€ 138,2019/08/06,2019/08/07,0,"8,8",14
One Shot Palacio Reina Victoria 04,90885,Hotel,Valencia,1,1,€ 139,2019/08/06,2019/08/07,4,"8,6",14
Casual de las Artes Valencia,538056,Hotel,Valencia,1,1,€ 108,2019/08/06,2019/08/07,3,"8,4",14
Happy Apartments Valencia,456043,Hotel,Valencia,1,1,€ 109,2019/08/06,2019/08/07,0,"8,2",14
Hotel Boutique Balandret,1281710,Hotel,Valencia,1,1,€ 171,2019/08/06,2019/08/07,3,"9,2",14
OCEANOGRAFIC DELUXE- PARKING- WI-FI,4095746,Apartamento,Valencia,1,1,€ 180,2019/08/06,2019/08/07,0,"9,2",14
HQ Rooms Apartments San Vicente,2894429,Apartamentos,Valencia,1,1,€ 180,2019/08/06,2019/08/07,0,"9,3",14
Flatsforyou Ruzafa,3342696,Hotel,Valencia,1,1,€ 140,2019/08/06,2019/08/07,0,"8,8",14
Flatsforyou Sorolla House,403442,Hotel,Valencia,1,1,€ 140,2019/08/06,2019/08/07,0,"8,5",14
Vincci Mercat,1279484,Hotel,Valencia,1,1,€ 180,2019/08/06,2019/08/07,4,9,14
Hi Valencia Apartments - Jorge Juan,2373701,Apartamento,Valencia,1,1,€ 183,2019/08/06,2019/08/07,0,"9,4",14
Vincci Lys,91183,Hotel,Valencia,1,1,€ 140,2019/08/06,2019/08/07,4,"8,9",14
Flats Hondures,2194645,Apartamento,Valencia,1,1,€ 184,2019/08/06,2019/08/07,0,"9,1",14
Edificio Pentagono,4673669,Apartamento,Valencia,1,1,€ 185,2019/08/06,2019/08/07,0,"9,1",14
Jardines del Turia - Espacioso apartamento,2734126,Apartamento,Valencia,1,1,€ 206,2019/08/06,2019/08/07,0,"9,2",14
Welcomer Apartments Valencia,19363,Hotel,Valencia,1,1,€ 143,2019/08/06,2019/08/07,0,"8,6",14
Friendly Rentals Verdi 2,2523881,Hotel,Valencia,1,1,€ 145,2019/08/06,2019/08/07,0,"8,9",14
Caro Hotel,348132,Hotel,Valencia,1,1,€ 265,2019/08/06,2019/08/07,5,"9,2",14
Las Arenas Balneario Resort,91144,Hotel,Valencia,1,1,€ 297,2019/08/06,2019/08/07,5,9,14
CheValenciaFlats,2064099,Hotel,Valencia,1,1,€ 147,2019/08/06,2019/08/07,0,"8,9",14
MD Julio Antonio Apartment Center,3961049,Apartamento,Valencia,1,1,€ 385,2019/08/06,2019/08/07,0,"9,1",14
The River Hostel,494202,Hotel,Valencia,1,1,€ 33,2019/08/06,2019/08/07,0,"8,5",14
Break Room,5030926,Hotel,Valencia,1,1,€ 51,2019/08/06,2019/08/07,0,"8,8",14
Sabía que venias!,3543756,Hotel,Valencia,1,1,€ 55,2019/08/06,2019/08/07,0,"8,5",14
Russafa Youth Hostel,345134,Hotel,Valencia,1,1,€ 58,2019/08/06,2019/08/07,0,"8,6",14
Zalamera BnB,1331238,Hotel,Valencia,1,1,€ 63,2019/08/06,2019/08/07,0,"8,7",14
