name,propertyId,propertyType,city,rooms,days,price,checkIn,checkOut,stars,score,advance
New Trendy apartment,2426154,Apartamento,Valencia,1,1,€ 110,2019/09/27,2019/09/28,0,"8,8",60
Old Town Flats Casa Burguerini,4552106,Apartamento,Valencia,1,1,€ 149,2019/09/27,2019/09/28,0,,60
Central Station Valencia Hostel,1647017,Albergue,Valencia,1,1,€ 74,2019/09/27,2019/09/28,0,"7,1",60
Apartamento Nou Lodging,2837298,Apartamento,Valencia,1,1,€ 75,2019/09/27,2019/09/28,0,"7,1",60
Purísima Street I,2471259,Apartamento,Valencia,1,1,NA,2019/09/27,2019/09/28,0,"9,5",60
Kirei Apartment Dublin,4639542,NA,Valencia,1,1,€ 150,2019/09/27,2019/09/28,0,,60
Edificio Pentagono,4673669,NA,Valencia,1,1,€ 160,2019/09/27,2019/09/28,0,"9,1",60
Hostal Abastos,257057,Hostal o pensión,Valencia,1,1,€ 60,2019/09/27,2019/09/28,2,"8,2",60
Malvarrosa Calle Pavia,3608764,NA,Valencia,1,1,€ 271,2019/09/27,2019/09/28,0,"8,3",60
Apartments Downtown Valencia,2250421,Apartamento,Valencia,1,1,€ 105,2019/09/27,2019/09/28,0,"9,6",60
Casual Vintage Valencia,1710241,Hotel,Valencia,1,1,€ 113,2019/09/27,2019/09/28,2,"8,5",60
Preciosa Casita Cerca Del Mar,4057271,Apartamento,Valencia,1,1,NA,2019/09/27,2019/09/28,0,"9,7",60
City Valencia Beach 360,4504803,NA,Valencia,1,1,NA,2019/09/27,2019/09/28,0,"9,6",60
Centro Valencia Calle Cerrajeros,3476261,Bed & breakfast,Valencia,1,1,€ 75,2019/09/27,2019/09/28,0,7,60
Almiserat,3054886,Apartamento,Valencia,1,1,€ 80,2019/09/27,2019/09/28,0,7,60
Live in Chianti Apartaments,2882632,Apartamento,Valencia,1,1,€ 169,2019/09/27,2019/09/28,0,"9,1",60
L'Otelet By Sweet,1467935,Hostal o pensión,Valencia,1,1,€ 64,2019/09/27,2019/09/28,0,"8,3",60
Atico Loft Ruzafa,3152977,Apartamento,Valencia,1,1,NA,2019/09/27,2019/09/28,0,"9,7",60
Valencian Dreams,3268804,NA,Valencia,1,1,€ 107,2019/09/27,2019/09/28,0,"9,8",60
Hotel Valencia Center,91285,Hotel,Valencia,1,1,€ 287,2019/09/27,2019/09/28,4,"8,4",60
PATACONA MARE NOSTRUM APARTMENT II,5144420,NA,Valencia,1,1,€ 164,2019/09/27,2019/09/28,0,,60
Cosy Rooms Bolsería,371606,Hostal o pensión,Valencia,1,1,€ 81,2019/09/27,2019/09/28,2,"7,4",60
Loft Superior el Carmen,2784473,NA,Valencia,1,1,NA,2019/09/27,2019/09/28,0,"9,5",60
Hotel Valencia Oceanic Managed by Melia Hotels International,91522,Hotel,Valencia,1,1,€ 115,2019/09/27,2019/09/28,4,"8,6",60
Alquiler Habitacion Centro De Valencia,3977106,Habitación en casa particular,Valencia,1,1,€ 64,2019/09/27,2019/09/28,0,"8,1",60
DREAM APARTMENT NEAR THE BEACH,5162600,NA,Valencia,1,1,€ 170,2019/09/27,2019/09/28,0,,60
VALENCIA APARTAMENTO GOYA,4256653,NA,Valencia,1,1,NA,2019/09/27,2019/09/28,0,10,60
Apartment in the Center of Old Town,4556268,NA,Valencia,1,1,NA,2019/09/27,2019/09/28,0,"9,6",60
HOSTAL BED OF THE SEA,3974636,Hostal o pensión,Valencia,1,1,€ 82,2019/09/27,2019/09/28,0,7,60
OCEANOGRAFIC APARTMENT. PARKING. WI-FI,3107716,NA,Valencia,1,1,€ 170,2019/09/27,2019/09/28,0,9,60
MD Benlliure Beach.,1957258,Apartamento,Valencia,1,1,€ 296,2019/09/27,2019/09/28,0,8,60
One Shot Colón 46,1394168,Hotel,Valencia,1,1,€ 116,2019/09/27,2019/09/28,3,"8,7",60
Bubuflats Bubu 3,1014334,NA,Valencia,1,1,€ 110,2019/09/27,2019/09/28,0,"9,6",60
Homestay & OLEE,4132920,Habitación en casa particular,Valencia,1,1,€ 85,2019/09/27,2019/09/28,0,"7,4",60
"Flat ""Ca Alexandre""",3687859,NA,Valencia,1,1,€ 195,2019/09/27,2019/09/28,0,,60
Tryp Valencia Feria,92852,Hotel,Valencia,1,1,€ 68,2019/09/27,2019/09/28,4,"8,3",60
Jardines del Turia - Espacioso apartamento,2734126,Apartamento,Valencia,1,1,€ 170,2019/09/27,2019/09/28,0,"9,2",60
MD Vila Barbera Apartment Center,1957253,Apartamento,Valencia,1,1,€ 390,2019/09/27,2019/09/28,0,"8,3",60
Opera House Valencia B&B,3533887,Hotel,Valencia,1,1,€ 112,2019/09/27,2019/09/28,0,"9,5",60
07 PLAZA DEL AYUNTAMIENTO - CENTRO 6personas,4093811,NA,Valencia,1,1,€ 201,2019/09/27,2019/09/28,0,,60
Hotel Alkazar,408511,Hotel,Valencia,1,1,€ 69,2019/09/27,2019/09/28,1,"8,1",60
Malvarrosa Beach Rooms,314048,Hostal o pensión,Valencia,1,1,€ 90,2019/09/27,2019/09/28,2,"7,1",60
Apartment Cisneros 2,2361375,Apartamento,Valencia,1,1,NA,2019/09/27,2019/09/28,0,"9,7",60
Hotel Boutique Balandret,1281710,Hotel,Valencia,1,1,€ 171,2019/09/27,2019/09/28,3,"9,2",60
Sercotel Sorolla Palace,93646,Hotel,Valencia,1,1,€ 116,2019/09/27,2019/09/28,4,"8,6",60
Espaciosa y cómoda vivienda,5342327,NA,Valencia,1,1,€ 238,2019/09/27,2019/09/28,0,,60
UP Hostel Valencia,1710137,Albergue,Valencia,1,1,€ 28,2019/09/27,2019/09/28,0,"7,8",60
Dormavalencia Hostel Regne,291755,Hostal o pensión,Valencia,1,1,€ 70,2019/09/27,2019/09/28,1,8,60
Friendly Rentals Mercado Central,3220956,Apartamento,Valencia,1,1,€ 184,2019/09/27,2019/09/28,0,"9,3",60
Olympia Flats,4212801,Habitación en casa particular,Valencia,1,1,€ 60,2019/09/27,2019/09/28,0,"9,7",60
Cosy Rooms Embajador,369728,Hostal o pensión,Valencia,1,1,€ 94,2019/09/27,2019/09/28,2,"7,4",60
Kirei Apartment Na Jordana,1702092,Apartamentos,Valencia,1,1,€ 98,2019/09/27,2019/09/28,0,7,60
NWT Monserrat,3728842,Apartamentos,Valencia,1,1,€ 134,2019/09/27,2019/09/28,0,"7,1",60
Apartamento Angel Alcazar 35,2174625,Apartamento,Valencia,1,1,€ 145,2019/09/27,2019/09/28,0,"7,4",60
Valencia Luxury Catedral,440778,Apartamentos,Valencia,1,1,€ 190,2019/09/27,2019/09/28,0,"7,1",60
Best Valencia Beach Flat,3246772,Apartamento,Valencia,1,1,€ 192,2019/09/27,2019/09/28,0,"7,1",60
So de Mar,2204496,Apartamento,Valencia,1,1,NA,2019/09/27,2019/09/28,0,"9,6",60
Kirei Apartment En Llop,1765516,Apartamentos,Valencia,1,1,€ 207,2019/09/27,2019/09/28,0,"7,1",60
MD Villalonga Malvarosa Beach,3739661,Apartamento,Valencia,1,1,€ 290,2019/09/27,2019/09/28,0,"7,4",60
Apartamento con terraza,5238122,NA,Valencia,1,1,€ 240,2019/09/27,2019/09/28,0,,60
Rooms Ciencias,94126,Hostal o pensión,Valencia,1,1,€ 117,2019/09/27,2019/09/28,0,"8,9",60
Center Valencia Youth Hostel,246931,Albergue,Valencia,1,1,€ 29,2019/09/27,2019/09/28,0,"7,9",60
NH Collection Colón Valencia,3828811,Hotel,Valencia,1,1,€ 187,2019/09/27,2019/09/28,4,"9,2",60
Reina 12,1684198,Hostal o pensión,Valencia,1,1,€ 70,2019/09/27,2019/09/28,0,"8,3",60
Geography and Arts.,3569110,Bed & breakfast,Valencia,1,1,€ 60,2019/09/27,2019/09/28,0,"6,6",60
Premium Apartments,486507,Apartamentos,Valencia,1,1,€ 139,2019/09/27,2019/09/28,0,"6,9",60
Apartamento para 10 personas,5029963,Apartamento,Valencia,1,1,€ 200,2019/09/27,2019/09/28,0,"6,8",60
Lounge by the sea,4756780,Apartamento,Valencia,1,1,NA,2019/09/27,2019/09/28,0,"9,8",60
Apart and Benef,2291245,Hostal o pensión,Valencia,1,1,€ 34,2019/09/27,2019/09/28,0,"7,7",60
Ramirez Flats & Bar,4124528,NA,Valencia,1,1,€ 126,2019/09/27,2019/09/28,0,"9,5",60
Ilunion Aqua 4,92777,Hotel,Valencia,1,1,€ 119,2019/09/27,2019/09/28,4,"8,5",60
Living Valencia - Patacona Beach 56,3718985,Apartamentos,Valencia,1,1,€ 119,2019/09/27,2019/09/28,0,"8,8",60
Apartamento luminoso y acogedor,3489126,Apartamento,Valencia,1,1,NA,2019/09/27,2019/09/28,0,"9,6",60
Valenciaflats Centro Histórico,94781,Apartamentos,Valencia,1,1,€ 120,2019/09/27,2019/09/28,0,"8,7",60
Apartamento Panorámico- próximo Playa- Wifi-AC,4978144,Apartamento,Valencia,1,1,€ 200,2019/09/27,2019/09/28,0,"9,2",60
beach front house/ frente al mar,5424585,NA,Valencia,1,1,€ 298,2019/09/27,2019/09/28,0,,60
Guest House Higinio Noja,2845935,Hostal o pensión,Valencia,1,1,€ 30,2019/09/27,2019/09/28,0,6,60
Apartment Plaza Cisneros,1273377,Apartamentos,Valencia,1,1,NA,2019/09/27,2019/09/28,0,"9,8",60
Hotel Olympia Universidades,1301731,Hotel,Valencia,1,1,€ 70,2019/09/27,2019/09/28,3,"8,4",60
Apartamento,3139431,Apartamento,Valencia,1,1,NA,2019/09/27,2019/09/28,0,"9,5",60
Rio Turia Skatehouse,4624602,Apartamento,Valencia,1,1,€ 74,2019/09/27,2019/09/28,0,"8,1",60
Happy Apartments Valencia,456043,Apartamentos,Valencia,1,1,€ 74,2019/09/27,2019/09/28,0,"8,2",60
Voyagers Inn Homestay,2682156,Habitación en casa particular,Valencia,1,1,€ 42,2019/09/27,2019/09/28,0,"7,8",60
RUZAFA- CENTRO-A/C- WI-FI- PARKING,2885994,NA,Valencia,1,1,€ 160,2019/09/27,2019/09/28,0,"9,7",60
New apartment bioparc,4316710,NA,Valencia,1,1,NA,2019/09/27,2019/09/28,0,"9,5",60
MD PASEO RUZAFA CENTER,5374850,Apartamento,Valencia,1,1,€ 439,2019/09/27,2019/09/28,0,,60
Habitación con cama doble,4794909,Habitación en casa particular,Valencia,1,1,€ 41,2019/09/27,2019/09/28,0,"6,4",60
Loft Superior el Carmen,2784473,NA,Valencia,1,1,NA,2019/09/27,2019/09/28,0,"9,5",60
Silken Puerta Valencia,91182,Hotel,Valencia,1,1,€ 79,2019/09/27,2019/09/28,4,"8,3",60
Ciudad Ciencias- Lujo- Parking- Wi-Fi.,4999636,NA,Valencia,1,1,€ 170,2019/09/27,2019/09/28,0,"9,8",60
Governor Residence,3799760,NA,Valencia,1,1,€ 600,2019/09/27,2019/09/28,0,,60
SH Valencia Palace,91497,Hotel,Valencia,1,1,€ 120,2019/09/27,2019/09/28,5,"8,5",60
Apartamento CT,2397544,Apartamento,Valencia,1,1,€ 120,2019/09/27,2019/09/28,0,"8,7",60
El Coral Apartment Valencia,3606766,Apartamento,Valencia,1,1,€ 123,2019/09/27,2019/09/28,0,"8,7",60
Cosy 2 bedroom apartment in Ruzafa (Valencia Center),3890643,Apartamento,Valencia,1,1,€ 126,2019/09/27,2019/09/28,0,"8,9",60
Plaza de la Virgen,3167342,Apartamento,Valencia,1,1,€ 130,2019/09/27,2019/09/28,0,"8,7",60
Atico Loft Ruzafa,3152977,Apartamento,Valencia,1,1,NA,2019/09/27,2019/09/28,0,"9,7",60
Zaidia Sunny Apartment,4727219,Apartamento,Valencia,1,1,€ 130,2019/09/27,2019/09/28,0,"8,5",60
Valenciaflats Mercado Central,307677,Apartamentos,Valencia,1,1,€ 133,2019/09/27,2019/09/28,0,"8,9",60
Buho House,3777691,Apartahotel,Valencia,1,1,€ 138,2019/09/27,2019/09/28,0,"8,5",60
Hi Valencia Cánovas,4312120,NA,Valencia,1,1,€ 200,2019/09/27,2019/09/28,0,9,60
Fun and Sun Center 2,2944416,Hostal o pensión,Valencia,1,1,€ 45,2019/09/27,2019/09/28,0,"6,2",60
Casita Esmeralda,2040126,Casa o chalet,Valencia,1,1,€ 139,2019/09/27,2019/09/28,0,"6,4",60
Kirei Apartment San Agustin,1712323,Apartamentos,Valencia,1,1,€ 187,2019/09/27,2019/09/28,0,"6,4",60
Room in apartment,3701648,Habitación en casa particular,Valencia,1,1,€ 81,2019/09/27,2019/09/28,0,8,60
Pensión Universal,304276,Hostal o pensión,Valencia,1,1,€ 46,2019/09/27,2019/09/28,0,"7,9",60
Hostal Antigua Morellana,1273937,Hostal o pensión,Valencia,1,1,NA,2019/09/27,2019/09/28,1,"9,5",60
Gulet Why Not,5199364,Barco,Valencia,1,1,€ 3.600,2019/09/27,2019/09/28,0,,60
Lotelito,570027,Hostal o pensión,Valencia,1,1,€ 138,2019/09/27,2019/09/28,0,"8,9",60
Les flors,3985046,Apartamento,Valencia,1,1,€ 138,2019/09/27,2019/09/28,0,"8,9",60
RoomTuristValencia - Ruzafa,4608394,Hostal o pensión,Valencia,1,1,€ 50,2019/09/27,2019/09/28,0,"5,9",60
One Shot Mercat 09,2274203,Hotel,Valencia,1,1,€ 215,2019/09/27,2019/09/28,4,"9,2",60
Hostal On Dormire Valencia,432305,Hostal o pensión,Valencia,1,1,€ 47,2019/09/27,2019/09/28,0,"7,8",60
City Suites Apartments,3091106,Hostal o pensión,Valencia,1,1,€ 84,2019/09/27,2019/09/28,0,"8,4",60
Cantagua Hostel,4074640,Hostal o pensión,Valencia,1,1,€ 44,2019/09/27,2019/09/28,0,"9,1",60
Carrer del Bisbe Jaume Pérez,4900140,Habitación en casa particular,Valencia,1,1,€ 60,2019/09/27,2019/09/28,0,"5,8",60
MerKat-Abastos,1231196,Apartamento,Valencia,1,1,NA,2019/09/27,2019/09/28,0,"9,7",60
Petit Palace Ruzafa,90792,Hotel,Valencia,1,1,€ 139,2019/09/27,2019/09/28,3,"8,7",60
JL Ciudad de las Artes,3074378,Apartamento,Valencia,1,1,NA,2019/09/27,2019/09/28,0,"9,6",60
Art&Flats Bed&Breakfast,5238345,Bed & breakfast,Valencia,1,1,€ 50,2019/09/27,2019/09/28,0,"9,3",60
MYR Hotel Plaza Mercado & Spa,1619029,Apartahotel,Valencia,1,1,€ 219,2019/09/27,2019/09/28,0,"9,2",60
Casual Civilizaciones Valencia,449777,Hostal o pensión,Valencia,1,1,€ 50,2019/09/27,2019/09/28,0,"7,9",60
Hotel Sercotel Acteón Valencia,90495,Hotel,Valencia,1,1,€ 85,2019/09/27,2019/09/28,4,"8,4",60
JL Ciudad de las Artes,3074378,Apartamento,Valencia,1,1,NA,2019/09/27,2019/09/28,0,"9,6",60
Home Sweet Home,1223953,Hostal o pensión,Valencia,1,1,€ 60,2019/09/27,2019/09/28,0,"5,6",60
Habitación privada a 1500 metros de la playa,3789910,Habitación en casa particular,Valencia,1,1,€ 60,2019/09/27,2019/09/28,0,"9,4",60
Hi Valencia Apartments - Jorge Juan,2373701,NA,Valencia,1,1,€ 230,2019/09/27,2019/09/28,0,"9,4",60
Oliver,4865093,Hostal o pensión,Valencia,1,1,€ 66,2019/09/27,2019/09/28,0,"5,6",60
Kirei Apartment Berlin,4504570,Apartamentos,Valencia,1,1,€ 137,2019/09/27,2019/09/28,0,"5,6",60
El Palacete Gran Via,3483148,Bed & breakfast,Valencia,1,1,€ 139,2019/09/27,2019/09/28,0,"8,7",60
Apartments in Villa Oliva Tossal Gros,3083529,Casa o chalet,Valencia,1,1,€ 140,2019/09/27,2019/09/28,0,"8,8",60
ValentiaApartments - MercadoCentral,4185241,Apartamentos,Valencia,1,1,€ 142,2019/09/27,2019/09/28,0,"8,7",60
Penthouse at City Center,2592975,Apartamento,Valencia,1,1,€ 148,2019/09/27,2019/09/28,0,"8,5",60
Holiday Inn Express Ciudad de las Ciencias,96737,Hotel,Valencia,1,1,€ 86,2019/09/27,2019/09/28,3,8,60
Hotel Beleret,94652,Hotel,Valencia,1,1,€ 50,2019/09/27,2019/09/28,3,"7,6",60
Apartamento Las Torres,2223557,Apartamento,Valencia,1,1,€ 70,2019/09/27,2019/09/28,0,9,60
RoomTuristValencia Estacion del Norte,4682632,Hostal o pensión,Valencia,1,1,€ 50,2019/09/27,2019/09/28,0,"5,4",60
Ca Carmela,2466364,NA,Valencia,1,1,€ 250,2019/09/27,2019/09/28,0,9,60
Hotel Mediterraneo Valencia,92412,Hotel,Valencia,1,1,€ 148,2019/09/27,2019/09/28,3,"8,8",60
NH Ciudad de Valencia,90729,Hotel,Valencia,1,1,€ 88,2019/09/27,2019/09/28,3,"8,1",60
Happy Apartments Valencia – Lope de Vega,575582,Apartamentos,Valencia,1,1,€ 94,2019/09/27,2019/09/28,0,"8,1",60
Hostal Moratin,326015,Hostal o pensión,Valencia,1,1,€ 50,2019/09/27,2019/09/28,1,"7,9",60
RoomTuristValencia RuzafaSumsi,4682802,Hostal o pensión,Valencia,1,1,€ 70,2019/09/27,2019/09/28,0,5,60
Port of Valencia,3805735,Casa o chalet,Valencia,1,1,€ 150,2019/09/27,2019/09/28,0,5,60
Apartamento Bolseria 28,881275,Apartamentos,Valencia,1,1,NA,2019/09/27,2019/09/28,0,"9,6",60
You & Co. Saler Beach boutique,4533007,Hotel,Valencia,1,1,€ 81,2019/09/27,2019/09/28,3,9,60
Habitación San Cayetano,4624401,Habitación en casa particular,Valencia,1,1,€ 50,2019/09/27,2019/09/28,0,"7,7",60
Zenit Valencia,92327,Hotel,Valencia,1,1,€ 149,2019/09/27,2019/09/28,4,"8,8",60
APARTAMENTO DE DISEÑO EN PLAZA MANISES,2823390,Apartamento,Valencia,1,1,NA,2019/09/27,2019/09/28,0,"9,7",60
Stylish newly renovated in great location /WIFI,3661070,Apartamento,Valencia,1,1,€ 149,2019/09/27,2019/09/28,0,"8,6",60
Biopark View Apartment,2381901,Apartamento,Valencia,1,1,€ 150,2019/09/27,2019/09/28,0,"8,9",60
APARTAMENTO LAS MELLIZAS,4651578,Habitación en casa particular,Valencia,1,1,€ 50,2019/09/27,2019/09/28,0,"8,4",60
SHF Flats Baron,1033085,Apartamentos,Valencia,1,1,€ 99,2019/09/27,2019/09/28,0,8,60
Apartment Florista,2150187,Apartamento,Valencia,1,1,€ 100,2019/09/27,2019/09/28,0,8,60
Valencia Just in the Middle,2965508,Apartamento,Valencia,1,1,NA,2019/09/27,2019/09/28,0,"9,9",60
Las Arenas Balneario Resort,91144,Hotel,Valencia,1,1,€ 257,2019/09/27,2019/09/28,5,9,60
RoomTuristValencia Torres de Quart,4565643,Hostal o pensión,Valencia,1,1,€ 45,2019/09/27,2019/09/28,0,"4,8",60
Habitación doble,3599930,Habitación en casa particular,Valencia,1,1,€ 90,2019/09/27,2019/09/28,0,9,60
Apartment Plaza Cisneros,1273377,NA,Valencia,1,1,NA,2019/09/27,2019/09/28,0,"9,8",60
Classic Flat Valencia,4245614,NA,Valencia,1,1,NA,2019/09/27,2019/09/28,0,"9,5",60
Habitación en Apartamento soleado Plaza Escultor Frechina,4865043,Habitación en casa particular,Valencia,1,1,€ 55,2019/09/27,2019/09/28,0,"4,9",60
Malvarosa,3820590,Apartamento,Valencia,1,1,€ 290,2019/09/27,2019/09/28,0,4,60
Blanq Carmen Hotel,97069,Hotel,Valencia,1,1,€ 157,2019/09/27,2019/09/28,3,"8,7",60
Puerta de Serranos,2734333,Apartamentos,Valencia,1,1,€ 166,2019/09/27,2019/09/28,0,"8,8",60
Ilunion Aqua 3,92776,Hotel,Valencia,1,1,€ 101,2019/09/27,2019/09/28,3,"8,3",60
Colors Rooms,675839,Hostal o pensión,Valencia,1,1,NA,2019/09/27,2019/09/28,0,"9,5",60
Habitación cerca del centro,2789581,Habitación en casa particular,Valencia,1,1,€ 52,2019/09/27,2019/09/28,0,"7,7",60
Habitación en valencia centro,5418023,Habitación en casa particular,Valencia,1,1,€ 35,2019/09/27,2019/09/28,0,,60
Caro Hotel,348132,Hotel,Valencia,1,1,€ 295,2019/09/27,2019/09/28,5,"9,2",60
Una Ubicacion Perfecta,3114164,NA,Valencia,1,1,€ 90,2019/09/27,2019/09/28,0,"9,1",60
AC Hotel Valencia- a Marriott Lifestyle Hotel,91063,Hotel,Valencia,1,1,€ 168,2019/09/27,2019/09/28,4,"8,6",60
Flatsforyou Marina,1793012,Apartamentos,Valencia,1,1,€ 180,2019/09/27,2019/09/28,0,"8,7",60
Apartamento Peris Ruzafa Center,2618251,Apartamento,Valencia,1,1,NA,2019/09/27,2019/09/28,0,"9,7",60
València Centre Torres de Quart,886289,Apartamentos,Valencia,1,1,€ 183,2019/09/27,2019/09/28,0,"8,9",60
Como en casa,4802186,Habitación en casa particular,Valencia,1,1,€ 54,2019/09/27,2019/09/28,0,"7,8",60
Primus Valencia,331871,Hotel,Valencia,1,1,€ 103,2019/09/27,2019/09/28,4,"8,3",60
Estrella de russafa,5352439,Habitación en casa particular,Valencia,1,1,€ 50,2019/09/27,2019/09/28,0,,60
MARQUÉS HOUSE 4* SUP,2118880,Hotel,Valencia,1,1,€ 299,2019/09/27,2019/09/28,4,"9,4",60
Apartamento bianca,3205847,NA,Valencia,1,1,€ 91,2019/09/27,2019/09/28,0,"9,2",60
Amplia habitación en piso compartido,5433175,Habitación en casa particular,Valencia,1,1,€ 50,2019/09/27,2019/09/28,0,,60
The Westin Valencia,93321,Hotel,Valencia,1,1,€ 188,2019/09/27,2019/09/28,5,"8,7",60
Hospederia del Pilar,327766,Hostal o pensión,Valencia,1,1,€ 54,2019/09/27,2019/09/28,0,"7,9",60
RUZAFA. Nice apartment and Terrace.,4368595,NA,Valencia,1,1,€ 95,2019/09/27,2019/09/28,0,"9,3",60
Zerka Sendra,4657122,Apartamento,Valencia,1,1,€ 309,2019/09/27,2019/09/28,0,9,60
Senator Parque Central Hotel,274963,Hotel,Valencia,1,1,€ 104,2019/09/27,2019/09/28,4,"8,1",60
Rooms El Picolino,5326859,Habitación en casa particular,Valencia,1,1,€ 60,2019/09/27,2019/09/28,0,,60
Petit Palace Plaza de la Reina,90443,Hotel,Valencia,1,1,€ 189,2019/09/27,2019/09/28,3,"8,7",60
Beachfront vila,3126708,NA,Valencia,1,1,€ 390,2019/09/27,2019/09/28,0,"9,2",60
Bianca,4232781,NA,Valencia,1,1,€ 96,2019/09/27,2019/09/28,0,9,60
vosotros sereis parte de mi familia.,5299568,Habitación en casa particular,Valencia,1,1,€ 60,2019/09/27,2019/09/28,0,,60
Valencia City Host,1177077,Hostal o pensión,Valencia,1,1,€ 58,2019/09/27,2019/09/28,0,"7,9",60
Catalonia Excelsior,90578,Hotel,Valencia,1,1,€ 190,2019/09/27,2019/09/28,3,"8,7",60
Zerka Centro,4425975,Apartamentos,Valencia,1,1,€ 199,2019/09/27,2019/09/28,0,"8,5",60
MD Modern Hotel - Jardines,305447,Hotel,Valencia,1,1,€ 105,2019/09/27,2019/09/28,1,"8,2",60
La Casa,3758586,Casas y chalets,Valencia,1,1,€ 105,2019/09/27,2019/09/28,0,"8,3",60
Dama Del Puerto,3230781,Apartamento,Valencia,1,1,€ 100,2019/09/27,2019/09/28,0,"9,1",60
Hogar Dulce Hogar,5426607,Habitación en casa particular,Valencia,1,1,€ 60,2019/09/27,2019/09/28,0,,60
Vincci Mercat,1279484,Hotel,Valencia,1,1,€ 440,2019/09/27,2019/09/28,4,9,60
Hostal Bisbal,235665,Hostal o pensión,Valencia,1,1,€ 60,2019/09/27,2019/09/28,1,"7,5",60
AC Hotel Colon Valencia- a Marriott Lifestyle Hotel,1117150,Hotel,Valencia,1,1,€ 213,2019/09/27,2019/09/28,4,"8,6",60
Eurostars Rey Don Jaime,91520,Hotel,Valencia,1,1,€ 107,2019/09/27,2019/09/28,4,"8,2",60
Centro en Valencia,2885222,Apartamento,Valencia,1,1,NA,2019/09/27,2019/09/28,0,"9,5",60
Carrer de María Montessori,3272386,Apartamento,Valencia,1,1,€ 109,2019/09/27,2019/09/28,0,"8,4",60
Mi casa es vuestra casa,4967097,Habitación en casa particular,Valencia,1,1,€ 70,2019/09/27,2019/09/28,0,,60
Acogedor apartamento en zona universitaria y playa,5414090,Casa o chalet,Valencia,1,1,€ 82,2019/09/27,2019/09/28,0,,60
Magnífico Adosado- cerca de Valencia ciudad- en zona de montaña y playa fluvial,5354233,Casa o chalet,Valencia,1,1,€ 89,2019/09/27,2019/09/28,0,,60
APARTAMENTO VALENCIA CENTRO,5145920,Apartamento,Valencia,1,1,€ 90,2019/09/27,2019/09/28,0,,60
Apartamento cerca de la Playa y el Centro,2620264,Apartamento,Valencia,1,1,€ 100,2019/09/27,2019/09/28,0,9,60
The River Hostel,494202,Albergue,Valencia,1,1,€ 29,2019/09/27,2019/09/28,0,"8,5",60
Ilunion Valencia 3,92818,Hotel,Valencia,1,1,€ 71,2019/09/27,2019/09/28,3,"7,9",60
Comfort Homestay,5423155,Habitación en casa particular,Valencia,1,1,€ 90,2019/09/27,2019/09/28,0,,60
Maison Reina B&B,5004812,Bed & breakfast,Valencia,1,1,NA,2019/09/27,2019/09/28,0,"9,5",60
Hospes Palau de La Mar,93823,Hotel,Valencia,1,1,€ 234,2019/09/27,2019/09/28,5,"8,8",60
Sweet Hotel Renasa,274818,Hotel,Valencia,1,1,€ 109,2019/09/27,2019/09/28,3,8,60
Apartamento Ciudad de las Artes y las Ciencias,4353552,Apartamento,Valencia,1,1,€ 110,2019/09/27,2019/09/28,0,"8,4",60
Apartamento en la Ciudad de las Artes y las Ciencias,3552283,NA,Valencia,1,1,NA,2019/09/27,2019/09/28,0,"9,5",60
JL Ciudad de las Artes,3074378,NA,Valencia,1,1,NA,2019/09/27,2019/09/28,0,"9,6",60
Blanq Comedias,4922002,Hostal o pensión,Valencia,1,1,€ 95,2019/09/27,2019/09/28,0,,60
Live in Chianti,2227491,Bed & breakfast,Valencia,1,1,€ 104,2019/09/27,2019/09/28,0,"9,1",60
Hotel Villacarlos,90730,Hotel,Valencia,1,1,€ 111,2019/09/27,2019/09/28,3,8,60
Plaza Redonda house.,4399973,Hostal o pensión,Valencia,1,1,€ 73,2019/09/27,2019/09/28,0,"7,5",60
Vincci Lys,91183,Hotel,Valencia,1,1,€ 240,2019/09/27,2019/09/28,4,"8,9",60
Cathedral Suites Hotel,1736257,Apartahotel,Valencia,1,1,€ 308,2019/09/27,2019/09/28,4,"8,9",60
Quart Youth Hostel,476418,Albergue,Valencia,1,1,€ 48,2019/09/27,2019/09/28,0,"8,7",60
BUBUSUITES by Bubuflats,2389776,Bed & breakfast,Valencia,1,1,€ 110,2019/09/27,2019/09/28,0,"9,3",60
Nest Style Valencia -Proxima apertura-,5219046,Hotel,Valencia,1,1,€ 102,2019/09/27,2019/09/28,3,,60
NH Valencia Las Ciencias,90725,Hotel,Valencia,1,1,€ 114,2019/09/27,2019/09/28,3,8,60
Cozy fisherman's house,2241663,Casa o chalet,Valencia,1,1,€ 115,2019/09/27,2019/09/28,0,"8,1",60
Tres Forques,2854630,Apartamento,Valencia,1,1,NA,2019/09/27,2019/09/28,0,"9,5",60
Pensión Alicante,298710,Hostal o pensión,Valencia,1,1,€ 51,2019/09/27,2019/09/28,0,"8,5",60
Valencia Lounge Hostel,337203,Hostal o pensión,Valencia,1,1,€ 74,2019/09/27,2019/09/28,0,"7,8",60
Vincci Palace,94163,Hotel,Valencia,1,1,€ 400,2019/09/27,2019/09/28,4,"8,6",60
Apartamentos Naranja y Limòn,2250906,Apartamento,Valencia,1,1,€ 110,2019/09/27,2019/09/28,0,"9,3",60
Casual Socarrat Valencia,5142800,Hotel,Valencia,1,1,€ 111,2019/09/27,2019/09/28,3,,60
Kirei Apartment Vienna,4639797,Apartamento,Valencia,1,1,€ 126,2019/09/27,2019/09/28,0,,60
Alex Apartment,1756374,NA,Valencia,1,1,€ 74,2019/09/27,2019/09/28,0,"7,8",60
Eurostars Gran Valencia,90484,Hotel,Valencia,1,1,€ 116,2019/09/27,2019/09/28,4,"8,3",60
Habitación Céntrica en Casa de Familia,4289877,Habitación en casa particular,Valencia,1,1,€ 35,2019/09/27,2019/09/28,0,"8,1",60
Home Youth Hostel by Feetup Hostels,189322,Albergue,Valencia,1,1,€ 55,2019/09/27,2019/09/28,0,"8,8",60
Apartments Madrina,3278589,Apartamento,Valencia,1,1,€ 110,2019/09/27,2019/09/28,0,9,60
B&B Hotel Valencia Ciudad de las Ciencias,92242,Hotel,Valencia,1,1,€ 80,2019/09/27,2019/09/28,3,"7,5",60
HOSPEDAJE PESET,4718074,Habitación en casa particular,Valencia,1,1,€ 40,2019/09/27,2019/09/28,0,"8,1",60
Sol Playa,12656,Hotel,Valencia,1,1,€ 116,2019/09/27,2019/09/28,2,"8,3",60
Hostal Venecia,92883,Hotel,Valencia,1,1,€ 112,2019/09/27,2019/09/28,2,"9,1",60
7 Moons Bed & Breakfast,464187,Bed & breakfast,Valencia,1,1,€ 56,2019/09/27,2019/09/28,0,"8,5",60
Habitacion en Valencia Barata,4861796,Habitación en casa particular,Valencia,1,1,€ 45,2019/09/27,2019/09/28,0,"8,2",60
Expo Hotel Valencia,91223,Hotel,Valencia,1,1,€ 81,2019/09/27,2019/09/28,3,"7,6",60
Valencian Apartment,2298621,NA,Valencia,1,1,€ 112,2019/09/27,2019/09/28,0,9,60
Namaste Rooms,3799642,Hostal o pensión,Valencia,1,1,€ 65,2019/09/27,2019/09/28,0,"8,6",60
Hotel Medium Valencia,96838,Hotel,Valencia,1,1,€ 117,2019/09/27,2019/09/28,4,"8,2",60
United Colors of Apartments - Catedral,1301545,Apartamentos,Valencia,1,1,€ 120,2019/09/27,2019/09/28,0,"8,2",60
Apartamento Privado Próximo a Playa y Ciencias,3783163,Apartamento,Valencia,1,1,€ 120,2019/09/27,2019/09/28,0,"8,1",60
Apartamento Gran Vía Marqués del Turia,2358973,Apartamento,Valencia,1,1,€ 122,2019/09/27,2019/09/28,0,"8,4",60
Purple Nest Hostel,25278,Albergue,Valencia,1,1,€ 48,2019/09/27,2019/09/28,0,8,60
Cómoda habitación Valencia,4200488,Habitación en casa particular,Valencia,1,1,NA,2019/09/27,2019/09/28,0,"9,5",60
Sweet Hotel Continental,93856,Hotel,Valencia,1,1,€ 124,2019/09/27,2019/09/28,2,"8,3",60
Valenciaflats Torres de Serrano,17468,Apartamentos,Valencia,1,1,€ 124,2019/09/27,2019/09/28,0,"8,3",60
Cosy Rooms Tapinería,371192,Hostal o pensión,Valencia,1,1,€ 84,2019/09/27,2019/09/28,2,"7,5",60
Pio XII Apartments Valencia,402080,Apartamento,Valencia,1,1,€ 68,2019/09/27,2019/09/28,0,"8,5",60
B&B Hi Valencia Canovas,305349,Bed & breakfast,Valencia,1,1,€ 48,2019/09/27,2019/09/28,0,"8,4",60
Aparthotel Valencia Rental,17344,Apartahotel,Valencia,1,1,€ 54,2019/09/27,2019/09/28,0,8,60
Hotel Valencia Alameda,4019381,Hotel,Valencia,1,1,€ 114,2019/09/27,2019/09/28,4,"9,4",60
Carmen Apartment,3308265,Apartamento,Valencia,1,1,NA,2019/09/27,2019/09/28,0,"9,6",60
Casual de las Artes Valencia,538056,Hotel,Valencia,1,1,€ 126,2019/09/27,2019/09/28,3,"8,4",60
Apartamento centro frente a Torres de Serrano,3408067,NA,Valencia,1,1,NA,2019/09/27,2019/09/28,0,"9,5",60
Apartments Abate 4,2848648,NA,Valencia,1,1,€ 115,2019/09/27,2019/09/28,0,9,60
OYO Pensión El Rincón,476031,Hostal o pensión,Valencia,1,1,€ 85,2019/09/27,2019/09/28,1,"7,7",60
Red Nest Hostel,92283,Albergue,Valencia,1,1,€ 59,2019/09/27,2019/09/28,0,"8,2",60
NH Valencia Las Artes,90731,Hotel,Valencia,1,1,€ 132,2019/09/27,2019/09/28,4,"8,3",60
Big spacious penthouse next to the sea,3289648,Apartamento,Valencia,1,1,€ 70,2019/09/27,2019/09/28,0,"8,8",60
Olvida tu Reloj Montichelvo Apartment,3258095,NA,Valencia,1,1,€ 116,2019/09/27,2019/09/28,0,"9,4",60
Hotel Turia,14441,Hotel,Valencia,1,1,€ 85,2019/09/27,2019/09/28,4,"7,5",60
Hostal Abastos,257057,Hostal o pensión,Valencia,1,1,€ 60,2019/09/27,2019/09/28,2,"8,2",60
NH Valencia Center,90727,Hotel,Valencia,1,1,€ 137,2019/09/27,2019/09/28,4,"8,3",60
UNIK. Apartments Valencia,2241282,Apartamento,Valencia,1,1,€ 75,2019/09/27,2019/09/28,0,"8,5",60
Olvida tu Reloj Congresos Apartment,2448036,NA,Valencia,1,1,€ 116,2019/09/27,2019/09/28,0,"9,2",60
SHF Plaza de la Reina,1682520,NA,Valencia,1,1,€ 94,2019/09/27,2019/09/28,0,"7,7",60
Ilunion Valencia 4,754329,Hotel,Valencia,1,1,€ 152,2019/09/27,2019/09/28,4,8,60
San Andrey,2556080,Apartamento,Valencia,1,1,€ 155,2019/09/27,2019/09/28,0,"8,4",60
NWT Central Station Apartments,3964093,Apartamento,Valencia,1,1,€ 159,2019/09/27,2019/09/28,0,"8,4",60
València Centre Túria,2185255,Apartamento,Valencia,1,1,€ 75,2019/09/27,2019/09/28,0,"8,8",60
Plaza Sainetero 5,3148458,NA,Valencia,1,1,€ 102,2019/09/27,2019/09/28,0,"7,8",60
MD Design Hotel - Portal del Real,2391685,Hotel,Valencia,1,1,€ 117,2019/09/27,2019/09/28,2,"9,1",60
El Coso,14580,Hotel,Valencia,1,1,€ 159,2019/09/27,2019/09/28,3,"8,2",60
Musico Peydro Apartments,3765069,Apartamentos,Valencia,1,1,€ 188,2019/09/27,2019/09/28,0,"8,2",60
B&B Hi Valencia Boutique,1301725,Bed & breakfast,Valencia,1,1,€ 76,2019/09/27,2019/09/28,0,"8,7",60
STYLISH APARTMENT - CITY CENTER,2861517,NA,Valencia,1,1,€ 120,2019/09/27,2019/09/28,0,"7,8",60
apartamento las torres-botanico,4694090,Apartamento,Valencia,1,1,€ 119,2019/09/27,2019/09/28,0,9,60
Homestay Carrer Sagun,5006434,Habitación en casa particular,Valencia,1,1,€ 80,2019/09/27,2019/09/28,0,"8,7",60
Apartamento Alguer,4005334,NA,Valencia,1,1,€ 125,2019/09/27,2019/09/28,0,"7,5",60
Hotel Conqueridor,91047,Hotel,Valencia,1,1,€ 189,2019/09/27,2019/09/28,4,"8,4",60
L'Esplai Valencia Bed & Breakfast,1282556,Bed & breakfast,Valencia,1,1,NA,2019/09/27,2019/09/28,0,"9,6",60
Apartamento Jesus De Medinaceli,1728697,NA,Valencia,1,1,€ 80,2019/09/27,2019/09/28,0,"8,5",60
Apartment close to park Marchalenes,4418670,NA,Valencia,1,1,€ 120,2019/09/27,2019/09/28,0,"9,1",60
Purísima Street I,2471259,NA,Valencia,1,1,NA,2019/09/27,2019/09/28,0,"9,5",60
Hotel Neptuno,91206,Hotel,Valencia,1,1,€ 217,2019/09/27,2019/09/28,4,"8,4",60
Apartamento,3139431,NA,Valencia,1,1,NA,2019/09/27,2019/09/28,0,"9,5",60
Valencia-Ruzafa Studio,3235983,NA,Valencia,1,1,€ 120,2019/09/27,2019/09/28,0,"9,1",60
Apartment Plaza de la Merced,3457190,Apartamento,Valencia,1,1,€ 128,2019/09/27,2019/09/28,0,"7,9",60
Apartamentos Catedral,2358858,Apartamento,Valencia,1,1,€ 129,2019/09/27,2019/09/28,0,"7,9",60
Mon Suites Catedral,485679,NA,Valencia,1,1,€ 125,2019/09/27,2019/09/28,0,"9,2",60
Melia Valencia,290493,Hotel,Valencia,1,1,€ 84,2019/09/27,2019/09/28,4,"8,8",60
L'Arbre,3972359,NA,Valencia,1,1,€ 127,2019/09/27,2019/09/28,0,"9,3",60
Checkin Valencia,93743,Hotel,Valencia,1,1,€ 134,2019/09/27,2019/09/28,4,"7,8",60
ABCyou Bed&Breakfast,189207,Bed & breakfast,Valencia,1,1,€ 85,2019/09/27,2019/09/28,0,"8,5",60
El 16 Ruzafa,865461,NA,Valencia,1,1,€ 139,2019/09/27,2019/09/28,0,"7,7",60
Valenciaflats Centro Ciudad,18544,NA,Valencia,1,1,€ 129,2019/09/27,2019/09/28,0,"9,1",60
Hotel San Lorenzo Boutique,1307718,Hotel,Valencia,1,1,€ 86,2019/09/27,2019/09/28,3,"8,6",60
Hulot B&B Valencia,585429,Hostal o pensión,Valencia,1,1,€ 88,2019/09/27,2019/09/28,0,"8,5",60
OttoH Charm Stay,2459807,Hostal o pensión,Valencia,1,1,€ 129,2019/09/27,2019/09/28,0,"9,3",60
Valencia Luxury Attics Ayuntamiento,337092,Apartamento,Valencia,1,1,€ 220,2019/09/27,2019/09/28,0,"7,5",60
Zalamera BnB,1331238,Bed & breakfast,Valencia,1,1,€ 90,2019/09/27,2019/09/28,0,"8,7",60
Center Valencia,2944722,Casa o chalet,Valencia,1,1,€ 132,2019/09/27,2019/09/28,0,"9,4",60
MD Art Apartment Ruzafa,2550955,NA,Valencia,1,1,€ 291,2019/09/27,2019/09/28,0,"7,7",60
Casa del Patriarca,364834,Hostal o pensión,Valencia,1,1,€ 90,2019/09/27,2019/09/28,0,"8,9",60
Duplex+Swimming pool+private entrance=Housen of LOVE,2999152,Apartamento,Valencia,1,1,€ 135,2019/09/27,2019/09/28,0,"9,4",60
MD Pelayo with terrace,1979067,NA,Valencia,1,1,€ 291,2019/09/27,2019/09/28,0,"7,8",60
MD Abastos Center,2551194,NA,Valencia,1,1,€ 329,2019/09/27,2019/09/28,0,"7,7",60
Mediterranean Flats Plaza Redonda,4086496,NA,Valencia,1,1,€ 137,2019/09/27,2019/09/28,0,"9,2",60
Hotel Malcom and Barret,483261,Hotel,Valencia,1,1,€ 98,2019/09/27,2019/09/28,3,"8,7",60
MD Oliag I Apartment Ruzafa,2867488,Apartamento,Valencia,1,1,€ 375,2019/09/27,2019/09/28,0,"7,7",60
Valenciaflats Ciudad de las Ciencias,93676,NA,Valencia,1,1,€ 138,2019/09/27,2019/09/28,0,"9,1",60
Casual del Cine Valencia,572187,Hotel,Valencia,1,1,€ 99,2019/09/27,2019/09/28,2,"8,6",60
Guest House Samuel Ros,4161855,Hostal o pensión,Valencia,1,1,€ 35,2019/09/27,2019/09/28,0,"7,4",60
COZY APARTMENT VALENCIA BEACHFRONT!,3128516,NA,Valencia,1,1,€ 140,2019/09/27,2019/09/28,0,"9,4",60
BUBUFLATS Mossén,1141763,NA,Valencia,1,1,€ 100,2019/09/27,2019/09/28,0,"8,9",60
Guest House Lebon,3124256,Hostal o pensión,Valencia,1,1,€ 35,2019/09/27,2019/09/28,0,7,60
Apartment Regne De Valencia,1533033,Apartamento,Valencia,1,1,€ 140,2019/09/27,2019/09/28,0,"9,4",60
BUBUFLATS / Mercat,783206,Apartamento,Valencia,1,1,€ 100,2019/09/27,2019/09/28,0,"8,9",60
Hostal Waksman,281139,Hostal o pensión,Valencia,1,1,€ 38,2019/09/27,2019/09/28,1,"7,3",60
La Flamenca,818359,Hostal o pensión,Valencia,1,1,€ 40,2019/09/27,2019/09/28,0,"7,3",60
Mon Suites San Martin,2777545,NA,Valencia,1,1,€ 143,2019/09/27,2019/09/28,0,"9,4",60
Hotel Kramer,91106,Hotel,Valencia,1,1,€ 102,2019/09/27,2019/09/28,3,"8,8",60
Ruzafa Rooms,2891693,Hostal o pensión,Valencia,1,1,€ 40,2019/09/27,2019/09/28,0,7,60
Mon Suites San Nicolas,4117225,NA,Valencia,1,1,€ 143,2019/09/27,2019/09/28,0,"9,2",60
Melia Plaza Valencia,13270,Hotel,Valencia,1,1,€ 105,2019/09/27,2019/09/28,4,"8,9",60
feliz como en casa,3676196,Habitación en casa particular,Valencia,1,1,€ 40,2019/09/27,2019/09/28,0,7,60
Apartamentos Wallace,1698355,NA,Valencia,1,1,€ 143,2019/09/27,2019/09/28,0,"9,2",60
Soho Valencia,1538641,NA,Valencia,1,1,€ 105,2019/09/27,2019/09/28,0,"8,9",60
Hostal Residencial RR,450746,Hostal o pensión,Valencia,1,1,€ 50,2019/09/27,2019/09/28,0,7,60
The Flow House,4762375,Apartamento,Valencia,1,1,€ 146,2019/09/27,2019/09/28,0,"9,4",60
Casual de la Música Valencia,273130,Hotel,Valencia,1,1,€ 58,2019/09/27,2019/09/28,2,"7,4",60
Jardín Botánico Hotel Boutique,93369,Hotel,Valencia,1,1,€ 106,2019/09/27,2019/09/28,3,"8,9",60
B BEACH VALENCIA,5125954,NA,Valencia,1,1,€ 150,2019/09/27,2019/09/28,0,"9,3",60
Sampedor Apartment,435662,NA,Valencia,1,1,€ 59,2019/09/27,2019/09/28,0,7,60
Sweet Caroline Apartment,1811784,NA,Valencia,1,1,€ 150,2019/09/27,2019/09/28,0,"9,2",60
Barceló Valencia,91988,Hotel,Valencia,1,1,€ 108,2019/09/27,2019/09/28,4,"8,6",60
Hotel Dimar,90886,Hotel,Valencia,1,1,€ 108,2019/09/27,2019/09/28,4,"8,7",60
SKY TOURISTIC ATTIC,281640,NA,Valencia,1,1,€ 108,2019/09/27,2019/09/28,0,"8,5",60
Burjassot Mestalla,3058627,NA,Valencia,1,1,€ 110,2019/09/27,2019/09/28,0,"8,7",60
