name,propertyId,propertyType,city,rooms,days,price,checkIn,checkOut,stars,score,advance
Lotelito,570027,Hotel,Valencia,1,1,€ 89,2019/07/29,2019/07/30,0,"8,9",7
Miresa flats,5300418,Apartamento,Valencia,1,1,€ 125,2019/07/29,2019/07/30,0,,7
Travel Habitat Teatro Principal,1719003,Apartamentos,Valencia,1,1,NA,2019/07/29,2019/07/30,0,9,7
MYR Hotel Plaza Mercado & Spa,1619029,Apartahotel,Valencia,1,1,€ 124,2019/07/29,2019/07/30,0,"9,2",7
Miresa flats 2.1A,5399747,Apartamento,Valencia,1,1,€ 90,2019/07/29,2019/07/30,0,,7
Catedral Reina Apartaments,5348651,Apartamentos,Valencia,1,1,€ 140,2019/07/29,2019/07/30,0,,7
Apartamento de lujo con terraza,5240138,Apartamento,Valencia,1,1,€ 282,2019/07/29,2019/07/30,0,,7
Apartamento para 10 personas,5029963,Apartamento,Valencia,1,1,€ 200,2019/07/29,2019/07/30,0,"6,8",7
Kirei Apartment Atlanta,4304662,Apartamento,Valencia,1,1,€ 115,2019/07/29,2019/07/30,0,"4,5",7
Friendly Rentals Schubert,1634221,Apartamentos,Valencia,1,1,NA,2019/07/29,2019/07/30,0,"8,9",7
Atico Loft Torres de Quart,4152620,Apartamento,Valencia,1,1,€ 151,2019/07/29,2019/07/30,0,,7
MD Oliag I Apartment Ruzafa,2867488,Apartamento,Valencia,1,1,€ 513,2019/07/29,2019/07/30,0,"7,7",7
Apartamento Islas Canarias,2304086,Apartamento,Valencia,1,1,€ 71,2019/07/29,2019/07/30,0,"4,1",7
Soho Valencia,1538641,Apartahotel,Valencia,1,1,€ 154,2019/07/29,2019/07/30,0,"8,9",7
United Colors of Apartments Boutique Style,5372347,Apartamentos,Valencia,1,1,€ 99,2019/07/29,2019/07/30,0,10,7
Apartamento Torres de Serrano,5083131,Apartamento,Valencia,1,1,€ 195,2019/07/29,2019/07/30,0,,7
SingularStays San Vicente,1423172,Apartamentos,Valencia,1,1,NA,2019/07/29,2019/07/30,0,"8,9",7
Apartamento Panorámico- próximo Playa- Wifi-AC,4978144,Apartamento,Valencia,1,1,€ 160,2019/07/29,2019/07/30,0,"9,2",7
"""Como en casa"" - apartamento para tres con TV y WiFi gratis",4369402,Apartamento,Valencia,1,1,€ 120,2019/07/29,2019/07/30,0,"8,9",7
Pintor Salvador Abril 24 Apartment,3249845,Apartamento,Valencia,1,1,€ 154,2019/07/29,2019/07/30,0,"8,9",7
City Center Apartment,5084891,Apartamento,Valencia,1,1,€ 135,2019/07/29,2019/07/30,0,"7,8",7
Apartamentos Valencia - Brazil 31 Free WiFi,4948554,Apartamento,Valencia,1,1,€ 115,2019/07/29,2019/07/30,0,"8,5",7
SKY TOURISTIC ATTIC,281640,Apartamentos,Valencia,1,1,€ 113,2019/07/29,2019/07/30,0,"8,5",7
ApartUP Blue Opera View,1195443,Apartamento,Valencia,1,1,NA,2019/07/29,2019/07/30,0,9,7
Edificio Pentagono,4673669,Apartamento,Valencia,1,1,€ 235,2019/07/29,2019/07/30,0,"9,1",7
Lounge by the sea,4756780,Apartamento,Valencia,1,1,€ 120,2019/07/29,2019/07/30,0,"9,8",7
Habitación muy cerca de la playa.,5395908,Hotel,Valencia,1,1,€ 40,2019/07/29,2019/07/30,0,,7
Estrella de russafa,5352439,Hotel,Valencia,1,1,€ 60,2019/07/29,2019/07/30,0,,7
Kirei Apartment Atlanta,4304662,Apartamento,Valencia,1,1,€ 115,2019/07/29,2019/07/30,0,"4,5",7
City Center Apartment,5084891,Apartamento,Valencia,1,1,€ 135,2019/07/29,2019/07/30,0,"7,8",7
Mr Flats Valencia 2,2580094,Apartamentos,Valencia,1,1,NA,2019/07/29,2019/07/30,0,9,7
"""Como en casa"" - apartamento para tres con TV y WiFi gratis",4369402,Apartamento,Valencia,1,1,€ 120,2019/07/29,2019/07/30,0,"8,9",7
Las casitas de la playa,3177809,Apartamentos,Valencia,1,1,€ 158,2019/07/29,2019/07/30,0,"6,9",7
Valencia City Host,1177077,Hotel,Valencia,1,1,€ 60,2019/07/29,2019/07/30,0,"7,9",7
Kirei Apartment Dublin,4639542,Apartamento,Valencia,1,1,€ 92,2019/07/29,2019/07/30,0,,7
L'Arbre,3972359,Apartamento,Valencia,1,1,€ 123,2019/07/29,2019/07/30,0,"9,2",7
Carrer del Bisbe Jaume Pérez,4900140,Hotel,Valencia,1,1,€ 55,2019/07/29,2019/07/30,0,"5,8",7
Mr Flats Valencia,2232363,Apartamentos,Valencia,1,1,NA,2019/07/29,2019/07/30,0,9,7
Homestay Valencia,2597106,Hotel,Valencia,1,1,€ 66,2019/07/29,2019/07/30,0,"8,1",7
Casual Civilizaciones Valencia,449777,Hotel,Valencia,1,1,€ 45,2019/07/29,2019/07/30,0,"7,9",7
SHF Plaza de la Reina,1682520,Apartamentos,Valencia,1,1,€ 100,2019/07/29,2019/07/30,0,"7,7",7
Calle Salado N 4,3464758,Apartamento,Valencia,1,1,€ 111,2019/07/29,2019/07/30,0,"8,4",7
RoomTuristValencia Estacion del Norte,4682632,Hotel,Valencia,1,1,€ 38,2019/07/29,2019/07/30,0,"5,5",7
HOSPEDAJE PESET,4718074,Hotel,Valencia,1,1,€ 50,2019/07/29,2019/07/30,0,"8,2",7
Coroa del Mar,1549399,Apartamentos,Valencia,1,1,NA,2019/07/29,2019/07/30,0,"7,1",7
Habitación doble,3599930,Hotel,Valencia,1,1,€ 85,2019/07/29,2019/07/30,0,9,7
Bubuflats Bubu 5,1283519,Apartamento,Valencia,1,1,€ 105,2019/07/29,2019/07/30,0,"9,1",7
Kirei Apartment Na Jordana,1702092,Apartamentos,Valencia,1,1,€ 87,2019/07/29,2019/07/30,0,"7,1",7
Suites by Eric Olsan (Peset),4726296,Apartamentos,Valencia,1,1,€ 111,2019/07/29,2019/07/30,0,"8,1",7
Russafa Youth Hostel,345134,Hotel,Valencia,1,1,€ 59,2019/07/29,2019/07/30,0,"8,6",7
HABITACIÓN PRIVADA EN RUZAFA,4948581,Hotel,Valencia,1,1,€ 60,2019/07/29,2019/07/30,0,,7
Casa alta del mar,2542826,Apartamento,Valencia,1,1,NA,2019/07/29,2019/07/30,0,"9,2",7
RoomTuristValencia Torres de Quart,4565643,Hotel,Valencia,1,1,€ 38,2019/07/29,2019/07/30,0,"4,8",7
07 PLAZA DEL AYUNTAMIENTO - CENTRO 6personas,4093811,Apartamento,Valencia,1,1,€ 239,2019/07/29,2019/07/30,0,,7
Suites by Eric Olsan (L),4287413,Apartamentos,Valencia,1,1,€ 111,2019/07/29,2019/07/30,0,"7,9",7
RoomTuristValencia RuzafaSumsi,4682802,Hotel,Valencia,1,1,€ 38,2019/07/29,2019/07/30,0,5,7
Namaste Rooms,3799642,Hotel,Valencia,1,1,€ 60,2019/07/29,2019/07/30,0,"8,7",7
Guest House Duc de Gaeta,2275007,Hotel,Valencia,1,1,€ 45,2019/07/29,2019/07/30,0,"5,1",7
Living Valencia - Corregeria,3972561,Apartamentos,Valencia,1,1,NA,2019/07/29,2019/07/30,0,"8,3",7
L'Otelet By Sweet,1467935,Hotel,Valencia,1,1,€ 64,2019/07/29,2019/07/30,0,"8,4",7
Habitaciones en el corazón de Valencia,4138765,Hotel,Valencia,1,1,€ 35,2019/07/29,2019/07/30,0,"8,4",7
feliz como en casa,3676196,Hotel,Valencia,1,1,€ 36,2019/07/29,2019/07/30,0,"6,9",7
Casita bonita con piscina y jardin,5294677,Hotel,Valencia,1,1,€ 75,2019/07/29,2019/07/30,0,,7
Art&Flats Bed&Breakfast,5238345,Hotel,Valencia,1,1,€ 54,2019/07/29,2019/07/30,0,"9,4",7
Habitación muy cerca de la playa.,5395908,Hotel,Valencia,1,1,€ 40,2019/07/29,2019/07/30,0,,7
Musico Art Flat,2925957,Apartamento,Valencia,1,1,NA,2019/07/29,2019/07/30,0,"9,6",7
Habitación San Cayetano,4624401,Hotel,Valencia,1,1,€ 50,2019/07/29,2019/07/30,0,"7,7",7
Blanq Carmen Hotel,97069,Hotel,Valencia,1,1,€ 63,2019/07/29,2019/07/30,3,"8,7",7
Sorolla Centro,90896,Hotel,Valencia,1,1,€ 90,2019/07/29,2019/07/30,3,"9,1",7
37 PLAZA AYUNTAMIENTO-CENTRO 6p.,4093843,Apartamento,Valencia,1,1,NA,2019/07/29,2019/07/30,0,,7
Hotel Boutique Balandret,1281710,Hotel,Valencia,1,1,€ 190,2019/07/29,2019/07/30,3,"9,2",7
Hotel San Lorenzo Boutique,1307718,Hotel,Valencia,1,1,€ 135,2019/07/29,2019/07/30,3,"8,6",7
Casual de las Artes Valencia,538056,Hotel,Valencia,1,1,€ 72,2019/07/29,2019/07/30,3,"8,4",7
El Coso,14580,Hotel,Valencia,1,1,€ 190,2019/07/29,2019/07/30,3,"8,2",7
Jardín Botánico Hotel Boutique,93369,Hotel,Valencia,1,1,€ 92,2019/07/29,2019/07/30,3,"8,9",7
Hotel El Siglo,1741479,Hotel,Valencia,1,1,€ 96,2019/07/29,2019/07/30,3,"8,5",7
New apartment near to the center,4062596,Apartamento,Valencia,1,1,NA,2019/07/29,2019/07/30,0,,7
Zalamera BnB,1331238,Hotel,Valencia,1,1,€ 85,2019/07/29,2019/07/30,0,"8,7",7
Habitacion en Valencia Barata,4861796,Hotel,Valencia,1,1,€ 45,2019/07/29,2019/07/30,0,"8,2",7
PISO ACOGEDOR,4995780,Hotel,Valencia,1,1,€ 50,2019/07/29,2019/07/30,0,"6,6",7
Apartamento con terraza,5238122,Apartahotel,Valencia,1,1,€ 240,2019/07/29,2019/07/30,0,,7
Port of Valencia,3805735,Casa o chalet,Valencia,1,1,€ 200,2019/07/29,2019/07/30,0,"4,7",7
UP Hostel Valencia,1710137,Hotel,Valencia,1,1,€ 25,2019/07/29,2019/07/30,0,"7,8",7
Apartamento de lujo con terraza,5240138,Apartamento,Valencia,1,1,€ 282,2019/07/29,2019/07/30,0,,7
Governor Residence,3799760,Apartahotel,Valencia,1,1,€ 600,2019/07/29,2019/07/30,0,,7
Catedral Reina Apartaments,5348651,Apartamentos,Valencia,1,1,€ 140,2019/07/29,2019/07/30,0,,7
Guest House Ruzafa,2324552,Hotel,Valencia,1,1,€ 38,2019/07/29,2019/07/30,0,"5,3",7
Gulet Why Not,5199364,Hotel,Valencia,1,1,€ 3.600,2019/07/29,2019/07/30,0,,7
vosotros sereis parte de mi familia.,5299568,Hotel,Valencia,1,1,€ 45,2019/07/29,2019/07/30,0,,7
Ilunion Aqua 3,92776,Hotel,Valencia,1,1,€ 91,2019/07/29,2019/07/30,3,"8,3",7
Ad Hoc Monumental,90719,Hotel,Valencia,1,1,€ 76,2019/07/29,2019/07/30,3,"8,6",7
Catalonia Excelsior,90578,Hotel,Valencia,1,1,€ 150,2019/07/29,2019/07/30,3,"8,7",7
Hotel Gabbeach,403586,Hotel,Valencia,1,1,€ 149,2019/07/29,2019/07/30,3,"8,4",7
Hotel Mediterraneo Valencia,92412,Hotel,Valencia,1,1,€ 116,2019/07/29,2019/07/30,3,"8,8",7
Petit Palace Ruzafa,90792,Hotel,Valencia,1,1,€ 101,2019/07/29,2019/07/30,3,"8,7",7
Valencia Flat Rental Historical Center 1,3339525,Apartamento,Valencia,1,1,NA,2019/07/29,2019/07/30,0,,7
BUBUFLATS Mossén,1141763,Apartamentos,Valencia,1,1,€ 110,2019/07/29,2019/07/30,0,"8,9",7
Guesthouse Plaza de Toros,2985902,Hotel,Valencia,1,1,€ 40,2019/07/29,2019/07/30,0,5,7
Home Sweet Home,1223953,Hotel,Valencia,1,1,€ 50,2019/07/29,2019/07/30,0,"5,6",7
Palacios Rooms,2773548,Hotel,Valencia,1,1,€ 76,2019/07/29,2019/07/30,0,"8,3",7
Petit Palace Plaza de la Reina,90443,Hotel,Valencia,1,1,€ 119,2019/07/29,2019/07/30,3,"8,7",7
Apartamentos Plaza Picasso,97063,Apartamentos,Valencia,1,1,€ 79,2019/07/29,2019/07/30,0,"8,4",7
Flatsforyou Mercat,1367507,Apartamentos,Valencia,1,1,€ 96,2019/07/29,2019/07/30,3,"8,9",7
Suites by Eric Olsan (Peset),4726296,Apartamentos,Valencia,1,1,€ 111,2019/07/29,2019/07/30,0,"8,1",7
Apartamentos Adressadors,1743173,Apartamentos,Valencia,1,1,€ 60,2019/07/29,2019/07/30,0,"7,8",7
Friendly Rentals Danna,1634254,Apartamento,Valencia,1,1,€ 160,2019/07/29,2019/07/30,0,"7,6",7
Preciosos Apartamentos en el Carmen,2918345,Apartamentos,Valencia,1,1,NA,2019/07/29,2019/07/30,0,"8,1",7
Murillo Apartment,408163,Apartamento,Valencia,1,1,€ 52,2019/07/29,2019/07/30,0,7,7
Apartamentos el Pilar,237104,Apartamentos,Valencia,1,1,€ 85,2019/07/29,2019/07/30,0,"7,9",7
Red Nest Hostel,92283,Hotel,Valencia,1,1,€ 53,2019/07/29,2019/07/30,0,"8,2",7
Zerka Sendra,4657122,Apartamento,Valencia,1,1,€ 318,2019/07/29,2019/07/30,0,"8,9",7
Apartment Cisneros 2,2361375,Apartamento,Valencia,1,1,€ 170,2019/07/29,2019/07/30,0,"9,7",7
Apartment in the Quart Towers I,4917366,Apartamentos,Valencia,1,1,€ 128,2019/07/29,2019/07/30,0,,7
Apartments Calle Padre Damian,4523326,Apartamentos,Valencia,1,1,€ 100,2019/07/29,2019/07/30,0,"6,9",7
Friendly Rentals Puerto Deportivo,2317861,Apartamentos,Valencia,1,1,NA,2019/07/29,2019/07/30,0,"8,2",7
City Center Apartments,4426057,Apartamentos,Valencia,1,1,€ 90,2019/07/29,2019/07/30,0,"7,8",7
Valencia Apartments,4367788,Apartamentos,Valencia,1,1,€ 96,2019/07/29,2019/07/30,0,"7,1",7
Apartamento Ciudad de las Artes y las Ciencias,4353552,Apartamento,Valencia,1,1,€ 135,2019/07/29,2019/07/30,0,"8,4",7
Suites by Eric Olsan (L),4287413,Apartamentos,Valencia,1,1,€ 111,2019/07/29,2019/07/30,0,"7,9",7
Calle Cuenca,4093857,Apartamento,Valencia,1,1,€ 125,2019/07/29,2019/07/30,0,,7
07 PLAZA DEL AYUNTAMIENTO - CENTRO 6personas,4093811,Apartamento,Valencia,1,1,€ 239,2019/07/29,2019/07/30,0,,7
Valencia Flat Rental Ruzafa Centelles,1890384,Apartamento,Valencia,1,1,NA,2019/07/29,2019/07/30,0,,7
Apartamento Privado Próximo a Playa y Ciencias,3783163,Apartamento,Valencia,1,1,€ 95,2019/07/29,2019/07/30,0,"8,1",7
Art of Dance Apartment Valencia,3732969,Apartamento,Valencia,1,1,€ 110,2019/07/29,2019/07/30,0,"7,9",7
NWT Monserrat,3728842,Apartamentos,Valencia,1,1,€ 104,2019/07/29,2019/07/30,0,"7,1",7
Las casitas de la playa,3177809,Apartamentos,Valencia,1,1,€ 158,2019/07/29,2019/07/30,0,"6,9",7
YourPlace Apartments,2896608,Apartamentos,Valencia,1,1,€ 92,2019/07/29,2019/07/30,0,"7,7",7
La Casa dei Fiori,2849727,Apartamento,Valencia,1,1,€ 140,2019/07/29,2019/07/30,0,"7,1",7
Lujoso Apartamento En El Carmen,2814452,Apartamento,Valencia,1,1,€ 100,2019/07/29,2019/07/30,0,"7,4",7
Apartamentos Marina Beach,2661874,Apartamentos,Valencia,1,1,€ 90,2019/07/29,2019/07/30,0,"8,2",7
United Colors of Studios - Mercado Central,2574108,Apartamentos,Valencia,1,1,€ 89,2019/07/29,2019/07/30,0,"7,9",7
MD Abastos Center,2551194,Apartamento,Valencia,1,1,€ 455,2019/07/29,2019/07/30,0,"7,7",7
MD Art Apartment Ruzafa,2550955,Apartamento,Valencia,1,1,€ 345,2019/07/29,2019/07/30,0,"7,7",7
Apartment Florista,2150187,Apartamento,Valencia,1,1,€ 105,2019/07/29,2019/07/30,0,8,7
Kirei Apartment Na Jordana,1702092,Apartamentos,Valencia,1,1,€ 87,2019/07/29,2019/07/30,0,"7,1",7
Apartment Vicent,1674495,Apartamentos,Valencia,1,1,€ 85,2019/07/29,2019/07/30,0,"8,1",7
ART & FLATS Pleno Centro Valencia,1554388,Apartamentos,Valencia,1,1,€ 153,2019/07/29,2019/07/30,0,"7,9",7
SHF Flats Baron,1033085,Apartamentos,Valencia,1,1,€ 110,2019/07/29,2019/07/30,0,8,7
SHF Sevilla Loft,850157,Apartamentos,Valencia,1,1,€ 100,2019/07/29,2019/07/30,0,"7,4",7
Premium Apartments,486507,Apartamentos,Valencia,1,1,€ 99,2019/07/29,2019/07/30,0,"6,9",7
Flatsforyou Mercat,1367507,Hotel,Valencia,1,1,€ 96,2019/07/29,2019/07/30,3,"8,9",7
RUZAFA. Nice apartment and Terrace.,4368595,Hotel,Valencia,1,1,€ 95,2019/07/29,2019/07/30,0,"9,3",7
Apartments Serrería II,1442762,Hotel,Valencia,1,1,NA,2019/07/29,2019/07/30,0,"8,2",7
L'Arbre,3972359,Hotel,Valencia,1,1,€ 123,2019/07/29,2019/07/30,0,"9,2",7
APARTAMENTO CENTRO- RUZAFA. WI-FI. PARKING,3144104,Hotel,Valencia,1,1,€ 120,2019/07/29,2019/07/30,0,"9,3",7
Suites by Eric Olsan (Florista),4726450,Hotel,Valencia,1,1,€ 108,2019/07/29,2019/07/30,0,"8,6",7
Zerka Centro,4425975,Hotel,Valencia,1,1,€ 208,2019/07/29,2019/07/30,0,"8,5",7
Calle Salado N 4,3464758,Hotel,Valencia,1,1,€ 111,2019/07/29,2019/07/30,0,"8,4",7
Mercado Mossen Sorell,3203444,Hotel,Valencia,1,1,€ 122,2019/07/29,2019/07/30,0,"8,5",7
Apartment SingularStays Catalina,1314994,Hotel,Valencia,1,1,NA,2019/07/29,2019/07/30,0,"8,1",7
UNIK. Apartments Valencia,2241282,Hotel,Valencia,1,1,€ 75,2019/07/29,2019/07/30,0,"8,5",7
Flatsforyou Marina,1793012,Hotel,Valencia,1,1,€ 110,2019/07/29,2019/07/30,0,"8,6",7
Apartments Viveros,1069530,Hotel,Valencia,1,1,€ 120,2019/07/29,2019/07/30,0,"8,5",7
Flatsforyou Petit Bonaire,455152,Hotel,Valencia,1,1,€ 120,2019/07/29,2019/07/30,0,"8,2",7
Valencia Luxury Town Hall,866934,Hotel,Valencia,1,1,€ 159,2019/07/29,2019/07/30,0,"7,1",7
Zerka Sendra,4657122,Hotel,Valencia,1,1,€ 318,2019/07/29,2019/07/30,0,"8,9",7
SingularStays Seu Catedral,493883,Hotel,Valencia,1,1,NA,2019/07/29,2019/07/30,0,"8,1",7
Apartamento bianca,3205847,Hotel,Valencia,1,1,€ 91,2019/07/29,2019/07/30,0,"9,2",7
Apartments Abate 4,2848648,Hotel,Valencia,1,1,€ 114,2019/07/29,2019/07/30,0,9,7
CheValenciaFlats,2064099,Hotel,Valencia,1,1,€ 138,2019/07/29,2019/07/30,0,9,7
Valenciaflats Mercado Central,307677,Hotel,Valencia,1,1,€ 105,2019/07/29,2019/07/30,0,9,7
Pio XII Apartments Valencia,402080,Hotel,Valencia,1,1,€ 81,2019/07/29,2019/07/30,0,"8,5",7
Apartamento Playa Wifi Gratis,3495634,Hotel,Valencia,1,1,€ 158,2019/07/29,2019/07/30,0,"9,6",7
Palau de Palomar,471283,Hotel,Valencia,1,1,NA,2019/07/29,2019/07/30,0,"9,2",7
SHF Plaza de la Reina,1682520,Hotel,Valencia,1,1,€ 100,2019/07/29,2019/07/30,0,"7,7",7
Valencia Luxury Group Apartments,1648016,Hotel,Valencia,1,1,€ 195,2019/07/29,2019/07/30,0,"7,3",7
Valencia Boutique Plaza de la Reina,1541067,Hotel,Valencia,1,1,€ 85,2019/07/29,2019/07/30,0,8,7
Valencia Luxury La Paz,1107542,Hotel,Valencia,1,1,€ 240,2019/07/29,2019/07/30,0,"7,1",7
Valencia Luxury Central Market,1078335,Hotel,Valencia,1,1,€ 160,2019/07/29,2019/07/30,0,"7,5",7
El 16 Ruzafa,865461,Hotel,Valencia,1,1,€ 124,2019/07/29,2019/07/30,0,"7,7",7
Luxury Beach House,3602594,Hotel,Valencia,1,1,NA,2019/07/29,2019/07/30,0,"9,7",7
Valencia Luxury Catedral,440778,Hotel,Valencia,1,1,€ 160,2019/07/29,2019/07/30,0,"7,2",7
Valencia Boutique Ayuntamiento II,387852,Hotel,Valencia,1,1,€ 160,2019/07/29,2019/07/30,0,"6,8",7
Valencia Boutique Ayuntamiento,343355,Hotel,Valencia,1,1,€ 160,2019/07/29,2019/07/30,0,"7,2",7
Valencia Luxury Attics Ayuntamiento,337092,Hotel,Valencia,1,1,€ 150,2019/07/29,2019/07/30,0,"7,5",7
NWT Central Station Apartments,3964093,Hotel,Valencia,1,1,€ 154,2019/07/29,2019/07/30,0,"8,4",7
Friendly Rentals Soler,1634237,Hotel,Valencia,1,1,€ 125,2019/07/29,2019/07/30,0,"8,6",7
My Loft 4 You Velluters,4126372,Hotel,Valencia,1,1,NA,2019/07/29,2019/07/30,0,9,7
Hi Valencia Cánovas,4312120,Hotel,Valencia,1,1,€ 114,2019/07/29,2019/07/30,0,9,7
Friendly Rentals Nyman,3245521,Hotel,Valencia,1,1,€ 115,2019/07/29,2019/07/30,0,"8,9",7
Hostal Abastos,257057,Hotel,Valencia,1,1,€ 50,2019/07/29,2019/07/30,2,"8,2",7
Cosy Rooms Bolsería,371606,Hotel,Valencia,1,1,€ 89,2019/07/29,2019/07/30,2,"7,4",7
Cosy Rooms Tapinería,371192,Hotel,Valencia,1,1,€ 84,2019/07/29,2019/07/30,2,"7,5",7
Cosy Rooms Embajador,369728,Hotel,Valencia,1,1,€ 74,2019/07/29,2019/07/30,2,"7,4",7
Casual de la Música Valencia,273130,Hotel,Valencia,1,1,€ 152,2019/07/29,2019/07/30,2,"7,4",7
Hostal El Cid,309465,Hotel,Valencia,1,1,€ 50,2019/07/29,2019/07/30,2,"7,5",7
Ad Hoc Carmen,1173270,Hotel,Valencia,1,1,€ 89,2019/07/29,2019/07/30,2,"8,9",7
Hostal Venecia,92883,Hotel,Valencia,1,1,€ 79,2019/07/29,2019/07/30,2,"9,1",7
Casual Vintage Valencia,1710241,Hotel,Valencia,1,1,€ 86,2019/07/29,2019/07/30,2,"8,5",7
Casual del Cine Valencia,572187,Hotel,Valencia,1,1,€ 104,2019/07/29,2019/07/30,2,"8,6",7
MD Design Hotel - Portal del Real,2391685,Hotel,Valencia,1,1,€ 111,2019/07/29,2019/07/30,2,"9,1",7
central station valencia,2414838,Hotel,Valencia,1,1,€ 89,2019/07/29,2019/07/30,0,"7,1",7
Kirei Apartment San Agustin,1712323,Hotel,Valencia,1,1,€ 103,2019/07/29,2019/07/30,0,"6,4",7
Hotel Alkazar,408511,Hotel,Valencia,1,1,€ 75,2019/07/29,2019/07/30,1,8,7
Dormavalencia Hostel Regne,291755,Hotel,Valencia,1,1,€ 70,2019/07/29,2019/07/30,1,8,7
MD Modern Hotel - Jardines,305447,Hotel,Valencia,1,1,€ 90,2019/07/29,2019/07/30,1,"8,2",7
Apartment in the Quart Towers I,4917366,Apartamentos,Valencia,1,1,€ 128,2019/07/29,2019/07/30,0,,7
Kirei Apartment Dublin,4639542,Apartamento,Valencia,1,1,€ 92,2019/07/29,2019/07/30,0,,7
Innsa,503793,Hotel,Valencia,1,1,NA,2019/07/29,2019/07/30,0,"8,3",7
Apartments Calle Padre Damian,4523326,Apartamentos,Valencia,1,1,€ 100,2019/07/29,2019/07/30,0,"6,9",7
City Center Apartments,4426057,Apartamentos,Valencia,1,1,€ 90,2019/07/29,2019/07/30,0,"7,8",7
Valencia Apartments,4367788,Apartamentos,Valencia,1,1,€ 96,2019/07/29,2019/07/30,0,"7,1",7
Apartamento Ciudad de las Artes y las Ciencias,4353552,Apartamento,Valencia,1,1,€ 135,2019/07/29,2019/07/30,0,"8,4",7
Kirei Apartment Atlanta,4304662,Apartamento,Valencia,1,1,€ 115,2019/07/29,2019/07/30,0,"4,5",7
Suites by Eric Olsan (L),4287413,Apartamentos,Valencia,1,1,€ 111,2019/07/29,2019/07/30,0,"7,9",7
Jardines del Parterre Rooms & Breakfast,4527597,Hotel,Valencia,1,1,NA,2019/07/29,2019/07/30,0,"7,7",7
Atico Loft Torres de Quart,4152620,Apartamento,Valencia,1,1,€ 151,2019/07/29,2019/07/30,0,,7
Calle Cuenca,4093857,Apartamento,Valencia,1,1,€ 125,2019/07/29,2019/07/30,0,,7
07 PLAZA DEL AYUNTAMIENTO - CENTRO 6personas,4093811,Apartamento,Valencia,1,1,€ 239,2019/07/29,2019/07/30,0,,7
Apartamento Privado Próximo a Playa y Ciencias,3783163,Apartamento,Valencia,1,1,€ 95,2019/07/29,2019/07/30,0,"8,1",7
Musico Peydro Apartments,3765069,Apartamentos,Valencia,1,1,€ 215,2019/07/29,2019/07/30,0,"8,2",7
Art of Dance Apartment Valencia,3732969,Apartamento,Valencia,1,1,€ 110,2019/07/29,2019/07/30,0,"7,9",7
Bird House,4388270,Hotel,Valencia,1,1,NA,2019/07/29,2019/07/30,0,"8,2",7
NWT Monserrat,3728842,Apartamentos,Valencia,1,1,€ 104,2019/07/29,2019/07/30,0,"7,1",7
Las casitas de la playa,3177809,Apartamentos,Valencia,1,1,€ 158,2019/07/29,2019/07/30,0,"6,9",7
YourPlace Apartments,2896608,Apartamentos,Valencia,1,1,€ 92,2019/07/29,2019/07/30,0,"7,7",7
MD Oliag I Apartment Ruzafa,2867488,Apartamento,Valencia,1,1,€ 513,2019/07/29,2019/07/30,0,"7,7",7
La Casa dei Fiori,2849727,Apartamento,Valencia,1,1,€ 140,2019/07/29,2019/07/30,0,"7,1",7
Lujoso Apartamento En El Carmen,2814452,Apartamento,Valencia,1,1,€ 100,2019/07/29,2019/07/30,0,"7,4",7
Geography and Arts.,3569110,Hotel,Valencia,1,1,NA,2019/07/29,2019/07/30,0,"6,6",7
Apartamentos Marina Beach,2661874,Apartamentos,Valencia,1,1,€ 90,2019/07/29,2019/07/30,0,"8,2",7
United Colors of Studios - Mercado Central,2574108,Apartamentos,Valencia,1,1,€ 89,2019/07/29,2019/07/30,0,"7,9",7
MD Abastos Center,2551194,Apartamento,Valencia,1,1,€ 455,2019/07/29,2019/07/30,0,"7,7",7
MD Art Apartment Ruzafa,2550955,Apartamento,Valencia,1,1,€ 345,2019/07/29,2019/07/30,0,"7,7",7
central station valencia,2414838,Apartamentos,Valencia,1,1,€ 89,2019/07/29,2019/07/30,0,"7,1",7
Apartamento Islas Canarias,2304086,Apartamento,Valencia,1,1,€ 71,2019/07/29,2019/07/30,0,"4,1",7
Adrian's House,2271869,Hotel,Valencia,1,1,NA,2019/07/29,2019/07/30,0,"7,8",7
Apartment Florista,2150187,Apartamento,Valencia,1,1,€ 105,2019/07/29,2019/07/30,0,8,7
Kirei Apartment San Agustin,1712323,Apartamentos,Valencia,1,1,€ 103,2019/07/29,2019/07/30,0,"6,4",7
Kirei Apartment Na Jordana,1702092,Apartamentos,Valencia,1,1,€ 87,2019/07/29,2019/07/30,0,"7,1",7
Apartment Vicent,1674495,Apartamentos,Valencia,1,1,€ 85,2019/07/29,2019/07/30,0,"8,1",7
Plaza Redonda Apartments,1665625,Apartamentos,Valencia,1,1,€ 79,2019/07/29,2019/07/30,0,8,7
ART & FLATS Pleno Centro Valencia,1554388,Apartamentos,Valencia,1,1,€ 153,2019/07/29,2019/07/30,0,"7,9",7
Rio Turia Rooms,5184129,Hotel,Valencia,1,1,NA,2019/07/29,2019/07/30,0,"7,9",7
United Colors of Apartments - Catedral,1301545,Apartamentos,Valencia,1,1,€ 84,2019/07/29,2019/07/30,0,"8,1",7
SHF Flats Baron,1033085,Apartamentos,Valencia,1,1,€ 110,2019/07/29,2019/07/30,0,8,7
SHF Sevilla Loft,850157,Apartamentos,Valencia,1,1,€ 100,2019/07/29,2019/07/30,0,"7,4",7
Valencia Apartmans El Carmen,847910,Apartamentos,Valencia,1,1,€ 114,2019/07/29,2019/07/30,0,"7,3",7
Premium Apartments,486507,Apartamentos,Valencia,1,1,€ 99,2019/07/29,2019/07/30,0,"6,9",7
Happy Apartments Valencia,456043,Apartamentos,Valencia,1,1,€ 79,2019/07/29,2019/07/30,0,"8,2",7
Vlc Apartaments el Carmen,389902,Apartamentos,Valencia,1,1,€ 220,2019/07/29,2019/07/30,0,"8,2",7
Apartment Valencia,348555,Apartamentos,Valencia,1,1,€ 130,2019/07/29,2019/07/30,0,"7,7",7
Soho Valencia,1538641,Apartahotel,Valencia,1,1,€ 154,2019/07/29,2019/07/30,0,"8,9",7
United Colors of Apartments Boutique Style,5372347,Apartamentos,Valencia,1,1,€ 99,2019/07/29,2019/07/30,0,10,7
Apartamento Torres de Serrano,5083131,Apartamento,Valencia,1,1,€ 195,2019/07/29,2019/07/30,0,,7
Apartamento Panorámico- próximo Playa- Wifi-AC,4978144,Apartamento,Valencia,1,1,€ 160,2019/07/29,2019/07/30,0,"9,2",7
"""Como en casa"" - apartamento para tres con TV y WiFi gratis",4369402,Apartamento,Valencia,1,1,€ 120,2019/07/29,2019/07/30,0,"8,9",7
Apartments Madrina,3278589,Apartamentos,Valencia,1,1,€ 150,2019/07/29,2019/07/30,0,9,7
Pintor Salvador Abril 24 Apartment,3249845,Apartamento,Valencia,1,1,€ 154,2019/07/29,2019/07/30,0,"8,9",7
Apartamento bianca,3205847,Apartamento,Valencia,1,1,€ 91,2019/07/29,2019/07/30,0,"9,2",7
Apartments Abate 4,2848648,Apartamentos,Valencia,1,1,€ 114,2019/07/29,2019/07/30,0,9,7
CheValenciaFlats,2064099,Apartamentos,Valencia,1,1,€ 138,2019/07/29,2019/07/30,0,9,7
Kirei Apartment Calgary,4768322,Apartamento,Valencia,1,1,€ 115,2019/07/29,2019/07/30,0,"8,4",7
ValentiaApartments - MercadoCentral,4185241,Apartamentos,Valencia,1,1,€ 101,2019/07/29,2019/07/30,0,"8,7",7
Apartment Estacion del Norte,1576574,Apartamento,Valencia,1,1,NA,2019/07/29,2019/07/30,0,"9,3",7
CENTRO VALENCIA NUEVO (38),4093876,Apartamento,Valencia,1,1,€ 176,2019/07/29,2019/07/30,0,"8,3",7
APARTAMENTO JUNTO AL RÍO TURIA,3950182,Apartamento,Valencia,1,1,€ 117,2019/07/29,2019/07/30,0,"8,6",7
Atico Ciutat Vella,3446230,Apartamentos,Valencia,1,1,€ 100,2019/07/29,2019/07/30,0,"8,4",7
Flatsforyou Ruzafa,3342696,Apartamentos,Valencia,1,1,€ 250,2019/07/29,2019/07/30,0,"8,8",7
SingularStays Parque Central,3054000,Apartamentos,Valencia,1,1,€ 317,2019/07/29,2019/07/30,0,"8,8",7
Friendly Rentals Vives 2,2523871,Apartamento,Valencia,1,1,€ 195,2019/07/29,2019/07/30,0,"8,4",7
SingularStays Plaza Redonda,1551343,Apartamento,Valencia,1,1,NA,2019/07/29,2019/07/30,0,"9,3",7
Friendly Rentals Ferrero,2314984,Apartamento,Valencia,1,1,€ 150,2019/07/29,2019/07/30,0,"8,4",7
MD Vila Barbera Apartment Center,1957253,Apartamento,Valencia,1,1,€ 528,2019/07/29,2019/07/30,0,"8,3",7
Friendly Rentals Strauss,1634236,Apartamento,Valencia,1,1,€ 140,2019/07/29,2019/07/30,0,"8,6",7
Flatsforyou Port,733673,Apartamentos,Valencia,1,1,€ 140,2019/07/29,2019/07/30,0,"8,5",7
Flatsforyou Las Arcadias,473415,Apartamentos,Valencia,1,1,€ 95,2019/07/29,2019/07/30,0,"8,4",7
Flatsforyou Sorolla House,403442,Apartamentos,Valencia,1,1,€ 140,2019/07/29,2019/07/30,0,"8,5",7
Apartamento Valencia Center,410101,Apartamentos,Valencia,1,1,NA,2019/07/29,2019/07/30,0,"9,4",7
Apartment Sofi,2830696,Apartamento,Valencia,1,1,€ 142,2019/07/29,2019/07/30,0,"9,8",7
Apartments Madrina,3278589,Apartamentos,Valencia,1,1,€ 150,2019/07/29,2019/07/30,0,9,7
Valenciaflats Ciudad de las Ciencias,93676,Apartamentos,Valencia,1,1,€ 145,2019/07/29,2019/07/30,0,"9,1",7
HQ Rooms Apartments San Vicente,2894429,Apartamentos,Valencia,1,1,€ 95,2019/07/29,2019/07/30,0,"9,3",7
Citizentral Gascons,332095,Apartamentos,Valencia,1,1,€ 104,2019/07/29,2019/07/30,0,"8,7",7
Mediterranean Flats Plaza Redonda,4086496,Apartamentos,Valencia,1,1,€ 175,2019/07/29,2019/07/30,0,"9,2",7
Casa Cosy,375456,Apartamentos,Valencia,1,1,NA,2019/07/29,2019/07/30,0,"9,4",7
Mon Suites Catedral,485679,Apartamentos,Valencia,1,1,€ 110,2019/07/29,2019/07/30,0,"9,2",7
Mon Suites San Martin,2777545,Apartamentos,Valencia,1,1,€ 145,2019/07/29,2019/07/30,0,"9,4",7
Teixidors de Palomar,2639791,Apartamentos,Valencia,1,1,€ 115,2019/07/29,2019/07/30,0,"9,3",7
Hi Valencia Apartments - Jorge Juan,2373701,Apartamento,Valencia,1,1,€ 183,2019/07/29,2019/07/30,0,"9,4",7
Hogar Vera Apartments&Bikes,1807919,Apartamentos,Valencia,1,1,€ 165,2019/07/29,2019/07/30,0,"9,4",7
Palacio de Rojas,1073276,Apartamentos,Valencia,1,1,€ 138,2019/07/29,2019/07/30,0,"9,4",7
Kirei Apartment Vienna,4639797,Apartamento,Valencia,1,1,NA,2019/07/29,2019/07/30,0,,7
Friendly Rentals Pergolesi,1634240,Apartamentos,Valencia,1,1,€ 115,2019/07/29,2019/07/30,0,"8,5",7
Apartamentos La más Bonita,2816245,Apartamentos,Valencia,1,1,€ 207,2019/07/29,2019/07/30,0,"9,1",7
Mon Suites San Nicolas,4117225,Apartamentos,Valencia,1,1,€ 110,2019/07/29,2019/07/30,0,"9,1",7
Apartamentos Wallace,1698355,Apartamentos,Valencia,1,1,€ 85,2019/07/29,2019/07/30,0,"9,2",7
Bubuflats Bubu 5,1283519,Apartamento,Valencia,1,1,€ 105,2019/07/29,2019/07/30,0,"9,1",7
BUBUFLATS Mossén,1141763,Apartamentos,Valencia,1,1,€ 110,2019/07/29,2019/07/30,0,"8,9",7
Friendly Rentals Desplat,4120221,Apartamento,Valencia,1,1,NA,2019/07/29,2019/07/30,0,"8,2",7
Citizentral Juristas,1113127,Apartamentos,Valencia,1,1,€ 120,2019/07/29,2019/07/30,0,"9,2",7
Apartamentos Edificio Palomar,189277,Apartamentos,Valencia,1,1,€ 179,2019/07/29,2019/07/30,0,"9,2",7
Valenciaflats Centro Ciudad,18544,Apartamentos,Valencia,1,1,€ 85,2019/07/29,2019/07/30,0,"9,1",7
Barracart Apartments,2125836,Apartamentos,Valencia,1,1,€ 126,2019/07/29,2019/07/30,0,"9,6",7
Apartments Torres de Serranos Valencia,1099602,Apartamentos,Valencia,1,1,€ 170,2019/07/29,2019/07/30,0,"9,6",7
Bubuflats Bubu 3,1014334,Apartamentos,Valencia,1,1,€ 105,2019/07/29,2019/07/30,0,"9,7",7
Ilunion Valencia 3,92818,Hotel,Valencia,1,1,€ 94,2019/07/29,2019/07/30,3,"7,9",7
B&B Hotel Valencia Ciudad de las Ciencias,92242,Hotel,Valencia,1,1,€ 74,2019/07/29,2019/07/30,3,"7,5",7
Hotel Beleret,94652,Hotel,Valencia,1,1,€ 44,2019/07/29,2019/07/30,3,"7,6",7
Expo Hotel Valencia,91223,Hotel,Valencia,1,1,€ 105,2019/07/29,2019/07/30,3,"7,6",7
Hotel Malcom and Barret,483261,Hotel,Valencia,1,1,€ 85,2019/07/29,2019/07/30,3,"8,7",7
Holiday Inn Express Ciudad de las Ciencias,96737,Hotel,Valencia,1,1,€ 162,2019/07/29,2019/07/30,3,8,7
Sweet Hotel Renasa,274818,Hotel,Valencia,1,1,€ 69,2019/07/29,2019/07/30,3,8,7
Hotel Villacarlos,90730,Hotel,Valencia,1,1,€ 74,2019/07/29,2019/07/30,3,8,7
Hotel Olympia Universidades,1301731,Hotel,Valencia,1,1,€ 75,2019/07/29,2019/07/30,3,"8,4",7
Hotel Kramer,91106,Hotel,Valencia,1,1,€ 89,2019/07/29,2019/07/30,3,"8,8",7
NH Ciudad de Valencia,90729,Hotel,Valencia,1,1,€ 76,2019/07/29,2019/07/30,3,"8,1",7
NH Valencia Las Ciencias,90725,Hotel,Valencia,1,1,€ 87,2019/07/29,2019/07/30,3,8,7
