name,propertyId,propertyType,city,rooms,days,price,checkIn,checkOut,stars,score,advance
Malvarrosa Beach,3546692,Casas y chalets,Valencia,1,1,€ 1.260,2019/10/24,2019/10/25,0,"6,9",90
Fun and Sun Center 2,2944416,Hotel,Valencia,1,1,€ 36,2019/10/24,2019/10/25,0,"6,3",90
Loft Duplex Valencia Centro,4060198,Apartamento,Valencia,1,1,NA,2019/10/24,2019/10/25,0,"9,2",90
Casita Esmeralda,2040126,Casa o chalet,Valencia,1,1,€ 114,2019/10/24,2019/10/25,0,"6,4",90
Kirei Apartment San Agustin,1712323,Apartamentos,Valencia,1,1,€ 161,2019/10/24,2019/10/25,0,"6,4",90
Kirei Apartment Portland,4276529,Apartamentos,Valencia,1,1,€ 200,2019/10/24,2019/10/25,0,6,90
Oliver,4865093,Hotel,Valencia,1,1,€ 25,2019/10/24,2019/10/25,0,"5,6",90
Carrer del Bisbe Jaume Pérez,4900140,Hotel,Valencia,1,1,€ 55,2019/10/24,2019/10/25,0,"5,8",90
OLD TOWN VALENCIA,5160686,Hotel,Valencia,1,1,€ 63,2019/10/24,2019/10/25,0,"5,9",90
Piso como en tu casa 2,3834617,Apartamentos,Valencia,1,1,NA,2019/10/24,2019/10/25,0,"9,1",90
Kirei Apartment Berlin,4504570,Apartamentos,Valencia,1,1,€ 126,2019/10/24,2019/10/25,0,"5,7",90
Gon & Diego House,4899561,Hotel,Valencia,1,1,€ 40,2019/10/24,2019/10/25,0,"5,2",90
Port of Valencia,3805735,Casa o chalet,Valencia,1,1,€ 79,2019/10/24,2019/10/25,0,5,90
Habitación en Apartamento soleado Plaza Escultor Frechina,4865043,Hotel,Valencia,1,1,€ 55,2019/10/24,2019/10/25,0,"4,9",90
Malvarosa,3820590,Apartamento,Valencia,1,1,€ 190,2019/10/24,2019/10/25,0,4,90
Habitación muy cerca de la playa.,5395908,Hotel,Valencia,1,1,€ 40,2019/10/24,2019/10/25,0,,90
New General,3788286,Apartamento,Valencia,1,1,NA,2019/10/24,2019/10/25,0,"9,1",90
Estrella de russafa,5352439,Hotel,Valencia,1,1,€ 50,2019/10/24,2019/10/25,0,,90
HABITACIÓN PRIVADA EN RUZAFA,4948581,Hotel,Valencia,1,1,€ 50,2019/10/24,2019/10/25,0,,90
vosotros sereis parte de mi familia.,5299568,Hotel,Valencia,1,1,€ 60,2019/10/24,2019/10/25,0,,90
Apartamento cerca de la playa y de la ciudad,3372933,Apartamento,Valencia,1,1,€ 64,2019/10/24,2019/10/25,0,,90
Rooms El Picolino,5326859,Hotel,Valencia,1,1,€ 65,2019/10/24,2019/10/25,0,,90
Mi casa es vuestra casa,4967097,Hotel,Valencia,1,1,€ 70,2019/10/24,2019/10/25,0,,90
Cabanyal Marina Apartament,3615874,Apartamento,Valencia,1,1,NA,2019/10/24,2019/10/25,0,"9,1",90
Nest Style Valencia -Proxima apertura-,5219046,Hotel,Valencia,1,1,€ 76,2019/10/24,2019/10/25,3,,90
Magnífico Adosado- cerca de Valencia ciudad- en zona de montaña y playa fluvial,5354233,Casa o chalet,Valencia,1,1,€ 89,2019/10/24,2019/10/25,0,,90
Calle de Frederica Montseny 'Política' Casa o chalet,5152866,Casa o chalet,Valencia,1,1,€ 95,2019/10/24,2019/10/25,0,,90
ÁTICO PTA 13 EN EL CENTRO DE VALENCIA VT-45727-T,4612077,Apartamento,Valencia,1,1,€ 100,2019/10/24,2019/10/25,0,,90
Casual Socarrat Valencia,5142800,Hotel,Valencia,1,1,€ 105,2019/10/24,2019/10/25,3,,90
Welcome to Valencia Peset Aleixandre 135,5047732,Apartamento,Valencia,1,1,€ 105,2019/10/24,2019/10/25,0,,90
Cabanyal Pleasant House,3608623,Apartamento,Valencia,1,1,NA,2019/10/24,2019/10/25,0,"9,2",90
Kirei Apartment Vienna,4639797,Apartamento,Valencia,1,1,€ 115,2019/10/24,2019/10/25,0,,90
New apartment near to the center,4062596,Apartamento,Valencia,1,1,€ 115,2019/10/24,2019/10/25,0,,90
Blanq Comedias,4922002,Hotel,Valencia,1,1,€ 122,2019/10/24,2019/10/25,0,,90
Miresa flats,5300418,Apartamento,Valencia,1,1,€ 125,2019/10/24,2019/10/25,0,,90
Cosy apartment near to the center,4064812,Apartamento,Valencia,1,1,€ 125,2019/10/24,2019/10/25,0,,90
RUSSAFLAT - Premium apartment in Valencia,5413734,Apartamento,Valencia,1,1,€ 130,2019/10/24,2019/10/25,0,,90
MÍ casa YOUR HOME,3328967,Apartamento,Valencia,1,1,NA,2019/10/24,2019/10/25,0,"9,2",90
Kirei Apartment Dublin,4639542,Apartamento,Valencia,1,1,€ 137,2019/10/24,2019/10/25,0,,90
Atico Loft Torres de Quart,4152620,Apartamento,Valencia,1,1,€ 140,2019/10/24,2019/10/25,0,,90
Old Town Flats Casa Burguerini,4552106,Apartamentos,Valencia,1,1,€ 151,2019/10/24,2019/10/25,0,,90
"Flat ""Ca Alexandre""",3687859,Apartamento,Valencia,1,1,€ 195,2019/10/24,2019/10/25,0,,90
17 PLAZA AYUNTAMIENTO-CENTRO 6p.,4093819,Apartamento,Valencia,1,1,€ 201,2019/10/24,2019/10/25,0,,90
07 PLAZA DEL AYUNTAMIENTO - CENTRO 6personas,4093811,Apartamento,Valencia,1,1,€ 201,2019/10/24,2019/10/25,0,,90
Apartamento con terraza,5238122,Apartahotel,Valencia,1,1,€ 240,2019/10/24,2019/10/25,0,,90
MD PASEO RUZAFA CENTER,5374850,Apartamento,Valencia,1,1,€ 502,2019/10/24,2019/10/25,0,,90
Governor Residence,3799760,Apartahotel,Valencia,1,1,€ 600,2019/10/24,2019/10/25,0,,90
Gulet Why Not,5199364,Hotel,Valencia,1,1,€ 3.000,2019/10/24,2019/10/25,0,,90
Petit Palace Ruzafa,90792,Hotel,Valencia,1,1,€ 130,2019/10/24,2019/10/25,3,"8,7",90
Flatsforyou Marina,1793012,Apartamentos,Valencia,1,1,€ 130,2019/10/24,2019/10/25,0,"8,7",90
City Center Atico 360,3025679,Apartamento,Valencia,1,1,NA,2019/10/24,2019/10/25,0,"9,6",90
FREE WI-FI. Apartamentos 90 м2 - Assutzena 5,4828764,Apartamento,Valencia,1,1,€ 130,2019/10/24,2019/10/25,0,"8,6",90
Zenit Valencia,92327,Hotel,Valencia,1,1,€ 131,2019/10/24,2019/10/25,4,"8,8",90
ValentiaApartments - MercadoCentral,4185241,Apartamentos,Valencia,1,1,€ 131,2019/10/24,2019/10/25,0,"8,7",90
Apartamento en Ruzafa,2983208,Apartamento,Valencia,1,1,€ 135,2019/10/24,2019/10/25,0,"8,5",90
Friendly Rentals Pergolesi,1634240,Apartamento,Valencia,1,1,€ 135,2019/10/24,2019/10/25,0,"8,5",90
Barceló Valencia,91988,Hotel,Valencia,1,1,€ 135,2019/10/24,2019/10/25,4,"8,6",90
Valencia center,3168460,Apartamento,Valencia,1,1,NA,2019/10/24,2019/10/25,0,"9,8",90
Apartments in Villa Oliva Tossal Gros,3083529,Casa o chalet,Valencia,1,1,€ 140,2019/10/24,2019/10/25,0,"8,8",90
Friendly Rentals Verdi 2,2523881,Apartamento,Valencia,1,1,€ 140,2019/10/24,2019/10/25,0,"8,9",90
Hotel Valencia Oceanic Managed by Melia Hotels International,91522,Hotel,Valencia,1,1,€ 142,2019/10/24,2019/10/25,4,"8,6",90
Hotel Kramer,91106,Hotel,Valencia,1,1,€ 145,2019/10/24,2019/10/25,3,"8,8",90
Friendly Rentals Soler,1634237,Apartamento,Valencia,1,1,€ 145,2019/10/24,2019/10/25,0,"8,6",90
Friendly Rentals Strauss,1634236,Apartamento,Valencia,1,1,€ 145,2019/10/24,2019/10/25,0,"8,8",90
So de Mar,2204496,Apartamento,Valencia,1,1,NA,2019/10/24,2019/10/25,0,"9,6",90
Petit Palace Plaza de la Reina,90443,Hotel,Valencia,1,1,€ 152,2019/10/24,2019/10/25,3,"8,7",90
AC Hotel Valencia- a Marriott Lifestyle Hotel,91063,Hotel,Valencia,1,1,€ 154,2019/10/24,2019/10/25,4,"8,6",90
Friendly Rentals Montaner Beach,2314997,Apartamento,Valencia,1,1,€ 155,2019/10/24,2019/10/25,0,"8,8",90
Cathedral Suites Hotel,1736257,Apartahotel,Valencia,1,1,€ 159,2019/10/24,2019/10/25,4,"8,9",90
Puerta de Serranos,2734333,Apartamentos,Valencia,1,1,€ 161,2019/10/24,2019/10/25,0,"8,7",90
One Shot Palacio Reina Victoria 04,90885,Hotel,Valencia,1,1,€ 161,2019/10/24,2019/10/25,4,"8,6",90
Casa Calle Conquista,4691493,Apartamento,Valencia,1,1,NA,2019/10/24,2019/10/25,0,"9,6",90
Hospes Palau de La Mar,93823,Hotel,Valencia,1,1,€ 162,2019/10/24,2019/10/25,5,"8,8",90
The Westin Valencia,93321,Hotel,Valencia,1,1,€ 173,2019/10/24,2019/10/25,5,"8,7",90
Blanq Carmen Hotel,97069,Hotel,Valencia,1,1,€ 175,2019/10/24,2019/10/25,3,"8,7",90
Mar & City Apartment,3456759,Apartamento,Valencia,1,1,€ 190,2019/10/24,2019/10/25,0,"8,9",90
Zerka Centro,4425975,Apartamentos,Valencia,1,1,€ 199,2019/10/24,2019/10/25,0,"8,5",90
Friendly Rentals Rey,1634248,Apartamento,Valencia,1,1,€ 200,2019/10/24,2019/10/25,0,"8,9",90
Apartamento Forn dels Apòstols,3122008,Apartamento,Valencia,1,1,NA,2019/10/24,2019/10/25,0,"9,7",90
Ilunion Aqua 4,92777,Hotel,Valencia,1,1,€ 216,2019/10/24,2019/10/25,4,"8,5",90
Ca Carmela,2466364,Casa o chalet,Valencia,1,1,€ 225,2019/10/24,2019/10/25,0,"8,9",90
7 Moons Bed & Breakfast,464187,Hotel,Valencia,1,1,€ 250,2019/10/24,2019/10/25,0,"8,5",90
Vincci Lys,91183,Hotel,Valencia,1,1,€ 360,2019/10/24,2019/10/25,4,"8,9",90
SingularStays Parque Central,3054000,Apartamentos,Valencia,1,1,€ 366,2019/10/24,2019/10/25,0,"8,8",90
Vincci Palace,94163,Hotel,Valencia,1,1,€ 440,2019/10/24,2019/10/25,4,"8,6",90
Apartamento Tiziano,1528645,Apartamento,Valencia,1,1,NA,2019/10/24,2019/10/25,0,"9,6",90
Habitacion Barata Valencia,3931013,Hotel,Valencia,1,1,€ 39,2019/10/24,2019/10/25,0,"8,3",90
HOSPEDAJE PESET,4718074,Hotel,Valencia,1,1,€ 40,2019/10/24,2019/10/25,0,"8,2",90
B&B Hi Valencia Canovas,305349,Hotel,Valencia,1,1,€ 42,2019/10/24,2019/10/25,0,"8,3",90
Hostal Abastos,257057,Hotel,Valencia,1,1,€ 45,2019/10/24,2019/10/25,2,"8,2",90
Habitacion en Valencia Barata,4861796,Hotel,Valencia,1,1,€ 45,2019/10/24,2019/10/25,0,"8,2",90
Red Nest Hostel,92283,Hotel,Valencia,1,1,€ 48,2019/10/24,2019/10/25,0,"8,2",90
Apartamentos Plaza Picasso,97063,Apartamentos,Valencia,1,1,€ 49,2019/10/24,2019/10/25,0,"8,4",90
Apartamentos Valencia,1007682,Apartamentos,Valencia,1,1,€ 50,2019/10/24,2019/10/25,0,"8,2",90
Aparthotel Valencia Rental,17344,Apartahotel,Valencia,1,1,€ 54,2019/10/24,2019/10/25,0,8,90
Urban Youth Hostel,1163025,Hotel,Valencia,1,1,€ 55,2019/10/24,2019/10/25,0,"8,4",90
Alquiler Habitacion Centro De Valencia,3977106,Hotel,Valencia,1,1,€ 55,2019/10/24,2019/10/25,0,"8,1",90
Palacios Rooms,2773548,Hotel,Valencia,1,1,€ 56,2019/10/24,2019/10/25,0,"8,3",90
Reina 12,1684198,Hotel,Valencia,1,1,€ 60,2019/10/24,2019/10/25,0,"8,3",90
Coroa Malvarrosa,1638172,Apartamentos,Valencia,1,1,€ 61,2019/10/24,2019/10/25,0,"8,2",90
Hotel Miramar,23332,Hotel,Valencia,1,1,€ 61,2019/10/24,2019/10/25,2,"8,4",90
Purple Nest Hostel,25278,Hotel,Valencia,1,1,€ 62,2019/10/24,2019/10/25,0,8,90
ABCyou Bed&Breakfast,189207,Hotel,Valencia,1,1,€ 64,2019/10/24,2019/10/25,0,"8,4",90
L'Otelet By Sweet,1467935,Hotel,Valencia,1,1,€ 64,2019/10/24,2019/10/25,0,"8,3",90
Primus Valencia,331871,Hotel,Valencia,1,1,€ 151,2019/10/24,2019/10/25,4,"8,3",90
Casa los Peces,3234194,Hotel,Valencia,1,1,€ 154,2019/10/24,2019/10/25,0,"8,3",90
City Center Atico 360,3025679,Hotel,Valencia,1,1,NA,2019/10/24,2019/10/25,0,"9,6",90
Friendly Rentals Telemann,1634241,Hotel,Valencia,1,1,€ 155,2019/10/24,2019/10/25,0,8,90
San Andrey,2556080,Hotel,Valencia,1,1,€ 155,2019/10/24,2019/10/25,0,"8,4",90
Friendly Rentals Gimenez,1634242,Hotel,Valencia,1,1,€ 160,2019/10/24,2019/10/25,0,"8,2",90
Flatsforyou Las Arcadias,473415,Hotel,Valencia,1,1,€ 171,2019/10/24,2019/10/25,0,"8,4",90
Ilunion Aqua 3,92776,Hotel,Valencia,1,1,€ 172,2019/10/24,2019/10/25,3,"8,3",90
Musico Peydro Apartments,3765069,Hotel,Valencia,1,1,€ 188,2019/10/24,2019/10/25,0,"8,2",90
VIVIENDA DISEÑO CON JARDÍN INTERIOR,4314054,Hotel,Valencia,1,1,NA,2019/10/24,2019/10/25,0,"9,6",90
Friendly Rentals Vives 2,2523871,Hotel,Valencia,1,1,€ 195,2019/10/24,2019/10/25,0,"8,4",90
Friendly Rentals Evans,1634220,Hotel,Valencia,1,1,€ 195,2019/10/24,2019/10/25,0,"8,4",90
Vlc Apartaments el Carmen,389902,Hotel,Valencia,1,1,€ 214,2019/10/24,2019/10/25,0,"8,2",90
Ilunion Valencia 4,754329,Hotel,Valencia,1,1,€ 254,2019/10/24,2019/10/25,4,8,90
Malvarrosa Calle Pavia,3608764,Hotel,Valencia,1,1,€ 271,2019/10/24,2019/10/25,0,"8,3",90
MD Benlliure Beach.,1957258,Hotel,Valencia,1,1,€ 296,2019/10/24,2019/10/25,0,8,90
Piso céntrico Plaza Toros,2961063,Hotel,Valencia,1,1,NA,2019/10/24,2019/10/25,0,"9,5",90
NWT Central Station Apartments,3964093,Hotel,Valencia,1,1,€ 300,2019/10/24,2019/10/25,0,"8,4",90
MD Sueca. Apartment with Terrace Ruzafa,2551179,Hotel,Valencia,1,1,€ 375,2019/10/24,2019/10/25,0,"8,1",90
MD Vila Barbera Apartment Center,1957253,Hotel,Valencia,1,1,€ 390,2019/10/24,2019/10/25,0,"8,3",90
Center Valencia Youth Hostel,246931,Hotel,Valencia,1,1,€ 19,2019/10/24,2019/10/25,0,"7,9",90
Hostal El Cid,309465,Hotel,Valencia,1,1,€ 30,2019/10/24,2019/10/25,2,"7,5",90
Pensión Universal,304276,Hotel,Valencia,1,1,€ 30,2019/10/24,2019/10/25,0,"7,9",90
Bubuflats Bubu 3,1014334,Hotel,Valencia,1,1,NA,2019/10/24,2019/10/25,0,"9,6",90
Habitación San Cayetano,4624401,Hotel,Valencia,1,1,€ 30,2019/10/24,2019/10/25,0,"7,6",90
Apart and Benef,2291245,Hotel,Valencia,1,1,€ 34,2019/10/24,2019/10/25,0,"7,7",90
Hostal Moratin,326015,Hotel,Valencia,1,1,€ 34,2019/10/24,2019/10/25,1,"7,9",90
Hostal On Dormire Valencia,432305,Hotel,Valencia,1,1,€ 35,2019/10/24,2019/10/25,0,"7,8",90
Casual Civilizaciones Valencia,449777,Hotel,Valencia,1,1,€ 36,2019/10/24,2019/10/25,0,"7,9",90
Teixidors de Palomar,2639791,Apartamentos,Valencia,1,1,€ 119,2019/10/24,2019/10/25,0,"9,4",90
Apartment close to park Marchalenes,4418670,Apartamento,Valencia,1,1,€ 120,2019/10/24,2019/10/25,0,"9,1",90
Casa Vich,4457634,Apartamento,Valencia,1,1,NA,2019/10/24,2019/10/25,0,"9,6",90
Valencia-Ruzafa Studio,3235983,Apartamento,Valencia,1,1,€ 120,2019/10/24,2019/10/25,0,"9,1",90
Mon Suites San Martin,2777545,Apartamentos,Valencia,1,1,€ 120,2019/10/24,2019/10/25,0,"9,4",90
Sorolla Centro,90896,Hotel,Valencia,1,1,€ 121,2019/10/24,2019/10/25,3,"9,1",90
MD Design Hotel - Portal del Real,2391685,Hotel,Valencia,1,1,€ 122,2019/10/24,2019/10/25,2,"9,1",90
Center Valencia,2944722,Casa o chalet,Valencia,1,1,€ 125,2019/10/24,2019/10/25,0,"9,4",90
One Shot Mercat 09,2274203,Hotel,Valencia,1,1,€ 125,2019/10/24,2019/10/25,4,"9,2",90
Constitución,4229663,Apartamento,Valencia,1,1,NA,2019/10/24,2019/10/25,0,"9,6",90
Voyagers Inn Homestay,2682156,Hotel,Valencia,1,1,€ 42,2019/10/24,2019/10/25,0,"7,8",90
Cool Loft Malvarrosa Beach,4309218,Hotel,Valencia,1,1,NA,2019/10/24,2019/10/25,0,"9,6",90
United Colors of Apartments Boutique Style,5372347,Apartamentos,Valencia,1,1,€ 89,2019/10/24,2019/10/25,0,10,90
Hotel Beleret,94652,Hotel,Valencia,1,1,€ 42,2019/10/24,2019/10/25,3,"7,6",90
Valencia City Host,1177077,Hotel,Valencia,1,1,€ 43,2019/10/24,2019/10/25,0,"7,9",90
Habitacion PLaza Ayuntamiento,4365340,Hotel,Valencia,1,1,€ 45,2019/10/24,2019/10/25,0,"7,6",90
OYO Pensión El Rincón,476031,Hotel,Valencia,1,1,€ 50,2019/10/24,2019/10/25,1,"7,7",90
Apartamentos Abastos,1044426,Hotel,Valencia,1,1,€ 50,2019/10/24,2019/10/25,0,"7,6",90
Apartamentos Adressadors,1743173,Hotel,Valencia,1,1,€ 50,2019/10/24,2019/10/25,0,"7,8",90
La seda stay,3335523,Hotel,Valencia,1,1,NA,2019/10/24,2019/10/25,0,"9,7",90
HQ Rooms Apartments San Vicente,2894429,Apartamentos,Valencia,1,1,€ 125,2019/10/24,2019/10/25,0,"9,3",90
Welcome Apartamentos Pintor Stolz 31 Valencia,5019066,Apartamento,Valencia,1,1,€ 125,2019/10/24,2019/10/25,0,"9,2",90
Duplex+Swimming pool+private entrance=Housen of LOVE,2999152,Apartamento,Valencia,1,1,€ 125,2019/10/24,2019/10/25,0,"9,4",90
Live in Chianti Apartaments,2882632,Apartamentos,Valencia,1,1,€ 128,2019/10/24,2019/10/25,0,"9,1",90
Valenciaflats Ciudad de las Ciencias,93676,Apartamentos,Valencia,1,1,€ 129,2019/10/24,2019/10/25,0,"9,1",90
Colors Rooms,675839,Hotel,Valencia,1,1,€ 40,2019/10/24,2019/10/25,0,"9,5",90
Luxury Center Plaza Redonda,5138960,Apartamento,Valencia,1,1,NA,2019/10/24,2019/10/25,0,10,90
Apartamento luminoso y acogedor,3489126,Apartamento,Valencia,1,1,€ 78,2019/10/24,2019/10/25,0,"9,6",90
Opera House Valencia B&B,3533887,Hotel,Valencia,1,1,€ 90,2019/10/24,2019/10/25,0,"9,5",90
Casa La Buhardilla,2985364,Apartamento,Valencia,1,1,€ 97,2019/10/24,2019/10/25,0,"9,6",90
Patacona Green Flats,292996,Hotel,Valencia,1,1,€ 50,2019/10/24,2019/10/25,0,"7,6",90
Como en casa,4802186,Hotel,Valencia,1,1,€ 54,2019/10/24,2019/10/25,0,"7,9",90
Hostal Bisbal,235665,Hotel,Valencia,1,1,€ 60,2019/10/24,2019/10/25,1,"7,5",90
L'Esplai Valencia Bed & Breakfast,1282556,Hotel,Valencia,1,1,€ 99,2019/10/24,2019/10/25,0,"9,6",90
Ramirez Flats & Bar,4124528,Apartahotel,Valencia,1,1,€ 99,2019/10/24,2019/10/25,0,"9,5",90
Precioso piso junto al antiguo barrio de Campanar,3297078,Apartamento,Valencia,1,1,€ 100,2019/10/24,2019/10/25,0,"9,6",90
Hostal Antigua Morellana,1273937,Hotel,Valencia,1,1,NA,2019/10/24,2019/10/25,1,"9,5",90
Valencian Dreams Lonja,4757385,Apartamento,Valencia,1,1,€ 106,2019/10/24,2019/10/25,0,"9,7",90
Apartments Welcome to Valencia Peset Aleixandre 69,4964856,Apartamento,Valencia,1,1,€ 130,2019/10/24,2019/10/25,0,"9,7",90
Olympia Flats,4212801,Hotel,Valencia,1,1,€ 70,2019/10/24,2019/10/25,0,"9,7",90
B&B Hotel Valencia Ciudad de las Ciencias,92242,Hotel,Valencia,1,1,€ 62,2019/10/24,2019/10/25,3,"7,5",90
Habitación cerca del centro,2789581,Hotel,Valencia,1,1,€ 63,2019/10/24,2019/10/25,0,"7,7",90
Patacona Resort Apartments,189782,Hotel,Valencia,1,1,€ 63,2019/10/24,2019/10/25,0,"7,8",90
United Colors of Studios - Mercado Central,2574108,Hotel,Valencia,1,1,€ 64,2019/10/24,2019/10/25,0,"7,9",90
Cosy Rooms Tapinería,371192,Hotel,Valencia,1,1,€ 65,2019/10/24,2019/10/25,2,"7,5",90
Jero Rooms,296743,Hotel,Valencia,1,1,€ 66,2019/10/24,2019/10/25,0,"7,7",90
Ciudad Ciencias- Lujo- Parking- Wi-Fi.,4999636,Apartamento,Valencia,1,1,€ 150,2019/10/24,2019/10/25,0,"9,8",90
Loft Superior el Carmen,2784473,Apartamento,Valencia,1,1,€ 209,2019/10/24,2019/10/25,0,"9,5",90
Cantagua Hostel,4074640,Hotel,Valencia,1,1,€ 38,2019/10/24,2019/10/25,0,"9,1",90
Casa Calle Conquista,4691493,Apartamento,Valencia,1,1,NA,2019/10/24,2019/10/25,0,"9,6",90
Art&Flats Bed&Breakfast,5238345,Hotel,Valencia,1,1,€ 45,2019/10/24,2019/10/25,0,"9,4",90
You & Co. Saler Beach boutique,4533007,Hotel,Valencia,1,1,€ 53,2019/10/24,2019/10/25,3,"9,1",90
Habitación privada a 1500 metros de la playa,3789910,Hotel,Valencia,1,1,€ 60,2019/10/24,2019/10/25,0,"9,4",90
City Center Apartments,4426057,Hotel,Valencia,1,1,€ 68,2019/10/24,2019/10/25,0,"7,8",90
Hotel Turia,14441,Hotel,Valencia,1,1,€ 69,2019/10/24,2019/10/25,4,"7,5",90
Checkin Valencia,93743,Hotel,Valencia,1,1,€ 71,2019/10/24,2019/10/25,4,"7,8",90
Suites by Eric Olsan (L),4287413,Hotel,Valencia,1,1,€ 73,2019/10/24,2019/10/25,0,"7,7",90
Suites by Eric Olsan (Peset),4726296,Hotel,Valencia,1,1,€ 73,2019/10/24,2019/10/25,0,"7,7",90
Up Town,2244083,Apartamentos,Valencia,1,1,€ 64,2019/10/24,2019/10/25,0,"8,3",90
Hotel Alkazar,408511,Hotel,Valencia,1,1,€ 64,2019/10/24,2019/10/25,1,8,90
Apartamento Bolseria 28,881275,Apartamentos,Valencia,1,1,NA,2019/10/24,2019/10/25,0,"9,6",90
Host & Home,1663785,Hotel,Valencia,1,1,€ 67,2019/10/24,2019/10/25,0,9,90
Live in Chianti,2227491,Hotel,Valencia,1,1,€ 75,2019/10/24,2019/10/25,0,"9,1",90
Apartments Madrina,3278589,Apartamentos,Valencia,1,1,€ 80,2019/10/24,2019/10/25,0,9,90
SHF Plaza de la Reina,1682520,Hotel,Valencia,1,1,€ 75,2019/10/24,2019/10/25,0,"7,7",90
Oceanográfico Apartments & Spa,324918,Hotel,Valencia,1,1,€ 79,2019/10/24,2019/10/25,0,"7,7",90
El 16 Ruzafa,865461,Hotel,Valencia,1,1,€ 79,2019/10/24,2019/10/25,0,"7,7",90
Apartment in the Center of Old Town,4556268,Apartamento,Valencia,1,1,NA,2019/10/24,2019/10/25,0,"9,6",90
City Garden Bed and Breakfast,2204361,Hotel,Valencia,1,1,€ 87,2019/10/24,2019/10/25,0,"9,4",90
Apartamento cerca de la Playa y el Centro,2620264,Apartamento,Valencia,1,1,€ 88,2019/10/24,2019/10/25,0,9,90
RUZAFA. Nice apartment and Terrace.,4368595,Apartamento,Valencia,1,1,€ 88,2019/10/24,2019/10/25,0,"9,3",90
Palau de Palomar,471283,Apartamentos,Valencia,1,1,€ 89,2019/10/24,2019/10/25,0,"9,1",90
Torres Quart,3702234,Hotel,Valencia,1,1,€ 83,2019/10/24,2019/10/25,0,"7,7",90
Bird House,4388270,Hotel,Valencia,1,1,€ 66,2019/10/24,2019/10/25,0,"8,2",90
Down Town,1656378,Apartamentos,Valencia,1,1,€ 67,2019/10/24,2019/10/25,0,"8,3",90
Hotel Sercotel Acteón Valencia,90495,Hotel,Valencia,1,1,€ 68,2019/10/24,2019/10/25,4,"8,4",90
United Colors of Apartments - Catedral,1301545,Apartamentos,Valencia,1,1,€ 69,2019/10/24,2019/10/25,0,"8,2",90
City Suites Apartments,3091106,Hotel,Valencia,1,1,€ 70,2019/10/24,2019/10/25,0,"8,4",90
NH Ciudad de Valencia,90729,Hotel,Valencia,1,1,€ 73,2019/10/24,2019/10/25,3,"8,1",90
Luxury Beach House,3602594,Casa o chalet,Valencia,1,1,NA,2019/10/24,2019/10/25,0,"9,7",90
NH Valencia Las Ciencias,90725,Hotel,Valencia,1,1,€ 74,2019/10/24,2019/10/25,3,8,90
La casita de Palomar,2132386,Apartamentos,Valencia,1,1,€ 89,2019/10/24,2019/10/25,0,"9,4",90
Habitación doble,3599930,Hotel,Valencia,1,1,€ 90,2019/10/24,2019/10/25,0,9,90
Casa Vich,4457634,Apartamento,Valencia,1,1,NA,2019/10/24,2019/10/25,0,"9,6",90
Hi Valencia Cánovas,4312120,Apartamentos,Valencia,1,1,€ 90,2019/10/24,2019/10/25,0,9,90
Olvida tu Reloj Montichelvo Apartment,3258095,Apartamento,Valencia,1,1,€ 91,2019/10/24,2019/10/25,0,"9,4",90
Hostal Venecia,92883,Hotel,Valencia,1,1,€ 93,2019/10/24,2019/10/25,2,"9,1",90
Residencia Universitaria Damia Bonet,247451,Hotel,Valencia,1,1,€ 75,2019/10/24,2019/10/25,0,"8,4",90
Happy Apartments Valencia,456043,Apartamentos,Valencia,1,1,€ 75,2019/10/24,2019/10/25,0,"8,2",90
Ático cerca del mar,4040503,Apartamento,Valencia,1,1,€ 75,2019/10/24,2019/10/25,0,"8,4",90
Happy Apartments Valencia – Lope de Vega,575582,Apartamentos,Valencia,1,1,€ 75,2019/10/24,2019/10/25,0,"8,1",90
Atico Ciutat Vella,3446230,Apartamentos,Valencia,1,1,€ 75,2019/10/24,2019/10/25,0,"8,4",90
Apartment Cisneros 2,2361375,Apartamento,Valencia,1,1,NA,2019/10/24,2019/10/25,0,"9,7",90
Style Apartments Puerto,1558265,Apartamentos,Valencia,1,1,€ 77,2019/10/24,2019/10/25,0,"8,1",90
Hotel Olympia Universidades,1301731,Hotel,Valencia,1,1,€ 79,2019/10/24,2019/10/25,3,"8,4",90
Nanit Valencia Hostel,3913497,Hotel,Valencia,1,1,€ 80,2019/10/24,2019/10/25,0,"8,3",90
Apartment Vicent,1674495,Apartamento,Valencia,1,1,€ 80,2019/10/24,2019/10/25,0,"8,1",90
SHF Flats Baron,1033085,Apartamentos,Valencia,1,1,€ 80,2019/10/24,2019/10/25,0,8,90
Room in apartment,3701648,Hotel,Valencia,1,1,€ 81,2019/10/24,2019/10/25,0,8,90
Apartments Downtown Valencia,2250421,Apartamentos,Valencia,1,1,NA,2019/10/24,2019/10/25,0,"9,6",90
BUBUSUITES by Bubuflats,2389776,Hotel,Valencia,1,1,€ 95,2019/10/24,2019/10/25,0,"9,3",90
Una Ubicacion Perfecta,3114164,Apartamentos,Valencia,1,1,€ 95,2019/10/24,2019/10/25,0,"9,1",90
Bubuflats Bubu 5,1283519,Apartamento,Valencia,1,1,€ 95,2019/10/24,2019/10/25,0,"9,1",90
Constitución,4229663,Apartamento,Valencia,1,1,NA,2019/10/24,2019/10/25,0,"9,6",90
"Piso ""Como en tu casa""",2689136,Apartamento,Valencia,1,1,€ 96,2019/10/24,2019/10/25,0,"9,3",90
Mon Suites San Nicolas,4117225,Apartamentos,Valencia,1,1,€ 97,2019/10/24,2019/10/25,0,"9,1",90
Valenciaflats Centro Ciudad,18544,Apartamentos,Valencia,1,1,€ 97,2019/10/24,2019/10/25,0,"9,1",90
Apartamentos Naranja y Limòn,2250906,Apartamentos,Valencia,1,1,€ 100,2019/10/24,2019/10/25,0,"9,3",90
Valencian Apartment,2298621,Apartamento,Valencia,1,1,€ 102,2019/10/24,2019/10/25,0,9,90
Citizentral Juristas,1113127,Apartamentos,Valencia,1,1,€ 103,2019/10/24,2019/10/25,0,"9,2",90
Apartamentos La más Bonita,2816245,Apartamentos,Valencia,1,1,€ 104,2019/10/24,2019/10/25,0,"9,1",90
Forn desamparats,2380447,Apartamento,Valencia,1,1,€ 105,2019/10/24,2019/10/25,0,"9,4",90
Bianca,4232781,Apartamentos,Valencia,1,1,€ 106,2019/10/24,2019/10/25,0,9,90
5 SENSES,3786890,Apartamento,Valencia,1,1,€ 107,2019/10/24,2019/10/25,0,"9,2",90
OttoH Charm Stay,2459807,Hotel,Valencia,1,1,€ 109,2019/10/24,2019/10/25,0,"9,3",90
OCEANOGRAFIC DELUXE- PARKING- WI-FI,4095746,Apartamento,Valencia,1,1,€ 130,2019/10/24,2019/10/25,0,"9,1",90
Atico Loft Ruzafa,3152977,Apartamento,Valencia,1,1,NA,2019/10/24,2019/10/25,0,"9,7",90
OCEANOGRAFIC APARTMENT. PARKING. WI-FI,3107716,Apartamentos,Valencia,1,1,€ 130,2019/10/24,2019/10/25,0,9,90
APARTAMENTO CENTRICO. WI-FI. PARKING,2967593,Apartamento,Valencia,1,1,€ 130,2019/10/24,2019/10/25,0,"9,3",90
Hi Valencia Apartments - Jorge Juan,2373701,Apartamento,Valencia,1,1,€ 130,2019/10/24,2019/10/25,0,"9,4",90
Loft zona Pechina en Valencia centro,2524985,Apartamento,Valencia,1,1,€ 138,2019/10/24,2019/10/25,0,"9,2",90
Holiday Inn Express Ciudad de las Ciencias,96737,Hotel,Valencia,1,1,€ 81,2019/10/24,2019/10/25,3,8,90
Center Apartments,4152091,Apartamentos,Valencia,1,1,€ 86,2019/10/24,2019/10/25,0,"8,1",90
El Coso,14580,Hotel,Valencia,1,1,€ 89,2019/10/24,2019/10/25,3,"8,2",90
Casual de las Artes Valencia,538056,Hotel,Valencia,1,1,€ 90,2019/10/24,2019/10/25,3,"8,4",90
NH Valencia Las Artes,90731,Hotel,Valencia,1,1,€ 94,2019/10/24,2019/10/25,4,"8,3",90
Valenciaflats Torres de Serrano,17468,Apartamentos,Valencia,1,1,€ 97,2019/10/24,2019/10/25,0,"8,3",90
Travel Habitat Ático Ciutat Vella.,3264750,Apartamento,Valencia,1,1,NA,2019/10/24,2019/10/25,0,"9,5",90
Sol Playa,12656,Hotel,Valencia,1,1,€ 97,2019/10/24,2019/10/25,2,"8,3",90
Mon Suites Catedral,485679,Apartamentos,Valencia,1,1,€ 110,2019/10/24,2019/10/25,0,"9,2",90
Atico de Lujo,2142556,Apartamento,Valencia,1,1,€ 110,2019/10/24,2019/10/25,0,"9,2",90
Apartamentos Wallace,1698355,Apartamentos,Valencia,1,1,€ 110,2019/10/24,2019/10/25,0,"9,2",90
COZY APARTMENT VALENCIA CITY CENTER!,4886758,Apartamento,Valencia,1,1,€ 111,2019/10/24,2019/10/25,0,"9,1",90
MYR Hotel Plaza Mercado & Spa,1619029,Apartahotel,Valencia,1,1,€ 114,2019/10/24,2019/10/25,0,"9,1",90
Hotel Valencia Alameda,4019381,Hotel,Valencia,1,1,€ 139,2019/10/24,2019/10/25,4,"9,4",90
Apartament Cura Femenia,2010355,Apartamento,Valencia,1,1,€ 139,2019/10/24,2019/10/25,0,"9,3",90
APARTAMENTO DE DISEÑO EN PLAZA MANISES,2823390,Apartamento,Valencia,1,1,NA,2019/10/24,2019/10/25,0,"9,7",90
Mediterranean Flats Plaza Redonda,4086496,Apartamentos,Valencia,1,1,€ 145,2019/10/24,2019/10/25,0,"9,2",90
Hotel Boutique Balandret,1281710,Hotel,Valencia,1,1,€ 114,2019/10/24,2019/10/25,3,"9,2",90
Apartamentos Edificio Palomar,189277,Apartamentos,Valencia,1,1,€ 119,2019/10/24,2019/10/25,0,"9,2",90
Friendly Rentals Torrealba,1634243,Apartamento,Valencia,1,1,€ 145,2019/10/24,2019/10/25,0,"9,4",90
ARENAS 2 APARTAMENT,2808815,Apartamento,Valencia,1,1,€ 150,2019/10/24,2019/10/25,0,"9,1",90
Sweet Caroline Apartment,1811784,Apartamento,Valencia,1,1,€ 150,2019/10/24,2019/10/25,0,"9,2",90
B BEACH VALENCIA,5125954,Apartamento,Valencia,1,1,€ 150,2019/10/24,2019/10/25,0,"9,3",90
Hotel Gabbeach,403586,Hotel,Valencia,1,1,€ 99,2019/10/24,2019/10/25,3,"8,4",90
APARTAMENTO LAS MELLIZAS,4651578,Hotel,Valencia,1,1,€ 50,2019/10/24,2019/10/25,0,"8,4",90
MD Modern Hotel - Jardines,305447,Hotel,Valencia,1,1,€ 99,2019/10/24,2019/10/25,1,"8,2",90
Reina's Apartment,2130930,Apartamentos,Valencia,1,1,€ 103,2019/10/24,2019/10/25,0,"8,4",90
La Casa,3758586,Casas y chalets,Valencia,1,1,€ 105,2019/10/24,2019/10/25,0,"8,3",90
Apartamento Forn dels Apòstols,3122008,Apartamento,Valencia,1,1,NA,2019/10/24,2019/10/25,0,"9,7",90
Hotel Villacarlos,90730,Hotel,Valencia,1,1,€ 106,2019/10/24,2019/10/25,3,8,90
Senator Parque Central Hotel,274963,Hotel,Valencia,1,1,€ 107,2019/10/24,2019/10/25,4,"8,1",90
Apartamento Ciudad de las Artes y las Ciencias,4353552,Apartamento,Valencia,1,1,€ 110,2019/10/24,2019/10/25,0,"8,4",90
Apartamento Gran Vía Marqués del Turia,2358973,Apartamento,Valencia,1,1,€ 113,2019/10/24,2019/10/25,0,"8,4",90
Center City Flats,861452,Apartamentos,Valencia,1,1,€ 154,2019/10/24,2019/10/25,0,"9,1",90
El Corazon de Canovas,2634817,Apartamento,Valencia,1,1,NA,2019/10/24,2019/10/25,0,"9,7",90
Edificio Pentagono,4673669,Apartamento,Valencia,1,1,€ 155,2019/10/24,2019/10/25,0,"9,1",90
Duplex en Blasco Ibáñez,3672426,Apartamento,Valencia,1,1,€ 155,2019/10/24,2019/10/25,0,"9,1",90
Flats Hondures,2194645,Apartamento,Valencia,1,1,€ 164,2019/10/24,2019/10/25,0,"9,1",90
Eurostars Rey Don Jaime,91520,Hotel,Valencia,1,1,€ 116,2019/10/24,2019/10/25,4,"8,2",90
Hotel Medium Valencia,96838,Hotel,Valencia,1,1,€ 117,2019/10/24,2019/10/25,4,"8,2",90
Friendly Rentals Puerto Deportivo,2317861,Apartamentos,Valencia,1,1,€ 120,2019/10/24,2019/10/25,0,"8,2",90
Apartamento Privado Próximo a Playa y Ciencias,3783163,Apartamento,Valencia,1,1,€ 120,2019/10/24,2019/10/25,0,"8,1",90
MARQUÉS HOUSE 4* SUP,2118880,Hotel,Valencia,1,1,€ 189,2019/10/24,2019/10/25,4,"9,4",90
Jardines del Turia - Espacioso apartamento,2734126,Apartamento,Valencia,1,1,€ 200,2019/10/24,2019/10/25,0,"9,2",90
Arena's Apartament,2156905,Apartamento,Valencia,1,1,€ 200,2019/10/24,2019/10/25,0,"9,2",90
Friendly Rentals ABC,3656596,Apartamento,Valencia,1,1,€ 120,2019/10/24,2019/10/25,0,"8,4",90
Sweet Hotel Renasa,274818,Hotel,Valencia,1,1,€ 129,2019/10/24,2019/10/25,3,8,90
Hotel Valencia Center,91285,Hotel,Valencia,1,1,€ 131,2019/10/24,2019/10/25,4,"8,4",90
Silken Puerta Valencia,91182,Hotel,Valencia,1,1,€ 135,2019/10/24,2019/10/25,4,"8,3",90
Apartment Cisneros 2,2361375,Apartamento,Valencia,1,1,NA,2019/10/24,2019/10/25,0,"9,7",90
Caro Hotel,348132,Hotel,Valencia,1,1,€ 219,2019/10/24,2019/10/25,5,"9,2",90
NH Collection Colón Valencia,3828811,Hotel,Valencia,1,1,€ 231,2019/10/24,2019/10/25,4,"9,2",90
Vincci Mercat,1279484,Hotel,Valencia,1,1,€ 240,2019/10/24,2019/10/25,4,9,90
Las Arenas Balneario Resort,91144,Hotel,Valencia,1,1,€ 270,2019/10/24,2019/10/25,5,9,90
Zerka Sendra,4657122,Apartamento,Valencia,1,1,€ 309,2019/10/24,2019/10/25,0,9,90
Beachfront vila,3126708,Casa o chalet,Valencia,1,1,€ 390,2019/10/24,2019/10/25,0,"9,2",90
The River Hostel,494202,Hotel,Valencia,1,1,€ 22,2019/10/24,2019/10/25,0,"8,5",90
Pensión Alicante,298710,Hotel,Valencia,1,1,€ 33,2019/10/24,2019/10/25,0,"8,5",90
Russafa Youth Hostel,345134,Hotel,Valencia,1,1,€ 44,2019/10/24,2019/10/25,0,"8,6",90
B&B Almirante,369695,Hotel,Valencia,1,1,€ 48,2019/10/24,2019/10/25,1,"8,8",90
Balcón Al Mar,295109,Hotel,Valencia,1,1,€ 53,2019/10/24,2019/10/25,0,"8,5",90
Home Youth Hostel by Feetup Hostels,189322,Hotel,Valencia,1,1,€ 54,2019/10/24,2019/10/25,0,"8,8",90
Carrer de María Montessori,3272386,Apartamento,Valencia,1,1,€ 136,2019/10/24,2019/10/25,0,"8,4",90
Hotel Conqueridor,91047,Hotel,Valencia,1,1,€ 144,2019/10/24,2019/10/25,4,"8,4",90
Hotel Neptuno,91206,Hotel,Valencia,1,1,€ 144,2019/10/24,2019/10/25,4,"8,4",90
Friendly Rentals Verdi,1634232,Apartamento,Valencia,1,1,€ 145,2019/10/24,2019/10/25,0,"8,1",90
Friendly Rentals Ferrero,2314984,Apartamento,Valencia,1,1,€ 150,2019/10/24,2019/10/25,0,"8,3",90
NH Valencia Center,90727,Hotel,Valencia,1,1,€ 151,2019/10/24,2019/10/25,4,"8,3",90
B&B Hi Valencia Boutique,1301725,Hotel,Valencia,1,1,€ 56,2019/10/24,2019/10/25,0,"8,7",90
Zalamera BnB,1331238,Hotel,Valencia,1,1,€ 58,2019/10/24,2019/10/25,0,"8,7",90
Pio XII Apartments Valencia,402080,Apartamentos,Valencia,1,1,€ 60,2019/10/24,2019/10/25,0,"8,5",90
Apartamento Jesus De Medinaceli,1728697,Apartamento,Valencia,1,1,€ 60,2019/10/24,2019/10/25,0,"8,5",90
Luz de Valencia,2076095,Apartamentos,Valencia,1,1,€ 64,2019/10/24,2019/10/25,0,"8,8",90
UNIK. Apartments Valencia,2241282,Apartamentos,Valencia,1,1,€ 65,2019/10/24,2019/10/25,0,"8,5",90
Jardín Botánico Hotel Boutique,93369,Hotel,Valencia,1,1,€ 66,2019/10/24,2019/10/25,3,"8,9",90
Hulot B&B Valencia,585429,Hotel,Valencia,1,1,€ 67,2019/10/24,2019/10/25,0,"8,5",90
So de Mar,2204496,Hotel,Valencia,1,1,NA,2019/10/24,2019/10/25,0,"9,6",90
Quart Youth Hostel,476418,Hotel,Valencia,1,1,€ 68,2019/10/24,2019/10/25,0,"8,7",90
Turia Town,4064373,Hotel,Valencia,1,1,€ 69,2019/10/24,2019/10/25,0,"8,8",90
Valencia maritimo,3020748,Hotel,Valencia,1,1,€ 70,2019/10/24,2019/10/25,0,"8,8",90
Expo Hotel Valencia,91223,Hotel,Valencia,1,1,€ 83,2019/10/24,2019/10/25,3,"7,6",90
Apartment Plaza de la Merced,3457190,Apartamento,Valencia,1,1,€ 88,2019/10/24,2019/10/25,0,"7,9",90
Piso céntrico Plaza Toros,2961063,Apartamento,Valencia,1,1,NA,2019/10/24,2019/10/25,0,"9,5",90
Lujoso Apartamento En El Carmen,2814452,Apartamento,Valencia,1,1,€ 88,2019/10/24,2019/10/25,0,"7,5",90
Carrer del Músic Peydró- 46 Apartament 5,4216247,Apartamento,Valencia,1,1,€ 89,2019/10/24,2019/10/25,0,"7,9",90
Plaza Sainetero 5,3148458,Apartamento,Valencia,1,1,€ 93,2019/10/24,2019/10/25,0,"7,8",90
Casa del Patriarca,364834,Hotel,Valencia,1,1,€ 71,2019/10/24,2019/10/25,0,"8,9",90
Suites by Eric Olsan (Florista),4726450,Hotel,Valencia,1,1,€ 72,2019/10/24,2019/10/25,0,"8,6",90
Art of Dance Apartment Valencia,3732969,Apartamento,Valencia,1,1,€ 105,2019/10/24,2019/10/25,0,"7,9",90
Apartment Valencia,348555,Apartamentos,Valencia,1,1,€ 108,2019/10/24,2019/10/25,0,"7,7",90
Kirei Apartment San Vicente,1774062,Apartamento,Valencia,1,1,€ 110,2019/10/24,2019/10/25,0,"7,5",90
Center Puerto Apartments,4875083,Apartamento,Valencia,1,1,NA,2019/10/24,2019/10/25,0,9,90
STYLISH APARTMENT - CITY CENTER,2861517,Apartamento,Valencia,1,1,€ 114,2019/10/24,2019/10/25,0,"7,8",90
Apartamentos Sollana 18 Cerca de les Arts i les Ciencies Valencia- FREE WI-FI,5232423,Apartamento,Valencia,1,1,€ 120,2019/10/24,2019/10/25,0,"7,9",90
Burjassot Mestalla,3058627,Hotel,Valencia,1,1,€ 75,2019/10/24,2019/10/25,0,"8,7",90
La Casa Verde - Ruzafa,2029143,Hotel,Valencia,1,1,NA,2019/10/24,2019/10/25,0,"9,7",90
Ad Hoc Carmen,1173270,Hotel,Valencia,1,1,€ 75,2019/10/24,2019/10/25,2,"8,9",90
Apartamento Alguer,4005334,Apartamento,Valencia,1,1,€ 125,2019/10/24,2019/10/25,0,"7,5",90
Loft el Carmen amazing views,4932621,Apartamento,Valencia,1,1,€ 172,2019/10/24,2019/10/25,0,"7,9",90
Friendly rentals Enesco Beach,2526514,Apartamento,Valencia,1,1,€ 175,2019/10/24,2019/10/25,0,"7,9",90
Friendly Rentals Danna,1634254,Apartamento,Valencia,1,1,€ 185,2019/10/24,2019/10/25,0,"7,6",90
Habitación- Familiar,4625132,Hotel,Valencia,1,1,NA,2019/10/24,2019/10/25,0,"9,3",90
Ilunion Valencia 3,92818,Hotel,Valencia,1,1,€ 192,2019/10/24,2019/10/25,3,"7,9",90
Valenciaflats Centro Histórico,94781,Hotel,Valencia,1,1,€ 78,2019/10/24,2019/10/25,0,"8,7",90
Piso luminoso cerca de la playa,3583906,Hotel,Valencia,1,1,€ 80,2019/10/24,2019/10/25,0,"8,6",90
València Centre Torres de Quart,886289,Hotel,Valencia,1,1,€ 82,2019/10/24,2019/10/25,0,"8,9",90
Soho Valencia,1538641,Hotel,Valencia,1,1,€ 83,2019/10/24,2019/10/25,0,"8,9",90
Hotel Malcom and Barret,483261,Hotel,Valencia,1,1,€ 84,2019/10/24,2019/10/25,3,"8,7",90
Apartamento Tiziano,1528645,Hotel,Valencia,1,1,NA,2019/10/24,2019/10/25,0,"9,6",90
Valencia Luxury Attics Ayuntamiento,337092,Apartamentos,Valencia,1,1,€ 220,2019/10/24,2019/10/25,0,"7,5",90
La Casa Del Colibri Youth Hostel,2094497,Hotel,Valencia,1,1,€ 243,2019/10/24,2019/10/25,0,"7,9",90
MD Art Apartment Ruzafa,2550955,Apartamento,Valencia,1,1,€ 291,2019/10/24,2019/10/25,0,"7,7",90
MD Pelayo with terrace,1979067,Apartamento,Valencia,1,1,€ 291,2019/10/24,2019/10/25,0,"7,8",90
MD Oliag I Apartment Ruzafa,2867488,Apartamento,Valencia,1,1,€ 375,2019/10/24,2019/10/25,0,"7,7",90
Hotel El Siglo,1741479,Hotel,Valencia,1,1,€ 85,2019/10/24,2019/10/25,3,"8,5",90
Rooms Ciencias,94126,Hotel,Valencia,1,1,€ 86,2019/10/24,2019/10/25,0,"8,9",90
Casual del Cine Valencia,572187,Hotel,Valencia,1,1,€ 86,2019/10/24,2019/10/25,2,"8,6",90
Ruzzafa Codrut,3035322,Apartamento,Valencia,1,1,NA,2019/10/24,2019/10/25,0,"9,2",90
Hostal Waksman,281139,Hotel,Valencia,1,1,€ 35,2019/10/24,2019/10/25,1,"7,3",90
Hostal Residencial RR,450746,Hotel,Valencia,1,1,€ 40,2019/10/24,2019/10/25,0,7,90
La Flamenca,818359,Hotel,Valencia,1,1,€ 40,2019/10/24,2019/10/25,0,"7,3",90
Citizentral Gascons,332095,Hotel,Valencia,1,1,€ 87,2019/10/24,2019/10/25,0,"8,7",90
Valenciaflats Mercado Central,307677,Hotel,Valencia,1,1,€ 87,2019/10/24,2019/10/25,0,"8,9",90
Ad Hoc Monumental,90719,Hotel,Valencia,1,1,€ 87,2019/10/24,2019/10/25,3,"8,6",90
Ruzafa Rooms,2891693,Hotel,Valencia,1,1,€ 45,2019/10/24,2019/10/25,0,7,90
Central Station Valencia Hostel,1647017,Hotel,Valencia,1,1,€ 49,2019/10/24,2019/10/25,0,"7,1",90
PISO ACOGEDOR,4995780,Hotel,Valencia,1,1,€ 50,2019/10/24,2019/10/25,0,"7,1",90
VLC Downtown Flats,4637615,Apartamentos,Valencia,1,1,NA,2019/10/24,2019/10/25,0,"9,3",90
Apartamento Bolseria 28,881275,Hotel,Valencia,1,1,NA,2019/10/24,2019/10/25,0,"9,6",90
Boutique Creative Rooms,2334726,Hotel,Valencia,1,1,€ 90,2019/10/24,2019/10/25,0,"8,7",90
Casa de Maria,2467712,Hotel,Valencia,1,1,€ 90,2019/10/24,2019/10/25,0,"8,5",90
Casual de la Música Valencia,273130,Hotel,Valencia,1,1,€ 51,2019/10/24,2019/10/25,2,"7,4",90
Apartamento Nou Lodging,2837298,Apartamento,Valencia,1,1,€ 59,2019/10/24,2019/10/25,0,"7,1",90
Cosy Rooms Bolsería,371606,Hotel,Valencia,1,1,€ 59,2019/10/24,2019/10/25,2,"7,4",90
BUBUFLATS Mossén,1141763,Hotel,Valencia,1,1,€ 90,2019/10/24,2019/10/25,0,"8,9",90
BUBUFLATS / Mercat,783206,Hotel,Valencia,1,1,€ 90,2019/10/24,2019/10/25,0,"8,9",90
València Centre Túria,2185255,Hotel,Valencia,1,1,€ 94,2019/10/24,2019/10/25,0,"8,8",90
Cosy Rooms Embajador,369728,Hotel,Valencia,1,1,€ 63,2019/10/24,2019/10/25,2,"7,4",90
Accommodation Beach Apartments,1001766,Apartamentos,Valencia,1,1,€ 69,2019/10/24,2019/10/25,0,"7,1",90
Almiserat,3054886,Apartamento,Valencia,1,1,€ 70,2019/10/24,2019/10/25,0,7,90
MOM La Punta,3105661,Hotel,Valencia,1,1,NA,2019/10/24,2019/10/25,0,"9,4",90
HOSTAL BED OF THE SEA,3974636,Hotel,Valencia,1,1,€ 72,2019/10/24,2019/10/25,0,7,90
Perla Apartments,3146781,Hotel,Valencia,1,1,€ 95,2019/10/24,2019/10/25,0,"8,8",90
Luxury Beach House,3602594,Hotel,Valencia,1,1,NA,2019/10/24,2019/10/25,0,"9,7",90
New Trendy apartment,2426154,Hotel,Valencia,1,1,€ 95,2019/10/24,2019/10/25,0,"8,8",90
NWT Monserrat,3728842,Apartamentos,Valencia,1,1,€ 72,2019/10/24,2019/10/25,0,"7,1",90
Bonito apartamento en Valencia!,3646923,Apartamentos,Valencia,1,1,€ 77,2019/10/24,2019/10/25,0,"7,4",90
Valencia Apartments,4367788,Apartamentos,Valencia,1,1,€ 78,2019/10/24,2019/10/25,0,"7,1",90
Malvarrosa Beach Rooms,314048,Hotel,Valencia,1,1,€ 80,2019/10/24,2019/10/25,2,"7,1",90
Homestay & OLEE,4132920,Hotel,Valencia,1,1,€ 80,2019/10/24,2019/10/25,0,"7,4",90
SHF Sevilla Loft,850157,Apartamentos,Valencia,1,1,€ 80,2019/10/24,2019/10/25,0,"7,4",90
El Coral Apartment Valencia,3606766,Hotel,Valencia,1,1,€ 96,2019/10/24,2019/10/25,0,"8,7",90
Hotel Dimar,90886,Hotel,Valencia,1,1,€ 99,2019/10/24,2019/10/25,4,"8,7",90
Apartments Plaza Ayuntamiento,3506736,Hotel,Valencia,1,1,€ 100,2019/10/24,2019/10/25,0,"8,7",90
Valencia Apartmans El Carmen,847910,Apartamentos,Valencia,1,1,€ 83,2019/10/24,2019/10/25,0,"7,3",90
Guest House Samuel Ros,4161855,Hotel,Valencia,1,1,€ 90,2019/10/24,2019/10/25,0,"7,4",90
La Casa dei Fiori,2849727,Apartamento,Valencia,1,1,€ 92,2019/10/24,2019/10/25,0,"7,1",90
Apartamento Angel Alcazar 35,2174625,Apartamento,Valencia,1,1,€ 95,2019/10/24,2019/10/25,0,"7,4",90
Lotelito,570027,Hotel,Valencia,1,1,€ 101,2019/10/24,2019/10/25,0,"8,9",90
Biopark View Apartment,2381901,Hotel,Valencia,1,1,€ 104,2019/10/24,2019/10/25,0,"8,9",90
ÁTICO EN EL CENTRO DE VALENCIA VT-45939-T,4752815,Hotel,Valencia,1,1,NA,2019/10/24,2019/10/25,0,"9,5",90
Kirei Apartment Na Jordana,1702092,Apartamentos,Valencia,1,1,€ 101,2019/10/24,2019/10/25,0,7,90
Kirei Apartment En Llop,1765516,Apartamentos,Valencia,1,1,€ 137,2019/10/24,2019/10/25,0,"7,1",90
Valencia Luxury Catedral,440778,Apartamentos,Valencia,1,1,€ 170,2019/10/24,2019/10/25,0,"7,2",90
Best Valencia Beach Flat,3246772,Apartamento,Valencia,1,1,€ 192,2019/10/24,2019/10/25,0,"7,1",90
Buho House,3777691,Hotel,Valencia,1,1,€ 104,2019/10/24,2019/10/25,0,"8,5",90
SKY TOURISTIC ATTIC,281640,Hotel,Valencia,1,1,€ 108,2019/10/24,2019/10/25,0,"8,5",90
Tranquilo Apartamento En Plaza Cisneros,3127388,Hotel,Valencia,1,1,€ 111,2019/10/24,2019/10/25,0,"8,9",90
Casual Vintage Valencia,1710241,Hotel,Valencia,1,1,€ 113,2019/10/24,2019/10/25,2,"8,5",90
Hotel San Lorenzo Boutique,1307718,Hotel,Valencia,1,1,€ 115,2019/10/24,2019/10/25,3,"8,6",90
MD Villalonga Malvarosa Beach,3739661,Apartamento,Valencia,1,1,€ 290,2019/10/24,2019/10/25,0,"7,4",90
feliz como en casa,3676196,Hotel,Valencia,1,1,€ 36,2019/10/24,2019/10/25,0,"6,9",90
Geography and Arts.,3569110,Hotel,Valencia,1,1,€ 60,2019/10/24,2019/10/25,0,"6,6",90
Plaza de la Virgen,3167342,Hotel,Valencia,1,1,€ 115,2019/10/24,2019/10/25,0,"8,7",90
casa a 800 metros de la playa de Las Arenas,3741421,Hotel,Valencia,1,1,€ 115,2019/10/24,2019/10/25,0,"8,9",90
Melia Plaza Valencia,13270,Hotel,Valencia,1,1,€ 116,2019/10/24,2019/10/25,4,"8,9",90
Catalonia Excelsior,90578,Hotel,Valencia,1,1,€ 120,2019/10/24,2019/10/25,3,"8,7",90
SH Valencia Palace,91497,Hotel,Valencia,1,1,€ 120,2019/10/24,2019/10/25,5,"8,5",90
Friendly Rentals Brade,1918694,Hotel,Valencia,1,1,€ 120,2019/10/24,2019/10/25,0,"8,9",90
Friendly Rentals Ravel I,1634234,Hotel,Valencia,1,1,€ 120,2019/10/24,2019/10/25,0,"8,8",90
One Shot Colón 46,1394168,Hotel,Valencia,1,1,€ 125,2019/10/24,2019/10/25,3,"8,7",90
Friendly Rentals Schubert,1634221,Hotel,Valencia,1,1,€ 125,2019/10/24,2019/10/25,0,"8,9",90
Apartamentos Valencia - Brazil 31 Free WiFi,4948554,Hotel,Valencia,1,1,€ 125,2019/10/24,2019/10/25,0,"8,5",90
Friendly Rentals Casals,1769176,Hotel,Valencia,1,1,€ 125,2019/10/24,2019/10/25,0,"8,7",90
Friendly Rentals Nyman,3245521,Hotel,Valencia,1,1,€ 125,2019/10/24,2019/10/25,0,"8,9",90
Hotel Mediterraneo Valencia,92412,Hotel,Valencia,1,1,€ 127,2019/10/24,2019/10/25,3,"8,8",90
