name,propertyId,propertyType,city,rooms,days,price,checkIn,checkOut,stars,score,advance
Apartamentos Valencia Luxury Center,2011524,Hotel,Valencia,1,1,€ 130,2019/08/05,2019/08/06,0,"7,8",14
SHF Plaza de la Reina,1682520,Hotel,Valencia,1,1,€ 100,2019/08/05,2019/08/06,0,"7,7",14
7 Moons Bed & Breakfast,464187,Hotel,Valencia,1,1,NA,2019/08/05,2019/08/06,0,"8,5",14
Valencia Luxury Group Apartments,1648016,Hotel,Valencia,1,1,€ 180,2019/08/05,2019/08/06,0,"7,3",14
Friendly Rentals Messiaen,1634249,Hotel,Valencia,1,1,€ 120,2019/08/05,2019/08/06,0,"6,5",14
Friendly Rentals Gimenez,1634242,Hotel,Valencia,1,1,€ 125,2019/08/05,2019/08/06,0,"8,2",14
Valencia Boutique Plaza de la Reina,1541067,Hotel,Valencia,1,1,€ 85,2019/08/05,2019/08/06,0,8,14
Valencia Luxury La Paz,1107542,Hotel,Valencia,1,1,€ 220,2019/08/05,2019/08/06,0,"7,1",14
Valencia Luxury Central Market,1078335,Hotel,Valencia,1,1,€ 150,2019/08/05,2019/08/06,0,"7,5",14
Rio Turia Rooms,5184129,Hotel,Valencia,1,1,NA,2019/08/05,2019/08/06,0,"7,9",14
El 16 Ruzafa,865461,Hotel,Valencia,1,1,€ 129,2019/08/05,2019/08/06,0,"7,7",14
Valencia Luxury Catedral,440778,Hotel,Valencia,1,1,€ 150,2019/08/05,2019/08/06,0,"7,2",14
Valencia Boutique Mercado Central,440757,Hotel,Valencia,1,1,€ 170,2019/08/05,2019/08/06,0,"6,6",14
Valencia Boutique Ayuntamiento II,387852,Hotel,Valencia,1,1,€ 160,2019/08/05,2019/08/06,0,"6,8",14
Valencia Boutique Ayuntamiento,343355,Hotel,Valencia,1,1,€ 160,2019/08/05,2019/08/06,0,"7,2",14
Valencia Luxury Attics Ayuntamiento,337092,Hotel,Valencia,1,1,€ 160,2019/08/05,2019/08/06,0,"7,5",14
OLD TOWN VALENCIA,5160686,Hotel,Valencia,1,1,NA,2019/08/05,2019/08/06,0,"5,9",14
Mon Suites San Martin,2777545,Hotel,Valencia,1,1,€ 156,2019/08/05,2019/08/06,0,"9,4",14
Hi Valencia Apartments - Jorge Juan,2373701,Hotel,Valencia,1,1,€ 183,2019/08/05,2019/08/06,0,"9,4",14
Apartamento Torres,4058792,Hotel,Valencia,1,1,€ 150,2019/08/05,2019/08/06,0,"8,8",14
NWT Central Station Apartments,3964093,Hotel,Valencia,1,1,€ 189,2019/08/05,2019/08/06,0,"8,4",14
United Colors of Apartments Boutique Style,5372347,Hotel,Valencia,1,1,€ 109,2019/08/05,2019/08/06,0,10,14
Edificio Pentagono,4673669,Hotel,Valencia,1,1,€ 185,2019/08/05,2019/08/06,0,"9,1",14
Guest House Samuel Ros,4161855,Hotel,Valencia,1,1,NA,2019/08/05,2019/08/06,0,"7,5",14
Hi Valencia Cánovas,4312120,Hotel,Valencia,1,1,€ 160,2019/08/05,2019/08/06,0,9,14
Mon Suites San Nicolas,4117225,Hotel,Valencia,1,1,€ 145,2019/08/05,2019/08/06,0,"9,1",14
MD Julio Antonio Apartment Center,3961049,Hotel,Valencia,1,1,€ 385,2019/08/05,2019/08/06,0,"9,1",14
Valencia Luxury Mercado de Colón,2960845,Hotel,Valencia,1,1,€ 170,2019/08/05,2019/08/06,0,9,14
YourPlace apartments Mercado Central,2933554,Hotel,Valencia,1,1,€ 150,2019/08/05,2019/08/06,0,9,14
Live in Chianti Apartaments,2882632,Hotel,Valencia,1,1,€ 159,2019/08/05,2019/08/06,0,"9,1",14
Ruzafa Rooms,2891693,Hotel,Valencia,1,1,NA,2019/08/05,2019/08/06,0,7,14
WeRentVLC Charming Ruzafa,2839319,Hotel,Valencia,1,1,€ 174,2019/08/05,2019/08/06,0,"9,2",14
Apartamentos Wallace,1698355,Hotel,Valencia,1,1,€ 115,2019/08/05,2019/08/06,0,"9,2",14
BUBUFLATS Mossén,1141763,Hotel,Valencia,1,1,€ 135,2019/08/05,2019/08/06,0,"8,9",14
Citizentral Juristas,1113127,Hotel,Valencia,1,1,€ 120,2019/08/05,2019/08/06,0,"9,2",14
BUBUFLATS / Mercat,783206,Hotel,Valencia,1,1,€ 130,2019/08/05,2019/08/06,0,"8,9",14
Valenciaflats Centro Ciudad,18544,Hotel,Valencia,1,1,€ 110,2019/08/05,2019/08/06,0,"9,1",14
Guest House Higinio Noja,2845935,Hotel,Valencia,1,1,NA,2019/08/05,2019/08/06,0,6,14
Apartamentos La más Bonita,2816245,Hotel,Valencia,1,1,€ 180,2019/08/05,2019/08/06,0,"9,1",14
"Flat ""Ca Alexandre""",3687859,Hotel,Valencia,1,1,€ 220,2019/08/05,2019/08/06,0,,14
Disfruta - Enjoy Valencia Ruzafa,3890328,Hotel,Valencia,1,1,€ 149,2019/08/05,2019/08/06,0,"9,7",14
Barracart Apartments,2125836,Hotel,Valencia,1,1,€ 137,2019/08/05,2019/08/06,0,"9,6",14
Bubuflats Bubu 3,1014334,Hotel,Valencia,1,1,€ 135,2019/08/05,2019/08/06,0,"9,7",14
Malvarrosa Beach,3546692,Hotel,Valencia,1,1,€ 1.260,2019/08/05,2019/08/06,0,"6,9",14
Valenciaflats Mercado Central,307677,Apartamentos,Valencia,1,1,€ 110,2019/08/05,2019/08/06,0,9,14
Ramirez Flats & Bar,4124528,Apartahotel,Valencia,1,1,€ 135,2019/08/05,2019/08/06,0,"9,5",14
SingularStays San Vicente,1423172,Apartamentos,Valencia,1,1,NA,2019/08/05,2019/08/06,0,"8,9",14
El 16 Ruzafa,865461,Apartamentos,Valencia,1,1,€ 129,2019/08/05,2019/08/06,0,"7,7",14
Voyagers Inn Homestay,2682156,Hotel,Valencia,1,1,€ 48,2019/08/05,2019/08/06,0,"7,8",14
Citizentral Gascons,332095,Apartamentos,Valencia,1,1,€ 101,2019/08/05,2019/08/06,0,"8,7",14
Residencia Universitaria Damia Bonet,247451,Hotel,Valencia,1,1,€ 64,2019/08/05,2019/08/06,0,"8,4",14
Valencia Luxury Group Apartments,1648016,Apartamentos,Valencia,1,1,€ 180,2019/08/05,2019/08/06,0,"7,3",14
Pio XII Apartments Valencia,402080,Apartamentos,Valencia,1,1,€ 81,2019/08/05,2019/08/06,0,"8,5",14
Valencia apartamento,3056705,Apartahotel,Valencia,1,1,NA,2019/08/05,2019/08/06,0,"9,3",14
Apartamentos Wallace,1698355,Apartamentos,Valencia,1,1,€ 115,2019/08/05,2019/08/06,0,"9,2",14
Valencia Luxury Catedral,440778,Apartamentos,Valencia,1,1,€ 150,2019/08/05,2019/08/06,0,"7,2",14
Barracart Apartments,2125836,Apartamentos,Valencia,1,1,€ 137,2019/08/05,2019/08/06,0,"9,6",14
Valenciaflats Centro Histórico,94781,Apartamentos,Valencia,1,1,€ 106,2019/08/05,2019/08/06,0,"8,7",14
Russafa Youth Hostel,345134,Hotel,Valencia,1,1,€ 58,2019/08/05,2019/08/06,0,"8,6",14
LaikaHome,3867990,Hotel,Valencia,1,1,€ 135,2019/08/05,2019/08/06,0,7,14
Victoria Site @ Luxury Center,1756493,Apartamentos,Valencia,1,1,NA,2019/08/05,2019/08/06,0,"8,8",14
Nanit Valencia Hostel,3913497,Hotel,Valencia,1,1,€ 70,2019/08/05,2019/08/06,0,"8,3",14
Adrian's House,2271869,Hotel,Valencia,1,1,€ 40,2019/08/05,2019/08/06,0,"7,8",14
Live in Chianti,2227491,Hotel,Valencia,1,1,€ 91,2019/08/05,2019/08/06,0,"9,1",14
SHF Plaza de la Reina,1682520,Apartamentos,Valencia,1,1,€ 100,2019/08/05,2019/08/06,0,"7,7",14
Plaza Redonda house.,4399973,Hotel,Valencia,1,1,€ 71,2019/08/05,2019/08/06,0,"7,5",14
ART & FLATS Pleno Centro Valencia,1554388,Apartamentos,Valencia,1,1,€ 180,2019/08/05,2019/08/06,0,"7,9",14
Apartamento Valencia Center,410101,Apartamentos,Valencia,1,1,NA,2019/08/05,2019/08/06,0,"9,4",14
Apartment Sun & Light near the beach,4479540,Apartamento,Valencia,1,1,€ 175,2019/08/05,2019/08/06,0,"8,4",14
Casa del Patriarca,364834,Hotel,Valencia,1,1,€ 81,2019/08/05,2019/08/06,0,"8,9",14
Albergue Juvenil Colegio Mayor Galileo Galilei,253103,Hotel,Valencia,1,1,€ 45,2019/08/05,2019/08/06,0,"7,9",14
Center Valencia Youth Hostel,246931,Hotel,Valencia,1,1,€ 16,2019/08/05,2019/08/06,0,"7,9",14
Urban Youth Hostel,1163025,Hotel,Valencia,1,1,€ 53,2019/08/05,2019/08/06,0,"8,4",14
ÁTICO EN EL CENTRO DE VALENCIA VT-45939-T,4752815,Apartamento,Valencia,1,1,€ 120,2019/08/05,2019/08/06,0,"9,6",14
Living Valencia Ayuntamiento,1831537,Apartamentos,Valencia,1,1,NA,2019/08/05,2019/08/06,0,8,14
Pensión Alicante,298710,Hotel,Valencia,1,1,€ 42,2019/08/05,2019/08/06,0,"8,5",14
The River Hostel,494202,Hotel,Valencia,1,1,€ 16,2019/08/05,2019/08/06,0,"8,5",14
United Colors of Apartments Boutique Style,5372347,Apartamentos,Valencia,1,1,€ 109,2019/08/05,2019/08/06,0,10,14
Cantagua Hostel,4074640,Hotel,Valencia,1,1,€ 23,2019/08/05,2019/08/06,0,"9,1",14
Pensión Universal,304276,Hotel,Valencia,1,1,€ 42,2019/08/05,2019/08/06,0,"7,9",14
Best Valencia Beach Flat,3246772,Apartamento,Valencia,1,1,€ 179,2019/08/05,2019/08/06,0,"7,1",14
Living Valencia - Catedral,2338234,Apartamentos,Valencia,1,1,NA,2019/08/05,2019/08/06,0,8,14
Quart Youth Hostel,476418,Hotel,Valencia,1,1,€ 44,2019/08/05,2019/08/06,0,"8,7",14
Apartamento Ciudad de las Artes y las Ciencias,4353552,Apartamento,Valencia,1,1,€ 135,2019/08/05,2019/08/06,0,"8,4",14
Lovely Apartment!,3377663,Apartamentos,Valencia,1,1,€ 132,2019/08/05,2019/08/06,0,"8,4",14
Les flors,3985046,Apartamento,Valencia,1,1,€ 127,2019/08/05,2019/08/06,0,"8,9",14
Happy Apartments Valencia – Lope de Vega,575582,Apartamentos,Valencia,1,1,€ 109,2019/08/05,2019/08/06,0,"8,1",14
Art&Flats Bed&Breakfast,5238345,Hotel,Valencia,1,1,€ 63,2019/08/05,2019/08/06,0,"9,4",14
Guest House Lebon,3124256,Hotel,Valencia,1,1,€ 35,2019/08/05,2019/08/06,0,7,14
Ciudad Ciencias- Lujo- Parking- Wi-Fi.,4999636,Apartamento,Valencia,1,1,€ 210,2019/08/05,2019/08/06,0,"9,8",14
Hermoso apartamento frente a la Universidad CEU,5278317,Apartamento,Valencia,1,1,€ 101,2019/08/05,2019/08/06,0,,14
Carrer de l'Escriptor Rafael Ferreres,4267645,Apartamento,Valencia,1,1,€ 75,2019/08/05,2019/08/06,0,"8,7",14
Marítim - Serrería Апартаменты,4899808,Apartamento,Valencia,1,1,€ 161,2019/08/05,2019/08/06,0,,14
Apartment in the Quart Towers II,4947694,Apartamento,Valencia,1,1,€ 135,2019/08/05,2019/08/06,0,,14
Colegio Mayor La Concepción,626558,Hotel,Valencia,1,1,€ 75,2019/08/05,2019/08/06,0,"8,7",14
Homestay & OLEE,4132920,Hotel,Valencia,1,1,€ 85,2019/08/05,2019/08/06,0,"7,4",14
Friendly Rentals Gimenez,1634242,Apartamento,Valencia,1,1,€ 125,2019/08/05,2019/08/06,0,"8,2",14
Purple Nest Hostel,25278,Hotel,Valencia,1,1,€ 57,2019/08/05,2019/08/06,0,8,14
Valencia Apartments,4367788,Apartamentos,Valencia,1,1,€ 96,2019/08/05,2019/08/06,0,"7,1",14
Olympia Flats,4212801,Hotel,Valencia,1,1,€ 55,2019/08/05,2019/08/06,0,"9,7",14
ValentiaApartments - MercadoCentral,4185241,Apartamentos,Valencia,1,1,€ 162,2019/08/05,2019/08/06,0,"8,7",14
Atico Ciutat Vella,3446230,Apartamentos,Valencia,1,1,€ 125,2019/08/05,2019/08/06,0,"8,4",14
Friendly Rentals Desplat,4120221,Apartamento,Valencia,1,1,NA,2019/08/05,2019/08/06,0,"8,2",14
Flatsforyou Ruzafa,3342696,Apartamentos,Valencia,1,1,€ 105,2019/08/05,2019/08/06,0,"8,8",14
SingularStays Parque Central,3054000,Apartamentos,Valencia,1,1,€ 332,2019/08/05,2019/08/06,0,"8,8",14
Jardín Botánico Hotel Boutique,93369,Hotel,Valencia,1,1,€ 91,2019/08/05,2019/08/06,3,"8,9",14
One Shot Colón 46,1394168,Hotel,Valencia,1,1,€ 105,2019/08/05,2019/08/06,3,"8,7",14
Travel Habitat Port Valencia.,4986124,Hotel,Valencia,1,1,NA,2019/08/05,2019/08/06,0,"9,7",14
Hotel Gabbeach,403586,Hotel,Valencia,1,1,€ 199,2019/08/05,2019/08/06,3,"8,4",14
Living Valencia - Olympia House,2215435,Apartamentos,Valencia,1,1,€ 217,2019/08/05,2019/08/06,0,"8,7",14
Flatsforyou Port,733673,Apartamentos,Valencia,1,1,€ 165,2019/08/05,2019/08/06,0,"8,5",14
Flatsforyou Sorolla House,403442,Apartamentos,Valencia,1,1,€ 140,2019/08/05,2019/08/06,0,"8,5",14
Apartments Madrina,3278589,Apartamentos,Valencia,1,1,€ 155,2019/08/05,2019/08/06,0,9,14
17 PLAZA AYUNTAMIENTO-CENTRO 6p.,4093819,Apartamento,Valencia,1,1,NA,2019/08/05,2019/08/06,0,,14
València Centre Torres de Quart,886289,Apartamentos,Valencia,1,1,€ 91,2019/08/05,2019/08/06,0,"8,9",14
Valenciaflats Ciudad de las Ciencias,93676,Apartamentos,Valencia,1,1,€ 156,2019/08/05,2019/08/06,0,"9,1",14
Citizentral Gascons,332095,Apartamentos,Valencia,1,1,€ 101,2019/08/05,2019/08/06,0,"8,7",14
Mon Suites Catedral,485679,Apartamentos,Valencia,1,1,€ 134,2019/08/05,2019/08/06,0,"9,2",14
Hotel Mediterraneo Valencia,92412,Hotel,Valencia,1,1,€ 136,2019/08/05,2019/08/06,3,"8,8",14
Petit Palace Ruzafa,90792,Hotel,Valencia,1,1,€ 144,2019/08/05,2019/08/06,3,"8,7",14
Petit Palace Plaza de la Reina,90443,Hotel,Valencia,1,1,€ 218,2019/08/05,2019/08/06,3,"8,7",14
Friendly Rentals Gimenez,1634242,Apartamento,Valencia,1,1,€ 125,2019/08/05,2019/08/06,0,"8,2",14
Mon Suites San Martin,2777545,Apartamentos,Valencia,1,1,€ 156,2019/08/05,2019/08/06,0,"9,4",14
New apartment near to the center,4062596,Apartamento,Valencia,1,1,NA,2019/08/05,2019/08/06,0,,14
Hi Valencia Apartments - Jorge Juan,2373701,Apartamento,Valencia,1,1,€ 183,2019/08/05,2019/08/06,0,"9,4",14
Apartamentos el Pilar,237104,Hotel,Valencia,1,1,€ 99,2019/08/05,2019/08/06,0,"7,9",14
Zerka Sendra,4657122,Hotel,Valencia,1,1,€ 310,2019/08/05,2019/08/06,0,"8,9",14
Disfruta - Enjoy Valencia Oceanografic,4121345,Hotel,Valencia,1,1,NA,2019/08/05,2019/08/06,0,"9,6",14
Mon Suites San Nicolas,4117225,Apartamentos,Valencia,1,1,€ 145,2019/08/05,2019/08/06,0,"9,1",14
MD Julio Antonio Apartment Center,3961049,Apartamento,Valencia,1,1,€ 385,2019/08/05,2019/08/06,0,"9,1",14
Valencia Luxury Mercado de Colón,2960845,Apartamentos,Valencia,1,1,€ 170,2019/08/05,2019/08/06,0,9,14
YourPlace apartments Mercado Central,2933554,Apartamentos,Valencia,1,1,€ 150,2019/08/05,2019/08/06,0,9,14
Live in Chianti Apartaments,2882632,Apartamentos,Valencia,1,1,€ 159,2019/08/05,2019/08/06,0,"9,1",14
Valencia Luxury Town Hall,866934,Hotel,Valencia,1,1,€ 160,2019/08/05,2019/08/06,0,"7,1",14
Pio XII Apartments Valencia,402080,Hotel,Valencia,1,1,€ 81,2019/08/05,2019/08/06,0,"8,5",14
Apartment in the Quart Towers II,4947694,Hotel,Valencia,1,1,€ 135,2019/08/05,2019/08/06,0,,14
Travel Habitat San Vicente,3573116,Apartamento,Valencia,1,1,NA,2019/08/05,2019/08/06,0,"8,2",14
Apartamentos Wallace,1698355,Apartamentos,Valencia,1,1,€ 115,2019/08/05,2019/08/06,0,"9,2",14
BUBUFLATS Mossén,1141763,Apartamentos,Valencia,1,1,€ 135,2019/08/05,2019/08/06,0,"8,9",14
Citizentral Juristas,1113127,Apartamentos,Valencia,1,1,€ 120,2019/08/05,2019/08/06,0,"9,2",14
BUBUFLATS / Mercat,783206,Apartamentos,Valencia,1,1,€ 130,2019/08/05,2019/08/06,0,"8,9",14
City Center Apartments,4426057,Hotel,Valencia,1,1,€ 108,2019/08/05,2019/08/06,0,"7,8",14
Valencia Apartments,4367788,Hotel,Valencia,1,1,€ 96,2019/08/05,2019/08/06,0,"7,1",14
Apartamento Ciudad de las Artes y las Ciencias,4353552,Hotel,Valencia,1,1,€ 135,2019/08/05,2019/08/06,0,"8,4",14
Atico Loft Ruzafa,3152977,Hotel,Valencia,1,1,NA,2019/08/05,2019/08/06,0,"9,7",14
Valenciaflats Centro Ciudad,18544,Apartamentos,Valencia,1,1,€ 110,2019/08/05,2019/08/06,0,"9,1",14
Apartamentos La más Bonita,2816245,Apartamentos,Valencia,1,1,€ 180,2019/08/05,2019/08/06,0,"9,1",14
Apartment Patacona Beach 11,3115195,Apartamento,Valencia,1,1,NA,2019/08/05,2019/08/06,0,,14
Barracart Apartments,2125836,Apartamentos,Valencia,1,1,€ 137,2019/08/05,2019/08/06,0,"9,6",14
Bubuflats Bubu 3,1014334,Apartamentos,Valencia,1,1,€ 135,2019/08/05,2019/08/06,0,"9,7",14
Suites by Eric Olsan (L),4287413,Hotel,Valencia,1,1,€ 140,2019/08/05,2019/08/06,0,"7,9",14
07 PLAZA DEL AYUNTAMIENTO - CENTRO 6personas,4093811,Hotel,Valencia,1,1,€ 239,2019/08/05,2019/08/06,0,,14
NWT Monserrat,3728842,Hotel,Valencia,1,1,€ 129,2019/08/05,2019/08/06,0,"7,1",14
Torres Quart,3702234,Hotel,Valencia,1,1,€ 123,2019/08/05,2019/08/06,0,"7,7",14
Las casitas de la playa,3177809,Hotel,Valencia,1,1,€ 214,2019/08/05,2019/08/06,0,"6,9",14
Ilunion Valencia 3,92818,Hotel,Valencia,1,1,€ 93,2019/08/05,2019/08/06,3,"7,9",14
B&B Hotel Valencia Ciudad de las Ciencias,92242,Hotel,Valencia,1,1,€ 71,2019/08/05,2019/08/06,3,"7,5",14
Hotel Beleret,94652,Hotel,Valencia,1,1,€ 67,2019/08/05,2019/08/06,3,"7,6",14
United Colors of Studios - Mercado Central,2574108,Hotel,Valencia,1,1,€ 89,2019/08/05,2019/08/06,0,"7,9",14
Flat El Porto - Valencia,3146159,Hotel,Valencia,1,1,NA,2019/08/05,2019/08/06,0,"9,6",14
MD Art Apartment Ruzafa,2550955,Hotel,Valencia,1,1,€ 387,2019/08/05,2019/08/06,0,"7,7",14
Apartment Valencia Denia,1968489,Hotel,Valencia,1,1,€ 99,2019/08/05,2019/08/06,0,"6,9",14
Expo Hotel Valencia,91223,Hotel,Valencia,1,1,€ 117,2019/08/05,2019/08/06,3,"7,6",14
Valencia Flat Rental Ruzafa Centelles,1890384,Apartamento,Valencia,1,1,NA,2019/08/05,2019/08/06,0,,14
Hotel Malcom and Barret,483261,Hotel,Valencia,1,1,€ 86,2019/08/05,2019/08/06,3,"8,7",14
Holiday Inn Express Ciudad de las Ciencias,96737,Hotel,Valencia,1,1,€ 149,2019/08/05,2019/08/06,3,8,14
La Paz Apartment,1687820,Hotel,Valencia,1,1,€ 250,2019/08/05,2019/08/06,0,8,14
ART & FLATS Pleno Centro Valencia,1554388,Hotel,Valencia,1,1,€ 180,2019/08/05,2019/08/06,0,"7,9",14
SHF Sevilla Loft,850157,Hotel,Valencia,1,1,€ 100,2019/08/05,2019/08/06,0,"7,4",14
Sweet Hotel Renasa,274818,Hotel,Valencia,1,1,€ 99,2019/08/05,2019/08/06,3,8,14
Casual Socarrat Valencia,5142800,Hotel,Valencia,1,1,€ 95,2019/08/05,2019/08/06,3,,14
Hotel Olympia Universidades,1301731,Hotel,Valencia,1,1,€ 79,2019/08/05,2019/08/06,3,"8,4",14
Happy Apartments Valencia – Lope de Vega,575582,Hotel,Valencia,1,1,€ 109,2019/08/05,2019/08/06,0,"8,1",14
Apartamento en Ciudad de las Artes y las Ciencias,2995983,Hotel,Valencia,1,1,NA,2019/08/05,2019/08/06,0,"9,7",14
Premium Apartments,486507,Hotel,Valencia,1,1,€ 119,2019/08/05,2019/08/06,0,"6,9",14
Hotel Kramer,91106,Hotel,Valencia,1,1,€ 86,2019/08/05,2019/08/06,3,"8,8",14
You & Co. Saler Beach boutique,4533007,Hotel,Valencia,1,1,€ 102,2019/08/05,2019/08/06,3,"9,3",14
NH Ciudad de Valencia,90729,Hotel,Valencia,1,1,€ 85,2019/08/05,2019/08/06,3,"8,1",14
NH Valencia Las Ciencias,90725,Hotel,Valencia,1,1,€ 87,2019/08/05,2019/08/06,3,8,14
Happy Apartments Valencia,456043,Hotel,Valencia,1,1,€ 109,2019/08/05,2019/08/06,0,"8,2",14
Les flors,3985046,Hotel,Valencia,1,1,€ 127,2019/08/05,2019/08/06,0,"8,9",14
Jardines del Turia - Espacioso apartamento,2734126,Hotel,Valencia,1,1,€ 206,2019/08/05,2019/08/06,0,"9,2",14
Flats Hondures,2194645,Hotel,Valencia,1,1,€ 165,2019/08/05,2019/08/06,0,9,14
Valenciaflats Mercado Central,307677,Hotel,Valencia,1,1,€ 110,2019/08/05,2019/08/06,0,9,14
Apartamento Bolseria 28,881275,Hotel,Valencia,1,1,NA,2019/08/05,2019/08/06,0,"9,6",14
Blanq Carmen Hotel,97069,Hotel,Valencia,1,1,€ 117,2019/08/05,2019/08/06,3,"8,7",14
Sorolla Centro,90896,Hotel,Valencia,1,1,€ 90,2019/08/05,2019/08/06,3,"9,1",14
Hotel San Lorenzo Boutique,1307718,Hotel,Valencia,1,1,€ 165,2019/08/05,2019/08/06,3,"8,6",14
Casual de las Artes Valencia,538056,Hotel,Valencia,1,1,€ 99,2019/08/05,2019/08/06,3,"8,4",14
Hotel Boutique Balandret,1281710,Hotel,Valencia,1,1,€ 181,2019/08/05,2019/08/06,3,"9,2",14
Hotel El Siglo,1741479,Hotel,Valencia,1,1,€ 106,2019/08/05,2019/08/06,3,"8,5",14
Suites by Eric Olsan (Florista),4726450,Hotel,Valencia,1,1,€ 108,2019/08/05,2019/08/06,0,"8,6",14
Apartment Sun & Light near the beach,4479540,Hotel,Valencia,1,1,€ 175,2019/08/05,2019/08/06,0,"8,4",14
Ilunion Aqua 3,92776,Hotel,Valencia,1,1,€ 95,2019/08/05,2019/08/06,3,"8,3",14
Catalonia Excelsior,90578,Hotel,Valencia,1,1,€ 130,2019/08/05,2019/08/06,3,"8,7",14
One Shot Colón 46,1394168,Hotel,Valencia,1,1,€ 105,2019/08/05,2019/08/06,3,"8,7",14
Zerka Centro,4425975,Hotel,Valencia,1,1,€ 208,2019/08/05,2019/08/06,0,"8,5",14
Calle Salado N 4,3464758,Hotel,Valencia,1,1,€ 111,2019/08/05,2019/08/06,0,"8,4",14
Perla Apartments,3146781,Hotel,Valencia,1,1,€ 126,2019/08/05,2019/08/06,0,"8,8",14
Burjassot Mestalla,3058627,Hotel,Valencia,1,1,€ 100,2019/08/05,2019/08/06,0,"8,7",14
Puerta de Serranos,2734333,Hotel,Valencia,1,1,€ 195,2019/08/05,2019/08/06,0,"8,7",14
Flatsforyou Turia,312207,Hotel,Valencia,1,1,€ 92,2019/08/05,2019/08/06,0,"8,7",14
Valenciaflats Centro Histórico,94781,Hotel,Valencia,1,1,€ 106,2019/08/05,2019/08/06,0,"8,7",14
Valenciaflats Torres de Serrano,17468,Hotel,Valencia,1,1,€ 129,2019/08/05,2019/08/06,0,"8,3",14
Disfruta - Enjoy Valencia Ruzafa,3890328,Hotel,Valencia,1,1,€ 149,2019/08/05,2019/08/06,0,"9,7",14
Best Valencia Beach Flat,3246772,Hotel,Valencia,1,1,€ 179,2019/08/05,2019/08/06,0,"7,1",14
Apartamentos Valencia Luxury Center,2011524,Hotel,Valencia,1,1,€ 130,2019/08/05,2019/08/06,0,"7,8",14
SHF Plaza de la Reina,1682520,Hotel,Valencia,1,1,€ 100,2019/08/05,2019/08/06,0,"7,7",14
Valencia Luxury Group Apartments,1648016,Hotel,Valencia,1,1,€ 180,2019/08/05,2019/08/06,0,"7,3",14
Friendly Rentals Messiaen,1634249,Hotel,Valencia,1,1,€ 120,2019/08/05,2019/08/06,0,"6,5",14
Valencia Boutique Plaza de la Reina,1541067,Hotel,Valencia,1,1,€ 85,2019/08/05,2019/08/06,0,8,14
Valencia Luxury La Paz,1107542,Hotel,Valencia,1,1,€ 220,2019/08/05,2019/08/06,0,"7,1",14
Kirei Apartment Calgary,4768322,Apartamento,Valencia,1,1,€ 126,2019/08/05,2019/08/06,0,"8,4",14
La Flamenca,818359,Hotel,Valencia,1,1,€ 65,2019/08/05,2019/08/06,0,"7,3",14
Your home at Valencia- Ruzafa,3809623,Apartamento,Valencia,1,1,NA,2019/08/05,2019/08/06,0,"9,4",14
Home Youth Hostel by Feetup Hostels,189322,Hotel,Valencia,1,1,€ 138,2019/08/05,2019/08/06,0,"8,8",14
Valencia City Host,1177077,Hotel,Valencia,1,1,€ 55,2019/08/05,2019/08/06,0,"7,9",14
Homestay & OLEE,4132920,Hotel,Valencia,1,1,€ 85,2019/08/05,2019/08/06,0,"7,4",14
Apartamento Torres,4058792,Apartamento,Valencia,1,1,€ 150,2019/08/05,2019/08/06,0,"8,8",14
Guest House Lebon,3124256,Hotel,Valencia,1,1,€ 35,2019/08/05,2019/08/06,0,7,14
Kirei Apartment Vienna,4639797,Apartamento,Valencia,1,1,€ 115,2019/08/05,2019/08/06,0,,14
Like Apartments Negrito,403555,Apartamentos,Valencia,1,1,NA,2019/08/05,2019/08/06,0,"7,9",14
Central Station Valencia Hostel,1647017,Hotel,Valencia,1,1,€ 79,2019/08/05,2019/08/06,0,"7,1",14
Balcón Al Mar,295109,Hotel,Valencia,1,1,€ 76,2019/08/05,2019/08/06,0,"8,4",14
Kirei Apartment San Vicente,1774062,Apartamento,Valencia,1,1,€ 121,2019/08/05,2019/08/06,0,"7,6",14
L'Otelet By Sweet,1467935,Hotel,Valencia,1,1,€ 64,2019/08/05,2019/08/06,0,"8,3",14
Kirei Apartment Dublin,4639542,Apartamento,Valencia,1,1,€ 126,2019/08/05,2019/08/06,0,,14
Checkin Valencia,93743,Hotel,Valencia,1,1,€ 89,2019/08/05,2019/08/06,4,"7,8",14
Torres Quart,3702234,Apartamentos,Valencia,1,1,€ 123,2019/08/05,2019/08/06,0,"7,7",14
