name,propertyId,propertyType,city,rooms,days,price,checkIn,checkOut,stars,score,advance
Suites by Eric Olsan (Peset),4726296,Apartamentos,Valencia,1,1,€ 111,2019/08/27,2019/08/28,0,"7,7",30
Cosy Rooms Tapinería,371192,Hotel,Valencia,1,1,€ 117,2019/08/27,2019/08/28,2,"7,5",30
Apartamento en Ciudad de las Artes y las Ciencias,2995983,Apartamento,Valencia,1,1,NA,2019/08/27,2019/08/28,0,"9,7",30
Plaza Sainetero 5,3148458,Apartamento,Valencia,1,1,€ 119,2019/08/27,2019/08/28,0,"7,8",30
Valencia Lounge Hostel,337203,Hotel,Valencia,1,1,€ 120,2019/08/27,2019/08/28,0,"7,8",30
Kirei Apartment San Vicente,1774062,Apartamento,Valencia,1,1,€ 121,2019/08/27,2019/08/28,0,"7,5",30
Torres Quart,3702234,Apartamentos,Valencia,1,1,€ 123,2019/08/27,2019/08/28,0,"7,7",30
Apartamento Alguer,4005334,Apartamento,Valencia,1,1,€ 135,2019/08/27,2019/08/28,0,"7,5",30
El 16 Ruzafa,865461,Apartamentos,Valencia,1,1,€ 144,2019/08/27,2019/08/28,0,"7,7",30
Arts Sciences Apartment,2228062,Apartamento,Valencia,1,1,NA,2019/08/27,2019/08/28,0,"9,7",30
Valencia Luxury Central Market,1078335,Apartamentos,Valencia,1,1,€ 159,2019/08/27,2019/08/28,0,"7,5",30
Valencia Luxury Attics Ayuntamiento,337092,Apartamentos,Valencia,1,1,€ 170,2019/08/27,2019/08/28,0,"7,5",30
ART & FLATS Pleno Centro Valencia,1554388,Apartamentos,Valencia,1,1,€ 174,2019/08/27,2019/08/28,0,"7,9",30
El Globo,24498,Hotel,Valencia,1,1,€ 180,2019/08/27,2019/08/28,1,"7,8",30
City Center Apartment,5084891,Apartamento,Valencia,1,1,€ 190,2019/08/27,2019/08/28,0,"7,8",30
MD Art Apartment Ruzafa,2550955,Apartamento,Valencia,1,1,€ 387,2019/08/27,2019/08/28,0,"7,7",30
ÁTICO EN EL CENTRO DE VALENCIA VT-45939-T,4752815,Apartamento,Valencia,1,1,NA,2019/08/27,2019/08/28,0,"9,5",30
MD Abastos Center,2551194,Apartamento,Valencia,1,1,€ 455,2019/08/27,2019/08/28,0,"7,7",30
MD Oliag I Apartment Ruzafa,2867488,Apartamento,Valencia,1,1,€ 513,2019/08/27,2019/08/28,0,"7,7",30
La Casa Del Colibri Youth Hostel,2094497,Hotel,Valencia,1,1,€ 1.118,2019/08/27,2019/08/28,0,"7,9",30
Guest House Samuel Ros,4161855,Hotel,Valencia,1,1,€ 45,2019/08/27,2019/08/28,0,"7,4",30
Hostal Residencial RR,450746,Hotel,Valencia,1,1,€ 50,2019/08/27,2019/08/28,0,7,30
Ruzafa Rooms,2891693,Hotel,Valencia,1,1,€ 51,2019/08/27,2019/08/28,0,7,30
El Corazon de Canovas,2634817,Apartamento,Valencia,1,1,NA,2019/08/27,2019/08/28,0,"9,7",30
Centro & Viaje,4215175,Hotel,Valencia,1,1,€ 68,2019/08/27,2019/08/28,0,"7,4",30
Centro Valencia Calle Cerrajeros,3476261,Hotel,Valencia,1,1,€ 75,2019/08/27,2019/08/28,0,7,30
Central Station Valencia Hostel,1647017,Hotel,Valencia,1,1,€ 79,2019/08/27,2019/08/28,0,"7,1",30
HOSTAL BED OF THE SEA,3974636,Hotel,Valencia,1,1,€ 82,2019/08/27,2019/08/28,0,7,30
Homestay & OLEE,4132920,Hotel,Valencia,1,1,€ 85,2019/08/27,2019/08/28,0,"7,4",30
Cosy Rooms Embajador,369728,Hotel,Valencia,1,1,€ 89,2019/08/27,2019/08/28,2,"7,4",30
Doctor Oloriz-31-9,3397673,Apartamento,Valencia,1,1,NA,2019/08/27,2019/08/28,0,"9,9",30
Avenida del Cid (Centrico),4737683,Apartamento,Valencia,1,1,€ 89,2019/08/27,2019/08/28,0,"7,3",30
Valencia Apartments,4367788,Apartamentos,Valencia,1,1,€ 96,2019/08/27,2019/08/28,0,"7,1",30
Malvarrosa Beach Rooms,314048,Hotel,Valencia,1,1,€ 100,2019/08/27,2019/08/28,2,"7,1",30
Kirei Apartment Na Jordana,1702092,Apartamentos,Valencia,1,1,€ 110,2019/08/27,2019/08/28,0,7,30
Suites by Eric Olsan (L),4287413,Apartamentos,Valencia,1,1,€ 111,2019/08/27,2019/08/28,0,"7,4",30
Bonito apartamento en Valencia!,3646923,Apartamentos,Valencia,1,1,€ 116,2019/08/27,2019/08/28,0,"7,4",30
New apartment bioparc,4316710,Apartamento,Valencia,1,1,NA,2019/08/27,2019/08/28,0,"9,5",30
B&B El Mercat,2203530,Hotel,Valencia,1,1,€ 120,2019/08/27,2019/08/28,0,"7,3",30
Valencia Apartmans El Carmen,847910,Apartamentos,Valencia,1,1,€ 123,2019/08/27,2019/08/28,0,"7,3",30
NWT Monserrat,3728842,Apartamentos,Valencia,1,1,€ 129,2019/08/27,2019/08/28,0,"7,1",30
Valencia Luxury Catedral,440778,Apartamentos,Valencia,1,1,€ 170,2019/08/27,2019/08/28,0,"7,2",30
Valencia Boutique Ayuntamiento,343355,Apartamentos,Valencia,1,1,€ 200,2019/08/27,2019/08/28,0,"7,2",30
Valencia Boutique Ciencias,387785,Apartamentos,Valencia,1,1,€ 235,2019/08/27,2019/08/28,0,"7,3",30
MD Villalonga Malvarosa Beach,3739661,Apartamento,Valencia,1,1,€ 350,2019/08/27,2019/08/28,0,"7,4",30
Premium Apartments,486507,Apartamentos,Valencia,1,1,€ 129,2019/08/27,2019/08/28,0,"6,9",30
Las casitas de la playa,3177809,Apartamentos,Valencia,1,1,€ 188,2019/08/27,2019/08/28,0,"6,9",30
Apartamento para 10 personas,5029963,Apartamento,Valencia,1,1,€ 200,2019/08/27,2019/08/28,0,"6,8",30
Malvarrosa Beach,3546692,Casas y chalets,Valencia,1,1,€ 1.260,2019/08/27,2019/08/28,0,"6,9",30
Fun and Sun Center 2,2944416,Hotel,Valencia,1,1,€ 45,2019/08/27,2019/08/28,0,"6,2",30
Casita Esmeralda,2040126,Casa o chalet,Valencia,1,1,€ 154,2019/08/27,2019/08/28,0,"6,4",30
Kirei Apartment San Agustin,1712323,Apartamentos,Valencia,1,1,€ 184,2019/08/27,2019/08/28,0,"6,4",30
RoomTuristValencia - Ruzafa,4608394,Hotel,Valencia,1,1,€ 35,2019/08/27,2019/08/28,0,"5,9",30
Ruzafa Guesthouse,2269176,Hotel,Valencia,1,1,€ 40,2019/08/27,2019/08/28,0,"5,6",30
Carrer del Bisbe Jaume Pérez,4900140,Hotel,Valencia,1,1,€ 60,2019/08/27,2019/08/28,0,"5,8",30
Home Sweet Home,1223953,Hotel,Valencia,1,1,€ 60,2019/08/27,2019/08/28,0,"5,6",30
Kirei Apartment Berlin,4504570,Apartamentos,Valencia,1,1,€ 127,2019/08/27,2019/08/28,0,"5,7",30
RoomTuristValencia Estacion del Norte,4682632,Hotel,Valencia,1,1,€ 40,2019/08/27,2019/08/28,0,"5,4",30
Flat El Porto - Valencia,3146159,Apartamentos,Valencia,1,1,NA,2019/08/27,2019/08/28,0,"9,6",30
Guesthouse Plaza de Toros,2985902,Hotel,Valencia,1,1,€ 48,2019/08/27,2019/08/28,0,5,30
Guest House Duc de Gaeta,2275007,Hotel,Valencia,1,1,€ 48,2019/08/27,2019/08/28,0,"5,1",30
Guest House Torres de Quart,2275006,Hotel,Valencia,1,1,€ 50,2019/08/27,2019/08/28,0,"5,4",30
RoomTuristValencia RuzafaSumsi,4682802,Hotel,Valencia,1,1,€ 50,2019/08/27,2019/08/28,0,5,30
Guest House Ruzafa,2324552,Hotel,Valencia,1,1,€ 55,2019/08/27,2019/08/28,0,"5,3",30
RoomTuristValencia Torres de Quart,4565643,Hotel,Valencia,1,1,€ 35,2019/08/27,2019/08/28,0,"4,8",30
JL Ciudad de las Artes,3074378,Apartamento,Valencia,1,1,NA,2019/08/27,2019/08/28,0,"9,6",30
Kirei Apartment Atlanta,4304662,Apartamento,Valencia,1,1,€ 208,2019/08/27,2019/08/28,0,"4,5",30
Apartamento Islas Canarias,2304086,Apartamento,Valencia,1,1,€ 84,2019/08/27,2019/08/28,0,4,30
Big sunny room.,5333222,Hotel,Valencia,1,1,€ 46,2019/08/27,2019/08/28,0,,30
HABITACIÓN PRIVADA EN RUZAFA,4948581,Hotel,Valencia,1,1,€ 51,2019/08/27,2019/08/28,0,,30
Hogar Dulce Hogar,5426607,Hotel,Valencia,1,1,€ 60,2019/08/27,2019/08/28,0,,30
vosotros sereis parte de mi familia.,5299568,Hotel,Valencia,1,1,€ 60,2019/08/27,2019/08/28,0,,30
Apartamento en Ciudad de las Artes y las Ciencias,2995983,Apartamento,Valencia,1,1,NA,2019/08/27,2019/08/28,0,"9,7",30
Blanq Comedias,4922002,Hotel,Valencia,1,1,€ 68,2019/08/27,2019/08/28,0,,30
Estrella de russafa,5352439,Hotel,Valencia,1,1,€ 70,2019/08/27,2019/08/28,0,,30
Rooms El Picolino,5326859,Hotel,Valencia,1,1,€ 75,2019/08/27,2019/08/28,0,,30
Casita bonita con piscina y jardin,5294677,Hotel,Valencia,1,1,€ 75,2019/08/27,2019/08/28,0,,30
Acogedor apartamento en zona universitaria y playa,5414090,Casa o chalet,Valencia,1,1,€ 86,2019/08/27,2019/08/28,0,,30
Miresa flats 2.1A,5399747,Apartamento,Valencia,1,1,€ 90,2019/08/27,2019/08/28,0,,30
Casa La Buhardilla,2985364,Apartamento,Valencia,1,1,NA,2019/08/27,2019/08/28,0,"9,6",30
Calle de Frederica Montseny 'Política' Casa o chalet,5152866,Casa o chalet,Valencia,1,1,€ 100,2019/08/27,2019/08/28,0,,30
Casual Socarrat Valencia,5142800,Hotel,Valencia,1,1,€ 101,2019/08/27,2019/08/28,3,,30
Comfort Homestay,5423155,Hotel,Valencia,1,1,€ 105,2019/08/27,2019/08/28,0,,30
Loft Turia Gran,5133726,Apartamento,Valencia,1,1,€ 113,2019/08/27,2019/08/28,0,,30
Miresa flats,5300418,Apartamento,Valencia,1,1,€ 125,2019/08/27,2019/08/28,0,,30
Welcome to Valencia Peset Aleixandre 135,5047732,Apartamento,Valencia,1,1,€ 125,2019/08/27,2019/08/28,0,,30
El Corazon de Canovas,2634817,Apartamento,Valencia,1,1,NA,2019/08/27,2019/08/28,0,"9,7",30
Old Town Flats Casa Burguerini,4552106,Apartamentos,Valencia,1,1,€ 137,2019/08/27,2019/08/28,0,,30
PLENO CENTRO (P24),4093891,Apartamento,Valencia,1,1,€ 209,2019/08/27,2019/08/28,0,,30
MD POETA ANDRES CABRELLES,5385067,Apartamento,Valencia,1,1,€ 231,2019/08/27,2019/08/28,0,,30
MD Manuela Estellés,5386542,Apartamento,Valencia,1,1,€ 231,2019/08/27,2019/08/28,0,,30
MD Rafael Janini I,5386102,Apartamento,Valencia,1,1,€ 231,2019/08/27,2019/08/28,0,,30
MD Arquitecto Gascó,5385054,Apartamento,Valencia,1,1,€ 231,2019/08/27,2019/08/28,0,,30
Apartment Cisneros 2,2361375,Apartamento,Valencia,1,1,NA,2019/08/27,2019/08/28,0,"9,7",30
Espaciosa y cómoda vivienda,5342327,Apartamento,Valencia,1,1,€ 238,2019/08/27,2019/08/28,0,,30
17 PLAZA AYUNTAMIENTO-CENTRO 6p.,4093819,Apartamento,Valencia,1,1,€ 239,2019/08/27,2019/08/28,0,,30
07 PLAZA DEL AYUNTAMIENTO - CENTRO 6personas,4093811,Apartamento,Valencia,1,1,€ 239,2019/08/27,2019/08/28,0,,30
Apartamento con terraza,5238122,Apartahotel,Valencia,1,1,€ 240,2019/08/27,2019/08/28,0,,30
Tomatina Apartamento - Valencia,3234082,Apartamentos,Valencia,1,1,€ 245,2019/08/27,2019/08/28,0,,30
27 PLAZA AYUNTAMIENTO-CENTRO 6p.,4093831,Apartamento,Valencia,1,1,€ 254,2019/08/27,2019/08/28,0,,30
Aloha Apartment Center Valencia,3101443,Apartamento,Valencia,1,1,€ 350,2019/08/27,2019/08/28,0,,30
MD PASEO RUZAFA CENTER,5374850,Apartamento,Valencia,1,1,€ 502,2019/08/27,2019/08/28,0,,30
Governor Residence,3799760,Apartahotel,Valencia,1,1,€ 600,2019/08/27,2019/08/28,0,,30
Gulet Why Not,5199364,Hotel,Valencia,1,1,€ 3.600,2019/08/27,2019/08/28,0,,30
SH Valencia Palace,91497,Hotel,Valencia,1,1,€ 140,2019/08/27,2019/08/28,5,"8,5",30
Ilunion Aqua 4,92777,Hotel,Valencia,1,1,€ 141,2019/08/27,2019/08/28,4,"8,5",30
Apartamento centro frente a Torres de Serrano,3408067,Apartamento,Valencia,1,1,NA,2019/08/27,2019/08/28,0,"9,5",30
One Shot Palacio Reina Victoria 04,90885,Hotel,Valencia,1,1,€ 143,2019/08/27,2019/08/28,4,"8,6",30
Casual Vintage Valencia,1710241,Hotel,Valencia,1,1,€ 144,2019/08/27,2019/08/28,2,"8,5",30
Petit Palace Ruzafa,90792,Hotel,Valencia,1,1,€ 144,2019/08/27,2019/08/28,3,"8,7",30
Vincci Palace,94163,Hotel,Valencia,1,1,€ 144,2019/08/27,2019/08/28,4,"8,6",30
Casual del Cine Valencia,572187,Hotel,Valencia,1,1,€ 149,2019/08/27,2019/08/28,2,"8,6",30
Vincci Lys,91183,Hotel,Valencia,1,1,€ 153,2019/08/27,2019/08/28,4,"8,9",30
Barracart Apartments,2125836,Apartamentos,Valencia,1,1,NA,2019/08/27,2019/08/28,0,"9,6",30
ValentiaApartments - MercadoCentral,4185241,Apartamentos,Valencia,1,1,€ 160,2019/08/27,2019/08/28,0,"8,7",30
Boutique Creative Rooms,2334726,Hotel,Valencia,1,1,€ 162,2019/08/27,2019/08/28,0,"8,7",30
Hospes Palau de La Mar,93823,Hotel,Valencia,1,1,€ 167,2019/08/27,2019/08/28,5,"8,8",30
Cathedral Suites Hotel,1736257,Apartahotel,Valencia,1,1,€ 169,2019/08/27,2019/08/28,4,"8,9",30
Puerta de Serranos,2734333,Apartamentos,Valencia,1,1,€ 195,2019/08/27,2019/08/28,0,"8,8",30
The Westin Valencia,93321,Hotel,Valencia,1,1,€ 198,2019/08/27,2019/08/28,5,"8,7",30
Colón Market Downtown,4607745,Apartamento,Valencia,1,1,NA,2019/08/27,2019/08/28,0,"9,7",30
Flatsforyou Marina,1793012,Apartamentos,Valencia,1,1,€ 200,2019/08/27,2019/08/28,0,"8,7",30
Zerka Centro,4425975,Apartamentos,Valencia,1,1,€ 208,2019/08/27,2019/08/28,0,"8,5",30
SingularStays Parque Central,3054000,Apartamentos,Valencia,1,1,€ 235,2019/08/27,2019/08/28,0,"8,8",30
Mar & City Apartment,3456759,Apartamento,Valencia,1,1,€ 330,2019/08/27,2019/08/28,0,"8,9",30
B&B Hi Valencia Canovas,305349,Hotel,Valencia,1,1,€ 118,2019/08/27,2019/08/28,0,"8,4",30
APARTAMENTO LAS MELLIZAS,4651578,Hotel,Valencia,1,1,€ 59,2019/08/27,2019/08/28,0,"8,4",30
Apartamento en Ciudad de las Artes y las Ciencias,2995983,Apartamento,Valencia,1,1,NA,2019/08/27,2019/08/28,0,"9,7",30
Apartamento Privado Próximo a Playa y Ciencias,3783163,Apartamento,Valencia,1,1,€ 119,2019/08/27,2019/08/28,0,"8,1",30
Hotel Valencia Center,91285,Hotel,Valencia,1,1,€ 119,2019/08/27,2019/08/28,4,"8,4",30
Valenciaflats Torres de Serrano,17468,Apartamentos,Valencia,1,1,€ 120,2019/08/27,2019/08/28,0,"8,3",30
Friendly Rentals Puerto Deportivo,2317861,Apartamentos,Valencia,1,1,€ 120,2019/08/27,2019/08/28,0,"8,2",30
Apartment Florista,2150187,Apartamento,Valencia,1,1,€ 125,2019/08/27,2019/08/28,0,8,30
Apartamentos Plaza Picasso,97063,Apartamentos,Valencia,1,1,€ 125,2019/08/27,2019/08/28,0,"8,4",30
Casa La Buhardilla,2985364,Apartamento,Valencia,1,1,NA,2019/08/27,2019/08/28,0,"9,6",30
Hotel Miramar,23332,Hotel,Valencia,1,1,€ 126,2019/08/27,2019/08/28,2,"8,4",30
United Colors of Apartments - Catedral,1301545,Apartamentos,Valencia,1,1,€ 130,2019/08/27,2019/08/28,0,"8,2",30
Quart Youth Hostel,476418,Hotel,Valencia,1,1,€ 969,2019/08/27,2019/08/28,0,"8,7",30
HOSPEDAJE PESET,4718074,Hotel,Valencia,1,1,€ 50,2019/08/27,2019/08/28,0,"8,2",30
Apartamento,3139431,Apartamento,Valencia,1,1,NA,2019/08/27,2019/08/28,0,"9,5",30
Pension MonaLisa Luxury Suites,3834224,Hotel,Valencia,1,1,€ 60,2019/08/27,2019/08/28,0,"8,2",30
Room in apartment,3701648,Hotel,Valencia,1,1,€ 130,2019/08/27,2019/08/28,0,8,30
Apartamentos Sollana 18 Cerca de les Arts i les Ciencies Valencia- FREE WI-FI,5232423,Apartamento,Valencia,1,1,€ 130,2019/08/27,2019/08/28,0,"8,2",30
Sweet Hotel Continental,93856,Hotel,Valencia,1,1,€ 134,2019/08/27,2019/08/28,2,"8,3",30
Hotel Conqueridor,91047,Hotel,Valencia,1,1,€ 135,2019/08/27,2019/08/28,4,"8,4",30
El Corazon de Canovas,2634817,Apartamento,Valencia,1,1,NA,2019/08/27,2019/08/28,0,"9,7",30
Reina 12,1684198,Hotel,Valencia,1,1,€ 60,2019/08/27,2019/08/28,0,"8,3",30
L'Otelet By Sweet,1467935,Hotel,Valencia,1,1,€ 64,2019/08/27,2019/08/28,0,"8,3",30
Hotel Villacarlos,90730,Hotel,Valencia,1,1,€ 72,2019/08/27,2019/08/28,3,8,30
Apartamento Ciudad de las Artes y las Ciencias,4353552,Apartamento,Valencia,1,1,€ 135,2019/08/27,2019/08/28,0,"8,4",30
Urban Youth Hostel,1163025,Hotel,Valencia,1,1,€ 135,2019/08/27,2019/08/28,0,"8,4",30
Atico Duplex en el Carmen,2954876,Apartamento,Valencia,1,1,€ 145,2019/08/27,2019/08/28,0,"8,4",30
SH Ingles Boutique Hotel,92956,Hotel,Valencia,1,1,€ 158,2019/08/27,2019/08/28,4,"8,4",30
Friendly Rentals Abad,1634238,Apartamento,Valencia,1,1,€ 160,2019/08/27,2019/08/28,0,"8,2",30
Living Valencia -Correos,3062274,Apartamentos,Valencia,1,1,€ 160,2019/08/27,2019/08/28,0,"8,4",30
Apartment Cisneros 2,2361375,Apartamento,Valencia,1,1,NA,2019/08/27,2019/08/28,0,"9,7",30
Alquiler Habitacion Centro De Valencia,3977106,Hotel,Valencia,1,1,€ 72,2019/08/27,2019/08/28,0,"8,1",30
Dormavalencia Hostel Regne,291755,Hotel,Valencia,1,1,€ 75,2019/08/27,2019/08/28,1,8,30
Casa Calle Conquista,4691493,Apartamento,Valencia,1,1,NA,2019/08/27,2019/08/28,0,"9,6",30
Tryp Valencia Feria,92852,Hotel,Valencia,1,1,€ 77,2019/08/27,2019/08/28,4,"8,3",30
Rio Turia Skatehouse,4624602,Apartamento,Valencia,1,1,€ 81,2019/08/27,2019/08/28,0,"8,1",30
Hotel Neptuno,91206,Hotel,Valencia,1,1,€ 162,2019/08/27,2019/08/28,4,"8,4",30
Friendly Rentals Verdi,1634232,Apartamento,Valencia,1,1,€ 170,2019/08/27,2019/08/28,0,"8,1",30
CENTRO VALENCIA NUEVO (38),4093876,Apartamento,Valencia,1,1,€ 176,2019/08/27,2019/08/28,0,"8,3",30
NWT Central Station Apartments,3964093,Apartamento,Valencia,1,1,€ 189,2019/08/27,2019/08/28,0,"8,4",30
Ilunion Aqua 3,92776,Hotel,Valencia,1,1,€ 82,2019/08/27,2019/08/28,3,"8,3",30
MD Modern Hotel - Jardines,305447,Hotel,Valencia,1,1,€ 95,2019/08/27,2019/08/28,1,"8,2",30
Primus Valencia,331871,Hotel,Valencia,1,1,€ 95,2019/08/27,2019/08/28,4,"8,3",30
Musico Peydro Apartments,3765069,Apartamentos,Valencia,1,1,€ 236,2019/08/27,2019/08/28,0,"8,2",30
MD Benlliure Beach.,1957258,Apartamento,Valencia,1,1,€ 392,2019/08/27,2019/08/28,0,8,30
Arts Sciences Apartment,2228062,Apartamento,Valencia,1,1,NA,2019/08/27,2019/08/28,0,"9,7",30
MD Vila Barbera Apartment Center,1957253,Apartamento,Valencia,1,1,€ 528,2019/08/27,2019/08/28,0,"8,3",30
Adrian's House,2271869,Hotel,Valencia,1,1,€ 38,2019/08/27,2019/08/28,0,"7,8",30
Apart and Benef,2291245,Hotel,Valencia,1,1,€ 40,2019/08/27,2019/08/28,0,"7,7",30
Hotel Sercotel Acteón Valencia,90495,Hotel,Valencia,1,1,€ 97,2019/08/27,2019/08/28,4,"8,4",30
Lounge by the sea,4756780,Apartamento,Valencia,1,1,NA,2019/08/27,2019/08/28,0,"9,8",30
SHF Flats Baron,1033085,Apartamentos,Valencia,1,1,€ 99,2019/08/27,2019/08/28,0,8,30
Happy Apartments Valencia,456043,Apartamentos,Valencia,1,1,€ 99,2019/08/27,2019/08/28,0,"8,2",30
Valencia Boutique Plaza de la Reina,1541067,Apartamentos,Valencia,1,1,€ 100,2019/08/27,2019/08/28,0,8,30
Albergue Juvenil Colegio Mayor Galileo Galilei,253103,Hotel,Valencia,1,1,€ 50,2019/08/27,2019/08/28,0,"7,9",30
PISO ACOGEDOR,4995780,Hotel,Valencia,1,1,€ 50,2019/08/27,2019/08/28,0,"7,5",30
Habitación San Cayetano,4624401,Hotel,Valencia,1,1,€ 50,2019/08/27,2019/08/28,0,"7,6",30
So de Mar,2204496,Apartamento,Valencia,1,1,NA,2019/08/27,2019/08/28,0,"9,6",30
City Suites Apartments,3091106,Hotel,Valencia,1,1,€ 102,2019/08/27,2019/08/28,0,"8,4",30
Ilunion Valencia 4,754329,Hotel,Valencia,1,1,€ 103,2019/08/27,2019/08/28,4,8,30
Casual de las Artes Valencia,538056,Hotel,Valencia,1,1,€ 104,2019/08/27,2019/08/28,3,"8,4",30
Voyagers Inn Homestay,2682156,Hotel,Valencia,1,1,€ 51,2019/08/27,2019/08/28,0,"7,8",30
Como en casa,4802186,Hotel,Valencia,1,1,€ 54,2019/08/27,2019/08/28,0,"7,9",30
Valencia City Host,1177077,Hotel,Valencia,1,1,€ 56,2019/08/27,2019/08/28,0,"7,9",30
Valencian Dreams Lonja,4757385,Apartamento,Valencia,1,1,€ 90,2019/08/27,2019/08/28,0,"9,7",30
Opera House Valencia B&B,3533887,Hotel,Valencia,1,1,€ 118,2019/08/27,2019/08/28,0,"9,5",30
VALENCIA APARTAMENTO GOYA,4256653,Apartamento,Valencia,1,1,NA,2019/08/27,2019/08/28,0,10,30
Ramirez Flats & Bar,4124528,Apartahotel,Valencia,1,1,€ 135,2019/08/27,2019/08/28,0,"9,5",30
Bubuflats Bubu 3,1014334,Apartamento,Valencia,1,1,€ 135,2019/08/27,2019/08/28,0,"9,6",30
Hostal Penalty,189209,Hotel,Valencia,1,1,€ 62,2019/08/27,2019/08/28,1,"7,9",30
Hotel Beleret,94652,Hotel,Valencia,1,1,€ 67,2019/08/27,2019/08/28,3,"7,6",30
Jero Rooms,296743,Hotel,Valencia,1,1,€ 73,2019/08/27,2019/08/28,0,"7,7",30
Hotel Turia,14441,Hotel,Valencia,1,1,€ 75,2019/08/27,2019/08/28,4,"7,5",30
Apartamentos Abastos,1044426,Apartamentos,Valencia,1,1,€ 80,2019/08/27,2019/08/28,0,"7,5",30
Expo Hotel Valencia,91223,Hotel,Valencia,1,1,€ 81,2019/08/27,2019/08/28,3,"7,6",30
Disfruta - Enjoy Valencia Centre,3881970,Apartamento,Valencia,1,1,€ 185,2019/08/27,2019/08/28,0,"9,8",30
Valencia Sol Sun,2482393,Apartamento,Valencia,1,1,€ 189,2019/08/27,2019/08/28,0,"9,5",30
Art&Flats Bed&Breakfast,5238345,Hotel,Valencia,1,1,€ 20,2019/08/27,2019/08/28,0,"9,4",30
Habitación privada a 1500 metros de la playa,3789910,Hotel,Valencia,1,1,€ 60,2019/08/27,2019/08/28,0,"9,4",30
Hostal Antigua Morellana,1273937,Hotel,Valencia,1,1,NA,2019/08/27,2019/08/28,1,"9,5",30
Host & Home,1663785,Hotel,Valencia,1,1,€ 85,2019/08/27,2019/08/28,0,9,30
You & Co. Saler Beach boutique,4533007,Hotel,Valencia,1,1,€ 102,2019/08/27,2019/08/28,3,9,30
Apartamentos Edificio Palomar,189277,Apartamentos,Valencia,1,1,€ 104,2019/08/27,2019/08/28,0,"9,2",30
Una Ubicacion Perfecta,3114164,Apartamentos,Valencia,1,1,€ 105,2019/08/27,2019/08/28,0,"9,1",30
Sol Playa,12656,Hotel,Valencia,1,1,€ 107,2019/08/27,2019/08/28,2,"8,3",30
NH Valencia Center,90727,Hotel,Valencia,1,1,€ 107,2019/08/27,2019/08/28,4,"8,3",30
NH Ciudad de Valencia,90729,Hotel,Valencia,1,1,€ 107,2019/08/27,2019/08/28,3,"8,1",30
UP Hostel Valencia,1710137,Hotel,Valencia,1,1,€ 82,2019/08/27,2019/08/28,0,"7,8",30
Ilunion Valencia 3,92818,Hotel,Valencia,1,1,€ 83,2019/08/27,2019/08/28,3,"7,9",30
Casual Civilizaciones Valencia,449777,Hotel,Valencia,1,1,€ 86,2019/08/27,2019/08/28,0,"7,9",30
MD Design Hotel - Portal del Real,2391685,Hotel,Valencia,1,1,€ 107,2019/08/27,2019/08/28,2,"9,1",30
apartamento las torres-botanico,4694090,Apartamento,Valencia,1,1,€ 108,2019/08/27,2019/08/28,0,9,30
L'Esplai Valencia Bed & Breakfast,1282556,Hotel,Valencia,1,1,NA,2019/08/27,2019/08/28,0,"9,6",30
SEA YOU HOTEL PORT VALENCIA,92328,Hotel,Valencia,1,1,€ 88,2019/08/27,2019/08/28,4,"7,6",30
United Colors of Studios - Mercado Central,2574108,Apartamentos,Valencia,1,1,€ 89,2019/08/27,2019/08/28,0,"7,9",30
B&B Hotel Valencia Ciudad de las Ciencias,92242,Hotel,Valencia,1,1,€ 92,2019/08/27,2019/08/28,3,"7,5",30
Checkin Valencia,93743,Hotel,Valencia,1,1,€ 98,2019/08/27,2019/08/28,4,"7,8",30
SHF Plaza de la Reina,1682520,Apartamentos,Valencia,1,1,€ 100,2019/08/27,2019/08/28,0,"7,7",30
Eurostars Gran Valencia,90484,Hotel,Valencia,1,1,€ 107,2019/08/27,2019/08/28,4,"8,3",30
Hotel Medium Valencia,96838,Hotel,Valencia,1,1,€ 108,2019/08/27,2019/08/28,4,"8,2",30
Hotel Olympia Universidades,1301731,Hotel,Valencia,1,1,€ 109,2019/08/27,2019/08/28,3,"8,4",30
Atico Ciutat Vella,3446230,Apartamentos,Valencia,1,1,€ 110,2019/08/27,2019/08/28,0,"8,4",30
Preciosos Apartamentos en el Carmen,2918345,Apartamentos,Valencia,1,1,€ 110,2019/08/27,2019/08/28,0,"8,1",30
NH Valencia Las Artes,90731,Hotel,Valencia,1,1,€ 110,2019/08/27,2019/08/28,4,"8,3",30
Sweet Hotel Renasa,274818,Hotel,Valencia,1,1,€ 114,2019/08/27,2019/08/28,3,8,30
ABCyou Bed&Breakfast,189207,Hotel,Valencia,1,1,€ 114,2019/08/27,2019/08/28,0,"8,4",30
Hotel Valencia Alameda,4019381,Hotel,Valencia,1,1,€ 109,2019/08/27,2019/08/28,4,"9,4",30
Light and bright apartment in central Valencia,3767109,Apartamentos,Valencia,1,1,€ 110,2019/08/27,2019/08/28,0,9,30
Valenciaflats Centro Ciudad,18544,Apartamentos,Valencia,1,1,€ 110,2019/08/27,2019/08/28,0,"9,1",30
City Center Apartments,4426057,Apartamentos,Valencia,1,1,€ 108,2019/08/27,2019/08/28,0,"7,8",30
Eurostars Rey Don Jaime,91520,Hotel,Valencia,1,1,€ 114,2019/08/27,2019/08/28,4,"8,2",30
Citizentral Juristas,1113127,Apartamentos,Valencia,1,1,€ 112,2019/08/27,2019/08/28,0,"9,2",30
Apartments Abate 4,2848648,Apartamentos,Valencia,1,1,€ 115,2019/08/27,2019/08/28,0,9,30
APARTAMENTO CENTRO- RUZAFA. WI-FI. PARKING,3144104,Apartamento,Valencia,1,1,€ 120,2019/08/27,2019/08/28,0,"9,3",30
Maison Reina B&B,5004812,Hotel,Valencia,1,1,NA,2019/08/27,2019/08/28,0,"9,5",30
Valencia-Ruzafa Studio,3235983,Apartamento,Valencia,1,1,€ 120,2019/08/27,2019/08/28,0,"9,1",30
Mon Suites Catedral,485679,Apartamentos,Valencia,1,1,€ 120,2019/08/27,2019/08/28,0,"9,2",30
Apartamentos Wallace,1698355,Apartamentos,Valencia,1,1,€ 124,2019/08/27,2019/08/28,0,"9,2",30
L'Arbre,3972359,Apartamento,Valencia,1,1,€ 126,2019/08/27,2019/08/28,0,"9,3",30
Olvida tu Reloj Montichelvo Apartment,3258095,Apartamento,Valencia,1,1,€ 126,2019/08/27,2019/08/28,0,"9,4",30
Olvida tu Reloj Congresos Apartment,2448036,Apartamento,Valencia,1,1,€ 126,2019/08/27,2019/08/28,0,"9,2",30
Disfruta - Enjoy Valencia Ayuntamiento,4901194,Apartamento,Valencia,1,1,NA,2019/08/27,2019/08/28,0,"9,9",30
OttoH Charm Stay,2459807,Hotel,Valencia,1,1,€ 129,2019/08/27,2019/08/28,0,"9,3",30
Valenciaflats Ciudad de las Ciencias,93676,Apartamentos,Valencia,1,1,€ 133,2019/08/27,2019/08/28,0,"9,1",30
BUBUSUITES by Bubuflats,2389776,Hotel,Valencia,1,1,€ 140,2019/08/27,2019/08/28,0,"9,3",30
Mon Suites San Nicolas,4117225,Apartamentos,Valencia,1,1,€ 145,2019/08/27,2019/08/28,0,"9,1",30
Hostal Venecia,92883,Hotel,Valencia,1,1,€ 149,2019/08/27,2019/08/28,2,"9,1",30
MARQUÉS HOUSE 4* SUP,2118880,Hotel,Valencia,1,1,€ 154,2019/08/27,2019/08/28,4,"9,4",30
Loft Superior el Carmen,2784473,Apartamento,Valencia,1,1,NA,2019/08/27,2019/08/28,0,"9,5",30
Apartamentos La más Bonita,2816245,Apartamentos,Valencia,1,1,€ 158,2019/08/27,2019/08/28,0,"9,1",30
MYR Hotel Plaza Mercado & Spa,1619029,Apartahotel,Valencia,1,1,€ 159,2019/08/27,2019/08/28,0,"9,1",30
Dolz Garden Ruzafa,1123993,Apartamentos,Valencia,1,1,€ 160,2019/08/27,2019/08/28,0,"9,2",30
NH Collection Colón Valencia,3828811,Hotel,Valencia,1,1,€ 162,2019/08/27,2019/08/28,4,"9,2",30
HQ Rooms Apartments San Vicente,2894429,Apartamentos,Valencia,1,1,€ 165,2019/08/27,2019/08/28,0,"9,3",30
Hi Valencia Cánovas,4312120,Apartamentos,Valencia,1,1,€ 170,2019/08/27,2019/08/28,0,9,30
Hotel Boutique Balandret,1281710,Hotel,Valencia,1,1,€ 171,2019/08/27,2019/08/28,3,"9,2",30
Caro Hotel,348132,Hotel,Valencia,1,1,€ 255,2019/08/27,2019/08/28,5,"9,2",30
Las Arenas Balneario Resort,91144,Hotel,Valencia,1,1,€ 288,2019/08/27,2019/08/28,5,9,30
Hogar Vera Apartments&Bikes,1807919,Apartamentos,Valencia,1,1,€ 174,2019/08/27,2019/08/28,0,"9,4",30
Friendly Rentals Boyvin,1923141,Apartamento,Valencia,1,1,€ 175,2019/08/27,2019/08/28,0,"9,3",30
Vincci Mercat,1279484,Hotel,Valencia,1,1,€ 180,2019/08/27,2019/08/28,4,9,30
Live in Chianti Apartaments,2882632,Apartamentos,Valencia,1,1,€ 184,2019/08/27,2019/08/28,0,"9,1",30
Palau de Palomar,471283,Apartamentos,Valencia,1,1,€ 189,2019/08/27,2019/08/28,0,"9,1",30
Luxury Beach House,3602594,Casa o chalet,Valencia,1,1,NA,2019/08/27,2019/08/28,0,"9,7",30
Zerka Sendra,4657122,Apartamento,Valencia,1,1,€ 310,2019/08/27,2019/08/28,0,9,30
Break Room,5030926,Hotel,Valencia,1,1,€ 51,2019/08/27,2019/08/28,0,"8,8",30
Sabía que venias!,3543756,Hotel,Valencia,1,1,€ 55,2019/08/27,2019/08/28,0,"8,5",30
7 Moons Bed & Breakfast,464187,Hotel,Valencia,1,1,€ 67,2019/08/27,2019/08/28,0,"8,5",30
Carrer de l'Escriptor Rafael Ferreres,4267645,Apartamento,Valencia,1,1,€ 75,2019/08/27,2019/08/28,0,"8,7",30
Balcón Al Mar,295109,Hotel,Valencia,1,1,€ 76,2019/08/27,2019/08/28,0,"8,5",30
Jardines del Turia - Espacioso apartamento,2734126,Apartamento,Valencia,1,1,€ 206,2019/08/27,2019/08/28,0,"9,2",30
Edificio Pentagono,4673669,Apartamento,Valencia,1,1,€ 210,2019/08/27,2019/08/28,0,"9,1",30
WeRentVLC Charming Ruzafa,2839319,Apartamento,Valencia,1,1,€ 210,2019/08/27,2019/08/28,0,"9,2",30
Casa Paula,1857389,Apartamento,Valencia,1,1,€ 216,2019/08/27,2019/08/28,0,"9,3",30
Lighthouse,2384209,Apartamento,Valencia,1,1,€ 225,2019/08/27,2019/08/28,0,"9,3",30
Apartments Welcome to Valencia Peset Aleixandre 69,4964856,Apartamento,Valencia,1,1,NA,2019/08/27,2019/08/28,0,"9,7",30
Buho House,3777691,Apartahotel,Valencia,1,1,€ 79,2019/08/27,2019/08/28,0,"8,5",30
València Centre Torres de Quart,886289,Apartamentos,Valencia,1,1,€ 82,2019/08/27,2019/08/28,0,"8,9",30
Melia Valencia,290493,Hotel,Valencia,1,1,€ 84,2019/08/27,2019/08/28,4,"8,8",30
Pio XII Apartments Valencia,402080,Apartamentos,Valencia,1,1,€ 85,2019/08/27,2019/08/28,0,"8,5",30
Hotel Malcom and Barret,483261,Hotel,Valencia,1,1,€ 89,2019/08/27,2019/08/28,3,"8,7",30
Hotel Kramer,91106,Hotel,Valencia,1,1,€ 89,2019/08/27,2019/08/28,3,"8,8",30
MUVIM CENTRUM,4756065,Apartamento,Valencia,1,1,NA,2019/08/27,2019/08/28,0,"9,7",30
YourPlace apartments Mercado Central,2933554,Apartamentos,Valencia,1,1,€ 226,2019/08/27,2019/08/28,0,9,30
Colegio Mayor La Concepción,626558,Hotel,Valencia,1,1,€ 90,2019/08/27,2019/08/28,0,"8,7",30
Hulot B&B Valencia,585429,Hotel,Valencia,1,1,€ 91,2019/08/27,2019/08/28,0,"8,5",30
AC Hotel Valencia- a Marriott Lifestyle Hotel,91063,Hotel,Valencia,1,1,€ 99,2019/08/27,2019/08/28,4,"8,6",30
Ad Hoc Monumental,90719,Hotel,Valencia,1,1,€ 101,2019/08/27,2019/08/28,3,"8,6",30
Jardín Botánico Hotel Boutique,93369,Hotel,Valencia,1,1,€ 103,2019/08/27,2019/08/28,3,"8,9",30
Hotel San Lorenzo Boutique,1307718,Hotel,Valencia,1,1,€ 104,2019/08/27,2019/08/28,3,"8,6",30
Casa Calle Conquista,4691493,Apartamento,Valencia,1,1,NA,2019/08/27,2019/08/28,0,"9,6",30
Citizentral Gascons,332095,Apartamentos,Valencia,1,1,€ 104,2019/08/27,2019/08/28,0,"8,7",30
B&B Hi Valencia Boutique,1301725,Hotel,Valencia,1,1,€ 104,2019/08/27,2019/08/28,0,"8,7",30
Hotel El Siglo,1741479,Hotel,Valencia,1,1,€ 106,2019/08/27,2019/08/28,3,"8,5",30
El Palacete Gran Via,3483148,Hotel,Valencia,1,1,€ 107,2019/08/27,2019/08/28,0,"8,8",30
Suites by Eric Olsan (Florista),4726450,Apartamentos,Valencia,1,1,€ 108,2019/08/27,2019/08/28,0,"8,6",30
Rooms Ciencias,94126,Hotel,Valencia,1,1,€ 108,2019/08/27,2019/08/28,0,"8,9",30
Apartment in the Center of Old Town,4556268,Apartamento,Valencia,1,1,NA,2019/08/27,2019/08/28,0,"9,6",30
Barceló Valencia,91988,Hotel,Valencia,1,1,€ 108,2019/08/27,2019/08/28,4,"8,6",30
Hotel Valencia Oceanic Managed by Melia Hotels International,91522,Hotel,Valencia,1,1,€ 110,2019/08/27,2019/08/28,4,"8,6",30
Friendly Rentals Pergolesi,1634240,Apartamento,Valencia,1,1,€ 110,2019/08/27,2019/08/28,0,"8,5",30
Les flors,3985046,Apartamento,Valencia,1,1,€ 114,2019/08/27,2019/08/28,0,"8,9",30
Burjassot Mestalla,3058627,Apartamento,Valencia,1,1,€ 115,2019/08/27,2019/08/28,0,"8,7",30
Melia Plaza Valencia,13270,Hotel,Valencia,1,1,€ 116,2019/08/27,2019/08/28,4,"8,9",30
Constitución,4229663,Apartamento,Valencia,1,1,NA,2019/08/27,2019/08/28,0,"9,6",30
Blanq Carmen Hotel,97069,Hotel,Valencia,1,1,€ 117,2019/08/27,2019/08/28,3,"8,7",30
SKY TOURISTIC ATTIC,281640,Apartamentos,Valencia,1,1,€ 117,2019/08/27,2019/08/28,0,"8,5",30
Valenciaflats Centro Histórico,94781,Apartamentos,Valencia,1,1,€ 120,2019/08/27,2019/08/28,0,"8,7",30
Catalonia Excelsior,90578,Hotel,Valencia,1,1,€ 120,2019/08/27,2019/08/28,3,"8,7",30
Friendly Rentals Soler,1634237,Apartamento,Valencia,1,1,€ 120,2019/08/27,2019/08/28,0,"8,6",30
Zenit Valencia,92327,Hotel,Valencia,1,1,€ 122,2019/08/27,2019/08/28,4,"8,8",30
Hotel Dimar,90886,Hotel,Valencia,1,1,€ 122,2019/08/27,2019/08/28,4,"8,7",30
AC Hotel Colon Valencia- a Marriott Lifestyle Hotel,1117150,Hotel,Valencia,1,1,€ 126,2019/08/27,2019/08/28,4,"8,6",30
Perla Apartments,3146781,Apartamentos,Valencia,1,1,€ 126,2019/08/27,2019/08/28,0,"8,8",30
Petit Palace Plaza de la Reina,90443,Hotel,Valencia,1,1,€ 129,2019/08/27,2019/08/28,3,"8,7",30
Lotelito,570027,Hotel,Valencia,1,1,€ 129,2019/08/27,2019/08/28,0,"8,9",30
BUBUFLATS Mossén,1141763,Apartamentos,Valencia,1,1,€ 130,2019/08/27,2019/08/28,0,"8,9",30
BUBUFLATS / Mercat,783206,Apartamentos,Valencia,1,1,€ 130,2019/08/27,2019/08/28,0,"8,9",30
València Centre Túria,2185255,Apartamento,Valencia,1,1,€ 132,2019/08/27,2019/08/28,0,"8,8",30
Valenciaflats Mercado Central,307677,Apartamentos,Valencia,1,1,€ 133,2019/08/27,2019/08/28,0,"8,9",30
Friendly Rentals Verdi 2,2523881,Apartamento,Valencia,1,1,€ 135,2019/08/27,2019/08/28,0,"8,9",30
Home Youth Hostel by Feetup Hostels,189322,Hotel,Valencia,1,1,€ 138,2019/08/27,2019/08/28,0,"8,8",30
Soho Valencia,1538641,Apartahotel,Valencia,1,1,€ 139,2019/08/27,2019/08/28,0,"8,9",30
