name,propertyId,propertyType,city,rooms,days,price,checkIn,checkOut,stars,score,advance
Kirei Apartment Atlanta,4304662,Apartamento,Valencia,1,1,€ 218,2019/08/22,2019/08/23,0,"4,5",30
HABITACIÓN PRIVADA EN RUZAFA,4948581,Hotel,Valencia,1,1,€ 51,2019/08/22,2019/08/23,0,,30
Apartamento Frederick “Centrico y con Clase”,4236394,Apartamento,Valencia,1,1,NA,2019/08/22,2019/08/23,0,"9,8",30
Estrella de russafa,5352439,Hotel,Valencia,1,1,€ 55,2019/08/22,2019/08/23,0,,30
Rooms El Picolino,5326859,Hotel,Valencia,1,1,€ 65,2019/08/22,2019/08/23,0,,30
Casita bonita con piscina y jardin,5294677,Hotel,Valencia,1,1,€ 75,2019/08/22,2019/08/23,0,,30
Bonito atico en el centro,5347938,Apartamento,Valencia,1,1,€ 83,2019/08/22,2019/08/23,0,,30
Magnífico Adosado- cerca de Valencia ciudad- en zona de montaña y playa fluvial,5354233,Casa o chalet,Valencia,1,1,€ 89,2019/08/22,2019/08/23,0,,30
Miresa flats 2.1A,5399747,Apartamento,Valencia,1,1,€ 90,2019/08/22,2019/08/23,0,,30
TTdSSa VLC: Plaza Cisneros- 2- 5 pax 3 Bedrooms,4069293,Apartamento,Valencia,1,1,NA,2019/08/22,2019/08/23,0,"9,7",30
Casual Socarrat Valencia,5142800,Hotel,Valencia,1,1,€ 101,2019/08/22,2019/08/23,3,,30
Loft Turia Gran,5133726,Apartamento,Valencia,1,1,€ 113,2019/08/22,2019/08/23,0,,30
Parque Central Apartment,3611041,Apartamento,Valencia,1,1,€ 125,2019/08/22,2019/08/23,0,,30
Miresa flats,5300418,Apartamento,Valencia,1,1,€ 125,2019/08/22,2019/08/23,0,,30
Kirei Apartment Dublin,4639542,Apartamento,Valencia,1,1,€ 126,2019/08/22,2019/08/23,0,,30
Apartment in the Quart Towers II,4947694,Apartamento,Valencia,1,1,€ 135,2019/08/22,2019/08/23,0,,30
Apartamento centro frente a Torres de Serrano,3408067,Apartamento,Valencia,1,1,NA,2019/08/22,2019/08/23,0,"9,5",30
Kirei Casa Burguerini.,4552106,Apartamentos,Valencia,1,1,€ 137,2019/08/22,2019/08/23,0,,30
Cozy apartment near the sea and Ciudad de Las Artes,5396646,Apartamento,Valencia,1,1,€ 145,2019/08/22,2019/08/23,0,,30
Precioso apartamento al lado de la catedral,5410223,Apartamentos,Valencia,1,1,€ 164,2019/08/22,2019/08/23,0,,30
Serranos Apartment,2698760,Apartamento,Valencia,1,1,€ 201,2019/08/22,2019/08/23,0,,30
"Flat ""Ca Alexandre""",3687859,Apartamento,Valencia,1,1,€ 220,2019/08/22,2019/08/23,0,,30
Espaciosa y cómoda vivienda,5342327,Apartamento,Valencia,1,1,€ 238,2019/08/22,2019/08/23,0,,30
Apartment near the Marina- Valencia,2101794,Apartamento,Valencia,1,1,NA,2019/08/22,2019/08/23,0,"9,5",30
Apartamento con terraza,5238122,Apartahotel,Valencia,1,1,€ 240,2019/08/22,2019/08/23,0,,30
17 PLAZA AYUNTAMIENTO-CENTRO 6p.,4093819,Apartamento,Valencia,1,1,€ 249,2019/08/22,2019/08/23,0,,30
07 PLAZA DEL AYUNTAMIENTO - CENTRO 6personas,4093811,Apartamento,Valencia,1,1,€ 249,2019/08/22,2019/08/23,0,,30
Governor Residence,3799760,Apartahotel,Valencia,1,1,€ 600,2019/08/22,2019/08/23,0,,30
Gulet Why Not,5199364,Hotel,Valencia,1,1,€ 3.600,2019/08/22,2019/08/23,0,,30
Hi Valencia Apartments - Jorge Juan,2373701,Hotel,Valencia,1,1,€ 200,2019/08/22,2019/08/23,0,"9,4",30
Apartamentos Edificio Palomar,189277,Hotel,Valencia,1,1,€ 209,2019/08/22,2019/08/23,0,"9,2",30
Atico Loft Ruzafa,3152977,Hotel,Valencia,1,1,NA,2019/08/22,2019/08/23,0,"9,7",30
WeRentVLC Charming Ruzafa,2839319,Hotel,Valencia,1,1,€ 210,2019/08/22,2019/08/23,0,"9,2",30
Olympia,3535463,Hotel,Valencia,1,1,€ 220,2019/08/22,2019/08/23,0,"9,2",30
Cozy apartment in Valencia center,3402135,Hotel,Valencia,1,1,€ 230,2019/08/22,2019/08/23,0,"9,2",30
Las Arenas Balneario Resort,91144,Hotel,Valencia,1,1,€ 288,2019/08/22,2019/08/23,5,9,30
The River Hostel,494202,Hotel,Valencia,1,1,€ 31,2019/08/22,2019/08/23,0,"8,5",30
Pensión Alicante,298710,Hotel,Valencia,1,1,€ 42,2019/08/22,2019/08/23,0,"8,5",30
BONNIES Suites & Spa Valencia,3631910,Hotel,Valencia,1,1,NA,2019/08/22,2019/08/23,0,"9,8",30
Casual de la Música Valencia,273130,Hotel,Valencia,1,1,€ 66,2019/08/22,2019/08/23,2,"7,4",30
Quart Youth Hostel,476418,Hotel,Valencia,1,1,€ 44,2019/08/22,2019/08/23,0,"8,7",30
Break Room,5030926,Hotel,Valencia,1,1,€ 51,2019/08/22,2019/08/23,0,"8,8",30
Sabía que venias!,3543756,Hotel,Valencia,1,1,€ 55,2019/08/22,2019/08/23,0,"8,5",30
Russafa Youth Hostel,345134,Hotel,Valencia,1,1,€ 58,2019/08/22,2019/08/23,0,"8,6",30
Zalamera BnB,1331238,Hotel,Valencia,1,1,€ 63,2019/08/22,2019/08/23,0,"8,7",30
Les flors,3985046,Apartamento,Valencia,1,1,€ 114,2019/08/22,2019/08/23,0,"8,9",30
Centro & Viaje,4215175,Hotel,Valencia,1,1,€ 68,2019/08/22,2019/08/23,0,"7,4",30
Valencia Sol Sun,2482393,Apartamento,Valencia,1,1,NA,2019/08/22,2019/08/23,0,"9,5",30
Murillo Apartment,408163,Apartamento,Valencia,1,1,€ 68,2019/08/22,2019/08/23,0,7,30
Homestay Carrer Sagun,5006434,Hotel,Valencia,1,1,€ 65,2019/08/22,2019/08/23,0,"8,6",30
Center Puerto Apartments,4875083,Hotel,Valencia,1,1,NA,2019/08/22,2019/08/23,0,"9,6",30
Namaste Rooms,3799642,Hotel,Valencia,1,1,€ 65,2019/08/22,2019/08/23,0,"8,7",30
Cosy Rooms Bolsería,371606,Hotel,Valencia,1,1,€ 74,2019/08/22,2019/08/23,2,"7,4",30
Centro Valencia Calle Cerrajeros,3476261,Hotel,Valencia,1,1,€ 75,2019/08/22,2019/08/23,0,7,30
El Palacete Gran Via,3483148,Hotel,Valencia,1,1,€ 114,2019/08/22,2019/08/23,0,"8,7",30
MUVIM CENTRUM,4756065,Apartamento,Valencia,1,1,NA,2019/08/22,2019/08/23,0,"9,6",30
Friendly Rentals Abastos,1634255,Apartamento,Valencia,1,1,€ 115,2019/08/22,2019/08/23,0,"8,7",30
Central Station Valencia Hostel,1647017,Hotel,Valencia,1,1,€ 79,2019/08/22,2019/08/23,0,"7,1",30
Homestay & OLEE,4132920,Hotel,Valencia,1,1,€ 80,2019/08/22,2019/08/23,0,"7,4",30
HOSTAL BED OF THE SEA,3974636,Hotel,Valencia,1,1,€ 82,2019/08/22,2019/08/23,0,7,30
Center Valencia Youth Hostel,246931,Hotel,Valencia,1,1,€ 16,2019/08/22,2019/08/23,0,"7,9",30
Apartment Cisneros 2,2361375,Apartamento,Valencia,1,1,NA,2019/08/22,2019/08/23,0,"9,7",30
Avenida del Cid (Centrico),4737683,Apartamento,Valencia,1,1,€ 89,2019/08/22,2019/08/23,0,"7,3",30
Apart and Benef,2291245,Hotel,Valencia,1,1,€ 38,2019/08/22,2019/08/23,0,"7,7",30
Atico Loft Ruzafa,3152977,Hotel,Valencia,1,1,NA,2019/08/22,2019/08/23,0,"9,7",30
Cosy Rooms Embajador,369728,Hotel,Valencia,1,1,€ 94,2019/08/22,2019/08/23,2,"7,4",30
Malvarrosa Beach Rooms,314048,Hotel,Valencia,1,1,€ 95,2019/08/22,2019/08/23,2,"7,1",30
Valencia Apartments,4367788,Apartamentos,Valencia,1,1,€ 96,2019/08/22,2019/08/23,0,"7,1",30
Hotel Mediterraneo Valencia,92412,Hotel,Valencia,1,1,€ 115,2019/08/22,2019/08/23,3,"8,8",30
Ilunion Aqua 4,92777,Hotel,Valencia,1,1,€ 115,2019/08/22,2019/08/23,4,"8,5",30
Buho House,3777691,Hotel,Valencia,1,1,€ 69,2019/08/22,2019/08/23,0,"8,5",30
UNIK. Apartments Valencia,2241282,Hotel,Valencia,1,1,€ 71,2019/08/22,2019/08/23,0,"8,5",30
My Reception - Bolseria Apartments,4656688,Apartamentos,Valencia,1,1,€ 99,2019/08/22,2019/08/23,0,"7,1",30
Lujoso Apartamento En El Carmen,2814452,Apartamento,Valencia,1,1,€ 110,2019/08/22,2019/08/23,0,"7,4",30
Apartment Denia 66,1545445,Apartamento,Valencia,1,1,NA,2019/08/22,2019/08/23,0,"9,7",30
Welcomer Apartments Valencia,19363,Apartamentos,Valencia,1,1,€ 118,2019/08/22,2019/08/23,0,"8,6",30
Valenciaflats Mercado Central,307677,Apartamentos,Valencia,1,1,€ 120,2019/08/22,2019/08/23,0,"8,9",30
Carrer de l'Escriptor Rafael Ferreres,4267645,Hotel,Valencia,1,1,€ 75,2019/08/22,2019/08/23,0,"8,7",30
Colegio Mayor La Concepción,626558,Hotel,Valencia,1,1,€ 75,2019/08/22,2019/08/23,0,"8,7",30
Pensión Universal,304276,Hotel,Valencia,1,1,€ 42,2019/08/22,2019/08/23,0,"7,9",30
Casual Civilizaciones Valencia,449777,Hotel,Valencia,1,1,€ 47,2019/08/22,2019/08/23,0,"7,9",30
Bonito apartamento en Valencia!,3646923,Apartamentos,Valencia,1,1,€ 114,2019/08/22,2019/08/23,0,"7,4",30
Spain Host Valencia Centro- San Vicente II,2567628,Apartamento,Valencia,1,1,€ 114,2019/08/22,2019/08/23,0,"7,4",30
Vincci Palace,94163,Hotel,Valencia,1,1,€ 122,2019/08/22,2019/08/23,4,"8,6",30
ÁTICO EN EL CENTRO DE VALENCIA VT-45939-T,4752815,Apartamento,Valencia,1,1,NA,2019/08/22,2019/08/23,0,"9,5",30
Valenciaflats Centro Histórico,94781,Apartamentos,Valencia,1,1,€ 124,2019/08/22,2019/08/23,0,"8,7",30
Valencia Apartmans El Carmen,847910,Apartamentos,Valencia,1,1,€ 123,2019/08/22,2019/08/23,0,"7,3",30
Apartamento Angel Alcazar 35,2174625,Apartamento,Valencia,1,1,€ 125,2019/08/22,2019/08/23,0,"7,4",30
NWT Monserrat,3728842,Apartamentos,Valencia,1,1,€ 129,2019/08/22,2019/08/23,0,"7,1",30
Premium Apartments,486507,Apartamentos,Valencia,1,1,€ 129,2019/08/22,2019/08/23,0,7,30
MerKat-Abastos,1231196,Apartamento,Valencia,1,1,NA,2019/08/22,2019/08/23,0,"9,7",30
Sercotel Sorolla Palace,93646,Hotel,Valencia,1,1,€ 77,2019/08/22,2019/08/23,4,"8,6",30
Luxury Beach House,3602594,Hotel,Valencia,1,1,NA,2019/08/22,2019/08/23,0,"9,7",30
Melia Valencia,290493,Hotel,Valencia,1,1,€ 77,2019/08/22,2019/08/23,4,"8,8",30
Kirei Apartment En Llop,1765516,Apartamentos,Valencia,1,1,€ 161,2019/08/22,2019/08/23,0,"7,1",30
Valencia Luxury Catedral,440778,Apartamentos,Valencia,1,1,€ 175,2019/08/22,2019/08/23,0,"7,2",30
Hostal Moratin,326015,Hotel,Valencia,1,1,€ 48,2019/08/22,2019/08/23,1,"7,9",30
Albergue Juvenil Colegio Mayor Galileo Galilei,253103,Hotel,Valencia,1,1,€ 50,2019/08/22,2019/08/23,0,"7,9",30
Hotel Malcom and Barret,483261,Hotel,Valencia,1,1,€ 81,2019/08/22,2019/08/23,3,"8,7",30
Casa del Patriarca,364834,Hotel,Valencia,1,1,€ 81,2019/08/22,2019/08/23,0,"8,9",30
SH Valencia Palace,91497,Hotel,Valencia,1,1,€ 126,2019/08/22,2019/08/23,5,"8,5",30
Perla Apartments,3146781,Apartamentos,Valencia,1,1,€ 126,2019/08/22,2019/08/23,0,"8,8",30
Home Youth Hostel by Feetup Hostels,189322,Hotel,Valencia,1,1,€ 83,2019/08/22,2019/08/23,0,"8,8",30
Pio XII Apartments Valencia,402080,Hotel,Valencia,1,1,€ 85,2019/08/22,2019/08/23,0,"8,5",30
Rooms Ciencias,94126,Hotel,Valencia,1,1,€ 86,2019/08/22,2019/08/23,0,"8,9",30
Hostal On Dormire Valencia,432305,Hotel,Valencia,1,1,€ 50,2019/08/22,2019/08/23,0,"7,8",30
Habitación San Cayetano,4624401,Hotel,Valencia,1,1,€ 50,2019/08/22,2019/08/23,0,"7,7",30
Flat El Porto - Valencia,3146159,Hotel,Valencia,1,1,NA,2019/08/22,2019/08/23,0,"9,6",30
Apartments Downtown Valencia,2250421,Hotel,Valencia,1,1,NA,2019/08/22,2019/08/23,0,"9,6",30
Hotel Kramer,91106,Hotel,Valencia,1,1,€ 89,2019/08/22,2019/08/23,3,"8,8",30
B&B Hi Valencia Boutique,1301725,Hotel,Valencia,1,1,€ 89,2019/08/22,2019/08/23,0,"8,7",30
Valencia Boutique Center,387770,Apartamentos,Valencia,1,1,€ 180,2019/08/22,2019/08/23,0,7,30
Valencia Luxury La Paz,1107542,Apartamentos,Valencia,1,1,€ 240,2019/08/22,2019/08/23,0,"7,1",30
Habitación Despuig,4901343,Hotel,Valencia,1,1,€ 25,2019/08/22,2019/08/23,0,"6,5",30
Petit Palace Plaza de la Reina,90443,Hotel,Valencia,1,1,€ 129,2019/08/22,2019/08/23,3,"8,7",30
Catalonia Excelsior,90578,Hotel,Valencia,1,1,€ 130,2019/08/22,2019/08/23,3,"8,7",30
Luz de Valencia,2076095,Hotel,Valencia,1,1,€ 94,2019/08/22,2019/08/23,0,"8,8",30
Petit Palomar,2187491,Hotel,Valencia,1,1,€ 95,2019/08/22,2019/08/23,0,"8,9",30
Citizentral Gascons,332095,Hotel,Valencia,1,1,€ 97,2019/08/22,2019/08/23,0,"8,7",30
feliz como en casa,3676196,Hotel,Valencia,1,1,€ 36,2019/08/22,2019/08/23,0,"6,9",30
Apartamento Bolseria 28,881275,Apartamentos,Valencia,1,1,NA,2019/08/22,2019/08/23,0,"9,6",30
PISO ACOGEDOR,4995780,Hotel,Valencia,1,1,€ 50,2019/08/22,2019/08/23,0,"6,6",30
Las casitas de la playa,3177809,Apartamentos,Valencia,1,1,€ 198,2019/08/22,2019/08/23,0,"6,9",30
Hotel El Siglo,1741479,Hotel,Valencia,1,1,€ 97,2019/08/22,2019/08/23,3,"8,5",30
Apartamento centro frente a Torres de Serrano,3408067,Hotel,Valencia,1,1,NA,2019/08/22,2019/08/23,0,"9,5",30
Petit Palace Ruzafa,90792,Hotel,Valencia,1,1,€ 98,2019/08/22,2019/08/23,3,"8,7",30
AC Hotel Valencia- a Marriott Lifestyle Hotel,91063,Hotel,Valencia,1,1,€ 99,2019/08/22,2019/08/23,4,"8,6",30
Hotel Dimar,90886,Hotel,Valencia,1,1,€ 99,2019/08/22,2019/08/23,4,"8,7",30
SKY TOURISTIC ATTIC,281640,Hotel,Valencia,1,1,€ 99,2019/08/22,2019/08/23,0,"8,5",30
Jardín Botánico Hotel Boutique,93369,Hotel,Valencia,1,1,€ 99,2019/08/22,2019/08/23,3,"8,9",30
Ad Hoc Monumental,90719,Hotel,Valencia,1,1,€ 101,2019/08/22,2019/08/23,3,"8,6",30
Apartamento para 10 personas,5029963,Apartamento,Valencia,1,1,€ 200,2019/08/22,2019/08/23,0,"6,8",30
Malvarrosa Beach,3546692,Casas y chalets,Valencia,1,1,€ 1.260,2019/08/22,2019/08/23,0,"6,9",30
Voyagers Inn Homestay,2682156,Hotel,Valencia,1,1,€ 54,2019/08/22,2019/08/23,0,"7,8",30
Lotelito,570027,Hotel,Valencia,1,1,€ 101,2019/08/22,2019/08/23,0,"8,9",30
Boutique Creative Rooms,2334726,Hotel,Valencia,1,1,€ 104,2019/08/22,2019/08/23,0,"8,7",30
Melia Plaza Valencia,13270,Hotel,Valencia,1,1,€ 105,2019/08/22,2019/08/23,4,"8,9",30
Suites by Eric Olsan (Florista),4726450,Hotel,Valencia,1,1,€ 108,2019/08/22,2019/08/23,0,"8,6",30
Casual del Cine Valencia,572187,Hotel,Valencia,1,1,€ 108,2019/08/22,2019/08/23,2,"8,6",30
Soho Valencia,1538641,Hotel,Valencia,1,1,€ 109,2019/08/22,2019/08/23,0,"8,9",30
Hotel Valencia Oceanic Managed by Melia Hotels International,91522,Hotel,Valencia,1,1,€ 130,2019/08/22,2019/08/23,4,"8,6",30
Cozy en Blanch. Center,4751079,Apartamento,Valencia,1,1,NA,2019/08/22,2019/08/23,0,"9,7",30
BUBUFLATS / Mercat,783206,Apartamentos,Valencia,1,1,€ 130,2019/08/22,2019/08/23,0,"8,9",30
Guest House Higinio Noja,2845935,Hotel,Valencia,1,1,€ 40,2019/08/22,2019/08/23,0,6,30
Fun and Sun Center 2,2944416,Hotel,Valencia,1,1,€ 45,2019/08/22,2019/08/23,0,"6,2",30
Ciudad Ciencias- Lujo- Parking- Wi-Fi.,4999636,Apartamento,Valencia,1,1,NA,2019/08/22,2019/08/23,0,"9,8",30
Friendly Rentals Ravel I,1634234,Hotel,Valencia,1,1,€ 110,2019/08/22,2019/08/23,0,"8,8",30
AC Hotel Colon Valencia- a Marriott Lifestyle Hotel,1117150,Hotel,Valencia,1,1,€ 111,2019/08/22,2019/08/23,4,"8,6",30
Flatsforyou Turia,312207,Apartamentos,Valencia,1,1,€ 131,2019/08/22,2019/08/23,0,"8,7",30
One Shot Palacio Reina Victoria 04,90885,Hotel,Valencia,1,1,€ 134,2019/08/22,2019/08/23,4,"8,6",30
Hospederia del Pilar,327766,Hotel,Valencia,1,1,€ 54,2019/08/22,2019/08/23,0,"7,9",30
Valencia City Host,1177077,Hotel,Valencia,1,1,€ 56,2019/08/22,2019/08/23,0,"7,9",30
Hostal Bisbal,235665,Hotel,Valencia,1,1,€ 60,2019/08/22,2019/08/23,1,"7,5",30
Hotel San Lorenzo Boutique,1307718,Hotel,Valencia,1,1,€ 135,2019/08/22,2019/08/23,3,"8,6",30
València Centre Túria,2185255,Apartamento,Valencia,1,1,€ 142,2019/08/22,2019/08/23,0,"8,8",30
Casita Esmeralda,2040126,Casa o chalet,Valencia,1,1,€ 154,2019/08/22,2019/08/23,0,"6,4",30
Kirei Apartment San Agustin,1712323,Apartamentos,Valencia,1,1,€ 184,2019/08/22,2019/08/23,0,"6,4",30
Vincci Lys,91183,Hotel,Valencia,1,1,€ 149,2019/08/22,2019/08/23,4,"8,9",30
Casa Calle Conquista,4691493,Apartamento,Valencia,1,1,NA,2019/08/22,2019/08/23,0,"9,6",30
Habitacion PLaza Ayuntamiento,4365340,Hotel,Valencia,1,1,€ 60,2019/08/22,2019/08/23,0,"7,6",30
Valencia Lounge Hostel,337203,Hotel,Valencia,1,1,€ 61,2019/08/22,2019/08/23,0,"7,8",30
Casual Vintage Valencia,1710241,Hotel,Valencia,1,1,€ 113,2019/08/22,2019/08/23,2,"8,5",30
Zenit Valencia,92327,Hotel,Valencia,1,1,€ 113,2019/08/22,2019/08/23,4,"8,8",30
RoomTuristValencia - Ruzafa,4608394,Hotel,Valencia,1,1,€ 40,2019/08/22,2019/08/23,0,"5,9",30
RoomTuristValencia Estacion del Norte,4682632,Hotel,Valencia,1,1,€ 45,2019/08/22,2019/08/23,0,"5,5",30
Ruzafa Guesthouse,2269176,Hotel,Valencia,1,1,€ 45,2019/08/22,2019/08/23,0,"5,6",30
Home Sweet Home,1223953,Hotel,Valencia,1,1,€ 50,2019/08/22,2019/08/23,0,"5,6",30
United Colors of Apartments Boutique Style,5372347,Apartamentos,Valencia,1,1,€ 129,2019/08/22,2019/08/23,0,10,30
Valencian Dreams,3268804,Apartamento,Valencia,1,1,€ 79,2019/08/22,2019/08/23,0,"9,7",30
VALENCIA APARTAMENTO GOYA,4256653,Apartamento,Valencia,1,1,NA,2019/08/22,2019/08/23,0,10,30
Carrer del Bisbe Jaume Pérez,4900140,Hotel,Valencia,1,1,€ 55,2019/08/22,2019/08/23,0,"5,8",30
OLD TOWN VALENCIA,5160686,Hotel,Valencia,1,1,€ 63,2019/08/22,2019/08/23,0,"5,9",30
Oliver,4865093,Hotel,Valencia,1,1,€ 66,2019/08/22,2019/08/23,0,"5,7",30
Blanq Carmen Hotel,97069,Hotel,Valencia,1,1,€ 113,2019/08/22,2019/08/23,3,"8,7",30
Barceló Valencia,91988,Hotel,Valencia,1,1,€ 113,2019/08/22,2019/08/23,4,"8,6",30
L'Esplai Valencia Bed & Breakfast,1282556,Hotel,Valencia,1,1,€ 119,2019/08/22,2019/08/23,0,"9,6",30
Ramirez Flats & Bar,4124528,Apartahotel,Valencia,1,1,€ 122,2019/08/22,2019/08/23,0,"9,5",30
Opera House Valencia B&B,3533887,Hotel,Valencia,1,1,€ 129,2019/08/22,2019/08/23,0,"9,5",30
Olympia Flats,4212801,Hotel,Valencia,1,1,€ 70,2019/08/22,2019/08/23,0,"9,7",30
Barracart Apartments,2125836,Apartamentos,Valencia,1,1,€ 158,2019/08/22,2019/08/23,0,"9,6",30
Apartamento en Valencia,2549783,Apartamento,Valencia,1,1,€ 150,2019/08/22,2019/08/23,0,"8,9",30
Plaza de la Virgen,3167342,Apartamento,Valencia,1,1,€ 170,2019/08/22,2019/08/23,0,"8,7",30
Hospes Palau de La Mar,93823,Hotel,Valencia,1,1,€ 176,2019/08/22,2019/08/23,5,"8,8",30
JL Ciudad de las Artes,3074378,Hotel,Valencia,1,1,NA,2019/08/22,2019/08/23,0,"9,6",30
Hotel Beleret,94652,Hotel,Valencia,1,1,€ 63,2019/08/22,2019/08/23,3,"7,6",30
Disfruta - Enjoy Valencia Centre,3881970,Apartamento,Valencia,1,1,€ 165,2019/08/22,2019/08/23,0,"9,8",30
Hostal Antigua Morellana,1273937,Hotel,Valencia,1,1,NA,2019/08/22,2019/08/23,1,"9,5",30
RUZAFA- CENTRO-A/C- WI-FI- PARKING,2885994,Apartamento,Valencia,1,1,€ 180,2019/08/22,2019/08/23,0,"9,7",30
Art&Flats Bed&Breakfast,5238345,Hotel,Valencia,1,1,€ 45,2019/08/22,2019/08/23,0,"9,4",30
Gon & Diego House,4899561,Hotel,Valencia,1,1,€ 34,2019/08/22,2019/08/23,0,"5,2",30
Guesthouse Plaza de Toros,2985902,Hotel,Valencia,1,1,€ 48,2019/08/22,2019/08/23,0,5,30
Jero Rooms,296743,Hotel,Valencia,1,1,€ 69,2019/08/22,2019/08/23,0,"7,7",30
B&B Hotel Valencia Ciudad de las Ciencias,92242,Hotel,Valencia,1,1,€ 71,2019/08/22,2019/08/23,3,"7,5",30
Cantagua Hostel,4074640,Hotel,Valencia,1,1,€ 46,2019/08/22,2019/08/23,0,"9,1",30
Habitación doble,3599930,Hotel,Valencia,1,1,€ 77,2019/08/22,2019/08/23,0,9,30
Host & Home,1663785,Hotel,Valencia,1,1,€ 77,2019/08/22,2019/08/23,0,9,30
Guest House Duc de Gaeta,2275007,Hotel,Valencia,1,1,€ 48,2019/08/22,2019/08/23,0,"5,1",30
Guest House Torres de Quart,2275006,Hotel,Valencia,1,1,€ 50,2019/08/22,2019/08/23,0,"5,4",30
Cosy Rooms Tapinería,371192,Hotel,Valencia,1,1,€ 74,2019/08/22,2019/08/23,2,"7,5",30
Hotel Turia,14441,Hotel,Valencia,1,1,€ 75,2019/08/22,2019/08/23,4,"7,5",30
Plaza Redonda house.,4399973,Hotel,Valencia,1,1,€ 76,2019/08/22,2019/08/23,0,"7,5",30
City Garden Bed and Breakfast,2204361,Hotel,Valencia,1,1,€ 80,2019/08/22,2019/08/23,0,"9,4",30
Apartamento Ciencias y Justicia,3825841,Apartamento,Valencia,1,1,NA,2019/08/22,2019/08/23,0,"9,6",30
Sorolla Centro,90896,Hotel,Valencia,1,1,€ 90,2019/08/22,2019/08/23,3,"9,1",30
València Centre Torres de Quart,886289,Apartamentos,Valencia,1,1,€ 183,2019/08/22,2019/08/23,0,"8,9",30
The Westin Valencia,93321,Hotel,Valencia,1,1,€ 193,2019/08/22,2019/08/23,5,"8,7",30
Hostal Venecia,92883,Hotel,Valencia,1,1,€ 98,2019/08/22,2019/08/23,2,"9,1",30
You & Co. Saler Beach boutique,4533007,Hotel,Valencia,1,1,€ 102,2019/08/22,2019/08/23,3,"9,3",30
MD Design Hotel - Portal del Real,2391685,Hotel,Valencia,1,1,€ 107,2019/08/22,2019/08/23,2,"9,1",30
RoomTuristValencia RuzafaSumsi,4682802,Hotel,Valencia,1,1,€ 50,2019/08/22,2019/08/23,0,5,30
Guest House Ruzafa,2324552,Hotel,Valencia,1,1,€ 55,2019/08/22,2019/08/23,0,"5,3",30
Apartamento en Ciudad de las Artes y las Ciencias,2995983,Hotel,Valencia,1,1,NA,2019/08/22,2019/08/23,0,"9,7",30
OYO Pensión El Rincón,476031,Hotel,Valencia,1,1,€ 77,2019/08/22,2019/08/23,1,"7,6",30
Balcón Al Mar,295109,Hotel,Valencia,1,1,€ 76,2019/08/22,2019/08/23,0,"8,4",30
Hotel Valencia Alameda,4019381,Hotel,Valencia,1,1,€ 109,2019/08/22,2019/08/23,4,"9,4",30
Turia Burjassot 12,3237353,Apartamento,Valencia,1,1,€ 110,2019/08/22,2019/08/23,0,9,30
Kirei Apartment Berlin,4504570,Apartamentos,Valencia,1,1,€ 134,2019/08/22,2019/08/23,0,"5,4",30
RoomTuristValencia Torres de Quart,4565643,Hotel,Valencia,1,1,€ 45,2019/08/22,2019/08/23,0,"4,8",30
Cómoda habitación Valencia,4200488,Hotel,Valencia,1,1,NA,2019/08/22,2019/08/23,0,"9,5",30
Light and bright apartment in central Valencia,3767109,Apartamentos,Valencia,1,1,€ 110,2019/08/22,2019/08/23,0,9,30
Valencian Apartment,2298621,Apartamento,Valencia,1,1,€ 111,2019/08/22,2019/08/23,0,9,30
Citizentral Juristas,1113127,Apartamentos,Valencia,1,1,€ 112,2019/08/22,2019/08/23,0,"9,2",30
Eurostars Gran Valencia,90484,Hotel,Valencia,1,1,€ 77,2019/08/22,2019/08/23,4,"8,3",30
Preciosa Casita Cerca Del Mar,4057271,Apartamento,Valencia,1,1,NA,2019/08/22,2019/08/23,0,"9,7",30
Alquiler Habitacion Centro De Valencia,3977106,Hotel,Valencia,1,1,€ 80,2019/08/22,2019/08/23,0,"8,1",30
Live in Chianti,2227491,Hotel,Valencia,1,1,€ 114,2019/08/22,2019/08/23,0,"9,1",30
La casita de Palomar,2132386,Apartamentos,Valencia,1,1,€ 115,2019/08/22,2019/08/23,0,"9,4",30
Valenciaflats Centro Ciudad,18544,Apartamentos,Valencia,1,1,€ 115,2019/08/22,2019/08/23,0,"9,1",30
Habitación en Apartamento soleado Plaza Escultor Frechina,4865043,Hotel,Valencia,1,1,€ 55,2019/08/22,2019/08/23,0,"4,9",30
Puerta de Serranos,2734333,Apartamentos,Valencia,1,1,€ 195,2019/08/22,2019/08/23,0,"8,7",30
Central new apartment,4526693,Apartamento,Valencia,1,1,NA,2019/08/22,2019/08/23,0,"9,7",30
Flatsforyou Marina,1793012,Apartamentos,Valencia,1,1,€ 200,2019/08/22,2019/08/23,0,"8,7",30
Apartamento Sofia,2552406,Apartamento,Valencia,1,1,€ 200,2019/08/22,2019/08/23,0,"8,6",30
Zerka Centro,4425975,Apartamentos,Valencia,1,1,€ 208,2019/08/22,2019/08/23,0,"8,5",30
Aparthotel Valencia Rental,17344,Apartahotel,Valencia,1,1,€ 80,2019/08/22,2019/08/23,0,8,30
Ilunion Aqua 3,92776,Hotel,Valencia,1,1,€ 82,2019/08/22,2019/08/23,3,"8,3",30
ValentiaApartments - MercadoCentral,4185241,Apartamentos,Valencia,1,1,€ 219,2019/08/22,2019/08/23,0,"8,7",30
SingularStays Parque Central,3054000,Apartamentos,Valencia,1,1,€ 291,2019/08/22,2019/08/23,0,"8,8",30
NH Valencia Las Ciencias,90725,Hotel,Valencia,1,1,€ 83,2019/08/22,2019/08/23,3,8,30
Hotel Sercotel Acteón Valencia,90495,Hotel,Valencia,1,1,€ 85,2019/08/22,2019/08/23,4,"8,4",30
Colors Rooms,675839,Hotel,Valencia,1,1,NA,2019/08/22,2019/08/23,0,"9,5",30
OttoH Charm Stay,2459807,Hotel,Valencia,1,1,€ 119,2019/08/22,2019/08/23,0,"9,3",30
Mon Suites Catedral,485679,Apartamentos,Valencia,1,1,€ 125,2019/08/22,2019/08/23,0,"9,2",30
Apartamentos Plaza Picasso,97063,Apartamentos,Valencia,1,1,€ 86,2019/08/22,2019/08/23,0,"8,4",30
Central Park Apartment Valencia,3881533,Apartamento,Valencia,1,1,NA,2019/08/22,2019/08/23,0,"9,6",30
Ilunion Valencia 4,754329,Hotel,Valencia,1,1,€ 87,2019/08/22,2019/08/23,4,8,30
Ilunion Valencia 3,92818,Hotel,Valencia,1,1,€ 83,2019/08/22,2019/08/23,3,"7,9",30
Expo Hotel Valencia,91223,Hotel,Valencia,1,1,€ 89,2019/08/22,2019/08/23,3,"7,6",30
Zerka Sendra,4657122,Apartamento,Valencia,1,1,€ 310,2019/08/22,2019/08/23,0,"8,9",30
Constitución,4229663,Apartamento,Valencia,1,1,NA,2019/08/22,2019/08/23,0,"9,6",30
NH Ciudad de Valencia,90729,Hotel,Valencia,1,1,€ 88,2019/08/22,2019/08/23,3,"8,1",30
Olvida tu Reloj Congresos Apartment,2448036,Apartamento,Valencia,1,1,€ 126,2019/08/22,2019/08/23,0,"9,2",30
COZY APARTMENT VALENCIA CITY CENTER!,4886758,Apartamento,Valencia,1,1,€ 131,2019/08/22,2019/08/23,0,"9,1",30
Apartamentos Wallace,1698355,Apartamentos,Valencia,1,1,€ 133,2019/08/22,2019/08/23,0,"9,2",30
Valenciaflats Ciudad de las Ciencias,93676,Apartamentos,Valencia,1,1,€ 133,2019/08/22,2019/08/23,0,"9,1",30
Checkin Valencia,93743,Hotel,Valencia,1,1,€ 89,2019/08/22,2019/08/23,4,"7,8",30
United Colors of Studios - Mercado Central,2574108,Hotel,Valencia,1,1,€ 95,2019/08/22,2019/08/23,0,"7,9",30
Urban Youth Hostel,1163025,Hotel,Valencia,1,1,€ 31,2019/08/22,2019/08/23,0,"8,4",30
Habitación Céntrica en Casa de Familia,4289877,Hotel,Valencia,1,1,€ 35,2019/08/22,2019/08/23,0,"8,1",30
Habitacion en Valencia Barata,4861796,Hotel,Valencia,1,1,€ 38,2019/08/22,2019/08/23,0,"8,2",30
SHF Plaza de la Reina,1682520,Hotel,Valencia,1,1,€ 100,2019/08/22,2019/08/23,0,"7,7",30
Casa La Buhardilla,2985364,Hotel,Valencia,1,1,NA,2019/08/22,2019/08/23,0,"9,6",30
Hostal Abastos,257057,Hotel,Valencia,1,1,€ 50,2019/08/22,2019/08/23,2,"8,2",30
HOSPEDAJE PESET,4718074,Hotel,Valencia,1,1,€ 50,2019/08/22,2019/08/23,0,"8,2",30
Sweet Hotel Renasa,274818,Hotel,Valencia,1,1,€ 89,2019/08/22,2019/08/23,3,8,30
Sweet Hotel Continental,93856,Hotel,Valencia,1,1,€ 89,2019/08/22,2019/08/23,2,"8,3",30
City Center Apartments,4426057,Hotel,Valencia,1,1,€ 108,2019/08/22,2019/08/23,0,"7,8",30
SEA YOU HOTEL PORT VALENCIA,92328,Hotel,Valencia,1,1,€ 109,2019/08/22,2019/08/23,4,"7,6",30
MD Modern Hotel - Jardines,305447,Hotel,Valencia,1,1,€ 90,2019/08/22,2019/08/23,1,"8,2",30
Eurostars Rey Don Jaime,91520,Hotel,Valencia,1,1,€ 93,2019/08/22,2019/08/23,4,"8,2",30
CÓMODAS HABITACIONES CERCA DE LA PLAYA,5041799,Hotel,Valencia,1,1,NA,2019/08/22,2019/08/23,0,"9,8",30
Bubuflats Bubu 5,1283519,Apartamento,Valencia,1,1,€ 135,2019/08/22,2019/08/23,0,"9,1",30
NH Collection Colón Valencia,3828811,Hotel,Valencia,1,1,€ 139,2019/08/22,2019/08/23,4,"9,2",30
B&B Hi Valencia Canovas,305349,Hotel,Valencia,1,1,€ 52,2019/08/22,2019/08/23,0,"8,4",30
Como en casa,4802186,Hotel,Valencia,1,1,€ 54,2019/08/22,2019/08/23,0,8,30
Suites by Eric Olsan (L),4287413,Hotel,Valencia,1,1,€ 111,2019/08/22,2019/08/23,0,"7,9",30
STYLISH APARTMENT - CITY CENTER,2861517,Hotel,Valencia,1,1,€ 120,2019/08/22,2019/08/23,0,"7,8",30
Red Nest Hostel,92283,Hotel,Valencia,1,1,€ 55,2019/08/22,2019/08/23,0,"8,2",30
Pension MonaLisa Luxury Suites,3834224,Hotel,Valencia,1,1,€ 60,2019/08/22,2019/08/23,0,"8,2",30
Kirei Apartment San Vicente,1774062,Hotel,Valencia,1,1,€ 121,2019/08/22,2019/08/23,0,"7,5",30
Torres Quart,3702234,Hotel,Valencia,1,1,€ 123,2019/08/22,2019/08/23,0,"7,7",30
BUBUSUITES by Bubuflats,2389776,Hotel,Valencia,1,1,€ 140,2019/08/22,2019/08/23,0,"9,3",30
Vincci Mercat,1279484,Hotel,Valencia,1,1,€ 144,2019/08/22,2019/08/23,4,9,30
MARQUÉS HOUSE 4* SUP,2118880,Hotel,Valencia,1,1,€ 149,2019/08/22,2019/08/23,4,"9,4",30
Reina 12,1684198,Hotel,Valencia,1,1,€ 60,2019/08/22,2019/08/23,0,"8,3",30
Apartamentos Valencia,1007682,Apartamentos,Valencia,1,1,€ 60,2019/08/22,2019/08/23,0,"8,2",30
YourPlace apartments Mercado Central,2933554,Apartamentos,Valencia,1,1,€ 150,2019/08/22,2019/08/23,0,9,30
Apartamento Ruzafa Centro II,3718518,Apartamento,Valencia,1,1,€ 153,2019/08/22,2019/08/23,0,"9,1",30
Friendly Rentals Mercado Central,3220956,Apartamento,Valencia,1,1,€ 155,2019/08/22,2019/08/23,0,"9,3",30
El Corazon de Canovas,2634817,Hotel,Valencia,1,1,NA,2019/08/22,2019/08/23,0,"9,7",30
MYR Hotel Plaza Mercado & Spa,1619029,Apartahotel,Valencia,1,1,€ 159,2019/08/22,2019/08/23,0,"9,2",30
Mon Suites San Nicolas,4117225,Apartamentos,Valencia,1,1,€ 162,2019/08/22,2019/08/23,0,"9,1",30
Palau de Palomar,471283,Apartamentos,Valencia,1,1,€ 169,2019/08/22,2019/08/23,0,"9,2",30
Hotel Boutique Balandret,1281710,Hotel,Valencia,1,1,€ 171,2019/08/22,2019/08/23,3,"9,2",30
Purple Nest Hostel,25278,Hotel,Valencia,1,1,€ 61,2019/08/22,2019/08/23,0,8,30
L'Otelet By Sweet,1467935,Hotel,Valencia,1,1,€ 64,2019/08/22,2019/08/23,0,"8,4",30
Center City Flats,861452,Apartamentos,Valencia,1,1,€ 171,2019/08/22,2019/08/23,0,"9,1",30
Hi Valencia Cánovas,4312120,Apartamentos,Valencia,1,1,€ 180,2019/08/22,2019/08/23,0,9,30
Live in Chianti Apartaments,2882632,Apartamentos,Valencia,1,1,€ 184,2019/08/22,2019/08/23,0,"9,1",30
Lighthouse,2384209,Apartamento,Valencia,1,1,€ 195,2019/08/22,2019/08/23,0,"9,3",30
Apartamento Ciencias y Justicia,3825841,Apartamento,Valencia,1,1,NA,2019/08/22,2019/08/23,0,"9,6",30
NH Valencia Center,90727,Hotel,Valencia,1,1,€ 93,2019/08/22,2019/08/23,4,"8,3",30
El 16 Ruzafa,865461,Hotel,Valencia,1,1,€ 124,2019/08/22,2019/08/23,0,"7,7",30
Apartamento Alguer,4005334,Hotel,Valencia,1,1,€ 135,2019/08/22,2019/08/23,0,"7,5",30
Sol Playa,12656,Hotel,Valencia,1,1,€ 97,2019/08/22,2019/08/23,2,"8,3",30
Senator Parque Central Hotel,274963,Hotel,Valencia,1,1,€ 97,2019/08/22,2019/08/23,4,"8,1",30
Mon Suites San Martin,2777545,Apartamentos,Valencia,1,1,€ 196,2019/08/22,2019/08/23,0,"9,4",30
Caro Hotel,348132,Hotel,Valencia,1,1,€ 199,2019/08/22,2019/08/23,5,"9,2",30
Tryp Valencia Feria,92852,Hotel,Valencia,1,1,€ 68,2019/08/22,2019/08/23,4,"8,3",30
Dormavalencia Hostel Regne,291755,Hotel,Valencia,1,1,€ 70,2019/08/22,2019/08/23,1,8,30
Casual de las Artes Valencia,538056,Hotel,Valencia,1,1,€ 99,2019/08/22,2019/08/23,3,"8,4",30
SHF Flats Baron,1033085,Apartamentos,Valencia,1,1,€ 100,2019/08/22,2019/08/23,0,8,30
Apartamentos Valencia Luxury Center,2011524,Hotel,Valencia,1,1,€ 145,2019/08/22,2019/08/23,0,"7,8",30
El Globo,24498,Hotel,Valencia,1,1,€ 160,2019/08/22,2019/08/23,1,"7,8",30
Hotel Olympia Universidades,1301731,Hotel,Valencia,1,1,€ 70,2019/08/22,2019/08/23,3,"8,4",30
Residencia Universitaria Damia Bonet,247451,Hotel,Valencia,1,1,€ 72,2019/08/22,2019/08/23,0,"8,4",30
ABCyou Bed&Breakfast,189207,Hotel,Valencia,1,1,€ 73,2019/08/22,2019/08/23,0,"8,4",30
Living Valencia - Patacona Beach 40,4049287,Hotel,Valencia,1,1,€ 165,2019/08/22,2019/08/23,0,"7,8",30
Valencia Boutique Plaza de la Reina,1541067,Apartamentos,Valencia,1,1,€ 100,2019/08/22,2019/08/23,0,8,30
Apartamento luminoso y acogedor,3489126,Apartamento,Valencia,1,1,NA,2019/08/22,2019/08/23,0,"9,6",30
Primus Valencia,331871,Hotel,Valencia,1,1,€ 100,2019/08/22,2019/08/23,4,"8,3",30
Hotel Valencia Center,91285,Hotel,Valencia,1,1,€ 102,2019/08/22,2019/08/23,4,"8,4",30
Happy Apartments Valencia – Lope de Vega,575582,Apartamentos,Valencia,1,1,€ 104,2019/08/22,2019/08/23,0,"8,1",30
Valencia Luxury Attics Ayuntamiento,337092,Hotel,Valencia,1,1,€ 170,2019/08/22,2019/08/23,0,"7,5",30
Valencia Luxury Central Market,1078335,Hotel,Valencia,1,1,€ 180,2019/08/22,2019/08/23,0,"7,5",30
Happy Apartments Valencia,456043,Apartamentos,Valencia,1,1,€ 104,2019/08/22,2019/08/23,0,"8,2",30
NH Valencia Las Artes,90731,Hotel,Valencia,1,1,€ 106,2019/08/22,2019/08/23,4,"8,3",30
City Center Apartment,5084891,Hotel,Valencia,1,1,€ 190,2019/08/22,2019/08/23,0,"7,8",30
Hotel Medium Valencia,96838,Hotel,Valencia,1,1,€ 108,2019/08/22,2019/08/23,4,"8,2",30
Precioso piso junto al antiguo barrio de Campanar,3297078,Apartamento,Valencia,1,1,NA,2019/08/22,2019/08/23,0,"9,6",30
SH Ingles Boutique Hotel,92956,Hotel,Valencia,1,1,€ 108,2019/08/22,2019/08/23,4,"8,4",30
Spain Host Valencia- Plaza del Ayuntamiento,2257049,Hotel,Valencia,1,1,€ 200,2019/08/22,2019/08/23,0,"7,6",30
MD Art Apartment Ruzafa,2550955,Hotel,Valencia,1,1,€ 387,2019/08/22,2019/08/23,0,"7,7",30
Preciosos Apartamentos en el Carmen,2918345,Apartamentos,Valencia,1,1,€ 110,2019/08/22,2019/08/23,0,"8,1",30
Suites by Eric Olsan (Peset),4726296,Apartamentos,Valencia,1,1,€ 111,2019/08/22,2019/08/23,0,"8,1",30
MD Abastos Center,2551194,Hotel,Valencia,1,1,€ 455,2019/08/22,2019/08/23,0,"7,7",30
La Casa Del Colibri Youth Hostel,2094497,Hotel,Valencia,1,1,€ 479,2019/08/22,2019/08/23,0,"7,9",30
Holiday Inn Express Ciudad de las Ciencias,96737,Hotel,Valencia,1,1,€ 117,2019/08/22,2019/08/23,3,8,30
United Colors of Apartments - Catedral,1301545,Apartamentos,Valencia,1,1,€ 118,2019/08/22,2019/08/23,0,"8,1",30
Silken Puerta Valencia,91182,Hotel,Valencia,1,1,€ 122,2019/08/22,2019/08/23,4,"8,3",30
MD Oliag I Apartment Ruzafa,2867488,Hotel,Valencia,1,1,€ 513,2019/08/22,2019/08/23,0,"7,7",30
Zen House,3671621,Hotel,Valencia,1,1,€ 39,2019/08/22,2019/08/23,0,"7,2",30
Tranvia a la Playa Malvarrosa,3183912,Apartamento,Valencia,1,1,NA,2019/08/22,2019/08/23,0,"9,5",30
Valenciaflats Torres de Serrano,17468,Apartamentos,Valencia,1,1,€ 124,2019/08/22,2019/08/23,0,"8,3",30
Hotel Conqueridor,91047,Hotel,Valencia,1,1,€ 126,2019/08/22,2019/08/23,4,"8,4",30
Guest House Lebon,3124256,Hotel,Valencia,1,1,€ 40,2019/08/22,2019/08/23,0,7,30
Guest House Samuel Ros,4161855,Hotel,Valencia,1,1,€ 45,2019/08/22,2019/08/23,0,"7,4",30
Kirei Apartment Calgary,4768322,Apartamento,Valencia,1,1,€ 126,2019/08/22,2019/08/23,0,"8,4",30
Hotel Miramar,23332,Hotel,Valencia,1,1,€ 126,2019/08/22,2019/08/23,2,"8,4",30
La Flamenca,818359,Hotel,Valencia,1,1,€ 45,2019/08/22,2019/08/23,0,"7,3",30
Ruzafa Rooms,2891693,Hotel,Valencia,1,1,€ 51,2019/08/22,2019/08/23,0,7,30
Room in apartment,3701648,Hotel,Valencia,1,1,€ 130,2019/08/22,2019/08/23,0,8,30
Apartment Florista,2150187,Apartamento,Valencia,1,1,€ 135,2019/08/22,2019/08/23,0,8,30
Friendly Rentals Gimenez,1634242,Apartamento,Valencia,1,1,€ 135,2019/08/22,2019/08/23,0,"8,2",30
Living Valencia - Tetuán,3217954,Apartamentos,Valencia,1,1,€ 150,2019/08/22,2019/08/23,0,"8,1",30
Living Valencia - Biblioteca,2843260,Apartamentos,Valencia,1,1,€ 153,2019/08/22,2019/08/23,0,8,30
Friendly Rentals Ferrero,2314984,Apartamento,Valencia,1,1,€ 155,2019/08/22,2019/08/23,0,"8,4",30
Living Valencia -Correos,3062274,Apartamentos,Valencia,1,1,€ 156,2019/08/22,2019/08/23,0,"8,4",30
Friendly Rentals Telemann,1634241,Apartamento,Valencia,1,1,€ 160,2019/08/22,2019/08/23,0,8,30
Friendly Rentals Abad,1634238,Apartamento,Valencia,1,1,€ 175,2019/08/22,2019/08/23,0,"8,2",30
NWT Central Station Apartments,3964093,Apartamento,Valencia,1,1,€ 189,2019/08/22,2019/08/23,0,"8,4",30
Musico Peydro Apartments,3765069,Apartamentos,Valencia,1,1,€ 236,2019/08/22,2019/08/23,0,"8,2",30
Hotel Neptuno,91206,Hotel,Valencia,1,1,€ 352,2019/08/22,2019/08/23,4,"8,4",30
MD Sueca. Apartment with Terrace Ruzafa,2551179,Apartamento,Valencia,1,1,€ 513,2019/08/22,2019/08/23,0,"8,1",30
UP Hostel Valencia,1710137,Hotel,Valencia,1,1,€ 33,2019/08/22,2019/08/23,0,"7,8",30
