name,propertyId,propertyType,city,rooms,days,price,checkIn,checkOut,stars,score,advance
Kirei Apartment Portland,4276529,Apartamentos,Valencia,1,1,€ 200,2019/09/29,2019/09/30,0,6,60
RoomTuristValencia - Ruzafa,4608394,NA,Valencia,1,1,€ 30,2019/09/29,2019/09/30,0,"5,9",60
Valencia Town Center New Apartments,4652750,Apartamentos,Valencia,1,1,NA,2019/09/29,2019/09/30,0,"9,3",60
Carrer del Bisbe Jaume Pérez,4900140,NA,Valencia,1,1,€ 60,2019/09/29,2019/09/30,0,"5,8",60
Home Sweet Home,1223953,NA,Valencia,1,1,€ 60,2019/09/29,2019/09/30,0,"5,6",60
Oliver,4865093,NA,Valencia,1,1,€ 66,2019/09/29,2019/09/30,0,"5,6",60
Kirei Apartment Berlin,4504570,Apartamentos,Valencia,1,1,€ 137,2019/09/29,2019/09/30,0,"5,5",60
RoomTuristValencia Estacion del Norte,4682632,NA,Valencia,1,1,€ 35,2019/09/29,2019/09/30,0,"5,4",60
RoomTuristValencia RuzafaSumsi,4682802,NA,Valencia,1,1,€ 40,2019/09/29,2019/09/30,0,"5,1",60
VLC Downtown Flats,4637615,Apartamentos,Valencia,1,1,NA,2019/09/29,2019/09/30,0,"9,3",60
Port of Valencia,3805735,Casa o chalet,Valencia,1,1,€ 79,2019/09/29,2019/09/30,0,5,60
RoomTuristValencia Torres de Quart,4565643,NA,Valencia,1,1,€ 30,2019/09/29,2019/09/30,0,"4,8",60
Habitación en Apartamento soleado Plaza Escultor Frechina,4865043,NA,Valencia,1,1,€ 55,2019/09/29,2019/09/30,0,"4,9",60
Malvarosa,3820590,Apartamento,Valencia,1,1,€ 290,2019/09/29,2019/09/30,0,4,60
Experiencia en Caravana,5441777,NA,Valencia,1,1,€ 50,2019/09/29,2019/09/30,0,,60
Amplia habitación en piso compartido,5433175,NA,Valencia,1,1,€ 50,2019/09/29,2019/09/30,0,,60
Ruzzafa Codrut,3035322,Apartamento,Valencia,1,1,NA,2019/09/29,2019/09/30,0,"9,3",60
Rooms El Picolino,5326859,NA,Valencia,1,1,€ 60,2019/09/29,2019/09/30,0,,60
vosotros sereis parte de mi familia.,5299568,NA,Valencia,1,1,€ 60,2019/09/29,2019/09/30,0,,60
Hogar Dulce Hogar,5426607,NA,Valencia,1,1,€ 60,2019/09/29,2019/09/30,0,,60
Mi casa es vuestra casa,4967097,NA,Valencia,1,1,€ 70,2019/09/29,2019/09/30,0,,60
Nest Style Valencia -Proxima apertura-,5219046,NA,Valencia,1,1,€ 76,2019/09/29,2019/09/30,3,,60
Acogedor apartamento en zona universitaria y playa,5414090,Casa o chalet,Valencia,1,1,€ 78,2019/09/29,2019/09/30,0,,60
Loft zona Pechina en Valencia centro,2524985,Apartamento,Valencia,1,1,NA,2019/09/29,2019/09/30,0,"9,2",60
Magnífico Adosado- cerca de Valencia ciudad- en zona de montaña y playa fluvial,5354233,Casa o chalet,Valencia,1,1,€ 89,2019/09/29,2019/09/30,0,,60
APARTAMENTO VALENCIA CENTRO,5145920,Apartamento,Valencia,1,1,€ 90,2019/09/29,2019/09/30,0,,60
Comfort Homestay,5423155,NA,Valencia,1,1,€ 90,2019/09/29,2019/09/30,0,,60
Casual Socarrat Valencia,5142800,NA,Valencia,1,1,€ 94,2019/09/29,2019/09/30,3,,60
Blanq Comedias,4922002,NA,Valencia,1,1,€ 95,2019/09/29,2019/09/30,0,,60
Casa de la Reina,5394089,NA,Valencia,1,1,€ 100,2019/09/29,2019/09/30,0,,60
Mediterranean Flats Plaza Redonda,4086496,Apartamentos,Valencia,1,1,NA,2019/09/29,2019/09/30,0,"9,2",60
CENTER next to LA LONJA+WIFI,4093868,Apartamento,Valencia,1,1,€ 103,2019/09/29,2019/09/30,0,,60
Calle Cuenca,4093857,Apartamento,Valencia,1,1,€ 113,2019/09/29,2019/09/30,0,,60
Kirei Apartment Vienna,4639797,Apartamento,Valencia,1,1,€ 115,2019/09/29,2019/09/30,0,,60
Welcome to Valencia Peset Aleixandre 135,5047732,Apartamento,Valencia,1,1,€ 115,2019/09/29,2019/09/30,0,,60
Miresa flats,5300418,Apartamento,Valencia,1,1,€ 125,2019/09/29,2019/09/30,0,,60
Kirei Apartment Dublin,4639542,Apartamento,Valencia,1,1,€ 126,2019/09/29,2019/09/30,0,,60
Friendly Rentals Torrealba,1634243,Apartamento,Valencia,1,1,NA,2019/09/29,2019/09/30,0,"9,4",60
Old Town Flats Casa Burguerini,4552106,Apartamentos,Valencia,1,1,€ 149,2019/09/29,2019/09/30,0,,60
DREAM APARTMENT NEAR THE BEACH,5162600,Apartamento,Valencia,1,1,€ 170,2019/09/29,2019/09/30,0,,60
PLENO CENTRO (P24),4093891,Apartamento,Valencia,1,1,€ 175,2019/09/29,2019/09/30,0,,60
"Flat ""Ca Alexandre""",3687859,Apartamento,Valencia,1,1,€ 195,2019/09/29,2019/09/30,0,,60
17 PLAZA AYUNTAMIENTO-CENTRO 6p.,4093819,Apartamento,Valencia,1,1,€ 195,2019/09/29,2019/09/30,0,,60
07 PLAZA DEL AYUNTAMIENTO - CENTRO 6personas,4093811,Apartamento,Valencia,1,1,€ 195,2019/09/29,2019/09/30,0,,60
37 PLAZA AYUNTAMIENTO-CENTRO 6p.,4093843,Apartamento,Valencia,1,1,€ 206,2019/09/29,2019/09/30,0,,60
Hogar Dulce Hogar,5441488,NA,Valencia,1,1,€ 216,2019/09/29,2019/09/30,0,,60
Espaciosa y cómoda vivienda,5342327,Apartamento,Valencia,1,1,€ 238,2019/09/29,2019/09/30,0,,60
Apartamento con terraza,5238122,Apartahotel,Valencia,1,1,€ 240,2019/09/29,2019/09/30,0,,60
beach front house/ frente al mar,5424585,Casa o chalet,Valencia,1,1,€ 298,2019/09/29,2019/09/30,0,,60
Aloha Apartment Center Valencia,3101443,Apartamento,Valencia,1,1,€ 350,2019/09/29,2019/09/30,0,,60
MD PASEO RUZAFA CENTER,5374850,Apartamento,Valencia,1,1,€ 439,2019/09/29,2019/09/30,0,,60
Governor Residence,3799760,Apartahotel,Valencia,1,1,€ 600,2019/09/29,2019/09/30,0,,60
Gulet Why Not,5199364,NA,Valencia,1,1,€ 3.600,2019/09/29,2019/09/30,0,,60
One Shot Palacio Reina Victoria 04,90885,NA,Valencia,1,1,€ 125,2019/09/29,2019/09/30,4,"8,6",60
Buho House,3777691,Apartahotel,Valencia,1,1,€ 128,2019/09/29,2019/09/30,0,"8,5",60
Purísima Street I,2471259,Apartamento,Valencia,1,1,NA,2019/09/29,2019/09/30,0,"9,5",60
Zaidia Sunny Apartment,4727219,Apartamento,Valencia,1,1,€ 130,2019/09/29,2019/09/30,0,"8,6",60
Friendly Rentals Soler,1634237,Apartamento,Valencia,1,1,€ 135,2019/09/29,2019/09/30,0,"8,6",60
ValentiaApartments - MercadoCentral,4185241,Apartamentos,Valencia,1,1,€ 136,2019/09/29,2019/09/30,0,"8,7",60
Apartments in Villa Oliva Tossal Gros,3083529,Casa o chalet,Valencia,1,1,€ 140,2019/09/29,2019/09/30,0,"8,8",60
Penthouse at City Center,2592975,Apartamento,Valencia,1,1,€ 148,2019/09/29,2019/09/30,0,"8,5",60
AC Hotel Colon Valencia- a Marriott Lifestyle Hotel,1117150,NA,Valencia,1,1,€ 149,2019/09/29,2019/09/30,4,"8,6",60
So de Mar,2204496,Apartamento,Valencia,1,1,NA,2019/09/29,2019/09/30,0,"9,6",60
Stylish newly renovated in great location /WIFI,3661070,Apartamento,Valencia,1,1,€ 149,2019/09/29,2019/09/30,0,"8,6",60
Apartamento Sofia,2552406,Apartamento,Valencia,1,1,€ 150,2019/09/29,2019/09/30,0,"8,5",60
Friendly Rentals Strauss,1634236,Apartamento,Valencia,1,1,€ 155,2019/09/29,2019/09/30,0,"8,8",60
Friendly Rentals Verdi 2,2523881,Apartamento,Valencia,1,1,€ 155,2019/09/29,2019/09/30,0,"8,8",60
Hospes Palau de La Mar,93823,NA,Valencia,1,1,€ 157,2019/09/29,2019/09/30,5,"8,8",60
Vincci Palace,94163,NA,Valencia,1,1,€ 158,2019/09/29,2019/09/30,4,"8,6",60
Valencia what else...,2550483,Apartamento,Valencia,1,1,NA,2019/09/29,2019/09/30,0,"9,5",60
Puerta de Serranos,2734333,Apartamentos,Valencia,1,1,€ 166,2019/09/29,2019/09/30,0,"8,7",60
Flatsforyou Marina,1793012,Apartamentos,Valencia,1,1,€ 170,2019/09/29,2019/09/30,0,"8,7",60
Vincci Lys,91183,NA,Valencia,1,1,€ 176,2019/09/29,2019/09/30,4,"8,9",60
The Westin Valencia,93321,NA,Valencia,1,1,€ 178,2019/09/29,2019/09/30,5,"8,7",60
Cathedral Suites Hotel,1736257,Apartahotel,Valencia,1,1,€ 199,2019/09/29,2019/09/30,4,"8,9",60
Zerka Centro,4425975,Apartamentos,Valencia,1,1,€ 199,2019/09/29,2019/09/30,0,"8,5",60
Lounge by the sea,4756780,Apartamento,Valencia,1,1,NA,2019/09/29,2019/09/30,0,"9,8",60
Friendly Rentals Rey,1634248,Apartamento,Valencia,1,1,€ 205,2019/09/29,2019/09/30,0,"8,9",60
Mar & City Apartment,3456759,Apartamento,Valencia,1,1,€ 215,2019/09/29,2019/09/30,0,"8,9",60
SingularStays Parque Central,3054000,Apartamentos,Valencia,1,1,€ 225,2019/09/29,2019/09/30,0,"8,8",60
Habitación Céntrica en Casa de Familia,4289877,NA,Valencia,1,1,€ 35,2019/09/29,2019/09/30,0,8,60
B&B Hi Valencia Canovas,305349,NA,Valencia,1,1,€ 38,2019/09/29,2019/09/30,0,"8,4",60
HOSPEDAJE PESET,4718074,NA,Valencia,1,1,€ 40,2019/09/29,2019/09/30,0,"8,1",60
City Valencia Beach 360,4504803,Apartamento,Valencia,1,1,NA,2019/09/29,2019/09/30,0,"9,6",60
Habitacion en Valencia Barata,4861796,NA,Valencia,1,1,€ 45,2019/09/29,2019/09/30,0,"8,2",60
Red Nest Hostel,92283,NA,Valencia,1,1,€ 45,2019/09/29,2019/09/30,0,"8,2",60
Purple Nest Hostel,25278,NA,Valencia,1,1,€ 49,2019/09/29,2019/09/30,0,8,60
Casa Mati,4217185,NA,Valencia,1,1,€ 50,2019/09/29,2019/09/30,0,"8,3",60
Hostal Abastos,257057,NA,Valencia,1,1,€ 50,2019/09/29,2019/09/30,2,"8,2",60
Hotel Olympia Universidades,1301731,NA,Valencia,1,1,€ 53,2019/09/29,2019/09/30,3,"8,4",60
Stay at Valencia Downtown,1840715,Apartamento,Valencia,1,1,NA,2019/09/29,2019/09/30,0,"9,5",60
Urban Youth Hostel,1163025,NA,Valencia,1,1,€ 55,2019/09/29,2019/09/30,0,"8,4",60
Aparthotel Valencia Rental,17344,Apartahotel,Valencia,1,1,€ 55,2019/09/29,2019/09/30,0,8,60
Hotel Villacarlos,90730,NA,Valencia,1,1,€ 58,2019/09/29,2019/09/30,3,8,60
Style Apartments Puerto,1558265,Apartamentos,Valencia,1,1,€ 59,2019/09/29,2019/09/30,0,"8,1",60
NH Valencia Las Ciencias,90725,NA,Valencia,1,1,€ 59,2019/09/29,2019/09/30,3,8,60
Palacios Rooms,2773548,NA,Valencia,1,1,€ 59,2019/09/29,2019/09/30,0,"8,3",60
Pension MonaLisa Luxury Suites,3834224,NA,Valencia,1,1,€ 60,2019/09/29,2019/09/30,0,"8,2",60
Apartamentos Valencia,1007682,Apartamentos,Valencia,1,1,€ 60,2019/09/29,2019/09/30,0,"8,2",60
Reina 12,1684198,NA,Valencia,1,1,€ 60,2019/09/29,2019/09/30,0,"8,3",60
Eurostars Rey Don Jaime,91520,NA,Valencia,1,1,€ 62,2019/09/29,2019/09/30,4,"8,2",60
Tryp Valencia Feria,92852,NA,Valencia,1,1,€ 63,2019/09/29,2019/09/30,4,"8,3",60
L'Otelet By Sweet,1467935,NA,Valencia,1,1,€ 64,2019/09/29,2019/09/30,0,"8,3",60
Sweet Hotel Renasa,274818,NA,Valencia,1,1,€ 64,2019/09/29,2019/09/30,3,8,60
Coroa Malvarrosa,1638172,Apartamentos,Valencia,1,1,€ 64,2019/09/29,2019/09/30,0,"8,2",60
Alquiler Habitacion Centro De Valencia,3977106,NA,Valencia,1,1,€ 64,2019/09/29,2019/09/30,0,"8,1",60
Dormavalencia Hostel Regne,291755,NA,Valencia,1,1,€ 65,2019/09/29,2019/09/30,1,8,60
NH Valencia Las Artes,90731,NA,Valencia,1,1,€ 66,2019/09/29,2019/09/30,4,"8,3",60
Down Town,1656378,Apartamentos,Valencia,1,1,€ 67,2019/09/29,2019/09/30,0,"8,3",60
Apartamento Alguer,4005334,NA,Valencia,1,1,€ 125,2019/09/29,2019/09/30,0,"7,6",60
Apartment Valencia,348555,NA,Valencia,1,1,€ 139,2019/09/29,2019/09/30,0,"7,7",60
Valencia what else...,2550483,NA,Valencia,1,1,NA,2019/09/29,2019/09/30,0,"9,5",60
El Globo,24498,NA,Valencia,1,1,€ 144,2019/09/29,2019/09/30,1,"7,8",60
Friendly Rentals Danna,1634254,NA,Valencia,1,1,€ 160,2019/09/29,2019/09/30,0,"7,6",60
Valencia Luxury Central Market,1078335,NA,Valencia,1,1,€ 180,2019/09/29,2019/09/30,0,"7,5",60
Loft el Carmen amazing views,4932621,NA,Valencia,1,1,€ 182,2019/09/29,2019/09/30,0,"7,9",60
Valencia Luxury Attics Ayuntamiento,337092,NA,Valencia,1,1,€ 220,2019/09/29,2019/09/30,0,"7,5",60
MD Art Apartment Ruzafa,2550955,NA,Valencia,1,1,€ 291,2019/09/29,2019/09/30,0,"7,7",60
Apartments Downtown Valencia,2250421,NA,Valencia,1,1,NA,2019/09/29,2019/09/30,0,"9,6",60
MD Pelayo with terrace,1979067,NA,Valencia,1,1,€ 291,2019/09/29,2019/09/30,0,"7,8",60
MD Abastos Center,2551194,NA,Valencia,1,1,€ 329,2019/09/29,2019/09/30,0,"7,7",60
MD Oliag I Apartment Ruzafa,2867488,NA,Valencia,1,1,€ 375,2019/09/29,2019/09/30,0,"7,7",60
Guest House Samuel Ros,4161855,NA,Valencia,1,1,€ 35,2019/09/29,2019/09/30,0,"7,4",60
Guest House Lebon,3124256,NA,Valencia,1,1,€ 35,2019/09/29,2019/09/30,0,7,60
feliz como en casa,3676196,NA,Valencia,1,1,€ 36,2019/09/29,2019/09/30,0,"7,1",60
Apartamento Comedias,2236348,NA,Valencia,1,1,NA,2019/09/29,2019/09/30,0,"9,8",60
Hostal Waksman,281139,NA,Valencia,1,1,€ 38,2019/09/29,2019/09/30,1,"7,3",60
Hostal Residencial RR,450746,NA,Valencia,1,1,€ 40,2019/09/29,2019/09/30,0,7,60
Ruzafa Rooms,2891693,NA,Valencia,1,1,€ 40,2019/09/29,2019/09/30,0,7,60
La Flamenca,818359,NA,Valencia,1,1,€ 40,2019/09/29,2019/09/30,0,"7,3",60
Centro Valencia Calle Cerrajeros,3476261,NA,Valencia,1,1,€ 50,2019/09/29,2019/09/30,0,7,60
Casual de la Música Valencia,273130,NA,Valencia,1,1,€ 51,2019/09/29,2019/09/30,2,"7,4",60
Stay at Valencia Downtown,1840715,NA,Valencia,1,1,NA,2019/09/29,2019/09/30,0,"9,5",60
Sampedor Apartment,435662,NA,Valencia,1,1,€ 55,2019/09/29,2019/09/30,0,7,60
Cosy Rooms Embajador,369728,NA,Valencia,1,1,€ 61,2019/09/29,2019/09/30,2,"7,4",60
Avenida del Cid (Centrico),4737683,NA,Valencia,1,1,€ 62,2019/09/29,2019/09/30,0,"7,3",60
Cosy Rooms Bolsería,371606,NA,Valencia,1,1,€ 65,2019/09/29,2019/09/30,2,"7,4",60
Central Station Valencia Hostel,1647017,NA,Valencia,1,1,€ 69,2019/09/29,2019/09/30,0,"7,1",60
HOSTAL BED OF THE SEA,3974636,NA,Valencia,1,1,€ 72,2019/09/29,2019/09/30,0,7,60
Apartments Torres de Serranos Valencia,1099602,NA,Valencia,1,1,NA,2019/09/29,2019/09/30,0,"9,6",60
Malvarrosa Beach Rooms,314048,NA,Valencia,1,1,€ 85,2019/09/29,2019/09/30,2,"7,1",60
Homestay & OLEE,4132920,NA,Valencia,1,1,€ 85,2019/09/29,2019/09/30,0,"7,3",60
Valencia Apartments,4367788,NA,Valencia,1,1,€ 87,2019/09/29,2019/09/30,0,"7,2",60
Accommodation Beach Apartments,1001766,NA,Valencia,1,1,€ 89,2019/09/29,2019/09/30,0,"7,1",60
Valencia Apartmans El Carmen,847910,NA,Valencia,1,1,€ 92,2019/09/29,2019/09/30,0,"7,3",60
Apartamento Angel Alcazar 35,2174625,NA,Valencia,1,1,€ 95,2019/09/29,2019/09/30,0,"7,4",60
Maison Reina B&B,5004812,NA,Valencia,1,1,NA,2019/09/29,2019/09/30,0,"9,5",60
Suites by Eric Olsan (L),4287413,NA,Valencia,1,1,€ 98,2019/09/29,2019/09/30,0,"7,3",60
Kirei Apartment Na Jordana,1702092,NA,Valencia,1,1,€ 98,2019/09/29,2019/09/30,0,7,60
Bonito apartamento en Valencia!,3646923,NA,Valencia,1,1,€ 102,2019/09/29,2019/09/30,0,"7,4",60
NWT Monserrat,3728842,NA,Valencia,1,1,€ 112,2019/09/29,2019/09/30,0,"7,1",60
La Casa dei Fiori,2849727,NA,Valencia,1,1,€ 114,2019/09/29,2019/09/30,0,"7,2",60
Valencia Luxury Catedral,440778,NA,Valencia,1,1,€ 170,2019/09/29,2019/09/30,0,"7,1",60
Best Valencia Beach Flat,3246772,NA,Valencia,1,1,€ 192,2019/09/29,2019/09/30,0,"7,1",60
Kirei Apartment En Llop,1765516,NA,Valencia,1,1,€ 195,2019/09/29,2019/09/30,0,"7,1",60
Valencia Boutique Center,387770,NA,Valencia,1,1,€ 300,2019/09/29,2019/09/30,0,7,60
Geography and Arts.,3569110,NA,Valencia,1,1,€ 60,2019/09/29,2019/09/30,0,"6,6",60
Loft Central Market - Tapas,3187998,NA,Valencia,1,1,€ 94,2019/09/29,2019/09/30,0,"6,6",60
Apartamento para 10 personas,5029963,NA,Valencia,1,1,€ 200,2019/09/29,2019/09/30,0,"6,9",60
Malvarrosa Beach,3546692,NA,Valencia,1,1,€ 768,2019/09/29,2019/09/30,0,"6,9",60
Guest House Higinio Noja,2845935,NA,Valencia,1,1,€ 30,2019/09/29,2019/09/30,0,6,60
Habitación con cama doble,4794909,NA,Valencia,1,1,€ 41,2019/09/29,2019/09/30,0,"6,4",60
Fun and Sun Center 2,2944416,NA,Valencia,1,1,€ 45,2019/09/29,2019/09/30,0,"6,2",60
Casita Esmeralda,2040126,NA,Valencia,1,1,€ 139,2019/09/29,2019/09/30,0,"6,4",60
Kirei Apartment San Agustin,1712323,NA,Valencia,1,1,€ 187,2019/09/29,2019/09/30,0,"6,4",60
Soho Valencia,1538641,Apartahotel,Valencia,1,1,€ 78,2019/09/29,2019/09/30,0,"8,9",60
Luz de Valencia,2076095,Apartamentos,Valencia,1,1,€ 79,2019/09/29,2019/09/30,0,"8,8",60
Central Park Apartment Valencia,3881533,Apartamento,Valencia,1,1,NA,2019/09/29,2019/09/30,0,"9,6",60
Homestay Carrer Sagun,5006434,NA,Valencia,1,1,€ 80,2019/09/29,2019/09/30,0,"8,7",60
Burjassot Mestalla,3058627,Apartamento,Valencia,1,1,€ 80,2019/09/29,2019/09/30,0,"8,6",60
Apartamento Jesus De Medinaceli,1728697,Apartamento,Valencia,1,1,€ 80,2019/09/29,2019/09/30,0,"8,5",60
Sercotel Sorolla Palace,93646,NA,Valencia,1,1,€ 80,2019/09/29,2019/09/30,4,"8,6",60
Casa del Patriarca,364834,NA,Valencia,1,1,€ 81,2019/09/29,2019/09/30,0,"8,9",60
Hotel Dimar,90886,NA,Valencia,1,1,€ 81,2019/09/29,2019/09/30,4,"8,7",60
Apartamento luminoso y acogedor,3489126,Apartamento,Valencia,1,1,NA,2019/09/29,2019/09/30,0,"9,6",60
València Centre Túria,2185255,Apartamento,Valencia,1,1,€ 85,2019/09/29,2019/09/30,0,"8,8",60
Casa de Maria,2467712,Apartamento,Valencia,1,1,€ 85,2019/09/29,2019/09/30,0,"8,5",60
Hotel Valencia Oceanic Managed by Melia Hotels International,91522,NA,Valencia,1,1,€ 85,2019/09/29,2019/09/30,4,"8,6",60
Jardín Botánico Hotel Boutique,93369,NA,Valencia,1,1,€ 87,2019/09/29,2019/09/30,3,"8,9",60
Lotelito,570027,NA,Valencia,1,1,€ 87,2019/09/29,2019/09/30,0,"8,9",60
Zalamera BnB,1331238,NA,Valencia,1,1,€ 87,2019/09/29,2019/09/30,0,"8,7",60
Apartamento centro frente a Torres de Serrano,3408067,Apartamento,Valencia,1,1,NA,2019/09/29,2019/09/30,0,"9,5",60
Hotel San Lorenzo Boutique,1307718,NA,Valencia,1,1,€ 88,2019/09/29,2019/09/30,3,"8,6",60
Ilunion Aqua 4,92777,NA,Valencia,1,1,€ 88,2019/09/29,2019/09/30,4,"8,5",60
Petit Palomar,2187491,Apartamentos,Valencia,1,1,€ 89,2019/09/29,2019/09/30,0,"8,9",60
One Shot Colón 46,1394168,NA,Valencia,1,1,€ 89,2019/09/29,2019/09/30,3,"8,7",60
Hotel Kramer,91106,NA,Valencia,1,1,€ 89,2019/09/29,2019/09/30,3,"8,8",60
Valenciaflats Centro Histórico,94781,Apartamentos,Valencia,1,1,€ 91,2019/09/29,2019/09/30,0,"8,7",60
Apartment Cabanyal,3172456,Apartamento,Valencia,1,1,NA,2019/09/29,2019/09/30,0,"9,8",60
Melia Valencia,290493,NA,Valencia,1,1,€ 93,2019/09/29,2019/09/30,4,"8,8",60
Hotel El Siglo,1741479,NA,Valencia,1,1,€ 93,2019/09/29,2019/09/30,3,"8,5",60
Petit Palace Ruzafa,90792,NA,Valencia,1,1,€ 94,2019/09/29,2019/09/30,3,"8,7",60
Barceló Valencia,91988,NA,Valencia,1,1,€ 95,2019/09/29,2019/09/30,4,"8,6",60
Ad Hoc Monumental,90719,NA,Valencia,1,1,€ 95,2019/09/29,2019/09/30,3,"8,6",60
Suites by Eric Olsan (Florista),4726450,Apartamentos,Valencia,1,1,€ 97,2019/09/29,2019/09/30,0,"8,6",60
Atico Loft Ruzafa,3152977,Apartamento,Valencia,1,1,NA,2019/09/29,2019/09/30,0,"9,7",60
Catalonia Excelsior,90578,NA,Valencia,1,1,€ 100,2019/09/29,2019/09/30,3,"8,7",60
BUBUFLATS Mossén,1141763,Apartamentos,Valencia,1,1,€ 100,2019/09/29,2019/09/30,0,"8,9",60
BUBUFLATS / Mercat,783206,Apartamentos,Valencia,1,1,€ 100,2019/09/29,2019/09/30,0,"8,9",60
València Centre Torres de Quart,886289,Apartamentos,Valencia,1,1,€ 100,2019/09/29,2019/09/30,0,"8,9",60
SH Valencia Palace,91497,NA,Valencia,1,1,€ 102,2019/09/29,2019/09/30,5,"8,5",60
Casual Vintage Valencia,1710241,NA,Valencia,1,1,€ 104,2019/09/29,2019/09/30,2,"8,5",60
Apartamento,3139431,Apartamento,Valencia,1,1,NA,2019/09/29,2019/09/30,0,"9,5",60
Melia Plaza Valencia,13270,NA,Valencia,1,1,€ 105,2019/09/29,2019/09/30,4,"8,9",60
Zenit Valencia,92327,NA,Valencia,1,1,€ 107,2019/09/29,2019/09/30,4,"8,8",60
Petit Palace Plaza de la Reina,90443,NA,Valencia,1,1,€ 107,2019/09/29,2019/09/30,3,"8,7",60
SKY TOURISTIC ATTIC,281640,Apartamentos,Valencia,1,1,€ 108,2019/09/29,2019/09/30,0,"8,5",60
Hotel Mediterraneo Valencia,92412,NA,Valencia,1,1,€ 110,2019/09/29,2019/09/30,3,"8,8",60
New Trendy apartment,2426154,Apartamento,Valencia,1,1,€ 110,2019/09/29,2019/09/30,0,"8,8",60
Friendly Rentals Brade,1918694,Apartamento,Valencia,1,1,€ 110,2019/09/29,2019/09/30,0,"8,9",60
Biopark View Apartment,2381901,Apartamento,Valencia,1,1,€ 110,2019/09/29,2019/09/30,0,"8,9",60
Living Valencia - Patacona Beach 56,3718985,Apartamentos,Valencia,1,1,€ 113,2019/09/29,2019/09/30,0,"8,8",60
Perla Apartments,3146781,Apartamentos,Valencia,1,1,€ 117,2019/09/29,2019/09/30,0,"8,8",60
El Palacete Gran Via,3483148,NA,Valencia,1,1,€ 119,2019/09/29,2019/09/30,0,"8,7",60
Les flors,3985046,Apartamento,Valencia,1,1,€ 119,2019/09/29,2019/09/30,0,"8,9",60
Apartamento CT,2397544,Apartamento,Valencia,1,1,€ 120,2019/09/29,2019/09/30,0,"8,6",60
Friendly Rentals Schubert,1634221,Apartamentos,Valencia,1,1,€ 120,2019/09/29,2019/09/30,0,"8,9",60
Friendly Rentals Nyman,3245521,Apartamento,Valencia,1,1,€ 120,2019/09/29,2019/09/30,0,"8,9",60
Blanq Carmen Hotel,97069,NA,Valencia,1,1,€ 121,2019/09/29,2019/09/30,3,"8,7",60
Friendly Rentals Ravel I,1634234,Apartamento,Valencia,1,1,€ 122,2019/09/29,2019/09/30,0,"8,8",60
AC Hotel Valencia- a Marriott Lifestyle Hotel,91063,NA,Valencia,1,1,€ 124,2019/09/29,2019/09/30,4,"8,6",60
United Colors of Apartments Boutique Style,5372347,Apartamentos,Valencia,1,1,€ 89,2019/09/29,2019/09/30,0,10,60
Ramirez Flats & Bar,4124528,Apartahotel,Valencia,1,1,€ 77,2019/09/29,2019/09/30,0,"9,5",60
VALENCIA APARTAMENTO GOYA,4256653,Apartamento,Valencia,1,1,NA,2019/09/29,2019/09/30,0,10,60
Opera House Valencia B&B,3533887,NA,Valencia,1,1,€ 80,2019/09/29,2019/09/30,0,"9,5",60
Valencian Dreams,3268804,Apartamento,Valencia,1,1,€ 95,2019/09/29,2019/09/30,0,"9,8",60
L'Esplai Valencia Bed & Breakfast,1282556,NA,Valencia,1,1,€ 99,2019/09/29,2019/09/30,0,"9,6",60
Valencian Dreams Lonja,4757385,Apartamento,Valencia,1,1,€ 106,2019/09/29,2019/09/30,0,"9,7",60
Bubuflats Bubu 3,1014334,Apartamento,Valencia,1,1,€ 110,2019/09/29,2019/09/30,0,"9,6",60
Ciudad Ciencias- Lujo- Parking- Wi-Fi.,4999636,Apartamento,Valencia,1,1,€ 120,2019/09/29,2019/09/30,0,"9,8",60
Luxury Center Plaza Redonda,5138960,Apartamento,Valencia,1,1,NA,2019/09/29,2019/09/30,0,10,60
Olympia Flats,4212801,NA,Valencia,1,1,€ 60,2019/09/29,2019/09/30,0,"9,7",60
RUZAFA- CENTRO-A/C- WI-FI- PARKING,2885994,Apartamento,Valencia,1,1,€ 140,2019/09/29,2019/09/30,0,"9,7",60
Loft Superior el Carmen,2784473,Apartamento,Valencia,1,1,€ 212,2019/09/29,2019/09/30,0,"9,5",60
Down Town,1656378,Apartamentos,Valencia,1,1,€ 67,2019/09/29,2019/09/30,0,"8,3",60
Rio Turia Skatehouse,4624602,Apartamento,Valencia,1,1,€ 68,2019/09/29,2019/09/30,0,"8,1",60
Atico Loft Ruzafa,3152977,Apartamento,Valencia,1,1,NA,2019/09/29,2019/09/30,0,"9,7",60
NH Ciudad de Valencia,90729,NA,Valencia,1,1,€ 69,2019/09/29,2019/09/30,3,"8,1",60
United Colors of Apartments - Catedral,1301545,Apartamentos,Valencia,1,1,€ 69,2019/09/29,2019/09/30,0,"8,2",60
Hotel Alkazar,408511,NA,Valencia,1,1,€ 69,2019/09/29,2019/09/30,1,"8,1",60
SHF Flats Baron,1033085,Apartamentos,Valencia,1,1,€ 70,2019/09/29,2019/09/30,0,8,60
Hotel Sercotel Acteón Valencia,90495,NA,Valencia,1,1,€ 71,2019/09/29,2019/09/30,4,"8,4",60
Silken Puerta Valencia,91182,NA,Valencia,1,1,€ 72,2019/09/29,2019/09/30,4,"8,3",60
JL Ciudad de las Artes,3074378,Apartamento,Valencia,1,1,NA,2019/09/29,2019/09/30,0,"9,6",60
Hotel Valencia Center,91285,NA,Valencia,1,1,€ 72,2019/09/29,2019/09/30,4,"8,4",60
City Suites Apartments,3091106,NA,Valencia,1,1,€ 74,2019/09/29,2019/09/30,0,"8,4",60
Residencia Universitaria Damia Bonet,247451,NA,Valencia,1,1,€ 75,2019/09/29,2019/09/30,0,"8,3",60
Holiday Inn Express Ciudad de las Ciencias,96737,NA,Valencia,1,1,€ 77,2019/09/29,2019/09/30,3,8,60
Hotel Medium Valencia,96838,NA,Valencia,1,1,€ 77,2019/09/29,2019/09/30,4,"8,2",60
Senator Parque Central Hotel,274963,NA,Valencia,1,1,€ 77,2019/09/29,2019/09/30,4,"8,1",60
Casa La Buhardilla,2985364,Apartamento,Valencia,1,1,NA,2019/09/29,2019/09/30,0,"9,6",60
Happy Apartments Valencia – Lope de Vega,575582,Apartamentos,Valencia,1,1,€ 79,2019/09/29,2019/09/30,0,"8,1",60
Happy Apartments Valencia,456043,Apartamentos,Valencia,1,1,€ 79,2019/09/29,2019/09/30,0,"8,2",60
Primus Valencia,331871,NA,Valencia,1,1,€ 79,2019/09/29,2019/09/30,4,"8,3",60
Nanit Valencia Hostel,3913497,NA,Valencia,1,1,€ 80,2019/09/29,2019/09/30,0,"8,3",60
Eurostars Gran Valencia,90484,NA,Valencia,1,1,€ 80,2019/09/29,2019/09/30,4,"8,3",60
Casual de las Artes Valencia,538056,NA,Valencia,1,1,€ 81,2019/09/29,2019/09/30,3,"8,4",60
El Corazon de Canovas,2634817,Apartamento,Valencia,1,1,NA,2019/09/29,2019/09/30,0,"9,7",60
Ilunion Aqua 3,92776,NA,Valencia,1,1,€ 83,2019/09/29,2019/09/30,3,"8,3",60
NH Valencia Center,90727,NA,Valencia,1,1,€ 83,2019/09/29,2019/09/30,4,"8,3",60
Sweet Hotel Continental,93856,NA,Valencia,1,1,€ 84,2019/09/29,2019/09/30,2,"8,3",60
Dormavalencia Hostel,249585,NA,Valencia,1,1,€ 85,2019/09/29,2019/09/30,1,"8,2",60
Apartment Florista,2150187,Apartamento,Valencia,1,1,€ 85,2019/09/29,2019/09/30,0,8,60
Sol Playa,12656,NA,Valencia,1,1,€ 87,2019/09/29,2019/09/30,2,"8,3",60
So de Mar,2204496,Apartamento,Valencia,1,1,NA,2019/09/29,2019/09/30,0,"9,6",60
Hotel Miramar,23332,NA,Valencia,1,1,€ 96,2019/09/29,2019/09/30,2,"8,4",60
MD Modern Hotel - Jardines,305447,NA,Valencia,1,1,€ 99,2019/09/29,2019/09/30,1,"8,2",60
APARTAMENTO LAS MELLIZAS,4651578,NA,Valencia,1,1,€ 50,2019/09/29,2019/09/30,0,"8,4",60
Homestay Valencia,2597106,NA,Valencia,1,1,€ 100,2019/09/29,2019/09/30,0,"8,1",60
Valenciaflats Torres de Serrano,17468,Apartamentos,Valencia,1,1,€ 101,2019/09/29,2019/09/30,0,"8,3",60
Hotel Conqueridor,91047,NA,Valencia,1,1,€ 108,2019/09/29,2019/09/30,4,"8,4",60
Ático En El Corazón De Ruzafa,3832501,Apartamento,Valencia,1,1,NA,2019/09/29,2019/09/30,0,"9,5",60
Apartamento Ciudad de las Artes y las Ciencias,4353552,Apartamento,Valencia,1,1,€ 110,2019/09/29,2019/09/30,0,"8,4",60
Cozy fisherman's house,2241663,Casa o chalet,Valencia,1,1,€ 115,2019/09/29,2019/09/30,0,"8,1",60
Apartamento Gran Vía Marqués del Turia,2358973,Apartamento,Valencia,1,1,€ 118,2019/09/29,2019/09/30,0,"8,4",60
Cantagua Hostel,4074640,NA,Valencia,1,1,€ 40,2019/09/29,2019/09/30,0,"9,1",60
Art&Flats Bed&Breakfast,5238345,NA,Valencia,1,1,€ 45,2019/09/29,2019/09/30,0,"9,3",60
El Coso,14580,NA,Valencia,1,1,€ 119,2019/09/29,2019/09/30,3,"8,2",60
Apartamento Privado Próximo a Playa y Ciencias,3783163,Apartamento,Valencia,1,1,€ 120,2019/09/29,2019/09/30,0,"8,1",60
Atico Duplex en el Carmen,2954876,Apartamento,Valencia,1,1,€ 122,2019/09/29,2019/09/30,0,"8,4",60
NWT Central Station Apartments,3964093,Apartamento,Valencia,1,1,€ 124,2019/09/29,2019/09/30,0,"8,4",60
Habitación privada a 1500 metros de la playa,3789910,NA,Valencia,1,1,€ 60,2019/09/29,2019/09/30,0,"9,4",60
El Corazon de Canovas,2634817,Apartamento,Valencia,1,1,NA,2019/09/29,2019/09/30,0,"9,7",60
You & Co. Saler Beach boutique,4533007,NA,Valencia,1,1,€ 69,2019/09/29,2019/09/30,3,9,60
Hostal Venecia,92883,NA,Valencia,1,1,€ 70,2019/09/29,2019/09/30,2,"9,1",60
Apartamento Las Torres,2223557,Apartamento,Valencia,1,1,€ 70,2019/09/29,2019/09/30,0,9,60
Valenciaflats Ciudad de las Ciencias,93676,Apartamentos,Valencia,1,1,€ 78,2019/09/29,2019/09/30,0,"9,1",60
Valenciaflats Centro Ciudad,18544,Apartamentos,Valencia,1,1,€ 82,2019/09/29,2019/09/30,0,"9,1",60
Hotel Valencia Alameda,4019381,NA,Valencia,1,1,€ 84,2019/09/29,2019/09/30,4,"9,4",60
Casa La Buhardilla,2985364,Apartamento,Valencia,1,1,NA,2019/09/29,2019/09/30,0,"9,6",60
Citizentral Juristas,1113127,Apartamentos,Valencia,1,1,€ 86,2019/09/29,2019/09/30,0,"9,2",60
City Garden Bed and Breakfast,2204361,NA,Valencia,1,1,€ 86,2019/09/29,2019/09/30,0,"9,4",60
SH Ingles Boutique Hotel,92956,NA,Valencia,1,1,€ 125,2019/09/29,2019/09/30,4,"8,4",60
Friendly Rentals Puerto Deportivo,2317861,Apartamentos,Valencia,1,1,€ 125,2019/09/29,2019/09/30,0,"8,2",60
Friendly Rentals ABC,3656596,Apartamento,Valencia,1,1,€ 125,2019/09/29,2019/09/30,0,"8,4",60
Lovely Apartment!,3377663,Apartamentos,Valencia,1,1,€ 125,2019/09/29,2019/09/30,0,"8,4",60
CENTRO VALENCIA NUEVO (38),4093876,Apartamento,Valencia,1,1,€ 134,2019/09/29,2019/09/30,0,"8,3",60
Friendly Rentals Desplat,4120221,Apartamento,Valencia,1,1,€ 140,2019/09/29,2019/09/30,0,"8,4",60
Ilunion Valencia 4,754329,NA,Valencia,1,1,€ 141,2019/09/29,2019/09/30,4,8,60
Hotel Neptuno,91206,NA,Valencia,1,1,€ 144,2019/09/29,2019/09/30,4,"8,4",60
Friendly Rentals Ferrero,2314984,Apartamento,Valencia,1,1,€ 145,2019/09/29,2019/09/30,0,"8,3",60
Friendly Rentals Telemann,1634241,Apartamento,Valencia,1,1,€ 155,2019/09/29,2019/09/30,0,8,60
San Andrey,2556080,Apartamento,Valencia,1,1,€ 155,2019/09/29,2019/09/30,0,"8,4",60
Mon Suites San Nicolas,4117225,Apartamentos,Valencia,1,1,€ 87,2019/09/29,2019/09/30,0,"9,2",60
Apartamento cerca de la Playa y el Centro,2620264,Apartamento,Valencia,1,1,€ 88,2019/09/29,2019/09/30,0,9,60
Habitación doble,3599930,NA,Valencia,1,1,€ 90,2019/09/29,2019/09/30,0,9,60
RUZAFA. Nice apartment and Terrace.,4368595,Apartamento,Valencia,1,1,€ 92,2019/09/29,2019/09/30,0,"9,3",60
Casa Botànic - Céntrico y con comodidades,4218273,Apartamento,Valencia,1,1,NA,2019/09/29,2019/09/30,0,"9,9",60
Una Ubicacion Perfecta,3114164,Apartamentos,Valencia,1,1,€ 95,2019/09/29,2019/09/30,0,"9,1",60
Apartments Madrina,3278589,Apartamentos,Valencia,1,1,€ 95,2019/09/29,2019/09/30,0,9,60
Apartamento bianca,3205847,Apartamento,Valencia,1,1,€ 96,2019/09/29,2019/09/30,0,"9,2",60
"Piso ""Como en tu casa""",2689136,Apartamento,Valencia,1,1,€ 96,2019/09/29,2019/09/30,0,"9,3",60
Sorolla Centro,90896,NA,Valencia,1,1,€ 99,2019/09/29,2019/09/30,3,"9,1",60
Apartamentos Edificio Palomar,189277,Apartamentos,Valencia,1,1,€ 99,2019/09/29,2019/09/30,0,"9,2",60
Apartment Sofi,2830696,Apartamento,Valencia,1,1,NA,2019/09/29,2019/09/30,0,"9,8",60
Palau de Palomar,471283,Apartamentos,Valencia,1,1,€ 99,2019/09/29,2019/09/30,0,"9,1",60
La casita de Palomar,2132386,Apartamentos,Valencia,1,1,€ 99,2019/09/29,2019/09/30,0,"9,4",60
OttoH Charm Stay,2459807,NA,Valencia,1,1,€ 99,2019/09/29,2019/09/30,0,"9,3",60
OCEANOGRAFIC APARTMENT. PARKING. WI-FI,3107716,Apartamentos,Valencia,1,1,€ 100,2019/09/29,2019/09/30,0,9,60
Dama Del Puerto,3230781,Apartamento,Valencia,1,1,€ 100,2019/09/29,2019/09/30,0,"9,1",60
Live in Chianti,2227491,NA,Valencia,1,1,€ 104,2019/09/29,2019/09/30,0,"9,1",60
BUBUSUITES by Bubuflats,2389776,NA,Valencia,1,1,€ 105,2019/09/29,2019/09/30,0,"9,3",60
Olvida tu Reloj Montichelvo Apartment,3258095,Apartamento,Valencia,1,1,€ 106,2019/09/29,2019/09/30,0,"9,4",60
Olvida tu Reloj Congresos Apartment,2448036,Apartamento,Valencia,1,1,€ 106,2019/09/29,2019/09/30,0,"9,2",60
Bianca,4232781,Apartamentos,Valencia,1,1,€ 107,2019/09/29,2019/09/30,0,9,60
Piso como en tu casa 2,3834617,Apartamentos,Valencia,1,1,€ 110,2019/09/29,2019/09/30,0,"9,1",60
Apartamentos Wallace,1698355,Apartamentos,Valencia,1,1,€ 110,2019/09/29,2019/09/30,0,"9,2",60
Atico de Lujo,2142556,Apartamento,Valencia,1,1,€ 110,2019/09/29,2019/09/30,0,"9,2",60
L'Arbre,3972359,Apartamento,Valencia,1,1,€ 110,2019/09/29,2019/09/30,0,"9,3",60
apartamento las torres-botanico,4694090,Apartamento,Valencia,1,1,€ 111,2019/09/29,2019/09/30,0,9,60
MD Design Hotel - Portal del Real,2391685,NA,Valencia,1,1,€ 111,2019/09/29,2019/09/30,2,"9,1",60
Mon Suites Catedral,485679,Apartamentos,Valencia,1,1,€ 112,2019/09/29,2019/09/30,0,"9,2",60
Hexagonal Design Apartment Valencia,4630643,Apartamento,Valencia,1,1,€ 115,2019/09/29,2019/09/30,0,"9,4",60
Mon Suites Catedral,485679,NA,Valencia,1,1,€ 115,2019/09/29,2019/09/30,0,"9,2",60
COZY APARTMENT VALENCIA CITY CENTER!,4886758,NA,Valencia,1,1,€ 118,2019/09/29,2019/09/30,0,"9,1",60
Tres Forques,2854630,NA,Valencia,1,1,NA,2019/09/29,2019/09/30,0,"9,5",60
MYR Hotel Plaza Mercado & Spa,1619029,NA,Valencia,1,1,€ 119,2019/09/29,2019/09/30,0,"9,2",60
Apartment close to park Marchalenes,4418670,NA,Valencia,1,1,€ 120,2019/09/29,2019/09/30,0,"9,1",60
Apartamentos Naranja y Limòn,2250906,NA,Valencia,1,1,€ 120,2019/09/29,2019/09/30,0,"9,3",60
Center City Flats,861452,NA,Valencia,1,1,€ 128,2019/09/29,2019/09/30,0,"9,1",60
Cozy apartment in Valencia center,3402135,NA,Valencia,1,1,€ 138,2019/09/29,2019/09/30,0,"9,2",60
HQ Rooms Apartments San Vicente,2894429,NA,Valencia,1,1,€ 140,2019/09/29,2019/09/30,0,"9,3",60
Duplex+Swimming pool+private entrance=Housen of LOVE,2999152,NA,Valencia,1,1,NA,2019/09/29,2019/09/30,0,"9,5",60
Friendly Rentals Boyvin,1923141,NA,Valencia,1,1,€ 145,2019/09/29,2019/09/30,0,"9,3",60
The Flow House,4762375,NA,Valencia,1,1,€ 146,2019/09/29,2019/09/30,0,"9,4",60
ARENAS 2 APARTAMENT,2808815,NA,Valencia,1,1,€ 150,2019/09/29,2019/09/30,0,"9,1",60
Sweet Caroline Apartment,1811784,NA,Valencia,1,1,€ 150,2019/09/29,2019/09/30,0,"9,2",60
B BEACH VALENCIA,5125954,NA,Valencia,1,1,€ 150,2019/09/29,2019/09/30,0,"9,3",60
Brisa Mare Nostrum,2855311,NA,Valencia,1,1,€ 150,2019/09/29,2019/09/30,0,"9,4",60
Maison Reina B&B,5004812,NA,Valencia,1,1,NA,2019/09/29,2019/09/30,0,"9,5",60
NH Collection Colón Valencia,3828811,NA,Valencia,1,1,€ 152,2019/09/29,2019/09/30,4,"9,2",60
Hotel Boutique Balandret,1281710,NA,Valencia,1,1,€ 152,2019/09/29,2019/09/30,3,"9,2",60
Hi Valencia Cánovas,4312120,NA,Valencia,1,1,€ 153,2019/09/29,2019/09/30,0,"9,1",60
Apartamentos La más Bonita,2816245,NA,Valencia,1,1,€ 158,2019/09/29,2019/09/30,0,"9,1",60
Edificio Pentagono,4673669,NA,Valencia,1,1,€ 160,2019/09/29,2019/09/30,0,"9,1",60
Live in Chianti Apartaments,2882632,NA,Valencia,1,1,€ 169,2019/09/29,2019/09/30,0,"9,1",60
Casa Vich,4457634,NA,Valencia,1,1,NA,2019/09/29,2019/09/30,0,"9,6",60
WeRentVLC Charming Ruzafa,2839319,NA,Valencia,1,1,€ 170,2019/09/29,2019/09/30,0,"9,2",60
Mon Suites San Martin,2777545,NA,Valencia,1,1,€ 179,2019/09/29,2019/09/30,0,"9,4",60
Hi Valencia Apartments - Jorge Juan,2373701,NA,Valencia,1,1,€ 183,2019/09/29,2019/09/30,0,"9,4",60
Las Arenas Balneario Resort,91144,NA,Valencia,1,1,€ 189,2019/09/29,2019/09/30,5,9,60
Vincci Mercat,1279484,NA,Valencia,1,1,€ 194,2019/09/29,2019/09/30,4,9,60
Caro Hotel,348132,NA,Valencia,1,1,€ 199,2019/09/29,2019/09/30,5,"9,2",60
El Corazon de Canovas,2634817,NA,Valencia,1,1,NA,2019/09/29,2019/09/30,0,"9,7",60
MARQUÉS HOUSE 4* SUP,2118880,NA,Valencia,1,1,€ 209,2019/09/29,2019/09/30,4,"9,4",60
Arena's Apartament,2156905,NA,Valencia,1,1,€ 225,2019/09/29,2019/09/30,0,"9,1",60
Ca Carmela,2466364,NA,Valencia,1,1,€ 250,2019/09/29,2019/09/30,0,9,60
Zerka Sendra,4657122,NA,Valencia,1,1,€ 309,2019/09/29,2019/09/30,0,9,60
Old Fisherman's House in Malvarrosa Beach,3618172,NA,Valencia,1,1,€ 346,2019/09/29,2019/09/30,0,"9,4",60
Beachfront vila,3126708,NA,Valencia,1,1,€ 390,2019/09/29,2019/09/30,0,"9,3",60
Central Park Apartment Valencia,3881533,NA,Valencia,1,1,NA,2019/09/29,2019/09/30,0,"9,6",60
The River Hostel,494202,NA,Valencia,1,1,€ 25,2019/09/29,2019/09/30,0,"8,5",60
Russafa Youth Hostel,345134,NA,Valencia,1,1,€ 45,2019/09/29,2019/09/30,0,"8,6",60
Quart Youth Hostel,476418,NA,Valencia,1,1,€ 45,2019/09/29,2019/09/30,0,"8,7",60
Break Room,5030926,NA,Valencia,1,1,€ 51,2019/09/29,2019/09/30,0,"8,5",60
Pio XII Apartments Valencia,402080,NA,Valencia,1,1,€ 51,2019/09/29,2019/09/30,0,"8,5",60
UNIK. Apartments Valencia,2241282,NA,Valencia,1,1,€ 54,2019/09/29,2019/09/30,0,"8,5",60
Home Youth Hostel by Feetup Hostels,189322,NA,Valencia,1,1,€ 56,2019/09/29,2019/09/30,0,"8,8",60
7 Moons Bed & Breakfast,464187,NA,Valencia,1,1,€ 56,2019/09/29,2019/09/30,0,"8,5",60
Hulot B&B Valencia,585429,NA,Valencia,1,1,€ 63,2019/09/29,2019/09/30,0,"8,5",60
Hotel Malcom and Barret,483261,NA,Valencia,1,1,€ 64,2019/09/29,2019/09/30,3,"8,7",60
Namaste Rooms,3799642,NA,Valencia,1,1,€ 65,2019/09/29,2019/09/30,0,"8,6",60
Rooms Ciencias,94126,NA,Valencia,1,1,€ 68,2019/09/29,2019/09/30,0,"8,9",60
Big spacious penthouse next to the sea,3289648,NA,Valencia,1,1,€ 70,2019/09/29,2019/09/30,0,"8,8",60
Host & Home,1663785,NA,Valencia,1,1,€ 73,2019/09/29,2019/09/30,0,"8,9",60
Balcón Al Mar,295109,NA,Valencia,1,1,€ 73,2019/09/29,2019/09/30,0,"8,5",60
Citizentral Gascons,332095,NA,Valencia,1,1,€ 75,2019/09/29,2019/09/30,0,"8,7",60
ABCyou Bed&Breakfast,189207,NA,Valencia,1,1,€ 75,2019/09/29,2019/09/30,0,"8,5",60
Casual del Cine Valencia,572187,NA,Valencia,1,1,€ 77,2019/09/29,2019/09/30,2,"8,6",60
Friendly Rentals Verdi,1634232,Apartamento,Valencia,1,1,€ 160,2019/09/29,2019/09/30,0,"8,1",60
PATACONA MARE NOSTRUM APARTMENT II,5144420,Apartamento,Valencia,1,1,€ 164,2019/09/29,2019/09/30,0,"8,3",60
Casa Vich,4457634,Apartamento,Valencia,1,1,NA,2019/09/29,2019/09/30,0,"9,6",60
Musico Peydro Apartments,3765069,Apartamentos,Valencia,1,1,€ 188,2019/09/29,2019/09/30,0,"8,1",60
Vlc Apartaments el Carmen,389902,Apartamentos,Valencia,1,1,€ 220,2019/09/29,2019/09/30,0,"8,2",60
Malvarrosa Calle Pavia,3608764,Casa o chalet,Valencia,1,1,€ 271,2019/09/29,2019/09/30,0,"8,3",60
MD Benlliure Beach.,1957258,Apartamento,Valencia,1,1,€ 296,2019/09/29,2019/09/30,0,8,60
Center Valencia Youth Hostel,246931,NA,Valencia,1,1,€ 23,2019/09/29,2019/09/30,0,"7,9",60
UP Hostel Valencia,1710137,NA,Valencia,1,1,€ 24,2019/09/29,2019/09/30,0,"7,8",60
Maison Reina B&B,5004812,NA,Valencia,1,1,NA,2019/09/29,2019/09/30,0,"9,5",60
Apart and Benef,2291245,NA,Valencia,1,1,€ 34,2019/09/29,2019/09/30,0,"7,7",60
Hostal El Cid,309465,NA,Valencia,1,1,€ 35,2019/09/29,2019/09/30,2,"7,5",60
Pensión Universal,304276,NA,Valencia,1,1,€ 35,2019/09/29,2019/09/30,0,"7,9",60
Hostal Moratin,326015,NA,Valencia,1,1,€ 39,2019/09/29,2019/09/30,1,"7,9",60
Habitación San Cayetano,4624401,NA,Valencia,1,1,€ 40,2019/09/29,2019/09/30,0,"7,7",60
Voyagers Inn Homestay,2682156,NA,Valencia,1,1,€ 42,2019/09/29,2019/09/30,0,"7,8",60
Hostal Antigua Morellana,1273937,NA,Valencia,1,1,NA,2019/09/29,2019/09/30,1,"9,5",60
Hostal On Dormire Valencia,432305,NA,Valencia,1,1,€ 47,2019/09/29,2019/09/30,0,"7,8",60
Casual Civilizaciones Valencia,449777,NA,Valencia,1,1,€ 48,2019/09/29,2019/09/30,0,"7,9",60
Valencia Lounge Hostel,337203,NA,Valencia,1,1,€ 49,2019/09/29,2019/09/30,0,"7,8",60
OYO Pensión El Rincón,476031,NA,Valencia,1,1,€ 50,2019/09/29,2019/09/30,1,"7,7",60
Habitacion PLaza Ayuntamiento,4365340,NA,Valencia,1,1,€ 50,2019/09/29,2019/09/30,0,"7,6",60
Habitación cerca del centro,2789581,NA,Valencia,1,1,€ 52,2019/09/29,2019/09/30,0,"7,7",60
Central Park Apartment Valencia,3881533,Apartamento,Valencia,1,1,NA,2019/09/29,2019/09/30,0,"9,6",60
Hospederia del Pilar,327766,NA,Valencia,1,1,€ 54,2019/09/29,2019/09/30,0,"7,9",60
Como en casa,4802186,NA,Valencia,1,1,€ 54,2019/09/29,2019/09/30,0,"7,8",60
Cosy Rooms Tapinería,371192,NA,Valencia,1,1,€ 58,2019/09/29,2019/09/30,2,"7,5",60
Plaza Redonda house.,4399973,NA,Valencia,1,1,€ 59,2019/09/29,2019/09/30,0,"7,5",60
Hotel Turia,14441,NA,Valencia,1,1,€ 59,2019/09/29,2019/09/30,4,"7,5",60
Apartamentos Abastos,1044426,Apartamentos,Valencia,1,1,€ 60,2019/09/29,2019/09/30,0,"7,5",60
Travel Habitat Ático Ciutat Vella.,3264750,Apartamento,Valencia,1,1,NA,2019/09/29,2019/09/30,0,"9,5",60
Hostal Bisbal,235665,NA,Valencia,1,1,€ 60,2019/09/29,2019/09/30,1,"7,5",60
B&B Hotel Valencia Ciudad de las Ciencias,92242,NA,Valencia,1,1,€ 62,2019/09/29,2019/09/30,3,"7,5",60
Jero Rooms,296743,NA,Valencia,1,1,€ 66,2019/09/29,2019/09/30,0,"7,7",60
Hotel Beleret,94652,NA,Valencia,1,1,€ 67,2019/09/29,2019/09/30,3,"7,6",60
United Colors of Studios - Mercado Central,2574108,Apartamentos,Valencia,1,1,€ 69,2019/09/29,2019/09/30,0,"7,9",60
Checkin Valencia,93743,NA,Valencia,1,1,€ 71,2019/09/29,2019/09/30,4,"7,8",60
New apartment bioparc,4316710,Apartamento,Valencia,1,1,NA,2019/09/29,2019/09/30,0,"9,5",60
SEA YOU HOTEL PORT VALENCIA,92328,NA,Valencia,1,1,€ 71,2019/09/29,2019/09/30,4,"7,6",60
Alex Apartment,1756374,Apartamento,Valencia,1,1,€ 74,2019/09/29,2019/09/30,0,"7,8",60
SHF Plaza de la Reina,1682520,Apartamentos,Valencia,1,1,€ 75,2019/09/29,2019/09/30,0,"7,7",60
Ilunion Valencia 3,92818,NA,Valencia,1,1,€ 75,2019/09/29,2019/09/30,3,"7,9",60
Expo Hotel Valencia,91223,NA,Valencia,1,1,€ 76,2019/09/29,2019/09/30,3,"7,6",60
City Center Apartments,4426057,Apartamentos,Valencia,1,1,€ 77,2019/09/29,2019/09/30,0,"7,8",60
Patacona Green Flats,292996,Apartamentos,Valencia,1,1,€ 79,2019/09/29,2019/09/30,0,"7,6",60
MyHomestay,2921259,NA,Valencia,1,1,€ 85,2019/09/29,2019/09/30,0,"7,6",60
Torres Quart,3702234,Apartamentos,Valencia,1,1,€ 92,2019/09/29,2019/09/30,0,"7,8",60
Suites by Eric Olsan (Peset),4726296,Apartamentos,Valencia,1,1,€ 98,2019/09/29,2019/09/30,0,"7,9",60
Oceanográfico Apartments & Spa,324918,Apartamentos,Valencia,1,1,€ 98,2019/09/29,2019/09/30,0,"7,7",60
Lujoso Apartamento En El Carmen,2814452,Apartamento,Valencia,1,1,€ 99,2019/09/29,2019/09/30,0,"7,5",60
Apartment Plaza de la Merced,3457190,Apartamento,Valencia,1,1,€ 101,2019/09/29,2019/09/30,0,"7,9",60
Plaza Sainetero 5,3148458,Apartamento,Valencia,1,1,€ 102,2019/09/29,2019/09/30,0,"7,8",60
El 16 Ruzafa,865461,Apartamentos,Valencia,1,1,€ 114,2019/09/29,2019/09/30,0,"7,7",60
Apartamentos Catedral,2358858,Apartamentos,Valencia,1,1,€ 119,2019/09/29,2019/09/30,0,"7,9",60
ART & FLATS Pleno Centro Valencia,1554388,Apartamentos,Valencia,1,1,€ 120,2019/09/29,2019/09/30,0,"7,9",60
STYLISH APARTMENT - CITY CENTER,2861517,Apartamento,Valencia,1,1,€ 120,2019/09/29,2019/09/30,0,"7,8",60
