name,propertyId,propertyType,city,rooms,days,price,checkIn,checkOut,stars,score,advance
RoomTuristValencia RuzafaSumsi,4682802,NA,Valencia,1,1,€ 55,2019/08/14,2019/08/15,0,"5,1",14
Guest House Ruzafa,2324552,NA,Valencia,1,1,€ 60,2019/08/14,2019/08/15,0,"5,3",14
Disfruta - Enjoy Valencia Centre,3881970,Apartamento,Valencia,1,1,NA,2019/08/14,2019/08/15,0,"9,8",14
RoomTuristValencia Torres de Quart,4565643,NA,Valencia,1,1,€ 35,2019/08/14,2019/08/15,0,"4,8",14
Habitación en Apartamento soleado Plaza Escultor Frechina,4865043,NA,Valencia,1,1,€ 55,2019/08/14,2019/08/15,0,"4,9",14
Como en casa !!,5427108,NA,Valencia,1,1,€ 33,2019/08/14,2019/08/15,0,,14
Habitación muy cerca de la playa.,5396391,NA,Valencia,1,1,€ 40,2019/08/14,2019/08/15,0,,14
Habitación muy cerca de la playa.,5395908,NA,Valencia,1,1,€ 40,2019/08/14,2019/08/15,0,,14
Experiencia en Caravana,5441777,NA,Valencia,1,1,€ 50,2019/08/14,2019/08/15,0,,14
Cool Central Market,3424724,Apartamento,Valencia,1,1,NA,2019/08/14,2019/08/15,0,"9,9",14
Amplia habitación en piso compartido,5433175,NA,Valencia,1,1,€ 50,2019/08/14,2019/08/15,0,,14
vosotros sereis parte de mi familia.,5299568,NA,Valencia,1,1,€ 60,2019/08/14,2019/08/15,0,,14
Blanq Comedias,4922002,NA,Valencia,1,1,€ 63,2019/08/14,2019/08/15,0,,14
Casita bonita con piscina y jardin,5294677,NA,Valencia,1,1,€ 75,2019/08/14,2019/08/15,0,,14
Acogedor apartamento en zona universitaria y playa,5414090,Casa o chalet,Valencia,1,1,€ 78,2019/08/14,2019/08/15,0,,14
Comfort Homestay,5423155,NA,Valencia,1,1,€ 79,2019/08/14,2019/08/15,0,,14
Piso en barrio del Carmen cerca de Plaza Virgen,3421713,Apartamento,Valencia,1,1,NA,2019/08/14,2019/08/15,0,"9,8",14
Miresa flats 2.1A,5399747,Apartamento,Valencia,1,1,€ 90,2019/08/14,2019/08/15,0,,14
Casa de la Reina,5394089,NA,Valencia,1,1,€ 100,2019/08/14,2019/08/15,0,,14
Loft Turia Gran,5133726,Apartamento,Valencia,1,1,€ 113,2019/08/14,2019/08/15,0,,14
Kirei Apartment Vienna,4639797,Apartamento,Valencia,1,1,€ 115,2019/08/14,2019/08/15,0,,14
Casual Socarrat Valencia,5142800,NA,Valencia,1,1,€ 124,2019/08/14,2019/08/15,3,,14
Kirei Apartment Dublin,4639542,Apartamento,Valencia,1,1,€ 126,2019/08/14,2019/08/15,0,,14
Doctor Oloriz-31-9,3397673,Apartamento,Valencia,1,1,NA,2019/08/14,2019/08/15,0,"9,9",14
Old Town Flats Casa Burguerini,4552106,Apartamentos,Valencia,1,1,€ 137,2019/08/14,2019/08/15,0,,14
Habana Apartment,2410439,Apartamento,Valencia,1,1,€ 145,2019/08/14,2019/08/15,0,,14
CENTER-2BR- 2BA-ATTIC-TERRACE-VIEW- WI-FI- A/C,5264557,Apartamento,Valencia,1,1,€ 175,2019/08/14,2019/08/15,0,,14
Piso moderno y confortable en El Cabañal,3954999,Apartamento,Valencia,1,1,€ 190,2019/08/14,2019/08/15,0,,14
Valencia Puerto Beach 3BD Apartment,5249773,Apartamento,Valencia,1,1,€ 193,2019/08/14,2019/08/15,0,,14
Luxury Apartament in Valencia Science City,4936574,Apartamento,Valencia,1,1,€ 220,2019/08/14,2019/08/15,0,,14
Valencia Just in the Middle,2965508,Apartamento,Valencia,1,1,NA,2019/08/14,2019/08/15,0,"9,9",14
"Flat ""Ca Alexandre""",3687859,Apartamento,Valencia,1,1,€ 220,2019/08/14,2019/08/15,0,,14
MD Rafael Janini I,5386102,Apartamento,Valencia,1,1,€ 231,2019/08/14,2019/08/15,0,,14
Espaciosa y cómoda vivienda,5342327,Apartamento,Valencia,1,1,€ 238,2019/08/14,2019/08/15,0,,14
07 PLAZA DEL AYUNTAMIENTO - CENTRO 6personas,4093811,Apartamento,Valencia,1,1,€ 239,2019/08/14,2019/08/15,0,,14
Apartamento con terraza,5238122,Apartahotel,Valencia,1,1,€ 240,2019/08/14,2019/08/15,0,,14
Hogar Dulce Hogar,5441488,NA,Valencia,1,1,€ 270,2019/08/14,2019/08/15,0,,14
Apartment Sofi,2830696,Apartamento,Valencia,1,1,NA,2019/08/14,2019/08/15,0,"9,8",14
MD PASEO RUZAFA CENTER,5374850,Apartamento,Valencia,1,1,€ 502,2019/08/14,2019/08/15,0,,14
Governor Residence,3799760,Apartahotel,Valencia,1,1,€ 600,2019/08/14,2019/08/15,0,,14
Gulet Why Not,5199364,NA,Valencia,1,1,€ 3.600,2019/08/14,2019/08/15,0,,14
NH Valencia Center,90727,NA,Valencia,1,1,€ 100,2019/08/14,2019/08/15,4,"8,3",14
Reina 12,1684198,NA,Valencia,1,1,€ 100,2019/08/14,2019/08/15,0,"8,3",14
Apartamento,3139431,NA,Valencia,1,1,NA,2019/08/14,2019/08/15,0,"9,5",14
NH Valencia Las Artes,90731,NA,Valencia,1,1,€ 102,2019/08/14,2019/08/15,4,"8,3",14
Primus Valencia,331871,NA,Valencia,1,1,€ 103,2019/08/14,2019/08/15,4,"8,3",14
Senator Parque Central Hotel,274963,NA,Valencia,1,1,€ 106,2019/08/14,2019/08/15,4,"8,1",14
Hotel Sercotel Acteón Valencia,90495,NA,Valencia,1,1,€ 107,2019/08/14,2019/08/15,4,"8,4",14
Casual de las Artes Valencia,538056,NA,Valencia,1,1,€ 108,2019/08/14,2019/08/15,3,"8,4",14
Hotel Conqueridor,91047,NA,Valencia,1,1,€ 108,2019/08/14,2019/08/15,4,"8,4",14
Duplex+Swimming pool+private entrance=Housen of LOVE,2999152,NA,Valencia,1,1,NA,2019/08/14,2019/08/15,0,"9,5",14
Plaza Del Carmen,1737254,NA,Valencia,1,1,€ 110,2019/08/14,2019/08/15,0,"8,1",14
SHF Flats Baron,1033085,NA,Valencia,1,1,€ 110,2019/08/14,2019/08/15,0,8,14
Eurostars Gran Valencia,90484,NA,Valencia,1,1,€ 112,2019/08/14,2019/08/15,4,"8,3",14
Reina's Apartment,2130930,NA,Valencia,1,1,€ 112,2019/08/14,2019/08/15,0,"8,4",14
Holiday Inn Express Ciudad de las Ciencias,96737,NA,Valencia,1,1,€ 117,2019/08/14,2019/08/15,3,8,14
APARTAMENTO LAS MELLIZAS,4651578,NA,Valencia,1,1,€ 59,2019/08/14,2019/08/15,0,"8,4",14
Centro en Valencia,2885222,NA,Valencia,1,1,NA,2019/08/14,2019/08/15,0,"9,5",14
NWT Central Station Apartments,3964093,NA,Valencia,1,1,€ 119,2019/08/14,2019/08/15,0,"8,4",14
Valenciaflats Torres de Serrano,17468,NA,Valencia,1,1,€ 120,2019/08/14,2019/08/15,0,"8,3",14
Friendly Rentals Gimenez,1634242,NA,Valencia,1,1,€ 125,2019/08/14,2019/08/15,0,"8,2",14
Hotel Medium Valencia,96838,NA,Valencia,1,1,€ 126,2019/08/14,2019/08/15,4,"8,2",14
Hotel Miramar,23332,NA,Valencia,1,1,€ 126,2019/08/14,2019/08/15,2,"8,4",14
Living Valencia - Biblioteca,2843260,NA,Valencia,1,1,€ 135,2019/08/14,2019/08/15,0,8,14
Tres Forques,2854630,NA,Valencia,1,1,NA,2019/08/14,2019/08/15,0,"9,5",14
City Suites Apartments,3091106,NA,Valencia,1,1,€ 140,2019/08/14,2019/08/15,0,"8,4",14
Sol Playa,12656,NA,Valencia,1,1,€ 141,2019/08/14,2019/08/15,2,"8,3",14
Flatsforyou Petit Bonaire,455152,NA,Valencia,1,1,€ 190,2019/08/14,2019/08/15,0,"8,2",14
Musico Peydro Apartments,3765069,NA,Valencia,1,1,€ 236,2019/08/14,2019/08/15,0,"8,1",14
MD Benlliure Beach.,1957258,NA,Valencia,1,1,€ 392,2019/08/14,2019/08/15,0,8,14
MD Vila Barbera Apartment Center,1957253,NA,Valencia,1,1,€ 528,2019/08/14,2019/08/15,0,"8,3",14
Disfruta De Playa Y Ciudad,2470646,NA,Valencia,1,1,NA,2019/08/14,2019/08/15,0,"9,5",14
UP Hostel Valencia,1710137,NA,Valencia,1,1,€ 33,2019/08/14,2019/08/15,0,"7,8",14
Center Valencia Youth Hostel,246931,NA,Valencia,1,1,€ 16,2019/08/14,2019/08/15,0,"7,9",14
Apart and Benef,2291245,NA,Valencia,1,1,€ 38,2019/08/14,2019/08/15,0,"7,7",14
Albergue Juvenil Colegio Mayor Galileo Galilei,253103,NA,Valencia,1,1,€ 46,2019/08/14,2019/08/15,0,"7,9",14
Hostal Moratin,326015,NA,Valencia,1,1,€ 48,2019/08/14,2019/08/15,1,"7,9",14
Voyagers Inn Homestay,2682156,NA,Valencia,1,1,€ 49,2019/08/14,2019/08/15,0,"7,8",14
Apartment near the Marina- Valencia,2101794,NA,Valencia,1,1,NA,2019/08/14,2019/08/15,0,"9,5",14
Valencia Russafa,4454999,NA,Valencia,1,1,€ 50,2019/08/14,2019/08/15,0,"7,8",14
PISO ACOGEDOR,4995780,NA,Valencia,1,1,€ 50,2019/08/14,2019/08/15,0,"7,5",14
Valencia City Host,1177077,NA,Valencia,1,1,€ 53,2019/08/14,2019/08/15,0,"7,9",14
Hospederia del Pilar,327766,NA,Valencia,1,1,€ 54,2019/08/14,2019/08/15,0,"7,9",14
Como en casa,4802186,NA,Valencia,1,1,€ 54,2019/08/14,2019/08/15,0,"7,8",14
Hotel Beleret,94652,NA,Valencia,1,1,€ 63,2019/08/14,2019/08/15,3,"7,6",14
Habitaciones Barra89,1076252,NA,Valencia,1,1,€ 64,2019/08/14,2019/08/15,0,"7,8",14
OYO Pensión El Rincón,476031,NA,Valencia,1,1,€ 69,2019/08/14,2019/08/15,1,"7,7",14
B&B Hotel Valencia Ciudad de las Ciencias,92242,NA,Valencia,1,1,€ 71,2019/08/14,2019/08/15,3,"7,5",14
Jero Rooms,296743,NA,Valencia,1,1,€ 73,2019/08/14,2019/08/15,0,"7,7",14
Plaza Redonda house.,4399973,NA,Valencia,1,1,€ 74,2019/08/14,2019/08/15,0,"7,5",14
Hotel Turia,14441,NA,Valencia,1,1,€ 75,2019/08/14,2019/08/15,4,"7,5",14
Hostal Penalty,189209,NA,Valencia,1,1,€ 85,2019/08/14,2019/08/15,1,"7,9",14
Cosy Rooms Tapinería,371192,NA,Valencia,1,1,€ 87,2019/08/14,2019/08/15,2,"7,5",14
Ilunion Valencia 3,92818,NA,Valencia,1,1,€ 88,2019/08/14,2019/08/15,3,"7,9",14
Casual Civilizaciones Valencia,449777,NA,Valencia,1,1,€ 89,2019/08/14,2019/08/15,0,"7,9",14
United Colors of Studios - Mercado Central,2574108,NA,Valencia,1,1,€ 90,2019/08/14,2019/08/15,0,"7,9",14
Valencia Lounge Hostel,337203,NA,Valencia,1,1,€ 91,2019/08/14,2019/08/15,0,"7,8",14
SHF Plaza de la Reina,1682520,Apartamentos,Valencia,1,1,€ 100,2019/08/14,2019/08/15,0,"7,7",14
Expo Hotel Valencia,91223,NA,Valencia,1,1,€ 101,2019/08/14,2019/08/15,3,"7,6",14
Atico Loft Ruzafa,3152977,Apartamento,Valencia,1,1,NA,2019/08/14,2019/08/15,0,"9,7",14
City Center Apartments,4426057,Apartamentos,Valencia,1,1,€ 108,2019/08/14,2019/08/15,0,"7,8",14
Suites by Eric Olsan (Peset),4726296,Apartamentos,Valencia,1,1,€ 111,2019/08/14,2019/08/15,0,"7,9",14
Checkin Valencia,93743,NA,Valencia,1,1,€ 116,2019/08/14,2019/08/15,4,"7,8",14
Art of Dance Apartment Valencia,3732969,Apartamento,Valencia,1,1,€ 120,2019/08/14,2019/08/15,0,"7,9",14
STYLISH APARTMENT - CITY CENTER,2861517,Apartamento,Valencia,1,1,€ 120,2019/08/14,2019/08/15,0,"7,8",14
El 16 Ruzafa,865461,Apartamentos,Valencia,1,1,€ 124,2019/08/14,2019/08/15,0,"7,7",14
JL Ciudad de las Artes,3074378,Apartamento,Valencia,1,1,NA,2019/08/14,2019/08/15,0,"9,6",14
Apartamentos Valencia Luxury Center,2011524,Apartamento,Valencia,1,1,€ 130,2019/08/14,2019/08/15,0,"7,9",14
Friendly Rentals Danna,1634254,Apartamento,Valencia,1,1,€ 140,2019/08/14,2019/08/15,0,"7,6",14
Spain Host Valencia- Plaza del Ayuntamiento,2257049,Apartamentos,Valencia,1,1,€ 150,2019/08/14,2019/08/15,0,"7,6",14
Valencia Luxury Central Market,1078335,Apartamentos,Valencia,1,1,€ 150,2019/08/14,2019/08/15,0,"7,5",14
Valencia Luxury Attics Ayuntamiento,337092,Apartamentos,Valencia,1,1,€ 170,2019/08/14,2019/08/15,0,"7,5",14
MD Abastos Center,2551194,Apartamento,Valencia,1,1,€ 455,2019/08/14,2019/08/15,0,"7,7",14
Apartamento en Ciudad de las Artes y las Ciencias,2995983,Apartamento,Valencia,1,1,NA,2019/08/14,2019/08/15,0,"9,7",14
Guest House Samuel Ros,4161855,NA,Valencia,1,1,€ 30,2019/08/14,2019/08/15,0,"7,4",14
The River Hostel,494202,NA,Valencia,1,1,€ 18,2019/08/14,2019/08/15,0,"8,5",14
7 Moons Bed & Breakfast,464187,NA,Valencia,1,1,€ 63,2019/08/14,2019/08/15,0,"8,5",14
Apartment Cisneros 2,2361375,NA,Valencia,1,1,NA,2019/08/14,2019/08/15,0,"9,7",14
Homestay Carrer Sagun,5006434,NA,Valencia,1,1,€ 65,2019/08/14,2019/08/15,0,"8,7",14
Colegio Mayor La Concepción,626558,NA,Valencia,1,1,€ 66,2019/08/14,2019/08/15,0,"8,7",14
Quart Youth Hostel,476418,NA,Valencia,1,1,€ 68,2019/08/14,2019/08/15,0,"8,7",14
Zalamera BnB,1331238,NA,Valencia,1,1,€ 68,2019/08/14,2019/08/15,0,"8,7",14
B&B Almirante,369695,NA,Valencia,1,1,€ 76,2019/08/14,2019/08/15,1,"8,8",14
Melia Valencia,290493,NA,Valencia,1,1,€ 77,2019/08/14,2019/08/15,4,"8,8",14
ApartUP Patacona Deluxe,2565246,NA,Valencia,1,1,NA,2019/08/14,2019/08/15,0,"9,6",14
Casa del Patriarca,364834,NA,Valencia,1,1,€ 81,2019/08/14,2019/08/15,0,"8,9",14
Home Youth Hostel by Feetup Hostels,189322,NA,Valencia,1,1,€ 83,2019/08/14,2019/08/15,0,"8,8",14
Host & Home,1663785,NA,Valencia,1,1,€ 85,2019/08/14,2019/08/15,0,"8,9",14
Ad Hoc Carmen,1173270,NA,Valencia,1,1,€ 89,2019/08/14,2019/08/15,2,"8,9",14
Hotel Kramer,91106,NA,Valencia,1,1,€ 89,2019/08/14,2019/08/15,3,"8,8",14
Hotel Malcom and Barret,483261,NA,Valencia,1,1,€ 89,2019/08/14,2019/08/15,3,"8,7",14
Canovas rooms,5296619,NA,Valencia,1,1,NA,2019/08/14,2019/08/15,0,"9,7",14
feliz como en casa,3676196,NA,Valencia,1,1,€ 36,2019/08/14,2019/08/15,0,"7,1",14
Hostal Waksman,281139,NA,Valencia,1,1,€ 45,2019/08/14,2019/08/15,1,"7,3",14
Ruzafa Rooms,2891693,NA,Valencia,1,1,€ 60,2019/08/14,2019/08/15,0,7,14
La Flamenca,818359,NA,Valencia,1,1,€ 60,2019/08/14,2019/08/15,0,"7,3",14
Centro Valencia Calle Cerrajeros,3476261,NA,Valencia,1,1,€ 75,2019/08/14,2019/08/15,0,7,14
Casa La Buhardilla,2985364,Apartamento,Valencia,1,1,NA,2019/08/14,2019/08/15,0,"9,6",14
Central Station Valencia Hostel,1647017,NA,Valencia,1,1,€ 79,2019/08/14,2019/08/15,0,"7,1",14
Cosy Rooms Bolsería,371606,NA,Valencia,1,1,€ 87,2019/08/14,2019/08/15,2,"7,4",14
Cosy Rooms Embajador,369728,NA,Valencia,1,1,€ 89,2019/08/14,2019/08/15,2,"7,4",14
Valencia Apartments,4367788,Apartamentos,Valencia,1,1,€ 96,2019/08/14,2019/08/15,0,"7,2",14
Valencia Apartmans El Carmen,847910,Apartamentos,Valencia,1,1,€ 96,2019/08/14,2019/08/15,0,"7,3",14
HOSTAL BED OF THE SEA,3974636,NA,Valencia,1,1,€ 100,2019/08/14,2019/08/15,0,7,14
RUZAFA- CENTRO-A/C- WI-FI- PARKING,2885994,Apartamento,Valencia,1,1,NA,2019/08/14,2019/08/15,0,"9,7",14
B&B Hi Valencia Boutique,1301725,NA,Valencia,1,1,€ 89,2019/08/14,2019/08/15,0,"8,7",14
Jardín Botánico Hotel Boutique,93369,NA,Valencia,1,1,€ 91,2019/08/14,2019/08/15,3,"8,9",14
El Palacete Gran Via,3483148,NA,Valencia,1,1,€ 91,2019/08/14,2019/08/15,0,"8,7",14
Rooms Ciencias,94126,NA,Valencia,1,1,€ 95,2019/08/14,2019/08/15,0,"8,9",14
AC Hotel Valencia- a Marriott Lifestyle Hotel,91063,NA,Valencia,1,1,€ 99,2019/08/14,2019/08/15,4,"8,6",14
Pio XII Apartments Valencia,402080,NA,Valencia,1,1,€ 99,2019/08/14,2019/08/15,0,"8,5",14
Ayuntamiento Panoramic,3089239,NA,Valencia,1,1,NA,2019/08/14,2019/08/15,0,"9,5",14
Ad Hoc Monumental,90719,NA,Valencia,1,1,€ 101,2019/08/14,2019/08/15,3,"8,6",14
Sercotel Sorolla Palace,93646,NA,Valencia,1,1,€ 104,2019/08/14,2019/08/15,4,"8,6",14
Boutique Creative Rooms,2334726,NA,Valencia,1,1,€ 104,2019/08/14,2019/08/15,0,"8,7",14
Premium Apartments,486507,Apartamentos,Valencia,1,1,€ 109,2019/08/14,2019/08/15,0,7,14
Malvarrosa Beach Rooms,314048,NA,Valencia,1,1,€ 110,2019/08/14,2019/08/15,2,"7,1",14
Suites by Eric Olsan (L),4287413,Apartamentos,Valencia,1,1,€ 111,2019/08/14,2019/08/15,0,"7,3",14
Bonito apartamento en Valencia!,3646923,Apartamentos,Valencia,1,1,€ 114,2019/08/14,2019/08/15,0,"7,4",14
B&B El Mercat,2203530,NA,Valencia,1,1,€ 120,2019/08/14,2019/08/15,0,"7,3",14
Casual de la Música Valencia,273130,NA,Valencia,1,1,€ 126,2019/08/14,2019/08/15,2,"7,4",14
Bruno Apartment,2715023,Apartamento,Valencia,1,1,NA,2019/08/14,2019/08/15,0,"9,7",14
NWT Monserrat,3728842,Apartamentos,Valencia,1,1,€ 129,2019/08/14,2019/08/15,0,"7,1",14
Valencia Luxury Catedral,440778,Apartamentos,Valencia,1,1,€ 150,2019/08/14,2019/08/15,0,"7,1",14
Valencia Boutique Ayuntamiento,343355,Apartamentos,Valencia,1,1,€ 190,2019/08/14,2019/08/15,0,"7,2",14
Friendly Rentals Messiaen,1634249,Apartamento,Valencia,1,1,€ 120,2019/08/14,2019/08/15,0,"6,5",14
Valencia Boutique Mercado Central,440757,Apartamentos,Valencia,1,1,€ 170,2019/08/14,2019/08/15,0,"6,6",14
Apartamento para 10 personas,5029963,Apartamento,Valencia,1,1,€ 200,2019/08/14,2019/08/15,0,"6,9",14
Malvarrosa Beach,3546692,Casas y chalets,Valencia,1,1,€ 1.260,2019/08/14,2019/08/15,0,"6,9",14
Habitación con cama doble,4794909,NA,Valencia,1,1,€ 41,2019/08/14,2019/08/15,0,"6,4",14
Fun and Sun Center 2,2944416,NA,Valencia,1,1,€ 45,2019/08/14,2019/08/15,0,"6,2",14
RoomTuristValencia - Ruzafa,4608394,NA,Valencia,1,1,€ 35,2019/08/14,2019/08/15,0,"5,9",14
Ruzafa Guesthouse,2269176,NA,Valencia,1,1,€ 40,2019/08/14,2019/08/15,0,"5,6",14
Guest House Torres de Quart,2275006,NA,Valencia,1,1,€ 45,2019/08/14,2019/08/15,0,"5,5",14
Carrer del Bisbe Jaume Pérez,4900140,NA,Valencia,1,1,€ 60,2019/08/14,2019/08/15,0,"5,8",14
Oliver,4865093,NA,Valencia,1,1,€ 73,2019/08/14,2019/08/15,0,"5,6",14
Kirei Apartment Berlin,4504570,Apartamentos,Valencia,1,1,€ 126,2019/08/14,2019/08/15,0,"5,5",14
Guesthouse Plaza de Toros,2985902,NA,Valencia,1,1,€ 38,2019/08/14,2019/08/15,0,5,14
Guest House Duc de Gaeta,2275007,NA,Valencia,1,1,€ 38,2019/08/14,2019/08/15,0,5,14
RoomTuristValencia Estacion del Norte,4682632,NA,Valencia,1,1,€ 40,2019/08/14,2019/08/15,0,"5,4",14
Citizentral Gascons,332095,NA,Valencia,1,1,€ 104,2019/08/14,2019/08/15,0,"8,7",14
Melia Plaza Valencia,13270,NA,Valencia,1,1,€ 105,2019/08/14,2019/08/15,4,"8,9",14
Hotel El Siglo,1741479,NA,Valencia,1,1,€ 106,2019/08/14,2019/08/15,3,"8,5",14
La seda stay,3335523,NA,Valencia,1,1,NA,2019/08/14,2019/08/15,0,"9,7",14
Lotelito,570027,NA,Valencia,1,1,€ 106,2019/08/14,2019/08/15,0,"8,9",14
Valencian Apartment,2298621,NA,Valencia,1,1,€ 107,2019/08/14,2019/08/15,0,"8,9",14
Suites by Eric Olsan (Florista),4726450,NA,Valencia,1,1,€ 108,2019/08/14,2019/08/15,0,"8,6",14
Hotel Dimar,90886,NA,Valencia,1,1,€ 108,2019/08/14,2019/08/15,4,"8,7",14
Barceló Valencia,91988,NA,Valencia,1,1,€ 108,2019/08/14,2019/08/15,4,"8,6",14
Petit Palace Ruzafa,90792,NA,Valencia,1,1,€ 109,2019/08/14,2019/08/15,3,"8,7",14
Atico Loft Ruzafa,3152977,NA,Valencia,1,1,NA,2019/08/14,2019/08/15,0,"9,7",14
Les flors,3985046,NA,Valencia,1,1,€ 109,2019/08/14,2019/08/15,0,"8,9",14
Casual del Cine Valencia,572187,NA,Valencia,1,1,€ 113,2019/08/14,2019/08/15,2,"8,6",14
UNIK. Apartments Valencia,2241282,NA,Valencia,1,1,€ 114,2019/08/14,2019/08/15,0,"8,5",14
One Shot Colón 46,1394168,NA,Valencia,1,1,€ 115,2019/08/14,2019/08/15,3,"8,7",14
AC Hotel Colon Valencia- a Marriott Lifestyle Hotel,1117150,NA,Valencia,1,1,€ 116,2019/08/14,2019/08/15,4,"8,6",14
Casual Vintage Valencia,1710241,NA,Valencia,1,1,€ 117,2019/08/14,2019/08/15,2,"8,5",14
Zenit Valencia,92327,NA,Valencia,1,1,€ 117,2019/08/14,2019/08/15,4,"8,8",14
Hotel Valencia Oceanic Managed by Melia Hotels International,91522,NA,Valencia,1,1,€ 118,2019/08/14,2019/08/15,4,"8,6",14
One Shot Palacio Reina Victoria 04,90885,NA,Valencia,1,1,€ 119,2019/08/14,2019/08/15,4,"8,6",14
Petit Palace Plaza de la Reina,90443,NA,Valencia,1,1,€ 119,2019/08/14,2019/08/15,3,"8,7",14
Friendly Rentals Soler,1634237,NA,Valencia,1,1,€ 120,2019/08/14,2019/08/15,0,"8,6",14
Blanq Carmen Hotel,97069,NA,Valencia,1,1,€ 122,2019/08/14,2019/08/15,3,"8,7",14
Welcomer Apartments Valencia,19363,NA,Valencia,1,1,€ 122,2019/08/14,2019/08/15,0,"8,6",14
Perla Apartments,3146781,NA,Valencia,1,1,€ 126,2019/08/14,2019/08/15,0,"8,8",14
Hotel Mediterraneo Valencia,92412,NA,Valencia,1,1,€ 128,2019/08/14,2019/08/15,3,"8,8",14
Valenciaflats Centro Histórico,94781,NA,Valencia,1,1,€ 129,2019/08/14,2019/08/15,0,"8,7",14
Soho Valencia,1538641,NA,Valencia,1,1,€ 129,2019/08/14,2019/08/15,0,"8,9",14
BUBUFLATS / Mercat,783206,NA,Valencia,1,1,€ 130,2019/08/14,2019/08/15,0,"8,9",14
BUBUFLATS / Mercat,783206,NA,Valencia,1,1,€ 130,2019/08/14,2019/08/15,0,"8,9",14
Hotel San Lorenzo Boutique,1307718,NA,Valencia,1,1,€ 135,2019/08/14,2019/08/15,3,"8,6",14
Apartamento Ciencias y Justicia,3825841,NA,Valencia,1,1,NA,2019/08/14,2019/08/15,0,"9,5",14
Friendly Rentals Strauss,1634236,NA,Valencia,1,1,€ 135,2019/08/14,2019/08/15,0,"8,8",14
Ilunion Aqua 4,92777,NA,Valencia,1,1,€ 135,2019/08/14,2019/08/15,4,"8,5",14
Hotel Mediterraneo Valencia,92412,NA,Valencia,1,1,€ 136,2019/08/14,2019/08/15,3,"8,8",14
Biopark View Apartment,2381901,NA,Valencia,1,1,€ 150,2019/08/14,2019/08/15,0,"8,9",14
Vincci Palace,94163,NA,Valencia,1,1,€ 154,2019/08/14,2019/08/15,4,"8,6",14
SH Valencia Palace,91497,NA,Valencia,1,1,€ 155,2019/08/14,2019/08/15,5,"8,5",14
Apartamento en la Ciudad de las Artes y las Ciencias,3552283,NA,Valencia,1,1,NA,2019/08/14,2019/08/15,0,"9,5",14
Cathedral Suites Hotel,1736257,NA,Valencia,1,1,€ 159,2019/08/14,2019/08/15,4,"8,9",14
Catalonia Excelsior,90578,NA,Valencia,1,1,€ 160,2019/08/14,2019/08/15,3,"8,7",14
Vincci Lys,91183,NA,Valencia,1,1,€ 165,2019/08/14,2019/08/15,4,"8,9",14
Hospes Palau de La Mar,93823,NA,Valencia,1,1,€ 167,2019/08/14,2019/08/15,5,"8,8",14
Flatsforyou Ruzafa,3342696,NA,Valencia,1,1,€ 180,2019/08/14,2019/08/15,0,"8,8",14
Flatsforyou Marina,1793012,NA,Valencia,1,1,€ 180,2019/08/14,2019/08/15,0,"8,7",14
Nowy apartament 3min od plaż- 3 sypialnie- balkon,3418661,NA,Valencia,1,1,NA,2019/08/14,2019/08/15,0,"9,5",14
Flatsforyou Sorolla House,403442,NA,Valencia,1,1,€ 180,2019/08/14,2019/08/15,0,"8,5",14
Zerka Centro,4425975,NA,Valencia,1,1,€ 208,2019/08/14,2019/08/15,0,"8,5",14
The Westin Valencia,93321,NA,Valencia,1,1,€ 213,2019/08/14,2019/08/15,5,"8,7",14
SingularStays Parque Central,3054000,NA,Valencia,1,1,€ 282,2019/08/14,2019/08/15,0,"8,8",14
Habitación Céntrica en Casa de Familia,4289877,NA,Valencia,1,1,€ 35,2019/08/14,2019/08/15,0,8,14
Habitacion en Valencia Barata,4861796,NA,Valencia,1,1,€ 38,2019/08/14,2019/08/15,0,"8,2",14
Apartamento centro frente a Torres de Serrano,3408067,NA,Valencia,1,1,NA,2019/08/14,2019/08/15,0,"9,5",14
Urban Youth Hostel,1163025,NA,Valencia,1,1,€ 47,2019/08/14,2019/08/15,0,"8,4",14
Hostal Abastos,257057,NA,Valencia,1,1,€ 50,2019/08/14,2019/08/15,2,"8,2",14
HOSPEDAJE PESET,4718074,NA,Valencia,1,1,€ 50,2019/08/14,2019/08/15,0,"8,1",14
HABITACIÓN PRIVADA EN RUZAFA,4948581,NA,Valencia,1,1,€ 51,2019/08/14,2019/08/15,0,"8,1",14
Red Nest Hostel,92283,NA,Valencia,1,1,€ 55,2019/08/14,2019/08/15,0,"8,2",14
Pension MonaLisa Luxury Suites,3834224,NA,Valencia,1,1,€ 60,2019/08/14,2019/08/15,0,"8,2",14
Valencia centro historico,3354779,NA,Valencia,1,1,NA,2019/08/14,2019/08/15,0,"9,5",14
Tryp Valencia Feria,92852,NA,Valencia,1,1,€ 63,2019/08/14,2019/08/15,4,"8,3",14
L'Otelet By Sweet,1467935,NA,Valencia,1,1,€ 64,2019/08/14,2019/08/15,0,"8,3",14
Residencia Universitaria Damia Bonet,247451,NA,Valencia,1,1,€ 64,2019/08/14,2019/08/15,0,"8,3",14
Hotel Villacarlos,90730,NA,Valencia,1,1,€ 67,2019/08/14,2019/08/15,3,8,14
Purple Nest Hostel,25278,NA,Valencia,1,1,€ 67,2019/08/14,2019/08/15,0,8,14
Aparthotel Valencia Rental,17344,NA,Valencia,1,1,€ 69,2019/08/14,2019/08/15,0,8,14
Tranvia a la Playa Malvarrosa,3183912,NA,Valencia,1,1,NA,2019/08/14,2019/08/15,0,"9,5",14
Dormavalencia Hostel Regne,291755,NA,Valencia,1,1,€ 70,2019/08/14,2019/08/15,1,8,14
Alquiler Habitacion Centro De Valencia,3977106,NA,Valencia,1,1,€ 72,2019/08/14,2019/08/15,0,"8,1",14
Sweet Hotel Renasa,274818,NA,Valencia,1,1,€ 84,2019/08/14,2019/08/15,3,8,14
Apartamentos Plaza Picasso,97063,NA,Valencia,1,1,€ 84,2019/08/14,2019/08/15,0,"8,4",14
B&B Hi Valencia Canovas,305349,NA,Valencia,1,1,€ 85,2019/08/14,2019/08/15,0,"8,4",14
Valencia Boutique Plaza de la Reina,1541067,NA,Valencia,1,1,€ 85,2019/08/14,2019/08/15,0,8,14
Ilunion Aqua 3,92776,NA,Valencia,1,1,€ 93,2019/08/14,2019/08/15,3,"8,3",14
Happy Apartments Valencia,456043,NA,Valencia,1,1,€ 94,2019/08/14,2019/08/15,0,"8,2",14
MD Modern Hotel - Jardines,305447,NA,Valencia,1,1,€ 95,2019/08/14,2019/08/15,1,"8,2",14
NH Valencia Las Ciencias,90725,NA,Valencia,1,1,€ 95,2019/08/14,2019/08/15,3,8,14
NH Ciudad de Valencia,90729,NA,Valencia,1,1,€ 96,2019/08/14,2019/08/15,3,"8,1",14
Ilunion Valencia 4,754329,NA,Valencia,1,1,€ 97,2019/08/14,2019/08/15,4,8,14
Calle Salado N 4,3464758,NA,Valencia,1,1,€ 98,2019/08/14,2019/08/15,0,"8,3",14
Silken Puerta Valencia,91182,NA,Valencia,1,1,€ 98,2019/08/14,2019/08/15,4,"8,3",14
Eurostars Rey Don Jaime,91520,NA,Valencia,1,1,€ 98,2019/08/14,2019/08/15,4,"8,2",14
Hotel Valencia Center,91285,NA,Valencia,1,1,€ 99,2019/08/14,2019/08/15,4,"8,4",14
United Colors of Apartments - Catedral,1301545,NA,Valencia,1,1,€ 99,2019/08/14,2019/08/15,0,"8,2",14
Happy Apartments Valencia – Lope de Vega,575582,NA,Valencia,1,1,€ 99,2019/08/14,2019/08/15,0,"8,1",14
United Colors of Apartments Boutique Style,5372347,Apartamentos,Valencia,1,1,€ 114,2019/08/14,2019/08/15,0,10,14
L'Esplai Valencia Bed & Breakfast,1282556,NA,Valencia,1,1,€ 93,2019/08/14,2019/08/15,0,"9,6",14
Disfruta - Enjoy Valencia Ayuntamiento,4901194,Apartamento,Valencia,1,1,NA,2019/08/14,2019/08/15,0,10,14
Valencian Dreams Lonja,4757385,Apartamento,Valencia,1,1,€ 100,2019/08/14,2019/08/15,0,"9,7",14
Opera House Valencia B&B,3533887,NA,Valencia,1,1,€ 109,2019/08/14,2019/08/15,0,"9,5",14
Ramirez Flats & Bar,4124528,Apartahotel,Valencia,1,1,€ 122,2019/08/14,2019/08/15,0,"9,5",14
Disfruta - Enjoy Valencia Oceanografic,4121345,Apartamento,Valencia,1,1,€ 135,2019/08/14,2019/08/15,0,"9,6",14
Barracart Apartments,2125836,Apartamentos,Valencia,1,1,€ 147,2019/08/14,2019/08/15,0,"9,6",14
Apartment Plaza Cisneros,1273377,Apartamentos,Valencia,1,1,€ 150,2019/08/14,2019/08/15,0,"9,8",14
Hostal Antigua Morellana,1273937,NA,Valencia,1,1,NA,2019/08/14,2019/08/15,1,"9,5",14
Valencia Sol Sun,2482393,Apartamento,Valencia,1,1,€ 171,2019/08/14,2019/08/15,0,"9,5",14
Art&Flats Bed&Breakfast,5238345,NA,Valencia,1,1,€ 55,2019/08/14,2019/08/15,0,"9,3",14
City Garden Bed and Breakfast,2204361,NA,Valencia,1,1,€ 80,2019/08/14,2019/08/15,0,"9,4",14
Hostal Venecia,92883,NA,Valencia,1,1,€ 88,2019/08/14,2019/08/15,2,"9,1",14
Habitación doble,3599930,NA,Valencia,1,1,€ 90,2019/08/14,2019/08/15,0,9,14
Una Ubicacion Perfecta,3114164,Apartamentos,Valencia,1,1,€ 105,2019/08/14,2019/08/15,0,"9,1",14
Canovas rooms,5296619,NA,Valencia,1,1,NA,2019/08/14,2019/08/15,0,"9,7",14
MD Design Hotel - Portal del Real,2391685,NA,Valencia,1,1,€ 107,2019/08/14,2019/08/15,2,"9,1",14
You & Co. Saler Beach boutique,4533007,NA,Valencia,1,1,€ 108,2019/08/14,2019/08/15,3,9,14
Hotel Valencia Alameda,4019381,NA,Valencia,1,1,€ 109,2019/08/14,2019/08/15,4,"9,4",14
La casita de Palomar,2132386,Apartamentos,Valencia,1,1,€ 109,2019/08/14,2019/08/15,0,"9,4",14
Palau de Palomar,471283,Apartamentos,Valencia,1,1,€ 109,2019/08/14,2019/08/15,0,"9,1",14
Sorolla Centro,90896,NA,Valencia,1,1,€ 110,2019/08/14,2019/08/15,3,"9,1",14
Colors Rooms,675839,NA,Valencia,1,1,NA,2019/08/14,2019/08/15,0,"9,5",14
Valenciaflats Centro Ciudad,18544,Apartamentos,Valencia,1,1,€ 110,2019/08/14,2019/08/15,0,"9,1",14
Citizentral Juristas,1113127,Apartamentos,Valencia,1,1,€ 112,2019/08/14,2019/08/15,0,"9,2",14
Bianca,4232781,Apartamentos,Valencia,1,1,€ 118,2019/08/14,2019/08/15,0,9,14
MYR Hotel Plaza Mercado & Spa,1619029,Apartahotel,Valencia,1,1,€ 119,2019/08/14,2019/08/15,0,"9,2",14
Apartamentos Wallace,1698355,Apartamentos,Valencia,1,1,€ 120,2019/08/14,2019/08/15,0,"9,2",14
MARQUÉS HOUSE 4* SUP,2118880,NA,Valencia,1,1,€ 124,2019/08/14,2019/08/15,4,"9,4",14
Maison Reina B&B,5004812,NA,Valencia,1,1,NA,2019/08/14,2019/08/15,0,"9,5",14
Valenciaflats Mercado Central,307677,Apartamentos,Valencia,1,1,€ 124,2019/08/14,2019/08/15,0,9,14
NH Collection Colón Valencia,3828811,NA,Valencia,1,1,€ 129,2019/08/14,2019/08/15,4,"9,2",14
Apartamentos Edificio Palomar,189277,Apartamentos,Valencia,1,1,€ 129,2019/08/14,2019/08/15,0,"9,2",14
Live in Chianti,2227491,NA,Valencia,1,1,€ 129,2019/08/14,2019/08/15,0,"9,1",14
Mon Suites Catedral,485679,Apartamentos,Valencia,1,1,€ 134,2019/08/14,2019/08/15,0,"9,2",14
BUBUSUITES by Bubuflats,2389776,NA,Valencia,1,1,€ 140,2019/08/14,2019/08/15,0,"9,3",14
CÓMODAS HABITACIONES CERCA DE LA PLAYA,5041799,NA,Valencia,1,1,NA,2019/08/14,2019/08/15,0,"9,5",14
Apartments Madrina,3278589,Apartamentos,Valencia,1,1,€ 140,2019/08/14,2019/08/15,0,9,14
Live in Chianti Apartaments,2882632,Apartamentos,Valencia,1,1,€ 143,2019/08/14,2019/08/15,0,"9,1",14
Valenciaflats Ciudad de las Ciencias,93676,Apartamentos,Valencia,1,1,€ 147,2019/08/14,2019/08/15,0,"9,1",14
YourPlace apartments Mercado Central,2933554,Apartamentos,Valencia,1,1,€ 150,2019/08/14,2019/08/15,0,9,14
Mon Suites San Martin,2777545,Apartamentos,Valencia,1,1,€ 156,2019/08/14,2019/08/15,0,"9,4",14
Apartament Cura Femenia,2010355,Apartamento,Valencia,1,1,€ 156,2019/08/14,2019/08/15,0,"9,3",14
Apartamentos La más Bonita,2816245,Apartamentos,Valencia,1,1,€ 158,2019/08/14,2019/08/15,0,"9,1",14
WeRentVLC Sunny Terrace Ruzafa,2906716,Apartamento,Valencia,1,1,€ 159,2019/08/14,2019/08/15,0,"9,3",14
Valencia City Designer Bioparc,3085078,Apartamento,Valencia,1,1,€ 165,2019/08/14,2019/08/15,0,9,14
HQ Rooms Apartments San Vicente,2894429,Apartamentos,Valencia,1,1,€ 165,2019/08/14,2019/08/15,0,"9,3",14
APARTAMENTO CENTRICO. WI-FI. PARKING,2967593,Apartamento,Valencia,1,1,€ 170,2019/08/14,2019/08/15,0,"9,2",14
Vincci Mercat,1279484,NA,Valencia,1,1,€ 170,2019/08/14,2019/08/15,4,9,14
Hogar Vera Apartments&Bikes,1807919,Apartamentos,Valencia,1,1,€ 174,2019/08/14,2019/08/15,0,"9,4",14
Mon Suites San Nicolas,4117225,Apartamentos,Valencia,1,1,€ 175,2019/08/14,2019/08/15,0,"9,2",14
One Shot Mercat 09,2274203,NA,Valencia,1,1,€ 189,2019/08/14,2019/08/15,4,"9,2",14
Caro Hotel,348132,NA,Valencia,1,1,€ 265,2019/08/14,2019/08/15,5,"9,2",14
Zerka Sendra,4657122,Apartamento,Valencia,1,1,€ 310,2019/08/14,2019/08/15,0,9,14
Las Arenas Balneario Resort,91144,NA,Valencia,1,1,€ 320,2019/08/14,2019/08/15,5,9,14
