name,propertyId,propertyType,city,rooms,days,price,checkIn,checkOut,stars,score,advance
YourPlace Apartments,2896608,Apartamentos,Valencia,1,1,€ 144,2019/08/12,2019/08/13,0,"7,7",14
Valencia Luxury Central Market,1078335,Apartamentos,Valencia,1,1,€ 159,2019/08/12,2019/08/13,0,"7,5",14
PORT VALENCIA PLAYA,5259971,Apartamento,Valencia,1,1,NA,2019/08/12,2019/08/13,0,"9,6",14
Valencia Luxury Attics Ayuntamiento,337092,Apartamentos,Valencia,1,1,€ 160,2019/08/12,2019/08/13,0,"7,5",14
Atico En El Centro,2347147,Apartamento,Valencia,1,1,€ 100,2019/08/12,2019/08/13,0,"8,4",14
Valencia Boutique Plaza de la Reina,1541067,Apartamentos,Valencia,1,1,€ 100,2019/08/12,2019/08/13,0,8,14
Apartments Welcome to Valencia Peset Aleixandre 69,4964856,Apartamento,Valencia,1,1,NA,2019/08/12,2019/08/13,0,"9,7",14
Guest House Duc de Gaeta,2275007,Hostal o pensión,Valencia,1,1,€ 48,2019/08/12,2019/08/13,0,5,14
Homestay Carrer Sagun,5006434,Habitación en casa particular,Valencia,1,1,€ 65,2019/08/12,2019/08/13,0,"8,7",14
United Colors of Apartments Boutique Style,5372347,Apartamento,Valencia,1,1,€ 114,2019/08/12,2019/08/13,0,10,14
Primus Valencia,331871,Hotel,Valencia,1,1,€ 103,2019/08/12,2019/08/13,4,"8,3",14
El Globo,24498,Hotel,Valencia,1,1,€ 160,2019/08/12,2019/08/13,1,"7,8",14
Loft el Carmen amazing views,4932621,Apartamento,Valencia,1,1,€ 191,2019/08/12,2019/08/13,0,"7,9",14
MD Abastos Center,2551194,Apartamento,Valencia,1,1,€ 455,2019/08/12,2019/08/13,0,"7,7",14
Vincci Palace,94163,Hotel,Valencia,1,1,€ 154,2019/08/12,2019/08/13,4,"8,6",14
RoomTuristValencia RuzafaSumsi,4682802,Hostal o pensión,Valencia,1,1,€ 55,2019/08/12,2019/08/13,0,5,14
Piso en barrio del Carmen cerca de Plaza Virgen,3421713,Apartamento,Valencia,1,1,NA,2019/08/12,2019/08/13,0,"9,8",14
Namaste Rooms,3799642,Hostal o pensión,Valencia,1,1,€ 65,2019/08/12,2019/08/13,0,"8,6",14
Apartamento,3139431,Apartamento,Valencia,1,1,NA,2019/08/12,2019/08/13,0,"9,5",14
Guest House Ruzafa,2324552,Hostal o pensión,Valencia,1,1,€ 60,2019/08/12,2019/08/13,0,"5,3",14
Olympia Flats,4212801,Habitación en casa particular,Valencia,1,1,€ 40,2019/08/12,2019/08/13,0,"9,7",14
feliz como en casa,3676196,Habitación en casa particular,Valencia,1,1,€ 36,2019/08/12,2019/08/13,0,7,14
Casual de las Artes Valencia,538056,Hotel,Valencia,1,1,€ 104,2019/08/12,2019/08/13,3,"8,4",14
SH Valencia Palace,91497,Hotel,Valencia,1,1,€ 155,2019/08/12,2019/08/13,5,"8,5",14
Colegio Mayor La Concepción,626558,Albergue,Valencia,1,1,€ 66,2019/08/12,2019/08/13,0,"8,7",14
Disfruta - Enjoy Valencia Ayuntamiento,4901194,NA,Valencia,1,1,NA,2019/08/12,2019/08/13,0,10,14
RoomTuristValencia Torres de Quart,4565643,Hostal o pensión,Valencia,1,1,€ 35,2019/08/12,2019/08/13,0,"4,8",14
Kirei Apartment Atlanta,4304662,Apartamento,Valencia,1,1,€ 208,2019/08/12,2019/08/13,0,"4,5",14
Hostal Waksman,281139,Hostal o pensión,Valencia,1,1,€ 45,2019/08/12,2019/08/13,1,"7,3",14
Apartments Downtown Valencia,2250421,Apartamentos,Valencia,1,1,NA,2019/08/12,2019/08/13,0,"9,6",14
Luxury Beach House,3602594,Casa o chalet,Valencia,1,1,NA,2019/08/12,2019/08/13,0,"9,7",14
Silken Puerta Valencia,91182,Hotel,Valencia,1,1,€ 104,2019/08/12,2019/08/13,4,"8,3",14
Apartamentos Plaza Picasso,97063,Apartamentos,Valencia,1,1,€ 106,2019/08/12,2019/08/13,0,"8,4",14
Plaza Sainetero Arniches,3984774,Apartamento,Valencia,1,1,€ 109,2019/08/12,2019/08/13,0,"8,4",14
Hulot B&B Valencia,585429,Hostal o pensión,Valencia,1,1,€ 68,2019/08/12,2019/08/13,0,"8,5",14
Constitucion Guesthouse,2985942,Hostal o pensión,Valencia,1,1,€ 30,2019/08/12,2019/08/13,0,"3,3",14
L'Esplai Valencia Bed & Breakfast,1282556,Bed & breakfast,Valencia,1,1,€ 99,2019/08/12,2019/08/13,0,"9,6",14
Centro Valencia Calle Cerrajeros,3476261,Bed & breakfast,Valencia,1,1,€ 50,2019/08/12,2019/08/13,0,7,14
Hotel Conqueridor,91047,Hotel,Valencia,1,1,€ 117,2019/08/12,2019/08/13,4,"8,4",14
Ciudad Ciencias- Lujo- Parking- Wi-Fi.,4999636,Apartamento,Valencia,1,1,NA,2019/08/12,2019/08/13,0,"9,8",14
Vincci Lys,91183,Hotel,Valencia,1,1,€ 165,2019/08/12,2019/08/13,4,"8,9",14
Habitación en valencia centro,5418023,Habitación en casa particular,Valencia,1,1,€ 35,2019/08/12,2019/08/13,0,,14
ABCyou Bed&Breakfast,189207,Bed & breakfast,Valencia,1,1,€ 73,2019/08/12,2019/08/13,0,"8,5",14
UNIK. Apartments Valencia,2241282,Apartamentos,Valencia,1,1,€ 75,2019/08/12,2019/08/13,0,"8,5",14
Carrer de l'Escriptor Rafael Ferreres,4267645,Apartamento,Valencia,1,1,€ 75,2019/08/12,2019/08/13,0,"8,7",14
Ruzafa Rooms,2891693,Hostal o pensión,Valencia,1,1,€ 60,2019/08/12,2019/08/13,0,7,14
Ramirez Flats & Bar,4124528,NA,Valencia,1,1,€ 117,2019/08/12,2019/08/13,0,"9,5",14
Habitación muy cerca de la playa.,5395908,Habitación en casa particular,Valencia,1,1,€ 40,2019/08/12,2019/08/13,0,,14
Doctor Oloriz-31-9,3397673,Apartamento,Valencia,1,1,NA,2019/08/12,2019/08/13,0,"9,9",14
Hotel Medium Valencia,96838,Hotel,Valencia,1,1,€ 117,2019/08/12,2019/08/13,4,"8,2",14
Sercotel Sorolla Palace,93646,Hotel,Valencia,1,1,€ 77,2019/08/12,2019/08/13,4,"8,6",14
Valencia Sol Sun,2482393,Apartamento,Valencia,1,1,NA,2019/08/12,2019/08/13,0,"9,5",14
Cosy Rooms Bolsería,371606,Hostal o pensión,Valencia,1,1,€ 78,2019/08/12,2019/08/13,2,"7,4",14
Amplia habitación en piso compartido,5433175,Habitación en casa particular,Valencia,1,1,€ 50,2019/08/12,2019/08/13,0,,14
Hotel Valencia Oceanic Managed by Melia Hotels International,91522,Hotel,Valencia,1,1,€ 168,2019/08/12,2019/08/13,4,"8,6",14
Opera House Valencia B&B,3533887,Hotel,Valencia,1,1,€ 130,2019/08/12,2019/08/13,0,"9,5",14
APARTAMENTO LAS MELLIZAS,4651578,Habitación en casa particular,Valencia,1,1,€ 59,2019/08/12,2019/08/13,0,"8,4",14
Valenciaflats Torres de Serrano,17468,Apartamentos,Valencia,1,1,€ 120,2019/08/12,2019/08/13,0,"8,3",14
vosotros sereis parte de mi familia.,5299568,Habitación en casa particular,Valencia,1,1,€ 60,2019/08/12,2019/08/13,0,,14
Central Station Valencia Hostel,1647017,Albergue,Valencia,1,1,€ 79,2019/08/12,2019/08/13,0,"7,1",14
Dormavalencia Hostel Regne,291755,Hostal o pensión,Valencia,1,1,€ 120,2019/08/12,2019/08/13,1,8,14
Biopark View Apartment,2381901,NA,Valencia,1,1,€ 169,2019/08/12,2019/08/13,0,"8,9",14
Molinell,2017573,NA,Valencia,1,1,€ 141,2019/08/12,2019/08/13,0,"9,5",14
Melia Valencia,290493,Hotel,Valencia,1,1,€ 77,2019/08/12,2019/08/13,4,"8,8",14
Blanq Comedias,4922002,Hostal o pensión,Valencia,1,1,€ 63,2019/08/12,2019/08/13,0,,14
Homestay & OLEE,4132920,Habitación en casa particular,Valencia,1,1,€ 80,2019/08/12,2019/08/13,0,"7,4",14
Casita bonita con piscina y jardin,5294677,Bed & breakfast,Valencia,1,1,€ 75,2019/08/12,2019/08/13,0,,14
SH Ingles Boutique Hotel,92956,Hotel,Valencia,1,1,€ 120,2019/08/12,2019/08/13,4,"8,4",14
Flatsforyou Marina,1793012,NA,Valencia,1,1,€ 180,2019/08/12,2019/08/13,0,"8,7",14
HOSTAL BED OF THE SEA,3974636,Hostal o pensión,Valencia,1,1,€ 82,2019/08/12,2019/08/13,0,7,14
El Rincón de Las Artes,2194749,Apartamento,Valencia,1,1,NA,2019/08/12,2019/08/13,0,"9,7",14
Barracart Apartments,2125836,NA,Valencia,1,1,€ 147,2019/08/12,2019/08/13,0,"9,6",14
Home Youth Hostel by Feetup Hostels,189322,Albergue,Valencia,1,1,€ 83,2019/08/12,2019/08/13,0,"8,8",14
Comfort Homestay,5423155,Habitación en casa particular,Valencia,1,1,€ 79,2019/08/12,2019/08/13,0,,14
Dormavalencia Hostel,249585,Hostal o pensión,Valencia,1,1,€ 125,2019/08/12,2019/08/13,1,"8,2",14
VALENCIA APARTAMENTO GOYA GRAN TERRAZA,4660558,Apartamento,Valencia,1,1,NA,2019/08/12,2019/08/13,0,"9,9",14
City of Arts,3031480,Apartamento,Valencia,1,1,€ 180,2019/08/12,2019/08/13,0,"8,8",14
Valencia Just in the Middle,2965508,NA,Valencia,1,1,€ 155,2019/08/12,2019/08/13,0,"9,9",14
Cosy Rooms Embajador,369728,Hostal o pensión,Valencia,1,1,€ 89,2019/08/12,2019/08/13,2,"7,4",14
Valencia Apartments,4367788,Apartamentos,Valencia,1,1,€ 96,2019/08/12,2019/08/13,0,"7,2",14
Suites by Eric Olsan (L),4287413,Apartamentos,Valencia,1,1,€ 111,2019/08/12,2019/08/13,0,"7,4",14
Bonito apartamento en Valencia!,3646923,Apartamentos,Valencia,1,1,€ 114,2019/08/12,2019/08/13,0,"7,4",14
Hotel Malcom and Barret,483261,Hotel,Valencia,1,1,€ 86,2019/08/12,2019/08/13,3,"8,7",14
Estrella de russafa,5352439,Habitación en casa particular,Valencia,1,1,€ 80,2019/08/12,2019/08/13,0,,14
Apartment Sofi,2830696,Apartamento,Valencia,1,1,NA,2019/08/12,2019/08/13,0,"9,8",14
Acogedor apartamento en zona universitaria y playa,5414090,Casa o chalet,Valencia,1,1,€ 81,2019/08/12,2019/08/13,0,,14
Hotel Miramar,23332,Hotel,Valencia,1,1,€ 126,2019/08/12,2019/08/13,2,"8,4",14
NWT Central Station Apartments,3964093,Apartamento,Valencia,1,1,€ 139,2019/08/12,2019/08/13,0,"8,4",14
VALENCIA APARTAMENTO GOYA,4256653,NA,Valencia,1,1,NA,2019/08/12,2019/08/13,0,10,14
B&B El Mercat,2203530,Bed & breakfast,Valencia,1,1,€ 120,2019/08/12,2019/08/13,0,"7,3",14
Valencia Apartmans El Carmen,847910,Apartamentos,Valencia,1,1,€ 123,2019/08/12,2019/08/13,0,"7,3",14
Valencia what else...,2550483,Apartamento,Valencia,1,1,NA,2019/08/12,2019/08/13,0,"9,5",14
Casual Socarrat Valencia,5142800,Hotel,Valencia,1,1,€ 85,2019/08/12,2019/08/13,3,,14
Miresa flats 2.1A,5399747,Apartamento,Valencia,1,1,€ 90,2019/08/12,2019/08/13,0,,14
Loft Turia Gran,5133726,Apartamento,Valencia,1,1,€ 113,2019/08/12,2019/08/13,0,,14
Miresa flats,5300418,Apartamento,Valencia,1,1,€ 125,2019/08/12,2019/08/13,0,,14
Old Town Flats Casa Burguerini,4552106,Apartamentos,Valencia,1,1,€ 137,2019/08/12,2019/08/13,0,,14
Apartment Plaza Cisneros,1273377,Apartamentos,Valencia,1,1,NA,2019/08/12,2019/08/13,0,"9,8",14
Catedral Reina Apartaments,5348651,Apartamentos,Valencia,1,1,€ 150,2019/08/12,2019/08/13,0,,14
Valencia Puerto Beach 3BD Apartment,5249773,Apartamento,Valencia,1,1,€ 202,2019/08/12,2019/08/13,0,,14
PLENO CENTRO (P24),4093891,Apartamento,Valencia,1,1,€ 209,2019/08/12,2019/08/13,0,,14
"Flat ""Ca Alexandre""",3687859,Apartamento,Valencia,1,1,€ 220,2019/08/12,2019/08/13,0,,14
MD POETA ANDRES CABRELLES,5385067,Apartamento,Valencia,1,1,€ 231,2019/08/12,2019/08/13,0,,14
Espaciosa y cómoda vivienda,5342327,Apartamento,Valencia,1,1,€ 238,2019/08/12,2019/08/13,0,,14
PORT VALENCIA PLAYA,5259971,Apartamento,Valencia,1,1,NA,2019/08/12,2019/08/13,0,"9,6",14
Apartamento con terraza,5238122,Apartahotel,Valencia,1,1,€ 240,2019/08/12,2019/08/13,0,,14
Duplex Penthouse,5436230,Apartamentos,Valencia,1,1,€ 251,2019/08/12,2019/08/13,0,,14
MD PASEO RUZAFA CENTER,5374850,Apartamento,Valencia,1,1,€ 502,2019/08/12,2019/08/13,0,,14
Governor Residence,3799760,Apartahotel,Valencia,1,1,€ 600,2019/08/12,2019/08/13,0,,14
Hospes Palau de La Mar,93823,Hotel,Valencia,1,1,€ 189,2019/08/12,2019/08/13,5,"8,8",14
One Shot Colón 46,1394168,Hotel,Valencia,1,1,€ 89,2019/08/12,2019/08/13,3,"8,7",14
City Suites Apartments,3091106,Hostal o pensión,Valencia,1,1,€ 140,2019/08/12,2019/08/13,0,"8,4",14
Art&Flats Bed&Breakfast,5238345,Bed & breakfast,Valencia,1,1,€ 30,2019/08/12,2019/08/13,0,"9,3",14
Gulet Why Not,5199364,Barco,Valencia,1,1,€ 3.600,2019/08/12,2019/08/13,0,,14
Casual de la Música Valencia,273130,Hotel,Valencia,1,1,€ 126,2019/08/12,2019/08/13,2,"7,4",14
NWT Monserrat,3728842,Apartamentos,Valencia,1,1,€ 129,2019/08/12,2019/08/13,0,"7,1",14
Kirei Apartment En Llop,1765516,Apartamentos,Valencia,1,1,€ 150,2019/08/12,2019/08/13,0,"7,1",14
Valencia Luxury Town Hall,866934,Apartamentos,Valencia,1,1,€ 159,2019/08/12,2019/08/13,0,7,14
Valencia Luxury Catedral,440778,Apartamentos,Valencia,1,1,€ 165,2019/08/12,2019/08/13,0,"7,1",14
Valencia Boutique Ayuntamiento,343355,Apartamentos,Valencia,1,1,€ 180,2019/08/12,2019/08/13,0,"7,2",14
Musico Art Flat,2925957,Apartamento,Valencia,1,1,NA,2019/08/12,2019/08/13,0,"9,6",14
Valencia Luxury Group Apartments,1648016,Apartamentos,Valencia,1,1,€ 190,2019/08/12,2019/08/13,0,"7,3",14
Apartamento centro frente a Torres de Serrano,3408067,NA,Valencia,1,1,NA,2019/08/12,2019/08/13,0,"9,5",14
Hotel Kramer,91106,Hotel,Valencia,1,1,€ 95,2019/08/12,2019/08/13,3,"8,8",14
Hotel Neptuno,91206,Hotel,Valencia,1,1,€ 144,2019/08/12,2019/08/13,4,"8,4",14
Cantagua Hostel,4074640,Hostal o pensión,Valencia,1,1,€ 48,2019/08/12,2019/08/13,0,"9,1",14
Loyola Room Habitación en Piso Compartido,3298489,Habitación en casa particular,Valencia,1,1,€ 37,2019/08/12,2019/08/13,0,"6,7",14
The Westin Valencia,93321,Hotel,Valencia,1,1,€ 203,2019/08/12,2019/08/13,5,"8,7",14
Host & Home,1663785,Hostal o pensión,Valencia,1,1,€ 77,2019/08/12,2019/08/13,0,9,14
Rooms Ciencias,94126,Hostal o pensión,Valencia,1,1,€ 95,2019/08/12,2019/08/13,0,"8,9",14
Centro en Valencia,2885222,Apartamento,Valencia,1,1,NA,2019/08/12,2019/08/13,0,"9,5",14
Holiday Inn Express Ciudad de las Ciencias,96737,Hotel,Valencia,1,1,€ 149,2019/08/12,2019/08/13,3,8,14
Flatsforyou Petit Bonaire,455152,Apartamentos,Valencia,1,1,€ 180,2019/08/12,2019/08/13,0,"8,2",14
RUZAFA- CENTRO-A/C- WI-FI- PARKING,2885994,Apartamento,Valencia,1,1,NA,2019/08/12,2019/08/13,0,"9,7",14
Musico Peydro Apartments,3765069,Apartamentos,Valencia,1,1,€ 236,2019/08/12,2019/08/13,0,"8,2",14
Geography and Arts.,3569110,Bed & breakfast,Valencia,1,1,€ 60,2019/08/12,2019/08/13,0,"6,6",14
Premium Apartments,486507,Apartamentos,Valencia,1,1,€ 119,2019/08/12,2019/08/13,0,"6,9",14
Valencia Boutique Ayuntamiento II,387852,Apartamentos,Valencia,1,1,€ 165,2019/08/12,2019/08/13,0,"6,8",14
Valencia Boutique Mercado Central,440757,Apartamentos,Valencia,1,1,€ 165,2019/08/12,2019/08/13,0,"6,6",14
Lounge by the sea,4756780,Apartamento,Valencia,1,1,NA,2019/08/12,2019/08/13,0,"9,8",14
Valencia Boutique Center,387770,Apartamentos,Valencia,1,1,€ 185,2019/08/12,2019/08/13,0,"6,9",14
Las casitas de la playa,3177809,Apartamentos,Valencia,1,1,€ 198,2019/08/12,2019/08/13,0,"6,9",14
Apartamento para 10 personas,5029963,Apartamento,Valencia,1,1,€ 200,2019/08/12,2019/08/13,0,"6,8",14
Malvarrosa Beach,3546692,Casas y chalets,Valencia,1,1,€ 1.260,2019/08/12,2019/08/13,0,"6,9",14
Zerka Centro,4425975,NA,Valencia,1,1,€ 208,2019/08/12,2019/08/13,0,"8,5",14
Center Valencia Youth Hostel,246931,Albergue,Valencia,1,1,€ 37,2019/08/12,2019/08/13,0,"7,9",14
Moon Valencia,3560698,NA,Valencia,1,1,€ 88,2019/08/12,2019/08/13,0,9,14
Jardín Botánico Hotel Boutique,93369,Hotel,Valencia,1,1,€ 95,2019/08/12,2019/08/13,3,"8,9",14
Fun and Sun Center 2,2944416,Hostal o pensión,Valencia,1,1,€ 45,2019/08/12,2019/08/13,0,"6,2",14
Kirei Apartment San Agustin,1712323,Apartamentos,Valencia,1,1,€ 137,2019/08/12,2019/08/13,0,"6,4",14
Casita Esmeralda,2040126,Casa o chalet,Valencia,1,1,€ 154,2019/08/12,2019/08/13,0,"6,4",14
Kirei Apartment Portland,4276529,Apartamentos,Valencia,1,1,€ 155,2019/08/12,2019/08/13,0,6,14
Jardines del Real,1297339,Casa o chalet,Valencia,1,1,€ 265,2019/08/12,2019/08/13,0,"6,3",14
Flatsforyou Sorolla House,403442,NA,Valencia,1,1,€ 210,2019/08/12,2019/08/13,0,"8,5",14
Habitación doble,3599930,Habitación en casa particular,Valencia,1,1,€ 90,2019/08/12,2019/08/13,0,9,14
Apart and Benef,2291245,Hostal o pensión,Valencia,1,1,€ 38,2019/08/12,2019/08/13,0,"7,7",14
RoomTuristValencia - Ruzafa,4608394,Hostal o pensión,Valencia,1,1,€ 35,2019/08/12,2019/08/13,0,"5,9",14
Hotel El Siglo,1741479,Hotel,Valencia,1,1,€ 97,2019/08/12,2019/08/13,3,"8,5",14
Flatsforyou Ruzafa,3342696,Apartamento,Valencia,1,1,€ 230,2019/08/12,2019/08/13,0,"8,8",14
Apartamento bianca,3205847,NA,Valencia,1,1,€ 96,2019/08/12,2019/08/13,0,"9,2",14
Ruzafa Guesthouse,2269176,Hostal o pensión,Valencia,1,1,€ 50,2019/08/12,2019/08/13,0,"5,6",14
UP Hostel Valencia,1710137,Albergue,Valencia,1,1,€ 38,2019/08/12,2019/08/13,0,"7,8",14
AC Hotel Valencia- a Marriott Lifestyle Hotel,91063,Hotel,Valencia,1,1,€ 99,2019/08/12,2019/08/13,4,"8,6",14
Hostal Antigua Morellana,1273937,Hostal o pensión,Valencia,1,1,NA,2019/08/12,2019/08/13,1,"9,5",14
SingularStays Parque Central,3054000,NA,Valencia,1,1,€ 282,2019/08/12,2019/08/13,0,"8,8",14
Guest House Torres de Quart,2275006,Hostal o pensión,Valencia,1,1,€ 50,2019/08/12,2019/08/13,0,"5,5",14
Albergue Juvenil Colegio Mayor Galileo Galilei,253103,Albergue,Valencia,1,1,€ 44,2019/08/12,2019/08/13,0,"7,9",14
Ad Hoc Carmen,1173270,Hotel,Valencia,1,1,€ 99,2019/08/12,2019/08/13,2,"8,9",14
Pio XII Apartments Valencia,402080,Apartamentos,Valencia,1,1,€ 99,2019/08/12,2019/08/13,0,"8,5",14
Urban Youth Hostel,1163025,Albergue,Valencia,1,1,€ 19,2019/08/12,2019/08/13,0,"8,4",14
Sorolla Centro,90896,Hotel,Valencia,1,1,€ 99,2019/08/12,2019/08/13,3,"9,1",14
Home Sweet Home,1223953,Hostal o pensión,Valencia,1,1,€ 60,2019/08/12,2019/08/13,0,"5,6",14
Pensión Universal,304276,Hostal o pensión,Valencia,1,1,€ 48,2019/08/12,2019/08/13,0,"7,9",14
MUVIM CENTRUM,4756065,Apartamento,Valencia,1,1,NA,2019/08/12,2019/08/13,0,"9,7",14
Ad Hoc Monumental,90719,Hotel,Valencia,1,1,€ 101,2019/08/12,2019/08/13,3,"8,6",14
Tres Forques,2854630,Apartamento,Valencia,1,1,NA,2019/08/12,2019/08/13,0,"9,5",14
Apartamento,3139431,Apartamento,Valencia,1,1,NA,2019/08/12,2019/08/13,0,"9,5",14
Hotel Valencia Alameda,4019381,Hotel,Valencia,1,1,€ 99,2019/08/12,2019/08/13,4,"9,4",14
Carrer del Bisbe Jaume Pérez,4900140,Habitación en casa particular,Valencia,1,1,€ 60,2019/08/12,2019/08/13,0,"5,8",14
Valencia Russafa,4454999,Habitación en casa particular,Valencia,1,1,€ 50,2019/08/12,2019/08/13,0,"7,8",14
Casual del Cine Valencia,572187,Hotel,Valencia,1,1,€ 104,2019/08/12,2019/08/13,2,"8,6",14
Habitacion en Valencia Barata,4861796,Habitación en casa particular,Valencia,1,1,€ 38,2019/08/12,2019/08/13,0,"8,2",14
Habitación cerca del centro,2789581,Habitación en casa particular,Valencia,1,1,€ 50,2019/08/12,2019/08/13,0,"7,7",14
Oliver,4865093,Hostal o pensión,Valencia,1,1,€ 73,2019/08/12,2019/08/13,0,"5,6",14
Kirei Apartment Berlin,4504570,Apartamentos,Valencia,1,1,€ 115,2019/08/12,2019/08/13,0,"5,6",14
You & Co. Saler Beach boutique,4533007,Hotel,Valencia,1,1,€ 108,2019/08/12,2019/08/13,3,9,14
B&B Hi Valencia Boutique,1301725,Bed & breakfast,Valencia,1,1,€ 104,2019/08/12,2019/08/13,0,"8,7",14
Purple Nest Hostel,25278,Albergue,Valencia,1,1,€ 47,2019/08/12,2019/08/13,0,8,14
PISO ACOGEDOR,4995780,Habitación en casa particular,Valencia,1,1,€ 50,2019/08/12,2019/08/13,0,"7,5",14
RoomTuristValencia Estacion del Norte,4682632,Hostal o pensión,Valencia,1,1,€ 40,2019/08/12,2019/08/13,0,"5,4",14
Hostal Abastos,257057,Hostal o pensión,Valencia,1,1,€ 50,2019/08/12,2019/08/13,2,"8,2",14
Valenciaflats Centro Ciudad,18544,Apartamento,Valencia,1,1,€ 110,2019/08/12,2019/08/13,0,"9,1",14
Melia Plaza Valencia,13270,Hotel,Valencia,1,1,€ 105,2019/08/12,2019/08/13,4,"8,9",14
Guesthouse Plaza de Toros,2985902,Hostal o pensión,Valencia,1,1,€ 48,2019/08/12,2019/08/13,0,5,14
Valencia City Host,1177077,Hostal o pensión,Valencia,1,1,€ 53,2019/08/12,2019/08/13,0,"7,9",14
HOSPEDAJE PESET,4718074,Habitación en casa particular,Valencia,1,1,€ 50,2019/08/12,2019/08/13,0,"8,1",14
Lotelito,570027,Hostal o pensión,Valencia,1,1,€ 106,2019/08/12,2019/08/13,0,"8,9",14
MD Design Hotel - Portal del Real,2391685,Hotel,Valencia,1,1,€ 111,2019/08/12,2019/08/13,2,"9,1",14
Como en casa,4802186,Habitación en casa particular,Valencia,1,1,€ 54,2019/08/12,2019/08/13,0,"7,8",14
HABITACIÓN PRIVADA EN RUZAFA,4948581,Habitación en casa particular,Valencia,1,1,€ 51,2019/08/12,2019/08/13,0,"8,1",14
El Palacete Gran Via,3483148,Bed & breakfast,Valencia,1,1,€ 107,2019/08/12,2019/08/13,0,"8,7",14
Suites by Eric Olsan (Florista),4726450,Apartamentos,Valencia,1,1,€ 108,2019/08/12,2019/08/13,0,"8,6",14
Apartamento cerca Ciudad de las Ciencias con WIFI,3070842,Apartamento,Valencia,1,1,NA,2019/08/12,2019/08/13,0,"9,5",14
Hostal Venecia,92883,Hotel,Valencia,1,1,€ 112,2019/08/12,2019/08/13,2,"9,1",14
Hotel Beleret,94652,Hotel,Valencia,1,1,€ 63,2019/08/12,2019/08/13,3,"7,6",14
Apartamento en la Ciudad de las Artes y las Ciencias,3552283,Apartamento,Valencia,1,1,NA,2019/08/12,2019/08/13,0,"9,5",14
Pension MonaLisa Luxury Suites,3834224,Bed & breakfast,Valencia,1,1,€ 60,2019/08/12,2019/08/13,0,"8,2",14
Boutique Creative Rooms,2334726,Hotel,Valencia,1,1,€ 108,2019/08/12,2019/08/13,0,"8,7",14
Colors Rooms,675839,Hostal o pensión,Valencia,1,1,NA,2019/08/12,2019/08/13,0,"9,5",14
Jero Rooms,296743,Hostal o pensión,Valencia,1,1,€ 63,2019/08/12,2019/08/13,0,"7,7",14
JL Ciudad de las Artes,3074378,Apartamento,Valencia,1,1,NA,2019/08/12,2019/08/13,0,"9,6",14
Hotel Dimar,90886,Hotel,Valencia,1,1,€ 108,2019/08/12,2019/08/13,4,"8,7",14
OttoH Charm Stay,2459807,Hostal o pensión,Valencia,1,1,€ 119,2019/08/12,2019/08/13,0,"9,3",14
Valencia Lounge Hostel,337203,Hostal o pensión,Valencia,1,1,€ 63,2019/08/12,2019/08/13,0,"7,8",14
Reina 12,1684198,Hostal o pensión,Valencia,1,1,€ 60,2019/08/12,2019/08/13,0,"8,3",14
Casual Vintage Valencia,1710241,Hotel,Valencia,1,1,€ 108,2019/08/12,2019/08/13,2,"8,5",14
Welcomer Apartments Valencia,19363,Apartamentos,Valencia,1,1,€ 109,2019/08/12,2019/08/13,0,"8,6",14
Les flors,3985046,Apartamento,Valencia,1,1,€ 110,2019/08/12,2019/08/13,0,"8,9",14
Valenciaflats Centro Histórico,94781,Apartamentos,Valencia,1,1,€ 110,2019/08/12,2019/08/13,0,"8,7",14
L'Otelet By Sweet,1467935,Hostal o pensión,Valencia,1,1,€ 64,2019/08/12,2019/08/13,0,"8,3",14
Habitaciones Barra89,1076252,Hostal o pensión,Valencia,1,1,€ 64,2019/08/12,2019/08/13,0,"7,8",14
Apartamentos Wallace,1698355,NA,Valencia,1,1,€ 120,2019/08/12,2019/08/13,0,"9,2",14
Maison Reina B&B,5004812,Bed & breakfast,Valencia,1,1,NA,2019/08/12,2019/08/13,0,"9,5",14
Residencia Universitaria Damia Bonet,247451,Residencia de estudiantes,Valencia,1,1,€ 64,2019/08/12,2019/08/13,0,"8,3",14
B&B Hotel Valencia Ciudad de las Ciencias,92242,Hotel,Valencia,1,1,€ 74,2019/08/12,2019/08/13,3,"7,5",14
MARQUÉS HOUSE 4* SUP,2118880,Hotel,Valencia,1,1,€ 124,2019/08/12,2019/08/13,4,"9,4",14
Plaza Redonda house.,4399973,Hostal o pensión,Valencia,1,1,€ 74,2019/08/12,2019/08/13,0,"7,5",14
Eurostars Gran Valencia,90484,Hotel,Valencia,1,1,€ 68,2019/08/12,2019/08/13,4,"8,3",14
Barceló Valencia,91988,Hotel,Valencia,1,1,€ 113,2019/08/12,2019/08/13,4,"8,6",14
Friendly Rentals Nyman,3245521,Apartamento,Valencia,1,1,€ 115,2019/08/12,2019/08/13,0,"8,9",14
Mon Suites Catedral,485679,NA,Valencia,1,1,€ 129,2019/08/12,2019/08/13,0,"9,2",14
Hotel Turia,14441,Hotel,Valencia,1,1,€ 75,2019/08/12,2019/08/13,4,"7,5",14
Nanit Valencia Hostel,3913497,Hostal o pensión,Valencia,1,1,€ 70,2019/08/12,2019/08/13,0,"8,3",14
Teixidors de Palomar,2639791,NA,Valencia,1,1,€ 129,2019/08/12,2019/08/13,0,"9,4",14
AC Hotel Colon Valencia- a Marriott Lifestyle Hotel,1117150,Hotel,Valencia,1,1,€ 116,2019/08/12,2019/08/13,4,"8,6",14
Soho Valencia,1538641,Apartahotel,Valencia,1,1,€ 119,2019/08/12,2019/08/13,0,"8,9",14
Citizentral Gascons,332095,Apartamentos,Valencia,1,1,€ 120,2019/08/12,2019/08/13,0,"8,7",14
Valenciaflats Mercado Central,307677,Apartamentos,Valencia,1,1,€ 120,2019/08/12,2019/08/13,0,"8,9",14
Alquiler Habitacion Centro De Valencia,3977106,Habitación en casa particular,Valencia,1,1,€ 72,2019/08/12,2019/08/13,0,"8,1",14
OYO Pensión El Rincón,476031,Hostal o pensión,Valencia,1,1,€ 77,2019/08/12,2019/08/13,1,"7,7",14
United Colors of Studios - Mercado Central,2574108,Apartamentos,Valencia,1,1,€ 85,2019/08/12,2019/08/13,0,"7,9",14
Blanq Carmen Hotel,97069,Hotel,Valencia,1,1,€ 121,2019/08/12,2019/08/13,3,"8,7",14
Citizentral Juristas,1113127,NA,Valencia,1,1,€ 129,2019/08/12,2019/08/13,0,"9,2",14
Tres Forques,2854630,NA,Valencia,1,1,NA,2019/08/12,2019/08/13,0,"9,5",14
Ilunion Valencia 3,92818,Hotel,Valencia,1,1,€ 88,2019/08/12,2019/08/13,3,"7,9",14
Zenit Valencia,92327,Hotel,Valencia,1,1,€ 122,2019/08/12,2019/08/13,4,"8,8",14
Perla Apartments,3146781,Apartamentos,Valencia,1,1,€ 126,2019/08/12,2019/08/13,0,"8,8",14
Maison Reina B&B,5004812,Bed & breakfast,Valencia,1,1,NA,2019/08/12,2019/08/13,0,"9,5",14
Red Nest Hostel,92283,Albergue,Valencia,1,1,€ 72,2019/08/12,2019/08/13,0,"8,2",14
Hotel Mediterraneo Valencia,92412,Hotel,Valencia,1,1,€ 128,2019/08/12,2019/08/13,3,"8,8",14
Checkin Valencia,93743,Hotel,Valencia,1,1,€ 98,2019/08/12,2019/08/13,4,"7,8",14
BUBUSUITES by Bubuflats,2389776,Bed & breakfast,Valencia,1,1,€ 140,2019/08/12,2019/08/13,0,"9,3",14
Hotel Alkazar,408511,Hotel,Valencia,1,1,€ 74,2019/08/12,2019/08/13,1,"8,1",14
Petit Palace Plaza de la Reina,90443,Hotel,Valencia,1,1,€ 129,2019/08/12,2019/08/13,3,"8,7",14
Casa Cosy,375456,NA,Valencia,1,1,€ 140,2019/08/12,2019/08/13,0,"9,4",14
Expo Hotel Valencia,91223,Hotel,Valencia,1,1,€ 98,2019/08/12,2019/08/13,3,"7,6",14
SHF Plaza de la Reina,1682520,Apartamentos,Valencia,1,1,€ 100,2019/08/12,2019/08/13,0,"7,7",14
City Center Apartments,4426057,Apartamentos,Valencia,1,1,€ 108,2019/08/12,2019/08/13,0,"7,7",14
B&B Hi Valencia Canovas,305349,Bed & breakfast,Valencia,1,1,€ 74,2019/08/12,2019/08/13,0,"8,4",14
Catalonia Excelsior,90578,Hotel,Valencia,1,1,€ 130,2019/08/12,2019/08/13,3,"8,7",14
BUBUFLATS / Mercat,783206,Apartamentos,Valencia,1,1,€ 130,2019/08/12,2019/08/13,0,"8,9",14
Friendly Rentals Verdi 2,2523881,Apartamento,Valencia,1,1,€ 135,2019/08/12,2019/08/13,0,"8,8",14
Mon Suites San Nicolas,4117225,NA,Valencia,1,1,€ 145,2019/08/12,2019/08/13,0,"9,2",14
SEA YOU HOTEL PORT VALENCIA,92328,Hotel,Valencia,1,1,€ 117,2019/08/12,2019/08/13,4,"7,6",14
Torres Quart,3702234,Apartamentos,Valencia,1,1,€ 123,2019/08/12,2019/08/13,0,"7,7",14
El 16 Ruzafa,865461,Apartamentos,Valencia,1,1,€ 124,2019/08/12,2019/08/13,0,"7,7",14
City Center Apartment,5084891,Apartamento,Valencia,1,1,€ 125,2019/08/12,2019/08/13,0,"7,8",14
Living Valencia - Jardín del Turia,333591,Apartamentos,Valencia,1,1,€ 143,2019/08/12,2019/08/13,0,"7,7",14
Ilunion Aqua 4,92777,Hotel,Valencia,1,1,€ 135,2019/08/12,2019/08/13,4,"8,5",14
MODERNO Y ACOGEDOR FRENTE A RUZAFA Y CERCA DEL CENTRO,4490444,Apartamento,Valencia,1,1,€ 139,2019/08/12,2019/08/13,0,"8,8",14
Tryp Valencia Feria,92852,Hotel,Valencia,1,1,€ 77,2019/08/12,2019/08/13,4,"8,3",14
NH Collection Colón Valencia,3828811,Hotel,Valencia,1,1,€ 146,2019/08/12,2019/08/13,4,"9,2",14
Hotel Olympia Universidades,1301731,Hotel,Valencia,1,1,€ 84,2019/08/12,2019/08/13,3,"8,4",14
Vincci Palace,94163,Hotel,Valencia,1,1,€ 140,2019/08/12,2019/08/13,4,"8,6",14
ValentiaApartments - MercadoCentral,4185241,Apartamentos,Valencia,1,1,€ 142,2019/08/12,2019/08/13,0,"8,7",14
Valenciaflats Ciudad de las Ciencias,93676,Apartamento,Valencia,1,1,€ 147,2019/08/12,2019/08/13,0,"9,1",14
Sweet Hotel Continental,93856,Hotel,Valencia,1,1,€ 89,2019/08/12,2019/08/13,2,"8,3",14
Apartments Madrina,3278589,NA,Valencia,1,1,€ 150,2019/08/12,2019/08/13,0,9,14
Cómoda habitación Valencia,4200488,Habitación en casa particular,Valencia,1,1,NA,2019/08/12,2019/08/13,0,"9,5",14
Apartment Sofi,2830696,NA,Valencia,1,1,NA,2019/08/12,2019/08/13,0,"9,8",14
YourPlace apartments Mercado Central,2933554,NA,Valencia,1,1,€ 150,2019/08/12,2019/08/13,0,9,14
Sweet Hotel Renasa,274818,Hotel,Valencia,1,1,€ 89,2019/08/12,2019/08/13,3,8,14
MYR Hotel Plaza Mercado & Spa,1619029,NA,Valencia,1,1,€ 159,2019/08/12,2019/08/13,0,"9,2",14
MD Modern Hotel - Jardines,305447,Hotel,Valencia,1,1,€ 90,2019/08/12,2019/08/13,1,"8,2",14
Hi Valencia Cánovas,4312120,NA,Valencia,1,1,€ 160,2019/08/12,2019/08/13,0,9,14
Apartment Vicent,1674495,NA,Valencia,1,1,€ 90,2019/08/12,2019/08/13,0,"8,1",14
Happy Apartments Valencia,456043,NA,Valencia,1,1,€ 92,2019/08/12,2019/08/13,0,"8,2",14
Mon Suites San Martin,2777545,Apartamento,Valencia,1,1,€ 161,2019/08/12,2019/08/13,0,"9,4",14
Ilunion Aqua 3,92776,Hotel,Valencia,1,1,€ 93,2019/08/12,2019/08/13,3,"8,3",14
HQ Rooms Apartments San Vicente,2894429,Apartamento,Valencia,1,1,€ 165,2019/08/12,2019/08/13,0,"9,3",14
WeRentVLC Sunny Terrace Ruzafa,2906716,NA,Valencia,1,1,€ 165,2019/08/12,2019/08/13,0,"9,3",14
Happy Apartments Valencia – Lope de Vega,575582,NA,Valencia,1,1,€ 94,2019/08/12,2019/08/13,0,"8,1",14
Hogar Vera Apartments&Bikes,1807919,Apartamento,Valencia,1,1,€ 174,2019/08/12,2019/08/13,0,"9,4",14
NH Valencia Las Ciencias,90725,Hotel,Valencia,1,1,€ 94,2019/08/12,2019/08/13,3,8,14
Mediterranean Flats Plaza Redonda,4086496,NA,Valencia,1,1,€ 175,2019/08/12,2019/08/13,0,"9,2",14
NH Valencia Center,90727,Hotel,Valencia,1,1,€ 95,2019/08/12,2019/08/13,4,"8,3",14
Duplex en Blasco Ibáñez,3672426,NA,Valencia,1,1,€ 180,2019/08/12,2019/08/13,0,"9,1",14
NH Ciudad de Valencia,90729,Hotel,Valencia,1,1,€ 95,2019/08/12,2019/08/13,3,"8,1",14
Vincci Mercat,1279484,Hotel,Valencia,1,1,€ 187,2019/08/12,2019/08/13,4,9,14
Ilunion Valencia 4,754329,Hotel,Valencia,1,1,€ 97,2019/08/12,2019/08/13,4,8,14
Caro Hotel,348132,Hotel,Valencia,1,1,€ 219,2019/08/12,2019/08/13,5,"9,2",14
Senator Parque Central Hotel,274963,Hotel,Valencia,1,1,€ 97,2019/08/12,2019/08/13,4,"8,1",14
Las Arenas Balneario Resort,91144,Hotel,Valencia,1,1,€ 288,2019/08/12,2019/08/13,5,9,14
NH Valencia Las Artes,90731,Hotel,Valencia,1,1,€ 98,2019/08/12,2019/08/13,4,"8,3",14
Zerka Sendra,4657122,NA,Valencia,1,1,€ 318,2019/08/12,2019/08/13,0,9,14
Eurostars Rey Don Jaime,91520,Hotel,Valencia,1,1,€ 98,2019/08/12,2019/08/13,4,"8,2",14
MD Julio Antonio Apartment Center,3961049,NA,Valencia,1,1,€ 385,2019/08/12,2019/08/13,0,"9,2",14
Hotel Sercotel Acteón Valencia,90495,Hotel,Valencia,1,1,€ 98,2019/08/12,2019/08/13,4,"8,4",14
Quart Youth Hostel,476418,Albergue,Valencia,1,1,€ 55,2019/08/12,2019/08/13,0,"8,7",14
Plaza Redonda Apartments,1665625,Apartamento,Valencia,1,1,€ 99,2019/08/12,2019/08/13,0,8,14
Russafa Youth Hostel,345134,Albergue,Valencia,1,1,€ 59,2019/08/12,2019/08/13,0,"8,6",14
United Colors of Apartments - Catedral,1301545,Apartamento,Valencia,1,1,€ 99,2019/08/12,2019/08/13,0,"8,2",14
Break Room,5030926,Hostal o pensión,Valencia,1,1,€ 60,2019/08/12,2019/08/13,0,"8,5",14
Atico En El Centro,2347147,NA,Valencia,1,1,€ 100,2019/08/12,2019/08/13,0,"8,4",14
The River Hostel,494202,Albergue,Valencia,1,1,€ 64,2019/08/12,2019/08/13,0,"8,5",14
Sol Playa,12656,Hotel,Valencia,1,1,€ 100,2019/08/12,2019/08/13,2,"8,3",14
