name,propertyId,propertyType,city,rooms,days,price,checkIn,checkOut,stars,score,advance
Acogedor apartamento en zona universitaria y playa,5414090,Casa o chalet,Valencia,1,1,€ 92,2019/08/30,2019/08/31,0,,30
My Reception - Edificio San Vicente,5123921,Apartamentos,Valencia,1,1,€ 105,2019/08/30,2019/08/31,0,,30
Casa La Buhardilla,2985364,Apartamento,Valencia,1,1,NA,2019/08/30,2019/08/31,0,"9,6",30
Casa de la Reina,5394089,NA,Valencia,1,1,€ 110,2019/08/30,2019/08/31,0,,30
Loft Turia Gran,5133726,Apartamento,Valencia,1,1,€ 113,2019/08/30,2019/08/31,0,,30
Old Town Flats Casa Burguerini,4552106,Apartamentos,Valencia,1,1,€ 149,2019/08/30,2019/08/31,0,,30
Kirei Apartment Vienna,4639797,Apartamento,Valencia,1,1,€ 161,2019/08/30,2019/08/31,0,,30
Kirei Apartment Dublin,4639542,Apartamento,Valencia,1,1,€ 169,2019/08/30,2019/08/31,0,,30
Casual Socarrat Valencia,5142800,NA,Valencia,1,1,€ 196,2019/08/30,2019/08/31,3,,30
Ático En El Corazón De Ruzafa,3832501,Apartamento,Valencia,1,1,NA,2019/08/30,2019/08/31,0,"9,5",30
MD Rafael Janini II,5386557,Apartamento,Valencia,1,1,€ 231,2019/08/30,2019/08/31,0,,30
MD Rafael Janini I,5386102,Apartamento,Valencia,1,1,€ 231,2019/08/30,2019/08/31,0,,30
MD Arquitecto Gascó,5385054,Apartamento,Valencia,1,1,€ 231,2019/08/30,2019/08/31,0,,30
MD Manuela Estellés,5386542,Apartamento,Valencia,1,1,€ 231,2019/08/30,2019/08/31,0,,30
Espaciosa y cómoda vivienda,5342327,Apartamento,Valencia,1,1,€ 238,2019/08/30,2019/08/31,0,,30
Apartamento con terraza,5238122,Apartahotel,Valencia,1,1,€ 240,2019/08/30,2019/08/31,0,,30
MAR Y SOL,4652261,Apartamento,Valencia,1,1,NA,2019/08/30,2019/08/31,0,"9,6",30
17 PLAZA AYUNTAMIENTO-CENTRO 6p.,4093819,Apartamento,Valencia,1,1,€ 249,2019/08/30,2019/08/31,0,,30
07 PLAZA DEL AYUNTAMIENTO - CENTRO 6personas,4093811,Apartamento,Valencia,1,1,€ 249,2019/08/30,2019/08/31,0,,30
Duplex Penthouse,5436230,Apartamento,Valencia,1,1,€ 251,2019/08/30,2019/08/31,0,,30
Hogar Dulce Hogar,5441488,NA,Valencia,1,1,€ 270,2019/08/30,2019/08/31,0,,30
Aloha Apartment Center Valencia,3101443,Apartamento,Valencia,1,1,€ 350,2019/08/30,2019/08/31,0,,30
MD PASEO RUZAFA CENTER,5374850,Apartamento,Valencia,1,1,€ 502,2019/08/30,2019/08/31,0,,30
Luxury Beach House,3602594,Casa o chalet,Valencia,1,1,NA,2019/08/30,2019/08/31,0,"9,7",30
Governor Residence,3799760,Apartahotel,Valencia,1,1,€ 600,2019/08/30,2019/08/31,0,,30
Gulet Why Not,5199364,NA,Valencia,1,1,€ 3.600,2019/08/30,2019/08/31,0,,30
Centro & Viaje,4215175,NA,Valencia,1,1,€ 68,2019/08/30,2019/08/31,0,"7,4",30
Sampedor Apartment,435662,NA,Valencia,1,1,€ 68,2019/08/30,2019/08/31,0,7,30
Duplex+Swimming pool+private entrance=Housen of LOVE,2999152,NA,Valencia,1,1,NA,2019/08/30,2019/08/31,0,"9,5",30
Homestay & OLEE,4132920,NA,Valencia,1,1,€ 80,2019/08/30,2019/08/31,0,"7,3",30
Cosy Rooms Embajador,369728,NA,Valencia,1,1,€ 83,2019/08/30,2019/08/31,2,"7,4",30
Central Station Valencia Hostel,1647017,NA,Valencia,1,1,€ 84,2019/08/30,2019/08/31,0,"7,1",30
Cosy Rooms Bolsería,371606,NA,Valencia,1,1,€ 117,2019/08/30,2019/08/31,2,"7,4",30
HOSTAL BED OF THE SEA,3974636,NA,Valencia,1,1,€ 120,2019/08/30,2019/08/31,0,7,30
B&B El Mercat,2203530,NA,Valencia,1,1,€ 120,2019/08/30,2019/08/31,0,"7,3",30
Centro en Valencia,2885222,NA,Valencia,1,1,NA,2019/08/30,2019/08/31,0,"9,5",30
Apartamento Angel Alcazar 35,2174625,NA,Valencia,1,1,€ 125,2019/08/30,2019/08/31,0,"7,4",30
Kirei Apartment Na Jordana,1702092,NA,Valencia,1,1,€ 132,2019/08/30,2019/08/31,0,7,30
NWT Monserrat,3728842,NA,Valencia,1,1,€ 144,2019/08/30,2019/08/31,0,"7,1",30
Premium Apartments,486507,NA,Valencia,1,1,€ 144,2019/08/30,2019/08/31,0,7,30
Valencia Boutique Center,387770,NA,Valencia,1,1,€ 170,2019/08/30,2019/08/31,0,7,30
Las casitas de la playa,3177809,NA,Valencia,1,1,€ 188,2019/08/30,2019/08/31,0,7,30
Apartamento Centrico - Viveros,2461987,NA,Valencia,1,1,NA,2019/08/30,2019/08/31,0,"9,5",30
Valencia Luxury Catedral,440778,NA,Valencia,1,1,€ 190,2019/08/30,2019/08/31,0,"7,1",30
Best Valencia Beach Flat,3246772,NA,Valencia,1,1,€ 192,2019/08/30,2019/08/31,0,"7,1",30
Valencia Luxury La Paz,1107542,NA,Valencia,1,1,€ 550,2019/08/30,2019/08/31,0,"7,2",30
Malvarrosa Beach,3546692,NA,Valencia,1,1,€ 1.260,2019/08/30,2019/08/31,0,"6,9",30
Guest House Higinio Noja,2845935,NA,Valencia,1,1,€ 30,2019/08/30,2019/08/31,0,6,30
Habitación con cama doble,4794909,NA,Valencia,1,1,€ 41,2019/08/30,2019/08/31,0,"6,4",30
Apartment near the Marina- Valencia,2101794,NA,Valencia,1,1,NA,2019/08/30,2019/08/31,0,"9,5",30
Fun and Sun Center 2,2944416,NA,Valencia,1,1,€ 45,2019/08/30,2019/08/31,0,"6,2",30
Casita Esmeralda,2040126,NA,Valencia,1,1,€ 154,2019/08/30,2019/08/31,0,"6,4",30
Kirei Apartment Portland,4276529,NA,Valencia,1,1,€ 280,2019/08/30,2019/08/31,0,6,30
RoomTuristValencia - Ruzafa,4608394,NA,Valencia,1,1,€ 60,2019/08/30,2019/08/31,0,"5,9",30
Home Sweet Home,1223953,NA,Valencia,1,1,€ 60,2019/08/30,2019/08/31,0,"5,6",30
Carrer del Bisbe Jaume Pérez,4900140,NA,Valencia,1,1,€ 60,2019/08/30,2019/08/31,0,"5,8",30
Molinell,2017573,NA,Valencia,1,1,NA,2019/08/30,2019/08/31,0,"9,5",30
Ruzafa Guesthouse,2269176,NA,Valencia,1,1,€ 65,2019/08/30,2019/08/31,0,"5,6",30
Oliver,4865093,NA,Valencia,1,1,€ 66,2019/08/30,2019/08/31,0,"5,6",30
Guest House Torres de Quart,2275006,NA,Valencia,1,1,€ 75,2019/08/30,2019/08/31,0,"5,5",30
Kirei Apartment Berlin,4504570,NA,Valencia,1,1,€ 156,2019/08/30,2019/08/31,0,"5,5",30
Guest House Duc de Gaeta,2275007,NA,Valencia,1,1,€ 48,2019/08/30,2019/08/31,0,5,30
RoomTuristValencia Estacion del Norte,4682632,NA,Valencia,1,1,€ 55,2019/08/30,2019/08/31,0,"5,4",30
Apartamento Alameda,1698817,NA,Valencia,1,1,NA,2019/08/30,2019/08/31,0,"9,5",30
Guesthouse Plaza de Toros,2985902,NA,Valencia,1,1,€ 65,2019/08/30,2019/08/31,0,5,30
RoomTuristValencia RuzafaSumsi,4682802,NA,Valencia,1,1,€ 75,2019/08/30,2019/08/31,0,"5,1",30
Guest House Ruzafa,2324552,NA,Valencia,1,1,€ 85,2019/08/30,2019/08/31,0,"5,3",30
Port of Valencia,3805735,NA,Valencia,1,1,€ 150,2019/08/30,2019/08/31,0,5,30
RoomTuristValencia Torres de Quart,4565643,NA,Valencia,1,1,€ 55,2019/08/30,2019/08/31,0,"4,8",30
Kirei Apartment Atlanta,4304662,NA,Valencia,1,1,€ 230,2019/08/30,2019/08/31,0,"4,5",30
Malvarosa,3820590,NA,Valencia,1,1,€ 94,2019/08/30,2019/08/31,0,4,30
Apartamento Islas Canarias,2304086,NA,Valencia,1,1,€ 128,2019/08/30,2019/08/31,0,4,30
Habitación muy cerca de la playa.,5396391,NA,Valencia,1,1,€ 40,2019/08/30,2019/08/31,0,,30
Experiencia en Caravana,5441777,NA,Valencia,1,1,€ 50,2019/08/30,2019/08/31,0,,30
Amplia habitación en piso compartido,5433175,NA,Valencia,1,1,€ 50,2019/08/30,2019/08/31,0,,30
vosotros sereis parte de mi familia.,5299568,NA,Valencia,1,1,€ 60,2019/08/30,2019/08/31,0,,30
Blanq Comedias,4922002,NA,Valencia,1,1,€ 63,2019/08/30,2019/08/31,0,,30
Hogar Dulce Hogar,5426607,NA,Valencia,1,1,€ 65,2019/08/30,2019/08/31,0,,30
Rooms El Picolino,5326859,NA,Valencia,1,1,€ 75,2019/08/30,2019/08/31,0,,30
Comfort Homestay,5423155,NA,Valencia,1,1,€ 79,2019/08/30,2019/08/31,0,,30
Magnífico Adosado- cerca de Valencia ciudad- en zona de montaña y playa fluvial,5354233,NA,Valencia,1,1,€ 89,2019/08/30,2019/08/31,0,,30
Miresa flats 2.1A,5399747,NA,Valencia,1,1,€ 90,2019/08/30,2019/08/31,0,,30
Disfruta - Enjoy Valencia Ayuntamiento,4901194,Apartamento,Valencia,1,1,€ 175,2019/08/30,2019/08/31,0,10,30
Olympia Flats,4212801,NA,Valencia,1,1,€ 50,2019/08/30,2019/08/31,0,"9,7",30
Hostal Antigua Morellana,1273937,NA,Valencia,1,1,NA,2019/08/30,2019/08/31,1,"9,5",30
Valencian Dreams,3268804,Apartamento,Valencia,1,1,€ 103,2019/08/30,2019/08/31,0,"9,8",30
Ramirez Flats & Bar,4124528,Apartahotel,Valencia,1,1,€ 126,2019/08/30,2019/08/31,0,"9,5",30
Opera House Valencia B&B,3533887,NA,Valencia,1,1,€ 135,2019/08/30,2019/08/31,0,"9,5",30
Ciudad Ciencias- Lujo- Parking- Wi-Fi.,4999636,Apartamento,Valencia,1,1,€ 160,2019/08/30,2019/08/31,0,"9,8",30
RUZAFA- CENTRO-A/C- WI-FI- PARKING,2885994,Apartamento,Valencia,1,1,€ 180,2019/08/30,2019/08/31,0,"9,7",30
Loft Superior el Carmen,2784473,Apartamento,Valencia,1,1,€ 218,2019/08/30,2019/08/31,0,"9,5",30
Canovas rooms,5296619,NA,Valencia,1,1,NA,2019/08/30,2019/08/31,0,"9,7",30
Disfruta - Enjoy Valencia Ruzafa,3890328,Apartamento,Valencia,1,1,€ 255,2019/08/30,2019/08/31,0,"9,7",30
Disfruta - Enjoy Valencia Centre,3881970,Apartamento,Valencia,1,1,€ 259,2019/08/30,2019/08/31,0,"9,8",30
Cantagua Hostel,4074640,NA,Valencia,1,1,€ 48,2019/08/30,2019/08/31,0,"9,1",30
Art&Flats Bed&Breakfast,5238345,NA,Valencia,1,1,€ 50,2019/08/30,2019/08/31,0,"9,3",30
Habitación privada a 1500 metros de la playa,3789910,NA,Valencia,1,1,€ 60,2019/08/30,2019/08/31,0,"9,4",30
Hostal Venecia,92883,NA,Valencia,1,1,€ 70,2019/08/30,2019/08/31,2,"9,1",30
Maison Reina B&B,5004812,NA,Valencia,1,1,NA,2019/08/30,2019/08/31,0,"9,5",30
Habitación doble,3599930,NA,Valencia,1,1,€ 77,2019/08/30,2019/08/31,0,9,30
Live in Chianti,2227491,NA,Valencia,1,1,€ 89,2019/08/30,2019/08/31,0,"9,1",30
Una Ubicacion Perfecta,3114164,Apartamentos,Valencia,1,1,€ 100,2019/08/30,2019/08/31,0,"9,1",30
VLC Downtown Flats,4637615,Apartamentos,Valencia,1,1,€ 104,2019/08/30,2019/08/31,0,"9,3",30
Valenciaflats Centro Ciudad,18544,Apartamentos,Valencia,1,1,€ 106,2019/08/30,2019/08/31,0,"9,1",30
apartamento las torres-botanico,4694090,Apartamento,Valencia,1,1,€ 108,2019/08/30,2019/08/31,0,9,30
L'Esplai Valencia Bed & Breakfast,1282556,NA,Valencia,1,1,NA,2019/08/30,2019/08/31,0,"9,6",30
Light and bright apartment in central Valencia,3767109,Apartamentos,Valencia,1,1,€ 110,2019/08/30,2019/08/31,0,9,30
You & Co. Saler Beach boutique,4533007,NA,Valencia,1,1,€ 114,2019/08/30,2019/08/31,3,9,30
Apartamentos Wallace,1698355,Apartamentos,Valencia,1,1,€ 115,2019/08/30,2019/08/31,0,"9,2",30
MD Design Hotel - Portal del Real,2391685,NA,Valencia,1,1,€ 117,2019/08/30,2019/08/31,2,"9,1",30
Bianca,4232781,Apartamentos,Valencia,1,1,€ 118,2019/08/30,2019/08/31,0,9,30
Valencia-Ruzafa Studio,3235983,Apartamento,Valencia,1,1,€ 120,2019/08/30,2019/08/31,0,"9,1",30
Estrella de russafa,5352439,NA,Valencia,1,1,NA,2019/08/30,2019/08/31,0,"9,8",30
Mon Suites Catedral,485679,Apartamentos,Valencia,1,1,€ 120,2019/08/30,2019/08/31,0,"9,2",30
Citizentral Juristas,1113127,Apartamentos,Valencia,1,1,€ 128,2019/08/30,2019/08/31,0,"9,2",30
Hotel Valencia Alameda,4019381,NA,Valencia,1,1,€ 129,2019/08/30,2019/08/31,4,"9,4",30
NH Collection Colón Valencia,3828811,NA,Valencia,1,1,€ 129,2019/08/30,2019/08/31,4,"9,2",30
Apartments Madrina,3278589,Apartamentos,Valencia,1,1,€ 130,2019/08/30,2019/08/31,0,9,30
Mon Suites San Nicolas,4117225,Apartamentos,Valencia,1,1,€ 133,2019/08/30,2019/08/31,0,"9,2",30
ÁTICO EN EL CENTRO DE VALENCIA VT-45939-T,4752815,Apartamento,Valencia,1,1,NA,2019/08/30,2019/08/31,0,"9,5",30
Valenciaflats Mercado Central,307677,Apartamentos,Valencia,1,1,€ 138,2019/08/30,2019/08/31,0,9,30
Valenciaflats Ciudad de las Ciencias,93676,Apartamentos,Valencia,1,1,€ 138,2019/08/30,2019/08/31,0,"9,1",30
COZY APARTMENT VALENCIA CITY CENTER!,4886758,Apartamento,Valencia,1,1,€ 138,2019/08/30,2019/08/31,0,"9,1",30
OttoH Charm Stay,2459807,NA,Valencia,1,1,€ 139,2019/08/30,2019/08/31,0,"9,3",30
BUBUSUITES by Bubuflats,2389776,NA,Valencia,1,1,€ 140,2019/08/30,2019/08/31,0,"9,3",30
APARTAMENTO CENTRO- RUZAFA. WI-FI. PARKING,3144104,Apartamento,Valencia,1,1,€ 140,2019/08/30,2019/08/31,0,"9,3",30
Olvida tu Reloj Montichelvo Apartment,3258095,Apartamento,Valencia,1,1,€ 141,2019/08/30,2019/08/31,0,"9,4",30
Olvida tu Reloj Congresos Apartment,2448036,Apartamento,Valencia,1,1,€ 141,2019/08/30,2019/08/31,0,"9,2",30
Valencia apartamento,3056705,Apartahotel,Valencia,1,1,€ 142,2019/08/30,2019/08/31,0,"9,3",30
Mon Suites San Martin,2777545,Apartamentos,Valencia,1,1,€ 143,2019/08/30,2019/08/31,0,"9,4",30
L'Arbre,3972359,Apartamento,Valencia,1,1,€ 147,2019/08/30,2019/08/31,0,"9,3",30
Live in Chianti Apartaments,2882632,Apartamentos,Valencia,1,1,€ 148,2019/08/30,2019/08/31,0,"9,1",30
MYR Hotel Plaza Mercado & Spa,1619029,Apartahotel,Valencia,1,1,€ 149,2019/08/30,2019/08/31,0,"9,2",30
One Shot Mercat 09,2274203,NA,Valencia,1,1,€ 152,2019/08/30,2019/08/31,4,"9,2",30
Flats Hondures,2194645,Apartamento,Valencia,1,1,€ 152,2019/08/30,2019/08/31,0,"9,1",30
APARTAMENTO CENTRICO. WI-FI. PARKING,2967593,Apartamento,Valencia,1,1,€ 170,2019/08/30,2019/08/31,0,"9,2",30
Duplex en Blasco Ibáñez,3672426,Apartamento,Valencia,1,1,€ 180,2019/08/30,2019/08/31,0,"9,1",30
MARQUÉS HOUSE 4* SUP,2118880,NA,Valencia,1,1,€ 189,2019/08/30,2019/08/31,4,"9,4",30
Pension MonaLisa Luxury Suites,3834224,NA,Valencia,1,1,€ 60,2019/08/30,2019/08/31,0,"8,2",30
HOSPEDAJE PESET,4718074,NA,Valencia,1,1,€ 60,2019/08/30,2019/08/31,0,"8,1",30
Arts Sciences Apartment,2228062,NA,Valencia,1,1,NA,2019/08/30,2019/08/31,0,"9,7",30
Tryp Valencia Feria,92852,NA,Valencia,1,1,€ 63,2019/08/30,2019/08/31,4,"8,3",30
Aparthotel Valencia Rental,17344,NA,Valencia,1,1,€ 63,2019/08/30,2019/08/31,0,8,30
L'Otelet By Sweet,1467935,NA,Valencia,1,1,€ 64,2019/08/30,2019/08/31,0,"8,3",30
Apartamentos Plaza Picasso,97063,NA,Valencia,1,1,€ 67,2019/08/30,2019/08/31,0,"8,4",30
B&B Hi Valencia Canovas,305349,NA,Valencia,1,1,€ 67,2019/08/30,2019/08/31,0,"8,4",30
Hostal Abastos,257057,NA,Valencia,1,1,€ 70,2019/08/30,2019/08/31,2,"8,2",30
So de Mar,2204496,NA,Valencia,1,1,NA,2019/08/30,2019/08/31,0,"9,6",30
Hotel Olympia Universidades,1301731,NA,Valencia,1,1,€ 70,2019/08/30,2019/08/31,3,"8,4",30
Alquiler Habitacion Centro De Valencia,3977106,NA,Valencia,1,1,€ 72,2019/08/30,2019/08/31,0,"8,1",30
NH Valencia Las Ciencias,90725,NA,Valencia,1,1,€ 72,2019/08/30,2019/08/31,3,8,30
Hotel Alkazar,408511,NA,Valencia,1,1,€ 74,2019/08/30,2019/08/31,1,"8,1",30
Urban Youth Hostel,1163025,NA,Valencia,1,1,€ 78,2019/08/30,2019/08/31,0,"8,4",30
Silken Puerta Valencia,91182,NA,Valencia,1,1,€ 86,2019/08/30,2019/08/31,4,"8,3",30
La Casa Verde - Ruzafa,2029143,NA,Valencia,1,1,NA,2019/08/30,2019/08/31,0,"9,7",30
NH Ciudad de Valencia,90729,NA,Valencia,1,1,€ 86,2019/08/30,2019/08/31,3,"8,1",30
Sweet Hotel Renasa,274818,NA,Valencia,1,1,€ 89,2019/08/30,2019/08/31,3,8,30
Sweet Hotel Continental,93856,NA,Valencia,1,1,€ 89,2019/08/30,2019/08/31,2,"8,3",30
Eurostars Rey Don Jaime,91520,NA,Valencia,1,1,€ 89,2019/08/30,2019/08/31,4,"8,2",30
Hotel Sercotel Acteón Valencia,90495,NA,Valencia,1,1,€ 89,2019/08/30,2019/08/31,4,"8,4",30
Eurostars Gran Valencia,90484,NA,Valencia,1,1,€ 89,2019/08/30,2019/08/31,4,"8,3",30
MerKat-Abastos,1231196,NA,Valencia,1,1,NA,2019/08/30,2019/08/31,0,"9,7",30
Ilunion Aqua 3,92776,NA,Valencia,1,1,€ 89,2019/08/30,2019/08/31,3,"8,3",30
Senator Parque Central Hotel,274963,NA,Valencia,1,1,€ 90,2019/08/30,2019/08/31,4,"8,1",30
Reina 12,1684198,NA,Valencia,1,1,€ 90,2019/08/30,2019/08/31,0,"8,3",30
NH Valencia Las Artes,90731,NA,Valencia,1,1,€ 90,2019/08/30,2019/08/31,4,"8,3",30
NH Valencia Center,90727,NA,Valencia,1,1,€ 93,2019/08/30,2019/08/31,4,"8,3",30
Hotel Valencia Center,91285,NA,Valencia,1,1,€ 94,2019/08/30,2019/08/31,4,"8,4",30
Apartamento Bolseria 28,881275,NA,Valencia,1,1,NA,2019/08/30,2019/08/31,0,"9,6",30
MD Modern Hotel - Jardines,305447,NA,Valencia,1,1,€ 95,2019/08/30,2019/08/31,1,"8,2",30
Ilunion Valencia 4,754329,NA,Valencia,1,1,€ 95,2019/08/30,2019/08/31,4,8,30
Casual de las Artes Valencia,538056,NA,Valencia,1,1,€ 103,2019/08/30,2019/08/31,3,"8,4",30
Primus Valencia,331871,NA,Valencia,1,1,€ 103,2019/08/30,2019/08/31,4,"8,3",30
Happy Apartments Valencia – Lope de Vega,575582,NA,Valencia,1,1,€ 104,2019/08/30,2019/08/31,0,"8,1",30
Happy Apartments Valencia,456043,NA,Valencia,1,1,€ 104,2019/08/30,2019/08/31,0,"8,2",30
ÁTICO EN EL CENTRO DE VALENCIA VT-45939-T,4752815,NA,Valencia,1,1,NA,2019/08/30,2019/08/31,0,"9,5",30
Atico Ciutat Vella,3446230,NA,Valencia,1,1,€ 105,2019/08/30,2019/08/31,0,"8,3",30
Holiday Inn Express Ciudad de las Ciencias,96737,NA,Valencia,1,1,€ 108,2019/08/30,2019/08/31,3,8,30
Hotel Medium Valencia,96838,NA,Valencia,1,1,€ 108,2019/08/30,2019/08/31,4,"8,2",30
Hotel Conqueridor,91047,NA,Valencia,1,1,€ 108,2019/08/30,2019/08/31,4,"8,4",30
Marina Silence,2065570,NA,Valencia,1,1,€ 109,2019/08/30,2019/08/31,0,"8,3",30
Apartamento Plaza Sainetero,2743838,NA,Valencia,1,1,€ 116,2019/08/30,2019/08/31,0,"8,2",30
Apartamento Privado Próximo a Playa y Ciencias,3783163,NA,Valencia,1,1,€ 119,2019/08/30,2019/08/31,0,"8,1",30
SH Ingles Boutique Hotel,92956,NA,Valencia,1,1,€ 122,2019/08/30,2019/08/31,4,"8,4",30
Valenciaflats Torres de Serrano,17468,NA,Valencia,1,1,€ 124,2019/08/30,2019/08/31,0,"8,3",30
Sol Playa,12656,NA,Valencia,1,1,€ 126,2019/08/30,2019/08/31,2,"8,3",30
Plaza Del Carmen,1737254,NA,Valencia,1,1,€ 130,2019/08/30,2019/08/31,0,"8,1",30
Apartamento Ciudad de las Artes y las Ciencias,4353552,NA,Valencia,1,1,€ 135,2019/08/30,2019/08/31,0,"8,4",30
APARTAMENTO LAS MELLIZAS,4651578,NA,Valencia,1,1,€ 69,2019/08/30,2019/08/31,0,"8,4",30
City Suites Apartments,3091106,NA,Valencia,1,1,€ 140,2019/08/30,2019/08/31,0,"8,4",30
Apartment Florista,2150187,NA,Valencia,1,1,€ 140,2019/08/30,2019/08/31,0,8,30
United Colors of Apartments - Catedral,1301545,NA,Valencia,1,1,€ 142,2019/08/30,2019/08/31,0,"8,2",30
Hotel Neptuno,91206,NA,Valencia,1,1,€ 162,2019/08/30,2019/08/31,4,"8,4",30
NWT Central Station Apartments,3964093,NA,Valencia,1,1,€ 189,2019/08/30,2019/08/31,0,"8,4",30
Jardín Botánico Hotel Boutique,93369,NA,Valencia,1,1,€ 116,2019/08/30,2019/08/31,3,"8,9",30
Cosy Rooms Tapinería,371192,NA,Valencia,1,1,€ 89,2019/08/30,2019/08/31,2,"7,5",30
Canovas rooms,5296619,NA,Valencia,1,1,NA,2019/08/30,2019/08/31,0,"9,7",30
7 Moons Bed & Breakfast,464187,NA,Valencia,1,1,€ 53,2019/08/30,2019/08/31,0,"8,5",30
L'Arbre,3972359,Apartamento,Valencia,1,1,€ 147,2019/08/30,2019/08/31,0,"9,3",30
My Reception - Edificio San Vicente,5123921,Apartamentos,Valencia,1,1,€ 105,2019/08/30,2019/08/31,0,,30
Cosy Rooms Bolsería,371606,NA,Valencia,1,1,€ 117,2019/08/30,2019/08/31,2,"7,4",30
Hostal Moratin,326015,NA,Valencia,1,1,€ 64,2019/08/30,2019/08/31,1,"7,9",30
Homestay Carrer Sagun,5006434,NA,Valencia,1,1,€ 65,2019/08/30,2019/08/31,0,"8,7",30
MÍ casa YOUR HOME,3328967,Apartamento,Valencia,1,1,NA,2019/08/30,2019/08/31,0,"9,2",30
Guest House Samuel Ros,4161855,NA,Valencia,1,1,€ 35,2019/08/30,2019/08/31,0,"7,4",30
Kirei Apartment Berlin,4504570,Apartamentos,Valencia,1,1,€ 156,2019/08/30,2019/08/31,0,"5,5",30
Hotel Beleret,94652,NA,Valencia,1,1,€ 67,2019/08/30,2019/08/31,3,"7,6",30
Apartamento Privado Próximo a Playa y Ciencias,3783163,Apartamento,Valencia,1,1,€ 119,2019/08/30,2019/08/31,0,"8,1",30
B&B Hotel Valencia Ciudad de las Ciencias,92242,NA,Valencia,1,1,€ 80,2019/08/30,2019/08/31,3,"7,5",30
Kirei Apartment Vienna,4639797,Apartamento,Valencia,1,1,€ 161,2019/08/30,2019/08/31,0,,30
Blanq Carmen Hotel,97069,NA,Valencia,1,1,€ 144,2019/08/30,2019/08/31,3,"8,7",30
Hotel Boutique Balandret,1281710,NA,Valencia,1,1,€ 190,2019/08/30,2019/08/31,3,"9,2",30
Hogar Vera Apartments&Bikes,1807919,Apartamentos,Valencia,1,1,€ 192,2019/08/30,2019/08/31,0,"9,4",30
Apartments Welcome to Valencia Peset Aleixandre 69,4964856,Apartamento,Valencia,1,1,NA,2019/08/30,2019/08/31,0,"9,7",30
HQ Rooms Apartments San Vicente,2894429,Apartamentos,Valencia,1,1,€ 194,2019/08/30,2019/08/31,0,"9,3",30
Mediterranean Flats Plaza Redonda,4086496,Apartamentos,Valencia,1,1,€ 195,2019/08/30,2019/08/31,0,"9,2",30
Apartamento Panorámico- próximo Playa- Wifi-AC,4978144,Apartamento,Valencia,1,1,€ 200,2019/08/30,2019/08/31,0,"9,1",30
ARENAS 2 APARTAMENT,2808815,Apartamento,Valencia,1,1,€ 200,2019/08/30,2019/08/31,0,"9,1",30
Jardines del Turia - Espacioso apartamento,2734126,Apartamento,Valencia,1,1,€ 206,2019/08/30,2019/08/31,0,"9,2",30
Palau de Palomar,471283,Apartamentos,Valencia,1,1,€ 209,2019/08/30,2019/08/31,0,"9,1",30
Cozy en Blanch. Center,4751079,Apartamento,Valencia,1,1,NA,2019/08/30,2019/08/31,0,"9,7",30
Edificio Pentagono,4673669,Apartamento,Valencia,1,1,€ 210,2019/08/30,2019/08/31,0,"9,1",30
Vincci Mercat,1279484,NA,Valencia,1,1,€ 218,2019/08/30,2019/08/31,4,9,30
Caro Hotel,348132,NA,Valencia,1,1,€ 219,2019/08/30,2019/08/31,5,"9,2",30
Olympia,3535463,Apartamento,Valencia,1,1,€ 220,2019/08/30,2019/08/31,0,"9,2",30
Hi Valencia Cánovas,4312120,Apartamentos,Valencia,1,1,€ 250,2019/08/30,2019/08/31,0,"9,1",30
Hi Valencia Apartments - Jorge Juan,2373701,Apartamento,Valencia,1,1,€ 280,2019/08/30,2019/08/31,0,"9,4",30
Casa Calle Conquista,4691493,Apartamento,Valencia,1,1,NA,2019/08/30,2019/08/31,0,"9,6",30
Las Arenas Balneario Resort,91144,NA,Valencia,1,1,€ 288,2019/08/30,2019/08/31,5,9,30
Zerka Sendra,4657122,Apartamento,Valencia,1,1,€ 329,2019/08/30,2019/08/31,0,9,30
MD Julio Antonio Apartment Center,3961049,Apartamento,Valencia,1,1,€ 385,2019/08/30,2019/08/31,0,"9,1",30
Old Fisherman's House in Malvarrosa Beach,3618172,Apartamento,Valencia,1,1,€ 816,2019/08/30,2019/08/31,0,"9,4",30
Modern and comfortable room,4445289,NA,Valencia,1,1,€ 37,2019/08/30,2019/08/31,0,"8,7",30
The River Hostel,494202,NA,Valencia,1,1,€ 40,2019/08/30,2019/08/31,0,"8,5",30
Casa Vich,4457634,Apartamento,Valencia,1,1,NA,2019/08/30,2019/08/31,0,"9,6",30
Pensión Alicante,298710,NA,Valencia,1,1,€ 42,2019/08/30,2019/08/31,0,"8,5",30
7 Moons Bed & Breakfast,464187,NA,Valencia,1,1,€ 53,2019/08/30,2019/08/31,0,"8,5",30
Russafa Youth Hostel,345134,NA,Valencia,1,1,€ 59,2019/08/30,2019/08/31,0,"8,6",30
Homestay Carrer Sagun,5006434,NA,Valencia,1,1,€ 65,2019/08/30,2019/08/31,0,"8,7",30
Colegio Mayor La Concepción,626558,NA,Valencia,1,1,€ 69,2019/08/30,2019/08/31,0,"8,7",30
Quart Youth Hostel,476418,NA,Valencia,1,1,€ 70,2019/08/30,2019/08/31,0,"8,7",30
Constitución,4229663,Apartamento,Valencia,1,1,NA,2019/08/30,2019/08/31,0,"9,6",30
Namaste Rooms,3799642,NA,Valencia,1,1,€ 70,2019/08/30,2019/08/31,0,"8,6",30
Sabía que venias!,3543756,NA,Valencia,1,1,€ 70,2019/08/30,2019/08/31,0,"8,5",30
Carrer de l'Escriptor Rafael Ferreres,4267645,Apartamento,Valencia,1,1,€ 75,2019/08/30,2019/08/31,0,"8,6",30
B&B Almirante,369695,NA,Valencia,1,1,€ 76,2019/08/30,2019/08/31,1,"8,8",30
Zalamera BnB,1331238,NA,Valencia,1,1,€ 80,2019/08/30,2019/08/31,0,"8,7",30
Hotel Malcom and Barret,483261,NA,Valencia,1,1,€ 81,2019/08/30,2019/08/31,3,"8,7",30
Preciosa Casita Cerca Del Mar,4057271,Apartamento,Valencia,1,1,NA,2019/08/30,2019/08/31,0,"9,7",30
Host & Home,1663785,NA,Valencia,1,1,€ 85,2019/08/30,2019/08/31,0,"8,9",30
Pio XII Apartments Valencia,402080,Apartamentos,Valencia,1,1,€ 85,2019/08/30,2019/08/31,0,"8,5",30
Soho Valencia,1538641,Apartahotel,Valencia,1,1,€ 87,2019/08/30,2019/08/31,0,"8,9",30
Buho House,3777691,Apartahotel,Valencia,1,1,€ 89,2019/08/30,2019/08/31,0,"8,5",30
Hotel Kramer,91106,NA,Valencia,1,1,€ 89,2019/08/30,2019/08/31,3,"8,8",30
Casa del Patriarca,364834,NA,Valencia,1,1,€ 90,2019/08/30,2019/08/31,0,"8,9",30
UNIK. Apartments Valencia,2241282,Apartamentos,Valencia,1,1,€ 92,2019/08/30,2019/08/31,0,"8,5",30
Rooms Ciencias,94126,NA,Valencia,1,1,€ 95,2019/08/30,2019/08/31,0,"8,9",30
Home Youth Hostel by Feetup Hostels,189322,NA,Valencia,1,1,€ 95,2019/08/30,2019/08/31,0,"8,8",30
El Palacete Gran Via,3483148,NA,Valencia,1,1,€ 95,2019/08/30,2019/08/31,0,"8,7",30
One Shot Colón 46,1394168,NA,Valencia,1,1,€ 95,2019/08/30,2019/08/31,3,"8,7",30
Welcomer Apartments Valencia,19363,Apartamentos,Valencia,1,1,€ 98,2019/08/30,2019/08/31,0,"8,6",30
Hotel Valencia Oceanic Managed by Melia Hotels International,91522,NA,Valencia,1,1,€ 98,2019/08/30,2019/08/31,4,"8,6",30
Hulot B&B Valencia,585429,NA,Valencia,1,1,€ 99,2019/08/30,2019/08/31,0,"8,5",30
Ad Hoc Monumental,90719,NA,Valencia,1,1,€ 99,2019/08/30,2019/08/31,3,"8,6",30
Casa de Maria,2467712,Apartamento,Valencia,1,1,€ 100,2019/08/30,2019/08/31,0,"8,5",30
Casual Vintage Valencia,1710241,NA,Valencia,1,1,€ 104,2019/08/30,2019/08/31,2,"8,5",30
Casual del Cine Valencia,572187,NA,Valencia,1,1,€ 104,2019/08/30,2019/08/31,2,"8,6",30
Sercotel Sorolla Palace,93646,NA,Valencia,1,1,€ 104,2019/08/30,2019/08/31,4,"8,6",30
Valenciaflats Centro Histórico,94781,Apartamentos,Valencia,1,1,€ 106,2019/08/30,2019/08/31,0,"8,7",30
BONNIES Suites & Spa Valencia,3631910,Apartamentos,Valencia,1,1,NA,2019/08/30,2019/08/31,0,"9,8",30
B&B Hi Valencia Boutique,1301725,NA,Valencia,1,1,€ 106,2019/08/30,2019/08/31,0,"8,7",30
Melia Valencia,290493,NA,Valencia,1,1,€ 107,2019/08/30,2019/08/31,4,"8,8",30
Zenit Valencia,92327,NA,Valencia,1,1,€ 108,2019/08/30,2019/08/31,4,"8,8",30
AC Hotel Valencia- a Marriott Lifestyle Hotel,91063,NA,Valencia,1,1,€ 109,2019/08/30,2019/08/31,4,"8,6",30
Hotel Dimar,90886,NA,Valencia,1,1,€ 113,2019/08/30,2019/08/31,4,"8,7",30
Hotel Mediterraneo Valencia,92412,NA,Valencia,1,1,€ 115,2019/08/30,2019/08/31,3,"8,8",30
Barracart Apartments,2125836,Apartamentos,Valencia,1,1,NA,2019/08/30,2019/08/31,0,"9,6",30
Ilunion Aqua 4,92777,NA,Valencia,1,1,€ 115,2019/08/30,2019/08/31,4,"8,5",30
Jardín Botánico Hotel Boutique,93369,NA,Valencia,1,1,€ 116,2019/08/30,2019/08/31,3,"8,9",30
Petit Palace Ruzafa,90792,NA,Valencia,1,1,€ 116,2019/08/30,2019/08/31,3,"8,7",30
AC Hotel Colon Valencia- a Marriott Lifestyle Hotel,1117150,NA,Valencia,1,1,€ 116,2019/08/30,2019/08/31,4,"8,6",30
Barceló Valencia,91988,NA,Valencia,1,1,€ 117,2019/08/30,2019/08/31,4,"8,6",30
Citizentral Gascons,332095,Apartamentos,Valencia,1,1,€ 119,2019/08/30,2019/08/31,0,"8,7",30
Colón Market Downtown,4607745,Apartamento,Valencia,1,1,NA,2019/08/30,2019/08/31,0,"9,7",30
Les flors,3985046,Apartamento,Valencia,1,1,€ 119,2019/08/30,2019/08/31,0,"8,9",30
One Shot Palacio Reina Victoria 04,90885,NA,Valencia,1,1,€ 122,2019/08/30,2019/08/31,4,"8,6",30
València Centre Túria,2185255,Apartamento,Valencia,1,1,€ 123,2019/08/30,2019/08/31,0,"8,8",30
Petit Palace Plaza de la Reina,90443,NA,Valencia,1,1,€ 125,2019/08/30,2019/08/31,3,"8,7",30
Vincci Palace,94163,NA,Valencia,1,1,€ 126,2019/08/30,2019/08/31,4,"8,6",30
Hotel El Siglo,1741479,NA,Valencia,1,1,€ 127,2019/08/30,2019/08/31,3,"8,5",30
Casa Calle Conquista,4691493,Apartamento,Valencia,1,1,NA,2019/08/30,2019/08/31,0,"9,6",30
ABCyou Bed&Breakfast,189207,NA,Valencia,1,1,€ 128,2019/08/30,2019/08/31,0,"8,5",30
Lotelito,570027,NA,Valencia,1,1,€ 129,2019/08/30,2019/08/31,0,"8,9",30
Catalonia Excelsior,90578,NA,Valencia,1,1,€ 130,2019/08/30,2019/08/31,3,"8,7",30
BUBUFLATS / Mercat,783206,Apartamentos,Valencia,1,1,€ 130,2019/08/30,2019/08/31,0,"8,9",30
Hotel San Lorenzo Boutique,1307718,NA,Valencia,1,1,€ 135,2019/08/30,2019/08/31,3,"8,6",30
València Centre Torres de Quart,886289,Apartamentos,Valencia,1,1,€ 137,2019/08/30,2019/08/31,0,"8,9",30
Casa La Buhardilla,2985364,Apartamento,Valencia,1,1,NA,2019/08/30,2019/08/31,0,"9,6",30
Living Valencia - Patacona Beach 56,3718985,Apartamentos,Valencia,1,1,€ 142,2019/08/30,2019/08/31,0,"8,8",30
Blanq Carmen Hotel,97069,NA,Valencia,1,1,€ 144,2019/08/30,2019/08/31,3,"8,7",30
Tranquilo Apartamento En Plaza Cisneros,3127388,Apartamento,Valencia,1,1,€ 145,2019/08/30,2019/08/31,0,"8,9",30
Apartamento frente al mar,3060802,Apartamento,Valencia,1,1,€ 145,2019/08/30,2019/08/31,0,"8,6",30
Ático Oasis de Ruzafa,2639518,Apartamento,Valencia,1,1,€ 151,2019/08/30,2019/08/31,0,"8,9",30
SH Valencia Palace,91497,NA,Valencia,1,1,€ 153,2019/08/30,2019/08/31,5,"8,5",30
Apartamento Bolseria 28,881275,Apartamentos,Valencia,1,1,NA,2019/08/30,2019/08/31,0,"9,6",30
SKY TOURISTIC ATTIC,281640,Apartamentos,Valencia,1,1,€ 162,2019/08/30,2019/08/31,0,"8,5",30
Vincci Lys,91183,NA,Valencia,1,1,€ 162,2019/08/30,2019/08/31,4,"8,9",30
Biopark View Apartment,2381901,Apartamento,Valencia,1,1,€ 169,2019/08/30,2019/08/31,0,"8,9",30
Living Valencia - Olympia House,2215435,Apartamentos,Valencia,1,1,€ 171,2019/08/30,2019/08/31,0,"8,7",30
The Westin Valencia,93321,NA,Valencia,1,1,€ 178,2019/08/30,2019/08/31,5,"8,7",30
ValentiaApartments - MercadoCentral,4185241,Apartamentos,Valencia,1,1,€ 180,2019/08/30,2019/08/31,0,"8,7",30
Plaza de la Virgen,3167342,Apartamento,Valencia,1,1,€ 185,2019/08/30,2019/08/31,0,"8,7",30
Puerta de Serranos,2734333,Apartamentos,Valencia,1,1,€ 195,2019/08/30,2019/08/31,0,"8,7",30
Melia Plaza Valencia,13270,NA,Valencia,1,1,€ 220,2019/08/30,2019/08/31,4,"8,9",30
Zerka Centro,4425975,Apartamentos,Valencia,1,1,€ 229,2019/08/30,2019/08/31,0,"8,5",30
Flatsforyou Marina,1793012,Apartamentos,Valencia,1,1,€ 230,2019/08/30,2019/08/31,0,"8,7",30
Hospes Palau de La Mar,93823,NA,Valencia,1,1,€ 302,2019/08/30,2019/08/31,5,"8,8",30
Habitación Céntrica en Casa de Familia,4289877,NA,Valencia,1,1,€ 35,2019/08/30,2019/08/31,0,8,30
Habitacion en Valencia Barata,4861796,NA,Valencia,1,1,€ 38,2019/08/30,2019/08/31,0,"8,2",30
Purple Nest Hostel,25278,NA,Valencia,1,1,€ 42,2019/08/30,2019/08/31,0,8,30
Valero Vintage,3315727,NA,Valencia,1,1,€ 51,2019/08/30,2019/08/31,0,8,30
HABITACIÓN PRIVADA EN RUZAFA,4948581,NA,Valencia,1,1,€ 51,2019/08/30,2019/08/31,0,"8,1",30
Red Nest Hostel,92283,NA,Valencia,1,1,€ 57,2019/08/30,2019/08/31,0,"8,2",30
