name,propertyId,propertyType,city,rooms,days,price,checkIn,checkOut,stars,score,advance
Gulet Why Not,5199364,Hotel,Valencia,1,1,€ 3.000,2019/10/20,2019/10/21,0,,90
vosotros sereis parte de mi familia.,5299568,Hotel,Valencia,1,1,€ 60,2019/10/20,2019/10/21,0,,90
City Center Atico 360,3025679,Apartamento,Valencia,1,1,NA,2019/10/20,2019/10/21,0,"9,6",90
Valencian Apartment,2298621,Apartamento,Valencia,1,1,€ 105,2019/10/20,2019/10/21,0,9,90
Patacona Green Flats,292996,Apartamentos,Valencia,1,1,€ 50,2019/10/20,2019/10/21,0,"7,7",90
MD Art Apartment Ruzafa,2550955,Apartamento,Valencia,1,1,€ 291,2019/10/20,2019/10/21,0,"7,7",90
City Garden Bed and Breakfast,2204361,Hotel,Valencia,1,1,€ 90,2019/10/20,2019/10/21,0,"9,4",90
APARTAMENTO LAS MELLIZAS,4651578,Hotel,Valencia,1,1,€ 50,2019/10/20,2019/10/21,0,"8,4",90
Accommodation Beach Apartments,1001766,Apartamentos,Valencia,1,1,€ 69,2019/10/20,2019/10/21,0,"7,1",90
San Jaime Silence,2369040,Apartamento,Valencia,1,1,NA,2019/10/20,2019/10/21,0,"7,4",90
Valencia Apartments,4367788,Apartamentos,Valencia,1,1,€ 97,2019/10/20,2019/10/21,0,"7,1",90
Friendly Rentals Abad,1634238,Apartamento,Valencia,1,1,€ 160,2019/10/20,2019/10/21,0,"8,2",90
MD Pelayo with terrace,1979067,Apartamento,Valencia,1,1,€ 291,2019/10/20,2019/10/21,0,"7,9",90
Friendly Rentals Strauss,1634236,Apartamento,Valencia,1,1,€ 145,2019/10/20,2019/10/21,0,"8,6",90
Suites by Eric Olsan (Florista),4726450,Apartamentos,Valencia,1,1,€ 72,2019/10/20,2019/10/21,0,"8,6",90
Friendly Rentals Brade,1918694,Apartamento,Valencia,1,1,€ 120,2019/10/20,2019/10/21,0,"8,9",90
Apartamento Bolseria 28,881275,Apartamentos,Valencia,1,1,NA,2019/10/20,2019/10/21,0,"9,6",90
Kirei Casa Burguerini.,4552106,Apartamentos,Valencia,1,1,€ 151,2019/10/20,2019/10/21,0,,90
Friendly Rentals Telemann,1634241,Apartamento,Valencia,1,1,€ 155,2019/10/20,2019/10/21,0,8,90
Friendly Rentals Torrealba,1634243,Apartamento,Valencia,1,1,€ 145,2019/10/20,2019/10/21,0,"9,3",90
Casita Esmeralda,2040126,Casa o chalet,Valencia,1,1,€ 114,2019/10/20,2019/10/21,0,"6,3",90
Kirei Apartment San Agustin,1712323,Apartamentos,Valencia,1,1,€ 161,2019/10/20,2019/10/21,0,"6,4",90
Hostal Residencial RR,450746,Hotel,Valencia,1,1,€ 40,2019/10/20,2019/10/21,0,7,90
Center Valencia,2944722,Casa o chalet,Valencia,1,1,NA,2019/10/20,2019/10/21,0,"9,4",90
Ruzafa Apartments,1431031,Apartamentos,Valencia,1,1,€ 90,2019/10/20,2019/10/21,0,7,90
Friendly Rentals Verdi,1634232,Apartamento,Valencia,1,1,€ 145,2019/10/20,2019/10/21,0,"8,1",90
Oceanográfico Apartments & Spa,324918,Apartamentos,Valencia,1,1,€ 79,2019/10/20,2019/10/21,0,"7,7",90
Vlc Apartaments el Carmen,389902,Apartamentos,Valencia,1,1,€ 220,2019/10/20,2019/10/21,0,"8,2",90
Style Apartments Puerto,1558265,Apartamentos,Valencia,1,1,€ 54,2019/10/20,2019/10/21,0,8,90
Art&Flats Bed&Breakfast,5238345,Hotel,Valencia,1,1,€ 50,2019/10/20,2019/10/21,0,"9,4",90
Valencia what else...,2550483,Apartamento,Valencia,1,1,NA,2019/10/20,2019/10/21,0,"9,5",90
Friendly Rentals Verdi 2,2523881,Apartamento,Valencia,1,1,€ 140,2019/10/20,2019/10/21,0,"8,9",90
La Flamenca,818359,Hotel,Valencia,1,1,€ 40,2019/10/20,2019/10/21,0,"7,3",90
Friendly Rentals Danna,1634254,Apartamento,Valencia,1,1,€ 185,2019/10/20,2019/10/21,0,"7,6",90
Apartment Valencia,348555,Apartamentos,Valencia,1,1,€ 108,2019/10/20,2019/10/21,0,"7,7",90
Happy Apartments Valencia,456043,Apartamentos,Valencia,1,1,€ 69,2019/10/20,2019/10/21,0,"8,2",90
Zalamera BnB,1331238,Hotel,Valencia,1,1,€ 58,2019/10/20,2019/10/21,0,"8,7",90
B&B Hi Valencia Boutique,1301725,Hotel,Valencia,1,1,€ 51,2019/10/20,2019/10/21,0,"8,7",90
VLC Downtown Flats,4637615,Apartamentos,Valencia,1,1,NA,2019/10/20,2019/10/21,0,"9,3",90
Live in Chianti,2227491,Hotel,Valencia,1,1,€ 75,2019/10/20,2019/10/21,0,"9,1",90
Aparthotel Valencia Rental,17344,Apartahotel,Valencia,1,1,€ 54,2019/10/20,2019/10/21,0,8,90
Urban Youth Hostel,1163025,Hotel,Valencia,1,1,€ 53,2019/10/20,2019/10/21,0,"8,4",90
The River Hostel,494202,Hotel,Valencia,1,1,€ 22,2019/10/20,2019/10/21,0,"8,5",90
La casita de Palomar,2132386,Apartamentos,Valencia,1,1,€ 99,2019/10/20,2019/10/21,0,"9,4",90
Malvarrosa Calle Pavia,3608764,Casa o chalet,Valencia,1,1,€ 271,2019/10/20,2019/10/21,0,"8,3",90
Apartment Plaza Cisneros,1273377,Apartamentos,Valencia,1,1,NA,2019/10/20,2019/10/21,0,"9,8",90
Home Youth Hostel by Feetup Hostels,189322,Hotel,Valencia,1,1,€ 52,2019/10/20,2019/10/21,0,"8,8",90
Nanit Valencia Hostel,3913497,Hotel,Valencia,1,1,€ 80,2019/10/20,2019/10/21,0,"8,3",90
Luminous & Cosy Down Town Apartment,3973347,Apartamento,Valencia,1,1,NA,2019/10/20,2019/10/21,0,"8,5",90
Beachfront vila,3126708,Casa o chalet,Valencia,1,1,€ 390,2019/10/20,2019/10/21,0,"9,4",90
B BEACH VALENCIA,5125954,Apartamento,Valencia,1,1,€ 150,2019/10/20,2019/10/21,0,"9,3",90
COZY APARTMENT VALENCIA CITY CENTER!,4886758,Apartamento,Valencia,1,1,€ 120,2019/10/20,2019/10/21,0,"9,1",90
Bianca,4232781,Apartamento,Valencia,1,1,€ 106,2019/10/20,2019/10/21,0,9,90
OCEANOGRAFIC DELUXE- PARKING- WI-FI,4095746,Apartamento,Valencia,1,1,€ 100,2019/10/20,2019/10/21,0,"9,2",90
City Suites Apartments,3091106,Hotel,Valencia,1,1,€ 74,2019/10/20,2019/10/21,0,"8,4",90
Pensión Alicante,298710,Hotel,Valencia,1,1,€ 33,2019/10/20,2019/10/21,0,"8,5",90
Rooms Ciencias,94126,Hotel,Valencia,1,1,€ 62,2019/10/20,2019/10/21,0,"8,9",90
Red Nest Hostel,92283,Hotel,Valencia,1,1,€ 44,2019/10/20,2019/10/21,0,"8,2",90
HOSTAL BED OF THE SEA,3974636,Hotel,Valencia,1,1,€ 72,2019/10/20,2019/10/21,0,7,90
UP Hostel Valencia,1710137,Hotel,Valencia,1,1,€ 24,2019/10/20,2019/10/21,0,"7,8",90
Plaza de la Virgen,3167342,Apartamento,Valencia,1,1,NA,2019/10/20,2019/10/21,0,"8,7",90
5 SENSES,3786890,Apartamento,Valencia,1,1,€ 111,2019/10/20,2019/10/21,0,"9,2",90
Apartamento reformado Saler Playa,5241712,Apartamento,Valencia,1,1,NA,2019/10/20,2019/10/21,0,,90
Mar & City Apartment,3456759,Apartamento,Valencia,1,1,€ 190,2019/10/20,2019/10/21,0,"8,9",90
Valencia-Ruzafa Studio,3235983,Apartamento,Valencia,1,1,€ 120,2019/10/20,2019/10/21,0,"9,1",90
Una Ubicacion Perfecta,3114164,Apartamentos,Valencia,1,1,€ 90,2019/10/20,2019/10/21,0,"9,1",90
OCEANOGRAFIC APARTMENT. PARKING. WI-FI,3107716,Apartamentos,Valencia,1,1,€ 100,2019/10/20,2019/10/21,0,"9,1",90
Center Valencia Youth Hostel,246931,Hotel,Valencia,1,1,€ 19,2019/10/20,2019/10/21,0,"7,9",90
Hostal On Dormire Valencia,432305,Hotel,Valencia,1,1,€ 49,2019/10/20,2019/10/21,0,"7,8",90
Pensión Universal,304276,Hotel,Valencia,1,1,€ 30,2019/10/20,2019/10/21,0,"7,9",90
Buho House,3777691,Apartahotel,Valencia,1,1,€ 64,2019/10/20,2019/10/21,0,"8,5",90
Art&Flats Bed&Breakfast,5238345,Hotel,Valencia,1,1,€ 50,2019/10/20,2019/10/21,0,"9,4",90
7 Moons Bed & Breakfast,464187,Hotel,Valencia,1,1,€ 250,2019/10/20,2019/10/21,0,"8,5",90
Victoria Site @ Mercat Central,1958462,Apartamentos,Valencia,1,1,NA,2019/10/20,2019/10/21,0,"8,5",90
B&B Hi Valencia Canovas,305349,Hotel,Valencia,1,1,€ 38,2019/10/20,2019/10/21,0,"8,4",90
Kirei Casa Burguerini.,4552106,Apartamentos,Valencia,1,1,€ 151,2019/10/20,2019/10/21,0,,90
Gulet Why Not,5199364,Hotel,Valencia,1,1,€ 3.000,2019/10/20,2019/10/21,0,,90
Habitacion en Valencia Barata,4861796,Hotel,Valencia,1,1,€ 45,2019/10/20,2019/10/21,0,"8,2",90
Russafa Youth Hostel,345134,Hotel,Valencia,1,1,€ 44,2019/10/20,2019/10/21,0,"8,6",90
Bird House,4388270,Hotel,Valencia,1,1,€ 66,2019/10/20,2019/10/21,0,"8,2",90
Total Valencia Joaquin Sorolla,1519526,Apartamentos,Valencia,1,1,NA,2019/10/20,2019/10/21,0,"8,7",90
Geography and Arts.,3569110,Hotel,Valencia,1,1,€ 60,2019/10/20,2019/10/21,0,"6,6",90
Palacios Rooms,2773548,Hotel,Valencia,1,1,€ 56,2019/10/20,2019/10/21,0,"8,3",90
L'Otelet By Sweet,1467935,Hotel,Valencia,1,1,€ 64,2019/10/20,2019/10/21,0,"8,4",90
Balcón Al Mar,295109,Hotel,Valencia,1,1,€ 53,2019/10/20,2019/10/21,0,"8,4",90
Cantagua Hostel,4074640,Hotel,Valencia,1,1,€ 40,2019/10/20,2019/10/21,0,"9,1",90
Host & Home,1663785,Hotel,Valencia,1,1,€ 64,2019/10/20,2019/10/21,0,9,90
Mosen Sorell Apartments,683265,Apartamentos,Valencia,1,1,NA,2019/10/20,2019/10/21,0,"8,3",90
Ramirez Flats & Bar,4124528,Apartahotel,Valencia,1,1,€ 86,2019/10/20,2019/10/21,0,"9,5",90
Central Station Valencia Hostel,1647017,Hotel,Valencia,1,1,€ 49,2019/10/20,2019/10/21,0,"7,1",90
Purple Nest Hostel,25278,Hotel,Valencia,1,1,€ 43,2019/10/20,2019/10/21,0,8,90
OLD TOWN VALENCIA,5160686,Hotel,Valencia,1,1,€ 63,2019/10/20,2019/10/21,0,"5,9",90
Oliver,4865093,Hotel,Valencia,1,1,€ 35,2019/10/20,2019/10/21,0,"5,7",90
Guest House Samuel Ros,4161855,Hotel,Valencia,1,1,€ 90,2019/10/20,2019/10/21,0,"7,5",90
Ruzafa Rooms,2891693,Hotel,Valencia,1,1,€ 45,2019/10/20,2019/10/21,0,7,90
Apart and Benef,2291245,Hotel,Valencia,1,1,€ 34,2019/10/20,2019/10/21,0,"7,7",90
HABITACIÓN PRIVADA EN RUZAFA,4948581,Hotel,Valencia,1,1,€ 50,2019/10/20,2019/10/21,0,,90
Carrer del Bisbe Jaume Pérez,4900140,Hotel,Valencia,1,1,€ 55,2019/10/20,2019/10/21,0,"5,8",90
Ca'delsPins,4110201,Hotel,Valencia,1,1,NA,2019/10/20,2019/10/21,0,"8,2",90
ARENAS 2 APARTAMENT,2808815,Apartamento,Valencia,1,1,€ 150,2019/10/20,2019/10/21,0,"9,1",90
Jardines del Turia - Espacioso apartamento,2734126,Apartamento,Valencia,1,1,€ 200,2019/10/20,2019/10/21,0,"9,2",90
Apartment in the Quart Towers I,4917366,Apartamentos,Valencia,1,1,NA,2019/10/20,2019/10/21,0,,90
Apartamento cerca de la Playa y el Centro,2620264,Apartamento,Valencia,1,1,€ 88,2019/10/20,2019/10/21,0,9,90
Apartamento La Marina,2545213,Apartamento,Valencia,1,1,€ 120,2019/10/20,2019/10/21,0,"9,1",90
Biopark View Apartment,2381901,Apartamento,Valencia,1,1,€ 102,2019/10/20,2019/10/21,0,"8,9",90
Reina 12,1684198,Hotel,Valencia,1,1,€ 60,2019/10/20,2019/10/21,0,"8,3",90
La Flamenca,818359,Hotel,Valencia,1,1,€ 40,2019/10/20,2019/10/21,0,"7,3",90
Casual Civilizaciones Valencia,449777,Hotel,Valencia,1,1,€ 36,2019/10/20,2019/10/21,0,"7,9",90
Apartamentos Plaza Picasso,97063,Apartamentos,Valencia,1,1,€ 52,2019/10/20,2019/10/21,0,"8,4",90
Gon & Diego House,4899561,Hotel,Valencia,1,1,€ 40,2019/10/20,2019/10/21,0,"5,2",90
Habitación en Apartamento soleado Plaza Escultor Frechina,4865043,Hotel,Valencia,1,1,€ 55,2019/10/20,2019/10/21,0,"4,9",90
Como en casa,4802186,Hotel,Valencia,1,1,€ 54,2019/10/20,2019/10/21,0,8,90
HOSPEDAJE PESET,4718074,Hotel,Valencia,1,1,€ 40,2019/10/20,2019/10/21,0,"8,2",90
Valencian Apartment,2298621,Apartamento,Valencia,1,1,€ 105,2019/10/20,2019/10/21,0,9,90
Flats Hondures,2194645,Apartamentos,Valencia,1,1,€ 164,2019/10/20,2019/10/21,0,9,90
Casa de Vacaciones Pintor Vilar,2093863,Apartamento,Valencia,1,1,€ 222,2019/10/20,2019/10/21,0,9,90
Apartamento acogedor para 4 personas,4391668,Apartamento,Valencia,1,1,NA,2019/10/20,2019/10/21,0,"7,9",90
Sweet Caroline Apartment,1811784,Apartamento,Valencia,1,1,€ 150,2019/10/20,2019/10/21,0,"9,2",90
OttoH Charm Stay,2459807,Hotel,Valencia,1,1,€ 79,2019/10/20,2019/10/21,0,"9,3",90
Apartamento con terraza,5238122,Apartahotel,Valencia,1,1,€ 240,2019/10/20,2019/10/21,0,,90
Habitación privada a 1500 metros de la playa,3789910,Hotel,Valencia,1,1,€ 60,2019/10/20,2019/10/21,0,"9,4",90
L'Esplai Valencia Bed & Breakfast,1282556,Hotel,Valencia,1,1,€ 91,2019/10/20,2019/10/21,0,"9,6",90
APARTAMENTO LAS MELLIZAS,4651578,Hotel,Valencia,1,1,€ 50,2019/10/20,2019/10/21,0,"8,4",90
Habitación doble,3599930,Hotel,Valencia,1,1,€ 90,2019/10/20,2019/10/21,0,9,90
Friendly Rentals Schubert,1634221,Apartamentos,Valencia,1,1,€ 125,2019/10/20,2019/10/21,0,"8,9",90
Austria 4,1605997,Apartamentos,Valencia,1,1,€ 62,2019/10/20,2019/10/21,0,9,90
València Centre Torres de Quart,886289,Apartamentos,Valencia,1,1,€ 73,2019/10/20,2019/10/21,0,"8,9",90
Valenciaflats Mercado Central,307677,Apartamentos,Valencia,1,1,€ 87,2019/10/20,2019/10/21,0,9,90
Valenciaflats Ciudad de las Ciencias,93676,Apartamentos,Valencia,1,1,€ 120,2019/10/20,2019/10/21,0,"9,1",90
Apartamento Ciudad de las Artes y las Ciencias,4353552,Apartamento,Valencia,1,1,NA,2019/10/20,2019/10/21,0,"8,4",90
Malvarrosa Beach,3546692,Casas y chalets,Valencia,1,1,€ 1.260,2019/10/20,2019/10/21,0,"6,9",90
Habitación San Cayetano,4624401,Hotel,Valencia,1,1,€ 80,2019/10/20,2019/10/21,0,"7,7",90
Habitacion PLaza Ayuntamiento,4365340,Hotel,Valencia,1,1,€ 40,2019/10/20,2019/10/21,0,"7,6",90
ÁTICO EN EL CENTRO DE VALENCIA VT-45939-T,4752815,Hotel,Valencia,1,1,NA,2019/10/20,2019/10/21,0,"9,6",90
Alquiler Habitacion Centro De Valencia,3977106,Hotel,Valencia,1,1,€ 55,2019/10/20,2019/10/21,0,"8,1",90
15 Avinguda Mare Nostrum,4518973,Apartamento,Valencia,1,1,€ 120,2019/10/20,2019/10/21,0,,90
Apartments Downtown Valencia,2250421,Apartamentos,Valencia,1,1,€ 190,2019/10/20,2019/10/21,0,"9,6",90
Pio XII Apartments Valencia,402080,Apartamentos,Valencia,1,1,€ 60,2019/10/20,2019/10/21,0,"8,5",90
Citizentral Gascons,332095,Apartamentos,Valencia,1,1,€ 72,2019/10/20,2019/10/21,0,"8,7",90
Habitacion Barata Valencia,3931013,Hotel,Valencia,1,1,€ 29,2019/10/20,2019/10/21,0,"8,3",90
Room in apartment,3701648,Hotel,Valencia,1,1,€ 81,2019/10/20,2019/10/21,0,8,90
feliz como en casa,3676196,Hotel,Valencia,1,1,€ 36,2019/10/20,2019/10/21,0,"6,9",90
Habitación cerca del centro,2789581,Hotel,Valencia,1,1,€ 63,2019/10/20,2019/10/21,0,"7,7",90
Zerka Sendra,4657122,Apartamento,Valencia,1,1,€ 301,2019/10/20,2019/10/21,0,"8,9",90
Center Apartments,4152091,Apartamentos,Valencia,1,1,NA,2019/10/20,2019/10/21,0,"8,1",90
Calle de Frederica Montseny 'Política' Casa o chalet,5152866,Casa o chalet,Valencia,1,1,€ 95,2019/10/20,2019/10/21,0,,90
Ca Carmela,2466364,Casa o chalet,Valencia,1,1,€ 250,2019/10/20,2019/10/21,0,"8,9",90
Voyagers Inn Homestay,2682156,Hotel,Valencia,1,1,€ 52,2019/10/20,2019/10/21,0,"7,8",90
Casa Vich,4457634,Hotel,Valencia,1,1,NA,2019/10/20,2019/10/21,0,"9,6",90
Homestay Valencia,2597106,Hotel,Valencia,1,1,€ 80,2019/10/20,2019/10/21,0,"8,1",90
HQ Rooms Apartments San Vicente,2894429,Apartamentos,Valencia,1,1,€ 125,2019/10/20,2019/10/21,0,"9,3",90
Friendly Rentals Torrealba,1634243,Apartamento,Valencia,1,1,€ 145,2019/10/20,2019/10/21,0,"9,3",90
"Flat ""Ca Alexandre""",3687859,Apartamento,Valencia,1,1,€ 195,2019/10/20,2019/10/21,0,,90
United Colors of Apartments Boutique Style,5372347,Apartamentos,Valencia,1,1,€ 89,2019/10/20,2019/10/21,0,10,90
Mediterranean Flats Plaza Redonda,4086496,Apartamentos,Valencia,1,1,€ 145,2019/10/20,2019/10/21,0,"9,2",90
APARTAMENTO LAS MELLIZAS,4651578,Hotel,Valencia,1,1,€ 50,2019/10/20,2019/10/21,0,"8,4",90
BUBUSUITES by Bubuflats,2389776,Hotel,Valencia,1,1,€ 95,2019/10/20,2019/10/21,0,"9,3",90
City Garden Bed and Breakfast,2204361,Hotel,Valencia,1,1,€ 90,2019/10/20,2019/10/21,0,"9,4",90
Mon Suites Catedral,485679,Apartamentos,Valencia,1,1,€ 107,2019/10/20,2019/10/21,0,"9,2",90
Cozy apartment in Valencia center,3402135,Apartamentos,Valencia,1,1,€ 241,2019/10/20,2019/10/21,0,"9,2",90
Apartamentos La más Bonita,2816245,Apartamentos,Valencia,1,1,€ 104,2019/10/20,2019/10/21,0,"9,1",90
Kirei Apartment Berlin,4504570,Apartamentos,Valencia,1,1,€ 126,2019/10/20,2019/10/21,0,"5,4",90
Best Valencia Beach Flat,3246772,Apartamento,Valencia,1,1,€ 192,2019/10/20,2019/10/21,0,"7,1",90
MD Pelayo with terrace,1979067,Apartamento,Valencia,1,1,€ 291,2019/10/20,2019/10/21,0,"7,9",90
SHF Plaza de la Reina,1682520,Apartamentos,Valencia,1,1,€ 75,2019/10/20,2019/10/21,0,"7,7",90
Friendly Rentals Gimenez,1634242,Apartamento,Valencia,1,1,€ 160,2019/10/20,2019/10/21,0,"8,2",90
El 16 Ruzafa,865461,Apartamentos,Valencia,1,1,€ 79,2019/10/20,2019/10/21,0,"7,7",90
Valencia Luxury Catedral,440778,Apartamentos,Valencia,1,1,€ 170,2019/10/20,2019/10/21,0,"7,2",90
Habitación privada a 1500 metros de la playa,3789910,Hotel,Valencia,1,1,€ 60,2019/10/20,2019/10/21,0,"9,4",90
Ramirez Flats & Bar,4124528,Hotel,Valencia,1,1,€ 86,2019/10/20,2019/10/21,0,"9,5",90
Constitución,4229663,Hotel,Valencia,1,1,NA,2019/10/20,2019/10/21,0,"9,6",90
Valencia Luxury Attics Ayuntamiento,337092,Apartamentos,Valencia,1,1,€ 220,2019/10/20,2019/10/21,0,"7,5",90
Habitación doble,3599930,Hotel,Valencia,1,1,€ 90,2019/10/20,2019/10/21,0,9,90
OttoH Charm Stay,2459807,Hotel,Valencia,1,1,€ 79,2019/10/20,2019/10/21,0,"9,3",90
MYR Hotel Plaza Mercado & Spa,1619029,Hotel,Valencia,1,1,€ 109,2019/10/20,2019/10/21,0,"9,2",90
Lotelito,570027,Hotel,Valencia,1,1,€ 87,2019/10/20,2019/10/21,0,"8,9",90
Boutique Creative Rooms,2334726,Hotel,Valencia,1,1,€ 90,2019/10/20,2019/10/21,0,"8,7",90
Suites by Eric Olsan (Peset),4726296,Hotel,Valencia,1,1,€ 73,2019/10/20,2019/10/21,0,"8,1",90
Central Park Apartment Valencia,3881533,Hotel,Valencia,1,1,NA,2019/10/20,2019/10/21,0,"9,6",90
Kirei Apartment San Vicente,1774062,Hotel,Valencia,1,1,€ 110,2019/10/20,2019/10/21,0,"7,6",90
Apartamentos Adressadors,1743173,Hotel,Valencia,1,1,€ 50,2019/10/20,2019/10/21,0,"7,8",90
Habitación en Apartamento soleado Plaza Escultor Frechina,4865043,Hotel,Valencia,1,1,€ 55,2019/10/20,2019/10/21,0,"4,9",90
Friendly Rentals Pergolesi,1634240,Apartamentos,Valencia,1,1,€ 135,2019/10/20,2019/10/21,0,"8,5",90
BONNIES Suites & Spa Valencia,3631910,Apartamentos,Valencia,1,1,NA,2019/10/20,2019/10/21,0,"9,8",90
Friendly Rentals Danna,1634254,Hotel,Valencia,1,1,€ 185,2019/10/20,2019/10/21,0,"7,6",90
Opera House Valencia B&B,3533887,Hotel,Valencia,1,1,€ 90,2019/10/20,2019/10/21,0,"9,5",90
Casa Calle Conquista,4691493,Hotel,Valencia,1,1,€ 150,2019/10/20,2019/10/21,0,"9,6",90
Cosy apartment near to the center,4064812,Hotel,Valencia,1,1,€ 125,2019/10/20,2019/10/21,0,,90
Atico Loft Ruzafa,3152977,Hotel,Valencia,1,1,NA,2019/10/20,2019/10/21,0,"9,7",90
Apartamento luminoso y acogedor,3489126,Hotel,Valencia,1,1,€ 78,2019/10/20,2019/10/21,0,"9,6",90
Casa La Buhardilla,2985364,Hotel,Valencia,1,1,€ 97,2019/10/20,2019/10/21,0,"9,6",90
València Centre Túria,2185255,Hotel,Valencia,1,1,€ 66,2019/10/20,2019/10/21,0,"8,8",90
Port of Valencia,3805735,Hotel,Valencia,1,1,€ 79,2019/10/20,2019/10/21,0,"4,7",90
Pensión Universal,304276,Hotel,Valencia,1,1,€ 30,2019/10/20,2019/10/21,0,"7,9",90
Ciudad Ciencias- Lujo- Parking- Wi-Fi.,4999636,Apartamento,Valencia,1,1,€ 120,2019/10/20,2019/10/21,0,"9,8",90
Casual Civilizaciones Valencia,449777,Hotel,Valencia,1,1,€ 36,2019/10/20,2019/10/21,0,"7,9",90
Friendly Rentals ABC,3656596,Apartamento,Valencia,1,1,€ 120,2019/10/20,2019/10/21,0,"8,4",90
Apartamentos Plaza Picasso,97063,Hotel,Valencia,1,1,€ 52,2019/10/20,2019/10/21,0,"8,4",90
Loft Superior el Carmen,2784473,Hotel,Valencia,1,1,€ 212,2019/10/20,2019/10/21,0,"9,5",90
Piso luminoso cerca de la playa,3583906,Apartamento,Valencia,1,1,€ 80,2019/10/20,2019/10/21,0,"8,6",90
Apartamento luminoso y acogedor,3489126,Apartamento,Valencia,1,1,€ 78,2019/10/20,2019/10/21,0,"9,6",90
MOM La Punta,3105661,Hotel,Valencia,1,1,NA,2019/10/20,2019/10/21,0,"9,4",90
Friendly Rentals Gala,1634252,Apartamento,Valencia,1,1,€ 175,2019/10/20,2019/10/21,0,9,90
Apartamento en Ruzafa,2983208,Apartamento,Valencia,1,1,€ 135,2019/10/20,2019/10/21,0,"8,5",90
Friendly Rentals Soler,1634237,Apartamento,Valencia,1,1,€ 135,2019/10/20,2019/10/21,0,"8,6",90
ARENAS 2 APARTAMENT,2808815,Apartamento,Valencia,1,1,€ 150,2019/10/20,2019/10/21,0,"9,1",90
Habitación cerca del centro,2789581,Hotel,Valencia,1,1,€ 63,2019/10/20,2019/10/21,0,"7,7",90
Apartamento Privado Próximo a Playa y Ciencias,3783163,Apartamento,Valencia,1,1,€ 120,2019/10/20,2019/10/21,0,"8,1",90
Ciudad Ciencias- Lujo- Parking- Wi-Fi.,4999636,Hotel,Valencia,1,1,€ 120,2019/10/20,2019/10/21,0,"9,8",90
Valencia maritimo,3020748,Hotel,Valencia,1,1,€ 70,2019/10/20,2019/10/21,0,"8,8",90
Loft zona Pechina en Valencia centro,2524985,Hotel,Valencia,1,1,€ 138,2019/10/20,2019/10/21,0,"9,2",90
Friendly Rentals Brade,1918694,Hotel,Valencia,1,1,€ 120,2019/10/20,2019/10/21,0,"8,9",90
Apartment on Carrer del Dr. Lluch,2008997,Apartamento,Valencia,1,1,NA,2019/10/20,2019/10/21,0,"9,1",90
Gon & Diego House,4899561,Hotel,Valencia,1,1,€ 40,2019/10/20,2019/10/21,0,"5,2",90
Guest House Samuel Ros,4161855,Hotel,Valencia,1,1,€ 90,2019/10/20,2019/10/21,0,"7,5",90
Valencia-Ruzafa Studio,3235983,Apartamento,Valencia,1,1,€ 120,2019/10/20,2019/10/21,0,"9,1",90
Soho Valencia,1538641,Hotel,Valencia,1,1,€ 70,2019/10/20,2019/10/21,0,"8,9",90
Welcome to Valencia Peset Aleixandre 135,5047732,Hotel,Valencia,1,1,€ 115,2019/10/20,2019/10/21,0,,90
Loft el Carmen amazing views,4932621,Hotel,Valencia,1,1,€ 182,2019/10/20,2019/10/21,0,"7,9",90
7 Moons Bed & Breakfast,464187,Hotel,Valencia,1,1,€ 250,2019/10/20,2019/10/21,0,"8,5",90
Olympia Flats,4212801,Hotel,Valencia,1,1,€ 70,2019/10/20,2019/10/21,0,"9,7",90
STYLISH APARTMENT - CITY CENTER,2861517,Apartamento,Valencia,1,1,€ 114,2019/10/20,2019/10/21,0,"7,8",90
Splendid house in Valencia,3091182,Apartamentos,Valencia,1,1,NA,2019/10/20,2019/10/21,0,"9,3",90
Friendly Rentals Ferrero,2314984,Apartamento,Valencia,1,1,€ 150,2019/10/20,2019/10/21,0,"8,4",90
Kirei Apartment Vienna,4639797,Hotel,Valencia,1,1,€ 115,2019/10/20,2019/10/21,0,,90
Kirei Apartment Dublin,4639542,Hotel,Valencia,1,1,€ 137,2019/10/20,2019/10/21,0,,90
Kirei Apartment Denver,4585191,Hotel,Valencia,1,1,€ 161,2019/10/20,2019/10/21,0,"6,8",90
Hi Valencia Cánovas,4312120,Apartamentos,Valencia,1,1,€ 86,2019/10/20,2019/10/21,0,9,90
Friendly Rentals Gimenez,1634242,Apartamento,Valencia,1,1,€ 160,2019/10/20,2019/10/21,0,"8,2",90
UP Hostel Valencia,1710137,Hotel,Valencia,1,1,€ 24,2019/10/20,2019/10/21,0,"7,8",90
Apartment close to park Marchalenes,4418670,Apartamento,Valencia,1,1,€ 120,2019/10/20,2019/10/21,0,"9,3",90
Miresa flats,5300418,Apartamento,Valencia,1,1,€ 125,2019/10/20,2019/10/21,0,,90
Piso en Malvarrosa,2574698,Apartamento,Valencia,1,1,NA,2019/10/20,2019/10/21,0,"9,1",90
Friendly Rentals Puerto Deportivo,2317861,Apartamentos,Valencia,1,1,€ 120,2019/10/20,2019/10/21,0,"8,2",90
Botanico-Torres de Quart,3197169,Apartamento,Valencia,1,1,€ 105,2019/10/20,2019/10/21,0,,90
Central Station Valencia Hostel,1647017,Hotel,Valencia,1,1,€ 49,2019/10/20,2019/10/21,0,"7,1",90
Loft el Carmen amazing views,4932621,Apartamento,Valencia,1,1,€ 182,2019/10/20,2019/10/21,0,"7,9",90
MD Abastos Center,2551194,Apartamento,Valencia,1,1,€ 329,2019/10/20,2019/10/21,0,"7,7",90
Habitación privada a 1500 metros de la playa,3789910,Hotel,Valencia,1,1,€ 60,2019/10/20,2019/10/21,0,"9,4",90
Turia Town,4064373,Apartamentos,Valencia,1,1,NA,2019/10/20,2019/10/21,0,"8,8",90
City Center Apartments,4426057,Hotel,Valencia,1,1,€ 88,2019/10/20,2019/10/21,0,"7,8",90
Valencia Apartments,4367788,Hotel,Valencia,1,1,€ 97,2019/10/20,2019/10/21,0,"7,1",90
HOSTAL BED OF THE SEA,3974636,Hotel,Valencia,1,1,€ 72,2019/10/20,2019/10/21,0,7,90
Welcome to Valencia Peset Aleixandre 135,5047732,Apartamento,Valencia,1,1,€ 115,2019/10/20,2019/10/21,0,,90
Burjassot Mestalla,3058627,Apartamento,Valencia,1,1,€ 75,2019/10/20,2019/10/21,0,"8,7",90
Apartamento Alguer,4005334,Apartamento,Valencia,1,1,€ 125,2019/10/20,2019/10/21,0,"7,5",90
Friendly Rentals Ravel I,1634234,Apartamento,Valencia,1,1,€ 120,2019/10/20,2019/10/21,0,"8,8",90
New apartment near to the center,4062596,Apartamento,Valencia,1,1,€ 115,2019/10/20,2019/10/21,0,,90
Alquiler Habitacion Centro De Valencia,3977106,Hotel,Valencia,1,1,€ 55,2019/10/20,2019/10/21,0,"8,1",90
Home Youth Hostel by Feetup Hostels,189322,Hotel,Valencia,1,1,€ 52,2019/10/20,2019/10/21,0,"8,8",90
Bianca,4232781,Apartamento,Valencia,1,1,€ 106,2019/10/20,2019/10/21,0,9,90
Friendly Rentals Desplat,4120221,Apartamento,Valencia,1,1,€ 150,2019/10/20,2019/10/21,0,"8,2",90
Zerka Centro,4425975,Apartamentos,Valencia,1,1,€ 199,2019/10/20,2019/10/21,0,"8,5",90
Kirei Apartment Calgary,4768322,Apartamento,Valencia,1,1,€ 148,2019/10/20,2019/10/21,0,"8,4",90
City Center Apartments,4426057,Apartamentos,Valencia,1,1,€ 88,2019/10/20,2019/10/21,0,"7,8",90
Duplex+Swimming pool+private entrance=Housen of LOVE,2999152,Apartamento,Valencia,1,1,€ 125,2019/10/20,2019/10/21,0,"9,4",90
MD Oliag I Apartment Ruzafa,2867488,Apartamento,Valencia,1,1,€ 375,2019/10/20,2019/10/21,0,"7,7",90
Torres Quart,3702234,Apartamentos,Valencia,1,1,€ 103,2019/10/20,2019/10/21,0,"7,7",90
SKY TOURISTIC ATTIC,281640,Apartamentos,Valencia,1,1,€ 108,2019/10/20,2019/10/21,0,"8,5",90
Room in apartment,3701648,Hotel,Valencia,1,1,€ 81,2019/10/20,2019/10/21,0,8,90
Friendly Rentals Ferrero,2314984,Apartamento,Valencia,1,1,€ 150,2019/10/20,2019/10/21,0,"8,4",90
MD Vila Barbera Apartment Center,1957253,Apartamento,Valencia,1,1,€ 390,2019/10/20,2019/10/21,0,"8,3",90
Living Valencia -Correos,3062274,Apartamentos,Valencia,1,1,NA,2019/10/20,2019/10/21,0,"8,4",90
Friendly Rentals Casals,1769176,Apartamento,Valencia,1,1,€ 125,2019/10/20,2019/10/21,0,"8,7",90
Friendly Rentals Abad,1634238,Apartamento,Valencia,1,1,€ 160,2019/10/20,2019/10/21,0,"8,2",90
Friendly Rentals Strauss,1634236,Apartamento,Valencia,1,1,€ 145,2019/10/20,2019/10/21,0,"8,6",90
Friendly Rentals Ravel I,1634234,Apartamento,Valencia,1,1,€ 120,2019/10/20,2019/10/21,0,"8,8",90
Flatsforyou Las Arcadias,473415,Apartamentos,Valencia,1,1,€ 171,2019/10/20,2019/10/21,0,"8,4",90
Kirei Apartment Vienna,4639797,Apartamento,Valencia,1,1,€ 115,2019/10/20,2019/10/21,0,,90
Total Valencia Vintage,2314366,Apartamentos,Valencia,1,1,NA,2019/10/20,2019/10/21,0,"8,5",90
Kirei Apartment Dublin,4639542,Apartamento,Valencia,1,1,€ 137,2019/10/20,2019/10/21,0,,90
Friendly Rentals Desplat,4120221,Apartamento,Valencia,1,1,€ 150,2019/10/20,2019/10/21,0,"8,2",90
17 PLAZA AYUNTAMIENTO-CENTRO 6p.,4093819,Apartamento,Valencia,1,1,€ 195,2019/10/20,2019/10/21,0,,90
New apartment near to the center,4062596,Apartamento,Valencia,1,1,€ 115,2019/10/20,2019/10/21,0,,90
Musico Peydro Apartments,3765069,Apartamentos,Valencia,1,1,€ 188,2019/10/20,2019/10/21,0,"8,2",90
Friendly Rentals Puerto Deportivo,2317861,Apartamentos,Valencia,1,1,€ 120,2019/10/20,2019/10/21,0,"8,2",90
Living Valencia - Olympia House,2215435,Apartamentos,Valencia,1,1,NA,2019/10/20,2019/10/21,0,"8,7",90
United Colors of Apartments - Catedral,1301545,Apartamentos,Valencia,1,1,€ 69,2019/10/20,2019/10/21,0,"8,1",90
Valencia Apartmans El Carmen,847910,Apartamentos,Valencia,1,1,€ 103,2019/10/20,2019/10/21,0,"7,3",90
Palau de Palomar,471283,Apartamentos,Valencia,1,1,€ 109,2019/10/20,2019/10/21,0,"9,2",90
Vlc Apartaments el Carmen,389902,Apartamentos,Valencia,1,1,€ 220,2019/10/20,2019/10/21,0,"8,2",90
OCEANOGRAFIC APARTMENT. PARKING. WI-FI,3107716,Apartamentos,Valencia,1,1,€ 100,2019/10/20,2019/10/21,0,"9,1",90
Biopark View Apartment,2381901,Apartamento,Valencia,1,1,€ 102,2019/10/20,2019/10/21,0,"8,9",90
Tramontana Apartments,1277215,Apartamentos,Valencia,1,1,NA,2019/10/20,2019/10/21,0,9,90
Friendly Rentals Schubert,1634221,Apartamentos,Valencia,1,1,€ 125,2019/10/20,2019/10/21,0,"8,9",90
València Centre Torres de Quart,886289,Apartamentos,Valencia,1,1,€ 73,2019/10/20,2019/10/21,0,"8,9",90
Valenciaflats Ciudad de las Ciencias,93676,Apartamentos,Valencia,1,1,€ 120,2019/10/20,2019/10/21,0,"9,1",90
Friendly Rentals Torrealba,1634243,Apartamento,Valencia,1,1,€ 145,2019/10/20,2019/10/21,0,"9,3",90
HQ Rooms Apartments San Vicente,2894429,Apartamentos,Valencia,1,1,€ 125,2019/10/20,2019/10/21,0,"9,3",90
Citizentral Gascons,332095,Apartamentos,Valencia,1,1,€ 72,2019/10/20,2019/10/21,0,"8,7",90
Total Valencia Center,1239711,Apartamentos,Valencia,1,1,NA,2019/10/20,2019/10/21,0,"8,4",90
Mediterranean Flats Plaza Redonda,4086496,Apartamentos,Valencia,1,1,€ 145,2019/10/20,2019/10/21,0,"9,2",90
Mon Suites Catedral,485679,Apartamentos,Valencia,1,1,€ 107,2019/10/20,2019/10/21,0,"9,2",90
Friendly Rentals Pergolesi,1634240,Apartamentos,Valencia,1,1,€ 135,2019/10/20,2019/10/21,0,"8,5",90
Mon Suites San Martin,2777545,Apartamentos,Valencia,1,1,€ 120,2019/10/20,2019/10/21,0,"9,4",90
Hi Valencia Apartments - Jorge Juan,2373701,Apartamento,Valencia,1,1,€ 120,2019/10/20,2019/10/21,0,"9,4",90
Friendly Rentals Verdi 2,2523881,Apartamento,Valencia,1,1,€ 140,2019/10/20,2019/10/21,0,"8,9",90
SingularStays Mercado Central,1119829,Apartamentos,Valencia,1,1,NA,2019/10/20,2019/10/21,0,"8,4",90
Friendly Rentals Gimenez,1634242,Apartamento,Valencia,1,1,€ 160,2019/10/20,2019/10/21,0,"8,2",90
Mon Suites San Nicolas,4117225,Apartamentos,Valencia,1,1,€ 97,2019/10/20,2019/10/21,0,"9,1",90
Live in Chianti Apartaments,2882632,Apartamentos,Valencia,1,1,€ 128,2019/10/20,2019/10/21,0,"9,1",90
Apartamentos Wallace,1698355,Apartamentos,Valencia,1,1,€ 97,2019/10/20,2019/10/21,0,"9,2",90
Friendly Rentals Gala,1634252,Apartamento,Valencia,1,1,€ 175,2019/10/20,2019/10/21,0,9,90
Bubuflats Bubu 5,1283519,Apartamento,Valencia,1,1,€ 95,2019/10/20,2019/10/21,0,"9,1",90
BUBUFLATS Mossén,1141763,Apartamentos,Valencia,1,1,€ 90,2019/10/20,2019/10/21,0,"8,9",90
Citizentral Juristas,1113127,Apartamentos,Valencia,1,1,€ 91,2019/10/20,2019/10/21,0,"9,2",90
BUBUFLATS / Mercat,783206,Apartamentos,Valencia,1,1,€ 90,2019/10/20,2019/10/21,0,"8,9",90
Apartamentos Edificio Palomar,189277,Apartamentos,Valencia,1,1,€ 99,2019/10/20,2019/10/21,0,"9,2",90
Valenciaflats Centro Ciudad,18544,Apartamentos,Valencia,1,1,€ 97,2019/10/20,2019/10/21,0,"9,1",90
Cozy apartment in Valencia center,3402135,Apartamentos,Valencia,1,1,€ 241,2019/10/20,2019/10/21,0,"9,2",90
Apartamentos La más Bonita,2816245,Apartamentos,Valencia,1,1,€ 104,2019/10/20,2019/10/21,0,"9,1",90
Apartments Downtown Valencia,2250421,Apartamentos,Valencia,1,1,€ 190,2019/10/20,2019/10/21,0,"9,6",90
Hotel Malcom and Barret,483261,Hotel,Valencia,1,1,€ 59,2019/10/20,2019/10/21,3,"8,7",90
Ilunion Valencia 3,92818,Hotel,Valencia,1,1,€ 67,2019/10/20,2019/10/21,3,"7,9",90
B&B Hotel Valencia Ciudad de las Ciencias,92242,Hotel,Valencia,1,1,€ 56,2019/10/20,2019/10/21,3,"7,5",90
Hotel Beleret,94652,Hotel,Valencia,1,1,€ 46,2019/10/20,2019/10/21,3,"7,6",90
Apartamento luminoso y acogedor,3489126,Apartamento,Valencia,1,1,€ 78,2019/10/20,2019/10/21,0,"9,6",90
Valencian Apartment,2298621,Apartamento,Valencia,1,1,€ 105,2019/10/20,2019/10/21,0,9,90
Vivaldi Penthouse Ayuntamiento,1289561,Apartamento,Valencia,1,1,NA,2019/10/20,2019/10/21,0,"9,1",90
Casita Esmeralda,2040126,Casa o chalet,Valencia,1,1,€ 114,2019/10/20,2019/10/21,0,"6,3",90
UNIK. Apartments Valencia,2241282,Apartamentos,Valencia,1,1,€ 55,2019/10/20,2019/10/21,0,"8,5",90
Una Ubicacion Perfecta,3114164,Apartamentos,Valencia,1,1,€ 90,2019/10/20,2019/10/21,0,"9,1",90
El 16 Ruzafa,865461,Apartamentos,Valencia,1,1,€ 79,2019/10/20,2019/10/21,0,"7,7",90
Zerka Centro,4425975,Apartamentos,Valencia,1,1,€ 199,2019/10/20,2019/10/21,0,"8,5",90
Ático cerca del mar,4040503,Apartamento,Valencia,1,1,€ 75,2019/10/20,2019/10/21,0,"8,4",90
Living Valencia -Correos,3062274,Apartamentos,Valencia,1,1,NA,2019/10/20,2019/10/21,0,"8,4",90
5 SENSES,3786890,Apartamento,Valencia,1,1,€ 111,2019/10/20,2019/10/21,0,"9,2",90
NWT Central Station Apartments,3964093,Apartamento,Valencia,1,1,€ 300,2019/10/20,2019/10/21,0,"8,4",90
Mar & City Apartment,3456759,Apartamento,Valencia,1,1,€ 190,2019/10/20,2019/10/21,0,"8,9",90
Valenciaflats Mercado Central,307677,Apartamentos,Valencia,1,1,€ 87,2019/10/20,2019/10/21,0,9,90
Friendly Rentals Nyman,3245521,Apartamento,Valencia,1,1,€ 125,2019/10/20,2019/10/21,0,"8,9",90
Malvarrosa Calle Pavia,3608764,Casa o chalet,Valencia,1,1,€ 271,2019/10/20,2019/10/21,0,"8,3",90
SingularStays San Vicente,1423172,Apartamentos,Valencia,1,1,NA,2019/10/20,2019/10/21,0,"8,9",90
Apartamentos Plaza Picasso,97063,Apartamentos,Valencia,1,1,€ 52,2019/10/20,2019/10/21,0,"8,4",90
Perla Apartments,3146781,Apartamentos,Valencia,1,1,€ 127,2019/10/20,2019/10/21,0,"8,8",90
Valencia Luxury Attics Ayuntamiento,337092,Apartamentos,Valencia,1,1,€ 220,2019/10/20,2019/10/21,0,"7,5",90
Apartamentos Naranja y Limòn,2250906,Apartamentos,Valencia,1,1,€ 100,2019/10/20,2019/10/21,0,"9,3",90
SHF Plaza de la Reina,1682520,Apartamentos,Valencia,1,1,€ 75,2019/10/20,2019/10/21,0,"7,7",90
Best Valencia Beach Flat,3246772,Apartamento,Valencia,1,1,€ 192,2019/10/20,2019/10/21,0,"7,1",90
Apartments Trinitarios,364825,Apartamentos,Valencia,1,1,NA,2019/10/20,2019/10/21,0,"8,9",90
Zerka Sendra,4657122,Apartamento,Valencia,1,1,€ 301,2019/10/20,2019/10/21,0,"8,9",90
RUZAFA. Nice apartment and Terrace.,4368595,Apartamento,Valencia,1,1,€ 88,2019/10/20,2019/10/21,0,"9,3",90
Apartamento centro frente a Torres de Serrano,3408067,Apartamento,Valencia,1,1,€ 130,2019/10/20,2019/10/21,0,"9,5",90
Duplex en Blasco Ibáñez,3672426,Apartamento,Valencia,1,1,€ 155,2019/10/20,2019/10/21,0,"9,1",90
Ca Carmela,2466364,Casa o chalet,Valencia,1,1,€ 250,2019/10/20,2019/10/21,0,"8,9",90
Apartamento Torres,4058792,Apartamento,Valencia,1,1,€ 126,2019/10/20,2019/10/21,0,"8,8",90
Apartamentos City Beach Valencia,371275,Apartamentos,Valencia,1,1,NA,2019/10/20,2019/10/21,0,"8,6",90
Forn desamparats,2380447,Apartamento,Valencia,1,1,€ 105,2019/10/20,2019/10/21,0,"9,4",90
APARTAMENTO CENTRICO. WI-FI. PARKING,2967593,Apartamento,Valencia,1,1,€ 100,2019/10/20,2019/10/21,0,"9,3",90
Patacona Resort Apartments,189782,Apartamentos,Valencia,1,1,€ 63,2019/10/20,2019/10/21,0,"7,8",90
Austria 4,1605997,Apartamentos,Valencia,1,1,€ 62,2019/10/20,2019/10/21,0,9,90
OCEANOGRAFIC DELUXE- PARKING- WI-FI,4095746,Apartamento,Valencia,1,1,€ 100,2019/10/20,2019/10/21,0,"9,2",90
Loft Superior el Carmen,2784473,Apartamento,Valencia,1,1,€ 212,2019/10/20,2019/10/21,0,"9,5",90
Travel Habitat - Centro,782385,Apartamentos,Valencia,1,1,NA,2019/10/20,2019/10/21,0,"8,8",90
Atico de Lujo,2142556,Apartamento,Valencia,1,1,€ 110,2019/10/20,2019/10/21,0,"9,2",90
Casa La Buhardilla,2985364,Apartamento,Valencia,1,1,€ 97,2019/10/20,2019/10/21,0,"9,6",90
Piso luminoso cerca de la playa,3583906,Apartamento,Valencia,1,1,€ 80,2019/10/20,2019/10/21,0,"8,6",90
Pio XII Apartments Valencia,402080,Apartamentos,Valencia,1,1,€ 60,2019/10/20,2019/10/21,0,"8,5",90
Arena's Apartament,2156905,Apartamento,Valencia,1,1,€ 200,2019/10/20,2019/10/21,0,"9,2",90
Malvarrosa Beach,3546692,Casas y chalets,Valencia,1,1,€ 1.260,2019/10/20,2019/10/21,0,"6,9",90
Hostal Abastos,257057,Hotel,Valencia,1,1,€ 45,2019/10/20,2019/10/21,2,"8,2",90
Cosy Rooms Embajador,369728,Hotel,Valencia,1,1,€ 54,2019/10/20,2019/10/21,2,"7,4",90
Malvarrosa Beach Rooms,314048,Hotel,Valencia,1,1,€ 80,2019/10/20,2019/10/21,2,"7,1",90
Casual de la Música Valencia,273130,Hotel,Valencia,1,1,€ 46,2019/10/20,2019/10/21,2,"7,4",90
Hostal El Cid,309465,Hotel,Valencia,1,1,€ 30,2019/10/20,2019/10/21,2,"7,5",90
Ad Hoc Carmen,1173270,Hotel,Valencia,1,1,€ 75,2019/10/20,2019/10/21,2,"8,9",90
Cosy Rooms Tapinería,371192,Hotel,Valencia,1,1,€ 56,2019/10/20,2019/10/21,2,"7,5",90
Cosy Rooms Bolsería,371606,Hotel,Valencia,1,1,€ 58,2019/10/20,2019/10/21,2,"7,4",90
Hotel Miramar,23332,Hotel,Valencia,1,1,€ 75,2019/10/20,2019/10/21,2,"8,4",90
Casual del Cine Valencia,572187,Hotel,Valencia,1,1,€ 78,2019/10/20,2019/10/21,2,"8,6",90
Sweet Hotel Continental,93856,Hotel,Valencia,1,1,€ 69,2019/10/20,2019/10/21,2,"8,3",90
Kirei Apartment San Agustin,1712323,Apartamentos,Valencia,1,1,€ 161,2019/10/20,2019/10/21,0,"6,4",90
