name,propertyId,propertyType,city,rooms,days,price,checkIn,checkOut,stars,score,advance
Casita bonita con piscina y jardin,5294677,Hotel,Valencia,1,1,€ 75,2019/08/01,2019/08/02,0,,7
Bonito atico en el centro,5347938,Hotel,Valencia,1,1,€ 83,2019/08/01,2019/08/02,0,,7
Apartment in the Center of Old Town,4556268,Hotel,Valencia,1,1,NA,2019/08/01,2019/08/02,0,"9,6",7
Magnífico Adosado- cerca de Valencia ciudad- en zona de montaña y playa fluvial,5354233,Hotel,Valencia,1,1,€ 89,2019/08/01,2019/08/02,0,,7
70 m2 con terraza de 20m2,5011456,Hotel,Valencia,1,1,€ 90,2019/08/01,2019/08/02,0,,7
Miresa flats 2.1A,5399747,Hotel,Valencia,1,1,€ 90,2019/08/01,2019/08/02,0,,7
Hermoso apartamento frente a la Universidad CEU,5278317,Hotel,Valencia,1,1,€ 95,2019/08/01,2019/08/02,0,,7
Casual Socarrat Valencia,5142800,Hotel,Valencia,1,1,€ 98,2019/08/01,2019/08/02,3,,7
RUSSAFLAT - Premium apartment in Valencia,5413734,Hotel,Valencia,1,1,€ 130,2019/08/01,2019/08/02,0,,7
Preciosa Casita Cerca Del Mar,4057271,Hotel,Valencia,1,1,NA,2019/08/01,2019/08/02,0,"9,7",7
Old Town Flats Casa Burguerini,4552106,Hotel,Valencia,1,1,€ 137,2019/08/01,2019/08/02,0,,7
Catedral Reina Apartaments,5348651,Hotel,Valencia,1,1,€ 140,2019/08/01,2019/08/02,0,,7
Serranos Apartment,2698760,Hotel,Valencia,1,1,€ 175,2019/08/01,2019/08/02,0,,7
Valencia Puerto Beach 3BD Apartment,5249773,Hotel,Valencia,1,1,€ 229,2019/08/01,2019/08/02,0,,7
MD POETA ANDRES CABRELLES,5385067,Hotel,Valencia,1,1,€ 231,2019/08/01,2019/08/02,0,,7
Apartamento con terraza,5238122,Hotel,Valencia,1,1,€ 240,2019/08/01,2019/08/02,0,,7
Apartment Sofi,2830696,Hotel,Valencia,1,1,NA,2019/08/01,2019/08/02,0,"9,8",7
17 PLAZA AYUNTAMIENTO-CENTRO 6p.,4093819,Hotel,Valencia,1,1,€ 249,2019/08/01,2019/08/02,0,,7
07 PLAZA DEL AYUNTAMIENTO - CENTRO 6personas,4093811,Hotel,Valencia,1,1,€ 249,2019/08/01,2019/08/02,0,,7
MD PASEO RUZAFA CENTER,5374850,Hotel,Valencia,1,1,€ 502,2019/08/01,2019/08/02,0,,7
Governor Residence,3799760,Hotel,Valencia,1,1,€ 600,2019/08/01,2019/08/02,0,,7
Gulet Why Not,5199364,Hotel,Valencia,1,1,€ 3.600,2019/08/01,2019/08/02,0,,7
Living Valencia Apartments - Merced,12120,Hotel,Valencia,1,1,€ 182,2019/08/01,2019/08/02,0,"8,3",7
Hotel Gabbeach,403586,Hotel,Valencia,1,1,€ 189,2019/08/01,2019/08/02,3,"8,4",7
Apartamento,3139431,Hotel,Valencia,1,1,NA,2019/08/01,2019/08/02,0,"9,5",7
Musico Peydro Apartments,3765069,Hotel,Valencia,1,1,€ 235,2019/08/01,2019/08/02,0,"8,2",7
MD Sueca. Apartment with Terrace Ruzafa,2551179,Hotel,Valencia,1,1,€ 513,2019/08/01,2019/08/02,0,"8,1",7
MD Vila Barbera Apartment Center,1957253,Hotel,Valencia,1,1,€ 528,2019/08/01,2019/08/02,0,"8,3",7
Center Valencia Youth Hostel,246931,Hotel,Valencia,1,1,€ 38,2019/08/01,2019/08/02,0,"7,9",7
UP Hostel Valencia,1710137,Hotel,Valencia,1,1,€ 40,2019/08/01,2019/08/02,0,"7,8",7
Pensión Universal,304276,Hotel,Valencia,1,1,€ 42,2019/08/01,2019/08/02,0,"7,9",7
ÁTICO EN EL CENTRO DE VALENCIA VT-45939-T,4752815,Hotel,Valencia,1,1,NA,2019/08/01,2019/08/02,0,"9,5",7
Hostal Moratin,326015,Hotel,Valencia,1,1,€ 48,2019/08/01,2019/08/02,1,"7,9",7
Habitación San Cayetano,4624401,Hotel,Valencia,1,1,€ 50,2019/08/01,2019/08/02,0,"7,6",7
Hospederia del Pilar,327766,Hotel,Valencia,1,1,€ 54,2019/08/01,2019/08/02,0,"7,9",7
Habitaciones Barra89,1076252,Hotel,Valencia,1,1,€ 56,2019/08/01,2019/08/02,0,"7,8",7
Valencia City Host,1177077,Hotel,Valencia,1,1,€ 56,2019/08/01,2019/08/02,0,"7,9",7
Voyagers Inn Homestay,2682156,Hotel,Valencia,1,1,€ 59,2019/08/01,2019/08/02,0,"7,8",7
Cómoda habitación Valencia,4200488,Hotel,Valencia,1,1,NA,2019/08/01,2019/08/02,0,"9,5",7
Habitacion PLaza Ayuntamiento,4365340,Hotel,Valencia,1,1,€ 60,2019/08/01,2019/08/02,0,"7,6",7
Hostal Bisbal,235665,Hotel,Valencia,1,1,€ 60,2019/08/01,2019/08/02,1,"7,5",7
Casual Civilizaciones Valencia,449777,Hotel,Valencia,1,1,€ 61,2019/08/01,2019/08/02,0,"7,9",7
Hotel Beleret,94652,Hotel,Valencia,1,1,€ 65,2019/08/01,2019/08/02,3,"7,6",7
Plaza Redonda house.,4399973,Hotel,Valencia,1,1,€ 68,2019/08/01,2019/08/02,0,"7,5",7
Hotel Turia,14441,Hotel,Valencia,1,1,€ 69,2019/08/01,2019/08/02,4,"7,5",7
Disfruta - Enjoy Valencia Ayuntamiento,4901194,Hotel,Valencia,1,1,NA,2019/08/01,2019/08/02,0,"9,9",7
OYO Pensión El Rincón,476031,Hotel,Valencia,1,1,€ 69,2019/08/01,2019/08/02,1,"7,6",7
B&B Hotel Valencia Ciudad de las Ciencias,92242,Hotel,Valencia,1,1,€ 71,2019/08/01,2019/08/02,3,"7,5",7
Barceló Valencia,91988,Hotel,Valencia,1,1,€ 110,2019/08/01,2019/08/02,4,"8,6",7
Jero Rooms,296743,Hotel,Valencia,1,1,€ 73,2019/08/01,2019/08/02,0,"7,7",7
Ilunion Valencia 3,92818,Hotel,Valencia,1,1,€ 76,2019/08/01,2019/08/02,3,"7,9",7
Cosy Rooms Tapinería,371192,Hotel,Valencia,1,1,€ 78,2019/08/01,2019/08/02,2,"7,5",7
Valencia Lounge Hostel,337203,Hotel,Valencia,1,1,€ 79,2019/08/01,2019/08/02,0,"7,8",7
Vincci Lys,91183,Hotel,Valencia,1,1,€ 110,2019/08/01,2019/08/02,4,"8,9",7
ÁTICO EN EL CENTRO DE VALENCIA VT-45939-T,4752815,Apartamento,Valencia,1,1,NA,2019/08/01,2019/08/02,0,"9,5",7
Welcomer Apartments Valencia,19363,Apartamentos,Valencia,1,1,€ 112,2019/08/01,2019/08/02,0,"8,6",7
SKY TOURISTIC ATTIC,281640,Apartamentos,Valencia,1,1,€ 113,2019/08/01,2019/08/02,0,"8,5",7
Zenit Valencia,92327,Hotel,Valencia,1,1,€ 113,2019/08/01,2019/08/02,4,"8,8",7
Centro en Valencia,2885222,Hotel,Valencia,1,1,NA,2019/08/01,2019/08/02,0,"9,5",7
Checkin Valencia,93743,Hotel,Valencia,1,1,€ 80,2019/08/01,2019/08/02,4,"7,8",7
Expo Hotel Valencia,91223,Hotel,Valencia,1,1,€ 89,2019/08/01,2019/08/02,3,"7,6",7
United Colors of Studios - Mercado Central,2574108,Hotel,Valencia,1,1,€ 89,2019/08/01,2019/08/02,0,"7,9",7
SHF Plaza de la Reina,1682520,Hotel,Valencia,1,1,€ 100,2019/08/01,2019/08/02,0,"7,7",7
SEA YOU HOTEL PORT VALENCIA,92328,Hotel,Valencia,1,1,€ 100,2019/08/01,2019/08/02,4,"7,6",7
City Center Apartments,4426057,Hotel,Valencia,1,1,€ 108,2019/08/01,2019/08/02,0,"7,8",7
Friendly Rentals Casals,1769176,Apartamento,Valencia,1,1,€ 115,2019/08/01,2019/08/02,0,"8,7",7
Vincci Palace,94163,Hotel,Valencia,1,1,€ 115,2019/08/01,2019/08/02,4,"8,6",7
Ilunion Aqua 4,92777,Hotel,Valencia,1,1,€ 116,2019/08/01,2019/08/02,4,"8,5",7
Cozy en Blanch. Center,4751079,Apartamento,Valencia,1,1,NA,2019/08/01,2019/08/02,0,"9,7",7
Rooms Ciencias,94126,Hotel,Valencia,1,1,€ 119,2019/08/01,2019/08/02,0,"8,9",7
Petit Palace Ruzafa,90792,Hotel,Valencia,1,1,€ 119,2019/08/01,2019/08/02,3,"8,7",7
Apartamento en la Ciudad de las Artes y las Ciencias,3552283,Hotel,Valencia,1,1,NA,2019/08/01,2019/08/02,0,"9,5",7
El 16 Ruzafa,865461,Hotel,Valencia,1,1,€ 114,2019/08/01,2019/08/02,0,"7,7",7
Torres Quart,3702234,Hotel,Valencia,1,1,€ 123,2019/08/01,2019/08/02,0,"7,7",7
Quart Youth Hostel,476418,Hotel,Valencia,1,1,€ 120,2019/08/01,2019/08/02,0,"8,7",7
AC Hotel Colon Valencia- a Marriott Lifestyle Hotel,1117150,Hotel,Valencia,1,1,€ 124,2019/08/01,2019/08/02,4,"8,6",7
Carrer del Músic Peydró- 46 Apartament 5,4216247,Hotel,Valencia,1,1,€ 125,2019/08/01,2019/08/02,0,"7,9",7
Boutique Creative Rooms,2334726,Hotel,Valencia,1,1,€ 126,2019/08/01,2019/08/02,0,"8,7",7
Flatsforyou Marina,1793012,Apartamentos,Valencia,1,1,€ 130,2019/08/01,2019/08/02,0,"8,7",7
Casa Calle Conquista,4691493,Apartamento,Valencia,1,1,NA,2019/08/01,2019/08/02,0,"9,6",7
City Center Apartment,5084891,Hotel,Valencia,1,1,€ 135,2019/08/01,2019/08/02,0,"7,8",7
Suites by Eric Olsan (L),4287413,Hotel,Valencia,1,1,€ 140,2019/08/01,2019/08/02,0,"7,7",7
Valencia Luxury Central Market,1078335,Hotel,Valencia,1,1,€ 165,2019/08/01,2019/08/02,0,"7,5",7
El Globo,24498,Hotel,Valencia,1,1,€ 180,2019/08/01,2019/08/02,1,"7,8",7
Friendly rentals Enesco Beach,2526514,Hotel,Valencia,1,1,€ 185,2019/08/01,2019/08/02,0,"7,9",7
BUBUFLATS Mossén,1141763,Apartamentos,Valencia,1,1,€ 130,2019/08/01,2019/08/02,0,"8,9",7
Flatsforyou Mercat,1367507,Apartamentos,Valencia,1,1,€ 131,2019/08/01,2019/08/02,3,"8,9",7
Valencia Luxury Attics Ayuntamiento,337092,Hotel,Valencia,1,1,€ 190,2019/08/01,2019/08/02,0,"7,5",7
Living Valencia - Patacona Beach 40,4049287,Hotel,Valencia,1,1,€ 202,2019/08/01,2019/08/02,0,"7,8",7
MD Art Apartment Ruzafa,2550955,Hotel,Valencia,1,1,€ 387,2019/08/01,2019/08/02,0,"7,7",7
MD Oliag I Apartment Ruzafa,2867488,Hotel,Valencia,1,1,€ 513,2019/08/01,2019/08/02,0,"7,7",7
Guest House Samuel Ros,4161855,Hotel,Valencia,1,1,€ 35,2019/08/01,2019/08/02,0,"7,4",7
Guest House Lebon,3124256,Hotel,Valencia,1,1,€ 35,2019/08/01,2019/08/02,0,7,7
BUBUFLATS / Mercat,783206,Apartamentos,Valencia,1,1,€ 135,2019/08/01,2019/08/02,0,"8,9",7
Zerka Centro,4425975,Apartamentos,Valencia,1,1,€ 139,2019/08/01,2019/08/02,0,"8,5",7
SHF GRANADA,4747836,Apartamento,Valencia,1,1,€ 140,2019/08/01,2019/08/02,0,"8,5",7
Friendly Rentals Strauss,1634236,Apartamento,Valencia,1,1,€ 140,2019/08/01,2019/08/02,0,"8,8",7
Central apartment,4597029,Apartamento,Valencia,1,1,NA,2019/08/01,2019/08/02,0,"9,5",7
SH Valencia Palace,91497,Hotel,Valencia,1,1,€ 140,2019/08/01,2019/08/02,5,"8,5",7
ValentiaApartments - MercadoCentral,4185241,Apartamentos,Valencia,1,1,€ 144,2019/08/01,2019/08/02,0,"8,7",7
Puerta de Serranos,2734333,Apartamentos,Valencia,1,1,€ 170,2019/08/01,2019/08/02,0,"8,7",7
Carlos & Ana,2079019,Apartamento,Valencia,1,1,€ 175,2019/08/01,2019/08/02,0,"8,9",7
Malvarrosa Beach Apartment,1336847,Apartamento,Valencia,1,1,€ 175,2019/08/01,2019/08/02,0,"8,9",7
La Flamenca,818359,Hotel,Valencia,1,1,€ 45,2019/08/01,2019/08/02,0,"7,3",7
Hostal Residencial RR,450746,Hotel,Valencia,1,1,€ 50,2019/08/01,2019/08/02,0,7,7
PISO ACOGEDOR,4995780,Hotel,Valencia,1,1,€ 50,2019/08/01,2019/08/02,0,"7,1",7
Apartment de las Ciencias,2287125,Hotel,Valencia,1,1,€ 59,2019/08/01,2019/08/02,0,"7,1",7
Hospes Palau de La Mar,93823,Hotel,Valencia,1,1,€ 207,2019/08/01,2019/08/02,5,"8,8",7
Apartment in the Center of Old Town,4556268,Apartamento,Valencia,1,1,NA,2019/08/01,2019/08/02,0,"9,6",7
The Westin Valencia,93321,Hotel,Valencia,1,1,€ 208,2019/08/01,2019/08/02,5,"8,7",7
Mar & City Apartment,3456759,Apartamento,Valencia,1,1,€ 231,2019/08/01,2019/08/02,0,"8,9",7
Valencia Luxury Alma Palace,1381946,Apartamento,Valencia,1,1,€ 265,2019/08/01,2019/08/02,0,"8,9",7
SingularStays Parque Central,3054000,Apartamentos,Valencia,1,1,€ 265,2019/08/01,2019/08/02,0,"8,8",7
Apartamentos Dormavalencia,4450983,Apartamentos,Valencia,1,1,€ 273,2019/08/01,2019/08/02,0,"8,6",7
Habitacion en Valencia Barata,4861796,Hotel,Valencia,1,1,€ 38,2019/08/01,2019/08/02,0,"8,2",7
la casita,4333253,Apartamento,Valencia,1,1,NA,2019/08/01,2019/08/02,0,"9,8",7
Habitaciones en el corazón de Valencia,4138765,Hotel,Valencia,1,1,€ 40,2019/08/01,2019/08/02,0,"8,4",7
B&B Hi Valencia Canovas,305349,Hotel,Valencia,1,1,€ 49,2019/08/01,2019/08/02,0,"8,4",7
Hostal Abastos,257057,Hotel,Valencia,1,1,€ 50,2019/08/01,2019/08/02,2,"8,2",7
HOSPEDAJE PESET,4718074,Hotel,Valencia,1,1,€ 50,2019/08/01,2019/08/02,0,"8,2",7
Dormavalencia Hostel,249585,Hotel,Valencia,1,1,€ 53,2019/08/01,2019/08/02,1,"8,2",7
Nanit Valencia Hostel,3913497,Hotel,Valencia,1,1,€ 59,2019/08/01,2019/08/02,0,"8,3",7
Residencia Universitaria Damia Bonet,247451,Hotel,Valencia,1,1,€ 59,2019/08/01,2019/08/02,0,"8,4",7
Pension MonaLisa Luxury Suites,3834224,Hotel,Valencia,1,1,€ 60,2019/08/01,2019/08/02,0,"8,2",7
Reina 12,1684198,Hotel,Valencia,1,1,€ 60,2019/08/01,2019/08/02,0,"8,3",7
Apartamentos Valencia,1007682,Apartamentos,Valencia,1,1,€ 60,2019/08/01,2019/08/02,0,"8,2",7
Red Nest Hostel,92283,Hotel,Valencia,1,1,€ 61,2019/08/01,2019/08/02,0,"8,2",7
L'Otelet By Sweet,1467935,Hotel,Valencia,1,1,€ 64,2019/08/01,2019/08/02,0,"8,4",7
Alquiler Habitacion Centro De Valencia,3977106,Hotel,Valencia,1,1,€ 65,2019/08/01,2019/08/02,0,"8,1",7
Urban Youth Hostel,1163025,Hotel,Valencia,1,1,€ 65,2019/08/01,2019/08/02,0,"8,4",7
Purple Nest Hostel,25278,Hotel,Valencia,1,1,€ 67,2019/08/01,2019/08/02,0,8,7
Valero Vintage,3315727,Hotel,Valencia,1,1,€ 68,2019/08/01,2019/08/02,0,8,7
Sweet Hotel Continental,93856,Hotel,Valencia,1,1,€ 69,2019/08/01,2019/08/02,2,"8,3",7
United Colors of Apartments Boutique Style,5372347,Apartamentos,Valencia,1,1,€ 94,2019/08/01,2019/08/02,0,10,7
L'Esplai Valencia Bed & Breakfast,1282556,Hotel,Valencia,1,1,€ 81,2019/08/01,2019/08/02,0,"9,6",7
Luxury Center Plaza Redonda,5138960,Apartamento,Valencia,1,1,NA,2019/08/01,2019/08/02,0,10,7
Opera House Valencia B&B,3533887,Hotel,Valencia,1,1,€ 89,2019/08/01,2019/08/02,0,"9,5",7
Olympia Flats,4212801,Hotel,Valencia,1,1,€ 60,2019/08/01,2019/08/02,0,"9,7",7
Ramirez Flats & Bar,4124528,Apartahotel,Valencia,1,1,€ 125,2019/08/01,2019/08/02,0,"9,5",7
Barracart Apartments,2125836,Apartamentos,Valencia,1,1,€ 126,2019/08/01,2019/08/02,0,"9,6",7
Bubuflats Bubu 3,1014334,Apartamentos,Valencia,1,1,€ 135,2019/08/01,2019/08/02,0,"9,6",7
Dormavalencia Hostel Regne,291755,Hotel,Valencia,1,1,€ 70,2019/08/01,2019/08/02,1,8,7
Disfruta - Enjoy Valencia Centre,3881970,Apartamento,Valencia,1,1,€ 139,2019/08/01,2019/08/02,0,"9,8",7
VALENCIA APARTAMENTO GOYA,4256653,Apartamento,Valencia,1,1,NA,2019/08/01,2019/08/02,0,10,7
Molinell,2017573,Apartamento,Valencia,1,1,€ 141,2019/08/01,2019/08/02,0,"9,5",7
Cantagua Hostel,4074640,Hotel,Valencia,1,1,€ 24,2019/08/01,2019/08/02,0,"9,1",7
Habitación privada a 1500 metros de la playa,3789910,Hotel,Valencia,1,1,€ 60,2019/08/01,2019/08/02,0,"9,4",7
City Garden Bed and Breakfast,2204361,Hotel,Valencia,1,1,€ 73,2019/08/01,2019/08/02,0,"9,4",7
Host & Home,1663785,Hotel,Valencia,1,1,€ 79,2019/08/01,2019/08/02,0,9,7
Hostal Venecia,92883,Hotel,Valencia,1,1,€ 84,2019/08/01,2019/08/02,2,"9,1",7
Hostal Antigua Morellana,1273937,Hotel,Valencia,1,1,NA,2019/08/01,2019/08/02,1,"9,5",7
Valenciaflats Centro Ciudad,18544,Apartamentos,Valencia,1,1,€ 85,2019/08/01,2019/08/02,0,"9,1",7
Casual de la Música Valencia,273130,Hotel,Valencia,1,1,€ 68,2019/08/01,2019/08/02,2,"7,4",7
Cosy Rooms Bolsería,371606,Hotel,Valencia,1,1,€ 74,2019/08/01,2019/08/02,2,"7,4",7
Valencia centro historico,3354779,Apartamento,Valencia,1,1,NA,2019/08/01,2019/08/02,0,"9,5",7
Cosy Rooms Embajador,369728,Hotel,Valencia,1,1,€ 74,2019/08/01,2019/08/02,2,"7,4",7
Central Station Valencia Hostel,1647017,Hotel,Valencia,1,1,€ 79,2019/08/01,2019/08/02,0,"7,1",7
Centro Valencia Calle Cerrajeros,3476261,Hotel,Valencia,1,1,€ 80,2019/08/01,2019/08/02,0,7,7
HOSTAL BED OF THE SEA,3974636,Hotel,Valencia,1,1,€ 82,2019/08/01,2019/08/02,0,7,7
Homestay & OLEE,4132920,Hotel,Valencia,1,1,€ 85,2019/08/01,2019/08/02,0,"7,4",7
NWT Monserrat,3728842,Apartamentos,Valencia,1,1,€ 94,2019/08/01,2019/08/02,0,"7,1",7
Valencian Dreams,3268804,Apartamento,Valencia,1,1,NA,2019/08/01,2019/08/02,0,"9,7",7
Valencia Apartments,4367788,Apartamentos,Valencia,1,1,€ 96,2019/08/01,2019/08/02,0,"7,1",7
Kirei Apartment Na Jordana,1702092,Apartamentos,Valencia,1,1,€ 98,2019/08/01,2019/08/02,0,7,7
Premium Apartments,486507,Apartamentos,Valencia,1,1,€ 109,2019/08/01,2019/08/02,0,7,7
Habitación doble,3599930,Hotel,Valencia,1,1,€ 90,2019/08/01,2019/08/02,0,9,7
Citizentral Juristas,1113127,Apartamentos,Valencia,1,1,€ 94,2019/08/01,2019/08/02,0,"9,2",7
Sorolla Centro,90896,Hotel,Valencia,1,1,€ 99,2019/08/01,2019/08/02,3,"9,1",7
Malvarrosa Beach Rooms,314048,Hotel,Valencia,1,1,€ 110,2019/08/01,2019/08/02,2,"7,1",7
B&B El Mercat,2203530,Hotel,Valencia,1,1,€ 120,2019/08/01,2019/08/02,0,"7,3",7
HQ Rooms Apartments San Vicente,2894429,Apartamentos,Valencia,1,1,€ 99,2019/08/01,2019/08/02,0,"9,3",7
OttoH Charm Stay,2459807,Hotel,Valencia,1,1,€ 99,2019/08/01,2019/08/02,0,"9,3",7
Loft Superior el Carmen,2784473,Apartamento,Valencia,1,1,NA,2019/08/01,2019/08/02,0,"9,5",7
Hotel Valencia Alameda,4019381,Hotel,Valencia,1,1,€ 99,2019/08/01,2019/08/02,4,"9,4",7
MD Design Hotel - Portal del Real,2391685,Hotel,Valencia,1,1,€ 107,2019/08/01,2019/08/02,2,"9,1",7
La casita de Palomar,2132386,Apartamentos,Valencia,1,1,€ 109,2019/08/01,2019/08/02,0,"9,4",7
MYR Hotel Plaza Mercado & Spa,1619029,Apartahotel,Valencia,1,1,€ 109,2019/08/01,2019/08/02,0,"9,1",7
Mon Suites San Nicolas,4117225,Apartamentos,Valencia,1,1,€ 111,2019/08/01,2019/08/02,0,"9,1",7
MARQUÉS HOUSE 4* SUP,2118880,Hotel,Valencia,1,1,€ 114,2019/08/01,2019/08/02,4,"9,4",7
Disfruta - Enjoy Valencia Ayuntamiento,4901194,Apartamento,Valencia,1,1,NA,2019/08/01,2019/08/02,0,"9,9",7
Valencia Apartmans El Carmen,847910,Apartamentos,Valencia,1,1,€ 123,2019/08/01,2019/08/02,0,"7,3",7
Tranvia a la Playa Malvarrosa,3183912,Apartamento,Valencia,1,1,NA,2019/08/01,2019/08/02,0,"9,5",7
LaikaHome,3867990,Hotel,Valencia,1,1,€ 135,2019/08/01,2019/08/02,0,7,7
Valencia Luxury Town Hall,866934,Apartamentos,Valencia,1,1,€ 160,2019/08/01,2019/08/02,0,"7,1",7
Kirei Apartment En Llop,1765516,Apartamentos,Valencia,1,1,€ 161,2019/08/01,2019/08/02,0,"7,1",7
Valencia Luxury Catedral,440778,Apartamentos,Valencia,1,1,€ 165,2019/08/01,2019/08/02,0,"7,2",7
Valencia Luxury Group Apartments,1648016,Apartamentos,Valencia,1,1,€ 180,2019/08/01,2019/08/02,0,"7,3",7
Valencia Boutique Ayuntamiento,343355,Apartamentos,Valencia,1,1,€ 190,2019/08/01,2019/08/02,0,"7,2",7
Apartment Cabanyal,3172456,Apartamento,Valencia,1,1,NA,2019/08/01,2019/08/02,0,"9,8",7
feliz como en casa,3676196,Hotel,Valencia,1,1,€ 36,2019/08/01,2019/08/02,0,"6,9",7
Habitación en Colon,2246576,Hotel,Valencia,1,1,€ 55,2019/08/01,2019/08/02,0,"6,8",7
Apartment Valencia Denia,1968489,Apartamentos,Valencia,1,1,€ 99,2019/08/01,2019/08/02,0,"6,9",7
Las casitas de la playa,3177809,Apartamentos,Valencia,1,1,€ 168,2019/08/01,2019/08/02,0,"6,9",7
Valencia Boutique Center,387770,Apartamentos,Valencia,1,1,€ 170,2019/08/01,2019/08/02,0,"6,9",7
Apartamento para 10 personas,5029963,Apartamento,Valencia,1,1,€ 200,2019/08/01,2019/08/02,0,"6,8",7
Apartamento centro,3160737,Apartamento,Valencia,1,1,NA,2019/08/01,2019/08/02,0,"9,7",7
Fun and Sun Center 2,2944416,Hotel,Valencia,1,1,€ 45,2019/08/01,2019/08/02,0,"6,3",7
City/Beach (Arts & Science Museum),3339780,Apartamento,Valencia,1,1,€ 119,2019/08/01,2019/08/02,0,"6,2",7
Kirei Apartment San Agustin,1712323,Apartamentos,Valencia,1,1,€ 184,2019/08/01,2019/08/02,0,"6,4",7
RoomTuristValencia - Ruzafa,4608394,Hotel,Valencia,1,1,€ 40,2019/08/01,2019/08/02,0,"5,9",7
RoomTuristValencia Estacion del Norte,4682632,Hotel,Valencia,1,1,€ 45,2019/08/01,2019/08/02,0,"5,5",7
Ruzafa Guesthouse,2269176,Hotel,Valencia,1,1,€ 45,2019/08/01,2019/08/02,0,"5,6",7
Apartamento,3139431,Apartamento,Valencia,1,1,NA,2019/08/01,2019/08/02,0,"9,5",7
Guest House Torres de Quart,2275006,Hotel,Valencia,1,1,€ 50,2019/08/01,2019/08/02,0,"5,5",7
Carrer del Bisbe Jaume Pérez,4900140,Hotel,Valencia,1,1,€ 60,2019/08/01,2019/08/02,0,"5,8",7
Home Sweet Home,1223953,Hotel,Valencia,1,1,€ 60,2019/08/01,2019/08/02,0,"5,6",7
OLD TOWN VALENCIA,5160686,Hotel,Valencia,1,1,€ 63,2019/08/01,2019/08/02,0,"5,9",7
Oliver,4865093,Hotel,Valencia,1,1,€ 73,2019/08/01,2019/08/02,0,"5,6",7
Guest House Duc de Gaeta,2275007,Hotel,Valencia,1,1,€ 43,2019/08/01,2019/08/02,0,"5,1",7
Guesthouse Plaza de Toros,2985902,Hotel,Valencia,1,1,€ 48,2019/08/01,2019/08/02,0,5,7
RoomTuristValencia RuzafaSumsi,4682802,Hotel,Valencia,1,1,€ 50,2019/08/01,2019/08/02,0,5,7
Guest House Ruzafa,2324552,Hotel,Valencia,1,1,€ 55,2019/08/01,2019/08/02,0,"5,3",7
Kirei Apartment Berlin,4504570,Apartamentos,Valencia,1,1,€ 137,2019/08/01,2019/08/02,0,"5,4",7
RoomTuristValencia Torres de Quart,4565643,Hotel,Valencia,1,1,€ 45,2019/08/01,2019/08/02,0,"4,8",7
Kirei Apartment Atlanta,4304662,Apartamento,Valencia,1,1,€ 208,2019/08/01,2019/08/02,0,"4,5",7
Apartamento Islas Canarias,2304086,Apartamento,Valencia,1,1,€ 84,2019/08/01,2019/08/02,0,4,7
Malvarosa,3820590,Apartamento,Valencia,1,1,€ 94,2019/08/01,2019/08/02,0,"3,9",7
Constitucion Guesthouse,2985942,Hotel,Valencia,1,1,€ 30,2019/08/01,2019/08/02,0,"3,3",7
vosotros sereis parte de mi familia.,5299568,Hotel,Valencia,1,1,€ 45,2019/08/01,2019/08/02,0,,7
Estrella de russafa,5352439,Hotel,Valencia,1,1,€ 60,2019/08/01,2019/08/02,0,,7
HABITACIÓN PRIVADA EN RUZAFA,4948581,Hotel,Valencia,1,1,€ 60,2019/08/01,2019/08/02,0,,7
Apartments Madrina,3278589,Apartamentos,Valencia,1,1,€ 115,2019/08/01,2019/08/02,0,9,7
Teixidors de Palomar,2639791,Apartamentos,Valencia,1,1,€ 119,2019/08/01,2019/08/02,0,"9,4",7
Valencia-Ruzafa Studio,3235983,Apartamento,Valencia,1,1,€ 120,2019/08/01,2019/08/02,0,"9,1",7
Mon Suites Catedral,485679,Apartamentos,Valencia,1,1,€ 120,2019/08/01,2019/08/02,0,"9,2",7
L'Arbre,3972359,Apartamento,Valencia,1,1,€ 123,2019/08/01,2019/08/02,0,"9,3",7
Vincci Mercat,1279484,Hotel,Valencia,1,1,€ 134,2019/08/01,2019/08/02,4,9,7
Colors Rooms,675839,Hotel,Valencia,1,1,NA,2019/08/01,2019/08/02,0,"9,5",7
Valenciaflats Ciudad de las Ciencias,93676,Apartamentos,Valencia,1,1,€ 135,2019/08/01,2019/08/02,0,"9,1",7
Palacio de Rojas,1073276,Apartamentos,Valencia,1,1,€ 138,2019/08/01,2019/08/02,0,"9,4",7
NH Collection Colón Valencia,3828811,Hotel,Valencia,1,1,€ 139,2019/08/01,2019/08/02,4,"9,2",7
Apartamento Panorámico- próximo Playa- Wifi-AC,4978144,Apartamento,Valencia,1,1,€ 140,2019/08/01,2019/08/02,0,"9,2",7
Casa Cosy,375456,Apartamentos,Valencia,1,1,€ 140,2019/08/01,2019/08/02,0,"9,4",7
Live in Chianti Apartaments,2882632,Apartamentos,Valencia,1,1,€ 147,2019/08/01,2019/08/02,0,"9,1",7
One Shot Mercat 09,2274203,Hotel,Valencia,1,1,€ 149,2019/08/01,2019/08/02,4,"9,2",7
Hi Valencia Cánovas,4312120,Apartamentos,Valencia,1,1,€ 150,2019/08/01,2019/08/02,0,9,7
Ruzafa V,3461391,Apartamento,Valencia,1,1,€ 160,2019/08/01,2019/08/02,0,"9,2",7
Valencia Luxury Mercado de Colón,2960845,Apartamentos,Valencia,1,1,€ 160,2019/08/01,2019/08/02,0,9,7
Hogar Vera Apartments&Bikes,1807919,Apartamentos,Valencia,1,1,€ 176,2019/08/01,2019/08/02,0,"9,4",7
Hi Valencia Apartments - Jorge Juan,2373701,Apartamento,Valencia,1,1,€ 183,2019/08/01,2019/08/02,0,"9,4",7
Hotel Boutique Balandret,1281710,Hotel,Valencia,1,1,€ 190,2019/08/01,2019/08/02,3,"9,2",7
Jardines del Turia - Espacioso apartamento,2734126,Apartamento,Valencia,1,1,€ 206,2019/08/01,2019/08/02,0,"9,2",7
Apartamentos La más Bonita,2816245,Apartamentos,Valencia,1,1,€ 207,2019/08/01,2019/08/02,0,"9,1",7
Sunrise Apartments,640409,Apartamentos,Valencia,1,1,€ 209,2019/08/01,2019/08/02,0,9,7
Olympia,3535463,Apartamento,Valencia,1,1,€ 220,2019/08/01,2019/08/02,0,"9,2",7
Arena's Apartament,2156905,Apartamento,Valencia,1,1,€ 225,2019/08/01,2019/08/02,0,"9,2",7
Caro Hotel,348132,Hotel,Valencia,1,1,€ 229,2019/08/01,2019/08/02,5,"9,2",7
Zerka Sendra,4657122,Apartamento,Valencia,1,1,€ 259,2019/08/01,2019/08/02,0,9,7
Cómoda habitación Valencia,4200488,Hotel,Valencia,1,1,NA,2019/08/01,2019/08/02,0,"9,5",7
Las Arenas Balneario Resort,91144,Hotel,Valencia,1,1,€ 297,2019/08/01,2019/08/02,5,9,7
The River Hostel,494202,Hotel,Valencia,1,1,€ 32,2019/08/01,2019/08/02,0,"8,5",7
Sabía que venias!,3543756,Hotel,Valencia,1,1,€ 55,2019/08/01,2019/08/02,0,"8,5",7
Russafa Youth Hostel,345134,Hotel,Valencia,1,1,€ 59,2019/08/01,2019/08/02,0,"8,6",7
Hulot B&B Valencia,585429,Hotel,Valencia,1,1,€ 65,2019/08/01,2019/08/02,0,"8,5",7
Namaste Rooms,3799642,Hotel,Valencia,1,1,€ 65,2019/08/01,2019/08/02,0,"8,7",7
CÓMODAS HABITACIONES CERCA DE LA PLAYA,5041799,Hotel,Valencia,1,1,NA,2019/08/01,2019/08/02,0,"9,8",7
Homestay Carrer Sagun,5006434,Hotel,Valencia,1,1,€ 65,2019/08/01,2019/08/02,0,"8,6",7
Colegio Mayor La Concepción,626558,Hotel,Valencia,1,1,€ 69,2019/08/01,2019/08/02,0,"8,7",7
Luz de Valencia,2076095,Apartamentos,Valencia,1,1,€ 69,2019/08/01,2019/08/02,0,"8,8",7
Hotel San Lorenzo Boutique,1307718,Hotel,Valencia,1,1,€ 72,2019/08/01,2019/08/02,3,"8,6",7
Carrer de l'Escriptor Rafael Ferreres,4267645,Apartamento,Valencia,1,1,€ 75,2019/08/01,2019/08/02,0,"8,7",7
Home Youth Hostel by Feetup Hostels,189322,Hotel,Valencia,1,1,€ 76,2019/08/01,2019/08/02,0,"8,8",7
Loft Superior el Carmen,2784473,Apartamento,Valencia,1,1,NA,2019/08/01,2019/08/02,0,"9,5",7
Jardín Botánico Hotel Boutique,93369,Hotel,Valencia,1,1,€ 77,2019/08/01,2019/08/02,3,"8,9",7
Valencia Suits You Citytel,1106307,Hotel,Valencia,1,1,€ 77,2019/08/01,2019/08/02,2,"8,6",7
Hotel Malcom and Barret,483261,Hotel,Valencia,1,1,€ 79,2019/08/01,2019/08/02,3,"8,7",7
Buho House,3777691,Apartahotel,Valencia,1,1,€ 79,2019/08/01,2019/08/02,0,"8,5",7
Casa del Patriarca,364834,Hotel,Valencia,1,1,€ 81,2019/08/01,2019/08/02,0,"8,9",7
Melia Valencia,290493,Hotel,Valencia,1,1,€ 81,2019/08/01,2019/08/02,4,"8,8",7
Luxury Beach House,3602594,Casa o chalet,Valencia,1,1,NA,2019/08/01,2019/08/02,0,"9,7",7
Pio XII Apartments Valencia,402080,Apartamentos,Valencia,1,1,€ 81,2019/08/01,2019/08/02,0,"8,5",7
Citizentral Gascons,332095,Apartamentos,Valencia,1,1,€ 82,2019/08/01,2019/08/02,0,"8,7",7
Hotel Kramer,91106,Hotel,Valencia,1,1,€ 82,2019/08/01,2019/08/02,3,"8,8",7
València Centre Túria,2185255,Apartamento,Valencia,1,1,€ 85,2019/08/01,2019/08/02,0,"8,8",7
Zalamera BnB,1331238,Hotel,Valencia,1,1,€ 85,2019/08/01,2019/08/02,0,"8,7",7
Lotelito,570027,Hotel,Valencia,1,1,€ 85,2019/08/01,2019/08/02,0,"8,9",7
Travel Habitat Port Valencia.,4986124,Apartamentos,Valencia,1,1,NA,2019/08/01,2019/08/02,0,"9,7",7
Casual Vintage Valencia,1710241,Hotel,Valencia,1,1,€ 86,2019/08/01,2019/08/02,2,"8,5",7
Hotel El Siglo,1741479,Hotel,Valencia,1,1,€ 87,2019/08/01,2019/08/02,3,"8,5",7
Ad Hoc Carmen,1173270,Hotel,Valencia,1,1,€ 89,2019/08/01,2019/08/02,2,"8,9",7
Sercotel Sorolla Palace,93646,Hotel,Valencia,1,1,€ 90,2019/08/01,2019/08/02,4,"8,6",7
UNIK. Apartments Valencia,2241282,Apartamentos,Valencia,1,1,€ 90,2019/08/01,2019/08/02,0,"8,5",7
Valenciaflats Mercado Central,307677,Apartamentos,Valencia,1,1,€ 95,2019/08/01,2019/08/02,0,"8,9",7
Apartments Welcome to Valencia Peset Aleixandre 69,4964856,Apartamento,Valencia,1,1,NA,2019/08/01,2019/08/02,0,"9,7",7
Ad Hoc Monumental,90719,Hotel,Valencia,1,1,€ 96,2019/08/01,2019/08/02,3,"8,6",7
Hotel Valencia Oceanic Managed by Melia Hotels International,91522,Hotel,Valencia,1,1,€ 97,2019/08/01,2019/08/02,4,"8,6",7
Petit Palace Plaza de la Reina,90443,Hotel,Valencia,1,1,€ 98,2019/08/01,2019/08/02,3,"8,7",7
Hotel Dimar,90886,Hotel,Valencia,1,1,€ 99,2019/08/01,2019/08/02,4,"8,7",7
Soho Valencia,1538641,Apartahotel,Valencia,1,1,€ 99,2019/08/01,2019/08/02,0,"8,9",7
Hotel Mediterraneo Valencia,92412,Hotel,Valencia,1,1,€ 102,2019/08/01,2019/08/02,3,"8,8",7
Casual del Cine Valencia,572187,Hotel,Valencia,1,1,€ 104,2019/08/01,2019/08/02,2,"8,6",7
B&B Hi Valencia Boutique,1301725,Hotel,Valencia,1,1,€ 104,2019/08/01,2019/08/02,0,"8,7",7
Melia Plaza Valencia,13270,Hotel,Valencia,1,1,€ 105,2019/08/01,2019/08/02,4,"8,9",7
Catalonia Excelsior,90578,Hotel,Valencia,1,1,€ 105,2019/08/01,2019/08/02,3,"8,7",7
One Shot Colón 46,1394168,Hotel,Valencia,1,1,€ 105,2019/08/01,2019/08/02,3,"8,7",7
El Palacete Gran Via,3483148,Hotel,Valencia,1,1,€ 107,2019/08/01,2019/08/02,0,"8,7",7
Suites by Eric Olsan (Florista),4726450,Apartamentos,Valencia,1,1,€ 108,2019/08/01,2019/08/02,0,"8,6",7
AC Hotel Valencia- a Marriott Lifestyle Hotel,91063,Hotel,Valencia,1,1,€ 108,2019/08/01,2019/08/02,4,"8,6",7
Blanq Carmen Hotel,97069,Hotel,Valencia,1,1,€ 108,2019/08/01,2019/08/02,3,"8,7",7
Biopark View Apartment,2381901,Apartamento,Valencia,1,1,€ 108,2019/08/01,2019/08/02,0,"8,9",7
One Shot Palacio Reina Victoria 04,90885,Hotel,Valencia,1,1,€ 109,2019/08/01,2019/08/02,4,"8,6",7
Barceló Valencia,91988,Hotel,Valencia,1,1,€ 110,2019/08/01,2019/08/02,4,"8,6",7
Hotel Olympia Universidades,1301731,Hotel,Valencia,1,1,€ 70,2019/08/01,2019/08/02,3,"8,4",7
Tryp Valencia Feria,92852,Hotel,Valencia,1,1,€ 72,2019/08/01,2019/08/02,4,"8,3",7
La seda stay,3335523,Hotel,Valencia,1,1,NA,2019/08/01,2019/08/02,0,"9,7",7
Sweet Hotel Renasa,274818,Hotel,Valencia,1,1,€ 74,2019/08/01,2019/08/02,3,8,7
Hotel Alkazar,408511,Hotel,Valencia,1,1,€ 74,2019/08/01,2019/08/02,1,8,7
Aparthotel Valencia Rental,17344,Hotel,Valencia,1,1,€ 74,2019/08/01,2019/08/02,0,8,7
Palacios Rooms,2773548,Hotel,Valencia,1,1,€ 76,2019/08/01,2019/08/02,0,"8,3",7
Eurostars Rey Don Jaime,91520,Hotel,Valencia,1,1,€ 77,2019/08/01,2019/08/02,4,"8,2",7
Hotel Sercotel Acteón Valencia,90495,Hotel,Valencia,1,1,€ 80,2019/08/01,2019/08/02,4,"8,4",7
Apartamento,3139431,Hotel,Valencia,1,1,NA,2019/08/01,2019/08/02,0,"9,5",7
Ilunion Valencia 4,754329,Hotel,Valencia,1,1,€ 80,2019/08/01,2019/08/02,4,8,7
Eurostars Gran Valencia,90484,Hotel,Valencia,1,1,€ 80,2019/08/01,2019/08/02,4,"8,3",7
NH Ciudad de Valencia,90729,Hotel,Valencia,1,1,€ 81,2019/08/01,2019/08/02,3,"8,1",7
NH Valencia Las Ciencias,90725,Hotel,Valencia,1,1,€ 81,2019/08/01,2019/08/02,3,8,7
Ilunion Aqua 3,92776,Hotel,Valencia,1,1,€ 86,2019/08/01,2019/08/02,3,"8,3",7
MD Modern Hotel - Jardines,305447,Hotel,Valencia,1,1,€ 88,2019/08/01,2019/08/02,1,"8,2",7
Colón Market Downtown,4607745,Hotel,Valencia,1,1,NA,2019/08/01,2019/08/02,0,"9,7",7
Apartamentos Plaza Picasso,97063,Hotel,Valencia,1,1,€ 89,2019/08/01,2019/08/02,0,"8,4",7
Senator Parque Central Hotel,274963,Hotel,Valencia,1,1,€ 90,2019/08/01,2019/08/02,4,"8,1",7
Flatsforyou Las Arcadias,473415,Hotel,Valencia,1,1,€ 90,2019/08/01,2019/08/02,0,"8,4",7
NH Valencia Las Artes,90731,Hotel,Valencia,1,1,€ 90,2019/08/01,2019/08/02,4,"8,3",7
Hotel Valencia Center,91285,Hotel,Valencia,1,1,€ 90,2019/08/01,2019/08/02,4,"8,4",7
City Suites Apartments,3091106,Hotel,Valencia,1,1,€ 93,2019/08/01,2019/08/02,0,"8,4",7
Apartamento Bolseria 28,881275,Hotel,Valencia,1,1,NA,2019/08/01,2019/08/02,0,"9,6",7
Happy Apartments Valencia,456043,Hotel,Valencia,1,1,€ 94,2019/08/01,2019/08/02,0,"8,2",7
NH Valencia Center,90727,Hotel,Valencia,1,1,€ 95,2019/08/01,2019/08/02,4,"8,3",7
Hotel Medium Valencia,96838,Hotel,Valencia,1,1,€ 99,2019/08/01,2019/08/02,4,"8,2",7
United Colors of Apartments - Catedral,1301545,Hotel,Valencia,1,1,€ 99,2019/08/01,2019/08/02,0,"8,2",7
SHF Flats Baron,1033085,Hotel,Valencia,1,1,€ 100,2019/08/01,2019/08/02,0,8,7
Primus Valencia,331871,Hotel,Valencia,1,1,€ 103,2019/08/01,2019/08/02,4,"8,3",7
Ayuntamiento Panoramic,3089239,Hotel,Valencia,1,1,NA,2019/08/01,2019/08/02,0,"9,5",7
Sol Playa,12656,Hotel,Valencia,1,1,€ 103,2019/08/01,2019/08/02,2,"8,3",7
Happy Apartments Valencia – Lope de Vega,575582,Hotel,Valencia,1,1,€ 104,2019/08/01,2019/08/02,0,"8,1",7
Casual de las Artes Valencia,538056,Hotel,Valencia,1,1,€ 108,2019/08/01,2019/08/02,3,"8,4",7
Calle Salado N 4,3464758,Hotel,Valencia,1,1,€ 111,2019/08/01,2019/08/02,0,"8,3",7
Suites by Eric Olsan (Peset),4726296,Hotel,Valencia,1,1,€ 111,2019/08/01,2019/08/02,0,"8,1",7
Silken Puerta Valencia,91182,Hotel,Valencia,1,1,€ 115,2019/08/01,2019/08/02,4,"8,3",7
Apartamento Centrico - Viveros,2461987,Hotel,Valencia,1,1,NA,2019/08/01,2019/08/02,0,"9,5",7
Plaza Del Carmen,1737254,Hotel,Valencia,1,1,€ 115,2019/08/01,2019/08/02,0,8,7
Apartamento Plaza Sainetero,2743838,Hotel,Valencia,1,1,€ 116,2019/08/01,2019/08/02,0,"8,2",7
APARTAMENTO LAS MELLIZAS,4651578,Hotel,Valencia,1,1,€ 59,2019/08/01,2019/08/02,0,"8,4",7
Reina's Apartment,2130930,Hotel,Valencia,1,1,€ 119,2019/08/01,2019/08/02,0,"8,4",7
Atico Ciutat Vella,3446230,Hotel,Valencia,1,1,€ 125,2019/08/01,2019/08/02,0,"8,4",7
Flatsforyou Petit Bonaire,455152,Hotel,Valencia,1,1,€ 125,2019/08/01,2019/08/02,0,"8,2",7
Friendly Rentals Gimenez,1634242,Hotel,Valencia,1,1,€ 125,2019/08/01,2019/08/02,0,"8,2",7
Apartamento Ciudad de las Artes y las Ciencias,4353552,Hotel,Valencia,1,1,€ 129,2019/08/01,2019/08/02,0,"8,4",7
Carrer de María Montessori,3272386,Hotel,Valencia,1,1,€ 129,2019/08/01,2019/08/02,0,"8,4",7
El Coso,14580,Hotel,Valencia,1,1,€ 130,2019/08/01,2019/08/02,3,"8,2",7
Hotel Conqueridor,91047,Hotel,Valencia,1,1,€ 130,2019/08/01,2019/08/02,4,"8,4",7
Friendly Rentals Puerto Deportivo,2317861,Hotel,Valencia,1,1,€ 130,2019/08/01,2019/08/02,0,"8,2",7
Living Valencia - Tetuán,3217954,Hotel,Valencia,1,1,€ 143,2019/08/01,2019/08/02,0,"8,1",7
Friendly Rentals Desplat,4120221,Hotel,Valencia,1,1,€ 150,2019/08/01,2019/08/02,0,"8,2",7
Holiday Inn Express Ciudad de las Ciencias,96737,Hotel,Valencia,1,1,€ 153,2019/08/01,2019/08/02,3,8,7
NWT Central Station Apartments,3964093,Hotel,Valencia,1,1,€ 154,2019/08/01,2019/08/02,0,"8,4",7
Living Valencia -Correos,3062274,Hotel,Valencia,1,1,€ 161,2019/08/01,2019/08/02,0,"8,4",7
Apartment Sun & Light near the beach,4479540,Hotel,Valencia,1,1,€ 175,2019/08/01,2019/08/02,0,"8,4",7
