name,propertyId,propertyType,city,rooms,days,price,checkIn,checkOut,stars,score,advance
RoomTuristValencia RuzafaSumsi,4682802,Hotel,Valencia,1,1,€ 150,2019/08/10,2019/08/11,0,5,14
Port of Valencia,3805735,Casa o chalet,Valencia,1,1,€ 150,2019/08/10,2019/08/11,0,5,14
City Center Atico 360,3025679,Apartamento,Valencia,1,1,NA,2019/08/10,2019/08/11,0,"9,6",14
Guest House Torres de Quart,2275006,Hotel,Valencia,1,1,€ 158,2019/08/10,2019/08/11,0,"5,4",14
RoomTuristValencia Estacion del Norte,4682632,Hotel,Valencia,1,1,€ 160,2019/08/10,2019/08/11,0,"5,4",14
Guesthouse Plaza de Toros,2985902,Hotel,Valencia,1,1,€ 165,2019/08/10,2019/08/11,0,5,14
Guest House Ruzafa,2324552,Hotel,Valencia,1,1,€ 175,2019/08/10,2019/08/11,0,"5,3",14
Habitación en Apartamento soleado Plaza Escultor Frechina,4865043,Hotel,Valencia,1,1,€ 55,2019/08/10,2019/08/11,0,"4,9",14
RoomTuristValencia Torres de Quart,4565643,Hotel,Valencia,1,1,€ 130,2019/08/10,2019/08/11,0,"4,8",14
Preciosa Casita Cerca Del Mar,4057271,Apartamento,Valencia,1,1,NA,2019/08/10,2019/08/11,0,"9,7",14
Apartamento Islas Canarias,2304086,Apartamento,Valencia,1,1,€ 242,2019/08/10,2019/08/11,0,4,14
Constitucion Guesthouse,2985942,Hotel,Valencia,1,1,€ 95,2019/08/10,2019/08/11,0,"3,3",14
Como en casa !!,5427108,Hotel,Valencia,1,1,€ 23,2019/08/10,2019/08/11,0,,14
Habitación muy cerca de la playa.,5395908,Hotel,Valencia,1,1,€ 40,2019/08/10,2019/08/11,0,,14
vosotros sereis parte de mi familia.,5299568,Hotel,Valencia,1,1,€ 60,2019/08/10,2019/08/11,0,,14
Acogedor apartamento en zona universitaria y playa,5414090,Casa o chalet,Valencia,1,1,€ 87,2019/08/10,2019/08/11,0,,14
Disfruta - Enjoy Valencia Oceanografic,4121345,Apartamento,Valencia,1,1,NA,2019/08/10,2019/08/11,0,"9,6",14
Miresa flats 2.1A,5399747,Apartamento,Valencia,1,1,€ 90,2019/08/10,2019/08/11,0,,14
Blanq Comedias,4922002,Hotel,Valencia,1,1,€ 99,2019/08/10,2019/08/11,0,,14
Comfort Homestay,5423155,Hotel,Valencia,1,1,€ 105,2019/08/10,2019/08/11,0,,14
Casual Socarrat Valencia,5142800,Hotel,Valencia,1,1,€ 111,2019/08/10,2019/08/11,3,,14
Loft Turia Gran,5133726,Apartamento,Valencia,1,1,€ 113,2019/08/10,2019/08/11,0,,14
Kirei Apartment Dublin,4639542,Apartamento,Valencia,1,1,€ 137,2019/08/10,2019/08/11,0,,14
Apartamento Forn dels Apòstols,3122008,Apartamento,Valencia,1,1,NA,2019/08/10,2019/08/11,0,"9,7",14
CATHEDRAL LUXURY TERRACE FLAT 2BR-2BA- A\C-Wifi,5263870,Apartamento,Valencia,1,1,€ 175,2019/08/10,2019/08/11,0,,14
Old Town Flats Casa Burguerini,4552106,Apartamentos,Valencia,1,1,€ 184,2019/08/10,2019/08/11,0,,14
Valencia Puerto Beach 3BD Apartment,5249773,Apartamento,Valencia,1,1,€ 211,2019/08/10,2019/08/11,0,,14
"Flat ""Ca Alexandre""",3687859,Apartamento,Valencia,1,1,€ 220,2019/08/10,2019/08/11,0,,14
Espaciosa y cómoda vivienda,5342327,Apartamento,Valencia,1,1,€ 238,2019/08/10,2019/08/11,0,,14
17 PLAZA AYUNTAMIENTO-CENTRO 6p.,4093819,Apartamento,Valencia,1,1,€ 249,2019/08/10,2019/08/11,0,,14
Disfruta - Enjoy Valencia Ruzafa,3890328,Apartamento,Valencia,1,1,NA,2019/08/10,2019/08/11,0,"9,7",14
MD PASEO RUZAFA CENTER,5374850,Apartamento,Valencia,1,1,€ 502,2019/08/10,2019/08/11,0,,14
Governor Residence,3799760,Apartahotel,Valencia,1,1,€ 600,2019/08/10,2019/08/11,0,,14
Gulet Why Not,5199364,Hotel,Valencia,1,1,€ 3.600,2019/08/10,2019/08/11,0,,14
BUBUFLATS / Mercat,783206,Apartamentos,Valencia,1,1,€ 130,2019/08/10,2019/08/11,0,"8,9",14
Valenciaflats Centro Histórico,94781,Apartamentos,Valencia,1,1,€ 133,2019/08/10,2019/08/11,0,"8,7",14
Travel Habitat Port Valencia.,4986124,Apartamentos,Valencia,1,1,NA,2019/08/10,2019/08/11,0,"9,7",14
Home Youth Hostel by Feetup Hostels,189322,Hotel,Valencia,1,1,€ 138,2019/08/10,2019/08/11,0,"8,8",14
Petit Palace Ruzafa,90792,Hotel,Valencia,1,1,€ 139,2019/08/10,2019/08/11,3,"8,7",14
Barceló Valencia,91988,Hotel,Valencia,1,1,€ 140,2019/08/10,2019/08/11,4,"8,6",14
AC Hotel Valencia- a Marriott Lifestyle Hotel,91063,Hotel,Valencia,1,1,€ 144,2019/08/10,2019/08/11,4,"8,6",14
Ilunion Aqua 4,92777,Hotel,Valencia,1,1,€ 144,2019/08/10,2019/08/11,4,"8,5",14
Hotel Dimar,90886,Hotel,Valencia,1,1,€ 144,2019/08/10,2019/08/11,4,"8,7",14
Oceanografic Apartment,4903549,Apartamento,Valencia,1,1,NA,2019/08/10,2019/08/11,0,"9,5",14
Valenciaflats Mercado Central,307677,Apartamentos,Valencia,1,1,€ 147,2019/08/10,2019/08/11,0,"8,9",14
Ad Hoc Carmen,1173270,Hotel,Valencia,1,1,€ 149,2019/08/10,2019/08/11,2,"8,9",14
ValentiaApartments - MercadoCentral,4185241,Apartamentos,Valencia,1,1,€ 153,2019/08/10,2019/08/11,0,"8,7",14
Hotel Valencia Oceanic Managed by Melia Hotels International,91522,Hotel,Valencia,1,1,€ 158,2019/08/10,2019/08/11,4,"8,6",14
Citizentral Gascons,332095,Apartamentos,Valencia,1,1,€ 159,2019/08/10,2019/08/11,0,"8,7",14
Vincci Palace,94163,Hotel,Valencia,1,1,€ 160,2019/08/10,2019/08/11,4,"8,6",14
ApartUP Rojas Market,4887857,Apartamento,Valencia,1,1,NA,2019/08/10,2019/08/11,0,"9,7",14
Vincci Lys,91183,Hotel,Valencia,1,1,€ 170,2019/08/10,2019/08/11,4,"8,9",14
Flatsforyou Mercat,1367507,Apartamentos,Valencia,1,1,€ 180,2019/08/10,2019/08/11,3,"8,9",14
Catalonia Excelsior,90578,Hotel,Valencia,1,1,€ 180,2019/08/10,2019/08/11,3,"8,7",14
SH Valencia Palace,91497,Hotel,Valencia,1,1,€ 180,2019/08/10,2019/08/11,5,"8,5",14
Friendly Rentals Rey,1634248,Apartamento,Valencia,1,1,€ 200,2019/08/10,2019/08/11,0,"8,9",14
Hotel San Lorenzo Boutique,1307718,Hotel,Valencia,1,1,€ 205,2019/08/10,2019/08/11,3,"8,6",14
MUVIM CENTRUM,4756065,Apartamento,Valencia,1,1,NA,2019/08/10,2019/08/11,0,"9,6",14
Hospes Palau de La Mar,93823,Hotel,Valencia,1,1,€ 216,2019/08/10,2019/08/11,5,"8,8",14
Zerka Centro,4425975,Apartamentos,Valencia,1,1,€ 229,2019/08/10,2019/08/11,0,"8,5",14
Apartments Plaza Ayuntamiento,3506736,Apartamento,Valencia,1,1,€ 230,2019/08/10,2019/08/11,0,"8,7",14
Melia Plaza Valencia,13270,Hotel,Valencia,1,1,€ 275,2019/08/10,2019/08/11,4,"8,9",14
Cathedral Suites Hotel,1736257,Apartahotel,Valencia,1,1,€ 288,2019/08/10,2019/08/11,4,"8,9",14
HOSPEDAJE PESET,4718074,Hotel,Valencia,1,1,€ 60,2019/08/10,2019/08/11,0,"8,2",14
VALENCIA APARTAMENTO GOYA GRAN TERRAZA,4660558,Apartamento,Valencia,1,1,NA,2019/08/10,2019/08/11,0,"9,8",14
Pension MonaLisa Luxury Suites,3834224,Hotel,Valencia,1,1,€ 60,2019/08/10,2019/08/11,0,"8,2",14
Alquiler Habitacion Centro De Valencia,3977106,Hotel,Valencia,1,1,€ 72,2019/08/10,2019/08/11,0,"8,1",14
Purple Nest Hostel,25278,Hotel,Valencia,1,1,€ 83,2019/08/10,2019/08/11,0,8,14
Red Nest Hostel,92283,Hotel,Valencia,1,1,€ 88,2019/08/10,2019/08/11,0,"8,2",14
Tryp Valencia Feria,92852,Hotel,Valencia,1,1,€ 89,2019/08/10,2019/08/11,4,"8,3",14
NH Valencia Las Ciencias,90725,Hotel,Valencia,1,1,€ 104,2019/08/10,2019/08/11,3,8,14
Casa Vich,4457634,Apartamento,Valencia,1,1,NA,2019/08/10,2019/08/11,0,"9,6",14
MD Modern Hotel - Jardines,305447,Hotel,Valencia,1,1,€ 105,2019/08/10,2019/08/11,1,"8,2",14
Ilunion Valencia 4,754329,Hotel,Valencia,1,1,€ 110,2019/08/10,2019/08/11,4,8,14
Happy Apartments Valencia,456043,Apartamentos,Valencia,1,1,€ 114,2019/08/10,2019/08/11,0,"8,2",14
NH Valencia Center,90727,Hotel,Valencia,1,1,€ 115,2019/08/10,2019/08/11,4,"8,3",14
Sweet Hotel Continental,93856,Hotel,Valencia,1,1,€ 119,2019/08/10,2019/08/11,2,"8,3",14
NH Ciudad de Valencia,90729,Hotel,Valencia,1,1,€ 119,2019/08/10,2019/08/11,3,"8,1",14
Atico Ciutat Vella,3446230,Apartamentos,Valencia,1,1,€ 119,2019/08/10,2019/08/11,0,"8,4",14
L'Otelet By Sweet,1467935,Hotel,Valencia,1,1,€ 122,2019/08/10,2019/08/11,0,"8,3",14
NH Valencia Las Artes,90731,Hotel,Valencia,1,1,€ 123,2019/08/10,2019/08/11,4,"8,3",14
Senator Parque Central Hotel,274963,Hotel,Valencia,1,1,€ 123,2019/08/10,2019/08/11,4,"8,1",14
Apartamentos Plaza Picasso,97063,Apartamentos,Valencia,1,1,€ 125,2019/08/10,2019/08/11,0,"8,4",14
APARTAMENTO LAS MELLIZAS,4651578,Hotel,Valencia,1,1,€ 59,2019/08/10,2019/08/11,0,"8,4",14
Valenciaflats Torres de Serrano,17468,Apartamentos,Valencia,1,1,€ 129,2019/08/10,2019/08/11,0,"8,3",14
Sweet Hotel Renasa,274818,Hotel,Valencia,1,1,€ 129,2019/08/10,2019/08/11,3,8,14
Casual de las Artes Valencia,538056,Hotel,Valencia,1,1,€ 135,2019/08/10,2019/08/11,3,"8,4",14
Hotel Conqueridor,91047,Hotel,Valencia,1,1,€ 135,2019/08/10,2019/08/11,4,"8,4",14
Eurostars Rey Don Jaime,91520,Hotel,Valencia,1,1,€ 143,2019/08/10,2019/08/11,4,"8,2",14
Primus Valencia,331871,Hotel,Valencia,1,1,€ 143,2019/08/10,2019/08/11,4,"8,3",14
Hotel Medium Valencia,96838,Hotel,Valencia,1,1,€ 144,2019/08/10,2019/08/11,4,"8,2",14
SH Ingles Boutique Hotel,92956,Hotel,Valencia,1,1,€ 145,2019/08/10,2019/08/11,4,"8,4",14
El Rincón de Las Artes,2194749,Apartamento,Valencia,1,1,NA,2019/08/10,2019/08/11,0,"9,7",14
United Colors of Apartments - Catedral,1301545,Apartamentos,Valencia,1,1,€ 149,2019/08/10,2019/08/11,0,"8,2",14
Apartamento Ciudad de las Artes y las Ciencias,4353552,Apartamento,Valencia,1,1,€ 150,2019/08/10,2019/08/11,0,"8,4",14
Hotel Valencia Center,91285,Hotel,Valencia,1,1,€ 153,2019/08/10,2019/08/11,4,"8,4",14
Hotel Neptuno,91206,Hotel,Valencia,1,1,€ 162,2019/08/10,2019/08/11,4,"8,4",14
Flatsforyou Petit Bonaire,455152,Apartamentos,Valencia,1,1,€ 210,2019/08/10,2019/08/11,0,"8,2",14
NWT Central Station Apartments,3964093,Apartamento,Valencia,1,1,€ 229,2019/08/10,2019/08/11,0,"8,4",14
RUZAFA- CENTRO-A/C- WI-FI- PARKING,2885994,Apartamento,Valencia,1,1,NA,2019/08/10,2019/08/11,0,"9,7",14
Musico Peydro Apartments,3765069,Apartamentos,Valencia,1,1,€ 236,2019/08/10,2019/08/11,0,"8,2",14
Eurostars Gran Valencia,90484,Hotel,Valencia,1,1,€ 241,2019/08/10,2019/08/11,4,"8,3",14
Living Valencia - Patacona Beach 36,1363797,Apartamentos,Valencia,1,1,€ 263,2019/08/10,2019/08/11,0,8,14
Living Valencia - Patacona Beach 15,2213630,Apartamentos,Valencia,1,1,€ 271,2019/08/10,2019/08/11,0,"8,4",14
Albergue Juvenil Colegio Mayor Galileo Galilei,253103,Hotel,Valencia,1,1,€ 48,2019/08/10,2019/08/11,0,"7,9",14
Como en casa,4802186,Hotel,Valencia,1,1,€ 54,2019/08/10,2019/08/11,0,"7,9",14
Colors Rooms,675839,Hotel,Valencia,1,1,NA,2019/08/10,2019/08/11,0,"9,5",14
UP Hostel Valencia,1710137,Hotel,Valencia,1,1,€ 29,2019/08/10,2019/08/11,0,"7,8",14
Valencia City Host,1177077,Hotel,Valencia,1,1,€ 58,2019/08/10,2019/08/11,0,"7,9",14
Pensión Universal,304276,Hotel,Valencia,1,1,€ 62,2019/08/10,2019/08/11,0,"7,9",14
Hostal Moratin,326015,Hotel,Valencia,1,1,€ 68,2019/08/10,2019/08/11,1,"7,9",14
MyHomestay,2921259,Hotel,Valencia,1,1,€ 84,2019/08/10,2019/08/11,0,"7,6",14
Hotel Turia,14441,Hotel,Valencia,1,1,€ 85,2019/08/10,2019/08/11,4,"7,5",14
Atico Loft Ruzafa,3152977,Apartamento,Valencia,1,1,NA,2019/08/10,2019/08/11,0,"9,7",14
B&B Hotel Valencia Ciudad de las Ciencias,92242,Hotel,Valencia,1,1,€ 89,2019/08/10,2019/08/11,3,"7,5",14
Hotel Beleret,94652,Hotel,Valencia,1,1,€ 92,2019/08/10,2019/08/11,3,"7,6",14
Valencia Lounge Hostel,337203,Hotel,Valencia,1,1,€ 93,2019/08/10,2019/08/11,0,"7,8",14
OYO Pensión El Rincón,476031,Hotel,Valencia,1,1,€ 108,2019/08/10,2019/08/11,1,"7,7",14
Kirei Apartment San Vicente,1774062,Apartamento,Valencia,1,1,€ 132,2019/08/10,2019/08/11,0,"7,5",14
Checkin Valencia,93743,Hotel,Valencia,1,1,€ 134,2019/08/10,2019/08/11,4,"7,8",14
Ciudad Ciencias- Lujo- Parking- Wi-Fi.,4999636,Apartamento,Valencia,1,1,NA,2019/08/10,2019/08/11,0,"9,8",14
SEA YOU HOTEL PORT VALENCIA,92328,Hotel,Valencia,1,1,€ 155,2019/08/10,2019/08/11,4,"7,6",14
El 16 Ruzafa,865461,Apartamentos,Valencia,1,1,€ 179,2019/08/10,2019/08/11,0,"7,7",14
Living Valencia - Patacona Beach 7,1391054,Apartamentos,Valencia,1,1,€ 243,2019/08/10,2019/08/11,0,"7,7",14
MD Abastos Center,2551194,Apartamento,Valencia,1,1,€ 455,2019/08/10,2019/08/11,0,"7,7",14
PISO ACOGEDOR,4995780,Hotel,Valencia,1,1,€ 50,2019/08/10,2019/08/11,0,"7,1",14
Apartamento Nou Lodging,2837298,Apartamento,Valencia,1,1,€ 78,2019/08/10,2019/08/11,0,"7,1",14
Preciosa Casita Cerca Del Mar,4057271,Apartamento,Valencia,1,1,NA,2019/08/10,2019/08/11,0,"9,7",14
Central Station Valencia Hostel,1647017,Hotel,Valencia,1,1,€ 99,2019/08/10,2019/08/11,0,"7,1",14
Casual de la Música Valencia,273130,Hotel,Valencia,1,1,€ 126,2019/08/10,2019/08/11,2,"7,4",14
HOSTAL BED OF THE SEA,3974636,Hotel,Valencia,1,1,€ 140,2019/08/10,2019/08/11,0,7,14
Centro Valencia Calle Cerrajeros,3476261,Hotel,Valencia,1,1,€ 150,2019/08/10,2019/08/11,0,7,14
Apartamento Angel Alcazar 35,2174625,Apartamento,Valencia,1,1,€ 165,2019/08/10,2019/08/11,0,"7,4",14
NWT Monserrat,3728842,Apartamentos,Valencia,1,1,€ 169,2019/08/10,2019/08/11,0,"7,1",14
Cosy Rooms Embajador,369728,Hotel,Valencia,1,1,€ 176,2019/08/10,2019/08/11,2,"7,4",14
Cosy Rooms Bolsería,371606,Hotel,Valencia,1,1,€ 176,2019/08/10,2019/08/11,2,"7,4",14
Premium Apartments,486507,Apartamentos,Valencia,1,1,€ 174,2019/08/10,2019/08/11,0,"6,9",14
Malvarrosa Beach,3546692,Casas y chalets,Valencia,1,1,€ 1.260,2019/08/10,2019/08/11,0,"6,9",14
Kirei Apartment San Agustin,1712323,Apartamentos,Valencia,1,1,€ 207,2019/08/10,2019/08/11,0,"6,4",14
Home Sweet Home,1223953,Hotel,Valencia,1,1,€ 60,2019/08/10,2019/08/11,0,"5,6",14
Carrer del Bisbe Jaume Pérez,4900140,Hotel,Valencia,1,1,€ 60,2019/08/10,2019/08/11,0,"5,8",14
Oliver,4865093,Hotel,Valencia,1,1,€ 73,2019/08/10,2019/08/11,0,"5,6",14
RoomTuristValencia - Ruzafa,4608394,Hotel,Valencia,1,1,€ 130,2019/08/10,2019/08/11,0,"5,9",14
Ruzafa Guesthouse,2269176,Hotel,Valencia,1,1,€ 140,2019/08/10,2019/08/11,0,"5,6",14
Kirei Apartment Berlin,4504570,Apartamentos,Valencia,1,1,€ 173,2019/08/10,2019/08/11,0,"5,7",14
Guest House Duc de Gaeta,2275007,Hotel,Valencia,1,1,€ 148,2019/08/10,2019/08/11,0,"5,1",14
Ramirez Flats & Bar,4124528,Hotel,Valencia,1,1,€ 158,2019/08/10,2019/08/11,0,"9,5",14
Art&Flats Bed&Breakfast,5238345,Hotel,Valencia,1,1,€ 60,2019/08/10,2019/08/11,0,"9,4",14
VALENCIA APARTAMENTO GOYA,4256653,Hotel,Valencia,1,1,NA,2019/08/10,2019/08/11,0,10,14
Habitación doble,3599930,Hotel,Valencia,1,1,€ 90,2019/08/10,2019/08/11,0,9,14
You & Co. Saler Beach boutique,4533007,Hotel,Valencia,1,1,€ 91,2019/08/10,2019/08/11,3,9,14
Apartamento bianca,3205847,Hotel,Valencia,1,1,€ 96,2019/08/10,2019/08/11,0,"9,2",14
MD Design Hotel - Portal del Real,2391685,Hotel,Valencia,1,1,€ 117,2019/08/10,2019/08/11,2,"9,1",14
Loft zona Pechina en Valencia centro,2524985,Hotel,Valencia,1,1,€ 128,2019/08/10,2019/08/11,0,"9,2",14
L'Arbre,3972359,Hotel,Valencia,1,1,€ 129,2019/08/10,2019/08/11,0,"9,3",14
Hostal Antigua Morellana,1273937,Hotel,Valencia,1,1,NA,2019/08/10,2019/08/11,1,"9,5",14
Apartamentos Wallace,1698355,Hotel,Valencia,1,1,€ 133,2019/08/10,2019/08/11,0,"9,2",14
Valenciaflats Centro Ciudad,18544,Hotel,Valencia,1,1,€ 138,2019/08/10,2019/08/11,0,"9,1",14
BUBUSUITES by Bubuflats,2389776,Hotel,Valencia,1,1,€ 140,2019/08/10,2019/08/11,0,"9,3",14
Mon Suites Catedral,485679,Hotel,Valencia,1,1,€ 147,2019/08/10,2019/08/11,0,"9,2",14
NH Collection Colón Valencia,3828811,Hotel,Valencia,1,1,€ 148,2019/08/10,2019/08/11,4,"9,2",14
Hostal Venecia,92883,Hotel,Valencia,1,1,€ 149,2019/08/10,2019/08/11,2,"9,1",14
Loft Superior el Carmen,2784473,Hotel,Valencia,1,1,NA,2019/08/10,2019/08/11,0,"9,5",14
Mon Suites San Nicolas,4117225,Hotel,Valencia,1,1,€ 157,2019/08/10,2019/08/11,0,"9,1",14
Mediterranean Flats Plaza Redonda,4086496,Hotel,Valencia,1,1,€ 165,2019/08/10,2019/08/11,0,"9,2",14
One Shot Mercat 09,2274203,Hotel,Valencia,1,1,€ 170,2019/08/10,2019/08/11,4,"9,2",14
Citizentral Juristas,1113127,Hotel,Valencia,1,1,€ 182,2019/08/10,2019/08/11,0,"9,2",14
Mon Suites San Martin,2777545,Hotel,Valencia,1,1,€ 187,2019/08/10,2019/08/11,0,"9,4",14
MYR Hotel Plaza Mercado & Spa,1619029,Hotel,Valencia,1,1,€ 189,2019/08/10,2019/08/11,0,"9,1",14
Disfruta - Enjoy Valencia Ayuntamiento,4901194,Hotel,Valencia,1,1,NA,2019/08/10,2019/08/11,0,"9,9",14
Valenciaflats Ciudad de las Ciencias,93676,Hotel,Valencia,1,1,€ 193,2019/08/10,2019/08/11,0,"9,1",14
MARQUÉS HOUSE 4* SUP,2118880,Hotel,Valencia,1,1,€ 199,2019/08/10,2019/08/11,4,"9,4",14
ARENAS 2 APARTAMENT,2808815,Hotel,Valencia,1,1,€ 200,2019/08/10,2019/08/11,0,"9,1",14
Vincci Mercat,1279484,Hotel,Valencia,1,1,€ 220,2019/08/10,2019/08/11,4,9,14
Caro Hotel,348132,Hotel,Valencia,1,1,€ 229,2019/08/10,2019/08/11,5,"9,2",14
Hi Valencia Cánovas,4312120,Hotel,Valencia,1,1,€ 240,2019/08/10,2019/08/11,0,9,14
Colors Rooms,675839,Hotel,Valencia,1,1,NA,2019/08/10,2019/08/11,0,"9,5",14
Zerka Sendra,4657122,Hotel,Valencia,1,1,€ 321,2019/08/10,2019/08/11,0,9,14
Hotel Boutique Balandret,1281710,Hotel,Valencia,1,1,€ 437,2019/08/10,2019/08/11,3,"9,2",14
Sabía que venias!,3543756,Hotel,Valencia,1,1,€ 65,2019/08/10,2019/08/11,0,"8,5",14
Zalamera BnB,1331238,Hotel,Valencia,1,1,€ 73,2019/08/10,2019/08/11,0,"8,7",14
Carrer de l'Escriptor Rafael Ferreres,4267645,Hotel,Valencia,1,1,€ 75,2019/08/10,2019/08/11,0,"8,7",14
Homestay Carrer Sagun,5006434,Hotel,Valencia,1,1,€ 85,2019/08/10,2019/08/11,0,"8,6",14
Ciudad Ciencias- Lujo- Parking- Wi-Fi.,4999636,Hotel,Valencia,1,1,NA,2019/08/10,2019/08/11,0,"9,8",14
Colegio Mayor La Concepción,626558,Hotel,Valencia,1,1,€ 86,2019/08/10,2019/08/11,0,"8,7",14
Casa del Patriarca,364834,Hotel,Valencia,1,1,€ 90,2019/08/10,2019/08/11,0,"8,9",14
Casual Vintage Valencia,1710241,Hotel,Valencia,1,1,€ 96,2019/08/10,2019/08/11,2,"8,5",14
Hotel Malcom and Barret,483261,Hotel,Valencia,1,1,€ 99,2019/08/10,2019/08/11,3,"8,7",14
Melia Valencia,290493,Hotel,Valencia,1,1,€ 99,2019/08/10,2019/08/11,4,"8,8",14
Hotel Kramer,91106,Hotel,Valencia,1,1,€ 104,2019/08/10,2019/08/11,3,"8,8",14
Rooms Ciencias,94126,Hotel,Valencia,1,1,€ 108,2019/08/10,2019/08/11,0,"8,9",14
Welcomer Apartments Valencia,19363,Hotel,Valencia,1,1,€ 109,2019/08/10,2019/08/11,0,"8,6",14
Casual del Cine Valencia,572187,Hotel,Valencia,1,1,€ 110,2019/08/10,2019/08/11,2,"8,6",14
Hotel El Siglo,1741479,Hotel,Valencia,1,1,€ 114,2019/08/10,2019/08/11,3,"8,5",14
Lotelito,570027,Hotel,Valencia,1,1,€ 115,2019/08/10,2019/08/11,0,"8,9",14
Jardín Botánico Hotel Boutique,93369,Hotel,Valencia,1,1,€ 116,2019/08/10,2019/08/11,3,"8,9",14
AC Hotel Colon Valencia- a Marriott Lifestyle Hotel,1117150,Hotel,Valencia,1,1,€ 116,2019/08/10,2019/08/11,4,"8,6",14
Pio XII Apartments Valencia,402080,Hotel,Valencia,1,1,€ 117,2019/08/10,2019/08/11,0,"8,5",14
One Shot Palacio Reina Victoria 04,90885,Hotel,Valencia,1,1,€ 125,2019/08/10,2019/08/11,4,"8,6",14
B&B Hi Valencia Boutique,1301725,Hotel,Valencia,1,1,€ 125,2019/08/10,2019/08/11,0,"8,7",14
Zenit Valencia,92327,Hotel,Valencia,1,1,€ 130,2019/08/10,2019/08/11,4,"8,8",14
BUBUFLATS Mossén,1141763,Hotel,Valencia,1,1,€ 130,2019/08/10,2019/08/11,0,"8,9",14
