name,propertyId,propertyType,city,rooms,days,price,checkIn,checkOut,stars,score,advance
Habitación en Apartamento soleado Plaza Escultor Frechina,4865043,Hotel,Valencia,1,1,€ 55,2019/08/07,2019/08/08,0,"4,9",14
Constitucion Guesthouse,2985942,Hotel,Valencia,1,1,€ 30,2019/08/07,2019/08/08,0,"3,3",14
El Rincón de Las Artes,2194749,Apartamento,Valencia,1,1,NA,2019/08/07,2019/08/08,0,"9,7",14
Habitación muy cerca de la playa.,5395908,Hotel,Valencia,1,1,€ 40,2019/08/07,2019/08/08,0,,14
vosotros sereis parte de mi familia.,5299568,Hotel,Valencia,1,1,€ 60,2019/08/07,2019/08/08,0,,14
Casita bonita con piscina y jardin,5294677,Hotel,Valencia,1,1,€ 75,2019/08/07,2019/08/08,0,,14
Magnífico Adosado- cerca de Valencia ciudad- en zona de montaña y playa fluvial,5354233,Casa o chalet,Valencia,1,1,€ 89,2019/08/07,2019/08/08,0,,14
Miresa flats 2.1A,5399747,Apartamento,Valencia,1,1,€ 90,2019/08/07,2019/08/08,0,,14
Casual Socarrat Valencia,5142800,Hotel,Valencia,1,1,€ 98,2019/08/07,2019/08/08,3,,14
Apartments Welcome to Valencia Peset Aleixandre 69,4964856,Apartamento,Valencia,1,1,NA,2019/08/07,2019/08/08,0,"9,7",14
ÁTICO PTA 13 EN EL CENTRO DE VALENCIA VT-45727-T,4612077,Apartamento,Valencia,1,1,€ 110,2019/08/07,2019/08/08,0,,14
Miresa flats,5300418,Apartamento,Valencia,1,1,€ 125,2019/08/07,2019/08/08,0,,14
Kirei Apartment Dublin,4639542,Apartamento,Valencia,1,1,€ 126,2019/08/07,2019/08/08,0,,14
RUSSAFLAT - Premium apartment in Valencia,5413734,Apartamento,Valencia,1,1,€ 130,2019/08/07,2019/08/08,0,,14
Kirei Casa Burguerini.,4552106,Apartamentos,Valencia,1,1,€ 137,2019/08/07,2019/08/08,0,,14
Cozy apartment near the sea and Ciudad de Las Artes,5396646,Apartamento,Valencia,1,1,€ 145,2019/08/07,2019/08/08,0,,14
Apartamento en Ciudad de las Artes y las Ciencias,2995983,Apartamento,Valencia,1,1,NA,2019/08/07,2019/08/08,0,"9,7",14
Precioso apartamento al lado de la catedral,5410223,Apartamento,Valencia,1,1,€ 164,2019/08/07,2019/08/08,0,,14
"Flat ""Ca Alexandre""",3687859,Apartamento,Valencia,1,1,€ 220,2019/08/07,2019/08/08,0,,14
Espaciosa y cómoda vivienda,5342327,Apartamento,Valencia,1,1,€ 238,2019/08/07,2019/08/08,0,,14
Apartamento con terraza,5238122,Apartahotel,Valencia,1,1,€ 240,2019/08/07,2019/08/08,0,,14
Governor Residence,3799760,Apartahotel,Valencia,1,1,€ 600,2019/08/07,2019/08/08,0,,14
Gulet Why Not,5199364,Hotel,Valencia,1,1,€ 3.600,2019/08/07,2019/08/08,0,,14
MD Art Apartment Ruzafa,2550955,Apartamento,Valencia,1,1,€ 387,2019/08/07,2019/08/08,0,"7,7",14
MD Abastos Center,2551194,Apartamento,Valencia,1,1,€ 455,2019/08/07,2019/08/08,0,"7,7",14
Apartamento luminoso y acogedor,3489126,Apartamento,Valencia,1,1,NA,2019/08/07,2019/08/08,0,"9,6",14
Guest House Lebon,3124256,Hotel,Valencia,1,1,€ 35,2019/08/07,2019/08/08,0,7,14
La Flamenca,818359,Hotel,Valencia,1,1,€ 60,2019/08/07,2019/08/08,0,"7,3",14
Central Station Valencia Hostel,1647017,Hotel,Valencia,1,1,€ 79,2019/08/07,2019/08/08,0,"7,1",14
Centro Valencia Calle Cerrajeros,3476261,Hotel,Valencia,1,1,€ 80,2019/08/07,2019/08/08,0,7,14
HOSTAL BED OF THE SEA,3974636,Hotel,Valencia,1,1,€ 82,2019/08/07,2019/08/08,0,7,14
Homestay & OLEE,4132920,Hotel,Valencia,1,1,€ 85,2019/08/07,2019/08/08,0,"7,4",14
Precioso piso junto al antiguo barrio de Campanar,3297078,Apartamento,Valencia,1,1,NA,2019/08/07,2019/08/08,0,"9,6",14
Casual de la Música Valencia,273130,Hotel,Valencia,1,1,€ 87,2019/08/07,2019/08/08,2,"7,4",14
Cosy Rooms Embajador,369728,Hotel,Valencia,1,1,€ 89,2019/08/07,2019/08/08,2,"7,4",14
Cosy Rooms Bolsería,371606,Hotel,Valencia,1,1,€ 94,2019/08/07,2019/08/08,2,"7,4",14
Valencia Apartments,4367788,Apartamentos,Valencia,1,1,€ 96,2019/08/07,2019/08/08,0,"7,1",14
SHF Sevilla Loft,850157,Apartamentos,Valencia,1,1,€ 100,2019/08/07,2019/08/08,0,"7,4",14
Apartamento Angel Alcazar 35,2174625,Apartamento,Valencia,1,1,€ 105,2019/08/07,2019/08/08,0,"7,4",14
Tranvia a la Playa Malvarrosa,3183912,Apartamento,Valencia,1,1,NA,2019/08/07,2019/08/08,0,"9,5",14
Avenida Cid,3633322,Apartamento,Valencia,1,1,€ 110,2019/08/07,2019/08/08,0,"7,3",14
Bonito apartamento en Valencia!,3646923,Apartamentos,Valencia,1,1,€ 114,2019/08/07,2019/08/08,0,"7,4",14
Spain Host Valencia Centro- San Vicente II,2567628,Apartamento,Valencia,1,1,€ 114,2019/08/07,2019/08/08,0,"7,4",14
Malvarrosa Beach Rooms,314048,Hotel,Valencia,1,1,€ 120,2019/08/07,2019/08/08,2,"7,1",14
B&B El Mercat,2203530,Hotel,Valencia,1,1,€ 120,2019/08/07,2019/08/08,0,"7,3",14
Premium Apartments,486507,Apartamentos,Valencia,1,1,€ 124,2019/08/07,2019/08/08,0,7,14
Atico Loft Ruzafa,3152977,Apartamento,Valencia,1,1,NA,2019/08/07,2019/08/08,0,"9,7",14
NWT Monserrat,3728842,Apartamentos,Valencia,1,1,€ 129,2019/08/07,2019/08/08,0,"7,1",14
LaikaHome,3867990,Hotel,Valencia,1,1,€ 135,2019/08/07,2019/08/08,0,7,14
Valencia Boutique Ciencias,387785,Apartamentos,Valencia,1,1,€ 155,2019/08/07,2019/08/08,0,"7,4",14
Russafa Youth Hostel,345134,Hotel,Valencia,1,1,€ 58,2019/08/07,2019/08/08,0,"8,6",14
Zalamera BnB,1331238,Hotel,Valencia,1,1,€ 63,2019/08/07,2019/08/08,0,"8,7",14
Loft Superior el Carmen,2784473,Apartamento,Valencia,1,1,NA,2019/08/07,2019/08/08,0,"9,5",14
Namaste Rooms,3799642,Hotel,Valencia,1,1,€ 65,2019/08/07,2019/08/08,0,"8,7",14
Valencia Luxury Town Hall,866934,Apartamentos,Valencia,1,1,€ 160,2019/08/07,2019/08/08,0,"7,1",14
Valencia Luxury Catedral,440778,Apartamentos,Valencia,1,1,€ 160,2019/08/07,2019/08/08,0,"7,2",14
Valencia Boutique Ayuntamiento,343355,Apartamentos,Valencia,1,1,€ 160,2019/08/07,2019/08/08,0,"7,2",14
Flat El Porto - Valencia,3146159,Apartamentos,Valencia,1,1,NA,2019/08/07,2019/08/08,0,"9,6",14
Valencia Luxury Group Apartments,1648016,Apartamentos,Valencia,1,1,€ 190,2019/08/07,2019/08/08,0,"7,3",14
Valencia Luxury La Paz,1107542,Apartamentos,Valencia,1,1,€ 240,2019/08/07,2019/08/08,0,"7,2",14
feliz como en casa,3676196,Hotel,Valencia,1,1,€ 36,2019/08/07,2019/08/08,0,"6,9",14
Loyola Room Habitación en Piso Compartido,3298489,Hotel,Valencia,1,1,€ 39,2019/08/07,2019/08/08,0,"6,7",14
PISO ACOGEDOR,4995780,Hotel,Valencia,1,1,€ 50,2019/08/07,2019/08/08,0,"6,6",14
Apartment Valencia Denia,1968489,Apartamentos,Valencia,1,1,€ 99,2019/08/07,2019/08/08,0,"6,9",14
JL Ciudad de las Artes,3074378,Apartamento,Valencia,1,1,NA,2019/08/07,2019/08/08,0,"9,6",14
Valencia Boutique Ayuntamiento II,387852,Apartamentos,Valencia,1,1,€ 160,2019/08/07,2019/08/08,0,"6,8",14
Malvarrosa Beach,3546692,Casas y chalets,Valencia,1,1,€ 1.260,2019/08/07,2019/08/08,0,"6,9",14
Homestay Carrer Sagun,5006434,Hotel,Valencia,1,1,€ 65,2019/08/07,2019/08/08,0,"8,6",14
Colegio Mayor La Concepción,626558,Hotel,Valencia,1,1,€ 75,2019/08/07,2019/08/08,0,"8,7",14
Carrer de l'Escriptor Rafael Ferreres,4267645,Apartamento,Valencia,1,1,€ 75,2019/08/07,2019/08/08,0,"8,7",14
Guest House Higinio Noja,2845935,Hotel,Valencia,1,1,€ 40,2019/08/07,2019/08/08,0,6,14
Fun and Sun Center 2,2944416,Hotel,Valencia,1,1,€ 45,2019/08/07,2019/08/08,0,"6,2",14
Casita Esmeralda,2040126,Casa o chalet,Valencia,1,1,€ 154,2019/08/07,2019/08/08,0,"6,4",14
RoomTuristValencia - Ruzafa,4608394,Hotel,Valencia,1,1,€ 40,2019/08/07,2019/08/08,0,"5,9",14
RoomTuristValencia Estacion del Norte,4682632,Hotel,Valencia,1,1,€ 45,2019/08/07,2019/08/08,0,"5,5",14
Ruzafa Guesthouse,2269176,Hotel,Valencia,1,1,€ 45,2019/08/07,2019/08/08,0,"5,6",14
Home Sweet Home,1223953,Hotel,Valencia,1,1,€ 50,2019/08/07,2019/08/08,0,"5,6",14
Carrer del Bisbe Jaume Pérez,4900140,Hotel,Valencia,1,1,€ 55,2019/08/07,2019/08/08,0,"5,8",14
Oliver,4865093,Hotel,Valencia,1,1,€ 73,2019/08/07,2019/08/08,0,"5,6",14
Guesthouse Plaza de Toros,2985902,Hotel,Valencia,1,1,€ 48,2019/08/07,2019/08/08,0,5,14
Guest House Duc de Gaeta,2275007,Hotel,Valencia,1,1,€ 48,2019/08/07,2019/08/08,0,"5,1",14
Melia Valencia,290493,Hotel,Valencia,1,1,€ 81,2019/08/07,2019/08/08,4,"8,8",14
Sercotel Sorolla Palace,93646,Hotel,Valencia,1,1,€ 81,2019/08/07,2019/08/08,4,"8,6",14
CÓMODAS HABITACIONES CERCA DE LA PLAYA,5041799,Hotel,Valencia,1,1,NA,2019/08/07,2019/08/08,0,"9,8",14
Hotel Malcom and Barret,483261,Hotel,Valencia,1,1,€ 86,2019/08/07,2019/08/08,3,"8,7",14
Ad Hoc Carmen,1173270,Hotel,Valencia,1,1,€ 89,2019/08/07,2019/08/08,2,"8,9",14
Home Youth Hostel by Feetup Hostels,189322,Hotel,Valencia,1,1,€ 92,2019/08/07,2019/08/08,0,"8,8",14
Guest House Torres de Quart,2275006,Hotel,Valencia,1,1,€ 50,2019/08/07,2019/08/08,0,"5,4",14
Guest House Ruzafa,2324552,Hotel,Valencia,1,1,€ 55,2019/08/07,2019/08/08,0,"5,3",14
RoomTuristValencia RuzafaSumsi,4682802,Hotel,Valencia,1,1,€ 75,2019/08/07,2019/08/08,0,5,14
Hotel Kramer,91106,Hotel,Valencia,1,1,€ 95,2019/08/07,2019/08/08,3,"8,8",14
Rooms Ciencias,94126,Hotel,Valencia,1,1,€ 95,2019/08/07,2019/08/08,0,"8,9",14
Kirei Apartment Berlin,4504570,Apartamentos,Valencia,1,1,€ 126,2019/08/07,2019/08/08,0,"5,4",14
RoomTuristValencia Torres de Quart,4565643,Hotel,Valencia,1,1,€ 45,2019/08/07,2019/08/08,0,"4,8",14
Hotel Dimar,90886,Hotel,Valencia,1,1,€ 95,2019/08/07,2019/08/08,4,"8,7",14
Olympia Flats,4212801,Hotel,Valencia,1,1,NA,2019/08/07,2019/08/08,0,"9,7",14
Lotelito,570027,Hotel,Valencia,1,1,€ 97,2019/08/07,2019/08/08,0,"8,9",14
One Shot Colón 46,1394168,Hotel,Valencia,1,1,€ 99,2019/08/07,2019/08/08,3,"8,7",14
AC Hotel Valencia- a Marriott Lifestyle Hotel,91063,Hotel,Valencia,1,1,€ 99,2019/08/07,2019/08/08,4,"8,6",14
Jardín Botánico Hotel Boutique,93369,Hotel,Valencia,1,1,€ 99,2019/08/07,2019/08/08,3,"8,9",14
Citizentral Gascons,332095,Apartamentos,Valencia,1,1,€ 101,2019/08/07,2019/08/08,0,"8,7",14
Valenciaflats Centro Histórico,94781,Apartamentos,Valencia,1,1,€ 106,2019/08/07,2019/08/08,0,"8,7",14
VIVIENDA DISEÑO CON JARDÍN INTERIOR,4314054,Apartamento,Valencia,1,1,NA,2019/08/07,2019/08/08,0,"9,6",14
Suites by Eric Olsan (Florista),4726450,Apartamentos,Valencia,1,1,€ 108,2019/08/07,2019/08/08,0,"8,6",14
Petit Palace Ruzafa,90792,Hotel,Valencia,1,1,€ 109,2019/08/07,2019/08/08,3,"8,7",14
Soho Valencia,1538641,Apartahotel,Valencia,1,1,€ 109,2019/08/07,2019/08/08,0,"8,9",14
Casual Vintage Valencia,1710241,Hotel,Valencia,1,1,€ 110,2019/08/07,2019/08/08,2,"8,5",14
Friendly Rentals Pergolesi,1634240,Apartamento,Valencia,1,1,€ 110,2019/08/07,2019/08/08,0,"8,5",14
Valenciaflats Mercado Central,307677,Apartamentos,Valencia,1,1,€ 110,2019/08/07,2019/08/08,0,"8,9",14
Habitación- Familiar,4625132,Hotel,Valencia,1,1,NA,2019/08/07,2019/08/08,0,"9,5",14
IVAM ESQUIFE,4908298,Apartamento,Valencia,1,1,€ 111,2019/08/07,2019/08/08,0,"8,9",14
AC Hotel Colon Valencia- a Marriott Lifestyle Hotel,1117150,Hotel,Valencia,1,1,€ 116,2019/08/07,2019/08/08,4,"8,6",14
Blanq Carmen Hotel,97069,Hotel,Valencia,1,1,€ 117,2019/08/07,2019/08/08,3,"8,7",14
Pio XII Apartments Valencia,402080,Apartamentos,Valencia,1,1,€ 117,2019/08/07,2019/08/08,0,"8,5",14
El Palacete Gran Via,3483148,Hotel,Valencia,1,1,€ 119,2019/08/07,2019/08/08,0,"8,7",14
Zenit Valencia,92327,Hotel,Valencia,1,1,€ 125,2019/08/07,2019/08/08,4,"8,8",14
Cómoda habitación Valencia,4200488,Hotel,Valencia,1,1,NA,2019/08/07,2019/08/08,0,"9,5",14
SKY TOURISTIC ATTIC,281640,Apartamentos,Valencia,1,1,€ 126,2019/08/07,2019/08/08,0,"8,5",14
United Colors of Apartments Boutique Style,5372347,Apartamentos,Valencia,1,1,€ 109,2019/08/07,2019/08/08,0,10,14
L'Esplai Valencia Bed & Breakfast,1282556,Hotel,Valencia,1,1,€ 99,2019/08/07,2019/08/08,0,"9,6",14
VALENCIA APARTAMENTO GOYA,4256653,Apartamento,Valencia,1,1,NA,2019/08/07,2019/08/08,0,10,14
Opera House Valencia B&B,3533887,Hotel,Valencia,1,1,€ 115,2019/08/07,2019/08/08,0,"9,5",14
Melia Plaza Valencia,13270,Hotel,Valencia,1,1,€ 127,2019/08/07,2019/08/08,4,"8,9",14
Petit Palace Plaza de la Reina,90443,Hotel,Valencia,1,1,€ 129,2019/08/07,2019/08/08,3,"8,7",14
Hotel Valencia Oceanic Managed by Melia Hotels International,91522,Hotel,Valencia,1,1,€ 129,2019/08/07,2019/08/08,4,"8,6",14
Catalonia Excelsior,90578,Hotel,Valencia,1,1,€ 130,2019/08/07,2019/08/08,3,"8,7",14
BUBUFLATS / Mercat,783206,Apartamentos,Valencia,1,1,€ 130,2019/08/07,2019/08/08,0,"8,9",14
CheValenciaFlats,2064099,Apartamentos,Valencia,1,1,€ 130,2019/08/07,2019/08/08,0,"8,9",14
Hotel El Siglo,1741479,Hotel,Valencia,1,1,€ 131,2019/08/07,2019/08/08,3,"8,5",14
Ilunion Aqua 4,92777,Hotel,Valencia,1,1,€ 135,2019/08/07,2019/08/08,4,"8,5",14
Hotel Mediterraneo Valencia,92412,Hotel,Valencia,1,1,€ 136,2019/08/07,2019/08/08,3,"8,8",14
València Centre Torres de Quart,886289,Apartamentos,Valencia,1,1,€ 137,2019/08/07,2019/08/08,0,"8,9",14
One Shot Palacio Reina Victoria 04,90885,Hotel,Valencia,1,1,€ 139,2019/08/07,2019/08/08,4,"8,6",14
Barceló Valencia,91988,Hotel,Valencia,1,1,€ 140,2019/08/07,2019/08/08,4,"8,6",14
Vincci Lys,91183,Hotel,Valencia,1,1,€ 140,2019/08/07,2019/08/08,4,"8,9",14
Friendly Rentals Verdi 2,2523881,Apartamento,Valencia,1,1,€ 145,2019/08/07,2019/08/08,0,"8,9",14
Cathedral Suites Hotel,1736257,Apartahotel,Valencia,1,1,€ 149,2019/08/07,2019/08/08,4,"8,9",14
SH Valencia Palace,91497,Hotel,Valencia,1,1,€ 150,2019/08/07,2019/08/08,5,"8,5",14
ValentiaApartments - MercadoCentral,4185241,Apartamentos,Valencia,1,1,€ 154,2019/08/07,2019/08/08,0,"8,7",14
Ramirez Flats & Bar,4124528,Apartahotel,Valencia,1,1,€ 135,2019/08/07,2019/08/08,0,"9,5",14
AMAZING HOUSE- BEST LOCATION!,4728031,Apartamento,Valencia,1,1,€ 180,2019/08/07,2019/08/08,0,"9,7",14
Cantagua Hostel,4074640,Hotel,Valencia,1,1,€ 44,2019/08/07,2019/08/08,0,"9,1",14
Art&Flats Bed&Breakfast,5238345,Hotel,Valencia,1,1,€ 50,2019/08/07,2019/08/08,0,"9,4",14
Habitación privada a 1500 metros de la playa,3789910,Hotel,Valencia,1,1,€ 60,2019/08/07,2019/08/08,0,"9,4",14
Kirei Apartment Calgary,4768322,Apartamento,Valencia,1,1,€ 126,2019/08/07,2019/08/08,0,"8,3",14
Hostal Antigua Morellana,1273937,Hotel,Valencia,1,1,NA,2019/08/07,2019/08/08,1,"9,5",14
Primus Valencia,331871,Hotel,Valencia,1,1,€ 127,2019/08/07,2019/08/08,4,"8,3",14
Centro en Valencia,2885222,Apartamento,Valencia,1,1,NA,2019/08/07,2019/08/08,0,"9,5",14
Host & Home,1663785,Hotel,Valencia,1,1,€ 79,2019/08/07,2019/08/08,0,9,14
Live in Chianti,2227491,Hotel,Valencia,1,1,€ 91,2019/08/07,2019/08/08,0,"9,1",14
Hostal Venecia,92883,Hotel,Valencia,1,1,€ 93,2019/08/07,2019/08/08,2,"9,1",14
Apartamento bianca,3205847,Apartamento,Valencia,1,1,€ 96,2019/08/07,2019/08/08,0,"9,2",14
Palau de Palomar,471283,Apartamentos,Valencia,1,1,€ 99,2019/08/07,2019/08/08,0,"9,1",14
Flatsforyou Sorolla House,403442,Apartamentos,Valencia,1,1,€ 165,2019/08/07,2019/08/08,0,"8,5",14
Valenciaflats Torres de Serrano,17468,Apartamentos,Valencia,1,1,€ 129,2019/08/07,2019/08/08,0,"8,3",14
Reina's Apartment,2130930,Apartamentos,Valencia,1,1,€ 130,2019/08/07,2019/08/08,0,"8,4",14
Plaza de la Virgen,3167342,Apartamento,Valencia,1,1,€ 170,2019/08/07,2019/08/08,0,"8,7",14
Holiday Inn Express Ciudad de las Ciencias,96737,Hotel,Valencia,1,1,€ 135,2019/08/07,2019/08/08,3,8,14
Hotel Medium Valencia,96838,Hotel,Valencia,1,1,€ 135,2019/08/07,2019/08/08,4,"8,2",14
Friendly Rentals Telemann,1634241,Apartamento,Valencia,1,1,€ 150,2019/08/07,2019/08/08,0,8,14
You & Co. Saler Beach boutique,4533007,Hotel,Valencia,1,1,€ 102,2019/08/07,2019/08/08,3,"9,1",14
En corts Flat,4471441,Apartamento,Valencia,1,1,€ 155,2019/08/07,2019/08/08,0,"8,4",14
Tres Forques,2854630,Apartamento,Valencia,1,1,NA,2019/08/07,2019/08/08,0,"9,5",14
Living Valencia Ayuntamiento,1831537,Apartamentos,Valencia,1,1,€ 156,2019/08/07,2019/08/08,0,8,14
Travel Habitat Port Valencia.,4986124,Apartamentos,Valencia,1,1,NA,2019/08/07,2019/08/08,0,"9,7",14
Puerta de Serranos,2734333,Apartamentos,Valencia,1,1,€ 170,2019/08/07,2019/08/08,0,"8,7",14
Colors Rooms,675839,Hotel,Valencia,1,1,NA,2019/08/07,2019/08/08,0,"9,5",14
MD Design Hotel - Portal del Real,2391685,Hotel,Valencia,1,1,€ 107,2019/08/07,2019/08/08,2,"9,1",14
Hotel San Lorenzo Boutique,1307718,Hotel,Valencia,1,1,€ 181,2019/08/07,2019/08/08,3,"8,6",14
Friendly Rentals Rey,1634248,Apartamento,Valencia,1,1,€ 195,2019/08/07,2019/08/08,0,"8,9",14
Hotel Valencia Alameda,4019381,Hotel,Valencia,1,1,€ 109,2019/08/07,2019/08/08,4,"9,4",14
Hospes Palau de La Mar,93823,Hotel,Valencia,1,1,€ 198,2019/08/07,2019/08/08,5,"8,8",14
The Westin Valencia,93321,Hotel,Valencia,1,1,€ 203,2019/08/07,2019/08/08,5,"8,7",14
OttoH Charm Stay,2459807,Hotel,Valencia,1,1,€ 109,2019/08/07,2019/08/08,0,"9,3",14
Sorolla Centro,90896,Hotel,Valencia,1,1,€ 110,2019/08/07,2019/08/08,3,"9,1",14
Vincci Palace,94163,Hotel,Valencia,1,1,€ 206,2019/08/07,2019/08/08,4,"8,6",14
Valenciaflats Centro Ciudad,18544,Apartamentos,Valencia,1,1,€ 110,2019/08/07,2019/08/08,0,"9,1",14
Apartments Welcome to Valencia Peset Aleixandre 69,4964856,Apartamento,Valencia,1,1,NA,2019/08/07,2019/08/08,0,"9,7",14
Hotel Conqueridor,91047,Hotel,Valencia,1,1,€ 162,2019/08/07,2019/08/08,4,"8,4",14
Friendly Rentals Abad,1634238,Apartamento,Valencia,1,1,€ 175,2019/08/07,2019/08/08,0,"8,2",14
NWT Central Station Apartments,3964093,Apartamento,Valencia,1,1,€ 189,2019/08/07,2019/08/08,0,"8,4",14
Apartments Madrina,3278589,Apartamentos,Valencia,1,1,€ 115,2019/08/07,2019/08/08,0,9,14
Zerka Centro,4425975,Apartamentos,Valencia,1,1,€ 208,2019/08/07,2019/08/08,0,"8,5",14
Zerka Sendra,4657122,Apartamento,Valencia,1,1,€ 310,2019/08/07,2019/08/08,0,"8,9",14
Musico Peydro Apartments,3765069,Apartamentos,Valencia,1,1,€ 236,2019/08/07,2019/08/08,0,"8,2",14
MD Sueca. Apartment with Terrace Ruzafa,2551179,Apartamento,Valencia,1,1,€ 513,2019/08/07,2019/08/08,0,"8,1",14
CÓMODAS HABITACIONES CERCA DE LA PLAYA,5041799,Hotel,Valencia,1,1,NA,2019/08/07,2019/08/08,0,"9,8",14
Apartamentos Wallace,1698355,Apartamentos,Valencia,1,1,€ 115,2019/08/07,2019/08/08,0,"9,2",14
Disfruta De Playa Y Ciudad,2470646,Apartamento,Valencia,1,1,NA,2019/08/07,2019/08/08,0,"9,5",14
Center Valencia Youth Hostel,246931,Hotel,Valencia,1,1,€ 33,2019/08/07,2019/08/08,0,"7,9",14
MARQUÉS HOUSE 4* SUP,2118880,Hotel,Valencia,1,1,€ 119,2019/08/07,2019/08/08,4,"9,4",14
UP Hostel Valencia,1710137,Hotel,Valencia,1,1,€ 33,2019/08/07,2019/08/08,0,"7,8",14
Pensión Universal,304276,Hotel,Valencia,1,1,€ 42,2019/08/07,2019/08/08,0,"7,9",14
Albergue Juvenil Colegio Mayor Galileo Galilei,253103,Hotel,Valencia,1,1,€ 45,2019/08/07,2019/08/08,0,"7,9",14
SingularStays Parque Central,3054000,Apartamentos,Valencia,1,1,€ 322,2019/08/07,2019/08/08,0,"8,8",14
Habitacion en Valencia Barata,4861796,Hotel,Valencia,1,1,€ 38,2019/08/07,2019/08/08,0,"8,2",14
La casita de Palomar,2132386,Apartamentos,Valencia,1,1,€ 119,2019/08/07,2019/08/08,0,"9,4",14
Urban Youth Hostel,1163025,Hotel,Valencia,1,1,€ 45,2019/08/07,2019/08/08,0,"8,4",14
Casual Civilizaciones Valencia,449777,Hotel,Valencia,1,1,€ 47,2019/08/07,2019/08/08,0,"7,9",14
Citizentral Juristas,1113127,Apartamentos,Valencia,1,1,€ 128,2019/08/07,2019/08/08,0,"9,2",14
Hostal Moratin,326015,Hotel,Valencia,1,1,€ 48,2019/08/07,2019/08/08,1,"7,9",14
Apartamento Centrico - Viveros,2461987,Apartamento,Valencia,1,1,NA,2019/08/07,2019/08/08,0,"9,5",14
Voyagers Inn Homestay,2682156,Hotel,Valencia,1,1,€ 48,2019/08/07,2019/08/08,0,"7,8",14
One Shot Mercat 09,2274203,Hotel,Valencia,1,1,€ 129,2019/08/07,2019/08/08,4,"9,2",14
Como en casa,4802186,Hotel,Valencia,1,1,€ 54,2019/08/07,2019/08/08,0,"7,9",14
Valencia City Host,1177077,Hotel,Valencia,1,1,€ 55,2019/08/07,2019/08/08,0,"7,9",14
Cozy apartment in Valencia center,3402135,Apartamentos,Valencia,1,1,€ 132,2019/08/07,2019/08/08,0,"9,2",14
Olympia Flats,4212801,Hotel,Valencia,1,1,NA,2019/08/07,2019/08/08,0,"9,7",14
Valenciaflats Ciudad de las Ciencias,93676,Apartamentos,Valencia,1,1,€ 133,2019/08/07,2019/08/08,0,"9,1",14
Valencia Russafa,4454999,Hotel,Valencia,1,1,€ 59,2019/08/07,2019/08/08,0,"7,8",14
Purple Nest Hostel,25278,Hotel,Valencia,1,1,€ 49,2019/08/07,2019/08/08,0,8,14
Center Puerto Apartments,4875083,Apartamento,Valencia,1,1,NA,2019/08/07,2019/08/08,0,"9,6",14
Red Nest Hostel,92283,Hotel,Valencia,1,1,€ 57,2019/08/07,2019/08/08,0,"8,2",14
Mon Suites Catedral,485679,Apartamentos,Valencia,1,1,€ 143,2019/08/07,2019/08/08,0,"9,2",14
Pension MonaLisa Luxury Suites,3834224,Hotel,Valencia,1,1,€ 60,2019/08/07,2019/08/08,0,"8,2",14
NH Collection Colón Valencia,3828811,Hotel,Valencia,1,1,€ 144,2019/08/07,2019/08/08,4,"9,2",14
Residencia Universitaria Damia Bonet,247451,Hotel,Valencia,1,1,€ 64,2019/08/07,2019/08/08,0,"8,4",14
Hostal Bisbal,235665,Hotel,Valencia,1,1,€ 60,2019/08/07,2019/08/08,1,"7,5",14
Hostal Penalty,189209,Hotel,Valencia,1,1,€ 62,2019/08/07,2019/08/08,1,"7,9",14
Flats Piera Valencia Center,1490563,Apartamentos,Valencia,1,1,NA,2019/08/07,2019/08/08,0,"9,5",14
Hostal Abastos,257057,Hotel,Valencia,1,1,€ 70,2019/08/07,2019/08/08,2,"8,2",14
Reina 12,1684198,Hotel,Valencia,1,1,€ 70,2019/08/07,2019/08/08,0,"8,3",14
Mon Suites San Nicolas,4117225,Apartamentos,Valencia,1,1,€ 145,2019/08/07,2019/08/08,0,"9,1",14
Mediterranean Flats Plaza Redonda,4086496,Apartamentos,Valencia,1,1,€ 145,2019/08/07,2019/08/08,0,"9,2",14
Alquiler Habitacion Centro De Valencia,3977106,Hotel,Valencia,1,1,€ 72,2019/08/07,2019/08/08,0,"8,1",14
BUBUSUITES by Bubuflats,2389776,Hotel,Valencia,1,1,€ 150,2019/08/07,2019/08/08,0,"9,3",14
Hotel Beleret,94652,Hotel,Valencia,1,1,€ 67,2019/08/07,2019/08/08,3,"7,6",14
OYO Pensión El Rincón,476031,Hotel,Valencia,1,1,€ 69,2019/08/07,2019/08/08,1,"7,6",14
MUVIM CENTRUM,4756065,Apartamento,Valencia,1,1,NA,2019/08/07,2019/08/08,0,"9,6",14
Maison Reina B&B,5004812,Hotel,Valencia,1,1,NA,2019/08/07,2019/08/08,0,"9,5",14
MYR Hotel Plaza Mercado & Spa,1619029,Apartahotel,Valencia,1,1,€ 159,2019/08/07,2019/08/08,0,"9,2",14
Hotel Turia,14441,Hotel,Valencia,1,1,€ 70,2019/08/07,2019/08/08,4,"7,5",14
B&B Hotel Valencia Ciudad de las Ciencias,92242,Hotel,Valencia,1,1,€ 71,2019/08/07,2019/08/08,3,"7,5",14
ABCyou Bed&Breakfast,189207,Hotel,Valencia,1,1,€ 73,2019/08/07,2019/08/08,0,"8,4",14
Balcón Al Mar,295109,Hotel,Valencia,1,1,€ 76,2019/08/07,2019/08/08,0,"8,4",14
Live in Chianti Apartaments,2882632,Apartamentos,Valencia,1,1,€ 159,2019/08/07,2019/08/08,0,"9,1",14
Hospederia del Pilar,327766,Hotel,Valencia,1,1,€ 72,2019/08/07,2019/08/08,0,"7,9",14
Cosy Rooms Tapinería,371192,Hotel,Valencia,1,1,€ 74,2019/08/07,2019/08/08,2,"7,5",14
Apartamento Panorámico- próximo Playa- Wifi-AC,4978144,Apartamento,Valencia,1,1,€ 160,2019/08/07,2019/08/08,0,"9,2",14
Hi Valencia Cánovas,4312120,Apartamentos,Valencia,1,1,€ 160,2019/08/07,2019/08/08,0,9,14
Tryp Valencia Feria,92852,Hotel,Valencia,1,1,€ 77,2019/08/07,2019/08/08,4,"8,3",14
Ciudad Ciencias- Lujo- Parking- Wi-Fi.,4999636,Apartamento,Valencia,1,1,NA,2019/08/07,2019/08/08,0,"9,8",14
Valencia Lounge Hostel,337203,Hotel,Valencia,1,1,€ 77,2019/08/07,2019/08/08,0,"7,8",14
Eurostars Gran Valencia,90484,Hotel,Valencia,1,1,€ 77,2019/08/07,2019/08/08,4,"8,3",14
Jero Rooms,296743,Hotel,Valencia,1,1,€ 79,2019/08/07,2019/08/08,0,"7,7",14
Checkin Valencia,93743,Hotel,Valencia,1,1,€ 89,2019/08/07,2019/08/08,4,"7,8",14
Hotel Olympia Universidades,1301731,Hotel,Valencia,1,1,€ 79,2019/08/07,2019/08/08,3,"8,4",14
NH Ciudad de Valencia,90729,Hotel,Valencia,1,1,€ 82,2019/08/07,2019/08/08,3,"8,1",14
Ilunion Valencia 3,92818,Hotel,Valencia,1,1,€ 93,2019/08/07,2019/08/08,3,"7,9",14
United Colors of Studios - Mercado Central,2574108,Apartamentos,Valencia,1,1,€ 94,2019/08/07,2019/08/08,0,"7,9",14
Valencia Luxury Mercado de Colón,2960845,Apartamentos,Valencia,1,1,€ 160,2019/08/07,2019/08/08,0,9,14
ÁTICO EN EL CENTRO DE VALENCIA VT-45939-T,4752815,Apartamento,Valencia,1,1,NA,2019/08/07,2019/08/08,0,"9,5",14
Duplex en Blasco Ibáñez,3672426,Apartamento,Valencia,1,1,€ 170,2019/08/07,2019/08/08,0,"9,1",14
B&B Hi Valencia Canovas,305349,Hotel,Valencia,1,1,€ 84,2019/08/07,2019/08/08,0,"8,4",14
MD Modern Hotel - Jardines,305447,Hotel,Valencia,1,1,€ 88,2019/08/07,2019/08/08,1,"8,2",14
Apartamentos el Pilar,237104,Apartamentos,Valencia,1,1,€ 99,2019/08/07,2019/08/08,0,"7,9",14
Expo Hotel Valencia,91223,Hotel,Valencia,1,1,€ 101,2019/08/07,2019/08/08,3,"7,6",14
City Center Apartments,4426057,Apartamentos,Valencia,1,1,€ 108,2019/08/07,2019/08/08,0,"7,8",14
Vincci Mercat,1279484,Hotel,Valencia,1,1,€ 170,2019/08/07,2019/08/08,4,9,14
HQ Rooms Apartments San Vicente,2894429,Apartamentos,Valencia,1,1,€ 180,2019/08/07,2019/08/08,0,"9,3",14
Hotel Boutique Balandret,1281710,Hotel,Valencia,1,1,€ 181,2019/08/07,2019/08/08,3,"9,2",14
SEA YOU HOTEL PORT VALENCIA,92328,Hotel,Valencia,1,1,€ 109,2019/08/07,2019/08/08,4,"7,6",14
STYLISH APARTMENT - CITY CENTER,2861517,Apartamento,Valencia,1,1,€ 120,2019/08/07,2019/08/08,0,"7,8",14
Kirei Apartment San Vicente,1774062,Apartamento,Valencia,1,1,€ 121,2019/08/07,2019/08/08,0,"7,5",14
Torres Quart,3702234,Apartamentos,Valencia,1,1,€ 123,2019/08/07,2019/08/08,0,"7,7",14
El 16 Ruzafa,865461,Apartamentos,Valencia,1,1,€ 124,2019/08/07,2019/08/08,0,"7,7",14
Hi Valencia Apartments - Jorge Juan,2373701,Apartamento,Valencia,1,1,€ 183,2019/08/07,2019/08/08,0,"9,4",14
Suites by Eric Olsan (L),4287413,Apartamentos,Valencia,1,1,€ 140,2019/08/07,2019/08/08,0,"7,9",14
Valencia Luxury Attics Ayuntamiento,337092,Apartamentos,Valencia,1,1,€ 160,2019/08/07,2019/08/08,0,"7,5",14
ART & FLATS Pleno Centro Valencia,1554388,Apartamentos,Valencia,1,1,€ 180,2019/08/07,2019/08/08,0,"7,9",14
Hogar Vera Apartments&Bikes,1807919,Apartamentos,Valencia,1,1,€ 201,2019/08/07,2019/08/08,0,"9,4",14
Jardines del Turia - Espacioso apartamento,2734126,Apartamento,Valencia,1,1,€ 206,2019/08/07,2019/08/08,0,"9,2",14
Loft el Carmen amazing views,4932621,Apartamento,Valencia,1,1,€ 191,2019/08/07,2019/08/08,0,"7,9",14
El Globo,24498,Hotel,Valencia,1,1,€ 210,2019/08/07,2019/08/08,1,"7,8",14
Caro Hotel,348132,Hotel,Valencia,1,1,€ 265,2019/08/07,2019/08/08,5,"9,2",14
Las Arenas Balneario Resort,91144,Hotel,Valencia,1,1,€ 297,2019/08/07,2019/08/08,5,9,14
Sweet Hotel Renasa,274818,Hotel,Valencia,1,1,€ 89,2019/08/07,2019/08/08,3,8,14
Mon Suites San Martin,2777545,Apartamentos,Valencia,1,1,€ 312,2019/08/07,2019/08/08,0,"9,4",14
Quart Youth Hostel,476418,Hotel,Valencia,1,1,€ 27,2019/08/07,2019/08/08,0,"8,7",14
L'Otelet By Sweet,1467935,Hotel,Valencia,1,1,€ 90,2019/08/07,2019/08/08,0,"8,3",14
The River Hostel,494202,Hotel,Valencia,1,1,€ 49,2019/08/07,2019/08/08,0,"8,5",14
Ilunion Aqua 3,92776,Hotel,Valencia,1,1,€ 91,2019/08/07,2019/08/08,3,"8,3",14
Sabía que venias!,3543756,Hotel,Valencia,1,1,€ 55,2019/08/07,2019/08/08,0,"8,5",14
NH Valencia Center,90727,Hotel,Valencia,1,1,€ 92,2019/08/07,2019/08/08,4,"8,3",14
Central new apartment,4526693,Apartamento,Valencia,1,1,NA,2019/08/07,2019/08/08,0,"9,7",14
NH Valencia Las Ciencias,90725,Hotel,Valencia,1,1,€ 94,2019/08/07,2019/08/08,3,8,14
Hotel Sercotel Acteón Valencia,90495,Hotel,Valencia,1,1,€ 95,2019/08/07,2019/08/08,4,"8,4",14
Apartamentos Plaza Picasso,97063,Apartamentos,Valencia,1,1,€ 96,2019/08/07,2019/08/08,0,"8,4",14
Senator Parque Central Hotel,274963,Hotel,Valencia,1,1,€ 97,2019/08/07,2019/08/08,4,"8,1",14
NH Valencia Las Artes,90731,Hotel,Valencia,1,1,€ 98,2019/08/07,2019/08/08,4,"8,3",14
Sweet Hotel Continental,93856,Hotel,Valencia,1,1,€ 99,2019/08/07,2019/08/08,2,"8,3",14
United Colors of Apartments - Catedral,1301545,Apartamentos,Valencia,1,1,€ 99,2019/08/07,2019/08/08,0,"8,1",14
Room in apartment,3701648,Hotel,Valencia,1,1,€ 100,2019/08/07,2019/08/08,0,8,14
Apartamentos Marina Beach,2661874,Apartamentos,Valencia,1,1,€ 100,2019/08/07,2019/08/08,0,"8,2",14
SHF Flats Baron,1033085,Apartamentos,Valencia,1,1,€ 100,2019/08/07,2019/08/08,0,8,14
Ilunion Valencia 4,754329,Hotel,Valencia,1,1,€ 101,2019/08/07,2019/08/08,4,8,14
Silken Puerta Valencia,91182,Hotel,Valencia,1,1,€ 105,2019/08/07,2019/08/08,4,"8,3",14
Atico Ciutat Vella,3446230,Apartamentos,Valencia,1,1,€ 110,2019/08/07,2019/08/08,0,"8,4",14
Casual de las Artes Valencia,538056,Hotel,Valencia,1,1,€ 113,2019/08/07,2019/08/08,3,"8,4",14
Hotel Valencia Center,91285,Hotel,Valencia,1,1,€ 117,2019/08/07,2019/08/08,4,"8,4",14
Dormavalencia Hostel,249585,Hotel,Valencia,1,1,€ 120,2019/08/07,2019/08/08,1,"8,2",14
SH Ingles Boutique Hotel,92956,Hotel,Valencia,1,1,€ 120,2019/08/07,2019/08/08,4,"8,4",14
Eurostars Rey Don Jaime,91520,Hotel,Valencia,1,1,€ 122,2019/08/07,2019/08/08,4,"8,2",14
