name,propertyId,propertyType,city,rooms,days,price,checkIn,checkOut,stars,score,advance
CATHEDRAL ATTIC 1BR- 2BA-TERRACE-VIEW-WI-FI-A/C,5264848,NA,Valencia,1,1,€ 136,2019/08/06,2019/08/07,0,,7
Old Town Flats Casa Burguerini,4552106,NA,Valencia,1,1,€ 150,2019/08/06,2019/08/07,0,,7
Apartamento luminoso y acogedor,3489126,NA,Valencia,1,1,NA,2019/08/06,2019/08/07,0,"9,6",7
Marítim - Serrería Апартаменты,4899808,NA,Valencia,1,1,€ 161,2019/08/06,2019/08/07,0,,7
MD POETA ANDRES CABRELLES,5385067,NA,Valencia,1,1,€ 231,2019/08/06,2019/08/07,0,,7
MD Manuela Estellés,5386542,NA,Valencia,1,1,€ 231,2019/08/06,2019/08/07,0,,7
MD Rafael Janini I,5386102,NA,Valencia,1,1,€ 231,2019/08/06,2019/08/07,0,,7
Espaciosa y cómoda vivienda,5342327,NA,Valencia,1,1,€ 238,2019/08/06,2019/08/07,0,,7
07 PLAZA DEL AYUNTAMIENTO - CENTRO 6personas,4093811,NA,Valencia,1,1,€ 239,2019/08/06,2019/08/07,0,,7
Cool Central Market,3424724,NA,Valencia,1,1,NA,2019/08/06,2019/08/07,0,"9,9",7
Apartamento con terraza,5238122,NA,Valencia,1,1,€ 240,2019/08/06,2019/08/07,0,,7
Duplex Penthouse,5436230,NA,Valencia,1,1,€ 251,2019/08/06,2019/08/07,0,,7
Terrace Duplex Penthouse,5436353,NA,Valencia,1,1,€ 548,2019/08/06,2019/08/07,0,,7
Governor Residence,3799760,NA,Valencia,1,1,€ 600,2019/08/06,2019/08/07,0,,7
Gulet Why Not,5199364,NA,Valencia,1,1,€ 3.600,2019/08/06,2019/08/07,0,,7
Homestay & OLEE,4132920,NA,Valencia,1,1,€ 70,2019/08/06,2019/08/07,0,"7,3",7
Centro Valencia Calle Cerrajeros,3476261,NA,Valencia,1,1,€ 75,2019/08/06,2019/08/07,0,7,7
Travel Habitat Port Valencia.,4986124,NA,Valencia,1,1,NA,2019/08/06,2019/08/07,0,"9,7",7
Central Station Valencia Hostel,1647017,NA,Valencia,1,1,€ 79,2019/08/06,2019/08/07,0,"7,1",7
HOSTAL BED OF THE SEA,3974636,NA,Valencia,1,1,€ 82,2019/08/06,2019/08/07,0,7,7
Cosy Rooms Embajador,369728,NA,Valencia,1,1,€ 89,2019/08/06,2019/08/07,2,"7,4",7
Cosy Rooms Bolsería,371606,NA,Valencia,1,1,€ 94,2019/08/06,2019/08/07,2,"7,4",7
Valencia Apartments,4367788,NA,Valencia,1,1,€ 96,2019/08/06,2019/08/07,0,"7,2",7
Bonito apartamento en Valencia!,3646923,NA,Valencia,1,1,€ 100,2019/08/06,2019/08/07,0,"7,4",7
Apartments Welcome to Valencia Peset Aleixandre 69,4964856,NA,Valencia,1,1,NA,2019/08/06,2019/08/07,0,"9,7",7
Premium Apartments,486507,NA,Valencia,1,1,€ 104,2019/08/06,2019/08/07,0,7,7
NWT Monserrat,3728842,NA,Valencia,1,1,€ 109,2019/08/06,2019/08/07,0,"7,1",7
B&B El Mercat,2203530,NA,Valencia,1,1,€ 120,2019/08/06,2019/08/07,0,"7,3",7
LaikaHome,3867990,NA,Valencia,1,1,€ 135,2019/08/06,2019/08/07,0,7,7
La Casa dei Fiori,2849727,NA,Valencia,1,1,€ 142,2019/08/06,2019/08/07,0,"7,1",7
Valencia Luxury Town Hall,866934,NA,Valencia,1,1,€ 160,2019/08/06,2019/08/07,0,7,7
ApartUP Rojas Market,4887857,NA,Valencia,1,1,NA,2019/08/06,2019/08/07,0,"9,7",7
Valencia Luxury Catedral,440778,NA,Valencia,1,1,€ 160,2019/08/06,2019/08/07,0,"7,1",7
Valencia Luxury Group Apartments,1648016,NA,Valencia,1,1,€ 180,2019/08/06,2019/08/07,0,"7,3",7
Valencia Boutique Ayuntamiento II,387852,NA,Valencia,1,1,€ 160,2019/08/06,2019/08/07,0,"6,8",7
Valencia Boutique Mercado Central,440757,NA,Valencia,1,1,€ 170,2019/08/06,2019/08/07,0,"6,6",7
Las casitas de la playa,3177809,NA,Valencia,1,1,€ 198,2019/08/06,2019/08/07,0,"6,9",7
Malvarrosa Beach,3546692,NA,Valencia,1,1,€ 1.260,2019/08/06,2019/08/07,0,"6,9",7
Central new apartment,4526693,NA,Valencia,1,1,NA,2019/08/06,2019/08/07,0,"9,6",7
Fun and Sun Center 2,2944416,NA,Valencia,1,1,€ 45,2019/08/06,2019/08/07,0,"6,2",7
RoomTuristValencia - Ruzafa,4608394,NA,Valencia,1,1,€ 35,2019/08/06,2019/08/07,0,"5,9",7
Ruzafa Guesthouse,2269176,NA,Valencia,1,1,€ 40,2019/08/06,2019/08/07,0,"5,6",7
Guest House Torres de Quart,2275006,NA,Valencia,1,1,€ 50,2019/08/06,2019/08/07,0,"5,5",7
Home Sweet Home,1223953,NA,Valencia,1,1,€ 60,2019/08/06,2019/08/07,0,"5,6",7
Carrer del Bisbe Jaume Pérez,4900140,NA,Valencia,1,1,€ 60,2019/08/06,2019/08/07,0,"5,8",7
Casa Vich,4457634,NA,Valencia,1,1,NA,2019/08/06,2019/08/07,0,"9,6",7
Oliver,4865093,NA,Valencia,1,1,€ 73,2019/08/06,2019/08/07,0,"5,6",7
RoomTuristValencia Estacion del Norte,4682632,NA,Valencia,1,1,€ 40,2019/08/06,2019/08/07,0,"5,4",7
Guesthouse Plaza de Toros,2985902,NA,Valencia,1,1,€ 48,2019/08/06,2019/08/07,0,5,7
Guest House Duc de Gaeta,2275007,NA,Valencia,1,1,€ 48,2019/08/06,2019/08/07,0,5,7
Guest House Ruzafa,2324552,NA,Valencia,1,1,€ 55,2019/08/06,2019/08/07,0,"5,3",7
RoomTuristValencia RuzafaSumsi,4682802,NA,Valencia,1,1,€ 75,2019/08/06,2019/08/07,0,5,7
Constitución,4229663,NA,Valencia,1,1,NA,2019/08/06,2019/08/07,0,"9,6",7
RoomTuristValencia Torres de Quart,4565643,NA,Valencia,1,1,€ 35,2019/08/06,2019/08/07,0,"4,8",7
Habitación en Apartamento soleado Plaza Escultor Frechina,4865043,NA,Valencia,1,1,€ 55,2019/08/06,2019/08/07,0,"4,9",7
Como en casa !!,5427108,NA,Valencia,1,1,€ 33,2019/08/06,2019/08/07,0,,7
Habitación en valencia centro,5418023,NA,Valencia,1,1,€ 35,2019/08/06,2019/08/07,0,,7
Habitación muy cerca de la playa.,5395908,NA,Valencia,1,1,€ 40,2019/08/06,2019/08/07,0,,7
vosotros sereis parte de mi familia.,5299568,NA,Valencia,1,1,€ 60,2019/08/06,2019/08/07,0,,7
Blanq Comedias,4922002,NA,Valencia,1,1,€ 63,2019/08/06,2019/08/07,0,,7
Casual Socarrat Valencia,5142800,NA,Valencia,1,1,€ 68,2019/08/06,2019/08/07,3,,7
Estrella de russafa,5352439,NA,Valencia,1,1,€ 70,2019/08/06,2019/08/07,0,,7
Casita bonita con piscina y jardin,5294677,NA,Valencia,1,1,€ 75,2019/08/06,2019/08/07,0,,7
Comfort Homestay,5423155,NA,Valencia,1,1,€ 79,2019/08/06,2019/08/07,0,,7
Magnífico Adosado- cerca de Valencia ciudad- en zona de montaña y playa fluvial,5354233,NA,Valencia,1,1,€ 89,2019/08/06,2019/08/07,0,,7
Miresa flats 2.1A,5399747,NA,Valencia,1,1,€ 90,2019/08/06,2019/08/07,0,,7
Casa de la Reina,5394089,NA,Valencia,1,1,€ 100,2019/08/06,2019/08/07,0,,7
Kirei Apartment Vienna,4639797,NA,Valencia,1,1,€ 106,2019/08/06,2019/08/07,0,,7
ÁTICO PTA 13 EN EL CENTRO DE VALENCIA VT-45727-T,4612077,NA,Valencia,1,1,€ 110,2019/08/06,2019/08/07,0,,7
flat climatisation for families and friends near beach and old city soler,5286256,NA,Valencia,1,1,€ 110,2019/08/06,2019/08/07,0,,7
Beach apartment close to Marina Real,4749304,NA,Valencia,1,1,€ 120,2019/08/06,2019/08/07,0,,7
Ilunion Aqua 4,92777,NA,Valencia,1,1,€ 152,2019/08/06,2019/08/07,4,"8,5",7
Pio XII Apartments Valencia,402080,Apartamentos,Valencia,1,1,€ 162,2019/08/06,2019/08/07,0,"8,5",7
United Colors of Apartments Boutique Style,5372347,NA,Valencia,1,1,€ 120,2019/08/06,2019/08/07,0,10,7
Hostal Antigua Morellana,1273937,NA,Valencia,1,1,€ 80,2019/08/06,2019/08/07,1,"9,5",7
VALENCIA APARTAMENTO GOYA,4256653,NA,Valencia,1,1,NA,2019/08/06,2019/08/07,0,10,7
Homestay Carrer Sagun,5006434,NA,Valencia,1,1,€ 65,2019/08/06,2019/08/07,0,"8,7",7
7 Moons Bed & Breakfast,464187,NA,Valencia,1,1,€ 65,2019/08/06,2019/08/07,0,"8,5",7
Maison Reina B&B,5004812,NA,Valencia,1,1,NA,2019/08/06,2019/08/07,0,"9,5",7
Olympia Flats,4212801,NA,Valencia,1,1,€ 40,2019/08/06,2019/08/07,0,"9,7",7
Apartments Welcome to Valencia Peset Aleixandre 69,4964856,Apartamento,Valencia,1,1,NA,2019/08/06,2019/08/07,0,"9,7",7
Plaza de la Virgen,3167342,Apartamento,Valencia,1,1,€ 170,2019/08/06,2019/08/07,0,"8,7",7
Apartments Plaza Ayuntamiento,3506736,Apartamento,Valencia,1,1,€ 170,2019/08/06,2019/08/07,0,"8,7",7
Valencian Dreams,3268804,NA,Valencia,1,1,€ 95,2019/08/06,2019/08/07,0,"9,8",7
Opera House Valencia B&B,3533887,NA,Valencia,1,1,€ 115,2019/08/06,2019/08/07,0,"9,5",7
Zalamera BnB,1331238,NA,Valencia,1,1,€ 70,2019/08/06,2019/08/07,0,"8,7",7
Hulot B&B Valencia,585429,NA,Valencia,1,1,€ 70,2019/08/06,2019/08/07,0,"8,5",7
B&B Almirante,369695,NA,Valencia,1,1,€ 71,2019/08/06,2019/08/07,1,"8,8",7
Carrer de l'Escriptor Rafael Ferreres,4267645,NA,Valencia,1,1,€ 75,2019/08/06,2019/08/07,0,"8,6",7
Barracart Apartments,2125836,NA,Valencia,1,1,€ 126,2019/08/06,2019/08/07,0,"9,6",7
Bubuflats Bubu 3,1014334,NA,Valencia,1,1,€ 135,2019/08/06,2019/08/07,0,"9,6",7
Friendly Rentals Rey,1634248,Apartamento,Valencia,1,1,€ 180,2019/08/06,2019/08/07,0,"8,9",7
The Westin Valencia,93321,NA,Valencia,1,1,€ 188,2019/08/06,2019/08/07,5,"8,7",7
Ramirez Flats & Bar,4124528,NA,Valencia,1,1,€ 135,2019/08/06,2019/08/07,0,"9,5",7
Room Beach Malvarrosa,1343609,NA,Valencia,1,1,NA,2019/08/06,2019/08/07,0,10,7
Apartments Torres de Serranos Valencia,1099602,NA,Valencia,1,1,€ 169,2019/08/06,2019/08/07,0,"9,6",7
Valencia Sol Sun,2482393,NA,Valencia,1,1,€ 171,2019/08/06,2019/08/07,0,"9,5",7
Hospes Palau de La Mar,93823,NA,Valencia,1,1,€ 189,2019/08/06,2019/08/07,5,"8,8",7
Casual del Cine Valencia,572187,NA,Valencia,1,1,€ 198,2019/08/06,2019/08/07,2,"8,6",7
ApartUP Rojas Market,4887857,Apartamento,Valencia,1,1,NA,2019/08/06,2019/08/07,0,"9,7",7
Zerka Centro,4425975,Apartamentos,Valencia,1,1,€ 208,2019/08/06,2019/08/07,0,"8,5",7
Buho House,3777691,NA,Valencia,1,1,€ 79,2019/08/06,2019/08/07,0,"8,5",7
Melia Valencia,290493,NA,Valencia,1,1,€ 81,2019/08/06,2019/08/07,4,"8,8",7
L'Esplai Valencia Bed & Breakfast,1282556,NA,Valencia,1,1,NA,2019/08/06,2019/08/07,0,"9,6",7
Hotel Malcom and Barret,483261,NA,Valencia,1,1,€ 85,2019/08/06,2019/08/07,3,"8,7",7
Casa del Patriarca,364834,NA,Valencia,1,1,€ 86,2019/08/06,2019/08/07,0,"8,9",7
Jardín Botánico Hotel Boutique,93369,NA,Valencia,1,1,€ 88,2019/08/06,2019/08/07,3,"8,9",7
Petit Palace Plaza de la Reina,90443,NA,Valencia,1,1,€ 238,2019/08/06,2019/08/07,3,"8,7",7
Hotel San Lorenzo Boutique,1307718,NA,Valencia,1,1,€ 279,2019/08/06,2019/08/07,3,"8,6",7
SingularStays Parque Central,3054000,Apartamentos,Valencia,1,1,€ 282,2019/08/06,2019/08/07,0,"8,8",7
Habitación Céntrica en Casa de Familia,4289877,NA,Valencia,1,1,€ 35,2019/08/06,2019/08/07,0,"8,1",7
Art&Flats Bed&Breakfast,5238345,NA,Valencia,1,1,€ 30,2019/08/06,2019/08/07,0,"9,3",7
Cantagua Hostel,4074640,NA,Valencia,1,1,€ 46,2019/08/06,2019/08/07,0,"9,1",7
Hostal Venecia,92883,NA,Valencia,1,1,€ 93,2019/08/06,2019/08/07,2,"9,1",7
Urban Youth Hostel,1163025,NA,Valencia,1,1,€ 23,2019/08/06,2019/08/07,0,"8,4",7
Central new apartment,4526693,Apartamento,Valencia,1,1,NA,2019/08/06,2019/08/07,0,"9,6",7
Red Nest Hostel,92283,NA,Valencia,1,1,€ 51,2019/08/06,2019/08/07,0,"8,2",7
B&B Hi Valencia Canovas,305349,NA,Valencia,1,1,€ 52,2019/08/06,2019/08/07,0,"8,4",7
You & Co. Saler Beach boutique,4533007,NA,Valencia,1,1,€ 99,2019/08/06,2019/08/07,3,9,7
Disfruta - Enjoy Valencia Ayuntamiento,4901194,NA,Valencia,1,1,NA,2019/08/06,2019/08/07,0,10,7
Sorolla Centro,90896,NA,Valencia,1,1,€ 99,2019/08/06,2019/08/07,3,"9,1",7
MD Design Hotel - Portal del Real,2391685,NA,Valencia,1,1,€ 107,2019/08/06,2019/08/07,2,"9,1",7
Purple Nest Hostel,25278,NA,Valencia,1,1,€ 59,2019/08/06,2019/08/07,0,8,7
Pension MonaLisa Luxury Suites,3834224,NA,Valencia,1,1,€ 60,2019/08/06,2019/08/07,0,"8,2",7
Hotel Valencia Alameda,4019381,NA,Valencia,1,1,€ 109,2019/08/06,2019/08/07,4,"9,4",7
Teixidors de Palomar,2639791,NA,Valencia,1,1,€ 109,2019/08/06,2019/08/07,0,"9,4",7
Valenciaflats Mercado Central,307677,NA,Valencia,1,1,€ 115,2019/08/06,2019/08/07,0,9,7
Ad Hoc Carmen,1173270,NA,Valencia,1,1,€ 89,2019/08/06,2019/08/07,2,"8,9",7
Petit Palomar,2187491,NA,Valencia,1,1,€ 89,2019/08/06,2019/08/07,0,"8,9",7
Casual Vintage Valencia,1710241,NA,Valencia,1,1,€ 90,2019/08/06,2019/08/07,2,"8,5",7
MARQUÉS HOUSE 4* SUP,2118880,NA,Valencia,1,1,€ 119,2019/08/06,2019/08/07,4,"9,4",7
Bruno Apartment,2715023,NA,Valencia,1,1,NA,2019/08/06,2019/08/07,0,"9,7",7
OttoH Charm Stay,2459807,NA,Valencia,1,1,€ 119,2019/08/06,2019/08/07,0,"9,3",7
PORT VALENCIA PLAYA,5259971,NA,Valencia,1,1,NA,2019/08/06,2019/08/07,0,"9,6",7
El Palacete Gran Via,3483148,NA,Valencia,1,1,€ 93,2019/08/06,2019/08/07,0,"8,7",7
Hotel Kramer,91106,NA,Valencia,1,1,€ 95,2019/08/06,2019/08/07,3,"8,8",7
Residencia Universitaria Damia Bonet,247451,NA,Valencia,1,1,€ 64,2019/08/06,2019/08/07,0,"8,4",7
Aparthotel Valencia Rental,17344,Apartahotel,Valencia,1,1,€ 69,2019/08/06,2019/08/07,0,8,7
Casa Vich,4457634,Apartamento,Valencia,1,1,NA,2019/08/06,2019/08/07,0,"9,6",7
Dormavalencia Hostel Regne,291755,NA,Valencia,1,1,€ 70,2019/08/06,2019/08/07,1,8,7
Alquiler Habitacion Centro De Valencia,3977106,NA,Valencia,1,1,€ 72,2019/08/06,2019/08/07,0,"8,1",7
Citizentral Juristas,1113127,NA,Valencia,1,1,€ 120,2019/08/06,2019/08/07,0,"9,2",7
Preciosa Casa,2866116,NA,Valencia,1,1,€ 120,2019/08/06,2019/08/07,0,"9,3",7
Valenciaflats Centro Ciudad,18544,NA,Valencia,1,1,€ 125,2019/08/06,2019/08/07,0,"9,1",7
Apartments Trinitarios,364825,NA,Valencia,1,1,€ 99,2019/08/06,2019/08/07,0,"8,9",7
Sercotel Sorolla Palace,93646,NA,Valencia,1,1,€ 99,2019/08/06,2019/08/07,4,"8,6",7
Palacios Rooms,2773548,NA,Valencia,1,1,€ 74,2019/08/06,2019/08/07,0,"8,3",7
Tryp Valencia Feria,92852,NA,Valencia,1,1,€ 77,2019/08/06,2019/08/07,4,"8,3",7
Sweet Hotel Renasa,274818,NA,Valencia,1,1,€ 79,2019/08/06,2019/08/07,3,8,7
Hotel Dimar,90886,NA,Valencia,1,1,€ 99,2019/08/06,2019/08/07,4,"8,7",7
Melia Plaza Valencia,13270,NA,Valencia,1,1,€ 105,2019/08/06,2019/08/07,4,"8,9",7
CÓMODAS HABITACIONES CERCA DE LA PLAYA,5041799,NA,Valencia,1,1,NA,2019/08/06,2019/08/07,0,"9,5",7
One Shot Colón 46,1394168,NA,Valencia,1,1,€ 105,2019/08/06,2019/08/07,3,"8,7",7
Mon Suites San Nicolas,4117225,NA,Valencia,1,1,€ 128,2019/08/06,2019/08/07,0,"9,2",7
NH Collection Colón Valencia,3828811,NA,Valencia,1,1,€ 129,2019/08/06,2019/08/07,4,"9,2",7
El Corazon de Canovas,2634817,NA,Valencia,1,1,NA,2019/08/06,2019/08/07,0,"9,7",7
Hotel Olympia Universidades,1301731,NA,Valencia,1,1,€ 79,2019/08/06,2019/08/07,3,"8,4",7
Constitución,4229663,Apartamento,Valencia,1,1,NA,2019/08/06,2019/08/07,0,"9,6",7
MD Modern Hotel - Jardines,305447,NA,Valencia,1,1,€ 86,2019/08/06,2019/08/07,1,"8,2",7
Apartamentos Plaza Picasso,97063,Apartamentos,Valencia,1,1,€ 89,2019/08/06,2019/08/07,0,"8,4",7
Happy Apartments Valencia – Lope de Vega,575582,Apartamentos,Valencia,1,1,€ 89,2019/08/06,2019/08/07,0,"8,1",7
Friendly Rentals Gala,1634252,NA,Valencia,1,1,€ 135,2019/08/06,2019/08/07,0,9,7
MYR Hotel Plaza Mercado & Spa,1619029,NA,Valencia,1,1,€ 139,2019/08/06,2019/08/07,0,"9,2",7
BUBUSUITES by Bubuflats,2389776,NA,Valencia,1,1,€ 140,2019/08/06,2019/08/07,0,"9,3",7
AC Hotel Colon Valencia- a Marriott Lifestyle Hotel,1117150,NA,Valencia,1,1,€ 106,2019/08/06,2019/08/07,4,"8,6",7
Ad Hoc Monumental,90719,NA,Valencia,1,1,€ 107,2019/08/06,2019/08/07,3,"8,6",7
Suites by Eric Olsan (Florista),4726450,NA,Valencia,1,1,€ 108,2019/08/06,2019/08/07,0,"8,6",7
Apartamentos Wallace,1698355,NA,Valencia,1,1,€ 145,2019/08/06,2019/08/07,0,"9,2",7
Valenciaflats Ciudad de las Ciencias,93676,NA,Valencia,1,1,€ 155,2019/08/06,2019/08/07,0,"9,1",7
Apartments Abate 4,2848648,NA,Valencia,1,1,€ 159,2019/08/06,2019/08/07,0,9,7
Ilunion Valencia 4,754329,NA,Valencia,1,1,€ 89,2019/08/06,2019/08/07,4,8,7
Reina 12,1684198,NA,Valencia,1,1,€ 90,2019/08/06,2019/08/07,0,"8,3",7
L'Otelet By Sweet,1467935,NA,Valencia,1,1,€ 90,2019/08/06,2019/08/07,0,"8,3",7
AC Hotel Valencia- a Marriott Lifestyle Hotel,91063,NA,Valencia,1,1,€ 108,2019/08/06,2019/08/07,4,"8,6",7
Boutique Creative Rooms,2334726,NA,Valencia,1,1,€ 108,2019/08/06,2019/08/07,0,"8,7",7
Ciudad Ciencias- Lujo- Parking- Wi-Fi.,4999636,NA,Valencia,1,1,NA,2019/08/06,2019/08/07,0,"9,8",7
Rooms Ciencias,94126,NA,Valencia,1,1,€ 110,2019/08/06,2019/08/07,0,"8,9",7
Disfruta - Enjoy Valencia Oceanografic,4121345,Apartamento,Valencia,1,1,NA,2019/08/06,2019/08/07,0,"9,6",7
City Suites Apartments,3091106,NA,Valencia,1,1,€ 93,2019/08/06,2019/08/07,0,"8,4",7
NH Valencia Las Ciencias,90725,NA,Valencia,1,1,€ 94,2019/08/06,2019/08/07,3,8,7
Hotel Valencia Oceanic Managed by Melia Hotels International,91522,NA,Valencia,1,1,€ 110,2019/08/06,2019/08/07,4,"8,6",7
Les flors,3985046,NA,Valencia,1,1,€ 111,2019/08/06,2019/08/07,0,"8,9",7
Apartamento centro,3160737,NA,Valencia,1,1,NA,2019/08/06,2019/08/07,0,"9,7",7
One Shot Mercat 09,2274203,NA,Valencia,1,1,€ 159,2019/08/06,2019/08/07,4,"9,2",7
Mon Suites Catedral,485679,NA,Valencia,1,1,€ 160,2019/08/06,2019/08/07,0,"9,2",7
NH Valencia Center,90727,NA,Valencia,1,1,€ 95,2019/08/06,2019/08/07,4,"8,3",7
Ilunion Aqua 3,92776,NA,Valencia,1,1,€ 95,2019/08/06,2019/08/07,3,"8,3",7
HQ Rooms Apartments San Vicente,2894429,NA,Valencia,1,1,€ 160,2019/08/06,2019/08/07,0,"9,3",7
OCEANOGRAFIC DELUXE- PARKING- WI-FI,4095746,NA,Valencia,1,1,€ 170,2019/08/06,2019/08/07,0,"9,1",7
Vincci Mercat,1279484,NA,Valencia,1,1,€ 170,2019/08/06,2019/08/07,4,9,7
Citizentral Gascons,332095,NA,Valencia,1,1,€ 112,2019/08/06,2019/08/07,0,"8,7",7
Hotel El Siglo,1741479,NA,Valencia,1,1,€ 113,2019/08/06,2019/08/07,3,"8,5",7
Hotel Boutique Balandret,1281710,NA,Valencia,1,1,€ 180,2019/08/06,2019/08/07,3,"9,2",7
Edificio Pentagono,4673669,NA,Valencia,1,1,€ 185,2019/08/06,2019/08/07,0,"9,1",7
Senator Parque Central Hotel,274963,NA,Valencia,1,1,€ 97,2019/08/06,2019/08/07,4,"8,1",7
NH Valencia Las Artes,90731,NA,Valencia,1,1,€ 98,2019/08/06,2019/08/07,4,"8,3",7
United Colors of Apartments - Catedral,1301545,Apartamentos,Valencia,1,1,€ 99,2019/08/06,2019/08/07,0,"8,2",7
Happy Apartments Valencia,456043,Apartamentos,Valencia,1,1,€ 99,2019/08/06,2019/08/07,0,"8,2",7
Atico Ciutat Vella,3446230,Apartamentos,Valencia,1,1,€ 125,2019/08/06,2019/08/07,0,"8,3",7
Apartment near City of Arts,2242431,Apartamentos,Valencia,1,1,€ 125,2019/08/06,2019/08/07,0,"8,3",7
Apartamento,3139431,Apartamento,Valencia,1,1,NA,2019/08/06,2019/08/07,0,"9,5",7
NH Ciudad de Valencia,90729,NA,Valencia,1,1,€ 102,2019/08/06,2019/08/07,3,"8,1",7
Silken Puerta Valencia,91182,NA,Valencia,1,1,€ 102,2019/08/06,2019/08/07,4,"8,3",7
Eurostars Gran Valencia,90484,NA,Valencia,1,1,€ 103,2019/08/06,2019/08/07,4,"8,3",7
NWT Central Station Apartments,3964093,Apartamento,Valencia,1,1,€ 139,2019/08/06,2019/08/07,0,"8,4",7
Hotel Medium Valencia,96838,NA,Valencia,1,1,€ 144,2019/08/06,2019/08/07,4,"8,2",7
Living Valencia Ayuntamiento,1831537,Apartamentos,Valencia,1,1,€ 148,2019/08/06,2019/08/07,0,8,7
Primus Valencia,331871,NA,Valencia,1,1,€ 151,2019/08/06,2019/08/07,4,"8,3",7
Vincci Palace,94163,NA,Valencia,1,1,€ 116,2019/08/06,2019/08/07,4,"8,6",7
Travel Habitat Port Valencia.,4986124,NA,Valencia,1,1,NA,2019/08/06,2019/08/07,0,"9,7",7
Lotelito,570027,NA,Valencia,1,1,€ 120,2019/08/06,2019/08/07,0,"8,9",7
Hotel Sercotel Acteón Valencia,90495,NA,Valencia,1,1,€ 104,2019/08/06,2019/08/07,4,"8,4",7
Eurostars Rey Don Jaime,91520,NA,Valencia,1,1,€ 107,2019/08/06,2019/08/07,4,"8,2",7
Dormavalencia Hostel,249585,NA,Valencia,1,1,€ 110,2019/08/06,2019/08/07,1,"8,2",7
Palacio de Rojas,1073276,NA,Valencia,1,1,€ 200,2019/08/06,2019/08/07,0,"9,4",7
Caro Hotel,348132,NA,Valencia,1,1,€ 219,2019/08/06,2019/08/07,5,"9,2",7
Mon Suites San Martin,2777545,NA,Valencia,1,1,€ 220,2019/08/06,2019/08/07,0,"9,4",7
Hotel Mediterraneo Valencia,92412,NA,Valencia,1,1,€ 120,2019/08/06,2019/08/07,3,"8,8",7
Welcomer Apartments Valencia,19363,NA,Valencia,1,1,€ 121,2019/08/06,2019/08/07,0,"8,6",7
Soho Valencia,1538641,NA,Valencia,1,1,€ 124,2019/08/06,2019/08/07,0,"8,9",7
Sunrise Apartments,640409,NA,Valencia,1,1,€ 238,2019/08/06,2019/08/07,0,9,7
Las Arenas Balneario Resort,91144,NA,Valencia,1,1,€ 297,2019/08/06,2019/08/07,5,9,7
Zerka Sendra,4657122,NA,Valencia,1,1,€ 318,2019/08/06,2019/08/07,0,9,7
Valenciaflats Centro Histórico,94781,NA,Valencia,1,1,€ 125,2019/08/06,2019/08/07,0,"8,7",7
Zenit Valencia,92327,NA,Valencia,1,1,€ 125,2019/08/06,2019/08/07,4,"8,8",7
Catalonia Excelsior,90578,NA,Valencia,1,1,€ 130,2019/08/06,2019/08/07,3,"8,7",7
Casual de las Artes Valencia,538056,NA,Valencia,1,1,€ 113,2019/08/06,2019/08/07,3,"8,4",7
Hotel Valencia Center,91285,NA,Valencia,1,1,€ 117,2019/08/06,2019/08/07,4,"8,4",7
Friendly Rentals Puerto Deportivo,2317861,Apartamentos,Valencia,1,1,€ 120,2019/08/06,2019/08/07,0,"8,2",7
Apartment near City of Arts 2,3033254,Apartamentos,Valencia,1,1,€ 125,2019/08/06,2019/08/07,0,"8,3",7
MD Julio Antonio Apartment Center,3961049,NA,Valencia,1,1,€ 385,2019/08/06,2019/08/07,0,"9,2",7
The River Hostel,494202,NA,Valencia,1,1,€ 32,2019/08/06,2019/08/07,0,"8,5",7
Russafa Youth Hostel,345134,NA,Valencia,1,1,€ 59,2019/08/06,2019/08/07,0,"8,6",7
BUBUFLATS / Mercat,783206,NA,Valencia,1,1,€ 130,2019/08/06,2019/08/07,0,"8,9",7
Vincci Lys,91183,NA,Valencia,1,1,€ 132,2019/08/06,2019/08/07,4,"8,9",7
ValentiaApartments - MercadoCentral,4185241,NA,Valencia,1,1,€ 138,2019/08/06,2019/08/07,0,"8,7",7
Flatsforyou Petit Bonaire,455152,Apartamentos,Valencia,1,1,€ 160,2019/08/06,2019/08/07,0,"8,2",7
Holiday Inn Express Ciudad de las Ciencias,96737,NA,Valencia,1,1,€ 162,2019/08/06,2019/08/07,3,8,7
Centro en Valencia,2885222,Apartamento,Valencia,1,1,NA,2019/08/06,2019/08/07,0,"9,5",7
Sweet Hotel Continental,93856,NA,Valencia,1,1,€ 168,2019/08/06,2019/08/07,2,"8,3",7
Colegio Mayor La Concepción,626558,NA,Valencia,1,1,€ 62,2019/08/06,2019/08/07,0,"8,7",7
7 Moons Bed & Breakfast,464187,NA,Valencia,1,1,€ 65,2019/08/06,2019/08/07,0,"8,5",7
One Shot Palacio Reina Victoria 04,90885,NA,Valencia,1,1,€ 139,2019/08/06,2019/08/07,4,"8,6",7
Barceló Valencia,91988,NA,Valencia,1,1,€ 140,2019/08/06,2019/08/07,4,"8,6",7
Flatsforyou Ruzafa,3342696,NA,Valencia,1,1,€ 140,2019/08/06,2019/08/07,0,"8,8",7
Hotel Conqueridor,91047,NA,Valencia,1,1,€ 170,2019/08/06,2019/08/07,4,"8,4",7
Friendly Rentals Vives 2,2523871,Apartamento,Valencia,1,1,€ 185,2019/08/06,2019/08/07,0,"8,4",7
Friendly Rentals Evans,1634220,Apartamentos,Valencia,1,1,€ 190,2019/08/06,2019/08/07,0,"8,4",7
Musico Peydro Apartments,3765069,Apartamentos,Valencia,1,1,€ 236,2019/08/06,2019/08/07,0,"8,2",7
MD Sueca. Apartment with Terrace Ruzafa,2551179,Apartamento,Valencia,1,1,€ 513,2019/08/06,2019/08/07,0,"8,1",7
SH Valencia Palace,91497,NA,Valencia,1,1,€ 140,2019/08/06,2019/08/07,5,"8,5",7
Home Youth Hostel by Feetup Hostels,189322,NA,Valencia,1,1,€ 142,2019/08/06,2019/08/07,0,"8,8",7
CheValenciaFlats,2064099,NA,Valencia,1,1,€ 147,2019/08/06,2019/08/07,0,"8,9",7
Petit Palace Ruzafa,90792,NA,Valencia,1,1,€ 149,2019/08/06,2019/08/07,3,"8,7",7
Apartamento en Valencia,2549783,NA,Valencia,1,1,€ 150,2019/08/06,2019/08/07,0,"8,9",7
Tres Forques,2854630,Apartamento,Valencia,1,1,NA,2019/08/06,2019/08/07,0,"9,5",7
Center Valencia Youth Hostel,246931,NA,Valencia,1,1,€ 34,2019/08/06,2019/08/07,0,"7,9",7
UP Hostel Valencia,1710137,NA,Valencia,1,1,€ 34,2019/08/06,2019/08/07,0,"7,8",7
Pensión Universal,304276,NA,Valencia,1,1,€ 42,2019/08/06,2019/08/07,0,"7,9",7
Voyagers Inn Homestay,2682156,NA,Valencia,1,1,€ 44,2019/08/06,2019/08/07,0,"7,8",7
Albergue Juvenil Colegio Mayor Galileo Galilei,253103,NA,Valencia,1,1,€ 50,2019/08/06,2019/08/07,0,"7,9",7
Apart and Benef,2291245,NA,Valencia,1,1,€ 54,2019/08/06,2019/08/07,0,"7,7",7
Flats Piera Valencia Center,1490563,Apartamentos,Valencia,1,1,NA,2019/08/06,2019/08/07,0,"9,5",7
Como en casa,4802186,NA,Valencia,1,1,€ 54,2019/08/06,2019/08/07,0,"7,8",7
Valencia City Host,1177077,NA,Valencia,1,1,€ 55,2019/08/06,2019/08/07,0,"7,9",7
Habitaciones Barra89,1076252,NA,Valencia,1,1,€ 56,2019/08/06,2019/08/07,0,"7,8",7
Hostal Bisbal,235665,NA,Valencia,1,1,€ 60,2019/08/06,2019/08/07,1,"7,5",7
Hostal Moratin,326015,NA,Valencia,1,1,€ 68,2019/08/06,2019/08/07,1,"7,9",7
Hotel Beleret,94652,NA,Valencia,1,1,€ 69,2019/08/06,2019/08/07,3,"7,6",7
Ciudad Ciencias- Lujo- Parking- Wi-Fi.,4999636,Apartamento,Valencia,1,1,NA,2019/08/06,2019/08/07,0,"9,8",7
OYO Pensión El Rincón,476031,NA,Valencia,1,1,€ 69,2019/08/06,2019/08/07,1,"7,7",7
Jero Rooms,296743,NA,Valencia,1,1,€ 73,2019/08/06,2019/08/07,0,"7,7",7
Hotel Turia,14441,NA,Valencia,1,1,€ 79,2019/08/06,2019/08/07,4,"7,5",7
Valencia Lounge Hostel,337203,NA,Valencia,1,1,€ 79,2019/08/06,2019/08/07,0,"7,8",7
B&B Hotel Valencia Ciudad de las Ciencias,92242,NA,Valencia,1,1,€ 80,2019/08/06,2019/08/07,3,"7,5",7
Cosy Rooms Tapinería,371192,NA,Valencia,1,1,€ 83,2019/08/06,2019/08/07,2,"7,5",7
VALENCIA APARTAMENTO GOYA GRAN TERRAZA,4660558,Apartamento,Valencia,1,1,NA,2019/08/06,2019/08/07,0,"9,9",7
Ilunion Valencia 3,92818,NA,Valencia,1,1,€ 85,2019/08/06,2019/08/07,3,"7,9",7
United Colors of Studios - Mercado Central,2574108,Apartamentos,Valencia,1,1,€ 89,2019/08/06,2019/08/07,0,"7,9",7
SHF Plaza de la Reina,1682520,Apartamentos,Valencia,1,1,€ 95,2019/08/06,2019/08/07,0,"7,7",7
SEA YOU HOTEL PORT VALENCIA,92328,NA,Valencia,1,1,€ 105,2019/08/06,2019/08/07,4,"7,6",7
Checkin Valencia,93743,NA,Valencia,1,1,€ 107,2019/08/06,2019/08/07,4,"7,8",7
City Center Apartments,4426057,Apartamentos,Valencia,1,1,€ 108,2019/08/06,2019/08/07,0,"7,7",7
Expo Hotel Valencia,91223,NA,Valencia,1,1,€ 111,2019/08/06,2019/08/07,3,"7,6",7
Suites by Eric Olsan (Peset),4726296,Apartamentos,Valencia,1,1,€ 111,2019/08/06,2019/08/07,0,"7,9",7
Torres Quart,3702234,Apartamentos,Valencia,1,1,€ 123,2019/08/06,2019/08/07,0,"7,8",7
Suites by Eric Olsan (L),4287413,Apartamentos,Valencia,1,1,€ 140,2019/08/06,2019/08/07,0,"7,5",7
YourPlace Apartments,2896608,Apartamentos,Valencia,1,1,€ 144,2019/08/06,2019/08/07,0,"7,7",7
El Globo,24498,NA,Valencia,1,1,€ 160,2019/08/06,2019/08/07,1,"7,8",7
ART & FLATS Pleno Centro Valencia,1554388,Apartamentos,Valencia,1,1,€ 174,2019/08/06,2019/08/07,0,"7,9",7
MD Art Apartment Ruzafa,2550955,Apartamento,Valencia,1,1,€ 387,2019/08/06,2019/08/07,0,"7,7",7
MD Abastos Center,2551194,Apartamento,Valencia,1,1,€ 455,2019/08/06,2019/08/07,0,"7,7",7
feliz como en casa,3676196,NA,Valencia,1,1,€ 36,2019/08/06,2019/08/07,0,"7,1",7
Ruzafa Rooms,2891693,NA,Valencia,1,1,€ 60,2019/08/06,2019/08/07,0,7,7
La Flamenca,818359,NA,Valencia,1,1,€ 60,2019/08/06,2019/08/07,0,"7,3",7
