name,propertyId,propertyType,city,rooms,days,price,checkIn,checkOut,stars,score,advance
Governor Residence,3799760,Apartahotel,Valencia,1,1,€ 600,2019/08/11,2019/08/12,0,,7
Gulet Why Not,5199364,NA,Valencia,1,1,€ 3.600,2019/08/11,2019/08/12,0,,7
United Colors of Apartments Boutique Style,5372347,Apartamentos,Valencia,1,1,€ 109,2019/08/11,2019/08/12,0,10,7
Valencian Dreams,3268804,Apartamento,Valencia,1,1,€ 77,2019/08/11,2019/08/12,0,"9,8",7
VALENCIA APARTAMENTO GOYA,4256653,Apartamento,Valencia,1,1,NA,2019/08/11,2019/08/12,0,10,7
Hostal Antigua Morellana,1273937,NA,Valencia,1,1,€ 80,2019/08/11,2019/08/12,1,"9,5",7
Olympia Flats,4212801,NA,Valencia,1,1,€ 50,2019/08/11,2019/08/12,0,"9,7",7
Opera House Valencia B&B,3533887,NA,Valencia,1,1,€ 118,2019/08/11,2019/08/12,0,"9,5",7
L'Esplai Valencia Bed & Breakfast,1282556,NA,Valencia,1,1,€ 119,2019/08/11,2019/08/12,0,"9,6",7
Apartments Welcome to Valencia Peset Aleixandre 69,4964856,Apartamento,Valencia,1,1,€ 130,2019/08/11,2019/08/12,0,"9,5",7
Ramirez Flats & Bar,4124528,Apartahotel,Valencia,1,1,€ 135,2019/08/11,2019/08/12,0,"9,5",7
Disfruta - Enjoy Valencia Ayuntamiento,4901194,Apartamento,Valencia,1,1,NA,2019/08/11,2019/08/12,0,10,7
Duplex+Swimming pool+private entrance=Housen of LOVE,2999152,Apartamento,Valencia,1,1,€ 175,2019/08/11,2019/08/12,0,"9,5",7
Art&Flats Bed&Breakfast,5238345,NA,Valencia,1,1,€ 30,2019/08/11,2019/08/12,0,"9,2",7
Cantagua Hostel,4074640,NA,Valencia,1,1,€ 48,2019/08/11,2019/08/12,0,"9,1",7
YOU & CO. Saler Beach Boutique,4533007,NA,Valencia,1,1,€ 62,2019/08/11,2019/08/12,3,"9,4",7
Blanq Comedias,4922002,NA,Valencia,1,1,€ 72,2019/08/11,2019/08/12,0,"9,3",7
Host & Home,1663785,NA,Valencia,1,1,€ 83,2019/08/11,2019/08/12,0,9,7
Moderno Apartamento en la playa del Cabanyal,3432824,Apartamento,Valencia,1,1,NA,2019/08/11,2019/08/12,0,"9,6",7
Hostal Venecia,92883,NA,Valencia,1,1,€ 84,2019/08/11,2019/08/12,2,"9,1",7
Habitación doble,3599930,NA,Valencia,1,1,€ 90,2019/08/11,2019/08/12,0,9,7
La casita de Palomar,2132386,Apartamentos,Valencia,1,1,€ 95,2019/08/11,2019/08/12,0,"9,4",7
Hotel Valencia Alameda,4019381,NA,Valencia,1,1,€ 98,2019/08/11,2019/08/12,4,"9,3",7
Ruzzafa Codrut,3035322,Apartamento,Valencia,1,1,€ 100,2019/08/11,2019/08/12,0,"9,3",7
Apartments Madrina,3278589,Apartamentos,Valencia,1,1,€ 100,2019/08/11,2019/08/12,0,9,7
Estrella de russafa,5352439,NA,Valencia,1,1,NA,2019/08/11,2019/08/12,0,"9,8",7
Mon Suites San Nicolas,4117225,Apartamentos,Valencia,1,1,€ 101,2019/08/11,2019/08/12,0,"9,2",7
Citizentral Juristas,1113127,Apartamentos,Valencia,1,1,€ 103,2019/08/11,2019/08/12,0,"9,2",7
MARQUÉS HOUSE 4* SUP,2118880,NA,Valencia,1,1,€ 109,2019/08/11,2019/08/12,4,"9,4",7
APARTAMENTO CENTRICO. WI-FI. PARKING,2967593,Apartamento,Valencia,1,1,€ 110,2019/08/11,2019/08/12,0,"9,2",7
Mon Suites Catedral,485679,Apartamentos,Valencia,1,1,€ 115,2019/08/11,2019/08/12,0,"9,2",7
Valenciaflats Centro Ciudad,18544,Apartamentos,Valencia,1,1,€ 115,2019/08/11,2019/08/12,0,"9,1",7
Apartamento,3139431,Apartamento,Valencia,1,1,NA,2019/08/11,2019/08/12,0,"9,5",7
MD Design Hotel - Portal del Real,2391685,NA,Valencia,1,1,€ 120,2019/08/11,2019/08/12,2,"9,1",7
Tramontana Apartments,1277215,Apartamentos,Valencia,1,1,€ 120,2019/08/11,2019/08/12,0,9,7
Apartments Abate 4,2848648,Apartamentos,Valencia,1,1,€ 124,2019/08/11,2019/08/12,0,9,7
Apartamentos Wallace,1698355,Apartamentos,Valencia,1,1,€ 125,2019/08/11,2019/08/12,0,"9,2",7
OttoH Charm Stay,2459807,NA,Valencia,1,1,€ 129,2019/08/11,2019/08/12,0,"9,3",7
Apartamento Ruzafa Centro I,2006333,Apartamento,Valencia,1,1,€ 129,2019/08/11,2019/08/12,0,"9,2",7
Central Park Apartment Valencia,3881533,Apartamento,Valencia,1,1,NA,2019/08/11,2019/08/12,0,"9,6",7
MYR Hotel Plaza Mercado & Spa,1619029,Apartahotel,Valencia,1,1,€ 129,2019/08/11,2019/08/12,0,"9,2",7
BUBUSUITES by Bubuflats,2389776,NA,Valencia,1,1,€ 130,2019/08/11,2019/08/12,0,"9,3",7
HQ Rooms Apartments San Vicente,2894429,Apartamentos,Valencia,1,1,€ 131,2019/08/11,2019/08/12,0,"9,3",7
Sorolla Centro,90896,NA,Valencia,1,1,€ 132,2019/08/11,2019/08/12,3,"9,1",7
NH Collection Colón Valencia,3828811,NA,Valencia,1,1,€ 136,2019/08/11,2019/08/12,4,"9,2",7
APARTAMENTO CENTRO- RUZAFA. WI-FI. PARKING,3144104,Apartamento,Valencia,1,1,€ 140,2019/08/11,2019/08/12,0,"9,3",7
Valenciaflats Ciudad de las Ciencias,93676,Apartamentos,Valencia,1,1,€ 140,2019/08/11,2019/08/12,0,"9,1",7
RUZAFA. Nice apartment and Terrace.,4368595,Apartamento,Valencia,1,1,€ 159,2019/08/11,2019/08/12,0,"9,3",7
Ecobet Apartments,2963381,Apartamentos,Valencia,1,1,€ 162,2019/08/11,2019/08/12,0,"9,2",7
One Shot Mercat 09,2274203,NA,Valencia,1,1,€ 169,2019/08/11,2019/08/12,4,"9,1",7
Vincci Mercat,1279484,NA,Valencia,1,1,€ 170,2019/08/11,2019/08/12,4,9,7
Mon Suites San Martin,2777545,NA,Valencia,1,1,€ 230,2019/08/11,2019/08/12,0,"9,4",7
Zerka Sendra,4657122,NA,Valencia,1,1,€ 318,2019/08/11,2019/08/12,0,9,7
Maison Reina B&B,5004812,NA,Valencia,1,1,NA,2019/08/11,2019/08/12,0,"9,5",7
The River Hostel,494202,NA,Valencia,1,1,€ 32,2019/08/11,2019/08/12,0,"8,5",7
Cozy Apartment & Rooms Patraix,3833828,NA,Valencia,1,1,€ 38,2019/08/11,2019/08/12,0,"8,6",7
Quart Youth Hostel,476418,NA,Valencia,1,1,€ 45,2019/08/11,2019/08/12,0,"8,7",7
Pensión Alicante,298710,NA,Valencia,1,1,€ 47,2019/08/11,2019/08/12,0,"8,5",7
Homestay Carrer Sagun,5006434,NA,Valencia,1,1,€ 55,2019/08/11,2019/08/12,0,"8,7",7
Hogar Vera Apartments&Bikes,1807919,Apartamentos,Valencia,1,1,€ 174,2019/08/11,2019/08/12,0,"9,4",7
Flats Hondures,2194645,Apartamentos,Valencia,1,1,€ 184,2019/08/11,2019/08/12,0,"9,1",7
Sun Apartament Valencia @ City Arts & Sciences + Parking,3287719,Apartamento,Valencia,1,1,€ 185,2019/08/11,2019/08/12,0,"9,2",7
Colegio Mayor La Concepción,626558,NA,Valencia,1,1,€ 59,2019/08/11,2019/08/12,0,"8,6",7
La seda stay,3335523,NA,Valencia,1,1,NA,2019/08/11,2019/08/12,0,"9,7",7
7 Moons Bed & Breakfast,464187,NA,Valencia,1,1,€ 59,2019/08/11,2019/08/12,0,"8,5",7
Russafa Youth Hostel,345134,NA,Valencia,1,1,€ 59,2019/08/11,2019/08/12,0,"8,6",7
Valencia Suits You Citytel,1106307,NA,Valencia,1,1,€ 62,2019/08/11,2019/08/12,2,"8,7",7
Namaste Rooms,3799642,NA,Valencia,1,1,€ 70,2019/08/11,2019/08/12,0,"8,6",7
Hotel Malcom and Barret,483261,NA,Valencia,1,1,€ 72,2019/08/11,2019/08/12,3,"8,7",7
Hotel San Lorenzo Boutique,1307718,NA,Valencia,1,1,€ 72,2019/08/11,2019/08/12,3,"8,6",7
PORT VALENCIA PLAYA,5259971,NA,Valencia,1,1,NA,2019/08/11,2019/08/12,0,"9,7",7
UNIK. Apartments Valencia,2241282,NA,Valencia,1,1,€ 75,2019/08/11,2019/08/12,0,"8,5",7
Carrer de l'Escriptor Rafael Ferreres,4267645,NA,Valencia,1,1,€ 75,2019/08/11,2019/08/12,0,"8,6",7
Palau de Palomar,471283,Apartamentos,Valencia,1,1,€ 195,2019/08/11,2019/08/12,0,"9,1",7
Duplex en Blasco Ibáñez,3672426,Apartamento,Valencia,1,1,€ 200,2019/08/11,2019/08/12,0,"9,1",7
Caro Hotel,348132,NA,Valencia,1,1,€ 229,2019/08/11,2019/08/12,5,"9,2",7
Mon Suites San Martin,2777545,Apartamentos,Valencia,1,1,€ 230,2019/08/11,2019/08/12,0,"9,4",7
Catalonia Excelsior,90578,NA,Valencia,1,1,€ 110,2019/08/11,2019/08/12,3,"8,7",7
Friendly Rentals Nyman,3245521,Apartamento,Valencia,1,1,€ 110,2019/08/11,2019/08/12,0,"8,9",7
Casa Vich,4457634,Apartamento,Valencia,1,1,NA,2019/08/11,2019/08/12,0,"9,6",7
Blanq Carmen Hotel,97069,NA,Valencia,1,1,€ 112,2019/08/11,2019/08/12,3,"8,7",7
Welcomer Apartments Valencia,19363,Apartamentos,Valencia,1,1,€ 112,2019/08/11,2019/08/12,0,"8,6",7
B&B Hi Valencia Boutique,1301725,NA,Valencia,1,1,€ 113,2019/08/11,2019/08/12,0,"8,7",7
Flatsforyou Mercat,1367507,Apartamentos,Valencia,1,1,€ 115,2019/08/11,2019/08/12,3,"8,9",7
Hotel Alkazar,408511,NA,Valencia,1,1,€ 75,2019/08/11,2019/08/12,1,"8,1",7
Nanit Valencia Hostel,3913497,NA,Valencia,1,1,€ 75,2019/08/11,2019/08/12,0,"8,3",7
Stay at Valencia Downtown,1840715,Apartamento,Valencia,1,1,NA,2019/08/11,2019/08/12,0,"9,5",7
Balcón Al Mar,295109,NA,Valencia,1,1,€ 79,2019/08/11,2019/08/12,0,"8,4",7
Hotel Olympia Universidades,1301731,NA,Valencia,1,1,€ 79,2019/08/11,2019/08/12,3,"8,4",7
Tryp Valencia Feria,92852,NA,Valencia,1,1,€ 80,2019/08/11,2019/08/12,4,"8,3",7
Hotel Sercotel Acteón Valencia,90495,NA,Valencia,1,1,€ 81,2019/08/11,2019/08/12,4,"8,4",7
Aparthotel Valencia Rental,17344,Apartahotel,Valencia,1,1,€ 83,2019/08/11,2019/08/12,0,8,7
Happy Apartments Valencia – Lope de Vega,575582,Apartamentos,Valencia,1,1,€ 83,2019/08/11,2019/08/12,0,"8,1",7
Centro en Valencia,2885222,Apartamento,Valencia,1,1,NA,2019/08/11,2019/08/12,0,"9,5",7
Melia Valencia,290493,NA,Valencia,1,1,€ 77,2019/08/11,2019/08/12,4,"8,8",7
Sweet Hotel Continental,93856,NA,Valencia,1,1,€ 84,2019/08/11,2019/08/12,2,"8,3",7
Angel Guimera Rooms & Breakfast,2524241,NA,Valencia,1,1,€ 78,2019/08/11,2019/08/12,0,"8,8",7
Hotel El Siglo,1741479,NA,Valencia,1,1,€ 79,2019/08/11,2019/08/12,3,"8,5",7
Casual de las Artes Valencia,538056,NA,Valencia,1,1,€ 86,2019/08/11,2019/08/12,3,"8,4",7
NH Valencia Las Artes,90731,NA,Valencia,1,1,€ 86,2019/08/11,2019/08/12,4,"8,4",7
Happy Apartments Valencia,456043,Apartamentos,Valencia,1,1,€ 89,2019/08/11,2019/08/12,0,"8,2",7
Buho House,3777691,NA,Valencia,1,1,€ 79,2019/08/11,2019/08/12,0,"8,5",7
Garden Turia Downtown,5201200,NA,Valencia,1,1,NA,2019/08/11,2019/08/12,0,"9,9",7
ABCyou Bed&Breakfast,189207,NA,Valencia,1,1,€ 79,2019/08/11,2019/08/12,0,"8,5",7
Valencia maritimo,3020748,NA,Valencia,1,1,€ 80,2019/08/11,2019/08/12,0,"8,8",7
Hotel Valencia Center,91285,NA,Valencia,1,1,€ 89,2019/08/11,2019/08/12,4,"8,4",7
Ilunion Valencia 4,754329,NA,Valencia,1,1,€ 89,2019/08/11,2019/08/12,4,8,7
City Center Atico 360,3025679,Apartamento,Valencia,1,1,NA,2019/08/11,2019/08/12,0,"9,6",7
Casual Vintage Valencia,1710241,NA,Valencia,1,1,€ 84,2019/08/11,2019/08/12,2,"8,5",7
Soho Valencia,1538641,NA,Valencia,1,1,€ 84,2019/08/11,2019/08/12,0,"8,9",7
AC Hotel Valencia- a Marriott Lifestyle Hotel,91063,NA,Valencia,1,1,€ 84,2019/08/11,2019/08/12,4,"8,6",7
València Centre Torres de Quart,886289,NA,Valencia,1,1,€ 85,2019/08/11,2019/08/12,0,"8,9",7
CÓMODAS HABITACIONES CERCA DE LA PLAYA,5041799,NA,Valencia,1,1,NA,2019/08/11,2019/08/12,0,"9,5",7
Zalamera BnB,1331238,NA,Valencia,1,1,€ 85,2019/08/11,2019/08/12,0,"8,7",7
Sercotel Sorolla Palace,93646,NA,Valencia,1,1,€ 85,2019/08/11,2019/08/12,4,"8,6",7
Home Youth Hostel by Feetup Hostels,189322,NA,Valencia,1,1,€ 85,2019/08/11,2019/08/12,0,"8,8",7
Casa del Patriarca,364834,NA,Valencia,1,1,€ 86,2019/08/11,2019/08/12,0,"8,9",7
Ad Hoc Carmen,1173270,NA,Valencia,1,1,€ 89,2019/08/11,2019/08/12,2,"8,9",7
Hotel Kramer,91106,NA,Valencia,1,1,€ 89,2019/08/11,2019/08/12,3,"8,8",7
Ciudad Ciencias- Lujo- Parking- Wi-Fi.,4999636,NA,Valencia,1,1,NA,2019/08/11,2019/08/12,0,"9,8",7
Petit Palace Ruzafa,90792,NA,Valencia,1,1,€ 89,2019/08/11,2019/08/12,3,"8,7",7
El Palacete Gran Via,3483148,NA,Valencia,1,1,€ 89,2019/08/11,2019/08/12,0,"8,7",7
NH Valencia Center,90727,NA,Valencia,1,1,€ 90,2019/08/11,2019/08/12,4,"8,3",7
Senator Parque Central Hotel,274963,NA,Valencia,1,1,€ 90,2019/08/11,2019/08/12,4,"8,1",7
Atico En El Centro,2347147,Apartamento,Valencia,1,1,€ 90,2019/08/11,2019/08/12,0,"8,4",7
Jardín Botánico Hotel Boutique,93369,NA,Valencia,1,1,€ 90,2019/08/11,2019/08/12,3,"8,9",7
NH Ciudad de Valencia,90729,NA,Valencia,1,1,€ 91,2019/08/11,2019/08/12,3,"8,1",7
Primus Valencia,331871,NA,Valencia,1,1,€ 96,2019/08/11,2019/08/12,4,"8,3",7
NH Valencia Las Ciencias,90725,NA,Valencia,1,1,€ 96,2019/08/11,2019/08/12,3,8,7
Atico Loft Ruzafa,3152977,Apartamento,Valencia,1,1,NA,2019/08/11,2019/08/12,0,"9,7",7
Reina's Apartment,2130930,Apartamentos,Valencia,1,1,€ 98,2019/08/11,2019/08/12,0,"8,4",7
Silken Puerta Valencia,91182,NA,Valencia,1,1,€ 98,2019/08/11,2019/08/12,4,"8,3",7
United Colors of Apartments - Catedral,1301545,Apartamentos,Valencia,1,1,€ 99,2019/08/11,2019/08/12,0,"8,2",7
Hotel Conqueridor,91047,NA,Valencia,1,1,€ 100,2019/08/11,2019/08/12,4,"8,4",7
Zenit Valencia,92327,NA,Valencia,1,1,€ 93,2019/08/11,2019/08/12,4,"8,8",7
Hotel Valencia Oceanic Managed by Melia Hotels International,91522,NA,Valencia,1,1,€ 93,2019/08/11,2019/08/12,4,"8,6",7
AC Hotel Colon Valencia- a Marriott Lifestyle Hotel,1117150,NA,Valencia,1,1,€ 119,2019/08/11,2019/08/12,4,"8,6",7
Apartamento Panorámico- próximo Playa- Wifi-AC,4978144,Apartamento,Valencia,1,1,€ 120,2019/08/11,2019/08/12,0,"9,1",7
Lotelito,570027,NA,Valencia,1,1,€ 95,2019/08/11,2019/08/12,0,"8,9",7
Rooms Ciencias,94126,NA,Valencia,1,1,€ 99,2019/08/11,2019/08/12,0,"8,9",7
Pio XII Apartments Valencia,402080,NA,Valencia,1,1,€ 99,2019/08/11,2019/08/12,0,"8,5",7
Barceló Valencia,91988,NA,Valencia,1,1,€ 100,2019/08/11,2019/08/12,4,"8,6",7
Citizentral Gascons,332095,NA,Valencia,1,1,€ 102,2019/08/11,2019/08/12,0,"8,7",7
la casita,4333253,Apartamento,Valencia,1,1,NA,2019/08/11,2019/08/12,0,"9,7",7
Valenciaflats Mercado Central,307677,Apartamentos,Valencia,1,1,€ 125,2019/08/11,2019/08/12,0,"8,9",7
Valenciaflats Centro Histórico,94781,Apartamentos,Valencia,1,1,€ 130,2019/08/11,2019/08/12,0,"8,7",7
BUBUFLATS / Mercat,783206,Apartamentos,Valencia,1,1,€ 130,2019/08/11,2019/08/12,0,"8,9",7
Flatsforyou Sorolla House,403442,Apartamentos,Valencia,1,1,€ 130,2019/08/11,2019/08/12,0,"8,5",7
SHF Flats Baron,1033085,Apartamentos,Valencia,1,1,€ 100,2019/08/11,2019/08/12,0,8,7
Boutique Creative Rooms,2334726,NA,Valencia,1,1,€ 104,2019/08/11,2019/08/12,0,"8,7",7
Casual del Cine Valencia,572187,NA,Valencia,1,1,€ 104,2019/08/11,2019/08/12,2,"8,6",7
Eurostars Gran Valencia,90484,NA,Valencia,1,1,€ 102,2019/08/11,2019/08/12,4,"8,3",7
Valencia what else...,2550483,Apartamento,Valencia,1,1,NA,2019/08/11,2019/08/12,0,"9,5",7
MD Modern Hotel - Jardines,305447,NA,Valencia,1,1,€ 104,2019/08/11,2019/08/12,1,"8,2",7
Vincci Palace,94163,NA,Valencia,1,1,€ 130,2019/08/11,2019/08/12,4,"8,6",7
MODERNO Y ACOGEDOR FRENTE A RUZAFA Y CERCA DEL CENTRO,4490444,Apartamento,Valencia,1,1,€ 132,2019/08/11,2019/08/12,0,"8,8",7
Apartamentos Plaza Picasso,97063,Apartamentos,Valencia,1,1,€ 104,2019/08/11,2019/08/12,0,"8,4",7
Atico Ciutat Vella,3446230,Apartamentos,Valencia,1,1,€ 105,2019/08/11,2019/08/12,0,"8,3",7
Hotel Medium Valencia,96838,NA,Valencia,1,1,€ 108,2019/08/11,2019/08/12,4,"8,2",7
Classic Flat Valencia,4245614,Apartamento,Valencia,1,1,NA,2019/08/11,2019/08/12,0,"9,5",7
ValentiaApartments - MercadoCentral,4185241,Apartamentos,Valencia,1,1,€ 136,2019/08/11,2019/08/12,0,"8,7",7
Dormavalencia Hostel,249585,NA,Valencia,1,1,€ 115,2019/08/11,2019/08/12,1,"8,2",7
APARTAMENTO LAS MELLIZAS,4651578,NA,Valencia,1,1,€ 59,2019/08/11,2019/08/12,0,"8,4",7
BONNIES Suites & Spa Valencia,3631910,Apartamentos,Valencia,1,1,NA,2019/08/11,2019/08/12,0,"9,8",7
NWT Central Station Apartments,3964093,Apartamento,Valencia,1,1,€ 119,2019/08/11,2019/08/12,0,"8,4",7
Casa Cabañal,2436758,Casa o chalet,Valencia,1,1,€ 138,2019/08/11,2019/08/12,0,"8,9",7
Flatsforyou Port,733673,Apartamentos,Valencia,1,1,€ 140,2019/08/11,2019/08/12,0,"8,5",7
SH Valencia Palace,91497,NA,Valencia,1,1,€ 140,2019/08/11,2019/08/12,5,"8,5",7
Ad Hoc Monumental,90719,NA,Valencia,1,1,€ 104,2019/08/11,2019/08/12,3,"8,6",7
Melia Plaza Valencia,13270,NA,Valencia,1,1,€ 105,2019/08/11,2019/08/12,4,"8,9",7
Les flors,3985046,NA,Valencia,1,1,€ 106,2019/08/11,2019/08/12,0,"8,8",7
Ilunion Aqua 4,92777,NA,Valencia,1,1,€ 107,2019/08/11,2019/08/12,4,"8,5",7
Vincci Lys,91183,NA,Valencia,1,1,€ 140,2019/08/11,2019/08/12,4,"8,9",7
Hotel Neptuno,91206,NA,Valencia,1,1,€ 144,2019/08/11,2019/08/12,4,"8,5",7
Apartamento Frederick “Centrico y con Clase”,4236394,Apartamento,Valencia,1,1,NA,2019/08/11,2019/08/12,0,"9,7",7
Suites by Eric Olsan (Florista),4726450,NA,Valencia,1,1,€ 108,2019/08/11,2019/08/12,0,"8,6",7
Hotel Dimar,90886,NA,Valencia,1,1,€ 108,2019/08/11,2019/08/12,4,"8,7",7
Ático Oasis de Ruzafa,2639518,Apartamento,Valencia,1,1,€ 151,2019/08/11,2019/08/12,0,"8,9",7
Flatsforyou Ruzafa,3342696,Apartamentos,Valencia,1,1,€ 160,2019/08/11,2019/08/12,0,"8,8",7
Ático de Lujo Plaza Ayuntamiento,1927576,Apartamento,Valencia,1,1,€ 164,2019/08/11,2019/08/12,0,"8,6",7
Hospes Palau de La Mar,93823,NA,Valencia,1,1,€ 176,2019/08/11,2019/08/12,5,"8,8",7
SH Ingles Boutique Hotel,92956,NA,Valencia,1,1,€ 120,2019/08/11,2019/08/12,4,"8,4",7
Valenciaflats Torres de Serrano,17468,Apartamentos,Valencia,1,1,€ 120,2019/08/11,2019/08/12,0,"8,3",7
Apartamento Cuatro Carreres,2743149,Apartamento,Valencia,1,1,€ 125,2019/08/11,2019/08/12,0,"8,2",7
Ilunion Aqua 3,92776,NA,Valencia,1,1,€ 125,2019/08/11,2019/08/12,3,"8,3",7
Living Valencia - Tetuán,3217954,Apartamentos,Valencia,1,1,€ 125,2019/08/11,2019/08/12,0,"8,1",7
Plaza de la Virgen,3167342,Apartamento,Valencia,1,1,€ 185,2019/08/11,2019/08/12,0,"8,7",7
Apartamentos Dormavalencia,4450983,Apartamentos,Valencia,1,1,€ 187,2019/08/11,2019/08/12,0,"8,6",7
Constitución,4229663,Apartamento,Valencia,1,1,NA,2019/08/11,2019/08/12,0,"9,6",7
El Coso,14580,NA,Valencia,1,1,€ 130,2019/08/11,2019/08/12,3,"8,2",7
The Westin Valencia,93321,NA,Valencia,1,1,€ 198,2019/08/11,2019/08/12,5,"8,7",7
Petit Palace Plaza de la Reina,90443,NA,Valencia,1,1,€ 198,2019/08/11,2019/08/12,3,"8,7",7
Atico Ruzafa,2071194,Apartamento,Valencia,1,1,€ 201,2019/08/11,2019/08/12,0,"8,6",7
Zerka Centro,4425975,Apartamentos,Valencia,1,1,€ 208,2019/08/11,2019/08/12,0,"8,5",7
Isabel,4442066,Apartamento,Valencia,1,1,€ 230,2019/08/11,2019/08/12,0,"8,6",7
SingularStays Parque Central,3054000,Apartamentos,Valencia,1,1,€ 282,2019/08/11,2019/08/12,0,"8,8",7
Lovely Apartment!,3377663,Apartamentos,Valencia,1,1,€ 132,2019/08/11,2019/08/12,0,"8,4",7
Friendly Rentals Desplat,4120221,Apartamento,Valencia,1,1,€ 140,2019/08/11,2019/08/12,0,"8,4",7
Living Valencia Ayuntamiento,1831537,Apartamentos,Valencia,1,1,€ 143,2019/08/11,2019/08/12,0,8,7
Cómoda habitación Valencia,4200488,NA,Valencia,1,1,NA,2019/08/11,2019/08/12,0,"9,5",7
Urban Youth Hostel,1163025,NA,Valencia,1,1,€ 32,2019/08/11,2019/08/12,0,"8,4",7
Habitacion en Valencia Barata,4861796,NA,Valencia,1,1,€ 38,2019/08/11,2019/08/12,0,"8,2",7
Holiday Inn Express Ciudad de las Ciencias,96737,NA,Valencia,1,1,€ 153,2019/08/11,2019/08/12,3,8,7
Living Valencia Apartments - Merced,12120,Apartamento,Valencia,1,1,€ 162,2019/08/11,2019/08/12,0,"8,4",7
CENTRO VALENCIA NUEVO (38),4093876,Apartamento,Valencia,1,1,€ 176,2019/08/11,2019/08/12,0,"8,3",7
HOSPEDAJE PESET,4718074,NA,Valencia,1,1,€ 50,2019/08/11,2019/08/12,0,"8,1",7
Red Nest Hostel,92283,NA,Valencia,1,1,€ 51,2019/08/11,2019/08/12,0,"8,2",7
Purple Nest Hostel,25278,NA,Valencia,1,1,€ 53,2019/08/11,2019/08/12,0,8,7
Break Room,5030926,NA,Valencia,1,1,€ 60,2019/08/11,2019/08/12,0,"8,3",7
Pension MonaLisa Luxury Suites,3834224,NA,Valencia,1,1,€ 60,2019/08/11,2019/08/12,0,"8,2",7
Reina 12,1684198,NA,Valencia,1,1,€ 60,2019/08/11,2019/08/12,0,"8,3",7
Residencia Universitaria Damia Bonet,247451,NA,Valencia,1,1,€ 61,2019/08/11,2019/08/12,0,"8,4",7
Plaza Redonda Apartments,1665625,Apartamentos,Valencia,1,1,€ 64,2019/08/11,2019/08/12,0,8,7
L'Otelet By Sweet,1467935,NA,Valencia,1,1,€ 64,2019/08/11,2019/08/12,0,"8,3",7
Innsa,503793,NA,Valencia,1,1,€ 65,2019/08/11,2019/08/12,0,"8,3",7
Dormavalencia Hostel Regne,291755,NA,Valencia,1,1,€ 70,2019/08/11,2019/08/12,1,8,7
Hotel Gabbeach,403586,NA,Valencia,1,1,€ 199,2019/08/11,2019/08/12,3,"8,4",7
Musico Peydro Apartments,3765069,Apartamentos,Valencia,1,1,€ 215,2019/08/11,2019/08/12,0,"8,1",7
Flatsforyou Las Arcadias,473415,Apartamentos,Valencia,1,1,€ 215,2019/08/11,2019/08/12,0,"8,4",7
Living Valencia - Patacona Beach 15,2213630,Apartamentos,Valencia,1,1,€ 251,2019/08/11,2019/08/12,0,"8,4",7
Apartamento Torres de Serrano,5083131,Apartamento,Valencia,1,1,€ 275,2019/08/11,2019/08/12,0,"8,4",7
Eurostars Rey Don Jaime,91520,NA,Valencia,1,1,€ 71,2019/08/11,2019/08/12,4,"8,2",7
Alquiler Habitacion Centro De Valencia,3977106,NA,Valencia,1,1,€ 72,2019/08/11,2019/08/12,0,8,7
Palacios Rooms,2773548,NA,Valencia,1,1,€ 74,2019/08/11,2019/08/12,0,"8,3",7
Sweet Hotel Renasa,274818,NA,Valencia,1,1,€ 74,2019/08/11,2019/08/12,3,8,7
B&B El Mercat,2203530,NA,Valencia,1,1,€ 120,2019/08/11,2019/08/12,0,"7,3",7
Malvarrosa Beach Rooms,314048,NA,Valencia,1,1,€ 120,2019/08/11,2019/08/12,2,"7,1",7
La seda stay,3335523,Apartamento,Valencia,1,1,NA,2019/08/11,2019/08/12,0,"9,7",7
Valencia Apartments,4367788,Apartamentos,Valencia,1,1,€ 123,2019/08/11,2019/08/12,0,"7,2",7
Valencia WIFI City Beach Economy,2215541,Apartamento,Valencia,1,1,€ 166,2019/08/11,2019/08/12,0,"7,1",7
B&B Hi Valencia Canovas,305349,NA,Valencia,1,1,€ 74,2019/08/11,2019/08/12,0,"8,4",7
Valencia Luxury Town Hall,866934,Apartamentos,Valencia,1,1,€ 170,2019/08/11,2019/08/12,0,7,7
Las casitas de la playa,3177809,Apartamentos,Valencia,1,1,€ 178,2019/08/11,2019/08/12,0,"7,2",7
Valencia Boutique Ayuntamiento,343355,Apartamentos,Valencia,1,1,€ 200,2019/08/11,2019/08/12,0,"7,2",7
Valencia Luxury La Paz,1107542,Apartamentos,Valencia,1,1,€ 245,2019/08/11,2019/08/12,0,"7,2",7
Apartment Cisneros 2,2361375,Apartamento,Valencia,1,1,NA,2019/08/11,2019/08/12,0,"9,7",7
Valencia Luxury Catedral,440778,Apartamentos,Valencia,1,1,€ 280,2019/08/11,2019/08/12,0,"7,1",7
Geography and Arts.,3569110,NA,Valencia,1,1,€ 60,2019/08/11,2019/08/12,0,"6,6",7
UP Hostel Valencia,1710137,NA,Valencia,1,1,€ 34,2019/08/11,2019/08/12,0,"7,8",7
Premium Apartments,486507,Apartamentos,Valencia,1,1,€ 104,2019/08/11,2019/08/12,0,"6,9",7
Apartamento para 10 personas,5029963,Apartamento,Valencia,1,1,€ 200,2019/08/11,2019/08/12,0,"6,9",7
Valencia Boutique Center,387770,Apartamentos,Valencia,1,1,€ 320,2019/08/11,2019/08/12,0,"6,9",7
Malvarrosa Beach,3546692,Casas y chalets,Valencia,1,1,€ 1.260,2019/08/11,2019/08/12,0,"6,9",7
Center Valencia Youth Hostel,246931,NA,Valencia,1,1,€ 17,2019/08/11,2019/08/12,0,"7,9",7
Homely Nest Valencia El Carme,3790877,Apartamento,Valencia,1,1,NA,2019/08/11,2019/08/12,0,"9,8",7
Apart and Benef,2291245,NA,Valencia,1,1,€ 38,2019/08/11,2019/08/12,0,"7,7",7
Tres Forques,2854630,Apartamento,Valencia,1,1,NA,2019/08/11,2019/08/12,0,"9,5",7
Fun and Sun Center 2,2944416,NA,Valencia,1,1,€ 45,2019/08/11,2019/08/12,0,"6,2",7
Kirei Apartment Portland,4276529,Apartamentos,Valencia,1,1,€ 155,2019/08/11,2019/08/12,0,6,7
RoomTuristValencia - Ruzafa,4608394,NA,Valencia,1,1,€ 35,2019/08/11,2019/08/12,0,"5,8",7
Pensión Universal,304276,NA,Valencia,1,1,€ 42,2019/08/11,2019/08/12,0,"7,9",7
Ruzafa Guesthouse,2269176,NA,Valencia,1,1,€ 40,2019/08/11,2019/08/12,0,"5,6",7
Guest House Torres de Quart,2275006,NA,Valencia,1,1,€ 45,2019/08/11,2019/08/12,0,"5,5",7
Albergue Juvenil Colegio Mayor Galileo Galilei,253103,NA,Valencia,1,1,€ 46,2019/08/11,2019/08/12,0,"7,9",7
Hostal Moratin,326015,NA,Valencia,1,1,€ 48,2019/08/11,2019/08/12,1,"7,9",7
Home Sweet Home,1223953,NA,Valencia,1,1,€ 60,2019/08/11,2019/08/12,0,"5,6",7
PORT VALENCIA PLAYA,5259971,Apartamento,Valencia,1,1,NA,2019/08/11,2019/08/12,0,"9,7",7
Carrer del Bisbe Jaume Pérez,4900140,NA,Valencia,1,1,€ 60,2019/08/11,2019/08/12,0,"5,8",7
Oliver,4865093,NA,Valencia,1,1,€ 73,2019/08/11,2019/08/12,0,"5,7",7
Voyagers Inn Homestay,2682156,NA,Valencia,1,1,€ 48,2019/08/11,2019/08/12,0,"7,8",7
Valencia Russafa,4454999,NA,Valencia,1,1,€ 50,2019/08/11,2019/08/12,0,"7,8",7
Luxury Beach House,3602594,Casa o chalet,Valencia,1,1,NA,2019/08/11,2019/08/12,0,"9,7",7
Kirei Apartment Berlin,4504570,Apartamentos,Valencia,1,1,€ 115,2019/08/11,2019/08/12,0,"5,5",7
RoomTuristValencia Estacion del Norte,4682632,NA,Valencia,1,1,€ 35,2019/08/11,2019/08/12,0,"5,4",7
Guest House Duc de Gaeta,2275007,NA,Valencia,1,1,€ 38,2019/08/11,2019/08/12,0,5,7
Habitación San Cayetano,4624401,NA,Valencia,1,1,€ 50,2019/08/11,2019/08/12,0,"7,7",7
Casual Civilizaciones Valencia,449777,NA,Valencia,1,1,€ 50,2019/08/11,2019/08/12,0,"7,9",7
Hospederia del Pilar,327766,NA,Valencia,1,1,€ 54,2019/08/11,2019/08/12,0,"7,9",7
RoomTuristValencia RuzafaSumsi,4682802,NA,Valencia,1,1,€ 45,2019/08/11,2019/08/12,0,5,7
El Rincón de Las Artes,2194749,Apartamento,Valencia,1,1,NA,2019/08/11,2019/08/12,0,"9,7",7
Guest House Ruzafa,2324552,NA,Valencia,1,1,€ 60,2019/08/11,2019/08/12,0,"5,3",7
Como en casa,4802186,NA,Valencia,1,1,€ 54,2019/08/11,2019/08/12,0,"7,9",7
Hotel Beleret,94652,NA,Valencia,1,1,€ 56,2019/08/11,2019/08/12,3,"7,6",7
Guesthouse Plaza de Toros,2985902,NA,Valencia,1,1,€ 32,2019/08/11,2019/08/12,0,"4,9",7
RoomTuristValencia Torres de Quart,4565643,NA,Valencia,1,1,€ 35,2019/08/11,2019/08/12,0,"4,9",7
Valencia Lounge Hostel,337203,NA,Valencia,1,1,€ 58,2019/08/11,2019/08/12,0,"7,8",7
Apartamento en la Ciudad de las Artes y las Ciencias,3552283,Apartamento,Valencia,1,1,NA,2019/08/11,2019/08/12,0,"9,5",7
Hostal Bisbal,235665,NA,Valencia,1,1,€ 60,2019/08/11,2019/08/12,1,"7,5",7
Constitucion Guesthouse,2985942,NA,Valencia,1,1,€ 35,2019/08/11,2019/08/12,0,"3,3",7
Habitación muy cerca de la playa.,5395908,NA,Valencia,1,1,€ 40,2019/08/11,2019/08/12,0,,7
Amplia habitación en piso compartido,5433175,NA,Valencia,1,1,€ 50,2019/08/11,2019/08/12,0,,7
B&B Hotel Valencia Ciudad de las Ciencias,92242,NA,Valencia,1,1,€ 62,2019/08/11,2019/08/12,3,"7,5",7
Hostal Penalty,189209,NA,Valencia,1,1,€ 62,2019/08/11,2019/08/12,1,"7,9",7
Arts Sciences Apartment,2228062,Apartamento,Valencia,1,1,NA,2019/08/11,2019/08/12,0,"9,7",7
vosotros sereis parte de mi familia.,5299568,NA,Valencia,1,1,€ 55,2019/08/11,2019/08/12,0,,7
Casita bonita con piscina y jardin,5294677,NA,Valencia,1,1,€ 75,2019/08/11,2019/08/12,0,,7
Casa de la Reina,5394089,NA,Valencia,1,1,€ 75,2019/08/11,2019/08/12,0,,7
Acogedor apartamento en zona universitaria y playa,5414090,Casa o chalet,Valencia,1,1,€ 86,2019/08/11,2019/08/12,0,,7
Miresa flats 2.1A,5399747,Apartamento,Valencia,1,1,€ 90,2019/08/11,2019/08/12,0,,7
Hotel Turia,14441,NA,Valencia,1,1,€ 69,2019/08/11,2019/08/12,4,"7,5",7
Casual Socarrat Valencia,5142800,NA,Valencia,1,1,€ 100,2019/08/11,2019/08/12,3,,7
Loft Turia Gran,5133726,Apartamento,Valencia,1,1,€ 113,2019/08/11,2019/08/12,0,,7
CATHEDRAL MODERN 2BR- 1BA- WIFI- A\C- BALCONY,5263725,Apartamento,Valencia,1,1,€ 149,2019/08/11,2019/08/12,0,,7
Catedral Reina Apartaments,5348651,Apartamentos,Valencia,1,1,€ 150,2019/08/11,2019/08/12,0,,7
OYO Pensión El Rincón,476031,NA,Valencia,1,1,€ 69,2019/08/11,2019/08/12,1,"7,8",7
Cosy Rooms Tapinería,371192,NA,Valencia,1,1,€ 70,2019/08/11,2019/08/12,2,"7,5",7
Apartamento luminoso y acogedor,3489126,Apartamento,Valencia,1,1,NA,2019/08/11,2019/08/12,0,"9,6",7
Valencia Puerto Beach 3BD Apartment,5249773,Apartamento,Valencia,1,1,€ 201,2019/08/11,2019/08/12,0,,7
"Flat ""Ca Alexandre""",3687859,Apartamento,Valencia,1,1,€ 220,2019/08/11,2019/08/12,0,,7
Hogar Dulce Hogar,5441488,NA,Valencia,1,1,€ 230,2019/08/11,2019/08/12,0,,7
Ilunion Valencia 3,92818,NA,Valencia,1,1,€ 86,2019/08/11,2019/08/12,3,"7,9",7
Checkin Valencia,93743,NA,Valencia,1,1,€ 89,2019/08/11,2019/08/12,4,"7,8",7
MD POETA ANDRES CABRELLES,5385067,Apartamento,Valencia,1,1,€ 231,2019/08/11,2019/08/12,0,,7
Espaciosa y cómoda vivienda,5342327,Apartamento,Valencia,1,1,€ 238,2019/08/11,2019/08/12,0,,7
17 PLAZA AYUNTAMIENTO-CENTRO 6p.,4093819,Apartamento,Valencia,1,1,€ 239,2019/08/11,2019/08/12,0,,7
Apartamento con terraza,5238122,Apartahotel,Valencia,1,1,€ 240,2019/08/11,2019/08/12,0,,7
Expo Hotel Valencia,91223,NA,Valencia,1,1,€ 98,2019/08/11,2019/08/12,3,"7,6",7
SEA YOU HOTEL PORT VALENCIA,92328,NA,Valencia,1,1,€ 105,2019/08/11,2019/08/12,4,"7,6",7
Duplex Penthouse,5436230,Apartamento,Valencia,1,1,€ 251,2019/08/11,2019/08/12,0,,7
MD PASEO RUZAFA CENTER,5374850,Apartamento,Valencia,1,1,€ 502,2019/08/11,2019/08/12,0,,7
City Center Apartments,4426057,Apartamentos,Valencia,1,1,€ 117,2019/08/11,2019/08/12,0,"7,8",7
Torres Quart,3702234,Apartamentos,Valencia,1,1,€ 123,2019/08/11,2019/08/12,0,"7,8",7
Moderno Apartamento en la playa del Cabanyal,3432824,Apartamento,Valencia,1,1,NA,2019/08/11,2019/08/12,0,"9,6",7
El 16 Ruzafa,865461,Apartamentos,Valencia,1,1,€ 124,2019/08/11,2019/08/12,0,"7,7",7
El Globo,24498,NA,Valencia,1,1,€ 160,2019/08/11,2019/08/12,1,"7,8",7
Valencia Luxury Central Market,1078335,Apartamentos,Valencia,1,1,€ 170,2019/08/11,2019/08/12,0,"7,5",7
Valencia Luxury Attics Ayuntamiento,337092,Apartamentos,Valencia,1,1,€ 170,2019/08/11,2019/08/12,0,"7,5",7
Blasco Ibañez - Playa,2727277,Apartamento,Valencia,1,1,€ 195,2019/08/11,2019/08/12,0,"7,9",7
Living Valencia - Patacona Beach 7,1391054,Apartamentos,Valencia,1,1,€ 199,2019/08/11,2019/08/12,0,"7,7",7
Cool Central Market,3424724,Apartamento,Valencia,1,1,NA,2019/08/11,2019/08/12,0,"9,9",7
MD Abastos Center,2551194,Apartamento,Valencia,1,1,€ 449,2019/08/11,2019/08/12,0,"7,7",7
Guest House Samuel Ros,4161855,NA,Valencia,1,1,€ 35,2019/08/11,2019/08/12,0,"7,4",7
63 Carrer d'Ernest Anastasio,4594613,NA,Valencia,1,1,€ 37,2019/08/11,2019/08/12,0,"7,1",7
La Flamenca,818359,NA,Valencia,1,1,€ 40,2019/08/11,2019/08/12,0,"7,3",7
Hostal Residencial RR,450746,NA,Valencia,1,1,€ 50,2019/08/11,2019/08/12,0,7,7
PISO ACOGEDOR,4995780,NA,Valencia,1,1,€ 50,2019/08/11,2019/08/12,0,"7,2",7
Ruzafa Rooms,2891693,NA,Valencia,1,1,€ 60,2019/08/11,2019/08/12,0,7,7
Casual de la Música Valencia,273130,NA,Valencia,1,1,€ 68,2019/08/11,2019/08/12,2,"7,4",7
Murillo Apartment,408163,Apartamento,Valencia,1,1,€ 68,2019/08/11,2019/08/12,0,"7,1",7
Cosy Rooms Bolsería,371606,NA,Valencia,1,1,€ 70,2019/08/11,2019/08/12,2,"7,4",7
Cosy Rooms Embajador,369728,NA,Valencia,1,1,€ 70,2019/08/11,2019/08/12,2,"7,4",7
Plaza Redonda house.,4399973,NA,Valencia,1,1,€ 74,2019/08/11,2019/08/12,0,"7,4",7
Centro Valencia Calle Cerrajeros,3476261,NA,Valencia,1,1,€ 75,2019/08/11,2019/08/12,0,7,7
Central Station Valencia Hostel,1647017,NA,Valencia,1,1,€ 79,2019/08/11,2019/08/12,0,"7,1",7
Homestay & OLEE,4132920,NA,Valencia,1,1,€ 80,2019/08/11,2019/08/12,0,"7,4",7
HOSTAL BED OF THE SEA,3974636,NA,Valencia,1,1,€ 82,2019/08/11,2019/08/12,0,7,7
NWT Monserrat,3728842,Apartamentos,Valencia,1,1,€ 94,2019/08/11,2019/08/12,0,"7,1",7
Suites by Eric Olsan (L),4287413,Apartamentos,Valencia,1,1,€ 111,2019/08/11,2019/08/12,0,"7,3",7
