name,propertyId,propertyType,city,rooms,days,price,checkIn,checkOut,stars,score,advance
Valencian Dreams,3268804,Apartamento,Valencia,1,1,€ 103,2019/09/28,2019/09/29,0,"9,8",30
Olympia Flats,4212801,NA,Valencia,1,1,€ 60,2019/09/28,2019/09/29,0,"9,7",30
VALENCIA APARTAMENTO GOYA,4256653,Apartamento,Valencia,1,1,NA,2019/09/28,2019/09/29,0,10,30
Habitacion por dias Centro Valencia,3977106,NA,Valencia,1,1,€ 64,2019/09/28,2019/09/29,0,"7,9",30
Centro & Viaje,4215175,NA,Valencia,1,1,€ 68,2019/09/28,2019/09/29,0,"7,6",30
Ciudad Ciencias- Lujo- Parking- Wi-Fi.,4999636,Apartamento,Valencia,1,1,NA,2019/09/28,2019/09/29,0,"9,8",30
Hostal Moratin,326015,NA,Valencia,1,1,€ 70,2019/09/28,2019/09/29,1,"7,9",30
Valencia Lounge Hostel,337203,NA,Valencia,1,1,€ 79,2019/09/28,2019/09/29,0,"7,8",30
B&B Hotel Valencia Ciudad de las Ciencias,92242,NA,Valencia,1,1,€ 80,2019/09/28,2019/09/29,3,"7,5",30
MyHomestay,2921259,NA,Valencia,1,1,€ 85,2019/09/28,2019/09/29,0,"7,6",30
Hotel Turia,14441,NA,Valencia,1,1,€ 95,2019/09/28,2019/09/29,4,"7,5",30
Plaza Sainetero 5,3148458,Apartamento,Valencia,1,1,€ 102,2019/09/28,2019/09/29,0,"7,8",30
la casita,4333253,Apartamento,Valencia,1,1,NA,2019/09/28,2019/09/29,0,"9,8",30
Ilunion Valencia 3,92818,NA,Valencia,1,1,€ 103,2019/09/28,2019/09/29,3,"7,9",30
SEA YOU HOTEL PORT VALENCIA,92328,NA,Valencia,1,1,€ 106,2019/09/28,2019/09/29,4,"7,6",30
Checkin Valencia,93743,NA,Valencia,1,1,€ 107,2019/09/28,2019/09/29,4,"7,8",30
Casual de la Música Valencia,273130,NA,Valencia,1,1,€ 110,2019/09/28,2019/09/29,2,"7,5",30
Apartamento Alguer,4005334,Apartamento,Valencia,1,1,€ 125,2019/09/28,2019/09/29,0,"7,5",30
OYO Pensión El Rincón,476031,NA,Valencia,1,1,€ 131,2019/09/28,2019/09/29,1,"7,6",30
KOA Centric- comfy and relaxed with style in Ruzafa,4105224,Apartamento,Valencia,1,1,NA,2019/09/28,2019/09/29,0,"9,9",30
Apartamento Angel Alcazar 35,2174625,Apartamento,Valencia,1,1,€ 145,2019/09/28,2019/09/29,0,"7,5",30
Nest Style Valencia -Nueva apertura-,5219046,NA,Valencia,1,1,€ 128,2019/09/28,2019/09/29,3,"9,7",30
Ramirez Flats & Bar,4124528,Apartahotel,Valencia,1,1,€ 135,2019/09/28,2019/09/29,0,"9,5",30
Duplex+Swimming pool+private entrance=Housen of LOVE,2999152,Apartamento,Valencia,1,1,€ 135,2019/09/28,2019/09/29,0,"9,5",30
Apartamento Comedias,2236348,Apartamento,Valencia,1,1,€ 168,2019/09/28,2019/09/29,0,"9,8",30
Disfruta - Enjoy Valencia Ruzafa,3890328,Apartamento,Valencia,1,1,€ 248,2019/09/28,2019/09/29,0,"9,7",30
Disfruta - Enjoy Valencia Centre,3881970,Apartamento,Valencia,1,1,€ 249,2019/09/28,2019/09/29,0,"9,8",30
Hostal Antigua Morellana,1273937,NA,Valencia,1,1,NA,2019/09/28,2019/09/29,1,"9,5",30
Cool Loft Malvarrosa Beach,4309218,Apartamento,Valencia,1,1,€ 370,2019/09/28,2019/09/29,0,"9,6",30
Art&Flats Bed&Breakfast,5238345,NA,Valencia,1,1,€ 50,2019/09/28,2019/09/29,0,"9,1",30
El 16 Ruzafa,865461,Apartamentos,Valencia,1,1,€ 159,2019/09/28,2019/09/29,0,"7,7",30
Loft el Carmen amazing views,4932621,Apartamento,Valencia,1,1,€ 182,2019/09/28,2019/09/29,0,"7,9",30
Dreams Rental City Hall,337092,Apartamentos,Valencia,1,1,€ 220,2019/09/28,2019/09/29,0,"7,5",30
MD Art Apartment Ruzafa,2550955,Apartamento,Valencia,1,1,€ 296,2019/09/28,2019/09/29,0,"7,6",30
MD Abastos Center,2551194,Apartamento,Valencia,1,1,€ 329,2019/09/28,2019/09/29,0,"7,7",30
Apartment Sofi,2830696,Apartamento,Valencia,1,1,NA,2019/09/28,2019/09/29,0,"9,8",30
Cantagua Hostel,4074640,NA,Valencia,1,1,€ 51,2019/09/28,2019/09/29,0,"9,1",30
Habitación privada a 1500 metros de la playa,3789910,NA,Valencia,1,1,€ 60,2019/09/28,2019/09/29,0,"9,2",30
YOU & CO. Saler Beach Boutique,4533007,NA,Valencia,1,1,€ 84,2019/09/28,2019/09/29,3,"9,2",30
MD Oliag I Apartment Ruzafa,2867488,Apartamento,Valencia,1,1,€ 375,2019/09/28,2019/09/29,0,"7,7",30
Guest House Samuel Ros,4161855,NA,Valencia,1,1,€ 35,2019/09/28,2019/09/29,0,"7,3",30
feliz como en casa,3676196,NA,Valencia,1,1,€ 36,2019/09/28,2019/09/29,0,"7,2",30
Hostal Venecia,92883,NA,Valencia,1,1,€ 93,2019/09/28,2019/09/29,2,"9,1",30
Colors Rooms,675839,NA,Valencia,1,1,NA,2019/09/28,2019/09/29,0,"9,5",30
Bianca,4232781,Apartamento,Valencia,1,1,€ 96,2019/09/28,2019/09/29,0,9,30
Live in Chianti,2227491,NA,Valencia,1,1,€ 104,2019/09/28,2019/09/29,0,"9,1",30
Atico de Lujo,2142556,Apartamento,Valencia,1,1,€ 110,2019/09/28,2019/09/29,0,"9,2",30
HOSPEDAJE PESET,4718074,NA,Valencia,1,1,€ 40,2019/09/28,2019/09/29,0,"7,2",30
Hostal Residencial RR,450746,NA,Valencia,1,1,€ 50,2019/09/28,2019/09/29,0,7,30
La Flamenca,818359,NA,Valencia,1,1,€ 55,2019/09/28,2019/09/29,0,"7,3",30
Apartment Plaza Cisneros,1273377,Apartamentos,Valencia,1,1,NA,2019/09/28,2019/09/29,0,"9,8",30
Homestay & OLEE,4132920,NA,Valencia,1,1,€ 70,2019/09/28,2019/09/29,0,"7,3",30
Cosy Rooms Embajador,369728,NA,Valencia,1,1,€ 74,2019/09/28,2019/09/29,2,"7,4",30
Centro Valencia Calle Cerrajeros,3476261,NA,Valencia,1,1,€ 80,2019/09/28,2019/09/29,0,"7,1",30
Cosy Rooms Bolsería,371606,NA,Valencia,1,1,€ 84,2019/09/28,2019/09/29,2,"7,4",30
Central Station Valencia Hostel,1647017,NA,Valencia,1,1,€ 89,2019/09/28,2019/09/29,0,"7,1",30
Avenida del Cid (Centrico),4737683,Apartamento,Valencia,1,1,€ 89,2019/09/28,2019/09/29,0,"7,1",30
Luxury Center Plaza Redonda,5138960,Apartamento,Valencia,1,1,NA,2019/09/28,2019/09/29,0,"9,8",30
Apartments Calle Padre Damian,4523326,Apartamentos,Valencia,1,1,€ 105,2019/09/28,2019/09/29,0,"7,2",30
B&B El Mercat,2203530,NA,Valencia,1,1,€ 110,2019/09/28,2019/09/29,0,"7,3",30
HOSTAL BED OF THE SEA,3974636,NA,Valencia,1,1,€ 120,2019/09/28,2019/09/29,0,"7,1",30
Las casitas de la playa,3177809,Apartamentos,Valencia,1,1,€ 148,2019/09/28,2019/09/29,0,"7,2",30
NWT Monserrat,3728842,Apartamentos,Valencia,1,1,€ 149,2019/09/28,2019/09/29,0,7,30
Best Valencia Beach Flat,3246772,Apartamento,Valencia,1,1,€ 192,2019/09/28,2019/09/29,0,"7,1",30
Apartamento para 10 personas,5029963,Apartamento,Valencia,1,1,€ 200,2019/09/28,2019/09/29,0,"7,3",30
MD Puerto Rico Apartment Ruzafa,3737151,Apartamento,Valencia,1,1,€ 329,2019/09/28,2019/09/29,0,"7,4",30
Loyola Room Habitación en Piso Compartido,3298489,NA,Valencia,1,1,€ 32,2019/09/28,2019/09/29,0,"6,8",30
Guest House Lebon,3124256,NA,Valencia,1,1,€ 35,2019/09/28,2019/09/29,0,"6,9",30
Habitación con cama doble,4794909,NA,Valencia,1,1,€ 41,2019/09/28,2019/09/29,0,"6,6",30
PISO ACOGEDOR,4995780,NA,Valencia,1,1,€ 50,2019/09/28,2019/09/29,0,"6,9",30
Geography and Arts.,3569110,NA,Valencia,1,1,€ 54,2019/09/28,2019/09/29,0,"6,8",30
Beach Valencia - Arts and Science,3188371,Apartamento,Valencia,1,1,€ 130,2019/09/28,2019/09/29,0,"6,6",30
Premium Apartments,486507,Apartamentos,Valencia,1,1,€ 159,2019/09/28,2019/09/29,0,"6,9",30
MD Villalonga Malvarosa Beach,3739661,Apartamento,Valencia,1,1,€ 480,2019/09/28,2019/09/29,0,"6,8",30
Fun and Sun Center 2,2944416,NA,Valencia,1,1,€ 45,2019/09/28,2019/09/29,0,"6,1",30
Casita Esmeralda,2040126,Casa o chalet,Valencia,1,1,€ 139,2019/09/28,2019/09/29,0,"6,4",30
apartamento las torres-botanico,4694090,Apartamento,Valencia,1,1,€ 119,2019/09/28,2019/09/29,0,9,30
Valenciaflats Ciudad de las Ciencias,93676,Apartamentos,Valencia,1,1,€ 120,2019/09/28,2019/09/29,0,"9,1",30
Citizentral Juristas,1113127,Apartamentos,Valencia,1,1,€ 128,2019/09/28,2019/09/29,0,"9,2",30
Opera House Valencia B&B,3533887,NA,Valencia,1,1,NA,2019/09/28,2019/09/29,0,"9,5",30
Valenciaflats Centro Ciudad,18544,Apartamentos,Valencia,1,1,€ 129,2019/09/28,2019/09/29,0,"9,1",30
MD Design Hotel - Portal del Real,2391685,NA,Valencia,1,1,€ 135,2019/09/28,2019/09/29,2,"9,1",30
Apartamentos Wallace,1698355,Apartamentos,Valencia,1,1,€ 138,2019/09/28,2019/09/29,0,"9,2",30
Casual Socarrat Valencia,5142800,NA,Valencia,1,1,€ 138,2019/09/28,2019/09/29,3,"9,3",30
B BEACH VALENCIA,5125954,Apartamento,Valencia,1,1,€ 150,2019/09/28,2019/09/29,0,"9,1",30
Mon Suites San Martin,2777545,Apartamentos,Valencia,1,1,€ 151,2019/09/28,2019/09/29,0,"9,4",30
L'Esplai Valencia Bed & Breakfast,1282556,NA,Valencia,1,1,NA,2019/09/28,2019/09/29,0,"9,6",30
Mon Suites Catedral,485679,Apartamentos,Valencia,1,1,€ 156,2019/09/28,2019/09/29,0,"9,2",30
Jardines del Turia - Espacioso apartamento,2734126,Apartamento,Valencia,1,1,€ 170,2019/09/28,2019/09/29,0,"9,1",30
Hotel Boutique Balandret,1281710,NA,Valencia,1,1,€ 171,2019/09/28,2019/09/29,3,"9,2",30
Hi Valencia Cánovas,4312120,Apartamentos,Valencia,1,1,€ 180,2019/09/28,2019/09/29,0,9,30
NH Collection Colón Valencia,3828811,NA,Valencia,1,1,€ 200,2019/09/28,2019/09/29,4,"9,2",30
Apartamentos La más Bonita,2816245,Apartamentos,Valencia,1,1,€ 207,2019/09/28,2019/09/29,0,"9,1",30
Cómoda habitación Valencia,4200488,NA,Valencia,1,1,NA,2019/09/28,2019/09/29,0,"9,5",30
Las Arenas Balneario Resort,91144,NA,Valencia,1,1,€ 257,2019/09/28,2019/09/29,5,9,30
MYR Hotel Plaza Mercado & Spa,1619029,Apartahotel,Valencia,1,1,€ 259,2019/09/28,2019/09/29,0,"9,2",30
Vincci Mercat,1279484,NA,Valencia,1,1,€ 270,2019/09/28,2019/09/29,4,9,30
MARQUÉS HOUSE 4* SUP,2118880,NA,Valencia,1,1,€ 299,2019/09/28,2019/09/29,4,"9,4",30
Zerka Sendra,4657122,Apartamento,Valencia,1,1,€ 309,2019/09/28,2019/09/29,0,9,30
Homestay Carrer Sagun,5006434,NA,Valencia,1,1,€ 32,2019/09/28,2019/09/29,0,"8,7",30
Quart Youth Hostel,476418,NA,Valencia,1,1,€ 47,2019/09/28,2019/09/29,0,"8,7",30
Russafa Youth Hostel,345134,NA,Valencia,1,1,€ 52,2019/09/28,2019/09/29,0,"8,6",30
Home Youth Hostel by Feetup Hostels,189322,NA,Valencia,1,1,€ 53,2019/09/28,2019/09/29,0,"8,8",30
Namaste Rooms,3799642,NA,Valencia,1,1,€ 65,2019/09/28,2019/09/29,0,"8,7",30
Sabía que venias!,3543756,NA,Valencia,1,1,€ 70,2019/09/28,2019/09/29,0,"8,6",30
Carrer de l'Escriptor Rafael Ferreres,4267645,Apartamento,Valencia,1,1,€ 70,2019/09/28,2019/09/29,0,"8,6",30
Angel Guimera Rooms & Breakfast,2524241,NA,Valencia,1,1,€ 80,2019/09/28,2019/09/29,0,"8,9",30
Sercotel Sorolla Palace,93646,NA,Valencia,1,1,€ 80,2019/09/28,2019/09/29,4,"8,6",30
Melia Valencia,290493,NA,Valencia,1,1,€ 84,2019/09/28,2019/09/29,4,"8,8",30
Casa de la Reina,5394089,NA,Valencia,1,1,€ 85,2019/09/28,2019/09/29,0,"8,7",30
Habitación doble,3599930,NA,Valencia,1,1,€ 90,2019/09/28,2019/09/29,0,"8,9",30
Casa del Patriarca,364834,NA,Valencia,1,1,€ 90,2019/09/28,2019/09/29,0,"8,9",30
Hotel Kramer,91106,NA,Valencia,1,1,€ 94,2019/09/28,2019/09/29,3,"8,8",30
Rooms Ciencias,94126,NA,Valencia,1,1,€ 99,2019/09/28,2019/09/29,0,"8,9",30
Hexagonal Design Apartment Valencia,4630643,Apartamento,Valencia,1,1,NA,2019/09/28,2019/09/29,0,"9,5",30
Valencian Apartment,2298621,Apartamento,Valencia,1,1,€ 100,2019/09/28,2019/09/29,0,"8,8",30
València Centre Túria,2185255,Apartamento,Valencia,1,1,€ 104,2019/09/28,2019/09/29,0,"8,8",30
Hotel Malcom and Barret,483261,NA,Valencia,1,1,€ 106,2019/09/28,2019/09/29,3,"8,7",30
Plaza Sainetero Arniches,3984774,Apartamento,Valencia,1,1,€ 107,2019/09/28,2019/09/29,0,"8,5",30
Hotel Sercotel Acteón Valencia,90495,NA,Valencia,1,1,€ 107,2019/09/28,2019/09/29,4,"8,5",30
Hotel Valencia Oceanic Managed by Melia Hotels International,91522,NA,Valencia,1,1,€ 109,2019/09/28,2019/09/29,4,"8,6",30
ÁTICO PTA 13 EN EL CENTRO DE VALENCIA VT-45727-T,4612077,Apartamento,Valencia,1,1,NA,2019/09/28,2019/09/29,0,"9,5",30
Jardín Botánico Hotel Boutique,93369,NA,Valencia,1,1,€ 110,2019/09/28,2019/09/29,3,"8,9",30
Citizentral Gascons,332095,Apartamentos,Valencia,1,1,€ 110,2019/09/28,2019/09/29,0,"8,7",30
Pio XII Apartments Valencia,402080,Apartamentos,Valencia,1,1,€ 111,2019/09/28,2019/09/29,0,"8,5",30
Living Valencia - Patacona Beach 56,3718985,Apartamentos,Valencia,1,1,€ 113,2019/09/28,2019/09/29,0,"8,8",30
Burjassot Mestalla,3058627,Apartamento,Valencia,1,1,€ 115,2019/09/28,2019/09/29,0,"8,6",30
Casual del Cine Valencia,572187,NA,Valencia,1,1,€ 115,2019/09/28,2019/09/29,2,"8,6",30
City Valencia Beach 360,4504803,Apartamento,Valencia,1,1,NA,2019/09/28,2019/09/29,0,"9,5",30
AC Hotel Valencia- a Marriott Lifestyle Hotel,91063,NA,Valencia,1,1,€ 119,2019/09/28,2019/09/29,4,"8,6",30
Barceló Valencia,91988,NA,Valencia,1,1,€ 122,2019/09/28,2019/09/29,4,"8,7",30
Ilunion Aqua 4,92777,NA,Valencia,1,1,€ 123,2019/09/28,2019/09/29,4,"8,5",30
Casual Vintage Valencia,1710241,NA,Valencia,1,1,€ 128,2019/09/28,2019/09/29,2,"8,6",30
Valenciaflats Centro Histórico,94781,Apartamentos,Valencia,1,1,€ 129,2019/09/28,2019/09/29,0,"8,7",30
B&B Hi Valencia Boutique,1301725,NA,Valencia,1,1,€ 129,2019/09/28,2019/09/29,0,"8,7",30
New apartment bioparc,4316710,Apartamento,Valencia,1,1,NA,2019/09/28,2019/09/29,0,"9,5",30
SKY TOURISTIC ATTIC,281640,Apartamentos,Valencia,1,1,€ 135,2019/09/28,2019/09/29,0,"8,5",30
Lotelito,570027,NA,Valencia,1,1,€ 138,2019/09/28,2019/09/29,0,"8,9",30
Les flors,3985046,Apartamento,Valencia,1,1,€ 138,2019/09/28,2019/09/29,0,"8,6",30
Soho Valencia,1538641,Apartahotel,Valencia,1,1,€ 139,2019/09/28,2019/09/29,0,"8,9",30
FREE WI-FI. Apartamentos 90 м2 - Assutzena 5,4828764,Apartamento,Valencia,1,1,€ 140,2019/09/28,2019/09/29,0,"8,6",30
Zenit Valencia,92327,NA,Valencia,1,1,€ 142,2019/09/28,2019/09/29,4,"8,8",30
Classic Flat Valencia,4245614,Apartamento,Valencia,1,1,NA,2019/09/28,2019/09/29,0,"9,5",30
El Palacete Gran Via,3483148,NA,Valencia,1,1,€ 144,2019/09/28,2019/09/29,0,"8,9",30
Valenciaflats Mercado Central,307677,Apartamentos,Valencia,1,1,€ 147,2019/09/28,2019/09/29,0,"8,9",30
Hotel Dimar,90886,NA,Valencia,1,1,€ 153,2019/09/28,2019/09/29,4,"8,7",30
SH Valencia Palace,91497,NA,Valencia,1,1,€ 153,2019/09/28,2019/09/29,5,"8,5",30
Hotel San Lorenzo Boutique,1307718,NA,Valencia,1,1,€ 155,2019/09/28,2019/09/29,3,"8,6",30
One Shot Palacio Reina Victoria 04,90885,NA,Valencia,1,1,€ 161,2019/09/28,2019/09/29,4,"8,6",30
Apartamento centro frente a Torres de Serrano,3408067,Apartamento,Valencia,1,1,NA,2019/09/28,2019/09/29,0,"9,5",30
Puerta de Serranos,2734333,Apartamentos,Valencia,1,1,€ 166,2019/09/28,2019/09/29,0,"8,8",30
Catalonia Excelsior,90578,NA,Valencia,1,1,€ 170,2019/09/28,2019/09/29,3,"8,7",30
Ad Hoc Monumental,90719,NA,Valencia,1,1,€ 182,2019/09/28,2019/09/29,3,"8,6",30
ValentiaApartments - MercadoCentral,4185241,Apartamentos,Valencia,1,1,€ 188,2019/09/28,2019/09/29,0,"8,7",30
AC Hotel Colon Valencia- a Marriott Lifestyle Hotel,1117150,NA,Valencia,1,1,€ 188,2019/09/28,2019/09/29,4,"8,7",30
The Westin Valencia,93321,NA,Valencia,1,1,€ 198,2019/09/28,2019/09/29,5,"8,7",30
Vincci Palace,94163,NA,Valencia,1,1,€ 207,2019/09/28,2019/09/29,4,"8,6",30
Hotel Neptuno,91206,NA,Valencia,1,1,€ 217,2019/09/28,2019/09/29,4,"8,5",30
Vincci Lys,91183,NA,Valencia,1,1,€ 225,2019/09/28,2019/09/29,4,"8,9",30
Hospes Palau de La Mar,93823,NA,Valencia,1,1,€ 266,2019/09/28,2019/09/29,5,"8,8",30
Apartamento Torres de Serrano,5083131,Apartamento,Valencia,1,1,€ 266,2019/09/28,2019/09/29,0,"8,9",30
Melia Plaza Valencia,13270,NA,Valencia,1,1,€ 330,2019/09/28,2019/09/29,4,"8,9",30
Cathedral Suites Hotel,1736257,Apartahotel,Valencia,1,1,€ 368,2019/09/28,2019/09/29,4,"8,9",30
Habitacion en Valencia Barata,4861796,NA,Valencia,1,1,€ 45,2019/09/28,2019/09/29,0,"8,2",30
Red Nest Hostel,92283,NA,Valencia,1,1,€ 53,2019/09/28,2019/09/29,0,"8,1",30
Como en casa,4802186,NA,Valencia,1,1,€ 54,2019/09/28,2019/09/29,0,"8,1",30
Purple Nest Hostel,25278,NA,Valencia,1,1,€ 57,2019/09/28,2019/09/29,0,"8,1",30
Pension MonaLisa Luxury Suites,3834224,NA,Valencia,1,1,€ 60,2019/09/28,2019/09/29,0,"8,2",30
Guest House Higinio Noja,2845935,NA,Valencia,1,1,€ 40,2019/09/28,2019/09/29,0,"5,9",30
Home Sweet Home,1223953,NA,Valencia,1,1,€ 60,2019/09/28,2019/09/29,0,"5,5",30
Disfruta - Enjoy Valencia Ayuntamiento,4901194,Apartamento,Valencia,1,1,NA,2019/09/28,2019/09/29,0,"9,6",30
Carrer del Bisbe Jaume Pérez,4900140,NA,Valencia,1,1,€ 60,2019/09/28,2019/09/29,0,"5,9",30
Oliver,4865093,NA,Valencia,1,1,€ 73,2019/09/28,2019/09/29,0,"5,6",30
Ruzafa Guesthouse,2269176,NA,Valencia,1,1,€ 95,2019/09/28,2019/09/29,0,"5,6",30
RoomTuristValencia - Ruzafa,4608394,NA,Valencia,1,1,€ 125,2019/09/28,2019/09/29,0,"5,6",30
Guest House Duc de Gaeta,2275007,NA,Valencia,1,1,€ 95,2019/09/28,2019/09/29,0,5,30
Guest House Torres de Quart,2275006,NA,Valencia,1,1,€ 115,2019/09/28,2019/09/29,0,"5,3",30
Casa Vich,4457634,Apartamento,Valencia,1,1,NA,2019/09/28,2019/09/29,0,"9,6",30
RoomTuristValencia Estacion del Norte,4682632,NA,Valencia,1,1,€ 140,2019/09/28,2019/09/29,0,"5,2",30
Guesthouse Plaza de Toros,2985902,NA,Valencia,1,1,€ 88,2019/09/28,2019/09/29,0,"4,9",30
RoomTuristValencia Torres de Quart,4565643,NA,Valencia,1,1,€ 120,2019/09/28,2019/09/29,0,"4,5",30
RoomTuristValencia RuzafaSumsi,4682802,NA,Valencia,1,1,€ 140,2019/09/28,2019/09/29,0,"4,7",30
Port of Valencia,3805735,Apartamento,Valencia,1,1,€ 150,2019/09/28,2019/09/29,0,"4,7",30
Constitucion Guesthouse,2985942,NA,Valencia,1,1,€ 68,2019/09/28,2019/09/29,0,"3,4",30
Disfruta - Enjoy Valencia Oceanografic,4121345,Apartamento,Valencia,1,1,NA,2019/09/28,2019/09/29,0,"9,6",30
Habitación matrimonial,4696818,NA,Valencia,1,1,€ 33,2019/09/28,2019/09/29,0,,30
Como en casa !!,5427108,NA,Valencia,1,1,€ 38,2019/09/28,2019/09/29,0,,30
Florista's Rooms en Valencia,5502152,NA,Valencia,1,1,€ 50,2019/09/28,2019/09/29,0,,30
Patraix,5366858,NA,Valencia,1,1,€ 55,2019/09/28,2019/09/29,0,,30
Rooms El Picolino,5326859,NA,Valencia,1,1,€ 60,2019/09/28,2019/09/29,0,,30
vosotros sereis parte de mi familia.,5299568,NA,Valencia,1,1,€ 60,2019/09/28,2019/09/29,0,,30
Preciosa Casita Cerca Del Mar,4057271,Apartamento,Valencia,1,1,NA,2019/09/28,2019/09/29,0,"9,7",30
Mi casa es vuestra casa,4967097,NA,Valencia,1,1,€ 70,2019/09/28,2019/09/29,0,,30
Hogar Dulce Hogar,5426607,NA,Valencia,1,1,€ 70,2019/09/28,2019/09/29,0,,30
Magnífico Adosado- cerca de Valencia ciudad- en zona de montaña y playa fluvial,5354233,Casa o chalet,Valencia,1,1,€ 72,2019/09/28,2019/09/29,0,,30
Habitación en Valencia,5477394,NA,Valencia,1,1,€ 72,2019/09/28,2019/09/29,0,,30
Rooms Valencia Center,5507857,NA,Valencia,1,1,€ 75,2019/09/28,2019/09/29,0,,30
Comfort Homestay,5423155,NA,Valencia,1,1,€ 75,2019/09/28,2019/09/29,0,,30
Central Park Apartment Valencia,3881533,Apartamento,Valencia,1,1,NA,2019/09/28,2019/09/29,0,"9,6",30
Attic Rooms in Botánico,5522932,NA,Valencia,1,1,€ 80,2019/09/28,2019/09/29,0,,30
Original Domino House,5434091,NA,Valencia,1,1,€ 87,2019/09/28,2019/09/29,0,,30
PISO DE DISEÑO A 5 MIN ANDANDO DE LA PLAYA,5546265,Apartamento,Valencia,1,1,€ 95,2019/09/28,2019/09/29,0,,30
Loft Turia Gran,5133726,Apartamento,Valencia,1,1,€ 105,2019/09/28,2019/09/29,0,,30
Art of Music Apartment Valencia,5263849,Apartamentos,Valencia,1,1,€ 130,2019/09/28,2019/09/29,0,,30
CASA MARQUES DE CARO,4472176,Apartamento,Valencia,1,1,€ 139,2019/09/28,2019/09/29,0,,30
Chic and Central- in a lively but quiet area. All walking distance.,3649090,Apartamento,Valencia,1,1,NA,2019/09/28,2019/09/29,0,"9,7",30
Serranos Apartment,2698760,Apartamento,Valencia,1,1,€ 201,2019/09/28,2019/09/29,0,,30
Apartamento con terraza,5238122,Apartahotel,Valencia,1,1,€ 240,2019/09/28,2019/09/29,0,,30
"Flat ""Ca Alexandre""",3687859,Apartamento,Valencia,1,1,€ 240,2019/09/28,2019/09/29,0,,30
Governor Residence,3799760,Apartahotel,Valencia,1,1,€ 600,2019/09/28,2019/09/29,0,,30
Apartment Carrer de Cadis,5531328,Apartamentos,Valencia,1,1,€ 648,2019/09/28,2019/09/29,0,,30
MD PASEO RUZAFA CENTER,5374850,Apartamento,Valencia,1,1,€ 870,2019/09/28,2019/09/29,0,,30
Gulet Why Not,5199364,NA,Valencia,1,1,€ 3.600,2019/09/28,2019/09/29,0,,30
B&B Hi Valencia Canovas,305349,NA,Valencia,1,1,€ 62,2019/09/28,2019/09/29,0,"8,4",30
L'Otelet By Sweet,1467935,NA,Valencia,1,1,€ 64,2019/09/28,2019/09/29,0,"8,3",30
Preciosa Casita Cerca Del Mar,4057271,Apartamento,Valencia,1,1,NA,2019/09/28,2019/09/29,0,"9,7",30
Residencia Universitaria Damia Bonet,247451,NA,Valencia,1,1,€ 68,2019/09/28,2019/09/29,0,"8,3",30
Reina 12,1684198,NA,Valencia,1,1,€ 70,2019/09/28,2019/09/29,0,"8,2",30
Tryp Valencia Feria,92852,NA,Valencia,1,1,€ 72,2019/09/28,2019/09/29,4,"8,3",30
Homestay Valencia,2597106,NA,Valencia,1,1,€ 90,2019/09/28,2019/09/29,0,"8,1",30
NH Ciudad de Valencia,90729,NA,Valencia,1,1,€ 92,2019/09/28,2019/09/29,3,"8,1",30
Carrer de María Montessori,3272386,Apartamento,Valencia,1,1,€ 96,2019/09/28,2019/09/29,0,"8,4",30
Central Park Apartment Valencia,3881533,Apartamento,Valencia,1,1,NA,2019/09/28,2019/09/29,0,"9,6",30
APARTAMENTO LAS MELLIZAS,4651578,NA,Valencia,1,1,€ 49,2019/09/28,2019/09/29,0,"8,4",30
MD Modern Hotel - Jardines,305447,NA,Valencia,1,1,€ 100,2019/09/28,2019/09/29,1,"8,2",30
Apartamento Privado Próximo a Playa y Ciencias,3783163,Apartamento,Valencia,1,1,€ 100,2019/09/28,2019/09/29,0,"8,1",30
Casual de las Artes Valencia,538056,NA,Valencia,1,1,€ 102,2019/09/28,2019/09/29,3,"8,4",30
Eurostars Gran Valencia,90484,NA,Valencia,1,1,€ 104,2019/09/28,2019/09/29,4,"8,3",30
Rio Turia Skatehouse,4624602,Apartamento,Valencia,1,1,€ 105,2019/09/28,2019/09/29,0,8,30
Atico Loft Ruzafa,3152977,Apartamento,Valencia,1,1,NA,2019/09/28,2019/09/29,0,"9,7",30
NH Valencia Center,90727,NA,Valencia,1,1,€ 106,2019/09/28,2019/09/29,4,"8,3",30
Plaza Del Carmen,1737254,Apartamento,Valencia,1,1,€ 106,2019/09/28,2019/09/29,0,"8,1",30
Ilunion Valencia 4,754329,NA,Valencia,1,1,€ 107,2019/09/28,2019/09/29,4,8,30
Ilunion Aqua 3,92776,NA,Valencia,1,1,€ 108,2019/09/28,2019/09/29,3,"8,3",30
NH Valencia Las Ciencias,90725,NA,Valencia,1,1,€ 114,2019/09/28,2019/09/29,3,8,30
Atico Ciutat Vella,3446230,Apartamentos,Valencia,1,1,€ 115,2019/09/28,2019/09/29,0,"8,4",30
JL Ciudad de las Artes,3074378,Apartamento,Valencia,1,1,NA,2019/09/28,2019/09/29,0,"9,6",30
NH Valencia Las Artes,90731,NA,Valencia,1,1,€ 118,2019/09/28,2019/09/29,4,"8,4",30
Sweet Hotel Continental,93856,NA,Valencia,1,1,€ 119,2019/09/28,2019/09/29,2,"8,3",30
Hotel Valencia Center,91285,NA,Valencia,1,1,€ 119,2019/09/28,2019/09/29,4,"8,4",30
Lovely Apartment!,3377663,Apartamentos,Valencia,1,1,€ 120,2019/09/28,2019/09/29,0,"8,4",30
United Colors of Apartments - Catedral,1301545,Apartamentos,Valencia,1,1,€ 121,2019/09/28,2019/09/29,0,"8,2",30
Primus Valencia,331871,NA,Valencia,1,1,€ 122,2019/09/28,2019/09/29,4,"8,3",30
APARTMENTS VALENCIA CENTER,5180014,Apartamentos,Valencia,1,1,NA,2019/09/28,2019/09/29,0,"9,5",30
Senator Parque Central Hotel,274963,NA,Valencia,1,1,€ 123,2019/09/28,2019/09/29,4,"8,1",30
Valenciaflats Torres de Serrano,17468,Apartamentos,Valencia,1,1,€ 124,2019/09/28,2019/09/29,0,"8,3",30
Eurostars Rey Don Jaime,91520,NA,Valencia,1,1,€ 125,2019/09/28,2019/09/29,4,"8,2",30
Hotel Medium Valencia,96838,NA,Valencia,1,1,€ 126,2019/09/28,2019/09/29,4,"8,2",30
Holiday Inn Express Ciudad de las Ciencias,96737,NA,Valencia,1,1,€ 127,2019/09/28,2019/09/29,3,8,30
Sweet Hotel Renasa,274818,NA,Valencia,1,1,€ 129,2019/09/28,2019/09/29,3,8,30
Lounge by the sea,4756780,Apartamento,Valencia,1,1,NA,2019/09/28,2019/09/29,0,"9,8",30
Silken Puerta Valencia,91182,NA,Valencia,1,1,€ 145,2019/09/28,2019/09/29,4,"8,3",30
Apartamento Obispo don Jerónimo,2079020,Apartamento,Valencia,1,1,€ 153,2019/09/28,2019/09/29,0,"8,2",30
NWT Central Station Apartments,3964093,Apartamento,Valencia,1,1,€ 189,2019/09/28,2019/09/29,0,"8,2",30
Hotel Conqueridor,91047,NA,Valencia,1,1,€ 189,2019/09/28,2019/09/29,4,"8,4",30
Zerka Centro,4425975,Apartamentos,Valencia,1,1,€ 219,2019/09/28,2019/09/29,0,"8,4",30
Musico Peydro Apartments,3765069,Apartamentos,Valencia,1,1,€ 301,2019/09/28,2019/09/29,0,"8,1",30
MD Benlliure Beach.,1957258,Apartamento,Valencia,1,1,€ 301,2019/09/28,2019/09/29,0,8,30
Habitación en valencia centro,5418023,NA,Valencia,1,1,€ 35,2019/09/28,2019/09/29,0,"7,8",30
Habitación Céntrica en Casa de Familia,4289877,NA,Valencia,1,1,€ 35,2019/09/28,2019/09/29,0,"7,8",30
Voyagers Inn Homestay,2682156,NA,Valencia,1,1,€ 48,2019/09/28,2019/09/29,0,"7,8",30
Habitación San Cayetano,4624401,NA,Valencia,1,1,€ 50,2019/09/28,2019/09/29,0,"7,7",30
UP Hostel Valencia,1710137,NA,Valencia,1,1,€ 50,2019/09/28,2019/09/29,0,"7,8",30
Pensión Universal,304276,NA,Valencia,1,1,€ 50,2019/09/28,2019/09/29,0,"7,9",30
Habitación cerca del centro,2789581,NA,Valencia,1,1,€ 52,2019/09/28,2019/09/29,0,"7,6",30
Hospederia del Pilar,327766,NA,Valencia,1,1,€ 54,2019/09/28,2019/09/29,0,"7,9",30
Valencia City Host,1177077,NA,Valencia,1,1,€ 56,2019/09/28,2019/09/29,0,"7,8",30
Casual Civilizaciones Valencia,449777,NA,Valencia,1,1,€ 59,2019/09/28,2019/09/29,0,"7,9",30
Hostal Bisbal,235665,NA,Valencia,1,1,€ 60,2019/09/28,2019/09/29,1,"7,5",30
