name,propertyId,propertyType,city,rooms,days,price,checkIn,checkOut,stars,score,advance
MD PASEO RUZAFA CENTER,5374850,Apartamento,Valencia,1,1,€ 502,2019/08/31,2019/09/01,0,,30
Governor Residence,3799760,Apartahotel,Valencia,1,1,€ 600,2019/08/31,2019/09/01,0,,30
Apartment Cisneros 2,2361375,Apartamento,Valencia,1,1,NA,2019/08/31,2019/09/01,0,"9,7",30
Gulet Why Not,5199364,NA,Valencia,1,1,€ 3.600,2019/08/31,2019/09/01,0,,30
Carrer del Bisbe Jaume Pérez,4900140,NA,Valencia,1,1,€ 60,2019/08/31,2019/09/01,0,"5,8",30
Home Sweet Home,1223953,NA,Valencia,1,1,€ 60,2019/08/31,2019/09/01,0,"5,6",30
Centro en Valencia,2885222,Apartamento,Valencia,1,1,NA,2019/08/31,2019/09/01,0,"9,5",30
Oliver,4865093,NA,Valencia,1,1,€ 73,2019/08/31,2019/09/01,0,"5,8",30
RoomTuristValencia - Ruzafa,4608394,NA,Valencia,1,1,€ 130,2019/08/31,2019/09/01,0,"5,9",30
Ruzafa Guesthouse,2269176,NA,Valencia,1,1,€ 135,2019/08/31,2019/09/01,0,"5,6",30
Kirei Apartment Berlin,4504570,Apartamentos,Valencia,1,1,€ 156,2019/08/31,2019/09/01,0,"5,5",30
Guesthouse Plaza de Toros,2985902,NA,Valencia,1,1,€ 145,2019/08/31,2019/09/01,0,5,30
Guest House Duc de Gaeta,2275007,NA,Valencia,1,1,€ 148,2019/08/31,2019/09/01,0,5,30
Apartment Sofi,2830696,Apartamento,Valencia,1,1,NA,2019/08/31,2019/09/01,0,"9,8",30
Guest House Torres de Quart,2275006,NA,Valencia,1,1,€ 148,2019/08/31,2019/09/01,0,"5,4",30
RoomTuristValencia RuzafaSumsi,4682802,NA,Valencia,1,1,€ 150,2019/08/31,2019/09/01,0,5,30
RoomTuristValencia Estacion del Norte,4682632,NA,Valencia,1,1,€ 150,2019/08/31,2019/09/01,0,"5,4",30
Port of Valencia,3805735,Casa o chalet,Valencia,1,1,€ 150,2019/08/31,2019/09/01,0,5,30
Guest House Ruzafa,2324552,NA,Valencia,1,1,€ 175,2019/08/31,2019/09/01,0,"5,3",30
Habitación en Apartamento soleado Plaza Escultor Frechina,4865043,NA,Valencia,1,1,€ 65,2019/08/31,2019/09/01,0,"4,9",30
Apartamento Centrico - Viveros,2461987,Apartamento,Valencia,1,1,NA,2019/08/31,2019/09/01,0,"9,5",30
RoomTuristValencia Torres de Quart,4565643,NA,Valencia,1,1,€ 130,2019/08/31,2019/09/01,0,"4,8",30
Kirei Apartment Atlanta,4304662,Apartamento,Valencia,1,1,€ 186,2019/08/31,2019/09/01,0,"4,5",30
Malvarosa,3820590,Apartamento,Valencia,1,1,€ 171,2019/08/31,2019/09/01,0,4,30
Apartamento Islas Canarias,2304086,Apartamento,Valencia,1,1,€ 242,2019/08/31,2019/09/01,0,4,30
Como en casa !!,5427108,NA,Valencia,1,1,€ 33,2019/08/31,2019/09/01,0,,30
Experiencia en Caravana,5441777,NA,Valencia,1,1,€ 50,2019/08/31,2019/09/01,0,,30
Apartment Cisneros 2,2361375,Apartamento,Valencia,1,1,NA,2019/08/31,2019/09/01,0,"9,7",30
Amplia habitación en piso compartido,5433175,NA,Valencia,1,1,€ 50,2019/08/31,2019/09/01,0,,30
vosotros sereis parte de mi familia.,5299568,NA,Valencia,1,1,€ 60,2019/08/31,2019/09/01,0,,30
Rooms El Picolino,5326859,NA,Valencia,1,1,€ 65,2019/08/31,2019/09/01,0,,30
Hogar Dulce Hogar,5426607,NA,Valencia,1,1,€ 65,2019/08/31,2019/09/01,0,,30
Comfort Homestay,5423155,NA,Valencia,1,1,€ 79,2019/08/31,2019/09/01,0,,30
Magnífico Adosado- cerca de Valencia ciudad- en zona de montaña y playa fluvial,5354233,Casa o chalet,Valencia,1,1,€ 89,2019/08/31,2019/09/01,0,,30
So de Mar,2204496,Apartamento,Valencia,1,1,NA,2019/08/31,2019/09/01,0,"9,6",30
Miresa flats 2.1A,5399747,Apartamento,Valencia,1,1,€ 90,2019/08/31,2019/09/01,0,,30
Acogedor apartamento en zona universitaria y playa,5414090,Casa o chalet,Valencia,1,1,€ 92,2019/08/31,2019/09/01,0,,30
Casa de la Reina,5394089,NA,Valencia,1,1,€ 110,2019/08/31,2019/09/01,0,,30
Loft Turia Gran,5133726,Apartamento,Valencia,1,1,€ 113,2019/08/31,2019/09/01,0,,30
ELEGANT APARTMENT CLOSE TO CENTER VT-45925-V,5364412,Apartamento,Valencia,1,1,€ 135,2019/08/31,2019/09/01,0,,30
Apartment in the Quart Towers II,4947694,Apartamento,Valencia,1,1,€ 135,2019/08/31,2019/09/01,0,,30
Apartment near the Marina- Valencia,2101794,Apartamento,Valencia,1,1,NA,2019/08/31,2019/09/01,0,"9,5",30
Habana Apartment,2410439,Apartamento,Valencia,1,1,€ 145,2019/08/31,2019/09/01,0,,30
Old Town Flats Casa Burguerini,4552106,Apartamentos,Valencia,1,1,€ 149,2019/08/31,2019/09/01,0,,30
Kirei Apartment Vienna,4639797,Apartamento,Valencia,1,1,€ 161,2019/08/31,2019/09/01,0,,30
Betero Beach & City,5398960,Apartamento,Valencia,1,1,€ 165,2019/08/31,2019/09/01,0,,30
Kirei Apartment Dublin,4639542,Apartamento,Valencia,1,1,€ 169,2019/08/31,2019/09/01,0,,30
Planta baja en playa Malvarrosa/ la Patacona- wifi gratis,3360072,Apartamento,Valencia,1,1,€ 170,2019/08/31,2019/09/01,0,,30
Casual Socarrat Valencia,5142800,NA,Valencia,1,1,€ 196,2019/08/31,2019/09/01,3,,30
Hogar Dulce Hogar,5441488,NA,Valencia,1,1,€ 230,2019/08/31,2019/09/01,0,,30
MD Manuela Estellés,5386542,Apartamento,Valencia,1,1,€ 231,2019/08/31,2019/09/01,0,,30
MD POETA ANDRES CABRELLES,5385067,Apartamento,Valencia,1,1,€ 231,2019/08/31,2019/09/01,0,,30
MD Rafael Janini II,5386557,Apartamento,Valencia,1,1,€ 231,2019/08/31,2019/09/01,0,,30
MD Rafael Janini I,5386102,Apartamento,Valencia,1,1,€ 231,2019/08/31,2019/09/01,0,,30
MD Arquitecto Gascó,5385054,Apartamento,Valencia,1,1,€ 231,2019/08/31,2019/09/01,0,,30
Espaciosa y cómoda vivienda,5342327,Apartamento,Valencia,1,1,€ 238,2019/08/31,2019/09/01,0,,30
Apartamento con terraza,5238122,Apartahotel,Valencia,1,1,€ 240,2019/08/31,2019/09/01,0,,30
17 PLAZA AYUNTAMIENTO-CENTRO 6p.,4093819,Apartamento,Valencia,1,1,€ 249,2019/08/31,2019/09/01,0,,30
07 PLAZA DEL AYUNTAMIENTO - CENTRO 6personas,4093811,Apartamento,Valencia,1,1,€ 249,2019/08/31,2019/09/01,0,,30
Duplex Penthouse,5436230,Apartamento,Valencia,1,1,€ 251,2019/08/31,2019/09/01,0,,30
Hostal Penalty,189209,NA,Valencia,1,1,€ 75,2019/08/31,2019/09/01,1,"7,9",30
Valencia City Host,1177077,NA,Valencia,1,1,€ 77,2019/08/31,2019/09/01,0,"7,9",30
Apartment Cabanyal,3172456,Apartamento,Valencia,1,1,NA,2019/08/31,2019/09/01,0,"9,8",30
Botanico Silence,3175932,Apartamento,Valencia,1,1,€ 78,2019/08/31,2019/09/01,0,"7,8",30
B&B Hotel Valencia Ciudad de las Ciencias,92242,NA,Valencia,1,1,€ 80,2019/08/31,2019/09/01,3,"7,5",30
Valencia Lounge Hostel,337203,NA,Valencia,1,1,€ 81,2019/08/31,2019/09/01,0,"7,8",30
Hotel Turia,14441,NA,Valencia,1,1,€ 85,2019/08/31,2019/09/01,4,"7,5",30
OYO Pensión El Rincón,476031,NA,Valencia,1,1,€ 88,2019/08/31,2019/09/01,1,"7,7",30
MyHomestay,2921259,NA,Valencia,1,1,€ 88,2019/08/31,2019/09/01,0,"7,6",30
Atico Loft Ruzafa,3152977,Apartamento,Valencia,1,1,NA,2019/08/31,2019/09/01,0,"9,7",30
Checkin Valencia,93743,NA,Valencia,1,1,€ 89,2019/08/31,2019/09/01,4,"7,8",30
Ilunion Valencia 3,92818,NA,Valencia,1,1,€ 95,2019/08/31,2019/09/01,3,"7,9",30
Expo Hotel Valencia,91223,NA,Valencia,1,1,€ 97,2019/08/31,2019/09/01,3,"7,6",30
SEA YOU HOTEL PORT VALENCIA,92328,NA,Valencia,1,1,€ 117,2019/08/31,2019/09/01,4,"7,6",30
Plaza Sainetero 5,3148458,Apartamento,Valencia,1,1,€ 119,2019/08/31,2019/09/01,0,"7,8",30
City Center Apartment,5084891,Apartamento,Valencia,1,1,€ 150,2019/08/31,2019/09/01,0,"7,8",30
Apartamento,3139431,Apartamento,Valencia,1,1,NA,2019/08/31,2019/09/01,0,"9,5",30
Apartamento Alguer,4005334,Apartamento,Valencia,1,1,€ 150,2019/08/31,2019/09/01,0,"7,6",30
Kirei Apartment San Vicente,1774062,Apartamento,Valencia,1,1,€ 156,2019/08/31,2019/09/01,0,"7,5",30
El 16 Ruzafa,865461,Apartamentos,Valencia,1,1,€ 179,2019/08/31,2019/09/01,0,"7,7",30
ART & FLATS Pleno Centro Valencia,1554388,Apartamentos,Valencia,1,1,€ 190,2019/08/31,2019/09/01,0,"7,9",30
Verano en la Playa Patacona,4913195,Apartamento,Valencia,1,1,€ 200,2019/08/31,2019/09/01,0,"7,7",30
Valencia Luxury Attics Ayuntamiento,337092,Apartamentos,Valencia,1,1,€ 220,2019/08/31,2019/09/01,0,"7,5",30
JL Ciudad de las Artes,3074378,Apartamento,Valencia,1,1,NA,2019/08/31,2019/09/01,0,"9,6",30
MD Art Apartment Ruzafa,2550955,Apartamento,Valencia,1,1,€ 305,2019/08/31,2019/09/01,0,"7,7",30
MD Abastos Center,2551194,Apartamento,Valencia,1,1,€ 449,2019/08/31,2019/09/01,0,"7,7",30
MD Oliag I Apartment Ruzafa,2867488,Apartamento,Valencia,1,1,€ 513,2019/08/31,2019/09/01,0,"7,7",30
Guest House Samuel Ros,4161855,NA,Valencia,1,1,€ 35,2019/08/31,2019/09/01,0,"7,4",30
feliz como en casa,3676196,NA,Valencia,1,1,€ 36,2019/08/31,2019/09/01,0,"7,1",30
La Flamenca,818359,NA,Valencia,1,1,€ 40,2019/08/31,2019/09/01,0,"7,3",30
Duplex+Swimming pool+private entrance=Housen of LOVE,2999152,Apartamento,Valencia,1,1,NA,2019/08/31,2019/09/01,0,"9,5",30
PISO ACOGEDOR,4995780,NA,Valencia,1,1,€ 50,2019/08/31,2019/09/01,0,"7,2",30
Centro & Viaje,4215175,NA,Valencia,1,1,€ 78,2019/08/31,2019/09/01,0,"7,4",30
Centro Valencia Calle Cerrajeros,3476261,NA,Valencia,1,1,€ 80,2019/08/31,2019/09/01,0,7,30
Homestay & OLEE,4132920,NA,Valencia,1,1,€ 80,2019/08/31,2019/09/01,0,"7,3",30
Central Station Valencia Hostel,1647017,NA,Valencia,1,1,€ 99,2019/08/31,2019/09/01,0,"7,1",30
Cosy Rooms Embajador,369728,NA,Valencia,1,1,€ 99,2019/08/31,2019/09/01,2,"7,4",30
Casa La Buhardilla,2985364,Apartamento,Valencia,1,1,NA,2019/08/31,2019/09/01,0,"9,6",30
Cosy Rooms Bolsería,371606,NA,Valencia,1,1,€ 117,2019/08/31,2019/09/01,2,"7,4",30
B&B El Mercat,2203530,NA,Valencia,1,1,€ 120,2019/08/31,2019/09/01,0,"7,3",30
Casual de la Música Valencia,273130,NA,Valencia,1,1,€ 126,2019/08/31,2019/09/01,2,"7,4",30
Kirei Apartment Na Jordana,1702092,Apartamentos,Valencia,1,1,€ 132,2019/08/31,2019/09/01,0,7,30
HOSTAL BED OF THE SEA,3974636,NA,Valencia,1,1,€ 140,2019/08/31,2019/09/01,0,7,30
Apartamento Angel Alcazar 35,2174625,Apartamento,Valencia,1,1,€ 145,2019/08/31,2019/09/01,0,"7,4",30
NWT Monserrat,3728842,Apartamentos,Valencia,1,1,€ 174,2019/08/31,2019/09/01,0,"7,1",30
Las casitas de la playa,3177809,Apartamentos,Valencia,1,1,€ 188,2019/08/31,2019/09/01,0,7,30
Valencia Luxury Catedral,440778,Apartamentos,Valencia,1,1,€ 190,2019/08/31,2019/09/01,0,"7,1",30
Best Valencia Beach Flat,3246772,Apartamento,Valencia,1,1,€ 192,2019/08/31,2019/09/01,0,"7,1",30
Kirei Apartment En Llop,1765516,Apartamentos,Valencia,1,1,€ 230,2019/08/31,2019/09/01,0,"7,1",30
Valencia Boutique Center,387770,Apartamentos,Valencia,1,1,€ 320,2019/08/31,2019/09/01,0,7,30
Loyola Room Habitación en Piso Compartido,3298489,NA,Valencia,1,1,€ 42,2019/08/31,2019/09/01,0,"6,7",30
Premium Apartments,486507,Apartamentos,Valencia,1,1,€ 174,2019/08/31,2019/09/01,0,"6,9",30
Malvarrosa Beach,3546692,Casas y chalets,Valencia,1,1,€ 1.260,2019/08/31,2019/09/01,0,"6,9",30
Habitación con cama doble,4794909,NA,Valencia,1,1,€ 41,2019/08/31,2019/09/01,0,"6,4",30
Fun and Sun Center 2,2944416,NA,Valencia,1,1,€ 45,2019/08/31,2019/09/01,0,"6,2",30
Casita Esmeralda,2040126,Casa o chalet,Valencia,1,1,€ 154,2019/08/31,2019/09/01,0,"6,4",30
Olympia,3535463,Apartamento,Valencia,1,1,€ 220,2019/08/31,2019/09/01,0,"9,2",30
APARTAMENTO CENTRICO. WI-FI. PARKING,2967593,Apartamento,Valencia,1,1,€ 220,2019/08/31,2019/09/01,0,"9,2",30
Apartments Welcome to Valencia Peset Aleixandre 69,4964856,Apartamento,Valencia,1,1,NA,2019/08/31,2019/09/01,0,"9,7",30
OCEANOGRAFIC DELUXE- PARKING- WI-FI,4095746,Apartamento,Valencia,1,1,€ 230,2019/08/31,2019/09/01,0,"9,1",30
Hotel Boutique Balandret,1281710,NA,Valencia,1,1,€ 238,2019/08/31,2019/09/01,3,"9,2",30
Hi Valencia Cánovas,4312120,Apartamentos,Valencia,1,1,€ 250,2019/08/31,2019/09/01,0,"9,1",30
Caro Hotel,348132,NA,Valencia,1,1,€ 255,2019/08/31,2019/09/01,5,"9,2",30
Hi Valencia Apartments - Jorge Juan,2373701,Apartamento,Valencia,1,1,€ 280,2019/08/31,2019/09/01,0,"9,4",30
Zerka Sendra,4657122,Apartamento,Valencia,1,1,€ 321,2019/08/31,2019/09/01,0,9,30
ÁTICO EN EL CENTRO DE VALENCIA VT-45939-T,4752815,Apartamento,Valencia,1,1,NA,2019/08/31,2019/09/01,0,"9,5",30
MD Julio Antonio Apartment Center,3961049,Apartamento,Valencia,1,1,€ 385,2019/08/31,2019/09/01,0,"9,1",30
Old Fisherman's House in Malvarrosa Beach,3618172,Apartamento,Valencia,1,1,€ 816,2019/08/31,2019/09/01,0,"9,4",30
Modern and comfortable room,4445289,NA,Valencia,1,1,€ 37,2019/08/31,2019/09/01,0,"8,7",30
Russafa Youth Hostel,345134,NA,Valencia,1,1,€ 58,2019/08/31,2019/09/01,0,"8,6",30
Homestay Carrer Sagun,5006434,NA,Valencia,1,1,€ 65,2019/08/31,2019/09/01,0,"8,7",30
Namaste Rooms,3799642,NA,Valencia,1,1,€ 70,2019/08/31,2019/09/01,0,"8,6",30
Cozy en Blanch. Center,4751079,Apartamento,Valencia,1,1,NA,2019/08/31,2019/09/01,0,"9,7",30
Sabía que venias!,3543756,NA,Valencia,1,1,€ 70,2019/08/31,2019/09/01,0,"8,5",30
Zalamera BnB,1331238,NA,Valencia,1,1,€ 73,2019/08/31,2019/09/01,0,"8,7",30
Colegio Mayor La Concepción,626558,NA,Valencia,1,1,€ 75,2019/08/31,2019/09/01,0,"8,7",30
Carrer de l'Escriptor Rafael Ferreres,4267645,Apartamento,Valencia,1,1,€ 75,2019/08/31,2019/09/01,0,"8,6",30
Hotel Malcom and Barret,483261,NA,Valencia,1,1,€ 81,2019/08/31,2019/09/01,3,"8,7",30
AC Hotel Valencia- a Marriott Lifestyle Hotel,91063,NA,Valencia,1,1,€ 84,2019/08/31,2019/09/01,4,"8,6",30
Casa Calle Conquista,4691493,Apartamento,Valencia,1,1,NA,2019/08/31,2019/09/01,0,"9,6",30
Pio XII Apartments Valencia,402080,Apartamentos,Valencia,1,1,€ 85,2019/08/31,2019/09/01,0,"8,5",30
Hotel Kramer,91106,NA,Valencia,1,1,€ 89,2019/08/31,2019/09/01,3,"8,8",30
Blanq Comedias,4922002,NA,Valencia,1,1,€ 90,2019/08/31,2019/09/01,0,"8,9",30
Casa del Patriarca,364834,NA,Valencia,1,1,€ 90,2019/08/31,2019/09/01,0,"8,9",30
Host & Home,1663785,NA,Valencia,1,1,€ 92,2019/08/31,2019/09/01,0,"8,9",30
Hotel Valencia Oceanic Managed by Melia Hotels International,91522,NA,Valencia,1,1,€ 94,2019/08/31,2019/09/01,4,"8,6",30
Espai Loft Santa Mónica,4574135,Apartamento,Valencia,1,1,NA,2019/08/31,2019/09/01,0,"9,8",30
Welcomer Apartments Valencia,19363,Apartamentos,Valencia,1,1,€ 95,2019/08/31,2019/09/01,0,"8,6",30
Hulot B&B Valencia,585429,NA,Valencia,1,1,€ 95,2019/08/31,2019/09/01,0,"8,5",30
Apartaments San Pio V,2456151,Apartamento,Valencia,1,1,€ 100,2019/08/31,2019/09/01,0,"8,8",30
Ad Hoc Monumental,90719,NA,Valencia,1,1,€ 101,2019/08/31,2019/09/01,3,"8,6",30
ABCyou Bed&Breakfast,189207,NA,Valencia,1,1,€ 101,2019/08/31,2019/09/01,0,"8,5",30
Casual Vintage Valencia,1710241,NA,Valencia,1,1,€ 104,2019/08/31,2019/09/01,2,"8,5",30
Casa Vich,4457634,Apartamento,Valencia,1,1,NA,2019/08/31,2019/09/01,0,"9,6",30
Sercotel Sorolla Palace,93646,NA,Valencia,1,1,€ 104,2019/08/31,2019/09/01,4,"8,6",30
Melia Valencia,290493,NA,Valencia,1,1,€ 107,2019/08/31,2019/09/01,4,"8,8",30
Rooms Ciencias,94126,NA,Valencia,1,1,€ 108,2019/08/31,2019/09/01,0,"8,9",30
Zenit Valencia,92327,NA,Valencia,1,1,€ 108,2019/08/31,2019/09/01,4,"8,8",30
Barceló Valencia,91988,NA,Valencia,1,1,€ 108,2019/08/31,2019/09/01,4,"8,6",30
Melia Plaza Valencia,13270,NA,Valencia,1,1,€ 110,2019/08/31,2019/09/01,4,"8,9",30
B&B Hi Valencia Boutique,1301725,NA,Valencia,1,1,€ 110,2019/08/31,2019/09/01,0,"8,7",30
Ilunion Aqua 4,92777,NA,Valencia,1,1,€ 111,2019/08/31,2019/09/01,4,"8,5",30
One Shot Colón 46,1394168,NA,Valencia,1,1,€ 113,2019/08/31,2019/09/01,3,"8,7",30
València Centre Túria,2185255,Apartamento,Valencia,1,1,€ 113,2019/08/31,2019/09/01,0,"8,8",30
Living Valencia - Patacona Beach 56,3718985,Apartamentos,Valencia,1,1,€ 113,2019/08/31,2019/09/01,0,"8,8",30
Soho Valencia,1538641,Apartahotel,Valencia,1,1,€ 114,2019/08/31,2019/09/01,0,"8,9",30
Valencian Apartment,2298621,Apartamento,Valencia,1,1,€ 114,2019/08/31,2019/09/01,0,"8,9",30
Hotel Mediterraneo Valencia,92412,NA,Valencia,1,1,€ 115,2019/08/31,2019/09/01,3,"8,8",30
Jardín Botánico Hotel Boutique,93369,NA,Valencia,1,1,€ 116,2019/08/31,2019/09/01,3,"8,9",30
One Shot Palacio Reina Victoria 04,90885,NA,Valencia,1,1,€ 116,2019/08/31,2019/09/01,4,"8,6",30
Petit Palace Ruzafa,90792,NA,Valencia,1,1,€ 116,2019/08/31,2019/09/01,3,"8,7",30
AC Hotel Colon Valencia- a Marriott Lifestyle Hotel,1117150,NA,Valencia,1,1,€ 116,2019/08/31,2019/09/01,4,"8,6",30
Les flors,3985046,Apartamento,Valencia,1,1,€ 119,2019/08/31,2019/09/01,0,"8,9",30
Hotel Dimar,90886,NA,Valencia,1,1,€ 122,2019/08/31,2019/09/01,4,"8,7",30
Travel Habitat Port Valencia.,4986124,Apartamentos,Valencia,1,1,NA,2019/08/31,2019/09/01,0,"9,7",30
Casual del Cine Valencia,572187,NA,Valencia,1,1,€ 123,2019/08/31,2019/09/01,2,"8,6",30
Valenciaflats Centro Histórico,94781,Apartamentos,Valencia,1,1,€ 124,2019/08/31,2019/09/01,0,"8,7",30
Turia Burjassot 12,3237353,Apartamento,Valencia,1,1,€ 125,2019/08/31,2019/09/01,0,"8,9",30
Vincci Palace,94163,NA,Valencia,1,1,€ 126,2019/08/31,2019/09/01,4,"8,6",30
Disfruta - Enjoy Valencia Ayuntamiento,4901194,NA,Valencia,1,1,€ 175,2019/08/31,2019/09/01,0,10,30
Valencian Dreams,3268804,NA,Valencia,1,1,€ 103,2019/08/31,2019/09/01,0,"9,8",30
Hostal Antigua Morellana,1273937,NA,Valencia,1,1,NA,2019/08/31,2019/09/01,1,"9,5",30
Hotel El Siglo,1741479,NA,Valencia,1,1,€ 127,2019/08/31,2019/09/01,3,"8,5",30
Citizentral Gascons,332095,Apartamentos,Valencia,1,1,€ 127,2019/08/31,2019/09/01,0,"8,7",30
Apartamento Alameda,1698817,Apartamento,Valencia,1,1,NA,2019/08/31,2019/09/01,0,"9,5",30
Ramirez Flats & Bar,4124528,NA,Valencia,1,1,€ 126,2019/08/31,2019/09/01,0,"9,5",30
Ciudad Ciencias- Lujo- Parking- Wi-Fi.,4999636,NA,Valencia,1,1,€ 220,2019/08/31,2019/09/01,0,"9,8",30
Lotelito,570027,NA,Valencia,1,1,€ 129,2019/08/31,2019/09/01,0,"8,9",30
BUBUFLATS / Mercat,783206,Apartamentos,Valencia,1,1,€ 130,2019/08/31,2019/09/01,0,"8,9",30
València Centre Torres de Quart,886289,Apartamentos,Valencia,1,1,€ 137,2019/08/31,2019/09/01,0,"8,9",30
Valenciaflats Mercado Central,307677,Apartamentos,Valencia,1,1,€ 138,2019/08/31,2019/09/01,0,9,30
Home Youth Hostel by Feetup Hostels,189322,NA,Valencia,1,1,€ 138,2019/08/31,2019/09/01,0,"8,8",30
El Palacete Gran Via,3483148,NA,Valencia,1,1,€ 139,2019/08/31,2019/09/01,0,"8,7",30
Disfruta - Enjoy Valencia Ruzafa,3890328,NA,Valencia,1,1,€ 255,2019/08/31,2019/09/01,0,"9,7",30
Disfruta - Enjoy Valencia Centre,3881970,NA,Valencia,1,1,€ 259,2019/08/31,2019/09/01,0,"9,8",30
Cantagua Hostel,4074640,NA,Valencia,1,1,€ 48,2019/08/31,2019/09/01,0,"9,1",30
Hostal Antigua Morellana,1273937,NA,Valencia,1,1,NA,2019/08/31,2019/09/01,1,"9,5",30
Blanq Carmen Hotel,97069,NA,Valencia,1,1,€ 139,2019/08/31,2019/09/01,3,"8,7",30
Catalonia Excelsior,90578,NA,Valencia,1,1,€ 140,2019/08/31,2019/09/01,3,"8,7",30
Apartamento frente al mar,3060802,Apartamento,Valencia,1,1,€ 145,2019/08/31,2019/09/01,0,"8,6",30
Art&Flats Bed&Breakfast,5238345,NA,Valencia,1,1,€ 50,2019/08/31,2019/09/01,0,"9,2",30
Loft Superior el Carmen,2784473,NA,Valencia,1,1,NA,2019/08/31,2019/09/01,0,"9,5",30
Habitación privada a 1500 metros de la playa,3789910,NA,Valencia,1,1,€ 60,2019/08/31,2019/09/01,0,"9,4",30
Habitación doble,3599930,NA,Valencia,1,1,€ 77,2019/08/31,2019/09/01,0,9,30
SH Valencia Palace,91497,NA,Valencia,1,1,€ 158,2019/08/31,2019/09/01,5,"8,5",30
Atico con vistas - Alfahuir,2860729,Apartamento,Valencia,1,1,€ 162,2019/08/31,2019/09/01,0,"8,5",30
Hotel Neptuno,91206,NA,Valencia,1,1,€ 162,2019/08/31,2019/09/01,4,"8,5",30
Molinell,2017573,Apartamento,Valencia,1,1,NA,2019/08/31,2019/09/01,0,"9,5",30
Moon Valencia,3560698,NA,Valencia,1,1,€ 77,2019/08/31,2019/09/01,0,9,30
Hostal Venecia,92883,NA,Valencia,1,1,€ 88,2019/08/31,2019/09/01,2,"9,1",30
Live in Chianti,2227491,NA,Valencia,1,1,€ 89,2019/08/31,2019/09/01,0,"9,1",30
Vincci Lys,91183,NA,Valencia,1,1,€ 162,2019/08/31,2019/09/01,4,"8,9",30
Biopark View Apartment,2381901,Apartamento,Valencia,1,1,€ 172,2019/08/31,2019/09/01,0,"8,9",30
ValentiaApartments - MercadoCentral,4185241,Apartamentos,Valencia,1,1,€ 177,2019/08/31,2019/09/01,0,"8,7",30
The Westin Valencia,93321,NA,Valencia,1,1,€ 178,2019/08/31,2019/09/01,5,"8,7",30
YOU & CO. Saler Beach Boutique,4533007,NA,Valencia,1,1,€ 100,2019/08/31,2019/09/01,3,"9,1",30
Estrella de russafa,5352439,NA,Valencia,1,1,NA,2019/08/31,2019/09/01,0,"9,8",30
apartamento las torres-botanico,4694090,NA,Valencia,1,1,€ 107,2019/08/31,2019/09/01,0,9,30
SKY TOURISTIC ATTIC,281640,Apartamentos,Valencia,1,1,€ 180,2019/08/31,2019/09/01,0,"8,5",30
Plaza de la Virgen,3167342,Apartamento,Valencia,1,1,€ 185,2019/08/31,2019/09/01,0,"8,7",30
BONNIES Suites & Spa Valencia,3631910,Apartamentos,Valencia,1,1,NA,2019/08/31,2019/09/01,0,"9,8",30
Hotel San Lorenzo Boutique,1307718,NA,Valencia,1,1,€ 203,2019/08/31,2019/09/01,3,"8,6",30
WONDERFUL APARTMENT IN CANET DE BERENGUER. VALENCIA,3529602,Apartamento,Valencia,1,1,€ 220,2019/08/31,2019/09/01,0,"8,9",30
Atico de Lujo,2142556,NA,Valencia,1,1,€ 110,2019/08/31,2019/09/01,0,"9,2",30
Valenciaflats Centro Ciudad,18544,NA,Valencia,1,1,€ 115,2019/08/31,2019/09/01,0,"9,1",30
Zerka Centro,4425975,Apartamentos,Valencia,1,1,€ 229,2019/08/31,2019/09/01,0,"8,5",30
Cathedral Suites Hotel,1736257,Apartahotel,Valencia,1,1,€ 288,2019/08/31,2019/09/01,4,"8,9",30
Hospes Palau de La Mar,93823,NA,Valencia,1,1,€ 311,2019/08/31,2019/09/01,5,"8,8",30
Habitación Céntrica en Casa de Familia,4289877,NA,Valencia,1,1,€ 35,2019/08/31,2019/09/01,0,8,30
Espai Loft Santa Mónica,4574135,Apartamento,Valencia,1,1,NA,2019/08/31,2019/09/01,0,"9,8",30
MD Design Hotel - Portal del Real,2391685,NA,Valencia,1,1,€ 117,2019/08/31,2019/09/01,2,"9,1",30
Bianca,4232781,NA,Valencia,1,1,€ 118,2019/08/31,2019/09/01,0,9,30
Valencia-Ruzafa Studio,3235983,NA,Valencia,1,1,€ 120,2019/08/31,2019/09/01,0,"9,1",30
Canovas rooms,5296619,NA,Valencia,1,1,NA,2019/08/31,2019/09/01,0,"9,6",30
Habitacion en Valencia Barata,4861796,NA,Valencia,1,1,€ 38,2019/08/31,2019/09/01,0,"8,2",30
Hostal Abastos,257057,NA,Valencia,1,1,€ 50,2019/08/31,2019/09/01,2,"8,2",30
HABITACIÓN PRIVADA EN RUZAFA,4948581,NA,Valencia,1,1,€ 51,2019/08/31,2019/09/01,0,"8,1",30
B&B Hi Valencia Canovas,305349,NA,Valencia,1,1,€ 58,2019/08/31,2019/09/01,0,"8,4",30
Pension MonaLisa Luxury Suites,3834224,NA,Valencia,1,1,€ 60,2019/08/31,2019/09/01,0,"8,2",30
HOSPEDAJE PESET,4718074,NA,Valencia,1,1,€ 60,2019/08/31,2019/09/01,0,"8,1",30
Red Nest Hostel,92283,NA,Valencia,1,1,€ 62,2019/08/31,2019/09/01,0,"8,2",30
NH Collection Colón Valencia,3828811,NA,Valencia,1,1,€ 129,2019/08/31,2019/09/01,4,"9,2",30
Apartamentos Wallace,1698355,NA,Valencia,1,1,€ 129,2019/08/31,2019/09/01,0,"9,2",30
Mon Suites San Nicolas,4117225,NA,Valencia,1,1,€ 133,2019/08/31,2019/09/01,0,"9,2",30
Hotel Sercotel Acteón Valencia,90495,NA,Valencia,1,1,€ 89,2019/08/31,2019/09/01,4,"8,4",30
L'Otelet By Sweet,1467935,NA,Valencia,1,1,€ 64,2019/08/31,2019/09/01,0,"8,3",30
Reina 12,1684198,NA,Valencia,1,1,€ 70,2019/08/31,2019/09/01,0,"8,3",30
Hotel Olympia Universidades,1301731,NA,Valencia,1,1,€ 70,2019/08/31,2019/09/01,3,"8,4",30
Citizentral Juristas,1113127,NA,Valencia,1,1,€ 137,2019/08/31,2019/09/01,0,"9,2",30
Mon Suites Catedral,485679,NA,Valencia,1,1,€ 139,2019/08/31,2019/09/01,0,"9,2",30
Purple Nest Hostel,25278,NA,Valencia,1,1,€ 72,2019/08/31,2019/09/01,0,8,30
Alquiler Habitacion Centro De Valencia,3977106,NA,Valencia,1,1,€ 72,2019/08/31,2019/09/01,0,"8,1",30
Tryp Valencia Feria,92852,NA,Valencia,1,1,€ 77,2019/08/31,2019/09/01,4,"8,3",30
NH Valencia Las Artes,90731,NA,Valencia,1,1,€ 80,2019/08/31,2019/09/01,4,"8,3",30
L'Arbre,3972359,NA,Valencia,1,1,€ 139,2019/08/31,2019/09/01,0,"9,3",30
Maison Reina B&B,5004812,NA,Valencia,1,1,NA,2019/08/31,2019/09/01,0,"9,5",30
APARTAMENTO CENTRO- RUZAFA. WI-FI. PARKING,3144104,NA,Valencia,1,1,€ 140,2019/08/31,2019/09/01,0,"9,3",30
Aparthotel Valencia Rental,17344,Apartahotel,Valencia,1,1,€ 89,2019/08/31,2019/09/01,0,8,30
Apartamento luminoso y acogedor,3489126,Apartamento,Valencia,1,1,NA,2019/08/31,2019/09/01,0,"9,6",30
Homestay Valencia,2597106,NA,Valencia,1,1,€ 93,2019/08/31,2019/09/01,0,"8,1",30
Ilunion Aqua 3,92776,NA,Valencia,1,1,€ 93,2019/08/31,2019/09/01,3,"8,3",30
BUBUSUITES by Bubuflats,2389776,NA,Valencia,1,1,€ 140,2019/08/31,2019/09/01,0,"9,3",30
Olvida tu Reloj Montichelvo Apartment,3258095,NA,Valencia,1,1,€ 141,2019/08/31,2019/09/01,0,"9,4",30
Olvida tu Reloj Congresos Apartment,2448036,NA,Valencia,1,1,€ 141,2019/08/31,2019/09/01,0,"9,2",30
NH Valencia Las Ciencias,90725,NA,Valencia,1,1,€ 80,2019/08/31,2019/09/01,3,8,30
Apartamentos Plaza Picasso,97063,Apartamentos,Valencia,1,1,€ 86,2019/08/31,2019/09/01,0,"8,4",30
NH Ciudad de Valencia,90729,NA,Valencia,1,1,€ 89,2019/08/31,2019/09/01,3,"8,1",30
MD Modern Hotel - Jardines,305447,NA,Valencia,1,1,€ 95,2019/08/31,2019/09/01,1,"8,2",30
Rio Turia Skatehouse,4624602,Apartamento,Valencia,1,1,€ 96,2019/08/31,2019/09/01,0,"8,1",30
Sol Playa,12656,NA,Valencia,1,1,€ 97,2019/08/31,2019/09/01,2,"8,3",30
Mon Suites San Martin,2777545,NA,Valencia,1,1,€ 143,2019/08/31,2019/09/01,0,"9,4",30
Sorolla Centro,90896,NA,Valencia,1,1,€ 143,2019/08/31,2019/09/01,3,"9,1",30
La seda stay,3335523,NA,Valencia,1,1,NA,2019/08/31,2019/09/01,0,"9,7",30
Sweet Hotel Renasa,274818,NA,Valencia,1,1,€ 89,2019/08/31,2019/09/01,3,8,30
Sweet Hotel Continental,93856,NA,Valencia,1,1,€ 99,2019/08/31,2019/09/01,2,"8,3",30
Cool Central Market,3424724,Apartamento,Valencia,1,1,NA,2019/08/31,2019/09/01,0,"9,9",30
Silken Puerta Valencia,91182,NA,Valencia,1,1,€ 99,2019/08/31,2019/09/01,4,"8,3",30
Ilunion Valencia 4,754329,NA,Valencia,1,1,€ 103,2019/08/31,2019/09/01,4,8,30
Primus Valencia,331871,NA,Valencia,1,1,€ 103,2019/08/31,2019/09/01,4,"8,3",30
NH Valencia Center,90727,NA,Valencia,1,1,€ 106,2019/08/31,2019/09/01,4,"8,3",30
Eurostars Rey Don Jaime,91520,NA,Valencia,1,1,€ 107,2019/08/31,2019/09/01,4,"8,2",30
Casual de las Artes Valencia,538056,NA,Valencia,1,1,€ 107,2019/08/31,2019/09/01,3,"8,4",30
Apartamentos La más Bonita,2816245,NA,Valencia,1,1,€ 149,2019/08/31,2019/09/01,0,"9,1",30
Valenciaflats Ciudad de las Ciencias,93676,NA,Valencia,1,1,€ 152,2019/08/31,2019/09/01,0,"9,1",30
Nowy apartament 3min od plaż- 3 sypialnie- balkon,3418661,Apartamentos,Valencia,1,1,NA,2019/08/31,2019/09/01,0,"9,5",30
Senator Parque Central Hotel,274963,NA,Valencia,1,1,€ 108,2019/08/31,2019/09/01,4,"8,1",30
Hotel Medium Valencia,96838,NA,Valencia,1,1,€ 108,2019/08/31,2019/09/01,4,"8,2",30
Flats Hondures,2194645,NA,Valencia,1,1,€ 152,2019/08/31,2019/09/01,0,"9,1",30
One Shot Mercat 09,2274203,NA,Valencia,1,1,€ 152,2019/08/31,2019/09/01,4,"9,2",30
Eurostars Gran Valencia,90484,NA,Valencia,1,1,€ 112,2019/08/31,2019/09/01,4,"8,3",30
Apartamento Privado Próximo a Playa y Ciencias,3783163,Apartamento,Valencia,1,1,€ 119,2019/08/31,2019/09/01,0,"8,1",30
SH Ingles Boutique Hotel,92956,NA,Valencia,1,1,€ 122,2019/08/31,2019/09/01,4,"8,4",30
Valenciaflats Torres de Serrano,17468,Apartamentos,Valencia,1,1,€ 124,2019/08/31,2019/09/01,0,"8,3",30
MYR Hotel Plaza Mercado & Spa,1619029,NA,Valencia,1,1,€ 159,2019/08/31,2019/09/01,0,"9,2",30
Apartments Madrina,3278589,NA,Valencia,1,1,€ 160,2019/08/31,2019/09/01,0,9,30
Precioso Apartamento En Pleno Centro Con Wifi,3023494,NA,Valencia,1,1,€ 165,2019/08/31,2019/09/01,0,9,30
Apartamento centro frente a Torres de Serrano,3408067,Apartamento,Valencia,1,1,NA,2019/08/31,2019/09/01,0,"9,5",30
Hotel Valencia Center,91285,NA,Valencia,1,1,€ 125,2019/08/31,2019/09/01,4,"8,4",30
Plaza Del Carmen,1737254,Apartamento,Valencia,1,1,€ 130,2019/08/31,2019/09/01,0,"8,1",30
City Suites Apartments,3091106,NA,Valencia,1,1,€ 130,2019/08/31,2019/09/01,0,"8,4",30
Apartamento Ciudad de las Artes y las Ciencias,4353552,Apartamento,Valencia,1,1,€ 135,2019/08/31,2019/09/01,0,"8,4",30
Hogar Vera Apartments&Bikes,1807919,NA,Valencia,1,1,€ 174,2019/08/31,2019/09/01,0,"9,4",30
Vincci Mercat,1279484,NA,Valencia,1,1,€ 189,2019/08/31,2019/09/01,4,9,30
HQ Rooms Apartments San Vicente,2894429,NA,Valencia,1,1,€ 194,2019/08/31,2019/09/01,0,"9,3",30
APARTAMENTO LAS MELLIZAS,4651578,NA,Valencia,1,1,€ 69,2019/08/31,2019/09/01,0,"8,4",30
United Colors of Apartments - Catedral,1301545,Apartamentos,Valencia,1,1,€ 143,2019/08/31,2019/09/01,0,"8,2",30
Doctor Oloriz-31-9,3397673,Apartamento,Valencia,1,1,NA,2019/08/31,2019/09/01,0,"9,9",30
Apartment Florista,2150187,Apartamento,Valencia,1,1,€ 150,2019/08/31,2019/09/01,0,8,30
Mediterranean Flats Plaza Redonda,4086496,NA,Valencia,1,1,€ 195,2019/08/31,2019/09/01,0,"9,2",30
MARQUÉS HOUSE 4* SUP,2118880,NA,Valencia,1,1,€ 199,2019/08/31,2019/09/01,4,"9,4",30
ARENAS 2 APARTAMENT,2808815,NA,Valencia,1,1,€ 200,2019/08/31,2019/09/01,0,"9,2",30
Holiday Inn Express Ciudad de las Ciencias,96737,NA,Valencia,1,1,€ 153,2019/08/31,2019/09/01,3,8,30
Hotel Conqueridor,91047,NA,Valencia,1,1,€ 162,2019/08/31,2019/09/01,4,"8,4",30
Lovely Apartment!,3377663,Apartamentos,Valencia,1,1,€ 170,2019/08/31,2019/09/01,0,"8,4",30
Apartment Sun & Light near the beach,4479540,Apartamento,Valencia,1,1,€ 175,2019/08/31,2019/09/01,0,"8,3",30
Musico Peydro Apartments,3765069,Apartamentos,Valencia,1,1,€ 215,2019/08/31,2019/09/01,0,"8,1",30
Duplex en Blasco Ibáñez,3672426,NA,Valencia,1,1,€ 200,2019/08/31,2019/09/01,0,"9,1",30
Dolz Garden Ruzafa,1123993,NA,Valencia,1,1,€ 200,2019/08/31,2019/09/01,0,"9,2",30
Valencia centro historico,3354779,Apartamento,Valencia,1,1,NA,2019/08/31,2019/09/01,0,"9,5",30
Vlc Apartaments el Carmen,389902,Apartamentos,Valencia,1,1,€ 220,2019/08/31,2019/09/01,0,"8,2",30
NWT Central Station Apartments,3964093,Apartamento,Valencia,1,1,€ 229,2019/08/31,2019/09/01,0,"8,4",30
MD Benlliure Beach.,1957258,Apartamento,Valencia,1,1,€ 392,2019/08/31,2019/09/01,0,8,30
MD Vila Barbera Apartment Center,1957253,Apartamento,Valencia,1,1,€ 528,2019/08/31,2019/09/01,0,"8,3",30
Jardines del Turia - Espacioso apartamento,2734126,NA,Valencia,1,1,€ 202,2019/08/31,2019/09/01,0,"9,2",30
Edificio Pentagono,4673669,NA,Valencia,1,1,€ 210,2019/08/31,2019/09/01,0,"9,1",30
Center City Flats,861452,NA,Valencia,1,1,€ 214,2019/08/31,2019/09/01,0,"9,1",30
UP Hostel Valencia,1710137,NA,Valencia,1,1,€ 33,2019/08/31,2019/09/01,0,"7,8",30
Apart and Benef,2291245,NA,Valencia,1,1,€ 38,2019/08/31,2019/09/01,0,"7,7",30
Valencia Russafa,4454999,NA,Valencia,1,1,€ 50,2019/08/31,2019/09/01,0,"7,8",30
Habitación San Cayetano,4624401,NA,Valencia,1,1,€ 50,2019/08/31,2019/09/01,0,"7,7",30
Habitacion PLaza Ayuntamiento,4365340,NA,Valencia,1,1,€ 50,2019/08/31,2019/09/01,0,"7,5",30
Voyagers Inn Homestay,2682156,NA,Valencia,1,1,€ 51,2019/08/31,2019/09/01,0,"7,8",30
Hospederia del Pilar,327766,NA,Valencia,1,1,€ 54,2019/08/31,2019/09/01,0,"7,9",30
Como en casa,4802186,NA,Valencia,1,1,€ 54,2019/08/31,2019/09/01,0,"7,8",30
Hostal Bisbal,235665,NA,Valencia,1,1,€ 60,2019/08/31,2019/09/01,1,"7,5",30
Pensión Universal,304276,NA,Valencia,1,1,€ 62,2019/08/31,2019/09/01,0,"7,9",30
Casual Civilizaciones Valencia,449777,NA,Valencia,1,1,€ 62,2019/08/31,2019/09/01,0,"7,9",30
Hotel Beleret,94652,NA,Valencia,1,1,€ 67,2019/08/31,2019/09/01,3,"7,6",30
Hostal Moratin,326015,NA,Valencia,1,1,€ 68,2019/08/31,2019/09/01,1,"7,9",30
Cosy Rooms Tapinería,371192,NA,Valencia,1,1,€ 74,2019/08/31,2019/09/01,2,"7,5",30
