name,propertyId,propertyType,city,rooms,days,price,checkIn,checkOut,stars,score,advance
Loyola Room Habitación en Piso Compartido,3298489,NA,Valencia,1,1,€ 39,2019/08/21,2019/08/22,0,"6,8",7
Miresa flats,5300418,NA,Valencia,1,1,€ 125,2019/08/21,2019/08/22,0,"6,7",7
Preciosa Casita Cerca Del Mar,4057271,NA,Valencia,1,1,NA,2019/08/21,2019/08/22,0,"9,7",7
Malvarrosa Beach,3546692,NA,Valencia,1,1,€ 1.260,2019/08/21,2019/08/22,0,"6,8",7
Habitación con cama doble,4794909,NA,Valencia,1,1,€ 41,2019/08/21,2019/08/22,0,"6,1",7
Fun and Sun Center 2,2944416,NA,Valencia,1,1,€ 45,2019/08/21,2019/08/22,0,"6,2",7
Kirei Apartment San Agustin,1712323,NA,Valencia,1,1,€ 126,2019/08/21,2019/08/22,0,"6,3",7
Casita Esmeralda,2040126,NA,Valencia,1,1,€ 154,2019/08/21,2019/08/22,0,"6,4",7
Guest House Higinio Noja,2845935,NA,Valencia,1,1,€ 30,2019/08/21,2019/08/22,0,"5,9",7
Central Park Apartment Valencia,3881533,NA,Valencia,1,1,NA,2019/08/21,2019/08/22,0,"9,6",7
RoomTuristValencia - Ruzafa,4608394,NA,Valencia,1,1,€ 35,2019/08/21,2019/08/22,0,"5,8",7
Ruzafa Guesthouse,2269176,NA,Valencia,1,1,€ 38,2019/08/21,2019/08/22,0,"5,6",7
Home Sweet Home,1223953,NA,Valencia,1,1,€ 50,2019/08/21,2019/08/22,0,"5,5",7
Carrer del Bisbe Jaume Pérez,4900140,NA,Valencia,1,1,€ 60,2019/08/21,2019/08/22,0,"5,6",7
Oliver,4865093,NA,Valencia,1,1,€ 73,2019/08/21,2019/08/22,0,"5,8",7
Kirei Apartment Berlin,4504570,NA,Valencia,1,1,€ 134,2019/08/21,2019/08/22,0,"5,5",7
Apartamento luminoso y acogedor,3489126,NA,Valencia,1,1,NA,2019/08/21,2019/08/22,0,"9,6",7
RoomTuristValencia Estacion del Norte,4682632,NA,Valencia,1,1,€ 35,2019/08/21,2019/08/22,0,"5,3",7
Guest House Ruzafa,2324552,NA,Valencia,1,1,€ 50,2019/08/21,2019/08/22,0,"5,3",7
RoomTuristValencia Torres de Quart,4565643,NA,Valencia,1,1,€ 35,2019/08/21,2019/08/22,0,"4,8",7
Guesthouse Plaza de Toros,2985902,NA,Valencia,1,1,€ 38,2019/08/21,2019/08/22,0,"4,9",7
RoomTuristValencia RuzafaSumsi,4682802,NA,Valencia,1,1,€ 45,2019/08/21,2019/08/22,0,"4,9",7
Apartamento Islas Canarias,2304086,NA,Valencia,1,1,€ 90,2019/08/21,2019/08/22,0,4,7
Apartment Cabanyal,3172456,NA,Valencia,1,1,NA,2019/08/21,2019/08/22,0,"9,8",7
Constitucion Guesthouse,2985942,NA,Valencia,1,1,€ 32,2019/08/21,2019/08/22,0,"3,4",7
Amplia habitación en piso compartido,5433175,NA,Valencia,1,1,€ 50,2019/08/21,2019/08/22,0,,7
Patraix,5366858,NA,Valencia,1,1,€ 65,2019/08/21,2019/08/22,0,,7
Habitación en Valencia,5477394,NA,Valencia,1,1,€ 80,2019/08/21,2019/08/22,0,,7
Miresa flats 2.1A,5399747,NA,Valencia,1,1,€ 90,2019/08/21,2019/08/22,0,,7
Catedral Reina Apartaments,5348651,NA,Valencia,1,1,€ 135,2019/08/21,2019/08/22,0,,7
Atico Loft Ruzafa,3152977,NA,Valencia,1,1,NA,2019/08/21,2019/08/22,0,"9,7",7
CASA MARQUES DE CARO,4472176,NA,Valencia,1,1,€ 139,2019/08/21,2019/08/22,0,,7
CATHEDRAL LUXURY TERRACE FLAT 2BR-2BA- A\C-Wifi,5263870,NA,Valencia,1,1,€ 175,2019/08/21,2019/08/22,0,,7
CENTER-Luxurious 1BR- 1BA-Terrace- WI-FI- A/C,5264697,NA,Valencia,1,1,€ 188,2019/08/21,2019/08/22,0,,7
"Flat ""Ca Alexandre""",3687859,NA,Valencia,1,1,€ 210,2019/08/21,2019/08/22,0,,7
MD Manuela Estellés,5386542,NA,Valencia,1,1,€ 231,2019/08/21,2019/08/22,0,,7
Apartamento con terraza,5238122,NA,Valencia,1,1,€ 240,2019/08/21,2019/08/22,0,,7
JL Ciudad de las Artes,3074378,NA,Valencia,1,1,NA,2019/08/21,2019/08/22,0,"9,6",7
Hogar Dulce Hogar,5426607,NA,Valencia,1,1,€ 429,2019/08/21,2019/08/22,0,,7
Apartment Carrer de Don Juan de Austria,5464038,NA,Valencia,1,1,€ 483,2019/08/21,2019/08/22,0,,7
MD PASEO RUZAFA CENTER,5374850,NA,Valencia,1,1,€ 502,2019/08/21,2019/08/22,0,,7
Governor Residence,3799760,NA,Valencia,1,1,€ 600,2019/08/21,2019/08/22,0,,7
Gulet Why Not,5199364,NA,Valencia,1,1,€ 3.600,2019/08/21,2019/08/22,0,,7
Jero Rooms,296743,NA,Valencia,1,1,€ 73,2019/08/21,2019/08/22,0,"7,7",7
B&B Hotel Valencia Ciudad de las Ciencias,92242,NA,Valencia,1,1,€ 74,2019/08/21,2019/08/22,3,"7,5",7
Disfruta - Enjoy Valencia Centre,3881970,Apartamento,Valencia,1,1,NA,2019/08/21,2019/08/22,0,"9,8",7
OYO Pensión El Rincón,476031,NA,Valencia,1,1,€ 75,2019/08/21,2019/08/22,1,"7,7",7
Hotel Turia,14441,NA,Valencia,1,1,€ 75,2019/08/21,2019/08/22,4,"7,5",7
Ilunion Valencia 3,92818,NA,Valencia,1,1,€ 80,2019/08/21,2019/08/22,3,"7,9",7
Expo Hotel Valencia,91223,NA,Valencia,1,1,€ 81,2019/08/21,2019/08/22,3,"7,6",7
Casual de la Música Valencia,273130,NA,Valencia,1,1,€ 85,2019/08/21,2019/08/22,2,"7,5",7
Hostal Penalty,189209,NA,Valencia,1,1,€ 85,2019/08/21,2019/08/22,1,"7,9",7
Apartment Sofi,2830696,Apartamento,Valencia,1,1,NA,2019/08/21,2019/08/22,0,"9,8",7
Checkin Valencia,93743,NA,Valencia,1,1,€ 89,2019/08/21,2019/08/22,4,"7,8",7
United Colors of Studios - Mercado Central,2574108,Apartamentos,Valencia,1,1,€ 99,2019/08/21,2019/08/22,0,"7,9",7
City Center Apartments,4426057,Apartamentos,Valencia,1,1,€ 108,2019/08/21,2019/08/22,0,"7,8",7
Kirei Apartment San Vicente,1774062,Apartamento,Valencia,1,1,€ 110,2019/08/21,2019/08/22,0,"7,5",7
Suites by Eric Olsan (Peset),4726296,Apartamentos,Valencia,1,1,€ 111,2019/08/21,2019/08/22,0,"7,5",7
SEA YOU HOTEL PORT VALENCIA,92328,NA,Valencia,1,1,€ 113,2019/08/21,2019/08/22,4,"7,6",7
Casa Calle Conquista,4691493,Apartamento,Valencia,1,1,NA,2019/08/21,2019/08/22,0,"9,6",7
Bonito apartamento en Valencia!,3646923,Apartamentos,Valencia,1,1,€ 116,2019/08/21,2019/08/22,0,"7,7",7
El 16 Ruzafa,865461,Apartamentos,Valencia,1,1,€ 119,2019/08/21,2019/08/22,0,"7,7",7
Apartamento Alguer,4005334,Apartamento,Valencia,1,1,€ 135,2019/08/21,2019/08/22,0,"7,6",7
Valencia Luxury Attics Ayuntamiento,337092,Apartamentos,Valencia,1,1,€ 160,2019/08/21,2019/08/22,0,"7,5",7
El Globo,24498,NA,Valencia,1,1,€ 160,2019/08/21,2019/08/22,1,"7,8",7
Valencia Luxury Central Market,1078335,Apartamentos,Valencia,1,1,€ 180,2019/08/21,2019/08/22,0,"7,5",7
City Valencia Beach 360,4504803,Apartamento,Valencia,1,1,NA,2019/08/21,2019/08/22,0,"9,5",7
MD Art Apartment Ruzafa,2550955,Apartamento,Valencia,1,1,€ 305,2019/08/21,2019/08/22,0,"7,7",7
MD Oliag I Apartment Ruzafa,2867488,Apartamento,Valencia,1,1,€ 455,2019/08/21,2019/08/22,0,"7,7",7
Guest House Samuel Ros,4161855,NA,Valencia,1,1,€ 35,2019/08/21,2019/08/22,0,"7,4",7
feliz como en casa,3676196,NA,Valencia,1,1,€ 36,2019/08/21,2019/08/22,0,"7,2",7
La Flamenca,818359,NA,Valencia,1,1,€ 45,2019/08/21,2019/08/22,0,"7,2",7
HOSPEDAJE PESET,4718074,NA,Valencia,1,1,€ 50,2019/08/21,2019/08/22,0,"7,4",7
Casa Vich,4457634,Apartamento,Valencia,1,1,NA,2019/08/21,2019/08/22,0,"9,6",7
Friendly Rentals Soler,1634237,Apartamento,Valencia,1,1,€ 120,2019/08/21,2019/08/22,0,"8,6",7
Vincci Lys,91183,NA,Valencia,1,1,€ 120,2019/08/21,2019/08/22,4,"8,9",7
RUZAFA- CENTRO-A/C- WI-FI- PARKING,2885994,Apartamento,Valencia,1,1,NA,2019/08/21,2019/08/22,0,"9,7",7
Perla Apartments,3146781,Apartamentos,Valencia,1,1,€ 126,2019/08/21,2019/08/22,0,"8,8",7
Melia Plaza Valencia,13270,NA,Valencia,1,1,€ 127,2019/08/21,2019/08/22,4,"8,9",7
One Shot Palacio Reina Victoria 04,90885,NA,Valencia,1,1,€ 129,2019/08/21,2019/08/22,4,"8,6",7
Hostal Residencial RR,450746,NA,Valencia,1,1,€ 50,2019/08/21,2019/08/22,0,7,7
Ruzafa Rooms,2891693,NA,Valencia,1,1,€ 51,2019/08/21,2019/08/22,0,7,7
Central Station Valencia Hostel,1647017,NA,Valencia,1,1,€ 69,2019/08/21,2019/08/22,0,"7,1",7
Valenciaflats Centro Histórico,94781,Apartamentos,Valencia,1,1,€ 130,2019/08/21,2019/08/22,0,"8,7",7
BUBUFLATS / Mercat,783206,Apartamentos,Valencia,1,1,€ 130,2019/08/21,2019/08/22,0,"8,9",7
Catalonia Excelsior,90578,NA,Valencia,1,1,€ 130,2019/08/21,2019/08/22,3,"8,7",7
Canovas rooms,5296619,NA,Valencia,1,1,NA,2019/08/21,2019/08/22,0,"9,5",7
Homestay & OLEE,4132920,NA,Valencia,1,1,€ 75,2019/08/21,2019/08/22,0,"7,3",7
Centro Valencia Calle Cerrajeros,3476261,NA,Valencia,1,1,€ 75,2019/08/21,2019/08/22,0,"7,1",7
HOSTAL BED OF THE SEA,3974636,NA,Valencia,1,1,€ 82,2019/08/21,2019/08/22,0,"7,1",7
Constitución,4229663,Apartamento,Valencia,1,1,NA,2019/08/21,2019/08/22,0,"9,6",7
Cosy Rooms Embajador,369728,NA,Valencia,1,1,€ 84,2019/08/21,2019/08/22,2,"7,4",7
Cosy Rooms Bolsería,371606,NA,Valencia,1,1,€ 89,2019/08/21,2019/08/22,2,"7,4",7
Premium Apartments,486507,Apartamentos,Valencia,1,1,€ 89,2019/08/21,2019/08/22,0,7,7
NWT Monserrat,3728842,Apartamentos,Valencia,1,1,€ 94,2019/08/21,2019/08/22,0,"7,1",7
Hostal Antigua Morellana,1273937,NA,Valencia,1,1,€ 80,2019/08/21,2019/08/22,1,"9,5",7
Valencian Dreams Lonja,4757385,Apartamento,Valencia,1,1,€ 90,2019/08/21,2019/08/22,0,"9,7",7
VALENCIA APARTAMENTO GOYA,4256653,Apartamento,Valencia,1,1,NA,2019/08/21,2019/08/22,0,10,7
Malvarrosa Beach Rooms,314048,NA,Valencia,1,1,€ 95,2019/08/21,2019/08/22,2,"7,1",7
Valencia Apartments,4367788,Apartamentos,Valencia,1,1,€ 96,2019/08/21,2019/08/22,0,"7,1",7
Avenida del Cid (Centrico),4737683,Apartamento,Valencia,1,1,€ 98,2019/08/21,2019/08/22,0,"7,2",7
Opera House Valencia B&B,3533887,NA,Valencia,1,1,€ 99,2019/08/21,2019/08/22,0,"9,5",7
L'Esplai Valencia Bed & Breakfast,1282556,NA,Valencia,1,1,€ 99,2019/08/21,2019/08/22,0,"9,6",7
United Colors of Apartments Boutique Style,5372347,Apartamentos,Valencia,1,1,€ 120,2019/08/21,2019/08/22,0,"9,9",7
Casual Vintage Valencia,1710241,NA,Valencia,1,1,€ 135,2019/08/21,2019/08/22,2,"8,5",7
Apartments Madrina,3278589,Apartamentos,Valencia,1,1,€ 140,2019/08/21,2019/08/22,0,"8,9",7
Valenciaflats Mercado Central,307677,Apartamentos,Valencia,1,1,€ 140,2019/08/21,2019/08/22,0,"8,9",7
Ramirez Flats & Bar,4124528,Apartahotel,Valencia,1,1,€ 130,2019/08/21,2019/08/22,0,"9,5",7
KOA Centric- comfy and relaxed with style in Ruzafa,4105224,Apartamento,Valencia,1,1,€ 225,2019/08/21,2019/08/22,0,"9,9",7
Art&Flats Bed&Breakfast,5238345,NA,Valencia,1,1,€ 18,2019/08/21,2019/08/22,0,"9,2",7
PORT VALENCIA PLAYA,5259971,Apartamento,Valencia,1,1,NA,2019/08/21,2019/08/22,0,"9,8",7
València Centre Torres de Quart,886289,Apartamentos,Valencia,1,1,€ 142,2019/08/21,2019/08/22,0,"8,9",7
Flatsforyou Ruzafa,3342696,Apartamentos,Valencia,1,1,€ 150,2019/08/21,2019/08/22,0,"8,8",7
ValentiaApartments - MercadoCentral,4185241,Apartamentos,Valencia,1,1,€ 154,2019/08/21,2019/08/22,0,"8,7",7
Valencia Just in the Middle,2965508,Apartamento,Valencia,1,1,NA,2019/08/21,2019/08/22,0,"9,9",7
Habitación privada a 1500 metros de la playa,3789910,NA,Valencia,1,1,€ 60,2019/08/21,2019/08/22,0,"9,3",7
YOU & CO. Saler Beach Boutique,4533007,NA,Valencia,1,1,€ 79,2019/08/21,2019/08/22,3,"9,3",7
Live in Chianti,2227491,NA,Valencia,1,1,€ 89,2019/08/21,2019/08/22,0,"9,1",7
Flatsforyou Sorolla House,403442,Apartamentos,Valencia,1,1,€ 155,2019/08/21,2019/08/22,0,"8,6",7
OttoH Charm Stay,2459807,NA,Valencia,1,1,€ 89,2019/08/21,2019/08/22,0,"9,3",7
Blanq Comedias,4922002,NA,Valencia,1,1,€ 90,2019/08/21,2019/08/22,0,"9,2",7
Hotel El Siglo,1741479,NA,Valencia,1,1,€ 157,2019/08/21,2019/08/22,3,"8,5",7
Valencia Luxury Mercado de Colón,2960845,Apartamentos,Valencia,1,1,€ 170,2019/08/21,2019/08/22,0,"8,9",7
SH Valencia Palace,91497,NA,Valencia,1,1,€ 170,2019/08/21,2019/08/22,5,"8,5",7
Plaza de la Virgen,3167342,Apartamento,Valencia,1,1,€ 170,2019/08/21,2019/08/22,0,"8,7",7
Mon Suites Catedral,485679,Apartamentos,Valencia,1,1,€ 99,2019/08/21,2019/08/22,0,"9,2",7
Apartments Downtown Valencia,2250421,Apartamentos,Valencia,1,1,NA,2019/08/21,2019/08/22,0,"9,6",7
La casita de Palomar,2132386,Apartamentos,Valencia,1,1,€ 99,2019/08/21,2019/08/22,0,"9,4",7
Valencia apartamento,3056705,Apartahotel,Valencia,1,1,€ 99,2019/08/21,2019/08/22,0,"9,3",7
Hospes Palau de La Mar,93823,NA,Valencia,1,1,€ 180,2019/08/21,2019/08/22,5,"8,8",7
CÓMODAS HABITACIONES CERCA DE LA PLAYA,5041799,NA,Valencia,1,1,NA,2019/08/21,2019/08/22,0,"9,5",7
The Westin Valencia,93321,NA,Valencia,1,1,€ 188,2019/08/21,2019/08/22,5,"8,7",7
Suites by Eric Olsan (L),4287413,Apartamentos,Valencia,1,1,€ 111,2019/08/21,2019/08/22,0,"7,3",7
B&B El Mercat,2203530,NA,Valencia,1,1,€ 120,2019/08/21,2019/08/22,0,"7,3",7
Old Town Flats Casa Burguerini,4552106,Apartamentos,Valencia,1,1,€ 126,2019/08/21,2019/08/22,0,7,7
Kirei Apartment En Llop,1765516,Apartamentos,Valencia,1,1,€ 150,2019/08/21,2019/08/22,0,"7,2",7
Cathedral Suites Hotel,1736257,Apartahotel,Valencia,1,1,€ 199,2019/08/21,2019/08/22,4,"8,9",7
Petit Palace Plaza de la Reina,90443,NA,Valencia,1,1,€ 218,2019/08/21,2019/08/22,3,"8,7",7
Valencia Luxury Town Hall,866934,Apartamentos,Valencia,1,1,€ 150,2019/08/21,2019/08/22,0,"7,1",7
Valencia Boutique Ayuntamiento,343355,Apartamentos,Valencia,1,1,€ 160,2019/08/21,2019/08/22,0,"7,2",7
Valencia Luxury Catedral,440778,Apartamentos,Valencia,1,1,€ 175,2019/08/21,2019/08/22,0,"7,1",7
Valencia Luxury Group Apartments,1648016,Apartamentos,Valencia,1,1,€ 180,2019/08/21,2019/08/22,0,"7,2",7
Las casitas de la playa,3177809,Apartamentos,Valencia,1,1,€ 188,2019/08/21,2019/08/22,0,"7,2",7
Casual Socarrat Valencia,5142800,NA,Valencia,1,1,€ 104,2019/08/21,2019/08/22,3,"9,3",7
Hotel Valencia Alameda,4019381,NA,Valencia,1,1,€ 104,2019/08/21,2019/08/22,4,"9,3",7
SingularStays Parque Central,3054000,Apartamentos,Valencia,1,1,€ 242,2019/08/21,2019/08/22,0,"8,8",7
Urban Youth Hostel,1163025,NA,Valencia,1,1,€ 34,2019/08/21,2019/08/22,0,"8,4",7
Apartamento para 10 personas,5029963,Apartamento,Valencia,1,1,€ 200,2019/08/21,2019/08/22,0,"7,3",7
Valencia Luxury La Paz,1107542,Apartamentos,Valencia,1,1,€ 220,2019/08/21,2019/08/22,0,"7,2",7
Albergue Juvenil Colegio Mayor Galileo Galilei,253103,NA,Valencia,1,1,€ 42,2019/08/21,2019/08/22,0,8,7
Apartamento en la Ciudad de las Artes y las Ciencias,3552283,Apartamento,Valencia,1,1,NA,2019/08/21,2019/08/22,0,"9,5",7
Purple Nest Hostel,25278,NA,Valencia,1,1,€ 47,2019/08/21,2019/08/22,0,"8,1",7
Sweet Hotel Continental,93856,NA,Valencia,1,1,€ 94,2019/08/21,2019/08/22,2,"8,3",7
Sol Playa,12656,NA,Valencia,1,1,€ 94,2019/08/21,2019/08/22,2,"8,3",7
Red Nest Hostel,92283,NA,Valencia,1,1,€ 47,2019/08/21,2019/08/22,0,"8,2",7
Apartamento,3139431,Apartamento,Valencia,1,1,NA,2019/08/21,2019/08/22,0,"9,5",7
MD Modern Hotel - Jardines,305447,NA,Valencia,1,1,€ 95,2019/08/21,2019/08/22,1,"8,2",7
MD Design Hotel - Portal del Real,2391685,NA,Valencia,1,1,€ 107,2019/08/21,2019/08/22,2,"9,1",7
Ilunion Aqua 3,92776,NA,Valencia,1,1,€ 95,2019/08/21,2019/08/22,3,"8,3",7
Senator Parque Central Hotel,274963,NA,Valencia,1,1,€ 97,2019/08/21,2019/08/22,4,"8,1",7
Apartamentos Plaza Picasso,97063,Apartamentos,Valencia,1,1,€ 99,2019/08/21,2019/08/22,0,"8,4",7
HABITACIÓN PRIVADA EN RUZAFA,4948581,NA,Valencia,1,1,€ 51,2019/08/21,2019/08/22,0,"8,1",7
Como en casa,4802186,NA,Valencia,1,1,€ 54,2019/08/21,2019/08/22,0,8,7
Innsa,503793,NA,Valencia,1,1,€ 55,2019/08/21,2019/08/22,0,"8,3",7
United Colors of Apartments - Catedral,1301545,Apartamentos,Valencia,1,1,€ 99,2019/08/21,2019/08/22,0,"8,2",7
Apartamento Ciudad de las Artes y las Ciencias,4353552,Apartamento,Valencia,1,1,€ 99,2019/08/21,2019/08/22,0,"8,2",7
Lounge by the sea,4756780,Apartamento,Valencia,1,1,NA,2019/08/21,2019/08/22,0,"9,8",7
SHF Flats Baron,1033085,Apartamentos,Valencia,1,1,€ 100,2019/08/21,2019/08/22,0,8,7
Valencia Boutique Plaza de la Reina,1541067,Apartamentos,Valencia,1,1,€ 100,2019/08/21,2019/08/22,0,8,7
Pension MonaLisa Luxury Suites,3834224,NA,Valencia,1,1,€ 60,2019/08/21,2019/08/22,0,"8,3",7
Apartamento centro frente a Torres de Serrano,3408067,Apartamento,Valencia,1,1,NA,2019/08/21,2019/08/22,0,"9,5",7
B&B Hi Valencia Canovas,305349,NA,Valencia,1,1,€ 61,2019/08/21,2019/08/22,0,"8,4",7
L'Otelet By Sweet,1467935,NA,Valencia,1,1,€ 64,2019/08/21,2019/08/22,0,"8,3",7
Hostal Venecia,92883,NA,Valencia,1,1,€ 107,2019/08/21,2019/08/22,2,"9,1",7
Musico Art Flat,2925957,Apartamento,Valencia,1,1,NA,2019/08/21,2019/08/22,0,"9,6",7
Palau de Palomar,471283,Apartamentos,Valencia,1,1,€ 109,2019/08/21,2019/08/22,0,"9,2",7
MÍ casa YOUR HOME,3328967,Apartamento,Valencia,1,1,€ 110,2019/08/21,2019/08/22,0,"9,2",7
Room in apartment,3701648,NA,Valencia,1,1,€ 100,2019/08/21,2019/08/22,0,8,7
Primus Valencia,331871,NA,Valencia,1,1,€ 103,2019/08/21,2019/08/22,4,"8,2",7
Apartamentos el Pilar,237104,Apartamentos,Valencia,1,1,€ 105,2019/08/21,2019/08/22,0,8,7
Valenciaflats Torres de Serrano,17468,Apartamentos,Valencia,1,1,€ 105,2019/08/21,2019/08/22,0,"8,3",7
Tryp Valencia Feria,92852,NA,Valencia,1,1,€ 68,2019/08/21,2019/08/22,4,"8,3",7
Nanit Valencia Hostel,3913497,NA,Valencia,1,1,€ 70,2019/08/21,2019/08/22,0,"8,3",7
Residencia Universitaria Damia Bonet,247451,NA,Valencia,1,1,€ 72,2019/08/21,2019/08/22,0,"8,4",7
Aparthotel Valencia Rental,17344,Apartahotel,Valencia,1,1,€ 74,2019/08/21,2019/08/22,0,8,7
Apartments Torres de Serranos Valencia,1099602,Apartamentos,Valencia,1,1,NA,2019/08/21,2019/08/22,0,"9,6",7
Apartment near City of Arts,2242431,Apartamentos,Valencia,1,1,€ 105,2019/08/21,2019/08/22,0,"8,3",7
Casual de las Artes Valencia,538056,NA,Valencia,1,1,€ 108,2019/08/21,2019/08/22,3,"8,4",7
Preciosos Apartamentos en el Carmen,2918345,Apartamentos,Valencia,1,1,€ 110,2019/08/21,2019/08/22,0,"8,1",7
City Suites Apartments,3091106,NA,Valencia,1,1,€ 112,2019/08/21,2019/08/22,0,"8,4",7
Dormavalencia Hostel,249585,NA,Valencia,1,1,€ 75,2019/08/21,2019/08/22,1,"8,2",7
Sweet Hotel Renasa,274818,NA,Valencia,1,1,€ 79,2019/08/21,2019/08/22,3,8,7
Happy Apartments Valencia – Lope de Vega,575582,Apartamentos,Valencia,1,1,€ 79,2019/08/21,2019/08/22,0,"8,1",7
Sorolla Centro,90896,NA,Valencia,1,1,€ 110,2019/08/21,2019/08/22,3,"9,1",7
MYR Hotel Plaza Mercado & Spa,1619029,Apartahotel,Valencia,1,1,€ 114,2019/08/21,2019/08/22,0,"9,2",7
Teixidors de Palomar,2639791,Apartamentos,Valencia,1,1,€ 115,2019/08/21,2019/08/22,0,"9,4",7
Apartamentos Edificio Palomar,189277,Apartamentos,Valencia,1,1,€ 119,2019/08/21,2019/08/22,0,"9,2",7
Hotel Olympia Universidades,1301731,NA,Valencia,1,1,€ 79,2019/08/21,2019/08/22,3,"8,4",7
Happy Apartments Valencia,456043,Apartamentos,Valencia,1,1,€ 83,2019/08/21,2019/08/22,0,"8,2",7
NH Ciudad de Valencia,90729,NA,Valencia,1,1,€ 83,2019/08/21,2019/08/22,3,"8,1",7
Apartment Vicent,1674495,Apartamentos,Valencia,1,1,€ 85,2019/08/21,2019/08/22,0,"8,2",7
Silken Puerta Valencia,91182,NA,Valencia,1,1,€ 115,2019/08/21,2019/08/22,4,"8,3",7
Hotel Medium Valencia,96838,NA,Valencia,1,1,€ 117,2019/08/21,2019/08/22,4,"8,2",7
Preciosa Casita Cerca Del Mar,4057271,Apartamento,Valencia,1,1,NA,2019/08/21,2019/08/22,0,"9,7",7
Garden Turia Downtown,5201200,Apartamento,Valencia,1,1,NA,2019/08/21,2019/08/22,0,"9,9",7
Valenciaflats Centro Ciudad,18544,Apartamentos,Valencia,1,1,€ 120,2019/08/21,2019/08/22,0,"9,1",7
Apartamentos Wallace,1698355,Apartamentos,Valencia,1,1,€ 120,2019/08/21,2019/08/22,0,"9,2",7
Apartments Abate 4,2848648,Apartamentos,Valencia,1,1,€ 124,2019/08/21,2019/08/22,0,9,7
Dormavalencia Hostel Regne,291755,NA,Valencia,1,1,€ 120,2019/08/21,2019/08/22,1,8,7
Apartamento Turistico en Valencia,2877605,Apartamento,Valencia,1,1,€ 125,2019/08/21,2019/08/22,0,"8,2",7
Eurostars Rey Don Jaime,91520,NA,Valencia,1,1,€ 125,2019/08/21,2019/08/22,4,"8,2",7
Holiday Inn Express Ciudad de las Ciencias,96737,NA,Valencia,1,1,€ 126,2019/08/21,2019/08/22,3,8,7
NH Valencia Las Ciencias,90725,NA,Valencia,1,1,€ 85,2019/08/21,2019/08/22,3,8,7
NH Valencia Las Artes,90731,NA,Valencia,1,1,€ 89,2019/08/21,2019/08/22,4,"8,4",7
NH Valencia Center,90727,NA,Valencia,1,1,€ 90,2019/08/21,2019/08/22,4,"8,3",7
Apartamento Gutenberg,1327120,Apartamentos,Valencia,1,1,€ 90,2019/08/21,2019/08/22,0,"8,1",7
Apartment near City of Arts 2,3033254,Apartamentos,Valencia,1,1,€ 130,2019/08/21,2019/08/22,0,"8,3",7
Eurostars Gran Valencia,90484,NA,Valencia,1,1,€ 133,2019/08/21,2019/08/22,4,"8,3",7
Valencia Just in the Middle,2965508,Apartamento,Valencia,1,1,NA,2019/08/21,2019/08/22,0,"9,9",7
NWT Central Station Apartments,3964093,Apartamento,Valencia,1,1,€ 139,2019/08/21,2019/08/22,0,"8,3",7
Friendly Rentals Desplat,4120221,Apartamento,Valencia,1,1,€ 140,2019/08/21,2019/08/22,0,"8,3",7
Zerka Sendra,4657122,Apartamento,Valencia,1,1,€ 318,2019/08/21,2019/08/22,0,9,7
Hotel Valencia Center,91285,NA,Valencia,1,1,€ 90,2019/08/21,2019/08/22,4,"8,4",7
Citizentral Juristas,1113127,Apartamentos,Valencia,1,1,€ 128,2019/08/21,2019/08/22,0,"9,2",7
Apartments Welcome to Valencia Peset Aleixandre 69,4964856,Apartamento,Valencia,1,1,€ 128,2019/08/21,2019/08/22,0,"9,3",7
Hi Valencia Cánovas,4312120,Apartamentos,Valencia,1,1,€ 129,2019/08/21,2019/08/22,0,"9,1",7
Colón Market Downtown,4607745,Apartamento,Valencia,1,1,NA,2019/08/21,2019/08/22,0,"9,7",7
Bubuflats Bubu 5,1283519,Apartamento,Valencia,1,1,€ 135,2019/08/21,2019/08/22,0,9,7
NH Collection Colón Valencia,3828811,NA,Valencia,1,1,€ 136,2019/08/21,2019/08/22,4,"9,2",7
Dolz Garden Ruzafa,1123993,Apartamentos,Valencia,1,1,€ 140,2019/08/21,2019/08/22,0,"9,2",7
Palacio de Rojas,1073276,Apartamentos,Valencia,1,1,€ 144,2019/08/21,2019/08/22,0,"9,4",7
Caro Hotel,348132,NA,Valencia,1,1,€ 325,2019/08/21,2019/08/22,5,"9,2",7
Musico Art Flat,2925957,Apartamento,Valencia,1,1,NA,2019/08/21,2019/08/22,0,"9,6",7
Old Fisherman's House in Malvarrosa Beach,3618172,Apartamento,Valencia,1,1,€ 612,2019/08/21,2019/08/22,0,"9,4",7
Beach loft,2764963,Apartamento,Valencia,1,1,€ 145,2019/08/21,2019/08/22,0,8,7
Hotel Conqueridor,91047,NA,Valencia,1,1,€ 150,2019/08/21,2019/08/22,4,"8,4",7
Quart Youth Hostel,476418,NA,Valencia,1,1,€ 16,2019/08/21,2019/08/22,0,"8,7",7
The River Hostel,494202,NA,Valencia,1,1,€ 34,2019/08/21,2019/08/22,0,"8,5",7
Russafa Youth Hostel,345134,NA,Valencia,1,1,€ 59,2019/08/21,2019/08/22,0,"8,6",7
Homestay Carrer Sagun,5006434,NA,Valencia,1,1,€ 60,2019/08/21,2019/08/22,0,"8,7",7
El Coso,14580,NA,Valencia,1,1,€ 160,2019/08/21,2019/08/22,3,"8,2",7
Zerka Centro,4425975,Apartamentos,Valencia,1,1,€ 208,2019/08/21,2019/08/22,0,"8,4",7
Apartment Sofi,2830696,Apartamento,Valencia,1,1,NA,2019/08/21,2019/08/22,0,"9,8",7
Musico Peydro Apartments,3765069,Apartamentos,Valencia,1,1,€ 215,2019/08/21,2019/08/22,0,"8,1",7
Colegio Mayor La Concepción,626558,NA,Valencia,1,1,€ 69,2019/08/21,2019/08/22,0,"8,6",7
BONNIES Suites & Spa Valencia,3631910,Apartamentos,Valencia,1,1,NA,2019/08/21,2019/08/22,0,"9,8",7
Hulot B&B Valencia,585429,NA,Valencia,1,1,€ 70,2019/08/21,2019/08/22,0,"8,5",7
La Paz Apartment,1687820,Apartamento,Valencia,1,1,€ 320,2019/08/21,2019/08/22,0,8,7
MD Sueca. Apartment with Terrace Ruzafa,2551179,Apartamento,Valencia,1,1,€ 513,2019/08/21,2019/08/22,0,"8,1",7
La Casa Del Colibri Youth Hostel,2094497,NA,Valencia,1,1,€ 30,2019/08/21,2019/08/22,0,"7,9",7
UP Hostel Valencia,1710137,NA,Valencia,1,1,€ 32,2019/08/21,2019/08/22,0,"7,8",7
HQ Rooms Apartments San Vicente,2894429,Apartamentos,Valencia,1,1,€ 145,2019/08/21,2019/08/22,0,"9,3",7
Live in Chianti Apartaments,2882632,Apartamentos,Valencia,1,1,€ 148,2019/08/21,2019/08/22,0,"9,1",7
BUBUSUITES by Bubuflats,2389776,NA,Valencia,1,1,€ 150,2019/08/21,2019/08/22,0,"9,3",7
Center Valencia Youth Hostel,246931,NA,Valencia,1,1,€ 36,2019/08/21,2019/08/22,0,"7,9",7
Habitaciones Barra89,1076252,NA,Valencia,1,1,€ 42,2019/08/21,2019/08/22,0,"7,8",7
Pensión Universal,304276,NA,Valencia,1,1,€ 42,2019/08/21,2019/08/22,0,"7,9",7
Center Valencia,2944722,Casa o chalet,Valencia,1,1,€ 152,2019/08/21,2019/08/22,0,"9,3",7
Mon Suites San Nicolas,4117225,Apartamentos,Valencia,1,1,€ 156,2019/08/21,2019/08/22,0,"9,1",7
Valenciaflats Ciudad de las Ciencias,93676,Apartamentos,Valencia,1,1,€ 160,2019/08/21,2019/08/22,0,"9,1",7
WeRentVLC Charming Ruzafa,2839319,Apartamento,Valencia,1,1,€ 164,2019/08/21,2019/08/22,0,"9,2",7
One Shot Mercat 09,2274203,NA,Valencia,1,1,€ 169,2019/08/21,2019/08/22,4,"9,1",7
Habitación San Cayetano,4624401,NA,Valencia,1,1,€ 45,2019/08/21,2019/08/22,0,"7,6",7
Hostal El Cid,309465,NA,Valencia,1,1,€ 46,2019/08/21,2019/08/22,2,"7,6",7
Casual Civilizaciones Valencia,449777,NA,Valencia,1,1,€ 48,2019/08/21,2019/08/22,0,"7,9",7
Namaste Rooms,3799642,NA,Valencia,1,1,€ 75,2019/08/21,2019/08/22,0,"8,6",7
Casita bonita con piscina y jardin,5294677,NA,Valencia,1,1,€ 75,2019/08/21,2019/08/22,0,"8,5",7
Habitación doble,3599930,NA,Valencia,1,1,€ 77,2019/08/21,2019/08/22,0,"8,9",7
Mon Suites San Martin,2777545,Apartamentos,Valencia,1,1,€ 175,2019/08/21,2019/08/22,0,"9,4",7
MARQUÉS HOUSE 4* SUP,2118880,NA,Valencia,1,1,€ 179,2019/08/21,2019/08/22,4,"9,4",7
Vincci Mercat,1279484,NA,Valencia,1,1,€ 180,2019/08/21,2019/08/22,4,9,7
Hostal Moratin,326015,NA,Valencia,1,1,€ 48,2019/08/21,2019/08/22,1,"7,9",7
Hospederia del Pilar,327766,NA,Valencia,1,1,€ 54,2019/08/21,2019/08/22,0,"7,9",7
Melia Valencia,290493,NA,Valencia,1,1,€ 77,2019/08/21,2019/08/22,4,"8,8",7
ABCyou Bed&Breakfast,189207,NA,Valencia,1,1,€ 79,2019/08/21,2019/08/22,0,"8,5",7
Valencia what else...,2550483,Apartamento,Valencia,1,1,NA,2019/08/21,2019/08/22,0,"9,5",7
Hotel San Lorenzo Boutique,1307718,NA,Valencia,1,1,€ 81,2019/08/21,2019/08/22,3,"8,6",7
Valencia City Host,1177077,NA,Valencia,1,1,€ 55,2019/08/21,2019/08/22,0,"7,8",7
Voyagers Inn Homestay,2682156,NA,Valencia,1,1,€ 57,2019/08/21,2019/08/22,0,"7,8",7
Valencia Lounge Hostel,337203,NA,Valencia,1,1,€ 57,2019/08/21,2019/08/22,0,"7,8",7
Hotel Beleret,94652,NA,Valencia,1,1,€ 60,2019/08/21,2019/08/22,3,"7,6",7
València Centre Túria,2185255,Apartamento,Valencia,1,1,€ 85,2019/08/21,2019/08/22,0,"8,8",7
Home Youth Hostel by Feetup Hostels,189322,NA,Valencia,1,1,€ 85,2019/08/21,2019/08/22,0,"8,8",7
Casa del Patriarca,364834,NA,Valencia,1,1,€ 86,2019/08/21,2019/08/22,0,"8,9",7
Sun Apartament Valencia @ City Arts & Sciences + Parking,3287719,Apartamento,Valencia,1,1,€ 185,2019/08/21,2019/08/22,0,"9,1",7
Hotel Boutique Balandret,1281710,NA,Valencia,1,1,€ 190,2019/08/21,2019/08/22,3,"9,2",7
Las Arenas Balneario Resort,91144,NA,Valencia,1,1,€ 288,2019/08/21,2019/08/22,5,9,7
B&B Hi Valencia Boutique,1301725,NA,Valencia,1,1,€ 86,2019/08/21,2019/08/22,0,"8,7",7
AC Hotel Valencia- a Marriott Lifestyle Hotel,91063,NA,Valencia,1,1,€ 89,2019/08/21,2019/08/22,4,"8,6",7
PORT VALENCIA PLAYA,5259971,Apartamento,Valencia,1,1,NA,2019/08/21,2019/08/22,0,"9,8",7
Pio XII Apartments Valencia,402080,Apartamentos,Valencia,1,1,€ 90,2019/08/21,2019/08/22,0,"8,5",7
Habitacion por dias Centro Valencia,3977106,NA,Valencia,1,1,€ 72,2019/08/21,2019/08/22,0,"7,9",7
Jardín Botánico Hotel Boutique,93369,NA,Valencia,1,1,€ 92,2019/08/21,2019/08/22,3,"8,9",7
Hotel Dimar,90886,NA,Valencia,1,1,€ 95,2019/08/21,2019/08/22,4,"8,7",7
Casual del Cine Valencia,572187,NA,Valencia,1,1,€ 95,2019/08/21,2019/08/22,2,"8,6",7
Hotel Malcom and Barret,483261,NA,Valencia,1,1,€ 95,2019/08/21,2019/08/22,3,"8,7",7
Hotel Valencia Oceanic Managed by Melia Hotels International,91522,NA,Valencia,1,1,€ 95,2019/08/21,2019/08/22,4,"8,6",7
Atico Loft Ruzafa,3152977,Apartamento,Valencia,1,1,NA,2019/08/21,2019/08/22,0,"9,7",7
El Palacete Gran Via,3483148,NA,Valencia,1,1,€ 96,2019/08/21,2019/08/22,0,"8,7",7
Hotel Sercotel Acteón Valencia,90495,NA,Valencia,1,1,€ 97,2019/08/21,2019/08/22,4,"8,5",7
Total Valencia (Leisure & Culture),824611,Apartamentos,Valencia,1,1,€ 98,2019/08/21,2019/08/22,0,"8,6",7
Petit Palomar,2187491,Apartamentos,Valencia,1,1,€ 99,2019/08/21,2019/08/22,0,"8,9",7
SKY TOURISTIC ATTIC,281640,Apartamentos,Valencia,1,1,€ 99,2019/08/21,2019/08/22,0,"8,5",7
Ilunion Aqua 4,92777,NA,Valencia,1,1,€ 103,2019/08/21,2019/08/22,4,"8,5",7
Canovas rooms,5296619,NA,Valencia,1,1,NA,2019/08/21,2019/08/22,0,"9,5",7
One Shot Colón 46,1394168,NA,Valencia,1,1,€ 105,2019/08/21,2019/08/22,3,"8,7",7
Friendly Rentals Ravel I,1634234,Apartamento,Valencia,1,1,€ 105,2019/08/21,2019/08/22,0,"8,9",7
Barceló Valencia,91988,NA,Valencia,1,1,€ 105,2019/08/21,2019/08/22,4,"8,7",7
Apartamento Jesus De Medinaceli,1728697,Apartamentos,Valencia,1,1,€ 105,2019/08/21,2019/08/22,0,"8,5",7
Suites by Eric Olsan (Florista),4726450,Apartamentos,Valencia,1,1,€ 108,2019/08/21,2019/08/22,0,"8,6",7
Blanq Carmen Hotel,97069,NA,Valencia,1,1,€ 108,2019/08/21,2019/08/22,3,"8,7",7
Sercotel Sorolla Palace,93646,NA,Valencia,1,1,€ 109,2019/08/21,2019/08/22,4,"8,6",7
Hotel Kramer,91106,NA,Valencia,1,1,€ 109,2019/08/21,2019/08/22,3,"8,8",7
Soho Valencia,1538641,Apartahotel,Valencia,1,1,€ 109,2019/08/21,2019/08/22,0,"8,9",7
Rooms Ciencias,94126,NA,Valencia,1,1,€ 110,2019/08/21,2019/08/22,0,"8,9",7
Light and bright apartment in central Valencia,3767109,Apartamentos,Valencia,1,1,€ 110,2019/08/21,2019/08/22,0,"8,9",7
Welcomer Apartments Valencia,19363,Apartamentos,Valencia,1,1,€ 112,2019/08/21,2019/08/22,0,"8,7",7
AC Hotel Colon Valencia- a Marriott Lifestyle Hotel,1117150,NA,Valencia,1,1,€ 116,2019/08/21,2019/08/22,4,"8,7",7
Hotel Mediterraneo Valencia,92412,NA,Valencia,1,1,€ 116,2019/08/21,2019/08/22,3,"8,8",7
Zenit Valencia,92327,NA,Valencia,1,1,€ 117,2019/08/21,2019/08/22,4,"8,8",7
Vincci Palace,94163,NA,Valencia,1,1,€ 119,2019/08/21,2019/08/22,4,"8,6",7
Citizentral Gascons,332095,Apartamentos,Valencia,1,1,€ 119,2019/08/21,2019/08/22,0,"8,7",7
Lotelito,570027,NA,Valencia,1,1,€ 120,2019/08/21,2019/08/22,0,"8,9",7
