name,propertyId,propertyType,city,rooms,days,price,checkIn,checkOut,stars,score,advance
Guest House Ruzafa,2324552,NA,Valencia,1,1,€ 95,2019/08/18,2019/08/19,0,"5,3",7
RoomTuristValencia Torres de Quart,4565643,NA,Valencia,1,1,€ 35,2019/08/18,2019/08/19,0,"4,8",7
Tres Forques,2854630,NA,Valencia,1,1,NA,2019/08/18,2019/08/19,0,"9,5",7
Guesthouse Plaza de Toros,2985902,NA,Valencia,1,1,€ 38,2019/08/18,2019/08/19,0,"4,9",7
RoomTuristValencia RuzafaSumsi,4682802,NA,Valencia,1,1,€ 45,2019/08/18,2019/08/19,0,"4,9",7
Port of Valencia,3805735,NA,Valencia,1,1,€ 79,2019/08/18,2019/08/19,0,"4,8",7
Apartamento Islas Canarias,2304086,NA,Valencia,1,1,€ 90,2019/08/18,2019/08/19,0,4,7
Constitucion Guesthouse,2985942,NA,Valencia,1,1,€ 35,2019/08/18,2019/08/19,0,"3,4",7
Rooms Central Valencia,5374651,NA,Valencia,1,1,€ 40,2019/08/18,2019/08/19,0,,7
Disfruta - Enjoy Valencia Ruzafa,3890328,NA,Valencia,1,1,NA,2019/08/18,2019/08/19,0,"9,7",7
Habitación muy cerca de la playa.,5395908,NA,Valencia,1,1,€ 40,2019/08/18,2019/08/19,0,,7
Hogar Dulce Hogar,5426607,NA,Valencia,1,1,€ 51,2019/08/18,2019/08/19,0,,7
Casa de la Reina,5394089,NA,Valencia,1,1,€ 75,2019/08/18,2019/08/19,0,,7
Habitación en Valencia,5477394,NA,Valencia,1,1,€ 80,2019/08/18,2019/08/19,0,,7
Pearl of Turia,5359645,NA,Valencia,1,1,€ 87,2019/08/18,2019/08/19,0,,7
Miresa flats 2.1A,5399747,NA,Valencia,1,1,€ 90,2019/08/18,2019/08/19,0,,7
Valencia Just in the Middle,2965508,NA,Valencia,1,1,NA,2019/08/18,2019/08/19,0,"9,9",7
APARTAMENTO VALENCIA CENTRO,5145920,NA,Valencia,1,1,€ 100,2019/08/18,2019/08/19,0,,7
Loft Turia Gran,5133726,NA,Valencia,1,1,€ 113,2019/08/18,2019/08/19,0,,7
Valencia Apartamentos DEL MAR,5421626,NA,Valencia,1,1,€ 135,2019/08/18,2019/08/19,0,,7
Atico Loft Torres de Quart,4152620,NA,Valencia,1,1,€ 168,2019/08/18,2019/08/19,0,,7
Malvarosa Beach,3436257,NA,Valencia,1,1,€ 188,2019/08/18,2019/08/19,0,,7
"Flat ""Ca Alexandre""",3687859,NA,Valencia,1,1,€ 210,2019/08/18,2019/08/19,0,,7
City Center Atico 360,3025679,NA,Valencia,1,1,NA,2019/08/18,2019/08/19,0,"9,6",7
Apartamento con terraza,5238122,NA,Valencia,1,1,€ 240,2019/08/18,2019/08/19,0,,7
Apartment Carrer de Don Juan de Austria,5464038,NA,Valencia,1,1,€ 483,2019/08/18,2019/08/19,0,,7
MD PASEO RUZAFA CENTER,5374850,NA,Valencia,1,1,€ 502,2019/08/18,2019/08/19,0,,7
Governor Residence,3799760,NA,Valencia,1,1,€ 600,2019/08/18,2019/08/19,0,,7
Gulet Why Not,5199364,NA,Valencia,1,1,€ 3.600,2019/08/18,2019/08/19,0,,7
SHF Flats Baron,1033085,Apartamentos,Valencia,1,1,€ 110,2019/08/18,2019/08/19,0,8,7
SH Ingles Boutique Hotel,92956,NA,Valencia,1,1,€ 115,2019/08/18,2019/08/19,4,"8,4",7
Central Park Apartment Valencia,3881533,Apartamento,Valencia,1,1,NA,2019/08/18,2019/08/19,0,"9,6",7
Dormavalencia Hostel,249585,NA,Valencia,1,1,€ 115,2019/08/18,2019/08/19,1,"8,2",7
Apartamento Plaza Sainetero,2743838,Apartamento,Valencia,1,1,€ 116,2019/08/18,2019/08/19,0,"8,3",7
NWT Central Station Apartments,3964093,Apartamento,Valencia,1,1,€ 124,2019/08/18,2019/08/19,0,"8,3",7
Apartamento Cuatro Carreres,2743149,Apartamento,Valencia,1,1,€ 125,2019/08/18,2019/08/19,0,"8,2",7
Apartment Florista,2150187,Apartamento,Valencia,1,1,€ 125,2019/08/18,2019/08/19,0,8,7
El Coso,14580,NA,Valencia,1,1,€ 130,2019/08/18,2019/08/19,3,"8,2",7
Apartamento luminoso y acogedor,3489126,Apartamento,Valencia,1,1,NA,2019/08/18,2019/08/19,0,"9,6",7
Lovely Apartment!,3377663,Apartamentos,Valencia,1,1,€ 130,2019/08/18,2019/08/19,0,"8,4",7
Apartamento Gran Vía Marqués del Turia,2358973,Apartamento,Valencia,1,1,€ 140,2019/08/18,2019/08/19,0,"8,4",7
Jose María Haro Apartment,2698500,Apartamento,Valencia,1,1,€ 143,2019/08/18,2019/08/19,0,"8,2",7
Friendly Rentals Verdi,1634232,Apartamento,Valencia,1,1,€ 150,2019/08/18,2019/08/19,0,"8,2",7
Hotel Gabbeach,403586,NA,Valencia,1,1,€ 159,2019/08/18,2019/08/19,3,"8,4",7
Zerka Centro,4425975,Apartamentos,Valencia,1,1,€ 208,2019/08/18,2019/08/19,0,"8,4",7
Atico Loft Ruzafa,3152977,Apartamento,Valencia,1,1,NA,2019/08/18,2019/08/19,0,"9,7",7
Musico Peydro Apartments,3765069,Apartamentos,Valencia,1,1,€ 215,2019/08/18,2019/08/19,0,"8,2",7
Living Valencia -Correos,3062274,Apartamentos,Valencia,1,1,€ 249,2019/08/18,2019/08/19,0,"8,4",7
MD Vila Barbera Apartment Center,1957253,Apartamento,Valencia,1,1,€ 470,2019/08/18,2019/08/19,0,"8,4",7
MD Sueca. Apartment with Terrace Ruzafa,2551179,Apartamento,Valencia,1,1,€ 513,2019/08/18,2019/08/19,0,"8,1",7
Center Valencia Youth Hostel,246931,NA,Valencia,1,1,€ 32,2019/08/18,2019/08/19,0,"7,9",7
UP Hostel Valencia,1710137,NA,Valencia,1,1,€ 32,2019/08/18,2019/08/19,0,"7,8",7
Apartments Downtown Valencia,2250421,Apartamentos,Valencia,1,1,NA,2019/08/18,2019/08/19,0,"9,6",7
Pensión Universal,304276,NA,Valencia,1,1,€ 42,2019/08/18,2019/08/19,0,"7,9",7
Hostal El Cid,309465,NA,Valencia,1,1,€ 46,2019/08/18,2019/08/19,2,"7,6",7
Voyagers Inn Homestay,2682156,NA,Valencia,1,1,€ 47,2019/08/18,2019/08/19,0,"7,8",7
Hostal Moratin,326015,NA,Valencia,1,1,€ 48,2019/08/18,2019/08/19,1,"7,9",7
Hostal On Dormire Valencia,432305,NA,Valencia,1,1,€ 50,2019/08/18,2019/08/19,0,"7,9",7
Casual Civilizaciones Valencia,449777,NA,Valencia,1,1,€ 50,2019/08/18,2019/08/19,0,"7,9",7
Luxury Beach House,3602594,Casa o chalet,Valencia,1,1,NA,2019/08/18,2019/08/19,0,"9,7",7
Hospederia del Pilar,327766,NA,Valencia,1,1,€ 54,2019/08/18,2019/08/19,0,"7,9",7
Valencia Lounge Hostel,337203,NA,Valencia,1,1,€ 55,2019/08/18,2019/08/19,0,"7,8",7
OYO Pensión El Rincón,476031,NA,Valencia,1,1,€ 59,2019/08/18,2019/08/19,1,"7,8",7
Hostal Bisbal,235665,NA,Valencia,1,1,€ 60,2019/08/18,2019/08/19,1,"7,5",7
Hostal Penalty,189209,NA,Valencia,1,1,€ 62,2019/08/18,2019/08/19,1,"7,9",7
Jero Rooms,296743,NA,Valencia,1,1,€ 63,2019/08/18,2019/08/19,0,"7,7",7
BONNIES Suites & Spa Valencia,3631910,Apartamentos,Valencia,1,1,NA,2019/08/18,2019/08/19,0,"9,8",7
Hotel Beleret,94652,NA,Valencia,1,1,€ 64,2019/08/18,2019/08/19,3,"7,6",7
B&B Hotel Valencia Ciudad de las Ciencias,92242,NA,Valencia,1,1,€ 68,2019/08/18,2019/08/19,3,"7,5",7
Hotel Turia,14441,NA,Valencia,1,1,€ 69,2019/08/18,2019/08/19,4,"7,5",7
Ilunion Valencia 3,92818,NA,Valencia,1,1,€ 71,2019/08/18,2019/08/19,3,"7,9",7
Casual de la Música Valencia,273130,NA,Valencia,1,1,€ 72,2019/08/18,2019/08/19,2,"7,5",7
Habitacion por dias Centro Valencia,3977106,NA,Valencia,1,1,€ 72,2019/08/18,2019/08/19,0,"7,9",7
Checkin Valencia,93743,NA,Valencia,1,1,€ 80,2019/08/18,2019/08/19,4,"7,8",7
United Colors of Studios - Mercado Central,2574108,Apartamentos,Valencia,1,1,€ 84,2019/08/18,2019/08/19,0,"7,9",7
Cosy Rooms Tapinería,371192,NA,Valencia,1,1,€ 89,2019/08/18,2019/08/19,2,"7,5",7
Apartamentos el Pilar,237104,Apartamentos,Valencia,1,1,€ 90,2019/08/18,2019/08/19,0,"7,9",7
Expo Hotel Valencia,91223,NA,Valencia,1,1,€ 93,2019/08/18,2019/08/19,3,"7,6",7
SEA YOU HOTEL PORT VALENCIA,92328,NA,Valencia,1,1,€ 97,2019/08/18,2019/08/19,4,"7,6",7
SHF Plaza de la Reina,1682520,Apartamentos,Valencia,1,1,€ 100,2019/08/18,2019/08/19,0,"7,7",7
Torres Quart,3702234,Apartamentos,Valencia,1,1,€ 105,2019/08/18,2019/08/19,0,"7,8",7
My Reception - Edificio Russafa,4732440,Apartamentos,Valencia,1,1,€ 106,2019/08/18,2019/08/19,0,"7,7",7
Kirei Apartment San Vicente,1774062,Apartamento,Valencia,1,1,€ 110,2019/08/18,2019/08/19,0,"7,5",7
Hostal Abastos,257057,NA,Valencia,1,1,€ 50,2019/08/18,2019/08/19,2,"8,2",7
HABITACIÓN PRIVADA EN RUZAFA,4948581,NA,Valencia,1,1,€ 51,2019/08/18,2019/08/19,0,"8,1",7
La seda stay,3335523,Apartamento,Valencia,1,1,NA,2019/08/18,2019/08/19,0,"9,7",7
B&B Hi Valencia Canovas,305349,NA,Valencia,1,1,€ 52,2019/08/18,2019/08/19,0,"8,4",7
Como en casa,4802186,NA,Valencia,1,1,€ 54,2019/08/18,2019/08/19,0,8,7
Innsa,503793,NA,Valencia,1,1,€ 55,2019/08/18,2019/08/19,0,"8,3",7
Suites by Eric Olsan (Peset),4726296,Apartamentos,Valencia,1,1,€ 111,2019/08/18,2019/08/19,0,"7,6",7
El 16 Ruzafa,865461,Apartamentos,Valencia,1,1,€ 119,2019/08/18,2019/08/19,0,"7,7",7
Albergue Juvenil Colegio Mayor Galileo Galilei,253103,NA,Valencia,1,1,€ 55,2019/08/18,2019/08/19,0,8,7
Sweet Hotel Renasa,274818,NA,Valencia,1,1,€ 59,2019/08/18,2019/08/19,3,8,7
Residencia Universitaria Damia Bonet,247451,NA,Valencia,1,1,€ 59,2019/08/18,2019/08/19,0,"8,4",7
Apartamento en la Ciudad de las Artes y las Ciencias,3552283,Apartamento,Valencia,1,1,NA,2019/08/18,2019/08/19,0,"9,5",7
Pension MonaLisa Luxury Suites,3834224,NA,Valencia,1,1,€ 60,2019/08/18,2019/08/19,0,"8,2",7
Reina 12,1684198,NA,Valencia,1,1,€ 60,2019/08/18,2019/08/19,0,"8,3",7
YOU & CO. Saler Beach Boutique,4533007,NA,Valencia,1,1,€ 70,2019/08/18,2019/08/19,3,"9,5",7
Hostal Antigua Morellana,1273937,NA,Valencia,1,1,€ 80,2019/08/18,2019/08/19,1,"9,5",7
Luxury Center Plaza Redonda,5138960,Apartamento,Valencia,1,1,NA,2019/08/18,2019/08/19,0,10,7
L'Esplai Valencia Bed & Breakfast,1282556,NA,Valencia,1,1,€ 91,2019/08/18,2019/08/19,0,"9,6",7
Lounge by the sea,4756780,Apartamento,Valencia,1,1,€ 120,2019/08/18,2019/08/19,0,"9,8",7
Bubuflats Bubu 3,1014334,Apartamentos,Valencia,1,1,€ 135,2019/08/18,2019/08/19,0,"9,6",7
Eurostars Rey Don Jaime,91520,NA,Valencia,1,1,€ 62,2019/08/18,2019/08/19,4,"8,2",7
Purple Nest Hostel,25278,NA,Valencia,1,1,€ 63,2019/08/18,2019/08/19,0,"8,1",7
L'Otelet By Sweet,1467935,NA,Valencia,1,1,€ 64,2019/08/18,2019/08/19,0,"8,3",7
Dormavalencia Hostel Regne,291755,NA,Valencia,1,1,€ 70,2019/08/18,2019/08/19,1,8,7
Barracart Apartments,2125836,Apartamentos,Valencia,1,1,€ 137,2019/08/18,2019/08/19,0,"9,6",7
Ramirez Flats & Bar,4124528,Apartahotel,Valencia,1,1,€ 145,2019/08/18,2019/08/19,0,"9,5",7
Duplex+Swimming pool+private entrance=Housen of LOVE,2999152,Apartamento,Valencia,1,1,€ 175,2019/08/18,2019/08/19,0,"9,5",7
VALENCIA APARTAMENTO GOYA,4256653,Apartamento,Valencia,1,1,NA,2019/08/18,2019/08/19,0,10,7
Cantagua Hostel,4074640,NA,Valencia,1,1,€ 48,2019/08/18,2019/08/19,0,"9,1",7
Art&Flats Bed&Breakfast,5238345,NA,Valencia,1,1,€ 60,2019/08/18,2019/08/19,0,"9,2",7
Kasa Katia Eco Guest House,636256,NA,Valencia,1,1,€ 60,2019/08/18,2019/08/19,0,"9,4",7
Blanq Comedias,4922002,NA,Valencia,1,1,€ 68,2019/08/18,2019/08/19,0,"9,1",7
Hostal Venecia,92883,NA,Valencia,1,1,€ 70,2019/08/18,2019/08/19,2,"9,1",7
Apartamento,3139431,Apartamento,Valencia,1,1,NA,2019/08/18,2019/08/19,0,"9,5",7
Nanit Valencia Hostel,3913497,NA,Valencia,1,1,€ 70,2019/08/18,2019/08/19,0,"8,3",7
NH Valencia Las Artes,90731,NA,Valencia,1,1,€ 72,2019/08/18,2019/08/19,4,"8,4",7
City Garden Bed and Breakfast,2204361,NA,Valencia,1,1,€ 80,2019/08/18,2019/08/19,0,"9,4",7
Centro en Valencia,2885222,Apartamento,Valencia,1,1,NA,2019/08/18,2019/08/19,0,"9,5",7
Loft Duplex Valencia Centro,4060198,Apartamento,Valencia,1,1,€ 84,2019/08/18,2019/08/19,0,"9,2",7
Mon Suites Catedral,485679,Apartamentos,Valencia,1,1,€ 85,2019/08/18,2019/08/19,0,"9,2",7
Live in Chianti,2227491,NA,Valencia,1,1,€ 89,2019/08/18,2019/08/19,0,"9,1",7
La casita de Palomar,2132386,Apartamentos,Valencia,1,1,€ 89,2019/08/18,2019/08/19,0,"9,4",7
Casual Socarrat Valencia,5142800,NA,Valencia,1,1,€ 95,2019/08/18,2019/08/19,3,"9,2",7
Eurostars Gran Valencia,90484,NA,Valencia,1,1,€ 73,2019/08/18,2019/08/19,4,"8,3",7
Ilunion Aqua 3,92776,NA,Valencia,1,1,€ 73,2019/08/18,2019/08/19,3,"8,3",7
NH Ciudad de Valencia,90729,NA,Valencia,1,1,€ 74,2019/08/18,2019/08/19,3,"8,1",7
Maison Reina B&B,5004812,NA,Valencia,1,1,€ 98,2019/08/18,2019/08/19,0,"9,4",7
PORT VALENCIA PLAYA,5259971,Apartamento,Valencia,1,1,NA,2019/08/18,2019/08/19,0,"9,7",7
MYR Hotel Plaza Mercado & Spa,1619029,Apartahotel,Valencia,1,1,€ 99,2019/08/18,2019/08/19,0,"9,2",7
OttoH Charm Stay,2459807,NA,Valencia,1,1,€ 99,2019/08/18,2019/08/19,0,"9,3",7
Citizentral Juristas,1113127,Apartamentos,Valencia,1,1,€ 100,2019/08/18,2019/08/19,0,"9,2",7
Apartment close to park Marchalenes,4418670,Apartamento,Valencia,1,1,€ 105,2019/08/18,2019/08/19,0,"9,1",7
Hotel Valencia Alameda,4019381,NA,Valencia,1,1,€ 109,2019/08/18,2019/08/19,4,"9,3",7
Apartamentos Wallace,1698355,Apartamentos,Valencia,1,1,€ 110,2019/08/18,2019/08/19,0,"9,2",7
Valencia what else...,2550483,Apartamento,Valencia,1,1,NA,2019/08/18,2019/08/19,0,"9,5",7
OCEANOGRAFIC APARTMENT. PARKING. WI-FI,3107716,Apartamentos,Valencia,1,1,€ 110,2019/08/18,2019/08/19,0,9,7
Sorolla Centro,90896,NA,Valencia,1,1,€ 110,2019/08/18,2019/08/19,3,"9,1",7
Palacios Rooms,2773548,NA,Valencia,1,1,€ 74,2019/08/18,2019/08/19,0,"8,3",7
Preciosa Casita Cerca Del Mar,4057271,Apartamento,Valencia,1,1,NA,2019/08/18,2019/08/19,0,"9,7",7
Hotel Olympia Universidades,1301731,NA,Valencia,1,1,€ 75,2019/08/18,2019/08/19,3,"8,4",7
Hotel Alkazar,408511,NA,Valencia,1,1,€ 75,2019/08/18,2019/08/19,1,8,7
Apartamento Gutenberg,1327120,Apartamentos,Valencia,1,1,€ 75,2019/08/18,2019/08/19,0,"8,1",7
Cozy apartment in Valencia center,3402135,Apartamentos,Valencia,1,1,€ 115,2019/08/18,2019/08/19,0,"9,2",7
Valenciaflats Centro Ciudad,18544,Apartamentos,Valencia,1,1,€ 115,2019/08/18,2019/08/19,0,"9,1",7
MD Design Hotel - Portal del Real,2391685,NA,Valencia,1,1,€ 115,2019/08/18,2019/08/19,2,"9,1",7
Apartments Abate 4,2848648,Apartamentos,Valencia,1,1,€ 118,2019/08/18,2019/08/19,0,9,7
Ilunion Valencia 4,754329,NA,Valencia,1,1,€ 76,2019/08/18,2019/08/19,4,8,7
Tryp Valencia Feria,92852,NA,Valencia,1,1,€ 76,2019/08/18,2019/08/19,4,"8,3",7
Casual de las Artes Valencia,538056,NA,Valencia,1,1,€ 77,2019/08/18,2019/08/19,3,"8,4",7
Colón Market Downtown,4607745,Apartamento,Valencia,1,1,NA,2019/08/18,2019/08/19,0,"9,7",7
Garden Turia Downtown,5201200,Apartamento,Valencia,1,1,NA,2019/08/18,2019/08/19,0,"9,9",7
Loft zona Pechina en Valencia centro,2524985,Apartamento,Valencia,1,1,€ 118,2019/08/18,2019/08/19,0,"9,2",7
Apartamentos Edificio Palomar,189277,Apartamentos,Valencia,1,1,€ 119,2019/08/18,2019/08/19,0,"9,2",7
Apartments Madrina,3278589,Apartamentos,Valencia,1,1,€ 120,2019/08/18,2019/08/19,0,9,7
Ecobet Apartments,2963381,Apartamentos,Valencia,1,1,€ 122,2019/08/18,2019/08/19,0,"9,2",7
Hi Valencia Cánovas,4312120,Apartamentos,Valencia,1,1,€ 124,2019/08/18,2019/08/19,0,"9,1",7
Apartments Welcome to Valencia Peset Aleixandre 69,4964856,Apartamento,Valencia,1,1,€ 124,2019/08/18,2019/08/19,0,"9,3",7
HQ Rooms Apartments San Vicente,2894429,Apartamentos,Valencia,1,1,€ 125,2019/08/18,2019/08/19,0,"9,3",7
Mon Suites San Nicolas,4117225,Apartamentos,Valencia,1,1,€ 129,2019/08/18,2019/08/19,0,"9,1",7
Palacio de Rojas,1073276,Apartamentos,Valencia,1,1,€ 130,2019/08/18,2019/08/19,0,"9,4",7
Happy Apartments Valencia – Lope de Vega,575582,Apartamentos,Valencia,1,1,€ 79,2019/08/18,2019/08/19,0,"8,1",7
NH Valencia Las Ciencias,90725,NA,Valencia,1,1,€ 80,2019/08/18,2019/08/19,3,8,7
Hotel Valencia Center,91285,NA,Valencia,1,1,€ 81,2019/08/18,2019/08/19,4,"8,4",7
Aparthotel Valencia Rental,17344,Apartahotel,Valencia,1,1,€ 83,2019/08/18,2019/08/19,0,8,7
Silken Puerta Valencia,91182,NA,Valencia,1,1,€ 83,2019/08/18,2019/08/19,4,"8,3",7
Senator Parque Central Hotel,274963,NA,Valencia,1,1,€ 85,2019/08/18,2019/08/19,4,"8,1",7
Ayuntamiento Panoramic,3089239,Apartamento,Valencia,1,1,NA,2019/08/18,2019/08/19,0,"9,5",7
Valenciaflats Ciudad de las Ciencias,93676,Apartamentos,Valencia,1,1,€ 130,2019/08/18,2019/08/19,0,"9,1",7
NH Collection Colón Valencia,3828811,NA,Valencia,1,1,€ 136,2019/08/18,2019/08/19,4,"9,2",7
Live in Chianti Apartaments,2882632,Apartamentos,Valencia,1,1,€ 143,2019/08/18,2019/08/19,0,"9,1",7
Apartament Cura Femenia,2010355,Apartamento,Valencia,1,1,€ 146,2019/08/18,2019/08/19,0,"9,3",7
Mediterranean Flats Plaza Redonda,4086496,Apartamentos,Valencia,1,1,€ 148,2019/08/18,2019/08/19,0,"9,2",7
ALEX- OCEANOGRAFIC APARTMENT. WI-FI,2474071,Apartamento,Valencia,1,1,€ 150,2019/08/18,2019/08/19,0,"9,3",7
MARQUÉS HOUSE 4* SUP,2118880,NA,Valencia,1,1,€ 159,2019/08/18,2019/08/19,4,"9,4",7
Oceanografic Apartment,4903549,Apartamento,Valencia,1,1,€ 160,2019/08/18,2019/08/19,0,"9,4",7
Vincci Mercat,1279484,NA,Valencia,1,1,€ 165,2019/08/18,2019/08/19,4,9,7
Happy Apartments Valencia,456043,Apartamentos,Valencia,1,1,€ 85,2019/08/18,2019/08/19,0,"8,2",7
Primus Valencia,331871,NA,Valencia,1,1,€ 87,2019/08/18,2019/08/19,4,"8,2",7
Sweet Hotel Continental,93856,NA,Valencia,1,1,€ 89,2019/08/18,2019/08/19,2,"8,3",7
NH Valencia Center,90727,NA,Valencia,1,1,€ 90,2019/08/18,2019/08/19,4,"8,3",7
Hogar Vera Apartments&Bikes,1807919,NA,Valencia,1,1,€ 174,2019/08/18,2019/08/19,0,"9,4",7
Hotel Medium Valencia,96838,NA,Valencia,1,1,€ 90,2019/08/18,2019/08/19,4,"8,2",7
MD Modern Hotel - Jardines,305447,NA,Valencia,1,1,€ 95,2019/08/18,2019/08/19,1,"8,2",7
Cozy fisherman's house,2241663,Casa o chalet,Valencia,1,1,€ 95,2019/08/18,2019/08/19,0,"8,1",7
Plaza Redonda Apartments,1665625,Apartamentos,Valencia,1,1,€ 99,2019/08/18,2019/08/19,0,"8,1",7
United Colors of Apartments - Catedral,1301545,Apartamentos,Valencia,1,1,€ 99,2019/08/18,2019/08/19,0,"8,2",7
Valenciaflats Torres de Serrano,17468,Apartamentos,Valencia,1,1,€ 99,2019/08/18,2019/08/19,0,"8,3",7
Apartamentos Marina Beach,2661874,Apartamentos,Valencia,1,1,€ 99,2019/08/18,2019/08/19,0,"8,2",7
Sun Apartament Valencia @ City Arts & Sciences + Parking,3287719,NA,Valencia,1,1,€ 175,2019/08/18,2019/08/19,0,"9,1",7
Colón Market Downtown,4607745,NA,Valencia,1,1,NA,2019/08/18,2019/08/19,0,"9,7",7
Casa Cosy,375456,NA,Valencia,1,1,€ 175,2019/08/18,2019/08/19,0,"9,4",7
CABANYAL STAY,5251011,NA,Valencia,1,1,€ 175,2019/08/18,2019/08/19,0,"9,2",7
Vincci Mercat,1279484,NA,Valencia,1,1,€ 182,2019/08/18,2019/08/19,4,9,7
One Shot Mercat 09,2274203,NA,Valencia,1,1,€ 199,2019/08/18,2019/08/19,4,"9,1",7
Holiday Inn Express Ciudad de las Ciencias,96737,NA,Valencia,1,1,€ 99,2019/08/18,2019/08/19,3,8,7
Hotel Conqueridor,91047,NA,Valencia,1,1,€ 100,2019/08/18,2019/08/19,4,"8,4",7
Apartamentos En Plom,3666575,Apartamento,Valencia,1,1,€ 100,2019/08/18,2019/08/19,0,"8,2",7
Valencia Boutique Plaza de la Reina,1541067,Apartamentos,Valencia,1,1,€ 100,2019/08/18,2019/08/19,0,8,7
City Suites Apartments,3091106,NA,Valencia,1,1,€ 102,2019/08/18,2019/08/19,0,"8,4",7
MALVARROSA - ISLA DE HIERRO,3253373,Apartamento,Valencia,1,1,€ 105,2019/08/18,2019/08/19,0,"8,1",7
Living Valencia - Biblioteca,2843260,Apartamentos,Valencia,1,1,€ 109,2019/08/18,2019/08/19,0,8,7
ARENAS 2 APARTAMENT,2808815,NA,Valencia,1,1,€ 200,2019/08/18,2019/08/19,0,"9,2",7
Zerka Sendra,4657122,NA,Valencia,1,1,€ 209,2019/08/18,2019/08/19,0,9,7
Apartment Sofi,2830696,NA,Valencia,1,1,NA,2019/08/18,2019/08/19,0,"9,8",7
Caro Hotel,348132,NA,Valencia,1,1,€ 219,2019/08/18,2019/08/19,5,"9,2",7
Las Arenas Balneario Resort,91144,NA,Valencia,1,1,€ 288,2019/08/18,2019/08/19,5,9,7
MD Julio Antonio Apartment Center,3961049,NA,Valencia,1,1,€ 385,2019/08/18,2019/08/19,0,"9,2",7
Hotel Boutique Balandret,1281710,NA,Valencia,1,1,€ 418,2019/08/18,2019/08/19,3,"9,2",7
Quart Youth Hostel,476418,NA,Valencia,1,1,€ 16,2019/08/18,2019/08/19,0,"8,7",7
The River Hostel,494202,NA,Valencia,1,1,€ 32,2019/08/18,2019/08/19,0,"8,5",7
Casa La Buhardilla,2985364,NA,Valencia,1,1,NA,2019/08/18,2019/08/19,0,"9,6",7
Pensión Alicante,298710,NA,Valencia,1,1,€ 47,2019/08/18,2019/08/19,0,"8,5",7
7 Moons Bed & Breakfast,464187,NA,Valencia,1,1,€ 51,2019/08/18,2019/08/19,0,"8,5",7
Russafa Youth Hostel,345134,NA,Valencia,1,1,€ 59,2019/08/18,2019/08/19,0,"8,6",7
Homestay Carrer Sagun,5006434,NA,Valencia,1,1,€ 65,2019/08/18,2019/08/19,0,"8,7",7
Home Youth Hostel by Feetup Hostels,189322,NA,Valencia,1,1,€ 66,2019/08/18,2019/08/19,0,"8,8",7
Colegio Mayor La Concepción,626558,NA,Valencia,1,1,€ 69,2019/08/18,2019/08/19,0,"8,6",7
Canovas rooms,5296619,NA,Valencia,1,1,NA,2019/08/18,2019/08/19,0,"9,6",7
Namaste Rooms,3799642,NA,Valencia,1,1,€ 70,2019/08/18,2019/08/19,0,"8,6",7
Hulot B&B Valencia,585429,NA,Valencia,1,1,€ 70,2019/08/18,2019/08/19,0,"8,5",7
Hotel San Lorenzo Boutique,1307718,NA,Valencia,1,1,€ 72,2019/08/18,2019/08/19,3,"8,6",7
Apartamentos Plaza Picasso,97063,NA,Valencia,1,1,€ 74,2019/08/18,2019/08/19,0,"8,5",7
Casita bonita con piscina y jardin,5294677,NA,Valencia,1,1,€ 75,2019/08/18,2019/08/19,0,"8,8",7
Melia Valencia,290493,NA,Valencia,1,1,€ 77,2019/08/18,2019/08/19,4,"8,8",7
RUZAFA- CENTRO-A/C- WI-FI- PARKING,2885994,NA,Valencia,1,1,NA,2019/08/18,2019/08/19,0,"9,7",7
Balcón Al Mar,295109,NA,Valencia,1,1,€ 79,2019/08/18,2019/08/19,0,"8,5",7
Hotel Malcom and Barret,483261,NA,Valencia,1,1,€ 79,2019/08/18,2019/08/19,3,"8,7",7
Ad Hoc Carmen,1173270,NA,Valencia,1,1,€ 79,2019/08/18,2019/08/19,2,"8,9",7
Luz de Valencia,2076095,NA,Valencia,1,1,€ 79,2019/08/18,2019/08/19,0,"8,8",7
ABCyou Bed&Breakfast,189207,NA,Valencia,1,1,€ 79,2019/08/18,2019/08/19,0,"8,5",7
Pio XII Apartments Valencia,402080,NA,Valencia,1,1,€ 81,2019/08/18,2019/08/19,0,"8,5",7
Opera House Valencia B&B,3533887,NA,Valencia,1,1,NA,2019/08/18,2019/08/19,0,"9,5",7
Sercotel Sorolla Palace,93646,NA,Valencia,1,1,€ 82,2019/08/18,2019/08/19,4,"8,6",7
Jardín Botánico Hotel Boutique,93369,NA,Valencia,1,1,€ 84,2019/08/18,2019/08/19,3,"8,9",7
Rooms Ciencias,94126,NA,Valencia,1,1,€ 85,2019/08/18,2019/08/19,0,"8,9",7
One Shot Colón 46,1394168,NA,Valencia,1,1,€ 85,2019/08/18,2019/08/19,3,"8,7",7
Zalamera BnB,1331238,NA,Valencia,1,1,€ 85,2019/08/18,2019/08/19,0,"8,7",7
Casual Vintage Valencia,1710241,NA,Valencia,1,1,€ 86,2019/08/18,2019/08/19,2,"8,5",7
Ilunion Aqua 4,92777,NA,Valencia,1,1,€ 86,2019/08/18,2019/08/19,4,"8,5",7
B&B Hi Valencia Boutique,1301725,NA,Valencia,1,1,€ 86,2019/08/18,2019/08/19,0,"8,7",7
Citizentral Gascons,332095,NA,Valencia,1,1,€ 87,2019/08/18,2019/08/19,0,"8,7",7
Hotel Valencia Oceanic Managed by Melia Hotels International,91522,NA,Valencia,1,1,€ 87,2019/08/18,2019/08/19,4,"8,6",7
Welcomer Apartments Valencia,19363,NA,Valencia,1,1,€ 89,2019/08/18,2019/08/19,0,"8,7",7
One Shot Palacio Reina Victoria 04,90885,NA,Valencia,1,1,€ 89,2019/08/18,2019/08/19,4,"8,6",7
Soho Valencia,1538641,NA,Valencia,1,1,€ 89,2019/08/18,2019/08/19,0,"8,9",7
Hotel Kramer,91106,NA,Valencia,1,1,€ 89,2019/08/18,2019/08/19,3,"8,8",7
Center Venezuela Apartments,4459021,NA,Valencia,1,1,€ 89,2019/08/18,2019/08/19,0,"8,5",7
Hotel Sercotel Acteón Valencia,90495,NA,Valencia,1,1,€ 90,2019/08/18,2019/08/19,4,"8,5",7
Hotel El Siglo,1741479,NA,Valencia,1,1,€ 90,2019/08/18,2019/08/19,3,"8,5",7
Catalonia Excelsior,90578,NA,Valencia,1,1,€ 90,2019/08/18,2019/08/19,3,"8,7",7
Vincci Palace,94163,NA,Valencia,1,1,€ 90,2019/08/18,2019/08/19,4,"8,6",7
Casa del Patriarca,364834,NA,Valencia,1,1,€ 90,2019/08/18,2019/08/19,0,"8,9",7
Apartamento Comedias,2236348,NA,Valencia,1,1,NA,2019/08/18,2019/08/19,0,"9,8",7
Suites by Eric Olsan (Florista),4726450,NA,Valencia,1,1,€ 91,2019/08/18,2019/08/19,0,"8,6",7
València Centre Torres de Quart,886289,NA,Valencia,1,1,€ 94,2019/08/18,2019/08/19,0,"8,9",7
Valenciaflats Mercado Central,307677,NA,Valencia,1,1,€ 95,2019/08/18,2019/08/19,0,"8,9",7
Barceló Valencia,91988,NA,Valencia,1,1,€ 95,2019/08/18,2019/08/19,4,"8,7",7
El Palacete Gran Via,3483148,NA,Valencia,1,1,€ 96,2019/08/18,2019/08/19,0,"8,7",7
Casual del Cine Valencia,572187,NA,Valencia,1,1,€ 96,2019/08/18,2019/08/19,2,"8,6",7
Atico Loft Ruzafa,3152977,NA,Valencia,1,1,NA,2019/08/18,2019/08/19,0,"9,7",7
AC Hotel Valencia- a Marriott Lifestyle Hotel,91063,NA,Valencia,1,1,€ 97,2019/08/18,2019/08/19,4,"8,6",7
Total Valencia (Leisure & Culture),824611,NA,Valencia,1,1,€ 98,2019/08/18,2019/08/19,0,"8,6",7
Lotelito,570027,NA,Valencia,1,1,€ 99,2019/08/18,2019/08/19,0,"8,9",7
Hotel Dimar,90886,NA,Valencia,1,1,€ 99,2019/08/18,2019/08/19,4,"8,7",7
SHF GRANADA,4747836,NA,Valencia,1,1,€ 100,2019/08/18,2019/08/19,0,"8,6",7
Vincci Lys,91183,NA,Valencia,1,1,€ 100,2019/08/18,2019/08/19,4,"8,9",7
Canovas rooms,5296619,NA,Valencia,1,1,NA,2019/08/18,2019/08/19,0,"9,6",7
Ad Hoc Monumental,90719,NA,Valencia,1,1,€ 104,2019/08/18,2019/08/19,3,"8,6",7
Valenciaflats Centro Histórico,94781,NA,Valencia,1,1,€ 105,2019/08/18,2019/08/19,0,"8,7",7
Les flors,3985046,NA,Valencia,1,1,€ 107,2019/08/18,2019/08/19,0,"8,7",7
AC Hotel Colon Valencia- a Marriott Lifestyle Hotel,1117150,NA,Valencia,1,1,€ 108,2019/08/18,2019/08/19,4,"8,7",7
Petit Palace Ruzafa,90792,NA,Valencia,1,1,€ 109,2019/08/18,2019/08/19,3,"8,7",7
Zenit Valencia,92327,NA,Valencia,1,1,€ 110,2019/08/18,2019/08/19,4,"8,8",7
RUZAFA- CENTRO-A/C- WI-FI- PARKING,2885994,NA,Valencia,1,1,NA,2019/08/18,2019/08/19,0,"9,7",7
Boutique Creative Rooms,2334726,NA,Valencia,1,1,€ 111,2019/08/18,2019/08/19,0,"8,8",7
Flatsforyou Mercat,1367507,NA,Valencia,1,1,€ 116,2019/08/18,2019/08/19,3,"8,9",7
FREE WI-FI. Apartamentos 90 м2 - Assutzena 5,4828764,NA,Valencia,1,1,€ 117,2019/08/18,2019/08/19,0,"8,5",7
Hotel Mediterraneo Valencia,92412,NA,Valencia,1,1,€ 124,2019/08/18,2019/08/19,3,"8,8",7
Friendly Rentals Verdi 2,2523881,NA,Valencia,1,1,€ 125,2019/08/18,2019/08/19,0,"8,8",7
Perla Apartments,3146781,NA,Valencia,1,1,€ 126,2019/08/18,2019/08/19,0,"8,8",7
Luxury Beach House,3602594,NA,Valencia,1,1,NA,2019/08/18,2019/08/19,0,"9,7",7
Melia Plaza Valencia,13270,NA,Valencia,1,1,€ 127,2019/08/18,2019/08/19,4,"8,9",7
Petit Palace Plaza de la Reina,90443,NA,Valencia,1,1,€ 129,2019/08/18,2019/08/19,3,"8,7",7
BUBUFLATS / Mercat,783206,NA,Valencia,1,1,€ 130,2019/08/18,2019/08/19,0,"8,9",7
Flatsforyou Port,733673,NA,Valencia,1,1,€ 130,2019/08/18,2019/08/19,0,"8,5",7
Apartments Viveros,1069530,NA,Valencia,1,1,€ 130,2019/08/18,2019/08/19,0,"8,5",7
SH Valencia Palace,91497,NA,Valencia,1,1,€ 135,2019/08/18,2019/08/19,5,"8,5",7
Apartment Sofi,2830696,NA,Valencia,1,1,NA,2019/08/18,2019/08/19,0,"9,8",7
BUBUFLATS Mossén,1141763,NA,Valencia,1,1,€ 135,2019/08/18,2019/08/19,0,"8,9",7
Hotel Neptuno,91206,NA,Valencia,1,1,€ 144,2019/08/18,2019/08/19,4,"8,5",7
Flatsforyou Ruzafa,3342696,NA,Valencia,1,1,€ 150,2019/08/18,2019/08/19,0,"8,8",7
CheValenciaFlats,2064099,NA,Valencia,1,1,€ 152,2019/08/18,2019/08/19,0,"8,9",7
Flatsforyou Sorolla House,403442,NA,Valencia,1,1,€ 155,2019/08/18,2019/08/19,0,"8,6",7
Apartamento frente al mar,3060802,NA,Valencia,1,1,€ 155,2019/08/18,2019/08/19,0,"8,6",7
Casa Cabañal,2436758,NA,Valencia,1,1,€ 160,2019/08/18,2019/08/19,0,"8,9",7
Living Valencia - Patacona Beach 7,1391054,NA,Valencia,1,1,€ 119,2019/08/18,2019/08/19,0,"7,7",7
Like Apartments XL,558122,NA,Valencia,1,1,€ 125,2019/08/18,2019/08/19,0,"7,6",7
Apartments Downtown Valencia,2250421,NA,Valencia,1,1,NA,2019/08/18,2019/08/19,0,"9,6",7
Cathedral Suites Hotel,1736257,NA,Valencia,1,1,€ 179,2019/08/18,2019/08/19,4,"8,9",7
Hospes Palau de La Mar,93823,NA,Valencia,1,1,€ 190,2019/08/18,2019/08/19,5,"8,8",7
Reino de Valencia Apartments,453225,NA,Valencia,1,1,€ 190,2019/08/18,2019/08/19,0,"8,8",7
The Westin Valencia,93321,NA,Valencia,1,1,€ 198,2019/08/18,2019/08/19,5,"8,7",7
SingularStays Parque Central,3054000,NA,Valencia,1,1,€ 217,2019/08/18,2019/08/19,0,"8,8",7
Old Town Flats Casa Burguerini,4552106,NA,Valencia,1,1,€ 137,2019/08/18,2019/08/19,0,"7,8",7
Valencia Luxury Central Market,1078335,NA,Valencia,1,1,€ 159,2019/08/18,2019/08/19,0,"7,5",7
Isabel,4442066,NA,Valencia,1,1,€ 230,2019/08/18,2019/08/19,0,"8,6",7
Total Valencia Beach Leisure & Culture,1075511,NA,Valencia,1,1,€ 271,2019/08/18,2019/08/19,0,"8,8",7
Valencia Luxury Attics Ayuntamiento,337092,NA,Valencia,1,1,€ 170,2019/08/18,2019/08/19,0,"7,5",7
City Center Apartments,4426057,NA,Valencia,1,1,€ 180,2019/08/18,2019/08/19,0,"7,8",7
Verano en la Playa Patacona,4913195,NA,Valencia,1,1,€ 200,2019/08/18,2019/08/19,0,"7,7",7
Mar & City Apartment,3456759,NA,Valencia,1,1,€ 298,2019/08/18,2019/08/19,0,"8,9",7
Urban Youth Hostel,1163025,NA,Valencia,1,1,€ 35,2019/08/18,2019/08/19,0,"8,4",7
Habitacion en Valencia Barata,4861796,NA,Valencia,1,1,€ 38,2019/08/18,2019/08/19,0,"8,2",7
MD Oliag I Apartment Ruzafa,2867488,NA,Valencia,1,1,€ 455,2019/08/18,2019/08/19,0,"7,7",7
Luxury Beach House,3602594,NA,Valencia,1,1,NA,2019/08/18,2019/08/19,0,"9,7",7
feliz como en casa,3676196,NA,Valencia,1,1,€ 36,2019/08/18,2019/08/19,0,"7,2",7
Hostal Waksman,281139,NA,Valencia,1,1,€ 40,2019/08/18,2019/08/19,1,"7,3",7
HOSPEDAJE PESET,4718074,NA,Valencia,1,1,€ 50,2019/08/18,2019/08/19,0,"7,4",7
Red Nest Hostel,92283,NA,Valencia,1,1,€ 47,2019/08/18,2019/08/19,0,"8,2",7
Centro Valencia Calle Cerrajeros,3476261,NA,Valencia,1,1,€ 50,2019/08/18,2019/08/19,0,"7,1",7
Hostal Residencial RR,450746,NA,Valencia,1,1,€ 50,2019/08/18,2019/08/19,0,7,7
Ruzafa Rooms,2891693,NA,Valencia,1,1,€ 51,2019/08/18,2019/08/19,0,7,7
BONNIES Suites & Spa Valencia,3631910,NA,Valencia,1,1,NA,2019/08/18,2019/08/19,0,"9,8",7
Hostal la Barraca,350013,NA,Valencia,1,1,€ 65,2019/08/18,2019/08/19,0,"7,2",7
Homestay & OLEE,4132920,NA,Valencia,1,1,€ 65,2019/08/18,2019/08/19,0,"7,4",7
Cosy Rooms Embajador,369728,NA,Valencia,1,1,€ 70,2019/08/18,2019/08/19,2,"7,4",7
Cosy Rooms Bolsería,371606,NA,Valencia,1,1,€ 74,2019/08/18,2019/08/19,2,"7,4",7
Central Station Valencia Hostel,1647017,NA,Valencia,1,1,€ 74,2019/08/18,2019/08/19,0,"7,1",7
HOSTAL BED OF THE SEA,3974636,NA,Valencia,1,1,€ 82,2019/08/18,2019/08/19,0,"7,1",7
Valencia center,3168460,NA,Valencia,1,1,NA,2019/08/18,2019/08/19,0,"9,8",7
Malvarrosa Beach Rooms,314048,NA,Valencia,1,1,€ 90,2019/08/18,2019/08/19,2,"7,1",7
NWT Monserrat,3728842,NA,Valencia,1,1,€ 94,2019/08/18,2019/08/19,0,"7,1",7
Valencia Apartments,4367788,NA,Valencia,1,1,€ 96,2019/08/18,2019/08/19,0,"7,2",7
Premium Apartments,486507,NA,Valencia,1,1,€ 99,2019/08/18,2019/08/19,0,7,7
SHF Sevilla Loft,850157,NA,Valencia,1,1,€ 100,2019/08/18,2019/08/19,0,"7,4",7
Almiserat,3054886,NA,Valencia,1,1,€ 100,2019/08/18,2019/08/19,0,"7,1",7
Disfruta - Enjoy Valencia Ruzafa,3890328,NA,Valencia,1,1,NA,2019/08/18,2019/08/19,0,"9,7",7
Suites by Eric Olsan (L),4287413,NA,Valencia,1,1,€ 111,2019/08/18,2019/08/19,0,"7,3",7
Valencia Luxury Catedral,440778,NA,Valencia,1,1,€ 154,2019/08/18,2019/08/19,0,"7,1",7
Valencia Luxury Town Hall,866934,NA,Valencia,1,1,€ 159,2019/08/18,2019/08/19,0,"7,1",7
Marítim - Serrería Апартаменты,4899808,NA,Valencia,1,1,€ 161,2019/08/18,2019/08/19,0,7,7
Las casitas de la playa,3177809,NA,Valencia,1,1,€ 198,2019/08/18,2019/08/19,0,"7,2",7
Valencia Boutique Ayuntamiento,343355,NA,Valencia,1,1,€ 200,2019/08/18,2019/08/19,0,"7,2",7
La seda stay,3335523,NA,Valencia,1,1,NA,2019/08/18,2019/08/19,0,"9,7",7
Apartamento para 10 personas,5029963,NA,Valencia,1,1,€ 200,2019/08/18,2019/08/19,0,"7,3",7
Valencia Luxury La Paz,1107542,NA,Valencia,1,1,€ 240,2019/08/18,2019/08/19,0,"7,2",7
Valencia Boutique Las Arenas Beach,905875,NA,Valencia,1,1,€ 280,2019/08/18,2019/08/19,0,"7,2",7
Habitación en Colon,2246576,NA,Valencia,1,1,€ 60,2019/08/18,2019/08/19,0,"6,7",7
Valencia Boutique Center,387770,NA,Valencia,1,1,€ 215,2019/08/18,2019/08/19,0,"6,9",7
Malvarrosa Beach,3546692,NA,Valencia,1,1,€ 1.260,2019/08/18,2019/08/19,0,"6,8",7
Fun and Sun Center 2,2944416,NA,Valencia,1,1,€ 50,2019/08/18,2019/08/19,0,"6,2",7
Kirei Apartment San Agustin,1712323,NA,Valencia,1,1,€ 126,2019/08/18,2019/08/19,0,"6,3",7
BORO'S HOME,3519741,NA,Valencia,1,1,€ 216,2019/08/18,2019/08/19,0,"6,4",7
RoomTuristValencia - Ruzafa,4608394,NA,Valencia,1,1,€ 35,2019/08/18,2019/08/19,0,"5,9",7
Ruzafa Guesthouse,2269176,NA,Valencia,1,1,€ 38,2019/08/18,2019/08/19,0,"5,6",7
Home Sweet Home,1223953,NA,Valencia,1,1,€ 50,2019/08/18,2019/08/19,0,"5,5",7
Carrer del Bisbe Jaume Pérez,4900140,NA,Valencia,1,1,€ 60,2019/08/18,2019/08/19,0,"5,7",7
Oliver,4865093,NA,Valencia,1,1,€ 73,2019/08/18,2019/08/19,0,"5,8",7
Kirei Apartment Berlin,4504570,NA,Valencia,1,1,€ 115,2019/08/18,2019/08/19,0,"5,5",7
RoomTuristValencia Estacion del Norte,4682632,NA,Valencia,1,1,€ 35,2019/08/18,2019/08/19,0,"5,3",7
Guest House Torres de Quart,2275006,NA,Valencia,1,1,€ 38,2019/08/18,2019/08/19,0,"5,4",7
Guest House Duc de Gaeta,2275007,NA,Valencia,1,1,€ 38,2019/08/18,2019/08/19,0,5,7
