name,propertyId,propertyType,city,rooms,days,price,checkIn,checkOut,stars,score,advance
Governor Residence,3799760,Apartahotel,Valencia,1,1,€ 600,2019/08/20,2019/08/21,0,,14
Gulet Why Not,5199364,NA,Valencia,1,1,€ 3.600,2019/08/20,2019/08/21,0,,14
Loyola Room Habitación en Piso Compartido,3298489,NA,Valencia,1,1,€ 39,2019/08/20,2019/08/21,0,"6,8",14
Habitación con cama doble,4794909,NA,Valencia,1,1,€ 41,2019/08/20,2019/08/21,0,"6,5",14
Charming Ninetta,3220582,Apartamento,Valencia,1,1,NA,2019/08/20,2019/08/21,0,"9,5",14
Premium Apartments,486507,Apartamentos,Valencia,1,1,€ 129,2019/08/20,2019/08/21,0,"6,9",14
Apartamento para 10 personas,5029963,Apartamento,Valencia,1,1,€ 200,2019/08/20,2019/08/21,0,"6,9",14
Malvarrosa Beach,3546692,Casas y chalets,Valencia,1,1,€ 1.260,2019/08/20,2019/08/21,0,"6,8",14
Fun and Sun Center 2,2944416,NA,Valencia,1,1,€ 45,2019/08/20,2019/08/21,0,"6,2",14
Kirei Apartment San Agustin,1712323,Apartamentos,Valencia,1,1,€ 150,2019/08/20,2019/08/21,0,"6,4",14
RoomTuristValencia - Ruzafa,4608394,NA,Valencia,1,1,€ 35,2019/08/20,2019/08/21,0,"5,8",14
City Valencia Beach 360,4504803,Apartamento,Valencia,1,1,NA,2019/08/20,2019/08/21,0,"9,7",14
Ruzafa Guesthouse,2269176,NA,Valencia,1,1,€ 38,2019/08/20,2019/08/21,0,"5,6",14
Guest House Torres de Quart,2275006,NA,Valencia,1,1,€ 38,2019/08/20,2019/08/21,0,"5,5",14
Home Sweet Home,1223953,NA,Valencia,1,1,€ 50,2019/08/20,2019/08/21,0,"5,5",14
Carrer del Bisbe Jaume Pérez,4900140,NA,Valencia,1,1,€ 60,2019/08/20,2019/08/21,0,"5,8",14
Oliver,4865093,NA,Valencia,1,1,€ 73,2019/08/20,2019/08/21,0,"5,7",14
Kirei Apartment Berlin,4504570,Apartamentos,Valencia,1,1,€ 134,2019/08/20,2019/08/21,0,"5,5",14
Apartamento en la Ciudad de las Artes y las Ciencias,3552283,Apartamento,Valencia,1,1,NA,2019/08/20,2019/08/21,0,"9,5",14
RoomTuristValencia Estacion del Norte,4682632,NA,Valencia,1,1,€ 35,2019/08/20,2019/08/21,0,"5,4",14
Guest House Duc de Gaeta,2275007,NA,Valencia,1,1,€ 38,2019/08/20,2019/08/21,0,5,14
RoomTuristValencia RuzafaSumsi,4682802,NA,Valencia,1,1,€ 45,2019/08/20,2019/08/21,0,5,14
Guest House Ruzafa,2324552,NA,Valencia,1,1,€ 60,2019/08/20,2019/08/21,0,"5,3",14
Kirei Apartment Atlanta,4304662,Apartamento,Valencia,1,1,€ 208,2019/08/20,2019/08/21,0,5,14
RoomTuristValencia Torres de Quart,4565643,NA,Valencia,1,1,€ 35,2019/08/20,2019/08/21,0,"4,9",14
Disfruta - Enjoy Valencia Ruzafa,3890328,Apartamento,Valencia,1,1,NA,2019/08/20,2019/08/21,0,"9,7",14
Guesthouse Plaza de Toros,2985902,NA,Valencia,1,1,€ 38,2019/08/20,2019/08/21,0,"4,9",14
Habitación en Apartamento soleado Plaza Escultor Frechina,4865043,NA,Valencia,1,1,€ 55,2019/08/20,2019/08/21,0,"4,9",14
Apartamento Islas Canarias,2304086,Apartamento,Valencia,1,1,€ 84,2019/08/20,2019/08/21,0,4,14
Constitucion Guesthouse,2985942,NA,Valencia,1,1,€ 41,2019/08/20,2019/08/21,0,"3,3",14
Habitación muy cerca de la playa.,5396391,NA,Valencia,1,1,€ 40,2019/08/20,2019/08/21,0,,14
Amplia habitación en piso compartido,5433175,NA,Valencia,1,1,€ 50,2019/08/20,2019/08/21,0,,14
Musico Art Flat,2925957,Apartamento,Valencia,1,1,NA,2019/08/20,2019/08/21,0,"9,6",14
Hogar Dulce Hogar,5426607,NA,Valencia,1,1,€ 51,2019/08/20,2019/08/21,0,,14
Casita bonita con piscina y jardin,5294677,NA,Valencia,1,1,€ 75,2019/08/20,2019/08/21,0,,14
Acogedor apartamento en zona universitaria y playa,5414090,Casa o chalet,Valencia,1,1,€ 82,2019/08/20,2019/08/21,0,,14
Comfort Homestay,5423155,NA,Valencia,1,1,€ 89,2019/08/20,2019/08/21,0,,14
Miresa flats 2.1A,5399747,Apartamento,Valencia,1,1,€ 90,2019/08/20,2019/08/21,0,,14
Casa de la Reina,5394089,NA,Valencia,1,1,€ 100,2019/08/20,2019/08/21,0,,14
Apartamento Alameda,1698817,Apartamento,Valencia,1,1,NA,2019/08/20,2019/08/21,0,"9,5",14
Casual Socarrat Valencia,5142800,NA,Valencia,1,1,€ 105,2019/08/20,2019/08/21,3,,14
CENTER next to LA LONJA+WIFI,4093868,Apartamento,Valencia,1,1,€ 109,2019/08/20,2019/08/21,0,,14
Loft Turia Gran,5133726,Apartamento,Valencia,1,1,€ 113,2019/08/20,2019/08/21,0,,14
Miresa flats,5300418,Apartamento,Valencia,1,1,€ 125,2019/08/20,2019/08/21,0,,14
Apartment in the Quart Towers II,4947694,Apartamento,Valencia,1,1,€ 135,2019/08/20,2019/08/21,0,,14
Old Town Flats Casa Burguerini,4552106,Apartamentos,Valencia,1,1,€ 137,2019/08/20,2019/08/21,0,,14
Valencia Apartamentos DEL MAR,5421626,Apartamento,Valencia,1,1,€ 140,2019/08/20,2019/08/21,0,,14
Calle Islas Canarias- 189 Apartamento,5257371,Apartamento,Valencia,1,1,€ 196,2019/08/20,2019/08/21,0,,14
"Flat ""Ca Alexandre""",3687859,Apartamento,Valencia,1,1,€ 210,2019/08/20,2019/08/21,0,,14
Hogar Dulce Hogar,5441488,NA,Valencia,1,1,€ 230,2019/08/20,2019/08/21,0,,14
Espaciosa y cómoda vivienda,5342327,Apartamento,Valencia,1,1,€ 238,2019/08/20,2019/08/21,0,,14
Aparment Beach Patacona,5466319,Apartamento,Valencia,1,1,€ 238,2019/08/20,2019/08/21,0,,14
07 PLAZA DEL AYUNTAMIENTO - CENTRO 6personas,4093811,Apartamento,Valencia,1,1,€ 239,2019/08/20,2019/08/21,0,,14
Apartamento con terraza,5238122,Apartahotel,Valencia,1,1,€ 240,2019/08/20,2019/08/21,0,,14
Duplex Penthouse,5436230,Apartamento,Valencia,1,1,€ 251,2019/08/20,2019/08/21,0,,14
37 PLAZA AYUNTAMIENTO-CENTRO 6p.,4093843,Apartamento,Valencia,1,1,€ 254,2019/08/20,2019/08/21,0,,14
Hogar Dulce Hogar,5459514,NA,Valencia,1,1,€ 285,2019/08/20,2019/08/21,0,,14
MD PASEO RUZAFA CENTER,5374850,Apartamento,Valencia,1,1,€ 502,2019/08/20,2019/08/21,0,,14
Zerka Sendra,4657122,NA,Valencia,1,1,€ 310,2019/08/20,2019/08/21,0,9,14
Quart Youth Hostel,476418,NA,Valencia,1,1,€ 17,2019/08/20,2019/08/21,0,"8,7",14
Garden Turia Downtown,5201200,NA,Valencia,1,1,NA,2019/08/20,2019/08/21,0,"9,9",14
The River Hostel,494202,NA,Valencia,1,1,€ 33,2019/08/20,2019/08/21,0,"8,5",14
7 Moons Bed & Breakfast,464187,NA,Valencia,1,1,€ 57,2019/08/20,2019/08/21,0,"8,5",14
Russafa Youth Hostel,345134,NA,Valencia,1,1,€ 58,2019/08/20,2019/08/21,0,"8,6",14
Zalamera BnB,1331238,NA,Valencia,1,1,€ 63,2019/08/20,2019/08/21,0,"8,7",14
Homestay Carrer Sagun,5006434,NA,Valencia,1,1,€ 65,2019/08/20,2019/08/21,0,"8,7",14
Namaste Rooms,3799642,NA,Valencia,1,1,€ 65,2019/08/20,2019/08/21,0,"8,6",14
CÓMODAS HABITACIONES CERCA DE LA PLAYA,5041799,NA,Valencia,1,1,NA,2019/08/20,2019/08/21,0,"9,5",14
ABCyou Bed&Breakfast,189207,NA,Valencia,1,1,€ 73,2019/08/20,2019/08/21,0,"8,5",14
Hulot B&B Valencia,585429,NA,Valencia,1,1,€ 77,2019/08/20,2019/08/21,0,"8,5",14
Sercotel Sorolla Palace,93646,NA,Valencia,1,1,€ 77,2019/08/20,2019/08/21,4,"8,6",14
Melia Valencia,290493,NA,Valencia,1,1,€ 77,2019/08/20,2019/08/21,4,"8,8",14
Ad Hoc Carmen,1173270,NA,Valencia,1,1,€ 79,2019/08/20,2019/08/21,2,"8,9",14
Colegio Mayor La Concepción,626558,NA,Valencia,1,1,€ 79,2019/08/20,2019/08/21,0,"8,7",14
Ciudad Ciencias- Lujo- Parking- Wi-Fi.,4999636,NA,Valencia,1,1,NA,2019/08/20,2019/08/21,0,"9,8",14
Home Youth Hostel by Feetup Hostels,189322,NA,Valencia,1,1,€ 83,2019/08/20,2019/08/21,0,"8,8",14
Hotel El Siglo,1741479,NA,Valencia,1,1,€ 85,2019/08/20,2019/08/21,3,"8,5",14
Hotel Malcom and Barret,483261,NA,Valencia,1,1,€ 86,2019/08/20,2019/08/21,3,"8,7",14
UNIK. Apartments Valencia,2241282,NA,Valencia,1,1,€ 86,2019/08/20,2019/08/21,0,"8,5",14
AC Hotel Valencia- a Marriott Lifestyle Hotel,91063,NA,Valencia,1,1,€ 89,2019/08/20,2019/08/21,4,"8,6",14
Petit Palomar,2187491,NA,Valencia,1,1,€ 89,2019/08/20,2019/08/21,0,"8,9",14
Cozy en Blanch. Center,4751079,NA,Valencia,1,1,NA,2019/08/20,2019/08/21,0,"9,7",14
El Palacete Gran Via,3483148,NA,Valencia,1,1,€ 93,2019/08/20,2019/08/21,0,"8,7",14
Hotel Kramer,91106,NA,Valencia,1,1,€ 95,2019/08/20,2019/08/21,3,"8,8",14
Jardín Botánico Hotel Boutique,93369,NA,Valencia,1,1,€ 95,2019/08/20,2019/08/21,3,"8,9",14
Citizentral Gascons,332095,NA,Valencia,1,1,€ 96,2019/08/20,2019/08/21,0,"8,7",14
Lotelito,570027,NA,Valencia,1,1,€ 101,2019/08/20,2019/08/21,0,"8,9",14
Boutique Creative Rooms,2334726,NA,Valencia,1,1,€ 102,2019/08/20,2019/08/21,0,"8,7",14
Casa Calle Conquista,4691493,NA,Valencia,1,1,NA,2019/08/20,2019/08/21,0,"9,6",14
Hotel Dimar,90886,NA,Valencia,1,1,€ 104,2019/08/20,2019/08/21,4,"8,7",14
Melia Plaza Valencia,13270,NA,Valencia,1,1,€ 105,2019/08/20,2019/08/21,4,"8,9",14
Blanq Carmen Hotel,97069,NA,Valencia,1,1,€ 108,2019/08/20,2019/08/21,3,"8,7",14
Suites by Eric Olsan (Florista),4726450,NA,Valencia,1,1,€ 108,2019/08/20,2019/08/21,0,"8,6",14
Barceló Valencia,91988,NA,Valencia,1,1,€ 108,2019/08/20,2019/08/21,4,"8,7",14
Valenciaflats Mercado Central,307677,NA,Valencia,1,1,€ 110,2019/08/20,2019/08/21,0,"8,9",14
Casa Vich,4457634,NA,Valencia,1,1,NA,2019/08/20,2019/08/21,0,"9,6",14
AC Hotel Colon Valencia- a Marriott Lifestyle Hotel,1117150,NA,Valencia,1,1,€ 111,2019/08/20,2019/08/21,4,"8,6",14
Welcomer Apartments Valencia,19363,NA,Valencia,1,1,€ 112,2019/08/20,2019/08/21,0,"8,6",14
Rooms Ciencias,94126,NA,Valencia,1,1,€ 113,2019/08/20,2019/08/21,0,"8,9",14
Zenit Valencia,92327,NA,Valencia,1,1,€ 113,2019/08/20,2019/08/21,4,"8,8",14
València Centre Túria,2185255,NA,Valencia,1,1,€ 113,2019/08/20,2019/08/21,0,"8,8",14
B&B Hi Valencia Boutique,1301725,NA,Valencia,1,1,€ 113,2019/08/20,2019/08/21,0,"8,7",14
Hotel Valencia Oceanic Managed by Melia Hotels International,91522,NA,Valencia,1,1,€ 114,2019/08/20,2019/08/21,4,"8,6",14
One Shot Colón 46,1394168,NA,Valencia,1,1,€ 115,2019/08/20,2019/08/21,3,"8,7",14
Hotel San Lorenzo Boutique,1307718,NA,Valencia,1,1,€ 117,2019/08/20,2019/08/21,3,"8,6",14
Casual Vintage Valencia,1710241,NA,Valencia,1,1,€ 117,2019/08/20,2019/08/21,2,"8,5",14
Ilunion Aqua 4,92777,NA,Valencia,1,1,€ 118,2019/08/20,2019/08/21,4,"8,5",14
Petit Palace Ruzafa,90792,NA,Valencia,1,1,€ 119,2019/08/20,2019/08/21,3,"8,7",14
Petit Palace Plaza de la Reina,90443,NA,Valencia,1,1,€ 119,2019/08/20,2019/08/21,3,"8,7",14
Valenciaflats Centro Histórico,94781,NA,Valencia,1,1,€ 120,2019/08/20,2019/08/21,0,"8,7",14
Friendly Rentals Soler,1634237,NA,Valencia,1,1,€ 120,2019/08/20,2019/08/21,0,"8,6",14
Hotel Mediterraneo Valencia,92412,NA,Valencia,1,1,€ 120,2019/08/20,2019/08/21,3,"8,8",14
Casual del Cine Valencia,572187,NA,Valencia,1,1,€ 122,2019/08/20,2019/08/21,2,"8,6",14
Vincci Palace,94163,NA,Valencia,1,1,€ 125,2019/08/20,2019/08/21,4,"8,6",14
MD Modern Hotel - Jardines,305447,NA,Valencia,1,1,€ 99,2019/08/20,2019/08/21,1,"8,2",14
United Colors of Apartments - Catedral,1301545,Apartamentos,Valencia,1,1,€ 99,2019/08/20,2019/08/21,0,"8,2",14
TTdSSa VLC: Plaza Cisneros- 2- 5 pax 3 Bedrooms,4069293,Apartamento,Valencia,1,1,NA,2019/08/20,2019/08/21,0,"9,8",14
Room in apartment,3701648,NA,Valencia,1,1,€ 100,2019/08/20,2019/08/21,0,8,14
SHF Flats Baron,1033085,Apartamentos,Valencia,1,1,€ 100,2019/08/20,2019/08/21,0,8,14
Primus Valencia,331871,NA,Valencia,1,1,€ 103,2019/08/20,2019/08/21,4,"8,3",14
Casual de las Artes Valencia,538056,NA,Valencia,1,1,€ 104,2019/08/20,2019/08/21,3,"8,4",14
Happy Apartments Valencia – Lope de Vega,575582,Apartamentos,Valencia,1,1,€ 104,2019/08/20,2019/08/21,0,"8,1",14
Happy Apartments Valencia,456043,Apartamentos,Valencia,1,1,€ 104,2019/08/20,2019/08/21,0,"8,2",14
Preciosa Casita Cerca Del Mar,4057271,Apartamento,Valencia,1,1,NA,2019/08/20,2019/08/21,0,"9,7",14
Sweet Hotel Continental,93856,NA,Valencia,1,1,€ 104,2019/08/20,2019/08/21,2,"8,3",14
Dormavalencia Hostel,249585,NA,Valencia,1,1,€ 110,2019/08/20,2019/08/21,1,"8,2",14
Preciosos Apartamentos en el Carmen,2918345,Apartamentos,Valencia,1,1,€ 110,2019/08/20,2019/08/21,0,"8,1",14
Valenciaflats Torres de Serrano,17468,Apartamentos,Valencia,1,1,€ 110,2019/08/20,2019/08/21,0,"8,3",14
Senator Parque Central Hotel,274963,NA,Valencia,1,1,€ 112,2019/08/20,2019/08/21,4,"8,1",14
Eurostars Rey Don Jaime,91520,NA,Valencia,1,1,€ 113,2019/08/20,2019/08/21,4,"8,2",14
Disfruta - Enjoy Valencia Centre,3881970,Apartamento,Valencia,1,1,NA,2019/08/20,2019/08/21,0,"9,8",14
Atico Ciutat Vella,3446230,Apartamentos,Valencia,1,1,€ 115,2019/08/20,2019/08/21,0,"8,4",14
Apartamentos Plaza Picasso,97063,Apartamentos,Valencia,1,1,€ 115,2019/08/20,2019/08/21,0,"8,4",14
Hotel Medium Valencia,96838,NA,Valencia,1,1,€ 117,2019/08/20,2019/08/21,4,"8,2",14
Atico En El Centro,2347147,Apartamento,Valencia,1,1,€ 120,2019/08/20,2019/08/21,0,"8,4",14
City Suites Apartments,3091106,NA,Valencia,1,1,€ 121,2019/08/20,2019/08/21,0,"8,4",14
Apartment in Valencia,2339175,Apartamento,Valencia,1,1,€ 125,2019/08/20,2019/08/21,0,8,14
Central Park Apartment Valencia,3881533,Apartamento,Valencia,1,1,NA,2019/08/20,2019/08/21,0,"9,6",14
NWT Central Station Apartments,3964093,Apartamento,Valencia,1,1,€ 129,2019/08/20,2019/08/21,0,"8,4",14
Hotel Conqueridor,91047,NA,Valencia,1,1,€ 135,2019/08/20,2019/08/21,4,"8,4",14
Hotel Valencia Center,91285,NA,Valencia,1,1,€ 135,2019/08/20,2019/08/21,4,"8,4",14
SH Ingles Boutique Hotel,92956,NA,Valencia,1,1,€ 152,2019/08/20,2019/08/21,4,"8,4",14
Hotel Gabbeach,403586,NA,Valencia,1,1,€ 159,2019/08/20,2019/08/21,3,"8,4",14
Holiday Inn Express Ciudad de las Ciencias,96737,NA,Valencia,1,1,€ 180,2019/08/20,2019/08/21,3,8,14
Apartamento Ciencias y Justicia,3825841,Apartamento,Valencia,1,1,NA,2019/08/20,2019/08/21,0,"9,5",14
Perla Apartments,3146781,NA,Valencia,1,1,€ 126,2019/08/20,2019/08/21,0,"8,8",14
Vincci Lys,91183,NA,Valencia,1,1,€ 126,2019/08/20,2019/08/21,4,"8,9",14
United Colors of Apartments Boutique Style,5372347,NA,Valencia,1,1,€ 120,2019/08/20,2019/08/21,0,10,14
la casita,4333253,NA,Valencia,1,1,NA,2019/08/20,2019/08/21,0,"9,7",14
Catalonia Excelsior,90578,NA,Valencia,1,1,€ 130,2019/08/20,2019/08/21,3,"8,7",14
Ad Hoc Monumental,90719,NA,Valencia,1,1,€ 132,2019/08/20,2019/08/21,3,"8,6",14
BUBUFLATS / Mercat,783206,NA,Valencia,1,1,€ 135,2019/08/20,2019/08/21,0,"8,9",14
Pio XII Apartments Valencia,402080,NA,Valencia,1,1,€ 135,2019/08/20,2019/08/21,0,"8,5",14
SH Valencia Palace,91497,NA,Valencia,1,1,€ 150,2019/08/20,2019/08/21,5,"8,5",14
Musico Peydro Apartments,3765069,Apartamentos,Valencia,1,1,€ 215,2019/08/20,2019/08/21,0,"8,2",14
La Paz Apartment,1687820,Apartamento,Valencia,1,1,€ 320,2019/08/20,2019/08/21,0,8,14
MD Sueca. Apartment with Terrace Ruzafa,2551179,Apartamento,Valencia,1,1,€ 513,2019/08/20,2019/08/21,0,"8,1",14
MD Vila Barbera Apartment Center,1957253,Apartamento,Valencia,1,1,€ 528,2019/08/20,2019/08/21,0,"8,4",14
UP Hostel Valencia,1710137,NA,Valencia,1,1,€ 31,2019/08/20,2019/08/21,0,"7,8",14
Center Valencia Youth Hostel,246931,NA,Valencia,1,1,€ 15,2019/08/20,2019/08/21,0,"7,9",14
Ca María,3776707,Apartamento,Valencia,1,1,NA,2019/08/20,2019/08/21,0,"9,7",14
Opera House Valencia B&B,3533887,NA,Valencia,1,1,€ 118,2019/08/20,2019/08/21,0,"9,5",14
VALENCIA APARTAMENTO GOYA,4256653,NA,Valencia,1,1,NA,2019/08/20,2019/08/21,0,10,14
Ramirez Flats & Bar,4124528,NA,Valencia,1,1,€ 122,2019/08/20,2019/08/21,0,"9,5",14
Living Valencia Peydro,1803435,NA,Valencia,1,1,€ 156,2019/08/20,2019/08/21,0,"8,6",14
New apartment bioparc,4316710,NA,Valencia,1,1,NA,2019/08/20,2019/08/21,0,"9,5",14
One Shot Palacio Reina Victoria 04,90885,NA,Valencia,1,1,€ 159,2019/08/20,2019/08/21,4,"8,6",14
Soho Valencia,1538641,NA,Valencia,1,1,€ 159,2019/08/20,2019/08/21,0,"8,9",14
Flatsforyou Sorolla House,403442,NA,Valencia,1,1,€ 160,2019/08/20,2019/08/21,0,"8,5",14
València Centre Torres de Quart,886289,NA,Valencia,1,1,€ 165,2019/08/20,2019/08/21,0,"8,9",14
Barracart Apartments,2125836,NA,Valencia,1,1,€ 168,2019/08/20,2019/08/21,0,"9,6",14
Apartment Plaza Cisneros,1273377,NA,Valencia,1,1,€ 220,2019/08/20,2019/08/21,0,"9,8",14
Cantagua Hostel,4074640,NA,Valencia,1,1,€ 46,2019/08/20,2019/08/21,0,"9,1",14
Hospes Palau de La Mar,93823,NA,Valencia,1,1,€ 167,2019/08/20,2019/08/21,5,"8,8",14
Plaza de la Virgen,3167342,NA,Valencia,1,1,€ 170,2019/08/20,2019/08/21,0,"8,7",14
Casa Chenano,4262208,NA,Valencia,1,1,NA,2019/08/20,2019/08/21,0,"9,5",14
The Westin Valencia,93321,NA,Valencia,1,1,€ 173,2019/08/20,2019/08/21,5,"8,7",14
Habitación Céntrica en Casa de Familia,4289877,NA,Valencia,1,1,€ 35,2019/08/20,2019/08/21,0,"7,9",14
Apart and Benef,2291245,NA,Valencia,1,1,€ 38,2019/08/20,2019/08/21,0,"7,7",14
Pensión Universal,304276,NA,Valencia,1,1,€ 42,2019/08/20,2019/08/21,0,"7,9",14
Art&Flats Bed&Breakfast,5238345,NA,Valencia,1,1,€ 50,2019/08/20,2019/08/21,0,"9,1",14
Blanq Comedias,4922002,NA,Valencia,1,1,€ 72,2019/08/20,2019/08/21,0,"9,2",14
Disfruta - Enjoy Valencia Ayuntamiento,4901194,NA,Valencia,1,1,NA,2019/08/20,2019/08/21,0,10,14
Malvarrosa Beach Apartment,1336847,NA,Valencia,1,1,€ 175,2019/08/20,2019/08/21,0,"8,9",14
Puerta de Serranos,2734333,NA,Valencia,1,1,€ 195,2019/08/20,2019/08/21,0,"8,7",14
ValentiaApartments - MercadoCentral,4185241,NA,Valencia,1,1,€ 199,2019/08/20,2019/08/21,0,"8,7",14
Habitaciones Barra89,1076252,NA,Valencia,1,1,€ 45,2019/08/20,2019/08/21,0,"7,8",14
Hostal El Cid,309465,NA,Valencia,1,1,€ 46,2019/08/20,2019/08/21,2,"7,5",14
Voyagers Inn Homestay,2682156,NA,Valencia,1,1,€ 47,2019/08/20,2019/08/21,0,"7,8",14
Host & Home,1663785,NA,Valencia,1,1,€ 73,2019/08/20,2019/08/21,0,9,14
YOU & CO. Saler Beach Boutique,4533007,NA,Valencia,1,1,€ 74,2019/08/20,2019/08/21,3,"9,4",14
Habitación doble,3599930,NA,Valencia,1,1,€ 77,2019/08/20,2019/08/21,0,9,14
Hostal Moratin,326015,NA,Valencia,1,1,€ 48,2019/08/20,2019/08/21,1,"7,9",14
HOSPEDAJE PESET,4718074,NA,Valencia,1,1,€ 50,2019/08/20,2019/08/21,0,"7,8",14
Habitación San Cayetano,4624401,NA,Valencia,1,1,€ 50,2019/08/20,2019/08/21,0,"7,8",14
Valencia City Host,1177077,NA,Valencia,1,1,€ 53,2019/08/20,2019/08/21,0,"7,8",14
Apartments Madrina,3278589,NA,Valencia,1,1,€ 95,2019/08/20,2019/08/21,0,9,14
OttoH Charm Stay,2459807,NA,Valencia,1,1,€ 99,2019/08/20,2019/08/21,0,"9,3",14
Hostal Venecia,92883,NA,Valencia,1,1,€ 102,2019/08/20,2019/08/21,2,"9,1",14
MerKat-Abastos,1231196,NA,Valencia,1,1,NA,2019/08/20,2019/08/21,0,"9,7",14
Zerka Centro,4425975,NA,Valencia,1,1,€ 208,2019/08/20,2019/08/21,0,"8,5",14
SingularStays Parque Central,3054000,NA,Valencia,1,1,€ 235,2019/08/20,2019/08/21,0,"8,8",14
Hospederia del Pilar,327766,NA,Valencia,1,1,€ 54,2019/08/20,2019/08/21,0,"7,9",14
Como en casa,4802186,NA,Valencia,1,1,€ 54,2019/08/20,2019/08/21,0,"7,9",14
Valencia Russafa,4454999,NA,Valencia,1,1,€ 55,2019/08/20,2019/08/21,0,"7,8",14
Apartamento Frederick “Centrico y con Clase”,4236394,NA,Valencia,1,1,NA,2019/08/20,2019/08/21,0,"9,7",14
Red Nest Hostel,92283,NA,Valencia,1,1,€ 44,2019/08/20,2019/08/21,0,"8,2",14
Albergue Juvenil Colegio Mayor Galileo Galilei,253103,NA,Valencia,1,1,€ 46,2019/08/20,2019/08/21,0,8,14
Hotel Valencia Alameda,4019381,NA,Valencia,1,1,€ 103,2019/08/20,2019/08/21,4,"9,3",14
Palau de Palomar,471283,NA,Valencia,1,1,€ 105,2019/08/20,2019/08/21,0,"9,1",14
Purple Nest Hostel,25278,NA,Valencia,1,1,€ 48,2019/08/20,2019/08/21,0,8,14
Hostal Abastos,257057,NA,Valencia,1,1,€ 50,2019/08/20,2019/08/21,2,"8,2",14
HABITACIÓN PRIVADA EN RUZAFA,4948581,NA,Valencia,1,1,€ 51,2019/08/20,2019/08/21,0,"8,1",14
Hostal Bisbal,235665,NA,Valencia,1,1,€ 60,2019/08/20,2019/08/21,1,"7,5",14
Valencia Lounge Hostel,337203,NA,Valencia,1,1,€ 61,2019/08/20,2019/08/21,0,"7,8",14
Hotel Beleret,94652,NA,Valencia,1,1,€ 63,2019/08/20,2019/08/21,3,"7,6",14
B&B Hotel Valencia Ciudad de las Ciencias,92242,NA,Valencia,1,1,€ 71,2019/08/20,2019/08/21,3,"7,5",14
Jero Rooms,296743,NA,Valencia,1,1,€ 73,2019/08/20,2019/08/21,0,"7,7",14
Citizentral Juristas,1113127,NA,Valencia,1,1,€ 109,2019/08/20,2019/08/21,0,"9,2",14
Sorolla Centro,90896,NA,Valencia,1,1,€ 110,2019/08/20,2019/08/21,3,"9,1",14
Preciosa Casa,2866116,NA,Valencia,1,1,€ 110,2019/08/20,2019/08/21,0,"9,3",14
Residencia Universitaria Damia Bonet,247451,NA,Valencia,1,1,€ 59,2019/08/20,2019/08/21,0,"8,4",14
Constitución,4229663,NA,Valencia,1,1,NA,2019/08/20,2019/08/21,0,"9,6",14
Pension MonaLisa Luxury Suites,3834224,NA,Valencia,1,1,€ 60,2019/08/20,2019/08/21,0,"8,2",14
B&B Hi Valencia Canovas,305349,NA,Valencia,1,1,€ 61,2019/08/20,2019/08/21,0,"8,4",14
Light and bright apartment in central Valencia,3767109,NA,Valencia,1,1,€ 110,2019/08/20,2019/08/21,0,9,14
Preciosa Casita Cerca Del Mar,4057271,NA,Valencia,1,1,NA,2019/08/20,2019/08/21,0,"9,7",14
Valenciaflats Centro Ciudad,18544,NA,Valencia,1,1,€ 110,2019/08/20,2019/08/21,0,"9,1",14
L'Otelet By Sweet,1467935,NA,Valencia,1,1,€ 64,2019/08/20,2019/08/21,0,"8,3",14
Tryp Valencia Feria,92852,NA,Valencia,1,1,€ 68,2019/08/20,2019/08/21,4,"8,3",14
Urban Youth Hostel,1163025,NA,Valencia,1,1,€ 68,2019/08/20,2019/08/21,0,"8,4",14
Dormavalencia Hostel Regne,291755,NA,Valencia,1,1,€ 70,2019/08/20,2019/08/21,1,8,14
Cómoda habitación Valencia,4200488,NA,Valencia,1,1,NA,2019/08/20,2019/08/21,0,"9,5",14
Hotel Villacarlos,90730,NA,Valencia,1,1,€ 72,2019/08/20,2019/08/21,3,8,14
Alquiler Habitacion Centro De Valencia,3977106,NA,Valencia,1,1,€ 72,2019/08/20,2019/08/21,0,8,14
MD Design Hotel - Portal del Real,2391685,NA,Valencia,1,1,€ 120,2019/08/20,2019/08/21,2,"9,1",14
Apartamentos Wallace,1698355,NA,Valencia,1,1,€ 120,2019/08/20,2019/08/21,0,"9,2",14
Apartment on Carrer del Dr. Lluch,2008997,NA,Valencia,1,1,€ 122,2019/08/20,2019/08/21,0,"9,1",14
Mon Suites Catedral,485679,NA,Valencia,1,1,€ 125,2019/08/20,2019/08/21,0,"9,2",14
Apartamentos La más Bonita,2816245,NA,Valencia,1,1,€ 126,2019/08/20,2019/08/21,0,"9,1",14
Casa La Buhardilla,2985364,NA,Valencia,1,1,NA,2019/08/20,2019/08/21,0,"9,6",14
Live in Chianti,2227491,NA,Valencia,1,1,€ 129,2019/08/20,2019/08/21,0,"9,1",14
Apartamento Ruzafa Centro II,3718518,NA,Valencia,1,1,€ 133,2019/08/20,2019/08/21,0,"9,1",14
MYR Hotel Plaza Mercado & Spa,1619029,NA,Valencia,1,1,€ 134,2019/08/20,2019/08/21,0,"9,2",14
NH Collection Colón Valencia,3828811,NA,Valencia,1,1,€ 136,2019/08/20,2019/08/21,4,"9,2",14
Apartamento Ruzafa Centro I,2006333,NA,Valencia,1,1,€ 137,2019/08/20,2019/08/21,0,"9,2",14
BUBUSUITES by Bubuflats,2389776,NA,Valencia,1,1,€ 140,2019/08/20,2019/08/21,0,"9,3",14
ApartUP Patacona Deluxe,2565246,NA,Valencia,1,1,NA,2019/08/20,2019/08/21,0,"9,6",14
Live in Chianti Apartaments,2882632,NA,Valencia,1,1,€ 143,2019/08/20,2019/08/21,0,"9,1",14
Hi Valencia Cánovas,4312120,NA,Valencia,1,1,€ 145,2019/08/20,2019/08/21,0,9,14
Valenciaflats Ciudad de las Ciencias,93676,NA,Valencia,1,1,€ 147,2019/08/20,2019/08/21,0,"9,1",14
Mon Suites San Martin,2777545,NA,Valencia,1,1,€ 151,2019/08/20,2019/08/21,0,"9,4",14
Balcón Al Mar,295109,NA,Valencia,1,1,€ 76,2019/08/20,2019/08/21,0,"8,4",14
Hotel Olympia Universidades,1301731,NA,Valencia,1,1,€ 79,2019/08/20,2019/08/21,3,"8,4",14
Rio Turia Skatehouse,4624602,NA,Valencia,1,1,€ 81,2019/08/20,2019/08/21,0,"8,1",14
Hotel Sercotel Acteón Valencia,90495,NA,Valencia,1,1,€ 83,2019/08/20,2019/08/21,4,"8,4",14
Ilunion Aqua 3,92776,NA,Valencia,1,1,€ 83,2019/08/20,2019/08/21,3,"8,3",14
Sweet Hotel Renasa,274818,NA,Valencia,1,1,€ 84,2019/08/20,2019/08/21,3,8,14
Hogar Vera Apartments&Bikes,1807919,NA,Valencia,1,1,€ 156,2019/08/20,2019/08/21,0,"9,4",14
MARQUÉS HOUSE 4* SUP,2118880,NA,Valencia,1,1,€ 164,2019/08/20,2019/08/21,4,"9,4",14
WeRentVLC Charming Ruzafa,2839319,NA,Valencia,1,1,€ 164,2019/08/20,2019/08/21,0,"9,2",14
Ilunion Valencia 4,754329,NA,Valencia,1,1,€ 84,2019/08/20,2019/08/21,4,8,14
NH Ciudad de Valencia,90729,NA,Valencia,1,1,€ 85,2019/08/20,2019/08/21,3,"8,2",14
HQ Rooms Apartments San Vicente,2894429,NA,Valencia,1,1,€ 165,2019/08/20,2019/08/21,0,"9,3",14
Precioso Apartamento En Pleno Centro Con Wifi,3023494,NA,Valencia,1,1,€ 165,2019/08/20,2019/08/21,0,9,14
APARTAMENTO CENTRICO. WI-FI. PARKING,2967593,NA,Valencia,1,1,€ 170,2019/08/20,2019/08/21,0,"9,2",14
Valencia Luxury Mercado de Colón,2960845,NA,Valencia,1,1,€ 170,2019/08/20,2019/08/21,0,9,14
Hotel Boutique Balandret,1281710,NA,Valencia,1,1,€ 171,2019/08/20,2019/08/21,3,"9,2",14
NH Valencia Center,90727,NA,Valencia,1,1,€ 87,2019/08/20,2019/08/21,4,"8,3",14
NH Valencia Las Ciencias,90725,NA,Valencia,1,1,€ 88,2019/08/20,2019/08/21,3,8,14
Reina 12,1684198,NA,Valencia,1,1,€ 90,2019/08/20,2019/08/21,0,"8,3",14
NH Valencia Las Artes,90731,NA,Valencia,1,1,€ 90,2019/08/20,2019/08/21,4,"8,4",14
Aparthotel Valencia Rental,17344,NA,Valencia,1,1,€ 90,2019/08/20,2019/08/21,0,8,14
Eurostars Gran Valencia,90484,NA,Valencia,1,1,€ 94,2019/08/20,2019/08/21,4,"8,3",14
Mon Suites San Nicolas,4117225,NA,Valencia,1,1,€ 175,2019/08/20,2019/08/21,0,"9,1",14
Vincci Mercat,1279484,NA,Valencia,1,1,€ 180,2019/08/20,2019/08/21,4,9,14
ARENAS 2 APARTAMENT,2808815,NA,Valencia,1,1,€ 200,2019/08/20,2019/08/21,0,"9,1",14
Caro Hotel,348132,NA,Valencia,1,1,€ 219,2019/08/20,2019/08/21,5,"9,2",14
Cozy apartment in Valencia center,3402135,NA,Valencia,1,1,€ 253,2019/08/20,2019/08/21,0,"9,2",14
Las Arenas Balneario Resort,91144,NA,Valencia,1,1,€ 288,2019/08/20,2019/08/21,5,9,14
Hotel Alkazar,408511,NA,Valencia,1,1,€ 95,2019/08/20,2019/08/21,1,8,14
Silken Puerta Valencia,91182,NA,Valencia,1,1,€ 98,2019/08/20,2019/08/21,4,"8,3",14
Cosy Rooms Tapinería,371192,NA,Valencia,1,1,€ 74,2019/08/20,2019/08/21,2,"7,5",14
Hotel Turia,14441,NA,Valencia,1,1,€ 75,2019/08/20,2019/08/21,4,"7,5",14
Luxury Beach House,3602594,Casa o chalet,Valencia,1,1,NA,2019/08/20,2019/08/21,0,"9,7",14
Ilunion Valencia 3,92818,NA,Valencia,1,1,€ 76,2019/08/20,2019/08/21,3,"7,9",14
Centro & Viaje,4215175,NA,Valencia,1,1,€ 78,2019/08/20,2019/08/21,0,"7,5",14
OYO Pensión El Rincón,476031,NA,Valencia,1,1,€ 79,2019/08/20,2019/08/21,1,"7,8",14
Hostal Penalty,189209,NA,Valencia,1,1,€ 85,2019/08/20,2019/08/21,1,"7,9",14
Expo Hotel Valencia,91223,NA,Valencia,1,1,€ 89,2019/08/20,2019/08/21,3,"7,6",14
Checkin Valencia,93743,NA,Valencia,1,1,€ 98,2019/08/20,2019/08/21,4,"7,8",14
Apartamento en la Ciudad de las Artes y las Ciencias,3552283,Apartamento,Valencia,1,1,NA,2019/08/20,2019/08/21,0,"9,5",14
United Colors of Studios - Mercado Central,2574108,Apartamentos,Valencia,1,1,€ 99,2019/08/20,2019/08/21,0,"7,9",14
Apartamentos el Pilar,237104,Apartamentos,Valencia,1,1,€ 105,2019/08/20,2019/08/21,0,"7,9",14
City Center Apartments,4426057,Apartamentos,Valencia,1,1,€ 108,2019/08/20,2019/08/21,0,"7,8",14
Suites by Eric Olsan (Peset),4726296,Apartamentos,Valencia,1,1,€ 111,2019/08/20,2019/08/21,0,"7,9",14
SEA YOU HOTEL PORT VALENCIA,92328,NA,Valencia,1,1,€ 113,2019/08/20,2019/08/21,4,"7,6",14
Torres Quart,3702234,Apartamentos,Valencia,1,1,€ 123,2019/08/20,2019/08/21,0,"7,8",14
Apartamento luminoso y acogedor,3489126,Apartamento,Valencia,1,1,NA,2019/08/20,2019/08/21,0,"9,6",14
El 16 Ruzafa,865461,Apartamentos,Valencia,1,1,€ 124,2019/08/20,2019/08/21,0,"7,7",14
Apartamento Alguer,4005334,Apartamento,Valencia,1,1,€ 135,2019/08/20,2019/08/21,0,"7,6",14
Valencia Luxury Attics Ayuntamiento,337092,Apartamentos,Valencia,1,1,€ 160,2019/08/20,2019/08/21,0,"7,5",14
El Globo,24498,NA,Valencia,1,1,€ 160,2019/08/20,2019/08/21,1,"7,8",14
ART & FLATS Pleno Centro Valencia,1554388,Apartamentos,Valencia,1,1,€ 174,2019/08/20,2019/08/21,0,"7,9",14
Valencia Luxury Central Market,1078335,Apartamentos,Valencia,1,1,€ 180,2019/08/20,2019/08/21,0,"7,5",14
Cool Central Market,3424724,Apartamento,Valencia,1,1,NA,2019/08/20,2019/08/21,0,"9,9",14
La Casa Del Colibri Youth Hostel,2094497,NA,Valencia,1,1,€ 248,2019/08/20,2019/08/21,0,"7,9",14
MD Art Apartment Ruzafa,2550955,Apartamento,Valencia,1,1,€ 305,2019/08/20,2019/08/21,0,"7,7",14
MD Oliag I Apartment Ruzafa,2867488,Apartamento,Valencia,1,1,€ 513,2019/08/20,2019/08/21,0,"7,7",14
Zen House,3671621,NA,Valencia,1,1,€ 32,2019/08/20,2019/08/21,0,"7,2",14
feliz como en casa,3676196,NA,Valencia,1,1,€ 36,2019/08/20,2019/08/21,0,"7,2",14
La Flamenca,818359,NA,Valencia,1,1,€ 45,2019/08/20,2019/08/21,0,"7,3",14
Piso en barrio del Carmen cerca de Plaza Virgen,3421713,Apartamento,Valencia,1,1,NA,2019/08/20,2019/08/21,0,"9,8",14
Centro Valencia Calle Cerrajeros,3476261,NA,Valencia,1,1,€ 50,2019/08/20,2019/08/21,0,7,14
PISO ACOGEDOR,4995780,NA,Valencia,1,1,€ 50,2019/08/20,2019/08/21,0,"7,2",14
Ruzafa Rooms,2891693,NA,Valencia,1,1,€ 51,2019/08/20,2019/08/21,0,7,14
Sampedor Apartment,435662,Apartamentos,Valencia,1,1,€ 64,2019/08/20,2019/08/21,0,7,14
Homestay & OLEE,4132920,NA,Valencia,1,1,€ 75,2019/08/20,2019/08/21,0,"7,4",14
Central Station Valencia Hostel,1647017,NA,Valencia,1,1,€ 79,2019/08/20,2019/08/21,0,"7,1",14
Nowy apartament 3min od plaż- 3 sypialnie- balkon,3418661,Apartamentos,Valencia,1,1,NA,2019/08/20,2019/08/21,0,"9,5",14
HOSTAL BED OF THE SEA,3974636,NA,Valencia,1,1,€ 82,2019/08/20,2019/08/21,0,7,14
Casual de la Música Valencia,273130,NA,Valencia,1,1,€ 87,2019/08/20,2019/08/21,2,"7,4",14
Cosy Rooms Bolsería,371606,NA,Valencia,1,1,€ 89,2019/08/20,2019/08/21,2,"7,4",14
Cosy Rooms Embajador,369728,NA,Valencia,1,1,€ 89,2019/08/20,2019/08/21,2,"7,4",14
SHF Sevilla Loft,850157,Apartamentos,Valencia,1,1,€ 100,2019/08/20,2019/08/21,0,"7,4",14
Suites by Eric Olsan (L),4287413,Apartamentos,Valencia,1,1,€ 111,2019/08/20,2019/08/21,0,"7,3",14
Bonito apartamento en Valencia!,3646923,Apartamentos,Valencia,1,1,€ 114,2019/08/20,2019/08/21,0,"7,4",14
B&B El Mercat,2203530,NA,Valencia,1,1,€ 120,2019/08/20,2019/08/21,0,"7,3",14
Valencia Apartments,4367788,Apartamentos,Valencia,1,1,€ 123,2019/08/20,2019/08/21,0,"7,2",14
NWT Monserrat,3728842,Apartamentos,Valencia,1,1,€ 129,2019/08/20,2019/08/21,0,"7,1",14
La Casa dei Fiori,2849727,Apartamento,Valencia,1,1,€ 147,2019/08/20,2019/08/21,0,"7,2",14
Valencia Boutique Ayuntamiento,343355,Apartamentos,Valencia,1,1,€ 160,2019/08/20,2019/08/21,0,"7,2",14
Valencia Luxury Catedral,440778,Apartamentos,Valencia,1,1,€ 175,2019/08/20,2019/08/21,0,"7,2",14
Best Valencia Beach Flat,3246772,Apartamento,Valencia,1,1,€ 179,2019/08/20,2019/08/21,0,"7,1",14
Las casitas de la playa,3177809,Apartamentos,Valencia,1,1,€ 188,2019/08/20,2019/08/21,0,"7,2",14
Valencia Luxury Town Hall,866934,Apartamentos,Valencia,1,1,€ 190,2019/08/20,2019/08/21,0,7,14
Valencia Luxury Group Apartments,1648016,Apartamentos,Valencia,1,1,€ 190,2019/08/20,2019/08/21,0,"7,3",14
Valencia Luxury La Paz,1107542,Apartamentos,Valencia,1,1,€ 220,2019/08/20,2019/08/21,0,"7,2",14
