name,propertyId,propertyType,city,rooms,days,price,checkIn,checkOut,stars,score,advance
Miresa flats,5300418,Apartamento,Valencia,1,1,€ 170,2019/09/14,2019/09/15,0,"6,7",30
MD Villalonga Malvarosa Beach,3739661,Apartamento,Valencia,1,1,€ 350,2019/09/14,2019/09/15,0,"6,8",30
Apartamento luminoso y acogedor,3489126,Apartamento,Valencia,1,1,NA,2019/09/14,2019/09/15,0,"9,6",30
Malvarrosa Beach,3546692,Casas y chalets,Valencia,1,1,€ 768,2019/09/14,2019/09/15,0,"6,8",30
Habitación con cama doble,4794909,NA,Valencia,1,1,€ 41,2019/09/14,2019/09/15,0,"6,3",30
Fun and Sun Center 2,2944416,NA,Valencia,1,1,€ 45,2019/09/14,2019/09/15,0,"6,2",30
Kirei Apartment San Agustin,1712323,Apartamentos,Valencia,1,1,€ 214,2019/09/14,2019/09/15,0,"6,3",30
Kirei Apartment Portland,4276529,Apartamentos,Valencia,1,1,€ 280,2019/09/14,2019/09/15,0,"6,1",30
Guest House Higinio Noja,2845935,NA,Valencia,1,1,€ 30,2019/09/14,2019/09/15,0,"5,9",30
Apartamento centro frente a Torres de Serrano,3408067,Apartamento,Valencia,1,1,NA,2019/09/14,2019/09/15,0,"9,5",30
Carrer del Bisbe Jaume Pérez,4900140,NA,Valencia,1,1,€ 60,2019/09/14,2019/09/15,0,"5,7",30
Home Sweet Home,1223953,NA,Valencia,1,1,€ 60,2019/09/14,2019/09/15,0,"5,5",30
Oliver,4865093,NA,Valencia,1,1,€ 73,2019/09/14,2019/09/15,0,"5,8",30
RoomTuristValencia - Ruzafa,4608394,NA,Valencia,1,1,€ 125,2019/09/14,2019/09/15,0,"5,8",30
Kirei Apartment Berlin,4504570,Apartamentos,Valencia,1,1,€ 137,2019/09/14,2019/09/15,0,"5,5",30
RoomTuristValencia Estacion del Norte,4682632,NA,Valencia,1,1,€ 140,2019/09/14,2019/09/15,0,"5,3",30
Charming Ninetta,3220582,Apartamento,Valencia,1,1,NA,2019/09/14,2019/09/15,0,"9,5",30
RoomTuristValencia Torres de Quart,4565643,NA,Valencia,1,1,€ 120,2019/09/14,2019/09/15,0,"4,8",30
RoomTuristValencia RuzafaSumsi,4682802,NA,Valencia,1,1,€ 140,2019/09/14,2019/09/15,0,"4,8",30
Port of Valencia,3805735,Apartamento,Valencia,1,1,€ 150,2019/09/14,2019/09/15,0,"4,8",30
Malvarosa,3820590,Apartamento,Valencia,1,1,€ 290,2019/09/14,2019/09/15,0,"3,8",30
Habitación en valencia centro,5418023,NA,Valencia,1,1,€ 35,2019/09/14,2019/09/15,0,,30
Habitación muy cerca de la playa.,5395908,NA,Valencia,1,1,€ 40,2019/09/14,2019/09/15,0,,30
Casa Botànic - Céntrico y con comodidades,4218273,Apartamento,Valencia,1,1,NA,2019/09/14,2019/09/15,0,"9,8",30
vosotros sereis parte de mi familia.,5299568,NA,Valencia,1,1,€ 60,2019/09/14,2019/09/15,0,,30
Patraix,5366858,NA,Valencia,1,1,€ 65,2019/09/14,2019/09/15,0,,30
Hogar Dulce Hogar,5426607,NA,Valencia,1,1,€ 70,2019/09/14,2019/09/15,0,,30
Habitación en Valencia,5477394,NA,Valencia,1,1,€ 80,2019/09/14,2019/09/15,0,,30
Pearl of Turia,5359645,Apartamento,Valencia,1,1,€ 87,2019/09/14,2019/09/15,0,,30
Magnífico Adosado- cerca de Valencia ciudad- en zona de montaña y playa fluvial,5354233,Casa o chalet,Valencia,1,1,€ 89,2019/09/14,2019/09/15,0,,30
CÓMODAS HABITACIONES CERCA DE LA PLAYA,5041799,NA,Valencia,1,1,NA,2019/09/14,2019/09/15,0,"9,5",30
Comfort Homestay,5423155,NA,Valencia,1,1,€ 90,2019/09/14,2019/09/15,0,,30
My Reception - Edificio San Vicente,5123921,Apartamentos,Valencia,1,1,€ 109,2019/09/14,2019/09/15,0,,30
Nest Style Valencia -Proxima apertura-,5219046,NA,Valencia,1,1,€ 118,2019/09/14,2019/09/15,3,,30
CASA MARQUES DE CARO,4472176,Apartamento,Valencia,1,1,€ 139,2019/09/14,2019/09/15,0,,30
Kirei Apartment Dublin,4639542,Apartamento,Valencia,1,1,€ 150,2019/09/14,2019/09/15,0,,30
DREAM APARTMENT NEAR THE BEACH,5162600,Apartamento,Valencia,1,1,€ 170,2019/09/14,2019/09/15,0,,30
RUZAFA- CENTRO-A/C- WI-FI- PARKING,2885994,Apartamento,Valencia,1,1,NA,2019/09/14,2019/09/15,0,"9,7",30
CATHEDRAL LUXURY TERRACE FLAT 2BR-2BA- A\C-Wifi,5263870,Apartamento,Valencia,1,1,€ 175,2019/09/14,2019/09/15,0,,30
CENTER-2BR- 2BA-ATTIC-TERRACE-VIEW- WI-FI- A/C,5264557,Apartamento,Valencia,1,1,€ 188,2019/09/14,2019/09/15,0,,30
Apartamento con terraza,5238122,Apartahotel,Valencia,1,1,€ 240,2019/09/14,2019/09/15,0,,30
Aloha Apartment Center Valencia,3101443,Apartamento,Valencia,1,1,€ 350,2019/09/14,2019/09/15,0,,30
Governor Residence,3799760,Apartahotel,Valencia,1,1,€ 600,2019/09/14,2019/09/15,0,,30
Gulet Why Not,5199364,NA,Valencia,1,1,€ 3.600,2019/09/14,2019/09/15,0,,30
Apartamentos Turia,355328,Apartamentos,Valencia,1,1,€ 297,2019/09/14,2019/09/15,0,"8,6",30
Hospes Palau de La Mar,93823,NA,Valencia,1,1,€ 412,2019/09/14,2019/09/15,5,"8,8",30
Apartments Downtown Valencia,2250421,Apartamentos,Valencia,1,1,NA,2019/09/14,2019/09/15,0,"9,6",30
Habitacion en Valencia Barata,4861796,NA,Valencia,1,1,€ 45,2019/09/14,2019/09/15,0,"8,2",30
Purple Nest Hostel,25278,NA,Valencia,1,1,€ 51,2019/09/14,2019/09/15,0,"8,1",30
Como en casa,4802186,NA,Valencia,1,1,€ 54,2019/09/14,2019/09/15,0,8,30
Pension MonaLisa Luxury Suites,3834224,NA,Valencia,1,1,€ 60,2019/09/14,2019/09/15,0,"8,3",30
B&B Hi Valencia Canovas,305349,NA,Valencia,1,1,€ 62,2019/09/14,2019/09/15,0,"8,4",30
L'Otelet By Sweet,1467935,NA,Valencia,1,1,€ 64,2019/09/14,2019/09/15,0,"8,3",30
La seda stay,3335523,Apartamento,Valencia,1,1,NA,2019/09/14,2019/09/15,0,"9,7",30
Tryp Valencia Feria,92852,NA,Valencia,1,1,€ 68,2019/09/14,2019/09/15,4,"8,3",30
Hotel Alkazar,408511,NA,Valencia,1,1,€ 69,2019/09/14,2019/09/15,1,8,30
Red Nest Hostel,92283,NA,Valencia,1,1,€ 70,2019/09/14,2019/09/15,0,"8,2",30
Urban Youth Hostel,1163025,NA,Valencia,1,1,€ 72,2019/09/14,2019/09/15,0,"8,4",30
Rio Turia Skatehouse,4624602,Apartamento,Valencia,1,1,€ 80,2019/09/14,2019/09/15,0,8,30
Ilunion Valencia 4,754329,NA,Valencia,1,1,€ 91,2019/09/14,2019/09/15,4,8,30
Cool Loft Malvarrosa Beach,4309218,Apartamento,Valencia,1,1,NA,2019/09/14,2019/09/15,0,"9,6",30
Hotel Olympia Universidades,1301731,NA,Valencia,1,1,€ 98,2019/09/14,2019/09/15,3,"8,4",30
NH Valencia Las Artes,90731,NA,Valencia,1,1,€ 100,2019/09/14,2019/09/15,4,"8,4",30
Homestay Valencia,2597106,NA,Valencia,1,1,€ 100,2019/09/14,2019/09/15,0,"8,1",30
Ilunion Aqua 3,92776,NA,Valencia,1,1,€ 101,2019/09/14,2019/09/15,3,"8,3",30
NH Valencia Las Ciencias,90725,NA,Valencia,1,1,€ 105,2019/09/14,2019/09/15,3,8,30
NH Valencia Center,90727,NA,Valencia,1,1,€ 107,2019/09/14,2019/09/15,4,"8,3",30
Apartamento,3139431,Apartamento,Valencia,1,1,NA,2019/09/14,2019/09/15,0,"9,5",30
Eurostars Gran Valencia,90484,NA,Valencia,1,1,€ 107,2019/09/14,2019/09/15,4,"8,3",30
APARTAMENTO LAS MELLIZAS,4651578,NA,Valencia,1,1,€ 54,2019/09/14,2019/09/15,0,"8,4",30
Sweet Hotel Renasa,274818,NA,Valencia,1,1,€ 109,2019/09/14,2019/09/15,3,8,30
Plaza Del Carmen,1737254,Apartamento,Valencia,1,1,€ 110,2019/09/14,2019/09/15,0,8,30
Casual de las Artes Valencia,538056,NA,Valencia,1,1,€ 111,2019/09/14,2019/09/15,3,"8,4",30
Cozy fisherman's house,2241663,Casa o chalet,Valencia,1,1,€ 115,2019/09/14,2019/09/15,0,"8,1",30
Lounge by the sea,4756780,Apartamento,Valencia,1,1,NA,2019/09/14,2019/09/15,0,"9,8",30
Plaza Redonda Apartments,1665625,Apartamentos,Valencia,1,1,€ 120,2019/09/14,2019/09/15,0,"8,1",30
Preciosos Apartamentos en el Carmen,2918345,Apartamentos,Valencia,1,1,€ 122,2019/09/14,2019/09/15,0,"8,1",30
Senator Parque Central Hotel,274963,NA,Valencia,1,1,€ 123,2019/09/14,2019/09/15,4,"8,1",30
Atico Ciutat Vella,3446230,Apartamentos,Valencia,1,1,€ 125,2019/09/14,2019/09/15,0,"8,4",30
Hotel Medium Valencia,96838,NA,Valencia,1,1,€ 126,2019/09/14,2019/09/15,4,"8,2",30
United Colors of Apartments - Catedral,1301545,Apartamentos,Valencia,1,1,€ 131,2019/09/14,2019/09/15,0,"8,2",30
Luxury Beach House,3602594,Casa o chalet,Valencia,1,1,NA,2019/09/14,2019/09/15,0,"9,7",30
Sweet Hotel Continental,93856,NA,Valencia,1,1,€ 139,2019/09/14,2019/09/15,2,"8,3",30
Holiday Inn Express Ciudad de las Ciencias,96737,NA,Valencia,1,1,€ 140,2019/09/14,2019/09/15,3,8,30
Hotel Valencia Center,91285,NA,Valencia,1,1,€ 145,2019/09/14,2019/09/15,4,"8,4",30
Silken Puerta Valencia,91182,NA,Valencia,1,1,€ 145,2019/09/14,2019/09/15,4,"8,3",30
MD Modern Hotel - Jardines,305447,NA,Valencia,1,1,€ 147,2019/09/14,2019/09/15,1,"8,2",30
Primus Valencia,331871,NA,Valencia,1,1,€ 151,2019/09/14,2019/09/15,4,"8,2",30
Valenciaflats Torres de Serrano,17468,Apartamentos,Valencia,1,1,€ 152,2019/09/14,2019/09/15,0,"8,3",30
SH Ingles Boutique Hotel,92956,NA,Valencia,1,1,€ 158,2019/09/14,2019/09/15,4,"8,4",30
Valencia City Host,1177077,NA,Valencia,1,1,€ 49,2019/09/14,2019/09/15,0,"7,8",30
Voyagers Inn Homestay,2682156,NA,Valencia,1,1,€ 50,2019/09/14,2019/09/15,0,"7,8",30
Ayuntamiento Panoramic,3089239,Apartamento,Valencia,1,1,NA,2019/09/14,2019/09/15,0,"9,5",30
Hotel Beleret,94652,NA,Valencia,1,1,€ 50,2019/09/14,2019/09/15,3,"7,6",30
Habitación San Cayetano,4624401,NA,Valencia,1,1,€ 50,2019/09/14,2019/09/15,0,"7,6",30
Habitación cerca del centro,2789581,NA,Valencia,1,1,€ 52,2019/09/14,2019/09/15,0,"7,6",30
Pensión Universal,304276,NA,Valencia,1,1,€ 54,2019/09/14,2019/09/15,0,"7,9",30
Hostal Moratin,326015,NA,Valencia,1,1,€ 58,2019/09/14,2019/09/15,1,"7,9",30
Habitacion por dias Centro Valencia,3977106,NA,Valencia,1,1,€ 64,2019/09/14,2019/09/15,0,"7,9",30
Preciosa Casita Cerca Del Mar,4057271,Apartamento,Valencia,1,1,NA,2019/09/14,2019/09/15,0,"9,7",30
Centro & Viaje,4215175,NA,Valencia,1,1,€ 68,2019/09/14,2019/09/15,0,"7,6",30
Ilunion Valencia 3,92818,NA,Valencia,1,1,€ 71,2019/09/14,2019/09/15,3,"7,9",30
Alex Apartment,1756374,Apartamento,Valencia,1,1,€ 74,2019/09/14,2019/09/15,0,"7,9",30
Hostal Penalty,189209,NA,Valencia,1,1,€ 75,2019/09/14,2019/09/15,1,"7,9",30
B&B Hotel Valencia Ciudad de las Ciencias,92242,NA,Valencia,1,1,€ 80,2019/09/14,2019/09/15,3,"7,5",30
Hotel Conqueridor,91047,NA,Valencia,1,1,€ 162,2019/09/14,2019/09/15,4,"8,4",30
NWT Central Station Apartments,3964093,Apartamento,Valencia,1,1,€ 199,2019/09/14,2019/09/15,0,"8,3",30
Zerka Centro,4425975,Apartamentos,Valencia,1,1,€ 199,2019/09/14,2019/09/15,0,"8,4",30
Musico Peydro Apartments,3765069,Apartamentos,Valencia,1,1,€ 236,2019/09/14,2019/09/15,0,"8,1",30
OYO Pensión El Rincón,476031,NA,Valencia,1,1,€ 85,2019/09/14,2019/09/15,1,"7,7",30
Apartment Cabanyal,3172456,Apartamento,Valencia,1,1,NA,2019/09/14,2019/09/15,0,"9,8",30
Hotel Turia,14441,NA,Valencia,1,1,€ 85,2019/09/14,2019/09/15,4,"7,5",30
MyHomestay,2921259,NA,Valencia,1,1,€ 85,2019/09/14,2019/09/15,0,"7,6",30
Cosy Rooms Tapinería,371192,NA,Valencia,1,1,€ 89,2019/09/14,2019/09/15,2,"7,5",30
Expo Hotel Valencia,91223,NA,Valencia,1,1,€ 94,2019/09/14,2019/09/15,3,"7,6",30
Valencia Lounge Hostel,337203,NA,Valencia,1,1,€ 94,2019/09/14,2019/09/15,0,"7,8",30
Plaza Sainetero 5,3148458,Apartamento,Valencia,1,1,€ 102,2019/09/14,2019/09/15,0,"7,8",30
City Valencia Beach 360,4504803,Apartamento,Valencia,1,1,NA,2019/09/14,2019/09/15,0,"9,5",30
Apartamento Alguer,4005334,Apartamento,Valencia,1,1,€ 125,2019/09/14,2019/09/15,0,"7,6",30
Kirei Apartment Vienna,4639797,Apartamento,Valencia,1,1,€ 126,2019/09/14,2019/09/15,0,"7,9",30
Apartment Florista,2150187,Apartamento,Valencia,1,1,€ 155,2019/09/14,2019/09/15,0,"7,9",30
Eurostars Rey Don Jaime,91520,NA,Valencia,1,1,€ 278,2019/09/14,2019/09/15,4,"8,2",30
Casa Quintero Valencia Playa Cabañal,3715186,Casa o chalet,Valencia,1,1,€ 280,2019/09/14,2019/09/15,0,"8,4",30
MD Benlliure Beach.,1957258,Apartamento,Valencia,1,1,€ 392,2019/09/14,2019/09/15,0,8,30
Apart and Benef,2291245,NA,Valencia,1,1,€ 34,2019/09/14,2019/09/15,0,"7,8",30
El 16 Ruzafa,865461,Apartamentos,Valencia,1,1,€ 159,2019/09/14,2019/09/15,0,"7,7",30
Apartamento cerca de la playa y Ciudad de las Ciencias,4576062,Apartamento,Valencia,1,1,€ 169,2019/09/14,2019/09/15,0,"7,8",30
Like Apartments Negrito,403555,Apartamentos,Valencia,1,1,€ 193,2019/09/14,2019/09/15,0,"7,9",30
Habitación Céntrica en Casa de Familia,4289877,NA,Valencia,1,1,€ 35,2019/09/14,2019/09/15,0,"7,8",30
UP Hostel Valencia,1710137,NA,Valencia,1,1,€ 40,2019/09/14,2019/09/15,0,"7,8",30
Apartamento Forn dels Apòstols,3122008,Apartamento,Valencia,1,1,NA,2019/09/14,2019/09/15,0,"9,6",30
Valencia Luxury Attics Ayuntamiento,337092,Apartamentos,Valencia,1,1,€ 220,2019/09/14,2019/09/15,0,"7,5",30
Casual de la Música Valencia,273130,NA,Valencia,1,1,€ 247,2019/09/14,2019/09/15,2,"7,5",30
MD Art Apartment Ruzafa,2550955,Apartamento,Valencia,1,1,€ 387,2019/09/14,2019/09/15,0,"7,7",30
MD Pelayo with terrace,1979067,Apartamento,Valencia,1,1,€ 387,2019/09/14,2019/09/15,0,"7,8",30
Homestay Carrer Sagun,5006434,NA,Valencia,1,1,€ 60,2019/09/14,2019/09/15,0,"8,7",30
Namaste Rooms,3799642,NA,Valencia,1,1,€ 65,2019/09/14,2019/09/15,0,"8,6",30
Barracart Apartments,2125836,NA,Valencia,1,1,NA,2019/09/14,2019/09/15,0,"9,6",30
Sabía que venias!,3543756,NA,Valencia,1,1,€ 70,2019/09/14,2019/09/15,0,"8,6",30
Angel Guimera Rooms & Breakfast,2524241,NA,Valencia,1,1,€ 80,2019/09/14,2019/09/15,0,"8,8",30
Home Youth Hostel by Feetup Hostels,189322,NA,Valencia,1,1,€ 81,2019/09/14,2019/09/15,0,"8,8",30
MD Oliag I Apartment Ruzafa,2867488,Apartamento,Valencia,1,1,€ 513,2019/09/14,2019/09/15,0,"7,7",30
Hostal Waksman,281139,NA,Valencia,1,1,€ 38,2019/09/14,2019/09/15,1,"7,3",30
JL Ciudad de las Artes,3074378,Apartamento,Valencia,1,1,NA,2019/09/14,2019/09/15,0,"9,6",30
Guest House Lebon,3124256,NA,Valencia,1,1,€ 40,2019/09/14,2019/09/15,0,7,30
HOSPEDAJE PESET,4718074,NA,Valencia,1,1,€ 40,2019/09/14,2019/09/15,0,"7,3",30
Habitación doble,3599930,NA,Valencia,1,1,€ 90,2019/09/14,2019/09/15,0,"8,9",30
Melia Valencia,290493,NA,Valencia,1,1,€ 93,2019/09/14,2019/09/15,4,"8,8",30
Hostal Residencial RR,450746,NA,Valencia,1,1,€ 40,2019/09/14,2019/09/15,0,7,30
feliz como en casa,3676196,NA,Valencia,1,1,€ 40,2019/09/14,2019/09/15,0,"7,2",30
Sercotel Sorolla Palace,93646,NA,Valencia,1,1,€ 94,2019/09/14,2019/09/15,4,"8,6",30
Apartamento en la Ciudad de las Artes y las Ciencias,3552283,NA,Valencia,1,1,NA,2019/09/14,2019/09/15,0,"9,5",30
Casual del Cine Valencia,572187,NA,Valencia,1,1,€ 94,2019/09/14,2019/09/15,2,"8,6",30
Guest House Samuel Ros,4161855,NA,Valencia,1,1,€ 45,2019/09/14,2019/09/15,0,"7,4",30
La Flamenca,818359,NA,Valencia,1,1,€ 60,2019/09/14,2019/09/15,0,"7,2",30
Murillo Apartment,408163,Apartamento,Valencia,1,1,€ 62,2019/09/14,2019/09/15,0,7,30
UNIK. Apartments Valencia,2241282,NA,Valencia,1,1,€ 98,2019/09/14,2019/09/15,0,"8,5",30
Center Venezuela Apartments,4459021,NA,Valencia,1,1,€ 100,2019/09/14,2019/09/15,0,"8,5",30
Centro Valencia Calle Cerrajeros,3476261,NA,Valencia,1,1,€ 75,2019/09/14,2019/09/15,0,"7,1",30
Homestay & OLEE,4132920,NA,Valencia,1,1,€ 75,2019/09/14,2019/09/15,0,"7,4",30
Hotel Kramer,91106,NA,Valencia,1,1,€ 102,2019/09/14,2019/09/15,3,"8,8",30
Central Station Valencia Hostel,1647017,NA,Valencia,1,1,€ 89,2019/09/14,2019/09/15,0,"7,1",30
SKY TOURISTIC ATTIC,281640,NA,Valencia,1,1,€ 108,2019/09/14,2019/09/15,0,"8,5",30
Hotel El Siglo,1741479,NA,Valencia,1,1,€ 110,2019/09/14,2019/09/15,3,"8,5",30
PORT VALENCIA PLAYA,5259971,NA,Valencia,1,1,NA,2019/09/14,2019/09/15,0,"9,8",30
HOSTAL BED OF THE SEA,3974636,NA,Valencia,1,1,€ 140,2019/09/14,2019/09/15,0,"7,1",30
Old Town Flats Casa Burguerini,4552106,Apartamentos,Valencia,1,1,€ 152,2019/09/14,2019/09/15,0,7,30
NWT Monserrat,3728842,Apartamentos,Valencia,1,1,€ 154,2019/09/14,2019/09/15,0,"7,1",30
Kirei Apartment San Vicente,1774062,Apartamento,Valencia,1,1,€ 156,2019/09/14,2019/09/15,0,"7,4",30
Jardín Botánico Hotel Boutique,93369,NA,Valencia,1,1,€ 112,2019/09/14,2019/09/15,3,"8,9",30
Premium Apartments,486507,Apartamentos,Valencia,1,1,€ 159,2019/09/14,2019/09/15,0,7,30
Loyola Room Habitación en Piso Compartido,3298489,NA,Valencia,1,1,€ 39,2019/09/14,2019/09/15,0,"6,8",30
Burjassot Mestalla,3058627,NA,Valencia,1,1,€ 115,2019/09/14,2019/09/15,0,"8,6",30
Hotel Malcom and Barret,483261,NA,Valencia,1,1,€ 119,2019/09/14,2019/09/15,3,"8,7",30
Rooms Ciencias,94126,NA,Valencia,1,1,€ 122,2019/09/14,2019/09/15,0,"8,9",30
Geography and Arts.,3569110,NA,Valencia,1,1,€ 60,2019/09/14,2019/09/15,0,"6,6",30
Apartments Calle Padre Damian,4523326,Apartamentos,Valencia,1,1,€ 105,2019/09/14,2019/09/15,0,"6,9",30
One Shot Colón 46,1394168,NA,Valencia,1,1,€ 122,2019/09/14,2019/09/15,3,"8,7",30
BUBUFLATS Mossén,1141763,NA,Valencia,1,1,€ 130,2019/09/14,2019/09/15,0,"8,9",30
Ambrosio Flats Valencia - El Mercat,3131649,NA,Valencia,1,1,NA,2019/09/14,2019/09/15,0,"9,5",30
Friendly Rentals Abastos,1634255,NA,Valencia,1,1,€ 133,2019/09/14,2019/09/15,0,"8,7",30
Valenciaflats Mercado Central,307677,NA,Valencia,1,1,€ 133,2019/09/14,2019/09/15,0,"8,9",30
València Centre Torres de Quart,886289,NA,Valencia,1,1,€ 137,2019/09/14,2019/09/15,0,"8,9",30
Valenciaflats Centro Histórico,94781,NA,Valencia,1,1,€ 138,2019/09/14,2019/09/15,0,"8,7",30
Apartamento en Valencia,2549783,NA,Valencia,1,1,€ 140,2019/09/14,2019/09/15,0,"8,7",30
Hotel San Lorenzo Boutique,1307718,NA,Valencia,1,1,€ 140,2019/09/14,2019/09/15,3,"8,6",30
Atico Loft Ruzafa,3152977,NA,Valencia,1,1,NA,2019/09/14,2019/09/15,0,"9,7",30
Lotelito,570027,NA,Valencia,1,1,€ 143,2019/09/14,2019/09/15,0,"8,9",30
Barceló Valencia,91988,NA,Valencia,1,1,€ 149,2019/09/14,2019/09/15,4,"8,7",30
Ilunion Aqua 4,92777,NA,Valencia,1,1,€ 149,2019/09/14,2019/09/15,4,"8,5",30
BUBUFLATS / Mercat,783206,NA,Valencia,1,1,€ 150,2019/09/14,2019/09/15,0,"8,9",30
El Palacete Gran Via,3483148,NA,Valencia,1,1,€ 150,2019/09/14,2019/09/15,0,"8,7",30
Hotel Mediterraneo Valencia,92412,NA,Valencia,1,1,€ 152,2019/09/14,2019/09/15,3,"8,8",30
Colón Market Downtown,4607745,NA,Valencia,1,1,NA,2019/09/14,2019/09/15,0,"9,7",30
Boutique Creative Rooms,2334726,NA,Valencia,1,1,€ 153,2019/09/14,2019/09/15,0,"8,8",30
Zenit Valencia,92327,NA,Valencia,1,1,€ 155,2019/09/14,2019/09/15,4,"8,8",30
Piso moderno y confortable en El Cabañal,3954999,NA,Valencia,1,1,€ 160,2019/09/14,2019/09/15,0,"8,6",30
Hotel Valencia Oceanic Managed by Melia Hotels International,91522,NA,Valencia,1,1,€ 161,2019/09/14,2019/09/15,4,"8,6",30
ValentiaApartments - MercadoCentral,4185241,NA,Valencia,1,1,€ 162,2019/09/14,2019/09/15,0,"8,7",30
Pio XII Apartments Valencia,402080,NA,Valencia,1,1,€ 162,2019/09/14,2019/09/15,0,"8,5",30
Blanq Carmen Hotel,97069,NA,Valencia,1,1,€ 162,2019/09/14,2019/09/15,3,"8,7",30
Apartments Madrina,3278589,NA,Valencia,1,1,€ 165,2019/09/14,2019/09/15,0,"8,9",30
SH Valencia Palace,91497,NA,Valencia,1,1,€ 166,2019/09/14,2019/09/15,5,"8,5",30
Valencian Dreams Lonja,4757385,NA,Valencia,1,1,€ 116,2019/09/14,2019/09/15,0,"9,7",30
Casual Vintage Valencia,1710241,NA,Valencia,1,1,€ 170,2019/09/14,2019/09/15,2,"8,5",30
One Shot Palacio Reina Victoria 04,90885,NA,Valencia,1,1,€ 179,2019/09/14,2019/09/15,4,"8,6",30
AC Hotel Valencia- a Marriott Lifestyle Hotel,91063,NA,Valencia,1,1,€ 183,2019/09/14,2019/09/15,4,"8,6",30
Hotel Sercotel Acteón Valencia,90495,NA,Valencia,1,1,€ 187,2019/09/14,2019/09/15,4,"8,5",30
AC Hotel Colon Valencia- a Marriott Lifestyle Hotel,1117150,NA,Valencia,1,1,€ 193,2019/09/14,2019/09/15,4,"8,7",30
Bubuflats Bubu 3,1014334,NA,Valencia,1,1,€ 135,2019/09/14,2019/09/15,0,"9,6",30
Vincci Palace,94163,NA,Valencia,1,1,€ 207,2019/09/14,2019/09/15,4,"8,6",30
Melia Plaza Valencia,13270,NA,Valencia,1,1,€ 220,2019/09/14,2019/09/15,4,"8,9",30
VALENCIA APARTAMENTO GOYA,4256653,NA,Valencia,1,1,NA,2019/09/14,2019/09/15,0,10,30
Ramirez Flats & Bar,4124528,NA,Valencia,1,1,€ 162,2019/09/14,2019/09/15,0,"9,5",30
Vincci Lys,91183,NA,Valencia,1,1,€ 234,2019/09/14,2019/09/15,4,"8,9",30
Cathedral Suites Hotel,1736257,NA,Valencia,1,1,€ 288,2019/09/14,2019/09/15,4,"8,9",30
Opera House Valencia B&B,3533887,NA,Valencia,1,1,€ 170,2019/09/14,2019/09/15,0,"9,5",30
Casa Calle Conquista,4691493,NA,Valencia,1,1,€ 170,2019/09/14,2019/09/15,0,"9,6",30
Ciudad Ciencias- Lujo- Parking- Wi-Fi.,4999636,NA,Valencia,1,1,€ 200,2019/09/14,2019/09/15,0,"9,8",30
Disfruta - Enjoy Valencia Centre,3881970,NA,Valencia,1,1,€ 249,2019/09/14,2019/09/15,0,"9,8",30
Disfruta - Enjoy Valencia Ayuntamiento,4901194,NA,Valencia,1,1,€ 249,2019/09/14,2019/09/15,0,"9,8",30
Casa Vich,4457634,NA,Valencia,1,1,NA,2019/09/14,2019/09/15,0,"9,6",30
Disfruta - Enjoy Valencia Oceanografic,4121345,NA,Valencia,1,1,€ 260,2019/09/14,2019/09/15,0,"9,6",30
Cantagua Hostel,4074640,NA,Valencia,1,1,€ 46,2019/09/14,2019/09/15,0,"9,1",30
Art&Flats Bed&Breakfast,5238345,NA,Valencia,1,1,€ 50,2019/09/14,2019/09/15,0,"9,2",30
Habitación privada a 1500 metros de la playa,3789910,NA,Valencia,1,1,€ 60,2019/09/14,2019/09/15,0,"9,3",30
YOU & CO. Saler Beach Boutique,4533007,NA,Valencia,1,1,€ 84,2019/09/14,2019/09/15,3,"9,3",30
Blanq Comedias,4922002,NA,Valencia,1,1,€ 90,2019/09/14,2019/09/15,0,"9,2",30
Canovas rooms,5296619,NA,Valencia,1,1,NA,2019/09/14,2019/09/15,0,"9,5",30
Apartamento bianca,3205847,NA,Valencia,1,1,€ 91,2019/09/14,2019/09/15,0,"9,1",30
Hostal Venecia,92883,NA,Valencia,1,1,€ 93,2019/09/14,2019/09/15,2,"9,1",30
Casual Socarrat Valencia,5142800,NA,Valencia,1,1,€ 99,2019/09/14,2019/09/15,3,"9,4",30
Apartamento cerca de la Playa y el Centro,2620264,NA,Valencia,1,1,€ 100,2019/09/14,2019/09/15,0,9,30
Live in Chianti,2227491,NA,Valencia,1,1,€ 104,2019/09/14,2019/09/15,0,"9,1",30
Apartamentos Naranja y Limòn,2250906,NA,Valencia,1,1,€ 110,2019/09/14,2019/09/15,0,"9,3",30
MerKat-Abastos,1231196,NA,Valencia,1,1,NA,2019/09/14,2019/09/15,0,"9,7",30
APARTAMENTO CENTRO- RUZAFA. WI-FI. PARKING,3144104,NA,Valencia,1,1,€ 120,2019/09/14,2019/09/15,0,"9,3",30
Valenciaflats Centro Ciudad,18544,NA,Valencia,1,1,€ 129,2019/09/14,2019/09/15,0,"9,1",30
Sorolla Centro,90896,NA,Valencia,1,1,€ 132,2019/09/14,2019/09/15,3,"9,1",30
Turia Burjassot 12,3237353,NA,Valencia,1,1,€ 135,2019/09/14,2019/09/15,0,9,30
Loft zona Pechina en Valencia centro,2524985,NA,Valencia,1,1,€ 138,2019/09/14,2019/09/15,0,"9,2",30
BUBUSUITES by Bubuflats,2389776,NA,Valencia,1,1,€ 140,2019/09/14,2019/09/15,0,"9,3",30
Central Park Apartment Valencia,3881533,NA,Valencia,1,1,NA,2019/09/14,2019/09/15,0,"9,6",30
Mon Suites San Nicolas,4117225,NA,Valencia,1,1,€ 143,2019/09/14,2019/09/15,0,"9,1",30
Valenciaflats Ciudad de las Ciencias,93676,NA,Valencia,1,1,€ 161,2019/09/14,2019/09/15,0,"9,1",30
MD Design Hotel - Portal del Real,2391685,NA,Valencia,1,1,€ 162,2019/09/14,2019/09/15,2,"9,1",30
Apartamentos Wallace,1698355,NA,Valencia,1,1,€ 166,2019/09/14,2019/09/15,0,"9,2",30
Live in Chianti Apartaments,2882632,NA,Valencia,1,1,€ 169,2019/09/14,2019/09/15,0,"9,1",30
One Shot Mercat 09,2274203,NA,Valencia,1,1,€ 170,2019/09/14,2019/09/15,4,"9,1",30
BONNIES Suites & Spa Valencia,3631910,NA,Valencia,1,1,NA,2019/09/14,2019/09/15,0,"9,8",30
Jardines del Turia - Espacioso apartamento,2734126,NA,Valencia,1,1,€ 170,2019/09/14,2019/09/15,0,"9,1",30
Center City Flats,861452,NA,Valencia,1,1,€ 171,2019/09/14,2019/09/15,0,"9,1",30
APARTAMENTO CENTRICO. WI-FI. PARKING,2967593,NA,Valencia,1,1,€ 180,2019/09/14,2019/09/15,0,"9,2",30
Brisa Mare Nostrum,2855311,NA,Valencia,1,1,€ 180,2019/09/14,2019/09/15,0,"9,4",30
Edificio Pentagono,4673669,NA,Valencia,1,1,€ 185,2019/09/14,2019/09/15,0,"9,2",30
Casa Isa,2683762,NA,Valencia,1,1,€ 185,2019/09/14,2019/09/15,0,"9,2",30
MYR Hotel Plaza Mercado & Spa,1619029,NA,Valencia,1,1,€ 189,2019/09/14,2019/09/15,0,"9,2",30
Hi Valencia Cánovas,4312120,NA,Valencia,1,1,€ 200,2019/09/14,2019/09/15,0,"9,1",30
Mon Suites San Martin,2777545,NA,Valencia,1,1,€ 201,2019/09/14,2019/09/15,0,"9,4",30
NH Collection Colón Valencia,3828811,NA,Valencia,1,1,€ 206,2019/09/14,2019/09/15,4,"9,2",30
Caro Hotel,348132,NA,Valencia,1,1,€ 239,2019/09/14,2019/09/15,5,"9,2",30
Las Arenas Balneario Resort,91144,NA,Valencia,1,1,€ 257,2019/09/14,2019/09/15,5,9,30
Vincci Mercat,1279484,NA,Valencia,1,1,€ 270,2019/09/14,2019/09/15,4,9,30
MARQUÉS HOUSE 4* SUP,2118880,NA,Valencia,1,1,€ 279,2019/09/14,2019/09/15,4,"9,4",30
Zerka Sendra,4657122,NA,Valencia,1,1,€ 301,2019/09/14,2019/09/15,0,9,30
Old Fisherman's House in Malvarrosa Beach,3618172,NA,Valencia,1,1,€ 461,2019/09/14,2019/09/15,0,"9,4",30
Pensión Alicante,298710,NA,Valencia,1,1,€ 50,2019/09/14,2019/09/15,0,"8,5",30
Russafa Youth Hostel,345134,NA,Valencia,1,1,€ 58,2019/09/14,2019/09/15,0,"8,6",30
