name,propertyId,propertyType,city,rooms,days,price,checkIn,checkOut,stars,score,advance
Geography and Arts.,3569110,NA,Valencia,1,1,€ 60,2019/11/02,2019/11/03,0,"6,6",90
MD Villalonga Malvarosa Beach,3739661,NA,Valencia,1,1,€ 260,2019/11/02,2019/11/03,0,"6,9",90
Apt. New Holiday Valencia Center,2167886,NA,Valencia,1,1,NA,2019/11/02,2019/11/03,0,"9,4",90
Malvarrosa Beach,3546692,NA,Valencia,1,1,€ 1.260,2019/11/02,2019/11/03,0,"6,9",90
Fun and Sun Center 2,2944416,NA,Valencia,1,1,€ 36,2019/11/02,2019/11/03,0,"6,2",90
Habitación con cama doble,4794909,NA,Valencia,1,1,€ 36,2019/11/02,2019/11/03,0,"6,1",90
Casita Esmeralda,2040126,NA,Valencia,1,1,€ 114,2019/11/02,2019/11/03,0,"6,4",90
Kirei Apartment San Agustin,1712323,NA,Valencia,1,1,€ 187,2019/11/02,2019/11/03,0,"6,4",90
Kirei Apartment Portland,4276529,NA,Valencia,1,1,€ 200,2019/11/02,2019/11/03,0,6,90
Dama Del Puerto,3230781,NA,Valencia,1,1,NA,2019/11/02,2019/11/03,0,"9,1",90
Oliver,4865093,NA,Valencia,1,1,€ 25,2019/11/02,2019/11/03,0,"5,7",90
Kirei Apartment Berlin,4504570,NA,Valencia,1,1,€ 106,2019/11/02,2019/11/03,0,"5,5",90
Gon & Diego House,4899561,NA,Valencia,1,1,€ 40,2019/11/02,2019/11/03,0,"5,2",90
Port of Valencia,3805735,NA,Valencia,1,1,€ 150,2019/11/02,2019/11/03,0,5,90
Habitación en Apartamento soleado Plaza Escultor Frechina,4865043,NA,Valencia,1,1,€ 55,2019/11/02,2019/11/03,0,"4,9",90
Kirei Apartment Atlanta,4304662,NA,Valencia,1,1,€ 113,2019/11/02,2019/11/03,0,"4,5",90
Eco-Friendly Apartments,1979834,NA,Valencia,1,1,NA,2019/11/02,2019/11/03,0,"9,2",90
Malvarosa,3820590,NA,Valencia,1,1,€ 190,2019/11/02,2019/11/03,0,"3,9",90
Habitación en valencia centro,5418023,NA,Valencia,1,1,€ 30,2019/11/02,2019/11/03,0,,90
Habitación muy cerca de la playa.,5395908,NA,Valencia,1,1,€ 40,2019/11/02,2019/11/03,0,,90
Amplia habitación en piso compartido,5433175,NA,Valencia,1,1,€ 50,2019/11/02,2019/11/03,0,,90
Experiencia en Caravana,5441777,NA,Valencia,1,1,€ 50,2019/11/02,2019/11/03,0,,90
Hogar Dulce Hogar,5426607,NA,Valencia,1,1,€ 60,2019/11/02,2019/11/03,0,,90
Apartamento Serranos CM,2491242,NA,Valencia,1,1,NA,2019/11/02,2019/11/03,0,"9,3",90
vosotros sereis parte de mi familia.,5299568,NA,Valencia,1,1,€ 60,2019/11/02,2019/11/03,0,,90
Rooms El Picolino,5326859,NA,Valencia,1,1,€ 65,2019/11/02,2019/11/03,0,,90
Valencia_PatraiX,5450613,NA,Valencia,1,1,€ 65,2019/11/02,2019/11/03,0,,90
Cabanyal Apartment con patio,4323384,NA,Valencia,1,1,€ 69,2019/11/02,2019/11/03,0,,90
Mi casa es vuestra casa,4967097,NA,Valencia,1,1,€ 70,2019/11/02,2019/11/03,0,,90
Nest Style Valencia -Proxima apertura-,5219046,NA,Valencia,1,1,€ 87,2019/11/02,2019/11/03,3,,90
Apartamento Playa el Cabanyal,2469500,NA,Valencia,1,1,NA,2019/11/02,2019/11/03,0,9,90
Calle de Frederica Montseny 'Política' Casa o chalet,5152866,NA,Valencia,1,1,€ 95,2019/11/02,2019/11/03,0,,90
Apartamento Centrico Y Muy Bien Ubicado,4800241,NA,Valencia,1,1,€ 101,2019/11/02,2019/11/03,0,,90
Casual Socarrat Valencia,5142800,NA,Valencia,1,1,€ 104,2019/11/02,2019/11/03,3,,90
Comfort Homestay,5423155,NA,Valencia,1,1,€ 105,2019/11/02,2019/11/03,0,,90
Cosy apartment near to the center,4064812,NA,Valencia,1,1,€ 115,2019/11/02,2019/11/03,0,,90
Magnífico Adosado- cerca de Valencia ciudad- en zona de montaña y playa fluvial,5354233,NA,Valencia,1,1,€ 125,2019/11/02,2019/11/03,0,,90
Casas Benlliure,3274635,NA,Valencia,1,1,NA,2019/11/02,2019/11/03,0,"9,1",90
Atico Loft Torres de Quart,4152620,NA,Valencia,1,1,€ 140,2019/11/02,2019/11/03,0,,90
15 Avinguda Mare Nostrum,4518973,NA,Valencia,1,1,€ 145,2019/11/02,2019/11/03,0,,90
Old Town Flats Casa Burguerini,4552106,NA,Valencia,1,1,€ 151,2019/11/02,2019/11/03,0,,90
"Flat ""Ca Alexandre""",3687859,NA,Valencia,1,1,€ 195,2019/11/02,2019/11/03,0,,90
17 PLAZA AYUNTAMIENTO-CENTRO 6p.,4093819,NA,Valencia,1,1,€ 201,2019/11/02,2019/11/03,0,,90
07 PLAZA DEL AYUNTAMIENTO - CENTRO 6personas,4093811,NA,Valencia,1,1,€ 201,2019/11/02,2019/11/03,0,,90
Hogar Dulce Hogar,5441488,NA,Valencia,1,1,€ 216,2019/11/02,2019/11/03,0,,90
Apartamento con terraza,5238122,NA,Valencia,1,1,€ 240,2019/11/02,2019/11/03,0,,90
MD PASEO RUZAFA CENTER,5374850,NA,Valencia,1,1,€ 502,2019/11/02,2019/11/03,0,,90
Governor Residence,3799760,NA,Valencia,1,1,€ 600,2019/11/02,2019/11/03,0,,90
Apartamentos Wallace,1698355,Apartamentos,Valencia,1,1,€ 152,2019/11/02,2019/11/03,0,"9,2",90
Cozy apartment in Valencia center,3402135,Apartamentos,Valencia,1,1,€ 155,2019/11/02,2019/11/03,0,"9,2",90
Central Park Apartment Valencia,3881533,Apartamento,Valencia,1,1,NA,2019/11/02,2019/11/03,0,"9,6",90
APARTAMENTO CENTRICO. WI-FI. PARKING,2967593,Apartamento,Valencia,1,1,€ 170,2019/11/02,2019/11/03,0,"9,2",90
Arena's Apartament,2156905,Apartamento,Valencia,1,1,€ 170,2019/11/02,2019/11/03,0,"9,1",90
Estrella de russafa,5352439,NA,Valencia,1,1,€ 50,2019/11/02,2019/11/03,0,"9,8",90
Apartamento luminoso y acogedor,3489126,Apartamento,Valencia,1,1,€ 78,2019/11/02,2019/11/03,0,"9,6",90
Mon Suites San Martin,2777545,Apartamentos,Valencia,1,1,€ 178,2019/11/02,2019/11/03,0,"9,4",90
MARQUÉS HOUSE 4* SUP,2118880,NA,Valencia,1,1,€ 179,2019/11/02,2019/11/03,4,"9,4",90
Valenciaflats Ciudad de las Ciencias,93676,Apartamentos,Valencia,1,1,€ 184,2019/11/02,2019/11/03,0,"9,1",90
Mediterranean Flats Plaza Redonda,4086496,Apartamentos,Valencia,1,1,€ 185,2019/11/02,2019/11/03,0,"9,2",90
Apartamento en la Ciudad de las Artes y las Ciencias,3552283,Apartamento,Valencia,1,1,NA,2019/11/02,2019/11/03,0,"9,5",90
Hi Valencia Cánovas,4312120,Apartamentos,Valencia,1,1,€ 185,2019/11/02,2019/11/03,0,"9,1",90
OCEANOGRAFIC APARTMENT. PARKING. WI-FI,3107716,Apartamentos,Valencia,1,1,€ 190,2019/11/02,2019/11/03,0,9,90
NH Collection Colón Valencia,3828811,NA,Valencia,1,1,€ 190,2019/11/02,2019/11/03,4,"9,2",90
One Shot Mercat 09,2274203,NA,Valencia,1,1,€ 195,2019/11/02,2019/11/03,4,"9,1",90
Las Arenas Balneario Resort,91144,NA,Valencia,1,1,€ 198,2019/11/02,2019/11/03,5,9,90
Jardines del Turia - Espacioso apartamento,2734126,Apartamento,Valencia,1,1,€ 200,2019/11/02,2019/11/03,0,"9,2",90
Cool Central Market,3424724,Apartamento,Valencia,1,1,NA,2019/11/02,2019/11/03,0,"9,9",90
Zerka Sendra,4657122,Apartamento,Valencia,1,1,€ 204,2019/11/02,2019/11/03,0,9,90
Caro Hotel,348132,NA,Valencia,1,1,€ 209,2019/11/02,2019/11/03,5,"9,2",90
OCEANOGRAFIC DELUXE- PARKING- WI-FI,4095746,Apartamento,Valencia,1,1,€ 210,2019/11/02,2019/11/03,0,"9,1",90
Vincci Mercat,1279484,NA,Valencia,1,1,€ 216,2019/11/02,2019/11/03,4,9,90
Casa de Vacaciones Pintor Vilar,2093863,Apartamento,Valencia,1,1,€ 222,2019/11/02,2019/11/03,0,9,90
Hostal Antigua Morellana,1273937,NA,Valencia,1,1,NA,2019/11/02,2019/11/03,1,"9,5",90
Valencia apartamento eje de moda,4854979,Apartamento,Valencia,1,1,€ 80,2019/11/02,2019/11/03,0,"9,5",90
Precioso piso junto al antiguo barrio de Campanar,3297078,Apartamento,Valencia,1,1,€ 100,2019/11/02,2019/11/03,0,"9,6",90
Bubuflats Bubu 3,1014334,Apartamentos,Valencia,1,1,€ 115,2019/11/02,2019/11/03,0,"9,6",90
Hi Valencia Apartments - Jorge Juan,2373701,Apartamento,Valencia,1,1,€ 230,2019/11/02,2019/11/03,0,"9,4",90
Doctor Oloriz-31-9,3397673,Apartamento,Valencia,1,1,NA,2019/11/02,2019/11/03,0,"9,6",90
Pensión Alicante,298710,NA,Valencia,1,1,€ 38,2019/11/02,2019/11/03,0,"8,5",90
Russafa Youth Hostel,345134,NA,Valencia,1,1,€ 52,2019/11/02,2019/11/03,0,"8,6",90
Home Youth Hostel by Feetup Hostels,189322,NA,Valencia,1,1,€ 55,2019/11/02,2019/11/03,0,"8,8",90
Valencian Dreams Lonja,4757385,Apartamento,Valencia,1,1,€ 116,2019/11/02,2019/11/03,0,"9,7",90
la casita,4333253,Apartamento,Valencia,1,1,€ 122,2019/11/02,2019/11/03,0,"9,7",90
Valencia maritimo,3020748,Apartamento,Valencia,1,1,€ 70,2019/11/02,2019/11/03,0,"8,8",90
Zalamera BnB,1331238,NA,Valencia,1,1,€ 73,2019/11/02,2019/11/03,0,"8,7",90
AC Hotel Valencia- a Marriott Lifestyle Hotel,91063,NA,Valencia,1,1,€ 79,2019/11/02,2019/11/03,4,"8,6",90
Atico Loft Ruzafa,3152977,Apartamento,Valencia,1,1,NA,2019/11/02,2019/11/03,0,"9,7",90
Casa de Maria,2467712,Apartamento,Valencia,1,1,€ 80,2019/11/02,2019/11/03,0,"8,6",90
Olympia Flats,4212801,NA,Valencia,1,1,€ 70,2019/11/02,2019/11/03,0,"9,7",90
VALENCIA APARTAMENTO GOYA GRAN TERRAZA,4660558,Apartamento,Valencia,1,1,NA,2019/11/02,2019/11/03,0,"9,9",90
Apartamento Playa Wifi Gratis,3495634,Apartamento,Valencia,1,1,€ 130,2019/11/02,2019/11/03,0,"9,6",90
ABCyou Bed&Breakfast,189207,NA,Valencia,1,1,€ 82,2019/11/02,2019/11/03,0,"8,5",90
València Centre Túria,2185255,Apartamento,Valencia,1,1,€ 85,2019/11/02,2019/11/03,0,"8,8",90
Apartamento centro frente a Torres de Serrano,3408067,Apartamento,Valencia,1,1,€ 135,2019/11/02,2019/11/03,0,"9,5",90
Ramirez Flats & Bar,4124528,Apartahotel,Valencia,1,1,€ 135,2019/11/02,2019/11/03,0,"9,5",90
Ca María,3776707,Apartamento,Valencia,1,1,€ 180,2019/11/02,2019/11/03,0,"9,7",90
City Center Atico 360,3025679,Apartamento,Valencia,1,1,€ 188,2019/11/02,2019/11/03,0,"9,6",90
Ciudad Ciencias- Lujo- Parking- Wi-Fi.,4999636,Apartamento,Valencia,1,1,€ 200,2019/11/02,2019/11/03,0,"9,8",90
New apartment bioparc,4316710,Apartamento,Valencia,1,1,NA,2019/11/02,2019/11/03,0,"9,5",90
Loft Superior el Carmen,2784473,Apartamento,Valencia,1,1,€ 218,2019/11/02,2019/11/03,0,"9,5",90
Cantagua Hostel,4074640,NA,Valencia,1,1,€ 42,2019/11/02,2019/11/03,0,"9,1",90
Habitación privada a 1500 metros de la playa,3789910,NA,Valencia,1,1,€ 60,2019/11/02,2019/11/03,0,"9,4",90
YOU & CO. Saler Beach Boutique,4533007,NA,Valencia,1,1,€ 70,2019/11/02,2019/11/03,3,"9,4",90
Habitación doble,3599930,NA,Valencia,1,1,€ 75,2019/11/02,2019/11/03,0,9,90
Live in Chianti,2227491,NA,Valencia,1,1,€ 75,2019/11/02,2019/11/03,0,"9,1",90
Apartamento Frederick “Centrico y con Clase”,4236394,Apartamento,Valencia,1,1,NA,2019/11/02,2019/11/03,0,"9,7",90
Art&Flats Bed&Breakfast,5238345,NA,Valencia,1,1,€ 75,2019/11/02,2019/11/03,0,"9,2",90
Host & Home,1663785,NA,Valencia,1,1,€ 78,2019/11/02,2019/11/03,0,9,90
RUZAFA. Nice apartment and Terrace.,4368595,Apartamento,Valencia,1,1,€ 99,2019/11/02,2019/11/03,0,"9,3",90
Apartments Madrina,3278589,Apartamentos,Valencia,1,1,€ 100,2019/11/02,2019/11/03,0,9,90
Apartamento cerca de la Playa y el Centro,2620264,Apartamento,Valencia,1,1,€ 100,2019/11/02,2019/11/03,0,9,90
BUBUSUITES by Bubuflats,2389776,NA,Valencia,1,1,€ 105,2019/11/02,2019/11/03,0,"9,3",90
Constitución,4229663,Apartamento,Valencia,1,1,NA,2019/11/02,2019/11/03,0,"9,6",90
Piso como en tu casa 2,3834617,Apartamentos,Valencia,1,1,€ 110,2019/11/02,2019/11/03,0,"9,1",90
Apartamentos Naranja y Limòn,2250906,Apartamentos,Valencia,1,1,€ 110,2019/11/02,2019/11/03,0,"9,3",90
MOM La Punta,3105661,NA,Valencia,1,1,€ 110,2019/11/02,2019/11/03,0,"9,4",90
Olvida tu Reloj Montichelvo Apartment,3258095,Apartamento,Valencia,1,1,€ 111,2019/11/02,2019/11/03,0,"9,4",90
Hostal Venecia,92883,NA,Valencia,1,1,€ 112,2019/11/02,2019/11/03,2,"9,1",90
Bubuflats Bubu 5,1283519,Apartamento,Valencia,1,1,€ 115,2019/11/02,2019/11/03,0,9,90
Central Park Apartment Valencia,3881533,Apartamento,Valencia,1,1,NA,2019/11/02,2019/11/03,0,"9,6",90
Apartment close to park Marchalenes,4418670,Apartamento,Valencia,1,1,€ 120,2019/11/02,2019/11/03,0,9,90
5 SENSES,3786890,Apartamento,Valencia,1,1,€ 120,2019/11/02,2019/11/03,0,"9,2",90
Valencia-Ruzafa Studio,3235983,Apartamento,Valencia,1,1,€ 120,2019/11/02,2019/11/03,0,"9,1",90
Sorolla Centro,90896,NA,Valencia,1,1,€ 121,2019/11/02,2019/11/03,3,"9,1",90
Pio XII Apartments Valencia,402080,Apartamentos,Valencia,1,1,€ 85,2019/11/02,2019/11/03,0,"8,5",90
Casa del Patriarca,364834,NA,Valencia,1,1,€ 90,2019/11/02,2019/11/03,0,"8,9",90
Hotel Malcom and Barret,483261,NA,Valencia,1,1,€ 94,2019/11/02,2019/11/03,3,"8,7",90
Apartamento,3139431,Apartamento,Valencia,1,1,NA,2019/11/02,2019/11/03,0,"9,5",90
Soho Valencia,1538641,Apartahotel,Valencia,1,1,€ 96,2019/11/02,2019/11/03,0,"8,9",90
AC Hotel Colon Valencia- a Marriott Lifestyle Hotel,1117150,NA,Valencia,1,1,€ 97,2019/11/02,2019/11/03,4,"8,6",90
Boutique Creative Rooms,2334726,NA,Valencia,1,1,€ 99,2019/11/02,2019/11/03,0,"8,7",90
Hotel Dimar,90886,NA,Valencia,1,1,€ 99,2019/11/02,2019/11/03,4,"8,7",90
New Trendy apartment,2426154,Apartamento,Valencia,1,1,€ 100,2019/11/02,2019/11/03,0,"8,8",90
Valencian Apartment,2298621,Apartamento,Valencia,1,1,€ 100,2019/11/02,2019/11/03,0,"8,9",90
Hotel El Siglo,1741479,NA,Valencia,1,1,€ 102,2019/11/02,2019/11/03,3,"8,5",90
BUBUFLATS / Mercat,783206,Apartamentos,Valencia,1,1,€ 105,2019/11/02,2019/11/03,0,"8,9",90
UNIK. Apartments Valencia,2241282,Apartamentos,Valencia,1,1,€ 106,2019/11/02,2019/11/03,0,"8,5",90
Hotel Boutique Balandret,1281710,NA,Valencia,1,1,€ 124,2019/11/02,2019/11/03,3,"9,2",90
Apartment on Carrer del Dr. Lluch,2008997,Apartamento,Valencia,1,1,€ 127,2019/11/02,2019/11/03,0,"9,1",90
Melia Valencia,290493,NA,Valencia,1,1,€ 107,2019/11/02,2019/11/03,4,"8,8",90
Live in Chianti Apartaments,2882632,Apartamentos,Valencia,1,1,€ 128,2019/11/02,2019/11/03,0,"9,1",90
Blanq Comedias,4922002,NA,Valencia,1,1,€ 131,2019/11/02,2019/11/03,0,"9,3",90
MD Design Hotel - Portal del Real,2391685,NA,Valencia,1,1,€ 138,2019/11/02,2019/11/03,2,"9,1",90
Loft zona Pechina en Valencia centro,2524985,Apartamento,Valencia,1,1,€ 138,2019/11/02,2019/11/03,0,"9,2",90
Hotel Neptuno,91206,NA,Valencia,1,1,€ 108,2019/11/02,2019/11/03,4,"8,5",90
Rooms Ciencias,94126,NA,Valencia,1,1,€ 113,2019/11/02,2019/11/03,0,"8,9",90
Hotel Kramer,91106,NA,Valencia,1,1,€ 115,2019/11/02,2019/11/03,3,"8,8",90
casa a 800 metros de la playa de Las Arenas,3741421,Apartamento,Valencia,1,1,€ 115,2019/11/02,2019/11/03,0,"8,9",90
Mon Suites Catedral,485679,Apartamentos,Valencia,1,1,€ 143,2019/11/02,2019/11/03,0,"9,2",90
Mon Suites San Nicolas,4117225,Apartamentos,Valencia,1,1,€ 143,2019/11/02,2019/11/03,0,"9,2",90
BUBUFLATS Mossén,1141763,Apartamentos,Valencia,1,1,€ 115,2019/11/02,2019/11/03,0,"8,9",90
Biopark View Apartment,2381901,Apartamento,Valencia,1,1,€ 115,2019/11/02,2019/11/03,0,"8,9",90
Hotel Valencia Oceanic Managed by Melia Hotels International,91522,NA,Valencia,1,1,€ 126,2019/11/02,2019/11/03,4,"8,6",90
Valenciaflats Centro Ciudad,18544,Apartamentos,Valencia,1,1,€ 143,2019/11/02,2019/11/03,0,"9,1",90
47 Carrer de Cadis- puerta 1,4511167,Apartamento,Valencia,1,1,€ 143,2019/11/02,2019/11/03,0,9,90
Apartamentos La más Bonita,2816245,Apartamentos,Valencia,1,1,€ 149,2019/11/02,2019/11/03,0,"9,1",90
Melia Plaza Valencia,13270,NA,Valencia,1,1,€ 127,2019/11/02,2019/11/03,4,"8,9",90
MYR Hotel Plaza Mercado & Spa,1619029,Apartahotel,Valencia,1,1,€ 149,2019/11/02,2019/11/03,0,"9,2",90
B BEACH VALENCIA,5125954,Apartamento,Valencia,1,1,€ 150,2019/11/02,2019/11/03,0,"9,3",90
Sweet Caroline Apartment,1811784,Apartamento,Valencia,1,1,€ 150,2019/11/02,2019/11/03,0,"9,2",90
Habitacion PLaza Ayuntamiento,4365340,NA,Valencia,1,1,€ 50,2019/11/02,2019/11/03,0,"7,5",90
Como en casa,4802186,NA,Valencia,1,1,€ 54,2019/11/02,2019/11/03,0,"7,9",90
BONNIES Suites & Spa Valencia,3631910,Apartamentos,Valencia,1,1,NA,2019/11/02,2019/11/03,0,"9,8",90
Hostal Bisbal,235665,NA,Valencia,1,1,€ 60,2019/11/02,2019/11/03,1,"7,5",90
B&B Hotel Valencia Ciudad de las Ciencias,92242,NA,Valencia,1,1,€ 62,2019/11/02,2019/11/03,3,"7,5",90
Beautiful early 20th century room,3563293,NA,Valencia,1,1,€ 64,2019/11/02,2019/11/03,0,"7,5",90
Expo Hotel Valencia,91223,NA,Valencia,1,1,€ 68,2019/11/02,2019/11/03,3,"7,6",90
Cosy Rooms Tapinería,371192,NA,Valencia,1,1,€ 70,2019/11/02,2019/11/03,2,"7,5",90
Checkin Valencia,93743,NA,Valencia,1,1,€ 71,2019/11/02,2019/11/03,4,"7,8",90
Travel Habitat Ático Ciutat Vella.,3264750,Apartamento,Valencia,1,1,NA,2019/11/02,2019/11/03,0,"9,5",90
Hotel Turia,14441,NA,Valencia,1,1,€ 79,2019/11/02,2019/11/03,4,"7,5",90
Patacona Green Flats,292996,Apartamentos,Valencia,1,1,€ 81,2019/11/02,2019/11/03,0,"7,6",90
Hotel Beleret,94652,NA,Valencia,1,1,€ 84,2019/11/02,2019/11/03,3,"7,6",90
SEA YOU HOTEL PORT VALENCIA,92328,NA,Valencia,1,1,€ 100,2019/11/02,2019/11/03,4,"7,6",90
Kirei Apartment Vienna,4639797,Apartamento,Valencia,1,1,€ 115,2019/11/02,2019/11/03,0,,90
ART & FLATS Pleno Centro Valencia,1554388,Apartamentos,Valencia,1,1,€ 126,2019/11/02,2019/11/03,0,"7,9",90
Ayuntamiento Panoramic,3089239,Apartamento,Valencia,1,1,NA,2019/11/02,2019/11/03,0,"9,5",90
Ilunion Valencia 3,92818,NA,Valencia,1,1,€ 132,2019/11/02,2019/11/03,3,"7,9",90
Kirei Apartment San Vicente,1774062,Apartamento,Valencia,1,1,€ 136,2019/11/02,2019/11/03,0,"7,5",90
El 16 Ruzafa,865461,Apartamentos,Valencia,1,1,€ 144,2019/11/02,2019/11/03,0,"7,7",90
Apartamento Alguer,4005334,Apartamento,Valencia,1,1,€ 145,2019/11/02,2019/11/03,0,"7,6",90
My Apartments - Russafa XLarge,4594496,Apartamento,Valencia,1,1,€ 150,2019/11/02,2019/11/03,0,"7,6",90
Loft el Carmen amazing views,4932621,Apartamento,Valencia,1,1,€ 191,2019/11/02,2019/11/03,0,"7,9",90
Valencia what else...,2550483,Apartamento,Valencia,1,1,NA,2019/11/02,2019/11/03,0,"9,5",90
Valencia Luxury Attics Ayuntamiento,337092,Apartamentos,Valencia,1,1,€ 220,2019/11/02,2019/11/03,0,"7,5",90
MD Art Apartment Ruzafa,2550955,Apartamento,Valencia,1,1,€ 249,2019/11/02,2019/11/03,0,"7,7",90
MD Pelayo with terrace,1979067,Apartamento,Valencia,1,1,€ 249,2019/11/02,2019/11/03,0,"7,8",90
MD Oliag I Apartment Ruzafa,2867488,Apartamento,Valencia,1,1,€ 305,2019/11/02,2019/11/03,0,"7,7",90
Apartment Plaza de la Merced,3457190,Apartamento,Valencia,1,1,€ 470,2019/11/02,2019/11/03,0,"7,9",90
Hostal Waksman,281139,NA,Valencia,1,1,€ 30,2019/11/02,2019/11/03,1,"7,3",90
Apartments Downtown Valencia,2250421,Apartamentos,Valencia,1,1,NA,2019/11/02,2019/11/03,0,"9,6",90
feliz como en casa,3676196,NA,Valencia,1,1,€ 36,2019/11/02,2019/11/03,0,"7,2",90
Hostal Residencial RR,450746,NA,Valencia,1,1,€ 40,2019/11/02,2019/11/03,0,7,90
La Flamenca,818359,NA,Valencia,1,1,€ 40,2019/11/02,2019/11/03,0,"7,3",90
PISO ACOGEDOR,4995780,NA,Valencia,1,1,€ 50,2019/11/02,2019/11/03,0,"7,2",90
Sampedor Apartment,435662,Apartamentos,Valencia,1,1,€ 56,2019/11/02,2019/11/03,0,7,90
Casual de la Música Valencia,273130,NA,Valencia,1,1,€ 66,2019/11/02,2019/11/03,2,"7,4",90
Ruzzafa Codrut,3035322,Apartamento,Valencia,1,1,NA,2019/11/02,2019/11/03,0,"9,3",90
Apartment Horticultor Bosch,1148669,Apartamentos,Valencia,1,1,€ 70,2019/11/02,2019/11/03,0,"7,4",90
Cosy Rooms Bolsería,371606,NA,Valencia,1,1,€ 74,2019/11/02,2019/11/03,2,"7,4",90
Central Station Valencia Hostel,1647017,NA,Valencia,1,1,€ 74,2019/11/02,2019/11/03,0,"7,1",90
Homestay & OLEE,4132920,NA,Valencia,1,1,€ 80,2019/11/02,2019/11/03,0,"7,4",90
Almiserat,3054886,Apartamento,Valencia,1,1,€ 80,2019/11/02,2019/11/03,0,7,90
Cosy Rooms Embajador,369728,NA,Valencia,1,1,€ 84,2019/11/02,2019/11/03,2,"7,4",90
Plaza Redonda house.,4399973,NA,Valencia,1,1,€ 88,2019/11/02,2019/11/03,0,"7,4",90
Casual Vintage Valencia,1710241,NA,Valencia,1,1,€ 128,2019/11/02,2019/11/03,2,"8,5",90
Valenciaflats Centro Histórico,94781,Apartamentos,Valencia,1,1,€ 129,2019/11/02,2019/11/03,0,"8,7",90
Atico Loft Ruzafa,3152977,Apartamento,Valencia,1,1,NA,2019/11/02,2019/11/03,0,"9,7",90
Guest House Samuel Ros,4161855,NA,Valencia,1,1,€ 90,2019/11/02,2019/11/03,0,"7,4",90
Apartments Calle Padre Damian,4523326,Apartamentos,Valencia,1,1,€ 95,2019/11/02,2019/11/03,0,"7,1",90
Kirei Apartment Na Jordana,1702092,Apartamentos,Valencia,1,1,€ 101,2019/11/02,2019/11/03,0,7,90
Blanq Carmen Hotel,97069,NA,Valencia,1,1,€ 130,2019/11/02,2019/11/03,3,"8,7",90
Catalonia Excelsior,90578,NA,Valencia,1,1,€ 130,2019/11/02,2019/11/03,3,"8,7",90
NWT Monserrat,3728842,Apartamentos,Valencia,1,1,€ 136,2019/11/02,2019/11/03,0,"7,1",90
My Apartments - Parque Central,4594424,Apartamento,Valencia,1,1,€ 144,2019/11/02,2019/11/03,0,7,90
Kirei Apartment En Llop,1765516,Apartamentos,Valencia,1,1,€ 161,2019/11/02,2019/11/03,0,"7,1",90
B&B Hi Valencia Boutique,1301725,NA,Valencia,1,1,€ 133,2019/11/02,2019/11/03,0,"8,7",90
Valenciaflats Mercado Central,307677,Apartamentos,Valencia,1,1,€ 133,2019/11/02,2019/11/03,0,"8,9",90
Valencia Luxury Catedral,440778,Apartamentos,Valencia,1,1,€ 170,2019/11/02,2019/11/03,0,"7,1",90
Apartamento Angel Alcazar 35,2174625,Apartamento,Valencia,1,1,€ 175,2019/11/02,2019/11/03,0,"7,4",90
Sercotel Sorolla Palace,93646,NA,Valencia,1,1,€ 134,2019/11/02,2019/11/03,4,"8,6",90
Barceló Valencia,91988,NA,Valencia,1,1,€ 135,2019/11/02,2019/11/03,4,"8,6",90
Apartamento,3139431,Apartamento,Valencia,1,1,NA,2019/11/02,2019/11/03,0,"9,5",90
One Shot Colón 46,1394168,NA,Valencia,1,1,€ 135,2019/11/02,2019/11/03,3,"8,7",90
Best Valencia Beach Flat,3246772,Apartamento,Valencia,1,1,€ 192,2019/11/02,2019/11/03,0,"7,1",90
HOSTAL BED OF THE SEA,3974636,NA,Valencia,1,1,€ 200,2019/11/02,2019/11/03,0,7,90
Lotelito,570027,NA,Valencia,1,1,€ 138,2019/11/02,2019/11/03,0,"8,9",90
Malvarrosa Beach Rooms,314048,NA,Valencia,1,1,€ 999,2019/11/02,2019/11/03,2,"7,1",90
Apartments Plaza Ayuntamiento,3506736,Apartamento,Valencia,1,1,€ 140,2019/11/02,2019/11/03,0,"8,7",90
Zenit Valencia,92327,NA,Valencia,1,1,€ 144,2019/11/02,2019/11/03,4,"8,8",90
SH Valencia Palace,91497,NA,Valencia,1,1,€ 144,2019/11/02,2019/11/03,5,"8,5",90
El Palacete Gran Via,3483148,NA,Valencia,1,1,€ 146,2019/11/02,2019/11/03,0,"8,7",90
Casa La Buhardilla,2985364,Apartamento,Valencia,1,1,NA,2019/11/02,2019/11/03,0,"9,6",90
Zerka Centro,4425975,Apartamentos,Valencia,1,1,€ 149,2019/11/02,2019/11/03,0,"8,5",90
Stylish newly renovated in great location /WIFI,3661070,Apartamento,Valencia,1,1,€ 149,2019/11/02,2019/11/03,0,"8,6",90
Apartamento LUXURY CENTRO HISTORICO,3664772,Apartamento,Valencia,1,1,€ 149,2019/11/02,2019/11/03,0,"8,8",90
Ilunion Aqua 4,92777,NA,Valencia,1,1,€ 150,2019/11/02,2019/11/03,4,"8,5",90
Plaza de la Virgen,3167342,Apartamento,Valencia,1,1,€ 150,2019/11/02,2019/11/03,0,"8,7",90
Cathedral Suites Hotel,1736257,Apartahotel,Valencia,1,1,€ 159,2019/11/02,2019/11/03,4,"8,9",90
Tres Forques,2854630,Apartamento,Valencia,1,1,NA,2019/11/02,2019/11/03,0,"9,5",90
Exclusive Beach Apartment,4641691,Apartamento,Valencia,1,1,€ 165,2019/11/02,2019/11/03,0,"8,8",90
Casual del Cine Valencia,572187,NA,Valencia,1,1,€ 170,2019/11/02,2019/11/03,2,"8,6",90
Hospes Palau de La Mar,93823,NA,Valencia,1,1,€ 170,2019/11/02,2019/11/03,5,"8,8",90
Puerta de Serranos,2734333,Apartamentos,Valencia,1,1,€ 170,2019/11/02,2019/11/03,0,"8,7",90
One Shot Palacio Reina Victoria 04,90885,NA,Valencia,1,1,€ 178,2019/11/02,2019/11/03,4,"8,6",90
Hotel San Lorenzo Boutique,1307718,NA,Valencia,1,1,€ 181,2019/11/02,2019/11/03,3,"8,6",90
Apartment Sofi,2830696,Apartamento,Valencia,1,1,NA,2019/11/02,2019/11/03,0,"9,8",90
València Centre Torres de Quart,886289,Apartamentos,Valencia,1,1,€ 183,2019/11/02,2019/11/03,0,"8,9",90
ValentiaApartments - MercadoCentral,4185241,Apartamentos,Valencia,1,1,€ 187,2019/11/02,2019/11/03,0,"8,7",90
The Westin Valencia,93321,NA,Valencia,1,1,€ 198,2019/11/02,2019/11/03,5,"8,7",90
Vincci Palace,94163,NA,Valencia,1,1,€ 208,2019/11/02,2019/11/03,4,"8,6",90
Vincci Lys,91183,NA,Valencia,1,1,€ 216,2019/11/02,2019/11/03,4,"8,9",90
Hotel Sercotel Acteón Valencia,90495,NA,Valencia,1,1,€ 71,2019/11/02,2019/11/03,4,"8,4",90
Ca Carmela,2466364,Casa o chalet,Valencia,1,1,€ 280,2019/11/02,2019/11/03,0,"8,9",90
Apartment Cisneros 2,2361375,Apartamento,Valencia,1,1,NA,2019/11/02,2019/11/03,0,"9,7",90
Petit Palace Plaza de la Reina,90443,NA,Valencia,1,1,€ 318,2019/11/02,2019/11/03,3,"8,7",90
NH Valencia Las Ciencias,90725,NA,Valencia,1,1,€ 72,2019/11/02,2019/11/03,3,8,90
L'Esplai Valencia Bed & Breakfast,1282556,NA,Valencia,1,1,NA,2019/11/02,2019/11/03,0,"9,6",90
Aparthotel Valencia Rental,17344,Apartahotel,Valencia,1,1,€ 72,2019/11/02,2019/11/03,0,8,90
Habitacion Barata Valencia,3931013,NA,Valencia,1,1,€ 29,2019/11/02,2019/11/03,0,"8,2",90
HOSPEDAJE PESET,4718074,NA,Valencia,1,1,€ 40,2019/11/02,2019/11/03,0,"8,1",90
Residencia Universitaria Damia Bonet,247451,NA,Valencia,1,1,€ 75,2019/11/02,2019/11/03,0,"8,4",90
Atico Ciutat Vella,3446230,Apartamentos,Valencia,1,1,€ 75,2019/11/02,2019/11/03,0,"8,3",90
Primus Valencia,331871,NA,Valencia,1,1,€ 79,2019/11/02,2019/11/03,4,"8,3",90
Habitacion en Valencia Barata,4861796,NA,Valencia,1,1,€ 45,2019/11/02,2019/11/03,0,"8,2",90
Purple Nest Hostel,25278,NA,Valencia,1,1,€ 48,2019/11/02,2019/11/03,0,8,90
Red Nest Hostel,92283,NA,Valencia,1,1,€ 49,2019/11/02,2019/11/03,0,"8,2",90
Nanit Valencia Hostel,3913497,NA,Valencia,1,1,€ 80,2019/11/02,2019/11/03,0,"8,3",90
NH Valencia Las Artes,90731,NA,Valencia,1,1,€ 80,2019/11/02,2019/11/03,4,"8,4",90
Ayuntamiento Panoramic,3089239,Apartamento,Valencia,1,1,NA,2019/11/02,2019/11/03,0,"9,5",90
HABITACIÓN PRIVADA EN RUZAFA,4948581,NA,Valencia,1,1,€ 50,2019/11/02,2019/11/03,0,"8,1",90
Casa Mati,4217185,NA,Valencia,1,1,€ 50,2019/11/02,2019/11/03,0,"8,4",90
Urban Youth Hostel,1163025,NA,Valencia,1,1,€ 53,2019/11/02,2019/11/03,0,"8,4",90
Room in apartment,3701648,NA,Valencia,1,1,€ 81,2019/11/02,2019/11/03,0,8,90
City Suites Apartments,3091106,NA,Valencia,1,1,€ 84,2019/11/02,2019/11/03,0,"8,4",90
Hotel Valencia Center,91285,NA,Valencia,1,1,€ 85,2019/11/02,2019/11/03,4,"8,4",90
Alquiler Habitacion Centro De Valencia,3977106,NA,Valencia,1,1,€ 55,2019/11/02,2019/11/03,0,8,90
Hotel Olympia Universidades,1301731,NA,Valencia,1,1,€ 57,2019/11/02,2019/11/03,3,"8,4",90
Senator Parque Central Hotel,274963,NA,Valencia,1,1,€ 89,2019/11/02,2019/11/03,4,"8,1",90
Sweet Hotel Renasa,274818,NA,Valencia,1,1,€ 89,2019/11/02,2019/11/03,3,8,90
Hotel Villacarlos,90730,NA,Valencia,1,1,€ 60,2019/11/02,2019/11/03,3,8,90
Homestay Valencia,2597106,NA,Valencia,1,1,€ 90,2019/11/02,2019/11/03,0,"8,1",90
Apartment Cisneros 2,2361375,Apartamento,Valencia,1,1,NA,2019/11/02,2019/11/03,0,"9,7",90
L'Otelet By Sweet,1467935,NA,Valencia,1,1,€ 64,2019/11/02,2019/11/03,0,"8,3",90
Hotel Alkazar,408511,NA,Valencia,1,1,€ 64,2019/11/02,2019/11/03,1,"8,1",90
Hotel Medium Valencia,96838,NA,Valencia,1,1,€ 90,2019/11/02,2019/11/03,4,"8,2",90
NH Valencia Center,90727,NA,Valencia,1,1,€ 98,2019/11/02,2019/11/03,4,"8,3",90
Apartamentos Plaza Picasso,97063,Apartamentos,Valencia,1,1,€ 67,2019/11/02,2019/11/03,0,"8,4",90
Tryp Valencia Feria,92852,NA,Valencia,1,1,€ 68,2019/11/02,2019/11/03,4,"8,3",90
APARTAMENTO LAS MELLIZAS,4651578,NA,Valencia,1,1,€ 50,2019/11/02,2019/11/03,0,"8,4",90
Reina's Apartment,2130930,Apartamentos,Valencia,1,1,€ 103,2019/11/02,2019/11/03,0,"8,4",90
Sol Playa,12656,NA,Valencia,1,1,€ 68,2019/11/02,2019/11/03,2,"8,3",90
MD Modern Hotel - Jardines,305447,NA,Valencia,1,1,€ 105,2019/11/02,2019/11/03,1,"8,2",90
Sweet Hotel Continental,93856,NA,Valencia,1,1,€ 109,2019/11/02,2019/11/03,2,"8,3",90
Reina 12,1684198,NA,Valencia,1,1,€ 70,2019/11/02,2019/11/03,0,"8,3",90
Colón Market Downtown,4607745,Apartamento,Valencia,1,1,NA,2019/11/02,2019/11/03,0,"9,7",90
Apartamento Ciudad de las Artes y las Ciencias,4353552,Apartamento,Valencia,1,1,€ 110,2019/11/02,2019/11/03,0,"8,4",90
STYLISH APARTMENT - CITY CENTER,2861517,Apartamento,Valencia,1,1,€ 114,2019/11/02,2019/11/03,0,8,90
Casual de las Artes Valencia,538056,NA,Valencia,1,1,€ 115,2019/11/02,2019/11/03,3,"8,4",90
Eurostars Rey Don Jaime,91520,NA,Valencia,1,1,€ 116,2019/11/02,2019/11/03,4,"8,2",90
Ilunion Aqua 3,92776,NA,Valencia,1,1,€ 120,2019/11/02,2019/11/03,3,"8,3",90
Apartamento Privado Próximo a Playa y Ciencias,3783163,Apartamento,Valencia,1,1,€ 120,2019/11/02,2019/11/03,0,"8,1",90
Valencia what else...,2550483,Apartamento,Valencia,1,1,NA,2019/11/02,2019/11/03,0,"9,5",90
B&B Hi Valencia Canovas,305349,NA,Valencia,1,1,€ 125,2019/11/02,2019/11/03,0,"8,4",90
United Colors of Apartments - Catedral,1301545,Apartamentos,Valencia,1,1,€ 131,2019/11/02,2019/11/03,0,"8,2",90
Carrer de María Montessori,3272386,Apartamento,Valencia,1,1,€ 136,2019/11/02,2019/11/03,0,"8,3",90
Apartamento Gran Vía Marqués del Turia,2358973,Apartamento,Valencia,1,1,€ 140,2019/11/02,2019/11/03,0,"8,4",90
Ilunion Valencia 4,754329,NA,Valencia,1,1,€ 141,2019/11/02,2019/11/03,4,8,90
Valenciaflats Torres de Serrano,17468,Apartamentos,Valencia,1,1,€ 147,2019/11/02,2019/11/03,0,"8,3",90
La seda stay,3335523,Apartamento,Valencia,1,1,NA,2019/11/02,2019/11/03,0,"9,7",90
Eurostars Gran Valencia,90484,NA,Valencia,1,1,€ 152,2019/11/02,2019/11/03,4,"8,3",90
Hotel Conqueridor,91047,NA,Valencia,1,1,€ 153,2019/11/02,2019/11/03,4,"8,4",90
Casa los Peces,3234194,Apartamento,Valencia,1,1,€ 154,2019/11/02,2019/11/03,0,"8,3",90
Musico Peydro Apartments,3765069,Apartamentos,Valencia,1,1,€ 167,2019/11/02,2019/11/03,0,"8,1",90
SH Ingles Boutique Hotel,92956,NA,Valencia,1,1,€ 168,2019/11/02,2019/11/03,4,"8,4",90
Vlc Apartaments el Carmen,389902,Apartamentos,Valencia,1,1,€ 220,2019/11/02,2019/11/03,0,"8,1",90
MD Benlliure Beach.,1957258,Apartamento,Valencia,1,1,€ 254,2019/11/02,2019/11/03,0,"8,1",90
Malvarrosa Calle Pavia,3608764,Casa o chalet,Valencia,1,1,€ 271,2019/11/02,2019/11/03,0,"8,1",90
NWT Central Station Apartments,3964093,Apartamento,Valencia,1,1,€ 300,2019/11/02,2019/11/03,0,"8,4",90
UP Hostel Valencia,1710137,NA,Valencia,1,1,€ 27,2019/11/02,2019/11/03,0,"7,8",90
Apart and Benef,2291245,NA,Valencia,1,1,€ 34,2019/11/02,2019/11/03,0,"7,7",90
Habitación Céntrica en Casa de Familia,4289877,NA,Valencia,1,1,€ 35,2019/11/02,2019/11/03,0,"7,9",90
Habitación San Cayetano,4624401,NA,Valencia,1,1,€ 35,2019/11/02,2019/11/03,0,"7,7",90
Voyagers Inn Homestay,2682156,NA,Valencia,1,1,€ 42,2019/11/02,2019/11/03,0,"7,8",90
Pensión Universal,304276,NA,Valencia,1,1,€ 44,2019/11/02,2019/11/03,0,"7,9",90
Hostal Moratin,326015,NA,Valencia,1,1,€ 48,2019/11/02,2019/11/03,1,"7,9",90
Valencia City Host,1177077,NA,Valencia,1,1,€ 49,2019/11/02,2019/11/03,0,"7,8",90
OYO Pensión El Rincón,476031,NA,Valencia,1,1,€ 50,2019/11/02,2019/11/03,1,"7,8",90
