name,propertyId,propertyType,city,rooms,days,price,checkIn,checkOut,stars,score,advance
Governor Residence,3799760,Apartahotel,Valencia,1,1,€ 600,2019/09/19,2019/09/20,0,,30
Gulet Why Not,5199364,NA,Valencia,1,1,€ 3.600,2019/09/19,2019/09/20,0,,30
Valencia Luxury La Paz,1107542,NA,Valencia,1,1,€ 450,2019/09/19,2019/09/20,0,"7,2",30
PISO ACOGEDOR,4995780,NA,Valencia,1,1,€ 50,2019/09/19,2019/09/20,0,"6,9",30
La Casa Verde - Ruzafa,2029143,NA,Valencia,1,1,NA,2019/09/19,2019/09/20,0,"9,7",30
Geography and Arts.,3569110,NA,Valencia,1,1,€ 60,2019/09/19,2019/09/20,0,"6,7",30
Premium Apartments,486507,NA,Valencia,1,1,€ 114,2019/09/19,2019/09/20,0,"6,9",30
Malvarrosa Beach,3546692,NA,Valencia,1,1,€ 768,2019/09/19,2019/09/20,0,"6,6",30
Habitación con cama doble,4794909,NA,Valencia,1,1,€ 41,2019/09/19,2019/09/20,0,"6,3",30
Fun and Sun Center 2,2944416,NA,Valencia,1,1,€ 45,2019/09/19,2019/09/20,0,"6,1",30
Kirei Apartment San Agustin,1712323,NA,Valencia,1,1,€ 126,2019/09/19,2019/09/20,0,"6,2",30
APARTAMENTO DE DISEÑO EN PLAZA MANISES,2823390,NA,Valencia,1,1,NA,2019/09/19,2019/09/20,0,"9,7",30
Casita Esmeralda,2040126,NA,Valencia,1,1,€ 139,2019/09/19,2019/09/20,0,"6,3",30
RoomTuristValencia - Ruzafa,4608394,NA,Valencia,1,1,€ 30,2019/09/19,2019/09/20,0,"5,6",30
Guest House Higinio Noja,2845935,NA,Valencia,1,1,€ 30,2019/09/19,2019/09/20,0,"5,9",30
Carrer del Bisbe Jaume Pérez,4900140,NA,Valencia,1,1,€ 60,2019/09/19,2019/09/20,0,"5,6",30
Home Sweet Home,1223953,NA,Valencia,1,1,€ 60,2019/09/19,2019/09/20,0,"5,6",30
Oliver,4865093,NA,Valencia,1,1,€ 73,2019/09/19,2019/09/20,0,"5,7",30
Apartamento Bolseria 28,881275,NA,Valencia,1,1,NA,2019/09/19,2019/09/20,0,"9,5",30
Kirei Apartment Berlin,4504570,NA,Valencia,1,1,€ 126,2019/09/19,2019/09/20,0,"5,7",30
Guest House Duc de Gaeta,2275007,NA,Valencia,1,1,€ 33,2019/09/19,2019/09/20,0,5,30
RoomTuristValencia Estacion del Norte,4682632,NA,Valencia,1,1,€ 35,2019/09/19,2019/09/20,0,"5,2",30
Guest House Torres de Quart,2275006,NA,Valencia,1,1,€ 35,2019/09/19,2019/09/20,0,"5,4",30
RoomTuristValencia Torres de Quart,4565643,NA,Valencia,1,1,€ 30,2019/09/19,2019/09/20,0,"4,5",30
Guesthouse Plaza de Toros,2985902,NA,Valencia,1,1,€ 33,2019/09/19,2019/09/20,0,"4,9",30
Valencia what else...,2550483,NA,Valencia,1,1,NA,2019/09/19,2019/09/20,0,"9,5",30
RoomTuristValencia RuzafaSumsi,4682802,NA,Valencia,1,1,€ 40,2019/09/19,2019/09/20,0,"4,8",30
Port of Valencia,3805735,NA,Valencia,1,1,€ 79,2019/09/19,2019/09/20,0,"4,7",30
Apartamento Islas Canarias,2304086,NA,Valencia,1,1,€ 71,2019/09/19,2019/09/20,0,4,30
Hostal Antigua Morellana,1273937,NA,Valencia,1,1,€ 80,2019/09/19,2019/09/20,1,"9,5",30
United Colors of Apartments Boutique Style,5372347,Apartamentos,Valencia,1,1,€ 89,2019/09/19,2019/09/20,0,"9,9",30
VALENCIA APARTAMENTO GOYA,4256653,Apartamento,Valencia,1,1,NA,2019/09/19,2019/09/20,0,10,30
Centro en Valencia,2885222,Apartamento,Valencia,1,1,€ 100,2019/09/19,2019/09/20,0,"9,5",30
Malvarosa,3820590,NA,Valencia,1,1,€ 290,2019/09/19,2019/09/20,0,"3,9",30
Constitucion Guesthouse,2985942,NA,Valencia,1,1,€ 30,2019/09/19,2019/09/20,0,"3,4",30
Calle de Felipe Salvador a 10' andando la playa,4789105,NA,Valencia,1,1,€ 35,2019/09/19,2019/09/20,0,,30
Bubuflats Bubu 3,1014334,Apartamento,Valencia,1,1,€ 110,2019/09/19,2019/09/20,0,"9,6",30
Opera House Valencia B&B,3533887,NA,Valencia,1,1,€ 124,2019/09/19,2019/09/20,0,"9,5",30
RUZAFA- CENTRO-A/C- WI-FI- PARKING,2885994,Apartamento,Valencia,1,1,€ 140,2019/09/19,2019/09/20,0,"9,7",30
15 Avinguda Mare Nostrum,4518973,Apartamento,Valencia,1,1,€ 145,2019/09/19,2019/09/20,0,"9,8",30
Ramirez Flats & Bar,4124528,Apartahotel,Valencia,1,1,€ 158,2019/09/19,2019/09/20,0,"9,5",30
Colón Market Downtown,4607745,Apartamento,Valencia,1,1,NA,2019/09/19,2019/09/20,0,"9,7",30
Disfruta - Enjoy Valencia Ruzafa,3890328,Apartamento,Valencia,1,1,€ 165,2019/09/19,2019/09/20,0,"9,7",30
Disfruta - Enjoy Valencia Oceanografic,4121345,Apartamento,Valencia,1,1,€ 169,2019/09/19,2019/09/20,0,"9,6",30
Disfruta - Enjoy Valencia Ayuntamiento,4901194,Apartamento,Valencia,1,1,€ 169,2019/09/19,2019/09/20,0,"9,8",30
Art&Flats Bed&Breakfast,5238345,NA,Valencia,1,1,€ 45,2019/09/19,2019/09/20,0,"9,2",30
Cantagua Hostel,4074640,NA,Valencia,1,1,€ 24,2019/09/19,2019/09/20,0,"9,1",30
Habitación privada a 1500 metros de la playa,3789910,NA,Valencia,1,1,€ 60,2019/09/19,2019/09/20,0,"9,2",30
Apartamento Forn dels Apòstols,3122008,Apartamento,Valencia,1,1,NA,2019/09/19,2019/09/20,0,"9,6",30
City Garden Bed and Breakfast,2204361,NA,Valencia,1,1,€ 86,2019/09/19,2019/09/20,0,"9,4",30
Apartment Cisneros 2,2361375,NA,Valencia,1,1,NA,2019/09/19,2019/09/20,0,"9,7",30
Amplia habitación en piso compartido,5433175,NA,Valencia,1,1,€ 40,2019/09/19,2019/09/20,0,,30
Rooms El Picolino,5326859,NA,Valencia,1,1,€ 52,2019/09/19,2019/09/20,0,,30
Florista's Rooms en Valencia,5502152,NA,Valencia,1,1,€ 60,2019/09/19,2019/09/20,0,,30
vosotros sereis parte de mi familia.,5299568,NA,Valencia,1,1,€ 60,2019/09/19,2019/09/20,0,,30
Mi casa es vuestra casa,4967097,NA,Valencia,1,1,€ 70,2019/09/19,2019/09/20,0,,30
Hogar Dulce Hogar,5426607,NA,Valencia,1,1,€ 70,2019/09/19,2019/09/20,0,,30
Casa La Buhardilla,2985364,NA,Valencia,1,1,NA,2019/09/19,2019/09/20,0,"9,6",30
APARTAMENTO EN LA PLAYA,5503515,NA,Valencia,1,1,€ 70,2019/09/19,2019/09/20,0,,30
Habitación en Valencia,5477394,NA,Valencia,1,1,€ 72,2019/09/19,2019/09/20,0,,30
Brugada home,5259150,NA,Valencia,1,1,€ 75,2019/09/19,2019/09/20,0,,30
Comfort Homestay,5423155,NA,Valencia,1,1,€ 75,2019/09/19,2019/09/20,0,,30
Una Ubicacion Perfecta,3114164,Apartamentos,Valencia,1,1,€ 88,2019/09/19,2019/09/20,0,"9,1",30
Apartamento cerca de la Playa y el Centro,2620264,Apartamento,Valencia,1,1,€ 88,2019/09/19,2019/09/20,0,9,30
La casita de Palomar,2132386,Apartamentos,Valencia,1,1,€ 89,2019/09/19,2019/09/20,0,"9,4",30
Apartamento Rosaleda,3014201,Apartamento,Valencia,1,1,€ 90,2019/09/19,2019/09/20,0,9,30
Blanq Comedias,4922002,NA,Valencia,1,1,€ 90,2019/09/19,2019/09/20,0,"9,2",30
CÓMODAS HABITACIONES CERCA DE LA PLAYA,5041799,NA,Valencia,1,1,NA,2019/09/19,2019/09/20,0,"9,5",30
"Piso ""Como en tu casa""",2689136,Apartamento,Valencia,1,1,€ 96,2019/09/19,2019/09/20,0,"9,2",30
YOU & CO. Saler Beach Boutique,4533007,NA,Valencia,1,1,€ 99,2019/09/19,2019/09/20,3,"9,1",30
Turia Burjassot 12,3237353,Apartamento,Valencia,1,1,€ 100,2019/09/19,2019/09/20,0,9,30
Dolz Garden Ruzafa,1123993,Apartamentos,Valencia,1,1,€ 100,2019/09/19,2019/09/20,0,"9,2",30
Bianca,4232781,Apartamentos,Valencia,1,1,€ 102,2019/09/19,2019/09/20,0,9,30
Live in Chianti,2227491,NA,Valencia,1,1,€ 104,2019/09/19,2019/09/20,0,"9,1",30
City Valencia Beach 360,4504803,Apartamento,Valencia,1,1,NA,2019/09/19,2019/09/20,0,"9,5",30
Magnífico Adosado- cerca de Valencia ciudad- en zona de montaña y playa fluvial,5354233,NA,Valencia,1,1,€ 88,2019/09/19,2019/09/20,0,,30
Nest Style Valencia -Nueva apertura-,5219046,NA,Valencia,1,1,€ 92,2019/09/19,2019/09/20,3,,30
casa la tranquilidad,5516825,NA,Valencia,1,1,€ 120,2019/09/19,2019/09/20,0,,30
RAVALENCIA 4,3377937,NA,Valencia,1,1,€ 124,2019/09/19,2019/09/20,0,,30
Kirei Apartment Dublin,4639542,NA,Valencia,1,1,€ 126,2019/09/19,2019/09/20,0,,30
Art of Music Apartment Valencia,5263849,NA,Valencia,1,1,€ 130,2019/09/19,2019/09/20,0,,30
Valencia Puerto Beach 3BD Apartment,5249773,NA,Valencia,1,1,€ 144,2019/09/19,2019/09/20,0,,30
DREAM APARTMENT NEAR THE BEACH,5162600,NA,Valencia,1,1,€ 170,2019/09/19,2019/09/20,0,,30
AA la Nueva Fe,4377808,NA,Valencia,1,1,€ 176,2019/09/19,2019/09/20,0,,30
Calle eugenia viñes 211 Apartamento,5466253,NA,Valencia,1,1,€ 235,2019/09/19,2019/09/20,0,,30
"Flat ""Ca Alexandre""",3687859,NA,Valencia,1,1,€ 240,2019/09/19,2019/09/20,0,,30
Apartamento con terraza,5238122,NA,Valencia,1,1,€ 240,2019/09/19,2019/09/20,0,,30
beach front house/ frente al mar,5424585,NA,Valencia,1,1,€ 298,2019/09/19,2019/09/20,0,,30
MD PASEO RUZAFA CENTER,5374850,NA,Valencia,1,1,€ 439,2019/09/19,2019/09/20,0,,30
Bubuflats Bubu 5,1283519,Apartamento,Valencia,1,1,€ 110,2019/09/19,2019/09/20,0,"9,1",30
Welcome Apartamentos Pintor Stolz 31 Valencia,5019066,Apartamento,Valencia,1,1,€ 110,2019/09/19,2019/09/20,0,"9,1",30
BUBUSUITES by Bubuflats,2389776,NA,Valencia,1,1,€ 110,2019/09/19,2019/09/20,0,"9,3",30
L'Arbre,3972359,Apartamento,Valencia,1,1,€ 110,2019/09/19,2019/09/20,0,"9,2",30
Apartments Abate 4,2848648,Apartamentos,Valencia,1,1,€ 112,2019/09/19,2019/09/20,0,"9,1",30
Center Valencia,2944722,Casa o chalet,Valencia,1,1,€ 116,2019/09/19,2019/09/20,0,"9,3",30
Apartamento en la Ciudad de las Artes y las Ciencias,3552283,Apartamento,Valencia,1,1,NA,2019/09/19,2019/09/20,0,"9,5",30
Valenciaflats Centro Ciudad,18544,Apartamentos,Valencia,1,1,€ 120,2019/09/19,2019/09/20,0,"9,1",30
Apartment close to park Marchalenes,4418670,Apartamento,Valencia,1,1,€ 120,2019/09/19,2019/09/20,0,"9,1",30
Hostal Venecia,92883,NA,Valencia,1,1,€ 121,2019/09/19,2019/09/20,2,"9,1",30
Valenciaflats Ciudad de las Ciencias,93676,Apartamentos,Valencia,1,1,€ 129,2019/09/19,2019/09/20,0,"9,1",30
Casa Cosy,375456,Apartamentos,Valencia,1,1,€ 130,2019/09/19,2019/09/20,0,"9,4",30
Hotel Valencia Alameda,4019381,NA,Valencia,1,1,€ 131,2019/09/19,2019/09/20,4,"9,3",30
Mediterranean Flats Plaza Redonda,4086496,Apartamentos,Valencia,1,1,€ 145,2019/09/19,2019/09/20,0,"9,2",30
The Flow House,4762375,Apartamentos,Valencia,1,1,€ 146,2019/09/19,2019/09/20,0,"9,4",30
Apartamentos Wallace,1698355,Apartamentos,Valencia,1,1,€ 147,2019/09/19,2019/09/20,0,"9,2",30
HQ Rooms Apartments San Vicente,2894429,Apartamentos,Valencia,1,1,€ 149,2019/09/19,2019/09/20,0,"9,3",30
OCEANOGRAFIC APARTMENT. PARKING. WI-FI,3107716,Apartamentos,Valencia,1,1,€ 150,2019/09/19,2019/09/20,0,9,30
Sweet Caroline Apartment,1811784,Apartamento,Valencia,1,1,€ 150,2019/09/19,2019/09/20,0,"9,2",30
B BEACH VALENCIA,5125954,Apartamento,Valencia,1,1,€ 150,2019/09/19,2019/09/20,0,"9,4",30
Mon Suites San Nicolas,4117225,Apartamentos,Valencia,1,1,€ 152,2019/09/19,2019/09/20,0,"9,2",30
MD Design Hotel - Portal del Real,2391685,NA,Valencia,1,1,€ 154,2019/09/19,2019/09/20,2,"9,1",30
Center City Flats,861452,Apartamentos,Valencia,1,1,€ 154,2019/09/19,2019/09/20,0,"9,1",30
Duplex en Blasco Ibáñez,3672426,Apartamento,Valencia,1,1,€ 155,2019/09/19,2019/09/20,0,"9,1",30
Mon Suites Catedral,485679,Apartamentos,Valencia,1,1,€ 156,2019/09/19,2019/09/20,0,"9,2",30
Reina's Apartment,2130930,NA,Valencia,1,1,€ 94,2019/09/19,2019/09/20,0,"8,4",30
Happy Apartments Valencia,456043,NA,Valencia,1,1,€ 94,2019/09/19,2019/09/20,0,"8,2",30
Tres Forques,2854630,NA,Valencia,1,1,NA,2019/09/19,2019/09/20,0,"9,5",30
Hotel Miramar,23332,NA,Valencia,1,1,€ 96,2019/09/19,2019/09/20,2,"8,4",30
APARTAMENTO LAS MELLIZAS,4651578,NA,Valencia,1,1,€ 50,2019/09/19,2019/09/20,0,"8,4",30
SHF Flats Baron,1033085,NA,Valencia,1,1,€ 100,2019/09/19,2019/09/20,0,8,30
Apartamento Privado Próximo a Playa y Ciencias,3783163,NA,Valencia,1,1,€ 110,2019/09/19,2019/09/20,0,"8,1",30
Primus Valencia,331871,NA,Valencia,1,1,€ 114,2019/09/19,2019/09/20,4,"8,2",30
L'Otelet By Sweet,1467935,NA,Valencia,1,1,€ 122,2019/09/19,2019/09/20,0,"8,3",30
Lounge by the sea,4756780,NA,Valencia,1,1,NA,2019/09/19,2019/09/20,0,"9,8",30
Valenciaflats Torres de Serrano,17468,NA,Valencia,1,1,€ 124,2019/09/19,2019/09/20,0,"8,3",30
Friendly Rentals Puerto Deportivo,2317861,NA,Valencia,1,1,€ 133,2019/09/19,2019/09/20,0,"8,2",30
NWT Central Station Apartments,3964093,NA,Valencia,1,1,€ 134,2019/09/19,2019/09/20,0,"8,3",30
Sweet Hotel Continental,93856,NA,Valencia,1,1,€ 134,2019/09/19,2019/09/20,2,"8,3",30
Plaza Redonda Apartments,1665625,NA,Valencia,1,1,€ 135,2019/09/19,2019/09/20,0,"8,1",30
NH Valencia Las Ciencias,90725,NA,Valencia,1,1,€ 137,2019/09/19,2019/09/20,3,8,30
Casa Botànic - Céntrico y con comodidades,4218273,NA,Valencia,1,1,NA,2019/09/19,2019/09/20,0,"9,8",30
MD Modern Hotel - Jardines,305447,NA,Valencia,1,1,€ 140,2019/09/19,2019/09/20,1,"8,2",30
Senator Parque Central Hotel,274963,NA,Valencia,1,1,€ 143,2019/09/19,2019/09/20,4,"8,1",30
Sweet Hotel Renasa,274818,NA,Valencia,1,1,€ 149,2019/09/19,2019/09/20,3,8,30
Ilunion Valencia 4,754329,NA,Valencia,1,1,€ 150,2019/09/19,2019/09/20,4,8,30
Friendly Rentals Ferrero,2314984,NA,Valencia,1,1,€ 152,2019/09/19,2019/09/20,0,"8,3",30
Jardín Botánico Hotel Boutique,93369,NA,Valencia,1,1,€ 136,2019/09/19,2019/09/20,3,"8,9",30
Lotelito,570027,NA,Valencia,1,1,€ 138,2019/09/19,2019/09/20,0,"8,9",30
Casa Calle Conquista,4691493,Apartamento,Valencia,1,1,NA,2019/09/19,2019/09/20,0,"9,6",30
FREE WI-FI. Apartamentos 90 м2 - Assutzena 5,4828764,Apartamento,Valencia,1,1,€ 140,2019/09/19,2019/09/20,0,"8,5",30
Biopark View Apartment,2381901,Apartamento,Valencia,1,1,€ 142,2019/09/19,2019/09/20,0,"8,9",30
ValentiaApartments - MercadoCentral,4185241,Apartamentos,Valencia,1,1,€ 143,2019/09/19,2019/09/20,0,"8,7",30
Hotel Malcom and Barret,483261,NA,Valencia,1,1,€ 145,2019/09/19,2019/09/20,3,"8,7",30
Valenciaflats Mercado Central,307677,Apartamentos,Valencia,1,1,€ 152,2019/09/19,2019/09/20,0,"8,9",30
One Shot Colón 46,1394168,NA,Valencia,1,1,€ 152,2019/09/19,2019/09/20,3,"8,7",30
NH Valencia Las Artes,90731,NA,Valencia,1,1,€ 152,2019/09/19,2019/09/20,4,"8,4",30
BONNIES Suites & Spa Valencia,3631910,NA,Valencia,1,1,NA,2019/09/19,2019/09/20,0,"9,8",30
Ilunion Aqua 3,92776,NA,Valencia,1,1,€ 154,2019/09/19,2019/09/20,3,"8,3",30
Friendly Rentals Telemann,1634241,NA,Valencia,1,1,€ 163,2019/09/19,2019/09/20,0,8,30
Tryp Valencia Feria,92852,NA,Valencia,1,1,€ 183,2019/09/19,2019/09/20,4,"8,3",30
Silken Puerta Valencia,91182,NA,Valencia,1,1,€ 185,2019/09/19,2019/09/20,4,"8,3",30
Hotel Valencia Center,91285,NA,Valencia,1,1,€ 187,2019/09/19,2019/09/20,4,"8,4",30
Constitución,4229663,Apartamento,Valencia,1,1,NA,2019/09/19,2019/09/20,0,"9,6",30
Hotel Dimar,90886,NA,Valencia,1,1,€ 158,2019/09/19,2019/09/20,4,"8,7",30
Hotel San Lorenzo Boutique,1307718,NA,Valencia,1,1,€ 158,2019/09/19,2019/09/20,3,"8,6",30
Melia Valencia,290493,NA,Valencia,1,1,€ 160,2019/09/19,2019/09/20,4,"8,8",30
Puerta de Serranos,2734333,Apartamentos,Valencia,1,1,€ 161,2019/09/19,2019/09/20,0,"8,8",30
SKY TOURISTIC ATTIC,281640,Apartamentos,Valencia,1,1,€ 162,2019/09/19,2019/09/20,0,"8,5",30
Friendly Rentals Verdi 2,2523881,Apartamento,Valencia,1,1,€ 164,2019/09/19,2019/09/20,0,"8,7",30
Preciosa Casita Cerca Del Mar,4057271,Apartamento,Valencia,1,1,NA,2019/09/19,2019/09/20,0,"9,7",30
Zenit Valencia,92327,NA,Valencia,1,1,€ 168,2019/09/19,2019/09/20,4,"8,8",30
Cathedral Suites Hotel,1736257,Apartahotel,Valencia,1,1,€ 169,2019/09/19,2019/09/20,4,"8,9",30
Canela`s Vintage Ruzafa Centro,4652584,Apartamento,Valencia,1,1,€ 170,2019/09/19,2019/09/20,0,"8,6",30
Soho Valencia,1538641,Apartahotel,Valencia,1,1,€ 174,2019/09/19,2019/09/20,0,"8,9",30
Citizentral Gascons,332095,Apartamentos,Valencia,1,1,€ 187,2019/09/19,2019/09/20,0,"8,7",30
Ilunion Aqua 4,92777,NA,Valencia,1,1,€ 204,2019/09/19,2019/09/20,4,"8,5",30
Central Park Apartment Valencia,3881533,Apartamento,Valencia,1,1,NA,2019/09/19,2019/09/20,0,"9,6",30
Melia Plaza Valencia,13270,NA,Valencia,1,1,€ 209,2019/09/19,2019/09/20,4,"8,9",30
Hotel Neptuno,91206,NA,Valencia,1,1,€ 216,2019/09/19,2019/09/20,4,"8,5",30
SingularStays Parque Central,3054000,Apartamentos,Valencia,1,1,€ 218,2019/09/19,2019/09/20,0,"8,8",30
Ca Carmela,2466364,Casa o chalet,Valencia,1,1,€ 225,2019/09/19,2019/09/20,0,"8,9",30
Hotel Valencia Oceanic Managed by Melia Hotels International,91522,NA,Valencia,1,1,€ 227,2019/09/19,2019/09/20,4,"8,6",30
Apartamento Torres de Serrano,5083131,Apartamento,Valencia,1,1,€ 266,2019/09/19,2019/09/20,0,"8,5",30
Atico Loft Ruzafa,3152977,Apartamento,Valencia,1,1,NA,2019/09/19,2019/09/20,0,"9,7",30
AC Hotel Colon Valencia- a Marriott Lifestyle Hotel,1117150,NA,Valencia,1,1,€ 275,2019/09/19,2019/09/20,4,"8,7",30
Vincci Lys,91183,NA,Valencia,1,1,€ 315,2019/09/19,2019/09/20,4,"8,9",30
Musico Peydro Apartments,3765069,NA,Valencia,1,1,€ 188,2019/09/19,2019/09/20,0,"8,1",30
Luxury Beach House,3602594,NA,Valencia,1,1,NA,2019/09/19,2019/09/20,0,"9,7",30
Hotel Conqueridor,91047,NA,Valencia,1,1,€ 198,2019/09/19,2019/09/20,4,"8,4",30
Zerka Centro,4425975,NA,Valencia,1,1,€ 199,2019/09/19,2019/09/20,0,"8,4",30
Eurostars Gran Valencia,90484,NA,Valencia,1,1,€ 203,2019/09/19,2019/09/20,4,"8,3",30
Vlc Apartaments el Carmen,389902,NA,Valencia,1,1,€ 214,2019/09/19,2019/09/20,0,"8,1",30
Hotel Medium Valencia,96838,NA,Valencia,1,1,€ 248,2019/09/19,2019/09/20,4,"8,2",30
Malvarrosa Calle Pavia,3608764,NA,Valencia,1,1,€ 271,2019/09/19,2019/09/20,0,"8,1",30
Cool Loft Malvarrosa Beach,4309218,NA,Valencia,1,1,NA,2019/09/19,2019/09/20,0,"9,6",30
Vincci Palace,94163,NA,Valencia,1,1,€ 342,2019/09/19,2019/09/20,4,"8,6",30
Hospes Palau de La Mar,93823,NA,Valencia,1,1,€ 362,2019/09/19,2019/09/20,5,"8,8",30
Barceló Valencia,91988,NA,Valencia,1,1,€ 362,2019/09/19,2019/09/20,4,"8,7",30
SH Valencia Palace,91497,NA,Valencia,1,1,€ 774,2019/09/19,2019/09/20,5,"8,5",30
JL Ciudad de las Artes,3074378,Apartamento,Valencia,1,1,NA,2019/09/19,2019/09/20,0,"9,6",30
The Westin Valencia,93321,NA,Valencia,1,1,€ 5.559,2019/09/19,2019/09/20,5,"8,7",30
Habitacion en Valencia Barata,4861796,NA,Valencia,1,1,€ 45,2019/09/19,2019/09/20,0,"8,1",30
HABITACIÓN PRIVADA EN RUZAFA,4948581,NA,Valencia,1,1,€ 50,2019/09/19,2019/09/20,0,"8,2",30
Pension MonaLisa Luxury Suites,3834224,NA,Valencia,1,1,€ 60,2019/09/19,2019/09/20,0,"8,3",30
Hostal Abastos,257057,NA,Valencia,1,1,€ 60,2019/09/19,2019/09/20,2,"8,2",30
Casa Quintero Valencia Playa Cabañal,3715186,NA,Valencia,1,1,€ 280,2019/09/19,2019/09/20,0,"8,4",30
MD Benlliure Beach.,1957258,NA,Valencia,1,1,€ 296,2019/09/19,2019/09/20,0,8,30
MD Sueca. Apartment with Terrace Ruzafa,2551179,NA,Valencia,1,1,€ 375,2019/09/19,2019/09/20,0,"8,1",30
Center Valencia Youth Hostel,246931,NA,Valencia,1,1,€ 23,2019/09/19,2019/09/20,0,"7,9",30
UP Hostel Valencia,1710137,NA,Valencia,1,1,€ 27,2019/09/19,2019/09/20,0,"7,8",30
Apart and Benef,2291245,NA,Valencia,1,1,€ 34,2019/09/19,2019/09/20,0,"7,8",30
Habitación Céntrica en Casa de Familia,4289877,NA,Valencia,1,1,€ 35,2019/09/19,2019/09/20,0,"7,8",30
Pensión Universal,304276,NA,Valencia,1,1,€ 35,2019/09/19,2019/09/20,0,"7,9",30
Adrian's House,2271869,NA,Valencia,1,1,€ 38,2019/09/19,2019/09/20,0,"7,7",30
Hostal Moratin,326015,NA,Valencia,1,1,€ 39,2019/09/19,2019/09/20,1,"7,9",30
Aparthotel Valencia Rental,17344,Apartahotel,Valencia,1,1,€ 68,2019/09/19,2019/09/20,0,8,30
Urban Youth Hostel,1163025,NA,Valencia,1,1,€ 68,2019/09/19,2019/09/20,0,"8,4",30
Nanit Valencia Hostel,3913497,NA,Valencia,1,1,€ 69,2019/09/19,2019/09/20,0,"8,3",30
Reina 12,1684198,NA,Valencia,1,1,€ 70,2019/09/19,2019/09/20,0,"8,2",30
B&B Hi Valencia Canovas,305349,NA,Valencia,1,1,€ 71,2019/09/19,2019/09/20,0,"8,4",30
United Colors of Apartments - Catedral,1301545,Apartamentos,Valencia,1,1,€ 79,2019/09/19,2019/09/20,0,"8,2",30
City Suites Apartments,3091106,NA,Valencia,1,1,€ 79,2019/09/19,2019/09/20,0,"8,4",30
Red Nest Hostel,92283,NA,Valencia,1,1,€ 81,2019/09/19,2019/09/20,0,"8,2",30
Down Town,1656378,Apartamentos,Valencia,1,1,€ 81,2019/09/19,2019/09/20,0,"8,3",30
Purple Nest Hostel,25278,NA,Valencia,1,1,€ 84,2019/09/19,2019/09/20,0,"8,1",30
Dormavalencia Hostel,249585,NA,Valencia,1,1,€ 85,2019/09/19,2019/09/20,1,"8,2",30
Center Apartments,4152091,Apartamentos,Valencia,1,1,€ 87,2019/09/19,2019/09/20,0,"8,1",30
Sol Playa,12656,NA,Valencia,1,1,€ 87,2019/09/19,2019/09/20,2,"8,3",30
Habitación San Cayetano,4624401,NA,Valencia,1,1,€ 40,2019/09/19,2019/09/20,0,"7,7",30
Habitacion PLaza Ayuntamiento,4365340,NA,Valencia,1,1,€ 50,2019/09/19,2019/09/20,0,"7,6",30
Casual Civilizaciones Valencia,449777,NA,Valencia,1,1,€ 53,2019/09/19,2019/09/20,0,"7,9",30
Casual de la Música Valencia,273130,NA,Valencia,1,1,€ 54,2019/09/19,2019/09/20,2,"7,5",30
Hospederia del Pilar,327766,NA,Valencia,1,1,€ 54,2019/09/19,2019/09/20,0,"7,9",30
Como en casa,4802186,NA,Valencia,1,1,€ 54,2019/09/19,2019/09/20,0,"7,9",30
Valencia City Host,1177077,NA,Valencia,1,1,€ 54,2019/09/19,2019/09/20,0,"7,8",30
Hostal El Cid,309465,NA,Valencia,1,1,€ 55,2019/09/19,2019/09/20,2,"7,6",30
Hostal Bisbal,235665,NA,Valencia,1,1,€ 60,2019/09/19,2019/09/20,1,"7,5",30
Habitacion por dias Centro Valencia,3977106,NA,Valencia,1,1,€ 64,2019/09/19,2019/09/20,0,"7,9",30
Apartamento centro frente a Torres de Serrano,3408067,Apartamento,Valencia,1,1,NA,2019/09/19,2019/09/20,0,"9,5",30
Jero Rooms,296743,NA,Valencia,1,1,€ 66,2019/09/19,2019/09/20,0,"7,7",30
United Colors of Studios - Mercado Central,2574108,Apartamentos,Valencia,1,1,€ 69,2019/09/19,2019/09/20,0,"7,9",30
City Center Apartments,4426057,Apartamentos,Valencia,1,1,€ 81,2019/09/19,2019/09/20,0,"7,8",30
OYO Pensión El Rincón,476031,NA,Valencia,1,1,€ 85,2019/09/19,2019/09/20,1,"7,7",30
SEA YOU HOTEL PORT VALENCIA,92328,NA,Valencia,1,1,€ 92,2019/09/19,2019/09/20,4,"7,6",30
Torres Quart,3702234,Apartamentos,Valencia,1,1,€ 96,2019/09/19,2019/09/20,0,"7,7",30
Casa Calle Conquista,4691493,Apartamento,Valencia,1,1,NA,2019/09/19,2019/09/20,0,"9,6",30
Suites by Eric Olsan (Peset),4726296,Apartamentos,Valencia,1,1,€ 98,2019/09/19,2019/09/20,0,"7,7",30
Suites by Eric Olsan (L),4287413,Apartamentos,Valencia,1,1,€ 98,2019/09/19,2019/09/20,0,"7,5",30
Hotel Turia,14441,NA,Valencia,1,1,€ 99,2019/09/19,2019/09/20,4,"7,5",30
SHF Plaza de la Reina,1682520,Apartamentos,Valencia,1,1,€ 100,2019/09/19,2019/09/20,0,"7,7",30
Plaza Sainetero 5,3148458,Apartamento,Valencia,1,1,€ 102,2019/09/19,2019/09/20,0,"7,8",30
El 16 Ruzafa,865461,Apartamentos,Valencia,1,1,€ 114,2019/09/19,2019/09/20,0,"7,7",30
Disfruta - Enjoy Valencia Centre,3881970,Apartamento,Valencia,1,1,NA,2019/09/19,2019/09/20,0,"9,8",30
Kirei Apartment Vienna,4639797,Apartamento,Valencia,1,1,€ 115,2019/09/19,2019/09/20,0,"7,9",30
Apartamento Alguer,4005334,Apartamento,Valencia,1,1,€ 125,2019/09/19,2019/09/20,0,"7,6",30
El Globo,24498,NA,Valencia,1,1,€ 128,2019/09/19,2019/09/20,1,"7,8",30
Kirei Apartment San Vicente,1774062,Apartamento,Valencia,1,1,€ 132,2019/09/19,2019/09/20,0,"7,5",30
Checkin Valencia,93743,NA,Valencia,1,1,€ 134,2019/09/19,2019/09/20,4,"7,8",30
Old Town Flats Casa Burguerini,4552106,Apartamentos,Valencia,1,1,€ 136,2019/09/19,2019/09/20,0,"7,6",30
Casa Botànic - Céntrico y con comodidades,4218273,Apartamento,Valencia,1,1,NA,2019/09/19,2019/09/20,0,"9,8",30
Kirei Apartment Calgary,4768322,Apartamento,Valencia,1,1,€ 137,2019/09/19,2019/09/20,0,"7,6",30
Apartamento cerca de la playa y Ciudad de las Ciencias,4576062,Apartamento,Valencia,1,1,€ 158,2019/09/19,2019/09/20,0,"7,8",30
Apartment Valencia,348555,Apartamentos,Valencia,1,1,€ 169,2019/09/19,2019/09/20,0,"7,8",30
Friendly rentals Enesco Beach,2526514,Apartamento,Valencia,1,1,€ 179,2019/09/19,2019/09/20,0,"7,9",30
Valencia Luxury Attics Ayuntamiento,337092,Apartamentos,Valencia,1,1,€ 220,2019/09/19,2019/09/20,0,"7,5",30
MD Art Apartment Ruzafa,2550955,Apartamento,Valencia,1,1,€ 291,2019/09/19,2019/09/20,0,"7,7",30
Tres Forques,2854630,Apartamento,Valencia,1,1,NA,2019/09/19,2019/09/20,0,"9,5",30
MD Pelayo with terrace,1979067,Apartamento,Valencia,1,1,€ 291,2019/09/19,2019/09/20,0,"7,8",30
MD Abastos Center,2551194,Apartamento,Valencia,1,1,€ 329,2019/09/19,2019/09/20,0,"7,7",30
MD Oliag I Apartment Ruzafa,2867488,Apartamento,Valencia,1,1,€ 375,2019/09/19,2019/09/20,0,"7,7",30
feliz como en casa,3676196,NA,Valencia,1,1,€ 36,2019/09/19,2019/09/20,0,"7,2",30
HOSPEDAJE PESET,4718074,NA,Valencia,1,1,€ 40,2019/09/19,2019/09/20,0,"7,2",30
63 Carrer d'Ernest Anastasio,4594613,NA,Valencia,1,1,€ 41,2019/09/19,2019/09/20,0,"7,4",30
Garden Turia Downtown,5201200,Apartamento,Valencia,1,1,NA,2019/09/19,2019/09/20,0,"9,9",30
B&B El Mercat,2203530,NA,Valencia,1,1,€ 55,2019/09/19,2019/09/20,0,"7,3",30
Hostal Waksman,281139,NA,Valencia,1,1,€ 60,2019/09/19,2019/09/20,1,"7,3",30
central station valencia,2414838,Apartamentos,Valencia,1,1,€ 65,2019/09/19,2019/09/20,0,7,30
Central Station Valencia Hostel,1647017,NA,Valencia,1,1,€ 69,2019/09/19,2019/09/20,0,"7,1",30
Avenida del Cid (Centrico),4737683,Apartamento,Valencia,1,1,€ 69,2019/09/19,2019/09/20,0,7,30
Homestay & OLEE,4132920,NA,Valencia,1,1,€ 75,2019/09/19,2019/09/20,0,"7,3",30
Centro Valencia Calle Cerrajeros,3476261,NA,Valencia,1,1,€ 75,2019/09/19,2019/09/20,0,"7,1",30
Hostal Residencial RR,450746,NA,Valencia,1,1,€ 80,2019/09/19,2019/09/20,0,7,30
Malvarrosa Beach Rooms,314048,NA,Valencia,1,1,€ 85,2019/09/19,2019/09/20,2,"7,1",30
Valencia Apartments,4367788,Apartamentos,Valencia,1,1,€ 87,2019/09/19,2019/09/20,0,"7,2",30
SHF Sevilla Loft,850157,Apartamentos,Valencia,1,1,€ 100,2019/09/19,2019/09/20,0,"7,4",30
Apartamento Angel Alcazar 35,2174625,Apartamento,Valencia,1,1,€ 100,2019/09/19,2019/09/20,0,"7,4",30
Kirei Apartment Na Jordana,1702092,Apartamentos,Valencia,1,1,€ 101,2019/09/19,2019/09/20,0,7,30
HOSTAL BED OF THE SEA,3974636,NA,Valencia,1,1,€ 102,2019/09/19,2019/09/20,0,7,30
NWT Monserrat,3728842,Apartamentos,Valencia,1,1,€ 112,2019/09/19,2019/09/20,0,7,30
Accommodation Beach Apartments,1001766,Apartamentos,Valencia,1,1,€ 120,2019/09/19,2019/09/20,0,"7,1",30
Kirei Apartment En Llop,1765516,Apartamentos,Valencia,1,1,€ 137,2019/09/19,2019/09/20,0,"7,1",30
Apartamento para 10 personas,5029963,Apartamento,Valencia,1,1,€ 200,2019/09/19,2019/09/20,0,"7,3",30
Edificio Pentagono,4673669,NA,Valencia,1,1,€ 185,2019/09/19,2019/09/20,0,"9,2",30
Hotel Boutique Balandret,1281710,NA,Valencia,1,1,€ 200,2019/09/19,2019/09/20,3,"9,2",30
Hexagonal Design Apartment Valencia,4630643,NA,Valencia,1,1,NA,2019/09/19,2019/09/20,0,"9,5",30
Hi Valencia Cánovas,4312120,NA,Valencia,1,1,€ 200,2019/09/19,2019/09/20,0,"9,1",30
ARENAS 2 APARTAMENT,2808815,NA,Valencia,1,1,€ 200,2019/09/19,2019/09/20,0,"9,2",30
Citizentral Juristas,1113127,NA,Valencia,1,1,€ 200,2019/09/19,2019/09/20,0,"9,2",30
Mon Suites San Martin,2777545,NA,Valencia,1,1,€ 201,2019/09/19,2019/09/20,0,"9,4",30
Friendly Rentals Rey,1634248,NA,Valencia,1,1,€ 218,2019/09/19,2019/09/20,0,9,30
Las Arenas Balneario Resort,91144,NA,Valencia,1,1,€ 230,2019/09/19,2019/09/20,5,9,30
Central apartment,4597029,NA,Valencia,1,1,NA,2019/09/19,2019/09/20,0,"9,5",30
MYR Hotel Plaza Mercado & Spa,1619029,NA,Valencia,1,1,€ 239,2019/09/19,2019/09/20,0,"9,2",30
Vincci Mercat,1279484,NA,Valencia,1,1,€ 243,2019/09/19,2019/09/20,4,9,30
Cozy apartment in Valencia center,3402135,NA,Valencia,1,1,€ 263,2019/09/19,2019/09/20,0,"9,2",30
Zerka Sendra,4657122,NA,Valencia,1,1,€ 309,2019/09/19,2019/09/20,0,9,30
Old Fisherman's House in Malvarrosa Beach,3618172,NA,Valencia,1,1,€ 346,2019/09/19,2019/09/20,0,"9,4",30
MARQUÉS HOUSE 4* SUP,2118880,NA,Valencia,1,1,€ 359,2019/09/19,2019/09/20,4,"9,4",30
City Valencia Beach 360,4504803,NA,Valencia,1,1,NA,2019/09/19,2019/09/20,0,"9,5",30
Caro Hotel,348132,NA,Valencia,1,1,€ 525,2019/09/19,2019/09/20,5,"9,2",30
The River Hostel,494202,NA,Valencia,1,1,€ 13,2019/09/19,2019/09/20,0,"8,5",30
Pensión Alicante,298710,NA,Valencia,1,1,€ 38,2019/09/19,2019/09/20,0,"8,5",30
Homestay Carrer Sagun,5006434,NA,Valencia,1,1,€ 50,2019/09/19,2019/09/20,0,"8,7",30
Russafa Youth Hostel,345134,NA,Valencia,1,1,€ 52,2019/09/19,2019/09/20,0,"8,6",30
Home Youth Hostel by Feetup Hostels,189322,NA,Valencia,1,1,€ 56,2019/09/19,2019/09/20,0,"8,8",30
Classic Flat Valencia,4245614,NA,Valencia,1,1,NA,2019/09/19,2019/09/20,0,"9,5",30
Namaste Rooms,3799642,NA,Valencia,1,1,€ 60,2019/09/19,2019/09/20,0,"8,7",30
Zalamera BnB,1331238,NA,Valencia,1,1,€ 65,2019/09/19,2019/09/20,0,"8,7",30
B&B Hi Valencia Boutique,1301725,NA,Valencia,1,1,€ 70,2019/09/19,2019/09/20,0,"8,7",30
Carrer de l'Escriptor Rafael Ferreres,4267645,NA,Valencia,1,1,€ 70,2019/09/19,2019/09/20,0,"8,6",30
Valencia maritimo,3020748,NA,Valencia,1,1,€ 70,2019/09/19,2019/09/20,0,"8,8",30
Balcón Al Mar,295109,NA,Valencia,1,1,€ 71,2019/09/19,2019/09/20,0,"8,5",30
Apartamento en la Ciudad de las Artes y las Ciencias,3552283,NA,Valencia,1,1,NA,2019/09/19,2019/09/20,0,"9,5",30
Hulot B&B Valencia,585429,NA,Valencia,1,1,€ 72,2019/09/19,2019/09/20,0,"8,5",30
Luz de Valencia,2076095,NA,Valencia,1,1,€ 72,2019/09/19,2019/09/20,0,"8,7",30
ABCyou Bed&Breakfast,189207,NA,Valencia,1,1,€ 73,2019/09/19,2019/09/20,0,"8,5",30
Casa del Patriarca,364834,NA,Valencia,1,1,€ 81,2019/09/19,2019/09/20,0,"8,9",30
Casual Vintage Valencia,1710241,NA,Valencia,1,1,€ 81,2019/09/19,2019/09/20,2,"8,6",30
Center Venezuela Apartments,4459021,NA,Valencia,1,1,€ 84,2019/09/19,2019/09/20,0,"8,5",30
Apartamento luminoso y acogedor,3489126,NA,Valencia,1,1,NA,2019/09/19,2019/09/20,0,"9,5",30
Habitación doble,3599930,NA,Valencia,1,1,€ 90,2019/09/19,2019/09/20,0,"8,9",30
Casual del Cine Valencia,572187,NA,Valencia,1,1,€ 91,2019/09/19,2019/09/20,2,"8,6",30
València Centre Túria,2185255,NA,Valencia,1,1,€ 94,2019/09/19,2019/09/20,0,"8,8",30
Quart Youth Hostel,476418,NA,Valencia,1,1,€ 97,2019/09/19,2019/09/20,0,"8,7",30
Hotel Sercotel Acteón Valencia,90495,NA,Valencia,1,1,€ 103,2019/09/19,2019/09/20,4,"8,5",30
El Palacete Gran Via,3483148,NA,Valencia,1,1,€ 107,2019/09/19,2019/09/20,0,"8,8",30
New Trendy apartment,2426154,NA,Valencia,1,1,€ 110,2019/09/19,2019/09/20,0,"8,7",30
Rooms Ciencias,94126,NA,Valencia,1,1,€ 113,2019/09/19,2019/09/20,0,"8,9",30
Perla Apartments,3146781,NA,Valencia,1,1,€ 117,2019/09/19,2019/09/20,0,"8,7",30
Friendly Rentals Brade,1918694,NA,Valencia,1,1,€ 118,2019/09/19,2019/09/20,0,"8,9",30
Apartamentos Valencia - Brazil 31 Free WiFi,4948554,NA,Valencia,1,1,€ 125,2019/09/19,2019/09/20,0,"8,8",30
Pio XII Apartments Valencia,402080,NA,Valencia,1,1,€ 128,2019/09/19,2019/09/20,0,"8,5",30
Valenciaflats Centro Histórico,94781,NA,Valencia,1,1,€ 129,2019/09/19,2019/09/20,0,"8,7",30
Friendly Rentals Ravel I,1634234,NA,Valencia,1,1,€ 129,2019/09/19,2019/09/20,0,"8,8",30
Flatsforyou Mercat,1367507,NA,Valencia,1,1,€ 130,2019/09/19,2019/09/20,3,"8,9",30
Apartamentos Plaza Picasso,97063,NA,Valencia,1,1,€ 135,2019/09/19,2019/09/20,0,"8,5",30
Boutique Creative Rooms,2334726,NA,Valencia,1,1,€ 135,2019/09/19,2019/09/20,0,"8,7",30
Hotel Kramer,91106,NA,Valencia,1,1,€ 136,2019/09/19,2019/09/20,3,"8,8",30
