name,propertyId,propertyType,city,rooms,days,price,checkIn,checkOut,stars,score,advance
Miresa flats,5300418,Apartamento,Valencia,1,1,€ 125,2019/10/30,2019/10/31,0,,90
Magnífico Adosado- cerca de Valencia ciudad- en zona de montaña y playa fluvial,5354233,Casa o chalet,Valencia,1,1,€ 125,2019/10/30,2019/10/31,0,,90
Moderno Apartamento En Centro Ciudad,2181356,Apartamento,Valencia,1,1,NA,2019/10/30,2019/10/31,0,"9,4",90
Cosy apartment near to the center,4064812,Apartamento,Valencia,1,1,€ 125,2019/10/30,2019/10/31,0,,90
Kirei Apartment Dublin,4639542,Apartamento,Valencia,1,1,€ 137,2019/10/30,2019/10/31,0,,90
Atico Loft Torres de Quart,4152620,Apartamento,Valencia,1,1,€ 140,2019/10/30,2019/10/31,0,,90
Old Town Flats Casa Burguerini,4552106,Apartamentos,Valencia,1,1,€ 151,2019/10/30,2019/10/31,0,,90
PLENO CENTRO (P24),4093891,Apartamento,Valencia,1,1,€ 175,2019/10/30,2019/10/31,0,,90
"Flat ""Ca Alexandre""",3687859,Apartamento,Valencia,1,1,€ 195,2019/10/30,2019/10/31,0,,90
Apartamento Ruzafa Centro I,2006333,Apartamento,Valencia,1,1,NA,2019/10/30,2019/10/31,0,"9,2",90
17 PLAZA AYUNTAMIENTO-CENTRO 6p.,4093819,Apartamento,Valencia,1,1,€ 195,2019/10/30,2019/10/31,0,,90
07 PLAZA DEL AYUNTAMIENTO - CENTRO 6personas,4093811,Apartamento,Valencia,1,1,€ 195,2019/10/30,2019/10/31,0,,90
37 PLAZA AYUNTAMIENTO-CENTRO 6p.,4093843,Apartamento,Valencia,1,1,€ 206,2019/10/30,2019/10/31,0,,90
27 PLAZA AYUNTAMIENTO-CENTRO 6p.,4093831,Apartamento,Valencia,1,1,€ 206,2019/10/30,2019/10/31,0,,90
Hogar Dulce Hogar,5441488,NA,Valencia,1,1,€ 216,2019/10/30,2019/10/31,0,,90
Apartamento con terraza,5238122,Apartahotel,Valencia,1,1,€ 240,2019/10/30,2019/10/31,0,,90
Apartment Savoy,1934973,Apartamento,Valencia,1,1,NA,2019/10/30,2019/10/31,0,"9,2",90
MD PASEO RUZAFA CENTER,5374850,Apartamento,Valencia,1,1,€ 502,2019/10/30,2019/10/31,0,,90
Governor Residence,3799760,Apartahotel,Valencia,1,1,€ 600,2019/10/30,2019/10/31,0,,90
Gulet Why Not,5199364,NA,Valencia,1,1,€ 3.000,2019/10/30,2019/10/31,0,,90
Silken Puerta Valencia,91182,NA,Valencia,1,1,€ 92,2019/10/30,2019/10/31,4,"8,3",90
NH Valencia Center,90727,NA,Valencia,1,1,€ 93,2019/10/30,2019/10/31,4,"8,3",90
Center Valencia,2944722,NA,Valencia,1,1,NA,2019/10/30,2019/10/31,0,"9,4",90
Eurostars Gran Valencia,90484,NA,Valencia,1,1,€ 95,2019/10/30,2019/10/31,4,"8,3",90
Eurostars Rey Don Jaime,91520,NA,Valencia,1,1,€ 98,2019/10/30,2019/10/31,4,"8,2",90
Hotel Gabbeach,403586,NA,Valencia,1,1,€ 99,2019/10/30,2019/10/31,3,"8,4",90
APARTAMENTO LAS MELLIZAS,4651578,NA,Valencia,1,1,€ 50,2019/10/30,2019/10/31,0,"8,4",90
MD Modern Hotel - Jardines,305447,NA,Valencia,1,1,€ 99,2019/10/30,2019/10/31,1,"8,2",90
La Casa,3758586,NA,Valencia,1,1,€ 105,2019/10/30,2019/10/31,0,"8,3",90
Céntrico y acogedor,4442222,NA,Valencia,1,1,NA,2019/10/30,2019/10/31,0,"9,2",90
Carrer de María Montessori,3272386,NA,Valencia,1,1,€ 109,2019/10/30,2019/10/31,0,"8,3",90
Apartamento Gran Vía Marqués del Turia,2358973,NA,Valencia,1,1,€ 113,2019/10/30,2019/10/31,0,"8,4",90
STYLISH APARTMENT - CITY CENTER,2861517,NA,Valencia,1,1,€ 114,2019/10/30,2019/10/31,0,8,90
Friendly Rentals Puerto Deportivo,2317861,NA,Valencia,1,1,€ 115,2019/10/30,2019/10/31,0,"8,2",90
Apartamentos Sollana 18 Cerca de les Arts i les Ciencies Valencia- FREE WI-FI,5232423,NA,Valencia,1,1,€ 120,2019/10/30,2019/10/31,0,"8,3",90
Apartamento Privado Próximo a Playa y Ciencias,3783163,NA,Valencia,1,1,€ 120,2019/10/30,2019/10/31,0,"8,1",90
Casa Cosy,375456,NA,Valencia,1,1,NA,2019/10/30,2019/10/31,0,"9,4",90
SH Ingles Boutique Hotel,92956,NA,Valencia,1,1,€ 124,2019/10/30,2019/10/31,4,"8,4",90
Friendly Rentals ABC,3656596,NA,Valencia,1,1,€ 125,2019/10/30,2019/10/31,0,"8,4",90
Primus Valencia,331871,NA,Valencia,1,1,€ 127,2019/10/30,2019/10/31,4,"8,3",90
CENTRO VALENCIA NUEVO (38),4093876,NA,Valencia,1,1,€ 134,2019/10/30,2019/10/31,0,"8,3",90
Hotel Conqueridor,91047,NA,Valencia,1,1,€ 135,2019/10/30,2019/10/31,4,"8,4",90
Friendly Rentals Verdi,1634232,NA,Valencia,1,1,€ 140,2019/10/30,2019/10/31,0,"8,1",90
COZY APARTMENT VALENCIA CITY CENTER!,4886758,NA,Valencia,1,1,NA,2019/10/30,2019/10/31,0,"9,1",90
Friendly Rentals Ferrero,2314984,NA,Valencia,1,1,€ 150,2019/10/30,2019/10/31,0,"8,3",90
Friendly Rentals Desplat,4120221,NA,Valencia,1,1,€ 150,2019/10/30,2019/10/31,0,"8,4",90
Friendly Rentals Gimenez,1634242,NA,Valencia,1,1,€ 150,2019/10/30,2019/10/31,0,"8,2",90
Casa los Peces,3234194,NA,Valencia,1,1,€ 154,2019/10/30,2019/10/31,0,"8,3",90
Ilunion Aqua 3,92776,NA,Valencia,1,1,€ 154,2019/10/30,2019/10/31,3,"8,3",90
San Andrey,2556080,NA,Valencia,1,1,€ 155,2019/10/30,2019/10/31,0,"8,4",90
ApartUP Mestalla Home,3300511,NA,Valencia,1,1,NA,2019/10/30,2019/10/31,0,"9,4",90
Flatsforyou Las Arcadias,473415,NA,Valencia,1,1,€ 171,2019/10/30,2019/10/31,0,"8,4",90
NH Valencia Las Artes,90731,NA,Valencia,1,1,€ 173,2019/10/30,2019/10/31,4,"8,3",90
Friendly Rentals Evans,1634220,NA,Valencia,1,1,€ 185,2019/10/30,2019/10/31,0,"8,4",90
Musico Peydro Apartments,3765069,NA,Valencia,1,1,€ 188,2019/10/30,2019/10/31,0,"8,1",90
Friendly Rentals Vives 2,2523871,NA,Valencia,1,1,€ 200,2019/10/30,2019/10/31,0,"8,4",90
Vlc Apartaments el Carmen,389902,NA,Valencia,1,1,€ 214,2019/10/30,2019/10/31,0,"8,2",90
12 Carrer del Bisbe,4681037,NA,Valencia,1,1,NA,2019/10/30,2019/10/31,0,"9,2",90
Malvarrosa Calle Pavia,3608764,NA,Valencia,1,1,€ 271,2019/10/30,2019/10/31,0,"8,1",90
MD Benlliure Beach.,1957258,NA,Valencia,1,1,€ 296,2019/10/30,2019/10/31,0,8,90
NWT Central Station Apartments,3964093,NA,Valencia,1,1,€ 300,2019/10/30,2019/10/31,0,"8,4",90
MD Vila Barbera Apartment Center,1957253,NA,Valencia,1,1,€ 390,2019/10/30,2019/10/31,0,"8,3",90
La Paz Apartment,1687820,NA,Valencia,1,1,€ 475,2019/10/30,2019/10/31,0,8,90
UP Hostel Valencia,1710137,NA,Valencia,1,1,€ 24,2019/10/30,2019/10/31,0,"7,8",90
Hostal El Cid,309465,NA,Valencia,1,1,€ 30,2019/10/30,2019/10/31,2,"7,5",90
Pensión Universal,304276,NA,Valencia,1,1,€ 30,2019/10/30,2019/10/31,0,"7,9",90
Apart and Benef,2291245,NA,Valencia,1,1,€ 34,2019/10/30,2019/10/31,0,"7,7",90
Hostal Moratin,326015,NA,Valencia,1,1,€ 34,2019/10/30,2019/10/31,1,"7,9",90
Hostal On Dormire Valencia,432305,NA,Valencia,1,1,€ 35,2019/10/30,2019/10/31,0,"7,8",90
Habitación San Cayetano,4624401,NA,Valencia,1,1,€ 35,2019/10/30,2019/10/31,0,"7,7",90
Casual Civilizaciones Valencia,449777,NA,Valencia,1,1,€ 36,2019/10/30,2019/10/31,0,"7,9",90
Center Valencia Youth Hostel,246931,NA,Valencia,1,1,€ 39,2019/10/30,2019/10/31,0,"7,9",90
Habitacion PLaza Ayuntamiento,4365340,NA,Valencia,1,1,€ 40,2019/10/30,2019/10/31,0,"7,5",90
Voyagers Inn Homestay,2682156,NA,Valencia,1,1,€ 42,2019/10/30,2019/10/31,0,"7,8",90
Hotel Beleret,94652,NA,Valencia,1,1,€ 42,2019/10/30,2019/10/31,3,"7,6",90
Valencia City Host,1177077,NA,Valencia,1,1,€ 42,2019/10/30,2019/10/31,0,"7,9",90
OYO Pensión El Rincón,476031,NA,Valencia,1,1,€ 50,2019/10/30,2019/10/31,1,"7,7",90
Apartamentos Adressadors,1743173,NA,Valencia,1,1,€ 50,2019/10/30,2019/10/31,0,"7,8",90
Dama Del Puerto,3230781,NA,Valencia,1,1,NA,2019/10/30,2019/10/31,0,"9,1",90
Apartamentos Abastos,1044426,NA,Valencia,1,1,€ 50,2019/10/30,2019/10/31,0,"7,5",90
Habitación cerca del centro,2789581,NA,Valencia,1,1,€ 52,2019/10/30,2019/10/31,0,"7,7",90
Como en casa,4802186,NA,Valencia,1,1,€ 54,2019/10/30,2019/10/31,0,"7,8",90
Plaza Redonda house.,4399973,NA,Valencia,1,1,€ 59,2019/10/30,2019/10/31,0,"7,5",90
Hotel Turia,14441,NA,Valencia,1,1,€ 59,2019/10/30,2019/10/31,4,"7,5",90
Expo Hotel Valencia,91223,NA,Valencia,1,1,€ 60,2019/10/30,2019/10/31,3,"7,6",90
ApartUP Patacona Terrace Duplex II,3162207,NA,Valencia,1,1,NA,2019/10/30,2019/10/31,0,"9,3",90
Hostal Bisbal,235665,NA,Valencia,1,1,€ 60,2019/10/30,2019/10/31,1,"7,5",90
Cosy Rooms Tapinería,371192,NA,Valencia,1,1,€ 61,2019/10/30,2019/10/31,2,"7,5",90
B&B Hotel Valencia Ciudad de las Ciencias,92242,NA,Valencia,1,1,€ 62,2019/10/30,2019/10/31,3,"7,5",90
United Colors of Studios - Mercado Central,2574108,NA,Valencia,1,1,€ 64,2019/10/30,2019/10/31,0,"7,9",90
Jero Rooms,296743,NA,Valencia,1,1,€ 66,2019/10/30,2019/10/31,0,"7,7",90
SEA YOU HOTEL PORT VALENCIA,92328,NA,Valencia,1,1,€ 67,2019/10/30,2019/10/31,4,"7,6",90
COZY APARTMENT VALENCIA BEACHFRONT!,3128516,NA,Valencia,1,1,NA,2019/10/30,2019/10/31,0,"9,4",90
Ilunion Valencia 3,92818,NA,Valencia,1,1,€ 67,2019/10/30,2019/10/31,3,"7,9",90
City Center Apartments,4426057,NA,Valencia,1,1,€ 68,2019/10/30,2019/10/31,0,"7,8",90
Checkin Valencia,93743,NA,Valencia,1,1,€ 71,2019/10/30,2019/10/31,4,"7,8",90
SHF Plaza de la Reina,1682520,NA,Valencia,1,1,€ 75,2019/10/30,2019/10/31,0,"7,7",90
El 16 Ruzafa,865461,NA,Valencia,1,1,€ 79,2019/10/30,2019/10/31,0,"7,7",90
Patacona Green Flats,292996,NA,Valencia,1,1,€ 81,2019/10/30,2019/10/31,0,"7,6",90
Splendid house in Valencia,3091182,NA,Valencia,1,1,NA,2019/10/30,2019/10/31,0,"9,3",90
Torres Quart,3702234,NA,Valencia,1,1,€ 83,2019/10/30,2019/10/31,0,"7,8",90
Apartamentos Wallace,1698355,Apartamentos,Valencia,1,1,€ 97,2019/10/30,2019/10/31,0,"9,2",90
Apartamentos Naranja y Limòn,2250906,Apartamentos,Valencia,1,1,€ 100,2019/10/30,2019/10/31,0,"9,3",90
Luxury Beach House,3602594,Casa o chalet,Valencia,1,1,NA,2019/10/30,2019/10/31,0,"9,7",90
Suites by Eric Olsan (Peset),4726296,NA,Valencia,1,1,€ 83,2019/10/30,2019/10/31,0,"7,9",90
Apartment Plaza de la Merced,3457190,NA,Valencia,1,1,€ 88,2019/10/30,2019/10/31,0,"7,9",90
Lujoso Apartamento En El Carmen,2814452,NA,Valencia,1,1,€ 88,2019/10/30,2019/10/31,0,"7,5",90
ART & FLATS Pleno Centro Valencia,1554388,NA,Valencia,1,1,€ 108,2019/10/30,2019/10/31,0,"7,9",90
Apartamento Alguer,4005334,NA,Valencia,1,1,€ 125,2019/10/30,2019/10/31,0,"7,6",90
Center Valencia,2944722,NA,Valencia,1,1,NA,2019/10/30,2019/10/31,0,"9,4",90
My Reception - Edificio Russafa,4732440,NA,Valencia,1,1,€ 145,2019/10/30,2019/10/31,0,"7,8",90
BUBUSUITES by Bubuflats,2389776,NA,Valencia,1,1,€ 100,2019/10/30,2019/10/31,0,"9,3",90
Mon Suites Catedral,485679,Apartamentos,Valencia,1,1,€ 103,2019/10/30,2019/10/31,0,"9,2",90
Citizentral Juristas,1113127,Apartamentos,Valencia,1,1,€ 103,2019/10/30,2019/10/31,0,"9,2",90
Apartamentos La más Bonita,2816245,Apartamentos,Valencia,1,1,€ 104,2019/10/30,2019/10/31,0,"9,1",90
Forn desamparats,2380447,Apartamento,Valencia,1,1,€ 105,2019/10/30,2019/10/31,0,"9,4",90
Friendly rentals Enesco Beach,2526514,NA,Valencia,1,1,€ 170,2019/10/30,2019/10/31,0,"7,9",90
Loft el Carmen amazing views,4932621,NA,Valencia,1,1,€ 172,2019/10/30,2019/10/31,0,"7,9",90
Friendly Rentals Danna,1634254,NA,Valencia,1,1,€ 180,2019/10/30,2019/10/31,0,"7,6",90
Apartment Valencia,348555,NA,Valencia,1,1,€ 182,2019/10/30,2019/10/31,0,"7,7",90
Valencia Luxury Attics Ayuntamiento,337092,NA,Valencia,1,1,€ 220,2019/10/30,2019/10/31,0,"7,5",90
Oceanografic Arts center 46,2929640,NA,Valencia,1,1,NA,2019/10/30,2019/10/31,0,9,90
MD Art Apartment Ruzafa,2550955,NA,Valencia,1,1,€ 291,2019/10/30,2019/10/31,0,"7,7",90
MD Pelayo with terrace,1979067,NA,Valencia,1,1,€ 291,2019/10/30,2019/10/31,0,"7,8",90
MD Abastos Center,2551194,NA,Valencia,1,1,€ 329,2019/10/30,2019/10/31,0,"7,7",90
MD Oliag I Apartment Ruzafa,2867488,NA,Valencia,1,1,€ 375,2019/10/30,2019/10/31,0,"7,7",90
5 SENSES,3786890,Apartamento,Valencia,1,1,€ 107,2019/10/30,2019/10/31,0,"9,2",90
Apartamento centro frente a Torres de Serrano,3408067,Apartamento,Valencia,1,1,NA,2019/10/30,2019/10/31,0,"9,5",90
Teixidors de Palomar,2639791,Apartamentos,Valencia,1,1,€ 109,2019/10/30,2019/10/31,0,"9,4",90
Atico de Lujo,2142556,Apartamento,Valencia,1,1,€ 110,2019/10/30,2019/10/31,0,"9,2",90
Valenciaflats Ciudad de las Ciencias,93676,Apartamentos,Valencia,1,1,€ 110,2019/10/30,2019/10/31,0,"9,1",90
HOSPEDAJE PESET,4718074,NA,Valencia,1,1,€ 40,2019/10/30,2019/10/31,0,"8,1",90
Hotel Villacarlos,90730,NA,Valencia,1,1,€ 42,2019/10/30,2019/10/31,3,8,90
Vivaldi Penthouse Ayuntamiento,1289561,NA,Valencia,1,1,NA,2019/10/30,2019/10/31,0,"9,2",90
MYR Hotel Plaza Mercado & Spa,1619029,Apartahotel,Valencia,1,1,€ 114,2019/10/30,2019/10/31,0,"9,2",90
Hotel Boutique Balandret,1281710,NA,Valencia,1,1,€ 114,2019/10/30,2019/10/31,3,"9,2",90
NWT Monserrat,3728842,NA,Valencia,1,1,€ 72,2019/10/30,2019/10/31,0,"7,1",90
Valencia Apartments,4367788,NA,Valencia,1,1,€ 78,2019/10/30,2019/10/31,0,"7,2",90
Apartments Abate 4,2848648,NA,Valencia,1,1,NA,2019/10/30,2019/10/31,0,9,90
B&B Hi Valencia Canovas,305349,NA,Valencia,1,1,€ 42,2019/10/30,2019/10/31,0,"8,4",90
Purple Nest Hostel,25278,NA,Valencia,1,1,€ 43,2019/10/30,2019/10/31,0,8,90
Red Nest Hostel,92283,NA,Valencia,1,1,€ 44,2019/10/30,2019/10/31,0,"8,2",90
Hostal Abastos,257057,NA,Valencia,1,1,€ 45,2019/10/30,2019/10/31,2,"8,2",90
Homestay & OLEE,4132920,NA,Valencia,1,1,€ 80,2019/10/30,2019/10/31,0,"7,3",90
SHF Sevilla Loft,850157,NA,Valencia,1,1,€ 80,2019/10/30,2019/10/31,0,"7,4",90
Valencia Apartmans El Carmen,847910,NA,Valencia,1,1,€ 83,2019/10/30,2019/10/31,0,"7,3",90
Suites by Eric Olsan (L),4287413,NA,Valencia,1,1,€ 83,2019/10/30,2019/10/31,0,"7,3",90
Habitacion en Valencia Barata,4861796,NA,Valencia,1,1,€ 45,2019/10/30,2019/10/31,0,"8,2",90
Apartamentos Plaza Picasso,97063,NA,Valencia,1,1,€ 48,2019/10/30,2019/10/31,0,"8,4",90
Patacona Beach,1411088,NA,Valencia,1,1,NA,2019/10/30,2019/10/31,0,"9,4",90
Bonito apartamento en Valencia!,3646923,NA,Valencia,1,1,€ 87,2019/10/30,2019/10/31,0,"7,4",90
Guest House Samuel Ros,4161855,NA,Valencia,1,1,€ 90,2019/10/30,2019/10/31,0,"7,4",90
Bonito piso en el Barrio del Carmen (Valencia),2796987,NA,Valencia,1,1,NA,2019/10/30,2019/10/31,0,9,90
La Casa dei Fiori,2849727,NA,Valencia,1,1,€ 92,2019/10/30,2019/10/31,0,"7,2",90
Piso céntrico Plaza Toros,2961063,Apartamento,Valencia,1,1,€ 118,2019/10/30,2019/10/31,0,"9,4",90
Apartment Cabanyal,3172456,Apartamento,Valencia,1,1,NA,2019/10/30,2019/10/31,0,"9,8",90
Apartment close to park Marchalenes,4418670,Apartamento,Valencia,1,1,€ 120,2019/10/30,2019/10/31,0,"9,1",90
Valencia-Ruzafa Studio,3235983,Apartamento,Valencia,1,1,€ 120,2019/10/30,2019/10/31,0,"9,1",90
OCEANOGRAFIC APARTMENT. PARKING. WI-FI,3107716,Apartamentos,Valencia,1,1,€ 120,2019/10/30,2019/10/31,0,9,90
Apartamento Angel Alcazar 35,2174625,NA,Valencia,1,1,€ 95,2019/10/30,2019/10/31,0,"7,4",90
Kirei Apartment Na Jordana,1702092,NA,Valencia,1,1,€ 101,2019/10/30,2019/10/31,0,7,90
Accommodation Beach Apartments,1001766,NA,Valencia,1,1,€ 120,2019/10/30,2019/10/31,0,"7,1",90
Valencia Luxury Catedral,440778,NA,Valencia,1,1,€ 170,2019/10/30,2019/10/31,0,"7,1",90
Best Valencia Beach Flat,3246772,NA,Valencia,1,1,€ 192,2019/10/30,2019/10/31,0,"7,1",90
Casa alta del mar,2542826,NA,Valencia,1,1,NA,2019/10/30,2019/10/31,0,"9,2",90
Apartamentos Valencia,1007682,NA,Valencia,1,1,€ 50,2019/10/30,2019/10/31,0,"8,2",90
Casa Mati,4217185,NA,Valencia,1,1,€ 50,2019/10/30,2019/10/31,0,"8,3",90
HABITACIÓN PRIVADA EN RUZAFA,4948581,NA,Valencia,1,1,€ 50,2019/10/30,2019/10/31,0,"8,1",90
Balcón Al Mar,295109,NA,Valencia,1,1,€ 53,2019/10/30,2019/10/31,0,"8,4",90
APARTAMENTO CENTRICO. WI-FI. PARKING,2967593,Apartamento,Valencia,1,1,€ 120,2019/10/30,2019/10/31,0,"9,2",90
Holiday Apartments Malvarrosa Beach,549860,Apartamentos,Valencia,1,1,€ 120,2019/10/30,2019/10/31,0,"9,2",90
Sorolla Centro,90896,NA,Valencia,1,1,€ 121,2019/10/30,2019/10/31,3,"9,1",90
JL Ciudad de las Artes,3074378,Apartamento,Valencia,1,1,NA,2019/10/30,2019/10/31,0,"9,6",90
Mediterranean Flats Plaza Redonda,4086496,Apartamentos,Valencia,1,1,€ 121,2019/10/30,2019/10/31,0,"9,2",90
MD Design Hotel - Portal del Real,2391685,NA,Valencia,1,1,€ 122,2019/10/30,2019/10/31,2,"9,1",90
Palacio de Rojas,1073276,Apartamentos,Valencia,1,1,€ 124,2019/10/30,2019/10/31,0,"9,4",90
Welcome Apartamentos Pintor Stolz 31 Valencia,5019066,Apartamento,Valencia,1,1,€ 125,2019/10/30,2019/10/31,0,"9,2",90
HQ Rooms Apartments San Vicente,2894429,Apartamentos,Valencia,1,1,€ 125,2019/10/30,2019/10/31,0,"9,3",90
OCEANOGRAFIC DELUXE- PARKING- WI-FI,4095746,Apartamento,Valencia,1,1,€ 130,2019/10/30,2019/10/31,0,"9,1",90
Malvarrosa Beach Rooms,314048,NA,Valencia,1,1,€ 999,2019/10/30,2019/10/31,2,"7,1",90
Geography and Arts.,3569110,NA,Valencia,1,1,€ 60,2019/10/30,2019/10/31,0,"6,6",90
MD Villalonga Malvarosa Beach,3739661,NA,Valencia,1,1,€ 290,2019/10/30,2019/10/31,0,"6,9",90
Casa La Buhardilla,2985364,Apartamento,Valencia,1,1,NA,2019/10/30,2019/10/31,0,"9,6",90
Live in Chianti Apartaments,2882632,Apartamentos,Valencia,1,1,€ 132,2019/10/30,2019/10/31,0,"9,1",90
One Shot Mercat 09,2274203,NA,Valencia,1,1,€ 135,2019/10/30,2019/10/31,4,"9,2",90
Loft zona Pechina en Valencia centro,2524985,Apartamento,Valencia,1,1,€ 138,2019/10/30,2019/10/31,0,"9,2",90
Malvarrosa Beach,3546692,NA,Valencia,1,1,€ 1.260,2019/10/30,2019/10/31,0,"6,9",90
Habitación con cama doble,4794909,NA,Valencia,1,1,€ 36,2019/10/30,2019/10/31,0,"6,4",90
Fun and Sun Center 2,2944416,NA,Valencia,1,1,€ 36,2019/10/30,2019/10/31,0,"6,2",90
Casa tipica en la playa,2532733,NA,Valencia,1,1,NA,2019/10/30,2019/10/31,0,"9,2",90
MARQUÉS HOUSE 4* SUP,2118880,NA,Valencia,1,1,€ 139,2019/10/30,2019/10/31,4,"9,4",90
B BEACH VALENCIA,5125954,Apartamento,Valencia,1,1,€ 150,2019/10/30,2019/10/31,0,"9,3",90
ARENAS 2 APARTAMENT,2808815,Apartamento,Valencia,1,1,€ 150,2019/10/30,2019/10/31,0,"9,2",90
Tres Forques,2854630,Apartamento,Valencia,1,1,NA,2019/10/30,2019/10/31,0,"9,5",90
Sweet Caroline Apartment,1811784,Apartamento,Valencia,1,1,€ 150,2019/10/30,2019/10/31,0,"9,2",90
Hostal Waksman,281139,NA,Valencia,1,1,€ 35,2019/10/30,2019/10/31,1,"7,3",90
feliz como en casa,3676196,NA,Valencia,1,1,€ 36,2019/10/30,2019/10/31,0,"7,1",90
Ruzafa Rooms,2891693,NA,Valencia,1,1,€ 36,2019/10/30,2019/10/31,0,7,90
Hostal Residencial RR,450746,NA,Valencia,1,1,€ 40,2019/10/30,2019/10/31,0,7,90
Hotel Olympia Universidades,1301731,NA,Valencia,1,1,€ 53,2019/10/30,2019/10/31,3,"8,4",90
Urban Youth Hostel,1163025,NA,Valencia,1,1,€ 53,2019/10/30,2019/10/31,0,"8,4",90
COZY APARTMENT VALENCIA BEACHFRONT!,3128516,NA,Valencia,1,1,NA,2019/10/30,2019/10/31,0,"9,4",90
Casita Esmeralda,2040126,NA,Valencia,1,1,€ 114,2019/10/30,2019/10/31,0,"6,4",90
Kirei Apartment San Agustin,1712323,NA,Valencia,1,1,€ 161,2019/10/30,2019/10/31,0,"6,4",90
Kirei Apartment Portland,4276529,NA,Valencia,1,1,€ 200,2019/10/30,2019/10/31,0,6,90
Oliver,4865093,NA,Valencia,1,1,€ 25,2019/10/30,2019/10/31,0,"5,8",90
Edificio Pentagono,4673669,Apartamento,Valencia,1,1,€ 150,2019/10/30,2019/10/31,0,"9,1",90
Mon Suites San Martin,2777545,Apartamentos,Valencia,1,1,€ 151,2019/10/30,2019/10/31,0,"9,4",90
Duplex en Blasco Ibáñez,3672426,Apartamento,Valencia,1,1,€ 155,2019/10/30,2019/10/31,0,"9,1",90
Friendly Rentals Boyvin,1923141,Apartamento,Valencia,1,1,€ 165,2019/10/30,2019/10/31,0,"9,3",90
Friendly Rentals Gala,1634252,Apartamento,Valencia,1,1,€ 170,2019/10/30,2019/10/31,0,9,90
Carrer del Bisbe Jaume Pérez,4900140,NA,Valencia,1,1,€ 60,2019/10/30,2019/10/31,0,"5,8",90
Kirei Apartment Berlin,4504570,NA,Valencia,1,1,€ 126,2019/10/30,2019/10/31,0,"5,5",90
Lo's Beach Apartment,2312465,NA,Valencia,1,1,NA,2019/10/30,2019/10/31,0,"9,1",90
Gon & Diego House,4899561,NA,Valencia,1,1,€ 40,2019/10/30,2019/10/31,0,"5,2",90
NH Collection Colón Valencia,3828811,NA,Valencia,1,1,€ 176,2019/10/30,2019/10/31,4,"9,2",90
Vincci Mercat,1279484,NA,Valencia,1,1,€ 192,2019/10/30,2019/10/31,4,9,90
VLC Beach,4622960,Apartamento,Valencia,1,1,€ 195,2019/10/30,2019/10/31,0,9,90
Jardines del Turia - Espacioso apartamento,2734126,Apartamento,Valencia,1,1,€ 200,2019/10/30,2019/10/31,0,"9,2",90
Port of Valencia,3805735,NA,Valencia,1,1,€ 79,2019/10/30,2019/10/31,0,5,90
Habitación en Apartamento soleado Plaza Escultor Frechina,4865043,NA,Valencia,1,1,€ 55,2019/10/30,2019/10/31,0,"4,9",90
Malvarosa,3820590,NA,Valencia,1,1,€ 190,2019/10/30,2019/10/31,0,4,90
Habitación muy cerca de la playa.,5395908,NA,Valencia,1,1,€ 40,2019/10/30,2019/10/31,0,,90
La Flamenca,818359,NA,Valencia,1,1,€ 40,2019/10/30,2019/10/31,0,"7,3",90
Murillo Apartment,408163,NA,Valencia,1,1,€ 47,2019/10/30,2019/10/31,0,"7,1",90
Central Station Valencia Hostel,1647017,NA,Valencia,1,1,€ 49,2019/10/30,2019/10/31,0,"7,1",90
Caro Hotel,348132,NA,Valencia,1,1,€ 209,2019/10/30,2019/10/31,5,"9,2",90
Casa de Vacaciones Pintor Vilar,2093863,Apartamento,Valencia,1,1,€ 222,2019/10/30,2019/10/31,0,9,90
Ca Carmela,2466364,Casa o chalet,Valencia,1,1,€ 225,2019/10/30,2019/10/31,0,9,90
MD Julio Antonio Apartment Center,3961049,Apartamento,Valencia,1,1,€ 263,2019/10/30,2019/10/31,0,"9,1",90
PISO ACOGEDOR,4995780,NA,Valencia,1,1,€ 50,2019/10/30,2019/10/31,0,"7,2",90
Casual de la Música Valencia,273130,NA,Valencia,1,1,€ 51,2019/10/30,2019/10/31,2,"7,4",90
Sampedor Apartment,435662,NA,Valencia,1,1,€ 52,2019/10/30,2019/10/31,0,7,90
Cosy Rooms Bolsería,371606,NA,Valencia,1,1,€ 59,2019/10/30,2019/10/31,2,"7,4",90
Aparthotel Valencia Rental,17344,NA,Valencia,1,1,€ 54,2019/10/30,2019/10/31,0,8,90
Alquiler Habitacion Centro De Valencia,3977106,NA,Valencia,1,1,€ 55,2019/10/30,2019/10/31,0,"8,1",90
Palacios Rooms,2773548,NA,Valencia,1,1,€ 56,2019/10/30,2019/10/31,0,"8,3",90
Las Arenas Balneario Resort,91144,NA,Valencia,1,1,€ 284,2019/10/30,2019/10/31,5,9,90
Zerka Sendra,4657122,Apartamento,Valencia,1,1,€ 301,2019/10/30,2019/10/31,0,9,90
Beachfront vila,3126708,Casa o chalet,Valencia,1,1,€ 390,2019/10/30,2019/10/31,0,"9,3",90
The River Hostel,494202,NA,Valencia,1,1,€ 19,2019/10/30,2019/10/31,0,"8,5",90
Experiencia en Caravana,5441777,NA,Valencia,1,1,€ 50,2019/10/30,2019/10/31,0,,90
Total Valencia White,2201908,NA,Valencia,1,1,NA,2019/10/30,2019/10/31,0,"9,1",90
Amplia habitación en piso compartido,5433175,NA,Valencia,1,1,€ 50,2019/10/30,2019/10/31,0,,90
Rooms El Picolino,5326859,NA,Valencia,1,1,€ 60,2019/10/30,2019/10/31,0,,90
vosotros sereis parte de mi familia.,5299568,NA,Valencia,1,1,€ 60,2019/10/30,2019/10/31,0,,90
Hogar Dulce Hogar,5426607,NA,Valencia,1,1,€ 60,2019/10/30,2019/10/31,0,,90
Apartamento cerca de la playa y de la ciudad,3372933,NA,Valencia,1,1,€ 64,2019/10/30,2019/10/31,0,,90
Comfort Homestay,5423155,NA,Valencia,1,1,€ 67,2019/10/30,2019/10/31,0,,90
Mi casa es vuestra casa,4967097,NA,Valencia,1,1,€ 70,2019/10/30,2019/10/31,0,,90
Nest Style Valencia -Proxima apertura-,5219046,NA,Valencia,1,1,€ 76,2019/10/30,2019/10/31,3,,90
Calle de Frederica Montseny 'Política' Casa o chalet,5152866,NA,Valencia,1,1,€ 76,2019/10/30,2019/10/31,0,,90
ÁTICO PTA 13 EN EL CENTRO DE VALENCIA VT-45727-T,4612077,NA,Valencia,1,1,€ 100,2019/10/30,2019/10/31,0,,90
Casual Socarrat Valencia,5142800,NA,Valencia,1,1,€ 101,2019/10/30,2019/10/31,3,,90
Cosy Rooms Embajador,369728,NA,Valencia,1,1,€ 59,2019/10/30,2019/10/31,2,"7,4",90
Almiserat,3054886,NA,Valencia,1,1,€ 70,2019/10/30,2019/10/31,0,7,90
HOSTAL BED OF THE SEA,3974636,NA,Valencia,1,1,€ 72,2019/10/30,2019/10/31,0,7,90
Hotel Miramar,23332,NA,Valencia,1,1,€ 59,2019/10/30,2019/10/31,2,"8,4",90
Dormavalencia Hostel Regne,291755,NA,Valencia,1,1,€ 60,2019/10/30,2019/10/31,1,8,90
Reina 12,1684198,NA,Valencia,1,1,€ 60,2019/10/30,2019/10/31,0,"8,3",90
Center Valencia,2944722,NA,Valencia,1,1,NA,2019/10/30,2019/10/31,0,"9,4",90
Melia Valencia,290493,NA,Valencia,1,1,€ 98,2019/10/30,2019/10/31,4,"8,8",90
Hotel Valencia Oceanic Managed by Melia Hotels International,91522,NA,Valencia,1,1,€ 98,2019/10/30,2019/10/31,4,"8,6",90
Ayuntamiento Panoramic,3089239,Apartamento,Valencia,1,1,NA,2019/10/30,2019/10/31,0,"9,5",90
Hotel Dimar,90886,NA,Valencia,1,1,€ 99,2019/10/30,2019/10/31,4,"8,7",90
Coroa Malvarrosa,1638172,NA,Valencia,1,1,€ 61,2019/10/30,2019/10/31,0,"8,2",90
Tryp Valencia Feria,92852,NA,Valencia,1,1,€ 63,2019/10/30,2019/10/31,4,"8,3",90
L'Otelet By Sweet,1467935,NA,Valencia,1,1,€ 64,2019/10/30,2019/10/31,0,"8,3",90
Apartments Plaza Ayuntamiento,3506736,Apartamento,Valencia,1,1,€ 100,2019/10/30,2019/10/31,0,"8,7",90
Hotel Mediterraneo Valencia,92412,NA,Valencia,1,1,€ 102,2019/10/30,2019/10/31,3,"8,8",90
Valencian Apartment,2298621,Apartamento,Valencia,1,1,€ 102,2019/10/30,2019/10/31,0,"8,9",90
SKY TOURISTIC ATTIC,281640,Apartamentos,Valencia,1,1,€ 108,2019/10/30,2019/10/31,0,"8,5",90
Apartamento Centrico Y Muy Bien Ubicado,4800241,NA,Valencia,1,1,€ 101,2019/10/30,2019/10/31,0,,90
CENTER next to LA LONJA+WIFI,4093868,NA,Valencia,1,1,€ 103,2019/10/30,2019/10/31,0,,90
Welcome to Valencia Peset Aleixandre 135,5047732,NA,Valencia,1,1,€ 105,2019/10/30,2019/10/31,0,,90
Calle Cuenca,4093857,NA,Valencia,1,1,€ 113,2019/10/30,2019/10/31,0,,90
Kirei Apartment Vienna,4639797,NA,Valencia,1,1,€ 115,2019/10/30,2019/10/31,0,,90
New apartment near to the center,4062596,NA,Valencia,1,1,€ 115,2019/10/30,2019/10/31,0,,90
Petit Palace Ruzafa,90792,NA,Valencia,1,1,€ 112,2019/10/30,2019/10/31,3,"8,7",90
Musico Art Flat,2925957,Apartamento,Valencia,1,1,NA,2019/10/30,2019/10/31,0,"9,6",90
casa a 800 metros de la playa de Las Arenas,3741421,Apartamento,Valencia,1,1,€ 115,2019/10/30,2019/10/31,0,"8,9",90
Friendly Rentals Brade,1918694,Apartamento,Valencia,1,1,€ 115,2019/10/30,2019/10/31,0,"8,9",90
Sweet Hotel Renasa,274818,NA,Valencia,1,1,€ 64,2019/10/30,2019/10/31,3,8,90
Hotel Alkazar,408511,NA,Valencia,1,1,€ 64,2019/10/30,2019/10/31,1,8,90
Down Town,1656378,NA,Valencia,1,1,€ 67,2019/10/30,2019/10/31,0,"8,3",90
Apartment Regne De Valencia,1533033,NA,Valencia,1,1,NA,2019/10/30,2019/10/31,0,"9,4",90
15 Avinguda Mare Nostrum,4518973,NA,Valencia,1,1,€ 120,2019/10/30,2019/10/31,0,,90
Hotel Sercotel Acteón Valencia,90495,NA,Valencia,1,1,€ 68,2019/10/30,2019/10/31,4,"8,4",90
Sol Playa,12656,NA,Valencia,1,1,€ 68,2019/10/30,2019/10/31,2,"8,3",90
United Colors of Apartments - Catedral,1301545,NA,Valencia,1,1,€ 69,2019/10/30,2019/10/31,0,"8,2",90
City Suites Apartments,3091106,NA,Valencia,1,1,€ 70,2019/10/30,2019/10/31,0,"8,4",90
Residencia Universitaria Damia Bonet,247451,NA,Valencia,1,1,€ 75,2019/10/30,2019/10/31,0,"8,3",90
Atico Ciutat Vella,3446230,NA,Valencia,1,1,€ 75,2019/10/30,2019/10/31,0,"8,3",90
Splendid house in Valencia,3091182,NA,Valencia,1,1,NA,2019/10/30,2019/10/31,0,"9,3",90
Ático cerca del mar,4040503,NA,Valencia,1,1,€ 75,2019/10/30,2019/10/31,0,"8,4",90
Happy Apartments Valencia – Lope de Vega,575582,NA,Valencia,1,1,€ 75,2019/10/30,2019/10/31,0,"8,1",90
Apartment Vicent,1674495,NA,Valencia,1,1,€ 75,2019/10/30,2019/10/31,0,"8,1",90
Friendly Rentals Ravel I,1634234,Apartamento,Valencia,1,1,€ 115,2019/10/30,2019/10/31,0,"8,8",90
One Shot Palacio Reina Victoria 04,90885,NA,Valencia,1,1,€ 118,2019/10/30,2019/10/31,4,"8,6",90
Friendly Rentals Casals,1769176,Apartamento,Valencia,1,1,€ 120,2019/10/30,2019/10/31,0,"8,7",90
Friendly Rentals Schubert,1634221,Apartamentos,Valencia,1,1,€ 120,2019/10/30,2019/10/31,0,"8,9",90
Apartments Torres de Serranos Valencia,1099602,Apartamentos,Valencia,1,1,NA,2019/10/30,2019/10/31,0,"9,6",90
Catalonia Excelsior,90578,NA,Valencia,1,1,€ 120,2019/10/30,2019/10/31,3,"8,7",90
Casual Vintage Valencia,1710241,NA,Valencia,1,1,€ 122,2019/10/30,2019/10/31,2,"8,5",90
Apartamentos Valencia - Brazil 31 Free WiFi,4948554,Apartamento,Valencia,1,1,€ 125,2019/10/30,2019/10/31,0,"8,6",90
Petit Palace Plaza de la Reina,90443,NA,Valencia,1,1,€ 125,2019/10/30,2019/10/31,3,"8,7",90
SH Valencia Palace,91497,NA,Valencia,1,1,€ 128,2019/10/30,2019/10/31,5,"8,5",90
ValentiaApartments - MercadoCentral,4185241,Apartamentos,Valencia,1,1,€ 129,2019/10/30,2019/10/31,0,"8,7",90
City Valencia Beach 360,4504803,Apartamento,Valencia,1,1,NA,2019/10/30,2019/10/31,0,"9,6",90
FREE WI-FI. Apartamentos 90 м2 - Assutzena 5,4828764,Apartamento,Valencia,1,1,€ 130,2019/10/30,2019/10/31,0,"8,6",90
Happy Apartments Valencia,456043,NA,Valencia,1,1,€ 75,2019/10/30,2019/10/31,0,"8,2",90
Holiday Inn Express Ciudad de las Ciencias,96737,NA,Valencia,1,1,€ 75,2019/10/30,2019/10/31,3,8,90
NH Ciudad de Valencia,90729,NA,Valencia,1,1,€ 76,2019/10/30,2019/10/31,3,"8,1",90
Senator Parque Central Hotel,274963,NA,Valencia,1,1,€ 77,2019/10/30,2019/10/31,4,"8,1",90
SHF Flats Baron,1033085,NA,Valencia,1,1,€ 80,2019/10/30,2019/10/31,0,8,90
Hotel Medium Valencia,96838,NA,Valencia,1,1,€ 81,2019/10/30,2019/10/31,4,"8,2",90
Room in apartment,3701648,NA,Valencia,1,1,€ 81,2019/10/30,2019/10/31,0,8,90
NH Valencia Las Ciencias,90725,NA,Valencia,1,1,€ 84,2019/10/30,2019/10/31,3,8,90
Hotel Valencia Center,91285,NA,Valencia,1,1,€ 85,2019/10/30,2019/10/31,4,"8,4",90
Valenciaflats Torres de Serrano,17468,NA,Valencia,1,1,€ 87,2019/10/30,2019/10/31,0,"8,3",90
Preciosos Apartamentos en el Carmen,2918345,NA,Valencia,1,1,€ 88,2019/10/30,2019/10/31,0,"8,1",90
Ilunion Valencia 4,754329,NA,Valencia,1,1,€ 88,2019/10/30,2019/10/31,4,8,90
Patacona Beach Apartment,4533678,Apartamento,Valencia,1,1,€ 130,2019/10/30,2019/10/31,0,"8,5",90
Friendly Rentals Pergolesi,1634240,Apartamentos,Valencia,1,1,€ 130,2019/10/30,2019/10/31,0,"8,5",90
Barceló Valencia,91988,NA,Valencia,1,1,€ 135,2019/10/30,2019/10/31,4,"8,6",90
Apartamento en Ruzafa,2983208,Apartamento,Valencia,1,1,€ 135,2019/10/30,2019/10/31,0,"8,5",90
Friendly Rentals Verdi 2,2523881,Apartamento,Valencia,1,1,€ 135,2019/10/30,2019/10/31,0,"8,8",90
El Coso,14580,NA,Valencia,1,1,€ 89,2019/10/30,2019/10/31,3,"8,2",90
Sweet Hotel Continental,93856,NA,Valencia,1,1,€ 89,2019/10/30,2019/10/31,2,"8,3",90
Casual de las Artes Valencia,538056,NA,Valencia,1,1,€ 90,2019/10/30,2019/10/31,3,"8,4",90
ApartUP Patacona Deluxe,2565246,Apartamento,Valencia,1,1,NA,2019/10/30,2019/10/31,0,"9,6",90
Friendly Rentals Nyman,3245521,Apartamento,Valencia,1,1,€ 140,2019/10/30,2019/10/31,0,"8,9",90
Friendly Rentals Strauss,1634236,Apartamento,Valencia,1,1,€ 140,2019/10/30,2019/10/31,0,"8,8",90
Hotel Neptuno,91206,NA,Valencia,1,1,€ 144,2019/10/30,2019/10/31,4,"8,5",90
Friendly Rentals Soler,1634237,Apartamento,Valencia,1,1,€ 145,2019/10/30,2019/10/31,0,"8,6",90
Zenit Valencia,92327,NA,Valencia,1,1,€ 149,2019/10/30,2019/10/31,4,"8,8",90
AC Hotel Colon Valencia- a Marriott Lifestyle Hotel,1117150,NA,Valencia,1,1,€ 149,2019/10/30,2019/10/31,4,"8,6",90
Ruzzafa Codrut,3035322,Apartamento,Valencia,1,1,NA,2019/10/30,2019/10/31,0,"9,3",90
Apartamento LUXURY CENTRO HISTORICO,3664772,Apartamento,Valencia,1,1,€ 149,2019/10/30,2019/10/31,0,"8,8",90
Apartamento Sofia,2552406,Apartamento,Valencia,1,1,€ 150,2019/10/30,2019/10/31,0,"8,5",90
Friendly Rentals Montaner Beach,2314997,Apartamento,Valencia,1,1,€ 150,2019/10/30,2019/10/31,0,"8,9",90
Puerta de Serranos,2734333,Apartamentos,Valencia,1,1,€ 161,2019/10/30,2019/10/31,0,"8,7",90
Melia Plaza Valencia,13270,NA,Valencia,1,1,€ 165,2019/10/30,2019/10/31,4,"8,9",90
Hospes Palau de La Mar,93823,NA,Valencia,1,1,€ 170,2019/10/30,2019/10/31,5,"8,8",90
Vincci Palace,94163,NA,Valencia,1,1,€ 172,2019/10/30,2019/10/31,4,"8,6",90
The Westin Valencia,93321,NA,Valencia,1,1,€ 173,2019/10/30,2019/10/31,5,"8,7",90
AC Hotel Valencia- a Marriott Lifestyle Hotel,91063,NA,Valencia,1,1,€ 187,2019/10/30,2019/10/31,4,"8,6",90
Friendly Rentals Rey,1634248,Apartamento,Valencia,1,1,€ 190,2019/10/30,2019/10/31,0,"8,9",90
Mar & City Apartment,3456759,Apartamento,Valencia,1,1,€ 190,2019/10/30,2019/10/31,0,"8,9",90
Vincci Lys,91183,NA,Valencia,1,1,€ 192,2019/10/30,2019/10/31,4,"8,9",90
Zerka Centro,4425975,Apartamentos,Valencia,1,1,€ 199,2019/10/30,2019/10/31,0,"8,5",90
Ilunion Aqua 4,92777,NA,Valencia,1,1,€ 216,2019/10/30,2019/10/31,4,"8,5",90
7 Moons Bed & Breakfast,464187,NA,Valencia,1,1,€ 250,2019/10/30,2019/10/31,0,"8,5",90
SingularStays Parque Central,3054000,Apartamentos,Valencia,1,1,€ 355,2019/10/30,2019/10/31,0,"8,8",90
Habitacion Barata Valencia,3931013,NA,Valencia,1,1,€ 29,2019/10/30,2019/10/31,0,"8,3",90
Pensión Alicante,298710,NA,Valencia,1,1,€ 33,2019/10/30,2019/10/31,0,"8,5",90
Russafa Youth Hostel,345134,NA,Valencia,1,1,€ 44,2019/10/30,2019/10/31,0,"8,6",90
Apartment Sofi,2830696,Apartamento,Valencia,1,1,NA,2019/10/30,2019/10/31,0,"9,8",90
Habitación Céntrica en Casa de Familia,4289877,NA,Valencia,1,1,€ 35,2019/10/30,2019/10/31,0,8,90
Quart Youth Hostel,476418,NA,Valencia,1,1,€ 44,2019/10/30,2019/10/31,0,"8,7",90
B&B Almirante,369695,NA,Valencia,1,1,€ 48,2019/10/30,2019/10/31,1,"8,8",90
Hulot B&B Valencia,585429,NA,Valencia,1,1,€ 49,2019/10/30,2019/10/31,0,"8,5",90
Home Youth Hostel by Feetup Hostels,189322,NA,Valencia,1,1,€ 52,2019/10/30,2019/10/31,0,"8,8",90
UNIK. Apartments Valencia,2241282,Apartamentos,Valencia,1,1,€ 55,2019/10/30,2019/10/31,0,"8,5",90
B&B Hi Valencia Boutique,1301725,NA,Valencia,1,1,€ 56,2019/10/30,2019/10/31,0,"8,7",90
Tres Forques,2854630,Apartamento,Valencia,1,1,NA,2019/10/30,2019/10/31,0,"9,5",90
Rooms Ciencias,94126,NA,Valencia,1,1,€ 59,2019/10/30,2019/10/31,0,"8,9",90
Pio XII Apartments Valencia,402080,Apartamentos,Valencia,1,1,€ 60,2019/10/30,2019/10/31,0,"8,5",90
Host & Home,1663785,NA,Valencia,1,1,€ 63,2019/10/30,2019/10/31,0,"8,9",90
Zalamera BnB,1331238,NA,Valencia,1,1,€ 63,2019/10/30,2019/10/31,0,"8,7",90
ABCyou Bed&Breakfast,189207,NA,Valencia,1,1,€ 64,2019/10/30,2019/10/31,0,"8,5",90
Buho House,3777691,Apartahotel,Valencia,1,1,€ 64,2019/10/30,2019/10/31,0,"8,5",90
Casa La Buhardilla,2985364,Apartamento,Valencia,1,1,NA,2019/10/30,2019/10/31,0,"9,6",90
Jardín Botánico Hotel Boutique,93369,NA,Valencia,1,1,€ 66,2019/10/30,2019/10/31,3,"8,9",90
Apartment Boutique,1874374,Apartamento,Valencia,1,1,€ 67,2019/10/30,2019/10/31,0,"8,5",90
Hotel Malcom and Barret,483261,NA,Valencia,1,1,€ 67,2019/10/30,2019/10/31,3,"8,7",90
Blanq Comedias,4922002,NA,Valencia,1,1,€ 68,2019/10/30,2019/10/31,0,"8,9",90
Luz de Valencia,2076095,Apartamentos,Valencia,1,1,€ 68,2019/10/30,2019/10/31,0,"8,8",90
Turia Town,4064373,Apartamentos,Valencia,1,1,€ 69,2019/10/30,2019/10/31,0,"8,8",90
Apartamento Bolseria 28,881275,Apartamentos,Valencia,1,1,NA,2019/10/30,2019/10/31,0,"9,6",90
Valencia maritimo,3020748,Apartamento,Valencia,1,1,€ 70,2019/10/30,2019/10/31,0,"8,8",90
Casa del Patriarca,364834,NA,Valencia,1,1,€ 71,2019/10/30,2019/10/31,0,"8,9",90
Hotel San Lorenzo Boutique,1307718,NA,Valencia,1,1,€ 72,2019/10/30,2019/10/31,3,"8,6",90
Valenciaflats Centro Histórico,94781,Apartamentos,Valencia,1,1,€ 73,2019/10/30,2019/10/31,0,"8,7",90
València Centre Torres de Quart,886289,Apartamentos,Valencia,1,1,€ 73,2019/10/30,2019/10/31,0,"8,9",90
Turia Burjassot 12,3237353,Apartamento,Valencia,1,1,€ 75,2019/10/30,2019/10/31,0,"8,9",90
Ayuntamiento Panoramic,3089239,Apartamento,Valencia,1,1,NA,2019/10/30,2019/10/31,0,"9,5",90
Burjassot Mestalla,3058627,Apartamento,Valencia,1,1,€ 75,2019/10/30,2019/10/31,0,"8,6",90
Ad Hoc Carmen,1173270,NA,Valencia,1,1,€ 75,2019/10/30,2019/10/31,2,"8,9",90
València Centre Túria,2185255,Apartamento,Valencia,1,1,€ 75,2019/10/30,2019/10/31,0,"8,8",90
United Colors of Apartments Boutique Style,5372347,Apartamentos,Valencia,1,1,€ 89,2019/10/30,2019/10/31,0,10,90
Colors Rooms,675839,NA,Valencia,1,1,€ 40,2019/10/30,2019/10/31,0,"9,5",90
Hostal Antigua Morellana,1273937,NA,Valencia,1,1,NA,2019/10/30,2019/10/31,1,"9,5",90
Blanq Carmen Hotel,97069,NA,Valencia,1,1,€ 76,2019/10/30,2019/10/31,3,"8,7",90
Hotel El Siglo,1741479,NA,Valencia,1,1,€ 76,2019/10/30,2019/10/31,3,"8,5",90
Estrella de russafa,5352439,NA,Valencia,1,1,€ 50,2019/10/30,2019/10/31,0,"9,8",90
Sercotel Sorolla Palace,93646,NA,Valencia,1,1,€ 77,2019/10/30,2019/10/31,4,"8,6",90
Apartments Torres de Serranos Valencia,1099602,Apartamentos,Valencia,1,1,NA,2019/10/30,2019/10/31,0,"9,6",90
Apartamento luminoso y acogedor,3489126,Apartamento,Valencia,1,1,€ 78,2019/10/30,2019/10/31,0,"9,6",90
Ramirez Flats & Bar,4124528,Apartahotel,Valencia,1,1,€ 89,2019/10/30,2019/10/31,0,"9,5",90
Opera House Valencia B&B,3533887,NA,Valencia,1,1,€ 90,2019/10/30,2019/10/31,0,"9,5",90
Soho Valencia,1538641,Apartahotel,Valencia,1,1,€ 78,2019/10/30,2019/10/31,0,"8,9",90
Homestay Carrer Sagun,5006434,NA,Valencia,1,1,€ 79,2019/10/30,2019/10/31,0,"8,7",90
Casa de Maria,2467712,Apartamento,Valencia,1,1,€ 80,2019/10/30,2019/10/31,0,"8,5",90
Maison Reina B&B,5004812,NA,Valencia,1,1,€ 90,2019/10/30,2019/10/31,0,"9,5",90
Bubuflats Bubu 3,1014334,Apartamentos,Valencia,1,1,€ 95,2019/10/30,2019/10/31,0,"9,6",90
Travel Habitat Port Valencia.,4986124,Apartamentos,Valencia,1,1,NA,2019/10/30,2019/10/31,0,"9,7",90
L'Esplai Valencia Bed & Breakfast,1282556,NA,Valencia,1,1,€ 99,2019/10/30,2019/10/31,0,"9,6",90
Suites by Eric Olsan (Florista),4726450,Apartamentos,Valencia,1,1,€ 82,2019/10/30,2019/10/31,0,"8,6",90
Olympia Flats,4212801,NA,Valencia,1,1,€ 50,2019/10/30,2019/10/31,0,"9,7",90
Precioso piso junto al antiguo barrio de Campanar,3297078,Apartamento,Valencia,1,1,€ 100,2019/10/30,2019/10/31,0,"9,6",90
Lotelito,570027,NA,Valencia,1,1,€ 82,2019/10/30,2019/10/31,0,"8,9",90
One Shot Colón 46,1394168,NA,Valencia,1,1,€ 84,2019/10/30,2019/10/31,3,"8,7",90
Hotel Kramer,91106,NA,Valencia,1,1,€ 84,2019/10/30,2019/10/31,3,"8,8",90
Apartments Downtown Valencia,2250421,Apartamentos,Valencia,1,1,€ 105,2019/10/30,2019/10/31,0,"9,6",90
Valencian Dreams Lonja,4757385,Apartamento,Valencia,1,1,€ 106,2019/10/30,2019/10/31,0,"9,7",90
Apartamento Playa Wifi Gratis,3495634,Apartamento,Valencia,1,1,€ 110,2019/10/30,2019/10/31,0,"9,6",90
Citizentral Gascons,332095,Apartamentos,Valencia,1,1,€ 87,2019/10/30,2019/10/31,0,"8,7",90
Valenciaflats Mercado Central,307677,Apartamentos,Valencia,1,1,€ 87,2019/10/30,2019/10/31,0,9,90
Ad Hoc Monumental,90719,NA,Valencia,1,1,€ 87,2019/10/30,2019/10/31,3,"8,6",90
Casa Calle Conquista,4691493,Apartamento,Valencia,1,1,NA,2019/10/30,2019/10/31,0,"9,6",90
la casita,4333253,Apartamento,Valencia,1,1,€ 122,2019/10/30,2019/10/31,0,"9,7",90
Duplex+Swimming pool+private entrance=Housen of LOVE,2999152,Apartamento,Valencia,1,1,€ 125,2019/10/30,2019/10/31,0,"9,5",90
Apartments Welcome to Valencia Peset Aleixandre 69,4964856,Apartamento,Valencia,1,1,€ 130,2019/10/30,2019/10/31,0,"9,7",90
Valencia Just in the Middle,2965508,Apartamento,Valencia,1,1,€ 135,2019/10/30,2019/10/31,0,"9,9",90
Boutique Creative Rooms,2334726,NA,Valencia,1,1,€ 90,2019/10/30,2019/10/31,0,"8,7",90
BUBUFLATS / Mercat,783206,Apartamentos,Valencia,1,1,€ 90,2019/10/30,2019/10/31,0,"8,9",90
BUBUFLATS Mossén,1141763,Apartamentos,Valencia,1,1,€ 90,2019/10/30,2019/10/31,0,"8,9",90
Ciudad Ciencias- Lujo- Parking- Wi-Fi.,4999636,Apartamento,Valencia,1,1,€ 140,2019/10/30,2019/10/31,0,"9,8",90
Ca María,3776707,Apartamento,Valencia,1,1,€ 180,2019/10/30,2019/10/31,0,"9,7",90
Casa Vich,4457634,Apartamento,Valencia,1,1,NA,2019/10/30,2019/10/31,0,"9,6",90
Loft Superior el Carmen,2784473,Apartamento,Valencia,1,1,€ 209,2019/10/30,2019/10/31,0,"9,5",90
Casual del Cine Valencia,572187,NA,Valencia,1,1,€ 92,2019/10/30,2019/10/31,2,"8,6",90
Perla Apartments,3146781,Apartamentos,Valencia,1,1,€ 95,2019/10/30,2019/10/31,0,"8,8",90
New Trendy apartment,2426154,Apartamento,Valencia,1,1,€ 95,2019/10/30,2019/10/31,0,"8,8",90
Biopark View Apartment,2381901,Apartamento,Valencia,1,1,€ 97,2019/10/30,2019/10/31,0,"8,9",90
CALLE CUENCA 2,4093865,Apartamento,Valencia,1,1,€ 98,2019/10/30,2019/10/31,0,"8,8",90
Cantagua Hostel,4074640,NA,Valencia,1,1,€ 38,2019/10/30,2019/10/31,0,"9,1",90
Art&Flats Bed&Breakfast,5238345,NA,Valencia,1,1,€ 45,2019/10/30,2019/10/31,0,"9,2",90
YOU & CO. Saler Beach Boutique,4533007,NA,Valencia,1,1,€ 53,2019/10/30,2019/10/31,3,"9,1",90
Habitación privada a 1500 metros de la playa,3789910,NA,Valencia,1,1,€ 60,2019/10/30,2019/10/31,0,"9,4",90
Austria 4,1605997,Apartamentos,Valencia,1,1,€ 62,2019/10/30,2019/10/31,0,9,90
Preciosa Casita Cerca Del Mar,4057271,Apartamento,Valencia,1,1,NA,2019/10/30,2019/10/31,0,"9,7",90
Hostal Venecia,92883,NA,Valencia,1,1,€ 70,2019/10/30,2019/10/31,2,"9,1",90
Live in Chianti,2227491,NA,Valencia,1,1,€ 75,2019/10/30,2019/10/31,0,"9,1",90
apartamento las torres-botanico,4694090,Apartamento,Valencia,1,1,€ 76,2019/10/30,2019/10/31,0,9,90
City Garden Bed and Breakfast,2204361,NA,Valencia,1,1,€ 76,2019/10/30,2019/10/31,0,"9,4",90
OttoH Charm Stay,2459807,NA,Valencia,1,1,€ 79,2019/10/30,2019/10/31,0,"9,3",90
Apartments Madrina,3278589,Apartamentos,Valencia,1,1,€ 80,2019/10/30,2019/10/31,0,9,90
Central Park Apartment Valencia,3881533,Apartamento,Valencia,1,1,NA,2019/10/30,2019/10/31,0,"9,6",90
Una Ubicacion Perfecta,3114164,Apartamentos,Valencia,1,1,€ 80,2019/10/30,2019/10/31,0,"9,1",90
Brisa Mare Nostrum,2855311,Apartamento,Valencia,1,1,€ 80,2019/10/30,2019/10/31,0,"9,4",90
Hotel Valencia Alameda,4019381,NA,Valencia,1,1,€ 84,2019/10/30,2019/10/31,4,"9,4",90
Apartamento bianca,3205847,Apartamento,Valencia,1,1,€ 85,2019/10/30,2019/10/31,0,"9,2",90
Mon Suites San Nicolas,4117225,Apartamentos,Valencia,1,1,€ 87,2019/10/30,2019/10/31,0,"9,2",90
RUZAFA. Nice apartment and Terrace.,4368595,Apartamento,Valencia,1,1,€ 88,2019/10/30,2019/10/31,0,"9,3",90
Apartamento cerca de la Playa y el Centro,2620264,Apartamento,Valencia,1,1,€ 88,2019/10/30,2019/10/31,0,9,90
La casita de Palomar,2132386,Apartamentos,Valencia,1,1,€ 89,2019/10/30,2019/10/31,0,"9,4",90
Palau de Palomar,471283,Apartamentos,Valencia,1,1,€ 89,2019/10/30,2019/10/31,0,"9,1",90
Apartamentos Edificio Palomar,189277,Apartamentos,Valencia,1,1,€ 89,2019/10/30,2019/10/31,0,"9,2",90
Hi Valencia Cánovas,4312120,Apartamentos,Valencia,1,1,€ 90,2019/10/30,2019/10/31,0,"9,1",90
Habitación doble,3599930,NA,Valencia,1,1,€ 90,2019/10/30,2019/10/31,0,9,90
Olvida tu Reloj Montichelvo Apartment,3258095,Apartamento,Valencia,1,1,€ 91,2019/10/30,2019/10/31,0,"9,4",90
Olvida tu Reloj Congresos Apartment,2448036,Apartamento,Valencia,1,1,€ 91,2019/10/30,2019/10/31,0,"9,2",90
"Piso ""Como en tu casa""",2689136,Apartamento,Valencia,1,1,€ 92,2019/10/30,2019/10/31,0,"9,3",90
Bubuflats Bubu 5,1283519,Apartamento,Valencia,1,1,€ 95,2019/10/30,2019/10/31,0,9,90
Bianca,4232781,Apartamento,Valencia,1,1,€ 96,2019/10/30,2019/10/31,0,9,90
Valenciaflats Centro Ciudad,18544,Apartamentos,Valencia,1,1,€ 97,2019/10/30,2019/10/31,0,"9,1",90
