name,propertyId,propertyType,city,rooms,days,price,checkIn,checkOut,stars,score,advance
Miresa flats 2.1A,5399747,NA,Valencia,1,1,€ 90,2019/08/19,2019/08/20,0,,14
APARTAMENTO VALENCIA CENTRO,5145920,NA,Valencia,1,1,€ 100,2019/08/19,2019/08/20,0,,14
Apartamento en la Ciudad de las Artes y las Ciencias,3552283,NA,Valencia,1,1,NA,2019/08/19,2019/08/20,0,"9,5",14
Casa de la Reina,5394089,NA,Valencia,1,1,€ 100,2019/08/19,2019/08/20,0,,14
Loft Turia Gran,5133726,NA,Valencia,1,1,€ 113,2019/08/19,2019/08/20,0,,14
Casual Socarrat Valencia,5142800,NA,Valencia,1,1,€ 125,2019/08/19,2019/08/20,3,,14
Miresa flats,5300418,NA,Valencia,1,1,€ 125,2019/08/19,2019/08/20,0,,14
Apartment in the Quart Towers II,4947694,NA,Valencia,1,1,€ 135,2019/08/19,2019/08/20,0,,14
Old Town Flats Casa Burguerini,4552106,NA,Valencia,1,1,€ 137,2019/08/19,2019/08/20,0,,14
Charming Ninetta,3220582,NA,Valencia,1,1,NA,2019/08/19,2019/08/20,0,"9,5",14
Valencia Apartamentos DEL MAR,5421626,NA,Valencia,1,1,€ 140,2019/08/19,2019/08/20,0,,14
"Flat ""Ca Alexandre""",3687859,NA,Valencia,1,1,€ 220,2019/08/19,2019/08/20,0,,14
Hogar Dulce Hogar,5441488,NA,Valencia,1,1,€ 230,2019/08/19,2019/08/20,0,,14
MD POETA ANDRES CABRELLES,5385067,NA,Valencia,1,1,€ 231,2019/08/19,2019/08/20,0,,14
Espaciosa y cómoda vivienda,5342327,NA,Valencia,1,1,€ 238,2019/08/19,2019/08/20,0,,14
07 PLAZA DEL AYUNTAMIENTO - CENTRO 6personas,4093811,NA,Valencia,1,1,€ 239,2019/08/19,2019/08/20,0,,14
Apartments Torres de Serranos Valencia,1099602,NA,Valencia,1,1,NA,2019/08/19,2019/08/20,0,"9,6",14
Apartamento con terraza,5238122,NA,Valencia,1,1,€ 240,2019/08/19,2019/08/20,0,,14
Duplex Penthouse,5436230,NA,Valencia,1,1,€ 251,2019/08/19,2019/08/20,0,,14
27 PLAZA AYUNTAMIENTO-CENTRO 6p.,4093831,NA,Valencia,1,1,€ 254,2019/08/19,2019/08/20,0,,14
37 PLAZA AYUNTAMIENTO-CENTRO 6p.,4093843,NA,Valencia,1,1,€ 254,2019/08/19,2019/08/20,0,,14
MD PASEO RUZAFA CENTER,5374850,NA,Valencia,1,1,€ 502,2019/08/19,2019/08/20,0,,14
Governor Residence,3799760,NA,Valencia,1,1,€ 600,2019/08/19,2019/08/20,0,,14
Flats Piera Valencia Center,1490563,NA,Valencia,1,1,NA,2019/08/19,2019/08/20,0,"9,5",14
Gulet Why Not,5199364,NA,Valencia,1,1,€ 3.600,2019/08/19,2019/08/20,0,,14
One Shot Palacio Reina Victoria 04,90885,NA,Valencia,1,1,€ 109,2019/08/19,2019/08/20,4,"8,6",14
Casa de Maria,2467712,NA,Valencia,1,1,€ 110,2019/08/19,2019/08/20,0,"8,6",14
Hotel Boutique Balandret,1281710,NA,Valencia,1,1,€ 171,2019/08/19,2019/08/20,3,"9,2",14
VALENCIA APARTAMENTO GOYA GRAN TERRAZA,4660558,NA,Valencia,1,1,NA,2019/08/19,2019/08/20,0,"9,9",14
Les flors,3985046,NA,Valencia,1,1,€ 110,2019/08/19,2019/08/20,0,"8,8",14
AC Hotel Colon Valencia- a Marriott Lifestyle Hotel,1117150,NA,Valencia,1,1,€ 111,2019/08/19,2019/08/20,4,"8,6",14
Barceló Valencia,91988,NA,Valencia,1,1,€ 113,2019/08/19,2019/08/20,4,"8,6",14
Friendly Rentals Casals,1769176,NA,Valencia,1,1,€ 115,2019/08/19,2019/08/20,0,"8,6",14
Valenciaflats Mercado Central,307677,NA,Valencia,1,1,€ 115,2019/08/19,2019/08/20,0,"8,9",14
One Shot Colón 46,1394168,NA,Valencia,1,1,€ 115,2019/08/19,2019/08/20,3,"8,7",14
Center City Flats,861452,NA,Valencia,1,1,€ 171,2019/08/19,2019/08/20,0,"9,1",14
Maison Reina B&B,5004812,NA,Valencia,1,1,NA,2019/08/19,2019/08/20,0,"9,5",14
5 SENSES,3786890,NA,Valencia,1,1,€ 174,2019/08/19,2019/08/20,0,"9,2",14
Mon Suites San Nicolas,4117225,NA,Valencia,1,1,€ 175,2019/08/19,2019/08/20,0,"9,2",14
WeRentVLC Charming Ruzafa,2839319,NA,Valencia,1,1,€ 184,2019/08/19,2019/08/20,0,"9,2",14
ARENAS 2 APARTAMENT,2808815,NA,Valencia,1,1,€ 200,2019/08/19,2019/08/20,0,"9,2",14
Caro Hotel,348132,NA,Valencia,1,1,€ 209,2019/08/19,2019/08/20,5,"9,2",14
Casa Vich,4457634,NA,Valencia,1,1,NA,2019/08/19,2019/08/20,0,"9,6",14
Ilunion Aqua 4,92777,NA,Valencia,1,1,€ 118,2019/08/19,2019/08/20,4,"8,5",14
Valenciaflats Centro Histórico,94781,NA,Valencia,1,1,€ 120,2019/08/19,2019/08/20,0,"8,7",14
Cozy apartment in Valencia center,3402135,NA,Valencia,1,1,€ 253,2019/08/19,2019/08/20,0,"9,2",14
La seda stay,3335523,NA,Valencia,1,1,NA,2019/08/19,2019/08/20,0,"9,7",14
València Centre Túria,2185255,NA,Valencia,1,1,€ 123,2019/08/19,2019/08/20,0,"8,8",14
Las Arenas Balneario Resort,91144,NA,Valencia,1,1,€ 288,2019/08/19,2019/08/20,5,9,14
Zerka Sendra,4657122,NA,Valencia,1,1,€ 310,2019/08/19,2019/08/20,0,9,14
Hotel San Lorenzo Boutique,1307718,NA,Valencia,1,1,€ 123,2019/08/19,2019/08/20,3,"8,6",14
Vincci Palace,94163,NA,Valencia,1,1,€ 125,2019/08/19,2019/08/20,4,"8,6",14
MD Julio Antonio Apartment Center,3961049,NA,Valencia,1,1,€ 385,2019/08/19,2019/08/20,0,"9,1",14
Catalonia Excelsior,90578,NA,Valencia,1,1,€ 130,2019/08/19,2019/08/20,3,"8,7",14
la casita,4333253,NA,Valencia,1,1,NA,2019/08/19,2019/08/20,0,"9,7",14
The River Hostel,494202,NA,Valencia,1,1,€ 31,2019/08/19,2019/08/20,0,"8,5",14
Quart Youth Hostel,476418,NA,Valencia,1,1,€ 35,2019/08/19,2019/08/20,0,"8,7",14
Vincci Lys,91183,NA,Valencia,1,1,€ 131,2019/08/19,2019/08/20,4,"8,9",14
BUBUFLATS / Mercat,783206,NA,Valencia,1,1,€ 135,2019/08/19,2019/08/20,0,"8,9",14
Russafa Youth Hostel,345134,NA,Valencia,1,1,€ 58,2019/08/19,2019/08/20,0,"8,6",14
PORT VALENCIA PLAYA,5259971,NA,Valencia,1,1,NA,2019/08/19,2019/08/20,0,"9,7",14
Zalamera BnB,1331238,NA,Valencia,1,1,€ 63,2019/08/19,2019/08/20,0,"8,7",14
Hotel Mediterraneo Valencia,92412,NA,Valencia,1,1,€ 136,2019/08/19,2019/08/20,3,"8,8",14
SH Valencia Palace,91497,NA,Valencia,1,1,€ 150,2019/08/19,2019/08/20,5,"8,5",14
Hospes Palau de La Mar,93823,NA,Valencia,1,1,€ 158,2019/08/19,2019/08/20,5,"8,8",14
Namaste Rooms,3799642,NA,Valencia,1,1,€ 65,2019/08/19,2019/08/20,0,"8,6",14
Hotel Neptuno,91206,NA,Valencia,1,1,€ 162,2019/08/19,2019/08/20,4,"8,5",14
New apartment bioparc,4316710,NA,Valencia,1,1,NA,2019/08/19,2019/08/20,0,"9,5",14
Homestay Carrer Sagun,5006434,NA,Valencia,1,1,€ 65,2019/08/19,2019/08/20,0,"8,6",14
Valencia Suits You Citytel,1106307,NA,Valencia,1,1,€ 69,2019/08/19,2019/08/20,2,"8,6",14
València Centre Torres de Quart,886289,NA,Valencia,1,1,€ 165,2019/08/19,2019/08/20,0,"8,9",14
The Westin Valencia,93321,NA,Valencia,1,1,€ 173,2019/08/19,2019/08/20,5,"8,7",14
Apartamento frente al mar,3060802,NA,Valencia,1,1,€ 175,2019/08/19,2019/08/20,0,"8,6",14
Luz de Valencia,2076095,NA,Valencia,1,1,€ 71,2019/08/19,2019/08/20,0,"8,8",14
ABCyou Bed&Breakfast,189207,NA,Valencia,1,1,€ 73,2019/08/19,2019/08/20,0,"8,5",14
Malvarrosa Beach Apartment,1336847,NA,Valencia,1,1,€ 175,2019/08/19,2019/08/20,0,"8,9",14
Garden Turia Downtown,5201200,NA,Valencia,1,1,NA,2019/08/19,2019/08/20,0,"9,9",14
Hotel El Siglo,1741479,NA,Valencia,1,1,€ 76,2019/08/19,2019/08/20,3,"8,5",14
BonApart Apartment Valencia,1490885,NA,Valencia,1,1,€ 179,2019/08/19,2019/08/20,0,"8,5",14
Pintor Salvador Abril 24 Apartment,3249845,NA,Valencia,1,1,€ 180,2019/08/19,2019/08/20,0,"8,9",14
Classic Flat Valencia,4245614,NA,Valencia,1,1,NA,2019/08/19,2019/08/20,0,"9,5",14
Flatsforyou Sorolla House,403442,NA,Valencia,1,1,€ 180,2019/08/19,2019/08/20,0,"8,5",14
Puerta de Serranos,2734333,NA,Valencia,1,1,€ 195,2019/08/19,2019/08/20,0,"8,7",14
Carlos & Ana,2079019,NA,Valencia,1,1,€ 195,2019/08/19,2019/08/20,0,"8,9",14
Cathedral Suites Hotel,1736257,NA,Valencia,1,1,€ 199,2019/08/19,2019/08/20,4,"8,9",14
Hotel Malcom and Barret,483261,NA,Valencia,1,1,€ 77,2019/08/19,2019/08/20,3,"8,7",14
Sercotel Sorolla Palace,93646,NA,Valencia,1,1,€ 77,2019/08/19,2019/08/20,4,"8,6",14
Melia Valencia,290493,NA,Valencia,1,1,€ 77,2019/08/19,2019/08/20,4,"8,8",14
Ad Hoc Carmen,1173270,NA,Valencia,1,1,€ 79,2019/08/19,2019/08/20,2,"8,9",14
Colegio Mayor La Concepción,626558,NA,Valencia,1,1,€ 79,2019/08/19,2019/08/20,0,"8,7",14
CÓMODAS HABITACIONES CERCA DE LA PLAYA,5041799,NA,Valencia,1,1,NA,2019/08/19,2019/08/20,0,"9,5",14
El Palacete Gran Via,3483148,NA,Valencia,1,1,€ 80,2019/08/19,2019/08/20,0,"8,7",14
Casa del Patriarca,364834,NA,Valencia,1,1,€ 81,2019/08/19,2019/08/20,0,"8,9",14
Casual Vintage Valencia,1710241,NA,Valencia,1,1,€ 81,2019/08/19,2019/08/20,2,"8,5",14
Home Youth Hostel by Feetup Hostels,189322,NA,Valencia,1,1,€ 83,2019/08/19,2019/08/20,0,"8,8",14
Zerka Centro,4425975,NA,Valencia,1,1,€ 208,2019/08/19,2019/08/20,0,"8,5",14
SingularStays Parque Central,3054000,NA,Valencia,1,1,€ 210,2019/08/19,2019/08/20,0,"8,8",14
Hotel Kramer,91106,NA,Valencia,1,1,€ 86,2019/08/19,2019/08/20,3,"8,8",14
UNIK. Apartments Valencia,2241282,NA,Valencia,1,1,€ 86,2019/08/19,2019/08/20,0,"8,5",14
Ciudad Ciencias- Lujo- Parking- Wi-Fi.,4999636,NA,Valencia,1,1,NA,2019/08/19,2019/08/20,0,"9,8",14
Apartamento Frederick “Centrico y con Clase”,4236394,NA,Valencia,1,1,NA,2019/08/19,2019/08/20,0,"9,7",14
Petit Palace Plaza de la Reina,90443,NA,Valencia,1,1,€ 218,2019/08/19,2019/08/20,3,"8,7",14
AC Hotel Valencia- a Marriott Lifestyle Hotel,91063,NA,Valencia,1,1,€ 89,2019/08/19,2019/08/20,4,"8,6",14
Petit Palomar,2187491,NA,Valencia,1,1,€ 89,2019/08/19,2019/08/20,0,"8,9",14
B&B Hi Valencia Boutique,1301725,NA,Valencia,1,1,€ 89,2019/08/19,2019/08/20,0,"8,7",14
Pio XII Apartments Valencia,402080,NA,Valencia,1,1,€ 90,2019/08/19,2019/08/20,0,"8,5",14
Mar & City Apartment,3456759,NA,Valencia,1,1,€ 274,2019/08/19,2019/08/20,0,"8,9",14
Urban Youth Hostel,1163025,NA,Valencia,1,1,€ 34,2019/08/19,2019/08/20,0,"8,4",14
Citizentral Gascons,332095,NA,Valencia,1,1,€ 94,2019/08/19,2019/08/20,0,"8,7",14
IVAM ESQUIFE,4908298,NA,Valencia,1,1,€ 95,2019/08/19,2019/08/20,0,"8,8",14
Lotelito,570027,NA,Valencia,1,1,€ 97,2019/08/19,2019/08/20,0,"8,9",14
Soho Valencia,1538641,NA,Valencia,1,1,€ 99,2019/08/19,2019/08/20,0,"8,9",14
Red Nest Hostel,92283,NA,Valencia,1,1,€ 44,2019/08/19,2019/08/20,0,"8,2",14
HOSPEDAJE PESET,4718074,NA,Valencia,1,1,€ 50,2019/08/19,2019/08/20,0,"8,1",14
HABITACIÓN PRIVADA EN RUZAFA,4948581,NA,Valencia,1,1,€ 51,2019/08/19,2019/08/20,0,"8,1",14
Purple Nest Hostel,25278,NA,Valencia,1,1,€ 52,2019/08/19,2019/08/20,0,8,14
Residencia Universitaria Damia Bonet,247451,NA,Valencia,1,1,€ 59,2019/08/19,2019/08/20,0,"8,4",14
NH Ciudad de Valencia,90729,NA,Valencia,1,1,€ 80,2019/08/19,2019/08/20,3,"8,2",14
Jardín Botánico Hotel Boutique,93369,NA,Valencia,1,1,€ 99,2019/08/19,2019/08/20,3,"8,9",14
Ad Hoc Monumental,90719,NA,Valencia,1,1,€ 101,2019/08/19,2019/08/20,3,"8,6",14
Rio Turia Skatehouse,4624602,Apartamento,Valencia,1,1,€ 81,2019/08/19,2019/08/20,0,"8,1",14
Constitución,4229663,Apartamento,Valencia,1,1,NA,2019/08/19,2019/08/20,0,"9,6",14
Boutique Creative Rooms,2334726,NA,Valencia,1,1,€ 104,2019/08/19,2019/08/20,0,"8,7",14
Casual del Cine Valencia,572187,NA,Valencia,1,1,€ 104,2019/08/19,2019/08/20,2,"8,6",14
Hotel Sercotel Acteón Valencia,90495,NA,Valencia,1,1,€ 83,2019/08/19,2019/08/20,4,"8,4",14
Pension MonaLisa Luxury Suites,3834224,NA,Valencia,1,1,€ 60,2019/08/19,2019/08/20,0,"8,2",14
L'Otelet By Sweet,1467935,NA,Valencia,1,1,€ 64,2019/08/19,2019/08/20,0,"8,3",14
Hotel Dimar,90886,NA,Valencia,1,1,€ 104,2019/08/19,2019/08/20,4,"8,7",14
Ilunion Aqua 3,92776,NA,Valencia,1,1,€ 83,2019/08/19,2019/08/20,3,"8,3",14
Ilunion Valencia 4,754329,NA,Valencia,1,1,€ 84,2019/08/19,2019/08/20,4,8,14
NH Valencia Las Artes,90731,NA,Valencia,1,1,€ 86,2019/08/19,2019/08/20,4,"8,4",14
NH Valencia Las Ciencias,90725,NA,Valencia,1,1,€ 88,2019/08/19,2019/08/20,3,8,14
Innsa,503793,NA,Valencia,1,1,€ 65,2019/08/19,2019/08/20,0,"8,3",14
Melia Plaza Valencia,13270,NA,Valencia,1,1,€ 105,2019/08/19,2019/08/20,4,"8,9",14
Hotel Valencia Oceanic Managed by Melia Hotels International,91522,NA,Valencia,1,1,€ 106,2019/08/19,2019/08/20,4,"8,6",14
Tryp Valencia Feria,92852,NA,Valencia,1,1,€ 68,2019/08/19,2019/08/20,4,"8,3",14
Dormavalencia Hostel Regne,291755,NA,Valencia,1,1,€ 70,2019/08/19,2019/08/20,1,8,14
Blanq Carmen Hotel,97069,NA,Valencia,1,1,€ 108,2019/08/19,2019/08/20,3,"8,7",14
Suites by Eric Olsan (Florista),4726450,NA,Valencia,1,1,€ 108,2019/08/19,2019/08/20,0,"8,6",14
Sweet Hotel Renasa,274818,NA,Valencia,1,1,€ 89,2019/08/19,2019/08/20,3,8,14
Olympia Flats,4212801,NA,Valencia,1,1,NA,2019/08/19,2019/08/20,0,"9,7",14
Rooms Ciencias,94126,NA,Valencia,1,1,€ 108,2019/08/19,2019/08/20,0,"8,9",14
Alquiler Habitacion Centro De Valencia,3977106,NA,Valencia,1,1,€ 72,2019/08/19,2019/08/20,0,8,14
Aparthotel Valencia Rental,17344,NA,Valencia,1,1,€ 72,2019/08/19,2019/08/20,0,8,14
NH Valencia Center,90727,NA,Valencia,1,1,€ 89,2019/08/19,2019/08/20,4,"8,3",14
Eurostars Rey Don Jaime,91520,NA,Valencia,1,1,€ 89,2019/08/19,2019/08/20,4,"8,2",14
Hotel Olympia Universidades,1301731,NA,Valencia,1,1,€ 75,2019/08/19,2019/08/20,3,"8,4",14
Homestay & OLEE,4132920,NA,Valencia,1,1,€ 80,2019/08/19,2019/08/20,0,"7,4",14
B&B Hi Valencia Canovas,305349,NA,Valencia,1,1,€ 89,2019/08/19,2019/08/20,0,"8,4",14
Reina 12,1684198,NA,Valencia,1,1,€ 90,2019/08/19,2019/08/20,0,"8,3",14
Cozy fisherman's house,2241663,Casa o chalet,Valencia,1,1,€ 95,2019/08/19,2019/08/20,0,"8,1",14
Balcón Al Mar,295109,NA,Valencia,1,1,€ 76,2019/08/19,2019/08/20,0,"8,4",14
Sweet Hotel Continental,93856,NA,Valencia,1,1,€ 79,2019/08/19,2019/08/20,2,"8,3",14
HOSTAL BED OF THE SEA,3974636,NA,Valencia,1,1,€ 82,2019/08/19,2019/08/20,0,7,14
Cool Central Market,3424724,Apartamento,Valencia,1,1,NA,2019/08/19,2019/08/20,0,"9,9",14
Valencia Apartments,4367788,Apartamentos,Valencia,1,1,€ 96,2019/08/19,2019/08/20,0,"7,2",14
SHF Sevilla Loft,850157,Apartamentos,Valencia,1,1,€ 100,2019/08/19,2019/08/20,0,"7,4",14
Valencia Apartmans El Carmen,847910,Apartamentos,Valencia,1,1,€ 105,2019/08/19,2019/08/20,0,"7,3",14
Suites by Eric Olsan (L),4287413,Apartamentos,Valencia,1,1,€ 111,2019/08/19,2019/08/20,0,"7,3",14
Silken Puerta Valencia,91182,NA,Valencia,1,1,€ 95,2019/08/19,2019/08/20,4,"8,3",14
Cómoda habitación Valencia,4200488,NA,Valencia,1,1,NA,2019/08/19,2019/08/20,0,"9,5",14
Senator Parque Central Hotel,274963,NA,Valencia,1,1,€ 97,2019/08/19,2019/08/20,4,"8,1",14
NWT Monserrat,3728842,Apartamentos,Valencia,1,1,€ 129,2019/08/19,2019/08/20,0,"7,1",14
Valencia Luxury Town Hall,866934,Apartamentos,Valencia,1,1,€ 159,2019/08/19,2019/08/20,0,7,14
Nowy apartament 3min od plaż- 3 sypialnie- balkon,3418661,Apartamentos,Valencia,1,1,NA,2019/08/19,2019/08/20,0,"9,5",14
Valencia Boutique Ayuntamiento,343355,Apartamentos,Valencia,1,1,€ 160,2019/08/19,2019/08/20,0,"7,2",14
La Casa dei Fiori,2849727,Apartamento,Valencia,1,1,€ 177,2019/08/19,2019/08/20,0,"7,2",14
Best Valencia Beach Flat,3246772,Apartamento,Valencia,1,1,€ 179,2019/08/19,2019/08/20,0,"7,1",14
Valencia Luxury Catedral,440778,Apartamentos,Valencia,1,1,€ 180,2019/08/19,2019/08/20,0,"7,2",14
Las casitas de la playa,3177809,Apartamentos,Valencia,1,1,€ 188,2019/08/19,2019/08/20,0,"7,2",14
MD Modern Hotel - Jardines,305447,NA,Valencia,1,1,€ 99,2019/08/19,2019/08/20,1,"8,2",14
Valencia Luxury Group Apartments,1648016,Apartamentos,Valencia,1,1,€ 190,2019/08/19,2019/08/20,0,"7,3",14
Apartamento centro frente a Torres de Serrano,3408067,Apartamento,Valencia,1,1,NA,2019/08/19,2019/08/20,0,"9,5",14
Valencia Luxury La Paz,1107542,Apartamentos,Valencia,1,1,€ 220,2019/08/19,2019/08/20,0,"7,2",14
APARTAMENTO LAS MELLIZAS,4651578,NA,Valencia,1,1,€ 50,2019/08/19,2019/08/20,0,"8,4",14
Plaza Redonda Apartments,1665625,Apartamentos,Valencia,1,1,€ 99,2019/08/19,2019/08/20,0,"8,1",14
United Colors of Apartments - Catedral,1301545,Apartamentos,Valencia,1,1,€ 99,2019/08/19,2019/08/20,0,"8,2",14
Casual de las Artes Valencia,538056,NA,Valencia,1,1,€ 99,2019/08/19,2019/08/20,3,"8,4",14
TTdSSa VLC: Plaza Cisneros- 2- 5 pax 3 Bedrooms,4069293,Apartamento,Valencia,1,1,NA,2019/08/19,2019/08/20,0,"9,8",14
Hotel Valencia Center,91285,NA,Valencia,1,1,€ 99,2019/08/19,2019/08/20,4,"8,4",14
Room in apartment,3701648,NA,Valencia,1,1,€ 100,2019/08/19,2019/08/20,0,8,14
Pensión Universal,304276,NA,Valencia,1,1,€ 42,2019/08/19,2019/08/20,0,"7,9",14
Habitaciones Barra89,1076252,NA,Valencia,1,1,€ 45,2019/08/19,2019/08/20,0,"7,8",14
Premium Apartments,486507,Apartamentos,Valencia,1,1,€ 109,2019/08/19,2019/08/20,0,"6,9",14
Valencia Boutique Center,387770,Apartamentos,Valencia,1,1,€ 195,2019/08/19,2019/08/20,0,"6,9",14
Apartamento para 10 personas,5029963,Apartamento,Valencia,1,1,€ 200,2019/08/19,2019/08/20,0,"6,9",14
Carrer de María Montessori,3272386,Apartamento,Valencia,1,1,€ 102,2019/08/19,2019/08/20,0,"8,3",14
Primus Valencia,331871,NA,Valencia,1,1,€ 103,2019/08/19,2019/08/20,4,"8,3",14
Malvarrosa Beach,3546692,Casas y chalets,Valencia,1,1,€ 1.260,2019/08/19,2019/08/20,0,"6,9",14
Eurostars Gran Valencia,90484,NA,Valencia,1,1,€ 104,2019/08/19,2019/08/20,4,"8,3",14
Happy Apartments Valencia – Lope de Vega,575582,Apartamentos,Valencia,1,1,€ 104,2019/08/19,2019/08/20,0,"8,1",14
Preciosa Casita Cerca Del Mar,4057271,Apartamento,Valencia,1,1,NA,2019/08/19,2019/08/20,0,"9,7",14
Reina's Apartment,2130930,Apartamentos,Valencia,1,1,€ 107,2019/08/19,2019/08/20,0,"8,4",14
Hotel Medium Valencia,96838,NA,Valencia,1,1,€ 108,2019/08/19,2019/08/20,4,"8,2",14
Happy Apartments Valencia,456043,Apartamentos,Valencia,1,1,€ 109,2019/08/19,2019/08/20,0,"8,2",14
Dormavalencia Hostel,249585,NA,Valencia,1,1,€ 110,2019/08/19,2019/08/20,1,"8,2",14
Apartment Florista,2150187,Apartamento,Valencia,1,1,€ 110,2019/08/19,2019/08/20,0,"8,1",14
City Suites Apartments,3091106,NA,Valencia,1,1,€ 112,2019/08/19,2019/08/20,0,"8,4",14
Habitación con cama doble,4794909,NA,Valencia,1,1,€ 41,2019/08/19,2019/08/20,0,"6,1",14
Doctor Oloriz-31-9,3397673,Apartamento,Valencia,1,1,NA,2019/08/19,2019/08/20,0,"9,6",14
Fun and Sun Center 2,2944416,NA,Valencia,1,1,€ 45,2019/08/19,2019/08/20,0,"6,2",14
Kirei Apartment San Agustin,1712323,Apartamentos,Valencia,1,1,€ 137,2019/08/19,2019/08/20,0,"6,4",14
RoomTuristValencia - Ruzafa,4608394,NA,Valencia,1,1,€ 35,2019/08/19,2019/08/20,0,"5,8",14
Guest House Torres de Quart,2275006,NA,Valencia,1,1,€ 38,2019/08/19,2019/08/20,0,"5,5",14
Ruzafa Guesthouse,2269176,NA,Valencia,1,1,€ 38,2019/08/19,2019/08/20,0,"5,6",14
Home Sweet Home,1223953,NA,Valencia,1,1,€ 50,2019/08/19,2019/08/20,0,"5,6",14
Valencia centro historico,3354779,Apartamento,Valencia,1,1,NA,2019/08/19,2019/08/20,0,"9,5",14
Central Park Apartment Valencia,3881533,NA,Valencia,1,1,NA,2019/08/19,2019/08/20,0,"9,6",14
Albergue Juvenil Colegio Mayor Galileo Galilei,253103,NA,Valencia,1,1,€ 46,2019/08/19,2019/08/20,0,"7,9",14
Carrer del Bisbe Jaume Pérez,4900140,NA,Valencia,1,1,€ 60,2019/08/19,2019/08/20,0,"5,8",14
Oliver,4865093,NA,Valencia,1,1,€ 73,2019/08/19,2019/08/20,0,"5,7",14
Voyagers Inn Homestay,2682156,NA,Valencia,1,1,€ 47,2019/08/19,2019/08/20,0,"7,8",14
Kirei Apartment Berlin,4504570,Apartamentos,Valencia,1,1,€ 126,2019/08/19,2019/08/20,0,"5,5",14
United Colors of Apartments Boutique Style,5372347,NA,Valencia,1,1,€ 120,2019/08/19,2019/08/20,0,10,14
Hostal Moratin,326015,NA,Valencia,1,1,€ 48,2019/08/19,2019/08/20,1,"7,9",14
Valencia Russafa,4454999,NA,Valencia,1,1,€ 50,2019/08/19,2019/08/20,0,"7,8",14
RoomTuristValencia Estacion del Norte,4682632,NA,Valencia,1,1,€ 35,2019/08/19,2019/08/20,0,"5,4",14
Guest House Duc de Gaeta,2275007,NA,Valencia,1,1,€ 38,2019/08/19,2019/08/20,0,5,14
Habitación San Cayetano,4624401,NA,Valencia,1,1,€ 50,2019/08/19,2019/08/20,0,"7,7",14
Valencia City Host,1177077,NA,Valencia,1,1,€ 53,2019/08/19,2019/08/20,0,"7,8",14
RoomTuristValencia RuzafaSumsi,4682802,NA,Valencia,1,1,€ 45,2019/08/19,2019/08/20,0,5,14
Precioso piso junto al antiguo barrio de Campanar,3297078,Apartamento,Valencia,1,1,NA,2019/08/19,2019/08/20,0,"9,6",14
Disfruta - Enjoy Valencia Centre,3881970,Apartamento,Valencia,1,1,NA,2019/08/19,2019/08/20,0,"9,8",14
Valenciaflats Torres de Serrano,17468,Apartamentos,Valencia,1,1,€ 115,2019/08/19,2019/08/20,0,"8,3",14
Apartamento Ciencias y Justicia,3825841,NA,Valencia,1,1,NA,2019/08/19,2019/08/20,0,"9,5",14
Como en casa,4802186,NA,Valencia,1,1,€ 54,2019/08/19,2019/08/20,0,"7,9",14
Guest House Ruzafa,2324552,NA,Valencia,1,1,€ 60,2019/08/19,2019/08/20,0,"5,3",14
RoomTuristValencia Torres de Quart,4565643,NA,Valencia,1,1,€ 35,2019/08/19,2019/08/20,0,"4,9",14
Apartamentos Plaza Picasso,97063,Apartamentos,Valencia,1,1,€ 115,2019/08/19,2019/08/20,0,"8,4",14
Hotel Conqueridor,91047,NA,Valencia,1,1,€ 117,2019/08/19,2019/08/20,4,"8,4",14
L'Esplai Valencia Bed & Breakfast,1282556,NA,Valencia,1,1,€ 99,2019/08/19,2019/08/20,0,"9,6",14
Disfruta - Enjoy Valencia Ayuntamiento,4901194,NA,Valencia,1,1,NA,2019/08/19,2019/08/20,0,10,14
Hostal Bisbal,235665,NA,Valencia,1,1,€ 60,2019/08/19,2019/08/20,1,"7,5",14
Valencia Lounge Hostel,337203,NA,Valencia,1,1,€ 61,2019/08/19,2019/08/20,0,"7,8",14
NWT Central Station Apartments,3964093,Apartamento,Valencia,1,1,€ 119,2019/08/19,2019/08/20,0,"8,4",14
SH Ingles Boutique Hotel,92956,NA,Valencia,1,1,€ 120,2019/08/19,2019/08/20,4,"8,4",14
Apartment near City of Arts,2242431,Apartamentos,Valencia,1,1,€ 125,2019/08/19,2019/08/20,0,"8,4",14
Holiday Inn Express Ciudad de las Ciencias,96737,NA,Valencia,1,1,€ 126,2019/08/19,2019/08/20,3,8,14
Guesthouse Plaza de Toros,2985902,NA,Valencia,1,1,€ 38,2019/08/19,2019/08/20,0,"4,9",14
Habitación en Apartamento soleado Plaza Escultor Frechina,4865043,NA,Valencia,1,1,€ 55,2019/08/19,2019/08/20,0,"4,9",14
El Coso,14580,NA,Valencia,1,1,€ 130,2019/08/19,2019/08/20,3,"8,2",14
Lovely Apartment!,3377663,Apartamentos,Valencia,1,1,€ 132,2019/08/19,2019/08/20,0,"8,4",14
Opera House Valencia B&B,3533887,NA,Valencia,1,1,€ 118,2019/08/19,2019/08/20,0,"9,5",14
Kirei Apartment Atlanta,4304662,Apartamento,Valencia,1,1,€ 208,2019/08/19,2019/08/20,0,"4,5",14
Apartamento Islas Canarias,2304086,Apartamento,Valencia,1,1,€ 84,2019/08/19,2019/08/20,0,4,14
Malvarosa,3820590,Apartamento,Valencia,1,1,€ 94,2019/08/19,2019/08/20,0,"3,9",14
Living Valencia Apartments - Merced,12120,Apartamento,Valencia,1,1,€ 162,2019/08/19,2019/08/20,0,"8,4",14
Musico Peydro Apartments,3765069,Apartamentos,Valencia,1,1,€ 215,2019/08/19,2019/08/20,0,"8,2",14
Ramirez Flats & Bar,4124528,NA,Valencia,1,1,€ 122,2019/08/19,2019/08/20,0,"9,5",14
Bubuflats Bubu 3,1014334,NA,Valencia,1,1,€ 135,2019/08/19,2019/08/20,0,"9,6",14
Constitucion Guesthouse,2985942,NA,Valencia,1,1,€ 35,2019/08/19,2019/08/20,0,"3,3",14
Como en casa !!,5427108,NA,Valencia,1,1,€ 33,2019/08/19,2019/08/20,0,,14
Habitación muy cerca de la playa.,5396391,NA,Valencia,1,1,€ 40,2019/08/19,2019/08/20,0,,14
Vlc Apartaments el Carmen,389902,Apartamentos,Valencia,1,1,€ 220,2019/08/19,2019/08/20,0,"8,1",14
La Paz Apartment,1687820,Apartamento,Valencia,1,1,€ 320,2019/08/19,2019/08/20,0,8,14
MD Sueca. Apartment with Terrace Ruzafa,2551179,Apartamento,Valencia,1,1,€ 513,2019/08/19,2019/08/20,0,"8,1",14
Amplia habitación en piso compartido,5433175,NA,Valencia,1,1,€ 50,2019/08/19,2019/08/20,0,,14
Hogar Dulce Hogar,5426607,NA,Valencia,1,1,€ 60,2019/08/19,2019/08/20,0,,14
Barracart Apartments,2125836,NA,Valencia,1,1,€ 137,2019/08/19,2019/08/20,0,"9,6",14
Valencia_PatraiX,5450613,NA,Valencia,1,1,€ 65,2019/08/19,2019/08/20,0,,14
Casita bonita con piscina y jardin,5294677,NA,Valencia,1,1,€ 75,2019/08/19,2019/08/20,0,,14
Hotel Beleret,94652,NA,Valencia,1,1,€ 63,2019/08/19,2019/08/20,3,"7,6",14
RUZAFA- CENTRO-A/C- WI-FI- PARKING,2885994,NA,Valencia,1,1,€ 180,2019/08/19,2019/08/20,0,"9,7",14
Cantagua Hostel,4074640,NA,Valencia,1,1,€ 46,2019/08/19,2019/08/20,0,"9,1",14
VALENCIA APARTAMENTO GOYA,4256653,NA,Valencia,1,1,NA,2019/08/19,2019/08/20,0,10,14
Acogedor apartamento en zona universitaria y playa,5414090,Casa o chalet,Valencia,1,1,€ 82,2019/08/19,2019/08/20,0,,14
70 m2 con terraza de 20m2,5011456,Apartamento,Valencia,1,1,€ 85,2019/08/19,2019/08/20,0,,14
Calle de Frederica Montseny 'Política' Casa o chalet,5152866,Casa o chalet,Valencia,1,1,€ 88,2019/08/19,2019/08/20,0,,14
Art&Flats Bed&Breakfast,5238345,NA,Valencia,1,1,€ 50,2019/08/19,2019/08/20,0,"9,2",14
Comfort Homestay,5423155,NA,Valencia,1,1,€ 89,2019/08/19,2019/08/20,0,,14
Jero Rooms,296743,NA,Valencia,1,1,€ 63,2019/08/19,2019/08/20,0,"7,7",14
Centro & Viaje,4215175,NA,Valencia,1,1,€ 68,2019/08/19,2019/08/20,0,"7,5",14
Ca María,3776707,NA,Valencia,1,1,NA,2019/08/19,2019/08/20,0,"9,7",14
B&B Hotel Valencia Ciudad de las Ciencias,92242,NA,Valencia,1,1,€ 71,2019/08/19,2019/08/20,3,"7,5",14
MD Vila Barbera Apartment Center,1957253,Apartamento,Valencia,1,1,€ 528,2019/08/19,2019/08/20,0,"8,4",14
Center Valencia Youth Hostel,246931,NA,Valencia,1,1,€ 31,2019/08/19,2019/08/20,0,"7,9",14
Blanq Comedias,4922002,NA,Valencia,1,1,€ 63,2019/08/19,2019/08/20,0,"9,2",14
YOU & CO. Saler Beach Boutique,4533007,NA,Valencia,1,1,€ 74,2019/08/19,2019/08/20,3,"9,4",14
UP Hostel Valencia,1710137,NA,Valencia,1,1,€ 31,2019/08/19,2019/08/20,0,"7,8",14
Apart and Benef,2291245,NA,Valencia,1,1,€ 38,2019/08/19,2019/08/20,0,"7,7",14
Habitación doble,3599930,NA,Valencia,1,1,€ 77,2019/08/19,2019/08/20,0,9,14
Hostal Venecia,92883,NA,Valencia,1,1,€ 84,2019/08/19,2019/08/20,2,"9,1",14
Cosy Rooms Tapinería,371192,NA,Valencia,1,1,€ 74,2019/08/19,2019/08/20,2,"7,5",14
Host & Home,1663785,NA,Valencia,1,1,€ 86,2019/08/19,2019/08/20,0,9,14
Hostal Antigua Morellana,1273937,NA,Valencia,1,1,NA,2019/08/19,2019/08/20,1,"9,5",14
Hotel Turia,14441,NA,Valencia,1,1,€ 75,2019/08/19,2019/08/20,4,"7,5",14
Habitacion PLaza Ayuntamiento,4365340,NA,Valencia,1,1,€ 75,2019/08/19,2019/08/20,0,"7,5",14
Ilunion Valencia 3,92818,NA,Valencia,1,1,€ 80,2019/08/19,2019/08/20,3,"7,9",14
Live in Chianti,2227491,NA,Valencia,1,1,€ 89,2019/08/19,2019/08/20,0,"9,1",14
Apartamento Rosaleda,3014201,NA,Valencia,1,1,€ 89,2019/08/19,2019/08/20,0,9,14
Apartments Madrina,3278589,NA,Valencia,1,1,€ 95,2019/08/19,2019/08/20,0,9,14
OttoH Charm Stay,2459807,NA,Valencia,1,1,€ 99,2019/08/19,2019/08/20,0,"9,3",14
Hotel Valencia Alameda,4019381,NA,Valencia,1,1,€ 103,2019/08/19,2019/08/20,4,"9,3",14
Eco-Friendly Apartments,1979834,NA,Valencia,1,1,€ 105,2019/08/19,2019/08/20,0,"9,2",14
Loft Superior el Carmen,2784473,NA,Valencia,1,1,NA,2019/08/19,2019/08/20,0,"9,5",14
Sorolla Centro,90896,NA,Valencia,1,1,€ 110,2019/08/19,2019/08/20,3,"9,1",14
Light and bright apartment in central Valencia,3767109,NA,Valencia,1,1,€ 110,2019/08/19,2019/08/20,0,9,14
Hostal Penalty,189209,NA,Valencia,1,1,€ 85,2019/08/19,2019/08/20,1,"7,9",14
Luxury Beach House,3602594,NA,Valencia,1,1,NA,2019/08/19,2019/08/20,0,"9,7",14
Casual Civilizaciones Valencia,449777,NA,Valencia,1,1,€ 86,2019/08/19,2019/08/20,0,"7,9",14
Expo Hotel Valencia,91223,NA,Valencia,1,1,€ 89,2019/08/19,2019/08/20,3,"7,6",14
Checkin Valencia,93743,NA,Valencia,1,1,€ 98,2019/08/19,2019/08/20,4,"7,8",14
Preciosa Casa,2866116,NA,Valencia,1,1,€ 110,2019/08/19,2019/08/20,0,"9,3",14
United Colors of Studios - Mercado Central,2574108,NA,Valencia,1,1,€ 99,2019/08/19,2019/08/20,0,"7,9",14
SHF Plaza de la Reina,1682520,NA,Valencia,1,1,€ 100,2019/08/19,2019/08/20,0,"7,7",14
Valenciaflats Centro Ciudad,18544,NA,Valencia,1,1,€ 110,2019/08/19,2019/08/20,0,"9,1",14
MD Design Hotel - Portal del Real,2391685,NA,Valencia,1,1,€ 111,2019/08/19,2019/08/20,2,"9,1",14
Suites by Eric Olsan (Peset),4726296,NA,Valencia,1,1,€ 111,2019/08/19,2019/08/20,0,"7,9",14
Apartamento en la Ciudad de las Artes y las Ciencias,3552283,NA,Valencia,1,1,NA,2019/08/19,2019/08/20,0,"9,5",14
Citizentral Juristas,1113127,NA,Valencia,1,1,€ 112,2019/08/19,2019/08/20,0,"9,2",14
Canovas rooms,5296619,NA,Valencia,1,1,NA,2019/08/19,2019/08/20,0,"9,6",14
Bianca,4232781,NA,Valencia,1,1,€ 118,2019/08/19,2019/08/20,0,9,14
Apartment close to park Marchalenes,4418670,NA,Valencia,1,1,€ 120,2019/08/19,2019/08/20,0,9,14
Apartamentos Wallace,1698355,NA,Valencia,1,1,€ 120,2019/08/19,2019/08/20,0,"9,2",14
SEA YOU HOTEL PORT VALENCIA,92328,NA,Valencia,1,1,€ 113,2019/08/19,2019/08/20,4,"7,6",14
Apartments Abate 4,2848648,NA,Valencia,1,1,€ 124,2019/08/19,2019/08/20,0,9,14
Torres Quart,3702234,NA,Valencia,1,1,€ 123,2019/08/19,2019/08/20,0,"7,8",14
El 16 Ruzafa,865461,NA,Valencia,1,1,€ 124,2019/08/19,2019/08/20,0,"7,7",14
MARQUÉS HOUSE 4* SUP,2118880,NA,Valencia,1,1,€ 124,2019/08/19,2019/08/20,4,"9,4",14
Apartamento Giorgeta,2580538,NA,Valencia,1,1,€ 125,2019/08/19,2019/08/20,0,9,14
Spain Host Valencia- Plaza del Ayuntamiento,2257049,NA,Valencia,1,1,€ 150,2019/08/19,2019/08/20,0,"7,6",14
Colors Rooms,675839,NA,Valencia,1,1,NA,2019/08/19,2019/08/20,0,"9,5",14
Mon Suites Catedral,485679,NA,Valencia,1,1,€ 125,2019/08/19,2019/08/20,0,"9,2",14
Valencia Luxury Central Market,1078335,NA,Valencia,1,1,€ 159,2019/08/19,2019/08/20,0,"7,5",14
Valencia Luxury Attics Ayuntamiento,337092,NA,Valencia,1,1,€ 160,2019/08/19,2019/08/20,0,"7,5",14
One Shot Mercat 09,2274203,NA,Valencia,1,1,€ 129,2019/08/19,2019/08/20,4,"9,1",14
Apartamento luminoso y acogedor,3489126,NA,Valencia,1,1,NA,2019/08/19,2019/08/20,0,"9,6",14
El Globo,24498,NA,Valencia,1,1,€ 160,2019/08/19,2019/08/20,1,"7,8",14
Apartamento Ruzafa Centro II,3718518,NA,Valencia,1,1,€ 133,2019/08/19,2019/08/20,0,9,14
MYR Hotel Plaza Mercado & Spa,1619029,NA,Valencia,1,1,€ 134,2019/08/19,2019/08/20,0,"9,2",14
ART & FLATS Pleno Centro Valencia,1554388,NA,Valencia,1,1,€ 174,2019/08/19,2019/08/20,0,"7,9",14
NH Collection Colón Valencia,3828811,NA,Valencia,1,1,€ 136,2019/08/19,2019/08/20,4,"9,2",14
City Center Apartments,4426057,NA,Valencia,1,1,€ 180,2019/08/19,2019/08/20,0,"7,8",14
Loft zona Pechina en Valencia centro,2524985,NA,Valencia,1,1,€ 138,2019/08/19,2019/08/20,0,"9,2",14
Casa Cosy,375456,NA,Valencia,1,1,€ 140,2019/08/19,2019/08/20,0,"9,4",14
Verano en la Playa Patacona,4913195,NA,Valencia,1,1,€ 200,2019/08/19,2019/08/20,0,"7,7",14
MD Art Apartment Ruzafa,2550955,NA,Valencia,1,1,€ 305,2019/08/19,2019/08/20,0,"7,7",14
BUBUSUITES by Bubuflats,2389776,NA,Valencia,1,1,€ 140,2019/08/19,2019/08/20,0,"9,3",14
MD Oliag I Apartment Ruzafa,2867488,NA,Valencia,1,1,€ 513,2019/08/19,2019/08/20,0,"7,7",14
Guest House Samuel Ros,4161855,NA,Valencia,1,1,€ 35,2019/08/19,2019/08/20,0,"7,4",14
feliz como en casa,3676196,NA,Valencia,1,1,€ 36,2019/08/19,2019/08/20,0,"7,2",14
Hostal Residencial RR,450746,NA,Valencia,1,1,€ 50,2019/08/19,2019/08/20,0,7,14
Live in Chianti Apartaments,2882632,NA,Valencia,1,1,€ 143,2019/08/19,2019/08/20,0,"9,1",14
PISO ACOGEDOR,4995780,NA,Valencia,1,1,€ 50,2019/08/19,2019/08/20,0,"7,2",14
Ruzafa Rooms,2891693,NA,Valencia,1,1,€ 51,2019/08/19,2019/08/20,0,7,14
Hi Valencia Cánovas,4312120,NA,Valencia,1,1,€ 145,2019/08/19,2019/08/20,0,9,14
Valenciaflats Ciudad de las Ciencias,93676,NA,Valencia,1,1,€ 147,2019/08/19,2019/08/20,0,"9,1",14
Vincci Mercat,1279484,NA,Valencia,1,1,€ 150,2019/08/19,2019/08/20,4,9,14
Mon Suites San Martin,2777545,NA,Valencia,1,1,€ 151,2019/08/19,2019/08/20,0,"9,4",14
La Flamenca,818359,NA,Valencia,1,1,€ 60,2019/08/19,2019/08/20,0,"7,2",14
HQ Rooms Apartments San Vicente,2894429,NA,Valencia,1,1,€ 165,2019/08/19,2019/08/20,0,"9,3",14
Precioso Apartamento En Pleno Centro Con Wifi,3023494,NA,Valencia,1,1,€ 165,2019/08/19,2019/08/20,0,9,14
Casual de la Música Valencia,273130,NA,Valencia,1,1,€ 70,2019/08/19,2019/08/20,2,"7,4",14
Cosy Rooms Bolsería,371606,NA,Valencia,1,1,€ 70,2019/08/19,2019/08/20,2,"7,4",14
Hogar Vera Apartments&Bikes,1807919,NA,Valencia,1,1,€ 165,2019/08/19,2019/08/20,0,"9,4",14
Cosy Rooms Embajador,369728,NA,Valencia,1,1,€ 70,2019/08/19,2019/08/20,2,"7,4",14
APARTAMENTO CENTRICO. WI-FI. PARKING,2967593,NA,Valencia,1,1,€ 170,2019/08/19,2019/08/20,0,"9,2",14
Valencia Luxury Mercado de Colón,2960845,NA,Valencia,1,1,€ 170,2019/08/19,2019/08/20,0,9,14
Plaza Redonda house.,4399973,NA,Valencia,1,1,€ 72,2019/08/19,2019/08/20,0,"7,4",14
Centro Valencia Calle Cerrajeros,3476261,NA,Valencia,1,1,€ 75,2019/08/19,2019/08/20,0,7,14
Central Station Valencia Hostel,1647017,NA,Valencia,1,1,€ 79,2019/08/19,2019/08/20,0,"7,1",14
