name,propertyId,propertyType,city,rooms,days,price,checkIn,checkOut,stars,score,advance
Carrer del Bisbe Jaume Pérez,4900140,NA,Valencia,1,1,€ 60,2019/09/20,2019/09/21,0,"5,8",30
Home Sweet Home,1223953,NA,Valencia,1,1,€ 60,2019/09/20,2019/09/21,0,"5,6",30
JL Ciudad de las Artes,3074378,NA,Valencia,1,1,NA,2019/09/20,2019/09/21,0,"9,6",30
Oliver,4865093,NA,Valencia,1,1,€ 73,2019/09/20,2019/09/21,0,"5,6",30
Kirei Apartment Berlin,4504570,NA,Valencia,1,1,€ 136,2019/09/20,2019/09/21,0,"5,7",30
Guest House Duc de Gaeta,2275007,NA,Valencia,1,1,€ 38,2019/09/20,2019/09/21,0,5,30
Guest House Torres de Quart,2275006,NA,Valencia,1,1,€ 48,2019/09/20,2019/09/21,0,"5,4",30
RoomTuristValencia Estacion del Norte,4682632,NA,Valencia,1,1,€ 50,2019/09/20,2019/09/21,0,"5,2",30
Guesthouse Plaza de Toros,2985902,NA,Valencia,1,1,€ 39,2019/09/20,2019/09/21,0,"4,9",30
City Center Atico 360,3025679,NA,Valencia,1,1,NA,2019/09/20,2019/09/21,0,"9,6",30
RoomTuristValencia Torres de Quart,4565643,NA,Valencia,1,1,€ 45,2019/09/20,2019/09/21,0,"4,5",30
RoomTuristValencia RuzafaSumsi,4682802,NA,Valencia,1,1,€ 70,2019/09/20,2019/09/21,0,"4,8",30
Port of Valencia,3805735,NA,Valencia,1,1,€ 150,2019/09/20,2019/09/21,0,"4,7",30
Constitucion Guesthouse,2985942,NA,Valencia,1,1,€ 35,2019/09/20,2019/09/21,0,"3,4",30
Amplia habitación en piso compartido,5433175,NA,Valencia,1,1,€ 40,2019/09/20,2019/09/21,0,,30
Experiencia en Caravana,5441777,NA,Valencia,1,1,€ 50,2019/09/20,2019/09/21,0,,30
City Valencia Beach 360,4504803,NA,Valencia,1,1,NA,2019/09/20,2019/09/21,0,"9,5",30
LOFT apartamento duplex en Valencia con parking,5519008,NA,Valencia,1,1,€ 56,2019/09/20,2019/09/21,0,,30
Rooms El Picolino,5326859,NA,Valencia,1,1,€ 60,2019/09/20,2019/09/21,0,,30
Florista's Rooms en Valencia,5502152,NA,Valencia,1,1,€ 60,2019/09/20,2019/09/21,0,,30
vosotros sereis parte de mi familia.,5299568,NA,Valencia,1,1,€ 60,2019/09/20,2019/09/21,0,,30
Mi casa es vuestra casa,4967097,NA,Valencia,1,1,€ 70,2019/09/20,2019/09/21,0,,30
Hogar Dulce Hogar,5426607,NA,Valencia,1,1,€ 70,2019/09/20,2019/09/21,0,,30
Apartamento centro frente a Torres de Serrano,3408067,NA,Valencia,1,1,NA,2019/09/20,2019/09/21,0,"9,5",30
Habitación en Valencia,5477394,NA,Valencia,1,1,€ 72,2019/09/20,2019/09/21,0,,30
Magnífico Adosado- cerca de Valencia ciudad- en zona de montaña y playa fluvial,5354233,NA,Valencia,1,1,€ 88,2019/09/20,2019/09/21,0,,30
Nest Style Valencia -Nueva apertura-,5219046,NA,Valencia,1,1,€ 118,2019/09/20,2019/09/21,3,,30
casa la tranquilidad,5516825,NA,Valencia,1,1,€ 120,2019/09/20,2019/09/21,0,,30
Kirei Apartment Dublin,4639542,NA,Valencia,1,1,€ 150,2019/09/20,2019/09/21,0,,30
DREAM APARTMENT NEAR THE BEACH,5162600,NA,Valencia,1,1,€ 170,2019/09/20,2019/09/21,0,,30
Casa Calle Conquista,4691493,NA,Valencia,1,1,NA,2019/09/20,2019/09/21,0,"9,6",30
AA la Nueva Fe,4377808,NA,Valencia,1,1,€ 197,2019/09/20,2019/09/21,0,,30
Calle eugenia viñes 211 Apartamento,5466253,NA,Valencia,1,1,€ 235,2019/09/20,2019/09/21,0,,30
"Flat ""Ca Alexandre""",3687859,NA,Valencia,1,1,€ 240,2019/09/20,2019/09/21,0,,30
Apartamento con terraza,5238122,NA,Valencia,1,1,€ 240,2019/09/20,2019/09/21,0,,30
beach front house/ frente al mar,5424585,NA,Valencia,1,1,€ 298,2019/09/20,2019/09/21,0,,30
Governor Residence,3799760,NA,Valencia,1,1,€ 600,2019/09/20,2019/09/21,0,,30
RUZAFA- CENTRO-A/C- WI-FI- PARKING,2885994,NA,Valencia,1,1,NA,2019/09/20,2019/09/21,0,"9,7",30
Gulet Why Not,5199364,NA,Valencia,1,1,€ 3.600,2019/09/20,2019/09/21,0,,30
Home Youth Hostel by Feetup Hostels,189322,NA,Valencia,1,1,€ 55,2019/09/20,2019/09/21,0,"8,8",30
Namaste Rooms,3799642,NA,Valencia,1,1,€ 65,2019/09/20,2019/09/21,0,"8,7",30
Central Park Apartment Valencia,3881533,Apartamento,Valencia,1,1,NA,2019/09/20,2019/09/21,0,"9,6",30
Carrer de l'Escriptor Rafael Ferreres,4267645,Apartamento,Valencia,1,1,€ 70,2019/09/20,2019/09/21,0,"8,6",30
Valencia Suits You Citytel,1106307,NA,Valencia,1,1,€ 82,2019/09/20,2019/09/21,2,"8,6",30
Center Venezuela Apartments,4459021,Apartamentos,Valencia,1,1,€ 84,2019/09/20,2019/09/21,0,"8,5",30
Rooms Ciencias,94126,NA,Valencia,1,1,€ 89,2019/09/20,2019/09/21,0,"8,9",30
Habitación doble,3599930,NA,Valencia,1,1,€ 90,2019/09/20,2019/09/21,0,"8,9",30
Zalamera BnB,1331238,NA,Valencia,1,1,€ 90,2019/09/20,2019/09/21,0,"8,7",30
Apartamento en la Ciudad de las Artes y las Ciencias,3552283,Apartamento,Valencia,1,1,NA,2019/09/20,2019/09/21,0,"9,5",30
Quart Youth Hostel,476418,NA,Valencia,1,1,€ 97,2019/09/20,2019/09/21,0,"8,7",30
Hotel Sercotel Acteón Valencia,90495,NA,Valencia,1,1,€ 98,2019/09/20,2019/09/21,4,"8,5",30
Luz de Valencia,2076095,Apartamentos,Valencia,1,1,€ 99,2019/09/20,2019/09/21,0,"8,7",30
Hotel Valencia Oceanic Managed by Melia Hotels International,91522,NA,Valencia,1,1,€ 105,2019/09/20,2019/09/21,4,"8,6",30
Casa del Patriarca,364834,NA,Valencia,1,1,€ 109,2019/09/20,2019/09/21,0,"8,9",30
Burjassot Mestalla,3058627,Apartamento,Valencia,1,1,€ 110,2019/09/20,2019/09/21,0,"8,6",30
Apartments Downtown Valencia,2250421,Apartamentos,Valencia,1,1,NA,2019/09/20,2019/09/21,0,"9,6",30
BUBUFLATS Mossén,1141763,Apartamentos,Valencia,1,1,€ 110,2019/09/20,2019/09/21,0,"8,9",30
New Trendy apartment,2426154,Apartamento,Valencia,1,1,€ 110,2019/09/20,2019/09/21,0,"8,7",30
Vincci Lys,91183,NA,Valencia,1,1,€ 317,2019/09/20,2019/09/21,4,"8,9",30
Hospes Palau de La Mar,93823,NA,Valencia,1,1,€ 362,2019/09/20,2019/09/21,5,"8,8",30
Classic Flat Valencia,4245614,NA,Valencia,1,1,NA,2019/09/20,2019/09/21,0,"9,5",30
Vincci Palace,94163,NA,Valencia,1,1,€ 426,2019/09/20,2019/09/21,4,"8,6",30
València Centre Túria,2185255,Apartamento,Valencia,1,1,€ 113,2019/09/20,2019/09/21,0,"8,8",30
Casual Vintage Valencia,1710241,NA,Valencia,1,1,€ 115,2019/09/20,2019/09/21,2,"8,6",30
Apartamentos Plaza Picasso,97063,Apartamentos,Valencia,1,1,€ 115,2019/09/20,2019/09/21,0,"8,5",30
València Centre Torres de Quart,886289,Apartamentos,Valencia,1,1,€ 119,2019/09/20,2019/09/21,0,"8,9",30
Ambrosio Flats Valencia - El Mercat,3131649,Apartamento,Valencia,1,1,NA,2019/09/20,2019/09/21,0,"9,5",30
Ilunion Aqua 4,92777,NA,Valencia,1,1,€ 123,2019/09/20,2019/09/21,4,"8,5",30
Habitacion en Valencia Barata,4861796,NA,Valencia,1,1,€ 45,2019/09/20,2019/09/21,0,"8,2",30
HABITACIÓN PRIVADA EN RUZAFA,4948581,NA,Valencia,1,1,€ 50,2019/09/20,2019/09/21,0,"8,2",30
Hotel Olympia Universidades,1301731,NA,Valencia,1,1,€ 57,2019/09/20,2019/09/21,3,"8,4",30
APARTAMENTO LAS MELLIZAS,4651578,NA,Valencia,1,1,€ 59,2019/09/20,2019/09/21,0,"8,4",30
Pension MonaLisa Luxury Suites,3834224,NA,Valencia,1,1,€ 60,2019/09/20,2019/09/21,0,"8,3",30
Apartamento en la Ciudad de las Artes y las Ciencias,3552283,NA,Valencia,1,1,NA,2019/09/20,2019/09/21,0,"9,5",30
Center Valencia Youth Hostel,246931,NA,Valencia,1,1,€ 25,2019/09/20,2019/09/21,0,"7,9",30
UP Hostel Valencia,1710137,NA,Valencia,1,1,€ 31,2019/09/20,2019/09/21,0,"7,8",30
Constitución,4229663,NA,Valencia,1,1,NA,2019/09/20,2019/09/21,0,"9,6",30
Pensión Universal,304276,NA,Valencia,1,1,€ 46,2019/09/20,2019/09/21,0,"7,9",30
AC Hotel Valencia- a Marriott Lifestyle Hotel,91063,NA,Valencia,1,1,€ 124,2019/09/20,2019/09/21,4,"8,6",30
Melia Valencia,290493,NA,Valencia,1,1,€ 125,2019/09/20,2019/09/21,4,"8,8",30
Hotel Dimar,90886,NA,Valencia,1,1,€ 126,2019/09/20,2019/09/21,4,"8,7",30
Pio XII Apartments Valencia,402080,Apartamentos,Valencia,1,1,€ 128,2019/09/20,2019/09/21,0,"8,5",30
Red Nest Hostel,92283,NA,Valencia,1,1,€ 61,2019/09/20,2019/09/21,0,"8,2",30
Purple Nest Hostel,25278,NA,Valencia,1,1,€ 63,2019/09/20,2019/09/21,0,"8,1",30
L'Otelet By Sweet,1467935,NA,Valencia,1,1,€ 64,2019/09/20,2019/09/21,0,"8,3",30
Urban Youth Hostel,1163025,NA,Valencia,1,1,€ 70,2019/09/20,2019/09/21,0,"8,4",30
Apartamentos Marina Beach,2661874,NA,Valencia,1,1,€ 80,2019/09/20,2019/09/21,0,"8,2",30
Rio Turia Skatehouse,4624602,NA,Valencia,1,1,€ 80,2019/09/20,2019/09/21,0,8,30
Apartamento luminoso y acogedor,3489126,NA,Valencia,1,1,NA,2019/09/20,2019/09/21,0,"9,5",30
B&B Hi Valencia Canovas,305349,NA,Valencia,1,1,€ 83,2019/09/20,2019/09/21,0,"8,4",30
Aparthotel Valencia Rental,17344,NA,Valencia,1,1,€ 87,2019/09/20,2019/09/21,0,8,30
Sol Playa,12656,NA,Valencia,1,1,€ 90,2019/09/20,2019/09/21,2,"8,3",30
Hostal Moratin,326015,NA,Valencia,1,1,€ 50,2019/09/20,2019/09/21,1,"7,9",30
Habitación San Cayetano,4624401,NA,Valencia,1,1,€ 50,2019/09/20,2019/09/21,0,"7,7",30
Casual Civilizaciones Valencia,449777,NA,Valencia,1,1,€ 51,2019/09/20,2019/09/21,0,"7,9",30
Hospederia del Pilar,327766,NA,Valencia,1,1,€ 54,2019/09/20,2019/09/21,0,"7,9",30
Holiday Inn Express Ciudad de las Ciencias,96737,NA,Valencia,1,1,€ 92,2019/09/20,2019/09/21,3,8,30
Silken Puerta Valencia,91182,NA,Valencia,1,1,€ 100,2019/09/20,2019/09/21,4,"8,3",30
SHF Flats Baron,1033085,NA,Valencia,1,1,€ 100,2019/09/20,2019/09/21,0,8,30
Apartamento centro frente a Torres de Serrano,3408067,NA,Valencia,1,1,NA,2019/09/20,2019/09/21,0,"9,5",30
Como en casa,4802186,NA,Valencia,1,1,€ 54,2019/09/20,2019/09/21,0,"7,9",30
Preciosa Casita Cerca Del Mar,4057271,NA,Valencia,1,1,NA,2019/09/20,2019/09/21,0,"9,7",30
Valencia City Host,1177077,NA,Valencia,1,1,€ 58,2019/09/20,2019/09/21,0,"7,8",30
Casual de las Artes Valencia,538056,NA,Valencia,1,1,€ 102,2019/09/20,2019/09/21,3,"8,4",30
Hotel Valencia Center,91285,NA,Valencia,1,1,€ 103,2019/09/20,2019/09/21,4,"8,4",30
Happy Apartments Valencia – Lope de Vega,575582,NA,Valencia,1,1,€ 104,2019/09/20,2019/09/21,0,"8,1",30
Senator Parque Central Hotel,274963,NA,Valencia,1,1,€ 106,2019/09/20,2019/09/21,4,"8,1",30
Ilunion Aqua 3,92776,NA,Valencia,1,1,€ 107,2019/09/20,2019/09/21,3,"8,3",30
Hotel Malcom and Barret,483261,NA,Valencia,1,1,€ 128,2019/09/20,2019/09/21,3,"8,7",30
PORT VALENCIA PLAYA,5259971,Apartamento,Valencia,1,1,NA,2019/09/20,2019/09/21,0,"9,8",30
Hotel Kramer,91106,NA,Valencia,1,1,€ 128,2019/09/20,2019/09/21,3,"8,8",30
Zaidia Sunny Apartment,4727219,Apartamento,Valencia,1,1,€ 130,2019/09/20,2019/09/21,0,"8,7",30
Sercotel Sorolla Palace,93646,NA,Valencia,1,1,€ 132,2019/09/20,2019/09/21,4,"8,6",30
Habitacion por dias Centro Valencia,3977106,NA,Valencia,1,1,€ 64,2019/09/20,2019/09/21,0,"7,9",30
B&B Hotel Valencia Ciudad de las Ciencias,92242,NA,Valencia,1,1,€ 80,2019/09/20,2019/09/21,3,"7,5",30
Checkin Valencia,93743,NA,Valencia,1,1,€ 80,2019/09/20,2019/09/21,4,"7,8",30
Casual de la Música Valencia,273130,NA,Valencia,1,1,€ 82,2019/09/20,2019/09/21,2,"7,5",30
SEA YOU HOTEL PORT VALENCIA,92328,NA,Valencia,1,1,€ 84,2019/09/20,2019/09/21,4,"7,6",30
Buho House,3777691,Apartahotel,Valencia,1,1,€ 138,2019/09/20,2019/09/21,0,"8,5",30
Valenciaflats Centro Histórico,94781,Apartamentos,Valencia,1,1,€ 138,2019/09/20,2019/09/21,0,"8,7",30
El Palacete Gran Via,3483148,NA,Valencia,1,1,€ 143,2019/09/20,2019/09/21,0,"8,8",30
Cool Loft Malvarrosa Beach,4309218,Apartamento,Valencia,1,1,NA,2019/09/20,2019/09/21,0,"9,6",30
Happy Apartments Valencia,456043,NA,Valencia,1,1,€ 109,2019/09/20,2019/09/21,0,"8,2",30
Travel Habitat Ático Ciutat Vella.,3264750,NA,Valencia,1,1,NA,2019/09/20,2019/09/21,0,"9,5",30
Reina 12,1684198,NA,Valencia,1,1,€ 110,2019/09/20,2019/09/21,0,"8,2",30
Apartamento Privado Próximo a Playa y Ciencias,3783163,NA,Valencia,1,1,€ 110,2019/09/20,2019/09/21,0,"8,1",30
Ilunion Valencia 4,754329,NA,Valencia,1,1,€ 119,2019/09/20,2019/09/21,4,8,30
Soho Valencia,1538641,Apartahotel,Valencia,1,1,€ 149,2019/09/20,2019/09/21,0,"8,9",30
Valenciaflats Mercado Central,307677,Apartamentos,Valencia,1,1,€ 152,2019/09/20,2019/09/21,0,"8,9",30
Lotelito,570027,NA,Valencia,1,1,€ 152,2019/09/20,2019/09/21,0,"8,9",30
Sun Studio Valencia,2148309,Apartamento,Valencia,1,1,€ 155,2019/09/20,2019/09/21,0,"8,6",30
ValentiaApartments - MercadoCentral,4185241,Apartamentos,Valencia,1,1,€ 162,2019/09/20,2019/09/21,0,"8,7",30
Apartamento Gran Vía Marqués del Turia,2358973,NA,Valencia,1,1,€ 122,2019/09/20,2019/09/21,0,"8,4",30
Valenciaflats Torres de Serrano,17468,NA,Valencia,1,1,€ 124,2019/09/20,2019/09/21,0,"8,3",30
NH Valencia Las Ciencias,90725,NA,Valencia,1,1,€ 125,2019/09/20,2019/09/21,3,8,30
Apartamento,3139431,NA,Valencia,1,1,NA,2019/09/20,2019/09/21,0,"9,5",30
Sweet Hotel Continental,93856,NA,Valencia,1,1,€ 129,2019/09/20,2019/09/21,2,"8,3",30
Luxury Beach House,3602594,NA,Valencia,1,1,NA,2019/09/20,2019/09/21,0,"9,7",30
Valencia Lounge Hostel,337203,NA,Valencia,1,1,€ 84,2019/09/20,2019/09/21,0,"7,8",30
OYO Pensión El Rincón,476031,NA,Valencia,1,1,€ 85,2019/09/20,2019/09/21,1,"7,7",30
Hotel Turia,14441,NA,Valencia,1,1,€ 99,2019/09/20,2019/09/21,4,"7,5",30
Expo Hotel Valencia,91223,NA,Valencia,1,1,€ 102,2019/09/20,2019/09/21,3,"7,6",30
Ilunion Valencia 3,92818,NA,Valencia,1,1,€ 111,2019/09/20,2019/09/21,3,"7,9",30
Apartmento con Terraza en Cabañal,2205541,NA,Valencia,1,1,€ 130,2019/09/20,2019/09/21,0,"7,7",30
Apartamento Forn dels Apòstols,3122008,NA,Valencia,1,1,NA,2019/09/20,2019/09/21,0,"9,6",30
SKY TOURISTIC ATTIC,281640,Apartamentos,Valencia,1,1,€ 162,2019/09/20,2019/09/21,0,"8,5",30
Zenit Valencia,92327,NA,Valencia,1,1,€ 168,2019/09/20,2019/09/21,4,"8,8",30
Hotel San Lorenzo Boutique,1307718,NA,Valencia,1,1,€ 180,2019/09/20,2019/09/21,3,"8,6",30
Biopark View Apartment,2381901,Apartamento,Valencia,1,1,€ 192,2019/09/20,2019/09/21,0,"8,9",30
El 16 Ruzafa,865461,NA,Valencia,1,1,€ 139,2019/09/20,2019/09/21,0,"7,7",30
Old Town Flats Casa Burguerini,4552106,NA,Valencia,1,1,€ 152,2019/09/20,2019/09/21,0,"7,6",30
Kirei Apartment San Vicente,1774062,NA,Valencia,1,1,€ 156,2019/09/20,2019/09/21,0,"7,5",30
Kirei Apartment Calgary,4768322,NA,Valencia,1,1,€ 161,2019/09/20,2019/09/21,0,"7,6",30
United Colors of Apartments - Catedral,1301545,NA,Valencia,1,1,€ 131,2019/09/20,2019/09/21,0,"8,2",30
Hotel Medium Valencia,96838,NA,Valencia,1,1,€ 135,2019/09/20,2019/09/21,4,"8,2",30
Valencia Boutique Plaza de la Reina,1541067,NA,Valencia,1,1,€ 135,2019/09/20,2019/09/21,0,"8,1",30
Tryp Valencia Feria,92852,NA,Valencia,1,1,€ 143,2019/09/20,2019/09/21,4,"8,3",30
MD Modern Hotel - Jardines,305447,NA,Valencia,1,1,€ 147,2019/09/20,2019/09/21,1,"8,2",30
One Shot Palacio Reina Victoria 04,90885,NA,Valencia,1,1,€ 206,2019/09/20,2019/09/21,4,"8,6",30
Melia Plaza Valencia,13270,NA,Valencia,1,1,€ 209,2019/09/20,2019/09/21,4,"8,9",30
SH Valencia Palace,91497,NA,Valencia,1,1,€ 212,2019/09/20,2019/09/21,5,"8,5",30
Apartamento cerca de la playa y Ciudad de las Ciencias,4576062,NA,Valencia,1,1,€ 164,2019/09/20,2019/09/21,0,"7,8",30
Valencia Luxury Attics Ayuntamiento,337092,NA,Valencia,1,1,€ 220,2019/09/20,2019/09/21,0,"7,5",30
Apartment Cabanyal,3172456,NA,Valencia,1,1,NA,2019/09/20,2019/09/21,0,"9,8",30
MD Art Apartment Ruzafa,2550955,NA,Valencia,1,1,€ 291,2019/09/20,2019/09/21,0,"7,7",30
MD Pelayo with terrace,1979067,NA,Valencia,1,1,€ 291,2019/09/20,2019/09/21,0,"7,8",30
Hotel Neptuno,91206,NA,Valencia,1,1,€ 216,2019/09/20,2019/09/21,4,"8,5",30
Ca Carmela,2466364,Casa o chalet,Valencia,1,1,€ 250,2019/09/20,2019/09/21,0,"8,9",30
Apartamento Torres de Serrano,5083131,Apartamento,Valencia,1,1,€ 266,2019/09/20,2019/09/21,0,"8,8",30
AC Hotel Colon Valencia- a Marriott Lifestyle Hotel,1117150,NA,Valencia,1,1,€ 277,2019/09/20,2019/09/21,4,"8,7",30
Eurostars Rey Don Jaime,91520,NA,Valencia,1,1,€ 152,2019/09/20,2019/09/21,4,"8,2",30
Sweet Hotel Renasa,274818,NA,Valencia,1,1,€ 159,2019/09/20,2019/09/21,3,8,30
El Coso,14580,NA,Valencia,1,1,€ 160,2019/09/20,2019/09/21,3,"8,2",30
Eurostars Gran Valencia,90484,NA,Valencia,1,1,€ 162,2019/09/20,2019/09/21,4,"8,3",30
NH Valencia Las Artes,90731,NA,Valencia,1,1,€ 177,2019/09/20,2019/09/21,4,"8,4",30
NWT Central Station Apartments,3964093,NA,Valencia,1,1,€ 179,2019/09/20,2019/09/21,0,"8,3",30
Musico Peydro Apartments,3765069,NA,Valencia,1,1,€ 188,2019/09/20,2019/09/21,0,"8,1",30
Hotel Conqueridor,91047,NA,Valencia,1,1,€ 189,2019/09/20,2019/09/21,4,"8,4",30
Zerka Centro,4425975,NA,Valencia,1,1,€ 199,2019/09/20,2019/09/21,0,"8,4",30
The Westin Valencia,93321,NA,Valencia,1,1,€ 287,2019/09/20,2019/09/21,5,"8,7",30
Cathedral Suites Hotel,1736257,Apartahotel,Valencia,1,1,€ 288,2019/09/20,2019/09/21,4,"8,9",30
MD Abastos Center,2551194,NA,Valencia,1,1,€ 329,2019/09/20,2019/09/21,0,"7,7",30
MD Oliag I Apartment Ruzafa,2867488,NA,Valencia,1,1,€ 375,2019/09/20,2019/09/21,0,"7,7",30
feliz como en casa,3676196,NA,Valencia,1,1,€ 36,2019/09/20,2019/09/21,0,"7,2",30
B&B El Mercat,2203530,NA,Valencia,1,1,€ 55,2019/09/20,2019/09/21,0,"7,3",30
APARTMENTS VALENCIA CENTER,5180014,NA,Valencia,1,1,NA,2019/09/20,2019/09/21,0,"9,5",30
Malvarrosa Calle Pavia,3608764,NA,Valencia,1,1,€ 271,2019/09/20,2019/09/21,0,"8,1",30
Casa Quintero Valencia Playa Cabañal,3715186,NA,Valencia,1,1,€ 280,2019/09/20,2019/09/21,0,"8,4",30
MD Benlliure Beach.,1957258,NA,Valencia,1,1,€ 296,2019/09/20,2019/09/21,0,8,30
Central Station Valencia Hostel,1647017,NA,Valencia,1,1,€ 74,2019/09/20,2019/09/21,0,"7,1",30
Homestay & OLEE,4132920,NA,Valencia,1,1,€ 75,2019/09/20,2019/09/21,0,"7,3",30
Almiserat,3054886,NA,Valencia,1,1,€ 80,2019/09/20,2019/09/21,0,"7,1",30
Centro Valencia Calle Cerrajeros,3476261,NA,Valencia,1,1,€ 85,2019/09/20,2019/09/21,0,7,30
Malvarrosa Beach Rooms,314048,NA,Valencia,1,1,€ 90,2019/09/20,2019/09/21,2,"7,1",30
HOSTAL BED OF THE SEA,3974636,NA,Valencia,1,1,€ 100,2019/09/20,2019/09/21,0,7,30
Apartamento Alguer,4005334,NA,Valencia,1,1,€ 125,2019/09/20,2019/09/21,0,"7,4",30
NWT Monserrat,3728842,NA,Valencia,1,1,€ 134,2019/09/20,2019/09/21,0,7,30
Apartamento Angel Alcazar 35,2174625,NA,Valencia,1,1,€ 135,2019/09/20,2019/09/21,0,"7,4",30
Apartamento para 10 personas,5029963,NA,Valencia,1,1,€ 200,2019/09/20,2019/09/21,0,"7,3",30
PISO ACOGEDOR,4995780,NA,Valencia,1,1,€ 50,2019/09/20,2019/09/21,0,"6,9",30
Premium Apartments,486507,NA,Valencia,1,1,€ 139,2019/09/20,2019/09/21,0,"6,9",30
Malvarrosa Beach,3546692,NA,Valencia,1,1,€ 768,2019/09/20,2019/09/21,0,"6,6",30
Habitación con cama doble,4794909,NA,Valencia,1,1,€ 41,2019/09/20,2019/09/21,0,"6,3",30
Fun and Sun Center 2,2944416,NA,Valencia,1,1,€ 45,2019/09/20,2019/09/21,0,"6,1",30
Casita Esmeralda,2040126,NA,Valencia,1,1,€ 139,2019/09/20,2019/09/21,0,"6,3",30
Kirei Apartment Portland,4276529,NA,Valencia,1,1,€ 199,2019/09/20,2019/09/21,0,"6,1",30
RoomTuristValencia - Ruzafa,4608394,NA,Valencia,1,1,€ 50,2019/09/20,2019/09/21,0,"5,6",30
Bubuflats Bubu 3,1014334,Apartamentos,Valencia,1,1,€ 110,2019/09/20,2019/09/21,0,"9,6",30
Valencian Dreams Lonja,4757385,Apartamento,Valencia,1,1,€ 116,2019/09/20,2019/09/21,0,"9,7",30
VALENCIA APARTAMENTO GOYA,4256653,Apartamento,Valencia,1,1,NA,2019/09/20,2019/09/21,0,10,30
Ramirez Flats & Bar,4124528,Apartahotel,Valencia,1,1,€ 144,2019/09/20,2019/09/21,0,"9,5",30
15 Avinguda Mare Nostrum,4518973,Apartamento,Valencia,1,1,€ 145,2019/09/20,2019/09/21,0,"9,8",30
Disfruta - Enjoy Valencia Ruzafa,3890328,Apartamento,Valencia,1,1,€ 248,2019/09/20,2019/09/21,0,"9,7",30
Disfruta - Enjoy Valencia Centre,3881970,Apartamento,Valencia,1,1,€ 249,2019/09/20,2019/09/21,0,"9,8",30
Disfruta - Enjoy Valencia Oceanografic,4121345,Apartamento,Valencia,1,1,€ 249,2019/09/20,2019/09/21,0,"9,6",30
Disfruta - Enjoy Valencia Ayuntamiento,4901194,Apartamento,Valencia,1,1,€ 249,2019/09/20,2019/09/21,0,"9,8",30
BONNIES Suites & Spa Valencia,3631910,Apartamentos,Valencia,1,1,NA,2019/09/20,2019/09/21,0,"9,8",30
Cantagua Hostel,4074640,NA,Valencia,1,1,€ 24,2019/09/20,2019/09/21,0,"9,1",30
Art&Flats Bed&Breakfast,5238345,NA,Valencia,1,1,€ 50,2019/09/20,2019/09/21,0,"9,2",30
Habitación privada a 1500 metros de la playa,3789910,NA,Valencia,1,1,€ 60,2019/09/20,2019/09/21,0,"9,2",30
YOU & CO. Saler Beach Boutique,4533007,NA,Valencia,1,1,€ 84,2019/09/20,2019/09/21,3,"9,2",30
Blanq Comedias,4922002,NA,Valencia,1,1,€ 90,2019/09/20,2019/09/21,0,"9,2",30
RUZAFA. Nice apartment and Terrace.,4368595,Apartamento,Valencia,1,1,€ 95,2019/09/20,2019/09/21,0,"9,3",30
Atico Loft Ruzafa,3152977,Apartamento,Valencia,1,1,NA,2019/09/20,2019/09/21,0,"9,7",30
"Piso ""Como en tu casa""",2689136,Apartamento,Valencia,1,1,€ 96,2019/09/20,2019/09/21,0,"9,2",30
Casual Socarrat Valencia,5142800,NA,Valencia,1,1,€ 99,2019/09/20,2019/09/21,3,"9,3",30
Apartment close to park Marchalenes,4418670,Apartamento,Valencia,1,1,€ 102,2019/09/20,2019/09/21,0,"9,1",30
Apartments Abate 4,2848648,Apartamentos,Valencia,1,1,€ 106,2019/09/20,2019/09/21,0,"9,1",30
Turia Burjassot 12,3237353,Apartamento,Valencia,1,1,€ 115,2019/09/20,2019/09/21,0,9,30
Casa Isa,2683762,Apartamento,Valencia,1,1,€ 115,2019/09/20,2019/09/21,0,"9,2",30
MerKat-Abastos,1231196,Apartamento,Valencia,1,1,NA,2019/09/20,2019/09/21,0,"9,7",30
Center Valencia,2944722,Casa o chalet,Valencia,1,1,€ 116,2019/09/20,2019/09/21,0,"9,3",30
APARTAMENTO CENTRO- RUZAFA. WI-FI. PARKING,3144104,Apartamento,Valencia,1,1,€ 120,2019/09/20,2019/09/21,0,"9,3",30
Hostal Venecia,92883,NA,Valencia,1,1,€ 121,2019/09/20,2019/09/21,2,"9,1",30
Valenciaflats Centro Ciudad,18544,Apartamentos,Valencia,1,1,€ 129,2019/09/20,2019/09/21,0,"9,1",30
OttoH Charm Stay,2459807,NA,Valencia,1,1,€ 129,2019/09/20,2019/09/21,0,"9,3",30
Hotel Valencia Alameda,4019381,NA,Valencia,1,1,€ 131,2019/09/20,2019/09/21,4,"9,3",30
Barracart Apartments,2125836,Apartamentos,Valencia,1,1,NA,2019/09/20,2019/09/21,0,"9,6",30
Valenciaflats Ciudad de las Ciencias,93676,Apartamentos,Valencia,1,1,€ 133,2019/09/20,2019/09/21,0,"9,1",30
Loft zona Pechina en Valencia centro,2524985,Apartamento,Valencia,1,1,€ 138,2019/09/20,2019/09/21,0,"9,2",30
Live in Chianti,2227491,NA,Valencia,1,1,€ 138,2019/09/20,2019/09/21,0,"9,1",30
Mon Suites San Nicolas,4117225,Apartamentos,Valencia,1,1,€ 143,2019/09/20,2019/09/21,0,"9,2",30
Apartamentos Wallace,1698355,Apartamentos,Valencia,1,1,€ 147,2019/09/20,2019/09/21,0,"9,2",30
B BEACH VALENCIA,5125954,Apartamento,Valencia,1,1,€ 150,2019/09/20,2019/09/21,0,"9,4",30
Opera House Valencia B&B,3533887,NA,Valencia,1,1,NA,2019/09/20,2019/09/21,0,"9,5",30
Mon Suites Catedral,485679,Apartamentos,Valencia,1,1,€ 151,2019/09/20,2019/09/21,0,"9,2",30
Mediterranean Flats Plaza Redonda,4086496,Apartamentos,Valencia,1,1,€ 153,2019/09/20,2019/09/21,0,"9,2",30
MD Design Hotel - Portal del Real,2391685,NA,Valencia,1,1,€ 154,2019/09/20,2019/09/21,2,"9,1",30
HQ Rooms Apartments San Vicente,2894429,Apartamentos,Valencia,1,1,€ 162,2019/09/20,2019/09/21,0,"9,3",30
Palau de Palomar,471283,Apartamentos,Valencia,1,1,€ 174,2019/09/20,2019/09/21,0,"9,2",30
Hotel Boutique Balandret,1281710,NA,Valencia,1,1,€ 181,2019/09/20,2019/09/21,3,"9,2",30
Edificio Pentagono,4673669,Apartamento,Valencia,1,1,€ 185,2019/09/20,2019/09/21,0,"9,2",30
Mon Suites San Martin,2777545,Apartamentos,Valencia,1,1,€ 196,2019/09/20,2019/09/21,0,"9,4",30
Hi Valencia Cánovas,4312120,Apartamentos,Valencia,1,1,€ 200,2019/09/20,2019/09/21,0,"9,1",30
Vincci Mercat,1279484,NA,Valencia,1,1,€ 243,2019/09/20,2019/09/21,4,9,30
MYR Hotel Plaza Mercado & Spa,1619029,Apartahotel,Valencia,1,1,€ 259,2019/09/20,2019/09/21,0,"9,2",30
MARQUÉS HOUSE 4* SUP,2118880,NA,Valencia,1,1,€ 299,2019/09/20,2019/09/21,4,"9,4",30
Zerka Sendra,4657122,Apartamento,Valencia,1,1,€ 309,2019/09/20,2019/09/21,0,9,30
Caro Hotel,348132,NA,Valencia,1,1,€ 455,2019/09/20,2019/09/21,5,"9,2",30
The River Hostel,494202,NA,Valencia,1,1,€ 29,2019/09/20,2019/09/21,0,"8,5",30
Pensión Alicante,298710,NA,Valencia,1,1,€ 41,2019/09/20,2019/09/21,0,"8,5",30
Homestay Carrer Sagun,5006434,NA,Valencia,1,1,€ 50,2019/09/20,2019/09/21,0,"8,7",30
Russafa Youth Hostel,345134,NA,Valencia,1,1,€ 52,2019/09/20,2019/09/21,0,"8,6",30
