name,propertyId,propertyType,city,rooms,days,price,checkIn,checkOut,stars,score,advance
Port of Valencia,3805735,Apartamento,Valencia,1,1,€ 79,2019/10/24,2019/10/25,0,"4,7",60
Apartamento Islas Canarias,2304086,Apartamento,Valencia,1,1,€ 71,2019/10/24,2019/10/25,0,4,60
So de Mar,2204496,Apartamento,Valencia,1,1,NA,2019/10/24,2019/10/25,0,"9,6",60
Malvarosa,3820590,Apartamento,Valencia,1,1,€ 120,2019/10/24,2019/10/25,0,"3,9",60
Constitucion Guesthouse,2985942,NA,Valencia,1,1,€ 30,2019/10/24,2019/10/25,0,"3,4",60
Rio Turia B&B,5531073,NA,Valencia,1,1,€ 48,2019/10/24,2019/10/25,0,,60
Rooms El Picolino,5326859,NA,Valencia,1,1,€ 52,2019/10/24,2019/10/25,0,,60
Florista's Rooms en Valencia,5502152,NA,Valencia,1,1,€ 60,2019/10/24,2019/10/25,0,,60
vosotros sereis parte de mi familia.,5299568,NA,Valencia,1,1,€ 60,2019/10/24,2019/10/25,0,,60
Barracart Apartments,2125836,Apartamentos,Valencia,1,1,NA,2019/10/24,2019/10/25,0,"9,6",60
LOFT apartamento duplex en Valencia con parking,5519008,Apartamento,Valencia,1,1,€ 60,2019/10/24,2019/10/25,0,,60
Apartamento cerca de la playa y de la ciudad,3372933,Apartamento,Valencia,1,1,€ 64,2019/10/24,2019/10/25,0,,60
Calle de Frederica Montseny 'Política' Casa o chalet,5152866,Casa o chalet,Valencia,1,1,€ 64,2019/10/24,2019/10/25,0,,60
Petxina78 Valencia,5503912,Apartamento,Valencia,1,1,€ 66,2019/10/24,2019/10/25,0,,60
Comfort Homestay,5423155,NA,Valencia,1,1,€ 67,2019/10/24,2019/10/25,0,,60
Mi casa es vuestra casa,4967097,NA,Valencia,1,1,€ 70,2019/10/24,2019/10/25,0,,60
Bubuflats Bubu 3,1014334,Apartamentos,Valencia,1,1,NA,2019/10/24,2019/10/25,0,"9,6",60
Hogar Dulce Hogar,5426607,NA,Valencia,1,1,€ 70,2019/10/24,2019/10/25,0,,60
Habitación en Valencia,5477394,NA,Valencia,1,1,€ 72,2019/10/24,2019/10/25,0,,60
Brugada home,5259150,NA,Valencia,1,1,€ 75,2019/10/24,2019/10/25,0,,60
Loft Turia Gran,5133726,Apartamento,Valencia,1,1,€ 80,2019/10/24,2019/10/25,0,,60
Magnífico Adosado- cerca de Valencia ciudad- en zona de montaña y playa fluvial,5354233,Casa o chalet,Valencia,1,1,€ 80,2019/10/24,2019/10/25,0,,60
Original Domino House,5434091,NA,Valencia,1,1,€ 87,2019/10/24,2019/10/25,0,,60
Kasa Katia Eco Guest House,636256,NA,Valencia,1,1,NA,2019/10/24,2019/10/25,0,"9,4",60
Apartamento Centrico Y Muy Bien Ubicado,4800241,Apartamento,Valencia,1,1,€ 101,2019/10/24,2019/10/25,0,,60
RAVALENCIA 4,3377937,Apartamento,Valencia,1,1,€ 124,2019/10/24,2019/10/25,0,,60
Kirei Apartment Dublin,4639542,Apartamento,Valencia,1,1,€ 137,2019/10/24,2019/10/25,0,,60
CASA MARQUES DE CARO,4472176,Apartamento,Valencia,1,1,€ 139,2019/10/24,2019/10/25,0,,60
Atico Loft Torres de Quart,4152620,Apartamento,Valencia,1,1,€ 140,2019/10/24,2019/10/25,0,,60
Apartamento con terraza,5238122,Apartahotel,Valencia,1,1,€ 240,2019/10/24,2019/10/25,0,,60
Canovas rooms,5296619,NA,Valencia,1,1,NA,2019/10/24,2019/10/25,0,"9,1",60
"Flat ""Ca Alexandre""",3687859,Apartamento,Valencia,1,1,€ 240,2019/10/24,2019/10/25,0,,60
SORNELLS-RUZAFA,3671921,Apartamentos,Valencia,1,1,€ 250,2019/10/24,2019/10/25,0,,60
CALLE BAJA CIUTAT VELLA,3687463,Apartamento,Valencia,1,1,€ 257,2019/10/24,2019/10/25,0,,60
Apartment Carrer de Don Juan de Austria,5464038,Apartamentos,Valencia,1,1,€ 356,2019/10/24,2019/10/25,0,,60
Governor Residence,3799760,Apartahotel,Valencia,1,1,€ 600,2019/10/24,2019/10/25,0,,60
Apartment Carrer de Cadis,5531328,Apartamento,Valencia,1,1,€ 648,2019/10/24,2019/10/25,0,,60
Maison Reina B&B,5004812,NA,Valencia,1,1,NA,2019/10/24,2019/10/25,0,"9,3",60
MD PASEO RUZAFA CENTER,5374850,Apartamento,Valencia,1,1,€ 1.020,2019/10/24,2019/10/25,0,,60
Gulet Why Not,5199364,NA,Valencia,1,1,€ 3.000,2019/10/24,2019/10/25,0,,60
Patacona Beach Apartment,4533678,NA,Valencia,1,1,€ 130,2019/10/24,2019/10/25,0,"8,5",60
FREE WI-FI. Apartamentos 90 м2 - Assutzena 5,4828764,NA,Valencia,1,1,€ 130,2019/10/24,2019/10/25,0,"8,5",60
Apartamento centro frente a Torres de Serrano,3408067,NA,Valencia,1,1,NA,2019/10/24,2019/10/25,0,"9,5",60
Friendly Rentals Verdi 2,2523881,NA,Valencia,1,1,€ 130,2019/10/24,2019/10/25,0,"8,8",60
One Shot Palacio Reina Victoria 04,90885,NA,Valencia,1,1,€ 134,2019/10/24,2019/10/25,4,"8,6",60
Friendly Rentals Nyman,3245521,NA,Valencia,1,1,€ 135,2019/10/24,2019/10/25,0,"8,9",60
Enjoy Flat Valencia,3991548,NA,Valencia,1,1,€ 140,2019/10/24,2019/10/25,0,"8,6",60
Hotel Valencia Oceanic Managed by Melia Hotels International,91522,NA,Valencia,1,1,€ 142,2019/10/24,2019/10/25,4,"8,6",60
SH Valencia Palace,91497,NA,Valencia,1,1,€ 144,2019/10/24,2019/10/25,5,"8,5",60
Apartamento,3139431,NA,Valencia,1,1,NA,2019/10/24,2019/10/25,0,"9,5",60
Hotel Neptuno,91206,NA,Valencia,1,1,€ 144,2019/10/24,2019/10/25,4,"8,5",60
Barceló Valencia,91988,NA,Valencia,1,1,€ 144,2019/10/24,2019/10/25,4,"8,7",60
Hotel Kramer,91106,NA,Valencia,1,1,€ 145,2019/10/24,2019/10/25,3,"8,8",60
ValentiaApartments - MercadoCentral,4185241,NA,Valencia,1,1,€ 147,2019/10/24,2019/10/25,0,"8,7",60
Friendly Rentals Montaner Beach,2314997,NA,Valencia,1,1,€ 150,2019/10/24,2019/10/25,0,"8,9",60
Friendly Rentals Ferrero,2314984,NA,Valencia,1,1,€ 150,2019/10/24,2019/10/25,0,"8,6",60
Apartamento Forn dels Apòstols,3122008,NA,Valencia,1,1,NA,2019/10/24,2019/10/25,0,"9,6",60
Cathedral Suites Hotel,1736257,NA,Valencia,1,1,€ 159,2019/10/24,2019/10/25,4,"8,9",60
Zenit Valencia,92327,NA,Valencia,1,1,€ 161,2019/10/24,2019/10/25,4,"8,8",60
The Westin Valencia,93321,NA,Valencia,1,1,€ 173,2019/10/24,2019/10/25,5,"8,7",60
Mar & City Apartment,3456759,NA,Valencia,1,1,€ 182,2019/10/24,2019/10/25,0,"8,9",60
Puerta de Serranos,2734333,NA,Valencia,1,1,€ 185,2019/10/24,2019/10/25,0,"8,8",60
Canela`s Vintage Ruzafa Centro,4652584,NA,Valencia,1,1,€ 200,2019/10/24,2019/10/25,0,"8,6",60
Valencia center,3168460,NA,Valencia,1,1,NA,2019/10/24,2019/10/25,0,"9,8",60
Friendly Rentals Vives 2,2523871,NA,Valencia,1,1,€ 200,2019/10/24,2019/10/25,0,"8,5",60
Hospes Palau de La Mar,93823,NA,Valencia,1,1,€ 204,2019/10/24,2019/10/25,5,"8,8",60
AC Hotel Valencia- a Marriott Lifestyle Hotel,91063,NA,Valencia,1,1,€ 208,2019/10/24,2019/10/25,4,"8,6",60
Ilunion Aqua 4,92777,NA,Valencia,1,1,€ 216,2019/10/24,2019/10/25,4,"8,5",60
Apartamento Casa con Angel,1079935,NA,Valencia,1,1,€ 218,2019/10/24,2019/10/25,0,"8,8",60
Ca Carmela,2466364,NA,Valencia,1,1,€ 225,2019/10/24,2019/10/25,0,"8,9",60
Apartamento Tiziano,1528645,NA,Valencia,1,1,NA,2019/10/24,2019/10/25,0,"9,5",60
SingularStays Parque Central,3054000,NA,Valencia,1,1,€ 266,2019/10/24,2019/10/25,0,"8,8",60
AC Hotel Colon Valencia- a Marriott Lifestyle Hotel,1117150,NA,Valencia,1,1,€ 327,2019/10/24,2019/10/25,4,"8,7",60
Vincci Lys,91183,NA,Valencia,1,1,€ 360,2019/10/24,2019/10/25,4,"8,9",60
Vincci Palace,94163,NA,Valencia,1,1,€ 440,2019/10/24,2019/10/25,4,"8,6",60
B&B Hi Valencia Canovas,305349,NA,Valencia,1,1,€ 42,2019/10/24,2019/10/25,0,"8,4",60
Habitacion Barata Valencia,3931013,NA,Valencia,1,1,€ 45,2019/10/24,2019/10/25,0,"8,1",60
Tres Forques,2854630,NA,Valencia,1,1,NA,2019/10/24,2019/10/25,0,"9,5",60
Hostal Abastos,257057,NA,Valencia,1,1,€ 45,2019/10/24,2019/10/25,2,"8,2",60
Habitacion en Valencia Barata,4861796,NA,Valencia,1,1,€ 45,2019/10/24,2019/10/25,0,"8,2",60
Red Nest Hostel,92283,NA,Valencia,1,1,€ 48,2019/10/24,2019/10/25,0,"8,2",60
Casa Mati,4217185,NA,Valencia,1,1,€ 50,2019/10/24,2019/10/25,0,"8,2",60
Urban Youth Hostel,1163025,NA,Valencia,1,1,€ 53,2019/10/24,2019/10/25,0,"8,4",60
Como en casa,4802186,NA,Valencia,1,1,€ 54,2019/10/24,2019/10/25,0,8,60
Palacios Rooms,2773548,NA,Valencia,1,1,€ 54,2019/10/24,2019/10/25,0,"8,3",60
Hotel Villacarlos,90730,NA,Valencia,1,1,€ 54,2019/10/24,2019/10/25,3,8,60
Dormavalencia Hostel,249585,NA,Valencia,1,1,€ 55,2019/10/24,2019/10/25,1,"8,2",60
Pension MonaLisa Luxury Suites,3834224,NA,Valencia,1,1,€ 56,2019/10/24,2019/10/25,0,"8,2",60
Sol Playa,12656,NA,Valencia,1,1,€ 58,2019/10/24,2019/10/25,2,"8,3",60
Hotel Miramar,23332,NA,Valencia,1,1,€ 59,2019/10/24,2019/10/25,2,"8,4",60
Coroa Malvarrosa,1638172,NA,Valencia,1,1,€ 61,2019/10/24,2019/10/25,0,"8,2",60
Purple Nest Hostel,25278,NA,Valencia,1,1,€ 62,2019/10/24,2019/10/25,0,"8,1",60
NH Ciudad de Valencia,90729,NA,Valencia,1,1,€ 63,2019/10/24,2019/10/25,3,"8,1",60
Up Town,2244083,Apartamentos,Valencia,1,1,€ 64,2019/10/24,2019/10/25,0,"8,3",60
Reina 12,1684198,NA,Valencia,1,1,€ 64,2019/10/24,2019/10/25,0,"8,2",60
Cool Loft Malvarrosa Beach,4309218,Apartamento,Valencia,1,1,NA,2019/10/24,2019/10/25,0,"9,6",60
Hotel Alkazar,408511,NA,Valencia,1,1,€ 64,2019/10/24,2019/10/25,1,"8,1",60
Down Town,1656378,Apartamentos,Valencia,1,1,€ 67,2019/10/24,2019/10/25,0,"8,3",60
United Colors of Apartments - Catedral,1301545,Apartamentos,Valencia,1,1,€ 69,2019/10/24,2019/10/25,0,"8,2",60
Happy Apartments Valencia – Lope de Vega,575582,Apartamentos,Valencia,1,1,€ 73,2019/10/24,2019/10/25,0,"8,1",60
Dormavalencia Hostel Regne,291755,NA,Valencia,1,1,€ 63,2019/10/24,2019/10/25,1,8,60
Aparthotel Valencia Rental,17344,NA,Valencia,1,1,€ 63,2019/10/24,2019/10/25,0,8,60
L'Otelet By Sweet,1467935,NA,Valencia,1,1,€ 64,2019/10/24,2019/10/25,0,"8,3",60
NH Valencia Las Ciencias,90725,NA,Valencia,1,1,€ 74,2019/10/24,2019/10/25,3,8,60
City Suites Apartments,3091106,NA,Valencia,1,1,€ 74,2019/10/24,2019/10/25,0,"8,4",60
Bubuflats Bubu 3,1014334,Apartamentos,Valencia,1,1,NA,2019/10/24,2019/10/25,0,"9,6",60
Residencia Universitaria Damia Bonet,247451,NA,Valencia,1,1,€ 75,2019/10/24,2019/10/25,0,"8,3",60
Ático cerca del mar,4040503,Apartamento,Valencia,1,1,€ 75,2019/10/24,2019/10/25,0,"8,4",60
Happy Apartments Valencia,456043,Apartamentos,Valencia,1,1,€ 75,2019/10/24,2019/10/25,0,"8,2",60
Style Apartments Puerto,1558265,Apartamentos,Valencia,1,1,€ 77,2019/10/24,2019/10/25,0,"8,1",60
Hotel Olympia Universidades,1301731,NA,Valencia,1,1,€ 79,2019/10/24,2019/10/25,3,"8,4",60
SHF Flats Baron,1033085,Apartamentos,Valencia,1,1,€ 80,2019/10/24,2019/10/25,0,8,60
Apartment Plaza Cisneros,1273377,Apartamentos,Valencia,1,1,NA,2019/10/24,2019/10/25,0,"9,8",60
Nanit Valencia Hostel,3913497,NA,Valencia,1,1,€ 80,2019/10/24,2019/10/25,0,"8,3",60
Holiday Inn Express Ciudad de las Ciencias,96737,NA,Valencia,1,1,€ 81,2019/10/24,2019/10/25,3,8,60
Center Apartments,4152091,Apartamentos,Valencia,1,1,€ 86,2019/10/24,2019/10/25,0,"8,1",60
Valencia Luxury Attics Ayuntamiento,337092,Apartamentos,Valencia,1,1,€ 220,2019/10/24,2019/10/25,0,"7,5",60
MD Art Apartment Ruzafa,2550955,Apartamento,Valencia,1,1,€ 291,2019/10/24,2019/10/25,0,"7,6",60
15 Avinguda Mare Nostrum,4518973,Apartamento,Valencia,1,1,NA,2019/10/24,2019/10/25,0,"9,8",60
MD Pelayo with terrace,1979067,Apartamento,Valencia,1,1,€ 291,2019/10/24,2019/10/25,0,"7,8",60
MD Oliag I Apartment Ruzafa,2867488,Apartamento,Valencia,1,1,€ 375,2019/10/24,2019/10/25,0,"7,7",60
Hostal Waksman,281139,NA,Valencia,1,1,€ 35,2019/10/24,2019/10/25,1,"7,3",60
Ruzafa Rooms,2891693,NA,Valencia,1,1,€ 36,2019/10/24,2019/10/25,0,7,60
feliz como en casa,3676196,NA,Valencia,1,1,€ 36,2019/10/24,2019/10/25,0,"7,2",60
Hostal Residencial RR,450746,NA,Valencia,1,1,€ 40,2019/10/24,2019/10/25,0,7,60
VIVIENDA DISEÑO CON JARDÍN INTERIOR,4314054,Apartamento,Valencia,1,1,NA,2019/10/24,2019/10/25,0,"9,7",60
La Flamenca,818359,NA,Valencia,1,1,€ 40,2019/10/24,2019/10/25,0,"7,3",60
Nest Style Valencia -Nueva apertura-,5219046,NA,Valencia,1,1,€ 71,2019/10/24,2019/10/25,3,"9,9",60
Apartamento luminoso y acogedor,3489126,NA,Valencia,1,1,€ 78,2019/10/24,2019/10/25,0,"9,5",60
PORT VALENCIA PLAYA,5259971,NA,Valencia,1,1,NA,2019/10/24,2019/10/25,0,"9,7",60
Opera House Valencia B&B,3533887,NA,Valencia,1,1,€ 87,2019/10/24,2019/10/25,0,"9,5",60
HOSPEDAJE PESET,4718074,NA,Valencia,1,1,€ 40,2019/10/24,2019/10/25,0,"7,2",60
Central Station Valencia Hostel,1647017,NA,Valencia,1,1,€ 49,2019/10/24,2019/10/25,0,"7,1",60
Centro Valencia Calle Cerrajeros,3476261,NA,Valencia,1,1,€ 50,2019/10/24,2019/10/25,0,7,60
B&B El Mercat,2203530,NA,Valencia,1,1,€ 55,2019/10/24,2019/10/25,0,"7,3",60
Casa La Buhardilla,2985364,NA,Valencia,1,1,€ 97,2019/10/24,2019/10/25,0,"9,6",60
Valencian Dreams,3268804,NA,Valencia,1,1,€ 97,2019/10/24,2019/10/25,0,"9,8",60
MD Modern Hotel - Jardines,305447,NA,Valencia,1,1,€ 95,2019/10/24,2019/10/25,1,"8,2",60
Valenciaflats Torres de Serrano,17468,Apartamentos,Valencia,1,1,€ 97,2019/10/24,2019/10/25,0,"8,3",60
APARTAMENTO LAS MELLIZAS,4651578,NA,Valencia,1,1,€ 50,2019/10/24,2019/10/25,0,"8,4",60
Garden Turia Downtown,5201200,Apartamento,Valencia,1,1,NA,2019/10/24,2019/10/25,0,"9,9",60
Casual de las Artes Valencia,538056,NA,Valencia,1,1,€ 102,2019/10/24,2019/10/25,3,"8,4",60
Apartamento Privado Próximo a Playa y Ciencias,3783163,Apartamento,Valencia,1,1,€ 110,2019/10/24,2019/10/25,0,"8,1",60
Apartamento Gran Vía Marqués del Turia,2358973,Apartamento,Valencia,1,1,€ 113,2019/10/24,2019/10/25,0,"8,4",60
Friendly Rentals Puerto Deportivo,2317861,Apartamentos,Valencia,1,1,€ 115,2019/10/24,2019/10/25,0,"8,2",60
Senator Parque Central Hotel,274963,NA,Valencia,1,1,€ 116,2019/10/24,2019/10/25,4,"8,1",60
Hotel Medium Valencia,96838,NA,Valencia,1,1,€ 117,2019/10/24,2019/10/25,4,"8,1",60
Plaza Redonda house.,4399973,NA,Valencia,1,1,€ 58,2019/10/24,2019/10/25,0,"7,4",60
Cool Loft Malvarrosa Beach,4309218,Apartamento,Valencia,1,1,NA,2019/10/24,2019/10/25,0,"9,6",60
Cosy Rooms Bolsería,371606,NA,Valencia,1,1,€ 61,2019/10/24,2019/10/25,2,"7,4",60
Cosy Rooms Embajador,369728,NA,Valencia,1,1,€ 68,2019/10/24,2019/10/25,2,"7,4",60
Accommodation Beach Apartments,1001766,Apartamentos,Valencia,1,1,€ 69,2019/10/24,2019/10/25,0,"7,1",60
ÁTICO PTA 13 EN EL CENTRO DE VALENCIA VT-45727-T,4612077,NA,Valencia,1,1,€ 100,2019/10/24,2019/10/25,0,"9,5",60
Precioso piso junto al antiguo barrio de Campanar,3297078,NA,Valencia,1,1,€ 100,2019/10/24,2019/10/25,0,"9,6",60
Apartments Downtown Valencia,2250421,NA,Valencia,1,1,€ 105,2019/10/24,2019/10/25,0,"9,6",60
Garden Turia Downtown,5201200,NA,Valencia,1,1,NA,2019/10/24,2019/10/25,0,"9,9",60
Almiserat,3054886,Apartamento,Valencia,1,1,€ 70,2019/10/24,2019/10/25,0,7,60
HOSTAL BED OF THE SEA,3974636,NA,Valencia,1,1,€ 72,2019/10/24,2019/10/25,0,7,60
NWT Monserrat,3728842,Apartamentos,Valencia,1,1,€ 72,2019/10/24,2019/10/25,0,7,60
Apartment Cabanyal,3172456,Apartamento,Valencia,1,1,NA,2019/10/24,2019/10/25,0,"9,8",60
Valencian Dreams Lonja,4757385,NA,Valencia,1,1,€ 106,2019/10/24,2019/10/25,0,"9,7",60
Ramirez Flats & Bar,4124528,NA,Valencia,1,1,€ 117,2019/10/24,2019/10/25,0,"9,5",60
Duplex+Swimming pool+private entrance=Housen of LOVE,2999152,NA,Valencia,1,1,€ 125,2019/10/24,2019/10/25,0,"9,5",60
Valencia Apartments,4367788,Apartamentos,Valencia,1,1,€ 78,2019/10/24,2019/10/25,0,"7,2",60
Malvarrosa Beach Rooms,314048,NA,Valencia,1,1,€ 80,2019/10/24,2019/10/25,2,"7,1",60
SHF Sevilla Loft,850157,Apartamentos,Valencia,1,1,€ 80,2019/10/24,2019/10/25,0,"7,4",60
Valencia Apartmans El Carmen,847910,Apartamentos,Valencia,1,1,€ 83,2019/10/24,2019/10/25,0,"7,4",60
Homestay & OLEE,4132920,NA,Valencia,1,1,€ 85,2019/10/24,2019/10/25,0,"7,3",60
Lujoso Apartamento En El Carmen,2814452,Apartamento,Valencia,1,1,€ 88,2019/10/24,2019/10/25,0,"7,4",60
Apartamento Forn dels Apòstols,3122008,Apartamento,Valencia,1,1,NA,2019/10/24,2019/10/25,0,"9,6",60
Guest House Samuel Ros,4161855,NA,Valencia,1,1,€ 90,2019/10/24,2019/10/25,0,"7,4",60
Ciudad Ciencias- Lujo- Parking- Wi-Fi.,4999636,NA,Valencia,1,1,€ 140,2019/10/24,2019/10/25,0,"9,8",60
RUZAFA- CENTRO-A/C- WI-FI- PARKING,2885994,NA,Valencia,1,1,€ 140,2019/10/24,2019/10/25,0,"9,7",60
PORT VALENCIA PLAYA,5259971,Apartamento,Valencia,1,1,NA,2019/10/24,2019/10/25,0,"9,7",60
Hotel Valencia Center,91285,NA,Valencia,1,1,€ 119,2019/10/24,2019/10/25,4,"8,4",60
El Coso,14580,NA,Valencia,1,1,€ 120,2019/10/24,2019/10/25,3,"8,2",60
Eurostars Rey Don Jaime,91520,NA,Valencia,1,1,€ 125,2019/10/24,2019/10/25,4,"8,2",60
Kirei Apartment Na Jordana,1702092,Apartamentos,Valencia,1,1,€ 101,2019/10/24,2019/10/25,0,7,60
Miresa flats,5300418,Apartamento,Valencia,1,1,€ 125,2019/10/24,2019/10/25,0,7,60
Kirei Apartment En Llop,1765516,Apartamentos,Valencia,1,1,€ 137,2019/10/24,2019/10/25,0,"7,1",60
Select Home Catedral,440778,Apartamentos,Valencia,1,1,€ 170,2019/10/24,2019/10/25,0,"7,1",60
Sweet Hotel Renasa,274818,NA,Valencia,1,1,€ 129,2019/10/24,2019/10/25,3,8,60
Zerka Centro,4425975,Apartamentos,Valencia,1,1,€ 129,2019/10/24,2019/10/25,0,"8,3",60
Friendly Rentals Verdi,1634232,Apartamento,Valencia,1,1,€ 135,2019/10/24,2019/10/25,0,"8,2",60
APARTMENTS VALENCIA CENTER,5180014,Apartamentos,Valencia,1,1,NA,2019/10/24,2019/10/25,0,"9,5",60
NH Valencia Las Artes,90731,NA,Valencia,1,1,€ 136,2019/10/24,2019/10/25,4,"8,4",60
Tryp Valencia Feria,92852,NA,Valencia,1,1,€ 137,2019/10/24,2019/10/25,4,"8,3",60
Friendly Rentals Pergolesi,1634240,Apartamentos,Valencia,1,1,€ 140,2019/10/24,2019/10/25,0,"8,4",60
Best Valencia Beach Flat,3246772,Apartamento,Valencia,1,1,€ 192,2019/10/24,2019/10/25,0,"7,1",60
City Center Atico 360,3025679,Apartamento,Valencia,1,1,NA,2019/10/24,2019/10/25,0,"9,6",60
Apartamento para 10 personas,5029963,Apartamento,Valencia,1,1,€ 200,2019/10/24,2019/10/25,0,"7,3",60
MD Puerto Rico Apartment Ruzafa,3737151,Apartamento,Valencia,1,1,€ 329,2019/10/24,2019/10/25,0,"7,4",60
PISO ACOGEDOR,4995780,NA,Valencia,1,1,€ 50,2019/10/24,2019/10/25,0,"6,9",60
Valencia maritimo,3020748,Apartamento,Valencia,1,1,€ 70,2019/10/24,2019/10/25,0,"8,8",60
Geography and Arts.,3569110,NA,Valencia,1,1,€ 60,2019/10/24,2019/10/25,0,"6,7",60
Bonito Apartamento en Valencia!!,4333493,Apartamento,Valencia,1,1,€ 103,2019/10/24,2019/10/25,0,"6,9",60
MD Villalonga Malvarosa Beach,3739661,Apartamento,Valencia,1,1,€ 480,2019/10/24,2019/10/25,0,"6,8",60
Malvarrosa Beach,3546692,Casas y chalets,Valencia,1,1,€ 1.260,2019/10/24,2019/10/25,0,"6,6",60
Fun and Sun Center 2,2944416,NA,Valencia,1,1,€ 36,2019/10/24,2019/10/25,0,"6,1",60
Habitación con cama doble,4794909,NA,Valencia,1,1,€ 36,2019/10/24,2019/10/25,0,"6,3",60
Casa del Patriarca,364834,NA,Valencia,1,1,€ 71,2019/10/24,2019/10/25,0,"8,9",60
Apartment Cabanyal,3172456,Apartamento,Valencia,1,1,NA,2019/10/24,2019/10/25,0,"9,8",60
Burjassot Mestalla,3058627,Apartamento,Valencia,1,1,€ 75,2019/10/24,2019/10/25,0,"8,6",60
Hotel Malcom and Barret,483261,NA,Valencia,1,1,€ 76,2019/10/24,2019/10/25,3,"8,7",60
Casual del Cine Valencia,572187,NA,Valencia,1,1,€ 77,2019/10/24,2019/10/25,2,"8,6",60
Moon Valencia,3560698,Apartamentos,Valencia,1,1,€ 77,2019/10/24,2019/10/25,0,"8,9",60
Valenciaflats Centro Histórico,94781,Apartamentos,Valencia,1,1,€ 78,2019/10/24,2019/10/25,0,"8,7",60
Soho Valencia,1538641,Apartahotel,Valencia,1,1,€ 78,2019/10/24,2019/10/25,0,"8,9",60
Hotel Conqueridor,91047,NA,Valencia,1,1,€ 153,2019/10/24,2019/10/25,4,"8,4",60
Ilunion Aqua 3,92776,NA,Valencia,1,1,€ 172,2019/10/24,2019/10/25,3,"8,3",60
Friendly Rentals Evans,1634220,Apartamentos,Valencia,1,1,€ 180,2019/10/24,2019/10/25,0,"8,4",60
Vlc Apartaments el Carmen,389902,Apartamentos,Valencia,1,1,€ 214,2019/10/24,2019/10/25,0,"8,2",60
Casita Esmeralda,2040126,Casa o chalet,Valencia,1,1,€ 114,2019/10/24,2019/10/25,0,"6,3",60
Kirei Apartment San Agustin,1712323,Apartamentos,Valencia,1,1,€ 161,2019/10/24,2019/10/25,0,6,60
Kirei Apartment Portland,4276529,Apartamentos,Valencia,1,1,€ 200,2019/10/24,2019/10/25,0,"6,1",60
Oliver,4865093,NA,Valencia,1,1,€ 25,2019/10/24,2019/10/25,0,"5,6",60
So de Mar,2204496,Apartamento,Valencia,1,1,NA,2019/10/24,2019/10/25,0,"9,6",60
Petit Palomar,2187491,Apartamentos,Valencia,1,1,€ 79,2019/10/24,2019/10/25,0,"8,9",60
Casa de la Reina,5394089,NA,Valencia,1,1,€ 80,2019/10/24,2019/10/25,0,"8,7",60
Blanq Carmen Hotel,97069,NA,Valencia,1,1,€ 81,2019/10/24,2019/10/25,3,"8,7",60
Ad Hoc Carmen,1173270,NA,Valencia,1,1,€ 81,2019/10/24,2019/10/25,2,"8,9",60
Ilunion Valencia 4,754329,NA,Valencia,1,1,€ 264,2019/10/24,2019/10/25,4,8,60
Malvarrosa Calle Pavia,3608764,Casa o chalet,Valencia,1,1,€ 271,2019/10/24,2019/10/25,0,"8,1",60
MD Benlliure Beach.,1957258,Apartamento,Valencia,1,1,€ 296,2019/10/24,2019/10/25,0,8,60
NWT Central Station Apartments,3964093,Apartamento,Valencia,1,1,€ 300,2019/10/24,2019/10/25,0,"8,2",60
Musico Peydro Apartments,3765069,Apartamentos,Valencia,1,1,€ 301,2019/10/24,2019/10/25,0,"8,1",60
MD Vila Barbera Apartment Center,1957253,Apartamento,Valencia,1,1,€ 390,2019/10/24,2019/10/25,0,"8,4",60
Center Valencia Youth Hostel,246931,NA,Valencia,1,1,€ 19,2019/10/24,2019/10/25,0,"7,9",60
Pensión Universal,304276,NA,Valencia,1,1,€ 30,2019/10/24,2019/10/25,0,"7,9",60
Hostal El Cid,309465,NA,Valencia,1,1,€ 30,2019/10/24,2019/10/25,2,"7,6",60
Apart and Benef,2291245,NA,Valencia,1,1,€ 34,2019/10/24,2019/10/25,0,"7,8",60
Hostal Moratin,326015,NA,Valencia,1,1,€ 34,2019/10/24,2019/10/25,1,"7,9",60
Suites by Eric Olsan (Florista),4726450,Apartamentos,Valencia,1,1,€ 82,2019/10/24,2019/10/25,0,"8,6",60
B&B Hi Valencia Boutique,1301725,NA,Valencia,1,1,€ 83,2019/10/24,2019/10/25,0,"8,7",60
City Center Atico 360,3025679,Apartamento,Valencia,1,1,NA,2019/10/24,2019/10/25,0,"9,6",60
Jardín Botánico Hotel Boutique,93369,NA,Valencia,1,1,€ 84,2019/10/24,2019/10/25,3,"8,9",60
Rooms Ciencias,94126,NA,Valencia,1,1,€ 86,2019/10/24,2019/10/25,0,"8,9",60
Citizentral Gascons,332095,Apartamentos,Valencia,1,1,€ 87,2019/10/24,2019/10/25,0,"8,7",60
Ruzafa Guesthouse,2269176,NA,Valencia,1,1,€ 33,2019/10/24,2019/10/25,0,"5,6",60
Gon & Diego House,4899561,NA,Valencia,1,1,€ 40,2019/10/24,2019/10/25,0,"5,9",60
Carrer del Bisbe Jaume Pérez,4900140,NA,Valencia,1,1,€ 60,2019/10/24,2019/10/25,0,"5,8",60
Kirei Apartment Berlin,4504570,Apartamentos,Valencia,1,1,€ 126,2019/10/24,2019/10/25,0,"5,5",60
Valenciaflats Mercado Central,307677,Apartamentos,Valencia,1,1,€ 87,2019/10/24,2019/10/25,0,"8,9",60
Boutique Creative Rooms,2334726,NA,Valencia,1,1,€ 90,2019/10/24,2019/10/25,0,"8,8",60
BUBUFLATS / Mercat,783206,Apartamentos,Valencia,1,1,€ 90,2019/10/24,2019/10/25,0,"8,9",60
Luxury Center Plaza Redonda,5138960,Apartamento,Valencia,1,1,NA,2019/10/24,2019/10/25,0,"9,8",60
Casa de Maria,2467712,Apartamento,Valencia,1,1,€ 90,2019/10/24,2019/10/25,0,"8,6",60
BUBUFLATS Mossén,1141763,Apartamentos,Valencia,1,1,€ 90,2019/10/24,2019/10/25,0,"8,9",60
Habitación doble,3599930,NA,Valencia,1,1,€ 90,2019/10/24,2019/10/25,0,"8,9",60
València Centre Túria,2185255,Apartamento,Valencia,1,1,€ 94,2019/10/24,2019/10/25,0,"8,8",60
Perla Apartments,3146781,Apartamentos,Valencia,1,1,€ 95,2019/10/24,2019/10/25,0,"8,7",60
New Trendy apartment,2426154,Apartamento,Valencia,1,1,€ 95,2019/10/24,2019/10/25,0,"8,7",60
La Casa Verde - Ruzafa,2029143,Apartamento,Valencia,1,1,NA,2019/10/24,2019/10/25,0,"9,7",60
Casual Vintage Valencia,1710241,NA,Valencia,1,1,€ 98,2019/10/24,2019/10/25,2,"8,6",60
La seda stay,3335523,NA,Valencia,1,1,€ 175,2019/10/24,2019/10/25,0,"9,7",60
Apartamento centro frente a Torres de Serrano,3408067,NA,Valencia,1,1,NA,2019/10/24,2019/10/25,0,"9,5",60
Ca María,3776707,NA,Valencia,1,1,€ 180,2019/10/24,2019/10/25,0,"9,7",60
Cantagua Hostel,4074640,NA,Valencia,1,1,€ 40,2019/10/24,2019/10/25,0,"9,1",60
Art&Flats Bed&Breakfast,5238345,NA,Valencia,1,1,€ 45,2019/10/24,2019/10/25,0,"9,2",60
One Shot Colón 46,1394168,NA,Valencia,1,1,€ 98,2019/10/24,2019/10/25,3,"8,7",60
Hotel Dimar,90886,NA,Valencia,1,1,€ 99,2019/10/24,2019/10/25,4,"8,7",60
Hotel Gabbeach,403586,NA,Valencia,1,1,€ 99,2019/10/24,2019/10/25,3,"8,5",60
El Coral Apartment Valencia,3606766,Apartamento,Valencia,1,1,€ 101,2019/10/24,2019/10/25,0,"8,7",60
Lotelito,570027,NA,Valencia,1,1,€ 101,2019/10/24,2019/10/25,0,"8,9",60
Luxury Beach House,3602594,Casa o chalet,Valencia,1,1,NA,2019/10/24,2019/10/25,0,"9,7",60
Valencian Apartment,2298621,Apartamento,Valencia,1,1,€ 102,2019/10/24,2019/10/25,0,"8,8",60
YOU & CO. Saler Beach Boutique,4533007,NA,Valencia,1,1,€ 53,2019/10/24,2019/10/25,3,"9,1",60
Habitación privada a 1500 metros de la playa,3789910,NA,Valencia,1,1,€ 60,2019/10/24,2019/10/25,0,"9,2",60
Blanq Comedias,4922002,NA,Valencia,1,1,€ 68,2019/10/24,2019/10/25,0,"9,3",60
Apartamento,3139431,NA,Valencia,1,1,NA,2019/10/24,2019/10/25,0,"9,5",60
Guesthouse Plaza de Toros,2985902,NA,Valencia,1,1,€ 33,2019/10/24,2019/10/25,0,"4,9",60
Petit Palace Ruzafa,90792,NA,Valencia,1,1,€ 103,2019/10/24,2019/10/25,3,"8,7",60
Ad Hoc Monumental,90719,NA,Valencia,1,1,€ 104,2019/10/24,2019/10/25,3,"8,6",60
El Palacete Gran Via,3483148,NA,Valencia,1,1,€ 107,2019/10/24,2019/10/25,0,"8,8",60
SKY TOURISTIC ATTIC,281640,Apartamentos,Valencia,1,1,€ 108,2019/10/24,2019/10/25,0,"8,5",60
Petit Palace Plaza de la Reina,90443,NA,Valencia,1,1,€ 109,2019/10/24,2019/10/25,3,"8,7",60
Hotel San Lorenzo Boutique,1307718,NA,Valencia,1,1,€ 115,2019/10/24,2019/10/25,3,"8,6",60
Plaza de la Virgen,3167342,Apartamento,Valencia,1,1,€ 115,2019/10/24,2019/10/25,0,"8,7",60
Live in Chianti,2227491,NA,Valencia,1,1,€ 75,2019/10/24,2019/10/25,0,"9,1",60
Hostal Venecia,92883,NA,Valencia,1,1,€ 84,2019/10/24,2019/10/25,2,"9,1",60
Apartamento cerca de la Playa y el Centro,2620264,NA,Valencia,1,1,€ 88,2019/10/24,2019/10/25,0,9,60
La casita de Palomar,2132386,NA,Valencia,1,1,€ 89,2019/10/24,2019/10/25,0,"9,4",60
Una Ubicacion Perfecta,3114164,NA,Valencia,1,1,€ 90,2019/10/24,2019/10/25,0,"9,1",60
Hi Valencia Cánovas,4312120,NA,Valencia,1,1,€ 90,2019/10/24,2019/10/25,0,9,60
Ambrosio Flats Valencia - El Mercat,3131649,NA,Valencia,1,1,NA,2019/10/24,2019/10/25,0,"9,5",60
casa a 800 metros de la playa de Las Arenas,3741421,Apartamento,Valencia,1,1,€ 115,2019/10/24,2019/10/25,0,"8,9",60
Friendly Rentals Ravel I,1634234,Apartamento,Valencia,1,1,€ 115,2019/10/24,2019/10/25,0,"8,8",60
Melia Plaza Valencia,13270,NA,Valencia,1,1,€ 116,2019/10/24,2019/10/25,4,"8,9",60
Les flors,3985046,Apartamento,Valencia,1,1,€ 116,2019/10/24,2019/10/25,0,"8,6",60
Stylish newly renovated in great location /WIFI,3661070,Apartamento,Valencia,1,1,€ 119,2019/10/24,2019/10/25,0,"8,6",60
Catalonia Excelsior,90578,NA,Valencia,1,1,€ 120,2019/10/24,2019/10/25,3,"8,7",60
Friendly Rentals Casals,1769176,Apartamento,Valencia,1,1,€ 125,2019/10/24,2019/10/25,0,"8,7",60
Apartamentos Valencia - Brazil 31 Free WiFi,4948554,Apartamento,Valencia,1,1,€ 125,2019/10/24,2019/10/25,0,"8,8",60
Olvida tu Reloj Montichelvo Apartment,3258095,NA,Valencia,1,1,€ 91,2019/10/24,2019/10/25,0,"9,4",60
Valenciaflats Centro Ciudad,18544,NA,Valencia,1,1,€ 91,2019/10/24,2019/10/25,0,"9,1",60
Hotel Mediterraneo Valencia,92412,NA,Valencia,1,1,€ 127,2019/10/24,2019/10/25,3,"8,8",60
Apartments Plaza Ayuntamiento,3506736,Apartamento,Valencia,1,1,€ 130,2019/10/24,2019/10/25,0,"8,7",60
City Garden Bed and Breakfast,2204361,NA,Valencia,1,1,€ 93,2019/10/24,2019/10/25,0,"9,4",60
Bubuflats Bubu 5,1283519,NA,Valencia,1,1,€ 95,2019/10/24,2019/10/25,0,"9,1",60
BUBUSUITES by Bubuflats,2389776,NA,Valencia,1,1,€ 95,2019/10/24,2019/10/25,0,"9,3",60
Mon Suites San Nicolas,4117225,NA,Valencia,1,1,€ 97,2019/10/24,2019/10/25,0,"9,2",60
Ayuntamiento Panoramic,3089239,NA,Valencia,1,1,NA,2019/10/24,2019/10/25,0,"9,5",60
Casual Socarrat Valencia,5142800,NA,Valencia,1,1,€ 99,2019/10/24,2019/10/25,3,"9,3",60
Palau de Palomar,471283,NA,Valencia,1,1,€ 99,2019/10/24,2019/10/25,0,"9,2",60
APARTAMENTO CENTRO- RUZAFA. WI-FI. PARKING,3144104,NA,Valencia,1,1,€ 100,2019/10/24,2019/10/25,0,"9,3",60
Apartments Abate 4,2848648,NA,Valencia,1,1,€ 100,2019/10/24,2019/10/25,0,"9,1",60
Citizentral Juristas,1113127,NA,Valencia,1,1,€ 103,2019/10/24,2019/10/25,0,"9,2",60
Apartments Madrina,3278589,NA,Valencia,1,1,€ 105,2019/10/24,2019/10/25,0,9,60
Forn desamparats,2380447,NA,Valencia,1,1,€ 105,2019/10/24,2019/10/25,0,"9,4",60
Bianca,4232781,NA,Valencia,1,1,€ 106,2019/10/24,2019/10/25,0,9,60
Mon Suites Catedral,485679,NA,Valencia,1,1,€ 107,2019/10/24,2019/10/25,0,"9,2",60
Center Valencia,2944722,NA,Valencia,1,1,€ 108,2019/10/24,2019/10/25,0,"9,3",60
Teixidors de Palomar,2639791,NA,Valencia,1,1,€ 109,2019/10/24,2019/10/25,0,"9,4",60
OttoH Charm Stay,2459807,NA,Valencia,1,1,€ 109,2019/10/24,2019/10/25,0,"9,3",60
Apartamentos Wallace,1698355,NA,Valencia,1,1,€ 110,2019/10/24,2019/10/25,0,"9,2",60
Atico de Lujo,2142556,NA,Valencia,1,1,€ 110,2019/10/24,2019/10/25,0,"9,2",60
Apartamentos La más Bonita,2816245,NA,Valencia,1,1,€ 113,2019/10/24,2019/10/25,0,"9,1",60
47 Carrer de Cadis- puerta 1,4511167,NA,Valencia,1,1,€ 113,2019/10/24,2019/10/25,0,9,60
MYR Hotel Plaza Mercado & Spa,1619029,NA,Valencia,1,1,€ 114,2019/10/24,2019/10/25,0,"9,2",60
"Piso ""Como en tu casa""",2689136,NA,Valencia,1,1,€ 115,2019/10/24,2019/10/25,0,"9,2",60
Habitación en valencia centro,5418023,NA,Valencia,1,1,€ 35,2019/10/24,2019/10/25,0,"7,8",60
Habitación San Cayetano,4624401,NA,Valencia,1,1,€ 35,2019/10/24,2019/10/25,0,"7,7",60
Luxury Beach House,3602594,Casa o chalet,Valencia,1,1,NA,2019/10/24,2019/10/25,0,"9,7",60
Habitación Céntrica en Casa de Familia,4289877,NA,Valencia,1,1,€ 35,2019/10/24,2019/10/25,0,"7,8",60
Casual Civilizaciones Valencia,449777,NA,Valencia,1,1,€ 41,2019/10/24,2019/10/25,0,"7,9",60
Hotel Beleret,94652,NA,Valencia,1,1,€ 42,2019/10/24,2019/10/25,3,"7,6",60
Valencia City Host,1177077,NA,Valencia,1,1,€ 45,2019/10/24,2019/10/25,0,"7,8",60
Voyagers Inn Homestay,2682156,NA,Valencia,1,1,€ 46,2019/10/24,2019/10/25,0,"7,8",60
Hostal On Dormire Valencia,432305,NA,Valencia,1,1,€ 49,2019/10/24,2019/10/25,0,"7,8",60
United Colors of Apartments Boutique Style,5372347,Apartamentos,Valencia,1,1,NA,2019/10/24,2019/10/25,0,"9,8",60
Apartamentos Adressadors,1743173,Apartamentos,Valencia,1,1,€ 50,2019/10/24,2019/10/25,0,"7,8",60
Apartamentos Abastos,1044426,Apartamentos,Valencia,1,1,€ 50,2019/10/24,2019/10/25,0,"7,6",60
Patacona Green Flats,292996,Apartamentos,Valencia,1,1,€ 50,2019/10/24,2019/10/25,0,"7,6",60
Casual de la Música Valencia,273130,NA,Valencia,1,1,€ 51,2019/10/24,2019/10/25,2,"7,5",60
Habitación cerca del centro,2789581,NA,Valencia,1,1,€ 52,2019/10/24,2019/10/25,0,"7,6",60
Habitacion por dias Centro Valencia,3977106,NA,Valencia,1,1,€ 55,2019/10/24,2019/10/25,0,"7,9",60
BONNIES Suites & Spa Valencia,3631910,Apartamentos,Valencia,1,1,NA,2019/10/24,2019/10/25,0,"9,8",60
OYO Pensión El Rincón,476031,NA,Valencia,1,1,€ 59,2019/10/24,2019/10/25,1,"7,7",60
Hostal Bisbal,235665,NA,Valencia,1,1,€ 60,2019/10/24,2019/10/25,1,"7,5",60
B&B Hotel Valencia Ciudad de las Ciencias,92242,NA,Valencia,1,1,€ 62,2019/10/24,2019/10/25,3,"7,5",60
United Colors of Studios - Mercado Central,2574108,Apartamentos,Valencia,1,1,€ 64,2019/10/24,2019/10/25,0,"7,9",60
Cosy Rooms Tapinería,371192,NA,Valencia,1,1,€ 65,2019/10/24,2019/10/25,2,"7,5",60
Jero Rooms,296743,NA,Valencia,1,1,€ 66,2019/10/24,2019/10/25,0,"7,7",60
Valencia center,3168460,Apartamento,Valencia,1,1,NA,2019/10/24,2019/10/25,0,"9,8",60
City Center Apartments,4426057,Apartamentos,Valencia,1,1,€ 68,2019/10/24,2019/10/25,0,"7,8",60
Checkin Valencia,93743,NA,Valencia,1,1,€ 71,2019/10/24,2019/10/25,4,"7,8",60
Alex Apartment,1756374,Apartamento,Valencia,1,1,€ 75,2019/10/24,2019/10/25,0,"7,8",60
SHF Plaza de la Reina,1682520,Apartamentos,Valencia,1,1,€ 75,2019/10/24,2019/10/25,0,"7,7",60
Expo Hotel Valencia,91223,NA,Valencia,1,1,€ 78,2019/10/24,2019/10/25,3,"7,6",60
El 16 Ruzafa,865461,Apartamentos,Valencia,1,1,€ 79,2019/10/24,2019/10/25,0,"7,7",60
PORT VALENCIA PLAYA,5259971,Apartamento,Valencia,1,1,NA,2019/10/24,2019/10/25,0,"9,7",60
Oceanográfico Apartments & Spa,324918,Apartamentos,Valencia,1,1,€ 79,2019/10/24,2019/10/25,0,"7,6",60
Torres Quart,3702234,Apartamentos,Valencia,1,1,€ 83,2019/10/24,2019/10/25,0,"7,7",60
Suites by Eric Olsan (L),4287413,Apartamentos,Valencia,1,1,€ 83,2019/10/24,2019/10/25,0,"7,5",60
Bonito apartamento en Valencia!,3646923,Apartamentos,Valencia,1,1,€ 88,2019/10/24,2019/10/25,0,"7,7",60
Carrer del Músic Peydró- 46 Apartament 5,4216247,Apartamento,Valencia,1,1,€ 89,2019/10/24,2019/10/25,0,"7,9",60
Patacona Resort Apartments,189782,Apartamentos,Valencia,1,1,€ 92,2019/10/24,2019/10/25,0,"7,8",60
AMAZING HOUSE- BEST LOCATION!,4728031,Apartamento,Valencia,1,1,NA,2019/10/24,2019/10/25,0,"9,7",60
Plaza Sainetero 5,3148458,Apartamento,Valencia,1,1,€ 93,2019/10/24,2019/10/25,0,"7,8",60
Apartamento Angel Alcazar 35,2174625,Apartamento,Valencia,1,1,€ 95,2019/10/24,2019/10/25,0,"7,5",60
Apartamento Alguer,4005334,Apartamento,Valencia,1,1,€ 105,2019/10/24,2019/10/25,0,"7,5",60
Art of Dance Apartment Valencia,3732969,Apartamento,Valencia,1,1,€ 105,2019/10/24,2019/10/25,0,"7,7",60
Apartmento con Terraza en Cabañal,2205541,Apartamento,Valencia,1,1,€ 105,2019/10/24,2019/10/25,0,"7,7",60
Apartment Florista,2150187,Apartamento,Valencia,1,1,€ 105,2019/10/24,2019/10/25,0,"7,9",60
Apartment Valencia,348555,Apartamentos,Valencia,1,1,€ 108,2019/10/24,2019/10/25,0,"7,8",60
Apartment Plaza de la Merced,3457190,Apartamento,Valencia,1,1,€ 110,2019/10/24,2019/10/25,0,"7,9",60
STYLISH APARTMENT - CITY CENTER,2861517,Apartamento,Valencia,1,1,€ 114,2019/10/24,2019/10/25,0,"7,7",60
Kirei Apartment Vienna,4639797,Apartamento,Valencia,1,1,€ 115,2019/10/24,2019/10/25,0,"7,9",60
Hotel Turia,14441,NA,Valencia,1,1,€ 115,2019/10/24,2019/10/25,4,"7,5",60
My Reception - Edificio Russafa,4732440,Apartamentos,Valencia,1,1,€ 130,2019/10/24,2019/10/25,0,"7,7",60
Kirei Apartment Calgary,4768322,Apartamento,Valencia,1,1,€ 148,2019/10/24,2019/10/25,0,"7,6",60
Old Town Flats Casa Burguerini,4552106,Apartamentos,Valencia,1,1,€ 151,2019/10/24,2019/10/25,0,"7,6",60
Friendly rentals Enesco Beach,2526514,Apartamento,Valencia,1,1,€ 160,2019/10/24,2019/10/25,0,"7,9",60
Loft el Carmen amazing views,4932621,Apartamento,Valencia,1,1,€ 172,2019/10/24,2019/10/25,0,"7,9",60
Friendly Rentals Danna,1634254,Apartamento,Valencia,1,1,€ 185,2019/10/24,2019/10/25,0,"7,7",60
Ilunion Valencia 3,92818,NA,Valencia,1,1,€ 192,2019/10/24,2019/10/25,3,"7,9",60
MD Design Hotel - Portal del Real,2391685,NA,Valencia,1,1,€ 115,2019/10/24,2019/10/25,2,"9,1",60
Apartamentos Edificio Palomar,189277,Apartamentos,Valencia,1,1,€ 119,2019/10/24,2019/10/25,0,"9,2",60
Barracart Apartments,2125836,Apartamentos,Valencia,1,1,NA,2019/10/24,2019/10/25,0,"9,6",60
Valencia-Ruzafa Studio,3235983,Apartamento,Valencia,1,1,€ 120,2019/10/24,2019/10/25,0,"9,1",60
Sorolla Centro,90896,NA,Valencia,1,1,€ 121,2019/10/24,2019/10/25,3,"9,1",60
Hotel Boutique Balandret,1281710,NA,Valencia,1,1,€ 124,2019/10/24,2019/10/25,3,"9,2",60
Valenciaflats Ciudad de las Ciencias,93676,Apartamentos,Valencia,1,1,€ 124,2019/10/24,2019/10/25,0,"9,1",60
HQ Rooms Apartments San Vicente,2894429,Apartamentos,Valencia,1,1,€ 125,2019/10/24,2019/10/25,0,"9,3",60
Welcome Apartamentos Pintor Stolz 31 Valencia,5019066,Apartamento,Valencia,1,1,€ 125,2019/10/24,2019/10/25,0,"9,1",60
Apartment Sofi,2830696,Apartamento,Valencia,1,1,NA,2019/10/24,2019/10/25,0,"9,8",60
Live in Chianti Apartaments,2882632,Apartamentos,Valencia,1,1,€ 128,2019/10/24,2019/10/25,0,"9,1",60
OCEANOGRAFIC APARTMENT. PARKING. WI-FI,3107716,Apartamentos,Valencia,1,1,€ 130,2019/10/24,2019/10/25,0,9,60
OCEANOGRAFIC DELUXE- PARKING- WI-FI,4095746,Apartamento,Valencia,1,1,€ 130,2019/10/24,2019/10/25,0,"9,2",60
Friendly Rentals Schubert,1634221,Apartamentos,Valencia,1,1,€ 130,2019/10/24,2019/10/25,0,9,60
Apartments Welcome to Valencia Peset Aleixandre 69,4964856,Apartamento,Valencia,1,1,€ 130,2019/10/24,2019/10/25,0,"9,1",60
Loft zona Pechina en Valencia centro,2524985,Apartamento,Valencia,1,1,€ 138,2019/10/24,2019/10/25,0,"9,2",60
Ambrosio Flats Valencia - El Mercat,3131649,Apartamento,Valencia,1,1,NA,2019/10/24,2019/10/25,0,"9,5",60
Hotel Valencia Alameda,4019381,NA,Valencia,1,1,€ 139,2019/10/24,2019/10/25,4,"9,3",60
Apartament Cura Femenia,2010355,Apartamento,Valencia,1,1,€ 139,2019/10/24,2019/10/25,0,"9,3",60
ARENAS 2 APARTAMENT,2808815,Apartamento,Valencia,1,1,€ 150,2019/10/24,2019/10/25,0,"9,1",60
Sweet Caroline Apartment,1811784,Apartamento,Valencia,1,1,€ 150,2019/10/24,2019/10/25,0,"9,2",60
Center City Flats,861452,Apartamentos,Valencia,1,1,€ 154,2019/10/24,2019/10/25,0,"9,1",60
Duplex en Blasco Ibáñez,3672426,Apartamento,Valencia,1,1,€ 155,2019/10/24,2019/10/25,0,"9,1",60
Atico Loft Ruzafa,3152977,Apartamento,Valencia,1,1,NA,2019/10/24,2019/10/25,0,"9,7",60
Edificio Pentagono,4673669,Apartamento,Valencia,1,1,€ 155,2019/10/24,2019/10/25,0,"9,1",60
Mon Suites San Martin,2777545,Apartamentos,Valencia,1,1,€ 161,2019/10/24,2019/10/25,0,"9,4",60
MARQUÉS HOUSE 4* SUP,2118880,NA,Valencia,1,1,€ 179,2019/10/24,2019/10/25,4,"9,4",60
Zerka Sendra,4657122,Apartamento,Valencia,1,1,€ 179,2019/10/24,2019/10/25,0,9,60
Arena's Apartament,2156905,Apartamento,Valencia,1,1,€ 200,2019/10/24,2019/10/25,0,"9,1",60
Jardines del Turia - Espacioso apartamento,2734126,Apartamento,Valencia,1,1,€ 200,2019/10/24,2019/10/25,0,"9,1",60
Ayuntamiento Panoramic,3089239,Apartamento,Valencia,1,1,NA,2019/10/24,2019/10/25,0,"9,5",60
Loft Superior el Carmen,2784473,Apartamento,Valencia,1,1,€ 209,2019/10/24,2019/10/25,0,"9,4",60
Vincci Mercat,1279484,NA,Valencia,1,1,€ 240,2019/10/24,2019/10/25,4,9,60
Las Arenas Balneario Resort,91144,NA,Valencia,1,1,€ 270,2019/10/24,2019/10/25,5,9,60
Caro Hotel,348132,NA,Valencia,1,1,€ 275,2019/10/24,2019/10/25,5,"9,2",60
The River Hostel,494202,NA,Valencia,1,1,€ 22,2019/10/24,2019/10/25,0,"8,5",60
Pensión Alicante,298710,NA,Valencia,1,1,€ 33,2019/10/24,2019/10/25,0,"8,5",60
Apartamento Bolseria 28,881275,Apartamentos,Valencia,1,1,NA,2019/10/24,2019/10/25,0,"9,5",60
Russafa Youth Hostel,345134,NA,Valencia,1,1,€ 44,2019/10/24,2019/10/25,0,"8,6",60
Home Youth Hostel by Feetup Hostels,189322,NA,Valencia,1,1,€ 52,2019/10/24,2019/10/25,0,"8,8",60
Balcón Al Mar,295109,NA,Valencia,1,1,€ 53,2019/10/24,2019/10/25,0,"8,5",60
Namaste Rooms,3799642,NA,Valencia,1,1,€ 55,2019/10/24,2019/10/25,0,"8,7",60
B&B Almirante,369695,NA,Valencia,1,1,€ 57,2019/10/24,2019/10/25,1,"8,8",60
Pio XII Apartments Valencia,402080,Apartamentos,Valencia,1,1,€ 60,2019/10/24,2019/10/25,0,"8,5",60
Apartamento Jesus De Medinaceli,1728697,Apartamentos,Valencia,1,1,€ 60,2019/10/24,2019/10/25,0,"8,5",60
Zalamera BnB,1331238,NA,Valencia,1,1,€ 60,2019/10/24,2019/10/25,0,"8,7",60
Homestay Carrer Sagun,5006434,NA,Valencia,1,1,€ 60,2019/10/24,2019/10/25,0,"8,7",60
València Centre Torres de Quart,886289,Apartamentos,Valencia,1,1,€ 64,2019/10/24,2019/10/25,0,"8,9",60
ABCyou Bed&Breakfast,189207,NA,Valencia,1,1,€ 64,2019/10/24,2019/10/25,0,"8,5",60
Luz de Valencia,2076095,Apartamentos,Valencia,1,1,€ 64,2019/10/24,2019/10/25,0,"8,7",60
Hulot B&B Valencia,585429,NA,Valencia,1,1,€ 67,2019/10/24,2019/10/25,0,"8,5",60
Apartamentos Plaza Picasso,97063,Apartamentos,Valencia,1,1,€ 67,2019/10/24,2019/10/25,0,"8,5",60
Hotel Sercotel Acteón Valencia,90495,NA,Valencia,1,1,€ 68,2019/10/24,2019/10/25,4,"8,5",60
Quart Youth Hostel,476418,NA,Valencia,1,1,€ 68,2019/10/24,2019/10/25,0,"8,7",60
Turia Town,4064373,Apartamentos,Valencia,1,1,€ 69,2019/10/24,2019/10/25,0,"8,8",60
Host & Home,1663785,NA,Valencia,1,1,€ 70,2019/10/24,2019/10/25,0,"8,9",60
