name,propertyId,propertyType,city,rooms,days,price,checkIn,checkOut,stars,score,advance
Gulet Why Not,5199364,NA,Valencia,1,1,€ 3.600,2019/09/05,2019/09/06,0,,30
Kirei Apartment En Llop,1765516,Apartamentos,Valencia,1,1,€ 195,2019/09/05,2019/09/06,0,"7,1",30
Habitación con cama doble,4794909,NA,Valencia,1,1,€ 41,2019/09/05,2019/09/06,0,"6,5",30
JL Ciudad de las Artes,3074378,Apartamento,Valencia,1,1,NA,2019/09/05,2019/09/06,0,"9,6",30
Geography and Arts.,3569110,NA,Valencia,1,1,€ 60,2019/09/05,2019/09/06,0,"6,6",30
Premium Apartments,486507,Apartamentos,Valencia,1,1,€ 114,2019/09/05,2019/09/06,0,"6,9",30
Apartamento para 10 personas,5029963,Apartamento,Valencia,1,1,€ 200,2019/09/05,2019/09/06,0,"6,9",30
Malvarrosa Beach,3546692,Casas y chalets,Valencia,1,1,€ 768,2019/09/05,2019/09/06,0,"6,8",30
Guest House Higinio Noja,2845935,NA,Valencia,1,1,€ 30,2019/09/05,2019/09/06,0,6,30
Fun and Sun Center 2,2944416,NA,Valencia,1,1,€ 45,2019/09/05,2019/09/06,0,"6,2",30
Duplex+Swimming pool+private entrance=Housen of LOVE,2999152,Apartamento,Valencia,1,1,NA,2019/09/05,2019/09/06,0,"9,5",30
Casita Esmeralda,2040126,Casa o chalet,Valencia,1,1,€ 139,2019/09/05,2019/09/06,0,"6,4",30
Kirei Apartment San Agustin,1712323,Apartamentos,Valencia,1,1,€ 184,2019/09/05,2019/09/06,0,"6,4",30
Kirei Apartment Portland,4276529,Apartamentos,Valencia,1,1,€ 280,2019/09/05,2019/09/06,0,6,30
RoomTuristValencia - Ruzafa,4608394,NA,Valencia,1,1,€ 30,2019/09/05,2019/09/06,0,"5,8",30
Carrer del Bisbe Jaume Pérez,4900140,NA,Valencia,1,1,€ 60,2019/09/05,2019/09/06,0,"5,8",30
Home Sweet Home,1223953,NA,Valencia,1,1,€ 60,2019/09/05,2019/09/06,0,"5,5",30
Casa La Buhardilla,2985364,Apartamento,Valencia,1,1,NA,2019/09/05,2019/09/06,0,"9,6",30
Oliver,4865093,NA,Valencia,1,1,€ 73,2019/09/05,2019/09/06,0,"5,7",30
Kirei Apartment Berlin,4504570,Apartamentos,Valencia,1,1,€ 137,2019/09/05,2019/09/06,0,"5,5",30
RoomTuristValencia Estacion del Norte,4682632,NA,Valencia,1,1,€ 35,2019/09/05,2019/09/06,0,"5,4",30
RoomTuristValencia RuzafaSumsi,4682802,NA,Valencia,1,1,€ 40,2019/09/05,2019/09/06,0,5,30
RoomTuristValencia Torres de Quart,4565643,NA,Valencia,1,1,€ 30,2019/09/05,2019/09/06,0,"4,9",30
Habitación en Apartamento soleado Plaza Escultor Frechina,4865043,NA,Valencia,1,1,€ 55,2019/09/05,2019/09/06,0,"4,9",30
Centro en Valencia,2885222,Apartamento,Valencia,1,1,NA,2019/09/05,2019/09/06,0,"9,5",30
Malvarosa,3820590,Apartamento,Valencia,1,1,€ 290,2019/09/05,2019/09/06,0,"3,9",30
Habitación en valencia centro,5418023,NA,Valencia,1,1,€ 35,2019/09/05,2019/09/06,0,,30
Habitación muy cerca de la playa.,5396391,NA,Valencia,1,1,€ 40,2019/09/05,2019/09/06,0,,30
Habitación muy cerca de la playa.,5395908,NA,Valencia,1,1,€ 40,2019/09/05,2019/09/06,0,,30
Amplia habitación en piso compartido,5433175,NA,Valencia,1,1,€ 50,2019/09/05,2019/09/06,0,,30
Rooms El Picolino,5326859,NA,Valencia,1,1,€ 52,2019/09/05,2019/09/06,0,,30
Tres Forques,2854630,Apartamento,Valencia,1,1,NA,2019/09/05,2019/09/06,0,"9,5",30
Hogar Dulce Hogar,5426607,NA,Valencia,1,1,€ 60,2019/09/05,2019/09/06,0,,30
vosotros sereis parte de mi familia.,5299568,NA,Valencia,1,1,€ 60,2019/09/05,2019/09/06,0,,30
Calle de Frederica Montseny 'Política' Casa o chalet,5152866,Casa o chalet,Valencia,1,1,€ 70,2019/09/05,2019/09/06,0,,30
Casita bonita con piscina y jardin,5294677,NA,Valencia,1,1,€ 75,2019/09/05,2019/09/06,0,,30
Avanti,5466555,Apartamento,Valencia,1,1,€ 83,2019/09/05,2019/09/06,0,,30
Nest Style Valencia -Proxima apertura-,5219046,NA,Valencia,1,1,€ 87,2019/09/05,2019/09/06,3,,30
Apartment Sofi,2830696,Apartamento,Valencia,1,1,NA,2019/09/05,2019/09/06,0,"9,8",30
Magnífico Adosado- cerca de Valencia ciudad- en zona de montaña y playa fluvial,5354233,Casa o chalet,Valencia,1,1,€ 89,2019/09/05,2019/09/06,0,,30
Casa de la Reina,5394089,NA,Valencia,1,1,€ 100,2019/09/05,2019/09/06,0,,30
Casual Socarrat Valencia,5142800,NA,Valencia,1,1,€ 111,2019/09/05,2019/09/06,3,,30
Miresa flats,5300418,Apartamento,Valencia,1,1,€ 125,2019/09/05,2019/09/06,0,,30
Kirei Apartment Dublin,4639542,Apartamento,Valencia,1,1,€ 137,2019/09/05,2019/09/06,0,,30
APARTAMENTO MALVARROSA UNIVERSIDADES,5177104,Apartamento,Valencia,1,1,€ 149,2019/09/05,2019/09/06,0,,30
Old Town Flats Casa Burguerini,4552106,Apartamentos,Valencia,1,1,€ 149,2019/09/05,2019/09/06,0,,30
DREAM APARTMENT NEAR THE BEACH,5162600,Apartamento,Valencia,1,1,€ 170,2019/09/05,2019/09/06,0,,30
Valencia Puerto Beach 3BD Apartment,5249773,Apartamento,Valencia,1,1,€ 173,2019/09/05,2019/09/06,0,,30
17 PLAZA AYUNTAMIENTO-CENTRO 6p.,4093819,Apartamento,Valencia,1,1,€ 201,2019/09/05,2019/09/06,0,,30
07 PLAZA DEL AYUNTAMIENTO - CENTRO 6personas,4093811,Apartamento,Valencia,1,1,€ 201,2019/09/05,2019/09/06,0,,30
Hogar Dulce Hogar,5441488,NA,Valencia,1,1,€ 216,2019/09/05,2019/09/06,0,,30
Espaciosa y cómoda vivienda,5342327,Apartamento,Valencia,1,1,€ 238,2019/09/05,2019/09/06,0,,30
Apartamento con terraza,5238122,Apartahotel,Valencia,1,1,€ 240,2019/09/05,2019/09/06,0,,30
Hogar Dulce Hogar,5459514,NA,Valencia,1,1,€ 285,2019/09/05,2019/09/06,0,,30
beach front house/ frente al mar,5424585,Casa o chalet,Valencia,1,1,€ 298,2019/09/05,2019/09/06,0,,30
MD PASEO RUZAFA CENTER,5374850,Apartamento,Valencia,1,1,€ 502,2019/09/05,2019/09/06,0,,30
Governor Residence,3799760,Apartahotel,Valencia,1,1,€ 600,2019/09/05,2019/09/06,0,,30
United Colors of Apartments Boutique Style,5372347,NA,Valencia,1,1,€ 89,2019/09/05,2019/09/06,0,10,30
Opera House Valencia B&B,3533887,NA,Valencia,1,1,€ 96,2019/09/05,2019/09/06,0,"9,5",30
Luxury Center Plaza Redonda,5138960,NA,Valencia,1,1,NA,2019/09/05,2019/09/06,0,10,30
Apartamento en la Ciudad de las Artes y las Ciencias,3552283,NA,Valencia,1,1,€ 115,2019/09/05,2019/09/06,0,"9,5",30
Apartamento centro frente a Torres de Serrano,3408067,NA,Valencia,1,1,€ 130,2019/09/05,2019/09/06,0,"9,5",30
Bubuflats Bubu 3,1014334,NA,Valencia,1,1,€ 135,2019/09/05,2019/09/06,0,"9,6",30
RUZAFA- CENTRO-A/C- WI-FI- PARKING,2885994,NA,Valencia,1,1,€ 140,2019/09/05,2019/09/06,0,"9,7",30
La seda stay,3335523,NA,Valencia,1,1,€ 170,2019/09/05,2019/09/06,0,"9,7",30
Valencia Sol Sun,2482393,NA,Valencia,1,1,€ 171,2019/09/05,2019/09/06,0,"9,5",30
Disfruta - Enjoy Valencia Ayuntamiento,4901194,NA,Valencia,1,1,NA,2019/09/05,2019/09/06,0,10,30
Ramirez Flats & Bar,4124528,NA,Valencia,1,1,€ 176,2019/09/05,2019/09/06,0,"9,5",30
Disfruta - Enjoy Valencia Centre,3881970,NA,Valencia,1,1,€ 185,2019/09/05,2019/09/06,0,"9,8",30
Disfruta - Enjoy Valencia Ruzafa,3890328,NA,Valencia,1,1,€ 185,2019/09/05,2019/09/06,0,"9,7",30
Apartments Downtown Valencia,2250421,NA,Valencia,1,1,€ 200,2019/09/05,2019/09/06,0,"9,6",30
Cantagua Hostel,4074640,NA,Valencia,1,1,€ 44,2019/09/05,2019/09/06,0,"9,1",30
Art&Flats Bed&Breakfast,5238345,NA,Valencia,1,1,€ 55,2019/09/05,2019/09/06,0,"9,1",30
VALENCIA APARTAMENTO GOYA,4256653,NA,Valencia,1,1,NA,2019/09/05,2019/09/06,0,10,30
Habitación privada a 1500 metros de la playa,3789910,NA,Valencia,1,1,€ 60,2019/09/05,2019/09/06,0,"9,4",30
Blanq Comedias,4922002,NA,Valencia,1,1,€ 77,2019/09/05,2019/09/06,0,"9,2",30
Moon Valencia,3560698,NA,Valencia,1,1,€ 79,2019/09/05,2019/09/06,0,9,30
YOU & CO. Saler Beach Boutique,4533007,NA,Valencia,1,1,€ 79,2019/09/05,2019/09/06,3,"9,4",30
Eco-Friendly Apartments,1979834,NA,Valencia,1,1,€ 89,2019/09/05,2019/09/06,0,"9,2",30
Habitación doble,3599930,NA,Valencia,1,1,€ 90,2019/09/05,2019/09/06,0,9,30
Hostal Antigua Morellana,1273937,NA,Valencia,1,1,NA,2019/09/05,2019/09/06,1,"9,5",30
Apartamento bianca,3205847,NA,Valencia,1,1,€ 91,2019/09/05,2019/09/06,0,"9,2",30
Apartments Madrina,3278589,NA,Valencia,1,1,€ 95,2019/09/05,2019/09/06,0,9,30
City Garden Bed and Breakfast,2204361,NA,Valencia,1,1,€ 97,2019/09/05,2019/09/06,0,"9,4",30
APARTAMENTO CENTRO- RUZAFA. WI-FI. PARKING,3144104,NA,Valencia,1,1,€ 100,2019/09/05,2019/09/06,0,"9,3",30
Apartamentos Naranja y Limòn,2250906,NA,Valencia,1,1,€ 100,2019/09/05,2019/09/06,0,"9,3",30
Live in Chianti,2227491,NA,Valencia,1,1,€ 104,2019/09/05,2019/09/06,0,"9,1",30
Canovas rooms,5296619,NA,Valencia,1,1,NA,2019/09/05,2019/09/06,0,"9,7",30
Hotel Dimar,90886,NA,Valencia,1,1,€ 140,2019/09/05,2019/09/06,4,"8,7",30
Lotelito,570027,NA,Valencia,1,1,€ 143,2019/09/05,2019/09/06,0,"8,9",30
Olvida tu Reloj Montichelvo Apartment,3258095,NA,Valencia,1,1,€ 106,2019/09/05,2019/09/06,0,"9,4",30
Olvida tu Reloj Congresos Apartment,2448036,NA,Valencia,1,1,€ 106,2019/09/05,2019/09/06,0,"9,2",30
apartamento las torres-botanico,4694090,NA,Valencia,1,1,€ 111,2019/09/05,2019/09/06,0,9,30
COZY APARTMENT VALENCIA CITY CENTER!,4886758,NA,Valencia,1,1,€ 118,2019/09/05,2019/09/06,0,"9,1",30
la casita,4333253,NA,Valencia,1,1,NA,2019/09/05,2019/09/06,0,"9,7",30
ValentiaApartments - MercadoCentral,4185241,NA,Valencia,1,1,€ 147,2019/09/05,2019/09/06,0,"8,7",30
Valenciaflats Mercado Central,307677,NA,Valencia,1,1,€ 147,2019/09/05,2019/09/06,0,"8,9",30
Penthouse at City Center,2592975,NA,Valencia,1,1,€ 148,2019/09/05,2019/09/06,0,"8,5",30
Hotel Mediterraneo Valencia,92412,NA,Valencia,1,1,€ 152,2019/09/05,2019/09/06,3,"8,8",30
MOM La Punta,3105661,NA,Valencia,1,1,€ 119,2019/09/05,2019/09/06,0,"9,4",30
Apartment close to park Marchalenes,4418670,NA,Valencia,1,1,€ 120,2019/09/05,2019/09/06,0,"9,1",30
PORT VALENCIA PLAYA,5259971,NA,Valencia,1,1,NA,2019/09/05,2019/09/06,0,"9,7",30
Hotel Kramer,91106,NA,Valencia,1,1,€ 153,2019/09/05,2019/09/06,3,"8,8",30
Barceló Valencia,91988,NA,Valencia,1,1,€ 153,2019/09/05,2019/09/06,4,"8,7",30
New apartment bioparc,4316710,NA,Valencia,1,1,NA,2019/09/05,2019/09/06,0,"9,5",30
San Andrey,2556080,NA,Valencia,1,1,€ 155,2019/09/05,2019/09/06,0,"8,5",30
Hi Valencia Cánovas,4312120,NA,Valencia,1,1,€ 120,2019/09/05,2019/09/06,0,9,30
Piso céntrico Plaza Toros,2961063,NA,Valencia,1,1,€ 123,2019/09/05,2019/09/06,0,"9,3",30
Hotel Valencia Alameda,4019381,NA,Valencia,1,1,€ 124,2019/09/05,2019/09/06,4,"9,3",30
Friendly Rentals Montaner Beach,2314997,NA,Valencia,1,1,€ 155,2019/09/05,2019/09/06,0,"8,9",30
Friendly Rentals Strauss,1634236,NA,Valencia,1,1,€ 155,2019/09/05,2019/09/06,0,"8,8",30
OttoH Charm Stay,2459807,NA,Valencia,1,1,€ 129,2019/09/05,2019/09/06,0,"9,3",30
Apartamentos Wallace,1698355,NA,Valencia,1,1,€ 133,2019/09/05,2019/09/06,0,"9,2",30
Valenciaflats Ciudad de las Ciencias,93676,NA,Valencia,1,1,€ 133,2019/09/05,2019/09/06,0,"9,1",30
Valenciaflats Centro Ciudad,18544,NA,Valencia,1,1,€ 133,2019/09/05,2019/09/06,0,"9,1",30
Loft zona Pechina en Valencia centro,2524985,NA,Valencia,1,1,€ 138,2019/09/05,2019/09/06,0,"9,2",30
HQ Rooms Apartments San Vicente,2894429,NA,Valencia,1,1,€ 140,2019/09/05,2019/09/06,0,"9,3",30
Ilunion Aqua 4,92777,NA,Valencia,1,1,€ 158,2019/09/05,2019/09/06,4,"8,5",30
Cathedral Suites Hotel,1736257,NA,Valencia,1,1,€ 159,2019/09/05,2019/09/06,4,"8,9",30
Catalonia Excelsior,90578,NA,Valencia,1,1,€ 160,2019/09/05,2019/09/06,3,"8,7",30
Casa Chenano,4262208,NA,Valencia,1,1,NA,2019/09/05,2019/09/06,0,"9,5",30
BUBUSUITES by Bubuflats,2389776,NA,Valencia,1,1,€ 140,2019/09/05,2019/09/06,0,"9,3",30
MD Design Hotel - Portal del Real,2391685,NA,Valencia,1,1,€ 145,2019/09/05,2019/09/06,2,"9,1",30
B BEACH VALENCIA,5125954,NA,Valencia,1,1,€ 150,2019/09/05,2019/09/06,0,"9,4",30
OCEANOGRAFIC DELUXE- PARKING- WI-FI,4095746,NA,Valencia,1,1,€ 150,2019/09/05,2019/09/06,0,"9,1",30
Sweet Caroline Apartment,1811784,NA,Valencia,1,1,€ 150,2019/09/05,2019/09/06,0,"9,2",30
Hi Valencia Apartments - Jorge Juan,2373701,NA,Valencia,1,1,€ 150,2019/09/05,2019/09/06,0,"9,4",30
Blanq Carmen Hotel,97069,NA,Valencia,1,1,€ 162,2019/09/05,2019/09/06,3,"8,7",30
SKY TOURISTIC ATTIC,281640,NA,Valencia,1,1,€ 162,2019/09/05,2019/09/06,0,"8,5",30
AC Hotel Valencia- a Marriott Lifestyle Hotel,91063,NA,Valencia,1,1,€ 168,2019/09/05,2019/09/06,4,"8,6",30
Enjoy Flat Valencia,3991548,NA,Valencia,1,1,€ 170,2019/09/05,2019/09/06,0,"8,6",30
Soho Valencia,1538641,NA,Valencia,1,1,€ 174,2019/09/05,2019/09/06,0,"8,9",30
València Centre Torres de Quart,886289,NA,Valencia,1,1,€ 183,2019/09/05,2019/09/06,0,"8,9",30
Constitución,4229663,NA,Valencia,1,1,NA,2019/09/05,2019/09/06,0,"9,6",30
Petit Palace Ruzafa,90792,NA,Valencia,1,1,€ 189,2019/09/05,2019/09/06,3,"8,7",30
Mon Suites Catedral,485679,NA,Valencia,1,1,€ 156,2019/09/05,2019/09/06,0,"9,2",30
Sorolla Centro,90896,NA,Valencia,1,1,€ 160,2019/09/05,2019/09/06,3,"9,1",30
Mon Suites San Nicolas,4117225,NA,Valencia,1,1,€ 166,2019/09/05,2019/09/06,0,"9,1",30
Citizentral Gascons,332095,NA,Valencia,1,1,€ 191,2019/09/05,2019/09/06,0,"8,7",30
Zerka Centro,4425975,NA,Valencia,1,1,€ 199,2019/09/05,2019/09/06,0,"8,5",30
Melia Valencia,290493,NA,Valencia,1,1,€ 200,2019/09/05,2019/09/06,4,"8,8",30
Hotel Valencia Oceanic Managed by Melia Hotels International,91522,NA,Valencia,1,1,€ 210,2019/09/05,2019/09/06,4,"8,6",30
SH Valencia Palace,91497,NA,Valencia,1,1,€ 212,2019/09/05,2019/09/06,5,"8,5",30
Cómoda habitación Valencia,4200488,NA,Valencia,1,1,NA,2019/09/05,2019/09/06,0,"9,5",30
Hotel Neptuno,91206,NA,Valencia,1,1,€ 216,2019/09/05,2019/09/06,4,"8,5",30
SingularStays Parque Central,3054000,NA,Valencia,1,1,€ 218,2019/09/05,2019/09/06,0,"8,8",30
Melia Plaza Valencia,13270,NA,Valencia,1,1,€ 220,2019/09/05,2019/09/06,4,"8,9",30
Ca Carmela,2466364,NA,Valencia,1,1,€ 225,2019/09/05,2019/09/06,0,"8,9",30
Petit Palace Plaza de la Reina,90443,NA,Valencia,1,1,€ 225,2019/09/05,2019/09/06,3,"8,7",30
Vincci Palace,94163,NA,Valencia,1,1,€ 252,2019/09/05,2019/09/06,4,"8,6",30
Disfruta - Enjoy Valencia Oceanografic,4121345,NA,Valencia,1,1,NA,2019/09/05,2019/09/06,0,"9,6",30
One Shot Palacio Reina Victoria 04,90885,NA,Valencia,1,1,€ 260,2019/09/05,2019/09/06,4,"8,6",30
Hotel San Lorenzo Boutique,1307718,NA,Valencia,1,1,€ 270,2019/09/05,2019/09/06,3,"8,6",30
Mar & City Apartment,3456759,NA,Valencia,1,1,€ 281,2019/09/05,2019/09/06,0,"8,9",30
Vincci Lys,91183,NA,Valencia,1,1,€ 288,2019/09/05,2019/09/06,4,"8,9",30
Hospes Palau de La Mar,93823,NA,Valencia,1,1,€ 302,2019/09/05,2019/09/06,5,"8,8",30
The Westin Valencia,93321,NA,Valencia,1,1,€ 347,2019/09/05,2019/09/06,5,"8,7",30
Purple Nest Hostel,25278,NA,Valencia,1,1,€ 44,2019/09/05,2019/09/06,0,8,30
Habitacion en Valencia Barata,4861796,NA,Valencia,1,1,€ 45,2019/09/05,2019/09/06,0,"8,3",30
Hostal Abastos,257057,NA,Valencia,1,1,€ 50,2019/09/05,2019/09/06,2,"8,2",30
Red Nest Hostel,92283,NA,Valencia,1,1,€ 52,2019/09/05,2019/09/06,0,"8,2",30
B&B Hi Valencia Canovas,305349,NA,Valencia,1,1,€ 56,2019/09/05,2019/09/06,0,"8,4",30
Urban Youth Hostel,1163025,NA,Valencia,1,1,€ 59,2019/09/05,2019/09/06,0,"8,4",30
APARTAMENTO LAS MELLIZAS,4651578,NA,Valencia,1,1,€ 60,2019/09/05,2019/09/06,0,"8,4",30
Pension MonaLisa Luxury Suites,3834224,NA,Valencia,1,1,€ 60,2019/09/05,2019/09/06,0,"8,2",30
Alquiler Habitacion Centro De Valencia,3977106,NA,Valencia,1,1,€ 64,2019/09/05,2019/09/06,0,8,30
Hotel Olympia Universidades,1301731,NA,Valencia,1,1,€ 70,2019/09/05,2019/09/06,3,"8,4",30
Balcón Al Mar,295109,NA,Valencia,1,1,€ 76,2019/09/05,2019/09/06,0,"8,4",30
Plaza Redonda Apartments,1665625,NA,Valencia,1,1,€ 79,2019/09/05,2019/09/06,0,8,30
Voyagers Inn Homestay,2682156,NA,Valencia,1,1,€ 55,2019/09/05,2019/09/06,0,"7,8",30
OYO Pensión El Rincón,476031,NA,Valencia,1,1,€ 65,2019/09/05,2019/09/06,1,"7,8",30
Nowy apartament 3min od plaż- 3 sypialnie- balkon,3418661,Apartamentos,Valencia,1,1,NA,2019/09/05,2019/09/06,0,"9,5",30
Jero Rooms,296743,NA,Valencia,1,1,€ 66,2019/09/05,2019/09/06,0,"7,7",30
Hostal Penalty,189209,NA,Valencia,1,1,€ 66,2019/09/05,2019/09/06,1,"7,9",30
Centro & Viaje,4215175,NA,Valencia,1,1,€ 68,2019/09/05,2019/09/06,0,"7,5",30
Valencia Lounge Hostel,337203,NA,Valencia,1,1,€ 70,2019/09/05,2019/09/06,0,"7,8",30
B&B Hotel Valencia Ciudad de las Ciencias,92242,NA,Valencia,1,1,€ 74,2019/09/05,2019/09/06,3,"7,5",30
City Center Apartments,4426057,Apartamentos,Valencia,1,1,€ 77,2019/09/05,2019/09/06,0,"7,8",30
Valencian Dreams,3268804,Apartamento,Valencia,1,1,NA,2019/09/05,2019/09/06,0,"9,8",30
Casual Civilizaciones Valencia,449777,NA,Valencia,1,1,€ 83,2019/09/05,2019/09/06,0,"7,9",30
Hotel Turia,14441,NA,Valencia,1,1,€ 85,2019/09/05,2019/09/06,4,"7,5",30
Carrer del Músic Peydró- 46 Apartament 5,4216247,Apartamento,Valencia,1,1,€ 89,2019/09/05,2019/09/06,0,"7,9",30
Torres Quart,3702234,Apartamentos,Valencia,1,1,€ 92,2019/09/05,2019/09/06,0,"7,8",30
Suites by Eric Olsan (Peset),4726296,Apartamentos,Valencia,1,1,€ 100,2019/09/05,2019/09/06,0,"7,9",30
SHF Plaza de la Reina,1682520,Apartamentos,Valencia,1,1,€ 104,2019/09/05,2019/09/06,0,"7,7",30
Charming Ninetta,3220582,Apartamento,Valencia,1,1,NA,2019/09/05,2019/09/06,0,"9,5",30
Your home in Valencia,2215828,Apartamento,Valencia,1,1,€ 110,2019/09/05,2019/09/06,0,"7,8",30
Expo Hotel Valencia,91223,NA,Valencia,1,1,€ 112,2019/09/05,2019/09/06,3,"7,6",30
El 16 Ruzafa,865461,Apartamentos,Valencia,1,1,€ 114,2019/09/05,2019/09/06,0,"7,7",30
Apartment Plaza de la Merced,3457190,Apartamento,Valencia,1,1,€ 119,2019/09/05,2019/09/06,0,"7,9",30
Kirei Apartment San Vicente,1774062,Apartamento,Valencia,1,1,€ 121,2019/09/05,2019/09/06,0,"7,5",30
Apartamento Alguer,4005334,Apartamento,Valencia,1,1,€ 125,2019/09/05,2019/09/06,0,"7,6",30
Apartment Cabanyal,3172456,Apartamento,Valencia,1,1,NA,2019/09/05,2019/09/06,0,"9,8",30
El Globo,24498,NA,Valencia,1,1,€ 128,2019/09/05,2019/09/06,1,"7,8",30
My Reception - Edificio Russafa,4732440,Apartamentos,Valencia,1,1,€ 135,2019/09/05,2019/09/06,0,"7,8",30
ART & FLATS Pleno Centro Valencia,1554388,Apartamentos,Valencia,1,1,€ 136,2019/09/05,2019/09/06,0,"7,9",30
Apartamentos Valencia Luxury Center,2011524,Apartamento,Valencia,1,1,€ 145,2019/09/05,2019/09/06,0,"7,9",30
Apartamento cerca de la playa y Ciudad de las Ciencias,4576062,Apartamento,Valencia,1,1,€ 147,2019/09/05,2019/09/06,0,"7,8",30
Friendly rentals Enesco Beach,2526514,Apartamento,Valencia,1,1,€ 170,2019/09/05,2019/09/06,0,"7,9",30
Atico Loft Ruzafa,3152977,Apartamento,Valencia,1,1,NA,2019/09/05,2019/09/06,0,"9,7",30
Ilunion Valencia 3,92818,NA,Valencia,1,1,€ 176,2019/09/05,2019/09/06,3,"7,9",30
Valencia Luxury Attics Ayuntamiento,337092,Apartamentos,Valencia,1,1,€ 220,2019/09/05,2019/09/06,0,"7,5",30
MD Art Apartment Ruzafa,2550955,Apartamento,Valencia,1,1,€ 387,2019/09/05,2019/09/06,0,"7,7",30
MD Pelayo with terrace,1979067,Apartamento,Valencia,1,1,€ 387,2019/09/05,2019/09/06,0,"7,8",30
MD Oliag I Apartment Ruzafa,2867488,Apartamento,Valencia,1,1,€ 513,2019/09/05,2019/09/06,0,"7,7",30
feliz como en casa,3676196,NA,Valencia,1,1,€ 36,2019/09/05,2019/09/06,0,"7,2",30
Apartamento,3139431,Apartamento,Valencia,1,1,NA,2019/09/05,2019/09/06,0,"9,5",30
Guest House Lebon,3124256,NA,Valencia,1,1,€ 40,2019/09/05,2019/09/06,0,7,30
La Flamenca,818359,NA,Valencia,1,1,€ 40,2019/09/05,2019/09/06,0,"7,3",30
Guest House Samuel Ros,4161855,NA,Valencia,1,1,€ 45,2019/09/05,2019/09/06,0,"7,4",30
Hostal Waksman,281139,NA,Valencia,1,1,€ 45,2019/09/05,2019/09/06,1,"7,3",30
Hostal Residencial RR,450746,NA,Valencia,1,1,€ 50,2019/09/05,2019/09/06,0,7,30
Centro Valencia Calle Cerrajeros,3476261,NA,Valencia,1,1,€ 50,2019/09/05,2019/09/06,0,7,30
Sampedor Apartment,435662,Apartamentos,Valencia,1,1,€ 55,2019/09/05,2019/09/06,0,7,30
Ruzafa Rooms,2891693,NA,Valencia,1,1,€ 56,2019/09/05,2019/09/06,0,7,30
Central Station Valencia Hostel,1647017,NA,Valencia,1,1,€ 69,2019/09/05,2019/09/06,0,"7,1",30
HOSTAL BED OF THE SEA,3974636,NA,Valencia,1,1,€ 72,2019/09/05,2019/09/06,0,7,30
Avenida del Cid (Centrico),4737683,Apartamento,Valencia,1,1,€ 79,2019/09/05,2019/09/06,0,"7,2",30
Valencia Apartments,4367788,Apartamentos,Valencia,1,1,€ 87,2019/09/05,2019/09/06,0,"7,2",30
Malvarrosa Beach Rooms,314048,NA,Valencia,1,1,€ 90,2019/09/05,2019/09/06,2,"7,1",30
Kirei Apartment Na Jordana,1702092,Apartamentos,Valencia,1,1,€ 98,2019/09/05,2019/09/06,0,7,30
Apartamento Angel Alcazar 35,2174625,Apartamento,Valencia,1,1,€ 100,2019/09/05,2019/09/06,0,"7,4",30
Suites by Eric Olsan (L),4287413,Apartamentos,Valencia,1,1,€ 100,2019/09/05,2019/09/06,0,"7,3",30
SHF Sevilla Loft,850157,Apartamentos,Valencia,1,1,€ 104,2019/09/05,2019/09/06,0,"7,4",30
NWT Monserrat,3728842,Apartamentos,Valencia,1,1,€ 112,2019/09/05,2019/09/06,0,"7,1",30
Primus Valencia,331871,NA,Valencia,1,1,€ 87,2019/09/05,2019/09/06,4,"8,3",30
United Colors of Apartments - Catedral,1301545,Apartamentos,Valencia,1,1,€ 89,2019/09/05,2019/09/06,0,"8,2",30
Apartamento Ciencias y Justicia,3825841,Apartamento,Valencia,1,1,NA,2019/09/05,2019/09/06,0,"9,5",30
Down Town,1656378,Apartamentos,Valencia,1,1,€ 90,2019/09/05,2019/09/06,0,"8,3",30
City Suites Apartments,3091106,NA,Valencia,1,1,€ 93,2019/09/05,2019/09/06,0,"8,4",30
Happy Apartments Valencia,456043,Apartamentos,Valencia,1,1,€ 94,2019/09/05,2019/09/06,0,"8,2",30
SHF Flats Baron,1033085,Apartamentos,Valencia,1,1,€ 95,2019/09/05,2019/09/06,0,8,30
MD Modern Hotel - Jardines,305447,NA,Valencia,1,1,€ 104,2019/09/05,2019/09/06,1,"8,2",30
Jardines del Turia - Espacioso apartamento,2734126,Apartamento,Valencia,1,1,€ 170,2019/09/05,2019/09/06,0,"9,2",30
Apartamentos Edificio Palomar,189277,Apartamentos,Valencia,1,1,€ 179,2019/09/05,2019/09/06,0,"9,2",30
Canovas rooms,5296619,NA,Valencia,1,1,NA,2019/09/05,2019/09/06,0,"9,7",30
Homelirose Apartaments,3140406,Apartamento,Valencia,1,1,€ 180,2019/09/05,2019/09/06,0,"9,3",30
Apartamentos La más Bonita,2816245,Apartamentos,Valencia,1,1,€ 180,2019/09/05,2019/09/06,0,"9,1",30
SingularStays Seu Catedral,493883,Apartamentos,Valencia,1,1,€ 108,2019/09/05,2019/09/06,0,"8,1",30
Luxury Beach House,3602594,Casa o chalet,Valencia,1,1,NA,2019/09/05,2019/09/06,0,"9,7",30
Apartment Florista,2150187,Apartamento,Valencia,1,1,€ 115,2019/09/05,2019/09/06,0,"8,1",30
Plaza Del Carmen,1737254,Apartamento,Valencia,1,1,€ 115,2019/09/05,2019/09/06,0,8,30
Apartamento Plaza Sainetero,2743838,Apartamento,Valencia,1,1,€ 116,2019/09/05,2019/09/06,0,"8,2",30
Duplex en Blasco Ibáñez,3672426,Apartamento,Valencia,1,1,€ 180,2019/09/05,2019/09/06,0,"9,1",30
Mon Suites San Martin,2777545,Apartamentos,Valencia,1,1,€ 187,2019/09/05,2019/09/06,0,"9,4",30
Friendly Rentals Gala,1634252,Apartamento,Valencia,1,1,€ 190,2019/09/05,2019/09/06,0,9,30
Marina Real- Playa Apartment,2831340,Apartamento,Valencia,1,1,€ 197,2019/09/05,2019/09/06,0,"9,3",30
Barracart Apartments,2125836,Apartamentos,Valencia,1,1,NA,2019/09/05,2019/09/06,0,"9,6",30
Atico Ciutat Vella,3446230,Apartamentos,Valencia,1,1,€ 119,2019/09/05,2019/09/06,0,"8,4",30
Hotel Sercotel Acteón Valencia,90495,NA,Valencia,1,1,€ 120,2019/09/05,2019/09/06,4,"8,4",30
Hotel Boutique Balandret,1281710,NA,Valencia,1,1,€ 200,2019/09/05,2019/09/06,3,"9,2",30
Center City Flats,861452,Apartamentos,Valencia,1,1,€ 214,2019/09/05,2019/09/06,0,"9,1",30
Caro Hotel,348132,NA,Valencia,1,1,€ 229,2019/09/05,2019/09/06,5,"9,2",30
MYR Hotel Plaza Mercado & Spa,1619029,Apartahotel,Valencia,1,1,€ 249,2019/09/05,2019/09/06,0,"9,2",30
STYLISH APARTMENT - CITY CENTER,2861517,Apartamento,Valencia,1,1,€ 120,2019/09/05,2019/09/06,0,8,30
Apartamento luminoso y acogedor,3489126,Apartamento,Valencia,1,1,NA,2019/09/05,2019/09/06,0,"9,6",30
NH Valencia Las Ciencias,90725,NA,Valencia,1,1,€ 121,2019/09/05,2019/09/06,3,8,30
NH Ciudad de Valencia,90729,NA,Valencia,1,1,€ 122,2019/09/05,2019/09/06,3,"8,2",30
One Shot Mercat 09,2274203,NA,Valencia,1,1,€ 251,2019/09/05,2019/09/06,4,"9,1",30
Citizentral Juristas,1113127,Apartamentos,Valencia,1,1,€ 261,2019/09/05,2019/09/06,0,"9,2",30
Apartamento centro,3160737,Apartamento,Valencia,1,1,NA,2019/09/05,2019/09/06,0,"9,7",30
Vincci Mercat,1279484,NA,Valencia,1,1,€ 270,2019/09/05,2019/09/06,4,9,30
Zerka Sendra,4657122,Apartamento,Valencia,1,1,€ 301,2019/09/05,2019/09/06,0,9,30
Apartamento Gran Vía Marqués del Turia,2358973,Apartamento,Valencia,1,1,€ 127,2019/09/05,2019/09/06,0,"8,4",30
Ilunion Aqua 3,92776,NA,Valencia,1,1,€ 141,2019/09/05,2019/09/06,3,"8,3",30
NH Valencia Las Artes,90731,NA,Valencia,1,1,€ 148,2019/09/05,2019/09/06,4,"8,4",30
Las Arenas Balneario Resort,91144,NA,Valencia,1,1,€ 311,2019/09/05,2019/09/06,5,9,30
MARQUÉS HOUSE 4* SUP,2118880,NA,Valencia,1,1,€ 379,2019/09/05,2019/09/06,4,"9,4",30
The River Hostel,494202,NA,Valencia,1,1,€ 13,2019/09/05,2019/09/06,0,"8,5",30
Senator Parque Central Hotel,274963,NA,Valencia,1,1,€ 152,2019/09/05,2019/09/06,4,"8,1",30
Moderno Apartamento en la playa del Cabanyal,3432824,Apartamento,Valencia,1,1,NA,2019/09/05,2019/09/06,0,"9,6",30
Friendly Rentals Gimenez,1634242,Apartamento,Valencia,1,1,€ 155,2019/09/05,2019/09/06,0,"8,2",30
Eurostars Gran Valencia,90484,NA,Valencia,1,1,€ 157,2019/09/05,2019/09/06,4,"8,3",30
Sweet Hotel Renasa,274818,NA,Valencia,1,1,€ 159,2019/09/05,2019/09/06,3,8,30
Pensión Alicante,298710,NA,Valencia,1,1,€ 42,2019/09/05,2019/09/06,0,"8,5",30
Ayuntamiento Panoramic,3089239,Apartamento,Valencia,1,1,NA,2019/09/05,2019/09/06,0,"9,5",30
Quart Youth Hostel,476418,NA,Valencia,1,1,€ 44,2019/09/05,2019/09/06,0,"8,7",30
Russafa Youth Hostel,345134,NA,Valencia,1,1,€ 52,2019/09/05,2019/09/06,0,"8,6",30
Hotel Medium Valencia,96838,NA,Valencia,1,1,€ 162,2019/09/05,2019/09/06,4,"8,2",30
SH Ingles Boutique Hotel,92956,NA,Valencia,1,1,€ 162,2019/09/05,2019/09/06,4,"8,4",30
NWT Central Station Apartments,3964093,Apartamento,Valencia,1,1,€ 164,2019/09/05,2019/09/06,0,"8,4",30
Sabía que venias!,3543756,NA,Valencia,1,1,€ 60,2019/09/05,2019/09/06,0,"8,6",30
Homestay Carrer Sagun,5006434,NA,Valencia,1,1,€ 60,2019/09/05,2019/09/06,0,"8,7",30
Namaste Rooms,3799642,NA,Valencia,1,1,€ 60,2019/09/05,2019/09/06,0,"8,6",30
Cool Central Market,3424724,Apartamento,Valencia,1,1,NA,2019/09/05,2019/09/06,0,"9,9",30
Hotel Valencia Center,91285,NA,Valencia,1,1,€ 170,2019/09/05,2019/09/06,4,"8,4",30
Holiday Inn Express Ciudad de las Ciencias,96737,NA,Valencia,1,1,€ 180,2019/09/05,2019/09/06,3,8,30
Ilunion Valencia 4,754329,NA,Valencia,1,1,€ 198,2019/09/05,2019/09/06,4,8,30
Home Youth Hostel by Feetup Hostels,189322,NA,Valencia,1,1,€ 67,2019/09/05,2019/09/06,0,"8,8",30
Atico Loft Ruzafa,3152977,Apartamento,Valencia,1,1,NA,2019/09/05,2019/09/06,0,"9,7",30
Big spacious penthouse next to the sea,3289648,Apartamento,Valencia,1,1,€ 70,2019/09/05,2019/09/06,0,"8,8",30
Valencia maritimo,3020748,Apartamento,Valencia,1,1,€ 70,2019/09/05,2019/09/06,0,"8,9",30
Hulot B&B Valencia,585429,NA,Valencia,1,1,€ 70,2019/09/05,2019/09/06,0,"8,5",30
Vlc Apartaments el Carmen,389902,Apartamentos,Valencia,1,1,€ 214,2019/09/05,2019/09/06,0,"8,1",30
Hotel Conqueridor,91047,NA,Valencia,1,1,€ 234,2019/09/05,2019/09/06,4,"8,4",30
Musico Peydro Apartments,3765069,Apartamentos,Valencia,1,1,€ 236,2019/09/05,2019/09/06,0,"8,2",30
Piso en barrio del Carmen cerca de Plaza Virgen,3421713,Apartamento,Valencia,1,1,NA,2019/09/05,2019/09/06,0,"9,8",30
MD Benlliure Beach.,1957258,Apartamento,Valencia,1,1,€ 392,2019/09/05,2019/09/06,0,"8,1",30
Casa del Patriarca,364834,NA,Valencia,1,1,€ 86,2019/09/05,2019/09/06,0,"8,9",30
IVAM ESQUIFE,4908298,Apartamento,Valencia,1,1,€ 90,2019/09/05,2019/09/06,0,"8,8",30
Casa de Maria,2467712,Apartamento,Valencia,1,1,€ 90,2019/09/05,2019/09/06,0,"8,6",30
BONNIES Suites & Spa Valencia,3631910,Apartamentos,Valencia,1,1,NA,2019/09/05,2019/09/06,0,"9,8",30
MD Vila Barbera Apartment Center,1957253,Apartamento,Valencia,1,1,€ 528,2019/09/05,2019/09/06,0,"8,4",30
Eurostars Rey Don Jaime,91520,NA,Valencia,1,1,€ 530,2019/09/05,2019/09/06,4,"8,2",30
Center Valencia Youth Hostel,246931,NA,Valencia,1,1,€ 23,2019/09/05,2019/09/06,0,"7,9",30
UP Hostel Valencia,1710137,NA,Valencia,1,1,€ 28,2019/09/05,2019/09/06,0,"7,8",30
Hotel El Siglo,1741479,NA,Valencia,1,1,€ 93,2019/09/05,2019/09/06,3,"8,5",30
Suites by Eric Olsan (Florista),4726450,Apartamentos,Valencia,1,1,€ 99,2019/09/05,2019/09/06,0,"8,6",30
Burjassot Mestalla,3058627,Apartamento,Valencia,1,1,€ 100,2019/09/05,2019/09/06,0,"8,6",30
Apart and Benef,2291245,NA,Valencia,1,1,€ 34,2019/09/05,2019/09/06,0,"7,7",30
Habitación Céntrica en Casa de Familia,4289877,NA,Valencia,1,1,€ 35,2019/09/05,2019/09/06,0,"7,9",30
Adrian's House,2271869,NA,Valencia,1,1,€ 38,2019/09/05,2019/09/06,0,"7,7",30
Pio XII Apartments Valencia,402080,Apartamentos,Valencia,1,1,€ 102,2019/09/05,2019/09/06,0,"8,5",30
València Centre Túria,2185255,Apartamento,Valencia,1,1,€ 104,2019/09/05,2019/09/06,0,"8,8",30
Ad Hoc Monumental,90719,NA,Valencia,1,1,€ 104,2019/09/05,2019/09/06,3,"8,6",30
Rooms Ciencias,94126,NA,Valencia,1,1,€ 108,2019/09/05,2019/09/06,0,"8,9",30
Habitación San Cayetano,4624401,NA,Valencia,1,1,€ 40,2019/09/05,2019/09/06,0,"7,8",30
Hostal Moratin,326015,NA,Valencia,1,1,€ 42,2019/09/05,2019/09/06,1,"7,9",30
Pensión Universal,304276,NA,Valencia,1,1,€ 42,2019/09/05,2019/09/06,0,"7,9",30
Valencian Apartment,2298621,Apartamento,Valencia,1,1,€ 108,2019/09/05,2019/09/06,0,"8,8",30
Living Valencia - Patacona Beach 56,3718985,Apartamentos,Valencia,1,1,€ 113,2019/09/05,2019/09/06,0,"8,8",30
ABCyou Bed&Breakfast,189207,NA,Valencia,1,1,€ 114,2019/09/05,2019/09/06,0,"8,5",30
Les flors,3985046,Apartamento,Valencia,1,1,€ 116,2019/09/05,2019/09/06,0,"8,8",30
Hostal El Cid,309465,NA,Valencia,1,1,€ 46,2019/09/05,2019/09/06,2,"7,5",30
Valencia Russafa,4454999,NA,Valencia,1,1,€ 50,2019/09/05,2019/09/06,0,"7,8",30
Habitacion PLaza Ayuntamiento,4365340,NA,Valencia,1,1,€ 50,2019/09/05,2019/09/06,0,"7,5",30
Habitación cerca del centro,2789581,NA,Valencia,1,1,€ 52,2019/09/05,2019/09/06,0,"7,7",30
Perla Apartments,3146781,Apartamentos,Valencia,1,1,€ 117,2019/09/05,2019/09/06,0,"8,8",30
Apartamentos Valencia - Brazil 31 Free WiFi,4948554,Apartamento,Valencia,1,1,€ 125,2019/09/05,2019/09/06,0,"8,8",30
Hotel Malcom and Barret,483261,NA,Valencia,1,1,€ 128,2019/09/05,2019/09/06,3,"8,7",30
Zaidia Sunny Apartment,4727219,Apartamento,Valencia,1,1,€ 130,2019/09/05,2019/09/06,0,"8,6",30
BUBUFLATS Mossén,1141763,Apartamentos,Valencia,1,1,€ 130,2019/09/05,2019/09/06,0,"8,9",30
Hospederia del Pilar,327766,NA,Valencia,1,1,€ 54,2019/09/05,2019/09/06,0,"7,9",30
Como en casa,4802186,NA,Valencia,1,1,€ 54,2019/09/05,2019/09/06,0,"7,9",30
Valencia City Host,1177077,NA,Valencia,1,1,€ 54,2019/09/05,2019/09/06,0,"7,8",30
Valenciaflats Centro Histórico,94781,Apartamentos,Valencia,1,1,€ 133,2019/09/05,2019/09/06,0,"8,7",30
Jardín Botánico Hotel Boutique,93369,NA,Valencia,1,1,€ 134,2019/09/05,2019/09/06,3,"8,9",30
