name,propertyId,propertyType,city,rooms,days,price,checkIn,checkOut,stars,score,advance
NWT Monserrat,3728842,Apartamentos,Valencia,1,1,€ 119,2019/10/26,2019/10/27,0,7,60
HOSTAL BED OF THE SEA,3974636,NA,Valencia,1,1,€ 120,2019/10/26,2019/10/27,0,7,60
RUZAFA- CENTRO-A/C- WI-FI- PARKING,2885994,Apartamento,Valencia,1,1,NA,2019/10/26,2019/10/27,0,"9,7",60
Kirei Apartment San Vicente,1774062,Apartamento,Valencia,1,1,€ 121,2019/10/26,2019/10/27,0,"7,4",60
Miresa flats,5300418,Apartamento,Valencia,1,1,€ 148,2019/10/26,2019/10/27,0,7,60
Select Home Catedral,440778,Apartamentos,Valencia,1,1,€ 170,2019/10/26,2019/10/27,0,"7,1",60
Best Valencia Beach Flat,3246772,Apartamento,Valencia,1,1,€ 192,2019/10/26,2019/10/27,0,"7,1",60
Apartamento para 10 personas,5029963,Apartamento,Valencia,1,1,€ 200,2019/10/26,2019/10/27,0,"7,3",60
MD Puerto Rico Apartment Ruzafa,3737151,Apartamento,Valencia,1,1,€ 329,2019/10/26,2019/10/27,0,"7,4",60
APARTAMENTO DE DISEÑO EN PLAZA MANISES,2823390,Apartamento,Valencia,1,1,NA,2019/10/26,2019/10/27,0,"9,7",60
Loft Central Market - Tapas,3187998,Apartamento,Valencia,1,1,€ 118,2019/10/26,2019/10/27,0,"6,5",60
Fun and Sun Center 2,2944416,NA,Valencia,1,1,€ 63,2019/10/26,2019/10/27,0,"6,1",60
Casita Esmeralda,2040126,Casa o chalet,Valencia,1,1,€ 114,2019/10/26,2019/10/27,0,"6,3",60
Oliver,4865093,NA,Valencia,1,1,€ 56,2019/10/26,2019/10/27,0,"5,6",60
Carrer del Bisbe Jaume Pérez,4900140,NA,Valencia,1,1,€ 60,2019/10/26,2019/10/27,0,"5,8",60
Ruzafa Guesthouse,2269176,NA,Valencia,1,1,€ 95,2019/10/26,2019/10/27,0,"5,6",60
El Corazon de Canovas,2634817,Apartamento,Valencia,1,1,NA,2019/10/26,2019/10/27,0,"9,7",60
Kirei Apartment Berlin,4504570,Apartamentos,Valencia,1,1,€ 126,2019/10/26,2019/10/27,0,"5,5",60
Kirei Apartment San Agustin,1712323,Apartamentos,Valencia,1,1,€ 161,2019/10/26,2019/10/27,0,"5,9",60
Guesthouse Plaza de Toros,2985902,NA,Valencia,1,1,€ 88,2019/10/26,2019/10/27,0,"4,9",60
Port of Valencia,3805735,Apartamento,Valencia,1,1,€ 150,2019/10/26,2019/10/27,0,"4,7",60
Apartamento Islas Canarias,2304086,Apartamento,Valencia,1,1,€ 157,2019/10/26,2019/10/27,0,"3,9",60
Malvarosa,3820590,Apartamento,Valencia,1,1,€ 190,2019/10/26,2019/10/27,0,"3,9",60
Tres Forques,2854630,Apartamento,Valencia,1,1,NA,2019/10/26,2019/10/27,0,"9,5",60
Constitucion Guesthouse,2985942,NA,Valencia,1,1,€ 68,2019/10/26,2019/10/27,0,"3,4",60
Florista's Rooms en Valencia,5502152,NA,Valencia,1,1,€ 55,2019/10/26,2019/10/27,0,,60
LOFT apartamento duplex en Valencia con parking,5519008,Apartamento,Valencia,1,1,€ 60,2019/10/26,2019/10/27,0,,60
Rooms El Picolino,5326859,NA,Valencia,1,1,€ 60,2019/10/26,2019/10/27,0,,60
vosotros sereis parte de mi familia.,5299568,NA,Valencia,1,1,€ 60,2019/10/26,2019/10/27,0,,60
Calle de Frederica Montseny 'Política' Casa o chalet,5152866,Casa o chalet,Valencia,1,1,€ 64,2019/10/26,2019/10/27,0,,60
Valencia what else...,2550483,Apartamento,Valencia,1,1,NA,2019/10/26,2019/10/27,0,"9,5",60
Magnífico Adosado- cerca de Valencia ciudad- en zona de montaña y playa fluvial,5354233,Casa o chalet,Valencia,1,1,€ 64,2019/10/26,2019/10/27,0,,60
Petxina78 Valencia,5503912,Apartamento,Valencia,1,1,€ 66,2019/10/26,2019/10/27,0,,60
Mi casa es vuestra casa,4967097,NA,Valencia,1,1,€ 70,2019/10/26,2019/10/27,0,,60
Hogar Dulce Hogar,5426607,NA,Valencia,1,1,€ 70,2019/10/26,2019/10/27,0,,60
Habitación en Valencia,5477394,NA,Valencia,1,1,€ 72,2019/10/26,2019/10/27,0,,60
Loft Turia Gran,5133726,Apartamento,Valencia,1,1,€ 80,2019/10/26,2019/10/27,0,,60
Casa Botànic - Céntrico y con comodidades,4218273,Apartamento,Valencia,1,1,NA,2019/10/26,2019/10/27,0,"9,8",60
Apartamento Centrico Y Muy Bien Ubicado,4800241,Apartamento,Valencia,1,1,€ 101,2019/10/26,2019/10/27,0,,60
Original Domino House,5434091,NA,Valencia,1,1,€ 111,2019/10/26,2019/10/27,0,,60
Kirei Apartment Dublin,4639542,Apartamento,Valencia,1,1,€ 137,2019/10/26,2019/10/27,0,,60
CASA MARQUES DE CARO,4472176,Apartamento,Valencia,1,1,€ 139,2019/10/26,2019/10/27,0,,60
Atico Loft Torres de Quart,4152620,Apartamento,Valencia,1,1,€ 140,2019/10/26,2019/10/27,0,,60
Apartamento con terraza,5238122,Apartahotel,Valencia,1,1,€ 240,2019/10/26,2019/10/27,0,,60
"Flat ""Ca Alexandre""",3687859,Apartamento,Valencia,1,1,€ 240,2019/10/26,2019/10/27,0,,60
SORNELLS-RUZAFA,3671921,Apartamentos,Valencia,1,1,€ 250,2019/10/26,2019/10/27,0,,60
CALLE BAJA CIUTAT VELLA,3687463,Apartamento,Valencia,1,1,€ 257,2019/10/26,2019/10/27,0,,60
Apartment Carrer de Don Juan de Austria,5464038,Apartamentos,Valencia,1,1,€ 356,2019/10/26,2019/10/27,0,,60
Governor Residence,3799760,Apartahotel,Valencia,1,1,€ 600,2019/10/26,2019/10/27,0,,60
Apartment Carrer de Cadis,5531328,Apartamentos,Valencia,1,1,€ 648,2019/10/26,2019/10/27,0,,60
Gulet Why Not,5199364,NA,Valencia,1,1,€ 3.000,2019/10/26,2019/10/27,0,,60
València Centre Torres de Quart,886289,Apartamentos,Valencia,1,1,€ 147,2019/10/26,2019/10/27,0,"8,9",60
Hotel Kramer,91106,NA,Valencia,1,1,€ 149,2019/10/26,2019/10/27,3,"8,8",60
Olympia Flats,4212801,NA,Valencia,1,1,NA,2019/10/26,2019/10/27,0,"9,7",60
Zenit Valencia,92327,NA,Valencia,1,1,€ 153,2019/10/26,2019/10/27,4,"8,8",60
Barceló Valencia,91988,NA,Valencia,1,1,€ 153,2019/10/26,2019/10/27,4,"8,7",60
Catalonia Excelsior,90578,NA,Valencia,1,1,€ 160,2019/10/26,2019/10/27,3,"8,7",60
Hotel Malcom and Barret,483261,NA,Valencia,1,1,€ 162,2019/10/26,2019/10/27,3,"8,7",60
Pio XII Apartments Valencia,402080,Apartamentos,Valencia,1,1,€ 162,2019/10/26,2019/10/27,0,"8,5",60
Soho Valencia,1538641,Apartahotel,Valencia,1,1,€ 164,2019/10/26,2019/10/27,0,"8,9",60
ÁTICO PTA 13 EN EL CENTRO DE VALENCIA VT-45727-T,4612077,Apartamento,Valencia,1,1,NA,2019/10/26,2019/10/27,0,"9,5",60
Valenciaflats Mercado Central,307677,Apartamentos,Valencia,1,1,€ 166,2019/10/26,2019/10/27,0,"8,9",60
Blanq Carmen Hotel,97069,NA,Valencia,1,1,€ 166,2019/10/26,2019/10/27,3,"8,7",60
Lotelito,570027,NA,Valencia,1,1,€ 166,2019/10/26,2019/10/27,0,"8,9",60
Jardín Botánico Hotel Boutique,93369,NA,Valencia,1,1,€ 167,2019/10/26,2019/10/27,3,"8,9",60
Hotel Valencia Oceanic Managed by Melia Hotels International,91522,NA,Valencia,1,1,€ 170,2019/10/26,2019/10/27,4,"8,6",60
Enjoy Flat Valencia,3991548,Apartamentos,Valencia,1,1,€ 170,2019/10/26,2019/10/27,0,"8,6",60
City Valencia Beach 360,4504803,Apartamento,Valencia,1,1,NA,2019/10/26,2019/10/27,0,"9,5",60
BUBUFLATS Mossén,1141763,Apartamentos,Valencia,1,1,€ 170,2019/10/26,2019/10/27,0,"8,9",60
BUBUFLATS / Mercat,783206,Apartamentos,Valencia,1,1,€ 170,2019/10/26,2019/10/27,0,"8,9",60
Apartamentos Plaza Picasso,97063,Apartamentos,Valencia,1,1,€ 174,2019/10/26,2019/10/27,0,"8,5",60
AC Hotel Valencia- a Marriott Lifestyle Hotel,91063,NA,Valencia,1,1,€ 178,2019/10/26,2019/10/27,4,"8,6",60
SKY TOURISTIC ATTIC,281640,Apartamentos,Valencia,1,1,€ 180,2019/10/26,2019/10/27,0,"8,5",60
AC Hotel Colon Valencia- a Marriott Lifestyle Hotel,1117150,NA,Valencia,1,1,€ 188,2019/10/26,2019/10/27,4,"8,7",60
Classic Flat Valencia,4245614,Apartamento,Valencia,1,1,NA,2019/10/26,2019/10/27,0,"9,5",60
ValentiaApartments - MercadoCentral,4185241,Apartamentos,Valencia,1,1,€ 189,2019/10/26,2019/10/27,0,"8,7",60
Hotel Neptuno,91206,NA,Valencia,1,1,€ 190,2019/10/26,2019/10/27,4,"8,5",60
Vincci Palace,94163,NA,Valencia,1,1,€ 192,2019/10/26,2019/10/27,4,"8,6",60
Vincci Lys,91183,NA,Valencia,1,1,€ 200,2019/10/26,2019/10/27,4,"8,9",60
Melia Plaza Valencia,13270,NA,Valencia,1,1,€ 220,2019/10/26,2019/10/27,4,"8,9",60
Ilunion Aqua 4,92777,NA,Valencia,1,1,€ 224,2019/10/26,2019/10/27,4,"8,5",60
Apartamento centro frente a Torres de Serrano,3408067,Apartamento,Valencia,1,1,NA,2019/10/26,2019/10/27,0,"9,5",60
Hospes Palau de La Mar,93823,NA,Valencia,1,1,€ 225,2019/10/26,2019/10/27,5,"8,8",60
Ca Carmela,2466364,Casa o chalet,Valencia,1,1,€ 250,2019/10/26,2019/10/27,0,"8,9",60
Rooms Ciencias,94126,NA,Valencia,1,1,€ 261,2019/10/26,2019/10/27,0,"8,9",60
Center Valencia Youth Hostel,246931,NA,Valencia,1,1,€ 29,2019/10/26,2019/10/27,0,8,60
Habitacion Barata Valencia,3931013,NA,Valencia,1,1,€ 35,2019/10/26,2019/10/27,0,"8,1",60
Habitacion en Valencia Barata,4861796,NA,Valencia,1,1,€ 45,2019/10/26,2019/10/27,0,"8,2",60
Eurostars Rey Don Jaime,91520,NA,Valencia,1,1,€ 116,2019/10/26,2019/10/27,4,"8,2",60
United Colors of Apartments - Catedral,1301545,Apartamentos,Valencia,1,1,€ 121,2019/10/26,2019/10/27,0,"8,2",60
Valencia what else...,2550483,Apartamento,Valencia,1,1,NA,2019/10/26,2019/10/27,0,"9,5",60
Silken Puerta Valencia,91182,NA,Valencia,1,1,€ 125,2019/10/26,2019/10/27,4,"8,3",60
Senator Parque Central Hotel,274963,NA,Valencia,1,1,€ 134,2019/10/26,2019/10/27,4,"8,1",60
ApartUP Mestalla Home,3300511,Apartamento,Valencia,1,1,NA,2019/10/26,2019/10/27,0,"9,5",60
Casa Mati,4217185,NA,Valencia,1,1,€ 50,2019/10/26,2019/10/27,0,"8,1",60
Como en casa,4802186,NA,Valencia,1,1,€ 54,2019/10/26,2019/10/27,0,"8,1",60
Urban Youth Hostel,1163025,NA,Valencia,1,1,€ 54,2019/10/26,2019/10/27,0,"8,4",60
Red Nest Hostel,92283,NA,Valencia,1,1,€ 55,2019/10/26,2019/10/27,0,"8,2",60
Pension MonaLisa Luxury Suites,3834224,NA,Valencia,1,1,€ 56,2019/10/26,2019/10/27,0,"8,2",60
L'Otelet By Sweet,1467935,NA,Valencia,1,1,€ 64,2019/10/26,2019/10/27,0,"8,3",60
Sweet Hotel Renasa,274818,NA,Valencia,1,1,€ 139,2019/10/26,2019/10/27,3,8,60
Primus Valencia,331871,NA,Valencia,1,1,€ 140,2019/10/26,2019/10/27,4,"8,3",60
Eurostars Gran Valencia,90484,NA,Valencia,1,1,€ 143,2019/10/26,2019/10/27,4,"8,3",60
Valenciaflats Torres de Serrano,17468,Apartamentos,Valencia,1,1,€ 147,2019/10/26,2019/10/27,0,"8,3",60
Ambrosio Flats Valencia - El Mercat,3131649,Apartamento,Valencia,1,1,NA,2019/10/26,2019/10/27,0,"9,5",60
Casa los Peces,3234194,Apartamento,Valencia,1,1,€ 154,2019/10/26,2019/10/27,0,"8,3",60
Ilunion Valencia 4,754329,NA,Valencia,1,1,€ 158,2019/10/26,2019/10/27,4,8,60
Ilunion Aqua 3,92776,NA,Valencia,1,1,€ 176,2019/10/26,2019/10/27,3,"8,3",60
Aparthotel Valencia Rental,17344,Apartahotel,Valencia,1,1,€ 72,2019/10/26,2019/10/27,0,8,60
Reina 12,1684198,NA,Valencia,1,1,€ 74,2019/10/26,2019/10/27,0,"8,2",60
Purple Nest Hostel,25278,NA,Valencia,1,1,€ 82,2019/10/26,2019/10/27,0,"8,1",60
APARTAMENTO LAS MELLIZAS,4651578,NA,Valencia,1,1,€ 45,2019/10/26,2019/10/27,0,"8,4",60
Homestay Valencia,2597106,NA,Valencia,1,1,€ 90,2019/10/26,2019/10/27,0,"8,1",60
Tryp Valencia Feria,92852,NA,Valencia,1,1,€ 99,2019/10/26,2019/10/27,4,"8,3",60
Hotel Olympia Universidades,1301731,NA,Valencia,1,1,€ 101,2019/10/26,2019/10/27,3,"8,4",60
Rio Turia Skatehouse,4624602,Apartamento,Valencia,1,1,€ 105,2019/10/26,2019/10/27,0,8,60
MD Modern Hotel - Jardines,305447,NA,Valencia,1,1,€ 181,2019/10/26,2019/10/27,1,"8,2",60
Hotel Valencia Center,91285,NA,Valencia,1,1,€ 196,2019/10/26,2019/10/27,4,"8,4",60
Hotel Conqueridor,91047,NA,Valencia,1,1,€ 216,2019/10/26,2019/10/27,4,"8,4",60
Apartamento Privado Próximo a Playa y Ciencias,3783163,Apartamento,Valencia,1,1,€ 110,2019/10/26,2019/10/27,0,"8,1",60
SHF Flats Baron,1033085,Apartamentos,Valencia,1,1,€ 110,2019/10/26,2019/10/27,0,8,60
B&B Hi Valencia Canovas,305349,NA,Valencia,1,1,€ 110,2019/10/26,2019/10/27,0,"8,4",60
NH Valencia Center,90727,NA,Valencia,1,1,€ 113,2019/10/26,2019/10/27,4,"8,3",60
Atico Loft Ruzafa,3152977,Apartamento,Valencia,1,1,NA,2019/10/26,2019/10/27,0,"9,7",60
Zerka Centro,4425975,Apartamentos,Valencia,1,1,€ 219,2019/10/26,2019/10/27,0,"8,4",60
Malvarrosa Calle Pavia,3608764,Casa o chalet,Valencia,1,1,€ 271,2019/10/26,2019/10/27,0,"8,1",60
MD Benlliure Beach.,1957258,Apartamento,Valencia,1,1,€ 296,2019/10/26,2019/10/27,0,8,60
NWT Central Station Apartments,3964093,Apartamento,Valencia,1,1,€ 300,2019/10/26,2019/10/27,0,"8,2",60
Musico Peydro Apartments,3765069,Apartamentos,Valencia,1,1,€ 301,2019/10/26,2019/10/27,0,"8,1",60
Apart and Benef,2291245,NA,Valencia,1,1,€ 34,2019/10/26,2019/10/27,0,"7,8",60
Apartamento Bolseria 28,881275,Apartamentos,Valencia,1,1,NA,2019/10/26,2019/10/27,0,"9,5",60
Voyagers Inn Homestay,2682156,NA,Valencia,1,1,€ 47,2019/10/26,2019/10/27,0,"7,8",60
Valencia City Host,1177077,NA,Valencia,1,1,€ 49,2019/10/26,2019/10/27,0,"7,8",60
Habitación San Cayetano,4624401,NA,Valencia,1,1,€ 50,2019/10/26,2019/10/27,0,"7,7",60
Habitación cerca del centro,2789581,NA,Valencia,1,1,€ 52,2019/10/26,2019/10/27,0,"7,6",60
Casual Civilizaciones Valencia,449777,NA,Valencia,1,1,€ 52,2019/10/26,2019/10/27,0,"7,9",60
Habitacion por dias Centro Valencia,3977106,NA,Valencia,1,1,€ 55,2019/10/26,2019/10/27,0,"7,9",60
Stay at Valencia Downtown,1840715,Apartamento,Valencia,1,1,NA,2019/10/26,2019/10/27,0,"9,5",60
Hotel Beleret,94652,NA,Valencia,1,1,€ 62,2019/10/26,2019/10/27,3,"7,6",60
Patacona Green Flats,292996,Apartamentos,Valencia,1,1,€ 84,2019/10/26,2019/10/27,0,"7,6",60
Cosy Rooms Tapinería,371192,NA,Valencia,1,1,€ 84,2019/10/26,2019/10/27,2,"7,5",60
Adrian's House,2271869,NA,Valencia,1,1,€ 90,2019/10/26,2019/10/27,0,"7,7",60
MyHomestay,2921259,NA,Valencia,1,1,€ 105,2019/10/26,2019/10/27,0,"7,7",60
Hotel Turia,14441,NA,Valencia,1,1,€ 115,2019/10/26,2019/10/27,4,"7,5",60
Central Park Apartment Valencia,3881533,Apartamento,Valencia,1,1,NA,2019/10/26,2019/10/27,0,"9,6",60
United Colors of Studios - Mercado Central,2574108,Apartamentos,Valencia,1,1,€ 121,2019/10/26,2019/10/27,0,"7,9",60
El 16 Ruzafa,865461,Apartamentos,Valencia,1,1,€ 134,2019/10/26,2019/10/27,0,"7,7",60
Apartamento Alguer,4005334,Apartamento,Valencia,1,1,€ 145,2019/10/26,2019/10/27,0,"7,5",60
Apartment Florista,2150187,Apartamento,Valencia,1,1,€ 146,2019/10/26,2019/10/27,0,"7,9",60
Ilunion Valencia 3,92818,NA,Valencia,1,1,€ 150,2019/10/26,2019/10/27,3,"7,9",60
Old Town Flats Casa Burguerini,4552106,Apartamentos,Valencia,1,1,€ 151,2019/10/26,2019/10/27,0,"7,5",60
Loft el Carmen amazing views,4932621,Apartamento,Valencia,1,1,€ 182,2019/10/26,2019/10/27,0,"7,9",60
Valencia Luxury Attics Ayuntamiento,337092,Apartamentos,Valencia,1,1,€ 220,2019/10/26,2019/10/27,0,"7,5",60
MD Pelayo with terrace,1979067,Apartamento,Valencia,1,1,€ 291,2019/10/26,2019/10/27,0,"7,8",60
MD Art Apartment Ruzafa,2550955,Apartamento,Valencia,1,1,€ 291,2019/10/26,2019/10/27,0,"7,6",60
feliz como en casa,3676196,NA,Valencia,1,1,€ 36,2019/10/26,2019/10/27,0,"7,2",60
HOSPEDAJE PESET,4718074,NA,Valencia,1,1,€ 40,2019/10/26,2019/10/27,0,"7,2",60
B&B El Mercat,2203530,NA,Valencia,1,1,€ 55,2019/10/26,2019/10/27,0,"7,3",60
Central Station Valencia Hostel,1647017,NA,Valencia,1,1,€ 64,2019/10/26,2019/10/27,0,"7,1",60
Centro Valencia Calle Cerrajeros,3476261,NA,Valencia,1,1,€ 75,2019/10/26,2019/10/27,0,"7,1",60
Cosy Rooms Bolsería,371606,NA,Valencia,1,1,€ 89,2019/10/26,2019/10/27,2,"7,4",60
Guest House Samuel Ros,4161855,NA,Valencia,1,1,€ 90,2019/10/26,2019/10/27,0,"7,3",60
Kirei Apartment Na Jordana,1702092,Apartamentos,Valencia,1,1,€ 101,2019/10/26,2019/10/27,0,7,60
Apartamento luminoso y acogedor,3489126,Apartamento,Valencia,1,1,€ 78,2019/10/26,2019/10/27,0,"9,5",60
Precioso piso junto al antiguo barrio de Campanar,3297078,Apartamento,Valencia,1,1,€ 100,2019/10/26,2019/10/27,0,"9,6",60
VALENCIA APARTAMENTO GOYA,4256653,Apartamento,Valencia,1,1,NA,2019/10/26,2019/10/27,0,10,60
Valencian Dreams,3268804,Apartamento,Valencia,1,1,€ 103,2019/10/26,2019/10/27,0,"9,8",60
Ramirez Flats & Bar,4124528,Apartahotel,Valencia,1,1,€ 180,2019/10/26,2019/10/27,0,"9,5",60
Ca María,3776707,Apartamento,Valencia,1,1,€ 180,2019/10/26,2019/10/27,0,"9,7",60
Luxury Beach House,3602594,Casa o chalet,Valencia,1,1,€ 300,2019/10/26,2019/10/27,0,"9,7",60
YOU & CO. Saler Beach Boutique,4533007,NA,Valencia,1,1,€ 123,2019/10/26,2019/10/27,3,"9,2",60
BUBUSUITES by Bubuflats,2389776,NA,Valencia,1,1,€ 130,2019/10/26,2019/10/27,0,"9,3",60
Preciosa Casita Cerca Del Mar,4057271,Apartamento,Valencia,1,1,NA,2019/10/26,2019/10/27,0,"9,7",60
Citizentral Juristas,1113127,Apartamentos,Valencia,1,1,€ 137,2019/10/26,2019/10/27,0,"9,2",60
Mon Suites San Nicolas,4117225,Apartamentos,Valencia,1,1,€ 138,2019/10/26,2019/10/27,0,"9,2",60
Hotel Valencia Alameda,4019381,NA,Valencia,1,1,€ 139,2019/10/26,2019/10/27,4,"9,3",60
Blanq Comedias,4922002,NA,Valencia,1,1,€ 140,2019/10/26,2019/10/27,0,"9,2",60
Mon Suites Catedral,485679,Apartamentos,Valencia,1,1,€ 143,2019/10/26,2019/10/27,0,"9,2",60
Apartamentos Wallace,1698355,Apartamentos,Valencia,1,1,€ 161,2019/10/26,2019/10/27,0,"9,2",60
BONNIES Suites & Spa Valencia,3631910,Apartamentos,Valencia,1,1,NA,2019/10/26,2019/10/27,0,"9,8",60
Bubuflats Bubu 5,1283519,Apartamento,Valencia,1,1,€ 180,2019/10/26,2019/10/27,0,"9,1",60
NH Collection Colón Valencia,3828811,NA,Valencia,1,1,€ 185,2019/10/26,2019/10/27,4,"9,2",60
Valenciaflats Centro Ciudad,18544,Apartamentos,Valencia,1,1,€ 193,2019/10/26,2019/10/27,0,"9,1",60
Jardines del Turia - Espacioso apartamento,2734126,Apartamento,Valencia,1,1,€ 200,2019/10/26,2019/10/27,0,"9,1",60
Vincci Mercat,1279484,NA,Valencia,1,1,€ 208,2019/10/26,2019/10/27,4,9,60
Las Arenas Balneario Resort,91144,NA,Valencia,1,1,€ 216,2019/10/26,2019/10/27,5,9,60
APARTAMENTO DE DISEÑO EN PLAZA MANISES,2823390,Apartamento,Valencia,1,1,NA,2019/10/26,2019/10/27,0,"9,7",60
MD Design Hotel - Portal del Real,2391685,NA,Valencia,1,1,€ 218,2019/10/26,2019/10/27,2,"9,1",60
MYR Hotel Plaza Mercado & Spa,1619029,Apartahotel,Valencia,1,1,€ 246,2019/10/26,2019/10/27,0,"9,2",60
Caro Hotel,348132,NA,Valencia,1,1,€ 295,2019/10/26,2019/10/27,5,"9,2",60
APARTAMENTO CENTRICO. WI-FI. PARKING,2967593,Apartamento,Valencia,1,1,€ 300,2019/10/26,2019/10/27,0,"9,2",60
Zerka Sendra,4657122,Apartamento,Valencia,1,1,€ 309,2019/10/26,2019/10/27,0,9,60
HQ Rooms Apartments San Vicente,2894429,Apartamentos,Valencia,1,1,€ 315,2019/10/26,2019/10/27,0,"9,3",60
Barracart Apartments,2125836,Apartamentos,Valencia,1,1,NA,2019/10/26,2019/10/27,0,"9,6",60
Valenciaflats Ciudad de las Ciencias,93676,Apartamentos,Valencia,1,1,€ 317,2019/10/26,2019/10/27,0,"9,1",60
Hi Valencia Cánovas,4312120,Apartamentos,Valencia,1,1,€ 318,2019/10/26,2019/10/27,0,9,60
MARQUÉS HOUSE 4* SUP,2118880,NA,Valencia,1,1,€ 339,2019/10/26,2019/10/27,4,"9,4",60
Home Youth Hostel by Feetup Hostels,189322,NA,Valencia,1,1,€ 51,2019/10/26,2019/10/27,0,"8,8",60
Homestay Carrer Sagun,5006434,NA,Valencia,1,1,€ 60,2019/10/26,2019/10/27,0,"8,7",60
Namaste Rooms,3799642,NA,Valencia,1,1,€ 60,2019/10/26,2019/10/27,0,"8,7",60
Apartment Cisneros 2,2361375,Apartamento,Valencia,1,1,NA,2019/10/26,2019/10/27,0,"9,7",60
Casa del Patriarca,364834,NA,Valencia,1,1,€ 81,2019/10/26,2019/10/27,0,"8,9",60
Melia Valencia,290493,NA,Valencia,1,1,€ 84,2019/10/26,2019/10/27,4,"8,8",60
Casa de la Reina,5394089,NA,Valencia,1,1,€ 85,2019/10/26,2019/10/27,0,"8,7",60
Habitación doble,3599930,NA,Valencia,1,1,€ 90,2019/10/26,2019/10/27,0,"8,9",60
Sercotel Sorolla Palace,93646,NA,Valencia,1,1,€ 109,2019/10/26,2019/10/27,4,"8,6",60
Citizentral Gascons,332095,Apartamentos,Valencia,1,1,€ 112,2019/10/26,2019/10/27,0,"8,7",60
B&B Hi Valencia Boutique,1301725,NA,Valencia,1,1,€ 113,2019/10/26,2019/10/27,0,"8,7",60
Hotel Sercotel Acteón Valencia,90495,NA,Valencia,1,1,€ 116,2019/10/26,2019/10/27,4,"8,5",60
ABCyou Bed&Breakfast,189207,NA,Valencia,1,1,€ 123,2019/10/26,2019/10/27,0,"8,5",60
Valenciaflats Centro Histórico,94781,Apartamentos,Valencia,1,1,€ 133,2019/10/26,2019/10/27,0,"8,7",60
Les flors,3985046,Apartamento,Valencia,1,1,€ 134,2019/10/26,2019/10/27,0,"8,6",60
Hotel San Lorenzo Boutique,1307718,NA,Valencia,1,1,€ 140,2019/10/26,2019/10/27,3,"8,6",60
Burjassot Mestalla,3058627,Apartamento,Valencia,1,1,€ 140,2019/10/26,2019/10/27,0,"8,6",60
Casual Vintage Valencia,1710241,NA,Valencia,1,1,€ 141,2019/10/26,2019/10/27,2,"8,6",60
València Centre Túria,2185255,Apartamento,Valencia,1,1,€ 142,2019/10/26,2019/10/27,0,"8,8",60
One Shot Colón 46,1394168,NA,Valencia,1,1,€ 143,2019/10/26,2019/10/27,3,"8,7",60
El Palacete Gran Via,3483148,NA,Valencia,1,1,€ 143,2019/10/26,2019/10/27,0,"8,9",60
SH Valencia Palace,91497,NA,Valencia,1,1,€ 144,2019/10/26,2019/10/27,5,"8,5",60
