name,propertyId,propertyType,city,rooms,days,price,checkIn,checkOut,stars,score,advance
Governor Residence,3799760,Apartahotel,Valencia,1,1,€ 600,2019/08/19,2019/08/20,0,,7
Gulet Why Not,5199364,NA,Valencia,1,1,€ 3.600,2019/08/19,2019/08/20,0,,7
Valencia Apartmans El Carmen,847910,Apartamentos,Valencia,1,1,€ 105,2019/08/19,2019/08/20,0,"7,3",7
Suites by Eric Olsan (L),4287413,Apartamentos,Valencia,1,1,€ 111,2019/08/19,2019/08/20,0,"7,3",7
Apartment Cisneros 2,2361375,Apartamento,Valencia,1,1,NA,2019/08/19,2019/08/20,0,"9,7",7
Valencia Luxury Town Hall,866934,Apartamentos,Valencia,1,1,€ 159,2019/08/19,2019/08/20,0,"7,1",7
Best Valencia Beach Flat,3246772,Apartamento,Valencia,1,1,€ 179,2019/08/19,2019/08/20,0,"7,1",7
Valencia Luxury Catedral,440778,Apartamentos,Valencia,1,1,€ 180,2019/08/19,2019/08/20,0,"7,1",7
Valencia Boutique Ayuntamiento,343355,Apartamentos,Valencia,1,1,€ 180,2019/08/19,2019/08/20,0,"7,2",7
Las casitas de la playa,3177809,Apartamentos,Valencia,1,1,€ 188,2019/08/19,2019/08/20,0,"7,2",7
Valencia Luxury Group Apartments,1648016,Apartamentos,Valencia,1,1,€ 190,2019/08/19,2019/08/20,0,"7,2",7
Casa Calle Conquista,4691493,Apartamento,Valencia,1,1,NA,2019/08/19,2019/08/20,0,"9,6",7
Apartamento para 10 personas,5029963,Apartamento,Valencia,1,1,€ 200,2019/08/19,2019/08/20,0,"7,3",7
Valencia Luxury La Paz,1107542,Apartamentos,Valencia,1,1,€ 220,2019/08/19,2019/08/20,0,"7,2",7
Miresa flats,5300418,Apartamento,Valencia,1,1,€ 125,2019/08/19,2019/08/20,0,"6,8",7
Valencia Boutique Center,387770,Apartamentos,Valencia,1,1,€ 195,2019/08/19,2019/08/20,0,"6,9",7
Malvarrosa Beach,3546692,Casas y chalets,Valencia,1,1,€ 1.260,2019/08/19,2019/08/20,0,"6,8",7
Habitación con cama doble,4794909,NA,Valencia,1,1,€ 41,2019/08/19,2019/08/20,0,"6,1",7
Apartamento centro frente a Torres de Serrano,3408067,Apartamento,Valencia,1,1,NA,2019/08/19,2019/08/20,0,"9,5",7
Fun and Sun Center 2,2944416,NA,Valencia,1,1,€ 45,2019/08/19,2019/08/20,0,"6,2",7
Kirei Apartment San Agustin,1712323,Apartamentos,Valencia,1,1,€ 126,2019/08/19,2019/08/20,0,"6,3",7
RoomTuristValencia - Ruzafa,4608394,NA,Valencia,1,1,€ 37,2019/08/19,2019/08/20,0,"5,9",7
Ruzafa Guesthouse,2269176,NA,Valencia,1,1,€ 48,2019/08/19,2019/08/20,0,"5,6",7
Home Sweet Home,1223953,NA,Valencia,1,1,€ 50,2019/08/19,2019/08/20,0,"5,5",7
Habitación en Apartamento soleado Plaza Escultor Frechina,4865043,NA,Valencia,1,1,€ 55,2019/08/19,2019/08/20,0,"5,6",7
Constitución,4229663,Apartamento,Valencia,1,1,NA,2019/08/19,2019/08/20,0,"9,6",7
Carrer del Bisbe Jaume Pérez,4900140,NA,Valencia,1,1,€ 60,2019/08/19,2019/08/20,0,"5,8",7
Oliver,4865093,NA,Valencia,1,1,€ 73,2019/08/19,2019/08/20,0,"5,8",7
Kirei Apartment Berlin,4504570,Apartamentos,Valencia,1,1,€ 126,2019/08/19,2019/08/20,0,"5,5",7
RoomTuristValencia Estacion del Norte,4682632,NA,Valencia,1,1,€ 40,2019/08/19,2019/08/20,0,"5,3",7
Guest House Duc de Gaeta,2275007,NA,Valencia,1,1,€ 45,2019/08/19,2019/08/20,0,5,7
Guest House Ruzafa,2324552,NA,Valencia,1,1,€ 50,2019/08/19,2019/08/20,0,"5,3",7
City Valencia Beach 360,4504803,Apartamento,Valencia,1,1,NA,2019/08/19,2019/08/20,0,"9,7",7
Kirei Apartment Atlanta,4304662,Apartamento,Valencia,1,1,€ 208,2019/08/19,2019/08/20,0,"5,1",7
RoomTuristValencia Torres de Quart,4565643,NA,Valencia,1,1,€ 35,2019/08/19,2019/08/20,0,"4,8",7
Guesthouse Plaza de Toros,2985902,NA,Valencia,1,1,€ 38,2019/08/19,2019/08/20,0,"4,9",7
RoomTuristValencia RuzafaSumsi,4682802,NA,Valencia,1,1,€ 45,2019/08/19,2019/08/20,0,"4,9",7
Malvarosa,3820590,Apartamento,Valencia,1,1,€ 94,2019/08/19,2019/08/20,0,"3,8",7
Constitucion Guesthouse,2985942,NA,Valencia,1,1,€ 35,2019/08/19,2019/08/20,0,"3,4",7
Apartamento Forn dels Apòstols,3122008,Apartamento,Valencia,1,1,NA,2019/08/19,2019/08/20,0,"9,6",7
Como en casa !!,5427108,NA,Valencia,1,1,€ 40,2019/08/19,2019/08/20,0,,7
Habitación muy cerca de la playa.,5396391,NA,Valencia,1,1,€ 40,2019/08/19,2019/08/20,0,,7
Amplia habitación en piso compartido,5433175,NA,Valencia,1,1,€ 50,2019/08/19,2019/08/20,0,,7
Hogar Dulce Hogar,5426607,NA,Valencia,1,1,€ 51,2019/08/19,2019/08/20,0,,7
Patraix,5366858,NA,Valencia,1,1,€ 65,2019/08/19,2019/08/20,0,,7
Casa de la Reina,5394089,NA,Valencia,1,1,€ 75,2019/08/19,2019/08/20,0,,7
Habitación en Valencia,5477394,NA,Valencia,1,1,€ 80,2019/08/19,2019/08/20,0,,7
70 m2 con terraza de 20m2,5011456,Apartamento,Valencia,1,1,€ 85,2019/08/19,2019/08/20,0,,7
Miresa flats 2.1A,5399747,Apartamento,Valencia,1,1,€ 90,2019/08/19,2019/08/20,0,,7
APARTAMENTO VALENCIA CENTRO,5145920,Apartamento,Valencia,1,1,€ 100,2019/08/19,2019/08/20,0,,7
Loft Turia Gran,5133726,Apartamento,Valencia,1,1,€ 113,2019/08/19,2019/08/20,0,,7
Valencia Apartamentos DEL MAR,5421626,Apartamento,Valencia,1,1,€ 135,2019/08/19,2019/08/20,0,,7
Apartment in the Quart Towers I,4917366,Apartamentos,Valencia,1,1,€ 141,2019/08/19,2019/08/20,0,,7
"Flat ""Ca Alexandre""",3687859,Apartamento,Valencia,1,1,€ 210,2019/08/19,2019/08/20,0,,7
MD POETA ANDRES CABRELLES,5385067,Apartamento,Valencia,1,1,€ 231,2019/08/19,2019/08/20,0,,7
Apartamento con terraza,5238122,Apartahotel,Valencia,1,1,€ 240,2019/08/19,2019/08/20,0,,7
Apartment Carrer de Don Juan de Austria,5464038,Apartamentos,Valencia,1,1,€ 483,2019/08/19,2019/08/20,0,,7
MD PASEO RUZAFA CENTER,5374850,Apartamento,Valencia,1,1,€ 502,2019/08/19,2019/08/20,0,,7
Voyagers Inn Homestay,2682156,NA,Valencia,1,1,€ 58,2019/08/19,2019/08/20,0,"7,8",7
Jero Rooms,296743,NA,Valencia,1,1,€ 63,2019/08/19,2019/08/20,0,"7,7",7
Happy Apartments Valencia,456043,Apartamentos,Valencia,1,1,€ 85,2019/08/19,2019/08/20,0,"8,2",7
City Center Atico 360,3025679,NA,Valencia,1,1,NA,2019/08/19,2019/08/20,0,"9,6",7
Hotel Beleret,94652,NA,Valencia,1,1,€ 65,2019/08/19,2019/08/20,3,"7,6",7
Valencia Lounge Hostel,337203,NA,Valencia,1,1,€ 66,2019/08/19,2019/08/20,0,"7,8",7
B&B Hotel Valencia Ciudad de las Ciencias,92242,NA,Valencia,1,1,€ 74,2019/08/19,2019/08/20,3,"7,5",7
Habitacion PLaza Ayuntamiento,4365340,NA,Valencia,1,1,€ 75,2019/08/19,2019/08/20,0,"7,6",7
Hotel Turia,14441,NA,Valencia,1,1,€ 75,2019/08/19,2019/08/20,4,"7,5",7
Sweet Hotel Renasa,274818,NA,Valencia,1,1,€ 89,2019/08/19,2019/08/20,3,8,7
Apartments Torres de Serranos Valencia,1099602,Apartamentos,Valencia,1,1,NA,2019/08/19,2019/08/20,0,"9,6",7
Eurostars Rey Don Jaime,91520,NA,Valencia,1,1,€ 89,2019/08/19,2019/08/20,4,"8,2",7
OYO Pensión El Rincón,476031,NA,Valencia,1,1,€ 77,2019/08/19,2019/08/20,1,"7,8",7
Stay at Valencia Downtown,1840715,NA,Valencia,1,1,NA,2019/08/19,2019/08/20,0,"9,5",7
Ilunion Valencia 4,754329,NA,Valencia,1,1,€ 89,2019/08/19,2019/08/20,4,8,7
NH Valencia Center,90727,NA,Valencia,1,1,€ 90,2019/08/19,2019/08/20,4,"8,3",7
Expo Hotel Valencia,91223,NA,Valencia,1,1,€ 81,2019/08/19,2019/08/20,3,"7,6",7
Casual Civilizaciones Valencia,449777,NA,Valencia,1,1,€ 82,2019/08/19,2019/08/20,0,"7,9",7
Ilunion Valencia 3,92818,NA,Valencia,1,1,€ 85,2019/08/19,2019/08/20,3,"7,9",7
Reina 12,1684198,NA,Valencia,1,1,€ 90,2019/08/19,2019/08/20,0,"8,3",7
NH Valencia Las Artes,90731,NA,Valencia,1,1,€ 90,2019/08/19,2019/08/20,4,"8,4",7
MD Modern Hotel - Jardines,305447,NA,Valencia,1,1,€ 95,2019/08/19,2019/08/20,1,"8,2",7
Hostal Penalty,189209,NA,Valencia,1,1,€ 85,2019/08/19,2019/08/20,1,"7,9",7
Cosy Rooms Tapinería,371192,NA,Valencia,1,1,€ 89,2019/08/19,2019/08/20,2,"7,5",7
Suites by Eric Olsan (Peset),4726296,NA,Valencia,1,1,€ 97,2019/08/19,2019/08/20,0,"7,6",7
ApartUP Patacona Deluxe,2565246,NA,Valencia,1,1,NA,2019/08/19,2019/08/20,0,"9,6",7
United Colors of Studios - Mercado Central,2574108,NA,Valencia,1,1,€ 99,2019/08/19,2019/08/20,0,"7,9",7
SHF Plaza de la Reina,1682520,NA,Valencia,1,1,€ 100,2019/08/19,2019/08/20,0,"7,7",7
SEA YOU HOTEL PORT VALENCIA,92328,NA,Valencia,1,1,€ 105,2019/08/19,2019/08/20,4,"7,6",7
Preciosa Casita Cerca Del Mar,4057271,Apartamento,Valencia,1,1,NA,2019/08/19,2019/08/20,0,"9,7",7
Casual de las Artes Valencia,538056,NA,Valencia,1,1,€ 95,2019/08/19,2019/08/20,3,"8,4",7
Hotel Alkazar,408511,NA,Valencia,1,1,€ 95,2019/08/19,2019/08/20,1,8,7
Cozy fisherman's house,2241663,Casa o chalet,Valencia,1,1,€ 95,2019/08/19,2019/08/20,0,"8,1",7
Senator Parque Central Hotel,274963,NA,Valencia,1,1,€ 97,2019/08/19,2019/08/20,4,"8,1",7
Plaza Redonda Apartments,1665625,Apartamentos,Valencia,1,1,€ 99,2019/08/19,2019/08/20,0,"8,1",7
Silken Puerta Valencia,91182,NA,Valencia,1,1,€ 99,2019/08/19,2019/08/20,4,"8,3",7
Valencia Just in the Middle,2965508,Apartamento,Valencia,1,1,NA,2019/08/19,2019/08/20,0,"9,9",7
Apartamentos el Pilar,237104,NA,Valencia,1,1,€ 105,2019/08/19,2019/08/20,0,"7,9",7
El 16 Ruzafa,865461,NA,Valencia,1,1,€ 119,2019/08/19,2019/08/20,0,"7,7",7
Casual de la Música Valencia,273130,NA,Valencia,1,1,€ 122,2019/08/19,2019/08/20,2,"7,5",7
Valencia center,3168460,NA,Valencia,1,1,NA,2019/08/19,2019/08/20,0,"9,8",7
Torres Quart,3702234,NA,Valencia,1,1,€ 123,2019/08/19,2019/08/20,0,"7,8",7
Checkin Valencia,93743,NA,Valencia,1,1,€ 134,2019/08/19,2019/08/20,4,"7,8",7
United Colors of Apartments - Catedral,1301545,Apartamentos,Valencia,1,1,€ 99,2019/08/19,2019/08/20,0,"8,2",7
Hotel Valencia Center,91285,NA,Valencia,1,1,€ 99,2019/08/19,2019/08/20,4,"8,4",7
Ilunion Aqua 3,92776,NA,Valencia,1,1,€ 100,2019/08/19,2019/08/20,3,"8,3",7
Old Town Flats Casa Burguerini,4552106,NA,Valencia,1,1,€ 137,2019/08/19,2019/08/20,0,"7,8",7
Spain Host Valencia- Plaza del Ayuntamiento,2257049,NA,Valencia,1,1,€ 150,2019/08/19,2019/08/20,0,"7,6",7
Valencia Luxury Central Market,1078335,NA,Valencia,1,1,€ 159,2019/08/19,2019/08/20,0,"7,5",7
Room in apartment,3701648,NA,Valencia,1,1,€ 100,2019/08/19,2019/08/20,0,8,7
City Suites Apartments,3091106,NA,Valencia,1,1,€ 102,2019/08/19,2019/08/20,0,"8,4",7
Primus Valencia,331871,NA,Valencia,1,1,€ 103,2019/08/19,2019/08/20,4,"8,2",7
Apartment Sofi,2830696,Apartamento,Valencia,1,1,NA,2019/08/19,2019/08/20,0,"9,8",7
El Globo,24498,NA,Valencia,1,1,€ 160,2019/08/19,2019/08/20,1,"7,8",7
Casa La Buhardilla,2985364,NA,Valencia,1,1,NA,2019/08/19,2019/08/20,0,"9,7",7
City Center Apartments,4426057,NA,Valencia,1,1,€ 180,2019/08/19,2019/08/20,0,"7,8",7
Verano en la Playa Patacona,4913195,NA,Valencia,1,1,€ 200,2019/08/19,2019/08/20,0,"7,7",7
Valencia Luxury Attics Ayuntamiento,337092,NA,Valencia,1,1,€ 220,2019/08/19,2019/08/20,0,"7,5",7
MD Art Apartment Ruzafa,2550955,NA,Valencia,1,1,€ 305,2019/08/19,2019/08/20,0,"7,7",7
MD Oliag I Apartment Ruzafa,2867488,NA,Valencia,1,1,€ 455,2019/08/19,2019/08/20,0,"7,7",7
Guest House Samuel Ros,4161855,NA,Valencia,1,1,€ 35,2019/08/19,2019/08/20,0,"7,4",7
JL Ciudad de las Artes,3074378,NA,Valencia,1,1,NA,2019/08/19,2019/08/20,0,"9,6",7
feliz como en casa,3676196,NA,Valencia,1,1,€ 36,2019/08/19,2019/08/20,0,"7,2",7
SH Ingles Boutique Hotel,92956,NA,Valencia,1,1,€ 105,2019/08/19,2019/08/20,4,"8,4",7
Hotel Medium Valencia,96838,NA,Valencia,1,1,€ 108,2019/08/19,2019/08/20,4,"8,2",7
Eurostars Gran Valencia,90484,NA,Valencia,1,1,€ 116,2019/08/19,2019/08/20,4,"8,3",7
NWT Central Station Apartments,3964093,Apartamento,Valencia,1,1,€ 119,2019/08/19,2019/08/20,0,"8,3",7
Hotel Conqueridor,91047,NA,Valencia,1,1,€ 120,2019/08/19,2019/08/20,4,"8,4",7
Valenciaflats Torres de Serrano,17468,Apartamentos,Valencia,1,1,€ 120,2019/08/19,2019/08/20,0,"8,3",7
Colón Market Downtown,4607745,Apartamento,Valencia,1,1,NA,2019/08/19,2019/08/20,0,"9,7",7
Reina's Apartment,2130930,Apartamentos,Valencia,1,1,€ 124,2019/08/19,2019/08/20,0,"8,4",7
Apartamento Cuatro Carreres,2743149,Apartamento,Valencia,1,1,€ 125,2019/08/19,2019/08/20,0,"8,2",7
Apartment near City of Arts,2242431,Apartamentos,Valencia,1,1,€ 125,2019/08/19,2019/08/20,0,"8,3",7
El Coso,14580,NA,Valencia,1,1,€ 130,2019/08/19,2019/08/20,3,"8,2",7
Sol Playa,12656,NA,Valencia,1,1,€ 132,2019/08/19,2019/08/20,2,"8,3",7
Lovely Apartment!,3377663,Apartamentos,Valencia,1,1,€ 132,2019/08/19,2019/08/20,0,"8,4",7
Ayuntamiento Panoramic,3089239,Apartamento,Valencia,1,1,NA,2019/08/19,2019/08/20,0,"9,5",7
Holiday Inn Express Ciudad de las Ciencias,96737,NA,Valencia,1,1,€ 140,2019/08/19,2019/08/20,3,8,7
63 Carrer d'Ernest Anastasio,4594613,NA,Valencia,1,1,€ 43,2019/08/19,2019/08/20,0,"7,2",7
Hostal Residencial RR,450746,NA,Valencia,1,1,€ 50,2019/08/19,2019/08/20,0,7,7
HOSPEDAJE PESET,4718074,NA,Valencia,1,1,€ 50,2019/08/19,2019/08/20,0,"7,4",7
BonApart Apartment Valencia,1490885,Apartamento,Valencia,1,1,€ 179,2019/08/19,2019/08/20,0,"8,4",7
Zerka Centro,4425975,Apartamentos,Valencia,1,1,€ 208,2019/08/19,2019/08/20,0,"8,4",7
Musico Peydro Apartments,3765069,Apartamentos,Valencia,1,1,€ 215,2019/08/19,2019/08/20,0,"8,2",7
Vlc Apartaments el Carmen,389902,Apartamentos,Valencia,1,1,€ 220,2019/08/19,2019/08/20,0,"8,2",7
La Paz Apartment,1687820,Apartamento,Valencia,1,1,€ 320,2019/08/19,2019/08/20,0,8,7
Ruzafa Rooms,2891693,NA,Valencia,1,1,€ 51,2019/08/19,2019/08/20,0,7,7
La Flamenca,818359,NA,Valencia,1,1,€ 65,2019/08/19,2019/08/20,0,"7,2",7
Cosy Rooms Embajador,369728,NA,Valencia,1,1,€ 70,2019/08/19,2019/08/20,2,"7,4",7
MD Vila Barbera Apartment Center,1957253,Apartamento,Valencia,1,1,€ 470,2019/08/19,2019/08/20,0,"8,4",7
MD Sueca. Apartment with Terrace Ruzafa,2551179,Apartamento,Valencia,1,1,€ 513,2019/08/19,2019/08/20,0,"8,1",7
Center Valencia Youth Hostel,246931,NA,Valencia,1,1,€ 32,2019/08/19,2019/08/20,0,"7,9",7
La Casa Del Colibri Youth Hostel,2094497,NA,Valencia,1,1,€ 32,2019/08/19,2019/08/20,0,"7,9",7
Cosy Rooms Bolsería,371606,NA,Valencia,1,1,€ 70,2019/08/19,2019/08/20,2,"7,4",7
Homestay & OLEE,4132920,NA,Valencia,1,1,€ 75,2019/08/19,2019/08/20,0,"7,4",7
Central Station Valencia Hostel,1647017,NA,Valencia,1,1,€ 79,2019/08/19,2019/08/20,0,"7,1",7
Centro Valencia Calle Cerrajeros,3476261,NA,Valencia,1,1,€ 80,2019/08/19,2019/08/20,0,"7,1",7
HOSTAL BED OF THE SEA,3974636,NA,Valencia,1,1,€ 82,2019/08/19,2019/08/20,0,"7,1",7
NWT Monserrat,3728842,NA,Valencia,1,1,€ 94,2019/08/19,2019/08/20,0,"7,1",7
Malvarrosa Beach Rooms,314048,NA,Valencia,1,1,€ 95,2019/08/19,2019/08/20,2,"7,1",7
Valencia Apartments,4367788,NA,Valencia,1,1,€ 96,2019/08/19,2019/08/20,0,"7,2",7
SHF Sevilla Loft,850157,NA,Valencia,1,1,€ 100,2019/08/19,2019/08/20,0,"7,4",7
UP Hostel Valencia,1710137,NA,Valencia,1,1,€ 18,2019/08/19,2019/08/20,0,"7,8",7
Apart and Benef,2291245,NA,Valencia,1,1,€ 38,2019/08/19,2019/08/20,0,"7,8",7
Pensión Universal,304276,NA,Valencia,1,1,€ 42,2019/08/19,2019/08/20,0,"7,9",7
Habitaciones Barra89,1076252,NA,Valencia,1,1,€ 45,2019/08/19,2019/08/20,0,"7,8",7
Hostal Moratin,326015,NA,Valencia,1,1,€ 48,2019/08/19,2019/08/20,1,"7,9",7
Habitación San Cayetano,4624401,NA,Valencia,1,1,€ 50,2019/08/19,2019/08/20,0,"7,6",7
Hospederia del Pilar,327766,NA,Valencia,1,1,€ 54,2019/08/19,2019/08/20,0,"7,9",7
Valencia City Host,1177077,NA,Valencia,1,1,€ 55,2019/08/19,2019/08/20,0,"7,8",7
Almiserat,3054886,NA,Valencia,1,1,€ 100,2019/08/19,2019/08/20,0,"7,1",7
Premium Apartments,486507,NA,Valencia,1,1,€ 104,2019/08/19,2019/08/20,0,7,7
Hostal Antigua Morellana,1273937,NA,Valencia,1,1,€ 80,2019/08/19,2019/08/20,1,"9,5",7
L'Esplai Valencia Bed & Breakfast,1282556,NA,Valencia,1,1,€ 99,2019/08/19,2019/08/20,0,"9,6",7
VALENCIA APARTAMENTO GOYA,4256653,NA,Valencia,1,1,NA,2019/08/19,2019/08/20,0,10,7
Opera House Valencia B&B,3533887,NA,Valencia,1,1,€ 106,2019/08/19,2019/08/20,0,"9,5",7
United Colors of Apartments Boutique Style,5372347,NA,Valencia,1,1,€ 120,2019/08/19,2019/08/20,0,"9,9",7
Lounge by the sea,4756780,NA,Valencia,1,1,€ 120,2019/08/19,2019/08/20,0,"9,8",7
Bubuflats Bubu 3,1014334,NA,Valencia,1,1,€ 135,2019/08/19,2019/08/20,0,"9,6",7
Barracart Apartments,2125836,NA,Valencia,1,1,€ 137,2019/08/19,2019/08/20,0,"9,6",7
Ramirez Flats & Bar,4124528,NA,Valencia,1,1,€ 140,2019/08/19,2019/08/20,0,"9,5",7
Luxury Center Plaza Redonda,5138960,NA,Valencia,1,1,NA,2019/08/19,2019/08/20,0,10,7
RUZAFA- CENTRO-A/C- WI-FI- PARKING,2885994,NA,Valencia,1,1,€ 160,2019/08/19,2019/08/20,0,"9,7",7
Cantagua Hostel,4074640,NA,Valencia,1,1,€ 46,2019/08/19,2019/08/20,0,"9,1",7
Art&Flats Bed&Breakfast,5238345,NA,Valencia,1,1,€ 50,2019/08/19,2019/08/20,0,"9,1",7
YOU & CO. Saler Beach Boutique,4533007,NA,Valencia,1,1,€ 74,2019/08/19,2019/08/20,3,"9,4",7
Live in Chianti,2227491,NA,Valencia,1,1,€ 89,2019/08/19,2019/08/20,0,"9,1",7
Blanq Comedias,4922002,NA,Valencia,1,1,€ 90,2019/08/19,2019/08/20,0,"9,2",7
MerKat-Abastos,1231196,NA,Valencia,1,1,NA,2019/08/19,2019/08/20,0,"9,7",7
OttoH Charm Stay,2459807,NA,Valencia,1,1,€ 99,2019/08/19,2019/08/20,0,"9,3",7
Citizentral Juristas,1113127,NA,Valencia,1,1,€ 100,2019/08/19,2019/08/20,0,"9,2",7
Mon Suites Catedral,485679,NA,Valencia,1,1,€ 105,2019/08/19,2019/08/20,0,"9,2",7
Apartment close to park Marchalenes,4418670,NA,Valencia,1,1,€ 105,2019/08/19,2019/08/20,0,9,7
Las Arenas Balneario Resort,91144,NA,Valencia,1,1,€ 288,2019/08/19,2019/08/20,5,9,7
Vivaldi Center City,2791614,Apartamento,Valencia,1,1,€ 311,2019/08/19,2019/08/20,0,"9,1",7
Apartamento Comedias,2236348,Apartamento,Valencia,1,1,NA,2019/08/19,2019/08/20,0,"9,8",7
Zerka Sendra,4657122,Apartamento,Valencia,1,1,€ 318,2019/08/19,2019/08/20,0,9,7
MD Julio Antonio Apartment Center,3961049,Apartamento,Valencia,1,1,€ 385,2019/08/19,2019/08/20,0,"9,2",7
Sorolla Centro,90896,NA,Valencia,1,1,€ 110,2019/08/19,2019/08/20,3,"9,1",7
MD Design Hotel - Portal del Real,2391685,NA,Valencia,1,1,€ 111,2019/08/19,2019/08/20,2,"9,1",7
Central Park Apartment Valencia,3881533,NA,Valencia,1,1,NA,2019/08/19,2019/08/20,0,"9,6",7
Casual Socarrat Valencia,5142800,NA,Valencia,1,1,€ 113,2019/08/19,2019/08/20,3,"9,1",7
Mon Suites San Martin,2777545,Apartamentos,Valencia,1,1,€ 385,2019/08/19,2019/08/20,0,"9,4",7
The River Hostel,494202,NA,Valencia,1,1,€ 32,2019/08/19,2019/08/20,0,"8,5",7
7 Moons Bed & Breakfast,464187,NA,Valencia,1,1,€ 51,2019/08/19,2019/08/20,0,"8,5",7
Russafa Youth Hostel,345134,NA,Valencia,1,1,€ 59,2019/08/19,2019/08/20,0,"8,6",7
Hotel Valencia Alameda,4019381,NA,Valencia,1,1,€ 115,2019/08/19,2019/08/20,4,"9,3",7
Apartments Abate 4,2848648,NA,Valencia,1,1,€ 118,2019/08/19,2019/08/20,0,9,7
BONNIES Suites & Spa Valencia,3631910,Apartamentos,Valencia,1,1,NA,2019/08/19,2019/08/20,0,"9,8",7
Homestay Carrer Sagun,5006434,NA,Valencia,1,1,€ 65,2019/08/19,2019/08/20,0,"8,7",7
Namaste Rooms,3799642,NA,Valencia,1,1,€ 65,2019/08/19,2019/08/20,0,"8,6",7
Home Youth Hostel by Feetup Hostels,189322,NA,Valencia,1,1,€ 66,2019/08/19,2019/08/20,0,"8,8",7
Loft zona Pechina en Valencia centro,2524985,NA,Valencia,1,1,€ 118,2019/08/19,2019/08/20,0,"9,2",7
Valenciaflats Centro Ciudad,18544,NA,Valencia,1,1,€ 120,2019/08/19,2019/08/20,0,"9,1",7
Apartamentos Wallace,1698355,NA,Valencia,1,1,€ 120,2019/08/19,2019/08/20,0,"9,2",7
Apartments Downtown Valencia,2250421,NA,Valencia,1,1,NA,2019/08/19,2019/08/20,0,"9,6",7
Quart Youth Hostel,476418,NA,Valencia,1,1,€ 70,2019/08/19,2019/08/20,0,"8,7",7
Casita bonita con piscina y jardin,5294677,NA,Valencia,1,1,€ 75,2019/08/19,2019/08/20,0,"8,8",7
Balcón Al Mar,295109,NA,Valencia,1,1,€ 79,2019/08/19,2019/08/20,0,"8,5",7
Hi Valencia Cánovas,4312120,NA,Valencia,1,1,€ 124,2019/08/19,2019/08/20,0,"9,1",7
Apartamento Giorgeta,2580538,NA,Valencia,1,1,€ 125,2019/08/19,2019/08/20,0,9,7
HQ Rooms Apartments San Vicente,2894429,NA,Valencia,1,1,€ 125,2019/08/19,2019/08/20,0,"9,3",7
Center City Flats,861452,NA,Valencia,1,1,€ 128,2019/08/19,2019/08/20,0,"9,1",7
One Shot Mercat 09,2274203,NA,Valencia,1,1,€ 129,2019/08/19,2019/08/20,4,"9,1",7
Valencia what else...,2550483,Apartamento,Valencia,1,1,NA,2019/08/19,2019/08/20,0,"9,5",7
Melia Valencia,290493,NA,Valencia,1,1,€ 79,2019/08/19,2019/08/20,4,"8,8",7
Luz de Valencia,2076095,Apartamentos,Valencia,1,1,€ 79,2019/08/19,2019/08/20,0,"8,8",7
Casa del Patriarca,364834,NA,Valencia,1,1,€ 81,2019/08/19,2019/08/20,0,"8,9",7
Apartamento Ruzafa Centro II,3718518,NA,Valencia,1,1,€ 131,2019/08/19,2019/08/20,0,9,7
La Casa Verde - Ruzafa,2029143,NA,Valencia,1,1,NA,2019/08/19,2019/08/20,0,"9,7",7
Hotel Sercotel Acteón Valencia,90495,NA,Valencia,1,1,€ 83,2019/08/19,2019/08/20,4,"8,5",7
València Centre Túria,2185255,Apartamento,Valencia,1,1,€ 85,2019/08/19,2019/08/20,0,"8,8",7
Sercotel Sorolla Palace,93646,NA,Valencia,1,1,€ 85,2019/08/19,2019/08/20,4,"8,6",7
PORT VALENCIA PLAYA,5259971,Apartamento,Valencia,1,1,NA,2019/08/19,2019/08/20,0,"9,7",7
NH Collection Colón Valencia,3828811,NA,Valencia,1,1,€ 136,2019/08/19,2019/08/20,4,"9,2",7
Hostal Venecia,92883,NA,Valencia,1,1,€ 140,2019/08/19,2019/08/20,2,"9,1",7
Casa Cosy,375456,NA,Valencia,1,1,€ 140,2019/08/19,2019/08/20,0,"9,4",7
Live in Chianti Apartaments,2882632,NA,Valencia,1,1,€ 143,2019/08/19,2019/08/20,0,"9,1",7
Palacio de Rojas,1073276,NA,Valencia,1,1,€ 144,2019/08/19,2019/08/20,0,"9,4",7
Casual Vintage Valencia,1710241,NA,Valencia,1,1,€ 86,2019/08/19,2019/08/20,2,"8,5",7
Citizentral Gascons,332095,Apartamentos,Valencia,1,1,€ 87,2019/08/19,2019/08/20,0,"8,7",7
Hotel El Siglo,1741479,NA,Valencia,1,1,€ 87,2019/08/19,2019/08/20,3,"8,5",7
Colegio Mayor La Concepción,626558,NA,Valencia,1,1,€ 88,2019/08/19,2019/08/20,0,"8,6",7
AC Hotel Valencia- a Marriott Lifestyle Hotel,91063,NA,Valencia,1,1,€ 89,2019/08/19,2019/08/20,4,"8,6",7
Hotel Malcom and Barret,483261,NA,Valencia,1,1,€ 89,2019/08/19,2019/08/20,3,"8,7",7
OCEANOGRAFIC APARTMENT. PARKING. WI-FI,3107716,NA,Valencia,1,1,€ 150,2019/08/19,2019/08/20,0,9,7
Vincci Mercat,1279484,NA,Valencia,1,1,€ 150,2019/08/19,2019/08/20,4,9,7
Mon Suites San Nicolas,4117225,NA,Valencia,1,1,€ 156,2019/08/19,2019/08/20,0,"9,1",7
Atico Loft Ruzafa,3152977,Apartamento,Valencia,1,1,NA,2019/08/19,2019/08/20,0,"9,7",7
Soho Valencia,1538641,Apartahotel,Valencia,1,1,€ 89,2019/08/19,2019/08/20,0,"8,9",7
El Palacete Gran Via,3483148,NA,Valencia,1,1,€ 89,2019/08/19,2019/08/20,0,"8,7",7
MYR Hotel Plaza Mercado & Spa,1619029,NA,Valencia,1,1,€ 159,2019/08/19,2019/08/20,0,"9,2",7
MARQUÉS HOUSE 4* SUP,2118880,NA,Valencia,1,1,€ 164,2019/08/19,2019/08/20,4,"9,4",7
Precioso Apartamento En Pleno Centro Con Wifi,3023494,NA,Valencia,1,1,€ 165,2019/08/19,2019/08/20,0,9,7
Hotel Valencia Oceanic Managed by Melia Hotels International,91522,NA,Valencia,1,1,€ 91,2019/08/19,2019/08/20,4,"8,6",7
B&B Hi Valencia Boutique,1301725,NA,Valencia,1,1,€ 91,2019/08/19,2019/08/20,0,"8,7",7
Host & Home,1663785,NA,Valencia,1,1,€ 92,2019/08/19,2019/08/20,0,"8,9",7
IVAM ESQUIFE,4908298,Apartamento,Valencia,1,1,€ 93,2019/08/19,2019/08/20,0,"8,8",7
5 SENSES,3786890,NA,Valencia,1,1,€ 174,2019/08/19,2019/08/20,0,"9,2",7
CABANYAL STAY,5251011,NA,Valencia,1,1,€ 175,2019/08/19,2019/08/20,0,"9,2",7
Hotel Boutique Balandret,1281710,NA,Valencia,1,1,€ 180,2019/08/19,2019/08/20,3,"9,2",7
Canovas rooms,5296619,NA,Valencia,1,1,NA,2019/08/19,2019/08/20,0,"9,6",7
One Shot Palacio Reina Victoria 04,90885,NA,Valencia,1,1,€ 99,2019/08/19,2019/08/20,4,"8,6",7
Apartamentos Plaza Picasso,97063,Apartamentos,Valencia,1,1,€ 99,2019/08/19,2019/08/20,0,"8,5",7
Valenciaflats Ciudad de las Ciencias,93676,NA,Valencia,1,1,€ 180,2019/08/19,2019/08/20,0,"9,1",7
ARENAS 2 APARTAMENT,2808815,NA,Valencia,1,1,€ 200,2019/08/19,2019/08/20,0,"9,2",7
Cozy apartment in Valencia center,3402135,NA,Valencia,1,1,€ 207,2019/08/19,2019/08/20,0,"9,2",7
Caro Hotel,348132,NA,Valencia,1,1,€ 219,2019/08/19,2019/08/20,5,"9,2",7
Ilunion Aqua 4,92777,NA,Valencia,1,1,€ 103,2019/08/19,2019/08/20,4,"8,5",7
Boutique Creative Rooms,2334726,NA,Valencia,1,1,€ 104,2019/08/19,2019/08/20,0,"8,8",7
Ad Hoc Monumental,90719,NA,Valencia,1,1,€ 104,2019/08/19,2019/08/20,3,"8,6",7
Valenciaflats Mercado Central,307677,Apartamentos,Valencia,1,1,€ 105,2019/08/19,2019/08/20,0,"8,9",7
Jardín Botánico Hotel Boutique,93369,NA,Valencia,1,1,€ 106,2019/08/19,2019/08/20,3,"8,9",7
Les flors,3985046,Apartamento,Valencia,1,1,€ 107,2019/08/19,2019/08/20,0,"8,7",7
Blanq Carmen Hotel,97069,NA,Valencia,1,1,€ 108,2019/08/19,2019/08/20,3,"8,7",7
Suites by Eric Olsan (Florista),4726450,Apartamentos,Valencia,1,1,€ 108,2019/08/19,2019/08/20,0,"8,6",7
Casual del Cine Valencia,572187,NA,Valencia,1,1,€ 108,2019/08/19,2019/08/20,2,"8,6",7
Pio XII Apartments Valencia,402080,Apartamentos,Valencia,1,1,€ 108,2019/08/19,2019/08/20,0,"8,5",7
Hotel Kramer,91106,NA,Valencia,1,1,€ 109,2019/08/19,2019/08/20,3,"8,8",7
Light and bright apartment in central Valencia,3767109,Apartamentos,Valencia,1,1,€ 110,2019/08/19,2019/08/20,0,"8,9",7
Casa de Maria,2467712,Apartamento,Valencia,1,1,€ 110,2019/08/19,2019/08/20,0,"8,6",7
AC Hotel Colon Valencia- a Marriott Lifestyle Hotel,1117150,NA,Valencia,1,1,€ 111,2019/08/19,2019/08/20,4,"8,7",7
Zenit Valencia,92327,NA,Valencia,1,1,€ 113,2019/08/19,2019/08/20,4,"8,8",7
Lotelito,570027,NA,Valencia,1,1,€ 115,2019/08/19,2019/08/20,0,"8,9",7
One Shot Colón 46,1394168,NA,Valencia,1,1,€ 115,2019/08/19,2019/08/20,3,"8,7",7
Friendly Rentals Casals,1769176,NA,Valencia,1,1,€ 115,2019/08/19,2019/08/20,0,"8,6",7
Luxury Beach House,3602594,NA,Valencia,1,1,NA,2019/08/19,2019/08/20,0,"9,7",7
Barceló Valencia,91988,NA,Valencia,1,1,€ 115,2019/08/19,2019/08/20,4,"8,7",7
Rooms Ciencias,94126,NA,Valencia,1,1,€ 120,2019/08/19,2019/08/20,0,"8,9",7
Vincci Lys,91183,NA,Valencia,1,1,€ 120,2019/08/19,2019/08/20,4,"8,9",7
Vincci Palace,94163,NA,Valencia,1,1,€ 120,2019/08/19,2019/08/20,4,"8,6",7
Hotel Dimar,90886,NA,Valencia,1,1,€ 122,2019/08/19,2019/08/20,4,"8,7",7
Hotel San Lorenzo Boutique,1307718,NA,Valencia,1,1,€ 123,2019/08/19,2019/08/20,3,"8,6",7
Centro en Valencia,2885222,NA,Valencia,1,1,NA,2019/08/19,2019/08/20,0,"9,5",7
Hotel Mediterraneo Valencia,92412,NA,Valencia,1,1,€ 124,2019/08/19,2019/08/20,3,"8,8",7
Valenciaflats Centro Histórico,94781,NA,Valencia,1,1,€ 125,2019/08/19,2019/08/20,0,"8,7",7
Melia Plaza Valencia,13270,NA,Valencia,1,1,€ 127,2019/08/19,2019/08/20,4,"8,9",7
Catalonia Excelsior,90578,NA,Valencia,1,1,€ 130,2019/08/19,2019/08/20,3,"8,7",7
BUBUFLATS / Mercat,783206,NA,Valencia,1,1,€ 135,2019/08/19,2019/08/20,0,"8,9",7
Petit Palace Plaza de la Reina,90443,NA,Valencia,1,1,€ 149,2019/08/19,2019/08/20,3,"8,7",7
La seda stay,3335523,NA,Valencia,1,1,NA,2019/08/19,2019/08/20,0,"9,7",7
Flatsforyou Ruzafa,3342696,NA,Valencia,1,1,€ 150,2019/08/19,2019/08/20,0,"8,8",7
Flatsforyou Sorolla House,403442,NA,Valencia,1,1,€ 155,2019/08/19,2019/08/20,0,"8,6",7
Apartamento frente al mar,3060802,NA,Valencia,1,1,€ 155,2019/08/19,2019/08/20,0,"8,6",7
Hospes Palau de La Mar,93823,NA,Valencia,1,1,€ 158,2019/08/19,2019/08/20,5,"8,8",7
Casa Cabañal,2436758,NA,Valencia,1,1,€ 160,2019/08/19,2019/08/20,0,"8,9",7
SH Valencia Palace,91497,NA,Valencia,1,1,€ 160,2019/08/19,2019/08/20,5,"8,5",7
Apartamento en la Ciudad de las Artes y las Ciencias,3552283,NA,Valencia,1,1,NA,2019/08/19,2019/08/20,0,"9,5",7
Pintor Salvador Abril 24 Apartment,3249845,NA,Valencia,1,1,€ 167,2019/08/19,2019/08/20,0,"8,9",7
Valencia Luxury Mercado de Colón,2960845,NA,Valencia,1,1,€ 170,2019/08/19,2019/08/20,0,"8,9",7
Malvarrosa Beach Apartment,1336847,NA,Valencia,1,1,€ 175,2019/08/19,2019/08/20,0,"8,9",7
The Westin Valencia,93321,NA,Valencia,1,1,€ 188,2019/08/19,2019/08/20,5,"8,7",7
Carlos & Ana,2079019,NA,Valencia,1,1,€ 195,2019/08/19,2019/08/20,0,"8,9",7
SingularStays Parque Central,3054000,NA,Valencia,1,1,€ 217,2019/08/19,2019/08/20,0,"8,8",7
El Corazon de Canovas,2634817,NA,Valencia,1,1,NA,2019/08/19,2019/08/20,0,"9,7",7
Mar & City Apartment,3456759,NA,Valencia,1,1,€ 260,2019/08/19,2019/08/20,0,"8,9",7
Urban Youth Hostel,1163025,NA,Valencia,1,1,€ 35,2019/08/19,2019/08/20,0,"8,4",7
Albergue Juvenil Colegio Mayor Galileo Galilei,253103,NA,Valencia,1,1,€ 40,2019/08/19,2019/08/20,0,8,7
Red Nest Hostel,92283,NA,Valencia,1,1,€ 45,2019/08/19,2019/08/20,0,"8,2",7
HABITACIÓN PRIVADA EN RUZAFA,4948581,NA,Valencia,1,1,€ 51,2019/08/19,2019/08/20,0,"8,1",7
B&B Hi Valencia Canovas,305349,NA,Valencia,1,1,€ 52,2019/08/19,2019/08/20,0,"8,4",7
Apartamento,3139431,NA,Valencia,1,1,NA,2019/08/19,2019/08/20,0,"9,5",7
Como en casa,4802186,NA,Valencia,1,1,€ 54,2019/08/19,2019/08/20,0,8,7
Residencia Universitaria Damia Bonet,247451,NA,Valencia,1,1,€ 59,2019/08/19,2019/08/20,0,"8,4",7
Purple Nest Hostel,25278,NA,Valencia,1,1,€ 60,2019/08/19,2019/08/20,0,8,7
Pension MonaLisa Luxury Suites,3834224,NA,Valencia,1,1,€ 60,2019/08/19,2019/08/20,0,"8,2",7
Tryp Valencia Feria,92852,NA,Valencia,1,1,€ 63,2019/08/19,2019/08/20,4,"8,3",7
L'Otelet By Sweet,1467935,NA,Valencia,1,1,€ 64,2019/08/19,2019/08/20,0,"8,3",7
Innsa,503793,NA,Valencia,1,1,€ 65,2019/08/19,2019/08/20,0,"8,3",7
Nanit Valencia Hostel,3913497,NA,Valencia,1,1,€ 70,2019/08/19,2019/08/20,0,"8,3",7
Alquiler Habitacion Centro De Valencia,3977106,NA,Valencia,1,1,€ 72,2019/08/19,2019/08/20,0,8,7
Aparthotel Valencia Rental,17344,NA,Valencia,1,1,€ 74,2019/08/19,2019/08/20,0,8,7
Hotel Olympia Universidades,1301731,NA,Valencia,1,1,€ 75,2019/08/19,2019/08/20,3,"8,4",7
Dormavalencia Hostel,249585,NA,Valencia,1,1,€ 75,2019/08/19,2019/08/20,1,"8,2",7
NH Ciudad de Valencia,90729,NA,Valencia,1,1,€ 78,2019/08/19,2019/08/20,3,"8,1",7
Happy Apartments Valencia – Lope de Vega,575582,NA,Valencia,1,1,€ 79,2019/08/19,2019/08/20,0,"8,1",7
Apartamentos En Plom,3666575,NA,Valencia,1,1,€ 80,2019/08/19,2019/08/20,0,"8,2",7
NH Valencia Las Ciencias,90725,NA,Valencia,1,1,€ 80,2019/08/19,2019/08/20,3,8,7
Palacios Rooms,2773548,NA,Valencia,1,1,€ 81,2019/08/19,2019/08/20,0,"8,3",7
Sweet Hotel Continental,93856,NA,Valencia,1,1,€ 84,2019/08/19,2019/08/20,2,"8,3",7
