name,propertyId,propertyType,city,rooms,days,price,checkIn,checkOut,stars,score,advance
Habitación muy cerca de la playa.,5395908,NA,Valencia,1,1,€ 40,2019/10/09,2019/10/10,0,,60
Brugada home,5259150,NA,Valencia,1,1,€ 50,2019/10/09,2019/10/10,0,,60
Casa Isa,2683762,Apartamento,Valencia,1,1,NA,2019/10/09,2019/10/10,0,"9,2",60
Rooms El Picolino,5326859,NA,Valencia,1,1,€ 52,2019/10/09,2019/10/10,0,,60
Hogar Dulce Hogar,5426607,NA,Valencia,1,1,€ 60,2019/10/09,2019/10/10,0,,60
Amplia habitación en piso compartido,5433175,NA,Valencia,1,1,€ 60,2019/10/09,2019/10/10,0,,60
vosotros sereis parte de mi familia.,5299568,NA,Valencia,1,1,€ 60,2019/10/09,2019/10/10,0,,60
Comfort Homestay,5423155,NA,Valencia,1,1,€ 67,2019/10/09,2019/10/10,0,,60
Mi casa es vuestra casa,4967097,NA,Valencia,1,1,€ 70,2019/10/09,2019/10/10,0,,60
Casas Benlliure,3274635,Apartamentos,Valencia,1,1,NA,2019/10/09,2019/10/10,0,"9,1",60
Calle de Frederica Montseny 'Política' Casa o chalet,5152866,Casa o chalet,Valencia,1,1,€ 76,2019/10/09,2019/10/10,0,,60
Nest Style Valencia -Proxima apertura-,5219046,NA,Valencia,1,1,€ 76,2019/10/09,2019/10/10,3,,60
Loft Turia Gran,5133726,Apartamento,Valencia,1,1,€ 80,2019/10/09,2019/10/10,0,,60
Habitación en Valencia,5477394,NA,Valencia,1,1,€ 80,2019/10/09,2019/10/10,0,,60
Apartamento Centrico Y Muy Bien Ubicado,4800241,Apartamento,Valencia,1,1,€ 101,2019/10/09,2019/10/10,0,,60
RAVALENCIA 4,3377937,Apartamento,Valencia,1,1,€ 124,2019/10/09,2019/10/10,0,,60
Apartamento Ruzafa Centro II,3718518,Apartamento,Valencia,1,1,NA,2019/10/09,2019/10/10,0,9,60
Magnífico Adosado- cerca de Valencia ciudad- en zona de montaña y playa fluvial,5354233,Casa o chalet,Valencia,1,1,€ 125,2019/10/09,2019/10/10,0,,60
Kirei Apartment Dublin,4639542,Apartamento,Valencia,1,1,€ 137,2019/10/09,2019/10/10,0,,60
Atico Loft Torres de Quart,4152620,Apartamento,Valencia,1,1,€ 140,2019/10/09,2019/10/10,0,,60
"Flat ""Ca Alexandre""",3687859,Apartamento,Valencia,1,1,€ 240,2019/10/09,2019/10/10,0,,60
Apartamento con terraza,5238122,Apartahotel,Valencia,1,1,€ 240,2019/10/09,2019/10/10,0,,60
SORNELLS-RUZAFA,3671921,Apartamentos,Valencia,1,1,€ 250,2019/10/09,2019/10/10,0,,60
Piso como en tu casa 2,3834617,Apartamentos,Valencia,1,1,NA,2019/10/09,2019/10/10,0,"9,1",60
CALLE BAJA CIUTAT VELLA,3687463,Apartamento,Valencia,1,1,€ 257,2019/10/09,2019/10/10,0,,60
Apartment Carrer de Don Juan de Austria,5464038,Apartamentos,Valencia,1,1,€ 356,2019/10/09,2019/10/10,0,,60
MD PASEO RUZAFA CENTER,5374850,Apartamento,Valencia,1,1,€ 502,2019/10/09,2019/10/10,0,,60
Governor Residence,3799760,Apartahotel,Valencia,1,1,€ 600,2019/10/09,2019/10/10,0,,60
Gulet Why Not,5199364,NA,Valencia,1,1,€ 3.000,2019/10/09,2019/10/10,0,,60
Sorolla Centro,90896,NA,Valencia,1,1,€ 121,2019/10/09,2019/10/10,3,"9,1",60
Friendly Rentals Schubert,1634221,Apartamentos,Valencia,1,1,€ 125,2019/10/09,2019/10/10,0,9,60
Atico Loft Ruzafa,3152977,Apartamento,Valencia,1,1,NA,2019/10/09,2019/10/10,0,"9,7",60
Welcome Apartamentos Pintor Stolz 31 Valencia,5019066,Apartamento,Valencia,1,1,€ 125,2019/10/09,2019/10/10,0,"9,1",60
Live in Chianti Apartaments,2882632,Apartamentos,Valencia,1,1,€ 128,2019/10/09,2019/10/10,0,"9,1",60
Center City Flats,861452,Apartamentos,Valencia,1,1,€ 128,2019/10/09,2019/10/10,0,"9,1",60
Hotel Valencia Alameda,4019381,NA,Valencia,1,1,€ 129,2019/10/09,2019/10/10,4,"9,3",60
Mon Suites San Martin,2777545,Apartamentos,Valencia,1,1,€ 129,2019/10/09,2019/10/10,0,"9,4",60
Apartments Welcome to Valencia Peset Aleixandre 69,4964856,Apartamento,Valencia,1,1,€ 130,2019/10/09,2019/10/10,0,"9,3",60
Canovas rooms,5296619,NA,Valencia,1,1,NA,2019/10/09,2019/10/10,0,"9,6",60
One Shot Mercat 09,2274203,NA,Valencia,1,1,€ 134,2019/10/09,2019/10/10,4,"9,1",60
Loft zona Pechina en Valencia centro,2524985,Apartamento,Valencia,1,1,€ 138,2019/10/09,2019/10/10,0,"9,2",60
Valenciaflats Centro Ciudad,18544,Apartamentos,Valencia,1,1,€ 138,2019/10/09,2019/10/10,0,"9,1",60
OCEANOGRAFIC DELUXE- PARKING- WI-FI,4095746,Apartamento,Valencia,1,1,€ 140,2019/10/09,2019/10/10,0,"9,2",60
APARTAMENTO CENTRICO. WI-FI. PARKING,2967593,Apartamento,Valencia,1,1,€ 140,2019/10/09,2019/10/10,0,"9,2",60
Hi Valencia Cánovas,4312120,Apartamentos,Valencia,1,1,€ 144,2019/10/09,2019/10/10,0,"9,1",60
La seda stay,3335523,Apartamento,Valencia,1,1,NA,2019/10/09,2019/10/10,0,"9,7",60
Friendly Rentals Torrealba,1634243,Apartamento,Valencia,1,1,€ 145,2019/10/09,2019/10/10,0,"9,4",60
Casa Cosy,375456,Apartamentos,Valencia,1,1,€ 145,2019/10/09,2019/10/10,0,"9,4",60
Apartamentos La más Bonita,2816245,Apartamentos,Valencia,1,1,€ 149,2019/10/09,2019/10/10,0,"9,1",60
MYR Hotel Plaza Mercado & Spa,1619029,Apartahotel,Valencia,1,1,€ 149,2019/10/09,2019/10/10,0,"9,2",60
ARENAS 2 APARTAMENT,2808815,Apartamento,Valencia,1,1,€ 150,2019/10/09,2019/10/10,0,"9,2",60
Sweet Caroline Apartment,1811784,Apartamento,Valencia,1,1,€ 150,2019/10/09,2019/10/10,0,"9,2",60
Apartamento en la Ciudad de las Artes y las Ciencias,3552283,Apartamento,Valencia,1,1,NA,2019/10/09,2019/10/10,0,"9,5",60
B BEACH VALENCIA,5125954,Apartamento,Valencia,1,1,€ 150,2019/10/09,2019/10/10,0,"9,4",60
Duplex en Blasco Ibáñez,3672426,Apartamento,Valencia,1,1,€ 155,2019/10/09,2019/10/10,0,"9,1",60
Edificio Pentagono,4673669,Apartamento,Valencia,1,1,€ 155,2019/10/09,2019/10/10,0,"9,2",60
NH Collection Colón Valencia,3828811,NA,Valencia,1,1,€ 162,2019/10/09,2019/10/10,4,"9,2",60
MARQUÉS HOUSE 4* SUP,2118880,NA,Valencia,1,1,€ 169,2019/10/09,2019/10/10,4,"9,4",60
Friendly Rentals Boyvin,1923141,Apartamento,Valencia,1,1,€ 172,2019/10/09,2019/10/10,0,"9,3",60
Apartamento,3139431,Apartamento,Valencia,1,1,NA,2019/10/09,2019/10/10,0,"9,5",60
Vincci Mercat,1279484,NA,Valencia,1,1,€ 176,2019/10/09,2019/10/10,4,9,60
Las Arenas Balneario Resort,91144,NA,Valencia,1,1,€ 189,2019/10/09,2019/10/10,5,9,60
Hi Valencia Apartments - Jorge Juan,2373701,Apartamento,Valencia,1,1,€ 190,2019/10/09,2019/10/10,0,"9,4",60
VLC Beach,4622960,Apartamento,Valencia,1,1,€ 195,2019/10/09,2019/10/10,0,9,60
Jardines del Turia - Espacioso apartamento,2734126,Apartamento,Valencia,1,1,€ 200,2019/10/09,2019/10/10,0,"9,1",60
Loft Superior el Carmen,2784473,Apartamento,Valencia,1,1,€ 209,2019/10/09,2019/10/10,0,"9,4",60
Apartment Cisneros 2,2361375,Apartamento,Valencia,1,1,NA,2019/10/09,2019/10/10,0,"9,7",60
Caro Hotel,348132,NA,Valencia,1,1,€ 229,2019/10/09,2019/10/10,5,"9,2",60
Cozy apartment in Valencia center,3402135,Apartamentos,Valencia,1,1,€ 253,2019/10/09,2019/10/10,0,"9,2",60
Old Fisherman's House in Malvarrosa Beach,3618172,Apartamento,Valencia,1,1,€ 288,2019/10/09,2019/10/10,0,"9,4",60
Zerka Sendra,4657122,Apartamento,Valencia,1,1,€ 301,2019/10/09,2019/10/10,0,9,60
MD Julio Antonio Apartment Center,3961049,Apartamento,Valencia,1,1,€ 345,2019/10/09,2019/10/10,0,"9,2",60
Pensión Alicante,298710,NA,Valencia,1,1,€ 38,2019/10/09,2019/10/10,0,"8,5",60
Quart Youth Hostel,476418,NA,Valencia,1,1,€ 44,2019/10/09,2019/10/10,0,"8,7",60
Home Youth Hostel by Feetup Hostels,189322,NA,Valencia,1,1,€ 52,2019/10/09,2019/10/10,0,"8,8",60
Namaste Rooms,3799642,NA,Valencia,1,1,€ 55,2019/10/09,2019/10/10,0,"8,6",60
Zalamera BnB,1331238,NA,Valencia,1,1,€ 58,2019/10/09,2019/10/10,0,"8,7",60
Pio XII Apartments Valencia,402080,Apartamentos,Valencia,1,1,€ 60,2019/10/09,2019/10/10,0,"8,5",60
Homestay Carrer Sagun,5006434,NA,Valencia,1,1,€ 60,2019/10/09,2019/10/10,0,"8,7",60
Luz de Valencia,2076095,Apartamentos,Valencia,1,1,€ 63,2019/10/09,2019/10/10,0,"8,8",60
Hulot B&B Valencia,585429,NA,Valencia,1,1,€ 63,2019/10/09,2019/10/10,0,"8,5",60
ABCyou Bed&Breakfast,189207,NA,Valencia,1,1,€ 64,2019/10/09,2019/10/10,0,"8,5",60
Hotel Malcom and Barret,483261,NA,Valencia,1,1,€ 67,2019/10/09,2019/10/10,3,"8,7",60
Hotel Sercotel Acteón Valencia,90495,NA,Valencia,1,1,€ 68,2019/10/09,2019/10/10,4,"8,5",60
Turia Town,4064373,Apartamentos,Valencia,1,1,€ 69,2019/10/09,2019/10/10,0,"8,8",60
Apartment Boutique,1874374,NA,Valencia,1,1,€ 70,2019/10/09,2019/10/10,0,"8,5",60
Valencia maritimo,3020748,NA,Valencia,1,1,€ 70,2019/10/09,2019/10/10,0,"8,9",60
Preciosa Casita Cerca Del Mar,4057271,NA,Valencia,1,1,NA,2019/10/09,2019/10/10,0,"9,7",60
Buho House,3777691,NA,Valencia,1,1,€ 74,2019/10/09,2019/10/10,0,"8,5",60
Rooms Ciencias,94126,NA,Valencia,1,1,€ 77,2019/10/09,2019/10/10,0,"8,9",60
Host & Home,1663785,NA,Valencia,1,1,€ 78,2019/10/09,2019/10/10,0,"8,9",60
Soho Valencia,1538641,NA,Valencia,1,1,€ 78,2019/10/09,2019/10/10,0,"8,9",60
Petit Palomar,2187491,NA,Valencia,1,1,€ 79,2019/10/09,2019/10/10,0,"8,9",60
Jardín Botánico Hotel Boutique,93369,NA,Valencia,1,1,€ 79,2019/10/09,2019/10/10,3,"8,9",60
Musico Art Flat,2925957,NA,Valencia,1,1,NA,2019/10/09,2019/10/10,0,"9,6",60
Apartamento Jesus De Medinaceli,1728697,NA,Valencia,1,1,€ 80,2019/10/09,2019/10/10,0,"8,5",60
UNIK. Apartments Valencia,2241282,NA,Valencia,1,1,€ 82,2019/10/09,2019/10/10,0,"8,5",60
València Centre Torres de Quart,886289,NA,Valencia,1,1,€ 82,2019/10/09,2019/10/10,0,"8,9",60
B&B Hi Valencia Boutique,1301725,NA,Valencia,1,1,€ 83,2019/10/09,2019/10/10,0,"8,7",60
Ad Hoc Carmen,1173270,NA,Valencia,1,1,€ 85,2019/10/09,2019/10/10,2,"8,9",60
València Centre Túria,2185255,NA,Valencia,1,1,€ 85,2019/10/09,2019/10/10,0,"8,8",60
Apartment Sofi,2830696,NA,Valencia,1,1,NA,2019/10/09,2019/10/10,0,"9,8",60
Valenciaflats Centro Histórico,94781,NA,Valencia,1,1,€ 87,2019/10/09,2019/10/10,0,"8,7",60
Casual del Cine Valencia,572187,NA,Valencia,1,1,€ 88,2019/10/09,2019/10/10,2,"8,6",60
BUBUFLATS / Mercat,783206,NA,Valencia,1,1,€ 90,2019/10/09,2019/10/10,0,"8,9",60
Casa de Maria,2467712,NA,Valencia,1,1,€ 90,2019/10/09,2019/10/10,0,"8,6",60
BUBUFLATS Mossén,1141763,NA,Valencia,1,1,€ 90,2019/10/09,2019/10/10,0,"8,9",60
Casa del Patriarca,364834,NA,Valencia,1,1,€ 90,2019/10/09,2019/10/10,0,"8,9",60
Colón Market Downtown,4607745,NA,Valencia,1,1,NA,2019/10/09,2019/10/10,0,"9,7",60
Suites by Eric Olsan (Florista),4726450,NA,Valencia,1,1,€ 93,2019/10/09,2019/10/10,0,"8,6",60
Sercotel Sorolla Palace,93646,NA,Valencia,1,1,€ 95,2019/10/09,2019/10/10,4,"8,6",60
Casual Socarrat Valencia,5142800,NA,Valencia,1,1,€ 95,2019/10/09,2019/10/10,3,"8,9",60
New Trendy apartment,2426154,NA,Valencia,1,1,€ 95,2019/10/09,2019/10/10,0,"8,7",60
Ilunion Aqua 4,92777,NA,Valencia,1,1,€ 99,2019/10/09,2019/10/10,4,"8,5",60
Hotel Valencia Oceanic Managed by Melia Hotels International,91522,NA,Valencia,1,1,€ 100,2019/10/09,2019/10/10,4,"8,6",60
Centro en Valencia,2885222,NA,Valencia,1,1,NA,2019/10/09,2019/10/10,0,"9,5",60
Lotelito,570027,NA,Valencia,1,1,€ 101,2019/10/09,2019/10/10,0,"8,9",60
Biopark View Apartment,2381901,NA,Valencia,1,1,€ 101,2019/10/09,2019/10/10,0,"8,9",60
Hotel Kramer,91106,NA,Valencia,1,1,€ 102,2019/10/09,2019/10/10,3,"8,8",60
Valencian Apartment,2298621,NA,Valencia,1,1,€ 102,2019/10/09,2019/10/10,0,"8,8",60
Petit Palace Ruzafa,90792,NA,Valencia,1,1,€ 103,2019/10/09,2019/10/10,3,"8,7",60
Blanq Carmen Hotel,97069,NA,Valencia,1,1,€ 103,2019/10/09,2019/10/10,3,"8,7",60
El Corazon de Canovas,2634817,NA,Valencia,1,1,NA,2019/10/09,2019/10/10,0,"9,7",60
Casual Vintage Valencia,1710241,NA,Valencia,1,1,€ 106,2019/10/09,2019/10/10,2,"8,5",60
One Shot Colón 46,1394168,NA,Valencia,1,1,€ 107,2019/10/09,2019/10/10,3,"8,7",60
Hotel San Lorenzo Boutique,1307718,NA,Valencia,1,1,€ 108,2019/10/09,2019/10/10,3,"8,6",60
Apartamentos Turia,355328,NA,Valencia,1,1,€ 108,2019/10/09,2019/10/10,0,"8,6",60
SKY TOURISTIC ATTIC,281640,NA,Valencia,1,1,€ 108,2019/10/09,2019/10/10,0,"8,5",60
Boutique Creative Rooms,2334726,NA,Valencia,1,1,€ 113,2019/10/09,2019/10/10,0,"8,8",60
Zenit Valencia,92327,NA,Valencia,1,1,€ 114,2019/10/09,2019/10/10,4,"8,8",60
Hotel Mediterraneo Valencia,92412,NA,Valencia,1,1,€ 118,2019/10/09,2019/10/10,3,"8,8",60
Valenciaflats Mercado Central,307677,NA,Valencia,1,1,€ 120,2019/10/09,2019/10/10,0,"8,9",60
El Palacete Gran Via,3483148,NA,Valencia,1,1,€ 121,2019/10/09,2019/10/10,0,"8,7",60
Friendly Rentals Casals,1769176,NA,Valencia,1,1,€ 125,2019/10/09,2019/10/10,0,"8,6",60
Friendly Rentals Ravel I,1634234,NA,Valencia,1,1,€ 125,2019/10/09,2019/10/10,0,"8,9",60
Apartamentos Valencia - Brazil 31 Free WiFi,4948554,NA,Valencia,1,1,€ 125,2019/10/09,2019/10/10,0,"8,8",60
Petit Palace Plaza de la Reina,90443,NA,Valencia,1,1,€ 125,2019/10/09,2019/10/10,3,"8,7",60
Hotel El Siglo,1741479,NA,Valencia,1,1,€ 127,2019/10/09,2019/10/10,3,"8,5",60
Catalonia Excelsior,90578,NA,Valencia,1,1,€ 130,2019/10/09,2019/10/10,3,"8,7",60
Ad Hoc Monumental,90719,NA,Valencia,1,1,€ 133,2019/10/09,2019/10/10,3,"8,6",60
Hotel Dimar,90886,NA,Valencia,1,1,€ 135,2019/10/09,2019/10/10,4,"8,7",60
Malvarrosa Calle Pavia,3608764,Casa o chalet,Valencia,1,1,€ 271,2019/10/09,2019/10/10,0,"8,1",60
MD Benlliure Beach.,1957258,Apartamento,Valencia,1,1,€ 296,2019/10/09,2019/10/10,0,"8,1",60
Flat El Porto - Valencia,3146159,Apartamento,Valencia,1,1,NA,2019/10/09,2019/10/10,0,"9,6",60
NWT Central Station Apartments,3964093,Apartamento,Valencia,1,1,€ 300,2019/10/09,2019/10/10,0,"8,3",60
MD Sueca. Apartment with Terrace Ruzafa,2551179,Apartamento,Valencia,1,1,€ 375,2019/10/09,2019/10/10,0,"8,1",60
MD Vila Barbera Apartment Center,1957253,Apartamento,Valencia,1,1,€ 390,2019/10/09,2019/10/10,0,"8,4",60
UP Hostel Valencia,1710137,NA,Valencia,1,1,€ 24,2019/10/09,2019/10/10,0,"7,8",60
Center Valencia Youth Hostel,246931,NA,Valencia,1,1,€ 25,2019/10/09,2019/10/10,0,"7,9",60
Hostal El Cid,309465,NA,Valencia,1,1,€ 30,2019/10/09,2019/10/10,2,"7,5",60
15 Avinguda Mare Nostrum,4518973,Apartamento,Valencia,1,1,NA,2019/10/09,2019/10/10,0,"9,8",60
Pensión Universal,304276,NA,Valencia,1,1,€ 30,2019/10/09,2019/10/10,0,"7,9",60
Hostal Moratin,326015,NA,Valencia,1,1,€ 34,2019/10/09,2019/10/10,1,"7,9",60
Apart and Benef,2291245,NA,Valencia,1,1,€ 34,2019/10/09,2019/10/10,0,"7,8",60
Hostal On Dormire Valencia,432305,NA,Valencia,1,1,€ 35,2019/10/09,2019/10/10,0,"7,9",60
Habitación Céntrica en Casa de Familia,4289877,NA,Valencia,1,1,€ 35,2019/10/09,2019/10/10,0,"7,9",60
Habitación San Cayetano,4624401,NA,Valencia,1,1,€ 35,2019/10/09,2019/10/10,0,"7,6",60
Classic Flat Valencia,4245614,Apartamento,Valencia,1,1,NA,2019/10/09,2019/10/10,0,"9,5",60
Habitacion PLaza Ayuntamiento,4365340,NA,Valencia,1,1,€ 40,2019/10/09,2019/10/10,0,"7,6",60
Casual Civilizaciones Valencia,449777,NA,Valencia,1,1,€ 41,2019/10/09,2019/10/10,0,"7,9",60
Valencia City Host,1177077,NA,Valencia,1,1,€ 42,2019/10/09,2019/10/10,0,"7,8",60
Voyagers Inn Homestay,2682156,NA,Valencia,1,1,€ 47,2019/10/09,2019/10/10,0,"7,8",60
OYO Pensión El Rincón,476031,NA,Valencia,1,1,€ 50,2019/10/09,2019/10/10,1,"7,8",60
Apartamentos Adressadors,1743173,Apartamentos,Valencia,1,1,€ 50,2019/10/09,2019/10/10,0,"7,8",60
VIVIENDA DISEÑO CON JARDÍN INTERIOR,4314054,Apartamento,Valencia,1,1,NA,2019/10/09,2019/10/10,0,"9,7",60
Apartamentos Abastos,1044426,Apartamentos,Valencia,1,1,€ 50,2019/10/09,2019/10/10,0,"7,6",60
Habitación cerca del centro,2789581,NA,Valencia,1,1,€ 52,2019/10/09,2019/10/10,0,"7,7",60
Como en casa,4802186,NA,Valencia,1,1,€ 54,2019/10/09,2019/10/10,0,"7,9",60
Cosy Rooms Tapinería,371192,NA,Valencia,1,1,€ 58,2019/10/09,2019/10/10,2,"7,5",60
Hotel Beleret,94652,NA,Valencia,1,1,€ 58,2019/10/09,2019/10/10,3,"7,6",60
Hotel Turia,14441,NA,Valencia,1,1,€ 59,2019/10/09,2019/10/10,4,"7,5",60
CENTRO CIUDAD-PZA AYUNTAMIENTO-WIFI,3604273,Apartamento,Valencia,1,1,NA,2019/10/09,2019/10/10,0,"9,3",60
Expo Hotel Valencia,91223,NA,Valencia,1,1,€ 60,2019/10/09,2019/10/10,3,"7,6",60
Hostal Bisbal,235665,NA,Valencia,1,1,€ 60,2019/10/09,2019/10/10,1,"7,5",60
B&B Hotel Valencia Ciudad de las Ciencias,92242,NA,Valencia,1,1,€ 62,2019/10/09,2019/10/10,3,"7,5",60
United Colors of Studios - Mercado Central,2574108,Apartamentos,Valencia,1,1,€ 64,2019/10/09,2019/10/10,0,"7,9",60
Jero Rooms,296743,NA,Valencia,1,1,€ 66,2019/10/09,2019/10/10,0,"7,7",60
Ilunion Valencia 3,92818,NA,Valencia,1,1,€ 67,2019/10/09,2019/10/10,3,"7,9",60
Home Club Micalet Apartments,443595,Apartamentos,Valencia,1,1,NA,2019/10/09,2019/10/10,0,9,60
City Center Apartments,4426057,Apartamentos,Valencia,1,1,€ 68,2019/10/09,2019/10/10,0,"7,8",60
HOSPEDAJE PESET,4718074,NA,Valencia,1,1,€ 70,2019/10/09,2019/10/10,0,"7,5",60
Checkin Valencia,93743,NA,Valencia,1,1,€ 71,2019/10/09,2019/10/10,4,"7,8",60
Torres Quart,3702234,Apartamentos,Valencia,1,1,€ 83,2019/10/09,2019/10/10,0,"7,8",60
SHF Plaza de la Reina,1682520,Apartamentos,Valencia,1,1,€ 84,2019/10/09,2019/10/10,0,"7,7",60
Lujoso Apartamento En El Carmen,2814452,Apartamento,Valencia,1,1,€ 88,2019/10/09,2019/10/10,0,"7,5",60
Patacona Green Flats,292996,Apartamentos,Valencia,1,1,€ 91,2019/10/09,2019/10/10,0,"7,6",60
Plaza Sainetero 5,3148458,Apartamento,Valencia,1,1,€ 93,2019/10/09,2019/10/10,0,"7,7",60
Suites by Eric Olsan (Peset),4726296,Apartamentos,Valencia,1,1,€ 94,2019/10/09,2019/10/10,0,"7,6",60
Casual de la Música Valencia,273130,NA,Valencia,1,1,€ 97,2019/10/09,2019/10/10,2,"7,5",60
El 16 Ruzafa,865461,Apartamentos,Valencia,1,1,€ 99,2019/10/09,2019/10/10,0,"7,7",60
Kirei Apartment San Vicente,1774062,Apartamento,Valencia,1,1,€ 110,2019/10/09,2019/10/10,0,"7,5",60
STYLISH APARTMENT - CITY CENTER,2861517,Apartamento,Valencia,1,1,€ 114,2019/10/09,2019/10/10,0,"7,8",60
Kirei Apartment Vienna,4639797,Apartamento,Valencia,1,1,€ 115,2019/10/09,2019/10/10,0,"7,8",60
Miresa flats,5300418,Apartamento,Valencia,1,1,€ 125,2019/10/09,2019/10/10,0,"7,5",60
Apartamento Alguer,4005334,Apartamento,Valencia,1,1,€ 125,2019/10/09,2019/10/10,0,"7,7",60
My Reception - Edificio Russafa,4732440,Apartamentos,Valencia,1,1,€ 130,2019/10/09,2019/10/10,0,"7,8",60
Old Town Flats Casa Burguerini,4552106,Apartamentos,Valencia,1,1,€ 151,2019/10/09,2019/10/10,0,"7,5",60
United Colors of Apartments Boutique Style,5372347,NA,Valencia,1,1,€ 89,2019/10/09,2019/10/10,0,10,60
Hostal Antigua Morellana,1273937,NA,Valencia,1,1,€ 80,2019/10/09,2019/10/10,1,"9,5",60
Central Park Apartment Valencia,3881533,NA,Valencia,1,1,NA,2019/10/09,2019/10/10,0,"9,6",60
Opera House Valencia B&B,3533887,NA,Valencia,1,1,€ 90,2019/10/09,2019/10/10,0,"9,5",60
Valencian Dreams,3268804,NA,Valencia,1,1,€ 97,2019/10/09,2019/10/10,0,"9,8",60
Precioso piso junto al antiguo barrio de Campanar,3297078,NA,Valencia,1,1,€ 100,2019/10/09,2019/10/10,0,"9,6",60
Ramirez Flats & Bar,4124528,NA,Valencia,1,1,€ 104,2019/10/09,2019/10/10,0,"9,5",60
Valencian Dreams Lonja,4757385,NA,Valencia,1,1,€ 106,2019/10/09,2019/10/10,0,"9,7",60
Duplex+Swimming pool+private entrance=Housen of LOVE,2999152,NA,Valencia,1,1,€ 125,2019/10/09,2019/10/10,0,"9,5",60
Casa Botànic - Céntrico y con comodidades,4218273,NA,Valencia,1,1,NA,2019/10/09,2019/10/10,0,"9,8",60
Apartamento centro frente a Torres de Serrano,3408067,NA,Valencia,1,1,€ 130,2019/10/09,2019/10/10,0,"9,5",60
RUZAFA- CENTRO-A/C- WI-FI- PARKING,2885994,NA,Valencia,1,1,€ 140,2019/10/09,2019/10/10,0,"9,7",60
Casa Calle Conquista,4691493,NA,Valencia,1,1,€ 146,2019/10/09,2019/10/10,0,"9,6",60
Ciudad Ciencias- Lujo- Parking- Wi-Fi.,4999636,NA,Valencia,1,1,€ 150,2019/10/09,2019/10/10,0,"9,8",60
Apartments Downtown Valencia,2250421,NA,Valencia,1,1,€ 190,2019/10/09,2019/10/10,0,"9,6",60
Disfruta - Enjoy Valencia Ayuntamiento,4901194,NA,Valencia,1,1,€ 249,2019/10/09,2019/10/10,0,"9,9",60
Barracart Apartments,2125836,NA,Valencia,1,1,NA,2019/10/09,2019/10/10,0,"9,6",60
Disfruta - Enjoy Valencia Oceanografic,4121345,NA,Valencia,1,1,€ 255,2019/10/09,2019/10/10,0,"9,6",60
Cantagua Hostel,4074640,NA,Valencia,1,1,€ 40,2019/10/09,2019/10/10,0,"9,1",60
Art&Flats Bed&Breakfast,5238345,NA,Valencia,1,1,€ 45,2019/10/09,2019/10/10,0,"9,2",60
YOU & CO. Saler Beach Boutique,4533007,NA,Valencia,1,1,€ 57,2019/10/09,2019/10/10,3,"9,4",60
Habitación privada a 1500 metros de la playa,3789910,NA,Valencia,1,1,€ 60,2019/10/09,2019/10/10,0,"9,3",60
Blanq Comedias,4922002,NA,Valencia,1,1,€ 68,2019/10/09,2019/10/10,0,"9,1",60
BONNIES Suites & Spa Valencia,3631910,NA,Valencia,1,1,NA,2019/10/09,2019/10/10,0,"9,8",60
Live in Chianti,2227491,NA,Valencia,1,1,€ 75,2019/10/09,2019/10/10,0,"9,1",60
City Garden Bed and Breakfast,2204361,NA,Valencia,1,1,€ 76,2019/10/09,2019/10/10,0,"9,4",60
Hostal Venecia,92883,NA,Valencia,1,1,€ 79,2019/10/09,2019/10/10,2,"9,1",60
Apartments Madrina,3278589,NA,Valencia,1,1,€ 85,2019/10/09,2019/10/10,0,9,60
Moon Valencia,3560698,NA,Valencia,1,1,€ 86,2019/10/09,2019/10/10,0,9,60
Mon Suites San Nicolas,4117225,NA,Valencia,1,1,€ 87,2019/10/09,2019/10/10,0,"9,1",60
Apartamento Comedias,2236348,NA,Valencia,1,1,NA,2019/10/09,2019/10/10,0,"9,8",60
Apartamento en Ruzafa,2983208,NA,Valencia,1,1,€ 135,2019/10/09,2019/10/10,0,"8,5",60
Barceló Valencia,91988,NA,Valencia,1,1,€ 135,2019/10/09,2019/10/10,4,"8,7",60
Constitución,4229663,NA,Valencia,1,1,NA,2019/10/09,2019/10/10,0,"9,6",60
Hotel Neptuno,91206,NA,Valencia,1,1,€ 144,2019/10/09,2019/10/10,4,"8,5",60
ValentiaApartments - MercadoCentral,4185241,NA,Valencia,1,1,€ 144,2019/10/09,2019/10/10,0,"8,7",60
FREE WI-FI. Apartamentos 90 м2 - Assutzena 5,4828764,NA,Valencia,1,1,€ 150,2019/10/09,2019/10/10,0,"8,5",60
Friendly Rentals Soler,1634237,NA,Valencia,1,1,€ 151,2019/10/09,2019/10/10,0,"8,6",60
One Shot Palacio Reina Victoria 04,90885,NA,Valencia,1,1,€ 152,2019/10/09,2019/10/10,4,"8,6",60
Friendly Rentals Montaner Beach,2314997,NA,Valencia,1,1,€ 155,2019/10/09,2019/10/10,0,"8,9",60
City Valencia Beach 360,4504803,NA,Valencia,1,1,NA,2019/10/09,2019/10/10,0,"9,7",60
RUZAFA. Nice apartment and Terrace.,4368595,NA,Valencia,1,1,€ 88,2019/10/09,2019/10/10,0,"9,3",60
Apartamentos Edificio Palomar,189277,NA,Valencia,1,1,€ 89,2019/10/09,2019/10/10,0,"9,2",60
Una Ubicacion Perfecta,3114164,NA,Valencia,1,1,€ 90,2019/10/09,2019/10/10,0,"9,1",60
Habitación doble,3599930,NA,Valencia,1,1,€ 90,2019/10/09,2019/10/10,0,"9,1",60
BUBUSUITES by Bubuflats,2389776,NA,Valencia,1,1,€ 95,2019/10/09,2019/10/10,0,"9,3",60
Bubuflats Bubu 5,1283519,NA,Valencia,1,1,€ 95,2019/10/09,2019/10/10,0,9,60
Valencia what else...,2550483,NA,Valencia,1,1,NA,2019/10/09,2019/10/10,0,"9,5",60
"Piso ""Como en tu casa""",2689136,NA,Valencia,1,1,€ 96,2019/10/09,2019/10/10,0,"9,2",60
Valenciaflats Ciudad de las Ciencias,93676,NA,Valencia,1,1,€ 97,2019/10/09,2019/10/10,0,"9,1",60
Palau de Palomar,471283,NA,Valencia,1,1,€ 99,2019/10/09,2019/10/10,0,"9,1",60
OttoH Charm Stay,2459807,NA,Valencia,1,1,€ 99,2019/10/09,2019/10/10,0,"9,3",60
APARTAMENTO CENTRO- RUZAFA. WI-FI. PARKING,3144104,NA,Valencia,1,1,€ 100,2019/10/09,2019/10/10,0,"9,3",60
Apartamentos Naranja y Limòn,2250906,NA,Valencia,1,1,€ 100,2019/10/09,2019/10/10,0,"9,3",60
Apartamento cerca de la Playa y el Centro,2620264,NA,Valencia,1,1,€ 100,2019/10/09,2019/10/10,0,9,60
HQ Rooms Apartments San Vicente,2894429,NA,Valencia,1,1,€ 104,2019/10/09,2019/10/10,0,"9,3",60
Forn desamparats,2380447,NA,Valencia,1,1,€ 105,2019/10/09,2019/10/10,0,"9,4",60
Bianca,4232781,NA,Valencia,1,1,€ 106,2019/10/09,2019/10/10,0,9,60
5 SENSES,3786890,NA,Valencia,1,1,€ 107,2019/10/09,2019/10/10,0,"9,2",60
Mon Suites Catedral,485679,NA,Valencia,1,1,€ 107,2019/10/09,2019/10/10,0,"9,2",60
MD Design Hotel - Portal del Real,2391685,NA,Valencia,1,1,€ 111,2019/10/09,2019/10/10,2,"9,1",60
COZY APARTMENT VALENCIA CITY CENTER!,4886758,NA,Valencia,1,1,€ 111,2019/10/09,2019/10/10,0,"9,1",60
Hotel Boutique Balandret,1281710,NA,Valencia,1,1,€ 114,2019/10/09,2019/10/10,3,"9,2",60
Casual de las Artes Valencia,538056,NA,Valencia,1,1,€ 72,2019/10/09,2019/10/10,3,"8,4",60
Hotel Valencia Center,91285,NA,Valencia,1,1,€ 72,2019/10/09,2019/10/10,4,"8,4",60
Casa Vich,4457634,NA,Valencia,1,1,NA,2019/10/09,2019/10/10,0,"9,6",60
NH Valencia Las Ciencias,90725,NA,Valencia,1,1,€ 74,2019/10/09,2019/10/10,3,8,60
Residencia Universitaria Damia Bonet,247451,NA,Valencia,1,1,€ 75,2019/10/09,2019/10/10,0,"8,3",60
Apartamentos Wallace,1698355,NA,Valencia,1,1,€ 115,2019/10/09,2019/10/10,0,"9,2",60
Teixidors de Palomar,2639791,NA,Valencia,1,1,€ 119,2019/10/09,2019/10/10,0,"9,4",60
Apartment close to park Marchalenes,4418670,NA,Valencia,1,1,€ 120,2019/10/09,2019/10/10,0,9,60
Atico Ciutat Vella,3446230,NA,Valencia,1,1,€ 75,2019/10/09,2019/10/10,0,"8,4",60
SHF Flats Baron,1033085,NA,Valencia,1,1,€ 75,2019/10/09,2019/10/10,0,8,60
Hotel Miramar,23332,NA,Valencia,1,1,€ 75,2019/10/09,2019/10/10,2,"8,4",60
Hotel Medium Valencia,96838,NA,Valencia,1,1,€ 77,2019/10/09,2019/10/10,4,"8,2",60
L'Esplai Valencia Bed & Breakfast,1282556,NA,Valencia,1,1,NA,2019/10/09,2019/10/10,0,"9,6",60
Sweet Hotel Renasa,274818,NA,Valencia,1,1,€ 79,2019/10/09,2019/10/10,3,8,60
Happy Apartments Valencia – Lope de Vega,575582,NA,Valencia,1,1,€ 79,2019/10/09,2019/10/10,0,"8,1",60
AC Hotel Valencia- a Marriott Lifestyle Hotel,91063,NA,Valencia,1,1,€ 158,2019/10/09,2019/10/10,4,"8,6",60
Vincci Palace,94163,NA,Valencia,1,1,€ 160,2019/10/09,2019/10/10,4,"8,6",60
Puerta de Serranos,2734333,NA,Valencia,1,1,€ 161,2019/10/09,2019/10/10,0,"8,8",60
SH Valencia Palace,91497,NA,Valencia,1,1,€ 164,2019/10/09,2019/10/10,5,"8,5",60
Melia Plaza Valencia,13270,NA,Valencia,1,1,€ 165,2019/10/09,2019/10/10,4,"8,9",60
Hospes Palau de La Mar,93823,NA,Valencia,1,1,€ 166,2019/10/09,2019/10/10,5,"8,8",60
Apartamento Forn dels Apòstols,3122008,NA,Valencia,1,1,NA,2019/10/09,2019/10/10,0,"9,6",60
AC Hotel Colon Valencia- a Marriott Lifestyle Hotel,1117150,NA,Valencia,1,1,€ 168,2019/10/09,2019/10/10,4,"8,6",60
Canela`s Vintage Ruzafa Centro,4652584,NA,Valencia,1,1,€ 170,2019/10/09,2019/10/10,0,"8,6",60
The Westin Valencia,93321,NA,Valencia,1,1,€ 178,2019/10/09,2019/10/10,5,"8,7",60
Vincci Lys,91183,NA,Valencia,1,1,€ 184,2019/10/09,2019/10/10,4,"8,9",60
Friendly Rentals Rey,1634248,NA,Valencia,1,1,€ 198,2019/10/09,2019/10/10,0,"8,9",60
Melia Valencia,290493,NA,Valencia,1,1,€ 230,2019/10/09,2019/10/10,4,"8,8",60
Casa La Buhardilla,2985364,NA,Valencia,1,1,NA,2019/10/09,2019/10/10,0,"9,7",60
7 Moons Bed & Breakfast,464187,NA,Valencia,1,1,€ 250,2019/10/09,2019/10/10,0,"8,5",60
Ca Carmela,2466364,NA,Valencia,1,1,€ 252,2019/10/09,2019/10/10,0,"8,9",60
Nanit Valencia Hostel,3913497,NA,Valencia,1,1,€ 80,2019/10/09,2019/10/10,0,"8,3",60
Ático cerca del mar,4040503,NA,Valencia,1,1,€ 80,2019/10/09,2019/10/10,0,"8,4",60
Rio Turia Skatehouse,4624602,NA,Valencia,1,1,€ 80,2019/10/09,2019/10/10,0,"8,1",60
Room in apartment,3701648,NA,Valencia,1,1,€ 81,2019/10/09,2019/10/10,0,8,60
Ático En El Corazón De Ruzafa,3832501,NA,Valencia,1,1,NA,2019/10/09,2019/10/10,0,"9,5",60
Holiday Inn Express Ciudad de las Ciencias,96737,NA,Valencia,1,1,€ 81,2019/10/09,2019/10/10,3,8,60
Happy Apartments Valencia,456043,NA,Valencia,1,1,€ 83,2019/10/09,2019/10/10,0,"8,2",60
NH Valencia Las Artes,90731,NA,Valencia,1,1,€ 86,2019/10/09,2019/10/10,4,"8,4",60
El Coso,14580,NA,Valencia,1,1,€ 90,2019/10/09,2019/10/10,3,"8,2",60
SingularStays Parque Central,3054000,NA,Valencia,1,1,€ 355,2019/10/09,2019/10/10,0,"8,8",60
Valencia Luxury Alma Palace,1381946,NA,Valencia,1,1,€ 440,2019/10/09,2019/10/10,0,"8,9",60
Urban Youth Hostel,1163025,NA,Valencia,1,1,€ 23,2019/10/09,2019/10/10,0,"8,4",60
Hostal Abastos,257057,NA,Valencia,1,1,€ 45,2019/10/09,2019/10/10,2,"8,2",60
Colors Rooms,675839,NA,Valencia,1,1,NA,2019/10/09,2019/10/10,0,"9,6",60
Habitacion en Valencia Barata,4861796,NA,Valencia,1,1,€ 45,2019/10/09,2019/10/10,0,"8,2",60
Purple Nest Hostel,25278,NA,Valencia,1,1,€ 48,2019/10/09,2019/10/10,0,8,60
Red Nest Hostel,92283,NA,Valencia,1,1,€ 48,2019/10/09,2019/10/10,0,"8,2",60
Casa Mati,4217185,NA,Valencia,1,1,€ 50,2019/10/09,2019/10/10,0,"8,3",60
HABITACIÓN PRIVADA EN RUZAFA,4948581,NA,Valencia,1,1,€ 50,2019/10/09,2019/10/10,0,"8,1",60
Sweet Hotel Continental,93856,NA,Valencia,1,1,€ 94,2019/10/09,2019/10/10,2,"8,3",60
Eurostars Gran Valencia,90484,NA,Valencia,1,1,€ 95,2019/10/09,2019/10/10,4,"8,3",60
Apartamento playa Las Arenas,2978246,NA,Valencia,1,1,NA,2019/10/09,2019/10/10,0,"9,5",60
Apartment near City of Arts 2,3033254,NA,Valencia,1,1,€ 95,2019/10/09,2019/10/10,0,"8,3",60
Senator Parque Central Hotel,274963,NA,Valencia,1,1,€ 97,2019/10/09,2019/10/10,4,"8,1",60
MD Modern Hotel - Jardines,305447,NA,Valencia,1,1,€ 99,2019/10/09,2019/10/10,1,"8,2",60
Apartment Florista,2150187,NA,Valencia,1,1,€ 105,2019/10/09,2019/10/10,0,8,60
Silken Puerta Valencia,91182,NA,Valencia,1,1,€ 107,2019/10/09,2019/10/10,4,"8,3",60
Hotel Olympia Universidades,1301731,NA,Valencia,1,1,€ 53,2019/10/09,2019/10/10,3,"8,4",60
Ático Valencia Centro,4358939,NA,Valencia,1,1,NA,2019/10/09,2019/10/10,0,"9,9",60
Aparthotel Valencia Rental,17344,NA,Valencia,1,1,€ 54,2019/10/09,2019/10/10,0,8,60
Hotel Villacarlos,90730,NA,Valencia,1,1,€ 54,2019/10/09,2019/10/10,3,8,60
Alquiler Habitacion Centro De Valencia,3977106,NA,Valencia,1,1,€ 55,2019/10/09,2019/10/10,0,8,60
Palacios Rooms,2773548,NA,Valencia,1,1,€ 56,2019/10/09,2019/10/10,0,"8,3",60
Apartamentos Plaza Picasso,97063,NA,Valencia,1,1,€ 57,2019/10/09,2019/10/10,0,"8,4",60
Sol Playa,12656,NA,Valencia,1,1,€ 58,2019/10/09,2019/10/10,2,"8,3",60
Carrer de María Montessori,3272386,NA,Valencia,1,1,€ 109,2019/10/09,2019/10/10,0,"8,3",60
Apartamento Frederick “Centrico y con Clase”,4236394,NA,Valencia,1,1,NA,2019/10/09,2019/10/10,0,"9,7",60
Apartamento Ciudad de las Artes y las Ciencias,4353552,NA,Valencia,1,1,€ 110,2019/10/09,2019/10/10,0,"8,2",60
Apartamento Privado Próximo a Playa y Ciencias,3783163,NA,Valencia,1,1,€ 110,2019/10/09,2019/10/10,0,"8,1",60
Valenciaflats Torres de Serrano,17468,NA,Valencia,1,1,€ 110,2019/10/09,2019/10/10,0,"8,3",60
Apartamento Gran Vía Marqués del Turia,2358973,NA,Valencia,1,1,€ 113,2019/10/09,2019/10/10,0,"8,4",60
Ilunion Valencia 4,754329,NA,Valencia,1,1,€ 115,2019/10/09,2019/10/10,4,8,60
NH Valencia Center,90727,NA,Valencia,1,1,€ 117,2019/10/09,2019/10/10,4,"8,3",60
VALENCIA APARTAMENTO GOYA GRAN TERRAZA,4660558,NA,Valencia,1,1,NA,2019/10/09,2019/10/10,0,"9,8",60
Tryp Valencia Feria,92852,NA,Valencia,1,1,€ 59,2019/10/09,2019/10/10,4,"8,3",60
Dormavalencia Hostel Regne,291755,NA,Valencia,1,1,€ 60,2019/10/09,2019/10/10,1,8,60
Reina 12,1684198,NA,Valencia,1,1,€ 60,2019/10/09,2019/10/10,0,"8,3",60
APARTAMENTO LAS MELLIZAS,4651578,NA,Valencia,1,1,€ 60,2019/10/09,2019/10/10,0,"8,4",60
Coroa Malvarrosa,1638172,NA,Valencia,1,1,€ 61,2019/10/09,2019/10/10,0,"8,2",60
L'Otelet By Sweet,1467935,NA,Valencia,1,1,€ 64,2019/10/09,2019/10/10,0,"8,3",60
NH Ciudad de Valencia,90729,NA,Valencia,1,1,€ 69,2019/10/09,2019/10/10,3,"8,1",60
United Colors of Apartments - Catedral,1301545,NA,Valencia,1,1,€ 69,2019/10/09,2019/10/10,0,"8,2",60
Primus Valencia,331871,NA,Valencia,1,1,€ 124,2019/10/09,2019/10/10,4,"8,3",60
Friendly Rentals Puerto Deportivo,2317861,NA,Valencia,1,1,€ 125,2019/10/09,2019/10/10,0,"8,2",60
Hotel Conqueridor,91047,NA,Valencia,1,1,€ 126,2019/10/09,2019/10/10,4,"8,4",60
Friendly Rentals ABC,3656596,NA,Valencia,1,1,€ 130,2019/10/09,2019/10/10,0,"8,4",60
SH Ingles Boutique Hotel,92956,NA,Valencia,1,1,€ 132,2019/10/09,2019/10/10,4,"8,4",60
Friendly Rentals Pergolesi,1634240,NA,Valencia,1,1,€ 136,2019/10/09,2019/10/10,0,"8,4",60
Friendly Rentals Verdi,1634232,NA,Valencia,1,1,€ 145,2019/10/09,2019/10/10,0,"8,2",60
City Suites Apartments,3091106,NA,Valencia,1,1,€ 70,2019/10/09,2019/10/10,0,"8,4",60
B&B Hi Valencia Canovas,305349,NA,Valencia,1,1,€ 71,2019/10/09,2019/10/10,0,"8,4",60
Balcón Al Mar,295109,NA,Valencia,1,1,€ 71,2019/10/09,2019/10/10,0,"8,4",60
Ilunion Aqua 3,92776,NA,Valencia,1,1,€ 71,2019/10/09,2019/10/10,3,"8,3",60
Friendly Rentals Gimenez,1634242,NA,Valencia,1,1,€ 151,2019/10/09,2019/10/10,0,"8,2",60
Casa los Peces,3234194,NA,Valencia,1,1,€ 154,2019/10/09,2019/10/10,0,"8,3",60
Friendly Rentals Ferrero,2314984,NA,Valencia,1,1,€ 155,2019/10/09,2019/10/10,0,"8,3",60
Friendly Rentals Desplat,4120221,NA,Valencia,1,1,€ 155,2019/10/09,2019/10/10,0,"8,3",60
Big Flat at center of Valencia. WIFI,3794960,NA,Valencia,1,1,€ 155,2019/10/09,2019/10/10,0,"8,4",60
Eurostars Rey Don Jaime,91520,NA,Valencia,1,1,€ 170,2019/10/09,2019/10/10,4,"8,2",60
Preciosos Apartamentos en el Carmen,2918345,NA,Valencia,1,1,€ 180,2019/10/09,2019/10/10,0,"8,1",60
Musico Peydro Apartments,3765069,NA,Valencia,1,1,€ 188,2019/10/09,2019/10/10,0,"8,2",60
Friendly Rentals Evans,1634220,NA,Valencia,1,1,€ 192,2019/10/09,2019/10/10,0,"8,4",60
Zerka Centro,4425975,NA,Valencia,1,1,€ 199,2019/10/09,2019/10/10,0,"8,4",60
Vlc Apartaments el Carmen,389902,NA,Valencia,1,1,€ 214,2019/10/09,2019/10/10,0,"8,2",60
Loft el Carmen amazing views,4932621,Apartamento,Valencia,1,1,€ 172,2019/10/09,2019/10/10,0,"7,9",60
Apartment Valencia,348555,Apartamentos,Valencia,1,1,€ 182,2019/10/09,2019/10/10,0,"7,7",60
Piso en Malvarrosa,2445244,Apartamentos,Valencia,1,1,NA,2019/10/09,2019/10/10,0,9,60
Valencia Luxury Attics Ayuntamiento,337092,Apartamentos,Valencia,1,1,€ 220,2019/10/09,2019/10/10,0,"7,5",60
MD Pelayo with terrace,1979067,Apartamento,Valencia,1,1,€ 291,2019/10/09,2019/10/10,0,"7,8",60
MD Art Apartment Ruzafa,2550955,Apartamento,Valencia,1,1,€ 291,2019/10/09,2019/10/10,0,"7,7",60
MD Abastos Center,2551194,Apartamento,Valencia,1,1,€ 329,2019/10/09,2019/10/10,0,"7,7",60
MD Oliag I Apartment Ruzafa,2867488,Apartamento,Valencia,1,1,€ 375,2019/10/09,2019/10/10,0,"7,7",60
Hostal Waksman,281139,NA,Valencia,1,1,€ 35,2019/10/09,2019/10/10,1,"7,3",60
Apartments Abate 4,2848648,Apartamentos,Valencia,1,1,NA,2019/10/09,2019/10/10,0,9,60
Ruzafa Rooms,2891693,NA,Valencia,1,1,€ 36,2019/10/09,2019/10/10,0,7,60
feliz como en casa,3676196,NA,Valencia,1,1,€ 36,2019/10/09,2019/10/10,0,"7,2",60
Hostal Residencial RR,450746,NA,Valencia,1,1,€ 40,2019/10/09,2019/10/10,0,7,60
La Flamenca,818359,NA,Valencia,1,1,€ 40,2019/10/09,2019/10/10,0,"7,3",60
PISO ACOGEDOR,4995780,NA,Valencia,1,1,€ 50,2019/10/09,2019/10/10,0,"7,2",60
Sampedor Apartment,435662,Apartamentos,Valencia,1,1,€ 55,2019/10/09,2019/10/10,0,7,60
Splendid house in Valencia,3091182,Apartamentos,Valencia,1,1,NA,2019/10/09,2019/10/10,0,"9,3",60
Cosy Rooms Embajador,369728,NA,Valencia,1,1,€ 59,2019/10/09,2019/10/10,2,"7,4",60
Cosy Rooms Bolsería,371606,NA,Valencia,1,1,€ 67,2019/10/09,2019/10/10,2,"7,4",60
Central Station Valencia Hostel,1647017,NA,Valencia,1,1,€ 69,2019/10/09,2019/10/10,0,"7,1",60
Almiserat,3054886,Apartamento,Valencia,1,1,€ 70,2019/10/09,2019/10/10,0,"7,1",60
Apartment Horticultor Bosch,1148669,Apartamentos,Valencia,1,1,€ 70,2019/10/09,2019/10/10,0,"7,4",60
HOSTAL BED OF THE SEA,3974636,NA,Valencia,1,1,€ 72,2019/10/09,2019/10/10,0,"7,1",60
Austria 4,1605997,Apartamentos,Valencia,1,1,NA,2019/10/09,2019/10/10,0,9,60
Valencia Apartments,4367788,Apartamentos,Valencia,1,1,€ 78,2019/10/09,2019/10/10,0,"7,2",60
Malvarrosa Beach Rooms,314048,NA,Valencia,1,1,€ 80,2019/10/09,2019/10/10,2,"7,1",60
Valencia Apartmans El Carmen,847910,Apartamentos,Valencia,1,1,€ 83,2019/10/09,2019/10/10,0,"7,3",60
SHF Sevilla Loft,850157,Apartamentos,Valencia,1,1,€ 84,2019/10/09,2019/10/10,0,"7,4",60
Guest House Samuel Ros,4161855,NA,Valencia,1,1,€ 90,2019/10/09,2019/10/10,0,"7,4",60
Ruzafa Apartments,1431031,Apartamentos,Valencia,1,1,€ 90,2019/10/09,2019/10/10,0,"7,2",60
Apartamento Valencia Center,410101,Apartamentos,Valencia,1,1,NA,2019/10/09,2019/10/10,0,"9,4",60
NWT Monserrat,3728842,Apartamentos,Valencia,1,1,€ 92,2019/10/09,2019/10/10,0,"7,1",60
Suites by Eric Olsan (L),4287413,Apartamentos,Valencia,1,1,€ 94,2019/10/09,2019/10/10,0,"7,3",60
Apartamento Angel Alcazar 35,2174625,Apartamento,Valencia,1,1,€ 95,2019/10/09,2019/10/10,0,"7,3",60
La Casa dei Fiori,2849727,Apartamento,Valencia,1,1,€ 97,2019/10/09,2019/10/10,0,"7,2",60
Bonito apartamento en Valencia!,3646923,Apartamentos,Valencia,1,1,€ 98,2019/10/09,2019/10/10,0,"7,4",60
Kirei Apartment Na Jordana,1702092,Apartamentos,Valencia,1,1,€ 101,2019/10/09,2019/10/10,0,7,60
Vivaldi Penthouse Ayuntamiento,1289561,Apartamento,Valencia,1,1,NA,2019/10/09,2019/10/10,0,"9,2",60
Accommodation Beach Apartments,1001766,Apartamentos,Valencia,1,1,€ 120,2019/10/09,2019/10/10,0,"7,1",60
Valencia Luxury Catedral,440778,Apartamentos,Valencia,1,1,€ 170,2019/10/09,2019/10/10,0,"7,2",60
Kirei Apartment En Llop,1765516,Apartamentos,Valencia,1,1,€ 173,2019/10/09,2019/10/10,0,"7,1",60
Best Valencia Beach Flat,3246772,Apartamento,Valencia,1,1,€ 192,2019/10/09,2019/10/10,0,"7,1",60
Loft Central Market - Tapas,3187998,Apartamento,Valencia,1,1,€ 107,2019/10/09,2019/10/10,0,"6,6",60
Beach Valencia - Arts and Science,3188371,Apartamento,Valencia,1,1,€ 109,2019/10/09,2019/10/10,0,"6,7",60
Malvarrosa Beach,3546692,Casas y chalets,Valencia,1,1,€ 1.260,2019/10/09,2019/10/10,0,"6,8",60
Habitación con cama doble,4794909,NA,Valencia,1,1,€ 36,2019/10/09,2019/10/10,0,"6,1",60
Fun and Sun Center 2,2944416,NA,Valencia,1,1,€ 36,2019/10/09,2019/10/10,0,"6,1",60
Casita Esmeralda,2040126,Casa o chalet,Valencia,1,1,€ 114,2019/10/09,2019/10/10,0,"6,4",60
Kirei Apartment San Agustin,1712323,Apartamentos,Valencia,1,1,€ 161,2019/10/09,2019/10/10,0,"6,3",60
Kirei Apartment Portland,4276529,Apartamentos,Valencia,1,1,€ 200,2019/10/09,2019/10/10,0,"6,1",60
Oliver,4865093,NA,Valencia,1,1,€ 25,2019/10/09,2019/10/10,0,"5,7",60
Carrer del Bisbe Jaume Pérez,4900140,NA,Valencia,1,1,€ 60,2019/10/09,2019/10/10,0,"5,8",60
Kirei Apartment Berlin,4504570,Apartamentos,Valencia,1,1,€ 126,2019/10/09,2019/10/10,0,"5,5",60
Habitación en Apartamento soleado Plaza Escultor Frechina,4865043,NA,Valencia,1,1,€ 55,2019/10/09,2019/10/10,0,"4,9",60
Port of Valencia,3805735,Casa o chalet,Valencia,1,1,€ 79,2019/10/09,2019/10/10,0,"4,8",60
Malvarosa,3820590,Apartamento,Valencia,1,1,€ 190,2019/10/09,2019/10/10,0,"3,8",60
