name,propertyId,propertyType,city,rooms,days,price,checkIn,checkOut,stars,score,advance
Old Town Flats Casa Burguerini,4552106,Apartamentos,Valencia,1,1,€ 124,2019/08/14,2019/08/15,0,,7
Habana Apartment,2410439,Apartamento,Valencia,1,1,€ 145,2019/08/14,2019/08/15,0,,7
Lounge by the sea,4756780,Apartamento,Valencia,1,1,NA,2019/08/14,2019/08/15,0,"9,8",7
CENTER-2BR- 2BA-ATTIC-TERRACE-VIEW- WI-FI- A/C,5264557,Apartamento,Valencia,1,1,€ 175,2019/08/14,2019/08/15,0,,7
Piso moderno y confortable en El Cabañal,3954999,Apartamento,Valencia,1,1,€ 190,2019/08/14,2019/08/15,0,,7
Valencia Puerto Beach 3BD Apartment,5249773,Apartamento,Valencia,1,1,€ 201,2019/08/14,2019/08/15,0,,7
"Flat ""Ca Alexandre""",3687859,Apartamento,Valencia,1,1,€ 210,2019/08/14,2019/08/15,0,,7
Hogar Dulce Hogar,5441488,NA,Valencia,1,1,€ 217,2019/08/14,2019/08/15,0,,7
Luxury Apartament in Valencia Science City,4936574,Apartamento,Valencia,1,1,€ 220,2019/08/14,2019/08/15,0,,7
Valencia Just in the Middle,2965508,Apartamento,Valencia,1,1,NA,2019/08/14,2019/08/15,0,"9,9",7
MD Rafael Janini I,5386102,Apartamento,Valencia,1,1,€ 231,2019/08/14,2019/08/15,0,,7
Espaciosa y cómoda vivienda,5342327,Apartamento,Valencia,1,1,€ 238,2019/08/14,2019/08/15,0,,7
Apartamento con terraza,5238122,Apartahotel,Valencia,1,1,€ 240,2019/08/14,2019/08/15,0,,7
Hogar Dulce Hogar,5459514,NA,Valencia,1,1,€ 242,2019/08/14,2019/08/15,0,,7
MD PASEO RUZAFA CENTER,5374850,Apartamento,Valencia,1,1,€ 502,2019/08/14,2019/08/15,0,,7
Governor Residence,3799760,Apartahotel,Valencia,1,1,€ 600,2019/08/14,2019/08/15,0,,7
La seda stay,3335523,Apartamento,Valencia,1,1,NA,2019/08/14,2019/08/15,0,"9,7",7
Gulet Why Not,5199364,NA,Valencia,1,1,€ 3.600,2019/08/14,2019/08/15,0,,7
MD Abastos Center,2551194,Apartamento,Valencia,1,1,€ 449,2019/08/14,2019/08/15,0,"7,7",7
La Casa Del Colibri Youth Hostel,2094497,NA,Valencia,1,1,€ 532,2019/08/14,2019/08/15,0,"7,9",7
Valencia center,3168460,Apartamento,Valencia,1,1,NA,2019/08/14,2019/08/15,0,"9,8",7
feliz como en casa,3676196,NA,Valencia,1,1,€ 31,2019/08/14,2019/08/15,0,"7,3",7
PISO ACOGEDOR,4995780,NA,Valencia,1,1,€ 50,2019/08/14,2019/08/15,0,"7,2",7
Ruzafa Rooms,2891693,NA,Valencia,1,1,€ 60,2019/08/14,2019/08/15,0,7,7
La Flamenca,818359,NA,Valencia,1,1,€ 60,2019/08/14,2019/08/15,0,"7,3",7
Central Station Valencia Hostel,1647017,NA,Valencia,1,1,€ 74,2019/08/14,2019/08/15,0,"7,1",7
Cosy Rooms Bolsería,371606,NA,Valencia,1,1,€ 87,2019/08/14,2019/08/15,2,"7,4",7
Constitución,4229663,Apartamento,Valencia,1,1,NA,2019/08/14,2019/08/15,0,"9,6",7
Cosy Rooms Embajador,369728,NA,Valencia,1,1,€ 89,2019/08/14,2019/08/15,2,"7,4",7
Valencia Apartments,4367788,Apartamentos,Valencia,1,1,€ 96,2019/08/14,2019/08/15,0,"7,2",7
NWT Monserrat,3728842,Apartamentos,Valencia,1,1,€ 99,2019/08/14,2019/08/15,0,"7,1",7
HOSTAL BED OF THE SEA,3974636,NA,Valencia,1,1,€ 100,2019/08/14,2019/08/15,0,7,7
Valencia Apartmans El Carmen,847910,Apartamentos,Valencia,1,1,€ 105,2019/08/14,2019/08/15,0,"7,3",7
Suites by Eric Olsan (L),4287413,Apartamentos,Valencia,1,1,€ 109,2019/08/14,2019/08/15,0,"7,3",7
Stay at Valencia Downtown,1840715,Apartamento,Valencia,1,1,NA,2019/08/14,2019/08/15,0,"9,5",7
Malvarrosa Beach Rooms,314048,NA,Valencia,1,1,€ 110,2019/08/14,2019/08/15,2,"7,1",7
Casual de la Música Valencia,273130,NA,Valencia,1,1,€ 122,2019/08/14,2019/08/15,2,"7,4",7
Valencia Luxury Catedral,440778,Apartamentos,Valencia,1,1,€ 150,2019/08/14,2019/08/15,0,"7,1",7
Centro Valencia Calle Cerrajeros,3476261,NA,Valencia,1,1,€ 150,2019/08/14,2019/08/15,0,7,7
Habitación con cama doble,4794909,NA,Valencia,1,1,€ 41,2019/08/14,2019/08/15,0,"6,5",7
Premium Apartments,486507,Apartamentos,Valencia,1,1,€ 99,2019/08/14,2019/08/15,0,"6,9",7
PORT VALENCIA PLAYA,5259971,Apartamento,Valencia,1,1,NA,2019/08/14,2019/08/15,0,"9,7",7
Friendly Rentals Messiaen,1634249,Apartamento,Valencia,1,1,€ 120,2019/08/14,2019/08/15,0,"6,6",7
Valencia Boutique Mercado Central,440757,Apartamentos,Valencia,1,1,€ 170,2019/08/14,2019/08/15,0,"6,6",7
Apartamento para 10 personas,5029963,Apartamento,Valencia,1,1,€ 200,2019/08/14,2019/08/15,0,"6,9",7
Malvarrosa Beach,3546692,Casas y chalets,Valencia,1,1,€ 1.260,2019/08/14,2019/08/15,0,"6,8",7
Fun and Sun Center 2,2944416,NA,Valencia,1,1,€ 45,2019/08/14,2019/08/15,0,"6,2",7
Kirei Apartment San Agustin,1712323,Apartamentos,Valencia,1,1,€ 137,2019/08/14,2019/08/15,0,"6,3",7
Apartamento centro frente a Torres de Serrano,3408067,Apartamento,Valencia,1,1,NA,2019/08/14,2019/08/15,0,"9,5",7
RoomTuristValencia - Ruzafa,4608394,NA,Valencia,1,1,€ 35,2019/08/14,2019/08/15,0,"5,8",7
Ruzafa Guesthouse,2269176,NA,Valencia,1,1,€ 38,2019/08/14,2019/08/15,0,"5,6",7
Carrer del Bisbe Jaume Pérez,4900140,NA,Valencia,1,1,€ 60,2019/08/14,2019/08/15,0,"5,8",7
Oliver,4865093,NA,Valencia,1,1,€ 73,2019/08/14,2019/08/15,0,"5,7",7
Kirei Apartment Berlin,4504570,Apartamentos,Valencia,1,1,€ 103,2019/08/14,2019/08/15,0,"5,5",7
RoomTuristValencia Estacion del Norte,4682632,NA,Valencia,1,1,€ 35,2019/08/14,2019/08/15,0,"5,4",7
Apartment Cisneros 2,2361375,Apartamento,Valencia,1,1,NA,2019/08/14,2019/08/15,0,"9,7",7
Guest House Duc de Gaeta,2275007,NA,Valencia,1,1,€ 38,2019/08/14,2019/08/15,0,5,7
RoomTuristValencia RuzafaSumsi,4682802,NA,Valencia,1,1,€ 45,2019/08/14,2019/08/15,0,5,7
Guest House Ruzafa,2324552,NA,Valencia,1,1,€ 50,2019/08/14,2019/08/15,0,"5,3",7
Guesthouse Plaza de Toros,2985902,NA,Valencia,1,1,€ 38,2019/08/14,2019/08/15,0,"4,9",7
RoomTuristValencia Torres de Quart,4565643,NA,Valencia,1,1,€ 50,2019/08/14,2019/08/15,0,"4,8",7
Habitación en Apartamento soleado Plaza Escultor Frechina,4865043,NA,Valencia,1,1,€ 55,2019/08/14,2019/08/15,0,"4,9",7
Habitación en valencia centro,5418023,NA,Valencia,1,1,€ 30,2019/08/14,2019/08/15,0,,7
Como en casa !!,5427108,NA,Valencia,1,1,€ 33,2019/08/14,2019/08/15,0,,7
Habitación muy cerca de la playa.,5395908,NA,Valencia,1,1,€ 40,2019/08/14,2019/08/15,0,,7
Hostal Central Valencia,5374651,NA,Valencia,1,1,€ 45,2019/08/14,2019/08/15,0,,7
Amplia habitación en piso compartido,5433175,NA,Valencia,1,1,€ 50,2019/08/14,2019/08/15,0,,7
Patraix,5366858,NA,Valencia,1,1,€ 65,2019/08/14,2019/08/15,0,,7
Casa de la Reina,5394089,NA,Valencia,1,1,€ 75,2019/08/14,2019/08/15,0,,7
Acogedor apartamento en zona universitaria y playa,5414090,Casa o chalet,Valencia,1,1,€ 78,2019/08/14,2019/08/15,0,,7
Casual Socarrat Valencia,5142800,NA,Valencia,1,1,€ 86,2019/08/14,2019/08/15,3,,7
Comfort Homestay,5423155,NA,Valencia,1,1,€ 89,2019/08/14,2019/08/15,0,,7
Miresa flats 2.1A,5399747,Apartamento,Valencia,1,1,€ 90,2019/08/14,2019/08/15,0,,7
Loft Turia Gran,5133726,Apartamento,Valencia,1,1,€ 113,2019/08/14,2019/08/15,0,,7
Hotel Valencia Center,91285,NA,Valencia,1,1,€ 109,2019/08/14,2019/08/15,4,"8,4",7
Sweet Hotel Continental,93856,NA,Valencia,1,1,€ 109,2019/08/14,2019/08/15,2,"8,3",7
City Center Atico 360,3025679,Apartamento,Valencia,1,1,NA,2019/08/14,2019/08/15,0,"9,6",7
United Colors of Apartments - Catedral,1301545,Apartamentos,Valencia,1,1,€ 109,2019/08/14,2019/08/15,0,"8,2",7
SHF Flats Baron,1033085,Apartamentos,Valencia,1,1,€ 110,2019/08/14,2019/08/15,0,8,7
Holiday Inn Express Ciudad de las Ciencias,96737,NA,Valencia,1,1,€ 117,2019/08/14,2019/08/15,3,8,7
Hotel Conqueridor,91047,NA,Valencia,1,1,€ 120,2019/08/14,2019/08/15,4,"8,4",7
STYLISH APARTMENT - CITY CENTER,2861517,Apartamento,Valencia,1,1,€ 120,2019/08/14,2019/08/15,0,8,7
Apartamento Turistico en Valencia,2877605,Apartamento,Valencia,1,1,€ 125,2019/08/14,2019/08/15,0,"8,2",7
ApartUP Patacona Deluxe,2565246,Apartamento,Valencia,1,1,NA,2019/08/14,2019/08/15,0,"9,6",7
Primus Valencia,331871,NA,Valencia,1,1,€ 131,2019/08/14,2019/08/15,4,"8,3",7
Living Valencia - Biblioteca,2843260,Apartamentos,Valencia,1,1,€ 135,2019/08/14,2019/08/15,0,8,7
Hotel Medium Valencia,96838,NA,Valencia,1,1,€ 135,2019/08/14,2019/08/15,4,"8,2",7
Valenciaflats Torres de Serrano,17468,Apartamentos,Valencia,1,1,€ 145,2019/08/14,2019/08/15,0,"8,3",7
Flatsforyou Petit Bonaire,455152,Apartamentos,Valencia,1,1,€ 190,2019/08/14,2019/08/15,0,"8,2",7
Musico Peydro Apartments,3765069,Apartamentos,Valencia,1,1,€ 215,2019/08/14,2019/08/15,0,"8,2",7
Centro en Valencia,2885222,Apartamento,Valencia,1,1,NA,2019/08/14,2019/08/15,0,"9,5",7
MD Benlliure Beach.,1957258,Apartamento,Valencia,1,1,€ 392,2019/08/14,2019/08/15,0,"8,1",7
MD Sueca. Apartment with Terrace Ruzafa,2551179,Apartamento,Valencia,1,1,€ 513,2019/08/14,2019/08/15,0,"8,1",7
MD Vila Barbera Apartment Center,1957253,Apartamento,Valencia,1,1,€ 528,2019/08/14,2019/08/15,0,"8,4",7
UP Hostel Valencia,1710137,NA,Valencia,1,1,€ 34,2019/08/14,2019/08/15,0,"7,8",7
Center Valencia Youth Hostel,246931,NA,Valencia,1,1,€ 17,2019/08/14,2019/08/15,0,"7,9",7
Habitación Céntrica en Casa de Familia,4289877,NA,Valencia,1,1,€ 35,2019/08/14,2019/08/15,0,"7,9",7
Arts Sciences Apartment,2228062,Apartamento,Valencia,1,1,NA,2019/08/14,2019/08/15,0,"9,7",7
Habitaciones Barra89,1076252,NA,Valencia,1,1,€ 45,2019/08/14,2019/08/15,0,"7,8",7
Voyagers Inn Homestay,2682156,NA,Valencia,1,1,€ 48,2019/08/14,2019/08/15,0,"7,8",7
Valencia Russafa,4454999,NA,Valencia,1,1,€ 50,2019/08/14,2019/08/15,0,"7,8",7
HOSPEDAJE PESET,4718074,NA,Valencia,1,1,€ 50,2019/08/14,2019/08/15,0,"7,8",7
Hostal Moratin,326015,NA,Valencia,1,1,€ 52,2019/08/14,2019/08/15,1,"7,9",7
Hospederia del Pilar,327766,NA,Valencia,1,1,€ 54,2019/08/14,2019/08/15,0,"7,9",7
Colón Market Downtown,4607745,Apartamento,Valencia,1,1,NA,2019/08/14,2019/08/15,0,"9,7",7
Como en casa,4802186,NA,Valencia,1,1,€ 54,2019/08/14,2019/08/15,0,"7,9",7
Valencia City Host,1177077,NA,Valencia,1,1,€ 55,2019/08/14,2019/08/15,0,"7,8",7
Hotel Beleret,94652,NA,Valencia,1,1,€ 58,2019/08/14,2019/08/15,3,"7,6",7
B&B Hotel Valencia Ciudad de las Ciencias,92242,NA,Valencia,1,1,€ 71,2019/08/14,2019/08/15,3,"7,5",7
Jero Rooms,296743,NA,Valencia,1,1,€ 73,2019/08/14,2019/08/15,0,"7,7",7
Hotel Turia,14441,NA,Valencia,1,1,€ 75,2019/08/14,2019/08/15,4,"7,5",7
Apartamento,3139431,Apartamento,Valencia,1,1,NA,2019/08/14,2019/08/15,0,"9,5",7
Hostal Penalty,189209,NA,Valencia,1,1,€ 85,2019/08/14,2019/08/15,1,"7,9",7
Checkin Valencia,93743,NA,Valencia,1,1,€ 89,2019/08/14,2019/08/15,4,"7,8",7
Suites by Eric Olsan (Peset),4726296,Apartamentos,Valencia,1,1,€ 92,2019/08/14,2019/08/15,0,"7,9",7
Ilunion Valencia 3,92818,NA,Valencia,1,1,€ 94,2019/08/14,2019/08/15,3,"7,9",7
Valencia Lounge Hostel,337203,NA,Valencia,1,1,€ 94,2019/08/14,2019/08/15,0,"7,8",7
SHF Plaza de la Reina,1682520,Apartamentos,Valencia,1,1,€ 100,2019/08/14,2019/08/15,0,"7,7",7
Expo Hotel Valencia,91223,NA,Valencia,1,1,€ 101,2019/08/14,2019/08/15,3,"7,6",7
Cosy Rooms Tapinería,371192,NA,Valencia,1,1,€ 105,2019/08/14,2019/08/15,2,"7,5",7
City Center Apartments,4426057,Apartamentos,Valencia,1,1,€ 108,2019/08/14,2019/08/15,0,"7,8",7
Kirei Apartment Vienna,4639797,Apartamento,Valencia,1,1,€ 115,2019/08/14,2019/08/15,0,"7,8",7
Art of Dance Apartment Valencia,3732969,Apartamento,Valencia,1,1,€ 120,2019/08/14,2019/08/15,0,"7,9",7
El 16 Ruzafa,865461,Apartamentos,Valencia,1,1,€ 124,2019/08/14,2019/08/15,0,"7,7",7
SEA YOU HOTEL PORT VALENCIA,92328,NA,Valencia,1,1,€ 124,2019/08/14,2019/08/15,4,"7,6",7
El Globo,24498,NA,Valencia,1,1,€ 128,2019/08/14,2019/08/15,1,"7,8",7
Friendly Rentals Danna,1634254,Apartamento,Valencia,1,1,€ 140,2019/08/14,2019/08/15,0,"7,7",7
YourPlace Apartments,2896608,Apartamentos,Valencia,1,1,€ 144,2019/08/14,2019/08/15,0,"7,7",7
Spain Host Valencia- Plaza del Ayuntamiento,2257049,Apartamentos,Valencia,1,1,€ 150,2019/08/14,2019/08/15,0,"7,6",7
Valencia Luxury Central Market,1078335,Apartamentos,Valencia,1,1,€ 150,2019/08/14,2019/08/15,0,"7,5",7
Pensión Alicante,298710,NA,Valencia,1,1,€ 47,2019/08/14,2019/08/15,0,"8,5",7
7 Moons Bed & Breakfast,464187,NA,Valencia,1,1,€ 51,2019/08/14,2019/08/15,0,"8,5",7
Luxury Beach House,3602594,NA,Valencia,1,1,NA,2019/08/14,2019/08/15,0,"9,7",7
Homestay Carrer Sagun,5006434,NA,Valencia,1,1,€ 55,2019/08/14,2019/08/15,0,"8,7",7
Russafa Youth Hostel,345134,NA,Valencia,1,1,€ 59,2019/08/14,2019/08/15,0,"8,6",7
Zalamera BnB,1331238,NA,Valencia,1,1,€ 75,2019/08/14,2019/08/15,0,"8,7",7
Angel Guimera Rooms & Breakfast,2524241,NA,Valencia,1,1,€ 75,2019/08/14,2019/08/15,0,"8,8",7
Casita bonita con piscina y jardin,5294677,NA,Valencia,1,1,€ 75,2019/08/14,2019/08/15,0,"8,8",7
B&B Almirante,369695,NA,Valencia,1,1,€ 76,2019/08/14,2019/08/15,1,"8,8",7
La Casa Verde - Ruzafa,2029143,NA,Valencia,1,1,NA,2019/08/14,2019/08/15,0,"9,7",7
UNIK. Apartments Valencia,2241282,NA,Valencia,1,1,€ 78,2019/08/14,2019/08/15,0,"8,5",7
Colegio Mayor La Concepción,626558,NA,Valencia,1,1,€ 79,2019/08/14,2019/08/15,0,"8,7",7
Melia Valencia,290493,NA,Valencia,1,1,€ 81,2019/08/14,2019/08/15,4,"8,8",7
Home Youth Hostel by Feetup Hostels,189322,NA,Valencia,1,1,€ 85,2019/08/14,2019/08/15,0,"8,8",7
AC Hotel Valencia- a Marriott Lifestyle Hotel,91063,NA,Valencia,1,1,€ 89,2019/08/14,2019/08/15,4,"8,6",7
Ad Hoc Carmen,1173270,NA,Valencia,1,1,€ 89,2019/08/14,2019/08/15,2,"8,9",7
Biopark View Apartment,2381901,Apartamento,Valencia,1,1,€ 153,2019/08/14,2019/08/15,0,"8,9",7
Canovas rooms,5296619,NA,Valencia,1,1,NA,2019/08/14,2019/08/15,0,"9,7",7
Hotel San Lorenzo Boutique,1307718,NA,Valencia,1,1,€ 158,2019/08/14,2019/08/15,3,"8,6",7
El Corazon de Canovas,2634817,Apartamento,Valencia,1,1,NA,2019/08/14,2019/08/15,0,"9,7",7
Hospes Palau de La Mar,93823,NA,Valencia,1,1,€ 158,2019/08/14,2019/08/15,5,"8,8",7
Cathedral Suites Hotel,1736257,Apartahotel,Valencia,1,1,€ 159,2019/08/14,2019/08/15,4,"8,9",7
Zerka Centro,4425975,Apartamentos,Valencia,1,1,€ 159,2019/08/14,2019/08/15,0,"8,5",7
El Palacete Gran Via,3483148,NA,Valencia,1,1,€ 89,2019/08/14,2019/08/15,0,"8,7",7
Citizentral Gascons,332095,NA,Valencia,1,1,€ 90,2019/08/14,2019/08/15,0,"8,7",7
Jardín Botánico Hotel Boutique,93369,NA,Valencia,1,1,€ 94,2019/08/14,2019/08/15,3,"8,9",7
Hotel Valencia Oceanic Managed by Melia Hotels International,91522,NA,Valencia,1,1,€ 96,2019/08/14,2019/08/15,4,"8,6",7
Catalonia Excelsior,90578,NA,Valencia,1,1,€ 160,2019/08/14,2019/08/15,3,"8,7",7
Flatsforyou Ruzafa,3342696,Apartamentos,Valencia,1,1,€ 160,2019/08/14,2019/08/15,0,"8,8",7
Boutique Creative Rooms,2334726,NA,Valencia,1,1,€ 162,2019/08/14,2019/08/15,0,"8,7",7
RUZAFA- CENTRO-A/C- WI-FI- PARKING,2885994,Apartamento,Valencia,1,1,NA,2019/08/14,2019/08/15,0,"9,7",7
SH Valencia Palace,91497,NA,Valencia,1,1,€ 170,2019/08/14,2019/08/15,5,"8,5",7
Ad Hoc Monumental,90719,NA,Valencia,1,1,€ 182,2019/08/14,2019/08/15,3,"8,6",7
Hotel Neptuno,91206,NA,Valencia,1,1,€ 185,2019/08/14,2019/08/15,4,"8,5",7
Pio XII Apartments Valencia,402080,NA,Valencia,1,1,€ 99,2019/08/14,2019/08/15,0,"8,5",7
Valencian Apartment,2298621,NA,Valencia,1,1,€ 103,2019/08/14,2019/08/15,0,"8,8",7
Musico Art Flat,2925957,NA,Valencia,1,1,NA,2019/08/14,2019/08/15,0,"9,6",7
B&B Hi Valencia Boutique,1301725,NA,Valencia,1,1,€ 104,2019/08/14,2019/08/15,0,"8,7",7
Hotel Malcom and Barret,483261,NA,Valencia,1,1,€ 105,2019/08/14,2019/08/15,3,"8,7",7
Hotel Dimar,90886,NA,Valencia,1,1,€ 108,2019/08/14,2019/08/15,4,"8,7",7
Flatsforyou Sorolla House,403442,Apartamentos,Valencia,1,1,€ 210,2019/08/14,2019/08/15,0,"8,5",7
The Westin Valencia,93321,NA,Valencia,1,1,€ 248,2019/08/14,2019/08/15,5,"8,7",7
Petit Palace Ruzafa,90792,NA,Valencia,1,1,€ 109,2019/08/14,2019/08/15,3,"8,7",7
Flatsforyou Marina,1793012,NA,Valencia,1,1,€ 110,2019/08/14,2019/08/15,0,"8,7",7
SingularStays Parque Central,3054000,Apartamentos,Valencia,1,1,€ 299,2019/08/14,2019/08/15,0,"8,8",7
Valencia what else...,2550483,Apartamento,Valencia,1,1,NA,2019/08/14,2019/08/15,0,"9,5",7
Habitacion en Valencia Barata,4861796,NA,Valencia,1,1,€ 38,2019/08/14,2019/08/15,0,"8,3",7
HABITACIÓN PRIVADA EN RUZAFA,4948581,NA,Valencia,1,1,€ 51,2019/08/14,2019/08/15,0,"8,1",7
Hotel Kramer,91106,NA,Valencia,1,1,€ 110,2019/08/14,2019/08/15,3,"8,8",7
Casa La Buhardilla,2985364,NA,Valencia,1,1,NA,2019/08/14,2019/08/15,0,"9,7",7
Les flors,3985046,NA,Valencia,1,1,€ 110,2019/08/14,2019/08/15,0,"8,8",7
Vincci Palace,94163,NA,Valencia,1,1,€ 110,2019/08/14,2019/08/15,4,"8,6",7
AC Hotel Colon Valencia- a Marriott Lifestyle Hotel,1117150,NA,Valencia,1,1,€ 111,2019/08/14,2019/08/15,4,"8,6",7
Blanq Carmen Hotel,97069,NA,Valencia,1,1,€ 113,2019/08/14,2019/08/15,3,"8,7",7
Lotelito,570027,NA,Valencia,1,1,€ 115,2019/08/14,2019/08/15,0,"8,9",7
Hotel Mediterraneo Valencia,92412,NA,Valencia,1,1,€ 116,2019/08/14,2019/08/15,3,"8,8",7
Apartment Sofi,2830696,NA,Valencia,1,1,NA,2019/08/14,2019/08/15,0,"9,8",7
Rooms Ciencias,94126,NA,Valencia,1,1,€ 120,2019/08/14,2019/08/15,0,"8,9",7
Barceló Valencia,91988,NA,Valencia,1,1,€ 120,2019/08/14,2019/08/15,4,"8,7",7
Dormavalencia Hostel,249585,NA,Valencia,1,1,€ 53,2019/08/14,2019/08/15,1,"8,2",7
One Shot Colón 46,1394168,NA,Valencia,1,1,€ 125,2019/08/14,2019/08/15,3,"8,7",7
Welcomer Apartments Valencia,19363,NA,Valencia,1,1,€ 126,2019/08/14,2019/08/15,0,"8,6",7
Casual Vintage Valencia,1710241,NA,Valencia,1,1,€ 126,2019/08/14,2019/08/15,2,"8,5",7
Urban Youth Hostel,1163025,NA,Valencia,1,1,€ 54,2019/08/14,2019/08/15,0,"8,4",7
Red Nest Hostel,92283,NA,Valencia,1,1,€ 57,2019/08/14,2019/08/15,0,"8,2",7
Pension MonaLisa Luxury Suites,3834224,NA,Valencia,1,1,€ 60,2019/08/14,2019/08/15,0,"8,2",7
Perla Apartments,3146781,NA,Valencia,1,1,€ 126,2019/08/14,2019/08/15,0,"8,8",7
Melia Plaza Valencia,13270,NA,Valencia,1,1,€ 127,2019/08/14,2019/08/15,4,"8,9",7
Atico Loft Ruzafa,3152977,Apartamento,Valencia,1,1,NA,2019/08/14,2019/08/15,0,"9,7",7
L'Otelet By Sweet,1467935,NA,Valencia,1,1,€ 64,2019/08/14,2019/08/15,0,"8,3",7
Residencia Universitaria Damia Bonet,247451,NA,Valencia,1,1,€ 64,2019/08/14,2019/08/15,0,"8,4",7
Innsa,503793,NA,Valencia,1,1,€ 65,2019/08/14,2019/08/15,0,"8,3",7
One Shot Palacio Reina Victoria 04,90885,NA,Valencia,1,1,€ 129,2019/08/14,2019/08/15,4,"8,6",7
Sercotel Sorolla Palace,93646,NA,Valencia,1,1,€ 129,2019/08/14,2019/08/15,4,"8,6",7
Sweet Hotel Renasa,274818,NA,Valencia,1,1,€ 69,2019/08/14,2019/08/15,3,8,7
Purple Nest Hostel,25278,NA,Valencia,1,1,€ 71,2019/08/14,2019/08/15,0,8,7
BUBUFLATS / Mercat,783206,NA,Valencia,1,1,€ 130,2019/08/14,2019/08/15,0,"8,9",7
Valenciaflats Mercado Central,307677,NA,Valencia,1,1,€ 130,2019/08/14,2019/08/15,0,"8,9",7
Zaidia Sunny Apartment,4727219,NA,Valencia,1,1,€ 130,2019/08/14,2019/08/15,0,"8,6",7
Alquiler Habitacion Centro De Valencia,3977106,NA,Valencia,1,1,€ 72,2019/08/14,2019/08/15,0,8,7
BONNIES Suites & Spa Valencia,3631910,Apartamentos,Valencia,1,1,NA,2019/08/14,2019/08/15,0,"9,8",7
Tryp Valencia Feria,92852,NA,Valencia,1,1,€ 77,2019/08/14,2019/08/15,4,"8,3",7
BUBUFLATS Mossén,1141763,NA,Valencia,1,1,€ 130,2019/08/14,2019/08/15,0,"8,9",7
Casual del Cine Valencia,572187,NA,Valencia,1,1,€ 137,2019/08/14,2019/08/15,2,"8,6",7
Valenciaflats Centro Histórico,94781,NA,Valencia,1,1,€ 140,2019/08/14,2019/08/15,0,"8,7",7
Eurostars Gran Valencia,90484,NA,Valencia,1,1,€ 80,2019/08/14,2019/08/15,4,"8,3",7
Happy Apartments Valencia,456043,Apartamentos,Valencia,1,1,€ 84,2019/08/14,2019/08/15,0,"8,2",7
Ilunion Aqua 4,92777,NA,Valencia,1,1,€ 143,2019/08/14,2019/08/15,4,"8,5",7
Vincci Lys,91183,NA,Valencia,1,1,€ 145,2019/08/14,2019/08/15,4,"8,9",7
Flatsforyou Mercat,1367507,NA,Valencia,1,1,€ 150,2019/08/14,2019/08/15,3,"8,9",7
Hotel Olympia Universidades,1301731,NA,Valencia,1,1,€ 88,2019/08/14,2019/08/15,3,"8,4",7
NH Ciudad de Valencia,90729,NA,Valencia,1,1,€ 88,2019/08/14,2019/08/15,3,"8,1",7
Balcón Al Mar,295109,NA,Valencia,1,1,€ 88,2019/08/14,2019/08/15,0,"8,4",7
Ayuntamiento Panoramic,3089239,Apartamento,Valencia,1,1,NA,2019/08/14,2019/08/15,0,"9,5",7
Apartamentos Plaza Picasso,97063,Apartamentos,Valencia,1,1,€ 89,2019/08/14,2019/08/15,0,"8,4",7
B&B Hi Valencia Canovas,305349,NA,Valencia,1,1,€ 89,2019/08/14,2019/08/15,0,"8,4",7
NH Valencia Center,90727,NA,Valencia,1,1,€ 90,2019/08/14,2019/08/15,4,"8,3",7
Apartamento Gutenberg,1327120,Apartamentos,Valencia,1,1,€ 90,2019/08/14,2019/08/15,0,"8,1",7
NH Valencia Las Artes,90731,NA,Valencia,1,1,€ 91,2019/08/14,2019/08/15,4,"8,4",7
Silken Puerta Valencia,91182,NA,Valencia,1,1,€ 92,2019/08/14,2019/08/15,4,"8,3",7
Aparthotel Valencia Rental,17344,Apartahotel,Valencia,1,1,€ 92,2019/08/14,2019/08/15,0,8,7
NH Valencia Las Ciencias,90725,NA,Valencia,1,1,€ 95,2019/08/14,2019/08/15,3,8,7
Ilunion Aqua 3,92776,NA,Valencia,1,1,€ 95,2019/08/14,2019/08/15,3,"8,3",7
Senator Parque Central Hotel,274963,NA,Valencia,1,1,€ 97,2019/08/14,2019/08/15,4,"8,1",7
United Colors of Apartments Boutique Style,5372347,Apartamentos,Valencia,1,1,€ 120,2019/08/14,2019/08/15,0,10,7
L'Esplai Valencia Bed & Breakfast,1282556,NA,Valencia,1,1,€ 93,2019/08/14,2019/08/15,0,"9,6",7
Disfruta - Enjoy Valencia Ayuntamiento,4901194,Apartamento,Valencia,1,1,NA,2019/08/14,2019/08/15,0,10,7
Eurostars Rey Don Jaime,91520,NA,Valencia,1,1,€ 98,2019/08/14,2019/08/15,4,"8,2",7
Hotel Sercotel Acteón Valencia,90495,NA,Valencia,1,1,€ 98,2019/08/14,2019/08/15,4,"8,4",7
Mosen Sorell Apartments,683265,Apartamentos,Valencia,1,1,€ 99,2019/08/14,2019/08/15,0,"8,3",7
Opera House Valencia B&B,3533887,NA,Valencia,1,1,€ 109,2019/08/14,2019/08/15,0,"9,5",7
Ramirez Flats & Bar,4124528,Apartahotel,Valencia,1,1,€ 155,2019/08/14,2019/08/15,0,"9,5",7
Hotel Valencia Center,91285,NA,Valencia,1,1,€ 99,2019/08/14,2019/08/15,4,"8,4",7
Reina 12,1684198,NA,Valencia,1,1,€ 100,2019/08/14,2019/08/15,0,"8,3",7
Apartamentos En Plom,3666575,Apartamento,Valencia,1,1,€ 100,2019/08/14,2019/08/15,0,"8,1",7
Disfruta - Enjoy Valencia Oceanografic,4121345,Apartamento,Valencia,1,1,€ 205,2019/08/14,2019/08/15,0,"9,6",7
Art&Flats Bed&Breakfast,5238345,NA,Valencia,1,1,€ 55,2019/08/14,2019/08/15,0,"9,2",7
City Garden Bed and Breakfast,2204361,NA,Valencia,1,1,€ 80,2019/08/14,2019/08/15,0,"9,4",7
Ilunion Valencia 4,754329,NA,Valencia,1,1,€ 103,2019/08/14,2019/08/15,4,8,7
MD Modern Hotel - Jardines,305447,NA,Valencia,1,1,€ 104,2019/08/14,2019/08/15,1,"8,2",7
Host & Home,1663785,NA,Valencia,1,1,€ 85,2019/08/14,2019/08/15,0,9,7
MerKat-Abastos,1231196,Apartamento,Valencia,1,1,NA,2019/08/14,2019/08/15,0,"9,7",7
Live in Chianti,2227491,NA,Valencia,1,1,€ 89,2019/08/14,2019/08/15,0,"9,1",7
Blanq Comedias,4922002,NA,Valencia,1,1,€ 90,2019/08/14,2019/08/15,0,"9,2",7
Habitación doble,3599930,NA,Valencia,1,1,€ 90,2019/08/14,2019/08/15,0,9,7
YOU & CO. Saler Beach Boutique,4533007,NA,Valencia,1,1,€ 94,2019/08/14,2019/08/15,3,"9,4",7
Citizentral Juristas,1113127,Apartamentos,Valencia,1,1,€ 100,2019/08/14,2019/08/15,0,"9,2",7
La casita de Palomar,2132386,Apartamentos,Valencia,1,1,€ 105,2019/08/14,2019/08/15,0,"9,4",7
Apartments Downtown Valencia,2250421,Apartamentos,Valencia,1,1,NA,2019/08/14,2019/08/15,0,"9,6",7
Fun&Happy VLC Center,3542906,Apartamento,Valencia,1,1,€ 107,2019/08/14,2019/08/15,0,"9,2",7
Bianca,4232781,Apartamento,Valencia,1,1,€ 107,2019/08/14,2019/08/15,0,9,7
Sorolla Centro,90896,NA,Valencia,1,1,€ 110,2019/08/14,2019/08/15,3,"9,1",7
Kasa Katia Eco Guest House,636256,NA,Valencia,1,1,€ 110,2019/08/14,2019/08/15,0,"9,4",7
Hotel Valencia Alameda,4019381,NA,Valencia,1,1,€ 113,2019/08/14,2019/08/15,4,"9,3",7
MD Design Hotel - Portal del Real,2391685,NA,Valencia,1,1,€ 120,2019/08/14,2019/08/15,2,"9,1",7
Bruno Apartment,2715023,Apartamento,Valencia,1,1,NA,2019/08/14,2019/08/15,0,"9,7",7
Valenciaflats Centro Ciudad,18544,Apartamentos,Valencia,1,1,€ 120,2019/08/14,2019/08/15,0,"9,1",7
Hostal Venecia,92883,NA,Valencia,1,1,€ 126,2019/08/14,2019/08/15,2,"9,1",7
Apartament Cura Femenia,2010355,Apartamento,Valencia,1,1,€ 129,2019/08/14,2019/08/15,0,"9,3",7
Ecobet Apartments,2963381,Apartamentos,Valencia,1,1,€ 129,2019/08/14,2019/08/15,0,"9,2",7
Apartamentos Edificio Palomar,189277,Apartamentos,Valencia,1,1,€ 129,2019/08/14,2019/08/15,0,"9,2",7
WeRentVLC Sunny Terrace Ruzafa,2906716,Apartamento,Valencia,1,1,€ 129,2019/08/14,2019/08/15,0,"9,3",7
Apartamento Comedias,2236348,Apartamento,Valencia,1,1,NA,2019/08/14,2019/08/15,0,"9,8",7
Palacio de Rojas,1073276,Apartamentos,Valencia,1,1,€ 130,2019/08/14,2019/08/15,0,"9,4",7
Apartamentos Wallace,1698355,Apartamentos,Valencia,1,1,€ 130,2019/08/14,2019/08/15,0,"9,2",7
NH Collection Colón Valencia,3828811,NA,Valencia,1,1,€ 136,2019/08/14,2019/08/15,4,"9,2",7
Apartments Madrina,3278589,Apartamentos,Valencia,1,1,€ 140,2019/08/14,2019/08/15,0,9,7
BUBUSUITES by Bubuflats,2389776,NA,Valencia,1,1,€ 140,2019/08/14,2019/08/15,0,"9,3",7
Live in Chianti Apartaments,2882632,Apartamentos,Valencia,1,1,€ 143,2019/08/14,2019/08/15,0,"9,1",7
Preciosa Casita Cerca Del Mar,4057271,Apartamento,Valencia,1,1,NA,2019/08/14,2019/08/15,0,"9,7",7
MYR Hotel Plaza Mercado & Spa,1619029,Apartahotel,Valencia,1,1,€ 144,2019/08/14,2019/08/15,0,"9,2",7
Mon Suites Catedral,485679,Apartamentos,Valencia,1,1,€ 150,2019/08/14,2019/08/15,0,"9,2",7
YourPlace apartments Mercado Central,2933554,Apartamentos,Valencia,1,1,€ 150,2019/08/14,2019/08/15,0,9,7
Mon Suites San Nicolas,4117225,Apartamentos,Valencia,1,1,€ 156,2019/08/14,2019/08/15,0,"9,1",7
HQ Rooms Apartments San Vicente,2894429,Apartamentos,Valencia,1,1,€ 158,2019/08/14,2019/08/15,0,"9,3",7
Hi Valencia Cánovas,4312120,Apartamentos,Valencia,1,1,€ 160,2019/08/14,2019/08/15,0,9,7
Valencia City Designer Bioparc,3085078,Apartamento,Valencia,1,1,€ 165,2019/08/14,2019/08/15,0,9,7
Valenciaflats Ciudad de las Ciencias,93676,Apartamentos,Valencia,1,1,€ 170,2019/08/14,2019/08/15,0,"9,1",7
Vincci Mercat,1279484,NA,Valencia,1,1,€ 170,2019/08/14,2019/08/15,4,9,7
Hogar Vera Apartments&Bikes,1807919,Apartamentos,Valencia,1,1,€ 174,2019/08/14,2019/08/15,0,"9,4",7
One Shot Mercat 09,2274203,NA,Valencia,1,1,€ 179,2019/08/14,2019/08/15,4,"9,1",7
MARQUÉS HOUSE 4* SUP,2118880,NA,Valencia,1,1,€ 179,2019/08/14,2019/08/15,4,"9,4",7
Hotel Boutique Balandret,1281710,NA,Valencia,1,1,€ 190,2019/08/14,2019/08/15,3,"9,2",7
Zerka Sendra,4657122,Apartamento,Valencia,1,1,€ 209,2019/08/14,2019/08/15,0,9,7
Caro Hotel,348132,NA,Valencia,1,1,€ 239,2019/08/14,2019/08/15,5,"9,2",7
Las Arenas Balneario Resort,91144,NA,Valencia,1,1,€ 288,2019/08/14,2019/08/15,5,9,7
The River Hostel,494202,NA,Valencia,1,1,€ 34,2019/08/14,2019/08/15,0,"8,5",7
Quart Youth Hostel,476418,NA,Valencia,1,1,€ 45,2019/08/14,2019/08/15,0,"8,7",7
