name,propertyId,propertyType,city,rooms,days,price,checkIn,checkOut,stars,score,advance
APARTAMENTO MALVARROSA UNIVERSIDADES,5177104,Apartamento,Valencia,1,1,€ 149,2019/09/06,2019/09/07,0,,14
DREAM APARTMENT NEAR THE BEACH,5162600,Apartamento,Valencia,1,1,€ 170,2019/09/06,2019/09/07,0,,14
Luxury Center Plaza Redonda,5138960,Apartamento,Valencia,1,1,NA,2019/09/06,2019/09/07,0,"9,8",14
CENTER-2BR- 2BA-ATTIC-TERRACE-VIEW- WI-FI- A/C,5264557,Apartamento,Valencia,1,1,€ 182,2019/09/06,2019/09/07,0,,14
Apartamento con terraza,5238122,Apartahotel,Valencia,1,1,€ 240,2019/09/06,2019/09/07,0,,14
Calle eugenia viñes 211 Apartamento,5466253,Apartamento,Valencia,1,1,€ 245,2019/09/06,2019/09/07,0,,14
beach front house/ frente al mar,5424585,Casa o chalet,Valencia,1,1,€ 298,2019/09/06,2019/09/07,0,,14
Governor Residence,3799760,Apartahotel,Valencia,1,1,€ 600,2019/09/06,2019/09/07,0,,14
Gulet Why Not,5199364,NA,Valencia,1,1,€ 3.600,2019/09/06,2019/09/07,0,,14
MD Pelayo with terrace,1979067,Apartamento,Valencia,1,1,€ 387,2019/09/06,2019/09/07,0,"7,8",14
MD Oliag I Apartment Ruzafa,2867488,Apartamento,Valencia,1,1,€ 513,2019/09/06,2019/09/07,0,"7,7",14
Constitución,4229663,Apartamento,Valencia,1,1,NA,2019/09/06,2019/09/07,0,"9,6",14
feliz como en casa,3676196,NA,Valencia,1,1,€ 36,2019/09/06,2019/09/07,0,"7,2",14
HOSPEDAJE PESET,4718074,NA,Valencia,1,1,€ 40,2019/09/06,2019/09/07,0,"7,2",14
B&B El Mercat,2203530,NA,Valencia,1,1,€ 55,2019/09/06,2019/09/07,0,"7,3",14
Central Station Valencia Hostel,1647017,NA,Valencia,1,1,€ 79,2019/09/06,2019/09/07,0,"7,1",14
Centro Valencia Calle Cerrajeros,3476261,NA,Valencia,1,1,€ 80,2019/09/06,2019/09/07,0,7,14
HOSTAL BED OF THE SEA,3974636,NA,Valencia,1,1,€ 82,2019/09/06,2019/09/07,0,"7,1",14
Preciosa Casita Cerca Del Mar,4057271,Apartamento,Valencia,1,1,NA,2019/09/06,2019/09/07,0,"9,7",14
Cosy Rooms Embajador,369728,NA,Valencia,1,1,€ 89,2019/09/06,2019/09/07,2,"7,4",14
Cosy Rooms Bolsería,371606,NA,Valencia,1,1,€ 111,2019/09/06,2019/09/07,2,"7,4",14
NWT Monserrat,3728842,Apartamentos,Valencia,1,1,€ 134,2019/09/06,2019/09/07,0,7,14
Valencia Boutique Ayuntamiento,343355,Apartamentos,Valencia,1,1,€ 160,2019/09/06,2019/09/07,0,"7,2",14
Apartamento para 10 personas,5029963,Apartamento,Valencia,1,1,€ 200,2019/09/06,2019/09/07,0,"7,3",14
MD Puerto Rico Apartment Ruzafa,3737151,Apartamento,Valencia,1,1,€ 455,2019/09/06,2019/09/07,0,"7,4",14
Central Park Apartment Valencia,3881533,Apartamento,Valencia,1,1,NA,2019/09/06,2019/09/07,0,"9,6",14
MD Olivereta Apartment,3783665,Apartamento,Valencia,1,1,€ 528,2019/09/06,2019/09/07,0,"7,3",14
Loyola Room Habitación en Piso Compartido,3298489,NA,Valencia,1,1,€ 32,2019/09/06,2019/09/07,0,"6,7",14
Geography and Arts.,3569110,NA,Valencia,1,1,€ 60,2019/09/06,2019/09/07,0,"6,7",14
Premium Apartments,486507,Apartamentos,Valencia,1,1,€ 139,2019/09/06,2019/09/07,0,"6,9",14
Malvarrosa Beach,3546692,Casas y chalets,Valencia,1,1,€ 480,2019/09/06,2019/09/07,0,"6,6",14
Habitación con cama doble,4794909,NA,Valencia,1,1,€ 41,2019/09/06,2019/09/07,0,"6,3",14
Atico Loft Ruzafa,3152977,Apartamento,Valencia,1,1,NA,2019/09/06,2019/09/07,0,"9,7",14
Fun and Sun Center 2,2944416,NA,Valencia,1,1,€ 45,2019/09/06,2019/09/07,0,"6,1",14
Casita Esmeralda,2040126,Casa o chalet,Valencia,1,1,€ 139,2019/09/06,2019/09/07,0,"6,3",14
Kirei Apartment San Agustin,1712323,Apartamentos,Valencia,1,1,€ 161,2019/09/06,2019/09/07,0,6,14
Kirei Apartment Portland,4276529,Apartamentos,Valencia,1,1,€ 200,2019/09/06,2019/09/07,0,"6,1",14
RoomTuristValencia - Ruzafa,4608394,NA,Valencia,1,1,€ 50,2019/09/06,2019/09/07,0,"5,5",14
Carrer del Bisbe Jaume Pérez,4900140,NA,Valencia,1,1,€ 60,2019/09/06,2019/09/07,0,"5,8",14
JL Ciudad de las Artes,3074378,Apartamento,Valencia,1,1,NA,2019/09/06,2019/09/07,0,"9,6",14
Oliver,4865093,NA,Valencia,1,1,€ 73,2019/09/06,2019/09/07,0,"5,6",14
Kirei Apartment Berlin,4504570,Apartamentos,Valencia,1,1,€ 137,2019/09/06,2019/09/07,0,"5,7",14
Guest House Duc de Gaeta,2275007,NA,Valencia,1,1,€ 38,2019/09/06,2019/09/07,0,5,14
Guest House Torres de Quart,2275006,NA,Valencia,1,1,€ 48,2019/09/06,2019/09/07,0,"5,4",14
RoomTuristValencia Estacion del Norte,4682632,NA,Valencia,1,1,€ 50,2019/09/06,2019/09/07,0,"5,3",14
Guest House Ruzafa,2324552,NA,Valencia,1,1,€ 65,2019/09/06,2019/09/07,0,"5,3",14
Apartment Cisneros 2,2361375,Apartamento,Valencia,1,1,NA,2019/09/06,2019/09/07,0,"9,7",14
Guesthouse Plaza de Toros,2985902,NA,Valencia,1,1,€ 39,2019/09/06,2019/09/07,0,"4,9",14
RoomTuristValencia Torres de Quart,4565643,NA,Valencia,1,1,€ 45,2019/09/06,2019/09/07,0,"4,5",14
RoomTuristValencia RuzafaSumsi,4682802,NA,Valencia,1,1,€ 70,2019/09/06,2019/09/07,0,"4,8",14
Port of Valencia,3805735,Apartamento,Valencia,1,1,€ 150,2019/09/06,2019/09/07,0,"4,7",14
Constitucion Guesthouse,2985942,NA,Valencia,1,1,€ 41,2019/09/06,2019/09/07,0,"3,4",14
Amplia habitación en piso compartido,5433175,NA,Valencia,1,1,€ 50,2019/09/06,2019/09/07,0,,14
Calle de Frederica Montseny 'Política' Casa o chalet,5152866,Casa o chalet,Valencia,1,1,€ 56,2019/09/06,2019/09/07,0,,14
Florista's Rooms en Valencia,5502152,NA,Valencia,1,1,€ 60,2019/09/06,2019/09/07,0,,14
Rooms El Picolino,5326859,NA,Valencia,1,1,€ 60,2019/09/06,2019/09/07,0,,14
vosotros sereis parte de mi familia.,5299568,NA,Valencia,1,1,€ 60,2019/09/06,2019/09/07,0,,14
LOFT apartamento duplex en Valencia con parking,5519008,Apartamento,Valencia,1,1,€ 60,2019/09/06,2019/09/07,0,,14
Petxina78 Valencia,5503912,Apartamento,Valencia,1,1,€ 66,2019/09/06,2019/09/07,0,,14
Habitación en Valencia,5477394,NA,Valencia,1,1,€ 72,2019/09/06,2019/09/07,0,,14
Original Domino House,5434091,NA,Valencia,1,1,€ 75,2019/09/06,2019/09/07,0,,14
Pearl of Turia,5359645,Apartamento,Valencia,1,1,€ 87,2019/09/06,2019/09/07,0,,14
Magnífico Adosado- cerca de Valencia ciudad- en zona de montaña y playa fluvial,5354233,Casa o chalet,Valencia,1,1,€ 88,2019/09/06,2019/09/07,0,,14
casa la tranquilidad,5516825,NA,Valencia,1,1,€ 120,2019/09/06,2019/09/07,0,,14
Art of Music Apartment Valencia,5263849,Apartamentos,Valencia,1,1,€ 140,2019/09/06,2019/09/07,0,,14
SHF Flats Baron,1033085,Apartamentos,Valencia,1,1,€ 132,2019/09/06,2019/09/07,0,8,14
Style Apartments Puerto,1558265,Apartamentos,Valencia,1,1,€ 135,2019/09/06,2019/09/07,0,"8,1",14
Ambrosio Flats Valencia - El Mercat,3131649,Apartamento,Valencia,1,1,NA,2019/09/06,2019/09/07,0,"9,5",14
Silken Puerta Valencia,91182,NA,Valencia,1,1,€ 140,2019/09/06,2019/09/07,4,"8,3",14
Hotel Medium Valencia,96838,NA,Valencia,1,1,€ 144,2019/09/06,2019/09/07,4,"8,1",14
NH Valencia Las Ciencias,90725,NA,Valencia,1,1,€ 146,2019/09/06,2019/09/07,3,8,14
NH Valencia Las Artes,90731,NA,Valencia,1,1,€ 149,2019/09/06,2019/09/07,4,"8,4",14
Senator Parque Central Hotel,274963,NA,Valencia,1,1,€ 152,2019/09/06,2019/09/07,4,"8,1",14
NH Ciudad de Valencia,90729,NA,Valencia,1,1,€ 153,2019/09/06,2019/09/07,3,"8,1",14
Garden Turia Downtown,5201200,Apartamento,Valencia,1,1,NA,2019/09/06,2019/09/07,0,"9,9",14
Zalamera BnB,1331238,NA,Valencia,1,1,€ 100,2019/09/06,2019/09/07,0,"8,7",14
Valencian Apartment,2298621,Apartamento,Valencia,1,1,€ 104,2019/09/06,2019/09/07,0,"8,8",14
Opera House Valencia B&B,3533887,NA,Valencia,1,1,NA,2019/09/06,2019/09/07,0,"9,5",14
Burjassot Mestalla,3058627,Apartamento,Valencia,1,1,€ 110,2019/09/06,2019/09/07,0,"8,6",14
Les flors,3985046,Apartamento,Valencia,1,1,€ 120,2019/09/06,2019/09/07,0,"8,6",14
Eurostars Gran Valencia,90484,NA,Valencia,1,1,€ 158,2019/09/06,2019/09/07,4,"8,3",14
Sweet Hotel Renasa,274818,NA,Valencia,1,1,€ 159,2019/09/06,2019/09/07,3,8,14
Ilunion Valencia 4,754329,NA,Valencia,1,1,€ 168,2019/09/06,2019/09/07,4,8,14
NWT Central Station Apartments,3964093,Apartamento,Valencia,1,1,€ 169,2019/09/06,2019/09/07,0,"8,3",14
Primus Valencia,331871,NA,Valencia,1,1,€ 175,2019/09/06,2019/09/07,4,"8,3",14
Eurostars Rey Don Jaime,91520,NA,Valencia,1,1,€ 179,2019/09/06,2019/09/07,4,"8,2",14
Luxury Center Plaza Redonda,5138960,Apartamento,Valencia,1,1,NA,2019/09/06,2019/09/07,0,"9,8",14
Valenciaflats Torres de Serrano,17468,Apartamentos,Valencia,1,1,€ 179,2019/09/06,2019/09/07,0,"8,3",14
Holiday Inn Express Ciudad de las Ciencias,96737,NA,Valencia,1,1,€ 180,2019/09/06,2019/09/07,3,8,14
Zerka Centro,4425975,Apartamentos,Valencia,1,1,€ 219,2019/09/06,2019/09/07,0,"8,4",14
Tryp Valencia Feria,92852,NA,Valencia,1,1,€ 238,2019/09/06,2019/09/07,4,"8,3",14
Hotel Conqueridor,91047,NA,Valencia,1,1,€ 252,2019/09/06,2019/09/07,4,"8,4",14
SH Ingles Boutique Hotel,92956,NA,Valencia,1,1,€ 270,2019/09/06,2019/09/07,4,"8,4",14
Cozy Apartment,2767511,Apartamento,Valencia,1,1,€ 124,2019/09/06,2019/09/07,0,"8,9",14
Hotel Sercotel Acteón Valencia,90495,NA,Valencia,1,1,€ 125,2019/09/06,2019/09/07,4,"8,5",14
Apartamentos Plaza Picasso,97063,Apartamentos,Valencia,1,1,€ 125,2019/09/06,2019/09/07,0,"8,5",14
Casual Vintage Valencia,1710241,NA,Valencia,1,1,€ 131,2019/09/06,2019/09/07,2,"8,6",14
CÓMODAS HABITACIONES CERCA DE LA PLAYA,5041799,NA,Valencia,1,1,NA,2019/09/06,2019/09/07,0,"9,5",14
Hotel San Lorenzo Boutique,1307718,NA,Valencia,1,1,€ 135,2019/09/06,2019/09/07,3,"8,6",14
Hotel Valencia Oceanic Managed by Melia Hotels International,91522,NA,Valencia,1,1,€ 136,2019/09/06,2019/09/07,4,"8,6",14
Apartments Madrina,3278589,Apartamentos,Valencia,1,1,€ 140,2019/09/06,2019/09/07,0,"8,9",14
Barceló Valencia,91988,NA,Valencia,1,1,€ 144,2019/09/06,2019/09/07,4,"8,7",14
Rooms Ciencias,94126,NA,Valencia,1,1,€ 149,2019/09/06,2019/09/07,0,"8,9",14
Apartamentos Turia,355328,Apartamentos,Valencia,1,1,€ 150,2019/09/06,2019/09/07,0,"8,6",14
City Valencia Beach 360,4504803,Apartamento,Valencia,1,1,NA,2019/09/06,2019/09/07,0,"9,5",14
Ilunion Aqua 4,92777,NA,Valencia,1,1,€ 152,2019/09/06,2019/09/07,4,"8,5",14
Hotel Malcom and Barret,483261,NA,Valencia,1,1,€ 153,2019/09/06,2019/09/07,3,"8,7",14
Flatsforyou Port,733673,Apartamentos,Valencia,1,1,€ 155,2019/09/06,2019/09/07,0,"8,5",14
El Palacete Gran Via,3483148,NA,Valencia,1,1,€ 162,2019/09/06,2019/09/07,0,"8,8",14
ValentiaApartments - MercadoCentral,4185241,Apartamentos,Valencia,1,1,€ 170,2019/09/06,2019/09/07,0,"8,7",14
Patacona Beach Apartment,4533678,Apartamento,Valencia,1,1,€ 170,2019/09/06,2019/09/07,0,"8,5",14
Apartamento en la Ciudad de las Artes y las Ciencias,3552283,Apartamento,Valencia,1,1,NA,2019/09/06,2019/09/07,0,"9,5",14
Ciudad Ciencias- Lujo- Parking- Wi-Fi.,4999636,Apartamento,Valencia,1,1,NA,2019/09/06,2019/09/07,0,"9,8",14
Malvarrosa Calle Pavia,3608764,Casa o chalet,Valencia,1,1,€ 271,2019/09/06,2019/09/07,0,"8,1",14
Musico Peydro Apartments,3765069,Apartamentos,Valencia,1,1,€ 397,2019/09/06,2019/09/07,0,"8,1",14
UP Hostel Valencia,1710137,NA,Valencia,1,1,€ 34,2019/09/06,2019/09/07,0,"7,8",14
Center Valencia Youth Hostel,246931,NA,Valencia,1,1,€ 18,2019/09/06,2019/09/07,0,"7,9",14
Apart and Benef,2291245,NA,Valencia,1,1,€ 34,2019/09/06,2019/09/07,0,"7,8",14
Habitación en valencia centro,5418023,NA,Valencia,1,1,€ 35,2019/09/06,2019/09/07,0,"7,8",14
Disfruta - Enjoy Valencia Centre,3881970,Apartamento,Valencia,1,1,NA,2019/09/06,2019/09/07,0,"9,8",14
Voyagers Inn Homestay,2682156,NA,Valencia,1,1,€ 50,2019/09/06,2019/09/07,0,"7,7",14
Sercotel Sorolla Palace,93646,NA,Valencia,1,1,€ 170,2019/09/06,2019/09/07,4,"8,6",14
Valenciaflats Centro Histórico,94781,Apartamentos,Valencia,1,1,€ 170,2019/09/06,2019/09/07,0,"8,7",14
Hotel Kramer,91106,NA,Valencia,1,1,€ 176,2019/09/06,2019/09/07,3,"8,8",14
Pio XII Apartments Valencia,402080,Apartamentos,Valencia,1,1,€ 180,2019/09/06,2019/09/07,0,"8,5",14
Melia Valencia,290493,NA,Valencia,1,1,€ 181,2019/09/06,2019/09/07,4,"8,8",14
AC Hotel Valencia- a Marriott Lifestyle Hotel,91063,NA,Valencia,1,1,€ 183,2019/09/06,2019/09/07,4,"8,6",14
Apartamento centro frente a Torres de Serrano,3408067,Apartamento,Valencia,1,1,NA,2019/09/06,2019/09/07,0,"9,5",14
Habitación San Cayetano,4624401,NA,Valencia,1,1,€ 50,2019/09/06,2019/09/07,0,"7,7",14
Como en casa,4802186,NA,Valencia,1,1,€ 54,2019/09/06,2019/09/07,0,"7,9",14
Centro & Viaje,4215175,NA,Valencia,1,1,€ 58,2019/09/06,2019/09/07,0,"7,6",14
Valencia City Host,1177077,NA,Valencia,1,1,€ 59,2019/09/06,2019/09/07,0,"7,8",14
Habitacion por dias Centro Valencia,3977106,NA,Valencia,1,1,€ 64,2019/09/06,2019/09/07,0,"7,9",14
Casa Calle Conquista,4691493,Apartamento,Valencia,1,1,NA,2019/09/06,2019/09/07,0,"9,6",14
Pensión Universal,304276,NA,Valencia,1,1,€ 65,2019/09/06,2019/09/07,0,"7,9",14
Valencia Lounge Hostel,337203,NA,Valencia,1,1,€ 74,2019/09/06,2019/09/07,0,"7,8",14
SEA YOU HOTEL PORT VALENCIA,92328,NA,Valencia,1,1,€ 84,2019/09/06,2019/09/07,4,"7,6",14
Hotel Turia,14441,NA,Valencia,1,1,€ 99,2019/09/06,2019/09/07,4,"7,5",14
Soho Valencia,1538641,Apartahotel,Valencia,1,1,€ 184,2019/09/06,2019/09/07,0,"8,9",14
Citizentral Gascons,332095,Apartamentos,Valencia,1,1,€ 199,2019/09/06,2019/09/07,0,"8,7",14
Lotelito,570027,NA,Valencia,1,1,€ 202,2019/09/06,2019/09/07,0,"8,9",14
Vincci Palace,94163,NA,Valencia,1,1,€ 220,2019/09/06,2019/09/07,4,"8,6",14
SH Valencia Palace,91497,NA,Valencia,1,1,€ 235,2019/09/06,2019/09/07,5,"8,5",14
Casita bonita con piscina y jardin,5294677,NA,Valencia,1,1,€ 238,2019/09/06,2019/09/07,0,"8,8",14
Apartamento,3139431,Apartamento,Valencia,1,1,NA,2019/09/06,2019/09/07,0,"9,5",14
B&B Hotel Valencia Ciudad de las Ciencias,92242,NA,Valencia,1,1,€ 99,2019/09/06,2019/09/07,3,"7,5",14
Apartment Florista,2150187,Apartamento,Valencia,1,1,€ 115,2019/09/06,2019/09/07,0,"7,9",14
Abaixadors Apartment,2639554,Apartamento,Valencia,1,1,€ 117,2019/09/06,2019/09/07,0,"7,6",14
Apartamento Alguer,4005334,Apartamento,Valencia,1,1,€ 125,2019/09/06,2019/09/07,0,"7,5",14
El 16 Ruzafa,865461,Apartamentos,Valencia,1,1,€ 139,2019/09/06,2019/09/07,0,"7,7",14
Old Town Flats Casa Burguerini,4552106,Apartamentos,Valencia,1,1,€ 149,2019/09/06,2019/09/07,0,"7,6",14
Ilunion Valencia 3,92818,NA,Valencia,1,1,€ 150,2019/09/06,2019/09/07,3,"7,9",14
Kirei Apartment San Vicente,1774062,Apartamento,Valencia,1,1,€ 156,2019/09/06,2019/09/07,0,"7,5",14
Casual de la Música Valencia,273130,NA,Valencia,1,1,€ 157,2019/09/06,2019/09/07,2,"7,5",14
Valencia Luxury Attics Ayuntamiento,337092,Apartamentos,Valencia,1,1,€ 160,2019/09/06,2019/09/07,0,"7,5",14
Kirei Apartment Calgary,4768322,Apartamento,Valencia,1,1,€ 161,2019/09/06,2019/09/07,0,"7,6",14
Vincci Lys,91183,NA,Valencia,1,1,€ 243,2019/09/06,2019/09/07,4,"8,9",14
The Westin Valencia,93321,NA,Valencia,1,1,€ 248,2019/09/06,2019/09/07,5,"8,7",14
Melia Plaza Valencia,13270,NA,Valencia,1,1,€ 253,2019/09/06,2019/09/07,4,"8,9",14
Apartamento cerca de la playa y Ciudad de las Ciencias,4576062,Apartamento,Valencia,1,1,€ 169,2019/09/06,2019/09/07,0,"7,8",14
Hotel Beleret,94652,NA,Valencia,1,1,€ 228,2019/09/06,2019/09/07,3,"7,6",14
MD Art Apartment Ruzafa,2550955,Apartamento,Valencia,1,1,€ 387,2019/09/06,2019/09/07,0,"7,7",14
Apartamento Torres de Serrano,5083131,Apartamento,Valencia,1,1,€ 266,2019/09/06,2019/09/07,0,"8,8",14
One Shot Palacio Reina Victoria 04,90885,NA,Valencia,1,1,€ 269,2019/09/06,2019/09/07,4,"8,6",14
Hospes Palau de La Mar,93823,NA,Valencia,1,1,€ 286,2019/09/06,2019/09/07,5,"8,8",14
Cathedral Suites Hotel,1736257,Apartahotel,Valencia,1,1,€ 288,2019/09/06,2019/09/07,4,"8,9",14
Hotel Neptuno,91206,NA,Valencia,1,1,€ 553,2019/09/06,2019/09/07,4,"8,5",14
Red Nest Hostel,92283,NA,Valencia,1,1,€ 42,2019/09/06,2019/09/07,0,"8,2",14
Purple Nest Hostel,25278,NA,Valencia,1,1,€ 44,2019/09/06,2019/09/07,0,"8,1",14
Habitacion en Valencia Barata,4861796,NA,Valencia,1,1,€ 45,2019/09/06,2019/09/07,0,"8,2",14
Pension MonaLisa Luxury Suites,3834224,NA,Valencia,1,1,€ 60,2019/09/06,2019/09/07,0,"8,2",14
B&B Hi Valencia Canovas,305349,NA,Valencia,1,1,€ 62,2019/09/06,2019/09/07,0,"8,4",14
APARTAMENTO LAS MELLIZAS,4651578,NA,Valencia,1,1,€ 69,2019/09/06,2019/09/07,0,"8,4",14
Happy Apartments Valencia,456043,Apartamentos,Valencia,1,1,€ 109,2019/09/06,2019/09/07,0,"8,2",14
Hotel Valencia Center,91285,NA,Valencia,1,1,€ 126,2019/09/06,2019/09/07,4,"8,4",14
United Colors of Apartments - Catedral,1301545,Apartamentos,Valencia,1,1,€ 129,2019/09/06,2019/09/07,0,"8,2",14
Ilunion Aqua 3,92776,NA,Valencia,1,1,€ 132,2019/09/06,2019/09/07,3,"8,3",14
United Colors of Apartments Boutique Style,5372347,Apartamentos,Valencia,1,1,€ 109,2019/09/06,2019/09/07,0,"9,9",14
Olympia Flats,4212801,NA,Valencia,1,1,€ 70,2019/09/06,2019/09/07,0,"9,7",14
VALENCIA APARTAMENTO GOYA,4256653,Apartamento,Valencia,1,1,NA,2019/09/06,2019/09/07,0,10,14
Apartamento Bolseria 28,881275,Apartamentos,Valencia,1,1,€ 140,2019/09/06,2019/09/07,0,"9,5",14
Nest Style Valencia -Nueva apertura-,5219046,NA,Valencia,1,1,€ 141,2019/09/06,2019/09/07,3,10,14
Disfruta - Enjoy Valencia Oceanografic,4121345,Apartamento,Valencia,1,1,€ 165,2019/09/06,2019/09/07,0,"9,6",14
Ramirez Flats & Bar,4124528,Apartahotel,Valencia,1,1,€ 180,2019/09/06,2019/09/07,0,"9,5",14
Disfruta - Enjoy Valencia Ruzafa,3890328,Apartamento,Valencia,1,1,€ 199,2019/09/06,2019/09/07,0,"9,7",14
Ayuntamiento Panoramic,3089239,Apartamento,Valencia,1,1,€ 250,2019/09/06,2019/09/07,0,"9,5",14
RUZAFA- CENTRO-A/C- WI-FI- PARKING,2885994,Apartamento,Valencia,1,1,NA,2019/09/06,2019/09/07,0,"9,7",14
Cantagua Hostel,4074640,NA,Valencia,1,1,€ 48,2019/09/06,2019/09/07,0,"9,1",14
Art&Flats Bed&Breakfast,5238345,NA,Valencia,1,1,€ 25,2019/09/06,2019/09/07,0,"9,2",14
Hostal Venecia,92883,NA,Valencia,1,1,€ 93,2019/09/06,2019/09/07,2,"9,1",14
Apartamento cerca de la Playa y el Centro,2620264,Apartamento,Valencia,1,1,€ 100,2019/09/06,2019/09/07,0,9,14
Olvida tu Reloj Montichelvo Apartment,3258095,Apartamento,Valencia,1,1,€ 112,2019/09/06,2019/09/07,0,"9,4",14
Apartment close to park Marchalenes,4418670,Apartamento,Valencia,1,1,€ 120,2019/09/06,2019/09/07,0,"9,1",14
Casa La Buhardilla,2985364,Apartamento,Valencia,1,1,NA,2019/09/06,2019/09/07,0,"9,6",14
OttoH Charm Stay,2459807,NA,Valencia,1,1,€ 129,2019/09/06,2019/09/07,0,"9,3",14
BUBUSUITES by Bubuflats,2389776,NA,Valencia,1,1,€ 130,2019/09/06,2019/09/07,0,"9,3",14
Hotel Valencia Alameda,4019381,NA,Valencia,1,1,€ 135,2019/09/06,2019/09/07,4,"9,3",14
YOU & CO. Saler Beach Boutique,4533007,NA,Valencia,1,1,€ 136,2019/09/06,2019/09/07,3,"9,1",14
Loft zona Pechina en Valencia centro,2524985,Apartamento,Valencia,1,1,€ 138,2019/09/06,2019/09/07,0,"9,2",14
Blanq Comedias,4922002,NA,Valencia,1,1,€ 149,2019/09/06,2019/09/07,0,"9,2",14
Colón Market Downtown,4607745,Apartamento,Valencia,1,1,NA,2019/09/06,2019/09/07,0,"9,8",14
Sweet Caroline Apartment,1811784,Apartamento,Valencia,1,1,€ 150,2019/09/06,2019/09/07,0,"9,2",14
OCEANOGRAFIC APARTMENT. PARKING. WI-FI,3107716,Apartamentos,Valencia,1,1,€ 160,2019/09/06,2019/09/07,0,9,14
Jardines del Turia - Espacioso apartamento,2734126,Apartamento,Valencia,1,1,€ 170,2019/09/06,2019/09/07,0,"9,1",14
Apartamentos Wallace,1698355,Apartamentos,Valencia,1,1,€ 175,2019/09/06,2019/09/07,0,"9,2",14
Valenciaflats Centro Ciudad,18544,Apartamentos,Valencia,1,1,€ 179,2019/09/06,2019/09/07,0,"9,1",14
Valenciaflats Ciudad de las Ciencias,93676,Apartamentos,Valencia,1,1,€ 179,2019/09/06,2019/09/07,0,"9,1",14
Apartamento Forn dels Apòstols,3122008,Apartamento,Valencia,1,1,NA,2019/09/06,2019/09/07,0,"9,6",14
Homelirose Apartaments,3140406,Apartamento,Valencia,1,1,€ 180,2019/09/06,2019/09/07,0,"9,3",14
Hotel Boutique Balandret,1281710,NA,Valencia,1,1,€ 181,2019/09/06,2019/09/07,3,"9,2",14
Edificio Pentagono,4673669,Apartamento,Valencia,1,1,€ 185,2019/09/06,2019/09/07,0,"9,2",14
Mon Suites San Nicolas,4117225,Apartamentos,Valencia,1,1,€ 207,2019/09/06,2019/09/07,0,"9,2",14
Loft Superior el Carmen,2784473,Apartamento,Valencia,1,1,€ 212,2019/09/06,2019/09/07,0,"9,4",14
Arena's Apartament,2156905,Apartamento,Valencia,1,1,€ 225,2019/09/06,2019/09/07,0,"9,1",14
PORT VALENCIA PLAYA,5259971,Apartamento,Valencia,1,1,NA,2019/09/06,2019/09/07,0,"9,8",14
Friendly Rentals Rey,1634248,Apartamento,Valencia,1,1,€ 238,2019/09/06,2019/09/07,0,9,14
HQ Rooms Apartments San Vicente,2894429,Apartamentos,Valencia,1,1,€ 245,2019/09/06,2019/09/07,0,"9,3",14
Las Arenas Balneario Resort,91144,NA,Valencia,1,1,€ 257,2019/09/06,2019/09/07,5,9,14
Citizentral Juristas,1113127,Apartamentos,Valencia,1,1,€ 272,2019/09/06,2019/09/07,0,"9,2",14
Vincci Mercat,1279484,NA,Valencia,1,1,€ 285,2019/09/06,2019/09/07,4,9,14
Zerka Sendra,4657122,Apartamento,Valencia,1,1,€ 309,2019/09/06,2019/09/07,0,9,14
Caro Hotel,348132,NA,Valencia,1,1,€ 355,2019/09/06,2019/09/07,5,"9,2",14
MARQUÉS HOUSE 4* SUP,2118880,NA,Valencia,1,1,€ 499,2019/09/06,2019/09/07,4,"9,4",14
The River Hostel,494202,NA,Valencia,1,1,€ 28,2019/09/06,2019/09/07,0,"8,5",14
Homestay Carrer Sagun,5006434,NA,Valencia,1,1,€ 50,2019/09/06,2019/09/07,0,"8,7",14
Home Youth Hostel by Feetup Hostels,189322,NA,Valencia,1,1,€ 27,2019/09/06,2019/09/07,0,"8,8",14
Russafa Youth Hostel,345134,NA,Valencia,1,1,€ 58,2019/09/06,2019/09/07,0,"8,6",14
Valencia Suits You Citytel,1106307,NA,Valencia,1,1,€ 64,2019/09/06,2019/09/07,2,"8,6",14
Carrer de l'Escriptor Rafael Ferreres,4267645,Apartamento,Valencia,1,1,€ 70,2019/09/06,2019/09/07,0,"8,6",14
Habitación doble,3599930,NA,Valencia,1,1,€ 90,2019/09/06,2019/09/07,0,"8,9",14
Casa del Patriarca,364834,NA,Valencia,1,1,€ 90,2019/09/06,2019/09/07,0,"8,9",14
Ad Hoc Carmen,1173270,NA,Valencia,1,1,€ 99,2019/09/06,2019/09/07,2,"8,9",14
Hulot B&B Valencia,585429,NA,Valencia,1,1,€ 99,2019/09/06,2019/09/07,0,"8,5",14
