name,propertyId,propertyType,city,rooms,days,price,checkIn,checkOut,stars,score,advance
Original Domino House,5434091,NA,Valencia,1,1,€ 75,2019/09/05,2019/09/06,0,,14
Loft Turia Gran,5133726,Apartamento,Valencia,1,1,€ 80,2019/09/05,2019/09/06,0,,14
Piso en barrio del Carmen cerca de Plaza Virgen,3421713,Apartamento,Valencia,1,1,NA,2019/09/05,2019/09/06,0,"9,8",14
Magnífico Adosado- cerca de Valencia ciudad- en zona de montaña y playa fluvial,5354233,Casa o chalet,Valencia,1,1,€ 88,2019/09/05,2019/09/06,0,,14
casa la tranquilidad,5516825,NA,Valencia,1,1,€ 120,2019/09/05,2019/09/06,0,,14
Catedral Apartment,5270717,Apartamento,Valencia,1,1,€ 165,2019/09/05,2019/09/06,0,,14
DREAM APARTMENT NEAR THE BEACH,5162600,Apartamento,Valencia,1,1,€ 170,2019/09/05,2019/09/06,0,,14
Valencia Puerto Beach 3BD Apartment,5249773,Apartamento,Valencia,1,1,€ 173,2019/09/05,2019/09/06,0,,14
AA la Nueva Fe,4377808,Apartamento,Valencia,1,1,€ 176,2019/09/05,2019/09/06,0,,14
Valencian Dreams,3268804,Apartamento,Valencia,1,1,NA,2019/09/05,2019/09/06,0,"9,8",14
Apartamento con terraza,5238122,Apartahotel,Valencia,1,1,€ 240,2019/09/05,2019/09/06,0,,14
Calle eugenia viñes 211 Apartamento,5466253,Apartamento,Valencia,1,1,€ 245,2019/09/05,2019/09/06,0,,14
beach front house/ frente al mar,5424585,Casa o chalet,Valencia,1,1,€ 298,2019/09/05,2019/09/06,0,,14
Governor Residence,3799760,Apartahotel,Valencia,1,1,€ 600,2019/09/05,2019/09/06,0,,14
MD PASEO RUZAFA CENTER,5374850,Apartamento,Valencia,1,1,€ 1.020,2019/09/05,2019/09/06,0,,14
Gulet Why Not,5199364,NA,Valencia,1,1,€ 3.600,2019/09/05,2019/09/06,0,,14
Malvarrosa Calle Pavia,3608764,NA,Valencia,1,1,€ 271,2019/09/05,2019/09/06,0,"8,1",14
MD Benlliure Beach.,1957258,NA,Valencia,1,1,€ 392,2019/09/05,2019/09/06,0,8,14
Ayuntamiento Panoramic,3089239,NA,Valencia,1,1,NA,2019/09/05,2019/09/06,0,"9,5",14
Musico Peydro Apartments,3765069,NA,Valencia,1,1,€ 397,2019/09/05,2019/09/06,0,"8,1",14
Center Valencia Youth Hostel,246931,NA,Valencia,1,1,€ 23,2019/09/05,2019/09/06,0,"7,9",14
UP Hostel Valencia,1710137,NA,Valencia,1,1,€ 29,2019/09/05,2019/09/06,0,"7,8",14
Apart and Benef,2291245,NA,Valencia,1,1,€ 34,2019/09/05,2019/09/06,0,"7,7",14
Habitación en valencia centro,5418023,NA,Valencia,1,1,€ 35,2019/09/05,2019/09/06,0,"7,8",14
Pensión Universal,304276,NA,Valencia,1,1,€ 38,2019/09/05,2019/09/06,0,"7,9",14
Duplex+Swimming pool+private entrance=Housen of LOVE,2999152,NA,Valencia,1,1,NA,2019/09/05,2019/09/06,0,"9,5",14
Adrian's House,2271869,NA,Valencia,1,1,€ 40,2019/09/05,2019/09/06,0,"7,7",14
Habitación San Cayetano,4624401,NA,Valencia,1,1,€ 40,2019/09/05,2019/09/06,0,"7,7",14
Hostal Moratin,326015,NA,Valencia,1,1,€ 42,2019/09/05,2019/09/06,1,"7,9",14
Voyagers Inn Homestay,2682156,NA,Valencia,1,1,€ 46,2019/09/05,2019/09/06,0,"7,7",14
Habitacion PLaza Ayuntamiento,4365340,NA,Valencia,1,1,€ 50,2019/09/05,2019/09/06,0,"7,6",14
Apartamentos Adressadors,1743173,NA,Valencia,1,1,€ 50,2019/09/05,2019/09/06,0,"7,8",14
Apartamento Centrico - Viveros,2461987,NA,Valencia,1,1,NA,2019/09/05,2019/09/06,0,"9,5",14
Habitación cerca del centro,2789581,NA,Valencia,1,1,€ 52,2019/09/05,2019/09/06,0,"7,6",14
Como en casa,4802186,NA,Valencia,1,1,€ 54,2019/09/05,2019/09/06,0,"7,9",14
Hostal El Cid,309465,NA,Valencia,1,1,€ 55,2019/09/05,2019/09/06,2,"7,6",14
Valencia City Host,1177077,NA,Valencia,1,1,€ 56,2019/09/05,2019/09/06,0,"7,8",14
Casual Civilizaciones Valencia,449777,NA,Valencia,1,1,€ 62,2019/09/05,2019/09/06,0,"7,9",14
Habitacion por dias Centro Valencia,3977106,NA,Valencia,1,1,€ 64,2019/09/05,2019/09/06,0,"7,9",14
palacete echeveste III,2160386,NA,Valencia,1,1,NA,2019/09/05,2019/09/06,0,"9,5",14
Centro & Viaje,4215175,NA,Valencia,1,1,€ 68,2019/09/05,2019/09/06,0,"7,6",14
Valencia Lounge Hostel,337203,NA,Valencia,1,1,€ 70,2019/09/05,2019/09/06,0,"7,8",14
Jero Rooms,296743,NA,Valencia,1,1,€ 77,2019/09/05,2019/09/06,0,"7,7",14
City Center Apartments,4426057,NA,Valencia,1,1,€ 81,2019/09/05,2019/09/06,0,"7,8",14
OYO Pensión El Rincón,476031,NA,Valencia,1,1,€ 85,2019/09/05,2019/09/06,1,"7,7",14
Casual de la Música Valencia,273130,NA,Valencia,1,1,€ 87,2019/09/05,2019/09/06,2,"7,5",14
Apartamento Bolseria 28,881275,NA,Valencia,1,1,NA,2019/09/05,2019/09/06,0,"9,5",14
El 16 Ruzafa,865461,NA,Valencia,1,1,€ 89,2019/09/05,2019/09/06,0,"7,7",14
Torres Quart,3702234,NA,Valencia,1,1,€ 96,2019/09/05,2019/09/06,0,"7,7",14
SH Valencia Palace,91497,NA,Valencia,1,1,€ 250,2019/09/05,2019/09/06,5,"8,5",14
Melia Valencia,290493,NA,Valencia,1,1,€ 260,2019/09/05,2019/09/06,4,"8,8",14
Valencia what else...,2550483,Apartamento,Valencia,1,1,NA,2019/09/05,2019/09/06,0,"9,5",14
Apartamento Torres de Serrano,5083131,Apartamento,Valencia,1,1,€ 266,2019/09/05,2019/09/06,0,"8,8",14
Hotel San Lorenzo Boutique,1307718,NA,Valencia,1,1,€ 270,2019/09/05,2019/09/06,3,"8,6",14
Vincci Palace,94163,NA,Valencia,1,1,€ 270,2019/09/05,2019/09/06,4,"8,6",14
Vincci Lys,91183,NA,Valencia,1,1,€ 280,2019/09/05,2019/09/06,4,"8,9",14
Hotel Turia,14441,NA,Valencia,1,1,€ 99,2019/09/05,2019/09/06,4,"7,5",14
B&B Hotel Valencia Ciudad de las Ciencias,92242,NA,Valencia,1,1,€ 99,2019/09/05,2019/09/06,3,"7,5",14
Your home in Valencia,2215828,NA,Valencia,1,1,€ 100,2019/09/05,2019/09/06,0,"7,8",14
Suites by Eric Olsan (Peset),4726296,NA,Valencia,1,1,€ 100,2019/09/05,2019/09/06,0,"7,5",14
Luxury Center Plaza Redonda,5138960,NA,Valencia,1,1,NA,2019/09/05,2019/09/06,0,"9,8",14
Suites by Eric Olsan (L),4287413,NA,Valencia,1,1,€ 100,2019/09/05,2019/09/06,0,"7,5",14
Apartment Florista,2150187,NA,Valencia,1,1,€ 115,2019/09/05,2019/09/06,0,"7,9",14
Kirei Apartment San Vicente,1774062,NA,Valencia,1,1,€ 121,2019/09/05,2019/09/06,0,"7,5",14
Melia Plaza Valencia,13270,NA,Valencia,1,1,€ 330,2019/09/05,2019/09/06,4,"8,9",14
The Westin Valencia,93321,NA,Valencia,1,1,€ 5.559,2019/09/05,2019/09/06,5,"8,7",14
Lounge by the sea,4756780,Apartamento,Valencia,1,1,NA,2019/09/05,2019/09/06,0,"9,8",14
Apartamento Alguer,4005334,NA,Valencia,1,1,€ 125,2019/09/05,2019/09/06,0,"7,5",14
My Reception - Edificio Russafa,4732440,NA,Valencia,1,1,€ 130,2019/09/05,2019/09/06,0,"7,7",14
Kirei Apartment Calgary,4768322,NA,Valencia,1,1,€ 137,2019/09/05,2019/09/06,0,"7,6",14
El Globo,24498,NA,Valencia,1,1,€ 144,2019/09/05,2019/09/06,1,"7,8",14
Expo Hotel Valencia,91223,NA,Valencia,1,1,€ 144,2019/09/05,2019/09/06,3,"7,6",14
Apartamento cerca de la playa y Ciudad de las Ciencias,4576062,NA,Valencia,1,1,€ 147,2019/09/05,2019/09/06,0,"7,8",14
Purple Nest Hostel,25278,NA,Valencia,1,1,€ 48,2019/09/05,2019/09/06,0,"8,1",14
Casa Mati,4217185,NA,Valencia,1,1,€ 50,2019/09/05,2019/09/06,0,"8,2",14
Red Nest Hostel,92283,NA,Valencia,1,1,€ 57,2019/09/05,2019/09/06,0,"8,1",14
Valencia Luxury Attics Ayuntamiento,337092,NA,Valencia,1,1,€ 160,2019/09/05,2019/09/06,0,"7,5",14
Pension MonaLisa Luxury Suites,3834224,NA,Valencia,1,1,€ 60,2019/09/05,2019/09/06,0,"8,2",14
B&B Hi Valencia Canovas,305349,NA,Valencia,1,1,€ 64,2019/09/05,2019/09/06,0,"8,4",14
Valencia Luxury Central Market,1078335,NA,Valencia,1,1,€ 170,2019/09/05,2019/09/06,0,"7,5",14
Friendly rentals Enesco Beach,2526514,NA,Valencia,1,1,€ 174,2019/09/05,2019/09/06,0,"7,9",14
Ilunion Valencia 3,92818,NA,Valencia,1,1,€ 187,2019/09/05,2019/09/06,3,"7,9",14
Apartamento Gutenberg,1327120,Apartamentos,Valencia,1,1,€ 65,2019/09/05,2019/09/06,0,"8,1",14
La Casa Verde - Ruzafa,2029143,Apartamento,Valencia,1,1,NA,2019/09/05,2019/09/06,0,"9,7",14
APARTAMENTO LAS MELLIZAS,4651578,NA,Valencia,1,1,€ 69,2019/09/05,2019/09/06,0,"8,4",14
MD Art Apartment Ruzafa,2550955,NA,Valencia,1,1,€ 387,2019/09/05,2019/09/06,0,"7,7",14
Dormavalencia Hostel Regne,291755,NA,Valencia,1,1,€ 69,2019/09/05,2019/09/06,1,8,14
MD Pelayo with terrace,1979067,NA,Valencia,1,1,€ 387,2019/09/05,2019/09/06,0,"7,8",14
Nanit Valencia Hostel,3913497,NA,Valencia,1,1,€ 69,2019/09/05,2019/09/06,0,"8,3",14
Hotel Alkazar,408511,NA,Valencia,1,1,€ 69,2019/09/05,2019/09/06,1,8,14
MD Oliag I Apartment Ruzafa,2867488,NA,Valencia,1,1,€ 513,2019/09/05,2019/09/06,0,"7,7",14
feliz como en casa,3676196,NA,Valencia,1,1,€ 36,2019/09/05,2019/09/06,0,"7,2",14
La Flamenca,818359,NA,Valencia,1,1,€ 40,2019/09/05,2019/09/06,0,"7,2",14
Apartamentos En Plom,3666575,Apartamento,Valencia,1,1,€ 70,2019/09/05,2019/09/06,0,"8,2",14
Hotel Olympia Universidades,1301731,NA,Valencia,1,1,€ 70,2019/09/05,2019/09/06,3,"8,4",14
Apartamento,3139431,Apartamento,Valencia,1,1,NA,2019/09/05,2019/09/06,0,"9,5",14
HOSPEDAJE PESET,4718074,NA,Valencia,1,1,€ 40,2019/09/05,2019/09/06,0,"7,2",14
Urban Youth Hostel,1163025,NA,Valencia,1,1,€ 72,2019/09/05,2019/09/06,0,"8,4",14
Down Town,1656378,Apartamentos,Valencia,1,1,€ 81,2019/09/05,2019/09/06,0,"8,3",14
Hostal Residencial RR,450746,NA,Valencia,1,1,€ 50,2019/09/05,2019/09/06,0,7,14
Happy Apartments Valencia,456043,Apartamentos,Valencia,1,1,€ 94,2019/09/05,2019/09/06,0,"8,2",14
Apartamento Bolseria 28,881275,NA,Valencia,1,1,NA,2019/09/05,2019/09/06,0,"9,5",14
B&B El Mercat,2203530,NA,Valencia,1,1,€ 55,2019/09/05,2019/09/06,0,"7,3",14
Sampedor Apartment,435662,NA,Valencia,1,1,€ 55,2019/09/05,2019/09/06,0,7,14
MD Modern Hotel - Jardines,305447,NA,Valencia,1,1,€ 95,2019/09/05,2019/09/06,1,"8,2",14
United Colors of Apartments - Catedral,1301545,Apartamentos,Valencia,1,1,€ 95,2019/09/05,2019/09/06,0,"8,2",14
Ruzafa Rooms,2891693,NA,Valencia,1,1,€ 56,2019/09/05,2019/09/06,0,7,14
SHF Flats Baron,1033085,Apartamentos,Valencia,1,1,€ 95,2019/09/05,2019/09/06,0,8,14
ApartUP Patacona Deluxe,2565246,Apartamento,Valencia,1,1,NA,2019/09/05,2019/09/06,0,"9,6",14
NWT Central Station Apartments,3964093,Apartamento,Valencia,1,1,€ 109,2019/09/05,2019/09/06,0,"8,3",14
Dormavalencia Hostel,249585,NA,Valencia,1,1,€ 109,2019/09/05,2019/09/06,1,"8,2",14
Sol Playa,12656,NA,Valencia,1,1,€ 116,2019/09/05,2019/09/06,2,"8,3",14
Atico Ciutat Vella,3446230,Apartamentos,Valencia,1,1,€ 119,2019/09/05,2019/09/06,0,"8,4",14
Central Station Valencia Hostel,1647017,NA,Valencia,1,1,€ 69,2019/09/05,2019/09/06,0,"7,1",14
HOSTAL BED OF THE SEA,3974636,NA,Valencia,1,1,€ 72,2019/09/05,2019/09/06,0,7,14
Centro Valencia Calle Cerrajeros,3476261,NA,Valencia,1,1,€ 75,2019/09/05,2019/09/06,0,7,14
Apartamento centro,3160737,NA,Valencia,1,1,NA,2019/09/05,2019/09/06,0,"9,7",14
NH Valencia Las Ciencias,90725,NA,Valencia,1,1,€ 126,2019/09/05,2019/09/06,3,8,14
Zerka Centro,4425975,Apartamentos,Valencia,1,1,€ 129,2019/09/05,2019/09/06,0,"8,4",14
Colón Market Downtown,4607745,Apartamento,Valencia,1,1,NA,2019/09/05,2019/09/06,0,"9,8",14
Apartamentos Valencia Luxury Center,2011524,Apartamento,Valencia,1,1,€ 130,2019/09/05,2019/09/06,0,8,14
Ilunion Aqua 3,92776,NA,Valencia,1,1,€ 132,2019/09/05,2019/09/06,3,"8,3",14
NH Ciudad de Valencia,90729,NA,Valencia,1,1,€ 136,2019/09/05,2019/09/06,3,"8,1",14
Senator Parque Central Hotel,274963,NA,Valencia,1,1,€ 152,2019/09/05,2019/09/06,4,"8,1",14
Friendly Rentals Gimenez,1634242,Apartamento,Valencia,1,1,€ 159,2019/09/05,2019/09/06,0,"8,2",14
Almiserat,3054886,NA,Valencia,1,1,€ 80,2019/09/05,2019/09/06,0,"7,1",14
Valencia Apartments,4367788,NA,Valencia,1,1,€ 87,2019/09/05,2019/09/06,0,"7,2",14
Valenciaflats Torres de Serrano,17468,Apartamentos,Valencia,1,1,€ 166,2019/09/05,2019/09/06,0,"8,3",14
NH Valencia Las Artes,90731,NA,Valencia,1,1,€ 174,2019/09/05,2019/09/06,4,"8,4",14
Primus Valencia,331871,NA,Valencia,1,1,€ 175,2019/09/05,2019/09/06,4,"8,3",14
Eurostars Gran Valencia,90484,NA,Valencia,1,1,€ 179,2019/09/05,2019/09/06,4,"8,3",14
NWT Monserrat,3728842,NA,Valencia,1,1,€ 94,2019/09/05,2019/09/06,0,7,14
Kirei Apartment Na Jordana,1702092,NA,Valencia,1,1,€ 98,2019/09/05,2019/09/06,0,7,14
Silken Puerta Valencia,91182,NA,Valencia,1,1,€ 180,2019/09/05,2019/09/06,4,"8,3",14
Hotel Medium Valencia,96838,NA,Valencia,1,1,€ 180,2019/09/05,2019/09/06,4,"8,2",14
Premium Apartments,486507,NA,Valencia,1,1,€ 114,2019/09/05,2019/09/06,0,7,14
Miresa flats,5300418,NA,Valencia,1,1,€ 125,2019/09/05,2019/09/06,0,7,14
Holiday Inn Express Ciudad de las Ciencias,96737,NA,Valencia,1,1,€ 180,2019/09/05,2019/09/06,3,8,14
Apartments Downtown Valencia,2250421,NA,Valencia,1,1,NA,2019/09/05,2019/09/06,0,"9,6",14
SH Ingles Boutique Hotel,92956,NA,Valencia,1,1,€ 185,2019/09/05,2019/09/06,4,"8,4",14
Hotel Valencia Center,91285,NA,Valencia,1,1,€ 189,2019/09/05,2019/09/06,4,"8,4",14
Kirei Apartment En Llop,1765516,NA,Valencia,1,1,€ 150,2019/09/05,2019/09/06,0,"7,1",14
Valencia Boutique Ayuntamiento,343355,NA,Valencia,1,1,€ 160,2019/09/05,2019/09/06,0,"7,2",14
Valencia Luxury Town Hall,866934,NA,Valencia,1,1,€ 160,2019/09/05,2019/09/06,0,"7,1",14
Vlc Apartaments el Carmen,389902,Apartamentos,Valencia,1,1,€ 214,2019/09/05,2019/09/06,0,"8,1",14
Ilunion Valencia 4,754329,NA,Valencia,1,1,€ 217,2019/09/05,2019/09/06,4,8,14
Eurostars Rey Don Jaime,91520,NA,Valencia,1,1,€ 233,2019/09/05,2019/09/06,4,"8,2",14
Hotel Conqueridor,91047,NA,Valencia,1,1,€ 234,2019/09/05,2019/09/06,4,"8,4",14
Apartamento para 10 personas,5029963,NA,Valencia,1,1,€ 200,2019/09/05,2019/09/06,0,"7,3",14
MD Puerto Rico Apartment Ruzafa,3737151,NA,Valencia,1,1,€ 455,2019/09/05,2019/09/06,0,"7,4",14
MD Olivereta Apartment,3783665,NA,Valencia,1,1,€ 528,2019/09/05,2019/09/06,0,"7,3",14
Apartment Cabanyal,3172456,NA,Valencia,1,1,NA,2019/09/05,2019/09/06,0,"9,8",14
Loyola Room Habitación en Piso Compartido,3298489,NA,Valencia,1,1,€ 32,2019/09/05,2019/09/06,0,"6,7",14
Geography and Arts.,3569110,NA,Valencia,1,1,€ 60,2019/09/05,2019/09/06,0,"6,7",14
Malvarrosa Beach,3546692,NA,Valencia,1,1,€ 768,2019/09/05,2019/09/06,0,"6,6",14
Habitación con cama doble,4794909,NA,Valencia,1,1,€ 41,2019/09/05,2019/09/06,0,"6,3",14
Fun and Sun Center 2,2944416,NA,Valencia,1,1,€ 45,2019/09/05,2019/09/06,0,"6,1",14
Kirei Apartment San Agustin,1712323,NA,Valencia,1,1,€ 137,2019/09/05,2019/09/06,0,"6,1",14
Luxury Beach House,3602594,NA,Valencia,1,1,NA,2019/09/05,2019/09/06,0,"9,7",14
Casita Esmeralda,2040126,NA,Valencia,1,1,€ 139,2019/09/05,2019/09/06,0,"6,3",14
Kirei Apartment Portland,4276529,NA,Valencia,1,1,€ 200,2019/09/05,2019/09/06,0,"6,1",14
Guest House Higinio Noja,2845935,NA,Valencia,1,1,€ 30,2019/09/05,2019/09/06,0,"5,9",14
RoomTuristValencia - Ruzafa,4608394,NA,Valencia,1,1,€ 30,2019/09/05,2019/09/06,0,"5,5",14
Home Sweet Home,1223953,NA,Valencia,1,1,€ 51,2019/09/05,2019/09/06,0,"5,6",14
Pensión Alicante,298710,NA,Valencia,1,1,€ 42,2019/09/05,2019/09/06,0,"8,5",14
Carrer del Bisbe Jaume Pérez,4900140,NA,Valencia,1,1,€ 60,2019/09/05,2019/09/06,0,"5,8",14
Homestay Carrer Sagun,5006434,NA,Valencia,1,1,€ 50,2019/09/05,2019/09/06,0,"8,7",14
CÓMODAS HABITACIONES CERCA DE LA PLAYA,5041799,NA,Valencia,1,1,NA,2019/09/05,2019/09/06,0,"9,5",14
Russafa Youth Hostel,345134,NA,Valencia,1,1,€ 52,2019/09/05,2019/09/06,0,"8,6",14
Namaste Rooms,3799642,NA,Valencia,1,1,€ 65,2019/09/05,2019/09/06,0,"8,7",14
Carrer de l'Escriptor Rafael Ferreres,4267645,Apartamento,Valencia,1,1,€ 70,2019/09/05,2019/09/06,0,"8,6",14
Big spacious penthouse next to the sea,3289648,Apartamento,Valencia,1,1,€ 70,2019/09/05,2019/09/06,0,"8,8",14
JL Ciudad de las Artes,3074378,NA,Valencia,1,1,NA,2019/09/05,2019/09/06,0,"9,6",14
Oliver,4865093,NA,Valencia,1,1,€ 73,2019/09/05,2019/09/06,0,"5,6",14
Kirei Apartment Berlin,4504570,NA,Valencia,1,1,€ 126,2019/09/05,2019/09/06,0,"5,7",14
Valencia maritimo,3020748,Apartamento,Valencia,1,1,€ 70,2019/09/05,2019/09/06,0,"8,8",14
Hulot B&B Valencia,585429,NA,Valencia,1,1,€ 70,2019/09/05,2019/09/06,0,"8,5",14
City Valencia Beach 360,4504803,Apartamento,Valencia,1,1,NA,2019/09/05,2019/09/06,0,"9,5",14
Casita bonita con piscina y jardin,5294677,NA,Valencia,1,1,€ 71,2019/09/05,2019/09/06,0,"8,8",14
Guest House Duc de Gaeta,2275007,NA,Valencia,1,1,€ 33,2019/09/05,2019/09/06,0,5,14
Guest House Ruzafa,2324552,NA,Valencia,1,1,€ 34,2019/09/05,2019/09/06,0,"5,3",14
RoomTuristValencia Estacion del Norte,4682632,NA,Valencia,1,1,€ 35,2019/09/05,2019/09/06,0,"5,2",14
Guest House Torres de Quart,2275006,NA,Valencia,1,1,€ 35,2019/09/05,2019/09/06,0,"5,4",14
València Centre Túria,2185255,Apartamento,Valencia,1,1,€ 75,2019/09/05,2019/09/06,0,"8,8",14
Home Youth Hostel by Feetup Hostels,189322,NA,Valencia,1,1,€ 84,2019/09/05,2019/09/06,0,"8,8",14
Casa del Patriarca,364834,NA,Valencia,1,1,€ 86,2019/09/05,2019/09/06,0,"8,9",14
RoomTuristValencia Torres de Quart,4565643,NA,Valencia,1,1,€ 30,2019/09/05,2019/09/06,0,"4,5",14
Guesthouse Plaza de Toros,2985902,NA,Valencia,1,1,€ 33,2019/09/05,2019/09/06,0,"4,9",14
Habitación doble,3599930,NA,Valencia,1,1,€ 90,2019/09/05,2019/09/06,0,"8,9",14
Casa de Maria,2467712,Apartamento,Valencia,1,1,€ 90,2019/09/05,2019/09/06,0,"8,6",14
Apartamento en la Ciudad de las Artes y las Ciencias,3552283,Apartamento,Valencia,1,1,NA,2019/09/05,2019/09/06,0,"9,5",14
Apartments Madrina,3278589,Apartamentos,Valencia,1,1,€ 95,2019/09/05,2019/09/06,0,"8,9",14
Suites by Eric Olsan (Florista),4726450,Apartamentos,Valencia,1,1,€ 99,2019/09/05,2019/09/06,0,"8,6",14
Valencian Apartment,2298621,Apartamento,Valencia,1,1,€ 104,2019/09/05,2019/09/06,0,"8,8",14
Living Valencia - Patacona Beach 56,3718985,Apartamentos,Valencia,1,1,€ 113,2019/09/05,2019/09/06,0,"8,8",14
ABCyou Bed&Breakfast,189207,NA,Valencia,1,1,€ 114,2019/09/05,2019/09/06,0,"8,5",14
RoomTuristValencia RuzafaSumsi,4682802,NA,Valencia,1,1,€ 40,2019/09/05,2019/09/06,0,"4,8",14
Apartamento Islas Canarias,2304086,NA,Valencia,1,1,€ 71,2019/09/05,2019/09/06,0,4,14
Quart Youth Hostel,476418,NA,Valencia,1,1,€ 116,2019/09/05,2019/09/06,0,"8,7",14
Apartamento,3139431,Apartamento,Valencia,1,1,NA,2019/09/05,2019/09/06,0,"9,5",14
Perla Apartments,3146781,Apartamentos,Valencia,1,1,€ 117,2019/09/05,2019/09/06,0,"8,7",14
Casual del Cine Valencia,572187,NA,Valencia,1,1,€ 117,2019/09/05,2019/09/06,2,"8,6",14
Constitucion Guesthouse,2985942,NA,Valencia,1,1,€ 34,2019/09/05,2019/09/06,0,"3,4",14
Amplia habitación en piso compartido,5433175,NA,Valencia,1,1,€ 40,2019/09/05,2019/09/06,0,,14
Rooms El Picolino,5326859,NA,Valencia,1,1,€ 52,2019/09/05,2019/09/06,0,,14
Florista's Rooms en Valencia,5502152,NA,Valencia,1,1,€ 60,2019/09/05,2019/09/06,0,,14
vosotros sereis parte de mi familia.,5299568,NA,Valencia,1,1,€ 60,2019/09/05,2019/09/06,0,,14
Petxina78 Valencia,5503912,NA,Valencia,1,1,€ 66,2019/09/05,2019/09/06,0,,14
Hogar Dulce Hogar,5426607,NA,Valencia,1,1,€ 70,2019/09/05,2019/09/06,0,,14
Hotel Sercotel Acteón Valencia,90495,NA,Valencia,1,1,€ 120,2019/09/05,2019/09/06,4,"8,5",14
Pio XII Apartments Valencia,402080,Apartamentos,Valencia,1,1,€ 126,2019/09/05,2019/09/06,0,"8,5",14
BUBUFLATS Mossén,1141763,Apartamentos,Valencia,1,1,€ 130,2019/09/05,2019/09/06,0,"8,9",14
Habitación en Valencia,5477394,NA,Valencia,1,1,€ 72,2019/09/05,2019/09/06,0,,14
Valenciaflats Centro Histórico,94781,Apartamentos,Valencia,1,1,€ 138,2019/09/05,2019/09/06,0,"8,7",14
Ambrosio Flats Valencia - El Mercat,3131649,Apartamento,Valencia,1,1,NA,2019/09/05,2019/09/06,0,"9,5",14
Rooms Ciencias,94126,NA,Valencia,1,1,€ 140,2019/09/05,2019/09/06,0,"8,9",14
Hotel Dimar,90886,NA,Valencia,1,1,€ 140,2019/09/05,2019/09/06,4,"8,7",14
Flatsforyou Ruzafa,3342696,Apartamentos,Valencia,1,1,€ 140,2019/09/05,2019/09/06,0,"8,8",14
Jardín Botánico Hotel Boutique,93369,NA,Valencia,1,1,€ 143,2019/09/05,2019/09/06,3,"8,9",14
Blanq Carmen Hotel,97069,NA,Valencia,1,1,€ 144,2019/09/05,2019/09/06,3,"8,7",14
Apartamentos Plaza Picasso,97063,Apartamentos,Valencia,1,1,€ 145,2019/09/05,2019/09/06,0,"8,5",14
Ayuntamiento Panoramic,3089239,Apartamento,Valencia,1,1,NA,2019/09/05,2019/09/06,0,"9,5",14
Ilunion Aqua 4,92777,NA,Valencia,1,1,€ 152,2019/09/05,2019/09/06,4,"8,5",14
Casual Vintage Valencia,1710241,NA,Valencia,1,1,€ 153,2019/09/05,2019/09/06,2,"8,6",14
Friendly Rentals Strauss,1634236,Apartamento,Valencia,1,1,€ 153,2019/09/05,2019/09/06,0,"8,8",14
Hotel Malcom and Barret,483261,NA,Valencia,1,1,€ 158,2019/09/05,2019/09/06,3,"8,7",14
Catalonia Excelsior,90578,NA,Valencia,1,1,€ 160,2019/09/05,2019/09/06,3,"8,7",14
Barceló Valencia,91988,NA,Valencia,1,1,€ 167,2019/09/05,2019/09/06,4,"8,7",14
ValentiaApartments - MercadoCentral,4185241,Apartamentos,Valencia,1,1,€ 167,2019/09/05,2019/09/06,0,"8,7",14
Hotel Kramer,91106,NA,Valencia,1,1,€ 171,2019/09/05,2019/09/06,3,"8,8",14
Flatsforyou Sorolla House,403442,Apartamentos,Valencia,1,1,€ 180,2019/09/05,2019/09/06,0,"8,6",14
Citizentral Gascons,332095,Apartamentos,Valencia,1,1,€ 191,2019/09/05,2019/09/06,0,"8,7",14
Friendly Rentals Gala,1634252,Apartamento,Valencia,1,1,€ 198,2019/09/05,2019/09/06,0,"8,9",14
AC Hotel Valencia- a Marriott Lifestyle Hotel,91063,NA,Valencia,1,1,€ 199,2019/09/05,2019/09/06,4,"8,6",14
Lotelito,570027,NA,Valencia,1,1,€ 212,2019/09/05,2019/09/06,0,"8,9",14
Hotel Neptuno,91206,NA,Valencia,1,1,€ 216,2019/09/05,2019/09/06,4,"8,5",14
SingularStays Parque Central,3054000,Apartamentos,Valencia,1,1,€ 218,2019/09/05,2019/09/06,0,"8,8",14
One Shot Palacio Reina Victoria 04,90885,NA,Valencia,1,1,€ 219,2019/09/05,2019/09/06,4,"8,6",14
Hotel Valencia Oceanic Managed by Melia Hotels International,91522,NA,Valencia,1,1,€ 225,2019/09/05,2019/09/06,4,"8,6",14
Hospes Palau de La Mar,93823,NA,Valencia,1,1,€ 243,2019/09/05,2019/09/06,5,"8,8",14
Opera House Valencia B&B,3533887,NA,Valencia,1,1,€ 108,2019/09/05,2019/09/06,0,"9,5",14
Olympia Flats,4212801,NA,Valencia,1,1,€ 70,2019/09/05,2019/09/06,0,"9,7",14
VALENCIA APARTAMENTO GOYA,4256653,Apartamento,Valencia,1,1,NA,2019/09/05,2019/09/06,0,10,14
Apartamento centro frente a Torres de Serrano,3408067,Apartamento,Valencia,1,1,€ 130,2019/09/05,2019/09/06,0,"9,5",14
La seda stay,3335523,Apartamento,Valencia,1,1,€ 160,2019/09/05,2019/09/06,0,"9,7",14
Ramirez Flats & Bar,4124528,Apartahotel,Valencia,1,1,€ 180,2019/09/05,2019/09/06,0,"9,5",14
Disfruta - Enjoy Valencia Ruzafa,3890328,Apartamento,Valencia,1,1,€ 185,2019/09/05,2019/09/06,0,"9,7",14
Art&Flats Bed&Breakfast,5238345,NA,Valencia,1,1,€ 40,2019/09/05,2019/09/06,0,"9,2",14
Cantagua Hostel,4074640,NA,Valencia,1,1,€ 46,2019/09/05,2019/09/06,0,"9,1",14
RUZAFA- CENTRO-A/C- WI-FI- PARKING,2885994,Apartamento,Valencia,1,1,NA,2019/09/05,2019/09/06,0,"9,7",14
Habitación privada a 1500 metros de la playa,3789910,NA,Valencia,1,1,€ 60,2019/09/05,2019/09/06,0,"9,2",14
"Piso ""Como en tu casa""",2689136,Apartamento,Valencia,1,1,€ 88,2019/09/05,2019/09/06,0,"9,2",14
Apartamentos Edificio Palomar,189277,Apartamentos,Valencia,1,1,€ 89,2019/09/05,2019/09/06,0,"9,2",14
Apartamento bianca,3205847,Apartamento,Valencia,1,1,€ 91,2019/09/05,2019/09/06,0,"9,1",14
City Garden Bed and Breakfast,2204361,NA,Valencia,1,1,€ 97,2019/09/05,2019/09/06,0,"9,4",14
Apartamento cerca de la Playa y el Centro,2620264,Apartamento,Valencia,1,1,€ 100,2019/09/05,2019/09/06,0,9,14
Casa La Buhardilla,2985364,Apartamento,Valencia,1,1,NA,2019/09/05,2019/09/06,0,"9,6",14
Hostal Venecia,92883,NA,Valencia,1,1,€ 102,2019/09/05,2019/09/06,2,"9,1",14
Live in Chianti,2227491,NA,Valencia,1,1,€ 104,2019/09/05,2019/09/06,0,"9,1",14
Olvida tu Reloj Montichelvo Apartment,3258095,Apartamento,Valencia,1,1,€ 106,2019/09/05,2019/09/06,0,"9,4",14
YOU & CO. Saler Beach Boutique,4533007,NA,Valencia,1,1,€ 107,2019/09/05,2019/09/06,3,"9,1",14
Piso como en tu casa 2,3834617,Apartamentos,Valencia,1,1,€ 110,2019/09/05,2019/09/06,0,"9,1",14
COZY APARTMENT VALENCIA CITY CENTER!,4886758,Apartamento,Valencia,1,1,€ 118,2019/09/05,2019/09/06,0,"9,1",14
Colón Market Downtown,4607745,Apartamento,Valencia,1,1,NA,2019/09/05,2019/09/06,0,"9,8",14
Welcome Apartamentos Pintor Stolz 31 Valencia,5019066,Apartamento,Valencia,1,1,€ 120,2019/09/05,2019/09/06,0,"9,1",14
Piso céntrico Plaza Toros,2961063,Apartamento,Valencia,1,1,€ 123,2019/09/05,2019/09/06,0,"9,3",14
Apartments Abate 4,2848648,Apartamentos,Valencia,1,1,€ 124,2019/09/05,2019/09/06,0,"9,1",14
OCEANOGRAFIC DELUXE- PARKING- WI-FI,4095746,Apartamento,Valencia,1,1,€ 130,2019/09/05,2019/09/06,0,"9,2",14
Hotel Valencia Alameda,4019381,NA,Valencia,1,1,€ 135,2019/09/05,2019/09/06,4,"9,3",14
Loft zona Pechina en Valencia centro,2524985,Apartamento,Valencia,1,1,€ 138,2019/09/05,2019/09/06,0,"9,2",14
Apartamento Forn dels Apòstols,3122008,Apartamento,Valencia,1,1,NA,2019/09/05,2019/09/06,0,"9,6",14
Casual Socarrat Valencia,5142800,NA,Valencia,1,1,€ 138,2019/09/05,2019/09/06,3,"9,3",14
BUBUSUITES by Bubuflats,2389776,NA,Valencia,1,1,€ 140,2019/09/05,2019/09/06,0,"9,3",14
Sweet Caroline Apartment,1811784,Apartamento,Valencia,1,1,€ 150,2019/09/05,2019/09/06,0,"9,2",14
B BEACH VALENCIA,5125954,Apartamento,Valencia,1,1,€ 150,2019/09/05,2019/09/06,0,"9,4",14
Valenciaflats Centro Ciudad,18544,Apartamentos,Valencia,1,1,€ 152,2019/09/05,2019/09/06,0,"9,1",14
HQ Rooms Apartments San Vicente,2894429,Apartamentos,Valencia,1,1,€ 158,2019/09/05,2019/09/06,0,"9,3",14
PORT VALENCIA PLAYA,5259971,Apartamento,Valencia,1,1,NA,2019/09/05,2019/09/06,0,"9,8",14
Mon Suites San Nicolas,4117225,Apartamentos,Valencia,1,1,€ 161,2019/09/05,2019/09/06,0,"9,2",14
Hotel Boutique Balandret,1281710,NA,Valencia,1,1,€ 162,2019/09/05,2019/09/06,3,"9,2",14
Live in Chianti Apartaments,2882632,Apartamentos,Valencia,1,1,€ 169,2019/09/05,2019/09/06,0,"9,1",14
Jardines del Turia - Espacioso apartamento,2734126,Apartamento,Valencia,1,1,€ 170,2019/09/05,2019/09/06,0,"9,1",14
Valenciaflats Ciudad de las Ciencias,93676,Apartamentos,Valencia,1,1,€ 170,2019/09/05,2019/09/06,0,"9,1",14
Center City Flats,861452,Apartamentos,Valencia,1,1,€ 171,2019/09/05,2019/09/06,0,"9,1",14
Valencia Sol Sun,2482393,Apartamento,Valencia,1,1,€ 171,2019/09/05,2019/09/06,0,"9,4",14
Apartamentos Wallace,1698355,Apartamentos,Valencia,1,1,€ 175,2019/09/05,2019/09/06,0,"9,2",14
Zerka Sendra,4657122,Apartamento,Valencia,1,1,€ 179,2019/09/05,2019/09/06,0,9,14
Apartamentos La más Bonita,2816245,Apartamentos,Valencia,1,1,€ 180,2019/09/05,2019/09/06,0,"9,1",14
One Shot Mercat 09,2274203,NA,Valencia,1,1,€ 189,2019/09/05,2019/09/06,4,"9,1",14
Marina Real- Playa Apartment,2831340,Apartamento,Valencia,1,1,€ 197,2019/09/05,2019/09/06,0,"9,2",14
MYR Hotel Plaza Mercado & Spa,1619029,Apartahotel,Valencia,1,1,€ 249,2019/09/05,2019/09/06,0,"9,2",14
Citizentral Juristas,1113127,Apartamentos,Valencia,1,1,€ 261,2019/09/05,2019/09/06,0,"9,2",14
Vincci Mercat,1279484,NA,Valencia,1,1,€ 285,2019/09/05,2019/09/06,4,9,14
MARQUÉS HOUSE 4* SUP,2118880,NA,Valencia,1,1,€ 379,2019/09/05,2019/09/06,4,"9,4",14
Caro Hotel,348132,NA,Valencia,1,1,€ 525,2019/09/05,2019/09/06,5,"9,2",14
The River Hostel,494202,NA,Valencia,1,1,€ 24,2019/09/05,2019/09/06,0,"8,5",14
