name,propertyId,propertyType,city,rooms,days,price,checkIn,checkOut,stars,score,advance
Cabanyal Apartment con patio,4323384,Apartamento,Valencia,1,1,€ 69,2019/11/21,2019/11/22,0,,90
Mi casa es vuestra casa,4967097,NA,Valencia,1,1,€ 70,2019/11/21,2019/11/22,0,,90
Apartment Patacona Beach 7,1580112,Apartamento,Valencia,1,1,NA,2019/11/21,2019/11/22,0,"8,1",90
Hogar Dulce Hogar,5426607,NA,Valencia,1,1,€ 70,2019/11/21,2019/11/22,0,,90
Habitación en Valencia,5477394,NA,Valencia,1,1,€ 72,2019/11/21,2019/11/22,0,,90
Brugada home,5259150,NA,Valencia,1,1,€ 75,2019/11/21,2019/11/22,0,,90
Loft Turia Gran,5133726,Apartamento,Valencia,1,1,€ 80,2019/11/21,2019/11/22,0,,90
Magnífico Adosado- cerca de Valencia ciudad- en zona de montaña y playa fluvial,5354233,Casa o chalet,Valencia,1,1,€ 89,2019/11/21,2019/11/22,0,,90
Calle de Frederica Montseny 'Política' Casa o chalet,5152866,Casa o chalet,Valencia,1,1,€ 95,2019/11/21,2019/11/22,0,,90
Apartamento Gutenberg,1327120,Apartamentos,Valencia,1,1,NA,2019/11/21,2019/11/22,0,"8,1",90
Kirei Apartment Dublin,4639542,Apartamento,Valencia,1,1,€ 96,2019/11/21,2019/11/22,0,,90
Apartamento Centrico Y Muy Bien Ubicado,4800241,Apartamento,Valencia,1,1,€ 101,2019/11/21,2019/11/22,0,,90
Comfort Homestay,5423155,NA,Valencia,1,1,€ 105,2019/11/21,2019/11/22,0,,90
Cosy apartment near to the center,4064812,Apartamento,Valencia,1,1,€ 115,2019/11/21,2019/11/22,0,,90
CASA MARQUES DE CARO,4472176,Apartamento,Valencia,1,1,€ 121,2019/11/21,2019/11/22,0,,90
AA la Nueva Fe,4377808,Apartamento,Valencia,1,1,€ 176,2019/11/21,2019/11/22,0,,90
SingularStays Seu Catedral,493883,Apartamentos,Valencia,1,1,NA,2019/11/21,2019/11/22,0,"8,1",90
Apartamento con terraza,5238122,Apartahotel,Valencia,1,1,€ 240,2019/11/21,2019/11/22,0,,90
"Flat ""Ca Alexandre""",3687859,Apartamento,Valencia,1,1,€ 240,2019/11/21,2019/11/22,0,,90
Martin el Humano - Flat,2697966,Apartamento,Valencia,1,1,€ 250,2019/11/21,2019/11/22,0,,90
Turia Guesthouse - B&B,2884427,Apartamento,Valencia,1,1,€ 265,2019/11/21,2019/11/22,0,,90
Apartment Carrer de Don Juan de Austria,5464038,Apartamentos,Valencia,1,1,€ 356,2019/11/21,2019/11/22,0,,90
Governor Residence,3799760,Apartahotel,Valencia,1,1,€ 600,2019/11/21,2019/11/22,0,,90
Singular Apartments Station,824674,Apartamentos,Valencia,1,1,NA,2019/11/21,2019/11/22,0,"8,4",90
MD PASEO RUZAFA CENTER,5374850,Apartamento,Valencia,1,1,€ 1.020,2019/11/21,2019/11/22,0,,90
Nest Style Valencia -Nueva apertura-,5219046,NA,Valencia,1,1,€ 68,2019/11/21,2019/11/22,3,10,90
Colors Rooms,675839,NA,Valencia,1,1,€ 40,2019/11/21,2019/11/22,0,"9,6",90
Preciosa Casita Cerca Del Mar,4057271,NA,Valencia,1,1,NA,2019/11/21,2019/11/22,0,"9,7",90
Opera House Valencia B&B,3533887,NA,Valencia,1,1,€ 72,2019/11/21,2019/11/22,0,"9,5",90
Apartamento luminoso y acogedor,3489126,NA,Valencia,1,1,€ 78,2019/11/21,2019/11/22,0,"9,5",90
United Colors of Apartments Boutique Style,5372347,NA,Valencia,1,1,€ 79,2019/11/21,2019/11/22,0,"9,9",90
Bubuflats Bubu 3,1014334,NA,Valencia,1,1,€ 80,2019/11/21,2019/11/22,0,"9,6",90
Apartments Downtown Valencia,2250421,NA,Valencia,1,1,€ 80,2019/11/21,2019/11/22,0,"9,6",90
Hostal Antigua Morellana,1273937,NA,Valencia,1,1,€ 80,2019/11/21,2019/11/22,1,"9,5",90
Central Park Apartment Valencia,3881533,NA,Valencia,1,1,NA,2019/11/21,2019/11/22,0,"9,6",90
Ramirez Flats & Bar,4124528,NA,Valencia,1,1,€ 80,2019/11/21,2019/11/22,0,"9,5",90
Casa La Buhardilla,2985364,NA,Valencia,1,1,€ 97,2019/11/21,2019/11/22,0,"9,6",90
Ruzafa Rooms,2891693,NA,Valencia,1,1,€ 45,2019/11/21,2019/11/22,0,7,90
Precioso piso junto al antiguo barrio de Campanar,3297078,NA,Valencia,1,1,€ 100,2019/11/21,2019/11/22,0,"9,6",90
Valencian Dreams Lonja,4757385,NA,Valencia,1,1,€ 102,2019/11/21,2019/11/22,0,"9,7",90
15 Avinguda Mare Nostrum,4518973,NA,Valencia,1,1,€ 120,2019/11/21,2019/11/22,0,"9,8",90
Sampedor Apartment,435662,Apartamentos,Valencia,1,1,€ 49,2019/11/21,2019/11/22,0,7,90
Reina's Apartment,2130930,Apartamentos,Valencia,1,1,NA,2019/11/21,2019/11/22,0,"8,4",90
Centro Valencia Calle Cerrajeros,3476261,NA,Valencia,1,1,€ 50,2019/11/21,2019/11/22,0,7,90
Cosy Rooms Embajador,369728,NA,Valencia,1,1,€ 52,2019/11/21,2019/11/22,2,"7,4",90
Cosy Rooms Bolsería,371606,NA,Valencia,1,1,€ 52,2019/11/21,2019/11/22,2,"7,4",90
Plaza Redonda house.,4399973,NA,Valencia,1,1,€ 59,2019/11/21,2019/11/22,0,"7,4",90
Beautiful early 20th century room,3563293,NA,Valencia,1,1,€ 64,2019/11/21,2019/11/22,0,"7,3",90
NWT Monserrat,3728842,Apartamentos,Valencia,1,1,€ 64,2019/11/21,2019/11/22,0,7,90
Living Valencia Apartments - Merced,12120,Apartamento,Valencia,1,1,NA,2019/11/21,2019/11/22,0,"8,4",90
Accommodation Beach Apartments,1001766,Apartamentos,Valencia,1,1,€ 64,2019/11/21,2019/11/22,0,"7,1",90
Almiserat,3054886,Apartamento,Valencia,1,1,€ 70,2019/11/21,2019/11/22,0,7,90
Apartment Horticultor Bosch,1148669,Apartamentos,Valencia,1,1,€ 70,2019/11/21,2019/11/22,0,"7,3",90
Apartamento centro frente a Torres de Serrano,3408067,NA,Valencia,1,1,€ 130,2019/11/21,2019/11/22,0,"9,5",90
Apartamento centro,3160737,NA,Valencia,1,1,NA,2019/11/21,2019/11/22,0,"9,7",90
Ciudad Ciencias- Lujo- Parking- Wi-Fi.,4999636,NA,Valencia,1,1,€ 130,2019/11/21,2019/11/22,0,"9,8",90
Apartamento Playa Wifi Gratis,3495634,NA,Valencia,1,1,€ 130,2019/11/21,2019/11/22,0,"9,7",90
SHF Sevilla Loft,850157,Apartamentos,Valencia,1,1,€ 70,2019/11/21,2019/11/22,0,"7,4",90
Valencia Apartments,4367788,Apartamentos,Valencia,1,1,€ 78,2019/11/21,2019/11/22,0,"7,2",90
Apartments Calle Padre Damian,4523326,Apartamentos,Valencia,1,1,€ 80,2019/11/21,2019/11/22,0,"7,1",90
Living Valencia - Tetuán,3217954,Apartamentos,Valencia,1,1,NA,2019/11/21,2019/11/22,0,"8,1",90
Homestay & OLEE,4132920,NA,Valencia,1,1,€ 85,2019/11/21,2019/11/22,0,"7,3",90
Olympia Flats,4212801,NA,Valencia,1,1,€ 70,2019/11/21,2019/11/22,0,"9,7",90
Ca María,3776707,NA,Valencia,1,1,€ 180,2019/11/21,2019/11/22,0,"9,7",90
City Center Atico 360,3025679,NA,Valencia,1,1,€ 188,2019/11/21,2019/11/22,0,"9,6",90
Cantagua Hostel,4074640,NA,Valencia,1,1,€ 40,2019/11/21,2019/11/22,0,"9,1",90
La Casa Verde - Ruzafa,2029143,NA,Valencia,1,1,NA,2019/11/21,2019/11/22,0,"9,7",90
Valencia Apartmans El Carmen,847910,Apartamentos,Valencia,1,1,€ 87,2019/11/21,2019/11/22,0,"7,4",90
Lujoso Apartamento En El Carmen,2814452,Apartamento,Valencia,1,1,€ 88,2019/11/21,2019/11/22,0,"7,4",90
Guest House Samuel Ros,4161855,NA,Valencia,1,1,€ 90,2019/11/21,2019/11/22,0,"7,4",90
Vamos A la Playa,5030500,Apartamento,Valencia,1,1,€ 90,2019/11/21,2019/11/22,0,"7,3",90
Apartamento Angel Alcazar 35,2174625,Apartamento,Valencia,1,1,€ 90,2019/11/21,2019/11/22,0,"7,4",90
Santos Apartament,2878002,Apartamento,Valencia,1,1,NA,2019/11/21,2019/11/22,0,"8,1",90
Kirei Apartment Na Jordana,1702092,Apartamentos,Valencia,1,1,€ 101,2019/11/21,2019/11/22,0,7,90
Miresa flats,5300418,Apartamento,Valencia,1,1,€ 125,2019/11/21,2019/11/22,0,7,90
Kirei Apartment En Llop,1765516,Apartamentos,Valencia,1,1,€ 137,2019/11/21,2019/11/22,0,"7,1",90
Select Home Catedral,440778,Apartamentos,Valencia,1,1,€ 170,2019/11/21,2019/11/22,0,"7,1",90
Best Valencia Beach Flat,3246772,Apartamento,Valencia,1,1,€ 192,2019/11/21,2019/11/22,0,"7,1",90
YOU & CO. Saler Beach Boutique,4533007,NA,Valencia,1,1,€ 44,2019/11/21,2019/11/22,3,"9,1",90
Art&Flats Bed&Breakfast,5238345,NA,Valencia,1,1,€ 45,2019/11/21,2019/11/22,0,"9,2",90
Apartamento Joseph - luminoso y muy céntrico,4267950,NA,Valencia,1,1,€ 60,2019/11/21,2019/11/22,0,"9,2",90
Habitación privada a 1500 metros de la playa,3789910,NA,Valencia,1,1,€ 60,2019/11/21,2019/11/22,0,"9,2",90
OttoH Charm Stay,2459807,NA,Valencia,1,1,€ 64,2019/11/21,2019/11/22,0,"9,3",90
Blanq Comedias,4922002,NA,Valencia,1,1,€ 68,2019/11/21,2019/11/22,0,"9,2",90
Apartamento Bolseria 28,881275,NA,Valencia,1,1,NA,2019/11/21,2019/11/22,0,"9,5",90
HOSTAL BED OF THE SEA,3974636,NA,Valencia,1,1,€ 200,2019/11/21,2019/11/22,0,"7,1",90
Design Flats Botanico,2779698,Apartamento,Valencia,1,1,NA,2019/11/21,2019/11/22,0,"8,1",90
MD Puerto Rico Apartment Ruzafa,3737151,Apartamento,Valencia,1,1,€ 277,2019/11/21,2019/11/22,0,"7,4",90
Malvarrosa Beach Rooms,314048,NA,Valencia,1,1,€ 999,2019/11/21,2019/11/22,2,"7,1",90
PISO ACOGEDOR,4995780,NA,Valencia,1,1,€ 50,2019/11/21,2019/11/22,0,"6,9",90
La casita de Palomar,2132386,NA,Valencia,1,1,€ 69,2019/11/21,2019/11/22,0,"9,4",90
Palau de Palomar,471283,NA,Valencia,1,1,€ 69,2019/11/21,2019/11/22,0,"9,2",90
Valenciaflats Centro Ciudad,18544,NA,Valencia,1,1,€ 73,2019/11/21,2019/11/22,0,"9,1",90
Hostal Venecia,92883,NA,Valencia,1,1,€ 74,2019/11/21,2019/11/22,2,"9,1",90
El Cid,2740801,NA,Valencia,1,1,€ 75,2019/11/21,2019/11/22,0,9,90
BUBUSUITES by Bubuflats,2389776,NA,Valencia,1,1,€ 75,2019/11/21,2019/11/22,0,"9,3",90
Geography and Arts.,3569110,NA,Valencia,1,1,€ 60,2019/11/21,2019/11/22,0,"6,7",90
Bonito Apartamento en Valencia!!,4333493,Apartamento,Valencia,1,1,€ 103,2019/11/21,2019/11/22,0,"6,9",90
MD Villalonga Malvarosa Beach,3739661,Apartamento,Valencia,1,1,€ 420,2019/11/21,2019/11/22,0,"6,8",90
Quart Silence,2024765,Apartamentos,Valencia,1,1,NA,2019/11/21,2019/11/22,0,8,90
L'Esplai Valencia Bed & Breakfast,1282556,NA,Valencia,1,1,NA,2019/11/21,2019/11/22,0,"9,6",90
Live in Chianti,2227491,NA,Valencia,1,1,€ 75,2019/11/21,2019/11/22,0,"9,1",90
apartamento las torres-botanico,4694090,NA,Valencia,1,1,€ 76,2019/11/21,2019/11/22,0,9,90
City Garden Bed and Breakfast,2204361,NA,Valencia,1,1,€ 76,2019/11/21,2019/11/22,0,"9,4",90
Citizentral Juristas,1113127,NA,Valencia,1,1,€ 77,2019/11/21,2019/11/22,0,"9,2",90
Casa tipica en la playa,2532733,NA,Valencia,1,1,€ 77,2019/11/21,2019/11/22,0,"9,2",90
Valenciaflats Ciudad de las Ciencias,93676,NA,Valencia,1,1,€ 78,2019/11/21,2019/11/22,0,"9,1",90
Casual Socarrat Valencia,5142800,NA,Valencia,1,1,€ 79,2019/11/21,2019/11/22,3,"9,3",90
Apartamentos Edificio Palomar,189277,NA,Valencia,1,1,€ 79,2019/11/21,2019/11/22,0,"9,2",90
Teixidors de Palomar,2639791,NA,Valencia,1,1,€ 79,2019/11/21,2019/11/22,0,"9,4",90
Bubuflats Bubu 5,1283519,NA,Valencia,1,1,€ 80,2019/11/21,2019/11/22,0,"9,1",90
Maison Reina B&B,5004812,NA,Valencia,1,1,€ 80,2019/11/21,2019/11/22,0,"9,3",90
Hi Valencia Cánovas,4312120,NA,Valencia,1,1,€ 81,2019/11/21,2019/11/22,0,9,90
Malvarrosa Beach,3546692,Casas y chalets,Valencia,1,1,€ 1.260,2019/11/21,2019/11/22,0,"6,6",90
Fun and Sun Center 2,2944416,NA,Valencia,1,1,€ 36,2019/11/21,2019/11/22,0,"6,1",90
Habitación con cama doble,4794909,NA,Valencia,1,1,€ 36,2019/11/21,2019/11/22,0,"6,3",90
Casita Esmeralda,2040126,Casa o chalet,Valencia,1,1,€ 114,2019/11/21,2019/11/22,0,"6,3",90
Hotel Valencia Alameda,4019381,NA,Valencia,1,1,€ 84,2019/11/21,2019/11/22,4,"9,3",90
Mon Suites Catedral,485679,NA,Valencia,1,1,€ 84,2019/11/21,2019/11/22,0,"9,2",90
Kirei Apartment San Agustin,1712323,Apartamentos,Valencia,1,1,€ 137,2019/11/21,2019/11/22,0,6,90
Kirei Apartment Portland,4276529,Apartamentos,Valencia,1,1,€ 200,2019/11/21,2019/11/22,0,"6,1",90
Oliver,4865093,NA,Valencia,1,1,€ 25,2019/11/21,2019/11/22,0,"5,6",90
Gon & Diego House,4899561,NA,Valencia,1,1,€ 40,2019/11/21,2019/11/22,0,"5,9",90
Carrer del Bisbe Jaume Pérez,4900140,NA,Valencia,1,1,€ 60,2019/11/21,2019/11/22,0,"5,8",90
Kirei Apartment Berlin,4504570,Apartamentos,Valencia,1,1,€ 108,2019/11/21,2019/11/22,0,"5,7",90
Kirei Apartment Atlanta,4304662,Apartamento,Valencia,1,1,€ 113,2019/11/21,2019/11/22,0,"5,2",90
Port of Valencia,3805735,Apartamento,Valencia,1,1,€ 79,2019/11/21,2019/11/22,0,"4,7",90
Malvarosa,3820590,Apartamento,Valencia,1,1,€ 190,2019/11/21,2019/11/22,0,"3,9",90
Amplia habitación en piso compartido,5433175,NA,Valencia,1,1,€ 50,2019/11/21,2019/11/22,0,,90
Rooms El Picolino,5326859,NA,Valencia,1,1,€ 55,2019/11/21,2019/11/22,0,,90
Florista's Rooms en Valencia,5502152,NA,Valencia,1,1,€ 60,2019/11/21,2019/11/22,0,,90
vosotros sereis parte de mi familia.,5299568,NA,Valencia,1,1,€ 60,2019/11/21,2019/11/22,0,,90
LOFT apartamento duplex en Valencia con parking,5519008,Apartamento,Valencia,1,1,€ 60,2019/11/21,2019/11/22,0,,90
MOM La Punta,3105661,NA,Valencia,1,1,€ 85,2019/11/21,2019/11/22,0,"9,4",90
Apartamento bianca,3205847,NA,Valencia,1,1,€ 85,2019/11/21,2019/11/22,0,"9,1",90
Una Ubicacion Perfecta,3114164,NA,Valencia,1,1,€ 85,2019/11/21,2019/11/22,0,"9,1",90
Hotel Boutique Balandret,1281710,NA,Valencia,1,1,€ 86,2019/11/21,2019/11/22,3,"9,2",90
Apartamentos El Olivo,1985143,NA,Valencia,1,1,€ 86,2019/11/21,2019/11/22,0,"9,4",90
Apartamentos Wallace,1698355,NA,Valencia,1,1,€ 87,2019/11/21,2019/11/22,0,"9,2",90
Ático Valencia Centro,4358939,NA,Valencia,1,1,NA,2019/11/21,2019/11/22,0,"9,9",90
Mon Suites San Nicolas,4117225,NA,Valencia,1,1,€ 87,2019/11/21,2019/11/22,0,"9,2",90
RUZAFA. Nice apartment and Terrace.,4368595,NA,Valencia,1,1,€ 88,2019/11/21,2019/11/22,0,"9,3",90
Apartamento cerca de la Playa y el Centro,2620264,NA,Valencia,1,1,€ 88,2019/11/21,2019/11/22,0,9,90
Olvida tu Reloj Montichelvo Apartment,3258095,NA,Valencia,1,1,€ 91,2019/11/21,2019/11/22,0,"9,4",90
Olvida tu Reloj Congresos Apartment,2448036,NA,Valencia,1,1,€ 91,2019/11/21,2019/11/22,0,"9,2",90
One Shot Mercat 09,2274203,NA,Valencia,1,1,€ 93,2019/11/21,2019/11/22,4,"9,1",90
Apartamento centro,3160737,NA,Valencia,1,1,NA,2019/11/21,2019/11/22,0,"9,7",90
Center City Flats,861452,NA,Valencia,1,1,€ 94,2019/11/21,2019/11/22,0,"9,1",90
Bianca,4232781,NA,Valencia,1,1,€ 96,2019/11/21,2019/11/22,0,9,90
Mon Suites San Martin,2777545,NA,Valencia,1,1,€ 98,2019/11/21,2019/11/22,0,"9,4",90
Sorolla Centro,90896,NA,Valencia,1,1,€ 99,2019/11/21,2019/11/22,3,"9,1",90
HQ Rooms Apartments San Vicente,2894429,NA,Valencia,1,1,€ 99,2019/11/21,2019/11/22,0,"9,3",90
Atico de Lujo,2142556,NA,Valencia,1,1,€ 99,2019/11/21,2019/11/22,0,"9,2",90
VLC Downtown Flats,4637615,NA,Valencia,1,1,NA,2019/11/21,2019/11/22,0,"9,3",90
Hi Valencia Apartments - Jorge Juan,2373701,NA,Valencia,1,1,€ 100,2019/11/21,2019/11/22,0,"9,4",90
Piso como en tu casa 2,3834617,NA,Valencia,1,1,€ 101,2019/11/21,2019/11/22,0,"9,1",90
Apartamentos La más Bonita,2816245,NA,Valencia,1,1,€ 104,2019/11/21,2019/11/22,0,"9,1",90
Friendly Rentals Montaner Beach,2314997,Apartamento,Valencia,1,1,€ 150,2019/11/21,2019/11/22,0,"8,9",90
Friendly Rentals Ferrero,2314984,Apartamento,Valencia,1,1,€ 155,2019/11/21,2019/11/22,0,"8,6",90
Carrera Luxury,388247,Apartamentos,Valencia,1,1,NA,2019/11/21,2019/11/22,0,"8,6",90
Puerta de Serranos,2734333,Apartamentos,Valencia,1,1,€ 161,2019/11/21,2019/11/22,0,"8,8",90
Apartamento Casa con Angel,1079935,Apartamentos,Valencia,1,1,€ 164,2019/11/21,2019/11/22,0,"8,8",90
Palacio de Rojas,1073276,NA,Valencia,1,1,€ 105,2019/11/21,2019/11/22,0,"9,4",90
Forn desamparats,2380447,NA,Valencia,1,1,€ 105,2019/11/21,2019/11/22,0,"9,4",90
Mar & City Apartment,3456759,Apartamento,Valencia,1,1,€ 166,2019/11/21,2019/11/22,0,"8,9",90
ValentiaApartments - MercadoCentral,4185241,Apartamentos,Valencia,1,1,€ 169,2019/11/21,2019/11/22,0,"8,7",90
FREE WI-FI. Apartamentos 90 м2 - Assutzena 5,4828764,Apartamento,Valencia,1,1,€ 170,2019/11/21,2019/11/22,0,"8,5",90
5 SENSES,3786890,NA,Valencia,1,1,€ 107,2019/11/21,2019/11/22,0,"9,2",90
Welcome Apartamentos Pintor Stolz 31 Valencia,5019066,NA,Valencia,1,1,NA,2019/11/21,2019/11/22,0,"9,1",90
The Westin Valencia,93321,NA,Valencia,1,1,€ 173,2019/11/21,2019/11/22,5,"8,7",90
Apartamentos Turia,355328,Apartamentos,Valencia,1,1,NA,2019/11/21,2019/11/22,0,"8,6",90
Carlos & Ana,2079019,Apartamento,Valencia,1,1,€ 195,2019/11/21,2019/11/22,0,"8,9",90
Canela`s Vintage Ruzafa Centro,4652584,Apartamento,Valencia,1,1,€ 200,2019/11/21,2019/11/22,0,"8,5",90
OCEANOGRAFIC DELUXE- PARKING- WI-FI,4095746,NA,Valencia,1,1,€ 110,2019/11/21,2019/11/22,0,"9,2",90
OCEANOGRAFIC APARTMENT. PARKING. WI-FI,3107716,NA,Valencia,1,1,€ 110,2019/11/21,2019/11/22,0,9,90
"Piso ""Como en tu casa""",2689136,NA,Valencia,1,1,€ 110,2019/11/21,2019/11/22,0,"9,2",90
MYR Hotel Plaza Mercado & Spa,1619029,NA,Valencia,1,1,€ 114,2019/11/21,2019/11/22,0,"9,2",90
COZY APARTMENT VALENCIA CITY CENTER!,4886758,NA,Valencia,1,1,€ 115,2019/11/21,2019/11/22,0,"9,1",90
Apartment close to park Marchalenes,4418670,NA,Valencia,1,1,€ 120,2019/11/21,2019/11/22,0,"9,1",90
Atarazanas Flat,4570058,NA,Valencia,1,1,NA,2019/11/21,2019/11/22,0,"9,1",90
Valencia-Ruzafa Studio,3235983,NA,Valencia,1,1,€ 120,2019/11/21,2019/11/22,0,"9,1",90
Silken Puerta Valencia,91182,NA,Valencia,1,1,€ 72,2019/11/21,2019/11/22,4,"8,3",90
APARTAMENTO CENTRICO. WI-FI. PARKING,2967593,NA,Valencia,1,1,€ 120,2019/11/21,2019/11/22,0,"9,2",90
Friendly Rentals Schubert,1634221,NA,Valencia,1,1,€ 120,2019/11/21,2019/11/22,0,9,90
Center Valencia,2944722,NA,Valencia,1,1,€ 123,2019/11/21,2019/11/22,0,"9,3",90
MD Design Hotel - Portal del Real,2391685,NA,Valencia,1,1,€ 126,2019/11/21,2019/11/22,2,"9,1",90
Live in Chianti Apartaments,2882632,NA,Valencia,1,1,€ 128,2019/11/21,2019/11/22,0,"9,1",90
Valenciaflats Torres de Serrano,17468,NA,Valencia,1,1,€ 73,2019/11/21,2019/11/22,0,"8,3",90
Casa de Vacaciones Pintor Vilar,2093863,Apartamento,Valencia,1,1,€ 222,2019/11/21,2019/11/22,0,"8,9",90
SingularStays Parque Central,3054000,Apartamentos,Valencia,1,1,€ 257,2019/11/21,2019/11/22,0,"8,8",90
B&B Hi Valencia Canovas,305349,NA,Valencia,1,1,€ 38,2019/11/21,2019/11/22,0,"8,4",90
My Loft 4 You Velluters,4126372,NA,Valencia,1,1,NA,2019/11/21,2019/11/22,0,"9,1",90
Habitacion en Valencia Barata,4861796,NA,Valencia,1,1,€ 40,2019/11/21,2019/11/22,0,"8,2",90
Santos A,4238287,Apartamento,Valencia,1,1,NA,2019/11/21,2019/11/22,0,"8,8",90
Ruzafa,3332824,NA,Valencia,1,1,NA,2019/11/21,2019/11/22,0,"8,5",90
City Suites Apartments,3091106,NA,Valencia,1,1,€ 74,2019/11/21,2019/11/22,0,"8,4",90
Residencia Universitaria Damia Bonet,247451,NA,Valencia,1,1,€ 75,2019/11/21,2019/11/22,0,"8,3",90
Vincci Mercat,1279484,NA,Valencia,1,1,€ 128,2019/11/21,2019/11/22,4,9,90
MARQUÉS HOUSE 4* SUP,2118880,NA,Valencia,1,1,€ 129,2019/11/21,2019/11/22,4,"9,4",90
Purple Nest Hostel,25278,NA,Valencia,1,1,€ 43,2019/11/21,2019/11/22,0,"8,1",90
Red Nest Hostel,92283,NA,Valencia,1,1,€ 44,2019/11/21,2019/11/22,0,"8,2",90
Habitacion Barata Valencia,3931013,NA,Valencia,1,1,€ 45,2019/11/21,2019/11/22,0,"8,2",90
Atico Ciutat Vella,3446230,NA,Valencia,1,1,€ 75,2019/11/21,2019/11/22,0,"8,4",90
Ilunion Aqua 3,92776,NA,Valencia,1,1,€ 75,2019/11/21,2019/11/22,3,"8,3",90
Palacios Rooms,2773548,NA,Valencia,1,1,€ 47,2019/11/21,2019/11/22,0,"8,3",90
Coroa Malvarrosa,1638172,Apartamentos,Valencia,1,1,€ 48,2019/11/21,2019/11/22,0,"8,2",90
Hotel Villacarlos,90730,NA,Valencia,1,1,€ 48,2019/11/21,2019/11/22,3,8,90
NH Collection Colón Valencia,3828811,NA,Valencia,1,1,€ 132,2019/11/21,2019/11/22,4,"9,2",90
SingularStays Plaza del Mercado,1755231,Apartamentos,Valencia,1,1,NA,2019/11/21,2019/11/22,0,"8,5",90
Casa Mati,4217185,NA,Valencia,1,1,€ 50,2019/11/21,2019/11/22,0,"8,2",90
Expo Hotel Valencia,91223,NA,Valencia,1,1,€ 44,2019/11/21,2019/11/22,3,"7,6",90
Patacona Green Flats,292996,Apartamentos,Valencia,1,1,€ 45,2019/11/21,2019/11/22,0,"7,6",90
The River Hostel,494202,NA,Valencia,1,1,€ 22,2019/11/21,2019/11/22,0,"8,5",90
Nanit Valencia Hostel,3913497,NA,Valencia,1,1,€ 80,2019/11/21,2019/11/22,0,"8,3",90
Pensión Alicante,298710,NA,Valencia,1,1,€ 33,2019/11/21,2019/11/22,0,"8,5",90
Precioso apartamento al lado de la playa,3370990,Apartamento,Valencia,1,1,NA,2019/11/21,2019/11/22,0,"9,2",90
Apartment Vicent,1674495,NA,Valencia,1,1,€ 80,2019/11/21,2019/11/22,0,"8,2",90
Apartamento Sofia,2552406,NA,Valencia,1,1,NA,2019/11/21,2019/11/22,0,"8,6",90
Hotel Conqueridor,91047,NA,Valencia,1,1,€ 86,2019/11/21,2019/11/22,4,"8,4",90
Apartments Welcome to Valencia Peset Aleixandre 69,4964856,NA,Valencia,1,1,€ 135,2019/11/21,2019/11/22,0,"9,1",90
Edificio Pentagono,4673669,NA,Valencia,1,1,€ 135,2019/11/21,2019/11/22,0,"9,2",90
UNIK. Apartments Valencia,2241282,Apartamentos,Valencia,1,1,€ 42,2019/11/21,2019/11/22,0,"8,5",90
Russafa Youth Hostel,345134,NA,Valencia,1,1,€ 44,2019/11/21,2019/11/22,0,"8,6",90
HABITACIÓN PRIVADA EN RUZAFA,4948581,NA,Valencia,1,1,€ 50,2019/11/21,2019/11/22,0,"8,4",90
Balcón Al Mar,295109,NA,Valencia,1,1,€ 53,2019/11/21,2019/11/22,0,"8,4",90
Loft zona Pechina en Valencia centro,2524985,NA,Valencia,1,1,€ 138,2019/11/21,2019/11/22,0,"9,2",90
Hotel Olympia Universidades,1301731,NA,Valencia,1,1,€ 53,2019/11/21,2019/11/22,3,"8,4",90
Down Town,1656378,Apartamentos,Valencia,1,1,€ 53,2019/11/21,2019/11/22,0,"8,3",90
Up Town,2244083,Apartamentos,Valencia,1,1,€ 53,2019/11/21,2019/11/22,0,"8,2",90
Luminous & Cosy Down Town Apartment,3973347,Apartamento,Valencia,1,1,NA,2019/11/21,2019/11/22,0,"8,6",90
Preciosos Apartamentos en el Carmen,2918345,NA,Valencia,1,1,€ 88,2019/11/21,2019/11/22,0,"8,1",90
Sweet Hotel Renasa,274818,NA,Valencia,1,1,€ 89,2019/11/21,2019/11/22,3,8,90
Urban Youth Hostel,1163025,NA,Valencia,1,1,€ 53,2019/11/21,2019/11/22,0,"8,4",90
Aparthotel Valencia Rental,17344,Apartahotel,Valencia,1,1,€ 54,2019/11/21,2019/11/22,0,8,90
Friendly Rentals Torrealba,1634243,NA,Valencia,1,1,€ 145,2019/11/21,2019/11/22,0,"9,3",90
Mediterranean Flats Plaza Redonda,4086496,NA,Valencia,1,1,€ 145,2019/11/21,2019/11/22,0,"9,2",90
Living Valencia - Corregeria,3972561,Apartamentos,Valencia,1,1,NA,2019/11/21,2019/11/22,0,"8,3",90
Valencia City Host,1177077,NA,Valencia,1,1,€ 47,2019/11/21,2019/11/22,0,"7,8",90
Patacona Resort Apartments,189782,Apartamentos,Valencia,1,1,€ 48,2019/11/21,2019/11/22,0,"7,8",90
Dormavalencia Hostel Regne,291755,NA,Valencia,1,1,€ 55,2019/11/21,2019/11/22,1,8,90
Eurostars Rey Don Jaime,91520,NA,Valencia,1,1,€ 58,2019/11/21,2019/11/22,4,"8,2",90
Sol Playa,12656,NA,Valencia,1,1,€ 58,2019/11/21,2019/11/22,2,"8,3",90
United Colors of Apartments - Catedral,1301545,Apartamentos,Valencia,1,1,€ 59,2019/11/21,2019/11/22,0,"8,2",90
Cozy apartment in Valencia center,3402135,NA,Valencia,1,1,€ 148,2019/11/21,2019/11/22,0,"9,2",90
Sweet Caroline Apartment,1811784,NA,Valencia,1,1,€ 150,2019/11/21,2019/11/22,0,"9,2",90
Piso en la playa,2767716,Apartamento,Valencia,1,1,NA,2019/11/21,2019/11/22,0,"8,7",90
Senator Parque Central Hotel,274963,NA,Valencia,1,1,€ 59,2019/11/21,2019/11/22,4,"8,1",90
NH Ciudad de Valencia,90729,NA,Valencia,1,1,€ 59,2019/11/21,2019/11/22,3,"8,1",90
Casual de la Música Valencia,273130,NA,Valencia,1,1,€ 49,2019/11/21,2019/11/22,2,"7,5",90
B&B Almirante,369695,NA,Valencia,1,1,€ 48,2019/11/21,2019/11/22,1,"8,8",90
Apartamentos Plaza Picasso,97063,Apartamentos,Valencia,1,1,€ 48,2019/11/21,2019/11/22,0,"8,5",90
Hulot B&B Valencia,585429,NA,Valencia,1,1,€ 49,2019/11/21,2019/11/22,0,"8,5",90
Zalamera BnB,1331238,NA,Valencia,1,1,€ 50,2019/11/21,2019/11/22,0,"8,7",90
Oceanografic Arts center 46,2929640,Apartamento,Valencia,1,1,NA,2019/11/21,2019/11/22,0,9,90
Pio XII Apartments Valencia,402080,Apartamentos,Valencia,1,1,€ 51,2019/11/21,2019/11/22,0,"8,5",90
B&B Hi Valencia Boutique,1301725,NA,Valencia,1,1,€ 51,2019/11/21,2019/11/22,0,"8,7",90
Arena's Apartament,2156905,NA,Valencia,1,1,€ 170,2019/11/21,2019/11/22,0,"9,1",90
Hotel Miramar,23332,NA,Valencia,1,1,€ 59,2019/11/21,2019/11/22,2,"8,4",90
Zerka Sendra,4657122,NA,Valencia,1,1,€ 179,2019/11/21,2019/11/22,0,9,90
Jardines del Turia - Espacioso apartamento,2734126,NA,Valencia,1,1,€ 200,2019/11/21,2019/11/22,0,"9,1",90
Hotel Valencia Center,91285,NA,Valencia,1,1,€ 60,2019/11/21,2019/11/22,4,"8,4",90
El Coso,14580,NA,Valencia,1,1,€ 60,2019/11/21,2019/11/22,3,"8,2",90
Home Youth Hostel by Feetup Hostels,189322,NA,Valencia,1,1,€ 52,2019/11/21,2019/11/22,0,"8,8",90
Turia Town,4064373,Apartamentos,Valencia,1,1,€ 53,2019/11/21,2019/11/22,0,"8,8",90
Loft Superior el Carmen,2784473,NA,Valencia,1,1,€ 209,2019/11/21,2019/11/22,0,"9,4",90
Caro Hotel,348132,NA,Valencia,1,1,€ 209,2019/11/21,2019/11/22,5,"9,2",90
MD Julio Antonio Apartment Center,3961049,NA,Valencia,1,1,€ 263,2019/11/21,2019/11/22,0,"9,2",90
Namaste Rooms,3799642,NA,Valencia,1,1,€ 55,2019/11/21,2019/11/22,0,"8,7",90
Hotel Malcom and Barret,483261,NA,Valencia,1,1,€ 55,2019/11/21,2019/11/22,3,"8,7",90
Apartments Abate 4,2848648,Apartamentos,Valencia,1,1,NA,2019/11/21,2019/11/22,0,"9,1",90
Holiday Inn Express Ciudad de las Ciencias,96737,NA,Valencia,1,1,€ 60,2019/11/21,2019/11/22,3,8,90
Hotel Medium Valencia,96838,NA,Valencia,1,1,€ 63,2019/11/21,2019/11/22,4,"8,1",90
València Centre Túria,2185255,Apartamento,Valencia,1,1,€ 56,2019/11/21,2019/11/22,0,"8,8",90
Casa del Patriarca,364834,NA,Valencia,1,1,€ 57,2019/11/21,2019/11/22,0,"8,9",90
Petit Palomar,2187491,Apartamentos,Valencia,1,1,€ 59,2019/11/21,2019/11/22,0,"8,9",90
Apartamento Jesus De Medinaceli,1728697,Apartamentos,Valencia,1,1,€ 60,2019/11/21,2019/11/22,0,"8,5",90
Casual Civilizaciones Valencia,449777,NA,Valencia,1,1,€ 50,2019/11/21,2019/11/22,0,"7,9",90
Habitacion PLaza Ayuntamiento,4365340,NA,Valencia,1,1,€ 50,2019/11/21,2019/11/22,0,"7,6",90
Como en casa,4802186,NA,Valencia,1,1,€ 54,2019/11/21,2019/11/22,0,"7,9",90
Tryp Valencia Feria,92852,NA,Valencia,1,1,€ 63,2019/11/21,2019/11/22,4,"8,3",90
NH Valencia Las Ciencias,90725,NA,Valencia,1,1,€ 63,2019/11/21,2019/11/22,3,8,90
Jardín Botánico Hotel Boutique,93369,NA,Valencia,1,1,€ 62,2019/11/21,2019/11/22,3,"8,9",90
Rooms Ciencias,94126,NA,Valencia,1,1,€ 62,2019/11/21,2019/11/22,0,"8,9",90
Las Arenas Balneario Resort,91144,NA,Valencia,1,1,€ 284,2019/11/21,2019/11/22,5,9,90
Old Fisherman's House in Malvarrosa Beach,3618172,NA,Valencia,1,1,€ 360,2019/11/21,2019/11/22,0,"9,4",90
L'Otelet By Sweet,1467935,NA,Valencia,1,1,€ 64,2019/11/21,2019/11/22,0,"8,3",90
Reina 12,1684198,NA,Valencia,1,1,€ 64,2019/11/21,2019/11/22,0,"8,2",90
Friendly Rentals Rey,1634248,Apartamento,Valencia,1,1,NA,2019/11/21,2019/11/22,0,9,90
Hotel Sercotel Acteón Valencia,90495,NA,Valencia,1,1,€ 62,2019/11/21,2019/11/22,4,"8,5",90
Petit Palace Ruzafa,90792,NA,Valencia,1,1,€ 63,2019/11/21,2019/11/22,3,"8,7",90
Living Valencia -Correos,3062274,Apartamentos,Valencia,1,1,NA,2019/11/21,2019/11/22,0,"8,4",90
Habitacion por dias Centro Valencia,3977106,NA,Valencia,1,1,€ 55,2019/11/21,2019/11/22,0,"7,9",90
ABCyou Bed&Breakfast,189207,NA,Valencia,1,1,€ 64,2019/11/21,2019/11/22,0,"8,5",90
València Centre Torres de Quart,886289,Apartamentos,Valencia,1,1,€ 64,2019/11/21,2019/11/22,0,"8,9",90
B&B Hotel Valencia Ciudad de las Ciencias,92242,NA,Valencia,1,1,€ 56,2019/11/21,2019/11/22,3,"7,5",90
Cosy Rooms Tapinería,371192,NA,Valencia,1,1,€ 58,2019/11/21,2019/11/22,2,"7,5",90
Luz de Valencia,2076095,Apartamentos,Valencia,1,1,€ 64,2019/11/21,2019/11/22,0,"8,7",90
Sercotel Sorolla Palace,93646,NA,Valencia,1,1,€ 65,2019/11/21,2019/11/22,4,"8,6",90
Hotel Alkazar,408511,NA,Valencia,1,1,€ 64,2019/11/21,2019/11/22,1,8,90
Style Apartments Puerto,1558265,Apartamentos,Valencia,1,1,€ 65,2019/11/21,2019/11/22,0,"8,1",90
SHF Flats Baron,1033085,Apartamentos,Valencia,1,1,€ 65,2019/11/21,2019/11/22,0,8,90
Austria 4,1605997,Apartamentos,Valencia,1,1,NA,2019/11/21,2019/11/22,0,9,90
Soho Valencia,1538641,Apartahotel,Valencia,1,1,€ 65,2019/11/21,2019/11/22,0,"8,9",90
Hotel Turia,14441,NA,Valencia,1,1,€ 59,2019/11/21,2019/11/22,4,"7,5",90
Oceanográfico Apartments & Spa,324918,Apartamentos,Valencia,1,1,€ 59,2019/11/21,2019/11/22,0,"7,7",90
Apartamento Plaza Sainetero,2743838,NA,Valencia,1,1,€ 93,2019/11/21,2019/11/22,0,"8,2",90
Primus Valencia,331871,NA,Valencia,1,1,€ 96,2019/11/21,2019/11/22,4,"8,3",90
Eurostars Gran Valencia,90484,NA,Valencia,1,1,€ 68,2019/11/21,2019/11/22,4,"8,3",90
Casual de las Artes Valencia,538056,NA,Valencia,1,1,€ 68,2019/11/21,2019/11/22,3,"8,4",90
El Globo,24498,NA,Valencia,1,1,€ 60,2019/11/21,2019/11/22,1,"7,8",90
Living Valencia - Tetuán,3217954,Apartamentos,Valencia,1,1,NA,2019/11/21,2019/11/22,0,"8,1",90
Sweet Hotel Continental,93856,NA,Valencia,1,1,€ 69,2019/11/21,2019/11/22,2,"8,3",90
NH Valencia Las Artes,90731,NA,Valencia,1,1,€ 71,2019/11/21,2019/11/22,4,"8,4",90
Blanq Carmen Hotel,97069,NA,Valencia,1,1,€ 67,2019/11/21,2019/11/22,3,"8,7",90
Hotel Mediterraneo Valencia,92412,NA,Valencia,1,1,€ 68,2019/11/21,2019/11/22,3,"8,8",90
Hostal Bisbal,235665,NA,Valencia,1,1,€ 60,2019/11/21,2019/11/22,1,"7,5",90
Checkin Valencia,93743,NA,Valencia,1,1,€ 62,2019/11/21,2019/11/22,4,"7,8",90
MD Modern Hotel - Jardines,305447,NA,Valencia,1,1,€ 99,2019/11/21,2019/11/22,1,"8,2",90
SingularStays Mar44,1002060,NA,Valencia,1,1,NA,2019/11/21,2019/11/22,0,"8,7",90
Casual del Cine Valencia,572187,NA,Valencia,1,1,€ 68,2019/11/21,2019/11/22,2,"8,6",90
Apartment Boutique,1874374,Apartamento,Valencia,1,1,€ 68,2019/11/21,2019/11/22,0,"8,5",90
Jero Rooms,296743,NA,Valencia,1,1,€ 66,2019/11/21,2019/11/22,0,"7,7",90
Ilunion Valencia 3,92818,NA,Valencia,1,1,€ 67,2019/11/21,2019/11/22,3,"7,9",90
El 16 Ruzafa,865461,Apartamentos,Valencia,1,1,€ 69,2019/11/21,2019/11/22,0,"7,7",90
Valenciaflats Centro Histórico,94781,Apartamentos,Valencia,1,1,€ 69,2019/11/21,2019/11/22,0,"8,7",90
Brisa Mare Nostrum,2855311,Apartamento,Valencia,1,1,NA,2019/11/21,2019/11/22,0,"9,4",90
SHF Plaza de la Reina,1682520,Apartamentos,Valencia,1,1,€ 70,2019/11/21,2019/11/22,0,"7,7",90
Reina's Apartment,2130930,Apartamentos,Valencia,1,1,NA,2019/11/21,2019/11/22,0,"8,4",90
SEA YOU HOTEL PORT VALENCIA,92328,NA,Valencia,1,1,€ 71,2019/11/21,2019/11/22,4,"7,6",90
APARTAMENTO LAS MELLIZAS,4651578,NA,Valencia,1,1,€ 50,2019/11/21,2019/11/22,0,"8,4",90
SH Ingles Boutique Hotel,92956,NA,Valencia,1,1,€ 100,2019/11/21,2019/11/22,4,"8,4",90
City Center Apartments,4426057,Apartamentos,Valencia,1,1,€ 72,2019/11/21,2019/11/22,0,"7,8",90
Suites by Eric Olsan (Peset),4726296,Apartamentos,Valencia,1,1,€ 83,2019/11/21,2019/11/22,0,"7,5",90
Suites by Eric Olsan (L),4287413,Apartamentos,Valencia,1,1,€ 83,2019/11/21,2019/11/22,0,"7,5",90
Valenciaflats Mercado Central,307677,Apartamentos,Valencia,1,1,€ 69,2019/11/21,2019/11/22,0,"8,9",90
Estrella de russafa,5352439,NA,Valencia,1,1,€ 70,2019/11/21,2019/11/22,0,"8,6",90
Valencia maritimo,3020748,Apartamento,Valencia,1,1,€ 70,2019/11/21,2019/11/22,0,"8,8",90
Torres Quart,3702234,Apartamentos,Valencia,1,1,€ 87,2019/11/21,2019/11/22,0,"7,7",90
Bonito apartamento en Valencia!,3646923,Apartamentos,Valencia,1,1,€ 88,2019/11/21,2019/11/22,0,"7,7",90
Quart Silence,2024765,Apartamentos,Valencia,1,1,NA,2019/11/21,2019/11/22,0,8,90
Apartamento Gran Vía Marqués del Turia,2358973,NA,Valencia,1,1,€ 109,2019/11/21,2019/11/22,0,"8,4",90
Friendly Rentals Puerto Deportivo,2317861,NA,Valencia,1,1,€ 115,2019/11/21,2019/11/22,0,"8,2",90
Citizentral Gascons,332095,Apartamentos,Valencia,1,1,€ 71,2019/11/21,2019/11/22,0,"8,7",90
Petit Palace Plaza de la Reina,90443,NA,Valencia,1,1,€ 71,2019/11/21,2019/11/22,3,"8,7",90
Plaza Sainetero 5,3148458,Apartamento,Valencia,1,1,€ 93,2019/11/21,2019/11/22,0,"7,8",90
Kirei Apartment San Vicente,1774062,Apartamento,Valencia,1,1,€ 98,2019/11/21,2019/11/22,0,"7,5",90
Apartment Valencia,348555,Apartamentos,Valencia,1,1,€ 99,2019/11/21,2019/11/22,0,"7,8",90
Kirei Apartment Vienna,4639797,Apartamento,Valencia,1,1,€ 115,2019/11/21,2019/11/22,0,"7,9",90
My Reception - Edificio Russafa,4732440,Apartamentos,Valencia,1,1,€ 125,2019/11/21,2019/11/22,0,"7,7",90
Apartamento Alguer,4005334,Apartamento,Valencia,1,1,€ 125,2019/11/21,2019/11/22,0,"7,5",90
SingularStays Seu Catedral,493883,Apartamentos,Valencia,1,1,NA,2019/11/21,2019/11/22,0,"8,1",90
Host & Home,1663785,NA,Valencia,1,1,€ 74,2019/11/21,2019/11/22,0,"8,9",90
AC Hotel Valencia- a Marriott Lifestyle Hotel,91063,NA,Valencia,1,1,€ 75,2019/11/21,2019/11/22,4,"8,6",90
Friendly Rentals Danna,1634254,Apartamento,Valencia,1,1,€ 145,2019/11/21,2019/11/22,0,"7,7",90
Kirei Apartment Calgary,4768322,Apartamento,Valencia,1,1,€ 148,2019/11/21,2019/11/22,0,"7,6",90
Friendly rentals Enesco Beach,2526514,Apartamento,Valencia,1,1,€ 150,2019/11/21,2019/11/22,0,"7,9",90
Friendly Rentals ABC,3656596,NA,Valencia,1,1,€ 120,2019/11/21,2019/11/22,0,"8,4",90
Apartamento Privado Próximo a Playa y Ciencias,3783163,NA,Valencia,1,1,€ 120,2019/11/21,2019/11/22,0,"8,1",90
Habitación doble,3599930,NA,Valencia,1,1,€ 75,2019/11/21,2019/11/22,0,"8,9",90
BUBUFLATS / Mercat,783206,Apartamentos,Valencia,1,1,€ 75,2019/11/21,2019/11/22,0,"8,9",90
Ad Hoc Carmen,1173270,NA,Valencia,1,1,€ 75,2019/11/21,2019/11/22,2,"8,9",90
Old Town Flats Casa Burguerini,4552106,Apartamentos,Valencia,1,1,€ 151,2019/11/21,2019/11/22,0,"7,6",90
Loft el Carmen amazing views,4932621,Apartamento,Valencia,1,1,€ 172,2019/11/21,2019/11/22,0,"7,9",90
Valencia Luxury Attics Ayuntamiento,337092,Apartamentos,Valencia,1,1,€ 220,2019/11/21,2019/11/22,0,"7,5",90
Hotel Kramer,91106,NA,Valencia,1,1,€ 76,2019/11/21,2019/11/22,3,"8,8",90
Hotel San Lorenzo Boutique,1307718,NA,Valencia,1,1,€ 77,2019/11/21,2019/11/22,3,"8,6",90
Sunrise Apartments,640409,NA,Valencia,1,1,NA,2019/11/21,2019/11/22,0,"8,9",90
Carrer de María Montessori,3272386,NA,Valencia,1,1,€ 120,2019/11/21,2019/11/22,0,"8,4",90
Boutique Creative Rooms,2334726,NA,Valencia,1,1,€ 77,2019/11/21,2019/11/22,0,"8,7",90
Ad Hoc Monumental,90719,NA,Valencia,1,1,€ 77,2019/11/21,2019/11/22,3,"8,6",90
Casual Vintage Valencia,1710241,NA,Valencia,1,1,€ 78,2019/11/21,2019/11/22,2,"8,6",90
Friendly Rentals Pergolesi,1634240,NA,Valencia,1,1,€ 120,2019/11/21,2019/11/22,0,"8,4",90
Flatsforyou Petit Bonaire,455152,NA,Valencia,1,1,€ 120,2019/11/21,2019/11/22,0,"8,3",90
MD Art Apartment Ruzafa,2550955,Apartamento,Valencia,1,1,€ 249,2019/11/21,2019/11/22,0,"7,7",90
Ilunion Valencia 4,754329,NA,Valencia,1,1,€ 123,2019/11/21,2019/11/22,4,8,90
Zerka Centro,4425975,NA,Valencia,1,1,€ 129,2019/11/21,2019/11/22,0,"8,4",90
Hotel Gabbeach,403586,NA,Valencia,1,1,€ 79,2019/11/21,2019/11/22,3,"8,5",90
Casa de Maria,2467712,Apartamento,Valencia,1,1,€ 80,2019/11/21,2019/11/22,0,"8,6",90
Friendly Rentals Gimenez,1634242,NA,Valencia,1,1,€ 130,2019/11/21,2019/11/22,0,"8,2",90
MD Pelayo with terrace,1979067,Apartamento,Valencia,1,1,€ 249,2019/11/21,2019/11/22,0,"7,8",90
MD Abastos Center,2551194,Apartamento,Valencia,1,1,€ 277,2019/11/21,2019/11/22,0,"7,7",90
MD Oliag I Apartment Ruzafa,2867488,Apartamento,Valencia,1,1,€ 305,2019/11/21,2019/11/22,0,"7,7",90
Apartments Madrina,3278589,Apartamentos,Valencia,1,1,€ 80,2019/11/21,2019/11/22,0,"8,9",90
Carrera Luxury,388247,NA,Valencia,1,1,NA,2019/11/21,2019/11/22,0,"8,6",90
Friendly Rentals Desplat,4120221,NA,Valencia,1,1,€ 145,2019/11/21,2019/11/22,0,"8,3",90
Apartment Plaza de la Merced,3457190,Apartamento,Valencia,1,1,€ 470,2019/11/21,2019/11/22,0,"7,9",90
Hostal Waksman,281139,NA,Valencia,1,1,€ 30,2019/11/21,2019/11/22,1,"7,3",90
feliz como en casa,3676196,NA,Valencia,1,1,€ 36,2019/11/21,2019/11/22,0,"7,2",90
HOSPEDAJE PESET,4718074,NA,Valencia,1,1,€ 40,2019/11/21,2019/11/22,0,"7,2",90
Friendly Rentals Verdi,1634232,NA,Valencia,1,1,€ 145,2019/11/21,2019/11/22,0,"8,2",90
Casa los Peces,3234194,NA,Valencia,1,1,€ 154,2019/11/21,2019/11/22,0,"8,3",90
Friendly Rentals Telemann,1634241,NA,Valencia,1,1,€ 155,2019/11/21,2019/11/22,0,8,90
Friendly Rentals Evans,1634220,NA,Valencia,1,1,€ 155,2019/11/21,2019/11/22,0,"8,4",90
Vlc Apartaments el Carmen,389902,NA,Valencia,1,1,€ 214,2019/11/21,2019/11/22,0,"8,1",90
Hostal Residencial RR,450746,NA,Valencia,1,1,€ 40,2019/11/21,2019/11/22,0,7,90
La Flamenca,818359,NA,Valencia,1,1,€ 40,2019/11/21,2019/11/22,0,"7,2",90
NH Valencia Center,90727,NA,Valencia,1,1,NA,2019/11/21,2019/11/22,4,"8,3",90
MD Benlliure Beach.,1957258,NA,Valencia,1,1,€ 254,2019/11/21,2019/11/22,0,8,90
Central Station Valencia Hostel,1647017,NA,Valencia,1,1,€ 44,2019/11/21,2019/11/22,0,"7,1",90
Murillo Apartment,408163,Apartamento,Valencia,1,1,€ 44,2019/11/21,2019/11/22,0,7,90
Musico Peydro Apartments,3765069,NA,Valencia,1,1,€ 259,2019/11/21,2019/11/22,0,"8,1",90
BUBUFLATS Mossén,1141763,Apartamentos,Valencia,1,1,€ 80,2019/11/21,2019/11/22,0,"8,9",90
Malvarrosa Calle Pavia,3608764,NA,Valencia,1,1,€ 271,2019/11/21,2019/11/22,0,"8,1",90
NWT Central Station Apartments,3964093,NA,Valencia,1,1,€ 300,2019/11/21,2019/11/22,0,"8,3",90
One Shot Colón 46,1394168,NA,Valencia,1,1,€ 81,2019/11/21,2019/11/22,3,"8,7",90
Welcome Apartamentos Pintor Stolz 31 Valencia,5019066,Apartamento,Valencia,1,1,NA,2019/11/21,2019/11/22,0,"9,1",90
Suites by Eric Olsan (Florista),4726450,Apartamentos,Valencia,1,1,€ 82,2019/11/21,2019/11/22,0,"8,6",90
MD Vila Barbera Apartment Center,1957253,NA,Valencia,1,1,€ 320,2019/11/21,2019/11/22,0,"8,4",90
UP Hostel Valencia,1710137,NA,Valencia,1,1,€ 24,2019/11/21,2019/11/22,0,"7,8",90
Lotelito,570027,NA,Valencia,1,1,€ 82,2019/11/21,2019/11/22,0,"8,9",90
Hotel El Siglo,1741479,NA,Valencia,1,1,€ 85,2019/11/21,2019/11/22,3,"8,5",90
Pensión Universal,304276,NA,Valencia,1,1,€ 27,2019/11/21,2019/11/22,0,"7,9",90
Habitación San Cayetano,4624401,NA,Valencia,1,1,€ 30,2019/11/21,2019/11/22,0,"7,7",90
Perla Apartments,3146781,Apartamentos,Valencia,1,1,€ 90,2019/11/21,2019/11/22,0,"8,7",90
Barceló Valencia,91988,NA,Valencia,1,1,€ 90,2019/11/21,2019/11/22,4,"8,7",90
SKY TOURISTIC ATTIC,281640,Apartamentos,Valencia,1,1,€ 90,2019/11/21,2019/11/22,0,"8,5",90
Friendly Rentals Rey,1634248,Apartamento,Valencia,1,1,NA,2019/11/21,2019/11/22,0,9,90
Hostal Moratin,326015,NA,Valencia,1,1,€ 31,2019/11/21,2019/11/22,1,"7,9",90
Apart and Benef,2291245,NA,Valencia,1,1,€ 34,2019/11/21,2019/11/22,0,"7,8",90
Biopark View Apartment,2381901,Apartamento,Valencia,1,1,€ 91,2019/11/21,2019/11/22,0,"8,9",90
Hotel Valencia Oceanic Managed by Melia Hotels International,91522,NA,Valencia,1,1,€ 91,2019/11/21,2019/11/22,4,"8,6",90
Hostal On Dormire Valencia,432305,NA,Valencia,1,1,€ 35,2019/11/21,2019/11/22,0,"7,8",90
Habitación en valencia centro,5418023,NA,Valencia,1,1,€ 35,2019/11/21,2019/11/22,0,"7,8",90
Valencian Apartment,2298621,Apartamento,Valencia,1,1,€ 94,2019/11/21,2019/11/22,0,"8,8",90
Catalonia Excelsior,90578,NA,Valencia,1,1,€ 95,2019/11/21,2019/11/22,3,"8,7",90
New Trendy apartment,2426154,Apartamento,Valencia,1,1,€ 95,2019/11/21,2019/11/22,0,"8,7",90
Habitación Céntrica en Casa de Familia,4289877,NA,Valencia,1,1,€ 35,2019/11/21,2019/11/22,0,"7,8",90
Voyagers Inn Homestay,2682156,NA,Valencia,1,1,€ 35,2019/11/21,2019/11/22,0,"7,7",90
Melia Valencia,290493,NA,Valencia,1,1,€ 98,2019/11/21,2019/11/22,4,"8,8",90
Welcomer Apartments Valencia,19363,Apartamentos,Valencia,1,1,NA,2019/11/21,2019/11/22,0,"8,7",90
Hotel Dimar,90886,NA,Valencia,1,1,€ 99,2019/11/21,2019/11/22,4,"8,7",90
OYO Pensión El Rincón,476031,NA,Valencia,1,1,€ 36,2019/11/21,2019/11/22,1,"7,7",90
Hostal El Cid,309465,NA,Valencia,1,1,€ 37,2019/11/21,2019/11/22,2,"7,6",90
One Shot Palacio Reina Victoria 04,90885,NA,Valencia,1,1,€ 101,2019/11/21,2019/11/22,4,"8,6",90
El Coral Apartment Valencia,3606766,Apartamento,Valencia,1,1,€ 104,2019/11/21,2019/11/22,0,"8,7",90
Melia Plaza Valencia,13270,NA,Valencia,1,1,€ 105,2019/11/21,2019/11/22,4,"8,9",90
Center Valencia Youth Hostel,246931,NA,Valencia,1,1,€ 39,2019/11/21,2019/11/22,0,"7,9",90
Hotel Beleret,94652,NA,Valencia,1,1,€ 42,2019/11/21,2019/11/22,3,"7,6",90
Flatsforyou Turia,312207,Apartamentos,Valencia,1,1,€ 107,2019/11/21,2019/11/22,0,"8,8",90
SH Valencia Palace,91497,NA,Valencia,1,1,€ 108,2019/11/21,2019/11/22,5,"8,5",90
Sunrise Apartments,640409,Apartamentos,Valencia,1,1,NA,2019/11/21,2019/11/22,0,"8,9",90
Hotel Neptuno,91206,NA,Valencia,1,1,€ 108,2019/11/21,2019/11/22,4,"8,5",90
Tranquilo Apartamento En Plaza Cisneros,3127388,Apartamento,Valencia,1,1,€ 111,2019/11/21,2019/11/22,0,"8,8",90
Vincci Palace,94163,NA,Valencia,1,1,€ 112,2019/11/21,2019/11/22,4,"8,6",90
Zenit Valencia,92327,NA,Valencia,1,1,€ 113,2019/11/21,2019/11/22,4,"8,8",90
casa a 800 metros de la playa de Las Arenas,3741421,Apartamento,Valencia,1,1,€ 115,2019/11/21,2019/11/22,0,"8,9",90
Plaza de la Virgen,3167342,Apartamento,Valencia,1,1,€ 115,2019/11/21,2019/11/22,0,"8,7",90
SingularStays Mar44,1002060,Apartamentos,Valencia,1,1,NA,2019/11/21,2019/11/22,0,"8,7",90
AC Hotel Colon Valencia- a Marriott Lifestyle Hotel,1117150,NA,Valencia,1,1,€ 116,2019/11/21,2019/11/22,4,"8,7",90
Patacona Beach Apartment,4533678,Apartamento,Valencia,1,1,€ 119,2019/11/21,2019/11/22,0,"8,5",90
Flatsforyou Mercat,1367507,Apartamentos,Valencia,1,1,€ 120,2019/11/21,2019/11/22,3,"8,9",90
Apartments Plaza Ayuntamiento,3506736,Apartamento,Valencia,1,1,€ 120,2019/11/21,2019/11/22,0,"8,7",90
Friendly Rentals Casals,1769176,Apartamento,Valencia,1,1,€ 120,2019/11/21,2019/11/22,0,"8,6",90
Friendly Rentals Nyman,3245521,Apartamento,Valencia,1,1,€ 120,2019/11/21,2019/11/22,0,"8,9",90
Apartamento Sofia,2552406,Apartamento,Valencia,1,1,NA,2019/11/21,2019/11/22,0,"8,6",90
Friendly Rentals Ravel I,1634234,Apartamento,Valencia,1,1,€ 120,2019/11/21,2019/11/22,0,"8,8",90
Vincci Lys,91183,NA,Valencia,1,1,€ 120,2019/11/21,2019/11/22,4,"8,9",90
Apartamentos Valencia - Brazil 31 Free WiFi,4948554,Apartamento,Valencia,1,1,€ 125,2019/11/21,2019/11/22,0,"8,8",90
Isabel,4442066,Apartamento,Valencia,1,1,€ 127,2019/11/21,2019/11/22,0,"8,6",90
Cathedral Suites Hotel,1736257,Apartahotel,Valencia,1,1,€ 129,2019/11/21,2019/11/22,4,"8,9",90
Precioso Apartamento En Pleno Centro Con Wifi,3023494,Apartamento,Valencia,1,1,€ 130,2019/11/21,2019/11/22,0,"8,9",90
Friendly Rentals Brade,1918694,Apartamento,Valencia,1,1,€ 130,2019/11/21,2019/11/22,0,"8,9",90
Ilunion Aqua 4,92777,NA,Valencia,1,1,€ 132,2019/11/21,2019/11/22,4,"8,5",90
Friendly Rentals Soler,1634237,Apartamento,Valencia,1,1,€ 135,2019/11/21,2019/11/22,0,"8,6",90
Friendly Rentals Gala,1634252,Apartamento,Valencia,1,1,€ 135,2019/11/21,2019/11/22,0,"8,9",90
Friendly Rentals Strauss,1634236,Apartamento,Valencia,1,1,€ 135,2019/11/21,2019/11/22,0,"8,8",90
Friendly Rentals Verdi 2,2523881,Apartamento,Valencia,1,1,€ 135,2019/11/21,2019/11/22,0,"8,8",90
Hospes Palau de La Mar,93823,NA,Valencia,1,1,€ 136,2019/11/21,2019/11/22,5,"8,8",90
El Palacete Gran Via,3483148,NA,Valencia,1,1,€ 146,2019/11/21,2019/11/22,0,"8,8",90
Apartamento LUXURY CENTRO HISTORICO,3664772,Apartamento,Valencia,1,1,€ 149,2019/11/21,2019/11/22,0,"8,7",90
Stylish newly renovated in great location /WIFI,3661070,Apartamento,Valencia,1,1,€ 149,2019/11/21,2019/11/22,0,"8,6",90
Flats Hondures,2194645,Apartamentos,Valencia,1,1,€ 150,2019/11/21,2019/11/22,0,"8,9",90
Enjoy Flat Valencia,3991548,Apartamentos,Valencia,1,1,€ 150,2019/11/21,2019/11/22,0,"8,6",90
