name,propertyId,propertyType,city,rooms,days,price,checkIn,checkOut,stars,score,advance
Habitación en valencia centro,5418023,NA,Valencia,1,1,€ 27,2019/08/09,2019/08/10,0,,7
Amplia habitación en piso compartido,5433175,NA,Valencia,1,1,€ 50,2019/08/09,2019/08/10,0,,7
Preciosa Casita Cerca Del Mar,4057271,Apartamento,Valencia,1,1,NA,2019/08/09,2019/08/10,0,"9,7",7
Experiencia en Caravana,5441777,NA,Valencia,1,1,€ 50,2019/08/09,2019/08/10,0,,7
vosotros sereis parte de mi familia.,5299568,NA,Valencia,1,1,€ 55,2019/08/09,2019/08/10,0,,7
Valencia_PatraiX,5450613,NA,Valencia,1,1,€ 65,2019/08/09,2019/08/10,0,,7
Casa de la Reina,5394089,NA,Valencia,1,1,€ 75,2019/08/09,2019/08/10,0,,7
Miresa flats 2.1A,5399747,Apartamento,Valencia,1,1,€ 90,2019/08/09,2019/08/10,0,,7
Calle de Frederica Montseny 'Política' Casa o chalet,5152866,Casa o chalet,Valencia,1,1,€ 90,2019/08/09,2019/08/10,0,,7
Central Park Apartment Valencia,3881533,Apartamento,Valencia,1,1,NA,2019/08/09,2019/08/10,0,"9,6",7
"Flat ""Ca Alexandre""",3687859,Apartamento,Valencia,1,1,€ 220,2019/08/09,2019/08/10,0,,7
Hogar Dulce Hogar,5441488,NA,Valencia,1,1,€ 230,2019/08/09,2019/08/10,0,,7
MD Rafael Janini II,5386557,Apartamento,Valencia,1,1,€ 231,2019/08/09,2019/08/10,0,,7
Espaciosa y cómoda vivienda,5342327,Apartamento,Valencia,1,1,€ 238,2019/08/09,2019/08/10,0,,7
Apartamento con terraza,5238122,Apartahotel,Valencia,1,1,€ 240,2019/08/09,2019/08/10,0,,7
Casita bonita con piscina y jardin,5294677,NA,Valencia,1,1,€ 250,2019/08/09,2019/08/10,0,,7
Apartamento Ciencias y Justicia,3825841,Apartamento,Valencia,1,1,NA,2019/08/09,2019/08/10,0,"9,5",7
Duplex Penthouse,5436230,Apartamento,Valencia,1,1,€ 251,2019/08/09,2019/08/10,0,,7
Apartamento Torres de Serrano,5083131,Apartamento,Valencia,1,1,€ 320,2019/08/09,2019/08/10,0,,7
Terrace Duplex Penthouse,5436353,Apartamento,Valencia,1,1,€ 548,2019/08/09,2019/08/10,0,,7
Governor Residence,3799760,Apartahotel,Valencia,1,1,€ 600,2019/08/09,2019/08/10,0,,7
Gulet Why Not,5199364,NA,Valencia,1,1,€ 3.600,2019/08/09,2019/08/10,0,,7
OYO Pensión El Rincón,476031,NA,Valencia,1,1,€ 70,2019/08/09,2019/08/10,1,"7,7",7
Hotel Turia,14441,NA,Valencia,1,1,€ 79,2019/08/09,2019/08/10,4,"7,5",7
Classic Flat Valencia,4245614,Apartamento,Valencia,1,1,NA,2019/08/09,2019/08/10,0,"9,5",7
Cosy Rooms Tapinería,371192,NA,Valencia,1,1,€ 83,2019/08/09,2019/08/10,2,"7,5",7
B&B Hotel Valencia Ciudad de las Ciencias,92242,NA,Valencia,1,1,€ 83,2019/08/09,2019/08/10,3,"7,5",7
Hostal Penalty,189209,NA,Valencia,1,1,€ 85,2019/08/09,2019/08/10,1,"7,9",7
Valencia Lounge Hostel,337203,NA,Valencia,1,1,€ 92,2019/08/09,2019/08/10,0,"7,8",7
Checkin Valencia,93743,NA,Valencia,1,1,€ 107,2019/08/09,2019/08/10,4,"7,8",7
Expo Hotel Valencia,91223,NA,Valencia,1,1,€ 108,2019/08/09,2019/08/10,3,"7,6",7
Apartamento Frederick “Centrico y con Clase”,4236394,Apartamento,Valencia,1,1,NA,2019/08/09,2019/08/10,0,"9,7",7
Ilunion Valencia 3,92818,NA,Valencia,1,1,€ 112,2019/08/09,2019/08/10,3,"7,9",7
SEA YOU HOTEL PORT VALENCIA,92328,NA,Valencia,1,1,€ 117,2019/08/09,2019/08/10,4,"7,6",7
SHF Plaza de la Reina,1682520,Apartamentos,Valencia,1,1,€ 125,2019/08/09,2019/08/10,0,"7,7",7
Living Valencia - Jardín del Turia,333591,Apartamentos,Valencia,1,1,€ 132,2019/08/09,2019/08/10,0,"7,7",7
Apartamento Alguer,4005334,Apartamento,Valencia,1,1,€ 150,2019/08/09,2019/08/10,0,"7,6",7
El 16 Ruzafa,865461,Apartamentos,Valencia,1,1,€ 174,2019/08/09,2019/08/10,0,"7,7",7
Constitución,4229663,Apartamento,Valencia,1,1,NA,2019/08/09,2019/08/10,0,"9,6",7
MD Art Apartment Ruzafa,2550955,Apartamento,Valencia,1,1,€ 305,2019/08/09,2019/08/10,0,"7,7",7
MD Abastos Center,2551194,Apartamento,Valencia,1,1,€ 449,2019/08/09,2019/08/10,0,"7,7",7
PISO ACOGEDOR,4995780,NA,Valencia,1,1,€ 50,2019/08/09,2019/08/10,0,"7,2",7
Ruzafa Rooms,2891693,NA,Valencia,1,1,€ 60,2019/08/09,2019/08/10,0,7,7
La Flamenca,818359,NA,Valencia,1,1,€ 65,2019/08/09,2019/08/10,0,"7,3",7
Murillo Apartment,408163,Apartamento,Valencia,1,1,€ 72,2019/08/09,2019/08/10,0,"7,1",7
Olympia Flats,4212801,NA,Valencia,1,1,NA,2019/08/09,2019/08/10,0,"9,7",7
Centro Valencia Calle Cerrajeros,3476261,NA,Valencia,1,1,€ 75,2019/08/09,2019/08/10,0,7,7
Central Station Valencia Hostel,1647017,NA,Valencia,1,1,€ 84,2019/08/09,2019/08/10,0,"7,1",7
HOSTAL BED OF THE SEA,3974636,NA,Valencia,1,1,€ 86,2019/08/09,2019/08/10,0,7,7
My Reception - Bolseria Apartments,4656688,Apartamentos,Valencia,1,1,€ 95,2019/08/09,2019/08/10,0,"7,1",7
NWT Monserrat,3728842,Apartamentos,Valencia,1,1,€ 119,2019/08/09,2019/08/10,0,"7,1",7
Valencia Luxury Catedral,440778,Apartamentos,Valencia,1,1,€ 145,2019/08/09,2019/08/10,0,"7,1",7
Cómoda habitación Valencia,4200488,NA,Valencia,1,1,NA,2019/08/09,2019/08/10,0,"9,5",7
Cosy Rooms Bolsería,371606,NA,Valencia,1,1,€ 211,2019/08/09,2019/08/10,2,"7,4",7
Cosy Rooms Embajador,369728,NA,Valencia,1,1,€ 211,2019/08/09,2019/08/10,2,"7,4",7
Loyola Room Habitación en Piso Compartido,3298489,NA,Valencia,1,1,€ 39,2019/08/09,2019/08/10,0,"6,7",7
Premium Apartments,486507,Apartamentos,Valencia,1,1,€ 124,2019/08/09,2019/08/10,0,"6,9",7
Valencia Boutique Ayuntamiento II,387852,Apartamentos,Valencia,1,1,€ 170,2019/08/09,2019/08/10,0,"6,7",7
Apartamento para 10 personas,5029963,Apartamento,Valencia,1,1,€ 200,2019/08/09,2019/08/10,0,"6,9",7
Disfruta - Enjoy Valencia Oceanografic,4121345,Apartamento,Valencia,1,1,NA,2019/08/09,2019/08/10,0,"9,6",7
Malvarrosa Beach,3546692,Casas y chalets,Valencia,1,1,€ 1.260,2019/08/09,2019/08/10,0,"6,9",7
Fun and Sun Center 2,2944416,NA,Valencia,1,1,€ 45,2019/08/09,2019/08/10,0,"6,2",7
Carrer del Bisbe Jaume Pérez,4900140,NA,Valencia,1,1,€ 60,2019/08/09,2019/08/10,0,"5,8",7
RoomTuristValencia - Ruzafa,4608394,NA,Valencia,1,1,€ 60,2019/08/09,2019/08/10,0,"5,8",7
Home Sweet Home,1223953,NA,Valencia,1,1,€ 60,2019/08/09,2019/08/10,0,"5,6",7
Ruzafa Guesthouse,2269176,NA,Valencia,1,1,€ 65,2019/08/09,2019/08/10,0,"5,6",7
Oliver,4865093,NA,Valencia,1,1,€ 73,2019/08/09,2019/08/10,0,"5,7",7
Guest House Torres de Quart,2275006,NA,Valencia,1,1,€ 75,2019/08/09,2019/08/10,0,"5,5",7
Guest House Duc de Gaeta,2275007,NA,Valencia,1,1,€ 48,2019/08/09,2019/08/10,0,5,7
RoomTuristValencia Estacion del Norte,4682632,NA,Valencia,1,1,€ 55,2019/08/09,2019/08/10,0,"5,4",7
RoomTuristValencia RuzafaSumsi,4682802,NA,Valencia,1,1,€ 75,2019/08/09,2019/08/10,0,5,7
Guest House Ruzafa,2324552,NA,Valencia,1,1,€ 85,2019/08/09,2019/08/10,0,"5,3",7
Port of Valencia,3805735,Casa o chalet,Valencia,1,1,€ 150,2019/08/09,2019/08/10,0,5,7
Habitación en Apartamento soleado Plaza Escultor Frechina,4865043,NA,Valencia,1,1,€ 55,2019/08/09,2019/08/10,0,"4,9",7
RoomTuristValencia Torres de Quart,4565643,NA,Valencia,1,1,€ 55,2019/08/09,2019/08/10,0,"4,8",7
Guesthouse Plaza de Toros,2985902,NA,Valencia,1,1,€ 65,2019/08/09,2019/08/10,0,"4,9",7
Apartamento Islas Canarias,2304086,Apartamento,Valencia,1,1,€ 128,2019/08/09,2019/08/10,0,4,7
Constitucion Guesthouse,2985942,NA,Valencia,1,1,€ 45,2019/08/09,2019/08/10,0,"3,3",7
Hostal Abastos,257057,NA,Valencia,1,1,€ 70,2019/08/09,2019/08/10,2,"8,2",7
Reina 12,1684198,NA,Valencia,1,1,€ 70,2019/08/09,2019/08/10,0,"8,3",7
CÓMODAS HABITACIONES CERCA DE LA PLAYA,5041799,NA,Valencia,1,1,NA,2019/08/09,2019/08/10,0,"9,5",7
Alquiler Habitacion Centro De Valencia,3977106,NA,Valencia,1,1,€ 72,2019/08/09,2019/08/10,0,"8,1",7
Aparthotel Valencia Rental,17344,Apartahotel,Valencia,1,1,€ 74,2019/08/09,2019/08/10,0,8,7
Eurostars Rey Don Jaime,91520,NA,Valencia,1,1,€ 80,2019/08/09,2019/08/10,4,"8,2",7
Tryp Valencia Feria,92852,NA,Valencia,1,1,€ 81,2019/08/09,2019/08/10,4,"8,3",7
Red Nest Hostel,92283,NA,Valencia,1,1,€ 83,2019/08/09,2019/08/10,0,"8,2",7
Hotel Olympia Universidades,1301731,NA,Valencia,1,1,€ 84,2019/08/09,2019/08/10,3,"8,4",7
Ciudad Ciencias- Lujo- Parking- Wi-Fi.,4999636,Apartamento,Valencia,1,1,NA,2019/08/09,2019/08/10,0,"9,8",7
Sweet Hotel Renasa,274818,NA,Valencia,1,1,€ 89,2019/08/09,2019/08/10,3,8,7
L'Otelet By Sweet,1467935,NA,Valencia,1,1,€ 90,2019/08/09,2019/08/10,0,"8,3",7
Eurostars Gran Valencia,90484,NA,Valencia,1,1,€ 91,2019/08/09,2019/08/10,4,"8,3",7
MD Modern Hotel - Jardines,305447,NA,Valencia,1,1,€ 95,2019/08/09,2019/08/10,1,"8,2",7
Hotel Sercotel Acteón Valencia,90495,NA,Valencia,1,1,€ 97,2019/08/09,2019/08/10,4,"8,4",7
Palacios Rooms,2773548,NA,Valencia,1,1,€ 99,2019/08/09,2019/08/10,0,"8,3",7
Apartments Welcome to Valencia Peset Aleixandre 69,4964856,Apartamento,Valencia,1,1,NA,2019/08/09,2019/08/10,0,"9,5",7
Happy Apartments Valencia,456043,Apartamentos,Valencia,1,1,€ 99,2019/08/09,2019/08/10,0,"8,2",7
NH Valencia Las Artes,90731,NA,Valencia,1,1,€ 101,2019/08/09,2019/08/10,4,"8,3",7
Senator Parque Central Hotel,274963,NA,Valencia,1,1,€ 106,2019/08/09,2019/08/10,4,"8,1",7
Hotel San Lorenzo Boutique,1307718,NA,Valencia,1,1,€ 90,2019/08/09,2019/08/10,3,"8,6",7
Zalamera BnB,1331238,NA,Valencia,1,1,€ 95,2019/08/09,2019/08/10,0,"8,7",7
NH Valencia Las Ciencias,90725,NA,Valencia,1,1,€ 108,2019/08/09,2019/08/10,3,8,7
Hotel Valencia Center,91285,NA,Valencia,1,1,€ 108,2019/08/09,2019/08/10,4,"8,4",7
Sweet Hotel Continental,93856,NA,Valencia,1,1,€ 109,2019/08/09,2019/08/10,2,"8,3",7
Oceanografic Apartment,4903549,Apartamento,Valencia,1,1,NA,2019/08/09,2019/08/10,0,"9,5",7
Colors Rooms,675839,NA,Valencia,1,1,NA,2019/08/09,2019/08/10,0,"9,5",7
UNIK. Apartments Valencia,2241282,NA,Valencia,1,1,€ 97,2019/08/09,2019/08/10,0,"8,5",7
Ad Hoc Carmen,1173270,NA,Valencia,1,1,€ 99,2019/08/09,2019/08/10,2,"8,9",7
NH Valencia Center,90727,NA,Valencia,1,1,€ 110,2019/08/09,2019/08/10,4,"8,3",7
City Suites Apartments,3091106,NA,Valencia,1,1,€ 112,2019/08/09,2019/08/10,0,"8,4",7
Ilunion Valencia 4,754329,NA,Valencia,1,1,€ 112,2019/08/09,2019/08/10,4,8,7
NH Ciudad de Valencia,90729,NA,Valencia,1,1,€ 117,2019/08/09,2019/08/10,3,"8,1",7
APARTAMENTO LAS MELLIZAS,4651578,NA,Valencia,1,1,€ 59,2019/08/09,2019/08/10,0,"8,4",7
Apartamentos Plaza Picasso,97063,Apartamentos,Valencia,1,1,€ 124,2019/08/09,2019/08/10,0,"8,4",7
VALENCIA APARTAMENTO GOYA GRAN TERRAZA,4660558,Apartamento,Valencia,1,1,NA,2019/08/09,2019/08/10,0,"9,9",7
Hotel Medium Valencia,96838,NA,Valencia,1,1,€ 126,2019/08/09,2019/08/10,4,"8,2",7
Silken Puerta Valencia,91182,NA,Valencia,1,1,€ 130,2019/08/09,2019/08/10,4,"8,3",7
United Colors of Apartments - Catedral,1301545,Apartamentos,Valencia,1,1,€ 131,2019/08/09,2019/08/10,0,"8,2",7
Living Valencia - Biblioteca,2843260,Apartamentos,Valencia,1,1,€ 135,2019/08/09,2019/08/10,0,8,7
Casual de las Artes Valencia,538056,NA,Valencia,1,1,€ 135,2019/08/09,2019/08/10,3,"8,4",7
Ad Hoc Monumental,90719,NA,Valencia,1,1,€ 104,2019/08/09,2019/08/10,3,"8,6",7
Colegio Mayor La Concepción,626558,NA,Valencia,1,1,€ 104,2019/08/09,2019/08/10,0,"8,7",7
Melia Plaza Valencia,13270,NA,Valencia,1,1,€ 105,2019/08/09,2019/08/10,4,"8,9",7
B&B Hi Valencia Boutique,1301725,NA,Valencia,1,1,€ 106,2019/08/09,2019/08/10,0,"8,7",7
PORT VALENCIA PLAYA,5259971,NA,Valencia,1,1,NA,2019/08/09,2019/08/10,0,"9,6",7
Casa del Patriarca,364834,NA,Valencia,1,1,€ 109,2019/08/09,2019/08/10,0,"8,9",7
Hotel Malcom and Barret,483261,NA,Valencia,1,1,€ 110,2019/08/09,2019/08/10,3,"8,7",7
Apartamentos Sollana 18 Cerca de les Arts i les Ciencies Valencia- FREE WI-FI,5232423,Apartamento,Valencia,1,1,€ 135,2019/08/09,2019/08/10,0,"8,3",7
The Heart of Mercado CENTRAL,4547476,Apartamento,Valencia,1,1,NA,2019/08/09,2019/08/10,0,"9,5",7
SHF Flats Baron,1033085,Apartamentos,Valencia,1,1,€ 140,2019/08/09,2019/08/10,0,8,7
Primus Valencia,331871,NA,Valencia,1,1,€ 143,2019/08/09,2019/08/10,4,"8,3",7
Valenciaflats Torres de Serrano,17468,Apartamentos,Valencia,1,1,€ 145,2019/08/09,2019/08/10,0,"8,3",7
Rooms Ciencias,94126,NA,Valencia,1,1,€ 110,2019/08/09,2019/08/10,0,"8,9",7
Hotel Kramer,91106,NA,Valencia,1,1,€ 110,2019/08/09,2019/08/10,3,"8,8",7
Hotel Valencia Oceanic Managed by Melia Hotels International,91522,NA,Valencia,1,1,€ 110,2019/08/09,2019/08/10,4,"8,6",7
Apartamento Gran Vía Marqués del Turia,2358973,Apartamento,Valencia,1,1,€ 149,2019/08/09,2019/08/10,0,"8,4",7
Flatsforyou Las Arcadias,473415,Apartamentos,Valencia,1,1,€ 150,2019/08/09,2019/08/10,0,"8,4",7
Hotel Conqueridor,91047,NA,Valencia,1,1,€ 150,2019/08/09,2019/08/10,4,"8,4",7
Living Valencia -Correos,3062274,Apartamentos,Valencia,1,1,€ 156,2019/08/09,2019/08/10,0,"8,4",7
Casual Vintage Valencia,1710241,NA,Valencia,1,1,€ 113,2019/08/09,2019/08/10,2,"8,5",7
Garden Turia Downtown,5201200,NA,Valencia,1,1,NA,2019/08/09,2019/08/10,0,"9,9",7
Casual del Cine Valencia,572187,NA,Valencia,1,1,€ 113,2019/08/09,2019/08/10,2,"8,6",7
NWT Central Station Apartments,3964093,Apartamento,Valencia,1,1,€ 169,2019/08/09,2019/08/10,0,"8,4",7
Musico Peydro Apartments,3765069,Apartamentos,Valencia,1,1,€ 215,2019/08/09,2019/08/10,0,"8,1",7
Voyagers Inn Homestay,2682156,NA,Valencia,1,1,€ 44,2019/08/09,2019/08/10,0,"7,8",7
Center Valencia Youth Hostel,246931,NA,Valencia,1,1,€ 48,2019/08/09,2019/08/10,0,"7,9",7
València Centre Túria,2185255,NA,Valencia,1,1,€ 113,2019/08/09,2019/08/10,0,"8,8",7
Zenit Valencia,92327,NA,Valencia,1,1,€ 116,2019/08/09,2019/08/10,4,"8,8",7
One Shot Colón 46,1394168,NA,Valencia,1,1,€ 119,2019/08/09,2019/08/10,3,"8,7",7
Sercotel Sorolla Palace,93646,NA,Valencia,1,1,€ 119,2019/08/09,2019/08/10,4,"8,6",7
UP Hostel Valencia,1710137,NA,Valencia,1,1,€ 26,2019/08/09,2019/08/10,0,"7,8",7
Como en casa,4802186,NA,Valencia,1,1,€ 54,2019/08/09,2019/08/10,0,"7,8",7
Pensión Universal,304276,NA,Valencia,1,1,€ 58,2019/08/09,2019/08/10,0,"7,9",7
Valencia City Host,1177077,NA,Valencia,1,1,€ 59,2019/08/09,2019/08/10,0,"7,9",7
Hospederia del Pilar,327766,NA,Valencia,1,1,€ 63,2019/08/09,2019/08/10,0,"7,9",7
Hostal Moratin,326015,NA,Valencia,1,1,€ 68,2019/08/09,2019/08/10,1,"7,9",7
Petit Palace Ruzafa,90792,NA,Valencia,1,1,€ 119,2019/08/09,2019/08/10,3,"8,7",7
CÓMODAS HABITACIONES CERCA DE LA PLAYA,5041799,NA,Valencia,1,1,NA,2019/08/09,2019/08/10,0,"9,5",7
Lotelito,570027,NA,Valencia,1,1,€ 120,2019/08/09,2019/08/10,0,"8,9",7
Hotel Beleret,94652,NA,Valencia,1,1,€ 69,2019/08/09,2019/08/10,3,"7,6",7
Flatsforyou Sorolla House,403442,NA,Valencia,1,1,€ 120,2019/08/09,2019/08/10,0,"8,5",7
Welcomer Apartments Valencia,19363,NA,Valencia,1,1,€ 121,2019/08/09,2019/08/10,0,"8,6",7
Home Youth Hostel by Feetup Hostels,189322,NA,Valencia,1,1,€ 123,2019/08/09,2019/08/10,0,"8,8",7
Petit Palace Plaza de la Reina,90443,NA,Valencia,1,1,€ 125,2019/08/09,2019/08/10,3,"8,7",7
Blanq Carmen Hotel,97069,NA,Valencia,1,1,€ 135,2019/08/09,2019/08/10,3,"8,7",7
Ciudad Ciencias- Lujo- Parking- Wi-Fi.,4999636,NA,Valencia,1,1,NA,2019/08/09,2019/08/10,0,"9,8",7
Pio XII Apartments Valencia,402080,NA,Valencia,1,1,€ 135,2019/08/09,2019/08/10,0,"8,5",7
Flatsforyou Marina,1793012,NA,Valencia,1,1,€ 140,2019/08/09,2019/08/10,0,"8,7",7
Valenciaflats Mercado Central,307677,NA,Valencia,1,1,€ 140,2019/08/09,2019/08/10,0,"8,9",7
Catalonia Excelsior,90578,NA,Valencia,1,1,€ 140,2019/08/09,2019/08/10,3,"8,7",7
AC Hotel Colon Valencia- a Marriott Lifestyle Hotel,1117150,NA,Valencia,1,1,€ 140,2019/08/09,2019/08/10,4,"8,6",7
Hotel Dimar,90886,NA,Valencia,1,1,€ 144,2019/08/09,2019/08/10,4,"8,7",7
Apartments Welcome to Valencia Peset Aleixandre 69,4964856,NA,Valencia,1,1,NA,2019/08/09,2019/08/10,0,"9,5",7
Apartment Sun & Light near the beach,4479540,NA,Valencia,1,1,€ 159,2019/08/09,2019/08/10,0,"8,5",7
Citizentral Gascons,332095,NA,Valencia,1,1,€ 159,2019/08/09,2019/08/10,0,"8,7",7
Hotel Neptuno,91206,NA,Valencia,1,1,€ 162,2019/08/09,2019/08/10,4,"8,5",7
Vincci Lys,91183,NA,Valencia,1,1,€ 170,2019/08/09,2019/08/10,4,"8,9",7
Living Valencia - Olympia House,2215435,NA,Valencia,1,1,€ 171,2019/08/09,2019/08/10,0,"8,7",7
One Shot Palacio Reina Victoria 04,90885,NA,Valencia,1,1,€ 179,2019/08/09,2019/08/10,4,"8,6",7
Vincci Palace,94163,NA,Valencia,1,1,€ 180,2019/08/09,2019/08/10,4,"8,6",7
SH Valencia Palace,91497,NA,Valencia,1,1,€ 195,2019/08/09,2019/08/10,5,"8,5",7
Ilunion Aqua 4,92777,NA,Valencia,1,1,€ 198,2019/08/09,2019/08/10,4,"8,5",7
The Westin Valencia,93321,NA,Valencia,1,1,€ 223,2019/08/09,2019/08/10,5,"8,7",7
Zerka Centro,4425975,NA,Valencia,1,1,€ 229,2019/08/09,2019/08/10,0,"8,5",7
Carlos & Ana,2079019,NA,Valencia,1,1,€ 265,2019/08/09,2019/08/10,0,"8,9",7
Hospes Palau de La Mar,93823,NA,Valencia,1,1,€ 297,2019/08/09,2019/08/10,5,"8,8",7
B&B Hi Valencia Canovas,305349,NA,Valencia,1,1,€ 58,2019/08/09,2019/08/10,0,"8,4",7
Purple Nest Hostel,25278,NA,Valencia,1,1,€ 59,2019/08/09,2019/08/10,0,8,7
HOSPEDAJE PESET,4718074,NA,Valencia,1,1,€ 60,2019/08/09,2019/08/10,0,"8,1",7
Pension MonaLisa Luxury Suites,3834224,NA,Valencia,1,1,€ 60,2019/08/09,2019/08/10,0,"8,2",7
Residencia Universitaria Damia Bonet,247451,NA,Valencia,1,1,€ 61,2019/08/09,2019/08/10,0,"8,3",7
Disfruta - Enjoy Valencia Ayuntamiento,4901194,Apartamento,Valencia,1,1,€ 183,2019/08/09,2019/08/10,0,10,7
Estrella de russafa,5352439,NA,Valencia,1,1,€ 70,2019/08/09,2019/08/10,0,"9,8",7
United Colors of Apartments Boutique Style,5372347,Apartamentos,Valencia,1,1,NA,2019/08/09,2019/08/10,0,10,7
Apartments Downtown Valencia,2250421,Apartamentos,Valencia,1,1,€ 105,2019/08/09,2019/08/10,0,"9,6",7
Barracart Apartments,2125836,Apartamentos,Valencia,1,1,€ 137,2019/08/09,2019/08/10,0,"9,6",7
Ramirez Flats & Bar,4124528,Apartahotel,Valencia,1,1,€ 140,2019/08/09,2019/08/10,0,"9,5",7
Apartamento Schwarz,2156237,Apartamento,Valencia,1,1,€ 180,2019/08/09,2019/08/10,0,"9,5",7
Disfruta - Enjoy Valencia Centre,3881970,Apartamento,Valencia,1,1,€ 189,2019/08/09,2019/08/10,0,"9,8",7
Cantagua Hostel,4074640,NA,Valencia,1,1,€ 46,2019/08/09,2019/08/10,0,"9,1",7
VALENCIA APARTAMENTO GOYA,4256653,Apartamento,Valencia,1,1,NA,2019/08/09,2019/08/10,0,10,7
Blanq Comedias,4922002,NA,Valencia,1,1,€ 77,2019/08/09,2019/08/10,0,9,7
Hostal Venecia,92883,NA,Valencia,1,1,€ 84,2019/08/09,2019/08/10,2,"9,1",7
YOU & CO. Saler Beach Boutique,4533007,NA,Valencia,1,1,€ 88,2019/08/09,2019/08/10,3,"9,2",7
Live in Chianti,2227491,NA,Valencia,1,1,€ 89,2019/08/09,2019/08/10,0,"9,1",7
Habitación doble,3599930,NA,Valencia,1,1,€ 90,2019/08/09,2019/08/10,0,9,7
Apartments Madrina,3278589,Apartamentos,Valencia,1,1,€ 100,2019/08/09,2019/08/10,0,9,7
Room Beach Malvarrosa,1343609,NA,Valencia,1,1,NA,2019/08/09,2019/08/10,0,10,7
OttoH Charm Stay,2459807,NA,Valencia,1,1,€ 109,2019/08/09,2019/08/10,0,"9,3",7
HQ Rooms Apartments San Vicente,2894429,Apartamentos,Valencia,1,1,€ 113,2019/08/09,2019/08/10,0,"9,3",7
MD Design Hotel - Portal del Real,2391685,NA,Valencia,1,1,€ 117,2019/08/09,2019/08/10,2,"9,1",7
Turia Burjassot 12,3237353,Apartamento,Valencia,1,1,€ 120,2019/08/09,2019/08/10,0,9,7
Valencia apartamento,3056705,Apartahotel,Valencia,1,1,€ 122,2019/08/09,2019/08/10,0,"9,3",7
Hotel Valencia Alameda,4019381,NA,Valencia,1,1,€ 129,2019/08/09,2019/08/10,4,"9,3",7
Hostal Antigua Morellana,1273937,NA,Valencia,1,1,NA,2019/08/09,2019/08/10,1,"9,5",7
Mon Suites Catedral,485679,Apartamentos,Valencia,1,1,€ 130,2019/08/09,2019/08/10,0,"9,2",7
Valenciaflats Centro Ciudad,18544,Apartamentos,Valencia,1,1,€ 135,2019/08/09,2019/08/10,0,"9,1",7
BUBUSUITES by Bubuflats,2389776,NA,Valencia,1,1,€ 140,2019/08/09,2019/08/10,0,"9,3",7
Apartamentos Wallace,1698355,Apartamentos,Valencia,1,1,€ 140,2019/08/09,2019/08/10,0,"9,2",7
Mon Suites San Nicolas,4117225,Apartamentos,Valencia,1,1,€ 147,2019/08/09,2019/08/10,0,"9,2",7
Palacio de Rojas,1073276,Apartamentos,Valencia,1,1,€ 153,2019/08/09,2019/08/10,0,"9,4",7
Loft Superior el Carmen,2784473,Apartamento,Valencia,1,1,NA,2019/08/09,2019/08/10,0,"9,5",7
NH Collection Colón Valencia,3828811,NA,Valencia,1,1,€ 154,2019/08/09,2019/08/10,4,"9,2",7
MYR Hotel Plaza Mercado & Spa,1619029,Apartahotel,Valencia,1,1,€ 154,2019/08/09,2019/08/10,0,"9,2",7
Valenciaflats Ciudad de las Ciencias,93676,Apartamentos,Valencia,1,1,€ 160,2019/08/09,2019/08/10,0,"9,1",7
Hi Valencia Cánovas,4312120,Apartamentos,Valencia,1,1,€ 161,2019/08/09,2019/08/10,0,"9,1",7
Hogar Vera Apartments&Bikes,1807919,Apartamentos,Valencia,1,1,€ 174,2019/08/09,2019/08/10,0,"9,4",7
Citizentral Juristas,1113127,Apartamentos,Valencia,1,1,€ 182,2019/08/09,2019/08/10,0,"9,2",7
Canovas rooms,5296619,NA,Valencia,1,1,NA,2019/08/09,2019/08/10,0,"9,6",7
Vincci Mercat,1279484,NA,Valencia,1,1,€ 190,2019/08/09,2019/08/10,4,9,7
One Shot Mercat 09,2274203,NA,Valencia,1,1,€ 199,2019/08/09,2019/08/10,4,"9,2",7
MARQUÉS HOUSE 4* SUP,2118880,NA,Valencia,1,1,€ 209,2019/08/09,2019/08/10,4,"9,4",7
Caro Hotel,348132,NA,Valencia,1,1,€ 285,2019/08/09,2019/08/10,5,"9,2",7
Zerka Sendra,4657122,Apartamento,Valencia,1,1,€ 329,2019/08/09,2019/08/10,0,9,7
Modern and comfortable room,4445289,NA,Valencia,1,1,€ 37,2019/08/09,2019/08/10,0,"8,7",7
The River Hostel,494202,NA,Valencia,1,1,€ 27,2019/08/09,2019/08/10,0,"8,5",7
Homestay Carrer Sagun,5006434,NA,Valencia,1,1,€ 65,2019/08/09,2019/08/10,0,"8,7",7
Russafa Youth Hostel,345134,NA,Valencia,1,1,€ 68,2019/08/09,2019/08/10,0,"8,6",7
Sabía que venias!,3543756,NA,Valencia,1,1,€ 70,2019/08/09,2019/08/10,0,"8,5",7
Melia Valencia,290493,NA,Valencia,1,1,€ 77,2019/08/09,2019/08/10,4,"8,8",7
Buho House,3777691,Apartahotel,Valencia,1,1,€ 84,2019/08/09,2019/08/10,0,"8,5",7
Luz de Valencia,2076095,Apartamentos,Valencia,1,1,€ 84,2019/08/09,2019/08/10,0,"8,8",7
B&B Almirante,369695,NA,Valencia,1,1,€ 86,2019/08/09,2019/08/10,1,"8,8",7
Hotel El Siglo,1741479,NA,Valencia,1,1,€ 87,2019/08/09,2019/08/10,3,"8,5",7
AC Hotel Valencia- a Marriott Lifestyle Hotel,91063,NA,Valencia,1,1,€ 89,2019/08/09,2019/08/10,4,"8,6",7
ABCyou Bed&Breakfast,189207,NA,Valencia,1,1,€ 89,2019/08/09,2019/08/10,0,"8,5",7
Hulot B&B Valencia,585429,NA,Valencia,1,1,€ 90,2019/08/09,2019/08/10,0,"8,5",7
