name,propertyId,propertyType,city,rooms,days,price,checkIn,checkOut,stars,score,advance
Port of Valencia,3805735,NA,Valencia,1,1,€ 150,2019/08/31,2019/09/01,0,"4,7",14
Apartamento Islas Canarias,2304086,NA,Valencia,1,1,€ 242,2019/08/31,2019/09/01,0,4,14
El Corazon de Canovas,2634817,NA,Valencia,1,1,NA,2019/08/31,2019/09/01,0,"9,7",14
Amplia habitación en piso compartido,5433175,NA,Valencia,1,1,€ 50,2019/08/31,2019/09/01,0,,14
Florista's Rooms en Valencia,5502152,NA,Valencia,1,1,€ 50,2019/08/31,2019/09/01,0,,14
vosotros sereis parte de mi familia.,5299568,NA,Valencia,1,1,€ 55,2019/08/31,2019/09/01,0,,14
Patraix,5366858,NA,Valencia,1,1,€ 65,2019/08/31,2019/09/01,0,,14
Comfort Homestay,5423155,NA,Valencia,1,1,€ 69,2019/08/31,2019/09/01,0,,14
Habitación en Valencia,5477394,NA,Valencia,1,1,€ 72,2019/08/31,2019/09/01,0,,14
Musico Art Flat,2925957,NA,Valencia,1,1,NA,2019/08/31,2019/09/01,0,"9,6",14
Acogedor apartamento en zona universitaria y playa,5414090,NA,Valencia,1,1,€ 89,2019/08/31,2019/09/01,0,,14
Miresa flats 2.1A,5399747,NA,Valencia,1,1,€ 90,2019/08/31,2019/09/01,0,,14
Loft Turia Gran,5133726,NA,Valencia,1,1,€ 105,2019/08/31,2019/09/01,0,,14
Valencia Apartamentos DEL MAR,5421626,NA,Valencia,1,1,€ 134,2019/08/31,2019/09/01,0,,14
ELEGANT APARTMENT CLOSE TO CENTER VT-45925-V,5364412,NA,Valencia,1,1,€ 135,2019/08/31,2019/09/01,0,,14
Betero Beach & City,5398960,NA,Valencia,1,1,€ 135,2019/08/31,2019/09/01,0,,14
So de Mar,2204496,NA,Valencia,1,1,NA,2019/08/31,2019/09/01,0,"9,6",14
CASA MARQUES DE CARO,4472176,NA,Valencia,1,1,€ 139,2019/08/31,2019/09/01,0,,14
Habana Apartment,2410439,NA,Valencia,1,1,€ 145,2019/08/31,2019/09/01,0,,14
Planta baja en playa Malvarrosa/ la Patacona- wifi gratis,3360072,NA,Valencia,1,1,€ 151,2019/08/31,2019/09/01,0,,14
Kirei Apartment Dublin,4639542,NA,Valencia,1,1,€ 169,2019/08/31,2019/09/01,0,,14
Luxury Apartament in Valencia Science City,4936574,NA,Valencia,1,1,€ 220,2019/08/31,2019/09/01,0,,14
MD Arquitecto Gascó,5385054,NA,Valencia,1,1,€ 231,2019/08/31,2019/09/01,0,,14
Apartments Torres de Serranos Valencia,1099602,NA,Valencia,1,1,NA,2019/08/31,2019/09/01,0,"9,6",14
MD Rafael Janini II,5386557,NA,Valencia,1,1,€ 231,2019/08/31,2019/09/01,0,,14
MD Manuela Estellés,5386542,NA,Valencia,1,1,€ 231,2019/08/31,2019/09/01,0,,14
Apartamento con terraza,5238122,NA,Valencia,1,1,€ 240,2019/08/31,2019/09/01,0,,14
Apartment Carrer de Don Juan de Austria,5464038,NA,Valencia,1,1,€ 389,2019/08/31,2019/09/01,0,,14
Hogar Dulce Hogar,5426607,NA,Valencia,1,1,€ 429,2019/08/31,2019/09/01,0,,14
Governor Residence,3799760,NA,Valencia,1,1,€ 600,2019/08/31,2019/09/01,0,,14
Apartment Plaza Cisneros,1273377,NA,Valencia,1,1,NA,2019/08/31,2019/09/01,0,"9,8",14
Gulet Why Not,5199364,NA,Valencia,1,1,€ 3.600,2019/08/31,2019/09/01,0,,14
Hotel Boutique Balandret,1281710,NA,Valencia,1,1,€ 437,2019/08/31,2019/09/01,3,"9,2",14
Old Fisherman's House in Malvarrosa Beach,3618172,Apartamento,Valencia,1,1,€ 816,2019/08/31,2019/09/01,0,"9,4",14
Opera House Valencia B&B,3533887,NA,Valencia,1,1,NA,2019/08/31,2019/09/01,0,"9,5",14
Russafa Youth Hostel,345134,NA,Valencia,1,1,€ 58,2019/08/31,2019/09/01,0,"8,6",14
Homestay Carrer Sagun,5006434,NA,Valencia,1,1,€ 65,2019/08/31,2019/09/01,0,"8,7",14
Sabía que venias!,3543756,NA,Valencia,1,1,€ 70,2019/08/31,2019/09/01,0,"8,6",14
Namaste Rooms,3799642,NA,Valencia,1,1,€ 70,2019/08/31,2019/09/01,0,"8,7",14
Zalamera BnB,1331238,NA,Valencia,1,1,€ 73,2019/08/31,2019/09/01,0,"8,7",14
Carrer de l'Escriptor Rafael Ferreres,4267645,Apartamento,Valencia,1,1,€ 75,2019/08/31,2019/09/01,0,"8,7",14
Ambrosio Flats Valencia - El Mercat,3131649,Apartamento,Valencia,1,1,NA,2019/08/31,2019/09/01,0,"9,5",14
Moon Valencia,3560698,Apartamentos,Valencia,1,1,€ 75,2019/08/31,2019/09/01,0,"8,9",14
Habitación doble,3599930,NA,Valencia,1,1,€ 77,2019/08/31,2019/09/01,0,"8,9",14
Casual del Cine Valencia,572187,NA,Valencia,1,1,€ 81,2019/08/31,2019/09/01,2,"8,6",14
Apartamentos Plaza Picasso,97063,Apartamentos,Valencia,1,1,€ 81,2019/08/31,2019/09/01,0,"8,5",14
AC Hotel Valencia- a Marriott Lifestyle Hotel,91063,NA,Valencia,1,1,€ 84,2019/08/31,2019/09/01,4,"8,6",14
Sercotel Sorolla Palace,93646,NA,Valencia,1,1,€ 89,2019/08/31,2019/09/01,4,"8,6",14
PORT VALENCIA PLAYA,5259971,Apartamento,Valencia,1,1,NA,2019/08/31,2019/09/01,0,"9,8",14
Hotel Sercotel Acteón Valencia,90495,NA,Valencia,1,1,€ 89,2019/08/31,2019/09/01,4,"8,5",14
Pio XII Apartments Valencia,402080,Apartamentos,Valencia,1,1,€ 90,2019/08/31,2019/09/01,0,"8,5",14
Casa del Patriarca,364834,NA,Valencia,1,1,€ 90,2019/08/31,2019/09/01,0,"8,9",14
Citizentral Gascons,332095,Apartamentos,Valencia,1,1,€ 93,2019/08/31,2019/09/01,0,"8,7",14
Hotel Malcom and Barret,483261,NA,Valencia,1,1,€ 95,2019/08/31,2019/09/01,3,"8,7",14
Melia Valencia,290493,NA,Valencia,1,1,€ 95,2019/08/31,2019/09/01,4,"8,8",14
Valencia what else...,2550483,Apartamento,Valencia,1,1,NA,2019/08/31,2019/09/01,0,"9,5",14
Welcomer Apartments Valencia,19363,Apartamentos,Valencia,1,1,€ 95,2019/08/31,2019/09/01,0,"8,7",14
Hulot B&B Valencia,585429,NA,Valencia,1,1,€ 95,2019/08/31,2019/09/01,0,"8,5",14
Hotel Valencia Oceanic Managed by Melia Hotels International,91522,NA,Valencia,1,1,€ 96,2019/08/31,2019/09/01,4,"8,6",14
Casual Vintage Valencia,1710241,NA,Valencia,1,1,€ 99,2019/08/31,2019/09/01,2,"8,5",14
Hotel Kramer,91106,NA,Valencia,1,1,€ 99,2019/08/31,2019/09/01,3,"8,8",14
Rooms Ciencias,94126,NA,Valencia,1,1,€ 99,2019/08/31,2019/09/01,0,"8,9",14
La seda stay,3335523,Apartamento,Valencia,1,1,NA,2019/08/31,2019/09/01,0,"9,7",14
Ad Hoc Monumental,90719,NA,Valencia,1,1,€ 101,2019/08/31,2019/09/01,3,"8,6",14
Ilunion Aqua 4,92777,NA,Valencia,1,1,€ 101,2019/08/31,2019/09/01,4,"8,5",14
El Palacete Gran Via,3483148,NA,Valencia,1,1,€ 105,2019/08/31,2019/09/01,0,"8,7",14
B&B Hi Valencia Boutique,1301725,NA,Valencia,1,1,€ 106,2019/08/31,2019/09/01,0,"8,7",14
Barceló Valencia,91988,NA,Valencia,1,1,€ 108,2019/08/31,2019/09/01,4,"8,7",14
Jardín Botánico Hotel Boutique,93369,NA,Valencia,1,1,€ 108,2019/08/31,2019/09/01,3,"8,9",14
Barracart Apartments,2125836,Apartamentos,Valencia,1,1,NA,2019/08/31,2019/09/01,0,"9,6",14
Melia Plaza Valencia,13270,NA,Valencia,1,1,€ 110,2019/08/31,2019/09/01,4,"8,9",14
Valencian Apartment,2298621,Apartamento,Valencia,1,1,€ 110,2019/08/31,2019/09/01,0,"8,8",14
Les flors,3985046,Apartamento,Valencia,1,1,€ 110,2019/08/31,2019/09/01,0,"8,7",14
Zenit Valencia,92327,NA,Valencia,1,1,€ 112,2019/08/31,2019/09/01,4,"8,8",14
AC Hotel Colon Valencia- a Marriott Lifestyle Hotel,1117150,NA,Valencia,1,1,€ 112,2019/08/31,2019/09/01,4,"8,7",14
Hotel Dimar,90886,NA,Valencia,1,1,€ 113,2019/08/31,2019/09/01,4,"8,7",14
Home Youth Hostel by Feetup Hostels,189322,NA,Valencia,1,1,€ 113,2019/08/31,2019/09/01,0,"8,8",14
València Centre Túria,2185255,Apartamento,Valencia,1,1,€ 113,2019/08/31,2019/09/01,0,"8,8",14
Apartments Madrina,3278589,Apartamentos,Valencia,1,1,€ 115,2019/08/31,2019/09/01,0,"8,9",14
Petit Palace Ruzafa,90792,NA,Valencia,1,1,€ 116,2019/08/31,2019/09/01,3,"8,7",14
Valenciaflats Mercado Central,307677,Apartamentos,Valencia,1,1,€ 120,2019/08/31,2019/09/01,0,"8,9",14
Hotel Mediterraneo Valencia,92412,NA,Valencia,1,1,€ 120,2019/08/31,2019/09/01,3,"8,8",14
Valenciaflats Centro Histórico,94781,Apartamentos,Valencia,1,1,€ 124,2019/08/31,2019/09/01,0,"8,7",14
One Shot Colón 46,1394168,NA,Valencia,1,1,€ 125,2019/08/31,2019/09/01,3,"8,7",14
Hotel El Siglo,1741479,NA,Valencia,1,1,€ 127,2019/08/31,2019/09/01,3,"8,5",14
One Shot Palacio Reina Victoria 04,90885,NA,Valencia,1,1,€ 129,2019/08/31,2019/09/01,4,"8,6",14
Soho Valencia,1538641,Apartahotel,Valencia,1,1,€ 129,2019/08/31,2019/09/01,0,"8,9",14
Lotelito,570027,NA,Valencia,1,1,€ 129,2019/08/31,2019/09/01,0,"8,9",14
Ramirez Flats & Bar,4124528,Apartahotel,Valencia,1,1,€ 131,2019/08/31,2019/09/01,0,"9,5",14
Disfruta - Enjoy Valencia Ayuntamiento,4901194,Apartamento,Valencia,1,1,€ 175,2019/08/31,2019/09/01,0,"9,8",14
MerKat-Abastos,1231196,Apartamento,Valencia,1,1,NA,2019/08/31,2019/09/01,0,"9,7",14
Disfruta - Enjoy Valencia Ruzafa,3890328,Apartamento,Valencia,1,1,€ 255,2019/08/31,2019/09/01,0,"9,7",14
Disfruta - Enjoy Valencia Centre,3881970,Apartamento,Valencia,1,1,€ 259,2019/08/31,2019/09/01,0,"9,8",14
Art&Flats Bed&Breakfast,5238345,NA,Valencia,1,1,€ 50,2019/08/31,2019/09/01,0,"9,2",14
Habitación privada a 1500 metros de la playa,3789910,NA,Valencia,1,1,€ 60,2019/08/31,2019/09/01,0,"9,3",14
Hostal Venecia,92883,NA,Valencia,1,1,€ 79,2019/08/31,2019/09/01,2,"9,1",14
YOU & CO. Saler Beach Boutique,4533007,NA,Valencia,1,1,€ 80,2019/08/31,2019/09/01,3,"9,2",14
BONNIES Suites & Spa Valencia,3631910,Apartamentos,Valencia,1,1,NA,2019/08/31,2019/09/01,0,"9,8",14
Casual Socarrat Valencia,5142800,NA,Valencia,1,1,€ 90,2019/08/31,2019/09/01,3,"9,4",14
Blanq Comedias,4922002,NA,Valencia,1,1,€ 90,2019/08/31,2019/09/01,0,"9,2",14
Citizentral Juristas,1113127,Apartamentos,Valencia,1,1,€ 100,2019/08/31,2019/09/01,0,"9,2",14
Atico de Lujo,2142556,Apartamento,Valencia,1,1,€ 110,2019/08/31,2019/09/01,0,"9,2",14
Valenciaflats Centro Ciudad,18544,Apartamentos,Valencia,1,1,€ 115,2019/08/31,2019/09/01,0,"9,1",14
MD Design Hotel - Portal del Real,2391685,NA,Valencia,1,1,€ 117,2019/08/31,2019/09/01,2,"9,1",14
Apartment Cisneros 2,2361375,Apartamento,Valencia,1,1,NA,2019/08/31,2019/09/01,0,"9,7",14
Valencia-Ruzafa Studio,3235983,Apartamento,Valencia,1,1,€ 120,2019/08/31,2019/09/01,0,"9,1",14
Apartamento Ruzafa Centro I,2006333,Apartamento,Valencia,1,1,€ 127,2019/08/31,2019/09/01,0,"9,2",14
Mon Suites Catedral,485679,Apartamentos,Valencia,1,1,€ 133,2019/08/31,2019/09/01,0,"9,2",14
Mon Suites San Nicolas,4117225,Apartamentos,Valencia,1,1,€ 133,2019/08/31,2019/09/01,0,"9,2",14
L'Arbre,3972359,Apartamento,Valencia,1,1,€ 139,2019/08/31,2019/09/01,0,"9,2",14
Olvida tu Reloj Montichelvo Apartment,3258095,Apartamento,Valencia,1,1,€ 141,2019/08/31,2019/09/01,0,"9,4",14
Central Park Apartment Valencia,3881533,Apartamento,Valencia,1,1,NA,2019/08/31,2019/09/01,0,"9,6",14
Sorolla Centro,90896,NA,Valencia,1,1,€ 143,2019/08/31,2019/09/01,3,"9,1",14
Apartamentos Wallace,1698355,Apartamentos,Valencia,1,1,€ 143,2019/08/31,2019/09/01,0,"9,2",14
MYR Hotel Plaza Mercado & Spa,1619029,Apartahotel,Valencia,1,1,€ 144,2019/08/31,2019/09/01,0,"9,2",14
Cozy apartment in Valencia center,3402135,Apartamentos,Valencia,1,1,€ 148,2019/08/31,2019/09/01,0,"9,2",14
Apartamentos La más Bonita,2816245,Apartamentos,Valencia,1,1,€ 149,2019/08/31,2019/09/01,0,"9,1",14
BUBUSUITES by Bubuflats,2389776,NA,Valencia,1,1,€ 150,2019/08/31,2019/09/01,0,"9,3",14
Atico Loft Ruzafa,3152977,Apartamento,Valencia,1,1,NA,2019/08/31,2019/09/01,0,"9,7",14
NH Collection Colón Valencia,3828811,NA,Valencia,1,1,€ 151,2019/08/31,2019/09/01,4,"9,2",14
Valenciaflats Ciudad de las Ciencias,93676,Apartamentos,Valencia,1,1,€ 156,2019/08/31,2019/09/01,0,"9,1",14
Dolz Garden Ruzafa,1123993,Apartamentos,Valencia,1,1,€ 160,2019/08/31,2019/09/01,0,"9,2",14
Hogar Vera Apartments&Bikes,1807919,Apartamentos,Valencia,1,1,€ 161,2019/08/31,2019/09/01,0,"9,4",14
Mediterranean Flats Plaza Redonda,4086496,Apartamentos,Valencia,1,1,€ 164,2019/08/31,2019/09/01,0,"9,2",14
Precioso Apartamento En Pleno Centro Con Wifi,3023494,Apartamento,Valencia,1,1,€ 165,2019/08/31,2019/09/01,0,9,14
Opera House Valencia B&B,3533887,NA,Valencia,1,1,NA,2019/08/31,2019/09/01,0,"9,5",14
Flats Hondures,2194645,Apartamentos,Valencia,1,1,€ 166,2019/08/31,2019/09/01,0,9,14
APARTAMENTO CENTRICO. WI-FI. PARKING,2967593,Apartamento,Valencia,1,1,€ 170,2019/08/31,2019/09/01,0,"9,2",14
OCEANOGRAFIC DELUXE- PARKING- WI-FI,4095746,Apartamento,Valencia,1,1,€ 180,2019/08/31,2019/09/01,0,"9,2",14
Hi Valencia Cánovas,4312120,Apartamentos,Valencia,1,1,€ 181,2019/08/31,2019/09/01,0,9,14
MARQUÉS HOUSE 4* SUP,2118880,NA,Valencia,1,1,€ 184,2019/08/31,2019/09/01,4,"9,4",14
Center City Flats,861452,Apartamentos,Valencia,1,1,€ 188,2019/08/31,2019/09/01,0,"9,1",14
Jardines del Turia - Espacioso apartamento,2734126,Apartamento,Valencia,1,1,€ 193,2019/08/31,2019/09/01,0,"9,1",14
ARENAS 2 APARTAMENT,2808815,Apartamento,Valencia,1,1,€ 200,2019/08/31,2019/09/01,0,"9,2",14
Duplex en Blasco Ibáñez,3672426,Apartamento,Valencia,1,1,€ 200,2019/08/31,2019/09/01,0,"9,1",14
Edificio Pentagono,4673669,Apartamento,Valencia,1,1,€ 210,2019/08/31,2019/09/01,0,"9,2",14
Hi Valencia Apartments - Jorge Juan,2373701,Apartamento,Valencia,1,1,€ 229,2019/08/31,2019/09/01,0,"9,4",14
Vincci Mercat,1279484,NA,Valencia,1,1,€ 231,2019/08/31,2019/09/01,4,9,14
Vivaldi Penthouse Ayuntamiento,1289561,Apartamento,Valencia,1,1,€ 284,2019/08/31,2019/09/01,0,"9,2",14
Caro Hotel,348132,NA,Valencia,1,1,€ 295,2019/08/31,2019/09/01,5,"9,2",14
Mon Suites San Martin,2777545,Apartamentos,Valencia,1,1,€ 304,2019/08/31,2019/09/01,0,"9,4",14
HQ Rooms Apartments San Vicente,2894429,Apartamentos,Valencia,1,1,€ 306,2019/08/31,2019/09/01,0,"9,3",14
Zerka Sendra,4657122,Apartamento,Valencia,1,1,€ 329,2019/08/31,2019/09/01,0,9,14
MD Julio Antonio Apartment Center,3961049,Apartamento,Valencia,1,1,€ 385,2019/08/31,2019/09/01,0,"9,2",14
Kirei Apartment San Vicente,1774062,Apartamento,Valencia,1,1,€ 156,2019/08/31,2019/09/01,0,"7,5",14
Valencia Luxury Attics Ayuntamiento,337092,Apartamentos,Valencia,1,1,€ 160,2019/08/31,2019/09/01,0,"7,5",14
JL Ciudad de las Artes,3074378,Apartamento,Valencia,1,1,NA,2019/08/31,2019/09/01,0,"9,6",14
Kirei Apartment Vienna,4639797,Apartamento,Valencia,1,1,€ 161,2019/08/31,2019/09/01,0,"7,9",14
Casual de la Música Valencia,273130,NA,Valencia,1,1,€ 162,2019/08/31,2019/09/01,2,"7,5",14
El 16 Ruzafa,865461,Apartamentos,Valencia,1,1,€ 179,2019/08/31,2019/09/01,0,"7,7",14
MD Art Apartment Ruzafa,2550955,Apartamento,Valencia,1,1,€ 305,2019/08/31,2019/09/01,0,"7,7",14
MD Abastos Center,2551194,Apartamento,Valencia,1,1,€ 449,2019/08/31,2019/09/01,0,"7,7",14
MD Oliag I Apartment Ruzafa,2867488,Apartamento,Valencia,1,1,€ 455,2019/08/31,2019/09/01,0,"7,7",14
Espai Loft Santa Mónica,4574135,Apartamento,Valencia,1,1,NA,2019/08/31,2019/09/01,0,"9,8",14
feliz como en casa,3676196,NA,Valencia,1,1,€ 36,2019/08/31,2019/09/01,0,"7,2",14
Hostal Residencial RR,450746,NA,Valencia,1,1,€ 50,2019/08/31,2019/09/01,0,7,14
HOSPEDAJE PESET,4718074,NA,Valencia,1,1,€ 60,2019/08/31,2019/09/01,0,"7,3",14
Centro Valencia Calle Cerrajeros,3476261,NA,Valencia,1,1,€ 75,2019/08/31,2019/09/01,0,"7,1",14
Homestay & OLEE,4132920,NA,Valencia,1,1,€ 80,2019/08/31,2019/09/01,0,"7,3",14
Avenida del Cid (Centrico),4737683,Apartamento,Valencia,1,1,€ 85,2019/08/31,2019/09/01,0,"7,1",14
City Center Atico 360,3025679,Apartamento,Valencia,1,1,NA,2019/08/31,2019/09/01,0,"9,6",14
Central Station Valencia Hostel,1647017,NA,Valencia,1,1,€ 99,2019/08/31,2019/09/01,0,"7,1",14
Cosy Rooms Embajador,369728,NA,Valencia,1,1,€ 99,2019/08/31,2019/09/01,2,"7,4",14
Apartment Horticultor Bosch,1148669,Apartamentos,Valencia,1,1,€ 100,2019/08/31,2019/09/01,0,"7,3",14
Cosy Rooms Bolsería,371606,NA,Valencia,1,1,€ 117,2019/08/31,2019/09/01,2,"7,4",14
B&B El Mercat,2203530,NA,Valencia,1,1,€ 120,2019/08/31,2019/09/01,0,"7,3",14
HOSTAL BED OF THE SEA,3974636,NA,Valencia,1,1,€ 140,2019/08/31,2019/09/01,0,"7,1",14
Apartamento luminoso y acogedor,3489126,Apartamento,Valencia,1,1,NA,2019/08/31,2019/09/01,0,"9,5",14
NWT Monserrat,3728842,Apartamentos,Valencia,1,1,€ 144,2019/08/31,2019/09/01,0,"7,1",14
Verano en la Playa Patacona,4913195,Apartamento,Valencia,1,1,€ 150,2019/08/31,2019/09/01,0,"7,4",14
Premium Apartments,486507,Apartamentos,Valencia,1,1,€ 159,2019/08/31,2019/09/01,0,7,14
Valencia Boutique Ayuntamiento,343355,Apartamentos,Valencia,1,1,€ 160,2019/08/31,2019/09/01,0,"7,2",14
Old Town Flats Casa Burguerini,4552106,Apartamentos,Valencia,1,1,€ 161,2019/08/31,2019/09/01,0,7,14
Valencia Luxury Catedral,440778,Apartamentos,Valencia,1,1,€ 200,2019/08/31,2019/09/01,0,"7,1",14
Apartment Sofi,2830696,Apartamento,Valencia,1,1,NA,2019/08/31,2019/09/01,0,"9,8",14
Kirei Apartment En Llop,1765516,Apartamentos,Valencia,1,1,€ 230,2019/08/31,2019/09/01,0,"7,2",14
Loyola Room Habitación en Piso Compartido,3298489,NA,Valencia,1,1,€ 32,2019/08/31,2019/09/01,0,"6,7",14
PISO ACOGEDOR,4995780,NA,Valencia,1,1,€ 50,2019/08/31,2019/09/01,0,"6,9",14
Apartment Valencia Denia,1968489,Apartamentos,Valencia,1,1,€ 99,2019/08/31,2019/09/01,0,"6,8",14
Valencia Boutique Mercado Central,440757,Apartamentos,Valencia,1,1,€ 175,2019/08/31,2019/09/01,0,"6,7",14
Valencia Boutique Center,387770,Apartamentos,Valencia,1,1,€ 205,2019/08/31,2019/09/01,0,"6,9",14
Apartamento centro frente a Torres de Serrano,3408067,Apartamento,Valencia,1,1,NA,2019/08/31,2019/09/01,0,"9,5",14
Malvarrosa Beach,3546692,Casas y chalets,Valencia,1,1,€ 1.260,2019/08/31,2019/09/01,0,"6,8",14
Habitación con cama doble,4794909,NA,Valencia,1,1,€ 41,2019/08/31,2019/09/01,0,"6,3",14
Fun and Sun Center 2,2944416,NA,Valencia,1,1,€ 45,2019/08/31,2019/09/01,0,"6,1",14
Casita Esmeralda,2040126,Casa o chalet,Valencia,1,1,€ 154,2019/08/31,2019/09/01,0,"6,3",14
Home Sweet Home,1223953,NA,Valencia,1,1,€ 50,2019/08/31,2019/09/01,0,"5,6",14
Carrer del Bisbe Jaume Pérez,4900140,NA,Valencia,1,1,€ 60,2019/08/31,2019/09/01,0,"5,7",14
Oliver,4865093,NA,Valencia,1,1,€ 73,2019/08/31,2019/09/01,0,"5,8",14
RoomTuristValencia - Ruzafa,4608394,NA,Valencia,1,1,€ 110,2019/08/31,2019/09/01,0,"5,6",14
Ruzafa Guesthouse,2269176,NA,Valencia,1,1,€ 125,2019/08/31,2019/09/01,0,"5,6",14
Kirei Apartment Berlin,4504570,Apartamentos,Valencia,1,1,€ 156,2019/08/31,2019/09/01,0,"5,5",14
RoomTuristValencia Estacion del Norte,4682632,NA,Valencia,1,1,€ 110,2019/08/31,2019/09/01,0,"5,3",14
Guest House Duc de Gaeta,2275007,NA,Valencia,1,1,€ 125,2019/08/31,2019/09/01,0,5,14
Guest House Torres de Quart,2275006,NA,Valencia,1,1,€ 128,2019/08/31,2019/09/01,0,"5,4",14
Guest House Ruzafa,2324552,NA,Valencia,1,1,€ 145,2019/08/31,2019/09/01,0,"5,3",14
Kirei Apartment Atlanta,4304662,Apartamento,Valencia,1,1,€ 186,2019/08/31,2019/09/01,0,"5,3",14
RoomTuristValencia Torres de Quart,4565643,NA,Valencia,1,1,€ 115,2019/08/31,2019/09/01,0,"4,8",14
RoomTuristValencia RuzafaSumsi,4682802,NA,Valencia,1,1,€ 120,2019/08/31,2019/09/01,0,"4,8",14
Guesthouse Plaza de Toros,2985902,NA,Valencia,1,1,€ 125,2019/08/31,2019/09/01,0,"4,9",14
Casual de las Artes Valencia,538056,NA,Valencia,1,1,€ 104,2019/08/31,2019/09/01,3,"8,4",14
Hotel Medium Valencia,96838,NA,Valencia,1,1,€ 108,2019/08/31,2019/09/01,4,"8,2",14
Luxury Beach House,3602594,Casa o chalet,Valencia,1,1,NA,2019/08/31,2019/09/01,0,"9,7",14
Silken Puerta Valencia,91182,NA,Valencia,1,1,€ 110,2019/08/31,2019/09/01,4,"8,3",14
Apartamento Privado Próximo a Playa y Ciencias,3783163,Apartamento,Valencia,1,1,€ 110,2019/08/31,2019/09/01,0,"8,1",14
Valenciaflats Torres de Serrano,17468,Apartamentos,Valencia,1,1,€ 110,2019/08/31,2019/09/01,0,"8,3",14
Eurostars Gran Valencia,90484,NA,Valencia,1,1,€ 112,2019/08/31,2019/09/01,4,"8,3",14
Atico Ciutat Vella,3446230,Apartamentos,Valencia,1,1,€ 115,2019/08/31,2019/09/01,0,"8,4",14
Apartamento Plaza Sainetero,2743838,Apartamento,Valencia,1,1,€ 116,2019/08/31,2019/09/01,0,"8,2",14
Apartamento Bolseria 28,881275,Apartamentos,Valencia,1,1,NA,2019/08/31,2019/09/01,0,"9,5",14
Plaza Del Carmen,1737254,Apartamento,Valencia,1,1,€ 120,2019/08/31,2019/09/01,0,8,14
Sol Playa,12656,NA,Valencia,1,1,€ 121,2019/08/31,2019/09/01,2,"8,3",14
Hotel Conqueridor,91047,NA,Valencia,1,1,€ 126,2019/08/31,2019/09/01,4,"8,4",14
United Colors of Apartments - Catedral,1301545,Apartamentos,Valencia,1,1,€ 132,2019/08/31,2019/09/01,0,"8,2",14
SH Ingles Boutique Hotel,92956,NA,Valencia,1,1,€ 135,2019/08/31,2019/09/01,4,"8,4",14
Holiday Inn Express Ciudad de las Ciencias,96737,NA,Valencia,1,1,€ 140,2019/08/31,2019/09/01,3,8,14
Apartments Downtown Valencia,2250421,Apartamentos,Valencia,1,1,NA,2019/08/31,2019/09/01,0,"9,6",14
Atico Duplex en el Carmen,2954876,Apartamento,Valencia,1,1,€ 145,2019/08/31,2019/09/01,0,"8,4",14
Malvarrosa Beach,3785703,Apartamento,Valencia,1,1,€ 150,2019/08/31,2019/09/01,0,8,14
SingularStays Mercado Central,1119829,Apartamentos,Valencia,1,1,€ 159,2019/08/31,2019/09/01,0,"8,4",14
Lovely Apartment!,3377663,Apartamentos,Valencia,1,1,€ 170,2019/08/31,2019/09/01,0,"8,4",14
NWT Central Station Apartments,3964093,Apartamento,Valencia,1,1,€ 209,2019/08/31,2019/09/01,0,"8,3",14
Musico Peydro Apartments,3765069,Apartamentos,Valencia,1,1,€ 215,2019/08/31,2019/09/01,0,"8,1",14
Apartment Cabanyal,3172456,Apartamento,Valencia,1,1,NA,2019/08/31,2019/09/01,0,"9,8",14
Vlc Apartaments el Carmen,389902,Apartamentos,Valencia,1,1,€ 220,2019/08/31,2019/09/01,0,"8,1",14
Zerka Centro,4425975,Apartamentos,Valencia,1,1,€ 229,2019/08/31,2019/09/01,0,"8,4",14
MD Benlliure Beach.,1957258,Apartamento,Valencia,1,1,€ 392,2019/08/31,2019/09/01,0,8,14
Habitación Céntrica en Casa de Familia,4289877,NA,Valencia,1,1,€ 35,2019/08/31,2019/09/01,0,"7,8",14
UP Hostel Valencia,1710137,NA,Valencia,1,1,€ 45,2019/08/31,2019/09/01,0,"7,8",14
Habitación San Cayetano,4624401,NA,Valencia,1,1,€ 50,2019/08/31,2019/09/01,0,"7,6",14
City Valencia Beach 360,4504803,Apartamento,Valencia,1,1,NA,2019/08/31,2019/09/01,0,"9,5",14
BUBUFLATS / Mercat,783206,Apartamentos,Valencia,1,1,€ 130,2019/08/31,2019/09/01,0,"8,9",14
Blanq Carmen Hotel,97069,NA,Valencia,1,1,€ 130,2019/08/31,2019/09/01,3,"8,7",14
Voyagers Inn Homestay,2682156,NA,Valencia,1,1,€ 51,2019/08/31,2019/09/01,0,"7,8",14
Hotel Beleret,94652,NA,Valencia,1,1,€ 54,2019/08/31,2019/09/01,3,"7,6",14
La Casa Verde - Ruzafa,2029143,Apartamento,Valencia,1,1,NA,2019/08/31,2019/09/01,0,"9,7",14
Vincci Palace,94163,NA,Valencia,1,1,€ 130,2019/08/31,2019/09/01,4,"8,6",14
Apartamentos Valencia - Brazil 31 Free WiFi,4948554,Apartamento,Valencia,1,1,€ 132,2019/08/31,2019/09/01,0,"8,8",14
València Centre Torres de Quart,886289,Apartamentos,Valencia,1,1,€ 137,2019/08/31,2019/09/01,0,"8,9",14
Catalonia Excelsior,90578,NA,Valencia,1,1,€ 140,2019/08/31,2019/09/01,3,"8,7",14
Atico con vistas - Alfahuir,2860729,Apartamento,Valencia,1,1,€ 143,2019/08/31,2019/09/01,0,"8,5",14
ValentiaApartments - MercadoCentral,4185241,Apartamentos,Valencia,1,1,€ 148,2019/08/31,2019/09/01,0,"8,7",14
Colón Market Downtown,4607745,Apartamento,Valencia,1,1,NA,2019/08/31,2019/09/01,0,"9,7",14
Biopark View Apartment,2381901,Apartamento,Valencia,1,1,€ 151,2019/08/31,2019/09/01,0,"8,9",14
Pensión Universal,304276,NA,Valencia,1,1,€ 62,2019/08/31,2019/09/01,0,"7,9",14
Hospederia del Pilar,327766,NA,Valencia,1,1,€ 63,2019/08/31,2019/09/01,0,"7,9",14
Valencia City Host,1177077,NA,Valencia,1,1,€ 63,2019/08/31,2019/09/01,0,"7,8",14
Hostal Moratin,326015,NA,Valencia,1,1,€ 68,2019/08/31,2019/09/01,1,"7,9",14
JL Ciudad de las Artes,3074378,Apartamento,Valencia,1,1,NA,2019/08/31,2019/09/01,0,"9,6",14
Habitacion por dias Centro Valencia,3977106,NA,Valencia,1,1,€ 72,2019/08/31,2019/09/01,0,"7,9",14
Apartment Sun & Light near the beach,4479540,Apartamento,Valencia,1,1,€ 156,2019/08/31,2019/09/01,0,"8,5",14
Hotel Neptuno,91206,NA,Valencia,1,1,€ 162,2019/08/31,2019/09/01,4,"8,5",14
Vincci Lys,91183,NA,Valencia,1,1,€ 165,2019/08/31,2019/09/01,4,"8,9",14
Boutique Creative Rooms,2334726,NA,Valencia,1,1,€ 170,2019/08/31,2019/09/01,0,"8,7",14
The Westin Valencia,93321,NA,Valencia,1,1,€ 178,2019/08/31,2019/09/01,5,"8,6",14
Apartamento,3139431,Apartamento,Valencia,1,1,NA,2019/08/31,2019/09/01,0,"9,5",14
Cosy Rooms Tapinería,371192,NA,Valencia,1,1,€ 74,2019/08/31,2019/09/01,2,"7,5",14
Valencia Lounge Hostel,337203,NA,Valencia,1,1,€ 78,2019/08/31,2019/09/01,0,"7,8",14
Centro & Viaje,4215175,NA,Valencia,1,1,€ 78,2019/08/31,2019/09/01,0,"7,6",14
B&B Hotel Valencia Ciudad de las Ciencias,92242,NA,Valencia,1,1,€ 80,2019/08/31,2019/09/01,3,"7,5",14
Ilunion Valencia 3,92818,NA,Valencia,1,1,€ 84,2019/08/31,2019/09/01,3,"7,9",14
Plaza de la Virgen,3167342,Apartamento,Valencia,1,1,€ 185,2019/08/31,2019/09/01,0,"8,7",14
SH Valencia Palace,91497,NA,Valencia,1,1,€ 189,2019/08/31,2019/09/01,5,"8,5",14
Hospes Palau de La Mar,93823,NA,Valencia,1,1,€ 194,2019/08/31,2019/09/01,5,"8,8",14
Hotel San Lorenzo Boutique,1307718,NA,Valencia,1,1,€ 203,2019/08/31,2019/09/01,3,"8,6",14
WONDERFUL APARTMENT IN CANET DE BERENGUER. VALENCIA,3529602,Apartamento,Valencia,1,1,€ 210,2019/08/31,2019/09/01,0,"8,9",14
Casita bonita con piscina y jardin,5294677,NA,Valencia,1,1,€ 250,2019/08/31,2019/09/01,0,"8,7",14
OYO Pensión El Rincón,476031,NA,Valencia,1,1,€ 85,2019/08/31,2019/09/01,1,"7,7",14
Hotel Turia,14441,NA,Valencia,1,1,€ 85,2019/08/31,2019/09/01,4,"7,5",14
Hostal Penalty,189209,NA,Valencia,1,1,€ 85,2019/08/31,2019/09/01,1,"7,9",14
MyHomestay,2921259,NA,Valencia,1,1,€ 86,2019/08/31,2019/09/01,0,"7,6",14
Checkin Valencia,93743,NA,Valencia,1,1,€ 89,2019/08/31,2019/09/01,4,"7,8",14
Granada 18,1905726,Apartamento,Valencia,1,1,€ 90,2019/08/31,2019/09/01,0,"7,9",14
Casa La Buhardilla,2985364,Apartamento,Valencia,1,1,NA,2019/08/31,2019/09/01,0,"9,6",14
Cathedral Suites Hotel,1736257,Apartahotel,Valencia,1,1,€ 288,2019/08/31,2019/09/01,4,"8,9",14
Habitacion en Valencia Barata,4861796,NA,Valencia,1,1,€ 38,2019/08/31,2019/09/01,0,"8,2",14
HABITACIÓN PRIVADA EN RUZAFA,4948581,NA,Valencia,1,1,€ 51,2019/08/31,2019/09/01,0,"8,2",14
Como en casa,4802186,NA,Valencia,1,1,€ 54,2019/08/31,2019/09/01,0,8,14
Pension MonaLisa Luxury Suites,3834224,NA,Valencia,1,1,€ 60,2019/08/31,2019/09/01,0,"8,3",14
B&B Hi Valencia Canovas,305349,NA,Valencia,1,1,€ 62,2019/08/31,2019/09/01,0,"8,4",14
Constitución,4229663,Apartamento,Valencia,1,1,NA,2019/08/31,2019/09/01,0,"9,6",14
Expo Hotel Valencia,91223,NA,Valencia,1,1,€ 97,2019/08/31,2019/09/01,3,"7,6",14
SEA YOU HOTEL PORT VALENCIA,92328,NA,Valencia,1,1,€ 117,2019/08/31,2019/09/01,4,"7,6",14
Plaza Sainetero 5,3148458,Apartamento,Valencia,1,1,€ 119,2019/08/31,2019/09/01,0,"7,8",14
Kirei Apartment Calgary,4768322,Apartamento,Valencia,1,1,€ 150,2019/08/31,2019/09/01,0,"7,6",14
Apartment Florista,2150187,Apartamento,Valencia,1,1,€ 150,2019/08/31,2019/09/01,0,"7,9",14
Red Nest Hostel,92283,NA,Valencia,1,1,€ 62,2019/08/31,2019/09/01,0,"8,2",14
L'Otelet By Sweet,1467935,NA,Valencia,1,1,€ 64,2019/08/31,2019/09/01,0,"8,3",14
Reina 12,1684198,NA,Valencia,1,1,€ 70,2019/08/31,2019/09/01,0,"8,2",14
Tryp Valencia Feria,92852,NA,Valencia,1,1,€ 77,2019/08/31,2019/09/01,4,"8,3",14
Purple Nest Hostel,25278,NA,Valencia,1,1,€ 79,2019/08/31,2019/09/01,0,"8,1",14
Apartamento Alguer,4005334,Apartamento,Valencia,1,1,€ 150,2019/08/31,2019/09/01,0,"7,6",14
Eurostars Rey Don Jaime,91520,NA,Valencia,1,1,€ 80,2019/08/31,2019/09/01,4,"8,2",14
Preciosa Casita Cerca Del Mar,4057271,Apartamento,Valencia,1,1,NA,2019/08/31,2019/09/01,0,"9,7",14
NH Valencia Las Ciencias,90725,NA,Valencia,1,1,€ 84,2019/08/31,2019/09/01,3,8,14
Ilunion Aqua 3,92776,NA,Valencia,1,1,€ 87,2019/08/31,2019/09/01,3,"8,3",14
NH Ciudad de Valencia,90729,NA,Valencia,1,1,€ 87,2019/08/31,2019/09/01,3,"8,1",14
Homestay Valencia,2597106,NA,Valencia,1,1,€ 88,2019/08/31,2019/09/01,0,"8,1",14
Sweet Hotel Renasa,274818,NA,Valencia,1,1,€ 89,2019/08/31,2019/09/01,3,8,14
NH Valencia Las Artes,90731,NA,Valencia,1,1,€ 89,2019/08/31,2019/09/01,4,"8,4",14
Aparthotel Valencia Rental,17344,Apartahotel,Valencia,1,1,€ 89,2019/08/31,2019/09/01,0,8,14
Ilunion Valencia 4,754329,NA,Valencia,1,1,€ 93,2019/08/31,2019/09/01,4,8,14
Sweet Hotel Continental,93856,NA,Valencia,1,1,€ 94,2019/08/31,2019/09/01,2,"8,3",14
APARTAMENTO LAS MELLIZAS,4651578,NA,Valencia,1,1,€ 50,2019/08/31,2019/09/01,0,"8,4",14
MD Modern Hotel - Jardines,305447,NA,Valencia,1,1,€ 95,2019/08/31,2019/09/01,1,"8,2",14
Rio Turia Skatehouse,4624602,Apartamento,Valencia,1,1,€ 96,2019/08/31,2019/09/01,0,8,14
Senator Parque Central Hotel,274963,NA,Valencia,1,1,€ 97,2019/08/31,2019/09/01,4,"8,1",14
Apartamento Ciudad de las Artes y las Ciencias,4353552,Apartamento,Valencia,1,1,€ 99,2019/08/31,2019/09/01,0,"8,2",14
Happy Apartments Valencia – Lope de Vega,575582,Apartamentos,Valencia,1,1,€ 99,2019/08/31,2019/09/01,0,"8,1",14
Happy Apartments Valencia,456043,Apartamentos,Valencia,1,1,€ 99,2019/08/31,2019/09/01,0,"8,2",14
Hotel Valencia Center,91285,NA,Valencia,1,1,€ 99,2019/08/31,2019/09/01,4,"8,4",14
Primus Valencia,331871,NA,Valencia,1,1,€ 103,2019/08/31,2019/09/01,4,"8,2",14
