name,propertyId,propertyType,city,rooms,days,price,checkIn,checkOut,stars,score,advance
Original Domino House,5434091,NA,Valencia,1,1,€ 87,2019/09/10,2019/09/11,0,,14
Pearl of Turia,5359645,Apartamento,Valencia,1,1,€ 87,2019/09/10,2019/09/11,0,,14
Luxury Beach House,3602594,Casa o chalet,Valencia,1,1,NA,2019/09/10,2019/09/11,0,"9,7",14
casa la tranquilidad,5516825,NA,Valencia,1,1,€ 120,2019/09/10,2019/09/11,0,,14
Valencia Apartamentos DEL MAR,5421626,Apartamento,Valencia,1,1,€ 123,2019/09/10,2019/09/11,0,,14
CASA MARQUES DE CARO,4472176,Apartamento,Valencia,1,1,€ 139,2019/09/10,2019/09/11,0,,14
Apartamento con terraza,5238122,Apartahotel,Valencia,1,1,€ 240,2019/09/10,2019/09/11,0,,14
"Flat ""Ca Alexandre""",3687859,Apartamento,Valencia,1,1,€ 240,2019/09/10,2019/09/11,0,,14
Calle eugenia viñes 211 Apartamento,5466253,Apartamento,Valencia,1,1,€ 245,2019/09/10,2019/09/11,0,,14
Lounge by the sea,4756780,Apartamento,Valencia,1,1,NA,2019/09/10,2019/09/11,0,"9,8",14
Governor Residence,3799760,Apartahotel,Valencia,1,1,€ 600,2019/09/10,2019/09/11,0,,14
MD PASEO RUZAFA CENTER,5374850,Apartamento,Valencia,1,1,€ 1.020,2019/09/10,2019/09/11,0,,14
Gulet Why Not,5199364,NA,Valencia,1,1,€ 3.600,2019/09/10,2019/09/11,0,,14
Best Valencia Beach Flat,3246772,Apartamento,Valencia,1,1,€ 192,2019/09/10,2019/09/11,0,"7,1",14
Valencia Boutique Ayuntamiento,343355,Apartamentos,Valencia,1,1,€ 200,2019/09/10,2019/09/11,0,"7,2",14
Ático Valencia Centro,4358939,Apartamento,Valencia,1,1,NA,2019/09/10,2019/09/11,0,"9,9",14
Apartamento para 10 personas,5029963,Apartamento,Valencia,1,1,€ 200,2019/09/10,2019/09/11,0,"7,3",14
Valencia Luxury La Paz,1107542,Apartamentos,Valencia,1,1,€ 245,2019/09/10,2019/09/11,0,"7,2",14
MD Puerto Rico Apartment Ruzafa,3737151,Apartamento,Valencia,1,1,€ 455,2019/09/10,2019/09/11,0,"7,4",14
MD Olivereta Apartment,3783665,Apartamento,Valencia,1,1,€ 528,2019/09/10,2019/09/11,0,"7,3",14
Habitación Despuig,4901343,NA,Valencia,1,1,€ 24,2019/09/10,2019/09/11,0,"6,6",14
Loyola Room Habitación en Piso Compartido,3298489,NA,Valencia,1,1,€ 35,2019/09/10,2019/09/11,0,"6,8",14
Suntimes Patacona Beach,3465570,Apartamento,Valencia,1,1,NA,2019/09/10,2019/09/11,0,"9,6",14
Guest House Lebon,3124256,NA,Valencia,1,1,€ 40,2019/09/10,2019/09/11,0,"6,9",14
Habitación con cama doble,4794909,NA,Valencia,1,1,€ 41,2019/09/10,2019/09/11,0,"6,6",14
Geography and Arts.,3569110,NA,Valencia,1,1,€ 60,2019/09/10,2019/09/11,0,"6,7",14
Beach Valencia - Arts and Science,3188371,Apartamento,Valencia,1,1,€ 130,2019/09/10,2019/09/11,0,"6,6",14
Valencia Boutique Ayuntamiento II,387852,Apartamentos,Valencia,1,1,€ 160,2019/09/10,2019/09/11,0,"6,6",14
Select Home Boutique Center,387770,Apartamentos,Valencia,1,1,€ 225,2019/09/10,2019/09/11,0,"6,9",14
Apartamento playa Las Arenas,2978246,Apartamento,Valencia,1,1,NA,2019/09/10,2019/09/11,0,"9,5",14
MD Villalonga Malvarosa Beach,3739661,Apartamento,Valencia,1,1,€ 600,2019/09/10,2019/09/11,0,"6,8",14
Fun and Sun Center 2,2944416,NA,Valencia,1,1,€ 45,2019/09/10,2019/09/11,0,"6,1",14
Casita Esmeralda,2040126,Casa o chalet,Valencia,1,1,€ 139,2019/09/10,2019/09/11,0,"6,3",14
Kirei Apartment Portland,4276529,Apartamentos,Valencia,1,1,€ 189,2019/09/10,2019/09/11,0,"6,1",14
Guest House Higinio Noja,2845935,NA,Valencia,1,1,€ 30,2019/09/10,2019/09/11,0,"5,9",14
RoomTuristValencia - Ruzafa,4608394,NA,Valencia,1,1,€ 30,2019/09/10,2019/09/11,0,"5,5",14
L'Esplai Valencia Bed & Breakfast,1282556,NA,Valencia,1,1,NA,2019/09/10,2019/09/11,0,"9,6",14
Ruzafa Guesthouse,2269176,NA,Valencia,1,1,€ 33,2019/09/10,2019/09/11,0,"5,6",14
Carrer del Bisbe Jaume Pérez,4900140,NA,Valencia,1,1,€ 60,2019/09/10,2019/09/11,0,"5,8",14
Home Sweet Home,1223953,NA,Valencia,1,1,€ 60,2019/09/10,2019/09/11,0,"5,5",14
Oliver,4865093,NA,Valencia,1,1,€ 73,2019/09/10,2019/09/11,0,"5,6",14
Kirei Apartment Berlin,4504570,Apartamentos,Valencia,1,1,€ 126,2019/09/10,2019/09/11,0,"5,5",14
Kirei Apartment San Agustin,1712323,Apartamentos,Valencia,1,1,€ 137,2019/09/10,2019/09/11,0,"5,9",14
ÁTICO EN EL CENTRO DE VALENCIA VT-45939-T,4752815,Apartamento,Valencia,1,1,NA,2019/09/10,2019/09/11,0,"9,5",14
Guest House Duc de Gaeta,2275007,NA,Valencia,1,1,€ 33,2019/09/10,2019/09/11,0,5,14
RoomTuristValencia Estacion del Norte,4682632,NA,Valencia,1,1,€ 35,2019/09/10,2019/09/11,0,"5,3",14
Guest House Torres de Quart,2275006,NA,Valencia,1,1,€ 35,2019/09/10,2019/09/11,0,"5,3",14
Guest House Ruzafa,2324552,NA,Valencia,1,1,€ 40,2019/09/10,2019/09/11,0,"5,3",14
RoomTuristValencia Torres de Quart,4565643,NA,Valencia,1,1,€ 30,2019/09/10,2019/09/11,0,"4,5",14
Guesthouse Plaza de Toros,2985902,NA,Valencia,1,1,€ 33,2019/09/10,2019/09/11,0,"4,9",14
Ático En El Corazón De Ruzafa,3832501,Apartamento,Valencia,1,1,NA,2019/09/10,2019/09/11,0,"9,5",14
RoomTuristValencia RuzafaSumsi,4682802,NA,Valencia,1,1,€ 40,2019/09/10,2019/09/11,0,"4,8",14
Apartamento Islas Canarias,2304086,Apartamento,Valencia,1,1,€ 71,2019/09/10,2019/09/11,0,"3,9",14
Constitucion Guesthouse,2985942,NA,Valencia,1,1,€ 30,2019/09/10,2019/09/11,0,"3,4",14
Como en casa !!,5427108,NA,Valencia,1,1,€ 30,2019/09/10,2019/09/11,0,,14
Amplia habitación en piso compartido,5433175,NA,Valencia,1,1,€ 40,2019/09/10,2019/09/11,0,,14
Florista's Rooms en Valencia,5502152,NA,Valencia,1,1,€ 50,2019/09/10,2019/09/11,0,,14
Patraix,5366858,NA,Valencia,1,1,€ 55,2019/09/10,2019/09/11,0,,14
Rio Turia B&B,5531073,NA,Valencia,1,1,€ 55,2019/09/10,2019/09/11,0,,14
Rooms El Picolino,5326859,NA,Valencia,1,1,€ 60,2019/09/10,2019/09/11,0,,14
vosotros sereis parte de mi familia.,5299568,NA,Valencia,1,1,€ 60,2019/09/10,2019/09/11,0,,14
Magnífico Adosado- cerca de Valencia ciudad- en zona de montaña y playa fluvial,5354233,Casa o chalet,Valencia,1,1,€ 64,2019/09/10,2019/09/11,0,,14
Attic Rooms in Botánico,5522932,NA,Valencia,1,1,€ 65,2019/09/10,2019/09/11,0,,14
Petxina78 Valencia,5503912,Apartamento,Valencia,1,1,€ 66,2019/09/10,2019/09/11,0,,14
Comfort Homestay,5423155,NA,Valencia,1,1,€ 69,2019/09/10,2019/09/11,0,,14
Hogar Dulce Hogar,5426607,NA,Valencia,1,1,€ 70,2019/09/10,2019/09/11,0,,14
Habitación en Valencia,5477394,NA,Valencia,1,1,€ 72,2019/09/10,2019/09/11,0,,14
Rooms Valencia Center,5507857,NA,Valencia,1,1,€ 85,2019/09/10,2019/09/11,0,,14
APARTAMENTO EN LA PLAYA,5503515,Apartamento,Valencia,1,1,€ 85,2019/09/10,2019/09/11,0,,14
City Center Apartments,4426057,Apartamentos,Valencia,1,1,€ 81,2019/09/10,2019/09/11,0,"7,8",14
Expo Hotel Valencia,91223,NA,Valencia,1,1,€ 83,2019/09/10,2019/09/11,3,"7,6",14
Carmen Apartment,3308265,Apartamento,Valencia,1,1,NA,2019/09/10,2019/09/11,0,"9,6",14
OYO Pensión El Rincón,476031,NA,Valencia,1,1,€ 85,2019/09/10,2019/09/11,1,"7,7",14
SHF Plaza de la Reina,1682520,Apartamentos,Valencia,1,1,€ 90,2019/09/10,2019/09/11,0,"7,7",14
El 16 Ruzafa,865461,Apartamentos,Valencia,1,1,€ 94,2019/09/10,2019/09/11,0,"7,7",14
Torres Quart,3702234,Apartamentos,Valencia,1,1,€ 96,2019/09/10,2019/09/11,0,"7,7",14
Apartment Florista,2150187,Apartamento,Valencia,1,1,€ 100,2019/09/10,2019/09/11,0,"7,9",14
Suites by Eric Olsan (Peset),4726296,Apartamentos,Valencia,1,1,€ 100,2019/09/10,2019/09/11,0,"7,5",14
Atico Loft Ruzafa,3152977,Apartamento,Valencia,1,1,NA,2019/09/10,2019/09/11,0,"9,7",14
Suites by Eric Olsan (L),4287413,Apartamentos,Valencia,1,1,€ 100,2019/09/10,2019/09/11,0,"7,5",14
Plaza Sainetero 5,3148458,Apartamento,Valencia,1,1,€ 102,2019/09/10,2019/09/11,0,"7,8",14
Bonito apartamento en Valencia!,3646923,Apartamentos,Valencia,1,1,€ 106,2019/09/10,2019/09/11,0,"7,9",14
Apartamento Alguer,4005334,Apartamento,Valencia,1,1,€ 115,2019/09/10,2019/09/11,0,"7,5",14
Apartamentos Catedral,2358858,Apartamentos,Valencia,1,1,€ 119,2019/09/10,2019/09/11,0,"7,8",14
STYLISH APARTMENT - CITY CENTER,2861517,Apartamento,Valencia,1,1,€ 120,2019/09/10,2019/09/11,0,"7,7",14
Casa La Buhardilla,2985364,Apartamento,Valencia,1,1,NA,2019/09/10,2019/09/11,0,"9,7",14
My Reception - Edificio Russafa,4732440,Apartamentos,Valencia,1,1,€ 133,2019/09/10,2019/09/11,0,"7,7",14
Old Town Flats Casa Burguerini,4552106,Apartamentos,Valencia,1,1,€ 136,2019/09/10,2019/09/11,0,"7,5",14
Kirei Apartment Calgary,4768322,Apartamento,Valencia,1,1,€ 137,2019/09/10,2019/09/11,0,"7,5",14
El Globo,24498,NA,Valencia,1,1,€ 144,2019/09/10,2019/09/11,1,"7,8",14
Valencia Luxury Attics Ayuntamiento,337092,Apartamentos,Valencia,1,1,€ 160,2019/09/10,2019/09/11,0,"7,5",14
Valencia Luxury Central Market,1078335,Apartamentos,Valencia,1,1,€ 180,2019/09/10,2019/09/11,0,"7,5",14
El Corazon de Canovas,2634817,Apartamento,Valencia,1,1,NA,2019/09/10,2019/09/11,0,"9,7",14
MD Art Apartment Ruzafa,2550955,Apartamento,Valencia,1,1,€ 387,2019/09/10,2019/09/11,0,"7,6",14
MD Abastos Center,2551194,Apartamento,Valencia,1,1,€ 455,2019/09/10,2019/09/11,0,"7,7",14
MD Oliag I Apartment Ruzafa,2867488,Apartamento,Valencia,1,1,€ 513,2019/09/10,2019/09/11,0,"7,7",14
Hostal Waksman,281139,NA,Valencia,1,1,€ 38,2019/09/10,2019/09/11,1,"7,3",14
Hostal Residencial RR,450746,NA,Valencia,1,1,€ 40,2019/09/10,2019/09/11,0,7,14
Ruzafa Rooms,2891693,NA,Valencia,1,1,€ 40,2019/09/10,2019/09/11,0,7,14
Disfruta De Playa Y Ciudad,2470646,Apartamento,Valencia,1,1,NA,2019/09/10,2019/09/11,0,"9,6",14
La Flamenca,818359,NA,Valencia,1,1,€ 40,2019/09/10,2019/09/11,0,"7,3",14
HOSPEDAJE PESET,4718074,NA,Valencia,1,1,€ 40,2019/09/10,2019/09/11,0,"7,2",14
B&B El Mercat,2203530,NA,Valencia,1,1,€ 55,2019/09/10,2019/09/11,0,"7,3",14
Avenida del Cid (Centrico),4737683,Apartamento,Valencia,1,1,€ 66,2019/09/10,2019/09/11,0,"7,1",14
Central Station Valencia Hostel,1647017,NA,Valencia,1,1,€ 69,2019/09/10,2019/09/11,0,"7,1",14
Cosy Rooms Bolsería,371606,NA,Valencia,1,1,€ 70,2019/09/10,2019/09/11,2,"7,4",14
La Casa Verde - Ruzafa,2029143,Apartamento,Valencia,1,1,NA,2019/09/10,2019/09/11,0,"9,7",14
HOSTAL BED OF THE SEA,3974636,NA,Valencia,1,1,€ 72,2019/09/10,2019/09/11,0,7,14
Centro Valencia Calle Cerrajeros,3476261,NA,Valencia,1,1,€ 75,2019/09/10,2019/09/11,0,"7,1",14
Homestay & OLEE,4132920,NA,Valencia,1,1,€ 78,2019/09/10,2019/09/11,0,"7,3",14
Almiserat,3054886,Apartamento,Valencia,1,1,€ 80,2019/09/10,2019/09/11,0,7,14
Cosy Rooms Embajador,369728,NA,Valencia,1,1,€ 84,2019/09/10,2019/09/11,2,"7,4",14
Apartments Calle Padre Damian,4523326,Apartamentos,Valencia,1,1,€ 85,2019/09/10,2019/09/11,0,"7,2",14
Valencia Apartments,4367788,Apartamentos,Valencia,1,1,€ 87,2019/09/10,2019/09/11,0,"7,2",14
Lujoso Apartamento En El Carmen,2814452,Apartamento,Valencia,1,1,€ 88,2019/09/10,2019/09/11,0,"7,4",14
Malvarrosa Beach Rooms,314048,NA,Valencia,1,1,€ 90,2019/09/10,2019/09/11,2,"7,1",14
SHF Sevilla Loft,850157,Apartamentos,Valencia,1,1,€ 90,2019/09/10,2019/09/11,0,"7,4",14
Bonito Apartamento en Valencia!!,4333493,Apartamento,Valencia,1,1,€ 103,2019/09/10,2019/09/11,0,"7,1",14
Valencia Apartmans El Carmen,847910,Apartamentos,Valencia,1,1,€ 105,2019/09/10,2019/09/11,0,"7,4",14
NWT Monserrat,3728842,Apartamentos,Valencia,1,1,€ 112,2019/09/10,2019/09/11,0,7,14
Premium Apartments,486507,Apartamentos,Valencia,1,1,€ 114,2019/09/10,2019/09/11,0,"6,9",14
Kirei Apartment San Vicente,1774062,Apartamento,Valencia,1,1,€ 121,2019/09/10,2019/09/11,0,"7,4",14
Kirei Apartment En Llop,1765516,Apartamentos,Valencia,1,1,€ 150,2019/09/10,2019/09/11,0,"7,2",14
Valencia Luxury Town Hall,866934,Apartamentos,Valencia,1,1,€ 150,2019/09/10,2019/09/11,0,"7,1",14
Select Home Catedral,440778,Apartamentos,Valencia,1,1,€ 160,2019/09/10,2019/09/11,0,"7,1",14
Sweet Hotel Continental,93856,NA,Valencia,1,1,€ 114,2019/09/10,2019/09/11,2,"8,3",14
Holiday Inn Express Ciudad de las Ciencias,96737,NA,Valencia,1,1,€ 117,2019/09/10,2019/09/11,3,8,14
VALENCIA APARTAMENTO GOYA GRAN TERRAZA,4660558,Apartamento,Valencia,1,1,NA,2019/09/10,2019/09/11,0,"9,7",14
Apartamento Gran Vía Marqués del Turia,2358973,Apartamento,Valencia,1,1,€ 118,2019/09/10,2019/09/11,0,"8,4",14
Atico Duplex en el Carmen,2954876,Apartamento,Valencia,1,1,€ 122,2019/09/10,2019/09/11,0,"8,4",14
Plaza Redonda Apartments,1665625,Apartamentos,Valencia,1,1,€ 125,2019/09/10,2019/09/11,0,"8,2",14
Flatsforyou Petit Bonaire,455152,Apartamentos,Valencia,1,1,€ 125,2019/09/10,2019/09/11,0,"8,3",14
Eurostars Rey Don Jaime,91520,NA,Valencia,1,1,€ 125,2019/09/10,2019/09/11,4,"8,2",14
Zerka Centro,4425975,Apartamentos,Valencia,1,1,€ 129,2019/09/10,2019/09/11,0,"8,4",14
Casa Vich,4457634,Apartamento,Valencia,1,1,NA,2019/09/10,2019/09/11,0,"9,6",14
Apartamentos Valencia Luxury Center,2011524,Apartamento,Valencia,1,1,€ 130,2019/09/10,2019/09/11,0,8,14
Friendly Rentals ABC,3656596,Apartamento,Valencia,1,1,€ 133,2019/09/10,2019/09/11,0,"8,3",14
NWT Central Station Apartments,3964093,Apartamento,Valencia,1,1,€ 134,2019/09/10,2019/09/11,0,"8,2",14
Friendly Rentals Pergolesi,1634240,Apartamentos,Valencia,1,1,€ 138,2019/09/10,2019/09/11,0,"8,4",14
Friendly Rentals Puerto Deportivo,2317861,Apartamentos,Valencia,1,1,€ 144,2019/09/10,2019/09/11,0,"8,2",14
Hotel Conqueridor,91047,NA,Valencia,1,1,€ 144,2019/09/10,2019/09/11,4,"8,4",14
Disfruta - Enjoy Valencia Oceanografic,4121345,Apartamento,Valencia,1,1,NA,2019/09/10,2019/09/11,0,"9,6",14
Friendly Rentals Desplat,4120221,Apartamento,Valencia,1,1,€ 146,2019/09/10,2019/09/11,0,"8,3",14
El Coso,14580,NA,Valencia,1,1,€ 150,2019/09/10,2019/09/11,3,"8,2",14
Primus Valencia,331871,NA,Valencia,1,1,€ 158,2019/09/10,2019/09/11,4,"8,3",14
Apartamento cerca de la playa y Ciudad de las Ciencias,4576062,Apartamento,Valencia,1,1,€ 158,2019/09/10,2019/09/11,0,8,14
Friendly Rentals Telemann,1634241,Apartamento,Valencia,1,1,€ 163,2019/09/10,2019/09/11,0,8,14
Friendly Rentals Abad,1634238,Apartamento,Valencia,1,1,€ 179,2019/09/10,2019/09/11,0,"8,2",14
Preciosa Casita Cerca Del Mar,4057271,Apartamento,Valencia,1,1,NA,2019/09/10,2019/09/11,0,"9,7",14
Vlc Apartaments el Carmen,389902,Apartamentos,Valencia,1,1,€ 214,2019/09/10,2019/09/11,0,"8,2",14
Malvarrosa Calle Pavia,3608764,Casa o chalet,Valencia,1,1,€ 271,2019/09/10,2019/09/11,0,"8,1",14
MD Benlliure Beach.,1957258,Apartamento,Valencia,1,1,€ 392,2019/09/10,2019/09/11,0,8,14
Musico Peydro Apartments,3765069,Apartamentos,Valencia,1,1,€ 397,2019/09/10,2019/09/11,0,"8,1",14
MD Sueca. Apartment with Terrace Ruzafa,2551179,Apartamento,Valencia,1,1,€ 513,2019/09/10,2019/09/11,0,"8,1",14
MD Vila Barbera Apartment Center,1957253,Apartamento,Valencia,1,1,€ 528,2019/09/10,2019/09/11,0,"8,4",14
Central Park Apartment Valencia,3881533,Apartamento,Valencia,1,1,NA,2019/09/10,2019/09/11,0,"9,6",14
UP Hostel Valencia,1710137,NA,Valencia,1,1,€ 28,2019/09/10,2019/09/11,0,"7,8",14
Apart and Benef,2291245,NA,Valencia,1,1,€ 34,2019/09/10,2019/09/11,0,"7,8",14
AC Hotel Colon Valencia- a Marriott Lifestyle Hotel,1117150,NA,Valencia,1,1,€ 193,2019/09/10,2019/09/11,4,"8,7",14
Friendly Rentals Gala,1634252,Apartamento,Valencia,1,1,€ 198,2019/09/10,2019/09/11,0,"8,8",14
Cool Central Market,3424724,Apartamento,Valencia,1,1,NA,2019/09/10,2019/09/11,0,"9,9",14
Pensión Universal,304276,NA,Valencia,1,1,€ 38,2019/09/10,2019/09/11,0,"7,9",14
Habitación San Cayetano,4624401,NA,Valencia,1,1,€ 40,2019/09/10,2019/09/11,0,"7,7",14
Hotel Beleret,94652,NA,Valencia,1,1,€ 42,2019/09/10,2019/09/11,3,"7,6",14
Voyagers Inn Homestay,2682156,NA,Valencia,1,1,€ 46,2019/09/10,2019/09/11,0,"7,8",14
Hospes Palau de La Mar,93823,NA,Valencia,1,1,€ 198,2019/09/10,2019/09/11,5,"8,8",14
Cathedral Suites Hotel,1736257,Apartahotel,Valencia,1,1,€ 199,2019/09/10,2019/09/11,4,"8,9",14
SH Valencia Palace,91497,NA,Valencia,1,1,€ 215,2019/09/10,2019/09/11,5,"8,5",14
SingularStays Parque Central,3054000,Apartamentos,Valencia,1,1,€ 218,2019/09/10,2019/09/11,0,"8,8",14
Ca Carmela,2466364,Casa o chalet,Valencia,1,1,€ 225,2019/09/10,2019/09/11,0,"8,9",14
Select Home Alma Palace,1381946,Apartamento,Valencia,1,1,€ 265,2019/09/10,2019/09/11,0,"8,9",14
Valencian Dreams,3268804,Apartamento,Valencia,1,1,NA,2019/09/10,2019/09/11,0,"9,8",14
Apartamento Torres de Serrano,5083131,Apartamento,Valencia,1,1,€ 266,2019/09/10,2019/09/11,0,"8,8",14
Center Valencia Youth Hostel,246931,NA,Valencia,1,1,€ 15,2019/09/10,2019/09/11,0,8,14
Habitacion en Valencia Barata,4861796,NA,Valencia,1,1,€ 45,2019/09/10,2019/09/11,0,"8,2",14
Red Nest Hostel,92283,NA,Valencia,1,1,€ 48,2019/09/10,2019/09/11,0,"8,2",14
Chic and Central- in a lively but quiet area. All walking distance.,3649090,Apartamento,Valencia,1,1,NA,2019/09/10,2019/09/11,0,"9,7",14
Valencia City Host,1177077,NA,Valencia,1,1,€ 50,2019/09/10,2019/09/11,0,"7,8",14
Casual Civilizaciones Valencia,449777,NA,Valencia,1,1,€ 53,2019/09/10,2019/09/11,0,"7,9",14
Hospederia del Pilar,327766,NA,Valencia,1,1,€ 54,2019/09/10,2019/09/11,0,"7,9",14
Hostal Abastos,257057,NA,Valencia,1,1,€ 50,2019/09/10,2019/09/11,2,"8,2",14
Aparthotel Valencia Rental,17344,Apartahotel,Valencia,1,1,€ 54,2019/09/10,2019/09/11,0,8,14
Apartment Sofi,2830696,Apartamento,Valencia,1,1,NA,2019/09/10,2019/09/11,0,"9,8",14
Como en casa,4802186,NA,Valencia,1,1,€ 54,2019/09/10,2019/09/11,0,"8,1",14
B&B Hi Valencia Canovas,305349,NA,Valencia,1,1,€ 55,2019/09/10,2019/09/11,0,"8,4",14
Purple Nest Hostel,25278,NA,Valencia,1,1,€ 57,2019/09/10,2019/09/11,0,"8,1",14
Pension MonaLisa Luxury Suites,3834224,NA,Valencia,1,1,€ 60,2019/09/10,2019/09/11,0,"8,2",14
Tryp Valencia Feria,92852,NA,Valencia,1,1,€ 63,2019/09/10,2019/09/11,4,"8,3",14
Urban Youth Hostel,1163025,NA,Valencia,1,1,€ 63,2019/09/10,2019/09/11,0,"8,4",14
Apartment Plaza Cisneros,1273377,Apartamentos,Valencia,1,1,NA,2019/09/10,2019/09/11,0,"9,8",14
L'Otelet By Sweet,1467935,NA,Valencia,1,1,€ 64,2019/09/10,2019/09/11,0,"8,3",14
Hostal El Cid,309465,NA,Valencia,1,1,€ 56,2019/09/10,2019/09/11,2,"7,6",14
Hostal Moratin,326015,NA,Valencia,1,1,€ 57,2019/09/10,2019/09/11,1,"7,9",14
Centro & Viaje,4215175,NA,Valencia,1,1,€ 58,2019/09/10,2019/09/11,0,"7,6",14
Valencia Lounge Hostel,337203,NA,Valencia,1,1,€ 58,2019/09/10,2019/09/11,0,"7,8",14
Hostal Bisbal,235665,NA,Valencia,1,1,€ 60,2019/09/10,2019/09/11,1,"7,5",14
Apartamentos Abastos,1044426,Apartamentos,Valencia,1,1,€ 60,2019/09/10,2019/09/11,0,"7,6",14
Habitacion por dias Centro Valencia,3977106,NA,Valencia,1,1,€ 64,2019/09/10,2019/09/11,0,"7,9",14
Hotel Turia,14441,NA,Valencia,1,1,€ 65,2019/09/10,2019/09/11,4,"7,5",14
B&B Hotel Valencia Ciudad de las Ciencias,92242,NA,Valencia,1,1,€ 65,2019/09/10,2019/09/11,3,"7,5",14
Jero Rooms,296743,NA,Valencia,1,1,€ 66,2019/09/10,2019/09/11,0,"7,7",14
Cosy Rooms Tapinería,371192,NA,Valencia,1,1,€ 68,2019/09/10,2019/09/11,2,"7,5",14
Ilunion Valencia 3,92818,NA,Valencia,1,1,€ 78,2019/09/10,2019/09/11,3,"7,9",14
SEA YOU HOTEL PORT VALENCIA,92328,NA,Valencia,1,1,€ 78,2019/09/10,2019/09/11,4,"7,6",14
Citizentral Gascons,332095,Apartamentos,Valencia,1,1,€ 94,2019/09/10,2019/09/11,0,"8,7",14
Rooms Ciencias,94126,NA,Valencia,1,1,€ 95,2019/09/10,2019/09/11,0,"8,9",14
Dormavalencia Hostel,249585,NA,Valencia,1,1,€ 65,2019/09/10,2019/09/11,1,"8,2",14
Hotel Olympia Universidades,1301731,NA,Valencia,1,1,€ 66,2019/09/10,2019/09/11,3,"8,4",14
Dormavalencia Hostel Regne,291755,NA,Valencia,1,1,€ 69,2019/09/10,2019/09/11,1,8,14
Casual de la Música Valencia,273130,NA,Valencia,1,1,€ 79,2019/09/10,2019/09/11,2,"7,5",14
Checkin Valencia,93743,NA,Valencia,1,1,€ 80,2019/09/10,2019/09/11,4,"7,8",14
Nanit Valencia Hostel,3913497,NA,Valencia,1,1,€ 69,2019/09/10,2019/09/11,0,"8,3",14
Apartamentos el Pilar,237104,Apartamentos,Valencia,1,1,€ 75,2019/09/10,2019/09/11,0,8,14
ÁTICO EN EL CENTRO DE VALENCIA VT-45939-T,4752815,Apartamento,Valencia,1,1,NA,2019/09/10,2019/09/11,0,"9,5",14
Eurostars Gran Valencia,90484,NA,Valencia,1,1,€ 77,2019/09/10,2019/09/11,4,"8,3",14
Lounge by the sea,4756780,Apartamento,Valencia,1,1,NA,2019/09/10,2019/09/11,0,"9,8",14
Blanq Carmen Hotel,97069,NA,Valencia,1,1,€ 95,2019/09/10,2019/09/11,3,"8,7",14
Apartamentos Plaza Picasso,97063,Apartamentos,Valencia,1,1,€ 96,2019/09/10,2019/09/11,0,"8,5",14
Ad Hoc Carmen,1173270,NA,Valencia,1,1,€ 99,2019/09/10,2019/09/11,2,"8,9",14
Ilunion Valencia 4,754329,NA,Valencia,1,1,€ 80,2019/09/10,2019/09/11,4,8,14
Happy Apartments Valencia,456043,Apartamentos,Valencia,1,1,€ 80,2019/09/10,2019/09/11,0,"8,2",14
Up Town,2244083,Apartamentos,Valencia,1,1,€ 81,2019/09/10,2019/09/11,0,"8,3",14
City Suites Apartments,3091106,NA,Valencia,1,1,€ 84,2019/09/10,2019/09/11,0,"8,4",14
United Colors of Apartments - Catedral,1301545,Apartamentos,Valencia,1,1,€ 85,2019/09/10,2019/09/11,0,"8,2",14
Suites by Eric Olsan (Florista),4726450,Apartamentos,Valencia,1,1,€ 99,2019/09/10,2019/09/11,0,"8,6",14
Burjassot Mestalla,3058627,Apartamento,Valencia,1,1,€ 100,2019/09/10,2019/09/11,0,"8,6",14
Melia Plaza Valencia,13270,NA,Valencia,1,1,€ 105,2019/09/10,2019/09/11,4,"8,9",14
Casa La Buhardilla,2985364,Apartamento,Valencia,1,1,NA,2019/09/10,2019/09/11,0,"9,7",14
Valenciaflats Mercado Central,307677,Apartamentos,Valencia,1,1,€ 106,2019/09/10,2019/09/11,0,"8,9",14
Casa Calle Conquista,4691493,Apartamento,Valencia,1,1,NA,2019/09/10,2019/09/11,0,"9,6",14
Sol Playa,12656,NA,Valencia,1,1,€ 87,2019/09/10,2019/09/11,2,"8,3",14
MD Modern Hotel - Jardines,305447,NA,Valencia,1,1,€ 88,2019/09/10,2019/09/11,1,"8,2",14
NH Valencia Las Ciencias,90725,NA,Valencia,1,1,€ 91,2019/09/10,2019/09/11,3,8,14
Valenciaflats Centro Histórico,94781,Apartamentos,Valencia,1,1,€ 106,2019/09/10,2019/09/11,0,"8,7",14
Boutique Creative Rooms,2334726,NA,Valencia,1,1,€ 108,2019/09/10,2019/09/11,0,"8,7",14
New Trendy apartment,2426154,Apartamento,Valencia,1,1,€ 110,2019/09/10,2019/09/11,0,"8,7",14
Ad Hoc Monumental,90719,NA,Valencia,1,1,€ 111,2019/09/10,2019/09/11,3,"8,6",14
Sweet Hotel Renasa,274818,NA,Valencia,1,1,€ 94,2019/09/10,2019/09/11,3,8,14
NH Ciudad de Valencia,90729,NA,Valencia,1,1,€ 98,2019/09/10,2019/09/11,3,"8,1",14
Hotel Medium Valencia,96838,NA,Valencia,1,1,€ 99,2019/09/10,2019/09/11,4,"8,2",14
El Palacete Gran Via,3483148,NA,Valencia,1,1,€ 111,2019/09/10,2019/09/11,0,"8,9",14
Valencia what else...,2550483,Apartamento,Valencia,1,1,NA,2019/09/10,2019/09/11,0,"9,5",14
Ilunion Aqua 4,92777,NA,Valencia,1,1,€ 114,2019/09/10,2019/09/11,4,"8,5",14
Perla Apartments,3146781,Apartamentos,Valencia,1,1,€ 117,2019/09/10,2019/09/11,0,"8,7",14
Hotel Valencia Oceanic Managed by Melia Hotels International,91522,NA,Valencia,1,1,€ 118,2019/09/10,2019/09/11,4,"8,6",14
Lotelito,570027,NA,Valencia,1,1,€ 120,2019/09/10,2019/09/11,0,"8,9",14
Flatsforyou Ruzafa,3342696,Apartamentos,Valencia,1,1,€ 120,2019/09/10,2019/09/11,0,"8,8",14
Petit Palace Ruzafa,90792,NA,Valencia,1,1,€ 121,2019/09/10,2019/09/11,3,"8,7",14
Casual de las Artes Valencia,538056,NA,Valencia,1,1,€ 99,2019/09/10,2019/09/11,3,"8,4",14
APARTAMENTO LAS MELLIZAS,4651578,NA,Valencia,1,1,€ 50,2019/09/10,2019/09/11,0,"8,4",14
Hotel Valencia Center,91285,NA,Valencia,1,1,€ 99,2019/09/10,2019/09/11,4,"8,4",14
La seda stay,3335523,Apartamento,Valencia,1,1,NA,2019/09/10,2019/09/11,0,"9,7",14
Apartamentos Valencia - Brazil 31 Free WiFi,4948554,Apartamento,Valencia,1,1,€ 125,2019/09/10,2019/09/11,0,"8,8",14
One Shot Palacio Reina Victoria 04,90885,NA,Valencia,1,1,€ 129,2019/09/10,2019/09/11,4,"8,6",14
One Shot Colón 46,1394168,NA,Valencia,1,1,€ 129,2019/09/10,2019/09/11,3,"8,7",14
Reina 12,1684198,NA,Valencia,1,1,€ 100,2019/09/10,2019/09/11,0,"8,2",14
Plaza Del Carmen,1737254,Apartamento,Valencia,1,1,€ 100,2019/09/10,2019/09/11,0,"8,1",14
AC Hotel Valencia- a Marriott Lifestyle Hotel,91063,NA,Valencia,1,1,€ 129,2019/09/10,2019/09/11,4,"8,6",14
BUBUFLATS / Mercat,783206,Apartamentos,Valencia,1,1,€ 130,2019/09/10,2019/09/11,0,"8,9",14
Flatsforyou Mercat,1367507,Apartamentos,Valencia,1,1,€ 130,2019/09/10,2019/09/11,3,"8,9",14
Disfruta - Enjoy Valencia Oceanografic,4121345,Apartamento,Valencia,1,1,NA,2019/09/10,2019/09/11,0,"9,6",14
BUBUFLATS Mossén,1141763,Apartamentos,Valencia,1,1,€ 130,2019/09/10,2019/09/11,0,"8,9",14
Ilunion Aqua 3,92776,NA,Valencia,1,1,€ 103,2019/09/10,2019/09/11,3,"8,3",14
NH Valencia Center,90727,NA,Valencia,1,1,€ 104,2019/09/10,2019/09/11,4,"8,3",14
SHF Flats Baron,1033085,Apartamentos,Valencia,1,1,€ 105,2019/09/10,2019/09/11,0,8,14
Senator Parque Central Hotel,274963,NA,Valencia,1,1,€ 106,2019/09/10,2019/09/11,4,"8,1",14
Casual Vintage Valencia,1710241,NA,Valencia,1,1,€ 131,2019/09/10,2019/09/11,2,"8,6",14
Friendly Rentals Casals,1769176,Apartamento,Valencia,1,1,€ 132,2019/09/10,2019/09/11,0,"8,7",14
Apartments Plaza Ayuntamiento,3506736,Apartamento,Valencia,1,1,€ 135,2019/09/10,2019/09/11,0,"8,7",14
FREE WI-FI. Apartamentos 90 м2 - Assutzena 5,4828764,Apartamento,Valencia,1,1,€ 137,2019/09/10,2019/09/11,0,"8,5",14
NH Valencia Las Artes,90731,NA,Valencia,1,1,€ 109,2019/09/10,2019/09/11,4,"8,4",14
Valenciaflats Torres de Serrano,17468,Apartamentos,Valencia,1,1,€ 110,2019/09/10,2019/09/11,0,"8,3",14
Hotel Miramar,23332,NA,Valencia,1,1,€ 113,2019/09/10,2019/09/11,2,"8,4",14
Ático Oasis de Ruzafa,2639518,Apartamento,Valencia,1,1,€ 138,2019/09/10,2019/09/11,0,"8,9",14
Apartment Cabanyal,3172456,Apartamento,Valencia,1,1,NA,2019/09/10,2019/09/11,0,"9,8",14
ValentiaApartments - MercadoCentral,4185241,Apartamentos,Valencia,1,1,€ 138,2019/09/10,2019/09/11,0,"8,7",14
Zenit Valencia,92327,NA,Valencia,1,1,€ 140,2019/09/10,2019/09/11,4,"8,8",14
Catalonia Excelsior,90578,NA,Valencia,1,1,€ 140,2019/09/10,2019/09/11,3,"8,7",14
Hotel Gabbeach,403586,NA,Valencia,1,1,€ 149,2019/09/10,2019/09/11,3,"8,5",14
Hotel San Lorenzo Boutique,1307718,NA,Valencia,1,1,€ 150,2019/09/10,2019/09/11,3,"8,6",14
Vincci Palace,94163,NA,Valencia,1,1,€ 150,2019/09/10,2019/09/11,4,"8,6",14
Hotel Mediterraneo Valencia,92412,NA,Valencia,1,1,€ 150,2019/09/10,2019/09/11,3,"8,8",14
Friendly Rentals Ferrero,2314984,Apartamento,Valencia,1,1,€ 152,2019/09/10,2019/09/11,0,"8,6",14
Friendly Rentals Verdi 2,2523881,Apartamento,Valencia,1,1,€ 153,2019/09/10,2019/09/11,0,"8,7",14
Vincci Lys,91183,NA,Valencia,1,1,€ 155,2019/09/10,2019/09/11,4,"8,9",14
Friendly Rentals Strauss,1634236,Apartamento,Valencia,1,1,€ 159,2019/09/10,2019/09/11,0,"8,8",14
Piso moderno y confortable en El Cabañal,3954999,Apartamento,Valencia,1,1,€ 160,2019/09/10,2019/09/11,0,"8,6",14
Puerta de Serranos,2734333,Apartamentos,Valencia,1,1,€ 161,2019/09/10,2019/09/11,0,"8,8",14
Hotel Neptuno,91206,NA,Valencia,1,1,€ 162,2019/09/10,2019/09/11,4,"8,5",14
Friendly Rentals Schubert,1634221,Apartamentos,Valencia,1,1,€ 138,2019/09/10,2019/09/11,0,9,14
Live in Chianti,2227491,NA,Valencia,1,1,€ 138,2019/09/10,2019/09/11,0,"9,1",14
Ciudad Ciencias- Lujo- Parking- Wi-Fi.,4999636,Apartamento,Valencia,1,1,NA,2019/09/10,2019/09/11,0,"9,8",14
MYR Hotel Plaza Mercado & Spa,1619029,Apartahotel,Valencia,1,1,€ 144,2019/09/10,2019/09/11,0,"9,2",14
SH Ingles Boutique Hotel,92956,NA,Valencia,1,1,€ 170,2019/09/10,2019/09/11,4,"8,5",14
Canela`s Vintage Ruzafa Centro,4652584,Apartamento,Valencia,1,1,€ 170,2019/09/10,2019/09/11,0,"8,6",14
Select Home Mercado de Colón,2960845,Apartamentos,Valencia,1,1,€ 170,2019/09/10,2019/09/11,0,"8,9",14
Mar & City Apartment,3456759,Apartamento,Valencia,1,1,€ 174,2019/09/10,2019/09/11,0,"8,9",14
Mediterranean Flats Plaza Redonda,4086496,Apartamentos,Valencia,1,1,€ 145,2019/09/10,2019/09/11,0,"9,3",14
Hostal Venecia,92883,NA,Valencia,1,1,€ 149,2019/09/10,2019/09/11,2,"9,1",14
Sweet Caroline Apartment,1811784,Apartamento,Valencia,1,1,€ 150,2019/09/10,2019/09/11,0,"9,2",14
B BEACH VALENCIA,5125954,Apartamento,Valencia,1,1,€ 150,2019/09/10,2019/09/11,0,"9,1",14
Valencia Sol Sun,2482393,Apartamento,Valencia,1,1,€ 153,2019/09/10,2019/09/11,0,"9,4",14
Ambrosio Flats Valencia - El Mercat,3131649,Apartamento,Valencia,1,1,NA,2019/09/10,2019/09/11,0,"9,5",14
Apartament Cura Femenia,2010355,Apartamento,Valencia,1,1,€ 156,2019/09/10,2019/09/11,0,"9,4",14
Palau de Palomar,471283,Apartamentos,Valencia,1,1,€ 159,2019/09/10,2019/09/11,0,"9,2",14
WeRentVLC Charming Ruzafa,2839319,Apartamento,Valencia,1,1,€ 164,2019/09/10,2019/09/11,0,"9,2",14
Live in Chianti Apartaments,2882632,Apartamentos,Valencia,1,1,€ 175,2019/09/10,2019/09/11,0,"9,1",14
NH Collection Colón Valencia,3828811,NA,Valencia,1,1,€ 175,2019/09/10,2019/09/11,4,"9,2",14
Zerka Sendra,4657122,Apartamento,Valencia,1,1,€ 179,2019/09/10,2019/09/11,0,9,14
Barracart Apartments,2125836,Apartamentos,Valencia,1,1,NA,2019/09/10,2019/09/11,0,"9,6",14
Apartamentos La más Bonita,2816245,Apartamentos,Valencia,1,1,€ 180,2019/09/10,2019/09/11,0,"9,1",14
Edificio Pentagono,4673669,Apartamento,Valencia,1,1,€ 185,2019/09/10,2019/09/11,0,"9,1",14
MARQUÉS HOUSE 4* SUP,2118880,NA,Valencia,1,1,€ 189,2019/09/10,2019/09/11,4,"9,4",14
ARENAS 2 APARTAMENT,2808815,Apartamento,Valencia,1,1,€ 200,2019/09/10,2019/09/11,0,"9,1",14
Vincci Mercat,1279484,NA,Valencia,1,1,€ 210,2019/09/10,2019/09/11,4,9,14
Cozy apartment in Valencia center,3402135,Apartamentos,Valencia,1,1,€ 228,2019/09/10,2019/09/11,0,"9,2",14
Atico Loft Ruzafa,3152977,Apartamento,Valencia,1,1,NA,2019/09/10,2019/09/11,0,"9,7",14
Caro Hotel,348132,NA,Valencia,1,1,€ 259,2019/09/10,2019/09/11,5,"9,2",14
MD Julio Antonio Apartment Center,3961049,Apartamento,Valencia,1,1,€ 385,2019/09/10,2019/09/11,0,"9,2",14
Pensión Alicante,298710,NA,Valencia,1,1,€ 38,2019/09/10,2019/09/11,0,"8,5",14
Quart Youth Hostel,476418,NA,Valencia,1,1,€ 44,2019/09/10,2019/09/11,0,"8,7",14
Homestay Carrer Sagun,5006434,NA,Valencia,1,1,€ 48,2019/09/10,2019/09/11,0,"8,7",14
The River Hostel,494202,NA,Valencia,1,1,€ 49,2019/09/10,2019/09/11,0,"8,5",14
El Corazon de Canovas,2634817,Apartamento,Valencia,1,1,NA,2019/09/10,2019/09/11,0,"9,7",14
Russafa Youth Hostel,345134,NA,Valencia,1,1,€ 52,2019/09/10,2019/09/11,0,"8,6",14
Namaste Rooms,3799642,NA,Valencia,1,1,€ 60,2019/09/10,2019/09/11,0,"8,7",14
Home Youth Hostel by Feetup Hostels,189322,NA,Valencia,1,1,€ 63,2019/09/10,2019/09/11,0,"8,8",14
Zalamera BnB,1331238,NA,Valencia,1,1,€ 65,2019/09/10,2019/09/11,0,"8,7",14
Luz de Valencia,2076095,Apartamentos,Valencia,1,1,€ 69,2019/09/10,2019/09/11,0,"8,7",14
Buho House,3777691,Apartahotel,Valencia,1,1,€ 69,2019/09/10,2019/09/11,0,"8,5",14
Central Park Apartment Valencia,3881533,Apartamento,Valencia,1,1,NA,2019/09/10,2019/09/11,0,"9,6",14
Host & Home,1663785,NA,Valencia,1,1,€ 70,2019/09/10,2019/09/11,0,"8,9",14
Colors Rooms,675839,NA,Valencia,1,1,€ 40,2019/09/10,2019/09/11,0,"9,5",14
United Colors of Apartments Boutique Style,5372347,Apartamentos,Valencia,1,1,€ 79,2019/09/10,2019/09/11,0,"9,8",14
VALENCIA APARTAMENTO GOYA,4256653,Apartamento,Valencia,1,1,NA,2019/09/10,2019/09/11,0,10,14
Carrer de l'Escriptor Rafael Ferreres,4267645,Apartamento,Valencia,1,1,€ 70,2019/09/10,2019/09/11,0,"8,6",14
Casita bonita con piscina y jardin,5294677,NA,Valencia,1,1,€ 71,2019/09/10,2019/09/11,0,"8,8",14
València Centre Torres de Quart,886289,Apartamentos,Valencia,1,1,€ 73,2019/09/10,2019/09/11,0,"8,9",14
Nest Style Valencia -Nueva apertura-,5219046,NA,Valencia,1,1,€ 113,2019/09/10,2019/09/11,3,"9,8",14
Ramirez Flats & Bar,4124528,Apartahotel,Valencia,1,1,€ 117,2019/09/10,2019/09/11,0,"9,5",14
Apartamento centro frente a Torres de Serrano,3408067,Apartamento,Valencia,1,1,€ 130,2019/09/10,2019/09/11,0,"9,5",14
Valencia Just in the Middle,2965508,Apartamento,Valencia,1,1,€ 135,2019/09/10,2019/09/11,0,"9,9",14
Apartments Torres de Serranos Valencia,1099602,Apartamentos,Valencia,1,1,€ 143,2019/09/10,2019/09/11,0,"9,6",14
Disfruta - Enjoy Valencia Ruzafa,3890328,Apartamento,Valencia,1,1,€ 149,2019/09/10,2019/09/11,0,"9,7",14
ABCyou Bed&Breakfast,189207,NA,Valencia,1,1,€ 73,2019/09/10,2019/09/11,0,"8,5",14
Sercotel Sorolla Palace,93646,NA,Valencia,1,1,€ 74,2019/09/10,2019/09/11,4,"8,6",14
Balcón Al Mar,295109,NA,Valencia,1,1,€ 76,2019/09/10,2019/09/11,0,"8,5",14
Casa La Buhardilla,2985364,Apartamento,Valencia,1,1,NA,2019/09/10,2019/09/11,0,"9,7",14
Disfruta - Enjoy Valencia Ayuntamiento,4901194,Apartamento,Valencia,1,1,€ 159,2019/09/10,2019/09/11,0,"9,6",14
Disfruta - Enjoy Valencia Centre,3881970,Apartamento,Valencia,1,1,€ 169,2019/09/10,2019/09/11,0,"9,8",14
Art&Flats Bed&Breakfast,5238345,NA,Valencia,1,1,€ 40,2019/09/10,2019/09/11,0,"9,2",14
Moon Valencia,3560698,Apartamentos,Valencia,1,1,€ 79,2019/09/10,2019/09/11,0,"8,9",14
Casa del Patriarca,364834,NA,Valencia,1,1,€ 81,2019/09/10,2019/09/11,0,"8,9",14
Pio XII Apartments Valencia,402080,Apartamentos,Valencia,1,1,€ 81,2019/09/10,2019/09/11,0,"8,5",14
Hotel Malcom and Barret,483261,NA,Valencia,1,1,€ 86,2019/09/10,2019/09/11,3,"8,7",14
Cantagua Hostel,4074640,NA,Valencia,1,1,€ 46,2019/09/10,2019/09/11,0,"9,1",14
Hotel Kramer,91106,NA,Valencia,1,1,€ 86,2019/09/10,2019/09/11,3,"8,8",14
Kasa Katia Eco Guest House,636256,NA,Valencia,1,1,€ 57,2019/09/10,2019/09/11,0,"9,4",14
YOU & CO. Saler Beach Boutique,4533007,NA,Valencia,1,1,€ 62,2019/09/10,2019/09/11,3,"9,2",14
Colón Market Downtown,4607745,Apartamento,Valencia,1,1,NA,2019/09/10,2019/09/11,0,"9,8",14
B&B Hi Valencia Boutique,1301725,NA,Valencia,1,1,€ 88,2019/09/10,2019/09/11,0,"8,7",14
Soho Valencia,1538641,Apartahotel,Valencia,1,1,€ 89,2019/09/10,2019/09/11,0,"8,9",14
Blanq Comedias,4922002,NA,Valencia,1,1,€ 68,2019/09/10,2019/09/11,0,"9,2",14
Centro en Valencia,2885222,Apartamento,Valencia,1,1,€ 88,2019/09/10,2019/09/11,0,"9,4",14
Hotel Sercotel Acteón Valencia,90495,NA,Valencia,1,1,€ 89,2019/09/10,2019/09/11,4,"8,5",14
Habitación doble,3599930,NA,Valencia,1,1,€ 90,2019/09/10,2019/09/11,0,"8,9",14
Melia Valencia,290493,NA,Valencia,1,1,€ 93,2019/09/10,2019/09/11,4,"8,8",14
València Centre Túria,2185255,Apartamento,Valencia,1,1,€ 94,2019/09/10,2019/09/11,0,"8,8",14
Apartments Abate 4,2848648,Apartamentos,Valencia,1,1,€ 94,2019/09/10,2019/09/11,0,"9,1",14
La casita de Palomar,2132386,Apartamentos,Valencia,1,1,€ 95,2019/09/10,2019/09/11,0,"9,4",14
RUZAFA. Nice apartment and Terrace.,4368595,Apartamento,Valencia,1,1,€ 95,2019/09/10,2019/09/11,0,"9,3",14
Apartment close to park Marchalenes,4418670,Apartamento,Valencia,1,1,€ 95,2019/09/10,2019/09/11,0,"9,1",14
Apartamento Forn dels Apòstols,3122008,Apartamento,Valencia,1,1,NA,2019/09/10,2019/09/11,0,"9,6",14
Bianca,4232781,Apartamento,Valencia,1,1,€ 96,2019/09/10,2019/09/11,0,9,14
OttoH Charm Stay,2459807,NA,Valencia,1,1,€ 99,2019/09/10,2019/09/11,0,"9,3",14
Apartments Madrina,3278589,Apartamentos,Valencia,1,1,€ 100,2019/09/10,2019/09/11,0,9,14
Apartamento cerca de la Playa y el Centro,2620264,Apartamento,Valencia,1,1,€ 100,2019/09/10,2019/09/11,0,9,14
Valenciaflats Centro Ciudad,18544,Apartamentos,Valencia,1,1,€ 101,2019/09/10,2019/09/11,0,"9,1",14
L'Arbre,3972359,Apartamento,Valencia,1,1,€ 103,2019/09/10,2019/09/11,0,"9,2",14
PORT VALENCIA PLAYA,5259971,Apartamento,Valencia,1,1,NA,2019/09/10,2019/09/11,0,"9,7",14
Citizentral Juristas,1113127,Apartamentos,Valencia,1,1,€ 103,2019/09/10,2019/09/11,0,"9,2",14
City Garden Bed and Breakfast,2204361,NA,Valencia,1,1,€ 104,2019/09/10,2019/09/11,0,"9,4",14
Casual Socarrat Valencia,5142800,NA,Valencia,1,1,€ 105,2019/09/10,2019/09/11,3,"9,2",14
Hotel Valencia Alameda,4019381,NA,Valencia,1,1,€ 109,2019/09/10,2019/09/11,4,"9,3",14
Atico de Lujo,2142556,Apartamento,Valencia,1,1,€ 110,2019/09/10,2019/09/11,0,"9,2",14
Hi Valencia Cánovas,4312120,Apartamentos,Valencia,1,1,€ 111,2019/09/10,2019/09/11,0,9,14
Opera House Valencia B&B,3533887,NA,Valencia,1,1,NA,2019/09/10,2019/09/11,0,"9,5",14
MD Design Hotel - Portal del Real,2391685,NA,Valencia,1,1,€ 111,2019/09/10,2019/09/11,2,"9,1",14
Luminoso piso + balcón en Valencia,4615515,Apartamento,Valencia,1,1,€ 114,2019/09/10,2019/09/11,0,"9,4",14
Mon Suites San Nicolas,4117225,Apartamentos,Valencia,1,1,€ 115,2019/09/10,2019/09/11,0,"9,2",14
Valenciaflats Ciudad de las Ciencias,93676,Apartamentos,Valencia,1,1,€ 115,2019/09/10,2019/09/11,0,"9,1",14
Apartamentos Wallace,1698355,Apartamentos,Valencia,1,1,€ 115,2019/09/10,2019/09/11,0,"9,2",14
Center Valencia,2944722,Casa o chalet,Valencia,1,1,€ 115,2019/09/10,2019/09/11,0,"9,3",14
"Piso ""Como en tu casa""",2689136,Apartamento,Valencia,1,1,€ 118,2019/09/10,2019/09/11,0,"9,2",14
APARTAMENTO CENTRICO. WI-FI. PARKING,2967593,Apartamento,Valencia,1,1,€ 120,2019/09/10,2019/09/11,0,"9,2",14
Mon Suites San Martin,2777545,Apartamentos,Valencia,1,1,€ 120,2019/09/10,2019/09/11,0,"9,4",14
Mon Suites Catedral,485679,Apartamentos,Valencia,1,1,€ 120,2019/09/10,2019/09/11,0,"9,2",14
Sorolla Centro,90896,NA,Valencia,1,1,€ 121,2019/09/10,2019/09/11,3,"9,1",14
Palacio de Rojas,1073276,Apartamentos,Valencia,1,1,€ 124,2019/09/10,2019/09/11,0,"9,4",14
OCEANOGRAFIC APARTMENT. PARKING. WI-FI,3107716,Apartamentos,Valencia,1,1,€ 125,2019/09/10,2019/09/11,0,9,14
HQ Rooms Apartments San Vicente,2894429,Apartamentos,Valencia,1,1,€ 126,2019/09/10,2019/09/11,0,"9,3",14
Center City Flats,861452,Apartamentos,Valencia,1,1,€ 128,2019/09/10,2019/09/11,0,"9,1",14
One Shot Mercat 09,2274203,NA,Valencia,1,1,€ 129,2019/09/10,2019/09/11,4,"9,1",14
BUBUSUITES by Bubuflats,2389776,NA,Valencia,1,1,€ 130,2019/09/10,2019/09/11,0,"9,3",14
Bubuflats Bubu 5,1283519,Apartamento,Valencia,1,1,€ 135,2019/09/10,2019/09/11,0,"9,1",14
