name,propertyId,propertyType,city,rooms,days,price,checkIn,checkOut,stars,score,advance
RoomTuristValencia RuzafaSumsi,4682802,NA,Valencia,1,1,€ 140,2019/09/07,2019/09/08,0,"4,8",14
Port of Valencia,3805735,Apartamento,Valencia,1,1,€ 150,2019/09/07,2019/09/08,0,"4,7",14
Apartamento,3139431,Apartamento,Valencia,1,1,NA,2019/09/07,2019/09/08,0,"9,5",14
Constitucion Guesthouse,2985942,NA,Valencia,1,1,€ 104,2019/09/07,2019/09/08,0,"3,4",14
Florista's Rooms en Valencia,5502152,NA,Valencia,1,1,€ 60,2019/09/07,2019/09/08,0,,14
vosotros sereis parte de mi familia.,5299568,NA,Valencia,1,1,€ 60,2019/09/07,2019/09/08,0,,14
Patraix,5366858,NA,Valencia,1,1,€ 65,2019/09/07,2019/09/08,0,,14
Petxina78 Valencia,5503912,Apartamento,Valencia,1,1,€ 66,2019/09/07,2019/09/08,0,,14
Habitación en Valencia,5477394,NA,Valencia,1,1,€ 72,2019/09/07,2019/09/08,0,,14
Ambrosio Flats Valencia - El Mercat,3131649,Apartamento,Valencia,1,1,NA,2019/09/07,2019/09/08,0,"9,5",14
Magnífico Adosado- cerca de Valencia ciudad- en zona de montaña y playa fluvial,5354233,Casa o chalet,Valencia,1,1,€ 80,2019/09/07,2019/09/08,0,,14
Acogedor apartamento en zona universitaria y playa,5414090,Casa o chalet,Valencia,1,1,€ 82,2019/09/07,2019/09/08,0,,14
Original Domino House,5434091,NA,Valencia,1,1,€ 87,2019/09/07,2019/09/08,0,,14
casa la tranquilidad,5516825,NA,Valencia,1,1,€ 120,2019/09/07,2019/09/08,0,,14
CATHEDRAL ATTIC 1BR- 2BA-TERRACE-VIEW-WI-FI-A/C,5264848,Apartamento,Valencia,1,1,€ 141,2019/09/07,2019/09/08,0,,14
APARTAMENTO MALVARROSA UNIVERSIDADES,5177104,Apartamento,Valencia,1,1,€ 149,2019/09/07,2019/09/08,0,,14
Ayuntamiento Panoramic,3089239,Apartamento,Valencia,1,1,NA,2019/09/07,2019/09/08,0,"9,5",14
Valencia Puerto Beach 3BD Apartment,5249773,Apartamento,Valencia,1,1,€ 192,2019/09/07,2019/09/08,0,,14
Apartamento con terraza,5238122,Apartahotel,Valencia,1,1,€ 240,2019/09/07,2019/09/08,0,,14
Calle eugenia viñes 211 Apartamento,5466253,Apartamento,Valencia,1,1,€ 245,2019/09/07,2019/09/08,0,,14
Aloha Apartment Center Valencia,3101443,Apartamento,Valencia,1,1,€ 350,2019/09/07,2019/09/08,0,,14
Governor Residence,3799760,Apartahotel,Valencia,1,1,€ 600,2019/09/07,2019/09/08,0,,14
Gulet Why Not,5199364,NA,Valencia,1,1,€ 3.600,2019/09/07,2019/09/08,0,,14
Nest Style Valencia -Nueva apertura-,5219046,NA,Valencia,1,1,€ 128,2019/09/07,2019/09/08,3,"9,9",14
Ramirez Flats & Bar,4124528,Apartahotel,Valencia,1,1,€ 171,2019/09/07,2019/09/08,0,"9,5",14
Hostal Antigua Morellana,1273937,NA,Valencia,1,1,NA,2019/09/07,2019/09/08,1,"9,5",14
YOU & CO. Saler Beach Boutique,4533007,NA,Valencia,1,1,€ 100,2019/09/07,2019/09/08,3,"9,1",14
Olvida tu Reloj Congresos Apartment,2448036,Apartamento,Valencia,1,1,€ 116,2019/09/07,2019/09/08,0,"9,2",14
Blanq Comedias,4922002,NA,Valencia,1,1,€ 117,2019/09/07,2019/09/08,0,"9,3",14
MD Design Hotel - Portal del Real,2391685,NA,Valencia,1,1,€ 126,2019/09/07,2019/09/08,2,"9,1",14
Bubuflats Bubu 5,1283519,Apartamento,Valencia,1,1,€ 135,2019/09/07,2019/09/08,0,"9,1",14
Cozy apartment in Valencia center,3402135,Apartamentos,Valencia,1,1,€ 142,2019/09/07,2019/09/08,0,"9,2",14
Colors Rooms,675839,NA,Valencia,1,1,NA,2019/09/07,2019/09/08,0,"9,5",14
Apartamentos La más Bonita,2816245,Apartamentos,Valencia,1,1,€ 158,2019/09/07,2019/09/08,0,"9,1",14
Mon Suites San Nicolas,4117225,Apartamentos,Valencia,1,1,€ 161,2019/09/07,2019/09/08,0,"9,2",14
Jardines del Turia - Espacioso apartamento,2734126,Apartamento,Valencia,1,1,€ 170,2019/09/07,2019/09/08,0,"9,1",14
Apartamentos Wallace,1698355,Apartamentos,Valencia,1,1,€ 175,2019/09/07,2019/09/08,0,"9,2",14
Valenciaflats Centro Ciudad,18544,Apartamentos,Valencia,1,1,€ 179,2019/09/07,2019/09/08,0,"9,1",14
NH Collection Colón Valencia,3828811,NA,Valencia,1,1,€ 193,2019/09/07,2019/09/08,4,"9,2",14
Opera House Valencia B&B,3533887,NA,Valencia,1,1,NA,2019/09/07,2019/09/08,0,"9,5",14
Hostal Venecia,92883,NA,Valencia,1,1,€ 195,2019/09/07,2019/09/08,2,"9,1",14
One Shot Mercat 09,2274203,NA,Valencia,1,1,€ 199,2019/09/07,2019/09/08,4,"9,1",14
Valenciaflats Ciudad de las Ciencias,93676,Apartamentos,Valencia,1,1,€ 202,2019/09/07,2019/09/08,0,"9,1",14
Mon Suites Catedral,485679,Apartamentos,Valencia,1,1,€ 210,2019/09/07,2019/09/08,0,"9,2",14
OCEANOGRAFIC APARTMENT. PARKING. WI-FI,3107716,Apartamentos,Valencia,1,1,€ 210,2019/09/07,2019/09/08,0,9,14
Vincci Mercat,1279484,NA,Valencia,1,1,€ 210,2019/09/07,2019/09/08,4,9,14
L'Esplai Valencia Bed & Breakfast,1282556,NA,Valencia,1,1,NA,2019/09/07,2019/09/08,0,"9,6",14
Loft Superior el Carmen,2784473,Apartamento,Valencia,1,1,€ 212,2019/09/07,2019/09/08,0,"9,4",14
Citizentral Juristas,1113127,Apartamentos,Valencia,1,1,€ 233,2019/09/07,2019/09/08,0,"9,2",14
MARQUÉS HOUSE 4* SUP,2118880,NA,Valencia,1,1,€ 234,2019/09/07,2019/09/08,4,"9,4",14
Las Arenas Balneario Resort,91144,NA,Valencia,1,1,€ 257,2019/09/07,2019/09/08,5,9,14
MYR Hotel Plaza Mercado & Spa,1619029,Apartahotel,Valencia,1,1,€ 259,2019/09/07,2019/09/08,0,"9,2",14
Zerka Sendra,4657122,Apartamento,Valencia,1,1,€ 309,2019/09/07,2019/09/08,0,9,14
CÓMODAS HABITACIONES CERCA DE LA PLAYA,5041799,NA,Valencia,1,1,NA,2019/09/07,2019/09/08,0,"9,5",14
HQ Rooms Apartments San Vicente,2894429,Apartamentos,Valencia,1,1,€ 350,2019/09/07,2019/09/08,0,"9,3",14
MD Julio Antonio Apartment Center,3961049,Apartamento,Valencia,1,1,€ 385,2019/09/07,2019/09/08,0,"9,2",14
Caro Hotel,348132,NA,Valencia,1,1,€ 745,2019/09/07,2019/09/08,5,"9,2",14
Homestay Carrer Sagun,5006434,NA,Valencia,1,1,€ 50,2019/09/07,2019/09/08,0,"8,7",14
Habitación doble,3599930,NA,Valencia,1,1,€ 90,2019/09/07,2019/09/08,0,"8,9",14
Home Youth Hostel by Feetup Hostels,189322,NA,Valencia,1,1,€ 92,2019/09/07,2019/09/08,0,"8,8",14
Welcome Platanos 13 Valencia Beautiful apartments with terrace,5095795,Apartamento,Valencia,1,1,NA,2019/09/07,2019/09/08,0,"9,5",14
Ad Hoc Monumental,90719,NA,Valencia,1,1,€ 111,2019/09/07,2019/09/08,3,"8,6",14
Melia Valencia,290493,NA,Valencia,1,1,€ 115,2019/09/07,2019/09/08,4,"8,8",14
Sercotel Sorolla Palace,93646,NA,Valencia,1,1,€ 116,2019/09/07,2019/09/08,4,"8,6",14
Hotel Kramer,91106,NA,Valencia,1,1,€ 117,2019/09/07,2019/09/08,3,"8,8",14
Les flors,3985046,Apartamento,Valencia,1,1,€ 120,2019/09/07,2019/09/08,0,"8,6",14
Hotel Valencia Oceanic Managed by Melia Hotels International,91522,NA,Valencia,1,1,€ 123,2019/09/07,2019/09/08,4,"8,6",14
Hotel Dimar,90886,NA,Valencia,1,1,€ 126,2019/09/07,2019/09/08,4,"8,7",14
Hotel Malcom and Barret,483261,NA,Valencia,1,1,€ 135,2019/09/07,2019/09/08,3,"8,7",14
Ilunion Aqua 4,92777,NA,Valencia,1,1,€ 135,2019/09/07,2019/09/08,4,"8,5",14
Hotel Sercotel Acteón Valencia,90495,NA,Valencia,1,1,€ 139,2019/09/07,2019/09/08,4,"8,5",14
One Shot Colón 46,1394168,NA,Valencia,1,1,€ 139,2019/09/07,2019/09/08,3,"8,7",14
Zenit Valencia,92327,NA,Valencia,1,1,€ 144,2019/09/07,2019/09/08,4,"8,8",14
AC Hotel Valencia- a Marriott Lifestyle Hotel,91063,NA,Valencia,1,1,€ 146,2019/09/07,2019/09/08,4,"8,6",14
Jardín Botánico Hotel Boutique,93369,NA,Valencia,1,1,€ 150,2019/09/07,2019/09/08,3,"8,9",14
Barceló Valencia,91988,NA,Valencia,1,1,€ 153,2019/09/07,2019/09/08,4,"8,7",14
One Shot Palacio Reina Victoria 04,90885,NA,Valencia,1,1,€ 159,2019/09/07,2019/09/08,4,"8,6",14
Rooms Ciencias,94126,NA,Valencia,1,1,€ 162,2019/09/07,2019/09/08,0,"8,9",14
El Palacete Gran Via,3483148,NA,Valencia,1,1,€ 162,2019/09/07,2019/09/08,0,"8,8",14
Zerka Centro,4425975,Apartamentos,Valencia,1,1,€ 219,2019/09/07,2019/09/08,0,"8,3",14
Musico Peydro Apartments,3765069,Apartamentos,Valencia,1,1,€ 397,2019/09/07,2019/09/08,0,"8,1",14
Apartamento Ciencias y Justicia,3825841,Apartamento,Valencia,1,1,NA,2019/09/07,2019/09/08,0,"9,5",14
MD Vila Barbera Apartment Center,1957253,Apartamento,Valencia,1,1,€ 528,2019/09/07,2019/09/08,0,"8,4",14
Habitación San Cayetano,4624401,NA,Valencia,1,1,€ 50,2019/09/07,2019/09/08,0,"7,7",14
Valencia City Host,1177077,NA,Valencia,1,1,€ 56,2019/09/07,2019/09/08,0,"7,8",14
Centro & Viaje,4215175,NA,Valencia,1,1,€ 58,2019/09/07,2019/09/08,0,"7,6",14
Hotel Beleret,94652,NA,Valencia,1,1,€ 58,2019/09/07,2019/09/08,3,"7,6",14
Habitacion por dias Centro Valencia,3977106,NA,Valencia,1,1,€ 64,2019/09/07,2019/09/08,0,"7,9",14
Apartamento en la Ciudad de las Artes y las Ciencias,3552283,Apartamento,Valencia,1,1,NA,2019/09/07,2019/09/08,0,"9,5",14
Pensión Universal,304276,NA,Valencia,1,1,€ 70,2019/09/07,2019/09/08,0,"7,9",14
MyHomestay,2921259,NA,Valencia,1,1,€ 85,2019/09/07,2019/09/08,0,"7,7",14
Valencia Lounge Hostel,337203,NA,Valencia,1,1,€ 91,2019/09/07,2019/09/08,0,"7,8",14
Ilunion Valencia 3,92818,NA,Valencia,1,1,€ 97,2019/09/07,2019/09/08,3,"7,9",14
OYO Pensión El Rincón,476031,NA,Valencia,1,1,€ 98,2019/09/07,2019/09/08,1,"7,7",14
Hotel Turia,14441,NA,Valencia,1,1,€ 109,2019/09/07,2019/09/08,4,"7,5",14
Apartamento luminoso y acogedor,3489126,Apartamento,Valencia,1,1,NA,2019/09/07,2019/09/08,0,"9,5",14
Expo Hotel Valencia,91223,NA,Valencia,1,1,€ 115,2019/09/07,2019/09/08,3,"7,6",14
Cosy Rooms Tapinería,371192,NA,Valencia,1,1,€ 124,2019/09/07,2019/09/08,2,"7,5",14
Checkin Valencia,93743,NA,Valencia,1,1,€ 134,2019/09/07,2019/09/08,4,"7,8",14
SHF Plaza de la Reina,1682520,Apartamentos,Valencia,1,1,€ 136,2019/09/07,2019/09/08,0,"7,7",14
Old Town Flats Casa Burguerini,4552106,Apartamentos,Valencia,1,1,€ 153,2019/09/07,2019/09/08,0,"7,6",14
Kirei Apartment Calgary,4768322,Apartamento,Valencia,1,1,€ 161,2019/09/07,2019/09/08,0,"7,6",14
Apartamento centro frente a Torres de Serrano,3408067,Apartamento,Valencia,1,1,NA,2019/09/07,2019/09/08,0,"9,5",14
Apartment Florista,2150187,Apartamento,Valencia,1,1,€ 162,2019/09/07,2019/09/08,0,"7,9",14
El 16 Ruzafa,865461,Apartamentos,Valencia,1,1,€ 169,2019/09/07,2019/09/08,0,"7,7",14
Apartamento cerca de la playa y Ciudad de las Ciencias,4576062,Apartamento,Valencia,1,1,€ 169,2019/09/07,2019/09/08,0,"7,8",14
MD Art Apartment Ruzafa,2550955,Apartamento,Valencia,1,1,€ 387,2019/09/07,2019/09/08,0,"7,6",14
MD Oliag I Apartment Ruzafa,2867488,Apartamento,Valencia,1,1,€ 513,2019/09/07,2019/09/08,0,"7,7",14
HOSPEDAJE PESET,4718074,NA,Valencia,1,1,€ 40,2019/09/07,2019/09/08,0,"7,2",14
ApartUP Mestalla Home,3300511,Apartamento,Valencia,1,1,NA,2019/09/07,2019/09/08,0,"9,5",14
Homestay & OLEE,4132920,NA,Valencia,1,1,€ 80,2019/09/07,2019/09/08,0,"7,3",14
Central Station Valencia Hostel,1647017,NA,Valencia,1,1,€ 89,2019/09/07,2019/09/08,0,"7,1",14
HOSTAL BED OF THE SEA,3974636,NA,Valencia,1,1,€ 92,2019/09/07,2019/09/08,0,7,14
Cosy Rooms Embajador,369728,NA,Valencia,1,1,€ 99,2019/09/07,2019/09/08,2,"7,4",14
Apartments Calle Padre Damian,4523326,Apartamentos,Valencia,1,1,€ 105,2019/09/07,2019/09/08,0,"7,2",14
NWT Monserrat,3728842,Apartamentos,Valencia,1,1,€ 154,2019/09/07,2019/09/08,0,7,14
Travel Habitat Ático Ciutat Vella.,3264750,Apartamento,Valencia,1,1,NA,2019/09/07,2019/09/08,0,"9,5",14
Apartamento para 10 personas,5029963,Apartamento,Valencia,1,1,€ 200,2019/09/07,2019/09/08,0,"7,3",14
MD Puerto Rico Apartment Ruzafa,3737151,Apartamento,Valencia,1,1,€ 455,2019/09/07,2019/09/08,0,"7,4",14
MD Olivereta Apartment,3783665,Apartamento,Valencia,1,1,€ 528,2019/09/07,2019/09/08,0,"7,3",14
Loyola Room Habitación en Piso Compartido,3298489,NA,Valencia,1,1,€ 37,2019/09/07,2019/09/08,0,"6,7",14
Premium Apartments,486507,Apartamentos,Valencia,1,1,€ 159,2019/09/07,2019/09/08,0,"6,9",14
Malvarrosa Beach,3546692,Casas y chalets,Valencia,1,1,€ 660,2019/09/07,2019/09/08,0,"6,6",14
Fun and Sun Center 2,2944416,NA,Valencia,1,1,€ 45,2019/09/07,2019/09/08,0,"6,1",14
Casita Esmeralda,2040126,Casa o chalet,Valencia,1,1,€ 139,2019/09/07,2019/09/08,0,"6,3",14
Carrer del Bisbe Jaume Pérez,4900140,NA,Valencia,1,1,€ 60,2019/09/07,2019/09/08,0,"5,8",14
Oliver,4865093,NA,Valencia,1,1,€ 73,2019/09/07,2019/09/08,0,"5,6",14
Ruzafa Guesthouse,2269176,NA,Valencia,1,1,€ 95,2019/09/07,2019/09/08,0,"5,6",14
RoomTuristValencia - Ruzafa,4608394,NA,Valencia,1,1,€ 125,2019/09/07,2019/09/08,0,"5,5",14
Guest House Duc de Gaeta,2275007,NA,Valencia,1,1,€ 105,2019/09/07,2019/09/08,0,5,14
Guest House Torres de Quart,2275006,NA,Valencia,1,1,€ 115,2019/09/07,2019/09/08,0,"5,4",14
RoomTuristValencia Estacion del Norte,4682632,NA,Valencia,1,1,€ 140,2019/09/07,2019/09/08,0,"5,3",14
Guest House Ruzafa,2324552,NA,Valencia,1,1,€ 145,2019/09/07,2019/09/08,0,"5,3",14
Guesthouse Plaza de Toros,2985902,NA,Valencia,1,1,€ 88,2019/09/07,2019/09/08,0,"4,9",14
RoomTuristValencia Torres de Quart,4565643,NA,Valencia,1,1,€ 120,2019/09/07,2019/09/08,0,"4,5",14
Valenciaflats Mercado Central,307677,Apartamentos,Valencia,1,1,€ 166,2019/09/07,2019/09/08,0,"8,9",14
Valenciaflats Centro Histórico,94781,Apartamentos,Valencia,1,1,€ 170,2019/09/07,2019/09/08,0,"8,7",14
Opera House Valencia B&B,3533887,NA,Valencia,1,1,NA,2019/09/07,2019/09/08,0,"9,5",14
Lotelito,570027,NA,Valencia,1,1,€ 175,2019/09/07,2019/09/08,0,"8,9",14
Blanq Carmen Hotel,97069,NA,Valencia,1,1,€ 175,2019/09/07,2019/09/08,3,"8,7",14
Pio XII Apartments Valencia,402080,Apartamentos,Valencia,1,1,€ 180,2019/09/07,2019/09/08,0,"8,5",14
Hotel San Lorenzo Boutique,1307718,NA,Valencia,1,1,€ 181,2019/09/07,2019/09/08,3,"8,6",14
València Centre Torres de Quart,886289,Apartamentos,Valencia,1,1,€ 183,2019/09/07,2019/09/08,0,"8,9",14
The Westin Valencia,93321,NA,Valencia,1,1,€ 188,2019/09/07,2019/09/08,5,"8,7",14
Valencia what else...,2550483,Apartamento,Valencia,1,1,NA,2019/09/07,2019/09/08,0,"9,5",14
AC Hotel Colon Valencia- a Marriott Lifestyle Hotel,1117150,NA,Valencia,1,1,€ 189,2019/09/07,2019/09/08,4,"8,7",14
Citizentral Gascons,332095,Apartamentos,Valencia,1,1,€ 189,2019/09/07,2019/09/08,0,"8,7",14
Catalonia Excelsior,90578,NA,Valencia,1,1,€ 190,2019/09/07,2019/09/08,3,"8,7",14
Vincci Palace,94163,NA,Valencia,1,1,€ 190,2019/09/07,2019/09/08,4,"8,6",14
Vincci Lys,91183,NA,Valencia,1,1,€ 190,2019/09/07,2019/09/08,4,"8,9",14
SH Valencia Palace,91497,NA,Valencia,1,1,€ 215,2019/09/07,2019/09/08,5,"8,5",14
CÓMODAS HABITACIONES CERCA DE LA PLAYA,5041799,NA,Valencia,1,1,NA,2019/09/07,2019/09/08,0,"9,5",14
Hospes Palau de La Mar,93823,NA,Valencia,1,1,€ 234,2019/09/07,2019/09/08,5,"8,8",14
Casita bonita con piscina y jardin,5294677,NA,Valencia,1,1,€ 238,2019/09/07,2019/09/08,0,"8,8",14
Soho Valencia,1538641,Apartahotel,Valencia,1,1,€ 249,2019/09/07,2019/09/08,0,"8,9",14
Apartamentos Turia,355328,Apartamentos,Valencia,1,1,€ 252,2019/09/07,2019/09/08,0,"8,6",14
Melia Plaza Valencia,13270,NA,Valencia,1,1,€ 253,2019/09/07,2019/09/08,4,"8,9",14
Apartamento Torres de Serrano,5083131,Apartamento,Valencia,1,1,€ 266,2019/09/07,2019/09/08,0,"8,8",14
City Valencia Beach 360,4504803,Apartamento,Valencia,1,1,NA,2019/09/07,2019/09/08,0,"9,5",14
SH Ingles Boutique Hotel,92956,NA,Valencia,1,1,€ 285,2019/09/07,2019/09/08,4,"8,5",14
Hotel Neptuno,91206,NA,Valencia,1,1,€ 553,2019/09/07,2019/09/08,4,"8,5",14
Purple Nest Hostel,25278,NA,Valencia,1,1,€ 37,2019/09/07,2019/09/08,0,"8,1",14
Red Nest Hostel,92283,NA,Valencia,1,1,€ 57,2019/09/07,2019/09/08,0,"8,2",14
Tryp Valencia Feria,92852,NA,Valencia,1,1,€ 72,2019/09/07,2019/09/08,4,"8,3",14
Eurostars Gran Valencia,90484,NA,Valencia,1,1,€ 80,2019/09/07,2019/09/08,4,"8,3",14
Apartamento en la Ciudad de las Artes y las Ciencias,3552283,Apartamento,Valencia,1,1,NA,2019/09/07,2019/09/08,0,"9,5",14
MD Modern Hotel - Jardines,305447,NA,Valencia,1,1,€ 100,2019/09/07,2019/09/08,1,"8,2",14
Ilunion Valencia 4,754329,NA,Valencia,1,1,€ 105,2019/09/07,2019/09/08,4,8,14
NH Valencia Center,90727,NA,Valencia,1,1,€ 108,2019/09/07,2019/09/08,4,"8,3",14
APARTAMENTO LAS MELLIZAS,4651578,NA,Valencia,1,1,€ 54,2019/09/07,2019/09/08,0,"8,4",14
Ilunion Aqua 3,92776,NA,Valencia,1,1,€ 119,2019/09/07,2019/09/08,3,"8,3",14
Sol Playa,12656,NA,Valencia,1,1,€ 121,2019/09/07,2019/09/08,2,"8,3",14
Apartamento centro frente a Torres de Serrano,3408067,Apartamento,Valencia,1,1,NA,2019/09/07,2019/09/08,0,"9,5",14
L'Otelet By Sweet,1467935,NA,Valencia,1,1,€ 122,2019/09/07,2019/09/08,0,"8,3",14
Preciosos Apartamentos en el Carmen,2918345,Apartamentos,Valencia,1,1,€ 122,2019/09/07,2019/09/08,0,"8,2",14
SHF Flats Baron,1033085,Apartamentos,Valencia,1,1,€ 132,2019/09/07,2019/09/08,0,8,14
NH Valencia Las Ciencias,90725,NA,Valencia,1,1,€ 132,2019/09/07,2019/09/08,3,8,14
NH Valencia Las Artes,90731,NA,Valencia,1,1,€ 133,2019/09/07,2019/09/08,4,"8,4",14
Senator Parque Central Hotel,274963,NA,Valencia,1,1,€ 134,2019/09/07,2019/09/08,4,"8,1",14
Valencia Boutique Plaza de la Reina,1541067,Apartamentos,Valencia,1,1,€ 135,2019/09/07,2019/09/08,0,"8,1",14
Hotel Valencia Center,91285,NA,Valencia,1,1,€ 135,2019/09/07,2019/09/08,4,"8,4",14
United Colors of Apartments - Catedral,1301545,Apartamentos,Valencia,1,1,€ 142,2019/09/07,2019/09/08,0,"8,2",14
NH Ciudad de Valencia,90729,NA,Valencia,1,1,€ 143,2019/09/07,2019/09/08,3,"8,1",14
Hotel Medium Valencia,96838,NA,Valencia,1,1,€ 144,2019/09/07,2019/09/08,4,"8,1",14
Casual de las Artes Valencia,538056,NA,Valencia,1,1,€ 150,2019/09/07,2019/09/08,3,"8,4",14
Primus Valencia,331871,NA,Valencia,1,1,€ 158,2019/09/07,2019/09/08,4,"8,3",14
Sweet Hotel Renasa,274818,NA,Valencia,1,1,€ 159,2019/09/07,2019/09/08,3,8,14
Friendly Rentals Verdi,1634232,Apartamento,Valencia,1,1,€ 176,2019/09/07,2019/09/08,0,"8,2",14
Holiday Inn Express Ciudad de las Ciencias,96737,NA,Valencia,1,1,€ 180,2019/09/07,2019/09/08,3,8,14
Eurostars Rey Don Jaime,91520,NA,Valencia,1,1,€ 188,2019/09/07,2019/09/08,4,"8,2",14
Hotel Conqueridor,91047,NA,Valencia,1,1,€ 189,2019/09/07,2019/09/08,4,"8,4",14
