name,propertyId,propertyType,city,rooms,days,price,checkIn,checkOut,stars,score,advance
Oliver,4865093,NA,Valencia,1,1,€ 73,2019/09/12,2019/09/13,0,"5,6",14
Guest House Duc de Gaeta,2275007,NA,Valencia,1,1,€ 33,2019/09/12,2019/09/13,0,5,14
RUZAFA- CENTRO-A/C- WI-FI- PARKING,2885994,Apartamento,Valencia,1,1,NA,2019/09/12,2019/09/13,0,"9,7",14
RoomTuristValencia Estacion del Norte,4682632,NA,Valencia,1,1,€ 35,2019/09/12,2019/09/13,0,"5,2",14
Guest House Torres de Quart,2275006,NA,Valencia,1,1,€ 35,2019/09/12,2019/09/13,0,"5,3",14
Guest House Ruzafa,2324552,NA,Valencia,1,1,€ 40,2019/09/12,2019/09/13,0,"5,3",14
RoomTuristValencia Torres de Quart,4565643,NA,Valencia,1,1,€ 30,2019/09/12,2019/09/13,0,"4,5",14
Guesthouse Plaza de Toros,2985902,NA,Valencia,1,1,€ 33,2019/09/12,2019/09/13,0,"4,9",14
RoomTuristValencia RuzafaSumsi,4682802,NA,Valencia,1,1,€ 40,2019/09/12,2019/09/13,0,"4,7",14
APARTAMENTO DE DISEÑO EN PLAZA MANISES,2823390,Apartamento,Valencia,1,1,NA,2019/09/12,2019/09/13,0,"9,7",14
Port of Valencia,3805735,Apartamento,Valencia,1,1,€ 79,2019/09/12,2019/09/13,0,"4,7",14
Apartamento Islas Canarias,2304086,Apartamento,Valencia,1,1,€ 71,2019/09/12,2019/09/13,0,"3,9",14
Constitucion Guesthouse,2985942,NA,Valencia,1,1,€ 30,2019/09/12,2019/09/13,0,"3,4",14
Como en casa !!,5427108,NA,Valencia,1,1,€ 40,2019/09/12,2019/09/13,0,,14
Florista's Rooms en Valencia,5502152,NA,Valencia,1,1,€ 50,2019/09/12,2019/09/13,0,,14
Patraix,5366858,NA,Valencia,1,1,€ 55,2019/09/12,2019/09/13,0,,14
El Corazon de Canovas,2634817,Apartamento,Valencia,1,1,NA,2019/09/12,2019/09/13,0,"9,7",14
Rio Turia B&B,5531073,NA,Valencia,1,1,€ 55,2019/09/12,2019/09/13,0,,14
Rooms El Picolino,5326859,NA,Valencia,1,1,€ 60,2019/09/12,2019/09/13,0,,14
vosotros sereis parte de mi familia.,5299568,NA,Valencia,1,1,€ 60,2019/09/12,2019/09/13,0,,14
Rooms Valencia Center,5507857,NA,Valencia,1,1,€ 65,2019/09/12,2019/09/13,0,,14
Attic Rooms in Botánico,5522932,NA,Valencia,1,1,€ 65,2019/09/12,2019/09/13,0,,14
Hogar Dulce Hogar,5426607,NA,Valencia,1,1,€ 70,2019/09/12,2019/09/13,0,,14
Disfruta De Playa Y Ciudad,2470646,Apartamento,Valencia,1,1,NA,2019/09/12,2019/09/13,0,"9,6",14
Magnífico Adosado- cerca de Valencia ciudad- en zona de montaña y playa fluvial,5354233,Casa o chalet,Valencia,1,1,€ 72,2019/09/12,2019/09/13,0,,14
Habitación en Valencia,5477394,NA,Valencia,1,1,€ 72,2019/09/12,2019/09/13,0,,14
Comfort Homestay,5423155,NA,Valencia,1,1,€ 75,2019/09/12,2019/09/13,0,,14
Acogedor apartamento en zona universitaria y playa,5414090,Casa o chalet,Valencia,1,1,€ 78,2019/09/12,2019/09/13,0,,14
APARTAMENTO EN LA PLAYA,5503515,Apartamento,Valencia,1,1,€ 85,2019/09/12,2019/09/13,0,,14
Original Domino House,5434091,NA,Valencia,1,1,€ 87,2019/09/12,2019/09/13,0,,14
La Casa Verde - Ruzafa,2029143,Apartamento,Valencia,1,1,NA,2019/09/12,2019/09/13,0,"9,7",14
PISO DE DISEÑO A 5 MIN ANDANDO DE LA PLAYA,5546265,Apartamento,Valencia,1,1,€ 95,2019/09/12,2019/09/13,0,,14
Malvarosa Beach Economy,2336068,Apartamento,Valencia,1,1,€ 113,2019/09/12,2019/09/13,0,,14
casa la tranquilidad,5516825,NA,Valencia,1,1,€ 120,2019/09/12,2019/09/13,0,,14
RAVALENCIA 4,3377937,Apartamento,Valencia,1,1,€ 124,2019/09/12,2019/09/13,0,,14
CASA MARQUES DE CARO,4472176,Apartamento,Valencia,1,1,€ 139,2019/09/12,2019/09/13,0,,14
Apartamento con terraza,5238122,Apartahotel,Valencia,1,1,€ 240,2019/09/12,2019/09/13,0,,14
Flats Piera Valencia Center,1490563,Apartamentos,Valencia,1,1,NA,2019/09/12,2019/09/13,0,"9,6",14
"Flat ""Ca Alexandre""",3687859,Apartamento,Valencia,1,1,€ 240,2019/09/12,2019/09/13,0,,14
Governor Residence,3799760,Apartahotel,Valencia,1,1,€ 600,2019/09/12,2019/09/13,0,,14
MD PASEO RUZAFA CENTER,5374850,Apartamento,Valencia,1,1,€ 1.020,2019/09/12,2019/09/13,0,,14
Gulet Why Not,5199364,NA,Valencia,1,1,€ 3.600,2019/09/12,2019/09/13,0,,14
The Westin Valencia,93321,NA,Valencia,1,1,€ 5.559,2019/09/12,2019/09/13,5,"8,7",14
Center Valencia Youth Hostel,246931,NA,Valencia,1,1,€ 23,2019/09/12,2019/09/13,0,8,14
Cool Central Market,3424724,Apartamento,Valencia,1,1,NA,2019/09/12,2019/09/13,0,"9,9",14
Red Nest Hostel,92283,NA,Valencia,1,1,€ 44,2019/09/12,2019/09/13,0,"8,1",14
Habitacion en Valencia Barata,4861796,NA,Valencia,1,1,€ 45,2019/09/12,2019/09/13,0,"8,2",14
Hostal Abastos,257057,NA,Valencia,1,1,€ 50,2019/09/12,2019/09/13,2,"8,2",14
7 Moons Bed & Breakfast,464187,NA,Valencia,1,1,€ 53,2019/09/12,2019/09/13,0,"8,4",14
Purple Nest Hostel,25278,NA,Valencia,1,1,€ 53,2019/09/12,2019/09/13,0,"8,1",14
Como en casa,4802186,NA,Valencia,1,1,€ 54,2019/09/12,2019/09/13,0,"8,1",14
Valencian Dreams,3268804,Apartamento,Valencia,1,1,NA,2019/09/12,2019/09/13,0,"9,8",14
Aparthotel Valencia Rental,17344,Apartahotel,Valencia,1,1,€ 58,2019/09/12,2019/09/13,0,8,14
Hotel Villacarlos,90730,NA,Valencia,1,1,€ 60,2019/09/12,2019/09/13,3,8,14
Pension MonaLisa Luxury Suites,3834224,NA,Valencia,1,1,€ 60,2019/09/12,2019/09/13,0,"8,2",14
Reina 12,1684198,NA,Valencia,1,1,€ 60,2019/09/12,2019/09/13,0,"8,2",14
Apartamentos Valencia,1007682,Apartamentos,Valencia,1,1,€ 60,2019/09/12,2019/09/13,0,"8,3",14
B&B Hi Valencia Canovas,305349,NA,Valencia,1,1,€ 60,2019/09/12,2019/09/13,0,"8,4",14
Valencia Just in the Middle,2965508,Apartamento,Valencia,1,1,NA,2019/09/12,2019/09/13,0,"9,9",14
Urban Youth Hostel,1163025,NA,Valencia,1,1,€ 63,2019/09/12,2019/09/13,0,"8,4",14
L'Otelet By Sweet,1467935,NA,Valencia,1,1,€ 64,2019/09/12,2019/09/13,0,"8,3",14
Dormavalencia Hostel,249585,NA,Valencia,1,1,€ 65,2019/09/12,2019/09/13,1,"8,2",14
Tryp Valencia Feria,92852,NA,Valencia,1,1,€ 68,2019/09/12,2019/09/13,4,"8,3",14
Dormavalencia Hostel Regne,291755,NA,Valencia,1,1,€ 69,2019/09/12,2019/09/13,1,8,14
Nanit Valencia Hostel,3913497,NA,Valencia,1,1,€ 69,2019/09/12,2019/09/13,0,"8,3",14
Apartment Sofi,2830696,Apartamento,Valencia,1,1,NA,2019/09/12,2019/09/13,0,"9,8",14
Hotel Alkazar,408511,NA,Valencia,1,1,€ 69,2019/09/12,2019/09/13,1,"8,1",14
City Suites Apartments,3091106,NA,Valencia,1,1,€ 74,2019/09/12,2019/09/13,0,"8,4",14
Hotel Miramar,23332,NA,Valencia,1,1,€ 79,2019/09/12,2019/09/13,2,"8,4",14
United Colors of Apartments - Catedral,1301545,Apartamentos,Valencia,1,1,€ 79,2019/09/12,2019/09/13,0,"8,2",14
Happy Apartments Valencia – Lope de Vega,575582,Apartamentos,Valencia,1,1,€ 79,2019/09/12,2019/09/13,0,"8,1",14
Eurostars Gran Valencia,90484,NA,Valencia,1,1,€ 79,2019/09/12,2019/09/13,4,"8,3",14
Apartment Plaza Cisneros,1273377,Apartamentos,Valencia,1,1,NA,2019/09/12,2019/09/13,0,"9,8",14
Happy Apartments Valencia,456043,Apartamentos,Valencia,1,1,€ 80,2019/09/12,2019/09/13,0,"8,2",14
Up Town,2244083,Apartamentos,Valencia,1,1,€ 81,2019/09/12,2019/09/13,0,"8,3",14
Ilunion Valencia 4,754329,NA,Valencia,1,1,€ 84,2019/09/12,2019/09/13,4,8,14
Down Town,1656378,Apartamentos,Valencia,1,1,€ 88,2019/09/12,2019/09/13,0,"8,3",14
Burjassot Mestalla,3058627,Apartamento,Valencia,1,1,€ 100,2019/09/12,2019/09/13,0,"8,6",14
Casual del Cine Valencia,572187,NA,Valencia,1,1,€ 101,2019/09/12,2019/09/13,2,"8,6",14
Preciosa Casita Cerca Del Mar,4057271,Apartamento,Valencia,1,1,NA,2019/09/12,2019/09/13,0,"9,7",14
Ad Hoc Carmen,1173270,NA,Valencia,1,1,€ 105,2019/09/12,2019/09/13,2,"8,9",14
Ilunion Aqua 4,92777,NA,Valencia,1,1,€ 105,2019/09/12,2019/09/13,4,"8,5",14
Valenciaflats Mercado Central,307677,Apartamentos,Valencia,1,1,€ 106,2019/09/12,2019/09/13,0,"8,9",14
Modern Cabanyal Apartment,4691481,Apartamentos,Valencia,1,1,€ 109,2019/09/12,2019/09/13,0,"8,7",14
Lotelito,570027,NA,Valencia,1,1,€ 110,2019/09/12,2019/09/13,0,"8,9",14
Marina Loft & Apartments,432326,Apartamentos,Valencia,1,1,€ 110,2019/09/12,2019/09/13,0,"8,7",14
Central Park Apartment Valencia,3881533,Apartamento,Valencia,1,1,NA,2019/09/12,2019/09/13,0,"9,6",14
Hotel Valencia Oceanic Managed by Melia Hotels International,91522,NA,Valencia,1,1,€ 110,2019/09/12,2019/09/13,4,"8,6",14
Apartamento en Valencia,2549783,Apartamento,Valencia,1,1,€ 110,2019/09/12,2019/09/13,0,"8,7",14
Ad Hoc Monumental,90719,NA,Valencia,1,1,€ 111,2019/09/12,2019/09/13,3,"8,6",14
Boutique Creative Rooms,2334726,NA,Valencia,1,1,€ 117,2019/09/12,2019/09/13,0,"8,7",14
Perla Apartments,3146781,Apartamentos,Valencia,1,1,€ 117,2019/09/12,2019/09/13,0,"8,7",14
Casual Vintage Valencia,1710241,NA,Valencia,1,1,€ 117,2019/09/12,2019/09/13,2,"8,6",14
Atico Loft Ruzafa,3152977,Apartamento,Valencia,1,1,NA,2019/09/12,2019/09/13,0,"9,7",14
Hotel Dimar,90886,NA,Valencia,1,1,€ 117,2019/09/12,2019/09/13,4,"8,7",14
El Palacete Gran Via,3483148,NA,Valencia,1,1,€ 123,2019/09/12,2019/09/13,0,"8,9",14
Valenciaflats Centro Histórico,94781,Apartamentos,Valencia,1,1,€ 124,2019/09/12,2019/09/13,0,"8,7",14
Apartamentos Valencia - Brazil 31 Free WiFi,4948554,Apartamento,Valencia,1,1,€ 125,2019/09/12,2019/09/13,0,"8,8",14
Petit Palace Ruzafa,90792,NA,Valencia,1,1,€ 125,2019/09/12,2019/09/13,3,"8,7",14
Apartamento Sofia,2552406,Apartamento,Valencia,1,1,€ 130,2019/09/12,2019/09/13,0,"8,6",14
Luxury Beach House,3602594,Casa o chalet,Valencia,1,1,NA,2019/09/12,2019/09/13,0,"9,7",14
Plaza de la Virgen,3167342,Apartamento,Valencia,1,1,€ 130,2019/09/12,2019/09/13,0,"8,7",14
BUBUFLATS Mossén,1141763,Apartamentos,Valencia,1,1,€ 130,2019/09/12,2019/09/13,0,"8,9",14
Blanq Carmen Hotel,97069,NA,Valencia,1,1,€ 131,2019/09/12,2019/09/13,3,"8,7",14
Friendly Rentals Casals,1769176,Apartamento,Valencia,1,1,€ 132,2019/09/12,2019/09/13,0,"8,7",14
Zenit Valencia,92327,NA,Valencia,1,1,€ 135,2019/09/12,2019/09/13,4,"8,8",14
Friendly Rentals Soler,1634237,Apartamento,Valencia,1,1,€ 137,2019/09/12,2019/09/13,0,"8,7",14
Lounge by the sea,4756780,Apartamento,Valencia,1,1,NA,2019/09/12,2019/09/13,0,"9,8",14
One Shot Colón 46,1394168,NA,Valencia,1,1,€ 139,2019/09/12,2019/09/13,3,"8,7",14
Vincci Palace,94163,NA,Valencia,1,1,€ 149,2019/09/12,2019/09/13,4,"8,6",14
Flatsforyou Ruzafa,3342696,Apartamentos,Valencia,1,1,€ 150,2019/09/12,2019/09/13,0,"8,8",14
Hotel Mediterraneo Valencia,92412,NA,Valencia,1,1,€ 150,2019/09/12,2019/09/13,3,"8,8",14
AC Hotel Valencia- a Marriott Lifestyle Hotel,91063,NA,Valencia,1,1,€ 151,2019/09/12,2019/09/13,4,"8,6",14
Friendly Rentals Verdi 2,2523881,Apartamento,Valencia,1,1,€ 153,2019/09/12,2019/09/13,0,"8,6",14
Casa Botànic - Céntrico y con comodidades,4218273,Apartamento,Valencia,1,1,NA,2019/09/12,2019/09/13,0,"9,8",14
Friendly Rentals Strauss,1634236,Apartamento,Valencia,1,1,€ 159,2019/09/12,2019/09/13,0,"8,8",14
Petit Palace Plaza de la Reina,90443,NA,Valencia,1,1,€ 159,2019/09/12,2019/09/13,3,"8,7",14
Piso moderno y confortable en El Cabañal,3954999,Apartamento,Valencia,1,1,€ 160,2019/09/12,2019/09/13,0,"8,6",14
Puerta de Serranos,2734333,Apartamentos,Valencia,1,1,€ 161,2019/09/12,2019/09/13,0,"8,8",14
MD Modern Hotel - Jardines,305447,NA,Valencia,1,1,€ 88,2019/09/12,2019/09/13,1,"8,2",14
SHF Flats Baron,1033085,Apartamentos,Valencia,1,1,€ 90,2019/09/12,2019/09/13,0,8,14
Casa Calle Conquista,4691493,Apartamento,Valencia,1,1,NA,2019/09/12,2019/09/13,0,"9,6",14
Holiday Inn Express Ciudad de las Ciencias,96737,NA,Valencia,1,1,€ 95,2019/09/12,2019/09/13,3,8,14
Ilunion Aqua 3,92776,NA,Valencia,1,1,€ 95,2019/09/12,2019/09/13,3,"8,3",14
One Shot Palacio Reina Victoria 04,90885,NA,Valencia,1,1,€ 169,2019/09/12,2019/09/13,4,"8,6",14
Cathedral Suites Hotel,1736257,Apartahotel,Valencia,1,1,€ 169,2019/09/12,2019/09/13,4,"8,9",14
Mar & City Apartment,3456759,Apartamento,Valencia,1,1,€ 174,2019/09/12,2019/09/13,0,"8,8",14
Friendly Rentals Gala,1634252,Apartamento,Valencia,1,1,€ 198,2019/09/12,2019/09/13,0,"8,8",14
NH Valencia Las Ciencias,90725,NA,Valencia,1,1,€ 97,2019/09/12,2019/09/13,3,8,14
Sweet Hotel Continental,93856,NA,Valencia,1,1,€ 99,2019/09/12,2019/09/13,2,"8,3",14
Sweet Hotel Renasa,274818,NA,Valencia,1,1,€ 99,2019/09/12,2019/09/13,3,8,14
APARTAMENTO LAS MELLIZAS,4651578,NA,Valencia,1,1,€ 50,2019/09/12,2019/09/13,0,"8,4",14
Preciosos Apartamentos en el Carmen,2918345,Apartamentos,Valencia,1,1,€ 99,2019/09/12,2019/09/13,0,"8,2",14
SH Ingles Boutique Hotel,92956,NA,Valencia,1,1,€ 200,2019/09/12,2019/09/13,4,"8,5",14
Vincci Lys,91183,NA,Valencia,1,1,€ 200,2019/09/12,2019/09/13,4,"8,9",14
AC Hotel Colon Valencia- a Marriott Lifestyle Hotel,1117150,NA,Valencia,1,1,€ 213,2019/09/12,2019/09/13,4,"8,7",14
SingularStays Parque Central,3054000,Apartamentos,Valencia,1,1,€ 218,2019/09/12,2019/09/13,0,"8,8",14
Melia Plaza Valencia,13270,NA,Valencia,1,1,€ 220,2019/09/12,2019/09/13,4,"8,9",14
Ca Carmela,2466364,Casa o chalet,Valencia,1,1,€ 225,2019/09/12,2019/09/13,0,"8,9",14
Casual de las Artes Valencia,538056,NA,Valencia,1,1,€ 104,2019/09/12,2019/09/13,3,"8,4",14
NWT Central Station Apartments,3964093,Apartamento,Valencia,1,1,€ 104,2019/09/12,2019/09/13,0,"8,2",14
Apartamentos el Pilar,237104,Apartamentos,Valencia,1,1,€ 105,2019/09/12,2019/09/13,0,8,14
Reina's Apartment,2130930,Apartamentos,Valencia,1,1,€ 112,2019/09/12,2019/09/13,0,"8,4",14
Hotel Boutique Balandret,1281710,NA,Valencia,1,1,€ 152,2019/09/12,2019/09/13,3,"9,2",14
5 SENSES,3786890,Apartamento,Valencia,1,1,€ 156,2019/09/12,2019/09/13,0,"9,2",14
CÓMODAS HABITACIONES CERCA DE LA PLAYA,5041799,NA,Valencia,1,1,NA,2019/09/12,2019/09/13,0,"9,5",14
NH Valencia Center,90727,NA,Valencia,1,1,€ 113,2019/09/12,2019/09/13,4,"8,3",14
Senator Parque Central Hotel,274963,NA,Valencia,1,1,€ 114,2019/09/12,2019/09/13,4,"8,1",14
Atico Ciutat Vella,3446230,Apartamentos,Valencia,1,1,€ 119,2019/09/12,2019/09/13,0,"8,4",14
Sorolla Centro,90896,NA,Valencia,1,1,€ 160,2019/09/12,2019/09/13,3,"9,1",14
WeRentVLC Charming Ruzafa,2839319,Apartamento,Valencia,1,1,€ 164,2019/09/12,2019/09/13,0,"9,2",14
Mon Suites San Martin,2777545,Apartamentos,Valencia,1,1,€ 165,2019/09/12,2019/09/13,0,"9,4",14
Apartment Regne De Valencia,1533033,Apartamentos,Valencia,1,1,€ 165,2019/09/12,2019/09/13,0,"9,4",14
Mon Suites Catedral,485679,Apartamentos,Valencia,1,1,€ 174,2019/09/12,2019/09/13,0,"9,2",14
Live in Chianti Apartaments,2882632,Apartamentos,Valencia,1,1,€ 175,2019/09/12,2019/09/13,0,"9,1",14
SH Valencia Palace,91497,NA,Valencia,1,1,€ 235,2019/09/12,2019/09/13,5,"8,5",14
Select Home Alma Palace,1381946,Apartamento,Valencia,1,1,€ 265,2019/09/12,2019/09/13,0,"8,8",14
Apartamento Torres de Serrano,5083131,Apartamento,Valencia,1,1,€ 266,2019/09/12,2019/09/13,0,"8,9",14
Hospes Palau de La Mar,93823,NA,Valencia,1,1,€ 362,2019/09/12,2019/09/13,5,"8,8",14
City Valencia Beach 360,4504803,Apartamento,Valencia,1,1,NA,2019/09/12,2019/09/13,0,"9,5",14
MARQUÉS HOUSE 4* SUP,2118880,NA,Valencia,1,1,€ 179,2019/09/12,2019/09/13,4,"9,4",14
Zerka Sendra,4657122,Apartamento,Valencia,1,1,€ 179,2019/09/12,2019/09/13,0,9,14
ARENAS 2 APARTAMENT,2808815,Apartamento,Valencia,1,1,€ 200,2019/09/12,2019/09/13,0,"9,1",14
Apartamentos La más Bonita,2816245,Apartamentos,Valencia,1,1,€ 207,2019/09/12,2019/09/13,0,"9,1",14
Cozy apartment in Valencia center,3402135,Apartamentos,Valencia,1,1,€ 212,2019/09/12,2019/09/13,0,"9,2",14
Vincci Mercat,1279484,NA,Valencia,1,1,€ 235,2019/09/12,2019/09/13,4,9,14
Apartamento,3139431,Apartamento,Valencia,1,1,NA,2019/09/12,2019/09/13,0,"9,5",14
El Globo,24498,NA,Valencia,1,1,€ 144,2019/09/12,2019/09/13,1,"7,8",14
SEA YOU HOTEL PORT VALENCIA,92328,NA,Valencia,1,1,€ 161,2019/09/12,2019/09/13,4,"7,6",14
City Valencia Beach 360,4504803,Apartamento,Valencia,1,1,NA,2019/09/12,2019/09/13,0,"9,5",14
Dreams Rental Plaza Redonda,1665625,Apartamentos,Valencia,1,1,€ 125,2019/09/12,2019/09/13,0,"8,2",14
Flatsforyou Petit Bonaire,455152,Apartamentos,Valencia,1,1,€ 125,2019/09/12,2019/09/13,0,"8,3",14
Eurostars Rey Don Jaime,91520,NA,Valencia,1,1,€ 125,2019/09/12,2019/09/13,4,"8,2",14
Vivaldi Penthouse Ayuntamiento,1289561,Apartamento,Valencia,1,1,€ 283,2019/09/12,2019/09/13,0,"9,2",14
Las Arenas Balneario Resort,91144,NA,Valencia,1,1,€ 297,2019/09/12,2019/09/13,5,9,14
Zerka Centro,4425975,Apartamentos,Valencia,1,1,€ 129,2019/09/12,2019/09/13,0,"8,4",14
Loft el Carmen amazing views,4932621,Apartamento,Valencia,1,1,€ 172,2019/09/12,2019/09/13,0,"7,9",14
Dreams Rental City Hall,337092,Apartamentos,Valencia,1,1,€ 220,2019/09/12,2019/09/13,0,"7,5",14
MD Art Apartment Ruzafa,2550955,Apartamento,Valencia,1,1,€ 392,2019/09/12,2019/09/13,0,"7,6",14
MD Abastos Center,2551194,Apartamento,Valencia,1,1,€ 455,2019/09/12,2019/09/13,0,"7,7",14
MD Oliag I Apartment Ruzafa,2867488,Apartamento,Valencia,1,1,€ 513,2019/09/12,2019/09/13,0,"7,7",14
Guest House Samuel Ros,4161855,NA,Valencia,1,1,€ 35,2019/09/12,2019/09/13,0,"7,3",14
Bubuflats Bubu 3,1014334,Apartamentos,Valencia,1,1,NA,2019/09/12,2019/09/13,0,"9,6",14
feliz como en casa,3676196,NA,Valencia,1,1,€ 36,2019/09/12,2019/09/13,0,"7,2",14
Hostal Waksman,281139,NA,Valencia,1,1,€ 38,2019/09/12,2019/09/13,1,"7,3",14
Ruzafa Rooms,2891693,NA,Valencia,1,1,€ 40,2019/09/12,2019/09/13,0,7,14
Caro Hotel,348132,NA,Valencia,1,1,€ 305,2019/09/12,2019/09/13,5,"9,2",14
The River Hostel,494202,NA,Valencia,1,1,€ 24,2019/09/12,2019/09/13,0,"8,5",14
Homestay Carrer Sagun,5006434,NA,Valencia,1,1,€ 38,2019/09/12,2019/09/13,0,"8,7",14
Russafa Youth Hostel,345134,NA,Valencia,1,1,€ 52,2019/09/12,2019/09/13,0,"8,6",14
Ambrosio Flats Valencia - El Mercat,3131649,Apartamento,Valencia,1,1,NA,2019/09/12,2019/09/13,0,"9,5",14
HOSPEDAJE PESET,4718074,NA,Valencia,1,1,€ 40,2019/09/12,2019/09/13,0,"7,2",14
Sampedor Apartment,435662,Apartamentos,Valencia,1,1,€ 55,2019/09/12,2019/09/13,0,7,14
Hostal Residencial RR,450746,NA,Valencia,1,1,€ 60,2019/09/12,2019/09/13,0,7,14
Musico Art Flat,2925957,Apartamento,Valencia,1,1,NA,2019/09/12,2019/09/13,0,"9,6",14
Avenida del Cid (Centrico),4737683,Apartamento,Valencia,1,1,€ 66,2019/09/12,2019/09/13,0,"7,1",14
Quart Youth Hostel,476418,NA,Valencia,1,1,€ 53,2019/09/12,2019/09/13,0,"8,7",14
Sabía que venias!,3543756,NA,Valencia,1,1,€ 60,2019/09/12,2019/09/13,0,"8,6",14
Namaste Rooms,3799642,NA,Valencia,1,1,€ 60,2019/09/12,2019/09/13,0,"8,7",14
Pensión Alicante,298710,NA,Valencia,1,1,€ 60,2019/09/12,2019/09/13,0,"8,5",14
Home Youth Hostel by Feetup Hostels,189322,NA,Valencia,1,1,€ 63,2019/09/12,2019/09/13,0,"8,8",14
Luz de Valencia,2076095,Apartamentos,Valencia,1,1,€ 69,2019/09/12,2019/09/13,0,"8,7",14
Ayuntamiento Panoramic,3089239,Apartamento,Valencia,1,1,NA,2019/09/12,2019/09/13,0,"9,5",14
Moon Valencia,3560698,Apartamentos,Valencia,1,1,€ 70,2019/09/12,2019/09/13,0,"8,9",14
Carrer de l'Escriptor Rafael Ferreres,4267645,Apartamento,Valencia,1,1,€ 70,2019/09/12,2019/09/13,0,"8,6",14
Big spacious penthouse next to the sea,3289648,Apartamento,Valencia,1,1,€ 70,2019/09/12,2019/09/13,0,"8,8",14
Casita bonita con piscina y jardin,5294677,NA,Valencia,1,1,€ 71,2019/09/12,2019/09/13,0,"8,8",14
Central Station Valencia Hostel,1647017,NA,Valencia,1,1,€ 69,2019/09/12,2019/09/13,0,"7,1",14
HOSTAL BED OF THE SEA,3974636,NA,Valencia,1,1,€ 72,2019/09/12,2019/09/13,0,"7,1",14
Cosy Rooms Embajador,369728,NA,Valencia,1,1,€ 74,2019/09/12,2019/09/13,2,"7,4",14
Apartaments San Pio V,2456151,Apartamento,Valencia,1,1,€ 72,2019/09/12,2019/09/13,0,"8,8",14
València Centre Torres de Quart,886289,Apartamentos,Valencia,1,1,€ 73,2019/09/12,2019/09/13,0,"8,9",14
Disfruta - Enjoy Valencia Oceanografic,4121345,Apartamento,Valencia,1,1,NA,2019/09/12,2019/09/13,0,"9,6",14
Host & Home,1663785,NA,Valencia,1,1,€ 74,2019/09/12,2019/09/13,0,"8,9",14
Centro Valencia Calle Cerrajeros,3476261,NA,Valencia,1,1,€ 75,2019/09/12,2019/09/13,0,"7,1",14
Cosy Rooms Bolsería,371606,NA,Valencia,1,1,€ 78,2019/09/12,2019/09/13,2,"7,4",14
Apartments Torres de Serranos Valencia,1099602,Apartamentos,Valencia,1,1,NA,2019/09/12,2019/09/13,0,"9,6",14
Almiserat,3054886,Apartamento,Valencia,1,1,€ 80,2019/09/12,2019/09/13,0,7,14
Apartments Calle Padre Damian,4523326,Apartamentos,Valencia,1,1,€ 85,2019/09/12,2019/09/13,0,"7,2",14
Valencia Apartments,4367788,Apartamentos,Valencia,1,1,€ 87,2019/09/12,2019/09/13,0,"7,1",14
NWT Monserrat,3728842,Apartamentos,Valencia,1,1,€ 89,2019/09/12,2019/09/13,0,7,14
SHF Sevilla Loft,850157,Apartamentos,Valencia,1,1,€ 90,2019/09/12,2019/09/13,0,"7,4",14
Buho House,3777691,Apartahotel,Valencia,1,1,€ 74,2019/09/12,2019/09/13,0,"8,5",14
Balcón Al Mar,295109,NA,Valencia,1,1,€ 76,2019/09/12,2019/09/13,0,"8,5",14
Valencia Suits You Citytel,1106307,NA,Valencia,1,1,€ 77,2019/09/12,2019/09/13,2,"8,6",14
Apartamentos Valencia Luxury Center,2011524,Apartamento,Valencia,1,1,€ 130,2019/09/12,2019/09/13,0,8,14
NH Valencia Las Artes,90731,NA,Valencia,1,1,€ 135,2019/09/12,2019/09/13,4,"8,4",14
VALENCIA APARTAMENTO GOYA GRAN TERRAZA,4660558,Apartamento,Valencia,1,1,NA,2019/09/12,2019/09/13,0,"9,7",14
Malvarrosa Beach Rooms,314048,NA,Valencia,1,1,€ 90,2019/09/12,2019/09/13,2,"7,1",14
Cool Loft Malvarrosa Beach,4309218,Apartamento,Valencia,1,1,NA,2019/09/12,2019/09/13,0,"9,6",14
Bonito Apartamento en Valencia!!,4333493,Apartamento,Valencia,1,1,€ 103,2019/09/12,2019/09/13,0,"7,1",14
Valencia Apartmans El Carmen,847910,Apartamentos,Valencia,1,1,€ 105,2019/09/12,2019/09/13,0,"7,4",14
Las casitas de la playa,3177809,Apartamentos,Valencia,1,1,€ 109,2019/09/12,2019/09/13,0,"7,2",14
B&B El Mercat,2203530,NA,Valencia,1,1,€ 110,2019/09/12,2019/09/13,0,"7,3",14
Hotel Conqueridor,91047,NA,Valencia,1,1,€ 135,2019/09/12,2019/09/13,4,"8,4",14
Primus Valencia,331871,NA,Valencia,1,1,€ 140,2019/09/12,2019/09/13,4,"8,3",14
Friendly Rentals Puerto Deportivo,2317861,Apartamentos,Valencia,1,1,€ 144,2019/09/12,2019/09/13,0,"8,2",14
Hotel Valencia Center,91285,NA,Valencia,1,1,€ 144,2019/09/12,2019/09/13,4,"8,4",14
Petit Palomar,2187491,Apartamentos,Valencia,1,1,€ 79,2019/09/12,2019/09/13,0,"8,9",14
Hotel Kramer,91106,NA,Valencia,1,1,€ 80,2019/09/12,2019/09/13,3,"8,8",14
Hotel Malcom and Barret,483261,NA,Valencia,1,1,€ 80,2019/09/12,2019/09/13,3,"8,7",14
Select Home Catedral,440778,Apartamentos,Valencia,1,1,€ 160,2019/09/12,2019/09/13,0,"7,1",14
Valencia Boutique Ayuntamiento,343355,Apartamentos,Valencia,1,1,€ 200,2019/09/12,2019/09/13,0,"7,2",14
Apartment Plaza Cisneros,1273377,Apartamentos,Valencia,1,1,NA,2019/09/12,2019/09/13,0,"9,8",14
Apartamento para 10 personas,5029963,Apartamento,Valencia,1,1,€ 200,2019/09/12,2019/09/13,0,"7,3",14
Dreams Rental La Paz,1107542,Apartamentos,Valencia,1,1,€ 245,2019/09/12,2019/09/13,0,"7,2",14
MD Puerto Rico Apartment Ruzafa,3737151,Apartamento,Valencia,1,1,€ 455,2019/09/12,2019/09/13,0,"7,4",14
MD Olivereta Apartment,3783665,Apartamento,Valencia,1,1,€ 528,2019/09/12,2019/09/13,0,"7,3",14
Loyola Room Habitación en Piso Compartido,3298489,NA,Valencia,1,1,€ 35,2019/09/12,2019/09/13,0,"6,8",14
Apartamento cerca de la playa y Ciudad de las Ciencias,4576062,Apartamento,Valencia,1,1,€ 158,2019/09/12,2019/09/13,0,8,14
Friendly rentals Enesco Beach,2526514,Apartamento,Valencia,1,1,€ 174,2019/09/12,2019/09/13,0,8,14
Casa Vich,4457634,Apartamento,Valencia,1,1,NA,2019/09/12,2019/09/13,0,"9,6",14
Friendly Rentals Abad,1634238,Apartamento,Valencia,1,1,€ 179,2019/09/12,2019/09/13,0,"8,2",14
Malvarrosa Calle Pavia,3608764,Casa o chalet,Valencia,1,1,€ 271,2019/09/12,2019/09/13,0,"8,1",14
MD Benlliure Beach.,1957258,Apartamento,Valencia,1,1,€ 397,2019/09/12,2019/09/13,0,8,14
Guest House Lebon,3124256,NA,Valencia,1,1,€ 40,2019/09/12,2019/09/13,0,"6,9",14
Habitación con cama doble,4794909,NA,Valencia,1,1,€ 41,2019/09/12,2019/09/13,0,"6,6",14
Musico Peydro Apartments,3765069,Apartamentos,Valencia,1,1,€ 397,2019/09/12,2019/09/13,0,"8,1",14
MD Sueca. Apartment with Terrace Ruzafa,2551179,Apartamento,Valencia,1,1,€ 513,2019/09/12,2019/09/13,0,"8,1",14
MD Vila Barbera Apartment Center,1957253,Apartamento,Valencia,1,1,€ 528,2019/09/12,2019/09/13,0,"8,3",14
Disfruta - Enjoy Valencia Oceanografic,4121345,Apartamento,Valencia,1,1,NA,2019/09/12,2019/09/13,0,"9,6",14
UP Hostel Valencia,1710137,NA,Valencia,1,1,€ 28,2019/09/12,2019/09/13,0,"7,8",14
Rooms Ciencias,94126,NA,Valencia,1,1,€ 86,2019/09/12,2019/09/13,0,"8,9",14
Apartamentos Plaza Picasso,97063,Apartamentos,Valencia,1,1,€ 86,2019/09/12,2019/09/13,0,"8,5",14
Hotel San Lorenzo Boutique,1307718,NA,Valencia,1,1,€ 90,2019/09/12,2019/09/13,3,"8,6",14
Apartment Valencia Denia,1968489,Apartamentos,Valencia,1,1,€ 79,2019/09/12,2019/09/13,0,"6,7",14
Premium Apartments,486507,Apartamentos,Valencia,1,1,€ 94,2019/09/12,2019/09/13,0,"6,9",14
Valencia Boutique Ayuntamiento II,387852,Apartamentos,Valencia,1,1,€ 160,2019/09/12,2019/09/13,0,"6,6",14
Habitación doble,3599930,NA,Valencia,1,1,€ 90,2019/09/12,2019/09/13,0,"8,9",14
Citizentral Gascons,332095,Apartamentos,Valencia,1,1,€ 94,2019/09/12,2019/09/13,0,"8,7",14
Pensión Universal,304276,NA,Valencia,1,1,€ 38,2019/09/12,2019/09/13,0,"7,9",14
Habitación San Cayetano,4624401,NA,Valencia,1,1,€ 40,2019/09/12,2019/09/13,0,"7,7",14
Select Home Boutique Center,387770,Apartamentos,Valencia,1,1,€ 160,2019/09/12,2019/09/13,0,"6,9",14
MD Villalonga Malvarosa Beach,3739661,Apartamento,Valencia,1,1,€ 600,2019/09/12,2019/09/13,0,"6,8",14
Fun and Sun Center 2,2944416,NA,Valencia,1,1,€ 45,2019/09/12,2019/09/13,0,"6,1",14
Casita Esmeralda,2040126,Casa o chalet,Valencia,1,1,€ 139,2019/09/12,2019/09/13,0,"6,4",14
RoomTuristValencia - Ruzafa,4608394,NA,Valencia,1,1,€ 35,2019/09/12,2019/09/13,0,"5,6",14
Ruzafa Guesthouse,2269176,NA,Valencia,1,1,€ 38,2019/09/12,2019/09/13,0,"5,6",14
Hostal Moratin,326015,NA,Valencia,1,1,€ 42,2019/09/12,2019/09/13,1,"7,9",14
Voyagers Inn Homestay,2682156,NA,Valencia,1,1,€ 45,2019/09/12,2019/09/13,0,"7,8",14
Hostal El Cid,309465,NA,Valencia,1,1,€ 46,2019/09/12,2019/09/13,2,"7,6",14
Preciosa Casita Cerca Del Mar,4057271,Apartamento,Valencia,1,1,NA,2019/09/12,2019/09/13,0,"9,7",14
Hotel Beleret,94652,NA,Valencia,1,1,€ 50,2019/09/12,2019/09/13,3,"7,6",14
Sercotel Sorolla Palace,93646,NA,Valencia,1,1,€ 95,2019/09/12,2019/09/13,4,"8,6",14
Melia Valencia,290493,NA,Valencia,1,1,€ 98,2019/09/12,2019/09/13,4,"8,8",14
Soho Valencia,1538641,Apartahotel,Valencia,1,1,€ 99,2019/09/12,2019/09/13,0,"8,9",14
Pio XII Apartments Valencia,402080,Apartamentos,Valencia,1,1,€ 99,2019/09/12,2019/09/13,0,"8,5",14
Suites by Eric Olsan (Florista),4726450,Apartamentos,Valencia,1,1,€ 99,2019/09/12,2019/09/13,0,"8,7",14
Casa del Patriarca,364834,NA,Valencia,1,1,€ 100,2019/09/12,2019/09/13,0,"8,9",14
Carrer del Bisbe Jaume Pérez,4900140,NA,Valencia,1,1,€ 60,2019/09/12,2019/09/13,0,"5,9",14
Home Sweet Home,1223953,NA,Valencia,1,1,€ 60,2019/09/12,2019/09/13,0,"5,5",14
Valencia City Host,1177077,NA,Valencia,1,1,€ 56,2019/09/12,2019/09/13,0,"7,8",14
Casual de la Música Valencia,273130,NA,Valencia,1,1,€ 57,2019/09/12,2019/09/13,2,"7,5",14
Centro & Viaje,4215175,NA,Valencia,1,1,€ 58,2019/09/12,2019/09/13,0,"7,6",14
Valencia Lounge Hostel,337203,NA,Valencia,1,1,€ 59,2019/09/12,2019/09/13,0,"7,8",14
Apartamentos Abastos,1044426,Apartamentos,Valencia,1,1,€ 60,2019/09/12,2019/09/13,0,"7,5",14
Central Park Apartment Valencia,3881533,Apartamento,Valencia,1,1,NA,2019/09/12,2019/09/13,0,"9,6",14
Casual Civilizaciones Valencia,449777,NA,Valencia,1,1,€ 61,2019/09/12,2019/09/13,0,"7,9",14
Habitacion por dias Centro Valencia,3977106,NA,Valencia,1,1,€ 64,2019/09/12,2019/09/13,0,"7,9",14
Hotel Turia,14441,NA,Valencia,1,1,€ 65,2019/09/12,2019/09/13,4,"7,5",14
Jero Rooms,296743,NA,Valencia,1,1,€ 66,2019/09/12,2019/09/13,0,"7,7",14
United Colors of Studios - Mercado Central,2574108,Apartamentos,Valencia,1,1,€ 69,2019/09/12,2019/09/13,0,"7,9",14
B&B Hotel Valencia Ciudad de las Ciencias,92242,NA,Valencia,1,1,€ 71,2019/09/12,2019/09/13,3,"7,5",14
Piso en La Ciudad de Artes,3832790,Apartamento,Valencia,1,1,NA,2019/09/12,2019/09/13,0,"9,6",14
Ilunion Valencia 3,92818,NA,Valencia,1,1,€ 71,2019/09/12,2019/09/13,3,"7,9",14
OYO Pensión El Rincón,476031,NA,Valencia,1,1,€ 75,2019/09/12,2019/09/13,1,"7,6",14
Carrer del Músic Peydró- 46 Apartament 5,4216247,Apartamento,Valencia,1,1,€ 79,2019/09/12,2019/09/13,0,"7,8",14
Hospederia del Pilar,327766,NA,Valencia,1,1,€ 81,2019/09/12,2019/09/13,0,"7,9",14
City Center Apartments,4426057,Apartamentos,Valencia,1,1,€ 81,2019/09/12,2019/09/13,0,"7,8",14
Expo Hotel Valencia,91223,NA,Valencia,1,1,€ 83,2019/09/12,2019/09/13,3,"7,6",14
Cosy Rooms Tapinería,371192,NA,Valencia,1,1,€ 84,2019/09/12,2019/09/13,2,"7,5",14
El 16 Ruzafa,865461,Apartamentos,Valencia,1,1,€ 94,2019/09/12,2019/09/13,0,"7,7",14
Torres Quart,3702234,Apartamentos,Valencia,1,1,€ 96,2019/09/12,2019/09/13,0,"7,7",14
Malvarosa Beach Vistas al mar,2335701,Apartamento,Valencia,1,1,€ 99,2019/09/12,2019/09/13,0,"7,8",14
Apartment Florista,2150187,Apartamento,Valencia,1,1,€ 100,2019/09/12,2019/09/13,0,"7,9",14
Suites by Eric Olsan (Peset),4726296,Apartamentos,Valencia,1,1,€ 100,2019/09/12,2019/09/13,0,"7,6",14
Suites by Eric Olsan (L),4287413,Apartamentos,Valencia,1,1,€ 100,2019/09/12,2019/09/13,0,"7,5",14
Plaza Sainetero 5,3148458,Apartamento,Valencia,1,1,€ 102,2019/09/12,2019/09/13,0,"7,8",14
Bonito apartamento en Valencia!,3646923,Apartamentos,Valencia,1,1,€ 106,2019/09/12,2019/09/13,0,"7,9",14
Checkin Valencia,93743,NA,Valencia,1,1,€ 107,2019/09/12,2019/09/13,4,"7,8",14
Apartamento Alguer,4005334,Apartamento,Valencia,1,1,€ 115,2019/09/12,2019/09/13,0,"7,5",14
STYLISH APARTMENT - CITY CENTER,2861517,Apartamento,Valencia,1,1,€ 120,2019/09/12,2019/09/13,0,"7,7",14
Valencian Dreams Lonja,4757385,Apartamento,Valencia,1,1,€ 106,2019/09/12,2019/09/13,0,"9,7",14
Opera House Valencia B&B,3533887,NA,Valencia,1,1,€ 113,2019/09/12,2019/09/13,0,"9,5",14
VALENCIA APARTAMENTO GOYA,4256653,Apartamento,Valencia,1,1,NA,2019/09/12,2019/09/13,0,10,14
Nest Style Valencia -Nueva apertura-,5219046,NA,Valencia,1,1,€ 118,2019/09/12,2019/09/13,3,"9,7",14
Welcome Platanos 13 Valencia Beautiful apartments with terrace,5095795,Apartamento,Valencia,1,1,€ 119,2019/09/12,2019/09/13,0,"9,5",14
Barracart Apartments,2125836,Apartamentos,Valencia,1,1,€ 126,2019/09/12,2019/09/13,0,"9,6",14
Apartamento centro frente a Torres de Serrano,3408067,Apartamento,Valencia,1,1,€ 130,2019/09/12,2019/09/13,0,"9,5",14
Ramirez Flats & Bar,4124528,Apartahotel,Valencia,1,1,€ 131,2019/09/12,2019/09/13,0,"9,5",14
Ciudad Ciencias- Lujo- Parking- Wi-Fi.,4999636,Apartamento,Valencia,1,1,€ 140,2019/09/12,2019/09/13,0,"9,8",14
RUZAFA- CENTRO-A/C- WI-FI- PARKING,2885994,Apartamento,Valencia,1,1,NA,2019/09/12,2019/09/13,0,"9,7",14
Disfruta - Enjoy Valencia Ruzafa,3890328,Apartamento,Valencia,1,1,€ 149,2019/09/12,2019/09/13,0,"9,7",14
Disfruta - Enjoy Valencia Ayuntamiento,4901194,Apartamento,Valencia,1,1,€ 159,2019/09/12,2019/09/13,0,"9,6",14
Disfruta - Enjoy Valencia Centre,3881970,Apartamento,Valencia,1,1,€ 169,2019/09/12,2019/09/13,0,"9,8",14
Apartments Downtown Valencia,2250421,Apartamentos,Valencia,1,1,€ 200,2019/09/12,2019/09/13,0,"9,6",14
Art&Flats Bed&Breakfast,5238345,NA,Valencia,1,1,€ 55,2019/09/12,2019/09/13,0,"9,1",14
Habitación privada a 1500 metros de la playa,3789910,NA,Valencia,1,1,€ 60,2019/09/12,2019/09/13,0,"9,2",14
Casa La Buhardilla,2985364,Apartamento,Valencia,1,1,NA,2019/09/12,2019/09/13,0,"9,7",14
YOU & CO. Saler Beach Boutique,4533007,NA,Valencia,1,1,€ 66,2019/09/12,2019/09/13,3,"9,2",14
Una Ubicacion Perfecta,3114164,Apartamentos,Valencia,1,1,€ 80,2019/09/12,2019/09/13,0,"9,1",14
Blanq Comedias,4922002,NA,Valencia,1,1,€ 81,2019/09/12,2019/09/13,0,"9,3",14
Hi Valencia Cánovas,4312120,Apartamentos,Valencia,1,1,€ 84,2019/09/12,2019/09/13,0,9,14
Hostal Venecia,92883,NA,Valencia,1,1,€ 93,2019/09/12,2019/09/13,2,"9,1",14
RUZAFA. Nice apartment and Terrace.,4368595,Apartamento,Valencia,1,1,€ 95,2019/09/12,2019/09/13,0,"9,3",14
Colón Market Downtown,4607745,Apartamento,Valencia,1,1,NA,2019/09/12,2019/09/13,0,"9,8",14
Apartment close to park Marchalenes,4418670,Apartamento,Valencia,1,1,€ 95,2019/09/12,2019/09/13,0,"9,2",14
Bianca,4232781,Apartamento,Valencia,1,1,€ 96,2019/09/12,2019/09/13,0,9,14
Turia Burjassot 12,3237353,Apartamento,Valencia,1,1,€ 100,2019/09/12,2019/09/13,0,9,14
APARTAMENTO CENTRO- RUZAFA. WI-FI. PARKING,3144104,Apartamento,Valencia,1,1,€ 100,2019/09/12,2019/09/13,0,"9,3",14
Apartamento cerca de la Playa y el Centro,2620264,Apartamento,Valencia,1,1,€ 100,2019/09/12,2019/09/13,0,9,14
L'Arbre,3972359,Apartamento,Valencia,1,1,€ 103,2019/09/12,2019/09/13,0,"9,2",14
Apartamento Forn dels Apòstols,3122008,Apartamento,Valencia,1,1,NA,2019/09/12,2019/09/13,0,"9,6",14
Live in Chianti,2227491,NA,Valencia,1,1,€ 104,2019/09/12,2019/09/13,0,"9,1",14
Valenciaflats Ciudad de las Ciencias,93676,Apartamentos,Valencia,1,1,€ 106,2019/09/12,2019/09/13,0,"9,1",14
CheValenciaFlats,2064099,Apartamentos,Valencia,1,1,€ 106,2019/09/12,2019/09/13,0,9,14
MD Design Hotel - Portal del Real,2391685,NA,Valencia,1,1,€ 107,2019/09/12,2019/09/13,2,"9,1",14
Citizentral Juristas,1113127,Apartamentos,Valencia,1,1,€ 107,2019/09/12,2019/09/13,0,"9,2",14
Apartments Abate 4,2848648,Apartamentos,Valencia,1,1,€ 107,2019/09/12,2019/09/13,0,"9,1",14
PORT VALENCIA PLAYA,5259971,Apartamento,Valencia,1,1,NA,2019/09/12,2019/09/13,0,"9,8",14
Hotel Valencia Alameda,4019381,NA,Valencia,1,1,€ 109,2019/09/12,2019/09/13,4,"9,3",14
Kasa Katia Eco Guest House,636256,NA,Valencia,1,1,€ 110,2019/09/12,2019/09/13,0,"9,4",14
Valenciaflats Centro Ciudad,18544,Apartamentos,Valencia,1,1,€ 110,2019/09/12,2019/09/13,0,"9,1",14
Apartamentos Wallace,1698355,Apartamentos,Valencia,1,1,€ 115,2019/09/12,2019/09/13,0,"9,2",14
Maison Reina B&B,5004812,NA,Valencia,1,1,€ 115,2019/09/12,2019/09/13,0,"9,2",14
COZY APARTMENT VALENCIA CITY CENTER!,4886758,Apartamento,Valencia,1,1,€ 118,2019/09/12,2019/09/13,0,"9,1",14
"Piso ""Como en tu casa""",2689136,Apartamento,Valencia,1,1,€ 118,2019/09/12,2019/09/13,0,"9,2",14
Palau de Palomar,471283,Apartamentos,Valencia,1,1,€ 125,2019/09/12,2019/09/13,0,"9,2",14
Mediterranean Flats Plaza Redonda,4086496,Apartamentos,Valencia,1,1,€ 127,2019/09/12,2019/09/13,0,"9,3",14
OttoH Charm Stay,2459807,NA,Valencia,1,1,€ 129,2019/09/12,2019/09/13,0,"9,3",14
HQ Rooms Apartments San Vicente,2894429,Apartamentos,Valencia,1,1,€ 131,2019/09/12,2019/09/13,0,"9,3",14
Palacio de Rojas,1073276,Apartamentos,Valencia,1,1,€ 133,2019/09/12,2019/09/13,0,"9,4",14
Friendly Rentals Schubert,1634221,Apartamentos,Valencia,1,1,€ 138,2019/09/12,2019/09/13,0,9,14
MYR Hotel Plaza Mercado & Spa,1619029,Apartahotel,Valencia,1,1,€ 139,2019/09/12,2019/09/13,0,"9,2",14
COZY APARTMENT VALENCIA BEACHFRONT!,3128516,Apartamento,Valencia,1,1,€ 140,2019/09/12,2019/09/13,0,"9,4",14
BUBUSUITES by Bubuflats,2389776,NA,Valencia,1,1,€ 140,2019/09/12,2019/09/13,0,"9,3",14
Sweet Caroline Apartment,1811784,Apartamento,Valencia,1,1,€ 150,2019/09/12,2019/09/13,0,"9,2",14
B BEACH VALENCIA,5125954,Apartamento,Valencia,1,1,€ 150,2019/09/12,2019/09/13,0,"9,1",14
