name,propertyId,propertyType,city,rooms,days,price,checkIn,checkOut,stars,score,advance
RoomTuristValencia - Ruzafa,4608394,NA,Valencia,1,1,€ 50,2019/09/06,2019/09/07,0,"5,6",7
Carrer del Bisbe Jaume Pérez,4900140,NA,Valencia,1,1,€ 60,2019/09/06,2019/09/07,0,"5,9",7
Apartamento centro frente a Torres de Serrano,3408067,Apartamento,Valencia,1,1,NA,2019/09/06,2019/09/07,0,"9,5",7
Oliver,4865093,NA,Valencia,1,1,€ 73,2019/09/06,2019/09/07,0,"5,6",7
Guest House Duc de Gaeta,2275007,NA,Valencia,1,1,€ 35,2019/09/06,2019/09/07,0,5,7
Guest House Torres de Quart,2275006,NA,Valencia,1,1,€ 48,2019/09/06,2019/09/07,0,"5,3",7
RoomTuristValencia Estacion del Norte,4682632,NA,Valencia,1,1,€ 58,2019/09/06,2019/09/07,0,"5,2",7
Guest House Ruzafa,2324552,NA,Valencia,1,1,€ 95,2019/09/06,2019/09/07,0,"5,3",7
Guesthouse Plaza de Toros,2985902,NA,Valencia,1,1,€ 39,2019/09/06,2019/09/07,0,"4,9",7
Charming Ninetta,3220582,Apartamento,Valencia,1,1,NA,2019/09/06,2019/09/07,0,"9,5",7
RoomTuristValencia Torres de Quart,4565643,NA,Valencia,1,1,€ 45,2019/09/06,2019/09/07,0,"4,5",7
RoomTuristValencia RuzafaSumsi,4682802,NA,Valencia,1,1,€ 100,2019/09/06,2019/09/07,0,"4,7",7
Port of Valencia,3805735,Apartamento,Valencia,1,1,€ 150,2019/09/06,2019/09/07,0,"4,7",7
Constitucion Guesthouse,2985942,NA,Valencia,1,1,€ 38,2019/09/06,2019/09/07,0,"3,4",7
Rio Turia B&B,5531073,NA,Valencia,1,1,€ 39,2019/09/06,2019/09/07,0,,7
Habitación en piso compartido,5433175,NA,Valencia,1,1,€ 50,2019/09/06,2019/09/07,0,,7
Apartamento,3139431,Apartamento,Valencia,1,1,NA,2019/09/06,2019/09/07,0,"9,5",7
Patraix,5366858,NA,Valencia,1,1,€ 55,2019/09/06,2019/09/07,0,,7
Rooms El Picolino,5326859,NA,Valencia,1,1,€ 60,2019/09/06,2019/09/07,0,,7
vosotros sereis parte de mi familia.,5299568,NA,Valencia,1,1,€ 60,2019/09/06,2019/09/07,0,,7
Rooms Valencia Center,5507857,NA,Valencia,1,1,€ 75,2019/09/06,2019/09/07,0,,7
Attic Rooms in Botánico,5522932,NA,Valencia,1,1,€ 80,2019/09/06,2019/09/07,0,,7
Original Domino House,5434091,NA,Valencia,1,1,€ 93,2019/09/06,2019/09/07,0,,7
Ambrosio Flats Valencia - El Mercat,3131649,Apartamento,Valencia,1,1,NA,2019/09/06,2019/09/07,0,"9,5",7
casa la tranquilidad,5516825,NA,Valencia,1,1,€ 120,2019/09/06,2019/09/07,0,,7
Valencia Apartamentos DEL MAR,5421626,Apartamento,Valencia,1,1,€ 129,2019/09/06,2019/09/07,0,,7
Botanik park,5163183,Apartamento,Valencia,1,1,€ 131,2019/09/06,2019/09/07,0,,7
Art of Music Apartment Valencia,5263849,Apartamentos,Valencia,1,1,€ 135,2019/09/06,2019/09/07,0,,7
APARTAMENTO MALVARROSA UNIVERSIDADES,5177104,Apartamento,Valencia,1,1,€ 149,2019/09/06,2019/09/07,0,,7
Travel Habitat Maritím,5473231,Apartahotel,Valencia,1,1,€ 161,2019/09/06,2019/09/07,0,,7
Garden Turia Downtown,5201200,Apartamento,Valencia,1,1,NA,2019/09/06,2019/09/07,0,"9,9",7
CENTER-2BR- 2BA-ATTIC-TERRACE-VIEW- WI-FI- A/C,5264557,Apartamento,Valencia,1,1,€ 182,2019/09/06,2019/09/07,0,,7
Apartamento con terraza,5238122,Apartahotel,Valencia,1,1,€ 240,2019/09/06,2019/09/07,0,,7
Calle eugenia viñes 211 Apartamento,5466253,Apartamento,Valencia,1,1,€ 245,2019/09/06,2019/09/07,0,,7
Governor Residence,3799760,Apartahotel,Valencia,1,1,€ 600,2019/09/06,2019/09/07,0,,7
Gulet Why Not,5199364,NA,Valencia,1,1,€ 3.600,2019/09/06,2019/09/07,0,,7
Hotel Sercotel Acteón Valencia,90495,NA,Valencia,1,1,€ 128,2019/09/06,2019/09/07,4,"8,5",7
Flatsforyou Port,733673,Apartamentos,Valencia,1,1,€ 130,2019/09/06,2019/09/07,0,"8,5",7
Apartamento Forn dels Apòstols,3122008,Apartamento,Valencia,1,1,NA,2019/09/06,2019/09/07,0,"9,6",7
Ilunion Aqua 4,92777,NA,Valencia,1,1,€ 134,2019/09/06,2019/09/07,4,"8,5",7
Rooms Ciencias,94126,NA,Valencia,1,1,€ 145,2019/09/06,2019/09/07,0,"8,9",7
Hotel Valencia Oceanic Managed by Melia Hotels International,91522,NA,Valencia,1,1,€ 145,2019/09/06,2019/09/07,4,"8,6",7
One Shot Colón 46,1394168,NA,Valencia,1,1,€ 149,2019/09/06,2019/09/07,3,"8,7",7
Hotel Dimar,90886,NA,Valencia,1,1,€ 149,2019/09/06,2019/09/07,4,"8,7",7
Apartamentos Turia,355328,Apartamentos,Valencia,1,1,€ 153,2019/09/06,2019/09/07,0,"8,6",7
APARTAMENTO DE DISEÑO EN PLAZA MANISES,2823390,Apartamento,Valencia,1,1,NA,2019/09/06,2019/09/07,0,"9,7",7
El Palacete Gran Via,3483148,NA,Valencia,1,1,€ 154,2019/09/06,2019/09/07,0,"8,8",7
Hotel Kramer,91106,NA,Valencia,1,1,€ 155,2019/09/06,2019/09/07,3,"8,8",7
ValentiaApartments - MercadoCentral,4185241,Apartamentos,Valencia,1,1,€ 157,2019/09/06,2019/09/07,0,"8,7",7
Patacona Beach Apartment,4533678,Apartamento,Valencia,1,1,€ 162,2019/09/06,2019/09/07,0,"8,5",7
Hotel Mediterraneo Valencia,92412,NA,Valencia,1,1,€ 165,2019/09/06,2019/09/07,3,"8,8",7
Barceló Valencia,91988,NA,Valencia,1,1,€ 165,2019/09/06,2019/09/07,4,"8,7",7
Valencia what else...,2550483,Apartamento,Valencia,1,1,NA,2019/09/06,2019/09/07,0,"9,5",7
Sercotel Sorolla Palace,93646,NA,Valencia,1,1,€ 169,2019/09/06,2019/09/07,4,"8,6",7
Soho Valencia,1538641,Apartahotel,Valencia,1,1,€ 169,2019/09/06,2019/09/07,0,"8,9",7
Citizentral Gascons,332095,Apartamentos,Valencia,1,1,€ 173,2019/09/06,2019/09/07,0,"8,7",7
Lotelito,570027,NA,Valencia,1,1,€ 180,2019/09/06,2019/09/07,0,"8,9",7
Hotel San Lorenzo Boutique,1307718,NA,Valencia,1,1,€ 180,2019/09/06,2019/09/07,3,"8,6",7
AC Hotel Valencia- a Marriott Lifestyle Hotel,91063,NA,Valencia,1,1,€ 183,2019/09/06,2019/09/07,4,"8,6",7
Casa La Buhardilla,2985364,Apartamento,Valencia,1,1,NA,2019/09/06,2019/09/07,0,"9,7",7
One Shot Palacio Reina Victoria 04,90885,NA,Valencia,1,1,€ 189,2019/09/06,2019/09/07,4,"8,6",7
Vincci Palace,94163,NA,Valencia,1,1,€ 192,2019/09/06,2019/09/07,4,"8,6",7
Melia Valencia,290493,NA,Valencia,1,1,€ 195,2019/09/06,2019/09/07,4,"8,8",7
Catalonia Excelsior,90578,NA,Valencia,1,1,€ 200,2019/09/06,2019/09/07,3,"8,7",7
Vincci Lys,91183,NA,Valencia,1,1,€ 200,2019/09/06,2019/09/07,4,"8,9",7
SH Valencia Palace,91497,NA,Valencia,1,1,€ 235,2019/09/06,2019/09/07,5,"8,5",7
PORT VALENCIA PLAYA,5259971,Apartamento,Valencia,1,1,NA,2019/09/06,2019/09/07,0,"9,8",7
NH Ciudad de Valencia,90729,NA,Valencia,1,1,€ 162,2019/09/06,2019/09/07,3,"8,1",7
Casita bonita con piscina y jardin,5294677,NA,Valencia,1,1,€ 238,2019/09/06,2019/09/07,0,"8,8",7
The Westin Valencia,93321,NA,Valencia,1,1,€ 248,2019/09/06,2019/09/07,5,"8,7",7
Ca Carmela,2466364,Casa o chalet,Valencia,1,1,€ 250,2019/09/06,2019/09/07,0,"8,9",7
NH Valencia Center,90727,NA,Valencia,1,1,€ 170,2019/09/06,2019/09/07,4,"8,3",7
Central apartment,4597029,Apartamento,Valencia,1,1,NA,2019/09/06,2019/09/07,0,"9,5",7
Primus Valencia,331871,NA,Valencia,1,1,€ 175,2019/09/06,2019/09/07,4,"8,3",7
Holiday Inn Express Ciudad de las Ciencias,96737,NA,Valencia,1,1,€ 180,2019/09/06,2019/09/07,3,8,7
Apartamento Torres de Serrano,5083131,Apartamento,Valencia,1,1,€ 266,2019/09/06,2019/09/07,0,"8,9",7
SH Ingles Boutique Hotel,92956,NA,Valencia,1,1,€ 270,2019/09/06,2019/09/07,4,"8,5",7
Cathedral Suites Hotel,1736257,Apartahotel,Valencia,1,1,€ 288,2019/09/06,2019/09/07,4,"8,9",7
RUZAFA- CENTRO-A/C- WI-FI- PARKING,2885994,Apartamento,Valencia,1,1,NA,2019/09/06,2019/09/07,0,"9,7",7
Senator Parque Central Hotel,274963,NA,Valencia,1,1,€ 188,2019/09/06,2019/09/07,4,"8,1",7
Eurostars Rey Don Jaime,91520,NA,Valencia,1,1,€ 188,2019/09/06,2019/09/07,4,"8,2",7
Hospes Palau de La Mar,93823,NA,Valencia,1,1,€ 356,2019/09/06,2019/09/07,5,"8,8",7
Center Valencia Youth Hostel,246931,NA,Valencia,1,1,€ 32,2019/09/06,2019/09/07,0,8,7
Red Nest Hostel,92283,NA,Valencia,1,1,€ 36,2019/09/06,2019/09/07,0,"8,1",7
Valenciaflats Torres de Serrano,17468,Apartamentos,Valencia,1,1,€ 195,2019/09/06,2019/09/07,0,"8,3",7
Zerka Centro,4425975,Apartamentos,Valencia,1,1,€ 219,2019/09/06,2019/09/07,0,"8,4",7
The Heart of Mercado CENTRAL,4547476,Apartamento,Valencia,1,1,NA,2019/09/06,2019/09/07,0,"9,5",7
Tryp Valencia Feria,92852,NA,Valencia,1,1,€ 225,2019/09/06,2019/09/07,4,"8,4",7
Purple Nest Hostel,25278,NA,Valencia,1,1,€ 44,2019/09/06,2019/09/07,0,"8,1",7
Habitacion en Valencia Barata,4861796,NA,Valencia,1,1,€ 45,2019/09/06,2019/09/07,0,"8,2",7
Eurostars Gran Valencia,90484,NA,Valencia,1,1,€ 236,2019/09/06,2019/09/07,4,"8,3",7
Hotel Conqueridor,91047,NA,Valencia,1,1,€ 240,2019/09/06,2019/09/07,4,"8,4",7
Malvarrosa Calle Pavia,3608764,Casa o chalet,Valencia,1,1,€ 271,2019/09/06,2019/09/07,0,"8,1",7
Musico Peydro Apartments,3765069,Apartamentos,Valencia,1,1,€ 397,2019/09/06,2019/09/07,0,"8,1",7
UP Hostel Valencia,1710137,NA,Valencia,1,1,€ 32,2019/09/06,2019/09/07,0,"7,8",7
City Valencia Beach 360,4504803,Apartamento,Valencia,1,1,NA,2019/09/06,2019/09/07,0,"9,5",7
Apart and Benef,2291245,NA,Valencia,1,1,€ 34,2019/09/06,2019/09/07,0,"7,8",7
B&B Hi Valencia Canovas,305349,NA,Valencia,1,1,€ 62,2019/09/06,2019/09/07,0,"8,4",7
Sweet Hotel Renasa,274818,NA,Valencia,1,1,€ 109,2019/09/06,2019/09/07,3,8,7
Ilunion Aqua 3,92776,NA,Valencia,1,1,€ 113,2019/09/06,2019/09/07,3,"8,3",7
SHF Flats Baron,1033085,Apartamentos,Valencia,1,1,€ 119,2019/09/06,2019/09/07,0,8,7
Ilunion Valencia 4,754329,NA,Valencia,1,1,€ 121,2019/09/06,2019/09/07,4,8,7
NWT Central Station Apartments,3964093,Apartamento,Valencia,1,1,€ 124,2019/09/06,2019/09/07,0,"8,2",7
Hotel Valencia Center,91285,NA,Valencia,1,1,€ 126,2019/09/06,2019/09/07,4,"8,4",7
United Colors of Apartments - Catedral,1301545,Apartamentos,Valencia,1,1,€ 129,2019/09/06,2019/09/07,0,"8,2",7
San Andrey,2556080,Apartamento,Valencia,1,1,€ 136,2019/09/06,2019/09/07,0,"8,4",7
NH Valencia Las Artes,90731,NA,Valencia,1,1,€ 149,2019/09/06,2019/09/07,4,"8,4",7
Habitación San Cayetano,4624401,NA,Valencia,1,1,€ 50,2019/09/06,2019/09/07,0,"7,7",7
Valencia City Host,1177077,NA,Valencia,1,1,€ 58,2019/09/06,2019/09/07,0,"7,8",7
Silken Puerta Valencia,91182,NA,Valencia,1,1,€ 150,2019/09/06,2019/09/07,4,"8,3",7
Hotel Medium Valencia,96838,NA,Valencia,1,1,€ 153,2019/09/06,2019/09/07,4,"8,2",7
Hospederia del Pilar,327766,NA,Valencia,1,1,€ 63,2019/09/06,2019/09/07,0,"7,9",7
Habitacion por dias Centro Valencia,3977106,NA,Valencia,1,1,€ 64,2019/09/06,2019/09/07,0,"7,9",7
NH Valencia Las Ciencias,90725,NA,Valencia,1,1,€ 156,2019/09/06,2019/09/07,3,8,7
Pensión Universal,304276,NA,Valencia,1,1,€ 70,2019/09/06,2019/09/07,0,"7,9",7
New apartment bioparc,4316710,Apartamento,Valencia,1,1,NA,2019/09/06,2019/09/07,0,"9,5",7
Valencia Lounge Hostel,337203,NA,Valencia,1,1,€ 77,2019/09/06,2019/09/07,0,"7,8",7
Centro & Viaje,4215175,NA,Valencia,1,1,€ 78,2019/09/06,2019/09/07,0,"7,6",7
OYO Pensión El Rincón,476031,NA,Valencia,1,1,€ 85,2019/09/06,2019/09/07,1,"7,6",7
B&B Hotel Valencia Ciudad de las Ciencias,92242,NA,Valencia,1,1,€ 99,2019/09/06,2019/09/07,3,"7,5",7
Hotel Turia,14441,NA,Valencia,1,1,€ 109,2019/09/06,2019/09/07,4,"7,5",7
Ilunion Valencia 3,92818,NA,Valencia,1,1,€ 112,2019/09/06,2019/09/07,3,"7,9",7
Apartamento centro frente a Torres de Serrano,3408067,Apartamento,Valencia,1,1,NA,2019/09/06,2019/09/07,0,"9,5",7
Apartment Florista,2150187,Apartamento,Valencia,1,1,€ 115,2019/09/06,2019/09/07,0,"7,9",7
Abaixadors Apartment,2639554,Apartamento,Valencia,1,1,€ 117,2019/09/06,2019/09/07,0,"7,6",7
SEA YOU HOTEL PORT VALENCIA,92328,NA,Valencia,1,1,€ 120,2019/09/06,2019/09/07,4,"7,6",7
Apartamento Alguer,4005334,Apartamento,Valencia,1,1,€ 125,2019/09/06,2019/09/07,0,"7,5",7
El 16 Ruzafa,865461,Apartamentos,Valencia,1,1,€ 159,2019/09/06,2019/09/07,0,"7,7",7
Hotel Beleret,94652,NA,Valencia,1,1,€ 242,2019/09/06,2019/09/07,3,"7,6",7
ApartUP Mestalla Home,3300511,Apartamento,Valencia,1,1,NA,2019/09/06,2019/09/07,0,"9,5",7
MD Art Apartment Ruzafa,2550955,Apartamento,Valencia,1,1,€ 392,2019/09/06,2019/09/07,0,"7,6",7
Hostal Waksman,281139,NA,Valencia,1,1,€ 38,2019/09/06,2019/09/07,1,"7,3",7
HOSPEDAJE PESET,4718074,NA,Valencia,1,1,€ 40,2019/09/06,2019/09/07,0,"7,2",7
feliz como en casa,3676196,NA,Valencia,1,1,€ 40,2019/09/06,2019/09/07,0,"7,2",7
Centro Valencia Calle Cerrajeros,3476261,NA,Valencia,1,1,€ 50,2019/09/06,2019/09/07,0,7,7
Hostal Residencial RR,450746,NA,Valencia,1,1,€ 50,2019/09/06,2019/09/07,0,7,7
Central Station Valencia Hostel,1647017,NA,Valencia,1,1,€ 74,2019/09/06,2019/09/07,0,"7,1",7
HOSTAL BED OF THE SEA,3974636,NA,Valencia,1,1,€ 100,2019/09/06,2019/09/07,0,"7,1",7
Cosy Rooms Bolsería,371606,NA,Valencia,1,1,€ 111,2019/09/06,2019/09/07,2,"7,4",7
NWT Monserrat,3728842,Apartamentos,Valencia,1,1,€ 129,2019/09/06,2019/09/07,0,7,7
Apartamento para 10 personas,5029963,Apartamento,Valencia,1,1,€ 200,2019/09/06,2019/09/07,0,"7,3",7
MD Puerto Rico Apartment Ruzafa,3737151,Apartamento,Valencia,1,1,€ 455,2019/09/06,2019/09/07,0,"7,4",7
MD Olivereta Apartment,3783665,Apartamento,Valencia,1,1,€ 528,2019/09/06,2019/09/07,0,"7,3",7
Loyola Room Habitación en Piso Compartido,3298489,NA,Valencia,1,1,€ 39,2019/09/06,2019/09/07,0,"6,8",7
Geography and Arts.,3569110,NA,Valencia,1,1,€ 54,2019/09/06,2019/09/07,0,"6,8",7
Premium Apartments,486507,Apartamentos,Valencia,1,1,€ 124,2019/09/06,2019/09/07,0,"6,9",7
Fun and Sun Center 2,2944416,NA,Valencia,1,1,€ 45,2019/09/06,2019/09/07,0,"6,1",7
Ruzafa Guesthouse,2269176,NA,Valencia,1,1,€ 45,2019/09/06,2019/09/07,0,"5,6",7
Apartamento Bolseria 28,881275,Apartamentos,Valencia,1,1,€ 140,2019/09/06,2019/09/07,0,"9,5",7
Disfruta - Enjoy Valencia Oceanografic,4121345,Apartamento,Valencia,1,1,€ 145,2019/09/06,2019/09/07,0,"9,6",7
VALENCIA APARTAMENTO GOYA,4256653,Apartamento,Valencia,1,1,NA,2019/09/06,2019/09/07,0,10,7
Disfruta - Enjoy Valencia Ruzafa,3890328,Apartamento,Valencia,1,1,€ 145,2019/09/06,2019/09/07,0,"9,7",7
Ramirez Flats & Bar,4124528,Apartahotel,Valencia,1,1,€ 185,2019/09/06,2019/09/07,0,"9,5",7
Ayuntamiento Panoramic,3089239,Apartamento,Valencia,1,1,€ 219,2019/09/06,2019/09/07,0,"9,5",7
Art&Flats Bed&Breakfast,5238345,NA,Valencia,1,1,€ 44,2019/09/06,2019/09/07,0,"9,1",7
Cantagua Hostel,4074640,NA,Valencia,1,1,€ 51,2019/09/06,2019/09/07,0,"9,1",7
Calle de Frederica Montseny 'Política' Casa o chalet,5152866,Casa o chalet,Valencia,1,1,€ 64,2019/09/06,2019/09/07,0,"9,4",7
Ambrosio Flats Valencia - El Mercat,3131649,Apartamento,Valencia,1,1,NA,2019/09/06,2019/09/07,0,"9,5",7
Apartments Madrina,3278589,Apartamentos,Valencia,1,1,€ 110,2019/09/06,2019/09/07,0,9,7
Olvida tu Reloj Montichelvo Apartment,3258095,Apartamento,Valencia,1,1,€ 112,2019/09/06,2019/09/07,0,"9,4",7
OttoH Charm Stay,2459807,NA,Valencia,1,1,€ 119,2019/09/06,2019/09/07,0,"9,3",7
OCEANOGRAFIC APARTMENT. PARKING. WI-FI,3107716,Apartamentos,Valencia,1,1,€ 140,2019/09/06,2019/09/07,0,9,7
YOU & CO. Saler Beach Boutique,4533007,NA,Valencia,1,1,€ 141,2019/09/06,2019/09/07,3,"9,2",7
Valenciaflats Ciudad de las Ciencias,93676,Apartamentos,Valencia,1,1,€ 145,2019/09/06,2019/09/07,0,"9,1",7
CÓMODAS HABITACIONES CERCA DE LA PLAYA,5041799,NA,Valencia,1,1,NA,2019/09/06,2019/09/07,0,"9,5",7
Blanq Comedias,4922002,NA,Valencia,1,1,€ 149,2019/09/06,2019/09/07,0,"9,2",7
Sweet Caroline Apartment,1811784,Apartamento,Valencia,1,1,€ 150,2019/09/06,2019/09/07,0,"9,2",7
Apartamentos La más Bonita,2816245,Apartamentos,Valencia,1,1,€ 158,2019/09/06,2019/09/07,0,"9,1",7
Hostal Venecia,92883,NA,Valencia,1,1,€ 158,2019/09/06,2019/09/07,2,"9,1",7
HQ Rooms Apartments San Vicente,2894429,Apartamentos,Valencia,1,1,€ 162,2019/09/06,2019/09/07,0,"9,3",7
Hotel Valencia Alameda,4019381,NA,Valencia,1,1,€ 167,2019/09/06,2019/09/07,4,"9,3",7
Central Park Apartment Valencia,3881533,Apartamento,Valencia,1,1,NA,2019/09/06,2019/09/07,0,"9,6",7
Live in Chianti Apartaments,2882632,Apartamentos,Valencia,1,1,€ 169,2019/09/06,2019/09/07,0,"9,1",7
Jardines del Turia - Espacioso apartamento,2734126,Apartamento,Valencia,1,1,€ 170,2019/09/06,2019/09/07,0,"9,1",7
Apartamentos Wallace,1698355,Apartamentos,Valencia,1,1,€ 175,2019/09/06,2019/09/07,0,"9,2",7
Homelirose Apartaments,3140406,Apartamento,Valencia,1,1,€ 180,2019/09/06,2019/09/07,0,"9,3",7
Edificio Pentagono,4673669,Apartamento,Valencia,1,1,€ 185,2019/09/06,2019/09/07,0,"9,1",7
Valenciaflats Centro Ciudad,18544,Apartamentos,Valencia,1,1,€ 200,2019/09/06,2019/09/07,0,"9,1",7
Casa Botànic - Céntrico y con comodidades,4218273,Apartamento,Valencia,1,1,NA,2019/09/06,2019/09/07,0,"9,8",7
Citizentral Juristas,1113127,Apartamentos,Valencia,1,1,€ 200,2019/09/06,2019/09/07,0,"9,2",7
Vincci Mercat,1279484,NA,Valencia,1,1,€ 210,2019/09/06,2019/09/07,4,9,7
Arena's Apartament,2156905,Apartamento,Valencia,1,1,€ 225,2019/09/06,2019/09/07,0,"9,1",7
Hotel Boutique Balandret,1281710,NA,Valencia,1,1,€ 230,2019/09/06,2019/09/07,3,"9,2",7
Mon Suites Catedral,485679,Apartamentos,Valencia,1,1,€ 235,2019/09/06,2019/09/07,0,"9,2",7
Friendly Rentals Rey,1634248,Apartamento,Valencia,1,1,€ 238,2019/09/06,2019/09/07,0,9,7
Doctor Oloriz-31-9,3397673,Apartamento,Valencia,1,1,NA,2019/09/06,2019/09/07,0,"9,7",7
Las Arenas Balneario Resort,91144,NA,Valencia,1,1,€ 257,2019/09/06,2019/09/07,5,9,7
Zerka Sendra,4657122,Apartamento,Valencia,1,1,€ 309,2019/09/06,2019/09/07,0,9,7
MARQUÉS HOUSE 4* SUP,2118880,NA,Valencia,1,1,€ 349,2019/09/06,2019/09/07,4,"9,4",7
Caro Hotel,348132,NA,Valencia,1,1,€ 355,2019/09/06,2019/09/07,5,"9,2",7
The River Hostel,494202,NA,Valencia,1,1,€ 29,2019/09/06,2019/09/07,0,"8,5",7
Homestay Carrer Sagun,5006434,NA,Valencia,1,1,€ 45,2019/09/06,2019/09/07,0,"8,7",7
Home Youth Hostel by Feetup Hostels,189322,NA,Valencia,1,1,€ 55,2019/09/06,2019/09/07,0,"8,8",7
Russafa Youth Hostel,345134,NA,Valencia,1,1,€ 59,2019/09/06,2019/09/07,0,"8,6",7
Quart Youth Hostel,476418,NA,Valencia,1,1,€ 60,2019/09/06,2019/09/07,0,"8,7",7
Valencia Suits You Citytel,1106307,NA,Valencia,1,1,€ 74,2019/09/06,2019/09/07,2,"8,6",7
Habitación doble,3599930,NA,Valencia,1,1,€ 90,2019/09/06,2019/09/07,0,"8,9",7
Apartamentos Plaza Picasso,97063,Apartamentos,Valencia,1,1,€ 109,2019/09/06,2019/09/07,0,"8,5",7
Burjassot Mestalla,3058627,Apartamento,Valencia,1,1,€ 110,2019/09/06,2019/09/07,0,"8,6",7
Casual Vintage Valencia,1710241,NA,Valencia,1,1,€ 113,2019/09/06,2019/09/07,2,"8,6",7
Ad Hoc Monumental,90719,NA,Valencia,1,1,€ 114,2019/09/06,2019/09/07,3,"8,6",7
Flatsforyou Marina,1793012,Apartamentos,Valencia,1,1,€ 120,2019/09/06,2019/09/07,0,"8,7",7
Hotel Malcom and Barret,483261,NA,Valencia,1,1,€ 120,2019/09/06,2019/09/07,3,"8,7",7
Casual del Cine Valencia,572187,NA,Valencia,1,1,€ 123,2019/09/06,2019/09/07,2,"8,6",7
