name,propertyId,propertyType,city,rooms,days,price,checkIn,checkOut,stars,score,advance
Geography and Arts.,3569110,NA,Valencia,1,1,€ 54,2019/09/05,2019/09/06,0,"6,8",7
Premium Apartments,486507,Apartamentos,Valencia,1,1,€ 94,2019/09/05,2019/09/06,0,"6,9",7
Apartment Cabanyal,3172456,Apartamento,Valencia,1,1,NA,2019/09/05,2019/09/06,0,"9,8",7
Fun and Sun Center 2,2944416,NA,Valencia,1,1,€ 45,2019/09/05,2019/09/06,0,"6,1",7
Living Valencia - Malvarrosa1,2996818,Apartamento,Valencia,1,1,€ 94,2019/09/05,2019/09/06,0,"6,2",7
Guest House Higinio Noja,2845935,NA,Valencia,1,1,€ 30,2019/09/05,2019/09/06,0,"5,9",7
RoomTuristValencia - Ruzafa,4608394,NA,Valencia,1,1,€ 30,2019/09/05,2019/09/06,0,"5,6",7
Ruzafa Guesthouse,2269176,NA,Valencia,1,1,€ 33,2019/09/05,2019/09/06,0,"5,6",7
Home Sweet Home,1223953,NA,Valencia,1,1,€ 60,2019/09/05,2019/09/06,0,"5,5",7
Disfruta - Enjoy Valencia Oceanografic,4121345,Apartamento,Valencia,1,1,NA,2019/09/05,2019/09/06,0,"9,6",7
Carrer del Bisbe Jaume Pérez,4900140,NA,Valencia,1,1,€ 60,2019/09/05,2019/09/06,0,"5,9",7
Oliver,4865093,NA,Valencia,1,1,€ 73,2019/09/05,2019/09/06,0,"5,6",7
Guest House Duc de Gaeta,2275007,NA,Valencia,1,1,€ 30,2019/09/05,2019/09/06,0,5,7
Guest House Torres de Quart,2275006,NA,Valencia,1,1,€ 43,2019/09/05,2019/09/06,0,"5,3",7
RoomTuristValencia Estacion del Norte,4682632,NA,Valencia,1,1,€ 45,2019/09/05,2019/09/06,0,"5,2",7
Guesthouse Plaza de Toros,2985902,NA,Valencia,1,1,€ 38,2019/09/05,2019/09/06,0,"4,9",7
City Center Atico 360,3025679,Apartamento,Valencia,1,1,NA,2019/09/05,2019/09/06,0,"9,5",7
RoomTuristValencia Torres de Quart,4565643,NA,Valencia,1,1,€ 45,2019/09/05,2019/09/06,0,"4,5",7
Apartamento Islas Canarias,2304086,Apartamento,Valencia,1,1,€ 71,2019/09/05,2019/09/06,0,"3,9",7
Constitucion Guesthouse,2985942,NA,Valencia,1,1,€ 34,2019/09/05,2019/09/06,0,"3,4",7
Como en casa !!,5427108,NA,Valencia,1,1,€ 32,2019/09/05,2019/09/06,0,,7
Florista's Rooms en Valencia,5502152,NA,Valencia,1,1,€ 50,2019/09/05,2019/09/06,0,,7
Rooms El Picolino,5326859,NA,Valencia,1,1,€ 52,2019/09/05,2019/09/06,0,,7
Barracart Apartments,2125836,Apartamentos,Valencia,1,1,NA,2019/09/05,2019/09/06,0,"9,6",7
Patraix,5366858,NA,Valencia,1,1,€ 55,2019/09/05,2019/09/06,0,,7
Rio Turia B&B,5531073,NA,Valencia,1,1,€ 55,2019/09/05,2019/09/06,0,,7
Living Valencia - Cestas,5453512,Apartamentos,Valencia,1,1,€ 60,2019/09/05,2019/09/06,0,,7
vosotros sereis parte de mi familia.,5299568,NA,Valencia,1,1,€ 60,2019/09/05,2019/09/06,0,,7
Magnífico Adosado- cerca de Valencia ciudad- en zona de montaña y playa fluvial,5354233,Casa o chalet,Valencia,1,1,€ 64,2019/09/05,2019/09/06,0,,7
Attic Rooms in Botánico,5522932,NA,Valencia,1,1,€ 65,2019/09/05,2019/09/06,0,,7
Casa Botànic - Céntrico y con comodidades,4218273,Apartamento,Valencia,1,1,NA,2019/09/05,2019/09/06,0,"9,8",7
Rooms Valencia Center,5507857,NA,Valencia,1,1,€ 65,2019/09/05,2019/09/06,0,,7
Hogar Dulce Hogar,5426607,NA,Valencia,1,1,€ 70,2019/09/05,2019/09/06,0,,7
Loft Turia Gran,5133726,Apartamento,Valencia,1,1,€ 80,2019/09/05,2019/09/06,0,,7
Original Domino House,5434091,NA,Valencia,1,1,€ 87,2019/09/05,2019/09/06,0,,7
PISO DE DISEÑO A 5 MIN ANDANDO DE LA PLAYA,5546265,Apartamento,Valencia,1,1,€ 95,2019/09/05,2019/09/06,0,,7
casa la tranquilidad,5516825,NA,Valencia,1,1,€ 120,2019/09/05,2019/09/06,0,,7
Disfruta - Enjoy Valencia Centre,3881970,Apartamento,Valencia,1,1,NA,2019/09/05,2019/09/06,0,"9,8",7
Botanik park,5163183,Apartamento,Valencia,1,1,€ 125,2019/09/05,2019/09/06,0,,7
Catedral Apartment,5270717,Apartamento,Valencia,1,1,€ 130,2019/09/05,2019/09/06,0,,7
Valencia Apartamentos DEL MAR,5421626,Apartamento,Valencia,1,1,€ 132,2019/09/05,2019/09/06,0,,7
Valencia Puerto Beach 3BD Apartment,5249773,Apartamento,Valencia,1,1,€ 173,2019/09/05,2019/09/06,0,,7
Apartamento con terraza,5238122,Apartahotel,Valencia,1,1,€ 240,2019/09/05,2019/09/06,0,,7
Calle eugenia viñes 211 Apartamento,5466253,Apartamento,Valencia,1,1,€ 245,2019/09/05,2019/09/06,0,,7
beach front house/ frente al mar,5424585,Casa o chalet,Valencia,1,1,€ 298,2019/09/05,2019/09/06,0,,7
Governor Residence,3799760,Apartahotel,Valencia,1,1,€ 600,2019/09/05,2019/09/06,0,,7
MD PASEO RUZAFA CENTER,5374850,Apartamento,Valencia,1,1,€ 1.020,2019/09/05,2019/09/06,0,,7
Gulet Why Not,5199364,NA,Valencia,1,1,€ 3.600,2019/09/05,2019/09/06,0,,7
Pensión Alicante,298710,NA,Valencia,1,1,€ 57,2019/09/05,2019/09/06,0,"8,5",7
Hulot B&B Valencia,585429,NA,Valencia,1,1,€ 65,2019/09/05,2019/09/06,0,"8,5",7
CÓMODAS HABITACIONES CERCA DE LA PLAYA,5041799,NA,Valencia,1,1,NA,2019/09/05,2019/09/06,0,"9,5",7
Big spacious penthouse next to the sea,3289648,Apartamento,Valencia,1,1,€ 70,2019/09/05,2019/09/06,0,"8,8",7
Valencia maritimo,3020748,Apartamento,Valencia,1,1,€ 70,2019/09/05,2019/09/06,0,"8,9",7
Casita bonita con piscina y jardin,5294677,NA,Valencia,1,1,€ 71,2019/09/05,2019/09/06,0,"8,8",7
Living Valencia - Patacona Beach 56,3718985,Apartamentos,Valencia,1,1,€ 84,2019/09/05,2019/09/06,0,"8,8",7
Home Youth Hostel by Feetup Hostels,189322,NA,Valencia,1,1,€ 84,2019/09/05,2019/09/06,0,"8,8",7
València Centre Túria,2185255,Apartamento,Valencia,1,1,€ 85,2019/09/05,2019/09/06,0,"8,8",7
Cómoda habitación Valencia,4200488,NA,Valencia,1,1,NA,2019/09/05,2019/09/06,0,"9,5",7
Habitación doble,3599930,NA,Valencia,1,1,€ 90,2019/09/05,2019/09/06,0,"8,9",7
Apartments Trinitarios,364825,Apartamentos,Valencia,1,1,€ 90,2019/09/05,2019/09/06,0,"8,9",7
Casa de Maria,2467712,Apartamento,Valencia,1,1,€ 90,2019/09/05,2019/09/06,0,"8,5",7
UP Hostel Valencia,1710137,NA,Valencia,1,1,€ 30,2019/09/05,2019/09/06,0,"7,8",7
Apart and Benef,2291245,NA,Valencia,1,1,€ 34,2019/09/05,2019/09/06,0,"7,8",7
Apartamento,3139431,Apartamento,Valencia,1,1,NA,2019/09/05,2019/09/06,0,"9,5",7
Habitación San Cayetano,4624401,NA,Valencia,1,1,€ 40,2019/09/05,2019/09/06,0,"7,7",7
Hostal Moratin,326015,NA,Valencia,1,1,€ 42,2019/09/05,2019/09/06,1,"7,9",7
Pensión Universal,304276,NA,Valencia,1,1,€ 44,2019/09/05,2019/09/06,0,"7,9",7
Voyagers Inn Homestay,2682156,NA,Valencia,1,1,€ 44,2019/09/05,2019/09/06,0,"7,8",7
Blanq Carmen Hotel,97069,NA,Valencia,1,1,€ 95,2019/09/05,2019/09/06,3,"8,7",7
Flatsforyou Ruzafa,3342696,Apartamentos,Valencia,1,1,€ 95,2019/09/05,2019/09/06,0,"8,8",7
Suites by Eric Olsan (Florista),4726450,Apartamentos,Valencia,1,1,€ 99,2019/09/05,2019/09/06,0,"8,7",7
Olympia Flats,4212801,NA,Valencia,1,1,NA,2019/09/05,2019/09/06,0,"9,7",7
Flatsforyou Marina,1793012,Apartamentos,Valencia,1,1,€ 100,2019/09/05,2019/09/06,0,"8,7",7
Perla Apartments,3146781,Apartamentos,Valencia,1,1,€ 117,2019/09/05,2019/09/06,0,"8,7",7
Habitacion PLaza Ayuntamiento,4365340,NA,Valencia,1,1,€ 50,2019/09/05,2019/09/06,0,"7,6",7
Valencia City Host,1177077,NA,Valencia,1,1,€ 58,2019/09/05,2019/09/06,0,"7,8",7
Ambrosio Flats Valencia - El Mercat,3131649,Apartamento,Valencia,1,1,NA,2019/09/05,2019/09/06,0,"9,5",7
Quart Youth Hostel,476418,NA,Valencia,1,1,€ 120,2019/09/05,2019/09/06,0,"8,7",7
ABCyou Bed&Breakfast,189207,NA,Valencia,1,1,€ 124,2019/09/05,2019/09/06,0,"8,5",7
Hotel Sercotel Acteón Valencia,90495,NA,Valencia,1,1,€ 128,2019/09/05,2019/09/06,4,"8,5",7
Casual del Cine Valencia,572187,NA,Valencia,1,1,€ 130,2019/09/05,2019/09/06,2,"8,6",7
Welcome Platanos 13 Valencia Beautiful apartments with terrace,5095795,Apartamento,Valencia,1,1,NA,2019/09/05,2019/09/06,0,"9,5",7
Valenciaflats Centro Histórico,94781,Apartamentos,Valencia,1,1,€ 130,2019/09/05,2019/09/06,0,"8,7",7
BUBUFLATS Mossén,1141763,Apartamentos,Valencia,1,1,€ 130,2019/09/05,2019/09/06,0,"8,9",7
Flatsforyou Sorolla House,403442,Apartamentos,Valencia,1,1,€ 130,2019/09/05,2019/09/06,0,"8,6",7
Jardín Botánico Hotel Boutique,93369,NA,Valencia,1,1,€ 132,2019/09/05,2019/09/06,3,"8,9",7
Pio XII Apartments Valencia,402080,Apartamentos,Valencia,1,1,€ 135,2019/09/05,2019/09/06,0,"8,5",7
Casual Civilizaciones Valencia,449777,NA,Valencia,1,1,€ 61,2019/09/05,2019/09/06,0,"7,9",7
Hostal El Cid,309465,NA,Valencia,1,1,€ 63,2019/09/05,2019/09/06,2,"7,6",7
Habitacion por dias Centro Valencia,3977106,NA,Valencia,1,1,€ 64,2019/09/05,2019/09/06,0,"7,9",7
Hotel Kramer,91106,NA,Valencia,1,1,€ 140,2019/09/05,2019/09/06,3,"8,8",7
ÁTICO EN EL CENTRO DE VALENCIA VT-45939-T,4752815,Apartamento,Valencia,1,1,NA,2019/09/05,2019/09/06,0,"9,5",7
Rooms Ciencias,94126,NA,Valencia,1,1,€ 140,2019/09/05,2019/09/06,0,"8,9",7
Ilunion Aqua 4,92777,NA,Valencia,1,1,€ 143,2019/09/05,2019/09/06,4,"8,5",7
Hotel Malcom and Barret,483261,NA,Valencia,1,1,€ 145,2019/09/05,2019/09/06,3,"8,7",7
Friendly Rentals Strauss,1634236,Apartamento,Valencia,1,1,€ 148,2019/09/05,2019/09/06,0,"8,8",7
Valencia Lounge Hostel,337203,NA,Valencia,1,1,€ 73,2019/09/05,2019/09/06,0,"7,8",7
Centro & Viaje,4215175,NA,Valencia,1,1,€ 78,2019/09/05,2019/09/06,0,"7,6",7
OYO Pensión El Rincón,476031,NA,Valencia,1,1,€ 85,2019/09/05,2019/09/06,1,"7,6",7
Ayuntamiento Panoramic,3089239,Apartamento,Valencia,1,1,NA,2019/09/05,2019/09/06,0,"9,5",7
Living Valencia - Patacona Beach 40,4049287,Apartamento,Valencia,1,1,€ 90,2019/09/05,2019/09/06,0,"7,8",7
Torres Quart,3702234,Apartamentos,Valencia,1,1,€ 96,2019/09/05,2019/09/06,0,"7,7",7
Hotel Dimar,90886,NA,Valencia,1,1,€ 149,2019/09/05,2019/09/06,4,"8,7",7
ValentiaApartments - MercadoCentral,4185241,Apartamentos,Valencia,1,1,€ 154,2019/09/05,2019/09/06,0,"8,7",7
Hexagonal Design Apartment Valencia,4630643,Apartamento,Valencia,1,1,NA,2019/09/05,2019/09/06,0,"9,5",7
Catalonia Excelsior,90578,NA,Valencia,1,1,€ 160,2019/09/05,2019/09/06,3,"8,7",7
Puerta de Serranos,2734333,Apartamentos,Valencia,1,1,€ 161,2019/09/05,2019/09/06,0,"8,8",7
Citizentral Gascons,332095,Apartamentos,Valencia,1,1,€ 165,2019/09/05,2019/09/06,0,"8,7",7
Hotel Turia,14441,NA,Valencia,1,1,€ 99,2019/09/05,2019/09/06,4,"7,5",7
B&B Hotel Valencia Ciudad de las Ciencias,92242,NA,Valencia,1,1,€ 99,2019/09/05,2019/09/06,3,"7,5",7
Suites by Eric Olsan (Peset),4726296,Apartamentos,Valencia,1,1,€ 100,2019/09/05,2019/09/06,0,"7,6",7
El 16 Ruzafa,865461,Apartamentos,Valencia,1,1,€ 114,2019/09/05,2019/09/06,0,"7,7",7
Duplex+Swimming pool+private entrance=Housen of LOVE,2999152,Apartamento,Valencia,1,1,NA,2019/09/05,2019/09/06,0,"9,5",7
SEA YOU HOTEL PORT VALENCIA,92328,NA,Valencia,1,1,€ 115,2019/09/05,2019/09/06,4,"7,6",7
Apartamento Alguer,4005334,Apartamento,Valencia,1,1,€ 115,2019/09/05,2019/09/06,0,"7,5",7
One Shot Palacio Reina Victoria 04,90885,NA,Valencia,1,1,€ 169,2019/09/05,2019/09/06,4,"8,6",7
Petit Palace Ruzafa,90792,NA,Valencia,1,1,€ 169,2019/09/05,2019/09/06,3,"8,7",7
Lotelito,570027,NA,Valencia,1,1,€ 180,2019/09/05,2019/09/06,0,"8,9",7
Barceló Valencia,91988,NA,Valencia,1,1,€ 185,2019/09/05,2019/09/06,4,"8,7",7
SH Ingles Boutique Hotel,92956,NA,Valencia,1,1,€ 185,2019/09/05,2019/09/06,4,"8,5",7
Vincci Palace,94163,NA,Valencia,1,1,€ 208,2019/09/05,2019/09/06,4,"8,6",7
Melia Valencia,290493,NA,Valencia,1,1,€ 214,2019/09/05,2019/09/06,4,"8,8",7
Vincci Lys,91183,NA,Valencia,1,1,€ 220,2019/09/05,2019/09/06,4,"8,9",7
AC Hotel Valencia- a Marriott Lifestyle Hotel,91063,NA,Valencia,1,1,€ 221,2019/09/05,2019/09/06,4,"8,6",7
El Globo,24498,NA,Valencia,1,1,€ 128,2019/09/05,2019/09/06,1,"7,8",7
Expo Hotel Valencia,91223,NA,Valencia,1,1,€ 154,2019/09/05,2019/09/06,3,"7,6",7
Ilunion Valencia 3,92818,NA,Valencia,1,1,€ 158,2019/09/05,2019/09/06,3,"7,9",7
SingularStays Parque Central,3054000,Apartamentos,Valencia,1,1,€ 225,2019/09/05,2019/09/06,0,"8,8",7
Ca Carmela,2466364,Casa o chalet,Valencia,1,1,€ 225,2019/09/05,2019/09/06,0,"8,9",7
Hotel Valencia Oceanic Managed by Melia Hotels International,91522,NA,Valencia,1,1,€ 229,2019/09/05,2019/09/06,4,"8,6",7
Apartamentos Dormavalencia,4450983,Apartamentos,Valencia,1,1,€ 235,2019/09/05,2019/09/06,0,"8,5",7
Dreams Rental City Hall,337092,Apartamentos,Valencia,1,1,€ 220,2019/09/05,2019/09/06,0,"7,5",7
Apartamento Centrico - Viveros,2461987,Apartamento,Valencia,1,1,NA,2019/09/05,2019/09/06,0,"9,5",7
Casual de la Música Valencia,273130,NA,Valencia,1,1,€ 254,2019/09/05,2019/09/06,2,"7,5",7
SH Valencia Palace,91497,NA,Valencia,1,1,€ 250,2019/09/05,2019/09/06,5,"8,5",7
Hospes Palau de La Mar,93823,NA,Valencia,1,1,€ 257,2019/09/05,2019/09/06,5,"8,8",7
MD Art Apartment Ruzafa,2550955,Apartamento,Valencia,1,1,€ 392,2019/09/05,2019/09/06,0,"7,6",7
MD Oliag I Apartment Ruzafa,2867488,Apartamento,Valencia,1,1,€ 513,2019/09/05,2019/09/06,0,"7,7",7
feliz como en casa,3676196,NA,Valencia,1,1,€ 36,2019/09/05,2019/09/06,0,"7,2",7
HOSPEDAJE PESET,4718074,NA,Valencia,1,1,€ 40,2019/09/05,2019/09/06,0,"7,2",7
Hostal Waksman,281139,NA,Valencia,1,1,€ 45,2019/09/05,2019/09/06,1,"7,3",7
palacete echeveste III,2160386,Apartamento,Valencia,1,1,NA,2019/09/05,2019/09/06,0,"9,5",7
Ruzafa Rooms,2891693,NA,Valencia,1,1,€ 48,2019/09/05,2019/09/06,0,7,7
Hostal Residencial RR,450746,NA,Valencia,1,1,€ 50,2019/09/05,2019/09/06,0,7,7
B&B El Mercat,2203530,NA,Valencia,1,1,€ 55,2019/09/05,2019/09/06,0,"7,3",7
Central Station Valencia Hostel,1647017,NA,Valencia,1,1,€ 69,2019/09/05,2019/09/06,0,"7,1",7
Cosy Rooms Bolsería,371606,NA,Valencia,1,1,€ 74,2019/09/05,2019/09/06,2,"7,4",7
NWT Monserrat,3728842,Apartamentos,Valencia,1,1,€ 82,2019/09/05,2019/09/06,0,7,7
Centro Valencia Calle Cerrajeros,3476261,NA,Valencia,1,1,€ 85,2019/09/05,2019/09/06,0,"7,1",7
Malvarrosa Beach Rooms,314048,NA,Valencia,1,1,€ 90,2019/09/05,2019/09/06,2,"7,1",7
HOSTAL BED OF THE SEA,3974636,NA,Valencia,1,1,€ 91,2019/09/05,2019/09/06,0,"7,1",7
Cosy Rooms Embajador,369728,NA,Valencia,1,1,€ 94,2019/09/05,2019/09/06,2,"7,4",7
Miresa flats,5300418,Apartamento,Valencia,1,1,€ 125,2019/09/05,2019/09/06,0,7,7
Dreams Rental Town Hall,866934,Apartamentos,Valencia,1,1,€ 170,2019/09/05,2019/09/06,0,"7,1",7
Select Home Catedral,440778,Apartamentos,Valencia,1,1,€ 180,2019/09/05,2019/09/06,0,"7,1",7
Apartamento para 10 personas,5029963,Apartamento,Valencia,1,1,€ 200,2019/09/05,2019/09/06,0,"7,3",7
Valencia Boutique Ayuntamiento,343355,Apartamentos,Valencia,1,1,€ 200,2019/09/05,2019/09/06,0,"7,2",7
MD Puerto Rico Apartment Ruzafa,3737151,Apartamento,Valencia,1,1,€ 455,2019/09/05,2019/09/06,0,"7,4",7
MD Olivereta Apartment,3783665,Apartamento,Valencia,1,1,€ 528,2019/09/05,2019/09/06,0,"7,3",7
Loyola Room Habitación en Piso Compartido,3298489,NA,Valencia,1,1,€ 32,2019/09/05,2019/09/06,0,"6,8",7
Apartamento Torres de Serrano,5083131,Apartamento,Valencia,1,1,€ 266,2019/09/05,2019/09/06,0,"8,9",7
Melia Plaza Valencia,13270,NA,Valencia,1,1,€ 330,2019/09/05,2019/09/06,4,"8,9",7
Atico Loft Ruzafa,3152977,Apartamento,Valencia,1,1,NA,2019/09/05,2019/09/06,0,"9,7",7
Hotel Neptuno,91206,NA,Valencia,1,1,€ 553,2019/09/05,2019/09/06,4,"8,5",7
The Westin Valencia,93321,NA,Valencia,1,1,€ 5.559,2019/09/05,2019/09/06,5,"8,7",7
Center Valencia Youth Hostel,246931,NA,Valencia,1,1,€ 24,2019/09/05,2019/09/06,0,8,7
Red Nest Hostel,92283,NA,Valencia,1,1,€ 34,2019/09/05,2019/09/06,0,"8,1",7
Purple Nest Hostel,25278,NA,Valencia,1,1,€ 43,2019/09/05,2019/09/06,0,"8,1",7
Casa Mati,4217185,NA,Valencia,1,1,€ 50,2019/09/05,2019/09/06,0,"8,1",7
Apartment Cisneros 2,2361375,Apartamento,Valencia,1,1,NA,2019/09/05,2019/09/06,0,"9,7",7
Pension MonaLisa Luxury Suites,3834224,NA,Valencia,1,1,€ 60,2019/09/05,2019/09/06,0,"8,2",7
B&B Hi Valencia Canovas,305349,NA,Valencia,1,1,€ 64,2019/09/05,2019/09/06,0,"8,4",7
Apartamento Gutenberg,1327120,Apartamentos,Valencia,1,1,€ 65,2019/09/05,2019/09/06,0,"8,1",7
Palacios Rooms,2773548,NA,Valencia,1,1,€ 70,2019/09/05,2019/09/06,0,"8,3",7
Hotel Olympia Universidades,1301731,NA,Valencia,1,1,€ 70,2019/09/05,2019/09/06,3,"8,4",7
Living Valencia - Tetuán,3217954,Apartamentos,Valencia,1,1,€ 71,2019/09/05,2019/09/06,0,"8,1",7
Ayuntamiento Panoramic,3089239,Apartamento,Valencia,1,1,NA,2019/09/05,2019/09/06,0,"9,5",7
Urban Youth Hostel,1163025,NA,Valencia,1,1,€ 74,2019/09/05,2019/09/06,0,"8,4",7
Living Valencia - Corregeria,3972561,Apartamentos,Valencia,1,1,€ 77,2019/09/05,2019/09/06,0,"8,3",7
Living Valencia - Catedral,2338234,Apartamentos,Valencia,1,1,€ 77,2019/09/05,2019/09/06,0,8,7
Happy Apartments Valencia,456043,Apartamentos,Valencia,1,1,€ 79,2019/09/05,2019/09/06,0,"8,2",7
SHF Flats Baron,1033085,Apartamentos,Valencia,1,1,€ 82,2019/09/05,2019/09/06,0,8,7
MD Modern Hotel - Jardines,305447,NA,Valencia,1,1,€ 88,2019/09/05,2019/09/06,1,"8,2",7
ApartUP Patacona Deluxe,2565246,Apartamento,Valencia,1,1,NA,2019/09/05,2019/09/06,0,"9,6",7
NWT Central Station Apartments,3964093,Apartamento,Valencia,1,1,€ 94,2019/09/05,2019/09/06,0,"8,2",7
Opera House Valencia B&B,3533887,NA,Valencia,1,1,€ 108,2019/09/05,2019/09/06,0,"9,5",7
Apartamento centro frente a Torres de Serrano,3408067,Apartamento,Valencia,1,1,€ 130,2019/09/05,2019/09/06,0,"9,5",7
VALENCIA APARTAMENTO GOYA,4256653,Apartamento,Valencia,1,1,NA,2019/09/05,2019/09/06,0,10,7
La seda stay,3335523,Apartamento,Valencia,1,1,€ 150,2019/09/05,2019/09/06,0,"9,7",7
Disfruta - Enjoy Valencia Ruzafa,3890328,Apartamento,Valencia,1,1,€ 165,2019/09/05,2019/09/06,0,"9,7",7
Ramirez Flats & Bar,4124528,Apartahotel,Valencia,1,1,€ 175,2019/09/05,2019/09/06,0,"9,5",7
Art&Flats Bed&Breakfast,5238345,NA,Valencia,1,1,€ 40,2019/09/05,2019/09/06,0,"9,1",7
United Colors of Apartments - Catedral,1301545,Apartamentos,Valencia,1,1,€ 95,2019/09/05,2019/09/06,0,"8,2",7
Your home in Valencia,2215828,Apartamento,Valencia,1,1,€ 95,2019/09/05,2019/09/06,0,8,7
Nanit Valencia Hostel,3913497,NA,Valencia,1,1,€ 99,2019/09/05,2019/09/06,0,"8,3",7
Cantagua Hostel,4074640,NA,Valencia,1,1,€ 48,2019/09/05,2019/09/06,0,"9,1",7
Apartments Madrina,3278589,Apartamentos,Valencia,1,1,€ 80,2019/09/05,2019/09/06,0,9,7
Hostal Antigua Morellana,1273937,NA,Valencia,1,1,NA,2019/09/05,2019/09/06,1,"9,5",7
Apartamento bianca,3205847,Apartamento,Valencia,1,1,€ 85,2019/09/05,2019/09/06,0,"9,2",7
Apartamentos Edificio Palomar,189277,Apartamentos,Valencia,1,1,€ 85,2019/09/05,2019/09/06,0,"9,2",7
City Garden Bed and Breakfast,2204361,NA,Valencia,1,1,€ 97,2019/09/05,2019/09/06,0,"9,4",7
APARTAMENTO LAS MELLIZAS,4651578,NA,Valencia,1,1,€ 50,2019/09/05,2019/09/06,0,"8,4",7
Living Valencia - Biblioteca,2843260,Apartamentos,Valencia,1,1,€ 104,2019/09/05,2019/09/06,0,8,7
Apartments Torres de Serranos Valencia,1099602,Apartamentos,Valencia,1,1,NA,2019/09/05,2019/09/06,0,"9,6",7
Living Valencia -Correos,3062274,Apartamentos,Valencia,1,1,€ 110,2019/09/05,2019/09/06,0,"8,4",7
BonApart Apartment Valencia,1490885,Apartamento,Valencia,1,1,€ 120,2019/09/05,2019/09/06,0,"8,4",7
Silken Puerta Valencia,91182,NA,Valencia,1,1,€ 125,2019/09/05,2019/09/06,4,"8,3",7
Teixidors de Palomar,2639791,Apartamentos,Valencia,1,1,€ 99,2019/09/05,2019/09/06,0,"9,4",7
YOU & CO. Saler Beach Boutique,4533007,NA,Valencia,1,1,€ 99,2019/09/05,2019/09/06,3,"9,2",7
Olvida tu Reloj Montichelvo Apartment,3258095,Apartamento,Valencia,1,1,€ 102,2019/09/05,2019/09/06,0,"9,4",7
Experiencia en Caravana,5441777,NA,Valencia,1,1,NA,2019/09/05,2019/09/06,0,"9,5",7
Zerka Centro,4425975,Apartamentos,Valencia,1,1,€ 129,2019/09/05,2019/09/06,0,"8,4",7
Apartamentos Valencia Luxury Center,2011524,Apartamento,Valencia,1,1,€ 130,2019/09/05,2019/09/06,0,8,7
Ilunion Aqua 3,92776,NA,Valencia,1,1,€ 130,2019/09/05,2019/09/06,3,"8,3",7
Apartamento Comedias,2236348,Apartamento,Valencia,1,1,NA,2019/09/05,2019/09/06,0,"9,8",7
Primus Valencia,331871,NA,Valencia,1,1,€ 140,2019/09/05,2019/09/06,4,"8,3",7
NH Valencia Las Ciencias,90725,NA,Valencia,1,1,€ 146,2019/09/05,2019/09/06,3,8,7
Apartamento cerca de la playa y Ciudad de las Ciencias,4576062,Apartamento,Valencia,1,1,€ 147,2019/09/05,2019/09/06,0,8,7
Friendly Rentals Gimenez,1634242,Apartamento,Valencia,1,1,€ 148,2019/09/05,2019/09/06,0,"8,2",7
Live in Chianti,2227491,NA,Valencia,1,1,€ 104,2019/09/05,2019/09/06,0,"9,1",7
"Piso ""Como en tu casa""",2689136,Apartamento,Valencia,1,1,€ 105,2019/09/05,2019/09/06,0,"9,2",7
Apartments Abate 4,2848648,Apartamentos,Valencia,1,1,€ 107,2019/09/05,2019/09/06,0,"9,1",7
Welcome Apartamentos Pintor Stolz 31 Valencia,5019066,Apartamento,Valencia,1,1,€ 114,2019/09/05,2019/09/06,0,"9,1",7
Casa Cabañal,2436758,Casa o chalet,Valencia,1,1,€ 116,2019/09/05,2019/09/06,0,9,7
Senator Parque Central Hotel,274963,NA,Valencia,1,1,€ 152,2019/09/05,2019/09/06,4,"8,1",7
NH Ciudad de Valencia,90729,NA,Valencia,1,1,€ 159,2019/09/05,2019/09/06,3,"8,1",7
Hotel Medium Valencia,96838,NA,Valencia,1,1,€ 162,2019/09/05,2019/09/06,4,"8,2",7
Ilunion Valencia 4,754329,NA,Valencia,1,1,€ 168,2019/09/05,2019/09/06,4,8,7
Eurostars Rey Don Jaime,91520,NA,Valencia,1,1,€ 170,2019/09/05,2019/09/06,4,"8,2",7
Friendly rentals Enesco Beach,2526514,Apartamento,Valencia,1,1,€ 174,2019/09/05,2019/09/06,0,8,7
Valenciaflats Ciudad de las Ciencias,93676,Apartamentos,Valencia,1,1,€ 120,2019/09/05,2019/09/06,0,"9,1",7
Nest Style Valencia -Nueva apertura-,5219046,NA,Valencia,1,1,NA,2019/09/05,2019/09/06,3,"9,7",7
Piso céntrico Plaza Toros,2961063,Apartamento,Valencia,1,1,€ 123,2019/09/05,2019/09/06,0,"9,3",7
Mon Suites San Nicolas,4117225,Apartamentos,Valencia,1,1,€ 124,2019/09/05,2019/09/06,0,"9,2",7
COZY APARTMENT VALENCIA CITY CENTER!,4886758,Apartamento,Valencia,1,1,€ 125,2019/09/05,2019/09/06,0,"9,1",7
Holiday Inn Express Ciudad de las Ciencias,96737,NA,Valencia,1,1,€ 180,2019/09/05,2019/09/06,3,8,7
Hotel Valencia Center,91285,NA,Valencia,1,1,€ 181,2019/09/05,2019/09/06,4,"8,4",7
NH Valencia Las Artes,90731,NA,Valencia,1,1,€ 182,2019/09/05,2019/09/06,4,"8,4",7
Suntimes Patacona Beach,3465570,Apartamento,Valencia,1,1,€ 125,2019/09/05,2019/09/06,0,"9,4",7
Valenciaflats Centro Ciudad,18544,Apartamentos,Valencia,1,1,€ 130,2019/09/05,2019/09/06,0,"9,1",7
Hostal Venecia,92883,NA,Valencia,1,1,€ 130,2019/09/05,2019/09/06,2,"9,1",7
Colors Rooms,675839,NA,Valencia,1,1,NA,2019/09/05,2019/09/06,0,"9,5",7
Apartamentos Valencia - Peset Aleixandre 135- FREE WI-FI,4262488,Apartamentos,Valencia,1,1,€ 134,2019/09/05,2019/09/06,0,"9,1",7
Vlc Apartaments el Carmen,389902,Apartamentos,Valencia,1,1,€ 214,2019/09/05,2019/09/06,0,"8,2",7
Eurostars Gran Valencia,90484,NA,Valencia,1,1,€ 225,2019/09/05,2019/09/06,4,"8,3",7
Hotel Conqueridor,91047,NA,Valencia,1,1,€ 240,2019/09/05,2019/09/06,4,"8,4",7
Hotel Valencia Alameda,4019381,NA,Valencia,1,1,€ 135,2019/09/05,2019/09/06,4,"9,3",7
Valencia Sol Sun,2482393,Apartamento,Valencia,1,1,€ 135,2019/09/05,2019/09/06,0,"9,4",7
Loft zona Pechina en Valencia centro,2524985,Apartamento,Valencia,1,1,€ 138,2019/09/05,2019/09/06,0,"9,2",7
Musico Peydro Apartments,3765069,Apartamentos,Valencia,1,1,€ 397,2019/09/05,2019/09/06,0,"8,1",7
MD Benlliure Beach.,1957258,Apartamento,Valencia,1,1,€ 397,2019/09/05,2019/09/06,0,8,7
BUBUSUITES by Bubuflats,2389776,NA,Valencia,1,1,€ 140,2019/09/05,2019/09/06,0,"9,3",7
Casual Socarrat Valencia,5142800,NA,Valencia,1,1,€ 143,2019/09/05,2019/09/06,3,"9,3",7
L'Esplai Valencia Bed & Breakfast,1282556,NA,Valencia,1,1,NA,2019/09/05,2019/09/06,0,"9,6",7
HQ Rooms Apartments San Vicente,2894429,Apartamentos,Valencia,1,1,€ 149,2019/09/05,2019/09/06,0,"9,3",7
B BEACH VALENCIA,5125954,Apartamento,Valencia,1,1,€ 150,2019/09/05,2019/09/06,0,"9,1",7
Sweet Caroline Apartment,1811784,Apartamento,Valencia,1,1,€ 150,2019/09/05,2019/09/06,0,"9,2",7
Apartamentos Wallace,1698355,Apartamentos,Valencia,1,1,€ 150,2019/09/05,2019/09/06,0,"9,2",7
Center City Flats,861452,Apartamentos,Valencia,1,1,€ 154,2019/09/05,2019/09/06,0,"9,1",7
One Shot Mercat 09,2274203,NA,Valencia,1,1,€ 169,2019/09/05,2019/09/06,4,"9,1",7
Jardines del Turia - Espacioso apartamento,2734126,Apartamento,Valencia,1,1,€ 170,2019/09/05,2019/09/06,0,"9,1",7
Citizentral Juristas,1113127,Apartamentos,Valencia,1,1,€ 173,2019/09/05,2019/09/06,0,"9,2",7
MYR Hotel Plaza Mercado & Spa,1619029,Apartahotel,Valencia,1,1,€ 179,2019/09/05,2019/09/06,0,"9,2",7
Zerka Sendra,4657122,Apartamento,Valencia,1,1,€ 179,2019/09/05,2019/09/06,0,9,7
Apartamentos La más Bonita,2816245,Apartamentos,Valencia,1,1,€ 180,2019/09/05,2019/09/06,0,"9,1",7
Marina Real- Playa Apartment,2831340,Apartamento,Valencia,1,1,€ 197,2019/09/05,2019/09/06,0,"9,2",7
MARQUÉS HOUSE 4* SUP,2118880,NA,Valencia,1,1,€ 239,2019/09/05,2019/09/06,4,"9,4",7
Vincci Mercat,1279484,NA,Valencia,1,1,€ 265,2019/09/05,2019/09/06,4,9,7
Caro Hotel,348132,NA,Valencia,1,1,€ 525,2019/09/05,2019/09/06,5,"9,2",7
The River Hostel,494202,NA,Valencia,1,1,€ 25,2019/09/05,2019/09/06,0,"8,5",7
Homestay Carrer Sagun,5006434,NA,Valencia,1,1,€ 36,2019/09/05,2019/09/06,0,"8,7",7
Russafa Youth Hostel,345134,NA,Valencia,1,1,€ 54,2019/09/05,2019/09/06,0,"8,6",7
