name,propertyId,propertyType,city,rooms,days,price,checkIn,checkOut,stars,score,advance
Attic Rooms in Botánico,5522932,NA,Valencia,1,1,€ 65,2019/09/25,2019/09/26,0,,30
Petxina78 Valencia,5503912,NA,Valencia,1,1,€ 66,2019/09/25,2019/09/26,0,,30
MAR Y SOL,4652261,NA,Valencia,1,1,NA,2019/09/25,2019/09/26,0,"9,5",30
Mi casa es vuestra casa,4967097,NA,Valencia,1,1,€ 70,2019/09/25,2019/09/26,0,,30
Hogar Dulce Hogar,5426607,NA,Valencia,1,1,€ 70,2019/09/25,2019/09/26,0,,30
APARTAMENTO EN CENTRO DE VALENCIA,5535333,NA,Valencia,1,1,€ 70,2019/09/25,2019/09/26,0,,30
Habitación en Valencia,5477394,NA,Valencia,1,1,€ 72,2019/09/25,2019/09/26,0,,30
Brugada home,5259150,NA,Valencia,1,1,€ 75,2019/09/25,2019/09/26,0,,30
Original Domino House,5434091,NA,Valencia,1,1,€ 75,2019/09/25,2019/09/26,0,,30
Ático Valencia Centro,4358939,NA,Valencia,1,1,NA,2019/09/25,2019/09/26,0,"9,9",30
Rooms Valencia Center,5507857,NA,Valencia,1,1,€ 85,2019/09/25,2019/09/26,0,,30
Pearl of Turia,5359645,NA,Valencia,1,1,€ 87,2019/09/25,2019/09/26,0,,30
Kirei Apartment Dublin,4639542,NA,Valencia,1,1,€ 108,2019/09/25,2019/09/26,0,,30
casa la tranquilidad,5516825,NA,Valencia,1,1,€ 120,2019/09/25,2019/09/26,0,,30
RAVALENCIA 4,3377937,NA,Valencia,1,1,€ 124,2019/09/25,2019/09/26,0,,30
Valencia Puerto Beach 3BD Apartment,5249773,NA,Valencia,1,1,€ 125,2019/09/25,2019/09/26,0,,30
15 Avinguda Mare Nostrum,4518973,NA,Valencia,1,1,NA,2019/09/25,2019/09/26,0,"9,8",30
Apartamento con terraza,5238122,NA,Valencia,1,1,€ 240,2019/09/25,2019/09/26,0,,30
"Flat ""Ca Alexandre""",3687859,NA,Valencia,1,1,€ 240,2019/09/25,2019/09/26,0,,30
Aloha Apartment Center Valencia,3101443,NA,Valencia,1,1,€ 350,2019/09/25,2019/09/26,0,,30
Governor Residence,3799760,NA,Valencia,1,1,€ 600,2019/09/25,2019/09/26,0,,30
Apartment Carrer de Cadis,5531328,NA,Valencia,1,1,€ 648,2019/09/25,2019/09/26,0,,30
MD PASEO RUZAFA CENTER,5374850,NA,Valencia,1,1,€ 870,2019/09/25,2019/09/26,0,,30
Colors Rooms,675839,NA,Valencia,1,1,NA,2019/09/25,2019/09/26,0,"9,5",30
Gulet Why Not,5199364,NA,Valencia,1,1,€ 3.600,2019/09/25,2019/09/26,0,,30
Cosy Rooms Embajador,369728,NA,Valencia,1,1,€ 89,2019/09/25,2019/09/26,2,"7,4",30
Accommodation Beach Apartments,1001766,Apartamentos,Valencia,1,1,€ 89,2019/09/25,2019/09/26,0,"7,1",30
Central apartment,4597029,Apartamento,Valencia,1,1,NA,2019/09/25,2019/09/26,0,"9,5",30
Valencia Apartmans El Carmen,847910,Apartamentos,Valencia,1,1,€ 96,2019/09/25,2019/09/26,0,"7,4",30
Lujoso Apartamento En El Carmen,2814452,Apartamento,Valencia,1,1,€ 99,2019/09/25,2019/09/26,0,"7,4",30
Kirei Apartment Na Jordana,1702092,Apartamentos,Valencia,1,1,€ 101,2019/09/25,2019/09/26,0,7,30
Las casitas de la playa,3177809,Apartamentos,Valencia,1,1,€ 109,2019/09/25,2019/09/26,0,"7,2",30
NWT Monserrat,3728842,Apartamentos,Valencia,1,1,€ 112,2019/09/25,2019/09/26,0,7,30
Premium Apartments,486507,Apartamentos,Valencia,1,1,€ 114,2019/09/25,2019/09/26,0,7,30
Apartamento luminoso y acogedor,3489126,Apartamento,Valencia,1,1,NA,2019/09/25,2019/09/26,0,"9,5",30
Miresa flats,5300418,Apartamento,Valencia,1,1,€ 125,2019/09/25,2019/09/26,0,7,30
Kirei Apartment San Vicente,1774062,Apartamento,Valencia,1,1,€ 132,2019/09/25,2019/09/26,0,"7,4",30
Kirei Apartment En Llop,1765516,Apartamentos,Valencia,1,1,€ 137,2019/09/25,2019/09/26,0,"7,2",30
Select Home Catedral,440778,Apartamentos,Valencia,1,1,€ 170,2019/09/25,2019/09/26,0,"7,1",30
Apartamento para 10 personas,5029963,Apartamento,Valencia,1,1,€ 200,2019/09/25,2019/09/26,0,"7,3",30
Valencia Luxury La Paz,1107542,Apartamentos,Valencia,1,1,€ 245,2019/09/25,2019/09/26,0,"7,2",30
Travel Habitat Ático Ciutat Vella.,3264750,Apartamento,Valencia,1,1,NA,2019/09/25,2019/09/26,0,"9,5",30
MD Puerto Rico Apartment Ruzafa,3737151,Apartamento,Valencia,1,1,€ 329,2019/09/25,2019/09/26,0,"7,4",30
MD Olivereta Apartment,3783665,Apartamento,Valencia,1,1,€ 390,2019/09/25,2019/09/26,0,"7,3",30
Loyola Room Habitación en Piso Compartido,3298489,NA,Valencia,1,1,€ 32,2019/09/25,2019/09/26,0,"6,7",30
Guest House Lebon,3124256,NA,Valencia,1,1,€ 35,2019/09/25,2019/09/26,0,"6,9",30
PISO ACOGEDOR,4995780,NA,Valencia,1,1,€ 50,2019/09/25,2019/09/26,0,"6,9",30
Geography and Arts.,3569110,NA,Valencia,1,1,€ 60,2019/09/25,2019/09/26,0,"6,7",30
VALENCIA APARTAMENTO GOYA GRAN TERRAZA,4660558,Apartamento,Valencia,1,1,NA,2019/09/25,2019/09/26,0,"9,7",30
Bonito Apartamento en Valencia!!,4333493,Apartamento,Valencia,1,1,€ 103,2019/09/25,2019/09/26,0,"6,9",30
Malvarrosa Beach,3546692,Casas y chalets,Valencia,1,1,€ 360,2019/09/25,2019/09/26,0,"6,6",30
MD Villalonga Malvarosa Beach,3739661,Apartamento,Valencia,1,1,€ 480,2019/09/25,2019/09/26,0,"6,8",30
Habitación con cama doble,4794909,NA,Valencia,1,1,€ 41,2019/09/25,2019/09/26,0,"6,3",30
Fun and Sun Center 2,2944416,NA,Valencia,1,1,€ 45,2019/09/25,2019/09/26,0,"6,1",30
Kirei Apartment San Agustin,1712323,Apartamentos,Valencia,1,1,€ 126,2019/09/25,2019/09/26,0,6,30
Chic and Central- in a lively but quiet area. All walking distance.,3649090,Apartamento,Valencia,1,1,NA,2019/09/25,2019/09/26,0,"9,7",30
Casita Esmeralda,2040126,Casa o chalet,Valencia,1,1,€ 139,2019/09/25,2019/09/26,0,"6,3",30
Kirei Apartment Portland,4276529,Apartamentos,Valencia,1,1,€ 155,2019/09/25,2019/09/26,0,"6,1",30
Guest House Higinio Noja,2845935,NA,Valencia,1,1,€ 30,2019/09/25,2019/09/26,0,"5,9",30
RoomTuristValencia - Ruzafa,4608394,NA,Valencia,1,1,€ 30,2019/09/25,2019/09/26,0,"5,5",30
Ruzafa Guesthouse,2269176,NA,Valencia,1,1,€ 33,2019/09/25,2019/09/26,0,"5,6",30
Carrer del Bisbe Jaume Pérez,4900140,NA,Valencia,1,1,€ 60,2019/09/25,2019/09/26,0,"5,8",30
Carmen Apartment,3308265,Apartamento,Valencia,1,1,NA,2019/09/25,2019/09/26,0,"9,6",30
Home Sweet Home,1223953,NA,Valencia,1,1,€ 60,2019/09/25,2019/09/26,0,"5,5",30
Oliver,4865093,NA,Valencia,1,1,€ 73,2019/09/25,2019/09/26,0,"5,6",30
Kirei Apartment Berlin,4504570,Apartamentos,Valencia,1,1,€ 126,2019/09/25,2019/09/26,0,"5,5",30
Guest House Duc de Gaeta,2275007,NA,Valencia,1,1,€ 33,2019/09/25,2019/09/26,0,5,30
RoomTuristValencia Estacion del Norte,4682632,NA,Valencia,1,1,€ 35,2019/09/25,2019/09/26,0,"5,3",30
Guest House Torres de Quart,2275006,NA,Valencia,1,1,€ 35,2019/09/25,2019/09/26,0,"5,3",30
Guesthouse Plaza de Toros,2985902,NA,Valencia,1,1,€ 33,2019/09/25,2019/09/26,0,"4,9",30
RoomTuristValencia Torres de Quart,4565643,NA,Valencia,1,1,€ 35,2019/09/25,2019/09/26,0,"4,5",30
RoomTuristValencia RuzafaSumsi,4682802,NA,Valencia,1,1,€ 40,2019/09/25,2019/09/26,0,"4,8",30
Port of Valencia,3805735,Apartamento,Valencia,1,1,€ 79,2019/09/25,2019/09/26,0,"4,7",30
Apartamento Islas Canarias,2304086,Apartamento,Valencia,1,1,€ 71,2019/09/25,2019/09/26,0,4,30
Constitucion Guesthouse,2985942,NA,Valencia,1,1,€ 30,2019/09/25,2019/09/26,0,"3,4",30
Amplia habitación en piso compartido,5433175,NA,Valencia,1,1,€ 40,2019/09/25,2019/09/26,0,,30
Patraix,5366858,NA,Valencia,1,1,€ 55,2019/09/25,2019/09/26,0,,30
APARTAMENTO EN LA PLAYA,5503515,Apartamento,Valencia,1,1,€ 60,2019/09/25,2019/09/26,0,,30
Florista's Rooms en Valencia,5502152,NA,Valencia,1,1,€ 60,2019/09/25,2019/09/26,0,,30
vosotros sereis parte de mi familia.,5299568,NA,Valencia,1,1,€ 60,2019/09/25,2019/09/26,0,,30
Magnífico Adosado- cerca de Valencia ciudad- en zona de montaña y playa fluvial,5354233,Casa o chalet,Valencia,1,1,€ 64,2019/09/25,2019/09/26,0,,30
Suites by Eric Olsan (Florista),4726450,NA,Valencia,1,1,€ 97,2019/09/25,2019/09/26,0,"8,6",30
Hotel Sercotel Acteón Valencia,90495,NA,Valencia,1,1,€ 97,2019/09/25,2019/09/26,4,"8,5",30
Apartamento Centrico - Viveros,2461987,NA,Valencia,1,1,NA,2019/09/25,2019/09/26,0,"9,5",30
Hotel Malcom and Barret,483261,NA,Valencia,1,1,€ 98,2019/09/25,2019/09/26,3,"8,7",30
Ad Hoc Carmen,1173270,NA,Valencia,1,1,€ 99,2019/09/25,2019/09/26,2,"8,9",30
Valencian Apartment,2298621,NA,Valencia,1,1,€ 100,2019/09/25,2019/09/26,0,"8,8",30
BUBUFLATS Mossén,1141763,NA,Valencia,1,1,€ 100,2019/09/25,2019/09/26,0,"8,9",30
BUBUFLATS / Mercat,783206,NA,Valencia,1,1,€ 100,2019/09/25,2019/09/26,0,"8,9",30
Petit Palace Plaza de la Reina,90443,NA,Valencia,1,1,€ 101,2019/09/25,2019/09/26,3,"8,7",30
Apartamento Bolseria 28,881275,NA,Valencia,1,1,NA,2019/09/25,2019/09/26,0,"9,5",30
Lotelito,570027,NA,Valencia,1,1,€ 101,2019/09/25,2019/09/26,0,"8,9",30
Jardín Botánico Hotel Boutique,93369,NA,Valencia,1,1,€ 106,2019/09/25,2019/09/26,3,"8,9",30
Plaza Sainetero Arniches,3984774,NA,Valencia,1,1,€ 107,2019/09/25,2019/09/26,0,"8,5",30
Ilunion Aqua 4,92777,NA,Valencia,1,1,€ 107,2019/09/25,2019/09/26,4,"8,5",30
New Trendy apartment,2426154,NA,Valencia,1,1,€ 110,2019/09/25,2019/09/26,0,"8,7",30
Nest Style Valencia -Nueva apertura-,5219046,NA,Valencia,1,1,€ 75,2019/09/25,2019/09/26,3,"9,9",30
Valenciaflats Centro Histórico,94781,NA,Valencia,1,1,€ 110,2019/09/25,2019/09/26,0,"8,7",30
Luxury Center Plaza Redonda,5138960,NA,Valencia,1,1,NA,2019/09/25,2019/09/26,0,"9,8",30
Casual Vintage Valencia,1710241,NA,Valencia,1,1,€ 111,2019/09/25,2019/09/26,2,"8,6",30
Hostal Antigua Morellana,1273937,NA,Valencia,1,1,€ 80,2019/09/25,2019/09/26,1,"9,5",30
VALENCIA APARTAMENTO GOYA,4256653,Apartamento,Valencia,1,1,NA,2019/09/25,2019/09/26,0,10,30
United Colors of Apartments Boutique Style,5372347,Apartamentos,Valencia,1,1,€ 89,2019/09/25,2019/09/26,0,"9,8",30
Valencian Dreams,3268804,Apartamento,Valencia,1,1,€ 95,2019/09/25,2019/09/26,0,"9,8",30
Tranquilo Apartamento En Plaza Cisneros,3127388,NA,Valencia,1,1,€ 111,2019/09/25,2019/09/26,0,"8,8",30
Ad Hoc Monumental,90719,NA,Valencia,1,1,€ 111,2019/09/25,2019/09/26,3,"8,6",30
El Palacete Gran Via,3483148,NA,Valencia,1,1,€ 114,2019/09/25,2019/09/26,0,"8,9",30
Blanq Carmen Hotel,97069,NA,Valencia,1,1,€ 117,2019/09/25,2019/09/26,3,"8,7",30
Opera House Valencia B&B,3533887,NA,Valencia,1,1,€ 113,2019/09/25,2019/09/26,0,"9,5",30
Apartamento centro frente a Torres de Serrano,3408067,Apartamento,Valencia,1,1,€ 130,2019/09/25,2019/09/26,0,"9,5",30
Duplex+Swimming pool+private entrance=Housen of LOVE,2999152,Apartamento,Valencia,1,1,€ 135,2019/09/25,2019/09/26,0,"9,5",30
RUZAFA- CENTRO-A/C- WI-FI- PARKING,2885994,Apartamento,Valencia,1,1,€ 140,2019/09/25,2019/09/26,0,"9,7",30
Colors Rooms,675839,NA,Valencia,1,1,NA,2019/09/25,2019/09/26,0,"9,5",30
Ramirez Flats & Bar,4124528,Apartahotel,Valencia,1,1,€ 149,2019/09/25,2019/09/26,0,"9,5",30
Disfruta - Enjoy Valencia Oceanografic,4121345,Apartamento,Valencia,1,1,€ 152,2019/09/25,2019/09/26,0,"9,6",30
Disfruta - Enjoy Valencia Ayuntamiento,4901194,Apartamento,Valencia,1,1,€ 159,2019/09/25,2019/09/26,0,"9,8",30
Disfruta - Enjoy Valencia Ruzafa,3890328,Apartamento,Valencia,1,1,€ 165,2019/09/25,2019/09/26,0,"9,7",30
Perla Apartments,3146781,NA,Valencia,1,1,€ 117,2019/09/25,2019/09/26,0,"8,7",30
Ciudad Ciencias- Lujo- Parking- Wi-Fi.,4999636,NA,Valencia,1,1,NA,2019/09/25,2019/09/26,0,"9,8",30
SKY TOURISTIC ATTIC,281640,NA,Valencia,1,1,€ 117,2019/09/25,2019/09/26,0,"8,5",30
Friendly Rentals Brade,1918694,NA,Valencia,1,1,€ 118,2019/09/25,2019/09/26,0,"8,9",30
Les flors,3985046,NA,Valencia,1,1,€ 119,2019/09/25,2019/09/26,0,"8,6",30
Valenciaflats Mercado Central,307677,NA,Valencia,1,1,€ 120,2019/09/25,2019/09/26,0,"8,9",30
Disfruta - Enjoy Valencia Centre,3881970,Apartamento,Valencia,1,1,€ 169,2019/09/25,2019/09/26,0,"9,8",30
Art&Flats Bed&Breakfast,5238345,NA,Valencia,1,1,€ 45,2019/09/25,2019/09/26,0,"9,2",30
L'Esplai Valencia Bed & Breakfast,1282556,NA,Valencia,1,1,NA,2019/09/25,2019/09/26,0,"9,6",30
Cantagua Hostel,4074640,NA,Valencia,1,1,€ 46,2019/09/25,2019/09/26,0,"9,1",30
Petit Palace Ruzafa,90792,NA,Valencia,1,1,€ 121,2019/09/25,2019/09/26,3,"8,7",30
Hotel Kramer,91106,NA,Valencia,1,1,€ 123,2019/09/25,2019/09/26,3,"8,8",30
Valencia Just in the Middle,2965508,NA,Valencia,1,1,NA,2019/09/25,2019/09/26,0,"9,9",30
Apartamentos Valencia - Brazil 31 Free WiFi,4948554,NA,Valencia,1,1,€ 125,2019/09/25,2019/09/26,0,"8,8",30
Habitación privada a 1500 metros de la playa,3789910,NA,Valencia,1,1,€ 60,2019/09/25,2019/09/26,0,"9,2",30
YOU & CO. Saler Beach Boutique,4533007,NA,Valencia,1,1,€ 65,2019/09/25,2019/09/26,3,"9,2",30
Apartamento Las Torres,2223557,Apartamento,Valencia,1,1,€ 70,2019/09/25,2019/09/26,0,"9,1",30
Blanq Comedias,4922002,NA,Valencia,1,1,€ 72,2019/09/25,2019/09/26,0,"9,2",30
Hotel Valencia Oceanic Managed by Melia Hotels International,91522,NA,Valencia,1,1,€ 129,2019/09/25,2019/09/26,4,"8,6",30
Hotel Mediterraneo Valencia,92412,NA,Valencia,1,1,€ 131,2019/09/25,2019/09/26,3,"8,8",30
Sercotel Sorolla Palace,93646,NA,Valencia,1,1,€ 134,2019/09/25,2019/09/26,4,"8,6",30
Una Ubicacion Perfecta,3114164,Apartamentos,Valencia,1,1,€ 82,2019/09/25,2019/09/26,0,"9,1",30
CÓMODAS HABITACIONES CERCA DE LA PLAYA,5041799,NA,Valencia,1,1,NA,2019/09/25,2019/09/26,0,"9,5",30
City Garden Bed and Breakfast,2204361,NA,Valencia,1,1,€ 86,2019/09/25,2019/09/26,0,"9,4",30
La casita de Palomar,2132386,Apartamentos,Valencia,1,1,€ 89,2019/09/25,2019/09/26,0,"9,4",30
Friendly Rentals Soler,1634237,NA,Valencia,1,1,€ 137,2019/09/25,2019/09/26,0,"8,7",30
Soho Valencia,1538641,NA,Valencia,1,1,€ 139,2019/09/25,2019/09/26,0,"8,9",30
Apartment Sofi,2830696,NA,Valencia,1,1,NA,2019/09/25,2019/09/26,0,"9,8",30
FREE WI-FI. Apartamentos 90 м2 - Assutzena 5,4828764,NA,Valencia,1,1,€ 140,2019/09/25,2019/09/26,0,"8,5",30
Zenit Valencia,92327,NA,Valencia,1,1,€ 140,2019/09/25,2019/09/26,4,"8,8",30
One Shot Palacio Reina Victoria 04,90885,NA,Valencia,1,1,€ 143,2019/09/25,2019/09/26,4,"8,6",30
ValentiaApartments - MercadoCentral,4185241,NA,Valencia,1,1,€ 144,2019/09/25,2019/09/26,0,"8,7",30
Apartamento Rosaleda,3014201,Apartamento,Valencia,1,1,€ 90,2019/09/25,2019/09/26,0,9,30
Apartamento bianca,3205847,Apartamento,Valencia,1,1,€ 91,2019/09/25,2019/09/26,0,"9,1",30
Apartments Abate 4,2848648,Apartamentos,Valencia,1,1,€ 94,2019/09/25,2019/09/26,0,"9,1",30
Apartments Madrina,3278589,Apartamentos,Valencia,1,1,€ 95,2019/09/25,2019/09/26,0,9,30
Cómoda habitación Valencia,4200488,NA,Valencia,1,1,NA,2019/09/25,2019/09/26,0,"9,5",30
Apartments Plaza Ayuntamiento,3506736,NA,Valencia,1,1,€ 145,2019/09/25,2019/09/26,0,"8,7",30
Friendly Rentals Ferrero,2314984,NA,Valencia,1,1,€ 152,2019/09/25,2019/09/26,0,"8,6",30
Boutique Creative Rooms,2334726,NA,Valencia,1,1,€ 153,2019/09/25,2019/09/26,0,"8,8",30
Friendly Rentals Verdi 2,2523881,NA,Valencia,1,1,€ 153,2019/09/25,2019/09/26,0,"8,8",30
Friendly Rentals Montaner Beach,2314997,NA,Valencia,1,1,€ 157,2019/09/25,2019/09/26,0,"8,9",30
Bianca,4232781,Apartamentos,Valencia,1,1,€ 96,2019/09/25,2019/09/26,0,9,30
CheValenciaFlats,2064099,Apartamentos,Valencia,1,1,€ 98,2019/09/25,2019/09/26,0,9,30
Palau de Palomar,471283,Apartamentos,Valencia,1,1,€ 99,2019/09/25,2019/09/26,0,"9,2",30
Apartment close to park Marchalenes,4418670,Apartamento,Valencia,1,1,€ 102,2019/09/25,2019/09/26,0,"9,1",30
L'Arbre,3972359,Apartamento,Valencia,1,1,€ 103,2019/09/25,2019/09/26,0,"9,2",30
Live in Chianti,2227491,NA,Valencia,1,1,€ 104,2019/09/25,2019/09/26,0,"9,1",30
Hexagonal Design Apartment Valencia,4630643,Apartamento,Valencia,1,1,NA,2019/09/25,2019/09/26,0,"9,5",30
Valenciaflats Ciudad de las Ciencias,93676,Apartamentos,Valencia,1,1,€ 106,2019/09/25,2019/09/26,0,"9,1",30
Olvida tu Reloj Montichelvo Apartment,3258095,Apartamento,Valencia,1,1,€ 106,2019/09/25,2019/09/26,0,"9,4",30
Puerta de Serranos,2734333,NA,Valencia,1,1,€ 161,2019/09/25,2019/09/26,0,"8,8",30
Canela`s Vintage Ruzafa Centro,4652584,NA,Valencia,1,1,€ 170,2019/09/25,2019/09/26,0,"8,6",30
Hotel Dimar,90886,NA,Valencia,1,1,€ 171,2019/09/25,2019/09/26,4,"8,7",30
Olvida tu Reloj Congresos Apartment,2448036,Apartamento,Valencia,1,1,€ 106,2019/09/25,2019/09/26,0,"9,2",30
Apartamentos Wallace,1698355,Apartamentos,Valencia,1,1,€ 106,2019/09/25,2019/09/26,0,"9,2",30
MD Design Hotel - Portal del Real,2391685,NA,Valencia,1,1,€ 107,2019/09/25,2019/09/26,2,"9,1",30
Citizentral Juristas,1113127,Apartamentos,Valencia,1,1,€ 109,2019/09/25,2019/09/26,0,"9,2",30
Vincci Palace,94163,NA,Valencia,1,1,€ 180,2019/09/25,2019/09/26,4,"8,6",30
Friendly Rentals Vives 2,2523871,NA,Valencia,1,1,€ 195,2019/09/25,2019/09/26,0,"8,5",30
Friendly Rentals Gala,1634252,NA,Valencia,1,1,€ 198,2019/09/25,2019/09/26,0,"8,9",30
Apartamentos Edificio Palomar,189277,Apartamentos,Valencia,1,1,€ 109,2019/09/25,2019/09/26,0,"9,2",30
BUBUSUITES by Bubuflats,2389776,NA,Valencia,1,1,€ 110,2019/09/25,2019/09/26,0,"9,3",30
Hostal Venecia,92883,NA,Valencia,1,1,€ 112,2019/09/25,2019/09/26,2,"9,1",30
Valenciaflats Centro Ciudad,18544,Apartamentos,Valencia,1,1,€ 115,2019/09/25,2019/09/26,0,"9,1",30
Hotel Valencia Alameda,4019381,NA,Valencia,1,1,€ 115,2019/09/25,2019/09/26,4,"9,3",30
Apartments Welcome to Valencia Peset Aleixandre 69,4964856,Apartamento,Valencia,1,1,€ 120,2019/09/25,2019/09/26,0,"9,1",30
Sorolla Centro,90896,NA,Valencia,1,1,€ 121,2019/09/25,2019/09/26,3,"9,1",30
Center City Flats,861452,Apartamentos,Valencia,1,1,€ 128,2019/09/25,2019/09/26,0,"9,1",30
Mon Suites San Nicolas,4117225,Apartamentos,Valencia,1,1,€ 129,2019/09/25,2019/09/26,0,"9,2",30
Casual Socarrat Valencia,5142800,NA,Valencia,1,1,€ 131,2019/09/25,2019/09/26,3,"9,2",30
HQ Rooms Apartments San Vicente,2894429,Apartamentos,Valencia,1,1,€ 135,2019/09/25,2019/09/26,0,"9,3",30
Loft zona Pechina en Valencia centro,2524985,Apartamento,Valencia,1,1,€ 138,2019/09/25,2019/09/26,0,"9,2",30
Cathedral Suites Hotel,1736257,NA,Valencia,1,1,€ 199,2019/09/25,2019/09/26,4,"8,9",30
Melia Valencia,290493,NA,Valencia,1,1,€ 200,2019/09/25,2019/09/26,4,"8,8",30
The Westin Valencia,93321,NA,Valencia,1,1,€ 213,2019/09/25,2019/09/26,5,"8,7",30
Friendly Rentals Schubert,1634221,NA,Valencia,1,1,€ 138,2019/09/25,2019/09/26,0,9,30
COZY APARTMENT VALENCIA BEACHFRONT!,3128516,NA,Valencia,1,1,€ 140,2019/09/25,2019/09/26,0,"9,4",30
Ciudad Ciencias- Lujo- Parking- Wi-Fi.,4999636,NA,Valencia,1,1,NA,2019/09/25,2019/09/26,0,"9,8",30
Brisa Mare Nostrum,2855311,NA,Valencia,1,1,€ 150,2019/09/25,2019/09/26,0,"9,4",30
Sweet Caroline Apartment,1811784,NA,Valencia,1,1,€ 150,2019/09/25,2019/09/26,0,"9,2",30
B BEACH VALENCIA,5125954,NA,Valencia,1,1,€ 150,2019/09/25,2019/09/26,0,"9,3",30
ARENAS 2 APARTAMENT,2808815,NA,Valencia,1,1,€ 150,2019/09/25,2019/09/26,0,"9,1",30
Mon Suites Catedral,485679,NA,Valencia,1,1,€ 156,2019/09/25,2019/09/26,0,"9,2",30
Edificio Pentagono,4673669,NA,Valencia,1,1,€ 160,2019/09/25,2019/09/26,0,"9,1",30
Apartments Downtown Valencia,2250421,NA,Valencia,1,1,NA,2019/09/25,2019/09/26,0,"9,6",30
Hotel Boutique Balandret,1281710,NA,Valencia,1,1,€ 162,2019/09/25,2019/09/26,3,"9,2",30
WeRentVLC Charming Ruzafa,2839319,NA,Valencia,1,1,€ 164,2019/09/25,2019/09/26,0,"9,2",30
Hi Valencia Cánovas,4312120,NA,Valencia,1,1,€ 165,2019/09/25,2019/09/26,0,9,30
Live in Chianti Apartaments,2882632,NA,Valencia,1,1,€ 169,2019/09/25,2019/09/26,0,"9,1",30
Jardines del Turia - Espacioso apartamento,2734126,NA,Valencia,1,1,€ 170,2019/09/25,2019/09/26,0,"9,1",30
NH Collection Colón Valencia,3828811,NA,Valencia,1,1,€ 171,2019/09/25,2019/09/26,4,"9,2",30
Central Park Apartment Valencia,3881533,NA,Valencia,1,1,NA,2019/09/25,2019/09/26,0,"9,6",30
Mon Suites San Martin,2777545,NA,Valencia,1,1,€ 178,2019/09/25,2019/09/26,0,"9,4",30
Zerka Sendra,4657122,NA,Valencia,1,1,€ 179,2019/09/25,2019/09/26,0,9,30
MYR Hotel Plaza Mercado & Spa,1619029,NA,Valencia,1,1,€ 189,2019/09/25,2019/09/26,0,"9,2",30
Friendly Rentals Rey,1634248,NA,Valencia,1,1,€ 212,2019/09/25,2019/09/26,0,9,30
Arena's Apartament,2156905,NA,Valencia,1,1,€ 225,2019/09/25,2019/09/26,0,"9,1",30
Vincci Mercat,1279484,NA,Valencia,1,1,€ 225,2019/09/25,2019/09/26,4,9,30
Lounge by the sea,4756780,NA,Valencia,1,1,NA,2019/09/25,2019/09/26,0,"9,8",30
Cozy apartment in Valencia center,3402135,NA,Valencia,1,1,€ 240,2019/09/25,2019/09/26,0,"9,2",30
Caro Hotel,348132,NA,Valencia,1,1,€ 249,2019/09/25,2019/09/26,5,"9,2",30
Las Arenas Balneario Resort,91144,NA,Valencia,1,1,€ 257,2019/09/25,2019/09/26,5,9,30
MARQUÉS HOUSE 4* SUP,2118880,NA,Valencia,1,1,€ 259,2019/09/25,2019/09/26,4,"9,4",30
MD Julio Antonio Apartment Center,3961049,NA,Valencia,1,1,€ 263,2019/09/25,2019/09/26,0,"9,2",30
The River Hostel,494202,NA,Valencia,1,1,€ 31,2019/09/25,2019/09/26,0,"8,5",30
Apartment Cabanyal,3172456,NA,Valencia,1,1,NA,2019/09/25,2019/09/26,0,"9,8",30
Homestay Carrer Sagun,5006434,NA,Valencia,1,1,€ 50,2019/09/25,2019/09/26,0,"8,7",30
Home Youth Hostel by Feetup Hostels,189322,NA,Valencia,1,1,€ 54,2019/09/25,2019/09/26,0,"8,8",30
Sabía que venias!,3543756,NA,Valencia,1,1,€ 60,2019/09/25,2019/09/26,0,"8,6",30
Namaste Rooms,3799642,NA,Valencia,1,1,€ 60,2019/09/25,2019/09/26,0,"8,7",30
Zalamera BnB,1331238,NA,Valencia,1,1,€ 65,2019/09/25,2019/09/26,0,"8,7",30
Apartamentos Plaza Picasso,97063,NA,Valencia,1,1,€ 67,2019/09/25,2019/09/26,0,"8,5",30
La seda stay,3335523,NA,Valencia,1,1,NA,2019/09/25,2019/09/26,0,"9,7",30
Luz de Valencia,2076095,NA,Valencia,1,1,€ 67,2019/09/25,2019/09/26,0,"8,7",30
UNIK. Apartments Valencia,2241282,NA,Valencia,1,1,€ 70,2019/09/25,2019/09/26,0,"8,5",30
Carrer de l'Escriptor Rafael Ferreres,4267645,NA,Valencia,1,1,€ 70,2019/09/25,2019/09/26,0,"8,6",30
Pensión Alicante,298710,NA,Valencia,1,1,€ 72,2019/09/25,2019/09/26,0,"8,5",30
ABCyou Bed&Breakfast,189207,NA,Valencia,1,1,€ 73,2019/09/25,2019/09/26,0,"8,5",30
Host & Home,1663785,NA,Valencia,1,1,€ 74,2019/09/25,2019/09/26,0,"8,9",30
Balcón Al Mar,295109,NA,Valencia,1,1,€ 76,2019/09/25,2019/09/26,0,"8,5",30
Pio XII Apartments Valencia,402080,NA,Valencia,1,1,€ 77,2019/09/25,2019/09/26,0,"8,5",30
Apartaments San Pio V,2456151,NA,Valencia,1,1,€ 77,2019/09/25,2019/09/26,0,"8,8",30
Burjassot Mestalla,3058627,NA,Valencia,1,1,€ 80,2019/09/25,2019/09/26,0,"8,6",30
Casa de la Reina,5394089,NA,Valencia,1,1,€ 80,2019/09/25,2019/09/26,0,"8,7",30
Casa del Patriarca,364834,NA,Valencia,1,1,€ 81,2019/09/25,2019/09/26,0,"8,9",30
Flats Hondures,2194645,NA,Valencia,1,1,€ 87,2019/09/25,2019/09/26,0,"8,9",30
Habitación doble,3599930,NA,Valencia,1,1,€ 90,2019/09/25,2019/09/26,0,"8,9",30
Casual del Cine Valencia,572187,NA,Valencia,1,1,€ 91,2019/09/25,2019/09/26,2,"8,6",30
Hotel El Siglo,1741479,NA,Valencia,1,1,€ 93,2019/09/25,2019/09/26,3,"8,5",30
Citizentral Gascons,332095,NA,Valencia,1,1,€ 94,2019/09/25,2019/09/26,0,"8,7",30
Rooms Ciencias,94126,NA,Valencia,1,1,€ 95,2019/09/25,2019/09/26,0,"8,9",30
AC Hotel Valencia- a Marriott Lifestyle Hotel,91063,NA,Valencia,1,1,€ 215,2019/09/25,2019/09/26,4,"8,6",30
Vincci Lys,91183,NA,Valencia,1,1,€ 216,2019/09/25,2019/09/26,4,"8,9",30
City Center Atico 360,3025679,Apartamento,Valencia,1,1,NA,2019/09/25,2019/09/26,0,"9,6",30
SingularStays Parque Central,3054000,Apartamentos,Valencia,1,1,€ 218,2019/09/25,2019/09/26,0,"8,8",30
Melia Plaza Valencia,13270,NA,Valencia,1,1,€ 220,2019/09/25,2019/09/26,4,"8,9",30
Apartamento Privado Próximo a Playa y Ciencias,3783163,Apartamento,Valencia,1,1,€ 110,2019/09/25,2019/09/26,0,"8,1",30
Apartamento Gran Vía Marqués del Turia,2358973,Apartamento,Valencia,1,1,€ 118,2019/09/25,2019/09/26,0,"8,4",30
Bubuflats Bubu 3,1014334,Apartamento,Valencia,1,1,NA,2019/09/25,2019/09/26,0,"9,6",30
Ca Carmela,2466364,Casa o chalet,Valencia,1,1,€ 225,2019/09/25,2019/09/26,0,"8,9",30
Hospes Palau de La Mar,93823,NA,Valencia,1,1,€ 266,2019/09/25,2019/09/26,5,"8,8",30
Apartamento Torres de Serrano,5083131,Apartamento,Valencia,1,1,€ 266,2019/09/25,2019/09/26,0,"8,8",30
Senator Parque Central Hotel,274963,NA,Valencia,1,1,€ 118,2019/09/25,2019/09/26,4,"8,1",30
El Coso,14580,NA,Valencia,1,1,€ 120,2019/09/25,2019/09/26,3,"8,2",30
Ilunion Valencia 4,754329,NA,Valencia,1,1,€ 123,2019/09/25,2019/09/26,4,8,30
Friendly Rentals Puerto Deportivo,2317861,Apartamentos,Valencia,1,1,€ 127,2019/09/25,2019/09/26,0,"8,2",30
SH Ingles Boutique Hotel,92956,NA,Valencia,1,1,€ 329,2019/09/25,2019/09/26,4,"8,5",30
Barracart Apartments,2125836,Apartamentos,Valencia,1,1,NA,2019/09/25,2019/09/26,0,"9,6",30
SH Valencia Palace,91497,NA,Valencia,1,1,€ 812,2019/09/25,2019/09/26,5,"8,5",30
Urban Youth Hostel,1163025,NA,Valencia,1,1,€ 36,2019/09/25,2019/09/26,0,"8,4",30
Purple Nest Hostel,25278,NA,Valencia,1,1,€ 42,2019/09/25,2019/09/26,0,"8,1",30
Habitacion en Valencia Barata,4861796,NA,Valencia,1,1,€ 45,2019/09/25,2019/09/26,0,"8,2",30
Casa Mati,4217185,NA,Valencia,1,1,€ 50,2019/09/25,2019/09/26,0,"8,2",30
Red Nest Hostel,92283,NA,Valencia,1,1,€ 53,2019/09/25,2019/09/26,0,"8,2",30
Apartments Downtown Valencia,2250421,Apartamentos,Valencia,1,1,NA,2019/09/25,2019/09/26,0,"9,6",30
Aparthotel Valencia Rental,17344,Apartahotel,Valencia,1,1,€ 54,2019/09/25,2019/09/26,0,8,30
Zerka Centro,4425975,Apartamentos,Valencia,1,1,€ 129,2019/09/25,2019/09/26,0,"8,3",30
Silken Puerta Valencia,91182,NA,Valencia,1,1,€ 130,2019/09/25,2019/09/26,4,"8,3",30
Apartamento Bolseria 28,881275,Apartamentos,Valencia,1,1,NA,2019/09/25,2019/09/26,0,"9,5",30
Friendly Rentals ABC,3656596,Apartamento,Valencia,1,1,€ 133,2019/09/25,2019/09/26,0,"8,4",30
NWT Central Station Apartments,3964093,Apartamento,Valencia,1,1,€ 134,2019/09/25,2019/09/26,0,"8,2",30
Hotel Medium Valencia,96838,NA,Valencia,1,1,€ 135,2019/09/25,2019/09/26,4,"8,2",30
Eurostars Gran Valencia,90484,NA,Valencia,1,1,€ 145,2019/09/25,2019/09/26,4,"8,3",30
Friendly Rentals Desplat,4120221,Apartamento,Valencia,1,1,€ 146,2019/09/25,2019/09/26,0,"8,3",30
NH Valencia Las Artes,90731,NA,Valencia,1,1,€ 152,2019/09/25,2019/09/26,4,"8,4",30
Flats Piera Valencia Center,1490563,Apartamentos,Valencia,1,1,NA,2019/09/25,2019/09/26,0,"9,6",30
Eurostars Rey Don Jaime,91520,NA,Valencia,1,1,€ 152,2019/09/25,2019/09/26,4,"8,2",30
Hotel Conqueridor,91047,NA,Valencia,1,1,€ 153,2019/09/25,2019/09/26,4,"8,4",30
Friendly Rentals Gimenez,1634242,Apartamento,Valencia,1,1,€ 159,2019/09/25,2019/09/26,0,"8,2",30
PATACONA MARE NOSTRUM APARTMENT II,5144420,Apartamento,Valencia,1,1,€ 164,2019/09/25,2019/09/26,0,"8,1",30
Como en casa,4802186,NA,Valencia,1,1,€ 54,2019/09/25,2019/09/26,0,"8,1",30
Palacios Rooms,2773548,NA,Valencia,1,1,€ 58,2019/09/25,2019/09/26,0,"8,3",30
Style Apartments Puerto,1558265,Apartamentos,Valencia,1,1,€ 59,2019/09/25,2019/09/26,0,"8,1",30
Primus Valencia,331871,NA,Valencia,1,1,€ 166,2019/09/25,2019/09/26,4,"8,3",30
Friendly Rentals Evans,1634220,Apartamentos,Valencia,1,1,€ 179,2019/09/25,2019/09/26,0,"8,4",30
Purísima Street I,2471259,Apartamento,Valencia,1,1,NA,2019/09/25,2019/09/26,0,"9,5",30
Malvarrosa Calle Pavia,3608764,Casa o chalet,Valencia,1,1,€ 271,2019/09/25,2019/09/26,0,"8,1",30
Musico Peydro Apartments,3765069,Apartamentos,Valencia,1,1,€ 301,2019/09/25,2019/09/26,0,"8,1",30
Pension MonaLisa Luxury Suites,3834224,NA,Valencia,1,1,€ 60,2019/09/25,2019/09/26,0,"8,2",30
Hostal Abastos,257057,NA,Valencia,1,1,€ 60,2019/09/25,2019/09/26,2,"8,2",30
APARTAMENTO DE DISEÑO EN PLAZA MANISES,2823390,Apartamento,Valencia,1,1,NA,2019/09/25,2019/09/26,0,"9,7",30
Apartamentos Valencia,1007682,Apartamentos,Valencia,1,1,€ 60,2019/09/25,2019/09/26,0,"8,2",30
MD Sueca. Apartment with Terrace Ruzafa,2551179,Apartamento,Valencia,1,1,€ 375,2019/09/25,2019/09/26,0,"8,1",30
MD Vila Barbera Apartment Center,1957253,Apartamento,Valencia,1,1,€ 390,2019/09/25,2019/09/26,0,"8,4",30
UP Hostel Valencia,1710137,NA,Valencia,1,1,€ 25,2019/09/25,2019/09/26,0,"7,8",30
Center Valencia Youth Hostel,246931,NA,Valencia,1,1,€ 35,2019/09/25,2019/09/26,0,"7,9",30
Reina 12,1684198,NA,Valencia,1,1,€ 60,2019/09/25,2019/09/26,0,"8,2",30
L'Otelet By Sweet,1467935,NA,Valencia,1,1,€ 64,2019/09/25,2019/09/26,0,"8,3",30
B&B Hi Valencia Canovas,305349,NA,Valencia,1,1,€ 64,2019/09/25,2019/09/26,0,"8,4",30
United Colors of Apartments - Catedral,1301545,Apartamentos,Valencia,1,1,€ 69,2019/09/25,2019/09/26,0,"8,2",30
Apartment Sofi,2830696,Apartamento,Valencia,1,1,NA,2019/09/25,2019/09/26,0,"9,8",30
Habitación en valencia centro,5418023,NA,Valencia,1,1,€ 35,2019/09/25,2019/09/26,0,"7,8",30
Habitación Céntrica en Casa de Familia,4289877,NA,Valencia,1,1,€ 35,2019/09/25,2019/09/26,0,"7,8",30
Pensión Universal,304276,NA,Valencia,1,1,€ 35,2019/09/25,2019/09/26,0,"7,9",30
Nanit Valencia Hostel,3913497,NA,Valencia,1,1,€ 69,2019/09/25,2019/09/26,0,"8,3",30
Casa La Buhardilla,2985364,Apartamento,Valencia,1,1,NA,2019/09/25,2019/09/26,0,"9,6",30
Tryp Valencia Feria,92852,NA,Valencia,1,1,€ 76,2019/09/25,2019/09/26,4,"8,3",30
Happy Apartments Valencia – Lope de Vega,575582,Apartamentos,Valencia,1,1,€ 79,2019/09/25,2019/09/26,0,"8,1",30
Hostal Moratin,326015,NA,Valencia,1,1,€ 39,2019/09/25,2019/09/26,1,"7,9",30
Habitación San Cayetano,4624401,NA,Valencia,1,1,€ 40,2019/09/25,2019/09/26,0,"7,7",30
Hotel Beleret,94652,NA,Valencia,1,1,€ 42,2019/09/25,2019/09/26,3,"7,6",30
Apartment Cisneros 2,2361375,Apartamento,Valencia,1,1,NA,2019/09/25,2019/09/26,0,"9,7",30
Cosy Rooms Tapinería,371192,NA,Valencia,1,1,€ 84,2019/09/25,2019/09/26,2,"7,5",30
SEA YOU HOTEL PORT VALENCIA,92328,NA,Valencia,1,1,€ 87,2019/09/25,2019/09/26,4,"7,6",30
Bubuflats Bubu 3,1014334,Apartamento,Valencia,1,1,NA,2019/09/25,2019/09/26,0,"9,6",30
Happy Apartments Valencia,456043,Apartamentos,Valencia,1,1,€ 79,2019/09/25,2019/09/26,0,"8,2",30
SHF Flats Baron,1033085,Apartamentos,Valencia,1,1,€ 80,2019/09/25,2019/09/26,0,8,30
Holiday Inn Express Ciudad de las Ciencias,96737,NA,Valencia,1,1,€ 80,2019/09/25,2019/09/26,3,8,30
Down Town,1656378,Apartamentos,Valencia,1,1,€ 81,2019/09/25,2019/09/26,0,"8,3",30
Valencia Just in the Middle,2965508,Apartamento,Valencia,1,1,NA,2019/09/25,2019/09/26,0,"9,9",30
Expo Hotel Valencia,91223,NA,Valencia,1,1,€ 89,2019/09/25,2019/09/26,3,"7,6",30
OYO Pensión El Rincón,476031,NA,Valencia,1,1,€ 89,2019/09/25,2019/09/26,1,"7,7",30
Checkin Valencia,93743,NA,Valencia,1,1,€ 89,2019/09/25,2019/09/26,4,"7,8",30
Hostal El Cid,309465,NA,Valencia,1,1,€ 44,2019/09/25,2019/09/26,2,"7,6",30
Voyagers Inn Homestay,2682156,NA,Valencia,1,1,€ 46,2019/09/25,2019/09/26,0,"7,8",30
Casual Civilizaciones Valencia,449777,NA,Valencia,1,1,€ 50,2019/09/25,2019/09/26,0,"7,9",30
El 16 Ruzafa,865461,Apartamentos,Valencia,1,1,€ 94,2019/09/25,2019/09/26,0,"7,7",30
Torres Quart,3702234,Apartamentos,Valencia,1,1,€ 96,2019/09/25,2019/09/26,0,"7,7",30
Suites by Eric Olsan (Peset),4726296,Apartamentos,Valencia,1,1,€ 98,2019/09/25,2019/09/26,0,"7,5",30
Purísima Street I,2471259,Apartamento,Valencia,1,1,NA,2019/09/25,2019/09/26,0,"9,5",30
Suites by Eric Olsan (L),4287413,Apartamentos,Valencia,1,1,€ 98,2019/09/25,2019/09/26,0,"7,5",30
Up Town,2244083,Apartamentos,Valencia,1,1,€ 81,2019/09/25,2019/09/26,0,"8,3",30
City Suites Apartments,3091106,NA,Valencia,1,1,€ 84,2019/09/25,2019/09/26,0,"8,4",30
Dormavalencia Hostel,249585,NA,Valencia,1,1,€ 85,2019/09/25,2019/09/26,1,"8,2",30
NH Ciudad de Valencia,90729,NA,Valencia,1,1,€ 87,2019/09/25,2019/09/26,3,"8,1",30
Habitacion PLaza Ayuntamiento,4365340,NA,Valencia,1,1,€ 50,2019/09/25,2019/09/26,0,"7,6",30
Apart and Benef,2291245,NA,Valencia,1,1,€ 50,2019/09/25,2019/09/26,0,"7,8",30
Hospederia del Pilar,327766,NA,Valencia,1,1,€ 54,2019/09/25,2019/09/26,0,"7,9",30
Valencia Lounge Hostel,337203,NA,Valencia,1,1,€ 54,2019/09/25,2019/09/26,0,"7,8",30
NH Valencia Las Ciencias,90725,NA,Valencia,1,1,€ 88,2019/09/25,2019/09/26,3,8,30
Ilunion Aqua 3,92776,NA,Valencia,1,1,€ 93,2019/09/25,2019/09/26,3,"8,3",30
Casual de las Artes Valencia,538056,NA,Valencia,1,1,€ 94,2019/09/25,2019/09/26,3,"8,4",30
Centro & Viaje,4215175,NA,Valencia,1,1,€ 58,2019/09/25,2019/09/26,0,"7,6",30
Apartamentos Abastos,1044426,Apartamentos,Valencia,1,1,€ 60,2019/09/25,2019/09/26,0,"7,6",30
Hostal Bisbal,235665,NA,Valencia,1,1,€ 60,2019/09/25,2019/09/26,1,"7,5",30
B&B Hotel Valencia Ciudad de las Ciencias,92242,NA,Valencia,1,1,€ 62,2019/09/25,2019/09/26,3,"7,5",30
Oceanográfico Apartments & Spa,324918,Apartamentos,Valencia,1,1,€ 98,2019/09/25,2019/09/26,0,"7,6",30
Ilunion Valencia 3,92818,NA,Valencia,1,1,€ 99,2019/09/25,2019/09/26,3,"7,9",30
Apartamento Angel Alcazar 35,2174625,Apartamento,Valencia,1,1,€ 100,2019/09/25,2019/09/26,0,"7,5",30
Apartment Florista,2150187,Apartamento,Valencia,1,1,€ 100,2019/09/25,2019/09/26,0,"7,9",30
Habitacion por dias Centro Valencia,3977106,NA,Valencia,1,1,€ 64,2019/09/25,2019/09/26,0,"7,9",30
Alex Apartment,1756374,Apartamento,Valencia,1,1,€ 74,2019/09/25,2019/09/26,0,"7,8",30
Hotel Turia,14441,NA,Valencia,1,1,€ 75,2019/09/25,2019/09/26,4,"7,5",30
MD Modern Hotel - Jardines,305447,NA,Valencia,1,1,€ 95,2019/09/25,2019/09/26,1,"8,2",30
Atico Ciutat Vella,3446230,Apartamentos,Valencia,1,1,€ 95,2019/09/25,2019/09/26,0,"8,4",30
Carrer de María Montessori,3272386,Apartamento,Valencia,1,1,€ 96,2019/09/25,2019/09/26,0,"8,4",30
Valenciaflats Torres de Serrano,17468,Apartamentos,Valencia,1,1,€ 97,2019/09/25,2019/09/26,0,"8,3",30
Sol Playa,12656,NA,Valencia,1,1,€ 97,2019/09/25,2019/09/26,2,"8,3",30
SHF Plaza de la Reina,1682520,Apartamentos,Valencia,1,1,€ 75,2019/09/25,2019/09/26,0,"7,7",30
Jero Rooms,296743,NA,Valencia,1,1,€ 77,2019/09/25,2019/09/26,0,"7,7",30
Patacona Green Flats,292996,Apartamentos,Valencia,1,1,€ 79,2019/09/25,2019/09/26,0,"7,6",30
City Center Apartments,4426057,Apartamentos,Valencia,1,1,€ 81,2019/09/25,2019/09/26,0,"7,8",30
APARTAMENTO LAS MELLIZAS,4651578,NA,Valencia,1,1,€ 49,2019/09/25,2019/09/26,0,"8,4",30
Sweet Hotel Continental,93856,NA,Valencia,1,1,€ 99,2019/09/25,2019/09/26,2,"8,3",30
Preciosos Apartamentos en el Carmen,2918345,Apartamentos,Valencia,1,1,€ 99,2019/09/25,2019/09/26,0,"8,2",30
Hotel Valencia Center,91285,NA,Valencia,1,1,€ 102,2019/09/25,2019/09/26,4,"8,4",30
Bonito apartamento en Valencia!,3646923,Apartamentos,Valencia,1,1,€ 103,2019/09/25,2019/09/26,0,"7,9",30
Cómoda habitación Valencia,4200488,NA,Valencia,1,1,NA,2019/09/25,2019/09/26,0,"9,5",30
Kirei Apartment Vienna,4639797,Apartamento,Valencia,1,1,€ 115,2019/09/25,2019/09/26,0,"7,9",30
Apartamento Alguer,4005334,Apartamento,Valencia,1,1,€ 115,2019/09/25,2019/09/26,0,"7,5",30
Apartamentos Catedral,2358858,Apartamentos,Valencia,1,1,€ 119,2019/09/25,2019/09/26,0,"7,8",30
Apartment Plaza de la Merced,3457190,Apartamento,Valencia,1,1,€ 119,2019/09/25,2019/09/26,0,"7,9",30
Rio Turia Skatehouse,4624602,Apartamento,Valencia,1,1,€ 105,2019/09/25,2019/09/26,0,8,30
Sweet Hotel Renasa,274818,NA,Valencia,1,1,€ 109,2019/09/25,2019/09/26,3,8,30
STYLISH APARTMENT - CITY CENTER,2861517,Apartamento,Valencia,1,1,€ 120,2019/09/25,2019/09/26,0,"7,7",30
El Globo,24498,NA,Valencia,1,1,€ 128,2019/09/25,2019/09/26,1,"7,8",30
Ático Valencia Centro,4358939,Apartamento,Valencia,1,1,NA,2019/09/25,2019/09/26,0,"9,9",30
My Reception - Edificio Russafa,4732440,Apartamentos,Valencia,1,1,€ 135,2019/09/25,2019/09/26,0,"7,7",30
Old Town Flats Casa Burguerini,4552106,Apartamentos,Valencia,1,1,€ 136,2019/09/25,2019/09/26,0,"7,5",30
Kirei Apartment Calgary,4768322,Apartamento,Valencia,1,1,€ 137,2019/09/25,2019/09/26,0,"7,6",30
Apartment Valencia,348555,Apartamentos,Valencia,1,1,€ 139,2019/09/25,2019/09/26,0,"7,8",30
Loft el Carmen amazing views,4932621,Apartamento,Valencia,1,1,€ 172,2019/09/25,2019/09/26,0,"7,9",30
Friendly rentals Enesco Beach,2526514,Apartamento,Valencia,1,1,€ 174,2019/09/25,2019/09/26,0,"7,9",30
Disfruta De Playa Y Ciudad,2470646,Apartamento,Valencia,1,1,NA,2019/09/25,2019/09/26,0,"9,6",30
Valencia Luxury Attics Ayuntamiento,337092,Apartamentos,Valencia,1,1,€ 220,2019/09/25,2019/09/26,0,"7,5",30
Valencia Luxury Central Market,1078335,Apartamentos,Valencia,1,1,€ 230,2019/09/25,2019/09/26,0,"7,5",30
Casual de la Música Valencia,273130,NA,Valencia,1,1,€ 247,2019/09/25,2019/09/26,2,"7,5",30
MD Art Apartment Ruzafa,2550955,Apartamento,Valencia,1,1,€ 291,2019/09/25,2019/09/26,0,"7,6",30
MD Abastos Center,2551194,Apartamento,Valencia,1,1,€ 329,2019/09/25,2019/09/26,0,"7,7",30
MD Oliag I Apartment Ruzafa,2867488,Apartamento,Valencia,1,1,€ 375,2019/09/25,2019/09/26,0,"7,7",30
Apartamento Peris Ruzafa Center,2618251,Apartamento,Valencia,1,1,NA,2019/09/25,2019/09/26,0,"9,7",30
Guest House Samuel Ros,4161855,NA,Valencia,1,1,€ 35,2019/09/25,2019/09/26,0,"7,3",30
feliz como en casa,3676196,NA,Valencia,1,1,€ 36,2019/09/25,2019/09/26,0,"7,2",30
Ruzafa Rooms,2891693,NA,Valencia,1,1,€ 40,2019/09/25,2019/09/26,0,7,30
Hostal Residencial RR,450746,NA,Valencia,1,1,€ 40,2019/09/25,2019/09/26,0,7,30
HOSPEDAJE PESET,4718074,NA,Valencia,1,1,€ 40,2019/09/25,2019/09/26,0,"7,2",30
Murillo Apartment,408163,Apartamento,Valencia,1,1,€ 49,2019/09/25,2019/09/26,0,7,30
B&B El Mercat,2203530,NA,Valencia,1,1,€ 55,2019/09/25,2019/09/26,0,"7,3",30
La Flamenca,818359,NA,Valencia,1,1,€ 60,2019/09/25,2019/09/26,0,"7,3",30
Avenida del Cid (Centrico),4737683,Apartamento,Valencia,1,1,€ 63,2019/09/25,2019/09/26,0,"7,1",30
Central Station Valencia Hostel,1647017,NA,Valencia,1,1,€ 69,2019/09/25,2019/09/26,0,"7,1",30
HOSTAL BED OF THE SEA,3974636,NA,Valencia,1,1,€ 72,2019/09/25,2019/09/26,0,7,30
Homestay & OLEE,4132920,NA,Valencia,1,1,€ 75,2019/09/25,2019/09/26,0,"7,3",30
Centro Valencia Calle Cerrajeros,3476261,NA,Valencia,1,1,€ 75,2019/09/25,2019/09/26,0,"7,1",30
Almiserat,3054886,Apartamento,Valencia,1,1,€ 80,2019/09/25,2019/09/26,0,7,30
Cosy Rooms Bolsería,371606,NA,Valencia,1,1,€ 81,2019/09/25,2019/09/26,2,"7,4",30
Malvarrosa Beach Rooms,314048,NA,Valencia,1,1,€ 85,2019/09/25,2019/09/26,2,"7,1",30
Apartments Calle Padre Damian,4523326,Apartamentos,Valencia,1,1,€ 85,2019/09/25,2019/09/26,0,"7,2",30
Valencia Apartments,4367788,Apartamentos,Valencia,1,1,€ 87,2019/09/25,2019/09/26,0,"7,2",30
