name,propertyId,propertyType,city,rooms,days,price,checkIn,checkOut,stars,score,advance
Kirei Apartment Dublin,4639542,Apartamento,Valencia,1,1,€ 108,2019/09/03,2019/09/04,0,,7
Botanik park,5163183,Apartamento,Valencia,1,1,€ 109,2019/09/03,2019/09/04,0,,7
City Valencia Beach 360,4504803,Apartamento,Valencia,1,1,NA,2019/09/03,2019/09/04,0,"9,5",7
casa la tranquilidad,5516825,NA,Valencia,1,1,€ 120,2019/09/03,2019/09/04,0,,7
Apartamento con terraza,5238122,Apartahotel,Valencia,1,1,€ 240,2019/09/03,2019/09/04,0,,7
Calle eugenia viñes 211 Apartamento,5466253,Apartamento,Valencia,1,1,€ 245,2019/09/03,2019/09/04,0,,7
beach front house/ frente al mar,5424585,Casa o chalet,Valencia,1,1,€ 298,2019/09/03,2019/09/04,0,,7
Governor Residence,3799760,Apartahotel,Valencia,1,1,€ 600,2019/09/03,2019/09/04,0,,7
MD PASEO RUZAFA CENTER,5374850,Apartamento,Valencia,1,1,€ 1.020,2019/09/03,2019/09/04,0,,7
Cool Loft Malvarrosa Beach,4309218,Apartamento,Valencia,1,1,NA,2019/09/03,2019/09/04,0,"9,6",7
Gulet Why Not,5199364,NA,Valencia,1,1,€ 3.600,2019/09/03,2019/09/04,0,,7
Hospederia del Pilar,327766,NA,Valencia,1,1,€ 54,2019/09/03,2019/09/04,0,"7,9",7
Casual Civilizaciones Valencia,449777,NA,Valencia,1,1,€ 62,2019/09/03,2019/09/04,0,"7,9",7
Casa Botànic - Céntrico y con comodidades,4218273,Apartamento,Valencia,1,1,NA,2019/09/03,2019/09/04,0,"9,8",7
Habitacion por dias Centro Valencia,3977106,NA,Valencia,1,1,€ 64,2019/09/03,2019/09/04,0,"7,9",7
Jero Rooms,296743,NA,Valencia,1,1,€ 66,2019/09/03,2019/09/04,0,"7,7",7
United Colors of Studios - Mercado Central,2574108,Apartamentos,Valencia,1,1,€ 69,2019/09/03,2019/09/04,0,"7,9",7
Valencia Lounge Hostel,337203,NA,Valencia,1,1,€ 70,2019/09/03,2019/09/04,0,"7,8",7
Centro & Viaje,4215175,NA,Valencia,1,1,€ 78,2019/09/03,2019/09/04,0,"7,6",7
Hotel Beleret,94652,NA,Valencia,1,1,€ 80,2019/09/03,2019/09/04,3,"7,6",7
BONNIES Suites & Spa Valencia,3631910,Apartamentos,Valencia,1,1,NA,2019/09/03,2019/09/04,0,"9,8",7
Hotel Turia,14441,NA,Valencia,1,1,€ 89,2019/09/03,2019/09/04,4,"7,5",7
OYO Pensión El Rincón,476031,NA,Valencia,1,1,€ 89,2019/09/03,2019/09/04,1,"7,7",7
City Center Apartments,4426057,Apartamentos,Valencia,1,1,€ 90,2019/09/03,2019/09/04,0,"7,8",7
Checkin Valencia,93743,NA,Valencia,1,1,€ 98,2019/09/03,2019/09/04,4,"7,8",7
El 16 Ruzafa,865461,Apartamentos,Valencia,1,1,€ 104,2019/09/03,2019/09/04,0,"7,7",7
Torres Quart,3702234,Apartamentos,Valencia,1,1,€ 105,2019/09/03,2019/09/04,0,"7,7",7
Luxury Beach House,3602594,Casa o chalet,Valencia,1,1,NA,2019/09/03,2019/09/04,0,"9,7",7
SEA YOU HOTEL PORT VALENCIA,92328,NA,Valencia,1,1,€ 110,2019/09/03,2019/09/04,4,"7,6",7
Kirei Apartment Vienna,4639797,Apartamento,Valencia,1,1,€ 115,2019/09/03,2019/09/04,0,"7,9",7
Apartamento Alguer,4005334,Apartamento,Valencia,1,1,€ 115,2019/09/03,2019/09/04,0,"7,5",7
Apartamentos Catedral,2358858,Apartamentos,Valencia,1,1,€ 119,2019/09/03,2019/09/04,0,"7,8",7
Art of Dance Apartment Valencia,3732969,Apartamento,Valencia,1,1,€ 125,2019/09/03,2019/09/04,0,"7,7",7
El Globo,24498,NA,Valencia,1,1,€ 128,2019/09/03,2019/09/04,1,"7,8",7
Cool Loft Malvarrosa Beach,4309218,Apartamento,Valencia,1,1,NA,2019/09/03,2019/09/04,0,"9,6",7
My Reception - Edificio Russafa,4732440,Apartamentos,Valencia,1,1,€ 129,2019/09/03,2019/09/04,0,"7,7",7
Apartmento con Terraza en Cabañal,2205541,Apartamento,Valencia,1,1,€ 130,2019/09/03,2019/09/04,0,"7,7",7
Old Town Flats Casa Burguerini,4552106,Apartamentos,Valencia,1,1,€ 136,2019/09/03,2019/09/04,0,"7,5",7
Kirei Apartment Calgary,4768322,Apartamento,Valencia,1,1,€ 137,2019/09/03,2019/09/04,0,"7,5",7
Ilunion Valencia 3,92818,NA,Valencia,1,1,€ 149,2019/09/03,2019/09/04,3,"7,9",7
Expo Hotel Valencia,91223,NA,Valencia,1,1,€ 153,2019/09/03,2019/09/04,3,"7,6",7
La seda stay,3335523,Apartamento,Valencia,1,1,NA,2019/09/03,2019/09/04,0,"9,7",7
Valencia Luxury Central Market,1078335,Apartamentos,Valencia,1,1,€ 159,2019/09/03,2019/09/04,0,"7,5",7
Valencia Luxury Attics Ayuntamiento,337092,Apartamentos,Valencia,1,1,€ 160,2019/09/03,2019/09/04,0,"7,5",7
Loft el Carmen amazing views,4932621,Apartamento,Valencia,1,1,€ 172,2019/09/03,2019/09/04,0,"7,9",7
MD Art Apartment Ruzafa,2550955,Apartamento,Valencia,1,1,€ 387,2019/09/03,2019/09/04,0,"7,6",7
MD Abastos Center,2551194,Apartamento,Valencia,1,1,€ 455,2019/09/03,2019/09/04,0,"7,7",7
MD Oliag I Apartment Ruzafa,2867488,Apartamento,Valencia,1,1,€ 513,2019/09/03,2019/09/04,0,"7,7",7
Apartamento centro,3160737,Apartamento,Valencia,1,1,NA,2019/09/03,2019/09/04,0,"9,7",7
feliz como en casa,3676196,NA,Valencia,1,1,€ 36,2019/09/03,2019/09/04,0,"7,2",7
HOSPEDAJE PESET,4718074,NA,Valencia,1,1,€ 40,2019/09/03,2019/09/04,0,"7,2",7
Hostal Waksman,281139,NA,Valencia,1,1,€ 45,2019/09/03,2019/09/04,1,"7,3",7
Ruzafa Rooms,2891693,NA,Valencia,1,1,€ 48,2019/09/03,2019/09/04,0,7,7
La Flamenca,818359,NA,Valencia,1,1,€ 60,2019/09/03,2019/09/04,0,"7,3",7
Central Station Valencia Hostel,1647017,NA,Valencia,1,1,€ 69,2019/09/03,2019/09/04,0,"7,1",7
HOSTAL BED OF THE SEA,3974636,NA,Valencia,1,1,€ 82,2019/09/03,2019/09/04,0,7,7
NWT Monserrat,3728842,Apartamentos,Valencia,1,1,€ 84,2019/09/03,2019/09/04,0,7,7
Centro Valencia Calle Cerrajeros,3476261,NA,Valencia,1,1,€ 85,2019/09/03,2019/09/04,0,"7,1",7
Apartments Calle Padre Damian,4523326,Apartamentos,Valencia,1,1,€ 85,2019/09/03,2019/09/04,0,"7,2",7
Valencia Apartments,4367788,Apartamentos,Valencia,1,1,€ 87,2019/09/03,2019/09/04,0,"7,2",7
Cosy Rooms Embajador,369728,NA,Valencia,1,1,€ 94,2019/09/03,2019/09/04,2,"7,4",7
Kirei Apartment Na Jordana,1702092,Apartamentos,Valencia,1,1,€ 98,2019/09/03,2019/09/04,0,7,7
B&B El Mercat,2203530,NA,Valencia,1,1,€ 110,2019/09/03,2019/09/04,0,"7,3",7
Kirei Apartment San Vicente,1774062,Apartamento,Valencia,1,1,€ 121,2019/09/03,2019/09/04,0,"7,4",7
Miresa flats,5300418,Apartamento,Valencia,1,1,€ 125,2019/09/03,2019/09/04,0,7,7
Verano en la Playa Patacona,4913195,Apartamento,Valencia,1,1,€ 150,2019/09/03,2019/09/04,0,7,7
Valencia Boutique Ayuntamiento,343355,Apartamentos,Valencia,1,1,€ 155,2019/09/03,2019/09/04,0,"7,2",7
Valenciaflats Torres de Serrano,17468,Apartamentos,Valencia,1,1,€ 85,2019/09/03,2019/09/04,0,"8,3",7
Apartment Vicent,1674495,Apartamentos,Valencia,1,1,€ 85,2019/09/03,2019/09/04,0,"8,2",7
ApartUP Patacona Deluxe,2565246,Apartamento,Valencia,1,1,NA,2019/09/03,2019/09/04,0,"9,6",7
SHF Flats Baron,1033085,Apartamentos,Valencia,1,1,€ 89,2019/09/03,2019/09/04,0,8,7
APARTAMENTO LAS MELLIZAS,4651578,NA,Valencia,1,1,€ 45,2019/09/03,2019/09/04,0,"8,4",7
MD Modern Hotel - Jardines,305447,NA,Valencia,1,1,€ 90,2019/09/03,2019/09/04,1,"8,2",7
NWT Central Station Apartments,3964093,Apartamento,Valencia,1,1,€ 94,2019/09/03,2019/09/04,0,"8,2",7
Eurostars Gran Valencia,90484,NA,Valencia,1,1,€ 98,2019/09/03,2019/09/04,4,"8,3",7
Purple Nest Hostel,25278,NA,Valencia,1,1,€ 98,2019/09/03,2019/09/04,0,"8,1",7
La seda stay,3335523,Apartamento,Valencia,1,1,NA,2019/09/03,2019/09/04,0,"9,7",7
Plaza Del Carmen,1737254,Apartamento,Valencia,1,1,€ 103,2019/09/03,2019/09/04,0,"8,1",7
Mosen Sorell Apartments,683265,Apartamentos,Valencia,1,1,€ 104,2019/09/03,2019/09/04,0,"8,3",7
Apartamentos el Pilar,237104,Apartamentos,Valencia,1,1,€ 105,2019/09/03,2019/09/04,0,8,7
Casual de las Artes Valencia,538056,NA,Valencia,1,1,€ 108,2019/09/03,2019/09/04,3,"8,4",7
Hotel Valencia Center,91285,NA,Valencia,1,1,€ 108,2019/09/03,2019/09/04,4,"8,4",7
Atico Duplex en el Carmen,2954876,Apartamento,Valencia,1,1,€ 108,2019/09/03,2019/09/04,0,"8,4",7
Disfruta - Enjoy Valencia Oceanografic,4121345,Apartamento,Valencia,1,1,NA,2019/09/03,2019/09/04,0,"9,6",7
Sweet Hotel Renasa,274818,NA,Valencia,1,1,€ 109,2019/09/03,2019/09/04,3,8,7
Silken Puerta Valencia,91182,NA,Valencia,1,1,€ 110,2019/09/03,2019/09/04,4,"8,3",7
NH Valencia Las Ciencias,90725,NA,Valencia,1,1,€ 111,2019/09/03,2019/09/04,3,8,7
Primus Valencia,331871,NA,Valencia,1,1,€ 114,2019/09/03,2019/09/04,4,"8,3",7
Senator Parque Central Hotel,274963,NA,Valencia,1,1,€ 114,2019/09/03,2019/09/04,4,"8,1",7
Hotel Medium Valencia,96838,NA,Valencia,1,1,€ 117,2019/09/03,2019/09/04,4,"8,2",7
Luxury Center Plaza Redonda,5138960,Apartamento,Valencia,1,1,NA,2019/09/03,2019/09/04,0,"9,8",7
Holiday Inn Express Ciudad de las Ciencias,96737,NA,Valencia,1,1,€ 117,2019/09/03,2019/09/04,3,8,7
NH Ciudad de Valencia,90729,NA,Valencia,1,1,€ 119,2019/09/03,2019/09/04,3,"8,1",7
Friendly Rentals ABC,3656596,Apartamento,Valencia,1,1,€ 122,2019/09/03,2019/09/04,0,"8,3",7
Friendly Rentals Puerto Deportivo,2317861,Apartamentos,Valencia,1,1,€ 122,2019/09/03,2019/09/04,0,"8,2",7
L'Otelet By Sweet,1467935,NA,Valencia,1,1,€ 122,2019/09/03,2019/09/04,0,"8,3",7
Hotel Miramar,23332,NA,Valencia,1,1,€ 127,2019/09/03,2019/09/04,2,"8,4",7
Casa La Buhardilla,2985364,Apartamento,Valencia,1,1,NA,2019/09/03,2019/09/04,0,"9,7",7
Zerka Centro,4425975,Apartamentos,Valencia,1,1,€ 129,2019/09/03,2019/09/04,0,"8,4",7
Ilunion Aqua 3,92776,NA,Valencia,1,1,€ 130,2019/09/03,2019/09/04,3,"8,3",7
Friendly Rentals Pergolesi,1634240,Apartamentos,Valencia,1,1,€ 133,2019/09/03,2019/09/04,0,"8,4",7
Friendly Rentals Gimenez,1634242,Apartamento,Valencia,1,1,€ 148,2019/09/03,2019/09/04,0,"8,2",7
Friendly Rentals Verdi,1634232,Apartamento,Valencia,1,1,€ 153,2019/09/03,2019/09/04,0,"8,2",7
Ilunion Valencia 4,754329,NA,Valencia,1,1,€ 158,2019/09/03,2019/09/04,4,8,7
Barracart Apartments,2125836,Apartamentos,Valencia,1,1,NA,2019/09/03,2019/09/04,0,"9,6",7
NH Valencia Center,90727,NA,Valencia,1,1,€ 163,2019/09/03,2019/09/04,4,"8,3",7
Friendly Rentals Abad,1634238,Apartamento,Valencia,1,1,€ 168,2019/09/03,2019/09/04,0,"8,2",7
NH Valencia Las Artes,90731,NA,Valencia,1,1,€ 179,2019/09/03,2019/09/04,4,"8,4",7
Hotel Conqueridor,91047,NA,Valencia,1,1,€ 180,2019/09/03,2019/09/04,4,"8,4",7
El Coso,14580,NA,Valencia,1,1,€ 180,2019/09/03,2019/09/04,3,"8,2",7
Tryp Valencia Feria,92852,NA,Valencia,1,1,€ 238,2019/09/03,2019/09/04,4,"8,3",7
Musico Peydro Apartments,3765069,Apartamentos,Valencia,1,1,€ 397,2019/09/03,2019/09/04,0,"8,1",7
MD Sueca. Apartment with Terrace Ruzafa,2551179,Apartamento,Valencia,1,1,€ 513,2019/09/03,2019/09/04,0,"8,1",7
MD Vila Barbera Apartment Center,1957253,Apartamento,Valencia,1,1,€ 528,2019/09/03,2019/09/04,0,"8,4",7
UP Hostel Valencia,1710137,NA,Valencia,1,1,€ 28,2019/09/03,2019/09/04,0,"7,8",7
Habitación en valencia centro,5418023,NA,Valencia,1,1,€ 35,2019/09/03,2019/09/04,0,"7,8",7
Habitaciones Barra89,1076252,NA,Valencia,1,1,€ 36,2019/09/03,2019/09/04,0,"7,8",7
Pensión Universal,304276,NA,Valencia,1,1,€ 38,2019/09/03,2019/09/04,0,"7,9",7
Habitación San Cayetano,4624401,NA,Valencia,1,1,€ 40,2019/09/03,2019/09/04,0,"7,7",7
Voyagers Inn Homestay,2682156,NA,Valencia,1,1,€ 46,2019/09/03,2019/09/04,0,"7,8",7
Hostal Moratin,326015,NA,Valencia,1,1,€ 46,2019/09/03,2019/09/04,1,"7,9",7
Valencia City Host,1177077,NA,Valencia,1,1,€ 52,2019/09/03,2019/09/04,0,"7,8",7
Habitación cerca del centro,2789581,NA,Valencia,1,1,€ 52,2019/09/03,2019/09/04,0,"7,6",7
Edificio Pentagono,4673669,Apartamento,Valencia,1,1,€ 185,2019/09/03,2019/09/04,0,"9,1",7
NH Collection Colón Valencia,3828811,NA,Valencia,1,1,€ 190,2019/09/03,2019/09/04,4,"9,2",7
Apartment Sofi,2830696,Apartamento,Valencia,1,1,NA,2019/09/03,2019/09/04,0,"9,8",7
ARENAS 2 APARTAMENT,2808815,Apartamento,Valencia,1,1,€ 200,2019/09/03,2019/09/04,0,"9,1",7
Loft Superior el Carmen,2784473,Apartamento,Valencia,1,1,€ 209,2019/09/03,2019/09/04,0,"9,4",7
Cozy apartment in Valencia center,3402135,Apartamentos,Valencia,1,1,€ 211,2019/09/03,2019/09/04,0,"9,2",7
Las Arenas Balneario Resort,91144,NA,Valencia,1,1,€ 230,2019/09/03,2019/09/04,5,9,7
One Shot Mercat 09,2274203,NA,Valencia,1,1,€ 249,2019/09/03,2019/09/04,4,"9,1",7
Vincci Mercat,1279484,NA,Valencia,1,1,€ 264,2019/09/03,2019/09/04,4,9,7
Ayuntamiento Panoramic,3089239,Apartamento,Valencia,1,1,NA,2019/09/03,2019/09/04,0,"9,5",7
Vivaldi Penthouse Ayuntamiento,1289561,Apartamento,Valencia,1,1,€ 283,2019/09/03,2019/09/04,0,"9,2",7
Caro Hotel,348132,NA,Valencia,1,1,€ 305,2019/09/03,2019/09/04,5,"9,2",7
MARQUÉS HOUSE 4* SUP,2118880,NA,Valencia,1,1,€ 319,2019/09/03,2019/09/04,4,"9,4",7
The River Hostel,494202,NA,Valencia,1,1,€ 25,2019/09/03,2019/09/04,0,"8,5",7
Homestay Carrer Sagun,5006434,NA,Valencia,1,1,€ 45,2019/09/03,2019/09/04,0,"8,7",7
Russafa Youth Hostel,345134,NA,Valencia,1,1,€ 54,2019/09/03,2019/09/04,0,"8,6",7
Ciudad Ciencias- Lujo- Parking- Wi-Fi.,4999636,Apartamento,Valencia,1,1,NA,2019/09/03,2019/09/04,0,"9,8",7
Namaste Rooms,3799642,NA,Valencia,1,1,€ 60,2019/09/03,2019/09/04,0,"8,7",7
Home Youth Hostel by Feetup Hostels,189322,NA,Valencia,1,1,€ 69,2019/09/03,2019/09/04,0,"8,8",7
UNIK. Apartments Valencia,2241282,Apartamentos,Valencia,1,1,€ 70,2019/09/03,2019/09/04,0,"8,5",7
Casita bonita con piscina y jardin,5294677,NA,Valencia,1,1,€ 71,2019/09/03,2019/09/04,0,"8,8",7
Balcón Al Mar,295109,NA,Valencia,1,1,€ 79,2019/09/03,2019/09/04,0,"8,5",7
Casa del Patriarca,364834,NA,Valencia,1,1,€ 81,2019/09/03,2019/09/04,0,"8,9",7
Apartment Cisneros 2,2361375,Apartamento,Valencia,1,1,NA,2019/09/03,2019/09/04,0,"9,7",7
Zalamera BnB,1331238,NA,Valencia,1,1,€ 85,2019/09/03,2019/09/04,0,"8,7",7
Citizentral Gascons,332095,Apartamentos,Valencia,1,1,€ 87,2019/09/03,2019/09/04,0,"8,7",7
Pio XII Apartments Valencia,402080,Apartamentos,Valencia,1,1,€ 90,2019/09/03,2019/09/04,0,"8,5",7
Blanq Carmen Hotel,97069,NA,Valencia,1,1,€ 90,2019/09/03,2019/09/04,3,"8,7",7
Habitación doble,3599930,NA,Valencia,1,1,€ 90,2019/09/03,2019/09/04,0,"8,9",7
MODERNO Y ACOGEDOR FRENTE A RUZAFA Y CERCA DEL CENTRO,4490444,Apartamento,Valencia,1,1,€ 97,2019/09/03,2019/09/04,0,"8,8",7
Ambrosio Flats Valencia - El Mercat,3131649,Apartamento,Valencia,1,1,NA,2019/09/03,2019/09/04,0,"9,5",7
Hotel Sercotel Acteón Valencia,90495,NA,Valencia,1,1,€ 97,2019/09/03,2019/09/04,4,"8,5",7
Ad Hoc Carmen,1173270,NA,Valencia,1,1,€ 99,2019/09/03,2019/09/04,2,"8,9",7
Apartamentos Plaza Picasso,97063,Apartamentos,Valencia,1,1,€ 99,2019/09/03,2019/09/04,0,"8,5",7
Suites by Eric Olsan (Florista),4726450,Apartamentos,Valencia,1,1,€ 99,2019/09/03,2019/09/04,0,"8,6",7
Flatsforyou Marina,1793012,Apartamentos,Valencia,1,1,€ 100,2019/09/03,2019/09/04,0,"8,7",7
València Centre Torres de Quart,886289,Apartamentos,Valencia,1,1,€ 104,2019/09/03,2019/09/04,0,"8,9",7
Atico Loft Ruzafa,3152977,Apartamento,Valencia,1,1,NA,2019/09/03,2019/09/04,0,"9,7",7
Melia Plaza Valencia,13270,NA,Valencia,1,1,€ 105,2019/09/03,2019/09/04,4,"8,9",7
Rooms Ciencias,94126,NA,Valencia,1,1,€ 105,2019/09/03,2019/09/04,0,"8,9",7
Boutique Creative Rooms,2334726,NA,Valencia,1,1,€ 108,2019/09/03,2019/09/04,0,"8,7",7
Flatsforyou Mercat,1367507,Apartamentos,Valencia,1,1,€ 109,2019/09/03,2019/09/04,3,"8,9",7
Valenciaflats Centro Histórico,94781,Apartamentos,Valencia,1,1,€ 110,2019/09/03,2019/09/04,0,"8,7",7
New Trendy apartment,2426154,Apartamento,Valencia,1,1,€ 110,2019/09/03,2019/09/04,0,"8,7",7
Hotel Malcom and Barret,483261,NA,Valencia,1,1,€ 115,2019/09/03,2019/09/04,3,"8,7",7
Casual Vintage Valencia,1710241,NA,Valencia,1,1,€ 115,2019/09/03,2019/09/04,2,"8,6",7
Perla Apartments,3146781,Apartamentos,Valencia,1,1,€ 117,2019/09/03,2019/09/04,0,"8,7",7
Ad Hoc Monumental,90719,NA,Valencia,1,1,€ 118,2019/09/03,2019/09/04,3,"8,6",7
Valencia Boutique Ayuntamiento,343355,Apartamentos,Valencia,1,1,€ 155,2019/09/03,2019/09/04,0,"7,2",7
Valencia Luxury Town Hall,866934,Apartamentos,Valencia,1,1,€ 160,2019/09/03,2019/09/04,0,"7,1",7
Luxury Beach House,3602594,Casa o chalet,Valencia,1,1,NA,2019/09/03,2019/09/04,0,"9,7",7
Kirei Apartment En Llop,1765516,Apartamentos,Valencia,1,1,€ 161,2019/09/03,2019/09/04,0,"7,2",7
Casual del Cine Valencia,572187,NA,Valencia,1,1,€ 119,2019/09/03,2019/09/04,2,"8,6",7
Apartamento CT,2397544,Apartamento,Valencia,1,1,€ 120,2019/09/03,2019/09/04,0,"8,7",7
FREE WI-FI. Apartamentos 90 м2 - Assutzena 5,4828764,Apartamento,Valencia,1,1,€ 121,2019/09/03,2019/09/04,0,"8,5",7
Friendly Rentals Abastos,1634255,Apartamento,Valencia,1,1,€ 121,2019/09/03,2019/09/04,0,"8,7",7
Friendly Rentals Ravel I,1634234,Apartamento,Valencia,1,1,€ 122,2019/09/03,2019/09/04,0,"8,8",7
Select Home Catedral,440778,Apartamentos,Valencia,1,1,€ 180,2019/09/03,2019/09/04,0,"7,1",7
Apartamento para 10 personas,5029963,Apartamento,Valencia,1,1,€ 200,2019/09/03,2019/09/04,0,"7,3",7
Valencia Luxury La Paz,1107542,Apartamentos,Valencia,1,1,€ 390,2019/09/03,2019/09/04,0,"7,2",7
MD Puerto Rico Apartment Ruzafa,3737151,Apartamento,Valencia,1,1,€ 455,2019/09/03,2019/09/04,0,"7,4",7
Hotel Kramer,91106,NA,Valencia,1,1,€ 125,2019/09/03,2019/09/04,3,"8,8",7
One Shot Colón 46,1394168,NA,Valencia,1,1,€ 129,2019/09/03,2019/09/04,3,"8,7",7
Flatsforyou Ruzafa,3342696,Apartamentos,Valencia,1,1,€ 129,2019/09/03,2019/09/04,0,"8,8",7
MD Olivereta Apartment,3783665,Apartamento,Valencia,1,1,€ 528,2019/09/03,2019/09/04,0,"7,3",7
So de Mar,2204496,Apartamento,Valencia,1,1,NA,2019/09/03,2019/09/04,0,"9,6",7
Habitación Despuig,4901343,NA,Valencia,1,1,€ 26,2019/09/03,2019/09/04,0,"6,6",7
Guest House Lebon,3124256,NA,Valencia,1,1,€ 35,2019/09/03,2019/09/04,0,"6,9",7
PISO ACOGEDOR,4995780,NA,Valencia,1,1,€ 50,2019/09/03,2019/09/04,0,"6,9",7
Geography and Arts.,3569110,NA,Valencia,1,1,€ 60,2019/09/03,2019/09/04,0,"6,7",7
Select Home Boutique Center,387770,Apartamentos,Valencia,1,1,€ 160,2019/09/03,2019/09/04,0,"6,9",7
Fun and Sun Center 2,2944416,NA,Valencia,1,1,€ 45,2019/09/03,2019/09/04,0,"6,1",7
Colón Market Downtown,4607745,Apartamento,Valencia,1,1,NA,2019/09/03,2019/09/04,0,"9,8",7
Casita Esmeralda,2040126,Casa o chalet,Valencia,1,1,€ 139,2019/09/03,2019/09/04,0,"6,3",7
Kirei Apartment Portland,4276529,Apartamentos,Valencia,1,1,€ 200,2019/09/03,2019/09/04,0,"6,1",7
Select Home Viveros Gardens,1297339,Casa o chalet,Valencia,1,1,€ 265,2019/09/03,2019/09/04,0,"6,2",7
RoomTuristValencia - Ruzafa,4608394,NA,Valencia,1,1,€ 30,2019/09/03,2019/09/04,0,"5,5",7
Ruzafa Guesthouse,2269176,NA,Valencia,1,1,€ 33,2019/09/03,2019/09/04,0,"5,6",7
Home Sweet Home,1223953,NA,Valencia,1,1,€ 60,2019/09/03,2019/09/04,0,"5,5",7
Bubuflats Bubu 3,1014334,Apartamentos,Valencia,1,1,NA,2019/09/03,2019/09/04,0,"9,6",7
Carrer del Bisbe Jaume Pérez,4900140,NA,Valencia,1,1,€ 60,2019/09/03,2019/09/04,0,"5,8",7
Oliver,4865093,NA,Valencia,1,1,€ 73,2019/09/03,2019/09/04,0,"5,6",7
Kirei Apartment Berlin,4504570,Apartamentos,Valencia,1,1,€ 126,2019/09/03,2019/09/04,0,"5,5",7
Kirei Apartment San Agustin,1712323,Apartamentos,Valencia,1,1,€ 137,2019/09/03,2019/09/04,0,"5,9",7
Guest House Duc de Gaeta,2275007,NA,Valencia,1,1,€ 33,2019/09/03,2019/09/04,0,5,7
RoomTuristValencia Estacion del Norte,4682632,NA,Valencia,1,1,€ 35,2019/09/03,2019/09/04,0,"5,3",7
Casa Botànic - Céntrico y con comodidades,4218273,Apartamento,Valencia,1,1,NA,2019/09/03,2019/09/04,0,"9,8",7
Guest House Torres de Quart,2275006,NA,Valencia,1,1,€ 35,2019/09/03,2019/09/04,0,"5,3",7
Guest House Ruzafa,2324552,NA,Valencia,1,1,€ 40,2019/09/03,2019/09/04,0,"5,3",7
Guesthouse Plaza de Toros,2985902,NA,Valencia,1,1,€ 33,2019/09/03,2019/09/04,0,"4,9",7
RoomTuristValencia RuzafaSumsi,4682802,NA,Valencia,1,1,€ 45,2019/09/03,2019/09/04,0,"4,8",7
RoomTuristValencia Torres de Quart,4565643,NA,Valencia,1,1,€ 45,2019/09/03,2019/09/04,0,"4,5",7
Port of Valencia,3805735,Apartamento,Valencia,1,1,€ 79,2019/09/03,2019/09/04,0,"4,7",7
Flats Piera Valencia Center,1490563,Apartamentos,Valencia,1,1,NA,2019/09/03,2019/09/04,0,"9,6",7
Apartamento Islas Canarias,2304086,Apartamento,Valencia,1,1,€ 61,2019/09/03,2019/09/04,0,"3,9",7
Constitucion Guesthouse,2985942,NA,Valencia,1,1,€ 29,2019/09/03,2019/09/04,0,"3,4",7
Amplia habitación en piso compartido,5433175,NA,Valencia,1,1,€ 40,2019/09/03,2019/09/04,0,,7
LOFT apartamento duplex en Valencia con parking,5519008,Apartamento,Valencia,1,1,€ 45,2019/09/03,2019/09/04,0,,7
Rio Turia B&B,5531073,NA,Valencia,1,1,€ 49,2019/09/03,2019/09/04,0,,7
Florista's Rooms en Valencia,5502152,NA,Valencia,1,1,€ 50,2019/09/03,2019/09/04,0,,7
Rooms El Picolino,5326859,NA,Valencia,1,1,€ 52,2019/09/03,2019/09/04,0,,7
Patraix,5366858,NA,Valencia,1,1,€ 55,2019/09/03,2019/09/04,0,,7
vosotros sereis parte de mi familia.,5299568,NA,Valencia,1,1,€ 60,2019/09/03,2019/09/04,0,,7
Magnífico Adosado- cerca de Valencia ciudad- en zona de montaña y playa fluvial,5354233,Casa o chalet,Valencia,1,1,€ 64,2019/09/03,2019/09/04,0,,7
Attic Rooms in Botánico,5522932,NA,Valencia,1,1,€ 65,2019/09/03,2019/09/04,0,,7
Petxina78 Valencia,5503912,Apartamento,Valencia,1,1,€ 66,2019/09/03,2019/09/04,0,,7
Comfort Homestay,5423155,NA,Valencia,1,1,€ 69,2019/09/03,2019/09/04,0,,7
Hogar Dulce Hogar,5426607,NA,Valencia,1,1,€ 70,2019/09/03,2019/09/04,0,,7
Loft Turia Gran,5133726,Apartamento,Valencia,1,1,€ 80,2019/09/03,2019/09/04,0,,7
Rooms Valencia Center,5507857,NA,Valencia,1,1,€ 85,2019/09/03,2019/09/04,0,,7
APARTAMENTO EN LA PLAYA,5503515,Apartamento,Valencia,1,1,€ 85,2019/09/03,2019/09/04,0,,7
Original Domino House,5434091,NA,Valencia,1,1,€ 87,2019/09/03,2019/09/04,0,,7
Flatsforyou Ruzafa,3342696,Apartamentos,Valencia,1,1,€ 129,2019/09/03,2019/09/04,0,"8,8",7
Catalonia Excelsior,90578,NA,Valencia,1,1,€ 130,2019/09/03,2019/09/04,3,"8,7",7
Apartments Torres de Serranos Valencia,1099602,Apartamentos,Valencia,1,1,NA,2019/09/03,2019/09/04,0,"9,6",7
Flatsforyou Turia,312207,Apartamentos,Valencia,1,1,€ 130,2019/09/03,2019/09/04,0,"8,8",7
Valenciaflats Mercado Central,307677,Apartamentos,Valencia,1,1,€ 130,2019/09/03,2019/09/04,0,"8,9",7
Friendly Rentals Casals,1769176,Apartamento,Valencia,1,1,€ 132,2019/09/03,2019/09/04,0,"8,7",7
SKY TOURISTIC ATTIC,281640,Apartamentos,Valencia,1,1,€ 135,2019/09/03,2019/09/04,0,"8,5",7
Hotel Valencia Oceanic Managed by Melia Hotels International,91522,NA,Valencia,1,1,€ 138,2019/09/03,2019/09/04,4,"8,6",7
Soho Valencia,1538641,Apartahotel,Valencia,1,1,€ 139,2019/09/03,2019/09/04,0,"8,9",7
Apartamento Comedias,2236348,Apartamento,Valencia,1,1,NA,2019/09/03,2019/09/04,0,"9,8",7
Barceló Valencia,91988,NA,Valencia,1,1,€ 140,2019/09/03,2019/09/04,4,"8,7",7
ValentiaApartments - MercadoCentral,4185241,Apartamentos,Valencia,1,1,€ 144,2019/09/03,2019/09/04,0,"8,7",7
Friendly Rentals Strauss,1634236,Apartamento,Valencia,1,1,€ 148,2019/09/03,2019/09/04,0,"8,8",7
Flatsforyou Sorolla House,403442,Apartamentos,Valencia,1,1,€ 149,2019/09/03,2019/09/04,0,"8,6",7
ABCyou Bed&Breakfast,189207,NA,Valencia,1,1,€ 149,2019/09/03,2019/09/04,0,"8,5",7
Lotelito,570027,NA,Valencia,1,1,€ 150,2019/09/03,2019/09/04,0,"8,9",7
Central Park Apartment Valencia,3881533,Apartamento,Valencia,1,1,NA,2019/09/03,2019/09/04,0,"9,6",7
Petit Palace Plaza de la Reina,90443,NA,Valencia,1,1,€ 154,2019/09/03,2019/09/04,3,"8,7",7
Ilunion Aqua 4,92777,NA,Valencia,1,1,€ 158,2019/09/03,2019/09/04,4,"8,5",7
Jardín Botánico Hotel Boutique,93369,NA,Valencia,1,1,€ 158,2019/09/03,2019/09/04,3,"8,9",7
One Shot Palacio Reina Victoria 04,90885,NA,Valencia,1,1,€ 159,2019/09/03,2019/09/04,4,"8,6",7
Petit Palace Ruzafa,90792,NA,Valencia,1,1,€ 159,2019/09/03,2019/09/04,3,"8,7",7
Piso moderno y confortable en El Cabañal,3954999,Apartamento,Valencia,1,1,€ 160,2019/09/03,2019/09/04,0,"8,6",7
Apartamento centro,3160737,Apartamento,Valencia,1,1,NA,2019/09/03,2019/09/04,0,"9,7",7
Puerta de Serranos,2734333,Apartamentos,Valencia,1,1,€ 161,2019/09/03,2019/09/04,0,"8,8",7
Sercotel Sorolla Palace,93646,NA,Valencia,1,1,€ 169,2019/09/03,2019/09/04,4,"8,6",7
SH Valencia Palace,91497,NA,Valencia,1,1,€ 178,2019/09/03,2019/09/04,5,"8,5",7
Hotel Gabbeach,403586,NA,Valencia,1,1,€ 189,2019/09/03,2019/09/04,3,"8,5",7
Melia Valencia,290493,NA,Valencia,1,1,€ 190,2019/09/03,2019/09/04,4,"8,8",7
SH Ingles Boutique Hotel,92956,NA,Valencia,1,1,€ 190,2019/09/03,2019/09/04,4,"8,5",7
Lounge by the sea,4756780,Apartamento,Valencia,1,1,NA,2019/09/03,2019/09/04,0,"9,8",7
AC Hotel Valencia- a Marriott Lifestyle Hotel,91063,NA,Valencia,1,1,€ 205,2019/09/03,2019/09/04,4,"8,6",7
Vincci Lys,91183,NA,Valencia,1,1,€ 220,2019/09/03,2019/09/04,4,"8,9",7
Ca Carmela,2466364,Casa o chalet,Valencia,1,1,€ 225,2019/09/03,2019/09/04,0,"8,9",7
Hotel Neptuno,91206,NA,Valencia,1,1,€ 239,2019/09/03,2019/09/04,4,"8,5",7
SingularStays Parque Central,3054000,Apartamentos,Valencia,1,1,€ 243,2019/09/03,2019/09/04,0,"8,8",7
Apartamento Torres de Serrano,5083131,Apartamento,Valencia,1,1,€ 266,2019/09/03,2019/09/04,0,"8,8",7
RUZAFA- CENTRO-A/C- WI-FI- PARKING,2885994,Apartamento,Valencia,1,1,NA,2019/09/03,2019/09/04,0,"9,7",7
AC Hotel Colon Valencia- a Marriott Lifestyle Hotel,1117150,NA,Valencia,1,1,€ 329,2019/09/03,2019/09/04,4,"8,7",7
Hospes Palau de La Mar,93823,NA,Valencia,1,1,€ 335,2019/09/03,2019/09/04,5,"8,8",7
The Westin Valencia,93321,NA,Valencia,1,1,€ 2.094,2019/09/03,2019/09/04,5,"8,7",7
Hotel Dimar,90886,NA,Valencia,1,1,€ 5.957,2019/09/03,2019/09/04,4,"8,7",7
Center Valencia Youth Hostel,246931,NA,Valencia,1,1,€ 12,2019/09/03,2019/09/04,0,8,7
Habitacion en Valencia Barata,4861796,NA,Valencia,1,1,€ 45,2019/09/03,2019/09/04,0,"8,2",7
Red Nest Hostel,92283,NA,Valencia,1,1,€ 47,2019/09/03,2019/09/04,0,"8,2",7
Hostal Abastos,257057,NA,Valencia,1,1,€ 50,2019/09/03,2019/09/04,2,"8,2",7
7 Moons Bed & Breakfast,464187,NA,Valencia,1,1,€ 53,2019/09/03,2019/09/04,0,"8,4",7
Como en casa,4802186,NA,Valencia,1,1,€ 54,2019/09/03,2019/09/04,0,"8,1",7
B&B Hi Valencia Canovas,305349,NA,Valencia,1,1,€ 55,2019/09/03,2019/09/04,0,"8,4",7
Dormavalencia Hostel Regne,291755,NA,Valencia,1,1,€ 69,2019/09/03,2019/09/04,1,8,7
Pension MonaLisa Luxury Suites,3834224,NA,Valencia,1,1,€ 70,2019/09/03,2019/09/04,0,"8,2",7
Happy Apartments Valencia,456043,Apartamentos,Valencia,1,1,€ 72,2019/09/03,2019/09/04,0,"8,2",7
Urban Youth Hostel,1163025,NA,Valencia,1,1,€ 74,2019/09/03,2019/09/04,0,"8,4",7
Nanit Valencia Hostel,3913497,NA,Valencia,1,1,€ 79,2019/09/03,2019/09/04,0,"8,3",7
United Colors of Apartments Boutique Style,5372347,Apartamentos,Valencia,1,1,€ 79,2019/09/03,2019/09/04,0,"9,8",7
Nest Style Valencia -Nueva apertura-,5219046,NA,Valencia,1,1,€ 95,2019/09/03,2019/09/04,3,"9,8",7
El Corazon de Canovas,2634817,Apartamento,Valencia,1,1,NA,2019/09/03,2019/09/04,0,"9,7",7
Down Town,1656378,Apartamentos,Valencia,1,1,€ 81,2019/09/03,2019/09/04,0,"8,3",7
Aparthotel Valencia Rental,17344,Apartahotel,Valencia,1,1,€ 85,2019/09/03,2019/09/04,0,8,7
Opera House Valencia B&B,3533887,NA,Valencia,1,1,€ 108,2019/09/03,2019/09/04,0,"9,5",7
Ramirez Flats & Bar,4124528,Apartahotel,Valencia,1,1,€ 120,2019/09/03,2019/09/04,0,"9,5",7
Apartment Cabanyal,3172456,Apartamento,Valencia,1,1,€ 140,2019/09/03,2019/09/04,0,"9,8",7
Disfruta - Enjoy Valencia Ruzafa,3890328,Apartamento,Valencia,1,1,€ 149,2019/09/03,2019/09/04,0,"9,7",7
Casa Calle Conquista,4691493,Apartamento,Valencia,1,1,€ 170,2019/09/03,2019/09/04,0,"9,6",7
Apartments Downtown Valencia,2250421,Apartamentos,Valencia,1,1,€ 200,2019/09/03,2019/09/04,0,"9,6",7
Apartamento Comedias,2236348,Apartamento,Valencia,1,1,NA,2019/09/03,2019/09/04,0,"9,8",7
Art&Flats Bed&Breakfast,5238345,NA,Valencia,1,1,€ 45,2019/09/03,2019/09/04,0,"9,2",7
Cantagua Hostel,4074640,NA,Valencia,1,1,€ 24,2019/09/03,2019/09/04,0,"9,1",7
Apartamento Las Torres,2223557,Apartamento,Valencia,1,1,€ 70,2019/09/03,2019/09/04,0,"9,1",7
YOU & CO. Saler Beach Boutique,4533007,NA,Valencia,1,1,€ 70,2019/09/03,2019/09/04,3,"9,2",7
Blanq Comedias,4922002,NA,Valencia,1,1,€ 72,2019/09/03,2019/09/04,0,"9,2",7
Apartamento bianca,3205847,Apartamento,Valencia,1,1,€ 85,2019/09/03,2019/09/04,0,"9,1",7
Colón Market Downtown,4607745,Apartamento,Valencia,1,1,NA,2019/09/03,2019/09/04,0,"9,8",7
Palau de Palomar,471283,Apartamentos,Valencia,1,1,€ 89,2019/09/03,2019/09/04,0,"9,2",7
Kasa Katia Eco Guest House,636256,NA,Valencia,1,1,€ 95,2019/09/03,2019/09/04,0,"9,4",7
RUZAFA. Nice apartment and Terrace.,4368595,Apartamento,Valencia,1,1,€ 95,2019/09/03,2019/09/04,0,"9,3",7
Citizentral Juristas,1113127,Apartamentos,Valencia,1,1,€ 100,2019/09/03,2019/09/04,0,"9,2",7
Apartamento cerca de la Playa y el Centro,2620264,Apartamento,Valencia,1,1,€ 100,2019/09/03,2019/09/04,0,9,7
Palacio de Rojas,1073276,Apartamentos,Valencia,1,1,€ 106,2019/09/03,2019/09/04,0,"9,4",7
Apartamento Forn dels Apòstols,3122008,Apartamento,Valencia,1,1,NA,2019/09/03,2019/09/04,0,"9,6",7
Apartments Abate 4,2848648,Apartamentos,Valencia,1,1,€ 107,2019/09/03,2019/09/04,0,"9,1",7
Hotel Valencia Alameda,4019381,NA,Valencia,1,1,€ 115,2019/09/03,2019/09/04,4,"9,3",7
MD Design Hotel - Portal del Real,2391685,NA,Valencia,1,1,€ 115,2019/09/03,2019/09/04,2,"9,1",7
Casa Cabañal,2436758,Casa o chalet,Valencia,1,1,€ 116,2019/09/03,2019/09/04,0,9,7
"Piso ""Como en tu casa""",2689136,Apartamento,Valencia,1,1,€ 120,2019/09/03,2019/09/04,0,"9,2",7
Casual Socarrat Valencia,5142800,NA,Valencia,1,1,€ 122,2019/09/03,2019/09/04,3,"9,2",7
APARTAMENTO DE DISEÑO EN PLAZA MANISES,2823390,Apartamento,Valencia,1,1,NA,2019/09/03,2019/09/04,0,"9,7",7
Ecobet Apartments,2963381,Apartamentos,Valencia,1,1,€ 124,2019/09/03,2019/09/04,0,"9,2",7
Charming Ninetta,3220582,Apartamento,Valencia,1,1,€ 125,2019/09/03,2019/09/04,0,"9,4",7
OttoH Charm Stay,2459807,NA,Valencia,1,1,€ 129,2019/09/03,2019/09/04,0,"9,3",7
Valenciaflats Centro Ciudad,18544,Apartamentos,Valencia,1,1,€ 130,2019/09/03,2019/09/04,0,"9,1",7
Live in Chianti,2227491,NA,Valencia,1,1,€ 138,2019/09/03,2019/09/04,0,"9,1",7
HQ Rooms Apartments San Vicente,2894429,Apartamentos,Valencia,1,1,€ 140,2019/09/03,2019/09/04,0,"9,3",7
Valencia what else...,2550483,Apartamento,Valencia,1,1,NA,2019/09/03,2019/09/04,0,"9,5",7
Valenciaflats Ciudad de las Ciencias,93676,Apartamentos,Valencia,1,1,€ 140,2019/09/03,2019/09/04,0,"9,1",7
BUBUSUITES by Bubuflats,2389776,NA,Valencia,1,1,€ 140,2019/09/03,2019/09/04,0,"9,3",7
Mon Suites San Martin,2777545,Apartamentos,Valencia,1,1,€ 145,2019/09/03,2019/09/04,0,"9,4",7
Apartamentos La más Bonita,2816245,Apartamentos,Valencia,1,1,€ 149,2019/09/03,2019/09/04,0,"9,1",7
Sorolla Centro,90896,NA,Valencia,1,1,€ 150,2019/09/03,2019/09/04,3,"9,1",7
Apartamentos Wallace,1698355,Apartamentos,Valencia,1,1,€ 150,2019/09/03,2019/09/04,0,"9,2",7
Sweet Caroline Apartment,1811784,Apartamento,Valencia,1,1,€ 150,2019/09/03,2019/09/04,0,"9,2",7
B BEACH VALENCIA,5125954,Apartamento,Valencia,1,1,€ 150,2019/09/03,2019/09/04,0,"9,1",7
MYR Hotel Plaza Mercado & Spa,1619029,Apartahotel,Valencia,1,1,€ 159,2019/09/03,2019/09/04,0,"9,2",7
Mon Suites San Nicolas,4117225,Apartamentos,Valencia,1,1,€ 161,2019/09/03,2019/09/04,0,"9,2",7
Sun Apartament Valencia @ City Arts & Sciences + Parking,3287719,Apartamento,Valencia,1,1,€ 165,2019/09/03,2019/09/04,0,"9,1",7
Hostal Venecia,92883,NA,Valencia,1,1,€ 167,2019/09/03,2019/09/04,2,"9,1",7
Jardines del Turia - Espacioso apartamento,2734126,Apartamento,Valencia,1,1,€ 170,2019/09/03,2019/09/04,0,"9,1",7
Hotel Boutique Balandret,1281710,NA,Valencia,1,1,€ 170,2019/09/03,2019/09/04,3,"9,2",7
Mon Suites Catedral,485679,Apartamentos,Valencia,1,1,€ 175,2019/09/03,2019/09/04,0,"9,2",7
Casa Cosy,375456,Apartamentos,Valencia,1,1,€ 175,2019/09/03,2019/09/04,0,"9,4",7
Zerka Sendra,4657122,Apartamento,Valencia,1,1,€ 179,2019/09/03,2019/09/04,0,9,7
Duplex en Blasco Ibáñez,3672426,Apartamento,Valencia,1,1,€ 180,2019/09/03,2019/09/04,0,"9,1",7
