name,propertyId,propertyType,city,rooms,days,price,checkIn,checkOut,stars,score,advance
vosotros sereis parte de mi familia.,5299568,NA,Valencia,1,1,€ 50,2019/08/27,2019/08/28,0,,14
Hogar Dulce Hogar,5426607,NA,Valencia,1,1,€ 51,2019/08/27,2019/08/28,0,,14
Apartamento luminoso y acogedor,3489126,Apartamento,Valencia,1,1,NA,2019/08/27,2019/08/28,0,"9,6",14
Patraix,5366858,NA,Valencia,1,1,€ 65,2019/08/27,2019/08/28,0,,14
Comfort Homestay,5423155,NA,Valencia,1,1,€ 69,2019/08/27,2019/08/28,0,,14
Casa de la Reina,5394089,NA,Valencia,1,1,€ 75,2019/08/27,2019/08/28,0,,14
Habitación en Valencia,5477394,NA,Valencia,1,1,€ 80,2019/08/27,2019/08/28,0,,14
Magnífico Adosado- cerca de Valencia ciudad- en zona de montaña y playa fluvial,5354233,Casa o chalet,Valencia,1,1,€ 89,2019/08/27,2019/08/28,0,,14
Miresa flats 2.1A,5399747,Apartamento,Valencia,1,1,€ 90,2019/08/27,2019/08/28,0,,14
El Corazon de Canovas,2634817,Apartamento,Valencia,1,1,NA,2019/08/27,2019/08/28,0,"9,7",14
Hermoso apartamento frente a la Universidad CEU,5278317,Apartamento,Valencia,1,1,€ 95,2019/08/27,2019/08/28,0,,14
Calle de Frederica Montseny 'Política' Casa o chalet,5152866,Casa o chalet,Valencia,1,1,€ 100,2019/08/27,2019/08/28,0,,14
Art of Music Apartment Valencia,5263849,Apartamentos,Valencia,1,1,€ 155,2019/08/27,2019/08/28,0,,14
MD Arquitecto Gascó,5385054,Apartamento,Valencia,1,1,€ 231,2019/08/27,2019/08/28,0,,14
MD POETA ANDRES CABRELLES,5385067,Apartamento,Valencia,1,1,€ 231,2019/08/27,2019/08/28,0,,14
MD Manuela Estellés,5386542,Apartamento,Valencia,1,1,€ 231,2019/08/27,2019/08/28,0,,14
Apartment Sofi,2830696,Apartamento,Valencia,1,1,NA,2019/08/27,2019/08/28,0,"9,8",14
MD Rafael Janini I,5386102,Apartamento,Valencia,1,1,€ 231,2019/08/27,2019/08/28,0,,14
Apartamento con terraza,5238122,Apartahotel,Valencia,1,1,€ 240,2019/08/27,2019/08/28,0,,14
Tomatina Apartamento - Valencia,3234082,Apartamentos,Valencia,1,1,€ 245,2019/08/27,2019/08/28,0,,14
Apartment Carrer de Don Juan de Austria,5464038,Apartamentos,Valencia,1,1,€ 483,2019/08/27,2019/08/28,0,,14
Governor Residence,3799760,Apartahotel,Valencia,1,1,€ 600,2019/08/27,2019/08/28,0,,14
Gulet Why Not,5199364,NA,Valencia,1,1,€ 3.600,2019/08/27,2019/08/28,0,,14
Casual del Cine Valencia,572187,NA,Valencia,1,1,€ 144,2019/08/27,2019/08/28,2,"8,6",14
Welcomer Apartments Valencia,19363,NA,Valencia,1,1,€ 145,2019/08/27,2019/08/28,0,"8,7",14
La seda stay,3335523,NA,Valencia,1,1,NA,2019/08/27,2019/08/28,0,"9,7",14
One Shot Colón 46,1394168,NA,Valencia,1,1,€ 149,2019/08/27,2019/08/28,3,"8,7",14
ValentiaApartments - MercadoCentral,4185241,NA,Valencia,1,1,€ 150,2019/08/27,2019/08/28,0,"8,7",14
Hotel San Lorenzo Boutique,1307718,NA,Valencia,1,1,€ 155,2019/08/27,2019/08/28,3,"8,6",14
València Centre Torres de Quart,886289,NA,Valencia,1,1,€ 165,2019/08/27,2019/08/28,0,"8,9",14
Vincci Palace,94163,NA,Valencia,1,1,€ 168,2019/08/27,2019/08/28,4,"8,6",14
One Shot Palacio Reina Victoria 04,90885,NA,Valencia,1,1,€ 169,2019/08/27,2019/08/28,4,"8,6",14
Apartamento en la Ciudad de las Artes y las Ciencias,3552283,NA,Valencia,1,1,NA,2019/08/27,2019/08/28,0,"9,5",14
BUBUFLATS / Mercat,783206,NA,Valencia,1,1,€ 170,2019/08/27,2019/08/28,0,"8,9",14
Flatsforyou Sorolla House,403442,NA,Valencia,1,1,€ 170,2019/08/27,2019/08/28,0,"8,6",14
Hospes Palau de La Mar,93823,NA,Valencia,1,1,€ 176,2019/08/27,2019/08/28,5,"8,8",14
Vincci Lys,91183,NA,Valencia,1,1,€ 180,2019/08/27,2019/08/28,4,"8,9",14
The Westin Valencia,93321,NA,Valencia,1,1,€ 183,2019/08/27,2019/08/28,5,"8,7",14
Caro Hotel,348132,NA,Valencia,1,1,€ 405,2019/08/27,2019/08/28,5,"9,2",14
Sabía que venias!,3543756,NA,Valencia,1,1,€ 60,2019/08/27,2019/08/28,0,"8,6",14
SH Valencia Palace,91497,NA,Valencia,1,1,€ 194,2019/08/27,2019/08/28,5,"8,5",14
Apartamento,3139431,NA,Valencia,1,1,NA,2019/08/27,2019/08/28,0,"9,5",14
Puerta de Serranos,2734333,NA,Valencia,1,1,€ 195,2019/08/27,2019/08/28,0,"8,8",14
Albergue Juvenil Colegio Mayor Galileo Galilei,253103,NA,Valencia,1,1,€ 54,2019/08/27,2019/08/28,0,8,14
Como en casa,4802186,NA,Valencia,1,1,€ 54,2019/08/27,2019/08/28,0,8,14
Pension MonaLisa Luxury Suites,3834224,NA,Valencia,1,1,€ 60,2019/08/27,2019/08/28,0,"8,2",14
L'Otelet By Sweet,1467935,NA,Valencia,1,1,€ 64,2019/08/27,2019/08/28,0,"8,3",14
Nanit Valencia Hostel,3913497,NA,Valencia,1,1,€ 75,2019/08/27,2019/08/28,0,"8,3",14
Lounge by the sea,4756780,NA,Valencia,1,1,NA,2019/08/27,2019/08/28,0,"9,8",14
Hotel Olympia Universidades,1301731,NA,Valencia,1,1,€ 79,2019/08/27,2019/08/28,3,"8,4",14
B&B Hi Valencia Canovas,305349,NA,Valencia,1,1,€ 80,2019/08/27,2019/08/28,0,"8,4",14
Rio Turia Skatehouse,4624602,NA,Valencia,1,1,€ 81,2019/08/27,2019/08/28,0,8,14
Purple Nest Hostel,25278,NA,Valencia,1,1,€ 83,2019/08/27,2019/08/28,0,"8,1",14
Dormavalencia Hostel,249585,NA,Valencia,1,1,€ 85,2019/08/27,2019/08/28,1,"8,2",14
Happy Apartments Valencia – Lope de Vega,575582,NA,Valencia,1,1,€ 85,2019/08/27,2019/08/28,0,"8,1",14
Preciosa Casita Cerca Del Mar,4057271,NA,Valencia,1,1,NA,2019/08/27,2019/08/28,0,"9,7",14
Happy Apartments Valencia,456043,NA,Valencia,1,1,€ 89,2019/08/27,2019/08/28,0,"8,2",14
Ayuntamiento Panoramic,3089239,NA,Valencia,1,1,NA,2019/08/27,2019/08/28,0,"9,5",14
Russafa Youth Hostel,345134,NA,Valencia,1,1,€ 67,2019/08/27,2019/08/28,0,"8,6",14
ABCyou Bed&Breakfast,189207,NA,Valencia,1,1,€ 73,2019/08/27,2019/08/28,0,"8,5",14
Casita bonita con piscina y jardin,5294677,NA,Valencia,1,1,€ 75,2019/08/27,2019/08/28,0,"8,5",14
Carrer de l'Escriptor Rafael Ferreres,4267645,NA,Valencia,1,1,€ 75,2019/08/27,2019/08/28,0,"8,7",14
Colegio Mayor La Concepción,626558,NA,Valencia,1,1,€ 81,2019/08/27,2019/08/28,0,"8,6",14
Quart Youth Hostel,476418,NA,Valencia,1,1,€ 87,2019/08/27,2019/08/28,0,"8,7",14
Apartamento en la Ciudad de las Artes y las Ciencias,3552283,NA,Valencia,1,1,NA,2019/08/27,2019/08/28,0,"9,5",14
Ad Hoc Carmen,1173270,NA,Valencia,1,1,€ 89,2019/08/27,2019/08/28,2,"8,9",14
Valencia Luxury Central Market,1078335,Apartamentos,Valencia,1,1,€ 190,2019/08/27,2019/08/28,0,"7,5",14
MD Art Apartment Ruzafa,2550955,Apartamento,Valencia,1,1,€ 305,2019/08/27,2019/08/28,0,"7,7",14
Casa Calle Conquista,4691493,Apartamento,Valencia,1,1,NA,2019/08/27,2019/08/28,0,"9,6",14
MD Abastos Center,2551194,Apartamento,Valencia,1,1,€ 449,2019/08/27,2019/08/28,0,"7,7",14
MD Oliag I Apartment Ruzafa,2867488,Apartamento,Valencia,1,1,€ 455,2019/08/27,2019/08/28,0,"7,7",14
La Casa Del Colibri Youth Hostel,2094497,NA,Valencia,1,1,€ 532,2019/08/27,2019/08/28,0,"7,9",14
Hostal Residencial RR,450746,NA,Valencia,1,1,€ 50,2019/08/27,2019/08/28,0,7,14
HOSPEDAJE PESET,4718074,NA,Valencia,1,1,€ 50,2019/08/27,2019/08/28,0,"7,4",14
Ruzafa Rooms,2891693,NA,Valencia,1,1,€ 60,2019/08/27,2019/08/28,0,7,14
Apartamento centro frente a Torres de Serrano,3408067,Apartamento,Valencia,1,1,NA,2019/08/27,2019/08/28,0,"9,5",14
Sampedor Apartment,435662,Apartamentos,Valencia,1,1,€ 64,2019/08/27,2019/08/28,0,7,14
Tryp Valencia Feria,92852,NA,Valencia,1,1,€ 89,2019/08/27,2019/08/28,4,"8,3",14
Apartamentos Marina Beach,2661874,NA,Valencia,1,1,€ 90,2019/08/27,2019/08/28,0,"8,2",14
Sweet Hotel Renasa,274818,NA,Valencia,1,1,€ 94,2019/08/27,2019/08/28,3,8,14
NH Valencia Center,90727,NA,Valencia,1,1,€ 95,2019/08/27,2019/08/28,4,"8,3",14
Red Nest Hostel,92283,NA,Valencia,1,1,€ 96,2019/08/27,2019/08/28,0,"8,2",14
Valencia what else...,2550483,NA,Valencia,1,1,NA,2019/08/27,2019/08/28,0,"9,5",14
MD Modern Hotel - Jardines,305447,NA,Valencia,1,1,€ 99,2019/08/27,2019/08/28,1,"8,2",14
Hotel Valencia Center,91285,NA,Valencia,1,1,€ 99,2019/08/27,2019/08/28,4,"8,4",14
SHF Flats Baron,1033085,NA,Valencia,1,1,€ 100,2019/08/27,2019/08/28,0,8,14
Homestay & OLEE,4132920,NA,Valencia,1,1,€ 75,2019/08/27,2019/08/28,0,"7,3",14
Cosy Rooms Bolsería,371606,NA,Valencia,1,1,€ 78,2019/08/27,2019/08/28,2,"7,4",14
Centro Valencia Calle Cerrajeros,3476261,NA,Valencia,1,1,€ 80,2019/08/27,2019/08/28,0,"7,1",14
HOSTAL BED OF THE SEA,3974636,NA,Valencia,1,1,€ 82,2019/08/27,2019/08/28,0,"7,1",14
Central Station Valencia Hostel,1647017,NA,Valencia,1,1,€ 84,2019/08/27,2019/08/28,0,"7,1",14
Espai Loft Santa Mónica,4574135,Apartamento,Valencia,1,1,NA,2019/08/27,2019/08/28,0,"9,8",14
Avenida del Cid (Centrico),4737683,Apartamento,Valencia,1,1,€ 85,2019/08/27,2019/08/28,0,"7,2",14
Cosy Rooms Embajador,369728,NA,Valencia,1,1,€ 89,2019/08/27,2019/08/28,2,"7,4",14
Malvarrosa Beach Rooms,314048,NA,Valencia,1,1,€ 90,2019/08/27,2019/08/28,2,"7,1",14
NWT Monserrat,3728842,Apartamentos,Valencia,1,1,€ 94,2019/08/27,2019/08/28,0,"7,1",14
Valencia Apartments,4367788,Apartamentos,Valencia,1,1,€ 96,2019/08/27,2019/08/28,0,"7,1",14
Premium Apartments,486507,Apartamentos,Valencia,1,1,€ 99,2019/08/27,2019/08/28,0,7,14
Pio XII Apartments Valencia,402080,NA,Valencia,1,1,€ 90,2019/08/27,2019/08/28,0,"8,5",14
Hulot B&B Valencia,585429,NA,Valencia,1,1,€ 91,2019/08/27,2019/08/28,0,"8,5",14
Hotel Sercotel Acteón Valencia,90495,NA,Valencia,1,1,€ 97,2019/08/27,2019/08/28,4,"8,5",14
Constitución,4229663,Apartamento,Valencia,1,1,NA,2019/08/27,2019/08/28,0,"9,6",14
SHF Sevilla Loft,850157,Apartamentos,Valencia,1,1,€ 100,2019/08/27,2019/08/28,0,"7,4",14
Suites by Eric Olsan (L),4287413,Apartamentos,Valencia,1,1,€ 111,2019/08/27,2019/08/28,0,"7,3",14
Hotel Valencia Oceanic Managed by Melia Hotels International,91522,NA,Valencia,1,1,€ 100,2019/08/27,2019/08/28,4,"8,6",14
UNIK. Apartments Valencia,2241282,NA,Valencia,1,1,€ 100,2019/08/27,2019/08/28,0,"8,5",14
B&B El Mercat,2203530,NA,Valencia,1,1,€ 120,2019/08/27,2019/08/28,0,"7,3",14
Valencia Boutique Ayuntamiento,343355,Apartamentos,Valencia,1,1,€ 160,2019/08/27,2019/08/28,0,"7,2",14
Apartamento centro frente a Torres de Serrano,3408067,NA,Valencia,1,1,NA,2019/08/27,2019/08/28,0,"9,5",14
B&B Hi Valencia Boutique,1301725,NA,Valencia,1,1,€ 100,2019/08/27,2019/08/28,0,"8,7",14
Valencia Luxury Group Apartments,1648016,Apartamentos,Valencia,1,1,€ 180,2019/08/27,2019/08/28,0,"7,2",14
Las casitas de la playa,3177809,Apartamentos,Valencia,1,1,€ 188,2019/08/27,2019/08/28,0,"7,2",14
City Valencia Beach 360,4504803,Apartamento,Valencia,1,1,NA,2019/08/27,2019/08/28,0,"9,7",14
Apartamento para 10 personas,5029963,Apartamento,Valencia,1,1,€ 200,2019/08/27,2019/08/28,0,"7,3",14
Ad Hoc Monumental,90719,NA,Valencia,1,1,€ 101,2019/08/27,2019/08/28,3,"8,6",14
Melia Valencia,290493,NA,Valencia,1,1,€ 102,2019/08/27,2019/08/28,4,"8,8",14
Hotel Malcom and Barret,483261,NA,Valencia,1,1,€ 104,2019/08/27,2019/08/28,3,"8,7",14
Valencia Boutique Ciencias,387785,Apartamentos,Valencia,1,1,€ 235,2019/08/27,2019/08/28,0,"7,3",14
Loft Central Market - Tapas,3187998,Apartamentos,Valencia,1,1,€ 149,2019/08/27,2019/08/28,0,"6,6",14
MD Villalonga Malvarosa Beach,3739661,Apartamento,Valencia,1,1,€ 350,2019/08/27,2019/08/28,0,"6,8",14
Malvarrosa Beach,3546692,Casas y chalets,Valencia,1,1,€ 1.260,2019/08/27,2019/08/28,0,"6,8",14
Valencia Boutique Plaza de la Reina,1541067,NA,Valencia,1,1,€ 100,2019/08/27,2019/08/28,0,8,14
NH Ciudad de Valencia,90729,NA,Valencia,1,1,€ 102,2019/08/27,2019/08/28,3,"8,1",14
Blanq Carmen Hotel,97069,NA,Valencia,1,1,€ 108,2019/08/27,2019/08/28,3,"8,7",14
Suites by Eric Olsan (Florista),4726450,NA,Valencia,1,1,€ 108,2019/08/27,2019/08/28,0,"8,6",14
Charming Ninetta,3220582,NA,Valencia,1,1,NA,2019/08/27,2019/08/28,0,"9,5",14
City Suites Apartments,3091106,NA,Valencia,1,1,€ 102,2019/08/27,2019/08/28,0,"8,4",14
Ilunion Valencia 4,754329,NA,Valencia,1,1,€ 105,2019/08/27,2019/08/28,4,8,14
Senator Parque Central Hotel,274963,NA,Valencia,1,1,€ 106,2019/08/27,2019/08/28,4,"8,1",14
Sercotel Sorolla Palace,93646,NA,Valencia,1,1,€ 108,2019/08/27,2019/08/28,4,"8,6",14
Hotel Kramer,91106,NA,Valencia,1,1,€ 108,2019/08/27,2019/08/28,3,"8,8",14
Barceló Valencia,91988,NA,Valencia,1,1,€ 108,2019/08/27,2019/08/28,4,"8,7",14
Preciosos Apartamentos en el Carmen,2918345,NA,Valencia,1,1,€ 110,2019/08/27,2019/08/28,0,"8,1",14
Friendly Rentals Pergolesi,1634240,NA,Valencia,1,1,€ 110,2019/08/27,2019/08/28,0,"8,4",14
Apartamento Privado Próximo a Playa y Ciencias,3783163,NA,Valencia,1,1,€ 110,2019/08/27,2019/08/28,0,"8,1",14
Light and bright apartment in central Valencia,3767109,NA,Valencia,1,1,€ 110,2019/08/27,2019/08/28,0,"8,9",14
Casa de Maria,2467712,NA,Valencia,1,1,€ 110,2019/08/27,2019/08/28,0,"8,6",14
Primus Valencia,331871,NA,Valencia,1,1,€ 111,2019/08/27,2019/08/28,4,"8,2",14
Eurostars Rey Don Jaime,91520,NA,Valencia,1,1,€ 114,2019/08/27,2019/08/28,4,"8,2",14
Valenciaflats Torres de Serrano,17468,NA,Valencia,1,1,€ 115,2019/08/27,2019/08/28,0,"8,3",14
Eurostars Gran Valencia,90484,NA,Valencia,1,1,€ 116,2019/08/27,2019/08/28,4,"8,3",14
Hotel Conqueridor,91047,NA,Valencia,1,1,€ 117,2019/08/27,2019/08/28,4,"8,4",14
Hotel Medium Valencia,96838,NA,Valencia,1,1,€ 117,2019/08/27,2019/08/28,4,"8,2",14
Citizentral Gascons,332095,NA,Valencia,1,1,€ 110,2019/08/27,2019/08/28,0,"8,7",14
Apartamento,3139431,NA,Valencia,1,1,NA,2019/08/27,2019/08/28,0,"9,5",14
Boutique Creative Rooms,2334726,NA,Valencia,1,1,€ 111,2019/08/27,2019/08/28,0,"8,8",14
Apartamentos Plaza Picasso,97063,NA,Valencia,1,1,€ 111,2019/08/27,2019/08/28,0,"8,5",14
Habitación con cama doble,4794909,NA,Valencia,1,1,€ 41,2019/08/27,2019/08/28,0,"6,1",14
Apartment Cabanyal,3172456,Apartamento,Valencia,1,1,NA,2019/08/27,2019/08/28,0,"9,8",14
Fun and Sun Center 2,2944416,NA,Valencia,1,1,€ 45,2019/08/27,2019/08/28,0,"6,2",14
Casita Esmeralda,2040126,Casa o chalet,Valencia,1,1,€ 154,2019/08/27,2019/08/28,0,"6,4",14
Hotel Dimar,90886,NA,Valencia,1,1,€ 113,2019/08/27,2019/08/28,4,"8,7",14
Melia Plaza Valencia,13270,NA,Valencia,1,1,€ 116,2019/08/27,2019/08/28,4,"8,9",14
SKY TOURISTIC ATTIC,281640,NA,Valencia,1,1,€ 117,2019/08/27,2019/08/28,0,"8,5",14
SH Ingles Boutique Hotel,92956,NA,Valencia,1,1,€ 120,2019/08/27,2019/08/28,4,"8,4",14
RoomTuristValencia - Ruzafa,4608394,NA,Valencia,1,1,€ 37,2019/08/27,2019/08/28,0,"5,8",14
Ruzafa Guesthouse,2269176,NA,Valencia,1,1,€ 48,2019/08/27,2019/08/28,0,"5,6",14
Home Sweet Home,1223953,NA,Valencia,1,1,€ 50,2019/08/27,2019/08/28,0,"5,5",14
Valenciaflats Centro Histórico,94781,NA,Valencia,1,1,€ 120,2019/08/27,2019/08/28,0,"8,7",14
Espai Loft Santa Mónica,4574135,NA,Valencia,1,1,NA,2019/08/27,2019/08/28,0,"9,8",14
Catalonia Excelsior,90578,NA,Valencia,1,1,€ 120,2019/08/27,2019/08/28,3,"8,7",14
Friendly Rentals Soler,1634237,NA,Valencia,1,1,€ 120,2019/08/27,2019/08/28,0,"8,6",14
Habitación en Apartamento soleado Plaza Escultor Frechina,4865043,NA,Valencia,1,1,€ 55,2019/08/27,2019/08/28,0,"5,6",14
Carrer del Bisbe Jaume Pérez,4900140,NA,Valencia,1,1,€ 60,2019/08/27,2019/08/28,0,"5,7",14
Oliver,4865093,NA,Valencia,1,1,€ 73,2019/08/27,2019/08/28,0,"5,8",14
Kirei Apartment Berlin,4504570,Apartamentos,Valencia,1,1,€ 134,2019/08/27,2019/08/28,0,"5,5",14
AC Hotel Valencia- a Marriott Lifestyle Hotel,91063,NA,Valencia,1,1,€ 122,2019/08/27,2019/08/28,4,"8,6",14
Tranquilo Apartamento En Plaza Cisneros,3127388,NA,Valencia,1,1,€ 122,2019/08/27,2019/08/28,0,"8,8",14
València Centre Túria,2185255,NA,Valencia,1,1,€ 123,2019/08/27,2019/08/28,0,"8,8",14
Lotelito,570027,NA,Valencia,1,1,€ 124,2019/08/27,2019/08/28,0,"8,9",14
Perla Apartments,3146781,NA,Valencia,1,1,€ 126,2019/08/27,2019/08/28,0,"8,8",14
RoomTuristValencia Estacion del Norte,4682632,NA,Valencia,1,1,€ 35,2019/08/27,2019/08/28,0,"5,3",14
Guest House Duc de Gaeta,2275007,NA,Valencia,1,1,€ 38,2019/08/27,2019/08/28,0,5,14
Guest House Torres de Quart,2275006,NA,Valencia,1,1,€ 38,2019/08/27,2019/08/28,0,"5,4",14
Guest House Ruzafa,2324552,NA,Valencia,1,1,€ 65,2019/08/27,2019/08/28,0,"5,3",14
Guesthouse Plaza de Toros,2985902,NA,Valencia,1,1,€ 38,2019/08/27,2019/08/28,0,"4,9",14
RoomTuristValencia Torres de Quart,4565643,NA,Valencia,1,1,€ 40,2019/08/27,2019/08/28,0,"4,8",14
RoomTuristValencia RuzafaSumsi,4682802,NA,Valencia,1,1,€ 45,2019/08/27,2019/08/28,0,"4,9",14
Constitucion Guesthouse,2985942,NA,Valencia,1,1,€ 28,2019/08/27,2019/08/28,0,"3,4",14
Amplia habitación en piso compartido,5433175,NA,Valencia,1,1,€ 50,2019/08/27,2019/08/28,0,,14
Zenit Valencia,92327,NA,Valencia,1,1,€ 126,2019/08/27,2019/08/28,4,"8,8",14
Rooms Ciencias,94126,NA,Valencia,1,1,€ 126,2019/08/27,2019/08/28,0,"8,9",14
Valenciaflats Mercado Central,307677,NA,Valencia,1,1,€ 129,2019/08/27,2019/08/28,0,"8,9",14
Soho Valencia,1538641,NA,Valencia,1,1,€ 129,2019/08/27,2019/08/28,0,"8,9",14
BUBUFLATS Mossén,1141763,NA,Valencia,1,1,€ 130,2019/08/27,2019/08/28,0,"8,9",14
Hotel El Siglo,1741479,NA,Valencia,1,1,€ 131,2019/08/27,2019/08/28,3,"8,5",14
Jardín Botánico Hotel Boutique,93369,NA,Valencia,1,1,€ 132,2019/08/27,2019/08/28,3,"8,9",14
Ilunion Aqua 4,92777,NA,Valencia,1,1,€ 135,2019/08/27,2019/08/28,4,"8,5",14
AC Hotel Colon Valencia- a Marriott Lifestyle Hotel,1117150,NA,Valencia,1,1,€ 136,2019/08/27,2019/08/28,4,"8,7",14
Petit Palace Ruzafa,90792,NA,Valencia,1,1,€ 139,2019/08/27,2019/08/28,3,"8,7",14
Petit Palace Plaza de la Reina,90443,NA,Valencia,1,1,€ 139,2019/08/27,2019/08/28,3,"8,7",14
YOU & CO. Saler Beach Boutique,4533007,NA,Valencia,1,1,€ 74,2019/08/27,2019/08/28,3,"9,5",14
Valencian Dreams Lonja,4757385,NA,Valencia,1,1,€ 90,2019/08/27,2019/08/28,0,"9,7",14
VALENCIA APARTAMENTO GOYA,4256653,NA,Valencia,1,1,NA,2019/08/27,2019/08/28,0,10,14
Opera House Valencia B&B,3533887,NA,Valencia,1,1,€ 110,2019/08/27,2019/08/28,0,"9,5",14
Ramirez Flats & Bar,4124528,NA,Valencia,1,1,€ 131,2019/08/27,2019/08/28,0,"9,5",14
Habitación privada a 1500 metros de la playa,3789910,NA,Valencia,1,1,€ 60,2019/08/27,2019/08/28,0,"9,3",14
Casual Socarrat Valencia,5142800,NA,Valencia,1,1,€ 95,2019/08/27,2019/08/28,3,"9,3",14
Apartments Madrina,3278589,NA,Valencia,1,1,€ 95,2019/08/27,2019/08/28,0,9,14
Hotel Valencia Alameda,4019381,NA,Valencia,1,1,€ 97,2019/08/27,2019/08/28,4,"9,3",14
MerKat-Abastos,1231196,NA,Valencia,1,1,NA,2019/08/27,2019/08/28,0,"9,7",14
La casita de Palomar,2132386,NA,Valencia,1,1,€ 99,2019/08/27,2019/08/28,0,"9,4",14
MD Design Hotel - Portal del Real,2391685,NA,Valencia,1,1,€ 109,2019/08/27,2019/08/28,2,"9,1",14
Citizentral Juristas,1113127,NA,Valencia,1,1,€ 112,2019/08/27,2019/08/28,0,"9,2",14
Valenciaflats Centro Ciudad,18544,NA,Valencia,1,1,€ 115,2019/08/27,2019/08/28,0,"9,1",14
Apartments Abate 4,2848648,NA,Valencia,1,1,€ 118,2019/08/27,2019/08/28,0,9,14
Bianca,4232781,NA,Valencia,1,1,€ 118,2019/08/27,2019/08/28,0,9,14
Central Park Apartment Valencia,3881533,NA,Valencia,1,1,NA,2019/08/27,2019/08/28,0,"9,6",14
APARTAMENTO CENTRO- RUZAFA. WI-FI. PARKING,3144104,NA,Valencia,1,1,€ 120,2019/08/27,2019/08/28,0,"9,3",14
Valencia-Ruzafa Studio,3235983,NA,Valencia,1,1,€ 120,2019/08/27,2019/08/28,0,"9,1",14
Mon Suites Catedral,485679,NA,Valencia,1,1,€ 120,2019/08/27,2019/08/28,0,"9,2",14
Hostal Venecia,92883,NA,Valencia,1,1,€ 121,2019/08/27,2019/08/28,2,"9,1",14
Apartamentos Wallace,1698355,NA,Valencia,1,1,€ 124,2019/08/27,2019/08/28,0,"9,2",14
Olvida tu Reloj Congresos Apartment,2448036,NA,Valencia,1,1,€ 126,2019/08/27,2019/08/28,0,"9,2",14
Casa Botànic - Céntrico y con comodidades,4218273,NA,Valencia,1,1,NA,2019/08/27,2019/08/28,0,"9,8",14
Olvida tu Reloj Montichelvo Apartment,3258095,NA,Valencia,1,1,€ 126,2019/08/27,2019/08/28,0,"9,4",14
Primus Valencia,331871,NA,Valencia,1,1,€ 122,2019/08/27,2019/08/28,4,"8,2",14
OttoH Charm Stay,2459807,NA,Valencia,1,1,€ 129,2019/08/27,2019/08/28,0,"9,3",14
BUBUSUITES by Bubuflats,2389776,NA,Valencia,1,1,€ 130,2019/08/27,2019/08/28,0,"9,3",14
MYR Hotel Plaza Mercado & Spa,1619029,NA,Valencia,1,1,€ 139,2019/08/27,2019/08/28,0,"9,2",14
Apartment Florista,2150187,Apartamento,Valencia,1,1,€ 125,2019/08/27,2019/08/28,0,8,14
Atico Loft Ruzafa,3152977,Apartamento,Valencia,1,1,NA,2019/08/27,2019/08/28,0,"9,7",14
Casual de las Artes Valencia,538056,NA,Valencia,1,1,€ 126,2019/08/27,2019/08/28,3,"8,4",14
United Colors of Apartments - Catedral,1301545,Apartamentos,Valencia,1,1,€ 130,2019/08/27,2019/08/28,0,"8,2",14
Palacio de Rojas,1073276,NA,Valencia,1,1,€ 144,2019/08/27,2019/08/28,0,"9,4",14
Live in Chianti Apartaments,2882632,NA,Valencia,1,1,€ 148,2019/08/27,2019/08/28,0,"9,1",14
Apartment Cisneros 2,2361375,NA,Valencia,1,1,NA,2019/08/27,2019/08/28,0,"9,7",14
Room in apartment,3701648,NA,Valencia,1,1,€ 130,2019/08/27,2019/08/28,0,8,14
Sweet Hotel Continental,93856,NA,Valencia,1,1,€ 134,2019/08/27,2019/08/28,2,"8,3",14
NWT Central Station Apartments,3964093,Apartamento,Valencia,1,1,€ 134,2019/08/27,2019/08/28,0,"8,3",14
Urban Youth Hostel,1163025,NA,Valencia,1,1,€ 140,2019/08/27,2019/08/28,0,"8,4",14
B BEACH VALENCIA,5125954,NA,Valencia,1,1,€ 150,2019/08/27,2019/08/28,0,"9,4",14
Hi Valencia Cánovas,4312120,NA,Valencia,1,1,€ 151,2019/08/27,2019/08/28,0,"9,1",14
HQ Rooms Apartments San Vicente,2894429,NA,Valencia,1,1,€ 155,2019/08/27,2019/08/28,0,"9,3",14
JL Ciudad de las Artes,3074378,Apartamento,Valencia,1,1,NA,2019/08/27,2019/08/28,0,"9,6",14
Sol Playa,12656,NA,Valencia,1,1,€ 145,2019/08/27,2019/08/28,2,"8,3",14
Atico Duplex en el Carmen,2954876,Apartamento,Valencia,1,1,€ 145,2019/08/27,2019/08/28,0,"8,4",14
NH Valencia Las Artes,90731,NA,Valencia,1,1,€ 157,2019/08/27,2019/08/28,4,"8,4",14
Mon Suites San Nicolas,4117225,NA,Valencia,1,1,€ 156,2019/08/27,2019/08/28,0,"9,1",14
Valenciaflats Ciudad de las Ciencias,93676,NA,Valencia,1,1,€ 156,2019/08/27,2019/08/28,0,"9,1",14
Holiday Inn Express Ciudad de las Ciencias,96737,NA,Valencia,1,1,€ 162,2019/08/27,2019/08/28,3,8,14
Zerka Centro,4425975,Apartamentos,Valencia,1,1,€ 208,2019/08/27,2019/08/28,0,"8,4",14
Musico Peydro Apartments,3765069,Apartamentos,Valencia,1,1,€ 215,2019/08/27,2019/08/28,0,"8,2",14
Apartment Cisneros 2,2361375,Apartamento,Valencia,1,1,NA,2019/08/27,2019/08/28,0,"9,7",14
Hogar Vera Apartments&Bikes,1807919,NA,Valencia,1,1,€ 161,2019/08/27,2019/08/28,0,"9,4",14
BONNIES Suites & Spa Valencia,3631910,NA,Valencia,1,1,NA,2019/08/27,2019/08/28,0,"9,8",14
WeRentVLC Charming Ruzafa,2839319,NA,Valencia,1,1,€ 164,2019/08/27,2019/08/28,0,"9,2",14
MD Benlliure Beach.,1957258,Apartamento,Valencia,1,1,€ 392,2019/08/27,2019/08/28,0,"8,1",14
MD Vila Barbera Apartment Center,1957253,Apartamento,Valencia,1,1,€ 470,2019/08/27,2019/08/28,0,"8,4",14
Adrian's House,2271869,NA,Valencia,1,1,€ 38,2019/08/27,2019/08/28,0,"7,7",14
Apart and Benef,2291245,NA,Valencia,1,1,€ 40,2019/08/27,2019/08/28,0,"7,8",14
Friendly Rentals Boyvin,1923141,NA,Valencia,1,1,€ 165,2019/08/27,2019/08/28,0,"9,3",14
Hotel Boutique Balandret,1281710,NA,Valencia,1,1,€ 171,2019/08/27,2019/08/28,3,"9,2",14
NH Collection Colón Valencia,3828811,NA,Valencia,1,1,€ 173,2019/08/27,2019/08/28,4,"9,2",14
Hostal Moratin,326015,NA,Valencia,1,1,€ 48,2019/08/27,2019/08/28,1,"7,9",14
Habitación San Cayetano,4624401,NA,Valencia,1,1,€ 50,2019/08/27,2019/08/28,0,"7,6",14
Luxury Beach House,3602594,Casa o chalet,Valencia,1,1,NA,2019/08/27,2019/08/28,0,"9,7",14
Edificio Pentagono,4673669,NA,Valencia,1,1,€ 185,2019/08/27,2019/08/28,0,"9,2",14
Palau de Palomar,471283,NA,Valencia,1,1,€ 189,2019/08/27,2019/08/28,0,"9,2",14
Valencia Sol Sun,2482393,NA,Valencia,1,1,€ 189,2019/08/27,2019/08/28,0,"9,4",14
Pensión Universal,304276,NA,Valencia,1,1,€ 55,2019/08/27,2019/08/28,0,"7,9",14
Voyagers Inn Homestay,2682156,NA,Valencia,1,1,€ 58,2019/08/27,2019/08/28,0,"7,8",14
Valencia City Host,1177077,NA,Valencia,1,1,€ 58,2019/08/27,2019/08/28,0,"7,8",14
Vincci Mercat,1279484,NA,Valencia,1,1,€ 190,2019/08/27,2019/08/28,4,9,14
MARQUÉS HOUSE 4* SUP,2118880,NA,Valencia,1,1,€ 199,2019/08/27,2019/08/28,4,"9,4",14
Jardines del Turia - Espacioso apartamento,2734126,NA,Valencia,1,1,€ 206,2019/08/27,2019/08/28,0,"9,1",14
Centro & Viaje,4215175,NA,Valencia,1,1,€ 68,2019/08/27,2019/08/28,0,"7,6",14
Habitaciones Barra89,1076252,NA,Valencia,1,1,€ 70,2019/08/27,2019/08/28,0,"7,8",14
Hotel Beleret,94652,NA,Valencia,1,1,€ 71,2019/08/27,2019/08/28,3,"7,6",14
Mar & City Apartment,3456759,NA,Valencia,1,1,€ 215,2019/08/27,2019/08/28,0,9,14
Casa Paula,1857389,NA,Valencia,1,1,€ 216,2019/08/27,2019/08/28,0,"9,3",14
One Shot Mercat 09,2274203,NA,Valencia,1,1,€ 219,2019/08/27,2019/08/28,4,"9,1",14
Lounge by the sea,4756780,Apartamento,Valencia,1,1,NA,2019/08/27,2019/08/28,0,"9,8",14
Casual de la Música Valencia,273130,NA,Valencia,1,1,€ 72,2019/08/27,2019/08/28,2,"7,5",14
YourPlace apartments Mercado Central,2933554,NA,Valencia,1,1,€ 226,2019/08/27,2019/08/28,0,9,14
Lighthouse,2384209,NA,Valencia,1,1,€ 230,2019/08/27,2019/08/28,0,"9,4",14
Jero Rooms,296743,NA,Valencia,1,1,€ 73,2019/08/27,2019/08/28,0,"7,7",14
Hotel Turia,14441,NA,Valencia,1,1,€ 75,2019/08/27,2019/08/28,4,"7,5",14
Hostal Penalty,189209,NA,Valencia,1,1,€ 85,2019/08/27,2019/08/28,1,"7,9",14
Vivaldi Penthouse Ayuntamiento,1289561,NA,Valencia,1,1,€ 284,2019/08/27,2019/08/28,0,"9,2",14
Las Arenas Balneario Resort,91144,NA,Valencia,1,1,€ 288,2019/08/27,2019/08/28,5,9,14
Ilunion Valencia 3,92818,NA,Valencia,1,1,€ 88,2019/08/27,2019/08/28,3,"7,9",14
United Colors of Studios - Mercado Central,2574108,Apartamentos,Valencia,1,1,€ 89,2019/08/27,2019/08/28,0,"7,9",14
Casa Botànic - Céntrico y con comodidades,4218273,Apartamento,Valencia,1,1,NA,2019/08/27,2019/08/28,0,"9,8",14
Zerka Sendra,4657122,NA,Valencia,1,1,€ 310,2019/08/27,2019/08/28,0,9,14
Granada 18,1905726,Apartamento,Valencia,1,1,€ 90,2019/08/27,2019/08/28,0,"7,9",14
B&B Hotel Valencia Ciudad de las Ciencias,92242,NA,Valencia,1,1,€ 92,2019/08/27,2019/08/28,3,"7,5",14
Casual Civilizaciones Valencia,449777,NA,Valencia,1,1,€ 95,2019/08/27,2019/08/28,0,"7,9",14
UP Hostel Valencia,1710137,NA,Valencia,1,1,€ 97,2019/08/27,2019/08/28,0,"7,8",14
Apartamentos el Pilar,237104,Apartamentos,Valencia,1,1,€ 105,2019/08/27,2019/08/28,0,"7,9",14
Valencia Lounge Hostel,337203,NA,Valencia,1,1,€ 105,2019/08/27,2019/08/28,0,"7,8",14
YourPlace Apartments,2896608,Apartamentos,Valencia,1,1,€ 106,2019/08/27,2019/08/28,0,"7,6",14
SEA YOU HOTEL PORT VALENCIA,92328,NA,Valencia,1,1,€ 106,2019/08/27,2019/08/28,4,"7,6",14
City Center Apartments,4426057,Apartamentos,Valencia,1,1,€ 108,2019/08/27,2019/08/28,0,"7,8",14
Expo Hotel Valencia,91223,NA,Valencia,1,1,€ 109,2019/08/27,2019/08/28,3,"7,6",14
Suites by Eric Olsan (Peset),4726296,Apartamentos,Valencia,1,1,€ 111,2019/08/27,2019/08/28,0,"7,6",14
Cosy Rooms Tapinería,371192,NA,Valencia,1,1,€ 117,2019/08/27,2019/08/28,2,"7,5",14
Old Town Flats Casa Burguerini,4552106,Apartamentos,Valencia,1,1,€ 126,2019/08/27,2019/08/28,0,"7,8",14
El 16 Ruzafa,865461,Apartamentos,Valencia,1,1,€ 129,2019/08/27,2019/08/28,0,"7,7",14
Checkin Valencia,93743,NA,Valencia,1,1,€ 134,2019/08/27,2019/08/28,4,"7,8",14
Apartamento Alguer,4005334,Apartamento,Valencia,1,1,€ 135,2019/08/27,2019/08/28,0,"7,6",14
Valencia Luxury Attics Ayuntamiento,337092,Apartamentos,Valencia,1,1,€ 160,2019/08/27,2019/08/28,0,"7,5",14
El Globo,24498,NA,Valencia,1,1,€ 180,2019/08/27,2019/08/28,1,"7,8",14
