name,propertyId,propertyType,city,rooms,days,price,checkIn,checkOut,stars,score,advance
SingularStays Mercado Central,1119829,NA,Valencia,1,1,€ 150,2019/08/27,2019/08/28,0,"8,4",7
Senator Parque Central Hotel,274963,NA,Valencia,1,1,€ 185,2019/08/27,2019/08/28,4,"8,1",7
Lounge by the sea,4756780,NA,Valencia,1,1,NA,2019/08/27,2019/08/28,0,"9,8",7
Zerka Centro,4425975,NA,Valencia,1,1,€ 208,2019/08/27,2019/08/28,0,"8,4",7
Musico Peydro Apartments,3765069,NA,Valencia,1,1,€ 215,2019/08/27,2019/08/28,0,"8,1",7
MD Benlliure Beach.,1957258,NA,Valencia,1,1,€ 392,2019/08/27,2019/08/28,0,8,7
MD Vila Barbera Apartment Center,1957253,NA,Valencia,1,1,€ 470,2019/08/27,2019/08/28,0,"8,4",7
Adrian's House,2271869,NA,Valencia,1,1,€ 38,2019/08/27,2019/08/28,0,"7,7",7
Pensión Universal,304276,NA,Valencia,1,1,€ 42,2019/08/27,2019/08/28,0,"7,9",7
Colón Market Downtown,4607745,NA,Valencia,1,1,NA,2019/08/27,2019/08/28,0,"9,7",7
Habitación San Cayetano,4624401,NA,Valencia,1,1,€ 45,2019/08/27,2019/08/28,0,"7,7",7
Valencia City Host,1177077,NA,Valencia,1,1,€ 54,2019/08/27,2019/08/28,0,"7,8",7
Como en casa,4802186,NA,Valencia,1,1,€ 54,2019/08/27,2019/08/28,0,"7,9",7
Centro & Viaje,4215175,NA,Valencia,1,1,€ 68,2019/08/27,2019/08/28,0,"7,6",7
Habitaciones Barra89,1076252,NA,Valencia,1,1,€ 70,2019/08/27,2019/08/28,0,"7,8",7
Hotel Turia,14441,NA,Valencia,1,1,€ 75,2019/08/27,2019/08/28,4,"7,5",7
Apartamento Bolseria 28,881275,NA,Valencia,1,1,NA,2019/08/27,2019/08/28,0,"9,5",7
Ilunion Valencia 3,92818,NA,Valencia,1,1,€ 76,2019/08/27,2019/08/28,3,"7,9",7
Center Valencia Youth Hostel,246931,NA,Valencia,1,1,€ 42,2019/08/27,2019/08/28,0,"7,9",7
Casual Civilizaciones Valencia,449777,NA,Valencia,1,1,€ 86,2019/08/27,2019/08/28,0,"7,9",7
B&B Hotel Valencia Ciudad de las Ciencias,92242,NA,Valencia,1,1,€ 92,2019/08/27,2019/08/28,3,"7,5",7
Suites by Eric Olsan (L),4287413,NA,Valencia,1,1,€ 97,2019/08/27,2019/08/28,0,"7,5",7
UP Hostel Valencia,1710137,NA,Valencia,1,1,€ 97,2019/08/27,2019/08/28,0,"7,8",7
Ayuntamiento Panoramic,3089239,NA,Valencia,1,1,NA,2019/08/27,2019/08/28,0,"9,5",7
El 16 Ruzafa,865461,NA,Valencia,1,1,€ 99,2019/08/27,2019/08/28,0,"7,7",7
Suites by Eric Olsan (Peset),4726296,NA,Valencia,1,1,€ 100,2019/08/27,2019/08/28,0,"7,7",7
Valencia Lounge Hostel,337203,NA,Valencia,1,1,€ 105,2019/08/27,2019/08/28,0,"7,8",7
Expo Hotel Valencia,91223,NA,Valencia,1,1,€ 106,2019/08/27,2019/08/28,3,"7,6",7
City Center Apartments,4426057,NA,Valencia,1,1,€ 108,2019/08/27,2019/08/28,0,"7,8",7
Apartment Florista,2150187,NA,Valencia,1,1,€ 110,2019/08/27,2019/08/28,0,"7,9",7
Apartment Cisneros 2,2361375,NA,Valencia,1,1,NA,2019/08/27,2019/08/28,0,"9,7",7
SEA YOU HOTEL PORT VALENCIA,92328,NA,Valencia,1,1,€ 113,2019/08/27,2019/08/28,4,"7,6",7
Cosy Rooms Tapinería,371192,NA,Valencia,1,1,€ 117,2019/08/27,2019/08/28,2,"7,5",7
Living Valencia - Patacona Beach 36,1363797,NA,Valencia,1,1,€ 122,2019/08/27,2019/08/28,0,"7,9",7
Apartamento Alguer,4005334,NA,Valencia,1,1,€ 125,2019/08/27,2019/08/28,0,"7,6",7
Old Town Flats Casa Burguerini,4552106,NA,Valencia,1,1,€ 126,2019/08/27,2019/08/28,0,"7,6",7
Kirei Apartment Calgary,4768322,NA,Valencia,1,1,€ 126,2019/08/27,2019/08/28,0,"7,6",7
CÓMODAS HABITACIONES CERCA DE LA PLAYA,5041799,NA,Valencia,1,1,NA,2019/08/27,2019/08/28,0,"9,5",7
El Globo,24498,NA,Valencia,1,1,€ 128,2019/08/27,2019/08/28,1,"7,8",7
Room in apartment,3701648,NA,Valencia,1,1,€ 130,2019/08/27,2019/08/28,0,"7,8",7
Valencia Luxury Attics Ayuntamiento,337092,NA,Valencia,1,1,€ 160,2019/08/27,2019/08/28,0,"7,5",7
Casual de la Música Valencia,273130,NA,Valencia,1,1,€ 169,2019/08/27,2019/08/28,2,"7,5",7
Valencia Luxury Central Market,1078335,NA,Valencia,1,1,€ 190,2019/08/27,2019/08/28,0,"7,5",7
MD Art Apartment Ruzafa,2550955,NA,Valencia,1,1,€ 305,2019/08/27,2019/08/28,0,"7,7",7
La Casa Del Colibri Youth Hostel,2094497,NA,Valencia,1,1,€ 412,2019/08/27,2019/08/28,0,"7,9",7
MD Abastos Center,2551194,NA,Valencia,1,1,€ 449,2019/08/27,2019/08/28,0,"7,7",7
MD Oliag I Apartment Ruzafa,2867488,NA,Valencia,1,1,€ 455,2019/08/27,2019/08/28,0,"7,7",7
Hostal Residencial RR,450746,NA,Valencia,1,1,€ 50,2019/08/27,2019/08/28,0,7,7
HOSPEDAJE PESET,4718074,NA,Valencia,1,1,€ 50,2019/08/27,2019/08/28,0,"7,2",7
HOSTAL BED OF THE SEA,3974636,NA,Valencia,1,1,€ 60,2019/08/27,2019/08/28,0,7,7
Centro Valencia Calle Cerrajeros,3476261,NA,Valencia,1,1,€ 75,2019/08/27,2019/08/28,0,"7,1",7
Central Station Valencia Hostel,1647017,NA,Valencia,1,1,€ 79,2019/08/27,2019/08/28,0,"7,1",7
Homestay & OLEE,4132920,NA,Valencia,1,1,€ 80,2019/08/27,2019/08/28,0,"7,3",7
Avenida del Cid (Centrico),4737683,NA,Valencia,1,1,€ 85,2019/08/27,2019/08/28,0,7,7
Cosy Rooms Embajador,369728,NA,Valencia,1,1,€ 89,2019/08/27,2019/08/28,2,"7,4",7
NWT Monserrat,3728842,NA,Valencia,1,1,€ 89,2019/08/27,2019/08/28,0,7,7
Malvarrosa Beach Rooms,314048,NA,Valencia,1,1,€ 90,2019/08/27,2019/08/28,2,"7,1",7
Valencia Apartments,4367788,Apartamentos,Valencia,1,1,€ 96,2019/08/27,2019/08/28,0,"7,2",7
Preciosa Casita Cerca Del Mar,4057271,Apartamento,Valencia,1,1,NA,2019/08/27,2019/08/28,0,"9,7",7
SHF Sevilla Loft,850157,Apartamentos,Valencia,1,1,€ 100,2019/08/27,2019/08/28,0,"7,4",7
Valencia Boutique Ayuntamiento,343355,Apartamentos,Valencia,1,1,€ 160,2019/08/27,2019/08/28,0,"7,2",7
Las casitas de la playa,3177809,Apartamentos,Valencia,1,1,€ 168,2019/08/27,2019/08/28,0,"7,2",7
Apartamento para 10 personas,5029963,Apartamento,Valencia,1,1,€ 200,2019/08/27,2019/08/28,0,"7,3",7
Valencia Boutique Ciencias,387785,Apartamentos,Valencia,1,1,€ 235,2019/08/27,2019/08/28,0,"7,4",7
Loyola Room Habitación en Piso Compartido,3298489,NA,Valencia,1,1,€ 30,2019/08/27,2019/08/28,0,"6,7",7
Luxury Beach House,3602594,Casa o chalet,Valencia,1,1,NA,2019/08/27,2019/08/28,0,"9,7",7
Premium Apartments,486507,Apartamentos,Valencia,1,1,€ 94,2019/08/27,2019/08/28,0,"6,9",7
Loft Central Market - Tapas,3187998,Apartamentos,Valencia,1,1,€ 127,2019/08/27,2019/08/28,0,"6,5",7
MD Villalonga Malvarosa Beach,3739661,Apartamento,Valencia,1,1,€ 350,2019/08/27,2019/08/28,0,"6,8",7
Malvarrosa Beach,3546692,Casas y chalets,Valencia,1,1,€ 1.260,2019/08/27,2019/08/28,0,"6,6",7
Habitación con cama doble,4794909,NA,Valencia,1,1,€ 41,2019/08/27,2019/08/28,0,"6,3",7
Fun and Sun Center 2,2944416,NA,Valencia,1,1,€ 45,2019/08/27,2019/08/28,0,"6,1",7
Constitución,4229663,Apartamento,Valencia,1,1,NA,2019/08/27,2019/08/28,0,"9,6",7
Casita Esmeralda,2040126,Casa o chalet,Valencia,1,1,€ 154,2019/08/27,2019/08/28,0,"6,3",7
Carrer del Bisbe Jaume Pérez,4900140,NA,Valencia,1,1,€ 60,2019/08/27,2019/08/28,0,"5,6",7
Home Sweet Home,1223953,NA,Valencia,1,1,€ 60,2019/08/27,2019/08/28,0,"5,6",7
Oliver,4865093,NA,Valencia,1,1,€ 73,2019/08/27,2019/08/28,0,"5,7",7
Kirei Apartment Berlin,4504570,Apartamentos,Valencia,1,1,€ 126,2019/08/27,2019/08/28,0,"5,7",7
Guesthouse Plaza de Toros,2985902,NA,Valencia,1,1,€ 59,2019/08/27,2019/08/28,0,"4,9",7
Casa La Buhardilla,2985364,Apartamento,Valencia,1,1,NA,2019/08/27,2019/08/28,0,"9,6",7
vosotros sereis parte de mi familia.,5299568,NA,Valencia,1,1,€ 50,2019/08/27,2019/08/28,0,,7
Florista's Rooms en Valencia,5502152,NA,Valencia,1,1,€ 60,2019/08/27,2019/08/28,0,,7
Patraix,5366858,NA,Valencia,1,1,€ 65,2019/08/27,2019/08/28,0,,7
Comfort Homestay,5423155,NA,Valencia,1,1,€ 69,2019/08/27,2019/08/28,0,,7
Habitación en Valencia,5477394,NA,Valencia,1,1,€ 72,2019/08/27,2019/08/28,0,,7
Nest Style Valencia -Nueva apertura-,5219046,NA,Valencia,1,1,€ 76,2019/08/27,2019/08/28,3,,7
Barracart Apartments,2125836,Apartamentos,Valencia,1,1,NA,2019/08/27,2019/08/28,0,"9,6",7
Hogar Dulce Hogar,5426607,NA,Valencia,1,1,€ 30,2019/08/27,2019/08/28,0,,7
Original Domino House,5434091,NA,Valencia,1,1,€ 87,2019/08/27,2019/08/28,0,,7
Miresa flats 2.1A,5399747,Apartamento,Valencia,1,1,€ 90,2019/08/27,2019/08/28,0,,7
casa la tranquilidad,5516825,NA,Valencia,1,1,€ 120,2019/08/27,2019/08/28,0,,7
CASA MARQUES DE CARO,4472176,Apartamento,Valencia,1,1,€ 139,2019/08/27,2019/08/28,0,,7
Art of Music Apartment Valencia,5263849,Apartamentos,Valencia,1,1,€ 150,2019/08/27,2019/08/28,0,,7
JL Ciudad de las Artes,3074378,Apartamento,Valencia,1,1,NA,2019/08/27,2019/08/28,0,"9,6",7
Valencia Center Spacious Apartment,5507857,Apartamento,Valencia,1,1,€ 180,2019/08/27,2019/08/28,0,,7
MD POETA ANDRES CABRELLES,5385067,Apartamento,Valencia,1,1,€ 231,2019/08/27,2019/08/28,0,,7
MD Manuela Estellés,5386542,Apartamento,Valencia,1,1,€ 231,2019/08/27,2019/08/28,0,,7
MD Arquitecto Gascó,5385054,Apartamento,Valencia,1,1,€ 231,2019/08/27,2019/08/28,0,,7
MD Rafael Janini I,5386102,Apartamento,Valencia,1,1,€ 231,2019/08/27,2019/08/28,0,,7
Camping Ole,5496611,NA,Valencia,1,1,€ 237,2019/08/27,2019/08/28,0,,7
Apartamento con terraza,5238122,Apartahotel,Valencia,1,1,€ 240,2019/08/27,2019/08/28,0,,7
Tomatina Apartamento - Valencia,3234082,Apartamentos,Valencia,1,1,€ 245,2019/08/27,2019/08/28,0,,7
Apartment Carrer de Don Juan de Austria,5464038,Apartamentos,Valencia,1,1,€ 483,2019/08/27,2019/08/28,0,,7
Governor Residence,3799760,Apartahotel,Valencia,1,1,€ 600,2019/08/27,2019/08/28,0,,7
Gulet Why Not,5199364,NA,Valencia,1,1,€ 3.600,2019/08/27,2019/08/28,0,,7
Sabía que venias!,3543756,NA,Valencia,1,1,€ 60,2019/08/27,2019/08/28,0,"8,6",7
Buho House,3777691,Apartahotel,Valencia,1,1,€ 69,2019/08/27,2019/08/28,0,"8,5",7
Atico Loft Ruzafa,3152977,Apartamento,Valencia,1,1,NA,2019/08/27,2019/08/28,0,"9,7",7
Colegio Mayor La Concepción,626558,NA,Valencia,1,1,€ 69,2019/08/27,2019/08/28,0,"8,7",7
Casita bonita con piscina y jardin,5294677,NA,Valencia,1,1,€ 71,2019/08/27,2019/08/28,0,"8,7",7
Carrer de l'Escriptor Rafael Ferreres,4267645,Apartamento,Valencia,1,1,€ 75,2019/08/27,2019/08/28,0,"8,6",7
Hulot B&B Valencia,585429,NA,Valencia,1,1,€ 81,2019/08/27,2019/08/28,0,"8,5",7
Russafa Youth Hostel,345134,NA,Valencia,1,1,€ 81,2019/08/27,2019/08/28,0,"8,6",7
Quart Youth Hostel,476418,NA,Valencia,1,1,€ 90,2019/08/27,2019/08/28,0,"8,7",7
Apartamento en la Ciudad de las Artes y las Ciencias,3552283,Apartamento,Valencia,1,1,NA,2019/08/27,2019/08/28,0,"9,5",7
Apartments Madrina,3278589,Apartamentos,Valencia,1,1,€ 95,2019/08/27,2019/08/28,0,"8,9",7
Hotel Sercotel Acteón Valencia,90495,NA,Valencia,1,1,€ 97,2019/08/27,2019/08/28,4,"8,5",7
Ad Hoc Carmen,1173270,NA,Valencia,1,1,€ 99,2019/08/27,2019/08/28,2,"8,9",7
Pio XII Apartments Valencia,402080,Apartamentos,Valencia,1,1,€ 99,2019/08/27,2019/08/28,0,"8,5",7
Valencia Suits You Citytel,1106307,NA,Valencia,1,1,€ 99,2019/08/27,2019/08/28,2,"8,6",7
UNIK. Apartments Valencia,2241282,Apartamentos,Valencia,1,1,€ 100,2019/08/27,2019/08/28,0,"8,5",7
Central Park Apartment Valencia,3881533,Apartamento,Valencia,1,1,NA,2019/08/27,2019/08/28,0,"9,6",7
Hotel San Lorenzo Boutique,1307718,NA,Valencia,1,1,€ 104,2019/08/27,2019/08/28,3,"8,6",7
Ad Hoc Monumental,90719,NA,Valencia,1,1,€ 104,2019/08/27,2019/08/28,3,"8,6",7
Suites by Eric Olsan (Florista),4726450,Apartamentos,Valencia,1,1,€ 108,2019/08/27,2019/08/28,0,"8,6",7
Hotel Malcom and Barret,483261,NA,Valencia,1,1,€ 110,2019/08/27,2019/08/28,3,"8,7",7
Light and bright apartment in central Valencia,3767109,Apartamentos,Valencia,1,1,€ 110,2019/08/27,2019/08/28,0,"8,9",7
Ilunion Aqua 4,92777,NA,Valencia,1,1,€ 112,2019/08/27,2019/08/28,4,"8,5",7
La Casa Verde - Ruzafa,2029143,Apartamento,Valencia,1,1,NA,2019/08/27,2019/08/28,0,"9,7",7
Hotel Valencia Oceanic Managed by Melia Hotels International,91522,NA,Valencia,1,1,€ 114,2019/08/27,2019/08/28,4,"8,6",7
Apartamentos Plaza Picasso,97063,Apartamentos,Valencia,1,1,€ 114,2019/08/27,2019/08/28,0,"8,5",7
Hotel Kramer,91106,NA,Valencia,1,1,€ 115,2019/08/27,2019/08/28,3,"8,8",7
Lotelito,570027,NA,Valencia,1,1,€ 115,2019/08/27,2019/08/28,0,"8,9",7
Casual del Cine Valencia,572187,NA,Valencia,1,1,€ 118,2019/08/27,2019/08/28,2,"8,6",7
Soho Valencia,1538641,Apartahotel,Valencia,1,1,€ 119,2019/08/27,2019/08/28,0,"8,9",7
PORT VALENCIA PLAYA,5259971,Apartamento,Valencia,1,1,NA,2019/08/27,2019/08/28,0,"9,8",7
One Shot Colón 46,1394168,NA,Valencia,1,1,€ 119,2019/08/27,2019/08/28,3,"8,7",7
Catalonia Excelsior,90578,NA,Valencia,1,1,€ 120,2019/08/27,2019/08/28,3,"8,7",7
Friendly Rentals Soler,1634237,Apartamento,Valencia,1,1,€ 120,2019/08/27,2019/08/28,0,"8,7",7
Barceló Valencia,91988,NA,Valencia,1,1,€ 120,2019/08/27,2019/08/28,4,"8,7",7
Blanq Carmen Hotel,97069,NA,Valencia,1,1,€ 121,2019/08/27,2019/08/28,3,"8,7",7
Hotel Dimar,90886,NA,Valencia,1,1,€ 122,2019/08/27,2019/08/28,4,"8,7",7
Centro en Valencia,2885222,Apartamento,Valencia,1,1,NA,2019/08/27,2019/08/28,0,"9,5",7
València Centre Túria,2185255,Apartamento,Valencia,1,1,€ 123,2019/08/27,2019/08/28,0,"8,8",7
ABCyou Bed&Breakfast,189207,NA,Valencia,1,1,€ 124,2019/08/27,2019/08/28,0,"8,5",7
Valenciaflats Centro Histórico,94781,Apartamentos,Valencia,1,1,€ 125,2019/08/27,2019/08/28,0,"8,7",7
Casual Vintage Valencia,1710241,NA,Valencia,1,1,€ 126,2019/08/27,2019/08/28,2,"8,6",7
Perla Apartments,3146781,Apartamentos,Valencia,1,1,€ 126,2019/08/27,2019/08/28,0,"8,7",7
Citizentral Gascons,332095,Apartamentos,Valencia,1,1,€ 127,2019/08/27,2019/08/28,0,"8,7",7
Rooms Ciencias,94126,NA,Valencia,1,1,€ 130,2019/08/27,2019/08/28,0,"8,9",7
BUBUFLATS Mossén,1141763,Apartamentos,Valencia,1,1,€ 130,2019/08/27,2019/08/28,0,"8,9",7
Vincci Palace,94163,NA,Valencia,1,1,€ 130,2019/08/27,2019/08/28,4,"8,6",7
Jardín Botánico Hotel Boutique,93369,NA,Valencia,1,1,€ 132,2019/08/27,2019/08/28,3,"8,9",7
AC Hotel Colon Valencia- a Marriott Lifestyle Hotel,1117150,NA,Valencia,1,1,€ 136,2019/08/27,2019/08/28,4,"8,7",7
Petit Palace Plaza de la Reina,90443,NA,Valencia,1,1,€ 139,2019/08/27,2019/08/28,3,"8,7",7
Petit Palace Ruzafa,90792,NA,Valencia,1,1,€ 139,2019/08/27,2019/08/28,3,"8,7",7
Flatsforyou Sorolla House,403442,Apartamentos,Valencia,1,1,€ 140,2019/08/27,2019/08/28,0,"8,6",7
Valenciaflats Mercado Central,307677,Apartamentos,Valencia,1,1,€ 140,2019/08/27,2019/08/28,0,"8,9",7
Vincci Lys,91183,NA,Valencia,1,1,€ 140,2019/08/27,2019/08/28,4,"8,9",7
Boutique Creative Rooms,2334726,NA,Valencia,1,1,€ 145,2019/08/27,2019/08/28,0,"8,7",7
AC Hotel Valencia- a Marriott Lifestyle Hotel,91063,NA,Valencia,1,1,€ 145,2019/08/27,2019/08/28,4,"8,6",7
Opera House Valencia B&B,3533887,NA,Valencia,1,1,€ 106,2019/08/27,2019/08/28,0,"9,5",7
Ramirez Flats & Bar,4124528,Apartahotel,Valencia,1,1,€ 145,2019/08/27,2019/08/28,0,"9,5",7
VALENCIA APARTAMENTO GOYA,4256653,Apartamento,Valencia,1,1,NA,2019/08/27,2019/08/28,0,10,7
Disfruta - Enjoy Valencia Ruzafa,3890328,Apartamento,Valencia,1,1,€ 185,2019/08/27,2019/08/28,0,"9,7",7
YOU & CO. Saler Beach Boutique,4533007,NA,Valencia,1,1,€ 84,2019/08/27,2019/08/28,3,"9,1",7
La casita de Palomar,2132386,Apartamentos,Valencia,1,1,€ 89,2019/08/27,2019/08/28,0,"9,4",7
Hotel Valencia Alameda,4019381,NA,Valencia,1,1,€ 98,2019/08/27,2019/08/28,4,"9,3",7
Apartments Abate 4,2848648,Apartamentos,Valencia,1,1,€ 101,2019/08/27,2019/08/28,0,"9,1",7
Casual Socarrat Valencia,5142800,NA,Valencia,1,1,€ 112,2019/08/27,2019/08/28,3,"9,3",7
MerKat-Abastos,1231196,Apartamento,Valencia,1,1,NA,2019/08/27,2019/08/28,0,"9,7",7
MD Design Hotel - Portal del Real,2391685,NA,Valencia,1,1,€ 113,2019/08/27,2019/08/28,2,"9,1",7
Hi Valencia Cánovas,4312120,Apartamentos,Valencia,1,1,€ 114,2019/08/27,2019/08/28,0,"9,1",7
Valenciaflats Centro Ciudad,18544,Apartamentos,Valencia,1,1,€ 115,2019/08/27,2019/08/28,0,"9,1",7
Flatsforyou Carmen,593824,Apartamentos,Valencia,1,1,€ 120,2019/08/27,2019/08/28,0,"9,1",7
APARTAMENTO CENTRO- RUZAFA. WI-FI. PARKING,3144104,Apartamento,Valencia,1,1,€ 120,2019/08/27,2019/08/28,0,"9,3",7
Valencia-Ruzafa Studio,3235983,Apartamento,Valencia,1,1,€ 120,2019/08/27,2019/08/28,0,"9,1",7
Apartments Downtown Valencia,2250421,Apartamentos,Valencia,1,1,NA,2019/08/27,2019/08/28,0,"9,6",7
HQ Rooms Apartments San Vicente,2894429,Apartamentos,Valencia,1,1,€ 126,2019/08/27,2019/08/28,0,"9,3",7
Olvida tu Reloj Montichelvo Apartment,3258095,Apartamento,Valencia,1,1,€ 126,2019/08/27,2019/08/28,0,"9,4",7
Olvida tu Reloj Congresos Apartment,2448036,Apartamento,Valencia,1,1,€ 126,2019/08/27,2019/08/28,0,"9,2",7
Citizentral Juristas,1113127,Apartamentos,Valencia,1,1,€ 129,2019/08/27,2019/08/28,0,"9,2",7
OttoH Charm Stay,2459807,NA,Valencia,1,1,€ 129,2019/08/27,2019/08/28,0,"9,3",7
BUBUSUITES by Bubuflats,2389776,NA,Valencia,1,1,€ 130,2019/08/27,2019/08/28,0,"9,3",7
BONNIES Suites & Spa Valencia,3631910,Apartamentos,Valencia,1,1,NA,2019/08/27,2019/08/28,0,"9,8",7
Apartamentos Wallace,1698355,Apartamentos,Valencia,1,1,€ 140,2019/08/27,2019/08/28,0,"9,2",7
CheValenciaFlats,2064099,Apartamentos,Valencia,1,1,€ 142,2019/08/27,2019/08/28,0,9,7
Mon Suites San Nicolas,4117225,Apartamentos,Valencia,1,1,€ 143,2019/08/27,2019/08/28,0,"9,2",7
Edificio Pentagono,4673669,Apartamento,Valencia,1,1,€ 145,2019/08/27,2019/08/28,0,"9,2",7
Live in Chianti Apartaments,2882632,Apartamentos,Valencia,1,1,€ 148,2019/08/27,2019/08/28,0,"9,1",7
MYR Hotel Plaza Mercado & Spa,1619029,Apartahotel,Valencia,1,1,€ 149,2019/08/27,2019/08/28,0,"9,2",7
Valencia what else...,2550483,Apartamento,Valencia,1,1,NA,2019/08/27,2019/08/28,0,"9,5",7
Mon Suites Catedral,485679,Apartamentos,Valencia,1,1,€ 150,2019/08/27,2019/08/28,0,"9,2",7
B BEACH VALENCIA,5125954,Apartamento,Valencia,1,1,€ 150,2019/08/27,2019/08/28,0,"9,4",7
Palacio de Rojas,1073276,Apartamentos,Valencia,1,1,€ 151,2019/08/27,2019/08/28,0,"9,4",7
Hostal Venecia,92883,NA,Valencia,1,1,€ 158,2019/08/27,2019/08/28,2,"9,1",7
NH Collection Colón Valencia,3828811,NA,Valencia,1,1,€ 163,2019/08/27,2019/08/28,4,"9,2",7
Friendly Rentals Boyvin,1923141,Apartamento,Valencia,1,1,€ 165,2019/08/27,2019/08/28,0,"9,3",7
Musico Art Flat,2925957,Apartamento,Valencia,1,1,NA,2019/08/27,2019/08/28,0,"9,6",7
Vincci Mercat,1279484,NA,Valencia,1,1,€ 168,2019/08/27,2019/08/28,4,9,7
Valenciaflats Ciudad de las Ciencias,93676,Apartamentos,Valencia,1,1,€ 170,2019/08/27,2019/08/28,0,"9,1",7
Valencia Sol Sun,2482393,Apartamento,Valencia,1,1,€ 171,2019/08/27,2019/08/28,0,"9,4",7
Palau de Palomar,471283,Apartamentos,Valencia,1,1,€ 175,2019/08/27,2019/08/28,0,"9,1",7
One Shot Mercat 09,2274203,NA,Valencia,1,1,€ 179,2019/08/27,2019/08/28,4,"9,1",7
Mar & City Apartment,3456759,Apartamento,Valencia,1,1,€ 182,2019/08/27,2019/08/28,0,9,7
MARQUÉS HOUSE 4* SUP,2118880,NA,Valencia,1,1,€ 189,2019/08/27,2019/08/28,4,"9,4",7
Hotel Boutique Balandret,1281710,NA,Valencia,1,1,€ 190,2019/08/27,2019/08/28,3,"9,2",7
Jardines del Turia - Espacioso apartamento,2734126,Apartamento,Valencia,1,1,€ 193,2019/08/27,2019/08/28,0,"9,1",7
Casa Paula,1857389,Apartamento,Valencia,1,1,€ 216,2019/08/27,2019/08/28,0,"9,3",7
Vivaldi Valencia,427198,Apartamento,Valencia,1,1,€ 220,2019/08/27,2019/08/28,0,"9,3",7
YourPlace apartments Mercado Central,2933554,Apartamentos,Valencia,1,1,€ 226,2019/08/27,2019/08/28,0,9,7
Lighthouse,2384209,Apartamento,Valencia,1,1,€ 230,2019/08/27,2019/08/28,0,"9,4",7
Vivaldi Penthouse Ayuntamiento,1289561,Apartamento,Valencia,1,1,€ 284,2019/08/27,2019/08/28,0,"9,2",7
Las Arenas Balneario Resort,91144,NA,Valencia,1,1,€ 288,2019/08/27,2019/08/28,5,9,7
Zerka Sendra,4657122,Apartamento,Valencia,1,1,€ 318,2019/08/27,2019/08/28,0,9,7
Caro Hotel,348132,NA,Valencia,1,1,€ 495,2019/08/27,2019/08/28,5,"9,2",7
7 Moons Bed & Breakfast,464187,NA,Valencia,1,1,€ 55,2019/08/27,2019/08/28,0,"8,5",7
Vincci Lys,91183,NA,Valencia,1,1,€ 154,2019/08/27,2019/08/28,4,"8,9",7
Hospes Palau de La Mar,93823,NA,Valencia,1,1,€ 167,2019/08/27,2019/08/28,5,"8,8",7
Apartamento Ciencias y Justicia,3825841,Apartamento,Valencia,1,1,NA,2019/08/27,2019/08/28,0,"9,5",7
BUBUFLATS / Mercat,783206,Apartamentos,Valencia,1,1,€ 170,2019/08/27,2019/08/28,0,"8,9",7
One Shot Palacio Reina Victoria 04,90885,NA,Valencia,1,1,€ 179,2019/08/27,2019/08/28,4,"8,6",7
Puerta de Serranos,2734333,Apartamentos,Valencia,1,1,€ 195,2019/08/27,2019/08/28,0,"8,8",7
The Westin Valencia,93321,NA,Valencia,1,1,€ 208,2019/08/27,2019/08/28,5,"8,7",7
Melia Plaza Valencia,13270,NA,Valencia,1,1,€ 220,2019/08/27,2019/08/28,4,"8,9",7
SH Valencia Palace,91497,NA,Valencia,1,1,€ 229,2019/08/27,2019/08/28,5,"8,5",7
Apartamento en la Ciudad de las Artes y las Ciencias,3552283,Apartamento,Valencia,1,1,NA,2019/08/27,2019/08/28,0,"9,5",7
Apartamento Torres de Serrano,5083131,Apartamento,Valencia,1,1,€ 451,2019/08/27,2019/08/28,0,"8,5",7
Albergue Juvenil Colegio Mayor Galileo Galilei,253103,NA,Valencia,1,1,€ 52,2019/08/27,2019/08/28,0,8,7
L'Otelet By Sweet,1467935,NA,Valencia,1,1,€ 64,2019/08/27,2019/08/28,0,"8,3",7
Hostal Abastos,257057,NA,Valencia,1,1,€ 70,2019/08/27,2019/08/28,2,"8,2",7
B&B Hi Valencia Canovas,305349,NA,Valencia,1,1,€ 71,2019/08/27,2019/08/28,0,"8,4",7
Ilunion Aqua 3,92776,NA,Valencia,1,1,€ 71,2019/08/27,2019/08/28,3,"8,3",7
Apartamento luminoso y acogedor,3489126,Apartamento,Valencia,1,1,NA,2019/08/27,2019/08/28,0,"9,5",7
Living Valencia - Tetuán,3217954,Apartamentos,Valencia,1,1,€ 73,2019/08/27,2019/08/28,0,"8,1",7
Hotel Olympia Universidades,1301731,NA,Valencia,1,1,€ 75,2019/08/27,2019/08/28,3,"8,4",7
Dormavalencia Hostel,249585,NA,Valencia,1,1,€ 79,2019/08/27,2019/08/28,1,"8,2",7
Happy Apartments Valencia,456043,Apartamentos,Valencia,1,1,€ 79,2019/08/27,2019/08/28,0,"8,2",7
Rio Turia Skatehouse,4624602,Apartamento,Valencia,1,1,€ 81,2019/08/27,2019/08/28,0,8,7
Sweet Hotel Renasa,274818,NA,Valencia,1,1,€ 84,2019/08/27,2019/08/28,3,8,7
Apartamento centro frente a Torres de Serrano,3408067,Apartamento,Valencia,1,1,NA,2019/08/27,2019/08/28,0,"9,5",7
Hostal Penalty,189209,NA,Valencia,1,1,€ 85,2019/08/27,2019/08/28,1,8,7
MD Modern Hotel - Jardines,305447,NA,Valencia,1,1,€ 88,2019/08/27,2019/08/28,1,"8,2",7
Ilunion Valencia 4,754329,NA,Valencia,1,1,€ 89,2019/08/27,2019/08/28,4,8,7
Apartamento Ciudad de las Artes y las Ciencias,4353552,Apartamento,Valencia,1,1,€ 90,2019/08/27,2019/08/28,0,"8,2",7
Valencia Boutique Plaza de la Reina,1541067,Apartamentos,Valencia,1,1,€ 100,2019/08/27,2019/08/28,0,"8,1",7
SHF Flats Baron,1033085,Apartamentos,Valencia,1,1,€ 100,2019/08/27,2019/08/28,0,8,7
Valencia centro historico,3354779,Apartamento,Valencia,1,1,NA,2019/08/27,2019/08/28,0,"9,5",7
Red Nest Hostel,92283,NA,Valencia,1,1,€ 102,2019/08/27,2019/08/28,0,"8,2",7
NH Valencia Center,90727,NA,Valencia,1,1,€ 103,2019/08/27,2019/08/28,4,"8,3",7
Apartamentos el Pilar,237104,Apartamentos,Valencia,1,1,€ 105,2019/08/27,2019/08/28,0,8,7
Eurostars Gran Valencia,90484,NA,Valencia,1,1,€ 107,2019/08/27,2019/08/28,4,"8,3",7
NH Ciudad de Valencia,90729,NA,Valencia,1,1,€ 108,2019/08/27,2019/08/28,3,"8,1",7
Apartamento Privado Próximo a Playa y Ciencias,3783163,Apartamento,Valencia,1,1,€ 110,2019/08/27,2019/08/28,0,"8,1",7
Apartamento,3139431,Apartamento,Valencia,1,1,NA,2019/08/27,2019/08/28,0,"9,5",7
Preciosos Apartamentos en el Carmen,2918345,Apartamentos,Valencia,1,1,€ 110,2019/08/27,2019/08/28,0,"8,1",7
Friendly Rentals Pergolesi,1634240,Apartamento,Valencia,1,1,€ 110,2019/08/27,2019/08/28,0,"8,4",7
Purple Nest Hostel,25278,NA,Valencia,1,1,€ 111,2019/08/27,2019/08/28,0,"8,1",7
United Colors of Apartments - Catedral,1301545,Apartamentos,Valencia,1,1,€ 114,2019/08/27,2019/08/28,0,"8,2",7
Valenciaflats Torres de Serrano,17468,Apartamentos,Valencia,1,1,€ 115,2019/08/27,2019/08/28,0,"8,3",7
Pension MonaLisa Luxury Suites,3834224,NA,Valencia,1,1,€ 117,2019/08/27,2019/08/28,0,"8,3",7
Hotel Valencia Center,91285,NA,Valencia,1,1,€ 119,2019/08/27,2019/08/28,4,"8,4",7
NWT Central Station Apartments,3964093,Apartamento,Valencia,1,1,€ 119,2019/08/27,2019/08/28,0,"8,3",7
City Suites Apartments,3091106,NA,Valencia,1,1,€ 121,2019/08/27,2019/08/28,0,"8,4",7
Primus Valencia,331871,NA,Valencia,1,1,€ 122,2019/08/27,2019/08/28,4,"8,2",7
Hotel Medium Valencia,96838,NA,Valencia,1,1,€ 135,2019/08/27,2019/08/28,4,"8,2",7
Tryp Valencia Feria,92852,NA,Valencia,1,1,€ 139,2019/08/27,2019/08/28,4,"8,3",7
Urban Youth Hostel,1163025,NA,Valencia,1,1,€ 140,2019/08/27,2019/08/28,0,"8,4",7
Hotel Conqueridor,91047,NA,Valencia,1,1,€ 140,2019/08/27,2019/08/28,4,"8,4",7
Sol Playa,12656,NA,Valencia,1,1,€ 145,2019/08/27,2019/08/28,2,"8,3",7
Atico Duplex en el Carmen,2954876,Apartamento,Valencia,1,1,€ 145,2019/08/27,2019/08/28,0,"8,4",7
Holiday Inn Express Ciudad de las Ciencias,96737,NA,Valencia,1,1,€ 150,2019/08/27,2019/08/28,3,8,7
NH Valencia Las Artes,90731,NA,Valencia,1,1,€ 150,2019/08/27,2019/08/28,4,"8,4",7
