name,propertyId,propertyType,city,rooms,days,price,checkIn,checkOut,stars,score,advance
Amplia habitación en piso compartido,5433175,NA,Valencia,1,1,€ 50,2019/08/13,2019/08/14,0,,7
Valencia_PatraiX,5450613,NA,Valencia,1,1,€ 65,2019/08/13,2019/08/14,0,,7
La seda stay,3335523,Apartamento,Valencia,1,1,NA,2019/08/13,2019/08/14,0,"9,7",7
Casita bonita con piscina y jardin,5294677,NA,Valencia,1,1,€ 75,2019/08/13,2019/08/14,0,,7
Acogedor apartamento en zona universitaria y playa,5414090,Casa o chalet,Valencia,1,1,€ 78,2019/08/13,2019/08/14,0,,7
Casa de la Reina,5394089,NA,Valencia,1,1,€ 80,2019/08/13,2019/08/14,0,,7
Comfort Homestay,5423155,NA,Valencia,1,1,€ 89,2019/08/13,2019/08/14,0,,7
Miresa flats 2.1A,5399747,Apartamento,Valencia,1,1,€ 90,2019/08/13,2019/08/14,0,,7
Casual Socarrat Valencia,5142800,NA,Valencia,1,1,€ 95,2019/08/13,2019/08/14,3,,7
Constitución,4229663,Apartamento,Valencia,1,1,NA,2019/08/13,2019/08/14,0,"9,6",7
Catedral Apartment,5270717,Apartamento,Valencia,1,1,€ 100,2019/08/13,2019/08/14,0,,7
Kirei Apartment Dublin,4639542,Apartamento,Valencia,1,1,€ 103,2019/08/13,2019/08/14,0,,7
Loft Turia Gran,5133726,Apartamento,Valencia,1,1,€ 113,2019/08/13,2019/08/14,0,,7
CENTER next to LA LONJA+WIFI,4093868,Apartamento,Valencia,1,1,€ 115,2019/08/13,2019/08/14,0,,7
Welcome to Valencia Peset Aleixandre 135,5047732,Apartamento,Valencia,1,1,€ 125,2019/08/13,2019/08/14,0,,7
PLENO CENTRO (P24),4093891,Apartamento,Valencia,1,1,€ 209,2019/08/13,2019/08/14,0,,7
Lounge by the sea,4756780,Apartamento,Valencia,1,1,NA,2019/08/13,2019/08/14,0,"9,8",7
"Flat ""Ca Alexandre""",3687859,Apartamento,Valencia,1,1,€ 210,2019/08/13,2019/08/14,0,,7
Hogar Dulce Hogar,5441488,NA,Valencia,1,1,€ 230,2019/08/13,2019/08/14,0,,7
CALLE BAJA CIUTAT VELLA,3687463,Apartamento,Valencia,1,1,€ 230,2019/08/13,2019/08/14,0,,7
MD POETA ANDRES CABRELLES,5385067,Apartamento,Valencia,1,1,€ 231,2019/08/13,2019/08/14,0,,7
MD Rafael Janini I,5386102,Apartamento,Valencia,1,1,€ 231,2019/08/13,2019/08/14,0,,7
Espaciosa y cómoda vivienda,5342327,Apartamento,Valencia,1,1,€ 238,2019/08/13,2019/08/14,0,,7
Tres Forques,2854630,Apartamento,Valencia,1,1,NA,2019/08/13,2019/08/14,0,"9,5",7
Apartamento con terraza,5238122,Apartahotel,Valencia,1,1,€ 240,2019/08/13,2019/08/14,0,,7
Duplex Penthouse,5436230,Apartamento,Valencia,1,1,€ 251,2019/08/13,2019/08/14,0,,7
Hogar Dulce Hogar,5459514,NA,Valencia,1,1,€ 285,2019/08/13,2019/08/14,0,,7
MD PASEO RUZAFA CENTER,5374850,Apartamento,Valencia,1,1,€ 502,2019/08/13,2019/08/14,0,,7
Governor Residence,3799760,Apartahotel,Valencia,1,1,€ 600,2019/08/13,2019/08/14,0,,7
Gulet Why Not,5199364,NA,Valencia,1,1,€ 3.600,2019/08/13,2019/08/14,0,,7
El Globo,24498,NA,Valencia,1,1,€ 128,2019/08/13,2019/08/14,1,"7,8",7
Valencia Luxury Attics Ayuntamiento,337092,Apartamentos,Valencia,1,1,€ 160,2019/08/13,2019/08/14,0,"7,5",7
Apartamento,3139431,Apartamento,Valencia,1,1,NA,2019/08/13,2019/08/14,0,"9,5",7
Valencia Luxury Central Market,1078335,Apartamentos,Valencia,1,1,€ 165,2019/08/13,2019/08/14,0,"7,5",7
Blasco Ibañez - Playa,2727277,Apartamento,Valencia,1,1,€ 195,2019/08/13,2019/08/14,0,"7,9",7
Spain Host Valencia- Plaza del Ayuntamiento,2257049,Apartamentos,Valencia,1,1,€ 200,2019/08/13,2019/08/14,0,"7,6",7
MD Abastos Center,2551194,Apartamento,Valencia,1,1,€ 449,2019/08/13,2019/08/14,0,"7,7",7
La Casa Del Colibri Youth Hostel,2094497,NA,Valencia,1,1,€ 532,2019/08/13,2019/08/14,0,"7,9",7
Zen House,3671621,NA,Valencia,1,1,€ 32,2019/08/13,2019/08/14,0,"7,2",7
Arts Sciences Apartment,2228062,Apartamento,Valencia,1,1,NA,2019/08/13,2019/08/14,0,"9,7",7
feliz como en casa,3676196,NA,Valencia,1,1,€ 36,2019/08/13,2019/08/14,0,"7,2",7
PISO ACOGEDOR,4995780,NA,Valencia,1,1,€ 50,2019/08/13,2019/08/14,0,"7,2",7
Ruzafa Rooms,2891693,NA,Valencia,1,1,€ 60,2019/08/13,2019/08/14,0,7,7
Hostal la Barraca,350013,NA,Valencia,1,1,€ 65,2019/08/13,2019/08/14,0,"7,1",7
central station valencia,2414838,Apartamentos,Valencia,1,1,€ 70,2019/08/13,2019/08/14,0,"7,1",7
Central Station Valencia Hostel,1647017,NA,Valencia,1,1,€ 74,2019/08/13,2019/08/14,0,"7,1",7
Colón Market Downtown,4607745,Apartamento,Valencia,1,1,NA,2019/08/13,2019/08/14,0,"9,7",7
Homestay & OLEE,4132920,NA,Valencia,1,1,€ 75,2019/08/13,2019/08/14,0,"7,4",7
HOSTAL BED OF THE SEA,3974636,NA,Valencia,1,1,€ 82,2019/08/13,2019/08/14,0,7,7
Cosy Rooms Bolsería,371606,NA,Valencia,1,1,€ 94,2019/08/13,2019/08/14,2,"7,4",7
NWT Monserrat,3728842,Apartamentos,Valencia,1,1,€ 94,2019/08/13,2019/08/14,0,"7,1",7
Malvarrosa Beach Rooms,314048,NA,Valencia,1,1,€ 95,2019/08/13,2019/08/14,2,"7,1",7
Valencia Apartmans El Carmen,847910,Apartamentos,Valencia,1,1,€ 96,2019/08/13,2019/08/14,0,"7,3",7
Apartamento centro frente a Torres de Serrano,3408067,Apartamento,Valencia,1,1,NA,2019/08/13,2019/08/14,0,"9,5",7
Valencia Apartments,4367788,Apartamentos,Valencia,1,1,€ 96,2019/08/13,2019/08/14,0,"7,2",7
B&B El Mercat,2203530,NA,Valencia,1,1,€ 102,2019/08/13,2019/08/14,0,"7,3",7
SHF Flats Baron,1033085,Apartamentos,Valencia,1,1,€ 110,2019/08/13,2019/08/14,0,8,7
Casual de las Artes Valencia,538056,NA,Valencia,1,1,€ 113,2019/08/13,2019/08/14,3,"8,4",7
Cómoda habitación Valencia,4200488,NA,Valencia,1,1,NA,2019/08/13,2019/08/14,0,"9,5",7
Dormavalencia Hostel,249585,NA,Valencia,1,1,€ 115,2019/08/13,2019/08/14,1,"8,2",7
Valenciaflats Torres de Serrano,17468,Apartamentos,Valencia,1,1,€ 115,2019/08/13,2019/08/14,0,"8,3",7
Reina's Apartment,2130930,Apartamentos,Valencia,1,1,€ 115,2019/08/13,2019/08/14,0,"8,4",7
Hotel Valencia Center,91285,NA,Valencia,1,1,€ 117,2019/08/13,2019/08/14,4,"8,4",7
Primus Valencia,331871,NA,Valencia,1,1,€ 119,2019/08/13,2019/08/14,4,"8,3",7
L'Otelet By Sweet,1467935,NA,Valencia,1,1,€ 122,2019/08/13,2019/08/14,0,"8,3",7
Disfruta - Enjoy Valencia Oceanografic,4121345,Apartamento,Valencia,1,1,NA,2019/08/13,2019/08/14,0,"9,6",7
Apartamento Turistico en Valencia,2877605,Apartamento,Valencia,1,1,€ 125,2019/08/13,2019/08/14,0,"8,2",7
Hotel Medium Valencia,96838,NA,Valencia,1,1,€ 126,2019/08/13,2019/08/14,4,"8,2",7
Flatsforyou Las Arcadias,473415,Apartamentos,Valencia,1,1,€ 130,2019/08/13,2019/08/14,0,"8,4",7
SH Ingles Boutique Hotel,92956,NA,Valencia,1,1,€ 130,2019/08/13,2019/08/14,4,"8,4",7
Sol Playa,12656,NA,Valencia,1,1,€ 132,2019/08/13,2019/08/14,2,"8,3",7
Holiday Inn Express Ciudad de las Ciencias,96737,NA,Valencia,1,1,€ 135,2019/08/13,2019/08/14,3,8,7
Preciosa Casita Cerca Del Mar,4057271,Apartamento,Valencia,1,1,NA,2019/08/13,2019/08/14,0,"9,7",7
Silken Puerta Valencia,91182,NA,Valencia,1,1,€ 135,2019/08/13,2019/08/14,4,"8,3",7
Hotel Conqueridor,91047,NA,Valencia,1,1,€ 150,2019/08/13,2019/08/14,4,"8,4",7
Suites by Eric Olsan (L),4287413,Apartamentos,Valencia,1,1,€ 109,2019/08/13,2019/08/14,0,"7,3",7
Bonito apartamento en Valencia!,3646923,Apartamentos,Valencia,1,1,€ 116,2019/08/13,2019/08/14,0,"7,4",7
Kirei Apartment En Llop,1765516,Apartamentos,Valencia,1,1,€ 150,2019/08/13,2019/08/14,0,"7,1",7
Living Valencia -Correos,3062274,Apartamentos,Valencia,1,1,€ 156,2019/08/13,2019/08/14,0,"8,4",7
Flatsforyou Petit Bonaire,455152,Apartamentos,Valencia,1,1,€ 160,2019/08/13,2019/08/14,0,"8,2",7
Musico Peydro Apartments,3765069,Apartamentos,Valencia,1,1,€ 215,2019/08/13,2019/08/14,0,"8,2",7
Vlc Apartaments el Carmen,389902,Apartamentos,Valencia,1,1,€ 220,2019/08/13,2019/08/14,0,"8,1",7
Disfruta - Enjoy Valencia Centre,3881970,Apartamento,Valencia,1,1,NA,2019/08/13,2019/08/14,0,"9,8",7
Centro Valencia Calle Cerrajeros,3476261,NA,Valencia,1,1,€ 150,2019/08/13,2019/08/14,0,7,7
Apartment Cisneros 2,2361375,Apartamento,Valencia,1,1,NA,2019/08/13,2019/08/14,0,"9,7",7
Valencia Luxury La Paz,1107542,Apartamentos,Valencia,1,1,€ 160,2019/08/13,2019/08/14,0,"7,2",7
Valencia Boutique Ayuntamiento,343355,Apartamentos,Valencia,1,1,€ 160,2019/08/13,2019/08/14,0,"7,2",7
MD Benlliure Beach.,1957258,Apartamento,Valencia,1,1,€ 392,2019/08/13,2019/08/14,0,"8,1",7
MD Sueca. Apartment with Terrace Ruzafa,2551179,Apartamento,Valencia,1,1,€ 513,2019/08/13,2019/08/14,0,"8,1",7
MD Vila Barbera Apartment Center,1957253,Apartamento,Valencia,1,1,€ 528,2019/08/13,2019/08/14,0,"8,4",7
Center Valencia Youth Hostel,246931,NA,Valencia,1,1,€ 34,2019/08/13,2019/08/14,0,"7,9",7
Valencia Luxury Catedral,440778,Apartamentos,Valencia,1,1,€ 160,2019/08/13,2019/08/14,0,"7,2",7
Loyola Room Habitación en Piso Compartido,3298489,NA,Valencia,1,1,€ 35,2019/08/13,2019/08/14,0,"6,8",7
Premium Apartments,486507,Apartamentos,Valencia,1,1,€ 104,2019/08/13,2019/08/14,0,"6,9",7
Friendly Rentals Messiaen,1634249,Apartamento,Valencia,1,1,€ 120,2019/08/13,2019/08/14,0,"6,6",7
Tranvia a la Playa Malvarrosa,3183912,Apartamento,Valencia,1,1,NA,2019/08/13,2019/08/14,0,"9,5",7
Valencia Boutique Center,387770,Apartamentos,Valencia,1,1,€ 160,2019/08/13,2019/08/14,0,"6,9",7
Apartamento para 10 personas,5029963,Apartamento,Valencia,1,1,€ 200,2019/08/13,2019/08/14,0,"6,9",7
Malvarrosa Beach,3546692,Casas y chalets,Valencia,1,1,€ 1.260,2019/08/13,2019/08/14,0,"6,8",7
Fun and Sun Center 2,2944416,NA,Valencia,1,1,€ 45,2019/08/13,2019/08/14,0,"6,2",7
Casita Esmeralda,2040126,Casa o chalet,Valencia,1,1,€ 154,2019/08/13,2019/08/14,0,"6,4",7
UP Hostel Valencia,1710137,NA,Valencia,1,1,€ 34,2019/08/13,2019/08/14,0,"7,8",7
Habitación Céntrica en Casa de Familia,4289877,NA,Valencia,1,1,€ 35,2019/08/13,2019/08/14,0,"7,9",7
Central Park Apartment Valencia,3881533,Apartamento,Valencia,1,1,NA,2019/08/13,2019/08/14,0,"9,6",7
Pensión Universal,304276,NA,Valencia,1,1,€ 42,2019/08/13,2019/08/14,0,"7,9",7
Jardines del Real,1297339,Casa o chalet,Valencia,1,1,€ 265,2019/08/13,2019/08/14,0,"6,3",7
RoomTuristValencia - Ruzafa,4608394,NA,Valencia,1,1,€ 37,2019/08/13,2019/08/14,0,"5,8",7
Guest House Torres de Quart,2275006,NA,Valencia,1,1,€ 38,2019/08/13,2019/08/14,0,"5,5",7
Habitaciones Barra89,1076252,NA,Valencia,1,1,€ 45,2019/08/13,2019/08/14,0,"7,8",7
Hostal Moratin,326015,NA,Valencia,1,1,€ 48,2019/08/13,2019/08/14,1,"7,9",7
Valencia Russafa,4454999,NA,Valencia,1,1,€ 50,2019/08/13,2019/08/14,0,"7,8",7
HOSPEDAJE PESET,4718074,NA,Valencia,1,1,€ 50,2019/08/13,2019/08/14,0,"7,8",7
Casual Civilizaciones Valencia,449777,NA,Valencia,1,1,€ 53,2019/08/13,2019/08/14,0,"7,9",7
Piso en La Ciudad de Artes,3832790,Apartamento,Valencia,1,1,NA,2019/08/13,2019/08/14,0,"9,6",7
Hospederia del Pilar,327766,NA,Valencia,1,1,€ 54,2019/08/13,2019/08/14,0,"7,9",7
Ruzafa Guesthouse,2269176,NA,Valencia,1,1,€ 48,2019/08/13,2019/08/14,0,"5,6",7
Carrer del Bisbe Jaume Pérez,4900140,NA,Valencia,1,1,€ 60,2019/08/13,2019/08/14,0,"5,8",7
Oliver,4865093,NA,Valencia,1,1,€ 73,2019/08/13,2019/08/14,0,"5,7",7
Como en casa,4802186,NA,Valencia,1,1,€ 54,2019/08/13,2019/08/14,0,"7,9",7
Valencia City Host,1177077,NA,Valencia,1,1,€ 55,2019/08/13,2019/08/14,0,"7,8",7
B&B Hotel Valencia Ciudad de las Ciencias,92242,NA,Valencia,1,1,€ 74,2019/08/13,2019/08/14,3,"7,5",7
OYO Pensión El Rincón,476031,NA,Valencia,1,1,€ 75,2019/08/13,2019/08/14,1,"7,8",7
Kirei Apartment Berlin,4504570,Apartamentos,Valencia,1,1,€ 103,2019/08/13,2019/08/14,0,"5,5",7
Guest House Duc de Gaeta,2275007,NA,Valencia,1,1,€ 38,2019/08/13,2019/08/14,0,5,7
RoomTuristValencia RuzafaSumsi,4682802,NA,Valencia,1,1,€ 45,2019/08/13,2019/08/14,0,5,7
Guest House Ruzafa,2324552,NA,Valencia,1,1,€ 60,2019/08/13,2019/08/14,0,"5,3",7
Hotel Turia,14441,NA,Valencia,1,1,€ 75,2019/08/13,2019/08/14,4,"7,5",7
Hostal Penalty,189209,NA,Valencia,1,1,€ 85,2019/08/13,2019/08/14,1,"7,9",7
Cosy Rooms Tapinería,371192,NA,Valencia,1,1,€ 87,2019/08/13,2019/08/14,2,"7,5",7
RoomTuristValencia Torres de Quart,4565643,NA,Valencia,1,1,€ 61,2019/08/13,2019/08/14,0,"4,9",7
Habitación muy cerca de la playa.,5395908,NA,Valencia,1,1,€ 40,2019/08/13,2019/08/14,0,,7
vosotros sereis parte de mi familia.,5299568,NA,Valencia,1,1,€ 45,2019/08/13,2019/08/14,0,,7
Checkin Valencia,93743,NA,Valencia,1,1,€ 89,2019/08/13,2019/08/14,4,"7,8",7
Apartamentos el Pilar,237104,Apartamentos,Valencia,1,1,€ 90,2019/08/13,2019/08/14,0,"7,9",7
Ilunion Valencia 3,92818,NA,Valencia,1,1,€ 94,2019/08/13,2019/08/14,3,"7,9",7
Jero Rooms,296743,NA,Valencia,1,1,€ 94,2019/08/13,2019/08/14,0,"7,7",7
Expo Hotel Valencia,91223,NA,Valencia,1,1,€ 95,2019/08/13,2019/08/14,3,"7,6",7
City Center Apartments,4426057,Apartamentos,Valencia,1,1,€ 108,2019/08/13,2019/08/14,0,"7,8",7
SEA YOU HOTEL PORT VALENCIA,92328,NA,Valencia,1,1,€ 109,2019/08/13,2019/08/14,4,"7,6",7
Kirei Apartment Vienna,4639797,Apartamento,Valencia,1,1,€ 115,2019/08/13,2019/08/14,0,"7,8",7
My Reception - Edificio Russafa,4732440,Apartamentos,Valencia,1,1,€ 120,2019/08/13,2019/08/14,0,"7,8",7
El 16 Ruzafa,865461,Apartamentos,Valencia,1,1,€ 124,2019/08/13,2019/08/14,0,"7,7",7
Jardín Botánico Hotel Boutique,93369,NA,Valencia,1,1,€ 132,2019/08/13,2019/08/14,3,"8,9",7
Valenciaflats Centro Histórico,94781,NA,Valencia,1,1,€ 140,2019/08/13,2019/08/14,0,"8,7",7
la casita,4333253,NA,Valencia,1,1,NA,2019/08/13,2019/08/14,0,"9,7",7
Ilunion Aqua 4,92777,NA,Valencia,1,1,€ 143,2019/08/13,2019/08/14,4,"8,5",7
Pio XII Apartments Valencia,402080,NA,Valencia,1,1,€ 144,2019/08/13,2019/08/14,0,"8,5",7
Biopark View Apartment,2381901,NA,Valencia,1,1,€ 154,2019/08/13,2019/08/14,0,"8,9",7
United Colors of Apartments Boutique Style,5372347,NA,Valencia,1,1,€ 120,2019/08/13,2019/08/14,0,10,7
Estrella de russafa,5352439,NA,Valencia,1,1,€ 60,2019/08/13,2019/08/14,0,"9,8",7
VALENCIA APARTAMENTO GOYA,4256653,NA,Valencia,1,1,NA,2019/08/13,2019/08/14,0,10,7
Catalonia Excelsior,90578,NA,Valencia,1,1,€ 160,2019/08/13,2019/08/14,3,"8,7",7
Valencian Dreams Lonja,4757385,NA,Valencia,1,1,€ 100,2019/08/13,2019/08/14,0,"9,7",7
Maison Reina B&B,5004812,NA,Valencia,1,1,€ 115,2019/08/13,2019/08/14,0,"9,5",7
Opera House Valencia B&B,3533887,NA,Valencia,1,1,€ 115,2019/08/13,2019/08/14,0,"9,5",7
Hotel Neptuno,91206,NA,Valencia,1,1,€ 162,2019/08/13,2019/08/14,4,"8,5",7
Flatsforyou Ruzafa,3342696,NA,Valencia,1,1,€ 170,2019/08/13,2019/08/14,0,"8,8",7
New apartment bioparc,4316710,NA,Valencia,1,1,NA,2019/08/13,2019/08/14,0,"9,5",7
SH Valencia Palace,91497,NA,Valencia,1,1,€ 170,2019/08/13,2019/08/14,5,"8,5",7
Ramirez Flats & Bar,4124528,NA,Valencia,1,1,€ 150,2019/08/13,2019/08/14,0,"9,5",7
Apartments Torres de Serranos Valencia,1099602,NA,Valencia,1,1,€ 169,2019/08/13,2019/08/14,0,"9,6",7
Hospes Palau de La Mar,93823,NA,Valencia,1,1,€ 176,2019/08/13,2019/08/14,5,"8,8",7
Zerka Centro,4425975,NA,Valencia,1,1,€ 208,2019/08/13,2019/08/14,0,"8,5",7
Stay at Valencia Downtown,1840715,NA,Valencia,1,1,€ 176,2019/08/13,2019/08/14,0,"9,5",7
Disfruta - Enjoy Valencia Ayuntamiento,4901194,NA,Valencia,1,1,NA,2019/08/13,2019/08/14,0,10,7
Apartment Plaza Cisneros,1273377,NA,Valencia,1,1,€ 220,2019/08/13,2019/08/14,0,"9,8",7
Flatsforyou Sorolla House,403442,NA,Valencia,1,1,€ 210,2019/08/13,2019/08/14,0,"8,5",7
Melia Plaza Valencia,13270,NA,Valencia,1,1,€ 220,2019/08/13,2019/08/14,4,"8,9",7
The Westin Valencia,93321,NA,Valencia,1,1,€ 223,2019/08/13,2019/08/14,5,"8,7",7
Casa Chenano,4262208,NA,Valencia,1,1,NA,2019/08/13,2019/08/14,0,"9,5",7
València Centre Torres de Quart,886289,NA,Valencia,1,1,€ 241,2019/08/13,2019/08/14,0,"8,9",7
SingularStays Parque Central,3054000,NA,Valencia,1,1,€ 299,2019/08/13,2019/08/14,0,"8,8",7
Art&Flats Bed&Breakfast,5238345,NA,Valencia,1,1,€ 15,2019/08/13,2019/08/14,0,"9,1",7
Cantagua Hostel,4074640,NA,Valencia,1,1,€ 48,2019/08/13,2019/08/14,0,"9,1",7
YOU & CO. Saler Beach Boutique,4533007,NA,Valencia,1,1,€ 74,2019/08/13,2019/08/14,3,"9,4",7
Habitacion en Valencia Barata,4861796,NA,Valencia,1,1,€ 38,2019/08/13,2019/08/14,0,"8,3",7
Purple Nest Hostel,25278,NA,Valencia,1,1,€ 47,2019/08/13,2019/08/14,0,8,7
B&B Una Habitación Propia,1450279,NA,Valencia,1,1,€ 50,2019/08/13,2019/08/14,0,"8,2",7
Blanq Comedias,4922002,NA,Valencia,1,1,€ 77,2019/08/13,2019/08/14,0,"9,2",7
Live in Chianti,2227491,NA,Valencia,1,1,€ 89,2019/08/13,2019/08/14,0,"9,1",7
MerKat-Abastos,1231196,NA,Valencia,1,1,NA,2019/08/13,2019/08/14,0,"9,7",7
Habitación doble,3599930,NA,Valencia,1,1,€ 90,2019/08/13,2019/08/14,0,9,7
Hostal Abastos,257057,NA,Valencia,1,1,€ 50,2019/08/13,2019/08/14,2,"8,2",7
Classic Flat Valencia,4245614,NA,Valencia,1,1,NA,2019/08/13,2019/08/14,0,"9,5",7
HABITACIÓN PRIVADA EN RUZAFA,4948581,NA,Valencia,1,1,€ 51,2019/08/13,2019/08/14,0,"8,1",7
Urban Youth Hostel,1163025,NA,Valencia,1,1,€ 54,2019/08/13,2019/08/14,0,"8,4",7
Red Nest Hostel,92283,NA,Valencia,1,1,€ 57,2019/08/13,2019/08/14,0,"8,2",7
Apartamento bianca,3205847,NA,Valencia,1,1,€ 96,2019/08/13,2019/08/14,0,"9,2",7
Flatsforyou Carmen,593824,NA,Valencia,1,1,€ 100,2019/08/13,2019/08/14,0,"9,1",7
Hostal Venecia,92883,NA,Valencia,1,1,€ 102,2019/08/13,2019/08/14,2,"9,1",7
Pension MonaLisa Luxury Suites,3834224,NA,Valencia,1,1,€ 60,2019/08/13,2019/08/14,0,"8,2",7
Residencia Universitaria Damia Bonet,247451,NA,Valencia,1,1,€ 64,2019/08/13,2019/08/14,0,"8,4",7
Hotel Villacarlos,90730,NA,Valencia,1,1,€ 67,2019/08/13,2019/08/14,3,8,7
La casita de Palomar,2132386,NA,Valencia,1,1,€ 105,2019/08/13,2019/08/14,0,"9,4",7
Bianca,4232781,NA,Valencia,1,1,€ 107,2019/08/13,2019/08/14,0,9,7
Apartments Downtown Valencia,2250421,NA,Valencia,1,1,NA,2019/08/13,2019/08/14,0,"9,6",7
Apartamento Frederick “Centrico y con Clase”,4236394,NA,Valencia,1,1,NA,2019/08/13,2019/08/14,0,"9,7",7
Alquiler Habitacion Centro De Valencia,3977106,NA,Valencia,1,1,€ 72,2019/08/13,2019/08/14,0,8,7
B&B Hi Valencia Canovas,305349,NA,Valencia,1,1,€ 74,2019/08/13,2019/08/14,0,"8,4",7
Tryp Valencia Feria,92852,NA,Valencia,1,1,€ 77,2019/08/13,2019/08/14,4,"8,3",7
Sorolla Centro,90896,NA,Valencia,1,1,€ 110,2019/08/13,2019/08/14,3,"9,1",7
Citizentral Juristas,1113127,NA,Valencia,1,1,€ 112,2019/08/13,2019/08/14,0,"9,2",7
Hotel Valencia Alameda,4019381,NA,Valencia,1,1,€ 113,2019/08/13,2019/08/14,4,"9,3",7
Apartamento Gutenberg,1327120,NA,Valencia,1,1,€ 79,2019/08/13,2019/08/14,0,"8,1",7
Hotel Olympia Universidades,1301731,NA,Valencia,1,1,€ 79,2019/08/13,2019/08/14,3,"8,4",7
MD Design Hotel - Portal del Real,2391685,NA,Valencia,1,1,€ 115,2019/08/13,2019/08/14,2,"9,1",7
ALEX- CENTER APARTMENT. WI-FI,2884203,NA,Valencia,1,1,€ 120,2019/08/13,2019/08/14,0,"9,1",7
Valenciaflats Centro Ciudad,18544,NA,Valencia,1,1,€ 130,2019/08/13,2019/08/14,0,"9,1",7
Apartment Vicent,1674495,NA,Valencia,1,1,€ 80,2019/08/13,2019/08/14,0,"8,1",7
Constitución,4229663,NA,Valencia,1,1,NA,2019/08/13,2019/08/14,0,"9,6",7
Happy Apartments Valencia,456043,NA,Valencia,1,1,€ 84,2019/08/13,2019/08/14,0,"8,2",7
Sweet Hotel Renasa,274818,NA,Valencia,1,1,€ 84,2019/08/13,2019/08/14,3,8,7
Apartamentos Plaza Picasso,97063,NA,Valencia,1,1,€ 89,2019/08/13,2019/08/14,0,"8,4",7
NH Valencia Las Ciencias,90725,NA,Valencia,1,1,€ 89,2019/08/13,2019/08/14,3,8,7
Eurostars Rey Don Jaime,91520,NA,Valencia,1,1,€ 89,2019/08/13,2019/08/14,4,"8,2",7
Bruno Apartment,2715023,NA,Valencia,1,1,NA,2019/08/13,2019/08/14,0,"9,7",7
Cozy apartment in Valencia center,3402135,NA,Valencia,1,1,€ 132,2019/08/13,2019/08/14,0,"9,2",7
WeRentVLC Sunny Terrace Ruzafa,2906716,NA,Valencia,1,1,€ 135,2019/08/13,2019/08/14,0,"9,3",7
NH Collection Colón Valencia,3828811,NA,Valencia,1,1,€ 136,2019/08/13,2019/08/14,4,"9,2",7
Apartments Madrina,3278589,NA,Valencia,1,1,€ 140,2019/08/13,2019/08/14,0,9,7
BUBUSUITES by Bubuflats,2389776,NA,Valencia,1,1,€ 140,2019/08/13,2019/08/14,0,"9,3",7
Live in Chianti Apartaments,2882632,NA,Valencia,1,1,€ 143,2019/08/13,2019/08/14,0,"9,1",7
NH Valencia Center,90727,NA,Valencia,1,1,€ 90,2019/08/13,2019/08/14,4,"8,3",7
NH Ciudad de Valencia,90729,NA,Valencia,1,1,€ 91,2019/08/13,2019/08/14,3,"8,2",7
Aparthotel Valencia Rental,17344,NA,Valencia,1,1,€ 93,2019/08/13,2019/08/14,0,8,7
Apartamento Comedias,2236348,NA,Valencia,1,1,NA,2019/08/13,2019/08/14,0,"9,8",7
El Cactus,3201028,NA,Valencia,1,1,€ 145,2019/08/13,2019/08/14,0,9,7
Apartament Cura Femenia,2010355,NA,Valencia,1,1,€ 149,2019/08/13,2019/08/14,0,"9,3",7
Eurostars Gran Valencia,90484,NA,Valencia,1,1,€ 94,2019/08/13,2019/08/14,4,"8,3",7
Sweet Hotel Continental,93856,NA,Valencia,1,1,€ 94,2019/08/13,2019/08/14,2,"8,3",7
Senator Parque Central Hotel,274963,NA,Valencia,1,1,€ 97,2019/08/13,2019/08/14,4,"8,1",7
NH Valencia Las Artes,90731,NA,Valencia,1,1,€ 98,2019/08/13,2019/08/14,4,"8,4",7
Ilunion Aqua 3,92776,NA,Valencia,1,1,€ 98,2019/08/13,2019/08/14,3,"8,3",7
Hotel Sercotel Acteón Valencia,90495,NA,Valencia,1,1,€ 98,2019/08/13,2019/08/14,4,"8,4",7
MD Modern Hotel - Jardines,305447,NA,Valencia,1,1,€ 99,2019/08/13,2019/08/14,1,"8,2",7
Reina 12,1684198,NA,Valencia,1,1,€ 100,2019/08/13,2019/08/14,0,"8,3",7
Ilunion Valencia 4,754329,NA,Valencia,1,1,€ 103,2019/08/13,2019/08/14,4,8,7
Mon Suites Catedral,485679,NA,Valencia,1,1,€ 150,2019/08/13,2019/08/14,0,"9,2",7
Apartamentos Wallace,1698355,NA,Valencia,1,1,€ 150,2019/08/13,2019/08/14,0,"9,2",7
MYR Hotel Plaza Mercado & Spa,1619029,NA,Valencia,1,1,€ 154,2019/08/13,2019/08/14,0,"9,2",7
HQ Rooms Apartments San Vicente,2894429,NA,Valencia,1,1,€ 158,2019/08/13,2019/08/14,0,"9,3",7
MARQUÉS HOUSE 4* SUP,2118880,NA,Valencia,1,1,€ 159,2019/08/13,2019/08/14,4,"9,4",7
United Colors of Apartments - Catedral,1301545,NA,Valencia,1,1,€ 109,2019/08/13,2019/08/14,0,"8,2",7
Hi Valencia Cánovas,4312120,NA,Valencia,1,1,€ 160,2019/08/13,2019/08/14,0,9,7
Palacio de Rojas,1073276,NA,Valencia,1,1,€ 162,2019/08/13,2019/08/14,0,"9,4",7
Valenciaflats Ciudad de las Ciencias,93676,NA,Valencia,1,1,€ 165,2019/08/13,2019/08/14,0,"9,1",7
Vincci Mercat,1279484,NA,Valencia,1,1,€ 170,2019/08/13,2019/08/14,4,9,7
Mon Suites San Nicolas,4117225,NA,Valencia,1,1,€ 175,2019/08/13,2019/08/14,0,"9,1",7
Palau de Palomar,471283,NA,Valencia,1,1,€ 175,2019/08/13,2019/08/14,0,"9,1",7
Mon Suites San Martin,2777545,NA,Valencia,1,1,€ 175,2019/08/13,2019/08/14,0,"9,4",7
Apartamentos Edificio Palomar,189277,NA,Valencia,1,1,€ 185,2019/08/13,2019/08/14,0,"9,2",7
One Shot Mercat 09,2274203,NA,Valencia,1,1,€ 189,2019/08/13,2019/08/14,4,"9,1",7
Hogar Vera Apartments&Bikes,1807919,NA,Valencia,1,1,€ 192,2019/08/13,2019/08/14,0,"9,4",7
Caro Hotel,348132,NA,Valencia,1,1,€ 229,2019/08/13,2019/08/14,5,"9,2",7
Zerka Sendra,4657122,Apartamento,Valencia,1,1,€ 318,2019/08/13,2019/08/14,0,9,7
Las Arenas Balneario Resort,91144,NA,Valencia,1,1,€ 360,2019/08/13,2019/08/14,5,9,7
CÓMODAS HABITACIONES CERCA DE LA PLAYA,5041799,NA,Valencia,1,1,NA,2019/08/13,2019/08/14,0,"9,5",7
MD Julio Antonio Apartment Center,3961049,Apartamento,Valencia,1,1,€ 385,2019/08/13,2019/08/14,0,"9,2",7
Old Fisherman's House in Malvarrosa Beach,3618172,Apartamento,Valencia,1,1,€ 612,2019/08/13,2019/08/14,0,"9,4",7
The River Hostel,494202,NA,Valencia,1,1,€ 34,2019/08/13,2019/08/14,0,"8,5",7
Russafa Youth Hostel,345134,NA,Valencia,1,1,€ 59,2019/08/13,2019/08/14,0,"8,6",7
Homestay Carrer Sagun,5006434,NA,Valencia,1,1,€ 60,2019/08/13,2019/08/14,0,"8,7",7
7 Moons Bed & Breakfast,464187,NA,Valencia,1,1,€ 71,2019/08/13,2019/08/14,0,"8,5",7
Ciudad Ciencias- Lujo- Parking- Wi-Fi.,4999636,Apartamento,Valencia,1,1,NA,2019/08/13,2019/08/14,0,"9,8",7
UNIK. Apartments Valencia,2241282,Apartamentos,Valencia,1,1,€ 75,2019/08/13,2019/08/14,0,"8,5",7
Melia Valencia,290493,NA,Valencia,1,1,€ 77,2019/08/13,2019/08/14,4,"8,8",7
ABCyou Bed&Breakfast,189207,NA,Valencia,1,1,€ 79,2019/08/13,2019/08/14,0,"8,5",7
Casa del Patriarca,364834,NA,Valencia,1,1,€ 81,2019/08/13,2019/08/14,0,"8,9",7
Colegio Mayor La Concepción,626558,NA,Valencia,1,1,€ 81,2019/08/13,2019/08/14,0,"8,7",7
Suites by Eric Olsan (Florista),4726450,Apartamentos,Valencia,1,1,€ 84,2019/08/13,2019/08/14,0,"8,6",7
ÁTICO EN EL CENTRO DE VALENCIA VT-45939-T,4752815,Apartamento,Valencia,1,1,NA,2019/08/13,2019/08/14,0,"9,5",7
Home Youth Hostel by Feetup Hostels,189322,NA,Valencia,1,1,€ 85,2019/08/13,2019/08/14,0,"8,8",7
Hotel El Siglo,1741479,NA,Valencia,1,1,€ 87,2019/08/13,2019/08/14,3,"8,5",7
AC Hotel Valencia- a Marriott Lifestyle Hotel,91063,NA,Valencia,1,1,€ 89,2019/08/13,2019/08/14,4,"8,6",7
Center Venezuela Apartments,4459021,Apartamentos,Valencia,1,1,€ 89,2019/08/13,2019/08/14,0,"8,5",7
El Palacete Gran Via,3483148,NA,Valencia,1,1,€ 89,2019/08/13,2019/08/14,0,"8,7",7
Hotel Valencia Oceanic Managed by Melia Hotels International,91522,NA,Valencia,1,1,€ 98,2019/08/13,2019/08/14,4,"8,6",7
Cozy en Blanch. Center,4751079,Apartamento,Valencia,1,1,NA,2019/08/13,2019/08/14,0,"9,7",7
Ad Hoc Carmen,1173270,NA,Valencia,1,1,€ 99,2019/08/13,2019/08/14,2,"8,9",7
Hotel Dimar,90886,NA,Valencia,1,1,€ 99,2019/08/13,2019/08/14,4,"8,7",7
Quart Youth Hostel,476418,NA,Valencia,1,1,€ 100,2019/08/13,2019/08/14,0,"8,7",7
Welcomer Apartments Valencia,19363,Apartamentos,Valencia,1,1,€ 102,2019/08/13,2019/08/14,0,"8,6",7
Ad Hoc Monumental,90719,NA,Valencia,1,1,€ 104,2019/08/13,2019/08/14,3,"8,6",7
Hotel Malcom and Barret,483261,NA,Valencia,1,1,€ 105,2019/08/13,2019/08/14,3,"8,7",7
VALENCIA APARTAMENTO GOYA GRAN TERRAZA,4660558,Apartamento,Valencia,1,1,NA,2019/08/13,2019/08/14,0,"9,9",7
Soho Valencia,1538641,Apartahotel,Valencia,1,1,€ 109,2019/08/13,2019/08/14,0,"8,9",7
Hotel Kramer,91106,NA,Valencia,1,1,€ 110,2019/08/13,2019/08/14,3,"8,8",7
Les flors,3985046,Apartamento,Valencia,1,1,€ 110,2019/08/13,2019/08/14,0,"8,8",7
Vincci Palace,94163,NA,Valencia,1,1,€ 110,2019/08/13,2019/08/14,4,"8,6",7
Citizentral Gascons,332095,Apartamentos,Valencia,1,1,€ 110,2019/08/13,2019/08/14,0,"8,7",7
Blanq Carmen Hotel,97069,NA,Valencia,1,1,€ 113,2019/08/13,2019/08/14,3,"8,7",7
Casa Vich,4457634,Apartamento,Valencia,1,1,NA,2019/08/13,2019/08/14,0,"9,6",7
Hotel Mediterraneo Valencia,92412,NA,Valencia,1,1,€ 113,2019/08/13,2019/08/14,3,"8,8",7
Casual Vintage Valencia,1710241,NA,Valencia,1,1,€ 114,2019/08/13,2019/08/14,2,"8,5",7
Lotelito,570027,NA,Valencia,1,1,€ 115,2019/08/13,2019/08/14,0,"8,9",7
AC Hotel Colon Valencia- a Marriott Lifestyle Hotel,1117150,NA,Valencia,1,1,€ 116,2019/08/13,2019/08/14,4,"8,6",7
Hotel San Lorenzo Boutique,1307718,NA,Valencia,1,1,€ 117,2019/08/13,2019/08/14,3,"8,6",7
One Shot Palacio Reina Victoria 04,90885,NA,Valencia,1,1,€ 119,2019/08/13,2019/08/14,4,"8,6",7
Boutique Creative Rooms,2334726,NA,Valencia,1,1,€ 119,2019/08/13,2019/08/14,0,"8,7",7
Sercotel Sorolla Palace,93646,NA,Valencia,1,1,€ 119,2019/08/13,2019/08/14,4,"8,6",7
Petit Palace Plaza de la Reina,90443,NA,Valencia,1,1,€ 119,2019/08/13,2019/08/14,3,"8,7",7
Rooms Ciencias,94126,NA,Valencia,1,1,€ 120,2019/08/13,2019/08/14,0,"8,9",7
Barceló Valencia,91988,NA,Valencia,1,1,€ 120,2019/08/13,2019/08/14,4,"8,7",7
Zenit Valencia,92327,NA,Valencia,1,1,€ 123,2019/08/13,2019/08/14,4,"8,8",7
Perla Apartments,3146781,Apartamentos,Valencia,1,1,€ 126,2019/08/13,2019/08/14,0,"8,8",7
Jardín Botánico Hotel Boutique,93369,NA,Valencia,1,1,€ 128,2019/08/13,2019/08/14,3,"8,9",7
Vincci Lys,91183,NA,Valencia,1,1,€ 129,2019/08/13,2019/08/14,4,"8,9",7
ValentiaApartments - MercadoCentral,4185241,Apartamentos,Valencia,1,1,€ 130,2019/08/13,2019/08/14,0,"8,7",7
Zaidia Sunny Apartment,4727219,Apartamento,Valencia,1,1,€ 130,2019/08/13,2019/08/14,0,"8,6",7
Valenciaflats Mercado Central,307677,Apartamentos,Valencia,1,1,€ 130,2019/08/13,2019/08/14,0,"8,9",7
