name,propertyId,propertyType,city,rooms,days,price,checkIn,checkOut,stars,score,advance
RAVALENCIA 4,3377937,Apartamento,Valencia,1,1,€ 124,2019/10/27,2019/10/28,0,,60
CASA MARQUES DE CARO,4472176,Apartamento,Valencia,1,1,€ 139,2019/10/27,2019/10/28,0,,60
Casual Socarrat Valencia,5142800,NA,Valencia,1,1,NA,2019/10/27,2019/10/28,3,"9,3",60
Atico Loft Torres de Quart,4152620,Apartamento,Valencia,1,1,€ 140,2019/10/27,2019/10/28,0,,60
Casa Adosada Quintero,5481770,Casa o chalet,Valencia,1,1,€ 164,2019/10/27,2019/10/28,0,,60
Apartamento con terraza,5238122,Apartahotel,Valencia,1,1,€ 240,2019/10/27,2019/10/28,0,,60
"Flat ""Ca Alexandre""",3687859,Apartamento,Valencia,1,1,€ 240,2019/10/27,2019/10/28,0,,60
SORNELLS-RUZAFA,3671921,Apartamentos,Valencia,1,1,€ 250,2019/10/27,2019/10/28,0,,60
Apartment Carrer de Don Juan de Austria,5464038,Apartamentos,Valencia,1,1,€ 356,2019/10/27,2019/10/28,0,,60
SingularStays Plaza Redonda,1551343,Apartamento,Valencia,1,1,NA,2019/10/27,2019/10/28,0,"9,2",60
Governor Residence,3799760,Apartahotel,Valencia,1,1,€ 600,2019/10/27,2019/10/28,0,,60
Apartment Carrer de Cadis,5531328,Apartamentos,Valencia,1,1,€ 648,2019/10/27,2019/10/28,0,,60
MD PASEO RUZAFA CENTER,5374850,Apartamento,Valencia,1,1,€ 1.020,2019/10/27,2019/10/28,0,,60
Gulet Why Not,5199364,NA,Valencia,1,1,€ 3.000,2019/10/27,2019/10/28,0,,60
central station valencia,2414838,Apartamentos,Valencia,1,1,€ 65,2019/10/27,2019/10/28,0,7,60
Cosy Rooms Bolsería,371606,NA,Valencia,1,1,€ 68,2019/10/27,2019/10/28,2,"7,4",60
City Center Atico 360,3025679,Apartamento,Valencia,1,1,NA,2019/10/27,2019/10/28,0,"9,6",60
Almiserat,3054886,Apartamento,Valencia,1,1,€ 70,2019/10/27,2019/10/28,0,7,60
Apartment Horticultor Bosch,1148669,Apartamento,Valencia,1,1,€ 70,2019/10/27,2019/10/28,0,"7,3",60
HOSTAL BED OF THE SEA,3974636,NA,Valencia,1,1,€ 72,2019/10/27,2019/10/28,0,"7,1",60
NWT Monserrat,3728842,Apartamentos,Valencia,1,1,€ 72,2019/10/27,2019/10/28,0,7,60
Centro Valencia Calle Cerrajeros,3476261,NA,Valencia,1,1,€ 75,2019/10/27,2019/10/28,0,"7,1",60
Valencia Apartments,4367788,Apartamentos,Valencia,1,1,€ 78,2019/10/27,2019/10/28,0,"7,2",60
Barracart Apartments,2125836,Apartamentos,Valencia,1,1,NA,2019/10/27,2019/10/28,0,"9,6",60
Malvarrosa Beach Rooms,314048,NA,Valencia,1,1,€ 80,2019/10/27,2019/10/28,2,"7,1",60
SHF Sevilla Loft,850157,Apartamentos,Valencia,1,1,€ 80,2019/10/27,2019/10/28,0,"7,4",60
Valencia Apartmans El Carmen,847910,Apartamentos,Valencia,1,1,€ 83,2019/10/27,2019/10/28,0,"7,4",60
Lujoso Apartamento En El Carmen,2814452,Apartamento,Valencia,1,1,€ 88,2019/10/27,2019/10/28,0,"7,4",60
Guest House Samuel Ros,4161855,NA,Valencia,1,1,€ 90,2019/10/27,2019/10/28,0,"7,3",60
La Casa dei Fiori,2849727,Apartamento,Valencia,1,1,€ 92,2019/10/27,2019/10/28,0,"7,1",60
Apartments Torres de Serranos Valencia,1099602,Apartamentos,Valencia,1,1,NA,2019/10/27,2019/10/28,0,"9,6",60
Cosy Rooms Embajador,369728,NA,Valencia,1,1,€ 94,2019/10/27,2019/10/28,2,"7,4",60
Bonito Apartamento en Valencia!!,4333493,Apartamento,Valencia,1,1,€ 103,2019/10/27,2019/10/28,0,"7,1",60
Accommodation Beach Apartments,1001766,Apartamentos,Valencia,1,1,€ 120,2019/10/27,2019/10/28,0,"7,1",60
Miresa flats,5300418,Apartamento,Valencia,1,1,€ 125,2019/10/27,2019/10/28,0,7,60
Select Home Catedral,440778,Apartamentos,Valencia,1,1,€ 170,2019/10/27,2019/10/28,0,"7,1",60
Best Valencia Beach Flat,3246772,Apartamento,Valencia,1,1,€ 192,2019/10/27,2019/10/28,0,"7,1",60
Bubuflats Bubu 3,1014334,Apartamento,Valencia,1,1,NA,2019/10/27,2019/10/28,0,"9,6",60
Apartamento para 10 personas,5029963,Apartamento,Valencia,1,1,€ 200,2019/10/27,2019/10/28,0,"7,3",60
MD Puerto Rico Apartment Ruzafa,3737151,Apartamento,Valencia,1,1,€ 329,2019/10/27,2019/10/28,0,"7,4",60
PISO ACOGEDOR,4995780,NA,Valencia,1,1,€ 50,2019/10/27,2019/10/28,0,"6,9",60
Geography and Arts.,3569110,NA,Valencia,1,1,€ 60,2019/10/27,2019/10/28,0,"6,8",60
Loft Central Market - Tapas,3187998,Apartamentos,Valencia,1,1,€ 93,2019/10/27,2019/10/28,0,"6,5",60
Fun and Sun Center 2,2944416,NA,Valencia,1,1,€ 36,2019/10/27,2019/10/28,0,"6,1",60
ApartUP Patacona Deluxe,2565246,Apartamento,Valencia,1,1,NA,2019/10/27,2019/10/28,0,"9,6",60
Casita Esmeralda,2040126,Casa o chalet,Valencia,1,1,€ 114,2019/10/27,2019/10/28,0,"6,4",60
Oliver,4865093,NA,Valencia,1,1,€ 25,2019/10/27,2019/10/28,0,"5,6",60
Ruzafa Guesthouse,2269176,NA,Valencia,1,1,€ 33,2019/10/27,2019/10/28,0,"5,6",60
Carrer del Bisbe Jaume Pérez,4900140,NA,Valencia,1,1,€ 60,2019/10/27,2019/10/28,0,"5,8",60
Guesthouse Plaza de Toros,2985902,NA,Valencia,1,1,€ 33,2019/10/27,2019/10/28,0,"4,9",60
Port of Valencia,3805735,Apartamento,Valencia,1,1,€ 79,2019/10/27,2019/10/28,0,"4,7",60
Kasa Katia Eco Guest House,636256,NA,Valencia,1,1,NA,2019/10/27,2019/10/28,0,"9,4",60
Apartamento Islas Canarias,2304086,Apartamento,Valencia,1,1,€ 71,2019/10/27,2019/10/28,0,"3,9",60
Malvarosa,3820590,Apartamento,Valencia,1,1,€ 120,2019/10/27,2019/10/28,0,"3,9",60
Constitucion Guesthouse,2985942,NA,Valencia,1,1,€ 30,2019/10/27,2019/10/28,0,"3,4",60
Amplia habitación en piso compartido,5433175,NA,Valencia,1,1,€ 40,2019/10/27,2019/10/28,0,,60
Rooms El Picolino,5326859,NA,Valencia,1,1,€ 52,2019/10/27,2019/10/28,0,,60
Florista's Rooms en Valencia,5502152,NA,Valencia,1,1,€ 60,2019/10/27,2019/10/28,0,,60
vosotros sereis parte de mi familia.,5299568,NA,Valencia,1,1,€ 60,2019/10/27,2019/10/28,0,,60
LOFT apartamento duplex en Valencia con parking,5519008,Apartamento,Valencia,1,1,€ 60,2019/10/27,2019/10/28,0,,60
Apartamento cerca de la playa y de la ciudad,3372933,Apartamento,Valencia,1,1,€ 64,2019/10/27,2019/10/28,0,,60
Magnífico Adosado- cerca de Valencia ciudad- en zona de montaña y playa fluvial,5354233,Casa o chalet,Valencia,1,1,€ 64,2019/10/27,2019/10/28,0,,60
Petxina78 Valencia,5503912,Apartamento,Valencia,1,1,€ 66,2019/10/27,2019/10/28,0,,60
Comfort Homestay,5423155,NA,Valencia,1,1,€ 67,2019/10/27,2019/10/28,0,,60
Mi casa es vuestra casa,4967097,NA,Valencia,1,1,€ 70,2019/10/27,2019/10/28,0,,60
Hogar Dulce Hogar,5426607,NA,Valencia,1,1,€ 70,2019/10/27,2019/10/28,0,,60
Habitación en Valencia,5477394,NA,Valencia,1,1,€ 72,2019/10/27,2019/10/28,0,,60
Loft Turia Gran,5133726,Apartamento,Valencia,1,1,€ 80,2019/10/27,2019/10/28,0,,60
Original Domino House,5434091,NA,Valencia,1,1,€ 87,2019/10/27,2019/10/28,0,,60
Apartamento Centrico Y Muy Bien Ubicado,4800241,Apartamento,Valencia,1,1,€ 101,2019/10/27,2019/10/28,0,,60
Rooms Ciencias,94126,NA,Valencia,1,1,€ 77,2019/10/27,2019/10/28,0,"8,9",60
Casa de la Reina,5394089,NA,Valencia,1,1,€ 80,2019/10/27,2019/10/28,0,"8,7",60
Luxury Center Plaza Redonda,5138960,Apartamento,Valencia,1,1,NA,2019/10/27,2019/10/28,0,"9,8",60
Ad Hoc Carmen,1173270,NA,Valencia,1,1,€ 81,2019/10/27,2019/10/28,2,"8,9",60
Hotel Kramer,91106,NA,Valencia,1,1,€ 81,2019/10/27,2019/10/28,3,"8,8",60
Jardín Botánico Hotel Boutique,93369,NA,Valencia,1,1,€ 81,2019/10/27,2019/10/28,3,"8,9",60
Hotel El Siglo,1741479,NA,Valencia,1,1,€ 81,2019/10/27,2019/10/28,3,"8,5",60
One Shot Colón 46,1394168,NA,Valencia,1,1,€ 81,2019/10/27,2019/10/28,3,"8,7",60
Hotel Dimar,90886,NA,Valencia,1,1,€ 81,2019/10/27,2019/10/28,4,"8,7",60
Apartment Cabanyal,3172456,Apartamento,Valencia,1,1,NA,2019/10/27,2019/10/28,0,"9,8",60
Blanq Carmen Hotel,97069,NA,Valencia,1,1,€ 81,2019/10/27,2019/10/28,3,"8,7",60
Suites by Eric Olsan (Florista),4726450,Apartamentos,Valencia,1,1,€ 82,2019/10/27,2019/10/28,0,"8,6",60
Lotelito,570027,NA,Valencia,1,1,€ 82,2019/10/27,2019/10/28,0,"8,9",60
B&B Hi Valencia Boutique,1301725,NA,Valencia,1,1,€ 83,2019/10/27,2019/10/28,0,"8,7",60
València Centre Torres de Quart,886289,Apartamentos,Valencia,1,1,€ 85,2019/10/27,2019/10/28,0,"8,9",60
Hotel Beleret,94652,NA,Valencia,1,1,€ 42,2019/10/27,2019/10/28,3,"7,6",60
Valencia City Host,1177077,NA,Valencia,1,1,€ 44,2019/10/27,2019/10/28,0,"7,8",60
Valencia center,3168460,Apartamento,Valencia,1,1,NA,2019/10/27,2019/10/28,0,"9,8",60
Voyagers Inn Homestay,2682156,NA,Valencia,1,1,€ 46,2019/10/27,2019/10/28,0,"7,8",60
Casual de la Música Valencia,273130,NA,Valencia,1,1,€ 46,2019/10/27,2019/10/28,2,"7,5",60
Hostal On Dormire Valencia,432305,NA,Valencia,1,1,€ 48,2019/10/27,2019/10/28,0,"7,8",60
OYO Pensión El Rincón,476031,NA,Valencia,1,1,€ 50,2019/10/27,2019/10/28,1,"7,7",60
Apartamentos Adressadors,1743173,Apartamentos,Valencia,1,1,€ 50,2019/10/27,2019/10/28,0,"7,8",60
Apartamentos Abastos,1044426,Apartamentos,Valencia,1,1,€ 50,2019/10/27,2019/10/28,0,"7,5",60
PORT VALENCIA PLAYA,5259971,Apartamento,Valencia,1,1,NA,2019/10/27,2019/10/28,0,"9,7",60
Casual Civilizaciones Valencia,449777,NA,Valencia,1,1,€ 52,2019/10/27,2019/10/28,0,"7,9",60
Sercotel Sorolla Palace,93646,NA,Valencia,1,1,€ 86,2019/10/27,2019/10/28,4,"8,6",60
Apartamento Forn dels Apòstols,3122008,Apartamento,Valencia,1,1,NA,2019/10/27,2019/10/28,0,"9,6",60
Hotel San Lorenzo Boutique,1307718,NA,Valencia,1,1,€ 88,2019/10/27,2019/10/28,3,"8,6",60
Petit Palomar,2187491,Apartamentos,Valencia,1,1,€ 89,2019/10/27,2019/10/28,0,"8,9",60
BUBUFLATS / Mercat,783206,Apartamentos,Valencia,1,1,€ 90,2019/10/27,2019/10/28,0,"8,9",60
Melia Valencia,290493,NA,Valencia,1,1,€ 90,2019/10/27,2019/10/28,4,"8,8",60
SKY TOURISTIC ATTIC,281640,Apartamentos,Valencia,1,1,€ 90,2019/10/27,2019/10/28,0,"8,5",60
Habitación doble,3599930,NA,Valencia,1,1,€ 90,2019/10/27,2019/10/28,0,"8,9",60
City Center Atico 360,3025679,Apartamento,Valencia,1,1,NA,2019/10/27,2019/10/28,0,"9,6",60
Habitación cerca del centro,2789581,NA,Valencia,1,1,€ 52,2019/10/27,2019/10/28,0,"7,6",60
Habitacion por dias Centro Valencia,3977106,NA,Valencia,1,1,€ 55,2019/10/27,2019/10/28,0,"7,9",60
Cosy Rooms Tapinería,371192,NA,Valencia,1,1,€ 56,2019/10/27,2019/10/28,2,"7,5",60
Expo Hotel Valencia,91223,NA,Valencia,1,1,€ 57,2019/10/27,2019/10/28,3,"7,6",60
Hotel Turia,14441,NA,Valencia,1,1,€ 59,2019/10/27,2019/10/28,4,"7,5",60
AMAZING HOUSE- BEST LOCATION!,4728031,Apartamento,Valencia,1,1,NA,2019/10/27,2019/10/28,0,"9,7",60
B&B Hotel Valencia Ciudad de las Ciencias,92242,NA,Valencia,1,1,€ 62,2019/10/27,2019/10/28,3,"7,5",60
United Colors of Studios - Mercado Central,2574108,Apartamentos,Valencia,1,1,€ 64,2019/10/27,2019/10/28,0,"7,9",60
Jero Rooms,296743,NA,Valencia,1,1,€ 66,2019/10/27,2019/10/28,0,"7,7",60
Ilunion Valencia 3,92818,NA,Valencia,1,1,€ 67,2019/10/27,2019/10/28,3,"7,9",60
City Center Apartments,4426057,Apartamentos,Valencia,1,1,€ 68,2019/10/27,2019/10/28,0,"7,8",60
Alex Apartment,1756374,Apartamento,Valencia,1,1,€ 75,2019/10/27,2019/10/28,0,"7,8",60
Apartamento Frederick “Centrico y con Clase”,4236394,Apartamento,Valencia,1,1,NA,2019/10/27,2019/10/28,0,"9,7",60
El 16 Ruzafa,865461,Apartamentos,Valencia,1,1,€ 79,2019/10/27,2019/10/28,0,"7,7",60
Patacona Green Flats,292996,Apartamentos,Valencia,1,1,€ 81,2019/10/27,2019/10/28,0,"7,6",60
Torres Quart,3702234,Apartamentos,Valencia,1,1,€ 83,2019/10/27,2019/10/28,0,"7,7",60
Suites by Eric Olsan (Peset),4726296,Apartamentos,Valencia,1,1,€ 83,2019/10/27,2019/10/28,0,"7,6",60
Suites by Eric Olsan (L),4287413,Apartamentos,Valencia,1,1,€ 83,2019/10/27,2019/10/28,0,"7,5",60
Plaza Sainetero 5,3148458,Apartamento,Valencia,1,1,€ 93,2019/10/27,2019/10/28,0,"7,8",60
Apartment Cabanyal,3172456,Apartamento,Valencia,1,1,NA,2019/10/27,2019/10/28,0,"9,8",60
Apartamento Angel Alcazar 35,2174625,Apartamento,Valencia,1,1,€ 95,2019/10/27,2019/10/28,0,"7,5",60
City of Arts & Spa Apartment,4820684,Apartamento,Valencia,1,1,€ 100,2019/10/27,2019/10/28,0,"7,8",60
MyHomestay,2921259,NA,Valencia,1,1,€ 105,2019/10/27,2019/10/28,0,"7,6",60
Apartamento Alguer,4005334,Apartamento,Valencia,1,1,€ 105,2019/10/27,2019/10/28,0,"7,5",60
Art of Dance Apartment Valencia,3732969,Apartamento,Valencia,1,1,€ 105,2019/10/27,2019/10/28,0,"7,7",60
Apartment Florista,2150187,Apartamento,Valencia,1,1,€ 105,2019/10/27,2019/10/28,0,"7,9",60
Apartamento Forn dels Apòstols,3122008,Apartamento,Valencia,1,1,NA,2019/10/27,2019/10/28,0,"9,6",60
Valenciaflats Mercado Central,307677,Apartamentos,Valencia,1,1,€ 91,2019/10/27,2019/10/28,0,"8,9",60
Petit Palace Ruzafa,90792,NA,Valencia,1,1,€ 94,2019/10/27,2019/10/28,3,"8,7",60
Perla Apartments,3146781,Apartamentos,Valencia,1,1,€ 95,2019/10/27,2019/10/28,0,"8,7",60
New Trendy apartment,2426154,Apartamento,Valencia,1,1,€ 95,2019/10/27,2019/10/28,0,"8,7",60
Casual Vintage Valencia,1710241,NA,Valencia,1,1,€ 95,2019/10/27,2019/10/28,2,"8,6",60
Boutique Creative Rooms,2334726,NA,Valencia,1,1,€ 99,2019/10/27,2019/10/28,0,"8,7",60
La Casa Verde - Ruzafa,2029143,Apartamento,Valencia,1,1,NA,2019/10/27,2019/10/28,0,"9,7",60
El Palacete Gran Via,3483148,NA,Valencia,1,1,€ 99,2019/10/27,2019/10/28,0,"8,9",60
Catalonia Excelsior,90578,NA,Valencia,1,1,€ 100,2019/10/27,2019/10/28,3,"8,7",60
Biopark View Apartment,2381901,Apartamento,Valencia,1,1,€ 103,2019/10/27,2019/10/28,0,"8,9",60
Hotel Valencia Oceanic Managed by Melia Hotels International,91522,NA,Valencia,1,1,€ 104,2019/10/27,2019/10/28,4,"8,6",60
Valencian Apartment,2298621,Apartamento,Valencia,1,1,€ 104,2019/10/27,2019/10/28,0,"8,8",60
Melia Plaza Valencia,13270,NA,Valencia,1,1,€ 105,2019/10/27,2019/10/28,4,"8,9",60
Luxury Beach House,3602594,Casa o chalet,Valencia,1,1,NA,2019/10/27,2019/10/28,0,"9,7",60
Primus Valencia,331871,NA,Valencia,1,1,€ 79,2019/10/27,2019/10/28,4,"8,3",60
Senator Parque Central Hotel,274963,NA,Valencia,1,1,€ 79,2019/10/27,2019/10/28,4,"8,1",60
APARTAMENTO DE DISEÑO EN PLAZA MANISES,2823390,Apartamento,Valencia,1,1,NA,2019/10/27,2019/10/28,0,"9,7",60
Apartment Plaza de la Merced,3457190,Apartamento,Valencia,1,1,€ 110,2019/10/27,2019/10/28,0,"7,9",60
STYLISH APARTMENT - CITY CENTER,2861517,Apartamento,Valencia,1,1,€ 114,2019/10/27,2019/10/28,0,"7,7",60
Loft el Carmen amazing views,4932621,Apartamento,Valencia,1,1,€ 182,2019/10/27,2019/10/28,0,"7,9",60
Apartment Valencia,348555,Apartamentos,Valencia,1,1,€ 192,2019/10/27,2019/10/28,0,"7,8",60
Friendly Rentals Danna,1634254,Apartamento,Valencia,1,1,€ 195,2019/10/27,2019/10/28,0,"7,7",60
BUBUFLATS Mossén,1141763,Apartamentos,Valencia,1,1,€ 110,2019/10/27,2019/10/28,0,"8,9",60
Ad Hoc Monumental,90719,NA,Valencia,1,1,€ 111,2019/10/27,2019/10/28,3,"8,6",60
Zenit Valencia,92327,NA,Valencia,1,1,€ 113,2019/10/27,2019/10/28,4,"8,8",60
casa a 800 metros de la playa de Las Arenas,3741421,Apartamento,Valencia,1,1,€ 115,2019/10/27,2019/10/28,0,"8,9",60
Les flors,3985046,Apartamento,Valencia,1,1,€ 116,2019/10/27,2019/10/28,0,"8,6",60
Petit Palace Plaza de la Reina,90443,NA,Valencia,1,1,€ 116,2019/10/27,2019/10/28,3,"8,7",60
Nanit Valencia Hostel,3913497,NA,Valencia,1,1,€ 80,2019/10/27,2019/10/28,0,"8,3",60
Coroa Malvarrosa,1638172,Apartamentos,Valencia,1,1,€ 81,2019/10/27,2019/10/28,0,"8,2",60
Ilunion Valencia 4,754329,NA,Valencia,1,1,€ 84,2019/10/27,2019/10/28,4,8,60
Valencia Luxury Attics Ayuntamiento,337092,Apartamentos,Valencia,1,1,€ 220,2019/10/27,2019/10/28,0,"7,5",60
MD Art Apartment Ruzafa,2550955,Apartamento,Valencia,1,1,€ 291,2019/10/27,2019/10/28,0,"7,6",60
MD Pelayo with terrace,1979067,Apartamento,Valencia,1,1,€ 291,2019/10/27,2019/10/28,0,"7,8",60
MD Oliag I Apartment Ruzafa,2867488,Apartamento,Valencia,1,1,€ 375,2019/10/27,2019/10/28,0,"7,7",60
Casual de las Artes Valencia,538056,NA,Valencia,1,1,€ 85,2019/10/27,2019/10/28,3,"8,4",60
Valenciaflats Torres de Serrano,17468,Apartamentos,Valencia,1,1,€ 87,2019/10/27,2019/10/28,0,"8,3",60
NH Ciudad de Valencia,90729,NA,Valencia,1,1,€ 87,2019/10/27,2019/10/28,3,"8,1",60
La Casa Verde - Ruzafa,2029143,Apartamento,Valencia,1,1,NA,2019/10/27,2019/10/28,0,"9,7",60
NH Valencia Las Ciencias,90725,NA,Valencia,1,1,€ 89,2019/10/27,2019/10/28,3,8,60
Tryp Valencia Feria,92852,NA,Valencia,1,1,€ 89,2019/10/27,2019/10/28,4,"8,3",60
APARTAMENTO LAS MELLIZAS,4651578,NA,Valencia,1,1,€ 45,2019/10/27,2019/10/28,0,"8,4",60
Homestay Valencia,2597106,NA,Valencia,1,1,€ 90,2019/10/27,2019/10/28,0,"8,1",60
Hostal Waksman,281139,NA,Valencia,1,1,€ 35,2019/10/27,2019/10/28,1,"7,3",60
Ruzafa Rooms,2891693,NA,Valencia,1,1,€ 36,2019/10/27,2019/10/28,0,7,60
feliz como en casa,3676196,NA,Valencia,1,1,€ 36,2019/10/27,2019/10/28,0,"7,2",60
Hostal Residencial RR,450746,NA,Valencia,1,1,€ 40,2019/10/27,2019/10/28,0,7,60
La Flamenca,818359,NA,Valencia,1,1,€ 40,2019/10/27,2019/10/28,0,"7,3",60
HOSPEDAJE PESET,4718074,NA,Valencia,1,1,€ 40,2019/10/27,2019/10/28,0,"7,2",60
Central Station Valencia Hostel,1647017,NA,Valencia,1,1,€ 49,2019/10/27,2019/10/28,0,"7,1",60
Sampedor Apartment,435662,Apartamentos,Valencia,1,1,€ 52,2019/10/27,2019/10/28,0,7,60
Casual del Cine Valencia,572187,NA,Valencia,1,1,€ 119,2019/10/27,2019/10/28,2,"8,6",60
SH Valencia Palace,91497,NA,Valencia,1,1,€ 124,2019/10/27,2019/10/28,5,"8,5",60
One Shot Palacio Reina Victoria 04,90885,NA,Valencia,1,1,€ 127,2019/10/27,2019/10/28,4,"8,6",60
Apartamento Sofia,2552406,Apartamento,Valencia,1,1,€ 130,2019/10/27,2019/10/28,0,"8,6",60
Patacona Beach Apartment,4533678,Apartamento,Valencia,1,1,€ 130,2019/10/27,2019/10/28,0,"8,5",60
Friendly Rentals Ravel I,1634234,Apartamento,Valencia,1,1,€ 130,2019/10/27,2019/10/28,0,"8,8",60
B&B El Mercat,2203530,NA,Valencia,1,1,€ 55,2019/10/27,2019/10/28,0,"7,3",60
Friendly Rentals Brade,1918694,Apartamento,Valencia,1,1,€ 135,2019/10/27,2019/10/28,0,"8,9",60
SH Ingles Boutique Hotel,92956,NA,Valencia,1,1,€ 140,2019/10/27,2019/10/28,4,"8,5",60
Enjoy Flat Valencia,3991548,Apartamentos,Valencia,1,1,€ 140,2019/10/27,2019/10/28,0,"8,6",60
Friendly Rentals Casals,1769176,Apartamento,Valencia,1,1,€ 140,2019/10/27,2019/10/28,0,"8,7",60
ValentiaApartments - MercadoCentral,4185241,Apartamentos,Valencia,1,1,€ 141,2019/10/27,2019/10/28,0,"8,7",60
Hotel Neptuno,91206,NA,Valencia,1,1,€ 144,2019/10/27,2019/10/28,4,"8,5",60
NH Valencia Center,90727,NA,Valencia,1,1,€ 93,2019/10/27,2019/10/28,4,"8,3",60
Holiday Inn Express Ciudad de las Ciencias,96737,NA,Valencia,1,1,€ 96,2019/10/27,2019/10/28,3,8,60
Stay at Valencia Downtown,1840715,Apartamento,Valencia,1,1,NA,2019/10/27,2019/10/28,0,"9,5",60
MD Modern Hotel - Jardines,305447,NA,Valencia,1,1,€ 99,2019/10/27,2019/10/28,1,"8,2",60
Rio Turia Skatehouse,4624602,Apartamento,Valencia,1,1,€ 105,2019/10/27,2019/10/28,0,8,60
Apartamento Privado Próximo a Playa y Ciencias,3783163,Apartamento,Valencia,1,1,€ 110,2019/10/27,2019/10/28,0,"8,1",60
Hotel Valencia Center,91285,NA,Valencia,1,1,€ 111,2019/10/27,2019/10/28,4,"8,4",60
Hotel Conqueridor,91047,NA,Valencia,1,1,€ 117,2019/10/27,2019/10/28,4,"8,4",60
Teixidors de Palomar,2639791,Apartamentos,Valencia,1,1,€ 119,2019/10/27,2019/10/28,0,"9,4",60
Bubuflats Bubu 5,1283519,Apartamento,Valencia,1,1,€ 120,2019/10/27,2019/10/28,0,"9,1",60
Classic Flat Valencia,4245614,Apartamento,Valencia,1,1,NA,2019/10/27,2019/10/28,0,"9,5",60
Sorolla Centro,90896,NA,Valencia,1,1,€ 121,2019/10/27,2019/10/28,3,"9,1",60
One Shot Mercat 09,2274203,NA,Valencia,1,1,€ 127,2019/10/27,2019/10/28,4,"9,1",60
Center City Flats,861452,Apartamentos,Valencia,1,1,€ 128,2019/10/27,2019/10/28,0,"9,1",60
OCEANOGRAFIC APARTMENT. PARKING. WI-FI,3107716,Apartamentos,Valencia,1,1,€ 130,2019/10/27,2019/10/28,0,9,60
Valenciaflats Ciudad de las Ciencias,93676,Apartamentos,Valencia,1,1,€ 133,2019/10/27,2019/10/28,0,"9,1",60
COZY APARTMENT VALENCIA BEACHFRONT!,3128516,Apartamento,Valencia,1,1,€ 140,2019/10/27,2019/10/28,0,"9,4",60
Apartamento luminoso y acogedor,3489126,Apartamento,Valencia,1,1,NA,2019/10/27,2019/10/28,0,"9,5",60
Friendly Rentals Schubert,1634221,Apartamentos,Valencia,1,1,€ 145,2019/10/27,2019/10/28,0,9,60
Hotel Miramar,23332,NA,Valencia,1,1,€ 122,2019/10/27,2019/10/28,2,"8,4",60
Ático En El Corazón De Ruzafa,3832501,Apartamento,Valencia,1,1,NA,2019/10/27,2019/10/28,0,"9,5",60
Zerka Centro,4425975,Apartamentos,Valencia,1,1,€ 129,2019/10/27,2019/10/28,0,"8,4",60
El Coso,14580,NA,Valencia,1,1,€ 130,2019/10/27,2019/10/28,3,"8,2",60
Edificio Pentagono,4673669,Apartamento,Valencia,1,1,€ 145,2019/10/27,2019/10/28,0,"9,1",60
NH Collection Colón Valencia,3828811,NA,Valencia,1,1,€ 148,2019/10/27,2019/10/28,4,"9,2",60
ARENAS 2 APARTAMENT,2808815,Apartamento,Valencia,1,1,€ 150,2019/10/27,2019/10/28,0,"9,1",60
Sweet Caroline Apartment,1811784,Apartamento,Valencia,1,1,€ 150,2019/10/27,2019/10/28,0,"9,2",60
Duplex en Blasco Ibáñez,3672426,Apartamento,Valencia,1,1,€ 155,2019/10/27,2019/10/28,0,"9,1",60
ApartUP Mestalla Home,3300511,Apartamento,Valencia,1,1,NA,2019/10/27,2019/10/28,0,"9,5",60
WeRentVLC Charming Ruzafa,2839319,Apartamento,Valencia,1,1,€ 170,2019/10/27,2019/10/28,0,"9,2",60
Zerka Sendra,4657122,Apartamento,Valencia,1,1,€ 179,2019/10/27,2019/10/28,0,9,60
Las Arenas Balneario Resort,91144,NA,Valencia,1,1,€ 189,2019/10/27,2019/10/28,5,9,60
Eurostars Rey Don Jaime,91520,NA,Valencia,1,1,€ 134,2019/10/27,2019/10/28,4,"8,2",60
Apartamento Obispo don Jerónimo,2079020,Apartamento,Valencia,1,1,€ 135,2019/10/27,2019/10/28,0,"8,2",60
Friendly Rentals ABC,3656596,Apartamento,Valencia,1,1,€ 140,2019/10/27,2019/10/28,0,"8,3",60
Eurostars Gran Valencia,90484,NA,Valencia,1,1,€ 143,2019/10/27,2019/10/28,4,"8,3",60
Luxury Beach House,3602594,Casa o chalet,Valencia,1,1,NA,2019/10/27,2019/10/28,0,"9,7",60
Friendly Rentals Puerto Deportivo,2317861,Apartamentos,Valencia,1,1,€ 150,2019/10/27,2019/10/28,0,"8,2",60
Vincci Mercat,1279484,NA,Valencia,1,1,€ 192,2019/10/27,2019/10/28,4,9,60
MARQUÉS HOUSE 4* SUP,2118880,NA,Valencia,1,1,€ 194,2019/10/27,2019/10/28,4,"9,4",60
Jardines del Turia - Espacioso apartamento,2734126,Apartamento,Valencia,1,1,€ 200,2019/10/27,2019/10/28,0,"9,1",60
Apartamento Bolseria 28,881275,Apartamentos,Valencia,1,1,NA,2019/10/27,2019/10/28,0,"9,5",60
Vivaldi Valencia,427198,Apartamento,Valencia,1,1,€ 208,2019/10/27,2019/10/28,0,"9,2",60
Friendly Rentals Pergolesi,1634240,Apartamento,Valencia,1,1,€ 150,2019/10/27,2019/10/28,0,"8,4",60
Casa los Peces,3234194,Apartamento,Valencia,1,1,€ 154,2019/10/27,2019/10/28,0,"8,3",60
Friendly Rentals Verdi,1634232,Apartamento,Valencia,1,1,€ 160,2019/10/27,2019/10/28,0,"8,2",60
Friendly Rentals Desplat,4120221,Apartamento,Valencia,1,1,€ 180,2019/10/27,2019/10/28,0,"8,3",60
Ilunion Aqua 3,92776,NA,Valencia,1,1,€ 188,2019/10/27,2019/10/28,3,"8,3",60
BONNIES Suites & Spa Valencia,3631910,Apartamentos,Valencia,1,1,NA,2019/10/27,2019/10/28,0,"9,8",60
Caro Hotel,348132,NA,Valencia,1,1,€ 209,2019/10/27,2019/10/28,5,"9,2",60
MYR Hotel Plaza Mercado & Spa,1619029,Apartahotel,Valencia,1,1,€ 228,2019/10/27,2019/10/28,0,"9,2",60
Cozy apartment in Valencia center,3402135,Apartamentos,Valencia,1,1,€ 241,2019/10/27,2019/10/28,0,"9,2",60
MD Design Hotel - Portal del Real,2391685,NA,Valencia,1,1,€ 243,2019/10/27,2019/10/28,2,"9,1",60
MD Julio Antonio Apartment Center,3961049,Apartamento,Valencia,1,1,€ 385,2019/10/27,2019/10/28,0,"9,2",60
Garden Turia Downtown,5201200,Apartamento,Valencia,1,1,NA,2019/10/27,2019/10/28,0,"9,9",60
Pensión Alicante,298710,NA,Valencia,1,1,€ 33,2019/10/27,2019/10/28,0,"8,5",60
Home Youth Hostel by Feetup Hostels,189322,NA,Valencia,1,1,€ 42,2019/10/27,2019/10/28,0,"8,8",60
B&B Almirante,369695,NA,Valencia,1,1,€ 48,2019/10/27,2019/10/28,1,"8,8",60
Homestay Carrer Sagun,5006434,NA,Valencia,1,1,€ 48,2019/10/27,2019/10/28,0,"8,7",60
Hulot B&B Valencia,585429,NA,Valencia,1,1,€ 59,2019/10/27,2019/10/28,0,"8,5",60
Friendly rentals Enesco Beach,2526514,Apartamento,Valencia,1,1,€ 200,2019/10/27,2019/10/28,0,8,60
Friendly Rentals Evans,1634220,Apartamentos,Valencia,1,1,€ 200,2019/10/27,2019/10/28,0,"8,4",60
Vlc Apartaments el Carmen,389902,Apartamentos,Valencia,1,1,€ 220,2019/10/27,2019/10/28,0,"8,2",60
Down Town,1656378,Apartamentos,Valencia,1,1,€ 231,2019/10/27,2019/10/28,0,"8,3",60
Malvarrosa Calle Pavia,3608764,Casa o chalet,Valencia,1,1,€ 271,2019/10/27,2019/10/28,0,"8,1",60
MD Benlliure Beach.,1957258,Apartamento,Valencia,1,1,€ 296,2019/10/27,2019/10/28,0,8,60
NWT Central Station Apartments,3964093,Apartamento,Valencia,1,1,€ 300,2019/10/27,2019/10/28,0,"8,2",60
Musico Peydro Apartments,3765069,Apartamentos,Valencia,1,1,€ 329,2019/10/27,2019/10/28,0,"8,1",60
MD Vila Barbera Apartment Center,1957253,Apartamento,Valencia,1,1,€ 390,2019/10/27,2019/10/28,0,"8,4",60
UP Hostel Valencia,1710137,NA,Valencia,1,1,€ 24,2019/10/27,2019/10/28,0,"7,8",60
Pensión Universal,304276,NA,Valencia,1,1,€ 30,2019/10/27,2019/10/28,0,"7,9",60
Hostal El Cid,309465,NA,Valencia,1,1,€ 34,2019/10/27,2019/10/28,2,"7,6",60
Apart and Benef,2291245,NA,Valencia,1,1,€ 34,2019/10/27,2019/10/28,0,"7,8",60
Hostal Moratin,326015,NA,Valencia,1,1,€ 34,2019/10/27,2019/10/28,1,"7,9",60
Habitación Céntrica en Casa de Familia,4289877,NA,Valencia,1,1,€ 35,2019/10/27,2019/10/28,0,"7,8",60
Adrian's House,2271869,NA,Valencia,1,1,€ 40,2019/10/27,2019/10/28,0,"7,7",60
Habitación San Cayetano,4624401,NA,Valencia,1,1,€ 40,2019/10/27,2019/10/28,0,"7,7",60
Pio XII Apartments Valencia,402080,Apartamentos,Valencia,1,1,€ 60,2019/10/27,2019/10/28,0,"8,5",60
la casita,4333253,Apartamento,Valencia,1,1,NA,2019/10/27,2019/10/28,0,"9,8",60
Namaste Rooms,3799642,NA,Valencia,1,1,€ 60,2019/10/27,2019/10/28,0,"8,7",60
Apartamentos Plaza Picasso,97063,Apartamentos,Valencia,1,1,€ 62,2019/10/27,2019/10/28,0,"8,5",60
Habitacion PLaza Ayuntamiento,4365340,NA,Valencia,1,1,€ 40,2019/10/27,2019/10/28,0,"7,6",60
Host & Home,1663785,NA,Valencia,1,1,€ 63,2019/10/27,2019/10/28,0,"8,9",60
ABCyou Bed&Breakfast,189207,NA,Valencia,1,1,€ 64,2019/10/27,2019/10/28,0,"8,5",60
Balcón Al Mar,295109,NA,Valencia,1,1,€ 65,2019/10/27,2019/10/28,0,"8,5",60
UNIK. Apartments Valencia,2241282,Apartamentos,Valencia,1,1,€ 65,2019/10/27,2019/10/28,0,"8,5",60
Moon Valencia,3560698,Apartamentos,Valencia,1,1,€ 65,2019/10/27,2019/10/28,0,"8,9",60
València Centre Túria,2185255,Apartamento,Valencia,1,1,€ 66,2019/10/27,2019/10/28,0,"8,8",60
Luz de Valencia,2076095,Apartamentos,Valencia,1,1,€ 67,2019/10/27,2019/10/28,0,"8,7",60
Valencia maritimo,3020748,Apartamento,Valencia,1,1,€ 70,2019/10/27,2019/10/28,0,"8,9",60
Hotel Sercotel Acteón Valencia,90495,NA,Valencia,1,1,€ 71,2019/10/27,2019/10/28,4,"8,5",60
Citizentral Gascons,332095,Apartamentos,Valencia,1,1,€ 72,2019/10/27,2019/10/28,0,"8,7",60
Valenciaflats Centro Histórico,94781,Apartamentos,Valencia,1,1,€ 73,2019/10/27,2019/10/28,0,"8,7",60
Soho Valencia,1538641,Apartahotel,Valencia,1,1,€ 74,2019/10/27,2019/10/28,0,"8,9",60
Zalamera BnB,1331238,NA,Valencia,1,1,€ 75,2019/10/27,2019/10/28,0,"8,7",60
Burjassot Mestalla,3058627,Apartamento,Valencia,1,1,€ 75,2019/10/27,2019/10/28,0,"8,6",60
Hotel Malcom and Barret,483261,NA,Valencia,1,1,€ 76,2019/10/27,2019/10/28,3,"8,7",60
Casa del Patriarca,364834,NA,Valencia,1,1,€ 76,2019/10/27,2019/10/28,0,"8,9",60
Friendly Rentals Nyman,3245521,Apartamento,Valencia,1,1,€ 150,2019/10/27,2019/10/28,0,"8,9",60
Friendly Rentals Soler,1634237,Apartamento,Valencia,1,1,€ 155,2019/10/27,2019/10/28,0,"8,7",60
Valencia center,3168460,Apartamento,Valencia,1,1,NA,2019/10/27,2019/10/28,0,"9,8",60
Friendly Rentals Strauss,1634236,Apartamento,Valencia,1,1,€ 155,2019/10/27,2019/10/28,0,"8,8",60
Cathedral Suites Hotel,1736257,Apartahotel,Valencia,1,1,€ 159,2019/10/27,2019/10/28,4,"8,9",60
Friendly Rentals Verdi 2,2523881,Apartamento,Valencia,1,1,€ 160,2019/10/27,2019/10/28,0,"8,6",60
Friendly Rentals Montaner Beach,2314997,Apartamento,Valencia,1,1,€ 170,2019/10/27,2019/10/28,0,"8,9",60
AC Hotel Colon Valencia- a Marriott Lifestyle Hotel,1117150,NA,Valencia,1,1,€ 173,2019/10/27,2019/10/28,4,"8,7",60
Vincci Lys,91183,NA,Valencia,1,1,€ 176,2019/10/27,2019/10/28,4,"8,9",60
Apartments Torres de Serranos Valencia,1099602,Apartamentos,Valencia,1,1,NA,2019/10/27,2019/10/28,0,"9,6",60
Friendly Rentals Ferrero,2314984,Apartamento,Valencia,1,1,€ 180,2019/10/27,2019/10/28,0,"8,6",60
Puerta de Serranos,2734333,Apartamentos,Valencia,1,1,€ 185,2019/10/27,2019/10/28,0,"8,8",60
Vincci Palace,94163,NA,Valencia,1,1,€ 192,2019/10/27,2019/10/28,4,"8,6",60
Casa de Vacaciones Pintor Vilar,2093863,Apartamento,Valencia,1,1,€ 222,2019/10/27,2019/10/28,0,"8,9",60
Ilunion Aqua 4,92777,NA,Valencia,1,1,€ 224,2019/10/27,2019/10/28,4,"8,5",60
Friendly Rentals Vives 2,2523871,Apartamento,Valencia,1,1,€ 235,2019/10/27,2019/10/28,0,"8,5",60
Bubuflats Bubu 3,1014334,Apartamento,Valencia,1,1,NA,2019/10/27,2019/10/28,0,"9,6",60
Hospes Palau de La Mar,93823,NA,Valencia,1,1,€ 238,2019/10/27,2019/10/28,5,"8,8",60
Ca Carmela,2466364,Casa o chalet,Valencia,1,1,€ 250,2019/10/27,2019/10/28,0,"8,9",60
SingularStays Parque Central,3054000,Apartamentos,Valencia,1,1,€ 257,2019/10/27,2019/10/28,0,"8,8",60
Canela`s Vintage Ruzafa Centro,4652584,Apartamento,Valencia,1,1,€ 320,2019/10/27,2019/10/28,0,"8,6",60
Habitacion Barata Valencia,3931013,NA,Valencia,1,1,€ 35,2019/10/27,2019/10/28,0,"8,1",60
Center Valencia Youth Hostel,246931,NA,Valencia,1,1,€ 39,2019/10/27,2019/10/28,0,8,60
City Valencia Beach 360,4504803,Apartamento,Valencia,1,1,NA,2019/10/27,2019/10/28,0,"9,5",60
Purple Nest Hostel,25278,NA,Valencia,1,1,€ 43,2019/10/27,2019/10/28,0,"8,1",60
Red Nest Hostel,92283,NA,Valencia,1,1,€ 44,2019/10/27,2019/10/28,0,"8,2",60
Hostal Abastos,257057,NA,Valencia,1,1,€ 45,2019/10/27,2019/10/28,2,"8,2",60
Habitacion en Valencia Barata,4861796,NA,Valencia,1,1,€ 45,2019/10/27,2019/10/28,0,"8,2",60
B&B Hi Valencia Canovas,305349,NA,Valencia,1,1,€ 47,2019/10/27,2019/10/28,0,"8,4",60
Casa Mati,4217185,NA,Valencia,1,1,€ 50,2019/10/27,2019/10/28,0,"8,1",60
Apartment Plaza Cisneros,1273377,Apartamentos,Valencia,1,1,NA,2019/10/27,2019/10/28,0,"9,8",60
Urban Youth Hostel,1163025,NA,Valencia,1,1,€ 53,2019/10/27,2019/10/28,0,"8,4",60
Como en casa,4802186,NA,Valencia,1,1,€ 54,2019/10/27,2019/10/28,0,"8,1",60
Aparthotel Valencia Rental,17344,Apartahotel,Valencia,1,1,€ 54,2019/10/27,2019/10/28,0,8,60
Hotel Villacarlos,90730,NA,Valencia,1,1,€ 54,2019/10/27,2019/10/28,3,8,60
Dormavalencia Hostel,249585,NA,Valencia,1,1,€ 55,2019/10/27,2019/10/28,1,"8,2",60
Pension MonaLisa Luxury Suites,3834224,NA,Valencia,1,1,€ 56,2019/10/27,2019/10/28,0,"8,2",60
Garden Turia Downtown,5201200,Apartamento,Valencia,1,1,NA,2019/10/27,2019/10/28,0,"9,9",60
Sweet Hotel Renasa,274818,NA,Valencia,1,1,€ 56,2019/10/27,2019/10/28,3,8,60
Hotel Olympia Universidades,1301731,NA,Valencia,1,1,€ 57,2019/10/27,2019/10/28,3,"8,4",60
Dormavalencia Hostel Regne,291755,NA,Valencia,1,1,€ 60,2019/10/27,2019/10/28,1,8,60
L'Otelet By Sweet,1467935,NA,Valencia,1,1,€ 64,2019/10/27,2019/10/28,0,"8,3",60
Up Town,2244083,Apartamentos,Valencia,1,1,€ 64,2019/10/27,2019/10/28,0,"8,3",60
Reina 12,1684198,NA,Valencia,1,1,€ 64,2019/10/27,2019/10/28,0,"8,2",60
Hotel Alkazar,408511,NA,Valencia,1,1,€ 64,2019/10/27,2019/10/28,1,"8,1",60
Sol Playa,12656,NA,Valencia,1,1,€ 68,2019/10/27,2019/10/28,2,"8,3",60
Colors Rooms,675839,NA,Valencia,1,1,€ 40,2019/10/27,2019/10/28,0,"9,5",60
Nest Style Valencia -Nueva apertura-,5219046,NA,Valencia,1,1,€ 76,2019/10/27,2019/10/28,3,"9,8",60
United Colors of Apartments - Catedral,1301545,Apartamentos,Valencia,1,1,€ 69,2019/10/27,2019/10/28,0,"8,2",60
Happy Apartments Valencia – Lope de Vega,575582,Apartamentos,Valencia,1,1,€ 69,2019/10/27,2019/10/28,0,"8,1",60
SHF Flats Baron,1033085,Apartamentos,Valencia,1,1,€ 70,2019/10/27,2019/10/28,0,8,60
VALENCIA APARTAMENTO GOYA,4256653,Apartamento,Valencia,1,1,NA,2019/10/27,2019/10/28,0,10,60
Hostal Antigua Morellana,1273937,NA,Valencia,1,1,€ 80,2019/10/27,2019/10/28,1,"9,5",60
United Colors of Apartments Boutique Style,5372347,Apartamentos,Valencia,1,1,€ 89,2019/10/27,2019/10/28,0,"9,8",60
Hotel Medium Valencia,96838,NA,Valencia,1,1,€ 72,2019/10/27,2019/10/28,4,"8,2",60
Happy Apartments Valencia,456043,Apartamentos,Valencia,1,1,€ 74,2019/10/27,2019/10/28,0,"8,2",60
City Suites Apartments,3091106,NA,Valencia,1,1,€ 74,2019/10/27,2019/10/28,0,"8,4",60
Casa La Buhardilla,2985364,Apartamento,Valencia,1,1,€ 97,2019/10/27,2019/10/28,0,"9,7",60
Valencian Dreams,3268804,Apartamento,Valencia,1,1,€ 97,2019/10/27,2019/10/28,0,"9,8",60
Precioso piso junto al antiguo barrio de Campanar,3297078,Apartamento,Valencia,1,1,€ 100,2019/10/27,2019/10/28,0,"9,5",60
Opera House Valencia B&B,3533887,NA,Valencia,1,1,€ 101,2019/10/27,2019/10/28,0,"9,5",60
Apartamento Frederick “Centrico y con Clase”,4236394,Apartamento,Valencia,1,1,NA,2019/10/27,2019/10/28,0,"9,7",60
Apartments Downtown Valencia,2250421,Apartamentos,Valencia,1,1,€ 105,2019/10/27,2019/10/28,0,"9,6",60
Atico Ciutat Vella,3446230,Apartamentos,Valencia,1,1,€ 75,2019/10/27,2019/10/28,0,"8,4",60
Silken Puerta Valencia,91182,NA,Valencia,1,1,€ 75,2019/10/27,2019/10/28,4,"8,3",60
Ático cerca del mar,4040503,Apartamento,Valencia,1,1,€ 75,2019/10/27,2019/10/28,0,"8,3",60
Apartment Vicent,1674495,Apartamento,Valencia,1,1,€ 75,2019/10/27,2019/10/28,0,"8,2",60
Ramirez Flats & Bar,4124528,Apartahotel,Valencia,1,1,€ 117,2019/10/27,2019/10/28,0,"9,5",60
Ciudad Ciencias- Lujo- Parking- Wi-Fi.,4999636,Apartamento,Valencia,1,1,€ 120,2019/10/27,2019/10/28,0,"9,8",60
15 Avinguda Mare Nostrum,4518973,Apartamento,Valencia,1,1,€ 120,2019/10/27,2019/10/28,0,"9,8",60
Apartamento Playa Wifi Gratis,3495634,Apartamento,Valencia,1,1,€ 120,2019/10/27,2019/10/28,0,"9,7",60
Duplex+Swimming pool+private entrance=Housen of LOVE,2999152,Apartamento,Valencia,1,1,€ 125,2019/10/27,2019/10/28,0,"9,5",60
L'Esplai Valencia Bed & Breakfast,1282556,NA,Valencia,1,1,NA,2019/10/27,2019/10/28,0,"9,6",60
Apartamento centro frente a Torres de Serrano,3408067,Apartamento,Valencia,1,1,€ 130,2019/10/27,2019/10/28,0,"9,5",60
RUZAFA- CENTRO-A/C- WI-FI- PARKING,2885994,Apartamento,Valencia,1,1,€ 140,2019/10/27,2019/10/28,0,"9,7",60
Casa Calle Conquista,4691493,Apartamento,Valencia,1,1,€ 146,2019/10/27,2019/10/28,0,"9,6",60
La seda stay,3335523,Apartamento,Valencia,1,1,€ 175,2019/10/27,2019/10/28,0,"9,7",60
Ca María,3776707,Apartamento,Valencia,1,1,€ 180,2019/10/27,2019/10/28,0,"9,7",60
Cantagua Hostel,4074640,NA,Valencia,1,1,€ 40,2019/10/27,2019/10/28,0,"9,1",60
Olympia Flats,4212801,NA,Valencia,1,1,NA,2019/10/27,2019/10/28,0,"9,7",60
Art&Flats Bed&Breakfast,5238345,NA,Valencia,1,1,€ 45,2019/10/27,2019/10/28,0,"9,2",60
YOU & CO. Saler Beach Boutique,4533007,NA,Valencia,1,1,€ 55,2019/10/27,2019/10/28,3,"9,2",60
Calle de Frederica Montseny 'Política' Casa o chalet,5152866,Casa o chalet,Valencia,1,1,€ 64,2019/10/27,2019/10/28,0,"9,4",60
Blanq Comedias,4922002,NA,Valencia,1,1,€ 68,2019/10/27,2019/10/28,0,"9,3",60
Austria 4,1605997,Apartamentos,Valencia,1,1,€ 69,2019/10/27,2019/10/28,0,9,60
Hostal Venecia,92883,NA,Valencia,1,1,€ 70,2019/10/27,2019/10/28,2,"9,1",60
Hexagonal Design Apartment Valencia,4630643,Apartamento,Valencia,1,1,NA,2019/10/27,2019/10/28,0,"9,5",60
Live in Chianti,2227491,NA,Valencia,1,1,€ 75,2019/10/27,2019/10/28,0,"9,1",60
City Garden Bed and Breakfast,2204361,NA,Valencia,1,1,€ 76,2019/10/27,2019/10/28,0,"9,4",60
Una Ubicacion Perfecta,3114164,Apartamentos,Valencia,1,1,€ 82,2019/10/27,2019/10/28,0,"9,1",60
Hi Valencia Cánovas,4312120,Apartamentos,Valencia,1,1,€ 86,2019/10/27,2019/10/28,0,9,60
Casa tipica en la playa,2532733,Apartamento,Valencia,1,1,€ 87,2019/10/27,2019/10/28,0,"9,2",60
Mon Suites San Nicolas,4117225,Apartamentos,Valencia,1,1,€ 87,2019/10/27,2019/10/28,0,"9,2",60
ÁTICO PTA 13 EN EL CENTRO DE VALENCIA VT-45727-T,4612077,Apartamento,Valencia,1,1,NA,2019/10/27,2019/10/28,0,"9,5",60
RUZAFA. Nice apartment and Terrace.,4368595,Apartamento,Valencia,1,1,€ 88,2019/10/27,2019/10/28,0,"9,3",60
Apartamento cerca de la Playa y el Centro,2620264,Apartamento,Valencia,1,1,€ 88,2019/10/27,2019/10/28,0,9,60
Apartamentos Edificio Palomar,189277,Apartamentos,Valencia,1,1,€ 89,2019/10/27,2019/10/28,0,"9,2",60
Olvida tu Reloj Montichelvo Apartment,3258095,Apartamento,Valencia,1,1,€ 91,2019/10/27,2019/10/28,0,"9,4",60
Citizentral Juristas,1113127,Apartamentos,Valencia,1,1,€ 91,2019/10/27,2019/10/28,0,"9,2",60
Palau de Palomar,471283,Apartamentos,Valencia,1,1,€ 99,2019/10/27,2019/10/28,0,"9,1",60
BUBUSUITES by Bubuflats,2389776,NA,Valencia,1,1,€ 100,2019/10/27,2019/10/28,0,"9,3",60
APARTAMENTO CENTRO- RUZAFA. WI-FI. PARKING,3144104,Apartamento,Valencia,1,1,€ 100,2019/10/27,2019/10/28,0,"9,3",60
Apartamentos Wallace,1698355,Apartamentos,Valencia,1,1,€ 101,2019/10/27,2019/10/28,0,"9,2",60
Valenciaflats Centro Ciudad,18544,Apartamentos,Valencia,1,1,€ 101,2019/10/27,2019/10/28,0,"9,1",60
Mon Suites Catedral,485679,Apartamentos,Valencia,1,1,€ 103,2019/10/27,2019/10/28,0,"9,2",60
Apartamentos La más Bonita,2816245,Apartamentos,Valencia,1,1,€ 104,2019/10/27,2019/10/28,0,"9,1",60
Forn desamparats,2380447,Apartamento,Valencia,1,1,€ 105,2019/10/27,2019/10/28,0,"9,4",60
Hotel Valencia Alameda,4019381,NA,Valencia,1,1,€ 115,2019/10/27,2019/10/28,4,"9,3",60
HQ Rooms Apartments San Vicente,2894429,Apartamentos,Valencia,1,1,€ 115,2019/10/27,2019/10/28,0,"9,3",60
"Piso ""Como en tu casa""",2689136,Apartamento,Valencia,1,1,€ 115,2019/10/27,2019/10/28,0,"9,2",60
Center Valencia,2944722,Casa o chalet,Valencia,1,1,€ 115,2019/10/27,2019/10/28,0,"9,3",60
La casita de Palomar,2132386,Apartamentos,Valencia,1,1,€ 119,2019/10/27,2019/10/28,0,"9,4",60
