name,propertyId,propertyType,city,rooms,days,price,checkIn,checkOut,stars,score,advance
Guest House Torres de Quart,2275006,NA,Valencia,1,1,€ 35,2019/09/04,2019/09/05,0,"5,4",14
Guest House Ruzafa,2324552,NA,Valencia,1,1,€ 45,2019/09/04,2019/09/05,0,"5,3",14
City Center Atico 360,3025679,NA,Valencia,1,1,NA,2019/09/04,2019/09/05,0,"9,6",14
RoomTuristValencia Torres de Quart,4565643,NA,Valencia,1,1,€ 30,2019/09/04,2019/09/05,0,"4,5",14
Guesthouse Plaza de Toros,2985902,NA,Valencia,1,1,€ 33,2019/09/04,2019/09/05,0,"4,9",14
RoomTuristValencia RuzafaSumsi,4682802,NA,Valencia,1,1,€ 40,2019/09/04,2019/09/05,0,"4,8",14
Apartamento Islas Canarias,2304086,NA,Valencia,1,1,€ 71,2019/09/04,2019/09/05,0,4,14
Constitucion Guesthouse,2985942,NA,Valencia,1,1,€ 34,2019/09/04,2019/09/05,0,"3,4",14
Amplia habitación en piso compartido,5433175,NA,Valencia,1,1,€ 40,2019/09/04,2019/09/05,0,,14
APARTAMENTO DE DISEÑO EN PLAZA MANISES,2823390,NA,Valencia,1,1,NA,2019/09/04,2019/09/05,0,"9,7",14
Big sunny room.,5333222,NA,Valencia,1,1,€ 44,2019/09/04,2019/09/05,0,,14
Rooms El Picolino,5326859,NA,Valencia,1,1,€ 52,2019/09/04,2019/09/05,0,,14
LOFT apartamento duplex en Valencia con parking,5519008,NA,Valencia,1,1,€ 56,2019/09/04,2019/09/05,0,,14
Florista's Rooms en Valencia,5502152,NA,Valencia,1,1,€ 60,2019/09/04,2019/09/05,0,,14
vosotros sereis parte de mi familia.,5299568,NA,Valencia,1,1,€ 60,2019/09/04,2019/09/05,0,,14
Comfort Homestay,5423155,NA,Valencia,1,1,€ 69,2019/09/04,2019/09/05,0,,14
Valencia what else...,2550483,NA,Valencia,1,1,NA,2019/09/04,2019/09/05,0,"9,5",14
Hogar Dulce Hogar,5426607,NA,Valencia,1,1,€ 70,2019/09/04,2019/09/05,0,,14
Habitación en Valencia,5477394,NA,Valencia,1,1,€ 72,2019/09/04,2019/09/05,0,,14
Loft Turia Gran,5133726,NA,Valencia,1,1,€ 80,2019/09/04,2019/09/05,0,,14
APARTAMENTO EN LA PLAYA,5503515,NA,Valencia,1,1,€ 85,2019/09/04,2019/09/05,0,,14
Magnífico Adosado- cerca de Valencia ciudad- en zona de montaña y playa fluvial,5354233,NA,Valencia,1,1,€ 88,2019/09/04,2019/09/05,0,,14
casa la tranquilidad,5516825,NA,Valencia,1,1,€ 120,2019/09/04,2019/09/05,0,,14
Apartamento Comedias,2236348,NA,Valencia,1,1,NA,2019/09/04,2019/09/05,0,"9,8",14
Kirei Apartment Dublin,4639542,NA,Valencia,1,1,€ 137,2019/09/04,2019/09/05,0,,14
DREAM APARTMENT NEAR THE BEACH,5162600,NA,Valencia,1,1,€ 170,2019/09/04,2019/09/05,0,,14
Valencia Puerto Beach 3BD Apartment,5249773,NA,Valencia,1,1,€ 173,2019/09/04,2019/09/05,0,,14
AA la Nueva Fe,4377808,NA,Valencia,1,1,€ 176,2019/09/04,2019/09/05,0,,14
Apartamento con terraza,5238122,NA,Valencia,1,1,€ 240,2019/09/04,2019/09/05,0,,14
Calle eugenia viñes 211 Apartamento,5466253,NA,Valencia,1,1,€ 245,2019/09/04,2019/09/05,0,,14
El Corazon de Canovas,2634817,NA,Valencia,1,1,NA,2019/09/04,2019/09/05,0,"9,7",14
beach front house/ frente al mar,5424585,NA,Valencia,1,1,€ 298,2019/09/04,2019/09/05,0,,14
MD PASEO RUZAFA CENTER,5374850,NA,Valencia,1,1,€ 502,2019/09/04,2019/09/05,0,,14
Governor Residence,3799760,NA,Valencia,1,1,€ 600,2019/09/04,2019/09/05,0,,14
Gulet Why Not,5199364,NA,Valencia,1,1,€ 3.600,2019/09/04,2019/09/05,0,,14
One Shot Colón 46,1394168,NA,Valencia,1,1,€ 179,2019/09/04,2019/09/05,3,"8,7",14
Hotel Dimar,90886,NA,Valencia,1,1,€ 185,2019/09/04,2019/09/05,4,"8,7",14
Ambrosio Flats Valencia - El Mercat,3131649,Apartamento,Valencia,1,1,NA,2019/09/04,2019/09/05,0,"9,5",14
Puerta de Serranos,2734333,Apartamentos,Valencia,1,1,€ 185,2019/09/04,2019/09/05,0,"8,8",14
Loft el Carmen amazing views,4932621,Apartamento,Valencia,1,1,€ 172,2019/09/04,2019/09/05,0,"7,9",14
Valencia Luxury Central Market,1078335,Apartamentos,Valencia,1,1,€ 180,2019/09/04,2019/09/05,0,"7,5",14
Casa Botànic - Céntrico y con comodidades,4218273,Apartamento,Valencia,1,1,NA,2019/09/04,2019/09/05,0,"9,8",14
Ilunion Aqua 4,92777,NA,Valencia,1,1,€ 187,2019/09/04,2019/09/05,4,"8,5",14
Friendly Rentals Gala,1634252,Apartamento,Valencia,1,1,€ 198,2019/09/04,2019/09/05,0,"8,9",14
Hotel Valencia Oceanic Managed by Melia Hotels International,91522,NA,Valencia,1,1,€ 206,2019/09/04,2019/09/05,4,"8,6",14
Hotel Neptuno,91206,NA,Valencia,1,1,€ 216,2019/09/04,2019/09/05,4,"8,5",14
SingularStays Parque Central,3054000,Apartamentos,Valencia,1,1,€ 218,2019/09/04,2019/09/05,0,"8,8",14
Ilunion Valencia 3,92818,NA,Valencia,1,1,€ 204,2019/09/04,2019/09/05,3,"7,9",14
MD Art Apartment Ruzafa,2550955,Apartamento,Valencia,1,1,€ 387,2019/09/04,2019/09/05,0,"7,7",14
MD Pelayo with terrace,1979067,Apartamento,Valencia,1,1,€ 387,2019/09/04,2019/09/05,0,"7,8",14
MD Oliag I Apartment Ruzafa,2867488,Apartamento,Valencia,1,1,€ 513,2019/09/04,2019/09/05,0,"7,7",14
feliz como en casa,3676196,NA,Valencia,1,1,€ 36,2019/09/04,2019/09/05,0,"7,2",14
HOSPEDAJE PESET,4718074,NA,Valencia,1,1,€ 40,2019/09/04,2019/09/05,0,"7,2",14
BONNIES Suites & Spa Valencia,3631910,Apartamentos,Valencia,1,1,NA,2019/09/04,2019/09/05,0,"9,8",14
La Flamenca,818359,NA,Valencia,1,1,€ 40,2019/09/04,2019/09/05,0,"7,2",14
Guest House Samuel Ros,4161855,NA,Valencia,1,1,€ 45,2019/09/04,2019/09/05,0,"7,4",14
Ruzafa Rooms,2891693,NA,Valencia,1,1,€ 48,2019/09/04,2019/09/05,0,7,14
Hostal Residencial RR,450746,NA,Valencia,1,1,€ 50,2019/09/04,2019/09/05,0,7,14
B&B El Mercat,2203530,NA,Valencia,1,1,€ 55,2019/09/04,2019/09/05,0,"7,3",14
Ayuntamiento Panoramic,3089239,Apartamento,Valencia,1,1,NA,2019/09/04,2019/09/05,0,"9,5",14
Ca Carmela,2466364,Casa o chalet,Valencia,1,1,€ 225,2019/09/04,2019/09/05,0,"8,9",14
One Shot Palacio Reina Victoria 04,90885,NA,Valencia,1,1,€ 249,2019/09/04,2019/09/05,4,"8,6",14
Apartamento Torres de Serrano,5083131,Apartamento,Valencia,1,1,€ 266,2019/09/04,2019/09/05,0,"8,8",14
SH Valencia Palace,91497,NA,Valencia,1,1,€ 285,2019/09/04,2019/09/05,5,"8,5",14
Hostal Waksman,281139,NA,Valencia,1,1,€ 60,2019/09/04,2019/09/05,1,"7,3",14
Cool Loft Malvarrosa Beach,4309218,Apartamento,Valencia,1,1,NA,2019/09/04,2019/09/05,0,"9,6",14
Central Station Valencia Hostel,1647017,NA,Valencia,1,1,€ 69,2019/09/04,2019/09/05,0,"7,1",14
AC Hotel Valencia- a Marriott Lifestyle Hotel,91063,NA,Valencia,1,1,€ 291,2019/09/04,2019/09/05,4,"8,6",14
Vincci Lys,91183,NA,Valencia,1,1,€ 300,2019/09/04,2019/09/05,4,"8,9",14
Luxury Center Plaza Redonda,5138960,Apartamento,Valencia,1,1,NA,2019/09/04,2019/09/05,0,"9,8",14
Vincci Palace,94163,NA,Valencia,1,1,€ 310,2019/09/04,2019/09/05,4,"8,6",14
Hotel San Lorenzo Boutique,1307718,NA,Valencia,1,1,€ 311,2019/09/04,2019/09/05,3,"8,6",14
Hospes Palau de La Mar,93823,NA,Valencia,1,1,€ 338,2019/09/04,2019/09/05,5,"8,8",14
The Westin Valencia,93321,NA,Valencia,1,1,€ 5.559,2019/09/04,2019/09/05,5,"8,7",14
Urban Youth Hostel,1163025,NA,Valencia,1,1,€ 31,2019/09/04,2019/09/05,0,"8,4",14
Habitacion en Valencia Barata,4861796,NA,Valencia,1,1,€ 45,2019/09/04,2019/09/05,0,"8,2",14
Disfruta - Enjoy Valencia Centre,3881970,Apartamento,Valencia,1,1,NA,2019/09/04,2019/09/05,0,"9,8",14
Red Nest Hostel,92283,NA,Valencia,1,1,€ 51,2019/09/04,2019/09/05,0,"8,2",14
B&B Hi Valencia Canovas,305349,NA,Valencia,1,1,€ 55,2019/09/04,2019/09/05,0,"8,4",14
Pension MonaLisa Luxury Suites,3834224,NA,Valencia,1,1,€ 60,2019/09/04,2019/09/05,0,"8,3",14
HOSTAL BED OF THE SEA,3974636,NA,Valencia,1,1,€ 72,2019/09/04,2019/09/05,0,7,14
Homestay & OLEE,4132920,NA,Valencia,1,1,€ 75,2019/09/04,2019/09/05,0,"7,3",14
Centro Valencia Calle Cerrajeros,3476261,NA,Valencia,1,1,€ 75,2019/09/04,2019/09/05,0,7,14
Almiserat,3054886,Apartamento,Valencia,1,1,€ 80,2019/09/04,2019/09/05,0,"7,1",14
Hostal Abastos,257057,NA,Valencia,1,1,€ 60,2019/09/04,2019/09/05,2,"8,2",14
Purple Nest Hostel,25278,NA,Valencia,1,1,€ 61,2019/09/04,2019/09/05,0,"8,1",14
APARTAMENTO LAS MELLIZAS,4651578,NA,Valencia,1,1,€ 69,2019/09/04,2019/09/05,0,"8,4",14
Constitución,4229663,Apartamento,Valencia,1,1,NA,2019/09/04,2019/09/05,0,"9,6",14
Reina 12,1684198,NA,Valencia,1,1,€ 80,2019/09/04,2019/09/05,0,"8,2",14
Reina's Apartment,2130930,Apartamentos,Valencia,1,1,€ 88,2019/09/04,2019/09/05,0,"8,4",14
United Colors of Apartments - Catedral,1301545,Apartamentos,Valencia,1,1,€ 89,2019/09/04,2019/09/05,0,"8,2",14
City Suites Apartments,3091106,NA,Valencia,1,1,€ 93,2019/09/04,2019/09/05,0,"8,4",14
Happy Apartments Valencia – Lope de Vega,575582,Apartamentos,Valencia,1,1,€ 94,2019/09/04,2019/09/05,0,"8,1",14
MD Modern Hotel - Jardines,305447,NA,Valencia,1,1,€ 95,2019/09/04,2019/09/05,1,"8,2",14
Disfruta - Enjoy Valencia Oceanografic,4121345,Apartamento,Valencia,1,1,NA,2019/09/04,2019/09/05,0,"9,6",14
SHF Flats Baron,1033085,Apartamentos,Valencia,1,1,€ 95,2019/09/04,2019/09/05,0,8,14
Sol Playa,12656,NA,Valencia,1,1,€ 97,2019/09/04,2019/09/05,2,"8,3",14
Apartment Horticultor Bosch,1148669,Apartamentos,Valencia,1,1,€ 80,2019/09/04,2019/09/05,0,"7,3",14
La seda stay,3335523,Apartamento,Valencia,1,1,NA,2019/09/04,2019/09/05,0,"9,7",14
Valencia Apartments,4367788,Apartamentos,Valencia,1,1,€ 87,2019/09/04,2019/09/05,0,"7,2",14
NWT Monserrat,3728842,Apartamentos,Valencia,1,1,€ 94,2019/09/04,2019/09/05,0,7,14
Kirei Apartment Na Jordana,1702092,Apartamentos,Valencia,1,1,€ 98,2019/09/04,2019/09/05,0,7,14
Apartamento Angel Alcazar 35,2174625,Apartamento,Valencia,1,1,€ 100,2019/09/04,2019/09/05,0,"7,4",14
Apartamento Alguer,4005334,Apartamento,Valencia,1,1,€ 125,2019/09/04,2019/09/05,0,"7,4",14
NWT Central Station Apartments,3964093,Apartamento,Valencia,1,1,€ 109,2019/09/04,2019/09/05,0,"8,3",14
Apartamento Privado Próximo a Playa y Ciencias,3783163,Apartamento,Valencia,1,1,€ 110,2019/09/04,2019/09/05,0,"8,1",14
Valenciaflats Torres de Serrano,17468,Apartamentos,Valencia,1,1,€ 110,2019/09/04,2019/09/05,0,"8,3",14
Atico Ciutat Vella,3446230,Apartamentos,Valencia,1,1,€ 119,2019/09/04,2019/09/05,0,"8,4",14
Valencia WIFI City Beach Economy,2215541,Apartamento,Valencia,1,1,€ 141,2019/09/04,2019/09/05,0,"7,1",14
Apartment Cabanyal,3172456,Apartamento,Valencia,1,1,NA,2019/09/04,2019/09/05,0,"9,8",14
Kirei Apartment En Llop,1765516,Apartamentos,Valencia,1,1,€ 150,2019/09/04,2019/09/05,0,"7,1",14
Verano en la Playa Patacona,4913195,Apartamento,Valencia,1,1,€ 150,2019/09/04,2019/09/05,0,7,14
Valencia Boutique Ayuntamiento,343355,Apartamentos,Valencia,1,1,€ 160,2019/09/04,2019/09/05,0,"7,2",14
Valencia Luxury Town Hall,866934,Apartamentos,Valencia,1,1,€ 160,2019/09/04,2019/09/05,0,"7,1",14
Apartamento para 10 personas,5029963,Apartamento,Valencia,1,1,€ 200,2019/09/04,2019/09/05,0,"7,3",14
Guest House Lebon,3124256,NA,Valencia,1,1,€ 40,2019/09/04,2019/09/05,0,"6,9",14
Apartamento centro,3160737,Apartamento,Valencia,1,1,NA,2019/09/04,2019/09/05,0,"9,7",14
Geography and Arts.,3569110,NA,Valencia,1,1,€ 60,2019/09/04,2019/09/05,0,"6,7",14
Premium Apartments,486507,Apartamentos,Valencia,1,1,€ 114,2019/09/04,2019/09/05,0,"6,9",14
Miresa flats,5300418,Apartamento,Valencia,1,1,€ 125,2019/09/04,2019/09/05,0,"6,7",14
Malvarrosa Beach,3546692,Casas y chalets,Valencia,1,1,€ 768,2019/09/04,2019/09/05,0,"6,6",14
Habitación con cama doble,4794909,NA,Valencia,1,1,€ 41,2019/09/04,2019/09/05,0,"6,3",14
Atico Duplex en el Carmen,2954876,Apartamento,Valencia,1,1,€ 122,2019/09/04,2019/09/05,0,"8,4",14
Friendly Rentals Puerto Deportivo,2317861,Apartamentos,Valencia,1,1,€ 127,2019/09/04,2019/09/05,0,"8,2",14
Apartamentos Valencia Luxury Center,2011524,Apartamento,Valencia,1,1,€ 130,2019/09/04,2019/09/05,0,8,14
Hotel Miramar,23332,NA,Valencia,1,1,€ 131,2019/09/04,2019/09/05,2,"8,4",14
Friendly Rentals ABC,3656596,Apartamento,Valencia,1,1,€ 133,2019/09/04,2019/09/05,0,"8,4",14
Fun and Sun Center 2,2944416,NA,Valencia,1,1,€ 45,2019/09/04,2019/09/05,0,"6,1",14
Kirei Apartment San Agustin,1712323,Apartamentos,Valencia,1,1,€ 137,2019/09/04,2019/09/05,0,"6,2",14
Casita Esmeralda,2040126,Casa o chalet,Valencia,1,1,€ 139,2019/09/04,2019/09/05,0,"6,3",14
Kirei Apartment Portland,4276529,Apartamentos,Valencia,1,1,€ 200,2019/09/04,2019/09/05,0,"6,1",14
Select Home Viveros Gardens,1297339,Casa o chalet,Valencia,1,1,€ 265,2019/09/04,2019/09/05,0,"6,3",14
RoomTuristValencia - Ruzafa,4608394,NA,Valencia,1,1,€ 30,2019/09/04,2019/09/05,0,"5,6",14
NH Valencia Las Ciencias,90725,NA,Valencia,1,1,€ 137,2019/09/04,2019/09/05,3,8,14
Friendly Rentals Pergolesi,1634240,Apartamentos,Valencia,1,1,€ 138,2019/09/04,2019/09/05,0,"8,4",14
NH Ciudad de Valencia,90729,NA,Valencia,1,1,€ 147,2019/09/04,2019/09/05,3,"8,1",14
Ilunion Aqua 3,92776,NA,Valencia,1,1,€ 158,2019/09/04,2019/09/05,3,"8,3",14
Sweet Hotel Renasa,274818,NA,Valencia,1,1,€ 159,2019/09/04,2019/09/05,3,8,14
Friendly Rentals Gimenez,1634242,Apartamento,Valencia,1,1,€ 159,2019/09/04,2019/09/05,0,"8,2",14
Senator Parque Central Hotel,274963,NA,Valencia,1,1,€ 170,2019/09/04,2019/09/05,4,"8,1",14
Guest House Higinio Noja,2845935,NA,Valencia,1,1,€ 34,2019/09/04,2019/09/05,0,"5,9",14
Carrer del Bisbe Jaume Pérez,4900140,NA,Valencia,1,1,€ 60,2019/09/04,2019/09/05,0,"5,8",14
Home Sweet Home,1223953,NA,Valencia,1,1,€ 60,2019/09/04,2019/09/05,0,"5,6",14
Oliver,4865093,NA,Valencia,1,1,€ 73,2019/09/04,2019/09/05,0,"5,6",14
Kirei Apartment Berlin,4504570,Apartamentos,Valencia,1,1,€ 126,2019/09/04,2019/09/05,0,"5,7",14
Guest House Duc de Gaeta,2275007,NA,Valencia,1,1,€ 33,2019/09/04,2019/09/05,0,5,14
RoomTuristValencia Estacion del Norte,4682632,NA,Valencia,1,1,€ 35,2019/09/04,2019/09/05,0,"5,2",14
Hotel Medium Valencia,96838,NA,Valencia,1,1,€ 171,2019/09/04,2019/09/05,4,"8,2",14
Friendly Rentals Abad,1634238,Apartamento,Valencia,1,1,€ 179,2019/09/04,2019/09/05,0,"8,2",14
Preciosa Casita Cerca Del Mar,4057271,Apartamento,Valencia,1,1,NA,2019/09/04,2019/09/05,0,"9,7",14
Holiday Inn Express Ciudad de las Ciencias,96737,NA,Valencia,1,1,€ 180,2019/09/04,2019/09/05,3,8,14
Hotel Valencia Center,91285,NA,Valencia,1,1,€ 180,2019/09/04,2019/09/05,4,"8,4",14
Zerka Centro,4425975,Apartamentos,Valencia,1,1,€ 199,2019/09/04,2019/09/05,0,"8,4",14
Hotel Boutique Balandret,1281710,NA,Valencia,1,1,€ 353,2019/09/04,2019/09/05,3,"9,2",14
MARQUÉS HOUSE 4* SUP,2118880,NA,Valencia,1,1,€ 369,2019/09/04,2019/09/05,4,"9,4",14
Silken Puerta Valencia,91182,NA,Valencia,1,1,€ 210,2019/09/04,2019/09/05,4,"8,3",14
Hotel Conqueridor,91047,NA,Valencia,1,1,€ 216,2019/09/04,2019/09/05,4,"8,4",14
NH Valencia Las Artes,90731,NA,Valencia,1,1,€ 226,2019/09/04,2019/09/05,4,"8,4",14
Atico Loft Ruzafa,3152977,Apartamento,Valencia,1,1,NA,2019/09/04,2019/09/05,0,"9,7",14
Eurostars Rey Don Jaime,91520,NA,Valencia,1,1,€ 233,2019/09/04,2019/09/05,4,"8,2",14
Apartamento en la Ciudad de las Artes y las Ciencias,3552283,NA,Valencia,1,1,NA,2019/09/04,2019/09/05,0,"9,5",14
The River Hostel,494202,NA,Valencia,1,1,€ 24,2019/09/04,2019/09/05,0,"8,5",14
Homestay Carrer Sagun,5006434,NA,Valencia,1,1,€ 50,2019/09/04,2019/09/05,0,"8,7",14
Russafa Youth Hostel,345134,NA,Valencia,1,1,€ 52,2019/09/04,2019/09/05,0,"8,6",14
Musico Peydro Apartments,3765069,Apartamentos,Valencia,1,1,€ 236,2019/09/04,2019/09/05,0,"8,1",14
Ilunion Valencia 4,754329,NA,Valencia,1,1,€ 281,2019/09/04,2019/09/05,4,8,14
Eurostars Gran Valencia,90484,NA,Valencia,1,1,€ 359,2019/09/04,2019/09/05,4,"8,3",14
Center Valencia Youth Hostel,246931,NA,Valencia,1,1,€ 23,2019/09/04,2019/09/05,0,"7,9",14
UP Hostel Valencia,1710137,NA,Valencia,1,1,€ 29,2019/09/04,2019/09/05,0,"7,8",14
Apartment Cisneros 2,2361375,Apartamento,Valencia,1,1,NA,2019/09/04,2019/09/05,0,"9,7",14
Namaste Rooms,3799642,NA,Valencia,1,1,€ 60,2019/09/04,2019/09/05,0,"8,7",14
Atico En El Centro,2347147,NA,Valencia,1,1,€ 69,2019/09/04,2019/09/05,0,"8,5",14
Home Youth Hostel by Feetup Hostels,189322,NA,Valencia,1,1,€ 69,2019/09/04,2019/09/05,0,"8,8",14
Habitación en valencia centro,5418023,NA,Valencia,1,1,€ 35,2019/09/04,2019/09/05,0,"7,8",14
Pensión Universal,304276,NA,Valencia,1,1,€ 38,2019/09/04,2019/09/05,0,"7,9",14
Habitaciones Barra89,1076252,NA,Valencia,1,1,€ 39,2019/09/04,2019/09/05,0,"7,8",14
Habitación San Cayetano,4624401,NA,Valencia,1,1,€ 40,2019/09/04,2019/09/05,0,"7,7",14
Ambrosio Flats Valencia - El Mercat,3131649,NA,Valencia,1,1,NA,2019/09/04,2019/09/05,0,"9,5",14
Zalamera BnB,1331238,NA,Valencia,1,1,€ 70,2019/09/04,2019/09/05,0,"8,7",14
Carrer de l'Escriptor Rafael Ferreres,4267645,NA,Valencia,1,1,€ 70,2019/09/04,2019/09/05,0,"8,6",14
Casita bonita con piscina y jardin,5294677,NA,Valencia,1,1,€ 71,2019/09/04,2019/09/05,0,"8,8",14
Hostal Moratin,326015,NA,Valencia,1,1,€ 42,2019/09/04,2019/09/05,1,"7,9",14
Voyagers Inn Homestay,2682156,NA,Valencia,1,1,€ 46,2019/09/04,2019/09/05,0,"7,7",14
Tres Forques,2854630,Apartamento,Valencia,1,1,NA,2019/09/04,2019/09/05,0,"9,5",14
Habitacion PLaza Ayuntamiento,4365340,NA,Valencia,1,1,€ 50,2019/09/04,2019/09/05,0,"7,6",14
Habitación cerca del centro,2789581,NA,Valencia,1,1,€ 52,2019/09/04,2019/09/05,0,"7,6",14
Valencia City Host,1177077,NA,Valencia,1,1,€ 53,2019/09/04,2019/09/05,0,"7,8",14
Petit Palomar,2187491,NA,Valencia,1,1,€ 79,2019/09/04,2019/09/05,0,"8,9",14
Big spacious penthouse next to the sea,3289648,NA,Valencia,1,1,€ 85,2019/09/04,2019/09/05,0,"8,8",14
Balcón Al Mar,295109,NA,Valencia,1,1,€ 86,2019/09/04,2019/09/05,0,"8,5",14
PORT VALENCIA PLAYA,5259971,NA,Valencia,1,1,NA,2019/09/04,2019/09/05,0,"9,8",14
SKY TOURISTIC ATTIC,281640,NA,Valencia,1,1,€ 90,2019/09/04,2019/09/05,0,"8,5",14
Habitación doble,3599930,NA,Valencia,1,1,€ 90,2019/09/04,2019/09/05,0,"8,9",14
UNIK. Apartments Valencia,2241282,NA,Valencia,1,1,€ 94,2019/09/04,2019/09/05,0,"8,5",14
Apartamentos Plaza Picasso,97063,NA,Valencia,1,1,€ 96,2019/09/04,2019/09/05,0,"8,5",14
Ad Hoc Carmen,1173270,NA,Valencia,1,1,€ 99,2019/09/04,2019/09/05,2,"8,9",14
Suites by Eric Olsan (Florista),4726450,NA,Valencia,1,1,€ 99,2019/09/04,2019/09/05,0,"8,6",14
Cool Loft Malvarrosa Beach,4309218,NA,Valencia,1,1,NA,2019/09/04,2019/09/05,0,"9,6",14
Apartamentos Sollana 18 Cerca de les Arts i les Ciencies Valencia- FREE WI-FI,5232423,NA,Valencia,1,1,€ 103,2019/09/04,2019/09/05,0,"8,5",14
MODERNO Y ACOGEDOR FRENTE A RUZAFA Y CERCA DEL CENTRO,4490444,NA,Valencia,1,1,€ 105,2019/09/04,2019/09/05,0,"8,8",14
Casual del Cine Valencia,572187,NA,Valencia,1,1,€ 108,2019/09/04,2019/09/05,2,"8,6",14
Como en casa,4802186,NA,Valencia,1,1,€ 54,2019/09/04,2019/09/05,0,"7,9",14
Hostal El Cid,309465,NA,Valencia,1,1,€ 56,2019/09/04,2019/09/05,2,"7,6",14
Hostal Bisbal,235665,NA,Valencia,1,1,€ 60,2019/09/04,2019/09/05,1,"7,5",14
Colors Rooms,675839,NA,Valencia,1,1,€ 40,2019/09/04,2019/09/05,0,"9,6",14
Luxury Beach House,3602594,Casa o chalet,Valencia,1,1,NA,2019/09/04,2019/09/05,0,"9,7",14
Apartamentos Abastos,1044426,Apartamentos,Valencia,1,1,€ 60,2019/09/04,2019/09/05,0,"7,6",14
Habitacion por dias Centro Valencia,3977106,NA,Valencia,1,1,€ 64,2019/09/04,2019/09/05,0,"7,9",14
Valencia Lounge Hostel,337203,NA,Valencia,1,1,€ 68,2019/09/04,2019/09/05,0,"7,8",14
New Trendy apartment,2426154,NA,Valencia,1,1,€ 110,2019/09/04,2019/09/05,0,"8,7",14
Quart Youth Hostel,476418,NA,Valencia,1,1,€ 116,2019/09/04,2019/09/05,0,"8,7",14
Perla Apartments,3146781,NA,Valencia,1,1,€ 117,2019/09/04,2019/09/05,0,"8,7",14
Luxury Center Plaza Redonda,5138960,NA,Valencia,1,1,NA,2019/09/04,2019/09/05,0,"9,8",14
Jero Rooms,296743,NA,Valencia,1,1,€ 77,2019/09/04,2019/09/05,0,"7,7",14
Centro & Viaje,4215175,NA,Valencia,1,1,€ 78,2019/09/04,2019/09/05,0,"7,6",14
City Center Apartments,4426057,Apartamentos,Valencia,1,1,€ 81,2019/09/04,2019/09/05,0,"7,8",14
Apartments Downtown Valencia,2250421,NA,Valencia,1,1,€ 110,2019/09/04,2019/09/05,0,"9,6",14
VALENCIA APARTAMENTO GOYA,4256653,NA,Valencia,1,1,NA,2019/09/04,2019/09/05,0,10,14
Ramirez Flats & Bar,4124528,NA,Valencia,1,1,€ 185,2019/09/04,2019/09/05,0,"9,5",14
Disfruta - Enjoy Valencia Ruzafa,3890328,NA,Valencia,1,1,€ 185,2019/09/04,2019/09/05,0,"9,7",14
Art&Flats Bed&Breakfast,5238345,NA,Valencia,1,1,€ 20,2019/09/04,2019/09/05,0,"9,2",14
Lounge by the sea,4756780,Apartamento,Valencia,1,1,NA,2019/09/04,2019/09/05,0,"9,8",14
B&B Hotel Valencia Ciudad de las Ciencias,92242,NA,Valencia,1,1,€ 83,2019/09/04,2019/09/05,3,"7,5",14
El 16 Ruzafa,865461,Apartamentos,Valencia,1,1,€ 89,2019/09/04,2019/09/05,0,"7,7",14
Hotel Turia,14441,NA,Valencia,1,1,€ 99,2019/09/04,2019/09/05,4,"7,5",14
Pio XII Apartments Valencia,402080,NA,Valencia,1,1,€ 117,2019/09/04,2019/09/05,0,"8,5",14
Friendly Rentals Abastos,1634255,NA,Valencia,1,1,€ 121,2019/09/04,2019/09/05,0,"8,7",14
Apartments Trinitarios,364825,NA,Valencia,1,1,€ 121,2019/09/04,2019/09/05,0,"8,9",14
Cantagua Hostel,4074640,NA,Valencia,1,1,€ 44,2019/09/04,2019/09/05,0,"9,1",14
Habitación privada a 1500 metros de la playa,3789910,NA,Valencia,1,1,€ 60,2019/09/04,2019/09/05,0,"9,2",14
YOU & CO. Saler Beach Boutique,4533007,NA,Valencia,1,1,€ 79,2019/09/04,2019/09/05,3,"9,2",14
RUZAFA- CENTRO-A/C- WI-FI- PARKING,2885994,NA,Valencia,1,1,NA,2019/09/04,2019/09/05,0,"9,7",14
"Piso ""Como en tu casa""",2689136,NA,Valencia,1,1,€ 88,2019/09/04,2019/09/05,0,"9,2",14
Flatsforyou Ruzafa,3342696,NA,Valencia,1,1,€ 129,2019/09/04,2019/09/05,0,"8,8",14
Apartments Madrina,3278589,NA,Valencia,1,1,€ 130,2019/09/04,2019/09/05,0,"8,9",14
BUBUFLATS Mossén,1141763,NA,Valencia,1,1,€ 130,2019/09/04,2019/09/05,0,"8,9",14
Suites by Eric Olsan (Peset),4726296,Apartamentos,Valencia,1,1,€ 100,2019/09/04,2019/09/05,0,"7,5",14
Suites by Eric Olsan (L),4287413,Apartamentos,Valencia,1,1,€ 100,2019/09/04,2019/09/05,0,"7,5",14
Torres Quart,3702234,Apartamentos,Valencia,1,1,€ 105,2019/09/04,2019/09/05,0,"7,7",14
Kirei Apartment Vienna,4639797,Apartamento,Valencia,1,1,€ 115,2019/09/04,2019/09/05,0,"7,9",14
Apartment Florista,2150187,Apartamento,Valencia,1,1,€ 115,2019/09/04,2019/09/05,0,"7,9",14
Apartamentos Catedral,2358858,Apartamentos,Valencia,1,1,€ 119,2019/09/04,2019/09/05,0,"7,8",14
OYO Pensión El Rincón,476031,NA,Valencia,1,1,€ 121,2019/09/04,2019/09/05,1,"7,7",14
Apartamento Centro Valencia,1810765,NA,Valencia,1,1,€ 90,2019/09/04,2019/09/05,0,9,14
Apartamento bianca,3205847,NA,Valencia,1,1,€ 91,2019/09/04,2019/09/05,0,"9,1",14
Blanq Comedias,4922002,NA,Valencia,1,1,€ 95,2019/09/04,2019/09/05,0,"9,2",14
Barracart Apartments,2125836,NA,Valencia,1,1,NA,2019/09/04,2019/09/05,0,"9,6",14
FREE WI-FI. Apartamentos 90 м2 - Assutzena 5,4828764,NA,Valencia,1,1,€ 130,2019/09/04,2019/09/05,0,"8,5",14
Friendly Rentals Casals,1769176,NA,Valencia,1,1,€ 132,2019/09/04,2019/09/05,0,"8,6",14
Jardín Botánico Hotel Boutique,93369,NA,Valencia,1,1,€ 136,2019/09/04,2019/09/05,3,"8,9",14
Apartamento cerca de la Playa y el Centro,2620264,NA,Valencia,1,1,€ 100,2019/09/04,2019/09/05,0,9,14
Hostal Venecia,92883,NA,Valencia,1,1,€ 102,2019/09/04,2019/09/05,2,"9,1",14
Casa La Buhardilla,2985364,NA,Valencia,1,1,NA,2019/09/04,2019/09/05,0,"9,6",14
Teixidors de Palomar,2639791,NA,Valencia,1,1,€ 109,2019/09/04,2019/09/05,0,"9,4",14
apartamento las torres-botanico,4694090,NA,Valencia,1,1,€ 111,2019/09/04,2019/09/05,0,9,14
Valenciaflats Mercado Central,307677,NA,Valencia,1,1,€ 138,2019/09/04,2019/09/05,0,"8,9",14
Valenciaflats Centro Histórico,94781,NA,Valencia,1,1,€ 143,2019/09/04,2019/09/05,0,"8,7",14
Kirei Apartment San Vicente,1774062,Apartamento,Valencia,1,1,€ 121,2019/09/04,2019/09/05,0,"7,5",14
SEA YOU HOTEL PORT VALENCIA,92328,NA,Valencia,1,1,€ 121,2019/09/04,2019/09/05,4,"7,6",14
My Reception - Edificio Russafa,4732440,Apartamentos,Valencia,1,1,€ 130,2019/09/04,2019/09/05,0,"7,7",14
Old Town Flats Casa Burguerini,4552106,Apartamentos,Valencia,1,1,€ 136,2019/09/04,2019/09/05,0,"7,6",14
Kirei Apartment Calgary,4768322,Apartamento,Valencia,1,1,€ 137,2019/09/04,2019/09/05,0,"7,6",14
Citizentral Gascons,332095,NA,Valencia,1,1,€ 143,2019/09/04,2019/09/05,0,"8,7",14
Casual Vintage Valencia,1710241,NA,Valencia,1,1,€ 144,2019/09/04,2019/09/05,2,"8,6",14
Rooms Ciencias,94126,NA,Valencia,1,1,€ 149,2019/09/04,2019/09/05,0,"8,9",14
El Globo,24498,NA,Valencia,1,1,€ 144,2019/09/04,2019/09/05,1,"7,8",14
Valencia Luxury Attics Ayuntamiento,337092,Apartamentos,Valencia,1,1,€ 160,2019/09/04,2019/09/05,0,"7,5",14
Friendly Rentals Danna,1634254,Apartamento,Valencia,1,1,€ 163,2019/09/04,2019/09/05,0,"7,7",14
COZY APARTMENT VALENCIA CITY CENTER!,4886758,NA,Valencia,1,1,€ 118,2019/09/04,2019/09/05,0,"9,1",14
CheValenciaFlats,2064099,NA,Valencia,1,1,€ 118,2019/09/04,2019/09/05,0,9,14
Welcome Apartamentos Pintor Stolz 31 Valencia,5019066,NA,Valencia,1,1,€ 120,2019/09/04,2019/09/05,0,"9,1",14
MUVIM CENTRUM,4756065,NA,Valencia,1,1,€ 120,2019/09/04,2019/09/05,0,"9,2",14
Colón Market Downtown,4607745,NA,Valencia,1,1,NA,2019/09/04,2019/09/05,0,"9,8",14
Palacio de Rojas,1073276,NA,Valencia,1,1,€ 133,2019/09/04,2019/09/05,0,"9,4",14
Bubuflats Bubu 5,1283519,NA,Valencia,1,1,€ 135,2019/09/04,2019/09/05,0,"9,1",14
Flatsforyou Sorolla House,403442,NA,Valencia,1,1,€ 150,2019/09/04,2019/09/05,0,"8,6",14
Friendly Rentals Strauss,1634236,NA,Valencia,1,1,€ 153,2019/09/04,2019/09/05,0,"8,8",14
Marina Loft & Apartments,432326,NA,Valencia,1,1,€ 155,2019/09/04,2019/09/05,0,"8,7",14
Hi Valencia Apartments - Jorge Juan,2373701,NA,Valencia,1,1,€ 135,2019/09/04,2019/09/05,0,"9,4",14
Loft zona Pechina en Valencia centro,2524985,NA,Valencia,1,1,€ 138,2019/09/04,2019/09/05,0,"9,2",14
Charming Ninetta,3220582,NA,Valencia,1,1,€ 139,2019/09/04,2019/09/05,0,"9,4",14
Hotel Malcom and Barret,483261,NA,Valencia,1,1,€ 158,2019/09/04,2019/09/05,3,"8,7",14
Piso moderno y confortable en El Cabañal,3954999,NA,Valencia,1,1,€ 160,2019/09/04,2019/09/05,0,"8,6",14
ValentiaApartments - MercadoCentral,4185241,NA,Valencia,1,1,€ 163,2019/09/04,2019/09/05,0,"8,7",14
BUBUSUITES by Bubuflats,2389776,NA,Valencia,1,1,€ 140,2019/09/04,2019/09/05,0,"9,3",14
Apartamento Forn dels Apòstols,3122008,NA,Valencia,1,1,NA,2019/09/04,2019/09/05,0,"9,6",14
HQ Rooms Apartments San Vicente,2894429,NA,Valencia,1,1,€ 144,2019/09/04,2019/09/05,0,"9,3",14
Hogar Vera Apartments&Bikes,1807919,NA,Valencia,1,1,€ 147,2019/09/04,2019/09/05,0,"9,4",14
Soho Valencia,1538641,NA,Valencia,1,1,€ 169,2019/09/04,2019/09/05,0,"8,9",14
Petit Palace Ruzafa,90792,NA,Valencia,1,1,€ 169,2019/09/04,2019/09/05,3,"8,7",14
Hotel Kramer,91106,NA,Valencia,1,1,€ 171,2019/09/04,2019/09/05,3,"8,8",14
Lotelito,570027,NA,Valencia,1,1,€ 175,2019/09/04,2019/09/05,0,"8,9",14
Apartamentos La más Bonita,2816245,NA,Valencia,1,1,€ 149,2019/09/04,2019/09/05,0,"9,1",14
Hotel Valencia Alameda,4019381,NA,Valencia,1,1,€ 150,2019/09/04,2019/09/05,4,"9,3",14
Sweet Caroline Apartment,1811784,NA,Valencia,1,1,€ 150,2019/09/04,2019/09/05,0,"9,2",14
B BEACH VALENCIA,5125954,NA,Valencia,1,1,€ 150,2019/09/04,2019/09/05,0,"9,4",14
PORT VALENCIA PLAYA,5259971,NA,Valencia,1,1,NA,2019/09/04,2019/09/05,0,"9,8",14
Valenciaflats Centro Ciudad,18544,NA,Valencia,1,1,€ 152,2019/09/04,2019/09/05,0,"9,1",14
Mon Suites San Nicolas,4117225,NA,Valencia,1,1,€ 161,2019/09/04,2019/09/05,0,"9,2",14
Palau de Palomar,471283,NA,Valencia,1,1,€ 165,2019/09/04,2019/09/05,0,"9,2",14
Live in Chianti Apartaments,2882632,NA,Valencia,1,1,€ 169,2019/09/04,2019/09/05,0,"9,1",14
Jardines del Turia - Espacioso apartamento,2734126,NA,Valencia,1,1,€ 170,2019/09/04,2019/09/05,0,"9,1",14
Apartamentos Wallace,1698355,NA,Valencia,1,1,€ 170,2019/09/04,2019/09/05,0,"9,2",14
Valenciaflats Ciudad de las Ciencias,93676,NA,Valencia,1,1,€ 170,2019/09/04,2019/09/05,0,"9,1",14
Valencia Sol Sun,2482393,NA,Valencia,1,1,€ 171,2019/09/04,2019/09/05,0,"9,4",14
Lighthouse,2384209,NA,Valencia,1,1,€ 195,2019/09/04,2019/09/05,0,"9,4",14
Citizentral Juristas,1113127,NA,Valencia,1,1,€ 196,2019/09/04,2019/09/05,0,"9,2",14
ARENAS 2 APARTAMENT,2808815,NA,Valencia,1,1,€ 200,2019/09/04,2019/09/05,0,"9,2",14
MYR Hotel Plaza Mercado & Spa,1619029,NA,Valencia,1,1,€ 249,2019/09/04,2019/09/05,0,"9,2",14
One Shot Mercat 09,2274203,NA,Valencia,1,1,€ 259,2019/09/04,2019/09/05,4,"9,1",14
Mon Suites San Martin,2777545,NA,Valencia,1,1,€ 263,2019/09/04,2019/09/05,0,"9,4",14
Caro Hotel,348132,NA,Valencia,1,1,€ 305,2019/09/04,2019/09/05,5,"9,2",14
Zerka Sendra,4657122,NA,Valencia,1,1,€ 309,2019/09/04,2019/09/05,0,9,14
Las Arenas Balneario Resort,91144,NA,Valencia,1,1,€ 311,2019/09/04,2019/09/05,5,9,14
Vincci Mercat,1279484,NA,Valencia,1,1,€ 330,2019/09/04,2019/09/05,4,9,14
