name,propertyId,propertyType,city,rooms,days,price,checkIn,checkOut,stars,score,advance
Casual Socarrat Valencia,5142800,NA,Valencia,1,1,€ 145,2019/08/16,2019/08/17,3,,14
Old Town Flats Casa Burguerini,4552106,NA,Valencia,1,1,€ 152,2019/08/16,2019/08/17,0,,14
TTdSSa VLC: Plaza Cisneros- 2- 5 pax 3 Bedrooms,4069293,NA,Valencia,1,1,NA,2019/08/16,2019/08/17,0,"9,8",14
Valencia Puerto Beach 3BD Apartment,5249773,NA,Valencia,1,1,€ 211,2019/08/16,2019/08/17,0,,14
"Flat ""Ca Alexandre""",3687859,NA,Valencia,1,1,€ 220,2019/08/16,2019/08/17,0,,14
Hogar Dulce Hogar,5441488,NA,Valencia,1,1,€ 230,2019/08/16,2019/08/17,0,,14
Espaciosa y cómoda vivienda,5342327,NA,Valencia,1,1,€ 238,2019/08/16,2019/08/17,0,,14
07 PLAZA DEL AYUNTAMIENTO - CENTRO 6personas,4093811,NA,Valencia,1,1,€ 249,2019/08/16,2019/08/17,0,,14
Casita bonita con piscina y jardin,5294677,NA,Valencia,1,1,€ 250,2019/08/16,2019/08/17,0,,14
Preciosa Casita Cerca Del Mar,4057271,NA,Valencia,1,1,NA,2019/08/16,2019/08/17,0,"9,7",14
MD PASEO RUZAFA CENTER,5374850,NA,Valencia,1,1,€ 502,2019/08/16,2019/08/17,0,,14
Governor Residence,3799760,NA,Valencia,1,1,€ 600,2019/08/16,2019/08/17,0,,14
Gulet Why Not,5199364,NA,Valencia,1,1,€ 3.600,2019/08/16,2019/08/17,0,,14
Hostal Penalty,189209,NA,Valencia,1,1,€ 85,2019/08/16,2019/08/17,1,"7,9",14
B&B Hotel Valencia Ciudad de las Ciencias,92242,NA,Valencia,1,1,€ 89,2019/08/16,2019/08/17,3,"7,5",14
Classic Flat Valencia,4245614,Apartamento,Valencia,1,1,NA,2019/08/16,2019/08/17,0,"9,5",14
Hotel Turia,14441,NA,Valencia,1,1,€ 89,2019/08/16,2019/08/17,4,"7,5",14
Casual Civilizaciones Valencia,449777,NA,Valencia,1,1,€ 98,2019/08/16,2019/08/17,0,"7,9",14
YourPlace Apartments,2896608,Apartamentos,Valencia,1,1,€ 106,2019/08/16,2019/08/17,0,"7,7",14
Checkin Valencia,93743,NA,Valencia,1,1,€ 116,2019/08/16,2019/08/17,4,"7,8",14
SEA YOU HOTEL PORT VALENCIA,92328,NA,Valencia,1,1,€ 117,2019/08/16,2019/08/17,4,"7,6",14
Cosy Rooms Tapinería,371192,NA,Valencia,1,1,€ 131,2019/08/16,2019/08/17,2,"7,5",14
Apartamento Frederick “Centrico y con Clase”,4236394,Apartamento,Valencia,1,1,NA,2019/08/16,2019/08/17,0,"9,7",14
Hotel Beleret,94652,NA,Valencia,1,1,€ 144,2019/08/16,2019/08/17,3,"7,6",14
El 16 Ruzafa,865461,Apartamentos,Valencia,1,1,€ 154,2019/08/16,2019/08/17,0,"7,7",14
Living Valencia - Caballeros,3996637,Apartamentos,Valencia,1,1,€ 172,2019/08/16,2019/08/17,0,"7,5",14
Valencia Luxury Attics Ayuntamiento,337092,Apartamentos,Valencia,1,1,€ 210,2019/08/16,2019/08/17,0,"7,5",14
Like Apartments Gran Vía,3288247,Apartamentos,Valencia,1,1,€ 230,2019/08/16,2019/08/17,0,"7,5",14
Apartamento resort de lujo turístico primera linea playa Patacona,4579334,Apartamento,Valencia,1,1,€ 240,2019/08/16,2019/08/17,0,"7,7",14
Constitución,4229663,Apartamento,Valencia,1,1,NA,2019/08/16,2019/08/17,0,"9,6",14
MD Oliag I Apartment Ruzafa,2867488,Apartamento,Valencia,1,1,€ 513,2019/08/16,2019/08/17,0,"7,7",14
PISO ACOGEDOR,4995780,NA,Valencia,1,1,€ 50,2019/08/16,2019/08/17,0,"7,2",14
Ruzafa Rooms,2891693,NA,Valencia,1,1,€ 60,2019/08/16,2019/08/17,0,7,14
Homestay & OLEE,4132920,NA,Valencia,1,1,€ 80,2019/08/16,2019/08/17,0,"7,4",14
Central Station Valencia Hostel,1647017,NA,Valencia,1,1,€ 84,2019/08/16,2019/08/17,0,"7,1",14
Cosy Rooms Bolsería,371606,NA,Valencia,1,1,€ 99,2019/08/16,2019/08/17,2,"7,4",14
Cómoda habitación Valencia,4200488,NA,Valencia,1,1,NA,2019/08/16,2019/08/17,0,"9,5",14
HOSTAL BED OF THE SEA,3974636,NA,Valencia,1,1,€ 120,2019/08/16,2019/08/17,0,7,14
Casual de la Música Valencia,273130,NA,Valencia,1,1,€ 126,2019/08/16,2019/08/17,2,"7,4",14
NWT Monserrat,3728842,Apartamentos,Valencia,1,1,€ 144,2019/08/16,2019/08/17,0,"7,1",14
Centro Valencia Calle Cerrajeros,3476261,NA,Valencia,1,1,€ 150,2019/08/16,2019/08/17,0,7,14
Cosy Rooms Embajador,369728,NA,Valencia,1,1,€ 176,2019/08/16,2019/08/17,2,"7,4",14
Valencia Boutique Ayuntamiento,343355,Apartamentos,Valencia,1,1,€ 260,2019/08/16,2019/08/17,0,"7,2",14
TTdSSa VLC: Plaza Cisneros- 2- 5 pax 3 Bedrooms,4069293,Apartamento,Valencia,1,1,NA,2019/08/16,2019/08/17,0,"9,8",14
Premium Apartments,486507,Apartamentos,Valencia,1,1,€ 129,2019/08/16,2019/08/17,0,"6,9",14
Malvarrosa Beach,3546692,Casas y chalets,Valencia,1,1,€ 1.260,2019/08/16,2019/08/17,0,"6,9",14
Habitación con cama doble,4794909,NA,Valencia,1,1,€ 41,2019/08/16,2019/08/17,0,"6,1",14
Fun and Sun Center 2,2944416,NA,Valencia,1,1,€ 45,2019/08/16,2019/08/17,0,"6,2",14
Carrer del Bisbe Jaume Pérez,4900140,NA,Valencia,1,1,€ 60,2019/08/16,2019/08/17,0,"5,8",14
RoomTuristValencia - Ruzafa,4608394,NA,Valencia,1,1,€ 60,2019/08/16,2019/08/17,0,"5,8",14
Preciosa Casita Cerca Del Mar,4057271,Apartamento,Valencia,1,1,NA,2019/08/16,2019/08/17,0,"9,7",14
Home Sweet Home,1223953,NA,Valencia,1,1,€ 60,2019/08/16,2019/08/17,0,"5,6",14
Ruzafa Guesthouse,2269176,NA,Valencia,1,1,€ 65,2019/08/16,2019/08/17,0,"5,6",14
Oliver,4865093,NA,Valencia,1,1,€ 73,2019/08/16,2019/08/17,0,"5,7",14
Guest House Torres de Quart,2275006,NA,Valencia,1,1,€ 75,2019/08/16,2019/08/17,0,"5,5",14
Guest House Duc de Gaeta,2275007,NA,Valencia,1,1,€ 48,2019/08/16,2019/08/17,0,5,14
RoomTuristValencia Estacion del Norte,4682632,NA,Valencia,1,1,€ 55,2019/08/16,2019/08/17,0,"5,4",14
RoomTuristValencia RuzafaSumsi,4682802,NA,Valencia,1,1,€ 75,2019/08/16,2019/08/17,0,5,14
Guest House Ruzafa,2324552,NA,Valencia,1,1,€ 95,2019/08/16,2019/08/17,0,"5,3",14
RoomTuristValencia Torres de Quart,4565643,NA,Valencia,1,1,€ 55,2019/08/16,2019/08/17,0,"4,8",14
Guesthouse Plaza de Toros,2985902,NA,Valencia,1,1,€ 65,2019/08/16,2019/08/17,0,"4,9",14
Apartamento Islas Canarias,2304086,Apartamento,Valencia,1,1,€ 128,2019/08/16,2019/08/17,0,4,14
Ramirez Flats & Bar,4124528,Apartahotel,Valencia,1,1,€ 135,2019/08/16,2019/08/17,0,"9,5",14
Bubuflats Bubu 3,1014334,Apartamentos,Valencia,1,1,€ 135,2019/08/16,2019/08/17,0,"9,6",14
vosotros sereis parte de mi familia.,5299568,NA,Valencia,1,1,€ 50,2019/08/16,2019/08/17,0,,14
Valencia_PatraiX,5450613,NA,Valencia,1,1,€ 65,2019/08/16,2019/08/17,0,,14
Comfort Homestay,5423155,NA,Valencia,1,1,€ 79,2019/08/16,2019/08/17,0,,14
Disfruta - Enjoy Valencia Ayuntamiento,4901194,Apartamento,Valencia,1,1,NA,2019/08/16,2019/08/17,0,10,14
Apartamento Comedias,2236348,Apartamento,Valencia,1,1,€ 188,2019/08/16,2019/08/17,0,"9,8",14
Ciudad Ciencias- Lujo- Parking- Wi-Fi.,4999636,Apartamento,Valencia,1,1,€ 190,2019/08/16,2019/08/17,0,"9,8",14
Casa de la Reina,5394089,NA,Valencia,1,1,€ 85,2019/08/16,2019/08/17,0,,14
Acogedor apartamento en zona universitaria y playa,5414090,Casa o chalet,Valencia,1,1,€ 87,2019/08/16,2019/08/17,0,,14
Miresa flats 2.1A,5399747,Apartamento,Valencia,1,1,€ 90,2019/08/16,2019/08/17,0,,14
Loft Turia Gran,5133726,Apartamento,Valencia,1,1,€ 113,2019/08/16,2019/08/17,0,,14
Art&Flats Bed&Breakfast,5238345,NA,Valencia,1,1,€ 25,2019/08/16,2019/08/17,0,"9,2",14
Habitación doble,3599930,NA,Valencia,1,1,€ 77,2019/08/16,2019/08/17,0,9,14
Blanq Comedias,4922002,NA,Valencia,1,1,€ 86,2019/08/16,2019/08/17,0,9,14
YOU & CO. Saler Beach Boutique,4533007,NA,Valencia,1,1,€ 100,2019/08/16,2019/08/17,3,"9,2",14
VALENCIA APARTAMENTO GOYA,4256653,Apartamento,Valencia,1,1,NA,2019/08/16,2019/08/17,0,10,14
Hostal Venecia,92883,NA,Valencia,1,1,€ 102,2019/08/16,2019/08/17,2,"9,1",14
MD Design Hotel - Portal del Real,2391685,NA,Valencia,1,1,€ 111,2019/08/16,2019/08/17,2,"9,1",14
Hotel Valencia Alameda,4019381,NA,Valencia,1,1,€ 115,2019/08/16,2019/08/17,4,"9,3",14
Valenciaflats Centro Ciudad,18544,Apartamentos,Valencia,1,1,€ 124,2019/08/16,2019/08/17,0,"9,1",14
Live in Chianti,2227491,NA,Valencia,1,1,€ 129,2019/08/16,2019/08/17,0,"9,1",14
Sorolla Centro,90896,NA,Valencia,1,1,€ 132,2019/08/16,2019/08/17,3,"9,1",14
Melia Valencia,290493,NA,Valencia,1,1,€ 102,2019/08/16,2019/08/17,4,"8,8",14
Estrella de russafa,5352439,NA,Valencia,1,1,NA,2019/08/16,2019/08/17,0,"9,8",14
Mon Suites San Nicolas,4117225,Apartamentos,Valencia,1,1,€ 133,2019/08/16,2019/08/17,0,"9,2",14
Valencia apartamento,3056705,Apartahotel,Valencia,1,1,€ 138,2019/08/16,2019/08/17,0,"9,3",14
OttoH Charm Stay,2459807,NA,Valencia,1,1,€ 139,2019/08/16,2019/08/17,0,"9,3",14
AC Hotel Valencia- a Marriott Lifestyle Hotel,91063,NA,Valencia,1,1,€ 103,2019/08/16,2019/08/17,4,"8,6",14
Moderno Apartamento en la playa del Cabanyal,3432824,Apartamento,Valencia,1,1,NA,2019/08/16,2019/08/17,0,"9,6",14
Hotel Malcom and Barret,483261,NA,Valencia,1,1,€ 104,2019/08/16,2019/08/17,3,"8,7",14
Melia Plaza Valencia,13270,NA,Valencia,1,1,€ 105,2019/08/16,2019/08/17,4,"8,9",14
El Palacete Gran Via,3483148,NA,Valencia,1,1,€ 107,2019/08/16,2019/08/17,0,"8,7",14
Sercotel Sorolla Palace,93646,NA,Valencia,1,1,€ 107,2019/08/16,2019/08/17,4,"8,6",14
Jardín Botánico Hotel Boutique,93369,NA,Valencia,1,1,€ 108,2019/08/16,2019/08/17,3,"8,9",14
Friendly Rentals Mercado Central,3220956,Apartamento,Valencia,1,1,€ 142,2019/08/16,2019/08/17,0,"9,3",14
Mon Suites Catedral,485679,Apartamentos,Valencia,1,1,€ 147,2019/08/16,2019/08/17,0,"9,2",14
NH Collection Colón Valencia,3828811,NA,Valencia,1,1,€ 152,2019/08/16,2019/08/17,4,"9,2",14
Hostal Antigua Morellana,1273937,NA,Valencia,1,1,NA,2019/08/16,2019/08/17,1,"9,5",14
Citizentral Juristas,1113127,Apartamentos,Valencia,1,1,€ 155,2019/08/16,2019/08/17,0,"9,2",14
Hi Valencia Cánovas,4312120,Apartamentos,Valencia,1,1,€ 161,2019/08/16,2019/08/17,0,"9,1",14
Hotel Kramer,91106,NA,Valencia,1,1,€ 108,2019/08/16,2019/08/17,3,"8,8",14
Estrella de russafa,5352439,NA,Valencia,1,1,NA,2019/08/16,2019/08/17,0,"9,8",14
Lotelito,570027,NA,Valencia,1,1,€ 110,2019/08/16,2019/08/17,0,"8,9",14
UNIK. Apartments Valencia,2241282,Apartamentos,Valencia,1,1,€ 114,2019/08/16,2019/08/17,0,"8,5",14
Rooms Ciencias,94126,NA,Valencia,1,1,€ 117,2019/08/16,2019/08/17,0,"8,9",14
MARQUÉS HOUSE 4* SUP,2118880,NA,Valencia,1,1,€ 169,2019/08/16,2019/08/17,4,"9,4",14
MYR Hotel Plaza Mercado & Spa,1619029,Apartahotel,Valencia,1,1,€ 169,2019/08/16,2019/08/17,0,"9,2",14
Hogar Vera Apartments&Bikes,1807919,Apartamentos,Valencia,1,1,€ 174,2019/08/16,2019/08/17,0,"9,4",14
Casual Vintage Valencia,1710241,NA,Valencia,1,1,€ 117,2019/08/16,2019/08/17,2,"8,5",14
One Shot Colón 46,1394168,NA,Valencia,1,1,€ 119,2019/08/16,2019/08/17,3,"8,7",14
Hotel Valencia Oceanic Managed by Melia Hotels International,91522,NA,Valencia,1,1,€ 121,2019/08/16,2019/08/17,4,"8,6",14
Apartments Madrina,3278589,Apartamentos,Valencia,1,1,€ 175,2019/08/16,2019/08/17,0,9,14
Loft Superior el Carmen,2784473,Apartamento,Valencia,1,1,NA,2019/08/16,2019/08/17,0,"9,5",14
Apartamentos Wallace,1698355,Apartamentos,Valencia,1,1,€ 175,2019/08/16,2019/08/17,0,"9,2",14
Valenciaflats Ciudad de las Ciencias,93676,Apartamentos,Valencia,1,1,€ 179,2019/08/16,2019/08/17,0,"9,1",14
HQ Rooms Apartments San Vicente,2894429,Apartamentos,Valencia,1,1,€ 185,2019/08/16,2019/08/17,0,"9,3",14
Apartamento,3139431,Apartamento,Valencia,1,1,NA,2019/08/16,2019/08/17,0,"9,5",14
Hotel Dimar,90886,NA,Valencia,1,1,€ 122,2019/08/16,2019/08/17,4,"8,7",14
Casual del Cine Valencia,572187,NA,Valencia,1,1,€ 123,2019/08/16,2019/08/17,2,"8,6",14
Mon Suites San Martin,2777545,Apartamentos,Valencia,1,1,€ 187,2019/08/16,2019/08/17,0,"9,4",14
Vincci Mercat,1279484,NA,Valencia,1,1,€ 190,2019/08/16,2019/08/17,4,9,14
Mediterranean Flats Plaza Redonda,4086496,Apartamentos,Valencia,1,1,€ 195,2019/08/16,2019/08/17,0,"9,2",14
Canovas rooms,5296619,NA,Valencia,1,1,NA,2019/08/16,2019/08/17,0,"9,6",14
OCEANOGRAFIC APARTMENT. PARKING. WI-FI,3107716,Apartamentos,Valencia,1,1,€ 200,2019/08/16,2019/08/17,0,9,14
Boutique Creative Rooms,2334726,NA,Valencia,1,1,€ 126,2019/08/16,2019/08/17,0,"8,7",14
Hotel El Siglo,1741479,NA,Valencia,1,1,€ 127,2019/08/16,2019/08/17,3,"8,5",14
Zenit Valencia,92327,NA,Valencia,1,1,€ 128,2019/08/16,2019/08/17,4,"8,8",14
One Shot Mercat 09,2274203,NA,Valencia,1,1,€ 219,2019/08/16,2019/08/17,4,"9,2",14
Hi Valencia Apartments - Jorge Juan,2373701,Apartamento,Valencia,1,1,€ 221,2019/08/16,2019/08/17,0,"9,4",14
Caro Hotel,348132,NA,Valencia,1,1,€ 265,2019/08/16,2019/08/17,5,"9,2",14
Zerka Sendra,4657122,Apartamento,Valencia,1,1,€ 321,2019/08/16,2019/08/17,0,9,14
Las Arenas Balneario Resort,91144,NA,Valencia,1,1,€ 329,2019/08/16,2019/08/17,5,9,14
Petit Palace Ruzafa,90792,NA,Valencia,1,1,€ 129,2019/08/16,2019/08/17,3,"8,7",14
New apartment bioparc,4316710,Apartamento,Valencia,1,1,NA,2019/08/16,2019/08/17,0,"9,5",14
Barceló Valencia,91988,NA,Valencia,1,1,€ 131,2019/08/16,2019/08/17,4,"8,6",14
B&B Hi Valencia Boutique,1301725,NA,Valencia,1,1,€ 132,2019/08/16,2019/08/17,0,"8,7",14
Valenciaflats Centro Histórico,94781,Apartamentos,Valencia,1,1,€ 133,2019/08/16,2019/08/17,0,"8,7",14
Modern and comfortable room,4445289,NA,Valencia,1,1,€ 37,2019/08/16,2019/08/17,0,"8,7",14
Cozy Apartment & Rooms Patraix,3833828,Apartamentos,Valencia,1,1,€ 38,2019/08/16,2019/08/17,0,"8,6",14
Quart Youth Hostel,476418,NA,Valencia,1,1,€ 44,2019/08/16,2019/08/17,0,"8,7",14
Russafa Youth Hostel,345134,NA,Valencia,1,1,€ 47,2019/08/16,2019/08/17,0,"8,6",14
7 Moons Bed & Breakfast,464187,NA,Valencia,1,1,€ 59,2019/08/16,2019/08/17,0,"8,5",14
The River Hostel,494202,NA,Valencia,1,1,€ 62,2019/08/16,2019/08/17,0,"8,5",14
Namaste Rooms,3799642,NA,Valencia,1,1,€ 70,2019/08/16,2019/08/17,0,"8,6",14
Zalamera BnB,1331238,NA,Valencia,1,1,€ 78,2019/08/16,2019/08/17,0,"8,7",14
Hotel San Lorenzo Boutique,1307718,NA,Valencia,1,1,€ 135,2019/08/16,2019/08/17,3,"8,6",14
Pio XII Apartments Valencia,402080,Apartamentos,Valencia,1,1,€ 135,2019/08/16,2019/08/17,0,"8,5",14
Ilunion Aqua 4,92777,NA,Valencia,1,1,€ 135,2019/08/16,2019/08/17,4,"8,5",14
Central Park Apartment Valencia,3881533,Apartamento,Valencia,1,1,NA,2019/08/16,2019/08/17,0,"9,6",14
Citizentral Gascons,332095,Apartamentos,Valencia,1,1,€ 135,2019/08/16,2019/08/17,0,"8,7",14
AC Hotel Colon Valencia- a Marriott Lifestyle Hotel,1117150,NA,Valencia,1,1,€ 136,2019/08/16,2019/08/17,4,"8,6",14
Colegio Mayor La Concepción,626558,NA,Valencia,1,1,€ 79,2019/08/16,2019/08/17,0,"8,7",14
B&B Almirante,369695,NA,Valencia,1,1,€ 86,2019/08/16,2019/08/17,1,"8,8",14
Casa del Patriarca,364834,NA,Valencia,1,1,€ 90,2019/08/16,2019/08/17,0,"8,9",14
ABCyou Bed&Breakfast,189207,NA,Valencia,1,1,€ 101,2019/08/16,2019/08/17,0,"8,5",14
Home Youth Hostel by Feetup Hostels,189322,NA,Valencia,1,1,€ 138,2019/08/16,2019/08/17,0,"8,8",14
Blanq Carmen Hotel,97069,NA,Valencia,1,1,€ 139,2019/08/16,2019/08/17,3,"8,7",14
Hotel Mediterraneo Valencia,92412,NA,Valencia,1,1,€ 144,2019/08/16,2019/08/17,3,"8,8",14
Valenciaflats Mercado Central,307677,Apartamentos,Valencia,1,1,€ 147,2019/08/16,2019/08/17,0,"8,9",14
Canovas rooms,5296619,NA,Valencia,1,1,NA,2019/08/16,2019/08/17,0,"9,6",14
Petit Palace Plaza de la Reina,90443,NA,Valencia,1,1,€ 149,2019/08/16,2019/08/17,3,"8,7",14
Soho Valencia,1538641,Apartahotel,Valencia,1,1,€ 149,2019/08/16,2019/08/17,0,"8,9",14
Vincci Palace,94163,NA,Valencia,1,1,€ 150,2019/08/16,2019/08/17,4,"8,6",14
SKY TOURISTIC ATTIC,281640,Apartamentos,Valencia,1,1,€ 162,2019/08/16,2019/08/17,0,"8,5",14
València Centre Torres de Quart,886289,Apartamentos,Valencia,1,1,€ 165,2019/08/16,2019/08/17,0,"8,9",14
One Shot Palacio Reina Victoria 04,90885,NA,Valencia,1,1,€ 169,2019/08/16,2019/08/17,4,"8,6",14
BUBUFLATS / Mercat,783206,Apartamentos,Valencia,1,1,€ 170,2019/08/16,2019/08/17,0,"8,9",14
Vincci Lys,91183,NA,Valencia,1,1,€ 170,2019/08/16,2019/08/17,4,"8,9",14
Ad Hoc Monumental,90719,NA,Valencia,1,1,€ 177,2019/08/16,2019/08/17,3,"8,6",14
Catalonia Excelsior,90578,NA,Valencia,1,1,€ 180,2019/08/16,2019/08/17,3,"8,7",14
Plaza de la Virgen,3167342,Apartamento,Valencia,1,1,€ 185,2019/08/16,2019/08/17,0,"8,7",14
València Centre Túria,2185255,Apartamento,Valencia,1,1,€ 189,2019/08/16,2019/08/17,0,"8,8",14
Hospes Palau de La Mar,93823,NA,Valencia,1,1,€ 198,2019/08/16,2019/08/17,5,"8,8",14
SH Valencia Palace,91497,NA,Valencia,1,1,€ 210,2019/08/16,2019/08/17,5,"8,5",14
Zerka Centro,4425975,Apartamentos,Valencia,1,1,€ 229,2019/08/16,2019/08/17,0,"8,5",14
Ca Carmela,2466364,Casa o chalet,Valencia,1,1,€ 250,2019/08/16,2019/08/17,0,"8,9",14
The Westin Valencia,93321,NA,Valencia,1,1,€ 832,2019/08/16,2019/08/17,5,"8,7",14
Habitacion en Valencia Barata,4861796,NA,Valencia,1,1,€ 38,2019/08/16,2019/08/17,0,"8,2",14
Purple Nest Hostel,25278,NA,Valencia,1,1,€ 59,2019/08/16,2019/08/17,0,8,14
Residencia Universitaria Damia Bonet,247451,NA,Valencia,1,1,€ 61,2019/08/16,2019/08/17,0,"8,3",14
VALENCIA APARTAMENTO GOYA GRAN TERRAZA,4660558,Apartamento,Valencia,1,1,NA,2019/08/16,2019/08/17,0,"9,9",14
Red Nest Hostel,92283,NA,Valencia,1,1,€ 62,2019/08/16,2019/08/17,0,"8,2",14
Hostal Abastos,257057,NA,Valencia,1,1,€ 70,2019/08/16,2019/08/17,2,"8,2",14
Reina 12,1684198,NA,Valencia,1,1,€ 70,2019/08/16,2019/08/17,0,"8,3",14
Alquiler Habitacion Centro De Valencia,3977106,NA,Valencia,1,1,€ 72,2019/08/16,2019/08/17,0,"8,1",14
Hotel Alkazar,408511,NA,Valencia,1,1,€ 74,2019/08/16,2019/08/17,1,8,14
Mercado Central Rooms & Breakfast,2515022,NA,Valencia,1,1,€ 75,2019/08/16,2019/08/17,0,"8,3",14
Central new apartment,4526693,Apartamento,Valencia,1,1,NA,2019/08/16,2019/08/17,0,"9,5",14
Pension MonaLisa Luxury Suites,3834224,NA,Valencia,1,1,€ 80,2019/08/16,2019/08/17,0,"8,2",14
Tryp Valencia Feria,92852,NA,Valencia,1,1,€ 81,2019/08/16,2019/08/17,4,"8,3",14
City Suites Apartments,3091106,NA,Valencia,1,1,€ 93,2019/08/16,2019/08/17,0,"8,4",14
NH Valencia Las Ciencias,90725,NA,Valencia,1,1,€ 99,2019/08/16,2019/08/17,3,8,14
APARTAMENTO LAS MELLIZAS,4651578,NA,Valencia,1,1,€ 50,2019/08/16,2019/08/17,0,"8,4",14
MD Modern Hotel - Jardines,305447,NA,Valencia,1,1,€ 100,2019/08/16,2019/08/17,1,"8,2",14
Ruzafa Viva,4475954,Apartamento,Valencia,1,1,NA,2019/08/16,2019/08/17,0,"9,5",14
Silken Puerta Valencia,91182,NA,Valencia,1,1,€ 103,2019/08/16,2019/08/17,4,"8,3",14
Ilunion Aqua 3,92776,NA,Valencia,1,1,€ 103,2019/08/16,2019/08/17,3,"8,3",14
NH Valencia Center,90727,NA,Valencia,1,1,€ 105,2019/08/16,2019/08/17,4,"8,3",14
Senator Parque Central Hotel,274963,NA,Valencia,1,1,€ 106,2019/08/16,2019/08/17,4,"8,1",14
NH Valencia Las Artes,90731,NA,Valencia,1,1,€ 107,2019/08/16,2019/08/17,4,"8,3",14
Hotel Sercotel Acteón Valencia,90495,NA,Valencia,1,1,€ 107,2019/08/16,2019/08/17,4,"8,4",14
Casa Vich,4457634,Apartamento,Valencia,1,1,NA,2019/08/16,2019/08/17,0,"9,6",14
Hotel Valencia Center,91285,NA,Valencia,1,1,€ 108,2019/08/16,2019/08/17,4,"8,4",14
Aparthotel Valencia Rental,17344,Apartahotel,Valencia,1,1,€ 108,2019/08/16,2019/08/17,0,8,14
Sweet Hotel Continental,93856,NA,Valencia,1,1,€ 109,2019/08/16,2019/08/17,2,"8,3",14
Happy Apartments Valencia,456043,Apartamentos,Valencia,1,1,€ 109,2019/08/16,2019/08/17,0,"8,2",14
Primus Valencia,331871,NA,Valencia,1,1,€ 111,2019/08/16,2019/08/17,4,"8,3",14
Eurostars Gran Valencia,90484,NA,Valencia,1,1,€ 113,2019/08/16,2019/08/17,4,"8,3",14
la casita,4333253,Apartamento,Valencia,1,1,NA,2019/08/16,2019/08/17,0,"9,7",14
Casual de las Artes Valencia,538056,NA,Valencia,1,1,€ 117,2019/08/16,2019/08/17,3,"8,4",14
Sweet Hotel Renasa,274818,NA,Valencia,1,1,€ 119,2019/08/16,2019/08/17,3,8,14
B&B Hi Valencia Canovas,305349,NA,Valencia,1,1,€ 120,2019/08/16,2019/08/17,0,"8,4",14
L'Otelet By Sweet,1467935,NA,Valencia,1,1,€ 122,2019/08/16,2019/08/17,0,"8,3",14
Hotel Medium Valencia,96838,NA,Valencia,1,1,€ 126,2019/08/16,2019/08/17,4,"8,2",14
Valenciaflats Torres de Serrano,17468,Apartamentos,Valencia,1,1,€ 129,2019/08/16,2019/08/17,0,"8,3",14
New apartment bioparc,4316710,Apartamento,Valencia,1,1,NA,2019/08/16,2019/08/17,0,"9,5",14
United Colors of Apartments - Catedral,1301545,Apartamentos,Valencia,1,1,€ 131,2019/08/16,2019/08/17,0,"8,2",14
Friendly Rentals Puerto Deportivo,2317861,Apartamentos,Valencia,1,1,€ 134,2019/08/16,2019/08/17,0,"8,2",14
Apartamentos Plaza Picasso,97063,Apartamentos,Valencia,1,1,€ 135,2019/08/16,2019/08/17,0,"8,4",14
Eurostars Rey Don Jaime,91520,NA,Valencia,1,1,€ 143,2019/08/16,2019/08/17,4,"8,2",14
Hotel Conqueridor,91047,NA,Valencia,1,1,€ 144,2019/08/16,2019/08/17,4,"8,4",14
Atico Duplex en el Carmen,2954876,Apartamento,Valencia,1,1,€ 168,2019/08/16,2019/08/17,0,"8,4",14
NWT Central Station Apartments,3964093,Apartamento,Valencia,1,1,€ 189,2019/08/16,2019/08/17,0,"8,4",14
Musico Peydro Apartments,3765069,Apartamentos,Valencia,1,1,€ 215,2019/08/16,2019/08/17,0,"8,1",14
MD Sueca. Apartment with Terrace Ruzafa,2551179,Apartamento,Valencia,1,1,€ 513,2019/08/16,2019/08/17,0,"8,1",14
Apart and Benef,2291245,NA,Valencia,1,1,€ 38,2019/08/16,2019/08/17,0,"7,7",14
UP Hostel Valencia,1710137,NA,Valencia,1,1,€ 41,2019/08/16,2019/08/17,0,"7,8",14
Center Valencia Youth Hostel,246931,NA,Valencia,1,1,€ 42,2019/08/16,2019/08/17,0,"7,9",14
Como en casa,4802186,NA,Valencia,1,1,€ 54,2019/08/16,2019/08/17,0,"7,8",14
Valencia City Host,1177077,NA,Valencia,1,1,€ 58,2019/08/16,2019/08/17,0,"7,9",14
Pensión Universal,304276,NA,Valencia,1,1,€ 58,2019/08/16,2019/08/17,0,"7,9",14
Hostal Moratin,326015,NA,Valencia,1,1,€ 64,2019/08/16,2019/08/17,1,"7,9",14
Plaza Redonda house.,4399973,NA,Valencia,1,1,€ 73,2019/08/16,2019/08/17,0,"7,5",14
Valencia Lounge Hostel,337203,NA,Valencia,1,1,€ 81,2019/08/16,2019/08/17,0,"7,8",14
