name,propertyId,propertyType,city,rooms,days,price,checkIn,checkOut,stars,score,advance
Habitación con cama doble,4794909,NA,Valencia,1,1,€ 41,2019/08/26,2019/08/27,0,"6,3",7
Fun and Sun Center 2,2944416,NA,Valencia,1,1,€ 45,2019/08/26,2019/08/27,0,"6,1",7
AMAZING HOUSE- BEST LOCATION!,4728031,Apartamento,Valencia,1,1,NA,2019/08/26,2019/08/27,0,"9,7",7
Casita Esmeralda,2040126,Casa o chalet,Valencia,1,1,€ 154,2019/08/26,2019/08/27,0,"6,3",7
RoomTuristValencia - Ruzafa,4608394,NA,Valencia,1,1,€ 37,2019/08/26,2019/08/27,0,"5,6",7
Ruzafa Guesthouse,2269176,NA,Valencia,1,1,€ 48,2019/08/26,2019/08/27,0,"5,6",7
Carrer del Bisbe Jaume Pérez,4900140,NA,Valencia,1,1,€ 60,2019/08/26,2019/08/27,0,"5,6",7
Home Sweet Home,1223953,NA,Valencia,1,1,€ 60,2019/08/26,2019/08/27,0,"5,6",7
Oliver,4865093,NA,Valencia,1,1,€ 73,2019/08/26,2019/08/27,0,"5,8",7
Ático Valencia Centro,4358939,Apartamento,Valencia,1,1,NA,2019/08/26,2019/08/27,0,"9,9",7
Guest House Duc de Gaeta,2275007,NA,Valencia,1,1,€ 38,2019/08/26,2019/08/27,0,5,7
Guest House Torres de Quart,2275006,NA,Valencia,1,1,€ 38,2019/08/26,2019/08/27,0,"5,4",7
RoomTuristValencia Estacion del Norte,4682632,NA,Valencia,1,1,€ 45,2019/08/26,2019/08/27,0,"5,3",7
Guest House Ruzafa,2324552,NA,Valencia,1,1,€ 45,2019/08/26,2019/08/27,0,"5,3",7
Kirei Apartment Berlin,4504570,Apartamentos,Valencia,1,1,€ 126,2019/08/26,2019/08/27,0,"5,4",7
RoomTuristValencia RuzafaSumsi,4682802,NA,Valencia,1,1,€ 38,2019/08/26,2019/08/27,0,"4,8",7
The Heart of Mercado CENTRAL,4547476,Apartamento,Valencia,1,1,NA,2019/08/26,2019/08/27,0,"9,5",7
RoomTuristValencia Torres de Quart,4565643,NA,Valencia,1,1,€ 40,2019/08/26,2019/08/27,0,"4,6",7
Guesthouse Plaza de Toros,2985902,NA,Valencia,1,1,€ 42,2019/08/26,2019/08/27,0,"4,9",7
vosotros sereis parte de mi familia.,5299568,NA,Valencia,1,1,€ 50,2019/08/26,2019/08/27,0,,7
Hogar Dulce Hogar,5426607,NA,Valencia,1,1,€ 51,2019/08/26,2019/08/27,0,,7
Florista's Rooms en Valencia,5502152,NA,Valencia,1,1,€ 60,2019/08/26,2019/08/27,0,,7
Patraix,5366858,NA,Valencia,1,1,€ 65,2019/08/26,2019/08/27,0,,7
Hexagonal Design Apartment Valencia,4630643,Apartamento,Valencia,1,1,NA,2019/08/26,2019/08/27,0,"9,5",7
Comfort Homestay,5423155,NA,Valencia,1,1,€ 69,2019/08/26,2019/08/27,0,,7
Calle de Frederica Montseny 'Política' Casa o chalet,5152866,Casa o chalet,Valencia,1,1,€ 70,2019/08/26,2019/08/27,0,,7
Habitación en Valencia,5477394,NA,Valencia,1,1,€ 72,2019/08/26,2019/08/27,0,,7
Brugada home,5259150,NA,Valencia,1,1,€ 75,2019/08/26,2019/08/27,0,,7
Nest Style Valencia -Nueva apertura-,5219046,NA,Valencia,1,1,€ 76,2019/08/26,2019/08/27,3,,7
Magnífico Adosado- cerca de Valencia ciudad- en zona de montaña y playa fluvial,5354233,Casa o chalet,Valencia,1,1,€ 85,2019/08/26,2019/08/27,0,,7
Room Beach Malvarrosa,1343609,NA,Valencia,1,1,NA,2019/08/26,2019/08/27,0,"9,9",7
Miresa flats 2.1A,5399747,Apartamento,Valencia,1,1,€ 90,2019/08/26,2019/08/27,0,,7
Hermoso apartamento frente a la Universidad CEU,5278317,Apartamento,Valencia,1,1,€ 95,2019/08/26,2019/08/27,0,,7
CASA MARQUES DE CARO,4472176,Apartamento,Valencia,1,1,€ 139,2019/08/26,2019/08/27,0,,7
Art of Music Apartment Valencia,5263849,Apartamentos,Valencia,1,1,€ 155,2019/08/26,2019/08/27,0,,7
Valencia Center Spacious Apartment,5507857,Apartamento,Valencia,1,1,€ 180,2019/08/26,2019/08/27,0,,7
MD Rafael Janini II,5386557,Apartamento,Valencia,1,1,€ 231,2019/08/26,2019/08/27,0,,7
Apartamento en Ciudad de las Artes y las Ciencias,2995983,Apartamento,Valencia,1,1,NA,2019/08/26,2019/08/27,0,"9,7",7
MD POETA ANDRES CABRELLES,5385067,Apartamento,Valencia,1,1,€ 231,2019/08/26,2019/08/27,0,,7
MD Manuela Estellés,5386542,Apartamento,Valencia,1,1,€ 231,2019/08/26,2019/08/27,0,,7
MD Arquitecto Gascó,5385054,Apartamento,Valencia,1,1,€ 231,2019/08/26,2019/08/27,0,,7
MD Rafael Janini I,5386102,Apartamento,Valencia,1,1,€ 231,2019/08/26,2019/08/27,0,,7
Camping Ole,5496611,NA,Valencia,1,1,€ 237,2019/08/26,2019/08/27,0,,7
Apartamento con terraza,5238122,Apartahotel,Valencia,1,1,€ 240,2019/08/26,2019/08/27,0,,7
Apartment Carrer de Don Juan de Austria,5464038,Apartamentos,Valencia,1,1,€ 483,2019/08/26,2019/08/27,0,,7
Governor Residence,3799760,Apartahotel,Valencia,1,1,€ 600,2019/08/26,2019/08/27,0,,7
Gulet Why Not,5199364,NA,Valencia,1,1,€ 3.600,2019/08/26,2019/08/27,0,,7
Mon Suites Catedral,485679,NA,Valencia,1,1,€ 135,2019/08/26,2019/08/27,0,"9,2",7
Hi Valencia Apartments - Jorge Juan,2373701,NA,Valencia,1,1,€ 135,2019/08/26,2019/08/27,0,"9,4",7
Central Park Apartment Valencia,3881533,NA,Valencia,1,1,NA,2019/08/26,2019/08/27,0,"9,6",7
Apartamento Ruzafa Centro II,3718518,NA,Valencia,1,1,€ 137,2019/08/26,2019/08/27,0,9,7
Citizentral Juristas,1113127,NA,Valencia,1,1,€ 137,2019/08/26,2019/08/27,0,"9,2",7
NH Collection Colón Valencia,3828811,NA,Valencia,1,1,€ 144,2019/08/26,2019/08/27,4,"9,2",7
Edificio Pentagono,4673669,NA,Valencia,1,1,€ 145,2019/08/26,2019/08/27,0,"9,2",7
Mon Suites San Martin,2777545,NA,Valencia,1,1,€ 145,2019/08/26,2019/08/27,0,"9,4",7
Live in Chianti Apartaments,2882632,NA,Valencia,1,1,€ 148,2019/08/26,2019/08/27,0,"9,1",7
PORT VALENCIA PLAYA,5259971,NA,Valencia,1,1,NA,2019/08/26,2019/08/27,0,"9,8",7
WeRentVLC Charming Ruzafa,2839319,NA,Valencia,1,1,€ 150,2019/08/26,2019/08/27,0,"9,2",7
Palacio de Rojas,1073276,NA,Valencia,1,1,€ 151,2019/08/26,2019/08/27,0,"9,4",7
Valencia Sol Sun,2482393,NA,Valencia,1,1,€ 153,2019/08/26,2019/08/27,0,"9,4",7
Valenciaflats Ciudad de las Ciencias,93676,NA,Valencia,1,1,€ 160,2019/08/26,2019/08/27,0,"9,1",7
Hogar Vera Apartments&Bikes,1807919,NA,Valencia,1,1,€ 161,2019/08/26,2019/08/27,0,"9,4",7
MYR Hotel Plaza Mercado & Spa,1619029,NA,Valencia,1,1,€ 169,2019/08/26,2019/08/27,0,"9,2",7
Valencia Just in the Middle,2965508,NA,Valencia,1,1,NA,2019/08/26,2019/08/27,0,"9,9",7
MARQUÉS HOUSE 4* SUP,2118880,NA,Valencia,1,1,€ 189,2019/08/26,2019/08/27,4,"9,4",7
Jardines del Turia - Espacioso apartamento,2734126,NA,Valencia,1,1,€ 193,2019/08/26,2019/08/27,0,"9,1",7
Duplex en Blasco Ibáñez,3672426,NA,Valencia,1,1,€ 200,2019/08/26,2019/08/27,0,"9,1",7
Casa Paula,1857389,NA,Valencia,1,1,€ 216,2019/08/26,2019/08/27,0,"9,3",7
Vivaldi Valencia,427198,NA,Valencia,1,1,€ 220,2019/08/26,2019/08/27,0,"9,3",7
Hotel Boutique Balandret,1281710,NA,Valencia,1,1,€ 230,2019/08/26,2019/08/27,3,"9,2",7
Centro en Valencia,2885222,NA,Valencia,1,1,NA,2019/08/26,2019/08/27,0,"9,5",7
Lighthouse,2384209,NA,Valencia,1,1,€ 230,2019/08/26,2019/08/27,0,"9,4",7
Caro Hotel,348132,NA,Valencia,1,1,€ 275,2019/08/26,2019/08/27,5,"9,2",7
Las Arenas Balneario Resort,91144,NA,Valencia,1,1,€ 288,2019/08/26,2019/08/27,5,9,7
Zerka Sendra,4657122,NA,Valencia,1,1,€ 318,2019/08/26,2019/08/27,0,9,7
MD Julio Antonio Apartment Center,3961049,NA,Valencia,1,1,€ 385,2019/08/26,2019/08/27,0,"9,2",7
Peppes,3223423,NA,Valencia,1,1,€ 43,2019/08/26,2019/08/27,0,"8,5",7
Apartment Sofi,2830696,NA,Valencia,1,1,NA,2019/08/26,2019/08/27,0,"9,8",7
Pensión Alicante,298710,NA,Valencia,1,1,€ 47,2019/08/26,2019/08/27,0,"8,5",7
7 Moons Bed & Breakfast,464187,NA,Valencia,1,1,€ 53,2019/08/26,2019/08/27,0,"8,5",7
Estrella de russafa,5352439,NA,Valencia,1,1,€ 55,2019/08/26,2019/08/27,0,"8,6",7
Homestay Carrer Sagun,5006434,NA,Valencia,1,1,€ 55,2019/08/26,2019/08/27,0,"8,7",7
Russafa Youth Hostel,345134,NA,Valencia,1,1,€ 59,2019/08/26,2019/08/27,0,"8,6",7
Sabía que venias!,3543756,NA,Valencia,1,1,€ 60,2019/08/26,2019/08/27,0,"8,6",7
Apartamento,3139431,NA,Valencia,1,1,NA,2019/08/26,2019/08/27,0,"9,5",7
Apartamentos Plaza Picasso,97063,NA,Valencia,1,1,€ 69,2019/08/26,2019/08/27,0,"8,5",7
Colegio Mayor La Concepción,626558,NA,Valencia,1,1,€ 69,2019/08/26,2019/08/27,0,"8,6",7
Zalamera BnB,1331238,NA,Valencia,1,1,€ 70,2019/08/26,2019/08/27,0,"8,7",7
Host & Home,1663785,NA,Valencia,1,1,€ 72,2019/08/26,2019/08/27,0,"8,9",7
Suites by Eric Olsan (Peset),4726296,Apartamentos,Valencia,1,1,€ 100,2019/08/26,2019/08/27,0,"7,7",7
City Center Apartments,4426057,Apartamentos,Valencia,1,1,€ 108,2019/08/26,2019/08/27,0,"7,8",7
Disfruta - Enjoy Valencia Centre,3881970,Apartamento,Valencia,1,1,NA,2019/08/26,2019/08/27,0,"9,8",7
SEA YOU HOTEL PORT VALENCIA,92328,NA,Valencia,1,1,€ 115,2019/08/26,2019/08/27,4,"7,6",7
Art of Dance Apartment Valencia,3732969,Apartamento,Valencia,1,1,€ 120,2019/08/26,2019/08/27,0,"7,7",7
Apartamento Alguer,4005334,Apartamento,Valencia,1,1,€ 125,2019/08/26,2019/08/27,0,"7,6",7
Apartment Florista,2150187,Apartamento,Valencia,1,1,€ 125,2019/08/26,2019/08/27,0,"7,9",7
Old Town Flats Casa Burguerini,4552106,Apartamentos,Valencia,1,1,€ 126,2019/08/26,2019/08/27,0,"7,6",7
Kirei Apartment Calgary,4768322,Apartamento,Valencia,1,1,€ 126,2019/08/26,2019/08/27,0,"7,6",7
Carrer de l'Escriptor Rafael Ferreres,4267645,NA,Valencia,1,1,€ 75,2019/08/26,2019/08/27,0,"8,6",7
Casita bonita con piscina y jardin,5294677,NA,Valencia,1,1,€ 75,2019/08/26,2019/08/27,0,"8,9",7
Habitación doble,3599930,NA,Valencia,1,1,€ 77,2019/08/26,2019/08/27,0,"8,9",7
Casual del Cine Valencia,572187,NA,Valencia,1,1,€ 78,2019/08/26,2019/08/27,2,"8,6",7
ABCyou Bed&Breakfast,189207,NA,Valencia,1,1,€ 79,2019/08/26,2019/08/27,0,"8,5",7
Valencia Suits You Citytel,1106307,NA,Valencia,1,1,€ 79,2019/08/26,2019/08/27,2,"8,6",7
Blanq Carmen Hotel,97069,NA,Valencia,1,1,€ 81,2019/08/26,2019/08/27,3,"8,7",7
Hotel El Siglo,1741479,NA,Valencia,1,1,€ 81,2019/08/26,2019/08/27,3,"8,5",7
Casa del Patriarca,364834,NA,Valencia,1,1,€ 81,2019/08/26,2019/08/27,0,"8,9",7
Sercotel Sorolla Palace,93646,NA,Valencia,1,1,€ 82,2019/08/26,2019/08/27,4,"8,6",7
UNIK. Apartments Valencia,2241282,NA,Valencia,1,1,€ 83,2019/08/26,2019/08/27,0,"8,5",7
AC Hotel Valencia- a Marriott Lifestyle Hotel,91063,NA,Valencia,1,1,€ 84,2019/08/26,2019/08/27,4,"8,6",7
Home Youth Hostel by Feetup Hostels,189322,NA,Valencia,1,1,€ 84,2019/08/26,2019/08/27,0,"8,8",7
Hotel Dimar,90886,NA,Valencia,1,1,€ 86,2019/08/26,2019/08/27,4,"8,7",7
Casa Botànic - Céntrico y con comodidades,4218273,Apartamento,Valencia,1,1,NA,2019/08/26,2019/08/27,0,"9,8",7
El Globo,24498,NA,Valencia,1,1,€ 128,2019/08/26,2019/08/27,1,"7,8",7
Room in apartment,3701648,NA,Valencia,1,1,€ 130,2019/08/26,2019/08/27,0,"7,8",7
OYO Pensión El Rincón,476031,NA,Valencia,1,1,€ 135,2019/08/26,2019/08/27,1,"7,7",7
My Reception - Edificio Russafa,4732440,Apartamentos,Valencia,1,1,€ 135,2019/08/26,2019/08/27,0,"7,7",7
Friendly Rentals Danna,1634254,Apartamento,Valencia,1,1,€ 140,2019/08/26,2019/08/27,0,"7,7",7
Valencia Luxury Attics Ayuntamiento,337092,Apartamentos,Valencia,1,1,€ 170,2019/08/26,2019/08/27,0,"7,5",7
Arts Sciences Apartment,2228062,Apartamento,Valencia,1,1,NA,2019/08/26,2019/08/27,0,"9,7",7
Spain Host Valencia- Plaza del Ayuntamiento,2257049,Apartamentos,Valencia,1,1,€ 200,2019/08/26,2019/08/27,0,"7,5",7
Valencia Luxury Central Market,1078335,Apartamentos,Valencia,1,1,€ 200,2019/08/26,2019/08/27,0,"7,5",7
MD Art Apartment Ruzafa,2550955,Apartamento,Valencia,1,1,€ 305,2019/08/26,2019/08/27,0,"7,7",7
MD Abastos Center,2551194,Apartamento,Valencia,1,1,€ 449,2019/08/26,2019/08/27,0,"7,7",7
MD Oliag I Apartment Ruzafa,2867488,Apartamento,Valencia,1,1,€ 455,2019/08/26,2019/08/27,0,"7,7",7
Hostal Waksman,281139,NA,Valencia,1,1,€ 40,2019/08/26,2019/08/27,1,"7,3",7
Apartment Plaza Cisneros,1273377,Apartamentos,Valencia,1,1,NA,2019/08/26,2019/08/27,0,"9,8",7
Hostal Residencial RR,450746,NA,Valencia,1,1,€ 50,2019/08/26,2019/08/27,0,7,7
Plaza Redonda house.,4399973,NA,Valencia,1,1,€ 58,2019/08/26,2019/08/27,0,"7,4",7
HOSPEDAJE PESET,4718074,NA,Valencia,1,1,€ 60,2019/08/26,2019/08/27,0,"7,2",7
Central Station Valencia Hostel,1647017,NA,Valencia,1,1,€ 69,2019/08/26,2019/08/27,0,"7,1",7
central station valencia,2414838,Apartamentos,Valencia,1,1,€ 69,2019/08/26,2019/08/27,0,7,7
Cosy Rooms Embajador,369728,NA,Valencia,1,1,€ 70,2019/08/26,2019/08/27,2,"7,4",7
Flats Piera Valencia Center,1490563,Apartamentos,Valencia,1,1,NA,2019/08/26,2019/08/27,0,"9,6",7
Cosy Rooms Bolsería,371606,NA,Valencia,1,1,€ 74,2019/08/26,2019/08/27,2,"7,4",7
Centro Valencia Calle Cerrajeros,3476261,NA,Valencia,1,1,€ 80,2019/08/26,2019/08/27,0,"7,1",7
HOSTAL BED OF THE SEA,3974636,NA,Valencia,1,1,€ 82,2019/08/26,2019/08/27,0,"7,1",7
NWT Monserrat,3728842,Apartamentos,Valencia,1,1,€ 89,2019/08/26,2019/08/27,0,7,7
Malvarrosa Beach Rooms,314048,NA,Valencia,1,1,€ 90,2019/08/26,2019/08/27,2,"7,1",7
Apartamento Angel Alcazar 35,2174625,Apartamento,Valencia,1,1,€ 94,2019/08/26,2019/08/27,0,"7,4",7
La Morella del Carmen,5188541,Apartamento,Valencia,1,1,NA,2019/08/26,2019/08/27,0,"9,7",7
Valencia Apartments,4367788,Apartamentos,Valencia,1,1,€ 96,2019/08/26,2019/08/27,0,"7,2",7
Valencia Apartmans El Carmen,847910,Apartamentos,Valencia,1,1,€ 97,2019/08/26,2019/08/27,0,"7,4",7
Kirei Apartment Na Jordana,1702092,Apartamentos,Valencia,1,1,€ 98,2019/08/26,2019/08/27,0,7,7
SHF Sevilla Loft,850157,Apartamentos,Valencia,1,1,€ 100,2019/08/26,2019/08/27,0,"7,4",7
B&B El Mercat,2203530,NA,Valencia,1,1,€ 120,2019/08/26,2019/08/27,0,"7,3",7
Kirei Apartment En Llop,1765516,Apartamentos,Valencia,1,1,€ 150,2019/08/26,2019/08/27,0,"7,2",7
Valencia Luxury Town Hall,866934,Apartamentos,Valencia,1,1,€ 160,2019/08/26,2019/08/27,0,"7,1",7
Las casitas de la playa,3177809,Apartamentos,Valencia,1,1,€ 168,2019/08/26,2019/08/27,0,"7,2",7
Valencia Luxury Group Apartments,1648016,Apartamentos,Valencia,1,1,€ 180,2019/08/26,2019/08/27,0,"7,3",7
Valencia Boutique Ayuntamiento,343355,Apartamentos,Valencia,1,1,€ 200,2019/08/26,2019/08/27,0,"7,2",7
Apartamento para 10 personas,5029963,Apartamento,Valencia,1,1,€ 200,2019/08/26,2019/08/27,0,"7,3",7
Valencia Luxury La Paz,1107542,Apartamentos,Valencia,1,1,€ 220,2019/08/26,2019/08/27,0,"7,2",7
Valencia Boutique Ciencias,387785,Apartamentos,Valencia,1,1,€ 235,2019/08/26,2019/08/27,0,"7,4",7
Loyola Room Habitación en Piso Compartido,3298489,NA,Valencia,1,1,€ 39,2019/08/26,2019/08/27,0,"6,7",7
Premium Apartments,486507,Apartamentos,Valencia,1,1,€ 94,2019/08/26,2019/08/27,0,"6,9",7
Loft Central Market - Tapas,3187998,Apartamento,Valencia,1,1,€ 123,2019/08/26,2019/08/27,0,"6,5",7
MD Villalonga Malvarosa Beach,3739661,Apartamento,Valencia,1,1,€ 350,2019/08/26,2019/08/27,0,"6,8",7
Malvarrosa Beach,3546692,Casas y chalets,Valencia,1,1,€ 1.260,2019/08/26,2019/08/27,0,"6,8",7
Apartamento en Valencia,2549783,Apartamento,Valencia,1,1,€ 150,2019/08/26,2019/08/27,0,"8,7",7
Cathedral Suites Hotel,1736257,Apartahotel,Valencia,1,1,€ 159,2019/08/26,2019/08/27,4,"8,9",7
Preciosa Casita Cerca Del Mar,4057271,Apartamento,Valencia,1,1,NA,2019/08/26,2019/08/27,0,"9,7",7
Plaza de la Virgen,3167342,Apartamento,Valencia,1,1,€ 170,2019/08/26,2019/08/27,0,"8,7",7
Hospes Palau de La Mar,93823,NA,Valencia,1,1,€ 171,2019/08/26,2019/08/27,5,"8,8",7
The Westin Valencia,93321,NA,Valencia,1,1,€ 173,2019/08/26,2019/08/27,5,"8,7",7
Hotel Neptuno,91206,NA,Valencia,1,1,€ 185,2019/08/26,2019/08/27,4,"8,5",7
Puerta de Serranos,2734333,Apartamentos,Valencia,1,1,€ 195,2019/08/26,2019/08/27,0,"8,8",7
Habitacion en Valencia Barata,4861796,NA,Valencia,1,1,€ 38,2019/08/26,2019/08/27,0,"8,1",7
Luxury Beach House,3602594,Casa o chalet,Valencia,1,1,NA,2019/08/26,2019/08/27,0,"9,7",7
Albergue Juvenil Colegio Mayor Galileo Galilei,253103,NA,Valencia,1,1,€ 40,2019/08/26,2019/08/27,0,8,7
B&B Una Habitación Propia,1450279,NA,Valencia,1,1,€ 50,2019/08/26,2019/08/27,0,"8,2",7
Hostal Abastos,257057,NA,Valencia,1,1,€ 50,2019/08/26,2019/08/27,2,"8,2",7
HABITACIÓN PRIVADA EN RUZAFA,4948581,NA,Valencia,1,1,€ 51,2019/08/26,2019/08/27,0,"8,2",7
B&B Hi Valencia Canovas,305349,NA,Valencia,1,1,€ 52,2019/08/26,2019/08/27,0,"8,4",7
Residencia Universitaria Damia Bonet,247451,NA,Valencia,1,1,€ 54,2019/08/26,2019/08/27,0,"8,3",7
Constitución,4229663,Apartamento,Valencia,1,1,NA,2019/08/26,2019/08/27,0,"9,6",7
Como en casa,4802186,NA,Valencia,1,1,€ 54,2019/08/26,2019/08/27,0,8,7
Innsa,503793,NA,Valencia,1,1,€ 55,2019/08/26,2019/08/27,0,"8,3",7
Purple Nest Hostel,25278,NA,Valencia,1,1,€ 57,2019/08/26,2019/08/27,0,"8,1",7
Pension MonaLisa Luxury Suites,3834224,NA,Valencia,1,1,€ 60,2019/08/26,2019/08/27,0,"8,3",7
Hotel Villacarlos,90730,NA,Valencia,1,1,€ 62,2019/08/26,2019/08/27,3,8,7
L'Otelet By Sweet,1467935,NA,Valencia,1,1,€ 64,2019/08/26,2019/08/27,0,"8,3",7
Casa La Buhardilla,2985364,Apartamento,Valencia,1,1,NA,2019/08/26,2019/08/27,0,"9,6",7
Red Nest Hostel,92283,NA,Valencia,1,1,€ 64,2019/08/26,2019/08/27,0,"8,2",7
Urban Youth Hostel,1163025,NA,Valencia,1,1,€ 70,2019/08/26,2019/08/27,0,"8,4",7
NH Valencia Las Artes,90731,NA,Valencia,1,1,€ 73,2019/08/26,2019/08/27,4,"8,4",7
Aparthotel Valencia Rental,17344,Apartahotel,Valencia,1,1,€ 74,2019/08/26,2019/08/27,0,8,7
Happy Apartments Valencia,456043,Apartamentos,Valencia,1,1,€ 74,2019/08/26,2019/08/27,0,"8,2",7
Dormavalencia Hostel,249585,NA,Valencia,1,1,€ 75,2019/08/26,2019/08/27,1,"8,2",7
Barracart Apartments,2125836,Apartamentos,Valencia,1,1,NA,2019/08/26,2019/08/27,0,"9,6",7
Ilunion Aqua 3,92776,NA,Valencia,1,1,€ 78,2019/08/26,2019/08/27,3,"8,3",7
Sweet Hotel Continental,93856,NA,Valencia,1,1,€ 79,2019/08/26,2019/08/27,2,"8,3",7
United Colors of Apartments - Catedral,1301545,Apartamentos,Valencia,1,1,€ 79,2019/08/26,2019/08/27,0,"8,2",7
Apartamentos En Plom,3666575,Apartamento,Valencia,1,1,€ 80,2019/08/26,2019/08/27,0,"8,2",7
Reina 12,1684198,NA,Valencia,1,1,€ 80,2019/08/26,2019/08/27,0,"8,2",7
Eurostars Rey Don Jaime,91520,NA,Valencia,1,1,€ 80,2019/08/26,2019/08/27,4,"8,2",7
JL Ciudad de las Artes,3074378,Apartamento,Valencia,1,1,NA,2019/08/26,2019/08/27,0,"9,6",7
NH Valencia Las Ciencias,90725,NA,Valencia,1,1,€ 81,2019/08/26,2019/08/27,3,8,7
NH Ciudad de Valencia,90729,NA,Valencia,1,1,€ 82,2019/08/26,2019/08/27,3,"8,1",7
Sweet Hotel Renasa,274818,NA,Valencia,1,1,€ 84,2019/08/26,2019/08/27,3,8,7
Homestay Valencia,2597106,NA,Valencia,1,1,€ 84,2019/08/26,2019/08/27,0,"8,1",7
Tryp Valencia Feria,92852,NA,Valencia,1,1,€ 85,2019/08/26,2019/08/27,4,"8,3",7
Apartment Vicent,1674495,Apartamentos,Valencia,1,1,€ 85,2019/08/26,2019/08/27,0,"8,2",7
Palacios Rooms,2773548,NA,Valencia,1,1,€ 86,2019/08/26,2019/08/27,0,"8,3",7
Silken Puerta Valencia,91182,NA,Valencia,1,1,€ 88,2019/08/26,2019/08/27,4,"8,3",7
Hotel Olympia Universidades,1301731,NA,Valencia,1,1,€ 88,2019/08/26,2019/08/27,3,"8,4",7
Ilunion Valencia 4,754329,NA,Valencia,1,1,€ 89,2019/08/26,2019/08/27,4,8,7
Senator Parque Central Hotel,274963,NA,Valencia,1,1,€ 90,2019/08/26,2019/08/27,4,"8,1",7
MD Modern Hotel - Jardines,305447,NA,Valencia,1,1,€ 90,2019/08/26,2019/08/27,1,"8,2",7
NH Valencia Center,90727,NA,Valencia,1,1,€ 90,2019/08/26,2019/08/27,4,"8,3",7
Apartamento Ciudad de las Artes y las Ciencias,4353552,Apartamento,Valencia,1,1,€ 90,2019/08/26,2019/08/27,0,"8,2",7
Hotel Valencia Center,91285,NA,Valencia,1,1,€ 90,2019/08/26,2019/08/27,4,"8,4",7
City Suites Apartments,3091106,NA,Valencia,1,1,€ 93,2019/08/26,2019/08/27,0,"8,4",7
Sol Playa,12656,NA,Valencia,1,1,€ 94,2019/08/26,2019/08/27,2,"8,3",7
Hotel Medium Valencia,96838,NA,Valencia,1,1,€ 99,2019/08/26,2019/08/27,4,"8,2",7
Holiday Inn Express Ciudad de las Ciencias,96737,NA,Valencia,1,1,€ 99,2019/08/26,2019/08/27,3,8,7
Reina's Apartment,2130930,Apartamentos,Valencia,1,1,€ 100,2019/08/26,2019/08/27,0,"8,4",7
City Valencia Beach 360,4504803,Apartamento,Valencia,1,1,NA,2019/08/26,2019/08/27,0,"9,5",7
SHF Flats Baron,1033085,Apartamentos,Valencia,1,1,€ 100,2019/08/26,2019/08/27,0,8,7
Valencia Boutique Plaza de la Reina,1541067,Apartamentos,Valencia,1,1,€ 100,2019/08/26,2019/08/27,0,8,7
Apartamentos el Pilar,237104,Apartamentos,Valencia,1,1,€ 105,2019/08/26,2019/08/27,0,8,7
Valenciaflats Torres de Serrano,17468,Apartamentos,Valencia,1,1,€ 105,2019/08/26,2019/08/27,0,"8,3",7
SingularStays Mercado Central,1119829,Apartamentos,Valencia,1,1,€ 107,2019/08/26,2019/08/27,0,"8,4",7
Eurostars Gran Valencia,90484,NA,Valencia,1,1,€ 107,2019/08/26,2019/08/27,4,"8,3",7
Valencia center,3168460,Apartamento,Valencia,1,1,NA,2019/08/26,2019/08/27,0,"9,8",7
NWT Central Station Apartments,3964093,Apartamento,Valencia,1,1,€ 109,2019/08/26,2019/08/27,0,"8,3",7
Preciosos Apartamentos en el Carmen,2918345,Apartamentos,Valencia,1,1,€ 110,2019/08/26,2019/08/27,0,"8,1",7
Friendly Rentals Pergolesi,1634240,Apartamentos,Valencia,1,1,€ 110,2019/08/26,2019/08/27,0,"8,4",7
Casual de las Artes Valencia,538056,NA,Valencia,1,1,€ 114,2019/08/26,2019/08/27,3,"8,4",7
SH Ingles Boutique Hotel,92956,NA,Valencia,1,1,€ 117,2019/08/26,2019/08/27,4,"8,4",7
Hotel Conqueridor,91047,NA,Valencia,1,1,€ 140,2019/08/26,2019/08/27,4,"8,4",7
Espai Loft Santa Mónica,4574135,Apartamento,Valencia,1,1,NA,2019/08/26,2019/08/27,0,"9,8",7
Flatsforyou Petit Bonaire,455152,Apartamentos,Valencia,1,1,€ 140,2019/08/26,2019/08/27,0,"8,3",7
Friendly Rentals Ferrero,2314984,Apartamento,Valencia,1,1,€ 140,2019/08/26,2019/08/27,0,"8,3",7
Primus Valencia,331871,NA,Valencia,1,1,€ 158,2019/08/26,2019/08/27,4,"8,2",7
Zerka Centro,4425975,Apartamentos,Valencia,1,1,€ 208,2019/08/26,2019/08/27,0,"8,4",7
Musico Peydro Apartments,3765069,Apartamentos,Valencia,1,1,€ 215,2019/08/26,2019/08/27,0,"8,1",7
MD Benlliure Beach.,1957258,Apartamento,Valencia,1,1,€ 392,2019/08/26,2019/08/27,0,8,7
Casual Vintage Valencia,1710241,NA,Valencia,1,1,€ 86,2019/08/26,2019/08/27,2,"8,5",7
Hotel Malcom and Barret,483261,NA,Valencia,1,1,€ 89,2019/08/26,2019/08/27,3,"8,7",7
Lounge by the sea,4756780,Apartamento,Valencia,1,1,NA,2019/08/26,2019/08/27,0,"9,8",7
Ad Hoc Carmen,1173270,NA,Valencia,1,1,€ 89,2019/08/26,2019/08/27,2,"8,9",7
One Shot Colón 46,1394168,NA,Valencia,1,1,€ 89,2019/08/26,2019/08/27,3,"8,7",7
B&B Hi Valencia Boutique,1301725,NA,Valencia,1,1,€ 89,2019/08/26,2019/08/27,0,"8,7",7
Melia Valencia,290493,NA,Valencia,1,1,€ 90,2019/08/26,2019/08/27,4,"8,8",7
Apartamento centro frente a Torres de Serrano,3408067,Apartamento,Valencia,1,1,NA,2019/08/26,2019/08/27,0,"9,5",7
MD Vila Barbera Apartment Center,1957253,Apartamento,Valencia,1,1,€ 470,2019/08/26,2019/08/27,0,"8,4",7
Rooms Central Valencia,5374651,NA,Valencia,1,1,€ 35,2019/08/26,2019/08/27,0,"7,7",7
Habitaciones Barra89,1076252,NA,Valencia,1,1,€ 40,2019/08/26,2019/08/27,0,"7,8",7
Pensión Universal,304276,NA,Valencia,1,1,€ 42,2019/08/26,2019/08/27,0,"7,9",7
Olympia Flats,4212801,NA,Valencia,1,1,€ 30,2019/08/26,2019/08/27,0,"9,7",7
Opera House Valencia B&B,3533887,NA,Valencia,1,1,€ 90,2019/08/26,2019/08/27,0,"9,5",7
VALENCIA APARTAMENTO GOYA,4256653,Apartamento,Valencia,1,1,NA,2019/08/26,2019/08/27,0,10,7
L'Esplai Valencia Bed & Breakfast,1282556,NA,Valencia,1,1,€ 99,2019/08/26,2019/08/27,0,"9,6",7
Quart Youth Hostel,476418,NA,Valencia,1,1,€ 90,2019/08/26,2019/08/27,0,"8,7",7
València Centre Túria,2185255,Apartamento,Valencia,1,1,€ 94,2019/08/26,2019/08/27,0,"8,8",7
Apartamento Bolseria 28,881275,Apartamentos,Valencia,1,1,NA,2019/08/26,2019/08/27,0,"9,5",7
Hotel Kramer,91106,NA,Valencia,1,1,€ 95,2019/08/26,2019/08/27,3,"8,8",7
Hotel Sercotel Acteón Valencia,90495,NA,Valencia,1,1,€ 97,2019/08/26,2019/08/27,4,"8,5",7
United Colors of Apartments Boutique Style,5372347,Apartamentos,Valencia,1,1,€ 103,2019/08/26,2019/08/27,0,"9,9",7
Apartments Downtown Valencia,2250421,Apartamentos,Valencia,1,1,€ 110,2019/08/26,2019/08/27,0,"9,6",7
Ramirez Flats & Bar,4124528,Apartahotel,Valencia,1,1,€ 120,2019/08/26,2019/08/27,0,"9,5",7
Bubuflats Bubu 3,1014334,Apartamentos,Valencia,1,1,€ 135,2019/08/26,2019/08/27,0,"9,6",7
UP Hostel Valencia,1710137,NA,Valencia,1,1,€ 43,2019/08/26,2019/08/27,0,"7,8",7
La Casa Del Colibri Youth Hostel,2094497,NA,Valencia,1,1,€ 45,2019/08/26,2019/08/27,0,"7,9",7
Casa Calle Conquista,4691493,Apartamento,Valencia,1,1,NA,2019/08/26,2019/08/27,0,"9,6",7
KOA Centric- comfy and relaxed with style in Ruzafa,4105224,Apartamento,Valencia,1,1,€ 149,2019/08/26,2019/08/27,0,"9,9",7
MerKat-Abastos,1231196,Apartamento,Valencia,1,1,NA,2019/08/26,2019/08/27,0,"9,7",7
La seda stay,3335523,Apartamento,Valencia,1,1,€ 170,2019/08/26,2019/08/27,0,"9,7",7
Apartments Torres de Serranos Valencia,1099602,Apartamentos,Valencia,1,1,€ 172,2019/08/26,2019/08/27,0,"9,6",7
Disfruta - Enjoy Valencia Ruzafa,3890328,Apartamento,Valencia,1,1,€ 185,2019/08/26,2019/08/27,0,"9,7",7
Petit Palace Ruzafa,90792,NA,Valencia,1,1,€ 98,2019/08/26,2019/08/27,3,"8,7",7
Pio XII Apartments Valencia,402080,Apartamentos,Valencia,1,1,€ 99,2019/08/26,2019/08/27,0,"8,5",7
Jardín Botánico Hotel Boutique,93369,NA,Valencia,1,1,€ 101,2019/08/26,2019/08/27,3,"8,9",7
Hotel San Lorenzo Boutique,1307718,NA,Valencia,1,1,€ 104,2019/08/26,2019/08/27,3,"8,6",7
Ayuntamiento Panoramic,3089239,Apartamento,Valencia,1,1,NA,2019/08/26,2019/08/27,0,"9,5",7
Habitación San Cayetano,4624401,NA,Valencia,1,1,€ 45,2019/08/26,2019/08/27,0,"7,7",7
Voyagers Inn Homestay,2682156,NA,Valencia,1,1,€ 48,2019/08/26,2019/08/27,0,"7,8",7
Center Valencia Youth Hostel,246931,NA,Valencia,1,1,€ 48,2019/08/26,2019/08/27,0,"7,9",7
Hostal Moratin,326015,NA,Valencia,1,1,€ 48,2019/08/26,2019/08/27,1,"7,9",7
Art&Flats Bed&Breakfast,5238345,NA,Valencia,1,1,€ 50,2019/08/26,2019/08/27,0,"9,2",7
Habitación privada a 1500 metros de la playa,3789910,NA,Valencia,1,1,€ 60,2019/08/26,2019/08/27,0,"9,3",7
YOU & CO. Saler Beach Boutique,4533007,NA,Valencia,1,1,€ 69,2019/08/26,2019/08/27,3,"9,2",7
BONNIES Suites & Spa Valencia,3631910,Apartamentos,Valencia,1,1,NA,2019/08/26,2019/08/27,0,"9,8",7
Hostal Venecia,92883,NA,Valencia,1,1,€ 70,2019/08/26,2019/08/27,2,"9,1",7
Casual Civilizaciones Valencia,449777,NA,Valencia,1,1,€ 50,2019/08/26,2019/08/27,0,"7,9",7
Valencia City Host,1177077,NA,Valencia,1,1,€ 54,2019/08/26,2019/08/27,0,"7,8",7
So de Mar,2204496,Apartamento,Valencia,1,1,NA,2019/08/26,2019/08/27,0,"9,6",7
Hospederia del Pilar,327766,NA,Valencia,1,1,€ 54,2019/08/26,2019/08/27,0,"7,9",7
Ad Hoc Monumental,90719,NA,Valencia,1,1,€ 104,2019/08/26,2019/08/27,3,"8,6",7
Melia Plaza Valencia,13270,NA,Valencia,1,1,€ 105,2019/08/26,2019/08/27,4,"8,9",7
Plaza Sainetero Arniches,3984774,Apartamento,Valencia,1,1,€ 105,2019/08/26,2019/08/27,0,"8,5",7
Rooms Ciencias,94126,NA,Valencia,1,1,€ 105,2019/08/26,2019/08/27,0,"8,9",7
Valenciaflats Centro Histórico,94781,Apartamentos,Valencia,1,1,€ 105,2019/08/26,2019/08/27,0,"8,7",7
Lotelito,570027,NA,Valencia,1,1,€ 105,2019/08/26,2019/08/27,0,"8,9",7
Stay at Valencia Downtown,1840715,Apartamento,Valencia,1,1,NA,2019/08/26,2019/08/27,0,"9,5",7
Ilunion Aqua 4,92777,NA,Valencia,1,1,€ 107,2019/08/26,2019/08/27,4,"8,5",7
Suites by Eric Olsan (Florista),4726450,Apartamentos,Valencia,1,1,€ 108,2019/08/26,2019/08/27,0,"8,6",7
Petit Palace Plaza de la Reina,90443,NA,Valencia,1,1,€ 109,2019/08/26,2019/08/27,3,"8,7",7
Light and bright apartment in central Valencia,3767109,Apartamentos,Valencia,1,1,€ 110,2019/08/26,2019/08/27,0,"8,9",7
Live in Chianti,2227491,NA,Valencia,1,1,€ 89,2019/08/26,2019/08/27,0,"9,1",7
La casita de Palomar,2132386,Apartamentos,Valencia,1,1,€ 89,2019/08/26,2019/08/27,0,"9,4",7
Apartment close to park Marchalenes,4418670,Apartamento,Valencia,1,1,€ 90,2019/08/26,2019/08/27,0,"9,1",7
Apartamento bianca,3205847,Apartamento,Valencia,1,1,€ 91,2019/08/26,2019/08/27,0,"9,1",7
Apartamento Rosaleda,3014201,Apartamento,Valencia,1,1,€ 95,2019/08/26,2019/08/27,0,9,7
Musico Art Flat,2925957,Apartamento,Valencia,1,1,NA,2019/08/26,2019/08/27,0,"9,6",7
Bianca,4232781,Apartamento,Valencia,1,1,€ 96,2019/08/26,2019/08/27,0,9,7
Mon Suites San Nicolas,4117225,Apartamentos,Valencia,1,1,€ 97,2019/08/26,2019/08/27,0,"9,2",7
Hotel Valencia Alameda,4019381,NA,Valencia,1,1,€ 98,2019/08/26,2019/08/27,4,"9,3",7
Casual Socarrat Valencia,5142800,NA,Valencia,1,1,€ 99,2019/08/26,2019/08/27,3,"9,4",7
Sorolla Centro,90896,NA,Valencia,1,1,€ 99,2019/08/26,2019/08/27,3,"9,1",7
Apart and Benef,2291245,NA,Valencia,1,1,€ 54,2019/08/26,2019/08/27,0,"7,8",7
Hotel Beleret,94652,NA,Valencia,1,1,€ 56,2019/08/26,2019/08/27,3,"7,6",7
Hostal Bisbal,235665,NA,Valencia,1,1,€ 60,2019/08/26,2019/08/27,1,"7,5",7
Jero Rooms,296743,NA,Valencia,1,1,€ 63,2019/08/26,2019/08/27,0,"7,7",7
Valencia Lounge Hostel,337203,NA,Valencia,1,1,€ 63,2019/08/26,2019/08/27,0,"7,8",7
Casual de la Música Valencia,273130,NA,Valencia,1,1,€ 68,2019/08/26,2019/08/27,2,"7,5",7
Centro & Viaje,4215175,NA,Valencia,1,1,€ 68,2019/08/26,2019/08/27,0,"7,6",7
Habitacion por dias Centro Valencia,3977106,NA,Valencia,1,1,€ 72,2019/08/26,2019/08/27,0,"7,9",7
Expo Hotel Valencia,91223,NA,Valencia,1,1,€ 73,2019/08/26,2019/08/27,3,"7,6",7
B&B Hotel Valencia Ciudad de las Ciencias,92242,NA,Valencia,1,1,€ 74,2019/08/26,2019/08/27,3,"7,5",7
Barceló Valencia,91988,NA,Valencia,1,1,€ 110,2019/08/26,2019/08/27,4,"8,7",7
Friendly Rentals Brade,1918694,Apartamento,Valencia,1,1,€ 110,2019/08/26,2019/08/27,0,"8,9",7
Apartment Cisneros 2,2361375,Apartamento,Valencia,1,1,NA,2019/08/26,2019/08/27,0,"9,7",7
Boutique Creative Rooms,2334726,NA,Valencia,1,1,€ 111,2019/08/26,2019/08/27,0,"8,8",7
AC Hotel Colon Valencia- a Marriott Lifestyle Hotel,1117150,NA,Valencia,1,1,€ 111,2019/08/26,2019/08/27,4,"8,7",7
Welcomer Apartments Valencia,19363,Apartamentos,Valencia,1,1,€ 112,2019/08/26,2019/08/27,0,"8,7",7
València Centre Torres de Quart,886289,Apartamentos,Valencia,1,1,€ 114,2019/08/26,2019/08/27,0,"8,9",7
Zenit Valencia,92327,NA,Valencia,1,1,€ 117,2019/08/26,2019/08/27,4,"8,8",7
ValentiaApartments - MercadoCentral,4185241,Apartamentos,Valencia,1,1,€ 117,2019/08/26,2019/08/27,0,"8,7",7
CÓMODAS HABITACIONES CERCA DE LA PLAYA,5041799,NA,Valencia,1,1,NA,2019/08/26,2019/08/27,0,"9,5",7
Citizentral Gascons,332095,Apartamentos,Valencia,1,1,€ 118,2019/08/26,2019/08/27,0,"8,7",7
Soho Valencia,1538641,Apartahotel,Valencia,1,1,€ 119,2019/08/26,2019/08/27,0,"8,9",7
Cosy Rooms Tapinería,371192,NA,Valencia,1,1,€ 78,2019/08/26,2019/08/27,2,"7,5",7
Hotel Turia,14441,NA,Valencia,1,1,€ 79,2019/08/26,2019/08/27,4,"7,5",7
Ilunion Valencia 3,92818,NA,Valencia,1,1,€ 80,2019/08/26,2019/08/27,3,"7,9",7
Checkin Valencia,93743,NA,Valencia,1,1,€ 80,2019/08/26,2019/08/27,4,"7,8",7
United Colors of Studios - Mercado Central,2574108,Apartamentos,Valencia,1,1,€ 85,2019/08/26,2019/08/27,0,"7,9",7
Hostal Penalty,189209,NA,Valencia,1,1,€ 85,2019/08/26,2019/08/27,1,"7,9",7
El 16 Ruzafa,865461,Apartamentos,Valencia,1,1,€ 89,2019/08/26,2019/08/27,0,"7,7",7
Apartments Abate 4,2848648,Apartamentos,Valencia,1,1,€ 101,2019/08/26,2019/08/27,0,"9,1",7
Atico Loft Ruzafa,3152977,Apartamento,Valencia,1,1,NA,2019/08/26,2019/08/27,0,"9,7",7
HQ Rooms Apartments San Vicente,2894429,Apartamentos,Valencia,1,1,€ 104,2019/08/26,2019/08/27,0,"9,3",7
apartamento las torres-botanico,4694090,Apartamento,Valencia,1,1,€ 105,2019/08/26,2019/08/27,0,9,7
Teixidors de Palomar,2639791,Apartamentos,Valencia,1,1,€ 109,2019/08/26,2019/08/27,0,"9,4",7
Palau de Palomar,471283,Apartamentos,Valencia,1,1,€ 109,2019/08/26,2019/08/27,0,"9,1",7
OttoH Charm Stay,2459807,NA,Valencia,1,1,€ 109,2019/08/26,2019/08/27,0,"9,3",7
MÍ casa YOUR HOME,3328967,Apartamento,Valencia,1,1,€ 110,2019/08/26,2019/08/27,0,"9,2",7
Apartamento en la Ciudad de las Artes y las Ciencias,3552283,Apartamento,Valencia,1,1,NA,2019/08/26,2019/08/27,0,"9,5",7
Valenciaflats Centro Ciudad,18544,Apartamentos,Valencia,1,1,€ 110,2019/08/26,2019/08/27,0,"9,1",7
Dolz Garden Ruzafa,1123993,Apartamentos,Valencia,1,1,€ 110,2019/08/26,2019/08/27,0,"9,2",7
Hi Valencia Cánovas,4312120,Apartamentos,Valencia,1,1,€ 114,2019/08/26,2019/08/27,0,"9,1",7
RUZAFA. Nice apartment and Terrace.,4368595,Apartamento,Valencia,1,1,€ 115,2019/08/26,2019/08/27,0,"9,3",7
MD Design Hotel - Portal del Real,2391685,NA,Valencia,1,1,€ 115,2019/08/26,2019/08/27,2,"9,1",7
Catalonia Excelsior,90578,NA,Valencia,1,1,€ 120,2019/08/26,2019/08/27,3,"8,7",7
APARTAMENTO JUNTO AL RÍO TURIA,3950182,Apartamento,Valencia,1,1,€ 120,2019/08/26,2019/08/27,0,"8,5",7
Vincci Palace,94163,NA,Valencia,1,1,€ 120,2019/08/26,2019/08/27,4,"8,6",7
Tranquilo Apartamento En Plaza Cisneros,3127388,Apartamento,Valencia,1,1,€ 122,2019/08/26,2019/08/27,0,"8,8",7
Hotel Mediterraneo Valencia,92412,NA,Valencia,1,1,€ 124,2019/08/26,2019/08/27,3,"8,8",7
Vincci Lys,91183,NA,Valencia,1,1,€ 125,2019/08/26,2019/08/27,4,"8,9",7
Perla Apartments,3146781,Apartamentos,Valencia,1,1,€ 126,2019/08/26,2019/08/27,0,"8,8",7
Cozy apartment in Valencia center,3402135,Apartamentos,Valencia,1,1,€ 119,2019/08/26,2019/08/27,0,"9,2",7
Apartamentos Wallace,1698355,Apartamentos,Valencia,1,1,€ 120,2019/08/26,2019/08/27,0,"9,2",7
Friendly Rentals Schubert,1634221,Apartamentos,Valencia,1,1,€ 120,2019/08/26,2019/08/27,0,9,7
Valencia-Ruzafa Studio,3235983,Apartamento,Valencia,1,1,€ 120,2019/08/26,2019/08/27,0,"9,1",7
Mediterranean Flats Plaza Redonda,4086496,Apartamentos,Valencia,1,1,€ 123,2019/08/26,2019/08/27,0,"9,2",7
Flatsforyou Carmen,593824,Apartamentos,Valencia,1,1,€ 125,2019/08/26,2019/08/27,0,"9,1",7
Olvida tu Reloj Congresos Apartment,2448036,Apartamento,Valencia,1,1,€ 126,2019/08/26,2019/08/27,0,"9,2",7
Apartamento Ruzafa Centro I,2006333,Apartamento,Valencia,1,1,€ 127,2019/08/26,2019/08/27,0,"9,2",7
Center City Flats,861452,Apartamentos,Valencia,1,1,€ 128,2019/08/26,2019/08/27,0,"9,1",7
Vincci Mercat,1279484,NA,Valencia,1,1,€ 129,2019/08/26,2019/08/27,4,9,7
One Shot Palacio Reina Victoria 04,90885,NA,Valencia,1,1,€ 129,2019/08/26,2019/08/27,4,"8,6",7
Flatsforyou Ruzafa,3342696,Apartamentos,Valencia,1,1,€ 129,2019/08/26,2019/08/27,0,"8,8",7
BUBUFLATS Mossén,1141763,Apartamentos,Valencia,1,1,€ 130,2019/08/26,2019/08/27,0,"8,9",7
Apartments Madrina,3278589,Apartamentos,Valencia,1,1,€ 131,2019/08/26,2019/08/27,0,"8,9",7
Flatsforyou Mercat,1367507,Apartamentos,Valencia,1,1,€ 136,2019/08/26,2019/08/27,3,"8,9",7
Hotel Valencia Oceanic Managed by Melia Hotels International,91522,NA,Valencia,1,1,€ 138,2019/08/26,2019/08/27,4,"8,6",7
Flatsforyou Sorolla House,403442,Apartamentos,Valencia,1,1,€ 140,2019/08/26,2019/08/27,0,"8,6",7
Flatsforyou Turia,312207,Apartamentos,Valencia,1,1,€ 140,2019/08/26,2019/08/27,0,"8,8",7
SH Valencia Palace,91497,NA,Valencia,1,1,€ 145,2019/08/26,2019/08/27,5,"8,5",7
One Shot Mercat 09,2274203,NA,Valencia,1,1,€ 129,2019/08/26,2019/08/27,4,"9,1",7
Apartamentos Valencia - Peset Aleixandre 135- FREE WI-FI,4262488,Apartamentos,Valencia,1,1,€ 129,2019/08/26,2019/08/27,0,"9,1",7
BUBUSUITES by Bubuflats,2389776,NA,Valencia,1,1,€ 130,2019/08/26,2019/08/27,0,"9,3",7
